time_ns,rg_A
0.000000000000000000e+00,1.688171889548329219e+01
1.000000000000000021e-03,1.691126882288153155e+01
2.000000000000000042e-03,1.683716951132553064e+01
3.000000000000000062e-03,1.688606868859525534e+01
4.000000000000000083e-03,1.690577635703835924e+01
5.000000000000000104e-03,1.694696321116382620e+01
6.000000000000000125e-03,1.694828705318373352e+01
7.000000000000000146e-03,1.690856937928343484e+01
8.000000000000000167e-03,1.686998921554133091e+01
8.999999999999999320e-03,1.686464798083232708e+01
1.000000000000000021e-02,1.688797635957056542e+01
1.099999999999999936e-02,1.685043255389753369e+01
1.200000000000000025e-02,1.694355097485305350e+01
1.299999999999999940e-02,1.689115278872083437e+01
1.400000000000000029e-02,1.689648130861592890e+01
1.499999999999999944e-02,1.690722889091934888e+01
1.600000000000000033e-02,1.688610654800982758e+01
1.700000000000000122e-02,1.694057475452471451e+01
1.799999999999999864e-02,1.688159254325530512e+01
1.899999999999999953e-02,1.685049280539156058e+01
2.000000000000000042e-02,1.691401651728556033e+01
2.100000000000000130e-02,1.690598434118007276e+01
2.199999999999999872e-02,1.687662247279997629e+01
2.299999999999999961e-02,1.695789915968096295e+01
2.400000000000000050e-02,1.688921393399096615e+01
2.500000000000000139e-02,1.691590321136937547e+01
2.599999999999999881e-02,1.686591203206524625e+01
2.699999999999999969e-02,1.689247264634471435e+01
2.800000000000000058e-02,1.687012420873239193e+01
2.900000000000000147e-02,1.694351230971441780e+01
2.999999999999999889e-02,1.695342131077548586e+01
3.099999999999999978e-02,1.692018931595901066e+01
3.200000000000000067e-02,1.688673775499085394e+01
3.300000000000000155e-02,1.691965263447744761e+01
3.400000000000000244e-02,1.692926463817807203e+01
3.500000000000000333e-02,1.691655332301135317e+01
3.599999999999999728e-02,1.683677936619112714e+01
3.699999999999999817e-02,1.691336515954226272e+01
3.799999999999999906e-02,1.689527253555295516e+01
3.899999999999999994e-02,1.690810049883364385e+01
4.000000000000000083e-02,1.687536077460692496e+01
4.100000000000000172e-02,1.693176738717847840e+01
4.200000000000000261e-02,1.685690306053328058e+01
4.299999999999999656e-02,1.689117191792269068e+01
4.399999999999999745e-02,1.690615769077468755e+01
4.499999999999999833e-02,1.688776487361205270e+01
4.599999999999999922e-02,1.688349312046352324e+01
4.700000000000000011e-02,1.691151178119183029e+01
4.800000000000000100e-02,1.685011294447652119e+01
4.900000000000000189e-02,1.696562375727263827e+01
5.000000000000000278e-02,1.690115474310184851e+01
5.099999999999999672e-02,1.692264393808150658e+01
5.199999999999999761e-02,1.693851876686638036e+01
5.299999999999999850e-02,1.687101927914777022e+01
5.399999999999999939e-02,1.686549061971368246e+01
5.500000000000000028e-02,1.684677483098952422e+01
5.600000000000000117e-02,1.685616005983649046e+01
5.700000000000000205e-02,1.691680724517510015e+01
5.800000000000000294e-02,1.694718662676296361e+01
5.899999999999999689e-02,1.690015171636616742e+01
5.999999999999999778e-02,1.687245292080045189e+01
6.099999999999999867e-02,1.685533803037288081e+01
6.199999999999999956e-02,1.692010171465291890e+01
6.300000000000000044e-02,1.683621053977489268e+01
6.400000000000000133e-02,1.688493034958660388e+01
6.500000000000000222e-02,1.687332790712508768e+01
6.600000000000000311e-02,1.688297966299655073e+01
6.700000000000000400e-02,1.681633332374413925e+01
6.800000000000000488e-02,1.692733898209123211e+01
6.900000000000000577e-02,1.685559756115000951e+01
7.000000000000000666e-02,1.691484904814780421e+01
7.099999999999999367e-02,1.692855510270655373e+01
7.199999999999999456e-02,1.689591536687247597e+01
7.299999999999999545e-02,1.694219938004508919e+01
7.399999999999999634e-02,1.698785373646660801e+01
7.499999999999999722e-02,1.694304050852968402e+01
7.599999999999999811e-02,1.688123684671116820e+01
7.699999999999999900e-02,1.688095661712910456e+01
7.799999999999999989e-02,1.690143433530498029e+01
7.900000000000000078e-02,1.692676041179229784e+01
8.000000000000000167e-02,1.696114344558336029e+01
8.100000000000000255e-02,1.693701961026892988e+01
8.200000000000000344e-02,1.695731597021841708e+01
8.300000000000000433e-02,1.693908994400201706e+01
8.400000000000000522e-02,1.695951855866494284e+01
8.500000000000000611e-02,1.701471845916621461e+01
8.599999999999999312e-02,1.695362252207570819e+01
8.699999999999999400e-02,1.702470392532334387e+01
8.799999999999999489e-02,1.693926798309356130e+01
8.899999999999999578e-02,1.696732713511707402e+01
8.999999999999999667e-02,1.703173752446918243e+01
9.099999999999999756e-02,1.699165326040087365e+01
9.199999999999999845e-02,1.693169213495875169e+01
9.299999999999999933e-02,1.695177872591925450e+01
9.400000000000000022e-02,1.693286554241878150e+01
9.500000000000000111e-02,1.699443822647836200e+01
9.600000000000000200e-02,1.705176067910529625e+01
9.700000000000000289e-02,1.702837012072660627e+01
9.800000000000000377e-02,1.706185639624957062e+01
9.900000000000000466e-02,1.698656933001293368e+01
1.000000000000000056e-01,1.704130992560948599e+01
1.010000000000000064e-01,1.699703199379187168e+01
1.019999999999999934e-01,1.704628062998760996e+01
1.029999999999999943e-01,1.702087311728200092e+01
1.039999999999999952e-01,1.693569459119862586e+01
1.049999999999999961e-01,1.701949804936236887e+01
1.059999999999999970e-01,1.701388728008777562e+01
1.069999999999999979e-01,1.698539724003338591e+01
1.079999999999999988e-01,1.694585119121265748e+01
1.089999999999999997e-01,1.699605305214279127e+01
1.100000000000000006e-01,1.700270340698349969e+01
1.110000000000000014e-01,1.699465375470407125e+01
1.120000000000000023e-01,1.699029988337435881e+01
1.130000000000000032e-01,1.696881319008096867e+01
1.140000000000000041e-01,1.701973590404749359e+01
1.150000000000000050e-01,1.697171575893491635e+01
1.160000000000000059e-01,1.702875888859162856e+01
1.170000000000000068e-01,1.699180732023419438e+01
1.179999999999999938e-01,1.695313031624363376e+01
1.189999999999999947e-01,1.702139870797797983e+01
1.199999999999999956e-01,1.697147369577446341e+01
1.209999999999999964e-01,1.707370604833081273e+01
1.219999999999999973e-01,1.695447767534864880e+01
1.229999999999999982e-01,1.696902773553642874e+01
1.239999999999999991e-01,1.702465934179367224e+01
1.250000000000000000e-01,1.700600031326242956e+01
1.260000000000000009e-01,1.701768869605313128e+01
1.270000000000000018e-01,1.697030130237728685e+01
1.280000000000000027e-01,1.696680392575501983e+01
1.290000000000000036e-01,1.696511056438738763e+01
1.300000000000000044e-01,1.696039228634313645e+01
1.310000000000000053e-01,1.703523283583315617e+01
1.320000000000000062e-01,1.695224284219164446e+01
1.330000000000000071e-01,1.694469080822438301e+01
1.340000000000000080e-01,1.697396623552439010e+01
1.350000000000000089e-01,1.693450415756514360e+01
1.360000000000000098e-01,1.697291044303207741e+01
1.370000000000000107e-01,1.692822526102635905e+01
1.380000000000000115e-01,1.694856120086834039e+01
1.390000000000000124e-01,1.703449799547032484e+01
1.400000000000000133e-01,1.700120157465148196e+01
1.409999999999999865e-01,1.698569483986111095e+01
1.419999999999999873e-01,1.697566709489994352e+01
1.429999999999999882e-01,1.690302694385984594e+01
1.439999999999999891e-01,1.690970441525061574e+01
1.449999999999999900e-01,1.696742701180505364e+01
1.459999999999999909e-01,1.698591848334099197e+01
1.469999999999999918e-01,1.690229386101126963e+01
1.479999999999999927e-01,1.690451847039044253e+01
1.489999999999999936e-01,1.693949269283190517e+01
1.499999999999999944e-01,1.697664863759617759e+01
1.509999999999999953e-01,1.697590327874951655e+01
1.519999999999999962e-01,1.694504450129290873e+01
1.529999999999999971e-01,1.697164898123597965e+01
1.539999999999999980e-01,1.689911670114495479e+01
1.549999999999999989e-01,1.698740799160741588e+01
1.559999999999999998e-01,1.690470746483290654e+01
1.570000000000000007e-01,1.688958094609090921e+01
1.580000000000000016e-01,1.694000753927270608e+01
1.590000000000000024e-01,1.694269461494373274e+01
1.600000000000000033e-01,1.690604934369980583e+01
1.610000000000000042e-01,1.695637963742634113e+01
1.620000000000000051e-01,1.693977102819772895e+01
1.630000000000000060e-01,1.693991186906035651e+01
1.640000000000000069e-01,1.696618271734889305e+01
1.650000000000000078e-01,1.693381129454987288e+01
1.660000000000000087e-01,1.693497277124833644e+01
1.670000000000000095e-01,1.695410029829416843e+01
1.680000000000000104e-01,1.694719958043530994e+01
1.690000000000000113e-01,1.692848977434539393e+01
1.700000000000000122e-01,1.691522539937186309e+01
1.710000000000000131e-01,1.693113504904421518e+01
1.719999999999999862e-01,1.691102884715502697e+01
1.729999999999999871e-01,1.690365669105932511e+01
1.739999999999999880e-01,1.691427023509616134e+01
1.749999999999999889e-01,1.700237199214874551e+01
1.759999999999999898e-01,1.694021402184814207e+01
1.769999999999999907e-01,1.691720340039060844e+01
1.779999999999999916e-01,1.693085290506424201e+01
1.789999999999999925e-01,1.691119576075713482e+01
1.799999999999999933e-01,1.693402522855486225e+01
1.809999999999999942e-01,1.688223885828329074e+01
1.819999999999999951e-01,1.699070698506549704e+01
1.829999999999999960e-01,1.693245996738457393e+01
1.839999999999999969e-01,1.697809340455128080e+01
1.849999999999999978e-01,1.693915866019069227e+01
1.859999999999999987e-01,1.691210200107151351e+01
1.869999999999999996e-01,1.697316319536931672e+01
1.880000000000000004e-01,1.692450418973404069e+01
1.890000000000000013e-01,1.697640222102892693e+01
1.900000000000000022e-01,1.694450378734261520e+01
1.910000000000000031e-01,1.694962024985163751e+01
1.920000000000000040e-01,1.693920264860101099e+01
1.930000000000000049e-01,1.689944252863734420e+01
1.940000000000000058e-01,1.684866563707068821e+01
1.950000000000000067e-01,1.692865399961686634e+01
1.960000000000000075e-01,1.689521574137537385e+01
1.970000000000000084e-01,1.693758348725410556e+01
1.980000000000000093e-01,1.698210011862462565e+01
1.990000000000000102e-01,1.694649484121593375e+01
2.000000000000000111e-01,1.690727394707562681e+01
2.010000000000000120e-01,1.690745078142106195e+01
2.020000000000000129e-01,1.690192375235273303e+01
2.030000000000000138e-01,1.696107031983225966e+01
2.039999999999999869e-01,1.691624525016943537e+01
2.049999999999999878e-01,1.689538705424733678e+01
2.059999999999999887e-01,1.692901432428033104e+01
2.069999999999999896e-01,1.692955653790243886e+01
2.079999999999999905e-01,1.691005563025430192e+01
2.089999999999999913e-01,1.690860051493321237e+01
2.099999999999999922e-01,1.696630577331333711e+01
2.109999999999999931e-01,1.690605663706497097e+01
2.119999999999999940e-01,1.690282633375213805e+01
2.129999999999999949e-01,1.688354812337498956e+01
2.139999999999999958e-01,1.692682120719073779e+01
2.149999999999999967e-01,1.697370384537032706e+01
2.159999999999999976e-01,1.685145071704410569e+01
2.169999999999999984e-01,1.699708524362534945e+01
2.179999999999999993e-01,1.690111557965653333e+01
2.190000000000000002e-01,1.705461051396266825e+01
2.200000000000000011e-01,1.693086224560648034e+01
2.210000000000000020e-01,1.700546482075351662e+01
2.220000000000000029e-01,1.695506734736735766e+01
2.230000000000000038e-01,1.697111916065797388e+01
2.240000000000000047e-01,1.699394045718018020e+01
2.250000000000000056e-01,1.695350963880196105e+01
2.260000000000000064e-01,1.694912110315237186e+01
2.270000000000000073e-01,1.691518990091239516e+01
2.280000000000000082e-01,1.690826125749565279e+01
2.290000000000000091e-01,1.696107183047388745e+01
2.300000000000000100e-01,1.689172123162558847e+01
2.310000000000000109e-01,1.697388706438593786e+01
2.320000000000000118e-01,1.695537529987905501e+01
2.330000000000000127e-01,1.689318702523894444e+01
2.340000000000000135e-01,1.688808223012361864e+01
2.349999999999999867e-01,1.689924228247232207e+01
2.359999999999999876e-01,1.688259066691454180e+01
2.369999999999999885e-01,1.700972286762636543e+01
2.379999999999999893e-01,1.694004103637385228e+01
2.389999999999999902e-01,1.696983148558790688e+01
2.399999999999999911e-01,1.698856289440173128e+01
2.409999999999999920e-01,1.696220227200513264e+01
2.419999999999999929e-01,1.696833119058658212e+01
2.429999999999999938e-01,1.703210171988234123e+01
2.439999999999999947e-01,1.696593944716938296e+01
2.449999999999999956e-01,1.698747436685805923e+01
2.459999999999999964e-01,1.698704421740945492e+01
2.469999999999999973e-01,1.698537019638628109e+01
2.479999999999999982e-01,1.696721089452313791e+01
2.489999999999999991e-01,1.700720089571532512e+01
2.500000000000000000e-01,1.695956376710155311e+01
2.510000000000000009e-01,1.697161621427402878e+01
2.520000000000000018e-01,1.696844506933157604e+01
2.530000000000000027e-01,1.695997036612514819e+01
2.540000000000000036e-01,1.686638517707447704e+01
2.550000000000000044e-01,1.695679804335071239e+01
2.560000000000000053e-01,1.694518650202955712e+01
2.570000000000000062e-01,1.700475164956679919e+01
2.580000000000000071e-01,1.698862912192232599e+01
2.590000000000000080e-01,1.703856948615855771e+01
2.600000000000000089e-01,1.697443491819491257e+01
2.610000000000000098e-01,1.703032869325771514e+01
2.620000000000000107e-01,1.706844268595597214e+01
2.630000000000000115e-01,1.699671867851528617e+01
2.640000000000000124e-01,1.698228541284621329e+01
2.650000000000000133e-01,1.693933855200063476e+01
2.660000000000000142e-01,1.702078340006211477e+01
2.670000000000000151e-01,1.703147211974111741e+01
2.680000000000000160e-01,1.700440935330288994e+01
2.690000000000000169e-01,1.697917912627235992e+01
2.700000000000000178e-01,1.703990163036450056e+01
2.710000000000000187e-01,1.699883470749877645e+01
2.720000000000000195e-01,1.699202512213524940e+01
2.730000000000000204e-01,1.695435814362978277e+01
2.740000000000000213e-01,1.691195637172521771e+01
2.750000000000000222e-01,1.693806863447629141e+01
2.760000000000000231e-01,1.690917321071504276e+01
2.770000000000000240e-01,1.700681915018347112e+01
2.780000000000000249e-01,1.692965551153592685e+01
2.790000000000000258e-01,1.703729605194473962e+01
2.800000000000000266e-01,1.699278202153985973e+01
2.810000000000000275e-01,1.694690307337143409e+01
2.819999999999999729e-01,1.700029989168108813e+01
2.829999999999999738e-01,1.703580517352240520e+01
2.839999999999999747e-01,1.691890374680635034e+01
2.849999999999999756e-01,1.694529803129620404e+01
2.859999999999999765e-01,1.693779177919795842e+01
2.869999999999999774e-01,1.694512961224494418e+01
2.879999999999999782e-01,1.700757434852636507e+01
2.889999999999999791e-01,1.692204181886172520e+01
2.899999999999999800e-01,1.699133487294581357e+01
2.909999999999999809e-01,1.694801202950977981e+01
2.919999999999999818e-01,1.692398444674343594e+01
2.929999999999999827e-01,1.694679443936862739e+01
2.939999999999999836e-01,1.695957840265334937e+01
2.949999999999999845e-01,1.695561521599236698e+01
2.959999999999999853e-01,1.696680287410017840e+01
2.969999999999999862e-01,1.693319767027022493e+01
2.979999999999999871e-01,1.704444230191539589e+01
2.989999999999999880e-01,1.694434248178529856e+01
2.999999999999999889e-01,1.690922154521492615e+01
3.009999999999999898e-01,1.693611161624714967e+01
3.019999999999999907e-01,1.694964134109067189e+01
3.029999999999999916e-01,1.691071507280500441e+01
3.039999999999999925e-01,1.690220109800478454e+01
3.049999999999999933e-01,1.699959217581429272e+01
3.059999999999999942e-01,1.692100772441952472e+01
3.069999999999999951e-01,1.695371427414505305e+01
3.079999999999999960e-01,1.688116689209352472e+01
3.089999999999999969e-01,1.697814921817516165e+01
3.099999999999999978e-01,1.688626123017596825e+01
3.109999999999999987e-01,1.688411992622148716e+01
3.119999999999999996e-01,1.696821911003825534e+01
3.130000000000000004e-01,1.697116203174094906e+01
3.140000000000000013e-01,1.696979410431296387e+01
3.150000000000000022e-01,1.701956428846780867e+01
3.160000000000000031e-01,1.697263488018980482e+01
3.170000000000000040e-01,1.701266417054716484e+01
3.180000000000000049e-01,1.704499378284467426e+01
3.190000000000000058e-01,1.706917951158970581e+01
3.200000000000000067e-01,1.704299123856399234e+01
3.210000000000000075e-01,1.709181646120523723e+01
3.220000000000000084e-01,1.696794376904352220e+01
3.230000000000000093e-01,1.697869307443908937e+01
3.240000000000000102e-01,1.700228587273387504e+01
3.250000000000000111e-01,1.699905258456612955e+01
3.260000000000000120e-01,1.697930230258105055e+01
3.270000000000000129e-01,1.705361508713476937e+01
3.280000000000000138e-01,1.700131140261909835e+01
3.290000000000000147e-01,1.702429489556563880e+01
3.300000000000000155e-01,1.699388521295992049e+01
3.310000000000000164e-01,1.698255385735903999e+01
3.320000000000000173e-01,1.702766676041341753e+01
3.330000000000000182e-01,1.704008682106264772e+01
3.340000000000000191e-01,1.704690220465533201e+01
3.350000000000000200e-01,1.702207469958920782e+01
3.360000000000000209e-01,1.698170248035295415e+01
3.370000000000000218e-01,1.703663122695926546e+01
3.380000000000000226e-01,1.701881691461427337e+01
3.390000000000000235e-01,1.702352527635389379e+01
3.400000000000000244e-01,1.703474060558752967e+01
3.410000000000000253e-01,1.697412530745194914e+01
3.420000000000000262e-01,1.704184685764568741e+01
3.430000000000000271e-01,1.701651823355550519e+01
3.439999999999999725e-01,1.701727687669995959e+01
3.449999999999999734e-01,1.702856479055250460e+01
3.459999999999999742e-01,1.696717494598401288e+01
3.469999999999999751e-01,1.696607433050156644e+01
3.479999999999999760e-01,1.700184835630037483e+01
3.489999999999999769e-01,1.694944630087391957e+01
3.499999999999999778e-01,1.692284297433294782e+01
3.509999999999999787e-01,1.697812928261283361e+01
3.519999999999999796e-01,1.698841869158625784e+01
3.529999999999999805e-01,1.695799196900583183e+01
3.539999999999999813e-01,1.694819886988949520e+01
3.549999999999999822e-01,1.699916528251446124e+01
3.559999999999999831e-01,1.700907501969953728e+01
3.569999999999999840e-01,1.698671781543401949e+01
3.579999999999999849e-01,1.703790363841240563e+01
3.589999999999999858e-01,1.703012214365202937e+01
3.599999999999999867e-01,1.698749453020256794e+01
3.609999999999999876e-01,1.698217258713205524e+01
3.619999999999999885e-01,1.703694281671756272e+01
3.629999999999999893e-01,1.693720091094815317e+01
3.639999999999999902e-01,1.698849785894365283e+01
3.649999999999999911e-01,1.698613361711571201e+01
3.659999999999999920e-01,1.692913523066708592e+01
3.669999999999999929e-01,1.696842412964384295e+01
3.679999999999999938e-01,1.698404290125359495e+01
3.689999999999999947e-01,1.699052795770252189e+01
3.699999999999999956e-01,1.697675724591164581e+01
3.709999999999999964e-01,1.692534681108472228e+01
3.719999999999999973e-01,1.694422879098698331e+01
3.729999999999999982e-01,1.697216092263175824e+01
3.739999999999999991e-01,1.692654130112038757e+01
3.750000000000000000e-01,1.696822286948874137e+01
3.760000000000000009e-01,1.694732186117179751e+01
3.770000000000000018e-01,1.697330543113232793e+01
3.780000000000000027e-01,1.693933569641103887e+01
3.790000000000000036e-01,1.692959662021435818e+01
3.800000000000000044e-01,1.685143170085552100e+01
3.810000000000000053e-01,1.697200023063255969e+01
3.820000000000000062e-01,1.695413201999240727e+01
3.830000000000000071e-01,1.695689351531132161e+01
3.840000000000000080e-01,1.692276558920713470e+01
3.850000000000000089e-01,1.703009818406459175e+01
3.860000000000000098e-01,1.699666382278637400e+01
3.870000000000000107e-01,1.698733903536188805e+01
3.880000000000000115e-01,1.702222705567585592e+01
3.890000000000000124e-01,1.690271934730179382e+01
3.900000000000000133e-01,1.696116470166601076e+01
3.910000000000000142e-01,1.695551160511995903e+01
3.920000000000000151e-01,1.702096004995636847e+01
3.930000000000000160e-01,1.697071039722561991e+01
3.940000000000000169e-01,1.697348394180726316e+01
3.950000000000000178e-01,1.698385450989406564e+01
3.960000000000000187e-01,1.706596189145151499e+01
3.970000000000000195e-01,1.696874172710748496e+01
3.980000000000000204e-01,1.701310073567404757e+01
3.990000000000000213e-01,1.690343187255796664e+01
4.000000000000000222e-01,1.697587373851313330e+01
4.010000000000000231e-01,1.697313939955365925e+01
4.020000000000000240e-01,1.694170896162322393e+01
4.030000000000000249e-01,1.704908289042818836e+01
4.040000000000000258e-01,1.694779682524684006e+01
4.050000000000000266e-01,1.698445661258644890e+01
4.060000000000000275e-01,1.698287377005532051e+01
4.069999999999999729e-01,1.701790067228121472e+01
4.079999999999999738e-01,1.699578777142124153e+01
4.089999999999999747e-01,1.702118607862824717e+01
4.099999999999999756e-01,1.702202789558550933e+01
4.109999999999999765e-01,1.697842344924986691e+01
4.119999999999999774e-01,1.701652025127081203e+01
4.129999999999999782e-01,1.703983505482973371e+01
4.139999999999999791e-01,1.702507270100950620e+01
4.149999999999999800e-01,1.705376149653383067e+01
4.159999999999999809e-01,1.710423074173450431e+01
4.169999999999999818e-01,1.700688761938296878e+01
4.179999999999999827e-01,1.704817091794523876e+01
4.189999999999999836e-01,1.700483543246734897e+01
4.199999999999999845e-01,1.700976175260580447e+01
4.209999999999999853e-01,1.706734598458584173e+01
4.219999999999999862e-01,1.706378292742737912e+01
4.229999999999999871e-01,1.699648941603475549e+01
4.239999999999999880e-01,1.705429511804243603e+01
4.249999999999999889e-01,1.699919388664464748e+01
4.259999999999999898e-01,1.696931736375213973e+01
4.269999999999999907e-01,1.695080348475284993e+01
4.279999999999999916e-01,1.698354235449725280e+01
4.289999999999999925e-01,1.693637071771683011e+01
4.299999999999999933e-01,1.696228281876503985e+01
4.309999999999999942e-01,1.698586506365078819e+01
4.319999999999999951e-01,1.695045097149658275e+01
4.329999999999999960e-01,1.700797922401866558e+01
4.339999999999999969e-01,1.690701143037001941e+01
4.349999999999999978e-01,1.690840772841175621e+01
4.359999999999999987e-01,1.696441922935866131e+01
4.369999999999999996e-01,1.693322773875345177e+01
4.380000000000000004e-01,1.697835896527745447e+01
4.390000000000000013e-01,1.699024795783813957e+01
4.400000000000000022e-01,1.697922766274859541e+01
4.410000000000000031e-01,1.699862882687348176e+01
4.420000000000000040e-01,1.698587477578298177e+01
4.430000000000000049e-01,1.702126067172604351e+01
4.440000000000000058e-01,1.695688216345952171e+01
4.450000000000000067e-01,1.696961374006352585e+01
4.460000000000000075e-01,1.699619561423045511e+01
4.470000000000000084e-01,1.696992352725566278e+01
4.480000000000000093e-01,1.698061769026934797e+01
4.490000000000000102e-01,1.696741323226669351e+01
4.500000000000000111e-01,1.699871095206622584e+01
4.510000000000000120e-01,1.697674425155486588e+01
4.520000000000000129e-01,1.689715096866573418e+01
4.530000000000000138e-01,1.692128628527964906e+01
4.540000000000000147e-01,1.691282820013905308e+01
4.550000000000000155e-01,1.691181173925293990e+01
4.560000000000000164e-01,1.696091469021123288e+01
4.570000000000000173e-01,1.698026994480731489e+01
4.580000000000000182e-01,1.695060253188551869e+01
4.590000000000000191e-01,1.700184440833132982e+01
4.600000000000000200e-01,1.692940397203759062e+01
4.610000000000000209e-01,1.694585640318266329e+01
4.620000000000000218e-01,1.690390659864263512e+01
4.630000000000000226e-01,1.697843018167518636e+01
4.640000000000000235e-01,1.699035613644688425e+01
4.650000000000000244e-01,1.696586763815874832e+01
4.660000000000000253e-01,1.695447805474353942e+01
4.670000000000000262e-01,1.697273540917775847e+01
4.680000000000000271e-01,1.697170341971331808e+01
4.689999999999999725e-01,1.693993249421367153e+01
4.699999999999999734e-01,1.694629285292244703e+01
4.709999999999999742e-01,1.700350167635060217e+01
4.719999999999999751e-01,1.692361089138801589e+01
4.729999999999999760e-01,1.689356532385797749e+01
4.739999999999999769e-01,1.694159884598213495e+01
4.749999999999999778e-01,1.695185031398538200e+01
4.759999999999999787e-01,1.692283236533015867e+01
4.769999999999999796e-01,1.691015161427079505e+01
4.779999999999999805e-01,1.691763439560241267e+01
4.789999999999999813e-01,1.695035782041352945e+01
4.799999999999999822e-01,1.693236967337605847e+01
4.809999999999999831e-01,1.686323752629776607e+01
4.819999999999999840e-01,1.701535320750630831e+01
4.829999999999999849e-01,1.693190432757749520e+01
4.839999999999999858e-01,1.693871388354083152e+01
4.849999999999999867e-01,1.698122733567555542e+01
4.859999999999999876e-01,1.696981859133887127e+01
4.869999999999999885e-01,1.691679531854230589e+01
4.879999999999999893e-01,1.699500608302051674e+01
4.889999999999999902e-01,1.690487749320996613e+01
4.899999999999999911e-01,1.692235339678865103e+01
4.909999999999999920e-01,1.687341876485312397e+01
4.919999999999999929e-01,1.692987442761854666e+01
4.929999999999999938e-01,1.689073562251191873e+01
4.939999999999999947e-01,1.687486451921368058e+01
4.949999999999999956e-01,1.690023239055048165e+01
4.959999999999999964e-01,1.686767552461202513e+01
4.969999999999999973e-01,1.684072251498931649e+01
4.979999999999999982e-01,1.689044208873739450e+01
4.989999999999999991e-01,1.689637072697046705e+01
5.000000000000000000e-01,1.688062690780391861e+01
5.010000000000000009e-01,1.693548159795664176e+01
5.020000000000000018e-01,1.682298113745979151e+01
5.030000000000000027e-01,1.690848957665829744e+01
5.040000000000000036e-01,1.691097700046893948e+01
5.050000000000000044e-01,1.692457567952717312e+01
5.060000000000000053e-01,1.684431409885674213e+01
5.070000000000000062e-01,1.686034622752684342e+01
5.080000000000000071e-01,1.688589363772305418e+01
5.090000000000000080e-01,1.692844038040962573e+01
5.100000000000000089e-01,1.692875894780282309e+01
5.110000000000000098e-01,1.688984063752720743e+01
5.120000000000000107e-01,1.692174652793896428e+01
5.130000000000000115e-01,1.697399126848808493e+01
5.140000000000000124e-01,1.692367382878758519e+01
5.150000000000000133e-01,1.689983093264024205e+01
5.160000000000000142e-01,1.690152129264280134e+01
5.170000000000000151e-01,1.688320547800724469e+01
5.180000000000000160e-01,1.689178757043315571e+01
5.190000000000000169e-01,1.689772279565669066e+01
5.200000000000000178e-01,1.685108877246380388e+01
5.210000000000000187e-01,1.686460194139324642e+01
5.220000000000000195e-01,1.691155547622340549e+01
5.230000000000000204e-01,1.688301005882373218e+01
5.240000000000000213e-01,1.686889629104275556e+01
5.250000000000000222e-01,1.692305265577525120e+01
5.260000000000000231e-01,1.691926274583740053e+01
5.270000000000000240e-01,1.684688572840827092e+01
5.280000000000000249e-01,1.688405344863182478e+01
5.290000000000000258e-01,1.693139399772549325e+01
5.300000000000000266e-01,1.690109623068120470e+01
5.310000000000000275e-01,1.693986758433505813e+01
5.320000000000000284e-01,1.688058101947554945e+01
5.330000000000000293e-01,1.698655103694925472e+01
5.340000000000000302e-01,1.693800874966907344e+01
5.350000000000000311e-01,1.691494587610537792e+01
5.360000000000000320e-01,1.691450383540038516e+01
5.370000000000000329e-01,1.692424222685485802e+01
5.380000000000000338e-01,1.690614568438637377e+01
5.390000000000000346e-01,1.686460880037566312e+01
5.400000000000000355e-01,1.693548435227703663e+01
5.410000000000000364e-01,1.687837547446863340e+01
5.420000000000000373e-01,1.685028495980549934e+01
5.430000000000000382e-01,1.694555091409007375e+01
5.440000000000000391e-01,1.690967048177712684e+01
5.450000000000000400e-01,1.695188840662486740e+01
5.460000000000000409e-01,1.695625709432487227e+01
5.470000000000000417e-01,1.696310031744454960e+01
5.480000000000000426e-01,1.694449369697394303e+01
5.490000000000000435e-01,1.692950386208618951e+01
5.500000000000000444e-01,1.694095347441627553e+01
5.510000000000000453e-01,1.698562186518991979e+01
5.520000000000000462e-01,1.685727720700295507e+01
5.530000000000000471e-01,1.694848407584258254e+01
5.540000000000000480e-01,1.695896813592461072e+01
5.550000000000000488e-01,1.697434127324370934e+01
5.560000000000000497e-01,1.694636666939618408e+01
5.570000000000000506e-01,1.691814620057436258e+01
5.580000000000000515e-01,1.686781073797253683e+01
5.590000000000000524e-01,1.696976401189998640e+01
5.600000000000000533e-01,1.689210030331172163e+01
5.610000000000000542e-01,1.690155638457531850e+01
5.620000000000000551e-01,1.685034768505903457e+01
5.629999999999999449e-01,1.687128666624360207e+01
5.639999999999999458e-01,1.687160796351176018e+01
5.649999999999999467e-01,1.688753757586733784e+01
5.659999999999999476e-01,1.693634484491992964e+01
5.669999999999999485e-01,1.686637398696695556e+01
5.679999999999999494e-01,1.697094611442426881e+01
5.689999999999999503e-01,1.700175320274619395e+01
5.699999999999999512e-01,1.694082070770147652e+01
5.709999999999999520e-01,1.692030790383813255e+01
5.719999999999999529e-01,1.691798789213936516e+01
5.729999999999999538e-01,1.690771104002245551e+01
5.739999999999999547e-01,1.686815345364471597e+01
5.749999999999999556e-01,1.690249290766883306e+01
5.759999999999999565e-01,1.681000805182403468e+01
5.769999999999999574e-01,1.691524711572662198e+01
5.779999999999999583e-01,1.692098834947682562e+01
5.789999999999999591e-01,1.681838678713429758e+01
5.799999999999999600e-01,1.693582648973540827e+01
5.809999999999999609e-01,1.690439852886601813e+01
5.819999999999999618e-01,1.687126507505486472e+01
5.829999999999999627e-01,1.686832268273555258e+01
5.839999999999999636e-01,1.690339117758256648e+01
5.849999999999999645e-01,1.691649483878291704e+01
5.859999999999999654e-01,1.693786054660305851e+01
5.869999999999999662e-01,1.695740159418276960e+01
5.879999999999999671e-01,1.687760783106494955e+01
5.889999999999999680e-01,1.689250104270897879e+01
5.899999999999999689e-01,1.686547739876572649e+01
5.909999999999999698e-01,1.688715926832740166e+01
5.919999999999999707e-01,1.692912312182788526e+01
5.929999999999999716e-01,1.688100010660537365e+01
5.939999999999999725e-01,1.689602340346960929e+01
5.949999999999999734e-01,1.697039396721756432e+01
5.959999999999999742e-01,1.695709561162970402e+01
5.969999999999999751e-01,1.686319094282376341e+01
5.979999999999999760e-01,1.689348429607287727e+01
5.989999999999999769e-01,1.689638578486306031e+01
5.999999999999999778e-01,1.696881723625948268e+01
6.009999999999999787e-01,1.686714707826050130e+01
6.019999999999999796e-01,1.686945760717861376e+01
6.029999999999999805e-01,1.691190434431534229e+01
6.039999999999999813e-01,1.691355435798406148e+01
6.049999999999999822e-01,1.692215173939581518e+01
6.059999999999999831e-01,1.689411400957804332e+01
6.069999999999999840e-01,1.691936531151066703e+01
6.079999999999999849e-01,1.688237960429028561e+01
6.089999999999999858e-01,1.688901728928618340e+01
6.099999999999999867e-01,1.685108893700028077e+01
6.109999999999999876e-01,1.695126804956321820e+01
6.119999999999999885e-01,1.693023423047166176e+01
6.129999999999999893e-01,1.683310187232347133e+01
6.139999999999999902e-01,1.690922715229789119e+01
6.149999999999999911e-01,1.687754594577627643e+01
6.159999999999999920e-01,1.695441425441264016e+01
6.169999999999999929e-01,1.686259572966961073e+01
6.179999999999999938e-01,1.687513750507906707e+01
6.189999999999999947e-01,1.691169333800021235e+01
6.199999999999999956e-01,1.687581273255793235e+01
6.209999999999999964e-01,1.688536098607458058e+01
6.219999999999999973e-01,1.700100612202302841e+01
6.229999999999999982e-01,1.696340987700810388e+01
6.239999999999999991e-01,1.685862047103267969e+01
6.250000000000000000e-01,1.696316943260003285e+01
6.260000000000000009e-01,1.695858991553420836e+01
6.270000000000000018e-01,1.698997556251295649e+01
6.280000000000000027e-01,1.690926481423209182e+01
6.290000000000000036e-01,1.691370071173345835e+01
6.300000000000000044e-01,1.694397984742790442e+01
6.310000000000000053e-01,1.686392501602003335e+01
6.320000000000000062e-01,1.693148353055559596e+01
6.330000000000000071e-01,1.694830438085898550e+01
6.340000000000000080e-01,1.692285052161478731e+01
6.350000000000000089e-01,1.692868779391298872e+01
6.360000000000000098e-01,1.699442197710859048e+01
6.370000000000000107e-01,1.695527990318319667e+01
6.380000000000000115e-01,1.694145237354998201e+01
6.390000000000000124e-01,1.689328523628469725e+01
6.400000000000000133e-01,1.691784016362903742e+01
6.410000000000000142e-01,1.692204605449734345e+01
6.420000000000000151e-01,1.689775051625230518e+01
6.430000000000000160e-01,1.686963200683723230e+01
6.440000000000000169e-01,1.694324672325658909e+01
6.450000000000000178e-01,1.695972017802299803e+01
6.460000000000000187e-01,1.688701277276284074e+01
6.470000000000000195e-01,1.696677727026652960e+01
6.480000000000000204e-01,1.694410503553180547e+01
6.490000000000000213e-01,1.691578677897667404e+01
6.500000000000000222e-01,1.686612439745689329e+01
6.510000000000000231e-01,1.691362854734721566e+01
6.520000000000000240e-01,1.691123091136219614e+01
6.530000000000000249e-01,1.694034180910346166e+01
6.540000000000000258e-01,1.691308993102459368e+01
6.550000000000000266e-01,1.688959381422453987e+01
6.560000000000000275e-01,1.689967685002233821e+01
6.570000000000000284e-01,1.694718769904049793e+01
6.580000000000000293e-01,1.696992741670980109e+01
6.590000000000000302e-01,1.695600457084704260e+01
6.600000000000000311e-01,1.695704684188904565e+01
6.610000000000000320e-01,1.694464716994692566e+01
6.620000000000000329e-01,1.691381699092232793e+01
6.630000000000000338e-01,1.694902404777650062e+01
6.640000000000000346e-01,1.686197796713057429e+01
6.650000000000000355e-01,1.689719403943452747e+01
6.660000000000000364e-01,1.692303392060710721e+01
6.670000000000000373e-01,1.684937464253473038e+01
6.680000000000000382e-01,1.686642871657511122e+01
6.690000000000000391e-01,1.692362114193183231e+01
6.700000000000000400e-01,1.690693960239436322e+01
6.710000000000000409e-01,1.685861999416762202e+01
6.720000000000000417e-01,1.686106168381669335e+01
6.730000000000000426e-01,1.687363757916405405e+01
6.740000000000000435e-01,1.690418440137460010e+01
6.750000000000000444e-01,1.695103247122458612e+01
6.760000000000000453e-01,1.680086434738783652e+01
6.770000000000000462e-01,1.690985754316891843e+01
6.780000000000000471e-01,1.702855499791874649e+01
6.790000000000000480e-01,1.694199791514901321e+01
6.800000000000000488e-01,1.685925601926028605e+01
6.810000000000000497e-01,1.694127980397259137e+01
6.820000000000000506e-01,1.696967292008051231e+01
6.830000000000000515e-01,1.691932352393493844e+01
6.840000000000000524e-01,1.694744115638072657e+01
6.850000000000000533e-01,1.692278550421804795e+01
6.860000000000000542e-01,1.688807781484547021e+01
6.870000000000000551e-01,1.695679142726097410e+01
6.879999999999999449e-01,1.691659262685019627e+01
6.889999999999999458e-01,1.692207723156503718e+01
6.899999999999999467e-01,1.684944130697861198e+01
6.909999999999999476e-01,1.687194686694776991e+01
6.919999999999999485e-01,1.689623439547490591e+01
6.929999999999999494e-01,1.689133208091676508e+01
6.939999999999999503e-01,1.689269876790260838e+01
6.949999999999999512e-01,1.697015557562420796e+01
6.959999999999999520e-01,1.690329117889415400e+01
6.969999999999999529e-01,1.685105546663570664e+01
6.979999999999999538e-01,1.692276451582619856e+01
6.989999999999999547e-01,1.682917454178036465e+01
6.999999999999999556e-01,1.689727496897715753e+01
7.009999999999999565e-01,1.692537935854140585e+01
7.019999999999999574e-01,1.687604082860626775e+01
7.029999999999999583e-01,1.689151634209934372e+01
7.039999999999999591e-01,1.691923315030815900e+01
7.049999999999999600e-01,1.687729826924389798e+01
7.059999999999999609e-01,1.685070868123732524e+01
7.069999999999999618e-01,1.689131783328557646e+01
7.079999999999999627e-01,1.686309365230135171e+01
7.089999999999999636e-01,1.683120672442099419e+01
7.099999999999999645e-01,1.684483971369141031e+01
7.109999999999999654e-01,1.684947397464934937e+01
7.119999999999999662e-01,1.685289891890426972e+01
7.129999999999999671e-01,1.685842393617918589e+01
7.139999999999999680e-01,1.691514639764978867e+01
7.149999999999999689e-01,1.682286713225583696e+01
7.159999999999999698e-01,1.694092333792442417e+01
7.169999999999999707e-01,1.694950366897286642e+01
7.179999999999999716e-01,1.691045959820008093e+01
7.189999999999999725e-01,1.689503153657216217e+01
7.199999999999999734e-01,1.687556667676790312e+01
7.209999999999999742e-01,1.686993534199442735e+01
7.219999999999999751e-01,1.689535631713966168e+01
7.229999999999999760e-01,1.681570809382214904e+01
7.239999999999999769e-01,1.693261402000605642e+01
7.249999999999999778e-01,1.685808172577679542e+01
7.259999999999999787e-01,1.693307980387931266e+01
7.269999999999999796e-01,1.692942187990387737e+01
7.279999999999999805e-01,1.691253918483836571e+01
7.289999999999999813e-01,1.696595680638898784e+01
7.299999999999999822e-01,1.700061373606799009e+01
7.309999999999999831e-01,1.692675275570456961e+01
7.319999999999999840e-01,1.702035636843184463e+01
7.329999999999999849e-01,1.692187490406515593e+01
7.339999999999999858e-01,1.694536175304252623e+01
7.349999999999999867e-01,1.689575822038771946e+01
7.359999999999999876e-01,1.694404173953213188e+01
7.369999999999999885e-01,1.694694998954646437e+01
7.379999999999999893e-01,1.693346542140583466e+01
7.389999999999999902e-01,1.695571378844971733e+01
7.399999999999999911e-01,1.698334227339164926e+01
7.409999999999999920e-01,1.697655799167277735e+01
7.419999999999999929e-01,1.695876243037928432e+01
7.429999999999999938e-01,1.694135391803063584e+01
7.439999999999999947e-01,1.687474953302752567e+01
7.449999999999999956e-01,1.693694950328046644e+01
7.459999999999999964e-01,1.691311051720956371e+01
7.469999999999999973e-01,1.689472038070355353e+01
7.479999999999999982e-01,1.692816990364199015e+01
7.489999999999999991e-01,1.694686533044648158e+01
7.500000000000000000e-01,1.692083208473569655e+01
7.510000000000000009e-01,1.696481549691092283e+01
7.520000000000000018e-01,1.695600252089646531e+01
7.530000000000000027e-01,1.701750984062305605e+01
7.540000000000000036e-01,1.692710195468272261e+01
7.550000000000000044e-01,1.699424458474077326e+01
7.560000000000000053e-01,1.691502629453228579e+01
7.570000000000000062e-01,1.700133412453875081e+01
7.580000000000000071e-01,1.690808350271920091e+01
7.590000000000000080e-01,1.695060574966643685e+01
7.600000000000000089e-01,1.694003486852660956e+01
7.610000000000000098e-01,1.698823324236901655e+01
7.620000000000000107e-01,1.695461986202688465e+01
7.630000000000000115e-01,1.699558306859333356e+01
7.640000000000000124e-01,1.696110638346342370e+01
7.650000000000000133e-01,1.697315172845654985e+01
7.660000000000000142e-01,1.698424030021120856e+01
7.670000000000000151e-01,1.704269860839313822e+01
7.680000000000000160e-01,1.699074530725611964e+01
7.690000000000000169e-01,1.701223544327772785e+01
7.700000000000000178e-01,1.695714957531590983e+01
7.710000000000000187e-01,1.694546850026305052e+01
7.720000000000000195e-01,1.696465572414001954e+01
7.730000000000000204e-01,1.691917270218963765e+01
7.740000000000000213e-01,1.696740915229773350e+01
7.750000000000000222e-01,1.696018237540825879e+01
7.760000000000000231e-01,1.688619615210751235e+01
7.770000000000000240e-01,1.690108255677880322e+01
7.780000000000000249e-01,1.693550166094027887e+01
7.790000000000000258e-01,1.685828789180137832e+01
7.800000000000000266e-01,1.692884230123337019e+01
7.810000000000000275e-01,1.691481412844914445e+01
7.820000000000000284e-01,1.687587254385827862e+01
7.830000000000000293e-01,1.696079101468288641e+01
7.840000000000000302e-01,1.697288517023054766e+01
7.850000000000000311e-01,1.691936844869559664e+01
7.860000000000000320e-01,1.699618322441426344e+01
7.870000000000000329e-01,1.700110043513543800e+01
7.880000000000000338e-01,1.693070181296426568e+01
7.890000000000000346e-01,1.691561245076514552e+01
7.900000000000000355e-01,1.691121648806338129e+01
7.910000000000000364e-01,1.693773496391798616e+01
7.920000000000000373e-01,1.687032277503942268e+01
7.930000000000000382e-01,1.692674684672759966e+01
7.940000000000000391e-01,1.690355116168863603e+01
7.950000000000000400e-01,1.686816131351214665e+01
7.960000000000000409e-01,1.688647723328022110e+01
7.970000000000000417e-01,1.689940650055899241e+01
7.980000000000000426e-01,1.687371308092419753e+01
7.990000000000000435e-01,1.689471320167022839e+01
8.000000000000000444e-01,1.684698642631557775e+01
8.010000000000000453e-01,1.689539746818434196e+01
8.020000000000000462e-01,1.689017408635650952e+01
8.030000000000000471e-01,1.689591650814842794e+01
8.040000000000000480e-01,1.689043916635420217e+01
8.050000000000000488e-01,1.690572824366724092e+01
8.060000000000000497e-01,1.689582966820059085e+01
8.070000000000000506e-01,1.694751161770030023e+01
8.080000000000000515e-01,1.685268630745662222e+01
8.090000000000000524e-01,1.690960718263373153e+01
8.100000000000000533e-01,1.683347079876998009e+01
8.110000000000000542e-01,1.686904408139192313e+01
8.120000000000000551e-01,1.693041817375145897e+01
8.129999999999999449e-01,1.691087193081194684e+01
8.139999999999999458e-01,1.691885199038322796e+01
8.149999999999999467e-01,1.694846248174848924e+01
8.159999999999999476e-01,1.695646472511340619e+01
8.169999999999999485e-01,1.686209503213057559e+01
8.179999999999999494e-01,1.693676224367307981e+01
8.189999999999999503e-01,1.695508404403316050e+01
8.199999999999999512e-01,1.691365138795966416e+01
8.209999999999999520e-01,1.689541916383419817e+01
8.219999999999999529e-01,1.685663841512758054e+01
8.229999999999999538e-01,1.689490071293182893e+01
8.239999999999999547e-01,1.698425559379184691e+01
8.249999999999999556e-01,1.685778320967035171e+01
8.259999999999999565e-01,1.692653594387669713e+01
8.269999999999999574e-01,1.691556876616254357e+01
8.279999999999999583e-01,1.688280368129740339e+01
8.289999999999999591e-01,1.688947470101794579e+01
8.299999999999999600e-01,1.691443642266089498e+01
8.309999999999999609e-01,1.692544146299868757e+01
8.319999999999999618e-01,1.690235699918405743e+01
8.329999999999999627e-01,1.697473562057366792e+01
8.339999999999999636e-01,1.695765406757893246e+01
8.349999999999999645e-01,1.688570270206981405e+01
8.359999999999999654e-01,1.693499133127924949e+01
8.369999999999999662e-01,1.692416647025201115e+01
8.379999999999999671e-01,1.698690995679254101e+01
8.389999999999999680e-01,1.692932086748040987e+01
8.399999999999999689e-01,1.697094041674067100e+01
8.409999999999999698e-01,1.692921090314837329e+01
8.419999999999999707e-01,1.691634324669841050e+01
8.429999999999999716e-01,1.698563204119955117e+01
8.439999999999999725e-01,1.694369308755588932e+01
8.449999999999999734e-01,1.690631785016946864e+01
8.459999999999999742e-01,1.694385320474430046e+01
8.469999999999999751e-01,1.696693385330654991e+01
8.479999999999999760e-01,1.693809903041383080e+01
8.489999999999999769e-01,1.696317425712615545e+01
8.499999999999999778e-01,1.688507101742783689e+01
8.509999999999999787e-01,1.690956061800793009e+01
8.519999999999999796e-01,1.692353647632661762e+01
8.529999999999999805e-01,1.694594542896787459e+01
8.539999999999999813e-01,1.686759204566877557e+01
8.549999999999999822e-01,1.694966349992947485e+01
8.559999999999999831e-01,1.685285865146454753e+01
8.569999999999999840e-01,1.694110080336675850e+01
8.579999999999999849e-01,1.685580736108295596e+01
8.589999999999999858e-01,1.688327897165694225e+01
8.599999999999999867e-01,1.692246050757790599e+01
8.609999999999999876e-01,1.691184294878727457e+01
8.619999999999999885e-01,1.693511440352099129e+01
8.629999999999999893e-01,1.692649784558234671e+01
8.639999999999999902e-01,1.690221626755594997e+01
8.649999999999999911e-01,1.689409596089771171e+01
8.659999999999999920e-01,1.696231960236693226e+01
8.669999999999999929e-01,1.688613650928408205e+01
8.679999999999999938e-01,1.688110052201180622e+01
8.689999999999999947e-01,1.692473810807648604e+01
8.699999999999999956e-01,1.696617874210145160e+01
8.709999999999999964e-01,1.692524840590742485e+01
8.719999999999999973e-01,1.693534949105687915e+01
8.729999999999999982e-01,1.699178318458953996e+01
8.739999999999999991e-01,1.697010183634196068e+01
8.750000000000000000e-01,1.691787687090432968e+01
8.760000000000000009e-01,1.690896092206205026e+01
8.770000000000000018e-01,1.691942252491782739e+01
8.780000000000000027e-01,1.696700482114830777e+01
8.790000000000000036e-01,1.693228700256961616e+01
8.800000000000000044e-01,1.690495702849802129e+01
8.810000000000000053e-01,1.696237069941158282e+01
8.820000000000000062e-01,1.682810430039138794e+01
8.830000000000000071e-01,1.689209662998085548e+01
8.840000000000000080e-01,1.690580760171814489e+01
8.850000000000000089e-01,1.690592421439464488e+01
8.860000000000000098e-01,1.695615805225202521e+01
8.870000000000000107e-01,1.689422732817351402e+01
8.880000000000000115e-01,1.695085699586712380e+01
8.890000000000000124e-01,1.684379440079311152e+01
8.900000000000000133e-01,1.687781111227774389e+01
8.910000000000000142e-01,1.694323180844432031e+01
8.920000000000000151e-01,1.687858889265389806e+01
8.930000000000000160e-01,1.696707267973116018e+01
8.940000000000000169e-01,1.689538524281048026e+01
8.950000000000000178e-01,1.687559611590781472e+01
8.960000000000000187e-01,1.695018568455568442e+01
8.970000000000000195e-01,1.690648512780235535e+01
8.980000000000000204e-01,1.695083620083105913e+01
8.990000000000000213e-01,1.691630972572407288e+01
9.000000000000000222e-01,1.693359541795751255e+01
9.010000000000000231e-01,1.692834274002924033e+01
9.020000000000000240e-01,1.696086193713779977e+01
9.030000000000000249e-01,1.689897759749668182e+01
9.040000000000000258e-01,1.694942749437000273e+01
9.050000000000000266e-01,1.703470345303421851e+01
9.060000000000000275e-01,1.696734269344797852e+01
9.070000000000000284e-01,1.703525347026482706e+01
9.080000000000000293e-01,1.694644775420326965e+01
9.090000000000000302e-01,1.699042494418515048e+01
9.100000000000000311e-01,1.702069043294661910e+01
9.110000000000000320e-01,1.698265421276499865e+01
9.120000000000000329e-01,1.691884981814889244e+01
9.130000000000000338e-01,1.697669564511492979e+01
9.140000000000000346e-01,1.702727862101686185e+01
9.150000000000000355e-01,1.700250328592416693e+01
9.160000000000000364e-01,1.699445028805038049e+01
9.170000000000000373e-01,1.699247766621453692e+01
9.180000000000000382e-01,1.697277629014699230e+01
9.190000000000000391e-01,1.695149520872514870e+01
9.200000000000000400e-01,1.694456585695797202e+01
9.210000000000000409e-01,1.692743409422563872e+01
9.220000000000000417e-01,1.689879726551681927e+01
9.230000000000000426e-01,1.698125774527295206e+01
9.240000000000000435e-01,1.694651961956820685e+01
9.250000000000000444e-01,1.694603345104819780e+01
9.260000000000000453e-01,1.693882975091258203e+01
9.270000000000000462e-01,1.694079559055829165e+01
9.280000000000000471e-01,1.689959010673338113e+01
9.290000000000000480e-01,1.696413174318492523e+01
9.300000000000000488e-01,1.697197175463541186e+01
9.310000000000000497e-01,1.692705350091260286e+01
9.320000000000000506e-01,1.693989439642529859e+01
9.330000000000000515e-01,1.690984226817876390e+01
9.340000000000000524e-01,1.688936644183414515e+01
9.350000000000000533e-01,1.690347820933466494e+01
9.360000000000000542e-01,1.685937194367677705e+01
9.370000000000000551e-01,1.690635320703981392e+01
9.379999999999999449e-01,1.686664025652508414e+01
9.389999999999999458e-01,1.691917830675520662e+01
9.399999999999999467e-01,1.687738158129753785e+01
9.409999999999999476e-01,1.693720292695889285e+01
9.419999999999999485e-01,1.695770278845265366e+01
9.429999999999999494e-01,1.690489261305895852e+01
9.439999999999999503e-01,1.698144408417220319e+01
9.449999999999999512e-01,1.688238093182347299e+01
9.459999999999999520e-01,1.694111984199047782e+01
9.469999999999999529e-01,1.688082332241214090e+01
9.479999999999999538e-01,1.697849490773315395e+01
9.489999999999999547e-01,1.697749777205015320e+01
9.499999999999999556e-01,1.693405203338376452e+01
9.509999999999999565e-01,1.688717801788203587e+01
9.519999999999999574e-01,1.690698205561751521e+01
9.529999999999999583e-01,1.697478189439965846e+01
9.539999999999999591e-01,1.698651491671785507e+01
9.549999999999999600e-01,1.693365003133542857e+01
9.559999999999999609e-01,1.703859072326813973e+01
9.569999999999999618e-01,1.693468017650444324e+01
9.579999999999999627e-01,1.693555762985144497e+01
9.589999999999999636e-01,1.694656770817970681e+01
9.599999999999999645e-01,1.697467784292444293e+01
9.609999999999999654e-01,1.693049690367549687e+01
9.619999999999999662e-01,1.694773297330139883e+01
9.629999999999999671e-01,1.693729624129942835e+01
9.639999999999999680e-01,1.696376459920900359e+01
9.649999999999999689e-01,1.698070855592312967e+01
9.659999999999999698e-01,1.694798528083133604e+01
9.669999999999999707e-01,1.697858061950779884e+01
9.679999999999999716e-01,1.705875578567002648e+01
9.689999999999999725e-01,1.692599131264802281e+01
9.699999999999999734e-01,1.704534611074633688e+01
9.709999999999999742e-01,1.692412389426941743e+01
9.719999999999999751e-01,1.698563717164663345e+01
9.729999999999999760e-01,1.699201689538518778e+01
9.739999999999999769e-01,1.704216765676076761e+01
9.749999999999999778e-01,1.704219876851958659e+01
9.759999999999999787e-01,1.700969353125413974e+01
9.769999999999999796e-01,1.700350824937700978e+01
9.779999999999999805e-01,1.694970287434694711e+01
9.789999999999999813e-01,1.692940036992163755e+01
9.799999999999999822e-01,1.694608673190337456e+01
9.809999999999999831e-01,1.697168790410737671e+01
9.819999999999999840e-01,1.698329380710008607e+01
9.829999999999999849e-01,1.693773268278427580e+01
9.839999999999999858e-01,1.700693987591112233e+01
9.849999999999999867e-01,1.697844646042696226e+01
9.859999999999999876e-01,1.696600403734566598e+01
9.869999999999999885e-01,1.693878945977765937e+01
9.879999999999999893e-01,1.690508787911148758e+01
9.889999999999999902e-01,1.694629445571382220e+01
9.899999999999999911e-01,1.688832977692050363e+01
9.909999999999999920e-01,1.692550937856403337e+01
9.919999999999999929e-01,1.692991652307202344e+01
9.929999999999999938e-01,1.691762751238377760e+01
9.939999999999999947e-01,1.697828892498159803e+01
9.949999999999999956e-01,1.693089327280352308e+01
9.959999999999999964e-01,1.704996755339343650e+01
9.969999999999999973e-01,1.699613740771587089e+01
9.979999999999999982e-01,1.702978457153792036e+01
9.989999999999999991e-01,1.702266519997933258e+01
1.000000000000000000e+00,1.692480925129348179e+01
1.000999999999999890e+00,1.689765760500350211e+01
1.002000000000000002e+00,1.698195273318397724e+01
1.002999999999999892e+00,1.703313471445893867e+01
1.004000000000000004e+00,1.697696463825384683e+01
1.004999999999999893e+00,1.700840310050458015e+01
1.006000000000000005e+00,1.695801333815284195e+01
1.006999999999999895e+00,1.701222728710995824e+01
1.008000000000000007e+00,1.698564602189325967e+01
1.008999999999999897e+00,1.699375425599690459e+01
1.010000000000000009e+00,1.697553748421365327e+01
1.010999999999999899e+00,1.691299753651459525e+01
1.012000000000000011e+00,1.686768534100760064e+01
1.012999999999999901e+00,1.689982197044026435e+01
1.014000000000000012e+00,1.695044709737245725e+01
1.014999999999999902e+00,1.692946217468734105e+01
1.016000000000000014e+00,1.693635529335157486e+01
1.016999999999999904e+00,1.699335963110463865e+01
1.018000000000000016e+00,1.697209087270698546e+01
1.018999999999999906e+00,1.690289736106983298e+01
1.020000000000000018e+00,1.694585457055225319e+01
1.020999999999999908e+00,1.698021061890050021e+01
1.022000000000000020e+00,1.699087369114976553e+01
1.022999999999999909e+00,1.693893094054962489e+01
1.024000000000000021e+00,1.697300353836651254e+01
1.024999999999999911e+00,1.696524211750960376e+01
1.026000000000000023e+00,1.698086555316693591e+01
1.026999999999999913e+00,1.701228385557318745e+01
1.028000000000000025e+00,1.693820424595517693e+01
1.028999999999999915e+00,1.698684772740429239e+01
1.030000000000000027e+00,1.687785223218612529e+01
1.030999999999999917e+00,1.698721414308484157e+01
1.032000000000000028e+00,1.693060136123887105e+01
1.032999999999999918e+00,1.689490182061698675e+01
1.034000000000000030e+00,1.691003624421115958e+01
1.034999999999999920e+00,1.688539375878887938e+01
1.036000000000000032e+00,1.690006303910558216e+01
1.036999999999999922e+00,1.698384743859353918e+01
1.038000000000000034e+00,1.691735790769059022e+01
1.038999999999999924e+00,1.690024276207534015e+01
1.040000000000000036e+00,1.686888722414602171e+01
1.040999999999999925e+00,1.695552889081344006e+01
1.042000000000000037e+00,1.701748976506546285e+01
1.042999999999999927e+00,1.694787807848353367e+01
1.044000000000000039e+00,1.690054754228474820e+01
1.044999999999999929e+00,1.690239220556014033e+01
1.046000000000000041e+00,1.693962161494541974e+01
1.046999999999999931e+00,1.691563688738203908e+01
1.048000000000000043e+00,1.691298359015603836e+01
1.048999999999999932e+00,1.686585464787162891e+01
1.050000000000000044e+00,1.686418572709404984e+01
1.050999999999999934e+00,1.686464867315988059e+01
1.052000000000000046e+00,1.683647132957090520e+01
1.052999999999999936e+00,1.689222521326033544e+01
1.054000000000000048e+00,1.688425270652247079e+01
1.054999999999999938e+00,1.688350785072665872e+01
1.056000000000000050e+00,1.688410260931991402e+01
1.056999999999999940e+00,1.691244619869442545e+01
1.058000000000000052e+00,1.691998623303860327e+01
1.058999999999999941e+00,1.688778295824461395e+01
1.060000000000000053e+00,1.690149407854853081e+01
1.060999999999999943e+00,1.691099480266462152e+01
1.062000000000000055e+00,1.687382016696227538e+01
1.062999999999999945e+00,1.693785945729657172e+01
1.064000000000000057e+00,1.687743231920228482e+01
1.064999999999999947e+00,1.685821249689290724e+01
1.066000000000000059e+00,1.686402010632676607e+01
1.066999999999999948e+00,1.691705645965253169e+01
1.068000000000000060e+00,1.688070097370248490e+01
1.068999999999999950e+00,1.686353598751614058e+01
1.070000000000000062e+00,1.689335018830908197e+01
1.070999999999999952e+00,1.693733842607480256e+01
1.072000000000000064e+00,1.690546202808369003e+01
1.072999999999999954e+00,1.680664926494961264e+01
1.074000000000000066e+00,1.683406077440895388e+01
1.074999999999999956e+00,1.690169043430780960e+01
1.076000000000000068e+00,1.693058089765127505e+01
1.076999999999999957e+00,1.690199844542925689e+01
1.078000000000000069e+00,1.688189839462086894e+01
1.078999999999999959e+00,1.691106581592343971e+01
1.080000000000000071e+00,1.684396887857446501e+01
1.080999999999999961e+00,1.692710087635651206e+01
1.082000000000000073e+00,1.692701817496732630e+01
1.082999999999999963e+00,1.688788703846472572e+01
1.084000000000000075e+00,1.685579151264671793e+01
1.084999999999999964e+00,1.685448358643124322e+01
1.086000000000000076e+00,1.688401421803776969e+01
1.086999999999999966e+00,1.692218244879988021e+01
1.088000000000000078e+00,1.688302065771386040e+01
1.088999999999999968e+00,1.692255660799915873e+01
1.090000000000000080e+00,1.692546475444598642e+01
1.090999999999999970e+00,1.692230562835253949e+01
1.092000000000000082e+00,1.688658699745079872e+01
1.092999999999999972e+00,1.686145504133661177e+01
1.094000000000000083e+00,1.688861935739782538e+01
1.094999999999999973e+00,1.691795824579041252e+01
1.096000000000000085e+00,1.691558491632017791e+01
1.096999999999999975e+00,1.684918965608625996e+01
1.098000000000000087e+00,1.689300061873709780e+01
1.098999999999999977e+00,1.688128829747860493e+01
1.100000000000000089e+00,1.689189582441958137e+01
1.100999999999999979e+00,1.685466838642735254e+01
1.102000000000000091e+00,1.693766103412765744e+01
1.102999999999999980e+00,1.688104047547988529e+01
1.104000000000000092e+00,1.683135898175719092e+01
1.104999999999999982e+00,1.691437257402264294e+01
1.106000000000000094e+00,1.688327417467403535e+01
1.106999999999999984e+00,1.697552760873017519e+01
1.108000000000000096e+00,1.686998350583632700e+01
1.108999999999999986e+00,1.692950604794378577e+01
1.110000000000000098e+00,1.684844349530055041e+01
1.110999999999999988e+00,1.687998314200383732e+01
1.112000000000000099e+00,1.692307931862033143e+01
1.112999999999999989e+00,1.689185653277257870e+01
1.114000000000000101e+00,1.691355236178667099e+01
1.114999999999999991e+00,1.691059723243520807e+01
1.116000000000000103e+00,1.692168584296839740e+01
1.116999999999999993e+00,1.690265985480667510e+01
1.118000000000000105e+00,1.691267721005699087e+01
1.118999999999999995e+00,1.687582091819915675e+01
1.120000000000000107e+00,1.687818974747255041e+01
1.120999999999999996e+00,1.687370195309841137e+01
1.122000000000000108e+00,1.689461732213730727e+01
1.122999999999999998e+00,1.689389427601170013e+01
1.124000000000000110e+00,1.692118324091222803e+01
1.125000000000000000e+00,1.692457052351414148e+01
1.125999999999999890e+00,1.693746261614827020e+01
1.127000000000000002e+00,1.686764706922043189e+01
1.127999999999999892e+00,1.687309552009677915e+01
1.129000000000000004e+00,1.688453020586101871e+01
1.129999999999999893e+00,1.689616535494646143e+01
1.131000000000000005e+00,1.691326062227229343e+01
1.131999999999999895e+00,1.689609695803580536e+01
1.133000000000000007e+00,1.695958619291756264e+01
1.133999999999999897e+00,1.694749517159890928e+01
1.135000000000000009e+00,1.690949726586620017e+01
1.135999999999999899e+00,1.690685072354436613e+01
1.137000000000000011e+00,1.695289899256468047e+01
1.137999999999999901e+00,1.696286936787667088e+01
1.139000000000000012e+00,1.693118121348818050e+01
1.139999999999999902e+00,1.694226142702980908e+01
1.141000000000000014e+00,1.692338585177220978e+01
1.141999999999999904e+00,1.699644814236715717e+01
1.143000000000000016e+00,1.696697495697211266e+01
1.143999999999999906e+00,1.691557254993782422e+01
1.145000000000000018e+00,1.692460129982805483e+01
1.145999999999999908e+00,1.699019234136456191e+01
1.147000000000000020e+00,1.689387395568876826e+01
1.147999999999999909e+00,1.693064386902136675e+01
1.149000000000000021e+00,1.691455188309514313e+01
1.149999999999999911e+00,1.687712112302938650e+01
1.151000000000000023e+00,1.692817029962633413e+01
1.151999999999999913e+00,1.693636097313487454e+01
1.153000000000000025e+00,1.694095135038502420e+01
1.153999999999999915e+00,1.695456319062069639e+01
1.155000000000000027e+00,1.691962835081839600e+01
1.155999999999999917e+00,1.693217316110764870e+01
1.157000000000000028e+00,1.694549898253686138e+01
1.157999999999999918e+00,1.688332717132442795e+01
1.159000000000000030e+00,1.687653561467245567e+01
1.159999999999999920e+00,1.692925729426396231e+01
1.161000000000000032e+00,1.690295074409554132e+01
1.161999999999999922e+00,1.697465701962435958e+01
1.163000000000000034e+00,1.691072754139413803e+01
1.163999999999999924e+00,1.695834610840277890e+01
1.165000000000000036e+00,1.693792389385767194e+01
1.165999999999999925e+00,1.689640408293756124e+01
1.167000000000000037e+00,1.692846973220684248e+01
1.167999999999999927e+00,1.687516577758189129e+01
1.169000000000000039e+00,1.690123543023012687e+01
1.169999999999999929e+00,1.691135368379819681e+01
1.171000000000000041e+00,1.695420744934503077e+01
1.171999999999999931e+00,1.693011764360310778e+01
1.173000000000000043e+00,1.691809092397824088e+01
1.173999999999999932e+00,1.692640286172790809e+01
1.175000000000000044e+00,1.690917562623398851e+01
1.175999999999999934e+00,1.693608040713845142e+01
1.177000000000000046e+00,1.696359352301011114e+01
1.177999999999999936e+00,1.693965672926361776e+01
1.179000000000000048e+00,1.691934493243117288e+01
1.179999999999999938e+00,1.695687287556745915e+01
1.181000000000000050e+00,1.691409632226104520e+01
1.181999999999999940e+00,1.689633795168887431e+01
1.183000000000000052e+00,1.691285935838876497e+01
1.183999999999999941e+00,1.696869752197747871e+01
1.185000000000000053e+00,1.695674384680562952e+01
1.185999999999999943e+00,1.692070677648291976e+01
1.187000000000000055e+00,1.689805655530422968e+01
1.187999999999999945e+00,1.690510191147428642e+01
1.189000000000000057e+00,1.688885170548367753e+01
1.189999999999999947e+00,1.692594528775178730e+01
1.191000000000000059e+00,1.692971275725525615e+01
1.191999999999999948e+00,1.698283709378361550e+01
1.193000000000000060e+00,1.692409401368979260e+01
1.193999999999999950e+00,1.691815428674541977e+01
1.195000000000000062e+00,1.695117915911205131e+01
1.195999999999999952e+00,1.696367798641157165e+01
1.197000000000000064e+00,1.700923037623572043e+01
1.197999999999999954e+00,1.700500317624432256e+01
1.199000000000000066e+00,1.687093304616438871e+01
1.199999999999999956e+00,1.692257723848872075e+01
1.201000000000000068e+00,1.691143674785649509e+01
1.201999999999999957e+00,1.690968043294172674e+01
1.203000000000000069e+00,1.697474345827252407e+01
1.203999999999999959e+00,1.693207680384686498e+01
1.205000000000000071e+00,1.691693505990670232e+01
1.205999999999999961e+00,1.690073514025258206e+01
1.207000000000000073e+00,1.692624001588340477e+01
1.207999999999999963e+00,1.693275890108940729e+01
1.209000000000000075e+00,1.686722069994261375e+01
1.209999999999999964e+00,1.692597727318254641e+01
1.211000000000000076e+00,1.688117853418144776e+01
1.211999999999999966e+00,1.687340349141741669e+01
1.213000000000000078e+00,1.691582836912418486e+01
1.213999999999999968e+00,1.693649968853230803e+01
1.215000000000000080e+00,1.693522467854510793e+01
1.215999999999999970e+00,1.685651594426897759e+01
1.217000000000000082e+00,1.693966750236127083e+01
1.217999999999999972e+00,1.692268769364039471e+01
1.219000000000000083e+00,1.696006504926458902e+01
1.219999999999999973e+00,1.690942078187923769e+01
1.221000000000000085e+00,1.693005837545387138e+01
1.221999999999999975e+00,1.694925441477419881e+01
1.223000000000000087e+00,1.694907924324019888e+01
1.223999999999999977e+00,1.698186574127933923e+01
1.225000000000000089e+00,1.700420227335560597e+01
1.225999999999999979e+00,1.696303531084901195e+01
1.227000000000000091e+00,1.692177495341956117e+01
1.227999999999999980e+00,1.690122907584985867e+01
1.229000000000000092e+00,1.687655844770333502e+01
1.229999999999999982e+00,1.690339878109316274e+01
1.231000000000000094e+00,1.686057238364637811e+01
1.231999999999999984e+00,1.691775008838532557e+01
1.233000000000000096e+00,1.691735601764540675e+01
1.233999999999999986e+00,1.696231274488531682e+01
1.235000000000000098e+00,1.700331664384204444e+01
1.235999999999999988e+00,1.696230483088961094e+01
1.237000000000000099e+00,1.695240369158650040e+01
1.237999999999999989e+00,1.691384603147454158e+01
1.239000000000000101e+00,1.688188915720563443e+01
1.239999999999999991e+00,1.690028005778302500e+01
1.241000000000000103e+00,1.698664553500066887e+01
1.241999999999999993e+00,1.691374354307282246e+01
1.243000000000000105e+00,1.695081957471986556e+01
1.243999999999999995e+00,1.697285634483532135e+01
1.245000000000000107e+00,1.698342950994807055e+01
1.245999999999999996e+00,1.692458676993084410e+01
1.247000000000000108e+00,1.699286181190493039e+01
1.247999999999999998e+00,1.697389257436386600e+01
1.249000000000000110e+00,1.689125275215440425e+01
1.250000000000000000e+00,1.696213114224449825e+01
1.250999999999999890e+00,1.696045600334167602e+01
1.252000000000000002e+00,1.700315630368389819e+01
1.252999999999999892e+00,1.701669670482741736e+01
1.254000000000000004e+00,1.694202897472523262e+01
1.254999999999999893e+00,1.699718028020422622e+01
1.256000000000000005e+00,1.693395130725785336e+01
1.256999999999999895e+00,1.694510733406496072e+01
1.258000000000000007e+00,1.699351992384140431e+01
1.258999999999999897e+00,1.703518313941967932e+01
1.260000000000000009e+00,1.694801654498112242e+01
1.260999999999999899e+00,1.691388825210302116e+01
1.262000000000000011e+00,1.692725573320998222e+01
1.262999999999999901e+00,1.699389065267543231e+01
1.264000000000000012e+00,1.701449658234735907e+01
1.264999999999999902e+00,1.693747770377526507e+01
1.266000000000000014e+00,1.696841840668083989e+01
1.266999999999999904e+00,1.690455072937125891e+01
1.268000000000000016e+00,1.692883776873099322e+01
1.268999999999999906e+00,1.696589878677987073e+01
1.270000000000000018e+00,1.691928525652123838e+01
1.270999999999999908e+00,1.696390167767148327e+01
1.272000000000000020e+00,1.688276784865512070e+01
1.272999999999999909e+00,1.694655223611264105e+01
1.274000000000000021e+00,1.690267937555140065e+01
1.274999999999999911e+00,1.697951746715187227e+01
1.276000000000000023e+00,1.691012711783915634e+01
1.276999999999999913e+00,1.699227388438353259e+01
1.278000000000000025e+00,1.697929749418153733e+01
1.278999999999999915e+00,1.693517483366239063e+01
1.280000000000000027e+00,1.691624853562663944e+01
1.280999999999999917e+00,1.685427350959312420e+01
1.282000000000000028e+00,1.694811463508523630e+01
1.282999999999999918e+00,1.694689243876752727e+01
1.284000000000000030e+00,1.691980380212918789e+01
1.284999999999999920e+00,1.701057137622419901e+01
1.286000000000000032e+00,1.699142225168889908e+01
1.286999999999999922e+00,1.690773423101678929e+01
1.288000000000000034e+00,1.682853040782589460e+01
1.288999999999999924e+00,1.687464618895621626e+01
1.290000000000000036e+00,1.684876207476410315e+01
1.290999999999999925e+00,1.688243178671177702e+01
1.292000000000000037e+00,1.691449731207477569e+01
1.292999999999999927e+00,1.695396942506310367e+01
1.294000000000000039e+00,1.694551269402186477e+01
1.294999999999999929e+00,1.696517553154123092e+01
1.296000000000000041e+00,1.694155071253968714e+01
1.296999999999999931e+00,1.689587081311915995e+01
1.298000000000000043e+00,1.698821058670102246e+01
1.298999999999999932e+00,1.693591892354717388e+01
1.300000000000000044e+00,1.697981872172368156e+01
1.300999999999999934e+00,1.692346776526979824e+01
1.302000000000000046e+00,1.700140202605861361e+01
1.302999999999999936e+00,1.701546725038244290e+01
1.304000000000000048e+00,1.695381630102845705e+01
1.304999999999999938e+00,1.691385493757784886e+01
1.306000000000000050e+00,1.696039945121482262e+01
1.306999999999999940e+00,1.688594284848912253e+01
1.308000000000000052e+00,1.697213322770347332e+01
1.308999999999999941e+00,1.694813383453762512e+01
1.310000000000000053e+00,1.698226566396136761e+01
1.310999999999999943e+00,1.694288599397912876e+01
1.312000000000000055e+00,1.697728251104477337e+01
1.312999999999999945e+00,1.692539197730467393e+01
1.314000000000000057e+00,1.697013807943074326e+01
1.314999999999999947e+00,1.695420719289257505e+01
1.316000000000000059e+00,1.690175692561022558e+01
1.316999999999999948e+00,1.693673692215608995e+01
1.318000000000000060e+00,1.696605134334478748e+01
1.318999999999999950e+00,1.696049268298146018e+01
1.320000000000000062e+00,1.700049162003914560e+01
1.320999999999999952e+00,1.695671649552759774e+01
1.322000000000000064e+00,1.699320559596139546e+01
1.322999999999999954e+00,1.698454565946550332e+01
1.324000000000000066e+00,1.693812439019733418e+01
1.324999999999999956e+00,1.693047166823617289e+01
1.326000000000000068e+00,1.694841031319903024e+01
1.326999999999999957e+00,1.701113887192098417e+01
1.328000000000000069e+00,1.695050919731906447e+01
1.328999999999999959e+00,1.695888373699221319e+01
1.330000000000000071e+00,1.696798757756491227e+01
1.330999999999999961e+00,1.693223020037635962e+01
1.332000000000000073e+00,1.689659034860233788e+01
1.332999999999999963e+00,1.697108058201324354e+01
1.334000000000000075e+00,1.692939053477768141e+01
1.334999999999999964e+00,1.695241802842433287e+01
1.336000000000000076e+00,1.692962569939478001e+01
1.336999999999999966e+00,1.694556641615708159e+01
1.338000000000000078e+00,1.695708612731463560e+01
1.338999999999999968e+00,1.687675080824310569e+01
1.340000000000000080e+00,1.697286294337507684e+01
1.340999999999999970e+00,1.695993341121752707e+01
1.342000000000000082e+00,1.697584952731723007e+01
1.342999999999999972e+00,1.700479270998568637e+01
1.344000000000000083e+00,1.696944303915984875e+01
1.344999999999999973e+00,1.694047942486725589e+01
1.346000000000000085e+00,1.686556636720513680e+01
1.346999999999999975e+00,1.696508367840609566e+01
1.348000000000000087e+00,1.697290007983201932e+01
1.348999999999999977e+00,1.694148067528454504e+01
1.350000000000000089e+00,1.692350015793978457e+01
1.350999999999999979e+00,1.691924630594482082e+01
1.352000000000000091e+00,1.699704124559621476e+01
1.352999999999999980e+00,1.691554192554066205e+01
1.354000000000000092e+00,1.687290724905588135e+01
1.354999999999999982e+00,1.696500399120613523e+01
1.356000000000000094e+00,1.692384731215576821e+01
1.356999999999999984e+00,1.692074753524610742e+01
1.358000000000000096e+00,1.690449075937766565e+01
1.358999999999999986e+00,1.694969830692261681e+01
1.360000000000000098e+00,1.690680781188904191e+01
1.360999999999999988e+00,1.700005048598063695e+01
1.362000000000000099e+00,1.697386792689759716e+01
1.362999999999999989e+00,1.700043869443082656e+01
1.364000000000000101e+00,1.693731153058476480e+01
1.364999999999999991e+00,1.691983693984104065e+01
1.366000000000000103e+00,1.693481713415708256e+01
1.366999999999999993e+00,1.693934267279176709e+01
1.368000000000000105e+00,1.696176771436065067e+01
1.368999999999999995e+00,1.693335356305457751e+01
1.370000000000000107e+00,1.695986346617364049e+01
1.370999999999999996e+00,1.689483508050302163e+01
1.372000000000000108e+00,1.689599943552709149e+01
1.372999999999999998e+00,1.696698526384524541e+01
1.374000000000000110e+00,1.698317421043369890e+01
1.375000000000000000e+00,1.697093165892286493e+01
1.375999999999999890e+00,1.698610219417923872e+01
1.377000000000000002e+00,1.698877040089658053e+01
1.377999999999999892e+00,1.700643519312029639e+01
1.379000000000000004e+00,1.689601883983506170e+01
1.379999999999999893e+00,1.697640871850946098e+01
1.381000000000000005e+00,1.700149423293002826e+01
1.381999999999999895e+00,1.689739554940614852e+01
1.383000000000000007e+00,1.692910606460574030e+01
1.383999999999999897e+00,1.694329958778373779e+01
1.385000000000000009e+00,1.698366629984437637e+01
1.385999999999999899e+00,1.694635369439318850e+01
1.387000000000000011e+00,1.696431110566286904e+01
1.387999999999999901e+00,1.688571506429490299e+01
1.389000000000000012e+00,1.695399401334765344e+01
1.389999999999999902e+00,1.691313432701557673e+01
1.391000000000000014e+00,1.692997915144761123e+01
1.391999999999999904e+00,1.686799443650830455e+01
1.393000000000000016e+00,1.688145623775691107e+01
1.393999999999999906e+00,1.693344081450137750e+01
1.395000000000000018e+00,1.694971506419670959e+01
1.395999999999999908e+00,1.695937747648634897e+01
1.397000000000000020e+00,1.694663833798728092e+01
1.397999999999999909e+00,1.695811529406976348e+01
1.399000000000000021e+00,1.695337494932214994e+01
1.399999999999999911e+00,1.693475173867866701e+01
1.401000000000000023e+00,1.690506657027112425e+01
1.401999999999999913e+00,1.702072178211708575e+01
1.403000000000000025e+00,1.702259521006489607e+01
1.403999999999999915e+00,1.702130103575311537e+01
1.405000000000000027e+00,1.697454453457631729e+01
1.405999999999999917e+00,1.696520023495415330e+01
1.407000000000000028e+00,1.697462095929164860e+01
1.407999999999999918e+00,1.693743479239369876e+01
1.409000000000000030e+00,1.690876124906504430e+01
1.409999999999999920e+00,1.700524212402654101e+01
1.411000000000000032e+00,1.702107030812744171e+01
1.411999999999999922e+00,1.697647573132066867e+01
1.413000000000000034e+00,1.696162531374925919e+01
1.413999999999999924e+00,1.693366566350540481e+01
1.415000000000000036e+00,1.694294669855535318e+01
1.415999999999999925e+00,1.699494854974765090e+01
1.417000000000000037e+00,1.697020664986550997e+01
1.417999999999999927e+00,1.697849799700516726e+01
1.419000000000000039e+00,1.697919452085844583e+01
1.419999999999999929e+00,1.699330911612856454e+01
1.421000000000000041e+00,1.702794348465713270e+01
1.421999999999999931e+00,1.701020767861863447e+01
1.423000000000000043e+00,1.702539813138084313e+01
1.423999999999999932e+00,1.702604664490725028e+01
1.425000000000000044e+00,1.702409201228032032e+01
1.425999999999999934e+00,1.700990545388804165e+01
1.427000000000000046e+00,1.700317845063193900e+01
1.427999999999999936e+00,1.703105363960887431e+01
1.429000000000000048e+00,1.701892121804374725e+01
1.429999999999999938e+00,1.694760306893450164e+01
1.431000000000000050e+00,1.703693330657876714e+01
1.431999999999999940e+00,1.690373146903934298e+01
1.433000000000000052e+00,1.697967045895173044e+01
1.433999999999999941e+00,1.688772578274708280e+01
1.435000000000000053e+00,1.693597322005218331e+01
1.435999999999999943e+00,1.697312851876281670e+01
1.437000000000000055e+00,1.698677853449653341e+01
1.437999999999999945e+00,1.695569052457022252e+01
1.439000000000000057e+00,1.701774737766113788e+01
1.439999999999999947e+00,1.702057805454813533e+01
1.441000000000000059e+00,1.691776485356259485e+01
1.441999999999999948e+00,1.699837582736756403e+01
1.443000000000000060e+00,1.697806636571794670e+01
1.443999999999999950e+00,1.705135169800689710e+01
1.445000000000000062e+00,1.705867765481817244e+01
1.445999999999999952e+00,1.697342032687054214e+01
1.447000000000000064e+00,1.702904538486349395e+01
1.447999999999999954e+00,1.700546968135399695e+01
1.449000000000000066e+00,1.694434490118347370e+01
1.449999999999999956e+00,1.694127122669311447e+01
1.451000000000000068e+00,1.702816974517095261e+01
1.451999999999999957e+00,1.695968539875068970e+01
1.453000000000000069e+00,1.693984478697075602e+01
1.453999999999999959e+00,1.694467476522002514e+01
1.455000000000000071e+00,1.690352556760787905e+01
1.455999999999999961e+00,1.695377772741279898e+01
1.457000000000000073e+00,1.690115045453850584e+01
1.457999999999999963e+00,1.694757465194521373e+01
1.459000000000000075e+00,1.693757448451263770e+01
1.459999999999999964e+00,1.695729104256281516e+01
1.461000000000000076e+00,1.705771544248659666e+01
1.461999999999999966e+00,1.696099719422275243e+01
1.463000000000000078e+00,1.694271825049202107e+01
1.463999999999999968e+00,1.694379119949485002e+01
1.465000000000000080e+00,1.696393152564970563e+01
1.465999999999999970e+00,1.699004902628204050e+01
1.467000000000000082e+00,1.691719161022713891e+01
1.467999999999999972e+00,1.696771853463822666e+01
1.469000000000000083e+00,1.698785646037511654e+01
1.469999999999999973e+00,1.698483770628255840e+01
1.471000000000000085e+00,1.699657713133502313e+01
1.471999999999999975e+00,1.693119822792110796e+01
1.473000000000000087e+00,1.699299091295290864e+01
1.473999999999999977e+00,1.691418694143608548e+01
1.475000000000000089e+00,1.695883159211665969e+01
1.475999999999999979e+00,1.695884395280699408e+01
1.477000000000000091e+00,1.692537116944398434e+01
1.477999999999999980e+00,1.696235745677285678e+01
1.479000000000000092e+00,1.691231002651183246e+01
1.479999999999999982e+00,1.691572266288350335e+01
1.481000000000000094e+00,1.689862004781823046e+01
1.481999999999999984e+00,1.691462257932006352e+01
1.483000000000000096e+00,1.691133427642542486e+01
1.483999999999999986e+00,1.689107691092396379e+01
1.485000000000000098e+00,1.688851801359666993e+01
1.485999999999999988e+00,1.693635794972017550e+01
1.487000000000000099e+00,1.691924755726513752e+01
1.487999999999999989e+00,1.692558785976866531e+01
1.489000000000000101e+00,1.690573599806548089e+01
1.489999999999999991e+00,1.688757154033174501e+01
1.491000000000000103e+00,1.691858674019878706e+01
1.491999999999999993e+00,1.689776388226147574e+01
1.493000000000000105e+00,1.687940515479789028e+01
1.493999999999999995e+00,1.693259597651993786e+01
1.495000000000000107e+00,1.698954457873416501e+01
1.495999999999999996e+00,1.697205655022692028e+01
1.497000000000000108e+00,1.694264906110300828e+01
1.497999999999999998e+00,1.696812719920058043e+01
1.499000000000000110e+00,1.693199764512865357e+01
1.500000000000000000e+00,1.693673940786606735e+01
1.500999999999999890e+00,1.694350076409925876e+01
1.502000000000000002e+00,1.688221256116895219e+01
1.502999999999999892e+00,1.691630204664337356e+01
1.504000000000000004e+00,1.689118522863200056e+01
1.504999999999999893e+00,1.695400666618893126e+01
1.506000000000000005e+00,1.687214842771481216e+01
1.506999999999999895e+00,1.690704105379892042e+01
1.508000000000000007e+00,1.692858006009180372e+01
1.508999999999999897e+00,1.690695837237618093e+01
1.510000000000000009e+00,1.691347240840023858e+01
1.510999999999999899e+00,1.695770518391988446e+01
1.512000000000000011e+00,1.690937790810975372e+01
1.512999999999999901e+00,1.691678329411125858e+01
1.514000000000000012e+00,1.692228401479852096e+01
1.514999999999999902e+00,1.696688724606842413e+01
1.516000000000000014e+00,1.693694085525265436e+01
1.516999999999999904e+00,1.702056237536283589e+01
1.518000000000000016e+00,1.689956831800057202e+01
1.518999999999999906e+00,1.698276479148280771e+01
1.520000000000000018e+00,1.686203534669879645e+01
1.520999999999999908e+00,1.690681900864253606e+01
1.522000000000000020e+00,1.700540660538548821e+01
1.522999999999999909e+00,1.685879381465626992e+01
1.524000000000000021e+00,1.697235714341850255e+01
1.524999999999999911e+00,1.688750572203315059e+01
1.526000000000000023e+00,1.695619844114996155e+01
1.526999999999999913e+00,1.692647963028012370e+01
1.528000000000000025e+00,1.692784918570628605e+01
1.528999999999999915e+00,1.688981860876451435e+01
1.530000000000000027e+00,1.702348208821573294e+01
1.530999999999999917e+00,1.687933171967393875e+01
1.532000000000000028e+00,1.697645099474210184e+01
1.532999999999999918e+00,1.697932417741835565e+01
1.534000000000000030e+00,1.695342304480674045e+01
1.534999999999999920e+00,1.691461262634701157e+01
1.536000000000000032e+00,1.702852578828417762e+01
1.536999999999999922e+00,1.699535595496749352e+01
1.538000000000000034e+00,1.700360604457505787e+01
1.538999999999999924e+00,1.695790407654452636e+01
1.540000000000000036e+00,1.701617461386325658e+01
1.540999999999999925e+00,1.693104529544519821e+01
1.542000000000000037e+00,1.694483698460278376e+01
1.542999999999999927e+00,1.693184089175186458e+01
1.544000000000000039e+00,1.695862047267462458e+01
1.544999999999999929e+00,1.686677963961580673e+01
1.546000000000000041e+00,1.688791332175700077e+01
1.546999999999999931e+00,1.691846196277001368e+01
1.548000000000000043e+00,1.700836940256142782e+01
1.548999999999999932e+00,1.700186577685976275e+01
1.550000000000000044e+00,1.692927225024791227e+01
1.550999999999999934e+00,1.697156215848988836e+01
1.552000000000000046e+00,1.695493298304899454e+01
1.552999999999999936e+00,1.697785020705891057e+01
1.554000000000000048e+00,1.695792264853336206e+01
1.554999999999999938e+00,1.701785858241354177e+01
1.556000000000000050e+00,1.696130929936202492e+01
1.556999999999999940e+00,1.703089383314090455e+01
1.558000000000000052e+00,1.696558946250008049e+01
1.558999999999999941e+00,1.697651592579842017e+01
1.560000000000000053e+00,1.698361932333382640e+01
1.560999999999999943e+00,1.699477846084447208e+01
1.562000000000000055e+00,1.690860668660872079e+01
1.562999999999999945e+00,1.687840169618905151e+01
1.564000000000000057e+00,1.689876870496120986e+01
1.564999999999999947e+00,1.692163248735741732e+01
1.566000000000000059e+00,1.689956381086500414e+01
1.566999999999999948e+00,1.697605647338505719e+01
1.568000000000000060e+00,1.701174728522306978e+01
1.568999999999999950e+00,1.694668563038862530e+01
1.570000000000000062e+00,1.700851457234193731e+01
1.570999999999999952e+00,1.701642815062269065e+01
1.572000000000000064e+00,1.696700390223973898e+01
1.572999999999999954e+00,1.701028242285833869e+01
1.574000000000000066e+00,1.701654701774015876e+01
1.574999999999999956e+00,1.701396779702477957e+01
1.576000000000000068e+00,1.698580424856327298e+01
1.576999999999999957e+00,1.698930161204689426e+01
1.578000000000000069e+00,1.702155680214102063e+01
1.578999999999999959e+00,1.695494584271610350e+01
1.580000000000000071e+00,1.695497275319629793e+01
1.580999999999999961e+00,1.704399431397682818e+01
1.582000000000000073e+00,1.694837377975122905e+01
1.582999999999999963e+00,1.696328186627726708e+01
1.584000000000000075e+00,1.696716143247826381e+01
1.584999999999999964e+00,1.695241249346699064e+01
1.586000000000000076e+00,1.690170508797090321e+01
1.586999999999999966e+00,1.700166356476638896e+01
1.588000000000000078e+00,1.693609488479517466e+01
1.588999999999999968e+00,1.696414295076661460e+01
1.590000000000000080e+00,1.702430156862289223e+01
1.590999999999999970e+00,1.696933144117020476e+01
1.592000000000000082e+00,1.697167645622121768e+01
1.592999999999999972e+00,1.698094345692788920e+01
1.594000000000000083e+00,1.695347930146770565e+01
1.594999999999999973e+00,1.706948491895556330e+01
1.596000000000000085e+00,1.703205925780401842e+01
1.596999999999999975e+00,1.701049619074271035e+01
1.598000000000000087e+00,1.694073852469354691e+01
1.598999999999999977e+00,1.698772906535431915e+01
1.600000000000000089e+00,1.695410579966597453e+01
1.600999999999999979e+00,1.695764060803560369e+01
1.602000000000000091e+00,1.698581301159589074e+01
1.602999999999999980e+00,1.696600828834811381e+01
1.604000000000000092e+00,1.700132601529147891e+01
1.604999999999999982e+00,1.694469533661404625e+01
1.606000000000000094e+00,1.695379670419426787e+01
1.606999999999999984e+00,1.695773134534276849e+01
1.608000000000000096e+00,1.701292688162499545e+01
1.608999999999999986e+00,1.693973151336230032e+01
1.610000000000000098e+00,1.700709069301625931e+01
1.610999999999999988e+00,1.697341068367924066e+01
1.612000000000000099e+00,1.691617205565810522e+01
1.612999999999999989e+00,1.696199842302594263e+01
1.614000000000000101e+00,1.692819353985223074e+01
1.614999999999999991e+00,1.701526940216749395e+01
1.616000000000000103e+00,1.696898954801459780e+01
1.616999999999999993e+00,1.698110855462383029e+01
1.618000000000000105e+00,1.697833545976788727e+01
1.618999999999999995e+00,1.700268670014107997e+01
1.620000000000000107e+00,1.701178249278086341e+01
1.620999999999999996e+00,1.698793612211180104e+01
1.622000000000000108e+00,1.705703159341484820e+01
1.622999999999999998e+00,1.697684678670083613e+01
1.624000000000000110e+00,1.697417599809756794e+01
1.625000000000000000e+00,1.696683448677396200e+01
1.625999999999999890e+00,1.703702588547410812e+01
1.627000000000000002e+00,1.696005978041858953e+01
1.627999999999999892e+00,1.697570488473983730e+01
1.629000000000000004e+00,1.695648268089754396e+01
1.629999999999999893e+00,1.701950817266263982e+01
1.631000000000000005e+00,1.701895378630423750e+01
1.631999999999999895e+00,1.694481010985672853e+01
1.633000000000000007e+00,1.690719525525878453e+01
1.633999999999999897e+00,1.689786283492741248e+01
1.635000000000000009e+00,1.697166496350904907e+01
1.635999999999999899e+00,1.698553217656237280e+01
1.637000000000000011e+00,1.691660821668910586e+01
1.637999999999999901e+00,1.693474868559727753e+01
1.639000000000000012e+00,1.693411034139577964e+01
1.639999999999999902e+00,1.692809958555080385e+01
1.641000000000000014e+00,1.700564704318643194e+01
1.641999999999999904e+00,1.691254774234738889e+01
1.643000000000000016e+00,1.699115205930118577e+01
1.643999999999999906e+00,1.700336307018198312e+01
1.645000000000000018e+00,1.692611448928062856e+01
1.645999999999999908e+00,1.700275044076565578e+01
1.647000000000000020e+00,1.694907310596882510e+01
1.647999999999999909e+00,1.697647195244398688e+01
1.649000000000000021e+00,1.691858926242239036e+01
1.649999999999999911e+00,1.698141790603836299e+01
1.651000000000000023e+00,1.689514871076832137e+01
1.651999999999999913e+00,1.692073086815949168e+01
1.653000000000000025e+00,1.696152042563229401e+01
1.653999999999999915e+00,1.696837010173658555e+01
1.655000000000000027e+00,1.695115078222979221e+01
1.655999999999999917e+00,1.693121069800430334e+01
1.657000000000000028e+00,1.700488828710429345e+01
1.657999999999999918e+00,1.693732944836351351e+01
1.659000000000000030e+00,1.699281384365434988e+01
1.659999999999999920e+00,1.701571745075329289e+01
1.661000000000000032e+00,1.701788614101192110e+01
1.661999999999999922e+00,1.691450782703168443e+01
1.663000000000000034e+00,1.695858115130243604e+01
1.663999999999999924e+00,1.688133360146537498e+01
1.665000000000000036e+00,1.697075965443837120e+01
1.665999999999999925e+00,1.694975779167086571e+01
1.667000000000000037e+00,1.693350774415098314e+01
1.667999999999999927e+00,1.699362825611671468e+01
1.669000000000000039e+00,1.690701378609360006e+01
1.669999999999999929e+00,1.693787547513821679e+01
1.671000000000000041e+00,1.698311704488397567e+01
1.671999999999999931e+00,1.690171109058308829e+01
1.673000000000000043e+00,1.694481149346828630e+01
1.673999999999999932e+00,1.697604150273041057e+01
1.675000000000000044e+00,1.693427414610492576e+01
1.675999999999999934e+00,1.694664221865216192e+01
1.677000000000000046e+00,1.692666129209300507e+01
1.677999999999999936e+00,1.695879650333310806e+01
1.679000000000000048e+00,1.697700044406803599e+01
1.679999999999999938e+00,1.696744577827458045e+01
1.681000000000000050e+00,1.695950976647030117e+01
1.681999999999999940e+00,1.694544562376339414e+01
1.683000000000000052e+00,1.695234023984843219e+01
1.683999999999999941e+00,1.695508645046368557e+01
1.685000000000000053e+00,1.686871260418032392e+01
1.685999999999999943e+00,1.693610071133051775e+01
1.687000000000000055e+00,1.697893274623648097e+01
1.687999999999999945e+00,1.694849463771758380e+01
1.689000000000000057e+00,1.691760110543784634e+01
1.689999999999999947e+00,1.696787799296900090e+01
1.691000000000000059e+00,1.694238659889693821e+01
1.691999999999999948e+00,1.698269935111231277e+01
1.693000000000000060e+00,1.699201053653208149e+01
1.693999999999999950e+00,1.689933253265052926e+01
1.695000000000000062e+00,1.692896090392974884e+01
1.695999999999999952e+00,1.695232579739846557e+01
1.697000000000000064e+00,1.696382461640939709e+01
1.697999999999999954e+00,1.692422676443576890e+01
1.699000000000000066e+00,1.699414755869909044e+01
1.699999999999999956e+00,1.693311263859412108e+01
1.701000000000000068e+00,1.693822838077447912e+01
1.701999999999999957e+00,1.692125877144317769e+01
1.703000000000000069e+00,1.693860594769105177e+01
1.703999999999999959e+00,1.693231410651881674e+01
1.705000000000000071e+00,1.697316190870944652e+01
1.705999999999999961e+00,1.699024430722055357e+01
1.707000000000000073e+00,1.695371012172992309e+01
1.707999999999999963e+00,1.694925687339586773e+01
1.709000000000000075e+00,1.691502934153924542e+01
1.709999999999999964e+00,1.699204627130554712e+01
1.711000000000000076e+00,1.699409838508753978e+01
1.711999999999999966e+00,1.701320578769953684e+01
1.713000000000000078e+00,1.698940712218383453e+01
1.713999999999999968e+00,1.697211157927320713e+01
1.715000000000000080e+00,1.693344107892623995e+01
1.715999999999999970e+00,1.693488749699034202e+01
1.717000000000000082e+00,1.699602813439996041e+01
1.717999999999999972e+00,1.696821673088701488e+01
1.719000000000000083e+00,1.697064350072735905e+01
1.719999999999999973e+00,1.687819983752926944e+01
1.721000000000000085e+00,1.696018894732519655e+01
1.721999999999999975e+00,1.691285623395174653e+01
1.723000000000000087e+00,1.695570017877681224e+01
1.723999999999999977e+00,1.695640239932678739e+01
1.725000000000000089e+00,1.689219949954080136e+01
1.725999999999999979e+00,1.694867519187407723e+01
1.727000000000000091e+00,1.690605958471314096e+01
1.727999999999999980e+00,1.694114263237133855e+01
1.729000000000000092e+00,1.690662663169510438e+01
1.729999999999999982e+00,1.697361785863592232e+01
1.731000000000000094e+00,1.692254697253147455e+01
1.731999999999999984e+00,1.689756433547354675e+01
1.733000000000000096e+00,1.688800787664596115e+01
1.733999999999999986e+00,1.694339825688381396e+01
1.735000000000000098e+00,1.691983343836832887e+01
1.735999999999999988e+00,1.691361055138629865e+01
1.737000000000000099e+00,1.687971016814571712e+01
1.737999999999999989e+00,1.693471482015451812e+01
1.739000000000000101e+00,1.694950539916261079e+01
1.739999999999999991e+00,1.692712098197293358e+01
1.741000000000000103e+00,1.693152069751990751e+01
1.741999999999999993e+00,1.690845375309682908e+01
1.743000000000000105e+00,1.696411193533040063e+01
1.743999999999999995e+00,1.693551507815130108e+01
1.745000000000000107e+00,1.700267467596015791e+01
1.745999999999999996e+00,1.696097885372039471e+01
1.747000000000000108e+00,1.695391777003634459e+01
1.747999999999999998e+00,1.692148353388653703e+01
1.749000000000000110e+00,1.689906134055294018e+01
1.750000000000000000e+00,1.693908930322437456e+01
1.750999999999999890e+00,1.695796068815710100e+01
1.752000000000000002e+00,1.689062680235034364e+01
1.752999999999999892e+00,1.690407239925974281e+01
1.754000000000000004e+00,1.691940157609229090e+01
1.754999999999999893e+00,1.687117892213953141e+01
1.756000000000000005e+00,1.692405842482672540e+01
1.756999999999999895e+00,1.691635033067260352e+01
1.758000000000000007e+00,1.687101081603806207e+01
1.758999999999999897e+00,1.694145535628410926e+01
1.760000000000000009e+00,1.691441174082416410e+01
1.760999999999999899e+00,1.695124999944453847e+01
1.762000000000000011e+00,1.696731816791383451e+01
1.762999999999999901e+00,1.691174069335452756e+01
1.764000000000000012e+00,1.690568005988432176e+01
1.764999999999999902e+00,1.690927386772419183e+01
1.766000000000000014e+00,1.688360472451506311e+01
1.766999999999999904e+00,1.693691086741063856e+01
1.768000000000000016e+00,1.690899961160858922e+01
1.768999999999999906e+00,1.694350145463138091e+01
1.770000000000000018e+00,1.701737963374070262e+01
1.770999999999999908e+00,1.696796762438719597e+01
1.772000000000000020e+00,1.692519463160247284e+01
1.772999999999999909e+00,1.687060052667136034e+01
1.774000000000000021e+00,1.697008733142304848e+01
1.774999999999999911e+00,1.704461255601597358e+01
1.776000000000000023e+00,1.696804462221687970e+01
1.776999999999999913e+00,1.698017504339336980e+01
1.778000000000000025e+00,1.690343612344365454e+01
1.778999999999999915e+00,1.691191830489435688e+01
1.780000000000000027e+00,1.703493958114388818e+01
1.780999999999999917e+00,1.691676803496443426e+01
1.782000000000000028e+00,1.699760516004783995e+01
1.782999999999999918e+00,1.693051408091750787e+01
1.784000000000000030e+00,1.690585593717489488e+01
1.784999999999999920e+00,1.697351538535103188e+01
1.786000000000000032e+00,1.697571035949999896e+01
1.786999999999999922e+00,1.688996119534288454e+01
1.788000000000000034e+00,1.693983353869534980e+01
1.788999999999999924e+00,1.693499190338328120e+01
1.790000000000000036e+00,1.694769684116356245e+01
1.790999999999999925e+00,1.692032199963298922e+01
1.792000000000000037e+00,1.694242276593325869e+01
1.792999999999999927e+00,1.689822187387287045e+01
1.794000000000000039e+00,1.698502182148882511e+01
1.794999999999999929e+00,1.692732929712817835e+01
1.796000000000000041e+00,1.691888870858241134e+01
1.796999999999999931e+00,1.692443894612413047e+01
1.798000000000000043e+00,1.689962740092548898e+01
1.798999999999999932e+00,1.695304438731250585e+01
1.800000000000000044e+00,1.696948459077558624e+01
1.800999999999999934e+00,1.687291222747798969e+01
1.802000000000000046e+00,1.689672801948095682e+01
1.802999999999999936e+00,1.691086697545838291e+01
1.804000000000000048e+00,1.692991944712945340e+01
1.804999999999999938e+00,1.691489924052877569e+01
1.806000000000000050e+00,1.687838331968977457e+01
1.806999999999999940e+00,1.693624403482815310e+01
1.808000000000000052e+00,1.689759985907070572e+01
1.808999999999999941e+00,1.691831420379528339e+01
1.810000000000000053e+00,1.692458920602292238e+01
1.810999999999999943e+00,1.690533774571366976e+01
1.812000000000000055e+00,1.687156051936608847e+01
1.812999999999999945e+00,1.683472447717783638e+01
1.814000000000000057e+00,1.685947753787867143e+01
1.814999999999999947e+00,1.694634737726492801e+01
1.816000000000000059e+00,1.694234792143851820e+01
1.816999999999999948e+00,1.698963751618701679e+01
1.818000000000000060e+00,1.690142003322346653e+01
1.818999999999999950e+00,1.696649981887119552e+01
1.820000000000000062e+00,1.697085915430705327e+01
1.820999999999999952e+00,1.693527280492459752e+01
1.822000000000000064e+00,1.700329012066199041e+01
1.822999999999999954e+00,1.698510092325662413e+01
1.824000000000000066e+00,1.696401661978254438e+01
1.824999999999999956e+00,1.697017269738720557e+01
1.826000000000000068e+00,1.694890985007393880e+01
1.826999999999999957e+00,1.696397742933262975e+01
1.828000000000000069e+00,1.702056719608175683e+01
1.828999999999999959e+00,1.701616560582372628e+01
1.830000000000000071e+00,1.697617391181104196e+01
1.830999999999999961e+00,1.701560488955318817e+01
1.832000000000000073e+00,1.692887668422066128e+01
1.832999999999999963e+00,1.697797600266144258e+01
1.834000000000000075e+00,1.691111715752379041e+01
1.834999999999999964e+00,1.699460840281182072e+01
1.836000000000000076e+00,1.694677857820221334e+01
1.836999999999999966e+00,1.697872565733162276e+01
1.838000000000000078e+00,1.693562060712076445e+01
1.838999999999999968e+00,1.696108276674519644e+01
1.840000000000000080e+00,1.700836630461442311e+01
1.840999999999999970e+00,1.700350711325434716e+01
1.842000000000000082e+00,1.696099651504633954e+01
1.842999999999999972e+00,1.692761131589863766e+01
1.844000000000000083e+00,1.699291535316057278e+01
1.844999999999999973e+00,1.692962972306647629e+01
1.846000000000000085e+00,1.698270339203301660e+01
1.846999999999999975e+00,1.694390193076006668e+01
1.848000000000000087e+00,1.686509606337149592e+01
1.848999999999999977e+00,1.690458134591597172e+01
1.850000000000000089e+00,1.692194596016106090e+01
1.850999999999999979e+00,1.700518028622815336e+01
1.852000000000000091e+00,1.692864625501159992e+01
1.852999999999999980e+00,1.696045656916158961e+01
1.854000000000000092e+00,1.692369589687200460e+01
1.854999999999999982e+00,1.689198464493575713e+01
1.856000000000000094e+00,1.690901333042278765e+01
1.856999999999999984e+00,1.697501432810101818e+01
1.858000000000000096e+00,1.698044353067709622e+01
1.858999999999999986e+00,1.698156793649894780e+01
1.860000000000000098e+00,1.700492773214289244e+01
1.860999999999999988e+00,1.700461838689164296e+01
1.862000000000000099e+00,1.696516156890634619e+01
1.862999999999999989e+00,1.697983686866941611e+01
1.864000000000000101e+00,1.698978313488512271e+01
1.864999999999999991e+00,1.698238589140091293e+01
1.866000000000000103e+00,1.693189180788580117e+01
1.866999999999999993e+00,1.696183928007465624e+01
1.868000000000000105e+00,1.697760134273998744e+01
1.868999999999999995e+00,1.693949981628414392e+01
1.870000000000000107e+00,1.694109746876863198e+01
1.870999999999999996e+00,1.695229020756422145e+01
1.872000000000000108e+00,1.693902408049062913e+01
1.872999999999999998e+00,1.698731588187835229e+01
1.874000000000000110e+00,1.694836322385518201e+01
1.875000000000000000e+00,1.694556840490491112e+01
1.875999999999999890e+00,1.685544456988517936e+01
1.877000000000000002e+00,1.696177902677780480e+01
1.877999999999999892e+00,1.694943028782182282e+01
1.879000000000000004e+00,1.693285311185378106e+01
1.879999999999999893e+00,1.694070736837277025e+01
1.881000000000000005e+00,1.701389289381220138e+01
1.881999999999999895e+00,1.695170515792490917e+01
1.883000000000000007e+00,1.690724898389455433e+01
1.883999999999999897e+00,1.694914841642841097e+01
1.885000000000000009e+00,1.694454209652817056e+01
1.885999999999999899e+00,1.688266765046890328e+01
1.887000000000000011e+00,1.699098798257708509e+01
1.887999999999999901e+00,1.693125380155729331e+01
1.889000000000000012e+00,1.689787459263953906e+01
1.889999999999999902e+00,1.701390258481513840e+01
1.891000000000000014e+00,1.695684737930680797e+01
1.891999999999999904e+00,1.701932501575633339e+01
1.893000000000000016e+00,1.697396595855606449e+01
1.893999999999999906e+00,1.691552120594871056e+01
1.895000000000000018e+00,1.693493714395326677e+01
1.895999999999999908e+00,1.690619841708678095e+01
1.897000000000000020e+00,1.695285886160641198e+01
1.897999999999999909e+00,1.699247822360748117e+01
1.899000000000000021e+00,1.700225421042717500e+01
1.899999999999999911e+00,1.692185702477888753e+01
1.901000000000000023e+00,1.692752230035096517e+01
1.901999999999999913e+00,1.697629400135246414e+01
1.903000000000000025e+00,1.693596455711374915e+01
1.903999999999999915e+00,1.695795559952293985e+01
1.905000000000000027e+00,1.696491447155903032e+01
1.905999999999999917e+00,1.693703081913400865e+01
1.907000000000000028e+00,1.697490032289169193e+01
1.907999999999999918e+00,1.695269165900586472e+01
1.909000000000000030e+00,1.694163498924992695e+01
1.909999999999999920e+00,1.697324882782070432e+01
1.911000000000000032e+00,1.691132586767036727e+01
1.911999999999999922e+00,1.697823580273881561e+01
1.913000000000000034e+00,1.699270974860790062e+01
1.913999999999999924e+00,1.689380533480175828e+01
1.915000000000000036e+00,1.692565909436246230e+01
1.915999999999999925e+00,1.696837465136019674e+01
1.917000000000000037e+00,1.699950677442515357e+01
1.917999999999999927e+00,1.693377670979833027e+01
1.919000000000000039e+00,1.701206605095530477e+01
1.919999999999999929e+00,1.696633626571161102e+01
1.921000000000000041e+00,1.693009393555853848e+01
1.921999999999999931e+00,1.693319596007216887e+01
1.923000000000000043e+00,1.694713982665190954e+01
1.923999999999999932e+00,1.694912116525359735e+01
1.925000000000000044e+00,1.696605924960166689e+01
1.925999999999999934e+00,1.700451967036721257e+01
1.927000000000000046e+00,1.696909897596658467e+01
1.927999999999999936e+00,1.693379265243202880e+01
1.929000000000000048e+00,1.694576611908410868e+01
1.929999999999999938e+00,1.693491227580538450e+01
1.931000000000000050e+00,1.694608014903022308e+01
1.931999999999999940e+00,1.699465110672701940e+01
1.933000000000000052e+00,1.689404537436225695e+01
1.933999999999999941e+00,1.696119071656289279e+01
1.935000000000000053e+00,1.693738279006133141e+01
1.935999999999999943e+00,1.687986918927288116e+01
1.937000000000000055e+00,1.687386163810598205e+01
1.937999999999999945e+00,1.690548468389663483e+01
1.939000000000000057e+00,1.696422532421716767e+01
1.939999999999999947e+00,1.692549937542034399e+01
1.941000000000000059e+00,1.695124162129160439e+01
1.941999999999999948e+00,1.687697618590559756e+01
1.943000000000000060e+00,1.689335836415246206e+01
1.943999999999999950e+00,1.695762303040091368e+01
1.945000000000000062e+00,1.687889616074586741e+01
1.945999999999999952e+00,1.697344530273964835e+01
1.947000000000000064e+00,1.687372211092101182e+01
1.947999999999999954e+00,1.697651414202663744e+01
1.949000000000000066e+00,1.690376289084771955e+01
1.949999999999999956e+00,1.694856390749098907e+01
1.951000000000000068e+00,1.693611615148487815e+01
1.951999999999999957e+00,1.695225419416424728e+01
1.953000000000000069e+00,1.695932336652284178e+01
1.953999999999999959e+00,1.704557062893309194e+01
1.955000000000000071e+00,1.697149420177904844e+01
1.955999999999999961e+00,1.699266292118133137e+01
1.957000000000000073e+00,1.699606091089066595e+01
1.957999999999999963e+00,1.693899128394018305e+01
1.959000000000000075e+00,1.700631582258343144e+01
1.959999999999999964e+00,1.700427301788624135e+01
1.961000000000000076e+00,1.694987245248168151e+01
1.961999999999999966e+00,1.699755782648666624e+01
1.963000000000000078e+00,1.702740713861577504e+01
1.963999999999999968e+00,1.699406736731255663e+01
1.965000000000000080e+00,1.697698371218064040e+01
1.965999999999999970e+00,1.697421588198847786e+01
1.967000000000000082e+00,1.693788483504769360e+01
1.967999999999999972e+00,1.706360645092253847e+01
1.969000000000000083e+00,1.700466475281858436e+01
1.969999999999999973e+00,1.696189280198413840e+01
1.971000000000000085e+00,1.697312183241320582e+01
1.971999999999999975e+00,1.694566260146917003e+01
1.973000000000000087e+00,1.693548232239766094e+01
1.973999999999999977e+00,1.700344403210918998e+01
1.975000000000000089e+00,1.699380765064134735e+01
1.975999999999999979e+00,1.694610751089054546e+01
1.977000000000000091e+00,1.699993762473354053e+01
1.977999999999999980e+00,1.695136087808312197e+01
1.979000000000000092e+00,1.700360174947935477e+01
1.979999999999999982e+00,1.691232361470436274e+01
1.981000000000000094e+00,1.700094505313029103e+01
1.981999999999999984e+00,1.696137819387395851e+01
1.983000000000000096e+00,1.695051147099177058e+01
1.983999999999999986e+00,1.696582590055455597e+01
1.985000000000000098e+00,1.693097217337951221e+01
1.985999999999999988e+00,1.694955769950536606e+01
1.987000000000000099e+00,1.692191605275347044e+01
1.987999999999999989e+00,1.696982499957097090e+01
1.989000000000000101e+00,1.702215076378060843e+01
1.989999999999999991e+00,1.701004991458477633e+01
1.991000000000000103e+00,1.707595683319349078e+01
1.991999999999999993e+00,1.699183075072040339e+01
1.993000000000000105e+00,1.694309819938121109e+01
1.993999999999999995e+00,1.691301136316046438e+01
1.995000000000000107e+00,1.692839117518978753e+01
1.995999999999999996e+00,1.694625759125491626e+01
1.997000000000000108e+00,1.697619718756235940e+01
1.997999999999999998e+00,1.702794896350552989e+01
1.999000000000000110e+00,1.689746940330846670e+01
2.000000000000000000e+00,1.700518502547441813e+01
2.000999999999999890e+00,1.696291857199427611e+01
2.001999999999999780e+00,1.695028814321223010e+01
2.003000000000000114e+00,1.699163570597311690e+01
2.004000000000000004e+00,1.692593361749317538e+01
2.004999999999999893e+00,1.692885145378034650e+01
2.005999999999999783e+00,1.691354125780442175e+01
2.007000000000000117e+00,1.701627981473933815e+01
2.008000000000000007e+00,1.699094026254098821e+01
2.008999999999999897e+00,1.692105603492966281e+01
2.009999999999999787e+00,1.703141226621485771e+01
2.011000000000000121e+00,1.699595154248413209e+01
2.012000000000000011e+00,1.695363987515696280e+01
2.012999999999999901e+00,1.695270640183652588e+01
2.013999999999999790e+00,1.699875168972214823e+01
2.015000000000000124e+00,1.700437488118934581e+01
2.016000000000000014e+00,1.699906314117005124e+01
2.016999999999999904e+00,1.699259422210828774e+01
2.017999999999999794e+00,1.704710655246874751e+01
2.019000000000000128e+00,1.695589139602222772e+01
2.020000000000000018e+00,1.697882213391999073e+01
2.020999999999999908e+00,1.689803790239015413e+01
2.021999999999999797e+00,1.703551703425898722e+01
2.023000000000000131e+00,1.689627111122115721e+01
2.024000000000000021e+00,1.695097661764210528e+01
2.024999999999999911e+00,1.697487448587818903e+01
2.025999999999999801e+00,1.701196688995049655e+01
2.027000000000000135e+00,1.697136162364640199e+01
2.028000000000000025e+00,1.697886763062202675e+01
2.028999999999999915e+00,1.692772849242514610e+01
2.029999999999999805e+00,1.694242580738594128e+01
2.031000000000000139e+00,1.699477055704755912e+01
2.032000000000000028e+00,1.694185460979110402e+01
2.032999999999999918e+00,1.695510113984043699e+01
2.033999999999999808e+00,1.694424454108875011e+01
2.035000000000000142e+00,1.704594530443309353e+01
2.036000000000000032e+00,1.694883731210659050e+01
2.036999999999999922e+00,1.699183933483604747e+01
2.037999999999999812e+00,1.696626615494069057e+01
2.039000000000000146e+00,1.701361726599530400e+01
2.040000000000000036e+00,1.695248635459172348e+01
2.040999999999999925e+00,1.690427503110064578e+01
2.041999999999999815e+00,1.697257024267272385e+01
2.043000000000000149e+00,1.699537211354588351e+01
2.044000000000000039e+00,1.697046905950776363e+01
2.044999999999999929e+00,1.697014456098084167e+01
2.045999999999999819e+00,1.698532872004622618e+01
2.047000000000000153e+00,1.696374261950678530e+01
2.048000000000000043e+00,1.697081529077547302e+01
2.048999999999999932e+00,1.697104909762731495e+01
2.049999999999999822e+00,1.699268692684310267e+01
2.051000000000000156e+00,1.690401868734717183e+01
2.052000000000000046e+00,1.694954027046585665e+01
2.052999999999999936e+00,1.699046251536669416e+01
2.053999999999999826e+00,1.696616364011046230e+01
2.055000000000000160e+00,1.694665075858673475e+01
2.056000000000000050e+00,1.693971581049667918e+01
2.056999999999999940e+00,1.692613275649837590e+01
2.057999999999999829e+00,1.694732818690021148e+01
2.059000000000000163e+00,1.693869256062457396e+01
2.060000000000000053e+00,1.691705582210811443e+01
2.060999999999999943e+00,1.690264415192955028e+01
2.061999999999999833e+00,1.691794050966343121e+01
2.063000000000000167e+00,1.694321271053217259e+01
2.064000000000000057e+00,1.699265498908192740e+01
2.064999999999999947e+00,1.694855015812693111e+01
2.065999999999999837e+00,1.689547763282437387e+01
2.067000000000000171e+00,1.694290980102320887e+01
2.068000000000000060e+00,1.696863001823525252e+01
2.068999999999999950e+00,1.692474580427854391e+01
2.069999999999999840e+00,1.691401238587302203e+01
2.071000000000000174e+00,1.698830614343878409e+01
2.072000000000000064e+00,1.689909641814222141e+01
2.072999999999999954e+00,1.695109006292494058e+01
2.073999999999999844e+00,1.694439895531721163e+01
2.075000000000000178e+00,1.695895603483706537e+01
2.076000000000000068e+00,1.691029320298227034e+01
2.076999999999999957e+00,1.690928587933754201e+01
2.077999999999999847e+00,1.689958031980891207e+01
2.079000000000000181e+00,1.698494111178169419e+01
2.080000000000000071e+00,1.694050053709126402e+01
2.080999999999999961e+00,1.690202813808570070e+01
2.081999999999999851e+00,1.692147537247511835e+01
2.083000000000000185e+00,1.698919388457524704e+01
2.084000000000000075e+00,1.692202170933841643e+01
2.084999999999999964e+00,1.693131730850591055e+01
2.085999999999999854e+00,1.690101396478040030e+01
2.087000000000000188e+00,1.684885337722065302e+01
2.088000000000000078e+00,1.693878849067364811e+01
2.088999999999999968e+00,1.695545767435642404e+01
2.089999999999999858e+00,1.692178206870634227e+01
2.091000000000000192e+00,1.694559298980178852e+01
2.092000000000000082e+00,1.691111048411780615e+01
2.092999999999999972e+00,1.695753481599995638e+01
2.093999999999999861e+00,1.697997371727392490e+01
2.095000000000000195e+00,1.694847492088931773e+01
2.096000000000000085e+00,1.701783121030736723e+01
2.096999999999999975e+00,1.688948836250801122e+01
2.097999999999999865e+00,1.688962875686927489e+01
2.099000000000000199e+00,1.693508117178613759e+01
2.100000000000000089e+00,1.695866964464972781e+01
2.100999999999999979e+00,1.700652035446865540e+01
2.101999999999999869e+00,1.689598692409637692e+01
2.103000000000000203e+00,1.692062430751697377e+01
2.104000000000000092e+00,1.692357269548611498e+01
2.104999999999999982e+00,1.697277108105166477e+01
2.105999999999999872e+00,1.694546228730345305e+01
2.107000000000000206e+00,1.698307363477738008e+01
2.108000000000000096e+00,1.691225529040815800e+01
2.108999999999999986e+00,1.691800247833543835e+01
2.109999999999999876e+00,1.687876611487987333e+01
2.111000000000000210e+00,1.686394779653471687e+01
2.112000000000000099e+00,1.693814329636260396e+01
2.112999999999999989e+00,1.703714116159876824e+01
2.113999999999999879e+00,1.689089519305094456e+01
2.115000000000000213e+00,1.691385557345820345e+01
2.116000000000000103e+00,1.690534260183547843e+01
2.116999999999999993e+00,1.693036436631589225e+01
2.117999999999999883e+00,1.690730870041767986e+01
2.119000000000000217e+00,1.685636159295304282e+01
2.120000000000000107e+00,1.694357780900255506e+01
2.120999999999999996e+00,1.693993575914066696e+01
2.121999999999999886e+00,1.690977485869948183e+01
2.123000000000000220e+00,1.692680324322190444e+01
2.124000000000000110e+00,1.691171020332373232e+01
2.125000000000000000e+00,1.691168865983440384e+01
2.125999999999999890e+00,1.691157959841540759e+01
2.126999999999999780e+00,1.684840909489851413e+01
2.128000000000000114e+00,1.689601031657143082e+01
2.129000000000000004e+00,1.692433516245944602e+01
2.129999999999999893e+00,1.685956043809703786e+01
2.130999999999999783e+00,1.682219650713716064e+01
2.132000000000000117e+00,1.695151116903691957e+01
2.133000000000000007e+00,1.688043105237488817e+01
2.133999999999999897e+00,1.692693912927271427e+01
2.134999999999999787e+00,1.686390418259091817e+01
2.136000000000000121e+00,1.687063255466701150e+01
2.137000000000000011e+00,1.686339517979687841e+01
2.137999999999999901e+00,1.688386356419232115e+01
2.138999999999999790e+00,1.690445711046761090e+01
2.140000000000000124e+00,1.692937974632145881e+01
2.141000000000000014e+00,1.684478254161676603e+01
2.141999999999999904e+00,1.689190386879986150e+01
2.142999999999999794e+00,1.691303851838606320e+01
2.144000000000000128e+00,1.692657341804957127e+01
2.145000000000000018e+00,1.689049294708472715e+01
2.145999999999999908e+00,1.699929803577712306e+01
2.146999999999999797e+00,1.688419190505387846e+01
2.148000000000000131e+00,1.697035576219408881e+01
2.149000000000000021e+00,1.696855931128405715e+01
2.149999999999999911e+00,1.698902909347335211e+01
2.150999999999999801e+00,1.696612834181897611e+01
2.152000000000000135e+00,1.689950882626739315e+01
2.153000000000000025e+00,1.695455804174002878e+01
2.153999999999999915e+00,1.692828710535718884e+01
2.154999999999999805e+00,1.696878819542457606e+01
2.156000000000000139e+00,1.698027559029513256e+01
2.157000000000000028e+00,1.695440173257313177e+01
2.157999999999999918e+00,1.688585196162883051e+01
2.158999999999999808e+00,1.696885245474377868e+01
2.160000000000000142e+00,1.696564824829144769e+01
2.161000000000000032e+00,1.698561713885001367e+01
2.161999999999999922e+00,1.693751302485584631e+01
2.162999999999999812e+00,1.692036210577358091e+01
2.164000000000000146e+00,1.696685945836765441e+01
2.165000000000000036e+00,1.692494288158202664e+01
2.165999999999999925e+00,1.698060463415627908e+01
2.166999999999999815e+00,1.689792729381522207e+01
2.168000000000000149e+00,1.699292685041585926e+01
2.169000000000000039e+00,1.700776010599921761e+01
2.169999999999999929e+00,1.701400107546481522e+01
2.170999999999999819e+00,1.694431801338882337e+01
2.172000000000000153e+00,1.691191877419077372e+01
2.173000000000000043e+00,1.695477361314467046e+01
2.173999999999999932e+00,1.699205727008940059e+01
2.174999999999999822e+00,1.695597226326686879e+01
2.176000000000000156e+00,1.698585278171880120e+01
2.177000000000000046e+00,1.702493910174306890e+01
2.177999999999999936e+00,1.695471797010377557e+01
2.178999999999999826e+00,1.697735838250703821e+01
2.180000000000000160e+00,1.695730131210740765e+01
2.181000000000000050e+00,1.690240517692481959e+01
2.181999999999999940e+00,1.688732012945279237e+01
2.182999999999999829e+00,1.696758373069212666e+01
2.184000000000000163e+00,1.691189356682994926e+01
2.185000000000000053e+00,1.693337288309182753e+01
2.185999999999999943e+00,1.695062389488282051e+01
2.186999999999999833e+00,1.691090988957381214e+01
2.188000000000000167e+00,1.688314290637610071e+01
2.189000000000000057e+00,1.695430285523294600e+01
2.189999999999999947e+00,1.691684062019217194e+01
2.190999999999999837e+00,1.695242307954730165e+01
2.192000000000000171e+00,1.688983621591081885e+01
2.193000000000000060e+00,1.693222142004574948e+01
2.193999999999999950e+00,1.697098805307104286e+01
2.194999999999999840e+00,1.694563833318379054e+01
2.196000000000000174e+00,1.698074631169859927e+01
2.197000000000000064e+00,1.698007484116653742e+01
2.197999999999999954e+00,1.696629866076790094e+01
2.198999999999999844e+00,1.686906931216077510e+01
2.200000000000000178e+00,1.690581373746856286e+01
2.201000000000000068e+00,1.694284700639776631e+01
2.201999999999999957e+00,1.692363909047544013e+01
2.202999999999999847e+00,1.695036648619278452e+01
2.204000000000000181e+00,1.693092367112945951e+01
2.205000000000000071e+00,1.685880313723044566e+01
2.205999999999999961e+00,1.689241610256698678e+01
2.206999999999999851e+00,1.691811583909087346e+01
2.208000000000000185e+00,1.692598389733079500e+01
2.209000000000000075e+00,1.701309770954160783e+01
2.209999999999999964e+00,1.686760452541485478e+01
2.210999999999999854e+00,1.695787300532392905e+01
2.212000000000000188e+00,1.691880237379463381e+01
2.213000000000000078e+00,1.695979697283862109e+01
2.213999999999999968e+00,1.700695848116901843e+01
2.214999999999999858e+00,1.697891193597050119e+01
2.216000000000000192e+00,1.691772426226810211e+01
2.217000000000000082e+00,1.695322808003145099e+01
2.217999999999999972e+00,1.691775957067119407e+01
2.218999999999999861e+00,1.689442626371050693e+01
2.220000000000000195e+00,1.697805013903091620e+01
2.221000000000000085e+00,1.694790108945831264e+01
2.221999999999999975e+00,1.698641289104791952e+01
2.222999999999999865e+00,1.701106640577159368e+01
2.224000000000000199e+00,1.693786865924502649e+01
2.225000000000000089e+00,1.691107935606796886e+01
2.225999999999999979e+00,1.694746241934187836e+01
2.226999999999999869e+00,1.697840878828806410e+01
2.228000000000000203e+00,1.691065378520269036e+01
2.229000000000000092e+00,1.696314889452861152e+01
2.229999999999999982e+00,1.685854377856794883e+01
2.230999999999999872e+00,1.694823021845025579e+01
2.232000000000000206e+00,1.697186490628954658e+01
2.233000000000000096e+00,1.695279848061732153e+01
2.233999999999999986e+00,1.691593813027605719e+01
2.234999999999999876e+00,1.696751146207130390e+01
2.236000000000000210e+00,1.697679858249296103e+01
2.237000000000000099e+00,1.694633831960000592e+01
2.237999999999999989e+00,1.688550377414050629e+01
2.238999999999999879e+00,1.694548196243581017e+01
2.240000000000000213e+00,1.695521919155898161e+01
2.241000000000000103e+00,1.699147022327383993e+01
2.241999999999999993e+00,1.697567790084708861e+01
2.242999999999999883e+00,1.691271806023097213e+01
2.244000000000000217e+00,1.695939570867203727e+01
2.245000000000000107e+00,1.701016089854057967e+01
2.245999999999999996e+00,1.697173531160606785e+01
2.246999999999999886e+00,1.697921564277750051e+01
2.248000000000000220e+00,1.692878194922584356e+01
2.249000000000000110e+00,1.699346640729582703e+01
2.250000000000000000e+00,1.692324214419421935e+01
2.250999999999999890e+00,1.696092506266336386e+01
2.251999999999999780e+00,1.704780581379802129e+01
2.253000000000000114e+00,1.700196005982693492e+01
2.254000000000000004e+00,1.695079665556004400e+01
2.254999999999999893e+00,1.696008892557499692e+01
2.255999999999999783e+00,1.695373403814035385e+01
2.257000000000000117e+00,1.695532275423257929e+01
2.258000000000000007e+00,1.687026838509805771e+01
2.258999999999999897e+00,1.693512989930773571e+01
2.259999999999999787e+00,1.691183451545778738e+01
2.261000000000000121e+00,1.687313473315676049e+01
2.262000000000000011e+00,1.694920639255190764e+01
2.262999999999999901e+00,1.696019286948210336e+01
2.263999999999999790e+00,1.698039328646856205e+01
2.265000000000000124e+00,1.698759701494506302e+01
2.266000000000000014e+00,1.696789786835276459e+01
2.266999999999999904e+00,1.701145006835147910e+01
2.267999999999999794e+00,1.693792635304853889e+01
2.269000000000000128e+00,1.695004745304899529e+01
2.270000000000000018e+00,1.696482976287875744e+01
2.270999999999999908e+00,1.695277258549290522e+01
2.271999999999999797e+00,1.699354521543287078e+01
2.273000000000000131e+00,1.691069488477287308e+01
2.274000000000000021e+00,1.697635747294176767e+01
2.274999999999999911e+00,1.695394996075993532e+01
2.275999999999999801e+00,1.697255526289050209e+01
2.277000000000000135e+00,1.702775635691589073e+01
2.278000000000000025e+00,1.699559430927602932e+01
2.278999999999999915e+00,1.691595715367737540e+01
2.279999999999999805e+00,1.695423737483548265e+01
2.281000000000000139e+00,1.694033177485548336e+01
2.282000000000000028e+00,1.689677077226007285e+01
2.282999999999999918e+00,1.691771702141565825e+01
2.283999999999999808e+00,1.697504252070084263e+01
2.285000000000000142e+00,1.698544245092539384e+01
2.286000000000000032e+00,1.700989923032605233e+01
2.286999999999999922e+00,1.697867767651528936e+01
2.287999999999999812e+00,1.689958974020729343e+01
2.289000000000000146e+00,1.698463508085836082e+01
2.290000000000000036e+00,1.694041712487147322e+01
2.290999999999999925e+00,1.692980847252659871e+01
2.291999999999999815e+00,1.688129034194627920e+01
2.293000000000000149e+00,1.690263551018190213e+01
2.294000000000000039e+00,1.696799447815424600e+01
2.294999999999999929e+00,1.696657892404189383e+01
2.295999999999999819e+00,1.694297612997526414e+01
2.297000000000000153e+00,1.694604498903119705e+01
2.298000000000000043e+00,1.691075486411427065e+01
2.298999999999999932e+00,1.692735200743395296e+01
2.299999999999999822e+00,1.698963088388536846e+01
2.301000000000000156e+00,1.695343751888817962e+01
2.302000000000000046e+00,1.690700123002601174e+01
2.302999999999999936e+00,1.696599954856115389e+01
2.303999999999999826e+00,1.696733034281723818e+01
2.305000000000000160e+00,1.689217839484696171e+01
2.306000000000000050e+00,1.684375770082847623e+01
2.306999999999999940e+00,1.690899468071686229e+01
2.307999999999999829e+00,1.686100542820216219e+01
2.309000000000000163e+00,1.690059618547447329e+01
2.310000000000000053e+00,1.692642790872365310e+01
2.310999999999999943e+00,1.692121208079011296e+01
2.311999999999999833e+00,1.694368683457433278e+01
2.313000000000000167e+00,1.692981223160919058e+01
2.314000000000000057e+00,1.693594319864289588e+01
2.314999999999999947e+00,1.697611404460990059e+01
2.315999999999999837e+00,1.691151795284394410e+01
2.317000000000000171e+00,1.694690888392348072e+01
2.318000000000000060e+00,1.691993493929493297e+01
2.318999999999999950e+00,1.695196074243527562e+01
2.319999999999999840e+00,1.697856698913019713e+01
2.321000000000000174e+00,1.698166480985837268e+01
2.322000000000000064e+00,1.699684295476561147e+01
2.322999999999999954e+00,1.706161667247916824e+01
2.323999999999999844e+00,1.700392869715596689e+01
2.325000000000000178e+00,1.702516357106091505e+01
2.326000000000000068e+00,1.704020598186736990e+01
2.326999999999999957e+00,1.708260116084129621e+01
2.327999999999999847e+00,1.702171360905761688e+01
2.329000000000000181e+00,1.702187540828641232e+01
2.330000000000000071e+00,1.703822326313619584e+01
2.330999999999999961e+00,1.702246237564073894e+01
2.331999999999999851e+00,1.700381585705473242e+01
2.333000000000000185e+00,1.702207084902194367e+01
2.334000000000000075e+00,1.695036654804149379e+01
2.334999999999999964e+00,1.696535663635657087e+01
2.335999999999999854e+00,1.694104075791000241e+01
2.337000000000000188e+00,1.695305126340427293e+01
2.338000000000000078e+00,1.699709319650703065e+01
2.338999999999999968e+00,1.699785608789011704e+01
2.339999999999999858e+00,1.701001315040327455e+01
2.341000000000000192e+00,1.693047344515377972e+01
2.342000000000000082e+00,1.690175812902877794e+01
2.342999999999999972e+00,1.701968799091253359e+01
2.343999999999999861e+00,1.693852898089225434e+01
2.345000000000000195e+00,1.689582242121914746e+01
2.346000000000000085e+00,1.698453500081324208e+01
2.346999999999999975e+00,1.693029243226624914e+01
2.347999999999999865e+00,1.693917189810780144e+01
2.349000000000000199e+00,1.691239075338272002e+01
2.350000000000000089e+00,1.697961374143682178e+01
2.350999999999999979e+00,1.696101364036916337e+01
2.351999999999999869e+00,1.699483473808423284e+01
2.353000000000000203e+00,1.693449903838991233e+01
2.354000000000000092e+00,1.696768899501149619e+01
2.354999999999999982e+00,1.704510662093992579e+01
2.355999999999999872e+00,1.703654337564896437e+01
2.357000000000000206e+00,1.704991995272569838e+01
2.358000000000000096e+00,1.710148344231887663e+01
2.358999999999999986e+00,1.701385947392365239e+01
2.359999999999999876e+00,1.699001459979015394e+01
2.361000000000000210e+00,1.707197395125693262e+01
2.362000000000000099e+00,1.705441431577332523e+01
2.362999999999999989e+00,1.700037797992924382e+01
2.363999999999999879e+00,1.702735480195048012e+01
2.365000000000000213e+00,1.709422111353262608e+01
2.366000000000000103e+00,1.705083485107346775e+01
2.366999999999999993e+00,1.701950455200013579e+01
2.367999999999999883e+00,1.700269658438360665e+01
2.369000000000000217e+00,1.706367947833781074e+01
2.370000000000000107e+00,1.707265515376251841e+01
2.370999999999999996e+00,1.702177810177610695e+01
2.371999999999999886e+00,1.699884083474661622e+01
2.373000000000000220e+00,1.701447612180724533e+01
2.374000000000000110e+00,1.703099880307442859e+01
2.375000000000000000e+00,1.701519899482987341e+01
2.375999999999999890e+00,1.699933435829584027e+01
2.376999999999999780e+00,1.697530032571880199e+01
2.378000000000000114e+00,1.697401937616455214e+01
2.379000000000000004e+00,1.695828436253231786e+01
2.379999999999999893e+00,1.693817939254388705e+01
2.380999999999999783e+00,1.698664061449031593e+01
2.382000000000000117e+00,1.690078539244637668e+01
2.383000000000000007e+00,1.690263082422376328e+01
2.383999999999999897e+00,1.697558587132603236e+01
2.384999999999999787e+00,1.691614622067189089e+01
2.386000000000000121e+00,1.693949346104663078e+01
2.387000000000000011e+00,1.698263509977567765e+01
2.387999999999999901e+00,1.698866849454114103e+01
2.388999999999999790e+00,1.697103497857040111e+01
2.390000000000000124e+00,1.701090882449475217e+01
2.391000000000000014e+00,1.697748866959472380e+01
2.391999999999999904e+00,1.695739529546399993e+01
2.392999999999999794e+00,1.693221594811298658e+01
2.394000000000000128e+00,1.697876168182536816e+01
2.395000000000000018e+00,1.698112511572902150e+01
2.395999999999999908e+00,1.695822468692498219e+01
2.396999999999999797e+00,1.691957013909102159e+01
2.398000000000000131e+00,1.694623290105808522e+01
2.399000000000000021e+00,1.688791432090930655e+01
2.399999999999999911e+00,1.692616840515262666e+01
2.400999999999999801e+00,1.696781374413976096e+01
2.402000000000000135e+00,1.700442632922234765e+01
2.403000000000000025e+00,1.693255430948619278e+01
2.403999999999999915e+00,1.695446614161571830e+01
2.404999999999999805e+00,1.693413607168495005e+01
2.406000000000000139e+00,1.694354984977657708e+01
2.407000000000000028e+00,1.688525605850596278e+01
2.407999999999999918e+00,1.699491035946929429e+01
2.408999999999999808e+00,1.690336995781249030e+01
2.410000000000000142e+00,1.695668166870058968e+01
2.411000000000000032e+00,1.689572676363541959e+01
2.411999999999999922e+00,1.692637853167869721e+01
2.412999999999999812e+00,1.696330461787268007e+01
2.414000000000000146e+00,1.695091182951464859e+01
2.415000000000000036e+00,1.693289592255441889e+01
2.415999999999999925e+00,1.697699577354749323e+01
2.416999999999999815e+00,1.690964637439968854e+01
2.418000000000000149e+00,1.693609485204981269e+01
2.419000000000000039e+00,1.692389045754777044e+01
2.419999999999999929e+00,1.691398159633306619e+01
2.420999999999999819e+00,1.690176320937619536e+01
2.422000000000000153e+00,1.692661054471785320e+01
2.423000000000000043e+00,1.687508039639427793e+01
2.423999999999999932e+00,1.693687863990090392e+01
2.424999999999999822e+00,1.690162812841639806e+01
2.426000000000000156e+00,1.687622854895138147e+01
2.427000000000000046e+00,1.691341115856856447e+01
2.427999999999999936e+00,1.696214466835846935e+01
2.428999999999999826e+00,1.689512862022983342e+01
2.430000000000000160e+00,1.698610321985287186e+01
2.431000000000000050e+00,1.700029476007161122e+01
2.431999999999999940e+00,1.696055184709519636e+01
2.432999999999999829e+00,1.692835424857049986e+01
2.434000000000000163e+00,1.697847661092553651e+01
2.435000000000000053e+00,1.700014213514266714e+01
2.435999999999999943e+00,1.698128793500558942e+01
2.436999999999999833e+00,1.694311945927445962e+01
2.438000000000000167e+00,1.687672523687207971e+01
2.439000000000000057e+00,1.692726207658719417e+01
2.439999999999999947e+00,1.689667276212217928e+01
2.440999999999999837e+00,1.690507127889090810e+01
2.442000000000000171e+00,1.695644368962613768e+01
2.443000000000000060e+00,1.695178126361392401e+01
2.443999999999999950e+00,1.690415105095581083e+01
2.444999999999999840e+00,1.695666938112712074e+01
2.446000000000000174e+00,1.704129153014850928e+01
2.447000000000000064e+00,1.705546158901805143e+01
2.447999999999999954e+00,1.692183092211690720e+01
2.448999999999999844e+00,1.695976400585647070e+01
2.450000000000000178e+00,1.690417953201240309e+01
2.451000000000000068e+00,1.697842428673351023e+01
2.451999999999999957e+00,1.691755924448005288e+01
2.452999999999999847e+00,1.699459503911971225e+01
2.454000000000000181e+00,1.700062274298078790e+01
2.455000000000000071e+00,1.692203470688597378e+01
2.455999999999999961e+00,1.699193277104391697e+01
2.456999999999999851e+00,1.688523162221695273e+01
2.458000000000000185e+00,1.685639815022123855e+01
2.459000000000000075e+00,1.707949903393999591e+01
2.459999999999999964e+00,1.699232488474745750e+01
2.460999999999999854e+00,1.700777916020880554e+01
2.462000000000000188e+00,1.699488936517919413e+01
2.463000000000000078e+00,1.695412458964642965e+01
2.463999999999999968e+00,1.701912865012360498e+01
2.464999999999999858e+00,1.707985373344694935e+01
2.466000000000000192e+00,1.700476697763641454e+01
2.467000000000000082e+00,1.701493613597244092e+01
2.467999999999999972e+00,1.700989137069426960e+01
2.468999999999999861e+00,1.700466314492325637e+01
2.470000000000000195e+00,1.700190883126741781e+01
2.471000000000000085e+00,1.700774228589919801e+01
2.471999999999999975e+00,1.700611647125701964e+01
2.472999999999999865e+00,1.695240799258824893e+01
2.474000000000000199e+00,1.697797192451861648e+01
2.475000000000000089e+00,1.701200674515027700e+01
2.475999999999999979e+00,1.707438260941815145e+01
2.476999999999999869e+00,1.701073488183232385e+01
2.478000000000000203e+00,1.702136623132550497e+01
2.479000000000000092e+00,1.698886848409559036e+01
2.479999999999999982e+00,1.699951144300899841e+01
2.480999999999999872e+00,1.703171796125844750e+01
2.482000000000000206e+00,1.698099495235746659e+01
2.483000000000000096e+00,1.708075135915479592e+01
2.483999999999999986e+00,1.701188834299631480e+01
2.484999999999999876e+00,1.699599427054383227e+01
2.486000000000000210e+00,1.696879205407755364e+01
2.487000000000000099e+00,1.698922692354389952e+01
2.487999999999999989e+00,1.704538571862268626e+01
2.488999999999999879e+00,1.703806615258448431e+01
2.490000000000000213e+00,1.697192338659404243e+01
2.491000000000000103e+00,1.694518569783146944e+01
2.491999999999999993e+00,1.705757530491444385e+01
2.492999999999999883e+00,1.697358954560592181e+01
2.494000000000000217e+00,1.695969867883183468e+01
2.495000000000000107e+00,1.701618643751217874e+01
2.495999999999999996e+00,1.699186225461708233e+01
2.496999999999999886e+00,1.707230496658501195e+01
2.498000000000000220e+00,1.695429453041359125e+01
2.499000000000000110e+00,1.691387566967188505e+01
2.500000000000000000e+00,1.693407485483655961e+01
2.500999999999999890e+00,1.696449005397742837e+01
2.501999999999999780e+00,1.691023697554120275e+01
2.503000000000000114e+00,1.701822031520325496e+01
2.504000000000000004e+00,1.701661578940697339e+01
2.504999999999999893e+00,1.695297214489651338e+01
2.505999999999999783e+00,1.707046864931394126e+01
2.507000000000000117e+00,1.697400912784970828e+01
2.508000000000000007e+00,1.703219189789479771e+01
2.508999999999999897e+00,1.701096241929326069e+01
2.509999999999999787e+00,1.706088283752148271e+01
2.511000000000000121e+00,1.701935604020467707e+01
2.512000000000000011e+00,1.696604255945741002e+01
2.512999999999999901e+00,1.696890245594386570e+01
2.513999999999999790e+00,1.698904400483670685e+01
2.515000000000000124e+00,1.696279368261852127e+01
2.516000000000000014e+00,1.699604718418062888e+01
2.516999999999999904e+00,1.700902796899690017e+01
2.517999999999999794e+00,1.686912291763778526e+01
2.519000000000000128e+00,1.687711863040330584e+01
2.520000000000000018e+00,1.687734950164419345e+01
2.520999999999999908e+00,1.691439714918346127e+01
2.521999999999999797e+00,1.693043821074572008e+01
2.523000000000000131e+00,1.696251729927799090e+01
2.524000000000000021e+00,1.694231439558597074e+01
2.524999999999999911e+00,1.690645762167475397e+01
2.525999999999999801e+00,1.694030320209732920e+01
2.527000000000000135e+00,1.689193380645397369e+01
2.528000000000000025e+00,1.692190375355552590e+01
2.528999999999999915e+00,1.694084633564635922e+01
2.529999999999999805e+00,1.691178603854470452e+01
2.531000000000000139e+00,1.690890583539082925e+01
2.532000000000000028e+00,1.694617534172212459e+01
2.532999999999999918e+00,1.696098835374165859e+01
2.533999999999999808e+00,1.694061075173035746e+01
2.535000000000000142e+00,1.695295946027488299e+01
2.536000000000000032e+00,1.696050717971714406e+01
2.536999999999999922e+00,1.696784166896296142e+01
2.537999999999999812e+00,1.702236954149368842e+01
2.539000000000000146e+00,1.702505998358012818e+01
2.540000000000000036e+00,1.694583154155918336e+01
2.540999999999999925e+00,1.693087721974426785e+01
2.541999999999999815e+00,1.700996806675379958e+01
2.543000000000000149e+00,1.703102980191780702e+01
2.544000000000000039e+00,1.700849391481597195e+01
2.544999999999999929e+00,1.698333528935773984e+01
2.545999999999999819e+00,1.696536335688409025e+01
2.547000000000000153e+00,1.704854806633633402e+01
2.548000000000000043e+00,1.702017002189358408e+01
2.548999999999999932e+00,1.697210535284224164e+01
2.549999999999999822e+00,1.698245264504037522e+01
2.551000000000000156e+00,1.701130883233562585e+01
2.552000000000000046e+00,1.704711192802538733e+01
2.552999999999999936e+00,1.703197114585679373e+01
2.553999999999999826e+00,1.696624326146102746e+01
2.555000000000000160e+00,1.700677148999553978e+01
2.556000000000000050e+00,1.705402612360140324e+01
2.556999999999999940e+00,1.704493078686243734e+01
2.557999999999999829e+00,1.702739610769973666e+01
2.559000000000000163e+00,1.700095818925901980e+01
2.560000000000000053e+00,1.701746245925708934e+01
2.560999999999999943e+00,1.699331727834331929e+01
2.561999999999999833e+00,1.702616885410136405e+01
2.563000000000000167e+00,1.703721006000076343e+01
2.564000000000000057e+00,1.710346901160858835e+01
2.564999999999999947e+00,1.706965200049214459e+01
2.565999999999999837e+00,1.701293712550883797e+01
2.567000000000000171e+00,1.701833781618220343e+01
2.568000000000000060e+00,1.707251827191355176e+01
2.568999999999999950e+00,1.705067586687864534e+01
2.569999999999999840e+00,1.694904506668653710e+01
2.571000000000000174e+00,1.699698552773988780e+01
2.572000000000000064e+00,1.711214763387150839e+01
2.572999999999999954e+00,1.698404477353443554e+01
2.573999999999999844e+00,1.699271368444156849e+01
2.575000000000000178e+00,1.702475703455144540e+01
2.576000000000000068e+00,1.695851321313675797e+01
2.576999999999999957e+00,1.702000639283368599e+01
2.577999999999999847e+00,1.699531702268611966e+01
2.579000000000000181e+00,1.695756499328891920e+01
2.580000000000000071e+00,1.698661367976374592e+01
2.580999999999999961e+00,1.695290499516623228e+01
2.581999999999999851e+00,1.696573015637930126e+01
2.583000000000000185e+00,1.689961279082039169e+01
2.584000000000000075e+00,1.694721995551438098e+01
2.584999999999999964e+00,1.690103707469179639e+01
2.585999999999999854e+00,1.695483234971237607e+01
2.587000000000000188e+00,1.698947764105988512e+01
2.588000000000000078e+00,1.694857561320569062e+01
2.588999999999999968e+00,1.699213101742035192e+01
2.589999999999999858e+00,1.694737544186505218e+01
2.591000000000000192e+00,1.704871557397084558e+01
2.592000000000000082e+00,1.699756104186304029e+01
2.592999999999999972e+00,1.696520168338429713e+01
2.593999999999999861e+00,1.700651799626002614e+01
2.595000000000000195e+00,1.695218919888950992e+01
2.596000000000000085e+00,1.697749753652491833e+01
2.596999999999999975e+00,1.700521640442664051e+01
2.597999999999999865e+00,1.695024554228969293e+01
2.599000000000000199e+00,1.694355744787725371e+01
2.600000000000000089e+00,1.699009869575855802e+01
2.600999999999999979e+00,1.696095032934361768e+01
2.601999999999999869e+00,1.699549564218330389e+01
2.603000000000000203e+00,1.693867073646523025e+01
2.604000000000000092e+00,1.696160757595771074e+01
2.604999999999999982e+00,1.694041560690722648e+01
2.605999999999999872e+00,1.697901466823339334e+01
2.607000000000000206e+00,1.697829319525841285e+01
2.608000000000000096e+00,1.699133458388682882e+01
2.608999999999999986e+00,1.694307200370360533e+01
2.609999999999999876e+00,1.694191882398349236e+01
2.611000000000000210e+00,1.700039019354220926e+01
2.612000000000000099e+00,1.699801523160198258e+01
2.612999999999999989e+00,1.698976557042537650e+01
2.613999999999999879e+00,1.687241427338793542e+01
2.615000000000000213e+00,1.692657180261668515e+01
2.616000000000000103e+00,1.692572094372617997e+01
2.616999999999999993e+00,1.694524492266522486e+01
2.617999999999999883e+00,1.691139938047094660e+01
2.619000000000000217e+00,1.693719940005057722e+01
2.620000000000000107e+00,1.698034753827665355e+01
2.620999999999999996e+00,1.693213291210871319e+01
2.621999999999999886e+00,1.688773687737315754e+01
2.623000000000000220e+00,1.688845667433039566e+01
2.624000000000000110e+00,1.692701560793291904e+01
2.625000000000000000e+00,1.690886951802015403e+01
2.625999999999999890e+00,1.692746506092729675e+01
2.626999999999999780e+00,1.696447461873090035e+01
2.628000000000000114e+00,1.694105193424181977e+01
2.629000000000000004e+00,1.694363630754686412e+01
2.629999999999999893e+00,1.697643362271794487e+01
2.630999999999999783e+00,1.696347313287813208e+01
2.632000000000000117e+00,1.694588894272528634e+01
2.633000000000000007e+00,1.696762727673457150e+01
2.633999999999999897e+00,1.697568590101084141e+01
2.634999999999999787e+00,1.702056685978222106e+01
2.636000000000000121e+00,1.700130793573106658e+01
2.637000000000000011e+00,1.700755581820096651e+01
2.637999999999999901e+00,1.701639694616808995e+01
2.638999999999999790e+00,1.690762605601533863e+01
2.640000000000000124e+00,1.703014304809371282e+01
2.641000000000000014e+00,1.698591463189082518e+01
2.641999999999999904e+00,1.698828234521243630e+01
2.642999999999999794e+00,1.694893997437675992e+01
2.644000000000000128e+00,1.699847780931829888e+01
2.645000000000000018e+00,1.697200197229814123e+01
2.645999999999999908e+00,1.694172948951914748e+01
2.646999999999999797e+00,1.696199996732230630e+01
2.648000000000000131e+00,1.690959667934637167e+01
2.649000000000000021e+00,1.695580914776819625e+01
2.649999999999999911e+00,1.693646672696300470e+01
2.650999999999999801e+00,1.693123302479837378e+01
2.652000000000000135e+00,1.696641697371652313e+01
2.653000000000000025e+00,1.698026425404276196e+01
2.653999999999999915e+00,1.692208118294477259e+01
2.654999999999999805e+00,1.697268359671600280e+01
2.656000000000000139e+00,1.692165335467194254e+01
2.657000000000000028e+00,1.700369666408909097e+01
2.657999999999999918e+00,1.698111051434364782e+01
2.658999999999999808e+00,1.694347067347786151e+01
2.660000000000000142e+00,1.696480742127659624e+01
2.661000000000000032e+00,1.700583189379177540e+01
2.661999999999999922e+00,1.695515111724184365e+01
2.662999999999999812e+00,1.692638072640160374e+01
2.664000000000000146e+00,1.700755597498463345e+01
2.665000000000000036e+00,1.698866089713121497e+01
2.665999999999999925e+00,1.691176936067478920e+01
2.666999999999999815e+00,1.696370065607737487e+01
2.668000000000000149e+00,1.689319933477804980e+01
2.669000000000000039e+00,1.695729436953746117e+01
2.669999999999999929e+00,1.692545189319442045e+01
2.670999999999999819e+00,1.701326640017479264e+01
2.672000000000000153e+00,1.692600814763705941e+01
2.673000000000000043e+00,1.701067756522142815e+01
2.673999999999999932e+00,1.684362509147541687e+01
2.674999999999999822e+00,1.692178984677842024e+01
2.676000000000000156e+00,1.689168601393711810e+01
2.677000000000000046e+00,1.690637419444878375e+01
2.677999999999999936e+00,1.697001497163823913e+01
2.678999999999999826e+00,1.695853700062405522e+01
2.680000000000000160e+00,1.695819060193713312e+01
2.681000000000000050e+00,1.694468205373102521e+01
2.681999999999999940e+00,1.699047265221629743e+01
2.682999999999999829e+00,1.701485454508306816e+01
2.684000000000000163e+00,1.698743420458526288e+01
2.685000000000000053e+00,1.696849188881147796e+01
2.685999999999999943e+00,1.704527958632851536e+01
2.686999999999999833e+00,1.704098343171060037e+01
2.688000000000000167e+00,1.699593349566095313e+01
2.689000000000000057e+00,1.697823049552715702e+01
2.689999999999999947e+00,1.696949160047740790e+01
2.690999999999999837e+00,1.699449215709214656e+01
2.692000000000000171e+00,1.698897846391451694e+01
2.693000000000000060e+00,1.697491294268526474e+01
2.693999999999999950e+00,1.697304148947332791e+01
2.694999999999999840e+00,1.701541652609859767e+01
2.696000000000000174e+00,1.692125217599500786e+01
2.697000000000000064e+00,1.695438391930424160e+01
2.697999999999999954e+00,1.704911838774273036e+01
2.698999999999999844e+00,1.703363340705704587e+01
2.700000000000000178e+00,1.707872448189878867e+01
2.701000000000000068e+00,1.698425698162732544e+01
2.701999999999999957e+00,1.701358819480824280e+01
2.702999999999999847e+00,1.708500905963769156e+01
2.704000000000000181e+00,1.694654491049077905e+01
2.705000000000000071e+00,1.696537001255645905e+01
2.705999999999999961e+00,1.696599196360415363e+01
2.706999999999999851e+00,1.700524229411620425e+01
2.708000000000000185e+00,1.700695737861104817e+01
2.709000000000000075e+00,1.707605212309631071e+01
2.709999999999999964e+00,1.698723126100842862e+01
2.710999999999999854e+00,1.699760223838262618e+01
2.712000000000000188e+00,1.704991366194026980e+01
2.713000000000000078e+00,1.704529207417043324e+01
2.713999999999999968e+00,1.703886332641115331e+01
2.714999999999999858e+00,1.703096183227211213e+01
2.716000000000000192e+00,1.702979831418948464e+01
2.717000000000000082e+00,1.699811747547723684e+01
2.717999999999999972e+00,1.704785845783895937e+01
2.718999999999999861e+00,1.703229146037479680e+01
2.720000000000000195e+00,1.703094457859939226e+01
2.721000000000000085e+00,1.699745814271528843e+01
2.721999999999999975e+00,1.707097361233338617e+01
2.722999999999999865e+00,1.700236797817177603e+01
2.724000000000000199e+00,1.696727439987225949e+01
2.725000000000000089e+00,1.698547164672439180e+01
2.725999999999999979e+00,1.696151835531679453e+01
2.726999999999999869e+00,1.694703128866921560e+01
2.728000000000000203e+00,1.701602789758320355e+01
2.729000000000000092e+00,1.700865182481234683e+01
2.729999999999999982e+00,1.687669925346915889e+01
2.730999999999999872e+00,1.702563979652772375e+01
2.732000000000000206e+00,1.698392191469909918e+01
2.733000000000000096e+00,1.694063227158327933e+01
2.733999999999999986e+00,1.700262849364821705e+01
2.734999999999999876e+00,1.703955198262213599e+01
2.736000000000000210e+00,1.693842066348254605e+01
2.737000000000000099e+00,1.698713097043142639e+01
2.737999999999999989e+00,1.701519224349847903e+01
2.738999999999999879e+00,1.705940942726228826e+01
2.740000000000000213e+00,1.704353244211221607e+01
2.741000000000000103e+00,1.704327268803483619e+01
2.741999999999999993e+00,1.703449414471164047e+01
2.742999999999999883e+00,1.704911346567864427e+01
2.744000000000000217e+00,1.710699753265633305e+01
2.745000000000000107e+00,1.702460979607142022e+01
2.745999999999999996e+00,1.698084805709956413e+01
2.746999999999999886e+00,1.701590521773032449e+01
2.748000000000000220e+00,1.703466983515141919e+01
2.749000000000000110e+00,1.707028806008531063e+01
2.750000000000000000e+00,1.700733966948463660e+01
2.750999999999999890e+00,1.701205440509926703e+01
2.751999999999999780e+00,1.702385328871485726e+01
2.753000000000000114e+00,1.699809787851863518e+01
2.754000000000000004e+00,1.701587576624988785e+01
2.754999999999999893e+00,1.701396793824184428e+01
2.755999999999999783e+00,1.707943224227383894e+01
2.757000000000000117e+00,1.703139521461481110e+01
2.758000000000000007e+00,1.696456167404472382e+01
2.758999999999999897e+00,1.703362031593052706e+01
2.759999999999999787e+00,1.703250273944091475e+01
2.761000000000000121e+00,1.708384250232821344e+01
2.762000000000000011e+00,1.700470795110342692e+01
2.762999999999999901e+00,1.704454879368602249e+01
2.763999999999999790e+00,1.709207182467419628e+01
2.765000000000000124e+00,1.701553719971361645e+01
2.766000000000000014e+00,1.696943292745669396e+01
2.766999999999999904e+00,1.702230538989958930e+01
2.767999999999999794e+00,1.704565076408827906e+01
2.769000000000000128e+00,1.704808736010318171e+01
2.770000000000000018e+00,1.700917723419875927e+01
2.770999999999999908e+00,1.702097665506569513e+01
2.771999999999999797e+00,1.706945356399798186e+01
2.773000000000000131e+00,1.698794476828433631e+01
2.774000000000000021e+00,1.701926403068273430e+01
2.774999999999999911e+00,1.700369254788879658e+01
2.775999999999999801e+00,1.699492069791351412e+01
2.777000000000000135e+00,1.694439803789857280e+01
2.778000000000000025e+00,1.698707837750092509e+01
2.778999999999999915e+00,1.708727835653946769e+01
2.779999999999999805e+00,1.703939222777580298e+01
2.781000000000000139e+00,1.702580844562844220e+01
2.782000000000000028e+00,1.704315020096649036e+01
2.782999999999999918e+00,1.705133807835763093e+01
2.783999999999999808e+00,1.707736693107494830e+01
2.785000000000000142e+00,1.709734971449086061e+01
2.786000000000000032e+00,1.714863891451049938e+01
2.786999999999999922e+00,1.706285613176697780e+01
2.787999999999999812e+00,1.706217804006945471e+01
2.789000000000000146e+00,1.700589865037505533e+01
2.790000000000000036e+00,1.701130699904809873e+01
2.790999999999999925e+00,1.703388055167787485e+01
2.791999999999999815e+00,1.703866901750606644e+01
2.793000000000000149e+00,1.702335761099626055e+01
2.794000000000000039e+00,1.708031676164035417e+01
2.794999999999999929e+00,1.704647231070067903e+01
2.795999999999999819e+00,1.705705087838007827e+01
2.797000000000000153e+00,1.701204908099468938e+01
2.798000000000000043e+00,1.701005837338026438e+01
2.798999999999999932e+00,1.701179778551588129e+01
2.799999999999999822e+00,1.699023721529410125e+01
2.801000000000000156e+00,1.705958894722145658e+01
2.802000000000000046e+00,1.704347826075415995e+01
2.802999999999999936e+00,1.704103988144068893e+01
2.803999999999999826e+00,1.691990541485744259e+01
2.805000000000000160e+00,1.695779364586811511e+01
2.806000000000000050e+00,1.697123720042516126e+01
2.806999999999999940e+00,1.701299104622832203e+01
2.807999999999999829e+00,1.696754844768833337e+01
2.809000000000000163e+00,1.694893012103056762e+01
2.810000000000000053e+00,1.698110346864062947e+01
2.810999999999999943e+00,1.699359054074276543e+01
2.811999999999999833e+00,1.701756371493743814e+01
2.813000000000000167e+00,1.698127711467688172e+01
2.814000000000000057e+00,1.697553541668792576e+01
2.814999999999999947e+00,1.694158901075005730e+01
2.815999999999999837e+00,1.694656913061039560e+01
2.817000000000000171e+00,1.700974433537695418e+01
2.818000000000000060e+00,1.696821046422431678e+01
2.818999999999999950e+00,1.697292030175082544e+01
2.819999999999999840e+00,1.695694000073488539e+01
2.821000000000000174e+00,1.695537325662869677e+01
2.822000000000000064e+00,1.698194592163939731e+01
2.822999999999999954e+00,1.697273306249194391e+01
2.823999999999999844e+00,1.702226117663149552e+01
2.825000000000000178e+00,1.698916378784951675e+01
2.826000000000000068e+00,1.700364537047775926e+01
2.826999999999999957e+00,1.693779463552328934e+01
2.827999999999999847e+00,1.697458165592898283e+01
2.829000000000000181e+00,1.698931391575069583e+01
2.830000000000000071e+00,1.691998071812943039e+01
2.830999999999999961e+00,1.696912357860331610e+01
2.831999999999999851e+00,1.694548493475436501e+01
2.833000000000000185e+00,1.694222870751493915e+01
2.834000000000000075e+00,1.693564504827653039e+01
2.834999999999999964e+00,1.700877179152966789e+01
2.835999999999999854e+00,1.696748450063057945e+01
2.837000000000000188e+00,1.700713813917536399e+01
2.838000000000000078e+00,1.701182696994019494e+01
2.838999999999999968e+00,1.696850728031559541e+01
2.839999999999999858e+00,1.695675371242502294e+01
2.841000000000000192e+00,1.705935025481610623e+01
2.842000000000000082e+00,1.694529199010981912e+01
2.842999999999999972e+00,1.694386294849364205e+01
2.843999999999999861e+00,1.708613380469507348e+01
2.845000000000000195e+00,1.707055868321605274e+01
2.846000000000000085e+00,1.700155599554709340e+01
2.846999999999999975e+00,1.709781713302488271e+01
2.847999999999999865e+00,1.707737409505088166e+01
2.849000000000000199e+00,1.701858859698964466e+01
2.850000000000000089e+00,1.704849040655181014e+01
2.850999999999999979e+00,1.705250352984309004e+01
2.851999999999999869e+00,1.698791651543806225e+01
2.853000000000000203e+00,1.707221405521719504e+01
2.854000000000000092e+00,1.704848145930845149e+01
2.854999999999999982e+00,1.700715862186455141e+01
2.855999999999999872e+00,1.711302641039073791e+01
2.857000000000000206e+00,1.711189045836237455e+01
2.858000000000000096e+00,1.705640986799974712e+01
2.858999999999999986e+00,1.695970955163897287e+01
2.859999999999999876e+00,1.706449917194274946e+01
2.861000000000000210e+00,1.699277929248849972e+01
2.862000000000000099e+00,1.702849547914877348e+01
2.862999999999999989e+00,1.698539067772168210e+01
2.863999999999999879e+00,1.695141383609902164e+01
2.865000000000000213e+00,1.698029628749752007e+01
2.866000000000000103e+00,1.703853102832286481e+01
2.866999999999999993e+00,1.707451349141802055e+01
2.867999999999999883e+00,1.699135216836074491e+01
2.869000000000000217e+00,1.701641000327740372e+01
2.870000000000000107e+00,1.695279262793187058e+01
2.870999999999999996e+00,1.700401023508253928e+01
2.871999999999999886e+00,1.705200321030862298e+01
2.873000000000000220e+00,1.702739382915895305e+01
2.874000000000000110e+00,1.699581927639867729e+01
2.875000000000000000e+00,1.695170699205302967e+01
2.875999999999999890e+00,1.699706546688202025e+01
2.876999999999999780e+00,1.703643863815005943e+01
2.878000000000000114e+00,1.698749639222091901e+01
2.879000000000000004e+00,1.703423281196270622e+01
2.879999999999999893e+00,1.698397699720209886e+01
2.880999999999999783e+00,1.696818380059914944e+01
2.882000000000000117e+00,1.696494248057611642e+01
2.883000000000000007e+00,1.695251122191064042e+01
2.883999999999999897e+00,1.705899938178311004e+01
2.884999999999999787e+00,1.695349578570477433e+01
2.886000000000000121e+00,1.697642464233460302e+01
2.887000000000000011e+00,1.700210009497096664e+01
2.887999999999999901e+00,1.706672636665367193e+01
2.888999999999999790e+00,1.701478159110375543e+01
2.890000000000000124e+00,1.702130464499013485e+01
2.891000000000000014e+00,1.694888411465960587e+01
2.891999999999999904e+00,1.699418092564532756e+01
2.892999999999999794e+00,1.699725011890779314e+01
2.894000000000000128e+00,1.699157039326711072e+01
2.895000000000000018e+00,1.696421185752658900e+01
2.895999999999999908e+00,1.701997004797084401e+01
2.896999999999999797e+00,1.698920664862345120e+01
2.898000000000000131e+00,1.703636421414656610e+01
2.899000000000000021e+00,1.698910380075955828e+01
2.899999999999999911e+00,1.695446632194623149e+01
2.900999999999999801e+00,1.693637050793288878e+01
2.902000000000000135e+00,1.699350397237859411e+01
2.903000000000000025e+00,1.698077145097645158e+01
2.903999999999999915e+00,1.708204691985380208e+01
2.904999999999999805e+00,1.700313788963286399e+01
2.906000000000000139e+00,1.694894403713603026e+01
2.907000000000000028e+00,1.703120691765050054e+01
2.907999999999999918e+00,1.699999842895868341e+01
2.908999999999999808e+00,1.698731460489043243e+01
2.910000000000000142e+00,1.694557021441763212e+01
2.911000000000000032e+00,1.698901520008753963e+01
2.911999999999999922e+00,1.696126522876121356e+01
2.912999999999999812e+00,1.695479832823792066e+01
2.914000000000000146e+00,1.696907595529479451e+01
2.915000000000000036e+00,1.703807160212515015e+01
2.915999999999999925e+00,1.696895243585169055e+01
2.916999999999999815e+00,1.699393165239500192e+01
2.918000000000000149e+00,1.699167753604485398e+01
2.919000000000000039e+00,1.699482213612135340e+01
2.919999999999999929e+00,1.700625615902029253e+01
2.920999999999999819e+00,1.703410594670310019e+01
2.922000000000000153e+00,1.702513900535298319e+01
2.923000000000000043e+00,1.703504205229835122e+01
2.923999999999999932e+00,1.700875007978718756e+01
2.924999999999999822e+00,1.700893840037754146e+01
2.926000000000000156e+00,1.697325042305262954e+01
2.927000000000000046e+00,1.701240419650901359e+01
2.927999999999999936e+00,1.701676714416767311e+01
2.928999999999999826e+00,1.694901303386600233e+01
2.930000000000000160e+00,1.692894018642029508e+01
2.931000000000000050e+00,1.695504604399220483e+01
2.931999999999999940e+00,1.701309394766863647e+01
2.932999999999999829e+00,1.701575882580513976e+01
2.934000000000000163e+00,1.700194426243995949e+01
2.935000000000000053e+00,1.697077888509099708e+01
2.935999999999999943e+00,1.697295491761835962e+01
2.936999999999999833e+00,1.697229580434605012e+01
2.938000000000000167e+00,1.696736931147127336e+01
2.939000000000000057e+00,1.695503847816219078e+01
2.939999999999999947e+00,1.695072593787312698e+01
2.940999999999999837e+00,1.699579199996253109e+01
2.942000000000000171e+00,1.699432811145908317e+01
2.943000000000000060e+00,1.691175091653185092e+01
2.943999999999999950e+00,1.693156506136209316e+01
2.944999999999999840e+00,1.692780812992095463e+01
2.946000000000000174e+00,1.698790182027306983e+01
2.947000000000000064e+00,1.693471267467963770e+01
2.947999999999999954e+00,1.690056677825481302e+01
2.948999999999999844e+00,1.694197864639724926e+01
2.950000000000000178e+00,1.694117404617350076e+01
2.951000000000000068e+00,1.693181733015837054e+01
2.951999999999999957e+00,1.694581481407692536e+01
2.952999999999999847e+00,1.696333855568562043e+01
2.954000000000000181e+00,1.699032064875054715e+01
2.955000000000000071e+00,1.699628550369041591e+01
2.955999999999999961e+00,1.701120603377698970e+01
2.956999999999999851e+00,1.706714300362903458e+01
2.958000000000000185e+00,1.698557562592424119e+01
2.959000000000000075e+00,1.697167481807302281e+01
2.959999999999999964e+00,1.701782940614677031e+01
2.960999999999999854e+00,1.703894752153468772e+01
2.962000000000000188e+00,1.700173964386395653e+01
2.963000000000000078e+00,1.700643458854546353e+01
2.963999999999999968e+00,1.691711011226846395e+01
2.964999999999999858e+00,1.696401653942297827e+01
2.966000000000000192e+00,1.695924085675742532e+01
2.967000000000000082e+00,1.696851288970995597e+01
2.967999999999999972e+00,1.692409578025028694e+01
2.968999999999999861e+00,1.688964638121657913e+01
2.970000000000000195e+00,1.694106096756123847e+01
2.971000000000000085e+00,1.696321441929019258e+01
2.971999999999999975e+00,1.691630713434254929e+01
2.972999999999999865e+00,1.700734942699256180e+01
2.974000000000000199e+00,1.695131217827932346e+01
2.975000000000000089e+00,1.700301714115019536e+01
2.975999999999999979e+00,1.692983215550150788e+01
2.976999999999999869e+00,1.700787880522715767e+01
2.978000000000000203e+00,1.695055923974922152e+01
2.979000000000000092e+00,1.693552303218608657e+01
2.979999999999999982e+00,1.691309314325769009e+01
2.980999999999999872e+00,1.694837469792074458e+01
2.982000000000000206e+00,1.692128578025555896e+01
2.983000000000000096e+00,1.689679684346174682e+01
2.983999999999999986e+00,1.692966324659178312e+01
2.984999999999999876e+00,1.689476097387201747e+01
2.986000000000000210e+00,1.692771297264384600e+01
2.987000000000000099e+00,1.686847122153633194e+01
2.987999999999999989e+00,1.688154137124445953e+01
2.988999999999999879e+00,1.690504374562763346e+01
2.990000000000000213e+00,1.689527504571186256e+01
2.991000000000000103e+00,1.696600605854821708e+01
2.991999999999999993e+00,1.696599681022359363e+01
2.992999999999999883e+00,1.695088706662431832e+01
2.994000000000000217e+00,1.691027179060425567e+01
2.995000000000000107e+00,1.693689062947992952e+01
2.995999999999999996e+00,1.693434874887848807e+01
2.996999999999999886e+00,1.689238656447824027e+01
2.998000000000000220e+00,1.692067011759553807e+01
2.999000000000000110e+00,1.688353024633892474e+01
3.000000000000000000e+00,1.692363815472852551e+01
3.000999999999999890e+00,1.697037174765864620e+01
3.001999999999999780e+00,1.693732932979444428e+01
3.003000000000000114e+00,1.685000369103174123e+01
3.004000000000000004e+00,1.687804132507697830e+01
3.004999999999999893e+00,1.686627540394912117e+01
3.005999999999999783e+00,1.689300836280467522e+01
3.007000000000000117e+00,1.685352551947924127e+01
3.008000000000000007e+00,1.691727723933018979e+01
3.008999999999999897e+00,1.690899803084868225e+01
3.009999999999999787e+00,1.687181966984982395e+01
3.011000000000000121e+00,1.697141277840706408e+01
3.012000000000000011e+00,1.695067331068078076e+01
3.012999999999999901e+00,1.695503666898263262e+01
3.013999999999999790e+00,1.689591432409817884e+01
3.015000000000000124e+00,1.693286397264060383e+01
3.016000000000000014e+00,1.685518138683177725e+01
3.016999999999999904e+00,1.696405552845079612e+01
3.017999999999999794e+00,1.698350214230948296e+01
3.019000000000000128e+00,1.694777817214183813e+01
3.020000000000000018e+00,1.702113477769152539e+01
3.020999999999999908e+00,1.697722312783492526e+01
3.021999999999999797e+00,1.694214044674755115e+01
3.023000000000000131e+00,1.691433748622372590e+01
3.024000000000000021e+00,1.698199967602582561e+01
3.024999999999999911e+00,1.695958399696230501e+01
3.025999999999999801e+00,1.700489300233469692e+01
3.027000000000000135e+00,1.699136574593592286e+01
3.028000000000000025e+00,1.695885846599582081e+01
3.028999999999999915e+00,1.702657487283086013e+01
3.029999999999999805e+00,1.692452858484169909e+01
3.031000000000000139e+00,1.696771333390633885e+01
3.032000000000000028e+00,1.701942456699747908e+01
3.032999999999999918e+00,1.690855071703080625e+01
3.033999999999999808e+00,1.691427966818251249e+01
3.035000000000000142e+00,1.693991780080843412e+01
3.036000000000000032e+00,1.697301649887223363e+01
3.036999999999999922e+00,1.695202072761844647e+01
3.037999999999999812e+00,1.704330328302840059e+01
3.039000000000000146e+00,1.696642636537436033e+01
3.040000000000000036e+00,1.694646237645515541e+01
3.040999999999999925e+00,1.690987881228346268e+01
3.041999999999999815e+00,1.692165399442083284e+01
3.043000000000000149e+00,1.697368073149919709e+01
3.044000000000000039e+00,1.694610631727546846e+01
3.044999999999999929e+00,1.697618127909240826e+01
3.045999999999999819e+00,1.695609475408671329e+01
3.047000000000000153e+00,1.699315880528727973e+01
3.048000000000000043e+00,1.697452293545242696e+01
3.048999999999999932e+00,1.699320248068810102e+01
3.049999999999999822e+00,1.694796777460625847e+01
3.051000000000000156e+00,1.694992733856354050e+01
3.052000000000000046e+00,1.696271084617381320e+01
3.052999999999999936e+00,1.705472289036207911e+01
3.053999999999999826e+00,1.698709264617554737e+01
3.055000000000000160e+00,1.696914112480263270e+01
3.056000000000000050e+00,1.690964370635614600e+01
3.056999999999999940e+00,1.697736053711795279e+01
3.057999999999999829e+00,1.698163516396207129e+01
3.059000000000000163e+00,1.696490084638693574e+01
3.060000000000000053e+00,1.697940286280894640e+01
3.060999999999999943e+00,1.698010558307392159e+01
3.061999999999999833e+00,1.697964615923072884e+01
3.063000000000000167e+00,1.700107956896159678e+01
3.064000000000000057e+00,1.702750697246692013e+01
3.064999999999999947e+00,1.702562020192100078e+01
3.065999999999999837e+00,1.698452113366048977e+01
3.067000000000000171e+00,1.697431275430473363e+01
3.068000000000000060e+00,1.698739663961146462e+01
3.068999999999999950e+00,1.696851208238216557e+01
3.069999999999999840e+00,1.699365783456808288e+01
3.071000000000000174e+00,1.699031831502143675e+01
3.072000000000000064e+00,1.697579185446771532e+01
3.072999999999999954e+00,1.701159065744662868e+01
3.073999999999999844e+00,1.703537063679000241e+01
3.075000000000000178e+00,1.701339763105320912e+01
3.076000000000000068e+00,1.699141223998211814e+01
3.076999999999999957e+00,1.699060607063804795e+01
3.077999999999999847e+00,1.694486918713132084e+01
3.079000000000000181e+00,1.702182225409421434e+01
3.080000000000000071e+00,1.702444571822922725e+01
3.080999999999999961e+00,1.695623401193635971e+01
3.081999999999999851e+00,1.697316833604062225e+01
3.083000000000000185e+00,1.703784029196522454e+01
3.084000000000000075e+00,1.693317276163391227e+01
3.084999999999999964e+00,1.697497501877210269e+01
3.085999999999999854e+00,1.698975277877672241e+01
3.087000000000000188e+00,1.694334124976992229e+01
3.088000000000000078e+00,1.699489327282169882e+01
3.088999999999999968e+00,1.697110690134973510e+01
3.089999999999999858e+00,1.699589350885558758e+01
3.091000000000000192e+00,1.702880015142766368e+01
3.092000000000000082e+00,1.699475274039472339e+01
3.092999999999999972e+00,1.696781378467564139e+01
3.093999999999999861e+00,1.699185000720685323e+01
3.095000000000000195e+00,1.696490067224089771e+01
3.096000000000000085e+00,1.691968944582445999e+01
3.096999999999999975e+00,1.698980976998284120e+01
3.097999999999999865e+00,1.687658355513342912e+01
3.099000000000000199e+00,1.688417770121465367e+01
3.100000000000000089e+00,1.691176996345807737e+01
3.100999999999999979e+00,1.693828828617046867e+01
3.101999999999999869e+00,1.690393357835913690e+01
3.103000000000000203e+00,1.689635894723650367e+01
3.104000000000000092e+00,1.686641645090457331e+01
3.104999999999999982e+00,1.692100332016610054e+01
3.105999999999999872e+00,1.686543998941683853e+01
3.107000000000000206e+00,1.690811042247502982e+01
3.108000000000000096e+00,1.687787296345365462e+01
3.108999999999999986e+00,1.690370872011000358e+01
3.109999999999999876e+00,1.694252097268325841e+01
3.111000000000000210e+00,1.693899330806147319e+01
3.112000000000000099e+00,1.697604907257115059e+01
3.112999999999999989e+00,1.695192628628637976e+01
3.113999999999999879e+00,1.693461520964613243e+01
3.115000000000000213e+00,1.695104479060628933e+01
3.116000000000000103e+00,1.693625503474383009e+01
3.116999999999999993e+00,1.691900235951996478e+01
3.117999999999999883e+00,1.689803946854740602e+01
3.119000000000000217e+00,1.694115980117232212e+01
3.120000000000000107e+00,1.690678090240738030e+01
3.120999999999999996e+00,1.691023162034942473e+01
3.121999999999999886e+00,1.693229921807331095e+01
3.123000000000000220e+00,1.689494208372091677e+01
3.124000000000000110e+00,1.693810003726607150e+01
3.125000000000000000e+00,1.695901860962985808e+01
3.125999999999999890e+00,1.695532057118039759e+01
3.126999999999999780e+00,1.688117641460053164e+01
3.128000000000000114e+00,1.700431548107935242e+01
3.129000000000000004e+00,1.693876918333056381e+01
3.129999999999999893e+00,1.693077876158008976e+01
3.130999999999999783e+00,1.686497087665575023e+01
3.132000000000000117e+00,1.689196917611959847e+01
3.133000000000000007e+00,1.695643444848564485e+01
3.133999999999999897e+00,1.684902573920843594e+01
3.134999999999999787e+00,1.693878174053839913e+01
3.136000000000000121e+00,1.695020638750931141e+01
3.137000000000000011e+00,1.692508442860240336e+01
3.137999999999999901e+00,1.701423707474416958e+01
3.138999999999999790e+00,1.692864755398792198e+01
3.140000000000000124e+00,1.692142128306284832e+01
3.141000000000000014e+00,1.694693579179037002e+01
3.141999999999999904e+00,1.702069770460273901e+01
3.142999999999999794e+00,1.697932796378070464e+01
3.144000000000000128e+00,1.695554462802330775e+01
3.145000000000000018e+00,1.707465942269947945e+01
3.145999999999999908e+00,1.704265434231988152e+01
3.146999999999999797e+00,1.701503190956775313e+01
3.148000000000000131e+00,1.701139286221680180e+01
3.149000000000000021e+00,1.703533845214487386e+01
3.149999999999999911e+00,1.704001211562842144e+01
3.150999999999999801e+00,1.702374471693794789e+01
3.152000000000000135e+00,1.702044482943948367e+01
3.153000000000000025e+00,1.707821458928961889e+01
3.153999999999999915e+00,1.698374340364309987e+01
3.154999999999999805e+00,1.700842300438611687e+01
3.156000000000000139e+00,1.699039989560065678e+01
3.157000000000000028e+00,1.696336512588008461e+01
3.157999999999999918e+00,1.703861641592507681e+01
3.158999999999999808e+00,1.694409794898654198e+01
3.160000000000000142e+00,1.699343094998684478e+01
3.161000000000000032e+00,1.697016274812450476e+01
3.161999999999999922e+00,1.697411677804397456e+01
3.162999999999999812e+00,1.694375285746799165e+01
3.164000000000000146e+00,1.700583820008684555e+01
3.165000000000000036e+00,1.700117042649872445e+01
3.165999999999999925e+00,1.695356042419552267e+01
3.166999999999999815e+00,1.697344007778944430e+01
3.168000000000000149e+00,1.692491219198782204e+01
3.169000000000000039e+00,1.695131196222744663e+01
3.169999999999999929e+00,1.695352663099988533e+01
3.170999999999999819e+00,1.697555880982383059e+01
3.172000000000000153e+00,1.700475888345110675e+01
3.173000000000000043e+00,1.693260091786013533e+01
3.173999999999999932e+00,1.699388287412616450e+01
3.174999999999999822e+00,1.697965835801147705e+01
3.176000000000000156e+00,1.694247294233965206e+01
3.177000000000000046e+00,1.694401317968351606e+01
3.177999999999999936e+00,1.696587615114266256e+01
3.178999999999999826e+00,1.692930837406414568e+01
3.180000000000000160e+00,1.690891148250450371e+01
3.181000000000000050e+00,1.694316829300950999e+01
3.181999999999999940e+00,1.696050617323185250e+01
3.182999999999999829e+00,1.695210961379883230e+01
3.184000000000000163e+00,1.692535495068841911e+01
3.185000000000000053e+00,1.691119309407011073e+01
3.185999999999999943e+00,1.688760250493934478e+01
3.186999999999999833e+00,1.692746845031402714e+01
3.188000000000000167e+00,1.690307245727104402e+01
3.189000000000000057e+00,1.696224113312630877e+01
3.189999999999999947e+00,1.698229413457156411e+01
3.190999999999999837e+00,1.693691828628391249e+01
3.192000000000000171e+00,1.693573140483863781e+01
3.193000000000000060e+00,1.690766902380219960e+01
3.193999999999999950e+00,1.697808797437213002e+01
3.194999999999999840e+00,1.696894581118814926e+01
3.196000000000000174e+00,1.690306139718201806e+01
3.197000000000000064e+00,1.704796749898082453e+01
3.197999999999999954e+00,1.699728947164526716e+01
3.198999999999999844e+00,1.689757430355106393e+01
3.200000000000000178e+00,1.699293732482656338e+01
3.201000000000000068e+00,1.693341134929122660e+01
3.201999999999999957e+00,1.695517234717232569e+01
3.202999999999999847e+00,1.690425142309844375e+01
3.204000000000000181e+00,1.697759360647335569e+01
3.205000000000000071e+00,1.689766291997753100e+01
3.205999999999999961e+00,1.697016376004189908e+01
3.206999999999999851e+00,1.696894163461957561e+01
3.208000000000000185e+00,1.694545425229986435e+01
3.209000000000000075e+00,1.695514511557036386e+01
3.209999999999999964e+00,1.691392019472267449e+01
3.210999999999999854e+00,1.690199670359508843e+01
3.212000000000000188e+00,1.684100015091598479e+01
3.213000000000000078e+00,1.693985433880140334e+01
3.213999999999999968e+00,1.696095209545400806e+01
3.214999999999999858e+00,1.701348280339304608e+01
3.216000000000000192e+00,1.693663806753893653e+01
3.217000000000000082e+00,1.698448418430901796e+01
3.217999999999999972e+00,1.695800060439480461e+01
3.218999999999999861e+00,1.691451368308055692e+01
3.220000000000000195e+00,1.690564480720035689e+01
3.221000000000000085e+00,1.698735636399102233e+01
3.221999999999999975e+00,1.692763203418380868e+01
3.222999999999999865e+00,1.689953220076740337e+01
3.224000000000000199e+00,1.691549034711882271e+01
3.225000000000000089e+00,1.690860980398305102e+01
3.225999999999999979e+00,1.687413824525962980e+01
3.226999999999999869e+00,1.694182827979684802e+01
3.228000000000000203e+00,1.689207585214412433e+01
3.229000000000000092e+00,1.692883293585866156e+01
3.229999999999999982e+00,1.687169814345858754e+01
3.230999999999999872e+00,1.692246285531241767e+01
3.232000000000000206e+00,1.696038243554358971e+01
3.233000000000000096e+00,1.691426550639486948e+01
3.233999999999999986e+00,1.694032957886697233e+01
3.234999999999999876e+00,1.691366289991433547e+01
3.236000000000000210e+00,1.694949398711429112e+01
3.237000000000000099e+00,1.702068290451006405e+01
3.237999999999999989e+00,1.691883300420752789e+01
3.238999999999999879e+00,1.696261348503299260e+01
3.240000000000000213e+00,1.697270854259153339e+01
3.241000000000000103e+00,1.706697666109965184e+01
3.241999999999999993e+00,1.709089422686343340e+01
3.242999999999999883e+00,1.693944667199204446e+01
3.244000000000000217e+00,1.700855568417524211e+01
3.245000000000000107e+00,1.707518034573760701e+01
3.245999999999999996e+00,1.699446101661984443e+01
3.246999999999999886e+00,1.703463862862286859e+01
3.248000000000000220e+00,1.693276197161974750e+01
3.249000000000000110e+00,1.696197925156505093e+01
3.250000000000000000e+00,1.702502774951906162e+01
3.250999999999999890e+00,1.698800631444320430e+01
3.251999999999999780e+00,1.701836019034229253e+01
3.253000000000000114e+00,1.705389011685350198e+01
3.254000000000000004e+00,1.694878397968178874e+01
3.254999999999999893e+00,1.693936673591175790e+01
3.255999999999999783e+00,1.701023637353886997e+01
3.257000000000000117e+00,1.695638686941182272e+01
3.258000000000000007e+00,1.704578977256748473e+01
3.258999999999999897e+00,1.694186506739406539e+01
3.259999999999999787e+00,1.698961272671146716e+01
3.261000000000000121e+00,1.699497227378233788e+01
3.262000000000000011e+00,1.701672725755782878e+01
3.262999999999999901e+00,1.703905041015007527e+01
3.263999999999999790e+00,1.703654048039776470e+01
3.265000000000000124e+00,1.698710073416250310e+01
3.266000000000000014e+00,1.710380433123247812e+01
3.266999999999999904e+00,1.710006283996315801e+01
3.267999999999999794e+00,1.707489989772913930e+01
3.269000000000000128e+00,1.697338898276338526e+01
3.270000000000000018e+00,1.702751837269768842e+01
3.270999999999999908e+00,1.698398055129078799e+01
3.271999999999999797e+00,1.701391179479103499e+01
3.273000000000000131e+00,1.712848155007596773e+01
3.274000000000000021e+00,1.702457510097524462e+01
3.274999999999999911e+00,1.699515449442610660e+01
3.275999999999999801e+00,1.697363155767903820e+01
3.277000000000000135e+00,1.698297285278611213e+01
3.278000000000000025e+00,1.699111110328982477e+01
3.278999999999999915e+00,1.698165514639334361e+01
3.279999999999999805e+00,1.703696479134548625e+01
3.281000000000000139e+00,1.699281920653656286e+01
3.282000000000000028e+00,1.705047693809812870e+01
3.282999999999999918e+00,1.702060455928959470e+01
3.283999999999999808e+00,1.704340270700388515e+01
3.285000000000000142e+00,1.710986859025457818e+01
3.286000000000000032e+00,1.708226668906435464e+01
3.286999999999999922e+00,1.704143322592500809e+01
3.287999999999999812e+00,1.706621889123073643e+01
3.289000000000000146e+00,1.704358383539965871e+01
3.290000000000000036e+00,1.702480330385164109e+01
3.290999999999999925e+00,1.707883981716582866e+01
3.291999999999999815e+00,1.706022554114306189e+01
3.293000000000000149e+00,1.707046023774890031e+01
3.294000000000000039e+00,1.707133180828777341e+01
3.294999999999999929e+00,1.711681106652576290e+01
3.295999999999999819e+00,1.708809389990619110e+01
3.297000000000000153e+00,1.705933992344083805e+01
3.298000000000000043e+00,1.702888775266074717e+01
3.298999999999999932e+00,1.700844635287223383e+01
3.299999999999999822e+00,1.702920532783723573e+01
3.301000000000000156e+00,1.708068266455097728e+01
3.302000000000000046e+00,1.714469050973107400e+01
3.302999999999999936e+00,1.710416097671737390e+01
3.303999999999999826e+00,1.711612603056399706e+01
3.305000000000000160e+00,1.707901998676022259e+01
3.306000000000000050e+00,1.706506006519870411e+01
3.306999999999999940e+00,1.704941212043041077e+01
3.307999999999999829e+00,1.710242864959583642e+01
3.309000000000000163e+00,1.708677002696939340e+01
3.310000000000000053e+00,1.697904348793655771e+01
3.310999999999999943e+00,1.699245351458136710e+01
3.311999999999999833e+00,1.700424301645958991e+01
3.313000000000000167e+00,1.706564909997955226e+01
3.314000000000000057e+00,1.701078178253414563e+01
3.314999999999999947e+00,1.699313052412883707e+01
3.315999999999999837e+00,1.696429986855177674e+01
3.317000000000000171e+00,1.698608062445154232e+01
3.318000000000000060e+00,1.698851530761751150e+01
3.318999999999999950e+00,1.707130269920387278e+01
3.319999999999999840e+00,1.709408203272917959e+01
3.321000000000000174e+00,1.700992880296924170e+01
3.322000000000000064e+00,1.699262298574697638e+01
3.322999999999999954e+00,1.699231940301559263e+01
3.323999999999999844e+00,1.702073059636067498e+01
3.325000000000000178e+00,1.698054987647341463e+01
3.326000000000000068e+00,1.694732344845204253e+01
3.326999999999999957e+00,1.705353464427123100e+01
3.327999999999999847e+00,1.696005685935098484e+01
3.329000000000000181e+00,1.704570751257600492e+01
3.330000000000000071e+00,1.700657994537794337e+01
3.330999999999999961e+00,1.695222332036393453e+01
3.331999999999999851e+00,1.693456583659624570e+01
3.333000000000000185e+00,1.697994787285175988e+01
3.334000000000000075e+00,1.690004922280288469e+01
3.334999999999999964e+00,1.695177065512756442e+01
3.335999999999999854e+00,1.701696685073939719e+01
3.337000000000000188e+00,1.693547185125627763e+01
3.338000000000000078e+00,1.690936871834118094e+01
3.338999999999999968e+00,1.694727334038608646e+01
3.339999999999999858e+00,1.704622583573641137e+01
3.341000000000000192e+00,1.701270157952942341e+01
3.342000000000000082e+00,1.702165267003515581e+01
3.342999999999999972e+00,1.695448878314832797e+01
3.343999999999999861e+00,1.704184289199513103e+01
3.345000000000000195e+00,1.703690738693364537e+01
3.346000000000000085e+00,1.698348842976172790e+01
3.346999999999999975e+00,1.700703019786254444e+01
3.347999999999999865e+00,1.701076232628411233e+01
3.349000000000000199e+00,1.696510580272028790e+01
3.350000000000000089e+00,1.701602145867259708e+01
3.350999999999999979e+00,1.696097002456957981e+01
3.351999999999999869e+00,1.697814805599143995e+01
3.353000000000000203e+00,1.701313036999534845e+01
3.354000000000000092e+00,1.693095337582429138e+01
3.354999999999999982e+00,1.700096625069650358e+01
3.355999999999999872e+00,1.704398236628140850e+01
3.357000000000000206e+00,1.694519446086152215e+01
3.358000000000000096e+00,1.703298389898523624e+01
3.358999999999999986e+00,1.696878636246313121e+01
3.359999999999999876e+00,1.703123176801889826e+01
3.361000000000000210e+00,1.699488847615402065e+01
3.362000000000000099e+00,1.698244734837539482e+01
3.362999999999999989e+00,1.699089173920793883e+01
3.363999999999999879e+00,1.700086320822314434e+01
3.365000000000000213e+00,1.697887061323353919e+01
3.366000000000000103e+00,1.698762479976076278e+01
3.366999999999999993e+00,1.697260333108891928e+01
3.367999999999999883e+00,1.696768987689880248e+01
3.369000000000000217e+00,1.703812223924561309e+01
3.370000000000000107e+00,1.692904562755402864e+01
3.370999999999999996e+00,1.698236802166393744e+01
3.371999999999999886e+00,1.690728418145530298e+01
3.373000000000000220e+00,1.698550534217686092e+01
3.374000000000000110e+00,1.703544964475733536e+01
3.375000000000000000e+00,1.703604017136811422e+01
3.375999999999999890e+00,1.697018389357164025e+01
3.376999999999999780e+00,1.697657898719907266e+01
3.378000000000000114e+00,1.700476679811563940e+01
3.379000000000000004e+00,1.699918721588006676e+01
3.379999999999999893e+00,1.690823954321203715e+01
3.380999999999999783e+00,1.699353843593001656e+01
3.382000000000000117e+00,1.697504289217665630e+01
3.383000000000000007e+00,1.696706074716814072e+01
3.383999999999999897e+00,1.692057472249696559e+01
3.384999999999999787e+00,1.696320820849740585e+01
3.386000000000000121e+00,1.698953353521432774e+01
3.387000000000000011e+00,1.693194709449131707e+01
3.387999999999999901e+00,1.687987389711599917e+01
3.388999999999999790e+00,1.696279574297262727e+01
3.390000000000000124e+00,1.697756637796675605e+01
3.391000000000000014e+00,1.697454125337613817e+01
3.391999999999999904e+00,1.698638510653651679e+01
3.392999999999999794e+00,1.697622786091123004e+01
3.394000000000000128e+00,1.694999015243997320e+01
3.395000000000000018e+00,1.698828420470768918e+01
3.395999999999999908e+00,1.695946618101068992e+01
3.396999999999999797e+00,1.692454745814728412e+01
3.398000000000000131e+00,1.691531938683121439e+01
3.399000000000000021e+00,1.690866827547984030e+01
3.399999999999999911e+00,1.693898209223798546e+01
3.400999999999999801e+00,1.689267976502630120e+01
3.402000000000000135e+00,1.690821463296340710e+01
3.403000000000000025e+00,1.697229693011729523e+01
3.403999999999999915e+00,1.694485162489728225e+01
3.404999999999999805e+00,1.689955400475042779e+01
3.406000000000000139e+00,1.693274548780161837e+01
3.407000000000000028e+00,1.695961010983708661e+01
3.407999999999999918e+00,1.689553043632424334e+01
3.408999999999999808e+00,1.689804909808480460e+01
3.410000000000000142e+00,1.693106604768505363e+01
3.411000000000000032e+00,1.693808912792581367e+01
3.411999999999999922e+00,1.690637147071507229e+01
3.412999999999999812e+00,1.693545388947842412e+01
3.414000000000000146e+00,1.694613262310242163e+01
3.415000000000000036e+00,1.693600872271290925e+01
3.415999999999999925e+00,1.695771065860607507e+01
3.416999999999999815e+00,1.687196359323488792e+01
3.418000000000000149e+00,1.689007157607611020e+01
3.419000000000000039e+00,1.696278019581955476e+01
3.419999999999999929e+00,1.696373069628820573e+01
3.420999999999999819e+00,1.692899638427940445e+01
3.422000000000000153e+00,1.697432234161858133e+01
3.423000000000000043e+00,1.693216110196672020e+01
3.423999999999999932e+00,1.688448416913488259e+01
3.424999999999999822e+00,1.695895077136516704e+01
3.426000000000000156e+00,1.690811771133912700e+01
3.427000000000000046e+00,1.695142180184589620e+01
3.427999999999999936e+00,1.692112408545932922e+01
3.428999999999999826e+00,1.686720436471179596e+01
3.430000000000000160e+00,1.697453932965088796e+01
3.431000000000000050e+00,1.698001070067754981e+01
3.431999999999999940e+00,1.695614561175279178e+01
3.432999999999999829e+00,1.693288043169107482e+01
3.434000000000000163e+00,1.697177956193138826e+01
3.435000000000000053e+00,1.694080856282214143e+01
3.435999999999999943e+00,1.693375402907149052e+01
3.436999999999999833e+00,1.695872301686389960e+01
3.438000000000000167e+00,1.692412545159186976e+01
3.439000000000000057e+00,1.696546984122249668e+01
3.439999999999999947e+00,1.694701516502929550e+01
3.440999999999999837e+00,1.697772698652357093e+01
3.442000000000000171e+00,1.698118587326350593e+01
3.443000000000000060e+00,1.695019112130245986e+01
3.443999999999999950e+00,1.699136996065237426e+01
3.444999999999999840e+00,1.697428900002657315e+01
3.446000000000000174e+00,1.697421591736171820e+01
3.447000000000000064e+00,1.695781716391089589e+01
3.447999999999999954e+00,1.693924247755949608e+01
3.448999999999999844e+00,1.697004357598843782e+01
3.450000000000000178e+00,1.700362366327759034e+01
3.451000000000000068e+00,1.698262180017373524e+01
3.451999999999999957e+00,1.695045430747619264e+01
3.452999999999999847e+00,1.696063646793781032e+01
3.454000000000000181e+00,1.695248512908073124e+01
3.455000000000000071e+00,1.698582788365931151e+01
3.455999999999999961e+00,1.698540359422343471e+01
3.456999999999999851e+00,1.691876665718647388e+01
3.458000000000000185e+00,1.694378964832844758e+01
3.459000000000000075e+00,1.689566865095860848e+01
3.459999999999999964e+00,1.693555964048999130e+01
3.460999999999999854e+00,1.696275139142003496e+01
3.462000000000000188e+00,1.696177254021332104e+01
3.463000000000000078e+00,1.693054751127976232e+01
3.463999999999999968e+00,1.695071611112531684e+01
3.464999999999999858e+00,1.693519966745616046e+01
3.466000000000000192e+00,1.696138256688770696e+01
3.467000000000000082e+00,1.695302135749830441e+01
3.467999999999999972e+00,1.692211457957853327e+01
3.468999999999999861e+00,1.692102605318591202e+01
3.470000000000000195e+00,1.697439616430407838e+01
3.471000000000000085e+00,1.693503877458470797e+01
3.471999999999999975e+00,1.697852570487896529e+01
3.472999999999999865e+00,1.695965241840844584e+01
3.474000000000000199e+00,1.696666523539748539e+01
3.475000000000000089e+00,1.695409536843916598e+01
3.475999999999999979e+00,1.696178817638449132e+01
3.476999999999999869e+00,1.693965343711406035e+01
3.478000000000000203e+00,1.686389552618282295e+01
3.479000000000000092e+00,1.694687955147086456e+01
3.479999999999999982e+00,1.699458918380681993e+01
3.480999999999999872e+00,1.697572114926231990e+01
3.482000000000000206e+00,1.695337791963979868e+01
3.483000000000000096e+00,1.700475537743190202e+01
3.483999999999999986e+00,1.694671648809636011e+01
3.484999999999999876e+00,1.696053600011522633e+01
3.486000000000000210e+00,1.693071241070099830e+01
3.487000000000000099e+00,1.698947334366223672e+01
3.487999999999999989e+00,1.695593134081420317e+01
3.488999999999999879e+00,1.699646457886905537e+01
3.490000000000000213e+00,1.694433204999736020e+01
3.491000000000000103e+00,1.692275292095989769e+01
3.491999999999999993e+00,1.700589548758438241e+01
3.492999999999999883e+00,1.699444518271850768e+01
3.494000000000000217e+00,1.692964635234602966e+01
3.495000000000000107e+00,1.690649437606879602e+01
3.495999999999999996e+00,1.693984305910117882e+01
3.496999999999999886e+00,1.691579075308572655e+01
3.498000000000000220e+00,1.694117887471097106e+01
3.499000000000000110e+00,1.693802189959422932e+01
3.500000000000000000e+00,1.690622973101035598e+01
3.500999999999999890e+00,1.696777233402286456e+01
3.501999999999999780e+00,1.696552183601041008e+01
3.503000000000000114e+00,1.697545697175734603e+01
3.504000000000000004e+00,1.694491274908904188e+01
3.504999999999999893e+00,1.692802216172070473e+01
3.505999999999999783e+00,1.704708278013828604e+01
3.507000000000000117e+00,1.702557747849530756e+01
3.508000000000000007e+00,1.687305846100477780e+01
3.508999999999999897e+00,1.696901151886886439e+01
3.509999999999999787e+00,1.691639129514010165e+01
3.511000000000000121e+00,1.698966743642663602e+01
3.512000000000000011e+00,1.693273183636675583e+01
3.512999999999999901e+00,1.695333511039499541e+01
3.513999999999999790e+00,1.702693548251256317e+01
3.515000000000000124e+00,1.691877127367423483e+01
3.516000000000000014e+00,1.700137266310175477e+01
3.516999999999999904e+00,1.691224763411461041e+01
3.517999999999999794e+00,1.687493678332717550e+01
3.519000000000000128e+00,1.693538450189268474e+01
3.520000000000000018e+00,1.692989385009504844e+01
3.520999999999999908e+00,1.689687334413817155e+01
3.521999999999999797e+00,1.696844411574946321e+01
3.523000000000000131e+00,1.688097258427703551e+01
3.524000000000000021e+00,1.690676006044350288e+01
3.524999999999999911e+00,1.694566785428910904e+01
3.525999999999999801e+00,1.695536844977197433e+01
3.527000000000000135e+00,1.693629707065382206e+01
3.528000000000000025e+00,1.690501829142166201e+01
3.528999999999999915e+00,1.696075139180464220e+01
3.529999999999999805e+00,1.698374252666269157e+01
3.531000000000000139e+00,1.699920569538211979e+01
3.532000000000000028e+00,1.695876772678731825e+01
3.532999999999999918e+00,1.689851768484690453e+01
3.533999999999999808e+00,1.693664665720007889e+01
3.535000000000000142e+00,1.696060510271318122e+01
3.536000000000000032e+00,1.694808835224594645e+01
3.536999999999999922e+00,1.687102651869555103e+01
3.537999999999999812e+00,1.686561530669805364e+01
3.539000000000000146e+00,1.692592287490233360e+01
3.540000000000000036e+00,1.689384983711259025e+01
3.540999999999999925e+00,1.690379572686090626e+01
3.541999999999999815e+00,1.690716051650153418e+01
3.543000000000000149e+00,1.689532102786579415e+01
3.544000000000000039e+00,1.696836721915073554e+01
3.544999999999999929e+00,1.691237081006174492e+01
3.545999999999999819e+00,1.695190726294240591e+01
3.547000000000000153e+00,1.689366431870525531e+01
3.548000000000000043e+00,1.690017035766368281e+01
3.548999999999999932e+00,1.688916814679278033e+01
3.549999999999999822e+00,1.699040278887738253e+01
3.551000000000000156e+00,1.692183205738354346e+01
3.552000000000000046e+00,1.697724713040268085e+01
3.552999999999999936e+00,1.692614171329593731e+01
3.553999999999999826e+00,1.692263766213642384e+01
3.555000000000000160e+00,1.693844781716514447e+01
3.556000000000000050e+00,1.700441185847037318e+01
3.556999999999999940e+00,1.695284467875786660e+01
3.557999999999999829e+00,1.694597254062436775e+01
3.559000000000000163e+00,1.695797198969801656e+01
3.560000000000000053e+00,1.691665532962927898e+01
3.560999999999999943e+00,1.689920038584315165e+01
3.561999999999999833e+00,1.696309401010327989e+01
3.563000000000000167e+00,1.694596906704208905e+01
3.564000000000000057e+00,1.695892367239624576e+01
3.564999999999999947e+00,1.692053923888098410e+01
3.565999999999999837e+00,1.693929007552002020e+01
3.567000000000000171e+00,1.692741677032621439e+01
3.568000000000000060e+00,1.690775566358934157e+01
3.568999999999999950e+00,1.694508353159702452e+01
3.569999999999999840e+00,1.696928450750627348e+01
3.571000000000000174e+00,1.699636451688117589e+01
3.572000000000000064e+00,1.694401287792042865e+01
3.572999999999999954e+00,1.697254960161924586e+01
3.573999999999999844e+00,1.690766065550022290e+01
3.575000000000000178e+00,1.689570783029476075e+01
3.576000000000000068e+00,1.698338037355843966e+01
3.576999999999999957e+00,1.696304952619861339e+01
3.577999999999999847e+00,1.696168892147660046e+01
3.579000000000000181e+00,1.691121537742582959e+01
3.580000000000000071e+00,1.689356087775970039e+01
3.580999999999999961e+00,1.687504521648121880e+01
3.581999999999999851e+00,1.690774183208361237e+01
3.583000000000000185e+00,1.695888633782707799e+01
3.584000000000000075e+00,1.690365058040648449e+01
3.584999999999999964e+00,1.697506482213425016e+01
3.585999999999999854e+00,1.698137147329736507e+01
3.587000000000000188e+00,1.699587240646939179e+01
3.588000000000000078e+00,1.698752005007416344e+01
3.588999999999999968e+00,1.700849198440947063e+01
3.589999999999999858e+00,1.705443339753342258e+01
3.591000000000000192e+00,1.704238744787081217e+01
3.592000000000000082e+00,1.701903499209033654e+01
3.592999999999999972e+00,1.695145450216748984e+01
3.593999999999999861e+00,1.697647804388995851e+01
3.595000000000000195e+00,1.692650441751152357e+01
3.596000000000000085e+00,1.700292853770942259e+01
3.596999999999999975e+00,1.696299959646926681e+01
3.597999999999999865e+00,1.701259348237856983e+01
3.599000000000000199e+00,1.696334649650809823e+01
3.600000000000000089e+00,1.700556343357337852e+01
3.600999999999999979e+00,1.702318218839861430e+01
3.601999999999999869e+00,1.687991888193196033e+01
3.603000000000000203e+00,1.695516417276151344e+01
3.604000000000000092e+00,1.696689978896819184e+01
3.604999999999999982e+00,1.699800648277151183e+01
3.605999999999999872e+00,1.696450804124263101e+01
3.607000000000000206e+00,1.698487012785158257e+01
3.608000000000000096e+00,1.699576511509600607e+01
3.608999999999999986e+00,1.702635262066335287e+01
3.609999999999999876e+00,1.699432794185716489e+01
3.611000000000000210e+00,1.694033775154690957e+01
3.612000000000000099e+00,1.697296098464773451e+01
3.612999999999999989e+00,1.691715525041680124e+01
3.613999999999999879e+00,1.693818376191982367e+01
3.615000000000000213e+00,1.688472629464713748e+01
3.616000000000000103e+00,1.687853168002261484e+01
3.616999999999999993e+00,1.686098530497334025e+01
3.617999999999999883e+00,1.685375287698895619e+01
3.619000000000000217e+00,1.690107498767296335e+01
3.620000000000000107e+00,1.686241359242993099e+01
3.620999999999999996e+00,1.692230710104024283e+01
3.621999999999999886e+00,1.693494705690916291e+01
3.623000000000000220e+00,1.697287811712762462e+01
3.624000000000000110e+00,1.697451809936541878e+01
3.625000000000000000e+00,1.699284047438427336e+01
3.625999999999999890e+00,1.700963130710844950e+01
3.626999999999999780e+00,1.702341231745158012e+01
3.628000000000000114e+00,1.703263235493167826e+01
3.629000000000000004e+00,1.703112560060137071e+01
3.629999999999999893e+00,1.695991349991901842e+01
3.630999999999999783e+00,1.697877654327778174e+01
3.632000000000000117e+00,1.701956879755416807e+01
3.633000000000000007e+00,1.705702648622129303e+01
3.633999999999999897e+00,1.709170915588465434e+01
3.634999999999999787e+00,1.707005845975551495e+01
3.636000000000000121e+00,1.714383691308186997e+01
3.637000000000000011e+00,1.709651696163967571e+01
3.637999999999999901e+00,1.706781807822368791e+01
3.638999999999999790e+00,1.709146396717666505e+01
3.640000000000000124e+00,1.706523019337164726e+01
3.641000000000000014e+00,1.703895683042132347e+01
3.641999999999999904e+00,1.703348940228907082e+01
3.642999999999999794e+00,1.704898302358585838e+01
3.644000000000000128e+00,1.701448052848257930e+01
3.645000000000000018e+00,1.707829142000646527e+01
3.645999999999999908e+00,1.706268456780849263e+01
3.646999999999999797e+00,1.706090121453137698e+01
3.648000000000000131e+00,1.706399651388637295e+01
3.649000000000000021e+00,1.704608867922362947e+01
3.649999999999999911e+00,1.704140760981479019e+01
3.650999999999999801e+00,1.697432593967809922e+01
3.652000000000000135e+00,1.700592530381968004e+01
3.653000000000000025e+00,1.700798776647049948e+01
3.653999999999999915e+00,1.701066762783121078e+01
3.654999999999999805e+00,1.700953777828233626e+01
3.656000000000000139e+00,1.694547656143764414e+01
3.657000000000000028e+00,1.692343553002819334e+01
3.657999999999999918e+00,1.696027852497146426e+01
3.658999999999999808e+00,1.703717349037825812e+01
3.660000000000000142e+00,1.697917254357611938e+01
3.661000000000000032e+00,1.699221691468311235e+01
3.661999999999999922e+00,1.693681095613089482e+01
3.662999999999999812e+00,1.699881074537793779e+01
3.664000000000000146e+00,1.695435488215636610e+01
3.665000000000000036e+00,1.690404356893038695e+01
3.665999999999999925e+00,1.691352492401330920e+01
3.666999999999999815e+00,1.690864187661944484e+01
3.668000000000000149e+00,1.691245718780367469e+01
3.669000000000000039e+00,1.689158811816113115e+01
3.669999999999999929e+00,1.690764039390112572e+01
3.670999999999999819e+00,1.688234534929545916e+01
3.672000000000000153e+00,1.689723390144238024e+01
3.673000000000000043e+00,1.693991573312759158e+01
3.673999999999999932e+00,1.692858968927133745e+01
3.674999999999999822e+00,1.690457803213073618e+01
3.676000000000000156e+00,1.697739536682727746e+01
3.677000000000000046e+00,1.687771356331111505e+01
3.677999999999999936e+00,1.688284159596268807e+01
3.678999999999999826e+00,1.692793695099015139e+01
3.680000000000000160e+00,1.693425855687242887e+01
3.681000000000000050e+00,1.688159331851751688e+01
3.681999999999999940e+00,1.696136878116075764e+01
3.682999999999999829e+00,1.688716567488207332e+01
3.684000000000000163e+00,1.690449377602540793e+01
3.685000000000000053e+00,1.688535571433752125e+01
3.685999999999999943e+00,1.694416255530665438e+01
3.686999999999999833e+00,1.693201343849532847e+01
3.688000000000000167e+00,1.694011542322703789e+01
3.689000000000000057e+00,1.691972985209027414e+01
3.689999999999999947e+00,1.691873758589116505e+01
3.690999999999999837e+00,1.695381017087836995e+01
3.692000000000000171e+00,1.694150408156583865e+01
3.693000000000000060e+00,1.697616809511709590e+01
3.693999999999999950e+00,1.693278810623985464e+01
3.694999999999999840e+00,1.691113443882558798e+01
3.696000000000000174e+00,1.692270016797854382e+01
3.697000000000000064e+00,1.702775982250032882e+01
3.697999999999999954e+00,1.694456065201882922e+01
3.698999999999999844e+00,1.685674882056227375e+01
3.700000000000000178e+00,1.690859182794714854e+01
3.701000000000000068e+00,1.699161845718639086e+01
3.701999999999999957e+00,1.694037729704647433e+01
3.702999999999999847e+00,1.695774426882643837e+01
3.704000000000000181e+00,1.694314960838410400e+01
3.705000000000000071e+00,1.696053871923407641e+01
3.705999999999999961e+00,1.702000256033415582e+01
3.706999999999999851e+00,1.693078588649681393e+01
3.708000000000000185e+00,1.694371862927273753e+01
3.709000000000000075e+00,1.693779063178699218e+01
3.709999999999999964e+00,1.697414117633617181e+01
3.710999999999999854e+00,1.695610975902310003e+01
3.712000000000000188e+00,1.698135867726730552e+01
3.713000000000000078e+00,1.696053663036126125e+01
3.713999999999999968e+00,1.689763514306188341e+01
3.714999999999999858e+00,1.700083441492593650e+01
3.716000000000000192e+00,1.693415207441564618e+01
3.717000000000000082e+00,1.693381528780865963e+01
3.717999999999999972e+00,1.698610285397252539e+01
3.718999999999999861e+00,1.698369156223766296e+01
3.720000000000000195e+00,1.699320068799670480e+01
3.721000000000000085e+00,1.701690870754556073e+01
3.721999999999999975e+00,1.703197310056118852e+01
3.722999999999999865e+00,1.693754126684311956e+01
3.724000000000000199e+00,1.698260306265820674e+01
3.725000000000000089e+00,1.696825913085295667e+01
3.725999999999999979e+00,1.695467452525995355e+01
3.726999999999999869e+00,1.697175565753391169e+01
3.728000000000000203e+00,1.695593287114066428e+01
3.729000000000000092e+00,1.698996090186173191e+01
3.729999999999999982e+00,1.699706778644305771e+01
3.730999999999999872e+00,1.700804605741297593e+01
3.732000000000000206e+00,1.699502244959288788e+01
3.733000000000000096e+00,1.696416258671555966e+01
3.733999999999999986e+00,1.694960110371111028e+01
3.734999999999999876e+00,1.697415945135725934e+01
3.736000000000000210e+00,1.700051313568682332e+01
3.737000000000000099e+00,1.695061779990026807e+01
3.737999999999999989e+00,1.696080282417085883e+01
3.738999999999999879e+00,1.699207063990453648e+01
3.740000000000000213e+00,1.699804875738986354e+01
3.741000000000000103e+00,1.696863838156227189e+01
3.741999999999999993e+00,1.695775134839605158e+01
3.742999999999999883e+00,1.690135179707509749e+01
3.744000000000000217e+00,1.693788010905369390e+01
3.745000000000000107e+00,1.696361937897060557e+01
3.745999999999999996e+00,1.698813515385361228e+01
3.746999999999999886e+00,1.703610859857464277e+01
3.748000000000000220e+00,1.705862954337636594e+01
3.749000000000000110e+00,1.701589985528289972e+01
3.750000000000000000e+00,1.697904031954947257e+01
3.750999999999999890e+00,1.696641103526690131e+01
3.751999999999999780e+00,1.708375264278436489e+01
3.753000000000000114e+00,1.699416720048187202e+01
3.754000000000000004e+00,1.709266883478890975e+01
3.754999999999999893e+00,1.697677186760070001e+01
3.755999999999999783e+00,1.696469565695839066e+01
3.757000000000000117e+00,1.692212098044531032e+01
3.758000000000000007e+00,1.699370519349521302e+01
3.758999999999999897e+00,1.694191840414175942e+01
3.759999999999999787e+00,1.691674242663139083e+01
3.761000000000000121e+00,1.687424179739150887e+01
3.762000000000000011e+00,1.688896158409043124e+01
3.762999999999999901e+00,1.690878576417692614e+01
3.763999999999999790e+00,1.697693355484096855e+01
3.765000000000000124e+00,1.694506119651214604e+01
3.766000000000000014e+00,1.691917592400122317e+01
3.766999999999999904e+00,1.695289214247557297e+01
3.767999999999999794e+00,1.699852057989541620e+01
3.769000000000000128e+00,1.688952152015017205e+01
3.770000000000000018e+00,1.695990692392532395e+01
3.770999999999999908e+00,1.693432256683849602e+01
3.771999999999999797e+00,1.691040011991451308e+01
3.773000000000000131e+00,1.691941357527506895e+01
3.774000000000000021e+00,1.692731678061173284e+01
3.774999999999999911e+00,1.695865381318591147e+01
3.775999999999999801e+00,1.695448060952937297e+01
3.777000000000000135e+00,1.695753576484584713e+01
3.778000000000000025e+00,1.696353080868784957e+01
3.778999999999999915e+00,1.695247128288893990e+01
3.779999999999999805e+00,1.696516505631349503e+01
3.781000000000000139e+00,1.698991815136065497e+01
3.782000000000000028e+00,1.693223063270124840e+01
3.782999999999999918e+00,1.694435794446387433e+01
3.783999999999999808e+00,1.696327694594370783e+01
3.785000000000000142e+00,1.695215516907527942e+01
3.786000000000000032e+00,1.699300219421146707e+01
3.786999999999999922e+00,1.693078106780495062e+01
3.787999999999999812e+00,1.689966918126683737e+01
3.789000000000000146e+00,1.694982676255881060e+01
3.790000000000000036e+00,1.694083402181837172e+01
3.790999999999999925e+00,1.695409093968178382e+01
3.791999999999999815e+00,1.695853266486517441e+01
3.793000000000000149e+00,1.690950855588240032e+01
3.794000000000000039e+00,1.704391538933635175e+01
3.794999999999999929e+00,1.700177467277249121e+01
3.795999999999999819e+00,1.696732032653933331e+01
3.797000000000000153e+00,1.699899716062973809e+01
3.798000000000000043e+00,1.693993753097163335e+01
3.798999999999999932e+00,1.690967548359694561e+01
3.799999999999999822e+00,1.691804464818151743e+01
3.801000000000000156e+00,1.688623220448125650e+01
3.802000000000000046e+00,1.693806057275369170e+01
3.802999999999999936e+00,1.696264303271249574e+01
3.803999999999999826e+00,1.693780867530857748e+01
3.805000000000000160e+00,1.696474113819091656e+01
3.806000000000000050e+00,1.693252074144220387e+01
3.806999999999999940e+00,1.697614152596059256e+01
3.807999999999999829e+00,1.696017084700542554e+01
3.809000000000000163e+00,1.698722489889983223e+01
3.810000000000000053e+00,1.697805298542073871e+01
3.810999999999999943e+00,1.696018958968046775e+01
3.811999999999999833e+00,1.697226265510309062e+01
3.813000000000000167e+00,1.692139441415827861e+01
3.814000000000000057e+00,1.698440118163994583e+01
3.814999999999999947e+00,1.688737269620588322e+01
3.815999999999999837e+00,1.693920276636055888e+01
3.817000000000000171e+00,1.697943729345239561e+01
3.818000000000000060e+00,1.693575631473721543e+01
3.818999999999999950e+00,1.695610041394117928e+01
3.819999999999999840e+00,1.692455529004643466e+01
3.821000000000000174e+00,1.688754944332527685e+01
3.822000000000000064e+00,1.692516736854901183e+01
3.822999999999999954e+00,1.695941273490839052e+01
3.823999999999999844e+00,1.693426879039957456e+01
3.825000000000000178e+00,1.694594807568990547e+01
3.826000000000000068e+00,1.692300626348055204e+01
3.826999999999999957e+00,1.697595322352003322e+01
3.827999999999999847e+00,1.695374206844672216e+01
3.829000000000000181e+00,1.687138758239038694e+01
3.830000000000000071e+00,1.693056864241273729e+01
3.830999999999999961e+00,1.691831477102423165e+01
3.831999999999999851e+00,1.697002179339581573e+01
3.833000000000000185e+00,1.690702930877866805e+01
3.834000000000000075e+00,1.696444465343837749e+01
3.834999999999999964e+00,1.697571495774252881e+01
3.835999999999999854e+00,1.692548624490889608e+01
3.837000000000000188e+00,1.698358125241998451e+01
3.838000000000000078e+00,1.689747712859233886e+01
3.838999999999999968e+00,1.689346446015078129e+01
3.839999999999999858e+00,1.697485473076592655e+01
3.841000000000000192e+00,1.689395341982503496e+01
3.842000000000000082e+00,1.700818152437062025e+01
3.842999999999999972e+00,1.697749575550092516e+01
3.843999999999999861e+00,1.697664021830349412e+01
3.845000000000000195e+00,1.693836329203386271e+01
3.846000000000000085e+00,1.694416596286070842e+01
3.846999999999999975e+00,1.696391476476313187e+01
3.847999999999999865e+00,1.701133379853309435e+01
3.849000000000000199e+00,1.696401762799424873e+01
3.850000000000000089e+00,1.698637153197653049e+01
3.850999999999999979e+00,1.696024854720085528e+01
3.851999999999999869e+00,1.700619958750143113e+01
3.853000000000000203e+00,1.694823112012717203e+01
3.854000000000000092e+00,1.691734012527307840e+01
3.854999999999999982e+00,1.696743578005729347e+01
3.855999999999999872e+00,1.696791417613178510e+01
3.857000000000000206e+00,1.702561097852241545e+01
3.858000000000000096e+00,1.694571449256707041e+01
3.858999999999999986e+00,1.700703189276119431e+01
3.859999999999999876e+00,1.701189875881753366e+01
3.861000000000000210e+00,1.697144801726085461e+01
3.862000000000000099e+00,1.695111217931816583e+01
3.862999999999999989e+00,1.699764380796989016e+01
3.863999999999999879e+00,1.694873037214192024e+01
3.865000000000000213e+00,1.696237100828782474e+01
3.866000000000000103e+00,1.692786325669205638e+01
3.866999999999999993e+00,1.698613438533853071e+01
3.867999999999999883e+00,1.689794480650402519e+01
3.869000000000000217e+00,1.696602754057219542e+01
3.870000000000000107e+00,1.698390317125637594e+01
3.870999999999999996e+00,1.692774991484434821e+01
3.871999999999999886e+00,1.703631308706640368e+01
3.873000000000000220e+00,1.693115792635190431e+01
3.874000000000000110e+00,1.699041020482284026e+01
3.875000000000000000e+00,1.703394980442648787e+01
3.875999999999999890e+00,1.697158970323990701e+01
3.876999999999999780e+00,1.700286299230252496e+01
3.878000000000000114e+00,1.700356163864251613e+01
3.879000000000000004e+00,1.697578201756272875e+01
3.879999999999999893e+00,1.698208417196058662e+01
3.880999999999999783e+00,1.693285978855592333e+01
3.882000000000000117e+00,1.699760926398435501e+01
3.883000000000000007e+00,1.697104203862698668e+01
3.883999999999999897e+00,1.691700909507688522e+01
3.884999999999999787e+00,1.689779917296817402e+01
3.886000000000000121e+00,1.691432887616210579e+01
3.887000000000000011e+00,1.693144022090724476e+01
3.887999999999999901e+00,1.690809690960024270e+01
3.888999999999999790e+00,1.697228777762944674e+01
3.890000000000000124e+00,1.689836500842045197e+01
3.891000000000000014e+00,1.694221715854038735e+01
3.891999999999999904e+00,1.691909754660590792e+01
3.892999999999999794e+00,1.696469006522851330e+01
3.894000000000000128e+00,1.695077566659368884e+01
3.895000000000000018e+00,1.690690782711648055e+01
3.895999999999999908e+00,1.694542922714896349e+01
3.896999999999999797e+00,1.698027671617563428e+01
3.898000000000000131e+00,1.688951832203072456e+01
3.899000000000000021e+00,1.689829598327231963e+01
3.899999999999999911e+00,1.686102587813243048e+01
3.900999999999999801e+00,1.690965974550808681e+01
3.902000000000000135e+00,1.695198859642340850e+01
3.903000000000000025e+00,1.702146018556469542e+01
3.903999999999999915e+00,1.696015226523038777e+01
3.904999999999999805e+00,1.703026005998306758e+01
3.906000000000000139e+00,1.697363115599020844e+01
3.907000000000000028e+00,1.704671807326778321e+01
3.907999999999999918e+00,1.693086580509520900e+01
3.908999999999999808e+00,1.697115077648995651e+01
3.910000000000000142e+00,1.694911687196934480e+01
3.911000000000000032e+00,1.694002568325537439e+01
3.911999999999999922e+00,1.694223996046976310e+01
3.912999999999999812e+00,1.689877523441026241e+01
3.914000000000000146e+00,1.694799648160267225e+01
3.915000000000000036e+00,1.701659137823922663e+01
3.915999999999999925e+00,1.700029003879595280e+01
3.916999999999999815e+00,1.698758039979681911e+01
3.918000000000000149e+00,1.691323583769866090e+01
3.919000000000000039e+00,1.696574025109783790e+01
3.919999999999999929e+00,1.694644085639138709e+01
3.920999999999999819e+00,1.689159745400959167e+01
3.922000000000000153e+00,1.695481951805001586e+01
3.923000000000000043e+00,1.691298245536713551e+01
3.923999999999999932e+00,1.695044700904177404e+01
3.924999999999999822e+00,1.692406671924330297e+01
3.926000000000000156e+00,1.694889558499143334e+01
3.927000000000000046e+00,1.687959149602034259e+01
3.927999999999999936e+00,1.688074279756308727e+01
3.928999999999999826e+00,1.692346158356968289e+01
3.930000000000000160e+00,1.689667651744940002e+01
3.931000000000000050e+00,1.694649367006643814e+01
3.931999999999999940e+00,1.687915701520115874e+01
3.932999999999999829e+00,1.694157563877286421e+01
3.934000000000000163e+00,1.695675750000427939e+01
3.935000000000000053e+00,1.697583244707753281e+01
3.935999999999999943e+00,1.700087857328245988e+01
3.936999999999999833e+00,1.691065928523394035e+01
3.938000000000000167e+00,1.695872186647274660e+01
3.939000000000000057e+00,1.693556107696191759e+01
3.939999999999999947e+00,1.695545434495729964e+01
3.940999999999999837e+00,1.693427405434312050e+01
3.942000000000000171e+00,1.686648606184031252e+01
3.943000000000000060e+00,1.695777097103442799e+01
3.943999999999999950e+00,1.687959065769622669e+01
3.944999999999999840e+00,1.691095249975483839e+01
3.946000000000000174e+00,1.690159495163085168e+01
3.947000000000000064e+00,1.691628456076348286e+01
3.947999999999999954e+00,1.687147589960033756e+01
3.948999999999999844e+00,1.686026071553004257e+01
3.950000000000000178e+00,1.690686808246549333e+01
3.951000000000000068e+00,1.696483834041160321e+01
3.951999999999999957e+00,1.695679331660908318e+01
3.952999999999999847e+00,1.691052898730974619e+01
3.954000000000000181e+00,1.693379933052658615e+01
3.955000000000000071e+00,1.701678867628989167e+01
3.955999999999999961e+00,1.693685005644870500e+01
3.956999999999999851e+00,1.687731495262652714e+01
3.958000000000000185e+00,1.688424292328965137e+01
3.959000000000000075e+00,1.697980238036237921e+01
3.959999999999999964e+00,1.695633884877413422e+01
3.960999999999999854e+00,1.699874438160334833e+01
3.962000000000000188e+00,1.697078286333984209e+01
3.963000000000000078e+00,1.694760643155873225e+01
3.963999999999999968e+00,1.692604614338662117e+01
3.964999999999999858e+00,1.700584892655000857e+01
3.966000000000000192e+00,1.701441405064568002e+01
3.967000000000000082e+00,1.697203519991611387e+01
3.967999999999999972e+00,1.692334568109493986e+01
3.968999999999999861e+00,1.701433664593352546e+01
3.970000000000000195e+00,1.692089116887910194e+01
3.971000000000000085e+00,1.704047100343477084e+01
3.971999999999999975e+00,1.706277334741935547e+01
3.972999999999999865e+00,1.704785529274672484e+01
3.974000000000000199e+00,1.700494764840506789e+01
3.975000000000000089e+00,1.695181175049498989e+01
3.975999999999999979e+00,1.699552100464282489e+01
3.976999999999999869e+00,1.702158130210017717e+01
3.978000000000000203e+00,1.694160480893759058e+01
3.979000000000000092e+00,1.693181532044479098e+01
3.979999999999999982e+00,1.705136159587534550e+01
3.980999999999999872e+00,1.704434523978355642e+01
3.982000000000000206e+00,1.696851556755867563e+01
3.983000000000000096e+00,1.694099344294758325e+01
3.983999999999999986e+00,1.693542835023285420e+01
3.984999999999999876e+00,1.690788415069932782e+01
3.986000000000000210e+00,1.695569596326463113e+01
3.987000000000000099e+00,1.696799340325230432e+01
3.987999999999999989e+00,1.697720727650339967e+01
3.988999999999999879e+00,1.705339372228656813e+01
3.990000000000000213e+00,1.711900114751512447e+01
3.991000000000000103e+00,1.705823120522847702e+01
3.991999999999999993e+00,1.708905022026014109e+01
3.992999999999999883e+00,1.699786156880828614e+01
3.994000000000000217e+00,1.690845089159842018e+01
3.995000000000000107e+00,1.702894173338479433e+01
3.995999999999999996e+00,1.703325583750116934e+01
3.996999999999999886e+00,1.704322930649741252e+01
3.998000000000000220e+00,1.693677461949366148e+01
3.999000000000000110e+00,1.698739548728372029e+01
4.000000000000000000e+00,1.698120299776050857e+01
4.001000000000000334e+00,1.701183852613339198e+01
4.001999999999999780e+00,1.701551124390920933e+01
4.003000000000000114e+00,1.693104214865016743e+01
4.003999999999999559e+00,1.699099906719398945e+01
4.004999999999999893e+00,1.696046303218303564e+01
4.006000000000000227e+00,1.703402187662315015e+01
4.006999999999999673e+00,1.694712301018999057e+01
4.008000000000000007e+00,1.698918164931721009e+01
4.009000000000000341e+00,1.699474501291916084e+01
4.009999999999999787e+00,1.691219735556760639e+01
4.011000000000000121e+00,1.700602764951839774e+01
4.011999999999999567e+00,1.698682489810976648e+01
4.012999999999999901e+00,1.693515290384677030e+01
4.014000000000000234e+00,1.698179388301162973e+01
4.014999999999999680e+00,1.695901843904288597e+01
4.016000000000000014e+00,1.699444189326506560e+01
4.017000000000000348e+00,1.706054019621988260e+01
4.017999999999999794e+00,1.699106606200835756e+01
4.019000000000000128e+00,1.694835369790406432e+01
4.019999999999999574e+00,1.707444665214651991e+01
4.020999999999999908e+00,1.699614027872442179e+01
4.022000000000000242e+00,1.702660213045721704e+01
4.022999999999999687e+00,1.701550880865865523e+01
4.024000000000000021e+00,1.698161467653771339e+01
4.025000000000000355e+00,1.700919129367203553e+01
4.025999999999999801e+00,1.703051866324232577e+01
4.027000000000000135e+00,1.701698188717486460e+01
4.027999999999999581e+00,1.707291259279952200e+01
4.028999999999999915e+00,1.705891991623792592e+01
4.030000000000000249e+00,1.705553648861438276e+01
4.030999999999999694e+00,1.706359819487550666e+01
4.032000000000000028e+00,1.704949423033294309e+01
4.033000000000000362e+00,1.704850990391802057e+01
4.033999999999999808e+00,1.705627140563758104e+01
4.035000000000000142e+00,1.702496556495719915e+01
4.035999999999999588e+00,1.706701643678403002e+01
4.036999999999999922e+00,1.704195796766579818e+01
4.038000000000000256e+00,1.708698516946699542e+01
4.038999999999999702e+00,1.705786426164167580e+01
4.040000000000000036e+00,1.704984870898688243e+01
4.041000000000000369e+00,1.695877889261722515e+01
4.041999999999999815e+00,1.700099218936760082e+01
4.043000000000000149e+00,1.699523699815199862e+01
4.043999999999999595e+00,1.697893742646339987e+01
4.044999999999999929e+00,1.699994231377092291e+01
4.046000000000000263e+00,1.702020611099932523e+01
4.046999999999999709e+00,1.707587304400197326e+01
4.048000000000000043e+00,1.698076105330932251e+01
4.049000000000000377e+00,1.699016820700276043e+01
4.049999999999999822e+00,1.701880777914414011e+01
4.051000000000000156e+00,1.698814229297446232e+01
4.051999999999999602e+00,1.698062235113298613e+01
4.052999999999999936e+00,1.701587059256180012e+01
4.054000000000000270e+00,1.696407452056139675e+01
4.054999999999999716e+00,1.697151580870976417e+01
4.056000000000000050e+00,1.694313352736082479e+01
4.057000000000000384e+00,1.696608972631257473e+01
4.057999999999999829e+00,1.695662692615502465e+01
4.059000000000000163e+00,1.692391999651903234e+01
4.059999999999999609e+00,1.699541614126901834e+01
4.060999999999999943e+00,1.704637955352427170e+01
4.062000000000000277e+00,1.711188930022528609e+01
4.062999999999999723e+00,1.709082635627438052e+01
4.064000000000000057e+00,1.699871165544887930e+01
4.065000000000000391e+00,1.696263814042928431e+01
4.065999999999999837e+00,1.697147442735452927e+01
4.067000000000000171e+00,1.698837940302008320e+01
4.067999999999999616e+00,1.703717086081404730e+01
4.068999999999999950e+00,1.695592722160854748e+01
4.070000000000000284e+00,1.708186601720934661e+01
4.070999999999999730e+00,1.702565136363116238e+01
4.072000000000000064e+00,1.706674772552976549e+01
4.073000000000000398e+00,1.701114549608202609e+01
4.073999999999999844e+00,1.700242328112448931e+01
4.075000000000000178e+00,1.697655016279405871e+01
4.075999999999999623e+00,1.701751810240149965e+01
4.076999999999999957e+00,1.698103360670955553e+01
4.078000000000000291e+00,1.702236096497061268e+01
4.078999999999999737e+00,1.698526568627614353e+01
4.080000000000000071e+00,1.705666165997697803e+01
4.081000000000000405e+00,1.696945552944024271e+01
4.081999999999999851e+00,1.700705370547539985e+01
4.083000000000000185e+00,1.696718690261894125e+01
4.083999999999999631e+00,1.694407483170388673e+01
4.084999999999999964e+00,1.697554154507047741e+01
4.086000000000000298e+00,1.696833626730208522e+01
4.086999999999999744e+00,1.702226804919617109e+01
4.088000000000000078e+00,1.695456938238104527e+01
4.089000000000000412e+00,1.702705019497434691e+01
4.089999999999999858e+00,1.696684992750052601e+01
4.091000000000000192e+00,1.699899649956078918e+01
4.091999999999999638e+00,1.700625615644484867e+01
4.092999999999999972e+00,1.698022429201509809e+01
4.094000000000000306e+00,1.693062860859637198e+01
4.094999999999999751e+00,1.698834806292212818e+01
4.096000000000000085e+00,1.688714020379655167e+01
4.097000000000000419e+00,1.696952274851690134e+01
4.097999999999999865e+00,1.698727890342802738e+01
4.099000000000000199e+00,1.696469386984923844e+01
4.099999999999999645e+00,1.703487718108836191e+01
4.100999999999999979e+00,1.695812553382150512e+01
4.102000000000000313e+00,1.691766694998441167e+01
4.102999999999999758e+00,1.692180977810442499e+01
4.104000000000000092e+00,1.694374242079688386e+01
4.105000000000000426e+00,1.694931179081450523e+01
4.105999999999999872e+00,1.695302135475547800e+01
4.107000000000000206e+00,1.696124992612239168e+01
4.107999999999999652e+00,1.693783403006136723e+01
4.108999999999999986e+00,1.694908782851542028e+01
4.110000000000000320e+00,1.690569023515991276e+01
4.110999999999999766e+00,1.699633867399365883e+01
4.112000000000000099e+00,1.695421550989319570e+01
4.113000000000000433e+00,1.690582570445505795e+01
4.113999999999999879e+00,1.690667439315181397e+01
4.115000000000000213e+00,1.689041857548805936e+01
4.115999999999999659e+00,1.688342063669547599e+01
4.116999999999999993e+00,1.692125892500726181e+01
4.118000000000000327e+00,1.692683480547942665e+01
4.118999999999999773e+00,1.695335185038810266e+01
4.120000000000000107e+00,1.693394187880450019e+01
4.121000000000000441e+00,1.690203882133172897e+01
4.121999999999999886e+00,1.688061192452277126e+01
4.123000000000000220e+00,1.691784138922579217e+01
4.123999999999999666e+00,1.693415079136817525e+01
4.125000000000000000e+00,1.689632545987347712e+01
4.126000000000000334e+00,1.688575339764999939e+01
4.126999999999999780e+00,1.694309315282866635e+01
4.128000000000000114e+00,1.694122342502518919e+01
4.128999999999999559e+00,1.688099103407424906e+01
4.129999999999999893e+00,1.691532579593729935e+01
4.131000000000000227e+00,1.689018916921398628e+01
4.131999999999999673e+00,1.695054523548314052e+01
4.133000000000000007e+00,1.691097268960505673e+01
4.134000000000000341e+00,1.692878952270930171e+01
4.134999999999999787e+00,1.693919674611852244e+01
4.136000000000000121e+00,1.690699640318783281e+01
4.136999999999999567e+00,1.687790713132381626e+01
4.137999999999999901e+00,1.690847002485448058e+01
4.139000000000000234e+00,1.691717425494140414e+01
4.139999999999999680e+00,1.695852843785555208e+01
4.141000000000000014e+00,1.686968000206917395e+01
4.142000000000000348e+00,1.690112793530722612e+01
4.142999999999999794e+00,1.687547996685923835e+01
4.144000000000000128e+00,1.687435203752787061e+01
4.144999999999999574e+00,1.694312032341447249e+01
4.145999999999999908e+00,1.692796943442072433e+01
4.147000000000000242e+00,1.692731211804492020e+01
4.147999999999999687e+00,1.693730022967758941e+01
4.149000000000000021e+00,1.693026779311285779e+01
4.150000000000000355e+00,1.696884055230354349e+01
4.150999999999999801e+00,1.693261884107401372e+01
4.152000000000000135e+00,1.693811027895126742e+01
4.152999999999999581e+00,1.694750874069683633e+01
4.153999999999999915e+00,1.696692443797419259e+01
4.155000000000000249e+00,1.697993723907429242e+01
4.155999999999999694e+00,1.696828810066292448e+01
4.157000000000000028e+00,1.696876548664639373e+01
4.158000000000000362e+00,1.699158662782889095e+01
4.158999999999999808e+00,1.699880446678139378e+01
4.160000000000000142e+00,1.701580690769161208e+01
4.160999999999999588e+00,1.692547280557578304e+01
4.161999999999999922e+00,1.697622805379162969e+01
4.163000000000000256e+00,1.693981839231579301e+01
4.163999999999999702e+00,1.696618863922882170e+01
4.165000000000000036e+00,1.697996282415011748e+01
4.166000000000000369e+00,1.700042542759736008e+01
4.166999999999999815e+00,1.702805855031255788e+01
4.168000000000000149e+00,1.702017196783861763e+01
4.168999999999999595e+00,1.693501923366237349e+01
4.169999999999999929e+00,1.697465894495514860e+01
4.171000000000000263e+00,1.705844343790829143e+01
4.171999999999999709e+00,1.695769691258715994e+01
4.173000000000000043e+00,1.701079878313935723e+01
4.174000000000000377e+00,1.694568304163093586e+01
4.174999999999999822e+00,1.694921416778066714e+01
4.176000000000000156e+00,1.694884497475472784e+01
4.176999999999999602e+00,1.698643984549981312e+01
4.177999999999999936e+00,1.698567324358266717e+01
4.179000000000000270e+00,1.698398106393472418e+01
4.179999999999999716e+00,1.695733194408481381e+01
4.181000000000000050e+00,1.694254160108889806e+01
4.182000000000000384e+00,1.692723706086082558e+01
4.182999999999999829e+00,1.699330499739425093e+01
4.184000000000000163e+00,1.694075174374108173e+01
4.184999999999999609e+00,1.696636714463106443e+01
4.185999999999999943e+00,1.691000498466352653e+01
4.187000000000000277e+00,1.692734972692686668e+01
4.187999999999999723e+00,1.684320671241009038e+01
4.189000000000000057e+00,1.690097898805392873e+01
4.190000000000000391e+00,1.695241048643894288e+01
4.190999999999999837e+00,1.691932970434293537e+01
4.192000000000000171e+00,1.693199347988182524e+01
4.192999999999999616e+00,1.693575092557119177e+01
4.193999999999999950e+00,1.697868010821811069e+01
4.195000000000000284e+00,1.697370139398136146e+01
4.195999999999999730e+00,1.690625027683995896e+01
4.197000000000000064e+00,1.686928282631356879e+01
4.198000000000000398e+00,1.688486539883481541e+01
4.198999999999999844e+00,1.691860507917598966e+01
4.200000000000000178e+00,1.693073328296427604e+01
4.200999999999999623e+00,1.688931497340038845e+01
4.201999999999999957e+00,1.689456427006465944e+01
4.203000000000000291e+00,1.689406784039629983e+01
4.203999999999999737e+00,1.686290452807166318e+01
4.205000000000000071e+00,1.687596315372502787e+01
4.206000000000000405e+00,1.690939040580369479e+01
4.206999999999999851e+00,1.690532382607521455e+01
4.208000000000000185e+00,1.694148230452269033e+01
4.208999999999999631e+00,1.685298235843736236e+01
4.209999999999999964e+00,1.686269811684519837e+01
4.211000000000000298e+00,1.690076813369661934e+01
4.211999999999999744e+00,1.689578492436822543e+01
4.213000000000000078e+00,1.689377324415756476e+01
4.214000000000000412e+00,1.690091857239826467e+01
4.214999999999999858e+00,1.695186408870363692e+01
4.216000000000000192e+00,1.682768735257527126e+01
4.216999999999999638e+00,1.684280374538619540e+01
4.217999999999999972e+00,1.689126322376874967e+01
4.219000000000000306e+00,1.694144704373269050e+01
4.219999999999999751e+00,1.691009176882433707e+01
4.221000000000000085e+00,1.686913059631537237e+01
4.222000000000000419e+00,1.693662304600528046e+01
4.222999999999999865e+00,1.686789738827610208e+01
4.224000000000000199e+00,1.689536334676297002e+01
4.224999999999999645e+00,1.688648838249758910e+01
4.225999999999999979e+00,1.688981416943577685e+01
4.227000000000000313e+00,1.684789825807293084e+01
4.227999999999999758e+00,1.681922669260340797e+01
4.229000000000000092e+00,1.685778943317129119e+01
4.230000000000000426e+00,1.691677893145029543e+01
4.230999999999999872e+00,1.694793837202944431e+01
4.232000000000000206e+00,1.682468460161841861e+01
4.232999999999999652e+00,1.686148350107372096e+01
4.233999999999999986e+00,1.684528310052179734e+01
4.235000000000000320e+00,1.686696573991148540e+01
4.235999999999999766e+00,1.691879456464292630e+01
4.237000000000000099e+00,1.689714628521996787e+01
4.238000000000000433e+00,1.689577219991311452e+01
4.238999999999999879e+00,1.696171495482647984e+01
4.240000000000000213e+00,1.689328799059582309e+01
4.240999999999999659e+00,1.692353605740517253e+01
4.241999999999999993e+00,1.693727239369133031e+01
4.243000000000000327e+00,1.695974940468746439e+01
4.243999999999999773e+00,1.698565331448985916e+01
4.245000000000000107e+00,1.691651136030700542e+01
4.246000000000000441e+00,1.688237092932239136e+01
4.246999999999999886e+00,1.689258897777364510e+01
4.248000000000000220e+00,1.696955150151130454e+01
4.248999999999999666e+00,1.690175225279970306e+01
4.250000000000000000e+00,1.694777335780364780e+01
4.251000000000000334e+00,1.697617114988727849e+01
4.251999999999999780e+00,1.698295266213589727e+01
4.253000000000000114e+00,1.696268968640202246e+01
4.253999999999999559e+00,1.693706091169982031e+01
4.254999999999999893e+00,1.695146387867881543e+01
4.256000000000000227e+00,1.691723847295648042e+01
4.256999999999999673e+00,1.696148075167851843e+01
4.258000000000000007e+00,1.696552478934403396e+01
4.259000000000000341e+00,1.689447945016564745e+01
4.259999999999999787e+00,1.693528859472228731e+01
4.261000000000000121e+00,1.691727303724973908e+01
4.261999999999999567e+00,1.689960097099210756e+01
4.262999999999999901e+00,1.694933033969830660e+01
4.264000000000000234e+00,1.691384827785046596e+01
4.264999999999999680e+00,1.695449989818715153e+01
4.266000000000000014e+00,1.692768536180099304e+01
4.267000000000000348e+00,1.687517272057376871e+01
4.267999999999999794e+00,1.687297914067554316e+01
4.269000000000000128e+00,1.690622585400855726e+01
4.269999999999999574e+00,1.701340056340201556e+01
4.270999999999999908e+00,1.697543098206577028e+01
4.272000000000000242e+00,1.700640807205698835e+01
4.272999999999999687e+00,1.693549384660015278e+01
4.274000000000000021e+00,1.686959952496153292e+01
4.275000000000000355e+00,1.695024447229311093e+01
4.275999999999999801e+00,1.684592630456506512e+01
4.277000000000000135e+00,1.683707987776723769e+01
4.277999999999999581e+00,1.692040004098872075e+01
4.278999999999999915e+00,1.695756045172014836e+01
4.280000000000000249e+00,1.696262420679422789e+01
4.280999999999999694e+00,1.688169535775387331e+01
4.282000000000000028e+00,1.695179080855116283e+01
4.283000000000000362e+00,1.690357960869298637e+01
4.283999999999999808e+00,1.695825622211670947e+01
4.285000000000000142e+00,1.698399987244635412e+01
4.285999999999999588e+00,1.688471242558713925e+01
4.286999999999999922e+00,1.693714288144273183e+01
4.288000000000000256e+00,1.692074127952604456e+01
4.288999999999999702e+00,1.696046078188463824e+01
4.290000000000000036e+00,1.688175172659438772e+01
4.291000000000000369e+00,1.693176639130116001e+01
4.291999999999999815e+00,1.689030241610298333e+01
4.293000000000000149e+00,1.693960054876317045e+01
4.293999999999999595e+00,1.691728390737409526e+01
4.294999999999999929e+00,1.694999041823650288e+01
4.296000000000000263e+00,1.689221676704799791e+01
4.296999999999999709e+00,1.690121312290072808e+01
4.298000000000000043e+00,1.699415588803928756e+01
4.299000000000000377e+00,1.695707782604009850e+01
4.299999999999999822e+00,1.687559466170436195e+01
4.301000000000000156e+00,1.688801853762066330e+01
4.301999999999999602e+00,1.694258930773524696e+01
4.302999999999999936e+00,1.687532633016126482e+01
4.304000000000000270e+00,1.691949011871234632e+01
4.304999999999999716e+00,1.686331177834874495e+01
4.306000000000000050e+00,1.690052624254464320e+01
4.307000000000000384e+00,1.686961812062363819e+01
4.307999999999999829e+00,1.691230964108481061e+01
4.309000000000000163e+00,1.691813169982925658e+01
4.309999999999999609e+00,1.689862754918941690e+01
4.310999999999999943e+00,1.686939251718321842e+01
4.312000000000000277e+00,1.692511963133818043e+01
4.312999999999999723e+00,1.689703696870633465e+01
4.314000000000000057e+00,1.687612962102501157e+01
4.315000000000000391e+00,1.695426800120090505e+01
4.315999999999999837e+00,1.698081972964626019e+01
4.317000000000000171e+00,1.690579698963215094e+01
4.317999999999999616e+00,1.695516179713458627e+01
4.318999999999999950e+00,1.693875824447359690e+01
4.320000000000000284e+00,1.687335939499855186e+01
4.320999999999999730e+00,1.687771587374108506e+01
4.322000000000000064e+00,1.691516515397517395e+01
4.323000000000000398e+00,1.689581805804893477e+01
4.323999999999999844e+00,1.690796666446270891e+01
4.325000000000000178e+00,1.691107338055359932e+01
4.325999999999999623e+00,1.690746520202176129e+01
4.326999999999999957e+00,1.692989161456534930e+01
4.328000000000000291e+00,1.693993903811203694e+01
4.328999999999999737e+00,1.691800644807286957e+01
4.330000000000000071e+00,1.696718607057145789e+01
4.331000000000000405e+00,1.690337102088243881e+01
4.331999999999999851e+00,1.694130220928215991e+01
4.333000000000000185e+00,1.695240253927754637e+01
4.333999999999999631e+00,1.698412271650123273e+01
4.334999999999999964e+00,1.699611200945677325e+01
4.336000000000000298e+00,1.693131039104602564e+01
4.336999999999999744e+00,1.694512964801989341e+01
4.338000000000000078e+00,1.705665510388232065e+01
4.339000000000000412e+00,1.701738239221684879e+01
4.339999999999999858e+00,1.697193947488529631e+01
4.341000000000000192e+00,1.689765095515385340e+01
4.341999999999999638e+00,1.692451789915875437e+01
4.342999999999999972e+00,1.698534426528747687e+01
4.344000000000000306e+00,1.699105437829691567e+01
4.344999999999999751e+00,1.692775788869497333e+01
4.346000000000000085e+00,1.701778966148681604e+01
4.347000000000000419e+00,1.701737168025834990e+01
4.347999999999999865e+00,1.691175671060820207e+01
4.349000000000000199e+00,1.697040911657246198e+01
4.349999999999999645e+00,1.695123262036684508e+01
4.350999999999999979e+00,1.693526294856106063e+01
4.352000000000000313e+00,1.691409078541755306e+01
4.352999999999999758e+00,1.697619565180200496e+01
4.354000000000000092e+00,1.693862757933395713e+01
4.355000000000000426e+00,1.703341883009798252e+01
4.355999999999999872e+00,1.705673835591547416e+01
4.357000000000000206e+00,1.691018844248984720e+01
4.357999999999999652e+00,1.697563027650277334e+01
4.358999999999999986e+00,1.695264283603047772e+01
4.360000000000000320e+00,1.691799547925908342e+01
4.360999999999999766e+00,1.695288183802750837e+01
4.362000000000000099e+00,1.695168573344790630e+01
4.363000000000000433e+00,1.698962467674044063e+01
4.363999999999999879e+00,1.702969569404285366e+01
4.365000000000000213e+00,1.696820476868690264e+01
4.365999999999999659e+00,1.691774085786473947e+01
4.366999999999999993e+00,1.696076612250104532e+01
4.368000000000000327e+00,1.688163200722146229e+01
4.368999999999999773e+00,1.692661229180607663e+01
4.370000000000000107e+00,1.693477852007890050e+01
4.371000000000000441e+00,1.691741504060875556e+01
4.371999999999999886e+00,1.691441338318739085e+01
4.373000000000000220e+00,1.694398284647720487e+01
4.373999999999999666e+00,1.693338354716522787e+01
4.375000000000000000e+00,1.691550327884070626e+01
4.376000000000000334e+00,1.689364069742039476e+01
4.376999999999999780e+00,1.688883524171895445e+01
4.378000000000000114e+00,1.682711521395301091e+01
4.378999999999999559e+00,1.685974823927674038e+01
4.379999999999999893e+00,1.695312609728235742e+01
4.381000000000000227e+00,1.692624406908786838e+01
4.381999999999999673e+00,1.689504283841287346e+01
4.383000000000000007e+00,1.694767983616996432e+01
4.384000000000000341e+00,1.696268668782062861e+01
4.384999999999999787e+00,1.690493887594091404e+01
4.386000000000000121e+00,1.692672705318308957e+01
4.386999999999999567e+00,1.696282658813684918e+01
4.387999999999999901e+00,1.695937478385263475e+01
4.389000000000000234e+00,1.696179263084634670e+01
4.389999999999999680e+00,1.690936192033806762e+01
4.391000000000000014e+00,1.691524196295663884e+01
4.392000000000000348e+00,1.690354791561897230e+01
4.392999999999999794e+00,1.687757518828051673e+01
4.394000000000000128e+00,1.691846189537827172e+01
4.394999999999999574e+00,1.690890088355997989e+01
4.395999999999999908e+00,1.693346472192510532e+01
4.397000000000000242e+00,1.689892479469056497e+01
4.397999999999999687e+00,1.695556659588818249e+01
4.399000000000000021e+00,1.693895639861020186e+01
4.400000000000000355e+00,1.694938692317798257e+01
4.400999999999999801e+00,1.700224520500217906e+01
4.402000000000000135e+00,1.693905141151794425e+01
4.402999999999999581e+00,1.689843887553174184e+01
4.403999999999999915e+00,1.691270323806919862e+01
4.405000000000000249e+00,1.692199872982234865e+01
4.405999999999999694e+00,1.685419480596347697e+01
4.407000000000000028e+00,1.685606663522316495e+01
4.408000000000000362e+00,1.692624169567821468e+01
4.408999999999999808e+00,1.693792982288229965e+01
4.410000000000000142e+00,1.687033055279362515e+01
4.410999999999999588e+00,1.695451666410306402e+01
4.411999999999999922e+00,1.693724415942615735e+01
4.413000000000000256e+00,1.689793101950806076e+01
4.413999999999999702e+00,1.696261813787274164e+01
4.415000000000000036e+00,1.691173301567771148e+01
4.416000000000000369e+00,1.689821401845419757e+01
4.416999999999999815e+00,1.690736648712622880e+01
4.418000000000000149e+00,1.686182375051134485e+01
4.418999999999999595e+00,1.690027554019449596e+01
4.419999999999999929e+00,1.694318714508891688e+01
4.421000000000000263e+00,1.693905186963524301e+01
4.421999999999999709e+00,1.702446892721513549e+01
4.423000000000000043e+00,1.692408802005084567e+01
4.424000000000000377e+00,1.690477482678406673e+01
4.424999999999999822e+00,1.690446500469442981e+01
4.426000000000000156e+00,1.690734207586472237e+01
4.426999999999999602e+00,1.693484951542894379e+01
4.427999999999999936e+00,1.688699220739592022e+01
4.429000000000000270e+00,1.690123644062363439e+01
4.429999999999999716e+00,1.694801418044709607e+01
4.431000000000000050e+00,1.694191270173140396e+01
4.432000000000000384e+00,1.688493816919685742e+01
4.432999999999999829e+00,1.693767486871950467e+01
4.434000000000000163e+00,1.689890354425065766e+01
4.434999999999999609e+00,1.685277411474945097e+01
4.435999999999999943e+00,1.691865169804353997e+01
4.437000000000000277e+00,1.690484418024612978e+01
4.437999999999999723e+00,1.690161028833222545e+01
4.439000000000000057e+00,1.687297012889574432e+01
4.440000000000000391e+00,1.688087562033880928e+01
4.440999999999999837e+00,1.693187636288745423e+01
4.442000000000000171e+00,1.692593754849434262e+01
4.442999999999999616e+00,1.692153688520242483e+01
4.443999999999999950e+00,1.691407094403238887e+01
4.445000000000000284e+00,1.691464354503471412e+01
4.445999999999999730e+00,1.688032417994676493e+01
4.447000000000000064e+00,1.690941335100351850e+01
4.448000000000000398e+00,1.690884909800174540e+01
4.448999999999999844e+00,1.693205441653718779e+01
4.450000000000000178e+00,1.696768536250568005e+01
4.450999999999999623e+00,1.690299681258915498e+01
4.451999999999999957e+00,1.692892725286875333e+01
4.453000000000000291e+00,1.684229766772731196e+01
4.453999999999999737e+00,1.692315001953350517e+01
4.455000000000000071e+00,1.696823851562550800e+01
4.456000000000000405e+00,1.686655368649208597e+01
4.456999999999999851e+00,1.692030690965452067e+01
4.458000000000000185e+00,1.693529646458576110e+01
4.458999999999999631e+00,1.688893183615086002e+01
4.459999999999999964e+00,1.696239362872018930e+01
4.461000000000000298e+00,1.692754692785427295e+01
4.461999999999999744e+00,1.688310942638143430e+01
4.463000000000000078e+00,1.689121964908260765e+01
4.464000000000000412e+00,1.694932104740711054e+01
4.464999999999999858e+00,1.693491276694212644e+01
4.466000000000000192e+00,1.688927556516680539e+01
4.466999999999999638e+00,1.684994668136671692e+01
4.467999999999999972e+00,1.684789733847392057e+01
4.469000000000000306e+00,1.686620609574016783e+01
4.469999999999999751e+00,1.689119992840838336e+01
4.471000000000000085e+00,1.682718075846779016e+01
4.472000000000000419e+00,1.685842080765072382e+01
4.472999999999999865e+00,1.683714934156575538e+01
4.474000000000000199e+00,1.688059931088469767e+01
4.474999999999999645e+00,1.684343755784854579e+01
4.475999999999999979e+00,1.691205001222985871e+01
4.477000000000000313e+00,1.688770546873300660e+01
4.477999999999999758e+00,1.684035388560223367e+01
4.479000000000000092e+00,1.689758315076784001e+01
4.480000000000000426e+00,1.683503490262608793e+01
4.480999999999999872e+00,1.692359833852927409e+01
4.482000000000000206e+00,1.691146689456601493e+01
4.482999999999999652e+00,1.690760279620442219e+01
4.483999999999999986e+00,1.692269350098911929e+01
4.485000000000000320e+00,1.687597099169882853e+01
4.485999999999999766e+00,1.685175751131920663e+01
4.487000000000000099e+00,1.693067407050274653e+01
4.488000000000000433e+00,1.693559337116930408e+01
4.488999999999999879e+00,1.688433610037722588e+01
4.490000000000000213e+00,1.689062933293562807e+01
4.490999999999999659e+00,1.687611168826198949e+01
4.491999999999999993e+00,1.684086756398234641e+01
4.493000000000000327e+00,1.683432400145365193e+01
4.493999999999999773e+00,1.681291449242528913e+01
4.495000000000000107e+00,1.693861279670492337e+01
4.496000000000000441e+00,1.688922083656333584e+01
4.496999999999999886e+00,1.684256230823181966e+01
4.498000000000000220e+00,1.686830428189928099e+01
4.498999999999999666e+00,1.686499953915237526e+01
4.500000000000000000e+00,1.687388553325651586e+01
4.501000000000000334e+00,1.688910620713719268e+01
4.501999999999999780e+00,1.688278019952641884e+01
4.503000000000000114e+00,1.682485655193283236e+01
4.503999999999999559e+00,1.684708995571255841e+01
4.504999999999999893e+00,1.687371169672740123e+01
4.506000000000000227e+00,1.687708008047452424e+01
4.506999999999999673e+00,1.686192359490020465e+01
4.508000000000000007e+00,1.691614302587741747e+01
4.509000000000000341e+00,1.688810518777683711e+01
4.509999999999999787e+00,1.687764509323734430e+01
4.511000000000000121e+00,1.689258903185213612e+01
4.511999999999999567e+00,1.691622769173278584e+01
4.512999999999999901e+00,1.690720903369005157e+01
4.514000000000000234e+00,1.697669590682856366e+01
4.514999999999999680e+00,1.693009804328060852e+01
4.516000000000000014e+00,1.690117036170898501e+01
4.517000000000000348e+00,1.692323039221031777e+01
4.517999999999999794e+00,1.690223480999794248e+01
4.519000000000000128e+00,1.688992437912913402e+01
4.519999999999999574e+00,1.692047934189335479e+01
4.520999999999999908e+00,1.695850219960754757e+01
4.522000000000000242e+00,1.689745187781436186e+01
4.522999999999999687e+00,1.684249806867482846e+01
4.524000000000000021e+00,1.690343640048275375e+01
4.525000000000000355e+00,1.696321416688362760e+01
4.525999999999999801e+00,1.693398009063635357e+01
4.527000000000000135e+00,1.693993345859929534e+01
4.527999999999999581e+00,1.697464703367691641e+01
4.528999999999999915e+00,1.692022181661298319e+01
4.530000000000000249e+00,1.692807066688311579e+01
4.530999999999999694e+00,1.695018733873359906e+01
4.532000000000000028e+00,1.686097875028956494e+01
4.533000000000000362e+00,1.688411529004148548e+01
4.533999999999999808e+00,1.692139389290381501e+01
4.535000000000000142e+00,1.693838109548868687e+01
4.535999999999999588e+00,1.691208025554636762e+01
4.536999999999999922e+00,1.687735198248842039e+01
4.538000000000000256e+00,1.688333998587695817e+01
4.538999999999999702e+00,1.689137025937797887e+01
4.540000000000000036e+00,1.687977016751362669e+01
4.541000000000000369e+00,1.699066606630260523e+01
4.541999999999999815e+00,1.694103629039966563e+01
4.543000000000000149e+00,1.694129112103719947e+01
4.543999999999999595e+00,1.694648185863285406e+01
4.544999999999999929e+00,1.686159603559595510e+01
4.546000000000000263e+00,1.696673812195224684e+01
4.546999999999999709e+00,1.692506473679318546e+01
4.548000000000000043e+00,1.691355304918013402e+01
4.549000000000000377e+00,1.690051689414864811e+01
4.549999999999999822e+00,1.687613218902384205e+01
4.551000000000000156e+00,1.695994342156344459e+01
4.551999999999999602e+00,1.688340449083104389e+01
4.552999999999999936e+00,1.695049036622629757e+01
4.554000000000000270e+00,1.693385333101807788e+01
4.554999999999999716e+00,1.694892451788534515e+01
4.556000000000000050e+00,1.692272398274893064e+01
4.557000000000000384e+00,1.699323218438125949e+01
4.557999999999999829e+00,1.692294446100497396e+01
4.559000000000000163e+00,1.696764086256744264e+01
4.559999999999999609e+00,1.683167525831605005e+01
4.560999999999999943e+00,1.696648382101520980e+01
4.562000000000000277e+00,1.683802674952090328e+01
4.562999999999999723e+00,1.694325277231953564e+01
4.564000000000000057e+00,1.696208394509283224e+01
4.565000000000000391e+00,1.695786961952114780e+01
4.565999999999999837e+00,1.687542120697223780e+01
4.567000000000000171e+00,1.695321254791078402e+01
4.567999999999999616e+00,1.699068848689516642e+01
4.568999999999999950e+00,1.690395366021320100e+01
4.570000000000000284e+00,1.689257984056399664e+01
4.570999999999999730e+00,1.701964564744152497e+01
4.572000000000000064e+00,1.694787851541495982e+01
4.573000000000000398e+00,1.693735791303824811e+01
4.573999999999999844e+00,1.692967992951532352e+01
4.575000000000000178e+00,1.699978355027530341e+01
4.575999999999999623e+00,1.694025971915811724e+01
4.576999999999999957e+00,1.694350323977326411e+01
4.578000000000000291e+00,1.691133420666120557e+01
4.578999999999999737e+00,1.690410629434700596e+01
4.580000000000000071e+00,1.693620457731216788e+01
4.581000000000000405e+00,1.687226873529209570e+01
4.581999999999999851e+00,1.685964891505282992e+01
4.583000000000000185e+00,1.691310287448614602e+01
4.583999999999999631e+00,1.691189279894665631e+01
4.584999999999999964e+00,1.689202725419595552e+01
4.586000000000000298e+00,1.689801117321642110e+01
4.586999999999999744e+00,1.692776713465872263e+01
4.588000000000000078e+00,1.687012553011585680e+01
4.589000000000000412e+00,1.686867893906052274e+01
4.589999999999999858e+00,1.688762402411152053e+01
4.591000000000000192e+00,1.688138202564963208e+01
4.591999999999999638e+00,1.693540477399892907e+01
4.592999999999999972e+00,1.686861357180498189e+01
4.594000000000000306e+00,1.689417499351612406e+01
4.594999999999999751e+00,1.685066995043431248e+01
4.596000000000000085e+00,1.693177359347700772e+01
4.597000000000000419e+00,1.688667580987845085e+01
4.597999999999999865e+00,1.692499479489112346e+01
4.599000000000000199e+00,1.687503487370199196e+01
4.599999999999999645e+00,1.694430918487010373e+01
4.600999999999999979e+00,1.696474902447470612e+01
4.602000000000000313e+00,1.691347404530405285e+01
4.602999999999999758e+00,1.689526670260085695e+01
4.604000000000000092e+00,1.683590874081055944e+01
4.605000000000000426e+00,1.691330310914138835e+01
4.605999999999999872e+00,1.692982427060196216e+01
4.607000000000000206e+00,1.687599034402101239e+01
4.607999999999999652e+00,1.688976711225948080e+01
4.608999999999999986e+00,1.690783906742431242e+01
4.610000000000000320e+00,1.690930571004517802e+01
4.610999999999999766e+00,1.690958272618706459e+01
4.612000000000000099e+00,1.694328949825229813e+01
4.613000000000000433e+00,1.697670595702741281e+01
4.613999999999999879e+00,1.695987539807426359e+01
4.615000000000000213e+00,1.693961535784592698e+01
4.615999999999999659e+00,1.689244193050077314e+01
4.616999999999999993e+00,1.693526576490419444e+01
4.618000000000000327e+00,1.700974765476610528e+01
4.618999999999999773e+00,1.693195459777657419e+01
4.620000000000000107e+00,1.699888213713667184e+01
4.621000000000000441e+00,1.696863417266954244e+01
4.621999999999999886e+00,1.686896916107480138e+01
4.623000000000000220e+00,1.690095272547281979e+01
4.623999999999999666e+00,1.687253869003754758e+01
4.625000000000000000e+00,1.691931813163628462e+01
4.626000000000000334e+00,1.684942243034973330e+01
4.626999999999999780e+00,1.690551630865197907e+01
4.628000000000000114e+00,1.687714760084649157e+01
4.628999999999999559e+00,1.689450422484988934e+01
4.629999999999999893e+00,1.693716050747714874e+01
4.631000000000000227e+00,1.687433663176972587e+01
4.631999999999999673e+00,1.688893439258170304e+01
4.633000000000000007e+00,1.689614429283142982e+01
4.634000000000000341e+00,1.690395033191768803e+01
4.634999999999999787e+00,1.685138252151196170e+01
4.636000000000000121e+00,1.690646343702922394e+01
4.636999999999999567e+00,1.687898262302381625e+01
4.637999999999999901e+00,1.689655261363537520e+01
4.639000000000000234e+00,1.691899960559367955e+01
4.639999999999999680e+00,1.698470623824017167e+01
4.641000000000000014e+00,1.698751135782195121e+01
4.642000000000000348e+00,1.690531839730087427e+01
4.642999999999999794e+00,1.689352885698970397e+01
4.644000000000000128e+00,1.690661868286610314e+01
4.644999999999999574e+00,1.693648332249324184e+01
4.645999999999999908e+00,1.693941770559865390e+01
4.647000000000000242e+00,1.698423408333837159e+01
4.647999999999999687e+00,1.695155491583727780e+01
4.649000000000000021e+00,1.698959393401163709e+01
4.650000000000000355e+00,1.696175327216494466e+01
4.650999999999999801e+00,1.697758409212114827e+01
4.652000000000000135e+00,1.698967564755278659e+01
4.652999999999999581e+00,1.694840281830785500e+01
4.653999999999999915e+00,1.694804957939614809e+01
4.655000000000000249e+00,1.702482471164954347e+01
4.655999999999999694e+00,1.701277450190034202e+01
4.657000000000000028e+00,1.697376454853821670e+01
4.658000000000000362e+00,1.698919835693386204e+01
4.658999999999999808e+00,1.693922543357064114e+01
4.660000000000000142e+00,1.702842003435990037e+01
4.660999999999999588e+00,1.701658496062176695e+01
4.661999999999999922e+00,1.702740762985938616e+01
4.663000000000000256e+00,1.705211984580908435e+01
4.663999999999999702e+00,1.704717759119571241e+01
4.665000000000000036e+00,1.698233798068051215e+01
4.666000000000000369e+00,1.703318829987895455e+01
4.666999999999999815e+00,1.699716400150662921e+01
4.668000000000000149e+00,1.705461379418827050e+01
4.668999999999999595e+00,1.703987397488363342e+01
4.669999999999999929e+00,1.697143727634553656e+01
4.671000000000000263e+00,1.702036267812916748e+01
4.671999999999999709e+00,1.696800192203811264e+01
4.673000000000000043e+00,1.693286903690849954e+01
4.674000000000000377e+00,1.699577334622722447e+01
4.674999999999999822e+00,1.696526133757420141e+01
4.676000000000000156e+00,1.704470770201661622e+01
4.676999999999999602e+00,1.702033280315104236e+01
4.677999999999999936e+00,1.704386364704673440e+01
4.679000000000000270e+00,1.697687095579223282e+01
4.679999999999999716e+00,1.697881035418816253e+01
4.681000000000000050e+00,1.707350853631104215e+01
4.682000000000000384e+00,1.704518777365666793e+01
4.682999999999999829e+00,1.695835981043721574e+01
4.684000000000000163e+00,1.696191990792734217e+01
4.684999999999999609e+00,1.696495457077136848e+01
4.685999999999999943e+00,1.698757730949652256e+01
4.687000000000000277e+00,1.694295163766191692e+01
4.687999999999999723e+00,1.697548742126569721e+01
4.689000000000000057e+00,1.700261078318182228e+01
4.690000000000000391e+00,1.695992505341389744e+01
4.690999999999999837e+00,1.695327174855246000e+01
4.692000000000000171e+00,1.692456824861301712e+01
4.692999999999999616e+00,1.693067471501855792e+01
4.693999999999999950e+00,1.694724991250196666e+01
4.695000000000000284e+00,1.696468139035612310e+01
4.695999999999999730e+00,1.694141829676345523e+01
4.697000000000000064e+00,1.700392402006083614e+01
4.698000000000000398e+00,1.701587771894011425e+01
4.698999999999999844e+00,1.696626673986313349e+01
4.700000000000000178e+00,1.695538829260544844e+01
4.700999999999999623e+00,1.698257856106262054e+01
4.701999999999999957e+00,1.692196144632723787e+01
4.703000000000000291e+00,1.690167056137559243e+01
4.703999999999999737e+00,1.694049745555876285e+01
4.705000000000000071e+00,1.693895083099588561e+01
4.706000000000000405e+00,1.698632186302105396e+01
4.706999999999999851e+00,1.698632425058086781e+01
4.708000000000000185e+00,1.699171093276035194e+01
4.708999999999999631e+00,1.702502781153882339e+01
4.709999999999999964e+00,1.693637167885369621e+01
4.711000000000000298e+00,1.699520651124524662e+01
4.711999999999999744e+00,1.694167928973153536e+01
4.713000000000000078e+00,1.693577500992920193e+01
4.714000000000000412e+00,1.698448891735143107e+01
4.714999999999999858e+00,1.697769586187148860e+01
4.716000000000000192e+00,1.699383662226782121e+01
4.716999999999999638e+00,1.699569364106133662e+01
4.717999999999999972e+00,1.699970573862954382e+01
4.719000000000000306e+00,1.697599185609256622e+01
4.719999999999999751e+00,1.703107866179177776e+01
4.721000000000000085e+00,1.702308749674974564e+01
4.722000000000000419e+00,1.698696354274551723e+01
4.722999999999999865e+00,1.691839943776012234e+01
4.724000000000000199e+00,1.700918341341348849e+01
4.724999999999999645e+00,1.692364591944485497e+01
4.725999999999999979e+00,1.698301847892435745e+01
4.727000000000000313e+00,1.692339004487455512e+01
4.727999999999999758e+00,1.690230861470713108e+01
4.729000000000000092e+00,1.698197000743569518e+01
4.730000000000000426e+00,1.695026884765890429e+01
4.730999999999999872e+00,1.693371682638467490e+01
4.732000000000000206e+00,1.690551388892887985e+01
4.732999999999999652e+00,1.692962320816669575e+01
4.733999999999999986e+00,1.696887361810150097e+01
4.735000000000000320e+00,1.695380651508173386e+01
4.735999999999999766e+00,1.690654157155845994e+01
4.737000000000000099e+00,1.696426414630352397e+01
4.738000000000000433e+00,1.694859182494252181e+01
4.738999999999999879e+00,1.692390285293310015e+01
4.740000000000000213e+00,1.700557107072960505e+01
4.740999999999999659e+00,1.692345661966992409e+01
4.741999999999999993e+00,1.695353833240063324e+01
4.743000000000000327e+00,1.692318332104103007e+01
4.743999999999999773e+00,1.698035233993450177e+01
4.745000000000000107e+00,1.694692230790245802e+01
4.746000000000000441e+00,1.692478729719604758e+01
4.746999999999999886e+00,1.699802796288258833e+01
4.748000000000000220e+00,1.697970090229107498e+01
4.748999999999999666e+00,1.692382801307639895e+01
4.750000000000000000e+00,1.689275538874170834e+01
4.751000000000000334e+00,1.693673896223383579e+01
4.751999999999999780e+00,1.686578970646318965e+01
4.753000000000000114e+00,1.688996407363652708e+01
4.753999999999999559e+00,1.688752984489484632e+01
4.754999999999999893e+00,1.687865884891743207e+01
4.756000000000000227e+00,1.693152925462513281e+01
4.756999999999999673e+00,1.692726292751713402e+01
4.758000000000000007e+00,1.692436274497956461e+01
4.759000000000000341e+00,1.689183825911434766e+01
4.759999999999999787e+00,1.695797201931621601e+01
4.761000000000000121e+00,1.689161076090810099e+01
4.761999999999999567e+00,1.691698525022313859e+01
4.762999999999999901e+00,1.690560782467813539e+01
4.764000000000000234e+00,1.694798384312136363e+01
4.764999999999999680e+00,1.694103428307222359e+01
4.766000000000000014e+00,1.687776823402863613e+01
4.767000000000000348e+00,1.688611840304719891e+01
4.767999999999999794e+00,1.693303481921957854e+01
4.769000000000000128e+00,1.685826612056708385e+01
4.769999999999999574e+00,1.689435960135104509e+01
4.770999999999999908e+00,1.689370931759847849e+01
4.772000000000000242e+00,1.693173131393630371e+01
4.772999999999999687e+00,1.698499897222480115e+01
4.774000000000000021e+00,1.692130205260556863e+01
4.775000000000000355e+00,1.697537462895436633e+01
4.775999999999999801e+00,1.698413293712870598e+01
4.777000000000000135e+00,1.689863363889671533e+01
4.777999999999999581e+00,1.692034188059624000e+01
4.778999999999999915e+00,1.700973678034495151e+01
4.780000000000000249e+00,1.696997961362951202e+01
4.780999999999999694e+00,1.692249859829675174e+01
4.782000000000000028e+00,1.696238898315030141e+01
4.783000000000000362e+00,1.694934414979399406e+01
4.783999999999999808e+00,1.686938617991287259e+01
4.785000000000000142e+00,1.693438959042699565e+01
4.785999999999999588e+00,1.689802164648878247e+01
4.786999999999999922e+00,1.688753683258192595e+01
4.788000000000000256e+00,1.688229029669318138e+01
4.788999999999999702e+00,1.692031136621221066e+01
4.790000000000000036e+00,1.694141943723946753e+01
4.791000000000000369e+00,1.690261362217768593e+01
4.791999999999999815e+00,1.692748263978829115e+01
4.793000000000000149e+00,1.688379004311922316e+01
4.793999999999999595e+00,1.689991577965087544e+01
4.794999999999999929e+00,1.691007803210373339e+01
4.796000000000000263e+00,1.693833092888174008e+01
4.796999999999999709e+00,1.696101927467760362e+01
4.798000000000000043e+00,1.690506340900217097e+01
4.799000000000000377e+00,1.691789003606341169e+01
4.799999999999999822e+00,1.685814540444853193e+01
4.801000000000000156e+00,1.686736835195101136e+01
4.801999999999999602e+00,1.696227354043411140e+01
4.802999999999999936e+00,1.694831490604454416e+01
4.804000000000000270e+00,1.687432016417350766e+01
4.804999999999999716e+00,1.688101724767266631e+01
4.806000000000000050e+00,1.690653816832559642e+01
4.807000000000000384e+00,1.692651859318225860e+01
4.807999999999999829e+00,1.691563516285823354e+01
4.809000000000000163e+00,1.692945679610215493e+01
4.809999999999999609e+00,1.690497840894984449e+01
4.810999999999999943e+00,1.693046508201616618e+01
4.812000000000000277e+00,1.689173798072608079e+01
4.812999999999999723e+00,1.692719283729846680e+01
4.814000000000000057e+00,1.689668839847195159e+01
4.815000000000000391e+00,1.692478847494634664e+01
4.815999999999999837e+00,1.687439216752116877e+01
4.817000000000000171e+00,1.690865330135262923e+01
4.817999999999999616e+00,1.686605222556966410e+01
4.818999999999999950e+00,1.691303721060669929e+01
4.820000000000000284e+00,1.683929244684386362e+01
4.820999999999999730e+00,1.693519230447543222e+01
4.822000000000000064e+00,1.690526143443729623e+01
4.823000000000000398e+00,1.692033557617943629e+01
4.823999999999999844e+00,1.688270366140309875e+01
4.825000000000000178e+00,1.689291435889372650e+01
4.825999999999999623e+00,1.684354038231686346e+01
4.826999999999999957e+00,1.686611832492360108e+01
4.828000000000000291e+00,1.688400816724322340e+01
4.828999999999999737e+00,1.684877667894522801e+01
4.830000000000000071e+00,1.698386820589178470e+01
4.831000000000000405e+00,1.693084288705579610e+01
4.831999999999999851e+00,1.692601748687650698e+01
4.833000000000000185e+00,1.692302390206010543e+01
4.833999999999999631e+00,1.691661469241080695e+01
4.834999999999999964e+00,1.691460216493476310e+01
4.836000000000000298e+00,1.692999697880669885e+01
4.836999999999999744e+00,1.693616916228202030e+01
4.838000000000000078e+00,1.688682764579473883e+01
4.839000000000000412e+00,1.695002161278066666e+01
4.839999999999999858e+00,1.689943438419351551e+01
4.841000000000000192e+00,1.696270720044213931e+01
4.841999999999999638e+00,1.693106459076464887e+01
4.842999999999999972e+00,1.695349877095023317e+01
4.844000000000000306e+00,1.692740047550704929e+01
4.844999999999999751e+00,1.688653023129533892e+01
4.846000000000000085e+00,1.698107340108525420e+01
4.847000000000000419e+00,1.690221508672647843e+01
4.847999999999999865e+00,1.686313019838517135e+01
4.849000000000000199e+00,1.692739684429501779e+01
4.849999999999999645e+00,1.696132089293554301e+01
4.850999999999999979e+00,1.690616268569693403e+01
4.852000000000000313e+00,1.689488955454118724e+01
4.852999999999999758e+00,1.687990867428604602e+01
4.854000000000000092e+00,1.695453723098519561e+01
4.855000000000000426e+00,1.693717682416766479e+01
4.855999999999999872e+00,1.693111590004774669e+01
4.857000000000000206e+00,1.695754902370901362e+01
4.857999999999999652e+00,1.697309274719412642e+01
4.858999999999999986e+00,1.693461329618654432e+01
4.860000000000000320e+00,1.690491632896595320e+01
4.860999999999999766e+00,1.695584979935998149e+01
4.862000000000000099e+00,1.686726182670500407e+01
4.863000000000000433e+00,1.698859629136457983e+01
4.863999999999999879e+00,1.697793850137586702e+01
4.865000000000000213e+00,1.697576184613908623e+01
4.865999999999999659e+00,1.707569093930111492e+01
4.866999999999999993e+00,1.694963436877442220e+01
4.868000000000000327e+00,1.696334006679216699e+01
4.868999999999999773e+00,1.697730439193601626e+01
4.870000000000000107e+00,1.699300121550913190e+01
4.871000000000000441e+00,1.698126238947973832e+01
4.871999999999999886e+00,1.696036844844261893e+01
4.873000000000000220e+00,1.699161934152873243e+01
4.873999999999999666e+00,1.695476540250144026e+01
4.875000000000000000e+00,1.690035023815860526e+01
4.876000000000000334e+00,1.693611466872012272e+01
4.876999999999999780e+00,1.693307873881726877e+01
4.878000000000000114e+00,1.694547073128768488e+01
4.878999999999999559e+00,1.694775972264865871e+01
4.879999999999999893e+00,1.688862991804856506e+01
4.881000000000000227e+00,1.699411449162235499e+01
4.881999999999999673e+00,1.700228566318942569e+01
4.883000000000000007e+00,1.702412359149120391e+01
4.884000000000000341e+00,1.689654997651797075e+01
4.884999999999999787e+00,1.692990211059503025e+01
4.886000000000000121e+00,1.691680742286370531e+01
4.886999999999999567e+00,1.695811274684271552e+01
4.887999999999999901e+00,1.696971978470442366e+01
4.889000000000000234e+00,1.692301347759206820e+01
4.889999999999999680e+00,1.694739548505327775e+01
4.891000000000000014e+00,1.692728338384903353e+01
4.892000000000000348e+00,1.694156050987464113e+01
4.892999999999999794e+00,1.688970529778546847e+01
4.894000000000000128e+00,1.695948899737135207e+01
4.894999999999999574e+00,1.693832038431710174e+01
4.895999999999999908e+00,1.690378137085495780e+01
4.897000000000000242e+00,1.691345172696475530e+01
4.897999999999999687e+00,1.696206063278989262e+01
4.899000000000000021e+00,1.688238060117142680e+01
4.900000000000000355e+00,1.690324482651597648e+01
4.900999999999999801e+00,1.693813888680920954e+01
4.902000000000000135e+00,1.692953137946907560e+01
4.902999999999999581e+00,1.695150134081751503e+01
4.903999999999999915e+00,1.693985269414729089e+01
4.905000000000000249e+00,1.695024883902543777e+01
4.905999999999999694e+00,1.692789389447415260e+01
4.907000000000000028e+00,1.691032151758962243e+01
4.908000000000000362e+00,1.692472081003516138e+01
4.908999999999999808e+00,1.693698378538419291e+01
4.910000000000000142e+00,1.689819635267835451e+01
4.910999999999999588e+00,1.698291095826579422e+01
4.911999999999999922e+00,1.697989498519652329e+01
4.913000000000000256e+00,1.697178136178877139e+01
4.913999999999999702e+00,1.694302966365440000e+01
4.915000000000000036e+00,1.694862582732853795e+01
4.916000000000000369e+00,1.697400437370232851e+01
4.916999999999999815e+00,1.696628026478325069e+01
4.918000000000000149e+00,1.695416364845891266e+01
4.918999999999999595e+00,1.694481882446620347e+01
4.919999999999999929e+00,1.693392532434838671e+01
4.921000000000000263e+00,1.694146588289890687e+01
4.921999999999999709e+00,1.693186567191744629e+01
4.923000000000000043e+00,1.690212924605893718e+01
4.924000000000000377e+00,1.692907667293717466e+01
4.924999999999999822e+00,1.694730155303220087e+01
4.926000000000000156e+00,1.692129876921472942e+01
4.926999999999999602e+00,1.692824551146523859e+01
4.927999999999999936e+00,1.704510878289895714e+01
4.929000000000000270e+00,1.700074145672341430e+01
4.929999999999999716e+00,1.697673448386869310e+01
4.931000000000000050e+00,1.700602852753486616e+01
4.932000000000000384e+00,1.693620486589639285e+01
4.932999999999999829e+00,1.695704825550865635e+01
4.934000000000000163e+00,1.698141661014197012e+01
4.934999999999999609e+00,1.694153813831108124e+01
4.935999999999999943e+00,1.690173846966523996e+01
4.937000000000000277e+00,1.693650888261279164e+01
4.937999999999999723e+00,1.700384794147916523e+01
4.939000000000000057e+00,1.698790796758036947e+01
4.940000000000000391e+00,1.692563409289965293e+01
4.940999999999999837e+00,1.690437021174903265e+01
4.942000000000000171e+00,1.687408278986873000e+01
4.942999999999999616e+00,1.697324841313418631e+01
4.943999999999999950e+00,1.686824762305246139e+01
4.945000000000000284e+00,1.688426958626287799e+01
4.945999999999999730e+00,1.689569984014035953e+01
4.947000000000000064e+00,1.691966056639975591e+01
4.948000000000000398e+00,1.694177294935716915e+01
4.948999999999999844e+00,1.687802691696398583e+01
4.950000000000000178e+00,1.695182145283978770e+01
4.950999999999999623e+00,1.699040941182571629e+01
4.951999999999999957e+00,1.693419787600801740e+01
4.953000000000000291e+00,1.700327234726177039e+01
4.953999999999999737e+00,1.699487225482564412e+01
4.955000000000000071e+00,1.697352083288331315e+01
4.956000000000000405e+00,1.690850500020871650e+01
4.956999999999999851e+00,1.699699642875764383e+01
4.958000000000000185e+00,1.698936455941165491e+01
4.958999999999999631e+00,1.703226262019421000e+01
4.959999999999999964e+00,1.701186427637593113e+01
4.961000000000000298e+00,1.697110608603923865e+01
4.961999999999999744e+00,1.703326284218828590e+01
4.963000000000000078e+00,1.709764400315407329e+01
4.964000000000000412e+00,1.700846053140550751e+01
4.964999999999999858e+00,1.704945151016516647e+01
4.966000000000000192e+00,1.700685245019188940e+01
4.966999999999999638e+00,1.705904787859916638e+01
4.967999999999999972e+00,1.705540802078867912e+01
4.969000000000000306e+00,1.701723449507913344e+01
4.969999999999999751e+00,1.699578132059313873e+01
4.971000000000000085e+00,1.695480491390717859e+01
4.972000000000000419e+00,1.699281882756120865e+01
4.972999999999999865e+00,1.696437219045809286e+01
4.974000000000000199e+00,1.692390939229419899e+01
4.974999999999999645e+00,1.695392873184717786e+01
4.975999999999999979e+00,1.694424135575824053e+01
4.977000000000000313e+00,1.697583853311848046e+01
4.977999999999999758e+00,1.697905187870719956e+01
4.979000000000000092e+00,1.697649370196217333e+01
4.980000000000000426e+00,1.694706170598606931e+01
4.980999999999999872e+00,1.698398851372888885e+01
4.982000000000000206e+00,1.703011943487464919e+01
4.982999999999999652e+00,1.708407219805501143e+01
4.983999999999999986e+00,1.702149523848494539e+01
4.985000000000000320e+00,1.695077762062789262e+01
4.985999999999999766e+00,1.702791174882887049e+01
4.987000000000000099e+00,1.698127313563072960e+01
4.988000000000000433e+00,1.699416563998894603e+01
4.988999999999999879e+00,1.699439395702703592e+01
4.990000000000000213e+00,1.696437176559451387e+01
4.990999999999999659e+00,1.698889568169968456e+01
4.991999999999999993e+00,1.701603582957644889e+01
4.993000000000000327e+00,1.708529160870736163e+01
4.993999999999999773e+00,1.704563557661390405e+01
4.995000000000000107e+00,1.710675685319830919e+01
4.996000000000000441e+00,1.703835318259478981e+01
4.996999999999999886e+00,1.706591986697948826e+01
4.998000000000000220e+00,1.700636658146680702e+01
4.998999999999999666e+00,1.706191903379177788e+01
