time_ns,rg_A
0.000000000000000000e+00,1.691083959535363590e+01
1.000000000000000021e-03,1.691458751080672585e+01
2.000000000000000042e-03,1.696233392515385674e+01
3.000000000000000062e-03,1.688398310058788709e+01
4.000000000000000083e-03,1.689904264978729387e+01
5.000000000000000104e-03,1.694033528562865243e+01
6.000000000000000125e-03,1.692320347391913415e+01
7.000000000000000146e-03,1.686951843531589645e+01
8.000000000000000167e-03,1.683966770645661626e+01
8.999999999999999320e-03,1.688987714867021950e+01
1.000000000000000021e-02,1.683775348253353954e+01
1.099999999999999936e-02,1.691439302091109198e+01
1.200000000000000025e-02,1.688233652740551349e+01
1.299999999999999940e-02,1.685628835037196893e+01
1.400000000000000029e-02,1.691805889170027655e+01
1.499999999999999944e-02,1.684600219024139989e+01
1.600000000000000033e-02,1.685316292816562722e+01
1.700000000000000122e-02,1.683823499557110992e+01
1.799999999999999864e-02,1.688313817472031886e+01
1.899999999999999953e-02,1.692910886753507782e+01
2.000000000000000042e-02,1.689700755424839684e+01
2.100000000000000130e-02,1.691105349796267276e+01
2.199999999999999872e-02,1.696127393793303639e+01
2.299999999999999961e-02,1.684775294764159526e+01
2.400000000000000050e-02,1.687765753250689471e+01
2.500000000000000139e-02,1.692058425584885129e+01
2.599999999999999881e-02,1.683435303493585877e+01
2.699999999999999969e-02,1.697433954223873798e+01
2.800000000000000058e-02,1.691763963198419418e+01
2.900000000000000147e-02,1.690161774675604889e+01
2.999999999999999889e-02,1.687898233415599947e+01
3.099999999999999978e-02,1.691897609604605179e+01
3.200000000000000067e-02,1.688892956639623222e+01
3.300000000000000155e-02,1.695390952914024041e+01
3.400000000000000244e-02,1.687952156613016186e+01
3.500000000000000333e-02,1.685189466469184083e+01
3.599999999999999728e-02,1.686044729068298409e+01
3.699999999999999817e-02,1.689152468977846056e+01
3.799999999999999906e-02,1.684013920525408281e+01
3.899999999999999994e-02,1.691424224441070834e+01
4.000000000000000083e-02,1.684631299800236803e+01
4.100000000000000172e-02,1.690463384990814433e+01
4.200000000000000261e-02,1.684759100181183555e+01
4.299999999999999656e-02,1.688884814562490888e+01
4.399999999999999745e-02,1.683689878721956035e+01
4.499999999999999833e-02,1.686512870230010819e+01
4.599999999999999922e-02,1.684565064044883442e+01
4.700000000000000011e-02,1.684182410633614069e+01
4.800000000000000100e-02,1.687273121941376886e+01
4.900000000000000189e-02,1.679283147225410389e+01
5.000000000000000278e-02,1.684785478073407461e+01
5.099999999999999672e-02,1.687668115669828595e+01
5.199999999999999761e-02,1.681738556028975751e+01
5.299999999999999850e-02,1.685204600944845055e+01
5.399999999999999939e-02,1.684645603253100177e+01
5.500000000000000028e-02,1.685860894957657052e+01
5.600000000000000117e-02,1.688441878628226789e+01
5.700000000000000205e-02,1.694009856670702874e+01
5.800000000000000294e-02,1.690191807933326729e+01
5.899999999999999689e-02,1.691682369410927933e+01
5.999999999999999778e-02,1.694269493688487316e+01
6.099999999999999867e-02,1.686986728179754991e+01
6.199999999999999956e-02,1.687559662763633028e+01
6.300000000000000044e-02,1.688808527607207921e+01
6.400000000000000133e-02,1.685222097798055074e+01
6.500000000000000222e-02,1.686530978286098659e+01
6.600000000000000311e-02,1.693053610703217160e+01
6.700000000000000400e-02,1.682789733331603443e+01
6.800000000000000488e-02,1.687737978902746150e+01
6.900000000000000577e-02,1.683932539888310842e+01
7.000000000000000666e-02,1.690977521462589905e+01
7.099999999999999367e-02,1.690952224507844548e+01
7.199999999999999456e-02,1.679082231761427479e+01
7.299999999999999545e-02,1.686346052501442117e+01
7.399999999999999634e-02,1.685269177091473480e+01
7.499999999999999722e-02,1.687316575363962556e+01
7.599999999999999811e-02,1.691624493005375029e+01
7.699999999999999900e-02,1.691218181016527211e+01
7.799999999999999989e-02,1.694016792918602476e+01
7.900000000000000078e-02,1.690529537088200840e+01
8.000000000000000167e-02,1.691698795635314312e+01
8.100000000000000255e-02,1.690313306115190528e+01
8.200000000000000344e-02,1.686292649600304472e+01
8.300000000000000433e-02,1.686718872495873001e+01
8.400000000000000522e-02,1.691147522914281254e+01
8.500000000000000611e-02,1.682917368511484568e+01
8.599999999999999312e-02,1.688003314726973159e+01
8.699999999999999400e-02,1.691275623579854326e+01
8.799999999999999489e-02,1.691481228394589564e+01
8.899999999999999578e-02,1.690510152523673781e+01
8.999999999999999667e-02,1.690319658160070304e+01
9.099999999999999756e-02,1.692811756250203103e+01
9.199999999999999845e-02,1.679472201676490073e+01
9.299999999999999933e-02,1.688108126293218447e+01
9.400000000000000022e-02,1.693886247265893275e+01
9.500000000000000111e-02,1.691940208933261758e+01
9.600000000000000200e-02,1.690049922057062304e+01
9.700000000000000289e-02,1.694912405219355733e+01
9.800000000000000377e-02,1.687078114470047652e+01
9.900000000000000466e-02,1.696955170725851048e+01
1.000000000000000056e-01,1.691990212935721516e+01
1.010000000000000064e-01,1.692472480701714943e+01
1.019999999999999934e-01,1.688978245141837675e+01
1.029999999999999943e-01,1.690597653315040816e+01
1.039999999999999952e-01,1.689293485826924979e+01
1.049999999999999961e-01,1.686670300697625891e+01
1.059999999999999970e-01,1.682535410181152002e+01
1.069999999999999979e-01,1.684126067664894322e+01
1.079999999999999988e-01,1.681193081634732778e+01
1.089999999999999997e-01,1.684477519748723040e+01
1.100000000000000006e-01,1.685161801151193828e+01
1.110000000000000014e-01,1.682006709274474332e+01
1.120000000000000023e-01,1.687033064614634625e+01
1.130000000000000032e-01,1.684410947478455967e+01
1.140000000000000041e-01,1.683821451206089037e+01
1.150000000000000050e-01,1.689721247106336932e+01
1.160000000000000059e-01,1.692002227963956429e+01
1.170000000000000068e-01,1.694772510118826148e+01
1.179999999999999938e-01,1.687114103229340145e+01
1.189999999999999947e-01,1.687348793724103757e+01
1.199999999999999956e-01,1.686135243340459766e+01
1.209999999999999964e-01,1.687363965437107893e+01
1.219999999999999973e-01,1.683077698761972130e+01
1.229999999999999982e-01,1.688135761494952902e+01
1.239999999999999991e-01,1.690050974792628580e+01
1.250000000000000000e-01,1.694702520081018449e+01
1.260000000000000009e-01,1.688745794154468527e+01
1.270000000000000018e-01,1.686539503396328143e+01
1.280000000000000027e-01,1.692118134643493121e+01
1.290000000000000036e-01,1.697174738012067152e+01
1.300000000000000044e-01,1.696288531975769587e+01
1.310000000000000053e-01,1.693328919463275284e+01
1.320000000000000062e-01,1.694199589372976078e+01
1.330000000000000071e-01,1.691190869128418228e+01
1.340000000000000080e-01,1.689677320777724390e+01
1.350000000000000089e-01,1.690168384576839600e+01
1.360000000000000098e-01,1.681573425162106261e+01
1.370000000000000107e-01,1.690260942512078657e+01
1.380000000000000115e-01,1.688252761234542731e+01
1.390000000000000124e-01,1.688050137363191894e+01
1.400000000000000133e-01,1.692078647231994992e+01
1.409999999999999865e-01,1.682724891735819384e+01
1.419999999999999873e-01,1.690360120312181991e+01
1.429999999999999882e-01,1.690127321730503596e+01
1.439999999999999891e-01,1.690282981552334007e+01
1.449999999999999900e-01,1.693205060987835608e+01
1.459999999999999909e-01,1.683086875328117671e+01
1.469999999999999918e-01,1.687908950711724643e+01
1.479999999999999927e-01,1.681781287276168158e+01
1.489999999999999936e-01,1.687604296150099259e+01
1.499999999999999944e-01,1.685539907399858350e+01
1.509999999999999953e-01,1.682029304365704547e+01
1.519999999999999962e-01,1.686260666159980204e+01
1.529999999999999971e-01,1.683831006250014184e+01
1.539999999999999980e-01,1.683258391770382545e+01
1.549999999999999989e-01,1.682140269666616916e+01
1.559999999999999998e-01,1.682582065108961444e+01
1.570000000000000007e-01,1.682308697841989087e+01
1.580000000000000016e-01,1.688624001775653838e+01
1.590000000000000024e-01,1.679367128957738231e+01
1.600000000000000033e-01,1.680449864434658735e+01
1.610000000000000042e-01,1.678904491432886203e+01
1.620000000000000051e-01,1.684096441523329091e+01
1.630000000000000060e-01,1.688785095384810120e+01
1.640000000000000069e-01,1.688438932105301049e+01
1.650000000000000078e-01,1.684256999626430940e+01
1.660000000000000087e-01,1.685987601698282390e+01
1.670000000000000095e-01,1.681581546626597401e+01
1.680000000000000104e-01,1.689559109247345958e+01
1.690000000000000113e-01,1.682892017332657630e+01
1.700000000000000122e-01,1.684323054636320194e+01
1.710000000000000131e-01,1.694140427756369505e+01
1.719999999999999862e-01,1.688240649002652560e+01
1.729999999999999871e-01,1.687969870599217614e+01
1.739999999999999880e-01,1.684725546926215856e+01
1.749999999999999889e-01,1.682855235869126531e+01
1.759999999999999898e-01,1.687654190878017246e+01
1.769999999999999907e-01,1.691611625908052474e+01
1.779999999999999916e-01,1.685186204927239118e+01
1.789999999999999925e-01,1.688417856626952940e+01
1.799999999999999933e-01,1.685960797035968284e+01
1.809999999999999942e-01,1.690455483756926469e+01
1.819999999999999951e-01,1.687488216552213061e+01
1.829999999999999960e-01,1.690437720164922908e+01
1.839999999999999969e-01,1.687800140887049594e+01
1.849999999999999978e-01,1.687711371557701412e+01
1.859999999999999987e-01,1.688669447198790152e+01
1.869999999999999996e-01,1.690867844018194432e+01
1.880000000000000004e-01,1.689489439906544277e+01
1.890000000000000013e-01,1.690834626997647661e+01
1.900000000000000022e-01,1.688514980290003109e+01
1.910000000000000031e-01,1.682220982362786899e+01
1.920000000000000040e-01,1.684870508888734264e+01
1.930000000000000049e-01,1.685744041728189302e+01
1.940000000000000058e-01,1.686268310458692099e+01
1.950000000000000067e-01,1.688605026556944466e+01
1.960000000000000075e-01,1.688743969382963073e+01
1.970000000000000084e-01,1.690344972290369796e+01
1.980000000000000093e-01,1.688283934807880726e+01
1.990000000000000102e-01,1.684825490899567413e+01
2.000000000000000111e-01,1.688188696137657274e+01
2.010000000000000120e-01,1.687500923581376711e+01
2.020000000000000129e-01,1.687940293401508285e+01
2.030000000000000138e-01,1.688672896533970658e+01
2.039999999999999869e-01,1.689686870024811327e+01
2.049999999999999878e-01,1.688367216213998034e+01
2.059999999999999887e-01,1.687699398313525023e+01
2.069999999999999896e-01,1.686053484764944344e+01
2.079999999999999905e-01,1.680801010233698989e+01
2.089999999999999913e-01,1.690542063844041110e+01
2.099999999999999922e-01,1.686549494794241966e+01
2.109999999999999931e-01,1.682842641827174646e+01
2.119999999999999940e-01,1.678956210835491092e+01
2.129999999999999949e-01,1.682280389429560685e+01
2.139999999999999958e-01,1.682091780089420752e+01
2.149999999999999967e-01,1.687172909319450653e+01
2.159999999999999976e-01,1.687631133307401043e+01
2.169999999999999984e-01,1.691825535670148284e+01
2.179999999999999993e-01,1.688306386767526490e+01
2.190000000000000002e-01,1.689977226951200606e+01
2.200000000000000011e-01,1.687393955292795056e+01
2.210000000000000020e-01,1.686388994073006131e+01
2.220000000000000029e-01,1.683795798127303911e+01
2.230000000000000038e-01,1.690540502743504803e+01
2.240000000000000047e-01,1.686879787994392643e+01
2.250000000000000056e-01,1.688003902277806034e+01
2.260000000000000064e-01,1.686380828584542257e+01
2.270000000000000073e-01,1.684127271231358591e+01
2.280000000000000082e-01,1.689827475640142751e+01
2.290000000000000091e-01,1.687568183517522868e+01
2.300000000000000100e-01,1.684776332158156009e+01
2.310000000000000109e-01,1.685624845459793164e+01
2.320000000000000118e-01,1.688216648860463565e+01
2.330000000000000127e-01,1.681954848430530092e+01
2.340000000000000135e-01,1.679652744651710350e+01
2.349999999999999867e-01,1.686110080695137370e+01
2.359999999999999876e-01,1.683941143660182860e+01
2.369999999999999885e-01,1.685909325664872682e+01
2.379999999999999893e-01,1.683475816298337335e+01
2.389999999999999902e-01,1.685238278580860438e+01
2.399999999999999911e-01,1.684307442444352532e+01
2.409999999999999920e-01,1.691808563049488257e+01
2.419999999999999929e-01,1.685012726313742348e+01
2.429999999999999938e-01,1.688566904832780580e+01
2.439999999999999947e-01,1.683698422592181743e+01
2.449999999999999956e-01,1.688539465826463015e+01
2.459999999999999964e-01,1.684178030850414132e+01
2.469999999999999973e-01,1.687025611255037916e+01
2.479999999999999982e-01,1.681492996211842694e+01
2.489999999999999991e-01,1.682141161409329300e+01
2.500000000000000000e-01,1.683467997420325446e+01
2.510000000000000009e-01,1.688357001236730071e+01
2.520000000000000018e-01,1.690269517586557768e+01
2.530000000000000027e-01,1.687700367736891494e+01
2.540000000000000036e-01,1.694260662732992984e+01
2.550000000000000044e-01,1.687154423061952713e+01
2.560000000000000053e-01,1.685059784203811262e+01
2.570000000000000062e-01,1.697696814528924136e+01
2.580000000000000071e-01,1.684882136839587119e+01
2.590000000000000080e-01,1.684739502083746032e+01
2.600000000000000089e-01,1.691298157284036208e+01
2.610000000000000098e-01,1.692270165590856479e+01
2.620000000000000107e-01,1.691454962515330607e+01
2.630000000000000115e-01,1.690866828475114048e+01
2.640000000000000124e-01,1.692786964152159968e+01
2.650000000000000133e-01,1.690416280743747279e+01
2.660000000000000142e-01,1.697282005191630816e+01
2.670000000000000151e-01,1.691617090415449809e+01
2.680000000000000160e-01,1.687826529651931651e+01
2.690000000000000169e-01,1.686256485290592266e+01
2.700000000000000178e-01,1.690849902313203401e+01
2.710000000000000187e-01,1.693825031865137021e+01
2.720000000000000195e-01,1.694346095163778187e+01
2.730000000000000204e-01,1.692813250225939115e+01
2.740000000000000213e-01,1.688953576849361582e+01
2.750000000000000222e-01,1.693438850652290029e+01
2.760000000000000231e-01,1.696766118820416480e+01
2.770000000000000240e-01,1.690219847631896144e+01
2.780000000000000249e-01,1.691044110119362642e+01
2.790000000000000258e-01,1.694181801976349533e+01
2.800000000000000266e-01,1.682947945631693898e+01
2.810000000000000275e-01,1.693932434769981654e+01
2.819999999999999729e-01,1.687675723853461918e+01
2.829999999999999738e-01,1.693478371520545167e+01
2.839999999999999747e-01,1.694445293018265986e+01
2.849999999999999756e-01,1.690543643956441855e+01
2.859999999999999765e-01,1.689120214730025182e+01
2.869999999999999774e-01,1.698323538347044348e+01
2.879999999999999782e-01,1.692848575065856309e+01
2.889999999999999791e-01,1.690581428504899364e+01
2.899999999999999800e-01,1.694236263689510835e+01
2.909999999999999809e-01,1.691533425299062543e+01
2.919999999999999818e-01,1.695287254919558251e+01
2.929999999999999827e-01,1.692346940524864252e+01
2.939999999999999836e-01,1.694016119772654605e+01
2.949999999999999845e-01,1.691458083834164938e+01
2.959999999999999853e-01,1.692915846334560825e+01
2.969999999999999862e-01,1.697729008535714712e+01
2.979999999999999871e-01,1.700823410009715175e+01
2.989999999999999880e-01,1.691982558701239014e+01
2.999999999999999889e-01,1.689385082355934031e+01
3.009999999999999898e-01,1.696686545665971124e+01
3.019999999999999907e-01,1.687374705096382144e+01
3.029999999999999916e-01,1.688454407231241916e+01
3.039999999999999925e-01,1.693967809302253613e+01
3.049999999999999933e-01,1.701244988847474460e+01
3.059999999999999942e-01,1.697412725034665471e+01
3.069999999999999951e-01,1.701408480953573843e+01
3.079999999999999960e-01,1.701217320812956757e+01
3.089999999999999969e-01,1.694497536490107947e+01
3.099999999999999978e-01,1.690842549721566357e+01
3.109999999999999987e-01,1.696702361694981320e+01
3.119999999999999996e-01,1.697577509277794405e+01
3.130000000000000004e-01,1.703235677370825840e+01
3.140000000000000013e-01,1.699982344440890714e+01
3.150000000000000022e-01,1.699479477823546958e+01
3.160000000000000031e-01,1.697109083365376136e+01
3.170000000000000040e-01,1.702050600239160971e+01
3.180000000000000049e-01,1.694848573064772168e+01
3.190000000000000058e-01,1.700741892655206655e+01
3.200000000000000067e-01,1.693970289647080918e+01
3.210000000000000075e-01,1.689893364577743995e+01
3.220000000000000084e-01,1.688160156516496357e+01
3.230000000000000093e-01,1.700883063602899981e+01
3.240000000000000102e-01,1.697224097406159160e+01
3.250000000000000111e-01,1.700042068949074192e+01
3.260000000000000120e-01,1.699135419943295489e+01
3.270000000000000129e-01,1.693363758297256538e+01
3.280000000000000138e-01,1.688886317568379525e+01
3.290000000000000147e-01,1.695393143984312445e+01
3.300000000000000155e-01,1.697489876608179316e+01
3.310000000000000164e-01,1.691321431236926998e+01
3.320000000000000173e-01,1.688186945173106324e+01
3.330000000000000182e-01,1.692002872957661808e+01
3.340000000000000191e-01,1.689814172291179872e+01
3.350000000000000200e-01,1.690653769628739056e+01
3.360000000000000209e-01,1.696966744258688919e+01
3.370000000000000218e-01,1.688769302251147408e+01
3.380000000000000226e-01,1.699154087482132169e+01
3.390000000000000235e-01,1.690358138489252582e+01
3.400000000000000244e-01,1.687160297182104784e+01
3.410000000000000253e-01,1.694586774859648415e+01
3.420000000000000262e-01,1.695309776907742361e+01
3.430000000000000271e-01,1.694438143849276557e+01
3.439999999999999725e-01,1.692435851499821098e+01
3.449999999999999734e-01,1.696234885410927973e+01
3.459999999999999742e-01,1.693828204517325275e+01
3.469999999999999751e-01,1.694498642964794044e+01
3.479999999999999760e-01,1.691508919198884087e+01
3.489999999999999769e-01,1.688134720908008291e+01
3.499999999999999778e-01,1.689367870157811424e+01
3.509999999999999787e-01,1.688235465818696923e+01
3.519999999999999796e-01,1.683985034054390439e+01
3.529999999999999805e-01,1.690419131247253759e+01
3.539999999999999813e-01,1.686116475904595546e+01
3.549999999999999822e-01,1.686427172716912537e+01
3.559999999999999831e-01,1.692279413064629878e+01
3.569999999999999840e-01,1.689389784218776569e+01
3.579999999999999849e-01,1.698501296108357295e+01
3.589999999999999858e-01,1.690413038702838833e+01
3.599999999999999867e-01,1.683605308247139831e+01
3.609999999999999876e-01,1.689229358737630093e+01
3.619999999999999885e-01,1.687654870534201379e+01
3.629999999999999893e-01,1.689753591770469043e+01
3.639999999999999902e-01,1.686002294616150010e+01
3.649999999999999911e-01,1.685328801149840672e+01
3.659999999999999920e-01,1.699310153666715806e+01
3.669999999999999929e-01,1.687588855467057414e+01
3.679999999999999938e-01,1.696180673062826827e+01
3.689999999999999947e-01,1.690440810179670450e+01
3.699999999999999956e-01,1.691192938816024594e+01
3.709999999999999964e-01,1.695478848359254442e+01
3.719999999999999973e-01,1.688780097103188282e+01
3.729999999999999982e-01,1.690194516715790130e+01
3.739999999999999991e-01,1.694436606925715694e+01
3.750000000000000000e-01,1.690505183229454644e+01
3.760000000000000009e-01,1.696766621946717279e+01
3.770000000000000018e-01,1.683878984302023696e+01
3.780000000000000027e-01,1.685485066831116896e+01
3.790000000000000036e-01,1.689940461040986008e+01
3.800000000000000044e-01,1.694028734638063938e+01
3.810000000000000053e-01,1.691298682989822311e+01
3.820000000000000062e-01,1.690707225281368764e+01
3.830000000000000071e-01,1.688007407681027772e+01
3.840000000000000080e-01,1.686534693077164349e+01
3.850000000000000089e-01,1.686098701658398724e+01
3.860000000000000098e-01,1.695574183087305187e+01
3.870000000000000107e-01,1.688271800320278260e+01
3.880000000000000115e-01,1.685591788967742843e+01
3.890000000000000124e-01,1.685132760334980517e+01
3.900000000000000133e-01,1.683118780248607749e+01
3.910000000000000142e-01,1.687570894165627777e+01
3.920000000000000151e-01,1.685885081736458346e+01
3.930000000000000160e-01,1.688964284709241426e+01
3.940000000000000169e-01,1.686656327846962000e+01
3.950000000000000178e-01,1.691079794510359235e+01
3.960000000000000187e-01,1.684427598000171500e+01
3.970000000000000195e-01,1.686545948476646473e+01
3.980000000000000204e-01,1.685274669385990620e+01
3.990000000000000213e-01,1.685155201270136871e+01
4.000000000000000222e-01,1.690849564020215112e+01
4.010000000000000231e-01,1.691298047758760958e+01
4.020000000000000240e-01,1.693190022358266589e+01
4.030000000000000249e-01,1.688701404639805403e+01
4.040000000000000258e-01,1.696100834912924782e+01
4.050000000000000266e-01,1.696693784438500074e+01
4.060000000000000275e-01,1.693449968228488345e+01
4.069999999999999729e-01,1.692177360936170416e+01
4.079999999999999738e-01,1.688026470303243443e+01
4.089999999999999747e-01,1.692964405180329024e+01
4.099999999999999756e-01,1.698800567727648669e+01
4.109999999999999765e-01,1.692650331284671239e+01
4.119999999999999774e-01,1.700041054195855494e+01
4.129999999999999782e-01,1.689902003509176609e+01
4.139999999999999791e-01,1.688949175776481582e+01
4.149999999999999800e-01,1.684598493802789676e+01
4.159999999999999809e-01,1.690077157962154430e+01
4.169999999999999818e-01,1.693638852066508349e+01
4.179999999999999827e-01,1.696103316409084272e+01
4.189999999999999836e-01,1.690029419281443879e+01
4.199999999999999845e-01,1.698707385172755480e+01
4.209999999999999853e-01,1.697857898309685964e+01
4.219999999999999862e-01,1.692761535777996684e+01
4.229999999999999871e-01,1.687363151850658483e+01
4.239999999999999880e-01,1.688395959881677300e+01
4.249999999999999889e-01,1.692260269654497407e+01
4.259999999999999898e-01,1.690463495572645058e+01
4.269999999999999907e-01,1.695428738205970021e+01
4.279999999999999916e-01,1.693276063989617697e+01
4.289999999999999925e-01,1.685036399710772415e+01
4.299999999999999933e-01,1.696082588554034132e+01
4.309999999999999942e-01,1.687190010229035408e+01
4.319999999999999951e-01,1.692968062727416978e+01
4.329999999999999960e-01,1.686229751470366267e+01
4.339999999999999969e-01,1.682290868825668539e+01
4.349999999999999978e-01,1.692269720763341567e+01
4.359999999999999987e-01,1.685636555477930187e+01
4.369999999999999996e-01,1.686573534946828801e+01
4.380000000000000004e-01,1.689495175353333067e+01
4.390000000000000013e-01,1.682729600011848703e+01
4.400000000000000022e-01,1.691375704547838410e+01
4.410000000000000031e-01,1.686448910847418503e+01
4.420000000000000040e-01,1.688464936769602431e+01
4.430000000000000049e-01,1.683727292305047385e+01
4.440000000000000058e-01,1.690698483926652784e+01
4.450000000000000067e-01,1.688125720791013151e+01
4.460000000000000075e-01,1.696236521370651928e+01
4.470000000000000084e-01,1.698765840355762791e+01
4.480000000000000093e-01,1.689816169098230603e+01
4.490000000000000102e-01,1.691215420002361824e+01
4.500000000000000111e-01,1.700923916582320317e+01
4.510000000000000120e-01,1.686812949953281660e+01
4.520000000000000129e-01,1.699976511627387410e+01
4.530000000000000138e-01,1.697691811769426451e+01
4.540000000000000147e-01,1.690985145957511548e+01
4.550000000000000155e-01,1.693349105866901283e+01
4.560000000000000164e-01,1.698258301216140609e+01
4.570000000000000173e-01,1.696010829948787801e+01
4.580000000000000182e-01,1.693459193337086077e+01
4.590000000000000191e-01,1.695461429195125547e+01
4.600000000000000200e-01,1.694965553743632825e+01
4.610000000000000209e-01,1.695697503963756603e+01
4.620000000000000218e-01,1.694504754546888847e+01
4.630000000000000226e-01,1.693255736692817948e+01
4.640000000000000235e-01,1.689856130401309997e+01
4.650000000000000244e-01,1.699649022730843484e+01
4.660000000000000253e-01,1.693088860789756112e+01
4.670000000000000262e-01,1.692870257526871569e+01
4.680000000000000271e-01,1.696145450742399063e+01
4.689999999999999725e-01,1.691473563160948146e+01
4.699999999999999734e-01,1.689882478411979960e+01
4.709999999999999742e-01,1.699235464103107063e+01
4.719999999999999751e-01,1.691607516852427651e+01
4.729999999999999760e-01,1.689174478724956785e+01
4.739999999999999769e-01,1.695151600542065395e+01
4.749999999999999778e-01,1.689981113337469765e+01
4.759999999999999787e-01,1.693150938263497096e+01
4.769999999999999796e-01,1.694664205045512162e+01
4.779999999999999805e-01,1.687875719574790168e+01
4.789999999999999813e-01,1.689767425824312141e+01
4.799999999999999822e-01,1.687443744015562430e+01
4.809999999999999831e-01,1.690444551655410876e+01
4.819999999999999840e-01,1.688915141464250880e+01
4.829999999999999849e-01,1.691082320268241546e+01
4.839999999999999858e-01,1.685954715434262496e+01
4.849999999999999867e-01,1.698625660821321759e+01
4.859999999999999876e-01,1.688818458261521371e+01
4.869999999999999885e-01,1.695402056557687587e+01
4.879999999999999893e-01,1.692317229410322099e+01
4.889999999999999902e-01,1.693671403653306839e+01
4.899999999999999911e-01,1.697176767015488252e+01
4.909999999999999920e-01,1.696543444904491693e+01
4.919999999999999929e-01,1.696484115578688190e+01
4.929999999999999938e-01,1.699173762562688594e+01
4.939999999999999947e-01,1.695084023025911080e+01
4.949999999999999956e-01,1.693390997979832591e+01
4.959999999999999964e-01,1.684794304835060075e+01
4.969999999999999973e-01,1.686555892510688892e+01
4.979999999999999982e-01,1.688784870364743540e+01
4.989999999999999991e-01,1.690637723801582126e+01
5.000000000000000000e-01,1.682000581337044309e+01
5.010000000000000009e-01,1.690662287516535045e+01
5.020000000000000018e-01,1.692409464758221205e+01
5.030000000000000027e-01,1.688713993426355486e+01
5.040000000000000036e-01,1.689402198303744029e+01
5.050000000000000044e-01,1.689340208978400781e+01
5.060000000000000053e-01,1.695793544933086849e+01
5.070000000000000062e-01,1.689007914214267103e+01
5.080000000000000071e-01,1.684023974225044995e+01
5.090000000000000080e-01,1.689098980949978923e+01
5.100000000000000089e-01,1.688466734439008832e+01
5.110000000000000098e-01,1.684703575024391142e+01
5.120000000000000107e-01,1.690512105437164081e+01
5.130000000000000115e-01,1.695452345742134526e+01
5.140000000000000124e-01,1.689206481466803922e+01
5.150000000000000133e-01,1.687291715003995307e+01
5.160000000000000142e-01,1.691581957160089900e+01
5.170000000000000151e-01,1.687298681141415813e+01
5.180000000000000160e-01,1.685390183179148949e+01
5.190000000000000169e-01,1.688810135863472794e+01
5.200000000000000178e-01,1.682115291949313729e+01
5.210000000000000187e-01,1.683700756119486641e+01
5.220000000000000195e-01,1.695755755065340153e+01
5.230000000000000204e-01,1.683198576142773106e+01
5.240000000000000213e-01,1.688453140382890538e+01
5.250000000000000222e-01,1.689839649876948258e+01
5.260000000000000231e-01,1.688987638140900671e+01
5.270000000000000240e-01,1.695020302200486384e+01
5.280000000000000249e-01,1.691015654695379666e+01
5.290000000000000258e-01,1.687741598949352095e+01
5.300000000000000266e-01,1.686942122535288391e+01
5.310000000000000275e-01,1.686180854716017663e+01
5.320000000000000284e-01,1.686658859398710675e+01
5.330000000000000293e-01,1.687641734460546772e+01
5.340000000000000302e-01,1.689223243273748665e+01
5.350000000000000311e-01,1.685248327508907451e+01
5.360000000000000320e-01,1.688969083007786764e+01
5.370000000000000329e-01,1.686381529725628781e+01
5.380000000000000338e-01,1.683387371094889318e+01
5.390000000000000346e-01,1.684309133047309359e+01
5.400000000000000355e-01,1.684061816097660724e+01
5.410000000000000364e-01,1.686635358826474729e+01
5.420000000000000373e-01,1.685432788770621926e+01
5.430000000000000382e-01,1.693180732046756276e+01
5.440000000000000391e-01,1.684544477953065922e+01
5.450000000000000400e-01,1.691944433105730639e+01
5.460000000000000409e-01,1.687294489067311787e+01
5.470000000000000417e-01,1.688071589429661756e+01
5.480000000000000426e-01,1.687371172165972766e+01
5.490000000000000435e-01,1.685150733167505521e+01
5.500000000000000444e-01,1.689656873114600089e+01
5.510000000000000453e-01,1.686375715779357876e+01
5.520000000000000462e-01,1.686475088780229825e+01
5.530000000000000471e-01,1.689688816994077314e+01
5.540000000000000480e-01,1.694836699877293995e+01
5.550000000000000488e-01,1.687442959786361740e+01
5.560000000000000497e-01,1.682965402234315988e+01
5.570000000000000506e-01,1.688247252205196602e+01
5.580000000000000515e-01,1.687540278999191656e+01
5.590000000000000524e-01,1.687373249490813976e+01
5.600000000000000533e-01,1.689598204004076365e+01
5.610000000000000542e-01,1.684972746456700676e+01
5.620000000000000551e-01,1.682429238495197765e+01
5.629999999999999449e-01,1.687155975400832375e+01
5.639999999999999458e-01,1.692656492107030886e+01
5.649999999999999467e-01,1.692763855134395001e+01
5.659999999999999476e-01,1.687939205930043585e+01
5.669999999999999485e-01,1.690531751064948907e+01
5.679999999999999494e-01,1.685989512752719932e+01
5.689999999999999503e-01,1.696675023805823557e+01
5.699999999999999512e-01,1.695470060376528565e+01
5.709999999999999520e-01,1.700071164267770030e+01
5.719999999999999529e-01,1.692565176171719443e+01
5.729999999999999538e-01,1.697758704812628849e+01
5.739999999999999547e-01,1.695432863449838479e+01
5.749999999999999556e-01,1.698241788645595207e+01
5.759999999999999565e-01,1.692032679570758447e+01
5.769999999999999574e-01,1.698879430218088160e+01
5.779999999999999583e-01,1.694960621365379438e+01
5.789999999999999591e-01,1.690141097256477565e+01
5.799999999999999600e-01,1.698105021683912952e+01
5.809999999999999609e-01,1.697312741522388180e+01
5.819999999999999618e-01,1.700044953778433054e+01
5.829999999999999627e-01,1.694534458838189295e+01
5.839999999999999636e-01,1.699385255093792324e+01
5.849999999999999645e-01,1.696214007579902017e+01
5.859999999999999654e-01,1.693028628544168868e+01
5.869999999999999662e-01,1.696354053230409065e+01
5.879999999999999671e-01,1.690799289444395370e+01
5.889999999999999680e-01,1.697791016246333839e+01
5.899999999999999689e-01,1.692161198507635689e+01
5.909999999999999698e-01,1.692323988501031451e+01
5.919999999999999707e-01,1.693052812162991572e+01
5.929999999999999716e-01,1.698542409543336618e+01
5.939999999999999725e-01,1.694873322425457474e+01
5.949999999999999734e-01,1.695045802371131316e+01
5.959999999999999742e-01,1.691039182707653410e+01
5.969999999999999751e-01,1.701358086395928382e+01
5.979999999999999760e-01,1.688864741430835181e+01
5.989999999999999769e-01,1.693781399214427097e+01
5.999999999999999778e-01,1.695228944605626609e+01
6.009999999999999787e-01,1.697335695598728478e+01
6.019999999999999796e-01,1.693811373414747123e+01
6.029999999999999805e-01,1.694090116318599115e+01
6.039999999999999813e-01,1.698008179820303454e+01
6.049999999999999822e-01,1.701852120150619285e+01
6.059999999999999831e-01,1.700476130580902634e+01
6.069999999999999840e-01,1.698195205109999506e+01
6.079999999999999849e-01,1.696728384972113801e+01
6.089999999999999858e-01,1.698092222090559744e+01
6.099999999999999867e-01,1.701272382638921954e+01
6.109999999999999876e-01,1.697806498644002460e+01
6.119999999999999885e-01,1.697062040337502609e+01
6.129999999999999893e-01,1.696542615816219879e+01
6.139999999999999902e-01,1.700952071692901413e+01
6.149999999999999911e-01,1.698619415782255260e+01
6.159999999999999920e-01,1.694374696135998803e+01
6.169999999999999929e-01,1.693370217701655278e+01
6.179999999999999938e-01,1.693800732974234080e+01
6.189999999999999947e-01,1.690597234778631730e+01
6.199999999999999956e-01,1.700908584482925079e+01
6.209999999999999964e-01,1.693755434777251523e+01
6.219999999999999973e-01,1.694288772260888365e+01
6.229999999999999982e-01,1.699246247382961172e+01
6.239999999999999991e-01,1.700671126682572520e+01
6.250000000000000000e-01,1.701816342379481739e+01
6.260000000000000009e-01,1.705512295579387683e+01
6.270000000000000018e-01,1.694582753713962120e+01
6.280000000000000027e-01,1.697419328139723760e+01
6.290000000000000036e-01,1.697289713787189314e+01
6.300000000000000044e-01,1.702132965660226560e+01
6.310000000000000053e-01,1.701020179119826281e+01
6.320000000000000062e-01,1.702459219500311605e+01
6.330000000000000071e-01,1.699245818603871783e+01
6.340000000000000080e-01,1.694203596145606028e+01
6.350000000000000089e-01,1.694770172673810293e+01
6.360000000000000098e-01,1.692680743009152522e+01
6.370000000000000107e-01,1.695515305543612428e+01
6.380000000000000115e-01,1.694441204438827242e+01
6.390000000000000124e-01,1.688874440443531100e+01
6.400000000000000133e-01,1.697121345757192046e+01
6.410000000000000142e-01,1.705430000541002755e+01
6.420000000000000151e-01,1.700087436383300599e+01
6.430000000000000160e-01,1.703663606508388284e+01
6.440000000000000169e-01,1.701036740527602475e+01
6.450000000000000178e-01,1.697077447316721788e+01
6.460000000000000187e-01,1.695776152893494526e+01
6.470000000000000195e-01,1.697184940508385509e+01
6.480000000000000204e-01,1.698051701898546284e+01
6.490000000000000213e-01,1.694948398681477286e+01
6.500000000000000222e-01,1.697664325563514964e+01
6.510000000000000231e-01,1.694666717752241780e+01
6.520000000000000240e-01,1.692827466537530512e+01
6.530000000000000249e-01,1.697483843595278685e+01
6.540000000000000258e-01,1.694415806322717089e+01
6.550000000000000266e-01,1.692154992226842580e+01
6.560000000000000275e-01,1.689793478561815832e+01
6.570000000000000284e-01,1.691275064719017251e+01
6.580000000000000293e-01,1.685821711287620417e+01
6.590000000000000302e-01,1.695660405398291815e+01
6.600000000000000311e-01,1.688943840105360650e+01
6.610000000000000320e-01,1.689509124864556355e+01
6.620000000000000329e-01,1.691573454478546168e+01
6.630000000000000338e-01,1.691449708384004680e+01
6.640000000000000346e-01,1.686244307326875713e+01
6.650000000000000355e-01,1.688497978379013986e+01
6.660000000000000364e-01,1.687622202630348411e+01
6.670000000000000373e-01,1.690011613490439757e+01
6.680000000000000382e-01,1.692629872785451539e+01
6.690000000000000391e-01,1.693124005643699448e+01
6.700000000000000400e-01,1.686119640660365704e+01
6.710000000000000409e-01,1.684377123193561943e+01
6.720000000000000417e-01,1.697044203541208418e+01
6.730000000000000426e-01,1.696468583626247906e+01
6.740000000000000435e-01,1.687731973899034443e+01
6.750000000000000444e-01,1.692020523806143828e+01
6.760000000000000453e-01,1.686776629016075191e+01
6.770000000000000462e-01,1.692385733777658530e+01
6.780000000000000471e-01,1.693438270837548032e+01
6.790000000000000480e-01,1.688315104647446319e+01
6.800000000000000488e-01,1.690369575928411905e+01
6.810000000000000497e-01,1.691671552726602812e+01
6.820000000000000506e-01,1.695168150069730117e+01
6.830000000000000515e-01,1.692763127717328686e+01
6.840000000000000524e-01,1.703151948560564222e+01
6.850000000000000533e-01,1.694909904922831245e+01
6.860000000000000542e-01,1.699007929742560208e+01
6.870000000000000551e-01,1.700655587973915317e+01
6.879999999999999449e-01,1.693506237926805369e+01
6.889999999999999458e-01,1.698459216642567071e+01
6.899999999999999467e-01,1.688024229988187841e+01
6.909999999999999476e-01,1.691971118393192342e+01
6.919999999999999485e-01,1.689386342766801619e+01
6.929999999999999494e-01,1.693351945531379599e+01
6.939999999999999503e-01,1.689433619123368757e+01
6.949999999999999512e-01,1.696433975635623170e+01
6.959999999999999520e-01,1.690578810349105154e+01
6.969999999999999529e-01,1.685991400811379748e+01
6.979999999999999538e-01,1.692147356484176157e+01
6.989999999999999547e-01,1.685769591930517919e+01
6.999999999999999556e-01,1.694994975135892190e+01
7.009999999999999565e-01,1.702050805833535208e+01
7.019999999999999574e-01,1.695916904824852978e+01
7.029999999999999583e-01,1.701421106948967221e+01
7.039999999999999591e-01,1.696438494451438217e+01
7.049999999999999600e-01,1.700690554199295690e+01
7.059999999999999609e-01,1.696178078474782680e+01
7.069999999999999618e-01,1.694484681560859940e+01
7.079999999999999627e-01,1.702519693351303687e+01
7.089999999999999636e-01,1.698015200625091836e+01
7.099999999999999645e-01,1.696140703925575366e+01
7.109999999999999654e-01,1.688492185543747226e+01
7.119999999999999662e-01,1.693898725647347092e+01
7.129999999999999671e-01,1.692655526112037379e+01
7.139999999999999680e-01,1.696324704052873500e+01
7.149999999999999689e-01,1.700307643220546083e+01
7.159999999999999698e-01,1.698884480075038184e+01
7.169999999999999707e-01,1.692947459023316270e+01
7.179999999999999716e-01,1.690539668933506334e+01
7.189999999999999725e-01,1.687271881040265953e+01
7.199999999999999734e-01,1.701054580685786632e+01
7.209999999999999742e-01,1.698084085150376410e+01
7.219999999999999751e-01,1.692612624190758908e+01
7.229999999999999760e-01,1.695685329541432651e+01
7.239999999999999769e-01,1.694960610229335174e+01
7.249999999999999778e-01,1.693555536087598057e+01
7.259999999999999787e-01,1.695522956615695165e+01
7.269999999999999796e-01,1.691906974498313332e+01
7.279999999999999805e-01,1.689228602839171600e+01
7.289999999999999813e-01,1.687185350932777439e+01
7.299999999999999822e-01,1.690204310743711957e+01
7.309999999999999831e-01,1.696348385026776384e+01
7.319999999999999840e-01,1.687219251247982754e+01
7.329999999999999849e-01,1.694672629450700896e+01
7.339999999999999858e-01,1.692053498481018892e+01
7.349999999999999867e-01,1.695761060890596994e+01
7.359999999999999876e-01,1.696057777008579137e+01
7.369999999999999885e-01,1.688223240501870492e+01
7.379999999999999893e-01,1.690915802251279842e+01
7.389999999999999902e-01,1.692989239513306998e+01
7.399999999999999911e-01,1.696497627778170880e+01
7.409999999999999920e-01,1.688793807021621518e+01
7.419999999999999929e-01,1.698157445625365725e+01
7.429999999999999938e-01,1.699806825880418870e+01
7.439999999999999947e-01,1.691735268651172319e+01
7.449999999999999956e-01,1.693778791441204845e+01
7.459999999999999964e-01,1.695877646601139332e+01
7.469999999999999973e-01,1.695423790619240734e+01
7.479999999999999982e-01,1.692640736148324621e+01
7.489999999999999991e-01,1.686273136934109829e+01
7.500000000000000000e-01,1.689750541678344575e+01
7.510000000000000009e-01,1.696373326059547182e+01
7.520000000000000018e-01,1.694408455505727673e+01
7.530000000000000027e-01,1.691632945458006887e+01
7.540000000000000036e-01,1.687470093007430805e+01
7.550000000000000044e-01,1.697044249093226043e+01
7.560000000000000053e-01,1.687073883613149405e+01
7.570000000000000062e-01,1.696093591525663058e+01
7.580000000000000071e-01,1.696763163379772621e+01
7.590000000000000080e-01,1.697107230382992427e+01
7.600000000000000089e-01,1.690457964717574058e+01
7.610000000000000098e-01,1.696997880313858786e+01
7.620000000000000107e-01,1.697723397171866466e+01
7.630000000000000115e-01,1.693313635785474247e+01
7.640000000000000124e-01,1.691207675856222181e+01
7.650000000000000133e-01,1.699667798389094031e+01
7.660000000000000142e-01,1.697511068417759361e+01
7.670000000000000151e-01,1.692305853584867492e+01
7.680000000000000160e-01,1.692177708581586160e+01
7.690000000000000169e-01,1.693055982117266467e+01
7.700000000000000178e-01,1.694745647890928808e+01
7.710000000000000187e-01,1.697590249063575740e+01
7.720000000000000195e-01,1.696220954272396142e+01
7.730000000000000204e-01,1.694261330391191933e+01
7.740000000000000213e-01,1.702312242257372432e+01
7.750000000000000222e-01,1.699502098271596040e+01
7.760000000000000231e-01,1.694298757993643179e+01
7.770000000000000240e-01,1.693463830027125283e+01
7.780000000000000249e-01,1.693774612770094024e+01
7.790000000000000258e-01,1.693971219357199232e+01
7.800000000000000266e-01,1.695319450170505604e+01
7.810000000000000275e-01,1.697120956566151762e+01
7.820000000000000284e-01,1.692672696580949321e+01
7.830000000000000293e-01,1.688566189900225822e+01
7.840000000000000302e-01,1.688144383244914337e+01
7.850000000000000311e-01,1.689485369940639004e+01
7.860000000000000320e-01,1.691159515874842967e+01
7.870000000000000329e-01,1.688958342635680054e+01
7.880000000000000338e-01,1.687089359868436489e+01
7.890000000000000346e-01,1.691650359986641661e+01
7.900000000000000355e-01,1.693210917320963560e+01
7.910000000000000364e-01,1.687526639990795019e+01
7.920000000000000373e-01,1.695058736991008885e+01
7.930000000000000382e-01,1.690891193871322784e+01
7.940000000000000391e-01,1.686392094443981549e+01
7.950000000000000400e-01,1.688151518796202311e+01
7.960000000000000409e-01,1.690514516503045428e+01
7.970000000000000417e-01,1.690595441519626974e+01
7.980000000000000426e-01,1.695059556678376111e+01
7.990000000000000435e-01,1.692592164525371956e+01
8.000000000000000444e-01,1.691897263605862989e+01
8.010000000000000453e-01,1.694772667099533336e+01
8.020000000000000462e-01,1.689488431076518538e+01
8.030000000000000471e-01,1.686641874063059632e+01
8.040000000000000480e-01,1.693697474987154195e+01
8.050000000000000488e-01,1.692549581926194691e+01
8.060000000000000497e-01,1.692707422865935030e+01
8.070000000000000506e-01,1.685539875569532242e+01
8.080000000000000515e-01,1.687992202493907712e+01
8.090000000000000524e-01,1.689325554439094290e+01
8.100000000000000533e-01,1.687264569488779031e+01
8.110000000000000542e-01,1.693083975519392581e+01
8.120000000000000551e-01,1.693264142269991623e+01
8.129999999999999449e-01,1.691652468768510076e+01
8.139999999999999458e-01,1.696754658889876310e+01
8.149999999999999467e-01,1.687479061225246113e+01
8.159999999999999476e-01,1.692735452195097068e+01
8.169999999999999485e-01,1.695420579348721191e+01
8.179999999999999494e-01,1.687612981406319435e+01
8.189999999999999503e-01,1.685753331524372811e+01
8.199999999999999512e-01,1.690988848186106708e+01
8.209999999999999520e-01,1.685715788958035333e+01
8.219999999999999529e-01,1.697799066603789697e+01
8.229999999999999538e-01,1.692590049266273411e+01
8.239999999999999547e-01,1.686493683456354731e+01
8.249999999999999556e-01,1.697875011052626704e+01
8.259999999999999565e-01,1.693300552406434534e+01
8.269999999999999574e-01,1.702441643820813511e+01
8.279999999999999583e-01,1.693825877871848462e+01
8.289999999999999591e-01,1.695804473418818503e+01
8.299999999999999600e-01,1.698481487349960872e+01
8.309999999999999609e-01,1.694525314970276497e+01
8.319999999999999618e-01,1.693381509357900327e+01
8.329999999999999627e-01,1.696140550180014372e+01
8.339999999999999636e-01,1.692380366259539315e+01
8.349999999999999645e-01,1.695440964984996057e+01
8.359999999999999654e-01,1.694591176939421473e+01
8.369999999999999662e-01,1.690485215233275085e+01
8.379999999999999671e-01,1.694453466986241352e+01
8.389999999999999680e-01,1.691144376648098913e+01
8.399999999999999689e-01,1.688920807116639011e+01
8.409999999999999698e-01,1.693717546912588645e+01
8.419999999999999707e-01,1.693572502362808052e+01
8.429999999999999716e-01,1.694895181478005952e+01
8.439999999999999725e-01,1.685263046377009388e+01
8.449999999999999734e-01,1.692103813777642074e+01
8.459999999999999742e-01,1.690588210920529377e+01
8.469999999999999751e-01,1.689734567107192476e+01
8.479999999999999760e-01,1.688565283792194549e+01
8.489999999999999769e-01,1.691750535912082398e+01
8.499999999999999778e-01,1.692794736894600760e+01
8.509999999999999787e-01,1.701313412677187742e+01
8.519999999999999796e-01,1.697936040589155127e+01
8.529999999999999805e-01,1.695648282142219898e+01
8.539999999999999813e-01,1.695282220263651851e+01
8.549999999999999822e-01,1.699240674047794641e+01
8.559999999999999831e-01,1.694156748188942174e+01
8.569999999999999840e-01,1.699486865008231717e+01
8.579999999999999849e-01,1.696709556039353828e+01
8.589999999999999858e-01,1.689505970457209116e+01
8.599999999999999867e-01,1.692945426927179398e+01
8.609999999999999876e-01,1.699935539014031249e+01
8.619999999999999885e-01,1.701601702865833943e+01
8.629999999999999893e-01,1.696212685071461479e+01
8.639999999999999902e-01,1.699187995915767502e+01
8.649999999999999911e-01,1.697915017153766115e+01
8.659999999999999920e-01,1.691771712230980285e+01
8.669999999999999929e-01,1.696390517027263911e+01
8.679999999999999938e-01,1.700825159717106061e+01
8.689999999999999947e-01,1.695326217235640698e+01
8.699999999999999956e-01,1.693355982444432684e+01
8.709999999999999964e-01,1.693763544014130318e+01
8.719999999999999973e-01,1.694037440467937827e+01
8.729999999999999982e-01,1.690371072185535084e+01
8.739999999999999991e-01,1.690388643647548506e+01
8.750000000000000000e-01,1.694585656860116174e+01
8.760000000000000009e-01,1.688706839579407415e+01
8.770000000000000018e-01,1.688460295442183323e+01
8.780000000000000027e-01,1.694154317483042860e+01
8.790000000000000036e-01,1.690674912477126668e+01
8.800000000000000044e-01,1.693494029792744016e+01
8.810000000000000053e-01,1.692838852715815889e+01
8.820000000000000062e-01,1.695655508068918493e+01
8.830000000000000071e-01,1.686608081966257089e+01
8.840000000000000080e-01,1.690265258363587719e+01
8.850000000000000089e-01,1.694136418065714622e+01
8.860000000000000098e-01,1.697047753069760034e+01
8.870000000000000107e-01,1.699206341486962657e+01
8.880000000000000115e-01,1.704978555635342730e+01
8.890000000000000124e-01,1.700885092746428029e+01
8.900000000000000133e-01,1.694730130882842190e+01
8.910000000000000142e-01,1.694675361620341647e+01
8.920000000000000151e-01,1.693567467758028400e+01
8.930000000000000160e-01,1.700827663767783804e+01
8.940000000000000169e-01,1.689378831670078540e+01
8.950000000000000178e-01,1.687087242857007752e+01
8.960000000000000187e-01,1.697119012160795037e+01
8.970000000000000195e-01,1.688766294420754122e+01
8.980000000000000204e-01,1.701805086036094394e+01
8.990000000000000213e-01,1.689709696241365222e+01
9.000000000000000222e-01,1.698587596491854512e+01
9.010000000000000231e-01,1.696033535741670306e+01
9.020000000000000240e-01,1.698791977538927256e+01
9.030000000000000249e-01,1.696571353265179738e+01
9.040000000000000258e-01,1.693343352615972108e+01
9.050000000000000266e-01,1.697029392975914064e+01
9.060000000000000275e-01,1.696371981247929739e+01
9.070000000000000284e-01,1.694078389952533925e+01
9.080000000000000293e-01,1.697370474125280637e+01
9.090000000000000302e-01,1.702951342789895861e+01
9.100000000000000311e-01,1.702385687487168298e+01
9.110000000000000320e-01,1.694383293594355777e+01
9.120000000000000329e-01,1.696272618244798025e+01
9.130000000000000338e-01,1.699712559267292633e+01
9.140000000000000346e-01,1.697594467384302064e+01
9.150000000000000355e-01,1.696301798716490694e+01
9.160000000000000364e-01,1.694788658583577146e+01
9.170000000000000373e-01,1.697252297911141383e+01
9.180000000000000382e-01,1.697358172818300659e+01
9.190000000000000391e-01,1.695164477245035073e+01
9.200000000000000400e-01,1.700456058930743097e+01
9.210000000000000409e-01,1.696798679855179159e+01
9.220000000000000417e-01,1.696370637976429308e+01
9.230000000000000426e-01,1.696551181783644324e+01
9.240000000000000435e-01,1.698628251776196407e+01
9.250000000000000444e-01,1.696996442141675487e+01
9.260000000000000453e-01,1.693233647146757903e+01
9.270000000000000462e-01,1.694917198864473207e+01
9.280000000000000471e-01,1.699434364032981293e+01
9.290000000000000480e-01,1.696526176025545141e+01
9.300000000000000488e-01,1.696022012145675717e+01
9.310000000000000497e-01,1.694250640507341288e+01
9.320000000000000506e-01,1.698544914732076450e+01
9.330000000000000515e-01,1.694182532305293876e+01
9.340000000000000524e-01,1.697880742358094608e+01
9.350000000000000533e-01,1.696040453880142707e+01
9.360000000000000542e-01,1.700015839178650268e+01
9.370000000000000551e-01,1.695405613364635400e+01
9.379999999999999449e-01,1.690927049156137940e+01
9.389999999999999458e-01,1.692907723241293994e+01
9.399999999999999467e-01,1.691459722372531260e+01
9.409999999999999476e-01,1.695837068755218269e+01
9.419999999999999485e-01,1.700615680703164401e+01
9.429999999999999494e-01,1.695467817233430452e+01
9.439999999999999503e-01,1.692348881392489801e+01
9.449999999999999512e-01,1.692871478125586293e+01
9.459999999999999520e-01,1.698588631225398515e+01
9.469999999999999529e-01,1.704459247549484502e+01
9.479999999999999538e-01,1.704145433738463566e+01
9.489999999999999547e-01,1.691926745323133119e+01
9.499999999999999556e-01,1.700782220081859819e+01
9.509999999999999565e-01,1.695420209172720760e+01
9.519999999999999574e-01,1.690517110048493521e+01
9.529999999999999583e-01,1.691141045164502188e+01
9.539999999999999591e-01,1.694509380351207639e+01
9.549999999999999600e-01,1.698737822692242716e+01
9.559999999999999609e-01,1.692246573045516200e+01
9.569999999999999618e-01,1.695237728900749019e+01
9.579999999999999627e-01,1.699877182238304840e+01
9.589999999999999636e-01,1.695703941006270199e+01
9.599999999999999645e-01,1.694667981760012054e+01
9.609999999999999654e-01,1.698131582095766134e+01
9.619999999999999662e-01,1.701211290066054360e+01
9.629999999999999671e-01,1.690781845802152361e+01
9.639999999999999680e-01,1.697231968226712695e+01
9.649999999999999689e-01,1.700354423893399769e+01
9.659999999999999698e-01,1.699101610733773171e+01
9.669999999999999707e-01,1.695901744702386438e+01
9.679999999999999716e-01,1.695637652790242811e+01
9.689999999999999725e-01,1.692821968962751811e+01
9.699999999999999734e-01,1.691433330224743870e+01
9.709999999999999742e-01,1.695162822221472609e+01
9.719999999999999751e-01,1.699961259494469346e+01
9.729999999999999760e-01,1.691905579966754658e+01
9.739999999999999769e-01,1.693089470545384856e+01
9.749999999999999778e-01,1.695973666710590066e+01
9.759999999999999787e-01,1.702227914430330813e+01
9.769999999999999796e-01,1.695376710625353311e+01
9.779999999999999805e-01,1.694212163677862293e+01
9.789999999999999813e-01,1.704708995659554560e+01
9.799999999999999822e-01,1.694301311564176160e+01
9.809999999999999831e-01,1.700379436507878594e+01
9.819999999999999840e-01,1.692006678040839773e+01
9.829999999999999849e-01,1.690786167336425905e+01
9.839999999999999858e-01,1.688005902562812111e+01
9.849999999999999867e-01,1.694525796761843139e+01
9.859999999999999876e-01,1.693265754678838775e+01
9.869999999999999885e-01,1.689995291349987028e+01
9.879999999999999893e-01,1.696327198057249319e+01
9.889999999999999902e-01,1.697496033582985575e+01
9.899999999999999911e-01,1.697777953422554020e+01
9.909999999999999920e-01,1.695358156787461823e+01
9.919999999999999929e-01,1.690699906279063569e+01
9.929999999999999938e-01,1.693305368049287196e+01
9.939999999999999947e-01,1.691456850550777347e+01
9.949999999999999956e-01,1.689877231632093668e+01
9.959999999999999964e-01,1.692998364084908758e+01
9.969999999999999973e-01,1.696741207879974311e+01
9.979999999999999982e-01,1.695189461450501511e+01
9.989999999999999991e-01,1.694316990126222322e+01
1.000000000000000000e+00,1.686703002378030192e+01
1.000999999999999890e+00,1.687533170461718157e+01
1.002000000000000002e+00,1.688499294182094346e+01
1.002999999999999892e+00,1.690050078763523800e+01
1.004000000000000004e+00,1.688380949216167082e+01
1.004999999999999893e+00,1.689801751573762800e+01
1.006000000000000005e+00,1.690931036880070693e+01
1.006999999999999895e+00,1.690051103961360468e+01
1.008000000000000007e+00,1.688811407861988911e+01
1.008999999999999897e+00,1.691117124867383481e+01
1.010000000000000009e+00,1.690807474415254674e+01
1.010999999999999899e+00,1.687943653704373759e+01
1.012000000000000011e+00,1.691740085624239853e+01
1.012999999999999901e+00,1.688896277487441466e+01
1.014000000000000012e+00,1.690831096845913351e+01
1.014999999999999902e+00,1.692496719446717535e+01
1.016000000000000014e+00,1.693320383950444352e+01
1.016999999999999904e+00,1.695583568439541722e+01
1.018000000000000016e+00,1.693178153687547649e+01
1.018999999999999906e+00,1.697118995556871823e+01
1.020000000000000018e+00,1.693198546182159347e+01
1.020999999999999908e+00,1.690418684925554160e+01
1.022000000000000020e+00,1.697964117962855823e+01
1.022999999999999909e+00,1.695912579197423753e+01
1.024000000000000021e+00,1.687413115015692000e+01
1.024999999999999911e+00,1.699339630085837527e+01
1.026000000000000023e+00,1.695606828861351545e+01
1.026999999999999913e+00,1.693110176772459852e+01
1.028000000000000025e+00,1.699692685984773988e+01
1.028999999999999915e+00,1.696812043284204918e+01
1.030000000000000027e+00,1.689696288590056739e+01
1.030999999999999917e+00,1.697158596054520530e+01
1.032000000000000028e+00,1.696085073285502887e+01
1.032999999999999918e+00,1.697215281680217913e+01
1.034000000000000030e+00,1.694439216130344050e+01
1.034999999999999920e+00,1.688874909448155393e+01
1.036000000000000032e+00,1.696993873162882593e+01
1.036999999999999922e+00,1.690638367831975941e+01
1.038000000000000034e+00,1.691852255822136541e+01
1.038999999999999924e+00,1.693375783382338895e+01
1.040000000000000036e+00,1.698134995803077274e+01
1.040999999999999925e+00,1.698528395546464154e+01
1.042000000000000037e+00,1.696297451588045035e+01
1.042999999999999927e+00,1.695986137606574218e+01
1.044000000000000039e+00,1.698467326941086242e+01
1.044999999999999929e+00,1.696960660117424524e+01
1.046000000000000041e+00,1.698534872629178949e+01
1.046999999999999931e+00,1.699396120599689652e+01
1.048000000000000043e+00,1.698758301719001906e+01
1.048999999999999932e+00,1.696563036510972822e+01
1.050000000000000044e+00,1.698265321217297696e+01
1.050999999999999934e+00,1.695715291392541246e+01
1.052000000000000046e+00,1.691880927358779729e+01
1.052999999999999936e+00,1.700578141829783974e+01
1.054000000000000048e+00,1.703529471994504618e+01
1.054999999999999938e+00,1.696985841511126836e+01
1.056000000000000050e+00,1.704411253639334944e+01
1.056999999999999940e+00,1.701876249579760625e+01
1.058000000000000052e+00,1.698638755110569321e+01
1.058999999999999941e+00,1.703661404587613504e+01
1.060000000000000053e+00,1.700012941509968201e+01
1.060999999999999943e+00,1.701289134735896269e+01
1.062000000000000055e+00,1.697483942043132998e+01
1.062999999999999945e+00,1.699090063024436148e+01
1.064000000000000057e+00,1.698385319998903498e+01
1.064999999999999947e+00,1.699453606748825862e+01
1.066000000000000059e+00,1.700725549993507713e+01
1.066999999999999948e+00,1.698319675919494642e+01
1.068000000000000060e+00,1.696296921994903073e+01
1.068999999999999950e+00,1.703787955689101707e+01
1.070000000000000062e+00,1.697588977479880867e+01
1.070999999999999952e+00,1.698067497835979012e+01
1.072000000000000064e+00,1.706271879264537361e+01
1.072999999999999954e+00,1.704416513820840606e+01
1.074000000000000066e+00,1.697932615615398433e+01
1.074999999999999956e+00,1.697819963723756942e+01
1.076000000000000068e+00,1.699254979676878463e+01
1.076999999999999957e+00,1.701273722129485577e+01
1.078000000000000069e+00,1.702166002935569011e+01
1.078999999999999959e+00,1.701763836730233592e+01
1.080000000000000071e+00,1.697765599839081574e+01
1.080999999999999961e+00,1.697631219134415304e+01
1.082000000000000073e+00,1.696370507096120051e+01
1.082999999999999963e+00,1.695494469280191652e+01
1.084000000000000075e+00,1.700004861406578271e+01
1.084999999999999964e+00,1.696148746196333335e+01
1.086000000000000076e+00,1.700361613482222722e+01
1.086999999999999966e+00,1.696455785550202222e+01
1.088000000000000078e+00,1.698921472770057761e+01
1.088999999999999968e+00,1.694978354821575550e+01
1.090000000000000080e+00,1.695611396943559868e+01
1.090999999999999970e+00,1.697579775047883643e+01
1.092000000000000082e+00,1.700952432582112195e+01
1.092999999999999972e+00,1.697856755335818235e+01
1.094000000000000083e+00,1.699206939795211113e+01
1.094999999999999973e+00,1.700136333566555180e+01
1.096000000000000085e+00,1.697930369565376552e+01
1.096999999999999975e+00,1.694007543984128361e+01
1.098000000000000087e+00,1.697251191950836713e+01
1.098999999999999977e+00,1.701974046689366560e+01
1.100000000000000089e+00,1.692010946476628774e+01
1.100999999999999979e+00,1.697626533939736149e+01
1.102000000000000091e+00,1.697402513712737004e+01
1.102999999999999980e+00,1.701512273021016242e+01
1.104000000000000092e+00,1.697938764138256573e+01
1.104999999999999982e+00,1.702877414867958805e+01
1.106000000000000094e+00,1.705902362923821514e+01
1.106999999999999984e+00,1.702127335962877197e+01
1.108000000000000096e+00,1.697892207520243701e+01
1.108999999999999986e+00,1.705089599820659529e+01
1.110000000000000098e+00,1.695772557321801344e+01
1.110999999999999988e+00,1.698106211519715103e+01
1.112000000000000099e+00,1.701837711171368994e+01
1.112999999999999989e+00,1.697898428225499501e+01
1.114000000000000101e+00,1.695989413921129696e+01
1.114999999999999991e+00,1.698578191478117816e+01
1.116000000000000103e+00,1.697601190271374350e+01
1.116999999999999993e+00,1.702190009107620483e+01
1.118000000000000105e+00,1.699100502976466842e+01
1.118999999999999995e+00,1.698770767076994304e+01
1.120000000000000107e+00,1.694792580638763368e+01
1.120999999999999996e+00,1.695399593532151528e+01
1.122000000000000108e+00,1.695307481509460246e+01
1.122999999999999998e+00,1.694588264576119840e+01
1.124000000000000110e+00,1.703230012481128242e+01
1.125000000000000000e+00,1.699971911759745780e+01
1.125999999999999890e+00,1.717004517911428607e+01
1.127000000000000002e+00,1.705960379011616368e+01
1.127999999999999892e+00,1.702785741265199349e+01
1.129000000000000004e+00,1.706179582342169354e+01
1.129999999999999893e+00,1.694979829381737346e+01
1.131000000000000005e+00,1.706616317797638871e+01
1.131999999999999895e+00,1.705884015020493294e+01
1.133000000000000007e+00,1.697414655884901791e+01
1.133999999999999897e+00,1.703492097468231137e+01
1.135000000000000009e+00,1.702346800707095653e+01
1.135999999999999899e+00,1.699381629287736217e+01
1.137000000000000011e+00,1.696625177936752493e+01
1.137999999999999901e+00,1.700056595190896758e+01
1.139000000000000012e+00,1.697282588530938696e+01
1.139999999999999902e+00,1.695114696640636254e+01
1.141000000000000014e+00,1.698127187110248215e+01
1.141999999999999904e+00,1.705151461384868838e+01
1.143000000000000016e+00,1.701471386604869807e+01
1.143999999999999906e+00,1.704174607271881214e+01
1.145000000000000018e+00,1.699046648808237947e+01
1.145999999999999908e+00,1.695953784689246291e+01
1.147000000000000020e+00,1.699802536692852328e+01
1.147999999999999909e+00,1.702981897650069598e+01
1.149000000000000021e+00,1.697776508030514364e+01
1.149999999999999911e+00,1.695359687287553996e+01
1.151000000000000023e+00,1.697326849684816352e+01
1.151999999999999913e+00,1.699670899662941181e+01
1.153000000000000025e+00,1.697659716954003173e+01
1.153999999999999915e+00,1.701791755301069387e+01
1.155000000000000027e+00,1.694990983847451105e+01
1.155999999999999917e+00,1.703149978307442325e+01
1.157000000000000028e+00,1.699025880740872552e+01
1.157999999999999918e+00,1.694978607479076871e+01
1.159000000000000030e+00,1.696160834337647572e+01
1.159999999999999920e+00,1.695591058496210835e+01
1.161000000000000032e+00,1.699136711630905339e+01
1.161999999999999922e+00,1.693358748085805132e+01
1.163000000000000034e+00,1.701858750310672974e+01
1.163999999999999924e+00,1.699562965479266552e+01
1.165000000000000036e+00,1.692395248727294899e+01
1.165999999999999925e+00,1.698433520216172354e+01
1.167000000000000037e+00,1.698708534549684757e+01
1.167999999999999927e+00,1.700532938166869101e+01
1.169000000000000039e+00,1.699808311219542034e+01
1.169999999999999929e+00,1.699968634375204601e+01
1.171000000000000041e+00,1.705415009216238076e+01
1.171999999999999931e+00,1.696404671146245846e+01
1.173000000000000043e+00,1.698901722641011602e+01
1.173999999999999932e+00,1.699965900446298761e+01
1.175000000000000044e+00,1.698583979925420806e+01
1.175999999999999934e+00,1.705369318472405027e+01
1.177000000000000046e+00,1.701183662089065152e+01
1.177999999999999936e+00,1.709764229875612074e+01
1.179000000000000048e+00,1.695465923663825336e+01
1.179999999999999938e+00,1.696797352958741456e+01
1.181000000000000050e+00,1.692794681982797300e+01
1.181999999999999940e+00,1.697098527138376767e+01
1.183000000000000052e+00,1.694821553605832065e+01
1.183999999999999941e+00,1.696806040946510308e+01
1.185000000000000053e+00,1.696757757680179424e+01
1.185999999999999943e+00,1.696381421402325884e+01
1.187000000000000055e+00,1.692584231050964760e+01
1.187999999999999945e+00,1.691338183625143188e+01
1.189000000000000057e+00,1.701898758324765026e+01
1.189999999999999947e+00,1.696092296008913891e+01
1.191000000000000059e+00,1.694193912368524479e+01
1.191999999999999948e+00,1.703573045225986604e+01
1.193000000000000060e+00,1.691917085001690779e+01
1.193999999999999950e+00,1.697285398451451854e+01
1.195000000000000062e+00,1.694600932000702187e+01
1.195999999999999952e+00,1.694513691332496563e+01
1.197000000000000064e+00,1.697969367870701163e+01
1.197999999999999954e+00,1.697916127005236930e+01
1.199000000000000066e+00,1.701535119279397179e+01
1.199999999999999956e+00,1.709901667472092512e+01
1.201000000000000068e+00,1.695067059791369957e+01
1.201999999999999957e+00,1.697132153265697241e+01
1.203000000000000069e+00,1.699212332973475270e+01
1.203999999999999959e+00,1.698281282664811798e+01
1.205000000000000071e+00,1.702364156009884155e+01
1.205999999999999961e+00,1.706044947049603877e+01
1.207000000000000073e+00,1.703326129428274172e+01
1.207999999999999963e+00,1.696416329272587475e+01
1.209000000000000075e+00,1.698780753261650034e+01
1.209999999999999964e+00,1.705690590148040897e+01
1.211000000000000076e+00,1.709470154291908628e+01
1.211999999999999966e+00,1.706160030679841100e+01
1.213000000000000078e+00,1.705360837507576122e+01
1.213999999999999968e+00,1.704691787218894206e+01
1.215000000000000080e+00,1.699200829955366743e+01
1.215999999999999970e+00,1.697120991559492253e+01
1.217000000000000082e+00,1.694576930979619434e+01
1.217999999999999972e+00,1.695174661302937480e+01
1.219000000000000083e+00,1.693962224157830576e+01
1.219999999999999973e+00,1.704743942452674332e+01
1.221000000000000085e+00,1.698166817657032723e+01
1.221999999999999975e+00,1.703931738699512621e+01
1.223000000000000087e+00,1.696997889097119838e+01
1.223999999999999977e+00,1.696289787516592540e+01
1.225000000000000089e+00,1.701408710889502629e+01
1.225999999999999979e+00,1.703529956958535863e+01
1.227000000000000091e+00,1.702168954185402683e+01
1.227999999999999980e+00,1.700356238773754569e+01
1.229000000000000092e+00,1.701370354734827472e+01
1.229999999999999982e+00,1.702707678967311011e+01
1.231000000000000094e+00,1.701384095744613489e+01
1.231999999999999984e+00,1.707297932649820282e+01
1.233000000000000096e+00,1.695743138001099126e+01
1.233999999999999986e+00,1.701129156760594086e+01
1.235000000000000098e+00,1.700515513560368319e+01
1.235999999999999988e+00,1.708930675068351945e+01
1.237000000000000099e+00,1.708741381506746393e+01
1.237999999999999989e+00,1.698428166853703303e+01
1.239000000000000101e+00,1.701397684687726297e+01
1.239999999999999991e+00,1.702538247416918438e+01
1.241000000000000103e+00,1.703229278346310949e+01
1.241999999999999993e+00,1.699353098985786659e+01
1.243000000000000105e+00,1.700186563686940389e+01
1.243999999999999995e+00,1.702173539181847417e+01
1.245000000000000107e+00,1.707431310848419059e+01
1.245999999999999996e+00,1.703760484368650197e+01
1.247000000000000108e+00,1.703252628174016081e+01
1.247999999999999998e+00,1.708318637274873453e+01
1.249000000000000110e+00,1.703775723081210103e+01
1.250000000000000000e+00,1.702031873446299670e+01
1.250999999999999890e+00,1.699511691464348928e+01
1.252000000000000002e+00,1.699706796208882409e+01
1.252999999999999892e+00,1.702616917202957936e+01
1.254000000000000004e+00,1.699066443199283327e+01
1.254999999999999893e+00,1.696042457504246315e+01
1.256000000000000005e+00,1.692698284034462830e+01
1.256999999999999895e+00,1.701661812327007794e+01
1.258000000000000007e+00,1.700133281726552781e+01
1.258999999999999897e+00,1.706542071032850316e+01
1.260000000000000009e+00,1.705120081558626310e+01
1.260999999999999899e+00,1.697427898747737629e+01
1.262000000000000011e+00,1.705051888430480034e+01
1.262999999999999901e+00,1.703378299262507412e+01
1.264000000000000012e+00,1.708996822006201910e+01
1.264999999999999902e+00,1.700963688895786774e+01
1.266000000000000014e+00,1.699859482276877998e+01
1.266999999999999904e+00,1.700350959470273438e+01
1.268000000000000016e+00,1.701166700181193647e+01
1.268999999999999906e+00,1.704473528619499945e+01
1.270000000000000018e+00,1.704283492074831230e+01
1.270999999999999908e+00,1.701967176562614625e+01
1.272000000000000020e+00,1.696507129340783493e+01
1.272999999999999909e+00,1.703644457912527699e+01
1.274000000000000021e+00,1.701430181924403939e+01
1.274999999999999911e+00,1.701399633207645579e+01
1.276000000000000023e+00,1.695928327806367264e+01
1.276999999999999913e+00,1.702707534055669925e+01
1.278000000000000025e+00,1.697240308279349819e+01
1.278999999999999915e+00,1.700066447365047040e+01
1.280000000000000027e+00,1.697661582136470315e+01
1.280999999999999917e+00,1.700572991523752719e+01
1.282000000000000028e+00,1.694236102741660588e+01
1.282999999999999918e+00,1.696789311273757406e+01
1.284000000000000030e+00,1.691591746059106427e+01
1.284999999999999920e+00,1.692283599392387572e+01
1.286000000000000032e+00,1.703108929735158839e+01
1.286999999999999922e+00,1.702466441789846741e+01
1.288000000000000034e+00,1.690737754981695318e+01
1.288999999999999924e+00,1.694086949045810186e+01
1.290000000000000036e+00,1.699285732498569246e+01
1.290999999999999925e+00,1.695838816931700777e+01
1.292000000000000037e+00,1.699316111207887303e+01
1.292999999999999927e+00,1.697989616378437461e+01
1.294000000000000039e+00,1.702711014738981277e+01
1.294999999999999929e+00,1.700028405417986832e+01
1.296000000000000041e+00,1.691964575466598220e+01
1.296999999999999931e+00,1.699761300376514583e+01
1.298000000000000043e+00,1.693940060600788655e+01
1.298999999999999932e+00,1.693829031745981339e+01
1.300000000000000044e+00,1.692964917370840894e+01
1.300999999999999934e+00,1.694629916526370650e+01
1.302000000000000046e+00,1.690683331762367203e+01
1.302999999999999936e+00,1.696246229311188003e+01
1.304000000000000048e+00,1.696065301188413343e+01
1.304999999999999938e+00,1.695625806341263697e+01
1.306000000000000050e+00,1.693705663645003767e+01
1.306999999999999940e+00,1.697880712228579370e+01
1.308000000000000052e+00,1.697354913665876808e+01
1.308999999999999941e+00,1.689056145703693090e+01
1.310000000000000053e+00,1.690796454140939531e+01
1.310999999999999943e+00,1.695245303219759592e+01
1.312000000000000055e+00,1.692536170158875564e+01
1.312999999999999945e+00,1.695391021264085651e+01
1.314000000000000057e+00,1.695850802005823610e+01
1.314999999999999947e+00,1.698126940337138535e+01
1.316000000000000059e+00,1.690898460885495780e+01
1.316999999999999948e+00,1.689313668323531203e+01
1.318000000000000060e+00,1.687761791977867176e+01
1.318999999999999950e+00,1.690503832755640090e+01
1.320000000000000062e+00,1.687087806290656289e+01
1.320999999999999952e+00,1.692051004353207233e+01
1.322000000000000064e+00,1.695181765619230774e+01
1.322999999999999954e+00,1.687514268498597403e+01
1.324000000000000066e+00,1.692334520152306965e+01
1.324999999999999956e+00,1.692324506462154687e+01
1.326000000000000068e+00,1.690394042705853295e+01
1.326999999999999957e+00,1.704443492434468155e+01
1.328000000000000069e+00,1.703626046232695757e+01
1.328999999999999959e+00,1.691462324122375094e+01
1.330000000000000071e+00,1.700452851401966825e+01
1.330999999999999961e+00,1.700749998281365549e+01
1.332000000000000073e+00,1.699731274766712019e+01
1.332999999999999963e+00,1.696071192795904992e+01
1.334000000000000075e+00,1.692217536397710376e+01
1.334999999999999964e+00,1.690637663205098207e+01
1.336000000000000076e+00,1.688990777526160159e+01
1.336999999999999966e+00,1.691203336234987020e+01
1.338000000000000078e+00,1.690751380123871428e+01
1.338999999999999968e+00,1.694110944835226817e+01
1.340000000000000080e+00,1.687402102217161115e+01
1.340999999999999970e+00,1.688035580251398571e+01
1.342000000000000082e+00,1.694907889220357688e+01
1.342999999999999972e+00,1.697334611356696144e+01
1.344000000000000083e+00,1.695280788738807587e+01
1.344999999999999973e+00,1.688566045217342193e+01
1.346000000000000085e+00,1.689530397936333728e+01
1.346999999999999975e+00,1.690661737492400363e+01
1.348000000000000087e+00,1.704192023779539156e+01
1.348999999999999977e+00,1.694451625199434019e+01
1.350000000000000089e+00,1.697195217601909789e+01
1.350999999999999979e+00,1.696586759011690404e+01
1.352000000000000091e+00,1.698809767628976530e+01
1.352999999999999980e+00,1.699416656100716594e+01
1.354000000000000092e+00,1.701926315789420840e+01
1.354999999999999982e+00,1.697027721267869538e+01
1.356000000000000094e+00,1.692200201554235761e+01
1.356999999999999984e+00,1.696716072991003443e+01
1.358000000000000096e+00,1.701868174314470394e+01
1.358999999999999986e+00,1.697817154825399655e+01
1.360000000000000098e+00,1.689470756142293340e+01
1.360999999999999988e+00,1.691050669242400417e+01
1.362000000000000099e+00,1.691948237752600903e+01
1.362999999999999989e+00,1.690415387069916875e+01
1.364000000000000101e+00,1.694275190299246603e+01
1.364999999999999991e+00,1.686019079247600772e+01
1.366000000000000103e+00,1.699428902672498509e+01
1.366999999999999993e+00,1.690089820997089376e+01
1.368000000000000105e+00,1.698324261891085030e+01
1.368999999999999995e+00,1.698211939866041931e+01
1.370000000000000107e+00,1.691202403201599225e+01
1.370999999999999996e+00,1.701371351282949362e+01
1.372000000000000108e+00,1.703120943348488936e+01
1.372999999999999998e+00,1.697913541362001766e+01
1.374000000000000110e+00,1.703027987783791986e+01
1.375000000000000000e+00,1.707297505648552161e+01
1.375999999999999890e+00,1.700011055797425996e+01
1.377000000000000002e+00,1.701675467703643108e+01
1.377999999999999892e+00,1.707360333918311923e+01
1.379000000000000004e+00,1.695392105419541906e+01
1.379999999999999893e+00,1.698088923971205944e+01
1.381000000000000005e+00,1.697006564086667169e+01
1.381999999999999895e+00,1.695303234225723088e+01
1.383000000000000007e+00,1.696593791874752810e+01
1.383999999999999897e+00,1.692150913607978069e+01
1.385000000000000009e+00,1.693654552302583483e+01
1.385999999999999899e+00,1.699135818916398222e+01
1.387000000000000011e+00,1.693785091024920320e+01
1.387999999999999901e+00,1.697567751437152594e+01
1.389000000000000012e+00,1.694865849714289396e+01
1.389999999999999902e+00,1.701530720967372545e+01
1.391000000000000014e+00,1.692428837655772611e+01
1.391999999999999904e+00,1.693748240662817395e+01
1.393000000000000016e+00,1.697205300214505286e+01
1.393999999999999906e+00,1.692989730963028094e+01
1.395000000000000018e+00,1.698111835176984741e+01
1.395999999999999908e+00,1.688066669837962053e+01
1.397000000000000020e+00,1.690088666637237580e+01
1.397999999999999909e+00,1.690557330974049677e+01
1.399000000000000021e+00,1.690928031485919547e+01
1.399999999999999911e+00,1.687627735566504938e+01
1.401000000000000023e+00,1.695105324940311675e+01
1.401999999999999913e+00,1.689465946775376182e+01
1.403000000000000025e+00,1.695261741761676788e+01
1.403999999999999915e+00,1.689407255801049246e+01
1.405000000000000027e+00,1.693976855598065612e+01
1.405999999999999917e+00,1.698050006799244471e+01
1.407000000000000028e+00,1.692004637210778739e+01
1.407999999999999918e+00,1.689851191060145652e+01
1.409000000000000030e+00,1.692324330592337134e+01
1.409999999999999920e+00,1.701485807007305695e+01
1.411000000000000032e+00,1.689326414947379007e+01
1.411999999999999922e+00,1.697144090764620117e+01
1.413000000000000034e+00,1.695532660581904594e+01
1.413999999999999924e+00,1.695072511701810214e+01
1.415000000000000036e+00,1.695336011504591411e+01
1.415999999999999925e+00,1.691623030646587722e+01
1.417000000000000037e+00,1.692876970847498797e+01
1.417999999999999927e+00,1.701108608668582178e+01
1.419000000000000039e+00,1.691098520758167822e+01
1.419999999999999929e+00,1.694917920910702236e+01
1.421000000000000041e+00,1.693764615701259757e+01
1.421999999999999931e+00,1.695647249179303628e+01
1.423000000000000043e+00,1.698337523222210521e+01
1.423999999999999932e+00,1.691662894329186528e+01
1.425000000000000044e+00,1.692650961466157611e+01
1.425999999999999934e+00,1.686622166420078983e+01
1.427000000000000046e+00,1.690069920239849921e+01
1.427999999999999936e+00,1.688248535318052745e+01
1.429000000000000048e+00,1.683734023639265587e+01
1.429999999999999938e+00,1.682740645080692587e+01
1.431000000000000050e+00,1.689253524067664003e+01
1.431999999999999940e+00,1.685925804124220306e+01
1.433000000000000052e+00,1.692168627180942053e+01
1.433999999999999941e+00,1.691605207809903533e+01
1.435000000000000053e+00,1.688071637438020645e+01
1.435999999999999943e+00,1.688737979060537597e+01
1.437000000000000055e+00,1.682456690690283452e+01
1.437999999999999945e+00,1.690063869469868152e+01
1.439000000000000057e+00,1.688393902995214191e+01
1.439999999999999947e+00,1.687438178098793173e+01
1.441000000000000059e+00,1.689557382018450582e+01
1.441999999999999948e+00,1.689706493724492020e+01
1.443000000000000060e+00,1.691865104953974708e+01
1.443999999999999950e+00,1.686400069054245066e+01
1.445000000000000062e+00,1.694455545793211115e+01
1.445999999999999952e+00,1.689666936879430281e+01
1.447000000000000064e+00,1.688531527996649118e+01
1.447999999999999954e+00,1.685131426026252299e+01
1.449000000000000066e+00,1.691593526855512408e+01
1.449999999999999956e+00,1.688898782144993760e+01
1.451000000000000068e+00,1.694331026942544582e+01
1.451999999999999957e+00,1.695977242114629391e+01
1.453000000000000069e+00,1.690720196163902500e+01
1.453999999999999959e+00,1.698588151976863614e+01
1.455000000000000071e+00,1.695895271130505932e+01
1.455999999999999961e+00,1.690162850852205167e+01
1.457000000000000073e+00,1.695187339370808388e+01
1.457999999999999963e+00,1.694514318907351225e+01
1.459000000000000075e+00,1.691392129625222651e+01
1.459999999999999964e+00,1.695291050355898577e+01
1.461000000000000076e+00,1.698733846909721024e+01
1.461999999999999966e+00,1.695014974241102834e+01
1.463000000000000078e+00,1.700116711522889901e+01
1.463999999999999968e+00,1.694880561317210876e+01
1.465000000000000080e+00,1.700714173255040507e+01
1.465999999999999970e+00,1.696667086300392668e+01
1.467000000000000082e+00,1.697190841973137410e+01
1.467999999999999972e+00,1.693442301501199765e+01
1.469000000000000083e+00,1.688000919215113171e+01
1.469999999999999973e+00,1.689502287139804082e+01
1.471000000000000085e+00,1.690606331157689013e+01
1.471999999999999975e+00,1.689728290355799345e+01
1.473000000000000087e+00,1.691221754050146941e+01
1.473999999999999977e+00,1.687180737095748029e+01
1.475000000000000089e+00,1.694613145854709657e+01
1.475999999999999979e+00,1.697554743028254620e+01
1.477000000000000091e+00,1.690864451548769054e+01
1.477999999999999980e+00,1.692954559347884924e+01
1.479000000000000092e+00,1.698404822109979051e+01
1.479999999999999982e+00,1.695672006490971739e+01
1.481000000000000094e+00,1.694466067640919249e+01
1.481999999999999984e+00,1.694569841481626327e+01
1.483000000000000096e+00,1.688151494489214954e+01
1.483999999999999986e+00,1.688770243357852507e+01
1.485000000000000098e+00,1.698344809222278684e+01
1.485999999999999988e+00,1.699135634888312296e+01
1.487000000000000099e+00,1.690828489124402623e+01
1.487999999999999989e+00,1.693318516073912861e+01
1.489000000000000101e+00,1.701348197175175159e+01
1.489999999999999991e+00,1.700455442316168941e+01
1.491000000000000103e+00,1.700172857145587102e+01
1.491999999999999993e+00,1.697233115968096939e+01
1.493000000000000105e+00,1.699986236352405911e+01
1.493999999999999995e+00,1.692027165470064176e+01
1.495000000000000107e+00,1.695767113112882285e+01
1.495999999999999996e+00,1.700468128310549076e+01
1.497000000000000108e+00,1.696799980401881314e+01
1.497999999999999998e+00,1.695293654333568512e+01
1.499000000000000110e+00,1.695827659250282693e+01
1.500000000000000000e+00,1.697636080303876227e+01
1.500999999999999890e+00,1.699950161777439206e+01
1.502000000000000002e+00,1.701565556445451577e+01
1.502999999999999892e+00,1.698876948463352932e+01
1.504000000000000004e+00,1.692911572786098873e+01
1.504999999999999893e+00,1.695088175117503226e+01
1.506000000000000005e+00,1.691217519053926921e+01
1.506999999999999895e+00,1.693567993261470406e+01
1.508000000000000007e+00,1.694053334438842384e+01
1.508999999999999897e+00,1.698420238274011851e+01
1.510000000000000009e+00,1.694508100469916911e+01
1.510999999999999899e+00,1.696813668520624674e+01
1.512000000000000011e+00,1.695131901437390454e+01
1.512999999999999901e+00,1.693317503242431954e+01
1.514000000000000012e+00,1.701818479452307642e+01
1.514999999999999902e+00,1.699074275482433904e+01
1.516000000000000014e+00,1.701223774875932904e+01
1.516999999999999904e+00,1.691939712494789561e+01
1.518000000000000016e+00,1.692191814193706279e+01
1.518999999999999906e+00,1.695981880277554055e+01
1.520000000000000018e+00,1.692586179552978365e+01
1.520999999999999908e+00,1.692381047038152531e+01
1.522000000000000020e+00,1.697208104704335696e+01
1.522999999999999909e+00,1.688041722122921939e+01
1.524000000000000021e+00,1.698682418619950241e+01
1.524999999999999911e+00,1.698528806352012666e+01
1.526000000000000023e+00,1.695273136889575838e+01
1.526999999999999913e+00,1.689407604371787741e+01
1.528000000000000025e+00,1.691663163216313848e+01
1.528999999999999915e+00,1.692537345849552111e+01
1.530000000000000027e+00,1.688183511995075037e+01
1.530999999999999917e+00,1.692777368192151144e+01
1.532000000000000028e+00,1.690937102681346360e+01
1.532999999999999918e+00,1.695206336254840096e+01
1.534000000000000030e+00,1.695037069574021871e+01
1.534999999999999920e+00,1.697363418619330488e+01
1.536000000000000032e+00,1.695321922502727574e+01
1.536999999999999922e+00,1.687681853576535929e+01
1.538000000000000034e+00,1.688897907682591537e+01
1.538999999999999924e+00,1.692699428330178790e+01
1.540000000000000036e+00,1.694089290398140690e+01
1.540999999999999925e+00,1.688147294051905689e+01
1.542000000000000037e+00,1.691380953960263156e+01
1.542999999999999927e+00,1.692242007259292080e+01
1.544000000000000039e+00,1.692569947329304014e+01
1.544999999999999929e+00,1.698553591248933969e+01
1.546000000000000041e+00,1.693894703211713804e+01
1.546999999999999931e+00,1.692290794638715923e+01
1.548000000000000043e+00,1.691297801292864023e+01
1.548999999999999932e+00,1.693343375210835688e+01
1.550000000000000044e+00,1.690595902951119456e+01
1.550999999999999934e+00,1.689393835635855368e+01
1.552000000000000046e+00,1.690990341256378571e+01
1.552999999999999936e+00,1.693556220005976698e+01
1.554000000000000048e+00,1.693120565793932286e+01
1.554999999999999938e+00,1.693768777467962749e+01
1.556000000000000050e+00,1.699470156071780735e+01
1.556999999999999940e+00,1.694727758496793513e+01
1.558000000000000052e+00,1.695644506969034637e+01
1.558999999999999941e+00,1.692762135862567163e+01
1.560000000000000053e+00,1.688185565097192864e+01
1.560999999999999943e+00,1.691855839267646289e+01
1.562000000000000055e+00,1.687038504943827988e+01
1.562999999999999945e+00,1.694725151301068422e+01
1.564000000000000057e+00,1.694556429126687647e+01
1.564999999999999947e+00,1.694140574649881614e+01
1.566000000000000059e+00,1.691410781382638007e+01
1.566999999999999948e+00,1.693752871163583862e+01
1.568000000000000060e+00,1.693805289600890163e+01
1.568999999999999950e+00,1.697260329029893100e+01
1.570000000000000062e+00,1.694643242054545240e+01
1.570999999999999952e+00,1.682472382071513550e+01
1.572000000000000064e+00,1.688877175622294402e+01
1.572999999999999954e+00,1.693786631057598413e+01
1.574000000000000066e+00,1.695553819864834466e+01
1.574999999999999956e+00,1.695761129122442057e+01
1.576000000000000068e+00,1.689007053442900741e+01
1.576999999999999957e+00,1.691000478348027869e+01
1.578000000000000069e+00,1.689473317788555562e+01
1.578999999999999959e+00,1.698716751344941756e+01
1.580000000000000071e+00,1.696311875884691034e+01
1.580999999999999961e+00,1.693501304919900008e+01
1.582000000000000073e+00,1.694040027200201948e+01
1.582999999999999963e+00,1.703269839227365168e+01
1.584000000000000075e+00,1.697268473762241570e+01
1.584999999999999964e+00,1.697036056817342953e+01
1.586000000000000076e+00,1.696985899364545602e+01
1.586999999999999966e+00,1.698471422334772285e+01
1.588000000000000078e+00,1.695236328355776223e+01
1.588999999999999968e+00,1.689345778310363499e+01
1.590000000000000080e+00,1.688876799372047799e+01
1.590999999999999970e+00,1.692199300572404397e+01
1.592000000000000082e+00,1.696143700104522622e+01
1.592999999999999972e+00,1.687669993272305291e+01
1.594000000000000083e+00,1.690491250929779810e+01
1.594999999999999973e+00,1.697194397805791510e+01
1.596000000000000085e+00,1.687725120913003352e+01
1.596999999999999975e+00,1.689021705750662150e+01
1.598000000000000087e+00,1.694989173767799073e+01
1.598999999999999977e+00,1.689492518675433175e+01
1.600000000000000089e+00,1.681930629457538373e+01
1.600999999999999979e+00,1.687643144015984475e+01
1.602000000000000091e+00,1.690748821602721819e+01
1.602999999999999980e+00,1.694504852333209044e+01
1.604000000000000092e+00,1.694719614301006416e+01
1.604999999999999982e+00,1.697788715053392750e+01
1.606000000000000094e+00,1.695285370948426973e+01
1.606999999999999984e+00,1.693948390199339116e+01
1.608000000000000096e+00,1.692867501521092066e+01
1.608999999999999986e+00,1.694749408429162330e+01
1.610000000000000098e+00,1.693817328660286492e+01
1.610999999999999988e+00,1.689882039179054729e+01
1.612000000000000099e+00,1.692721911144313651e+01
1.612999999999999989e+00,1.698406214490443844e+01
1.614000000000000101e+00,1.692319823999588380e+01
1.614999999999999991e+00,1.700328831141104402e+01
1.616000000000000103e+00,1.685316419603858762e+01
1.616999999999999993e+00,1.686555963642954481e+01
1.618000000000000105e+00,1.683841894320580224e+01
1.618999999999999995e+00,1.687398880360037623e+01
1.620000000000000107e+00,1.687445180102044162e+01
1.620999999999999996e+00,1.694776602090138695e+01
1.622000000000000108e+00,1.691595245414325177e+01
1.622999999999999998e+00,1.694647692578526232e+01
1.624000000000000110e+00,1.688048614247397694e+01
1.625000000000000000e+00,1.694673502554134359e+01
1.625999999999999890e+00,1.692617117220936507e+01
1.627000000000000002e+00,1.703891148162643887e+01
1.627999999999999892e+00,1.701955775374142377e+01
1.629000000000000004e+00,1.696673108711330613e+01
1.629999999999999893e+00,1.688247401617977062e+01
1.631000000000000005e+00,1.693218327360128228e+01
1.631999999999999895e+00,1.688917434984569255e+01
1.633000000000000007e+00,1.689296139730084789e+01
1.633999999999999897e+00,1.695987351067650906e+01
1.635000000000000009e+00,1.689468876042601764e+01
1.635999999999999899e+00,1.691319156894014597e+01
1.637000000000000011e+00,1.691297049601292812e+01
1.637999999999999901e+00,1.685071185957599837e+01
1.639000000000000012e+00,1.694760025522656832e+01
1.639999999999999902e+00,1.688395301835790718e+01
1.641000000000000014e+00,1.687297563497257968e+01
1.641999999999999904e+00,1.688079645067963241e+01
1.643000000000000016e+00,1.692665553744564022e+01
1.643999999999999906e+00,1.683485353120542527e+01
1.645000000000000018e+00,1.690006127411563597e+01
1.645999999999999908e+00,1.690274930227191064e+01
1.647000000000000020e+00,1.691598572572740977e+01
1.647999999999999909e+00,1.689637320135298282e+01
1.649000000000000021e+00,1.692557049394945423e+01
1.649999999999999911e+00,1.688273300563643176e+01
1.651000000000000023e+00,1.688746658300790671e+01
1.651999999999999913e+00,1.687723027185683478e+01
1.653000000000000025e+00,1.686109409552149430e+01
1.653999999999999915e+00,1.690585357453051785e+01
1.655000000000000027e+00,1.687440356241058126e+01
1.655999999999999917e+00,1.687453609685134737e+01
1.657000000000000028e+00,1.693210581954510729e+01
1.657999999999999918e+00,1.694012539841674680e+01
1.659000000000000030e+00,1.689733548700011667e+01
1.659999999999999920e+00,1.695375050944761952e+01
1.661000000000000032e+00,1.693917964396717579e+01
1.661999999999999922e+00,1.691505384152292990e+01
1.663000000000000034e+00,1.686719097927143096e+01
1.663999999999999924e+00,1.693412863931404999e+01
1.665000000000000036e+00,1.690954999661157743e+01
1.665999999999999925e+00,1.696887887175469345e+01
1.667000000000000037e+00,1.689230019538807781e+01
1.667999999999999927e+00,1.685054710594674177e+01
1.669000000000000039e+00,1.687164716921506269e+01
1.669999999999999929e+00,1.689209291640508681e+01
1.671000000000000041e+00,1.687514867941636254e+01
1.671999999999999931e+00,1.691295016858618894e+01
1.673000000000000043e+00,1.693762983910727016e+01
1.673999999999999932e+00,1.684881563499271806e+01
1.675000000000000044e+00,1.693993361771646988e+01
1.675999999999999934e+00,1.684281614956556794e+01
1.677000000000000046e+00,1.687448876827296829e+01
1.677999999999999936e+00,1.690373802670131553e+01
1.679000000000000048e+00,1.680900445833386669e+01
1.679999999999999938e+00,1.685397311820664257e+01
1.681000000000000050e+00,1.689001484776615669e+01
1.681999999999999940e+00,1.689213339449014484e+01
1.683000000000000052e+00,1.690237631120477957e+01
1.683999999999999941e+00,1.689952733969629151e+01
1.685000000000000053e+00,1.696994791190317287e+01
1.685999999999999943e+00,1.685369441666005486e+01
1.687000000000000055e+00,1.692396787871332720e+01
1.687999999999999945e+00,1.689663117317877905e+01
1.689000000000000057e+00,1.692971616465890605e+01
1.689999999999999947e+00,1.687422932848735968e+01
1.691000000000000059e+00,1.695195136526410806e+01
1.691999999999999948e+00,1.688887083527689015e+01
1.693000000000000060e+00,1.688051466117432042e+01
1.693999999999999950e+00,1.689865834849080173e+01
1.695000000000000062e+00,1.699148707805918335e+01
1.695999999999999952e+00,1.696426080785944634e+01
1.697000000000000064e+00,1.692657840354401699e+01
1.697999999999999954e+00,1.694740278648253451e+01
1.699000000000000066e+00,1.693085421186192718e+01
1.699999999999999956e+00,1.694363140384378497e+01
1.701000000000000068e+00,1.700137644909717949e+01
1.701999999999999957e+00,1.693773590323621647e+01
1.703000000000000069e+00,1.693627140396487363e+01
1.703999999999999959e+00,1.694352348578040335e+01
1.705000000000000071e+00,1.698014370344215607e+01
1.705999999999999961e+00,1.694291708845777933e+01
1.707000000000000073e+00,1.701025044559627730e+01
1.707999999999999963e+00,1.689532930591935411e+01
1.709000000000000075e+00,1.694574795447031335e+01
1.709999999999999964e+00,1.689297629385692545e+01
1.711000000000000076e+00,1.692908683769232425e+01
1.711999999999999966e+00,1.691446951413378130e+01
1.713000000000000078e+00,1.692119397749799603e+01
1.713999999999999968e+00,1.692546004247972391e+01
1.715000000000000080e+00,1.689880423300898826e+01
1.715999999999999970e+00,1.692783950345974375e+01
1.717000000000000082e+00,1.694222707231589098e+01
1.717999999999999972e+00,1.692043742813310558e+01
1.719000000000000083e+00,1.693279700435873281e+01
1.719999999999999973e+00,1.696515537305954169e+01
1.721000000000000085e+00,1.696878491267473166e+01
1.721999999999999975e+00,1.692244782129937875e+01
1.723000000000000087e+00,1.702605575286435169e+01
1.723999999999999977e+00,1.694939510377123071e+01
1.725000000000000089e+00,1.692894446931620323e+01
1.725999999999999979e+00,1.692057601931680466e+01
1.727000000000000091e+00,1.697189887513118478e+01
1.727999999999999980e+00,1.700910688002634785e+01
1.729000000000000092e+00,1.705236979274994269e+01
1.729999999999999982e+00,1.701996140464322593e+01
1.731000000000000094e+00,1.704441389048412603e+01
1.731999999999999984e+00,1.697781921793447069e+01
1.733000000000000096e+00,1.697855691285334601e+01
1.733999999999999986e+00,1.695892377280512520e+01
1.735000000000000098e+00,1.703122679283592333e+01
1.735999999999999988e+00,1.698935800190956513e+01
1.737000000000000099e+00,1.702269972406142173e+01
1.737999999999999989e+00,1.706593087705073941e+01
1.739000000000000101e+00,1.699931007531588634e+01
1.739999999999999991e+00,1.701993683791602407e+01
1.741000000000000103e+00,1.704488572639358068e+01
1.741999999999999993e+00,1.705060317954092142e+01
1.743000000000000105e+00,1.705458385628720208e+01
1.743999999999999995e+00,1.701973537692929384e+01
1.745000000000000107e+00,1.698933264949073063e+01
1.745999999999999996e+00,1.701060160064398019e+01
1.747000000000000108e+00,1.702631534332601859e+01
1.747999999999999998e+00,1.703387734737502512e+01
1.749000000000000110e+00,1.703664770354902913e+01
1.750000000000000000e+00,1.710293797218428580e+01
1.750999999999999890e+00,1.711651681626785759e+01
1.752000000000000002e+00,1.706816816232498013e+01
1.752999999999999892e+00,1.707617402044830612e+01
1.754000000000000004e+00,1.701070294992527820e+01
1.754999999999999893e+00,1.703407222362140061e+01
1.756000000000000005e+00,1.705680871487781403e+01
1.756999999999999895e+00,1.701319801561638556e+01
1.758000000000000007e+00,1.701026346149562940e+01
1.758999999999999897e+00,1.703262620643054959e+01
1.760000000000000009e+00,1.703469476580505315e+01
1.760999999999999899e+00,1.706250685946828582e+01
1.762000000000000011e+00,1.705119513972669409e+01
1.762999999999999901e+00,1.708260411723511041e+01
1.764000000000000012e+00,1.714506267426182973e+01
1.764999999999999902e+00,1.707925484101701130e+01
1.766000000000000014e+00,1.708367202309511867e+01
1.766999999999999904e+00,1.703954713524725761e+01
1.768000000000000016e+00,1.706875177510632824e+01
1.768999999999999906e+00,1.703144851684067262e+01
1.770000000000000018e+00,1.702349079409460586e+01
1.770999999999999908e+00,1.703438844241711081e+01
1.772000000000000020e+00,1.704997295128998402e+01
1.772999999999999909e+00,1.700250821504276999e+01
1.774000000000000021e+00,1.702447887190105291e+01
1.774999999999999911e+00,1.698213136211616714e+01
1.776000000000000023e+00,1.697281794807993549e+01
1.776999999999999913e+00,1.702608270616523356e+01
1.778000000000000025e+00,1.701322345299824690e+01
1.778999999999999915e+00,1.698408322812465343e+01
1.780000000000000027e+00,1.693572586939502145e+01
1.780999999999999917e+00,1.695403811140491257e+01
1.782000000000000028e+00,1.701231875358100609e+01
1.782999999999999918e+00,1.701451242760244398e+01
1.784000000000000030e+00,1.690450121591685928e+01
1.784999999999999920e+00,1.697115737286837600e+01
1.786000000000000032e+00,1.698757511878873316e+01
1.786999999999999922e+00,1.698209700858186721e+01
1.788000000000000034e+00,1.695034283257975716e+01
1.788999999999999924e+00,1.699436219524291403e+01
1.790000000000000036e+00,1.702822871625274104e+01
1.790999999999999925e+00,1.690506877380898487e+01
1.792000000000000037e+00,1.692015555938399274e+01
1.792999999999999927e+00,1.701174799081097433e+01
1.794000000000000039e+00,1.688089034446415582e+01
1.794999999999999929e+00,1.690525782298291446e+01
1.796000000000000041e+00,1.686663349942424972e+01
1.796999999999999931e+00,1.689892213584553460e+01
1.798000000000000043e+00,1.688214198712048031e+01
1.798999999999999932e+00,1.687927991895981350e+01
1.800000000000000044e+00,1.688742723270765111e+01
1.800999999999999934e+00,1.687390245823966950e+01
1.802000000000000046e+00,1.694397145615858946e+01
1.802999999999999936e+00,1.687420215496151599e+01
1.804000000000000048e+00,1.695871413394566218e+01
1.804999999999999938e+00,1.691315160765269709e+01
1.806000000000000050e+00,1.694902887614535913e+01
1.806999999999999940e+00,1.693786442903413203e+01
1.808000000000000052e+00,1.697335302570127169e+01
1.808999999999999941e+00,1.699234134993076495e+01
1.810000000000000053e+00,1.698463998650997198e+01
1.810999999999999943e+00,1.693702376720266400e+01
1.812000000000000055e+00,1.692935442608047225e+01
1.812999999999999945e+00,1.701675109181982748e+01
1.814000000000000057e+00,1.693580072074006537e+01
1.814999999999999947e+00,1.695748321116457547e+01
1.816000000000000059e+00,1.695312689711262166e+01
1.816999999999999948e+00,1.699244857925529928e+01
1.818000000000000060e+00,1.702572516957126325e+01
1.818999999999999950e+00,1.699435171656809374e+01
1.820000000000000062e+00,1.693946801245033740e+01
1.820999999999999952e+00,1.704051182180261037e+01
1.822000000000000064e+00,1.697854171118538602e+01
1.822999999999999954e+00,1.701587040166260678e+01
1.824000000000000066e+00,1.700464573136485313e+01
1.824999999999999956e+00,1.701175630465175814e+01
1.826000000000000068e+00,1.699965501125316081e+01
1.826999999999999957e+00,1.704565460824344214e+01
1.828000000000000069e+00,1.698356883425734765e+01
1.828999999999999959e+00,1.706394947141701834e+01
1.830000000000000071e+00,1.711591444750909119e+01
1.830999999999999961e+00,1.698685336997342787e+01
1.832000000000000073e+00,1.703132625450715310e+01
1.832999999999999963e+00,1.704839576171647764e+01
1.834000000000000075e+00,1.698055454336290993e+01
1.834999999999999964e+00,1.703552030965110831e+01
1.836000000000000076e+00,1.702526878235919838e+01
1.836999999999999966e+00,1.708462467529537676e+01
1.838000000000000078e+00,1.707028327076698915e+01
1.838999999999999968e+00,1.700368897929350709e+01
1.840000000000000080e+00,1.702225520821258797e+01
1.840999999999999970e+00,1.701134307706009707e+01
1.842000000000000082e+00,1.707019087585215189e+01
1.842999999999999972e+00,1.701038530441412888e+01
1.844000000000000083e+00,1.704491953404024329e+01
1.844999999999999973e+00,1.708960582028408126e+01
1.846000000000000085e+00,1.706052273656474227e+01
1.846999999999999975e+00,1.701147361966716787e+01
1.848000000000000087e+00,1.698409988069682797e+01
1.848999999999999977e+00,1.707418618547515621e+01
1.850000000000000089e+00,1.700446950410982794e+01
1.850999999999999979e+00,1.704650989656702009e+01
1.852000000000000091e+00,1.708290881377599746e+01
1.852999999999999980e+00,1.699043727261120651e+01
1.854000000000000092e+00,1.709431754233620637e+01
1.854999999999999982e+00,1.715346531146309417e+01
1.856000000000000094e+00,1.709493917175774413e+01
1.856999999999999984e+00,1.714956083814674059e+01
1.858000000000000096e+00,1.716600054973089229e+01
1.858999999999999986e+00,1.711750929059495974e+01
1.860000000000000098e+00,1.716903949461661938e+01
1.860999999999999988e+00,1.712443819290986369e+01
1.862000000000000099e+00,1.716338418413955225e+01
1.862999999999999989e+00,1.710677443930710240e+01
1.864000000000000101e+00,1.713826019046549476e+01
1.864999999999999991e+00,1.712167372841809865e+01
1.866000000000000103e+00,1.705315042971094641e+01
1.866999999999999993e+00,1.705433982140034743e+01
1.868000000000000105e+00,1.705833491870642149e+01
1.868999999999999995e+00,1.700705158701865827e+01
1.870000000000000107e+00,1.703074767199010253e+01
1.870999999999999996e+00,1.711666958715563780e+01
1.872000000000000108e+00,1.708905358618815740e+01
1.872999999999999998e+00,1.703192498615648987e+01
1.874000000000000110e+00,1.701004656370895063e+01
1.875000000000000000e+00,1.707717074446117067e+01
1.875999999999999890e+00,1.709578794354626652e+01
1.877000000000000002e+00,1.709807849702317739e+01
1.877999999999999892e+00,1.707552041336806781e+01
1.879000000000000004e+00,1.708784956991298642e+01
1.879999999999999893e+00,1.701305165949804632e+01
1.881000000000000005e+00,1.712603497964608223e+01
1.881999999999999895e+00,1.709414443645811588e+01
1.883000000000000007e+00,1.710004303586013208e+01
1.883999999999999897e+00,1.706598434269496778e+01
1.885000000000000009e+00,1.704136792669545031e+01
1.885999999999999899e+00,1.708292068600296787e+01
1.887000000000000011e+00,1.696789999207891952e+01
1.887999999999999901e+00,1.700695424637844866e+01
1.889000000000000012e+00,1.698585541242469787e+01
1.889999999999999902e+00,1.701848528885935252e+01
1.891000000000000014e+00,1.701061710503450897e+01
1.891999999999999904e+00,1.709949911500794784e+01
1.893000000000000016e+00,1.708146211488220700e+01
1.893999999999999906e+00,1.698907298703332813e+01
1.895000000000000018e+00,1.703261806801921807e+01
1.895999999999999908e+00,1.700874359577917261e+01
1.897000000000000020e+00,1.704696484949139190e+01
1.897999999999999909e+00,1.705374347119058598e+01
1.899000000000000021e+00,1.708288840423848853e+01
1.899999999999999911e+00,1.703617255133161379e+01
1.901000000000000023e+00,1.707609479700619914e+01
1.901999999999999913e+00,1.705234289576466367e+01
1.903000000000000025e+00,1.699837014079531627e+01
1.903999999999999915e+00,1.705016620476611422e+01
1.905000000000000027e+00,1.704990549170222280e+01
1.905999999999999917e+00,1.699642842899712036e+01
1.907000000000000028e+00,1.696688063410215719e+01
1.907999999999999918e+00,1.710758827188230669e+01
1.909000000000000030e+00,1.705391637298324170e+01
1.909999999999999920e+00,1.714792208650154492e+01
1.911000000000000032e+00,1.707865646209697985e+01
1.911999999999999922e+00,1.707918206798325045e+01
1.913000000000000034e+00,1.711577144199678457e+01
1.913999999999999924e+00,1.706623121133382526e+01
1.915000000000000036e+00,1.709358845304784325e+01
1.915999999999999925e+00,1.705583882007857355e+01
1.917000000000000037e+00,1.711030931207371708e+01
1.917999999999999927e+00,1.708057568344807464e+01
1.919000000000000039e+00,1.711110913940366984e+01
1.919999999999999929e+00,1.705178751345998123e+01
1.921000000000000041e+00,1.704071827371606318e+01
1.921999999999999931e+00,1.697993809310687396e+01
1.923000000000000043e+00,1.697326048260833531e+01
1.923999999999999932e+00,1.700516798628764548e+01
1.925000000000000044e+00,1.700300835538905631e+01
1.925999999999999934e+00,1.707705176127974767e+01
1.927000000000000046e+00,1.699754471234726694e+01
1.927999999999999936e+00,1.704709231161464089e+01
1.929000000000000048e+00,1.700573036362634483e+01
1.929999999999999938e+00,1.702966434361268000e+01
1.931000000000000050e+00,1.695245922488760826e+01
1.931999999999999940e+00,1.700643099538330461e+01
1.933000000000000052e+00,1.701876057480437154e+01
1.933999999999999941e+00,1.707794713319736601e+01
1.935000000000000053e+00,1.705643247236884363e+01
1.935999999999999943e+00,1.698302531117117908e+01
1.937000000000000055e+00,1.698927794112619694e+01
1.937999999999999945e+00,1.700150341397496589e+01
1.939000000000000057e+00,1.699428724331553298e+01
1.939999999999999947e+00,1.698548681138779415e+01
1.941000000000000059e+00,1.707251365530098397e+01
1.941999999999999948e+00,1.701062449328177806e+01
1.943000000000000060e+00,1.704017040355716262e+01
1.943999999999999950e+00,1.697929106931530185e+01
1.945000000000000062e+00,1.699648458388013239e+01
1.945999999999999952e+00,1.711104976805554045e+01
1.947000000000000064e+00,1.698319922461033826e+01
1.947999999999999954e+00,1.702349268770309365e+01
1.949000000000000066e+00,1.706650220478089963e+01
1.949999999999999956e+00,1.698359945956652695e+01
1.951000000000000068e+00,1.699214686566374155e+01
1.951999999999999957e+00,1.689529582683114128e+01
1.953000000000000069e+00,1.697538194369086639e+01
1.953999999999999959e+00,1.692350867499277101e+01
1.955000000000000071e+00,1.698014392894905455e+01
1.955999999999999961e+00,1.686510118769106370e+01
1.957000000000000073e+00,1.695191474403303289e+01
1.957999999999999963e+00,1.693733144598203921e+01
1.959000000000000075e+00,1.699214761195597845e+01
1.959999999999999964e+00,1.701067721422082357e+01
1.961000000000000076e+00,1.700501407988809177e+01
1.961999999999999966e+00,1.700129202354581892e+01
1.963000000000000078e+00,1.696789334247365133e+01
1.963999999999999968e+00,1.697542781675367962e+01
1.965000000000000080e+00,1.693750843359794089e+01
1.965999999999999970e+00,1.702181853184565696e+01
1.967000000000000082e+00,1.700066184760851229e+01
1.967999999999999972e+00,1.706883069939382125e+01
1.969000000000000083e+00,1.706116180492405476e+01
1.969999999999999973e+00,1.706224503770299705e+01
1.971000000000000085e+00,1.704402332555349631e+01
1.971999999999999975e+00,1.701029751661485889e+01
1.973000000000000087e+00,1.698842686091061438e+01
1.973999999999999977e+00,1.701925089453529694e+01
1.975000000000000089e+00,1.699644130894015248e+01
1.975999999999999979e+00,1.705928263386856258e+01
1.977000000000000091e+00,1.702112010863550040e+01
1.977999999999999980e+00,1.701048841240566745e+01
1.979000000000000092e+00,1.701717193505191972e+01
1.979999999999999982e+00,1.698924967562240695e+01
1.981000000000000094e+00,1.696291260427870640e+01
1.981999999999999984e+00,1.698082754792387306e+01
1.983000000000000096e+00,1.698322364279021457e+01
1.983999999999999986e+00,1.699406941540553007e+01
1.985000000000000098e+00,1.703580549326194671e+01
1.985999999999999988e+00,1.701707560851237133e+01
1.987000000000000099e+00,1.703294294842496015e+01
1.987999999999999989e+00,1.696103057798816849e+01
1.989000000000000101e+00,1.700928609322981799e+01
1.989999999999999991e+00,1.705615590287168359e+01
1.991000000000000103e+00,1.700637644923350322e+01
1.991999999999999993e+00,1.702439296915884270e+01
1.993000000000000105e+00,1.707916576891883409e+01
1.993999999999999995e+00,1.698068776962194448e+01
1.995000000000000107e+00,1.691468022561132400e+01
1.995999999999999996e+00,1.691336696920197014e+01
1.997000000000000108e+00,1.704600969196719973e+01
1.997999999999999998e+00,1.702371758269204705e+01
1.999000000000000110e+00,1.706120043393492480e+01
2.000000000000000000e+00,1.704047038247211887e+01
2.000999999999999890e+00,1.695801074260105423e+01
2.001999999999999780e+00,1.698991795944134253e+01
2.003000000000000114e+00,1.699638254877631027e+01
2.004000000000000004e+00,1.703296532075140846e+01
2.004999999999999893e+00,1.706499360552986033e+01
2.005999999999999783e+00,1.702481541230998729e+01
2.007000000000000117e+00,1.695524594565664600e+01
2.008000000000000007e+00,1.696648296886034402e+01
2.008999999999999897e+00,1.703137501031123335e+01
2.009999999999999787e+00,1.698130235835304447e+01
2.011000000000000121e+00,1.701340227581099640e+01
2.012000000000000011e+00,1.703272911071803364e+01
2.012999999999999901e+00,1.704475182835788161e+01
2.013999999999999790e+00,1.698767225253553903e+01
2.015000000000000124e+00,1.699072690944563391e+01
2.016000000000000014e+00,1.708365452071252832e+01
2.016999999999999904e+00,1.702163663397389470e+01
2.017999999999999794e+00,1.701127597893345111e+01
2.019000000000000128e+00,1.704392410056809126e+01
2.020000000000000018e+00,1.694965299705573614e+01
2.020999999999999908e+00,1.697864033336879785e+01
2.021999999999999797e+00,1.703286707513904474e+01
2.023000000000000131e+00,1.697983312837580527e+01
2.024000000000000021e+00,1.697845429086228108e+01
2.024999999999999911e+00,1.703119482479682745e+01
2.025999999999999801e+00,1.702197459901941912e+01
2.027000000000000135e+00,1.697298175928879260e+01
2.028000000000000025e+00,1.697218166312765320e+01
2.028999999999999915e+00,1.695874499942867430e+01
2.029999999999999805e+00,1.706933106382005860e+01
2.031000000000000139e+00,1.704301512811426988e+01
2.032000000000000028e+00,1.705710169243993590e+01
2.032999999999999918e+00,1.701982468789736203e+01
2.033999999999999808e+00,1.704317564993760215e+01
2.035000000000000142e+00,1.696759322532090764e+01
2.036000000000000032e+00,1.699668584657180759e+01
2.036999999999999922e+00,1.699313983754550250e+01
2.037999999999999812e+00,1.694060161760671690e+01
2.039000000000000146e+00,1.701182441402724166e+01
2.040000000000000036e+00,1.693311617122183321e+01
2.040999999999999925e+00,1.702140970291381805e+01
2.041999999999999815e+00,1.698100563329213486e+01
2.043000000000000149e+00,1.696608838589512303e+01
2.044000000000000039e+00,1.699122972585355740e+01
2.044999999999999929e+00,1.698346678163443002e+01
2.045999999999999819e+00,1.695646963722439082e+01
2.047000000000000153e+00,1.688555626736874515e+01
2.048000000000000043e+00,1.698273335887483171e+01
2.048999999999999932e+00,1.701286209924605686e+01
2.049999999999999822e+00,1.700054705099357477e+01
2.051000000000000156e+00,1.696271743828750900e+01
2.052000000000000046e+00,1.692039015878666675e+01
2.052999999999999936e+00,1.694400263684083896e+01
2.053999999999999826e+00,1.694585478212611562e+01
2.055000000000000160e+00,1.696333602106664529e+01
2.056000000000000050e+00,1.700259050734921473e+01
2.056999999999999940e+00,1.697981632323075019e+01
2.057999999999999829e+00,1.698760371897246202e+01
2.059000000000000163e+00,1.700283296777445585e+01
2.060000000000000053e+00,1.697062288362673144e+01
2.060999999999999943e+00,1.696368524703616387e+01
2.061999999999999833e+00,1.701358427875445756e+01
2.063000000000000167e+00,1.703714116007757795e+01
2.064000000000000057e+00,1.702520591511276749e+01
2.064999999999999947e+00,1.699751296697658631e+01
2.065999999999999837e+00,1.699812364597523029e+01
2.067000000000000171e+00,1.697869602091277486e+01
2.068000000000000060e+00,1.704566750492873695e+01
2.068999999999999950e+00,1.702189640515112501e+01
2.069999999999999840e+00,1.707289033354440733e+01
2.071000000000000174e+00,1.701177510729685238e+01
2.072000000000000064e+00,1.701538271637103605e+01
2.072999999999999954e+00,1.702164655158861706e+01
2.073999999999999844e+00,1.703043067476456685e+01
2.075000000000000178e+00,1.702597881408386371e+01
2.076000000000000068e+00,1.702624626048385892e+01
2.076999999999999957e+00,1.712158010374795580e+01
2.077999999999999847e+00,1.701388478738553900e+01
2.079000000000000181e+00,1.706012475201215395e+01
2.080000000000000071e+00,1.705976817642696020e+01
2.080999999999999961e+00,1.700723853120660323e+01
2.081999999999999851e+00,1.701963611002632248e+01
2.083000000000000185e+00,1.696423868680304281e+01
2.084000000000000075e+00,1.697751722223046045e+01
2.084999999999999964e+00,1.697926099789554044e+01
2.085999999999999854e+00,1.696898060218920889e+01
2.087000000000000188e+00,1.700629176623280259e+01
2.088000000000000078e+00,1.698245936633651709e+01
2.088999999999999968e+00,1.700136901826299507e+01
2.089999999999999858e+00,1.705257313125813567e+01
2.091000000000000192e+00,1.700871709201242155e+01
2.092000000000000082e+00,1.705736791120107654e+01
2.092999999999999972e+00,1.699945435792438175e+01
2.093999999999999861e+00,1.708374667388271462e+01
2.095000000000000195e+00,1.703137310210711064e+01
2.096000000000000085e+00,1.703025653597244826e+01
2.096999999999999975e+00,1.697483159027734700e+01
2.097999999999999865e+00,1.698138813157363103e+01
2.099000000000000199e+00,1.699945667563883589e+01
2.100000000000000089e+00,1.698379089283257670e+01
2.100999999999999979e+00,1.699320265733449276e+01
2.101999999999999869e+00,1.697193386707715490e+01
2.103000000000000203e+00,1.695814493091323882e+01
2.104000000000000092e+00,1.701811793312943166e+01
2.104999999999999982e+00,1.696721410305040934e+01
2.105999999999999872e+00,1.694309338942986543e+01
2.107000000000000206e+00,1.701094547969199766e+01
2.108000000000000096e+00,1.704595688399259501e+01
2.108999999999999986e+00,1.704698596314279868e+01
2.109999999999999876e+00,1.694695411250221539e+01
2.111000000000000210e+00,1.700017884782684874e+01
2.112000000000000099e+00,1.707283377543233982e+01
2.112999999999999989e+00,1.701258061591038739e+01
2.113999999999999879e+00,1.701043655525212728e+01
2.115000000000000213e+00,1.694676806445444939e+01
2.116000000000000103e+00,1.695279350510262262e+01
2.116999999999999993e+00,1.701658532201751584e+01
2.117999999999999883e+00,1.697127062545468945e+01
2.119000000000000217e+00,1.707658497846333745e+01
2.120000000000000107e+00,1.707618150455791550e+01
2.120999999999999996e+00,1.699265350777262285e+01
2.121999999999999886e+00,1.699503527307754069e+01
2.123000000000000220e+00,1.706139844675679029e+01
2.124000000000000110e+00,1.701743719365308039e+01
2.125000000000000000e+00,1.699877646170394030e+01
2.125999999999999890e+00,1.699785024366751074e+01
2.126999999999999780e+00,1.703503214704290869e+01
2.128000000000000114e+00,1.699967663748835278e+01
2.129000000000000004e+00,1.701111377048131601e+01
2.129999999999999893e+00,1.698775667708992998e+01
2.130999999999999783e+00,1.707809552744071979e+01
2.132000000000000117e+00,1.699417985889533611e+01
2.133000000000000007e+00,1.700545853460511125e+01
2.133999999999999897e+00,1.707289962306608189e+01
2.134999999999999787e+00,1.710410397041045627e+01
2.136000000000000121e+00,1.702572806607503253e+01
2.137000000000000011e+00,1.690514215579836943e+01
2.137999999999999901e+00,1.706474448724855364e+01
2.138999999999999790e+00,1.693739099418543148e+01
2.140000000000000124e+00,1.698518274102106673e+01
2.141000000000000014e+00,1.703829284648556452e+01
2.141999999999999904e+00,1.699370753332694761e+01
2.142999999999999794e+00,1.701936962302854184e+01
2.144000000000000128e+00,1.702427411589006212e+01
2.145000000000000018e+00,1.700901485967496995e+01
2.145999999999999908e+00,1.696721493585648588e+01
2.146999999999999797e+00,1.695463058479438700e+01
2.148000000000000131e+00,1.700372891801497133e+01
2.149000000000000021e+00,1.698628923082488740e+01
2.149999999999999911e+00,1.698447039767121325e+01
2.150999999999999801e+00,1.702643684849464378e+01
2.152000000000000135e+00,1.695536987354710234e+01
2.153000000000000025e+00,1.706298327215397137e+01
2.153999999999999915e+00,1.695606287790705125e+01
2.154999999999999805e+00,1.706214807931456434e+01
2.156000000000000139e+00,1.687482321385641981e+01
2.157000000000000028e+00,1.696420690247201435e+01
2.157999999999999918e+00,1.692761902909901295e+01
2.158999999999999808e+00,1.697128474394534337e+01
2.160000000000000142e+00,1.697065135874081321e+01
2.161000000000000032e+00,1.689967616193489519e+01
2.161999999999999922e+00,1.697918700036293771e+01
2.162999999999999812e+00,1.692474705648420752e+01
2.164000000000000146e+00,1.689464504300633862e+01
2.165000000000000036e+00,1.694959856634743289e+01
2.165999999999999925e+00,1.692112759245427611e+01
2.166999999999999815e+00,1.693233823401460825e+01
2.168000000000000149e+00,1.693788910765538702e+01
2.169000000000000039e+00,1.692275976861998998e+01
2.169999999999999929e+00,1.685685245496403084e+01
2.170999999999999819e+00,1.693439822930623251e+01
2.172000000000000153e+00,1.698682235809418373e+01
2.173000000000000043e+00,1.692537483754050953e+01
2.173999999999999932e+00,1.689865664242233834e+01
2.174999999999999822e+00,1.690720619210051368e+01
2.176000000000000156e+00,1.687468163733881710e+01
2.177000000000000046e+00,1.694270112600979772e+01
2.177999999999999936e+00,1.691209999513621298e+01
2.178999999999999826e+00,1.692472800954690015e+01
2.180000000000000160e+00,1.690101488130502716e+01
2.181000000000000050e+00,1.688685878921867101e+01
2.181999999999999940e+00,1.694150995647965985e+01
2.182999999999999829e+00,1.686990210885845087e+01
2.184000000000000163e+00,1.694147742249966981e+01
2.185000000000000053e+00,1.692425641413058912e+01
2.185999999999999943e+00,1.697335631526843258e+01
2.186999999999999833e+00,1.697567121779722044e+01
2.188000000000000167e+00,1.695971996491286049e+01
2.189000000000000057e+00,1.695228779919719386e+01
2.189999999999999947e+00,1.693690668935475685e+01
2.190999999999999837e+00,1.695927679172849878e+01
2.192000000000000171e+00,1.693747899798445289e+01
2.193000000000000060e+00,1.696067395211688122e+01
2.193999999999999950e+00,1.684708785727417890e+01
2.194999999999999840e+00,1.692579895078899810e+01
2.196000000000000174e+00,1.695171770467369754e+01
2.197000000000000064e+00,1.693463861265547621e+01
2.197999999999999954e+00,1.697090697652710745e+01
2.198999999999999844e+00,1.695375974271581754e+01
2.200000000000000178e+00,1.685555704526351661e+01
2.201000000000000068e+00,1.692844313869719386e+01
2.201999999999999957e+00,1.689381362510516027e+01
2.202999999999999847e+00,1.695988155161307986e+01
2.204000000000000181e+00,1.694852809463146315e+01
2.205000000000000071e+00,1.697213229432133375e+01
2.205999999999999961e+00,1.699373265360469176e+01
2.206999999999999851e+00,1.696255183538823630e+01
2.208000000000000185e+00,1.689736160156978784e+01
2.209000000000000075e+00,1.696009399934092698e+01
2.209999999999999964e+00,1.694844824221499735e+01
2.210999999999999854e+00,1.695883423790138522e+01
2.212000000000000188e+00,1.693491420785136370e+01
2.213000000000000078e+00,1.691974142235268275e+01
2.213999999999999968e+00,1.691574198907196802e+01
2.214999999999999858e+00,1.689569189638328695e+01
2.216000000000000192e+00,1.688018213567892900e+01
2.217000000000000082e+00,1.688019208420792694e+01
2.217999999999999972e+00,1.694706036277443673e+01
2.218999999999999861e+00,1.687483307066130322e+01
2.220000000000000195e+00,1.684870468948851041e+01
2.221000000000000085e+00,1.688400783399040250e+01
2.221999999999999975e+00,1.689966895576869277e+01
2.222999999999999865e+00,1.688132955513898992e+01
2.224000000000000199e+00,1.690122995415936558e+01
2.225000000000000089e+00,1.685748580832379062e+01
2.225999999999999979e+00,1.695991263200798826e+01
2.226999999999999869e+00,1.685896832002141110e+01
2.228000000000000203e+00,1.690482247418271555e+01
2.229000000000000092e+00,1.691904308505925059e+01
2.229999999999999982e+00,1.698566384855597633e+01
2.230999999999999872e+00,1.700098935600032846e+01
2.232000000000000206e+00,1.690224149236792783e+01
2.233000000000000096e+00,1.693719683702005341e+01
2.233999999999999986e+00,1.704694763098024524e+01
2.234999999999999876e+00,1.697572523228479469e+01
2.236000000000000210e+00,1.687549249650182404e+01
2.237000000000000099e+00,1.697456628625344521e+01
2.237999999999999989e+00,1.695399080148582627e+01
2.238999999999999879e+00,1.697366103208292643e+01
2.240000000000000213e+00,1.699885811127322910e+01
2.241000000000000103e+00,1.698102782092189855e+01
2.241999999999999993e+00,1.696545789789355752e+01
2.242999999999999883e+00,1.692803038136425187e+01
2.244000000000000217e+00,1.692195215027743416e+01
2.245000000000000107e+00,1.696343522150001704e+01
2.245999999999999996e+00,1.693951893015585597e+01
2.246999999999999886e+00,1.698457741122903641e+01
2.248000000000000220e+00,1.697806534002773660e+01
2.249000000000000110e+00,1.707865237596553243e+01
2.250000000000000000e+00,1.705717040175231247e+01
2.250999999999999890e+00,1.706614247229981984e+01
2.251999999999999780e+00,1.696801267631907706e+01
2.253000000000000114e+00,1.700491914186551057e+01
2.254000000000000004e+00,1.699896635123723954e+01
2.254999999999999893e+00,1.702792500337706372e+01
2.255999999999999783e+00,1.707413448780904019e+01
2.257000000000000117e+00,1.695692098433954698e+01
2.258000000000000007e+00,1.702024339920545160e+01
2.258999999999999897e+00,1.698622616436892585e+01
2.259999999999999787e+00,1.703288432521815565e+01
2.261000000000000121e+00,1.700499709061847753e+01
2.262000000000000011e+00,1.698653028765250639e+01
2.262999999999999901e+00,1.702993273062392987e+01
2.263999999999999790e+00,1.698196846558608186e+01
2.265000000000000124e+00,1.700245807910906137e+01
2.266000000000000014e+00,1.699688108791425378e+01
2.266999999999999904e+00,1.702078051691173854e+01
2.267999999999999794e+00,1.698932341206842622e+01
2.269000000000000128e+00,1.703885665299321417e+01
2.270000000000000018e+00,1.698948333705191160e+01
2.270999999999999908e+00,1.694293721905258110e+01
2.271999999999999797e+00,1.697767403227718930e+01
2.273000000000000131e+00,1.698040942636262685e+01
2.274000000000000021e+00,1.697844071840224700e+01
2.274999999999999911e+00,1.701231303482081358e+01
2.275999999999999801e+00,1.698333800962386775e+01
2.277000000000000135e+00,1.696510371848544452e+01
2.278000000000000025e+00,1.689687583851447883e+01
2.278999999999999915e+00,1.693902381661611756e+01
2.279999999999999805e+00,1.695456317798474544e+01
2.281000000000000139e+00,1.698116748732327963e+01
2.282000000000000028e+00,1.695180236693980547e+01
2.282999999999999918e+00,1.695489647988932091e+01
2.283999999999999808e+00,1.694555643500315867e+01
2.285000000000000142e+00,1.697942749549975261e+01
2.286000000000000032e+00,1.690623622940737647e+01
2.286999999999999922e+00,1.696151531479868879e+01
2.287999999999999812e+00,1.688679098454846539e+01
2.289000000000000146e+00,1.698598546540748799e+01
2.290000000000000036e+00,1.694245860163183792e+01
2.290999999999999925e+00,1.691406883718652310e+01
2.291999999999999815e+00,1.692966923682272196e+01
2.293000000000000149e+00,1.696226909081421397e+01
2.294000000000000039e+00,1.694667886631705045e+01
2.294999999999999929e+00,1.700606768174569083e+01
2.295999999999999819e+00,1.700538800502477699e+01
2.297000000000000153e+00,1.701877589150761239e+01
2.298000000000000043e+00,1.698419010664991546e+01
2.298999999999999932e+00,1.702375851517305705e+01
2.299999999999999822e+00,1.704322887658489094e+01
2.301000000000000156e+00,1.706171012989791080e+01
2.302000000000000046e+00,1.709444749876841030e+01
2.302999999999999936e+00,1.703338342159632290e+01
2.303999999999999826e+00,1.698389347365167623e+01
2.305000000000000160e+00,1.703927883891865136e+01
2.306000000000000050e+00,1.705941986273120747e+01
2.306999999999999940e+00,1.707554718195299870e+01
2.307999999999999829e+00,1.703105784585325821e+01
2.309000000000000163e+00,1.703727519818645675e+01
2.310000000000000053e+00,1.705075220229680966e+01
2.310999999999999943e+00,1.695565700149158772e+01
2.311999999999999833e+00,1.700058794285915198e+01
2.313000000000000167e+00,1.700029557194043051e+01
2.314000000000000057e+00,1.706896537879199016e+01
2.314999999999999947e+00,1.706804811224291640e+01
2.315999999999999837e+00,1.708878585977187825e+01
2.317000000000000171e+00,1.708890689902701965e+01
2.318000000000000060e+00,1.705066852865089189e+01
2.318999999999999950e+00,1.701421773963316042e+01
2.319999999999999840e+00,1.704468618171375383e+01
2.321000000000000174e+00,1.710075712216689681e+01
2.322000000000000064e+00,1.706945959872124519e+01
2.322999999999999954e+00,1.703417253697305256e+01
2.323999999999999844e+00,1.696009738338986139e+01
2.325000000000000178e+00,1.706462500222592737e+01
2.326000000000000068e+00,1.694994492697641775e+01
2.326999999999999957e+00,1.699477974845748562e+01
2.327999999999999847e+00,1.702153821915836929e+01
2.329000000000000181e+00,1.704486998058813185e+01
2.330000000000000071e+00,1.699121444219220933e+01
2.330999999999999961e+00,1.697480444228181540e+01
2.331999999999999851e+00,1.697864950762136971e+01
2.333000000000000185e+00,1.703892505348731490e+01
2.334000000000000075e+00,1.695493530563980400e+01
2.334999999999999964e+00,1.701389682058329811e+01
2.335999999999999854e+00,1.698057517981693820e+01
2.337000000000000188e+00,1.700636307247865986e+01
2.338000000000000078e+00,1.698627394416236314e+01
2.338999999999999968e+00,1.692257473079815711e+01
2.339999999999999858e+00,1.694846532261544070e+01
2.341000000000000192e+00,1.695137251913383380e+01
2.342000000000000082e+00,1.702630844397415544e+01
2.342999999999999972e+00,1.700760784032506479e+01
2.343999999999999861e+00,1.706958500320457972e+01
2.345000000000000195e+00,1.704782291454375098e+01
2.346000000000000085e+00,1.697339632948131438e+01
2.346999999999999975e+00,1.695570449665655133e+01
2.347999999999999865e+00,1.691099309689803931e+01
2.349000000000000199e+00,1.701531894691484936e+01
2.350000000000000089e+00,1.695934970530984387e+01
2.350999999999999979e+00,1.693783861795929369e+01
2.351999999999999869e+00,1.693942592891038856e+01
2.353000000000000203e+00,1.701076548451424486e+01
2.354000000000000092e+00,1.700186198317700104e+01
2.354999999999999982e+00,1.700622262455411970e+01
2.355999999999999872e+00,1.689394894375966061e+01
2.357000000000000206e+00,1.696756848315244071e+01
2.358000000000000096e+00,1.697812328039308127e+01
2.358999999999999986e+00,1.694306812447183219e+01
2.359999999999999876e+00,1.692266994987117812e+01
2.361000000000000210e+00,1.697676965142696304e+01
2.362000000000000099e+00,1.695593489343109539e+01
2.362999999999999989e+00,1.697695926127690313e+01
2.363999999999999879e+00,1.695223962478121038e+01
2.365000000000000213e+00,1.700032692400042578e+01
2.366000000000000103e+00,1.696996460603176970e+01
2.366999999999999993e+00,1.701519433036856555e+01
2.367999999999999883e+00,1.703742446373273012e+01
2.369000000000000217e+00,1.701805903629087879e+01
2.370000000000000107e+00,1.697397492816195097e+01
2.370999999999999996e+00,1.706390613998597416e+01
2.371999999999999886e+00,1.699252277553885548e+01
2.373000000000000220e+00,1.704970687939037788e+01
2.374000000000000110e+00,1.705763296156534992e+01
2.375000000000000000e+00,1.699780533039800545e+01
2.375999999999999890e+00,1.699610454502710155e+01
2.376999999999999780e+00,1.700885136607352166e+01
2.378000000000000114e+00,1.706957958016266019e+01
2.379000000000000004e+00,1.698701274114710813e+01
2.379999999999999893e+00,1.699396876188908578e+01
2.380999999999999783e+00,1.697436267601629112e+01
2.382000000000000117e+00,1.705623728169113207e+01
2.383000000000000007e+00,1.695721022500322306e+01
2.383999999999999897e+00,1.704002465692489920e+01
2.384999999999999787e+00,1.702886152650088292e+01
2.386000000000000121e+00,1.697795123394542571e+01
2.387000000000000011e+00,1.691502503830102100e+01
2.387999999999999901e+00,1.690753613841200576e+01
2.388999999999999790e+00,1.690111832759141919e+01
2.390000000000000124e+00,1.691957296882316086e+01
2.391000000000000014e+00,1.700354782203396553e+01
2.391999999999999904e+00,1.694777433739659145e+01
2.392999999999999794e+00,1.700565546344121870e+01
2.394000000000000128e+00,1.689321025901017492e+01
2.395000000000000018e+00,1.692974979265611069e+01
2.395999999999999908e+00,1.697233777919435838e+01
2.396999999999999797e+00,1.699768272464926255e+01
2.398000000000000131e+00,1.697838287738492724e+01
2.399000000000000021e+00,1.693327896455307169e+01
2.399999999999999911e+00,1.698324344444080225e+01
2.400999999999999801e+00,1.687637352133152646e+01
2.402000000000000135e+00,1.698448700859811566e+01
2.403000000000000025e+00,1.685110071298292311e+01
2.403999999999999915e+00,1.693753128596233637e+01
2.404999999999999805e+00,1.690613493850651494e+01
2.406000000000000139e+00,1.688543238783261558e+01
2.407000000000000028e+00,1.694877459463906533e+01
2.407999999999999918e+00,1.688279646495724506e+01
2.408999999999999808e+00,1.689977912123123360e+01
2.410000000000000142e+00,1.692425999347881671e+01
2.411000000000000032e+00,1.695726355686447206e+01
2.411999999999999922e+00,1.701220162196249674e+01
2.412999999999999812e+00,1.696714306213696588e+01
2.414000000000000146e+00,1.702013270404668788e+01
2.415000000000000036e+00,1.700264685075491400e+01
2.415999999999999925e+00,1.697704442896049670e+01
2.416999999999999815e+00,1.693016910287740018e+01
2.418000000000000149e+00,1.696026942817887218e+01
2.419000000000000039e+00,1.698938000040330820e+01
2.419999999999999929e+00,1.697319775093398420e+01
2.420999999999999819e+00,1.699990220945728581e+01
2.422000000000000153e+00,1.694783833472363455e+01
2.423000000000000043e+00,1.693976041349264250e+01
2.423999999999999932e+00,1.690856981858029329e+01
2.424999999999999822e+00,1.694259799757440987e+01
2.426000000000000156e+00,1.700501376711657997e+01
2.427000000000000046e+00,1.704562031159646196e+01
2.427999999999999936e+00,1.699770002899654742e+01
2.428999999999999826e+00,1.694243911930736246e+01
2.430000000000000160e+00,1.693698441423201118e+01
2.431000000000000050e+00,1.698967929155285361e+01
2.431999999999999940e+00,1.695110078221905781e+01
2.432999999999999829e+00,1.693267480103863321e+01
2.434000000000000163e+00,1.693151113243281713e+01
2.435000000000000053e+00,1.691572655833909167e+01
2.435999999999999943e+00,1.690877448479325196e+01
2.436999999999999833e+00,1.687136517769742738e+01
2.438000000000000167e+00,1.689263650638932646e+01
2.439000000000000057e+00,1.685251063740105693e+01
2.439999999999999947e+00,1.689754346834397936e+01
2.440999999999999837e+00,1.693776225126495305e+01
2.442000000000000171e+00,1.685360577683953665e+01
2.443000000000000060e+00,1.694034726840352434e+01
2.443999999999999950e+00,1.693891061202245396e+01
2.444999999999999840e+00,1.687633523449703787e+01
2.446000000000000174e+00,1.692060575907557407e+01
2.447000000000000064e+00,1.691299509354482566e+01
2.447999999999999954e+00,1.695489344922161834e+01
2.448999999999999844e+00,1.687190509650750059e+01
2.450000000000000178e+00,1.688769794299639315e+01
2.451000000000000068e+00,1.695380555323563243e+01
2.451999999999999957e+00,1.688337350351021371e+01
2.452999999999999847e+00,1.692442725251954272e+01
2.454000000000000181e+00,1.695531007051554084e+01
2.455000000000000071e+00,1.684918966965857479e+01
2.455999999999999961e+00,1.692347168628904086e+01
2.456999999999999851e+00,1.694580556299237273e+01
2.458000000000000185e+00,1.695411710423645957e+01
2.459000000000000075e+00,1.693580294534049813e+01
2.459999999999999964e+00,1.687703000886616067e+01
2.460999999999999854e+00,1.691083100722479315e+01
2.462000000000000188e+00,1.689780803630799255e+01
2.463000000000000078e+00,1.687868573562805352e+01
2.463999999999999968e+00,1.687839275486305723e+01
2.464999999999999858e+00,1.688016635009788402e+01
2.466000000000000192e+00,1.696448474570215836e+01
2.467000000000000082e+00,1.692132580893512284e+01
2.467999999999999972e+00,1.690209994264599302e+01
2.468999999999999861e+00,1.700305736397210765e+01
2.470000000000000195e+00,1.700905588013683456e+01
2.471000000000000085e+00,1.696755244792873185e+01
2.471999999999999975e+00,1.689736037369785038e+01
2.472999999999999865e+00,1.693955253596183752e+01
2.474000000000000199e+00,1.699381156307844165e+01
2.475000000000000089e+00,1.692733791521974140e+01
2.475999999999999979e+00,1.692710843743980220e+01
2.476999999999999869e+00,1.689266778499903410e+01
2.478000000000000203e+00,1.693457135633455835e+01
2.479000000000000092e+00,1.689646164840307918e+01
2.479999999999999982e+00,1.690397699547263244e+01
2.480999999999999872e+00,1.693191536188552959e+01
2.482000000000000206e+00,1.690796327385758957e+01
2.483000000000000096e+00,1.694313389866534436e+01
2.483999999999999986e+00,1.689535536711871799e+01
2.484999999999999876e+00,1.689130787685374102e+01
2.486000000000000210e+00,1.695470090537115482e+01
2.487000000000000099e+00,1.702966241240438450e+01
2.487999999999999989e+00,1.694773624318452576e+01
2.488999999999999879e+00,1.695695087388455491e+01
2.490000000000000213e+00,1.694089586646057199e+01
2.491000000000000103e+00,1.696242311583993967e+01
2.491999999999999993e+00,1.700147622213735232e+01
2.492999999999999883e+00,1.698900145487069224e+01
2.494000000000000217e+00,1.695210256668146442e+01
2.495000000000000107e+00,1.694462444401031576e+01
2.495999999999999996e+00,1.697378126543559773e+01
2.496999999999999886e+00,1.696844599278822940e+01
2.498000000000000220e+00,1.697655241038113871e+01
2.499000000000000110e+00,1.696677877887128716e+01
2.500000000000000000e+00,1.694081068213026242e+01
2.500999999999999890e+00,1.701040966513926023e+01
2.501999999999999780e+00,1.697939867411638559e+01
2.503000000000000114e+00,1.699196500448059055e+01
2.504000000000000004e+00,1.689890225189644113e+01
2.504999999999999893e+00,1.697936474333512535e+01
2.505999999999999783e+00,1.707621230215685415e+01
2.507000000000000117e+00,1.701310160064899790e+01
2.508000000000000007e+00,1.705177887903570166e+01
2.508999999999999897e+00,1.699588766998034828e+01
2.509999999999999787e+00,1.699212767304704741e+01
2.511000000000000121e+00,1.701824202158243082e+01
2.512000000000000011e+00,1.695297058926530553e+01
2.512999999999999901e+00,1.695123183054058202e+01
2.513999999999999790e+00,1.702314913466608459e+01
2.515000000000000124e+00,1.699094150323748309e+01
2.516000000000000014e+00,1.699261308262270020e+01
2.516999999999999904e+00,1.699964380328270508e+01
2.517999999999999794e+00,1.702178349522912271e+01
2.519000000000000128e+00,1.700103147942989068e+01
2.520000000000000018e+00,1.705606287669976240e+01
2.520999999999999908e+00,1.700164670132148359e+01
2.521999999999999797e+00,1.700008064972033850e+01
2.523000000000000131e+00,1.696322527136466718e+01
2.524000000000000021e+00,1.701519090584035965e+01
2.524999999999999911e+00,1.697984353060660112e+01
2.525999999999999801e+00,1.690143547958599157e+01
2.527000000000000135e+00,1.700022578552206909e+01
2.528000000000000025e+00,1.701449674468733164e+01
2.528999999999999915e+00,1.699595861367147975e+01
2.529999999999999805e+00,1.697133584329386125e+01
2.531000000000000139e+00,1.694318772527115868e+01
2.532000000000000028e+00,1.695652516228425100e+01
2.532999999999999918e+00,1.696952193462922764e+01
2.533999999999999808e+00,1.697000288700429493e+01
2.535000000000000142e+00,1.695594433446292371e+01
2.536000000000000032e+00,1.699006302427219595e+01
2.536999999999999922e+00,1.698551070673314811e+01
2.537999999999999812e+00,1.698648110968082747e+01
2.539000000000000146e+00,1.696777592096601595e+01
2.540000000000000036e+00,1.697202894996295441e+01
2.540999999999999925e+00,1.701400556376333384e+01
2.541999999999999815e+00,1.700935755423018136e+01
2.543000000000000149e+00,1.696033920965632902e+01
2.544000000000000039e+00,1.694876873637113235e+01
2.544999999999999929e+00,1.697103410235001419e+01
2.545999999999999819e+00,1.698418228364133498e+01
2.547000000000000153e+00,1.696076997140314546e+01
2.548000000000000043e+00,1.698941460756697097e+01
2.548999999999999932e+00,1.692752611113008143e+01
2.549999999999999822e+00,1.703109462921133144e+01
2.551000000000000156e+00,1.697828665196544051e+01
2.552000000000000046e+00,1.696580622153740947e+01
2.552999999999999936e+00,1.697233303754413214e+01
2.553999999999999826e+00,1.693129502659940044e+01
2.555000000000000160e+00,1.699998982050777130e+01
2.556000000000000050e+00,1.693706902854449581e+01
2.556999999999999940e+00,1.691664951426872676e+01
2.557999999999999829e+00,1.696066488104447600e+01
2.559000000000000163e+00,1.692987619671118082e+01
2.560000000000000053e+00,1.691928967802568096e+01
2.560999999999999943e+00,1.698371481336872435e+01
2.561999999999999833e+00,1.701704286035489488e+01
2.563000000000000167e+00,1.704162948208121620e+01
2.564000000000000057e+00,1.698332252995637148e+01
2.564999999999999947e+00,1.694448887675687132e+01
2.565999999999999837e+00,1.699729212333610917e+01
2.567000000000000171e+00,1.697103299757031891e+01
2.568000000000000060e+00,1.696700229454986086e+01
2.568999999999999950e+00,1.700177775225460763e+01
2.569999999999999840e+00,1.696612637392694722e+01
2.571000000000000174e+00,1.700131819988521187e+01
2.572000000000000064e+00,1.692358592128442396e+01
2.572999999999999954e+00,1.702376509497099377e+01
2.573999999999999844e+00,1.700518389042949963e+01
2.575000000000000178e+00,1.696923710909080896e+01
2.576000000000000068e+00,1.700134076310234477e+01
2.576999999999999957e+00,1.705260334594389349e+01
2.577999999999999847e+00,1.698634759425298668e+01
2.579000000000000181e+00,1.698279513379877770e+01
2.580000000000000071e+00,1.696858334999202711e+01
2.580999999999999961e+00,1.703740638237844252e+01
2.581999999999999851e+00,1.701235950391614082e+01
2.583000000000000185e+00,1.699612958721753486e+01
2.584000000000000075e+00,1.703477523285457451e+01
2.584999999999999964e+00,1.704278250369659276e+01
2.585999999999999854e+00,1.701224527821450749e+01
2.587000000000000188e+00,1.700226260732507910e+01
2.588000000000000078e+00,1.695793861388912660e+01
2.588999999999999968e+00,1.707484481842421786e+01
2.589999999999999858e+00,1.702046800843947949e+01
2.591000000000000192e+00,1.699341781511861171e+01
2.592000000000000082e+00,1.703924487791221054e+01
2.592999999999999972e+00,1.698023762927840963e+01
2.593999999999999861e+00,1.702059758606322148e+01
2.595000000000000195e+00,1.705211409549193391e+01
2.596000000000000085e+00,1.701048433942473181e+01
2.596999999999999975e+00,1.701155299395093579e+01
2.597999999999999865e+00,1.706577905580903476e+01
2.599000000000000199e+00,1.702331889125395392e+01
2.600000000000000089e+00,1.705246502397362462e+01
2.600999999999999979e+00,1.698873605716666191e+01
2.601999999999999869e+00,1.703882937090181571e+01
2.603000000000000203e+00,1.707764384431245830e+01
2.604000000000000092e+00,1.699269777639449686e+01
2.604999999999999982e+00,1.700693449979078764e+01
2.605999999999999872e+00,1.696832877603221235e+01
2.607000000000000206e+00,1.693351919073103318e+01
2.608000000000000096e+00,1.696272572144855317e+01
2.608999999999999986e+00,1.696986076866171800e+01
2.609999999999999876e+00,1.699147011358775572e+01
2.611000000000000210e+00,1.695004707642222286e+01
2.612000000000000099e+00,1.698983579530419874e+01
2.612999999999999989e+00,1.694327560602500071e+01
2.613999999999999879e+00,1.700375948992723352e+01
2.615000000000000213e+00,1.694200422198879608e+01
2.616000000000000103e+00,1.691340021265965987e+01
2.616999999999999993e+00,1.695439700201185929e+01
2.617999999999999883e+00,1.699720739047533158e+01
2.619000000000000217e+00,1.699662169309454995e+01
2.620000000000000107e+00,1.699564949459077923e+01
2.620999999999999996e+00,1.699184333318617490e+01
2.621999999999999886e+00,1.708487143563601407e+01
2.623000000000000220e+00,1.700477152789984103e+01
2.624000000000000110e+00,1.698134427001933133e+01
2.625000000000000000e+00,1.704514602796357892e+01
2.625999999999999890e+00,1.699219776158162887e+01
2.626999999999999780e+00,1.705914667293048126e+01
2.628000000000000114e+00,1.695330662278132650e+01
2.629000000000000004e+00,1.702675347474474421e+01
2.629999999999999893e+00,1.698461272239264730e+01
2.630999999999999783e+00,1.700198787630291619e+01
2.632000000000000117e+00,1.695539583804590933e+01
2.633000000000000007e+00,1.699201405451955083e+01
2.633999999999999897e+00,1.695595606773907704e+01
2.634999999999999787e+00,1.696345531710113974e+01
2.636000000000000121e+00,1.700162344775384327e+01
2.637000000000000011e+00,1.700756376710132045e+01
2.637999999999999901e+00,1.696827244039511839e+01
2.638999999999999790e+00,1.702201887811875736e+01
2.640000000000000124e+00,1.701820248098043464e+01
2.641000000000000014e+00,1.697208255788900644e+01
2.641999999999999904e+00,1.691273563942094071e+01
2.642999999999999794e+00,1.699200531720145335e+01
2.644000000000000128e+00,1.694962716874422171e+01
2.645000000000000018e+00,1.696278641087894812e+01
2.645999999999999908e+00,1.695190479184008581e+01
2.646999999999999797e+00,1.695878963690308439e+01
2.648000000000000131e+00,1.695466474360332754e+01
2.649000000000000021e+00,1.701080532312627369e+01
2.649999999999999911e+00,1.689505168974422844e+01
2.650999999999999801e+00,1.688643382206554833e+01
2.652000000000000135e+00,1.698059615380054055e+01
2.653000000000000025e+00,1.702572842843202494e+01
2.653999999999999915e+00,1.694670104814310818e+01
2.654999999999999805e+00,1.697094559665361757e+01
2.656000000000000139e+00,1.697183627517902238e+01
2.657000000000000028e+00,1.699433577669252315e+01
2.657999999999999918e+00,1.702928710839920967e+01
2.658999999999999808e+00,1.697912443440768016e+01
2.660000000000000142e+00,1.694713173310370991e+01
2.661000000000000032e+00,1.700159719467788477e+01
2.661999999999999922e+00,1.701281225707245071e+01
2.662999999999999812e+00,1.699448550213161724e+01
2.664000000000000146e+00,1.698159767631886652e+01
2.665000000000000036e+00,1.696419800900701347e+01
2.665999999999999925e+00,1.696080990138331757e+01
2.666999999999999815e+00,1.700712899768440067e+01
2.668000000000000149e+00,1.707239656826104834e+01
2.669000000000000039e+00,1.697346769054326998e+01
2.669999999999999929e+00,1.695349762855159170e+01
2.670999999999999819e+00,1.698200272042245018e+01
2.672000000000000153e+00,1.706146091332906067e+01
2.673000000000000043e+00,1.702610858193530774e+01
2.673999999999999932e+00,1.706458853177296575e+01
2.674999999999999822e+00,1.704522186088844293e+01
2.676000000000000156e+00,1.705172943513321115e+01
2.677000000000000046e+00,1.701386349604177184e+01
2.677999999999999936e+00,1.703777922824829361e+01
2.678999999999999826e+00,1.701221130442368690e+01
2.680000000000000160e+00,1.698766880930184087e+01
2.681000000000000050e+00,1.702493450845914680e+01
2.681999999999999940e+00,1.704282156723900243e+01
2.682999999999999829e+00,1.699047018277904186e+01
2.684000000000000163e+00,1.701612432237114803e+01
2.685000000000000053e+00,1.705439582133549337e+01
2.685999999999999943e+00,1.704250016171613069e+01
2.686999999999999833e+00,1.708110439674595682e+01
2.688000000000000167e+00,1.709776389896666160e+01
2.689000000000000057e+00,1.700457818946677335e+01
2.689999999999999947e+00,1.693416842300599967e+01
2.690999999999999837e+00,1.705349359386201868e+01
2.692000000000000171e+00,1.701238457985693842e+01
2.693000000000000060e+00,1.705921007376465681e+01
2.693999999999999950e+00,1.700717218547104181e+01
2.694999999999999840e+00,1.707830907596494896e+01
2.696000000000000174e+00,1.700982253213535955e+01
2.697000000000000064e+00,1.699891360732534906e+01
2.697999999999999954e+00,1.699629518910537840e+01
2.698999999999999844e+00,1.693946968728857172e+01
2.700000000000000178e+00,1.703248275449907112e+01
2.701000000000000068e+00,1.698741372930885163e+01
2.701999999999999957e+00,1.700473050213723525e+01
2.702999999999999847e+00,1.704283110439219229e+01
2.704000000000000181e+00,1.694278343892278471e+01
2.705000000000000071e+00,1.696925939914660830e+01
2.705999999999999961e+00,1.696302441348470325e+01
2.706999999999999851e+00,1.700735283606086767e+01
2.708000000000000185e+00,1.698270882976886043e+01
2.709000000000000075e+00,1.703178879097899312e+01
2.709999999999999964e+00,1.696298791268401374e+01
2.710999999999999854e+00,1.701654238583411427e+01
2.712000000000000188e+00,1.700602328859935852e+01
2.713000000000000078e+00,1.701819756251697768e+01
2.713999999999999968e+00,1.703418955399026657e+01
2.714999999999999858e+00,1.699294442191176913e+01
2.716000000000000192e+00,1.703948562802479216e+01
2.717000000000000082e+00,1.703556300461369588e+01
2.717999999999999972e+00,1.704293130250142241e+01
2.718999999999999861e+00,1.700470946189362209e+01
2.720000000000000195e+00,1.695340031177308759e+01
2.721000000000000085e+00,1.705302418069302206e+01
2.721999999999999975e+00,1.702328781385246970e+01
2.722999999999999865e+00,1.699666965402894192e+01
2.724000000000000199e+00,1.698006502492514613e+01
2.725000000000000089e+00,1.697182862904668355e+01
2.725999999999999979e+00,1.705522239702018084e+01
2.726999999999999869e+00,1.705515028223858920e+01
2.728000000000000203e+00,1.704787147034118178e+01
2.729000000000000092e+00,1.702254732009036431e+01
2.729999999999999982e+00,1.697046166804226885e+01
2.730999999999999872e+00,1.694945056838252739e+01
2.732000000000000206e+00,1.702163795385796519e+01
2.733000000000000096e+00,1.699099060727547084e+01
2.733999999999999986e+00,1.697326705673165748e+01
2.734999999999999876e+00,1.698357918353203289e+01
2.736000000000000210e+00,1.702964779831903641e+01
2.737000000000000099e+00,1.699021026466748907e+01
2.737999999999999989e+00,1.703087698350195467e+01
2.738999999999999879e+00,1.704643551466809726e+01
2.740000000000000213e+00,1.704183473975316332e+01
2.741000000000000103e+00,1.692658791515685124e+01
2.741999999999999993e+00,1.693056025672963116e+01
2.742999999999999883e+00,1.703584846336030267e+01
2.744000000000000217e+00,1.693234413327127541e+01
2.745000000000000107e+00,1.702092629796889867e+01
2.745999999999999996e+00,1.695310332070670256e+01
2.746999999999999886e+00,1.695239118664149558e+01
2.748000000000000220e+00,1.691675046590478360e+01
2.749000000000000110e+00,1.701197749357743660e+01
2.750000000000000000e+00,1.700199659461386403e+01
2.750999999999999890e+00,1.699998272231661289e+01
2.751999999999999780e+00,1.707432558881439988e+01
2.753000000000000114e+00,1.702491678098175854e+01
2.754000000000000004e+00,1.702708338901038587e+01
2.754999999999999893e+00,1.707270145389463067e+01
2.755999999999999783e+00,1.697914930567349856e+01
2.757000000000000117e+00,1.701762244110144451e+01
2.758000000000000007e+00,1.697048949330346801e+01
2.758999999999999897e+00,1.696977488633419995e+01
2.759999999999999787e+00,1.700502901485177176e+01
2.761000000000000121e+00,1.698064066362529445e+01
2.762000000000000011e+00,1.695836984045204687e+01
2.762999999999999901e+00,1.702230788783611715e+01
2.763999999999999790e+00,1.698558283890120180e+01
2.765000000000000124e+00,1.700007300369616203e+01
2.766000000000000014e+00,1.698502824325205296e+01
2.766999999999999904e+00,1.699742522836612224e+01
2.767999999999999794e+00,1.697686929704172698e+01
2.769000000000000128e+00,1.702196482799202570e+01
2.770000000000000018e+00,1.701911658595902566e+01
2.770999999999999908e+00,1.699630492364190104e+01
2.771999999999999797e+00,1.696891967540184254e+01
2.773000000000000131e+00,1.698631704671367260e+01
2.774000000000000021e+00,1.700270104765272805e+01
2.774999999999999911e+00,1.704810003983012479e+01
2.775999999999999801e+00,1.696973430354673695e+01
2.777000000000000135e+00,1.700974375232219060e+01
2.778000000000000025e+00,1.701806041559224170e+01
2.778999999999999915e+00,1.701218387038666080e+01
2.779999999999999805e+00,1.696320619517391748e+01
2.781000000000000139e+00,1.692910771793321345e+01
2.782000000000000028e+00,1.698750596666198476e+01
2.782999999999999918e+00,1.706812339458044292e+01
2.783999999999999808e+00,1.703538756332127235e+01
2.785000000000000142e+00,1.701567428061132148e+01
2.786000000000000032e+00,1.699668378492303589e+01
2.786999999999999922e+00,1.704755812766085299e+01
2.787999999999999812e+00,1.690713197768049980e+01
2.789000000000000146e+00,1.701810735912931705e+01
2.790000000000000036e+00,1.701043561726349651e+01
2.790999999999999925e+00,1.703243546820115739e+01
2.791999999999999815e+00,1.696081944594595470e+01
2.793000000000000149e+00,1.689420755699877574e+01
2.794000000000000039e+00,1.695882734841388384e+01
2.794999999999999929e+00,1.696094227103200325e+01
2.795999999999999819e+00,1.696193781148907931e+01
2.797000000000000153e+00,1.692982050011302064e+01
2.798000000000000043e+00,1.696575920029593476e+01
2.798999999999999932e+00,1.695819068719676181e+01
2.799999999999999822e+00,1.698493494486069721e+01
2.801000000000000156e+00,1.696392423220618539e+01
2.802000000000000046e+00,1.694235000030909788e+01
2.802999999999999936e+00,1.696771190368726323e+01
2.803999999999999826e+00,1.707650514370347139e+01
2.805000000000000160e+00,1.699821239211789248e+01
2.806000000000000050e+00,1.694356226171539959e+01
2.806999999999999940e+00,1.701900673788702534e+01
2.807999999999999829e+00,1.697944518356373322e+01
2.809000000000000163e+00,1.692561953872126423e+01
2.810000000000000053e+00,1.691381739202365964e+01
2.810999999999999943e+00,1.693304434093927568e+01
2.811999999999999833e+00,1.691246702372080435e+01
2.813000000000000167e+00,1.700524247030060110e+01
2.814000000000000057e+00,1.691404067671085798e+01
2.814999999999999947e+00,1.697016440940754478e+01
2.815999999999999837e+00,1.695861525346501253e+01
2.817000000000000171e+00,1.699445072362336973e+01
2.818000000000000060e+00,1.696165562004394189e+01
2.818999999999999950e+00,1.706080796406259736e+01
2.819999999999999840e+00,1.706876853134826177e+01
2.821000000000000174e+00,1.699807017434251932e+01
2.822000000000000064e+00,1.695948665014462264e+01
2.822999999999999954e+00,1.694766929491021301e+01
2.823999999999999844e+00,1.693821820192706795e+01
2.825000000000000178e+00,1.695082273992806066e+01
2.826000000000000068e+00,1.695903166905394954e+01
2.826999999999999957e+00,1.693484651464546431e+01
2.827999999999999847e+00,1.692936849853989401e+01
2.829000000000000181e+00,1.694875490242298710e+01
2.830000000000000071e+00,1.694569787674124939e+01
2.830999999999999961e+00,1.688034563598738202e+01
2.831999999999999851e+00,1.698452478481168271e+01
2.833000000000000185e+00,1.689437936620159419e+01
2.834000000000000075e+00,1.697370834881948198e+01
2.834999999999999964e+00,1.693260875408016375e+01
2.835999999999999854e+00,1.692322685698924545e+01
2.837000000000000188e+00,1.691438906893744232e+01
2.838000000000000078e+00,1.696383631123237024e+01
2.838999999999999968e+00,1.693005675336426918e+01
2.839999999999999858e+00,1.687691652744238624e+01
2.841000000000000192e+00,1.697206828504844012e+01
2.842000000000000082e+00,1.688535250805407983e+01
2.842999999999999972e+00,1.694072970692228353e+01
2.843999999999999861e+00,1.698511232214034550e+01
2.845000000000000195e+00,1.697805240180749209e+01
2.846000000000000085e+00,1.695224407316479898e+01
2.846999999999999975e+00,1.695028365962273043e+01
2.847999999999999865e+00,1.694362426758511475e+01
2.849000000000000199e+00,1.694863493794553122e+01
2.850000000000000089e+00,1.685534070752058611e+01
2.850999999999999979e+00,1.700886827643387988e+01
2.851999999999999869e+00,1.694424678434421239e+01
2.853000000000000203e+00,1.694573408649803525e+01
2.854000000000000092e+00,1.693887894014394746e+01
2.854999999999999982e+00,1.694110746001988943e+01
2.855999999999999872e+00,1.685445115619440770e+01
2.857000000000000206e+00,1.689717960007488884e+01
2.858000000000000096e+00,1.685354007338254689e+01
2.858999999999999986e+00,1.689147229536533601e+01
2.859999999999999876e+00,1.687236801804100139e+01
2.861000000000000210e+00,1.690708395940918507e+01
2.862000000000000099e+00,1.691555299801912327e+01
2.862999999999999989e+00,1.699615375613016255e+01
2.863999999999999879e+00,1.694406545489642113e+01
2.865000000000000213e+00,1.694477088524947561e+01
2.866000000000000103e+00,1.693369815693097280e+01
2.866999999999999993e+00,1.690015763188218045e+01
2.867999999999999883e+00,1.694093591423791523e+01
2.869000000000000217e+00,1.693655121979058009e+01
2.870000000000000107e+00,1.690800259214779544e+01
2.870999999999999996e+00,1.691176124635127564e+01
2.871999999999999886e+00,1.690905979626908007e+01
2.873000000000000220e+00,1.698545190959669071e+01
2.874000000000000110e+00,1.694142748022053624e+01
2.875000000000000000e+00,1.693801246307136310e+01
2.875999999999999890e+00,1.692837510491958497e+01
2.876999999999999780e+00,1.689234903229986173e+01
2.878000000000000114e+00,1.693066572311342810e+01
2.879000000000000004e+00,1.691229734798906392e+01
2.879999999999999893e+00,1.691866938040157464e+01
2.880999999999999783e+00,1.690021850671444525e+01
2.882000000000000117e+00,1.695248546753453311e+01
2.883000000000000007e+00,1.688252578039582019e+01
2.883999999999999897e+00,1.689720235487375533e+01
2.884999999999999787e+00,1.685536459870461101e+01
2.886000000000000121e+00,1.687295542810607785e+01
2.887000000000000011e+00,1.690268421698801049e+01
2.887999999999999901e+00,1.690152294733714200e+01
2.888999999999999790e+00,1.693062401383804172e+01
2.890000000000000124e+00,1.686135595988470470e+01
2.891000000000000014e+00,1.690120697786158388e+01
2.891999999999999904e+00,1.691372944091484243e+01
2.892999999999999794e+00,1.694823131972404440e+01
2.894000000000000128e+00,1.691456205145691882e+01
2.895000000000000018e+00,1.694333366108021721e+01
2.895999999999999908e+00,1.693052730910489245e+01
2.896999999999999797e+00,1.684343034574207110e+01
2.898000000000000131e+00,1.690708048724750512e+01
2.899000000000000021e+00,1.694487498452474838e+01
2.899999999999999911e+00,1.695779686550233478e+01
2.900999999999999801e+00,1.693912709481389456e+01
2.902000000000000135e+00,1.690003660950763731e+01
2.903000000000000025e+00,1.701724324457379112e+01
2.903999999999999915e+00,1.693883438005918052e+01
2.904999999999999805e+00,1.695674916816155076e+01
2.906000000000000139e+00,1.692743399745669208e+01
2.907000000000000028e+00,1.691125141952716149e+01
2.907999999999999918e+00,1.684628537811307325e+01
2.908999999999999808e+00,1.687936359042727474e+01
2.910000000000000142e+00,1.691904323432609658e+01
2.911000000000000032e+00,1.693579981435312831e+01
2.911999999999999922e+00,1.693001166240457778e+01
2.912999999999999812e+00,1.689931243711629705e+01
2.914000000000000146e+00,1.698839874920980719e+01
2.915000000000000036e+00,1.698385482195437390e+01
2.915999999999999925e+00,1.697971125858146380e+01
2.916999999999999815e+00,1.694056494240965804e+01
2.918000000000000149e+00,1.697197115060006567e+01
2.919000000000000039e+00,1.693904922150605685e+01
2.919999999999999929e+00,1.690538312134838250e+01
2.920999999999999819e+00,1.700224209712182954e+01
2.922000000000000153e+00,1.694302086763536863e+01
2.923000000000000043e+00,1.696916279607388134e+01
2.923999999999999932e+00,1.701203682112266335e+01
2.924999999999999822e+00,1.691939494783412812e+01
2.926000000000000156e+00,1.693329394460611681e+01
2.927000000000000046e+00,1.697612628458279715e+01
2.927999999999999936e+00,1.702128098391987621e+01
2.928999999999999826e+00,1.692765688317536288e+01
2.930000000000000160e+00,1.697227167583395158e+01
2.931000000000000050e+00,1.698077542073988511e+01
2.931999999999999940e+00,1.700533018032730226e+01
2.932999999999999829e+00,1.695697107180751217e+01
2.934000000000000163e+00,1.698398329437898013e+01
2.935000000000000053e+00,1.701932361650828085e+01
2.935999999999999943e+00,1.703530305606885165e+01
2.936999999999999833e+00,1.700372571007262934e+01
2.938000000000000167e+00,1.703600300448594851e+01
2.939000000000000057e+00,1.707787197054911843e+01
2.939999999999999947e+00,1.704947678676619915e+01
2.940999999999999837e+00,1.700918494542691661e+01
2.942000000000000171e+00,1.708090442073807225e+01
2.943000000000000060e+00,1.704420215007891670e+01
2.943999999999999950e+00,1.703176088167507629e+01
2.944999999999999840e+00,1.705402985758108159e+01
2.946000000000000174e+00,1.704852951803621153e+01
2.947000000000000064e+00,1.700746900148277518e+01
2.947999999999999954e+00,1.695018276728558604e+01
2.948999999999999844e+00,1.701433613722349492e+01
2.950000000000000178e+00,1.706176731633633636e+01
2.951000000000000068e+00,1.705916507071058774e+01
2.951999999999999957e+00,1.712143713491376218e+01
2.952999999999999847e+00,1.709360921823411417e+01
2.954000000000000181e+00,1.706711518438644504e+01
2.955000000000000071e+00,1.701329777211816463e+01
2.955999999999999961e+00,1.705918705989562767e+01
2.956999999999999851e+00,1.701755784649298775e+01
2.958000000000000185e+00,1.707207603130168039e+01
2.959000000000000075e+00,1.708545183157386305e+01
2.959999999999999964e+00,1.703582684448938878e+01
2.960999999999999854e+00,1.704354659160188845e+01
2.962000000000000188e+00,1.700956350633784453e+01
2.963000000000000078e+00,1.701459562954509863e+01
2.963999999999999968e+00,1.697704637784524806e+01
2.964999999999999858e+00,1.703196630926037258e+01
2.966000000000000192e+00,1.701199167409804858e+01
2.967000000000000082e+00,1.702686633783649839e+01
2.967999999999999972e+00,1.699077586814875218e+01
2.968999999999999861e+00,1.698362980073654427e+01
2.970000000000000195e+00,1.702309300992269314e+01
2.971000000000000085e+00,1.701943138767506269e+01
2.971999999999999975e+00,1.695319487589760854e+01
2.972999999999999865e+00,1.696726196742089243e+01
2.974000000000000199e+00,1.698549846968372989e+01
2.975000000000000089e+00,1.691596214140804832e+01
2.975999999999999979e+00,1.689141630947990791e+01
2.976999999999999869e+00,1.693425253551992427e+01
2.978000000000000203e+00,1.687498178344099387e+01
2.979000000000000092e+00,1.691272481235908032e+01
2.979999999999999982e+00,1.690365431305188793e+01
2.980999999999999872e+00,1.691128531387180089e+01
2.982000000000000206e+00,1.694725725957984963e+01
2.983000000000000096e+00,1.693999047614787301e+01
2.983999999999999986e+00,1.696492425805148940e+01
2.984999999999999876e+00,1.695892809973700466e+01
2.986000000000000210e+00,1.696660154676661136e+01
2.987000000000000099e+00,1.694562123640716322e+01
2.987999999999999989e+00,1.693898960457236313e+01
2.988999999999999879e+00,1.702736604172151047e+01
2.990000000000000213e+00,1.688424919922071865e+01
2.991000000000000103e+00,1.695025691034544835e+01
2.991999999999999993e+00,1.695008983253747914e+01
2.992999999999999883e+00,1.699832353279420971e+01
2.994000000000000217e+00,1.698292536122750462e+01
2.995000000000000107e+00,1.699665828516664234e+01
2.995999999999999996e+00,1.691811458458783335e+01
2.996999999999999886e+00,1.691772203412770992e+01
2.998000000000000220e+00,1.698832883423763107e+01
2.999000000000000110e+00,1.689741282433797309e+01
3.000000000000000000e+00,1.699807141925975884e+01
3.000999999999999890e+00,1.698636900579091957e+01
3.001999999999999780e+00,1.697719180954855034e+01
3.003000000000000114e+00,1.699644718442726088e+01
3.004000000000000004e+00,1.699021774257675332e+01
3.004999999999999893e+00,1.699142725937678478e+01
3.005999999999999783e+00,1.694785409778867447e+01
3.007000000000000117e+00,1.694573358100588223e+01
3.008000000000000007e+00,1.699115340905535376e+01
3.008999999999999897e+00,1.701255362732365128e+01
3.009999999999999787e+00,1.702559024588537895e+01
3.011000000000000121e+00,1.698624212510860332e+01
3.012000000000000011e+00,1.698667333504318933e+01
3.012999999999999901e+00,1.699832778145598766e+01
3.013999999999999790e+00,1.699916203103284573e+01
3.015000000000000124e+00,1.705215526006512405e+01
3.016000000000000014e+00,1.704386678213301565e+01
3.016999999999999904e+00,1.695967981702698779e+01
3.017999999999999794e+00,1.695521313784370676e+01
3.019000000000000128e+00,1.696892014137120341e+01
3.020000000000000018e+00,1.693122372432007339e+01
3.020999999999999908e+00,1.696302678750133452e+01
3.021999999999999797e+00,1.700052915573863999e+01
3.023000000000000131e+00,1.691635777523176642e+01
3.024000000000000021e+00,1.696806278639181542e+01
3.024999999999999911e+00,1.698059057622712231e+01
3.025999999999999801e+00,1.696758019408970952e+01
3.027000000000000135e+00,1.695540776048351717e+01
3.028000000000000025e+00,1.702128529642408949e+01
3.028999999999999915e+00,1.691077479443425347e+01
3.029999999999999805e+00,1.688755823126899713e+01
3.031000000000000139e+00,1.696755415204137307e+01
3.032000000000000028e+00,1.690295573403751206e+01
3.032999999999999918e+00,1.691215287908997311e+01
3.033999999999999808e+00,1.688719544304753484e+01
3.035000000000000142e+00,1.693298787731034238e+01
3.036000000000000032e+00,1.691467378872090066e+01
3.036999999999999922e+00,1.691511488022252507e+01
3.037999999999999812e+00,1.691264417257141517e+01
3.039000000000000146e+00,1.697553510198020632e+01
3.040000000000000036e+00,1.693966319149865996e+01
3.040999999999999925e+00,1.688903120916170408e+01
3.041999999999999815e+00,1.695738679790982673e+01
3.043000000000000149e+00,1.693267020256890376e+01
3.044000000000000039e+00,1.691449254083293852e+01
3.044999999999999929e+00,1.690288325036552664e+01
3.045999999999999819e+00,1.694963473804039111e+01
3.047000000000000153e+00,1.691512461423964098e+01
3.048000000000000043e+00,1.698369002828810181e+01
3.048999999999999932e+00,1.701044974453434122e+01
3.049999999999999822e+00,1.694351406242962454e+01
3.051000000000000156e+00,1.691883421856955749e+01
3.052000000000000046e+00,1.688660884834586184e+01
3.052999999999999936e+00,1.699700987455377543e+01
3.053999999999999826e+00,1.688412817862781168e+01
3.055000000000000160e+00,1.696572080868714849e+01
3.056000000000000050e+00,1.686383831613042616e+01
3.056999999999999940e+00,1.693074656709463710e+01
3.057999999999999829e+00,1.692322480116444794e+01
3.059000000000000163e+00,1.688886460170468951e+01
3.060000000000000053e+00,1.697444980143472648e+01
3.060999999999999943e+00,1.693305974274134229e+01
3.061999999999999833e+00,1.700528036336732285e+01
3.063000000000000167e+00,1.692027421150809730e+01
3.064000000000000057e+00,1.698706625694365258e+01
3.064999999999999947e+00,1.698963049903748868e+01
3.065999999999999837e+00,1.688924969841557200e+01
3.067000000000000171e+00,1.697199835737780305e+01
3.068000000000000060e+00,1.691102659866452029e+01
3.068999999999999950e+00,1.687776891478551633e+01
3.069999999999999840e+00,1.685980679721132347e+01
3.071000000000000174e+00,1.693943103758647695e+01
3.072000000000000064e+00,1.682549411734119360e+01
3.072999999999999954e+00,1.692703660126517207e+01
3.073999999999999844e+00,1.688088889244940205e+01
3.075000000000000178e+00,1.688820125140722794e+01
3.076000000000000068e+00,1.688713888546463693e+01
3.076999999999999957e+00,1.689675486294224527e+01
3.077999999999999847e+00,1.692258734982332058e+01
3.079000000000000181e+00,1.695430360416894189e+01
3.080000000000000071e+00,1.697094723278347672e+01
3.080999999999999961e+00,1.700666220645087634e+01
3.081999999999999851e+00,1.698998300820585783e+01
3.083000000000000185e+00,1.699153503724604164e+01
3.084000000000000075e+00,1.692570720628657455e+01
3.084999999999999964e+00,1.700329288619150603e+01
3.085999999999999854e+00,1.696225896585313464e+01
3.087000000000000188e+00,1.693965470108167537e+01
3.088000000000000078e+00,1.691709554067530519e+01
3.088999999999999968e+00,1.697377014762379943e+01
3.089999999999999858e+00,1.692194672540209410e+01
3.091000000000000192e+00,1.697723425429887811e+01
3.092000000000000082e+00,1.699300778740864715e+01
3.092999999999999972e+00,1.702360948320482237e+01
3.093999999999999861e+00,1.692965408175189523e+01
3.095000000000000195e+00,1.701433822995116785e+01
3.096000000000000085e+00,1.705469531984542897e+01
3.096999999999999975e+00,1.703060803582593508e+01
3.097999999999999865e+00,1.694580589929573478e+01
3.099000000000000199e+00,1.703286701365132672e+01
3.100000000000000089e+00,1.696711998565481849e+01
3.100999999999999979e+00,1.700742978273643047e+01
3.101999999999999869e+00,1.700126076368771422e+01
3.103000000000000203e+00,1.697082150215252128e+01
3.104000000000000092e+00,1.693912448791177994e+01
3.104999999999999982e+00,1.699803988898760565e+01
3.105999999999999872e+00,1.694382775898738913e+01
3.107000000000000206e+00,1.696192511496880329e+01
3.108000000000000096e+00,1.693079224164588226e+01
3.108999999999999986e+00,1.693853257096544240e+01
3.109999999999999876e+00,1.700210853426757041e+01
3.111000000000000210e+00,1.700075119747037533e+01
3.112000000000000099e+00,1.694490648678741351e+01
3.112999999999999989e+00,1.698246506918734156e+01
3.113999999999999879e+00,1.698509666173386634e+01
3.115000000000000213e+00,1.701759939567865132e+01
3.116000000000000103e+00,1.700085917464122787e+01
3.116999999999999993e+00,1.698282758587880181e+01
3.117999999999999883e+00,1.696037786381141643e+01
3.119000000000000217e+00,1.694769256716109140e+01
3.120000000000000107e+00,1.697654040066881365e+01
3.120999999999999996e+00,1.686363811695809645e+01
3.121999999999999886e+00,1.695002177118881193e+01
3.123000000000000220e+00,1.706870074584459473e+01
3.124000000000000110e+00,1.694493375200325858e+01
3.125000000000000000e+00,1.706119833038902556e+01
3.125999999999999890e+00,1.704351465909616792e+01
3.126999999999999780e+00,1.700302232522637880e+01
3.128000000000000114e+00,1.702469559090488005e+01
3.129000000000000004e+00,1.707282101685287756e+01
3.129999999999999893e+00,1.698334790339031386e+01
3.130999999999999783e+00,1.703714555537417397e+01
3.132000000000000117e+00,1.699953248850492571e+01
3.133000000000000007e+00,1.693778319483392281e+01
3.133999999999999897e+00,1.700463329474103702e+01
3.134999999999999787e+00,1.702689898560756276e+01
3.136000000000000121e+00,1.696060698384558663e+01
3.137000000000000011e+00,1.702508487024083550e+01
3.137999999999999901e+00,1.705373009385076699e+01
3.138999999999999790e+00,1.697894090674734002e+01
3.140000000000000124e+00,1.703296567185892840e+01
3.141000000000000014e+00,1.701976188509902244e+01
3.141999999999999904e+00,1.694378373066922094e+01
3.142999999999999794e+00,1.693206953709763596e+01
3.144000000000000128e+00,1.692462245294561285e+01
3.145000000000000018e+00,1.693954563055845597e+01
3.145999999999999908e+00,1.689446046425458903e+01
3.146999999999999797e+00,1.691811698134985420e+01
3.148000000000000131e+00,1.685089573119466522e+01
3.149000000000000021e+00,1.687704802600222109e+01
3.149999999999999911e+00,1.685141396426842419e+01
3.150999999999999801e+00,1.689865213627133400e+01
3.152000000000000135e+00,1.700560303043442900e+01
3.153000000000000025e+00,1.696423673183756620e+01
3.153999999999999915e+00,1.693118664622709701e+01
3.154999999999999805e+00,1.694589850509435891e+01
3.156000000000000139e+00,1.701494121360673262e+01
3.157000000000000028e+00,1.698477193837804933e+01
3.157999999999999918e+00,1.689472746898343658e+01
3.158999999999999808e+00,1.695870227326578572e+01
3.160000000000000142e+00,1.692047731757463680e+01
3.161000000000000032e+00,1.691993553112059345e+01
3.161999999999999922e+00,1.693841831531986841e+01
3.162999999999999812e+00,1.697826762221472308e+01
3.164000000000000146e+00,1.686712932864833192e+01
3.165000000000000036e+00,1.687814198246104880e+01
3.165999999999999925e+00,1.692092668840563263e+01
3.166999999999999815e+00,1.686962084434964027e+01
3.168000000000000149e+00,1.695185111184288473e+01
3.169000000000000039e+00,1.694768322172656383e+01
3.169999999999999929e+00,1.690021466042152909e+01
3.170999999999999819e+00,1.695542395563751725e+01
3.172000000000000153e+00,1.690396074994155384e+01
3.173000000000000043e+00,1.698973179042996762e+01
3.173999999999999932e+00,1.693636579684027055e+01
3.174999999999999822e+00,1.688619903604240235e+01
3.176000000000000156e+00,1.688415992224905082e+01
3.177000000000000046e+00,1.686874919026503505e+01
3.177999999999999936e+00,1.687524535755878574e+01
3.178999999999999826e+00,1.685835776312012158e+01
3.180000000000000160e+00,1.693462967191901214e+01
3.181000000000000050e+00,1.689769910739923731e+01
3.181999999999999940e+00,1.690839103183942882e+01
3.182999999999999829e+00,1.687811533811964892e+01
3.184000000000000163e+00,1.687993791985864789e+01
3.185000000000000053e+00,1.687617202003137606e+01
3.185999999999999943e+00,1.687569660027295981e+01
3.186999999999999833e+00,1.696214775503757011e+01
3.188000000000000167e+00,1.697793676221601800e+01
3.189000000000000057e+00,1.697473433046129543e+01
3.189999999999999947e+00,1.691794203279039976e+01
3.190999999999999837e+00,1.696971840677246490e+01
3.192000000000000171e+00,1.688091294217166904e+01
3.193000000000000060e+00,1.698244531522544420e+01
3.193999999999999950e+00,1.693780479498195746e+01
3.194999999999999840e+00,1.694136563756387304e+01
3.196000000000000174e+00,1.690090948050231390e+01
3.197000000000000064e+00,1.692062242780594516e+01
3.197999999999999954e+00,1.692196441378341376e+01
3.198999999999999844e+00,1.693376163686328795e+01
3.200000000000000178e+00,1.693237945656050769e+01
3.201000000000000068e+00,1.688421413474180000e+01
3.201999999999999957e+00,1.692399978623951995e+01
3.202999999999999847e+00,1.692578225504847467e+01
3.204000000000000181e+00,1.695274290074208423e+01
3.205000000000000071e+00,1.695325240028309111e+01
3.205999999999999961e+00,1.694691374961294272e+01
3.206999999999999851e+00,1.698684352006435105e+01
3.208000000000000185e+00,1.686691544594981451e+01
3.209000000000000075e+00,1.693467091944644309e+01
3.209999999999999964e+00,1.692818542126428483e+01
3.210999999999999854e+00,1.690272212928470097e+01
3.212000000000000188e+00,1.695200122363224793e+01
3.213000000000000078e+00,1.682126714802554446e+01
3.213999999999999968e+00,1.690648016208549365e+01
3.214999999999999858e+00,1.694870127766034429e+01
3.216000000000000192e+00,1.696986661902899840e+01
3.217000000000000082e+00,1.695023709951788859e+01
3.217999999999999972e+00,1.695780300243849581e+01
3.218999999999999861e+00,1.686790978743733760e+01
3.220000000000000195e+00,1.693920203291921922e+01
3.221000000000000085e+00,1.690302681755820302e+01
3.221999999999999975e+00,1.687391128614776648e+01
3.222999999999999865e+00,1.688106115267847684e+01
3.224000000000000199e+00,1.690187093852219746e+01
3.225000000000000089e+00,1.692375780201109237e+01
3.225999999999999979e+00,1.694817408561468142e+01
3.226999999999999869e+00,1.686827715082917933e+01
3.228000000000000203e+00,1.689492041268993106e+01
3.229000000000000092e+00,1.690596212581615276e+01
3.229999999999999982e+00,1.692784665357115514e+01
3.230999999999999872e+00,1.684053480398142710e+01
3.232000000000000206e+00,1.686770663373107482e+01
3.233000000000000096e+00,1.686916292692281871e+01
3.233999999999999986e+00,1.685886411539635077e+01
3.234999999999999876e+00,1.693924646636092035e+01
3.236000000000000210e+00,1.683759191181133019e+01
3.237000000000000099e+00,1.687989930830752883e+01
3.237999999999999989e+00,1.691202495005361683e+01
3.238999999999999879e+00,1.690494603127547890e+01
3.240000000000000213e+00,1.698513951177395853e+01
3.241000000000000103e+00,1.692203138704792309e+01
3.241999999999999993e+00,1.688625104475360317e+01
3.242999999999999883e+00,1.689464404512620277e+01
3.244000000000000217e+00,1.693027010298084534e+01
3.245000000000000107e+00,1.690579620170043285e+01
3.245999999999999996e+00,1.691950133705847037e+01
3.246999999999999886e+00,1.688474474542728387e+01
3.248000000000000220e+00,1.692317557950121198e+01
3.249000000000000110e+00,1.693151559187281308e+01
3.250000000000000000e+00,1.689673440498215129e+01
3.250999999999999890e+00,1.691393690174681907e+01
3.251999999999999780e+00,1.691508292513848843e+01
3.253000000000000114e+00,1.688654396490143839e+01
3.254000000000000004e+00,1.689885673463375682e+01
3.254999999999999893e+00,1.691307330465798842e+01
3.255999999999999783e+00,1.692387837269961537e+01
3.257000000000000117e+00,1.692428693994841282e+01
3.258000000000000007e+00,1.686847906775407324e+01
3.258999999999999897e+00,1.693221598700231567e+01
3.259999999999999787e+00,1.686444538715119634e+01
3.261000000000000121e+00,1.686674301831789080e+01
3.262000000000000011e+00,1.687188503391843497e+01
3.262999999999999901e+00,1.698680228297571304e+01
3.263999999999999790e+00,1.690641894542322277e+01
3.265000000000000124e+00,1.693169354149507555e+01
3.266000000000000014e+00,1.696392968492091669e+01
3.266999999999999904e+00,1.695432211498712860e+01
3.267999999999999794e+00,1.691376975138854277e+01
3.269000000000000128e+00,1.692535780131518663e+01
3.270000000000000018e+00,1.691955847048643236e+01
3.270999999999999908e+00,1.698769606309145175e+01
3.271999999999999797e+00,1.699018586355177263e+01
3.273000000000000131e+00,1.698477340066687447e+01
3.274000000000000021e+00,1.696784074790091168e+01
3.274999999999999911e+00,1.703128618634363889e+01
3.275999999999999801e+00,1.699939741672581306e+01
3.277000000000000135e+00,1.700330972082866410e+01
3.278000000000000025e+00,1.699248357721255331e+01
3.278999999999999915e+00,1.695327830645837608e+01
3.279999999999999805e+00,1.692109833162638211e+01
3.281000000000000139e+00,1.699871546282070156e+01
3.282000000000000028e+00,1.693772853743881512e+01
3.282999999999999918e+00,1.694469944716854570e+01
3.283999999999999808e+00,1.697396975862050894e+01
3.285000000000000142e+00,1.699295544604138186e+01
3.286000000000000032e+00,1.699743371021485672e+01
3.286999999999999922e+00,1.689977613138329815e+01
3.287999999999999812e+00,1.698752515448972389e+01
3.289000000000000146e+00,1.691753817923132885e+01
3.290000000000000036e+00,1.691946765654835616e+01
3.290999999999999925e+00,1.699812295659076256e+01
3.291999999999999815e+00,1.699601251087037568e+01
3.293000000000000149e+00,1.697168986200549057e+01
3.294000000000000039e+00,1.688767124845596612e+01
3.294999999999999929e+00,1.698221493539340798e+01
3.295999999999999819e+00,1.689944637480799017e+01
3.297000000000000153e+00,1.693174813225154551e+01
3.298000000000000043e+00,1.688489497881581869e+01
3.298999999999999932e+00,1.691823829701108650e+01
3.299999999999999822e+00,1.692600954576069228e+01
3.301000000000000156e+00,1.692332001009404863e+01
3.302000000000000046e+00,1.693801539176427084e+01
3.302999999999999936e+00,1.691840721137348069e+01
3.303999999999999826e+00,1.695393161838393326e+01
3.305000000000000160e+00,1.692925280682697320e+01
3.306000000000000050e+00,1.691148460365670303e+01
3.306999999999999940e+00,1.697815375245885150e+01
3.307999999999999829e+00,1.695464251747761963e+01
3.309000000000000163e+00,1.691475327333242262e+01
3.310000000000000053e+00,1.703062018539499789e+01
3.310999999999999943e+00,1.685731743815998840e+01
3.311999999999999833e+00,1.697017518385468904e+01
3.313000000000000167e+00,1.696215926809456320e+01
3.314000000000000057e+00,1.691128339008370673e+01
3.314999999999999947e+00,1.694954254043209474e+01
3.315999999999999837e+00,1.699164563550126061e+01
3.317000000000000171e+00,1.702240385635194642e+01
3.318000000000000060e+00,1.696194265656104250e+01
3.318999999999999950e+00,1.693512700838036622e+01
3.319999999999999840e+00,1.694255297859627518e+01
3.321000000000000174e+00,1.695884141119163502e+01
3.322000000000000064e+00,1.698564341734384087e+01
3.322999999999999954e+00,1.691365666452238870e+01
3.323999999999999844e+00,1.693461623685963247e+01
3.325000000000000178e+00,1.697863514105709370e+01
3.326000000000000068e+00,1.694893804669086279e+01
3.326999999999999957e+00,1.698188568593053915e+01
3.327999999999999847e+00,1.698832345234079000e+01
3.329000000000000181e+00,1.695424967146417572e+01
3.330000000000000071e+00,1.698963323323576446e+01
3.330999999999999961e+00,1.690083656962478997e+01
3.331999999999999851e+00,1.694871540831325873e+01
3.333000000000000185e+00,1.694678527558440351e+01
3.334000000000000075e+00,1.687862088545907469e+01
3.334999999999999964e+00,1.702292613347064432e+01
3.335999999999999854e+00,1.698152154071103226e+01
3.337000000000000188e+00,1.694101767499224565e+01
3.338000000000000078e+00,1.693435096110518501e+01
3.338999999999999968e+00,1.697814614325234572e+01
3.339999999999999858e+00,1.693942418973000485e+01
3.341000000000000192e+00,1.692289328964409378e+01
3.342000000000000082e+00,1.688710684140969320e+01
3.342999999999999972e+00,1.690241417140630986e+01
3.343999999999999861e+00,1.689221417271002679e+01
3.345000000000000195e+00,1.692816824961570532e+01
3.346000000000000085e+00,1.692114379892400322e+01
3.346999999999999975e+00,1.699263258950135480e+01
3.347999999999999865e+00,1.696596551125134766e+01
3.349000000000000199e+00,1.691385154297336157e+01
3.350000000000000089e+00,1.699270672190522191e+01
3.350999999999999979e+00,1.694994234981510672e+01
3.351999999999999869e+00,1.693274259854515051e+01
3.353000000000000203e+00,1.699704166083661505e+01
3.354000000000000092e+00,1.697462647309754402e+01
3.354999999999999982e+00,1.694272969896407233e+01
3.355999999999999872e+00,1.697310338266526486e+01
3.357000000000000206e+00,1.694194468671163634e+01
3.358000000000000096e+00,1.701388640628628579e+01
3.358999999999999986e+00,1.694360172147237265e+01
3.359999999999999876e+00,1.695524571734481967e+01
3.361000000000000210e+00,1.691311847827140724e+01
3.362000000000000099e+00,1.694987767464174411e+01
3.362999999999999989e+00,1.695354970891553492e+01
3.363999999999999879e+00,1.690229254381307911e+01
3.365000000000000213e+00,1.699135385176760238e+01
3.366000000000000103e+00,1.700787991666009447e+01
3.366999999999999993e+00,1.692588602364131134e+01
3.367999999999999883e+00,1.694196351754512975e+01
3.369000000000000217e+00,1.696699265474888207e+01
3.370000000000000107e+00,1.699689068469367470e+01
3.370999999999999996e+00,1.693808596310237746e+01
3.371999999999999886e+00,1.691594982236648192e+01
3.373000000000000220e+00,1.690163798715438048e+01
3.374000000000000110e+00,1.691506971936746950e+01
3.375000000000000000e+00,1.687969123272617011e+01
3.375999999999999890e+00,1.693062859784118501e+01
3.376999999999999780e+00,1.685206999084508439e+01
3.378000000000000114e+00,1.700113506814840392e+01
3.379000000000000004e+00,1.689736945365559606e+01
3.379999999999999893e+00,1.693925944014826968e+01
3.380999999999999783e+00,1.692922993658028830e+01
3.382000000000000117e+00,1.691749660441137237e+01
3.383000000000000007e+00,1.695338537473713103e+01
3.383999999999999897e+00,1.690331210381041416e+01
3.384999999999999787e+00,1.694564038724770327e+01
3.386000000000000121e+00,1.697640409924108340e+01
3.387000000000000011e+00,1.695102059103245651e+01
3.387999999999999901e+00,1.693133588260820588e+01
3.388999999999999790e+00,1.694209330533723801e+01
3.390000000000000124e+00,1.695017982156661063e+01
3.391000000000000014e+00,1.693000327069955802e+01
3.391999999999999904e+00,1.697285015791098672e+01
3.392999999999999794e+00,1.701738393788748738e+01
3.394000000000000128e+00,1.699080329365773778e+01
3.395000000000000018e+00,1.702394686085806441e+01
3.395999999999999908e+00,1.702795375323741212e+01
3.396999999999999797e+00,1.702359241931628731e+01
3.398000000000000131e+00,1.703549616609477724e+01
3.399000000000000021e+00,1.705508819335268811e+01
3.399999999999999911e+00,1.703482550568364928e+01
3.400999999999999801e+00,1.701389024130392258e+01
3.402000000000000135e+00,1.708311638732447690e+01
3.403000000000000025e+00,1.698375762634080388e+01
3.403999999999999915e+00,1.700341658939249356e+01
3.404999999999999805e+00,1.703105771038948291e+01
3.406000000000000139e+00,1.698260699753095793e+01
3.407000000000000028e+00,1.696530664944387112e+01
3.407999999999999918e+00,1.693548558743915322e+01
3.408999999999999808e+00,1.697968271582397293e+01
3.410000000000000142e+00,1.698511281738030476e+01
3.411000000000000032e+00,1.697619543138905485e+01
3.411999999999999922e+00,1.703213100669679747e+01
3.412999999999999812e+00,1.698192522734510490e+01
3.414000000000000146e+00,1.699409172769276211e+01
3.415000000000000036e+00,1.705133154106268734e+01
3.415999999999999925e+00,1.696016237434030671e+01
3.416999999999999815e+00,1.699469121243346947e+01
3.418000000000000149e+00,1.697063757208058377e+01
3.419000000000000039e+00,1.701341959539544746e+01
3.419999999999999929e+00,1.706185527985961059e+01
3.420999999999999819e+00,1.704077004849840904e+01
3.422000000000000153e+00,1.707794190695660319e+01
3.423000000000000043e+00,1.709399792764909165e+01
3.423999999999999932e+00,1.717041942484215511e+01
3.424999999999999822e+00,1.708768125837565321e+01
3.426000000000000156e+00,1.711015259268122790e+01
3.427000000000000046e+00,1.705850926938693846e+01
3.427999999999999936e+00,1.709184952121360368e+01
3.428999999999999826e+00,1.711888209630410884e+01
3.430000000000000160e+00,1.709409543471564419e+01
3.431000000000000050e+00,1.707147655760573457e+01
3.431999999999999940e+00,1.711710088586317013e+01
3.432999999999999829e+00,1.705827762252879864e+01
3.434000000000000163e+00,1.705292549994787876e+01
3.435000000000000053e+00,1.714771279234384593e+01
3.435999999999999943e+00,1.713413037407185513e+01
3.436999999999999833e+00,1.713100798127678814e+01
3.438000000000000167e+00,1.709511842406865512e+01
3.439000000000000057e+00,1.707476190961370577e+01
3.439999999999999947e+00,1.706182348216551503e+01
3.440999999999999837e+00,1.710201697071052251e+01
3.442000000000000171e+00,1.711034799085888380e+01
3.443000000000000060e+00,1.705518719797603922e+01
3.443999999999999950e+00,1.706020497662305502e+01
3.444999999999999840e+00,1.705561093028647690e+01
3.446000000000000174e+00,1.708461471047618119e+01
3.447000000000000064e+00,1.706957447305900288e+01
3.447999999999999954e+00,1.709035550275765303e+01
3.448999999999999844e+00,1.710710194775729320e+01
3.450000000000000178e+00,1.705822632392060356e+01
3.451000000000000068e+00,1.702778482108972469e+01
3.451999999999999957e+00,1.708348805531108638e+01
3.452999999999999847e+00,1.704651377223426323e+01
3.454000000000000181e+00,1.703057129618444421e+01
3.455000000000000071e+00,1.703012490528428913e+01
3.455999999999999961e+00,1.706053020491235728e+01
3.456999999999999851e+00,1.708014543647693273e+01
3.458000000000000185e+00,1.710554691781271686e+01
3.459000000000000075e+00,1.706727265302882302e+01
3.459999999999999964e+00,1.713209699844001221e+01
3.460999999999999854e+00,1.713613840622566187e+01
3.462000000000000188e+00,1.713697930438909367e+01
3.463000000000000078e+00,1.708880337252682580e+01
3.463999999999999968e+00,1.707859263081934742e+01
3.464999999999999858e+00,1.712124628659801573e+01
3.466000000000000192e+00,1.703195656636026811e+01
3.467000000000000082e+00,1.706138039786760885e+01
3.467999999999999972e+00,1.707530415948096447e+01
3.468999999999999861e+00,1.707915290685469500e+01
3.470000000000000195e+00,1.705360834752464783e+01
3.471000000000000085e+00,1.700633087792820319e+01
3.471999999999999975e+00,1.702304230202103241e+01
3.472999999999999865e+00,1.703907868535450376e+01
3.474000000000000199e+00,1.703217993976188538e+01
3.475000000000000089e+00,1.703963089923873397e+01
3.475999999999999979e+00,1.705248866367918836e+01
3.476999999999999869e+00,1.709054167729824059e+01
3.478000000000000203e+00,1.702191050380590553e+01
3.479000000000000092e+00,1.706383399835938874e+01
3.479999999999999982e+00,1.717097829431181921e+01
3.480999999999999872e+00,1.715796655293459949e+01
3.482000000000000206e+00,1.715045728133130964e+01
3.483000000000000096e+00,1.703208248507464617e+01
3.483999999999999986e+00,1.719894723713909812e+01
3.484999999999999876e+00,1.715811058081139961e+01
3.486000000000000210e+00,1.727445457175804577e+01
3.487000000000000099e+00,1.725389614015020001e+01
3.487999999999999989e+00,1.722794353491420338e+01
3.488999999999999879e+00,1.721833550870793061e+01
3.490000000000000213e+00,1.727504782469491218e+01
3.491000000000000103e+00,1.727115926293406289e+01
3.491999999999999993e+00,1.707060099878402326e+01
3.492999999999999883e+00,1.712252629925104230e+01
3.494000000000000217e+00,1.710873156849759269e+01
3.495000000000000107e+00,1.714485628226797331e+01
3.495999999999999996e+00,1.714091494613237643e+01
3.496999999999999886e+00,1.710275439298965949e+01
3.498000000000000220e+00,1.713997872644590714e+01
3.499000000000000110e+00,1.710498334344323013e+01
3.500000000000000000e+00,1.720710599714890776e+01
3.500999999999999890e+00,1.716125853862977380e+01
3.501999999999999780e+00,1.722752428494053945e+01
3.503000000000000114e+00,1.733143028389872597e+01
3.504000000000000004e+00,1.727672798162159751e+01
3.504999999999999893e+00,1.733196133873547495e+01
3.505999999999999783e+00,1.735163772404795424e+01
3.507000000000000117e+00,1.720706854004385988e+01
3.508000000000000007e+00,1.720044521961219885e+01
3.508999999999999897e+00,1.718769266114470540e+01
3.509999999999999787e+00,1.725630621992329949e+01
3.511000000000000121e+00,1.716777733601891143e+01
3.512000000000000011e+00,1.720409624736221588e+01
3.512999999999999901e+00,1.716985684335908857e+01
3.513999999999999790e+00,1.713749279965235317e+01
3.515000000000000124e+00,1.712426786692305569e+01
3.516000000000000014e+00,1.712129372038097586e+01
3.516999999999999904e+00,1.712374045574556902e+01
3.517999999999999794e+00,1.720696765459243238e+01
3.519000000000000128e+00,1.719341220274021964e+01
3.520000000000000018e+00,1.715265916120288026e+01
3.520999999999999908e+00,1.718330353957124146e+01
3.521999999999999797e+00,1.728542019170860655e+01
3.523000000000000131e+00,1.730355597447341864e+01
3.524000000000000021e+00,1.727777220350684573e+01
3.524999999999999911e+00,1.717300457873738395e+01
3.525999999999999801e+00,1.721013293889358309e+01
3.527000000000000135e+00,1.717020336809016356e+01
3.528000000000000025e+00,1.718765830822863094e+01
3.528999999999999915e+00,1.713883840805695158e+01
3.529999999999999805e+00,1.718314958984539587e+01
3.531000000000000139e+00,1.720587517877576289e+01
3.532000000000000028e+00,1.718935055780535848e+01
3.532999999999999918e+00,1.716092113681104792e+01
3.533999999999999808e+00,1.719615686037089830e+01
3.535000000000000142e+00,1.716703757673399267e+01
3.536000000000000032e+00,1.721900120186707284e+01
3.536999999999999922e+00,1.719245527325912093e+01
3.537999999999999812e+00,1.728704402510495797e+01
3.539000000000000146e+00,1.721413547935803834e+01
3.540000000000000036e+00,1.721275142466337371e+01
3.540999999999999925e+00,1.720723334075734812e+01
3.541999999999999815e+00,1.726950303479307891e+01
3.543000000000000149e+00,1.718776425967660515e+01
3.544000000000000039e+00,1.720774379645730434e+01
3.544999999999999929e+00,1.720907275277295057e+01
3.545999999999999819e+00,1.716753251667779523e+01
3.547000000000000153e+00,1.723561519185203750e+01
3.548000000000000043e+00,1.716605041417655997e+01
3.548999999999999932e+00,1.725270501672942203e+01
3.549999999999999822e+00,1.727247007994457562e+01
3.551000000000000156e+00,1.727615322654879293e+01
3.552000000000000046e+00,1.733393296608984713e+01
3.552999999999999936e+00,1.728463069844070787e+01
3.553999999999999826e+00,1.725436305895290090e+01
3.555000000000000160e+00,1.733587620701032606e+01
3.556000000000000050e+00,1.731528575011821403e+01
3.556999999999999940e+00,1.729130349109079745e+01
3.557999999999999829e+00,1.737704176784185250e+01
3.559000000000000163e+00,1.737252062825589505e+01
3.560000000000000053e+00,1.750118248591389403e+01
3.560999999999999943e+00,1.732837181819122918e+01
3.561999999999999833e+00,1.726239380767375664e+01
3.563000000000000167e+00,1.726799802904246306e+01
3.564000000000000057e+00,1.721310931567328950e+01
3.564999999999999947e+00,1.726093712103563149e+01
3.565999999999999837e+00,1.719185281996108827e+01
3.567000000000000171e+00,1.727023977784228492e+01
3.568000000000000060e+00,1.723824039554264331e+01
3.568999999999999950e+00,1.726360734056889257e+01
3.569999999999999840e+00,1.729973057950449800e+01
3.571000000000000174e+00,1.723360649057420702e+01
3.572000000000000064e+00,1.725487223435892048e+01
3.572999999999999954e+00,1.729201313255405736e+01
3.573999999999999844e+00,1.732946138506261136e+01
3.575000000000000178e+00,1.727091532555373377e+01
3.576000000000000068e+00,1.726610373495668327e+01
3.576999999999999957e+00,1.733766820723995039e+01
3.577999999999999847e+00,1.724683117147863953e+01
3.579000000000000181e+00,1.723864048644437119e+01
3.580000000000000071e+00,1.727473450093647855e+01
3.580999999999999961e+00,1.729124982631036289e+01
3.581999999999999851e+00,1.723105427141369717e+01
3.583000000000000185e+00,1.724155575586806677e+01
3.584000000000000075e+00,1.717054153895431057e+01
3.584999999999999964e+00,1.727528670934320587e+01
3.585999999999999854e+00,1.719233054367914804e+01
3.587000000000000188e+00,1.720861266629920294e+01
3.588000000000000078e+00,1.723342412939079793e+01
3.588999999999999968e+00,1.731465459405759333e+01
3.589999999999999858e+00,1.722366947908079737e+01
3.591000000000000192e+00,1.725781022866416237e+01
3.592000000000000082e+00,1.726195343545884242e+01
3.592999999999999972e+00,1.733214990353830132e+01
3.593999999999999861e+00,1.731037678449261463e+01
3.595000000000000195e+00,1.724301148430544472e+01
3.596000000000000085e+00,1.718915423980099888e+01
3.596999999999999975e+00,1.724593131724303419e+01
3.597999999999999865e+00,1.729707519206354149e+01
3.599000000000000199e+00,1.715765847165822677e+01
3.600000000000000089e+00,1.723818527603610562e+01
3.600999999999999979e+00,1.722392719755291424e+01
3.601999999999999869e+00,1.724174698350274682e+01
3.603000000000000203e+00,1.726198878984693152e+01
3.604000000000000092e+00,1.727523364815461449e+01
3.604999999999999982e+00,1.720395549336469188e+01
3.605999999999999872e+00,1.727766746597008662e+01
3.607000000000000206e+00,1.735277106236282307e+01
3.608000000000000096e+00,1.732845672811649607e+01
3.608999999999999986e+00,1.727165574816310922e+01
3.609999999999999876e+00,1.727160908606692047e+01
3.611000000000000210e+00,1.721299452927177143e+01
3.612000000000000099e+00,1.718981166063784727e+01
3.612999999999999989e+00,1.726137822933867838e+01
3.613999999999999879e+00,1.727209904438230126e+01
3.615000000000000213e+00,1.729560885849255669e+01
3.616000000000000103e+00,1.730279676523409194e+01
3.616999999999999993e+00,1.730372989314884080e+01
3.617999999999999883e+00,1.734509075942007073e+01
3.619000000000000217e+00,1.748492274817449399e+01
3.620000000000000107e+00,1.747655095620986287e+01
3.620999999999999996e+00,1.748082122333497068e+01
3.621999999999999886e+00,1.749113337021496761e+01
3.623000000000000220e+00,1.753468565236859433e+01
3.624000000000000110e+00,1.751207123156671130e+01
3.625000000000000000e+00,1.741927315507569674e+01
3.625999999999999890e+00,1.741333473894357198e+01
3.626999999999999780e+00,1.748242778958261567e+01
3.628000000000000114e+00,1.733574939424069328e+01
3.629000000000000004e+00,1.730660457652906103e+01
3.629999999999999893e+00,1.737497005679992057e+01
3.630999999999999783e+00,1.737021425489334803e+01
3.632000000000000117e+00,1.730591690204490263e+01
3.633000000000000007e+00,1.728643958883205300e+01
3.633999999999999897e+00,1.721305927822371018e+01
3.634999999999999787e+00,1.720842828165280736e+01
3.636000000000000121e+00,1.736251482582737893e+01
3.637000000000000011e+00,1.728654832950527975e+01
3.637999999999999901e+00,1.739892634164420926e+01
3.638999999999999790e+00,1.729150022284106925e+01
3.640000000000000124e+00,1.729739375609347363e+01
3.641000000000000014e+00,1.738716653669102641e+01
3.641999999999999904e+00,1.731610690806639852e+01
3.642999999999999794e+00,1.738334295356207804e+01
3.644000000000000128e+00,1.733157351596308615e+01
3.645000000000000018e+00,1.729489428202118972e+01
3.645999999999999908e+00,1.727617978907018781e+01
3.646999999999999797e+00,1.726563008665992527e+01
3.648000000000000131e+00,1.723196519520778480e+01
3.649000000000000021e+00,1.728233319667128143e+01
3.649999999999999911e+00,1.726717670852737285e+01
3.650999999999999801e+00,1.718539628487605953e+01
3.652000000000000135e+00,1.726694679716417369e+01
3.653000000000000025e+00,1.721930772111452868e+01
3.653999999999999915e+00,1.717049492282663437e+01
3.654999999999999805e+00,1.722515943361035440e+01
3.656000000000000139e+00,1.714528090942844329e+01
3.657000000000000028e+00,1.711000381493585110e+01
3.657999999999999918e+00,1.714411461602680831e+01
3.658999999999999808e+00,1.717394852887348122e+01
3.660000000000000142e+00,1.711423704772206733e+01
3.661000000000000032e+00,1.709760217008603078e+01
3.661999999999999922e+00,1.718597445922031497e+01
3.662999999999999812e+00,1.705996005969336338e+01
3.664000000000000146e+00,1.709831757937429586e+01
3.665000000000000036e+00,1.702215478570903429e+01
3.665999999999999925e+00,1.700642986596472284e+01
3.666999999999999815e+00,1.702674362709247902e+01
3.668000000000000149e+00,1.705350626181638418e+01
3.669000000000000039e+00,1.700530828641069547e+01
3.669999999999999929e+00,1.703631925789287749e+01
3.670999999999999819e+00,1.702980274163095586e+01
3.672000000000000153e+00,1.703715482853053942e+01
3.673000000000000043e+00,1.702869827465738695e+01
3.673999999999999932e+00,1.702600332347185130e+01
3.674999999999999822e+00,1.714907656494837696e+01
3.676000000000000156e+00,1.707546557759633998e+01
3.677000000000000046e+00,1.709755795289787272e+01
3.677999999999999936e+00,1.708481761795492915e+01
3.678999999999999826e+00,1.708167472662452724e+01
3.680000000000000160e+00,1.704874101484276849e+01
3.681000000000000050e+00,1.711668317303590570e+01
3.681999999999999940e+00,1.704342744953795474e+01
3.682999999999999829e+00,1.702836331402926362e+01
3.684000000000000163e+00,1.708110510147182382e+01
3.685000000000000053e+00,1.701190535991788977e+01
3.685999999999999943e+00,1.704179149505534596e+01
3.686999999999999833e+00,1.705972765160721849e+01
3.688000000000000167e+00,1.703924422378625181e+01
3.689000000000000057e+00,1.710485347452235061e+01
3.689999999999999947e+00,1.708592858006579362e+01
3.690999999999999837e+00,1.708535979483861666e+01
3.692000000000000171e+00,1.704513558243912641e+01
3.693000000000000060e+00,1.709807444967447410e+01
3.693999999999999950e+00,1.710902490896103600e+01
3.694999999999999840e+00,1.712726210122475479e+01
3.696000000000000174e+00,1.712826074858416803e+01
3.697000000000000064e+00,1.708671261053643065e+01
3.697999999999999954e+00,1.702528161057988143e+01
3.698999999999999844e+00,1.706632743272630393e+01
3.700000000000000178e+00,1.711105258650225025e+01
3.701000000000000068e+00,1.708914164317808826e+01
3.701999999999999957e+00,1.709727652975746182e+01
3.702999999999999847e+00,1.707639716417472897e+01
3.704000000000000181e+00,1.703720777200818759e+01
3.705000000000000071e+00,1.708161926097479011e+01
3.705999999999999961e+00,1.709280857737181947e+01
3.706999999999999851e+00,1.707628932268697852e+01
3.708000000000000185e+00,1.703202619759873571e+01
3.709000000000000075e+00,1.709435327396704807e+01
3.709999999999999964e+00,1.713720144264661016e+01
3.710999999999999854e+00,1.710201540858276203e+01
3.712000000000000188e+00,1.703138287288877706e+01
3.713000000000000078e+00,1.702035911888465236e+01
3.713999999999999968e+00,1.705537229652237485e+01
3.714999999999999858e+00,1.713868950869469288e+01
3.716000000000000192e+00,1.711588535410525935e+01
3.717000000000000082e+00,1.714337808373429795e+01
3.717999999999999972e+00,1.716358097856182496e+01
3.718999999999999861e+00,1.714988893599175057e+01
3.720000000000000195e+00,1.710897366246768314e+01
3.721000000000000085e+00,1.714552532709046417e+01
3.721999999999999975e+00,1.711347585781925673e+01
3.722999999999999865e+00,1.711580825161820485e+01
3.724000000000000199e+00,1.705284917922352861e+01
3.725000000000000089e+00,1.704875042052798406e+01
3.725999999999999979e+00,1.698695739545127736e+01
3.726999999999999869e+00,1.707570576437483822e+01
3.728000000000000203e+00,1.701442030902771307e+01
3.729000000000000092e+00,1.704431349393057360e+01
3.729999999999999982e+00,1.706503733464859351e+01
3.730999999999999872e+00,1.705437986749431900e+01
3.732000000000000206e+00,1.701213110940723894e+01
3.733000000000000096e+00,1.702512766705597969e+01
3.733999999999999986e+00,1.713952374080761132e+01
3.734999999999999876e+00,1.712043763873565183e+01
3.736000000000000210e+00,1.710182564359821100e+01
3.737000000000000099e+00,1.708897924545224711e+01
3.737999999999999989e+00,1.708946123544979301e+01
3.738999999999999879e+00,1.711990436013040551e+01
3.740000000000000213e+00,1.715327277637660686e+01
3.741000000000000103e+00,1.708577112187912661e+01
3.741999999999999993e+00,1.717273670559152166e+01
3.742999999999999883e+00,1.707984293534986264e+01
3.744000000000000217e+00,1.713015506142957634e+01
3.745000000000000107e+00,1.716956940401746934e+01
3.745999999999999996e+00,1.716172859809167051e+01
3.746999999999999886e+00,1.716899739144307802e+01
3.748000000000000220e+00,1.707180422741538450e+01
3.749000000000000110e+00,1.720083809846409650e+01
3.750000000000000000e+00,1.715177945347716459e+01
3.750999999999999890e+00,1.714644317284279040e+01
3.751999999999999780e+00,1.715031468710571616e+01
3.753000000000000114e+00,1.708003793576355278e+01
3.754000000000000004e+00,1.707110349609536470e+01
3.754999999999999893e+00,1.706743272849308468e+01
3.755999999999999783e+00,1.705827390531699450e+01
3.757000000000000117e+00,1.717902750904783460e+01
3.758000000000000007e+00,1.710736263099425258e+01
3.758999999999999897e+00,1.707767693839007705e+01
3.759999999999999787e+00,1.704404189073046183e+01
3.761000000000000121e+00,1.705039136695442181e+01
3.762000000000000011e+00,1.711422480585803996e+01
3.762999999999999901e+00,1.696095053585338164e+01
3.763999999999999790e+00,1.696933525112299534e+01
3.765000000000000124e+00,1.699207595247884228e+01
3.766000000000000014e+00,1.698312854000316463e+01
3.766999999999999904e+00,1.704753746074175780e+01
3.767999999999999794e+00,1.701676772722520070e+01
3.769000000000000128e+00,1.705388576424914504e+01
3.770000000000000018e+00,1.712707448358042583e+01
3.770999999999999908e+00,1.703707531544601395e+01
3.771999999999999797e+00,1.704189216949619023e+01
3.773000000000000131e+00,1.705926992273288789e+01
3.774000000000000021e+00,1.715110386418936628e+01
3.774999999999999911e+00,1.702537805653006231e+01
3.775999999999999801e+00,1.700047546794601061e+01
3.777000000000000135e+00,1.703396243580157687e+01
3.778000000000000025e+00,1.696721788809672304e+01
3.778999999999999915e+00,1.701738765259450048e+01
3.779999999999999805e+00,1.699944732941191106e+01
3.781000000000000139e+00,1.700962677505431486e+01
3.782000000000000028e+00,1.703875795914400015e+01
3.782999999999999918e+00,1.704204330717940152e+01
3.783999999999999808e+00,1.701370812531981258e+01
3.785000000000000142e+00,1.699862815483795941e+01
3.786000000000000032e+00,1.703082676652926608e+01
3.786999999999999922e+00,1.705406671269624752e+01
3.787999999999999812e+00,1.696876654097973969e+01
3.789000000000000146e+00,1.696830326829277880e+01
3.790000000000000036e+00,1.693903211714254553e+01
3.790999999999999925e+00,1.700779035409653162e+01
3.791999999999999815e+00,1.698329800171065784e+01
3.793000000000000149e+00,1.704954102691551299e+01
3.794000000000000039e+00,1.704921129614896103e+01
3.794999999999999929e+00,1.703731331730160292e+01
3.795999999999999819e+00,1.704058004333071352e+01
3.797000000000000153e+00,1.699309239445728892e+01
3.798000000000000043e+00,1.696197254695253065e+01
3.798999999999999932e+00,1.701030346403670279e+01
3.799999999999999822e+00,1.698105035937260965e+01
3.801000000000000156e+00,1.693618144006805792e+01
3.802000000000000046e+00,1.697328690203478629e+01
3.802999999999999936e+00,1.696772946274837679e+01
3.803999999999999826e+00,1.692751250897608628e+01
3.805000000000000160e+00,1.695670938141930861e+01
3.806000000000000050e+00,1.690621847709890702e+01
3.806999999999999940e+00,1.693363905069928776e+01
3.807999999999999829e+00,1.693050457613900051e+01
3.809000000000000163e+00,1.690404349794707528e+01
3.810000000000000053e+00,1.690884000345854687e+01
3.810999999999999943e+00,1.690608736255085631e+01
3.811999999999999833e+00,1.700181028636274760e+01
3.813000000000000167e+00,1.696621590953036929e+01
3.814000000000000057e+00,1.693502717520481582e+01
3.814999999999999947e+00,1.693194851904616627e+01
3.815999999999999837e+00,1.694602091302906643e+01
3.817000000000000171e+00,1.699718683656572438e+01
3.818000000000000060e+00,1.697545694340148970e+01
3.818999999999999950e+00,1.700424601275735981e+01
3.819999999999999840e+00,1.691299215963790914e+01
3.821000000000000174e+00,1.703215186368809952e+01
3.822000000000000064e+00,1.697209302644830231e+01
3.822999999999999954e+00,1.703129593959817711e+01
3.823999999999999844e+00,1.701633534189947028e+01
3.825000000000000178e+00,1.699192004661514943e+01
3.826000000000000068e+00,1.700130708526623735e+01
3.826999999999999957e+00,1.692393022238422162e+01
3.827999999999999847e+00,1.695865469576974149e+01
3.829000000000000181e+00,1.695863188925141429e+01
3.830000000000000071e+00,1.697267822564012008e+01
3.830999999999999961e+00,1.696938456178654064e+01
3.831999999999999851e+00,1.702122051203767583e+01
3.833000000000000185e+00,1.699640395936876303e+01
3.834000000000000075e+00,1.700676564694685666e+01
3.834999999999999964e+00,1.709578337013333638e+01
3.835999999999999854e+00,1.699264870907853719e+01
3.837000000000000188e+00,1.704470952397597117e+01
3.838000000000000078e+00,1.703473468681320213e+01
3.838999999999999968e+00,1.698456063514309378e+01
3.839999999999999858e+00,1.694879302956582023e+01
3.841000000000000192e+00,1.698653264501736970e+01
3.842000000000000082e+00,1.700372413846881869e+01
3.842999999999999972e+00,1.692428061589386346e+01
3.843999999999999861e+00,1.696489965365008601e+01
3.845000000000000195e+00,1.690524790203771133e+01
3.846000000000000085e+00,1.699259548518224960e+01
3.846999999999999975e+00,1.701036601461284192e+01
3.847999999999999865e+00,1.695190311344658340e+01
3.849000000000000199e+00,1.692619103325749919e+01
3.850000000000000089e+00,1.701323474255710266e+01
3.850999999999999979e+00,1.703087848710191921e+01
3.851999999999999869e+00,1.693938888103367191e+01
3.853000000000000203e+00,1.699563545176569690e+01
3.854000000000000092e+00,1.694404342567184329e+01
3.854999999999999982e+00,1.698845566446406963e+01
3.855999999999999872e+00,1.698538689955107017e+01
3.857000000000000206e+00,1.695306157016964477e+01
3.858000000000000096e+00,1.702124660116063382e+01
3.858999999999999986e+00,1.695751561959247056e+01
3.859999999999999876e+00,1.706020561114032574e+01
3.861000000000000210e+00,1.701000361840160124e+01
3.862000000000000099e+00,1.698755849829691655e+01
3.862999999999999989e+00,1.698123808624572462e+01
3.863999999999999879e+00,1.692393337606715420e+01
3.865000000000000213e+00,1.698155887383533269e+01
3.866000000000000103e+00,1.695732852901137377e+01
3.866999999999999993e+00,1.697628444360296029e+01
3.867999999999999883e+00,1.695694163750589922e+01
3.869000000000000217e+00,1.692529665255254656e+01
3.870000000000000107e+00,1.697595815304529410e+01
3.870999999999999996e+00,1.691874529578507236e+01
3.871999999999999886e+00,1.694401994777423326e+01
3.873000000000000220e+00,1.689106656335460954e+01
3.874000000000000110e+00,1.694589864388631639e+01
3.875000000000000000e+00,1.691998170954412473e+01
3.875999999999999890e+00,1.692019838140526033e+01
3.876999999999999780e+00,1.688846767685171102e+01
3.878000000000000114e+00,1.698939107239134927e+01
3.879000000000000004e+00,1.697326727014758774e+01
3.879999999999999893e+00,1.697526413396393963e+01
3.880999999999999783e+00,1.705285760474853873e+01
3.882000000000000117e+00,1.704819453213367453e+01
3.883000000000000007e+00,1.701311573548352740e+01
3.883999999999999897e+00,1.710750577327054245e+01
3.884999999999999787e+00,1.707948988410640467e+01
3.886000000000000121e+00,1.704643283466059245e+01
3.887000000000000011e+00,1.707592075578708801e+01
3.887999999999999901e+00,1.707448272412007384e+01
3.888999999999999790e+00,1.702151573248765004e+01
3.890000000000000124e+00,1.706940337338394542e+01
3.891000000000000014e+00,1.702716757957584548e+01
3.891999999999999904e+00,1.698970506203527009e+01
3.892999999999999794e+00,1.700154390350121858e+01
3.894000000000000128e+00,1.701132736092910491e+01
3.895000000000000018e+00,1.701668541013185276e+01
3.895999999999999908e+00,1.704543684374871404e+01
3.896999999999999797e+00,1.704347103791827323e+01
3.898000000000000131e+00,1.715993863201707015e+01
3.899000000000000021e+00,1.714516345961147081e+01
3.899999999999999911e+00,1.710378475737817183e+01
3.900999999999999801e+00,1.710990934983155753e+01
3.902000000000000135e+00,1.706916663765268538e+01
3.903000000000000025e+00,1.710082927108351569e+01
3.903999999999999915e+00,1.710807857980585922e+01
3.904999999999999805e+00,1.718116243582369407e+01
3.906000000000000139e+00,1.709996651080496832e+01
3.907000000000000028e+00,1.701801584986228733e+01
3.907999999999999918e+00,1.713974744775100945e+01
3.908999999999999808e+00,1.710464647505980196e+01
3.910000000000000142e+00,1.708661816005788836e+01
3.911000000000000032e+00,1.709754339537259682e+01
3.911999999999999922e+00,1.706252301837081475e+01
3.912999999999999812e+00,1.712293992235382234e+01
3.914000000000000146e+00,1.707831893967356507e+01
3.915000000000000036e+00,1.705625611122296448e+01
3.915999999999999925e+00,1.713798177917630738e+01
3.916999999999999815e+00,1.709221691019224565e+01
3.918000000000000149e+00,1.708561845728525341e+01
3.919000000000000039e+00,1.717553758252358165e+01
3.919999999999999929e+00,1.711550032307813751e+01
3.920999999999999819e+00,1.707258778420455059e+01
3.922000000000000153e+00,1.708632697804474532e+01
3.923000000000000043e+00,1.703700810774444818e+01
3.923999999999999932e+00,1.709319143083730097e+01
3.924999999999999822e+00,1.708817106301196631e+01
3.926000000000000156e+00,1.708498171198101900e+01
3.927000000000000046e+00,1.708631359175133468e+01
3.927999999999999936e+00,1.709086855961566442e+01
3.928999999999999826e+00,1.709645560938398035e+01
3.930000000000000160e+00,1.708719040651467225e+01
3.931000000000000050e+00,1.705411708779421076e+01
3.931999999999999940e+00,1.708137333420641468e+01
3.932999999999999829e+00,1.703215128545429025e+01
3.934000000000000163e+00,1.715437382831015967e+01
3.935000000000000053e+00,1.709379146942456984e+01
3.935999999999999943e+00,1.714208812305248841e+01
3.936999999999999833e+00,1.713657938714232998e+01
3.938000000000000167e+00,1.704362819942260998e+01
3.939000000000000057e+00,1.710330327690188312e+01
3.939999999999999947e+00,1.711374823583650695e+01
3.940999999999999837e+00,1.713906674626799997e+01
3.942000000000000171e+00,1.700651469507769420e+01
3.943000000000000060e+00,1.700354400072831496e+01
3.943999999999999950e+00,1.701222586950838433e+01
3.944999999999999840e+00,1.700581766985794729e+01
3.946000000000000174e+00,1.699037314384381858e+01
3.947000000000000064e+00,1.699872787178668077e+01
3.947999999999999954e+00,1.702581867220104073e+01
3.948999999999999844e+00,1.705629434098256780e+01
3.950000000000000178e+00,1.700275755545937173e+01
3.951000000000000068e+00,1.701046180723025003e+01
3.951999999999999957e+00,1.706027636708267892e+01
3.952999999999999847e+00,1.702236896426821744e+01
3.954000000000000181e+00,1.692300572139758330e+01
3.955000000000000071e+00,1.691343219527954389e+01
3.955999999999999961e+00,1.697349353090150359e+01
3.956999999999999851e+00,1.692051606669798858e+01
3.958000000000000185e+00,1.695948532106111983e+01
3.959000000000000075e+00,1.698235381052981907e+01
3.959999999999999964e+00,1.697919650281096438e+01
3.960999999999999854e+00,1.699211724645959976e+01
3.962000000000000188e+00,1.700250274062856093e+01
3.963000000000000078e+00,1.694507924560359413e+01
3.963999999999999968e+00,1.696210066098171509e+01
3.964999999999999858e+00,1.707020205011900771e+01
3.966000000000000192e+00,1.706024184140862587e+01
3.967000000000000082e+00,1.700530261871254467e+01
3.967999999999999972e+00,1.703195270561960584e+01
3.968999999999999861e+00,1.698139968971739577e+01
3.970000000000000195e+00,1.703918064855380621e+01
3.971000000000000085e+00,1.699696837153020823e+01
3.971999999999999975e+00,1.696044675614130881e+01
3.972999999999999865e+00,1.695136862702439728e+01
3.974000000000000199e+00,1.701681996839619870e+01
3.975000000000000089e+00,1.702901850920554949e+01
3.975999999999999979e+00,1.701762522290440316e+01
3.976999999999999869e+00,1.696659137723807120e+01
3.978000000000000203e+00,1.693265674913320495e+01
3.979000000000000092e+00,1.695870496782393744e+01
3.979999999999999982e+00,1.691354898559469433e+01
3.980999999999999872e+00,1.693056608269228747e+01
3.982000000000000206e+00,1.693580310287173774e+01
3.983000000000000096e+00,1.693325626487878210e+01
3.983999999999999986e+00,1.687219424635530629e+01
3.984999999999999876e+00,1.687968438305110297e+01
3.986000000000000210e+00,1.688883538750050661e+01
3.987000000000000099e+00,1.686760851380447690e+01
3.987999999999999989e+00,1.695393060385460160e+01
3.988999999999999879e+00,1.690725665057186333e+01
3.990000000000000213e+00,1.693028967986064970e+01
3.991000000000000103e+00,1.692983157959884721e+01
3.991999999999999993e+00,1.690360750778311072e+01
3.992999999999999883e+00,1.694370330776064648e+01
3.994000000000000217e+00,1.696045957390776593e+01
3.995000000000000107e+00,1.688855989473288943e+01
3.995999999999999996e+00,1.694026470208601154e+01
3.996999999999999886e+00,1.694200698254524795e+01
3.998000000000000220e+00,1.703239260934656230e+01
3.999000000000000110e+00,1.698009593707006815e+01
4.000000000000000000e+00,1.689544774962570983e+01
4.001000000000000334e+00,1.700075677822948350e+01
4.001999999999999780e+00,1.698327540735285623e+01
4.003000000000000114e+00,1.691790073929416849e+01
4.003999999999999559e+00,1.693580386263431237e+01
4.004999999999999893e+00,1.699289573424299249e+01
4.006000000000000227e+00,1.694124043398453594e+01
4.006999999999999673e+00,1.690830923858116819e+01
4.008000000000000007e+00,1.700155418790107476e+01
4.009000000000000341e+00,1.696084408159415347e+01
4.009999999999999787e+00,1.693563047479887373e+01
4.011000000000000121e+00,1.690348949148565794e+01
4.011999999999999567e+00,1.695292055524970110e+01
4.012999999999999901e+00,1.695757387207268252e+01
4.014000000000000234e+00,1.700627242454980959e+01
4.014999999999999680e+00,1.694609679368014099e+01
4.016000000000000014e+00,1.692203583113819576e+01
4.017000000000000348e+00,1.694636691723452770e+01
4.017999999999999794e+00,1.692353629927436032e+01
4.019000000000000128e+00,1.697874874443805382e+01
4.019999999999999574e+00,1.697043168712324501e+01
4.020999999999999908e+00,1.689811159512802874e+01
4.022000000000000242e+00,1.698906431893958313e+01
4.022999999999999687e+00,1.689475710596574487e+01
4.024000000000000021e+00,1.699686743724990379e+01
4.025000000000000355e+00,1.690277723054962422e+01
4.025999999999999801e+00,1.698853554319631698e+01
4.027000000000000135e+00,1.690441690343965675e+01
4.027999999999999581e+00,1.695793903835614813e+01
4.028999999999999915e+00,1.688782185011459092e+01
4.030000000000000249e+00,1.690162036162685766e+01
4.030999999999999694e+00,1.693578343501578232e+01
4.032000000000000028e+00,1.690685881827967307e+01
4.033000000000000362e+00,1.696042189744541773e+01
4.033999999999999808e+00,1.692017154326014605e+01
4.035000000000000142e+00,1.699428598575410376e+01
4.035999999999999588e+00,1.688257333633168855e+01
4.036999999999999922e+00,1.692446106510467629e+01
4.038000000000000256e+00,1.689970147465696826e+01
4.038999999999999702e+00,1.687619059194142324e+01
4.040000000000000036e+00,1.694180684808220860e+01
4.041000000000000369e+00,1.684600484975208445e+01
4.041999999999999815e+00,1.690558160509541352e+01
4.043000000000000149e+00,1.697422823343076459e+01
4.043999999999999595e+00,1.689602191410887500e+01
4.044999999999999929e+00,1.695017011147433550e+01
4.046000000000000263e+00,1.692737818786119419e+01
4.046999999999999709e+00,1.699930246425148539e+01
4.048000000000000043e+00,1.697742931378905240e+01
4.049000000000000377e+00,1.692977101942571139e+01
4.049999999999999822e+00,1.698807795850626334e+01
4.051000000000000156e+00,1.699441736714431173e+01
4.051999999999999602e+00,1.694170042048179425e+01
4.052999999999999936e+00,1.694075873853765657e+01
4.054000000000000270e+00,1.698109414807593609e+01
4.054999999999999716e+00,1.699040006363156863e+01
4.056000000000000050e+00,1.698090171332277976e+01
4.057000000000000384e+00,1.697595683584026460e+01
4.057999999999999829e+00,1.702126068407985571e+01
4.059000000000000163e+00,1.703944660701277058e+01
4.059999999999999609e+00,1.695535184777677529e+01
4.060999999999999943e+00,1.690336878729927506e+01
4.062000000000000277e+00,1.704799376915977405e+01
4.062999999999999723e+00,1.694572362369211760e+01
4.064000000000000057e+00,1.703724543055077234e+01
4.065000000000000391e+00,1.705456724622273512e+01
4.065999999999999837e+00,1.699489182438178858e+01
4.067000000000000171e+00,1.701558723387915961e+01
4.067999999999999616e+00,1.702320127546855844e+01
4.068999999999999950e+00,1.700878773927510323e+01
4.070000000000000284e+00,1.701299806306215601e+01
4.070999999999999730e+00,1.696696803219307625e+01
4.072000000000000064e+00,1.709128829006144201e+01
4.073000000000000398e+00,1.700680873466991727e+01
4.073999999999999844e+00,1.701752364703378362e+01
4.075000000000000178e+00,1.703671818902131463e+01
4.075999999999999623e+00,1.699302627898888218e+01
4.076999999999999957e+00,1.697636767526991619e+01
4.078000000000000291e+00,1.702158441218675478e+01
4.078999999999999737e+00,1.697078474543713611e+01
4.080000000000000071e+00,1.701550719405304335e+01
4.081000000000000405e+00,1.696905325670813269e+01
4.081999999999999851e+00,1.700076695102583813e+01
4.083000000000000185e+00,1.691602564897591066e+01
4.083999999999999631e+00,1.690198425355570322e+01
4.084999999999999964e+00,1.692067682226386793e+01
4.086000000000000298e+00,1.691643143090859169e+01
4.086999999999999744e+00,1.694940543390407584e+01
4.088000000000000078e+00,1.691664962763414337e+01
4.089000000000000412e+00,1.693016310147507042e+01
4.089999999999999858e+00,1.691876617280482975e+01
4.091000000000000192e+00,1.685176997069837768e+01
4.091999999999999638e+00,1.690368536431439850e+01
4.092999999999999972e+00,1.697825871490958960e+01
4.094000000000000306e+00,1.689851286187783330e+01
4.094999999999999751e+00,1.689184605891622581e+01
4.096000000000000085e+00,1.695336034029702077e+01
4.097000000000000419e+00,1.691265405192241644e+01
4.097999999999999865e+00,1.688757153852732174e+01
4.099000000000000199e+00,1.684644743042229820e+01
4.099999999999999645e+00,1.689370784000485770e+01
4.100999999999999979e+00,1.689764492561437947e+01
4.102000000000000313e+00,1.690800409468624821e+01
4.102999999999999758e+00,1.698876449495465479e+01
4.104000000000000092e+00,1.697128425566960885e+01
4.105000000000000426e+00,1.696317025880961538e+01
4.105999999999999872e+00,1.694847622466096126e+01
4.107000000000000206e+00,1.697249656052058597e+01
4.107999999999999652e+00,1.696353451018106995e+01
4.108999999999999986e+00,1.696757392190453828e+01
4.110000000000000320e+00,1.694493582577831603e+01
4.110999999999999766e+00,1.697990378716246340e+01
4.112000000000000099e+00,1.692762748042384047e+01
4.113000000000000433e+00,1.695557019806192400e+01
4.113999999999999879e+00,1.698841834638205128e+01
4.115000000000000213e+00,1.702969333276104180e+01
4.115999999999999659e+00,1.698148359595043289e+01
4.116999999999999993e+00,1.696875277972574025e+01
4.118000000000000327e+00,1.701819948377033143e+01
4.118999999999999773e+00,1.698666139610933357e+01
4.120000000000000107e+00,1.698843631662421672e+01
4.121000000000000441e+00,1.698895739415010908e+01
4.121999999999999886e+00,1.700973078170001784e+01
4.123000000000000220e+00,1.700113282536137405e+01
4.123999999999999666e+00,1.701133501353503874e+01
4.125000000000000000e+00,1.699310371451084478e+01
4.126000000000000334e+00,1.702054569585861188e+01
4.126999999999999780e+00,1.699125594446201504e+01
4.128000000000000114e+00,1.698767686416375255e+01
4.128999999999999559e+00,1.701826757097837373e+01
4.129999999999999893e+00,1.707048125018565443e+01
4.131000000000000227e+00,1.698768632638261522e+01
4.131999999999999673e+00,1.700624509522766559e+01
4.133000000000000007e+00,1.695997672479050067e+01
4.134000000000000341e+00,1.699958752149843733e+01
4.134999999999999787e+00,1.701793312081103338e+01
4.136000000000000121e+00,1.699188437916716765e+01
4.136999999999999567e+00,1.703882832424576321e+01
4.137999999999999901e+00,1.706138511084503406e+01
4.139000000000000234e+00,1.692755572250103313e+01
4.139999999999999680e+00,1.698779198856668060e+01
4.141000000000000014e+00,1.694472262443063570e+01
4.142000000000000348e+00,1.698631375912081154e+01
4.142999999999999794e+00,1.696247511003801023e+01
4.144000000000000128e+00,1.688635665586986789e+01
4.144999999999999574e+00,1.691807568532685835e+01
4.145999999999999908e+00,1.698495574632588401e+01
4.147000000000000242e+00,1.699494452267273203e+01
4.147999999999999687e+00,1.691480028871587749e+01
4.149000000000000021e+00,1.691031540922718790e+01
4.150000000000000355e+00,1.699854744142549023e+01
4.150999999999999801e+00,1.705714351036936094e+01
4.152000000000000135e+00,1.698266813682114318e+01
4.152999999999999581e+00,1.697418376184319300e+01
4.153999999999999915e+00,1.699506623603218358e+01
4.155000000000000249e+00,1.698736292924057878e+01
4.155999999999999694e+00,1.694015333204756857e+01
4.157000000000000028e+00,1.696623813324419672e+01
4.158000000000000362e+00,1.695036754659946254e+01
4.158999999999999808e+00,1.692904172078439018e+01
4.160000000000000142e+00,1.696584065076610059e+01
4.160999999999999588e+00,1.703938941932695172e+01
4.161999999999999922e+00,1.688198844027368750e+01
4.163000000000000256e+00,1.696332780885314762e+01
4.163999999999999702e+00,1.701277179099295367e+01
4.165000000000000036e+00,1.695675467803286551e+01
4.166000000000000369e+00,1.698839461232597614e+01
4.166999999999999815e+00,1.695119058471924589e+01
4.168000000000000149e+00,1.698416205295113812e+01
4.168999999999999595e+00,1.693961719092979479e+01
4.169999999999999929e+00,1.693843580249970415e+01
4.171000000000000263e+00,1.698401098221305006e+01
4.171999999999999709e+00,1.692514764511155079e+01
4.173000000000000043e+00,1.689418127949176096e+01
4.174000000000000377e+00,1.697443683479244214e+01
4.174999999999999822e+00,1.694590186597003623e+01
4.176000000000000156e+00,1.697154060457566516e+01
4.176999999999999602e+00,1.690589598793826553e+01
4.177999999999999936e+00,1.698074472500032428e+01
4.179000000000000270e+00,1.694357746028795120e+01
4.179999999999999716e+00,1.694271295692587742e+01
4.181000000000000050e+00,1.698534942909747514e+01
4.182000000000000384e+00,1.699295050358793446e+01
4.182999999999999829e+00,1.704319461775386202e+01
4.184000000000000163e+00,1.690162677819728643e+01
4.184999999999999609e+00,1.698726838350962609e+01
4.185999999999999943e+00,1.700963563570336845e+01
4.187000000000000277e+00,1.692379506076218121e+01
4.187999999999999723e+00,1.695858302443535592e+01
4.189000000000000057e+00,1.692620647756912433e+01
4.190000000000000391e+00,1.695093386355443954e+01
4.190999999999999837e+00,1.699331053755846099e+01
4.192000000000000171e+00,1.695922492499529000e+01
4.192999999999999616e+00,1.700935623993414580e+01
4.193999999999999950e+00,1.693596579894913390e+01
4.195000000000000284e+00,1.692463962066928573e+01
4.195999999999999730e+00,1.694889561214288776e+01
4.197000000000000064e+00,1.693581626839557330e+01
4.198000000000000398e+00,1.694208692527461579e+01
4.198999999999999844e+00,1.700253480453087462e+01
4.200000000000000178e+00,1.698026361272845008e+01
4.200999999999999623e+00,1.705159158513922790e+01
4.201999999999999957e+00,1.701532268983806873e+01
4.203000000000000291e+00,1.699459390382686408e+01
4.203999999999999737e+00,1.697964949117302069e+01
4.205000000000000071e+00,1.700508598827628148e+01
4.206000000000000405e+00,1.697432033424073339e+01
4.206999999999999851e+00,1.696504290611469656e+01
4.208000000000000185e+00,1.697950803202109782e+01
4.208999999999999631e+00,1.697543659441418384e+01
4.209999999999999964e+00,1.695361295923285638e+01
4.211000000000000298e+00,1.702492093103358783e+01
4.211999999999999744e+00,1.698844886724110026e+01
4.213000000000000078e+00,1.695418063225882932e+01
4.214000000000000412e+00,1.698353075979371241e+01
4.214999999999999858e+00,1.696833264483917603e+01
4.216000000000000192e+00,1.698569870329748355e+01
4.216999999999999638e+00,1.698687745991770370e+01
4.217999999999999972e+00,1.692084552854908708e+01
4.219000000000000306e+00,1.695660418890011201e+01
4.219999999999999751e+00,1.694163880649774256e+01
4.221000000000000085e+00,1.694953211057786646e+01
4.222000000000000419e+00,1.703056248866108646e+01
4.222999999999999865e+00,1.692729478010134514e+01
4.224000000000000199e+00,1.701499116901672792e+01
4.224999999999999645e+00,1.696700769137299147e+01
4.225999999999999979e+00,1.693033326858630971e+01
4.227000000000000313e+00,1.704649500548036301e+01
4.227999999999999758e+00,1.705457557604687935e+01
4.229000000000000092e+00,1.696806475879483145e+01
4.230000000000000426e+00,1.701846653850486746e+01
4.230999999999999872e+00,1.703936853336063351e+01
4.232000000000000206e+00,1.700512575305072716e+01
4.232999999999999652e+00,1.702599490975494945e+01
4.233999999999999986e+00,1.697956219290107072e+01
4.235000000000000320e+00,1.698841559803307888e+01
4.235999999999999766e+00,1.695179228582463082e+01
4.237000000000000099e+00,1.694227039113069821e+01
4.238000000000000433e+00,1.689911792366866194e+01
4.238999999999999879e+00,1.696364874218521379e+01
4.240000000000000213e+00,1.689003770963006801e+01
4.240999999999999659e+00,1.695282677292790297e+01
4.241999999999999993e+00,1.697416819104097385e+01
4.243000000000000327e+00,1.691915302989777814e+01
4.243999999999999773e+00,1.694948464955430012e+01
4.245000000000000107e+00,1.697502273100163350e+01
4.246000000000000441e+00,1.698151022815684641e+01
4.246999999999999886e+00,1.695711176772615048e+01
4.248000000000000220e+00,1.696363001615491584e+01
4.248999999999999666e+00,1.696620244524504884e+01
4.250000000000000000e+00,1.697204012252709759e+01
4.251000000000000334e+00,1.694293635587968083e+01
4.251999999999999780e+00,1.698472426213765374e+01
4.253000000000000114e+00,1.692159036923094817e+01
4.253999999999999559e+00,1.696897137185197835e+01
4.254999999999999893e+00,1.690388822003126279e+01
4.256000000000000227e+00,1.689212660430179724e+01
4.256999999999999673e+00,1.688900668041371489e+01
4.258000000000000007e+00,1.697745359253643471e+01
4.259000000000000341e+00,1.700736056986928801e+01
4.259999999999999787e+00,1.698523347008371331e+01
4.261000000000000121e+00,1.698923796518157303e+01
4.261999999999999567e+00,1.694087186121702970e+01
4.262999999999999901e+00,1.699842404009305596e+01
4.264000000000000234e+00,1.695430559087803246e+01
4.264999999999999680e+00,1.694616869196434195e+01
4.266000000000000014e+00,1.697001877303848261e+01
4.267000000000000348e+00,1.693750311686491372e+01
4.267999999999999794e+00,1.687296236774016478e+01
4.269000000000000128e+00,1.701561355946214249e+01
4.269999999999999574e+00,1.703627213681943076e+01
4.270999999999999908e+00,1.696825107525116039e+01
4.272000000000000242e+00,1.697897780835945269e+01
4.272999999999999687e+00,1.697614946854760021e+01
4.274000000000000021e+00,1.691200707387916680e+01
4.275000000000000355e+00,1.698637381754539177e+01
4.275999999999999801e+00,1.697739599589644754e+01
4.277000000000000135e+00,1.697401004976562078e+01
4.277999999999999581e+00,1.696634127462619190e+01
4.278999999999999915e+00,1.694279307758038300e+01
4.280000000000000249e+00,1.691681764743885807e+01
4.280999999999999694e+00,1.696721682118651486e+01
4.282000000000000028e+00,1.694300606672302223e+01
4.283000000000000362e+00,1.692455606041100680e+01
4.283999999999999808e+00,1.697396508356268896e+01
4.285000000000000142e+00,1.694533840749093656e+01
4.285999999999999588e+00,1.692082568651617080e+01
4.286999999999999922e+00,1.688269293704350815e+01
4.288000000000000256e+00,1.693774589357858673e+01
4.288999999999999702e+00,1.694628176444064138e+01
4.290000000000000036e+00,1.688896005308252768e+01
4.291000000000000369e+00,1.693143576105439507e+01
4.291999999999999815e+00,1.690361327563828198e+01
4.293000000000000149e+00,1.692246220985090233e+01
4.293999999999999595e+00,1.694695658744061362e+01
4.294999999999999929e+00,1.698131701961330009e+01
4.296000000000000263e+00,1.696827750680873947e+01
4.296999999999999709e+00,1.695492443975300034e+01
4.298000000000000043e+00,1.696873037047377863e+01
4.299000000000000377e+00,1.697793993701353443e+01
4.299999999999999822e+00,1.693534026874351994e+01
4.301000000000000156e+00,1.697342307839613440e+01
4.301999999999999602e+00,1.698829400192736827e+01
4.302999999999999936e+00,1.695517675675982971e+01
4.304000000000000270e+00,1.697875987347093130e+01
4.304999999999999716e+00,1.691990411724064458e+01
4.306000000000000050e+00,1.696502932172631972e+01
4.307000000000000384e+00,1.696268148329739489e+01
4.307999999999999829e+00,1.698174644855363269e+01
4.309000000000000163e+00,1.695691943501520171e+01
4.309999999999999609e+00,1.700689510261601356e+01
4.310999999999999943e+00,1.699615730747179398e+01
4.312000000000000277e+00,1.696281267301128182e+01
4.312999999999999723e+00,1.700483469298348638e+01
4.314000000000000057e+00,1.693388712578747857e+01
4.315000000000000391e+00,1.698650664121164056e+01
4.315999999999999837e+00,1.693432119687180304e+01
4.317000000000000171e+00,1.696717151006762592e+01
4.317999999999999616e+00,1.699738607908186339e+01
4.318999999999999950e+00,1.692347801978147004e+01
4.320000000000000284e+00,1.696686679709750933e+01
4.320999999999999730e+00,1.694034965126525449e+01
4.322000000000000064e+00,1.693232810881908534e+01
4.323000000000000398e+00,1.699200766503336979e+01
4.323999999999999844e+00,1.699591240223820066e+01
4.325000000000000178e+00,1.692220873924932789e+01
4.325999999999999623e+00,1.691219196831120897e+01
4.326999999999999957e+00,1.689923334895104290e+01
4.328000000000000291e+00,1.691791984269810456e+01
4.328999999999999737e+00,1.699085142522533687e+01
4.330000000000000071e+00,1.694366227634375477e+01
4.331000000000000405e+00,1.699132730034451910e+01
4.331999999999999851e+00,1.700105653624439483e+01
4.333000000000000185e+00,1.691576372272233186e+01
4.333999999999999631e+00,1.695178904559080024e+01
4.334999999999999964e+00,1.698838571563119260e+01
4.336000000000000298e+00,1.691981745883592225e+01
4.336999999999999744e+00,1.694525796785030636e+01
4.338000000000000078e+00,1.701679247742607970e+01
4.339000000000000412e+00,1.696346358656370157e+01
4.339999999999999858e+00,1.700060749033302798e+01
4.341000000000000192e+00,1.697139749254660046e+01
4.341999999999999638e+00,1.699008855621999459e+01
4.342999999999999972e+00,1.703504851338671955e+01
4.344000000000000306e+00,1.705568839731011366e+01
4.344999999999999751e+00,1.707111185448036395e+01
4.346000000000000085e+00,1.706910732386594276e+01
4.347000000000000419e+00,1.700492405647447924e+01
4.347999999999999865e+00,1.699167993659555975e+01
4.349000000000000199e+00,1.699519211692424392e+01
4.349999999999999645e+00,1.698159548913055517e+01
4.350999999999999979e+00,1.696093874482461317e+01
4.352000000000000313e+00,1.704868792143179235e+01
4.352999999999999758e+00,1.698396082723050071e+01
4.354000000000000092e+00,1.704739194192235274e+01
4.355000000000000426e+00,1.702472146208310377e+01
4.355999999999999872e+00,1.698518961734464128e+01
4.357000000000000206e+00,1.700950035160121487e+01
4.357999999999999652e+00,1.698966694826607693e+01
4.358999999999999986e+00,1.704366088485088682e+01
4.360000000000000320e+00,1.705483842911853998e+01
4.360999999999999766e+00,1.699140126022818009e+01
4.362000000000000099e+00,1.699032691053304944e+01
4.363000000000000433e+00,1.704442170508429300e+01
4.363999999999999879e+00,1.695530116976452462e+01
4.365000000000000213e+00,1.706504965872550983e+01
4.365999999999999659e+00,1.702174683943769651e+01
4.366999999999999993e+00,1.699074908922093385e+01
4.368000000000000327e+00,1.704845851908181942e+01
4.368999999999999773e+00,1.708500625322362509e+01
4.370000000000000107e+00,1.705863886535452423e+01
4.371000000000000441e+00,1.691720131896343560e+01
4.371999999999999886e+00,1.705762931417000772e+01
4.373000000000000220e+00,1.710634153832627646e+01
4.373999999999999666e+00,1.696810844841686361e+01
4.375000000000000000e+00,1.707408936500925378e+01
4.376000000000000334e+00,1.700062721876354033e+01
4.376999999999999780e+00,1.698063882437934069e+01
4.378000000000000114e+00,1.704190517049411113e+01
4.378999999999999559e+00,1.701990905760593265e+01
4.379999999999999893e+00,1.707915556908402976e+01
4.381000000000000227e+00,1.700867503095700428e+01
4.381999999999999673e+00,1.704836786921055136e+01
4.383000000000000007e+00,1.708700189270228265e+01
4.384000000000000341e+00,1.705177242793492809e+01
4.384999999999999787e+00,1.698779380170291375e+01
4.386000000000000121e+00,1.695426257318718655e+01
4.386999999999999567e+00,1.702457534967610187e+01
4.387999999999999901e+00,1.694348777454888122e+01
4.389000000000000234e+00,1.704647349585310323e+01
4.389999999999999680e+00,1.702655053868630830e+01
4.391000000000000014e+00,1.703139169480849446e+01
4.392000000000000348e+00,1.693917070405194636e+01
4.392999999999999794e+00,1.700849710173805107e+01
4.394000000000000128e+00,1.700553595454838529e+01
4.394999999999999574e+00,1.701430916060905219e+01
4.395999999999999908e+00,1.700513513396078125e+01
4.397000000000000242e+00,1.701023437467073407e+01
4.397999999999999687e+00,1.698589524392024330e+01
4.399000000000000021e+00,1.702732612972363313e+01
4.400000000000000355e+00,1.697733833463297159e+01
4.400999999999999801e+00,1.701073550017257929e+01
4.402000000000000135e+00,1.700394288690819167e+01
4.402999999999999581e+00,1.710581451424814148e+01
4.403999999999999915e+00,1.711178468656830276e+01
4.405000000000000249e+00,1.707246833314711765e+01
4.405999999999999694e+00,1.702547333667596163e+01
4.407000000000000028e+00,1.710064870804399462e+01
4.408000000000000362e+00,1.707020801369027652e+01
4.408999999999999808e+00,1.707613389999428577e+01
4.410000000000000142e+00,1.704474536457520273e+01
4.410999999999999588e+00,1.697314680141588639e+01
4.411999999999999922e+00,1.702499413039794973e+01
4.413000000000000256e+00,1.702121740959486118e+01
4.413999999999999702e+00,1.697533988054043519e+01
4.415000000000000036e+00,1.699958824653609568e+01
4.416000000000000369e+00,1.703434802973688278e+01
4.416999999999999815e+00,1.699097275460611911e+01
4.418000000000000149e+00,1.700810561677088018e+01
4.418999999999999595e+00,1.705569509282742757e+01
4.419999999999999929e+00,1.706189389127998979e+01
4.421000000000000263e+00,1.702137435460644710e+01
4.421999999999999709e+00,1.701537155871468343e+01
4.423000000000000043e+00,1.699520082066359095e+01
4.424000000000000377e+00,1.697001870862561290e+01
4.424999999999999822e+00,1.702243558545229263e+01
4.426000000000000156e+00,1.706003300274284840e+01
4.426999999999999602e+00,1.698237203804826834e+01
4.427999999999999936e+00,1.703382333553420125e+01
4.429000000000000270e+00,1.702000409270382519e+01
4.429999999999999716e+00,1.705517580833148727e+01
4.431000000000000050e+00,1.706411563470616954e+01
4.432000000000000384e+00,1.709390556226136937e+01
4.432999999999999829e+00,1.707138270322444029e+01
4.434000000000000163e+00,1.707921688807056881e+01
4.434999999999999609e+00,1.708373113287972345e+01
4.435999999999999943e+00,1.701751705430461215e+01
4.437000000000000277e+00,1.704010334014807171e+01
4.437999999999999723e+00,1.700939700688421752e+01
4.439000000000000057e+00,1.703036879447090968e+01
4.440000000000000391e+00,1.699732134358719549e+01
4.440999999999999837e+00,1.703554709347677232e+01
4.442000000000000171e+00,1.699282408207239570e+01
4.442999999999999616e+00,1.707482249811291908e+01
4.443999999999999950e+00,1.703434380092384259e+01
4.445000000000000284e+00,1.703132367127774316e+01
4.445999999999999730e+00,1.694670326245552161e+01
4.447000000000000064e+00,1.698645227433584637e+01
4.448000000000000398e+00,1.701091288188359840e+01
4.448999999999999844e+00,1.705240543340656245e+01
4.450000000000000178e+00,1.699462346463486995e+01
4.450999999999999623e+00,1.704219503831294702e+01
4.451999999999999957e+00,1.701521430265389156e+01
4.453000000000000291e+00,1.707193766404173019e+01
4.453999999999999737e+00,1.696664974776846435e+01
4.455000000000000071e+00,1.702362045772303389e+01
4.456000000000000405e+00,1.701163875712534690e+01
4.456999999999999851e+00,1.696764688130862808e+01
4.458000000000000185e+00,1.699297958802543462e+01
4.458999999999999631e+00,1.700653845981176104e+01
4.459999999999999964e+00,1.704433099090019965e+01
4.461000000000000298e+00,1.693044111563457932e+01
4.461999999999999744e+00,1.701954514172630795e+01
4.463000000000000078e+00,1.702439802323770124e+01
4.464000000000000412e+00,1.703329846333942399e+01
4.464999999999999858e+00,1.705756355762417442e+01
4.466000000000000192e+00,1.698628256968950723e+01
4.466999999999999638e+00,1.702187464407892392e+01
4.467999999999999972e+00,1.702976255607610412e+01
4.469000000000000306e+00,1.702072321514599551e+01
4.469999999999999751e+00,1.708435932930456147e+01
4.471000000000000085e+00,1.713405230036762106e+01
4.472000000000000419e+00,1.701709797949160929e+01
4.472999999999999865e+00,1.701564157242075481e+01
4.474000000000000199e+00,1.704116144792930498e+01
4.474999999999999645e+00,1.708286058326953594e+01
4.475999999999999979e+00,1.701162007272119325e+01
4.477000000000000313e+00,1.699754568954845269e+01
4.477999999999999758e+00,1.703130144382322442e+01
4.479000000000000092e+00,1.706253176845212849e+01
4.480000000000000426e+00,1.707523164313703035e+01
4.480999999999999872e+00,1.706794820046792793e+01
4.482000000000000206e+00,1.708512619582681680e+01
4.482999999999999652e+00,1.701937844147253642e+01
4.483999999999999986e+00,1.701189212014080354e+01
4.485000000000000320e+00,1.702973428325588756e+01
4.485999999999999766e+00,1.707445115726143925e+01
4.487000000000000099e+00,1.706541674679399634e+01
4.488000000000000433e+00,1.712203818553522083e+01
4.488999999999999879e+00,1.704757155454214157e+01
4.490000000000000213e+00,1.707785044911911143e+01
4.490999999999999659e+00,1.703942326760559567e+01
4.491999999999999993e+00,1.703924476474561800e+01
4.493000000000000327e+00,1.709058129965815809e+01
4.493999999999999773e+00,1.702349134891289495e+01
4.495000000000000107e+00,1.703376290934647130e+01
4.496000000000000441e+00,1.704540130242562057e+01
4.496999999999999886e+00,1.699645480433715505e+01
4.498000000000000220e+00,1.706368917416437014e+01
4.498999999999999666e+00,1.707075934319151145e+01
4.500000000000000000e+00,1.699944678759756300e+01
4.501000000000000334e+00,1.700415966461086015e+01
4.501999999999999780e+00,1.706196670680373018e+01
4.503000000000000114e+00,1.713355359092598107e+01
4.503999999999999559e+00,1.708916153051674058e+01
4.504999999999999893e+00,1.697164716429884379e+01
4.506000000000000227e+00,1.703830452680356800e+01
4.506999999999999673e+00,1.703359201124379041e+01
4.508000000000000007e+00,1.700124775098690577e+01
4.509000000000000341e+00,1.697957420825036934e+01
4.509999999999999787e+00,1.699670161378273292e+01
4.511000000000000121e+00,1.707222333441237438e+01
4.511999999999999567e+00,1.703296310255971235e+01
4.512999999999999901e+00,1.701090295426990195e+01
4.514000000000000234e+00,1.700312776606673282e+01
4.514999999999999680e+00,1.700318637701220936e+01
4.516000000000000014e+00,1.695082774930255454e+01
4.517000000000000348e+00,1.702537116806888307e+01
4.517999999999999794e+00,1.697610778907939988e+01
4.519000000000000128e+00,1.704695388751785146e+01
4.519999999999999574e+00,1.703156755825797575e+01
4.520999999999999908e+00,1.693429120306151248e+01
4.522000000000000242e+00,1.698463028005101094e+01
4.522999999999999687e+00,1.700456444604455086e+01
4.524000000000000021e+00,1.706420684890701267e+01
4.525000000000000355e+00,1.700297348377074869e+01
4.525999999999999801e+00,1.699656145327484325e+01
4.527000000000000135e+00,1.697736487388984372e+01
4.527999999999999581e+00,1.703391054324817944e+01
4.528999999999999915e+00,1.698742128333802981e+01
4.530000000000000249e+00,1.708526527430570852e+01
4.530999999999999694e+00,1.703434989889017714e+01
4.532000000000000028e+00,1.699474620726342877e+01
4.533000000000000362e+00,1.695265960108280368e+01
4.533999999999999808e+00,1.701948060169131693e+01
4.535000000000000142e+00,1.696880194885664395e+01
4.535999999999999588e+00,1.698506024099937406e+01
4.536999999999999922e+00,1.699551519658667331e+01
4.538000000000000256e+00,1.702799376548103893e+01
4.538999999999999702e+00,1.702344363942905403e+01
4.540000000000000036e+00,1.701623563614166201e+01
4.541000000000000369e+00,1.695718011787580437e+01
4.541999999999999815e+00,1.697522709539590124e+01
4.543000000000000149e+00,1.697987659577822939e+01
4.543999999999999595e+00,1.699044214297894939e+01
4.544999999999999929e+00,1.701193478028514861e+01
4.546000000000000263e+00,1.697295769473124949e+01
4.546999999999999709e+00,1.693150526950546464e+01
4.548000000000000043e+00,1.697052981437904151e+01
4.549000000000000377e+00,1.704400324362230279e+01
4.549999999999999822e+00,1.696604594279807898e+01
4.551000000000000156e+00,1.695068150871136581e+01
4.551999999999999602e+00,1.696861492187770892e+01
4.552999999999999936e+00,1.689646404947704639e+01
4.554000000000000270e+00,1.692971171029992661e+01
4.554999999999999716e+00,1.689988760995010253e+01
4.556000000000000050e+00,1.688672949094978293e+01
4.557000000000000384e+00,1.687515761116464930e+01
4.557999999999999829e+00,1.694289928001095547e+01
4.559000000000000163e+00,1.693279185324316671e+01
4.559999999999999609e+00,1.694695476739924089e+01
4.560999999999999943e+00,1.691057568352733398e+01
4.562000000000000277e+00,1.696579389796281134e+01
4.562999999999999723e+00,1.696880393088532202e+01
4.564000000000000057e+00,1.704238949571152872e+01
4.565000000000000391e+00,1.692718415567789592e+01
4.565999999999999837e+00,1.695656488557908759e+01
4.567000000000000171e+00,1.692671044544493952e+01
4.567999999999999616e+00,1.690388850766585804e+01
4.568999999999999950e+00,1.692639992766700630e+01
4.570000000000000284e+00,1.693507642092556509e+01
4.570999999999999730e+00,1.694624947523813674e+01
4.572000000000000064e+00,1.685873252859261839e+01
4.573000000000000398e+00,1.687810996689979959e+01
4.573999999999999844e+00,1.689438300971038842e+01
4.575000000000000178e+00,1.695608777863273886e+01
4.575999999999999623e+00,1.696866106486105963e+01
4.576999999999999957e+00,1.691679174143515851e+01
4.578000000000000291e+00,1.689505281840814277e+01
4.578999999999999737e+00,1.688622320228629192e+01
4.580000000000000071e+00,1.694681654186204511e+01
4.581000000000000405e+00,1.694509008291832330e+01
4.581999999999999851e+00,1.693426893081691986e+01
4.583000000000000185e+00,1.686063647663050347e+01
4.583999999999999631e+00,1.695253843380545433e+01
4.584999999999999964e+00,1.689175595843738975e+01
4.586000000000000298e+00,1.693308199664457092e+01
4.586999999999999744e+00,1.690157918617974175e+01
4.588000000000000078e+00,1.693439831329782663e+01
4.589000000000000412e+00,1.695712620205102894e+01
4.589999999999999858e+00,1.689628864604959801e+01
4.591000000000000192e+00,1.693713209930135832e+01
4.591999999999999638e+00,1.694580442060486902e+01
4.592999999999999972e+00,1.691492464859159028e+01
4.594000000000000306e+00,1.696323870281128166e+01
4.594999999999999751e+00,1.697810664825615845e+01
4.596000000000000085e+00,1.696385187294504249e+01
4.597000000000000419e+00,1.698051688881233190e+01
4.597999999999999865e+00,1.696188918662104328e+01
4.599000000000000199e+00,1.698530677725562299e+01
4.599999999999999645e+00,1.697046510758513804e+01
4.600999999999999979e+00,1.691328727131512011e+01
4.602000000000000313e+00,1.697643027515908543e+01
4.602999999999999758e+00,1.692463866604361300e+01
4.604000000000000092e+00,1.693643494401207406e+01
4.605000000000000426e+00,1.693347705150004145e+01
4.605999999999999872e+00,1.692987657118991507e+01
4.607000000000000206e+00,1.702335916187533016e+01
4.607999999999999652e+00,1.697308175545614262e+01
4.608999999999999986e+00,1.701542040234056330e+01
4.610000000000000320e+00,1.696936967224716142e+01
4.610999999999999766e+00,1.704207490043399531e+01
4.612000000000000099e+00,1.691950539143147836e+01
4.613000000000000433e+00,1.698842422170451982e+01
4.613999999999999879e+00,1.700392583905156485e+01
4.615000000000000213e+00,1.697657999630419212e+01
4.615999999999999659e+00,1.696208666918951735e+01
4.616999999999999993e+00,1.693886673624426464e+01
4.618000000000000327e+00,1.692800671957619940e+01
4.618999999999999773e+00,1.695672357957491627e+01
4.620000000000000107e+00,1.692754083526113007e+01
4.621000000000000441e+00,1.697139617564918623e+01
4.621999999999999886e+00,1.693846772422109481e+01
4.623000000000000220e+00,1.692715397786398768e+01
4.623999999999999666e+00,1.694576542359918037e+01
4.625000000000000000e+00,1.692684558637898462e+01
4.626000000000000334e+00,1.699743270827427466e+01
4.626999999999999780e+00,1.693950325336598439e+01
4.628000000000000114e+00,1.694923760813284375e+01
4.628999999999999559e+00,1.698509806028183888e+01
4.629999999999999893e+00,1.692908290663866211e+01
4.631000000000000227e+00,1.696042037318011708e+01
4.631999999999999673e+00,1.691333087395556234e+01
4.633000000000000007e+00,1.688599215181096724e+01
4.634000000000000341e+00,1.685766170951785980e+01
4.634999999999999787e+00,1.691399350053150030e+01
4.636000000000000121e+00,1.698048036074051126e+01
4.636999999999999567e+00,1.686936745531435378e+01
4.637999999999999901e+00,1.694623669817935863e+01
4.639000000000000234e+00,1.685289790196435078e+01
4.639999999999999680e+00,1.689128817346003331e+01
4.641000000000000014e+00,1.681723974603315241e+01
4.642000000000000348e+00,1.689588125754736225e+01
4.642999999999999794e+00,1.687371168544931876e+01
4.644000000000000128e+00,1.686410928477798521e+01
4.644999999999999574e+00,1.689120401417209294e+01
4.645999999999999908e+00,1.690924817780596712e+01
4.647000000000000242e+00,1.685064324312563855e+01
4.647999999999999687e+00,1.679579585541471687e+01
4.649000000000000021e+00,1.688667680864870491e+01
4.650000000000000355e+00,1.691100290589263366e+01
4.650999999999999801e+00,1.690508701020516114e+01
4.652000000000000135e+00,1.697372312469804356e+01
4.652999999999999581e+00,1.690782861990411234e+01
4.653999999999999915e+00,1.688190846575815840e+01
4.655000000000000249e+00,1.690835193331163921e+01
4.655999999999999694e+00,1.686752324006838677e+01
4.657000000000000028e+00,1.685946483314850042e+01
4.658000000000000362e+00,1.682299621644314769e+01
4.658999999999999808e+00,1.690262022934670227e+01
4.660000000000000142e+00,1.693377892248408045e+01
4.660999999999999588e+00,1.687719927023315591e+01
4.661999999999999922e+00,1.692444104976788566e+01
4.663000000000000256e+00,1.690080460356682934e+01
4.663999999999999702e+00,1.698905021456061348e+01
4.665000000000000036e+00,1.697406971193912995e+01
4.666000000000000369e+00,1.691423614544364540e+01
4.666999999999999815e+00,1.686829635273479866e+01
4.668000000000000149e+00,1.690489373341874213e+01
4.668999999999999595e+00,1.685101354103003501e+01
4.669999999999999929e+00,1.688950669046672814e+01
4.671000000000000263e+00,1.690848315056105022e+01
4.671999999999999709e+00,1.691719208479257119e+01
4.673000000000000043e+00,1.690085130711479877e+01
4.674000000000000377e+00,1.688739504815396231e+01
4.674999999999999822e+00,1.691564784852967662e+01
4.676000000000000156e+00,1.687937910060432145e+01
4.676999999999999602e+00,1.692941750128261802e+01
4.677999999999999936e+00,1.684789473460523013e+01
4.679000000000000270e+00,1.688027451691224456e+01
4.679999999999999716e+00,1.687948576941316148e+01
4.681000000000000050e+00,1.690589859153113395e+01
4.682000000000000384e+00,1.683914914718250699e+01
4.682999999999999829e+00,1.686170284846426171e+01
4.684000000000000163e+00,1.683462877435929173e+01
4.684999999999999609e+00,1.687998761116234903e+01
4.685999999999999943e+00,1.685481253609422936e+01
4.687000000000000277e+00,1.685712997529179447e+01
4.687999999999999723e+00,1.687472569406068956e+01
4.689000000000000057e+00,1.695701232610213793e+01
4.690000000000000391e+00,1.689073743606173394e+01
4.690999999999999837e+00,1.699931036710234622e+01
4.692000000000000171e+00,1.687885885860427138e+01
4.692999999999999616e+00,1.689169674014870992e+01
4.693999999999999950e+00,1.688402828953620016e+01
4.695000000000000284e+00,1.689413645097001293e+01
4.695999999999999730e+00,1.685978983134655351e+01
4.697000000000000064e+00,1.687443689346160269e+01
4.698000000000000398e+00,1.691720064881045005e+01
4.698999999999999844e+00,1.690041434738832749e+01
4.700000000000000178e+00,1.696461807204035210e+01
4.700999999999999623e+00,1.695375299452901885e+01
4.701999999999999957e+00,1.695493889645958774e+01
4.703000000000000291e+00,1.692656790019194801e+01
4.703999999999999737e+00,1.696666305473659619e+01
4.705000000000000071e+00,1.695144201873820577e+01
4.706000000000000405e+00,1.699375004803329503e+01
4.706999999999999851e+00,1.702130733358477954e+01
4.708000000000000185e+00,1.690176888327838256e+01
4.708999999999999631e+00,1.692919608022166855e+01
4.709999999999999964e+00,1.698427217173524539e+01
4.711000000000000298e+00,1.699425890414484641e+01
4.711999999999999744e+00,1.692853451180614144e+01
4.713000000000000078e+00,1.693865522337555163e+01
4.714000000000000412e+00,1.697051584804734858e+01
4.714999999999999858e+00,1.699577553095111426e+01
4.716000000000000192e+00,1.695900961251889072e+01
4.716999999999999638e+00,1.699113635674661538e+01
4.717999999999999972e+00,1.701872990922440465e+01
4.719000000000000306e+00,1.698973376376630284e+01
4.719999999999999751e+00,1.698844223317146884e+01
4.721000000000000085e+00,1.701828291172791197e+01
4.722000000000000419e+00,1.695401259453749176e+01
4.722999999999999865e+00,1.698319429308512696e+01
4.724000000000000199e+00,1.694804397033329835e+01
4.724999999999999645e+00,1.697309036585027542e+01
4.725999999999999979e+00,1.688540093125767427e+01
4.727000000000000313e+00,1.697073038631221920e+01
4.727999999999999758e+00,1.698591635051261406e+01
4.729000000000000092e+00,1.697516070078182793e+01
4.730000000000000426e+00,1.700153485468049652e+01
4.730999999999999872e+00,1.702972929661067170e+01
4.732000000000000206e+00,1.703852039461812140e+01
4.732999999999999652e+00,1.696525008833078729e+01
4.733999999999999986e+00,1.692837177151223571e+01
4.735000000000000320e+00,1.692379017380222095e+01
4.735999999999999766e+00,1.695824625397516527e+01
4.737000000000000099e+00,1.698589232685012007e+01
4.738000000000000433e+00,1.693863845426952253e+01
4.738999999999999879e+00,1.689030924168526937e+01
4.740000000000000213e+00,1.687005028657620187e+01
4.740999999999999659e+00,1.694357719843717547e+01
4.741999999999999993e+00,1.695780110979225341e+01
4.743000000000000327e+00,1.706494803355858991e+01
4.743999999999999773e+00,1.699371200084211253e+01
4.745000000000000107e+00,1.698706675911659758e+01
4.746000000000000441e+00,1.706287953146861724e+01
4.746999999999999886e+00,1.706175327918896301e+01
4.748000000000000220e+00,1.703422906283260829e+01
4.748999999999999666e+00,1.700854977496360831e+01
4.750000000000000000e+00,1.705458846869586509e+01
4.751000000000000334e+00,1.700494131021101296e+01
4.751999999999999780e+00,1.686430878541898437e+01
4.753000000000000114e+00,1.702896336097802532e+01
4.753999999999999559e+00,1.694275423294671867e+01
4.754999999999999893e+00,1.693623017078891024e+01
4.756000000000000227e+00,1.686763618974613266e+01
4.756999999999999673e+00,1.693104003705538219e+01
4.758000000000000007e+00,1.693110955266403650e+01
4.759000000000000341e+00,1.692153980739596975e+01
4.759999999999999787e+00,1.687258222027328358e+01
4.761000000000000121e+00,1.693340781160448927e+01
4.761999999999999567e+00,1.695285219583461256e+01
4.762999999999999901e+00,1.703580828072947995e+01
4.764000000000000234e+00,1.696605174941253225e+01
4.764999999999999680e+00,1.689645617956855261e+01
4.766000000000000014e+00,1.698856204691956506e+01
4.767000000000000348e+00,1.697388854215507692e+01
4.767999999999999794e+00,1.700258199036859352e+01
4.769000000000000128e+00,1.699053194225819396e+01
4.769999999999999574e+00,1.699698977805030964e+01
4.770999999999999908e+00,1.702375693191225636e+01
4.772000000000000242e+00,1.700281364273313045e+01
4.772999999999999687e+00,1.701334855020771997e+01
4.774000000000000021e+00,1.696207281911486220e+01
4.775000000000000355e+00,1.693674024722666616e+01
4.775999999999999801e+00,1.699147309938801698e+01
4.777000000000000135e+00,1.697405762991979472e+01
4.777999999999999581e+00,1.697317645909837225e+01
4.778999999999999915e+00,1.698467654893192602e+01
4.780000000000000249e+00,1.698974538918977828e+01
4.780999999999999694e+00,1.706112873091367277e+01
4.782000000000000028e+00,1.706722649047377161e+01
4.783000000000000362e+00,1.697539225042239863e+01
4.783999999999999808e+00,1.700372359126279065e+01
4.785000000000000142e+00,1.701923251969868289e+01
4.785999999999999588e+00,1.704553053202755919e+01
4.786999999999999922e+00,1.703004449012122024e+01
4.788000000000000256e+00,1.701722131613870914e+01
4.788999999999999702e+00,1.707530256921526757e+01
4.790000000000000036e+00,1.699460880971040666e+01
4.791000000000000369e+00,1.703632893383577240e+01
4.791999999999999815e+00,1.704598727588356510e+01
4.793000000000000149e+00,1.705921148419081135e+01
4.793999999999999595e+00,1.701102154460564009e+01
4.794999999999999929e+00,1.697967308189662106e+01
4.796000000000000263e+00,1.701644646139092387e+01
4.796999999999999709e+00,1.703558632406789997e+01
4.798000000000000043e+00,1.700708062097697848e+01
4.799000000000000377e+00,1.709332497224075453e+01
4.799999999999999822e+00,1.697967360670362780e+01
4.801000000000000156e+00,1.704379533217788989e+01
4.801999999999999602e+00,1.705559050698155232e+01
4.802999999999999936e+00,1.701223534149562511e+01
4.804000000000000270e+00,1.700735438222817208e+01
4.804999999999999716e+00,1.697161721691372449e+01
4.806000000000000050e+00,1.699952439450676778e+01
4.807000000000000384e+00,1.700161977251084977e+01
4.807999999999999829e+00,1.700448761357844774e+01
4.809000000000000163e+00,1.693341671804413906e+01
4.809999999999999609e+00,1.690732194440376901e+01
4.810999999999999943e+00,1.691232881101540642e+01
4.812000000000000277e+00,1.688893279316647167e+01
4.812999999999999723e+00,1.696184152450154059e+01
4.814000000000000057e+00,1.692031470274891092e+01
4.815000000000000391e+00,1.695603034582569180e+01
4.815999999999999837e+00,1.699008443278816927e+01
4.817000000000000171e+00,1.693389511075619680e+01
4.817999999999999616e+00,1.693064481621651396e+01
4.818999999999999950e+00,1.699318134897613319e+01
4.820000000000000284e+00,1.696107842248803266e+01
4.820999999999999730e+00,1.699672126147726203e+01
4.822000000000000064e+00,1.703875672648851847e+01
4.823000000000000398e+00,1.701265283570988629e+01
4.823999999999999844e+00,1.702963898044758650e+01
4.825000000000000178e+00,1.694641553091036101e+01
4.825999999999999623e+00,1.701845819933629400e+01
4.826999999999999957e+00,1.700209668261643969e+01
4.828000000000000291e+00,1.705595039594854612e+01
4.828999999999999737e+00,1.699533083083262852e+01
4.830000000000000071e+00,1.711612630734948937e+01
4.831000000000000405e+00,1.705203037745526373e+01
4.831999999999999851e+00,1.707847672459158872e+01
4.833000000000000185e+00,1.708619172177164103e+01
4.833999999999999631e+00,1.713311400676151663e+01
4.834999999999999964e+00,1.703195834225498118e+01
4.836000000000000298e+00,1.700983661327750340e+01
4.836999999999999744e+00,1.703687754071398430e+01
4.838000000000000078e+00,1.708243103186593714e+01
4.839000000000000412e+00,1.712660776698705689e+01
4.839999999999999858e+00,1.707394609858467760e+01
4.841000000000000192e+00,1.707685812676596981e+01
4.841999999999999638e+00,1.706035806540891286e+01
4.842999999999999972e+00,1.698209083976954759e+01
4.844000000000000306e+00,1.705930911249313908e+01
4.844999999999999751e+00,1.700081490489196767e+01
4.846000000000000085e+00,1.704401475744854366e+01
4.847000000000000419e+00,1.698740641606030266e+01
4.847999999999999865e+00,1.702118008766188950e+01
4.849000000000000199e+00,1.701357605619115176e+01
4.849999999999999645e+00,1.702504006290762817e+01
4.850999999999999979e+00,1.705448346398865667e+01
4.852000000000000313e+00,1.698306505067167649e+01
4.852999999999999758e+00,1.699847392427409432e+01
4.854000000000000092e+00,1.710693429088648543e+01
4.855000000000000426e+00,1.704376725347435340e+01
4.855999999999999872e+00,1.705033355382686722e+01
4.857000000000000206e+00,1.703685555812254648e+01
4.857999999999999652e+00,1.705686771851890171e+01
4.858999999999999986e+00,1.706761027863043267e+01
4.860000000000000320e+00,1.699150107631867712e+01
4.860999999999999766e+00,1.704755479006529839e+01
4.862000000000000099e+00,1.705069876121410744e+01
4.863000000000000433e+00,1.705150535792641620e+01
4.863999999999999879e+00,1.711891415147978535e+01
4.865000000000000213e+00,1.706761537376067039e+01
4.865999999999999659e+00,1.706433820019568159e+01
4.866999999999999993e+00,1.704774619999990648e+01
4.868000000000000327e+00,1.706447797966592717e+01
4.868999999999999773e+00,1.710489125296202673e+01
4.870000000000000107e+00,1.706016907184770304e+01
4.871000000000000441e+00,1.699109020628785061e+01
4.871999999999999886e+00,1.698712865271453509e+01
4.873000000000000220e+00,1.703590748898707830e+01
4.873999999999999666e+00,1.705106982639811264e+01
4.875000000000000000e+00,1.698908252959130039e+01
4.876000000000000334e+00,1.698177308281701769e+01
4.876999999999999780e+00,1.699933650858892165e+01
4.878000000000000114e+00,1.701430466243439454e+01
4.878999999999999559e+00,1.704645310616164267e+01
4.879999999999999893e+00,1.702070103564651404e+01
4.881000000000000227e+00,1.701929905206434412e+01
4.881999999999999673e+00,1.703961430654892695e+01
4.883000000000000007e+00,1.695728814601100254e+01
4.884000000000000341e+00,1.704722333605957374e+01
4.884999999999999787e+00,1.699609286911446304e+01
4.886000000000000121e+00,1.703724337015436419e+01
4.886999999999999567e+00,1.701549717714195253e+01
4.887999999999999901e+00,1.702479743930349798e+01
4.889000000000000234e+00,1.701428412887294428e+01
4.889999999999999680e+00,1.701771697912901260e+01
4.891000000000000014e+00,1.700110972401866150e+01
4.892000000000000348e+00,1.700643188444276888e+01
4.892999999999999794e+00,1.697790017765190385e+01
4.894000000000000128e+00,1.704417459131118306e+01
4.894999999999999574e+00,1.703917425697109422e+01
4.895999999999999908e+00,1.706231542423331149e+01
4.897000000000000242e+00,1.704222646805052221e+01
4.897999999999999687e+00,1.702090501136174439e+01
4.899000000000000021e+00,1.708956176680420214e+01
4.900000000000000355e+00,1.709131028217382209e+01
4.900999999999999801e+00,1.704140349264293164e+01
4.902000000000000135e+00,1.703850458628919284e+01
4.902999999999999581e+00,1.705613418964465922e+01
4.903999999999999915e+00,1.708750761827388231e+01
4.905000000000000249e+00,1.708860244383334503e+01
4.905999999999999694e+00,1.703647475147396761e+01
4.907000000000000028e+00,1.707619199612759786e+01
4.908000000000000362e+00,1.697807786889886117e+01
4.908999999999999808e+00,1.710164652801901752e+01
4.910000000000000142e+00,1.710330092430223203e+01
4.910999999999999588e+00,1.708105460709509771e+01
4.911999999999999922e+00,1.710175227723170366e+01
4.913000000000000256e+00,1.701496357503939549e+01
4.913999999999999702e+00,1.702049839557698974e+01
4.915000000000000036e+00,1.707941385737392892e+01
4.916000000000000369e+00,1.704117491933537920e+01
4.916999999999999815e+00,1.706686201998939367e+01
4.918000000000000149e+00,1.699745854695993330e+01
4.918999999999999595e+00,1.711178775104412964e+01
4.919999999999999929e+00,1.708112424141386043e+01
4.921000000000000263e+00,1.703094719122188039e+01
4.921999999999999709e+00,1.707498210531844762e+01
4.923000000000000043e+00,1.708029639418334256e+01
4.924000000000000377e+00,1.695954091907044159e+01
4.924999999999999822e+00,1.707021912407005715e+01
4.926000000000000156e+00,1.709687791292859060e+01
4.926999999999999602e+00,1.698156370800964510e+01
4.927999999999999936e+00,1.700146830202251280e+01
4.929000000000000270e+00,1.706618778723205310e+01
4.929999999999999716e+00,1.700857201991587431e+01
4.931000000000000050e+00,1.701468960623237336e+01
4.932000000000000384e+00,1.709078471859324466e+01
4.932999999999999829e+00,1.712755972489516409e+01
4.934000000000000163e+00,1.708085598604585442e+01
4.934999999999999609e+00,1.713304371427241435e+01
4.935999999999999943e+00,1.709327732208861050e+01
4.937000000000000277e+00,1.706475372098906718e+01
4.937999999999999723e+00,1.708006483833678146e+01
4.939000000000000057e+00,1.707946209980012497e+01
4.940000000000000391e+00,1.703725613196883160e+01
4.940999999999999837e+00,1.699612468732319215e+01
4.942000000000000171e+00,1.701711759543950819e+01
4.942999999999999616e+00,1.704507598451579753e+01
4.943999999999999950e+00,1.708300552615706991e+01
4.945000000000000284e+00,1.705918437176918445e+01
4.945999999999999730e+00,1.706143151897591537e+01
4.947000000000000064e+00,1.699826523289240754e+01
4.948000000000000398e+00,1.699710341788474821e+01
4.948999999999999844e+00,1.702975154428292726e+01
4.950000000000000178e+00,1.705171462447286856e+01
4.950999999999999623e+00,1.705636018186356750e+01
4.951999999999999957e+00,1.711089700419225679e+01
4.953000000000000291e+00,1.705649201799127468e+01
4.953999999999999737e+00,1.711167900144466358e+01
4.955000000000000071e+00,1.706954721306913569e+01
4.956000000000000405e+00,1.707849632272005991e+01
4.956999999999999851e+00,1.712418996064227628e+01
4.958000000000000185e+00,1.719031161942374197e+01
4.958999999999999631e+00,1.708414997564954518e+01
4.959999999999999964e+00,1.711696475643473292e+01
4.961000000000000298e+00,1.707526916817218421e+01
4.961999999999999744e+00,1.715039106128627466e+01
4.963000000000000078e+00,1.708548982877785960e+01
4.964000000000000412e+00,1.708718554097034925e+01
4.964999999999999858e+00,1.707421327104419362e+01
4.966000000000000192e+00,1.704475113442471468e+01
4.966999999999999638e+00,1.701433281551291188e+01
4.967999999999999972e+00,1.705234675141591794e+01
4.969000000000000306e+00,1.714517567970881728e+01
4.969999999999999751e+00,1.711570688164572829e+01
4.971000000000000085e+00,1.711153809529130143e+01
4.972000000000000419e+00,1.705432483266688237e+01
4.972999999999999865e+00,1.704835126614903373e+01
4.974000000000000199e+00,1.702575531796156483e+01
4.974999999999999645e+00,1.707938645078194284e+01
4.975999999999999979e+00,1.700639567101254102e+01
4.977000000000000313e+00,1.705025988522714897e+01
4.977999999999999758e+00,1.711881649618143797e+01
4.979000000000000092e+00,1.711486177849501900e+01
4.980000000000000426e+00,1.709550960895638738e+01
4.980999999999999872e+00,1.705405698476803167e+01
4.982000000000000206e+00,1.705380410408459468e+01
4.982999999999999652e+00,1.708274716065821153e+01
4.983999999999999986e+00,1.708593992525900873e+01
4.985000000000000320e+00,1.707518985277665280e+01
4.985999999999999766e+00,1.704828533865143569e+01
4.987000000000000099e+00,1.702260913110005802e+01
4.988000000000000433e+00,1.706035579441778083e+01
4.988999999999999879e+00,1.706997431783239350e+01
4.990000000000000213e+00,1.701910550127650623e+01
4.990999999999999659e+00,1.697844756282130874e+01
4.991999999999999993e+00,1.711024422440410220e+01
4.993000000000000327e+00,1.703190485235826657e+01
4.993999999999999773e+00,1.703926501309181418e+01
4.995000000000000107e+00,1.704564674696582927e+01
4.996000000000000441e+00,1.704699000738267145e+01
4.996999999999999886e+00,1.705136297478892971e+01
4.998000000000000220e+00,1.703414804994694975e+01
4.998999999999999666e+00,1.701420477899296202e+01
