time_ns,rg_A
0.000000000000000000e+00,1.685484677882918092e+01
1.000000000000000021e-03,1.688303782637886741e+01
2.000000000000000042e-03,1.688672744694324734e+01
3.000000000000000062e-03,1.688969519115628515e+01
4.000000000000000083e-03,1.688435965895861912e+01
5.000000000000000104e-03,1.691227412823534948e+01
6.000000000000000125e-03,1.682746564054692229e+01
7.000000000000000146e-03,1.679045770806394344e+01
8.000000000000000167e-03,1.682644262136624036e+01
8.999999999999999320e-03,1.683893492927291291e+01
1.000000000000000021e-02,1.688011539949046380e+01
1.099999999999999936e-02,1.688698987949438646e+01
1.200000000000000025e-02,1.683701095557014327e+01
1.299999999999999940e-02,1.691448775085971690e+01
1.400000000000000029e-02,1.694156277686251855e+01
1.499999999999999944e-02,1.690190624774187000e+01
1.600000000000000033e-02,1.692406054831053908e+01
1.700000000000000122e-02,1.687167652525176464e+01
1.799999999999999864e-02,1.688057170831243425e+01
1.899999999999999953e-02,1.686794187959013414e+01
2.000000000000000042e-02,1.681580546759511208e+01
2.100000000000000130e-02,1.684412746941525540e+01
2.199999999999999872e-02,1.685865253243828832e+01
2.299999999999999961e-02,1.689743873209445724e+01
2.400000000000000050e-02,1.681677979385164079e+01
2.500000000000000139e-02,1.686165849809009032e+01
2.599999999999999881e-02,1.684473750607049070e+01
2.699999999999999969e-02,1.684601202885118809e+01
2.800000000000000058e-02,1.685402008733021972e+01
2.900000000000000147e-02,1.681966821656698841e+01
2.999999999999999889e-02,1.682496371643439304e+01
3.099999999999999978e-02,1.682372936440270550e+01
3.200000000000000067e-02,1.682939681266690002e+01
3.300000000000000155e-02,1.683301039224971518e+01
3.400000000000000244e-02,1.685488355156861218e+01
3.500000000000000333e-02,1.690502149115586406e+01
3.599999999999999728e-02,1.678046265622428024e+01
3.699999999999999817e-02,1.689226803020740775e+01
3.799999999999999906e-02,1.685075707582387139e+01
3.899999999999999994e-02,1.682817808576799123e+01
4.000000000000000083e-02,1.689547043015632255e+01
4.100000000000000172e-02,1.686974946528029662e+01
4.200000000000000261e-02,1.693556650391462171e+01
4.299999999999999656e-02,1.681457554632662266e+01
4.399999999999999745e-02,1.687690283055760432e+01
4.499999999999999833e-02,1.683869379398151978e+01
4.599999999999999922e-02,1.690498413379347653e+01
4.700000000000000011e-02,1.684327974137104178e+01
4.800000000000000100e-02,1.691234156642262221e+01
4.900000000000000189e-02,1.689215369625739882e+01
5.000000000000000278e-02,1.677536277499493877e+01
5.099999999999999672e-02,1.681198864238152879e+01
5.199999999999999761e-02,1.678175199046830812e+01
5.299999999999999850e-02,1.683817792977073680e+01
5.399999999999999939e-02,1.681281123434185432e+01
5.500000000000000028e-02,1.684123291382205423e+01
5.600000000000000117e-02,1.688269258569797415e+01
5.700000000000000205e-02,1.685832617937809630e+01
5.800000000000000294e-02,1.688624282203988258e+01
5.899999999999999689e-02,1.684793099112424741e+01
5.999999999999999778e-02,1.682723528637673027e+01
6.099999999999999867e-02,1.682719378341444738e+01
6.199999999999999956e-02,1.685069465088845675e+01
6.300000000000000044e-02,1.689001345435981705e+01
6.400000000000000133e-02,1.684229813099308970e+01
6.500000000000000222e-02,1.688070688014023446e+01
6.600000000000000311e-02,1.686300199367527242e+01
6.700000000000000400e-02,1.685675769939798130e+01
6.800000000000000488e-02,1.683945896018834532e+01
6.900000000000000577e-02,1.690974876754225775e+01
7.000000000000000666e-02,1.689729246678216867e+01
7.099999999999999367e-02,1.681794670855105522e+01
7.199999999999999456e-02,1.687320705949719368e+01
7.299999999999999545e-02,1.683121553740518550e+01
7.399999999999999634e-02,1.686949634830103761e+01
7.499999999999999722e-02,1.679888667145674930e+01
7.599999999999999811e-02,1.680160049082598306e+01
7.699999999999999900e-02,1.687718357716884654e+01
7.799999999999999989e-02,1.681685566274622445e+01
7.900000000000000078e-02,1.680794817028878541e+01
8.000000000000000167e-02,1.685593468036937281e+01
8.100000000000000255e-02,1.689342921176933032e+01
8.200000000000000344e-02,1.681492480615550988e+01
8.300000000000000433e-02,1.684477509734414369e+01
8.400000000000000522e-02,1.682904814962383711e+01
8.500000000000000611e-02,1.685420145537901959e+01
8.599999999999999312e-02,1.679860922219019415e+01
8.699999999999999400e-02,1.685610260927770909e+01
8.799999999999999489e-02,1.682086554491532482e+01
8.899999999999999578e-02,1.677479253434560391e+01
8.999999999999999667e-02,1.675234588647420608e+01
9.099999999999999756e-02,1.679520643187803586e+01
9.199999999999999845e-02,1.685295483795114180e+01
9.299999999999999933e-02,1.686575780966441229e+01
9.400000000000000022e-02,1.687306160254912157e+01
9.500000000000000111e-02,1.689135542241959342e+01
9.600000000000000200e-02,1.682262140249197557e+01
9.700000000000000289e-02,1.683031050347773316e+01
9.800000000000000377e-02,1.682227808248372014e+01
9.900000000000000466e-02,1.680398489244706539e+01
1.000000000000000056e-01,1.679753772962439839e+01
1.010000000000000064e-01,1.688782351981566165e+01
1.019999999999999934e-01,1.677846982270792608e+01
1.029999999999999943e-01,1.680928588641488375e+01
1.039999999999999952e-01,1.691272435057340218e+01
1.049999999999999961e-01,1.679617748753803141e+01
1.059999999999999970e-01,1.685640809242390148e+01
1.069999999999999979e-01,1.685515478637931253e+01
1.079999999999999988e-01,1.678312463402815169e+01
1.089999999999999997e-01,1.686118507047797621e+01
1.100000000000000006e-01,1.684046312995584316e+01
1.110000000000000014e-01,1.681043055235437578e+01
1.120000000000000023e-01,1.683565176932337337e+01
1.130000000000000032e-01,1.681670967087922364e+01
1.140000000000000041e-01,1.681946846186700739e+01
1.150000000000000050e-01,1.682020833325497478e+01
1.160000000000000059e-01,1.682024908433023214e+01
1.170000000000000068e-01,1.679711280736573187e+01
1.179999999999999938e-01,1.681118359282261565e+01
1.189999999999999947e-01,1.684614420486333231e+01
1.199999999999999956e-01,1.677653800678031004e+01
1.209999999999999964e-01,1.683301867942659413e+01
1.219999999999999973e-01,1.693106576141224195e+01
1.229999999999999982e-01,1.688225700272941765e+01
1.239999999999999991e-01,1.682047655893412852e+01
1.250000000000000000e-01,1.687136624032784837e+01
1.260000000000000009e-01,1.686941440869225062e+01
1.270000000000000018e-01,1.685817005067261221e+01
1.280000000000000027e-01,1.689974285103216189e+01
1.290000000000000036e-01,1.689466395855560421e+01
1.300000000000000044e-01,1.689306475222720394e+01
1.310000000000000053e-01,1.691888623775449929e+01
1.320000000000000062e-01,1.687605332798325009e+01
1.330000000000000071e-01,1.689568315306406987e+01
1.340000000000000080e-01,1.685645339881593685e+01
1.350000000000000089e-01,1.687220972856973233e+01
1.360000000000000098e-01,1.697004633046506683e+01
1.370000000000000107e-01,1.686347360385259364e+01
1.380000000000000115e-01,1.689690161736699636e+01
1.390000000000000124e-01,1.690091189203535649e+01
1.400000000000000133e-01,1.683992414659880410e+01
1.409999999999999865e-01,1.685139195570529225e+01
1.419999999999999873e-01,1.690333315209972653e+01
1.429999999999999882e-01,1.686199443335807402e+01
1.439999999999999891e-01,1.686418315997311268e+01
1.449999999999999900e-01,1.686665688091127180e+01
1.459999999999999909e-01,1.686264282297900508e+01
1.469999999999999918e-01,1.687395372090434975e+01
1.479999999999999927e-01,1.691996094844601473e+01
1.489999999999999936e-01,1.692864109478108503e+01
1.499999999999999944e-01,1.689518818058566296e+01
1.509999999999999953e-01,1.693179014265843563e+01
1.519999999999999962e-01,1.688863036930578332e+01
1.529999999999999971e-01,1.687365745760274294e+01
1.539999999999999980e-01,1.683301052705617451e+01
1.549999999999999989e-01,1.687294834651340025e+01
1.559999999999999998e-01,1.690037769951137392e+01
1.570000000000000007e-01,1.696499077689498591e+01
1.580000000000000016e-01,1.692533218001899797e+01
1.590000000000000024e-01,1.690011415228777025e+01
1.600000000000000033e-01,1.691658904880527814e+01
1.610000000000000042e-01,1.692658233658396583e+01
1.620000000000000051e-01,1.688770820654233518e+01
1.630000000000000060e-01,1.691449638778176023e+01
1.640000000000000069e-01,1.696015045976171720e+01
1.650000000000000078e-01,1.694181039069308170e+01
1.660000000000000087e-01,1.690325006366717275e+01
1.670000000000000095e-01,1.685302804292703271e+01
1.680000000000000104e-01,1.692644578571631442e+01
1.690000000000000113e-01,1.689572187945528015e+01
1.700000000000000122e-01,1.694869591175554646e+01
1.710000000000000131e-01,1.693365863698433671e+01
1.719999999999999862e-01,1.690812253040078517e+01
1.729999999999999871e-01,1.692022911018874964e+01
1.739999999999999880e-01,1.697424709147749056e+01
1.749999999999999889e-01,1.691205113064886945e+01
1.759999999999999898e-01,1.695262084655004742e+01
1.769999999999999907e-01,1.689067014136326605e+01
1.779999999999999916e-01,1.685956854661413118e+01
1.789999999999999925e-01,1.687579702282170757e+01
1.799999999999999933e-01,1.691067083456872311e+01
1.809999999999999942e-01,1.691764861286811339e+01
1.819999999999999951e-01,1.687897335728584025e+01
1.829999999999999960e-01,1.696887032842271026e+01
1.839999999999999969e-01,1.691271455824858805e+01
1.849999999999999978e-01,1.695689427527028670e+01
1.859999999999999987e-01,1.698253521101565156e+01
1.869999999999999996e-01,1.696858754092959387e+01
1.880000000000000004e-01,1.692988674358853629e+01
1.890000000000000013e-01,1.691882373487016267e+01
1.900000000000000022e-01,1.691242982778221915e+01
1.910000000000000031e-01,1.694524517448678580e+01
1.920000000000000040e-01,1.690646895618711198e+01
1.930000000000000049e-01,1.693719124929554809e+01
1.940000000000000058e-01,1.690235454144397664e+01
1.950000000000000067e-01,1.691963027429897437e+01
1.960000000000000075e-01,1.691697318784619952e+01
1.970000000000000084e-01,1.689355569960170200e+01
1.980000000000000093e-01,1.688760633866275640e+01
1.990000000000000102e-01,1.687363854282747511e+01
2.000000000000000111e-01,1.690958391401285255e+01
2.010000000000000120e-01,1.695586208251076954e+01
2.020000000000000129e-01,1.691235204719346186e+01
2.030000000000000138e-01,1.688542671105016524e+01
2.039999999999999869e-01,1.688002749894533849e+01
2.049999999999999878e-01,1.692541329548142670e+01
2.059999999999999887e-01,1.693161256094332856e+01
2.069999999999999896e-01,1.692281364609196359e+01
2.079999999999999905e-01,1.695920881209493558e+01
2.089999999999999913e-01,1.693481951890710846e+01
2.099999999999999922e-01,1.699096225021438400e+01
2.109999999999999931e-01,1.689650152215398649e+01
2.119999999999999940e-01,1.691071042266646529e+01
2.129999999999999949e-01,1.695591994058862895e+01
2.139999999999999958e-01,1.687302688739595169e+01
2.149999999999999967e-01,1.687986591965541550e+01
2.159999999999999976e-01,1.691843652406985399e+01
2.169999999999999984e-01,1.691508552221199224e+01
2.179999999999999993e-01,1.689592838848217582e+01
2.190000000000000002e-01,1.689904088706408913e+01
2.200000000000000011e-01,1.691034278631410359e+01
2.210000000000000020e-01,1.686883804570292611e+01
2.220000000000000029e-01,1.695100770872399210e+01
2.230000000000000038e-01,1.691994815455960222e+01
2.240000000000000047e-01,1.687891487434508875e+01
2.250000000000000056e-01,1.688640592502942539e+01
2.260000000000000064e-01,1.695894560632279280e+01
2.270000000000000073e-01,1.689316399309716132e+01
2.280000000000000082e-01,1.690836461945446345e+01
2.290000000000000091e-01,1.688418970170283018e+01
2.300000000000000100e-01,1.693901118535702111e+01
2.310000000000000109e-01,1.690658103507514198e+01
2.320000000000000118e-01,1.688968276187318196e+01
2.330000000000000127e-01,1.691273052466528171e+01
2.340000000000000135e-01,1.688345158822589553e+01
2.349999999999999867e-01,1.690821742993838939e+01
2.359999999999999876e-01,1.686059434809703816e+01
2.369999999999999885e-01,1.685997429884865184e+01
2.379999999999999893e-01,1.683522186733177861e+01
2.389999999999999902e-01,1.688602427460316946e+01
2.399999999999999911e-01,1.686554843726150210e+01
2.409999999999999920e-01,1.693084466669199628e+01
2.419999999999999929e-01,1.695667857737314677e+01
2.429999999999999938e-01,1.688872894332083519e+01
2.439999999999999947e-01,1.695872016163612628e+01
2.449999999999999956e-01,1.696554927550164038e+01
2.459999999999999964e-01,1.695463184275438806e+01
2.469999999999999973e-01,1.686760155228882141e+01
2.479999999999999982e-01,1.693578474638555065e+01
2.489999999999999991e-01,1.688499639880601677e+01
2.500000000000000000e-01,1.695616134884690496e+01
2.510000000000000009e-01,1.691234184065956114e+01
2.520000000000000018e-01,1.693966606394894114e+01
2.530000000000000027e-01,1.693122648092813165e+01
2.540000000000000036e-01,1.694011135221732545e+01
2.550000000000000044e-01,1.694173498947043299e+01
2.560000000000000053e-01,1.689429457085169872e+01
2.570000000000000062e-01,1.692696451745413810e+01
2.580000000000000071e-01,1.688528318040374998e+01
2.590000000000000080e-01,1.689047602757213795e+01
2.600000000000000089e-01,1.692686483925635343e+01
2.610000000000000098e-01,1.700773814244679372e+01
2.620000000000000107e-01,1.692296008316874278e+01
2.630000000000000115e-01,1.695254525220902053e+01
2.640000000000000124e-01,1.695869959344716449e+01
2.650000000000000133e-01,1.694066228985904488e+01
2.660000000000000142e-01,1.689476299262206282e+01
2.670000000000000151e-01,1.694207308370674525e+01
2.680000000000000160e-01,1.691785970614622059e+01
2.690000000000000169e-01,1.693447197193640363e+01
2.700000000000000178e-01,1.688275578548787337e+01
2.710000000000000187e-01,1.690553720799778858e+01
2.720000000000000195e-01,1.688748116396023136e+01
2.730000000000000204e-01,1.685199967581377933e+01
2.740000000000000213e-01,1.694428079342784343e+01
2.750000000000000222e-01,1.691227493478656640e+01
2.760000000000000231e-01,1.681933866439101877e+01
2.770000000000000240e-01,1.688154357048433241e+01
2.780000000000000249e-01,1.682911934363298911e+01
2.790000000000000258e-01,1.683991744195554929e+01
2.800000000000000266e-01,1.690119381291284739e+01
2.810000000000000275e-01,1.684657897815680272e+01
2.819999999999999729e-01,1.683215088001477611e+01
2.829999999999999738e-01,1.697688956398696902e+01
2.839999999999999747e-01,1.693715813970328554e+01
2.849999999999999756e-01,1.693914521234381709e+01
2.859999999999999765e-01,1.690473200008814558e+01
2.869999999999999774e-01,1.690487804693545115e+01
2.879999999999999782e-01,1.691527595503952242e+01
2.889999999999999791e-01,1.697441081087545101e+01
2.899999999999999800e-01,1.691557981630862884e+01
2.909999999999999809e-01,1.692176983625109798e+01
2.919999999999999818e-01,1.688014097289948268e+01
2.929999999999999827e-01,1.692100475375244528e+01
2.939999999999999836e-01,1.690479250333984851e+01
2.949999999999999845e-01,1.690738038524354181e+01
2.959999999999999853e-01,1.689769095867615079e+01
2.969999999999999862e-01,1.692546842180063749e+01
2.979999999999999871e-01,1.689339805357969126e+01
2.989999999999999880e-01,1.698658181678156609e+01
2.999999999999999889e-01,1.694189699329691479e+01
3.009999999999999898e-01,1.697230861617275366e+01
3.019999999999999907e-01,1.702875880771321704e+01
3.029999999999999916e-01,1.695056740267934714e+01
3.039999999999999925e-01,1.697759811350002224e+01
3.049999999999999933e-01,1.702342203019799527e+01
3.059999999999999942e-01,1.686178002642208540e+01
3.069999999999999951e-01,1.693577606588396023e+01
3.079999999999999960e-01,1.696291316359405954e+01
3.089999999999999969e-01,1.691155663764079975e+01
3.099999999999999978e-01,1.697470528432474879e+01
3.109999999999999987e-01,1.697793922372833819e+01
3.119999999999999996e-01,1.688743185794378121e+01
3.130000000000000004e-01,1.692138580834124539e+01
3.140000000000000013e-01,1.684810563112908000e+01
3.150000000000000022e-01,1.688857274401309638e+01
3.160000000000000031e-01,1.685209326328406476e+01
3.170000000000000040e-01,1.688244286059784471e+01
3.180000000000000049e-01,1.692576583206397345e+01
3.190000000000000058e-01,1.688399919952952999e+01
3.200000000000000067e-01,1.694475618135804140e+01
3.210000000000000075e-01,1.685914287938953748e+01
3.220000000000000084e-01,1.694218889002547712e+01
3.230000000000000093e-01,1.696176589274454116e+01
3.240000000000000102e-01,1.694758681201633621e+01
3.250000000000000111e-01,1.696429202247763968e+01
3.260000000000000120e-01,1.698673510525526709e+01
3.270000000000000129e-01,1.697850505505931196e+01
3.280000000000000138e-01,1.692949937650086412e+01
3.290000000000000147e-01,1.693501365253608526e+01
3.300000000000000155e-01,1.694050917623778929e+01
3.310000000000000164e-01,1.687719569874979442e+01
3.320000000000000173e-01,1.688698426667277630e+01
3.330000000000000182e-01,1.688691821432512086e+01
3.340000000000000191e-01,1.689420327435480473e+01
3.350000000000000200e-01,1.689007863562981626e+01
3.360000000000000209e-01,1.690657188297565483e+01
3.370000000000000218e-01,1.689144457459201831e+01
3.380000000000000226e-01,1.687977207264644974e+01
3.390000000000000235e-01,1.686164832273547987e+01
3.400000000000000244e-01,1.691357710425659988e+01
3.410000000000000253e-01,1.695172886763726794e+01
3.420000000000000262e-01,1.688697104951521410e+01
3.430000000000000271e-01,1.689674261047364112e+01
3.439999999999999725e-01,1.690969492834558707e+01
3.449999999999999734e-01,1.687887834295028000e+01
3.459999999999999742e-01,1.687226860109345949e+01
3.469999999999999751e-01,1.685196338785177872e+01
3.479999999999999760e-01,1.690736234515953385e+01
3.489999999999999769e-01,1.685478906553042577e+01
3.499999999999999778e-01,1.685859989595943276e+01
3.509999999999999787e-01,1.689101049497024576e+01
3.519999999999999796e-01,1.688049610189486316e+01
3.529999999999999805e-01,1.681920942817079734e+01
3.539999999999999813e-01,1.688995544494665069e+01
3.549999999999999822e-01,1.681154121557851511e+01
3.559999999999999831e-01,1.684183271937508053e+01
3.569999999999999840e-01,1.688915251217630953e+01
3.579999999999999849e-01,1.682245031774939648e+01
3.589999999999999858e-01,1.682518715051529767e+01
3.599999999999999867e-01,1.681429828188583286e+01
3.609999999999999876e-01,1.684501454517377184e+01
3.619999999999999885e-01,1.683403482136306550e+01
3.629999999999999893e-01,1.687184807604789683e+01
3.639999999999999902e-01,1.678870125423111404e+01
3.649999999999999911e-01,1.687073194622342953e+01
3.659999999999999920e-01,1.684815144403349052e+01
3.669999999999999929e-01,1.684265799537674013e+01
3.679999999999999938e-01,1.686731669659807054e+01
3.689999999999999947e-01,1.683200338374993876e+01
3.699999999999999956e-01,1.687513647809944928e+01
3.709999999999999964e-01,1.690438745891410122e+01
3.719999999999999973e-01,1.688409873727235322e+01
3.729999999999999982e-01,1.684970435973794878e+01
3.739999999999999991e-01,1.692744717304046631e+01
3.750000000000000000e-01,1.690551424470790920e+01
3.760000000000000009e-01,1.684549444065320145e+01
3.770000000000000018e-01,1.690479850011936946e+01
3.780000000000000027e-01,1.682451801861076746e+01
3.790000000000000036e-01,1.690346887254273867e+01
3.800000000000000044e-01,1.682556904410397891e+01
3.810000000000000053e-01,1.687301922262583531e+01
3.820000000000000062e-01,1.687152500976965541e+01
3.830000000000000071e-01,1.686473062234364662e+01
3.840000000000000080e-01,1.685980746549547860e+01
3.850000000000000089e-01,1.684216721550837548e+01
3.860000000000000098e-01,1.690038932294999796e+01
3.870000000000000107e-01,1.688323096566949744e+01
3.880000000000000115e-01,1.692203713598286541e+01
3.890000000000000124e-01,1.688362966300090662e+01
3.900000000000000133e-01,1.689881316654728138e+01
3.910000000000000142e-01,1.687056216735717484e+01
3.920000000000000151e-01,1.691801069465565277e+01
3.930000000000000160e-01,1.690141001453986291e+01
3.940000000000000169e-01,1.689188699118993853e+01
3.950000000000000178e-01,1.686777146968096730e+01
3.960000000000000187e-01,1.691144741269937768e+01
3.970000000000000195e-01,1.694852356572558705e+01
3.980000000000000204e-01,1.691391724932974228e+01
3.990000000000000213e-01,1.691233873485935746e+01
4.000000000000000222e-01,1.691197655363724905e+01
4.010000000000000231e-01,1.686167836076741011e+01
4.020000000000000240e-01,1.690758916929163647e+01
4.030000000000000249e-01,1.683630789154654295e+01
4.040000000000000258e-01,1.689775460671555507e+01
4.050000000000000266e-01,1.682690435012055374e+01
4.060000000000000275e-01,1.689116361361287133e+01
4.069999999999999729e-01,1.689784509004776680e+01
4.079999999999999738e-01,1.685528923413659541e+01
4.089999999999999747e-01,1.692212331351620946e+01
4.099999999999999756e-01,1.689458518480658000e+01
4.109999999999999765e-01,1.690729216274738889e+01
4.119999999999999774e-01,1.687733120868820791e+01
4.129999999999999782e-01,1.689365076071323557e+01
4.139999999999999791e-01,1.686204022314631956e+01
4.149999999999999800e-01,1.688972525517255008e+01
4.159999999999999809e-01,1.682387609836966291e+01
4.169999999999999818e-01,1.688040599043461043e+01
4.179999999999999827e-01,1.687689810689518310e+01
4.189999999999999836e-01,1.687308690789221899e+01
4.199999999999999845e-01,1.684231997928522162e+01
4.209999999999999853e-01,1.688326144908337767e+01
4.219999999999999862e-01,1.690946267743004583e+01
4.229999999999999871e-01,1.696847134398342760e+01
4.239999999999999880e-01,1.691071107784060246e+01
4.249999999999999889e-01,1.697203945075433396e+01
4.259999999999999898e-01,1.691227743967825248e+01
4.269999999999999907e-01,1.691576318526138678e+01
4.279999999999999916e-01,1.687636847649390504e+01
4.289999999999999925e-01,1.694273984867568572e+01
4.299999999999999933e-01,1.692325624441834009e+01
4.309999999999999942e-01,1.693834560434835268e+01
4.319999999999999951e-01,1.689359944812230907e+01
4.329999999999999960e-01,1.687564964710715287e+01
4.339999999999999969e-01,1.693377320274927200e+01
4.349999999999999978e-01,1.692255067535021595e+01
4.359999999999999987e-01,1.689597975459147605e+01
4.369999999999999996e-01,1.689214150507517331e+01
4.380000000000000004e-01,1.697076506079746139e+01
4.390000000000000013e-01,1.691941921566242257e+01
4.400000000000000022e-01,1.682107838102976771e+01
4.410000000000000031e-01,1.689952806187216794e+01
4.420000000000000040e-01,1.684679099719285489e+01
4.430000000000000049e-01,1.689304473702026144e+01
4.440000000000000058e-01,1.695422268960188816e+01
4.450000000000000067e-01,1.685789122554329822e+01
4.460000000000000075e-01,1.688778131200972510e+01
4.470000000000000084e-01,1.685031978246436424e+01
4.480000000000000093e-01,1.688566221912320842e+01
4.490000000000000102e-01,1.690136826612337018e+01
4.500000000000000111e-01,1.693093014921590722e+01
4.510000000000000120e-01,1.688476612499817975e+01
4.520000000000000129e-01,1.696293395291230865e+01
4.530000000000000138e-01,1.691930610961614434e+01
4.540000000000000147e-01,1.687508393809921614e+01
4.550000000000000155e-01,1.697072328669375096e+01
4.560000000000000164e-01,1.687051543090520056e+01
4.570000000000000173e-01,1.690370453814387020e+01
4.580000000000000182e-01,1.691349733644919340e+01
4.590000000000000191e-01,1.693464616411807810e+01
4.600000000000000200e-01,1.689645758827385080e+01
4.610000000000000209e-01,1.695252799293987778e+01
4.620000000000000218e-01,1.693017880642205242e+01
4.630000000000000226e-01,1.689559127075868616e+01
4.640000000000000235e-01,1.690023515335298399e+01
4.650000000000000244e-01,1.690006763462139006e+01
4.660000000000000253e-01,1.690690259924600625e+01
4.670000000000000262e-01,1.686322014883608844e+01
4.680000000000000271e-01,1.691059015355740414e+01
4.689999999999999725e-01,1.692446279538199860e+01
4.699999999999999734e-01,1.685425651110279333e+01
4.709999999999999742e-01,1.690532535902703870e+01
4.719999999999999751e-01,1.686949863768726487e+01
4.729999999999999760e-01,1.682576909338701299e+01
4.739999999999999769e-01,1.680971993073098147e+01
4.749999999999999778e-01,1.692335208057026108e+01
4.759999999999999787e-01,1.693837874864626514e+01
4.769999999999999796e-01,1.687825391006700215e+01
4.779999999999999805e-01,1.686592220908416806e+01
4.789999999999999813e-01,1.694326456097746814e+01
4.799999999999999822e-01,1.691463136611263707e+01
4.809999999999999831e-01,1.690100113361968326e+01
4.819999999999999840e-01,1.697006420719826636e+01
4.829999999999999849e-01,1.698305921027898790e+01
4.839999999999999858e-01,1.692475277204241380e+01
4.849999999999999867e-01,1.698520003357660357e+01
4.859999999999999876e-01,1.695365506146021417e+01
4.869999999999999885e-01,1.689512262037105117e+01
4.879999999999999893e-01,1.688967009539448227e+01
4.889999999999999902e-01,1.687478678074074523e+01
4.899999999999999911e-01,1.680852069325852938e+01
4.909999999999999920e-01,1.682603066587385499e+01
4.919999999999999929e-01,1.685552037708954032e+01
4.929999999999999938e-01,1.689315547863302314e+01
4.939999999999999947e-01,1.686006108716204110e+01
4.949999999999999956e-01,1.692271399865470372e+01
4.959999999999999964e-01,1.691294377752811684e+01
4.969999999999999973e-01,1.690935787640195542e+01
4.979999999999999982e-01,1.691566595611301338e+01
4.989999999999999991e-01,1.701942628217075182e+01
5.000000000000000000e-01,1.691490211697585266e+01
5.010000000000000009e-01,1.693597320916320470e+01
5.020000000000000018e-01,1.694373151566387037e+01
5.030000000000000027e-01,1.690643769139870400e+01
5.040000000000000036e-01,1.696778929956347781e+01
5.050000000000000044e-01,1.700908670608917106e+01
5.060000000000000053e-01,1.692033815815214837e+01
5.070000000000000062e-01,1.690466599576234330e+01
5.080000000000000071e-01,1.692714382865162648e+01
5.090000000000000080e-01,1.692546312213153925e+01
5.100000000000000089e-01,1.691535241314196014e+01
5.110000000000000098e-01,1.692371512176550041e+01
5.120000000000000107e-01,1.690243211369921283e+01
5.130000000000000115e-01,1.689134658101286490e+01
5.140000000000000124e-01,1.692809258356374968e+01
5.150000000000000133e-01,1.694159568857246256e+01
5.160000000000000142e-01,1.692124987287593285e+01
5.170000000000000151e-01,1.693040998429987454e+01
5.180000000000000160e-01,1.689185801710883794e+01
5.190000000000000169e-01,1.696277290069772548e+01
5.200000000000000178e-01,1.691568876633890639e+01
5.210000000000000187e-01,1.696520295914918464e+01
5.220000000000000195e-01,1.696242175463801161e+01
5.230000000000000204e-01,1.688637437721434864e+01
5.240000000000000213e-01,1.690311658382765714e+01
5.250000000000000222e-01,1.691982543524365212e+01
5.260000000000000231e-01,1.690663671316276861e+01
5.270000000000000240e-01,1.690606844295956890e+01
5.280000000000000249e-01,1.697578688991796270e+01
5.290000000000000258e-01,1.687431858056786638e+01
5.300000000000000266e-01,1.694035141205689499e+01
5.310000000000000275e-01,1.689241416866325807e+01
5.320000000000000284e-01,1.685106414883047421e+01
5.330000000000000293e-01,1.686618739775116893e+01
5.340000000000000302e-01,1.686949830023656105e+01
5.350000000000000311e-01,1.695107197793614873e+01
5.360000000000000320e-01,1.689257417061901378e+01
5.370000000000000329e-01,1.688802984836411625e+01
5.380000000000000338e-01,1.686881101752141632e+01
5.390000000000000346e-01,1.688970359537786692e+01
5.400000000000000355e-01,1.691342733867018922e+01
5.410000000000000364e-01,1.688863074790002017e+01
5.420000000000000373e-01,1.689333359933503331e+01
5.430000000000000382e-01,1.695474327041516815e+01
5.440000000000000391e-01,1.689863386838732495e+01
5.450000000000000400e-01,1.691999612986668922e+01
5.460000000000000409e-01,1.690176313074505288e+01
5.470000000000000417e-01,1.697456880442563687e+01
5.480000000000000426e-01,1.690028161698305098e+01
5.490000000000000435e-01,1.699758197968098727e+01
5.500000000000000444e-01,1.698561798962704472e+01
5.510000000000000453e-01,1.697807958231978631e+01
5.520000000000000462e-01,1.695372597274065996e+01
5.530000000000000471e-01,1.696984228875001932e+01
5.540000000000000480e-01,1.692866137090761924e+01
5.550000000000000488e-01,1.691047775158353517e+01
5.560000000000000497e-01,1.689372804165215314e+01
5.570000000000000506e-01,1.688988726977626698e+01
5.580000000000000515e-01,1.689120235476807608e+01
5.590000000000000524e-01,1.688230063546121684e+01
5.600000000000000533e-01,1.688462071233717410e+01
5.610000000000000542e-01,1.699390623388576671e+01
5.620000000000000551e-01,1.691327005210187906e+01
5.629999999999999449e-01,1.695646096766853717e+01
5.639999999999999458e-01,1.695847833120143733e+01
5.649999999999999467e-01,1.695138580382273119e+01
5.659999999999999476e-01,1.692171692485997170e+01
5.669999999999999485e-01,1.692501285637449371e+01
5.679999999999999494e-01,1.692535979152113512e+01
5.689999999999999503e-01,1.694948563718416779e+01
5.699999999999999512e-01,1.694394239940218583e+01
5.709999999999999520e-01,1.692200410964134605e+01
5.719999999999999529e-01,1.694672108301162439e+01
5.729999999999999538e-01,1.693584330820071315e+01
5.739999999999999547e-01,1.694033613800805682e+01
5.749999999999999556e-01,1.692919669182954578e+01
5.759999999999999565e-01,1.698489087776981421e+01
5.769999999999999574e-01,1.691749646836976240e+01
5.779999999999999583e-01,1.693476311090338271e+01
5.789999999999999591e-01,1.694308791290854188e+01
5.799999999999999600e-01,1.695294878583227316e+01
5.809999999999999609e-01,1.688894553198030124e+01
5.819999999999999618e-01,1.703529514468147354e+01
5.829999999999999627e-01,1.691832746518198505e+01
5.839999999999999636e-01,1.695218941090796605e+01
5.849999999999999645e-01,1.691897437312515606e+01
5.859999999999999654e-01,1.691973375531622281e+01
5.869999999999999662e-01,1.689608887478950194e+01
5.879999999999999671e-01,1.688101207221587075e+01
5.889999999999999680e-01,1.690376210783923483e+01
5.899999999999999689e-01,1.690237650721171292e+01
5.909999999999999698e-01,1.688470600557046097e+01
5.919999999999999707e-01,1.687711332801096731e+01
5.929999999999999716e-01,1.690344203676388446e+01
5.939999999999999725e-01,1.697774813032544827e+01
5.949999999999999734e-01,1.701494883790515544e+01
5.959999999999999742e-01,1.697466564528421173e+01
5.969999999999999751e-01,1.691000125735779491e+01
5.979999999999999760e-01,1.695546531091665443e+01
5.989999999999999769e-01,1.692876036552066665e+01
5.999999999999999778e-01,1.699123115795766026e+01
6.009999999999999787e-01,1.695009146084369078e+01
6.019999999999999796e-01,1.693869218890671391e+01
6.029999999999999805e-01,1.689170187108361887e+01
6.039999999999999813e-01,1.695016421588477584e+01
6.049999999999999822e-01,1.694998470313972305e+01
6.059999999999999831e-01,1.693989367295498383e+01
6.069999999999999840e-01,1.702564473575341353e+01
6.079999999999999849e-01,1.697564949960982261e+01
6.089999999999999858e-01,1.696144285604576041e+01
6.099999999999999867e-01,1.695337717508363085e+01
6.109999999999999876e-01,1.700181253241390777e+01
6.119999999999999885e-01,1.699697349966766780e+01
6.129999999999999893e-01,1.693880212053065293e+01
6.139999999999999902e-01,1.697829034346933952e+01
6.149999999999999911e-01,1.693328049849279182e+01
6.159999999999999920e-01,1.701910536995042023e+01
6.169999999999999929e-01,1.691565131277772949e+01
6.179999999999999938e-01,1.695777100014150918e+01
6.189999999999999947e-01,1.688044300235322481e+01
6.199999999999999956e-01,1.693862600749075398e+01
6.209999999999999964e-01,1.700333819491370591e+01
6.219999999999999973e-01,1.698057327250311843e+01
6.229999999999999982e-01,1.698953069968655427e+01
6.239999999999999991e-01,1.688833267654573689e+01
6.250000000000000000e-01,1.694111416883047028e+01
6.260000000000000009e-01,1.689619290332768031e+01
6.270000000000000018e-01,1.693559497892672994e+01
6.280000000000000027e-01,1.688996443541597259e+01
6.290000000000000036e-01,1.691468716656578053e+01
6.300000000000000044e-01,1.700173275951526008e+01
6.310000000000000053e-01,1.692676171826704845e+01
6.320000000000000062e-01,1.690431784926609993e+01
6.330000000000000071e-01,1.691787041838703232e+01
6.340000000000000080e-01,1.691979350274574045e+01
6.350000000000000089e-01,1.695845657261434525e+01
6.360000000000000098e-01,1.694759854294396106e+01
6.370000000000000107e-01,1.699359358296911893e+01
6.380000000000000115e-01,1.696363066861648150e+01
6.390000000000000124e-01,1.691880593530183319e+01
6.400000000000000133e-01,1.693671601027486062e+01
6.410000000000000142e-01,1.696470042915582610e+01
6.420000000000000151e-01,1.696431463506010573e+01
6.430000000000000160e-01,1.698839155077209995e+01
6.440000000000000169e-01,1.693429775533947890e+01
6.450000000000000178e-01,1.688697540408581332e+01
6.460000000000000187e-01,1.689099925308199346e+01
6.470000000000000195e-01,1.691632103945730847e+01
6.480000000000000204e-01,1.691367837571498001e+01
6.490000000000000213e-01,1.694637742415193671e+01
6.500000000000000222e-01,1.689012465942609253e+01
6.510000000000000231e-01,1.693454781430490286e+01
6.520000000000000240e-01,1.694656849009401611e+01
6.530000000000000249e-01,1.708836054666427273e+01
6.540000000000000258e-01,1.697518797204841690e+01
6.550000000000000266e-01,1.699795124129463275e+01
6.560000000000000275e-01,1.695344231923582967e+01
6.570000000000000284e-01,1.695563371524339402e+01
6.580000000000000293e-01,1.696339860669735344e+01
6.590000000000000302e-01,1.689769060321545169e+01
6.600000000000000311e-01,1.693378123365574695e+01
6.610000000000000320e-01,1.696372627357337493e+01
6.620000000000000329e-01,1.697691646800845433e+01
6.630000000000000338e-01,1.693571100705776544e+01
6.640000000000000346e-01,1.692768674633438764e+01
6.650000000000000355e-01,1.694667613967956754e+01
6.660000000000000364e-01,1.695550022011540392e+01
6.670000000000000373e-01,1.691810424883286501e+01
6.680000000000000382e-01,1.692925041679427167e+01
6.690000000000000391e-01,1.704778269947343006e+01
6.700000000000000400e-01,1.695427707772312331e+01
6.710000000000000409e-01,1.692921248928193023e+01
6.720000000000000417e-01,1.691378818407911311e+01
6.730000000000000426e-01,1.694633463569489251e+01
6.740000000000000435e-01,1.694271102947868712e+01
6.750000000000000444e-01,1.700820450796608085e+01
6.760000000000000453e-01,1.702339389069264897e+01
6.770000000000000462e-01,1.698314814198397826e+01
6.780000000000000471e-01,1.695351944859987725e+01
6.790000000000000480e-01,1.693465285343464899e+01
6.800000000000000488e-01,1.691651885904106933e+01
6.810000000000000497e-01,1.692160512922777826e+01
6.820000000000000506e-01,1.697246531282117843e+01
6.830000000000000515e-01,1.690250516102746658e+01
6.840000000000000524e-01,1.692877559210878147e+01
6.850000000000000533e-01,1.690013575593199135e+01
6.860000000000000542e-01,1.695717371134675489e+01
6.870000000000000551e-01,1.693569092963379674e+01
6.879999999999999449e-01,1.692465105470617814e+01
6.889999999999999458e-01,1.690131539556503881e+01
6.899999999999999467e-01,1.690325486866762361e+01
6.909999999999999476e-01,1.689379471628507901e+01
6.919999999999999485e-01,1.693843506863160187e+01
6.929999999999999494e-01,1.695447068452967798e+01
6.939999999999999503e-01,1.696345917114122415e+01
6.949999999999999512e-01,1.691125116642020032e+01
6.959999999999999520e-01,1.696436389846679660e+01
6.969999999999999529e-01,1.692073530547117599e+01
6.979999999999999538e-01,1.684782462731547170e+01
6.989999999999999547e-01,1.692509032502349342e+01
6.999999999999999556e-01,1.699510961336627801e+01
7.009999999999999565e-01,1.697612936692540231e+01
7.019999999999999574e-01,1.696946371821102062e+01
7.029999999999999583e-01,1.698150129410936771e+01
7.039999999999999591e-01,1.695922591834870019e+01
7.049999999999999600e-01,1.697148773016199641e+01
7.059999999999999609e-01,1.698821340188456119e+01
7.069999999999999618e-01,1.686573408973404042e+01
7.079999999999999627e-01,1.684647346923551936e+01
7.089999999999999636e-01,1.689406423455099571e+01
7.099999999999999645e-01,1.692204892655545834e+01
7.109999999999999654e-01,1.692292183784569204e+01
7.119999999999999662e-01,1.685811248272280949e+01
7.129999999999999671e-01,1.689879694881635785e+01
7.139999999999999680e-01,1.695837333497867405e+01
7.149999999999999689e-01,1.696697013038751223e+01
7.159999999999999698e-01,1.692770842119374208e+01
7.169999999999999707e-01,1.691421743047595427e+01
7.179999999999999716e-01,1.694237334035015508e+01
7.189999999999999725e-01,1.691468358879920686e+01
7.199999999999999734e-01,1.695197709793431784e+01
7.209999999999999742e-01,1.696469100790657691e+01
7.219999999999999751e-01,1.692453739662157020e+01
7.229999999999999760e-01,1.687359168750124994e+01
7.239999999999999769e-01,1.684768998535977147e+01
7.249999999999999778e-01,1.693131545472102673e+01
7.259999999999999787e-01,1.686652322509323199e+01
7.269999999999999796e-01,1.694499917409465795e+01
7.279999999999999805e-01,1.691702557992423550e+01
7.289999999999999813e-01,1.695011183933977605e+01
7.299999999999999822e-01,1.694325220071844385e+01
7.309999999999999831e-01,1.690788242785613704e+01
7.319999999999999840e-01,1.696568760022882572e+01
7.329999999999999849e-01,1.696376369299961695e+01
7.339999999999999858e-01,1.694202966799338128e+01
7.349999999999999867e-01,1.693329698757776924e+01
7.359999999999999876e-01,1.686675934537137067e+01
7.369999999999999885e-01,1.692808402122977185e+01
7.379999999999999893e-01,1.683598707640897274e+01
7.389999999999999902e-01,1.693002642536709601e+01
7.399999999999999911e-01,1.689652666688709459e+01
7.409999999999999920e-01,1.698620206886930362e+01
7.419999999999999929e-01,1.695042143039631455e+01
7.429999999999999938e-01,1.690427411638702893e+01
7.439999999999999947e-01,1.695815211237889386e+01
7.449999999999999956e-01,1.695434638847925513e+01
7.459999999999999964e-01,1.693112527423339841e+01
7.469999999999999973e-01,1.691341265881695932e+01
7.479999999999999982e-01,1.692214280360645873e+01
7.489999999999999991e-01,1.698269728396496703e+01
7.500000000000000000e-01,1.691732790148817500e+01
7.510000000000000009e-01,1.693008112551182620e+01
7.520000000000000018e-01,1.690660775846486885e+01
7.530000000000000027e-01,1.697051712063868933e+01
7.540000000000000036e-01,1.694594815637886498e+01
7.550000000000000044e-01,1.699120510041724685e+01
7.560000000000000053e-01,1.695591672458976973e+01
7.570000000000000062e-01,1.694656713936790027e+01
7.580000000000000071e-01,1.689608942662979629e+01
7.590000000000000080e-01,1.695960532492321704e+01
7.600000000000000089e-01,1.693944241725490230e+01
7.610000000000000098e-01,1.698475085985662147e+01
7.620000000000000107e-01,1.696020003854085445e+01
7.630000000000000115e-01,1.694857087535820028e+01
7.640000000000000124e-01,1.695180748994123832e+01
7.650000000000000133e-01,1.699138800880752598e+01
7.660000000000000142e-01,1.693196140583134479e+01
7.670000000000000151e-01,1.691396490536580899e+01
7.680000000000000160e-01,1.692412736942786111e+01
7.690000000000000169e-01,1.695133277995515186e+01
7.700000000000000178e-01,1.695588842631204329e+01
7.710000000000000187e-01,1.691473076166946399e+01
7.720000000000000195e-01,1.692783321982438594e+01
7.730000000000000204e-01,1.686660425516943462e+01
7.740000000000000213e-01,1.690620671607172909e+01
7.750000000000000222e-01,1.694518715901950046e+01
7.760000000000000231e-01,1.691718630127925849e+01
7.770000000000000240e-01,1.696695798937868105e+01
7.780000000000000249e-01,1.691055919137062702e+01
7.790000000000000258e-01,1.695034884773703610e+01
7.800000000000000266e-01,1.694410987626223175e+01
7.810000000000000275e-01,1.695754484845324583e+01
7.820000000000000284e-01,1.693477317308539654e+01
7.830000000000000293e-01,1.686027467613537567e+01
7.840000000000000302e-01,1.691128643639546425e+01
7.850000000000000311e-01,1.688959029278005630e+01
7.860000000000000320e-01,1.685511832536417387e+01
7.870000000000000329e-01,1.687614801084249905e+01
7.880000000000000338e-01,1.685693051925069241e+01
7.890000000000000346e-01,1.691799089667635059e+01
7.900000000000000355e-01,1.693695346075983466e+01
7.910000000000000364e-01,1.693747702228253260e+01
7.920000000000000373e-01,1.695522658178301612e+01
7.930000000000000382e-01,1.695556128307245558e+01
7.940000000000000391e-01,1.693013353956220257e+01
7.950000000000000400e-01,1.686357001674331713e+01
7.960000000000000409e-01,1.684569733059817764e+01
7.970000000000000417e-01,1.688247367146807321e+01
7.980000000000000426e-01,1.686849683505414177e+01
7.990000000000000435e-01,1.687235286507634413e+01
8.000000000000000444e-01,1.688841509796796103e+01
8.010000000000000453e-01,1.682433299349974121e+01
8.020000000000000462e-01,1.687348294534445614e+01
8.030000000000000471e-01,1.689234681193476106e+01
8.040000000000000480e-01,1.685896487576377467e+01
8.050000000000000488e-01,1.689059328056066533e+01
8.060000000000000497e-01,1.687122278065415060e+01
8.070000000000000506e-01,1.689314519661222391e+01
8.080000000000000515e-01,1.690582004640492642e+01
8.090000000000000524e-01,1.689392562138083420e+01
8.100000000000000533e-01,1.689358023503221418e+01
8.110000000000000542e-01,1.685533736932272575e+01
8.120000000000000551e-01,1.690109316255202287e+01
8.129999999999999449e-01,1.687344467206148479e+01
8.139999999999999458e-01,1.692488476240491835e+01
8.149999999999999467e-01,1.690007666344174808e+01
8.159999999999999476e-01,1.688951242299770428e+01
8.169999999999999485e-01,1.692390959013981089e+01
8.179999999999999494e-01,1.693474791802229618e+01
8.189999999999999503e-01,1.689984782069691605e+01
8.199999999999999512e-01,1.694789938745363500e+01
8.209999999999999520e-01,1.695419703447048931e+01
8.219999999999999529e-01,1.694074571077386437e+01
8.229999999999999538e-01,1.695365933137790648e+01
8.239999999999999547e-01,1.691767170140959919e+01
8.249999999999999556e-01,1.692902464599393397e+01
8.259999999999999565e-01,1.692914426184464105e+01
8.269999999999999574e-01,1.688948324270695167e+01
8.279999999999999583e-01,1.688532114864463907e+01
8.289999999999999591e-01,1.696567808353407614e+01
8.299999999999999600e-01,1.695833956052004510e+01
8.309999999999999609e-01,1.697057537844220576e+01
8.319999999999999618e-01,1.695343182499586376e+01
8.329999999999999627e-01,1.691191708282266859e+01
8.339999999999999636e-01,1.703386788579111055e+01
8.349999999999999645e-01,1.697271691947555894e+01
8.359999999999999654e-01,1.696881748948955604e+01
8.369999999999999662e-01,1.695343859868238567e+01
8.379999999999999671e-01,1.696378714883460503e+01
8.389999999999999680e-01,1.695740584942030083e+01
8.399999999999999689e-01,1.691280056742547799e+01
8.409999999999999698e-01,1.697473169277682459e+01
8.419999999999999707e-01,1.701739397481060223e+01
8.429999999999999716e-01,1.697074140507901063e+01
8.439999999999999725e-01,1.693410989365568753e+01
8.449999999999999734e-01,1.698014145672696884e+01
8.459999999999999742e-01,1.697733678151029579e+01
8.469999999999999751e-01,1.693739342446526663e+01
8.479999999999999760e-01,1.693446256745355782e+01
8.489999999999999769e-01,1.694268133120871767e+01
8.499999999999999778e-01,1.693050137231434249e+01
8.509999999999999787e-01,1.693796015169732527e+01
8.519999999999999796e-01,1.696506450884634276e+01
8.529999999999999805e-01,1.696790166481081030e+01
8.539999999999999813e-01,1.695219800202860228e+01
8.549999999999999822e-01,1.687192654282846149e+01
8.559999999999999831e-01,1.690302243660136838e+01
8.569999999999999840e-01,1.691331825238988529e+01
8.579999999999999849e-01,1.698233744069808893e+01
8.589999999999999858e-01,1.701590692559750906e+01
8.599999999999999867e-01,1.698367377354833607e+01
8.609999999999999876e-01,1.694444528358587121e+01
8.619999999999999885e-01,1.694048636901633387e+01
8.629999999999999893e-01,1.690189300560222918e+01
8.639999999999999902e-01,1.699197890457798366e+01
8.649999999999999911e-01,1.686768372270517347e+01
8.659999999999999920e-01,1.692895007293209986e+01
8.669999999999999929e-01,1.689215001630471846e+01
8.679999999999999938e-01,1.707978797043517361e+01
8.689999999999999947e-01,1.692953186676717436e+01
8.699999999999999956e-01,1.689996256322638146e+01
8.709999999999999964e-01,1.694804678406734411e+01
8.719999999999999973e-01,1.693984835280080148e+01
8.729999999999999982e-01,1.692291496033010034e+01
8.739999999999999991e-01,1.692351588624206471e+01
8.750000000000000000e-01,1.702613506577243996e+01
8.760000000000000009e-01,1.691912942295025957e+01
8.770000000000000018e-01,1.694828298307818315e+01
8.780000000000000027e-01,1.697607320503840356e+01
8.790000000000000036e-01,1.697165993790978789e+01
8.800000000000000044e-01,1.695285037952172047e+01
8.810000000000000053e-01,1.696792362993895154e+01
8.820000000000000062e-01,1.693557318479447815e+01
8.830000000000000071e-01,1.691625478681141459e+01
8.840000000000000080e-01,1.686174815758618806e+01
8.850000000000000089e-01,1.691512868886172072e+01
8.860000000000000098e-01,1.694045981589656336e+01
8.870000000000000107e-01,1.704333630581795234e+01
8.880000000000000115e-01,1.700938317538354738e+01
8.890000000000000124e-01,1.693557634469817685e+01
8.900000000000000133e-01,1.700499231544405276e+01
8.910000000000000142e-01,1.695647939599350451e+01
8.920000000000000151e-01,1.697855848424040559e+01
8.930000000000000160e-01,1.704098653238908057e+01
8.940000000000000169e-01,1.700669556734647259e+01
8.950000000000000178e-01,1.696632217316845015e+01
8.960000000000000187e-01,1.695429335084495648e+01
8.970000000000000195e-01,1.698896603573441055e+01
8.980000000000000204e-01,1.696626091461478225e+01
8.990000000000000213e-01,1.705845370310050413e+01
9.000000000000000222e-01,1.700673905718430490e+01
9.010000000000000231e-01,1.696926628140187887e+01
9.020000000000000240e-01,1.701792424344171906e+01
9.030000000000000249e-01,1.699971217365333942e+01
9.040000000000000258e-01,1.696562008329450322e+01
9.050000000000000266e-01,1.697060223413373237e+01
9.060000000000000275e-01,1.698223339809641885e+01
9.070000000000000284e-01,1.695445581485087772e+01
9.080000000000000293e-01,1.693172781231105617e+01
9.090000000000000302e-01,1.695247848676432767e+01
9.100000000000000311e-01,1.699702843354587500e+01
9.110000000000000320e-01,1.686410491657736088e+01
9.120000000000000329e-01,1.691391295377236403e+01
9.130000000000000338e-01,1.702228494662932690e+01
9.140000000000000346e-01,1.697032385597969295e+01
9.150000000000000355e-01,1.701152473203182680e+01
9.160000000000000364e-01,1.691409336976360578e+01
9.170000000000000373e-01,1.688517401284072861e+01
9.180000000000000382e-01,1.697660180774126815e+01
9.190000000000000391e-01,1.700314503281826362e+01
9.200000000000000400e-01,1.693748706824090533e+01
9.210000000000000409e-01,1.693666152567280392e+01
9.220000000000000417e-01,1.693994877992624737e+01
9.230000000000000426e-01,1.697737117874806501e+01
9.240000000000000435e-01,1.688432133006287827e+01
9.250000000000000444e-01,1.702433256810538253e+01
9.260000000000000453e-01,1.695616014329063148e+01
9.270000000000000462e-01,1.692767830563380471e+01
9.280000000000000471e-01,1.697607304301747178e+01
9.290000000000000480e-01,1.693366183176883766e+01
9.300000000000000488e-01,1.700029456851702037e+01
9.310000000000000497e-01,1.691920917379083278e+01
9.320000000000000506e-01,1.697041982606187460e+01
9.330000000000000515e-01,1.692103881003981769e+01
9.340000000000000524e-01,1.691934558946634581e+01
9.350000000000000533e-01,1.692273578600443784e+01
9.360000000000000542e-01,1.695106908271673163e+01
9.370000000000000551e-01,1.695020850445341409e+01
9.379999999999999449e-01,1.693841563757712265e+01
9.389999999999999458e-01,1.693822864641139603e+01
9.399999999999999467e-01,1.693227077460682040e+01
9.409999999999999476e-01,1.687474764151668438e+01
9.419999999999999485e-01,1.694536019382555736e+01
9.429999999999999494e-01,1.694518051790127089e+01
9.439999999999999503e-01,1.698514496480766311e+01
9.449999999999999512e-01,1.690254263178971073e+01
9.459999999999999520e-01,1.694330867239627736e+01
9.469999999999999529e-01,1.689068278305924409e+01
9.479999999999999538e-01,1.687312148398946832e+01
9.489999999999999547e-01,1.689075226178779943e+01
9.499999999999999556e-01,1.688276906909794661e+01
9.509999999999999565e-01,1.688698879259400343e+01
9.519999999999999574e-01,1.691723782524881159e+01
9.529999999999999583e-01,1.691469839149043253e+01
9.539999999999999591e-01,1.693589461030971322e+01
9.549999999999999600e-01,1.692628476263302062e+01
9.559999999999999609e-01,1.693184564763554079e+01
9.569999999999999618e-01,1.700527273927576388e+01
9.579999999999999627e-01,1.702446550922276103e+01
9.589999999999999636e-01,1.693459735480957562e+01
9.599999999999999645e-01,1.691700742152371362e+01
9.609999999999999654e-01,1.695928090853754355e+01
9.619999999999999662e-01,1.693931601346040239e+01
9.629999999999999671e-01,1.695482256397649579e+01
9.639999999999999680e-01,1.693778093480580438e+01
9.649999999999999689e-01,1.696230403991438962e+01
9.659999999999999698e-01,1.700143281406405649e+01
9.669999999999999707e-01,1.696757115987765374e+01
9.679999999999999716e-01,1.695482888242763053e+01
9.689999999999999725e-01,1.693348300297240883e+01
9.699999999999999734e-01,1.694818632911178113e+01
9.709999999999999742e-01,1.697042649586973440e+01
9.719999999999999751e-01,1.693859769457045772e+01
9.729999999999999760e-01,1.688370010963580370e+01
9.739999999999999769e-01,1.689834260514479425e+01
9.749999999999999778e-01,1.696791238406215285e+01
9.759999999999999787e-01,1.699050169988883852e+01
9.769999999999999796e-01,1.689665942953351063e+01
9.779999999999999805e-01,1.687710983333545656e+01
9.789999999999999813e-01,1.691822650957633911e+01
9.799999999999999822e-01,1.692983584846627565e+01
9.809999999999999831e-01,1.697088979062155190e+01
9.819999999999999840e-01,1.697954370831751447e+01
9.829999999999999849e-01,1.690627327864826412e+01
9.839999999999999858e-01,1.699106602851589543e+01
9.849999999999999867e-01,1.700882673600374417e+01
9.859999999999999876e-01,1.689759730393771520e+01
9.869999999999999885e-01,1.690575193604866655e+01
9.879999999999999893e-01,1.694822234123734006e+01
9.889999999999999902e-01,1.689823379156056404e+01
9.899999999999999911e-01,1.693118829136197689e+01
9.909999999999999920e-01,1.693544469563937938e+01
9.919999999999999929e-01,1.690403256884783190e+01
9.929999999999999938e-01,1.693668805801207355e+01
9.939999999999999947e-01,1.686269993963022884e+01
9.949999999999999956e-01,1.688726218833264170e+01
9.959999999999999964e-01,1.696878225519785133e+01
9.969999999999999973e-01,1.703013974146647058e+01
9.979999999999999982e-01,1.691319921990802655e+01
9.989999999999999991e-01,1.692324175193121860e+01
1.000000000000000000e+00,1.695225218301649051e+01
1.000999999999999890e+00,1.697068425736195607e+01
1.002000000000000002e+00,1.695964103525045275e+01
1.002999999999999892e+00,1.696732743533669208e+01
1.004000000000000004e+00,1.690412835812448833e+01
1.004999999999999893e+00,1.698320630179348001e+01
1.006000000000000005e+00,1.694661186607668313e+01
1.006999999999999895e+00,1.695729097856143497e+01
1.008000000000000007e+00,1.695483291290352312e+01
1.008999999999999897e+00,1.701144371975079750e+01
1.010000000000000009e+00,1.693248152018178843e+01
1.010999999999999899e+00,1.698265660342949701e+01
1.012000000000000011e+00,1.695914770048548093e+01
1.012999999999999901e+00,1.693013673776292904e+01
1.014000000000000012e+00,1.695764930413082894e+01
1.014999999999999902e+00,1.696953209199646295e+01
1.016000000000000014e+00,1.688562390614582043e+01
1.016999999999999904e+00,1.697440896180570391e+01
1.018000000000000016e+00,1.691539995946547492e+01
1.018999999999999906e+00,1.691284354981576854e+01
1.020000000000000018e+00,1.686372717586386827e+01
1.020999999999999908e+00,1.695526833435183178e+01
1.022000000000000020e+00,1.692523289947206067e+01
1.022999999999999909e+00,1.694821766712684763e+01
1.024000000000000021e+00,1.691618710994438857e+01
1.024999999999999911e+00,1.697762069838766763e+01
1.026000000000000023e+00,1.692155698691541232e+01
1.026999999999999913e+00,1.690260100720374936e+01
1.028000000000000025e+00,1.695410976042367324e+01
1.028999999999999915e+00,1.696667854836025313e+01
1.030000000000000027e+00,1.692880417792490988e+01
1.030999999999999917e+00,1.693036700011020557e+01
1.032000000000000028e+00,1.699784562349489647e+01
1.032999999999999918e+00,1.697919201883687634e+01
1.034000000000000030e+00,1.695553096837321050e+01
1.034999999999999920e+00,1.699298678892749948e+01
1.036000000000000032e+00,1.693537099957254455e+01
1.036999999999999922e+00,1.692513916846631616e+01
1.038000000000000034e+00,1.693895566506843053e+01
1.038999999999999924e+00,1.698442387647521912e+01
1.040000000000000036e+00,1.686352959145471431e+01
1.040999999999999925e+00,1.687464219205888938e+01
1.042000000000000037e+00,1.685646703590936113e+01
1.042999999999999927e+00,1.688146513183834330e+01
1.044000000000000039e+00,1.688370782325441155e+01
1.044999999999999929e+00,1.693667292310875183e+01
1.046000000000000041e+00,1.695636759073356359e+01
1.046999999999999931e+00,1.699261863524789362e+01
1.048000000000000043e+00,1.699646170550905211e+01
1.048999999999999932e+00,1.696120243262002703e+01
1.050000000000000044e+00,1.699283650844913396e+01
1.050999999999999934e+00,1.702437599921029232e+01
1.052000000000000046e+00,1.696412865752115096e+01
1.052999999999999936e+00,1.695481774365130789e+01
1.054000000000000048e+00,1.688801234707278809e+01
1.054999999999999938e+00,1.694340715263159680e+01
1.056000000000000050e+00,1.693969545476748095e+01
1.056999999999999940e+00,1.693063600350589226e+01
1.058000000000000052e+00,1.687253567018263922e+01
1.058999999999999941e+00,1.691697203578374697e+01
1.060000000000000053e+00,1.689929860906993397e+01
1.060999999999999943e+00,1.693591644463984736e+01
1.062000000000000055e+00,1.692600117219776479e+01
1.062999999999999945e+00,1.695339928558901477e+01
1.064000000000000057e+00,1.700676036105044631e+01
1.064999999999999947e+00,1.692746437020073458e+01
1.066000000000000059e+00,1.692955426076354897e+01
1.066999999999999948e+00,1.697996956316249495e+01
1.068000000000000060e+00,1.689452447960280779e+01
1.068999999999999950e+00,1.696015373372007318e+01
1.070000000000000062e+00,1.692272632859733861e+01
1.070999999999999952e+00,1.687917722829182665e+01
1.072000000000000064e+00,1.697968172608472415e+01
1.072999999999999954e+00,1.698196957668311668e+01
1.074000000000000066e+00,1.691772227870453804e+01
1.074999999999999956e+00,1.690795122207676116e+01
1.076000000000000068e+00,1.695407029541288324e+01
1.076999999999999957e+00,1.694812255999103812e+01
1.078000000000000069e+00,1.688317162446831787e+01
1.078999999999999959e+00,1.684964091732766178e+01
1.080000000000000071e+00,1.689762134228452695e+01
1.080999999999999961e+00,1.692300986439832755e+01
1.082000000000000073e+00,1.696150623558431647e+01
1.082999999999999963e+00,1.691694214284784081e+01
1.084000000000000075e+00,1.687497019232480966e+01
1.084999999999999964e+00,1.689191496844563645e+01
1.086000000000000076e+00,1.689457181763122406e+01
1.086999999999999966e+00,1.685940067082928451e+01
1.088000000000000078e+00,1.694668864908772932e+01
1.088999999999999968e+00,1.690721466383032379e+01
1.090000000000000080e+00,1.684877415706925063e+01
1.090999999999999970e+00,1.689658761861992531e+01
1.092000000000000082e+00,1.692246996462606035e+01
1.092999999999999972e+00,1.702956682553586987e+01
1.094000000000000083e+00,1.692850828175442501e+01
1.094999999999999973e+00,1.699401764934266623e+01
1.096000000000000085e+00,1.700782497966199358e+01
1.096999999999999975e+00,1.693303788144767807e+01
1.098000000000000087e+00,1.691513509580743957e+01
1.098999999999999977e+00,1.695619851686509350e+01
1.100000000000000089e+00,1.694714532983028832e+01
1.100999999999999979e+00,1.704102395903052880e+01
1.102000000000000091e+00,1.693495531938743426e+01
1.102999999999999980e+00,1.710118609542461954e+01
1.104000000000000092e+00,1.694767700670562505e+01
1.104999999999999982e+00,1.710102860380087719e+01
1.106000000000000094e+00,1.703301729837071576e+01
1.106999999999999984e+00,1.704428950462833114e+01
1.108000000000000096e+00,1.698755306116535380e+01
1.108999999999999986e+00,1.694773279475558070e+01
1.110000000000000098e+00,1.696869896046340287e+01
1.110999999999999988e+00,1.700467585094520473e+01
1.112000000000000099e+00,1.695594005468283783e+01
1.112999999999999989e+00,1.686461531094125732e+01
1.114000000000000101e+00,1.698411358506785973e+01
1.114999999999999991e+00,1.702830216689294573e+01
1.116000000000000103e+00,1.697372591329534686e+01
1.116999999999999993e+00,1.686375120773938008e+01
1.118000000000000105e+00,1.693854538224677242e+01
1.118999999999999995e+00,1.700592023834445143e+01
1.120000000000000107e+00,1.701882483442868832e+01
1.120999999999999996e+00,1.699660069793737094e+01
1.122000000000000108e+00,1.695810148678394569e+01
1.122999999999999998e+00,1.698461607519725902e+01
1.124000000000000110e+00,1.693881330725393042e+01
1.125000000000000000e+00,1.694537631759682128e+01
1.125999999999999890e+00,1.700148248271825935e+01
1.127000000000000002e+00,1.695982052035646248e+01
1.127999999999999892e+00,1.697451591975348961e+01
1.129000000000000004e+00,1.695127163712536955e+01
1.129999999999999893e+00,1.698790814886755740e+01
1.131000000000000005e+00,1.697616587347449624e+01
1.131999999999999895e+00,1.692401242912791304e+01
1.133000000000000007e+00,1.689723023777941791e+01
1.133999999999999897e+00,1.693325366614390148e+01
1.135000000000000009e+00,1.696376037315886620e+01
1.135999999999999899e+00,1.694268194118029669e+01
1.137000000000000011e+00,1.686328516684984535e+01
1.137999999999999901e+00,1.698319632511612909e+01
1.139000000000000012e+00,1.696125826054153052e+01
1.139999999999999902e+00,1.698298663084373317e+01
1.141000000000000014e+00,1.688649018587584649e+01
1.141999999999999904e+00,1.693980794374521537e+01
1.143000000000000016e+00,1.701702254595488029e+01
1.143999999999999906e+00,1.695945666366596072e+01
1.145000000000000018e+00,1.699175933659926940e+01
1.145999999999999908e+00,1.698878734903909304e+01
1.147000000000000020e+00,1.701773771237059307e+01
1.147999999999999909e+00,1.704402722604182685e+01
1.149000000000000021e+00,1.697743575622171264e+01
1.149999999999999911e+00,1.701785993532519470e+01
1.151000000000000023e+00,1.699969198160823680e+01
1.151999999999999913e+00,1.699604603114784851e+01
1.153000000000000025e+00,1.696240032392953978e+01
1.153999999999999915e+00,1.697134096507977219e+01
1.155000000000000027e+00,1.691612681151085695e+01
1.155999999999999917e+00,1.699236553900029634e+01
1.157000000000000028e+00,1.694692583119555707e+01
1.157999999999999918e+00,1.699193406894893243e+01
1.159000000000000030e+00,1.692127571072690984e+01
1.159999999999999920e+00,1.692532904485305778e+01
1.161000000000000032e+00,1.696877027757553336e+01
1.161999999999999922e+00,1.698083250483231410e+01
1.163000000000000034e+00,1.698853416695697760e+01
1.163999999999999924e+00,1.702274972551207810e+01
1.165000000000000036e+00,1.703301506252129371e+01
1.165999999999999925e+00,1.698480304706876254e+01
1.167000000000000037e+00,1.694160913554514991e+01
1.167999999999999927e+00,1.696180964655178514e+01
1.169000000000000039e+00,1.694186143094354691e+01
1.169999999999999929e+00,1.699304817857487393e+01
1.171000000000000041e+00,1.692822619729005140e+01
1.171999999999999931e+00,1.698040099516917678e+01
1.173000000000000043e+00,1.698275202728128619e+01
1.173999999999999932e+00,1.697609398080231102e+01
1.175000000000000044e+00,1.693933759055814292e+01
1.175999999999999934e+00,1.696158075861992387e+01
1.177000000000000046e+00,1.697917873007519418e+01
1.177999999999999936e+00,1.695151709257114803e+01
1.179000000000000048e+00,1.696091512437044457e+01
1.179999999999999938e+00,1.695812139728617396e+01
1.181000000000000050e+00,1.696527983043127819e+01
1.181999999999999940e+00,1.700533046351900879e+01
1.183000000000000052e+00,1.698682936082562023e+01
1.183999999999999941e+00,1.695265701622427557e+01
1.185000000000000053e+00,1.702958133234198712e+01
1.185999999999999943e+00,1.702021245398519156e+01
1.187000000000000055e+00,1.699886571289799164e+01
1.187999999999999945e+00,1.695941146437622749e+01
1.189000000000000057e+00,1.699324144975807371e+01
1.189999999999999947e+00,1.693747697185220602e+01
1.191000000000000059e+00,1.690652689152065591e+01
1.191999999999999948e+00,1.703849835036851701e+01
1.193000000000000060e+00,1.696548344849967194e+01
1.193999999999999950e+00,1.698843086725342033e+01
1.195000000000000062e+00,1.700210459858786294e+01
1.195999999999999952e+00,1.699472867501387441e+01
1.197000000000000064e+00,1.691447711339937499e+01
1.197999999999999954e+00,1.704070588493677718e+01
1.199000000000000066e+00,1.702081777134251439e+01
1.199999999999999956e+00,1.696594510212317175e+01
1.201000000000000068e+00,1.695922365021652922e+01
1.201999999999999957e+00,1.702151563366864195e+01
1.203000000000000069e+00,1.699755732148581799e+01
1.203999999999999959e+00,1.705751526733455847e+01
1.205000000000000071e+00,1.702805312048489839e+01
1.205999999999999961e+00,1.699741922081616252e+01
1.207000000000000073e+00,1.697068688292468508e+01
1.207999999999999963e+00,1.697964799025041316e+01
1.209000000000000075e+00,1.697348387176080209e+01
1.209999999999999964e+00,1.699932933602382690e+01
1.211000000000000076e+00,1.694038702024942467e+01
1.211999999999999966e+00,1.699284697824199242e+01
1.213000000000000078e+00,1.697042265268517625e+01
1.213999999999999968e+00,1.704481706373009331e+01
1.215000000000000080e+00,1.704877440191503624e+01
1.215999999999999970e+00,1.696001231574520673e+01
1.217000000000000082e+00,1.698705701103470389e+01
1.217999999999999972e+00,1.696158978673257067e+01
1.219000000000000083e+00,1.693643831242336972e+01
1.219999999999999973e+00,1.693282378519394626e+01
1.221000000000000085e+00,1.699032996429099285e+01
1.221999999999999975e+00,1.691302250758960213e+01
1.223000000000000087e+00,1.690599324328544739e+01
1.223999999999999977e+00,1.694686911241344163e+01
1.225000000000000089e+00,1.698986021041914185e+01
1.225999999999999979e+00,1.688486077761097448e+01
1.227000000000000091e+00,1.697097095119679366e+01
1.227999999999999980e+00,1.704957725336145558e+01
1.229000000000000092e+00,1.701278669346689298e+01
1.229999999999999982e+00,1.697886731622539713e+01
1.231000000000000094e+00,1.697774315546978485e+01
1.231999999999999984e+00,1.697129438877934149e+01
1.233000000000000096e+00,1.696541410516881143e+01
1.233999999999999986e+00,1.697751710510531709e+01
1.235000000000000098e+00,1.696982208748061893e+01
1.235999999999999988e+00,1.701961902779422786e+01
1.237000000000000099e+00,1.703366613645830796e+01
1.237999999999999989e+00,1.702745937283828681e+01
1.239000000000000101e+00,1.704014292863717728e+01
1.239999999999999991e+00,1.704040086004704335e+01
1.241000000000000103e+00,1.695400996316338649e+01
1.241999999999999993e+00,1.707872182274878980e+01
1.243000000000000105e+00,1.701608862935663424e+01
1.243999999999999995e+00,1.701030885519632463e+01
1.245000000000000107e+00,1.700266689110980067e+01
1.245999999999999996e+00,1.704005092145704481e+01
1.247000000000000108e+00,1.702028771830870824e+01
1.247999999999999998e+00,1.705839440918008165e+01
1.249000000000000110e+00,1.696485001785436353e+01
1.250000000000000000e+00,1.703147039763320691e+01
1.250999999999999890e+00,1.698823602257997223e+01
1.252000000000000002e+00,1.695953581441135682e+01
1.252999999999999892e+00,1.701514985862695539e+01
1.254000000000000004e+00,1.705393921597073970e+01
1.254999999999999893e+00,1.703519227062193409e+01
1.256000000000000005e+00,1.698337293036149021e+01
1.256999999999999895e+00,1.701334903237022900e+01
1.258000000000000007e+00,1.706941701793686050e+01
1.258999999999999897e+00,1.695496074984117030e+01
1.260000000000000009e+00,1.698043363247032644e+01
1.260999999999999899e+00,1.698282078876592038e+01
1.262000000000000011e+00,1.696754534528857405e+01
1.262999999999999901e+00,1.699838820374357695e+01
1.264000000000000012e+00,1.697773573931707958e+01
1.264999999999999902e+00,1.703666649221271001e+01
1.266000000000000014e+00,1.691501988319551586e+01
1.266999999999999904e+00,1.699442595418415181e+01
1.268000000000000016e+00,1.701669005444402316e+01
1.268999999999999906e+00,1.701223317931237489e+01
1.270000000000000018e+00,1.693355365922045408e+01
1.270999999999999908e+00,1.700682891897778148e+01
1.272000000000000020e+00,1.706607726621573207e+01
1.272999999999999909e+00,1.705878250078893288e+01
1.274000000000000021e+00,1.705626735842306729e+01
1.274999999999999911e+00,1.703243412181199545e+01
1.276000000000000023e+00,1.698526815604751405e+01
1.276999999999999913e+00,1.702832094812130137e+01
1.278000000000000025e+00,1.699419176177565305e+01
1.278999999999999915e+00,1.701092263529886139e+01
1.280000000000000027e+00,1.700790608058439446e+01
1.280999999999999917e+00,1.701038703013912823e+01
1.282000000000000028e+00,1.696516804002903100e+01
1.282999999999999918e+00,1.697794183556991143e+01
1.284000000000000030e+00,1.702273426710354443e+01
1.284999999999999920e+00,1.696919659094722732e+01
1.286000000000000032e+00,1.692270607093936263e+01
1.286999999999999922e+00,1.694930028237282471e+01
1.288000000000000034e+00,1.693912796261109222e+01
1.288999999999999924e+00,1.692670367246761032e+01
1.290000000000000036e+00,1.702106296708643640e+01
1.290999999999999925e+00,1.697625339917984277e+01
1.292000000000000037e+00,1.698644986919820710e+01
1.292999999999999927e+00,1.692533018525552890e+01
1.294000000000000039e+00,1.694500199344816593e+01
1.294999999999999929e+00,1.697781654393841677e+01
1.296000000000000041e+00,1.695238198878329072e+01
1.296999999999999931e+00,1.696564853620024493e+01
1.298000000000000043e+00,1.693500945371176059e+01
1.298999999999999932e+00,1.702404830354532805e+01
1.300000000000000044e+00,1.692234163100888011e+01
1.300999999999999934e+00,1.699656829960010640e+01
1.302000000000000046e+00,1.692856662491930919e+01
1.302999999999999936e+00,1.695894598113156704e+01
1.304000000000000048e+00,1.705025438690330120e+01
1.304999999999999938e+00,1.699732536981558084e+01
1.306000000000000050e+00,1.693061879064519104e+01
1.306999999999999940e+00,1.704429673623853603e+01
1.308000000000000052e+00,1.701873492512688912e+01
1.308999999999999941e+00,1.693511177501620324e+01
1.310000000000000053e+00,1.703044396979484176e+01
1.310999999999999943e+00,1.697445920305444034e+01
1.312000000000000055e+00,1.689902256141161274e+01
1.312999999999999945e+00,1.703548695834664883e+01
1.314000000000000057e+00,1.700218673796577562e+01
1.314999999999999947e+00,1.704546279338521231e+01
1.316000000000000059e+00,1.701103163658873640e+01
1.316999999999999948e+00,1.699403720128566420e+01
1.318000000000000060e+00,1.699412971614639645e+01
1.318999999999999950e+00,1.698158539354622221e+01
1.320000000000000062e+00,1.703270177190876211e+01
1.320999999999999952e+00,1.697266976474343281e+01
1.322000000000000064e+00,1.699317836992728559e+01
1.322999999999999954e+00,1.693045380053280269e+01
1.324000000000000066e+00,1.694288032925512510e+01
1.324999999999999956e+00,1.698381802187353173e+01
1.326000000000000068e+00,1.703084514754195666e+01
1.326999999999999957e+00,1.694535483862314962e+01
1.328000000000000069e+00,1.700695058162391149e+01
1.328999999999999959e+00,1.696797650994429674e+01
1.330000000000000071e+00,1.696472586142736461e+01
1.330999999999999961e+00,1.694272591770400993e+01
1.332000000000000073e+00,1.701550329412682316e+01
1.332999999999999963e+00,1.696773861008806250e+01
1.334000000000000075e+00,1.694091233083950598e+01
1.334999999999999964e+00,1.701640431443643209e+01
1.336000000000000076e+00,1.702457745717030591e+01
1.336999999999999966e+00,1.698627189584560782e+01
1.338000000000000078e+00,1.695956107847235472e+01
1.338999999999999968e+00,1.696632011200076917e+01
1.340000000000000080e+00,1.705380794622427487e+01
1.340999999999999970e+00,1.700510928253525833e+01
1.342000000000000082e+00,1.702964900253425640e+01
1.342999999999999972e+00,1.696019440508095144e+01
1.344000000000000083e+00,1.699926019233193486e+01
1.344999999999999973e+00,1.701676394195195030e+01
1.346000000000000085e+00,1.703077403560709158e+01
1.346999999999999975e+00,1.702105083000969898e+01
1.348000000000000087e+00,1.699040146078037594e+01
1.348999999999999977e+00,1.698810182014413073e+01
1.350000000000000089e+00,1.700574178347217824e+01
1.350999999999999979e+00,1.700937536657508176e+01
1.352000000000000091e+00,1.699381738408775178e+01
1.352999999999999980e+00,1.704639370524459352e+01
1.354000000000000092e+00,1.711097110510310770e+01
1.354999999999999982e+00,1.707216054261845883e+01
1.356000000000000094e+00,1.706210894038453318e+01
1.356999999999999984e+00,1.705515537345653598e+01
1.358000000000000096e+00,1.705302961541195117e+01
1.358999999999999986e+00,1.698992447349048618e+01
1.360000000000000098e+00,1.695549260331853247e+01
1.360999999999999988e+00,1.698869903363732092e+01
1.362000000000000099e+00,1.692047594454873050e+01
1.362999999999999989e+00,1.688695456135885209e+01
1.364000000000000101e+00,1.695709558120149296e+01
1.364999999999999991e+00,1.695003208308972731e+01
1.366000000000000103e+00,1.690471073469040419e+01
1.366999999999999993e+00,1.693703315880157234e+01
1.368000000000000105e+00,1.692112505297115632e+01
1.368999999999999995e+00,1.693655818954002612e+01
1.370000000000000107e+00,1.692106674519801501e+01
1.370999999999999996e+00,1.690031335824195935e+01
1.372000000000000108e+00,1.691976924410263550e+01
1.372999999999999998e+00,1.698031655588088285e+01
1.374000000000000110e+00,1.692175510845544650e+01
1.375000000000000000e+00,1.703983554570720571e+01
1.375999999999999890e+00,1.699733180453428005e+01
1.377000000000000002e+00,1.699060438875602230e+01
1.377999999999999892e+00,1.695368444320521206e+01
1.379000000000000004e+00,1.695685802287168542e+01
1.379999999999999893e+00,1.699837087815695114e+01
1.381000000000000005e+00,1.696081461247903732e+01
1.381999999999999895e+00,1.697563872364329995e+01
1.383000000000000007e+00,1.691907408568076576e+01
1.383999999999999897e+00,1.693713367669212033e+01
1.385000000000000009e+00,1.692438533668618206e+01
1.385999999999999899e+00,1.698803287705962362e+01
1.387000000000000011e+00,1.690295614802108659e+01
1.387999999999999901e+00,1.693729949081825481e+01
1.389000000000000012e+00,1.694723166714262419e+01
1.389999999999999902e+00,1.699751295739286761e+01
1.391000000000000014e+00,1.696506558535968523e+01
1.391999999999999904e+00,1.700154810762900226e+01
1.393000000000000016e+00,1.695841217973163850e+01
1.393999999999999906e+00,1.690821212137356966e+01
1.395000000000000018e+00,1.694792940096820999e+01
1.395999999999999908e+00,1.701570275850671976e+01
1.397000000000000020e+00,1.699882427508677551e+01
1.397999999999999909e+00,1.703286156850892041e+01
1.399000000000000021e+00,1.702131614203362986e+01
1.399999999999999911e+00,1.701268600854853474e+01
1.401000000000000023e+00,1.701320291963195430e+01
1.401999999999999913e+00,1.706821150903877893e+01
1.403000000000000025e+00,1.699336076395578843e+01
1.403999999999999915e+00,1.699486296126717022e+01
1.405000000000000027e+00,1.702616395714296971e+01
1.405999999999999917e+00,1.693284022351839013e+01
1.407000000000000028e+00,1.699641103705053524e+01
1.407999999999999918e+00,1.696605616625553381e+01
1.409000000000000030e+00,1.704100575714502597e+01
1.409999999999999920e+00,1.697729645165554757e+01
1.411000000000000032e+00,1.704137230937498160e+01
1.411999999999999922e+00,1.696080103952327889e+01
1.413000000000000034e+00,1.697016384691301027e+01
1.413999999999999924e+00,1.704938730975757721e+01
1.415000000000000036e+00,1.699757900724969062e+01
1.415999999999999925e+00,1.703454456034296172e+01
1.417000000000000037e+00,1.707283133956865129e+01
1.417999999999999927e+00,1.697078882366272978e+01
1.419000000000000039e+00,1.697945717078564698e+01
1.419999999999999929e+00,1.693785006717134678e+01
1.421000000000000041e+00,1.704114750351849494e+01
1.421999999999999931e+00,1.703062473956296685e+01
1.423000000000000043e+00,1.696450971233274885e+01
1.423999999999999932e+00,1.691365125285519255e+01
1.425000000000000044e+00,1.694785143186508236e+01
1.425999999999999934e+00,1.696898707385307148e+01
1.427000000000000046e+00,1.700682935026107856e+01
1.427999999999999936e+00,1.694824085640711786e+01
1.429000000000000048e+00,1.701689074568864513e+01
1.429999999999999938e+00,1.696844191241915922e+01
1.431000000000000050e+00,1.699771477359085736e+01
1.431999999999999940e+00,1.706204976979724108e+01
1.433000000000000052e+00,1.701416568259375950e+01
1.433999999999999941e+00,1.699504796010025842e+01
1.435000000000000053e+00,1.700172666338805527e+01
1.435999999999999943e+00,1.700206021386933131e+01
1.437000000000000055e+00,1.698679934640203015e+01
1.437999999999999945e+00,1.694121057351763682e+01
1.439000000000000057e+00,1.694692429331626826e+01
1.439999999999999947e+00,1.696001182076569691e+01
1.441000000000000059e+00,1.697818978944277291e+01
1.441999999999999948e+00,1.696108286311847380e+01
1.443000000000000060e+00,1.710521982429227350e+01
1.443999999999999950e+00,1.700231075365212163e+01
1.445000000000000062e+00,1.703830612539914569e+01
1.445999999999999952e+00,1.694785342612527046e+01
1.447000000000000064e+00,1.702831955243424744e+01
1.447999999999999954e+00,1.698445528540033678e+01
1.449000000000000066e+00,1.695878427905831742e+01
1.449999999999999956e+00,1.700342946494778218e+01
1.451000000000000068e+00,1.699480004085397766e+01
1.451999999999999957e+00,1.701908980788119052e+01
1.453000000000000069e+00,1.710789128576870866e+01
1.453999999999999959e+00,1.703347842952301150e+01
1.455000000000000071e+00,1.700036475739460684e+01
1.455999999999999961e+00,1.696523901542591872e+01
1.457000000000000073e+00,1.701233147838162552e+01
1.457999999999999963e+00,1.705813979780473488e+01
1.459000000000000075e+00,1.702330970337535021e+01
1.459999999999999964e+00,1.696026663138188795e+01
1.461000000000000076e+00,1.699116154425487224e+01
1.461999999999999966e+00,1.701193248679664549e+01
1.463000000000000078e+00,1.698334789232685083e+01
1.463999999999999968e+00,1.695534168064583369e+01
1.465000000000000080e+00,1.693778646008687971e+01
1.465999999999999970e+00,1.697307036695703530e+01
1.467000000000000082e+00,1.690970780036084875e+01
1.467999999999999972e+00,1.691006006044998955e+01
1.469000000000000083e+00,1.693354578710954783e+01
1.469999999999999973e+00,1.697193943269963512e+01
1.471000000000000085e+00,1.697343706912821304e+01
1.471999999999999975e+00,1.693336506448955348e+01
1.473000000000000087e+00,1.691205702496747776e+01
1.473999999999999977e+00,1.690582276233795511e+01
1.475000000000000089e+00,1.692797906835267696e+01
1.475999999999999979e+00,1.688027691340116831e+01
1.477000000000000091e+00,1.687733236026178574e+01
1.477999999999999980e+00,1.692953858695011249e+01
1.479000000000000092e+00,1.697968574993304358e+01
1.479999999999999982e+00,1.696497388020409858e+01
1.481000000000000094e+00,1.701747171950757576e+01
1.481999999999999984e+00,1.695653902331310192e+01
1.483000000000000096e+00,1.696798267992629761e+01
1.483999999999999986e+00,1.697704898398443873e+01
1.485000000000000098e+00,1.699848250295858421e+01
1.485999999999999988e+00,1.692690716417870433e+01
1.487000000000000099e+00,1.688206099849537623e+01
1.487999999999999989e+00,1.697803390043139871e+01
1.489000000000000101e+00,1.704682134988954445e+01
1.489999999999999991e+00,1.701391880157252956e+01
1.491000000000000103e+00,1.705773225718460395e+01
1.491999999999999993e+00,1.699103906866453073e+01
1.493000000000000105e+00,1.692242611881240677e+01
1.493999999999999995e+00,1.695170051328155836e+01
1.495000000000000107e+00,1.697276378586894552e+01
1.495999999999999996e+00,1.694634725213194315e+01
1.497000000000000108e+00,1.692322707731791098e+01
1.497999999999999998e+00,1.699686200670473113e+01
1.499000000000000110e+00,1.697686690937748821e+01
1.500000000000000000e+00,1.695619095654107866e+01
1.500999999999999890e+00,1.695497528990924962e+01
1.502000000000000002e+00,1.697494630363204138e+01
1.502999999999999892e+00,1.695568971443010042e+01
1.504000000000000004e+00,1.695756689937920569e+01
1.504999999999999893e+00,1.702555733537880656e+01
1.506000000000000005e+00,1.704894730758769938e+01
1.506999999999999895e+00,1.705247748170065591e+01
1.508000000000000007e+00,1.692568193155968714e+01
1.508999999999999897e+00,1.696124353344293212e+01
1.510000000000000009e+00,1.696739630893990025e+01
1.510999999999999899e+00,1.701831449259666584e+01
1.512000000000000011e+00,1.696613765205097124e+01
1.512999999999999901e+00,1.700793403665275605e+01
1.514000000000000012e+00,1.698682684681554278e+01
1.514999999999999902e+00,1.702029264420009724e+01
1.516000000000000014e+00,1.701413561767995475e+01
1.516999999999999904e+00,1.701832600534818241e+01
1.518000000000000016e+00,1.700729717817943154e+01
1.518999999999999906e+00,1.699193695978235041e+01
1.520000000000000018e+00,1.700970277070915060e+01
1.520999999999999908e+00,1.699990846612622519e+01
1.522000000000000020e+00,1.695276032074026062e+01
1.522999999999999909e+00,1.698862161267890514e+01
1.524000000000000021e+00,1.695778945335869636e+01
1.524999999999999911e+00,1.698076985531992023e+01
1.526000000000000023e+00,1.699037917790830576e+01
1.526999999999999913e+00,1.697517873612596517e+01
1.528000000000000025e+00,1.701144203035343239e+01
1.528999999999999915e+00,1.693079136543038032e+01
1.530000000000000027e+00,1.696466442446882184e+01
1.530999999999999917e+00,1.698359507836071458e+01
1.532000000000000028e+00,1.696137777297676763e+01
1.532999999999999918e+00,1.695501367084320776e+01
1.534000000000000030e+00,1.697879593549573940e+01
1.534999999999999920e+00,1.708410698441177189e+01
1.536000000000000032e+00,1.696420350331661098e+01
1.536999999999999922e+00,1.701185531129377893e+01
1.538000000000000034e+00,1.696814352048548713e+01
1.538999999999999924e+00,1.702008953983009931e+01
1.540000000000000036e+00,1.700591536803893788e+01
1.540999999999999925e+00,1.701299979002867246e+01
1.542000000000000037e+00,1.705087675324961438e+01
1.542999999999999927e+00,1.696688127327959705e+01
1.544000000000000039e+00,1.700036710202413914e+01
1.544999999999999929e+00,1.693439219881369695e+01
1.546000000000000041e+00,1.689930657242524248e+01
1.546999999999999931e+00,1.699472712728345414e+01
1.548000000000000043e+00,1.698023558627703622e+01
1.548999999999999932e+00,1.697354962522339150e+01
1.550000000000000044e+00,1.700114391278941994e+01
1.550999999999999934e+00,1.697386801766059961e+01
1.552000000000000046e+00,1.691648093920569451e+01
1.552999999999999936e+00,1.688389574031339180e+01
1.554000000000000048e+00,1.689721548839929000e+01
1.554999999999999938e+00,1.687992255041087120e+01
1.556000000000000050e+00,1.693987239430489566e+01
1.556999999999999940e+00,1.697933703456729759e+01
1.558000000000000052e+00,1.696618711530379642e+01
1.558999999999999941e+00,1.699481783771376797e+01
1.560000000000000053e+00,1.698461544394390543e+01
1.560999999999999943e+00,1.695456354644023023e+01
1.562000000000000055e+00,1.698288867670672175e+01
1.562999999999999945e+00,1.694360640138289043e+01
1.564000000000000057e+00,1.691053969368100240e+01
1.564999999999999947e+00,1.693761430315408134e+01
1.566000000000000059e+00,1.699214429678340466e+01
1.566999999999999948e+00,1.693804019028309682e+01
1.568000000000000060e+00,1.694986026427126191e+01
1.568999999999999950e+00,1.698801025283416166e+01
1.570000000000000062e+00,1.698283379496472634e+01
1.570999999999999952e+00,1.698729284698496045e+01
1.572000000000000064e+00,1.695333392704062447e+01
1.572999999999999954e+00,1.694680069177887560e+01
1.574000000000000066e+00,1.699310278654848716e+01
1.574999999999999956e+00,1.696540384606046814e+01
1.576000000000000068e+00,1.696266026206015454e+01
1.576999999999999957e+00,1.697916943081268926e+01
1.578000000000000069e+00,1.700464166735340399e+01
1.578999999999999959e+00,1.696704746975220957e+01
1.580000000000000071e+00,1.700226199448558262e+01
1.580999999999999961e+00,1.700976457672129527e+01
1.582000000000000073e+00,1.690787098930061561e+01
1.582999999999999963e+00,1.697111037802346090e+01
1.584000000000000075e+00,1.692837662933354892e+01
1.584999999999999964e+00,1.696717688862426598e+01
1.586000000000000076e+00,1.698933417908726184e+01
1.586999999999999966e+00,1.699658595084533630e+01
1.588000000000000078e+00,1.696694563597987937e+01
1.588999999999999968e+00,1.701437917806795141e+01
1.590000000000000080e+00,1.697021710216218793e+01
1.590999999999999970e+00,1.697902244798510552e+01
1.592000000000000082e+00,1.698475658089390805e+01
1.592999999999999972e+00,1.689064719597156738e+01
1.594000000000000083e+00,1.698575478121641780e+01
1.594999999999999973e+00,1.693506149487358314e+01
1.596000000000000085e+00,1.700620564124647061e+01
1.596999999999999975e+00,1.698716164877761869e+01
1.598000000000000087e+00,1.702429559670992987e+01
1.598999999999999977e+00,1.696907630425424784e+01
1.600000000000000089e+00,1.699231052485870563e+01
1.600999999999999979e+00,1.700297394325969691e+01
1.602000000000000091e+00,1.698422584012149272e+01
1.602999999999999980e+00,1.698232730154617798e+01
1.604000000000000092e+00,1.696018807726110822e+01
1.604999999999999982e+00,1.707743101572661715e+01
1.606000000000000094e+00,1.704001094968628038e+01
1.606999999999999984e+00,1.702960926898158078e+01
1.608000000000000096e+00,1.703662469387993283e+01
1.608999999999999986e+00,1.704014347890127823e+01
1.610000000000000098e+00,1.696752484555958773e+01
1.610999999999999988e+00,1.701563652262127846e+01
1.612000000000000099e+00,1.697558152745467552e+01
1.612999999999999989e+00,1.699114213379597871e+01
1.614000000000000101e+00,1.704179948645515807e+01
1.614999999999999991e+00,1.700845747034486521e+01
1.616000000000000103e+00,1.701625310618690179e+01
1.616999999999999993e+00,1.693091239602645715e+01
1.618000000000000105e+00,1.695802123587356647e+01
1.618999999999999995e+00,1.696219615916439949e+01
1.620000000000000107e+00,1.694488050272187962e+01
1.620999999999999996e+00,1.694698044344667665e+01
1.622000000000000108e+00,1.699107486504815867e+01
1.622999999999999998e+00,1.696079893283871698e+01
1.624000000000000110e+00,1.700377683397650586e+01
1.625000000000000000e+00,1.691913923791259577e+01
1.625999999999999890e+00,1.703692423902581865e+01
1.627000000000000002e+00,1.705953595934859379e+01
1.627999999999999892e+00,1.697021531531120431e+01
1.629000000000000004e+00,1.692871430122817245e+01
1.629999999999999893e+00,1.695621247902423434e+01
1.631000000000000005e+00,1.702299516498532839e+01
1.631999999999999895e+00,1.701379227665719540e+01
1.633000000000000007e+00,1.698491959252911698e+01
1.633999999999999897e+00,1.698208992141547213e+01
1.635000000000000009e+00,1.707649741114136788e+01
1.635999999999999899e+00,1.694537732902812621e+01
1.637000000000000011e+00,1.706153923432221120e+01
1.637999999999999901e+00,1.702226011228082569e+01
1.639000000000000012e+00,1.698552198787175982e+01
1.639999999999999902e+00,1.697922680633770298e+01
1.641000000000000014e+00,1.703797503270775593e+01
1.641999999999999904e+00,1.696350478984864907e+01
1.643000000000000016e+00,1.700348944042911015e+01
1.643999999999999906e+00,1.707293478681256715e+01
1.645000000000000018e+00,1.699268190249867061e+01
1.645999999999999908e+00,1.696660389765251864e+01
1.647000000000000020e+00,1.698803619004995369e+01
1.647999999999999909e+00,1.694848282610554691e+01
1.649000000000000021e+00,1.702560516297171489e+01
1.649999999999999911e+00,1.693608549025002219e+01
1.651000000000000023e+00,1.695126832213559709e+01
1.651999999999999913e+00,1.692294684104025038e+01
1.653000000000000025e+00,1.692968894643394151e+01
1.653999999999999915e+00,1.686140992392564186e+01
1.655000000000000027e+00,1.703172433547583253e+01
1.655999999999999917e+00,1.691430703665404778e+01
1.657000000000000028e+00,1.696754708465751804e+01
1.657999999999999918e+00,1.691496506357607288e+01
1.659000000000000030e+00,1.690117490797210920e+01
1.659999999999999920e+00,1.686563990396371793e+01
1.661000000000000032e+00,1.689417574913335685e+01
1.661999999999999922e+00,1.688111542149037092e+01
1.663000000000000034e+00,1.687424077671425948e+01
1.663999999999999924e+00,1.693382956315958410e+01
1.665000000000000036e+00,1.682530082116832659e+01
1.665999999999999925e+00,1.693429342287279837e+01
1.667000000000000037e+00,1.691832875551236981e+01
1.667999999999999927e+00,1.691309183691096507e+01
1.669000000000000039e+00,1.690047394359961785e+01
1.669999999999999929e+00,1.684904858971224684e+01
1.671000000000000041e+00,1.689195325916271884e+01
1.671999999999999931e+00,1.694715908795003045e+01
1.673000000000000043e+00,1.685598526098151950e+01
1.673999999999999932e+00,1.684347492769387244e+01
1.675000000000000044e+00,1.690104221311166555e+01
1.675999999999999934e+00,1.690734710578850652e+01
1.677000000000000046e+00,1.694760500430765404e+01
1.677999999999999936e+00,1.688901246330230421e+01
1.679000000000000048e+00,1.690229257703595422e+01
1.679999999999999938e+00,1.695277285506035270e+01
1.681000000000000050e+00,1.687079821954513648e+01
1.681999999999999940e+00,1.691513178851291954e+01
1.683000000000000052e+00,1.690893340283988167e+01
1.683999999999999941e+00,1.696926057026508516e+01
1.685000000000000053e+00,1.693300961518020031e+01
1.685999999999999943e+00,1.693183890630012201e+01
1.687000000000000055e+00,1.693487775009099394e+01
1.687999999999999945e+00,1.692781473270977344e+01
1.689000000000000057e+00,1.693858003868530915e+01
1.689999999999999947e+00,1.693012731095996770e+01
1.691000000000000059e+00,1.690933329556187203e+01
1.691999999999999948e+00,1.690046397068378425e+01
1.693000000000000060e+00,1.698407201786639575e+01
1.693999999999999950e+00,1.694337800285069306e+01
1.695000000000000062e+00,1.692662171706995622e+01
1.695999999999999952e+00,1.691047802102132280e+01
1.697000000000000064e+00,1.685969565532934666e+01
1.697999999999999954e+00,1.684867440569093588e+01
1.699000000000000066e+00,1.699449919091137318e+01
1.699999999999999956e+00,1.694201725586015428e+01
1.701000000000000068e+00,1.697861316271181664e+01
1.701999999999999957e+00,1.706219255911794264e+01
1.703000000000000069e+00,1.700280305466793607e+01
1.703999999999999959e+00,1.702033971119998412e+01
1.705000000000000071e+00,1.693421082676335843e+01
1.705999999999999961e+00,1.698401444513999436e+01
1.707000000000000073e+00,1.690841086221668021e+01
1.707999999999999963e+00,1.697780282949831943e+01
1.709000000000000075e+00,1.685818657753900141e+01
1.709999999999999964e+00,1.701383599727378027e+01
1.711000000000000076e+00,1.699303944695555657e+01
1.711999999999999966e+00,1.693763081307299956e+01
1.713000000000000078e+00,1.692325103195621949e+01
1.713999999999999968e+00,1.693875895806790055e+01
1.715000000000000080e+00,1.692097813851313148e+01
1.715999999999999970e+00,1.701171708586056397e+01
1.717000000000000082e+00,1.698832162759328668e+01
1.717999999999999972e+00,1.692136538590501971e+01
1.719000000000000083e+00,1.695020107178412871e+01
1.719999999999999973e+00,1.694802725521969222e+01
1.721000000000000085e+00,1.696987384316394909e+01
1.721999999999999975e+00,1.692132471586297271e+01
1.723000000000000087e+00,1.691043331941693495e+01
1.723999999999999977e+00,1.694771812166498748e+01
1.725000000000000089e+00,1.697975809114057810e+01
1.725999999999999979e+00,1.693429563145036454e+01
1.727000000000000091e+00,1.691468219919133276e+01
1.727999999999999980e+00,1.694635903759923323e+01
1.729000000000000092e+00,1.682564835120349400e+01
1.729999999999999982e+00,1.687258732388192328e+01
1.731000000000000094e+00,1.688195960423573894e+01
1.731999999999999984e+00,1.689401132305740205e+01
1.733000000000000096e+00,1.693615337123382503e+01
1.733999999999999986e+00,1.691046194533223712e+01
1.735000000000000098e+00,1.696555561219114239e+01
1.735999999999999988e+00,1.695757467492054360e+01
1.737000000000000099e+00,1.698819207494830152e+01
1.737999999999999989e+00,1.696831416264023318e+01
1.739000000000000101e+00,1.696041794574117390e+01
1.739999999999999991e+00,1.692679694959409886e+01
1.741000000000000103e+00,1.693940525193186986e+01
1.741999999999999993e+00,1.691942081630412176e+01
1.743000000000000105e+00,1.699687679015511677e+01
1.743999999999999995e+00,1.693092486778085259e+01
1.745000000000000107e+00,1.698069781555331659e+01
1.745999999999999996e+00,1.694759060071969614e+01
1.747000000000000108e+00,1.695269064864957897e+01
1.747999999999999998e+00,1.696023418719916265e+01
1.749000000000000110e+00,1.698731427002324779e+01
1.750000000000000000e+00,1.690683583835175341e+01
1.750999999999999890e+00,1.696396695943447952e+01
1.752000000000000002e+00,1.698293926598275050e+01
1.752999999999999892e+00,1.698527752752072928e+01
1.754000000000000004e+00,1.694336777203000111e+01
1.754999999999999893e+00,1.692586018037951945e+01
1.756000000000000005e+00,1.694390449071874372e+01
1.756999999999999895e+00,1.702128495333364810e+01
1.758000000000000007e+00,1.699744724457024603e+01
1.758999999999999897e+00,1.689301264169635530e+01
1.760000000000000009e+00,1.696610175197291781e+01
1.760999999999999899e+00,1.695802050885894019e+01
1.762000000000000011e+00,1.692222580588482472e+01
1.762999999999999901e+00,1.687758882400702021e+01
1.764000000000000012e+00,1.688827721302182638e+01
1.764999999999999902e+00,1.693568094603795871e+01
1.766000000000000014e+00,1.703194991810886805e+01
1.766999999999999904e+00,1.698733441983875991e+01
1.768000000000000016e+00,1.701404078003985632e+01
1.768999999999999906e+00,1.693936400354777305e+01
1.770000000000000018e+00,1.698868374261500946e+01
1.770999999999999908e+00,1.694315014288487475e+01
1.772000000000000020e+00,1.694523661074073573e+01
1.772999999999999909e+00,1.694511988357730203e+01
1.774000000000000021e+00,1.694272825740057087e+01
1.774999999999999911e+00,1.692666639279166674e+01
1.776000000000000023e+00,1.691414091228585193e+01
1.776999999999999913e+00,1.704049542347542001e+01
1.778000000000000025e+00,1.699215964685173574e+01
1.778999999999999915e+00,1.697983567507401403e+01
1.780000000000000027e+00,1.695449478097825491e+01
1.780999999999999917e+00,1.692097933197068116e+01
1.782000000000000028e+00,1.701006901639050284e+01
1.782999999999999918e+00,1.700806752954516909e+01
1.784000000000000030e+00,1.698275374274552973e+01
1.784999999999999920e+00,1.695655048137022192e+01
1.786000000000000032e+00,1.697954512772993851e+01
1.786999999999999922e+00,1.695518315687836619e+01
1.788000000000000034e+00,1.699164391377270178e+01
1.788999999999999924e+00,1.695056919201847734e+01
1.790000000000000036e+00,1.696048866513834952e+01
1.790999999999999925e+00,1.702846689223052579e+01
1.792000000000000037e+00,1.703170581453233012e+01
1.792999999999999927e+00,1.697931358503289445e+01
1.794000000000000039e+00,1.698148661023057571e+01
1.794999999999999929e+00,1.699454120824186987e+01
1.796000000000000041e+00,1.706650599530367884e+01
1.796999999999999931e+00,1.707418865074383518e+01
1.798000000000000043e+00,1.709329087834414196e+01
1.798999999999999932e+00,1.705845114466367818e+01
1.800000000000000044e+00,1.702891684061672350e+01
1.800999999999999934e+00,1.694896538486210602e+01
1.802000000000000046e+00,1.702540489123762768e+01
1.802999999999999936e+00,1.694944447248175834e+01
1.804000000000000048e+00,1.704389692660276268e+01
1.804999999999999938e+00,1.703294244516419553e+01
1.806000000000000050e+00,1.703163452717340220e+01
1.806999999999999940e+00,1.705517329729058673e+01
1.808000000000000052e+00,1.698261371382283969e+01
1.808999999999999941e+00,1.704431565594247999e+01
1.810000000000000053e+00,1.694946327997376301e+01
1.810999999999999943e+00,1.702563192478757159e+01
1.812000000000000055e+00,1.700290593896305680e+01
1.812999999999999945e+00,1.696097950635494556e+01
1.814000000000000057e+00,1.700942514951840678e+01
1.814999999999999947e+00,1.696162878905305860e+01
1.816000000000000059e+00,1.690580752061670111e+01
1.816999999999999948e+00,1.696380231581196085e+01
1.818000000000000060e+00,1.698435663186891631e+01
1.818999999999999950e+00,1.698465766800323706e+01
1.820000000000000062e+00,1.702418105369492096e+01
1.820999999999999952e+00,1.693768698397541428e+01
1.822000000000000064e+00,1.698685694158993442e+01
1.822999999999999954e+00,1.702602739749139005e+01
1.824000000000000066e+00,1.703571318976349502e+01
1.824999999999999956e+00,1.705347078547290351e+01
1.826000000000000068e+00,1.702323983747430347e+01
1.826999999999999957e+00,1.701616149672916833e+01
1.828000000000000069e+00,1.701395876388760442e+01
1.828999999999999959e+00,1.699424654313673244e+01
1.830000000000000071e+00,1.696762142020959274e+01
1.830999999999999961e+00,1.696166810159077443e+01
1.832000000000000073e+00,1.701102343798102368e+01
1.832999999999999963e+00,1.705664542682616514e+01
1.834000000000000075e+00,1.707566277549659262e+01
1.834999999999999964e+00,1.697991405259663011e+01
1.836000000000000076e+00,1.690776625080999551e+01
1.836999999999999966e+00,1.704271189330215819e+01
1.838000000000000078e+00,1.702604754335298409e+01
1.838999999999999968e+00,1.684198278999522813e+01
1.840000000000000080e+00,1.699706477306817476e+01
1.840999999999999970e+00,1.696326355367683902e+01
1.842000000000000082e+00,1.697527871847159986e+01
1.842999999999999972e+00,1.695435364276961110e+01
1.844000000000000083e+00,1.693200143291881332e+01
1.844999999999999973e+00,1.705154778334869192e+01
1.846000000000000085e+00,1.698409817647019793e+01
1.846999999999999975e+00,1.699766244785692137e+01
1.848000000000000087e+00,1.707111503309952383e+01
1.848999999999999977e+00,1.704628176940088480e+01
1.850000000000000089e+00,1.699084507245335018e+01
1.850999999999999979e+00,1.703761444950364279e+01
1.852000000000000091e+00,1.699022788705435261e+01
1.852999999999999980e+00,1.695375026428233767e+01
1.854000000000000092e+00,1.698682620253647713e+01
1.854999999999999982e+00,1.686030413561592312e+01
1.856000000000000094e+00,1.693973108719275800e+01
1.856999999999999984e+00,1.700439500964650108e+01
1.858000000000000096e+00,1.686753181871308982e+01
1.858999999999999986e+00,1.695493295032459358e+01
1.860000000000000098e+00,1.689833703843931190e+01
1.860999999999999988e+00,1.687790273519205542e+01
1.862000000000000099e+00,1.688383929174291609e+01
1.862999999999999989e+00,1.695454642999918349e+01
1.864000000000000101e+00,1.696728696463064523e+01
1.864999999999999991e+00,1.691618538228957647e+01
1.866000000000000103e+00,1.697737214510944526e+01
1.866999999999999993e+00,1.691843269325790899e+01
1.868000000000000105e+00,1.699600445055528297e+01
1.868999999999999995e+00,1.690177331836094154e+01
1.870000000000000107e+00,1.693259496642006567e+01
1.870999999999999996e+00,1.695382893740482544e+01
1.872000000000000108e+00,1.688667894327312524e+01
1.872999999999999998e+00,1.685795968262489097e+01
1.874000000000000110e+00,1.684310707159464471e+01
1.875000000000000000e+00,1.695594029532071545e+01
1.875999999999999890e+00,1.694920475078614430e+01
1.877000000000000002e+00,1.693294558104684810e+01
1.877999999999999892e+00,1.701079641805094056e+01
1.879000000000000004e+00,1.699123609605898721e+01
1.879999999999999893e+00,1.696170492573475386e+01
1.881000000000000005e+00,1.688269478302472848e+01
1.881999999999999895e+00,1.684341058857657103e+01
1.883000000000000007e+00,1.690605683914354529e+01
1.883999999999999897e+00,1.689480947352493345e+01
1.885000000000000009e+00,1.689765022550509954e+01
1.885999999999999899e+00,1.701738123356459553e+01
1.887000000000000011e+00,1.690921653162442340e+01
1.887999999999999901e+00,1.687579403550902768e+01
1.889000000000000012e+00,1.690668473667319915e+01
1.889999999999999902e+00,1.689890356464029608e+01
1.891000000000000014e+00,1.694765415375135476e+01
1.891999999999999904e+00,1.692064815937501621e+01
1.893000000000000016e+00,1.685615954673525607e+01
1.893999999999999906e+00,1.701574228052855986e+01
1.895000000000000018e+00,1.688304318848852148e+01
1.895999999999999908e+00,1.692948717695998084e+01
1.897000000000000020e+00,1.693804774510420330e+01
1.897999999999999909e+00,1.692884320668716924e+01
1.899000000000000021e+00,1.688666445463427834e+01
1.899999999999999911e+00,1.690125815257513153e+01
1.901000000000000023e+00,1.685614316066644847e+01
1.901999999999999913e+00,1.691356790950457167e+01
1.903000000000000025e+00,1.689747600581541320e+01
1.903999999999999915e+00,1.689685540036584044e+01
1.905000000000000027e+00,1.693579937979428607e+01
1.905999999999999917e+00,1.692201209734543710e+01
1.907000000000000028e+00,1.704542286481569491e+01
1.907999999999999918e+00,1.698006400808399263e+01
1.909000000000000030e+00,1.699884332450408664e+01
1.909999999999999920e+00,1.693521290726621586e+01
1.911000000000000032e+00,1.694404260591314326e+01
1.911999999999999922e+00,1.690483817487881169e+01
1.913000000000000034e+00,1.692126084775253858e+01
1.913999999999999924e+00,1.691345111746628760e+01
1.915000000000000036e+00,1.692957413395897248e+01
1.915999999999999925e+00,1.693504306189701580e+01
1.917000000000000037e+00,1.697734641242845655e+01
1.917999999999999927e+00,1.690840213626821864e+01
1.919000000000000039e+00,1.693927561185300945e+01
1.919999999999999929e+00,1.696480849720895279e+01
1.921000000000000041e+00,1.699196671973061967e+01
1.921999999999999931e+00,1.691292210511199201e+01
1.923000000000000043e+00,1.692658705535514585e+01
1.923999999999999932e+00,1.685091569390636224e+01
1.925000000000000044e+00,1.690686177498076859e+01
1.925999999999999934e+00,1.700674416238092945e+01
1.927000000000000046e+00,1.693615155913044035e+01
1.927999999999999936e+00,1.693184512284189935e+01
1.929000000000000048e+00,1.686344138927022129e+01
1.929999999999999938e+00,1.699041501379970498e+01
1.931000000000000050e+00,1.697710808725641485e+01
1.931999999999999940e+00,1.692733770319453157e+01
1.933000000000000052e+00,1.696568258890138381e+01
1.933999999999999941e+00,1.688977139281966089e+01
1.935000000000000053e+00,1.693936006093953139e+01
1.935999999999999943e+00,1.690156273681295929e+01
1.937000000000000055e+00,1.688236692661821081e+01
1.937999999999999945e+00,1.687774655592429696e+01
1.939000000000000057e+00,1.694997908763090422e+01
1.939999999999999947e+00,1.689279695765873868e+01
1.941000000000000059e+00,1.697136743961231531e+01
1.941999999999999948e+00,1.690797035915380775e+01
1.943000000000000060e+00,1.692299050321449272e+01
1.943999999999999950e+00,1.690967483818757700e+01
1.945000000000000062e+00,1.694500029393267582e+01
1.945999999999999952e+00,1.699604540109093165e+01
1.947000000000000064e+00,1.700167251316901229e+01
1.947999999999999954e+00,1.704148464926321083e+01
1.949000000000000066e+00,1.695804461732846491e+01
1.949999999999999956e+00,1.694593251543796697e+01
1.951000000000000068e+00,1.699358737520178053e+01
1.951999999999999957e+00,1.687034404680333211e+01
1.953000000000000069e+00,1.692684600831953290e+01
1.953999999999999959e+00,1.695663734057518113e+01
1.955000000000000071e+00,1.694032848359936239e+01
1.955999999999999961e+00,1.703606250610608086e+01
1.957000000000000073e+00,1.689152356645428554e+01
1.957999999999999963e+00,1.692286361126632244e+01
1.959000000000000075e+00,1.697013966540841778e+01
1.959999999999999964e+00,1.693045290580763051e+01
1.961000000000000076e+00,1.698195968554897206e+01
1.961999999999999966e+00,1.700417560271479189e+01
1.963000000000000078e+00,1.691114634455669474e+01
1.963999999999999968e+00,1.690268467219856063e+01
1.965000000000000080e+00,1.692297305261097762e+01
1.965999999999999970e+00,1.703118111237731469e+01
1.967000000000000082e+00,1.697121227600890592e+01
1.967999999999999972e+00,1.692036618064704712e+01
1.969000000000000083e+00,1.695370398994209182e+01
1.969999999999999973e+00,1.698364505336428820e+01
1.971000000000000085e+00,1.695995373662849204e+01
1.971999999999999975e+00,1.691561147883319194e+01
1.973000000000000087e+00,1.698208289213840771e+01
1.973999999999999977e+00,1.695326396025803106e+01
1.975000000000000089e+00,1.705960179510283581e+01
1.975999999999999979e+00,1.702737090980509649e+01
1.977000000000000091e+00,1.694768451778777063e+01
1.977999999999999980e+00,1.695058917625903305e+01
1.979000000000000092e+00,1.698109776629174306e+01
1.979999999999999982e+00,1.700294592426789464e+01
1.981000000000000094e+00,1.695227343540455678e+01
1.981999999999999984e+00,1.690210114762762217e+01
1.983000000000000096e+00,1.694043521525409446e+01
1.983999999999999986e+00,1.687700484124945532e+01
1.985000000000000098e+00,1.692073314884799018e+01
1.985999999999999988e+00,1.692458043934416878e+01
1.987000000000000099e+00,1.696917993939468872e+01
1.987999999999999989e+00,1.696941104676211154e+01
1.989000000000000101e+00,1.693316848512067097e+01
1.989999999999999991e+00,1.695000409139792197e+01
1.991000000000000103e+00,1.689607601131023529e+01
1.991999999999999993e+00,1.692185841467638951e+01
1.993000000000000105e+00,1.693248300782558147e+01
1.993999999999999995e+00,1.690239877632129861e+01
1.995000000000000107e+00,1.696771357499022059e+01
1.995999999999999996e+00,1.691704592218105674e+01
1.997000000000000108e+00,1.685241743168705497e+01
1.997999999999999998e+00,1.696695124890677775e+01
1.999000000000000110e+00,1.694223377876640768e+01
2.000000000000000000e+00,1.686087013296448944e+01
2.000999999999999890e+00,1.693484660302519629e+01
2.001999999999999780e+00,1.688901369933928365e+01
2.003000000000000114e+00,1.691854714087076417e+01
2.004000000000000004e+00,1.690799586827634471e+01
2.004999999999999893e+00,1.692758086414781005e+01
2.005999999999999783e+00,1.695914418199525997e+01
2.007000000000000117e+00,1.685505779823225581e+01
2.008000000000000007e+00,1.690091578599569644e+01
2.008999999999999897e+00,1.694839110586678999e+01
2.009999999999999787e+00,1.686478358831041646e+01
2.011000000000000121e+00,1.689203078632121091e+01
2.012000000000000011e+00,1.686671092844827058e+01
2.012999999999999901e+00,1.695592025605427722e+01
2.013999999999999790e+00,1.689850678747520618e+01
2.015000000000000124e+00,1.687938985787044288e+01
2.016000000000000014e+00,1.693343364137825091e+01
2.016999999999999904e+00,1.695263304414554284e+01
2.017999999999999794e+00,1.693000841989546501e+01
2.019000000000000128e+00,1.697910707536113861e+01
2.020000000000000018e+00,1.696532666363972197e+01
2.020999999999999908e+00,1.691938182787426115e+01
2.021999999999999797e+00,1.695818297870694025e+01
2.023000000000000131e+00,1.693208970966993476e+01
2.024000000000000021e+00,1.700356102521669754e+01
2.024999999999999911e+00,1.692663838489268358e+01
2.025999999999999801e+00,1.693156061613831298e+01
2.027000000000000135e+00,1.690283518358224057e+01
2.028000000000000025e+00,1.699776962956598325e+01
2.028999999999999915e+00,1.696702139614886917e+01
2.029999999999999805e+00,1.698040919498484769e+01
2.031000000000000139e+00,1.692438263031331758e+01
2.032000000000000028e+00,1.698561656105379214e+01
2.032999999999999918e+00,1.694249405813077303e+01
2.033999999999999808e+00,1.693850332332305442e+01
2.035000000000000142e+00,1.697367834410166765e+01
2.036000000000000032e+00,1.693459715623258077e+01
2.036999999999999922e+00,1.702096648787146194e+01
2.037999999999999812e+00,1.694117507774405951e+01
2.039000000000000146e+00,1.702385139983687523e+01
2.040000000000000036e+00,1.692159310261268601e+01
2.040999999999999925e+00,1.694141748999883390e+01
2.041999999999999815e+00,1.693975508386721529e+01
2.043000000000000149e+00,1.688324004560276848e+01
2.044000000000000039e+00,1.695525768833619651e+01
2.044999999999999929e+00,1.691664625902686581e+01
2.045999999999999819e+00,1.696502751760396421e+01
2.047000000000000153e+00,1.693330750652800987e+01
2.048000000000000043e+00,1.696340073797537684e+01
2.048999999999999932e+00,1.700102366146546018e+01
2.049999999999999822e+00,1.698807109544547700e+01
2.051000000000000156e+00,1.696303924582811362e+01
2.052000000000000046e+00,1.691985069825674515e+01
2.052999999999999936e+00,1.695133427645912860e+01
2.053999999999999826e+00,1.699760318068623022e+01
2.055000000000000160e+00,1.691316241958940836e+01
2.056000000000000050e+00,1.697576968038313439e+01
2.056999999999999940e+00,1.696376331536652060e+01
2.057999999999999829e+00,1.699167121348339293e+01
2.059000000000000163e+00,1.693655449018559267e+01
2.060000000000000053e+00,1.698324936838618981e+01
2.060999999999999943e+00,1.702090790857321423e+01
2.061999999999999833e+00,1.702423351916522876e+01
2.063000000000000167e+00,1.702700557511847279e+01
2.064000000000000057e+00,1.702894364442302333e+01
2.064999999999999947e+00,1.698699813719287022e+01
2.065999999999999837e+00,1.699483830709357690e+01
2.067000000000000171e+00,1.698895170938740051e+01
2.068000000000000060e+00,1.694253173352506536e+01
2.068999999999999950e+00,1.703100502288240037e+01
2.069999999999999840e+00,1.698958689976955938e+01
2.071000000000000174e+00,1.700589749356703351e+01
2.072000000000000064e+00,1.695601274259856694e+01
2.072999999999999954e+00,1.703320338159424452e+01
2.073999999999999844e+00,1.700418895901930227e+01
2.075000000000000178e+00,1.698496075648251136e+01
2.076000000000000068e+00,1.705160844370652384e+01
2.076999999999999957e+00,1.699516113712785170e+01
2.077999999999999847e+00,1.703591921704718715e+01
2.079000000000000181e+00,1.703531513786639096e+01
2.080000000000000071e+00,1.699283855830652712e+01
2.080999999999999961e+00,1.692277065862226948e+01
2.081999999999999851e+00,1.705292512056773546e+01
2.083000000000000185e+00,1.704667648883685516e+01
2.084000000000000075e+00,1.699190741296234108e+01
2.084999999999999964e+00,1.697349320413715645e+01
2.085999999999999854e+00,1.705434515119019423e+01
2.087000000000000188e+00,1.698866607070381463e+01
2.088000000000000078e+00,1.696794962603794588e+01
2.088999999999999968e+00,1.705294412014849570e+01
2.089999999999999858e+00,1.699859908197116454e+01
2.091000000000000192e+00,1.695778380006139940e+01
2.092000000000000082e+00,1.699039972812175492e+01
2.092999999999999972e+00,1.698378098509089540e+01
2.093999999999999861e+00,1.697058546045910887e+01
2.095000000000000195e+00,1.703844119411695246e+01
2.096000000000000085e+00,1.692403403596929223e+01
2.096999999999999975e+00,1.696676190931476569e+01
2.097999999999999865e+00,1.694274440538136872e+01
2.099000000000000199e+00,1.697319709633461926e+01
2.100000000000000089e+00,1.690570095115178617e+01
2.100999999999999979e+00,1.698511380439524032e+01
2.101999999999999869e+00,1.693669394896699743e+01
2.103000000000000203e+00,1.701289511931529219e+01
2.104000000000000092e+00,1.702678171141641528e+01
2.104999999999999982e+00,1.702040772712333805e+01
2.105999999999999872e+00,1.699052848029304386e+01
2.107000000000000206e+00,1.701590683744220911e+01
2.108000000000000096e+00,1.703012016724047584e+01
2.108999999999999986e+00,1.697741328882544565e+01
2.109999999999999876e+00,1.695708498581550216e+01
2.111000000000000210e+00,1.697387740003612677e+01
2.112000000000000099e+00,1.703347825073689492e+01
2.112999999999999989e+00,1.713365418073534485e+01
2.113999999999999879e+00,1.697434091347187390e+01
2.115000000000000213e+00,1.703448377828878080e+01
2.116000000000000103e+00,1.704956233822524680e+01
2.116999999999999993e+00,1.706795260250600066e+01
2.117999999999999883e+00,1.701399583631591739e+01
2.119000000000000217e+00,1.704846579593175804e+01
2.120000000000000107e+00,1.706571047004248598e+01
2.120999999999999996e+00,1.700602969780615226e+01
2.121999999999999886e+00,1.707410197158309018e+01
2.123000000000000220e+00,1.707991846176999928e+01
2.124000000000000110e+00,1.703900394605001622e+01
2.125000000000000000e+00,1.697612623804075582e+01
2.125999999999999890e+00,1.703163285863534782e+01
2.126999999999999780e+00,1.704086164405570614e+01
2.128000000000000114e+00,1.707716496584362531e+01
2.129000000000000004e+00,1.698022680736056245e+01
2.129999999999999893e+00,1.698900450618392455e+01
2.130999999999999783e+00,1.705497954229407398e+01
2.132000000000000117e+00,1.702840509345555375e+01
2.133000000000000007e+00,1.704648380801033625e+01
2.133999999999999897e+00,1.704284684485517687e+01
2.134999999999999787e+00,1.704614697005676760e+01
2.136000000000000121e+00,1.701590435874395979e+01
2.137000000000000011e+00,1.700923652823762211e+01
2.137999999999999901e+00,1.705733766379290728e+01
2.138999999999999790e+00,1.705952546553540472e+01
2.140000000000000124e+00,1.707233963302882884e+01
2.141000000000000014e+00,1.704322305189254294e+01
2.141999999999999904e+00,1.705630241875416431e+01
2.142999999999999794e+00,1.703721767426300460e+01
2.144000000000000128e+00,1.702908545667788687e+01
2.145000000000000018e+00,1.700696247060759347e+01
2.145999999999999908e+00,1.710963670743419129e+01
2.146999999999999797e+00,1.705782268044268690e+01
2.148000000000000131e+00,1.705748675619296151e+01
2.149000000000000021e+00,1.715810501670831556e+01
2.149999999999999911e+00,1.706329823313359384e+01
2.150999999999999801e+00,1.707127395009313275e+01
2.152000000000000135e+00,1.708686237339373193e+01
2.153000000000000025e+00,1.709624124615586638e+01
2.153999999999999915e+00,1.696108814265758369e+01
2.154999999999999805e+00,1.708850423722887513e+01
2.156000000000000139e+00,1.701404737400129008e+01
2.157000000000000028e+00,1.703473914559061342e+01
2.157999999999999918e+00,1.698025424365540914e+01
2.158999999999999808e+00,1.709921647535348654e+01
2.160000000000000142e+00,1.709778470039567821e+01
2.161000000000000032e+00,1.706985670187712500e+01
2.161999999999999922e+00,1.706770408744112899e+01
2.162999999999999812e+00,1.708759586234391747e+01
2.164000000000000146e+00,1.704187847697936675e+01
2.165000000000000036e+00,1.697376255485878715e+01
2.165999999999999925e+00,1.702102043410589260e+01
2.166999999999999815e+00,1.701722497978439108e+01
2.168000000000000149e+00,1.708285988180092829e+01
2.169000000000000039e+00,1.705094754911013055e+01
2.169999999999999929e+00,1.705501504589497941e+01
2.170999999999999819e+00,1.705070563575807085e+01
2.172000000000000153e+00,1.704331892056486453e+01
2.173000000000000043e+00,1.705769218325595205e+01
2.173999999999999932e+00,1.697628222280178889e+01
2.174999999999999822e+00,1.699041728335827628e+01
2.176000000000000156e+00,1.695169605842677640e+01
2.177000000000000046e+00,1.697922972354888316e+01
2.177999999999999936e+00,1.698606035070918097e+01
2.178999999999999826e+00,1.695459663416708196e+01
2.180000000000000160e+00,1.695647181759996869e+01
2.181000000000000050e+00,1.693118654514361054e+01
2.181999999999999940e+00,1.697408862031600307e+01
2.182999999999999829e+00,1.692070991299389604e+01
2.184000000000000163e+00,1.699411791863897037e+01
2.185000000000000053e+00,1.694027803945211375e+01
2.185999999999999943e+00,1.691636373273921379e+01
2.186999999999999833e+00,1.696920935500579475e+01
2.188000000000000167e+00,1.696366974813003381e+01
2.189000000000000057e+00,1.694499917939410594e+01
2.189999999999999947e+00,1.693201175480443155e+01
2.190999999999999837e+00,1.692333193366468436e+01
2.192000000000000171e+00,1.694956323637927653e+01
2.193000000000000060e+00,1.693145892727863355e+01
2.193999999999999950e+00,1.694320442070458199e+01
2.194999999999999840e+00,1.697953450391077013e+01
2.196000000000000174e+00,1.695535954868892858e+01
2.197000000000000064e+00,1.695332606647016149e+01
2.197999999999999954e+00,1.697306637893533221e+01
2.198999999999999844e+00,1.694849085023326296e+01
2.200000000000000178e+00,1.690560553285423140e+01
2.201000000000000068e+00,1.691541165799530688e+01
2.201999999999999957e+00,1.691462559699224499e+01
2.202999999999999847e+00,1.697686468071180954e+01
2.204000000000000181e+00,1.694009781028820782e+01
2.205000000000000071e+00,1.691029734064290935e+01
2.205999999999999961e+00,1.690942052721687361e+01
2.206999999999999851e+00,1.693867217800850611e+01
2.208000000000000185e+00,1.689608457362247762e+01
2.209000000000000075e+00,1.693845139231015295e+01
2.209999999999999964e+00,1.691208847231274959e+01
2.210999999999999854e+00,1.692402651292591642e+01
2.212000000000000188e+00,1.694376544111791105e+01
2.213000000000000078e+00,1.690684026331489420e+01
2.213999999999999968e+00,1.699660328639620133e+01
2.214999999999999858e+00,1.702671414511705095e+01
2.216000000000000192e+00,1.694566297347265404e+01
2.217000000000000082e+00,1.693599676449481706e+01
2.217999999999999972e+00,1.697692374656255865e+01
2.218999999999999861e+00,1.693886523859142201e+01
2.220000000000000195e+00,1.691722635465637126e+01
2.221000000000000085e+00,1.697282118094356207e+01
2.221999999999999975e+00,1.697296155979151422e+01
2.222999999999999865e+00,1.694269697992488588e+01
2.224000000000000199e+00,1.693423162286801542e+01
2.225000000000000089e+00,1.692128728938001458e+01
2.225999999999999979e+00,1.695592581079746353e+01
2.226999999999999869e+00,1.693791407496384238e+01
2.228000000000000203e+00,1.692766470419640612e+01
2.229000000000000092e+00,1.693806183379579267e+01
2.229999999999999982e+00,1.693859573482581382e+01
2.230999999999999872e+00,1.687415672207443507e+01
2.232000000000000206e+00,1.694250293355267090e+01
2.233000000000000096e+00,1.690796344040188615e+01
2.233999999999999986e+00,1.687736506463961206e+01
2.234999999999999876e+00,1.693377297368459367e+01
2.236000000000000210e+00,1.691746487733689008e+01
2.237000000000000099e+00,1.694257149844381161e+01
2.237999999999999989e+00,1.691578677181919588e+01
2.238999999999999879e+00,1.691998216038217961e+01
2.240000000000000213e+00,1.692413901508690444e+01
2.241000000000000103e+00,1.700162144388705698e+01
2.241999999999999993e+00,1.694215478561874733e+01
2.242999999999999883e+00,1.696017835578817667e+01
2.244000000000000217e+00,1.692229875049089927e+01
2.245000000000000107e+00,1.691133514380537051e+01
2.245999999999999996e+00,1.695988514370451128e+01
2.246999999999999886e+00,1.694995048755900768e+01
2.248000000000000220e+00,1.696362528019258065e+01
2.249000000000000110e+00,1.699445662317594952e+01
2.250000000000000000e+00,1.693058100943826716e+01
2.250999999999999890e+00,1.698467162040720879e+01
2.251999999999999780e+00,1.701812944963403496e+01
2.253000000000000114e+00,1.703433922132120060e+01
2.254000000000000004e+00,1.699304548687177530e+01
2.254999999999999893e+00,1.702895361512685568e+01
2.255999999999999783e+00,1.705387500675418266e+01
2.257000000000000117e+00,1.699854274592264858e+01
2.258000000000000007e+00,1.695750888354805852e+01
2.258999999999999897e+00,1.700385436214735435e+01
2.259999999999999787e+00,1.700827482426479165e+01
2.261000000000000121e+00,1.697593204516517318e+01
2.262000000000000011e+00,1.691627446259073864e+01
2.262999999999999901e+00,1.696354553934787646e+01
2.263999999999999790e+00,1.691634061904177955e+01
2.265000000000000124e+00,1.694646192285303954e+01
2.266000000000000014e+00,1.698713557163075905e+01
2.266999999999999904e+00,1.693919337151390891e+01
2.267999999999999794e+00,1.690346437915015088e+01
2.269000000000000128e+00,1.693439585552730975e+01
2.270000000000000018e+00,1.688449515344801455e+01
2.270999999999999908e+00,1.695631516816575157e+01
2.271999999999999797e+00,1.700043566249395965e+01
2.273000000000000131e+00,1.692040101460757739e+01
2.274000000000000021e+00,1.693460863042868780e+01
2.274999999999999911e+00,1.691746573576934054e+01
2.275999999999999801e+00,1.693842523413998791e+01
2.277000000000000135e+00,1.695559493062235035e+01
2.278000000000000025e+00,1.695930041519862996e+01
2.278999999999999915e+00,1.704827852409699318e+01
2.279999999999999805e+00,1.702073659813006046e+01
2.281000000000000139e+00,1.703005437325706595e+01
2.282000000000000028e+00,1.692550732797992197e+01
2.282999999999999918e+00,1.695154456463131254e+01
2.283999999999999808e+00,1.697890096676366767e+01
2.285000000000000142e+00,1.693344942112243601e+01
2.286000000000000032e+00,1.690955622450925944e+01
2.286999999999999922e+00,1.697747920255320153e+01
2.287999999999999812e+00,1.690927235466432776e+01
2.289000000000000146e+00,1.692197587081430044e+01
2.290000000000000036e+00,1.693848768760078727e+01
2.290999999999999925e+00,1.693711670400858793e+01
2.291999999999999815e+00,1.690629958010728728e+01
2.293000000000000149e+00,1.688966671734476677e+01
2.294000000000000039e+00,1.704653401512026889e+01
2.294999999999999929e+00,1.691126230227905580e+01
2.295999999999999819e+00,1.698018937996580391e+01
2.297000000000000153e+00,1.701731402892472644e+01
2.298000000000000043e+00,1.691642520391258131e+01
2.298999999999999932e+00,1.690814264458252580e+01
2.299999999999999822e+00,1.696589073574821782e+01
2.301000000000000156e+00,1.697023569827985767e+01
2.302000000000000046e+00,1.695847559502509938e+01
2.302999999999999936e+00,1.689996951909659728e+01
2.303999999999999826e+00,1.697992576022075184e+01
2.305000000000000160e+00,1.688317470256954067e+01
2.306000000000000050e+00,1.698872981071071209e+01
2.306999999999999940e+00,1.690897974460851572e+01
2.307999999999999829e+00,1.690911384206185986e+01
2.309000000000000163e+00,1.691928331784643547e+01
2.310000000000000053e+00,1.693955562406754467e+01
2.310999999999999943e+00,1.694692400830908952e+01
2.311999999999999833e+00,1.692202242724071581e+01
2.313000000000000167e+00,1.698185118565760021e+01
2.314000000000000057e+00,1.693462334166881789e+01
2.314999999999999947e+00,1.689999569681021896e+01
2.315999999999999837e+00,1.699144018716031468e+01
2.317000000000000171e+00,1.694677835196420546e+01
2.318000000000000060e+00,1.696264694631013725e+01
2.318999999999999950e+00,1.694102945382755010e+01
2.319999999999999840e+00,1.693316800595127347e+01
2.321000000000000174e+00,1.692854521715333505e+01
2.322000000000000064e+00,1.697911291711756121e+01
2.322999999999999954e+00,1.688220577609892104e+01
2.323999999999999844e+00,1.691542194617375827e+01
2.325000000000000178e+00,1.684732424686778884e+01
2.326000000000000068e+00,1.695001323932812909e+01
2.326999999999999957e+00,1.690716405688650426e+01
2.327999999999999847e+00,1.694175851740183703e+01
2.329000000000000181e+00,1.691153485204952744e+01
2.330000000000000071e+00,1.691803492534361553e+01
2.330999999999999961e+00,1.688461490165358114e+01
2.331999999999999851e+00,1.692694242689421813e+01
2.333000000000000185e+00,1.690984620437650321e+01
2.334000000000000075e+00,1.689990053186441443e+01
2.334999999999999964e+00,1.699837800015404099e+01
2.335999999999999854e+00,1.690513885646250714e+01
2.337000000000000188e+00,1.693216111809049451e+01
2.338000000000000078e+00,1.692659172543269719e+01
2.338999999999999968e+00,1.691969915176719752e+01
2.339999999999999858e+00,1.700728145118142365e+01
2.341000000000000192e+00,1.688984835360884418e+01
2.342000000000000082e+00,1.695587759193993094e+01
2.342999999999999972e+00,1.695061696427794828e+01
2.343999999999999861e+00,1.691549789346526822e+01
2.345000000000000195e+00,1.700254696766038620e+01
2.346000000000000085e+00,1.699031656781793487e+01
2.346999999999999975e+00,1.697334647863830170e+01
2.347999999999999865e+00,1.692452972012180723e+01
2.349000000000000199e+00,1.696986400085789626e+01
2.350000000000000089e+00,1.693835997829682327e+01
2.350999999999999979e+00,1.691785276504378999e+01
2.351999999999999869e+00,1.688741002549677006e+01
2.353000000000000203e+00,1.696205212709621435e+01
2.354000000000000092e+00,1.700683820767609689e+01
2.354999999999999982e+00,1.698994708172173063e+01
2.355999999999999872e+00,1.697151705746998474e+01
2.357000000000000206e+00,1.698393912383523841e+01
2.358000000000000096e+00,1.696896868907642997e+01
2.358999999999999986e+00,1.694511586949340654e+01
2.359999999999999876e+00,1.695949337746685615e+01
2.361000000000000210e+00,1.690912888845971551e+01
2.362000000000000099e+00,1.691445464938808740e+01
2.362999999999999989e+00,1.696689835035590121e+01
2.363999999999999879e+00,1.693495642379866339e+01
2.365000000000000213e+00,1.701909187932338341e+01
2.366000000000000103e+00,1.701574785104707033e+01
2.366999999999999993e+00,1.693890847205217298e+01
2.367999999999999883e+00,1.700740371874065104e+01
2.369000000000000217e+00,1.691621632379177242e+01
2.370000000000000107e+00,1.692060383349160091e+01
2.370999999999999996e+00,1.691922179358946465e+01
2.371999999999999886e+00,1.692042335485605875e+01
2.373000000000000220e+00,1.690816628982517855e+01
2.374000000000000110e+00,1.694261662381530442e+01
2.375000000000000000e+00,1.692998253708346823e+01
2.375999999999999890e+00,1.693533261799269951e+01
2.376999999999999780e+00,1.691210429133173676e+01
2.378000000000000114e+00,1.696675058205642728e+01
2.379000000000000004e+00,1.694064731654525957e+01
2.379999999999999893e+00,1.697169644105066411e+01
2.380999999999999783e+00,1.697047743765671868e+01
2.382000000000000117e+00,1.698950625042926532e+01
2.383000000000000007e+00,1.697466467026948322e+01
2.383999999999999897e+00,1.703759196118463493e+01
2.384999999999999787e+00,1.708069550172143636e+01
2.386000000000000121e+00,1.699762282612772779e+01
2.387000000000000011e+00,1.698729914712578903e+01
2.387999999999999901e+00,1.701507436261439210e+01
2.388999999999999790e+00,1.702743681472665216e+01
2.390000000000000124e+00,1.695525343776108684e+01
2.391000000000000014e+00,1.695078172599651012e+01
2.391999999999999904e+00,1.698102858487370881e+01
2.392999999999999794e+00,1.698728471090804959e+01
2.394000000000000128e+00,1.690090816013724861e+01
2.395000000000000018e+00,1.700194326153147273e+01
2.395999999999999908e+00,1.693103424326804785e+01
2.396999999999999797e+00,1.698607877393408216e+01
2.398000000000000131e+00,1.693446173075391314e+01
2.399000000000000021e+00,1.697238697640134930e+01
2.399999999999999911e+00,1.700299557637105252e+01
2.400999999999999801e+00,1.699699963025775062e+01
2.402000000000000135e+00,1.693610734766797776e+01
2.403000000000000025e+00,1.702380547377700637e+01
2.403999999999999915e+00,1.702724415879840336e+01
2.404999999999999805e+00,1.700330043328948904e+01
2.406000000000000139e+00,1.695774491041134269e+01
2.407000000000000028e+00,1.695144323350692517e+01
2.407999999999999918e+00,1.702216414840081171e+01
2.408999999999999808e+00,1.699591051367044514e+01
2.410000000000000142e+00,1.699014075501872867e+01
2.411000000000000032e+00,1.698809226975537712e+01
2.411999999999999922e+00,1.707196061636362217e+01
2.412999999999999812e+00,1.700899807300742950e+01
2.414000000000000146e+00,1.703208589611896784e+01
2.415000000000000036e+00,1.694596375391721210e+01
2.415999999999999925e+00,1.701751937315101415e+01
2.416999999999999815e+00,1.706184239752748155e+01
2.418000000000000149e+00,1.699967361190229198e+01
2.419000000000000039e+00,1.701038205442248596e+01
2.419999999999999929e+00,1.700683553205341525e+01
2.420999999999999819e+00,1.699819365502041180e+01
2.422000000000000153e+00,1.695500908031189269e+01
2.423000000000000043e+00,1.701532839754853299e+01
2.423999999999999932e+00,1.691213666698086726e+01
2.424999999999999822e+00,1.695962105083564353e+01
2.426000000000000156e+00,1.686899018699864428e+01
2.427000000000000046e+00,1.691502945337328256e+01
2.427999999999999936e+00,1.694829093622582761e+01
2.428999999999999826e+00,1.691015903613861582e+01
2.430000000000000160e+00,1.688449530997956316e+01
2.431000000000000050e+00,1.690945356572435188e+01
2.431999999999999940e+00,1.692784754920803181e+01
2.432999999999999829e+00,1.696896076123658759e+01
2.434000000000000163e+00,1.697539110547770136e+01
2.435000000000000053e+00,1.695186351366284327e+01
2.435999999999999943e+00,1.695102291859430110e+01
2.436999999999999833e+00,1.699936813035251504e+01
2.438000000000000167e+00,1.694519223051624124e+01
2.439000000000000057e+00,1.692188421737645498e+01
2.439999999999999947e+00,1.696771925102865097e+01
2.440999999999999837e+00,1.693032122593092481e+01
2.442000000000000171e+00,1.693579884416151771e+01
2.443000000000000060e+00,1.708832881264341452e+01
2.443999999999999950e+00,1.695648671439158051e+01
2.444999999999999840e+00,1.696896452029945834e+01
2.446000000000000174e+00,1.697413095894510704e+01
2.447000000000000064e+00,1.696237397517559842e+01
2.447999999999999954e+00,1.695167851783072877e+01
2.448999999999999844e+00,1.697994969427698209e+01
2.450000000000000178e+00,1.695529171232731258e+01
2.451000000000000068e+00,1.695164524930559935e+01
2.451999999999999957e+00,1.694775430057479682e+01
2.452999999999999847e+00,1.696797650142590541e+01
2.454000000000000181e+00,1.697609422942805679e+01
2.455000000000000071e+00,1.698444481086535873e+01
2.455999999999999961e+00,1.699382128881673992e+01
2.456999999999999851e+00,1.701005822308812654e+01
2.458000000000000185e+00,1.696924841569107301e+01
2.459000000000000075e+00,1.697335189103680619e+01
2.459999999999999964e+00,1.698746079411051468e+01
2.460999999999999854e+00,1.695089065524452465e+01
2.462000000000000188e+00,1.696438907470194835e+01
2.463000000000000078e+00,1.700469394998255268e+01
2.463999999999999968e+00,1.694513751021018066e+01
2.464999999999999858e+00,1.695010433700121055e+01
2.466000000000000192e+00,1.696648289472651783e+01
2.467000000000000082e+00,1.692471783223074056e+01
2.467999999999999972e+00,1.696685511566629145e+01
2.468999999999999861e+00,1.694262751711979575e+01
2.470000000000000195e+00,1.697901607241820443e+01
2.471000000000000085e+00,1.700572567485155417e+01
2.471999999999999975e+00,1.696063768627317359e+01
2.472999999999999865e+00,1.698924800912096345e+01
2.474000000000000199e+00,1.695585403874329344e+01
2.475000000000000089e+00,1.692730945147357957e+01
2.475999999999999979e+00,1.692986832780290385e+01
2.476999999999999869e+00,1.691786809998692220e+01
2.478000000000000203e+00,1.689008779288880646e+01
2.479000000000000092e+00,1.695240503277456767e+01
2.479999999999999982e+00,1.683486357084935037e+01
2.480999999999999872e+00,1.690464372368258594e+01
2.482000000000000206e+00,1.685773991422773577e+01
2.483000000000000096e+00,1.692252474836833542e+01
2.483999999999999986e+00,1.694771175526918583e+01
2.484999999999999876e+00,1.692449618049158744e+01
2.486000000000000210e+00,1.694899230461446393e+01
2.487000000000000099e+00,1.698590347045186277e+01
2.487999999999999989e+00,1.690402478803862252e+01
2.488999999999999879e+00,1.691223619144025747e+01
2.490000000000000213e+00,1.696691293416594704e+01
2.491000000000000103e+00,1.693064253505653483e+01
2.491999999999999993e+00,1.695828549459266554e+01
2.492999999999999883e+00,1.694378342075055954e+01
2.494000000000000217e+00,1.693082507575758200e+01
2.495000000000000107e+00,1.697440222821546740e+01
2.495999999999999996e+00,1.693953563270639506e+01
2.496999999999999886e+00,1.694797200314806318e+01
2.498000000000000220e+00,1.697886358672646523e+01
2.499000000000000110e+00,1.691358046852816344e+01
2.500000000000000000e+00,1.694765927041158449e+01
2.500999999999999890e+00,1.697772276518559664e+01
2.501999999999999780e+00,1.692835511987767561e+01
2.503000000000000114e+00,1.692962722307423817e+01
2.504000000000000004e+00,1.694397962725494011e+01
2.504999999999999893e+00,1.691705257318923472e+01
2.505999999999999783e+00,1.692637394107409321e+01
2.507000000000000117e+00,1.696201323799021665e+01
2.508000000000000007e+00,1.696021783167485353e+01
2.508999999999999897e+00,1.697404396847680275e+01
2.509999999999999787e+00,1.700617890781228070e+01
2.511000000000000121e+00,1.697811732295024711e+01
2.512000000000000011e+00,1.693803201693949134e+01
2.512999999999999901e+00,1.702116141309820918e+01
2.513999999999999790e+00,1.699622075800537147e+01
2.515000000000000124e+00,1.693780108332818202e+01
2.516000000000000014e+00,1.691820294319547102e+01
2.516999999999999904e+00,1.698303899546673890e+01
2.517999999999999794e+00,1.697127784348285573e+01
2.519000000000000128e+00,1.693785773689187124e+01
2.520000000000000018e+00,1.690942277005676786e+01
2.520999999999999908e+00,1.698308202123898525e+01
2.521999999999999797e+00,1.693137150629819487e+01
2.523000000000000131e+00,1.688430544434087821e+01
2.524000000000000021e+00,1.698970101524614051e+01
2.524999999999999911e+00,1.694485685412816878e+01
2.525999999999999801e+00,1.688906810319665297e+01
2.527000000000000135e+00,1.691361666346305270e+01
2.528000000000000025e+00,1.696441586817323355e+01
2.528999999999999915e+00,1.693444588447618671e+01
2.529999999999999805e+00,1.698427092620333667e+01
2.531000000000000139e+00,1.691039934898850206e+01
2.532000000000000028e+00,1.697528013890064003e+01
2.532999999999999918e+00,1.691033738504075501e+01
2.533999999999999808e+00,1.699357441806676050e+01
2.535000000000000142e+00,1.693678987601746044e+01
2.536000000000000032e+00,1.698785277971259333e+01
2.536999999999999922e+00,1.693182975016502922e+01
2.537999999999999812e+00,1.697824186983066141e+01
2.539000000000000146e+00,1.706768230899021077e+01
2.540000000000000036e+00,1.700510936478910295e+01
2.540999999999999925e+00,1.698086065594728922e+01
2.541999999999999815e+00,1.700096537387397433e+01
2.543000000000000149e+00,1.701900089144390193e+01
2.544000000000000039e+00,1.696680667742118587e+01
2.544999999999999929e+00,1.696714057870450176e+01
2.545999999999999819e+00,1.707478331006517180e+01
2.547000000000000153e+00,1.702028986898105956e+01
2.548000000000000043e+00,1.701535147889162403e+01
2.548999999999999932e+00,1.699406865686275836e+01
2.549999999999999822e+00,1.698273327577698311e+01
2.551000000000000156e+00,1.695952252475565913e+01
2.552000000000000046e+00,1.697913171980590619e+01
2.552999999999999936e+00,1.704887876177454231e+01
2.553999999999999826e+00,1.696093326506686338e+01
2.555000000000000160e+00,1.690546094511068986e+01
2.556000000000000050e+00,1.694176688090261962e+01
2.556999999999999940e+00,1.693667594368422158e+01
2.557999999999999829e+00,1.696570828181858204e+01
2.559000000000000163e+00,1.692067467457515662e+01
2.560000000000000053e+00,1.697737705074203163e+01
2.560999999999999943e+00,1.697627062097200579e+01
2.561999999999999833e+00,1.693425440296224593e+01
2.563000000000000167e+00,1.698810432097358003e+01
2.564000000000000057e+00,1.696982082957498505e+01
2.564999999999999947e+00,1.692597525763256527e+01
2.565999999999999837e+00,1.693523425887601874e+01
2.567000000000000171e+00,1.699188430386376325e+01
2.568000000000000060e+00,1.702588385357245926e+01
2.568999999999999950e+00,1.701499951059730620e+01
2.569999999999999840e+00,1.697708275654940735e+01
2.571000000000000174e+00,1.697940049782576466e+01
2.572000000000000064e+00,1.698532776548402268e+01
2.572999999999999954e+00,1.696692322689635901e+01
2.573999999999999844e+00,1.697843734432619911e+01
2.575000000000000178e+00,1.695410302741970554e+01
2.576000000000000068e+00,1.702037556057782908e+01
2.576999999999999957e+00,1.698806682263911227e+01
2.577999999999999847e+00,1.696170204734411513e+01
2.579000000000000181e+00,1.694006684266607010e+01
2.580000000000000071e+00,1.690423176343819733e+01
2.580999999999999961e+00,1.688989045064188232e+01
2.581999999999999851e+00,1.689341141646610112e+01
2.583000000000000185e+00,1.696365856956682094e+01
2.584000000000000075e+00,1.687160623559358541e+01
2.584999999999999964e+00,1.691095133815676022e+01
2.585999999999999854e+00,1.683427331278546646e+01
2.587000000000000188e+00,1.695831537904845732e+01
2.588000000000000078e+00,1.694355395442240564e+01
2.588999999999999968e+00,1.690006960447554363e+01
2.589999999999999858e+00,1.697620044348260393e+01
2.591000000000000192e+00,1.689818304421554984e+01
2.592000000000000082e+00,1.696723301345709700e+01
2.592999999999999972e+00,1.690167506257010288e+01
2.593999999999999861e+00,1.694494849992566543e+01
2.595000000000000195e+00,1.689842581820251510e+01
2.596000000000000085e+00,1.688189692725241997e+01
2.596999999999999975e+00,1.684162124173766273e+01
2.597999999999999865e+00,1.689993801397798379e+01
2.599000000000000199e+00,1.693875009433634915e+01
2.600000000000000089e+00,1.692212188222451630e+01
2.600999999999999979e+00,1.687863290240312608e+01
2.601999999999999869e+00,1.692125648391819936e+01
2.603000000000000203e+00,1.691882302760417645e+01
2.604000000000000092e+00,1.694448881750277280e+01
2.604999999999999982e+00,1.692081754449898767e+01
2.605999999999999872e+00,1.692130495604887841e+01
2.607000000000000206e+00,1.696335434720462843e+01
2.608000000000000096e+00,1.695955877187038752e+01
2.608999999999999986e+00,1.698141931184683884e+01
2.609999999999999876e+00,1.693074117874236606e+01
2.611000000000000210e+00,1.691916789582816705e+01
2.612000000000000099e+00,1.689507094750150884e+01
2.612999999999999989e+00,1.695360537861087380e+01
2.613999999999999879e+00,1.690748325629533966e+01
2.615000000000000213e+00,1.692578070052185168e+01
2.616000000000000103e+00,1.696409964446365137e+01
2.616999999999999993e+00,1.692498176208647465e+01
2.617999999999999883e+00,1.688818904499054341e+01
2.619000000000000217e+00,1.690338358316643053e+01
2.620000000000000107e+00,1.695763973137239233e+01
2.620999999999999996e+00,1.692449685352218580e+01
2.621999999999999886e+00,1.700969985221410496e+01
2.623000000000000220e+00,1.696234941530674689e+01
2.624000000000000110e+00,1.693113032432349030e+01
2.625000000000000000e+00,1.694104999236697395e+01
2.625999999999999890e+00,1.692269641735015639e+01
2.626999999999999780e+00,1.691585472651613031e+01
2.628000000000000114e+00,1.690881853018276004e+01
2.629000000000000004e+00,1.691899384792117900e+01
2.629999999999999893e+00,1.689632113636812250e+01
2.630999999999999783e+00,1.685848920480776059e+01
2.632000000000000117e+00,1.691921223868482471e+01
2.633000000000000007e+00,1.690555281992428149e+01
2.633999999999999897e+00,1.687893880170258498e+01
2.634999999999999787e+00,1.692587363247387700e+01
2.636000000000000121e+00,1.687753784140029012e+01
2.637000000000000011e+00,1.691628451318451454e+01
2.637999999999999901e+00,1.689947074759818335e+01
2.638999999999999790e+00,1.692182161720648281e+01
2.640000000000000124e+00,1.692993170854446916e+01
2.641000000000000014e+00,1.692047922838321483e+01
2.641999999999999904e+00,1.689737289482785343e+01
2.642999999999999794e+00,1.692136705066792501e+01
2.644000000000000128e+00,1.686363949071568413e+01
2.645000000000000018e+00,1.691328155485709672e+01
2.645999999999999908e+00,1.691102198315424587e+01
2.646999999999999797e+00,1.694625980081506711e+01
2.648000000000000131e+00,1.693048193017994052e+01
2.649000000000000021e+00,1.691398188466175867e+01
2.649999999999999911e+00,1.692661771056151210e+01
2.650999999999999801e+00,1.694647235811526187e+01
2.652000000000000135e+00,1.691592161995190580e+01
2.653000000000000025e+00,1.689986954320901091e+01
2.653999999999999915e+00,1.695662269113193688e+01
2.654999999999999805e+00,1.691945010093348145e+01
2.656000000000000139e+00,1.692020700976719638e+01
2.657000000000000028e+00,1.695083891078001415e+01
2.657999999999999918e+00,1.697086339057569404e+01
2.658999999999999808e+00,1.692669367325579444e+01
2.660000000000000142e+00,1.690888506715626249e+01
2.661000000000000032e+00,1.697470453058737050e+01
2.661999999999999922e+00,1.697170072898642346e+01
2.662999999999999812e+00,1.696349020411752662e+01
2.664000000000000146e+00,1.702869405659328805e+01
2.665000000000000036e+00,1.698870914277705069e+01
2.665999999999999925e+00,1.695202045699566185e+01
2.666999999999999815e+00,1.693572982209716216e+01
2.668000000000000149e+00,1.696454584580667557e+01
2.669000000000000039e+00,1.694258902034465208e+01
2.669999999999999929e+00,1.691598350773059778e+01
2.670999999999999819e+00,1.693671379808593969e+01
2.672000000000000153e+00,1.692659334328146414e+01
2.673000000000000043e+00,1.694940867460219636e+01
2.673999999999999932e+00,1.693002015189500042e+01
2.674999999999999822e+00,1.695646170962215038e+01
2.676000000000000156e+00,1.693668980507168698e+01
2.677000000000000046e+00,1.691275482914272743e+01
2.677999999999999936e+00,1.690107345838514163e+01
2.678999999999999826e+00,1.696393884113475892e+01
2.680000000000000160e+00,1.695397458612034214e+01
2.681000000000000050e+00,1.693000250295541065e+01
2.681999999999999940e+00,1.695173132322052112e+01
2.682999999999999829e+00,1.690537965111157703e+01
2.684000000000000163e+00,1.691658957882576786e+01
2.685000000000000053e+00,1.697204509077855406e+01
2.685999999999999943e+00,1.694767500340979183e+01
2.686999999999999833e+00,1.699757737642361022e+01
2.688000000000000167e+00,1.688277855945495887e+01
2.689000000000000057e+00,1.701664417126083961e+01
2.689999999999999947e+00,1.690593130028603497e+01
2.690999999999999837e+00,1.688527374289926186e+01
2.692000000000000171e+00,1.690626586288151856e+01
2.693000000000000060e+00,1.690996102440050919e+01
2.693999999999999950e+00,1.689857232759585415e+01
2.694999999999999840e+00,1.695019295556713956e+01
2.696000000000000174e+00,1.692903458014757234e+01
2.697000000000000064e+00,1.694733729687719759e+01
2.697999999999999954e+00,1.690841619029725607e+01
2.698999999999999844e+00,1.694295075136378159e+01
2.700000000000000178e+00,1.691986909578809417e+01
2.701000000000000068e+00,1.688525152831247311e+01
2.701999999999999957e+00,1.694777867517888481e+01
2.702999999999999847e+00,1.689016430808253943e+01
2.704000000000000181e+00,1.694248542353033216e+01
2.705000000000000071e+00,1.689845242978113760e+01
2.705999999999999961e+00,1.695892041513486248e+01
2.706999999999999851e+00,1.692901344268560138e+01
2.708000000000000185e+00,1.686910314969454561e+01
2.709000000000000075e+00,1.690174495657310771e+01
2.709999999999999964e+00,1.689065478732965175e+01
2.710999999999999854e+00,1.685434979944471579e+01
2.712000000000000188e+00,1.696604435990512627e+01
2.713000000000000078e+00,1.690226562037905467e+01
2.713999999999999968e+00,1.694332548205839117e+01
2.714999999999999858e+00,1.688448944791638695e+01
2.716000000000000192e+00,1.683556299257280031e+01
2.717000000000000082e+00,1.681552583442858051e+01
2.717999999999999972e+00,1.684800248233974074e+01
2.718999999999999861e+00,1.690432441239707373e+01
2.720000000000000195e+00,1.686801636761645895e+01
2.721000000000000085e+00,1.689326689804782688e+01
2.721999999999999975e+00,1.687040149439788550e+01
2.722999999999999865e+00,1.681504872838814890e+01
2.724000000000000199e+00,1.689627448760920458e+01
2.725000000000000089e+00,1.696223066815044334e+01
2.725999999999999979e+00,1.689023818976384206e+01
2.726999999999999869e+00,1.691589770504504742e+01
2.728000000000000203e+00,1.691145184768757659e+01
2.729000000000000092e+00,1.689267368766131128e+01
2.729999999999999982e+00,1.693708117557883952e+01
2.730999999999999872e+00,1.694097874813135718e+01
2.732000000000000206e+00,1.689882025643937169e+01
2.733000000000000096e+00,1.692433864095629659e+01
2.733999999999999986e+00,1.684517811116636921e+01
2.734999999999999876e+00,1.691597515650715167e+01
2.736000000000000210e+00,1.697958383612271405e+01
2.737000000000000099e+00,1.692335970082285712e+01
2.737999999999999989e+00,1.704775213027516401e+01
2.738999999999999879e+00,1.690907856909872820e+01
2.740000000000000213e+00,1.688570993246547403e+01
2.741000000000000103e+00,1.696172607942123278e+01
2.741999999999999993e+00,1.697371065331658357e+01
2.742999999999999883e+00,1.695186623746367971e+01
2.744000000000000217e+00,1.690782755070290833e+01
2.745000000000000107e+00,1.691598633115242833e+01
2.745999999999999996e+00,1.696996463851141712e+01
2.746999999999999886e+00,1.695385348945207937e+01
2.748000000000000220e+00,1.689015482673335455e+01
2.749000000000000110e+00,1.688962957516255869e+01
2.750000000000000000e+00,1.692083506105139534e+01
2.750999999999999890e+00,1.692605080142440244e+01
2.751999999999999780e+00,1.691874966557694293e+01
2.753000000000000114e+00,1.697387764415067579e+01
2.754000000000000004e+00,1.684867053865692554e+01
2.754999999999999893e+00,1.689461229103277162e+01
2.755999999999999783e+00,1.689746032634704775e+01
2.757000000000000117e+00,1.692929888970184749e+01
2.758000000000000007e+00,1.694761690532517306e+01
2.758999999999999897e+00,1.692765124201087445e+01
2.759999999999999787e+00,1.690314345410761376e+01
2.761000000000000121e+00,1.693979986113476599e+01
2.762000000000000011e+00,1.691716432141647886e+01
2.762999999999999901e+00,1.691308759030416908e+01
2.763999999999999790e+00,1.691513954252077312e+01
2.765000000000000124e+00,1.693129868212611910e+01
2.766000000000000014e+00,1.696110713115659152e+01
2.766999999999999904e+00,1.690708752929879921e+01
2.767999999999999794e+00,1.690277888420054353e+01
2.769000000000000128e+00,1.694374952778344223e+01
2.770000000000000018e+00,1.688557181529419893e+01
2.770999999999999908e+00,1.694310298981178775e+01
2.771999999999999797e+00,1.694164713492190799e+01
2.773000000000000131e+00,1.701208694957231060e+01
2.774000000000000021e+00,1.690882704784031176e+01
2.774999999999999911e+00,1.696788296740345459e+01
2.775999999999999801e+00,1.695774498000704256e+01
2.777000000000000135e+00,1.692370298943889040e+01
2.778000000000000025e+00,1.687525568187118097e+01
2.778999999999999915e+00,1.694667612347718588e+01
2.779999999999999805e+00,1.694427363644498286e+01
2.781000000000000139e+00,1.696590751533561559e+01
2.782000000000000028e+00,1.688221259604467406e+01
2.782999999999999918e+00,1.701079108761649294e+01
2.783999999999999808e+00,1.700661273887750369e+01
2.785000000000000142e+00,1.696393623529049677e+01
2.786000000000000032e+00,1.693413517728435380e+01
2.786999999999999922e+00,1.691807722932014357e+01
2.787999999999999812e+00,1.692414727653198625e+01
2.789000000000000146e+00,1.689175222603363835e+01
2.790000000000000036e+00,1.692476281558319684e+01
2.790999999999999925e+00,1.696454186191476765e+01
2.791999999999999815e+00,1.694234574761644296e+01
2.793000000000000149e+00,1.694501506087681264e+01
2.794000000000000039e+00,1.694340068970402768e+01
2.794999999999999929e+00,1.696763983025849853e+01
2.795999999999999819e+00,1.697565046013869861e+01
2.797000000000000153e+00,1.694225147179349733e+01
2.798000000000000043e+00,1.693778571867869331e+01
2.798999999999999932e+00,1.695167757959221433e+01
2.799999999999999822e+00,1.690950763160121539e+01
2.801000000000000156e+00,1.696820500747041649e+01
2.802000000000000046e+00,1.697253741801351268e+01
2.802999999999999936e+00,1.691592574006781291e+01
2.803999999999999826e+00,1.690443812155587011e+01
2.805000000000000160e+00,1.689166050034661026e+01
2.806000000000000050e+00,1.699205975720316175e+01
2.806999999999999940e+00,1.696844243917578865e+01
2.807999999999999829e+00,1.693061834797588716e+01
2.809000000000000163e+00,1.698289599754505019e+01
2.810000000000000053e+00,1.691511763429009463e+01
2.810999999999999943e+00,1.693165419198882304e+01
2.811999999999999833e+00,1.692246911538556375e+01
2.813000000000000167e+00,1.697325103355755260e+01
2.814000000000000057e+00,1.695137457974013273e+01
2.814999999999999947e+00,1.695714281529493306e+01
2.815999999999999837e+00,1.702808423486109035e+01
2.817000000000000171e+00,1.691411309810792218e+01
2.818000000000000060e+00,1.693665711892548842e+01
2.818999999999999950e+00,1.694575916850479302e+01
2.819999999999999840e+00,1.694467749265175271e+01
2.821000000000000174e+00,1.695631639302149907e+01
2.822000000000000064e+00,1.696368143489849345e+01
2.822999999999999954e+00,1.698722921221023441e+01
2.823999999999999844e+00,1.693232977451071619e+01
2.825000000000000178e+00,1.690874654763267415e+01
2.826000000000000068e+00,1.694221939849508018e+01
2.826999999999999957e+00,1.690039417011854539e+01
2.827999999999999847e+00,1.689253947281860135e+01
2.829000000000000181e+00,1.697774599429393305e+01
2.830000000000000071e+00,1.691837527135832175e+01
2.830999999999999961e+00,1.695535856042476297e+01
2.831999999999999851e+00,1.694427230770669368e+01
2.833000000000000185e+00,1.700945900846641479e+01
2.834000000000000075e+00,1.695264399463837535e+01
2.834999999999999964e+00,1.695629520921371736e+01
2.835999999999999854e+00,1.696549650057832892e+01
2.837000000000000188e+00,1.692320683982183027e+01
2.838000000000000078e+00,1.697284729760666266e+01
2.838999999999999968e+00,1.698277971958750499e+01
2.839999999999999858e+00,1.695680648163698834e+01
2.841000000000000192e+00,1.697721929334631241e+01
2.842000000000000082e+00,1.700280316663687330e+01
2.842999999999999972e+00,1.699417733655114304e+01
2.843999999999999861e+00,1.694225456233061777e+01
2.845000000000000195e+00,1.704898329100527121e+01
2.846000000000000085e+00,1.698099741984547961e+01
2.846999999999999975e+00,1.694176065408329634e+01
2.847999999999999865e+00,1.698495338579285274e+01
2.849000000000000199e+00,1.694502102217137107e+01
2.850000000000000089e+00,1.703570373817393246e+01
2.850999999999999979e+00,1.704214962771500907e+01
2.851999999999999869e+00,1.701915822974029524e+01
2.853000000000000203e+00,1.704416458070793183e+01
2.854000000000000092e+00,1.702284714046999881e+01
2.854999999999999982e+00,1.694963725063039917e+01
2.855999999999999872e+00,1.695614747986381587e+01
2.857000000000000206e+00,1.698283987026935904e+01
2.858000000000000096e+00,1.696682590972006466e+01
2.858999999999999986e+00,1.694583467770000240e+01
2.859999999999999876e+00,1.697780935845930728e+01
2.861000000000000210e+00,1.690862851196879646e+01
2.862000000000000099e+00,1.701132666916573299e+01
2.862999999999999989e+00,1.694385280126901350e+01
2.863999999999999879e+00,1.689924124981108022e+01
2.865000000000000213e+00,1.697664477151482743e+01
2.866000000000000103e+00,1.695740747291459272e+01
2.866999999999999993e+00,1.691644822071874543e+01
2.867999999999999883e+00,1.689835360527144914e+01
2.869000000000000217e+00,1.696449557716877621e+01
2.870000000000000107e+00,1.689005976021100608e+01
2.870999999999999996e+00,1.695605392614125506e+01
2.871999999999999886e+00,1.691191444262727117e+01
2.873000000000000220e+00,1.692397953473946259e+01
2.874000000000000110e+00,1.692400318539824156e+01
2.875000000000000000e+00,1.693030584538005456e+01
2.875999999999999890e+00,1.695650083133444852e+01
2.876999999999999780e+00,1.697595905527950677e+01
2.878000000000000114e+00,1.696045880401276662e+01
2.879000000000000004e+00,1.689582867835516566e+01
2.879999999999999893e+00,1.688232019429637631e+01
2.880999999999999783e+00,1.697774053889774137e+01
2.882000000000000117e+00,1.691871760511954292e+01
2.883000000000000007e+00,1.696222712342778394e+01
2.883999999999999897e+00,1.692687030775972801e+01
2.884999999999999787e+00,1.696019147763476553e+01
2.886000000000000121e+00,1.695369532769415244e+01
2.887000000000000011e+00,1.699191170132963435e+01
2.887999999999999901e+00,1.699651928724665950e+01
2.888999999999999790e+00,1.696902403961133032e+01
2.890000000000000124e+00,1.698928212238810076e+01
2.891000000000000014e+00,1.700401350948089885e+01
2.891999999999999904e+00,1.696139379020204885e+01
2.892999999999999794e+00,1.700482090507308897e+01
2.894000000000000128e+00,1.699598175925429544e+01
2.895000000000000018e+00,1.695501767338377164e+01
2.895999999999999908e+00,1.701733215728135917e+01
2.896999999999999797e+00,1.696131977296192161e+01
2.898000000000000131e+00,1.695103922773461136e+01
2.899000000000000021e+00,1.699308047565867241e+01
2.899999999999999911e+00,1.695219408030387243e+01
2.900999999999999801e+00,1.698960608194490973e+01
2.902000000000000135e+00,1.703015663387183309e+01
2.903000000000000025e+00,1.697118772217224247e+01
2.903999999999999915e+00,1.699390086289595558e+01
2.904999999999999805e+00,1.698365428718201642e+01
2.906000000000000139e+00,1.706739563034865625e+01
2.907000000000000028e+00,1.700497126990364904e+01
2.907999999999999918e+00,1.703024031898326385e+01
2.908999999999999808e+00,1.697284371993228547e+01
2.910000000000000142e+00,1.696059398872469615e+01
2.911000000000000032e+00,1.696399135395930458e+01
2.911999999999999922e+00,1.695963699041704587e+01
2.912999999999999812e+00,1.696270008538470364e+01
2.914000000000000146e+00,1.694790150474852908e+01
2.915000000000000036e+00,1.700786894115513803e+01
2.915999999999999925e+00,1.699247475322276557e+01
2.916999999999999815e+00,1.696131114812773433e+01
2.918000000000000149e+00,1.702777571797738432e+01
2.919000000000000039e+00,1.697171958936797509e+01
2.919999999999999929e+00,1.693588492595765160e+01
2.920999999999999819e+00,1.701457272850360525e+01
2.922000000000000153e+00,1.702231843571426140e+01
2.923000000000000043e+00,1.696918576372718590e+01
2.923999999999999932e+00,1.696044934004717319e+01
2.924999999999999822e+00,1.701936834183242908e+01
2.926000000000000156e+00,1.697542248322907810e+01
2.927000000000000046e+00,1.703210806311052394e+01
2.927999999999999936e+00,1.699371726759376955e+01
2.928999999999999826e+00,1.693691393837405812e+01
2.930000000000000160e+00,1.697139144020188439e+01
2.931000000000000050e+00,1.695961091758002937e+01
2.931999999999999940e+00,1.702595771207959885e+01
2.932999999999999829e+00,1.702498521132017473e+01
2.934000000000000163e+00,1.699424378697884563e+01
2.935000000000000053e+00,1.691940918662271542e+01
2.935999999999999943e+00,1.691383884889273048e+01
2.936999999999999833e+00,1.704426084623878879e+01
2.938000000000000167e+00,1.702644364395698062e+01
2.939000000000000057e+00,1.700842685293725154e+01
2.939999999999999947e+00,1.700838386888458942e+01
2.940999999999999837e+00,1.697829248631989429e+01
2.942000000000000171e+00,1.702363173448240374e+01
2.943000000000000060e+00,1.695969351113866708e+01
2.943999999999999950e+00,1.699981444693786514e+01
2.944999999999999840e+00,1.705908436770599224e+01
2.946000000000000174e+00,1.691634819624822583e+01
2.947000000000000064e+00,1.693606734438050410e+01
2.947999999999999954e+00,1.689758651582522475e+01
2.948999999999999844e+00,1.695113477922572542e+01
2.950000000000000178e+00,1.694484949530425411e+01
2.951000000000000068e+00,1.697018542794062412e+01
2.951999999999999957e+00,1.696927273563348848e+01
2.952999999999999847e+00,1.695703219451806021e+01
2.954000000000000181e+00,1.704053370973313619e+01
2.955000000000000071e+00,1.695371239582971157e+01
2.955999999999999961e+00,1.697334820588088178e+01
2.956999999999999851e+00,1.707648184568563821e+01
2.958000000000000185e+00,1.695598540339990024e+01
2.959000000000000075e+00,1.693526510236244675e+01
2.959999999999999964e+00,1.698078180777517687e+01
2.960999999999999854e+00,1.699297726832548960e+01
2.962000000000000188e+00,1.698610592977887990e+01
2.963000000000000078e+00,1.700777190831876950e+01
2.963999999999999968e+00,1.698166191777988132e+01
2.964999999999999858e+00,1.698754375690151619e+01
2.966000000000000192e+00,1.703980709097939084e+01
2.967000000000000082e+00,1.694510902024221366e+01
2.967999999999999972e+00,1.700498737849136788e+01
2.968999999999999861e+00,1.698622714156205049e+01
2.970000000000000195e+00,1.697707711455413104e+01
2.971000000000000085e+00,1.703475500860953318e+01
2.971999999999999975e+00,1.698884286080333439e+01
2.972999999999999865e+00,1.699082167740708726e+01
2.974000000000000199e+00,1.700979069210700700e+01
2.975000000000000089e+00,1.701972556893602473e+01
2.975999999999999979e+00,1.696753426820488997e+01
2.976999999999999869e+00,1.701412635575923105e+01
2.978000000000000203e+00,1.698484192493332401e+01
2.979000000000000092e+00,1.706594818053478591e+01
2.979999999999999982e+00,1.694262849600220733e+01
2.980999999999999872e+00,1.698223072962981206e+01
2.982000000000000206e+00,1.697855452764820328e+01
2.983000000000000096e+00,1.692506601175730552e+01
2.983999999999999986e+00,1.695301202708159138e+01
2.984999999999999876e+00,1.698227696864649161e+01
2.986000000000000210e+00,1.694146373832996488e+01
2.987000000000000099e+00,1.696102354528171929e+01
2.987999999999999989e+00,1.700861683620032494e+01
2.988999999999999879e+00,1.696970761246155490e+01
2.990000000000000213e+00,1.700460589130890554e+01
2.991000000000000103e+00,1.704367127597491205e+01
2.991999999999999993e+00,1.695203675614109073e+01
2.992999999999999883e+00,1.695986423078148775e+01
2.994000000000000217e+00,1.690686121408093001e+01
2.995000000000000107e+00,1.696272111633336621e+01
2.995999999999999996e+00,1.692512549856078152e+01
2.996999999999999886e+00,1.694820651743624751e+01
2.998000000000000220e+00,1.694731724153795938e+01
2.999000000000000110e+00,1.693464041435775158e+01
3.000000000000000000e+00,1.693888915287999453e+01
3.000999999999999890e+00,1.691965359806196645e+01
3.001999999999999780e+00,1.696131186587928141e+01
3.003000000000000114e+00,1.684831445346879875e+01
3.004000000000000004e+00,1.692385890188122488e+01
3.004999999999999893e+00,1.689328529153613800e+01
3.005999999999999783e+00,1.686031279410635975e+01
3.007000000000000117e+00,1.691222108856705475e+01
3.008000000000000007e+00,1.687881201969132050e+01
3.008999999999999897e+00,1.690587649456789165e+01
3.009999999999999787e+00,1.695535344998802074e+01
3.011000000000000121e+00,1.689942885614012980e+01
3.012000000000000011e+00,1.691409108376463521e+01
3.012999999999999901e+00,1.696584641606236588e+01
3.013999999999999790e+00,1.691466351700850623e+01
3.015000000000000124e+00,1.701187273719889248e+01
3.016000000000000014e+00,1.700612772568891273e+01
3.016999999999999904e+00,1.697486589580957173e+01
3.017999999999999794e+00,1.694797768257537740e+01
3.019000000000000128e+00,1.700552162927724353e+01
3.020000000000000018e+00,1.694863252046530988e+01
3.020999999999999908e+00,1.704637385665823857e+01
3.021999999999999797e+00,1.700204384653052614e+01
3.023000000000000131e+00,1.702386228490242814e+01
3.024000000000000021e+00,1.700658158774455231e+01
3.024999999999999911e+00,1.700347534422835238e+01
3.025999999999999801e+00,1.689738061597892127e+01
3.027000000000000135e+00,1.700191784445365073e+01
3.028000000000000025e+00,1.701777223909077463e+01
3.028999999999999915e+00,1.700844647034189450e+01
3.029999999999999805e+00,1.697619138227950231e+01
3.031000000000000139e+00,1.697815379122397061e+01
3.032000000000000028e+00,1.698054417679807671e+01
3.032999999999999918e+00,1.697892239816254190e+01
3.033999999999999808e+00,1.694833902128391045e+01
3.035000000000000142e+00,1.690037812812219897e+01
3.036000000000000032e+00,1.694776272281201912e+01
3.036999999999999922e+00,1.693941307231923687e+01
3.037999999999999812e+00,1.685292759531246887e+01
3.039000000000000146e+00,1.685044671051480947e+01
3.040000000000000036e+00,1.690199186120278796e+01
3.040999999999999925e+00,1.688573371995232009e+01
3.041999999999999815e+00,1.697138856086297309e+01
3.043000000000000149e+00,1.697924457741545723e+01
3.044000000000000039e+00,1.687581171438146654e+01
3.044999999999999929e+00,1.687594431435793041e+01
3.045999999999999819e+00,1.686012492635930116e+01
3.047000000000000153e+00,1.692586261572701645e+01
3.048000000000000043e+00,1.690026877015004914e+01
3.048999999999999932e+00,1.690216808225958189e+01
3.049999999999999822e+00,1.694410306110431819e+01
3.051000000000000156e+00,1.694204567207024681e+01
3.052000000000000046e+00,1.690692506035419029e+01
3.052999999999999936e+00,1.696410418513608320e+01
3.053999999999999826e+00,1.695527810638070676e+01
3.055000000000000160e+00,1.685453145119856799e+01
3.056000000000000050e+00,1.694318969091906624e+01
3.056999999999999940e+00,1.689651745110106518e+01
3.057999999999999829e+00,1.694663698216088576e+01
3.059000000000000163e+00,1.695698592149564732e+01
3.060000000000000053e+00,1.694905236462259168e+01
3.060999999999999943e+00,1.687645296261138839e+01
3.061999999999999833e+00,1.690856124955644191e+01
3.063000000000000167e+00,1.687565538727006142e+01
3.064000000000000057e+00,1.691900250299677566e+01
3.064999999999999947e+00,1.695708767199559475e+01
3.065999999999999837e+00,1.694470464837074175e+01
3.067000000000000171e+00,1.693347133106198754e+01
3.068000000000000060e+00,1.690518652961209511e+01
3.068999999999999950e+00,1.699906325041856547e+01
3.069999999999999840e+00,1.688031431094028889e+01
3.071000000000000174e+00,1.691961382004412684e+01
3.072000000000000064e+00,1.695736998514125560e+01
3.072999999999999954e+00,1.693391987736810478e+01
3.073999999999999844e+00,1.686046384018685984e+01
3.075000000000000178e+00,1.691247494784830607e+01
3.076000000000000068e+00,1.689389658251215209e+01
3.076999999999999957e+00,1.686185143952565824e+01
3.077999999999999847e+00,1.692113210186038330e+01
3.079000000000000181e+00,1.691627783465185075e+01
3.080000000000000071e+00,1.688631461336108686e+01
3.080999999999999961e+00,1.696633689874707329e+01
3.081999999999999851e+00,1.692577557311446412e+01
3.083000000000000185e+00,1.686663764743723704e+01
3.084000000000000075e+00,1.695564053628071477e+01
3.084999999999999964e+00,1.693279852003966468e+01
3.085999999999999854e+00,1.686510554566904219e+01
3.087000000000000188e+00,1.695765488956195099e+01
3.088000000000000078e+00,1.695915133344997017e+01
3.088999999999999968e+00,1.699003884789241781e+01
3.089999999999999858e+00,1.697538359864969237e+01
3.091000000000000192e+00,1.692578922117358076e+01
3.092000000000000082e+00,1.690720612895244201e+01
3.092999999999999972e+00,1.695749156260106361e+01
3.093999999999999861e+00,1.692533208203929362e+01
3.095000000000000195e+00,1.689622396951779137e+01
3.096000000000000085e+00,1.697592127323069988e+01
3.096999999999999975e+00,1.693666523107012267e+01
3.097999999999999865e+00,1.695540196359351981e+01
3.099000000000000199e+00,1.698662779034300030e+01
3.100000000000000089e+00,1.694066951039640401e+01
3.100999999999999979e+00,1.693825985923003330e+01
3.101999999999999869e+00,1.694246875591219492e+01
3.103000000000000203e+00,1.693320488071334751e+01
3.104000000000000092e+00,1.689061098593335686e+01
3.104999999999999982e+00,1.700956301817258520e+01
3.105999999999999872e+00,1.693118239546954129e+01
3.107000000000000206e+00,1.694224076350647223e+01
3.108000000000000096e+00,1.690429206763099756e+01
3.108999999999999986e+00,1.694436367398501631e+01
3.109999999999999876e+00,1.699273228930742263e+01
3.111000000000000210e+00,1.695184916328068070e+01
3.112000000000000099e+00,1.689732231202164670e+01
3.112999999999999989e+00,1.696719631287448493e+01
3.113999999999999879e+00,1.700266644266451976e+01
3.115000000000000213e+00,1.696818570946512494e+01
3.116000000000000103e+00,1.705376413821765524e+01
3.116999999999999993e+00,1.698959261060494441e+01
3.117999999999999883e+00,1.702309092237913291e+01
3.119000000000000217e+00,1.700567517699526832e+01
3.120000000000000107e+00,1.696595574445827737e+01
3.120999999999999996e+00,1.693215160658954233e+01
3.121999999999999886e+00,1.689836109000847841e+01
3.123000000000000220e+00,1.697714641164310834e+01
3.124000000000000110e+00,1.693837973476558645e+01
3.125000000000000000e+00,1.699867583101971746e+01
3.125999999999999890e+00,1.691119590797196182e+01
3.126999999999999780e+00,1.690659083483736325e+01
3.128000000000000114e+00,1.697374545174771754e+01
3.129000000000000004e+00,1.700441650602027721e+01
3.129999999999999893e+00,1.701741880019534392e+01
3.130999999999999783e+00,1.698595232745946504e+01
3.132000000000000117e+00,1.695248316161774227e+01
3.133000000000000007e+00,1.695009568154046775e+01
3.133999999999999897e+00,1.701039595076970912e+01
3.134999999999999787e+00,1.698742436307476922e+01
3.136000000000000121e+00,1.700420151600492602e+01
3.137000000000000011e+00,1.692090731070514309e+01
3.137999999999999901e+00,1.691531024669320260e+01
3.138999999999999790e+00,1.687760515790047577e+01
3.140000000000000124e+00,1.691648092167048389e+01
3.141000000000000014e+00,1.696884600448296965e+01
3.141999999999999904e+00,1.692681810360205574e+01
3.142999999999999794e+00,1.690154143806109488e+01
3.144000000000000128e+00,1.690663645276457316e+01
3.145000000000000018e+00,1.695885486091250272e+01
3.145999999999999908e+00,1.696909396969546435e+01
3.146999999999999797e+00,1.692060139764459592e+01
3.148000000000000131e+00,1.697763475951754941e+01
3.149000000000000021e+00,1.697326195071439159e+01
3.149999999999999911e+00,1.693806138714909082e+01
3.150999999999999801e+00,1.699771195007797786e+01
3.152000000000000135e+00,1.697172423911850458e+01
3.153000000000000025e+00,1.694787145870455092e+01
3.153999999999999915e+00,1.691419669294944939e+01
3.154999999999999805e+00,1.702029625137208768e+01
3.156000000000000139e+00,1.702366254695885672e+01
3.157000000000000028e+00,1.703832977058270259e+01
3.157999999999999918e+00,1.697811640400185951e+01
3.158999999999999808e+00,1.702494465344943109e+01
3.160000000000000142e+00,1.700178066429710810e+01
3.161000000000000032e+00,1.696044994217225366e+01
3.161999999999999922e+00,1.697104827552105988e+01
3.162999999999999812e+00,1.698741616636532115e+01
3.164000000000000146e+00,1.698368303087183762e+01
3.165000000000000036e+00,1.695989616595694471e+01
3.165999999999999925e+00,1.693585088215066392e+01
3.166999999999999815e+00,1.696508175448893851e+01
3.168000000000000149e+00,1.695856721624389252e+01
3.169000000000000039e+00,1.689158342817399827e+01
3.169999999999999929e+00,1.686451877742643291e+01
3.170999999999999819e+00,1.687853238743389284e+01
3.172000000000000153e+00,1.689066678206763328e+01
3.173000000000000043e+00,1.690944276756234643e+01
3.173999999999999932e+00,1.693252453136004476e+01
3.174999999999999822e+00,1.695775669825777499e+01
3.176000000000000156e+00,1.691504337523294055e+01
3.177000000000000046e+00,1.689577838142094990e+01
3.177999999999999936e+00,1.695588203604813060e+01
3.178999999999999826e+00,1.688585073383163149e+01
3.180000000000000160e+00,1.684405028966853024e+01
3.181000000000000050e+00,1.694819766322851962e+01
3.181999999999999940e+00,1.693261928477833678e+01
3.182999999999999829e+00,1.685621404982273219e+01
3.184000000000000163e+00,1.689757261707005043e+01
3.185000000000000053e+00,1.687328298265860127e+01
3.185999999999999943e+00,1.691462222099974611e+01
3.186999999999999833e+00,1.695576109210566429e+01
3.188000000000000167e+00,1.695782791373999387e+01
3.189000000000000057e+00,1.691820989715276369e+01
3.189999999999999947e+00,1.694868610965939126e+01
3.190999999999999837e+00,1.700757813007713537e+01
3.192000000000000171e+00,1.693122218710027127e+01
3.193000000000000060e+00,1.701940646230993792e+01
3.193999999999999950e+00,1.692728294909958464e+01
3.194999999999999840e+00,1.694033452661684791e+01
3.196000000000000174e+00,1.693713350571953669e+01
3.197000000000000064e+00,1.695996906374258018e+01
3.197999999999999954e+00,1.695528930174532789e+01
3.198999999999999844e+00,1.692627130373895739e+01
3.200000000000000178e+00,1.695108986326485123e+01
3.201000000000000068e+00,1.689748217955272125e+01
3.201999999999999957e+00,1.694873445984356053e+01
3.202999999999999847e+00,1.694837116955938683e+01
3.204000000000000181e+00,1.691428760956573285e+01
3.205000000000000071e+00,1.694621385453267948e+01
3.205999999999999961e+00,1.695681075725491738e+01
3.206999999999999851e+00,1.694698777008061796e+01
3.208000000000000185e+00,1.697732741558334268e+01
3.209000000000000075e+00,1.699674177750234350e+01
3.209999999999999964e+00,1.701487402882421662e+01
3.210999999999999854e+00,1.691590950858568831e+01
3.212000000000000188e+00,1.696945228477473222e+01
3.213000000000000078e+00,1.702236491188162049e+01
3.213999999999999968e+00,1.695774794806644081e+01
3.214999999999999858e+00,1.694342397040761128e+01
3.216000000000000192e+00,1.687945716052451672e+01
3.217000000000000082e+00,1.697672519808262948e+01
3.217999999999999972e+00,1.698728532795431079e+01
3.218999999999999861e+00,1.697121765398737736e+01
3.220000000000000195e+00,1.695032370223788121e+01
3.221000000000000085e+00,1.691774063937332784e+01
3.221999999999999975e+00,1.691242817093086614e+01
3.222999999999999865e+00,1.692357026147526611e+01
3.224000000000000199e+00,1.697335582638433849e+01
3.225000000000000089e+00,1.693030124298257633e+01
3.225999999999999979e+00,1.701818604722609152e+01
3.226999999999999869e+00,1.699954169213843258e+01
3.228000000000000203e+00,1.694974070445437775e+01
3.229000000000000092e+00,1.700380652314580487e+01
3.229999999999999982e+00,1.693382372234334099e+01
3.230999999999999872e+00,1.699195770217261980e+01
3.232000000000000206e+00,1.694841453293854983e+01
3.233000000000000096e+00,1.701205693762743820e+01
3.233999999999999986e+00,1.700696390417967407e+01
3.234999999999999876e+00,1.691251466669131531e+01
3.236000000000000210e+00,1.702465248255353103e+01
3.237000000000000099e+00,1.694587212406657528e+01
3.237999999999999989e+00,1.692508252482043218e+01
3.238999999999999879e+00,1.698088569378521129e+01
3.240000000000000213e+00,1.698073889756831534e+01
3.241000000000000103e+00,1.701020845833988560e+01
3.241999999999999993e+00,1.697892110573962299e+01
3.242999999999999883e+00,1.705714738627202820e+01
3.244000000000000217e+00,1.699515365039733084e+01
3.245000000000000107e+00,1.701740729067731195e+01
3.245999999999999996e+00,1.696803540192130555e+01
3.246999999999999886e+00,1.701195384168786617e+01
3.248000000000000220e+00,1.697497656369057850e+01
3.249000000000000110e+00,1.699820177666016008e+01
3.250000000000000000e+00,1.693627201388503778e+01
3.250999999999999890e+00,1.697437121622238365e+01
3.251999999999999780e+00,1.701491739016094584e+01
3.253000000000000114e+00,1.700497852558978451e+01
3.254000000000000004e+00,1.696536815175715773e+01
3.254999999999999893e+00,1.692918496001311368e+01
3.255999999999999783e+00,1.700948706688303247e+01
3.257000000000000117e+00,1.696992529005247974e+01
3.258000000000000007e+00,1.692091353970089784e+01
3.258999999999999897e+00,1.691121932684808016e+01
3.259999999999999787e+00,1.698108881544347426e+01
3.261000000000000121e+00,1.694898973441587486e+01
3.262000000000000011e+00,1.697400374418782931e+01
3.262999999999999901e+00,1.695455910991605464e+01
3.263999999999999790e+00,1.694618115596214025e+01
3.265000000000000124e+00,1.690389048066015576e+01
3.266000000000000014e+00,1.698418865972059422e+01
3.266999999999999904e+00,1.698797213174017884e+01
3.267999999999999794e+00,1.697605088414187335e+01
3.269000000000000128e+00,1.701946991777780482e+01
3.270000000000000018e+00,1.696039414041450399e+01
3.270999999999999908e+00,1.698340782513578517e+01
3.271999999999999797e+00,1.697838594900704834e+01
3.273000000000000131e+00,1.697713541056432618e+01
3.274000000000000021e+00,1.703175783974419844e+01
3.274999999999999911e+00,1.703009642677950808e+01
3.275999999999999801e+00,1.699924990751636855e+01
3.277000000000000135e+00,1.703929068308611505e+01
3.278000000000000025e+00,1.695239731433179031e+01
3.278999999999999915e+00,1.696930762688734973e+01
3.279999999999999805e+00,1.699327024084069393e+01
3.281000000000000139e+00,1.698878066479604243e+01
3.282000000000000028e+00,1.697279911889107851e+01
3.282999999999999918e+00,1.698297551238600178e+01
3.283999999999999808e+00,1.708089078037200892e+01
3.285000000000000142e+00,1.693537552855148576e+01
3.286000000000000032e+00,1.698440045006913124e+01
3.286999999999999922e+00,1.693771397064977791e+01
3.287999999999999812e+00,1.701787445233309981e+01
3.289000000000000146e+00,1.700353787841234521e+01
3.290000000000000036e+00,1.700832369815820044e+01
3.290999999999999925e+00,1.698980198541958941e+01
3.291999999999999815e+00,1.702887346390621559e+01
3.293000000000000149e+00,1.702121201670429684e+01
3.294000000000000039e+00,1.697676801665646806e+01
3.294999999999999929e+00,1.696323815631291865e+01
3.295999999999999819e+00,1.696798106778068416e+01
3.297000000000000153e+00,1.697650372726684509e+01
3.298000000000000043e+00,1.689715263744098550e+01
3.298999999999999932e+00,1.695097586155356595e+01
3.299999999999999822e+00,1.698680075279778734e+01
3.301000000000000156e+00,1.690464726859420352e+01
3.302000000000000046e+00,1.697048310498509949e+01
3.302999999999999936e+00,1.691998569979757150e+01
3.303999999999999826e+00,1.689915942477213662e+01
3.305000000000000160e+00,1.694431538099091483e+01
3.306000000000000050e+00,1.685881007663620323e+01
3.306999999999999940e+00,1.688799148455793286e+01
3.307999999999999829e+00,1.692749332913244587e+01
3.309000000000000163e+00,1.692143919710836641e+01
3.310000000000000053e+00,1.698153589065694291e+01
3.310999999999999943e+00,1.691258558999289008e+01
3.311999999999999833e+00,1.690152800370568897e+01
3.313000000000000167e+00,1.693301502005894932e+01
3.314000000000000057e+00,1.693650637841000872e+01
3.314999999999999947e+00,1.690097811427304819e+01
3.315999999999999837e+00,1.684355510140465384e+01
3.317000000000000171e+00,1.689966667508938514e+01
3.318000000000000060e+00,1.691289962919561063e+01
3.318999999999999950e+00,1.695692427568873484e+01
3.319999999999999840e+00,1.693494964457428154e+01
3.321000000000000174e+00,1.698019252432391468e+01
3.322000000000000064e+00,1.702905363169818287e+01
3.322999999999999954e+00,1.697615303835888056e+01
3.323999999999999844e+00,1.693655294587787807e+01
3.325000000000000178e+00,1.697499824723117712e+01
3.326000000000000068e+00,1.693885927111457335e+01
3.326999999999999957e+00,1.691299315429105476e+01
3.327999999999999847e+00,1.693600616613612431e+01
3.329000000000000181e+00,1.699151797091092675e+01
3.330000000000000071e+00,1.687874890068217582e+01
3.330999999999999961e+00,1.693324500287701184e+01
3.331999999999999851e+00,1.691830616704128687e+01
3.333000000000000185e+00,1.696780082923418220e+01
3.334000000000000075e+00,1.697983883087572821e+01
3.334999999999999964e+00,1.701479105971082006e+01
3.335999999999999854e+00,1.698693976983163623e+01
3.337000000000000188e+00,1.698061496961757655e+01
3.338000000000000078e+00,1.692879965261388264e+01
3.338999999999999968e+00,1.696500663893440830e+01
3.339999999999999858e+00,1.705708095859328566e+01
3.341000000000000192e+00,1.690021651795759894e+01
3.342000000000000082e+00,1.693213861068477044e+01
3.342999999999999972e+00,1.688607237415785534e+01
3.343999999999999861e+00,1.694083411142706908e+01
3.345000000000000195e+00,1.695188242561856384e+01
3.346000000000000085e+00,1.693535481225790917e+01
3.346999999999999975e+00,1.698587189699206235e+01
3.347999999999999865e+00,1.688235076981250771e+01
3.349000000000000199e+00,1.689268369901323297e+01
3.350000000000000089e+00,1.693074875878832586e+01
3.350999999999999979e+00,1.696824710768062516e+01
3.351999999999999869e+00,1.697522092804273441e+01
3.353000000000000203e+00,1.695704266105755664e+01
3.354000000000000092e+00,1.697010887571817861e+01
3.354999999999999982e+00,1.694562889548598861e+01
3.355999999999999872e+00,1.699052794022189516e+01
3.357000000000000206e+00,1.693910317161369150e+01
3.358000000000000096e+00,1.702582048892191224e+01
3.358999999999999986e+00,1.699067608734054957e+01
3.359999999999999876e+00,1.691450482919799114e+01
3.361000000000000210e+00,1.695609828596432322e+01
3.362000000000000099e+00,1.696404083780507577e+01
3.362999999999999989e+00,1.693889486992579663e+01
3.363999999999999879e+00,1.692942291424684598e+01
3.365000000000000213e+00,1.693362451382386524e+01
3.366000000000000103e+00,1.690159152791810016e+01
3.366999999999999993e+00,1.687420167781301217e+01
3.367999999999999883e+00,1.691594698154877818e+01
3.369000000000000217e+00,1.689360336728085343e+01
3.370000000000000107e+00,1.699049656997416591e+01
3.370999999999999996e+00,1.688736990933380611e+01
3.371999999999999886e+00,1.692730387103754808e+01
3.373000000000000220e+00,1.695305811743443059e+01
3.374000000000000110e+00,1.692927830269241340e+01
3.375000000000000000e+00,1.698556397236843907e+01
3.375999999999999890e+00,1.693313527094441895e+01
3.376999999999999780e+00,1.695798816903697315e+01
3.378000000000000114e+00,1.699088741766530575e+01
3.379000000000000004e+00,1.703604154062540488e+01
3.379999999999999893e+00,1.696565387064932651e+01
3.380999999999999783e+00,1.685455243315750096e+01
3.382000000000000117e+00,1.693150956632720394e+01
3.383000000000000007e+00,1.695592632432619240e+01
3.383999999999999897e+00,1.697037898210570717e+01
3.384999999999999787e+00,1.693869923712738768e+01
3.386000000000000121e+00,1.694509082996176375e+01
3.387000000000000011e+00,1.697579629863660955e+01
3.387999999999999901e+00,1.694715502274171470e+01
3.388999999999999790e+00,1.692723520893952838e+01
3.390000000000000124e+00,1.700404967913222976e+01
3.391000000000000014e+00,1.705265353212951140e+01
3.391999999999999904e+00,1.694129408224184985e+01
3.392999999999999794e+00,1.695745759332834268e+01
3.394000000000000128e+00,1.699507001522203709e+01
3.395000000000000018e+00,1.698013481016112181e+01
3.395999999999999908e+00,1.700247471983391634e+01
3.396999999999999797e+00,1.693902617367449537e+01
3.398000000000000131e+00,1.693451069029964628e+01
3.399000000000000021e+00,1.697582388452465452e+01
3.399999999999999911e+00,1.691998833789235945e+01
3.400999999999999801e+00,1.693032252435445884e+01
3.402000000000000135e+00,1.695624440125670418e+01
3.403000000000000025e+00,1.698452545442972195e+01
3.403999999999999915e+00,1.687302258349849282e+01
3.404999999999999805e+00,1.692423990260460442e+01
3.406000000000000139e+00,1.698717113159544212e+01
3.407000000000000028e+00,1.696701414064996527e+01
3.407999999999999918e+00,1.696688023971098147e+01
3.408999999999999808e+00,1.696075698529278242e+01
3.410000000000000142e+00,1.698856324720348709e+01
3.411000000000000032e+00,1.699389055188331810e+01
3.411999999999999922e+00,1.697864925875147080e+01
3.412999999999999812e+00,1.695288625603140886e+01
3.414000000000000146e+00,1.692401739048765208e+01
3.415000000000000036e+00,1.696007225197980617e+01
3.415999999999999925e+00,1.691017713065060235e+01
3.416999999999999815e+00,1.700334757712547784e+01
3.418000000000000149e+00,1.696717740108548256e+01
3.419000000000000039e+00,1.700060776661723239e+01
3.419999999999999929e+00,1.689406227459722487e+01
3.420999999999999819e+00,1.697703481713000428e+01
3.422000000000000153e+00,1.693516683254116728e+01
3.423000000000000043e+00,1.700443731139648662e+01
3.423999999999999932e+00,1.700825873407482902e+01
3.424999999999999822e+00,1.696624550331065606e+01
3.426000000000000156e+00,1.697605236827644504e+01
3.427000000000000046e+00,1.699169018233409645e+01
3.427999999999999936e+00,1.691775018783921070e+01
3.428999999999999826e+00,1.699903811697785372e+01
3.430000000000000160e+00,1.694544833187308797e+01
3.431000000000000050e+00,1.694457040177298168e+01
3.431999999999999940e+00,1.699600093653227262e+01
3.432999999999999829e+00,1.695555268705835772e+01
3.434000000000000163e+00,1.700401334316338975e+01
3.435000000000000053e+00,1.698953408263825082e+01
3.435999999999999943e+00,1.692729320871853815e+01
3.436999999999999833e+00,1.688177394688325350e+01
3.438000000000000167e+00,1.698041455718054848e+01
3.439000000000000057e+00,1.692513794513662262e+01
3.439999999999999947e+00,1.689025557648821874e+01
3.440999999999999837e+00,1.704022919203855224e+01
3.442000000000000171e+00,1.695136751154860377e+01
3.443000000000000060e+00,1.700227510012520327e+01
3.443999999999999950e+00,1.695241871302485492e+01
3.444999999999999840e+00,1.691036813144567930e+01
3.446000000000000174e+00,1.694538178273718998e+01
3.447000000000000064e+00,1.706354987896846609e+01
3.447999999999999954e+00,1.690837379631374304e+01
3.448999999999999844e+00,1.700941311748253426e+01
3.450000000000000178e+00,1.692922041595877403e+01
3.451000000000000068e+00,1.693304622063775611e+01
3.451999999999999957e+00,1.697385506847408720e+01
3.452999999999999847e+00,1.690631882293862986e+01
3.454000000000000181e+00,1.697446820811459745e+01
3.455000000000000071e+00,1.690712021494142192e+01
3.455999999999999961e+00,1.688446837631938990e+01
3.456999999999999851e+00,1.690539048352417595e+01
3.458000000000000185e+00,1.693776306604959458e+01
3.459000000000000075e+00,1.692071969344010540e+01
3.459999999999999964e+00,1.697936175121232694e+01
3.460999999999999854e+00,1.696155363955276130e+01
3.462000000000000188e+00,1.694530769077544363e+01
3.463000000000000078e+00,1.699743435358658417e+01
3.463999999999999968e+00,1.688917648515308656e+01
3.464999999999999858e+00,1.693201084108847709e+01
3.466000000000000192e+00,1.698632589987024133e+01
3.467000000000000082e+00,1.695287155380247768e+01
3.467999999999999972e+00,1.692205178007221278e+01
3.468999999999999861e+00,1.693144490504031907e+01
3.470000000000000195e+00,1.692968835537676497e+01
3.471000000000000085e+00,1.699666942065454478e+01
3.471999999999999975e+00,1.697652456412114574e+01
3.472999999999999865e+00,1.697140013650207635e+01
3.474000000000000199e+00,1.701197595961381381e+01
3.475000000000000089e+00,1.689496475417334764e+01
3.475999999999999979e+00,1.689073893148938055e+01
3.476999999999999869e+00,1.696545090407020595e+01
3.478000000000000203e+00,1.695956525314711172e+01
3.479000000000000092e+00,1.700563663925255753e+01
3.479999999999999982e+00,1.698859366319329567e+01
3.480999999999999872e+00,1.697547316479760227e+01
3.482000000000000206e+00,1.695470256579901758e+01
3.483000000000000096e+00,1.696146055943306052e+01
3.483999999999999986e+00,1.695879268027518094e+01
3.484999999999999876e+00,1.691686167693124432e+01
3.486000000000000210e+00,1.695567756883863098e+01
3.487000000000000099e+00,1.698903255952144420e+01
3.487999999999999989e+00,1.698388361161035931e+01
3.488999999999999879e+00,1.695959139913412628e+01
3.490000000000000213e+00,1.697277197223049328e+01
3.491000000000000103e+00,1.693620646638443006e+01
3.491999999999999993e+00,1.698045346413231371e+01
3.492999999999999883e+00,1.692541425633099195e+01
3.494000000000000217e+00,1.698551107972068408e+01
3.495000000000000107e+00,1.698054230478603088e+01
3.495999999999999996e+00,1.693244883946281831e+01
3.496999999999999886e+00,1.693796196157762068e+01
3.498000000000000220e+00,1.695674147917150520e+01
3.499000000000000110e+00,1.692158189675572544e+01
3.500000000000000000e+00,1.696120212543463879e+01
3.500999999999999890e+00,1.695546302305031716e+01
3.501999999999999780e+00,1.689860968942645414e+01
3.503000000000000114e+00,1.697774431128643258e+01
3.504000000000000004e+00,1.700585100646066294e+01
3.504999999999999893e+00,1.702561021760741866e+01
3.505999999999999783e+00,1.698458526975821314e+01
3.507000000000000117e+00,1.696307179086426586e+01
3.508000000000000007e+00,1.700609683578099407e+01
3.508999999999999897e+00,1.703822795645177379e+01
3.509999999999999787e+00,1.705230760804001733e+01
3.511000000000000121e+00,1.700813994432345666e+01
3.512000000000000011e+00,1.701163805610153190e+01
3.512999999999999901e+00,1.697990371296580037e+01
3.513999999999999790e+00,1.703303703669910618e+01
3.515000000000000124e+00,1.703389072960166573e+01
3.516000000000000014e+00,1.700212076957947360e+01
3.516999999999999904e+00,1.697377675291912524e+01
3.517999999999999794e+00,1.702441871398628948e+01
3.519000000000000128e+00,1.703585247232368971e+01
3.520000000000000018e+00,1.705753687319363721e+01
3.520999999999999908e+00,1.697997102498550248e+01
3.521999999999999797e+00,1.691022242525499664e+01
3.523000000000000131e+00,1.702124823903469064e+01
3.524000000000000021e+00,1.689623223091835058e+01
3.524999999999999911e+00,1.690010211867145529e+01
3.525999999999999801e+00,1.701677784948143568e+01
3.527000000000000135e+00,1.697483877655293583e+01
3.528000000000000025e+00,1.698403554095716217e+01
3.528999999999999915e+00,1.691627641067866250e+01
3.529999999999999805e+00,1.699451469100662848e+01
3.531000000000000139e+00,1.698867692311449673e+01
3.532000000000000028e+00,1.689551551833333320e+01
3.532999999999999918e+00,1.696677858368614267e+01
3.533999999999999808e+00,1.698220594288140717e+01
3.535000000000000142e+00,1.691434672417603835e+01
3.536000000000000032e+00,1.692604165927173554e+01
3.536999999999999922e+00,1.687949879730934555e+01
3.537999999999999812e+00,1.694022172308783780e+01
3.539000000000000146e+00,1.693407350575527914e+01
3.540000000000000036e+00,1.698423578426673330e+01
3.540999999999999925e+00,1.689150490919617909e+01
3.541999999999999815e+00,1.694931308068585452e+01
3.543000000000000149e+00,1.694260693261179895e+01
3.544000000000000039e+00,1.692556348758418139e+01
3.544999999999999929e+00,1.696142448167679007e+01
3.545999999999999819e+00,1.694005094868333927e+01
3.547000000000000153e+00,1.691759606423298834e+01
3.548000000000000043e+00,1.694000009582537913e+01
3.548999999999999932e+00,1.696818860384284378e+01
3.549999999999999822e+00,1.694584181455325833e+01
3.551000000000000156e+00,1.700270864631270484e+01
3.552000000000000046e+00,1.702912776313009502e+01
3.552999999999999936e+00,1.695691523319465688e+01
3.553999999999999826e+00,1.698110925185835285e+01
3.555000000000000160e+00,1.698612271337358237e+01
3.556000000000000050e+00,1.697530802915677128e+01
3.556999999999999940e+00,1.699598743910579302e+01
3.557999999999999829e+00,1.691149047279298046e+01
3.559000000000000163e+00,1.696359140995776471e+01
3.560000000000000053e+00,1.693499921700830058e+01
3.560999999999999943e+00,1.697102592207934180e+01
3.561999999999999833e+00,1.693880177233247153e+01
3.563000000000000167e+00,1.693951736658696561e+01
3.564000000000000057e+00,1.697682794110610871e+01
3.564999999999999947e+00,1.699106714937965634e+01
3.565999999999999837e+00,1.701012335966025901e+01
3.567000000000000171e+00,1.699010040598321680e+01
3.568000000000000060e+00,1.696778971601872144e+01
3.568999999999999950e+00,1.697212193936528735e+01
3.569999999999999840e+00,1.698777483442486513e+01
3.571000000000000174e+00,1.696691532997612128e+01
3.572000000000000064e+00,1.696934159651396357e+01
3.572999999999999954e+00,1.695386838093152093e+01
3.573999999999999844e+00,1.689418584527249578e+01
3.575000000000000178e+00,1.694127389109414494e+01
3.576000000000000068e+00,1.692090565796247503e+01
3.576999999999999957e+00,1.696224082692843993e+01
3.577999999999999847e+00,1.695011159122354982e+01
3.579000000000000181e+00,1.696586307108098168e+01
3.580000000000000071e+00,1.688800679236819846e+01
3.580999999999999961e+00,1.697217131984729477e+01
3.581999999999999851e+00,1.689105263246863586e+01
3.583000000000000185e+00,1.691838491575214576e+01
3.584000000000000075e+00,1.695652129148274767e+01
3.584999999999999964e+00,1.693235919407422330e+01
3.585999999999999854e+00,1.693247172965587311e+01
3.587000000000000188e+00,1.693073279921526009e+01
3.588000000000000078e+00,1.694247655307855638e+01
3.588999999999999968e+00,1.696628743927387362e+01
3.589999999999999858e+00,1.697340090827562520e+01
3.591000000000000192e+00,1.696815889580668113e+01
3.592000000000000082e+00,1.701012612805498847e+01
3.592999999999999972e+00,1.696428326790568164e+01
3.593999999999999861e+00,1.699323544279695497e+01
3.595000000000000195e+00,1.695612892832122043e+01
3.596000000000000085e+00,1.696079717839964118e+01
3.596999999999999975e+00,1.700872205717775998e+01
3.597999999999999865e+00,1.697568795075038750e+01
3.599000000000000199e+00,1.700634561373946241e+01
3.600000000000000089e+00,1.696207617861309203e+01
3.600999999999999979e+00,1.704358414749191297e+01
3.601999999999999869e+00,1.703605412725164214e+01
3.603000000000000203e+00,1.700618972108668459e+01
3.604000000000000092e+00,1.701814794062616087e+01
3.604999999999999982e+00,1.699127041947843608e+01
3.605999999999999872e+00,1.701116159693811625e+01
3.607000000000000206e+00,1.694385586384730047e+01
3.608000000000000096e+00,1.691586994003930045e+01
3.608999999999999986e+00,1.694510714728463441e+01
3.609999999999999876e+00,1.700059323677380263e+01
3.611000000000000210e+00,1.701937386366892468e+01
3.612000000000000099e+00,1.698250807389023720e+01
3.612999999999999989e+00,1.699137403895975496e+01
3.613999999999999879e+00,1.698274683400332208e+01
3.615000000000000213e+00,1.695511912871971916e+01
3.616000000000000103e+00,1.696840371647160239e+01
3.616999999999999993e+00,1.699665533116427341e+01
3.617999999999999883e+00,1.697931014667459237e+01
3.619000000000000217e+00,1.698599771487403842e+01
3.620000000000000107e+00,1.689116861278792214e+01
3.620999999999999996e+00,1.692472571427247630e+01
3.621999999999999886e+00,1.697273352710809746e+01
3.623000000000000220e+00,1.693375038582295389e+01
3.624000000000000110e+00,1.698165002311363381e+01
3.625000000000000000e+00,1.696548171786865922e+01
3.625999999999999890e+00,1.695700115834425503e+01
3.626999999999999780e+00,1.688024616388457133e+01
3.628000000000000114e+00,1.702206766143460115e+01
3.629000000000000004e+00,1.692570903981375707e+01
3.629999999999999893e+00,1.703203743919299029e+01
3.630999999999999783e+00,1.697723370076764837e+01
3.632000000000000117e+00,1.703424090042850025e+01
3.633000000000000007e+00,1.713371195996423779e+01
3.633999999999999897e+00,1.711850221972002828e+01
3.634999999999999787e+00,1.706006811832987324e+01
3.636000000000000121e+00,1.710483662972468721e+01
3.637000000000000011e+00,1.700829596565965574e+01
3.637999999999999901e+00,1.701746942427269005e+01
3.638999999999999790e+00,1.705754344977198045e+01
3.640000000000000124e+00,1.705708628406916816e+01
3.641000000000000014e+00,1.705574095105443178e+01
3.641999999999999904e+00,1.704116494971955476e+01
3.642999999999999794e+00,1.711659871778731556e+01
3.644000000000000128e+00,1.704163906828262398e+01
3.645000000000000018e+00,1.703274021459714760e+01
3.645999999999999908e+00,1.702123181176218480e+01
3.646999999999999797e+00,1.696090777412136674e+01
3.648000000000000131e+00,1.698382505999112979e+01
3.649000000000000021e+00,1.696083299003331035e+01
3.649999999999999911e+00,1.694921762990426828e+01
3.650999999999999801e+00,1.695006565754306394e+01
3.652000000000000135e+00,1.700235410213864640e+01
3.653000000000000025e+00,1.702545214062595846e+01
3.653999999999999915e+00,1.709841876396323812e+01
3.654999999999999805e+00,1.701653575984146372e+01
3.656000000000000139e+00,1.696386474185651139e+01
3.657000000000000028e+00,1.699698794003136015e+01
3.657999999999999918e+00,1.702071920877195055e+01
3.658999999999999808e+00,1.702791601287358247e+01
3.660000000000000142e+00,1.703397284862647965e+01
3.661000000000000032e+00,1.698470172204643802e+01
3.661999999999999922e+00,1.701174553171967574e+01
3.662999999999999812e+00,1.700407545631117756e+01
3.664000000000000146e+00,1.705812785231875495e+01
3.665000000000000036e+00,1.699794592466965071e+01
3.665999999999999925e+00,1.706569172539669665e+01
3.666999999999999815e+00,1.702225045729671749e+01
3.668000000000000149e+00,1.705623518209104716e+01
3.669000000000000039e+00,1.697773859693850440e+01
3.669999999999999929e+00,1.699520264314897133e+01
3.670999999999999819e+00,1.692648386333159749e+01
3.672000000000000153e+00,1.699586703888622452e+01
3.673000000000000043e+00,1.695988768747499975e+01
3.673999999999999932e+00,1.700381134084137713e+01
3.674999999999999822e+00,1.695002504425178813e+01
3.676000000000000156e+00,1.693445938287052499e+01
3.677000000000000046e+00,1.693436191383988287e+01
3.677999999999999936e+00,1.697411412861643853e+01
3.678999999999999826e+00,1.700451330931476690e+01
3.680000000000000160e+00,1.698336077830351698e+01
3.681000000000000050e+00,1.699987139084267085e+01
3.681999999999999940e+00,1.693831457068310442e+01
3.682999999999999829e+00,1.694222337728668748e+01
3.684000000000000163e+00,1.695102273746808308e+01
3.685000000000000053e+00,1.694074904451707653e+01
3.685999999999999943e+00,1.695726670047433871e+01
3.686999999999999833e+00,1.695664357167586545e+01
3.688000000000000167e+00,1.696515227171073192e+01
3.689000000000000057e+00,1.693662311290243139e+01
3.689999999999999947e+00,1.688179319319523586e+01
3.690999999999999837e+00,1.691402635838718282e+01
3.692000000000000171e+00,1.691724602601220084e+01
3.693000000000000060e+00,1.691003613224806656e+01
3.693999999999999950e+00,1.694348153392181899e+01
3.694999999999999840e+00,1.695020293447310777e+01
3.696000000000000174e+00,1.691743616331610056e+01
3.697000000000000064e+00,1.693516169869724663e+01
3.697999999999999954e+00,1.702613450742724410e+01
3.698999999999999844e+00,1.699649341934268421e+01
3.700000000000000178e+00,1.696336495715182480e+01
3.701000000000000068e+00,1.700520257463174545e+01
3.701999999999999957e+00,1.698588979921392195e+01
3.702999999999999847e+00,1.696478665446280587e+01
3.704000000000000181e+00,1.701522269376733476e+01
3.705000000000000071e+00,1.699905477699999068e+01
3.705999999999999961e+00,1.696588847115996757e+01
3.706999999999999851e+00,1.695687712397006308e+01
3.708000000000000185e+00,1.705518132432079526e+01
3.709000000000000075e+00,1.694836351277705688e+01
3.709999999999999964e+00,1.695045498051778310e+01
3.710999999999999854e+00,1.697308218092232224e+01
3.712000000000000188e+00,1.692328877978572521e+01
3.713000000000000078e+00,1.701273442581192086e+01
3.713999999999999968e+00,1.700035475994220135e+01
3.714999999999999858e+00,1.696303771526786619e+01
3.716000000000000192e+00,1.702893521389797016e+01
3.717000000000000082e+00,1.694204850783108540e+01
3.717999999999999972e+00,1.693184809067414776e+01
3.718999999999999861e+00,1.698659472523490876e+01
3.720000000000000195e+00,1.695953728432109031e+01
3.721000000000000085e+00,1.700209056403997110e+01
3.721999999999999975e+00,1.700309083821133171e+01
3.722999999999999865e+00,1.694617888666762084e+01
3.724000000000000199e+00,1.698848356068775090e+01
3.725000000000000089e+00,1.693226664741836274e+01
3.725999999999999979e+00,1.697869954073692256e+01
3.726999999999999869e+00,1.699931845450516477e+01
3.728000000000000203e+00,1.704108161691600998e+01
3.729000000000000092e+00,1.699127463301540431e+01
3.729999999999999982e+00,1.690094411901598193e+01
3.730999999999999872e+00,1.696275555084964992e+01
3.732000000000000206e+00,1.704012928467780341e+01
3.733000000000000096e+00,1.699246485019071429e+01
3.733999999999999986e+00,1.699085954255041031e+01
3.734999999999999876e+00,1.704314683599747937e+01
3.736000000000000210e+00,1.695933877301940029e+01
3.737000000000000099e+00,1.698084843081956308e+01
3.737999999999999989e+00,1.699250287045489571e+01
3.738999999999999879e+00,1.701280252438300877e+01
3.740000000000000213e+00,1.703369401494827784e+01
3.741000000000000103e+00,1.697618716494508817e+01
3.741999999999999993e+00,1.698994349950628902e+01
3.742999999999999883e+00,1.698334463687616136e+01
3.744000000000000217e+00,1.708245332813096695e+01
3.745000000000000107e+00,1.698200987579522803e+01
3.745999999999999996e+00,1.702932569096118698e+01
3.746999999999999886e+00,1.700071495815199540e+01
3.748000000000000220e+00,1.705682750307364515e+01
3.749000000000000110e+00,1.703164026374712847e+01
3.750000000000000000e+00,1.701708137373658047e+01
3.750999999999999890e+00,1.705750414517427771e+01
3.751999999999999780e+00,1.697122079346784318e+01
3.753000000000000114e+00,1.703291509684590466e+01
3.754000000000000004e+00,1.697873847489220012e+01
3.754999999999999893e+00,1.706785538606806796e+01
3.755999999999999783e+00,1.699817633058483324e+01
3.757000000000000117e+00,1.705978958822178626e+01
3.758000000000000007e+00,1.707043751204359339e+01
3.758999999999999897e+00,1.702150346950598347e+01
3.759999999999999787e+00,1.702715334480817333e+01
3.761000000000000121e+00,1.699091043423960912e+01
3.762000000000000011e+00,1.706190545696864547e+01
3.762999999999999901e+00,1.707901753032750136e+01
3.763999999999999790e+00,1.706620774998464185e+01
3.765000000000000124e+00,1.703172441377856217e+01
3.766000000000000014e+00,1.712104457297403926e+01
3.766999999999999904e+00,1.705940492472342029e+01
3.767999999999999794e+00,1.711124737675182672e+01
3.769000000000000128e+00,1.706724252805063813e+01
3.770000000000000018e+00,1.712394913648127215e+01
3.770999999999999908e+00,1.717200691261469103e+01
3.771999999999999797e+00,1.709825784644553082e+01
3.773000000000000131e+00,1.704267823452654795e+01
3.774000000000000021e+00,1.703012828131359768e+01
3.774999999999999911e+00,1.704864086020586456e+01
3.775999999999999801e+00,1.706730615473015078e+01
3.777000000000000135e+00,1.706845223624117125e+01
3.778000000000000025e+00,1.711015352849185689e+01
3.778999999999999915e+00,1.714314356612489476e+01
3.779999999999999805e+00,1.706791519703005378e+01
3.781000000000000139e+00,1.705448188356631078e+01
3.782000000000000028e+00,1.706269126907723432e+01
3.782999999999999918e+00,1.703300014740004897e+01
3.783999999999999808e+00,1.708811437984343229e+01
3.785000000000000142e+00,1.711574289298307860e+01
3.786000000000000032e+00,1.705378079963792359e+01
3.786999999999999922e+00,1.705033071855541138e+01
3.787999999999999812e+00,1.708293935802515406e+01
3.789000000000000146e+00,1.707454213528895792e+01
3.790000000000000036e+00,1.703540614658981767e+01
3.790999999999999925e+00,1.706864707799674008e+01
3.791999999999999815e+00,1.712699496260153254e+01
3.793000000000000149e+00,1.720672557208741438e+01
3.794000000000000039e+00,1.716056849173776655e+01
3.794999999999999929e+00,1.711102328167731201e+01
3.795999999999999819e+00,1.714492899635719780e+01
3.797000000000000153e+00,1.706570917576965130e+01
3.798000000000000043e+00,1.708230791760619027e+01
3.798999999999999932e+00,1.714503390131921634e+01
3.799999999999999822e+00,1.707689433584651084e+01
3.801000000000000156e+00,1.713301351534126837e+01
3.802000000000000046e+00,1.706438180401726612e+01
3.802999999999999936e+00,1.700850880203539006e+01
3.803999999999999826e+00,1.703269416306319073e+01
3.805000000000000160e+00,1.711017244573408647e+01
3.806000000000000050e+00,1.699996881037602137e+01
3.806999999999999940e+00,1.702948666505961484e+01
3.807999999999999829e+00,1.706302055797257822e+01
3.809000000000000163e+00,1.707061610974865218e+01
3.810000000000000053e+00,1.709691207390812551e+01
3.810999999999999943e+00,1.704855679455393869e+01
3.811999999999999833e+00,1.710551005294378868e+01
3.813000000000000167e+00,1.710417159228435580e+01
3.814000000000000057e+00,1.712539601364518660e+01
3.814999999999999947e+00,1.705598494531780318e+01
3.815999999999999837e+00,1.711131700061447702e+01
3.817000000000000171e+00,1.710136131695298189e+01
3.818000000000000060e+00,1.705202144320238133e+01
3.818999999999999950e+00,1.706145133269780700e+01
3.819999999999999840e+00,1.707172507497280378e+01
3.821000000000000174e+00,1.706038682424751585e+01
3.822000000000000064e+00,1.708763897791981634e+01
3.822999999999999954e+00,1.708486284001343236e+01
3.823999999999999844e+00,1.706984270430579897e+01
3.825000000000000178e+00,1.703800884580133257e+01
3.826000000000000068e+00,1.699077152028288040e+01
3.826999999999999957e+00,1.697229814519127800e+01
3.827999999999999847e+00,1.704822441730443572e+01
3.829000000000000181e+00,1.704808766953280852e+01
3.830000000000000071e+00,1.710771479912932591e+01
3.830999999999999961e+00,1.701196454199861563e+01
3.831999999999999851e+00,1.696768094878564881e+01
3.833000000000000185e+00,1.703044211804751384e+01
3.834000000000000075e+00,1.702047577142846535e+01
3.834999999999999964e+00,1.704271409860158570e+01
3.835999999999999854e+00,1.702310013701875135e+01
3.837000000000000188e+00,1.705936178581036700e+01
3.838000000000000078e+00,1.699260659784305716e+01
3.838999999999999968e+00,1.704218930401437149e+01
3.839999999999999858e+00,1.704699519445630074e+01
3.841000000000000192e+00,1.700146662475839321e+01
3.842000000000000082e+00,1.701647717484325639e+01
3.842999999999999972e+00,1.701459568007000200e+01
3.843999999999999861e+00,1.697026996224799333e+01
3.845000000000000195e+00,1.700873745613710852e+01
3.846000000000000085e+00,1.706715430358092789e+01
3.846999999999999975e+00,1.697922444829523414e+01
3.847999999999999865e+00,1.696666931461686190e+01
3.849000000000000199e+00,1.703983627745911633e+01
3.850000000000000089e+00,1.696432544584926916e+01
3.850999999999999979e+00,1.698494623079637478e+01
3.851999999999999869e+00,1.703849415970945813e+01
3.853000000000000203e+00,1.694358366437202790e+01
3.854000000000000092e+00,1.699795508675091682e+01
3.854999999999999982e+00,1.691860311168701614e+01
3.855999999999999872e+00,1.693295411730480993e+01
3.857000000000000206e+00,1.697706086281456805e+01
3.858000000000000096e+00,1.686909215089374570e+01
3.858999999999999986e+00,1.693532702287506453e+01
3.859999999999999876e+00,1.693115490642383847e+01
3.861000000000000210e+00,1.696352067656982854e+01
3.862000000000000099e+00,1.691192223339872314e+01
3.862999999999999989e+00,1.697959866636345438e+01
3.863999999999999879e+00,1.700292616812361857e+01
3.865000000000000213e+00,1.698588123568153208e+01
3.866000000000000103e+00,1.691514246297883162e+01
3.866999999999999993e+00,1.700177512030829874e+01
3.867999999999999883e+00,1.694796161572035942e+01
3.869000000000000217e+00,1.695407400493671091e+01
3.870000000000000107e+00,1.698019689689242639e+01
3.870999999999999996e+00,1.692415317255505869e+01
3.871999999999999886e+00,1.699399825861411273e+01
3.873000000000000220e+00,1.704274447504493750e+01
3.874000000000000110e+00,1.704960730550124737e+01
3.875000000000000000e+00,1.703360420386397323e+01
3.875999999999999890e+00,1.704297112579915918e+01
3.876999999999999780e+00,1.704854189558256650e+01
3.878000000000000114e+00,1.707445080826802553e+01
3.879000000000000004e+00,1.695739279830584678e+01
3.879999999999999893e+00,1.701601028300337504e+01
3.880999999999999783e+00,1.702110735574721900e+01
3.882000000000000117e+00,1.700206616235531953e+01
3.883000000000000007e+00,1.698075145131731745e+01
3.883999999999999897e+00,1.701205224572393604e+01
3.884999999999999787e+00,1.702188756558603089e+01
3.886000000000000121e+00,1.702056100475898148e+01
3.887000000000000011e+00,1.702604507269381529e+01
3.887999999999999901e+00,1.703339079251997035e+01
3.888999999999999790e+00,1.702377307788121641e+01
3.890000000000000124e+00,1.701955140069741645e+01
3.891000000000000014e+00,1.697366900627788411e+01
3.891999999999999904e+00,1.705312909851948433e+01
3.892999999999999794e+00,1.701164931261272173e+01
3.894000000000000128e+00,1.704020374926093950e+01
3.895000000000000018e+00,1.700421473285263829e+01
3.895999999999999908e+00,1.700726965386807876e+01
3.896999999999999797e+00,1.700165989190536564e+01
3.898000000000000131e+00,1.709599049643655988e+01
3.899000000000000021e+00,1.702376024657551312e+01
3.899999999999999911e+00,1.695625474414519473e+01
3.900999999999999801e+00,1.698423507856688275e+01
3.902000000000000135e+00,1.702064793961994482e+01
3.903000000000000025e+00,1.697607634520704423e+01
3.903999999999999915e+00,1.698897356470580178e+01
3.904999999999999805e+00,1.697504450032541357e+01
3.906000000000000139e+00,1.698394096547057330e+01
3.907000000000000028e+00,1.694431500412365921e+01
3.907999999999999918e+00,1.696447016744355807e+01
3.908999999999999808e+00,1.688971856264286941e+01
3.910000000000000142e+00,1.701192491360702519e+01
3.911000000000000032e+00,1.698942954316795451e+01
3.911999999999999922e+00,1.700473008503506378e+01
3.912999999999999812e+00,1.685606696316766673e+01
3.914000000000000146e+00,1.695768561398124419e+01
3.915000000000000036e+00,1.693776035948408776e+01
3.915999999999999925e+00,1.698855862644318293e+01
3.916999999999999815e+00,1.697853185058076875e+01
3.918000000000000149e+00,1.701739150958484714e+01
3.919000000000000039e+00,1.691420987135636977e+01
3.919999999999999929e+00,1.690113608008835655e+01
3.920999999999999819e+00,1.692341501718205166e+01
3.922000000000000153e+00,1.694722438378223472e+01
3.923000000000000043e+00,1.696704444388615585e+01
3.923999999999999932e+00,1.695059848858151597e+01
3.924999999999999822e+00,1.697093069721551117e+01
3.926000000000000156e+00,1.689924747233504476e+01
3.927000000000000046e+00,1.696119644263593074e+01
3.927999999999999936e+00,1.696152169529359455e+01
3.928999999999999826e+00,1.691493082324010189e+01
3.930000000000000160e+00,1.691979454831392360e+01
3.931000000000000050e+00,1.691791125909675486e+01
3.931999999999999940e+00,1.701023716120752738e+01
3.932999999999999829e+00,1.696325190857245246e+01
3.934000000000000163e+00,1.698747963492419899e+01
3.935000000000000053e+00,1.697672075135663405e+01
3.935999999999999943e+00,1.696514703320244166e+01
3.936999999999999833e+00,1.702087354409212239e+01
3.938000000000000167e+00,1.699326000098558964e+01
3.939000000000000057e+00,1.697241493499986120e+01
3.939999999999999947e+00,1.697880080675609094e+01
3.940999999999999837e+00,1.698450947256528565e+01
3.942000000000000171e+00,1.699502127616722902e+01
3.943000000000000060e+00,1.695010238907859090e+01
3.943999999999999950e+00,1.695264233550931010e+01
3.944999999999999840e+00,1.692633734352735431e+01
3.946000000000000174e+00,1.703527834007524433e+01
3.947000000000000064e+00,1.699920989258154691e+01
3.947999999999999954e+00,1.694115647836183669e+01
3.948999999999999844e+00,1.700191353283913998e+01
3.950000000000000178e+00,1.702777377175684848e+01
3.951000000000000068e+00,1.698999229710232939e+01
3.951999999999999957e+00,1.695823408448702807e+01
3.952999999999999847e+00,1.694834479348541478e+01
3.954000000000000181e+00,1.701899764193315434e+01
3.955000000000000071e+00,1.702548119577572905e+01
3.955999999999999961e+00,1.694762353135600819e+01
3.956999999999999851e+00,1.691712087324941294e+01
3.958000000000000185e+00,1.698116203777037470e+01
3.959000000000000075e+00,1.696895649920593030e+01
3.959999999999999964e+00,1.696635867842039858e+01
3.960999999999999854e+00,1.701126687227460366e+01
3.962000000000000188e+00,1.699861220632310932e+01
3.963000000000000078e+00,1.704532946970920193e+01
3.963999999999999968e+00,1.699561122779844524e+01
3.964999999999999858e+00,1.699099825547519416e+01
3.966000000000000192e+00,1.707917754125593035e+01
3.967000000000000082e+00,1.700624203710871996e+01
3.967999999999999972e+00,1.696947781672416866e+01
3.968999999999999861e+00,1.695843693644118844e+01
3.970000000000000195e+00,1.690614408360902843e+01
3.971000000000000085e+00,1.692506865255651149e+01
3.971999999999999975e+00,1.697255992278574865e+01
3.972999999999999865e+00,1.696171999193834523e+01
3.974000000000000199e+00,1.691737258509686015e+01
3.975000000000000089e+00,1.698863341660526416e+01
3.975999999999999979e+00,1.694775274573941104e+01
3.976999999999999869e+00,1.696717989431397200e+01
3.978000000000000203e+00,1.699060354963268438e+01
3.979000000000000092e+00,1.687129854082882119e+01
3.979999999999999982e+00,1.700201757683559123e+01
3.980999999999999872e+00,1.692104847569830639e+01
3.982000000000000206e+00,1.695649001736124006e+01
3.983000000000000096e+00,1.687284826272957972e+01
3.983999999999999986e+00,1.694164373508554533e+01
3.984999999999999876e+00,1.697833294604697940e+01
3.986000000000000210e+00,1.697841995771723944e+01
3.987000000000000099e+00,1.692479675237410675e+01
3.987999999999999989e+00,1.690114216624347421e+01
3.988999999999999879e+00,1.692023265780617436e+01
3.990000000000000213e+00,1.697925141114933112e+01
3.991000000000000103e+00,1.692637062691590799e+01
3.991999999999999993e+00,1.694449542875139514e+01
3.992999999999999883e+00,1.691209651585090867e+01
3.994000000000000217e+00,1.694009485544717464e+01
3.995000000000000107e+00,1.693643316213732319e+01
3.995999999999999996e+00,1.695437782457006648e+01
3.996999999999999886e+00,1.693901391197569595e+01
3.998000000000000220e+00,1.695833877736592399e+01
3.999000000000000110e+00,1.693735689030208746e+01
4.000000000000000000e+00,1.697106479557611891e+01
4.001000000000000334e+00,1.695948288196693454e+01
4.001999999999999780e+00,1.696813040626057045e+01
4.003000000000000114e+00,1.696819614533458065e+01
4.003999999999999559e+00,1.696297877194236392e+01
4.004999999999999893e+00,1.693781925346562645e+01
4.006000000000000227e+00,1.702549006494205486e+01
4.006999999999999673e+00,1.695091884521802683e+01
4.008000000000000007e+00,1.699622206250721490e+01
4.009000000000000341e+00,1.698512536398218487e+01
4.009999999999999787e+00,1.703465299405002753e+01
4.011000000000000121e+00,1.698207154509124805e+01
4.011999999999999567e+00,1.703693173961336882e+01
4.012999999999999901e+00,1.697173222764259393e+01
4.014000000000000234e+00,1.692272509863307306e+01
4.014999999999999680e+00,1.699135747770139560e+01
4.016000000000000014e+00,1.696286848897982225e+01
4.017000000000000348e+00,1.700086141873943291e+01
4.017999999999999794e+00,1.698429492166444277e+01
4.019000000000000128e+00,1.699500141452393009e+01
4.019999999999999574e+00,1.702276773270146748e+01
4.020999999999999908e+00,1.691552954677747422e+01
4.022000000000000242e+00,1.692138497330300240e+01
4.022999999999999687e+00,1.692900589387440746e+01
4.024000000000000021e+00,1.695941490180702971e+01
4.025000000000000355e+00,1.693811549361696223e+01
4.025999999999999801e+00,1.702041082590792698e+01
4.027000000000000135e+00,1.694772997195993014e+01
4.027999999999999581e+00,1.703757933588899576e+01
4.028999999999999915e+00,1.696574737761223872e+01
4.030000000000000249e+00,1.694006717230739767e+01
4.030999999999999694e+00,1.690950444373632422e+01
4.032000000000000028e+00,1.695289661174527041e+01
4.033000000000000362e+00,1.698584073989982457e+01
4.033999999999999808e+00,1.694642256083545107e+01
4.035000000000000142e+00,1.692511827371610522e+01
4.035999999999999588e+00,1.699602184324967169e+01
4.036999999999999922e+00,1.698972715297178482e+01
4.038000000000000256e+00,1.689575845569378743e+01
4.038999999999999702e+00,1.698122389090151074e+01
4.040000000000000036e+00,1.703400606251329918e+01
4.041000000000000369e+00,1.700293877998148773e+01
4.041999999999999815e+00,1.694367648089852096e+01
4.043000000000000149e+00,1.698836436168037523e+01
4.043999999999999595e+00,1.691780559062597078e+01
4.044999999999999929e+00,1.701324929981861800e+01
4.046000000000000263e+00,1.698010396744165718e+01
4.046999999999999709e+00,1.702639522402515126e+01
4.048000000000000043e+00,1.694161455616072587e+01
4.049000000000000377e+00,1.700670850363457376e+01
4.049999999999999822e+00,1.693979113569259098e+01
4.051000000000000156e+00,1.694011503331945789e+01
4.051999999999999602e+00,1.694157123686594346e+01
4.052999999999999936e+00,1.693099551359836497e+01
4.054000000000000270e+00,1.695696763044612965e+01
4.054999999999999716e+00,1.693920604002030927e+01
4.056000000000000050e+00,1.697779512058206919e+01
4.057000000000000384e+00,1.701677149122193811e+01
4.057999999999999829e+00,1.692306323591182249e+01
4.059000000000000163e+00,1.695878465995483353e+01
4.059999999999999609e+00,1.700633746381873124e+01
4.060999999999999943e+00,1.697106901647967447e+01
4.062000000000000277e+00,1.697105587131209958e+01
4.062999999999999723e+00,1.698260409121675352e+01
4.064000000000000057e+00,1.703970966655256802e+01
4.065000000000000391e+00,1.698623871212000225e+01
4.065999999999999837e+00,1.698253139266957845e+01
4.067000000000000171e+00,1.699182951176836553e+01
4.067999999999999616e+00,1.694692592451109547e+01
4.068999999999999950e+00,1.697090360565324119e+01
4.070000000000000284e+00,1.693531608265813304e+01
4.070999999999999730e+00,1.702371754351654687e+01
4.072000000000000064e+00,1.696752583544589044e+01
4.073000000000000398e+00,1.695593832535056578e+01
4.073999999999999844e+00,1.699654325373674624e+01
4.075000000000000178e+00,1.695690556287512507e+01
4.075999999999999623e+00,1.695364713914808874e+01
4.076999999999999957e+00,1.693202580330244089e+01
4.078000000000000291e+00,1.693610162375847850e+01
4.078999999999999737e+00,1.694420344959659985e+01
4.080000000000000071e+00,1.696719131974502304e+01
4.081000000000000405e+00,1.698983342594580748e+01
4.081999999999999851e+00,1.694525739919339102e+01
4.083000000000000185e+00,1.702261171167223708e+01
4.083999999999999631e+00,1.695894065710227139e+01
4.084999999999999964e+00,1.693155269206653912e+01
4.086000000000000298e+00,1.693562732685754213e+01
4.086999999999999744e+00,1.692891270483417898e+01
4.088000000000000078e+00,1.694903403300260081e+01
4.089000000000000412e+00,1.694542794148373943e+01
4.089999999999999858e+00,1.689067584838828040e+01
4.091000000000000192e+00,1.691634853804185923e+01
4.091999999999999638e+00,1.692795773387241098e+01
4.092999999999999972e+00,1.691742982257327910e+01
4.094000000000000306e+00,1.690808684356859359e+01
4.094999999999999751e+00,1.697048888342676776e+01
4.096000000000000085e+00,1.698106688959483535e+01
4.097000000000000419e+00,1.693583004421175531e+01
4.097999999999999865e+00,1.699299707760855327e+01
4.099000000000000199e+00,1.695757213448527168e+01
4.099999999999999645e+00,1.697589157013661065e+01
4.100999999999999979e+00,1.702297052052879422e+01
4.102000000000000313e+00,1.707476776652648098e+01
4.102999999999999758e+00,1.692583905189707139e+01
4.104000000000000092e+00,1.698819020130788360e+01
4.105000000000000426e+00,1.695573247865793931e+01
4.105999999999999872e+00,1.692416015479711788e+01
4.107000000000000206e+00,1.692455258461751910e+01
4.107999999999999652e+00,1.698038845969198007e+01
4.108999999999999986e+00,1.696876490358867073e+01
4.110000000000000320e+00,1.693326858832537951e+01
4.110999999999999766e+00,1.700373078465488064e+01
4.112000000000000099e+00,1.702497082843069975e+01
4.113000000000000433e+00,1.699671639770900811e+01
4.113999999999999879e+00,1.700003851082313844e+01
4.115000000000000213e+00,1.700157611823953729e+01
4.115999999999999659e+00,1.697491755105290423e+01
4.116999999999999993e+00,1.700606448967733542e+01
4.118000000000000327e+00,1.697380831759159747e+01
4.118999999999999773e+00,1.697270510467835791e+01
4.120000000000000107e+00,1.695912581113233486e+01
4.121000000000000441e+00,1.695068282593495113e+01
4.121999999999999886e+00,1.693285156623147003e+01
4.123000000000000220e+00,1.690556667965266868e+01
4.123999999999999666e+00,1.693284513920209733e+01
4.125000000000000000e+00,1.695524440888499740e+01
4.126000000000000334e+00,1.696117080655533726e+01
4.126999999999999780e+00,1.695997031436431612e+01
4.128000000000000114e+00,1.699979089286452449e+01
4.128999999999999559e+00,1.693272199139802581e+01
4.129999999999999893e+00,1.696633027755633094e+01
4.131000000000000227e+00,1.694444585104958989e+01
4.131999999999999673e+00,1.697874813245787706e+01
4.133000000000000007e+00,1.700509259402851825e+01
4.134000000000000341e+00,1.689561913381924541e+01
4.134999999999999787e+00,1.689827700612725891e+01
4.136000000000000121e+00,1.694218279775570224e+01
4.136999999999999567e+00,1.693170518595078988e+01
4.137999999999999901e+00,1.698464046445499775e+01
4.139000000000000234e+00,1.686704299761431258e+01
4.139999999999999680e+00,1.694164920264310581e+01
4.141000000000000014e+00,1.689399660587606888e+01
4.142000000000000348e+00,1.691494010003617632e+01
4.142999999999999794e+00,1.692765404897759041e+01
4.144000000000000128e+00,1.690044344322263825e+01
4.144999999999999574e+00,1.692839339379969132e+01
4.145999999999999908e+00,1.696204620866858548e+01
4.147000000000000242e+00,1.698113236687718697e+01
4.147999999999999687e+00,1.688698293117705518e+01
4.149000000000000021e+00,1.697941016636211842e+01
4.150000000000000355e+00,1.695446915615302785e+01
4.150999999999999801e+00,1.686725622051903173e+01
4.152000000000000135e+00,1.691312154326254102e+01
4.152999999999999581e+00,1.689165847990178193e+01
4.153999999999999915e+00,1.688636238699462311e+01
4.155000000000000249e+00,1.689159548902519958e+01
4.155999999999999694e+00,1.694994395598326520e+01
4.157000000000000028e+00,1.690177862570356737e+01
4.158000000000000362e+00,1.690840971556737315e+01
4.158999999999999808e+00,1.686827055938250908e+01
4.160000000000000142e+00,1.687825914849618059e+01
4.160999999999999588e+00,1.690333049042539315e+01
4.161999999999999922e+00,1.688706408224028266e+01
4.163000000000000256e+00,1.687255875499171864e+01
4.163999999999999702e+00,1.681765584538303671e+01
4.165000000000000036e+00,1.693468374162400281e+01
4.166000000000000369e+00,1.691825103621117066e+01
4.166999999999999815e+00,1.687971384506212402e+01
4.168000000000000149e+00,1.688583895326783590e+01
4.168999999999999595e+00,1.693947198471020954e+01
4.169999999999999929e+00,1.691349366636723772e+01
4.171000000000000263e+00,1.687872143404261749e+01
4.171999999999999709e+00,1.692941094332475771e+01
4.173000000000000043e+00,1.686675210896339294e+01
4.174000000000000377e+00,1.689752776957385905e+01
4.174999999999999822e+00,1.687887912807921964e+01
4.176000000000000156e+00,1.692286970844166660e+01
4.176999999999999602e+00,1.690835461108085624e+01
4.177999999999999936e+00,1.686047148826753528e+01
4.179000000000000270e+00,1.689347811114989284e+01
4.179999999999999716e+00,1.686868132492883632e+01
4.181000000000000050e+00,1.690168145004923872e+01
4.182000000000000384e+00,1.694635337236973172e+01
4.182999999999999829e+00,1.691412928604546551e+01
4.184000000000000163e+00,1.696055543907443308e+01
4.184999999999999609e+00,1.693828927421940023e+01
4.185999999999999943e+00,1.694093445375599316e+01
4.187000000000000277e+00,1.697796314757957248e+01
4.187999999999999723e+00,1.690176116325284283e+01
4.189000000000000057e+00,1.692268064274518835e+01
4.190000000000000391e+00,1.693079105598951273e+01
4.190999999999999837e+00,1.691224483586733740e+01
4.192000000000000171e+00,1.686799903379730736e+01
4.192999999999999616e+00,1.696019409041635484e+01
4.193999999999999950e+00,1.693453204557944147e+01
4.195000000000000284e+00,1.691546563040132867e+01
4.195999999999999730e+00,1.695794593753426582e+01
4.197000000000000064e+00,1.693037875569237372e+01
4.198000000000000398e+00,1.691019243478550393e+01
4.198999999999999844e+00,1.694311882494830002e+01
4.200000000000000178e+00,1.691826383289415503e+01
4.200999999999999623e+00,1.689930080143231805e+01
4.201999999999999957e+00,1.692476986305079123e+01
4.203000000000000291e+00,1.695374635079430092e+01
4.203999999999999737e+00,1.692120739032047538e+01
4.205000000000000071e+00,1.693186023765129988e+01
4.206000000000000405e+00,1.688087386891015385e+01
4.206999999999999851e+00,1.693111048360058746e+01
4.208000000000000185e+00,1.691861723188457489e+01
4.208999999999999631e+00,1.691069792630414526e+01
4.209999999999999964e+00,1.683732598578814432e+01
4.211000000000000298e+00,1.686640665405048978e+01
4.211999999999999744e+00,1.691406414281175685e+01
4.213000000000000078e+00,1.684159689109218050e+01
4.214000000000000412e+00,1.681585571713785399e+01
4.214999999999999858e+00,1.690426449849286428e+01
4.216000000000000192e+00,1.688930095461125802e+01
4.216999999999999638e+00,1.694618004177150539e+01
4.217999999999999972e+00,1.689053385559681786e+01
4.219000000000000306e+00,1.688037378091017260e+01
4.219999999999999751e+00,1.691803036215955558e+01
4.221000000000000085e+00,1.694673291522861192e+01
4.222000000000000419e+00,1.695875710762565447e+01
4.222999999999999865e+00,1.703764151676053018e+01
4.224000000000000199e+00,1.695532032638829634e+01
4.224999999999999645e+00,1.690769475177757286e+01
4.225999999999999979e+00,1.689401505326812014e+01
4.227000000000000313e+00,1.686998109601654150e+01
4.227999999999999758e+00,1.698397507409401186e+01
4.229000000000000092e+00,1.699619282781561225e+01
4.230000000000000426e+00,1.695562414807979934e+01
4.230999999999999872e+00,1.695005235970659641e+01
4.232000000000000206e+00,1.695014123488206081e+01
4.232999999999999652e+00,1.694988194588061958e+01
4.233999999999999986e+00,1.700573699472972322e+01
4.235000000000000320e+00,1.698312672466627049e+01
4.235999999999999766e+00,1.698655085095584738e+01
4.237000000000000099e+00,1.695443637540842019e+01
4.238000000000000433e+00,1.692513254066152939e+01
4.238999999999999879e+00,1.694211309285041622e+01
4.240000000000000213e+00,1.694259070123970190e+01
4.240999999999999659e+00,1.696637196065861630e+01
4.241999999999999993e+00,1.700224045337802181e+01
4.243000000000000327e+00,1.701055640202079644e+01
4.243999999999999773e+00,1.704024402029788021e+01
4.245000000000000107e+00,1.697829262152221830e+01
4.246000000000000441e+00,1.696749796078991324e+01
4.246999999999999886e+00,1.697275865704853359e+01
4.248000000000000220e+00,1.698613314431168320e+01
4.248999999999999666e+00,1.690932179426708259e+01
4.250000000000000000e+00,1.690256743150107610e+01
4.251000000000000334e+00,1.700015957011263623e+01
4.251999999999999780e+00,1.699130335975799966e+01
4.253000000000000114e+00,1.699810708002983617e+01
4.253999999999999559e+00,1.707367807861621500e+01
4.254999999999999893e+00,1.698222409775453201e+01
4.256000000000000227e+00,1.701641564227538339e+01
4.256999999999999673e+00,1.702279923530064210e+01
4.258000000000000007e+00,1.704650384096373372e+01
4.259000000000000341e+00,1.699136715314788759e+01
4.259999999999999787e+00,1.699596052783431333e+01
4.261000000000000121e+00,1.698514954468613070e+01
4.261999999999999567e+00,1.697798512421738693e+01
4.262999999999999901e+00,1.702738480385164266e+01
4.264000000000000234e+00,1.694773696900560012e+01
4.264999999999999680e+00,1.706248276936764441e+01
4.266000000000000014e+00,1.701039439379152540e+01
4.267000000000000348e+00,1.693673774745766281e+01
4.267999999999999794e+00,1.696036162934045777e+01
4.269000000000000128e+00,1.694058096408153702e+01
4.269999999999999574e+00,1.694227029194568601e+01
4.270999999999999908e+00,1.698757947781266253e+01
4.272000000000000242e+00,1.691401634104235896e+01
4.272999999999999687e+00,1.693793545600198058e+01
4.274000000000000021e+00,1.692317580634623653e+01
4.275000000000000355e+00,1.691431119440975905e+01
4.275999999999999801e+00,1.693651343403938370e+01
4.277000000000000135e+00,1.690834574549954183e+01
4.277999999999999581e+00,1.697746020647574383e+01
4.278999999999999915e+00,1.687429594643270292e+01
4.280000000000000249e+00,1.693932364153898007e+01
4.280999999999999694e+00,1.690367898158363147e+01
4.282000000000000028e+00,1.698699682374416042e+01
4.283000000000000362e+00,1.690786193476162680e+01
4.283999999999999808e+00,1.698359272339082082e+01
4.285000000000000142e+00,1.693483057425375904e+01
4.285999999999999588e+00,1.694465270918997746e+01
4.286999999999999922e+00,1.691050052407835480e+01
4.288000000000000256e+00,1.693971828870511587e+01
4.288999999999999702e+00,1.690870667946478179e+01
4.290000000000000036e+00,1.695780210262918786e+01
4.291000000000000369e+00,1.699925195426898483e+01
4.291999999999999815e+00,1.693646049822628186e+01
4.293000000000000149e+00,1.695639862397314701e+01
4.293999999999999595e+00,1.689966733386604503e+01
4.294999999999999929e+00,1.690304585653452207e+01
4.296000000000000263e+00,1.693853422618082760e+01
4.296999999999999709e+00,1.701029797156904522e+01
4.298000000000000043e+00,1.692746427889535710e+01
4.299000000000000377e+00,1.694455985548501786e+01
4.299999999999999822e+00,1.696438187072864068e+01
4.301000000000000156e+00,1.694775852228141488e+01
4.301999999999999602e+00,1.701897505512826925e+01
4.302999999999999936e+00,1.697274271922031019e+01
4.304000000000000270e+00,1.691828056093001464e+01
4.304999999999999716e+00,1.692032199671195514e+01
4.306000000000000050e+00,1.694060817377520678e+01
4.307000000000000384e+00,1.692174988696158877e+01
4.307999999999999829e+00,1.693523832955184361e+01
4.309000000000000163e+00,1.689628576817351302e+01
4.309999999999999609e+00,1.693458728337408559e+01
4.310999999999999943e+00,1.687578279235680156e+01
4.312000000000000277e+00,1.692532502429879671e+01
4.312999999999999723e+00,1.687492219786011916e+01
4.314000000000000057e+00,1.690355517293246734e+01
4.315000000000000391e+00,1.684242966472760017e+01
4.315999999999999837e+00,1.692932551553609954e+01
4.317000000000000171e+00,1.693039849666815044e+01
4.317999999999999616e+00,1.692580537732301593e+01
4.318999999999999950e+00,1.696296070992016780e+01
4.320000000000000284e+00,1.697200209160638451e+01
4.320999999999999730e+00,1.696465434438987430e+01
4.322000000000000064e+00,1.689181688254948099e+01
4.323000000000000398e+00,1.696098055874954724e+01
4.323999999999999844e+00,1.698064172848138398e+01
4.325000000000000178e+00,1.695417361048768257e+01
4.325999999999999623e+00,1.691582067944833767e+01
4.326999999999999957e+00,1.691742728681707320e+01
4.328000000000000291e+00,1.696775328153837137e+01
4.328999999999999737e+00,1.694809673699202079e+01
4.330000000000000071e+00,1.692731807737426664e+01
4.331000000000000405e+00,1.694032057324549001e+01
4.331999999999999851e+00,1.693623885646445260e+01
4.333000000000000185e+00,1.692444636341130959e+01
4.333999999999999631e+00,1.699948436634748106e+01
4.334999999999999964e+00,1.695156838328185955e+01
4.336000000000000298e+00,1.695233306886508728e+01
4.336999999999999744e+00,1.701177058611514781e+01
4.338000000000000078e+00,1.693181135005630722e+01
4.339000000000000412e+00,1.687390331099645735e+01
4.339999999999999858e+00,1.696734223780174489e+01
4.341000000000000192e+00,1.692294855987849189e+01
4.341999999999999638e+00,1.693492133276760470e+01
4.342999999999999972e+00,1.702798027104508094e+01
4.344000000000000306e+00,1.691335434090533241e+01
4.344999999999999751e+00,1.699648514898338547e+01
4.346000000000000085e+00,1.696644102189689463e+01
4.347000000000000419e+00,1.697114335882624658e+01
4.347999999999999865e+00,1.691192076738516903e+01
4.349000000000000199e+00,1.703835417023027432e+01
4.349999999999999645e+00,1.696895379529313530e+01
4.350999999999999979e+00,1.696657906967884344e+01
4.352000000000000313e+00,1.693336171167934978e+01
4.352999999999999758e+00,1.695384850195958393e+01
4.354000000000000092e+00,1.688065605957773130e+01
4.355000000000000426e+00,1.689861265666341339e+01
4.355999999999999872e+00,1.696969521851401552e+01
4.357000000000000206e+00,1.696281712629979666e+01
4.357999999999999652e+00,1.697113265456789577e+01
4.358999999999999986e+00,1.700397136700860301e+01
4.360000000000000320e+00,1.698878822313766790e+01
4.360999999999999766e+00,1.693892219706314251e+01
4.362000000000000099e+00,1.694829238163415752e+01
4.363000000000000433e+00,1.695143644929650861e+01
4.363999999999999879e+00,1.686746289039326996e+01
4.365000000000000213e+00,1.694832855568847307e+01
4.365999999999999659e+00,1.698392199513745382e+01
4.366999999999999993e+00,1.693245502297330773e+01
4.368000000000000327e+00,1.695419331800092166e+01
4.368999999999999773e+00,1.687405168223117613e+01
4.370000000000000107e+00,1.694980394617316222e+01
4.371000000000000441e+00,1.695909919452440562e+01
4.371999999999999886e+00,1.693048672441107527e+01
4.373000000000000220e+00,1.684060345230516376e+01
4.373999999999999666e+00,1.683965896347012148e+01
4.375000000000000000e+00,1.696498562619959571e+01
4.376000000000000334e+00,1.694888064973981301e+01
4.376999999999999780e+00,1.706739226431392709e+01
4.378000000000000114e+00,1.690953497768295222e+01
4.378999999999999559e+00,1.698055564739058809e+01
4.379999999999999893e+00,1.690635857735905745e+01
4.381000000000000227e+00,1.689315140475041588e+01
4.381999999999999673e+00,1.688248047433889809e+01
4.383000000000000007e+00,1.689962348209791898e+01
4.384000000000000341e+00,1.694328804379519227e+01
4.384999999999999787e+00,1.689815893960360427e+01
4.386000000000000121e+00,1.696120488134889825e+01
4.386999999999999567e+00,1.689848992258248828e+01
4.387999999999999901e+00,1.695129051409609389e+01
4.389000000000000234e+00,1.688105850937009933e+01
4.389999999999999680e+00,1.688140815039070475e+01
4.391000000000000014e+00,1.692690113205293301e+01
4.392000000000000348e+00,1.686540813068339517e+01
4.392999999999999794e+00,1.695727403794963806e+01
4.394000000000000128e+00,1.687936150748769748e+01
4.394999999999999574e+00,1.694934153237215924e+01
4.395999999999999908e+00,1.691905600255826059e+01
4.397000000000000242e+00,1.689690286580219336e+01
4.397999999999999687e+00,1.688420502075832275e+01
4.399000000000000021e+00,1.688479395498713487e+01
4.400000000000000355e+00,1.693857593535706840e+01
4.400999999999999801e+00,1.687856772022550800e+01
4.402000000000000135e+00,1.698055546927370685e+01
4.402999999999999581e+00,1.693181806189465277e+01
4.403999999999999915e+00,1.689496349312213397e+01
4.405000000000000249e+00,1.691684250939033163e+01
4.405999999999999694e+00,1.687989634497535718e+01
4.407000000000000028e+00,1.693527007317470989e+01
4.408000000000000362e+00,1.698870848063165084e+01
4.408999999999999808e+00,1.689427536031678301e+01
4.410000000000000142e+00,1.693747076950369035e+01
4.410999999999999588e+00,1.699160801083568018e+01
4.411999999999999922e+00,1.693541986613326245e+01
4.413000000000000256e+00,1.699459720541738861e+01
4.413999999999999702e+00,1.694282116220545831e+01
4.415000000000000036e+00,1.692264941475838569e+01
4.416000000000000369e+00,1.691061389491181188e+01
4.416999999999999815e+00,1.696634468336706192e+01
4.418000000000000149e+00,1.694858411487107475e+01
4.418999999999999595e+00,1.690606435905411686e+01
4.419999999999999929e+00,1.699462905634216625e+01
4.421000000000000263e+00,1.696447495008428064e+01
4.421999999999999709e+00,1.699695855605192207e+01
4.423000000000000043e+00,1.687726342271723823e+01
4.424000000000000377e+00,1.689602809518768112e+01
4.424999999999999822e+00,1.699433819737837581e+01
4.426000000000000156e+00,1.691575614028021946e+01
4.426999999999999602e+00,1.692740848175193946e+01
4.427999999999999936e+00,1.693106362460322956e+01
4.429000000000000270e+00,1.697413718879537825e+01
4.429999999999999716e+00,1.699055214492443255e+01
4.431000000000000050e+00,1.691918281572676008e+01
4.432000000000000384e+00,1.697141417871020153e+01
4.432999999999999829e+00,1.700113705892917793e+01
4.434000000000000163e+00,1.696996454917266561e+01
4.434999999999999609e+00,1.694259820362164959e+01
4.435999999999999943e+00,1.691533880645998877e+01
4.437000000000000277e+00,1.692893340727294671e+01
4.437999999999999723e+00,1.691989664773691260e+01
4.439000000000000057e+00,1.690741864240159842e+01
4.440000000000000391e+00,1.695995815735121326e+01
4.440999999999999837e+00,1.693877025120886515e+01
4.442000000000000171e+00,1.692189613206644339e+01
4.442999999999999616e+00,1.693523334509832878e+01
4.443999999999999950e+00,1.695221579195289152e+01
4.445000000000000284e+00,1.703457423795629211e+01
4.445999999999999730e+00,1.694340367256686264e+01
4.447000000000000064e+00,1.698110189991790264e+01
4.448000000000000398e+00,1.700877893848680955e+01
4.448999999999999844e+00,1.700469304809688964e+01
4.450000000000000178e+00,1.697140642895908513e+01
4.450999999999999623e+00,1.702539528928247847e+01
4.451999999999999957e+00,1.700637949401016513e+01
4.453000000000000291e+00,1.699349903997972433e+01
4.453999999999999737e+00,1.696759670765209549e+01
4.455000000000000071e+00,1.696834873885482509e+01
4.456000000000000405e+00,1.700340527032738436e+01
4.456999999999999851e+00,1.702690524982568121e+01
4.458000000000000185e+00,1.704479316767011454e+01
4.458999999999999631e+00,1.706655972721360115e+01
4.459999999999999964e+00,1.703202650748691838e+01
4.461000000000000298e+00,1.700027842306233694e+01
4.461999999999999744e+00,1.707948972167337942e+01
4.463000000000000078e+00,1.704256630975005748e+01
4.464000000000000412e+00,1.703125160885621270e+01
4.464999999999999858e+00,1.702427959784076705e+01
4.466000000000000192e+00,1.698554061000076132e+01
4.466999999999999638e+00,1.698848437698088887e+01
4.467999999999999972e+00,1.702388742839451652e+01
4.469000000000000306e+00,1.694547854082205873e+01
4.469999999999999751e+00,1.699281571026125448e+01
4.471000000000000085e+00,1.700260355470714657e+01
4.472000000000000419e+00,1.699368872383044504e+01
4.472999999999999865e+00,1.697073488748753789e+01
4.474000000000000199e+00,1.705415456341068037e+01
4.474999999999999645e+00,1.697775767128190338e+01
4.475999999999999979e+00,1.702547167377949933e+01
4.477000000000000313e+00,1.704831471690303957e+01
4.477999999999999758e+00,1.706422959348454071e+01
4.479000000000000092e+00,1.698538369252758784e+01
4.480000000000000426e+00,1.699524441222852644e+01
4.480999999999999872e+00,1.700885552568808379e+01
4.482000000000000206e+00,1.702560521214071443e+01
4.482999999999999652e+00,1.698895402147962841e+01
4.483999999999999986e+00,1.697196465232985929e+01
4.485000000000000320e+00,1.697681468136203975e+01
4.485999999999999766e+00,1.705968135380894068e+01
4.487000000000000099e+00,1.699942739041238582e+01
4.488000000000000433e+00,1.696755432761770521e+01
4.488999999999999879e+00,1.702582367774431660e+01
4.490000000000000213e+00,1.695741291758632840e+01
4.490999999999999659e+00,1.699882653514990949e+01
4.491999999999999993e+00,1.699592362324577621e+01
4.493000000000000327e+00,1.698947745470077209e+01
4.493999999999999773e+00,1.696192904100146492e+01
4.495000000000000107e+00,1.703038045032707970e+01
4.496000000000000441e+00,1.704413788783978134e+01
4.496999999999999886e+00,1.700156331467876925e+01
4.498000000000000220e+00,1.699020608046579994e+01
4.498999999999999666e+00,1.702715408649193307e+01
4.500000000000000000e+00,1.700764926260223930e+01
4.501000000000000334e+00,1.699328018579306843e+01
4.501999999999999780e+00,1.698906483607533247e+01
4.503000000000000114e+00,1.701887886055496679e+01
4.503999999999999559e+00,1.706146427326792292e+01
4.504999999999999893e+00,1.696167383883700097e+01
4.506000000000000227e+00,1.697655991889894267e+01
4.506999999999999673e+00,1.700654838772722854e+01
4.508000000000000007e+00,1.696194871282590810e+01
4.509000000000000341e+00,1.694803679667692720e+01
4.509999999999999787e+00,1.699449878821474869e+01
4.511000000000000121e+00,1.706296466119627908e+01
4.511999999999999567e+00,1.701844995900187740e+01
4.512999999999999901e+00,1.700341301941611505e+01
4.514000000000000234e+00,1.701036455734955055e+01
4.514999999999999680e+00,1.704083528263292280e+01
4.516000000000000014e+00,1.696682135875340691e+01
4.517000000000000348e+00,1.700584077309576969e+01
4.517999999999999794e+00,1.702931595594666092e+01
4.519000000000000128e+00,1.704036135831490739e+01
4.519999999999999574e+00,1.697255939473636133e+01
4.520999999999999908e+00,1.704581685408025038e+01
4.522000000000000242e+00,1.698549393892090720e+01
4.522999999999999687e+00,1.701231593772000039e+01
4.524000000000000021e+00,1.704031145173677686e+01
4.525000000000000355e+00,1.698007099536832953e+01
4.525999999999999801e+00,1.702956263368790957e+01
4.527000000000000135e+00,1.691466124487462608e+01
4.527999999999999581e+00,1.698007676034341173e+01
4.528999999999999915e+00,1.701177529184140980e+01
4.530000000000000249e+00,1.700989770184041916e+01
4.530999999999999694e+00,1.699924681411845029e+01
4.532000000000000028e+00,1.696661614295436493e+01
4.533000000000000362e+00,1.703128107397679258e+01
4.533999999999999808e+00,1.695384029524946357e+01
4.535000000000000142e+00,1.702130688096309541e+01
4.535999999999999588e+00,1.704536537059169277e+01
4.536999999999999922e+00,1.707630805406562402e+01
4.538000000000000256e+00,1.701713540092701393e+01
4.538999999999999702e+00,1.706974541413526580e+01
4.540000000000000036e+00,1.702812247588355632e+01
4.541000000000000369e+00,1.702676175909025957e+01
4.541999999999999815e+00,1.699699990702858443e+01
4.543000000000000149e+00,1.697109270239869261e+01
4.543999999999999595e+00,1.701984910220821234e+01
4.544999999999999929e+00,1.700724819719347991e+01
4.546000000000000263e+00,1.700213088071996381e+01
4.546999999999999709e+00,1.702090944330631928e+01
4.548000000000000043e+00,1.703791610180748961e+01
4.549000000000000377e+00,1.694507346064274600e+01
4.549999999999999822e+00,1.696948519892277929e+01
4.551000000000000156e+00,1.704487882106712959e+01
4.551999999999999602e+00,1.693149561392063873e+01
4.552999999999999936e+00,1.698728126346174960e+01
4.554000000000000270e+00,1.702579836895925425e+01
4.554999999999999716e+00,1.696875930313183645e+01
4.556000000000000050e+00,1.698035014619913596e+01
4.557000000000000384e+00,1.699546265137971091e+01
4.557999999999999829e+00,1.696096212256025382e+01
4.559000000000000163e+00,1.697080915023352432e+01
4.559999999999999609e+00,1.701233035290712081e+01
4.560999999999999943e+00,1.699799275143437782e+01
4.562000000000000277e+00,1.698591955014073207e+01
4.562999999999999723e+00,1.702976776951930304e+01
4.564000000000000057e+00,1.696063453169128010e+01
4.565000000000000391e+00,1.692359090055221316e+01
4.565999999999999837e+00,1.700229865251997197e+01
4.567000000000000171e+00,1.699079324351973241e+01
4.567999999999999616e+00,1.693103111388943560e+01
4.568999999999999950e+00,1.692887296794960506e+01
4.570000000000000284e+00,1.689784226368978182e+01
4.570999999999999730e+00,1.698061922597506168e+01
4.572000000000000064e+00,1.698062269832890081e+01
4.573000000000000398e+00,1.699691330086779217e+01
4.573999999999999844e+00,1.697824479772115325e+01
4.575000000000000178e+00,1.699379706573523308e+01
4.575999999999999623e+00,1.703904086282337715e+01
4.576999999999999957e+00,1.690912238825573155e+01
4.578000000000000291e+00,1.695826603879253369e+01
4.578999999999999737e+00,1.692538537592020376e+01
4.580000000000000071e+00,1.694692741061989949e+01
4.581000000000000405e+00,1.687635473757010018e+01
4.581999999999999851e+00,1.693338581130677412e+01
4.583000000000000185e+00,1.695273345133873022e+01
4.583999999999999631e+00,1.693037023031121890e+01
4.584999999999999964e+00,1.694259507833799461e+01
4.586000000000000298e+00,1.699519193738320766e+01
4.586999999999999744e+00,1.700396399751992860e+01
4.588000000000000078e+00,1.700089039274612190e+01
4.589000000000000412e+00,1.703118679498751931e+01
4.589999999999999858e+00,1.700582421771979824e+01
4.591000000000000192e+00,1.695758202568143247e+01
4.591999999999999638e+00,1.701554086782192599e+01
4.592999999999999972e+00,1.697880163607713655e+01
4.594000000000000306e+00,1.702270631028563841e+01
4.594999999999999751e+00,1.701625345310332804e+01
4.596000000000000085e+00,1.703795354983719079e+01
4.597000000000000419e+00,1.702260260423063087e+01
4.597999999999999865e+00,1.704838047321138816e+01
4.599000000000000199e+00,1.700723618672613924e+01
4.599999999999999645e+00,1.698505908586678004e+01
4.600999999999999979e+00,1.703974224045153818e+01
4.602000000000000313e+00,1.704775155169994605e+01
4.602999999999999758e+00,1.697367576954410850e+01
4.604000000000000092e+00,1.699903747840198776e+01
4.605000000000000426e+00,1.701215370850432507e+01
4.605999999999999872e+00,1.697605184809834356e+01
4.607000000000000206e+00,1.700114711124747657e+01
4.607999999999999652e+00,1.696505345368753126e+01
4.608999999999999986e+00,1.702168668020097897e+01
4.610000000000000320e+00,1.697170857565005520e+01
4.610999999999999766e+00,1.697641129189873510e+01
4.612000000000000099e+00,1.700063503321738523e+01
4.613000000000000433e+00,1.694542399996332449e+01
4.613999999999999879e+00,1.701587978626376341e+01
4.615000000000000213e+00,1.697307985111525852e+01
4.615999999999999659e+00,1.702975544884224135e+01
4.616999999999999993e+00,1.702327916433179311e+01
4.618000000000000327e+00,1.702368173891643366e+01
4.618999999999999773e+00,1.701901584068205864e+01
4.620000000000000107e+00,1.696194165911481377e+01
4.621000000000000441e+00,1.704701512717098311e+01
4.621999999999999886e+00,1.696496141135065727e+01
4.623000000000000220e+00,1.692941459045248109e+01
4.623999999999999666e+00,1.698320804530333916e+01
4.625000000000000000e+00,1.698989166412998841e+01
4.626000000000000334e+00,1.697111874414537525e+01
4.626999999999999780e+00,1.700420441040722608e+01
4.628000000000000114e+00,1.695575571655759717e+01
4.628999999999999559e+00,1.697130729967274476e+01
4.629999999999999893e+00,1.697726884977138084e+01
4.631000000000000227e+00,1.700892906362825840e+01
4.631999999999999673e+00,1.698178347501564289e+01
4.633000000000000007e+00,1.696789908925057233e+01
4.634000000000000341e+00,1.695969069845609667e+01
4.634999999999999787e+00,1.699464753690386942e+01
4.636000000000000121e+00,1.696307113815746348e+01
4.636999999999999567e+00,1.697450876923878837e+01
4.637999999999999901e+00,1.694744911839902102e+01
4.639000000000000234e+00,1.691852837743551419e+01
4.639999999999999680e+00,1.697860189296248024e+01
4.641000000000000014e+00,1.688458318624093479e+01
4.642000000000000348e+00,1.694988657204107341e+01
4.642999999999999794e+00,1.694077430845262100e+01
4.644000000000000128e+00,1.691899219563868328e+01
4.644999999999999574e+00,1.689526614016551775e+01
4.645999999999999908e+00,1.694629267931163241e+01
4.647000000000000242e+00,1.695438610393783563e+01
4.647999999999999687e+00,1.692122036294178855e+01
4.649000000000000021e+00,1.688421550400460092e+01
4.650000000000000355e+00,1.693489902992397589e+01
4.650999999999999801e+00,1.694246863877631171e+01
4.652000000000000135e+00,1.698640045999454884e+01
4.652999999999999581e+00,1.703226563280125916e+01
4.653999999999999915e+00,1.694400921864301779e+01
4.655000000000000249e+00,1.699171037324246214e+01
4.655999999999999694e+00,1.694364136437077306e+01
4.657000000000000028e+00,1.699040177993669332e+01
4.658000000000000362e+00,1.692946054928901489e+01
4.658999999999999808e+00,1.700271241893076635e+01
4.660000000000000142e+00,1.700951477159244973e+01
4.660999999999999588e+00,1.698357896090497832e+01
4.661999999999999922e+00,1.698094252422773565e+01
4.663000000000000256e+00,1.700074462895058147e+01
4.663999999999999702e+00,1.692845262215421442e+01
4.665000000000000036e+00,1.695654573984931446e+01
4.666000000000000369e+00,1.694197526896704886e+01
4.666999999999999815e+00,1.693089048336387492e+01
4.668000000000000149e+00,1.699698598767394131e+01
4.668999999999999595e+00,1.695992567722948507e+01
4.669999999999999929e+00,1.697553328986142418e+01
4.671000000000000263e+00,1.694364233348655446e+01
4.671999999999999709e+00,1.698525591216388619e+01
4.673000000000000043e+00,1.699660910712073303e+01
4.674000000000000377e+00,1.698794970005384641e+01
4.674999999999999822e+00,1.696476749890702251e+01
4.676000000000000156e+00,1.700442815428406007e+01
4.676999999999999602e+00,1.692541531577108316e+01
4.677999999999999936e+00,1.692391520638996383e+01
4.679000000000000270e+00,1.697538341476291990e+01
4.679999999999999716e+00,1.698255917587735198e+01
4.681000000000000050e+00,1.694208810276541399e+01
4.682000000000000384e+00,1.695988284871886265e+01
4.682999999999999829e+00,1.697343325283378590e+01
4.684000000000000163e+00,1.694881179160936924e+01
4.684999999999999609e+00,1.696987498217345447e+01
4.685999999999999943e+00,1.700743549849806513e+01
4.687000000000000277e+00,1.692660701716987148e+01
4.687999999999999723e+00,1.694874496013495246e+01
4.689000000000000057e+00,1.695183476380407583e+01
4.690000000000000391e+00,1.700220471890752094e+01
4.690999999999999837e+00,1.696489426015890345e+01
4.692000000000000171e+00,1.702746181569917994e+01
4.692999999999999616e+00,1.694769099423285041e+01
4.693999999999999950e+00,1.698988224571793282e+01
4.695000000000000284e+00,1.708229442949151178e+01
4.695999999999999730e+00,1.701838017583068208e+01
4.697000000000000064e+00,1.700012262294176679e+01
4.698000000000000398e+00,1.698477344498073904e+01
4.698999999999999844e+00,1.698349542321166084e+01
4.700000000000000178e+00,1.696775816891231514e+01
4.700999999999999623e+00,1.703730431555523239e+01
4.701999999999999957e+00,1.702764001480922573e+01
4.703000000000000291e+00,1.691689085335046983e+01
4.703999999999999737e+00,1.697920598919428059e+01
4.705000000000000071e+00,1.696885459630576420e+01
4.706000000000000405e+00,1.691476622380852746e+01
4.706999999999999851e+00,1.697974297481679784e+01
4.708000000000000185e+00,1.694081342860822659e+01
4.708999999999999631e+00,1.696899101343771576e+01
4.709999999999999964e+00,1.699238081002536305e+01
4.711000000000000298e+00,1.696484998923339305e+01
4.711999999999999744e+00,1.697821750665308116e+01
4.713000000000000078e+00,1.694757289662092248e+01
4.714000000000000412e+00,1.693184697187446730e+01
4.714999999999999858e+00,1.693883204253650021e+01
4.716000000000000192e+00,1.690447577965884207e+01
4.716999999999999638e+00,1.689796597983824711e+01
4.717999999999999972e+00,1.691490743446588851e+01
4.719000000000000306e+00,1.696288215125188970e+01
4.719999999999999751e+00,1.696191394210336867e+01
4.721000000000000085e+00,1.692939759309714631e+01
4.722000000000000419e+00,1.694976052821744616e+01
4.722999999999999865e+00,1.693813659750099987e+01
4.724000000000000199e+00,1.691799120793213973e+01
4.724999999999999645e+00,1.692181044841490589e+01
4.725999999999999979e+00,1.692498176157904766e+01
4.727000000000000313e+00,1.693884417475258530e+01
4.727999999999999758e+00,1.695470999882115848e+01
4.729000000000000092e+00,1.698964944131106947e+01
4.730000000000000426e+00,1.691869347482115060e+01
4.730999999999999872e+00,1.695054279585839296e+01
4.732000000000000206e+00,1.688418261796025988e+01
4.732999999999999652e+00,1.698317113507911458e+01
4.733999999999999986e+00,1.696073511125540634e+01
4.735000000000000320e+00,1.693114077285489927e+01
4.735999999999999766e+00,1.694362159925102773e+01
4.737000000000000099e+00,1.699199182384709772e+01
4.738000000000000433e+00,1.693933265089044937e+01
4.738999999999999879e+00,1.692883932635203337e+01
4.740000000000000213e+00,1.690032468563491008e+01
4.740999999999999659e+00,1.697434061912631620e+01
4.741999999999999993e+00,1.698505218119062476e+01
4.743000000000000327e+00,1.696974174077606179e+01
4.743999999999999773e+00,1.689608932127716656e+01
4.745000000000000107e+00,1.692918178479963132e+01
4.746000000000000441e+00,1.698291384665330028e+01
4.746999999999999886e+00,1.690665856232980246e+01
4.748000000000000220e+00,1.691021542310561898e+01
4.748999999999999666e+00,1.693700852681873670e+01
4.750000000000000000e+00,1.693664816696258413e+01
4.751000000000000334e+00,1.691299955401321142e+01
4.751999999999999780e+00,1.688120000684855171e+01
4.753000000000000114e+00,1.691698960548301400e+01
4.753999999999999559e+00,1.692202218272999303e+01
4.754999999999999893e+00,1.698690989587822031e+01
4.756000000000000227e+00,1.692428330657547519e+01
4.756999999999999673e+00,1.695186282107457387e+01
4.758000000000000007e+00,1.697333437351409913e+01
4.759000000000000341e+00,1.685988299357024545e+01
4.759999999999999787e+00,1.696354748375263455e+01
4.761000000000000121e+00,1.695388103314114758e+01
4.761999999999999567e+00,1.696966221942437159e+01
4.762999999999999901e+00,1.693309181433926369e+01
4.764000000000000234e+00,1.695076206181244061e+01
4.764999999999999680e+00,1.689149041811378993e+01
4.766000000000000014e+00,1.694048060542971257e+01
4.767000000000000348e+00,1.687857557204478809e+01
4.767999999999999794e+00,1.686498131923521626e+01
4.769000000000000128e+00,1.693247707391551060e+01
4.769999999999999574e+00,1.699431352240453919e+01
4.770999999999999908e+00,1.693269032919739914e+01
4.772000000000000242e+00,1.692421014690400938e+01
4.772999999999999687e+00,1.694486434665657981e+01
4.774000000000000021e+00,1.691985939603095446e+01
4.775000000000000355e+00,1.693656385791849672e+01
4.775999999999999801e+00,1.697145050315586801e+01
4.777000000000000135e+00,1.696954835482520352e+01
4.777999999999999581e+00,1.692295317481285011e+01
4.778999999999999915e+00,1.689687661683063524e+01
4.780000000000000249e+00,1.697099389161290972e+01
4.780999999999999694e+00,1.692652392603541855e+01
4.782000000000000028e+00,1.689763636093639576e+01
4.783000000000000362e+00,1.697027778052804692e+01
4.783999999999999808e+00,1.690078184612517376e+01
4.785000000000000142e+00,1.695804780652153099e+01
4.785999999999999588e+00,1.700310230175872661e+01
4.786999999999999922e+00,1.695524027549626567e+01
4.788000000000000256e+00,1.693878772448247716e+01
4.788999999999999702e+00,1.696488272427437849e+01
4.790000000000000036e+00,1.690708477484412953e+01
4.791000000000000369e+00,1.696990667180540413e+01
4.791999999999999815e+00,1.698260633766631855e+01
4.793000000000000149e+00,1.696213371078934173e+01
4.793999999999999595e+00,1.700958781715520018e+01
4.794999999999999929e+00,1.704042365339270404e+01
4.796000000000000263e+00,1.707134939179332278e+01
4.796999999999999709e+00,1.697806610292455076e+01
4.798000000000000043e+00,1.695469963311623829e+01
4.799000000000000377e+00,1.692143568068077641e+01
4.799999999999999822e+00,1.701459620284180474e+01
4.801000000000000156e+00,1.700786679640923182e+01
4.801999999999999602e+00,1.702068567675942035e+01
4.802999999999999936e+00,1.692147272929456392e+01
4.804000000000000270e+00,1.704636166867697611e+01
4.804999999999999716e+00,1.704934747789553384e+01
4.806000000000000050e+00,1.697946972465911486e+01
4.807000000000000384e+00,1.699588530624820137e+01
4.807999999999999829e+00,1.696664868441455809e+01
4.809000000000000163e+00,1.701171942019586680e+01
4.809999999999999609e+00,1.694724597161614810e+01
4.810999999999999943e+00,1.696729867471978537e+01
4.812000000000000277e+00,1.707334232823250630e+01
4.812999999999999723e+00,1.703989832139613725e+01
4.814000000000000057e+00,1.700362936319524820e+01
4.815000000000000391e+00,1.701342583876720127e+01
4.815999999999999837e+00,1.704095813436366669e+01
4.817000000000000171e+00,1.701841597726878419e+01
4.817999999999999616e+00,1.699191454535306534e+01
4.818999999999999950e+00,1.700622605349697025e+01
4.820000000000000284e+00,1.699164554370922531e+01
4.820999999999999730e+00,1.702701238572497644e+01
4.822000000000000064e+00,1.704703842525769630e+01
4.823000000000000398e+00,1.706278544639158667e+01
4.823999999999999844e+00,1.699680691963989076e+01
4.825000000000000178e+00,1.699473851174906969e+01
4.825999999999999623e+00,1.705850382323050596e+01
4.826999999999999957e+00,1.701569338407182741e+01
4.828000000000000291e+00,1.690948251626705812e+01
4.828999999999999737e+00,1.703051306360103823e+01
4.830000000000000071e+00,1.704882590037343348e+01
4.831000000000000405e+00,1.699496496061977524e+01
4.831999999999999851e+00,1.700390468623029250e+01
4.833000000000000185e+00,1.696689385147800522e+01
4.833999999999999631e+00,1.698946298390200482e+01
4.834999999999999964e+00,1.698175190568047555e+01
4.836000000000000298e+00,1.697144492818621586e+01
4.836999999999999744e+00,1.697248895156695170e+01
4.838000000000000078e+00,1.698403366051162067e+01
4.839000000000000412e+00,1.700716479484960786e+01
4.839999999999999858e+00,1.698191848376249524e+01
4.841000000000000192e+00,1.700313287432904730e+01
4.841999999999999638e+00,1.702500236033686676e+01
4.842999999999999972e+00,1.704730325099811949e+01
4.844000000000000306e+00,1.702302174769367937e+01
4.844999999999999751e+00,1.699246016554290506e+01
4.846000000000000085e+00,1.700892671602299799e+01
4.847000000000000419e+00,1.695377238379245810e+01
4.847999999999999865e+00,1.701003037551251751e+01
4.849000000000000199e+00,1.701753218865072981e+01
4.849999999999999645e+00,1.694034130149290363e+01
4.850999999999999979e+00,1.695596775064398187e+01
4.852000000000000313e+00,1.699183965475608105e+01
4.852999999999999758e+00,1.700783156080235514e+01
4.854000000000000092e+00,1.701920978480413282e+01
4.855000000000000426e+00,1.698129801249044490e+01
4.855999999999999872e+00,1.696602032076133071e+01
4.857000000000000206e+00,1.700232655625453759e+01
4.857999999999999652e+00,1.700351194257658349e+01
4.858999999999999986e+00,1.705545327641752351e+01
4.860000000000000320e+00,1.702841382804017911e+01
4.860999999999999766e+00,1.704526229091964851e+01
4.862000000000000099e+00,1.702722462279871252e+01
4.863000000000000433e+00,1.702916198411400828e+01
4.863999999999999879e+00,1.705534867335322247e+01
4.865000000000000213e+00,1.706088313206200979e+01
4.865999999999999659e+00,1.705319051825039622e+01
4.866999999999999993e+00,1.705506521945905973e+01
4.868000000000000327e+00,1.702454879340228189e+01
4.868999999999999773e+00,1.703601992732366099e+01
4.870000000000000107e+00,1.699957185014353556e+01
4.871000000000000441e+00,1.696567268131299500e+01
4.871999999999999886e+00,1.693176749347587062e+01
4.873000000000000220e+00,1.707005966447749401e+01
4.873999999999999666e+00,1.697480191288922668e+01
4.875000000000000000e+00,1.698420432673604452e+01
4.876000000000000334e+00,1.697992557116196366e+01
4.876999999999999780e+00,1.698522658689317311e+01
4.878000000000000114e+00,1.695150382209052964e+01
4.878999999999999559e+00,1.695496491384559690e+01
4.879999999999999893e+00,1.696692492451488476e+01
4.881000000000000227e+00,1.695384738109313005e+01
4.881999999999999673e+00,1.693691120147341422e+01
4.883000000000000007e+00,1.699867256384859004e+01
4.884000000000000341e+00,1.691986566667939584e+01
4.884999999999999787e+00,1.697511904843116426e+01
4.886000000000000121e+00,1.697145081149557555e+01
4.886999999999999567e+00,1.702702263462912669e+01
4.887999999999999901e+00,1.691417315227774409e+01
4.889000000000000234e+00,1.696017806756740498e+01
4.889999999999999680e+00,1.694607740976664800e+01
4.891000000000000014e+00,1.699939323881134712e+01
4.892000000000000348e+00,1.695978953386846300e+01
4.892999999999999794e+00,1.692670687027145249e+01
4.894000000000000128e+00,1.699614055232640908e+01
4.894999999999999574e+00,1.696069339293337919e+01
4.895999999999999908e+00,1.698354903724071718e+01
4.897000000000000242e+00,1.697605703946247857e+01
4.897999999999999687e+00,1.694641458411610557e+01
4.899000000000000021e+00,1.696990709699563737e+01
4.900000000000000355e+00,1.703672564442803861e+01
4.900999999999999801e+00,1.699719286635770743e+01
4.902000000000000135e+00,1.704404104514007301e+01
4.902999999999999581e+00,1.696211185856348180e+01
4.903999999999999915e+00,1.701408997909825871e+01
4.905000000000000249e+00,1.695637774356018213e+01
4.905999999999999694e+00,1.698043725569331386e+01
4.907000000000000028e+00,1.688444940165994979e+01
4.908000000000000362e+00,1.696003525421696523e+01
4.908999999999999808e+00,1.688118011082748637e+01
4.910000000000000142e+00,1.694275095436294265e+01
4.910999999999999588e+00,1.697769232255952332e+01
4.911999999999999922e+00,1.694677459383385454e+01
4.913000000000000256e+00,1.698829412713518749e+01
4.913999999999999702e+00,1.703350293727892506e+01
4.915000000000000036e+00,1.707655529496221192e+01
4.916000000000000369e+00,1.706291837324841509e+01
4.916999999999999815e+00,1.701565121064847119e+01
4.918000000000000149e+00,1.697627212311865819e+01
4.918999999999999595e+00,1.692496192824949119e+01
4.919999999999999929e+00,1.694506940549631935e+01
4.921000000000000263e+00,1.691296273276158857e+01
4.921999999999999709e+00,1.690170825885161676e+01
4.923000000000000043e+00,1.689367735177314955e+01
4.924000000000000377e+00,1.691222249349711859e+01
4.924999999999999822e+00,1.696458753703002031e+01
4.926000000000000156e+00,1.696821030674983888e+01
4.926999999999999602e+00,1.695269920370483874e+01
4.927999999999999936e+00,1.687327429704561155e+01
4.929000000000000270e+00,1.692476770829402710e+01
4.929999999999999716e+00,1.693583361001780929e+01
4.931000000000000050e+00,1.687501812013410074e+01
4.932000000000000384e+00,1.694034070803235892e+01
4.932999999999999829e+00,1.689542352620743060e+01
4.934000000000000163e+00,1.691067962122457757e+01
4.934999999999999609e+00,1.695026808140895014e+01
4.935999999999999943e+00,1.697345630294454466e+01
4.937000000000000277e+00,1.697489823215575555e+01
4.937999999999999723e+00,1.699719391842279137e+01
4.939000000000000057e+00,1.692876857152074166e+01
4.940000000000000391e+00,1.693946372301708081e+01
4.940999999999999837e+00,1.695620628060760282e+01
4.942000000000000171e+00,1.688973539976075600e+01
4.942999999999999616e+00,1.696397021369178759e+01
4.943999999999999950e+00,1.693293547070227589e+01
4.945000000000000284e+00,1.695648046730335068e+01
4.945999999999999730e+00,1.697769831281302899e+01
4.947000000000000064e+00,1.695844073648774142e+01
4.948000000000000398e+00,1.704775543451878050e+01
4.948999999999999844e+00,1.697440981261633297e+01
4.950000000000000178e+00,1.683578691917134407e+01
4.950999999999999623e+00,1.691704312897036289e+01
4.951999999999999957e+00,1.692526472151373440e+01
4.953000000000000291e+00,1.692126982721715933e+01
4.953999999999999737e+00,1.697285894569284181e+01
4.955000000000000071e+00,1.699653304000305454e+01
4.956000000000000405e+00,1.690965005852104497e+01
4.956999999999999851e+00,1.689630991761086420e+01
4.958000000000000185e+00,1.696674935244476146e+01
4.958999999999999631e+00,1.690565528788109972e+01
4.959999999999999964e+00,1.693041301796932530e+01
4.961000000000000298e+00,1.690435057019642429e+01
4.961999999999999744e+00,1.692549440419151807e+01
4.963000000000000078e+00,1.696622007857903824e+01
4.964000000000000412e+00,1.694308765667189931e+01
4.964999999999999858e+00,1.704355534376578873e+01
4.966000000000000192e+00,1.697981904573275003e+01
4.966999999999999638e+00,1.696961336817065913e+01
4.967999999999999972e+00,1.695996476343395187e+01
4.969000000000000306e+00,1.699656728959506324e+01
4.969999999999999751e+00,1.697816570944442915e+01
4.971000000000000085e+00,1.699647922042636239e+01
4.972000000000000419e+00,1.696866502781375985e+01
4.972999999999999865e+00,1.702266688343708623e+01
4.974000000000000199e+00,1.696960265230704579e+01
4.974999999999999645e+00,1.708028278111541809e+01
4.975999999999999979e+00,1.703907073330342925e+01
4.977000000000000313e+00,1.700826129581336232e+01
4.977999999999999758e+00,1.697083055841541821e+01
4.979000000000000092e+00,1.709701996527701695e+01
4.980000000000000426e+00,1.706729884304292000e+01
4.980999999999999872e+00,1.703376726414424525e+01
4.982000000000000206e+00,1.702605294039589268e+01
4.982999999999999652e+00,1.695594908411326074e+01
4.983999999999999986e+00,1.700494154974485639e+01
4.985000000000000320e+00,1.697953227877007976e+01
4.985999999999999766e+00,1.697013873042061505e+01
4.987000000000000099e+00,1.693724076695972514e+01
4.988000000000000433e+00,1.701530815647831574e+01
4.988999999999999879e+00,1.696922759053122931e+01
4.990000000000000213e+00,1.694944150788096948e+01
4.990999999999999659e+00,1.699178966809554225e+01
4.991999999999999993e+00,1.701317130227310059e+01
4.993000000000000327e+00,1.702396009778464148e+01
4.993999999999999773e+00,1.701598370873447763e+01
4.995000000000000107e+00,1.701295029555220140e+01
4.996000000000000441e+00,1.708182062978409732e+01
4.996999999999999886e+00,1.701950071045060042e+01
4.998000000000000220e+00,1.696867749773912948e+01
4.998999999999999666e+00,1.701049516662999750e+01
