time_ns,rg_A
0.000000000000000000e+00,1.689904225930223092e+01
1.000000000000000021e-03,1.688627918407852135e+01
2.000000000000000042e-03,1.687215670680011925e+01
3.000000000000000062e-03,1.694715300546538117e+01
4.000000000000000083e-03,1.690836921913501811e+01
5.000000000000000104e-03,1.697041623779090003e+01
6.000000000000000125e-03,1.693390012160460856e+01
7.000000000000000146e-03,1.691951343560862142e+01
8.000000000000000167e-03,1.694597558139040316e+01
8.999999999999999320e-03,1.694742772149253796e+01
1.000000000000000021e-02,1.695579916126053277e+01
1.099999999999999936e-02,1.691230148898808494e+01
1.200000000000000025e-02,1.691707910134566362e+01
1.299999999999999940e-02,1.693257789836402338e+01
1.400000000000000029e-02,1.694301760944333779e+01
1.499999999999999944e-02,1.691183796371749182e+01
1.600000000000000033e-02,1.693232215978719779e+01
1.700000000000000122e-02,1.681212903411122639e+01
1.799999999999999864e-02,1.687132264103087564e+01
1.899999999999999953e-02,1.689130152085249748e+01
2.000000000000000042e-02,1.694529920521964783e+01
2.100000000000000130e-02,1.693981675940966269e+01
2.199999999999999872e-02,1.692740416895615141e+01
2.299999999999999961e-02,1.692271380801633640e+01
2.400000000000000050e-02,1.696321181507975240e+01
2.500000000000000139e-02,1.691854526226703115e+01
2.599999999999999881e-02,1.699333431579237796e+01
2.699999999999999969e-02,1.694950328201316481e+01
2.800000000000000058e-02,1.698846348846066334e+01
2.900000000000000147e-02,1.691393392194564882e+01
2.999999999999999889e-02,1.690294350878852825e+01
3.099999999999999978e-02,1.687081498004879876e+01
3.200000000000000067e-02,1.687945892113311430e+01
3.300000000000000155e-02,1.696826358163025361e+01
3.400000000000000244e-02,1.684913862562893883e+01
3.500000000000000333e-02,1.685050070597998939e+01
3.599999999999999728e-02,1.691770064138783525e+01
3.699999999999999817e-02,1.690547075723135251e+01
3.799999999999999906e-02,1.692070976291032380e+01
3.899999999999999994e-02,1.691549918605456782e+01
4.000000000000000083e-02,1.685350910939440183e+01
4.100000000000000172e-02,1.692451986928940855e+01
4.200000000000000261e-02,1.689026998013157765e+01
4.299999999999999656e-02,1.692100585760800158e+01
4.399999999999999745e-02,1.697232017075604915e+01
4.499999999999999833e-02,1.697631600935461904e+01
4.599999999999999922e-02,1.697294779892570205e+01
4.700000000000000011e-02,1.695473700733057498e+01
4.800000000000000100e-02,1.690776580824961783e+01
4.900000000000000189e-02,1.683744436858258098e+01
5.000000000000000278e-02,1.686901593801253796e+01
5.099999999999999672e-02,1.686607338358835051e+01
5.199999999999999761e-02,1.692401754731206154e+01
5.299999999999999850e-02,1.696176885764436193e+01
5.399999999999999939e-02,1.692037005652825599e+01
5.500000000000000028e-02,1.689804724423167670e+01
5.600000000000000117e-02,1.689528298188820443e+01
5.700000000000000205e-02,1.689532603314101067e+01
5.800000000000000294e-02,1.691780845107204811e+01
5.899999999999999689e-02,1.693847296094836707e+01
5.999999999999999778e-02,1.688701738933534813e+01
6.099999999999999867e-02,1.688541129673911811e+01
6.199999999999999956e-02,1.691309543178913799e+01
6.300000000000000044e-02,1.693847175470482114e+01
6.400000000000000133e-02,1.689457885943211579e+01
6.500000000000000222e-02,1.688054650212369978e+01
6.600000000000000311e-02,1.697539103920485459e+01
6.700000000000000400e-02,1.696757824494214972e+01
6.800000000000000488e-02,1.686940281441841449e+01
6.900000000000000577e-02,1.690122877818045311e+01
7.000000000000000666e-02,1.690249739251747130e+01
7.099999999999999367e-02,1.686981694935597176e+01
7.199999999999999456e-02,1.690699308183947380e+01
7.299999999999999545e-02,1.688663772392417073e+01
7.399999999999999634e-02,1.691657381013742878e+01
7.499999999999999722e-02,1.692440908004398636e+01
7.599999999999999811e-02,1.687640488564625230e+01
7.699999999999999900e-02,1.691538881359234381e+01
7.799999999999999989e-02,1.685586906827531095e+01
7.900000000000000078e-02,1.680698207392082821e+01
8.000000000000000167e-02,1.690554382575702874e+01
8.100000000000000255e-02,1.691375987637699296e+01
8.200000000000000344e-02,1.689566641571065375e+01
8.300000000000000433e-02,1.694428741177097208e+01
8.400000000000000522e-02,1.690092962884081729e+01
8.500000000000000611e-02,1.688029013213159857e+01
8.599999999999999312e-02,1.682662067634531766e+01
8.699999999999999400e-02,1.687573807526262826e+01
8.799999999999999489e-02,1.692497707827308417e+01
8.899999999999999578e-02,1.693739102449498901e+01
8.999999999999999667e-02,1.684522576822766737e+01
9.099999999999999756e-02,1.688331488103896660e+01
9.199999999999999845e-02,1.687878886933985711e+01
9.299999999999999933e-02,1.686364043621044573e+01
9.400000000000000022e-02,1.688836747775049574e+01
9.500000000000000111e-02,1.692041493771960248e+01
9.600000000000000200e-02,1.686074726945536284e+01
9.700000000000000289e-02,1.690970951113811438e+01
9.800000000000000377e-02,1.687667897565804864e+01
9.900000000000000466e-02,1.689731102606929625e+01
1.000000000000000056e-01,1.687530262972908446e+01
1.010000000000000064e-01,1.688484591128254664e+01
1.019999999999999934e-01,1.690009606096167616e+01
1.029999999999999943e-01,1.688600845659792427e+01
1.039999999999999952e-01,1.684994542698164466e+01
1.049999999999999961e-01,1.688921680333885078e+01
1.059999999999999970e-01,1.692634862031495047e+01
1.069999999999999979e-01,1.688137236433805199e+01
1.079999999999999988e-01,1.689137170996997028e+01
1.089999999999999997e-01,1.691857936693644149e+01
1.100000000000000006e-01,1.689466199803166191e+01
1.110000000000000014e-01,1.689981151582423990e+01
1.120000000000000023e-01,1.688742690299143945e+01
1.130000000000000032e-01,1.692067792881915267e+01
1.140000000000000041e-01,1.686054730208336494e+01
1.150000000000000050e-01,1.684433245759025510e+01
1.160000000000000059e-01,1.689294370504548581e+01
1.170000000000000068e-01,1.693535912265922505e+01
1.179999999999999938e-01,1.698950867469840631e+01
1.189999999999999947e-01,1.694425280448196602e+01
1.199999999999999956e-01,1.695515832355443564e+01
1.209999999999999964e-01,1.694913681166911346e+01
1.219999999999999973e-01,1.693381826131010470e+01
1.229999999999999982e-01,1.694829822740853587e+01
1.239999999999999991e-01,1.690301173962245329e+01
1.250000000000000000e-01,1.697851797058395817e+01
1.260000000000000009e-01,1.699908313992252928e+01
1.270000000000000018e-01,1.698692530143487289e+01
1.280000000000000027e-01,1.692406182128329206e+01
1.290000000000000036e-01,1.696377970275991487e+01
1.300000000000000044e-01,1.697792667379847842e+01
1.310000000000000053e-01,1.698430644920537702e+01
1.320000000000000062e-01,1.690746525107709530e+01
1.330000000000000071e-01,1.691637300223586138e+01
1.340000000000000080e-01,1.695372329341264006e+01
1.350000000000000089e-01,1.697925070620414090e+01
1.360000000000000098e-01,1.695774529260378216e+01
1.370000000000000107e-01,1.694423138771661996e+01
1.380000000000000115e-01,1.693418465735469880e+01
1.390000000000000124e-01,1.695829085440770001e+01
1.400000000000000133e-01,1.693303227953800416e+01
1.409999999999999865e-01,1.697313507690257239e+01
1.419999999999999873e-01,1.688590133145109817e+01
1.429999999999999882e-01,1.692244134998506766e+01
1.439999999999999891e-01,1.686618205478259824e+01
1.449999999999999900e-01,1.693115532235112752e+01
1.459999999999999909e-01,1.692621263800739939e+01
1.469999999999999918e-01,1.694208738226261701e+01
1.479999999999999927e-01,1.694327930394570814e+01
1.489999999999999936e-01,1.696240456320627388e+01
1.499999999999999944e-01,1.691580450537326641e+01
1.509999999999999953e-01,1.688305828573991718e+01
1.519999999999999962e-01,1.689144008873374503e+01
1.529999999999999971e-01,1.700434728878099477e+01
1.539999999999999980e-01,1.698106321186200063e+01
1.549999999999999989e-01,1.687924938722487767e+01
1.559999999999999998e-01,1.695022682455691410e+01
1.570000000000000007e-01,1.692317418278934937e+01
1.580000000000000016e-01,1.695412599350090588e+01
1.590000000000000024e-01,1.698224977427038951e+01
1.600000000000000033e-01,1.690134307023370397e+01
1.610000000000000042e-01,1.697632763512098464e+01
1.620000000000000051e-01,1.691499779529211267e+01
1.630000000000000060e-01,1.694940842621685562e+01
1.640000000000000069e-01,1.691470141247382486e+01
1.650000000000000078e-01,1.692345306319657183e+01
1.660000000000000087e-01,1.689794666239415122e+01
1.670000000000000095e-01,1.690758982742865157e+01
1.680000000000000104e-01,1.690492250136116326e+01
1.690000000000000113e-01,1.696382783680392592e+01
1.700000000000000122e-01,1.690225339126414639e+01
1.710000000000000131e-01,1.694906649264089538e+01
1.719999999999999862e-01,1.693403031352572441e+01
1.729999999999999871e-01,1.689763192597096975e+01
1.739999999999999880e-01,1.695191845429586408e+01
1.749999999999999889e-01,1.693709411702160850e+01
1.759999999999999898e-01,1.691757630192723028e+01
1.769999999999999907e-01,1.695290866560089782e+01
1.779999999999999916e-01,1.697107599089282814e+01
1.789999999999999925e-01,1.693099638869935220e+01
1.799999999999999933e-01,1.694895849668353094e+01
1.809999999999999942e-01,1.702527678401598976e+01
1.819999999999999951e-01,1.689825373907714123e+01
1.829999999999999960e-01,1.694701895291447968e+01
1.839999999999999969e-01,1.700856828171006896e+01
1.849999999999999978e-01,1.698497006714890745e+01
1.859999999999999987e-01,1.692213828246619656e+01
1.869999999999999996e-01,1.696860185235349405e+01
1.880000000000000004e-01,1.697187962777005765e+01
1.890000000000000013e-01,1.702168546185153986e+01
1.900000000000000022e-01,1.698303569419369907e+01
1.910000000000000031e-01,1.696298155516230111e+01
1.920000000000000040e-01,1.691924298349112732e+01
1.930000000000000049e-01,1.699173026716588453e+01
1.940000000000000058e-01,1.690847820861451822e+01
1.950000000000000067e-01,1.686176335243923319e+01
1.960000000000000075e-01,1.686138999792086679e+01
1.970000000000000084e-01,1.695347993839509115e+01
1.980000000000000093e-01,1.693173044363842195e+01
1.990000000000000102e-01,1.692137060429941542e+01
2.000000000000000111e-01,1.690038054113373889e+01
2.010000000000000120e-01,1.698814218758118244e+01
2.020000000000000129e-01,1.694554840304991217e+01
2.030000000000000138e-01,1.694457006130600973e+01
2.039999999999999869e-01,1.689041250058785337e+01
2.049999999999999878e-01,1.695532874589964578e+01
2.059999999999999887e-01,1.694113649537054656e+01
2.069999999999999896e-01,1.690298366564519839e+01
2.079999999999999905e-01,1.694669299889175207e+01
2.089999999999999913e-01,1.695249790757463515e+01
2.099999999999999922e-01,1.692487737196942277e+01
2.109999999999999931e-01,1.688570712398658458e+01
2.119999999999999940e-01,1.689859052201418166e+01
2.129999999999999949e-01,1.691051839875792950e+01
2.139999999999999958e-01,1.694600001473656192e+01
2.149999999999999967e-01,1.695041908048293067e+01
2.159999999999999976e-01,1.696413438431202891e+01
2.169999999999999984e-01,1.690993634225191045e+01
2.179999999999999993e-01,1.692188363430791398e+01
2.190000000000000002e-01,1.698239104050498582e+01
2.200000000000000011e-01,1.692033643831901557e+01
2.210000000000000020e-01,1.687490027864362219e+01
2.220000000000000029e-01,1.691695064479198507e+01
2.230000000000000038e-01,1.691387681996382142e+01
2.240000000000000047e-01,1.699281764640806713e+01
2.250000000000000056e-01,1.695135790794091690e+01
2.260000000000000064e-01,1.692856988646611427e+01
2.270000000000000073e-01,1.704462489845227324e+01
2.280000000000000082e-01,1.698294846503582534e+01
2.290000000000000091e-01,1.693486760160350002e+01
2.300000000000000100e-01,1.688195362190317539e+01
2.310000000000000109e-01,1.700470405437797794e+01
2.320000000000000118e-01,1.697923713235893217e+01
2.330000000000000127e-01,1.696750566276728733e+01
2.340000000000000135e-01,1.685522850051250288e+01
2.349999999999999867e-01,1.694434734118260977e+01
2.359999999999999876e-01,1.692410926055662657e+01
2.369999999999999885e-01,1.685660622929071906e+01
2.379999999999999893e-01,1.691798218584844449e+01
2.389999999999999902e-01,1.689273168316953644e+01
2.399999999999999911e-01,1.691394964517948196e+01
2.409999999999999920e-01,1.698055328040734224e+01
2.419999999999999929e-01,1.695057787066768640e+01
2.429999999999999938e-01,1.694713968232872148e+01
2.439999999999999947e-01,1.687662197688512578e+01
2.449999999999999956e-01,1.690487645099785396e+01
2.459999999999999964e-01,1.699021604394770080e+01
2.469999999999999973e-01,1.696343303563505600e+01
2.479999999999999982e-01,1.701238948834362574e+01
2.489999999999999991e-01,1.695249784154201222e+01
2.500000000000000000e-01,1.694538610250246080e+01
2.510000000000000009e-01,1.698973341462362185e+01
2.520000000000000018e-01,1.698633576348276719e+01
2.530000000000000027e-01,1.705147651773178552e+01
2.540000000000000036e-01,1.700306497430044317e+01
2.550000000000000044e-01,1.702955342502811575e+01
2.560000000000000053e-01,1.693395011788679483e+01
2.570000000000000062e-01,1.697692359267134066e+01
2.580000000000000071e-01,1.700959352401021718e+01
2.590000000000000080e-01,1.703565425768509556e+01
2.600000000000000089e-01,1.699540295354935182e+01
2.610000000000000098e-01,1.694994235417716055e+01
2.620000000000000107e-01,1.703437048159209510e+01
2.630000000000000115e-01,1.689855404939490313e+01
2.640000000000000124e-01,1.696100801527572344e+01
2.650000000000000133e-01,1.701252494192639375e+01
2.660000000000000142e-01,1.695758455917122021e+01
2.670000000000000151e-01,1.702229945354867624e+01
2.680000000000000160e-01,1.691828878413516790e+01
2.690000000000000169e-01,1.695701621450579211e+01
2.700000000000000178e-01,1.699141342843303448e+01
2.710000000000000187e-01,1.698192069295632578e+01
2.720000000000000195e-01,1.696796435907745959e+01
2.730000000000000204e-01,1.695866114925336277e+01
2.740000000000000213e-01,1.696089436739452694e+01
2.750000000000000222e-01,1.695291680836739800e+01
2.760000000000000231e-01,1.696732672315825852e+01
2.770000000000000240e-01,1.696245320441521187e+01
2.780000000000000249e-01,1.695566800074810132e+01
2.790000000000000258e-01,1.699551697093108515e+01
2.800000000000000266e-01,1.698822561908791684e+01
2.810000000000000275e-01,1.699676368604755794e+01
2.819999999999999729e-01,1.704848445393335510e+01
2.829999999999999738e-01,1.697240479313199657e+01
2.839999999999999747e-01,1.699200777327344269e+01
2.849999999999999756e-01,1.702113318851749568e+01
2.859999999999999765e-01,1.695779704891555184e+01
2.869999999999999774e-01,1.701453609395145250e+01
2.879999999999999782e-01,1.700789915853811607e+01
2.889999999999999791e-01,1.696116193086826485e+01
2.899999999999999800e-01,1.696763149117446545e+01
2.909999999999999809e-01,1.692897665413216757e+01
2.919999999999999818e-01,1.699417740796755538e+01
2.929999999999999827e-01,1.699544527254021631e+01
2.939999999999999836e-01,1.705514862131057185e+01
2.949999999999999845e-01,1.695257879872720963e+01
2.959999999999999853e-01,1.700536576231332475e+01
2.969999999999999862e-01,1.697887817138065003e+01
2.979999999999999871e-01,1.698061191470710440e+01
2.989999999999999880e-01,1.702135710243567601e+01
2.999999999999999889e-01,1.697924157093426345e+01
3.009999999999999898e-01,1.696444928496666904e+01
3.019999999999999907e-01,1.695696740191500851e+01
3.029999999999999916e-01,1.696113938282203293e+01
3.039999999999999925e-01,1.687265111096703052e+01
3.049999999999999933e-01,1.695228764771692198e+01
3.059999999999999942e-01,1.698373943020892796e+01
3.069999999999999951e-01,1.695847568925622184e+01
3.079999999999999960e-01,1.695200141177413045e+01
3.089999999999999969e-01,1.690751366429100244e+01
3.099999999999999978e-01,1.694373169127382894e+01
3.109999999999999987e-01,1.694065457277251596e+01
3.119999999999999996e-01,1.703471713222417705e+01
3.130000000000000004e-01,1.697014599431043180e+01
3.140000000000000013e-01,1.702086432783935521e+01
3.150000000000000022e-01,1.692519909398895095e+01
3.160000000000000031e-01,1.693396453432190540e+01
3.170000000000000040e-01,1.694475629558534280e+01
3.180000000000000049e-01,1.694179462898653199e+01
3.190000000000000058e-01,1.700842441383154480e+01
3.200000000000000067e-01,1.695669857078369347e+01
3.210000000000000075e-01,1.695868438948599533e+01
3.220000000000000084e-01,1.694385600061992037e+01
3.230000000000000093e-01,1.699296451553325937e+01
3.240000000000000102e-01,1.701878703774469059e+01
3.250000000000000111e-01,1.704168597754971870e+01
3.260000000000000120e-01,1.703396392303768181e+01
3.270000000000000129e-01,1.703165617754177674e+01
3.280000000000000138e-01,1.703307967051448202e+01
3.290000000000000147e-01,1.700069014013406488e+01
3.300000000000000155e-01,1.706974855800072177e+01
3.310000000000000164e-01,1.701064973447047279e+01
3.320000000000000173e-01,1.702294957494417105e+01
3.330000000000000182e-01,1.701617611092668980e+01
3.340000000000000191e-01,1.698226522195280808e+01
3.350000000000000200e-01,1.696619801790860649e+01
3.360000000000000209e-01,1.695457287980541494e+01
3.370000000000000218e-01,1.696183258476756350e+01
3.380000000000000226e-01,1.695890621734925929e+01
3.390000000000000235e-01,1.699562999427829268e+01
3.400000000000000244e-01,1.706217010059220129e+01
3.410000000000000253e-01,1.708662950892460586e+01
3.420000000000000262e-01,1.701193642436363973e+01
3.430000000000000271e-01,1.703183717609863734e+01
3.439999999999999725e-01,1.707150396627115896e+01
3.449999999999999734e-01,1.701536013763004007e+01
3.459999999999999742e-01,1.702825763861084596e+01
3.469999999999999751e-01,1.696526703981630391e+01
3.479999999999999760e-01,1.704651835556456874e+01
3.489999999999999769e-01,1.702820762432938295e+01
3.499999999999999778e-01,1.702625563708472711e+01
3.509999999999999787e-01,1.693375286824516834e+01
3.519999999999999796e-01,1.698098375087398892e+01
3.529999999999999805e-01,1.699887342712674609e+01
3.539999999999999813e-01,1.704117310992177181e+01
3.549999999999999822e-01,1.698191677559634982e+01
3.559999999999999831e-01,1.699224145597471036e+01
3.569999999999999840e-01,1.701533344795634051e+01
3.579999999999999849e-01,1.694870049317805183e+01
3.589999999999999858e-01,1.698975006727187775e+01
3.599999999999999867e-01,1.694372981273492584e+01
3.609999999999999876e-01,1.692597567975795059e+01
3.619999999999999885e-01,1.693438790204203670e+01
3.629999999999999893e-01,1.699093211505152823e+01
3.639999999999999902e-01,1.695330792675255083e+01
3.649999999999999911e-01,1.702921495673870211e+01
3.659999999999999920e-01,1.696134888439008748e+01
3.669999999999999929e-01,1.700262267812593819e+01
3.679999999999999938e-01,1.702516330388763777e+01
3.689999999999999947e-01,1.699089236522506496e+01
3.699999999999999956e-01,1.700866957120815925e+01
3.709999999999999964e-01,1.701089807630481587e+01
3.719999999999999973e-01,1.707554103305128024e+01
3.729999999999999982e-01,1.703945758597667393e+01
3.739999999999999991e-01,1.699754190700882006e+01
3.750000000000000000e-01,1.707301466755985686e+01
3.760000000000000009e-01,1.703841555573101374e+01
3.770000000000000018e-01,1.707049167695359060e+01
3.780000000000000027e-01,1.706477835336731630e+01
3.790000000000000036e-01,1.712208027132474086e+01
3.800000000000000044e-01,1.704489331966399490e+01
3.810000000000000053e-01,1.698508805615887951e+01
3.820000000000000062e-01,1.703648083803989266e+01
3.830000000000000071e-01,1.697159090544647952e+01
3.840000000000000080e-01,1.706674987732150583e+01
3.850000000000000089e-01,1.711640628114139773e+01
3.860000000000000098e-01,1.706873539361768977e+01
3.870000000000000107e-01,1.713074406447463716e+01
3.880000000000000115e-01,1.705439867142862553e+01
3.890000000000000124e-01,1.708716982322691536e+01
3.900000000000000133e-01,1.711876792217626431e+01
3.910000000000000142e-01,1.704050836422518245e+01
3.920000000000000151e-01,1.702640198967075236e+01
3.930000000000000160e-01,1.694601710532381134e+01
3.940000000000000169e-01,1.703896872687587916e+01
3.950000000000000178e-01,1.704576862338967658e+01
3.960000000000000187e-01,1.699076431915450769e+01
3.970000000000000195e-01,1.705916221262538102e+01
3.980000000000000204e-01,1.700506720094167790e+01
3.990000000000000213e-01,1.697283994783405348e+01
4.000000000000000222e-01,1.699624110582404768e+01
4.010000000000000231e-01,1.698626318996848994e+01
4.020000000000000240e-01,1.700465799596974037e+01
4.030000000000000249e-01,1.705278805664869068e+01
4.040000000000000258e-01,1.698811798089926128e+01
4.050000000000000266e-01,1.697150042772964795e+01
4.060000000000000275e-01,1.699680413387214628e+01
4.069999999999999729e-01,1.709383715340010923e+01
4.079999999999999738e-01,1.700812904256060776e+01
4.089999999999999747e-01,1.704131268392252352e+01
4.099999999999999756e-01,1.705679839897644712e+01
4.109999999999999765e-01,1.705286921253064492e+01
4.119999999999999774e-01,1.705459797400038369e+01
4.129999999999999782e-01,1.703122084036549211e+01
4.139999999999999791e-01,1.705204691024052721e+01
4.149999999999999800e-01,1.701551852546470656e+01
4.159999999999999809e-01,1.699555246269187236e+01
4.169999999999999818e-01,1.692418582325431231e+01
4.179999999999999827e-01,1.701708742354507109e+01
4.189999999999999836e-01,1.704448905258757918e+01
4.199999999999999845e-01,1.698911787737926815e+01
4.209999999999999853e-01,1.702071354792214919e+01
4.219999999999999862e-01,1.693746718178057620e+01
4.229999999999999871e-01,1.703998338114072553e+01
4.239999999999999880e-01,1.696091634386238312e+01
4.249999999999999889e-01,1.697387584127839233e+01
4.259999999999999898e-01,1.702733141696193186e+01
4.269999999999999907e-01,1.705115517948538439e+01
4.279999999999999916e-01,1.703663193938086806e+01
4.289999999999999925e-01,1.705625409378929902e+01
4.299999999999999933e-01,1.704731156655216395e+01
4.309999999999999942e-01,1.702665185500856992e+01
4.319999999999999951e-01,1.701959267787735897e+01
4.329999999999999960e-01,1.701125154316360977e+01
4.339999999999999969e-01,1.707348767535876632e+01
4.349999999999999978e-01,1.705188231557172074e+01
4.359999999999999987e-01,1.705239037627228882e+01
4.369999999999999996e-01,1.714664190712170466e+01
4.380000000000000004e-01,1.707446796411317536e+01
4.390000000000000013e-01,1.701291930756739035e+01
4.400000000000000022e-01,1.702594909761812758e+01
4.410000000000000031e-01,1.705423989351713487e+01
4.420000000000000040e-01,1.701945887549334913e+01
4.430000000000000049e-01,1.701294320742001531e+01
4.440000000000000058e-01,1.710446828040819156e+01
4.450000000000000067e-01,1.713729208748026167e+01
4.460000000000000075e-01,1.704157529583256192e+01
4.470000000000000084e-01,1.700994649377352275e+01
4.480000000000000093e-01,1.698467171329594194e+01
4.490000000000000102e-01,1.701167370794223288e+01
4.500000000000000111e-01,1.705146485023374936e+01
4.510000000000000120e-01,1.692999697532006209e+01
4.520000000000000129e-01,1.700271989209772983e+01
4.530000000000000138e-01,1.701503925015520124e+01
4.540000000000000147e-01,1.703815091917672930e+01
4.550000000000000155e-01,1.702352804392187480e+01
4.560000000000000164e-01,1.698609880726980137e+01
4.570000000000000173e-01,1.699341226046761122e+01
4.580000000000000182e-01,1.697730882782974149e+01
4.590000000000000191e-01,1.702380633532800047e+01
4.600000000000000200e-01,1.698682910729474571e+01
4.610000000000000209e-01,1.695168328724432172e+01
4.620000000000000218e-01,1.704233581506045425e+01
4.630000000000000226e-01,1.702502910215217469e+01
4.640000000000000235e-01,1.707902944338391649e+01
4.650000000000000244e-01,1.701051067427230379e+01
4.660000000000000253e-01,1.702465217060188962e+01
4.670000000000000262e-01,1.704466324476139150e+01
4.680000000000000271e-01,1.703075944287883203e+01
4.689999999999999725e-01,1.702593729823351509e+01
4.699999999999999734e-01,1.699756353521705421e+01
4.709999999999999742e-01,1.701139569718323941e+01
4.719999999999999751e-01,1.708048597139423563e+01
4.729999999999999760e-01,1.698733791152416117e+01
4.739999999999999769e-01,1.703616161018835840e+01
4.749999999999999778e-01,1.700570507072603732e+01
4.759999999999999787e-01,1.701142970068286076e+01
4.769999999999999796e-01,1.697565501895159912e+01
4.779999999999999805e-01,1.698195431786055209e+01
4.789999999999999813e-01,1.701939015865334071e+01
4.799999999999999822e-01,1.692810885727923420e+01
4.809999999999999831e-01,1.701674661877787642e+01
4.819999999999999840e-01,1.699854880895146891e+01
4.829999999999999849e-01,1.699424037915980890e+01
4.839999999999999858e-01,1.700985022798225899e+01
4.849999999999999867e-01,1.699326407594196908e+01
4.859999999999999876e-01,1.691320477469023942e+01
4.869999999999999885e-01,1.697862255584384172e+01
4.879999999999999893e-01,1.695721864545644308e+01
4.889999999999999902e-01,1.694417202377576714e+01
4.899999999999999911e-01,1.699201950212589551e+01
4.909999999999999920e-01,1.698445500768092842e+01
4.919999999999999929e-01,1.697686173787057129e+01
4.929999999999999938e-01,1.694430092512484265e+01
4.939999999999999947e-01,1.696382273753158287e+01
4.949999999999999956e-01,1.697656702764849612e+01
4.959999999999999964e-01,1.699921403805469566e+01
4.969999999999999973e-01,1.694610907761000007e+01
4.979999999999999982e-01,1.695008711699327364e+01
4.989999999999999991e-01,1.687732081381061988e+01
5.000000000000000000e-01,1.693661360766156676e+01
5.010000000000000009e-01,1.697324226947620929e+01
5.020000000000000018e-01,1.691105990595814745e+01
5.030000000000000027e-01,1.697011292980419839e+01
5.040000000000000036e-01,1.698561206531746848e+01
5.050000000000000044e-01,1.694237387555105911e+01
5.060000000000000053e-01,1.700782417528850132e+01
5.070000000000000062e-01,1.696183819387047365e+01
5.080000000000000071e-01,1.697833263009321314e+01
5.090000000000000080e-01,1.695970180934529736e+01
5.100000000000000089e-01,1.691830422582939519e+01
5.110000000000000098e-01,1.701133066189840193e+01
5.120000000000000107e-01,1.691392999647177930e+01
5.130000000000000115e-01,1.697591979345276414e+01
5.140000000000000124e-01,1.690117638310094961e+01
5.150000000000000133e-01,1.694253878279462100e+01
5.160000000000000142e-01,1.698081680256671078e+01
5.170000000000000151e-01,1.697081343651116825e+01
5.180000000000000160e-01,1.695256600590453644e+01
5.190000000000000169e-01,1.699036106399977442e+01
5.200000000000000178e-01,1.696515430295788462e+01
5.210000000000000187e-01,1.693026027951518842e+01
5.220000000000000195e-01,1.695069595141336194e+01
5.230000000000000204e-01,1.702514942059268677e+01
5.240000000000000213e-01,1.692786254617330854e+01
5.250000000000000222e-01,1.700282182336608727e+01
5.260000000000000231e-01,1.694896203576019289e+01
5.270000000000000240e-01,1.702395366948773159e+01
5.280000000000000249e-01,1.701346709137110480e+01
5.290000000000000258e-01,1.702204244849939130e+01
5.300000000000000266e-01,1.708091246045132294e+01
5.310000000000000275e-01,1.700462031163774057e+01
5.320000000000000284e-01,1.707011235949998351e+01
5.330000000000000293e-01,1.698948053260555824e+01
5.340000000000000302e-01,1.702814220062464656e+01
5.350000000000000311e-01,1.701830829142040713e+01
5.360000000000000320e-01,1.706834478530647914e+01
5.370000000000000329e-01,1.706804606923544299e+01
5.380000000000000338e-01,1.699940009286659759e+01
5.390000000000000346e-01,1.700272188961421094e+01
5.400000000000000355e-01,1.701846494519823239e+01
5.410000000000000364e-01,1.697453014591302889e+01
5.420000000000000373e-01,1.700074822517066764e+01
5.430000000000000382e-01,1.697415891261784182e+01
5.440000000000000391e-01,1.701400067521240445e+01
5.450000000000000400e-01,1.710810447717651073e+01
5.460000000000000409e-01,1.704947847711950004e+01
5.470000000000000417e-01,1.699764903930632443e+01
5.480000000000000426e-01,1.700159265432097300e+01
5.490000000000000435e-01,1.700948358998520504e+01
5.500000000000000444e-01,1.697843631520141372e+01
5.510000000000000453e-01,1.703323587667770411e+01
5.520000000000000462e-01,1.696115586271237063e+01
5.530000000000000471e-01,1.694205156271747725e+01
5.540000000000000480e-01,1.694989674501741916e+01
5.550000000000000488e-01,1.700797573054720147e+01
5.560000000000000497e-01,1.698883571385202984e+01
5.570000000000000506e-01,1.700575196986770976e+01
5.580000000000000515e-01,1.698053665227246256e+01
5.590000000000000524e-01,1.693633426441050815e+01
5.600000000000000533e-01,1.696585117278578636e+01
5.610000000000000542e-01,1.702620719701119967e+01
5.620000000000000551e-01,1.697599507446735956e+01
5.629999999999999449e-01,1.689901025981099281e+01
5.639999999999999458e-01,1.691507309075110754e+01
5.649999999999999467e-01,1.689958045980042201e+01
5.659999999999999476e-01,1.687887525145870171e+01
5.669999999999999485e-01,1.697656759024363993e+01
5.679999999999999494e-01,1.697833976438812442e+01
5.689999999999999503e-01,1.700783966795665592e+01
5.699999999999999512e-01,1.694765040788460908e+01
5.709999999999999520e-01,1.689865164957755184e+01
5.719999999999999529e-01,1.700286256911761740e+01
5.729999999999999538e-01,1.690047621715934056e+01
5.739999999999999547e-01,1.699785204351603340e+01
5.749999999999999556e-01,1.696794822095095157e+01
5.759999999999999565e-01,1.690860363087556806e+01
5.769999999999999574e-01,1.696591588250810645e+01
5.779999999999999583e-01,1.690070785533463749e+01
5.789999999999999591e-01,1.693928564860561181e+01
5.799999999999999600e-01,1.690795750986632129e+01
5.809999999999999609e-01,1.690516765280695211e+01
5.819999999999999618e-01,1.694922191056361882e+01
5.829999999999999627e-01,1.694234019558688331e+01
5.839999999999999636e-01,1.700020329631562532e+01
5.849999999999999645e-01,1.698339914442231446e+01
5.859999999999999654e-01,1.699778436578432306e+01
5.869999999999999662e-01,1.692669591764568437e+01
5.879999999999999671e-01,1.696514994998375414e+01
5.889999999999999680e-01,1.689675381760998718e+01
5.899999999999999689e-01,1.691687711723103504e+01
5.909999999999999698e-01,1.693197347735456759e+01
5.919999999999999707e-01,1.689114267096211819e+01
5.929999999999999716e-01,1.694334975839570490e+01
5.939999999999999725e-01,1.698727157127508036e+01
5.949999999999999734e-01,1.693285096734418005e+01
5.959999999999999742e-01,1.696574615108773187e+01
5.969999999999999751e-01,1.690720481304207468e+01
5.979999999999999760e-01,1.690236766905822208e+01
5.989999999999999769e-01,1.698377836387843587e+01
5.999999999999999778e-01,1.698060913922178017e+01
6.009999999999999787e-01,1.697917867076805720e+01
6.019999999999999796e-01,1.702739341743780699e+01
6.029999999999999805e-01,1.709286776007457220e+01
6.039999999999999813e-01,1.691130909102866653e+01
6.049999999999999822e-01,1.696818281845726872e+01
6.059999999999999831e-01,1.696132203727101739e+01
6.069999999999999840e-01,1.700140207329383557e+01
6.079999999999999849e-01,1.691516397160668106e+01
6.089999999999999858e-01,1.695338532184635127e+01
6.099999999999999867e-01,1.693609793946258790e+01
6.109999999999999876e-01,1.691304659605761174e+01
6.119999999999999885e-01,1.689957075736743164e+01
6.129999999999999893e-01,1.688305557989345829e+01
6.139999999999999902e-01,1.705176194285958147e+01
6.149999999999999911e-01,1.697962812332415083e+01
6.159999999999999920e-01,1.693755200152943274e+01
6.169999999999999929e-01,1.693499434666549419e+01
6.179999999999999938e-01,1.694686382682236570e+01
6.189999999999999947e-01,1.692488128411087445e+01
6.199999999999999956e-01,1.689192511700860422e+01
6.209999999999999964e-01,1.697325874872169038e+01
6.219999999999999973e-01,1.695295382036087517e+01
6.229999999999999982e-01,1.691638693550038397e+01
6.239999999999999991e-01,1.686667967266426160e+01
6.250000000000000000e-01,1.686240665136793737e+01
6.260000000000000009e-01,1.687511759310959292e+01
6.270000000000000018e-01,1.687827350157016326e+01
6.280000000000000027e-01,1.694154829675305507e+01
6.290000000000000036e-01,1.688269302890877555e+01
6.300000000000000044e-01,1.693325424589225747e+01
6.310000000000000053e-01,1.691549169840132905e+01
6.320000000000000062e-01,1.692854596212260887e+01
6.330000000000000071e-01,1.692010297434966049e+01
6.340000000000000080e-01,1.687610072745473389e+01
6.350000000000000089e-01,1.692454942565571230e+01
6.360000000000000098e-01,1.692392889601208594e+01
6.370000000000000107e-01,1.690741494650567489e+01
6.380000000000000115e-01,1.690725349791675924e+01
6.390000000000000124e-01,1.699119016319539455e+01
6.400000000000000133e-01,1.692459832477483417e+01
6.410000000000000142e-01,1.695672266855647337e+01
6.420000000000000151e-01,1.696566169556483672e+01
6.430000000000000160e-01,1.687858755160819157e+01
6.440000000000000169e-01,1.695890732050828120e+01
6.450000000000000178e-01,1.701214525106244579e+01
6.460000000000000187e-01,1.697121515651310020e+01
6.470000000000000195e-01,1.696915192664183536e+01
6.480000000000000204e-01,1.692110340790581091e+01
6.490000000000000213e-01,1.692652702357436212e+01
6.500000000000000222e-01,1.693775051088175587e+01
6.510000000000000231e-01,1.697244881400270344e+01
6.520000000000000240e-01,1.696706478863583456e+01
6.530000000000000249e-01,1.695128175181984176e+01
6.540000000000000258e-01,1.697051515095462904e+01
6.550000000000000266e-01,1.697824309089152450e+01
6.560000000000000275e-01,1.695613317101700446e+01
6.570000000000000284e-01,1.699319621256759660e+01
6.580000000000000293e-01,1.693551167041459493e+01
6.590000000000000302e-01,1.700582082957577157e+01
6.600000000000000311e-01,1.699519730565271303e+01
6.610000000000000320e-01,1.695698894396848644e+01
6.620000000000000329e-01,1.700448875553960093e+01
6.630000000000000338e-01,1.693421472706673825e+01
6.640000000000000346e-01,1.704088729110389266e+01
6.650000000000000355e-01,1.703100264068493885e+01
6.660000000000000364e-01,1.700824619360044210e+01
6.670000000000000373e-01,1.696866395060290955e+01
6.680000000000000382e-01,1.699438509414684972e+01
6.690000000000000391e-01,1.699932002930495756e+01
6.700000000000000400e-01,1.700082358266821814e+01
6.710000000000000409e-01,1.697452110888706756e+01
6.720000000000000417e-01,1.697840474740991112e+01
6.730000000000000426e-01,1.705985096786750077e+01
6.740000000000000435e-01,1.695229523125312099e+01
6.750000000000000444e-01,1.704517827869817737e+01
6.760000000000000453e-01,1.702414245836015994e+01
6.770000000000000462e-01,1.696656508549560982e+01
6.780000000000000471e-01,1.698916065332233671e+01
6.790000000000000480e-01,1.695237680749997722e+01
6.800000000000000488e-01,1.700269164449205306e+01
6.810000000000000497e-01,1.698160424403189950e+01
6.820000000000000506e-01,1.700963838283281859e+01
6.830000000000000515e-01,1.699486934844585306e+01
6.840000000000000524e-01,1.702754467299968866e+01
6.850000000000000533e-01,1.698785118270329875e+01
6.860000000000000542e-01,1.696183988345709182e+01
6.870000000000000551e-01,1.701735389455881275e+01
6.879999999999999449e-01,1.698781023121974698e+01
6.889999999999999458e-01,1.698876936388583303e+01
6.899999999999999467e-01,1.700483104631291198e+01
6.909999999999999476e-01,1.700889904883550940e+01
6.919999999999999485e-01,1.703085500092457494e+01
6.929999999999999494e-01,1.702178555295241225e+01
6.939999999999999503e-01,1.698342828327786336e+01
6.949999999999999512e-01,1.697935496307597347e+01
6.959999999999999520e-01,1.698196453561547159e+01
6.969999999999999529e-01,1.703588794760414160e+01
6.979999999999999538e-01,1.703977343605530237e+01
6.989999999999999547e-01,1.696729292299333025e+01
6.999999999999999556e-01,1.702061154168841739e+01
7.009999999999999565e-01,1.699076064976188150e+01
7.019999999999999574e-01,1.687353691487805207e+01
7.029999999999999583e-01,1.694509031335229210e+01
7.039999999999999591e-01,1.696844369032184119e+01
7.049999999999999600e-01,1.694038672728863304e+01
7.059999999999999609e-01,1.698210521503908410e+01
7.069999999999999618e-01,1.699620921368129700e+01
7.079999999999999627e-01,1.696523928629531142e+01
7.089999999999999636e-01,1.697551083469980426e+01
7.099999999999999645e-01,1.698485490996905867e+01
7.109999999999999654e-01,1.692804190295542099e+01
7.119999999999999662e-01,1.700435041451667928e+01
7.129999999999999671e-01,1.695286647697111704e+01
7.139999999999999680e-01,1.702203292046394623e+01
7.149999999999999689e-01,1.703259859093949302e+01
7.159999999999999698e-01,1.701927900518148462e+01
7.169999999999999707e-01,1.698741908788961652e+01
7.179999999999999716e-01,1.702284944025072377e+01
7.189999999999999725e-01,1.704421134642962343e+01
7.199999999999999734e-01,1.704172618120844973e+01
7.209999999999999742e-01,1.703783352162072617e+01
7.219999999999999751e-01,1.695755678230239383e+01
7.229999999999999760e-01,1.703744299936213480e+01
7.239999999999999769e-01,1.700171419253194216e+01
7.249999999999999778e-01,1.703191834364691104e+01
7.259999999999999787e-01,1.700174938195802454e+01
7.269999999999999796e-01,1.701580579367520940e+01
7.279999999999999805e-01,1.702413742279447106e+01
7.289999999999999813e-01,1.699173622168869358e+01
7.299999999999999822e-01,1.699847445156283143e+01
7.309999999999999831e-01,1.696320414144348021e+01
7.319999999999999840e-01,1.698351712368252464e+01
7.329999999999999849e-01,1.701134772346078705e+01
7.339999999999999858e-01,1.703992788595207131e+01
7.349999999999999867e-01,1.703273404662381552e+01
7.359999999999999876e-01,1.709034982597924568e+01
7.369999999999999885e-01,1.704243896921592594e+01
7.379999999999999893e-01,1.705071410054934944e+01
7.389999999999999902e-01,1.705398386848025893e+01
7.399999999999999911e-01,1.699910570537209153e+01
7.409999999999999920e-01,1.697200334452450576e+01
7.419999999999999929e-01,1.698910545279606055e+01
7.429999999999999938e-01,1.696992161908480412e+01
7.439999999999999947e-01,1.696570859245096585e+01
7.449999999999999956e-01,1.694673640439958362e+01
7.459999999999999964e-01,1.691063372378444285e+01
7.469999999999999973e-01,1.702081561928176257e+01
7.479999999999999982e-01,1.699950116112156095e+01
7.489999999999999991e-01,1.696645541668323176e+01
7.500000000000000000e-01,1.697216161186879546e+01
7.510000000000000009e-01,1.695416139494517438e+01
7.520000000000000018e-01,1.698462385107975692e+01
7.530000000000000027e-01,1.689807008274270927e+01
7.540000000000000036e-01,1.695287568289439406e+01
7.550000000000000044e-01,1.705177167992836829e+01
7.560000000000000053e-01,1.698975887654466632e+01
7.570000000000000062e-01,1.695744261639381278e+01
7.580000000000000071e-01,1.688881163758738779e+01
7.590000000000000080e-01,1.697197464729539362e+01
7.600000000000000089e-01,1.699255348163839940e+01
7.610000000000000098e-01,1.702449006365296569e+01
7.620000000000000107e-01,1.695146811361076900e+01
7.630000000000000115e-01,1.692310630660617221e+01
7.640000000000000124e-01,1.699728022388508464e+01
7.650000000000000133e-01,1.695866822727709433e+01
7.660000000000000142e-01,1.695680721034039351e+01
7.670000000000000151e-01,1.699831762306482830e+01
7.680000000000000160e-01,1.695722206193151749e+01
7.690000000000000169e-01,1.688381571720609386e+01
7.700000000000000178e-01,1.696112145948793426e+01
7.710000000000000187e-01,1.693569547841085665e+01
7.720000000000000195e-01,1.695701290008451423e+01
7.730000000000000204e-01,1.701614259570208887e+01
7.740000000000000213e-01,1.698324310568743556e+01
7.750000000000000222e-01,1.695397410079010925e+01
7.760000000000000231e-01,1.696742125853838701e+01
7.770000000000000240e-01,1.704545892483609748e+01
7.780000000000000249e-01,1.696739007460502080e+01
7.790000000000000258e-01,1.696437599261814455e+01
7.800000000000000266e-01,1.695660986086923216e+01
7.810000000000000275e-01,1.692060700945781093e+01
7.820000000000000284e-01,1.691927819859215987e+01
7.830000000000000293e-01,1.691096881376615713e+01
7.840000000000000302e-01,1.690910660576508917e+01
7.850000000000000311e-01,1.698101245708836871e+01
7.860000000000000320e-01,1.691661830282419743e+01
7.870000000000000329e-01,1.696752625203449583e+01
7.880000000000000338e-01,1.692220557462175279e+01
7.890000000000000346e-01,1.693218924925996660e+01
7.900000000000000355e-01,1.692108436715386688e+01
7.910000000000000364e-01,1.688512618588841008e+01
7.920000000000000373e-01,1.688995751311652782e+01
7.930000000000000382e-01,1.699472959746751499e+01
7.940000000000000391e-01,1.693835929903574922e+01
7.950000000000000400e-01,1.692512547777652188e+01
7.960000000000000409e-01,1.691126899980507048e+01
7.970000000000000417e-01,1.696637925205115849e+01
7.980000000000000426e-01,1.701926849542231679e+01
7.990000000000000435e-01,1.696119283350642704e+01
8.000000000000000444e-01,1.696955235633252101e+01
8.010000000000000453e-01,1.699946497261853651e+01
8.020000000000000462e-01,1.699073205600045355e+01
8.030000000000000471e-01,1.700918097147044961e+01
8.040000000000000480e-01,1.696074045078359660e+01
8.050000000000000488e-01,1.695280513430576264e+01
8.060000000000000497e-01,1.692385135271985419e+01
8.070000000000000506e-01,1.696525095239113412e+01
8.080000000000000515e-01,1.696539296895860005e+01
8.090000000000000524e-01,1.692810087501774419e+01
8.100000000000000533e-01,1.695841834331378095e+01
8.110000000000000542e-01,1.694028106495838415e+01
8.120000000000000551e-01,1.696156733822938989e+01
8.129999999999999449e-01,1.696155799823706545e+01
8.139999999999999458e-01,1.685575096601553824e+01
8.149999999999999467e-01,1.692280373476203437e+01
8.159999999999999476e-01,1.690804052638664601e+01
8.169999999999999485e-01,1.697204973046391174e+01
8.179999999999999494e-01,1.696932448781444336e+01
8.189999999999999503e-01,1.698567253037872149e+01
8.199999999999999512e-01,1.697411076819624043e+01
8.209999999999999520e-01,1.692105064644406909e+01
8.219999999999999529e-01,1.685946675358863800e+01
8.229999999999999538e-01,1.690624752828432520e+01
8.239999999999999547e-01,1.692294896788405367e+01
8.249999999999999556e-01,1.688249373036045142e+01
8.259999999999999565e-01,1.698655762720085605e+01
8.269999999999999574e-01,1.693504157126798759e+01
8.279999999999999583e-01,1.688943941262966675e+01
8.289999999999999591e-01,1.686843887864856484e+01
8.299999999999999600e-01,1.684665843039744004e+01
8.309999999999999609e-01,1.686418749923038263e+01
8.319999999999999618e-01,1.690168617680205188e+01
8.329999999999999627e-01,1.690526327754830049e+01
8.339999999999999636e-01,1.691491967139873154e+01
8.349999999999999645e-01,1.686351616662010855e+01
8.359999999999999654e-01,1.696829330327759067e+01
8.369999999999999662e-01,1.690731605316826602e+01
8.379999999999999671e-01,1.696493873355322179e+01
8.389999999999999680e-01,1.698580774056178555e+01
8.399999999999999689e-01,1.685040366013517144e+01
8.409999999999999698e-01,1.688273587148049870e+01
8.419999999999999707e-01,1.688094625369719637e+01
8.429999999999999716e-01,1.689447924509834564e+01
8.439999999999999725e-01,1.694954876840806435e+01
8.449999999999999734e-01,1.687210695470222177e+01
8.459999999999999742e-01,1.690655593652716249e+01
8.469999999999999751e-01,1.687666721657739188e+01
8.479999999999999760e-01,1.687492577246086967e+01
8.489999999999999769e-01,1.697757419260696921e+01
8.499999999999999778e-01,1.689128430979360118e+01
8.509999999999999787e-01,1.692153181381563698e+01
8.519999999999999796e-01,1.695729865998517027e+01
8.529999999999999805e-01,1.692584742419191812e+01
8.539999999999999813e-01,1.695331359282276651e+01
8.549999999999999822e-01,1.691296166023440861e+01
8.559999999999999831e-01,1.691220330771319880e+01
8.569999999999999840e-01,1.693445491472011710e+01
8.579999999999999849e-01,1.691326694574929235e+01
8.589999999999999858e-01,1.695362519927139644e+01
8.599999999999999867e-01,1.696610234700151665e+01
8.609999999999999876e-01,1.693123166109176481e+01
8.619999999999999885e-01,1.694653479438229127e+01
8.629999999999999893e-01,1.694028797871421332e+01
8.639999999999999902e-01,1.699658174484315154e+01
8.649999999999999911e-01,1.696380379406090810e+01
8.659999999999999920e-01,1.694421487760447675e+01
8.669999999999999929e-01,1.688474942487792063e+01
8.679999999999999938e-01,1.690357636098187655e+01
8.689999999999999947e-01,1.691248991895007237e+01
8.699999999999999956e-01,1.692274728074919921e+01
8.709999999999999964e-01,1.692312601474563749e+01
8.719999999999999973e-01,1.694080710962837344e+01
8.729999999999999982e-01,1.689562815692778841e+01
8.739999999999999991e-01,1.685788734264421151e+01
8.750000000000000000e-01,1.685034233644781665e+01
8.760000000000000009e-01,1.693136189489998955e+01
8.770000000000000018e-01,1.689663173317487121e+01
8.780000000000000027e-01,1.691923744292946452e+01
8.790000000000000036e-01,1.691191441983936983e+01
8.800000000000000044e-01,1.687825830630261237e+01
8.810000000000000053e-01,1.688687443424398182e+01
8.820000000000000062e-01,1.692229979121882621e+01
8.830000000000000071e-01,1.689964384877707460e+01
8.840000000000000080e-01,1.684749205850881282e+01
8.850000000000000089e-01,1.691032292832520056e+01
8.860000000000000098e-01,1.686035042665350758e+01
8.870000000000000107e-01,1.696555472485397331e+01
8.880000000000000115e-01,1.689866417783728281e+01
8.890000000000000124e-01,1.686698902178895310e+01
8.900000000000000133e-01,1.686548315971644740e+01
8.910000000000000142e-01,1.685126813783172395e+01
8.920000000000000151e-01,1.692901324698994614e+01
8.930000000000000160e-01,1.692837796126906014e+01
8.940000000000000169e-01,1.688584717536092583e+01
8.950000000000000178e-01,1.690823873792448495e+01
8.960000000000000187e-01,1.689584830831748619e+01
8.970000000000000195e-01,1.688423784363276781e+01
8.980000000000000204e-01,1.696750782923712109e+01
8.990000000000000213e-01,1.691775063251915512e+01
9.000000000000000222e-01,1.692227583839476424e+01
9.010000000000000231e-01,1.693777196919363348e+01
9.020000000000000240e-01,1.692180008239486355e+01
9.030000000000000249e-01,1.693855825351860389e+01
9.040000000000000258e-01,1.693329533413347221e+01
9.050000000000000266e-01,1.688284434088360797e+01
9.060000000000000275e-01,1.688068603299950965e+01
9.070000000000000284e-01,1.690577068832303453e+01
9.080000000000000293e-01,1.696142522290980992e+01
9.090000000000000302e-01,1.686702511279547423e+01
9.100000000000000311e-01,1.681896688642562765e+01
9.110000000000000320e-01,1.686626081640196162e+01
9.120000000000000329e-01,1.691359865820866304e+01
9.130000000000000338e-01,1.684273203892135484e+01
9.140000000000000346e-01,1.684990059945498686e+01
9.150000000000000355e-01,1.691015473882087150e+01
9.160000000000000364e-01,1.687931236660491408e+01
9.170000000000000373e-01,1.687245352478683813e+01
9.180000000000000382e-01,1.691666522270511308e+01
9.190000000000000391e-01,1.688687620680403967e+01
9.200000000000000400e-01,1.699572014647535667e+01
9.210000000000000409e-01,1.693319479236206604e+01
9.220000000000000417e-01,1.688165355446303550e+01
9.230000000000000426e-01,1.687263734735267207e+01
9.240000000000000435e-01,1.687813701284938261e+01
9.250000000000000444e-01,1.689445545350627498e+01
9.260000000000000453e-01,1.688186113422940693e+01
9.270000000000000462e-01,1.691521880505441899e+01
9.280000000000000471e-01,1.691818930848764779e+01
9.290000000000000480e-01,1.693741364547389594e+01
9.300000000000000488e-01,1.693547332268700600e+01
9.310000000000000497e-01,1.686584400315458510e+01
9.320000000000000506e-01,1.689904150973420371e+01
9.330000000000000515e-01,1.686131195452881926e+01
9.340000000000000524e-01,1.687151820013180270e+01
9.350000000000000533e-01,1.691907618921361944e+01
9.360000000000000542e-01,1.691646385732860836e+01
9.370000000000000551e-01,1.688640540106326782e+01
9.379999999999999449e-01,1.686734326711774656e+01
9.389999999999999458e-01,1.690889926972339552e+01
9.399999999999999467e-01,1.688363843889771587e+01
9.409999999999999476e-01,1.683385395057137401e+01
9.419999999999999485e-01,1.681367752735723187e+01
9.429999999999999494e-01,1.689474177233545404e+01
9.439999999999999503e-01,1.687586981431251232e+01
9.449999999999999512e-01,1.688429534627478290e+01
9.459999999999999520e-01,1.680028459273545849e+01
9.469999999999999529e-01,1.684129363725865147e+01
9.479999999999999538e-01,1.687196323304425860e+01
9.489999999999999547e-01,1.693856975319627622e+01
9.499999999999999556e-01,1.691046493564459752e+01
9.509999999999999565e-01,1.679227847405945084e+01
9.519999999999999574e-01,1.690806384095538206e+01
9.529999999999999583e-01,1.684847397790814227e+01
9.539999999999999591e-01,1.689612176072757421e+01
9.549999999999999600e-01,1.691902510797477177e+01
9.559999999999999609e-01,1.684685754281064263e+01
9.569999999999999618e-01,1.693664372453526923e+01
9.579999999999999627e-01,1.694641233985264250e+01
9.589999999999999636e-01,1.686700886086706319e+01
9.599999999999999645e-01,1.686483812685757755e+01
9.609999999999999654e-01,1.688111501077957755e+01
9.619999999999999662e-01,1.687500096020331597e+01
9.629999999999999671e-01,1.691354862147734650e+01
9.639999999999999680e-01,1.689441887462606928e+01
9.649999999999999689e-01,1.695332078269558096e+01
9.659999999999999698e-01,1.691523990193889304e+01
9.669999999999999707e-01,1.686089701762529458e+01
9.679999999999999716e-01,1.690771963577529746e+01
9.689999999999999725e-01,1.692599551680758552e+01
9.699999999999999734e-01,1.688977848509955493e+01
9.709999999999999742e-01,1.686012492698917242e+01
9.719999999999999751e-01,1.688469959559155953e+01
9.729999999999999760e-01,1.691989499338500380e+01
9.739999999999999769e-01,1.686120433871558077e+01
9.749999999999999778e-01,1.687259029177349845e+01
9.759999999999999787e-01,1.685545042140317307e+01
9.769999999999999796e-01,1.681878878306305225e+01
9.779999999999999805e-01,1.685443063806621211e+01
9.789999999999999813e-01,1.685206538182754699e+01
9.799999999999999822e-01,1.688816317144153345e+01
9.809999999999999831e-01,1.683145065133960827e+01
9.819999999999999840e-01,1.687245322176049100e+01
9.829999999999999849e-01,1.694534268782945219e+01
9.839999999999999858e-01,1.687970726084877882e+01
9.849999999999999867e-01,1.691776565397494281e+01
9.859999999999999876e-01,1.685229782754402805e+01
9.869999999999999885e-01,1.690927559813331627e+01
9.879999999999999893e-01,1.698022271448326137e+01
9.889999999999999902e-01,1.692326366515735003e+01
9.899999999999999911e-01,1.687825326841759122e+01
9.909999999999999920e-01,1.693326774640298638e+01
9.919999999999999929e-01,1.696546069120757849e+01
9.929999999999999938e-01,1.692587029814518118e+01
9.939999999999999947e-01,1.683029227528649230e+01
9.949999999999999956e-01,1.697730353071106180e+01
9.959999999999999964e-01,1.691494012592750806e+01
9.969999999999999973e-01,1.697642321496686080e+01
9.979999999999999982e-01,1.691640411112278031e+01
9.989999999999999991e-01,1.686719659486333356e+01
1.000000000000000000e+00,1.685236877637983000e+01
1.000999999999999890e+00,1.679041946094348603e+01
1.002000000000000002e+00,1.696424032023747230e+01
1.002999999999999892e+00,1.693131130251792982e+01
1.004000000000000004e+00,1.689398040118543420e+01
1.004999999999999893e+00,1.695748390621733748e+01
1.006000000000000005e+00,1.693062720112411057e+01
1.006999999999999895e+00,1.698952844794299821e+01
1.008000000000000007e+00,1.693368622013074543e+01
1.008999999999999897e+00,1.691103752215322942e+01
1.010000000000000009e+00,1.682563122784513254e+01
1.010999999999999899e+00,1.684804328287363617e+01
1.012000000000000011e+00,1.689886801138281314e+01
1.012999999999999901e+00,1.689860323128672803e+01
1.014000000000000012e+00,1.689806026673614525e+01
1.014999999999999902e+00,1.689120691980853550e+01
1.016000000000000014e+00,1.689097099485648457e+01
1.016999999999999904e+00,1.692951578365401843e+01
1.018000000000000016e+00,1.683081438710749111e+01
1.018999999999999906e+00,1.684263082419957414e+01
1.020000000000000018e+00,1.690642673576804000e+01
1.020999999999999908e+00,1.688921928311982867e+01
1.022000000000000020e+00,1.686859555104277320e+01
1.022999999999999909e+00,1.686589691549729864e+01
1.024000000000000021e+00,1.687521318288895600e+01
1.024999999999999911e+00,1.684596110448703143e+01
1.026000000000000023e+00,1.682987002895090711e+01
1.026999999999999913e+00,1.689609937937751027e+01
1.028000000000000025e+00,1.685363292320377226e+01
1.028999999999999915e+00,1.690891525070847123e+01
1.030000000000000027e+00,1.694844307299764097e+01
1.030999999999999917e+00,1.692702138857668004e+01
1.032000000000000028e+00,1.687543043346343197e+01
1.032999999999999918e+00,1.688340029569460299e+01
1.034000000000000030e+00,1.690811872636473723e+01
1.034999999999999920e+00,1.691868885378890752e+01
1.036000000000000032e+00,1.691284490466506085e+01
1.036999999999999922e+00,1.686862210873676204e+01
1.038000000000000034e+00,1.688676834735307963e+01
1.038999999999999924e+00,1.687495284520115746e+01
1.040000000000000036e+00,1.689570057850053431e+01
1.040999999999999925e+00,1.687728603874313649e+01
1.042000000000000037e+00,1.682274763531732731e+01
1.042999999999999927e+00,1.687461179730880190e+01
1.044000000000000039e+00,1.693114886379205686e+01
1.044999999999999929e+00,1.696044324794679881e+01
1.046000000000000041e+00,1.682906167334627767e+01
1.046999999999999931e+00,1.686701376400592167e+01
1.048000000000000043e+00,1.684932595250202070e+01
1.048999999999999932e+00,1.695569668648576922e+01
1.050000000000000044e+00,1.695001445036757559e+01
1.050999999999999934e+00,1.691425868487127104e+01
1.052000000000000046e+00,1.696440032680769505e+01
1.052999999999999936e+00,1.692120129247929228e+01
1.054000000000000048e+00,1.694847089974435406e+01
1.054999999999999938e+00,1.698185191776695646e+01
1.056000000000000050e+00,1.692517620537713796e+01
1.056999999999999940e+00,1.695317936201082176e+01
1.058000000000000052e+00,1.697022823670228320e+01
1.058999999999999941e+00,1.695825517382293057e+01
1.060000000000000053e+00,1.697844060139703615e+01
1.060999999999999943e+00,1.696955671249781261e+01
1.062000000000000055e+00,1.696430390930759913e+01
1.062999999999999945e+00,1.698342331147703987e+01
1.064000000000000057e+00,1.695477466047239545e+01
1.064999999999999947e+00,1.698101059674596058e+01
1.066000000000000059e+00,1.701884165742240640e+01
1.066999999999999948e+00,1.701305002181017301e+01
1.068000000000000060e+00,1.699803043401182023e+01
1.068999999999999950e+00,1.697968931667069370e+01
1.070000000000000062e+00,1.705315146244534930e+01
1.070999999999999952e+00,1.704114524455346569e+01
1.072000000000000064e+00,1.705921907313600983e+01
1.072999999999999954e+00,1.699018375699852612e+01
1.074000000000000066e+00,1.700012030463582136e+01
1.074999999999999956e+00,1.698293645269194485e+01
1.076000000000000068e+00,1.693081956051134185e+01
1.076999999999999957e+00,1.687966482848518623e+01
1.078000000000000069e+00,1.699393523173576170e+01
1.078999999999999959e+00,1.689764729094168061e+01
1.080000000000000071e+00,1.695126583687114419e+01
1.080999999999999961e+00,1.696492118537252125e+01
1.082000000000000073e+00,1.692806732811070702e+01
1.082999999999999963e+00,1.689612514629693507e+01
1.084000000000000075e+00,1.697374535923896133e+01
1.084999999999999964e+00,1.697078245373536731e+01
1.086000000000000076e+00,1.699569497802230700e+01
1.086999999999999966e+00,1.702585215207468750e+01
1.088000000000000078e+00,1.700149313871570911e+01
1.088999999999999968e+00,1.699500006356508663e+01
1.090000000000000080e+00,1.699750685983203624e+01
1.090999999999999970e+00,1.691974926517983846e+01
1.092000000000000082e+00,1.697186494927439071e+01
1.092999999999999972e+00,1.689243571962749968e+01
1.094000000000000083e+00,1.695042659619246450e+01
1.094999999999999973e+00,1.697852819776288769e+01
1.096000000000000085e+00,1.695152986549810237e+01
1.096999999999999975e+00,1.696233936999161784e+01
1.098000000000000087e+00,1.699643653883546790e+01
1.098999999999999977e+00,1.701751729423115833e+01
1.100000000000000089e+00,1.693120103409753696e+01
1.100999999999999979e+00,1.698170464550444336e+01
1.102000000000000091e+00,1.703910605461651784e+01
1.102999999999999980e+00,1.698380546555009829e+01
1.104000000000000092e+00,1.699350640698358816e+01
1.104999999999999982e+00,1.705499295693477890e+01
1.106000000000000094e+00,1.699727145529782035e+01
1.106999999999999984e+00,1.700319956605324023e+01
1.108000000000000096e+00,1.703987048754922995e+01
1.108999999999999986e+00,1.699592522536773842e+01
1.110000000000000098e+00,1.696099349235097620e+01
1.110999999999999988e+00,1.701256608847577212e+01
1.112000000000000099e+00,1.698707872932988039e+01
1.112999999999999989e+00,1.705287992391806995e+01
1.114000000000000101e+00,1.703722585134807588e+01
1.114999999999999991e+00,1.695870212712148017e+01
1.116000000000000103e+00,1.699228477709193186e+01
1.116999999999999993e+00,1.706052935384459701e+01
1.118000000000000105e+00,1.697857243760413226e+01
1.118999999999999995e+00,1.704181474158179910e+01
1.120000000000000107e+00,1.700469038264042254e+01
1.120999999999999996e+00,1.703245686408909876e+01
1.122000000000000108e+00,1.702423307007331488e+01
1.122999999999999998e+00,1.704178115591623310e+01
1.124000000000000110e+00,1.699751708709715103e+01
1.125000000000000000e+00,1.700080785991519150e+01
1.125999999999999890e+00,1.703945921597063062e+01
1.127000000000000002e+00,1.702863398445301613e+01
1.127999999999999892e+00,1.709174363499504778e+01
1.129000000000000004e+00,1.704138277074744323e+01
1.129999999999999893e+00,1.706051119949297501e+01
1.131000000000000005e+00,1.709553753926830311e+01
1.131999999999999895e+00,1.704576071804643789e+01
1.133000000000000007e+00,1.711619650329624776e+01
1.133999999999999897e+00,1.705840768221801440e+01
1.135000000000000009e+00,1.711841511850996511e+01
1.135999999999999899e+00,1.707800842190804858e+01
1.137000000000000011e+00,1.708612401506694312e+01
1.137999999999999901e+00,1.706820380118195501e+01
1.139000000000000012e+00,1.711875837050164506e+01
1.139999999999999902e+00,1.705942476605953573e+01
1.141000000000000014e+00,1.716655524565724988e+01
1.141999999999999904e+00,1.707078321126153497e+01
1.143000000000000016e+00,1.708819058801382695e+01
1.143999999999999906e+00,1.711004604972915288e+01
1.145000000000000018e+00,1.711667355035046612e+01
1.145999999999999908e+00,1.720074951146436248e+01
1.147000000000000020e+00,1.717865249630291657e+01
1.147999999999999909e+00,1.706494790437024278e+01
1.149000000000000021e+00,1.706775656086609771e+01
1.149999999999999911e+00,1.703642382348622775e+01
1.151000000000000023e+00,1.706343481018427610e+01
1.151999999999999913e+00,1.709074589598603566e+01
1.153000000000000025e+00,1.702786349427694290e+01
1.153999999999999915e+00,1.710805047212395635e+01
1.155000000000000027e+00,1.703990361136621345e+01
1.155999999999999917e+00,1.707653852971744968e+01
1.157000000000000028e+00,1.705323172502495055e+01
1.157999999999999918e+00,1.704914634965685138e+01
1.159000000000000030e+00,1.699998045208979391e+01
1.159999999999999920e+00,1.708475336460008620e+01
1.161000000000000032e+00,1.709819536263872308e+01
1.161999999999999922e+00,1.702416787011620869e+01
1.163000000000000034e+00,1.709819832659680827e+01
1.163999999999999924e+00,1.709507263252396569e+01
1.165000000000000036e+00,1.711666172930910790e+01
1.165999999999999925e+00,1.713464323923542665e+01
1.167000000000000037e+00,1.698485424133446742e+01
1.167999999999999927e+00,1.708633076734549405e+01
1.169000000000000039e+00,1.706241883037460383e+01
1.169999999999999929e+00,1.708117769327160573e+01
1.171000000000000041e+00,1.704621104801752907e+01
1.171999999999999931e+00,1.708728554143414158e+01
1.173000000000000043e+00,1.718324197723802982e+01
1.173999999999999932e+00,1.709679932488798570e+01
1.175000000000000044e+00,1.715271557197770136e+01
1.175999999999999934e+00,1.707403028903419795e+01
1.177000000000000046e+00,1.702069567764314328e+01
1.177999999999999936e+00,1.707100254701590458e+01
1.179000000000000048e+00,1.698612581880345829e+01
1.179999999999999938e+00,1.702223756944260913e+01
1.181000000000000050e+00,1.709905830213820721e+01
1.181999999999999940e+00,1.695362031819859538e+01
1.183000000000000052e+00,1.696951838375430555e+01
1.183999999999999941e+00,1.703084006379098980e+01
1.185000000000000053e+00,1.710917590314019421e+01
1.185999999999999943e+00,1.706889615781635428e+01
1.187000000000000055e+00,1.696968930342477933e+01
1.187999999999999945e+00,1.702761585338505057e+01
1.189000000000000057e+00,1.694666609590598227e+01
1.189999999999999947e+00,1.700723894402685943e+01
1.191000000000000059e+00,1.706256238247042134e+01
1.191999999999999948e+00,1.701226521912979450e+01
1.193000000000000060e+00,1.699312613191368371e+01
1.193999999999999950e+00,1.702755932185638343e+01
1.195000000000000062e+00,1.699853967637275787e+01
1.195999999999999952e+00,1.703419303402313290e+01
1.197000000000000064e+00,1.697191428114893341e+01
1.197999999999999954e+00,1.700362789186728918e+01
1.199000000000000066e+00,1.704030248750735765e+01
1.199999999999999956e+00,1.700684637903763274e+01
1.201000000000000068e+00,1.695903730476612736e+01
1.201999999999999957e+00,1.701290229672557430e+01
1.203000000000000069e+00,1.698088523796850424e+01
1.203999999999999959e+00,1.697208433424381724e+01
1.205000000000000071e+00,1.697869691151802840e+01
1.205999999999999961e+00,1.695439441016941373e+01
1.207000000000000073e+00,1.702178173759091351e+01
1.207999999999999963e+00,1.699799605361336319e+01
1.209000000000000075e+00,1.703702641456352040e+01
1.209999999999999964e+00,1.698117714899626307e+01
1.211000000000000076e+00,1.702201490788706906e+01
1.211999999999999966e+00,1.698873276086156991e+01
1.213000000000000078e+00,1.694871931173836188e+01
1.213999999999999968e+00,1.689669257697590865e+01
1.215000000000000080e+00,1.702260847312479797e+01
1.215999999999999970e+00,1.697180758211200668e+01
1.217000000000000082e+00,1.695225530650794354e+01
1.217999999999999972e+00,1.700250137502394665e+01
1.219000000000000083e+00,1.698719766368339634e+01
1.219999999999999973e+00,1.698839452494982538e+01
1.221000000000000085e+00,1.702388988081288446e+01
1.221999999999999975e+00,1.697877033611847963e+01
1.223000000000000087e+00,1.707783523762527267e+01
1.223999999999999977e+00,1.702752545159740549e+01
1.225000000000000089e+00,1.701939669800489341e+01
1.225999999999999979e+00,1.694732732613159598e+01
1.227000000000000091e+00,1.700240080016133604e+01
1.227999999999999980e+00,1.700382040955935992e+01
1.229000000000000092e+00,1.704534614334711407e+01
1.229999999999999982e+00,1.694446175919542696e+01
1.231000000000000094e+00,1.697049917450659251e+01
1.231999999999999984e+00,1.696662156422937429e+01
1.233000000000000096e+00,1.695515213909800423e+01
1.233999999999999986e+00,1.699099058756372216e+01
1.235000000000000098e+00,1.697612743150795822e+01
1.235999999999999988e+00,1.689660782394708960e+01
1.237000000000000099e+00,1.702180841176365789e+01
1.237999999999999989e+00,1.693477591729139675e+01
1.239000000000000101e+00,1.699100629468183499e+01
1.239999999999999991e+00,1.698315300116447801e+01
1.241000000000000103e+00,1.693277245491018945e+01
1.241999999999999993e+00,1.699538717094296203e+01
1.243000000000000105e+00,1.701221542889424398e+01
1.243999999999999995e+00,1.700885297970033960e+01
1.245000000000000107e+00,1.703975533817431298e+01
1.245999999999999996e+00,1.696713603078612564e+01
1.247000000000000108e+00,1.702575098854638114e+01
1.247999999999999998e+00,1.694829456819219615e+01
1.249000000000000110e+00,1.695627569948353042e+01
1.250000000000000000e+00,1.693820218033279801e+01
1.250999999999999890e+00,1.688705537055439265e+01
1.252000000000000002e+00,1.688288763355835087e+01
1.252999999999999892e+00,1.697573091800629541e+01
1.254000000000000004e+00,1.695269171746134873e+01
1.254999999999999893e+00,1.701791659353720476e+01
1.256000000000000005e+00,1.702446605990783723e+01
1.256999999999999895e+00,1.696719397685880537e+01
1.258000000000000007e+00,1.692665264230980426e+01
1.258999999999999897e+00,1.696797243438646774e+01
1.260000000000000009e+00,1.692525063640445993e+01
1.260999999999999899e+00,1.691142162277194672e+01
1.262000000000000011e+00,1.699114778430418227e+01
1.262999999999999901e+00,1.689972937766528815e+01
1.264000000000000012e+00,1.692220878487576030e+01
1.264999999999999902e+00,1.692531097007148588e+01
1.266000000000000014e+00,1.691297175038038247e+01
1.266999999999999904e+00,1.693738172892933136e+01
1.268000000000000016e+00,1.696316974352416196e+01
1.268999999999999906e+00,1.697468504897501873e+01
1.270000000000000018e+00,1.695889441738057712e+01
1.270999999999999908e+00,1.692150271722798038e+01
1.272000000000000020e+00,1.700216490631611777e+01
1.272999999999999909e+00,1.692517443769247976e+01
1.274000000000000021e+00,1.694807507777571587e+01
1.274999999999999911e+00,1.700118573308894909e+01
1.276000000000000023e+00,1.701873686668162833e+01
1.276999999999999913e+00,1.696419687040405222e+01
1.278000000000000025e+00,1.696028427653050130e+01
1.278999999999999915e+00,1.693715354120306671e+01
1.280000000000000027e+00,1.697610708679968639e+01
1.280999999999999917e+00,1.690587375662321179e+01
1.282000000000000028e+00,1.699893922255844458e+01
1.282999999999999918e+00,1.700015345134272948e+01
1.284000000000000030e+00,1.703412763552624654e+01
1.284999999999999920e+00,1.696055603577313420e+01
1.286000000000000032e+00,1.697949208732810789e+01
1.286999999999999922e+00,1.696376577430519816e+01
1.288000000000000034e+00,1.703161168189372887e+01
1.288999999999999924e+00,1.694866910850756625e+01
1.290000000000000036e+00,1.697740645518410929e+01
1.290999999999999925e+00,1.700573276346446860e+01
1.292000000000000037e+00,1.691755121321690325e+01
1.292999999999999927e+00,1.695940287135977798e+01
1.294000000000000039e+00,1.691312676645064172e+01
1.294999999999999929e+00,1.692563112781750689e+01
1.296000000000000041e+00,1.698350980413636790e+01
1.296999999999999931e+00,1.704875399435717043e+01
1.298000000000000043e+00,1.696161671021805617e+01
1.298999999999999932e+00,1.695829435495067372e+01
1.300000000000000044e+00,1.694433840635689847e+01
1.300999999999999934e+00,1.691855712705008230e+01
1.302000000000000046e+00,1.696442162664823883e+01
1.302999999999999936e+00,1.699320987742241584e+01
1.304000000000000048e+00,1.693379852608583747e+01
1.304999999999999938e+00,1.704428744920081584e+01
1.306000000000000050e+00,1.698777537352302502e+01
1.306999999999999940e+00,1.699717751308273961e+01
1.308000000000000052e+00,1.701119157502929724e+01
1.308999999999999941e+00,1.700509644101063955e+01
1.310000000000000053e+00,1.711309001956702858e+01
1.310999999999999943e+00,1.704600914983289783e+01
1.312000000000000055e+00,1.703512075296568895e+01
1.312999999999999945e+00,1.698603933883784478e+01
1.314000000000000057e+00,1.699656543091082739e+01
1.314999999999999947e+00,1.704094242136383741e+01
1.316000000000000059e+00,1.706524020797815666e+01
1.316999999999999948e+00,1.697277077446572946e+01
1.318000000000000060e+00,1.705861897123348925e+01
1.318999999999999950e+00,1.700617231282031483e+01
1.320000000000000062e+00,1.702498803175323516e+01
1.320999999999999952e+00,1.701144665097692155e+01
1.322000000000000064e+00,1.697307019453462829e+01
1.322999999999999954e+00,1.694517310529109011e+01
1.324000000000000066e+00,1.697300857555802622e+01
1.324999999999999956e+00,1.700424241561911387e+01
1.326000000000000068e+00,1.700658658961106795e+01
1.326999999999999957e+00,1.695873029783521702e+01
1.328000000000000069e+00,1.700947997698118641e+01
1.328999999999999959e+00,1.697376081926400104e+01
1.330000000000000071e+00,1.700936703093177016e+01
1.330999999999999961e+00,1.694110349898394219e+01
1.332000000000000073e+00,1.697645067134947894e+01
1.332999999999999963e+00,1.698563177898442333e+01
1.334000000000000075e+00,1.689361965721550263e+01
1.334999999999999964e+00,1.698688233733544806e+01
1.336000000000000076e+00,1.691511445884766118e+01
1.336999999999999966e+00,1.699724471722199226e+01
1.338000000000000078e+00,1.694230672617160138e+01
1.338999999999999968e+00,1.696573414292653936e+01
1.340000000000000080e+00,1.698823454957940271e+01
1.340999999999999970e+00,1.695582424596911864e+01
1.342000000000000082e+00,1.699928545310939043e+01
1.342999999999999972e+00,1.693074120435806051e+01
1.344000000000000083e+00,1.700451238192103887e+01
1.344999999999999973e+00,1.694182174301466759e+01
1.346000000000000085e+00,1.695395445505462106e+01
1.346999999999999975e+00,1.698991724602142739e+01
1.348000000000000087e+00,1.694902378156935185e+01
1.348999999999999977e+00,1.696173802938546515e+01
1.350000000000000089e+00,1.692381567671763065e+01
1.350999999999999979e+00,1.698674787694607957e+01
1.352000000000000091e+00,1.695537951945818023e+01
1.352999999999999980e+00,1.697560578228567962e+01
1.354000000000000092e+00,1.694110802289594275e+01
1.354999999999999982e+00,1.697121610547290516e+01
1.356000000000000094e+00,1.703532871508529212e+01
1.356999999999999984e+00,1.696850366247928577e+01
1.358000000000000096e+00,1.698880703897137323e+01
1.358999999999999986e+00,1.699091393820928175e+01
1.360000000000000098e+00,1.701964286374881752e+01
1.360999999999999988e+00,1.696588165668775616e+01
1.362000000000000099e+00,1.699398724629070401e+01
1.362999999999999989e+00,1.697413655326661441e+01
1.364000000000000101e+00,1.693411001597840482e+01
1.364999999999999991e+00,1.696135691774930976e+01
1.366000000000000103e+00,1.703461986182492183e+01
1.366999999999999993e+00,1.699895472695140342e+01
1.368000000000000105e+00,1.696555423717094513e+01
1.368999999999999995e+00,1.701247090255819217e+01
1.370000000000000107e+00,1.702499205396133775e+01
1.370999999999999996e+00,1.702459028204450675e+01
1.372000000000000108e+00,1.700605267725754999e+01
1.372999999999999998e+00,1.704158723323053692e+01
1.374000000000000110e+00,1.700446349752713004e+01
1.375000000000000000e+00,1.708725807175808598e+01
1.375999999999999890e+00,1.699153046493779584e+01
1.377000000000000002e+00,1.700014268654624416e+01
1.377999999999999892e+00,1.702784528916309625e+01
1.379000000000000004e+00,1.704901837599829406e+01
1.379999999999999893e+00,1.704782729428798405e+01
1.381000000000000005e+00,1.700142447840212157e+01
1.381999999999999895e+00,1.701197799510655884e+01
1.383000000000000007e+00,1.691860433352453441e+01
1.383999999999999897e+00,1.696295148578946055e+01
1.385000000000000009e+00,1.700757709809301943e+01
1.385999999999999899e+00,1.701162376485404337e+01
1.387000000000000011e+00,1.697726333912012464e+01
1.387999999999999901e+00,1.696335148416826755e+01
1.389000000000000012e+00,1.703459346151601039e+01
1.389999999999999902e+00,1.701330393258609064e+01
1.391000000000000014e+00,1.703927459196865257e+01
1.391999999999999904e+00,1.701717408706092627e+01
1.393000000000000016e+00,1.710775942150528550e+01
1.393999999999999906e+00,1.701907632755585453e+01
1.395000000000000018e+00,1.703643865119690304e+01
1.395999999999999908e+00,1.705702257636336583e+01
1.397000000000000020e+00,1.706298692359849767e+01
1.397999999999999909e+00,1.709384923628601527e+01
1.399000000000000021e+00,1.699390128594575700e+01
1.399999999999999911e+00,1.694606696616072128e+01
1.401000000000000023e+00,1.695652825894160287e+01
1.401999999999999913e+00,1.697711946707361008e+01
1.403000000000000025e+00,1.693996720820060631e+01
1.403999999999999915e+00,1.703531172792711246e+01
1.405000000000000027e+00,1.704796939246574183e+01
1.405999999999999917e+00,1.707135063974873646e+01
1.407000000000000028e+00,1.699777205714555350e+01
1.407999999999999918e+00,1.703967219832316005e+01
1.409000000000000030e+00,1.714935374209227703e+01
1.409999999999999920e+00,1.709341618965143894e+01
1.411000000000000032e+00,1.702251443271677189e+01
1.411999999999999922e+00,1.708424957802450805e+01
1.413000000000000034e+00,1.706209568467406257e+01
1.413999999999999924e+00,1.700805452188550859e+01
1.415000000000000036e+00,1.703779244462322140e+01
1.415999999999999925e+00,1.700372623275867667e+01
1.417000000000000037e+00,1.706232884178128373e+01
1.417999999999999927e+00,1.701305300219863170e+01
1.419000000000000039e+00,1.698058829646125290e+01
1.419999999999999929e+00,1.703873939308450502e+01
1.421000000000000041e+00,1.703904259208359306e+01
1.421999999999999931e+00,1.698750063237661934e+01
1.423000000000000043e+00,1.703542978721855405e+01
1.423999999999999932e+00,1.703607157430048957e+01
1.425000000000000044e+00,1.700947238848997500e+01
1.425999999999999934e+00,1.695664628659656614e+01
1.427000000000000046e+00,1.705274470000532006e+01
1.427999999999999936e+00,1.705517619533970830e+01
1.429000000000000048e+00,1.706754094628090002e+01
1.429999999999999938e+00,1.698716873510451109e+01
1.431000000000000050e+00,1.704432470156572066e+01
1.431999999999999940e+00,1.708466569626315135e+01
1.433000000000000052e+00,1.714555069701730261e+01
1.433999999999999941e+00,1.707361928570177412e+01
1.435000000000000053e+00,1.709260793314722449e+01
1.435999999999999943e+00,1.709831585915465979e+01
1.437000000000000055e+00,1.706048066653526618e+01
1.437999999999999945e+00,1.705778734820486875e+01
1.439000000000000057e+00,1.709582484327771112e+01
1.439999999999999947e+00,1.709072762520567679e+01
1.441000000000000059e+00,1.711684129130771836e+01
1.441999999999999948e+00,1.714035074832572647e+01
1.443000000000000060e+00,1.713480640288250711e+01
1.443999999999999950e+00,1.707759954192188090e+01
1.445000000000000062e+00,1.701992078182244228e+01
1.445999999999999952e+00,1.701299081255584866e+01
1.447000000000000064e+00,1.705072952933250718e+01
1.447999999999999954e+00,1.709776915393739571e+01
1.449000000000000066e+00,1.703497244990330728e+01
1.449999999999999956e+00,1.699332333319141597e+01
1.451000000000000068e+00,1.704386512677873711e+01
1.451999999999999957e+00,1.707628792016871699e+01
1.453000000000000069e+00,1.712090062120596201e+01
1.453999999999999959e+00,1.713078243928844913e+01
1.455000000000000071e+00,1.717570388563799355e+01
1.455999999999999961e+00,1.709550213452772738e+01
1.457000000000000073e+00,1.711490768402675755e+01
1.457999999999999963e+00,1.713709322070825891e+01
1.459000000000000075e+00,1.712011083890818242e+01
1.459999999999999964e+00,1.715989741950151171e+01
1.461000000000000076e+00,1.713247266294926874e+01
1.461999999999999966e+00,1.709267322820155144e+01
1.463000000000000078e+00,1.708910419373859924e+01
1.463999999999999968e+00,1.704927830312535519e+01
1.465000000000000080e+00,1.713514703784425919e+01
1.465999999999999970e+00,1.708555109949659823e+01
1.467000000000000082e+00,1.703082521658092219e+01
1.467999999999999972e+00,1.709113310759121873e+01
1.469000000000000083e+00,1.708245741767965598e+01
1.469999999999999973e+00,1.709729853453833570e+01
1.471000000000000085e+00,1.711705111784717914e+01
1.471999999999999975e+00,1.713266124107287425e+01
1.473000000000000087e+00,1.705491847360487867e+01
1.473999999999999977e+00,1.710177835842866045e+01
1.475000000000000089e+00,1.712289760751483669e+01
1.475999999999999979e+00,1.703706911696815851e+01
1.477000000000000091e+00,1.712514507984060330e+01
1.477999999999999980e+00,1.719608850201949934e+01
1.479000000000000092e+00,1.710696472377072297e+01
1.479999999999999982e+00,1.713297210775004942e+01
1.481000000000000094e+00,1.710860831406510485e+01
1.481999999999999984e+00,1.714242299822058158e+01
1.483000000000000096e+00,1.706907692856720260e+01
1.483999999999999986e+00,1.706370512967434294e+01
1.485000000000000098e+00,1.703857498188970965e+01
1.485999999999999988e+00,1.700990509393943384e+01
1.487000000000000099e+00,1.698922995243603395e+01
1.487999999999999989e+00,1.710655964847209631e+01
1.489000000000000101e+00,1.710939965069258406e+01
1.489999999999999991e+00,1.701783420408840186e+01
1.491000000000000103e+00,1.707166723711501177e+01
1.491999999999999993e+00,1.709963655149684314e+01
1.493000000000000105e+00,1.710540535718919841e+01
1.493999999999999995e+00,1.705898643529140202e+01
1.495000000000000107e+00,1.703343910651599913e+01
1.495999999999999996e+00,1.710965724960770729e+01
1.497000000000000108e+00,1.709085647744355185e+01
1.497999999999999998e+00,1.714536345353080549e+01
1.499000000000000110e+00,1.713819217959117580e+01
1.500000000000000000e+00,1.720789461325748704e+01
1.500999999999999890e+00,1.707971595688057675e+01
1.502000000000000002e+00,1.712121104240317138e+01
1.502999999999999892e+00,1.713098115202647165e+01
1.504000000000000004e+00,1.713593733727476831e+01
1.504999999999999893e+00,1.706811345507365729e+01
1.506000000000000005e+00,1.711514386078523842e+01
1.506999999999999895e+00,1.713667295811618274e+01
1.508000000000000007e+00,1.712153055135629742e+01
1.508999999999999897e+00,1.710889140086381133e+01
1.510000000000000009e+00,1.715471559535324531e+01
1.510999999999999899e+00,1.714280373592262663e+01
1.512000000000000011e+00,1.712631872398592137e+01
1.512999999999999901e+00,1.712739882430064853e+01
1.514000000000000012e+00,1.718433856836681883e+01
1.514999999999999902e+00,1.717081781410140096e+01
1.516000000000000014e+00,1.717158286755421059e+01
1.516999999999999904e+00,1.716550060337991113e+01
1.518000000000000016e+00,1.719129827351648743e+01
1.518999999999999906e+00,1.711393363360287623e+01
1.520000000000000018e+00,1.710234747195537608e+01
1.520999999999999908e+00,1.719527187618879793e+01
1.522000000000000020e+00,1.719278540180273041e+01
1.522999999999999909e+00,1.723278242375666380e+01
1.524000000000000021e+00,1.722781609091659050e+01
1.524999999999999911e+00,1.726460302157282101e+01
1.526000000000000023e+00,1.717715960336301606e+01
1.526999999999999913e+00,1.729041473266999418e+01
1.528000000000000025e+00,1.716526963607797640e+01
1.528999999999999915e+00,1.714826129820573897e+01
1.530000000000000027e+00,1.705111007096520837e+01
1.530999999999999917e+00,1.708150174846904434e+01
1.532000000000000028e+00,1.701199152109217394e+01
1.532999999999999918e+00,1.705792829725847781e+01
1.534000000000000030e+00,1.701116501929479696e+01
1.534999999999999920e+00,1.700633915742270830e+01
1.536000000000000032e+00,1.713203842175375868e+01
1.536999999999999922e+00,1.707667592375886301e+01
1.538000000000000034e+00,1.705076439215799766e+01
1.538999999999999924e+00,1.708230626906264149e+01
1.540000000000000036e+00,1.702320786841952582e+01
1.540999999999999925e+00,1.709529706509601965e+01
1.542000000000000037e+00,1.713931388404188638e+01
1.542999999999999927e+00,1.706159268326665668e+01
1.544000000000000039e+00,1.710185662739348444e+01
1.544999999999999929e+00,1.707910988723069323e+01
1.546000000000000041e+00,1.710926304695720290e+01
1.546999999999999931e+00,1.708315706202252571e+01
1.548000000000000043e+00,1.712861832751359970e+01
1.548999999999999932e+00,1.714825065203849164e+01
1.550000000000000044e+00,1.708181543247761525e+01
1.550999999999999934e+00,1.700908343345415119e+01
1.552000000000000046e+00,1.703132654880708685e+01
1.552999999999999936e+00,1.711258381180810773e+01
1.554000000000000048e+00,1.712220014765748743e+01
1.554999999999999938e+00,1.706185879489930102e+01
1.556000000000000050e+00,1.703069518250069336e+01
1.556999999999999940e+00,1.705181771633793275e+01
1.558000000000000052e+00,1.709651459168345866e+01
1.558999999999999941e+00,1.707015927606725114e+01
1.560000000000000053e+00,1.707046966147934342e+01
1.560999999999999943e+00,1.709440089169050481e+01
1.562000000000000055e+00,1.703114556841007854e+01
1.562999999999999945e+00,1.701425421536011839e+01
1.564000000000000057e+00,1.706348839030407305e+01
1.564999999999999947e+00,1.706134149610639383e+01
1.566000000000000059e+00,1.709055369640837085e+01
1.566999999999999948e+00,1.701885018984989983e+01
1.568000000000000060e+00,1.706849760270386440e+01
1.568999999999999950e+00,1.714574591295719586e+01
1.570000000000000062e+00,1.710193819749309441e+01
1.570999999999999952e+00,1.706275136822265637e+01
1.572000000000000064e+00,1.703282613405082557e+01
1.572999999999999954e+00,1.706580694832316070e+01
1.574000000000000066e+00,1.703734209356816365e+01
1.574999999999999956e+00,1.708307718611639459e+01
1.576000000000000068e+00,1.707932518963352209e+01
1.576999999999999957e+00,1.699037290134451794e+01
1.578000000000000069e+00,1.707438923182160195e+01
1.578999999999999959e+00,1.705982924381379817e+01
1.580000000000000071e+00,1.703197862347142078e+01
1.580999999999999961e+00,1.708050454284780173e+01
1.582000000000000073e+00,1.701549241457344408e+01
1.582999999999999963e+00,1.710861504886241136e+01
1.584000000000000075e+00,1.706536490937241268e+01
1.584999999999999964e+00,1.714063774406935892e+01
1.586000000000000076e+00,1.712347378429964451e+01
1.586999999999999966e+00,1.708152788695211655e+01
1.588000000000000078e+00,1.711133352992212764e+01
1.588999999999999968e+00,1.709543874464863933e+01
1.590000000000000080e+00,1.706868413737496581e+01
1.590999999999999970e+00,1.706727330111058549e+01
1.592000000000000082e+00,1.702660089162336376e+01
1.592999999999999972e+00,1.711605541330087732e+01
1.594000000000000083e+00,1.699491248743150251e+01
1.594999999999999973e+00,1.705336138887155428e+01
1.596000000000000085e+00,1.703985810290272696e+01
1.596999999999999975e+00,1.699463536602057090e+01
1.598000000000000087e+00,1.698243854826572274e+01
1.598999999999999977e+00,1.701929559875516773e+01
1.600000000000000089e+00,1.698701791412261386e+01
1.600999999999999979e+00,1.705094041168004537e+01
1.602000000000000091e+00,1.704842169829105458e+01
1.602999999999999980e+00,1.704193536087931093e+01
1.604000000000000092e+00,1.704237223206680341e+01
1.604999999999999982e+00,1.710202381043845321e+01
1.606000000000000094e+00,1.706361235227880968e+01
1.606999999999999984e+00,1.710436995570175256e+01
1.608000000000000096e+00,1.707090693999066744e+01
1.608999999999999986e+00,1.710830745521787577e+01
1.610000000000000098e+00,1.708394834547278052e+01
1.610999999999999988e+00,1.702059799453463285e+01
1.612000000000000099e+00,1.707112408862835551e+01
1.612999999999999989e+00,1.713535537647614859e+01
1.614000000000000101e+00,1.710642817827648088e+01
1.614999999999999991e+00,1.710238889383757765e+01
1.616000000000000103e+00,1.710689884150302120e+01
1.616999999999999993e+00,1.706599494048563059e+01
1.618000000000000105e+00,1.710251461075550594e+01
1.618999999999999995e+00,1.707465927037165443e+01
1.620000000000000107e+00,1.711609516326205949e+01
1.620999999999999996e+00,1.708622536018122418e+01
1.622000000000000108e+00,1.709479817777391730e+01
1.622999999999999998e+00,1.703069087357815903e+01
1.624000000000000110e+00,1.707896536286384759e+01
1.625000000000000000e+00,1.709159490053965413e+01
1.625999999999999890e+00,1.707278902937155607e+01
1.627000000000000002e+00,1.708619105751595413e+01
1.627999999999999892e+00,1.704100314849314657e+01
1.629000000000000004e+00,1.711107720713250302e+01
1.629999999999999893e+00,1.711931270078957468e+01
1.631000000000000005e+00,1.707629884108191831e+01
1.631999999999999895e+00,1.711678593541101279e+01
1.633000000000000007e+00,1.710350691504572396e+01
1.633999999999999897e+00,1.704431591225243992e+01
1.635000000000000009e+00,1.708695337135450032e+01
1.635999999999999899e+00,1.706889590933651846e+01
1.637000000000000011e+00,1.706164105917430263e+01
1.637999999999999901e+00,1.704833994281489140e+01
1.639000000000000012e+00,1.707298741252063934e+01
1.639999999999999902e+00,1.709127509614213736e+01
1.641000000000000014e+00,1.711315442086493022e+01
1.641999999999999904e+00,1.705984036734610498e+01
1.643000000000000016e+00,1.706496419355747562e+01
1.643999999999999906e+00,1.712891909573857774e+01
1.645000000000000018e+00,1.709133026246207976e+01
1.645999999999999908e+00,1.711807500925825209e+01
1.647000000000000020e+00,1.711734750073872746e+01
1.647999999999999909e+00,1.715462818248628096e+01
1.649000000000000021e+00,1.708432204043104363e+01
1.649999999999999911e+00,1.708954831988484102e+01
1.651000000000000023e+00,1.701712602040024080e+01
1.651999999999999913e+00,1.701207212685822157e+01
1.653000000000000025e+00,1.699169972292182607e+01
1.653999999999999915e+00,1.706793289124025748e+01
1.655000000000000027e+00,1.711493059711162701e+01
1.655999999999999917e+00,1.707782999907726662e+01
1.657000000000000028e+00,1.700363186930573889e+01
1.657999999999999918e+00,1.711325427875019756e+01
1.659000000000000030e+00,1.709347110843672723e+01
1.659999999999999920e+00,1.706157716410909231e+01
1.661000000000000032e+00,1.713322293811180685e+01
1.661999999999999922e+00,1.699720234720901502e+01
1.663000000000000034e+00,1.704990483714533056e+01
1.663999999999999924e+00,1.707788443501761932e+01
1.665000000000000036e+00,1.709055042295836913e+01
1.665999999999999925e+00,1.705913979513004364e+01
1.667000000000000037e+00,1.715022405602971389e+01
1.667999999999999927e+00,1.699664575325004279e+01
1.669000000000000039e+00,1.696446148814737143e+01
1.669999999999999929e+00,1.695838166050579687e+01
1.671000000000000041e+00,1.698581998204489096e+01
1.671999999999999931e+00,1.695881613287880540e+01
1.673000000000000043e+00,1.698603733105555591e+01
1.673999999999999932e+00,1.696053024820978194e+01
1.675000000000000044e+00,1.699670089236363779e+01
1.675999999999999934e+00,1.698807634847640102e+01
1.677000000000000046e+00,1.702505149947359797e+01
1.677999999999999936e+00,1.705495462890236169e+01
1.679000000000000048e+00,1.698040965469144226e+01
1.679999999999999938e+00,1.703608728019314356e+01
1.681000000000000050e+00,1.704700614141570369e+01
1.681999999999999940e+00,1.699972421112918042e+01
1.683000000000000052e+00,1.697191514619706609e+01
1.683999999999999941e+00,1.697570628983833529e+01
1.685000000000000053e+00,1.696251846172406985e+01
1.685999999999999943e+00,1.697686695123992706e+01
1.687000000000000055e+00,1.696326202957150286e+01
1.687999999999999945e+00,1.695758939177044056e+01
1.689000000000000057e+00,1.694376317544924149e+01
1.689999999999999947e+00,1.696172671900806606e+01
1.691000000000000059e+00,1.693877796582415485e+01
1.691999999999999948e+00,1.690908645619141737e+01
1.693000000000000060e+00,1.692298432838162014e+01
1.693999999999999950e+00,1.688103668326907325e+01
1.695000000000000062e+00,1.689844431854802664e+01
1.695999999999999952e+00,1.685830117775092063e+01
1.697000000000000064e+00,1.693058499608427780e+01
1.697999999999999954e+00,1.696225148147295769e+01
1.699000000000000066e+00,1.686734763253141622e+01
1.699999999999999956e+00,1.693812472924906487e+01
1.701000000000000068e+00,1.690940758975898106e+01
1.701999999999999957e+00,1.689507432236898055e+01
1.703000000000000069e+00,1.685964178730482743e+01
1.703999999999999959e+00,1.692113124665739576e+01
1.705000000000000071e+00,1.690549458963050355e+01
1.705999999999999961e+00,1.690305219548002214e+01
1.707000000000000073e+00,1.690234143671174749e+01
1.707999999999999963e+00,1.689095366368107776e+01
1.709000000000000075e+00,1.693003702716771386e+01
1.709999999999999964e+00,1.688294127726410210e+01
1.711000000000000076e+00,1.685238176139219135e+01
1.711999999999999966e+00,1.684476496836212078e+01
1.713000000000000078e+00,1.688100261469620733e+01
1.713999999999999968e+00,1.690830189934057159e+01
1.715000000000000080e+00,1.687307916146524889e+01
1.715999999999999970e+00,1.692148429566440626e+01
1.717000000000000082e+00,1.691538938579123652e+01
1.717999999999999972e+00,1.694859084567530516e+01
1.719000000000000083e+00,1.690897977832400301e+01
1.719999999999999973e+00,1.691644542574177024e+01
1.721000000000000085e+00,1.697434148464847681e+01
1.721999999999999975e+00,1.692447271165608669e+01
1.723000000000000087e+00,1.695438162369213941e+01
1.723999999999999977e+00,1.702022068105526387e+01
1.725000000000000089e+00,1.690931212860521882e+01
1.725999999999999979e+00,1.684021450349757743e+01
1.727000000000000091e+00,1.696215253969250014e+01
1.727999999999999980e+00,1.698149948518746299e+01
1.729000000000000092e+00,1.697031041985442101e+01
1.729999999999999982e+00,1.691679705179905824e+01
1.731000000000000094e+00,1.692571139401018598e+01
1.731999999999999984e+00,1.696309769562308034e+01
1.733000000000000096e+00,1.693376225372524502e+01
1.733999999999999986e+00,1.694191569325452917e+01
1.735000000000000098e+00,1.695091157217987288e+01
1.735999999999999988e+00,1.693685366008715931e+01
1.737000000000000099e+00,1.691704007002958576e+01
1.737999999999999989e+00,1.689027497571978387e+01
1.739000000000000101e+00,1.691708476402618899e+01
1.739999999999999991e+00,1.690262768473184707e+01
1.741000000000000103e+00,1.687148321903976722e+01
1.741999999999999993e+00,1.690350110621877278e+01
1.743000000000000105e+00,1.688713511822621172e+01
1.743999999999999995e+00,1.689044731323771842e+01
1.745000000000000107e+00,1.695977192596970795e+01
1.745999999999999996e+00,1.688666555938860014e+01
1.747000000000000108e+00,1.687002745710250906e+01
1.747999999999999998e+00,1.685492575656419234e+01
1.749000000000000110e+00,1.682865665771626240e+01
1.750000000000000000e+00,1.694443655571146223e+01
1.750999999999999890e+00,1.688956106673779445e+01
1.752000000000000002e+00,1.689002676662993352e+01
1.752999999999999892e+00,1.695979540208020353e+01
1.754000000000000004e+00,1.691290216496749466e+01
1.754999999999999893e+00,1.698702912294075063e+01
1.756000000000000005e+00,1.685815402775914862e+01
1.756999999999999895e+00,1.689701874614779697e+01
1.758000000000000007e+00,1.693213435453368731e+01
1.758999999999999897e+00,1.688253366380049059e+01
1.760000000000000009e+00,1.695822227901949830e+01
1.760999999999999899e+00,1.697227068586822440e+01
1.762000000000000011e+00,1.694801572381884114e+01
1.762999999999999901e+00,1.697647472801919832e+01
1.764000000000000012e+00,1.699045828820680271e+01
1.764999999999999902e+00,1.696803493376543770e+01
1.766000000000000014e+00,1.693813329827278480e+01
1.766999999999999904e+00,1.700350463329938933e+01
1.768000000000000016e+00,1.697633925750724515e+01
1.768999999999999906e+00,1.692290054871238425e+01
1.770000000000000018e+00,1.691803456611229350e+01
1.770999999999999908e+00,1.692288394173789001e+01
1.772000000000000020e+00,1.696341358908265562e+01
1.772999999999999909e+00,1.702959874930831319e+01
1.774000000000000021e+00,1.701997388660646848e+01
1.774999999999999911e+00,1.700028927369649523e+01
1.776000000000000023e+00,1.697118586104961935e+01
1.776999999999999913e+00,1.692842656902819343e+01
1.778000000000000025e+00,1.694625393017375714e+01
1.778999999999999915e+00,1.706500137803666206e+01
1.780000000000000027e+00,1.695695512457902154e+01
1.780999999999999917e+00,1.684814750605053035e+01
1.782000000000000028e+00,1.693038875650206876e+01
1.782999999999999918e+00,1.700185539367897292e+01
1.784000000000000030e+00,1.697896781629562213e+01
1.784999999999999920e+00,1.696825639035081323e+01
1.786000000000000032e+00,1.688943207237806732e+01
1.786999999999999922e+00,1.692492744231144641e+01
1.788000000000000034e+00,1.688585329374310007e+01
1.788999999999999924e+00,1.689513685935474641e+01
1.790000000000000036e+00,1.689733075219757552e+01
1.790999999999999925e+00,1.691354852234290718e+01
1.792000000000000037e+00,1.691814985570150753e+01
1.792999999999999927e+00,1.697590341941151237e+01
1.794000000000000039e+00,1.695270694226621089e+01
1.794999999999999929e+00,1.689767595670821976e+01
1.796000000000000041e+00,1.693043522328355976e+01
1.796999999999999931e+00,1.692973593481674754e+01
1.798000000000000043e+00,1.690566354744273525e+01
1.798999999999999932e+00,1.692240881163192867e+01
1.800000000000000044e+00,1.689183863402226748e+01
1.800999999999999934e+00,1.691540330865559127e+01
1.802000000000000046e+00,1.695085363190919381e+01
1.802999999999999936e+00,1.700480500148093910e+01
1.804000000000000048e+00,1.699991002892779690e+01
1.804999999999999938e+00,1.696971472199271602e+01
1.806000000000000050e+00,1.696112330784846023e+01
1.806999999999999940e+00,1.700865895735781308e+01
1.808000000000000052e+00,1.700283322121264717e+01
1.808999999999999941e+00,1.695182067841013307e+01
1.810000000000000053e+00,1.693170648348651497e+01
1.810999999999999943e+00,1.697975407293722583e+01
1.812000000000000055e+00,1.694421586213640296e+01
1.812999999999999945e+00,1.696554664730718187e+01
1.814000000000000057e+00,1.707199473205391627e+01
1.814999999999999947e+00,1.696298140568939061e+01
1.816000000000000059e+00,1.705089238718706923e+01
1.816999999999999948e+00,1.698777968850032494e+01
1.818000000000000060e+00,1.699254185474173440e+01
1.818999999999999950e+00,1.704591241097832821e+01
1.820000000000000062e+00,1.696724161573243705e+01
1.820999999999999952e+00,1.691449979622874622e+01
1.822000000000000064e+00,1.697013632131968919e+01
1.822999999999999954e+00,1.692749245139372150e+01
1.824000000000000066e+00,1.690979682684409369e+01
1.824999999999999956e+00,1.697516458636410164e+01
1.826000000000000068e+00,1.700325545445511821e+01
1.826999999999999957e+00,1.696434620531873350e+01
1.828000000000000069e+00,1.697106093331192156e+01
1.828999999999999959e+00,1.691974027662546476e+01
1.830000000000000071e+00,1.700651446457080596e+01
1.830999999999999961e+00,1.699389457708272388e+01
1.832000000000000073e+00,1.694018763825119223e+01
1.832999999999999963e+00,1.698863603230478958e+01
1.834000000000000075e+00,1.694467056755220113e+01
1.834999999999999964e+00,1.696842233010853818e+01
1.836000000000000076e+00,1.699728397996273088e+01
1.836999999999999966e+00,1.696378315513037194e+01
1.838000000000000078e+00,1.692636346429836181e+01
1.838999999999999968e+00,1.695860647833243462e+01
1.840000000000000080e+00,1.689510135133474478e+01
1.840999999999999970e+00,1.694582850350949599e+01
1.842000000000000082e+00,1.699574869670174238e+01
1.842999999999999972e+00,1.695112285808277974e+01
1.844000000000000083e+00,1.692049917578904328e+01
1.844999999999999973e+00,1.704521943626853897e+01
1.846000000000000085e+00,1.698958200130050855e+01
1.846999999999999975e+00,1.696096880117233852e+01
1.848000000000000087e+00,1.700489529183236215e+01
1.848999999999999977e+00,1.694579332830965868e+01
1.850000000000000089e+00,1.694651791240719518e+01
1.850999999999999979e+00,1.698366219784719533e+01
1.852000000000000091e+00,1.700606357672268487e+01
1.852999999999999980e+00,1.699870220323262160e+01
1.854000000000000092e+00,1.695418812879104209e+01
1.854999999999999982e+00,1.689734636538720380e+01
1.856000000000000094e+00,1.698775306677508468e+01
1.856999999999999984e+00,1.697492834055308464e+01
1.858000000000000096e+00,1.692764039081910710e+01
1.858999999999999986e+00,1.700149349178898461e+01
1.860000000000000098e+00,1.693036021203692698e+01
1.860999999999999988e+00,1.700765229883061380e+01
1.862000000000000099e+00,1.694725974473086794e+01
1.862999999999999989e+00,1.693689558444568277e+01
1.864000000000000101e+00,1.692675190110500694e+01
1.864999999999999991e+00,1.695523635053351441e+01
1.866000000000000103e+00,1.701236159846900620e+01
1.866999999999999993e+00,1.701938453597443868e+01
1.868000000000000105e+00,1.692351957618536318e+01
1.868999999999999995e+00,1.692133515158899115e+01
1.870000000000000107e+00,1.697173867897178923e+01
1.870999999999999996e+00,1.697569004555531791e+01
1.872000000000000108e+00,1.686915181761575866e+01
1.872999999999999998e+00,1.690570326709452686e+01
1.874000000000000110e+00,1.698666495717754898e+01
1.875000000000000000e+00,1.695588820498871030e+01
1.875999999999999890e+00,1.691940055231852824e+01
1.877000000000000002e+00,1.693295445159363410e+01
1.877999999999999892e+00,1.689889177140269894e+01
1.879000000000000004e+00,1.698513339319094229e+01
1.879999999999999893e+00,1.695781115842411069e+01
1.881000000000000005e+00,1.696060592880275308e+01
1.881999999999999895e+00,1.697589032173705803e+01
1.883000000000000007e+00,1.700762481475821275e+01
1.883999999999999897e+00,1.698774636520012393e+01
1.885000000000000009e+00,1.698763841115440698e+01
1.885999999999999899e+00,1.701430969222624867e+01
1.887000000000000011e+00,1.709279801840546043e+01
1.887999999999999901e+00,1.699264246764561292e+01
1.889000000000000012e+00,1.696430553056633528e+01
1.889999999999999902e+00,1.695913299440192290e+01
1.891000000000000014e+00,1.699958929983293743e+01
1.891999999999999904e+00,1.700842540200121533e+01
1.893000000000000016e+00,1.693498729839049233e+01
1.893999999999999906e+00,1.704076537466159635e+01
1.895000000000000018e+00,1.698211577591093757e+01
1.895999999999999908e+00,1.699623865013119683e+01
1.897000000000000020e+00,1.693662399207345715e+01
1.897999999999999909e+00,1.704865563868122535e+01
1.899000000000000021e+00,1.700046176329156467e+01
1.899999999999999911e+00,1.700091835836325060e+01
1.901000000000000023e+00,1.700044130038715551e+01
1.901999999999999913e+00,1.699808904868060111e+01
1.903000000000000025e+00,1.706440226000112048e+01
1.903999999999999915e+00,1.703835973646461355e+01
1.905000000000000027e+00,1.702631533325142499e+01
1.905999999999999917e+00,1.701771720913318120e+01
1.907000000000000028e+00,1.704430988729570018e+01
1.907999999999999918e+00,1.696887764756988304e+01
1.909000000000000030e+00,1.707312973037200265e+01
1.909999999999999920e+00,1.694708045434282795e+01
1.911000000000000032e+00,1.700755077598127585e+01
1.911999999999999922e+00,1.696229423513447188e+01
1.913000000000000034e+00,1.697953719764180747e+01
1.913999999999999924e+00,1.702415412310457299e+01
1.915000000000000036e+00,1.698111505908867969e+01
1.915999999999999925e+00,1.695760747353553910e+01
1.917000000000000037e+00,1.699268545183984713e+01
1.917999999999999927e+00,1.702245390523569313e+01
1.919000000000000039e+00,1.701843405196883907e+01
1.919999999999999929e+00,1.698130769503317694e+01
1.921000000000000041e+00,1.695518376339763122e+01
1.921999999999999931e+00,1.693737854589562630e+01
1.923000000000000043e+00,1.700919865437204948e+01
1.923999999999999932e+00,1.698494753819348801e+01
1.925000000000000044e+00,1.699850326415550583e+01
1.925999999999999934e+00,1.699805739819597861e+01
1.927000000000000046e+00,1.699648071453951914e+01
1.927999999999999936e+00,1.704005333862556526e+01
1.929000000000000048e+00,1.699180628705026663e+01
1.929999999999999938e+00,1.702813660254504313e+01
1.931000000000000050e+00,1.699240501257181535e+01
1.931999999999999940e+00,1.701367179671465379e+01
1.933000000000000052e+00,1.697309240366132244e+01
1.933999999999999941e+00,1.708502158464880694e+01
1.935000000000000053e+00,1.704122034672205643e+01
1.935999999999999943e+00,1.704127874092111483e+01
1.937000000000000055e+00,1.691485078700349831e+01
1.937999999999999945e+00,1.702435385568516324e+01
1.939000000000000057e+00,1.703795209613294759e+01
1.939999999999999947e+00,1.707001996482377848e+01
1.941000000000000059e+00,1.702213608938637535e+01
1.941999999999999948e+00,1.700729070808324650e+01
1.943000000000000060e+00,1.701182897185974241e+01
1.943999999999999950e+00,1.706667574372746188e+01
1.945000000000000062e+00,1.707186005683217189e+01
1.945999999999999952e+00,1.706102253296926818e+01
1.947000000000000064e+00,1.698237663394623453e+01
1.947999999999999954e+00,1.703819656020328566e+01
1.949000000000000066e+00,1.697882472264894460e+01
1.949999999999999956e+00,1.702868968323491217e+01
1.951000000000000068e+00,1.699974955276415400e+01
1.951999999999999957e+00,1.699013040179925937e+01
1.953000000000000069e+00,1.702705617228959767e+01
1.953999999999999959e+00,1.703275469120526964e+01
1.955000000000000071e+00,1.702462724123247639e+01
1.955999999999999961e+00,1.701351496467748348e+01
1.957000000000000073e+00,1.708450047315103859e+01
1.957999999999999963e+00,1.707211009520885980e+01
1.959000000000000075e+00,1.694286821319886371e+01
1.959999999999999964e+00,1.703049611973791855e+01
1.961000000000000076e+00,1.696318610771169233e+01
1.961999999999999966e+00,1.698030051021666154e+01
1.963000000000000078e+00,1.695420852582881466e+01
1.963999999999999968e+00,1.688380634521485746e+01
1.965000000000000080e+00,1.700472994857393871e+01
1.965999999999999970e+00,1.697739167601009314e+01
1.967000000000000082e+00,1.703489407545988854e+01
1.967999999999999972e+00,1.698255375816289359e+01
1.969000000000000083e+00,1.702416590982031863e+01
1.969999999999999973e+00,1.699564938647625567e+01
1.971000000000000085e+00,1.704313988379302103e+01
1.971999999999999975e+00,1.701594066344562961e+01
1.973000000000000087e+00,1.697345169943382714e+01
1.973999999999999977e+00,1.697660349872618113e+01
1.975000000000000089e+00,1.698637256183083011e+01
1.975999999999999979e+00,1.696925458074742465e+01
1.977000000000000091e+00,1.693986203907970634e+01
1.977999999999999980e+00,1.706521118419817284e+01
1.979000000000000092e+00,1.699316181800327286e+01
1.979999999999999982e+00,1.692871144562708352e+01
1.981000000000000094e+00,1.691486547977117993e+01
1.981999999999999984e+00,1.696784300668680245e+01
1.983000000000000096e+00,1.690669637754388788e+01
1.983999999999999986e+00,1.700158090456502080e+01
1.985000000000000098e+00,1.698735156053157880e+01
1.985999999999999988e+00,1.698614071440031026e+01
1.987000000000000099e+00,1.701008604415292425e+01
1.987999999999999989e+00,1.703526965585848174e+01
1.989000000000000101e+00,1.694857982928558826e+01
1.989999999999999991e+00,1.696314624423853346e+01
1.991000000000000103e+00,1.698697840422756755e+01
1.991999999999999993e+00,1.695505428252575797e+01
1.993000000000000105e+00,1.695283644386126909e+01
1.993999999999999995e+00,1.689308508124255681e+01
1.995000000000000107e+00,1.704247037965622624e+01
1.995999999999999996e+00,1.694833317392553695e+01
1.997000000000000108e+00,1.703780376223023296e+01
1.997999999999999998e+00,1.701375515151121931e+01
1.999000000000000110e+00,1.699780047165398855e+01
2.000000000000000000e+00,1.697016343832510543e+01
2.000999999999999890e+00,1.692559452813276977e+01
2.001999999999999780e+00,1.692296180201534028e+01
2.003000000000000114e+00,1.698024573310904373e+01
2.004000000000000004e+00,1.696704432480706970e+01
2.004999999999999893e+00,1.695924053640212747e+01
2.005999999999999783e+00,1.700228454706971704e+01
2.007000000000000117e+00,1.698702226845703223e+01
2.008000000000000007e+00,1.695422735750290144e+01
2.008999999999999897e+00,1.704619180073943951e+01
2.009999999999999787e+00,1.702440236757642111e+01
2.011000000000000121e+00,1.704714462276702136e+01
2.012000000000000011e+00,1.696527419718502827e+01
2.012999999999999901e+00,1.693814115353685068e+01
2.013999999999999790e+00,1.693005788976353188e+01
2.015000000000000124e+00,1.696346814232614264e+01
2.016000000000000014e+00,1.700161859899102623e+01
2.016999999999999904e+00,1.696045219768925350e+01
2.017999999999999794e+00,1.703991411429705849e+01
2.019000000000000128e+00,1.705025999933445036e+01
2.020000000000000018e+00,1.699383130196612868e+01
2.020999999999999908e+00,1.698408544147040189e+01
2.021999999999999797e+00,1.696332898293870883e+01
2.023000000000000131e+00,1.705707315613600628e+01
2.024000000000000021e+00,1.698453956817413868e+01
2.024999999999999911e+00,1.698953162593084798e+01
2.025999999999999801e+00,1.702179744626019087e+01
2.027000000000000135e+00,1.692168714485743308e+01
2.028000000000000025e+00,1.705323975280214199e+01
2.028999999999999915e+00,1.697328948614104149e+01
2.029999999999999805e+00,1.694544180894023810e+01
2.031000000000000139e+00,1.699015075359690741e+01
2.032000000000000028e+00,1.695473492701132301e+01
2.032999999999999918e+00,1.690551151163241528e+01
2.033999999999999808e+00,1.689943351311272579e+01
2.035000000000000142e+00,1.695454236048182395e+01
2.036000000000000032e+00,1.700465645239012957e+01
2.036999999999999922e+00,1.698805578901493618e+01
2.037999999999999812e+00,1.703035549190868991e+01
2.039000000000000146e+00,1.699955614373847723e+01
2.040000000000000036e+00,1.698195434869765919e+01
2.040999999999999925e+00,1.698825194456033927e+01
2.041999999999999815e+00,1.705840420987558659e+01
2.043000000000000149e+00,1.698801252197286971e+01
2.044000000000000039e+00,1.701357730048966133e+01
2.044999999999999929e+00,1.703363732697171429e+01
2.045999999999999819e+00,1.694549609104253207e+01
2.047000000000000153e+00,1.694787714980772719e+01
2.048000000000000043e+00,1.700098652356419393e+01
2.048999999999999932e+00,1.706240333828338152e+01
2.049999999999999822e+00,1.701573573314469812e+01
2.051000000000000156e+00,1.695644302316696894e+01
2.052000000000000046e+00,1.699582835954176119e+01
2.052999999999999936e+00,1.694021888107110030e+01
2.053999999999999826e+00,1.693594776372681565e+01
2.055000000000000160e+00,1.703108717315776488e+01
2.056000000000000050e+00,1.705648769809993937e+01
2.056999999999999940e+00,1.695808342476906816e+01
2.057999999999999829e+00,1.701912185172353276e+01
2.059000000000000163e+00,1.702073639280075312e+01
2.060000000000000053e+00,1.709214385624796506e+01
2.060999999999999943e+00,1.698496437735464681e+01
2.061999999999999833e+00,1.697150030384150199e+01
2.063000000000000167e+00,1.701497814652821106e+01
2.064000000000000057e+00,1.705457681432942962e+01
2.064999999999999947e+00,1.701575079800095835e+01
2.065999999999999837e+00,1.705636753910278358e+01
2.067000000000000171e+00,1.699536961005747671e+01
2.068000000000000060e+00,1.698551674453209159e+01
2.068999999999999950e+00,1.701655794994528748e+01
2.069999999999999840e+00,1.702477928478791114e+01
2.071000000000000174e+00,1.704562036409470949e+01
2.072000000000000064e+00,1.697488237122648158e+01
2.072999999999999954e+00,1.699591885210756814e+01
2.073999999999999844e+00,1.702224060775258252e+01
2.075000000000000178e+00,1.710471778037829793e+01
2.076000000000000068e+00,1.703193199334827312e+01
2.076999999999999957e+00,1.700741100602106570e+01
2.077999999999999847e+00,1.704313971592163313e+01
2.079000000000000181e+00,1.696288695648858180e+01
2.080000000000000071e+00,1.700763258413721957e+01
2.080999999999999961e+00,1.702659793087170570e+01
2.081999999999999851e+00,1.703047676885552164e+01
2.083000000000000185e+00,1.697957419619292097e+01
2.084000000000000075e+00,1.693871309245864865e+01
2.084999999999999964e+00,1.700394935985569589e+01
2.085999999999999854e+00,1.704887857693164932e+01
2.087000000000000188e+00,1.707385596482082235e+01
2.088000000000000078e+00,1.697118354104475557e+01
2.088999999999999968e+00,1.700931847312337197e+01
2.089999999999999858e+00,1.695790009180531399e+01
2.091000000000000192e+00,1.698717148630838025e+01
2.092000000000000082e+00,1.694522233872531913e+01
2.092999999999999972e+00,1.693767793624463991e+01
2.093999999999999861e+00,1.695815610963872189e+01
2.095000000000000195e+00,1.696054908701279373e+01
2.096000000000000085e+00,1.699324870545018840e+01
2.096999999999999975e+00,1.696003295355629348e+01
2.097999999999999865e+00,1.692709747892871874e+01
2.099000000000000199e+00,1.690994752366894360e+01
2.100000000000000089e+00,1.693861156308973648e+01
2.100999999999999979e+00,1.695942789087559532e+01
2.101999999999999869e+00,1.701182446352495958e+01
2.103000000000000203e+00,1.689170119627356215e+01
2.104000000000000092e+00,1.697223561803308556e+01
2.104999999999999982e+00,1.697066222195188345e+01
2.105999999999999872e+00,1.695263935286489954e+01
2.107000000000000206e+00,1.699701402789181515e+01
2.108000000000000096e+00,1.695432680348330834e+01
2.108999999999999986e+00,1.693908985207671591e+01
2.109999999999999876e+00,1.698705629249510807e+01
2.111000000000000210e+00,1.704153231848705019e+01
2.112000000000000099e+00,1.695057352061868983e+01
2.112999999999999989e+00,1.698842978955337557e+01
2.113999999999999879e+00,1.703081608465041441e+01
2.115000000000000213e+00,1.698617189814948603e+01
2.116000000000000103e+00,1.701009501613826913e+01
2.116999999999999993e+00,1.699978434321189624e+01
2.117999999999999883e+00,1.700767521082094191e+01
2.119000000000000217e+00,1.705376212262056512e+01
2.120000000000000107e+00,1.704945930863373604e+01
2.120999999999999996e+00,1.704191013387692877e+01
2.121999999999999886e+00,1.709699849345981448e+01
2.123000000000000220e+00,1.699148742734123019e+01
2.124000000000000110e+00,1.705013752688503459e+01
2.125000000000000000e+00,1.700527436770282463e+01
2.125999999999999890e+00,1.700398565788852068e+01
2.126999999999999780e+00,1.704540859360927385e+01
2.128000000000000114e+00,1.699178649398751162e+01
2.129000000000000004e+00,1.704179781593575527e+01
2.129999999999999893e+00,1.706063455720333266e+01
2.130999999999999783e+00,1.699045631235064135e+01
2.132000000000000117e+00,1.702907193751851977e+01
2.133000000000000007e+00,1.705079874740418333e+01
2.133999999999999897e+00,1.704663702229245104e+01
2.134999999999999787e+00,1.700099899228088773e+01
2.136000000000000121e+00,1.703386874323709321e+01
2.137000000000000011e+00,1.705481582198014934e+01
2.137999999999999901e+00,1.714615744711914047e+01
2.138999999999999790e+00,1.706986695709978719e+01
2.140000000000000124e+00,1.709514802908908138e+01
2.141000000000000014e+00,1.702061240836001943e+01
2.141999999999999904e+00,1.701617026219919993e+01
2.142999999999999794e+00,1.703563354036208821e+01
2.144000000000000128e+00,1.700833918148301649e+01
2.145000000000000018e+00,1.698512940850147501e+01
2.145999999999999908e+00,1.703936485954744029e+01
2.146999999999999797e+00,1.708302817491823689e+01
2.148000000000000131e+00,1.702467573379414389e+01
2.149000000000000021e+00,1.708311707178938121e+01
2.149999999999999911e+00,1.705149521648709054e+01
2.150999999999999801e+00,1.705697520668297784e+01
2.152000000000000135e+00,1.705763262136468938e+01
2.153000000000000025e+00,1.711274499668029847e+01
2.153999999999999915e+00,1.704253085418377367e+01
2.154999999999999805e+00,1.699935757513553369e+01
2.156000000000000139e+00,1.704347861741640813e+01
2.157000000000000028e+00,1.703482512544551852e+01
2.157999999999999918e+00,1.697404811740896946e+01
2.158999999999999808e+00,1.700434076939781747e+01
2.160000000000000142e+00,1.703198811950471026e+01
2.161000000000000032e+00,1.703600486498408628e+01
2.161999999999999922e+00,1.698373733814841557e+01
2.162999999999999812e+00,1.700604060239262694e+01
2.164000000000000146e+00,1.699858778715042007e+01
2.165000000000000036e+00,1.697853283394670143e+01
2.165999999999999925e+00,1.691094967485523881e+01
2.166999999999999815e+00,1.695531704845222620e+01
2.168000000000000149e+00,1.697312020484609008e+01
2.169000000000000039e+00,1.696874454496468587e+01
2.169999999999999929e+00,1.697762776788160011e+01
2.170999999999999819e+00,1.704686930319398641e+01
2.172000000000000153e+00,1.705097152021854612e+01
2.173000000000000043e+00,1.697833634937895653e+01
2.173999999999999932e+00,1.699551792015265050e+01
2.174999999999999822e+00,1.698756027788816425e+01
2.176000000000000156e+00,1.703801061804583483e+01
2.177000000000000046e+00,1.698353979742475417e+01
2.177999999999999936e+00,1.697859491643744789e+01
2.178999999999999826e+00,1.699380345158080274e+01
2.180000000000000160e+00,1.712140400739013657e+01
2.181000000000000050e+00,1.706078742804582049e+01
2.181999999999999940e+00,1.701187231484377094e+01
2.182999999999999829e+00,1.699719643772963096e+01
2.184000000000000163e+00,1.706174370684053798e+01
2.185000000000000053e+00,1.701353758034181851e+01
2.185999999999999943e+00,1.695836699871860986e+01
2.186999999999999833e+00,1.704901194528534702e+01
2.188000000000000167e+00,1.698284690970487887e+01
2.189000000000000057e+00,1.707591871163708319e+01
2.189999999999999947e+00,1.710552476580165404e+01
2.190999999999999837e+00,1.700904621390170490e+01
2.192000000000000171e+00,1.706687903648617421e+01
2.193000000000000060e+00,1.701782469409471688e+01
2.193999999999999950e+00,1.703410088785411602e+01
2.194999999999999840e+00,1.702681523717807366e+01
2.196000000000000174e+00,1.701121405497744377e+01
2.197000000000000064e+00,1.702924696094107304e+01
2.197999999999999954e+00,1.705835975667356763e+01
2.198999999999999844e+00,1.700017103571499888e+01
2.200000000000000178e+00,1.700476500285123294e+01
2.201000000000000068e+00,1.703175741397927467e+01
2.201999999999999957e+00,1.701690453391465851e+01
2.202999999999999847e+00,1.703904507293667336e+01
2.204000000000000181e+00,1.699469971819477010e+01
2.205000000000000071e+00,1.697803622417779223e+01
2.205999999999999961e+00,1.697747193998479531e+01
2.206999999999999851e+00,1.693574612250786515e+01
2.208000000000000185e+00,1.699589490592784813e+01
2.209000000000000075e+00,1.695797918003112059e+01
2.209999999999999964e+00,1.702131998224812293e+01
2.210999999999999854e+00,1.701079654211056891e+01
2.212000000000000188e+00,1.705755690566071081e+01
2.213000000000000078e+00,1.703539943293189651e+01
2.213999999999999968e+00,1.705037524278760230e+01
2.214999999999999858e+00,1.699710619426085856e+01
2.216000000000000192e+00,1.706520860591700028e+01
2.217000000000000082e+00,1.708883232665125007e+01
2.217999999999999972e+00,1.708630162806240094e+01
2.218999999999999861e+00,1.706398426799520252e+01
2.220000000000000195e+00,1.707014483602973698e+01
2.221000000000000085e+00,1.714167031431751553e+01
2.221999999999999975e+00,1.706068407654514374e+01
2.222999999999999865e+00,1.704385821275887736e+01
2.224000000000000199e+00,1.705625846814415780e+01
2.225000000000000089e+00,1.705037298149892777e+01
2.225999999999999979e+00,1.706596964327774302e+01
2.226999999999999869e+00,1.701076499080988924e+01
2.228000000000000203e+00,1.697718572579694296e+01
2.229000000000000092e+00,1.698894952513141376e+01
2.229999999999999982e+00,1.706607968417148768e+01
2.230999999999999872e+00,1.703713356310899130e+01
2.232000000000000206e+00,1.697811962328079716e+01
2.233000000000000096e+00,1.697512155556719549e+01
2.233999999999999986e+00,1.700584809967317312e+01
2.234999999999999876e+00,1.704002596208857057e+01
2.236000000000000210e+00,1.700911458498779538e+01
2.237000000000000099e+00,1.698662947167328952e+01
2.237999999999999989e+00,1.702510230742202779e+01
2.238999999999999879e+00,1.704426988314035896e+01
2.240000000000000213e+00,1.704999004409731356e+01
2.241000000000000103e+00,1.703860526663113362e+01
2.241999999999999993e+00,1.703302021769867025e+01
2.242999999999999883e+00,1.708049281405292419e+01
2.244000000000000217e+00,1.702666916328812974e+01
2.245000000000000107e+00,1.696637051837936738e+01
2.245999999999999996e+00,1.700359959894156603e+01
2.246999999999999886e+00,1.698608002194451672e+01
2.248000000000000220e+00,1.698892568425619487e+01
2.249000000000000110e+00,1.705999889105224909e+01
2.250000000000000000e+00,1.701876806280188603e+01
2.250999999999999890e+00,1.704118965315151968e+01
2.251999999999999780e+00,1.701242257611517061e+01
2.253000000000000114e+00,1.702678254809898561e+01
2.254000000000000004e+00,1.704894530199109326e+01
2.254999999999999893e+00,1.704804229410408212e+01
2.255999999999999783e+00,1.700257972323440470e+01
2.257000000000000117e+00,1.704754346545179899e+01
2.258000000000000007e+00,1.699849317548200034e+01
2.258999999999999897e+00,1.696110254428624131e+01
2.259999999999999787e+00,1.704086672059418461e+01
2.261000000000000121e+00,1.698070331635806340e+01
2.262000000000000011e+00,1.697210455717326738e+01
2.262999999999999901e+00,1.703634959462258891e+01
2.263999999999999790e+00,1.700523083859903295e+01
2.265000000000000124e+00,1.699381958945410531e+01
2.266000000000000014e+00,1.702281202385871950e+01
2.266999999999999904e+00,1.701043110062974506e+01
2.267999999999999794e+00,1.694309856933438851e+01
2.269000000000000128e+00,1.699721802038752472e+01
2.270000000000000018e+00,1.695926189861133793e+01
2.270999999999999908e+00,1.700099867894859429e+01
2.271999999999999797e+00,1.705318665824420066e+01
2.273000000000000131e+00,1.700128170443747777e+01
2.274000000000000021e+00,1.699377019054635340e+01
2.274999999999999911e+00,1.689087717877776740e+01
2.275999999999999801e+00,1.700300787660816226e+01
2.277000000000000135e+00,1.694343594378122120e+01
2.278000000000000025e+00,1.696375491310510952e+01
2.278999999999999915e+00,1.698554221457452940e+01
2.279999999999999805e+00,1.699954678760959581e+01
2.281000000000000139e+00,1.696513422882853206e+01
2.282000000000000028e+00,1.696276541827045747e+01
2.282999999999999918e+00,1.703856093057807897e+01
2.283999999999999808e+00,1.706003454084605053e+01
2.285000000000000142e+00,1.700309626950937414e+01
2.286000000000000032e+00,1.706485555161441070e+01
2.286999999999999922e+00,1.702081883802893358e+01
2.287999999999999812e+00,1.704988816846262623e+01
2.289000000000000146e+00,1.703152205501372052e+01
2.290000000000000036e+00,1.698308597362478167e+01
2.290999999999999925e+00,1.704740366816333008e+01
2.291999999999999815e+00,1.704086172808863964e+01
2.293000000000000149e+00,1.698999041889877049e+01
2.294000000000000039e+00,1.697852084819293950e+01
2.294999999999999929e+00,1.698188197708883251e+01
2.295999999999999819e+00,1.704659377304674805e+01
2.297000000000000153e+00,1.700318747897514982e+01
2.298000000000000043e+00,1.706498120709812483e+01
2.298999999999999932e+00,1.704050100823898362e+01
2.299999999999999822e+00,1.700377652393654415e+01
2.301000000000000156e+00,1.705459014132478757e+01
2.302000000000000046e+00,1.703046611640176877e+01
2.302999999999999936e+00,1.702094553778815822e+01
2.303999999999999826e+00,1.704112069987979794e+01
2.305000000000000160e+00,1.705373137513102577e+01
2.306000000000000050e+00,1.699494528226582446e+01
2.306999999999999940e+00,1.706114134150492845e+01
2.307999999999999829e+00,1.699322470001864716e+01
2.309000000000000163e+00,1.708253192390871789e+01
2.310000000000000053e+00,1.704377924967880631e+01
2.310999999999999943e+00,1.704493895350512034e+01
2.311999999999999833e+00,1.703248119870427857e+01
2.313000000000000167e+00,1.707414932563494148e+01
2.314000000000000057e+00,1.700515116325712484e+01
2.314999999999999947e+00,1.706619987379425396e+01
2.315999999999999837e+00,1.703500508019943993e+01
2.317000000000000171e+00,1.704359615827195640e+01
2.318000000000000060e+00,1.708068626517659894e+01
2.318999999999999950e+00,1.706632440563798525e+01
2.319999999999999840e+00,1.701811380943069807e+01
2.321000000000000174e+00,1.709422218884846956e+01
2.322000000000000064e+00,1.709026569647482319e+01
2.322999999999999954e+00,1.710877407364414182e+01
2.323999999999999844e+00,1.713471406760337246e+01
2.325000000000000178e+00,1.711430333901509115e+01
2.326000000000000068e+00,1.716195989851883752e+01
2.326999999999999957e+00,1.712603710277810620e+01
2.327999999999999847e+00,1.710312002625676797e+01
2.329000000000000181e+00,1.716369051885960317e+01
2.330000000000000071e+00,1.710763367985319761e+01
2.330999999999999961e+00,1.708218556136108646e+01
2.331999999999999851e+00,1.704176176668051568e+01
2.333000000000000185e+00,1.701130108096470650e+01
2.334000000000000075e+00,1.708418956304367597e+01
2.334999999999999964e+00,1.701071452786496963e+01
2.335999999999999854e+00,1.704768850691742088e+01
2.337000000000000188e+00,1.709329077108204231e+01
2.338000000000000078e+00,1.709741561678826116e+01
2.338999999999999968e+00,1.703228182658400058e+01
2.339999999999999858e+00,1.703344744014781753e+01
2.341000000000000192e+00,1.707885656325956347e+01
2.342000000000000082e+00,1.705614805838685655e+01
2.342999999999999972e+00,1.703234830779030062e+01
2.343999999999999861e+00,1.708008714626100755e+01
2.345000000000000195e+00,1.703172156000396242e+01
2.346000000000000085e+00,1.699756612955643220e+01
2.346999999999999975e+00,1.698782888112903322e+01
2.347999999999999865e+00,1.698301855319981257e+01
2.349000000000000199e+00,1.703762483589531840e+01
2.350000000000000089e+00,1.702824385263362927e+01
2.350999999999999979e+00,1.700282555355452985e+01
2.351999999999999869e+00,1.700228305679459240e+01
2.353000000000000203e+00,1.695570863748455182e+01
2.354000000000000092e+00,1.703745734523002398e+01
2.354999999999999982e+00,1.703509393528489824e+01
2.355999999999999872e+00,1.700505127147879492e+01
2.357000000000000206e+00,1.703527871397157156e+01
2.358000000000000096e+00,1.697554320850308329e+01
2.358999999999999986e+00,1.695801747994427444e+01
2.359999999999999876e+00,1.702136761319860625e+01
2.361000000000000210e+00,1.697946317547482309e+01
2.362000000000000099e+00,1.706200450714158023e+01
2.362999999999999989e+00,1.700984433269737650e+01
2.363999999999999879e+00,1.698135689703868678e+01
2.365000000000000213e+00,1.708016622916182570e+01
2.366000000000000103e+00,1.703231941484140677e+01
2.366999999999999993e+00,1.701065788373573540e+01
2.367999999999999883e+00,1.705442972053308281e+01
2.369000000000000217e+00,1.706444379634292829e+01
2.370000000000000107e+00,1.706280434076249364e+01
2.370999999999999996e+00,1.709521991896603055e+01
2.371999999999999886e+00,1.709691998201705232e+01
2.373000000000000220e+00,1.706714521232537862e+01
2.374000000000000110e+00,1.708589570569206728e+01
2.375000000000000000e+00,1.701556057137369038e+01
2.375999999999999890e+00,1.711419130087383067e+01
2.376999999999999780e+00,1.706023135276349123e+01
2.378000000000000114e+00,1.706975863085724399e+01
2.379000000000000004e+00,1.702169318393167785e+01
2.379999999999999893e+00,1.703793625648597398e+01
2.380999999999999783e+00,1.697198586192135394e+01
2.382000000000000117e+00,1.704295041082530560e+01
2.383000000000000007e+00,1.710057566325681933e+01
2.383999999999999897e+00,1.698218134278099001e+01
2.384999999999999787e+00,1.697433144213998091e+01
2.386000000000000121e+00,1.702905174710090108e+01
2.387000000000000011e+00,1.696584857679938807e+01
2.387999999999999901e+00,1.702623468636059201e+01
2.388999999999999790e+00,1.706570937397292553e+01
2.390000000000000124e+00,1.701336827330372969e+01
2.391000000000000014e+00,1.704882755231492553e+01
2.391999999999999904e+00,1.696656170419788623e+01
2.392999999999999794e+00,1.698723053346798650e+01
2.394000000000000128e+00,1.704400924396907513e+01
2.395000000000000018e+00,1.709642904879942904e+01
2.395999999999999908e+00,1.707407677301302940e+01
2.396999999999999797e+00,1.707979592879688724e+01
2.398000000000000131e+00,1.701491923838129949e+01
2.399000000000000021e+00,1.705428990860277239e+01
2.399999999999999911e+00,1.709113320216319210e+01
2.400999999999999801e+00,1.707797687929254593e+01
2.402000000000000135e+00,1.705342574909661124e+01
2.403000000000000025e+00,1.706454250500022596e+01
2.403999999999999915e+00,1.707447123122258859e+01
2.404999999999999805e+00,1.707428010734714263e+01
2.406000000000000139e+00,1.709400470451219434e+01
2.407000000000000028e+00,1.705332150848733619e+01
2.407999999999999918e+00,1.706648771104583062e+01
2.408999999999999808e+00,1.694925232851404928e+01
2.410000000000000142e+00,1.701809888472496723e+01
2.411000000000000032e+00,1.704504980609527109e+01
2.411999999999999922e+00,1.699742827418532798e+01
2.412999999999999812e+00,1.700940201378935512e+01
2.414000000000000146e+00,1.699232827852746297e+01
2.415000000000000036e+00,1.695362966706671060e+01
2.415999999999999925e+00,1.700599214791823144e+01
2.416999999999999815e+00,1.697353786920962193e+01
2.418000000000000149e+00,1.700956487219041335e+01
2.419000000000000039e+00,1.700741958771635609e+01
2.419999999999999929e+00,1.698441117241100784e+01
2.420999999999999819e+00,1.701439042883766106e+01
2.422000000000000153e+00,1.696342957404376151e+01
2.423000000000000043e+00,1.710009673259077445e+01
2.423999999999999932e+00,1.700974596526322102e+01
2.424999999999999822e+00,1.699616058300228971e+01
2.426000000000000156e+00,1.707562319342527601e+01
2.427000000000000046e+00,1.710872939580183782e+01
2.427999999999999936e+00,1.703589955293908531e+01
2.428999999999999826e+00,1.703492559237422910e+01
2.430000000000000160e+00,1.704720587976151691e+01
2.431000000000000050e+00,1.709428056032584209e+01
2.431999999999999940e+00,1.710919327315972183e+01
2.432999999999999829e+00,1.702010697033257713e+01
2.434000000000000163e+00,1.708062176559011647e+01
2.435000000000000053e+00,1.699999792224893369e+01
2.435999999999999943e+00,1.702527196455646319e+01
2.436999999999999833e+00,1.703920730793109684e+01
2.438000000000000167e+00,1.701854681018261317e+01
2.439000000000000057e+00,1.699345593944406119e+01
2.439999999999999947e+00,1.704958695343981390e+01
2.440999999999999837e+00,1.706648141347908521e+01
2.442000000000000171e+00,1.707852706668787235e+01
2.443000000000000060e+00,1.706954959699107022e+01
2.443999999999999950e+00,1.711937305017513111e+01
2.444999999999999840e+00,1.718203397990879466e+01
2.446000000000000174e+00,1.703439438979943787e+01
2.447000000000000064e+00,1.711586278419036233e+01
2.447999999999999954e+00,1.709572984888513147e+01
2.448999999999999844e+00,1.699075437916044251e+01
2.450000000000000178e+00,1.705518638868845471e+01
2.451000000000000068e+00,1.708984936521430598e+01
2.451999999999999957e+00,1.712523650278391329e+01
2.452999999999999847e+00,1.700824584318348087e+01
2.454000000000000181e+00,1.706513123856318614e+01
2.455000000000000071e+00,1.709983931545068714e+01
2.455999999999999961e+00,1.704747885319950740e+01
2.456999999999999851e+00,1.699456083761877778e+01
2.458000000000000185e+00,1.697434393122265561e+01
2.459000000000000075e+00,1.706614805518051270e+01
2.459999999999999964e+00,1.697332526197078550e+01
2.460999999999999854e+00,1.696707733806772467e+01
2.462000000000000188e+00,1.695706169436168409e+01
2.463000000000000078e+00,1.703991453941877765e+01
2.463999999999999968e+00,1.699184323870196067e+01
2.464999999999999858e+00,1.708247911763603710e+01
2.466000000000000192e+00,1.702307360685124493e+01
2.467000000000000082e+00,1.712903182807982816e+01
2.467999999999999972e+00,1.708669144928187933e+01
2.468999999999999861e+00,1.709274855387139169e+01
2.470000000000000195e+00,1.709388650636649132e+01
2.471000000000000085e+00,1.707923628649360381e+01
2.471999999999999975e+00,1.705208316550518077e+01
2.472999999999999865e+00,1.708737332636369999e+01
2.474000000000000199e+00,1.704957243950743973e+01
2.475000000000000089e+00,1.701698037780717243e+01
2.475999999999999979e+00,1.703427348204362346e+01
2.476999999999999869e+00,1.699985507210688240e+01
2.478000000000000203e+00,1.699391672523580965e+01
2.479000000000000092e+00,1.708516372887877210e+01
2.479999999999999982e+00,1.707595915837409351e+01
2.480999999999999872e+00,1.710750705623453172e+01
2.482000000000000206e+00,1.709940988919008831e+01
2.483000000000000096e+00,1.711461547711494546e+01
2.483999999999999986e+00,1.711411760730537424e+01
2.484999999999999876e+00,1.702784399709794272e+01
2.486000000000000210e+00,1.703731709584515741e+01
2.487000000000000099e+00,1.703897761767659347e+01
2.487999999999999989e+00,1.707421944204137887e+01
2.488999999999999879e+00,1.700689171600930649e+01
2.490000000000000213e+00,1.708803228043765898e+01
2.491000000000000103e+00,1.708180699313850326e+01
2.491999999999999993e+00,1.710621002581799033e+01
2.492999999999999883e+00,1.705664338985972961e+01
2.494000000000000217e+00,1.703563864346519097e+01
2.495000000000000107e+00,1.698295136499495683e+01
2.495999999999999996e+00,1.698129105032633390e+01
2.496999999999999886e+00,1.711124351899728424e+01
2.498000000000000220e+00,1.709128649092367525e+01
2.499000000000000110e+00,1.704667067916184919e+01
2.500000000000000000e+00,1.705853270368979580e+01
2.500999999999999890e+00,1.704554635178745770e+01
2.501999999999999780e+00,1.709975445080240419e+01
2.503000000000000114e+00,1.708225204381714946e+01
2.504000000000000004e+00,1.703375701035066214e+01
2.504999999999999893e+00,1.708393812878028228e+01
2.505999999999999783e+00,1.706569974778096821e+01
2.507000000000000117e+00,1.712746697076640601e+01
2.508000000000000007e+00,1.708927010816679726e+01
2.508999999999999897e+00,1.708712552190402789e+01
2.509999999999999787e+00,1.709740711327487261e+01
2.511000000000000121e+00,1.711124445772093594e+01
2.512000000000000011e+00,1.699868728741632040e+01
2.512999999999999901e+00,1.705627391552831895e+01
2.513999999999999790e+00,1.709050286860365020e+01
2.515000000000000124e+00,1.704712349422081985e+01
2.516000000000000014e+00,1.708088534077779741e+01
2.516999999999999904e+00,1.710161701573957771e+01
2.517999999999999794e+00,1.711416781060858483e+01
2.519000000000000128e+00,1.705873190454693145e+01
2.520000000000000018e+00,1.713665822137928885e+01
2.520999999999999908e+00,1.716773106880007305e+01
2.521999999999999797e+00,1.705779024609584127e+01
2.523000000000000131e+00,1.718567543961108512e+01
2.524000000000000021e+00,1.715629717993288850e+01
2.524999999999999911e+00,1.710686366206000741e+01
2.525999999999999801e+00,1.712504493067013200e+01
2.527000000000000135e+00,1.708229544295654989e+01
2.528000000000000025e+00,1.706201606365853962e+01
2.528999999999999915e+00,1.706907603580717137e+01
2.529999999999999805e+00,1.711983207465354795e+01
2.531000000000000139e+00,1.712922842086321040e+01
2.532000000000000028e+00,1.713473433303607507e+01
2.532999999999999918e+00,1.710387396608674138e+01
2.533999999999999808e+00,1.711418839649407175e+01
2.535000000000000142e+00,1.701761859052680848e+01
2.536000000000000032e+00,1.708952511865926382e+01
2.536999999999999922e+00,1.712654378282421774e+01
2.537999999999999812e+00,1.710869732929231901e+01
2.539000000000000146e+00,1.708855837275730494e+01
2.540000000000000036e+00,1.711822149560773809e+01
2.540999999999999925e+00,1.712945393812105266e+01
2.541999999999999815e+00,1.703820395157874401e+01
2.543000000000000149e+00,1.709365694903262423e+01
2.544000000000000039e+00,1.706383358805357986e+01
2.544999999999999929e+00,1.715355161633601710e+01
2.545999999999999819e+00,1.711639717193614629e+01
2.547000000000000153e+00,1.719822949274760049e+01
2.548000000000000043e+00,1.715630770481632084e+01
2.548999999999999932e+00,1.715349273158270904e+01
2.549999999999999822e+00,1.719037788235032593e+01
2.551000000000000156e+00,1.723834588154915437e+01
2.552000000000000046e+00,1.720636700340840619e+01
2.552999999999999936e+00,1.727087210890017133e+01
2.553999999999999826e+00,1.727319186897371850e+01
2.555000000000000160e+00,1.722615307636773707e+01
2.556000000000000050e+00,1.724380769586212026e+01
2.556999999999999940e+00,1.730203934521343712e+01
2.557999999999999829e+00,1.721834485744106047e+01
2.559000000000000163e+00,1.718036689654782379e+01
2.560000000000000053e+00,1.721129661135617539e+01
2.560999999999999943e+00,1.726255038255175478e+01
2.561999999999999833e+00,1.726379687951979847e+01
2.563000000000000167e+00,1.730759979900853196e+01
2.564000000000000057e+00,1.717598048707723990e+01
2.564999999999999947e+00,1.722633438757505431e+01
2.565999999999999837e+00,1.717932539081154886e+01
2.567000000000000171e+00,1.712661065066605204e+01
2.568000000000000060e+00,1.715404432145486879e+01
2.568999999999999950e+00,1.718286695204867343e+01
2.569999999999999840e+00,1.717315523451587111e+01
2.571000000000000174e+00,1.721856354221178265e+01
2.572000000000000064e+00,1.720824442384730446e+01
2.572999999999999954e+00,1.715411758756635052e+01
2.573999999999999844e+00,1.722099755310915015e+01
2.575000000000000178e+00,1.715327772196489420e+01
2.576000000000000068e+00,1.723352605501988677e+01
2.576999999999999957e+00,1.734048124303379268e+01
2.577999999999999847e+00,1.729109111639343510e+01
2.579000000000000181e+00,1.721606749451263596e+01
2.580000000000000071e+00,1.729161079637487575e+01
2.580999999999999961e+00,1.726487676621081135e+01
2.581999999999999851e+00,1.729697165037048379e+01
2.583000000000000185e+00,1.723566766699376984e+01
2.584000000000000075e+00,1.732629833740383063e+01
2.584999999999999964e+00,1.725573419216544835e+01
2.585999999999999854e+00,1.730302596074374222e+01
2.587000000000000188e+00,1.727903737117737393e+01
2.588000000000000078e+00,1.730396029119235379e+01
2.588999999999999968e+00,1.727056730608276425e+01
2.589999999999999858e+00,1.723085954453199875e+01
2.591000000000000192e+00,1.729969817629993045e+01
2.592000000000000082e+00,1.727631617974951084e+01
2.592999999999999972e+00,1.723172538476598703e+01
2.593999999999999861e+00,1.723609390041378120e+01
2.595000000000000195e+00,1.726584409087256233e+01
2.596000000000000085e+00,1.728747139953095768e+01
2.596999999999999975e+00,1.725934800250514911e+01
2.597999999999999865e+00,1.720941737026110729e+01
2.599000000000000199e+00,1.729412640231026899e+01
2.600000000000000089e+00,1.724662318884611878e+01
2.600999999999999979e+00,1.723935222725142324e+01
2.601999999999999869e+00,1.720317189948936587e+01
2.603000000000000203e+00,1.720030861657522081e+01
2.604000000000000092e+00,1.729060451506801854e+01
2.604999999999999982e+00,1.713669536234277402e+01
2.605999999999999872e+00,1.723840776364227168e+01
2.607000000000000206e+00,1.717461732677145037e+01
2.608000000000000096e+00,1.722579080239425053e+01
2.608999999999999986e+00,1.727597982361697859e+01
2.609999999999999876e+00,1.721879609524527766e+01
2.611000000000000210e+00,1.714049076954878359e+01
2.612000000000000099e+00,1.719568697011278147e+01
2.612999999999999989e+00,1.723203906281183606e+01
2.613999999999999879e+00,1.718467652297685433e+01
2.615000000000000213e+00,1.721098425250832165e+01
2.616000000000000103e+00,1.727492137656991744e+01
2.616999999999999993e+00,1.717368292517317840e+01
2.617999999999999883e+00,1.726418213121465328e+01
2.619000000000000217e+00,1.721034526496787365e+01
2.620000000000000107e+00,1.726567424430896835e+01
2.620999999999999996e+00,1.730372888663812958e+01
2.621999999999999886e+00,1.723701034625326756e+01
2.623000000000000220e+00,1.719749963044322527e+01
2.624000000000000110e+00,1.719919218703229191e+01
2.625000000000000000e+00,1.719339576348153997e+01
2.625999999999999890e+00,1.725407698796076517e+01
2.626999999999999780e+00,1.734608025302834733e+01
2.628000000000000114e+00,1.731272061358260572e+01
2.629000000000000004e+00,1.736083020499173912e+01
2.629999999999999893e+00,1.730882349496103245e+01
2.630999999999999783e+00,1.735831335313469026e+01
2.632000000000000117e+00,1.733816959206233577e+01
2.633000000000000007e+00,1.731368814543257173e+01
2.633999999999999897e+00,1.727634877421559523e+01
2.634999999999999787e+00,1.732454329689414863e+01
2.636000000000000121e+00,1.731372768720448363e+01
2.637000000000000011e+00,1.741637473657751656e+01
2.637999999999999901e+00,1.735938710738302859e+01
2.638999999999999790e+00,1.740589790601294951e+01
2.640000000000000124e+00,1.744630354112901927e+01
2.641000000000000014e+00,1.747574090573810324e+01
2.641999999999999904e+00,1.749122857881138060e+01
2.642999999999999794e+00,1.742707321857324132e+01
2.644000000000000128e+00,1.741294811637942530e+01
2.645000000000000018e+00,1.749051798253852397e+01
2.645999999999999908e+00,1.748127518507636680e+01
2.646999999999999797e+00,1.756732235285251775e+01
2.648000000000000131e+00,1.740227900631127156e+01
2.649000000000000021e+00,1.742211435858940760e+01
2.649999999999999911e+00,1.753726747659525387e+01
2.650999999999999801e+00,1.752376699443922803e+01
2.652000000000000135e+00,1.748174480788429719e+01
2.653000000000000025e+00,1.746549581729943412e+01
2.653999999999999915e+00,1.748208931282115586e+01
2.654999999999999805e+00,1.750637543754714187e+01
2.656000000000000139e+00,1.750193628727543782e+01
2.657000000000000028e+00,1.744456577421008703e+01
2.657999999999999918e+00,1.740852777296403886e+01
2.658999999999999808e+00,1.751697173209032243e+01
2.660000000000000142e+00,1.749056273829774000e+01
2.661000000000000032e+00,1.756661058226628569e+01
2.661999999999999922e+00,1.741973482517563099e+01
2.662999999999999812e+00,1.749335828948521865e+01
2.664000000000000146e+00,1.749263055294501967e+01
2.665000000000000036e+00,1.756938917335330785e+01
2.665999999999999925e+00,1.745818449328259447e+01
2.666999999999999815e+00,1.738158040412692174e+01
2.668000000000000149e+00,1.747872546126218296e+01
2.669000000000000039e+00,1.750954876836761187e+01
2.669999999999999929e+00,1.753702712830517640e+01
2.670999999999999819e+00,1.751081237170656024e+01
2.672000000000000153e+00,1.751344212268397627e+01
2.673000000000000043e+00,1.756178061711149141e+01
2.673999999999999932e+00,1.757389675728550671e+01
2.674999999999999822e+00,1.755304362498569759e+01
2.676000000000000156e+00,1.754437096728780432e+01
2.677000000000000046e+00,1.756035510141737888e+01
2.677999999999999936e+00,1.748047775893686406e+01
2.678999999999999826e+00,1.747923834835305001e+01
2.680000000000000160e+00,1.748631708814814445e+01
2.681000000000000050e+00,1.750514173973800780e+01
2.681999999999999940e+00,1.757847572911502709e+01
2.682999999999999829e+00,1.751327367066789975e+01
2.684000000000000163e+00,1.745517886244032724e+01
2.685000000000000053e+00,1.749927231403761141e+01
2.685999999999999943e+00,1.745489967465270453e+01
2.686999999999999833e+00,1.747286760967834951e+01
2.688000000000000167e+00,1.743024168145608499e+01
2.689000000000000057e+00,1.747523436171121247e+01
2.689999999999999947e+00,1.744739795437894614e+01
2.690999999999999837e+00,1.737079892428429773e+01
2.692000000000000171e+00,1.739006513447488089e+01
2.693000000000000060e+00,1.734668800095786878e+01
2.693999999999999950e+00,1.729767860496639642e+01
2.694999999999999840e+00,1.733999286926065864e+01
2.696000000000000174e+00,1.727846325298162711e+01
2.697000000000000064e+00,1.731785495057701141e+01
2.697999999999999954e+00,1.732483147568800419e+01
2.698999999999999844e+00,1.738711290568930679e+01
2.700000000000000178e+00,1.729491702120991192e+01
2.701000000000000068e+00,1.730617455943213301e+01
2.701999999999999957e+00,1.736076479101803471e+01
2.702999999999999847e+00,1.733201895798856995e+01
2.704000000000000181e+00,1.740630089243959233e+01
2.705000000000000071e+00,1.746899907085484216e+01
2.705999999999999961e+00,1.752230466471850079e+01
2.706999999999999851e+00,1.744540995586050158e+01
2.708000000000000185e+00,1.754439344559547465e+01
2.709000000000000075e+00,1.738468636844092430e+01
2.709999999999999964e+00,1.734728218477378547e+01
2.710999999999999854e+00,1.735298961090481384e+01
2.712000000000000188e+00,1.733814321094517297e+01
2.713000000000000078e+00,1.728900851675322059e+01
2.713999999999999968e+00,1.739836966672028140e+01
2.714999999999999858e+00,1.735473666340652343e+01
2.716000000000000192e+00,1.725543909962359734e+01
2.717000000000000082e+00,1.733595046478990298e+01
2.717999999999999972e+00,1.724449263999829540e+01
2.718999999999999861e+00,1.724858527979531431e+01
2.720000000000000195e+00,1.721059627507961665e+01
2.721000000000000085e+00,1.711592891159842367e+01
2.721999999999999975e+00,1.714669628878759866e+01
2.722999999999999865e+00,1.727143916259649714e+01
2.724000000000000199e+00,1.725382722852958040e+01
2.725000000000000089e+00,1.729156581753998267e+01
2.725999999999999979e+00,1.723607678842541091e+01
2.726999999999999869e+00,1.720218861418966227e+01
2.728000000000000203e+00,1.736348609686926636e+01
2.729000000000000092e+00,1.724395120414811089e+01
2.729999999999999982e+00,1.737301192812405048e+01
2.730999999999999872e+00,1.737005993834604212e+01
2.732000000000000206e+00,1.735938408608297934e+01
2.733000000000000096e+00,1.736628418612257718e+01
2.733999999999999986e+00,1.735463416854531360e+01
2.734999999999999876e+00,1.725022946939082402e+01
2.736000000000000210e+00,1.724576392072738429e+01
2.737000000000000099e+00,1.729613600147867203e+01
2.737999999999999989e+00,1.730274958345095371e+01
2.738999999999999879e+00,1.727593448736044479e+01
2.740000000000000213e+00,1.725261358997029504e+01
2.741000000000000103e+00,1.726123031442220324e+01
2.741999999999999993e+00,1.731130268427700258e+01
2.742999999999999883e+00,1.727438622808577762e+01
2.744000000000000217e+00,1.723953662276893439e+01
2.745000000000000107e+00,1.726982083195037276e+01
2.745999999999999996e+00,1.724668972544170131e+01
2.746999999999999886e+00,1.718817671868816888e+01
2.748000000000000220e+00,1.715862044262341612e+01
2.749000000000000110e+00,1.719147962971569399e+01
2.750000000000000000e+00,1.722557940845917202e+01
2.750999999999999890e+00,1.731699366684215491e+01
2.751999999999999780e+00,1.732570053536513299e+01
2.753000000000000114e+00,1.723923438678702880e+01
2.754000000000000004e+00,1.725883695866269107e+01
2.754999999999999893e+00,1.720859156567108883e+01
2.755999999999999783e+00,1.718664782296267646e+01
2.757000000000000117e+00,1.724730895183419577e+01
2.758000000000000007e+00,1.721621471904298772e+01
2.758999999999999897e+00,1.717588706756112416e+01
2.759999999999999787e+00,1.712037169229118660e+01
2.761000000000000121e+00,1.714498041908014514e+01
2.762000000000000011e+00,1.710576754039058756e+01
2.762999999999999901e+00,1.715222805103884340e+01
2.763999999999999790e+00,1.713956302220231720e+01
2.765000000000000124e+00,1.718243802410275833e+01
2.766000000000000014e+00,1.712327479981896516e+01
2.766999999999999904e+00,1.720412178118650814e+01
2.767999999999999794e+00,1.721166649266343640e+01
2.769000000000000128e+00,1.727648722434460282e+01
2.770000000000000018e+00,1.719076816417909725e+01
2.770999999999999908e+00,1.715760222368767174e+01
2.771999999999999797e+00,1.715025641106476684e+01
2.773000000000000131e+00,1.711471485066570963e+01
2.774000000000000021e+00,1.715984487250977608e+01
2.774999999999999911e+00,1.715153821294030578e+01
2.775999999999999801e+00,1.718421407956903835e+01
2.777000000000000135e+00,1.710968353775318818e+01
2.778000000000000025e+00,1.722393025264136313e+01
2.778999999999999915e+00,1.714055014138123312e+01
2.779999999999999805e+00,1.722002331821438759e+01
2.781000000000000139e+00,1.721824409822942670e+01
2.782000000000000028e+00,1.725987368049796444e+01
2.782999999999999918e+00,1.722951561785447083e+01
2.783999999999999808e+00,1.723859232456225499e+01
2.785000000000000142e+00,1.723014961375782050e+01
2.786000000000000032e+00,1.717714828647672931e+01
2.786999999999999922e+00,1.724974367347708437e+01
2.787999999999999812e+00,1.719120672374335612e+01
2.789000000000000146e+00,1.712586655220279397e+01
2.790000000000000036e+00,1.719268413016848385e+01
2.790999999999999925e+00,1.719864157610639666e+01
2.791999999999999815e+00,1.728056698905221111e+01
2.793000000000000149e+00,1.732678217832477330e+01
2.794000000000000039e+00,1.713886958787497505e+01
2.794999999999999929e+00,1.711155663303975416e+01
2.795999999999999819e+00,1.715799841911311319e+01
2.797000000000000153e+00,1.719449959014852070e+01
2.798000000000000043e+00,1.709672939146993187e+01
2.798999999999999932e+00,1.722392339749618628e+01
2.799999999999999822e+00,1.719835975032995634e+01
2.801000000000000156e+00,1.720294772701496910e+01
2.802000000000000046e+00,1.725175340843173188e+01
2.802999999999999936e+00,1.728693360324838224e+01
2.803999999999999826e+00,1.729748888324077072e+01
2.805000000000000160e+00,1.726633104351104819e+01
2.806000000000000050e+00,1.722243616090788976e+01
2.806999999999999940e+00,1.728298791884697394e+01
2.807999999999999829e+00,1.731805328231424568e+01
2.809000000000000163e+00,1.728685224298662604e+01
2.810000000000000053e+00,1.734167103739637383e+01
2.810999999999999943e+00,1.728690912332747942e+01
2.811999999999999833e+00,1.737741849113002246e+01
2.813000000000000167e+00,1.739528649500238089e+01
2.814000000000000057e+00,1.735536725896452737e+01
2.814999999999999947e+00,1.728550180140446102e+01
2.815999999999999837e+00,1.737899063848341186e+01
2.817000000000000171e+00,1.730877765396543211e+01
2.818000000000000060e+00,1.733438681958021022e+01
2.818999999999999950e+00,1.734358332118748436e+01
2.819999999999999840e+00,1.736143708851757594e+01
2.821000000000000174e+00,1.736548334145274808e+01
2.822000000000000064e+00,1.737283932848143309e+01
2.822999999999999954e+00,1.735705685652120422e+01
2.823999999999999844e+00,1.739813168139890820e+01
2.825000000000000178e+00,1.743089979918626398e+01
2.826000000000000068e+00,1.737080259711860108e+01
2.826999999999999957e+00,1.741501349813226796e+01
2.827999999999999847e+00,1.730451906636048776e+01
2.829000000000000181e+00,1.731110347352548118e+01
2.830000000000000071e+00,1.734941029951392721e+01
2.830999999999999961e+00,1.729543221761488780e+01
2.831999999999999851e+00,1.734234366143941486e+01
2.833000000000000185e+00,1.725990727725643836e+01
2.834000000000000075e+00,1.734838444797151524e+01
2.834999999999999964e+00,1.736347094625016041e+01
2.835999999999999854e+00,1.737332303602461892e+01
2.837000000000000188e+00,1.733702986787253408e+01
2.838000000000000078e+00,1.725693222682176398e+01
2.838999999999999968e+00,1.731523789763756938e+01
2.839999999999999858e+00,1.726554227673506503e+01
2.841000000000000192e+00,1.729105020653673819e+01
2.842000000000000082e+00,1.734123915624617140e+01
2.842999999999999972e+00,1.736092657783347448e+01
2.843999999999999861e+00,1.730080506034271082e+01
2.845000000000000195e+00,1.732689285812955404e+01
2.846000000000000085e+00,1.744764154668270706e+01
2.846999999999999975e+00,1.743689956311290956e+01
2.847999999999999865e+00,1.734019869929591806e+01
2.849000000000000199e+00,1.737914903370340980e+01
2.850000000000000089e+00,1.731987661937387912e+01
2.850999999999999979e+00,1.730933237040098405e+01
2.851999999999999869e+00,1.735225535184212475e+01
2.853000000000000203e+00,1.739177558434019133e+01
2.854000000000000092e+00,1.732647922312688848e+01
2.854999999999999982e+00,1.730729993673116951e+01
2.855999999999999872e+00,1.737550368185409866e+01
2.857000000000000206e+00,1.741734070807084933e+01
2.858000000000000096e+00,1.736556262004075180e+01
2.858999999999999986e+00,1.734692515797489420e+01
2.859999999999999876e+00,1.728795065973029210e+01
2.861000000000000210e+00,1.736615839974781750e+01
2.862000000000000099e+00,1.728765947425270255e+01
2.862999999999999989e+00,1.730542888538024826e+01
2.863999999999999879e+00,1.726263426872318973e+01
2.865000000000000213e+00,1.731593383123108865e+01
2.866000000000000103e+00,1.731609646084474363e+01
2.866999999999999993e+00,1.731532214769245925e+01
2.867999999999999883e+00,1.741904624620610775e+01
2.869000000000000217e+00,1.736980860292707973e+01
2.870000000000000107e+00,1.727969991359741186e+01
2.870999999999999996e+00,1.730622433920676073e+01
2.871999999999999886e+00,1.726290493817889526e+01
2.873000000000000220e+00,1.732508663494968815e+01
2.874000000000000110e+00,1.729694223716803236e+01
2.875000000000000000e+00,1.734600304553235262e+01
2.875999999999999890e+00,1.731915453006706329e+01
2.876999999999999780e+00,1.727354618242416251e+01
2.878000000000000114e+00,1.724933274139846873e+01
2.879000000000000004e+00,1.732336681774704701e+01
2.879999999999999893e+00,1.723023520838501810e+01
2.880999999999999783e+00,1.727509087737752225e+01
2.882000000000000117e+00,1.736230256477300316e+01
2.883000000000000007e+00,1.730653648968572611e+01
2.883999999999999897e+00,1.726900617363929769e+01
2.884999999999999787e+00,1.729178583029021610e+01
2.886000000000000121e+00,1.731434437110416980e+01
2.887000000000000011e+00,1.728351119193559526e+01
2.887999999999999901e+00,1.725594074596597949e+01
2.888999999999999790e+00,1.744155831872090090e+01
2.890000000000000124e+00,1.738244509516948000e+01
2.891000000000000014e+00,1.740716877077699110e+01
2.891999999999999904e+00,1.748340767492056003e+01
2.892999999999999794e+00,1.737180406937450883e+01
2.894000000000000128e+00,1.743726815880660297e+01
2.895000000000000018e+00,1.740513459650439643e+01
2.895999999999999908e+00,1.752785694171919673e+01
2.896999999999999797e+00,1.734275480181364770e+01
2.898000000000000131e+00,1.732731492727126010e+01
2.899000000000000021e+00,1.737809418502067160e+01
2.899999999999999911e+00,1.743386602227662152e+01
2.900999999999999801e+00,1.744378785164577295e+01
2.902000000000000135e+00,1.753188009809664294e+01
2.903000000000000025e+00,1.748357112752697873e+01
2.903999999999999915e+00,1.753630703661096035e+01
2.904999999999999805e+00,1.750769957233530505e+01
2.906000000000000139e+00,1.745882835978660808e+01
2.907000000000000028e+00,1.749092929325776424e+01
2.907999999999999918e+00,1.745941964370267740e+01
2.908999999999999808e+00,1.749088147950507732e+01
2.910000000000000142e+00,1.736244337277093308e+01
2.911000000000000032e+00,1.734718645575872387e+01
2.911999999999999922e+00,1.738813424166205124e+01
2.912999999999999812e+00,1.737924179144565784e+01
2.914000000000000146e+00,1.744314311691507058e+01
2.915000000000000036e+00,1.742839979740453771e+01
2.915999999999999925e+00,1.731346612363341819e+01
2.916999999999999815e+00,1.733348847416498728e+01
2.918000000000000149e+00,1.731994875078256158e+01
2.919000000000000039e+00,1.737820718506074513e+01
2.919999999999999929e+00,1.738509363466283730e+01
2.920999999999999819e+00,1.738918001556828941e+01
2.922000000000000153e+00,1.744330981749393317e+01
2.923000000000000043e+00,1.742639889116699692e+01
2.923999999999999932e+00,1.750359350498693090e+01
2.924999999999999822e+00,1.742674903120229857e+01
2.926000000000000156e+00,1.746500646426197534e+01
2.927000000000000046e+00,1.744533613891436374e+01
2.927999999999999936e+00,1.735150104264330650e+01
2.928999999999999826e+00,1.737537043659899183e+01
2.930000000000000160e+00,1.746858385554127580e+01
2.931000000000000050e+00,1.740890181711685969e+01
2.931999999999999940e+00,1.737972402233407720e+01
2.932999999999999829e+00,1.746282353996372194e+01
2.934000000000000163e+00,1.746336655799133197e+01
2.935000000000000053e+00,1.739407771640854605e+01
2.935999999999999943e+00,1.744914993870458630e+01
2.936999999999999833e+00,1.735360770134478159e+01
2.938000000000000167e+00,1.738178886854456096e+01
2.939000000000000057e+00,1.729621559789340779e+01
2.939999999999999947e+00,1.746184067699731202e+01
2.940999999999999837e+00,1.728061043339942060e+01
2.942000000000000171e+00,1.733368423610629350e+01
2.943000000000000060e+00,1.740403496002804218e+01
2.943999999999999950e+00,1.742454985151927360e+01
2.944999999999999840e+00,1.740414058988209689e+01
2.946000000000000174e+00,1.737346470079046767e+01
2.947000000000000064e+00,1.738334212248006594e+01
2.947999999999999954e+00,1.732229470103814251e+01
2.948999999999999844e+00,1.734774709252670277e+01
2.950000000000000178e+00,1.730442526644687717e+01
2.951000000000000068e+00,1.729136490640895119e+01
2.951999999999999957e+00,1.737111171106210605e+01
2.952999999999999847e+00,1.738623377654628044e+01
2.954000000000000181e+00,1.735229815511599227e+01
2.955000000000000071e+00,1.735149389908231399e+01
2.955999999999999961e+00,1.729365322215519285e+01
2.956999999999999851e+00,1.742031496903042154e+01
2.958000000000000185e+00,1.735878573975949379e+01
2.959000000000000075e+00,1.743883562999215542e+01
2.959999999999999964e+00,1.736462665405502293e+01
2.960999999999999854e+00,1.737606974566306306e+01
2.962000000000000188e+00,1.737666944897313570e+01
2.963000000000000078e+00,1.733665921575235913e+01
2.963999999999999968e+00,1.735002977542971792e+01
2.964999999999999858e+00,1.737513018101927287e+01
2.966000000000000192e+00,1.739729036349873681e+01
2.967000000000000082e+00,1.736802023191759758e+01
2.967999999999999972e+00,1.746968675616658828e+01
2.968999999999999861e+00,1.745366208319324741e+01
2.970000000000000195e+00,1.744252813648817479e+01
2.971000000000000085e+00,1.750951209619549331e+01
2.971999999999999975e+00,1.746995488229539717e+01
2.972999999999999865e+00,1.748380361383080484e+01
2.974000000000000199e+00,1.756003935353817269e+01
2.975000000000000089e+00,1.748480334777328693e+01
2.975999999999999979e+00,1.741439966098104364e+01
2.976999999999999869e+00,1.737311479174162088e+01
2.978000000000000203e+00,1.751030010097171541e+01
2.979000000000000092e+00,1.742225123803632414e+01
2.979999999999999982e+00,1.750533345219335857e+01
2.980999999999999872e+00,1.739720772777070579e+01
2.982000000000000206e+00,1.736792884524231795e+01
2.983000000000000096e+00,1.745226790862464483e+01
2.983999999999999986e+00,1.745006382832142933e+01
2.984999999999999876e+00,1.748170923548623179e+01
2.986000000000000210e+00,1.735400410976283325e+01
2.987000000000000099e+00,1.748622101538370188e+01
2.987999999999999989e+00,1.740057191319120378e+01
2.988999999999999879e+00,1.745219886358581363e+01
2.990000000000000213e+00,1.737660458915317463e+01
2.991000000000000103e+00,1.745932900787843778e+01
2.991999999999999993e+00,1.746571801436583016e+01
2.992999999999999883e+00,1.741980579313545618e+01
2.994000000000000217e+00,1.738446205763337460e+01
2.995000000000000107e+00,1.735856691017838216e+01
2.995999999999999996e+00,1.745820603571453944e+01
2.996999999999999886e+00,1.746833600898609973e+01
2.998000000000000220e+00,1.753045505217842148e+01
2.999000000000000110e+00,1.739119425527410812e+01
3.000000000000000000e+00,1.742363960485011987e+01
3.000999999999999890e+00,1.738656294997560181e+01
3.001999999999999780e+00,1.748792703616802413e+01
3.003000000000000114e+00,1.747623813150292449e+01
3.004000000000000004e+00,1.751438097781435488e+01
3.004999999999999893e+00,1.739423167037694640e+01
3.005999999999999783e+00,1.746544329392409622e+01
3.007000000000000117e+00,1.752683983600352846e+01
3.008000000000000007e+00,1.754328192423092503e+01
3.008999999999999897e+00,1.749811001121393161e+01
3.009999999999999787e+00,1.746009541269301479e+01
3.011000000000000121e+00,1.746896256055018881e+01
3.012000000000000011e+00,1.750785936418224864e+01
3.012999999999999901e+00,1.744240170864231132e+01
3.013999999999999790e+00,1.741886358462338080e+01
3.015000000000000124e+00,1.738747752191495621e+01
3.016000000000000014e+00,1.751373600481644388e+01
3.016999999999999904e+00,1.743041373964538820e+01
3.017999999999999794e+00,1.744452685714416518e+01
3.019000000000000128e+00,1.744011478165434070e+01
3.020000000000000018e+00,1.743278763553445287e+01
3.020999999999999908e+00,1.743379141442838431e+01
3.021999999999999797e+00,1.754242724694070432e+01
3.023000000000000131e+00,1.747513747952217855e+01
3.024000000000000021e+00,1.742150902314552852e+01
3.024999999999999911e+00,1.734915093631311223e+01
3.025999999999999801e+00,1.739734304765411821e+01
3.027000000000000135e+00,1.744754173701725719e+01
3.028000000000000025e+00,1.738523505687149395e+01
3.028999999999999915e+00,1.746654986197247794e+01
3.029999999999999805e+00,1.743147835201635942e+01
3.031000000000000139e+00,1.740416860582072545e+01
3.032000000000000028e+00,1.744267337321213773e+01
3.032999999999999918e+00,1.748907147085586899e+01
3.033999999999999808e+00,1.748666089135963020e+01
3.035000000000000142e+00,1.744444279714232238e+01
3.036000000000000032e+00,1.748992076816861285e+01
3.036999999999999922e+00,1.744027905494661113e+01
3.037999999999999812e+00,1.741090863055855209e+01
3.039000000000000146e+00,1.737240289778226554e+01
3.040000000000000036e+00,1.733078873613930782e+01
3.040999999999999925e+00,1.733145475386355017e+01
3.041999999999999815e+00,1.733088085185690730e+01
3.043000000000000149e+00,1.725339266875612765e+01
3.044000000000000039e+00,1.730783743971252875e+01
3.044999999999999929e+00,1.730670102649606434e+01
3.045999999999999819e+00,1.731987085217782152e+01
3.047000000000000153e+00,1.746479566574879883e+01
3.048000000000000043e+00,1.743247745599065723e+01
3.048999999999999932e+00,1.737995098400834948e+01
3.049999999999999822e+00,1.734965502465427889e+01
3.051000000000000156e+00,1.738414337953298272e+01
3.052000000000000046e+00,1.738327919228413876e+01
3.052999999999999936e+00,1.726167496793371825e+01
3.053999999999999826e+00,1.730303886998862239e+01
3.055000000000000160e+00,1.731069485062342395e+01
3.056000000000000050e+00,1.738057161648189108e+01
3.056999999999999940e+00,1.727770594604826115e+01
3.057999999999999829e+00,1.729787084091335103e+01
3.059000000000000163e+00,1.731531344420533713e+01
3.060000000000000053e+00,1.737125228364118357e+01
3.060999999999999943e+00,1.736131289854759885e+01
3.061999999999999833e+00,1.735969399803401814e+01
3.063000000000000167e+00,1.727928227581418952e+01
3.064000000000000057e+00,1.725541463539175524e+01
3.064999999999999947e+00,1.725694575475875325e+01
3.065999999999999837e+00,1.727601555770848663e+01
3.067000000000000171e+00,1.726710798797803292e+01
3.068000000000000060e+00,1.724910605998296376e+01
3.068999999999999950e+00,1.725344912014482546e+01
3.069999999999999840e+00,1.727902614508104051e+01
3.071000000000000174e+00,1.723393939342777159e+01
3.072000000000000064e+00,1.725723238035942941e+01
3.072999999999999954e+00,1.719501996527819898e+01
3.073999999999999844e+00,1.712031960629069616e+01
3.075000000000000178e+00,1.724952067031750502e+01
3.076000000000000068e+00,1.728175036742111814e+01
3.076999999999999957e+00,1.723104134787361019e+01
3.077999999999999847e+00,1.727376321253291636e+01
3.079000000000000181e+00,1.725702907868750557e+01
3.080000000000000071e+00,1.731172767796998713e+01
3.080999999999999961e+00,1.730047905173567102e+01
3.081999999999999851e+00,1.726263973806057805e+01
3.083000000000000185e+00,1.728986740869682137e+01
3.084000000000000075e+00,1.735161174805113760e+01
3.084999999999999964e+00,1.727138044286130736e+01
3.085999999999999854e+00,1.734214897190603111e+01
3.087000000000000188e+00,1.733256040800855402e+01
3.088000000000000078e+00,1.734182608414292304e+01
3.088999999999999968e+00,1.730516025617936648e+01
3.089999999999999858e+00,1.722185934042691002e+01
3.091000000000000192e+00,1.719446058097450702e+01
3.092000000000000082e+00,1.721991936402920942e+01
3.092999999999999972e+00,1.721186559115312420e+01
3.093999999999999861e+00,1.718700135094382730e+01
3.095000000000000195e+00,1.726794451501957184e+01
3.096000000000000085e+00,1.718530396583406628e+01
3.096999999999999975e+00,1.723684102439462151e+01
3.097999999999999865e+00,1.726774397967898977e+01
3.099000000000000199e+00,1.729700989076331652e+01
3.100000000000000089e+00,1.730508099974993286e+01
3.100999999999999979e+00,1.735819942877100530e+01
3.101999999999999869e+00,1.729988716849184271e+01
3.103000000000000203e+00,1.723686178297280236e+01
3.104000000000000092e+00,1.728923139610256499e+01
3.104999999999999982e+00,1.730883658959943716e+01
3.105999999999999872e+00,1.724001016476947967e+01
3.107000000000000206e+00,1.728435267846831280e+01
3.108000000000000096e+00,1.728771507471235580e+01
3.108999999999999986e+00,1.728762066179276502e+01
3.109999999999999876e+00,1.735094572008900116e+01
3.111000000000000210e+00,1.722949948021217281e+01
3.112000000000000099e+00,1.730078180169267199e+01
3.112999999999999989e+00,1.737310472571927278e+01
3.113999999999999879e+00,1.736198902183531700e+01
3.115000000000000213e+00,1.732660049139823144e+01
3.116000000000000103e+00,1.730496272748543873e+01
3.116999999999999993e+00,1.726395102678648641e+01
3.117999999999999883e+00,1.734526609717847379e+01
3.119000000000000217e+00,1.743983624612824102e+01
3.120000000000000107e+00,1.728362898657461244e+01
3.120999999999999996e+00,1.729193589288257726e+01
3.121999999999999886e+00,1.730019635975975234e+01
3.123000000000000220e+00,1.733679053759080446e+01
3.124000000000000110e+00,1.729953420685487231e+01
3.125000000000000000e+00,1.726501574788832727e+01
3.125999999999999890e+00,1.726594319755833240e+01
3.126999999999999780e+00,1.731907704752544674e+01
3.128000000000000114e+00,1.730749927545389610e+01
3.129000000000000004e+00,1.741014224015609813e+01
3.129999999999999893e+00,1.728438848905872405e+01
3.130999999999999783e+00,1.727736361984464963e+01
3.132000000000000117e+00,1.726464662764837144e+01
3.133000000000000007e+00,1.726329554019389079e+01
3.133999999999999897e+00,1.730718709140302281e+01
3.134999999999999787e+00,1.726893070024234333e+01
3.136000000000000121e+00,1.719164642603364257e+01
3.137000000000000011e+00,1.723321483881965221e+01
3.137999999999999901e+00,1.730800903765987186e+01
3.138999999999999790e+00,1.725954425400074044e+01
3.140000000000000124e+00,1.728841410474747420e+01
3.141000000000000014e+00,1.726284640072174881e+01
3.141999999999999904e+00,1.727145228746320882e+01
3.142999999999999794e+00,1.726678765187317666e+01
3.144000000000000128e+00,1.731186631671447884e+01
3.145000000000000018e+00,1.728096906969976843e+01
3.145999999999999908e+00,1.735312787587347927e+01
3.146999999999999797e+00,1.723162733501373722e+01
3.148000000000000131e+00,1.736297968088776500e+01
3.149000000000000021e+00,1.730962807785488877e+01
3.149999999999999911e+00,1.730270971141135306e+01
3.150999999999999801e+00,1.727782716551308440e+01
3.152000000000000135e+00,1.723328029028335706e+01
3.153000000000000025e+00,1.724848929774007900e+01
3.153999999999999915e+00,1.723131545959748223e+01
3.154999999999999805e+00,1.726808656325905034e+01
3.156000000000000139e+00,1.717818246074562083e+01
3.157000000000000028e+00,1.721972234767402554e+01
3.157999999999999918e+00,1.722705790824978678e+01
3.158999999999999808e+00,1.733130661190762112e+01
3.160000000000000142e+00,1.731415620229977037e+01
3.161000000000000032e+00,1.727715348263087236e+01
3.161999999999999922e+00,1.724975060885375200e+01
3.162999999999999812e+00,1.727799442721822132e+01
3.164000000000000146e+00,1.726652325595939530e+01
3.165000000000000036e+00,1.722415627095641000e+01
3.165999999999999925e+00,1.729520119983692794e+01
3.166999999999999815e+00,1.743961837357365852e+01
3.168000000000000149e+00,1.738929563181368820e+01
3.169000000000000039e+00,1.732426264387298076e+01
3.169999999999999929e+00,1.736027491134787226e+01
3.170999999999999819e+00,1.733665080967228533e+01
3.172000000000000153e+00,1.730533112752339875e+01
3.173000000000000043e+00,1.735673377555043118e+01
3.173999999999999932e+00,1.731384835277101431e+01
3.174999999999999822e+00,1.727225293724234234e+01
3.176000000000000156e+00,1.730726244354284304e+01
3.177000000000000046e+00,1.732613284983355584e+01
3.177999999999999936e+00,1.735262307202991749e+01
3.178999999999999826e+00,1.735649644014459625e+01
3.180000000000000160e+00,1.732064842495075752e+01
3.181000000000000050e+00,1.730682863755965784e+01
3.181999999999999940e+00,1.732728157869673069e+01
3.182999999999999829e+00,1.733053490321527690e+01
3.184000000000000163e+00,1.727250153409147515e+01
3.185000000000000053e+00,1.718717369371434600e+01
3.185999999999999943e+00,1.725010130279052945e+01
3.186999999999999833e+00,1.732360249173579447e+01
3.188000000000000167e+00,1.727427701453817122e+01
3.189000000000000057e+00,1.733559500734685344e+01
3.189999999999999947e+00,1.734597950778617914e+01
3.190999999999999837e+00,1.723278369339500671e+01
3.192000000000000171e+00,1.727673330577515642e+01
3.193000000000000060e+00,1.725825222635524980e+01
3.193999999999999950e+00,1.724064828987449260e+01
3.194999999999999840e+00,1.728409397281674131e+01
3.196000000000000174e+00,1.725744455343307848e+01
3.197000000000000064e+00,1.728769481052354351e+01
3.197999999999999954e+00,1.722621289900681774e+01
3.198999999999999844e+00,1.730631686412765191e+01
3.200000000000000178e+00,1.725495306597058232e+01
3.201000000000000068e+00,1.725482273386715804e+01
3.201999999999999957e+00,1.731168450644911516e+01
3.202999999999999847e+00,1.729242137254990297e+01
3.204000000000000181e+00,1.732864890242965572e+01
3.205000000000000071e+00,1.730724514797068281e+01
3.205999999999999961e+00,1.728699586054835891e+01
3.206999999999999851e+00,1.720540346385465469e+01
3.208000000000000185e+00,1.726187720875547527e+01
3.209000000000000075e+00,1.736827735605447742e+01
3.209999999999999964e+00,1.726773880389012916e+01
3.210999999999999854e+00,1.726597011349765154e+01
3.212000000000000188e+00,1.719130884064086118e+01
3.213000000000000078e+00,1.725949976629009086e+01
3.213999999999999968e+00,1.720964725432166631e+01
3.214999999999999858e+00,1.725568825108902260e+01
3.216000000000000192e+00,1.717606407172385019e+01
3.217000000000000082e+00,1.717509815453386324e+01
3.217999999999999972e+00,1.724608655900036425e+01
3.218999999999999861e+00,1.722792352807195115e+01
3.220000000000000195e+00,1.721990774796815060e+01
3.221000000000000085e+00,1.723985384028674517e+01
3.221999999999999975e+00,1.720751677334638785e+01
3.222999999999999865e+00,1.730789386317071177e+01
3.224000000000000199e+00,1.725441547071124049e+01
3.225000000000000089e+00,1.727964573688001337e+01
3.225999999999999979e+00,1.719270250756824581e+01
3.226999999999999869e+00,1.718500814051743930e+01
3.228000000000000203e+00,1.729392656321699207e+01
3.229000000000000092e+00,1.723847391061181966e+01
3.229999999999999982e+00,1.719069780053428076e+01
3.230999999999999872e+00,1.724202179646533750e+01
3.232000000000000206e+00,1.720558952408402931e+01
3.233000000000000096e+00,1.725155214841095130e+01
3.233999999999999986e+00,1.717343477311537825e+01
3.234999999999999876e+00,1.721112227831862640e+01
3.236000000000000210e+00,1.725817209441199296e+01
3.237000000000000099e+00,1.726903079526909579e+01
3.237999999999999989e+00,1.723959612444665268e+01
3.238999999999999879e+00,1.719160910804438913e+01
3.240000000000000213e+00,1.713679571020825776e+01
3.241000000000000103e+00,1.713438183027832196e+01
3.241999999999999993e+00,1.725309935416010276e+01
3.242999999999999883e+00,1.721929360165148282e+01
3.244000000000000217e+00,1.717233306269414328e+01
3.245000000000000107e+00,1.715518218014186758e+01
3.245999999999999996e+00,1.725969515007005484e+01
3.246999999999999886e+00,1.733062274341503795e+01
3.248000000000000220e+00,1.724649027434140081e+01
3.249000000000000110e+00,1.725519533235200953e+01
3.250000000000000000e+00,1.726326781006286382e+01
3.250999999999999890e+00,1.727480356687395968e+01
3.251999999999999780e+00,1.724473693104376792e+01
3.253000000000000114e+00,1.729108412636799130e+01
3.254000000000000004e+00,1.727331228266896090e+01
3.254999999999999893e+00,1.724291950167532761e+01
3.255999999999999783e+00,1.724860682496355224e+01
3.257000000000000117e+00,1.726964121320469303e+01
3.258000000000000007e+00,1.731416578621884383e+01
3.258999999999999897e+00,1.719361514504031518e+01
3.259999999999999787e+00,1.731468995588506843e+01
3.261000000000000121e+00,1.729673135769492731e+01
3.262000000000000011e+00,1.730910566351086288e+01
3.262999999999999901e+00,1.728076389664300194e+01
3.263999999999999790e+00,1.723478190270526866e+01
3.265000000000000124e+00,1.727008746644747816e+01
3.266000000000000014e+00,1.733123445386342354e+01
3.266999999999999904e+00,1.722829821746998746e+01
3.267999999999999794e+00,1.724520210037562862e+01
3.269000000000000128e+00,1.727775924399313467e+01
3.270000000000000018e+00,1.724402842211087972e+01
3.270999999999999908e+00,1.732358246346205277e+01
3.271999999999999797e+00,1.724858454633113780e+01
3.273000000000000131e+00,1.723598043318676076e+01
3.274000000000000021e+00,1.732350495500195464e+01
3.274999999999999911e+00,1.729192521355654222e+01
3.275999999999999801e+00,1.733539839778190483e+01
3.277000000000000135e+00,1.727522237457711540e+01
3.278000000000000025e+00,1.734952895222170355e+01
3.278999999999999915e+00,1.732272538538819617e+01
3.279999999999999805e+00,1.729820716261189517e+01
3.281000000000000139e+00,1.728783958235909068e+01
3.282000000000000028e+00,1.739581406756335014e+01
3.282999999999999918e+00,1.736295075074842487e+01
3.283999999999999808e+00,1.733963189452968123e+01
3.285000000000000142e+00,1.730924925548198345e+01
3.286000000000000032e+00,1.732855220693031839e+01
3.286999999999999922e+00,1.723798652739988313e+01
3.287999999999999812e+00,1.729938688450463502e+01
3.289000000000000146e+00,1.725016697662729115e+01
3.290000000000000036e+00,1.728261570238542433e+01
3.290999999999999925e+00,1.722607710759898225e+01
3.291999999999999815e+00,1.722573435544050824e+01
3.293000000000000149e+00,1.726043319368490003e+01
3.294000000000000039e+00,1.729563563160756701e+01
3.294999999999999929e+00,1.733881785961843391e+01
3.295999999999999819e+00,1.729426414224574415e+01
3.297000000000000153e+00,1.733948274437328152e+01
3.298000000000000043e+00,1.729613309733485949e+01
3.298999999999999932e+00,1.734167993652922846e+01
3.299999999999999822e+00,1.733474740769778677e+01
3.301000000000000156e+00,1.737843879907972067e+01
3.302000000000000046e+00,1.729185651022029901e+01
3.302999999999999936e+00,1.733734359159105054e+01
3.303999999999999826e+00,1.735380062130617063e+01
3.305000000000000160e+00,1.726573422661391888e+01
3.306000000000000050e+00,1.733757067451343659e+01
3.306999999999999940e+00,1.738722923990729896e+01
3.307999999999999829e+00,1.731614181959216126e+01
3.309000000000000163e+00,1.728122703857571807e+01
3.310000000000000053e+00,1.733208313512722754e+01
3.310999999999999943e+00,1.737829276852104243e+01
3.311999999999999833e+00,1.727446465056256741e+01
3.313000000000000167e+00,1.723553088469685335e+01
3.314000000000000057e+00,1.727971501315250435e+01
3.314999999999999947e+00,1.735470840469717402e+01
3.315999999999999837e+00,1.728325226355450894e+01
3.317000000000000171e+00,1.735442841642701595e+01
3.318000000000000060e+00,1.730939686078766115e+01
3.318999999999999950e+00,1.738043189418723244e+01
3.319999999999999840e+00,1.728426365435494816e+01
3.321000000000000174e+00,1.727373148563813032e+01
3.322000000000000064e+00,1.730397871586687586e+01
3.322999999999999954e+00,1.733797903108433047e+01
3.323999999999999844e+00,1.730337593275840646e+01
3.325000000000000178e+00,1.736228623113176184e+01
3.326000000000000068e+00,1.730847971868959689e+01
3.326999999999999957e+00,1.726364339486369559e+01
3.327999999999999847e+00,1.729153170504223880e+01
3.329000000000000181e+00,1.730547618815665700e+01
3.330000000000000071e+00,1.727692344018559112e+01
3.330999999999999961e+00,1.728176020547249081e+01
3.331999999999999851e+00,1.721857308615981808e+01
3.333000000000000185e+00,1.727771065209786983e+01
3.334000000000000075e+00,1.726125756119222387e+01
3.334999999999999964e+00,1.724504031442298668e+01
3.335999999999999854e+00,1.724031310887438195e+01
3.337000000000000188e+00,1.717840666644884706e+01
3.338000000000000078e+00,1.717161727308000962e+01
3.338999999999999968e+00,1.712174001292155268e+01
3.339999999999999858e+00,1.723396326529521616e+01
3.341000000000000192e+00,1.722452457470587106e+01
3.342000000000000082e+00,1.722136466382288233e+01
3.342999999999999972e+00,1.720100872067985165e+01
3.343999999999999861e+00,1.728975791188616284e+01
3.345000000000000195e+00,1.721811287171824389e+01
3.346000000000000085e+00,1.726396689837701359e+01
3.346999999999999975e+00,1.730925810197934922e+01
3.347999999999999865e+00,1.728683892335633843e+01
3.349000000000000199e+00,1.724248433738508979e+01
3.350000000000000089e+00,1.728720974916982200e+01
3.350999999999999979e+00,1.728867028688710050e+01
3.351999999999999869e+00,1.732125687892620647e+01
3.353000000000000203e+00,1.734697197752572961e+01
3.354000000000000092e+00,1.733506900778978377e+01
3.354999999999999982e+00,1.732322044378471304e+01
3.355999999999999872e+00,1.722010317455277217e+01
3.357000000000000206e+00,1.730149023318313084e+01
3.358000000000000096e+00,1.727663465784609542e+01
3.358999999999999986e+00,1.730412098471419213e+01
3.359999999999999876e+00,1.733626757909680194e+01
3.361000000000000210e+00,1.725758851476140521e+01
3.362000000000000099e+00,1.729825971621156100e+01
3.362999999999999989e+00,1.728211044889594561e+01
3.363999999999999879e+00,1.731068853416911324e+01
3.365000000000000213e+00,1.729044712480643398e+01
3.366000000000000103e+00,1.733196018424310836e+01
3.366999999999999993e+00,1.730909457074011115e+01
3.367999999999999883e+00,1.730186306973034860e+01
3.369000000000000217e+00,1.727926719394559996e+01
3.370000000000000107e+00,1.724201996111061419e+01
3.370999999999999996e+00,1.730714574577912046e+01
3.371999999999999886e+00,1.731202902537260968e+01
3.373000000000000220e+00,1.733004323032119132e+01
3.374000000000000110e+00,1.732045689838876967e+01
3.375000000000000000e+00,1.733569310829647847e+01
3.375999999999999890e+00,1.739408893623153674e+01
3.376999999999999780e+00,1.737839337140385254e+01
3.378000000000000114e+00,1.731052422930483914e+01
3.379000000000000004e+00,1.726051192263033940e+01
3.379999999999999893e+00,1.727929445633193595e+01
3.380999999999999783e+00,1.727723951142005632e+01
3.382000000000000117e+00,1.727217129970682308e+01
3.383000000000000007e+00,1.729844350923692176e+01
3.383999999999999897e+00,1.730639128104759195e+01
3.384999999999999787e+00,1.729759455231487664e+01
3.386000000000000121e+00,1.732031901700863585e+01
3.387000000000000011e+00,1.730554193296677568e+01
3.387999999999999901e+00,1.726106192813688978e+01
3.388999999999999790e+00,1.722448259429653916e+01
3.390000000000000124e+00,1.732124773486359359e+01
3.391000000000000014e+00,1.729828725462840566e+01
3.391999999999999904e+00,1.734224356363183261e+01
3.392999999999999794e+00,1.731599443670538108e+01
3.394000000000000128e+00,1.724799850041132032e+01
3.395000000000000018e+00,1.729680780608900648e+01
3.395999999999999908e+00,1.729212176919325117e+01
3.396999999999999797e+00,1.724404085923502805e+01
3.398000000000000131e+00,1.735497412869932887e+01
3.399000000000000021e+00,1.726695533203071875e+01
3.399999999999999911e+00,1.728417738649190483e+01
3.400999999999999801e+00,1.728455230298658307e+01
3.402000000000000135e+00,1.726790699626138803e+01
3.403000000000000025e+00,1.730457202303631448e+01
3.403999999999999915e+00,1.727275679695539168e+01
3.404999999999999805e+00,1.722406868658275059e+01
3.406000000000000139e+00,1.716919321161154599e+01
3.407000000000000028e+00,1.729198964285289009e+01
3.407999999999999918e+00,1.724448430434853208e+01
3.408999999999999808e+00,1.724051103463135348e+01
3.410000000000000142e+00,1.725939387724477214e+01
3.411000000000000032e+00,1.725035036667956589e+01
3.411999999999999922e+00,1.720402296907834483e+01
3.412999999999999812e+00,1.720838605487870154e+01
3.414000000000000146e+00,1.723960369350712796e+01
3.415000000000000036e+00,1.714145762941978646e+01
3.415999999999999925e+00,1.718405231461970217e+01
3.416999999999999815e+00,1.717779268782502555e+01
3.418000000000000149e+00,1.723084337367400565e+01
3.419000000000000039e+00,1.727759693959135845e+01
3.419999999999999929e+00,1.732886156006717826e+01
3.420999999999999819e+00,1.727297204517763163e+01
3.422000000000000153e+00,1.726137507208367694e+01
3.423000000000000043e+00,1.727052050717994192e+01
3.423999999999999932e+00,1.717571588036214081e+01
3.424999999999999822e+00,1.722691089497623551e+01
3.426000000000000156e+00,1.722636439754050031e+01
3.427000000000000046e+00,1.722658970101576514e+01
3.427999999999999936e+00,1.724663645216245200e+01
3.428999999999999826e+00,1.717393309222961406e+01
3.430000000000000160e+00,1.723622570815756916e+01
3.431000000000000050e+00,1.717362858372543144e+01
3.431999999999999940e+00,1.724040327866386946e+01
3.432999999999999829e+00,1.725514322345158291e+01
3.434000000000000163e+00,1.722403298405106398e+01
3.435000000000000053e+00,1.731090976934565617e+01
3.435999999999999943e+00,1.729555347215882932e+01
3.436999999999999833e+00,1.734257822851086317e+01
3.438000000000000167e+00,1.737095892432370903e+01
3.439000000000000057e+00,1.727940649244338189e+01
3.439999999999999947e+00,1.732584964308721354e+01
3.440999999999999837e+00,1.729023603947388921e+01
3.442000000000000171e+00,1.726154993349637934e+01
3.443000000000000060e+00,1.727436514818561619e+01
3.443999999999999950e+00,1.725905008402737550e+01
3.444999999999999840e+00,1.722938668683929819e+01
3.446000000000000174e+00,1.722670126691312831e+01
3.447000000000000064e+00,1.730354622140462340e+01
3.447999999999999954e+00,1.726474322574360087e+01
3.448999999999999844e+00,1.725587781467720205e+01
3.450000000000000178e+00,1.717252671888104487e+01
3.451000000000000068e+00,1.714353590328758870e+01
3.451999999999999957e+00,1.720034736918132623e+01
3.452999999999999847e+00,1.719693474654074450e+01
3.454000000000000181e+00,1.722383156783489255e+01
3.455000000000000071e+00,1.723119929997018573e+01
3.455999999999999961e+00,1.722817155171894399e+01
3.456999999999999851e+00,1.725543824948980998e+01
3.458000000000000185e+00,1.719339302176378581e+01
3.459000000000000075e+00,1.727055811450607337e+01
3.459999999999999964e+00,1.723697382826265567e+01
3.460999999999999854e+00,1.724711673873179052e+01
3.462000000000000188e+00,1.716606280576039367e+01
3.463000000000000078e+00,1.724278730543863958e+01
3.463999999999999968e+00,1.729467172493505700e+01
3.464999999999999858e+00,1.722932236036784559e+01
3.466000000000000192e+00,1.728172563045983523e+01
3.467000000000000082e+00,1.724938401897364315e+01
3.467999999999999972e+00,1.727488570794084666e+01
3.468999999999999861e+00,1.729914557201919578e+01
3.470000000000000195e+00,1.729415803638332605e+01
3.471000000000000085e+00,1.727756448051358973e+01
3.471999999999999975e+00,1.719732684851030058e+01
3.472999999999999865e+00,1.726786237790252443e+01
3.474000000000000199e+00,1.721240188241539926e+01
3.475000000000000089e+00,1.728877187338821741e+01
3.475999999999999979e+00,1.724235781557237601e+01
3.476999999999999869e+00,1.723250514582286996e+01
3.478000000000000203e+00,1.723991542954395939e+01
3.479000000000000092e+00,1.719373022249725125e+01
3.479999999999999982e+00,1.717781114713792334e+01
3.480999999999999872e+00,1.724919243876466624e+01
3.482000000000000206e+00,1.717990725620343895e+01
3.483000000000000096e+00,1.718736168235150430e+01
3.483999999999999986e+00,1.715065428476198406e+01
3.484999999999999876e+00,1.716949076217316161e+01
3.486000000000000210e+00,1.720697351841445766e+01
3.487000000000000099e+00,1.713363513475278310e+01
3.487999999999999989e+00,1.723413466292746321e+01
3.488999999999999879e+00,1.718169019327307367e+01
3.490000000000000213e+00,1.712608328466857088e+01
3.491000000000000103e+00,1.715141532568637217e+01
3.491999999999999993e+00,1.723443545291583945e+01
3.492999999999999883e+00,1.718681062936740034e+01
3.494000000000000217e+00,1.717952954628504969e+01
3.495000000000000107e+00,1.716834159609635435e+01
3.495999999999999996e+00,1.723395163592293144e+01
3.496999999999999886e+00,1.727002442596499776e+01
3.498000000000000220e+00,1.722629770131477400e+01
3.499000000000000110e+00,1.724589670824523679e+01
3.500000000000000000e+00,1.724446739167938958e+01
3.500999999999999890e+00,1.717178051306316533e+01
3.501999999999999780e+00,1.717945647395806930e+01
3.503000000000000114e+00,1.717248044907808335e+01
3.504000000000000004e+00,1.727733286063725870e+01
3.504999999999999893e+00,1.722587436199061983e+01
3.505999999999999783e+00,1.720918975600656964e+01
3.507000000000000117e+00,1.721131473736963713e+01
3.508000000000000007e+00,1.725618881771208635e+01
3.508999999999999897e+00,1.727276465856051502e+01
3.509999999999999787e+00,1.730272149203890919e+01
3.511000000000000121e+00,1.731501881081153016e+01
3.512000000000000011e+00,1.725321681343794822e+01
3.512999999999999901e+00,1.731704756952922963e+01
3.513999999999999790e+00,1.721739440395417731e+01
3.515000000000000124e+00,1.717620878524053651e+01
3.516000000000000014e+00,1.724107446559870382e+01
3.516999999999999904e+00,1.732730008918393239e+01
3.517999999999999794e+00,1.730734743645638218e+01
3.519000000000000128e+00,1.725099075652303782e+01
3.520000000000000018e+00,1.728231087790734577e+01
3.520999999999999908e+00,1.725837131326665741e+01
3.521999999999999797e+00,1.719577208100122334e+01
3.523000000000000131e+00,1.719817232057792111e+01
3.524000000000000021e+00,1.724554223703190559e+01
3.524999999999999911e+00,1.725619651426350032e+01
3.525999999999999801e+00,1.718227675871533222e+01
3.527000000000000135e+00,1.724704321257581086e+01
3.528000000000000025e+00,1.721296892837141357e+01
3.528999999999999915e+00,1.723419898973898512e+01
3.529999999999999805e+00,1.732048486633916440e+01
3.531000000000000139e+00,1.728505889756007008e+01
3.532000000000000028e+00,1.727414335544684931e+01
3.532999999999999918e+00,1.717239482956534147e+01
3.533999999999999808e+00,1.733277456022013752e+01
3.535000000000000142e+00,1.728737295234122939e+01
3.536000000000000032e+00,1.725006570742068135e+01
3.536999999999999922e+00,1.720617072744889242e+01
3.537999999999999812e+00,1.722818843947246847e+01
3.539000000000000146e+00,1.716107855842004071e+01
3.540000000000000036e+00,1.726799404614675737e+01
3.540999999999999925e+00,1.724049433074310045e+01
3.541999999999999815e+00,1.722740117925869185e+01
3.543000000000000149e+00,1.727690561082068399e+01
3.544000000000000039e+00,1.728391511039531991e+01
3.544999999999999929e+00,1.724267513023678688e+01
3.545999999999999819e+00,1.717422547883243311e+01
3.547000000000000153e+00,1.716060970397100149e+01
3.548000000000000043e+00,1.726927694378550626e+01
3.548999999999999932e+00,1.724797483063115067e+01
3.549999999999999822e+00,1.718551527268335022e+01
3.551000000000000156e+00,1.721120781182613158e+01
3.552000000000000046e+00,1.717824517202724977e+01
3.552999999999999936e+00,1.720050257973900187e+01
3.553999999999999826e+00,1.713169151308564864e+01
3.555000000000000160e+00,1.724945576608148912e+01
3.556000000000000050e+00,1.721648591837364606e+01
3.556999999999999940e+00,1.722968142961619620e+01
3.557999999999999829e+00,1.721227036201937111e+01
3.559000000000000163e+00,1.723540996769988354e+01
3.560000000000000053e+00,1.725655289077075594e+01
3.560999999999999943e+00,1.720399233641448689e+01
3.561999999999999833e+00,1.715350754502160768e+01
3.563000000000000167e+00,1.722469594063343123e+01
3.564000000000000057e+00,1.725331364833310843e+01
3.564999999999999947e+00,1.717489823087424128e+01
3.565999999999999837e+00,1.726892232520878423e+01
3.567000000000000171e+00,1.724714553930536809e+01
3.568000000000000060e+00,1.720587115046777527e+01
3.568999999999999950e+00,1.719026230624666240e+01
3.569999999999999840e+00,1.719674329304713467e+01
3.571000000000000174e+00,1.720286778772465297e+01
3.572000000000000064e+00,1.720074671323908433e+01
3.572999999999999954e+00,1.723235205722892971e+01
3.573999999999999844e+00,1.727692737224936081e+01
3.575000000000000178e+00,1.724990265002552903e+01
3.576000000000000068e+00,1.724944031452026039e+01
3.576999999999999957e+00,1.721672378457938279e+01
3.577999999999999847e+00,1.715237855927206212e+01
3.579000000000000181e+00,1.727802583276704951e+01
3.580000000000000071e+00,1.722002826019653554e+01
3.580999999999999961e+00,1.726900469871614519e+01
3.581999999999999851e+00,1.722392713884768511e+01
3.583000000000000185e+00,1.733508899056286978e+01
3.584000000000000075e+00,1.724342546204252002e+01
3.584999999999999964e+00,1.723775304414422749e+01
3.585999999999999854e+00,1.723899783926100682e+01
3.587000000000000188e+00,1.722348502671559345e+01
3.588000000000000078e+00,1.721592555935268010e+01
3.588999999999999968e+00,1.715754574328729376e+01
3.589999999999999858e+00,1.714985496149055066e+01
3.591000000000000192e+00,1.718390298334165323e+01
3.592000000000000082e+00,1.728554876832554399e+01
3.592999999999999972e+00,1.723929166625936915e+01
3.593999999999999861e+00,1.733993804238091485e+01
3.595000000000000195e+00,1.727705647079784512e+01
3.596000000000000085e+00,1.721878725180207326e+01
3.596999999999999975e+00,1.722557550315056574e+01
3.597999999999999865e+00,1.722748817103097707e+01
3.599000000000000199e+00,1.728616168868682479e+01
3.600000000000000089e+00,1.730333795052905899e+01
3.600999999999999979e+00,1.731180398010162946e+01
3.601999999999999869e+00,1.728276359347880131e+01
3.603000000000000203e+00,1.727074082067192862e+01
3.604000000000000092e+00,1.724570373174444171e+01
3.604999999999999982e+00,1.733648210817910140e+01
3.605999999999999872e+00,1.726323939774983884e+01
3.607000000000000206e+00,1.730513365626743649e+01
3.608000000000000096e+00,1.724858319837282750e+01
3.608999999999999986e+00,1.728928776498164055e+01
3.609999999999999876e+00,1.728492831441970168e+01
3.611000000000000210e+00,1.727519805483093052e+01
3.612000000000000099e+00,1.723134979579223724e+01
3.612999999999999989e+00,1.728429883256904631e+01
3.613999999999999879e+00,1.736439972861891334e+01
3.615000000000000213e+00,1.732903272079270707e+01
3.616000000000000103e+00,1.726341897490456745e+01
3.616999999999999993e+00,1.728039534227475116e+01
3.617999999999999883e+00,1.723733732887243875e+01
3.619000000000000217e+00,1.736549017678306583e+01
3.620000000000000107e+00,1.727158169527726628e+01
3.620999999999999996e+00,1.728987456947879053e+01
3.621999999999999886e+00,1.742512508768116675e+01
3.623000000000000220e+00,1.726861605118487830e+01
3.624000000000000110e+00,1.728230358942355593e+01
3.625000000000000000e+00,1.729967163704257516e+01
3.625999999999999890e+00,1.728395132502600973e+01
3.626999999999999780e+00,1.724651702312593926e+01
3.628000000000000114e+00,1.733277862375068779e+01
3.629000000000000004e+00,1.722098825563091395e+01
3.629999999999999893e+00,1.733949896348894981e+01
3.630999999999999783e+00,1.729325025436264696e+01
3.632000000000000117e+00,1.729692330355943142e+01
3.633000000000000007e+00,1.731737906605234301e+01
3.633999999999999897e+00,1.734365444399362488e+01
3.634999999999999787e+00,1.727635305240725927e+01
3.636000000000000121e+00,1.724393317957122562e+01
3.637000000000000011e+00,1.727174136808812221e+01
3.637999999999999901e+00,1.729389124803511990e+01
3.638999999999999790e+00,1.733593116054048977e+01
3.640000000000000124e+00,1.728649397350843842e+01
3.641000000000000014e+00,1.725691826906670912e+01
3.641999999999999904e+00,1.729877534695531338e+01
3.642999999999999794e+00,1.734888802274983632e+01
3.644000000000000128e+00,1.736080692497871070e+01
3.645000000000000018e+00,1.730476640488909013e+01
3.645999999999999908e+00,1.729683311135475421e+01
3.646999999999999797e+00,1.736241973008878148e+01
3.648000000000000131e+00,1.726913912480022262e+01
3.649000000000000021e+00,1.726694712411822863e+01
3.649999999999999911e+00,1.728872258429057140e+01
3.650999999999999801e+00,1.731644899177235430e+01
3.652000000000000135e+00,1.732339997832892564e+01
3.653000000000000025e+00,1.732846841445837427e+01
3.653999999999999915e+00,1.729957621407854162e+01
3.654999999999999805e+00,1.733846619999797767e+01
3.656000000000000139e+00,1.721184415179068594e+01
3.657000000000000028e+00,1.734403997979144663e+01
3.657999999999999918e+00,1.728418600226467561e+01
3.658999999999999808e+00,1.726227286983382214e+01
3.660000000000000142e+00,1.723068216752534099e+01
3.661000000000000032e+00,1.729792311333699573e+01
3.661999999999999922e+00,1.723653231289301146e+01
3.662999999999999812e+00,1.727187443178317139e+01
3.664000000000000146e+00,1.727404092003128966e+01
3.665000000000000036e+00,1.728026024617065914e+01
3.665999999999999925e+00,1.727234517443001494e+01
3.666999999999999815e+00,1.728786191520822513e+01
3.668000000000000149e+00,1.722728205213994812e+01
3.669000000000000039e+00,1.723672891723611400e+01
3.669999999999999929e+00,1.718414277075855523e+01
3.670999999999999819e+00,1.728750436253039524e+01
3.672000000000000153e+00,1.730384745061486740e+01
3.673000000000000043e+00,1.728198452359081116e+01
3.673999999999999932e+00,1.733386123360060438e+01
3.674999999999999822e+00,1.736036037958700007e+01
3.676000000000000156e+00,1.741177831342155002e+01
3.677000000000000046e+00,1.736293718628335725e+01
3.677999999999999936e+00,1.727530405596274932e+01
3.678999999999999826e+00,1.727036254921709002e+01
3.680000000000000160e+00,1.722533102659436111e+01
3.681000000000000050e+00,1.726732545131686436e+01
3.681999999999999940e+00,1.719833818960305649e+01
3.682999999999999829e+00,1.722887605405020750e+01
3.684000000000000163e+00,1.732518007665071380e+01
3.685000000000000053e+00,1.726632939602270156e+01
3.685999999999999943e+00,1.730995139899370727e+01
3.686999999999999833e+00,1.735154726312381257e+01
3.688000000000000167e+00,1.725145828761256794e+01
3.689000000000000057e+00,1.733794482761978983e+01
3.689999999999999947e+00,1.735965140841980769e+01
3.690999999999999837e+00,1.727717134593672199e+01
3.692000000000000171e+00,1.724928065695925739e+01
3.693000000000000060e+00,1.724516257180547996e+01
3.693999999999999950e+00,1.732303625433154082e+01
3.694999999999999840e+00,1.724716613812477561e+01
3.696000000000000174e+00,1.729737751147325042e+01
3.697000000000000064e+00,1.723525580236757548e+01
3.697999999999999954e+00,1.726430403499817956e+01
3.698999999999999844e+00,1.725625449356599717e+01
3.700000000000000178e+00,1.728495302144549939e+01
3.701000000000000068e+00,1.722517164731410944e+01
3.701999999999999957e+00,1.723952838005552479e+01
3.702999999999999847e+00,1.722700002922459817e+01
3.704000000000000181e+00,1.719945992701673987e+01
3.705000000000000071e+00,1.729185958258365829e+01
3.705999999999999961e+00,1.722439794760152765e+01
3.706999999999999851e+00,1.721314041146263918e+01
3.708000000000000185e+00,1.717721736109876574e+01
3.709000000000000075e+00,1.722756816099976973e+01
3.709999999999999964e+00,1.722521563932490807e+01
3.710999999999999854e+00,1.730492151657667321e+01
3.712000000000000188e+00,1.728243194066869748e+01
3.713000000000000078e+00,1.727351606731292222e+01
3.713999999999999968e+00,1.719856117798679662e+01
3.714999999999999858e+00,1.733288005585735903e+01
3.716000000000000192e+00,1.726144592915459697e+01
3.717000000000000082e+00,1.720950259471976196e+01
3.717999999999999972e+00,1.727997886897115620e+01
3.718999999999999861e+00,1.725699953602121184e+01
3.720000000000000195e+00,1.725757641556920774e+01
3.721000000000000085e+00,1.732084696986567707e+01
3.721999999999999975e+00,1.729410874273181165e+01
3.722999999999999865e+00,1.727722727127197899e+01
3.724000000000000199e+00,1.733286933829629461e+01
3.725000000000000089e+00,1.728470329153585183e+01
3.725999999999999979e+00,1.723720692933557075e+01
3.726999999999999869e+00,1.735062763474902070e+01
3.728000000000000203e+00,1.727274138927777614e+01
3.729000000000000092e+00,1.731082832467053123e+01
3.729999999999999982e+00,1.727632069254949698e+01
3.730999999999999872e+00,1.730341860186811687e+01
3.732000000000000206e+00,1.724729794656945359e+01
3.733000000000000096e+00,1.718098020315416719e+01
3.733999999999999986e+00,1.724467844988525655e+01
3.734999999999999876e+00,1.724457753526019488e+01
3.736000000000000210e+00,1.721469185873134577e+01
3.737000000000000099e+00,1.721413307396677439e+01
3.737999999999999989e+00,1.733916610968437411e+01
3.738999999999999879e+00,1.723247700218420420e+01
3.740000000000000213e+00,1.724476917196819414e+01
3.741000000000000103e+00,1.721788882277285282e+01
3.741999999999999993e+00,1.728646749438369312e+01
3.742999999999999883e+00,1.723980953641181912e+01
3.744000000000000217e+00,1.723668844745467510e+01
3.745000000000000107e+00,1.732882671546232700e+01
3.745999999999999996e+00,1.721643746727465540e+01
3.746999999999999886e+00,1.727568097905144739e+01
3.748000000000000220e+00,1.722250252836045803e+01
3.749000000000000110e+00,1.728705932260325895e+01
3.750000000000000000e+00,1.724642854612982035e+01
3.750999999999999890e+00,1.723502713959280186e+01
3.751999999999999780e+00,1.727036843259621790e+01
3.753000000000000114e+00,1.727519706234034302e+01
3.754000000000000004e+00,1.728131156564522186e+01
3.754999999999999893e+00,1.721450356755074651e+01
3.755999999999999783e+00,1.734046184186151507e+01
3.757000000000000117e+00,1.730244222328740022e+01
3.758000000000000007e+00,1.728728542857611217e+01
3.758999999999999897e+00,1.731620064802082481e+01
3.759999999999999787e+00,1.727139417673657817e+01
3.761000000000000121e+00,1.725249208177487859e+01
3.762000000000000011e+00,1.722722289401482243e+01
3.762999999999999901e+00,1.722954324070718357e+01
3.763999999999999790e+00,1.723609793047611660e+01
3.765000000000000124e+00,1.723716330599268787e+01
3.766000000000000014e+00,1.726312720948146762e+01
3.766999999999999904e+00,1.722703751906092151e+01
3.767999999999999794e+00,1.719333352599758413e+01
3.769000000000000128e+00,1.726151613559320452e+01
3.770000000000000018e+00,1.722357799343037854e+01
3.770999999999999908e+00,1.721710406998180076e+01
3.771999999999999797e+00,1.722951828701744859e+01
3.773000000000000131e+00,1.719603321927117534e+01
3.774000000000000021e+00,1.726633387668134390e+01
3.774999999999999911e+00,1.735519127809869744e+01
3.775999999999999801e+00,1.719726547519871218e+01
3.777000000000000135e+00,1.727258412563825729e+01
3.778000000000000025e+00,1.725719762008371205e+01
3.778999999999999915e+00,1.723931881713124525e+01
3.779999999999999805e+00,1.729981352837233288e+01
3.781000000000000139e+00,1.721037206569532430e+01
3.782000000000000028e+00,1.722632777857305086e+01
3.782999999999999918e+00,1.718301376270575176e+01
3.783999999999999808e+00,1.717970062325676750e+01
3.785000000000000142e+00,1.724863861203058946e+01
3.786000000000000032e+00,1.720221069467288899e+01
3.786999999999999922e+00,1.714572807131069609e+01
3.787999999999999812e+00,1.717784705536550049e+01
3.789000000000000146e+00,1.713901589998550890e+01
3.790000000000000036e+00,1.712576170646323703e+01
3.790999999999999925e+00,1.713829452344602799e+01
3.791999999999999815e+00,1.723984329643583635e+01
3.793000000000000149e+00,1.722574217797658136e+01
3.794000000000000039e+00,1.723180456314139519e+01
3.794999999999999929e+00,1.719842736699690988e+01
3.795999999999999819e+00,1.722669883270126689e+01
3.797000000000000153e+00,1.715320388383317862e+01
3.798000000000000043e+00,1.720893005321814684e+01
3.798999999999999932e+00,1.718054061062193227e+01
3.799999999999999822e+00,1.719840176951911559e+01
3.801000000000000156e+00,1.720405516857559647e+01
3.802000000000000046e+00,1.728170197522220519e+01
3.802999999999999936e+00,1.724711844708228625e+01
3.803999999999999826e+00,1.727720287350265593e+01
3.805000000000000160e+00,1.718934345304490563e+01
3.806000000000000050e+00,1.721087266629847434e+01
3.806999999999999940e+00,1.720760117155625224e+01
3.807999999999999829e+00,1.721179786680987789e+01
3.809000000000000163e+00,1.717470373381982540e+01
3.810000000000000053e+00,1.717688359024818112e+01
3.810999999999999943e+00,1.720314669297690813e+01
3.811999999999999833e+00,1.725428484755097003e+01
3.813000000000000167e+00,1.724641606619404399e+01
3.814000000000000057e+00,1.718101820844484351e+01
3.814999999999999947e+00,1.716152096730655785e+01
3.815999999999999837e+00,1.721421556269038788e+01
3.817000000000000171e+00,1.717756339677967858e+01
3.818000000000000060e+00,1.722046542571654371e+01
3.818999999999999950e+00,1.719973153906258645e+01
3.819999999999999840e+00,1.720958242089809431e+01
3.821000000000000174e+00,1.726583436270158955e+01
3.822000000000000064e+00,1.723296880640715045e+01
3.822999999999999954e+00,1.716356409366416003e+01
3.823999999999999844e+00,1.721006834204311531e+01
3.825000000000000178e+00,1.723136848080496009e+01
3.826000000000000068e+00,1.717681893729728060e+01
3.826999999999999957e+00,1.726267213064535966e+01
3.827999999999999847e+00,1.736150100717713585e+01
3.829000000000000181e+00,1.730918786376293994e+01
3.830000000000000071e+00,1.722936329110786602e+01
3.830999999999999961e+00,1.727371627932357967e+01
3.831999999999999851e+00,1.719802427533676337e+01
3.833000000000000185e+00,1.724188626624660614e+01
3.834000000000000075e+00,1.729438274952709165e+01
3.834999999999999964e+00,1.725535566358119866e+01
3.835999999999999854e+00,1.726685042207971676e+01
3.837000000000000188e+00,1.729528865444211405e+01
3.838000000000000078e+00,1.720490272591275982e+01
3.838999999999999968e+00,1.726938643860728462e+01
3.839999999999999858e+00,1.720067371660708844e+01
3.841000000000000192e+00,1.728642193153918782e+01
3.842000000000000082e+00,1.727488021835684151e+01
3.842999999999999972e+00,1.729779940549582662e+01
3.843999999999999861e+00,1.728741246521562402e+01
3.845000000000000195e+00,1.726101819917327873e+01
3.846000000000000085e+00,1.721360276602084127e+01
3.846999999999999975e+00,1.728510786733213322e+01
3.847999999999999865e+00,1.734375688396000470e+01
3.849000000000000199e+00,1.731963698488182146e+01
3.850000000000000089e+00,1.732274773268164125e+01
3.850999999999999979e+00,1.724470214074457886e+01
3.851999999999999869e+00,1.731509086307156764e+01
3.853000000000000203e+00,1.725613450986781672e+01
3.854000000000000092e+00,1.726966095531878764e+01
3.854999999999999982e+00,1.729353216453071340e+01
3.855999999999999872e+00,1.730112539620459700e+01
3.857000000000000206e+00,1.727651965683717705e+01
3.858000000000000096e+00,1.723617776079586150e+01
3.858999999999999986e+00,1.727346230304768326e+01
3.859999999999999876e+00,1.728799364146621187e+01
3.861000000000000210e+00,1.731598292140265727e+01
3.862000000000000099e+00,1.732804338093622931e+01
3.862999999999999989e+00,1.726509004428962157e+01
3.863999999999999879e+00,1.722265268764698121e+01
3.865000000000000213e+00,1.719182821208091028e+01
3.866000000000000103e+00,1.718698905733356952e+01
3.866999999999999993e+00,1.723375148304574367e+01
3.867999999999999883e+00,1.723655075779121049e+01
3.869000000000000217e+00,1.722134438361463538e+01
3.870000000000000107e+00,1.722502022140108124e+01
3.870999999999999996e+00,1.727190911340906609e+01
3.871999999999999886e+00,1.726028705637186533e+01
3.873000000000000220e+00,1.728013151975962458e+01
3.874000000000000110e+00,1.717837432712032353e+01
3.875000000000000000e+00,1.723865122041751263e+01
3.875999999999999890e+00,1.725230311868106270e+01
3.876999999999999780e+00,1.726316825361452345e+01
3.878000000000000114e+00,1.720373277685877866e+01
3.879000000000000004e+00,1.736885471870649411e+01
3.879999999999999893e+00,1.730116775296442455e+01
3.880999999999999783e+00,1.726613318980735201e+01
3.882000000000000117e+00,1.728414681571625167e+01
3.883000000000000007e+00,1.727072261316145330e+01
3.883999999999999897e+00,1.731710877382583647e+01
3.884999999999999787e+00,1.721493876597433825e+01
3.886000000000000121e+00,1.726293586072526054e+01
3.887000000000000011e+00,1.729822784183060591e+01
3.887999999999999901e+00,1.723517693683493590e+01
3.888999999999999790e+00,1.728111779163153017e+01
3.890000000000000124e+00,1.726068450526465980e+01
3.891000000000000014e+00,1.722690155719580929e+01
3.891999999999999904e+00,1.722699606897792179e+01
3.892999999999999794e+00,1.726875960990654590e+01
3.894000000000000128e+00,1.725648189359520757e+01
3.895000000000000018e+00,1.729259821306155587e+01
3.895999999999999908e+00,1.718625710528555928e+01
3.896999999999999797e+00,1.731365423876499676e+01
3.898000000000000131e+00,1.734000311117632265e+01
3.899000000000000021e+00,1.721304597206891174e+01
3.899999999999999911e+00,1.725828546759494841e+01
3.900999999999999801e+00,1.723801787721298240e+01
3.902000000000000135e+00,1.731482166163874936e+01
3.903000000000000025e+00,1.731529442924214379e+01
3.903999999999999915e+00,1.732451182363783104e+01
3.904999999999999805e+00,1.724118199297293330e+01
3.906000000000000139e+00,1.726942464241719222e+01
3.907000000000000028e+00,1.723537071641185392e+01
3.907999999999999918e+00,1.719536504616105788e+01
3.908999999999999808e+00,1.719113913097041291e+01
3.910000000000000142e+00,1.721894070735021742e+01
3.911000000000000032e+00,1.719818000239342481e+01
3.911999999999999922e+00,1.723109063624647064e+01
3.912999999999999812e+00,1.722794468566939941e+01
3.914000000000000146e+00,1.716670904953738841e+01
3.915000000000000036e+00,1.720396067627702763e+01
3.915999999999999925e+00,1.718074150169262637e+01
3.916999999999999815e+00,1.728254145170272338e+01
3.918000000000000149e+00,1.727323121305627751e+01
3.919000000000000039e+00,1.727643058748274285e+01
3.919999999999999929e+00,1.725116496970408875e+01
3.920999999999999819e+00,1.720802442241768304e+01
3.922000000000000153e+00,1.722335566945070084e+01
3.923000000000000043e+00,1.719803395906113863e+01
3.923999999999999932e+00,1.725173150356317819e+01
3.924999999999999822e+00,1.724476758085810602e+01
3.926000000000000156e+00,1.723545122409412400e+01
3.927000000000000046e+00,1.722873409971117553e+01
3.927999999999999936e+00,1.720580359990100661e+01
3.928999999999999826e+00,1.718907713378140656e+01
3.930000000000000160e+00,1.720260036338120813e+01
3.931000000000000050e+00,1.719243225464888170e+01
3.931999999999999940e+00,1.729270355625617483e+01
3.932999999999999829e+00,1.719721137249673149e+01
3.934000000000000163e+00,1.722080417697768340e+01
3.935000000000000053e+00,1.728854348865259638e+01
3.935999999999999943e+00,1.726995937464899811e+01
3.936999999999999833e+00,1.728059432237380477e+01
3.938000000000000167e+00,1.731311609329718237e+01
3.939000000000000057e+00,1.721708063749798256e+01
3.939999999999999947e+00,1.733784227068975170e+01
3.940999999999999837e+00,1.729465821434892092e+01
3.942000000000000171e+00,1.732912691858967236e+01
3.943000000000000060e+00,1.735324594247188301e+01
3.943999999999999950e+00,1.735221327215556997e+01
3.944999999999999840e+00,1.732036426288190967e+01
3.946000000000000174e+00,1.728447037849110757e+01
3.947000000000000064e+00,1.730220151049793031e+01
3.947999999999999954e+00,1.721086712854795309e+01
3.948999999999999844e+00,1.726146968904956580e+01
3.950000000000000178e+00,1.721513328256099484e+01
3.951000000000000068e+00,1.726517399054277746e+01
3.951999999999999957e+00,1.727119527357953288e+01
3.952999999999999847e+00,1.723163279711026163e+01
3.954000000000000181e+00,1.725473433212765428e+01
3.955000000000000071e+00,1.721072891840244523e+01
3.955999999999999961e+00,1.725145032724924121e+01
3.956999999999999851e+00,1.717912875901110326e+01
3.958000000000000185e+00,1.719314084230619244e+01
3.959000000000000075e+00,1.725182705149402906e+01
3.959999999999999964e+00,1.724363031799489221e+01
3.960999999999999854e+00,1.718531677660590873e+01
3.962000000000000188e+00,1.719822647516458147e+01
3.963000000000000078e+00,1.718840396396111814e+01
3.963999999999999968e+00,1.722784548432088769e+01
3.964999999999999858e+00,1.724790124966961002e+01
3.966000000000000192e+00,1.723255346261753829e+01
3.967000000000000082e+00,1.725800873078571129e+01
3.967999999999999972e+00,1.723009809598772080e+01
3.968999999999999861e+00,1.723274409178024058e+01
3.970000000000000195e+00,1.729083365048659715e+01
3.971000000000000085e+00,1.726693066456923020e+01
3.971999999999999975e+00,1.726805946377264434e+01
3.972999999999999865e+00,1.725722715835421184e+01
3.974000000000000199e+00,1.727842796692519656e+01
3.975000000000000089e+00,1.718950014297713835e+01
3.975999999999999979e+00,1.721273328570754657e+01
3.976999999999999869e+00,1.720750201832919402e+01
3.978000000000000203e+00,1.724466899152101007e+01
3.979000000000000092e+00,1.713168945618128802e+01
3.979999999999999982e+00,1.714507659946302454e+01
3.980999999999999872e+00,1.714206682823744288e+01
3.982000000000000206e+00,1.721072703803536541e+01
3.983000000000000096e+00,1.718820821708951385e+01
3.983999999999999986e+00,1.719318521064216299e+01
3.984999999999999876e+00,1.717654796751208224e+01
3.986000000000000210e+00,1.712950560316110682e+01
3.987000000000000099e+00,1.716007839945242353e+01
3.987999999999999989e+00,1.717026808616193989e+01
3.988999999999999879e+00,1.714265086538292593e+01
3.990000000000000213e+00,1.714801153234365216e+01
3.991000000000000103e+00,1.715253727441631426e+01
3.991999999999999993e+00,1.718142862229165146e+01
3.992999999999999883e+00,1.719244513520061446e+01
3.994000000000000217e+00,1.716626080288255807e+01
3.995000000000000107e+00,1.718171811424139861e+01
3.995999999999999996e+00,1.714645030897136735e+01
3.996999999999999886e+00,1.723918101962297200e+01
3.998000000000000220e+00,1.720456413337599244e+01
3.999000000000000110e+00,1.721209543664518193e+01
4.000000000000000000e+00,1.722664496548951973e+01
4.001000000000000334e+00,1.723330890536620075e+01
4.001999999999999780e+00,1.716181258567652534e+01
4.003000000000000114e+00,1.721549220153602633e+01
4.003999999999999559e+00,1.721518144043485421e+01
4.004999999999999893e+00,1.723671611382797764e+01
4.006000000000000227e+00,1.722401419031515957e+01
4.006999999999999673e+00,1.715010252639877919e+01
4.008000000000000007e+00,1.725210281063574058e+01
4.009000000000000341e+00,1.711474922865955506e+01
4.009999999999999787e+00,1.715093243807971390e+01
4.011000000000000121e+00,1.723686571636860876e+01
4.011999999999999567e+00,1.720469498423825172e+01
4.012999999999999901e+00,1.718396250907470346e+01
4.014000000000000234e+00,1.721828069624028501e+01
4.014999999999999680e+00,1.723037564451350079e+01
4.016000000000000014e+00,1.717163919240093151e+01
4.017000000000000348e+00,1.717830060581314910e+01
4.017999999999999794e+00,1.728598249938122677e+01
4.019000000000000128e+00,1.718590343580860136e+01
4.019999999999999574e+00,1.727910710666024841e+01
4.020999999999999908e+00,1.726202618774441788e+01
4.022000000000000242e+00,1.715548397470173825e+01
4.022999999999999687e+00,1.718957120126480476e+01
4.024000000000000021e+00,1.719767465143896246e+01
4.025000000000000355e+00,1.711967024286777672e+01
4.025999999999999801e+00,1.720079854507116934e+01
4.027000000000000135e+00,1.722208840551122577e+01
4.027999999999999581e+00,1.722562177873875200e+01
4.028999999999999915e+00,1.722960387011712413e+01
4.030000000000000249e+00,1.716656286293839884e+01
4.030999999999999694e+00,1.715005176305806600e+01
4.032000000000000028e+00,1.718871442879623856e+01
4.033000000000000362e+00,1.719025094196338799e+01
4.033999999999999808e+00,1.719075956477218980e+01
4.035000000000000142e+00,1.718299705189901516e+01
4.035999999999999588e+00,1.728476016537046434e+01
4.036999999999999922e+00,1.725264053639098449e+01
4.038000000000000256e+00,1.716304729203569579e+01
4.038999999999999702e+00,1.718128817279968601e+01
4.040000000000000036e+00,1.721739270102041885e+01
4.041000000000000369e+00,1.726361507756448788e+01
4.041999999999999815e+00,1.720764279280328424e+01
4.043000000000000149e+00,1.724280309505047981e+01
4.043999999999999595e+00,1.730346398145083242e+01
4.044999999999999929e+00,1.728885594410085602e+01
4.046000000000000263e+00,1.726747160169734840e+01
4.046999999999999709e+00,1.729280634430460850e+01
4.048000000000000043e+00,1.725683129083622802e+01
4.049000000000000377e+00,1.730050669457039803e+01
4.049999999999999822e+00,1.722288954663221716e+01
4.051000000000000156e+00,1.729451187140104196e+01
4.051999999999999602e+00,1.722128489039420884e+01
4.052999999999999936e+00,1.723009230586424678e+01
4.054000000000000270e+00,1.720625168790138559e+01
4.054999999999999716e+00,1.731520312245698534e+01
4.056000000000000050e+00,1.724616242219045148e+01
4.057000000000000384e+00,1.721674286941630072e+01
4.057999999999999829e+00,1.730484325257760503e+01
4.059000000000000163e+00,1.725283711503679029e+01
4.059999999999999609e+00,1.732033638388014651e+01
4.060999999999999943e+00,1.727467342701781661e+01
4.062000000000000277e+00,1.731674276262439349e+01
4.062999999999999723e+00,1.728341411021650131e+01
4.064000000000000057e+00,1.726462780078590953e+01
4.065000000000000391e+00,1.732797801067257382e+01
4.065999999999999837e+00,1.716323706503743196e+01
4.067000000000000171e+00,1.729251341667897890e+01
4.067999999999999616e+00,1.730787863169848961e+01
4.068999999999999950e+00,1.725677411804355899e+01
4.070000000000000284e+00,1.716443914077970945e+01
4.070999999999999730e+00,1.724719898728093881e+01
4.072000000000000064e+00,1.724042146428337219e+01
4.073000000000000398e+00,1.723898860878570005e+01
4.073999999999999844e+00,1.718745126456991557e+01
4.075000000000000178e+00,1.731220769530352754e+01
4.075999999999999623e+00,1.718064163399485267e+01
4.076999999999999957e+00,1.720052872373551622e+01
4.078000000000000291e+00,1.728230035285118049e+01
4.078999999999999737e+00,1.721119557553269530e+01
4.080000000000000071e+00,1.724196613114406418e+01
4.081000000000000405e+00,1.726618915086957529e+01
4.081999999999999851e+00,1.725377502639743454e+01
4.083000000000000185e+00,1.721866378209840320e+01
4.083999999999999631e+00,1.723806856327319537e+01
4.084999999999999964e+00,1.720961467348062612e+01
4.086000000000000298e+00,1.720777724534019981e+01
4.086999999999999744e+00,1.719549831824751607e+01
4.088000000000000078e+00,1.720377585778284413e+01
4.089000000000000412e+00,1.715590424301493755e+01
4.089999999999999858e+00,1.719720310667317165e+01
4.091000000000000192e+00,1.720090248943770561e+01
4.091999999999999638e+00,1.724031348146172604e+01
4.092999999999999972e+00,1.722822017483621693e+01
4.094000000000000306e+00,1.720242053347987721e+01
4.094999999999999751e+00,1.720348006469206581e+01
4.096000000000000085e+00,1.714445912511374459e+01
4.097000000000000419e+00,1.722135962533038267e+01
4.097999999999999865e+00,1.720024353287892183e+01
4.099000000000000199e+00,1.717908020283526938e+01
4.099999999999999645e+00,1.702735535379270004e+01
4.100999999999999979e+00,1.712072458670508013e+01
4.102000000000000313e+00,1.720396587854346038e+01
4.102999999999999758e+00,1.716005703031366991e+01
4.104000000000000092e+00,1.717127901026119474e+01
4.105000000000000426e+00,1.716704148206734715e+01
4.105999999999999872e+00,1.716426815036107811e+01
4.107000000000000206e+00,1.709780054834797625e+01
4.107999999999999652e+00,1.720285275004528103e+01
4.108999999999999986e+00,1.717425462839441153e+01
4.110000000000000320e+00,1.710308035437654084e+01
4.110999999999999766e+00,1.713551188798524905e+01
4.112000000000000099e+00,1.714815753830726308e+01
4.113000000000000433e+00,1.719196572632142406e+01
4.113999999999999879e+00,1.718975503428569596e+01
4.115000000000000213e+00,1.713413743441773818e+01
4.115999999999999659e+00,1.717925331458796734e+01
4.116999999999999993e+00,1.717374931406746441e+01
4.118000000000000327e+00,1.714335483249422509e+01
4.118999999999999773e+00,1.721170292040826411e+01
4.120000000000000107e+00,1.712760855810757477e+01
4.121000000000000441e+00,1.726403799718732301e+01
4.121999999999999886e+00,1.727039006236441310e+01
4.123000000000000220e+00,1.720012618972987894e+01
4.123999999999999666e+00,1.716475679026605050e+01
4.125000000000000000e+00,1.728182671918058588e+01
4.126000000000000334e+00,1.714530700637428495e+01
4.126999999999999780e+00,1.716032621209387798e+01
4.128000000000000114e+00,1.714662840256383802e+01
4.128999999999999559e+00,1.714325255177025298e+01
4.129999999999999893e+00,1.718866803186968895e+01
4.131000000000000227e+00,1.717771516306655855e+01
4.131999999999999673e+00,1.710749414594086559e+01
4.133000000000000007e+00,1.713893048607135583e+01
4.134000000000000341e+00,1.722923697163376389e+01
4.134999999999999787e+00,1.713952387313797487e+01
4.136000000000000121e+00,1.716132356169090301e+01
4.136999999999999567e+00,1.715799842253144192e+01
4.137999999999999901e+00,1.718870004141568941e+01
4.139000000000000234e+00,1.722964748410745628e+01
4.139999999999999680e+00,1.722686733537855730e+01
4.141000000000000014e+00,1.714545963141804208e+01
4.142000000000000348e+00,1.716894921198918311e+01
4.142999999999999794e+00,1.722123957116802728e+01
4.144000000000000128e+00,1.715343459101052304e+01
4.144999999999999574e+00,1.720372662441068812e+01
4.145999999999999908e+00,1.715694039863353737e+01
4.147000000000000242e+00,1.720475260273450147e+01
4.147999999999999687e+00,1.717926330675880919e+01
4.149000000000000021e+00,1.724140027976010714e+01
4.150000000000000355e+00,1.721035540674702347e+01
4.150999999999999801e+00,1.719891954349378338e+01
4.152000000000000135e+00,1.720850902339270760e+01
4.152999999999999581e+00,1.724913118595864958e+01
4.153999999999999915e+00,1.717675345363356243e+01
4.155000000000000249e+00,1.716421895154762112e+01
4.155999999999999694e+00,1.719109940086486787e+01
4.157000000000000028e+00,1.715314788615473063e+01
4.158000000000000362e+00,1.720988792770473452e+01
4.158999999999999808e+00,1.718011414047513696e+01
4.160000000000000142e+00,1.722517434098025291e+01
4.160999999999999588e+00,1.720101146387179725e+01
4.161999999999999922e+00,1.724979864206053293e+01
4.163000000000000256e+00,1.719332184898938820e+01
4.163999999999999702e+00,1.724295518443885555e+01
4.165000000000000036e+00,1.723150468793282286e+01
4.166000000000000369e+00,1.724698484364004614e+01
4.166999999999999815e+00,1.728016053782370420e+01
4.168000000000000149e+00,1.722649011909033234e+01
4.168999999999999595e+00,1.718008908324999595e+01
4.169999999999999929e+00,1.714839896327244517e+01
4.171000000000000263e+00,1.723942135576241697e+01
4.171999999999999709e+00,1.717126530709822418e+01
4.173000000000000043e+00,1.722246130862814439e+01
4.174000000000000377e+00,1.715468057325281137e+01
4.174999999999999822e+00,1.714502198914120612e+01
4.176000000000000156e+00,1.719539218767129540e+01
4.176999999999999602e+00,1.719615431619918056e+01
4.177999999999999936e+00,1.728856028136403822e+01
4.179000000000000270e+00,1.722413011238614544e+01
4.179999999999999716e+00,1.726254460519336931e+01
4.181000000000000050e+00,1.731289253941040585e+01
4.182000000000000384e+00,1.728597209582340710e+01
4.182999999999999829e+00,1.729073895166454022e+01
4.184000000000000163e+00,1.725953870054010508e+01
4.184999999999999609e+00,1.730846107866776151e+01
4.185999999999999943e+00,1.725830208057165294e+01
4.187000000000000277e+00,1.721927676207272029e+01
4.187999999999999723e+00,1.724993431961647872e+01
4.189000000000000057e+00,1.720213388009678468e+01
4.190000000000000391e+00,1.720661772415708057e+01
4.190999999999999837e+00,1.728744901728443040e+01
4.192000000000000171e+00,1.722187410378700534e+01
4.192999999999999616e+00,1.718859085894219163e+01
4.193999999999999950e+00,1.726150932325958109e+01
4.195000000000000284e+00,1.722434988915197351e+01
4.195999999999999730e+00,1.730405171227274508e+01
4.197000000000000064e+00,1.722118143993411365e+01
4.198000000000000398e+00,1.717448994158437259e+01
4.198999999999999844e+00,1.732930297779953577e+01
4.200000000000000178e+00,1.732371869571768386e+01
4.200999999999999623e+00,1.726943768877808338e+01
4.201999999999999957e+00,1.728588190431425531e+01
4.203000000000000291e+00,1.728864381661616534e+01
4.203999999999999737e+00,1.730983407036432453e+01
4.205000000000000071e+00,1.726711357355904752e+01
4.206000000000000405e+00,1.723818927296978032e+01
4.206999999999999851e+00,1.729376227162491375e+01
4.208000000000000185e+00,1.723151718219086703e+01
4.208999999999999631e+00,1.717752376833770001e+01
4.209999999999999964e+00,1.728851644422019973e+01
4.211000000000000298e+00,1.722841766722324053e+01
4.211999999999999744e+00,1.725957770286524351e+01
4.213000000000000078e+00,1.724316209907349418e+01
4.214000000000000412e+00,1.718676547899214668e+01
4.214999999999999858e+00,1.727251825896514248e+01
4.216000000000000192e+00,1.719754560309424818e+01
4.216999999999999638e+00,1.720821853406601676e+01
4.217999999999999972e+00,1.727743502092376104e+01
4.219000000000000306e+00,1.722357548823313067e+01
4.219999999999999751e+00,1.728016445765374343e+01
4.221000000000000085e+00,1.728447364449283796e+01
4.222000000000000419e+00,1.730904350280705017e+01
4.222999999999999865e+00,1.727065412833572111e+01
4.224000000000000199e+00,1.724932158204800459e+01
4.224999999999999645e+00,1.734833969750308214e+01
4.225999999999999979e+00,1.726272307465580980e+01
4.227000000000000313e+00,1.722619300408229037e+01
4.227999999999999758e+00,1.723893806234100978e+01
4.229000000000000092e+00,1.718490720089214108e+01
4.230000000000000426e+00,1.722053384485571925e+01
4.230999999999999872e+00,1.724889661877371339e+01
4.232000000000000206e+00,1.721948761885575863e+01
4.232999999999999652e+00,1.716260944090215190e+01
4.233999999999999986e+00,1.725927338433917413e+01
4.235000000000000320e+00,1.711114777988451152e+01
4.235999999999999766e+00,1.725813932206934354e+01
4.237000000000000099e+00,1.730047899580110737e+01
4.238000000000000433e+00,1.722113958132900891e+01
4.238999999999999879e+00,1.719989392879811874e+01
4.240000000000000213e+00,1.727964223956060152e+01
4.240999999999999659e+00,1.719961353113955838e+01
4.241999999999999993e+00,1.707897482350215057e+01
4.243000000000000327e+00,1.724416951223470207e+01
4.243999999999999773e+00,1.715235482288554181e+01
4.245000000000000107e+00,1.717601795248412699e+01
4.246000000000000441e+00,1.721281110847759521e+01
4.246999999999999886e+00,1.712079784709839814e+01
4.248000000000000220e+00,1.719262187588173418e+01
4.248999999999999666e+00,1.721304468211477001e+01
4.250000000000000000e+00,1.711439932430856814e+01
4.251000000000000334e+00,1.717231516026517113e+01
4.251999999999999780e+00,1.724126151589120681e+01
4.253000000000000114e+00,1.723599684407009036e+01
4.253999999999999559e+00,1.733833444420567815e+01
4.254999999999999893e+00,1.723587662834272649e+01
4.256000000000000227e+00,1.729048036324822846e+01
4.256999999999999673e+00,1.726617208193816211e+01
4.258000000000000007e+00,1.721265403591457854e+01
4.259000000000000341e+00,1.720197008956311535e+01
4.259999999999999787e+00,1.725370169202067672e+01
4.261000000000000121e+00,1.726540592044069200e+01
4.261999999999999567e+00,1.726964481451027211e+01
4.262999999999999901e+00,1.716832162686383256e+01
4.264000000000000234e+00,1.720574234056361007e+01
4.264999999999999680e+00,1.721036204258393454e+01
4.266000000000000014e+00,1.724574470989932706e+01
4.267000000000000348e+00,1.726182474548533108e+01
4.267999999999999794e+00,1.721713124261600925e+01
4.269000000000000128e+00,1.722834932325069701e+01
4.269999999999999574e+00,1.718030755014284239e+01
4.270999999999999908e+00,1.725868793288773162e+01
4.272000000000000242e+00,1.718109721620198016e+01
4.272999999999999687e+00,1.717633693610786594e+01
4.274000000000000021e+00,1.710062941352570576e+01
4.275000000000000355e+00,1.716342735711020495e+01
4.275999999999999801e+00,1.716135147780138936e+01
4.277000000000000135e+00,1.723952380959860875e+01
4.277999999999999581e+00,1.720876587858403184e+01
4.278999999999999915e+00,1.718828108935985810e+01
4.280000000000000249e+00,1.723539434772878209e+01
4.280999999999999694e+00,1.718039531806512343e+01
4.282000000000000028e+00,1.720905706258196943e+01
4.283000000000000362e+00,1.715943893717602009e+01
4.283999999999999808e+00,1.711656165776829042e+01
4.285000000000000142e+00,1.712428617076542636e+01
4.285999999999999588e+00,1.711995849026089900e+01
4.286999999999999922e+00,1.709991502825099019e+01
4.288000000000000256e+00,1.714515195708976236e+01
4.288999999999999702e+00,1.705984780671511913e+01
4.290000000000000036e+00,1.720205044358551660e+01
4.291000000000000369e+00,1.721403238760054677e+01
4.291999999999999815e+00,1.714100295176979216e+01
4.293000000000000149e+00,1.714589157088533966e+01
4.293999999999999595e+00,1.716506458069719443e+01
4.294999999999999929e+00,1.714891130181412393e+01
4.296000000000000263e+00,1.722087957670224156e+01
4.296999999999999709e+00,1.718734508692282148e+01
4.298000000000000043e+00,1.721278087125526568e+01
4.299000000000000377e+00,1.719471661048238076e+01
4.299999999999999822e+00,1.716378854819913613e+01
4.301000000000000156e+00,1.713957357416472860e+01
4.301999999999999602e+00,1.726512018652267955e+01
4.302999999999999936e+00,1.713470264239330731e+01
4.304000000000000270e+00,1.722018785299024657e+01
4.304999999999999716e+00,1.713179961066621715e+01
4.306000000000000050e+00,1.719751477943315265e+01
4.307000000000000384e+00,1.721106323942218808e+01
4.307999999999999829e+00,1.717022717822197464e+01
4.309000000000000163e+00,1.714545680729668220e+01
4.309999999999999609e+00,1.720702782819293475e+01
4.310999999999999943e+00,1.718753614851722489e+01
4.312000000000000277e+00,1.719227434567826762e+01
4.312999999999999723e+00,1.719700489058843829e+01
4.314000000000000057e+00,1.715267743686264978e+01
4.315000000000000391e+00,1.726172139308338771e+01
4.315999999999999837e+00,1.722516728832721356e+01
4.317000000000000171e+00,1.718499035147701548e+01
4.317999999999999616e+00,1.713618579817105214e+01
4.318999999999999950e+00,1.716779214567824852e+01
4.320000000000000284e+00,1.720995231932580793e+01
4.320999999999999730e+00,1.713528728820080360e+01
4.322000000000000064e+00,1.716271838259924820e+01
4.323000000000000398e+00,1.713085578770525430e+01
4.323999999999999844e+00,1.715284493552977807e+01
4.325000000000000178e+00,1.712510666244628865e+01
4.325999999999999623e+00,1.722626019949019138e+01
4.326999999999999957e+00,1.719331656586054180e+01
4.328000000000000291e+00,1.717654733041340265e+01
4.328999999999999737e+00,1.712680895393609148e+01
4.330000000000000071e+00,1.713784797931427661e+01
4.331000000000000405e+00,1.710189759482240035e+01
4.331999999999999851e+00,1.715504711939032489e+01
4.333000000000000185e+00,1.712883589550106223e+01
4.333999999999999631e+00,1.722671222251056733e+01
4.334999999999999964e+00,1.715258744613206687e+01
4.336000000000000298e+00,1.716219950321501742e+01
4.336999999999999744e+00,1.723060423258049667e+01
4.338000000000000078e+00,1.713345022128723372e+01
4.339000000000000412e+00,1.717920338137899705e+01
4.339999999999999858e+00,1.718300944052516854e+01
4.341000000000000192e+00,1.718321779047441566e+01
4.341999999999999638e+00,1.719674048807378597e+01
4.342999999999999972e+00,1.726149441892066605e+01
4.344000000000000306e+00,1.716782861124667647e+01
4.344999999999999751e+00,1.719458365505192532e+01
4.346000000000000085e+00,1.723069541514114533e+01
4.347000000000000419e+00,1.728269664719177001e+01
4.347999999999999865e+00,1.721934381642633483e+01
4.349000000000000199e+00,1.727839949350178017e+01
4.349999999999999645e+00,1.723850143006264446e+01
4.350999999999999979e+00,1.727721402528687022e+01
4.352000000000000313e+00,1.721284233594586865e+01
4.352999999999999758e+00,1.716851929127740917e+01
4.354000000000000092e+00,1.722361567136844585e+01
4.355000000000000426e+00,1.723906910497596101e+01
4.355999999999999872e+00,1.725231829872864253e+01
4.357000000000000206e+00,1.730398739107426209e+01
4.357999999999999652e+00,1.725250728480031626e+01
4.358999999999999986e+00,1.720108735500062380e+01
4.360000000000000320e+00,1.722541659637198208e+01
4.360999999999999766e+00,1.726373244589194655e+01
4.362000000000000099e+00,1.727132039974700461e+01
4.363000000000000433e+00,1.725364772644504185e+01
4.363999999999999879e+00,1.729149962380813577e+01
4.365000000000000213e+00,1.723968049643655931e+01
4.365999999999999659e+00,1.728095162396681417e+01
4.366999999999999993e+00,1.721476537776739590e+01
4.368000000000000327e+00,1.725102051143531767e+01
4.368999999999999773e+00,1.721732616267933480e+01
4.370000000000000107e+00,1.729275582671387212e+01
4.371000000000000441e+00,1.716618352495925492e+01
4.371999999999999886e+00,1.723580864173986171e+01
4.373000000000000220e+00,1.722026883577512280e+01
4.373999999999999666e+00,1.724991604625293107e+01
4.375000000000000000e+00,1.725628470288396699e+01
4.376000000000000334e+00,1.722660938226439598e+01
4.376999999999999780e+00,1.713094221088683611e+01
4.378000000000000114e+00,1.716112869721346712e+01
4.378999999999999559e+00,1.715234658733039907e+01
4.379999999999999893e+00,1.720296247349019580e+01
4.381000000000000227e+00,1.717554174245520215e+01
4.381999999999999673e+00,1.716571593372076165e+01
4.383000000000000007e+00,1.711024346318619394e+01
4.384000000000000341e+00,1.726360079769749234e+01
4.384999999999999787e+00,1.721584047887871805e+01
4.386000000000000121e+00,1.714556463187916080e+01
4.386999999999999567e+00,1.724720268950989421e+01
4.387999999999999901e+00,1.718557364912421903e+01
4.389000000000000234e+00,1.717441442686672559e+01
4.389999999999999680e+00,1.717404913708491065e+01
4.391000000000000014e+00,1.717163353060555053e+01
4.392000000000000348e+00,1.715748345081453863e+01
4.392999999999999794e+00,1.708269785451827616e+01
4.394000000000000128e+00,1.727626159568091779e+01
4.394999999999999574e+00,1.718180594731661870e+01
4.395999999999999908e+00,1.721513209221905072e+01
4.397000000000000242e+00,1.722345303049574383e+01
4.397999999999999687e+00,1.720764067348545012e+01
4.399000000000000021e+00,1.721349026899165224e+01
4.400000000000000355e+00,1.721443092353541715e+01
4.400999999999999801e+00,1.715306720257316542e+01
4.402000000000000135e+00,1.716207415521422064e+01
4.402999999999999581e+00,1.722082290993251519e+01
4.403999999999999915e+00,1.718024114999387209e+01
4.405000000000000249e+00,1.718968837822010443e+01
4.405999999999999694e+00,1.716315626035731157e+01
4.407000000000000028e+00,1.708267526211002618e+01
4.408000000000000362e+00,1.718415357321076797e+01
4.408999999999999808e+00,1.718069674440172534e+01
4.410000000000000142e+00,1.713943820118136330e+01
4.410999999999999588e+00,1.719640955323639631e+01
4.411999999999999922e+00,1.719082941029487799e+01
4.413000000000000256e+00,1.722312584775452748e+01
4.413999999999999702e+00,1.721935747739598099e+01
4.415000000000000036e+00,1.722106282242922148e+01
4.416000000000000369e+00,1.728205732886783252e+01
4.416999999999999815e+00,1.728525927715664068e+01
4.418000000000000149e+00,1.722135101121068956e+01
4.418999999999999595e+00,1.727576812511952298e+01
4.419999999999999929e+00,1.722258889325811637e+01
4.421000000000000263e+00,1.724110676999866953e+01
4.421999999999999709e+00,1.721508391524486115e+01
4.423000000000000043e+00,1.724017874074348811e+01
4.424000000000000377e+00,1.724721334820879548e+01
4.424999999999999822e+00,1.727486368828636287e+01
4.426000000000000156e+00,1.724448723806654726e+01
4.426999999999999602e+00,1.721410673716655992e+01
4.427999999999999936e+00,1.725436735285175516e+01
4.429000000000000270e+00,1.718478966790246787e+01
4.429999999999999716e+00,1.722649072985982954e+01
4.431000000000000050e+00,1.723139075657226016e+01
4.432000000000000384e+00,1.724414627254759935e+01
4.432999999999999829e+00,1.724941099351280727e+01
4.434000000000000163e+00,1.721969000483292689e+01
4.434999999999999609e+00,1.714397993729318870e+01
4.435999999999999943e+00,1.726135596990696186e+01
4.437000000000000277e+00,1.718652537132050639e+01
4.437999999999999723e+00,1.722365600354035209e+01
4.439000000000000057e+00,1.722579566809768181e+01
4.440000000000000391e+00,1.728102765808101537e+01
4.440999999999999837e+00,1.728782144022405021e+01
4.442000000000000171e+00,1.731829276383203364e+01
4.442999999999999616e+00,1.728877739404943625e+01
4.443999999999999950e+00,1.745117703627076367e+01
4.445000000000000284e+00,1.741221800686704313e+01
4.445999999999999730e+00,1.736981532788785998e+01
4.447000000000000064e+00,1.736906470115552992e+01
4.448000000000000398e+00,1.742274855540000544e+01
4.448999999999999844e+00,1.732230064293529637e+01
4.450000000000000178e+00,1.736437517542535147e+01
4.450999999999999623e+00,1.734153058675756398e+01
4.451999999999999957e+00,1.740461043962566379e+01
4.453000000000000291e+00,1.733985810210340617e+01
4.453999999999999737e+00,1.738535685280119836e+01
4.455000000000000071e+00,1.736190970194986960e+01
4.456000000000000405e+00,1.739131281847602750e+01
4.456999999999999851e+00,1.733469779571878178e+01
4.458000000000000185e+00,1.741190366061872297e+01
4.458999999999999631e+00,1.732804489617893395e+01
4.459999999999999964e+00,1.731026794662766477e+01
4.461000000000000298e+00,1.734196072260168719e+01
4.461999999999999744e+00,1.732285173568047298e+01
4.463000000000000078e+00,1.728849938841619149e+01
4.464000000000000412e+00,1.731348833705700940e+01
4.464999999999999858e+00,1.731061807116630291e+01
4.466000000000000192e+00,1.722261268534803236e+01
4.466999999999999638e+00,1.726278968592318463e+01
4.467999999999999972e+00,1.727100324515994956e+01
4.469000000000000306e+00,1.728328255574035666e+01
4.469999999999999751e+00,1.730601951860555587e+01
4.471000000000000085e+00,1.726955728848399474e+01
4.472000000000000419e+00,1.735180748381904792e+01
4.472999999999999865e+00,1.734448222127667094e+01
4.474000000000000199e+00,1.733480669564600163e+01
4.474999999999999645e+00,1.727926634147646112e+01
4.475999999999999979e+00,1.725844357439346055e+01
4.477000000000000313e+00,1.732673829135477206e+01
4.477999999999999758e+00,1.728094885700378214e+01
4.479000000000000092e+00,1.735298513411671451e+01
4.480000000000000426e+00,1.735901012880450978e+01
4.480999999999999872e+00,1.732267749859497741e+01
4.482000000000000206e+00,1.725946913814369665e+01
4.482999999999999652e+00,1.740250628197745897e+01
4.483999999999999986e+00,1.726199811469876622e+01
4.485000000000000320e+00,1.728700868356884257e+01
4.485999999999999766e+00,1.729146841755870412e+01
4.487000000000000099e+00,1.725373019706846733e+01
4.488000000000000433e+00,1.726955506907232163e+01
4.488999999999999879e+00,1.732253517978499247e+01
4.490000000000000213e+00,1.729110575314703269e+01
4.490999999999999659e+00,1.723300406585435951e+01
4.491999999999999993e+00,1.719643509326986219e+01
4.493000000000000327e+00,1.727588150991964611e+01
4.493999999999999773e+00,1.726953321521447293e+01
4.495000000000000107e+00,1.727539316263720082e+01
4.496000000000000441e+00,1.724466360356582584e+01
4.496999999999999886e+00,1.718914820410616784e+01
4.498000000000000220e+00,1.729279132958406606e+01
4.498999999999999666e+00,1.723749546264638965e+01
4.500000000000000000e+00,1.720085689666174744e+01
4.501000000000000334e+00,1.723730271927522040e+01
4.501999999999999780e+00,1.724421176197383687e+01
4.503000000000000114e+00,1.724283805772514810e+01
4.503999999999999559e+00,1.717256697910662311e+01
4.504999999999999893e+00,1.721839730550304992e+01
4.506000000000000227e+00,1.720181676191733899e+01
4.506999999999999673e+00,1.715485049156278663e+01
4.508000000000000007e+00,1.731565110131645469e+01
4.509000000000000341e+00,1.728758191677891887e+01
4.509999999999999787e+00,1.732230380391056102e+01
4.511000000000000121e+00,1.731251103997894347e+01
4.511999999999999567e+00,1.726989215005600187e+01
4.512999999999999901e+00,1.727311569752908227e+01
4.514000000000000234e+00,1.726073991743589175e+01
4.514999999999999680e+00,1.724531153916985815e+01
4.516000000000000014e+00,1.737507259915208380e+01
4.517000000000000348e+00,1.730598372328394063e+01
4.517999999999999794e+00,1.727235840276875578e+01
4.519000000000000128e+00,1.737515810644350722e+01
4.519999999999999574e+00,1.730572874617664425e+01
4.520999999999999908e+00,1.740314118453858683e+01
4.522000000000000242e+00,1.734105872642982149e+01
4.522999999999999687e+00,1.732116069186520235e+01
4.524000000000000021e+00,1.725892196087224306e+01
4.525000000000000355e+00,1.727114820228916869e+01
4.525999999999999801e+00,1.737485502294021700e+01
4.527000000000000135e+00,1.729872339412176885e+01
4.527999999999999581e+00,1.734251466832960631e+01
4.528999999999999915e+00,1.730814333674343786e+01
4.530000000000000249e+00,1.743345632692590286e+01
4.530999999999999694e+00,1.735135840283933817e+01
4.532000000000000028e+00,1.738100189174733146e+01
4.533000000000000362e+00,1.735310089336182315e+01
4.533999999999999808e+00,1.745957284140800780e+01
4.535000000000000142e+00,1.745970889740100063e+01
4.535999999999999588e+00,1.737987880959866516e+01
4.536999999999999922e+00,1.742242421725813983e+01
4.538000000000000256e+00,1.737419192634749621e+01
4.538999999999999702e+00,1.746702712645689459e+01
4.540000000000000036e+00,1.732579942165845566e+01
4.541000000000000369e+00,1.736493819967718011e+01
4.541999999999999815e+00,1.727186554830810650e+01
4.543000000000000149e+00,1.734250569399971198e+01
4.543999999999999595e+00,1.729109244234687282e+01
4.544999999999999929e+00,1.733390417547672513e+01
4.546000000000000263e+00,1.730701845144249873e+01
4.546999999999999709e+00,1.742897053456803036e+01
4.548000000000000043e+00,1.725067595176997060e+01
4.549000000000000377e+00,1.736638855153768191e+01
4.549999999999999822e+00,1.734382046156102675e+01
4.551000000000000156e+00,1.731316735905393855e+01
4.551999999999999602e+00,1.735256408955201834e+01
4.552999999999999936e+00,1.732994752463276456e+01
4.554000000000000270e+00,1.735131563664355525e+01
4.554999999999999716e+00,1.728974907045440546e+01
4.556000000000000050e+00,1.730709183756079383e+01
4.557000000000000384e+00,1.736128440848936094e+01
4.557999999999999829e+00,1.730602269716040098e+01
4.559000000000000163e+00,1.730799054753964583e+01
4.559999999999999609e+00,1.734475398195398554e+01
4.560999999999999943e+00,1.733058801625946899e+01
4.562000000000000277e+00,1.724308951500229625e+01
4.562999999999999723e+00,1.728515398664411151e+01
4.564000000000000057e+00,1.736328401854824577e+01
4.565000000000000391e+00,1.729724755132075487e+01
4.565999999999999837e+00,1.727506973730737627e+01
4.567000000000000171e+00,1.730611362949485965e+01
4.567999999999999616e+00,1.733646734166983094e+01
4.568999999999999950e+00,1.731674490412661171e+01
4.570000000000000284e+00,1.724802657403375150e+01
4.570999999999999730e+00,1.725482727306390629e+01
4.572000000000000064e+00,1.732682520397219861e+01
4.573000000000000398e+00,1.727185329539395653e+01
4.573999999999999844e+00,1.735296428111757194e+01
4.575000000000000178e+00,1.734066191468791729e+01
4.575999999999999623e+00,1.721792194909488671e+01
4.576999999999999957e+00,1.726481320259628660e+01
4.578000000000000291e+00,1.733000713569564510e+01
4.578999999999999737e+00,1.736274488866016696e+01
4.580000000000000071e+00,1.737031352854046773e+01
4.581000000000000405e+00,1.740083253235095384e+01
4.581999999999999851e+00,1.732293386094979226e+01
4.583000000000000185e+00,1.740017287407419389e+01
4.583999999999999631e+00,1.735870366569950107e+01
4.584999999999999964e+00,1.734148693342779524e+01
4.586000000000000298e+00,1.736494864072347610e+01
4.586999999999999744e+00,1.732039914953029225e+01
4.588000000000000078e+00,1.735267500886179093e+01
4.589000000000000412e+00,1.730426986465943529e+01
4.589999999999999858e+00,1.730886116300489874e+01
4.591000000000000192e+00,1.734523410298234225e+01
4.591999999999999638e+00,1.730697505122438073e+01
4.592999999999999972e+00,1.733824134977458442e+01
4.594000000000000306e+00,1.729925643895598952e+01
4.594999999999999751e+00,1.731799697871678134e+01
4.596000000000000085e+00,1.734092007588455076e+01
4.597000000000000419e+00,1.738015312250315603e+01
4.597999999999999865e+00,1.729979953179223884e+01
4.599000000000000199e+00,1.737658372899054982e+01
4.599999999999999645e+00,1.732779666938395735e+01
4.600999999999999979e+00,1.737229024333863237e+01
4.602000000000000313e+00,1.735601544243620964e+01
4.602999999999999758e+00,1.733200099398414551e+01
4.604000000000000092e+00,1.731017581352498524e+01
4.605000000000000426e+00,1.727217098856576527e+01
4.605999999999999872e+00,1.723174012136258426e+01
4.607000000000000206e+00,1.733178762333152179e+01
4.607999999999999652e+00,1.727780885500574470e+01
4.608999999999999986e+00,1.737542020267398613e+01
4.610000000000000320e+00,1.731894703607420638e+01
4.610999999999999766e+00,1.729490781826801182e+01
4.612000000000000099e+00,1.728371059994919179e+01
4.613000000000000433e+00,1.731184977350616805e+01
4.613999999999999879e+00,1.725552912844122488e+01
4.615000000000000213e+00,1.730376625718709249e+01
4.615999999999999659e+00,1.728801026399989382e+01
4.616999999999999993e+00,1.724132298043648603e+01
4.618000000000000327e+00,1.721421719312766641e+01
4.618999999999999773e+00,1.727862364807773332e+01
4.620000000000000107e+00,1.728223966743325946e+01
4.621000000000000441e+00,1.729255004650097760e+01
4.621999999999999886e+00,1.729321987572458141e+01
4.623000000000000220e+00,1.731968471281278354e+01
4.623999999999999666e+00,1.740185687039895157e+01
4.625000000000000000e+00,1.739105181796173838e+01
4.626000000000000334e+00,1.742326189951052839e+01
4.626999999999999780e+00,1.732165157028065039e+01
4.628000000000000114e+00,1.734575061387367967e+01
4.628999999999999559e+00,1.730842560366046712e+01
4.629999999999999893e+00,1.743523061757849035e+01
4.631000000000000227e+00,1.740600631885131122e+01
4.631999999999999673e+00,1.733398140742582783e+01
4.633000000000000007e+00,1.729920926017719651e+01
4.634000000000000341e+00,1.734128189996617309e+01
4.634999999999999787e+00,1.735904822678108061e+01
4.636000000000000121e+00,1.731751446721361631e+01
4.636999999999999567e+00,1.742265067918124899e+01
4.637999999999999901e+00,1.734977081121862241e+01
4.639000000000000234e+00,1.728881746609099679e+01
4.639999999999999680e+00,1.728994985579283750e+01
4.641000000000000014e+00,1.729611903001561402e+01
4.642000000000000348e+00,1.734499477718862437e+01
4.642999999999999794e+00,1.726252904088992324e+01
4.644000000000000128e+00,1.731541996979056464e+01
4.644999999999999574e+00,1.732518998199796911e+01
4.645999999999999908e+00,1.724094788982097626e+01
4.647000000000000242e+00,1.728827335848439262e+01
4.647999999999999687e+00,1.723218075052399456e+01
4.649000000000000021e+00,1.725666514444093735e+01
4.650000000000000355e+00,1.722799971887944182e+01
4.650999999999999801e+00,1.721182042815492252e+01
4.652000000000000135e+00,1.733922280516662440e+01
4.652999999999999581e+00,1.728046806786817413e+01
4.653999999999999915e+00,1.726280023107096184e+01
4.655000000000000249e+00,1.729075960064830042e+01
4.655999999999999694e+00,1.723362177293869024e+01
4.657000000000000028e+00,1.727819305769493141e+01
4.658000000000000362e+00,1.727158298323583452e+01
4.658999999999999808e+00,1.726699559927295979e+01
4.660000000000000142e+00,1.726249363453639418e+01
4.660999999999999588e+00,1.739698743962085103e+01
4.661999999999999922e+00,1.727717845308119138e+01
4.663000000000000256e+00,1.731804218107961901e+01
4.663999999999999702e+00,1.732628096112053129e+01
4.665000000000000036e+00,1.733668324232187175e+01
4.666000000000000369e+00,1.738473754358189893e+01
4.666999999999999815e+00,1.737715279938939616e+01
4.668000000000000149e+00,1.736676487944981062e+01
4.668999999999999595e+00,1.739046878020734610e+01
4.669999999999999929e+00,1.727472753109697834e+01
4.671000000000000263e+00,1.728767001920352797e+01
4.671999999999999709e+00,1.725638985743272258e+01
4.673000000000000043e+00,1.726508406836839171e+01
4.674000000000000377e+00,1.726468516499924633e+01
4.674999999999999822e+00,1.726028836789094001e+01
4.676000000000000156e+00,1.731650854589188526e+01
4.676999999999999602e+00,1.730316319183863882e+01
4.677999999999999936e+00,1.729296228104235311e+01
4.679000000000000270e+00,1.736857395856129571e+01
4.679999999999999716e+00,1.739114539465973408e+01
4.681000000000000050e+00,1.740245594801179863e+01
4.682000000000000384e+00,1.729538528561377930e+01
4.682999999999999829e+00,1.731248895393402165e+01
4.684000000000000163e+00,1.733270297484013867e+01
4.684999999999999609e+00,1.735050608961547525e+01
4.685999999999999943e+00,1.736328987996783013e+01
4.687000000000000277e+00,1.737952219705313084e+01
4.687999999999999723e+00,1.740195884259144421e+01
4.689000000000000057e+00,1.743263758321772272e+01
4.690000000000000391e+00,1.741403697315465138e+01
4.690999999999999837e+00,1.732072868368693364e+01
4.692000000000000171e+00,1.736739357765252123e+01
4.692999999999999616e+00,1.736316306957611033e+01
4.693999999999999950e+00,1.741443944354272233e+01
4.695000000000000284e+00,1.734342983541887406e+01
4.695999999999999730e+00,1.738749776513679279e+01
4.697000000000000064e+00,1.739665654921276783e+01
4.698000000000000398e+00,1.736128703862319611e+01
4.698999999999999844e+00,1.733043333273447928e+01
4.700000000000000178e+00,1.740919507189403959e+01
4.700999999999999623e+00,1.738642586713981686e+01
4.701999999999999957e+00,1.732101228058338904e+01
4.703000000000000291e+00,1.734166301586127190e+01
4.703999999999999737e+00,1.741792260085578192e+01
4.705000000000000071e+00,1.737521287053736074e+01
4.706000000000000405e+00,1.736581869178686333e+01
4.706999999999999851e+00,1.739233068259665416e+01
4.708000000000000185e+00,1.738528823408165636e+01
4.708999999999999631e+00,1.741443707489687043e+01
4.709999999999999964e+00,1.731364262324002823e+01
4.711000000000000298e+00,1.741127204205061219e+01
4.711999999999999744e+00,1.733762931408343277e+01
4.713000000000000078e+00,1.736731520678326390e+01
4.714000000000000412e+00,1.739631776412930719e+01
4.714999999999999858e+00,1.737100118781011915e+01
4.716000000000000192e+00,1.728094983675441654e+01
4.716999999999999638e+00,1.734886194627751621e+01
4.717999999999999972e+00,1.735766688623392540e+01
4.719000000000000306e+00,1.734830158617447893e+01
4.719999999999999751e+00,1.733148376398166590e+01
4.721000000000000085e+00,1.734342409292984044e+01
4.722000000000000419e+00,1.734457105236822727e+01
4.722999999999999865e+00,1.745069791854798069e+01
4.724000000000000199e+00,1.731070707859340274e+01
4.724999999999999645e+00,1.731983771597711907e+01
4.725999999999999979e+00,1.737890667744460771e+01
4.727000000000000313e+00,1.740311134426670492e+01
4.727999999999999758e+00,1.739199672163917398e+01
4.729000000000000092e+00,1.744573189663532276e+01
4.730000000000000426e+00,1.740448388955633874e+01
4.730999999999999872e+00,1.738395452711473865e+01
4.732000000000000206e+00,1.735092837595293247e+01
4.732999999999999652e+00,1.740261901494040941e+01
4.733999999999999986e+00,1.738465025150418342e+01
4.735000000000000320e+00,1.731761008468640739e+01
4.735999999999999766e+00,1.738541695958678446e+01
4.737000000000000099e+00,1.734383395028243058e+01
4.738000000000000433e+00,1.743536533694811297e+01
4.738999999999999879e+00,1.731849095855754683e+01
4.740000000000000213e+00,1.738975697540855592e+01
4.740999999999999659e+00,1.735695286862171471e+01
4.741999999999999993e+00,1.729754072188467973e+01
4.743000000000000327e+00,1.737231252130525050e+01
4.743999999999999773e+00,1.735941618096738281e+01
4.745000000000000107e+00,1.740397678328894671e+01
4.746000000000000441e+00,1.738483342389153918e+01
4.746999999999999886e+00,1.736673210059702299e+01
4.748000000000000220e+00,1.732803568251184601e+01
4.748999999999999666e+00,1.731866398085822567e+01
4.750000000000000000e+00,1.730704628437827708e+01
4.751000000000000334e+00,1.727518048983503718e+01
4.751999999999999780e+00,1.731576199148646111e+01
4.753000000000000114e+00,1.735432264184990103e+01
4.753999999999999559e+00,1.727272226516850395e+01
4.754999999999999893e+00,1.732464535949765860e+01
4.756000000000000227e+00,1.738212020539594960e+01
4.756999999999999673e+00,1.740067276438928801e+01
4.758000000000000007e+00,1.738242857518428153e+01
4.759000000000000341e+00,1.729860168527021358e+01
4.759999999999999787e+00,1.743191028050321378e+01
4.761000000000000121e+00,1.739318870756939717e+01
4.761999999999999567e+00,1.729052270412604742e+01
4.762999999999999901e+00,1.736668053736032036e+01
4.764000000000000234e+00,1.728938783198190521e+01
4.764999999999999680e+00,1.732210941661963588e+01
4.766000000000000014e+00,1.733672329676982216e+01
4.767000000000000348e+00,1.732503989738180294e+01
4.767999999999999794e+00,1.730201303597488049e+01
4.769000000000000128e+00,1.734107448006664498e+01
4.769999999999999574e+00,1.735923125137898282e+01
4.770999999999999908e+00,1.737509004041794114e+01
4.772000000000000242e+00,1.736459442392923336e+01
4.772999999999999687e+00,1.741102041383554067e+01
4.774000000000000021e+00,1.729784498030842599e+01
4.775000000000000355e+00,1.739717151756666880e+01
4.775999999999999801e+00,1.731492256187483747e+01
4.777000000000000135e+00,1.731082588268439437e+01
4.777999999999999581e+00,1.733846226887272124e+01
4.778999999999999915e+00,1.732622026061354248e+01
4.780000000000000249e+00,1.729211551938190894e+01
4.780999999999999694e+00,1.726466395231387807e+01
4.782000000000000028e+00,1.734740528125609771e+01
4.783000000000000362e+00,1.737132532026685183e+01
4.783999999999999808e+00,1.740685717366531904e+01
4.785000000000000142e+00,1.740261657755833369e+01
4.785999999999999588e+00,1.739852721422727200e+01
4.786999999999999922e+00,1.740429653938193866e+01
4.788000000000000256e+00,1.738554984343127785e+01
4.788999999999999702e+00,1.741255122693277002e+01
4.790000000000000036e+00,1.737124235742223277e+01
4.791000000000000369e+00,1.728296708370825030e+01
4.791999999999999815e+00,1.725849178777057702e+01
4.793000000000000149e+00,1.736448475677760683e+01
4.793999999999999595e+00,1.729557716593767935e+01
4.794999999999999929e+00,1.735142009942128638e+01
4.796000000000000263e+00,1.723334029291817870e+01
4.796999999999999709e+00,1.722323356524690041e+01
4.798000000000000043e+00,1.727659617855245244e+01
4.799000000000000377e+00,1.726454873098155929e+01
4.799999999999999822e+00,1.732374741087791392e+01
4.801000000000000156e+00,1.729629871709814992e+01
4.801999999999999602e+00,1.731512781569720971e+01
4.802999999999999936e+00,1.728256743232460124e+01
4.804000000000000270e+00,1.737490173011750727e+01
4.804999999999999716e+00,1.741940182888273014e+01
4.806000000000000050e+00,1.732617482360151939e+01
4.807000000000000384e+00,1.741203075510799536e+01
4.807999999999999829e+00,1.744931921239718875e+01
4.809000000000000163e+00,1.736120355727225828e+01
4.809999999999999609e+00,1.736279874830747616e+01
4.810999999999999943e+00,1.735136430096459037e+01
4.812000000000000277e+00,1.742122030300335922e+01
4.812999999999999723e+00,1.741398433083451280e+01
4.814000000000000057e+00,1.729340062549752943e+01
4.815000000000000391e+00,1.734585750058566944e+01
4.815999999999999837e+00,1.740011774369411057e+01
4.817000000000000171e+00,1.744201345310291629e+01
4.817999999999999616e+00,1.739293183039599455e+01
4.818999999999999950e+00,1.732916004442458657e+01
4.820000000000000284e+00,1.743620340863413531e+01
4.820999999999999730e+00,1.738540347247210605e+01
4.822000000000000064e+00,1.731679601952953362e+01
4.823000000000000398e+00,1.727179981024328015e+01
4.823999999999999844e+00,1.734963321936542968e+01
4.825000000000000178e+00,1.733003310057617341e+01
4.825999999999999623e+00,1.738981982624969191e+01
4.826999999999999957e+00,1.738239663458681150e+01
4.828000000000000291e+00,1.732776493747268631e+01
4.828999999999999737e+00,1.734267177393141424e+01
4.830000000000000071e+00,1.735214067502111490e+01
4.831000000000000405e+00,1.734362329782114287e+01
4.831999999999999851e+00,1.744498866876507748e+01
4.833000000000000185e+00,1.742858837381013615e+01
4.833999999999999631e+00,1.740425094853494770e+01
4.834999999999999964e+00,1.735604963972174275e+01
4.836000000000000298e+00,1.746917570598286318e+01
4.836999999999999744e+00,1.737242035558446673e+01
4.838000000000000078e+00,1.745747306594573089e+01
4.839000000000000412e+00,1.736736975235873004e+01
4.839999999999999858e+00,1.741121568358013150e+01
4.841000000000000192e+00,1.748598091566794466e+01
4.841999999999999638e+00,1.738728094970315041e+01
4.842999999999999972e+00,1.734403484432187525e+01
4.844000000000000306e+00,1.738121074005763589e+01
4.844999999999999751e+00,1.736342468154646212e+01
4.846000000000000085e+00,1.737316430848890292e+01
4.847000000000000419e+00,1.737815167685327822e+01
4.847999999999999865e+00,1.743659385070681367e+01
4.849000000000000199e+00,1.736457067501108398e+01
4.849999999999999645e+00,1.730139224428126710e+01
4.850999999999999979e+00,1.731656757404656233e+01
4.852000000000000313e+00,1.737426665044733554e+01
4.852999999999999758e+00,1.732873164591939741e+01
4.854000000000000092e+00,1.737166215850430717e+01
4.855000000000000426e+00,1.736661102135705192e+01
4.855999999999999872e+00,1.736959430015640393e+01
4.857000000000000206e+00,1.731422789521343120e+01
4.857999999999999652e+00,1.730885661656082064e+01
4.858999999999999986e+00,1.727197577467090639e+01
4.860000000000000320e+00,1.735479506737019051e+01
4.860999999999999766e+00,1.737183152363086691e+01
4.862000000000000099e+00,1.734871021326090457e+01
4.863000000000000433e+00,1.726896631229171319e+01
4.863999999999999879e+00,1.728277216042591391e+01
4.865000000000000213e+00,1.737748620780985931e+01
4.865999999999999659e+00,1.740347414446019059e+01
4.866999999999999993e+00,1.734625894704365123e+01
4.868000000000000327e+00,1.737559605473919078e+01
4.868999999999999773e+00,1.737900267159321288e+01
4.870000000000000107e+00,1.731715695125356191e+01
4.871000000000000441e+00,1.737352109585225435e+01
4.871999999999999886e+00,1.735373577687828117e+01
4.873000000000000220e+00,1.727347107505894996e+01
4.873999999999999666e+00,1.728828077402127050e+01
4.875000000000000000e+00,1.734189396568404362e+01
4.876000000000000334e+00,1.737190018878778019e+01
4.876999999999999780e+00,1.736397801789372153e+01
4.878000000000000114e+00,1.731264148250944146e+01
4.878999999999999559e+00,1.740466778538515769e+01
4.879999999999999893e+00,1.737786662914718150e+01
4.881000000000000227e+00,1.740510087304825504e+01
4.881999999999999673e+00,1.730062606616896659e+01
4.883000000000000007e+00,1.731986352971659926e+01
4.884000000000000341e+00,1.730066464956888339e+01
4.884999999999999787e+00,1.735349502690248968e+01
4.886000000000000121e+00,1.730390382862344012e+01
4.886999999999999567e+00,1.732903318891135314e+01
4.887999999999999901e+00,1.738091403953719194e+01
4.889000000000000234e+00,1.733460292714107709e+01
4.889999999999999680e+00,1.730457273425163223e+01
4.891000000000000014e+00,1.727771919443060256e+01
4.892000000000000348e+00,1.739295503054538017e+01
4.892999999999999794e+00,1.733802882257583278e+01
4.894000000000000128e+00,1.728555117359469762e+01
4.894999999999999574e+00,1.728244119872153561e+01
4.895999999999999908e+00,1.725255706757591057e+01
4.897000000000000242e+00,1.733165195622432009e+01
4.897999999999999687e+00,1.738808760190851999e+01
4.899000000000000021e+00,1.734869334585968659e+01
4.900000000000000355e+00,1.731703429614351109e+01
4.900999999999999801e+00,1.728633232529671915e+01
4.902000000000000135e+00,1.731926909867269870e+01
4.902999999999999581e+00,1.724357320495158419e+01
4.903999999999999915e+00,1.730753197470127702e+01
4.905000000000000249e+00,1.721883003477793750e+01
4.905999999999999694e+00,1.726500176817080501e+01
4.907000000000000028e+00,1.731007402419937335e+01
4.908000000000000362e+00,1.731919054781680600e+01
4.908999999999999808e+00,1.728911576305053188e+01
4.910000000000000142e+00,1.727970325118839412e+01
4.910999999999999588e+00,1.736474950972455389e+01
4.911999999999999922e+00,1.729133386325783306e+01
4.913000000000000256e+00,1.734437586024474953e+01
4.913999999999999702e+00,1.726456234238521148e+01
4.915000000000000036e+00,1.731801117453564842e+01
4.916000000000000369e+00,1.721815770896484921e+01
4.916999999999999815e+00,1.732610726059786899e+01
4.918000000000000149e+00,1.735298717729340723e+01
4.918999999999999595e+00,1.735036553232198386e+01
4.919999999999999929e+00,1.736574527698803649e+01
4.921000000000000263e+00,1.734114940123696869e+01
4.921999999999999709e+00,1.736816396876446689e+01
4.923000000000000043e+00,1.729406933181825679e+01
4.924000000000000377e+00,1.735358527113777072e+01
4.924999999999999822e+00,1.727224793987210916e+01
4.926000000000000156e+00,1.732846650422941082e+01
4.926999999999999602e+00,1.736263708828076702e+01
4.927999999999999936e+00,1.729779465023628759e+01
4.929000000000000270e+00,1.729167993281940241e+01
4.929999999999999716e+00,1.736177046182906381e+01
4.931000000000000050e+00,1.733270495844382708e+01
4.932000000000000384e+00,1.728759415034534186e+01
4.932999999999999829e+00,1.729196223988977721e+01
4.934000000000000163e+00,1.732676728298863367e+01
4.934999999999999609e+00,1.735889998866630890e+01
4.935999999999999943e+00,1.726397549510689444e+01
4.937000000000000277e+00,1.734900479851297561e+01
4.937999999999999723e+00,1.730448322002317241e+01
4.939000000000000057e+00,1.727238251952556070e+01
4.940000000000000391e+00,1.725162211197802264e+01
4.940999999999999837e+00,1.725419587767151341e+01
4.942000000000000171e+00,1.727536249917123001e+01
4.942999999999999616e+00,1.735893584033029668e+01
4.943999999999999950e+00,1.729294927792195935e+01
4.945000000000000284e+00,1.737942798557055823e+01
4.945999999999999730e+00,1.726881925483386127e+01
4.947000000000000064e+00,1.723639490487499515e+01
4.948000000000000398e+00,1.731918807593373799e+01
4.948999999999999844e+00,1.731216617892648557e+01
4.950000000000000178e+00,1.734776628926012876e+01
4.950999999999999623e+00,1.732188131057040437e+01
4.951999999999999957e+00,1.737196365701612066e+01
4.953000000000000291e+00,1.728562868560351617e+01
4.953999999999999737e+00,1.733692080793001011e+01
4.955000000000000071e+00,1.732472467723298237e+01
4.956000000000000405e+00,1.732489591894793435e+01
4.956999999999999851e+00,1.733590726469531518e+01
4.958000000000000185e+00,1.732063527751826371e+01
4.958999999999999631e+00,1.731611117681459788e+01
4.959999999999999964e+00,1.729405301575143383e+01
4.961000000000000298e+00,1.742809772713652450e+01
4.961999999999999744e+00,1.733316182235873271e+01
4.963000000000000078e+00,1.726661881523786235e+01
4.964000000000000412e+00,1.727546478239508332e+01
4.964999999999999858e+00,1.734372204401762474e+01
4.966000000000000192e+00,1.729510052841428447e+01
4.966999999999999638e+00,1.724897850883680306e+01
4.967999999999999972e+00,1.723420533272330957e+01
4.969000000000000306e+00,1.723762281727641010e+01
4.969999999999999751e+00,1.725182115581302611e+01
4.971000000000000085e+00,1.731252160481211178e+01
4.972000000000000419e+00,1.726531266671985421e+01
4.972999999999999865e+00,1.726648611692101554e+01
4.974000000000000199e+00,1.731912569598459228e+01
4.974999999999999645e+00,1.732211686406966322e+01
4.975999999999999979e+00,1.734189311885164386e+01
4.977000000000000313e+00,1.725875261050471821e+01
4.977999999999999758e+00,1.736671667965802257e+01
4.979000000000000092e+00,1.739901295551352689e+01
4.980000000000000426e+00,1.735485034959664219e+01
4.980999999999999872e+00,1.740655111241645869e+01
4.982000000000000206e+00,1.739984804200208757e+01
4.982999999999999652e+00,1.735070943974311675e+01
4.983999999999999986e+00,1.734516914232104057e+01
4.985000000000000320e+00,1.730158553350878492e+01
4.985999999999999766e+00,1.729410609237551100e+01
4.987000000000000099e+00,1.729401479786236351e+01
4.988000000000000433e+00,1.732444339725937610e+01
4.988999999999999879e+00,1.732834428179237563e+01
4.990000000000000213e+00,1.731964552858917372e+01
4.990999999999999659e+00,1.737460649335203300e+01
4.991999999999999993e+00,1.732214953204340446e+01
4.993000000000000327e+00,1.731328644568200303e+01
4.993999999999999773e+00,1.732073263888249315e+01
4.995000000000000107e+00,1.731353690304081994e+01
4.996000000000000441e+00,1.734506635215607417e+01
4.996999999999999886e+00,1.735969778368015426e+01
4.998000000000000220e+00,1.736287958844490120e+01
4.998999999999999666e+00,1.732295477675817352e+01
