time_ns,rg_A
0.000000000000000000e+00,1.688056579976566951e+01
1.000000000000000021e-03,1.686227534349641033e+01
2.000000000000000042e-03,1.695376259323617063e+01
3.000000000000000062e-03,1.690018384704093890e+01
4.000000000000000083e-03,1.687749517325882209e+01
5.000000000000000104e-03,1.686513267766218860e+01
6.000000000000000125e-03,1.690261805745277712e+01
7.000000000000000146e-03,1.692401764558787391e+01
8.000000000000000167e-03,1.693043255354045229e+01
8.999999999999999320e-03,1.696921506885666631e+01
1.000000000000000021e-02,1.695407949943045622e+01
1.099999999999999936e-02,1.689960360788534999e+01
1.200000000000000025e-02,1.694933267341045990e+01
1.299999999999999940e-02,1.688709880324153545e+01
1.400000000000000029e-02,1.693004541936364049e+01
1.499999999999999944e-02,1.698197522731340570e+01
1.600000000000000033e-02,1.688941270906201453e+01
1.700000000000000122e-02,1.691830172383069453e+01
1.799999999999999864e-02,1.699168980032313669e+01
1.899999999999999953e-02,1.697618504251685323e+01
2.000000000000000042e-02,1.701281289188220214e+01
2.100000000000000130e-02,1.689033590604061530e+01
2.199999999999999872e-02,1.694691213817960573e+01
2.299999999999999961e-02,1.698213986050395974e+01
2.400000000000000050e-02,1.693926360138152276e+01
2.500000000000000139e-02,1.699887370790523278e+01
2.599999999999999881e-02,1.697079137416673689e+01
2.699999999999999969e-02,1.687227360463558057e+01
2.800000000000000058e-02,1.689712765320177468e+01
2.900000000000000147e-02,1.690168535550608908e+01
2.999999999999999889e-02,1.691933091960793689e+01
3.099999999999999978e-02,1.693723803612624224e+01
3.200000000000000067e-02,1.695184593734437684e+01
3.300000000000000155e-02,1.692637968712281094e+01
3.400000000000000244e-02,1.692132103686245870e+01
3.500000000000000333e-02,1.692677428119469951e+01
3.599999999999999728e-02,1.691843531079591045e+01
3.699999999999999817e-02,1.693943481700684117e+01
3.799999999999999906e-02,1.688060847559700406e+01
3.899999999999999994e-02,1.689687366730152718e+01
4.000000000000000083e-02,1.693214483838414353e+01
4.100000000000000172e-02,1.684473604143302339e+01
4.200000000000000261e-02,1.688876317479935807e+01
4.299999999999999656e-02,1.690899004729617872e+01
4.399999999999999745e-02,1.696329847297191051e+01
4.499999999999999833e-02,1.688986189006122629e+01
4.599999999999999922e-02,1.687953857622173359e+01
4.700000000000000011e-02,1.686371998751199186e+01
4.800000000000000100e-02,1.681486363723783484e+01
4.900000000000000189e-02,1.695195149544597513e+01
5.000000000000000278e-02,1.688687133146050101e+01
5.099999999999999672e-02,1.690443439661570579e+01
5.199999999999999761e-02,1.687908260340378419e+01
5.299999999999999850e-02,1.695174576744066286e+01
5.399999999999999939e-02,1.690613129351288180e+01
5.500000000000000028e-02,1.692038205507149939e+01
5.600000000000000117e-02,1.690227474310232481e+01
5.700000000000000205e-02,1.688858080103369730e+01
5.800000000000000294e-02,1.686687968990907649e+01
5.899999999999999689e-02,1.690354057289373557e+01
5.999999999999999778e-02,1.692314000657070139e+01
6.099999999999999867e-02,1.688447371505181849e+01
6.199999999999999956e-02,1.690863128186064301e+01
6.300000000000000044e-02,1.685785529918025460e+01
6.400000000000000133e-02,1.691214561921301041e+01
6.500000000000000222e-02,1.687492852111458319e+01
6.600000000000000311e-02,1.693913666809172014e+01
6.700000000000000400e-02,1.685686969967290594e+01
6.800000000000000488e-02,1.693658426653233207e+01
6.900000000000000577e-02,1.689719302441175230e+01
7.000000000000000666e-02,1.690598945316189372e+01
7.099999999999999367e-02,1.696258624781627233e+01
7.199999999999999456e-02,1.690099144787920693e+01
7.299999999999999545e-02,1.693166693023006886e+01
7.399999999999999634e-02,1.689161469897127432e+01
7.499999999999999722e-02,1.696251190450076507e+01
7.599999999999999811e-02,1.690292034227650930e+01
7.699999999999999900e-02,1.697228204222130188e+01
7.799999999999999989e-02,1.689488254902367004e+01
7.900000000000000078e-02,1.695995385243432096e+01
8.000000000000000167e-02,1.686579919857116394e+01
8.100000000000000255e-02,1.689339450252440855e+01
8.200000000000000344e-02,1.688260603126553860e+01
8.300000000000000433e-02,1.693627314312713139e+01
8.400000000000000522e-02,1.689858903157459480e+01
8.500000000000000611e-02,1.693576420194778720e+01
8.599999999999999312e-02,1.690884552146390973e+01
8.699999999999999400e-02,1.695021963884859417e+01
8.799999999999999489e-02,1.694781718157681993e+01
8.899999999999999578e-02,1.689351858750513102e+01
8.999999999999999667e-02,1.685065656695677916e+01
9.099999999999999756e-02,1.689647269116292350e+01
9.199999999999999845e-02,1.687864939264744990e+01
9.299999999999999933e-02,1.693986737813252574e+01
9.400000000000000022e-02,1.690908039258964735e+01
9.500000000000000111e-02,1.687779158520882916e+01
9.600000000000000200e-02,1.690461483106443552e+01
9.700000000000000289e-02,1.692790328870724537e+01
9.800000000000000377e-02,1.693975200005069581e+01
9.900000000000000466e-02,1.692284567863453759e+01
1.000000000000000056e-01,1.687200825816426430e+01
1.010000000000000064e-01,1.690853038612301873e+01
1.019999999999999934e-01,1.691504404733474232e+01
1.029999999999999943e-01,1.683864297968300150e+01
1.039999999999999952e-01,1.688325950342509785e+01
1.049999999999999961e-01,1.692519808883089638e+01
1.059999999999999970e-01,1.682192477430623967e+01
1.069999999999999979e-01,1.683254223600675203e+01
1.079999999999999988e-01,1.691857874427519803e+01
1.089999999999999997e-01,1.686916450195506911e+01
1.100000000000000006e-01,1.686672318235865475e+01
1.110000000000000014e-01,1.686715030591096465e+01
1.120000000000000023e-01,1.685297198029775601e+01
1.130000000000000032e-01,1.688460225575834883e+01
1.140000000000000041e-01,1.691424034666002285e+01
1.150000000000000050e-01,1.684946421347571288e+01
1.160000000000000059e-01,1.694090755410958593e+01
1.170000000000000068e-01,1.685196338635682167e+01
1.179999999999999938e-01,1.687034262793459760e+01
1.189999999999999947e-01,1.693199603792949048e+01
1.199999999999999956e-01,1.687522911666325598e+01
1.209999999999999964e-01,1.684843615655659477e+01
1.219999999999999973e-01,1.691199264821912607e+01
1.229999999999999982e-01,1.689162291478039535e+01
1.239999999999999991e-01,1.688726425078689175e+01
1.250000000000000000e-01,1.686493069984112125e+01
1.260000000000000009e-01,1.693305814328849834e+01
1.270000000000000018e-01,1.689791401912355795e+01
1.280000000000000027e-01,1.688613650540298039e+01
1.290000000000000036e-01,1.691213865344011325e+01
1.300000000000000044e-01,1.689535645226983007e+01
1.310000000000000053e-01,1.686885476921152360e+01
1.320000000000000062e-01,1.683955181893466957e+01
1.330000000000000071e-01,1.686660912655825229e+01
1.340000000000000080e-01,1.687909710105764560e+01
1.350000000000000089e-01,1.684567817138781010e+01
1.360000000000000098e-01,1.689472323375164464e+01
1.370000000000000107e-01,1.693296647218713957e+01
1.380000000000000115e-01,1.691331665828044351e+01
1.390000000000000124e-01,1.694243082578536530e+01
1.400000000000000133e-01,1.688915583654621955e+01
1.409999999999999865e-01,1.687669887400900492e+01
1.419999999999999873e-01,1.695278970880917413e+01
1.429999999999999882e-01,1.696525333618822984e+01
1.439999999999999891e-01,1.690030267293493438e+01
1.449999999999999900e-01,1.692277468113372407e+01
1.459999999999999909e-01,1.694904062466151018e+01
1.469999999999999918e-01,1.688047730400963431e+01
1.479999999999999927e-01,1.691618558676295692e+01
1.489999999999999936e-01,1.681617664579284721e+01
1.499999999999999944e-01,1.686353307799079460e+01
1.509999999999999953e-01,1.691047137270306777e+01
1.519999999999999962e-01,1.687838724161032999e+01
1.529999999999999971e-01,1.690003752328939157e+01
1.539999999999999980e-01,1.688990778493500500e+01
1.549999999999999989e-01,1.692400366550888080e+01
1.559999999999999998e-01,1.694549318491471013e+01
1.570000000000000007e-01,1.691542231981538436e+01
1.580000000000000016e-01,1.687551130995456816e+01
1.590000000000000024e-01,1.690079713157574304e+01
1.600000000000000033e-01,1.695974868417323833e+01
1.610000000000000042e-01,1.686975362750127516e+01
1.620000000000000051e-01,1.691713320943871679e+01
1.630000000000000060e-01,1.690420706532572837e+01
1.640000000000000069e-01,1.689606566232929907e+01
1.650000000000000078e-01,1.685544033894834115e+01
1.660000000000000087e-01,1.686805834466039400e+01
1.670000000000000095e-01,1.686673383947393390e+01
1.680000000000000104e-01,1.689329830024506407e+01
1.690000000000000113e-01,1.684535697998522608e+01
1.700000000000000122e-01,1.687366536070876322e+01
1.710000000000000131e-01,1.679760808686935647e+01
1.719999999999999862e-01,1.689708626202332553e+01
1.729999999999999871e-01,1.678265249314715746e+01
1.739999999999999880e-01,1.687824134433960310e+01
1.749999999999999889e-01,1.687111677636918472e+01
1.759999999999999898e-01,1.689628053895334148e+01
1.769999999999999907e-01,1.684278563406252971e+01
1.779999999999999916e-01,1.692591021983889021e+01
1.789999999999999925e-01,1.686125057351775780e+01
1.799999999999999933e-01,1.692002839578282192e+01
1.809999999999999942e-01,1.688997747509988656e+01
1.819999999999999951e-01,1.692149399966896794e+01
1.829999999999999960e-01,1.690358474633564967e+01
1.839999999999999969e-01,1.693694545436527576e+01
1.849999999999999978e-01,1.691601049697203507e+01
1.859999999999999987e-01,1.694562757073256876e+01
1.869999999999999996e-01,1.698384821800366851e+01
1.880000000000000004e-01,1.692023076625313038e+01
1.890000000000000013e-01,1.696831908106149100e+01
1.900000000000000022e-01,1.690204057882664301e+01
1.910000000000000031e-01,1.691097393235602198e+01
1.920000000000000040e-01,1.689937933984602125e+01
1.930000000000000049e-01,1.690180948107482450e+01
1.940000000000000058e-01,1.693985749585811362e+01
1.950000000000000067e-01,1.689423595579256698e+01
1.960000000000000075e-01,1.688744110719919433e+01
1.970000000000000084e-01,1.688822768203862523e+01
1.980000000000000093e-01,1.688689643879261482e+01
1.990000000000000102e-01,1.692118465908362879e+01
2.000000000000000111e-01,1.685963872029217470e+01
2.010000000000000120e-01,1.683991776369590099e+01
2.020000000000000129e-01,1.688871931996570908e+01
2.030000000000000138e-01,1.690303711944524778e+01
2.039999999999999869e-01,1.683517031663993180e+01
2.049999999999999878e-01,1.685921549217330906e+01
2.059999999999999887e-01,1.683458002504546513e+01
2.069999999999999896e-01,1.689318041497957879e+01
2.079999999999999905e-01,1.683712652077663918e+01
2.089999999999999913e-01,1.688969516856096220e+01
2.099999999999999922e-01,1.687474823685025527e+01
2.109999999999999931e-01,1.690008659603212493e+01
2.119999999999999940e-01,1.696252603106974277e+01
2.129999999999999949e-01,1.691227826663843459e+01
2.139999999999999958e-01,1.685251857121049213e+01
2.149999999999999967e-01,1.689803236118765994e+01
2.159999999999999976e-01,1.693701172213721406e+01
2.169999999999999984e-01,1.694418062651037005e+01
2.179999999999999993e-01,1.698447989603596753e+01
2.190000000000000002e-01,1.699762722398117631e+01
2.200000000000000011e-01,1.692384734674945790e+01
2.210000000000000020e-01,1.698832346618432254e+01
2.220000000000000029e-01,1.692044162364786430e+01
2.230000000000000038e-01,1.694899335033431242e+01
2.240000000000000047e-01,1.694493835175307694e+01
2.250000000000000056e-01,1.689824891501843140e+01
2.260000000000000064e-01,1.688866695862214939e+01
2.270000000000000073e-01,1.689412120768233549e+01
2.280000000000000082e-01,1.695288386931048308e+01
2.290000000000000091e-01,1.694439409793408657e+01
2.300000000000000100e-01,1.688837509718939600e+01
2.310000000000000109e-01,1.697634525288975382e+01
2.320000000000000118e-01,1.697916575383093019e+01
2.330000000000000127e-01,1.694962087300744713e+01
2.340000000000000135e-01,1.696027058888729400e+01
2.349999999999999867e-01,1.702417044614051633e+01
2.359999999999999876e-01,1.695841059983756338e+01
2.369999999999999885e-01,1.699836853826008110e+01
2.379999999999999893e-01,1.693790727633779269e+01
2.389999999999999902e-01,1.697471497613821612e+01
2.399999999999999911e-01,1.697403660030791173e+01
2.409999999999999920e-01,1.699028812163897584e+01
2.419999999999999929e-01,1.698215400897496252e+01
2.429999999999999938e-01,1.695642650331063805e+01
2.439999999999999947e-01,1.698085438971841299e+01
2.449999999999999956e-01,1.699413829820923638e+01
2.459999999999999964e-01,1.693702691727901666e+01
2.469999999999999973e-01,1.705230665961127556e+01
2.479999999999999982e-01,1.706111902620111209e+01
2.489999999999999991e-01,1.700544546418449343e+01
2.500000000000000000e-01,1.700247786432695918e+01
2.510000000000000009e-01,1.704602959824075725e+01
2.520000000000000018e-01,1.701936115743124844e+01
2.530000000000000027e-01,1.699952062677279230e+01
2.540000000000000036e-01,1.702506102903983276e+01
2.550000000000000044e-01,1.702068472232298646e+01
2.560000000000000053e-01,1.696765511679130967e+01
2.570000000000000062e-01,1.702073584984519883e+01
2.580000000000000071e-01,1.694130745091639767e+01
2.590000000000000080e-01,1.703684172340675218e+01
2.600000000000000089e-01,1.699980969682680509e+01
2.610000000000000098e-01,1.703566695794849295e+01
2.620000000000000107e-01,1.697176795122433646e+01
2.630000000000000115e-01,1.695902431861224358e+01
2.640000000000000124e-01,1.702275579566938291e+01
2.650000000000000133e-01,1.699103125573251560e+01
2.660000000000000142e-01,1.697172938754518867e+01
2.670000000000000151e-01,1.696159578891496267e+01
2.680000000000000160e-01,1.689594494785490753e+01
2.690000000000000169e-01,1.699230983085429258e+01
2.700000000000000178e-01,1.701826126618476565e+01
2.710000000000000187e-01,1.699722690942230585e+01
2.720000000000000195e-01,1.698913603676504991e+01
2.730000000000000204e-01,1.699322467538049963e+01
2.740000000000000213e-01,1.699988006223822978e+01
2.750000000000000222e-01,1.696441561609360349e+01
2.760000000000000231e-01,1.697916855870069597e+01
2.770000000000000240e-01,1.701273507092529513e+01
2.780000000000000249e-01,1.696519735530301531e+01
2.790000000000000258e-01,1.698740811637564008e+01
2.800000000000000266e-01,1.702672341852056093e+01
2.810000000000000275e-01,1.696101109781323757e+01
2.819999999999999729e-01,1.696913065364516626e+01
2.829999999999999738e-01,1.694133844835223357e+01
2.839999999999999747e-01,1.703646688084721816e+01
2.849999999999999756e-01,1.702058015284702108e+01
2.859999999999999765e-01,1.699483013421085431e+01
2.869999999999999774e-01,1.695351012114622336e+01
2.879999999999999782e-01,1.697620044677881879e+01
2.889999999999999791e-01,1.696435640258273736e+01
2.899999999999999800e-01,1.692814147412593684e+01
2.909999999999999809e-01,1.692348240663256931e+01
2.919999999999999818e-01,1.695468740014133502e+01
2.929999999999999827e-01,1.698637656230098969e+01
2.939999999999999836e-01,1.701339109144716488e+01
2.949999999999999845e-01,1.696326252840676219e+01
2.959999999999999853e-01,1.692078682935911260e+01
2.969999999999999862e-01,1.698995298257716868e+01
2.979999999999999871e-01,1.697211675579259804e+01
2.989999999999999880e-01,1.696710835532735118e+01
2.999999999999999889e-01,1.694234795673254013e+01
3.009999999999999898e-01,1.691707078351876703e+01
3.019999999999999907e-01,1.693561739198700522e+01
3.029999999999999916e-01,1.694501006663922382e+01
3.039999999999999925e-01,1.701129367244243440e+01
3.049999999999999933e-01,1.699463717826922249e+01
3.059999999999999942e-01,1.694189842742425256e+01
3.069999999999999951e-01,1.703491684908949821e+01
3.079999999999999960e-01,1.698168703794053869e+01
3.089999999999999969e-01,1.696158369410946776e+01
3.099999999999999978e-01,1.698924270503073686e+01
3.109999999999999987e-01,1.693632061066495353e+01
3.119999999999999996e-01,1.699600073276503664e+01
3.130000000000000004e-01,1.702632320001163180e+01
3.140000000000000013e-01,1.706749019953101509e+01
3.150000000000000022e-01,1.697053886572259884e+01
3.160000000000000031e-01,1.705881898826064713e+01
3.170000000000000040e-01,1.696592257040773077e+01
3.180000000000000049e-01,1.703242512403689801e+01
3.190000000000000058e-01,1.695499411609831597e+01
3.200000000000000067e-01,1.701209536007182521e+01
3.210000000000000075e-01,1.694935006676641720e+01
3.220000000000000084e-01,1.693207139801161887e+01
3.230000000000000093e-01,1.701619552964288218e+01
3.240000000000000102e-01,1.700366496010221340e+01
3.250000000000000111e-01,1.701041437049612881e+01
3.260000000000000120e-01,1.699906777112718359e+01
3.270000000000000129e-01,1.696035529457702040e+01
3.280000000000000138e-01,1.694505514872651020e+01
3.290000000000000147e-01,1.694529772988980909e+01
3.300000000000000155e-01,1.700972891181522684e+01
3.310000000000000164e-01,1.695751558015929561e+01
3.320000000000000173e-01,1.704618783568864515e+01
3.330000000000000182e-01,1.704291701611607834e+01
3.340000000000000191e-01,1.703567597660370225e+01
3.350000000000000200e-01,1.698891343717144764e+01
3.360000000000000209e-01,1.703251771233222200e+01
3.370000000000000218e-01,1.695030543623660435e+01
3.380000000000000226e-01,1.701385913745578193e+01
3.390000000000000235e-01,1.696581910235657276e+01
3.400000000000000244e-01,1.702117998937622545e+01
3.410000000000000253e-01,1.707453218674887196e+01
3.420000000000000262e-01,1.702873863683634426e+01
3.430000000000000271e-01,1.704717404715112039e+01
3.439999999999999725e-01,1.700380474703013789e+01
3.449999999999999734e-01,1.704158962359566942e+01
3.459999999999999742e-01,1.697777824626344056e+01
3.469999999999999751e-01,1.695777410608732794e+01
3.479999999999999760e-01,1.691783940698281796e+01
3.489999999999999769e-01,1.695145600992475110e+01
3.499999999999999778e-01,1.694841054421050330e+01
3.509999999999999787e-01,1.694062425543210537e+01
3.519999999999999796e-01,1.700604629001802692e+01
3.529999999999999805e-01,1.703268342507402977e+01
3.539999999999999813e-01,1.700604294265091099e+01
3.549999999999999822e-01,1.699814782368967059e+01
3.559999999999999831e-01,1.701475861874561346e+01
3.569999999999999840e-01,1.701227810100341742e+01
3.579999999999999849e-01,1.704549556929042353e+01
3.589999999999999858e-01,1.697933132192318695e+01
3.599999999999999867e-01,1.697801598263963996e+01
3.609999999999999876e-01,1.703616107870359642e+01
3.619999999999999885e-01,1.700593387948922697e+01
3.629999999999999893e-01,1.697388702791479531e+01
3.639999999999999902e-01,1.699223766443535411e+01
3.649999999999999911e-01,1.699404926146014816e+01
3.659999999999999920e-01,1.705772309024838052e+01
3.669999999999999929e-01,1.700836882408696482e+01
3.679999999999999938e-01,1.701449619383402023e+01
3.689999999999999947e-01,1.690752299203060005e+01
3.699999999999999956e-01,1.702977284519610279e+01
3.709999999999999964e-01,1.707280855078942139e+01
3.719999999999999973e-01,1.703868695529528310e+01
3.729999999999999982e-01,1.706759901637066079e+01
3.739999999999999991e-01,1.704092254773096471e+01
3.750000000000000000e-01,1.702299306592794181e+01
3.760000000000000009e-01,1.706472564102824307e+01
3.770000000000000018e-01,1.703820014142490535e+01
3.780000000000000027e-01,1.706610397944933055e+01
3.790000000000000036e-01,1.714005203417281820e+01
3.800000000000000044e-01,1.711562022713453146e+01
3.810000000000000053e-01,1.709304935667210046e+01
3.820000000000000062e-01,1.710486933127564413e+01
3.830000000000000071e-01,1.709069751933200365e+01
3.840000000000000080e-01,1.712096995232124286e+01
3.850000000000000089e-01,1.704385857820125594e+01
3.860000000000000098e-01,1.707340209286546440e+01
3.870000000000000107e-01,1.705282932191732925e+01
3.880000000000000115e-01,1.707037615576817657e+01
3.890000000000000124e-01,1.706394594649362517e+01
3.900000000000000133e-01,1.707562011452949235e+01
3.910000000000000142e-01,1.698860434061331404e+01
3.920000000000000151e-01,1.699527494924808835e+01
3.930000000000000160e-01,1.699341724142006171e+01
3.940000000000000169e-01,1.704936046542561456e+01
3.950000000000000178e-01,1.703488552443680604e+01
3.960000000000000187e-01,1.694644480647082219e+01
3.970000000000000195e-01,1.703035450250433058e+01
3.980000000000000204e-01,1.705493515527600223e+01
3.990000000000000213e-01,1.700574691260355209e+01
4.000000000000000222e-01,1.705078388271039103e+01
4.010000000000000231e-01,1.696212475606699499e+01
4.020000000000000240e-01,1.697525469046211910e+01
4.030000000000000249e-01,1.702482762334326338e+01
4.040000000000000258e-01,1.696890740433245526e+01
4.050000000000000266e-01,1.699829300974381852e+01
4.060000000000000275e-01,1.703421282919201829e+01
4.069999999999999729e-01,1.700185249746655103e+01
4.079999999999999738e-01,1.703727058345685919e+01
4.089999999999999747e-01,1.696882774677349914e+01
4.099999999999999756e-01,1.699423135217923786e+01
4.109999999999999765e-01,1.697426615010833117e+01
4.119999999999999774e-01,1.701757607982160536e+01
4.129999999999999782e-01,1.701469818993180638e+01
4.139999999999999791e-01,1.699440815387038839e+01
4.149999999999999800e-01,1.694966670611692550e+01
4.159999999999999809e-01,1.702180816526279372e+01
4.169999999999999818e-01,1.700104839270073143e+01
4.179999999999999827e-01,1.705288905572107083e+01
4.189999999999999836e-01,1.692305181411249393e+01
4.199999999999999845e-01,1.697576305807040598e+01
4.209999999999999853e-01,1.703541452414772550e+01
4.219999999999999862e-01,1.694928549183225286e+01
4.229999999999999871e-01,1.703196410657646354e+01
4.239999999999999880e-01,1.699633458038075062e+01
4.249999999999999889e-01,1.699947986828849977e+01
4.259999999999999898e-01,1.701762595526858846e+01
4.269999999999999907e-01,1.701326407582992317e+01
4.279999999999999916e-01,1.703851013541924786e+01
4.289999999999999925e-01,1.700073465587531985e+01
4.299999999999999933e-01,1.702518212476910264e+01
4.309999999999999942e-01,1.698144971032963824e+01
4.319999999999999951e-01,1.692435534577468559e+01
4.329999999999999960e-01,1.701594473217265246e+01
4.339999999999999969e-01,1.698020463551414849e+01
4.349999999999999978e-01,1.700661702238010164e+01
4.359999999999999987e-01,1.699408229570126849e+01
4.369999999999999996e-01,1.688488166094681020e+01
4.380000000000000004e-01,1.687825651490906154e+01
4.390000000000000013e-01,1.696617860496709795e+01
4.400000000000000022e-01,1.696482219884245879e+01
4.410000000000000031e-01,1.693783140195240833e+01
4.420000000000000040e-01,1.692064834485574920e+01
4.430000000000000049e-01,1.693621012016368255e+01
4.440000000000000058e-01,1.704006084276387867e+01
4.450000000000000067e-01,1.693808439472297778e+01
4.460000000000000075e-01,1.689597596956610914e+01
4.470000000000000084e-01,1.697125786984609874e+01
4.480000000000000093e-01,1.694823625522987953e+01
4.490000000000000102e-01,1.698930591267210488e+01
4.500000000000000111e-01,1.694487679295863103e+01
4.510000000000000120e-01,1.693544554411140624e+01
4.520000000000000129e-01,1.689925336466005845e+01
4.530000000000000138e-01,1.691257950123895171e+01
4.540000000000000147e-01,1.692940591130488315e+01
4.550000000000000155e-01,1.689576096628808699e+01
4.560000000000000164e-01,1.699454767920072129e+01
4.570000000000000173e-01,1.697366372640996701e+01
4.580000000000000182e-01,1.695767218677246291e+01
4.590000000000000191e-01,1.702833574477652689e+01
4.600000000000000200e-01,1.699080877008883306e+01
4.610000000000000209e-01,1.696782179640399946e+01
4.620000000000000218e-01,1.695264066977921402e+01
4.630000000000000226e-01,1.694944049248664797e+01
4.640000000000000235e-01,1.693720868200551877e+01
4.650000000000000244e-01,1.699051851755496045e+01
4.660000000000000253e-01,1.698506678801692615e+01
4.670000000000000262e-01,1.691224330896570294e+01
4.680000000000000271e-01,1.688546429303460172e+01
4.689999999999999725e-01,1.693529088217367828e+01
4.699999999999999734e-01,1.689676498659842352e+01
4.709999999999999742e-01,1.696344012120847111e+01
4.719999999999999751e-01,1.690715239823425264e+01
4.729999999999999760e-01,1.690489016750068885e+01
4.739999999999999769e-01,1.692944319603111580e+01
4.749999999999999778e-01,1.687715812384520575e+01
4.759999999999999787e-01,1.689140573724026240e+01
4.769999999999999796e-01,1.694035401578440769e+01
4.779999999999999805e-01,1.688084664387949374e+01
4.789999999999999813e-01,1.690722136447283219e+01
4.799999999999999822e-01,1.697111488045666050e+01
4.809999999999999831e-01,1.697178220230162538e+01
4.819999999999999840e-01,1.693459022382362633e+01
4.829999999999999849e-01,1.698263971058505106e+01
4.839999999999999858e-01,1.692860166101849018e+01
4.849999999999999867e-01,1.693682266929105751e+01
4.859999999999999876e-01,1.696339337487597376e+01
4.869999999999999885e-01,1.699951446075068873e+01
4.879999999999999893e-01,1.696067387936091464e+01
4.889999999999999902e-01,1.694949692569295152e+01
4.899999999999999911e-01,1.700346416194424748e+01
4.909999999999999920e-01,1.702724201665587600e+01
4.919999999999999929e-01,1.703216113487160754e+01
4.929999999999999938e-01,1.693552678929470900e+01
4.939999999999999947e-01,1.697276341362725560e+01
4.949999999999999956e-01,1.696815162606456440e+01
4.959999999999999964e-01,1.700621569928544119e+01
4.969999999999999973e-01,1.702883451298361095e+01
4.979999999999999982e-01,1.689828420933987729e+01
4.989999999999999991e-01,1.701714930489680455e+01
5.000000000000000000e-01,1.702290365903077785e+01
5.010000000000000009e-01,1.699662148529387196e+01
5.020000000000000018e-01,1.700231343635237735e+01
5.030000000000000027e-01,1.699163911962020634e+01
5.040000000000000036e-01,1.699436348991235235e+01
5.050000000000000044e-01,1.693309450013727968e+01
5.060000000000000053e-01,1.698462721855343460e+01
5.070000000000000062e-01,1.695880903528994565e+01
5.080000000000000071e-01,1.692055510068752255e+01
5.090000000000000080e-01,1.694725278572425253e+01
5.100000000000000089e-01,1.703300186857627097e+01
5.110000000000000098e-01,1.695935960686972166e+01
5.120000000000000107e-01,1.691323959735051830e+01
5.130000000000000115e-01,1.695041139520777307e+01
5.140000000000000124e-01,1.696770684900359782e+01
5.150000000000000133e-01,1.697084051484162970e+01
5.160000000000000142e-01,1.696792525852930567e+01
5.170000000000000151e-01,1.702307619160449548e+01
5.180000000000000160e-01,1.699791094521156154e+01
5.190000000000000169e-01,1.704958321839043478e+01
5.200000000000000178e-01,1.702334791432230787e+01
5.210000000000000187e-01,1.693283681873552737e+01
5.220000000000000195e-01,1.700481591827066552e+01
5.230000000000000204e-01,1.697644352031690218e+01
5.240000000000000213e-01,1.693170275341364572e+01
5.250000000000000222e-01,1.697221983842677417e+01
5.260000000000000231e-01,1.697972103233841423e+01
5.270000000000000240e-01,1.699533486499725043e+01
5.280000000000000249e-01,1.699468290350242938e+01
5.290000000000000258e-01,1.688172153913142282e+01
5.300000000000000266e-01,1.693470096044616469e+01
5.310000000000000275e-01,1.696304930705303704e+01
5.320000000000000284e-01,1.691216833013882237e+01
5.330000000000000293e-01,1.692060501359405933e+01
5.340000000000000302e-01,1.689100093523962087e+01
5.350000000000000311e-01,1.695364392473648252e+01
5.360000000000000320e-01,1.696097985054692003e+01
5.370000000000000329e-01,1.690833747988030566e+01
5.380000000000000338e-01,1.693153436408905321e+01
5.390000000000000346e-01,1.693221054660688196e+01
5.400000000000000355e-01,1.692636408759116762e+01
5.410000000000000364e-01,1.689790557353384060e+01
5.420000000000000373e-01,1.695199684548487085e+01
5.430000000000000382e-01,1.698870797727026982e+01
5.440000000000000391e-01,1.697109689383261610e+01
5.450000000000000400e-01,1.696843718648804611e+01
5.460000000000000409e-01,1.697868942015991678e+01
5.470000000000000417e-01,1.701644860496681133e+01
5.480000000000000426e-01,1.699459662409913818e+01
5.490000000000000435e-01,1.702727326728546942e+01
5.500000000000000444e-01,1.703418405304150696e+01
5.510000000000000453e-01,1.690290357507557317e+01
5.520000000000000462e-01,1.701066578904827864e+01
5.530000000000000471e-01,1.697974107284676037e+01
5.540000000000000480e-01,1.704699516440887663e+01
5.550000000000000488e-01,1.693712300533077553e+01
5.560000000000000497e-01,1.701631318718891350e+01
5.570000000000000506e-01,1.692376049211956968e+01
5.580000000000000515e-01,1.696287968417082581e+01
5.590000000000000524e-01,1.697693768222574917e+01
5.600000000000000533e-01,1.699979958175398664e+01
5.610000000000000542e-01,1.702721315649802136e+01
5.620000000000000551e-01,1.702562669689633523e+01
5.629999999999999449e-01,1.701611640507193712e+01
5.639999999999999458e-01,1.702027974241894270e+01
5.649999999999999467e-01,1.699838048584419070e+01
5.659999999999999476e-01,1.699821153086376313e+01
5.669999999999999485e-01,1.708997226914470957e+01
5.679999999999999494e-01,1.699376302779772985e+01
5.689999999999999503e-01,1.690284119072847346e+01
5.699999999999999512e-01,1.699824859986681247e+01
5.709999999999999520e-01,1.693882114589634114e+01
5.719999999999999529e-01,1.701876626402422943e+01
5.729999999999999538e-01,1.700444215311459573e+01
5.739999999999999547e-01,1.699124880354584377e+01
5.749999999999999556e-01,1.702806593588147877e+01
5.759999999999999565e-01,1.696374395572885874e+01
5.769999999999999574e-01,1.703747196325226199e+01
5.779999999999999583e-01,1.700630246806106882e+01
5.789999999999999591e-01,1.695102750394699953e+01
5.799999999999999600e-01,1.690329685892284317e+01
5.809999999999999609e-01,1.701023883467622255e+01
5.819999999999999618e-01,1.699269461748870924e+01
5.829999999999999627e-01,1.697514581122168664e+01
5.839999999999999636e-01,1.705763116099301513e+01
5.849999999999999645e-01,1.699404140439401445e+01
5.859999999999999654e-01,1.700650011306692022e+01
5.869999999999999662e-01,1.695362010779218309e+01
5.879999999999999671e-01,1.705713793393173106e+01
5.889999999999999680e-01,1.694160598288430108e+01
5.899999999999999689e-01,1.697972016816510177e+01
5.909999999999999698e-01,1.699080920514017379e+01
5.919999999999999707e-01,1.700885060410050897e+01
5.929999999999999716e-01,1.706900105572021431e+01
5.939999999999999725e-01,1.704964751005522317e+01
5.949999999999999734e-01,1.699438898823528987e+01
5.959999999999999742e-01,1.701357133813559841e+01
5.969999999999999751e-01,1.701292750203529636e+01
5.979999999999999760e-01,1.711398392114382361e+01
5.989999999999999769e-01,1.704329125656898469e+01
5.999999999999999778e-01,1.700657363377867171e+01
6.009999999999999787e-01,1.696849087500142517e+01
6.019999999999999796e-01,1.701962233531259017e+01
6.029999999999999805e-01,1.694956742212596268e+01
6.039999999999999813e-01,1.700840183454998567e+01
6.049999999999999822e-01,1.699050822372516123e+01
6.059999999999999831e-01,1.696561797624789492e+01
6.069999999999999840e-01,1.696600037697284691e+01
6.079999999999999849e-01,1.700367079736133036e+01
6.089999999999999858e-01,1.690345718387307272e+01
6.099999999999999867e-01,1.694440407299271456e+01
6.109999999999999876e-01,1.697976478507443687e+01
6.119999999999999885e-01,1.703578007276283302e+01
6.129999999999999893e-01,1.706363196901720869e+01
6.139999999999999902e-01,1.699930446421220154e+01
6.149999999999999911e-01,1.707507440643173524e+01
6.159999999999999920e-01,1.704722818934732231e+01
6.169999999999999929e-01,1.701370413279624927e+01
6.179999999999999938e-01,1.704056631820829537e+01
6.189999999999999947e-01,1.703691009031055614e+01
6.199999999999999956e-01,1.693326291974108599e+01
6.209999999999999964e-01,1.704172397702856756e+01
6.219999999999999973e-01,1.707740536259116837e+01
6.229999999999999982e-01,1.701355602907625553e+01
6.239999999999999991e-01,1.698647833604232105e+01
6.250000000000000000e-01,1.698826448574938297e+01
6.260000000000000009e-01,1.694938561748045913e+01
6.270000000000000018e-01,1.699086584391034904e+01
6.280000000000000027e-01,1.700501392452887117e+01
6.290000000000000036e-01,1.698225859223563461e+01
6.300000000000000044e-01,1.698638663427045969e+01
6.310000000000000053e-01,1.700381266328879803e+01
6.320000000000000062e-01,1.704758304499267041e+01
6.330000000000000071e-01,1.710550161927996271e+01
6.340000000000000080e-01,1.702406105759463628e+01
6.350000000000000089e-01,1.694718194641844278e+01
6.360000000000000098e-01,1.697836464817728697e+01
6.370000000000000107e-01,1.693825805380049232e+01
6.380000000000000115e-01,1.689829791613757592e+01
6.390000000000000124e-01,1.694587529366716439e+01
6.400000000000000133e-01,1.699811365802168694e+01
6.410000000000000142e-01,1.699095402461284010e+01
6.420000000000000151e-01,1.699027448531229467e+01
6.430000000000000160e-01,1.687385610543336512e+01
6.440000000000000169e-01,1.694979747638599576e+01
6.450000000000000178e-01,1.694025413641188393e+01
6.460000000000000187e-01,1.695211851458984853e+01
6.470000000000000195e-01,1.692112468461428776e+01
6.480000000000000204e-01,1.692953829746401340e+01
6.490000000000000213e-01,1.691878626297752675e+01
6.500000000000000222e-01,1.694364188007493865e+01
6.510000000000000231e-01,1.698250293391976484e+01
6.520000000000000240e-01,1.688828583539209660e+01
6.530000000000000249e-01,1.694767926552963289e+01
6.540000000000000258e-01,1.690071933676433957e+01
6.550000000000000266e-01,1.698829359756560820e+01
6.560000000000000275e-01,1.698028186528922490e+01
6.570000000000000284e-01,1.693530636436639725e+01
6.580000000000000293e-01,1.698575350657259975e+01
6.590000000000000302e-01,1.699242193633248021e+01
6.600000000000000311e-01,1.703197970319333976e+01
6.610000000000000320e-01,1.694713846175032756e+01
6.620000000000000329e-01,1.701930750893322397e+01
6.630000000000000338e-01,1.701147375200037359e+01
6.640000000000000346e-01,1.703890392271653198e+01
6.650000000000000355e-01,1.703389613720046469e+01
6.660000000000000364e-01,1.698802121883935712e+01
6.670000000000000373e-01,1.700176675649863256e+01
6.680000000000000382e-01,1.703256787002642625e+01
6.690000000000000391e-01,1.708149130980473274e+01
6.700000000000000400e-01,1.701452394956065817e+01
6.710000000000000409e-01,1.698442465477650742e+01
6.720000000000000417e-01,1.696479498785789986e+01
6.730000000000000426e-01,1.700666588506254229e+01
6.740000000000000435e-01,1.700816760532893568e+01
6.750000000000000444e-01,1.700629793737874351e+01
6.760000000000000453e-01,1.698929202182862497e+01
6.770000000000000462e-01,1.701052429649914188e+01
6.780000000000000471e-01,1.693875792017175286e+01
6.790000000000000480e-01,1.695299574025630562e+01
6.800000000000000488e-01,1.700085121867138938e+01
6.810000000000000497e-01,1.699586331491914848e+01
6.820000000000000506e-01,1.693923532360840056e+01
6.830000000000000515e-01,1.698222745341999840e+01
6.840000000000000524e-01,1.696808721447013468e+01
6.850000000000000533e-01,1.698040476530012910e+01
6.860000000000000542e-01,1.690748967734234043e+01
6.870000000000000551e-01,1.700271386169807997e+01
6.879999999999999449e-01,1.696455784053912907e+01
6.889999999999999458e-01,1.696267457521940969e+01
6.899999999999999467e-01,1.692282943400246253e+01
6.909999999999999476e-01,1.697625740293889862e+01
6.919999999999999485e-01,1.705308950140446456e+01
6.929999999999999494e-01,1.695667160717966127e+01
6.939999999999999503e-01,1.696089368947557929e+01
6.949999999999999512e-01,1.696847560464910387e+01
6.959999999999999520e-01,1.700682708476565352e+01
6.969999999999999529e-01,1.701130417640790071e+01
6.979999999999999538e-01,1.700926374965468924e+01
6.989999999999999547e-01,1.698907425389756298e+01
6.999999999999999556e-01,1.690362894785565473e+01
7.009999999999999565e-01,1.703814449382137752e+01
7.019999999999999574e-01,1.696673463014719019e+01
7.029999999999999583e-01,1.695021243968275826e+01
7.039999999999999591e-01,1.692138297604200758e+01
7.049999999999999600e-01,1.694140717612918579e+01
7.059999999999999609e-01,1.694217244160482494e+01
7.069999999999999618e-01,1.692984570547814016e+01
7.079999999999999627e-01,1.695962213100291294e+01
7.089999999999999636e-01,1.694114650578547909e+01
7.099999999999999645e-01,1.693869913957932383e+01
7.109999999999999654e-01,1.700217268612328070e+01
7.119999999999999662e-01,1.698870249149822698e+01
7.129999999999999671e-01,1.695038858245495561e+01
7.139999999999999680e-01,1.698509554405886490e+01
7.149999999999999689e-01,1.699594043048032432e+01
7.159999999999999698e-01,1.701397722835385551e+01
7.169999999999999707e-01,1.696203342406058212e+01
7.179999999999999716e-01,1.704842814374239524e+01
7.189999999999999725e-01,1.703167008356782475e+01
7.199999999999999734e-01,1.698545091782520799e+01
7.209999999999999742e-01,1.702532806873744775e+01
7.219999999999999751e-01,1.693794713149807762e+01
7.229999999999999760e-01,1.697988759579099494e+01
7.239999999999999769e-01,1.702192339473048577e+01
7.249999999999999778e-01,1.703245843555284011e+01
7.259999999999999787e-01,1.699377082143459461e+01
7.269999999999999796e-01,1.701858987497503506e+01
7.279999999999999805e-01,1.697040216098866949e+01
7.289999999999999813e-01,1.694869621255280379e+01
7.299999999999999822e-01,1.705807136555481307e+01
7.309999999999999831e-01,1.697693023257271960e+01
7.319999999999999840e-01,1.699104838733317280e+01
7.329999999999999849e-01,1.698059100133752608e+01
7.339999999999999858e-01,1.701334162379665216e+01
7.349999999999999867e-01,1.701165657343654658e+01
7.359999999999999876e-01,1.699702805563699570e+01
7.369999999999999885e-01,1.696263416250487310e+01
7.379999999999999893e-01,1.699143804823090065e+01
7.389999999999999902e-01,1.693781281570295150e+01
7.399999999999999911e-01,1.696068777292822105e+01
7.409999999999999920e-01,1.703776298771543551e+01
7.419999999999999929e-01,1.704196840146928693e+01
7.429999999999999938e-01,1.705455092568598729e+01
7.439999999999999947e-01,1.699853211783179319e+01
7.449999999999999956e-01,1.707729373860288291e+01
7.459999999999999964e-01,1.706634228928428954e+01
7.469999999999999973e-01,1.703558415690685734e+01
7.479999999999999982e-01,1.705711110435113298e+01
7.489999999999999991e-01,1.702906519596592361e+01
7.500000000000000000e-01,1.700859116098250112e+01
7.510000000000000009e-01,1.702100220872645764e+01
7.520000000000000018e-01,1.706338598272147422e+01
7.530000000000000027e-01,1.703449460568943508e+01
7.540000000000000036e-01,1.702469516110774705e+01
7.550000000000000044e-01,1.701438462726748568e+01
7.560000000000000053e-01,1.703577420544012000e+01
7.570000000000000062e-01,1.708561873884039883e+01
7.580000000000000071e-01,1.705531788590502273e+01
7.590000000000000080e-01,1.700680327662799129e+01
7.600000000000000089e-01,1.701174613195334828e+01
7.610000000000000098e-01,1.712430131757247409e+01
7.620000000000000107e-01,1.705670742968060694e+01
7.630000000000000115e-01,1.705706206727925078e+01
7.640000000000000124e-01,1.702458516135796174e+01
7.650000000000000133e-01,1.702047596034702082e+01
7.660000000000000142e-01,1.700896698343598246e+01
7.670000000000000151e-01,1.699660328458832126e+01
7.680000000000000160e-01,1.701775380111276803e+01
7.690000000000000169e-01,1.702166666060129430e+01
7.700000000000000178e-01,1.704252905186597999e+01
7.710000000000000187e-01,1.706726180164633888e+01
7.720000000000000195e-01,1.702781288278320559e+01
7.730000000000000204e-01,1.704354042709967132e+01
7.740000000000000213e-01,1.706550156656252071e+01
7.750000000000000222e-01,1.708542535298287390e+01
7.760000000000000231e-01,1.701332653637193459e+01
7.770000000000000240e-01,1.699046414167849051e+01
7.780000000000000249e-01,1.702339050048818336e+01
7.790000000000000258e-01,1.696002134184563204e+01
7.800000000000000266e-01,1.702255378425546439e+01
7.810000000000000275e-01,1.697441695017853647e+01
7.820000000000000284e-01,1.706067512655745588e+01
7.830000000000000293e-01,1.700469534809874617e+01
7.840000000000000302e-01,1.701890919887093645e+01
7.850000000000000311e-01,1.702019862283041718e+01
7.860000000000000320e-01,1.711420160223729425e+01
7.870000000000000329e-01,1.708465329800388233e+01
7.880000000000000338e-01,1.706640340589963145e+01
7.890000000000000346e-01,1.706864121707941706e+01
7.900000000000000355e-01,1.702699845183365568e+01
7.910000000000000364e-01,1.703116238987642816e+01
7.920000000000000373e-01,1.703087523046766449e+01
7.930000000000000382e-01,1.703080530618399990e+01
7.940000000000000391e-01,1.701444024815101130e+01
7.950000000000000400e-01,1.700430343628533336e+01
7.960000000000000409e-01,1.697767212684321336e+01
7.970000000000000417e-01,1.702366197047464880e+01
7.980000000000000426e-01,1.702930139625127026e+01
7.990000000000000435e-01,1.706310017624249298e+01
8.000000000000000444e-01,1.700350094603548001e+01
8.010000000000000453e-01,1.705354512516050747e+01
8.020000000000000462e-01,1.701610534353547166e+01
8.030000000000000471e-01,1.696742113810764607e+01
8.040000000000000480e-01,1.703920880787514491e+01
8.050000000000000488e-01,1.702930143439099453e+01
8.060000000000000497e-01,1.702816923352515488e+01
8.070000000000000506e-01,1.704779568540987356e+01
8.080000000000000515e-01,1.695206232166216509e+01
8.090000000000000524e-01,1.705803988342460542e+01
8.100000000000000533e-01,1.695028282833943933e+01
8.110000000000000542e-01,1.705289934362128079e+01
8.120000000000000551e-01,1.700010593624028132e+01
8.129999999999999449e-01,1.700369370560945370e+01
8.139999999999999458e-01,1.696240327594546216e+01
8.149999999999999467e-01,1.701282918974365899e+01
8.159999999999999476e-01,1.694647567225258200e+01
8.169999999999999485e-01,1.702778928213990639e+01
8.179999999999999494e-01,1.691746442272645368e+01
8.189999999999999503e-01,1.700329568977840466e+01
8.199999999999999512e-01,1.701383462445410188e+01
8.209999999999999520e-01,1.694436255834349936e+01
8.219999999999999529e-01,1.698269543943308690e+01
8.229999999999999538e-01,1.699640239210940251e+01
8.239999999999999547e-01,1.698023301178953659e+01
8.249999999999999556e-01,1.695691726152092826e+01
8.259999999999999565e-01,1.701536181219130128e+01
8.269999999999999574e-01,1.689934789891404066e+01
8.279999999999999583e-01,1.695444374206338267e+01
8.289999999999999591e-01,1.700710984411011140e+01
8.299999999999999600e-01,1.700117311519248275e+01
8.309999999999999609e-01,1.704588671597975136e+01
8.319999999999999618e-01,1.702757550526997221e+01
8.329999999999999627e-01,1.702414049528817230e+01
8.339999999999999636e-01,1.701981628247029121e+01
8.349999999999999645e-01,1.698886979589592627e+01
8.359999999999999654e-01,1.699146914632856920e+01
8.369999999999999662e-01,1.701728293801182446e+01
8.379999999999999671e-01,1.707735899795293122e+01
8.389999999999999680e-01,1.701487153560664467e+01
8.399999999999999689e-01,1.703083985037117642e+01
8.409999999999999698e-01,1.701605767057261787e+01
8.419999999999999707e-01,1.695689386799469389e+01
8.429999999999999716e-01,1.694495884114418516e+01
8.439999999999999725e-01,1.701996374488212993e+01
8.449999999999999734e-01,1.701371417512337914e+01
8.459999999999999742e-01,1.698113713684018933e+01
8.469999999999999751e-01,1.698022727382629782e+01
8.479999999999999760e-01,1.697676467445307580e+01
8.489999999999999769e-01,1.704937414131466511e+01
8.499999999999999778e-01,1.698834014259572456e+01
8.509999999999999787e-01,1.699127439399408601e+01
8.519999999999999796e-01,1.708985684491353396e+01
8.529999999999999805e-01,1.705617422969412544e+01
8.539999999999999813e-01,1.698759995009762847e+01
8.549999999999999822e-01,1.701854142500141265e+01
8.559999999999999831e-01,1.698935404469270694e+01
8.569999999999999840e-01,1.703990592871317489e+01
8.579999999999999849e-01,1.693727344938969992e+01
8.589999999999999858e-01,1.705985540720201854e+01
8.599999999999999867e-01,1.707082607143062702e+01
8.609999999999999876e-01,1.708235090712429383e+01
8.619999999999999885e-01,1.703313070399673990e+01
8.629999999999999893e-01,1.698549135220674344e+01
8.639999999999999902e-01,1.702012799436157309e+01
8.649999999999999911e-01,1.704118488298912482e+01
8.659999999999999920e-01,1.689820478557170347e+01
8.669999999999999929e-01,1.693032882831441555e+01
8.679999999999999938e-01,1.697972967477374695e+01
8.689999999999999947e-01,1.695461487951888202e+01
8.699999999999999956e-01,1.697090957252821042e+01
8.709999999999999964e-01,1.699550953474856740e+01
8.719999999999999973e-01,1.698560746037309244e+01
8.729999999999999982e-01,1.697743074673913455e+01
8.739999999999999991e-01,1.700329544549169114e+01
8.750000000000000000e-01,1.698181825163280223e+01
8.760000000000000009e-01,1.695491948998861886e+01
8.770000000000000018e-01,1.702049645436273551e+01
8.780000000000000027e-01,1.703153610337881574e+01
8.790000000000000036e-01,1.702348363765252515e+01
8.800000000000000044e-01,1.705222157088602231e+01
8.810000000000000053e-01,1.704147898172722364e+01
8.820000000000000062e-01,1.709421590311600170e+01
8.830000000000000071e-01,1.707351772555336211e+01
8.840000000000000080e-01,1.696034061614113497e+01
8.850000000000000089e-01,1.707485113014499234e+01
8.860000000000000098e-01,1.703636914357889864e+01
8.870000000000000107e-01,1.698865505118034491e+01
8.880000000000000115e-01,1.700403512107084225e+01
8.890000000000000124e-01,1.696550788673969734e+01
8.900000000000000133e-01,1.702529287477622688e+01
8.910000000000000142e-01,1.700164946708039793e+01
8.920000000000000151e-01,1.703334223331702901e+01
8.930000000000000160e-01,1.702103137333297411e+01
8.940000000000000169e-01,1.701455701826101574e+01
8.950000000000000178e-01,1.698037724459098641e+01
8.960000000000000187e-01,1.700052286746718622e+01
8.970000000000000195e-01,1.700653384713490723e+01
8.980000000000000204e-01,1.692249190688502480e+01
8.990000000000000213e-01,1.694500064112012438e+01
9.000000000000000222e-01,1.699221340344054809e+01
9.010000000000000231e-01,1.693740464083226271e+01
9.020000000000000240e-01,1.698563789667424828e+01
9.030000000000000249e-01,1.696598595922927188e+01
9.040000000000000258e-01,1.697786250815490661e+01
9.050000000000000266e-01,1.703359033376202447e+01
9.060000000000000275e-01,1.699122001402803406e+01
9.070000000000000284e-01,1.694295536113281031e+01
9.080000000000000293e-01,1.705307862488679405e+01
9.090000000000000302e-01,1.705758198773942169e+01
9.100000000000000311e-01,1.701264300302046095e+01
9.110000000000000320e-01,1.703880495196024114e+01
9.120000000000000329e-01,1.697190683257436206e+01
9.130000000000000338e-01,1.697078003444192618e+01
9.140000000000000346e-01,1.705723543213452231e+01
9.150000000000000355e-01,1.700487955078520130e+01
9.160000000000000364e-01,1.694878359087150699e+01
9.170000000000000373e-01,1.699448789823104633e+01
9.180000000000000382e-01,1.694337747732869559e+01
9.190000000000000391e-01,1.699651093162713167e+01
9.200000000000000400e-01,1.695490854269130665e+01
9.210000000000000409e-01,1.692997049358761785e+01
9.220000000000000417e-01,1.700796035702769871e+01
9.230000000000000426e-01,1.696072845736468082e+01
9.240000000000000435e-01,1.695345402625562770e+01
9.250000000000000444e-01,1.695481733814283132e+01
9.260000000000000453e-01,1.697615731112920656e+01
9.270000000000000462e-01,1.697210909508625676e+01
9.280000000000000471e-01,1.699238523165420034e+01
9.290000000000000480e-01,1.700076138558462802e+01
9.300000000000000488e-01,1.698422604972187600e+01
9.310000000000000497e-01,1.703235002547386046e+01
9.320000000000000506e-01,1.704149284651358798e+01
9.330000000000000515e-01,1.697624641292857461e+01
9.340000000000000524e-01,1.701010076676956828e+01
9.350000000000000533e-01,1.698512463440866682e+01
9.360000000000000542e-01,1.696637756495569249e+01
9.370000000000000551e-01,1.693179378383987910e+01
9.379999999999999449e-01,1.695780277459437002e+01
9.389999999999999458e-01,1.694366217332822089e+01
9.399999999999999467e-01,1.697884086881749610e+01
9.409999999999999476e-01,1.697678478631409504e+01
9.419999999999999485e-01,1.696659440748301506e+01
9.429999999999999494e-01,1.693892145716035103e+01
9.439999999999999503e-01,1.700421186963371767e+01
9.449999999999999512e-01,1.696548211035424103e+01
9.459999999999999520e-01,1.693627671093199538e+01
9.469999999999999529e-01,1.696097493400374390e+01
9.479999999999999538e-01,1.702629144454019183e+01
9.489999999999999547e-01,1.700027952968919820e+01
9.499999999999999556e-01,1.693701181271742229e+01
9.509999999999999565e-01,1.695645464905220479e+01
9.519999999999999574e-01,1.693770641953435785e+01
9.529999999999999583e-01,1.698515475487567628e+01
9.539999999999999591e-01,1.703851211068231919e+01
9.549999999999999600e-01,1.697801100212479497e+01
9.559999999999999609e-01,1.696192306978542064e+01
9.569999999999999618e-01,1.699505167753203949e+01
9.579999999999999627e-01,1.699380829012455152e+01
9.589999999999999636e-01,1.701774500003655533e+01
9.599999999999999645e-01,1.700057194326567611e+01
9.609999999999999654e-01,1.694151095223011794e+01
9.619999999999999662e-01,1.699172016617066561e+01
9.629999999999999671e-01,1.699357917982288413e+01
9.639999999999999680e-01,1.704349953642435267e+01
9.649999999999999689e-01,1.698998708784675671e+01
9.659999999999999698e-01,1.704456787622393676e+01
9.669999999999999707e-01,1.705394519861690128e+01
9.679999999999999716e-01,1.697300693609746958e+01
9.689999999999999725e-01,1.697413762098241108e+01
9.699999999999999734e-01,1.700713814377380473e+01
9.709999999999999742e-01,1.701569098091013288e+01
9.719999999999999751e-01,1.701214609862935134e+01
9.729999999999999760e-01,1.699861948132672396e+01
9.739999999999999769e-01,1.698889834914161412e+01
9.749999999999999778e-01,1.700301185073321975e+01
9.759999999999999787e-01,1.697160000729939000e+01
9.769999999999999796e-01,1.704094000558565369e+01
9.779999999999999805e-01,1.709409846416040679e+01
9.789999999999999813e-01,1.700488916964879849e+01
9.799999999999999822e-01,1.703402934273048430e+01
9.809999999999999831e-01,1.692471124722019127e+01
9.819999999999999840e-01,1.697205394660954170e+01
9.829999999999999849e-01,1.701560968338821667e+01
9.839999999999999858e-01,1.698869070918775037e+01
9.849999999999999867e-01,1.704940494257752448e+01
9.859999999999999876e-01,1.698382412769704786e+01
9.869999999999999885e-01,1.696894502119204873e+01
9.879999999999999893e-01,1.702129786438469594e+01
9.889999999999999902e-01,1.700925432409250249e+01
9.899999999999999911e-01,1.698446878558474538e+01
9.909999999999999920e-01,1.701080058890661562e+01
9.919999999999999929e-01,1.690858838695234923e+01
9.929999999999999938e-01,1.705158037229639945e+01
9.939999999999999947e-01,1.690330695509551973e+01
9.949999999999999956e-01,1.694716934408263853e+01
9.959999999999999964e-01,1.697556577604547101e+01
9.969999999999999973e-01,1.698285461351621350e+01
9.979999999999999982e-01,1.691752080243649559e+01
9.989999999999999991e-01,1.695176811004270689e+01
1.000000000000000000e+00,1.696993260110786750e+01
1.000999999999999890e+00,1.694742623977595031e+01
1.002000000000000002e+00,1.692114978053190910e+01
1.002999999999999892e+00,1.692706015229688532e+01
1.004000000000000004e+00,1.692554820897229462e+01
1.004999999999999893e+00,1.696425946535779872e+01
1.006000000000000005e+00,1.689941771075281451e+01
1.006999999999999895e+00,1.693298961931776603e+01
1.008000000000000007e+00,1.690800694837752260e+01
1.008999999999999897e+00,1.699203514155583150e+01
1.010000000000000009e+00,1.684705155020293432e+01
1.010999999999999899e+00,1.692170051255801155e+01
1.012000000000000011e+00,1.688378472276071562e+01
1.012999999999999901e+00,1.697574469399187791e+01
1.014000000000000012e+00,1.691078485196780434e+01
1.014999999999999902e+00,1.697373868333918878e+01
1.016000000000000014e+00,1.690954196719811264e+01
1.016999999999999904e+00,1.686148019313299784e+01
1.018000000000000016e+00,1.695311138727820222e+01
1.018999999999999906e+00,1.687732702017060049e+01
1.020000000000000018e+00,1.692257564245447199e+01
1.020999999999999908e+00,1.692915814062465074e+01
1.022000000000000020e+00,1.691278227519650201e+01
1.022999999999999909e+00,1.689173025470750034e+01
1.024000000000000021e+00,1.689634563250294619e+01
1.024999999999999911e+00,1.699006206292013843e+01
1.026000000000000023e+00,1.701830065399302327e+01
1.026999999999999913e+00,1.694602922024510860e+01
1.028000000000000025e+00,1.700178730251033699e+01
1.028999999999999915e+00,1.694056077243932634e+01
1.030000000000000027e+00,1.698373971283972850e+01
1.030999999999999917e+00,1.699321676060955610e+01
1.032000000000000028e+00,1.704865775680327289e+01
1.032999999999999918e+00,1.692912109509402541e+01
1.034000000000000030e+00,1.700486536765442480e+01
1.034999999999999920e+00,1.696817910709485133e+01
1.036000000000000032e+00,1.698727912822722530e+01
1.036999999999999922e+00,1.702740601547904831e+01
1.038000000000000034e+00,1.690666899226497222e+01
1.038999999999999924e+00,1.692251720731265507e+01
1.040000000000000036e+00,1.697085448573589517e+01
1.040999999999999925e+00,1.703822569774258611e+01
1.042000000000000037e+00,1.697451652261651489e+01
1.042999999999999927e+00,1.700572774655104880e+01
1.044000000000000039e+00,1.692859352943666451e+01
1.044999999999999929e+00,1.699916958513572496e+01
1.046000000000000041e+00,1.695432616312978169e+01
1.046999999999999931e+00,1.701059431638447350e+01
1.048000000000000043e+00,1.694896952850571381e+01
1.048999999999999932e+00,1.699224237076658994e+01
1.050000000000000044e+00,1.703550481428815289e+01
1.050999999999999934e+00,1.696555937962752481e+01
1.052000000000000046e+00,1.701514995537104369e+01
1.052999999999999936e+00,1.700035538366670806e+01
1.054000000000000048e+00,1.691792468963742735e+01
1.054999999999999938e+00,1.704833103325614374e+01
1.056000000000000050e+00,1.697046468719251777e+01
1.056999999999999940e+00,1.694612129132077882e+01
1.058000000000000052e+00,1.698211375726399552e+01
1.058999999999999941e+00,1.698314407594688902e+01
1.060000000000000053e+00,1.699524682046305557e+01
1.060999999999999943e+00,1.703589779877269095e+01
1.062000000000000055e+00,1.704711177074921835e+01
1.062999999999999945e+00,1.695513861411652101e+01
1.064000000000000057e+00,1.697182506013203351e+01
1.064999999999999947e+00,1.689783871125957759e+01
1.066000000000000059e+00,1.693353445908061872e+01
1.066999999999999948e+00,1.694812999555484012e+01
1.068000000000000060e+00,1.690816752743365114e+01
1.068999999999999950e+00,1.693870431998486836e+01
1.070000000000000062e+00,1.691560408509193891e+01
1.070999999999999952e+00,1.696514993830038165e+01
1.072000000000000064e+00,1.688963609803976951e+01
1.072999999999999954e+00,1.693057631522740891e+01
1.074000000000000066e+00,1.693340213237228298e+01
1.074999999999999956e+00,1.687451650512816315e+01
1.076000000000000068e+00,1.684383627077601275e+01
1.076999999999999957e+00,1.686519975177369446e+01
1.078000000000000069e+00,1.699109276221832587e+01
1.078999999999999959e+00,1.696102764137262398e+01
1.080000000000000071e+00,1.701127092127565987e+01
1.080999999999999961e+00,1.704427308408912722e+01
1.082000000000000073e+00,1.697306972047512730e+01
1.082999999999999963e+00,1.696503420370769533e+01
1.084000000000000075e+00,1.699433685771229818e+01
1.084999999999999964e+00,1.693376618521520172e+01
1.086000000000000076e+00,1.694770281224732145e+01
1.086999999999999966e+00,1.693986065623798964e+01
1.088000000000000078e+00,1.698699193123891504e+01
1.088999999999999968e+00,1.694060018602718998e+01
1.090000000000000080e+00,1.692976792605464453e+01
1.090999999999999970e+00,1.692545929992031972e+01
1.092000000000000082e+00,1.686697206539436067e+01
1.092999999999999972e+00,1.693008301192299569e+01
1.094000000000000083e+00,1.698723526222412872e+01
1.094999999999999973e+00,1.697689189948575006e+01
1.096000000000000085e+00,1.704701454578774289e+01
1.096999999999999975e+00,1.705888268233059790e+01
1.098000000000000087e+00,1.695100757543326253e+01
1.098999999999999977e+00,1.697139921267181251e+01
1.100000000000000089e+00,1.700285809022685513e+01
1.100999999999999979e+00,1.698681869642469167e+01
1.102000000000000091e+00,1.704099235614764396e+01
1.102999999999999980e+00,1.699690733266815812e+01
1.104000000000000092e+00,1.703543462053767854e+01
1.104999999999999982e+00,1.706073333422603611e+01
1.106000000000000094e+00,1.701391751454605128e+01
1.106999999999999984e+00,1.700101231996560358e+01
1.108000000000000096e+00,1.706882535550711566e+01
1.108999999999999986e+00,1.704325931919744619e+01
1.110000000000000098e+00,1.701205489623418288e+01
1.110999999999999988e+00,1.701682914144734582e+01
1.112000000000000099e+00,1.702605909848281840e+01
1.112999999999999989e+00,1.703624060478252034e+01
1.114000000000000101e+00,1.702776581259424660e+01
1.114999999999999991e+00,1.700457766844082386e+01
1.116000000000000103e+00,1.701135541421963993e+01
1.116999999999999993e+00,1.697251910500763472e+01
1.118000000000000105e+00,1.700384768095124954e+01
1.118999999999999995e+00,1.705184659017096749e+01
1.120000000000000107e+00,1.703103633292597152e+01
1.120999999999999996e+00,1.696571098209641448e+01
1.122000000000000108e+00,1.698858896783715622e+01
1.122999999999999998e+00,1.698107160085488587e+01
1.124000000000000110e+00,1.697901498383836127e+01
1.125000000000000000e+00,1.694296097411639934e+01
1.125999999999999890e+00,1.699790930157099211e+01
1.127000000000000002e+00,1.692380444324732025e+01
1.127999999999999892e+00,1.696308656878972343e+01
1.129000000000000004e+00,1.696092379651442172e+01
1.129999999999999893e+00,1.695579094844219625e+01
1.131000000000000005e+00,1.700386959313336988e+01
1.131999999999999895e+00,1.700329165254893837e+01
1.133000000000000007e+00,1.699916332498858651e+01
1.133999999999999897e+00,1.699268477448298853e+01
1.135000000000000009e+00,1.696008753194815100e+01
1.135999999999999899e+00,1.702049719741434330e+01
1.137000000000000011e+00,1.698862510889366817e+01
1.137999999999999901e+00,1.694488744719483719e+01
1.139000000000000012e+00,1.694098461767820396e+01
1.139999999999999902e+00,1.695676283767007675e+01
1.141000000000000014e+00,1.692382632172346746e+01
1.141999999999999904e+00,1.694818548313729423e+01
1.143000000000000016e+00,1.696429103565599306e+01
1.143999999999999906e+00,1.704506956388974004e+01
1.145000000000000018e+00,1.701153383782468964e+01
1.145999999999999908e+00,1.701505570857267102e+01
1.147000000000000020e+00,1.694726514756050051e+01
1.147999999999999909e+00,1.698297028195939617e+01
1.149000000000000021e+00,1.706631667898451354e+01
1.149999999999999911e+00,1.698381647157263785e+01
1.151000000000000023e+00,1.695266142453651526e+01
1.151999999999999913e+00,1.698738659073092450e+01
1.153000000000000025e+00,1.697959298936763162e+01
1.153999999999999915e+00,1.693067795137871911e+01
1.155000000000000027e+00,1.699378963688645428e+01
1.155999999999999917e+00,1.698208021615758767e+01
1.157000000000000028e+00,1.693833587574838617e+01
1.157999999999999918e+00,1.696943216137889365e+01
1.159000000000000030e+00,1.700658724225215224e+01
1.159999999999999920e+00,1.705681953264742390e+01
1.161000000000000032e+00,1.693820510195801177e+01
1.161999999999999922e+00,1.696771223887858326e+01
1.163000000000000034e+00,1.695678419665808434e+01
1.163999999999999924e+00,1.701029324233335771e+01
1.165000000000000036e+00,1.702626971624431818e+01
1.165999999999999925e+00,1.703251492555923008e+01
1.167000000000000037e+00,1.705115404420323344e+01
1.167999999999999927e+00,1.699613759505309574e+01
1.169000000000000039e+00,1.696649927006990666e+01
1.169999999999999929e+00,1.696646212890056660e+01
1.171000000000000041e+00,1.707828400186780371e+01
1.171999999999999931e+00,1.697273293599230470e+01
1.173000000000000043e+00,1.702805968674642401e+01
1.173999999999999932e+00,1.707887003164347917e+01
1.175000000000000044e+00,1.707811486786992461e+01
1.175999999999999934e+00,1.701698527845217157e+01
1.177000000000000046e+00,1.708020671739383545e+01
1.177999999999999936e+00,1.700582582712501534e+01
1.179000000000000048e+00,1.700578390454823108e+01
1.179999999999999938e+00,1.701306694271045927e+01
1.181000000000000050e+00,1.706195196688404536e+01
1.181999999999999940e+00,1.701955872321456553e+01
1.183000000000000052e+00,1.699771271927127003e+01
1.183999999999999941e+00,1.707069799720197878e+01
1.185000000000000053e+00,1.705496741272710182e+01
1.185999999999999943e+00,1.700393769115475706e+01
1.187000000000000055e+00,1.701122597440246409e+01
1.187999999999999945e+00,1.694620321786533168e+01
1.189000000000000057e+00,1.696237531015724542e+01
1.189999999999999947e+00,1.702596267338997649e+01
1.191000000000000059e+00,1.703313813736671278e+01
1.191999999999999948e+00,1.700334513474120257e+01
1.193000000000000060e+00,1.701467379608180508e+01
1.193999999999999950e+00,1.693145191220776979e+01
1.195000000000000062e+00,1.691575486700370590e+01
1.195999999999999952e+00,1.698342187314344898e+01
1.197000000000000064e+00,1.698584151889049210e+01
1.197999999999999954e+00,1.701324981200998820e+01
1.199000000000000066e+00,1.689930445373594736e+01
1.199999999999999956e+00,1.698310524343929728e+01
1.201000000000000068e+00,1.698896695850165983e+01
1.201999999999999957e+00,1.703422019689097056e+01
1.203000000000000069e+00,1.691437504689362470e+01
1.203999999999999959e+00,1.700772322153730443e+01
1.205000000000000071e+00,1.702752899001134423e+01
1.205999999999999961e+00,1.700085306468800539e+01
1.207000000000000073e+00,1.694273087231158570e+01
1.207999999999999963e+00,1.695687652299084647e+01
1.209000000000000075e+00,1.692382883330247267e+01
1.209999999999999964e+00,1.699512700884853444e+01
1.211000000000000076e+00,1.699518827286161127e+01
1.211999999999999966e+00,1.699016807769598358e+01
1.213000000000000078e+00,1.702836252139807627e+01
1.213999999999999968e+00,1.697288607970471475e+01
1.215000000000000080e+00,1.706567228936395253e+01
1.215999999999999970e+00,1.705501310600782716e+01
1.217000000000000082e+00,1.696930284492156105e+01
1.217999999999999972e+00,1.699423470111592138e+01
1.219000000000000083e+00,1.701528685699500087e+01
1.219999999999999973e+00,1.702532859089569328e+01
1.221000000000000085e+00,1.698290830805704132e+01
1.221999999999999975e+00,1.703042229954787956e+01
1.223000000000000087e+00,1.700705709049450221e+01
1.223999999999999977e+00,1.699054044540336506e+01
1.225000000000000089e+00,1.695175560562505979e+01
1.225999999999999979e+00,1.690167319505552257e+01
1.227000000000000091e+00,1.696877761822823061e+01
1.227999999999999980e+00,1.696092587223031600e+01
1.229000000000000092e+00,1.690118224972600558e+01
1.229999999999999982e+00,1.697164713455864771e+01
1.231000000000000094e+00,1.696899992802706336e+01
1.231999999999999984e+00,1.697913922914470675e+01
1.233000000000000096e+00,1.699823358595550005e+01
1.233999999999999986e+00,1.705761377668108736e+01
1.235000000000000098e+00,1.701209626606705427e+01
1.235999999999999988e+00,1.699877570931799298e+01
1.237000000000000099e+00,1.700250318188707510e+01
1.237999999999999989e+00,1.703477800897897154e+01
1.239000000000000101e+00,1.696765809068293152e+01
1.239999999999999991e+00,1.696055344674779519e+01
1.241000000000000103e+00,1.698723787713353062e+01
1.241999999999999993e+00,1.694479664171177191e+01
1.243000000000000105e+00,1.696950890884331287e+01
1.243999999999999995e+00,1.699015757872486176e+01
1.245000000000000107e+00,1.691953450271227055e+01
1.245999999999999996e+00,1.703543089914511555e+01
1.247000000000000108e+00,1.698860355929795318e+01
1.247999999999999998e+00,1.701290800708638784e+01
1.249000000000000110e+00,1.705743555171056514e+01
1.250000000000000000e+00,1.700748118954478372e+01
1.250999999999999890e+00,1.693891371789721489e+01
1.252000000000000002e+00,1.701111053012891716e+01
1.252999999999999892e+00,1.702996288997855956e+01
1.254000000000000004e+00,1.706024950805535312e+01
1.254999999999999893e+00,1.695624348048082553e+01
1.256000000000000005e+00,1.695955588099863220e+01
1.256999999999999895e+00,1.707434835146510110e+01
1.258000000000000007e+00,1.701829534802804389e+01
1.258999999999999897e+00,1.701621348597841177e+01
1.260000000000000009e+00,1.700320356651034359e+01
1.260999999999999899e+00,1.699874688580413107e+01
1.262000000000000011e+00,1.702113191447083196e+01
1.262999999999999901e+00,1.702115046607968551e+01
1.264000000000000012e+00,1.700157339636956877e+01
1.264999999999999902e+00,1.695468683501031393e+01
1.266000000000000014e+00,1.695376952442461871e+01
1.266999999999999904e+00,1.701518653238111511e+01
1.268000000000000016e+00,1.697370621606612673e+01
1.268999999999999906e+00,1.696053968588856975e+01
1.270000000000000018e+00,1.697398413490478220e+01
1.270999999999999908e+00,1.700753986149987895e+01
1.272000000000000020e+00,1.697388458055128524e+01
1.272999999999999909e+00,1.703032316209485586e+01
1.274000000000000021e+00,1.703318054641211887e+01
1.274999999999999911e+00,1.699803487395316637e+01
1.276000000000000023e+00,1.698175252871557817e+01
1.276999999999999913e+00,1.697229436444445838e+01
1.278000000000000025e+00,1.699272717447448500e+01
1.278999999999999915e+00,1.699475827623891178e+01
1.280000000000000027e+00,1.704134023419648258e+01
1.280999999999999917e+00,1.697181193039042668e+01
1.282000000000000028e+00,1.695700554878709454e+01
1.282999999999999918e+00,1.700271615694448712e+01
1.284000000000000030e+00,1.699910533039899718e+01
1.284999999999999920e+00,1.695269209796017051e+01
1.286000000000000032e+00,1.699727822135754707e+01
1.286999999999999922e+00,1.701698856964895512e+01
1.288000000000000034e+00,1.701233344128535663e+01
1.288999999999999924e+00,1.702308393685370547e+01
1.290000000000000036e+00,1.700785636940901568e+01
1.290999999999999925e+00,1.696462353674176882e+01
1.292000000000000037e+00,1.696566377716457907e+01
1.292999999999999927e+00,1.699144647785919915e+01
1.294000000000000039e+00,1.690854758578853279e+01
1.294999999999999929e+00,1.699997095721209561e+01
1.296000000000000041e+00,1.695220951360438377e+01
1.296999999999999931e+00,1.695237936175789173e+01
1.298000000000000043e+00,1.698253555367086420e+01
1.298999999999999932e+00,1.706568010270031266e+01
1.300000000000000044e+00,1.700454953891509291e+01
1.300999999999999934e+00,1.696652340948441662e+01
1.302000000000000046e+00,1.691869175444406892e+01
1.302999999999999936e+00,1.690665330888367990e+01
1.304000000000000048e+00,1.700276443235311419e+01
1.304999999999999938e+00,1.694442652964276164e+01
1.306000000000000050e+00,1.703133740876367597e+01
1.306999999999999940e+00,1.696490763163842885e+01
1.308000000000000052e+00,1.700930809163024904e+01
1.308999999999999941e+00,1.699924206790871750e+01
1.310000000000000053e+00,1.706605903275282898e+01
1.310999999999999943e+00,1.706869175246588455e+01
1.312000000000000055e+00,1.699775101839068014e+01
1.312999999999999945e+00,1.696296717568099766e+01
1.314000000000000057e+00,1.705828041253119665e+01
1.314999999999999947e+00,1.698990329034935698e+01
1.316000000000000059e+00,1.703651714367871506e+01
1.316999999999999948e+00,1.707508679730385026e+01
1.318000000000000060e+00,1.700373543270626087e+01
1.318999999999999950e+00,1.696051170910964601e+01
1.320000000000000062e+00,1.703613121863812907e+01
1.320999999999999952e+00,1.708381011517873205e+01
1.322000000000000064e+00,1.704373143389244660e+01
1.322999999999999954e+00,1.705182276586766932e+01
1.324000000000000066e+00,1.694702486064663205e+01
1.324999999999999956e+00,1.704286589816533848e+01
1.326000000000000068e+00,1.704173089277802333e+01
1.326999999999999957e+00,1.708505302507136392e+01
1.328000000000000069e+00,1.704759447679268902e+01
1.328999999999999959e+00,1.703460471758819494e+01
1.330000000000000071e+00,1.705576024308209071e+01
1.330999999999999961e+00,1.707449240283035863e+01
1.332000000000000073e+00,1.697795387716833204e+01
1.332999999999999963e+00,1.702076027999063257e+01
1.334000000000000075e+00,1.699338116073671046e+01
1.334999999999999964e+00,1.695968919481533987e+01
1.336000000000000076e+00,1.703200005481794577e+01
1.336999999999999966e+00,1.702999272466097480e+01
1.338000000000000078e+00,1.704908273055662704e+01
1.338999999999999968e+00,1.710311585779756527e+01
1.340000000000000080e+00,1.707506758147176384e+01
1.340999999999999970e+00,1.704430690394613990e+01
1.342000000000000082e+00,1.706690420643631967e+01
1.342999999999999972e+00,1.707053824728081892e+01
1.344000000000000083e+00,1.704073878563224298e+01
1.344999999999999973e+00,1.701626829080526448e+01
1.346000000000000085e+00,1.699073765522547319e+01
1.346999999999999975e+00,1.700621921322940011e+01
1.348000000000000087e+00,1.703621503835116968e+01
1.348999999999999977e+00,1.700044184083423815e+01
1.350000000000000089e+00,1.701227546215750408e+01
1.350999999999999979e+00,1.706192405039676885e+01
1.352000000000000091e+00,1.705984445448190456e+01
1.352999999999999980e+00,1.708032184008438392e+01
1.354000000000000092e+00,1.705971568842682018e+01
1.354999999999999982e+00,1.708229977310356773e+01
1.356000000000000094e+00,1.707221630204486829e+01
1.356999999999999984e+00,1.705230423869028300e+01
1.358000000000000096e+00,1.709875477536205324e+01
1.358999999999999986e+00,1.703025395743797787e+01
1.360000000000000098e+00,1.706699226368147038e+01
1.360999999999999988e+00,1.700069269130725047e+01
1.362000000000000099e+00,1.707621815919050334e+01
1.362999999999999989e+00,1.704686142868695953e+01
1.364000000000000101e+00,1.702865305289725484e+01
1.364999999999999991e+00,1.697455323764580015e+01
1.366000000000000103e+00,1.703168591415776589e+01
1.366999999999999993e+00,1.706546036609267958e+01
1.368000000000000105e+00,1.704987218153469897e+01
1.368999999999999995e+00,1.709047675190795346e+01
1.370000000000000107e+00,1.704512110750991027e+01
1.370999999999999996e+00,1.702214819720612837e+01
1.372000000000000108e+00,1.702744041741913250e+01
1.372999999999999998e+00,1.698918460341328895e+01
1.374000000000000110e+00,1.703495740012049708e+01
1.375000000000000000e+00,1.709448426912666008e+01
1.375999999999999890e+00,1.704135773633251105e+01
1.377000000000000002e+00,1.701507391423052340e+01
1.377999999999999892e+00,1.703447896329083378e+01
1.379000000000000004e+00,1.700438669219498422e+01
1.379999999999999893e+00,1.694021905707938913e+01
1.381000000000000005e+00,1.688839357827530563e+01
1.381999999999999895e+00,1.699661733139469888e+01
1.383000000000000007e+00,1.694914006403244144e+01
1.383999999999999897e+00,1.699617633240904269e+01
1.385000000000000009e+00,1.699085303711686734e+01
1.385999999999999899e+00,1.701796050094965906e+01
1.387000000000000011e+00,1.694982830523155215e+01
1.387999999999999901e+00,1.698309502390345926e+01
1.389000000000000012e+00,1.699647279605080641e+01
1.389999999999999902e+00,1.701523221147724385e+01
1.391000000000000014e+00,1.701461487955310403e+01
1.391999999999999904e+00,1.698826555564734164e+01
1.393000000000000016e+00,1.696460334037664097e+01
1.393999999999999906e+00,1.690989334571877123e+01
1.395000000000000018e+00,1.699763668190113108e+01
1.395999999999999908e+00,1.696013411416818073e+01
1.397000000000000020e+00,1.701626254226113488e+01
1.397999999999999909e+00,1.692417462434023179e+01
1.399000000000000021e+00,1.700609473005916072e+01
1.399999999999999911e+00,1.700569683370715879e+01
1.401000000000000023e+00,1.705836430991441688e+01
1.401999999999999913e+00,1.699718716709209687e+01
1.403000000000000025e+00,1.705826611268022219e+01
1.403999999999999915e+00,1.693750571635691671e+01
1.405000000000000027e+00,1.696689537214334109e+01
1.405999999999999917e+00,1.701254388980203558e+01
1.407000000000000028e+00,1.698668079491089600e+01
1.407999999999999918e+00,1.692810197845153652e+01
1.409000000000000030e+00,1.704197474773115317e+01
1.409999999999999920e+00,1.701485602236764194e+01
1.411000000000000032e+00,1.694433914698443999e+01
1.411999999999999922e+00,1.699108243892106529e+01
1.413000000000000034e+00,1.694927314906644966e+01
1.413999999999999924e+00,1.697662008985288651e+01
1.415000000000000036e+00,1.698785539112772724e+01
1.415999999999999925e+00,1.699388567798989769e+01
1.417000000000000037e+00,1.705417120084167593e+01
1.417999999999999927e+00,1.698891191327997774e+01
1.419000000000000039e+00,1.700003077558352516e+01
1.419999999999999929e+00,1.695741125505440650e+01
1.421000000000000041e+00,1.697178273643822166e+01
1.421999999999999931e+00,1.700626603108171153e+01
1.423000000000000043e+00,1.695821824101918551e+01
1.423999999999999932e+00,1.702631057997475850e+01
1.425000000000000044e+00,1.697691647020464245e+01
1.425999999999999934e+00,1.699373234517320341e+01
1.427000000000000046e+00,1.701568049506391489e+01
1.427999999999999936e+00,1.704275710962583545e+01
1.429000000000000048e+00,1.699897480393490312e+01
1.429999999999999938e+00,1.697462942947637288e+01
1.431000000000000050e+00,1.697374449447294964e+01
1.431999999999999940e+00,1.700304511069560576e+01
1.433000000000000052e+00,1.695537216534901503e+01
1.433999999999999941e+00,1.702029624968537291e+01
1.435000000000000053e+00,1.698798725712266133e+01
1.435999999999999943e+00,1.700438982637457386e+01
1.437000000000000055e+00,1.698229682451825795e+01
1.437999999999999945e+00,1.700322959517663435e+01
1.439000000000000057e+00,1.703178016899726899e+01
1.439999999999999947e+00,1.701922314568631123e+01
1.441000000000000059e+00,1.696024291390984118e+01
1.441999999999999948e+00,1.699866040233284892e+01
1.443000000000000060e+00,1.701871589762014381e+01
1.443999999999999950e+00,1.701644959326434048e+01
1.445000000000000062e+00,1.700394811065503475e+01
1.445999999999999952e+00,1.697921757087804551e+01
1.447000000000000064e+00,1.701557088478966051e+01
1.447999999999999954e+00,1.690651033401575631e+01
1.449000000000000066e+00,1.701180414738625046e+01
1.449999999999999956e+00,1.695742849564825860e+01
1.451000000000000068e+00,1.702141605563514304e+01
1.451999999999999957e+00,1.692552295872886248e+01
1.453000000000000069e+00,1.703724419451287631e+01
1.453999999999999959e+00,1.692427827686852027e+01
1.455000000000000071e+00,1.701173729374201216e+01
1.455999999999999961e+00,1.691812571714204694e+01
1.457000000000000073e+00,1.705613493983560147e+01
1.457999999999999963e+00,1.704481869635601399e+01
1.459000000000000075e+00,1.697907167038901832e+01
1.459999999999999964e+00,1.699390154224336058e+01
1.461000000000000076e+00,1.702244122509721436e+01
1.461999999999999966e+00,1.700548337987414627e+01
1.463000000000000078e+00,1.702888732496139212e+01
1.463999999999999968e+00,1.703942184073981281e+01
1.465000000000000080e+00,1.701947114726988985e+01
1.465999999999999970e+00,1.703073008255049459e+01
1.467000000000000082e+00,1.703993680392049725e+01
1.467999999999999972e+00,1.709592186914129641e+01
1.469000000000000083e+00,1.705303623613551878e+01
1.469999999999999973e+00,1.703491956767160787e+01
1.471000000000000085e+00,1.702975048749802056e+01
1.471999999999999975e+00,1.703440115529262400e+01
1.473000000000000087e+00,1.702751549429617484e+01
1.473999999999999977e+00,1.709794685121425317e+01
1.475000000000000089e+00,1.705353825077752106e+01
1.475999999999999979e+00,1.699507742474519389e+01
1.477000000000000091e+00,1.701982812797135125e+01
1.477999999999999980e+00,1.705235823340443346e+01
1.479000000000000092e+00,1.703511110996288735e+01
1.479999999999999982e+00,1.703034554470575301e+01
1.481000000000000094e+00,1.696913785178837131e+01
1.481999999999999984e+00,1.701388241353072672e+01
1.483000000000000096e+00,1.696059971523013843e+01
1.483999999999999986e+00,1.699005889860924867e+01
1.485000000000000098e+00,1.703632377758050609e+01
1.485999999999999988e+00,1.696810523358858802e+01
1.487000000000000099e+00,1.701268262075160109e+01
1.487999999999999989e+00,1.708470359326886978e+01
1.489000000000000101e+00,1.705105529899186223e+01
1.489999999999999991e+00,1.693632215492094772e+01
1.491000000000000103e+00,1.697749754031634950e+01
1.491999999999999993e+00,1.702094114007513781e+01
1.493000000000000105e+00,1.697428953996116974e+01
1.493999999999999995e+00,1.700311886431971686e+01
1.495000000000000107e+00,1.706166276856871633e+01
1.495999999999999996e+00,1.698270808476357630e+01
1.497000000000000108e+00,1.707465669535202935e+01
1.497999999999999998e+00,1.703370173742904115e+01
1.499000000000000110e+00,1.700268572443213699e+01
1.500000000000000000e+00,1.698991519089460311e+01
1.500999999999999890e+00,1.695080256658787121e+01
1.502000000000000002e+00,1.699036101913272034e+01
1.502999999999999892e+00,1.697995365966846393e+01
1.504000000000000004e+00,1.694216986709356831e+01
1.504999999999999893e+00,1.694503881828409320e+01
1.506000000000000005e+00,1.700997391922919633e+01
1.506999999999999895e+00,1.700130533168633207e+01
1.508000000000000007e+00,1.696394423340087698e+01
1.508999999999999897e+00,1.709710759648557143e+01
1.510000000000000009e+00,1.694783853521660077e+01
1.510999999999999899e+00,1.698987676261836199e+01
1.512000000000000011e+00,1.699549935596487060e+01
1.512999999999999901e+00,1.701435731167445198e+01
1.514000000000000012e+00,1.699653285948671311e+01
1.514999999999999902e+00,1.701103453116864372e+01
1.516000000000000014e+00,1.701909103129541379e+01
1.516999999999999904e+00,1.697882418497597001e+01
1.518000000000000016e+00,1.705218832246903915e+01
1.518999999999999906e+00,1.700503996107039129e+01
1.520000000000000018e+00,1.702397102891512759e+01
1.520999999999999908e+00,1.696576358790304084e+01
1.522000000000000020e+00,1.702076665214830342e+01
1.522999999999999909e+00,1.698186394234500085e+01
1.524000000000000021e+00,1.700487163873682306e+01
1.524999999999999911e+00,1.703063210030427044e+01
1.526000000000000023e+00,1.702748608035881617e+01
1.526999999999999913e+00,1.703571205753306117e+01
1.528000000000000025e+00,1.705334216075523557e+01
1.528999999999999915e+00,1.698474169360748931e+01
1.530000000000000027e+00,1.700547164008033718e+01
1.530999999999999917e+00,1.696441460813931457e+01
1.532000000000000028e+00,1.698041355181863921e+01
1.532999999999999918e+00,1.694713821208821614e+01
1.534000000000000030e+00,1.703524546215448154e+01
1.534999999999999920e+00,1.698608030385155132e+01
1.536000000000000032e+00,1.698839810354947488e+01
1.536999999999999922e+00,1.700521684195896199e+01
1.538000000000000034e+00,1.700609521087118026e+01
1.538999999999999924e+00,1.701178462756022114e+01
1.540000000000000036e+00,1.696565727878799379e+01
1.540999999999999925e+00,1.693874427034110042e+01
1.542000000000000037e+00,1.701711184708711500e+01
1.542999999999999927e+00,1.696798787717493795e+01
1.544000000000000039e+00,1.695714803376044699e+01
1.544999999999999929e+00,1.697367067207376934e+01
1.546000000000000041e+00,1.699582803705339984e+01
1.546999999999999931e+00,1.695926670804831105e+01
1.548000000000000043e+00,1.691603131653305070e+01
1.548999999999999932e+00,1.699135020410743380e+01
1.550000000000000044e+00,1.697424166212771368e+01
1.550999999999999934e+00,1.699811129054137027e+01
1.552000000000000046e+00,1.695909357805441076e+01
1.552999999999999936e+00,1.693551266772410102e+01
1.554000000000000048e+00,1.696730813571598873e+01
1.554999999999999938e+00,1.690365689823611106e+01
1.556000000000000050e+00,1.696763187373173665e+01
1.556999999999999940e+00,1.693772891559903826e+01
1.558000000000000052e+00,1.690288655317744571e+01
1.558999999999999941e+00,1.694510783117027941e+01
1.560000000000000053e+00,1.694076171345639281e+01
1.560999999999999943e+00,1.698952138458773931e+01
1.562000000000000055e+00,1.698657763041175173e+01
1.562999999999999945e+00,1.694882362223716044e+01
1.564000000000000057e+00,1.692328484847909920e+01
1.564999999999999947e+00,1.691267460822295021e+01
1.566000000000000059e+00,1.687196429747663373e+01
1.566999999999999948e+00,1.694206975624531708e+01
1.568000000000000060e+00,1.692482873434047619e+01
1.568999999999999950e+00,1.693761753703338968e+01
1.570000000000000062e+00,1.694175962571075544e+01
1.570999999999999952e+00,1.689190290564590669e+01
1.572000000000000064e+00,1.697091489909145068e+01
1.572999999999999954e+00,1.695223900239421866e+01
1.574000000000000066e+00,1.695173177374467244e+01
1.574999999999999956e+00,1.696741559337733563e+01
1.576000000000000068e+00,1.689335860315699733e+01
1.576999999999999957e+00,1.689788238167516354e+01
1.578000000000000069e+00,1.687074633899640119e+01
1.578999999999999959e+00,1.685616006121542654e+01
1.580000000000000071e+00,1.691766750970914757e+01
1.580999999999999961e+00,1.697744447069096907e+01
1.582000000000000073e+00,1.699907729130003631e+01
1.582999999999999963e+00,1.696454017938925318e+01
1.584000000000000075e+00,1.687680781800397511e+01
1.584999999999999964e+00,1.692596740143178735e+01
1.586000000000000076e+00,1.698897339012485830e+01
1.586999999999999966e+00,1.697087744713013890e+01
1.588000000000000078e+00,1.697507919698571399e+01
1.588999999999999968e+00,1.695265200321409083e+01
1.590000000000000080e+00,1.697876734035735069e+01
1.590999999999999970e+00,1.693089282182707578e+01
1.592000000000000082e+00,1.689465631494546116e+01
1.592999999999999972e+00,1.694867210268179036e+01
1.594000000000000083e+00,1.699568892460783331e+01
1.594999999999999973e+00,1.706569490956528767e+01
1.596000000000000085e+00,1.695826341975075735e+01
1.596999999999999975e+00,1.701750947795238744e+01
1.598000000000000087e+00,1.693275060500163676e+01
1.598999999999999977e+00,1.694210096219902795e+01
1.600000000000000089e+00,1.694367028457063640e+01
1.600999999999999979e+00,1.690455892623402434e+01
1.602000000000000091e+00,1.687833406584977780e+01
1.602999999999999980e+00,1.685920648093403074e+01
1.604000000000000092e+00,1.700782532687478721e+01
1.604999999999999982e+00,1.694605664885716578e+01
1.606000000000000094e+00,1.700089245359068713e+01
1.606999999999999984e+00,1.697640255207927140e+01
1.608000000000000096e+00,1.695204506174203729e+01
1.608999999999999986e+00,1.692951851575183397e+01
1.610000000000000098e+00,1.696894951570088494e+01
1.610999999999999988e+00,1.704031612158725650e+01
1.612000000000000099e+00,1.696727359037036820e+01
1.612999999999999989e+00,1.694870494520857562e+01
1.614000000000000101e+00,1.697569566002733410e+01
1.614999999999999991e+00,1.705738469060623785e+01
1.616000000000000103e+00,1.695026180497786683e+01
1.616999999999999993e+00,1.700858189516466368e+01
1.618000000000000105e+00,1.700142841215428646e+01
1.618999999999999995e+00,1.697901380258298687e+01
1.620000000000000107e+00,1.697672465776296491e+01
1.620999999999999996e+00,1.690156406179615800e+01
1.622000000000000108e+00,1.696318866958384319e+01
1.622999999999999998e+00,1.705871156913489983e+01
1.624000000000000110e+00,1.700507910849102799e+01
1.625000000000000000e+00,1.697913532470673204e+01
1.625999999999999890e+00,1.701085376288373396e+01
1.627000000000000002e+00,1.696094886637703780e+01
1.627999999999999892e+00,1.699369560388156941e+01
1.629000000000000004e+00,1.696846644353441746e+01
1.629999999999999893e+00,1.695874451589480714e+01
1.631000000000000005e+00,1.695094826352543649e+01
1.631999999999999895e+00,1.696516866915004940e+01
1.633000000000000007e+00,1.699888765368191201e+01
1.633999999999999897e+00,1.697002019532997963e+01
1.635000000000000009e+00,1.703487036324892756e+01
1.635999999999999899e+00,1.696677065292497133e+01
1.637000000000000011e+00,1.698346808698183352e+01
1.637999999999999901e+00,1.702478631046666280e+01
1.639000000000000012e+00,1.697946623371417729e+01
1.639999999999999902e+00,1.697613338371518310e+01
1.641000000000000014e+00,1.700184704081461717e+01
1.641999999999999904e+00,1.701375051617891643e+01
1.643000000000000016e+00,1.697588427608277684e+01
1.643999999999999906e+00,1.704194809594730131e+01
1.645000000000000018e+00,1.701243569328943650e+01
1.645999999999999908e+00,1.697715892862305154e+01
1.647000000000000020e+00,1.699931720615495223e+01
1.647999999999999909e+00,1.698233827695472087e+01
1.649000000000000021e+00,1.697271134590235064e+01
1.649999999999999911e+00,1.696466476430162373e+01
1.651000000000000023e+00,1.695902581533268005e+01
1.651999999999999913e+00,1.700501215264115729e+01
1.653000000000000025e+00,1.700972050083252540e+01
1.653999999999999915e+00,1.688903271966787045e+01
1.655000000000000027e+00,1.696143020817796199e+01
1.655999999999999917e+00,1.695056331290723506e+01
1.657000000000000028e+00,1.699333334093321923e+01
1.657999999999999918e+00,1.700241108554355662e+01
1.659000000000000030e+00,1.705241519104002990e+01
1.659999999999999920e+00,1.698954566170095504e+01
1.661000000000000032e+00,1.696825356738095181e+01
1.661999999999999922e+00,1.698627041797931980e+01
1.663000000000000034e+00,1.696805408888984346e+01
1.663999999999999924e+00,1.692702980312402161e+01
1.665000000000000036e+00,1.700844016042654161e+01
1.665999999999999925e+00,1.699144220039580944e+01
1.667000000000000037e+00,1.694986703017148955e+01
1.667999999999999927e+00,1.700202664008390840e+01
1.669000000000000039e+00,1.691386125882246461e+01
1.669999999999999929e+00,1.697442402127191841e+01
1.671000000000000041e+00,1.694735759225691396e+01
1.671999999999999931e+00,1.696246117616217930e+01
1.673000000000000043e+00,1.697589218132332078e+01
1.673999999999999932e+00,1.691289833968885503e+01
1.675000000000000044e+00,1.693539544320607604e+01
1.675999999999999934e+00,1.690522167139380727e+01
1.677000000000000046e+00,1.698301125557956226e+01
1.677999999999999936e+00,1.697974622636720810e+01
1.679000000000000048e+00,1.694097553504347076e+01
1.679999999999999938e+00,1.699950548731607469e+01
1.681000000000000050e+00,1.697865205939630329e+01
1.681999999999999940e+00,1.693922667211023381e+01
1.683000000000000052e+00,1.697209237216756961e+01
1.683999999999999941e+00,1.701129942227201397e+01
1.685000000000000053e+00,1.693745295707410747e+01
1.685999999999999943e+00,1.699628373440694773e+01
1.687000000000000055e+00,1.693897941789571959e+01
1.687999999999999945e+00,1.702760026464769183e+01
1.689000000000000057e+00,1.695877948409010472e+01
1.689999999999999947e+00,1.698002188803420154e+01
1.691000000000000059e+00,1.698569385878975524e+01
1.691999999999999948e+00,1.702563481836815740e+01
1.693000000000000060e+00,1.702628961529908835e+01
1.693999999999999950e+00,1.694112306276754154e+01
1.695000000000000062e+00,1.702631634536310301e+01
1.695999999999999952e+00,1.697671579094716066e+01
1.697000000000000064e+00,1.694643311673052466e+01
1.697999999999999954e+00,1.695997297304155893e+01
1.699000000000000066e+00,1.694335673336524550e+01
1.699999999999999956e+00,1.696962388731056848e+01
1.701000000000000068e+00,1.705180377850166096e+01
1.701999999999999957e+00,1.702848487608502026e+01
1.703000000000000069e+00,1.698563441640427030e+01
1.703999999999999959e+00,1.694704822244257514e+01
1.705000000000000071e+00,1.704223656789412544e+01
1.705999999999999961e+00,1.696480134237894077e+01
1.707000000000000073e+00,1.704745261512495347e+01
1.707999999999999963e+00,1.698562376383837247e+01
1.709000000000000075e+00,1.696819945251722572e+01
1.709999999999999964e+00,1.704005748551064414e+01
1.711000000000000076e+00,1.705327678512147216e+01
1.711999999999999966e+00,1.703040628167532233e+01
1.713000000000000078e+00,1.707129166854910807e+01
1.713999999999999968e+00,1.697299416906151492e+01
1.715000000000000080e+00,1.708372403674144735e+01
1.715999999999999970e+00,1.700750925256543056e+01
1.717000000000000082e+00,1.706309835276601916e+01
1.717999999999999972e+00,1.694458518824368909e+01
1.719000000000000083e+00,1.694790545551788341e+01
1.719999999999999973e+00,1.694982843837061637e+01
1.721000000000000085e+00,1.701083913536364634e+01
1.721999999999999975e+00,1.699648820677298744e+01
1.723000000000000087e+00,1.703281710789642034e+01
1.723999999999999977e+00,1.696967287380750733e+01
1.725000000000000089e+00,1.704710124988194409e+01
1.725999999999999979e+00,1.697609521379006736e+01
1.727000000000000091e+00,1.697762658960773763e+01
1.727999999999999980e+00,1.695273373174554976e+01
1.729000000000000092e+00,1.702684545095502600e+01
1.729999999999999982e+00,1.700520397603891709e+01
1.731000000000000094e+00,1.694003984265285112e+01
1.731999999999999984e+00,1.698849148598899816e+01
1.733000000000000096e+00,1.700211127946190359e+01
1.733999999999999986e+00,1.701324563224942565e+01
1.735000000000000098e+00,1.698368823461984789e+01
1.735999999999999988e+00,1.694041922654005461e+01
1.737000000000000099e+00,1.699740737994332562e+01
1.737999999999999989e+00,1.701569098060701535e+01
1.739000000000000101e+00,1.706817509898035468e+01
1.739999999999999991e+00,1.700781763477392872e+01
1.741000000000000103e+00,1.693618632940257740e+01
1.741999999999999993e+00,1.698594225624404075e+01
1.743000000000000105e+00,1.708784352225655567e+01
1.743999999999999995e+00,1.702860103987710971e+01
1.745000000000000107e+00,1.701292435592214503e+01
1.745999999999999996e+00,1.701280900630886705e+01
1.747000000000000108e+00,1.704552823357278513e+01
1.747999999999999998e+00,1.695987013245689923e+01
1.749000000000000110e+00,1.702512195568714048e+01
1.750000000000000000e+00,1.699764141060292744e+01
1.750999999999999890e+00,1.702469530472238546e+01
1.752000000000000002e+00,1.702329066179177630e+01
1.752999999999999892e+00,1.701975337421183454e+01
1.754000000000000004e+00,1.701286859420484276e+01
1.754999999999999893e+00,1.704111477241183081e+01
1.756000000000000005e+00,1.698564951616018703e+01
1.756999999999999895e+00,1.696609950421435897e+01
1.758000000000000007e+00,1.696271150277814144e+01
1.758999999999999897e+00,1.698269846106148862e+01
1.760000000000000009e+00,1.695621764727020064e+01
1.760999999999999899e+00,1.695753275712571906e+01
1.762000000000000011e+00,1.708551917090837335e+01
1.762999999999999901e+00,1.696362722629131170e+01
1.764000000000000012e+00,1.688733817629865541e+01
1.764999999999999902e+00,1.699572840543791585e+01
1.766000000000000014e+00,1.696380035354782478e+01
1.766999999999999904e+00,1.694763753676662077e+01
1.768000000000000016e+00,1.693708982125464502e+01
1.768999999999999906e+00,1.705033519010896725e+01
1.770000000000000018e+00,1.694276559669333437e+01
1.770999999999999908e+00,1.699295197731900231e+01
1.772000000000000020e+00,1.699819675389929330e+01
1.772999999999999909e+00,1.700493045775307621e+01
1.774000000000000021e+00,1.698652988819724285e+01
1.774999999999999911e+00,1.701845626183639126e+01
1.776000000000000023e+00,1.700287810453179205e+01
1.776999999999999913e+00,1.707349501712863216e+01
1.778000000000000025e+00,1.703417775648991750e+01
1.778999999999999915e+00,1.701475808865490791e+01
1.780000000000000027e+00,1.700698090786209704e+01
1.780999999999999917e+00,1.707337051374472026e+01
1.782000000000000028e+00,1.708896247751293629e+01
1.782999999999999918e+00,1.705869754243109782e+01
1.784000000000000030e+00,1.705318388414323749e+01
1.784999999999999920e+00,1.701021410311814464e+01
1.786000000000000032e+00,1.703039649509081244e+01
1.786999999999999922e+00,1.695791529342096027e+01
1.788000000000000034e+00,1.703644595022494457e+01
1.788999999999999924e+00,1.700853531217234860e+01
1.790000000000000036e+00,1.703339839869690309e+01
1.790999999999999925e+00,1.701990307401617031e+01
1.792000000000000037e+00,1.701595737725007851e+01
1.792999999999999927e+00,1.705895481797614721e+01
1.794000000000000039e+00,1.700568934149954003e+01
1.794999999999999929e+00,1.702549693515625862e+01
1.796000000000000041e+00,1.697596964604118241e+01
1.796999999999999931e+00,1.700010337977726849e+01
1.798000000000000043e+00,1.704424354590502588e+01
1.798999999999999932e+00,1.704091889911894242e+01
1.800000000000000044e+00,1.699809778915277647e+01
1.800999999999999934e+00,1.701343611828188074e+01
1.802000000000000046e+00,1.701827790397955908e+01
1.802999999999999936e+00,1.707133759684143470e+01
1.804000000000000048e+00,1.705625688977997712e+01
1.804999999999999938e+00,1.705572123036980514e+01
1.806000000000000050e+00,1.703304964504112817e+01
1.806999999999999940e+00,1.700321246685119903e+01
1.808000000000000052e+00,1.698901704494931408e+01
1.808999999999999941e+00,1.699397728328881030e+01
1.810000000000000053e+00,1.706293892176177707e+01
1.810999999999999943e+00,1.704021198921552482e+01
1.812000000000000055e+00,1.702506730047770844e+01
1.812999999999999945e+00,1.702488945395171172e+01
1.814000000000000057e+00,1.700343288718379853e+01
1.814999999999999947e+00,1.704682726139882121e+01
1.816000000000000059e+00,1.709942562894492113e+01
1.816999999999999948e+00,1.704139074875336135e+01
1.818000000000000060e+00,1.695789510812628365e+01
1.818999999999999950e+00,1.703444690967469910e+01
1.820000000000000062e+00,1.705077391321218627e+01
1.820999999999999952e+00,1.704886329328973460e+01
1.822000000000000064e+00,1.706609005366480858e+01
1.822999999999999954e+00,1.700988860873557584e+01
1.824000000000000066e+00,1.703189846209052405e+01
1.824999999999999956e+00,1.700956283391798252e+01
1.826000000000000068e+00,1.700605200270457829e+01
1.826999999999999957e+00,1.700951928019076931e+01
1.828000000000000069e+00,1.705863863564539074e+01
1.828999999999999959e+00,1.703325898369266866e+01
1.830000000000000071e+00,1.701739852979784828e+01
1.830999999999999961e+00,1.692793434799795094e+01
1.832000000000000073e+00,1.703091644119924553e+01
1.832999999999999963e+00,1.706215469110524197e+01
1.834000000000000075e+00,1.698500267487778714e+01
1.834999999999999964e+00,1.702853522896364069e+01
1.836000000000000076e+00,1.705605134507781528e+01
1.836999999999999966e+00,1.705485268540467203e+01
1.838000000000000078e+00,1.698885119191803028e+01
1.838999999999999968e+00,1.700850789124992346e+01
1.840000000000000080e+00,1.698332609047694675e+01
1.840999999999999970e+00,1.703203080180144724e+01
1.842000000000000082e+00,1.698864483124918934e+01
1.842999999999999972e+00,1.699270600739113135e+01
1.844000000000000083e+00,1.699865966568830800e+01
1.844999999999999973e+00,1.697040291429924963e+01
1.846000000000000085e+00,1.703327877341813590e+01
1.846999999999999975e+00,1.701081920073866627e+01
1.848000000000000087e+00,1.698161058573777282e+01
1.848999999999999977e+00,1.697952385520412477e+01
1.850000000000000089e+00,1.707964769082423828e+01
1.850999999999999979e+00,1.699249564557369752e+01
1.852000000000000091e+00,1.704826166108589192e+01
1.852999999999999980e+00,1.701858134681223689e+01
1.854000000000000092e+00,1.698468124503910914e+01
1.854999999999999982e+00,1.694591623285477766e+01
1.856000000000000094e+00,1.700044337854156851e+01
1.856999999999999984e+00,1.702747197284965353e+01
1.858000000000000096e+00,1.696005250541676901e+01
1.858999999999999986e+00,1.695951005552729640e+01
1.860000000000000098e+00,1.701914347242531278e+01
1.860999999999999988e+00,1.700218396283212030e+01
1.862000000000000099e+00,1.701381389041289438e+01
1.862999999999999989e+00,1.702431513171421074e+01
1.864000000000000101e+00,1.693041925027202055e+01
1.864999999999999991e+00,1.694387922153788395e+01
1.866000000000000103e+00,1.700378764442593749e+01
1.866999999999999993e+00,1.695332575504117045e+01
1.868000000000000105e+00,1.695928765903072843e+01
1.868999999999999995e+00,1.699541431140343661e+01
1.870000000000000107e+00,1.702611813288994469e+01
1.870999999999999996e+00,1.698433646232140148e+01
1.872000000000000108e+00,1.700086067427292846e+01
1.872999999999999998e+00,1.698882151994773793e+01
1.874000000000000110e+00,1.704159574822296008e+01
1.875000000000000000e+00,1.699327506306029179e+01
1.875999999999999890e+00,1.703436207644836387e+01
1.877000000000000002e+00,1.697766093011609456e+01
1.877999999999999892e+00,1.703959455864802663e+01
1.879000000000000004e+00,1.702182397051628726e+01
1.879999999999999893e+00,1.699874370109982991e+01
1.881000000000000005e+00,1.702288006114876850e+01
1.881999999999999895e+00,1.700168964758675472e+01
1.883000000000000007e+00,1.703485352456377910e+01
1.883999999999999897e+00,1.701449706432254771e+01
1.885000000000000009e+00,1.694043019007058248e+01
1.885999999999999899e+00,1.698481146210890458e+01
1.887000000000000011e+00,1.703767402664949770e+01
1.887999999999999901e+00,1.707326494989612797e+01
1.889000000000000012e+00,1.708090600447216900e+01
1.889999999999999902e+00,1.701613087546577674e+01
1.891000000000000014e+00,1.703848891853498770e+01
1.891999999999999904e+00,1.698550340534692893e+01
1.893000000000000016e+00,1.703502168315581144e+01
1.893999999999999906e+00,1.699714087699642917e+01
1.895000000000000018e+00,1.701697946042418508e+01
1.895999999999999908e+00,1.700436185473405359e+01
1.897000000000000020e+00,1.700797539177790441e+01
1.897999999999999909e+00,1.699149923523320282e+01
1.899000000000000021e+00,1.703968506977886932e+01
1.899999999999999911e+00,1.698665894880242178e+01
1.901000000000000023e+00,1.701986695524410820e+01
1.901999999999999913e+00,1.693389356750690666e+01
1.903000000000000025e+00,1.702282650678834131e+01
1.903999999999999915e+00,1.703252916997321620e+01
1.905000000000000027e+00,1.702906268207671658e+01
1.905999999999999917e+00,1.701781807305607330e+01
1.907000000000000028e+00,1.704043263265560881e+01
1.907999999999999918e+00,1.697302594509002205e+01
1.909000000000000030e+00,1.705589471730952411e+01
1.909999999999999920e+00,1.701499112446484929e+01
1.911000000000000032e+00,1.704893743419525620e+01
1.911999999999999922e+00,1.705907684845560013e+01
1.913000000000000034e+00,1.704769190205281504e+01
1.913999999999999924e+00,1.703991302740930536e+01
1.915000000000000036e+00,1.706054719834579814e+01
1.915999999999999925e+00,1.701160088186659536e+01
1.917000000000000037e+00,1.704326479617001766e+01
1.917999999999999927e+00,1.702621493573662903e+01
1.919000000000000039e+00,1.701367828565299689e+01
1.919999999999999929e+00,1.699380399425439592e+01
1.921000000000000041e+00,1.694519295497175904e+01
1.921999999999999931e+00,1.700072812105135966e+01
1.923000000000000043e+00,1.693851040481401427e+01
1.923999999999999932e+00,1.697216114890483851e+01
1.925000000000000044e+00,1.694739722632445478e+01
1.925999999999999934e+00,1.689931365359224102e+01
1.927000000000000046e+00,1.699422237945072567e+01
1.927999999999999936e+00,1.694321822257783339e+01
1.929000000000000048e+00,1.708127382719235854e+01
1.929999999999999938e+00,1.704941446757466039e+01
1.931000000000000050e+00,1.700405348140348138e+01
1.931999999999999940e+00,1.703745866635317086e+01
1.933000000000000052e+00,1.699121962539412678e+01
1.933999999999999941e+00,1.709649177352256899e+01
1.935000000000000053e+00,1.703542677967404018e+01
1.935999999999999943e+00,1.701842469039576144e+01
1.937000000000000055e+00,1.702049194620609995e+01
1.937999999999999945e+00,1.700830784454277733e+01
1.939000000000000057e+00,1.706256310034483903e+01
1.939999999999999947e+00,1.701091620604188748e+01
1.941000000000000059e+00,1.704738036864841533e+01
1.941999999999999948e+00,1.697064737528152989e+01
1.943000000000000060e+00,1.705394304864799082e+01
1.943999999999999950e+00,1.701463530114301292e+01
1.945000000000000062e+00,1.693871390257551113e+01
1.945999999999999952e+00,1.699304696132048420e+01
1.947000000000000064e+00,1.697890151158290450e+01
1.947999999999999954e+00,1.694928900377665215e+01
1.949000000000000066e+00,1.701719712908695215e+01
1.949999999999999956e+00,1.700619331642892718e+01
1.951000000000000068e+00,1.696485771016775246e+01
1.951999999999999957e+00,1.697807459326262247e+01
1.953000000000000069e+00,1.708554847406013977e+01
1.953999999999999959e+00,1.698258763738987298e+01
1.955000000000000071e+00,1.703412754429315257e+01
1.955999999999999961e+00,1.701162877527912798e+01
1.957000000000000073e+00,1.696724803279698435e+01
1.957999999999999963e+00,1.701498786944186747e+01
1.959000000000000075e+00,1.701148248408024699e+01
1.959999999999999964e+00,1.699962170040073417e+01
1.961000000000000076e+00,1.701595913378238478e+01
1.961999999999999966e+00,1.698680640740262149e+01
1.963000000000000078e+00,1.696521011519297772e+01
1.963999999999999968e+00,1.699319509007181850e+01
1.965000000000000080e+00,1.701008432765703660e+01
1.965999999999999970e+00,1.700662936402384062e+01
1.967000000000000082e+00,1.694162120413887607e+01
1.967999999999999972e+00,1.701612548755190701e+01
1.969000000000000083e+00,1.695174347424357819e+01
1.969999999999999973e+00,1.699506463064978234e+01
1.971000000000000085e+00,1.701029795809809997e+01
1.971999999999999975e+00,1.704585372647260755e+01
1.973000000000000087e+00,1.707110619995291501e+01
1.973999999999999977e+00,1.703642956606961079e+01
1.975000000000000089e+00,1.707824093506869190e+01
1.975999999999999979e+00,1.702769072875653578e+01
1.977000000000000091e+00,1.706349265630026224e+01
1.977999999999999980e+00,1.705586190253951173e+01
1.979000000000000092e+00,1.712928541207185162e+01
1.979999999999999982e+00,1.704753270920225816e+01
1.981000000000000094e+00,1.700809132605839125e+01
1.981999999999999984e+00,1.705082159665657926e+01
1.983000000000000096e+00,1.707760338519935317e+01
1.983999999999999986e+00,1.705468572860964827e+01
1.985000000000000098e+00,1.703026035869219257e+01
1.985999999999999988e+00,1.708477063335208612e+01
1.987000000000000099e+00,1.710408723483352844e+01
1.987999999999999989e+00,1.700760887498376661e+01
1.989000000000000101e+00,1.706832026166378213e+01
1.989999999999999991e+00,1.706093407778045190e+01
1.991000000000000103e+00,1.710501357303980896e+01
1.991999999999999993e+00,1.703720082418896453e+01
1.993000000000000105e+00,1.705714367959951261e+01
1.993999999999999995e+00,1.704896575549656035e+01
1.995000000000000107e+00,1.707717386645410684e+01
1.995999999999999996e+00,1.704407724593299989e+01
1.997000000000000108e+00,1.704552883860226586e+01
1.997999999999999998e+00,1.706613061068102510e+01
1.999000000000000110e+00,1.708222579201143532e+01
2.000000000000000000e+00,1.706071407228698078e+01
2.000999999999999890e+00,1.706375917696295019e+01
2.001999999999999780e+00,1.705668316948524676e+01
2.003000000000000114e+00,1.704648640328030851e+01
2.004000000000000004e+00,1.709647227291966232e+01
2.004999999999999893e+00,1.707659776957803999e+01
2.005999999999999783e+00,1.709683293908916113e+01
2.007000000000000117e+00,1.701486704929102345e+01
2.008000000000000007e+00,1.705397731544587714e+01
2.008999999999999897e+00,1.705570947221852762e+01
2.009999999999999787e+00,1.703584955589352745e+01
2.011000000000000121e+00,1.706068416043338232e+01
2.012000000000000011e+00,1.696770353793024455e+01
2.012999999999999901e+00,1.704836073296237231e+01
2.013999999999999790e+00,1.709091425105751227e+01
2.015000000000000124e+00,1.705299416276848135e+01
2.016000000000000014e+00,1.705318440744624553e+01
2.016999999999999904e+00,1.700991016470401718e+01
2.017999999999999794e+00,1.697829640644987492e+01
2.019000000000000128e+00,1.699865405465832069e+01
2.020000000000000018e+00,1.700489438195429059e+01
2.020999999999999908e+00,1.697585986969505356e+01
2.021999999999999797e+00,1.699250882678481389e+01
2.023000000000000131e+00,1.706224299954175549e+01
2.024000000000000021e+00,1.705279912464107284e+01
2.024999999999999911e+00,1.699809749394546898e+01
2.025999999999999801e+00,1.705741265301660547e+01
2.027000000000000135e+00,1.702602201646955393e+01
2.028000000000000025e+00,1.704873543849284445e+01
2.028999999999999915e+00,1.707917465473952134e+01
2.029999999999999805e+00,1.708076200162205538e+01
2.031000000000000139e+00,1.707717724273099336e+01
2.032000000000000028e+00,1.706812212107291771e+01
2.032999999999999918e+00,1.709691728344935413e+01
2.033999999999999808e+00,1.705995008566983628e+01
2.035000000000000142e+00,1.708481067834512857e+01
2.036000000000000032e+00,1.710374871009260289e+01
2.036999999999999922e+00,1.701809563929150215e+01
2.037999999999999812e+00,1.707010096077823036e+01
2.039000000000000146e+00,1.708042318822959160e+01
2.040000000000000036e+00,1.702664357090321801e+01
2.040999999999999925e+00,1.706872953379330227e+01
2.041999999999999815e+00,1.709971772481715035e+01
2.043000000000000149e+00,1.706913817532822009e+01
2.044000000000000039e+00,1.704710326537318466e+01
2.044999999999999929e+00,1.700970022448993291e+01
2.045999999999999819e+00,1.699759848087330738e+01
2.047000000000000153e+00,1.700830085825909066e+01
2.048000000000000043e+00,1.702898626650259217e+01
2.048999999999999932e+00,1.702030795603682733e+01
2.049999999999999822e+00,1.706101833834909343e+01
2.051000000000000156e+00,1.701710267492760309e+01
2.052000000000000046e+00,1.701307761171812061e+01
2.052999999999999936e+00,1.703809817793175796e+01
2.053999999999999826e+00,1.709195495993980529e+01
2.055000000000000160e+00,1.702303705642535903e+01
2.056000000000000050e+00,1.699453550237853250e+01
2.056999999999999940e+00,1.703779321451148832e+01
2.057999999999999829e+00,1.705965857070284386e+01
2.059000000000000163e+00,1.706157950975627102e+01
2.060000000000000053e+00,1.703326857767228120e+01
2.060999999999999943e+00,1.701080530611879382e+01
2.061999999999999833e+00,1.694050233332594146e+01
2.063000000000000167e+00,1.700453079376291043e+01
2.064000000000000057e+00,1.697591930149688366e+01
2.064999999999999947e+00,1.705999653631884527e+01
2.065999999999999837e+00,1.701599123471769559e+01
2.067000000000000171e+00,1.705976300784007904e+01
2.068000000000000060e+00,1.700755138570483638e+01
2.068999999999999950e+00,1.709033012752059477e+01
2.069999999999999840e+00,1.710528993315093871e+01
2.071000000000000174e+00,1.707611427307368857e+01
2.072000000000000064e+00,1.700061420546403212e+01
2.072999999999999954e+00,1.705079884997308426e+01
2.073999999999999844e+00,1.704255377726770959e+01
2.075000000000000178e+00,1.695169350255785901e+01
2.076000000000000068e+00,1.699745759085963215e+01
2.076999999999999957e+00,1.700085937800105285e+01
2.077999999999999847e+00,1.706201442461848927e+01
2.079000000000000181e+00,1.707040478447014920e+01
2.080000000000000071e+00,1.702467897173433897e+01
2.080999999999999961e+00,1.710557807357140092e+01
2.081999999999999851e+00,1.696610895478306347e+01
2.083000000000000185e+00,1.712236145763458239e+01
2.084000000000000075e+00,1.707016067579459317e+01
2.084999999999999964e+00,1.706253447825580594e+01
2.085999999999999854e+00,1.706022687890624923e+01
2.087000000000000188e+00,1.701008455708145206e+01
2.088000000000000078e+00,1.709397178801301109e+01
2.088999999999999968e+00,1.701311696254098038e+01
2.089999999999999858e+00,1.702276810119528960e+01
2.091000000000000192e+00,1.694981682251231447e+01
2.092000000000000082e+00,1.698806474017872148e+01
2.092999999999999972e+00,1.696822302676667249e+01
2.093999999999999861e+00,1.706640962905589376e+01
2.095000000000000195e+00,1.699334669402656317e+01
2.096000000000000085e+00,1.704518390613847600e+01
2.096999999999999975e+00,1.708259732827032806e+01
2.097999999999999865e+00,1.700340299179343262e+01
2.099000000000000199e+00,1.701834184135447714e+01
2.100000000000000089e+00,1.702977077990615840e+01
2.100999999999999979e+00,1.710884232475562428e+01
2.101999999999999869e+00,1.706903954860861106e+01
2.103000000000000203e+00,1.700339179779177101e+01
2.104000000000000092e+00,1.707330477215982967e+01
2.104999999999999982e+00,1.708124503957800044e+01
2.105999999999999872e+00,1.706827039390431722e+01
2.107000000000000206e+00,1.701498324076291624e+01
2.108000000000000096e+00,1.699335057578628749e+01
2.108999999999999986e+00,1.702374348710692686e+01
2.109999999999999876e+00,1.697162142626079984e+01
2.111000000000000210e+00,1.692211675462972664e+01
2.112000000000000099e+00,1.705122376922780703e+01
2.112999999999999989e+00,1.704069548857799887e+01
2.113999999999999879e+00,1.705215617218356883e+01
2.115000000000000213e+00,1.704518613357614853e+01
2.116000000000000103e+00,1.708078568050432011e+01
2.116999999999999993e+00,1.701106972491778890e+01
2.117999999999999883e+00,1.703420132325150860e+01
2.119000000000000217e+00,1.700172970456245380e+01
2.120000000000000107e+00,1.709911031915173751e+01
2.120999999999999996e+00,1.701737302107403949e+01
2.121999999999999886e+00,1.701553118449367474e+01
2.123000000000000220e+00,1.703467359219502342e+01
2.124000000000000110e+00,1.707530691754169538e+01
2.125000000000000000e+00,1.703115139761828800e+01
2.125999999999999890e+00,1.704047409471850827e+01
2.126999999999999780e+00,1.702058861391860489e+01
2.128000000000000114e+00,1.699940130763808455e+01
2.129000000000000004e+00,1.701529104968002315e+01
2.129999999999999893e+00,1.698074374383782370e+01
2.130999999999999783e+00,1.705985223162250719e+01
2.132000000000000117e+00,1.704853440029775768e+01
2.133000000000000007e+00,1.707028326544229913e+01
2.133999999999999897e+00,1.705102536273545866e+01
2.134999999999999787e+00,1.701661761088950087e+01
2.136000000000000121e+00,1.705212646569775359e+01
2.137000000000000011e+00,1.701663784693110415e+01
2.137999999999999901e+00,1.697306977371452064e+01
2.138999999999999790e+00,1.702139995599156563e+01
2.140000000000000124e+00,1.695949646657805232e+01
2.141000000000000014e+00,1.701959481862186507e+01
2.141999999999999904e+00,1.712753957823792206e+01
2.142999999999999794e+00,1.700395702833518996e+01
2.144000000000000128e+00,1.696927545465635490e+01
2.145000000000000018e+00,1.700218470742169785e+01
2.145999999999999908e+00,1.706714997662081501e+01
2.146999999999999797e+00,1.696942824470052358e+01
2.148000000000000131e+00,1.704687782830354692e+01
2.149000000000000021e+00,1.706645000578389926e+01
2.149999999999999911e+00,1.706821546303935122e+01
2.150999999999999801e+00,1.708522923358856715e+01
2.152000000000000135e+00,1.709315481126505176e+01
2.153000000000000025e+00,1.701861291508239304e+01
2.153999999999999915e+00,1.702132249158315602e+01
2.154999999999999805e+00,1.707801708455943057e+01
2.156000000000000139e+00,1.698996109896467033e+01
2.157000000000000028e+00,1.709838118521673778e+01
2.157999999999999918e+00,1.703947213432104846e+01
2.158999999999999808e+00,1.707593137792588323e+01
2.160000000000000142e+00,1.712628239555212772e+01
2.161000000000000032e+00,1.703081137293370162e+01
2.161999999999999922e+00,1.702927028437112611e+01
2.162999999999999812e+00,1.701822740025330560e+01
2.164000000000000146e+00,1.710072378706813012e+01
2.165000000000000036e+00,1.698510119608479485e+01
2.165999999999999925e+00,1.703411614291968945e+01
2.166999999999999815e+00,1.700782560679816058e+01
2.168000000000000149e+00,1.705105090668225998e+01
2.169000000000000039e+00,1.702648276867514454e+01
2.169999999999999929e+00,1.706300356135177765e+01
2.170999999999999819e+00,1.711715030435232165e+01
2.172000000000000153e+00,1.709442280823373395e+01
2.173000000000000043e+00,1.713279461594537167e+01
2.173999999999999932e+00,1.707120429891230273e+01
2.174999999999999822e+00,1.708290005428461455e+01
2.176000000000000156e+00,1.703773028565125003e+01
2.177000000000000046e+00,1.705782391312920510e+01
2.177999999999999936e+00,1.708643041138490304e+01
2.178999999999999826e+00,1.700928871444558865e+01
2.180000000000000160e+00,1.703597624509579944e+01
2.181000000000000050e+00,1.708414775933152185e+01
2.181999999999999940e+00,1.705348972277271713e+01
2.182999999999999829e+00,1.705316401219325684e+01
2.184000000000000163e+00,1.700358556993084491e+01
2.185000000000000053e+00,1.706643902349242481e+01
2.185999999999999943e+00,1.703460952935637351e+01
2.186999999999999833e+00,1.708238905410476605e+01
2.188000000000000167e+00,1.706980582678562541e+01
2.189000000000000057e+00,1.710242403066322581e+01
2.189999999999999947e+00,1.702821230110570028e+01
2.190999999999999837e+00,1.710300541505337790e+01
2.192000000000000171e+00,1.703797640384329526e+01
2.193000000000000060e+00,1.710133781825595634e+01
2.193999999999999950e+00,1.703519571907584051e+01
2.194999999999999840e+00,1.701195323703099405e+01
2.196000000000000174e+00,1.703981622503835780e+01
2.197000000000000064e+00,1.703239516622540606e+01
2.197999999999999954e+00,1.704527879092946563e+01
2.198999999999999844e+00,1.707605556485133036e+01
2.200000000000000178e+00,1.708740170648520973e+01
2.201000000000000068e+00,1.706314017351357393e+01
2.201999999999999957e+00,1.710419424622297413e+01
2.202999999999999847e+00,1.709827072077204235e+01
2.204000000000000181e+00,1.709372539658079404e+01
2.205000000000000071e+00,1.708785536586883325e+01
2.205999999999999961e+00,1.704617208282931529e+01
2.206999999999999851e+00,1.703345987633923997e+01
2.208000000000000185e+00,1.704882515558970013e+01
2.209000000000000075e+00,1.705940889457009746e+01
2.209999999999999964e+00,1.707312578863024299e+01
2.210999999999999854e+00,1.701741859254210709e+01
2.212000000000000188e+00,1.706443598496671044e+01
2.213000000000000078e+00,1.707724503243951375e+01
2.213999999999999968e+00,1.701824721812952390e+01
2.214999999999999858e+00,1.710767069978929555e+01
2.216000000000000192e+00,1.705492588866527015e+01
2.217000000000000082e+00,1.711270246850536125e+01
2.217999999999999972e+00,1.711586156028111461e+01
2.218999999999999861e+00,1.710694360878662579e+01
2.220000000000000195e+00,1.712253364812284673e+01
2.221000000000000085e+00,1.704881706901424465e+01
2.221999999999999975e+00,1.712550882801733110e+01
2.222999999999999865e+00,1.706052858851040099e+01
2.224000000000000199e+00,1.699607927068912261e+01
2.225000000000000089e+00,1.703044208133391280e+01
2.225999999999999979e+00,1.697018156428062952e+01
2.226999999999999869e+00,1.708657208606247835e+01
2.228000000000000203e+00,1.706331492513628234e+01
2.229000000000000092e+00,1.699779187489986398e+01
2.229999999999999982e+00,1.697109725440506267e+01
2.230999999999999872e+00,1.696214271420228670e+01
2.232000000000000206e+00,1.702628446352374070e+01
2.233000000000000096e+00,1.691587856642879828e+01
2.233999999999999986e+00,1.703617424295107341e+01
2.234999999999999876e+00,1.702834033441478923e+01
2.236000000000000210e+00,1.696692141874173743e+01
2.237000000000000099e+00,1.707002009575459311e+01
2.237999999999999989e+00,1.702583689104429610e+01
2.238999999999999879e+00,1.708926484999533812e+01
2.240000000000000213e+00,1.701032198679531504e+01
2.241000000000000103e+00,1.702461331970214076e+01
2.241999999999999993e+00,1.703886484705295246e+01
2.242999999999999883e+00,1.698400562449335638e+01
2.244000000000000217e+00,1.701658031617440159e+01
2.245000000000000107e+00,1.699999901943142078e+01
2.245999999999999996e+00,1.698453886572528404e+01
2.246999999999999886e+00,1.699454993205977615e+01
2.248000000000000220e+00,1.696513493281688056e+01
2.249000000000000110e+00,1.697739245744771353e+01
2.250000000000000000e+00,1.703494264633853206e+01
2.250999999999999890e+00,1.698318390775933651e+01
2.251999999999999780e+00,1.695030257316424382e+01
2.253000000000000114e+00,1.698532281425796242e+01
2.254000000000000004e+00,1.704643945637171498e+01
2.254999999999999893e+00,1.695629338230904892e+01
2.255999999999999783e+00,1.692122550176454965e+01
2.257000000000000117e+00,1.694444086319589005e+01
2.258000000000000007e+00,1.702504048347205057e+01
2.258999999999999897e+00,1.701409404556882876e+01
2.259999999999999787e+00,1.691611223069803671e+01
2.261000000000000121e+00,1.697595461404676698e+01
2.262000000000000011e+00,1.703903221150720881e+01
2.262999999999999901e+00,1.701419041947773536e+01
2.263999999999999790e+00,1.692091830031799660e+01
2.265000000000000124e+00,1.696631244681007189e+01
2.266000000000000014e+00,1.692321366447309217e+01
2.266999999999999904e+00,1.695043239978463134e+01
2.267999999999999794e+00,1.692516044151587806e+01
2.269000000000000128e+00,1.697585105523436511e+01
2.270000000000000018e+00,1.702462402640143324e+01
2.270999999999999908e+00,1.702977265965153109e+01
2.271999999999999797e+00,1.694908588325568388e+01
2.273000000000000131e+00,1.700292072411649613e+01
2.274000000000000021e+00,1.700415871553617819e+01
2.274999999999999911e+00,1.698729542251859215e+01
2.275999999999999801e+00,1.700617030726779078e+01
2.277000000000000135e+00,1.702409606221646854e+01
2.278000000000000025e+00,1.698707094831159381e+01
2.278999999999999915e+00,1.700273821108243411e+01
2.279999999999999805e+00,1.695783524967908917e+01
2.281000000000000139e+00,1.697476377604954223e+01
2.282000000000000028e+00,1.690063150692568783e+01
2.282999999999999918e+00,1.690814173603089898e+01
2.283999999999999808e+00,1.705330679777030412e+01
2.285000000000000142e+00,1.692794590381726039e+01
2.286000000000000032e+00,1.694563480080833529e+01
2.286999999999999922e+00,1.694795878207436601e+01
2.287999999999999812e+00,1.690149952703693614e+01
2.289000000000000146e+00,1.694635739387681994e+01
2.290000000000000036e+00,1.699623324273130720e+01
2.290999999999999925e+00,1.694318861723312963e+01
2.291999999999999815e+00,1.698342905983214735e+01
2.293000000000000149e+00,1.693569892195501225e+01
2.294000000000000039e+00,1.685557455764632451e+01
2.294999999999999929e+00,1.692798150810798319e+01
2.295999999999999819e+00,1.692826766709102415e+01
2.297000000000000153e+00,1.689740359270660974e+01
2.298000000000000043e+00,1.689256783120250560e+01
2.298999999999999932e+00,1.702356819705761026e+01
2.299999999999999822e+00,1.694180542268402334e+01
2.301000000000000156e+00,1.692487370189492069e+01
2.302000000000000046e+00,1.686854367222974815e+01
2.302999999999999936e+00,1.686325263067367786e+01
2.303999999999999826e+00,1.686681316260508368e+01
2.305000000000000160e+00,1.691954920677772023e+01
2.306000000000000050e+00,1.691410553175259324e+01
2.306999999999999940e+00,1.695705864695644749e+01
2.307999999999999829e+00,1.695741998752775004e+01
2.309000000000000163e+00,1.698146588822415382e+01
2.310000000000000053e+00,1.697270175228951672e+01
2.310999999999999943e+00,1.705643960301899043e+01
2.311999999999999833e+00,1.698385883440408506e+01
2.313000000000000167e+00,1.713410882135971036e+01
2.314000000000000057e+00,1.695941985833843901e+01
2.314999999999999947e+00,1.702016543477998312e+01
2.315999999999999837e+00,1.697291291608308583e+01
2.317000000000000171e+00,1.700849726636387516e+01
2.318000000000000060e+00,1.704862596718490053e+01
2.318999999999999950e+00,1.710804984663031192e+01
2.319999999999999840e+00,1.697635245655722969e+01
2.321000000000000174e+00,1.701258087152294607e+01
2.322000000000000064e+00,1.700691300289833663e+01
2.322999999999999954e+00,1.697452716544266593e+01
2.323999999999999844e+00,1.698991607375605994e+01
2.325000000000000178e+00,1.703400895889119937e+01
2.326000000000000068e+00,1.700127997863111062e+01
2.326999999999999957e+00,1.702769077941618647e+01
2.327999999999999847e+00,1.694703380470996024e+01
2.329000000000000181e+00,1.698757192493261670e+01
2.330000000000000071e+00,1.692277461849481668e+01
2.330999999999999961e+00,1.700455570033040686e+01
2.331999999999999851e+00,1.704112794660966301e+01
2.333000000000000185e+00,1.696363200434827334e+01
2.334000000000000075e+00,1.703531366787086654e+01
2.334999999999999964e+00,1.700954352917461776e+01
2.335999999999999854e+00,1.694551078625218921e+01
2.337000000000000188e+00,1.699833533890307535e+01
2.338000000000000078e+00,1.708268498529722734e+01
2.338999999999999968e+00,1.704860112237207304e+01
2.339999999999999858e+00,1.700546386005076016e+01
2.341000000000000192e+00,1.700728380205328349e+01
2.342000000000000082e+00,1.700255644296233370e+01
2.342999999999999972e+00,1.700112635435384334e+01
2.343999999999999861e+00,1.696239687557892850e+01
2.345000000000000195e+00,1.699256845390818427e+01
2.346000000000000085e+00,1.698543389376061086e+01
2.346999999999999975e+00,1.701814060012299024e+01
2.347999999999999865e+00,1.704279530491192673e+01
2.349000000000000199e+00,1.696564022660051663e+01
2.350000000000000089e+00,1.698087574281038314e+01
2.350999999999999979e+00,1.698351962393146763e+01
2.351999999999999869e+00,1.694949605320753960e+01
2.353000000000000203e+00,1.696143310805089399e+01
2.354000000000000092e+00,1.700327125067790845e+01
2.354999999999999982e+00,1.698925802168209742e+01
2.355999999999999872e+00,1.692518129407264382e+01
2.357000000000000206e+00,1.700523580924031108e+01
2.358000000000000096e+00,1.691249809556498818e+01
2.358999999999999986e+00,1.699514989135369092e+01
2.359999999999999876e+00,1.693849287018096561e+01
2.361000000000000210e+00,1.694748796455801099e+01
2.362000000000000099e+00,1.700635423675436542e+01
2.362999999999999989e+00,1.692778643508522052e+01
2.363999999999999879e+00,1.701257827897826047e+01
2.365000000000000213e+00,1.698165596153547696e+01
2.366000000000000103e+00,1.701590476752605952e+01
2.366999999999999993e+00,1.696769378091494929e+01
2.367999999999999883e+00,1.702371271718661916e+01
2.369000000000000217e+00,1.693974707010911374e+01
2.370000000000000107e+00,1.696366787166029155e+01
2.370999999999999996e+00,1.706168495572006449e+01
2.371999999999999886e+00,1.693446344215808708e+01
2.373000000000000220e+00,1.707482236668460374e+01
2.374000000000000110e+00,1.696095497843728239e+01
2.375000000000000000e+00,1.704332730947819385e+01
2.375999999999999890e+00,1.705581840145567796e+01
2.376999999999999780e+00,1.695675290863581708e+01
2.378000000000000114e+00,1.710994144150776108e+01
2.379000000000000004e+00,1.697781001330286088e+01
2.379999999999999893e+00,1.695504487131829308e+01
2.380999999999999783e+00,1.697243520003088335e+01
2.382000000000000117e+00,1.699762842505485949e+01
2.383000000000000007e+00,1.709007076711628770e+01
2.383999999999999897e+00,1.700187647491188159e+01
2.384999999999999787e+00,1.703079670110474098e+01
2.386000000000000121e+00,1.702324599404278516e+01
2.387000000000000011e+00,1.696778974620909253e+01
2.387999999999999901e+00,1.693329800819673281e+01
2.388999999999999790e+00,1.700902974117501998e+01
2.390000000000000124e+00,1.703703134917146400e+01
2.391000000000000014e+00,1.708584235579711219e+01
2.391999999999999904e+00,1.700541875506133138e+01
2.392999999999999794e+00,1.701564971781507296e+01
2.394000000000000128e+00,1.693537858342083879e+01
2.395000000000000018e+00,1.707295009422625753e+01
2.395999999999999908e+00,1.704915687351173403e+01
2.396999999999999797e+00,1.705186929071675195e+01
2.398000000000000131e+00,1.709931883083288540e+01
2.399000000000000021e+00,1.707632937801599482e+01
2.399999999999999911e+00,1.705706908759249885e+01
2.400999999999999801e+00,1.699219872928900799e+01
2.402000000000000135e+00,1.708950126763039279e+01
2.403000000000000025e+00,1.704833007645187593e+01
2.403999999999999915e+00,1.702909027829697663e+01
2.404999999999999805e+00,1.702493026680805599e+01
2.406000000000000139e+00,1.708321962368745517e+01
2.407000000000000028e+00,1.709639370637149014e+01
2.407999999999999918e+00,1.701959310538322967e+01
2.408999999999999808e+00,1.702789565743862710e+01
2.410000000000000142e+00,1.703955542422227154e+01
2.411000000000000032e+00,1.707499806346211102e+01
2.411999999999999922e+00,1.705854988254693438e+01
2.412999999999999812e+00,1.703024558837232050e+01
2.414000000000000146e+00,1.701741139180018436e+01
2.415000000000000036e+00,1.707707896683105986e+01
2.415999999999999925e+00,1.693406736206243579e+01
2.416999999999999815e+00,1.699943257888716275e+01
2.418000000000000149e+00,1.693888805495375749e+01
2.419000000000000039e+00,1.688763778287618678e+01
2.419999999999999929e+00,1.696377268372258840e+01
2.420999999999999819e+00,1.694750119042699765e+01
2.422000000000000153e+00,1.697801125428414792e+01
2.423000000000000043e+00,1.694299458219731846e+01
2.423999999999999932e+00,1.698709752099791004e+01
2.424999999999999822e+00,1.703160653212354703e+01
2.426000000000000156e+00,1.707798431027992692e+01
2.427000000000000046e+00,1.706872734251792068e+01
2.427999999999999936e+00,1.704549586553271467e+01
2.428999999999999826e+00,1.699743700573468530e+01
2.430000000000000160e+00,1.704263309267448534e+01
2.431000000000000050e+00,1.704336979340671121e+01
2.431999999999999940e+00,1.701021668403409137e+01
2.432999999999999829e+00,1.692495357544722268e+01
2.434000000000000163e+00,1.694745529180100263e+01
2.435000000000000053e+00,1.699405263775754804e+01
2.435999999999999943e+00,1.697481178998951279e+01
2.436999999999999833e+00,1.698058383326785759e+01
2.438000000000000167e+00,1.694471762303805207e+01
2.439000000000000057e+00,1.695322026747488309e+01
2.439999999999999947e+00,1.693650684908288895e+01
2.440999999999999837e+00,1.693282044558141664e+01
2.442000000000000171e+00,1.692956828152264848e+01
2.443000000000000060e+00,1.691454177818235394e+01
2.443999999999999950e+00,1.694020516123847386e+01
2.444999999999999840e+00,1.698277611601790227e+01
2.446000000000000174e+00,1.686154327882515602e+01
2.447000000000000064e+00,1.691268196460338302e+01
2.447999999999999954e+00,1.691739580397482356e+01
2.448999999999999844e+00,1.691459912485672490e+01
2.450000000000000178e+00,1.686187574781741461e+01
2.451000000000000068e+00,1.690215504429688309e+01
2.451999999999999957e+00,1.691764410474110036e+01
2.452999999999999847e+00,1.685011753362924836e+01
2.454000000000000181e+00,1.692310091658244886e+01
2.455000000000000071e+00,1.694395463623409626e+01
2.455999999999999961e+00,1.690093025474180521e+01
2.456999999999999851e+00,1.696175165015663922e+01
2.458000000000000185e+00,1.697105669961245411e+01
2.459000000000000075e+00,1.696440922654314676e+01
2.459999999999999964e+00,1.694600987983433882e+01
2.460999999999999854e+00,1.695770740338138438e+01
2.462000000000000188e+00,1.702267860929114462e+01
2.463000000000000078e+00,1.697979296040064412e+01
2.463999999999999968e+00,1.698415365918796027e+01
2.464999999999999858e+00,1.694930025088133263e+01
2.466000000000000192e+00,1.703768563271736980e+01
2.467000000000000082e+00,1.692627637102862437e+01
2.467999999999999972e+00,1.699224181814377133e+01
2.468999999999999861e+00,1.696399126777295407e+01
2.470000000000000195e+00,1.699209659318902155e+01
2.471000000000000085e+00,1.699437991701978135e+01
2.471999999999999975e+00,1.702375027744855629e+01
2.472999999999999865e+00,1.702463410614651096e+01
2.474000000000000199e+00,1.700306742980081154e+01
2.475000000000000089e+00,1.701968002356730381e+01
2.475999999999999979e+00,1.700754980088271751e+01
2.476999999999999869e+00,1.703847320639655294e+01
2.478000000000000203e+00,1.699437187993694209e+01
2.479000000000000092e+00,1.698011031061481901e+01
2.479999999999999982e+00,1.709944297447334449e+01
2.480999999999999872e+00,1.701354994744205840e+01
2.482000000000000206e+00,1.697789848659981971e+01
2.483000000000000096e+00,1.710243879800578526e+01
2.483999999999999986e+00,1.706857876477244673e+01
2.484999999999999876e+00,1.700519214247841049e+01
2.486000000000000210e+00,1.700219195239295900e+01
2.487000000000000099e+00,1.701699053071768120e+01
2.487999999999999989e+00,1.705172596305382626e+01
2.488999999999999879e+00,1.704725190692952808e+01
2.490000000000000213e+00,1.699458009800436642e+01
2.491000000000000103e+00,1.700960921883372379e+01
2.491999999999999993e+00,1.702095746693112233e+01
2.492999999999999883e+00,1.698370571196192458e+01
2.494000000000000217e+00,1.695741305163266333e+01
2.495000000000000107e+00,1.700358647275807300e+01
2.495999999999999996e+00,1.699336376587557496e+01
2.496999999999999886e+00,1.698772484430915242e+01
2.498000000000000220e+00,1.696122967953164107e+01
2.499000000000000110e+00,1.687900230918259581e+01
2.500000000000000000e+00,1.705301079545723653e+01
2.500999999999999890e+00,1.699048651830405987e+01
2.501999999999999780e+00,1.700096201910179872e+01
2.503000000000000114e+00,1.698821587348262696e+01
2.504000000000000004e+00,1.698250749248014557e+01
2.504999999999999893e+00,1.700515196305614651e+01
2.505999999999999783e+00,1.698470816482323897e+01
2.507000000000000117e+00,1.704181200395056806e+01
2.508000000000000007e+00,1.698939662237246040e+01
2.508999999999999897e+00,1.696083358558653131e+01
2.509999999999999787e+00,1.696759597286862942e+01
2.511000000000000121e+00,1.707181459308030469e+01
2.512000000000000011e+00,1.701896199621291217e+01
2.512999999999999901e+00,1.702592549046385528e+01
2.513999999999999790e+00,1.696438280569813983e+01
2.515000000000000124e+00,1.698180392519446613e+01
2.516000000000000014e+00,1.699917230312990313e+01
2.516999999999999904e+00,1.696074070087914620e+01
2.517999999999999794e+00,1.707039224234659258e+01
2.519000000000000128e+00,1.700353487207197389e+01
2.520000000000000018e+00,1.701568414194437651e+01
2.520999999999999908e+00,1.704766608385858717e+01
2.521999999999999797e+00,1.702261844456226214e+01
2.523000000000000131e+00,1.701094541689970896e+01
2.524000000000000021e+00,1.705161333394620726e+01
2.524999999999999911e+00,1.704108888896026741e+01
2.525999999999999801e+00,1.705908831205828946e+01
2.527000000000000135e+00,1.706312892945636150e+01
2.528000000000000025e+00,1.709870932862858339e+01
2.528999999999999915e+00,1.699448171886325909e+01
2.529999999999999805e+00,1.702416485541950664e+01
2.531000000000000139e+00,1.696553047523164537e+01
2.532000000000000028e+00,1.700365666951016408e+01
2.532999999999999918e+00,1.701482958284341152e+01
2.533999999999999808e+00,1.704688119814852598e+01
2.535000000000000142e+00,1.699852496207299879e+01
2.536000000000000032e+00,1.706580896747875897e+01
2.536999999999999922e+00,1.704068399185527483e+01
2.537999999999999812e+00,1.704455284749387545e+01
2.539000000000000146e+00,1.701336557449513975e+01
2.540000000000000036e+00,1.707363540324400830e+01
2.540999999999999925e+00,1.705586133287151540e+01
2.541999999999999815e+00,1.707380055696801335e+01
2.543000000000000149e+00,1.704144402399921532e+01
2.544000000000000039e+00,1.705563036324951298e+01
2.544999999999999929e+00,1.701940050677751515e+01
2.545999999999999819e+00,1.707779852202190796e+01
2.547000000000000153e+00,1.709546136528012639e+01
2.548000000000000043e+00,1.704346389510248372e+01
2.548999999999999932e+00,1.703451009805082705e+01
2.549999999999999822e+00,1.712163275914844718e+01
2.551000000000000156e+00,1.712130352828924629e+01
2.552000000000000046e+00,1.707185653757161603e+01
2.552999999999999936e+00,1.707719375731206313e+01
2.553999999999999826e+00,1.702969493640335941e+01
2.555000000000000160e+00,1.709229049528960331e+01
2.556000000000000050e+00,1.706265908000768405e+01
2.556999999999999940e+00,1.709437058535266374e+01
2.557999999999999829e+00,1.712118729136179240e+01
2.559000000000000163e+00,1.707597674670412857e+01
2.560000000000000053e+00,1.707293708755209849e+01
2.560999999999999943e+00,1.701674396012197477e+01
2.561999999999999833e+00,1.704148472530788894e+01
2.563000000000000167e+00,1.707032558622739060e+01
2.564000000000000057e+00,1.705435558368287730e+01
2.564999999999999947e+00,1.701632250893748832e+01
2.565999999999999837e+00,1.703836178232985077e+01
2.567000000000000171e+00,1.704065471811203736e+01
2.568000000000000060e+00,1.696383565997303577e+01
2.568999999999999950e+00,1.701162650319736969e+01
2.569999999999999840e+00,1.702330160661939829e+01
2.571000000000000174e+00,1.702845431394280595e+01
2.572000000000000064e+00,1.700590612461969897e+01
2.572999999999999954e+00,1.707731124898799990e+01
2.573999999999999844e+00,1.698570493465301112e+01
2.575000000000000178e+00,1.699602308855134680e+01
2.576000000000000068e+00,1.697937586885420558e+01
2.576999999999999957e+00,1.694353165827740781e+01
2.577999999999999847e+00,1.696178661709453905e+01
2.579000000000000181e+00,1.706278638136088688e+01
2.580000000000000071e+00,1.696402253935667659e+01
2.580999999999999961e+00,1.697769003220645345e+01
2.581999999999999851e+00,1.700144413415205591e+01
2.583000000000000185e+00,1.703704638852985198e+01
2.584000000000000075e+00,1.708680813073934246e+01
2.584999999999999964e+00,1.710682774495684555e+01
2.585999999999999854e+00,1.705103355079186755e+01
2.587000000000000188e+00,1.696476833456444666e+01
2.588000000000000078e+00,1.693098309234423482e+01
2.588999999999999968e+00,1.709517222670762493e+01
2.589999999999999858e+00,1.710081425204197458e+01
2.591000000000000192e+00,1.699785428866178094e+01
2.592000000000000082e+00,1.703720179100381316e+01
2.592999999999999972e+00,1.702525340432317336e+01
2.593999999999999861e+00,1.708597081386431071e+01
2.595000000000000195e+00,1.705957090565739875e+01
2.596000000000000085e+00,1.699718033895400993e+01
2.596999999999999975e+00,1.707729982899735788e+01
2.597999999999999865e+00,1.712804758598244703e+01
2.599000000000000199e+00,1.708638633043055677e+01
2.600000000000000089e+00,1.708003869456503665e+01
2.600999999999999979e+00,1.707895280416089179e+01
2.601999999999999869e+00,1.704939187640666631e+01
2.603000000000000203e+00,1.710797988275902171e+01
2.604000000000000092e+00,1.703659490722159120e+01
2.604999999999999982e+00,1.699503391810517883e+01
2.605999999999999872e+00,1.706530554120056209e+01
2.607000000000000206e+00,1.700829330854830346e+01
2.608000000000000096e+00,1.700380947852277203e+01
2.608999999999999986e+00,1.693970001572754924e+01
2.609999999999999876e+00,1.695787781181961051e+01
2.611000000000000210e+00,1.695022057638196245e+01
2.612000000000000099e+00,1.705466192569007688e+01
2.612999999999999989e+00,1.706004822858794867e+01
2.613999999999999879e+00,1.707512790661147761e+01
2.615000000000000213e+00,1.707842494883123408e+01
2.616000000000000103e+00,1.705621286688630889e+01
2.616999999999999993e+00,1.702755221533246299e+01
2.617999999999999883e+00,1.711318886193583566e+01
2.619000000000000217e+00,1.707370052594878018e+01
2.620000000000000107e+00,1.700341977785500092e+01
2.620999999999999996e+00,1.707297140004783742e+01
2.621999999999999886e+00,1.704046936859443306e+01
2.623000000000000220e+00,1.705059815910730947e+01
2.624000000000000110e+00,1.701421932940592185e+01
2.625000000000000000e+00,1.703876311766170559e+01
2.625999999999999890e+00,1.707691600434425538e+01
2.626999999999999780e+00,1.703909987762758504e+01
2.628000000000000114e+00,1.707916776906924028e+01
2.629000000000000004e+00,1.703392554030113004e+01
2.629999999999999893e+00,1.704003074112772609e+01
2.630999999999999783e+00,1.708183111880321547e+01
2.632000000000000117e+00,1.702874510374885730e+01
2.633000000000000007e+00,1.704587505726635399e+01
2.633999999999999897e+00,1.699062279986067026e+01
2.634999999999999787e+00,1.699372023487654459e+01
2.636000000000000121e+00,1.699272883328200479e+01
2.637000000000000011e+00,1.702166156506509509e+01
2.637999999999999901e+00,1.706983939010271811e+01
2.638999999999999790e+00,1.706793219811628859e+01
2.640000000000000124e+00,1.702225073705005443e+01
2.641000000000000014e+00,1.703006498197093066e+01
2.641999999999999904e+00,1.714266979799193180e+01
2.642999999999999794e+00,1.699981504953343858e+01
2.644000000000000128e+00,1.701036108635819488e+01
2.645000000000000018e+00,1.711493017188159982e+01
2.645999999999999908e+00,1.703205294686962645e+01
2.646999999999999797e+00,1.708688686670972245e+01
2.648000000000000131e+00,1.705072271842673715e+01
2.649000000000000021e+00,1.701430266703132688e+01
2.649999999999999911e+00,1.708086403096442041e+01
2.650999999999999801e+00,1.711382397036087610e+01
2.652000000000000135e+00,1.702849823209666980e+01
2.653000000000000025e+00,1.716903869267098415e+01
2.653999999999999915e+00,1.707809779261256011e+01
2.654999999999999805e+00,1.708891003463392266e+01
2.656000000000000139e+00,1.710294452250845865e+01
2.657000000000000028e+00,1.700381063680851312e+01
2.657999999999999918e+00,1.706285287391779093e+01
2.658999999999999808e+00,1.703345703892899365e+01
2.660000000000000142e+00,1.704443576326598730e+01
2.661000000000000032e+00,1.707602680741831591e+01
2.661999999999999922e+00,1.710439493866057958e+01
2.662999999999999812e+00,1.707843779216934621e+01
2.664000000000000146e+00,1.705775532071958978e+01
2.665000000000000036e+00,1.700440523918195623e+01
2.665999999999999925e+00,1.707745570788771516e+01
2.666999999999999815e+00,1.709926520127384109e+01
2.668000000000000149e+00,1.707183965425854311e+01
2.669000000000000039e+00,1.710194076668256002e+01
2.669999999999999929e+00,1.706500698530444637e+01
2.670999999999999819e+00,1.711947534102132451e+01
2.672000000000000153e+00,1.701748531080539450e+01
2.673000000000000043e+00,1.711489110304144390e+01
2.673999999999999932e+00,1.711215998621646861e+01
2.674999999999999822e+00,1.706329370050463012e+01
2.676000000000000156e+00,1.703741307723858966e+01
2.677000000000000046e+00,1.703830017173041256e+01
2.677999999999999936e+00,1.701026533632866844e+01
2.678999999999999826e+00,1.711234440524200906e+01
2.680000000000000160e+00,1.709486484571708687e+01
2.681000000000000050e+00,1.707242147532087628e+01
2.681999999999999940e+00,1.707740199856929308e+01
2.682999999999999829e+00,1.702371102070994979e+01
2.684000000000000163e+00,1.703318541091672600e+01
2.685000000000000053e+00,1.706690660033081031e+01
2.685999999999999943e+00,1.703521235040700077e+01
2.686999999999999833e+00,1.701838710977251168e+01
2.688000000000000167e+00,1.708429893368785812e+01
2.689000000000000057e+00,1.704458202177053749e+01
2.689999999999999947e+00,1.698172335894025409e+01
2.690999999999999837e+00,1.702240955021263247e+01
2.692000000000000171e+00,1.700167192377665515e+01
2.693000000000000060e+00,1.708168771906402128e+01
2.693999999999999950e+00,1.704604829723812287e+01
2.694999999999999840e+00,1.706959085196860570e+01
2.696000000000000174e+00,1.696857862452528920e+01
2.697000000000000064e+00,1.699150069792782958e+01
2.697999999999999954e+00,1.705490115056523237e+01
2.698999999999999844e+00,1.704199844103284534e+01
2.700000000000000178e+00,1.703622849030011466e+01
2.701000000000000068e+00,1.703768388072652229e+01
2.701999999999999957e+00,1.705216885594261100e+01
2.702999999999999847e+00,1.705109595532600508e+01
2.704000000000000181e+00,1.700802136827930156e+01
2.705000000000000071e+00,1.701214807582981692e+01
2.705999999999999961e+00,1.705093303757477941e+01
2.706999999999999851e+00,1.714329042049122975e+01
2.708000000000000185e+00,1.713331355970184688e+01
2.709000000000000075e+00,1.710766588134971045e+01
2.709999999999999964e+00,1.698153811273383695e+01
2.710999999999999854e+00,1.702599755936858728e+01
2.712000000000000188e+00,1.701535693942938821e+01
2.713000000000000078e+00,1.706522005630637295e+01
2.713999999999999968e+00,1.693159240353674022e+01
2.714999999999999858e+00,1.708868132378163551e+01
2.716000000000000192e+00,1.702923851072191042e+01
2.717000000000000082e+00,1.704514828423133110e+01
2.717999999999999972e+00,1.703589129221961684e+01
2.718999999999999861e+00,1.705486317118150552e+01
2.720000000000000195e+00,1.701020666162954242e+01
2.721000000000000085e+00,1.704064058560560824e+01
2.721999999999999975e+00,1.700555211009815437e+01
2.722999999999999865e+00,1.696890728430797779e+01
2.724000000000000199e+00,1.707957428890374629e+01
2.725000000000000089e+00,1.707168115968115529e+01
2.725999999999999979e+00,1.709339356736422033e+01
2.726999999999999869e+00,1.701280746524242460e+01
2.728000000000000203e+00,1.706537533311346522e+01
2.729000000000000092e+00,1.703002407214800584e+01
2.729999999999999982e+00,1.705680118058987205e+01
2.730999999999999872e+00,1.703614942610838412e+01
2.732000000000000206e+00,1.702741865419071843e+01
2.733000000000000096e+00,1.702159682496948534e+01
2.733999999999999986e+00,1.702277994881023915e+01
2.734999999999999876e+00,1.702474975779508526e+01
2.736000000000000210e+00,1.707674840540231997e+01
2.737000000000000099e+00,1.705539093718283539e+01
2.737999999999999989e+00,1.703061250695434836e+01
2.738999999999999879e+00,1.710658912711355484e+01
2.740000000000000213e+00,1.701984990407076026e+01
2.741000000000000103e+00,1.702396536876317867e+01
2.741999999999999993e+00,1.698665902154878538e+01
2.742999999999999883e+00,1.701055142517374463e+01
2.744000000000000217e+00,1.704615908914128752e+01
2.745000000000000107e+00,1.705489756749178554e+01
2.745999999999999996e+00,1.698097040300274330e+01
2.746999999999999886e+00,1.705593871685896445e+01
2.748000000000000220e+00,1.698150722489612718e+01
2.749000000000000110e+00,1.699656690392479419e+01
2.750000000000000000e+00,1.702462295346192178e+01
2.750999999999999890e+00,1.704008957297740778e+01
2.751999999999999780e+00,1.703657084893306006e+01
2.753000000000000114e+00,1.697837843371610944e+01
2.754000000000000004e+00,1.695014411874637972e+01
2.754999999999999893e+00,1.703870115620692260e+01
2.755999999999999783e+00,1.698943090726103833e+01
2.757000000000000117e+00,1.700164509440751459e+01
2.758000000000000007e+00,1.705099214414786957e+01
2.758999999999999897e+00,1.708296917233002432e+01
2.759999999999999787e+00,1.705828146188021677e+01
2.761000000000000121e+00,1.711238471159960284e+01
2.762000000000000011e+00,1.714694017092216782e+01
2.762999999999999901e+00,1.711537567545486738e+01
2.763999999999999790e+00,1.716161740776495392e+01
2.765000000000000124e+00,1.707884500661558036e+01
2.766000000000000014e+00,1.710980590261881673e+01
2.766999999999999904e+00,1.711821707535420245e+01
2.767999999999999794e+00,1.711625791793175821e+01
2.769000000000000128e+00,1.712943129858901514e+01
2.770000000000000018e+00,1.712681982913257528e+01
2.770999999999999908e+00,1.705121451630362372e+01
2.771999999999999797e+00,1.708690419310586961e+01
2.773000000000000131e+00,1.707351508513043115e+01
2.774000000000000021e+00,1.706820859797599255e+01
2.774999999999999911e+00,1.708875984655810498e+01
2.775999999999999801e+00,1.712124513066185827e+01
2.777000000000000135e+00,1.709243652887218090e+01
2.778000000000000025e+00,1.715863199519030147e+01
2.778999999999999915e+00,1.720060008402789364e+01
2.779999999999999805e+00,1.716458385795496966e+01
2.781000000000000139e+00,1.706984760234759690e+01
2.782000000000000028e+00,1.710122552233401905e+01
2.782999999999999918e+00,1.712685533469212373e+01
2.783999999999999808e+00,1.722882118533740936e+01
2.785000000000000142e+00,1.719829421802274894e+01
2.786000000000000032e+00,1.719382383798838987e+01
2.786999999999999922e+00,1.712933583674157845e+01
2.787999999999999812e+00,1.712580031120850421e+01
2.789000000000000146e+00,1.709039651906593704e+01
2.790000000000000036e+00,1.714071727269063317e+01
2.790999999999999925e+00,1.718334646539845778e+01
2.791999999999999815e+00,1.715708650955075854e+01
2.793000000000000149e+00,1.716817259660973960e+01
2.794000000000000039e+00,1.716055193858201378e+01
2.794999999999999929e+00,1.716398822192493157e+01
2.795999999999999819e+00,1.716786197865075891e+01
2.797000000000000153e+00,1.711841610325526020e+01
2.798000000000000043e+00,1.717490902254069951e+01
2.798999999999999932e+00,1.718847854394822150e+01
2.799999999999999822e+00,1.718121448037844701e+01
2.801000000000000156e+00,1.712831021327732373e+01
2.802000000000000046e+00,1.713174526154865163e+01
2.802999999999999936e+00,1.718676595040465571e+01
2.803999999999999826e+00,1.724103872803792115e+01
2.805000000000000160e+00,1.714169215349242492e+01
2.806000000000000050e+00,1.716708802514500221e+01
2.806999999999999940e+00,1.718584548949853286e+01
2.807999999999999829e+00,1.717382068823301111e+01
2.809000000000000163e+00,1.711960763878366620e+01
2.810000000000000053e+00,1.719883612486075819e+01
2.810999999999999943e+00,1.718070905651590152e+01
2.811999999999999833e+00,1.713841062552128847e+01
2.813000000000000167e+00,1.714284823969015292e+01
2.814000000000000057e+00,1.718165372953343706e+01
2.814999999999999947e+00,1.716409703091849792e+01
2.815999999999999837e+00,1.712874618699591167e+01
2.817000000000000171e+00,1.715895099442883520e+01
2.818000000000000060e+00,1.710555055573059846e+01
2.818999999999999950e+00,1.720727445315330328e+01
2.819999999999999840e+00,1.712841207960558876e+01
2.821000000000000174e+00,1.718803648347017798e+01
2.822000000000000064e+00,1.718329829206272308e+01
2.822999999999999954e+00,1.715364151401790949e+01
2.823999999999999844e+00,1.713860965225428501e+01
2.825000000000000178e+00,1.715321755755323352e+01
2.826000000000000068e+00,1.711098912339322098e+01
2.826999999999999957e+00,1.714300020118488632e+01
2.827999999999999847e+00,1.711820580502093492e+01
2.829000000000000181e+00,1.709167234541066094e+01
2.830000000000000071e+00,1.706122100253588769e+01
2.830999999999999961e+00,1.713429075291446324e+01
2.831999999999999851e+00,1.713765161053168740e+01
2.833000000000000185e+00,1.711112858542742288e+01
2.834000000000000075e+00,1.708227698022652419e+01
2.834999999999999964e+00,1.720075910173438771e+01
2.835999999999999854e+00,1.710572536312856684e+01
2.837000000000000188e+00,1.710269943144835025e+01
2.838000000000000078e+00,1.712619924895391677e+01
2.838999999999999968e+00,1.718043588203425998e+01
2.839999999999999858e+00,1.714790270732260069e+01
2.841000000000000192e+00,1.705962041080699976e+01
2.842000000000000082e+00,1.715952987020461507e+01
2.842999999999999972e+00,1.708433151193569444e+01
2.843999999999999861e+00,1.717169830386303886e+01
2.845000000000000195e+00,1.716147710966701112e+01
2.846000000000000085e+00,1.722903052189114348e+01
2.846999999999999975e+00,1.724068521312585389e+01
2.847999999999999865e+00,1.714814156505638820e+01
2.849000000000000199e+00,1.717655284500407475e+01
2.850000000000000089e+00,1.712464571149033432e+01
2.850999999999999979e+00,1.710610522086800955e+01
2.851999999999999869e+00,1.711350875731456966e+01
2.853000000000000203e+00,1.718367503746681990e+01
2.854000000000000092e+00,1.719122957191406087e+01
2.854999999999999982e+00,1.715833388434352358e+01
2.855999999999999872e+00,1.720815041632438636e+01
2.857000000000000206e+00,1.719493684036602943e+01
2.858000000000000096e+00,1.718976946628190206e+01
2.858999999999999986e+00,1.717269052336434854e+01
2.859999999999999876e+00,1.715605397378575958e+01
2.861000000000000210e+00,1.716448342551967698e+01
2.862000000000000099e+00,1.709925728499585063e+01
2.862999999999999989e+00,1.711930041505433664e+01
2.863999999999999879e+00,1.714717597313483921e+01
2.865000000000000213e+00,1.712847253057801922e+01
2.866000000000000103e+00,1.708187916252628469e+01
2.866999999999999993e+00,1.707680743862350425e+01
2.867999999999999883e+00,1.708362245873112073e+01
2.869000000000000217e+00,1.709818604795826502e+01
2.870000000000000107e+00,1.704576002133081047e+01
2.870999999999999996e+00,1.704751538093197993e+01
2.871999999999999886e+00,1.705935315912667249e+01
2.873000000000000220e+00,1.708994536663391983e+01
2.874000000000000110e+00,1.717017975746075820e+01
2.875000000000000000e+00,1.706364792164353972e+01
2.875999999999999890e+00,1.711009201893463683e+01
2.876999999999999780e+00,1.711469178989037232e+01
2.878000000000000114e+00,1.714571313370520755e+01
2.879000000000000004e+00,1.714382981752048352e+01
2.879999999999999893e+00,1.710500813564659239e+01
2.880999999999999783e+00,1.706718882069701948e+01
2.882000000000000117e+00,1.710481810165047989e+01
2.883000000000000007e+00,1.714384569102936240e+01
2.883999999999999897e+00,1.707407828433753849e+01
2.884999999999999787e+00,1.710046761928349568e+01
2.886000000000000121e+00,1.706936452020782724e+01
2.887000000000000011e+00,1.708351907881451837e+01
2.887999999999999901e+00,1.712954163971754440e+01
2.888999999999999790e+00,1.706378874263326750e+01
2.890000000000000124e+00,1.708685170782621299e+01
2.891000000000000014e+00,1.707155656268985666e+01
2.891999999999999904e+00,1.706153572511377448e+01
2.892999999999999794e+00,1.709519592142856936e+01
2.894000000000000128e+00,1.710634459931565843e+01
2.895000000000000018e+00,1.708675235432777129e+01
2.895999999999999908e+00,1.706826071961029356e+01
2.896999999999999797e+00,1.720264387165763154e+01
2.898000000000000131e+00,1.711375930066776263e+01
2.899000000000000021e+00,1.702891360651939223e+01
2.899999999999999911e+00,1.710946433309092640e+01
2.900999999999999801e+00,1.704941960088472896e+01
2.902000000000000135e+00,1.708936406634436267e+01
2.903000000000000025e+00,1.705292445116666755e+01
2.903999999999999915e+00,1.703110024722784388e+01
2.904999999999999805e+00,1.704077526941812337e+01
2.906000000000000139e+00,1.700920581481544858e+01
2.907000000000000028e+00,1.708997994762837891e+01
2.907999999999999918e+00,1.698073654253471076e+01
2.908999999999999808e+00,1.702517602699733956e+01
2.910000000000000142e+00,1.702366381326311995e+01
2.911000000000000032e+00,1.702626542593898762e+01
2.911999999999999922e+00,1.703005411688746662e+01
2.912999999999999812e+00,1.701000888694321844e+01
2.914000000000000146e+00,1.705896385603226761e+01
2.915000000000000036e+00,1.705153153592108239e+01
2.915999999999999925e+00,1.709220402712456277e+01
2.916999999999999815e+00,1.703924044513175673e+01
2.918000000000000149e+00,1.702221534219295052e+01
2.919000000000000039e+00,1.702988216408575184e+01
2.919999999999999929e+00,1.708242449282877118e+01
2.920999999999999819e+00,1.706150127666345284e+01
2.922000000000000153e+00,1.711712942437883100e+01
2.923000000000000043e+00,1.711087757556300559e+01
2.923999999999999932e+00,1.701675442510805425e+01
2.924999999999999822e+00,1.709592658957113187e+01
2.926000000000000156e+00,1.713486028027658037e+01
2.927000000000000046e+00,1.707651073133212094e+01
2.927999999999999936e+00,1.706839842548715680e+01
2.928999999999999826e+00,1.707753298062874592e+01
2.930000000000000160e+00,1.715227668604284972e+01
2.931000000000000050e+00,1.710311850749621954e+01
2.931999999999999940e+00,1.700992685446571429e+01
2.932999999999999829e+00,1.708282032113768523e+01
2.934000000000000163e+00,1.706675621093571493e+01
2.935000000000000053e+00,1.708052738338046339e+01
2.935999999999999943e+00,1.707440855496105669e+01
2.936999999999999833e+00,1.712171050360753100e+01
2.938000000000000167e+00,1.706358036324182237e+01
2.939000000000000057e+00,1.704971583503971999e+01
2.939999999999999947e+00,1.708550289986654391e+01
2.940999999999999837e+00,1.704324176164941917e+01
2.942000000000000171e+00,1.707716133850856011e+01
2.943000000000000060e+00,1.712917787839259987e+01
2.943999999999999950e+00,1.706333388097822734e+01
2.944999999999999840e+00,1.703447522398796465e+01
2.946000000000000174e+00,1.706700741339635385e+01
2.947000000000000064e+00,1.710714766971552692e+01
2.947999999999999954e+00,1.715286213891370437e+01
2.948999999999999844e+00,1.718368411881976243e+01
2.950000000000000178e+00,1.717784595970603689e+01
2.951000000000000068e+00,1.706145162584995845e+01
2.951999999999999957e+00,1.717107455268423877e+01
2.952999999999999847e+00,1.710232383672557788e+01
2.954000000000000181e+00,1.707681160420919042e+01
2.955000000000000071e+00,1.706902619241553865e+01
2.955999999999999961e+00,1.708256141114471305e+01
2.956999999999999851e+00,1.706291752559563690e+01
2.958000000000000185e+00,1.710462163899667232e+01
2.959000000000000075e+00,1.707920990478111278e+01
2.959999999999999964e+00,1.707025322054313321e+01
2.960999999999999854e+00,1.703058958714179383e+01
2.962000000000000188e+00,1.706264047184543031e+01
2.963000000000000078e+00,1.703559241860893891e+01
2.963999999999999968e+00,1.706965962118346880e+01
2.964999999999999858e+00,1.707716249200002068e+01
2.966000000000000192e+00,1.709210995631178065e+01
2.967000000000000082e+00,1.714606901420134477e+01
2.967999999999999972e+00,1.708892711509364659e+01
2.968999999999999861e+00,1.704034506473450961e+01
2.970000000000000195e+00,1.705788238630202258e+01
2.971000000000000085e+00,1.705968517414440200e+01
2.971999999999999975e+00,1.703349449445803998e+01
2.972999999999999865e+00,1.703438143436301999e+01
2.974000000000000199e+00,1.706400006268084724e+01
2.975000000000000089e+00,1.709150879259792788e+01
2.975999999999999979e+00,1.710978137469597726e+01
2.976999999999999869e+00,1.709833916697652612e+01
2.978000000000000203e+00,1.706406336498559284e+01
2.979000000000000092e+00,1.707219743135013701e+01
2.979999999999999982e+00,1.707179814890922742e+01
2.980999999999999872e+00,1.706334191039461246e+01
2.982000000000000206e+00,1.709734902679353041e+01
2.983000000000000096e+00,1.703686103336448809e+01
2.983999999999999986e+00,1.710383234518193873e+01
2.984999999999999876e+00,1.714083873494553956e+01
2.986000000000000210e+00,1.704435500480320798e+01
2.987000000000000099e+00,1.711713296206874091e+01
2.987999999999999989e+00,1.711270599044877372e+01
2.988999999999999879e+00,1.705454530640540156e+01
2.990000000000000213e+00,1.705087293866703035e+01
2.991000000000000103e+00,1.702107770540981946e+01
2.991999999999999993e+00,1.710287766930937536e+01
2.992999999999999883e+00,1.708180964898433629e+01
2.994000000000000217e+00,1.706692483847981023e+01
2.995000000000000107e+00,1.702960280816323291e+01
2.995999999999999996e+00,1.701126478816743770e+01
2.996999999999999886e+00,1.705756344075591713e+01
2.998000000000000220e+00,1.711265377446016345e+01
2.999000000000000110e+00,1.703236193488815431e+01
3.000000000000000000e+00,1.716223326937225835e+01
3.000999999999999890e+00,1.710251659148799774e+01
3.001999999999999780e+00,1.713672361329482996e+01
3.003000000000000114e+00,1.704098174562791002e+01
3.004000000000000004e+00,1.708999947467567893e+01
3.004999999999999893e+00,1.706118226069293087e+01
3.005999999999999783e+00,1.704264147495396742e+01
3.007000000000000117e+00,1.710889448184939710e+01
3.008000000000000007e+00,1.708085261137602018e+01
3.008999999999999897e+00,1.708692015859767821e+01
3.009999999999999787e+00,1.698368179556921831e+01
3.011000000000000121e+00,1.711050492553775371e+01
3.012000000000000011e+00,1.699512969552077735e+01
3.012999999999999901e+00,1.704658429525659358e+01
3.013999999999999790e+00,1.701830854195873144e+01
3.015000000000000124e+00,1.706355035877106019e+01
3.016000000000000014e+00,1.705902853069590464e+01
3.016999999999999904e+00,1.701924361315197842e+01
3.017999999999999794e+00,1.709668517201738780e+01
3.019000000000000128e+00,1.706265182570469463e+01
3.020000000000000018e+00,1.708024357355770917e+01
3.020999999999999908e+00,1.707208916676716726e+01
3.021999999999999797e+00,1.704908646200114575e+01
3.023000000000000131e+00,1.712131626580977795e+01
3.024000000000000021e+00,1.710617992121935060e+01
3.024999999999999911e+00,1.704152834110230685e+01
3.025999999999999801e+00,1.710751017897360526e+01
3.027000000000000135e+00,1.705038633787027891e+01
3.028000000000000025e+00,1.703196485085047840e+01
3.028999999999999915e+00,1.702770304555812331e+01
3.029999999999999805e+00,1.707662323797400816e+01
3.031000000000000139e+00,1.708601884018231587e+01
3.032000000000000028e+00,1.703877341714029470e+01
3.032999999999999918e+00,1.702386265023312362e+01
3.033999999999999808e+00,1.697983725640119701e+01
3.035000000000000142e+00,1.707277768312058086e+01
3.036000000000000032e+00,1.705302269591209097e+01
3.036999999999999922e+00,1.711540933758401195e+01
3.037999999999999812e+00,1.706944081512041222e+01
3.039000000000000146e+00,1.710052653169556436e+01
3.040000000000000036e+00,1.718546359869315054e+01
3.040999999999999925e+00,1.714921114232905097e+01
3.041999999999999815e+00,1.709638489909702486e+01
3.043000000000000149e+00,1.712511742027274053e+01
3.044000000000000039e+00,1.713123662770286870e+01
3.044999999999999929e+00,1.715162759347691335e+01
3.045999999999999819e+00,1.714126143676213943e+01
3.047000000000000153e+00,1.709992665723560989e+01
3.048000000000000043e+00,1.711886447240526365e+01
3.048999999999999932e+00,1.711965806165371262e+01
3.049999999999999822e+00,1.710349581242548211e+01
3.051000000000000156e+00,1.717563561787658699e+01
3.052000000000000046e+00,1.708370907828617646e+01
3.052999999999999936e+00,1.705124742512210645e+01
3.053999999999999826e+00,1.710483721040635885e+01
3.055000000000000160e+00,1.707066489897176709e+01
3.056000000000000050e+00,1.703822066055462514e+01
3.056999999999999940e+00,1.706229092898889377e+01
3.057999999999999829e+00,1.699095287142093724e+01
3.059000000000000163e+00,1.709266756129749965e+01
3.060000000000000053e+00,1.705534832501454545e+01
3.060999999999999943e+00,1.700261245904096086e+01
3.061999999999999833e+00,1.706666816901174144e+01
3.063000000000000167e+00,1.702684055343499381e+01
3.064000000000000057e+00,1.707849450215564602e+01
3.064999999999999947e+00,1.702253351550097804e+01
3.065999999999999837e+00,1.707239579482083158e+01
3.067000000000000171e+00,1.713928036766323615e+01
3.068000000000000060e+00,1.707841084133965381e+01
3.068999999999999950e+00,1.710592333956069666e+01
3.069999999999999840e+00,1.706871508932810499e+01
3.071000000000000174e+00,1.711354725372668284e+01
3.072000000000000064e+00,1.705578400378222526e+01
3.072999999999999954e+00,1.709628259540836837e+01
3.073999999999999844e+00,1.708799166720567797e+01
3.075000000000000178e+00,1.708033950490192154e+01
3.076000000000000068e+00,1.712206029151794695e+01
3.076999999999999957e+00,1.711637880011573642e+01
3.077999999999999847e+00,1.711149010291815742e+01
3.079000000000000181e+00,1.714218662666890935e+01
3.080000000000000071e+00,1.709505467928667244e+01
3.080999999999999961e+00,1.713342051956508882e+01
3.081999999999999851e+00,1.709200348601907038e+01
3.083000000000000185e+00,1.709383394263259603e+01
3.084000000000000075e+00,1.713864306556836681e+01
3.084999999999999964e+00,1.709049453950731845e+01
3.085999999999999854e+00,1.703049114178432433e+01
3.087000000000000188e+00,1.703365427424396117e+01
3.088000000000000078e+00,1.698541745476623177e+01
3.088999999999999968e+00,1.706785941233047055e+01
3.089999999999999858e+00,1.704783962953324661e+01
3.091000000000000192e+00,1.706078948746909774e+01
3.092000000000000082e+00,1.706395366607766917e+01
3.092999999999999972e+00,1.711798150041463273e+01
3.093999999999999861e+00,1.709046863698412011e+01
3.095000000000000195e+00,1.715921865983247940e+01
3.096000000000000085e+00,1.717720345895426348e+01
3.096999999999999975e+00,1.716487652222060589e+01
3.097999999999999865e+00,1.710032025932553168e+01
3.099000000000000199e+00,1.708018039830927393e+01
3.100000000000000089e+00,1.716092986611483440e+01
3.100999999999999979e+00,1.705918342681183830e+01
3.101999999999999869e+00,1.705033968213815143e+01
3.103000000000000203e+00,1.704260041748704424e+01
3.104000000000000092e+00,1.708702183775649885e+01
3.104999999999999982e+00,1.709150998444724934e+01
3.105999999999999872e+00,1.713657578642471790e+01
3.107000000000000206e+00,1.711060118837261257e+01
3.108000000000000096e+00,1.704839267587633955e+01
3.108999999999999986e+00,1.707397682389012061e+01
3.109999999999999876e+00,1.701402166052938369e+01
3.111000000000000210e+00,1.708774820965146901e+01
3.112000000000000099e+00,1.700953340418521620e+01
3.112999999999999989e+00,1.710521751179241079e+01
3.113999999999999879e+00,1.707321675867588340e+01
3.115000000000000213e+00,1.709425816235036066e+01
3.116000000000000103e+00,1.717988552732732188e+01
3.116999999999999993e+00,1.704043334301439927e+01
3.117999999999999883e+00,1.704969854678874341e+01
3.119000000000000217e+00,1.714847822860048865e+01
3.120000000000000107e+00,1.707685792458613960e+01
3.120999999999999996e+00,1.709806311287446334e+01
3.121999999999999886e+00,1.704110997666589711e+01
3.123000000000000220e+00,1.707700035225492385e+01
3.124000000000000110e+00,1.719011464067743589e+01
3.125000000000000000e+00,1.709657860565867793e+01
3.125999999999999890e+00,1.713398669182712197e+01
3.126999999999999780e+00,1.706727437823972693e+01
3.128000000000000114e+00,1.701687441039061355e+01
3.129000000000000004e+00,1.707904573243700952e+01
3.129999999999999893e+00,1.711758812041475153e+01
3.130999999999999783e+00,1.708828392106400429e+01
3.132000000000000117e+00,1.711427106269562159e+01
3.133000000000000007e+00,1.706133093255182231e+01
3.133999999999999897e+00,1.704856019670913270e+01
3.134999999999999787e+00,1.712584650148802368e+01
3.136000000000000121e+00,1.708422279753707329e+01
3.137000000000000011e+00,1.703339726450077407e+01
3.137999999999999901e+00,1.705897650911467522e+01
3.138999999999999790e+00,1.707672217642380019e+01
3.140000000000000124e+00,1.705171189312234148e+01
3.141000000000000014e+00,1.706863148806513664e+01
3.141999999999999904e+00,1.710652817320242036e+01
3.142999999999999794e+00,1.708165581375134678e+01
3.144000000000000128e+00,1.709149345212981785e+01
3.145000000000000018e+00,1.702771958347885928e+01
3.145999999999999908e+00,1.708324721578329175e+01
3.146999999999999797e+00,1.708313654619916733e+01
3.148000000000000131e+00,1.709428728265943320e+01
3.149000000000000021e+00,1.702261305225061960e+01
3.149999999999999911e+00,1.703634003814461195e+01
3.150999999999999801e+00,1.706642129256054119e+01
3.152000000000000135e+00,1.696605149156709658e+01
3.153000000000000025e+00,1.708117838712076519e+01
3.153999999999999915e+00,1.704772356955625412e+01
3.154999999999999805e+00,1.704527129477142822e+01
3.156000000000000139e+00,1.704674602480962875e+01
3.157000000000000028e+00,1.701244259336073839e+01
3.157999999999999918e+00,1.700085736692898664e+01
3.158999999999999808e+00,1.703423330190757667e+01
3.160000000000000142e+00,1.701816620077378417e+01
3.161000000000000032e+00,1.698826368505505968e+01
3.161999999999999922e+00,1.700138424199401044e+01
3.162999999999999812e+00,1.697617316475101390e+01
3.164000000000000146e+00,1.699411676901749502e+01
3.165000000000000036e+00,1.703344367808566773e+01
3.165999999999999925e+00,1.709823302998549366e+01
3.166999999999999815e+00,1.697976879991310284e+01
3.168000000000000149e+00,1.704435794679024596e+01
3.169000000000000039e+00,1.699375278929827360e+01
3.169999999999999929e+00,1.700955061070150975e+01
3.170999999999999819e+00,1.703140990239082697e+01
3.172000000000000153e+00,1.698519308337660405e+01
3.173000000000000043e+00,1.693933492836851329e+01
3.173999999999999932e+00,1.702291981524072639e+01
3.174999999999999822e+00,1.701544554348082983e+01
3.176000000000000156e+00,1.699241596099292906e+01
3.177000000000000046e+00,1.698358189377805516e+01
3.177999999999999936e+00,1.703982737995107755e+01
3.178999999999999826e+00,1.704868783727760473e+01
3.180000000000000160e+00,1.704177326243416957e+01
3.181000000000000050e+00,1.705480301626898409e+01
3.181999999999999940e+00,1.707407577952096744e+01
3.182999999999999829e+00,1.705714361663854106e+01
3.184000000000000163e+00,1.703205151602456624e+01
3.185000000000000053e+00,1.699418294214950720e+01
3.185999999999999943e+00,1.698934050760178494e+01
3.186999999999999833e+00,1.694873334315871460e+01
3.188000000000000167e+00,1.689977807319312930e+01
3.189000000000000057e+00,1.695862344222307883e+01
3.189999999999999947e+00,1.695164677941476583e+01
3.190999999999999837e+00,1.694609497362036521e+01
3.192000000000000171e+00,1.696404922816006788e+01
3.193000000000000060e+00,1.692523154561010301e+01
3.193999999999999950e+00,1.686927777165902853e+01
3.194999999999999840e+00,1.695077679265814652e+01
3.196000000000000174e+00,1.697856414585469764e+01
3.197000000000000064e+00,1.700883945314201284e+01
3.197999999999999954e+00,1.697272687295540194e+01
3.198999999999999844e+00,1.702656748662874264e+01
3.200000000000000178e+00,1.701959592272159227e+01
3.201000000000000068e+00,1.701461353851631131e+01
3.201999999999999957e+00,1.703729995136318109e+01
3.202999999999999847e+00,1.704386307670150558e+01
3.204000000000000181e+00,1.690671545929940223e+01
3.205000000000000071e+00,1.695165669195323233e+01
3.205999999999999961e+00,1.701686668170666650e+01
3.206999999999999851e+00,1.695885129243375289e+01
3.208000000000000185e+00,1.702130006749552393e+01
3.209000000000000075e+00,1.691887201386092698e+01
3.209999999999999964e+00,1.697795456424497829e+01
3.210999999999999854e+00,1.699890261717050777e+01
3.212000000000000188e+00,1.702261017640943308e+01
3.213000000000000078e+00,1.692906998535568874e+01
3.213999999999999968e+00,1.696175011135062505e+01
3.214999999999999858e+00,1.692337035509752141e+01
3.216000000000000192e+00,1.697756323435466541e+01
3.217000000000000082e+00,1.700092489818091224e+01
3.217999999999999972e+00,1.697681089365668328e+01
3.218999999999999861e+00,1.695811515242022693e+01
3.220000000000000195e+00,1.711346735564342225e+01
3.221000000000000085e+00,1.704780316485842917e+01
3.221999999999999975e+00,1.708989849607225153e+01
3.222999999999999865e+00,1.698871402770450700e+01
3.224000000000000199e+00,1.700622319734196708e+01
3.225000000000000089e+00,1.694040155594806052e+01
3.225999999999999979e+00,1.702734478825881936e+01
3.226999999999999869e+00,1.706364748798411668e+01
3.228000000000000203e+00,1.701549057417430788e+01
3.229000000000000092e+00,1.698163392185855614e+01
3.229999999999999982e+00,1.705514281861059445e+01
3.230999999999999872e+00,1.708707085681551874e+01
3.232000000000000206e+00,1.711423724917031564e+01
3.233000000000000096e+00,1.696696008664732602e+01
3.233999999999999986e+00,1.697015706711572136e+01
3.234999999999999876e+00,1.706913285653261880e+01
3.236000000000000210e+00,1.700743183766238076e+01
3.237000000000000099e+00,1.706092785887111063e+01
3.237999999999999989e+00,1.703067719038535444e+01
3.238999999999999879e+00,1.705038181113864582e+01
3.240000000000000213e+00,1.707120673059371541e+01
3.241000000000000103e+00,1.695760515610516350e+01
3.241999999999999993e+00,1.707879667522921352e+01
3.242999999999999883e+00,1.705737457485488306e+01
3.244000000000000217e+00,1.704317117261995662e+01
3.245000000000000107e+00,1.702081257264285341e+01
3.245999999999999996e+00,1.699432606735139473e+01
3.246999999999999886e+00,1.698568694341784280e+01
3.248000000000000220e+00,1.701239662361232163e+01
3.249000000000000110e+00,1.696806477645237266e+01
3.250000000000000000e+00,1.695070306052021181e+01
3.250999999999999890e+00,1.696958938866135469e+01
3.251999999999999780e+00,1.699223704669267931e+01
3.253000000000000114e+00,1.698013784034590756e+01
3.254000000000000004e+00,1.691903418925468472e+01
3.254999999999999893e+00,1.698404108608981744e+01
3.255999999999999783e+00,1.702255446562083918e+01
3.257000000000000117e+00,1.696312101953491336e+01
3.258000000000000007e+00,1.696503533233635608e+01
3.258999999999999897e+00,1.695923197636341939e+01
3.259999999999999787e+00,1.699399345073856793e+01
3.261000000000000121e+00,1.694808176745507211e+01
3.262000000000000011e+00,1.701661933921900882e+01
3.262999999999999901e+00,1.698290579450299020e+01
3.263999999999999790e+00,1.705012493552853670e+01
3.265000000000000124e+00,1.700668216746929318e+01
3.266000000000000014e+00,1.698852267543136918e+01
3.266999999999999904e+00,1.700541279526472138e+01
3.267999999999999794e+00,1.698056977336216988e+01
3.269000000000000128e+00,1.694539046160561568e+01
3.270000000000000018e+00,1.691808368471054180e+01
3.270999999999999908e+00,1.699996931711167747e+01
3.271999999999999797e+00,1.695554846511566893e+01
3.273000000000000131e+00,1.692540513242057187e+01
3.274000000000000021e+00,1.690696190280131717e+01
3.274999999999999911e+00,1.690738727588023593e+01
3.275999999999999801e+00,1.697059415320228837e+01
3.277000000000000135e+00,1.696040371026236926e+01
3.278000000000000025e+00,1.694157352075703571e+01
3.278999999999999915e+00,1.701774528460892455e+01
3.279999999999999805e+00,1.700274965439749053e+01
3.281000000000000139e+00,1.697027461637513213e+01
3.282000000000000028e+00,1.703932344680904265e+01
3.282999999999999918e+00,1.700194918753746975e+01
3.283999999999999808e+00,1.697378154233975067e+01
3.285000000000000142e+00,1.704743829237938968e+01
3.286000000000000032e+00,1.704770098591976790e+01
3.286999999999999922e+00,1.707543263597746375e+01
3.287999999999999812e+00,1.700033974180089302e+01
3.289000000000000146e+00,1.697352942074263282e+01
3.290000000000000036e+00,1.696759638964908490e+01
3.290999999999999925e+00,1.698792436371584103e+01
3.291999999999999815e+00,1.703034562552341313e+01
3.293000000000000149e+00,1.697766821891019617e+01
3.294000000000000039e+00,1.703703839300485257e+01
3.294999999999999929e+00,1.700251332392049264e+01
3.295999999999999819e+00,1.694135078842890252e+01
3.297000000000000153e+00,1.702135802076907112e+01
3.298000000000000043e+00,1.695034782376772498e+01
3.298999999999999932e+00,1.692568564643347173e+01
3.299999999999999822e+00,1.698996241906235838e+01
3.301000000000000156e+00,1.695217560438236148e+01
3.302000000000000046e+00,1.702210977954073812e+01
3.302999999999999936e+00,1.700849418185245554e+01
3.303999999999999826e+00,1.700433368240889820e+01
3.305000000000000160e+00,1.698899464280084004e+01
3.306000000000000050e+00,1.705035067720370279e+01
3.306999999999999940e+00,1.698030931459296866e+01
3.307999999999999829e+00,1.698388017243892634e+01
3.309000000000000163e+00,1.703768437411564562e+01
3.310000000000000053e+00,1.698412508790755027e+01
3.310999999999999943e+00,1.700482486528161985e+01
3.311999999999999833e+00,1.701395512716823077e+01
3.313000000000000167e+00,1.695389934083304340e+01
3.314000000000000057e+00,1.690207059440504622e+01
3.314999999999999947e+00,1.694848598456807309e+01
3.315999999999999837e+00,1.692295024759654254e+01
3.317000000000000171e+00,1.690298015943483634e+01
3.318000000000000060e+00,1.689129716913044277e+01
3.318999999999999950e+00,1.695645148597929719e+01
3.319999999999999840e+00,1.700110178200814204e+01
3.321000000000000174e+00,1.699533836844016577e+01
3.322000000000000064e+00,1.696225435987076224e+01
3.322999999999999954e+00,1.703334701799650830e+01
3.323999999999999844e+00,1.693916393249443075e+01
3.325000000000000178e+00,1.697751381469780796e+01
3.326000000000000068e+00,1.694070071353424467e+01
3.326999999999999957e+00,1.702731644894468133e+01
3.327999999999999847e+00,1.694563921429044484e+01
3.329000000000000181e+00,1.699497070058814074e+01
3.330000000000000071e+00,1.697120478798075283e+01
3.330999999999999961e+00,1.699504088721054629e+01
3.331999999999999851e+00,1.697794624980618750e+01
3.333000000000000185e+00,1.699141317552038899e+01
3.334000000000000075e+00,1.700400603640601815e+01
3.334999999999999964e+00,1.692301026546363119e+01
3.335999999999999854e+00,1.696931940494787483e+01
3.337000000000000188e+00,1.698350569429826962e+01
3.338000000000000078e+00,1.699399559817810967e+01
3.338999999999999968e+00,1.695995318672275687e+01
3.339999999999999858e+00,1.702786743970497696e+01
3.341000000000000192e+00,1.705210472150056944e+01
3.342000000000000082e+00,1.701408777233048042e+01
3.342999999999999972e+00,1.690099490808212579e+01
3.343999999999999861e+00,1.696374572817740756e+01
3.345000000000000195e+00,1.702566936467720637e+01
3.346000000000000085e+00,1.700331041899395856e+01
3.346999999999999975e+00,1.699964219939522891e+01
3.347999999999999865e+00,1.695401467533282869e+01
3.349000000000000199e+00,1.697208495660689564e+01
3.350000000000000089e+00,1.703871543792360299e+01
3.350999999999999979e+00,1.703530699717567742e+01
3.351999999999999869e+00,1.695572356468502306e+01
3.353000000000000203e+00,1.700490474742211333e+01
3.354000000000000092e+00,1.699105443279800554e+01
3.354999999999999982e+00,1.699044081406021789e+01
3.355999999999999872e+00,1.701204025703169265e+01
3.357000000000000206e+00,1.697267466494676214e+01
3.358000000000000096e+00,1.703865686887307618e+01
3.358999999999999986e+00,1.708514681811785252e+01
3.359999999999999876e+00,1.699855331633454014e+01
3.361000000000000210e+00,1.697997348075570301e+01
3.362000000000000099e+00,1.701702881070049855e+01
3.362999999999999989e+00,1.699073479492719230e+01
3.363999999999999879e+00,1.706177289032263644e+01
3.365000000000000213e+00,1.703323362762485260e+01
3.366000000000000103e+00,1.700284656806228512e+01
3.366999999999999993e+00,1.698969320510839154e+01
3.367999999999999883e+00,1.694479755810915833e+01
3.369000000000000217e+00,1.701678110002513122e+01
3.370000000000000107e+00,1.693709731880410274e+01
3.370999999999999996e+00,1.695109055571534284e+01
3.371999999999999886e+00,1.710047675384699062e+01
3.373000000000000220e+00,1.699955822235817493e+01
3.374000000000000110e+00,1.704018800701679481e+01
3.375000000000000000e+00,1.699314873321198505e+01
3.375999999999999890e+00,1.698387027781363656e+01
3.376999999999999780e+00,1.704026914999790066e+01
3.378000000000000114e+00,1.699370306034631994e+01
3.379000000000000004e+00,1.709357195738936852e+01
3.379999999999999893e+00,1.701660496851806670e+01
3.380999999999999783e+00,1.694976584532023622e+01
3.382000000000000117e+00,1.698245879918100698e+01
3.383000000000000007e+00,1.703564564644419832e+01
3.383999999999999897e+00,1.700711737074784935e+01
3.384999999999999787e+00,1.701739456087933178e+01
3.386000000000000121e+00,1.697839941917951023e+01
3.387000000000000011e+00,1.696353130783144181e+01
3.387999999999999901e+00,1.694352256997211015e+01
3.388999999999999790e+00,1.697906809277812812e+01
3.390000000000000124e+00,1.699981166613172334e+01
3.391000000000000014e+00,1.702448999590280820e+01
3.391999999999999904e+00,1.700951875379724143e+01
3.392999999999999794e+00,1.706465160318007790e+01
3.394000000000000128e+00,1.708198660346893050e+01
3.395000000000000018e+00,1.705775770272023451e+01
3.395999999999999908e+00,1.698941579759179632e+01
3.396999999999999797e+00,1.695758640866726097e+01
3.398000000000000131e+00,1.702008673160197461e+01
3.399000000000000021e+00,1.700749995780851975e+01
3.399999999999999911e+00,1.703432887983765198e+01
3.400999999999999801e+00,1.701949150955229229e+01
3.402000000000000135e+00,1.709356170084069149e+01
3.403000000000000025e+00,1.706063778417517085e+01
3.403999999999999915e+00,1.708409671477869551e+01
3.404999999999999805e+00,1.707708829502102788e+01
3.406000000000000139e+00,1.704298611633099725e+01
3.407000000000000028e+00,1.700902558226318462e+01
3.407999999999999918e+00,1.703930753094500972e+01
3.408999999999999808e+00,1.709102952905579897e+01
3.410000000000000142e+00,1.709906519444363937e+01
3.411000000000000032e+00,1.704306254390825970e+01
3.411999999999999922e+00,1.708456222292362625e+01
3.412999999999999812e+00,1.703060198610578979e+01
3.414000000000000146e+00,1.707078074315233707e+01
3.415000000000000036e+00,1.701102020539244108e+01
3.415999999999999925e+00,1.707408723462963707e+01
3.416999999999999815e+00,1.706084285484961427e+01
3.418000000000000149e+00,1.715176927211039981e+01
3.419000000000000039e+00,1.707418157797196301e+01
3.419999999999999929e+00,1.708978789518140218e+01
3.420999999999999819e+00,1.706503638888051100e+01
3.422000000000000153e+00,1.705691876310988775e+01
3.423000000000000043e+00,1.708631458438872386e+01
3.423999999999999932e+00,1.697989621300227370e+01
3.424999999999999822e+00,1.698783306846118535e+01
3.426000000000000156e+00,1.699932987890957747e+01
3.427000000000000046e+00,1.697107165464631962e+01
3.427999999999999936e+00,1.696566985298017016e+01
3.428999999999999826e+00,1.701472186570995149e+01
3.430000000000000160e+00,1.697905729124146745e+01
3.431000000000000050e+00,1.700047279869920303e+01
3.431999999999999940e+00,1.699004323770236979e+01
3.432999999999999829e+00,1.705171891093738168e+01
3.434000000000000163e+00,1.698638575399478157e+01
3.435000000000000053e+00,1.704224985840290785e+01
3.435999999999999943e+00,1.700450472360030574e+01
3.436999999999999833e+00,1.696442400230323955e+01
3.438000000000000167e+00,1.700169421394564750e+01
3.439000000000000057e+00,1.695311143044693125e+01
3.439999999999999947e+00,1.696365766377485684e+01
3.440999999999999837e+00,1.701114000733514686e+01
3.442000000000000171e+00,1.699763922421501405e+01
3.443000000000000060e+00,1.695455508629089536e+01
3.443999999999999950e+00,1.693722520051396785e+01
3.444999999999999840e+00,1.695365998587707779e+01
3.446000000000000174e+00,1.700296326667090696e+01
3.447000000000000064e+00,1.698835041291143000e+01
3.447999999999999954e+00,1.697668760568798518e+01
3.448999999999999844e+00,1.696388602748492502e+01
3.450000000000000178e+00,1.699298649289549701e+01
3.451000000000000068e+00,1.701731049137909935e+01
3.451999999999999957e+00,1.697225033952927120e+01
3.452999999999999847e+00,1.698713864022887066e+01
3.454000000000000181e+00,1.692581281831069973e+01
3.455000000000000071e+00,1.694667404500378538e+01
3.455999999999999961e+00,1.697623188337602329e+01
3.456999999999999851e+00,1.700146986988419684e+01
3.458000000000000185e+00,1.699310600730921905e+01
3.459000000000000075e+00,1.704864078143391026e+01
3.459999999999999964e+00,1.702318796405933909e+01
3.460999999999999854e+00,1.704908475551693670e+01
3.462000000000000188e+00,1.695681597338924007e+01
3.463000000000000078e+00,1.697546169493206847e+01
3.463999999999999968e+00,1.695967500298198871e+01
3.464999999999999858e+00,1.700860114384006394e+01
3.466000000000000192e+00,1.698907439395653896e+01
3.467000000000000082e+00,1.699480301115441350e+01
3.467999999999999972e+00,1.700942379576886410e+01
3.468999999999999861e+00,1.696842409078372782e+01
3.470000000000000195e+00,1.700578923370090223e+01
3.471000000000000085e+00,1.703286334596189633e+01
3.471999999999999975e+00,1.699016774918190009e+01
3.472999999999999865e+00,1.703485867769695972e+01
3.474000000000000199e+00,1.702442549210436695e+01
3.475000000000000089e+00,1.702458044044920626e+01
3.475999999999999979e+00,1.698090542998231811e+01
3.476999999999999869e+00,1.703223703392275112e+01
3.478000000000000203e+00,1.696002650354794383e+01
3.479000000000000092e+00,1.703377665694033993e+01
3.479999999999999982e+00,1.705605405852072920e+01
3.480999999999999872e+00,1.701711534922957725e+01
3.482000000000000206e+00,1.704349962976856858e+01
3.483000000000000096e+00,1.698512046130687736e+01
3.483999999999999986e+00,1.696837809300544109e+01
3.484999999999999876e+00,1.706325585582257531e+01
3.486000000000000210e+00,1.707700563628381474e+01
3.487000000000000099e+00,1.696754944872874660e+01
3.487999999999999989e+00,1.693517345301808774e+01
3.488999999999999879e+00,1.693916302849607902e+01
3.490000000000000213e+00,1.694958372157768878e+01
3.491000000000000103e+00,1.704002007190720391e+01
3.491999999999999993e+00,1.698087174045186742e+01
3.492999999999999883e+00,1.702253114527982092e+01
3.494000000000000217e+00,1.703328551525665802e+01
3.495000000000000107e+00,1.703342568799491730e+01
3.495999999999999996e+00,1.704050982207734677e+01
3.496999999999999886e+00,1.698715281508069808e+01
3.498000000000000220e+00,1.702349201916942789e+01
3.499000000000000110e+00,1.701513399629529744e+01
3.500000000000000000e+00,1.704600100336178059e+01
3.500999999999999890e+00,1.706165126324823333e+01
3.501999999999999780e+00,1.699693451922927778e+01
3.503000000000000114e+00,1.702407985764714482e+01
3.504000000000000004e+00,1.701553563992192863e+01
3.504999999999999893e+00,1.699072334256464245e+01
3.505999999999999783e+00,1.697807653389338611e+01
3.507000000000000117e+00,1.698764515313877865e+01
3.508000000000000007e+00,1.699490263774153576e+01
3.508999999999999897e+00,1.695248944150958081e+01
3.509999999999999787e+00,1.705207652399926843e+01
3.511000000000000121e+00,1.704670566385772545e+01
3.512000000000000011e+00,1.706011438688978288e+01
3.512999999999999901e+00,1.697800504928041221e+01
3.513999999999999790e+00,1.701665492112121214e+01
3.515000000000000124e+00,1.698645841500243847e+01
3.516000000000000014e+00,1.705500836084414473e+01
3.516999999999999904e+00,1.705116351967188848e+01
3.517999999999999794e+00,1.702975506904557434e+01
3.519000000000000128e+00,1.697502434540623284e+01
3.520000000000000018e+00,1.700100218697107834e+01
3.520999999999999908e+00,1.700818637410438328e+01
3.521999999999999797e+00,1.703785801439522274e+01
3.523000000000000131e+00,1.695508167978685066e+01
3.524000000000000021e+00,1.699002229805598319e+01
3.524999999999999911e+00,1.700278945546068243e+01
3.525999999999999801e+00,1.704233306602379727e+01
3.527000000000000135e+00,1.703651766751794128e+01
3.528000000000000025e+00,1.700527268199749997e+01
3.528999999999999915e+00,1.702655814501185816e+01
3.529999999999999805e+00,1.703889335080722134e+01
3.531000000000000139e+00,1.701391663482393213e+01
3.532000000000000028e+00,1.703100569331428815e+01
3.532999999999999918e+00,1.696345792240399675e+01
3.533999999999999808e+00,1.703084135442815850e+01
3.535000000000000142e+00,1.705153943868804944e+01
3.536000000000000032e+00,1.702306690492888563e+01
3.536999999999999922e+00,1.703887120640129638e+01
3.537999999999999812e+00,1.706712293556946847e+01
3.539000000000000146e+00,1.705505390410277400e+01
3.540000000000000036e+00,1.703793121848311998e+01
3.540999999999999925e+00,1.705324815691044904e+01
3.541999999999999815e+00,1.706443110127915119e+01
3.543000000000000149e+00,1.704092163319092990e+01
3.544000000000000039e+00,1.704343879611241874e+01
3.544999999999999929e+00,1.704350648020987435e+01
3.545999999999999819e+00,1.705948577094395091e+01
3.547000000000000153e+00,1.704002738534219219e+01
3.548000000000000043e+00,1.703933187451489673e+01
3.548999999999999932e+00,1.702556668159490982e+01
3.549999999999999822e+00,1.705377156525995019e+01
3.551000000000000156e+00,1.708450524604722887e+01
3.552000000000000046e+00,1.708347451306460840e+01
3.552999999999999936e+00,1.712766935185568684e+01
3.553999999999999826e+00,1.711743189558681522e+01
3.555000000000000160e+00,1.710692816345791201e+01
3.556000000000000050e+00,1.706782784114965779e+01
3.556999999999999940e+00,1.712984401628082409e+01
3.557999999999999829e+00,1.704663647759573308e+01
3.559000000000000163e+00,1.702614323026629251e+01
3.560000000000000053e+00,1.704379903960971632e+01
3.560999999999999943e+00,1.710326193735808786e+01
3.561999999999999833e+00,1.705759736730439613e+01
3.563000000000000167e+00,1.698848626129739614e+01
3.564000000000000057e+00,1.705152129284093476e+01
3.564999999999999947e+00,1.715124210730920851e+01
3.565999999999999837e+00,1.713161060635056998e+01
3.567000000000000171e+00,1.709101146470926480e+01
3.568000000000000060e+00,1.718663666831072590e+01
3.568999999999999950e+00,1.713828302712251883e+01
3.569999999999999840e+00,1.714544906051051498e+01
3.571000000000000174e+00,1.713093313550411523e+01
3.572000000000000064e+00,1.716798239481238753e+01
3.572999999999999954e+00,1.706736624758863030e+01
3.573999999999999844e+00,1.714313034853222462e+01
3.575000000000000178e+00,1.705608789109500734e+01
3.576000000000000068e+00,1.711019408811311138e+01
3.576999999999999957e+00,1.706585189057562957e+01
3.577999999999999847e+00,1.707445579725311546e+01
3.579000000000000181e+00,1.708566819547096571e+01
3.580000000000000071e+00,1.711214768638532036e+01
3.580999999999999961e+00,1.715739299233994331e+01
3.581999999999999851e+00,1.704558066018508811e+01
3.583000000000000185e+00,1.701650469505700869e+01
3.584000000000000075e+00,1.713890822958857640e+01
3.584999999999999964e+00,1.718325788680808230e+01
3.585999999999999854e+00,1.713705968098257415e+01
3.587000000000000188e+00,1.717851745506390060e+01
3.588000000000000078e+00,1.723870772476894331e+01
3.588999999999999968e+00,1.720294930426753410e+01
3.589999999999999858e+00,1.713576120122313284e+01
3.591000000000000192e+00,1.715948734910400475e+01
3.592000000000000082e+00,1.718072724720462929e+01
3.592999999999999972e+00,1.715869428827845411e+01
3.593999999999999861e+00,1.717444353805119661e+01
3.595000000000000195e+00,1.718036841908050505e+01
3.596000000000000085e+00,1.715358284197116134e+01
3.596999999999999975e+00,1.721336882699758064e+01
3.597999999999999865e+00,1.713786620312730946e+01
3.599000000000000199e+00,1.710977329401123370e+01
3.600000000000000089e+00,1.711712936427046117e+01
3.600999999999999979e+00,1.719278318880640910e+01
3.601999999999999869e+00,1.716645057630018201e+01
3.603000000000000203e+00,1.709376386682724203e+01
3.604000000000000092e+00,1.713816077753274669e+01
3.604999999999999982e+00,1.713215615722436880e+01
3.605999999999999872e+00,1.715074020924483733e+01
3.607000000000000206e+00,1.711669564257487863e+01
3.608000000000000096e+00,1.713067916595930384e+01
3.608999999999999986e+00,1.710572854055440928e+01
3.609999999999999876e+00,1.707183595049422919e+01
3.611000000000000210e+00,1.712588841435967879e+01
3.612000000000000099e+00,1.710732735861396137e+01
3.612999999999999989e+00,1.709507880633634969e+01
3.613999999999999879e+00,1.710110612198929658e+01
3.615000000000000213e+00,1.719853818851890992e+01
3.616000000000000103e+00,1.704509586845082936e+01
3.616999999999999993e+00,1.706768291007696803e+01
3.617999999999999883e+00,1.707606187749377469e+01
3.619000000000000217e+00,1.712180334927072423e+01
3.620000000000000107e+00,1.714614921810834147e+01
3.620999999999999996e+00,1.716341171895195572e+01
3.621999999999999886e+00,1.715124420074224076e+01
3.623000000000000220e+00,1.708967489623446312e+01
3.624000000000000110e+00,1.709003004858677599e+01
3.625000000000000000e+00,1.715997506832396624e+01
3.625999999999999890e+00,1.714960173115836284e+01
3.626999999999999780e+00,1.716875582089319607e+01
3.628000000000000114e+00,1.707253838544175650e+01
3.629000000000000004e+00,1.710803041499559285e+01
3.629999999999999893e+00,1.714472329467937683e+01
3.630999999999999783e+00,1.714861359876675806e+01
3.632000000000000117e+00,1.714112591558839682e+01
3.633000000000000007e+00,1.713000808268068909e+01
3.633999999999999897e+00,1.714095434955928354e+01
3.634999999999999787e+00,1.707933099137101252e+01
3.636000000000000121e+00,1.712932730216738619e+01
3.637000000000000011e+00,1.710147435452778808e+01
3.637999999999999901e+00,1.707529193066462980e+01
3.638999999999999790e+00,1.709086659503472205e+01
3.640000000000000124e+00,1.714701955869611183e+01
3.641000000000000014e+00,1.701344281304132977e+01
3.641999999999999904e+00,1.707664979556319551e+01
3.642999999999999794e+00,1.705277274861294146e+01
3.644000000000000128e+00,1.717185723259409258e+01
3.645000000000000018e+00,1.711366064804835219e+01
3.645999999999999908e+00,1.716004840948490440e+01
3.646999999999999797e+00,1.715654898732568512e+01
3.648000000000000131e+00,1.723603477855987975e+01
3.649000000000000021e+00,1.713169470850103693e+01
3.649999999999999911e+00,1.715591502861980189e+01
3.650999999999999801e+00,1.711446155886129006e+01
3.652000000000000135e+00,1.718649448725787110e+01
3.653000000000000025e+00,1.707819763715047046e+01
3.653999999999999915e+00,1.707103047349745140e+01
3.654999999999999805e+00,1.719959385344359859e+01
3.656000000000000139e+00,1.713147019818517691e+01
3.657000000000000028e+00,1.708519300448352141e+01
3.657999999999999918e+00,1.710245408578813908e+01
3.658999999999999808e+00,1.717669943987690928e+01
3.660000000000000142e+00,1.726586800848631498e+01
3.661000000000000032e+00,1.715220471449658035e+01
3.661999999999999922e+00,1.713391431003119081e+01
3.662999999999999812e+00,1.710942854065089946e+01
3.664000000000000146e+00,1.718715801616143324e+01
3.665000000000000036e+00,1.722216942292948261e+01
3.665999999999999925e+00,1.720662807530446514e+01
3.666999999999999815e+00,1.717962565989231649e+01
3.668000000000000149e+00,1.709959023132364564e+01
3.669000000000000039e+00,1.715390836364992921e+01
3.669999999999999929e+00,1.703248719002526812e+01
3.670999999999999819e+00,1.709133074417589171e+01
3.672000000000000153e+00,1.709284433782019619e+01
3.673000000000000043e+00,1.706349586568466492e+01
3.673999999999999932e+00,1.714528317747689456e+01
3.674999999999999822e+00,1.709764993003750533e+01
3.676000000000000156e+00,1.718455480860242801e+01
3.677000000000000046e+00,1.717761190772241520e+01
3.677999999999999936e+00,1.713476435599292813e+01
3.678999999999999826e+00,1.712659221154384070e+01
3.680000000000000160e+00,1.714206433771933291e+01
3.681000000000000050e+00,1.710492434567088083e+01
3.681999999999999940e+00,1.716978416500604965e+01
3.682999999999999829e+00,1.715134465475513537e+01
3.684000000000000163e+00,1.711103319786093024e+01
3.685000000000000053e+00,1.700088762794202069e+01
3.685999999999999943e+00,1.707971537531918571e+01
3.686999999999999833e+00,1.711134458740855280e+01
3.688000000000000167e+00,1.703616328338043573e+01
3.689000000000000057e+00,1.704698334358574385e+01
3.689999999999999947e+00,1.709531612915007770e+01
3.690999999999999837e+00,1.712453167036379398e+01
3.692000000000000171e+00,1.712761638534359676e+01
3.693000000000000060e+00,1.719151930337377721e+01
3.693999999999999950e+00,1.713227015605466619e+01
3.694999999999999840e+00,1.717025678468255734e+01
3.696000000000000174e+00,1.711586665445828359e+01
3.697000000000000064e+00,1.718624681079833749e+01
3.697999999999999954e+00,1.714052866638553141e+01
3.698999999999999844e+00,1.717106148914164976e+01
3.700000000000000178e+00,1.714260260927119361e+01
3.701000000000000068e+00,1.714482299713930047e+01
3.701999999999999957e+00,1.714304590282542051e+01
3.702999999999999847e+00,1.714901529520436085e+01
3.704000000000000181e+00,1.713468242078610970e+01
3.705000000000000071e+00,1.723222376979676440e+01
3.705999999999999961e+00,1.714523846732121370e+01
3.706999999999999851e+00,1.716751043766149110e+01
3.708000000000000185e+00,1.715703068552311095e+01
3.709000000000000075e+00,1.715138500398765942e+01
3.709999999999999964e+00,1.718646302042700569e+01
3.710999999999999854e+00,1.713006381023483726e+01
3.712000000000000188e+00,1.718330673503864858e+01
3.713000000000000078e+00,1.709519579602102013e+01
3.713999999999999968e+00,1.720695739974624416e+01
3.714999999999999858e+00,1.714767423330852836e+01
3.716000000000000192e+00,1.707139251190909235e+01
3.717000000000000082e+00,1.714840574804034645e+01
3.717999999999999972e+00,1.713589075638101633e+01
3.718999999999999861e+00,1.717018095677920897e+01
3.720000000000000195e+00,1.714248446967701867e+01
3.721000000000000085e+00,1.715087311184193908e+01
3.721999999999999975e+00,1.714650030454934537e+01
3.722999999999999865e+00,1.714433928782733219e+01
3.724000000000000199e+00,1.714833735553519745e+01
3.725000000000000089e+00,1.719687546430255054e+01
3.725999999999999979e+00,1.712809672509781933e+01
3.726999999999999869e+00,1.717298259154539153e+01
3.728000000000000203e+00,1.717740420196537698e+01
3.729000000000000092e+00,1.713442979799806309e+01
3.729999999999999982e+00,1.712070228848655162e+01
3.730999999999999872e+00,1.711638684818157685e+01
3.732000000000000206e+00,1.723742289351730506e+01
3.733000000000000096e+00,1.715340252202058124e+01
3.733999999999999986e+00,1.716788237673359774e+01
3.734999999999999876e+00,1.726357865500278166e+01
3.736000000000000210e+00,1.722167828271347645e+01
3.737000000000000099e+00,1.713679039301674933e+01
3.737999999999999989e+00,1.715045751727873835e+01
3.738999999999999879e+00,1.711808550225203263e+01
3.740000000000000213e+00,1.709511758982941743e+01
3.741000000000000103e+00,1.707265894191526101e+01
3.741999999999999993e+00,1.712915894306194886e+01
3.742999999999999883e+00,1.717270148886212056e+01
3.744000000000000217e+00,1.709295218094677082e+01
3.745000000000000107e+00,1.719375529281991533e+01
3.745999999999999996e+00,1.713560607625222687e+01
3.746999999999999886e+00,1.706099577459180239e+01
3.748000000000000220e+00,1.711736943791587606e+01
3.749000000000000110e+00,1.712295151156227746e+01
3.750000000000000000e+00,1.718341778833346112e+01
3.750999999999999890e+00,1.714098944968012361e+01
3.751999999999999780e+00,1.714913683610454953e+01
3.753000000000000114e+00,1.718092057245388915e+01
3.754000000000000004e+00,1.713395347069867114e+01
3.754999999999999893e+00,1.720782145876008684e+01
3.755999999999999783e+00,1.717206348461530396e+01
3.757000000000000117e+00,1.719879534629550477e+01
3.758000000000000007e+00,1.719610557685504659e+01
3.758999999999999897e+00,1.706441084134084463e+01
3.759999999999999787e+00,1.711262249747504072e+01
3.761000000000000121e+00,1.710551522165133420e+01
3.762000000000000011e+00,1.716062610777821718e+01
3.762999999999999901e+00,1.714917128538872504e+01
3.763999999999999790e+00,1.715883272053088504e+01
3.765000000000000124e+00,1.711622463038803232e+01
3.766000000000000014e+00,1.720092906906731400e+01
3.766999999999999904e+00,1.716739012608475434e+01
3.767999999999999794e+00,1.710399748544763554e+01
3.769000000000000128e+00,1.719983592175807985e+01
3.770000000000000018e+00,1.724876945070359824e+01
3.770999999999999908e+00,1.719976104840064934e+01
3.771999999999999797e+00,1.709277189732263835e+01
3.773000000000000131e+00,1.720013954212198470e+01
3.774000000000000021e+00,1.720413655966377320e+01
3.774999999999999911e+00,1.722041064559185131e+01
3.775999999999999801e+00,1.714033592251190541e+01
3.777000000000000135e+00,1.717953186992541603e+01
3.778000000000000025e+00,1.724433730514606111e+01
3.778999999999999915e+00,1.715167055888199599e+01
3.779999999999999805e+00,1.712538049139870466e+01
3.781000000000000139e+00,1.706908543065549821e+01
3.782000000000000028e+00,1.709200172884093405e+01
3.782999999999999918e+00,1.714648934328349839e+01
3.783999999999999808e+00,1.714064840378936339e+01
3.785000000000000142e+00,1.716185106505830049e+01
3.786000000000000032e+00,1.710911193425238253e+01
3.786999999999999922e+00,1.713919471796526039e+01
3.787999999999999812e+00,1.707275548058539272e+01
3.789000000000000146e+00,1.713912787212060351e+01
3.790000000000000036e+00,1.712321173226597892e+01
3.790999999999999925e+00,1.711303216708640207e+01
3.791999999999999815e+00,1.717015489112632309e+01
3.793000000000000149e+00,1.710801394120561625e+01
3.794000000000000039e+00,1.714903572859126157e+01
3.794999999999999929e+00,1.715192304937268730e+01
3.795999999999999819e+00,1.715869966724388007e+01
3.797000000000000153e+00,1.711342501878278455e+01
3.798000000000000043e+00,1.708993796724840664e+01
3.798999999999999932e+00,1.715535991398869697e+01
3.799999999999999822e+00,1.713352611293510819e+01
3.801000000000000156e+00,1.704797914888049348e+01
3.802000000000000046e+00,1.711425033286332820e+01
3.802999999999999936e+00,1.708855508955205948e+01
3.803999999999999826e+00,1.712607061903765882e+01
3.805000000000000160e+00,1.707308595107558702e+01
3.806000000000000050e+00,1.713369969325198383e+01
3.806999999999999940e+00,1.707092403308703155e+01
3.807999999999999829e+00,1.707533311061878578e+01
3.809000000000000163e+00,1.706549615003618214e+01
3.810000000000000053e+00,1.711619740933750577e+01
3.810999999999999943e+00,1.707647157429530083e+01
3.811999999999999833e+00,1.717863720838691677e+01
3.813000000000000167e+00,1.711311708492005579e+01
3.814000000000000057e+00,1.705851136105259158e+01
3.814999999999999947e+00,1.703805966484786083e+01
3.815999999999999837e+00,1.707604270762386633e+01
3.817000000000000171e+00,1.705479109307495023e+01
3.818000000000000060e+00,1.711188143447307652e+01
3.818999999999999950e+00,1.709064750471631911e+01
3.819999999999999840e+00,1.702918403601776731e+01
3.821000000000000174e+00,1.711573768420917929e+01
3.822000000000000064e+00,1.714083577970914618e+01
3.822999999999999954e+00,1.707141395427017372e+01
3.823999999999999844e+00,1.708046602422217930e+01
3.825000000000000178e+00,1.706143258873793300e+01
3.826000000000000068e+00,1.703766566113725744e+01
3.826999999999999957e+00,1.709361445273738056e+01
3.827999999999999847e+00,1.710452184936752218e+01
3.829000000000000181e+00,1.697929109633638944e+01
3.830000000000000071e+00,1.702578917066403719e+01
3.830999999999999961e+00,1.700725382816232667e+01
3.831999999999999851e+00,1.710523735436181880e+01
3.833000000000000185e+00,1.708518375570758607e+01
3.834000000000000075e+00,1.704044311301272785e+01
3.834999999999999964e+00,1.709050993743010949e+01
3.835999999999999854e+00,1.713465191004068444e+01
3.837000000000000188e+00,1.716097672125737361e+01
3.838000000000000078e+00,1.705701457668049414e+01
3.838999999999999968e+00,1.706269016575351927e+01
3.839999999999999858e+00,1.709288894855883001e+01
3.841000000000000192e+00,1.701434427272853966e+01
3.842000000000000082e+00,1.702048565815720238e+01
3.842999999999999972e+00,1.705443562248876788e+01
3.843999999999999861e+00,1.712507138938934048e+01
3.845000000000000195e+00,1.706332244143048271e+01
3.846000000000000085e+00,1.711285088496829587e+01
3.846999999999999975e+00,1.704548387818070410e+01
3.847999999999999865e+00,1.703087728783118848e+01
3.849000000000000199e+00,1.703906644110406177e+01
3.850000000000000089e+00,1.704111469047811767e+01
3.850999999999999979e+00,1.696581788363111087e+01
3.851999999999999869e+00,1.701222751225163421e+01
3.853000000000000203e+00,1.703586629365164384e+01
3.854000000000000092e+00,1.706180951052347439e+01
3.854999999999999982e+00,1.696235606307467236e+01
3.855999999999999872e+00,1.702519464255989945e+01
3.857000000000000206e+00,1.707288986868842429e+01
3.858000000000000096e+00,1.699024172505329133e+01
3.858999999999999986e+00,1.698037583049999100e+01
3.859999999999999876e+00,1.694370803258344083e+01
3.861000000000000210e+00,1.701800021127723639e+01
3.862000000000000099e+00,1.696208679439572364e+01
3.862999999999999989e+00,1.700011184581381940e+01
3.863999999999999879e+00,1.693772555810010516e+01
3.865000000000000213e+00,1.704808205990286396e+01
3.866000000000000103e+00,1.703484298238067751e+01
3.866999999999999993e+00,1.702919539284483719e+01
3.867999999999999883e+00,1.698269257780250641e+01
3.869000000000000217e+00,1.701610343020611538e+01
3.870000000000000107e+00,1.697065081927645025e+01
3.870999999999999996e+00,1.698374404645261748e+01
3.871999999999999886e+00,1.702868532840162175e+01
3.873000000000000220e+00,1.703812683990577526e+01
3.874000000000000110e+00,1.703465848140888994e+01
3.875000000000000000e+00,1.703208341228599210e+01
3.875999999999999890e+00,1.702437852487014780e+01
3.876999999999999780e+00,1.702258994131260295e+01
3.878000000000000114e+00,1.707350759518452321e+01
3.879000000000000004e+00,1.704295625220579069e+01
3.879999999999999893e+00,1.700261190269069189e+01
3.880999999999999783e+00,1.701340401211944453e+01
3.882000000000000117e+00,1.699570126596608688e+01
3.883000000000000007e+00,1.696439120897836617e+01
3.883999999999999897e+00,1.701247116006493343e+01
3.884999999999999787e+00,1.694660781944061156e+01
3.886000000000000121e+00,1.701809858819697752e+01
3.887000000000000011e+00,1.691739799147596912e+01
3.887999999999999901e+00,1.701723774170048031e+01
3.888999999999999790e+00,1.706537774354698200e+01
3.890000000000000124e+00,1.697050986431653286e+01
3.891000000000000014e+00,1.707709247702911526e+01
3.891999999999999904e+00,1.703731656345182444e+01
3.892999999999999794e+00,1.700444377575581001e+01
3.894000000000000128e+00,1.705190302973871042e+01
3.895000000000000018e+00,1.710124805687211946e+01
3.895999999999999908e+00,1.719266200727204108e+01
3.896999999999999797e+00,1.714929968379167136e+01
3.898000000000000131e+00,1.713208584930742262e+01
3.899000000000000021e+00,1.716964649670372722e+01
3.899999999999999911e+00,1.712849199141477996e+01
3.900999999999999801e+00,1.713020716045370406e+01
3.902000000000000135e+00,1.712457838441757474e+01
3.903000000000000025e+00,1.705810366590131721e+01
3.903999999999999915e+00,1.712037134438945785e+01
3.904999999999999805e+00,1.712696209477801546e+01
3.906000000000000139e+00,1.713179982136808377e+01
3.907000000000000028e+00,1.716414542485487615e+01
3.907999999999999918e+00,1.715891250913198718e+01
3.908999999999999808e+00,1.714915297303008757e+01
3.910000000000000142e+00,1.711932691712705434e+01
3.911000000000000032e+00,1.714564997225664200e+01
3.911999999999999922e+00,1.721941491777538147e+01
3.912999999999999812e+00,1.721831782768674302e+01
3.914000000000000146e+00,1.719750339843831455e+01
3.915000000000000036e+00,1.722326973173259290e+01
3.915999999999999925e+00,1.716061948272947291e+01
3.916999999999999815e+00,1.722196740790565528e+01
3.918000000000000149e+00,1.717780657445013048e+01
3.919000000000000039e+00,1.712127126200595839e+01
3.919999999999999929e+00,1.721462653986391445e+01
3.920999999999999819e+00,1.717393773331050610e+01
3.922000000000000153e+00,1.714951768059390602e+01
3.923000000000000043e+00,1.716738485535320891e+01
3.923999999999999932e+00,1.719406977867015129e+01
3.924999999999999822e+00,1.719368901987463261e+01
3.926000000000000156e+00,1.719310532093648902e+01
3.927000000000000046e+00,1.715888071785509084e+01
3.927999999999999936e+00,1.718105053332279653e+01
3.928999999999999826e+00,1.714481133602329166e+01
3.930000000000000160e+00,1.720534091594538850e+01
3.931000000000000050e+00,1.714271723715566509e+01
3.931999999999999940e+00,1.711649074532132175e+01
3.932999999999999829e+00,1.717772269628947157e+01
3.934000000000000163e+00,1.716612735926468503e+01
3.935000000000000053e+00,1.716701578994526045e+01
3.935999999999999943e+00,1.722428254218100818e+01
3.936999999999999833e+00,1.714065728903881336e+01
3.938000000000000167e+00,1.711048752159118180e+01
3.939000000000000057e+00,1.710746636482267391e+01
3.939999999999999947e+00,1.719398847855207180e+01
3.940999999999999837e+00,1.718851076132794020e+01
3.942000000000000171e+00,1.707051491034811264e+01
3.943000000000000060e+00,1.714961143316986281e+01
3.943999999999999950e+00,1.711041201811235624e+01
3.944999999999999840e+00,1.709246830788714888e+01
3.946000000000000174e+00,1.708412184515901799e+01
3.947000000000000064e+00,1.713431966871599599e+01
3.947999999999999954e+00,1.711293989977273711e+01
3.948999999999999844e+00,1.712404857576732908e+01
3.950000000000000178e+00,1.716848729771475490e+01
3.951000000000000068e+00,1.714064445207343113e+01
3.951999999999999957e+00,1.720612814931303447e+01
3.952999999999999847e+00,1.717831802108964112e+01
3.954000000000000181e+00,1.713310040467805351e+01
3.955000000000000071e+00,1.714989797388317783e+01
3.955999999999999961e+00,1.705902217304381452e+01
3.956999999999999851e+00,1.717368124009765751e+01
3.958000000000000185e+00,1.710159757849952555e+01
3.959000000000000075e+00,1.717821501623020453e+01
3.959999999999999964e+00,1.713921095491752311e+01
3.960999999999999854e+00,1.717317159582920993e+01
3.962000000000000188e+00,1.716316077220813341e+01
3.963000000000000078e+00,1.715711493714325542e+01
3.963999999999999968e+00,1.714967548102281825e+01
3.964999999999999858e+00,1.717672184756594334e+01
3.966000000000000192e+00,1.704734454406866462e+01
3.967000000000000082e+00,1.708993780328857781e+01
3.967999999999999972e+00,1.709304043911161841e+01
3.968999999999999861e+00,1.705320270115703352e+01
3.970000000000000195e+00,1.702367223238704241e+01
3.971000000000000085e+00,1.707955949842212817e+01
3.971999999999999975e+00,1.705408211715369760e+01
3.972999999999999865e+00,1.707541431523548070e+01
3.974000000000000199e+00,1.709830457159559813e+01
3.975000000000000089e+00,1.704325750201935108e+01
3.975999999999999979e+00,1.703092942104088081e+01
3.976999999999999869e+00,1.708808595123790042e+01
3.978000000000000203e+00,1.698114445133307626e+01
3.979000000000000092e+00,1.697905587571511532e+01
3.979999999999999982e+00,1.704507836046363778e+01
3.980999999999999872e+00,1.704330090088259553e+01
3.982000000000000206e+00,1.706293202434739342e+01
3.983000000000000096e+00,1.707760738151936408e+01
3.983999999999999986e+00,1.703551040453093179e+01
3.984999999999999876e+00,1.709701695749442152e+01
3.986000000000000210e+00,1.703973163927892287e+01
3.987000000000000099e+00,1.708280177341578110e+01
3.987999999999999989e+00,1.702819737396673361e+01
3.988999999999999879e+00,1.708161467558863578e+01
3.990000000000000213e+00,1.704856662477583029e+01
3.991000000000000103e+00,1.705590448112509705e+01
3.991999999999999993e+00,1.705902757479256238e+01
3.992999999999999883e+00,1.705640582930016080e+01
3.994000000000000217e+00,1.701914421997608073e+01
3.995000000000000107e+00,1.702515991048583999e+01
3.995999999999999996e+00,1.703201337744304311e+01
3.996999999999999886e+00,1.708777424545942480e+01
3.998000000000000220e+00,1.705976852625945384e+01
3.999000000000000110e+00,1.700957910209758950e+01
4.000000000000000000e+00,1.704453393799714078e+01
4.001000000000000334e+00,1.697249622358105370e+01
4.001999999999999780e+00,1.699859634712612433e+01
4.003000000000000114e+00,1.701924221273807447e+01
4.003999999999999559e+00,1.702540965001477602e+01
4.004999999999999893e+00,1.703168252878933586e+01
4.006000000000000227e+00,1.700661079681001198e+01
4.006999999999999673e+00,1.706600309958099615e+01
4.008000000000000007e+00,1.706353370796660585e+01
4.009000000000000341e+00,1.705420633502331995e+01
4.009999999999999787e+00,1.709456841620078293e+01
4.011000000000000121e+00,1.709200360497985116e+01
4.011999999999999567e+00,1.704809717962212545e+01
4.012999999999999901e+00,1.700351238965815881e+01
4.014000000000000234e+00,1.701908784752360404e+01
4.014999999999999680e+00,1.702843266394617316e+01
4.016000000000000014e+00,1.701408717411699456e+01
4.017000000000000348e+00,1.708562064175504247e+01
4.017999999999999794e+00,1.708355970618195840e+01
4.019000000000000128e+00,1.717277951574803652e+01
4.019999999999999574e+00,1.697696119762273170e+01
4.020999999999999908e+00,1.697107930448823510e+01
4.022000000000000242e+00,1.694568517668854213e+01
4.022999999999999687e+00,1.692977857689070476e+01
4.024000000000000021e+00,1.696350698159752923e+01
4.025000000000000355e+00,1.690062645557781451e+01
4.025999999999999801e+00,1.698120810866533859e+01
4.027000000000000135e+00,1.698444832888219480e+01
4.027999999999999581e+00,1.699420353319138854e+01
4.028999999999999915e+00,1.703502187458090589e+01
4.030000000000000249e+00,1.697981165598253384e+01
4.030999999999999694e+00,1.698320520381334120e+01
4.032000000000000028e+00,1.700083515845123827e+01
4.033000000000000362e+00,1.697589171369440564e+01
4.033999999999999808e+00,1.697863526676315615e+01
4.035000000000000142e+00,1.697039263904133932e+01
4.035999999999999588e+00,1.699313287008795470e+01
4.036999999999999922e+00,1.697363881752966464e+01
4.038000000000000256e+00,1.693579261350161858e+01
4.038999999999999702e+00,1.699513811524877838e+01
4.040000000000000036e+00,1.701929834487645365e+01
4.041000000000000369e+00,1.700010191714768837e+01
4.041999999999999815e+00,1.699326803849944767e+01
4.043000000000000149e+00,1.701581390092461987e+01
4.043999999999999595e+00,1.696610700122653270e+01
4.044999999999999929e+00,1.693998622211389460e+01
4.046000000000000263e+00,1.704327031304115536e+01
4.046999999999999709e+00,1.697708131238633200e+01
4.048000000000000043e+00,1.701756402482271113e+01
4.049000000000000377e+00,1.699685541939855327e+01
4.049999999999999822e+00,1.702526092048413631e+01
4.051000000000000156e+00,1.696840230247102355e+01
4.051999999999999602e+00,1.690431186835936472e+01
4.052999999999999936e+00,1.697500897449905821e+01
4.054000000000000270e+00,1.700872378980438882e+01
4.054999999999999716e+00,1.699576698688213483e+01
4.056000000000000050e+00,1.700400194036216206e+01
4.057000000000000384e+00,1.704985310715058944e+01
4.057999999999999829e+00,1.697839551254807589e+01
4.059000000000000163e+00,1.697045200522761377e+01
4.059999999999999609e+00,1.696199664594477596e+01
4.060999999999999943e+00,1.699887879041727246e+01
4.062000000000000277e+00,1.697993152358163371e+01
4.062999999999999723e+00,1.701577265427942010e+01
4.064000000000000057e+00,1.702019348262949805e+01
4.065000000000000391e+00,1.699399075176430429e+01
4.065999999999999837e+00,1.704428012799654368e+01
4.067000000000000171e+00,1.698049488440261712e+01
4.067999999999999616e+00,1.695619062997561244e+01
4.068999999999999950e+00,1.697724759130550964e+01
4.070000000000000284e+00,1.697988299333470863e+01
4.070999999999999730e+00,1.697508242676452284e+01
4.072000000000000064e+00,1.700332447931979374e+01
4.073000000000000398e+00,1.699754979807710242e+01
4.073999999999999844e+00,1.696693603397278949e+01
4.075000000000000178e+00,1.695064211234613794e+01
4.075999999999999623e+00,1.699334777948808650e+01
4.076999999999999957e+00,1.696214522343883857e+01
4.078000000000000291e+00,1.689081687224776118e+01
4.078999999999999737e+00,1.693463015653363257e+01
4.080000000000000071e+00,1.695477107493323743e+01
4.081000000000000405e+00,1.691923446202530457e+01
4.081999999999999851e+00,1.695632958450465111e+01
4.083000000000000185e+00,1.695508805062869939e+01
4.083999999999999631e+00,1.696801992175209861e+01
4.084999999999999964e+00,1.686930358942904462e+01
4.086000000000000298e+00,1.694694062463824125e+01
4.086999999999999744e+00,1.689936395301650407e+01
4.088000000000000078e+00,1.685505438072461359e+01
4.089000000000000412e+00,1.694563308290082304e+01
4.089999999999999858e+00,1.693087797387006788e+01
4.091000000000000192e+00,1.695061319677106582e+01
4.091999999999999638e+00,1.689719554844472427e+01
4.092999999999999972e+00,1.695996241382650993e+01
4.094000000000000306e+00,1.701066555361399679e+01
4.094999999999999751e+00,1.693189575874069419e+01
4.096000000000000085e+00,1.689196816703909576e+01
4.097000000000000419e+00,1.698325493579853074e+01
4.097999999999999865e+00,1.698091730002054689e+01
4.099000000000000199e+00,1.701488778616691988e+01
4.099999999999999645e+00,1.699900254474332328e+01
4.100999999999999979e+00,1.703804889834088598e+01
4.102000000000000313e+00,1.702006044805908402e+01
4.102999999999999758e+00,1.700684995210179551e+01
4.104000000000000092e+00,1.698949116024015282e+01
4.105000000000000426e+00,1.702326308322874837e+01
4.105999999999999872e+00,1.696678708423177895e+01
4.107000000000000206e+00,1.700510043883360112e+01
4.107999999999999652e+00,1.702309147065333406e+01
4.108999999999999986e+00,1.697415441417509996e+01
4.110000000000000320e+00,1.697589199159976658e+01
4.110999999999999766e+00,1.695965399809430707e+01
4.112000000000000099e+00,1.689899236506469293e+01
4.113000000000000433e+00,1.703538257963087688e+01
4.113999999999999879e+00,1.706692482076061168e+01
4.115000000000000213e+00,1.701244504230064436e+01
4.115999999999999659e+00,1.700956897281764668e+01
4.116999999999999993e+00,1.705040279932651970e+01
4.118000000000000327e+00,1.698290368982233289e+01
4.118999999999999773e+00,1.698837372840773696e+01
4.120000000000000107e+00,1.701576460686591830e+01
4.121000000000000441e+00,1.698652303651266493e+01
4.121999999999999886e+00,1.698291581727312760e+01
4.123000000000000220e+00,1.702522290404232663e+01
4.123999999999999666e+00,1.691457393840078538e+01
4.125000000000000000e+00,1.698323210983711462e+01
4.126000000000000334e+00,1.691320296556734704e+01
4.126999999999999780e+00,1.691495201050356911e+01
4.128000000000000114e+00,1.706122034732811343e+01
4.128999999999999559e+00,1.698430202592420102e+01
4.129999999999999893e+00,1.697584057930827584e+01
4.131000000000000227e+00,1.701529050923524267e+01
4.131999999999999673e+00,1.700639850330705727e+01
4.133000000000000007e+00,1.702823393364885618e+01
4.134000000000000341e+00,1.700008619372649932e+01
4.134999999999999787e+00,1.689889528496945559e+01
4.136000000000000121e+00,1.708749949175909677e+01
4.136999999999999567e+00,1.699141048819533850e+01
4.137999999999999901e+00,1.699471790245786806e+01
4.139000000000000234e+00,1.701563963630233189e+01
4.139999999999999680e+00,1.701681364610051617e+01
4.141000000000000014e+00,1.704480476955525248e+01
4.142000000000000348e+00,1.696142215333479797e+01
4.142999999999999794e+00,1.693728958439093191e+01
4.144000000000000128e+00,1.699103929997272644e+01
4.144999999999999574e+00,1.696747273105278708e+01
4.145999999999999908e+00,1.701600030206729386e+01
4.147000000000000242e+00,1.697287431783470879e+01
4.147999999999999687e+00,1.693355678806859643e+01
4.149000000000000021e+00,1.691895849453828760e+01
4.150000000000000355e+00,1.696966315593806840e+01
4.150999999999999801e+00,1.688430477589666268e+01
4.152000000000000135e+00,1.694142965488278563e+01
4.152999999999999581e+00,1.699457569387439193e+01
4.153999999999999915e+00,1.696888524513510887e+01
4.155000000000000249e+00,1.693416769863987525e+01
4.155999999999999694e+00,1.697353788432943844e+01
4.157000000000000028e+00,1.698556622261973459e+01
4.158000000000000362e+00,1.697997964666494752e+01
4.158999999999999808e+00,1.695333754752882172e+01
4.160000000000000142e+00,1.697616082059717968e+01
4.160999999999999588e+00,1.695336029037890668e+01
4.161999999999999922e+00,1.697830686849315995e+01
4.163000000000000256e+00,1.705717847551716915e+01
4.163999999999999702e+00,1.691324340198794829e+01
4.165000000000000036e+00,1.697936979889274411e+01
4.166000000000000369e+00,1.694797655911739653e+01
4.166999999999999815e+00,1.698032984355921116e+01
4.168000000000000149e+00,1.700043669418817061e+01
4.168999999999999595e+00,1.695893548815830343e+01
4.169999999999999929e+00,1.701553515633579039e+01
4.171000000000000263e+00,1.702909024718519504e+01
4.171999999999999709e+00,1.699047817016545991e+01
4.173000000000000043e+00,1.703792137150074026e+01
4.174000000000000377e+00,1.700223376453287827e+01
4.174999999999999822e+00,1.706054784425875326e+01
4.176000000000000156e+00,1.707130141930228007e+01
4.176999999999999602e+00,1.699178002947307320e+01
4.177999999999999936e+00,1.696228247679830758e+01
4.179000000000000270e+00,1.702345449151667012e+01
4.179999999999999716e+00,1.699812731802127885e+01
4.181000000000000050e+00,1.695994525974396083e+01
4.182000000000000384e+00,1.698632915843680280e+01
4.182999999999999829e+00,1.691325736825970338e+01
4.184000000000000163e+00,1.693742058717933574e+01
4.184999999999999609e+00,1.702412171148864317e+01
4.185999999999999943e+00,1.697292921214349803e+01
4.187000000000000277e+00,1.694641899119883988e+01
4.187999999999999723e+00,1.696915291184026131e+01
4.189000000000000057e+00,1.698283718014167931e+01
4.190000000000000391e+00,1.688318138453190187e+01
4.190999999999999837e+00,1.696970614706089364e+01
4.192000000000000171e+00,1.693782654679320387e+01
4.192999999999999616e+00,1.693047988866134901e+01
4.193999999999999950e+00,1.693896091592730002e+01
4.195000000000000284e+00,1.690021162276046951e+01
4.195999999999999730e+00,1.693599928259245502e+01
4.197000000000000064e+00,1.691280623887905676e+01
4.198000000000000398e+00,1.695240415484892083e+01
4.198999999999999844e+00,1.694811276685929613e+01
4.200000000000000178e+00,1.697085589524142790e+01
4.200999999999999623e+00,1.697552824221257239e+01
4.201999999999999957e+00,1.692037871688645012e+01
4.203000000000000291e+00,1.691630974395770792e+01
4.203999999999999737e+00,1.700737973781749801e+01
4.205000000000000071e+00,1.697332830463582809e+01
4.206000000000000405e+00,1.701711934637348023e+01
4.206999999999999851e+00,1.693514879161295639e+01
4.208000000000000185e+00,1.696422593192473727e+01
4.208999999999999631e+00,1.695723780796005542e+01
4.209999999999999964e+00,1.695235870582214943e+01
4.211000000000000298e+00,1.696446417583589650e+01
4.211999999999999744e+00,1.692649282037978153e+01
4.213000000000000078e+00,1.693143168264434095e+01
4.214000000000000412e+00,1.697806302367198228e+01
4.214999999999999858e+00,1.689902112922116117e+01
4.216000000000000192e+00,1.696275923386381024e+01
4.216999999999999638e+00,1.692705215482975234e+01
4.217999999999999972e+00,1.702952038697283754e+01
4.219000000000000306e+00,1.694539566441372358e+01
4.219999999999999751e+00,1.693575440099102636e+01
4.221000000000000085e+00,1.695969322051613304e+01
4.222000000000000419e+00,1.690705836450023369e+01
4.222999999999999865e+00,1.697810610643069751e+01
4.224000000000000199e+00,1.685333664682952204e+01
4.224999999999999645e+00,1.691443941231159798e+01
4.225999999999999979e+00,1.693418292028007599e+01
4.227000000000000313e+00,1.688003019023756579e+01
4.227999999999999758e+00,1.687424766458624603e+01
4.229000000000000092e+00,1.692876668465734724e+01
4.230000000000000426e+00,1.701246561156933623e+01
4.230999999999999872e+00,1.694134292703749622e+01
4.232000000000000206e+00,1.690403324514099737e+01
4.232999999999999652e+00,1.689866585149525946e+01
4.233999999999999986e+00,1.691585812155424406e+01
4.235000000000000320e+00,1.691631406434698093e+01
4.235999999999999766e+00,1.692455330258209045e+01
4.237000000000000099e+00,1.690527237191810883e+01
4.238000000000000433e+00,1.694437203740208275e+01
4.238999999999999879e+00,1.691300753056266259e+01
4.240000000000000213e+00,1.688889494588273621e+01
4.240999999999999659e+00,1.693439390231887387e+01
4.241999999999999993e+00,1.689701723084225193e+01
4.243000000000000327e+00,1.687413366252792457e+01
4.243999999999999773e+00,1.693240972213515860e+01
4.245000000000000107e+00,1.692651509500057472e+01
4.246000000000000441e+00,1.703057310363125154e+01
4.246999999999999886e+00,1.697740386913237032e+01
4.248000000000000220e+00,1.691146462918677429e+01
4.248999999999999666e+00,1.697546150188907177e+01
4.250000000000000000e+00,1.692848635579462879e+01
4.251000000000000334e+00,1.695914644864825149e+01
4.251999999999999780e+00,1.695758058381884581e+01
4.253000000000000114e+00,1.691658040383606476e+01
4.253999999999999559e+00,1.690324351520243340e+01
4.254999999999999893e+00,1.687798496265218162e+01
4.256000000000000227e+00,1.698737123962930440e+01
4.256999999999999673e+00,1.695117595516045839e+01
4.258000000000000007e+00,1.699813061804400505e+01
4.259000000000000341e+00,1.695655071044214068e+01
4.259999999999999787e+00,1.695368939813324971e+01
4.261000000000000121e+00,1.701520819515871707e+01
4.261999999999999567e+00,1.700954612193654825e+01
4.262999999999999901e+00,1.699866842922066112e+01
4.264000000000000234e+00,1.701672136127555746e+01
4.264999999999999680e+00,1.704439990504998548e+01
4.266000000000000014e+00,1.701844961222743891e+01
4.267000000000000348e+00,1.693996303308946239e+01
4.267999999999999794e+00,1.695068417189087384e+01
4.269000000000000128e+00,1.695456335649917179e+01
4.269999999999999574e+00,1.697143796810489036e+01
4.270999999999999908e+00,1.698281871342736693e+01
4.272000000000000242e+00,1.699357778666770713e+01
4.272999999999999687e+00,1.695533653692830356e+01
4.274000000000000021e+00,1.698894868458789631e+01
4.275000000000000355e+00,1.692947062001031711e+01
4.275999999999999801e+00,1.695320195341481195e+01
4.277000000000000135e+00,1.698532691697134922e+01
4.277999999999999581e+00,1.705686939396085222e+01
4.278999999999999915e+00,1.700213998728070663e+01
4.280000000000000249e+00,1.694821061814787555e+01
4.280999999999999694e+00,1.693582274409627786e+01
4.282000000000000028e+00,1.696509156804700780e+01
4.283000000000000362e+00,1.700350100866209857e+01
4.283999999999999808e+00,1.695890929361352306e+01
4.285000000000000142e+00,1.696645131307381860e+01
4.285999999999999588e+00,1.697622048516789306e+01
4.286999999999999922e+00,1.694088380944372574e+01
4.288000000000000256e+00,1.694401845109162963e+01
4.288999999999999702e+00,1.698119976954858856e+01
4.290000000000000036e+00,1.696124575003126722e+01
4.291000000000000369e+00,1.694744340815091732e+01
4.291999999999999815e+00,1.691398250599862152e+01
4.293000000000000149e+00,1.692325737371883676e+01
4.293999999999999595e+00,1.687889764606691756e+01
4.294999999999999929e+00,1.701482698855301834e+01
4.296000000000000263e+00,1.699516030871211569e+01
4.296999999999999709e+00,1.694101168200528207e+01
4.298000000000000043e+00,1.690422987635680840e+01
4.299000000000000377e+00,1.688804906208730117e+01
4.299999999999999822e+00,1.689670038541236607e+01
4.301000000000000156e+00,1.693209266184736350e+01
4.301999999999999602e+00,1.695071611423774627e+01
4.302999999999999936e+00,1.695417841290964134e+01
4.304000000000000270e+00,1.694137915852770604e+01
4.304999999999999716e+00,1.700587335253540999e+01
4.306000000000000050e+00,1.700073814626374258e+01
4.307000000000000384e+00,1.698606436534316799e+01
4.307999999999999829e+00,1.686828991444319215e+01
4.309000000000000163e+00,1.695174287070772579e+01
4.309999999999999609e+00,1.696281719961812584e+01
4.310999999999999943e+00,1.691728722908001004e+01
4.312000000000000277e+00,1.698848490216157714e+01
4.312999999999999723e+00,1.691423546484123719e+01
4.314000000000000057e+00,1.700537381687970395e+01
4.315000000000000391e+00,1.694057053129569823e+01
4.315999999999999837e+00,1.690083249609585536e+01
4.317000000000000171e+00,1.697599287953940816e+01
4.317999999999999616e+00,1.692787030700520745e+01
4.318999999999999950e+00,1.698563586006716619e+01
4.320000000000000284e+00,1.696162396124944749e+01
4.320999999999999730e+00,1.699709928839736506e+01
4.322000000000000064e+00,1.704253372009275225e+01
4.323000000000000398e+00,1.698345668642542705e+01
4.323999999999999844e+00,1.694986196664923739e+01
4.325000000000000178e+00,1.697465896637102745e+01
4.325999999999999623e+00,1.694632506155254248e+01
4.326999999999999957e+00,1.691240562140488279e+01
4.328000000000000291e+00,1.690826386742560317e+01
4.328999999999999737e+00,1.695949165502338829e+01
4.330000000000000071e+00,1.694666849702268863e+01
4.331000000000000405e+00,1.696445379460345748e+01
4.331999999999999851e+00,1.690431081343274400e+01
4.333000000000000185e+00,1.690311064543767827e+01
4.333999999999999631e+00,1.697412033930089592e+01
4.334999999999999964e+00,1.689921414713628423e+01
4.336000000000000298e+00,1.699377372065250569e+01
4.336999999999999744e+00,1.691834926242216497e+01
4.338000000000000078e+00,1.693176272124564008e+01
4.339000000000000412e+00,1.697156914402920336e+01
4.339999999999999858e+00,1.693783924470554680e+01
4.341000000000000192e+00,1.694936853227872220e+01
4.341999999999999638e+00,1.702939947861185033e+01
4.342999999999999972e+00,1.697001910248544121e+01
4.344000000000000306e+00,1.697642380547818419e+01
4.344999999999999751e+00,1.691576177925617230e+01
4.346000000000000085e+00,1.694825438765824543e+01
4.347000000000000419e+00,1.693803397949641010e+01
4.347999999999999865e+00,1.692822270771071302e+01
4.349000000000000199e+00,1.690359438725737817e+01
4.349999999999999645e+00,1.689474249443688336e+01
4.350999999999999979e+00,1.689179616469805012e+01
4.352000000000000313e+00,1.695590166389851561e+01
4.352999999999999758e+00,1.693142997389127302e+01
4.354000000000000092e+00,1.693244812397608001e+01
4.355000000000000426e+00,1.698234971124846027e+01
4.355999999999999872e+00,1.694431262684750905e+01
4.357000000000000206e+00,1.695516490564868306e+01
4.357999999999999652e+00,1.697793346311527429e+01
4.358999999999999986e+00,1.695686013451337715e+01
4.360000000000000320e+00,1.691516983608484637e+01
4.360999999999999766e+00,1.702813697075569266e+01
4.362000000000000099e+00,1.689745187981966623e+01
4.363000000000000433e+00,1.697119488911278040e+01
4.363999999999999879e+00,1.696636669218774784e+01
4.365000000000000213e+00,1.692674753376993380e+01
4.365999999999999659e+00,1.696672746058339243e+01
4.366999999999999993e+00,1.694711276340953177e+01
4.368000000000000327e+00,1.698306263977356778e+01
4.368999999999999773e+00,1.701370985989966655e+01
4.370000000000000107e+00,1.704961918731213899e+01
4.371000000000000441e+00,1.696741494130507277e+01
4.371999999999999886e+00,1.699975585227783625e+01
4.373000000000000220e+00,1.701384954908676050e+01
4.373999999999999666e+00,1.690396010687408079e+01
4.375000000000000000e+00,1.695874214987490802e+01
4.376000000000000334e+00,1.695362526502230338e+01
4.376999999999999780e+00,1.699726140524666462e+01
4.378000000000000114e+00,1.697696180258866150e+01
4.378999999999999559e+00,1.696482996822682665e+01
4.379999999999999893e+00,1.697456463933765747e+01
4.381000000000000227e+00,1.705111325593628635e+01
4.381999999999999673e+00,1.699225213360138298e+01
4.383000000000000007e+00,1.694752203798604739e+01
4.384000000000000341e+00,1.699114668289133689e+01
4.384999999999999787e+00,1.704548967016154393e+01
4.386000000000000121e+00,1.698074641874694279e+01
4.386999999999999567e+00,1.695219589366390167e+01
4.387999999999999901e+00,1.701002841600240600e+01
4.389000000000000234e+00,1.693717766896181942e+01
4.389999999999999680e+00,1.700428719992007842e+01
4.391000000000000014e+00,1.694741950810004738e+01
4.392000000000000348e+00,1.699132612071285564e+01
4.392999999999999794e+00,1.702686983207986415e+01
4.394000000000000128e+00,1.695984381873449820e+01
4.394999999999999574e+00,1.695277484190147277e+01
4.395999999999999908e+00,1.694405366629817422e+01
4.397000000000000242e+00,1.694474819458080006e+01
4.397999999999999687e+00,1.690181366416479136e+01
4.399000000000000021e+00,1.691881646089933611e+01
4.400000000000000355e+00,1.701724991224135408e+01
4.400999999999999801e+00,1.697091047869363223e+01
4.402000000000000135e+00,1.703204981613387758e+01
4.402999999999999581e+00,1.695783309711810105e+01
4.403999999999999915e+00,1.694786589911438313e+01
4.405000000000000249e+00,1.693755758032849457e+01
4.405999999999999694e+00,1.699943280341186025e+01
4.407000000000000028e+00,1.699241908123046585e+01
4.408000000000000362e+00,1.692854955766188496e+01
4.408999999999999808e+00,1.690224949205567384e+01
4.410000000000000142e+00,1.696850440813939898e+01
4.410999999999999588e+00,1.695327653963879655e+01
4.411999999999999922e+00,1.692793273724644010e+01
4.413000000000000256e+00,1.694023860314047525e+01
4.413999999999999702e+00,1.694736462620777218e+01
4.415000000000000036e+00,1.695514457916046780e+01
4.416000000000000369e+00,1.697705584967667747e+01
4.416999999999999815e+00,1.697754441180362051e+01
4.418000000000000149e+00,1.700546351420558011e+01
4.418999999999999595e+00,1.694787972801017872e+01
4.419999999999999929e+00,1.696587326595840395e+01
4.421000000000000263e+00,1.693228217441615868e+01
4.421999999999999709e+00,1.696632942939919531e+01
4.423000000000000043e+00,1.690611353999728905e+01
4.424000000000000377e+00,1.690283678831524838e+01
4.424999999999999822e+00,1.686767711297946803e+01
4.426000000000000156e+00,1.695684170912451805e+01
4.426999999999999602e+00,1.691487652880712744e+01
4.427999999999999936e+00,1.694334496101308574e+01
4.429000000000000270e+00,1.695730191558603295e+01
4.429999999999999716e+00,1.688564938263725779e+01
4.431000000000000050e+00,1.691995624414401433e+01
4.432000000000000384e+00,1.687350585483848775e+01
4.432999999999999829e+00,1.693600649143733960e+01
4.434000000000000163e+00,1.694437821771225572e+01
4.434999999999999609e+00,1.691232254865472129e+01
4.435999999999999943e+00,1.697241784979822299e+01
4.437000000000000277e+00,1.689628253834773020e+01
4.437999999999999723e+00,1.690456757978650160e+01
4.439000000000000057e+00,1.699016124025399677e+01
4.440000000000000391e+00,1.701601620799974768e+01
4.440999999999999837e+00,1.703725216853626279e+01
4.442000000000000171e+00,1.697820605067272481e+01
4.442999999999999616e+00,1.701156257115270165e+01
4.443999999999999950e+00,1.696504841953762721e+01
4.445000000000000284e+00,1.696791905669310907e+01
4.445999999999999730e+00,1.693605723100939642e+01
4.447000000000000064e+00,1.692901993005179406e+01
4.448000000000000398e+00,1.694887559565844271e+01
4.448999999999999844e+00,1.687536692268941962e+01
4.450000000000000178e+00,1.692853349425757870e+01
4.450999999999999623e+00,1.694907730848449745e+01
4.451999999999999957e+00,1.697341443844694098e+01
4.453000000000000291e+00,1.695011988286108462e+01
4.453999999999999737e+00,1.695936416801426105e+01
4.455000000000000071e+00,1.694582366316772237e+01
4.456000000000000405e+00,1.693497111918734888e+01
4.456999999999999851e+00,1.690460752513072507e+01
4.458000000000000185e+00,1.697129452673500083e+01
4.458999999999999631e+00,1.697052593759169525e+01
4.459999999999999964e+00,1.695779667000900659e+01
4.461000000000000298e+00,1.693818169872920976e+01
4.461999999999999744e+00,1.691856274122169879e+01
4.463000000000000078e+00,1.690280620763772745e+01
4.464000000000000412e+00,1.685989453173174368e+01
4.464999999999999858e+00,1.684350762848895400e+01
4.466000000000000192e+00,1.689743816880273286e+01
4.466999999999999638e+00,1.689880810256779142e+01
4.467999999999999972e+00,1.695274888256599155e+01
4.469000000000000306e+00,1.694875811389505671e+01
4.469999999999999751e+00,1.695261288928168852e+01
4.471000000000000085e+00,1.691737957377588941e+01
4.472000000000000419e+00,1.689496190198505587e+01
4.472999999999999865e+00,1.696816948876386988e+01
4.474000000000000199e+00,1.687921927621782103e+01
4.474999999999999645e+00,1.698799249439765902e+01
4.475999999999999979e+00,1.698627743958273228e+01
4.477000000000000313e+00,1.691961157226671730e+01
4.477999999999999758e+00,1.689532827627333944e+01
4.479000000000000092e+00,1.698384730884058413e+01
4.480000000000000426e+00,1.690067053242507811e+01
4.480999999999999872e+00,1.691484571352651400e+01
4.482000000000000206e+00,1.693636508071815072e+01
4.482999999999999652e+00,1.686494142142300134e+01
4.483999999999999986e+00,1.690229582919895535e+01
4.485000000000000320e+00,1.687142549103026568e+01
4.485999999999999766e+00,1.694527817428312133e+01
4.487000000000000099e+00,1.685369801898847442e+01
4.488000000000000433e+00,1.694437590581915032e+01
4.488999999999999879e+00,1.693478230054979861e+01
4.490000000000000213e+00,1.694409060875183570e+01
4.490999999999999659e+00,1.688074997476008221e+01
4.491999999999999993e+00,1.692336198906358291e+01
4.493000000000000327e+00,1.698944384138382802e+01
4.493999999999999773e+00,1.697372677577074285e+01
4.495000000000000107e+00,1.689770442078651413e+01
4.496000000000000441e+00,1.697381808986022378e+01
4.496999999999999886e+00,1.689794313839371398e+01
4.498000000000000220e+00,1.695542107933378517e+01
4.498999999999999666e+00,1.695049298223420919e+01
4.500000000000000000e+00,1.683315761727149606e+01
4.501000000000000334e+00,1.694103055564841753e+01
4.501999999999999780e+00,1.692900622090427376e+01
4.503000000000000114e+00,1.689936418183027911e+01
4.503999999999999559e+00,1.692947359597925328e+01
4.504999999999999893e+00,1.695086578290548829e+01
4.506000000000000227e+00,1.695420569239244912e+01
4.506999999999999673e+00,1.693391715403247488e+01
4.508000000000000007e+00,1.691952119999284321e+01
4.509000000000000341e+00,1.688247974764983184e+01
4.509999999999999787e+00,1.697694851382120618e+01
4.511000000000000121e+00,1.692673337146725032e+01
4.511999999999999567e+00,1.693861642188367611e+01
4.512999999999999901e+00,1.693498292639405634e+01
4.514000000000000234e+00,1.697177351443809457e+01
4.514999999999999680e+00,1.699016428158081027e+01
4.516000000000000014e+00,1.694712875783707418e+01
4.517000000000000348e+00,1.690258725385915994e+01
4.517999999999999794e+00,1.690837526823965220e+01
4.519000000000000128e+00,1.686110279585497196e+01
4.519999999999999574e+00,1.687044097385716412e+01
4.520999999999999908e+00,1.695230893758988344e+01
4.522000000000000242e+00,1.702833676612713987e+01
4.522999999999999687e+00,1.693806804137384958e+01
4.524000000000000021e+00,1.689013468424779774e+01
4.525000000000000355e+00,1.703376184393697201e+01
4.525999999999999801e+00,1.696100533128361931e+01
4.527000000000000135e+00,1.696271818811773358e+01
4.527999999999999581e+00,1.696394630237373491e+01
4.528999999999999915e+00,1.692526096247964773e+01
4.530000000000000249e+00,1.700170759263989950e+01
4.530999999999999694e+00,1.696924499078759396e+01
4.532000000000000028e+00,1.693090625599932153e+01
4.533000000000000362e+00,1.692369435047599779e+01
4.533999999999999808e+00,1.692993266105165162e+01
4.535000000000000142e+00,1.689729082872221966e+01
4.535999999999999588e+00,1.696248752255267078e+01
4.536999999999999922e+00,1.688811743389617348e+01
4.538000000000000256e+00,1.693099578340799738e+01
4.538999999999999702e+00,1.691680456637447350e+01
4.540000000000000036e+00,1.700846508509507160e+01
4.541000000000000369e+00,1.692068080751578307e+01
4.541999999999999815e+00,1.699169699686026647e+01
4.543000000000000149e+00,1.690281071575756400e+01
4.543999999999999595e+00,1.688146916181952406e+01
4.544999999999999929e+00,1.685829777228622461e+01
4.546000000000000263e+00,1.689235487880725728e+01
4.546999999999999709e+00,1.694930292362957758e+01
4.548000000000000043e+00,1.692468680549071181e+01
4.549000000000000377e+00,1.693382008185681187e+01
4.549999999999999822e+00,1.690880624355375161e+01
4.551000000000000156e+00,1.695356053947136132e+01
4.551999999999999602e+00,1.695246492199876798e+01
4.552999999999999936e+00,1.698845123342106334e+01
4.554000000000000270e+00,1.689763917489758427e+01
4.554999999999999716e+00,1.693382873356414819e+01
4.556000000000000050e+00,1.686953775987733195e+01
4.557000000000000384e+00,1.697864970410548224e+01
4.557999999999999829e+00,1.691930047834116380e+01
4.559000000000000163e+00,1.690251045007025255e+01
4.559999999999999609e+00,1.692439259536608276e+01
4.560999999999999943e+00,1.691952698200505623e+01
4.562000000000000277e+00,1.691709312836101020e+01
4.562999999999999723e+00,1.694268356164545253e+01
4.564000000000000057e+00,1.698429843152799990e+01
4.565000000000000391e+00,1.700113135988172530e+01
4.565999999999999837e+00,1.692109719532921730e+01
4.567000000000000171e+00,1.698029296005860900e+01
4.567999999999999616e+00,1.695290730562695103e+01
4.568999999999999950e+00,1.695974560803163911e+01
4.570000000000000284e+00,1.695131194422019405e+01
4.570999999999999730e+00,1.691129936283648405e+01
4.572000000000000064e+00,1.695404853280520996e+01
4.573000000000000398e+00,1.690226370280240431e+01
4.573999999999999844e+00,1.689279085090227639e+01
4.575000000000000178e+00,1.690042655462965371e+01
4.575999999999999623e+00,1.697413880114784845e+01
4.576999999999999957e+00,1.686664037630328750e+01
4.578000000000000291e+00,1.688810458885141230e+01
4.578999999999999737e+00,1.690152985479830150e+01
4.580000000000000071e+00,1.686630267400569849e+01
4.581000000000000405e+00,1.697802438898662203e+01
4.581999999999999851e+00,1.692668977765143623e+01
4.583000000000000185e+00,1.686710464167304124e+01
4.583999999999999631e+00,1.685041660134709929e+01
4.584999999999999964e+00,1.683202834655493874e+01
4.586000000000000298e+00,1.686724685942223445e+01
4.586999999999999744e+00,1.691579507810856953e+01
4.588000000000000078e+00,1.692856586967949539e+01
4.589000000000000412e+00,1.694582226139994674e+01
4.589999999999999858e+00,1.691099715981471263e+01
4.591000000000000192e+00,1.691614112100286960e+01
4.591999999999999638e+00,1.684904931901251146e+01
4.592999999999999972e+00,1.691084364620828850e+01
4.594000000000000306e+00,1.688320216888479663e+01
4.594999999999999751e+00,1.687092789735986287e+01
4.596000000000000085e+00,1.694554093771015957e+01
4.597000000000000419e+00,1.690600708859936319e+01
4.597999999999999865e+00,1.692503734511848279e+01
4.599000000000000199e+00,1.691900220747206163e+01
4.599999999999999645e+00,1.685012454542854243e+01
4.600999999999999979e+00,1.696830624420139344e+01
4.602000000000000313e+00,1.692294981337265014e+01
4.602999999999999758e+00,1.694220484897817514e+01
4.604000000000000092e+00,1.690713250902346232e+01
4.605000000000000426e+00,1.693655066915659901e+01
4.605999999999999872e+00,1.699136340096779918e+01
4.607000000000000206e+00,1.700895355366468209e+01
4.607999999999999652e+00,1.696256939874563585e+01
4.608999999999999986e+00,1.689359785205675735e+01
4.610000000000000320e+00,1.694594808493363303e+01
4.610999999999999766e+00,1.694831657349819665e+01
4.612000000000000099e+00,1.691991111671014991e+01
4.613000000000000433e+00,1.695133331889687156e+01
4.613999999999999879e+00,1.695842714787131200e+01
4.615000000000000213e+00,1.690985315422985380e+01
4.615999999999999659e+00,1.698481142560105894e+01
4.616999999999999993e+00,1.694752622399498776e+01
4.618000000000000327e+00,1.691080853398355544e+01
4.618999999999999773e+00,1.693979580708992927e+01
4.620000000000000107e+00,1.694088096062025173e+01
4.621000000000000441e+00,1.696022568459064672e+01
4.621999999999999886e+00,1.694665441793512883e+01
4.623000000000000220e+00,1.698230044023648944e+01
4.623999999999999666e+00,1.696950196985626036e+01
4.625000000000000000e+00,1.690966059145972267e+01
4.626000000000000334e+00,1.697861973759584941e+01
4.626999999999999780e+00,1.695881981707666952e+01
4.628000000000000114e+00,1.697795042165691015e+01
4.628999999999999559e+00,1.690471083555909360e+01
4.629999999999999893e+00,1.697269505279276203e+01
4.631000000000000227e+00,1.695236659511293453e+01
4.631999999999999673e+00,1.695083660431943784e+01
4.633000000000000007e+00,1.692663721341912009e+01
4.634000000000000341e+00,1.697724414247917224e+01
4.634999999999999787e+00,1.687563610604923880e+01
4.636000000000000121e+00,1.699068322395395469e+01
4.636999999999999567e+00,1.693006550463478987e+01
4.637999999999999901e+00,1.689846926290729101e+01
4.639000000000000234e+00,1.702912522135616413e+01
4.639999999999999680e+00,1.701568345444810149e+01
4.641000000000000014e+00,1.694792591424530670e+01
4.642000000000000348e+00,1.698183997798570033e+01
4.642999999999999794e+00,1.692274686396165606e+01
4.644000000000000128e+00,1.691100870717796312e+01
4.644999999999999574e+00,1.692653963512791648e+01
4.645999999999999908e+00,1.693863272549592480e+01
4.647000000000000242e+00,1.693130117422489889e+01
4.647999999999999687e+00,1.700918703345599781e+01
4.649000000000000021e+00,1.702220585888947113e+01
4.650000000000000355e+00,1.702365456609836158e+01
4.650999999999999801e+00,1.693602161114032967e+01
4.652000000000000135e+00,1.693114158312393158e+01
4.652999999999999581e+00,1.694922961188996879e+01
4.653999999999999915e+00,1.703443147466921914e+01
4.655000000000000249e+00,1.690994043243183143e+01
4.655999999999999694e+00,1.691709557095902383e+01
4.657000000000000028e+00,1.699838098714187140e+01
4.658000000000000362e+00,1.701529138361842186e+01
4.658999999999999808e+00,1.692937530365837162e+01
4.660000000000000142e+00,1.698276462541025822e+01
4.660999999999999588e+00,1.698065425116760707e+01
4.661999999999999922e+00,1.690129325737314758e+01
4.663000000000000256e+00,1.687869899873502888e+01
4.663999999999999702e+00,1.694273605417395956e+01
4.665000000000000036e+00,1.691440675191406129e+01
4.666000000000000369e+00,1.691246959691601148e+01
4.666999999999999815e+00,1.692315707011166737e+01
4.668000000000000149e+00,1.693226853877776250e+01
4.668999999999999595e+00,1.692789523458270651e+01
4.669999999999999929e+00,1.694396223092076426e+01
4.671000000000000263e+00,1.691497710823735545e+01
4.671999999999999709e+00,1.697442827251880004e+01
4.673000000000000043e+00,1.695121190787996568e+01
4.674000000000000377e+00,1.694020419258508525e+01
4.674999999999999822e+00,1.697377964177593768e+01
4.676000000000000156e+00,1.693537804537673352e+01
4.676999999999999602e+00,1.692193299143369956e+01
4.677999999999999936e+00,1.698311826354344234e+01
4.679000000000000270e+00,1.704598107529341888e+01
4.679999999999999716e+00,1.697595313596232813e+01
4.681000000000000050e+00,1.697838413542642400e+01
4.682000000000000384e+00,1.697672390541648824e+01
4.682999999999999829e+00,1.696235032712560553e+01
4.684000000000000163e+00,1.698773955474229069e+01
4.684999999999999609e+00,1.696317725672249566e+01
4.685999999999999943e+00,1.694705986303517520e+01
4.687000000000000277e+00,1.695028277427708119e+01
4.687999999999999723e+00,1.704273316328492172e+01
4.689000000000000057e+00,1.699454531218781739e+01
4.690000000000000391e+00,1.700492752647676298e+01
4.690999999999999837e+00,1.701259352964206784e+01
4.692000000000000171e+00,1.692537015071197715e+01
4.692999999999999616e+00,1.693017512624121679e+01
4.693999999999999950e+00,1.698278179340566396e+01
4.695000000000000284e+00,1.695497134141756845e+01
4.695999999999999730e+00,1.699061326459423071e+01
4.697000000000000064e+00,1.699503078901365427e+01
4.698000000000000398e+00,1.695629066281359698e+01
4.698999999999999844e+00,1.692581090130029864e+01
4.700000000000000178e+00,1.692084610820441526e+01
4.700999999999999623e+00,1.696521202523389604e+01
4.701999999999999957e+00,1.691401955969892157e+01
4.703000000000000291e+00,1.685488112407135830e+01
4.703999999999999737e+00,1.690410679581163222e+01
4.705000000000000071e+00,1.696828035956372460e+01
4.706000000000000405e+00,1.691678535443473308e+01
4.706999999999999851e+00,1.698657043605409456e+01
4.708000000000000185e+00,1.694696362931881950e+01
4.708999999999999631e+00,1.693191477291843583e+01
4.709999999999999964e+00,1.697354433844393640e+01
4.711000000000000298e+00,1.691565697280709202e+01
4.711999999999999744e+00,1.689073503770626417e+01
4.713000000000000078e+00,1.692595009614981905e+01
4.714000000000000412e+00,1.695707198409514049e+01
4.714999999999999858e+00,1.700968988129763915e+01
4.716000000000000192e+00,1.697886163132671200e+01
4.716999999999999638e+00,1.691105494803555231e+01
4.717999999999999972e+00,1.690848662330053997e+01
4.719000000000000306e+00,1.695070052267129768e+01
4.719999999999999751e+00,1.688212950942192236e+01
4.721000000000000085e+00,1.687435610861725621e+01
4.722000000000000419e+00,1.699265002231373600e+01
4.722999999999999865e+00,1.690700651700322510e+01
4.724000000000000199e+00,1.691379975554178827e+01
4.724999999999999645e+00,1.691823534210190161e+01
4.725999999999999979e+00,1.696814406057369951e+01
4.727000000000000313e+00,1.694474783364795911e+01
4.727999999999999758e+00,1.690688382979622162e+01
4.729000000000000092e+00,1.693974834950695652e+01
4.730000000000000426e+00,1.698341176433776667e+01
4.730999999999999872e+00,1.703519291931289459e+01
4.732000000000000206e+00,1.701986877858756486e+01
4.732999999999999652e+00,1.703080447353826798e+01
4.733999999999999986e+00,1.711058390828095810e+01
4.735000000000000320e+00,1.694854216126443802e+01
4.735999999999999766e+00,1.694188378572729903e+01
4.737000000000000099e+00,1.696084000819614346e+01
4.738000000000000433e+00,1.697002074797537929e+01
4.738999999999999879e+00,1.704468797936572955e+01
4.740000000000000213e+00,1.701133495734624290e+01
4.740999999999999659e+00,1.702504431037750976e+01
4.741999999999999993e+00,1.698635520373186125e+01
4.743000000000000327e+00,1.703062515357382622e+01
4.743999999999999773e+00,1.695251192593129375e+01
4.745000000000000107e+00,1.696876333661645830e+01
4.746000000000000441e+00,1.701934750780885608e+01
4.746999999999999886e+00,1.698424574057703396e+01
4.748000000000000220e+00,1.701987308238397034e+01
4.748999999999999666e+00,1.699543299609565850e+01
4.750000000000000000e+00,1.701414373962780147e+01
4.751000000000000334e+00,1.706561523838868766e+01
4.751999999999999780e+00,1.699676476771378475e+01
4.753000000000000114e+00,1.696182242135325779e+01
4.753999999999999559e+00,1.707347173818185482e+01
4.754999999999999893e+00,1.696794800610956599e+01
4.756000000000000227e+00,1.700837925124541528e+01
4.756999999999999673e+00,1.698508014817181433e+01
4.758000000000000007e+00,1.703407177845595299e+01
4.759000000000000341e+00,1.708009288583956220e+01
4.759999999999999787e+00,1.704612964842505463e+01
4.761000000000000121e+00,1.709904175099697454e+01
4.761999999999999567e+00,1.703782892797614323e+01
4.762999999999999901e+00,1.704830320342423278e+01
4.764000000000000234e+00,1.694668497489788450e+01
4.764999999999999680e+00,1.691540263349696716e+01
4.766000000000000014e+00,1.697364958663839474e+01
4.767000000000000348e+00,1.706613290055503285e+01
4.767999999999999794e+00,1.707009199574760672e+01
4.769000000000000128e+00,1.710851438510846378e+01
4.769999999999999574e+00,1.705183916433528069e+01
4.770999999999999908e+00,1.705840551027709395e+01
4.772000000000000242e+00,1.705706312610353592e+01
4.772999999999999687e+00,1.698518767265326446e+01
4.774000000000000021e+00,1.696934514030819585e+01
4.775000000000000355e+00,1.706498612484530142e+01
4.775999999999999801e+00,1.707068703220686245e+01
4.777000000000000135e+00,1.701982264456828275e+01
4.777999999999999581e+00,1.702864488398383358e+01
4.778999999999999915e+00,1.705626399397288750e+01
4.780000000000000249e+00,1.702678991729274216e+01
4.780999999999999694e+00,1.705191360988953875e+01
4.782000000000000028e+00,1.702132620397913598e+01
4.783000000000000362e+00,1.703879409722477334e+01
4.783999999999999808e+00,1.702090038491547119e+01
4.785000000000000142e+00,1.703006527243400470e+01
4.785999999999999588e+00,1.698150643681321625e+01
4.786999999999999922e+00,1.698412730802628801e+01
4.788000000000000256e+00,1.707387657348309062e+01
4.788999999999999702e+00,1.707409572083823335e+01
4.790000000000000036e+00,1.703364878613774991e+01
4.791000000000000369e+00,1.693775860687946988e+01
4.791999999999999815e+00,1.696877523455435011e+01
4.793000000000000149e+00,1.693615857023456783e+01
4.793999999999999595e+00,1.699995201604247796e+01
4.794999999999999929e+00,1.702943099597677801e+01
4.796000000000000263e+00,1.693997683282180944e+01
4.796999999999999709e+00,1.702122399339780756e+01
4.798000000000000043e+00,1.707044980002814683e+01
4.799000000000000377e+00,1.703410087299551279e+01
4.799999999999999822e+00,1.698026255132961992e+01
4.801000000000000156e+00,1.701541118194381497e+01
4.801999999999999602e+00,1.703631667807607286e+01
4.802999999999999936e+00,1.697787583774449516e+01
4.804000000000000270e+00,1.700597454352513083e+01
4.804999999999999716e+00,1.694324828411779649e+01
4.806000000000000050e+00,1.697996913833205213e+01
4.807000000000000384e+00,1.708449828862986664e+01
4.807999999999999829e+00,1.698265750811572516e+01
4.809000000000000163e+00,1.697023260064075245e+01
4.809999999999999609e+00,1.699773001254233407e+01
4.810999999999999943e+00,1.705235802053107363e+01
4.812000000000000277e+00,1.698378984858557317e+01
4.812999999999999723e+00,1.697883678140654595e+01
4.814000000000000057e+00,1.693881421063502302e+01
4.815000000000000391e+00,1.703974830255089401e+01
4.815999999999999837e+00,1.697116630445971808e+01
4.817000000000000171e+00,1.691443311912486891e+01
4.817999999999999616e+00,1.701644097532327038e+01
4.818999999999999950e+00,1.701190936498537454e+01
4.820000000000000284e+00,1.699780031001835567e+01
4.820999999999999730e+00,1.702404321000854281e+01
4.822000000000000064e+00,1.697291401535507305e+01
4.823000000000000398e+00,1.699399336911238478e+01
4.823999999999999844e+00,1.698619527458988188e+01
4.825000000000000178e+00,1.698772046765819610e+01
4.825999999999999623e+00,1.692662583074941196e+01
4.826999999999999957e+00,1.692491542516943070e+01
4.828000000000000291e+00,1.691794767585854231e+01
4.828999999999999737e+00,1.695007323765467788e+01
4.830000000000000071e+00,1.692577171624964905e+01
4.831000000000000405e+00,1.698347290980266067e+01
4.831999999999999851e+00,1.692465375926762761e+01
4.833000000000000185e+00,1.700822724535132124e+01
4.833999999999999631e+00,1.700236992201075026e+01
4.834999999999999964e+00,1.698147932481397504e+01
4.836000000000000298e+00,1.696479697566304168e+01
4.836999999999999744e+00,1.694067751032037705e+01
4.838000000000000078e+00,1.703403171902153090e+01
4.839000000000000412e+00,1.699892556440608260e+01
4.839999999999999858e+00,1.701101561123202899e+01
4.841000000000000192e+00,1.696677694170391604e+01
4.841999999999999638e+00,1.698475978360534100e+01
4.842999999999999972e+00,1.699219113201854725e+01
4.844000000000000306e+00,1.698992619199018606e+01
4.844999999999999751e+00,1.696779351478902598e+01
4.846000000000000085e+00,1.701096959007298537e+01
4.847000000000000419e+00,1.701609724544752211e+01
4.847999999999999865e+00,1.692701495428584124e+01
4.849000000000000199e+00,1.700411301737100445e+01
4.849999999999999645e+00,1.695495146395404618e+01
4.850999999999999979e+00,1.696703801092785113e+01
4.852000000000000313e+00,1.694876906089125157e+01
4.852999999999999758e+00,1.697813290070602577e+01
4.854000000000000092e+00,1.698136514503334382e+01
4.855000000000000426e+00,1.697802615016781402e+01
4.855999999999999872e+00,1.693386162527902883e+01
4.857000000000000206e+00,1.689828468958518215e+01
4.857999999999999652e+00,1.694777168044729976e+01
4.858999999999999986e+00,1.698723311120878421e+01
4.860000000000000320e+00,1.695661067490461704e+01
4.860999999999999766e+00,1.689266486233766074e+01
4.862000000000000099e+00,1.697155626645596627e+01
4.863000000000000433e+00,1.706267923002079812e+01
4.863999999999999879e+00,1.693019200391989543e+01
4.865000000000000213e+00,1.703969881862290592e+01
4.865999999999999659e+00,1.698210176485653733e+01
4.866999999999999993e+00,1.688022556864084223e+01
4.868000000000000327e+00,1.698444941684261877e+01
4.868999999999999773e+00,1.698757266096521690e+01
4.870000000000000107e+00,1.695597045473935793e+01
4.871000000000000441e+00,1.696099476589669308e+01
4.871999999999999886e+00,1.689805763742286615e+01
4.873000000000000220e+00,1.692408524568355332e+01
4.873999999999999666e+00,1.690089959608259562e+01
4.875000000000000000e+00,1.693843105391366777e+01
4.876000000000000334e+00,1.694041523145867600e+01
4.876999999999999780e+00,1.699323285691115260e+01
4.878000000000000114e+00,1.696016050633009797e+01
4.878999999999999559e+00,1.692466176028811731e+01
4.879999999999999893e+00,1.697808896644905019e+01
4.881000000000000227e+00,1.698386583186538346e+01
4.881999999999999673e+00,1.693028717256088100e+01
4.883000000000000007e+00,1.698768702236433370e+01
4.884000000000000341e+00,1.694285993118448275e+01
4.884999999999999787e+00,1.698393951814543001e+01
4.886000000000000121e+00,1.698606437279974557e+01
4.886999999999999567e+00,1.700303643952731747e+01
4.887999999999999901e+00,1.706506012176091502e+01
4.889000000000000234e+00,1.703586627403644727e+01
4.889999999999999680e+00,1.697738407353872248e+01
4.891000000000000014e+00,1.702232043584826471e+01
4.892000000000000348e+00,1.701509891408775843e+01
4.892999999999999794e+00,1.699446631182212997e+01
4.894000000000000128e+00,1.699997757318342195e+01
4.894999999999999574e+00,1.704399530040970134e+01
4.895999999999999908e+00,1.704330546012860026e+01
4.897000000000000242e+00,1.705960059208494073e+01
4.897999999999999687e+00,1.711499001474783910e+01
4.899000000000000021e+00,1.705127716527864123e+01
4.900000000000000355e+00,1.701434462229349975e+01
4.900999999999999801e+00,1.709694499387008193e+01
4.902000000000000135e+00,1.706902059974694197e+01
4.902999999999999581e+00,1.701731004132424374e+01
4.903999999999999915e+00,1.702845696840080336e+01
4.905000000000000249e+00,1.707863658649744920e+01
4.905999999999999694e+00,1.697543528262774970e+01
4.907000000000000028e+00,1.702788583081141383e+01
4.908000000000000362e+00,1.698960545226529106e+01
4.908999999999999808e+00,1.704417718730390163e+01
4.910000000000000142e+00,1.712162625496875989e+01
4.910999999999999588e+00,1.710538700731111206e+01
4.911999999999999922e+00,1.705850995487841359e+01
4.913000000000000256e+00,1.700384682794713953e+01
4.913999999999999702e+00,1.702335972758530147e+01
4.915000000000000036e+00,1.702537475002483447e+01
4.916000000000000369e+00,1.696816713049708270e+01
4.916999999999999815e+00,1.703796895022725622e+01
4.918000000000000149e+00,1.701415756247026323e+01
4.918999999999999595e+00,1.702028102895789630e+01
4.919999999999999929e+00,1.706102114738761699e+01
4.921000000000000263e+00,1.706702522967972868e+01
4.921999999999999709e+00,1.704916183136717578e+01
4.923000000000000043e+00,1.704263347569344234e+01
4.924000000000000377e+00,1.706301952315633841e+01
4.924999999999999822e+00,1.700926954652813805e+01
4.926000000000000156e+00,1.702515325343060582e+01
4.926999999999999602e+00,1.703097521820531313e+01
4.927999999999999936e+00,1.701132403288956496e+01
4.929000000000000270e+00,1.701281047185442930e+01
4.929999999999999716e+00,1.697429683810078060e+01
4.931000000000000050e+00,1.702796455595603575e+01
4.932000000000000384e+00,1.703491773182532398e+01
4.932999999999999829e+00,1.690163419369778453e+01
4.934000000000000163e+00,1.706950178799254303e+01
4.934999999999999609e+00,1.700377266254011488e+01
4.935999999999999943e+00,1.699419529093561820e+01
4.937000000000000277e+00,1.698949306431349271e+01
4.937999999999999723e+00,1.704312881792764500e+01
4.939000000000000057e+00,1.696110987323058339e+01
4.940000000000000391e+00,1.692678532980614392e+01
4.940999999999999837e+00,1.703573997794410744e+01
4.942000000000000171e+00,1.701334984185719534e+01
4.942999999999999616e+00,1.700351689108454423e+01
4.943999999999999950e+00,1.699084509261775011e+01
4.945000000000000284e+00,1.698748529187668765e+01
4.945999999999999730e+00,1.701332415856711933e+01
4.947000000000000064e+00,1.702554228032686012e+01
4.948000000000000398e+00,1.701864340236722484e+01
4.948999999999999844e+00,1.701821981821676033e+01
4.950000000000000178e+00,1.698890852517479644e+01
4.950999999999999623e+00,1.695561220388484358e+01
4.951999999999999957e+00,1.707094877185524240e+01
4.953000000000000291e+00,1.703684410823360551e+01
4.953999999999999737e+00,1.699332918865341924e+01
4.955000000000000071e+00,1.698232489388742650e+01
4.956000000000000405e+00,1.702213366512993176e+01
4.956999999999999851e+00,1.709226510098344676e+01
4.958000000000000185e+00,1.701318528643199457e+01
4.958999999999999631e+00,1.700768839390339693e+01
4.959999999999999964e+00,1.706491836371096227e+01
4.961000000000000298e+00,1.700669342192542288e+01
4.961999999999999744e+00,1.701448769343873479e+01
4.963000000000000078e+00,1.704616226941475432e+01
4.964000000000000412e+00,1.706524964827822544e+01
4.964999999999999858e+00,1.711007432969275754e+01
4.966000000000000192e+00,1.704938084115604724e+01
4.966999999999999638e+00,1.716829970972744945e+01
4.967999999999999972e+00,1.711476007952962419e+01
4.969000000000000306e+00,1.702096874386104020e+01
4.969999999999999751e+00,1.705262478372690538e+01
4.971000000000000085e+00,1.699640324256414203e+01
4.972000000000000419e+00,1.700429845856247724e+01
4.972999999999999865e+00,1.703768612433112750e+01
4.974000000000000199e+00,1.702123963147942121e+01
4.974999999999999645e+00,1.701237104163765679e+01
4.975999999999999979e+00,1.709876903056883179e+01
4.977000000000000313e+00,1.706158077485127578e+01
4.977999999999999758e+00,1.709638046288898394e+01
4.979000000000000092e+00,1.703474216783286366e+01
4.980000000000000426e+00,1.708746369366722462e+01
4.980999999999999872e+00,1.701112865457453083e+01
4.982000000000000206e+00,1.705735860360166356e+01
4.982999999999999652e+00,1.706618843679057207e+01
4.983999999999999986e+00,1.707878259544015975e+01
4.985000000000000320e+00,1.699853628028818520e+01
4.985999999999999766e+00,1.701661612639616195e+01
4.987000000000000099e+00,1.704830049359830824e+01
4.988000000000000433e+00,1.704871973426230625e+01
4.988999999999999879e+00,1.707130006571945202e+01
4.990000000000000213e+00,1.709025952612545041e+01
4.990999999999999659e+00,1.716351907267228682e+01
4.991999999999999993e+00,1.703694024127355178e+01
4.993000000000000327e+00,1.704991409126328961e+01
4.993999999999999773e+00,1.705877703719316330e+01
4.995000000000000107e+00,1.704709243118675488e+01
4.996000000000000441e+00,1.701476237946480552e+01
4.996999999999999886e+00,1.713093404750406634e+01
4.998000000000000220e+00,1.706259696562657879e+01
4.998999999999999666e+00,1.704568997705580813e+01
