time_ns,rmsd_A
0.000000000000000000e+00,1.538428068161010742e+00
1.000000000000000021e-03,1.592851161956787109e+00
2.000000000000000042e-03,1.617627263069152832e+00
3.000000000000000062e-03,1.601858615875244141e+00
4.000000000000000083e-03,1.565827131271362305e+00
5.000000000000000104e-03,1.544848680496215820e+00
6.000000000000000125e-03,1.472613692283630371e+00
7.000000000000000146e-03,1.423048257827758789e+00
8.000000000000000167e-03,1.485223293304443359e+00
8.999999999999999320e-03,1.516280174255371094e+00
1.000000000000000021e-02,1.450639367103576660e+00
1.099999999999999936e-02,1.403189897537231445e+00
1.200000000000000025e-02,1.409520626068115234e+00
1.299999999999999940e-02,1.445530414581298828e+00
1.400000000000000029e-02,1.453520536422729492e+00
1.499999999999999944e-02,1.534742236137390137e+00
1.600000000000000033e-02,1.496516942977905273e+00
1.700000000000000122e-02,1.427594423294067383e+00
1.799999999999999864e-02,1.508605480194091797e+00
1.899999999999999953e-02,1.482627391815185547e+00
2.000000000000000042e-02,1.525990724563598633e+00
2.100000000000000130e-02,1.506608724594116211e+00
2.199999999999999872e-02,1.498033404350280762e+00
2.299999999999999961e-02,1.568415403366088867e+00
2.400000000000000050e-02,1.559018492698669434e+00
2.500000000000000139e-02,1.572135806083679199e+00
2.599999999999999881e-02,1.513838648796081543e+00
2.699999999999999969e-02,1.507218122482299805e+00
2.800000000000000058e-02,1.494026064872741699e+00
2.900000000000000147e-02,1.553313493728637695e+00
2.999999999999999889e-02,1.519154429435729980e+00
3.099999999999999978e-02,1.565957546234130859e+00
3.200000000000000067e-02,1.579453468322753906e+00
3.300000000000000155e-02,1.541327357292175293e+00
3.400000000000000244e-02,1.585547208786010742e+00
3.500000000000000333e-02,1.554265737533569336e+00
3.599999999999999728e-02,1.609215497970581055e+00
3.699999999999999817e-02,1.537017941474914551e+00
3.799999999999999906e-02,1.552952051162719727e+00
3.899999999999999994e-02,1.470030307769775391e+00
4.000000000000000083e-02,1.509704351425170898e+00
4.100000000000000172e-02,1.558281898498535156e+00
4.200000000000000261e-02,1.560948133468627930e+00
4.299999999999999656e-02,1.566299676895141602e+00
4.399999999999999745e-02,1.485498070716857910e+00
4.499999999999999833e-02,1.438879370689392090e+00
4.599999999999999922e-02,1.472163200378417969e+00
4.700000000000000011e-02,1.496704339981079102e+00
4.800000000000000100e-02,1.506270170211791992e+00
4.900000000000000189e-02,1.504151582717895508e+00
5.000000000000000278e-02,1.565680503845214844e+00
5.099999999999999672e-02,1.526726007461547852e+00
5.199999999999999761e-02,1.456238508224487305e+00
5.299999999999999850e-02,1.482610225677490234e+00
5.399999999999999939e-02,1.466833591461181641e+00
5.500000000000000028e-02,1.548345685005187988e+00
5.600000000000000117e-02,1.544848680496215820e+00
5.700000000000000205e-02,1.513585925102233887e+00
5.800000000000000294e-02,1.496567964553833008e+00
5.899999999999999689e-02,1.492266178131103516e+00
5.999999999999999778e-02,1.530647754669189453e+00
6.099999999999999867e-02,1.515186309814453125e+00
6.199999999999999956e-02,1.534659266471862793e+00
6.300000000000000044e-02,1.574049592018127441e+00
6.400000000000000133e-02,1.534991741180419922e+00
6.500000000000000222e-02,1.520681858062744141e+00
6.600000000000000311e-02,1.448421716690063477e+00
6.700000000000000400e-02,1.591184616088867188e+00
6.800000000000000488e-02,1.549761891365051270e+00
6.900000000000000577e-02,1.578451633453369141e+00
7.000000000000000666e-02,1.590302586555480957e+00
7.099999999999999367e-02,1.562059044837951660e+00
7.199999999999999456e-02,1.524267792701721191e+00
7.299999999999999545e-02,1.518113017082214355e+00
7.399999999999999634e-02,1.645444154739379883e+00
7.499999999999999722e-02,1.647024750709533691e+00
7.599999999999999811e-02,1.603784561157226562e+00
7.699999999999999900e-02,1.578920364379882812e+00
7.799999999999999989e-02,1.537996768951416016e+00
7.900000000000000078e-02,1.538544178009033203e+00
8.000000000000000167e-02,1.563593626022338867e+00
8.100000000000000255e-02,1.587187290191650391e+00
8.200000000000000344e-02,1.568187713623046875e+00
8.300000000000000433e-02,1.555168390274047852e+00
8.400000000000000522e-02,1.638903856277465820e+00
8.500000000000000611e-02,1.652529716491699219e+00
8.599999999999999312e-02,1.607899069786071777e+00
8.699999999999999400e-02,1.782884001731872559e+00
8.799999999999999489e-02,1.653208851814270020e+00
8.899999999999999578e-02,1.641283750534057617e+00
8.999999999999999667e-02,1.740586042404174805e+00
9.099999999999999756e-02,1.721293687820434570e+00
9.199999999999999845e-02,1.806551098823547363e+00
9.299999999999999933e-02,1.767766952514648438e+00
9.400000000000000022e-02,1.836438894271850586e+00
9.500000000000000111e-02,1.830832004547119141e+00
9.600000000000000200e-02,1.722019791603088379e+00
9.700000000000000289e-02,1.832308530807495117e+00
9.800000000000000377e-02,1.850595474243164062e+00
9.900000000000000466e-02,1.796866059303283691e+00
1.000000000000000056e-01,1.796724200248718262e+00
1.010000000000000064e-01,1.740278124809265137e+00
1.019999999999999934e-01,1.815383672714233398e+00
1.029999999999999943e-01,1.790280580520629883e+00
1.039999999999999952e-01,1.741406679153442383e+00
1.049999999999999961e-01,1.717658758163452148e+00
1.059999999999999970e-01,1.807412385940551758e+00
1.069999999999999979e-01,1.900688886642456055e+00
1.079999999999999988e-01,1.819117784500122070e+00
1.089999999999999997e-01,1.747271299362182617e+00
1.100000000000000006e-01,1.843191862106323242e+00
1.110000000000000014e-01,1.773486852645874023e+00
1.120000000000000023e-01,1.824145436286926270e+00
1.130000000000000032e-01,1.731902360916137695e+00
1.140000000000000041e-01,1.801743507385253906e+00
1.150000000000000050e-01,1.767737984657287598e+00
1.160000000000000059e-01,1.732182264328002930e+00
1.170000000000000068e-01,1.777294754981994629e+00
1.179999999999999938e-01,1.725970625877380371e+00
1.189999999999999947e-01,1.816886663436889648e+00
1.199999999999999956e-01,1.700297832489013672e+00
1.209999999999999964e-01,1.728540658950805664e+00
1.219999999999999973e-01,1.803710460662841797e+00
1.229999999999999982e-01,1.884500026702880859e+00
1.239999999999999991e-01,1.773918271064758301e+00
1.250000000000000000e-01,1.758564710617065430e+00
1.260000000000000009e-01,1.853075146675109863e+00
1.270000000000000018e-01,1.741992473602294922e+00
1.280000000000000027e-01,1.673682808876037598e+00
1.290000000000000036e-01,1.746482729911804199e+00
1.300000000000000044e-01,1.690139889717102051e+00
1.310000000000000053e-01,1.580034732818603516e+00
1.320000000000000062e-01,1.631430864334106445e+00
1.330000000000000071e-01,1.626278042793273926e+00
1.340000000000000080e-01,1.571275591850280762e+00
1.350000000000000089e-01,1.568838357925415039e+00
1.360000000000000098e-01,1.602097511291503906e+00
1.370000000000000107e-01,1.600058078765869141e+00
1.380000000000000115e-01,1.755384922027587891e+00
1.390000000000000124e-01,1.692357182502746582e+00
1.400000000000000133e-01,1.632493734359741211e+00
1.409999999999999865e-01,1.580325365066528320e+00
1.419999999999999873e-01,1.587942719459533691e+00
1.429999999999999882e-01,1.643970608711242676e+00
1.439999999999999891e-01,1.581874489784240723e+00
1.449999999999999900e-01,1.694978237152099609e+00
1.459999999999999909e-01,1.689566254615783691e+00
1.469999999999999918e-01,1.680269718170166016e+00
1.479999999999999927e-01,1.735095858573913574e+00
1.489999999999999936e-01,1.656076669692993164e+00
1.499999999999999944e-01,1.696693181991577148e+00
1.509999999999999953e-01,1.648356318473815918e+00
1.519999999999999962e-01,1.642262816429138184e+00
1.529999999999999971e-01,1.667023777961730957e+00
1.539999999999999980e-01,1.693954348564147949e+00
1.549999999999999989e-01,1.729470252990722656e+00
1.559999999999999998e-01,1.738664984703063965e+00
1.570000000000000007e-01,1.662595272064208984e+00
1.580000000000000016e-01,1.622131466865539551e+00
1.590000000000000024e-01,1.719840645790100098e+00
1.600000000000000033e-01,1.665094494819641113e+00
1.610000000000000042e-01,1.631462097167968750e+00
1.620000000000000051e-01,1.663208961486816406e+00
1.630000000000000060e-01,1.727049350738525391e+00
1.640000000000000069e-01,1.714001178741455078e+00
1.650000000000000078e-01,1.696211814880371094e+00
1.660000000000000087e-01,1.639152884483337402e+00
1.670000000000000095e-01,1.716455221176147461e+00
1.680000000000000104e-01,1.768473982810974121e+00
1.690000000000000113e-01,1.729278445243835449e+00
1.700000000000000122e-01,1.764025211334228516e+00
1.710000000000000131e-01,1.793043017387390137e+00
1.719999999999999862e-01,1.837286233901977539e+00
1.729999999999999871e-01,1.936668157577514648e+00
1.739999999999999880e-01,1.827945470809936523e+00
1.749999999999999889e-01,1.800241947174072266e+00
1.759999999999999898e-01,1.826842546463012695e+00
1.769999999999999907e-01,1.871336460113525391e+00
1.779999999999999916e-01,1.881871938705444336e+00
1.789999999999999925e-01,1.801290273666381836e+00
1.799999999999999933e-01,1.803710460662841797e+00
1.809999999999999942e-01,1.783871054649353027e+00
1.819999999999999951e-01,1.799278140068054199e+00
1.829999999999999960e-01,1.686589121818542480e+00
1.839999999999999969e-01,1.821304321289062500e+00
1.849999999999999978e-01,1.786885976791381836e+00
1.859999999999999987e-01,1.898083090782165527e+00
1.869999999999999996e-01,1.800029397010803223e+00
1.880000000000000004e-01,1.705765485763549805e+00
1.890000000000000013e-01,1.784157037734985352e+00
1.900000000000000022e-01,1.724462389945983887e+00
1.910000000000000031e-01,1.685287833213806152e+00
1.920000000000000040e-01,1.774364113807678223e+00
1.930000000000000049e-01,1.831500768661499023e+00
1.940000000000000058e-01,1.841890215873718262e+00
1.950000000000000067e-01,1.882901906967163086e+00
1.960000000000000075e-01,1.871404647827148438e+00
1.970000000000000084e-01,1.856719851493835449e+00
1.980000000000000093e-01,1.879090785980224609e+00
1.990000000000000102e-01,1.899372935295104980e+00
2.000000000000000111e-01,1.915409445762634277e+00
2.010000000000000120e-01,1.839964151382446289e+00
2.020000000000000129e-01,1.718178391456604004e+00
2.030000000000000138e-01,1.790038347244262695e+00
2.039999999999999869e-01,1.764936208724975586e+00
2.049999999999999878e-01,1.797561764717102051e+00
2.059999999999999887e-01,1.736389279365539551e+00
2.069999999999999896e-01,1.718416094779968262e+00
2.079999999999999905e-01,1.808569312095642090e+00
2.089999999999999913e-01,1.824425220489501953e+00
2.099999999999999922e-01,1.850967645645141602e+00
2.109999999999999931e-01,1.750538587570190430e+00
2.119999999999999940e-01,1.868102788925170898e+00
2.129999999999999949e-01,1.832851290702819824e+00
2.139999999999999958e-01,1.806297063827514648e+00
2.149999999999999967e-01,1.830302476882934570e+00
2.159999999999999976e-01,1.739281177520751953e+00
2.169999999999999984e-01,1.836952924728393555e+00
2.179999999999999993e-01,1.870559334754943848e+00
2.190000000000000002e-01,1.849326848983764648e+00
2.200000000000000011e-01,1.836383461952209473e+00
2.210000000000000020e-01,1.706528067588806152e+00
2.220000000000000029e-01,1.780621767044067383e+00
2.230000000000000038e-01,1.718727827072143555e+00
2.240000000000000047e-01,1.776189088821411133e+00
2.250000000000000056e-01,1.753698348999023438e+00
2.260000000000000064e-01,1.765976548194885254e+00
2.270000000000000073e-01,1.774091005325317383e+00
2.280000000000000082e-01,1.827107787132263184e+00
2.290000000000000091e-01,1.882116079330444336e+00
2.300000000000000100e-01,1.763446807861328125e+00
2.310000000000000109e-01,1.832726120948791504e+00
2.320000000000000118e-01,1.844008088111877441e+00
2.330000000000000127e-01,1.811684131622314453e+00
2.340000000000000135e-01,1.768993139266967773e+00
2.349999999999999867e-01,1.775269627571105957e+00
2.359999999999999876e-01,1.750422120094299316e+00
2.369999999999999885e-01,1.783198714256286621e+00
2.379999999999999893e-01,1.881614327430725098e+00
2.389999999999999902e-01,1.781151771545410156e+00
2.399999999999999911e-01,1.802578687667846680e+00
2.409999999999999920e-01,1.862454295158386230e+00
2.419999999999999929e-01,1.787799477577209473e+00
2.429999999999999938e-01,1.805336236953735352e+00
2.439999999999999947e-01,1.851780652999877930e+00
2.449999999999999956e-01,1.857612729072570801e+00
2.459999999999999964e-01,1.786814689636230469e+00
2.469999999999999973e-01,1.874238014221191406e+00
2.479999999999999982e-01,1.843523979187011719e+00
2.489999999999999991e-01,1.923715829849243164e+00
2.500000000000000000e-01,1.800610423088073730e+00
2.510000000000000009e-01,1.836147189140319824e+00
2.520000000000000018e-01,1.821766376495361328e+00
2.530000000000000027e-01,1.841114521026611328e+00
2.540000000000000036e-01,1.739867687225341797e+00
2.550000000000000044e-01,1.828280448913574219e+00
2.560000000000000053e-01,1.815397739410400391e+00
2.570000000000000062e-01,1.975184082984924316e+00
2.580000000000000071e-01,1.827875614166259766e+00
2.590000000000000080e-01,1.763793826103210449e+00
2.600000000000000089e-01,1.799306392669677734e+00
2.610000000000000098e-01,1.864028692245483398e+00
2.620000000000000107e-01,1.880230903625488281e+00
2.630000000000000115e-01,1.885203838348388672e+00
2.640000000000000124e-01,1.878737807273864746e+00
2.650000000000000133e-01,1.829912185668945312e+00
2.660000000000000142e-01,1.855262756347656250e+00
2.670000000000000151e-01,1.846496582031250000e+00
2.680000000000000160e-01,1.882197380065917969e+00
2.690000000000000169e-01,2.002887725830078125e+00
2.700000000000000178e-01,2.033402681350708008e+00
2.710000000000000187e-01,2.000835895538330078e+00
2.720000000000000195e-01,1.896254420280456543e+00
2.730000000000000204e-01,1.829089522361755371e+00
2.740000000000000213e-01,1.944726228713989258e+00
2.750000000000000222e-01,1.951025843620300293e+00
2.760000000000000231e-01,1.945027828216552734e+00
2.770000000000000240e-01,1.904001235961914062e+00
2.780000000000000249e-01,1.943322181701660156e+00
2.790000000000000258e-01,1.900125026702880859e+00
2.800000000000000266e-01,1.847960710525512695e+00
2.810000000000000275e-01,1.824872612953186035e+00
2.819999999999999729e-01,1.844796538352966309e+00
2.829999999999999738e-01,1.835771918296813965e+00
2.839999999999999747e-01,1.794934272766113281e+00
2.849999999999999756e-01,1.727640151977539062e+00
2.859999999999999765e-01,1.889947652816772461e+00
2.869999999999999774e-01,1.764025211334228516e+00
2.879999999999999782e-01,1.730708837509155273e+00
2.889999999999999791e-01,1.693894147872924805e+00
2.899999999999999800e-01,1.725793361663818359e+00
2.909999999999999809e-01,1.750553250312805176e+00
2.919999999999999818e-01,1.768574833869934082e+00
2.929999999999999827e-01,1.768257617950439453e+00
2.939999999999999836e-01,1.828740835189819336e+00
2.949999999999999845e-01,1.820996046066284180e+00
2.959999999999999853e-01,1.804700374603271484e+00
2.969999999999999862e-01,1.806890010833740234e+00
2.979999999999999871e-01,1.700942754745483398e+00
2.989999999999999880e-01,1.775844335556030273e+00
2.999999999999999889e-01,1.650985240936279297e+00
3.009999999999999898e-01,1.725083589553833008e+00
3.019999999999999907e-01,1.705167174339294434e+00
3.029999999999999916e-01,1.792430996894836426e+00
3.039999999999999925e-01,1.878194689750671387e+00
3.049999999999999933e-01,1.768964409828186035e+00
3.059999999999999942e-01,1.747840642929077148e+00
3.069999999999999951e-01,1.743017315864562988e+00
3.079999999999999960e-01,1.736198186874389648e+00
3.089999999999999969e-01,1.783413290977478027e+00
3.099999999999999978e-01,1.842956423759460449e+00
3.109999999999999987e-01,1.820463657379150391e+00
3.119999999999999996e-01,1.817728877067565918e+00
3.130000000000000004e-01,1.967937827110290527e+00
3.140000000000000013e-01,1.911703228950500488e+00
3.150000000000000022e-01,1.937221288681030273e+00
3.160000000000000031e-01,1.913677215576171875e+00
3.170000000000000040e-01,1.926154136657714844e+00
3.180000000000000049e-01,1.907749056816101074e+00
3.190000000000000058e-01,1.933649301528930664e+00
3.200000000000000067e-01,1.979132294654846191e+00
3.210000000000000075e-01,1.992659330368041992e+00
3.220000000000000084e-01,1.951208829879760742e+00
3.230000000000000093e-01,2.052185297012329102e+00
3.240000000000000102e-01,2.076026439666748047e+00
3.250000000000000111e-01,2.156657695770263672e+00
3.260000000000000120e-01,2.102389574050903320e+00
3.270000000000000129e-01,2.088193178176879883e+00
3.280000000000000138e-01,2.072102785110473633e+00
3.290000000000000147e-01,2.073431968688964844e+00
3.300000000000000155e-01,2.072434902191162109e+00
3.310000000000000164e-01,2.027547836303710938e+00
3.320000000000000173e-01,2.017229557037353516e+00
3.330000000000000182e-01,2.033202171325683594e+00
3.340000000000000191e-01,1.966031312942504883e+00
3.350000000000000200e-01,2.000785112380981445e+00
3.360000000000000209e-01,1.958425760269165039e+00
3.370000000000000218e-01,1.983021259307861328e+00
3.380000000000000226e-01,1.918576717376708984e+00
3.390000000000000235e-01,2.003282546997070312e+00
3.400000000000000244e-01,1.968248963356018066e+00
3.410000000000000253e-01,2.031758546829223633e+00
3.420000000000000262e-01,2.003588199615478516e+00
3.430000000000000271e-01,1.985001444816589355e+00
3.439999999999999725e-01,2.011314868927001953e+00
3.449999999999999734e-01,2.062736988067626953e+00
3.459999999999999742e-01,1.947505354881286621e+00
3.469999999999999751e-01,2.090134859085083008e+00
3.479999999999999760e-01,1.990802049636840820e+00
3.489999999999999769e-01,1.909125924110412598e+00
3.499999999999999778e-01,1.888273239135742188e+00
3.509999999999999787e-01,1.928536772727966309e+00
3.519999999999999796e-01,1.967536091804504395e+00
3.529999999999999805e-01,1.993030428886413574e+00
3.539999999999999813e-01,1.995154142379760742e+00
3.549999999999999822e-01,2.002492904663085938e+00
3.559999999999999831e-01,1.959181070327758789e+00
3.569999999999999840e-01,1.929145097732543945e+00
3.579999999999999849e-01,1.991340041160583496e+00
3.589999999999999858e-01,2.038702726364135742e+00
3.599999999999999867e-01,2.016318559646606445e+00
3.609999999999999876e-01,1.937800765037536621e+00
3.619999999999999885e-01,1.895797014236450195e+00
3.629999999999999893e-01,1.894895076751708984e+00
3.639999999999999902e-01,1.924007415771484375e+00
3.649999999999999911e-01,1.816970825195312500e+00
3.659999999999999920e-01,1.903759956359863281e+00
3.669999999999999929e-01,1.898540139198303223e+00
3.679999999999999938e-01,1.817462325096130371e+00
3.689999999999999947e-01,1.822508454322814941e+00
3.699999999999999956e-01,1.808625698089599609e+00
3.709999999999999964e-01,1.828712940216064453e+00
3.719999999999999973e-01,1.879973173141479492e+00
3.729999999999999982e-01,1.949678659439086914e+00
3.739999999999999991e-01,1.956979274749755859e+00
3.750000000000000000e-01,1.935231804847717285e+00
3.760000000000000009e-01,2.009106636047363281e+00
3.770000000000000018e-01,2.064603567123413086e+00
3.780000000000000027e-01,1.958490729331970215e+00
3.790000000000000036e-01,1.954331278800964355e+00
3.800000000000000044e-01,1.865752339363098145e+00
3.810000000000000053e-01,1.941798806190490723e+00
3.820000000000000062e-01,1.806720495223999023e+00
3.830000000000000071e-01,1.858834624290466309e+00
3.840000000000000080e-01,1.922375917434692383e+00
3.850000000000000089e-01,1.863193631172180176e+00
3.860000000000000098e-01,1.969764828681945801e+00
3.870000000000000107e-01,1.878669977188110352e+00
3.880000000000000115e-01,1.904510259628295898e+00
3.890000000000000124e-01,1.997837543487548828e+00
3.900000000000000133e-01,1.963837265968322754e+00
3.910000000000000142e-01,1.879308104515075684e+00
3.920000000000000151e-01,1.936338901519775391e+00
3.930000000000000160e-01,1.910541772842407227e+00
3.940000000000000169e-01,1.935772299766540527e+00
3.950000000000000178e-01,1.919201612472534180e+00
3.960000000000000187e-01,1.917845249176025391e+00
3.970000000000000195e-01,1.776418924331665039e+00
3.980000000000000204e-01,1.770780563354492188e+00
3.990000000000000213e-01,1.744099974632263184e+00
4.000000000000000222e-01,1.813344836235046387e+00
4.010000000000000231e-01,1.859163999557495117e+00
4.020000000000000240e-01,1.810853004455566406e+00
4.030000000000000249e-01,1.786671757698059082e+00
4.040000000000000258e-01,1.863179922103881836e+00
4.050000000000000266e-01,1.830204963684082031e+00
4.060000000000000275e-01,1.707081079483032227e+00
4.069999999999999729e-01,1.808992505073547363e+00
4.079999999999999738e-01,1.820029139518737793e+00
4.089999999999999747e-01,1.842014908790588379e+00
4.099999999999999756e-01,1.806988835334777832e+00
4.109999999999999765e-01,1.850126743316650391e+00
4.119999999999999774e-01,1.851863265037536621e+00
4.129999999999999782e-01,1.837480545043945312e+00
4.139999999999999791e-01,1.762549638748168945e+00
4.149999999999999800e-01,1.893049716949462891e+00
4.159999999999999809e-01,1.752825260162353516e+00
4.169999999999999818e-01,1.796326518058776855e+00
4.179999999999999827e-01,1.864316225051879883e+00
4.189999999999999836e-01,1.875489830970764160e+00
4.199999999999999845e-01,2.017115592956542969e+00
4.209999999999999853e-01,2.056084871292114258e+00
4.219999999999999862e-01,2.108847379684448242e+00
4.229999999999999871e-01,2.047057151794433594e+00
4.239999999999999880e-01,2.158159494400024414e+00
4.249999999999999889e-01,2.037175655364990234e+00
4.259999999999999898e-01,2.047655344009399414e+00
4.269999999999999907e-01,2.024374723434448242e+00
4.279999999999999916e-01,1.955114126205444336e+00
4.289999999999999925e-01,1.954252839088439941e+00
4.299999999999999933e-01,1.939064145088195801e+00
4.309999999999999942e-01,1.913917064666748047e+00
4.319999999999999951e-01,1.967069149017333984e+00
4.329999999999999960e-01,1.974589824676513672e+00
4.339999999999999969e-01,1.993107318878173828e+00
4.349999999999999978e-01,1.955244660377502441e+00
4.359999999999999987e-01,1.968041658401489258e+00
4.369999999999999996e-01,1.947636365890502930e+00
4.380000000000000004e-01,2.022798776626586914e+00
4.390000000000000013e-01,1.930334806442260742e+00
4.400000000000000022e-01,1.925160765647888184e+00
4.410000000000000031e-01,1.895716190338134766e+00
4.420000000000000040e-01,1.915768980979919434e+00
4.430000000000000049e-01,1.823418140411376953e+00
4.440000000000000058e-01,1.840518593788146973e+00
4.450000000000000067e-01,1.897316932678222656e+00
4.460000000000000075e-01,1.861440181732177734e+00
4.470000000000000084e-01,1.882752895355224609e+00
4.480000000000000093e-01,1.843039512634277344e+00
4.490000000000000102e-01,1.837591528892517090e+00
4.500000000000000111e-01,1.800978660583496094e+00
4.510000000000000120e-01,1.829940080642700195e+00
4.520000000000000129e-01,1.857695102691650391e+00
4.530000000000000138e-01,1.916847348213195801e+00
4.540000000000000147e-01,1.895514249801635742e+00
4.550000000000000155e-01,1.956562042236328125e+00
4.560000000000000164e-01,1.970878362655639648e+00
4.570000000000000173e-01,1.941916942596435547e+00
4.580000000000000182e-01,1.956522941589355469e+00
4.590000000000000191e-01,1.879593133926391602e+00
4.600000000000000200e-01,1.873992919921875000e+00
4.610000000000000209e-01,1.870845556259155273e+00
4.620000000000000218e-01,1.929370045661926270e+00
4.630000000000000226e-01,1.912543773651123047e+00
4.640000000000000235e-01,1.864699244499206543e+00
4.650000000000000244e-01,1.799490690231323242e+00
4.660000000000000253e-01,1.812514662742614746e+00
4.670000000000000262e-01,1.842291831970214844e+00
4.680000000000000271e-01,1.939616680145263672e+00
4.689999999999999725e-01,1.958373665809631348e+00
4.699999999999999734e-01,1.930057406425476074e+00
4.709999999999999742e-01,1.880149602890014648e+00
4.719999999999999751e-01,1.872031569480895996e+00
4.729999999999999760e-01,1.963681221008300781e+00
4.739999999999999769e-01,1.760898828506469727e+00
4.749999999999999778e-01,1.741318702697753906e+00
4.759999999999999787e-01,1.801502704620361328e+00
4.769999999999999796e-01,1.823418140411376953e+00
4.779999999999999805e-01,1.850347399711608887e+00
4.789999999999999813e-01,1.879416704177856445e+00
4.799999999999999822e-01,1.853157877922058105e+00
4.809999999999999831e-01,1.860494494438171387e+00
4.819999999999999840e-01,1.875707387924194336e+00
4.829999999999999849e-01,1.944162130355834961e+00
4.839999999999999858e-01,1.991391301155090332e+00
4.849999999999999867e-01,1.964746236801147461e+00
4.859999999999999876e-01,1.944555759429931641e+00
4.869999999999999885e-01,1.949560761451721191e+00
4.879999999999999893e-01,1.928867578506469727e+00
4.889999999999999902e-01,1.898284673690795898e+00
4.899999999999999911e-01,1.893925547599792480e+00
4.909999999999999920e-01,1.855496644973754883e+00
4.919999999999999929e-01,1.867187500000000000e+00
4.929999999999999938e-01,1.871172785758972168e+00
4.939999999999999947e-01,1.883321881294250488e+00
4.949999999999999956e-01,1.938063979148864746e+00
4.959999999999999964e-01,1.922840118408203125e+00
4.969999999999999973e-01,1.957943677902221680e+00
4.979999999999999982e-01,1.836786150932312012e+00
4.989999999999999991e-01,1.932593584060668945e+00
5.000000000000000000e-01,1.854286313056945801e+00
5.010000000000000009e-01,1.957696080207824707e+00
5.020000000000000018e-01,1.895029664039611816e+00
5.030000000000000027e-01,1.849781990051269531e+00
5.040000000000000036e-01,1.852441906929016113e+00
5.050000000000000044e-01,1.834938049316406250e+00
5.060000000000000053e-01,1.897316932678222656e+00
5.070000000000000062e-01,1.931088089942932129e+00
5.080000000000000071e-01,2.043102741241455078e+00
5.090000000000000080e-01,1.997288346290588379e+00
5.100000000000000089e-01,1.945683717727661133e+00
5.110000000000000098e-01,1.879131674766540527e+00
5.120000000000000107e-01,1.960092544555664062e+00
5.130000000000000115e-01,1.924126744270324707e+00
5.140000000000000124e-01,1.887273192405700684e+00
5.150000000000000133e-01,1.864808678627014160e+00
5.160000000000000142e-01,1.871431946754455566e+00
5.170000000000000151e-01,1.898513317108154297e+00
5.180000000000000160e-01,1.860549330711364746e+00
5.190000000000000169e-01,1.852014780044555664e+00
5.200000000000000178e-01,1.834201097488403320e+00
5.210000000000000187e-01,1.944122791290283203e+00
5.220000000000000195e-01,1.882576823234558105e+00
5.230000000000000204e-01,1.771255850791931152e+00
5.240000000000000213e-01,1.785900592803955078e+00
5.250000000000000222e-01,1.834826946258544922e+00
5.260000000000000231e-01,1.882508993148803711e+00
5.270000000000000240e-01,1.914516806602478027e+00
5.280000000000000249e-01,1.927041411399841309e+00
5.290000000000000258e-01,1.835077047348022461e+00
5.300000000000000266e-01,1.826577305793762207e+00
5.310000000000000275e-01,1.849561333656311035e+00
5.320000000000000284e-01,1.819706678390502930e+00
5.330000000000000293e-01,1.891971349716186523e+00
5.340000000000000302e-01,1.837619423866271973e+00
5.350000000000000311e-01,1.888678550720214844e+00
5.360000000000000320e-01,1.793896436691284180e+00
5.370000000000000329e-01,1.749139070510864258e+00
5.380000000000000338e-01,1.723633885383605957e+00
5.390000000000000346e-01,1.751820802688598633e+00
5.400000000000000355e-01,1.759681463241577148e+00
5.410000000000000364e-01,1.826619148254394531e+00
5.420000000000000373e-01,1.794706702232360840e+00
5.430000000000000382e-01,1.886259078979492188e+00
5.440000000000000391e-01,1.833881139755249023e+00
5.450000000000000400e-01,1.831152558326721191e+00
5.460000000000000409e-01,1.899641633033752441e+00
5.470000000000000417e-01,1.892011761665344238e+00
5.480000000000000426e-01,1.877923011779785156e+00
5.490000000000000435e-01,1.870695590972900391e+00
5.500000000000000444e-01,1.829354524612426758e+00
5.510000000000000453e-01,1.813654303550720215e+00
5.520000000000000462e-01,1.867105484008789062e+00
5.530000000000000471e-01,1.823949694633483887e+00
5.540000000000000480e-01,1.863453865051269531e+00
5.550000000000000488e-01,1.835452318191528320e+00
5.560000000000000497e-01,1.833352446556091309e+00
5.570000000000000506e-01,1.767983436584472656e+00
5.580000000000000515e-01,1.763504624366760254e+00
5.590000000000000524e-01,1.822326421737670898e+00
5.600000000000000533e-01,1.871050119400024414e+00
5.610000000000000542e-01,1.909099221229553223e+00
5.620000000000000551e-01,1.844755172729492188e+00
5.629999999999999449e-01,1.801955819129943848e+00
5.639999999999999458e-01,1.837425112724304199e+00
5.649999999999999467e-01,1.905313730239868164e+00
5.659999999999999476e-01,1.831208348274230957e+00
5.669999999999999485e-01,1.768214225769042969e+00
5.679999999999999494e-01,1.807158112525939941e+00
5.689999999999999503e-01,1.856074094772338867e+00
5.699999999999999512e-01,1.922601461410522461e+00
5.709999999999999520e-01,1.837258338928222656e+00
5.719999999999999529e-01,1.823152184486389160e+00
5.729999999999999538e-01,1.883064508438110352e+00
5.739999999999999547e-01,1.918789386749267578e+00
5.749999999999999556e-01,1.843205690383911133e+00
5.759999999999999565e-01,1.902271986007690430e+00
5.769999999999999574e-01,1.908551335334777832e+00
5.779999999999999583e-01,1.939748287200927734e+00
5.789999999999999591e-01,1.891823053359985352e+00
5.799999999999999600e-01,1.929885625839233398e+00
5.809999999999999609e-01,1.824033498764038086e+00
5.819999999999999618e-01,1.888637781143188477e+00
5.829999999999999627e-01,1.856994628906250000e+00
5.839999999999999636e-01,1.930387735366821289e+00
5.849999999999999645e-01,1.792516469955444336e+00
5.859999999999999654e-01,1.807765245437622070e+00
5.869999999999999662e-01,1.847228765487670898e+00
5.879999999999999671e-01,1.857544064521789551e+00
5.889999999999999680e-01,1.864699244499206543e+00
5.899999999999999689e-01,1.861618518829345703e+00
5.909999999999999698e-01,1.904014468193054199e+00
5.919999999999999707e-01,1.939774513244628906e+00
5.929999999999999716e-01,1.864535093307495117e+00
5.939999999999999725e-01,1.907347917556762695e+00
5.949999999999999734e-01,1.954213619232177734e+00
5.959999999999999742e-01,1.885623335838317871e+00
5.969999999999999751e-01,1.841710209846496582e+00
5.979999999999999760e-01,1.891472339630126953e+00
5.989999999999999769e-01,1.872508525848388672e+00
5.999999999999999778e-01,1.843288540840148926e+00
6.009999999999999787e-01,1.866463303565979004e+00
6.019999999999999796e-01,1.953286647796630859e+00
6.029999999999999805e-01,1.832962751388549805e+00
6.039999999999999813e-01,1.911463022232055664e+00
6.049999999999999822e-01,1.883931398391723633e+00
6.059999999999999831e-01,1.856857299804687500e+00
6.069999999999999840e-01,1.843828201293945312e+00
6.079999999999999849e-01,1.895769953727722168e+00
6.089999999999999858e-01,1.954787969589233398e+00
6.099999999999999867e-01,1.891216158866882324e+00
6.109999999999999876e-01,1.968365669250488281e+00
6.119999999999999885e-01,1.931391954421997070e+00
6.129999999999999893e-01,1.922176837921142578e+00
6.139999999999999902e-01,1.861481428146362305e+00
6.149999999999999911e-01,1.870422840118408203e+00
6.159999999999999920e-01,1.817083239555358887e+00
6.169999999999999929e-01,1.868225574493408203e+00
6.179999999999999938e-01,1.872767210006713867e+00
6.189999999999999947e-01,1.776950240135192871e+00
6.199999999999999956e-01,1.887151479721069336e+00
6.209999999999999964e-01,1.901520729064941406e+00
6.219999999999999973e-01,1.798285365104675293e+00
6.229999999999999982e-01,1.837605476379394531e+00
6.239999999999999991e-01,1.795914649963378906e+00
6.250000000000000000e-01,1.791420102119445801e+00
6.260000000000000009e-01,1.741128206253051758e+00
6.270000000000000018e-01,1.743441700935363770e+00
6.280000000000000027e-01,1.671623706817626953e+00
6.290000000000000036e-01,1.768892288208007812e+00
6.300000000000000044e-01,1.672386646270751953e+00
6.310000000000000053e-01,1.664956569671630859e+00
6.320000000000000062e-01,1.644467115402221680e+00
6.330000000000000071e-01,1.668492317199707031e+00
6.340000000000000080e-01,1.670845270156860352e+00
6.350000000000000089e-01,1.867365241050720215e+00
6.360000000000000098e-01,1.901494026184082031e+00
6.370000000000000107e-01,1.927862048149108887e+00
6.380000000000000115e-01,1.877746462821960449e+00
6.390000000000000124e-01,1.774234771728515625e+00
6.400000000000000133e-01,1.766568660736083984e+00
6.410000000000000142e-01,1.779489517211914062e+00
6.420000000000000151e-01,1.769021987915039062e+00
6.430000000000000160e-01,1.826172113418579102e+00
6.440000000000000169e-01,1.778012275695800781e+00
6.450000000000000178e-01,1.736506700515747070e+00
6.460000000000000187e-01,1.756256699562072754e+00
6.470000000000000195e-01,1.777323484420776367e+00
6.480000000000000204e-01,1.845736742019653320e+00
6.490000000000000213e-01,1.868990182876586914e+00
6.500000000000000222e-01,1.830776333808898926e+00
6.510000000000000231e-01,1.837910890579223633e+00
6.520000000000000240e-01,1.713450431823730469e+00
6.530000000000000249e-01,1.801389455795288086e+00
6.540000000000000258e-01,1.873856782913208008e+00
6.550000000000000266e-01,1.839991807937622070e+00
6.560000000000000275e-01,1.805562376976013184e+00
6.570000000000000284e-01,1.821682333946228027e+00
6.580000000000000293e-01,1.913703799247741699e+00
6.590000000000000302e-01,1.849533796310424805e+00
6.600000000000000311e-01,1.838979244232177734e+00
6.610000000000000320e-01,1.804488301277160645e+00
6.620000000000000329e-01,1.811472773551940918e+00
6.630000000000000338e-01,1.889839768409729004e+00
6.640000000000000346e-01,1.857461690902709961e+00
6.650000000000000355e-01,1.873992919921875000e+00
6.660000000000000364e-01,1.790551424026489258e+00
6.670000000000000373e-01,1.872385740280151367e+00
6.680000000000000382e-01,1.856719851493835449e+00
6.690000000000000391e-01,1.848333358764648438e+00
6.700000000000000400e-01,1.870368242263793945e+00
6.710000000000000409e-01,1.798327922821044922e+00
6.720000000000000417e-01,1.855070352554321289e+00
6.730000000000000426e-01,1.795886158943176270e+00
6.740000000000000435e-01,1.854630231857299805e+00
6.750000000000000444e-01,1.857832551002502441e+00
6.760000000000000453e-01,1.847546339035034180e+00
6.770000000000000462e-01,1.946614384651184082e+00
6.780000000000000471e-01,1.849009394645690918e+00
6.790000000000000480e-01,1.934493541717529297e+00
6.800000000000000488e-01,1.837438941001892090e+00
6.810000000000000497e-01,1.916128516197204590e+00
6.820000000000000506e-01,1.957943677902221680e+00
6.830000000000000515e-01,1.904644250869750977e+00
6.840000000000000524e-01,1.966705918312072754e+00
6.850000000000000533e-01,1.862522602081298828e+00
6.860000000000000542e-01,1.914849996566772461e+00
6.870000000000000551e-01,1.917166709899902344e+00
6.879999999999999449e-01,1.940905094146728516e+00
6.889999999999999458e-01,1.883538722991943359e+00
6.899999999999999467e-01,1.879810214042663574e+00
6.909999999999999476e-01,1.902861833572387695e+00
6.919999999999999485e-01,1.868252873420715332e+00
6.929999999999999494e-01,1.869972705841064453e+00
6.939999999999999503e-01,1.885393261909484863e+00
6.949999999999999512e-01,1.894262313842773438e+00
6.959999999999999520e-01,1.978977680206298828e+00
6.969999999999999529e-01,1.939129948616027832e+00
6.979999999999999538e-01,1.890190720558166504e+00
6.989999999999999547e-01,1.847670674324035645e+00
6.999999999999999556e-01,1.814863681793212891e+00
7.009999999999999565e-01,1.840532422065734863e+00
7.019999999999999574e-01,1.817967653274536133e+00
7.029999999999999583e-01,1.917419433593750000e+00
7.039999999999999591e-01,1.893480896949768066e+00
7.049999999999999600e-01,1.913703799247741699e+00
7.059999999999999609e-01,1.912930488586425781e+00
7.069999999999999618e-01,1.887340664863586426e+00
7.079999999999999627e-01,1.880108833312988281e+00
7.089999999999999636e-01,1.941956281661987305e+00
7.099999999999999645e-01,1.918496966361999512e+00
7.109999999999999654e-01,1.869713544845581055e+00
7.119999999999999662e-01,1.887421846389770508e+00
7.129999999999999671e-01,1.862289905548095703e+00
7.139999999999999680e-01,1.922654509544372559e+00
7.149999999999999689e-01,1.971266508102416992e+00
7.159999999999999698e-01,2.024135351181030273e+00
7.169999999999999707e-01,1.894531488418579102e+00
7.179999999999999716e-01,1.944791793823242188e+00
7.189999999999999725e-01,1.882901906967163086e+00
7.199999999999999734e-01,1.794493675231933594e+00
7.209999999999999742e-01,1.884527206420898438e+00
7.219999999999999751e-01,1.895258545875549316e+00
7.229999999999999760e-01,1.931814551353454590e+00
7.239999999999999769e-01,1.737681627273559570e+00
7.249999999999999778e-01,1.913077235221862793e+00
7.259999999999999787e-01,1.917446136474609375e+00
7.269999999999999796e-01,1.831500768661499023e+00
7.279999999999999805e-01,1.869999885559082031e+00
7.289999999999999813e-01,1.861522436141967773e+00
7.299999999999999822e-01,1.848084926605224609e+00
7.309999999999999831e-01,1.898257851600646973e+00
7.319999999999999840e-01,1.894423842430114746e+00
7.329999999999999849e-01,1.800553679466247559e+00
7.339999999999999858e-01,1.857736229896545410e+00
7.349999999999999867e-01,1.837077856063842773e+00
7.359999999999999876e-01,1.887002944946289062e+00
7.369999999999999885e-01,1.843551516532897949e+00
7.379999999999999893e-01,1.878805756568908691e+00
7.389999999999999902e-01,1.969557762145996094e+00
7.399999999999999911e-01,1.875149726867675781e+00
7.409999999999999920e-01,1.773227930068969727e+00
7.419999999999999929e-01,1.818023681640625000e+00
7.429999999999999938e-01,1.828587293624877930e+00
7.439999999999999947e-01,1.835952758789062500e+00
7.449999999999999956e-01,1.898459434509277344e+00
7.459999999999999964e-01,1.908230543136596680e+00
7.469999999999999973e-01,1.870068192481994629e+00
7.479999999999999982e-01,1.867064714431762695e+00
7.489999999999999991e-01,1.899534225463867188e+00
7.500000000000000000e-01,1.825431585311889648e+00
7.510000000000000009e-01,1.931484341621398926e+00
7.520000000000000018e-01,1.872903585433959961e+00
7.530000000000000027e-01,1.939011573791503906e+00
7.540000000000000036e-01,1.913650512695312500e+00
7.550000000000000044e-01,1.939169406890869141e+00
7.560000000000000053e-01,1.844423055648803711e+00
7.570000000000000062e-01,1.847808837890625000e+00
7.580000000000000071e-01,1.792530536651611328e+00
7.590000000000000080e-01,1.757955431938171387e+00
7.600000000000000089e-01,1.764357805252075195e+00
7.610000000000000098e-01,1.823068261146545410e+00
7.620000000000000107e-01,1.864206790924072266e+00
7.630000000000000115e-01,1.760333657264709473e+00
7.640000000000000124e-01,1.720982313156127930e+00
7.650000000000000133e-01,1.777567386627197266e+00
7.660000000000000142e-01,1.836133241653442383e+00
7.670000000000000151e-01,1.739926338195800781e+00
7.680000000000000160e-01,1.817518472671508789e+00
7.690000000000000169e-01,1.801049590110778809e+00
7.700000000000000178e-01,1.716588973999023438e+00
7.710000000000000187e-01,1.751092433929443359e+00
7.720000000000000195e-01,1.789040446281433105e+00
7.730000000000000204e-01,1.868266582489013672e+00
7.740000000000000213e-01,1.833004474639892578e+00
7.750000000000000222e-01,1.789240121841430664e+00
7.760000000000000231e-01,1.735066413879394531e+00
7.770000000000000240e-01,1.767925739288330078e+00
7.780000000000000249e-01,1.861385583877563477e+00
7.790000000000000258e-01,1.784771680831909180e+00
7.800000000000000266e-01,1.813541769981384277e+00
7.810000000000000275e-01,1.791975498199462891e+00
7.820000000000000284e-01,1.754280090332031250e+00
7.830000000000000293e-01,1.724225759506225586e+00
7.840000000000000302e-01,1.712363243103027344e+00
7.850000000000000311e-01,1.710291028022766113e+00
7.860000000000000320e-01,1.759260892868041992e+00
7.870000000000000329e-01,1.748818159103393555e+00
7.880000000000000338e-01,1.738268733024597168e+00
7.890000000000000346e-01,1.780822277069091797e+00
7.900000000000000355e-01,1.837966442108154297e+00
7.910000000000000364e-01,1.752475976943969727e+00
7.920000000000000373e-01,1.808075666427612305e+00
7.930000000000000382e-01,1.720863699913024902e+00
7.940000000000000391e-01,1.846938729286193848e+00
7.950000000000000400e-01,1.876577734947204590e+00
7.960000000000000409e-01,1.943663358688354492e+00
7.970000000000000417e-01,1.879280924797058105e+00
7.980000000000000426e-01,1.912196874618530273e+00
7.990000000000000435e-01,1.732285261154174805e+00
8.000000000000000444e-01,1.856994628906250000e+00
8.010000000000000453e-01,1.939919114112854004e+00
8.020000000000000462e-01,1.848926663398742676e+00
8.030000000000000471e-01,1.835466384887695312e+00
8.040000000000000480e-01,1.866709232330322266e+00
8.050000000000000488e-01,1.829828619956970215e+00
8.060000000000000497e-01,1.926988363265991211e+00
8.070000000000000506e-01,1.859767556190490723e+00
8.080000000000000515e-01,1.832211017608642578e+00
8.090000000000000524e-01,1.761376857757568359e+00
8.100000000000000533e-01,1.788398623466491699e+00
8.110000000000000542e-01,1.714700579643249512e+00
8.120000000000000551e-01,1.711126089096069336e+00
8.129999999999999449e-01,1.773472547531127930e+00
8.139999999999999458e-01,1.826591253280639648e+00
8.149999999999999467e-01,1.834270477294921875e+00
8.159999999999999476e-01,1.826549291610717773e+00
8.169999999999999485e-01,1.845709085464477539e+00
8.179999999999999494e-01,1.892537593841552734e+00
8.189999999999999503e-01,1.784671664237976074e+00
8.199999999999999512e-01,1.751835227012634277e+00
8.209999999999999520e-01,1.799901843070983887e+00
8.219999999999999529e-01,1.793654561042785645e+00
8.229999999999999538e-01,1.743763685226440430e+00
8.239999999999999547e-01,1.847643136978149414e+00
8.249999999999999556e-01,1.838479995727539062e+00
8.259999999999999565e-01,1.748643159866333008e+00
8.269999999999999574e-01,1.772594690322875977e+00
8.279999999999999583e-01,1.736932754516601562e+00
8.289999999999999591e-01,1.762809991836547852e+00
8.299999999999999600e-01,1.833310723304748535e+00
8.309999999999999609e-01,1.774320840835571289e+00
8.319999999999999618e-01,1.820085167884826660e+00
8.329999999999999627e-01,1.754265427589416504e+00
8.339999999999999636e-01,1.740102291107177734e+00
8.349999999999999645e-01,1.813443303108215332e+00
8.359999999999999654e-01,1.744641184806823730e+00
8.369999999999999662e-01,1.826758861541748047e+00
8.379999999999999671e-01,1.831626176834106445e+00
8.389999999999999680e-01,1.880298852920532227e+00
8.399999999999999689e-01,1.846068382263183594e+00
8.409999999999999698e-01,1.809810280799865723e+00
8.419999999999999707e-01,1.750320076942443848e+00
8.429999999999999716e-01,1.768762350082397461e+00
8.439999999999999725e-01,1.747154474258422852e+00
8.449999999999999734e-01,1.764618158340454102e+00
8.459999999999999742e-01,1.800525307655334473e+00
8.469999999999999751e-01,1.799746036529541016e+00
8.479999999999999760e-01,1.765311956405639648e+00
8.489999999999999769e-01,1.773601889610290527e+00
8.499999999999999778e-01,1.773875236511230469e+00
8.509999999999999787e-01,1.784700155258178711e+00
8.519999999999999796e-01,1.736080646514892578e+00
8.529999999999999805e-01,1.796369075775146484e+00
8.539999999999999813e-01,1.762231111526489258e+00
8.549999999999999822e-01,1.774536609649658203e+00
8.559999999999999831e-01,1.726340174674987793e+00
8.569999999999999840e-01,1.779489517211914062e+00
8.579999999999999849e-01,1.794905781745910645e+00
8.589999999999999858e-01,1.833199262619018555e+00
8.599999999999999867e-01,1.793114066123962402e+00
8.609999999999999876e-01,1.811627745628356934e+00
8.619999999999999885e-01,1.732785940170288086e+00
8.629999999999999893e-01,1.762621998786926270e+00
8.639999999999999902e-01,1.768358469009399414e+00
8.649999999999999911e-01,1.719454765319824219e+00
8.659999999999999920e-01,1.780449748039245605e+00
8.669999999999999929e-01,1.793227791786193848e+00
8.679999999999999938e-01,1.834715604782104492e+00
8.689999999999999947e-01,1.734051585197448730e+00
8.699999999999999956e-01,1.738826274871826172e+00
8.709999999999999964e-01,1.714477419853210449e+00
8.719999999999999973e-01,1.691814541816711426e+00
8.729999999999999982e-01,1.716172814369201660e+00
8.739999999999999991e-01,1.808414220809936523e+00
8.750000000000000000e-01,1.785271883010864258e+00
8.760000000000000009e-01,1.755166769027709961e+00
8.770000000000000018e-01,1.725394129753112793e+00
8.780000000000000027e-01,1.771342277526855469e+00
8.790000000000000036e-01,1.728968620300292969e+00
8.800000000000000044e-01,1.673164367675781250e+00
8.810000000000000053e-01,1.765644311904907227e+00
8.820000000000000062e-01,1.792231798171997070e+00
8.830000000000000071e-01,1.720077872276306152e+00
8.840000000000000080e-01,1.774852871894836426e+00
8.850000000000000089e-01,1.783413290977478027e+00
8.860000000000000098e-01,1.827038049697875977e+00
8.870000000000000107e-01,1.774320840835571289e+00
8.880000000000000115e-01,1.745401382446289062e+00
8.890000000000000124e-01,1.767925739288330078e+00
8.900000000000000133e-01,1.854808926582336426e+00
8.910000000000000142e-01,1.719914793968200684e+00
8.920000000000000151e-01,1.777337789535522461e+00
8.930000000000000160e-01,1.803837776184082031e+00
8.940000000000000169e-01,1.780578851699829102e+00
8.950000000000000178e-01,1.827345371246337891e+00
8.960000000000000187e-01,1.791106939315795898e+00
8.970000000000000195e-01,1.774881601333618164e+00
8.980000000000000204e-01,1.847753524780273438e+00
8.990000000000000213e-01,1.781094312667846680e+00
9.000000000000000222e-01,1.860878348350524902e+00
9.010000000000000231e-01,1.837369441986083984e+00
9.020000000000000240e-01,1.847656846046447754e+00
9.030000000000000249e-01,1.742724657058715820e+00
9.040000000000000258e-01,1.871118307113647461e+00
9.050000000000000266e-01,1.869235754013061523e+00
9.060000000000000275e-01,1.840948104858398438e+00
9.070000000000000284e-01,1.840352296829223633e+00
9.080000000000000293e-01,1.752650618553161621e+00
9.090000000000000302e-01,1.790209293365478516e+00
9.100000000000000311e-01,1.740263581275939941e+00
9.110000000000000320e-01,1.799873352050781250e+00
9.120000000000000329e-01,1.720656275749206543e+00
9.130000000000000338e-01,1.711021780967712402e+00
9.140000000000000346e-01,1.694752454757690430e+00
9.150000000000000355e-01,1.814933896064758301e+00
9.160000000000000364e-01,1.799278140068054199e+00
9.170000000000000373e-01,1.719647765159606934e+00
9.180000000000000382e-01,1.798767566680908203e+00
9.190000000000000391e-01,1.839880824089050293e+00
9.200000000000000400e-01,1.680451869964599609e+00
9.210000000000000409e-01,1.791163802146911621e+00
9.220000000000000417e-01,1.814329504966735840e+00
9.230000000000000426e-01,1.767391681671142578e+00
9.240000000000000435e-01,1.787913560867309570e+00
9.250000000000000444e-01,1.912863850593566895e+00
9.260000000000000453e-01,1.849257826805114746e+00
9.270000000000000462e-01,1.855908870697021484e+00
9.280000000000000471e-01,1.854203820228576660e+00
9.290000000000000480e-01,1.841654777526855469e+00
9.300000000000000488e-01,1.848153948783874512e+00
9.310000000000000497e-01,1.878357529640197754e+00
9.320000000000000506e-01,1.874673366546630859e+00
9.330000000000000515e-01,1.877243638038635254e+00
9.340000000000000524e-01,1.877053380012512207e+00
9.350000000000000533e-01,1.898096680641174316e+00
9.360000000000000542e-01,1.878602027893066406e+00
9.370000000000000551e-01,1.828126907348632812e+00
9.379999999999999449e-01,1.820239424705505371e+00
9.389999999999999458e-01,1.819047808647155762e+00
9.399999999999999467e-01,1.825515508651733398e+00
9.409999999999999476e-01,1.815327405929565430e+00
9.419999999999999485e-01,1.875503301620483398e+00
9.429999999999999494e-01,1.828559398651123047e+00
9.439999999999999503e-01,1.907508373260498047e+00
9.449999999999999512e-01,1.889704704284667969e+00
9.459999999999999520e-01,1.816563606262207031e+00
9.469999999999999529e-01,1.904550313949584961e+00
9.479999999999999538e-01,1.859410881996154785e+00
9.489999999999999547e-01,1.755951642990112305e+00
9.499999999999999556e-01,1.861440181732177734e+00
9.509999999999999565e-01,1.765658736228942871e+00
9.519999999999999574e-01,1.788569808006286621e+00
9.529999999999999583e-01,1.868321299552917480e+00
9.539999999999999591e-01,1.804445862770080566e+00
9.549999999999999600e-01,1.838674068450927734e+00
9.559999999999999609e-01,1.749562025070190430e+00
9.569999999999999618e-01,1.749970316886901855e+00
9.579999999999999627e-01,1.759666919708251953e+00
9.589999999999999636e-01,1.754410862922668457e+00
9.599999999999999645e-01,1.775284051895141602e+00
9.609999999999999654e-01,1.780507087707519531e+00
9.619999999999999662e-01,1.764878273010253906e+00
9.629999999999999671e-01,1.748015761375427246e+00
9.639999999999999680e-01,1.838923931121826172e+00
9.649999999999999689e-01,1.723071217536926270e+00
9.659999999999999698e-01,1.777122497558593750e+00
9.669999999999999707e-01,1.826088309288024902e+00
9.679999999999999716e-01,1.811177015304565430e+00
9.689999999999999725e-01,1.716336250305175781e+00
9.699999999999999734e-01,1.807144165039062500e+00
9.709999999999999742e-01,1.774780988693237305e+00
9.719999999999999751e-01,1.790081143379211426e+00
9.729999999999999760e-01,1.786643266677856445e+00
9.739999999999999769e-01,1.848112463951110840e+00
9.749999999999999778e-01,1.911022543907165527e+00
9.759999999999999787e-01,1.925690650939941406e+00
9.769999999999999796e-01,1.864904403686523438e+00
9.779999999999999805e-01,1.856596231460571289e+00
9.789999999999999813e-01,1.808964252471923828e+00
9.799999999999999822e-01,1.788655400276184082e+00
9.809999999999999831e-01,1.780378103256225586e+00
9.819999999999999840e-01,1.764299988746643066e+00
9.829999999999999849e-01,1.788969159126281738e+00
9.839999999999999858e-01,1.769310355186462402e+00
9.849999999999999867e-01,1.765355348587036133e+00
9.859999999999999876e-01,1.842208862304687500e+00
9.869999999999999885e-01,1.836313962936401367e+00
9.879999999999999893e-01,1.795261025428771973e+00
9.889999999999999902e-01,1.818037629127502441e+00
9.899999999999999911e-01,1.800992727279663086e+00
9.909999999999999920e-01,1.728791594505310059e+00
9.919999999999999929e-01,1.795531034469604492e+00
9.929999999999999938e-01,1.746818542480468750e+00
9.939999999999999947e-01,1.818150043487548828e+00
9.949999999999999956e-01,1.715533614158630371e+00
9.959999999999999964e-01,1.722049474716186523e+00
9.969999999999999973e-01,1.756271123886108398e+00
9.979999999999999982e-01,1.799788355827331543e+00
9.989999999999999991e-01,1.739398360252380371e+00
1.000000000000000000e+00,1.696046471595764160e+00
1.000999999999999890e+00,1.719009757041931152e+00
1.002000000000000002e+00,1.708440542221069336e+00
1.002999999999999892e+00,1.731268882751464844e+00
1.004000000000000004e+00,1.732815384864807129e+00
1.004999999999999893e+00,1.713986277580261230e+00
1.006000000000000005e+00,1.704209327697753906e+00
1.006999999999999895e+00,1.656153440475463867e+00
1.008000000000000007e+00,1.745284557342529297e+00
1.008999999999999897e+00,1.749926567077636719e+00
1.010000000000000009e+00,1.690486907958984375e+00
1.010999999999999899e+00,1.755544662475585938e+00
1.012000000000000011e+00,1.790879011154174805e+00
1.012999999999999901e+00,1.795474171638488770e+00
1.014000000000000012e+00,1.725187182426452637e+00
1.014999999999999902e+00,1.749926567077636719e+00
1.016000000000000014e+00,1.766121149063110352e+00
1.016999999999999904e+00,1.717302203178405762e+00
1.018000000000000016e+00,1.697414636611938477e+00
1.018999999999999906e+00,1.754265427589416504e+00
1.020000000000000018e+00,1.748132586479187012e+00
1.020999999999999908e+00,1.808583498001098633e+00
1.022000000000000020e+00,1.792189002037048340e+00
1.022999999999999909e+00,1.736447930335998535e+00
1.024000000000000021e+00,1.762433767318725586e+00
1.024999999999999911e+00,1.744246363639831543e+00
1.026000000000000023e+00,1.712467551231384277e+00
1.026999999999999913e+00,1.710112094879150391e+00
1.028000000000000025e+00,1.707499504089355469e+00
1.028999999999999915e+00,1.704194426536560059e+00
1.030000000000000027e+00,1.726384401321411133e+00
1.030999999999999917e+00,1.740146279335021973e+00
1.032000000000000028e+00,1.764618158340454102e+00
1.032999999999999918e+00,1.734404563903808594e+00
1.034000000000000030e+00,1.791776180267333984e+00
1.034999999999999920e+00,1.680573344230651855e+00
1.036000000000000032e+00,1.785943388938903809e+00
1.036999999999999922e+00,1.723234057426452637e+00
1.038000000000000034e+00,1.742841720581054688e+00
1.038999999999999924e+00,1.718297123908996582e+00
1.040000000000000036e+00,1.739515781402587891e+00
1.040999999999999925e+00,1.729248881340026855e+00
1.042000000000000037e+00,1.748818159103393555e+00
1.042999999999999927e+00,1.873911142349243164e+00
1.044000000000000039e+00,1.839908599853515625e+00
1.044999999999999929e+00,1.860302567481994629e+00
1.046000000000000041e+00,1.828782677650451660e+00
1.046999999999999931e+00,1.791875839233398438e+00
1.048000000000000043e+00,1.756358265876770020e+00
1.048999999999999932e+00,1.735581040382385254e+00
1.050000000000000044e+00,1.713584423065185547e+00
1.050999999999999934e+00,1.723589301109313965e+00
1.052000000000000046e+00,1.783513426780700684e+00
1.052999999999999936e+00,1.713896989822387695e+00
1.054000000000000048e+00,1.701017856597900391e+00
1.054999999999999938e+00,1.739823818206787109e+00
1.056000000000000050e+00,1.730988740921020508e+00
1.056999999999999940e+00,1.753072619438171387e+00
1.058000000000000052e+00,1.684045910835266113e+00
1.058999999999999941e+00,1.731195211410522461e+00
1.060000000000000053e+00,1.727138042449951172e+00
1.060999999999999943e+00,1.702801704406738281e+00
1.062000000000000055e+00,1.610990047454833984e+00
1.062999999999999945e+00,1.636520624160766602e+00
1.064000000000000057e+00,1.725453257560729980e+00
1.064999999999999947e+00,1.685529947280883789e+00
1.066000000000000059e+00,1.621879816055297852e+00
1.066999999999999948e+00,1.746906161308288574e+00
1.068000000000000060e+00,1.710395574569702148e+00
1.068999999999999950e+00,1.642992615699768066e+00
1.070000000000000062e+00,1.653085350990295410e+00
1.070999999999999952e+00,1.698886871337890625e+00
1.072000000000000064e+00,1.669470548629760742e+00
1.072999999999999954e+00,1.674063801765441895e+00
1.074000000000000066e+00,1.657262325286865234e+00
1.074999999999999956e+00,1.669715046882629395e+00
1.076000000000000068e+00,1.627062082290649414e+00
1.076999999999999957e+00,1.641454696655273438e+00
1.078000000000000069e+00,1.623231887817382812e+00
1.078999999999999959e+00,1.654335021972656250e+00
1.080000000000000071e+00,1.711200594902038574e+00
1.080999999999999961e+00,1.669210672378540039e+00
1.082000000000000073e+00,1.693713426589965820e+00
1.082999999999999963e+00,1.728053569793701172e+00
1.084000000000000075e+00,1.741011023521423340e+00
1.084999999999999964e+00,1.713867187500000000e+00
1.086000000000000076e+00,1.682575941085815430e+00
1.086999999999999966e+00,1.693351864814758301e+00
1.088000000000000078e+00,1.760072827339172363e+00
1.088999999999999968e+00,1.724373698234558105e+00
1.090000000000000080e+00,1.740366220474243164e+00
1.090999999999999970e+00,1.677595496177673340e+00
1.092000000000000082e+00,1.669455170631408691e+00
1.092999999999999972e+00,1.748001098632812500e+00
1.094000000000000083e+00,1.722375273704528809e+00
1.094999999999999973e+00,1.729558706283569336e+00
1.096000000000000085e+00,1.726798295974731445e+00
1.096999999999999975e+00,1.789011955261230469e+00
1.098000000000000087e+00,1.821990489959716797e+00
1.098999999999999977e+00,1.714030981063842773e+00
1.100000000000000089e+00,1.718890905380249023e+00
1.100999999999999979e+00,1.802097439765930176e+00
1.102000000000000091e+00,1.783985376358032227e+00
1.102999999999999980e+00,1.704224348068237305e+00
1.104000000000000092e+00,1.719617962837219238e+00
1.104999999999999982e+00,1.689173579216003418e+00
1.106000000000000094e+00,1.700147867202758789e+00
1.106999999999999984e+00,1.775125980377197266e+00
1.108000000000000096e+00,1.786928772926330566e+00
1.108999999999999986e+00,1.774809837341308594e+00
1.110000000000000098e+00,1.777940511703491211e+00
1.110999999999999988e+00,1.694406151771545410e+00
1.112000000000000099e+00,1.820673823356628418e+00
1.112999999999999989e+00,1.811923384666442871e+00
1.114000000000000101e+00,1.757200479507446289e+00
1.114999999999999991e+00,1.814723134040832520e+00
1.116000000000000103e+00,1.764386773109436035e+00
1.116999999999999993e+00,1.751456499099731445e+00
1.118000000000000105e+00,1.782884001731872559e+00
1.118999999999999995e+00,1.735330939292907715e+00
1.120000000000000107e+00,1.718653559684753418e+00
1.120999999999999996e+00,1.735036969184875488e+00
1.122000000000000108e+00,1.796695709228515625e+00
1.122999999999999998e+00,1.735639691352844238e+00
1.124000000000000110e+00,1.743690490722656250e+00
1.125000000000000000e+00,1.682924628257751465e+00
1.125999999999999890e+00,1.686694860458374023e+00
1.127000000000000002e+00,1.764372348785400391e+00
1.127999999999999892e+00,1.728511095046997070e+00
1.129000000000000004e+00,1.753625392913818359e+00
1.129999999999999893e+00,1.774234771728515625e+00
1.131000000000000005e+00,1.724255204200744629e+00
1.131999999999999895e+00,1.858367919921875000e+00
1.133000000000000007e+00,1.887016296386718750e+00
1.133999999999999897e+00,1.773213624954223633e+00
1.135000000000000009e+00,1.803257942199707031e+00
1.135999999999999899e+00,1.752344846725463867e+00
1.137000000000000011e+00,1.836772441864013672e+00
1.137999999999999901e+00,1.743090391159057617e+00
1.139000000000000012e+00,1.767333865165710449e+00
1.139999999999999902e+00,1.770276069641113281e+00
1.141000000000000014e+00,1.778758168220520020e+00
1.141999999999999904e+00,1.767579317092895508e+00
1.143000000000000016e+00,1.742870926856994629e+00
1.143999999999999906e+00,1.795318007469177246e+00
1.145000000000000018e+00,1.807454705238342285e+00
1.145999999999999908e+00,1.755021572113037109e+00
1.147000000000000020e+00,1.681817650794982910e+00
1.147999999999999909e+00,1.678887605667114258e+00
1.149000000000000021e+00,1.632337570190429688e+00
1.149999999999999911e+00,1.728761911392211914e+00
1.151000000000000023e+00,1.719202756881713867e+00
1.151999999999999913e+00,1.671928882598876953e+00
1.153000000000000025e+00,1.696377396583557129e+00
1.153999999999999915e+00,1.821556329727172852e+00
1.155000000000000027e+00,1.749882817268371582e+00
1.155999999999999917e+00,1.817855238914489746e+00
1.157000000000000028e+00,1.731018304824829102e+00
1.157999999999999918e+00,1.806946516036987305e+00
1.159000000000000030e+00,1.760898828506469727e+00
1.159999999999999920e+00,1.825096130371093750e+00
1.161000000000000032e+00,1.834242820739746094e+00
1.161999999999999922e+00,1.774795293807983398e+00
1.163000000000000034e+00,1.781796097755432129e+00
1.163999999999999924e+00,1.824509024620056152e+00
1.165000000000000036e+00,1.758100509643554688e+00
1.165999999999999925e+00,1.742051124572753906e+00
1.167000000000000037e+00,1.802734255790710449e+00
1.167999999999999927e+00,1.744407176971435547e+00
1.169000000000000039e+00,1.802677869796752930e+00
1.169999999999999929e+00,1.742109656333923340e+00
1.171000000000000041e+00,1.771558403968811035e+00
1.171999999999999931e+00,1.728850483894348145e+00
1.173000000000000043e+00,1.807553529739379883e+00
1.173999999999999932e+00,1.736741781234741211e+00
1.175000000000000044e+00,1.813246488571166992e+00
1.175999999999999934e+00,1.798186063766479492e+00
1.177000000000000046e+00,1.847615361213684082e+00
1.177999999999999936e+00,1.814385652542114258e+00
1.179000000000000048e+00,1.813415169715881348e+00
1.179999999999999938e+00,1.782898306846618652e+00
1.181000000000000050e+00,1.830358266830444336e+00
1.181999999999999940e+00,1.752737879753112793e+00
1.183000000000000052e+00,1.736932754516601562e+00
1.183999999999999941e+00,1.704553604125976562e+00
1.185000000000000053e+00,1.755544662475585938e+00
1.185999999999999943e+00,1.786814689636230469e+00
1.187000000000000055e+00,1.618730902671813965e+00
1.187999999999999945e+00,1.658339500427246094e+00
1.189000000000000057e+00,1.708709120750427246e+00
1.189999999999999947e+00,1.662457108497619629e+00
1.191000000000000059e+00,1.734625220298767090e+00
1.191999999999999948e+00,1.744875192642211914e+00
1.193000000000000060e+00,1.712825059890747070e+00
1.193999999999999950e+00,1.657123684883117676e+00
1.195000000000000062e+00,1.753640055656433105e+00
1.195999999999999952e+00,1.701362729072570801e+00
1.197000000000000064e+00,1.754338264465332031e+00
1.197999999999999954e+00,1.872017860412597656e+00
1.199000000000000066e+00,1.730531930923461914e+00
1.199999999999999956e+00,1.735330939292907715e+00
1.201000000000000068e+00,1.735242843627929688e+00
1.201999999999999957e+00,1.758013367652893066e+00
1.203000000000000069e+00,1.769310355186462402e+00
1.203999999999999959e+00,1.778844356536865234e+00
1.205000000000000071e+00,1.795800924301147461e+00
1.205999999999999961e+00,1.817995548248291016e+00
1.207000000000000073e+00,1.740600585937500000e+00
1.207999999999999963e+00,1.796780943870544434e+00
1.209000000000000075e+00,1.750290989875793457e+00
1.209999999999999964e+00,1.734875321388244629e+00
1.211000000000000076e+00,1.701782703399658203e+00
1.211999999999999966e+00,1.797675132751464844e+00
1.213000000000000078e+00,1.780206203460693359e+00
1.213999999999999968e+00,1.730325460433959961e+00
1.215000000000000080e+00,1.703640341758728027e+00
1.215999999999999970e+00,1.719840645790100098e+00
1.217000000000000082e+00,1.763504624366760254e+00
1.217999999999999972e+00,1.790109634399414062e+00
1.219000000000000083e+00,1.747913479804992676e+00
1.219999999999999973e+00,1.727713942527770996e+00
1.221000000000000085e+00,1.699937701225280762e+00
1.221999999999999975e+00,1.703655481338500977e+00
1.223000000000000087e+00,1.632040619850158691e+00
1.223999999999999977e+00,1.700267791748046875e+00
1.225000000000000089e+00,1.752213835716247559e+00
1.225999999999999979e+00,1.670646667480468750e+00
1.227000000000000091e+00,1.711916208267211914e+00
1.227999999999999980e+00,1.682029962539672852e+00
1.229000000000000092e+00,1.693156003952026367e+00
1.229999999999999982e+00,1.697865486145019531e+00
1.231000000000000094e+00,1.736682891845703125e+00
1.231999999999999984e+00,1.726990222930908203e+00
1.233000000000000096e+00,1.746321916580200195e+00
1.233999999999999986e+00,1.800950288772583008e+00
1.235000000000000098e+00,1.748132586479187012e+00
1.235999999999999988e+00,1.659585118293762207e+00
1.237000000000000099e+00,1.705077290534973145e+00
1.237999999999999989e+00,1.723752140998840332e+00
1.239000000000000101e+00,1.685681343078613281e+00
1.239999999999999991e+00,1.748307704925537109e+00
1.241000000000000103e+00,1.768935441970825195e+00
1.241999999999999993e+00,1.769209504127502441e+00
1.243000000000000105e+00,1.631587147712707520e+00
1.243999999999999995e+00,1.655629754066467285e+00
1.245000000000000107e+00,1.671043753623962402e+00
1.245999999999999996e+00,1.701812624931335449e+00
1.247000000000000108e+00,1.697159051895141602e+00
1.247999999999999998e+00,1.737725734710693359e+00
1.249000000000000110e+00,1.749780774116516113e+00
1.250000000000000000e+00,1.622288703918457031e+00
1.250999999999999890e+00,1.706318736076354980e+00
1.252000000000000002e+00,1.699862599372863770e+00
1.252999999999999892e+00,1.837425112724304199e+00
1.254000000000000004e+00,1.774134039878845215e+00
1.254999999999999893e+00,1.786443233489990234e+00
1.256000000000000005e+00,1.808922052383422852e+00
1.256999999999999895e+00,1.777036309242248535e+00
1.258000000000000007e+00,1.771270275115966797e+00
1.258999999999999897e+00,1.796113371849060059e+00
1.260000000000000009e+00,1.760579943656921387e+00
1.260999999999999899e+00,1.809486031532287598e+00
1.262000000000000011e+00,1.743587970733642578e+00
1.262999999999999901e+00,1.808569312095642090e+00
1.264000000000000012e+00,1.755573749542236328e+00
1.264999999999999902e+00,1.803979158401489258e+00
1.266000000000000014e+00,1.759347915649414062e+00
1.266999999999999904e+00,1.782225608825683594e+00
1.268000000000000016e+00,1.804261922836303711e+00
1.268999999999999906e+00,1.791989803314208984e+00
1.270000000000000018e+00,1.797504901885986328e+00
1.270999999999999908e+00,1.836619496345520020e+00
1.272000000000000020e+00,1.812176823616027832e+00
1.272999999999999909e+00,1.763302087783813477e+00
1.274000000000000021e+00,1.824592947959899902e+00
1.274999999999999911e+00,1.729101419448852539e+00
1.276000000000000023e+00,1.743266105651855469e+00
1.276999999999999913e+00,1.796979784965515137e+00
1.278000000000000025e+00,1.773098587989807129e+00
1.278999999999999915e+00,1.679616928100585938e+00
1.280000000000000027e+00,1.785471916198730469e+00
1.280999999999999917e+00,1.795502662658691406e+00
1.282000000000000028e+00,1.727477550506591797e+00
1.282999999999999918e+00,1.709530234336853027e+00
1.284000000000000030e+00,1.806650042533874512e+00
1.284999999999999920e+00,1.713435530662536621e+00
1.286000000000000032e+00,1.726369738578796387e+00
1.286999999999999922e+00,1.796468496322631836e+00
1.288000000000000034e+00,1.792758464813232422e+00
1.288999999999999924e+00,1.818318367004394531e+00
1.290000000000000036e+00,1.714075565338134766e+00
1.290999999999999925e+00,1.781022787094116211e+00
1.292000000000000037e+00,1.757287740707397461e+00
1.292999999999999927e+00,1.862536430358886719e+00
1.294000000000000039e+00,1.770132184028625488e+00
1.294999999999999929e+00,1.771154999732971191e+00
1.296000000000000041e+00,1.743748903274536133e+00
1.296999999999999931e+00,1.737740278244018555e+00
1.298000000000000043e+00,1.850305914878845215e+00
1.298999999999999932e+00,1.839908599853515625e+00
1.300000000000000044e+00,1.809457778930664062e+00
1.300999999999999934e+00,1.815088510513305664e+00
1.302000000000000046e+00,1.803993225097656250e+00
1.302999999999999936e+00,1.814118504524230957e+00
1.304000000000000048e+00,1.800667047500610352e+00
1.304999999999999938e+00,1.776217818260192871e+00
1.306000000000000050e+00,1.865588307380676270e+00
1.306999999999999940e+00,1.835396766662597656e+00
1.308000000000000052e+00,1.833839416503906250e+00
1.308999999999999941e+00,1.797703504562377930e+00
1.310000000000000053e+00,1.777739644050598145e+00
1.310999999999999943e+00,1.813640356063842773e+00
1.312000000000000055e+00,1.936628699302673340e+00
1.312999999999999945e+00,1.869522452354431152e+00
1.314000000000000057e+00,1.861604690551757812e+00
1.314999999999999947e+00,1.761232018470764160e+00
1.316000000000000059e+00,1.771327853202819824e+00
1.316999999999999948e+00,1.658570170402526855e+00
1.318000000000000060e+00,1.733992695808410645e+00
1.318999999999999950e+00,1.773012161254882812e+00
1.320000000000000062e+00,1.824984431266784668e+00
1.320999999999999952e+00,1.824131488800048828e+00
1.322000000000000064e+00,1.746789336204528809e+00
1.322999999999999954e+00,1.750028610229492188e+00
1.324000000000000066e+00,1.654257774353027344e+00
1.324999999999999956e+00,1.747388124465942383e+00
1.326000000000000068e+00,1.691015005111694336e+00
1.326999999999999957e+00,1.686135292053222656e+00
1.328000000000000069e+00,1.701377749443054199e+00
1.328999999999999959e+00,1.772551655769348145e+00
1.330000000000000071e+00,1.737211823463439941e+00
1.330999999999999961e+00,1.762375831604003906e+00
1.332000000000000073e+00,1.687284708023071289e+00
1.332999999999999963e+00,1.671303272247314453e+00
1.334000000000000075e+00,1.705496311187744141e+00
1.334999999999999964e+00,1.652112960815429688e+00
1.336000000000000076e+00,1.681362509727478027e+00
1.336999999999999966e+00,1.624441623687744141e+00
1.338000000000000078e+00,1.584613561630249023e+00
1.338999999999999968e+00,1.703820109367370605e+00
1.340000000000000080e+00,1.687042832374572754e+00
1.340999999999999970e+00,1.592402577400207520e+00
1.342000000000000082e+00,1.564914584159851074e+00
1.342999999999999972e+00,1.669699668884277344e+00
1.344000000000000083e+00,1.681893467903137207e+00
1.344999999999999973e+00,1.692025661468505859e+00
1.346000000000000085e+00,1.762636423110961914e+00
1.346999999999999975e+00,1.645971298217773438e+00
1.348000000000000087e+00,1.649129986763000488e+00
1.348999999999999977e+00,1.666273832321166992e+00
1.350000000000000089e+00,1.723559856414794922e+00
1.350999999999999979e+00,1.677945256233215332e+00
1.352000000000000091e+00,1.750699043273925781e+00
1.352999999999999980e+00,1.826158165931701660e+00
1.354000000000000092e+00,1.844229578971862793e+00
1.354999999999999982e+00,1.723944544792175293e+00
1.356000000000000094e+00,1.773947000503540039e+00
1.356999999999999984e+00,1.678826808929443359e+00
1.358000000000000096e+00,1.698917031288146973e+00
1.358999999999999986e+00,1.698210954666137695e+00
1.360000000000000098e+00,1.726221919059753418e+00
1.360999999999999988e+00,1.711528778076171875e+00
1.362000000000000099e+00,1.787728071212768555e+00
1.362999999999999989e+00,1.805435180664062500e+00
1.364000000000000101e+00,1.722686290740966797e+00
1.364999999999999991e+00,1.725423812866210938e+00
1.366000000000000103e+00,1.722064137458801270e+00
1.366999999999999993e+00,1.655182838439941406e+00
1.368000000000000105e+00,1.642961621284484863e+00
1.368999999999999995e+00,1.631868600845336914e+00
1.370000000000000107e+00,1.697670102119445801e+00
1.370999999999999996e+00,1.683546066284179688e+00
1.372000000000000108e+00,1.684318661689758301e+00
1.372999999999999998e+00,1.710634112358093262e+00
1.374000000000000110e+00,1.669867753982543945e+00
1.375000000000000000e+00,1.703715324401855469e+00
1.375999999999999890e+00,1.795104742050170898e+00
1.377000000000000002e+00,1.700897932052612305e+00
1.377999999999999892e+00,1.736198186874389648e+00
1.379000000000000004e+00,1.745649814605712891e+00
1.379999999999999893e+00,1.677580356597900391e+00
1.381000000000000005e+00,1.755021572113037109e+00
1.381999999999999895e+00,1.687949895858764648e+00
1.383000000000000007e+00,1.690155029296875000e+00
1.383999999999999897e+00,1.718237876892089844e+00
1.385000000000000009e+00,1.703011393547058105e+00
1.385999999999999899e+00,1.691558241844177246e+00
1.387000000000000011e+00,1.743017315864562988e+00
1.387999999999999901e+00,1.715682268142700195e+00
1.389000000000000012e+00,1.746073722839355469e+00
1.389999999999999902e+00,1.718015074729919434e+00
1.391000000000000014e+00,1.730222225189208984e+00
1.391999999999999904e+00,1.750611543655395508e+00
1.393000000000000016e+00,1.667360305786132812e+00
1.393999999999999906e+00,1.736462712287902832e+00
1.395000000000000018e+00,1.700102806091308594e+00
1.395999999999999908e+00,1.765355348587036133e+00
1.397000000000000020e+00,1.715399622917175293e+00
1.397999999999999909e+00,1.685272574424743652e+00
1.399000000000000021e+00,1.714164972305297852e+00
1.399999999999999911e+00,1.670203804969787598e+00
1.401000000000000023e+00,1.728998184204101562e+00
1.401999999999999913e+00,1.800156831741333008e+00
1.403000000000000025e+00,1.749430775642395020e+00
1.403999999999999915e+00,1.779389262199401855e+00
1.405000000000000027e+00,1.709798693656921387e+00
1.405999999999999917e+00,1.741802096366882324e+00
1.407000000000000028e+00,1.720166921615600586e+00
1.407999999999999918e+00,1.671333789825439453e+00
1.409000000000000030e+00,1.720522761344909668e+00
1.409999999999999920e+00,1.668736934661865234e+00
1.411000000000000032e+00,1.697640180587768555e+00
1.411999999999999922e+00,1.676317572593688965e+00
1.413000000000000034e+00,1.632524967193603516e+00
1.413999999999999924e+00,1.626293778419494629e+00
1.415000000000000036e+00,1.697474718093872070e+00
1.415999999999999925e+00,1.665201783180236816e+00
1.417000000000000037e+00,1.608723998069763184e+00
1.417999999999999927e+00,1.706542968750000000e+00
1.419000000000000039e+00,1.667237997055053711e+00
1.419999999999999929e+00,1.763128519058227539e+00
1.421000000000000041e+00,1.704882860183715820e+00
1.421999999999999931e+00,1.741040349006652832e+00
1.423000000000000043e+00,1.787299990653991699e+00
1.423999999999999932e+00,1.747577786445617676e+00
1.425000000000000044e+00,1.707006454467773438e+00
1.425999999999999934e+00,1.691437482833862305e+00
1.427000000000000046e+00,1.748438954353332520e+00
1.427999999999999936e+00,1.750145196914672852e+00
1.429000000000000048e+00,1.734463453292846680e+00
1.429999999999999938e+00,1.637767314910888672e+00
1.431000000000000050e+00,1.645118474960327148e+00
1.431999999999999940e+00,1.724906086921691895e+00
1.433000000000000052e+00,1.730885624885559082e+00
1.433999999999999941e+00,1.666794300079345703e+00
1.435000000000000053e+00,1.771327853202819824e+00
1.435999999999999943e+00,1.760724902153015137e+00
1.437000000000000055e+00,1.674520850181579590e+00
1.437999999999999945e+00,1.731371998786926270e+00
1.439000000000000057e+00,1.804898023605346680e+00
1.439999999999999947e+00,1.751077771186828613e+00
1.441000000000000059e+00,1.803370952606201172e+00
1.441999999999999948e+00,1.712899327278137207e+00
1.443000000000000060e+00,1.772019147872924805e+00
1.443999999999999950e+00,1.745138287544250488e+00
1.445000000000000062e+00,1.678993940353393555e+00
1.445999999999999952e+00,1.752970814704895020e+00
1.447000000000000064e+00,1.759391427040100098e+00
1.447999999999999954e+00,1.704792976379394531e+00
1.449000000000000066e+00,1.687813878059387207e+00
1.449999999999999956e+00,1.709455490112304688e+00
1.451000000000000068e+00,1.707977533340454102e+00
1.451999999999999957e+00,1.737799048423767090e+00
1.453000000000000069e+00,1.705496311187744141e+00
1.453999999999999959e+00,1.682227134704589844e+00
1.455000000000000071e+00,1.715384840965270996e+00
1.455999999999999961e+00,1.736374497413635254e+00
1.457000000000000073e+00,1.746219635009765625e+00
1.457999999999999963e+00,1.755312204360961914e+00
1.459000000000000075e+00,1.744845986366271973e+00
1.459999999999999964e+00,1.771687865257263184e+00
1.461000000000000076e+00,1.747636198997497559e+00
1.461999999999999966e+00,1.784971833229064941e+00
1.463000000000000078e+00,1.780177474021911621e+00
1.463999999999999968e+00,1.746409654617309570e+00
1.465000000000000080e+00,1.717896342277526855e+00
1.465999999999999970e+00,1.744743585586547852e+00
1.467000000000000082e+00,1.775686502456665039e+00
1.467999999999999972e+00,1.748088717460632324e+00
1.469000000000000083e+00,1.758187532424926758e+00
1.469999999999999973e+00,1.690834045410156250e+00
1.471000000000000085e+00,1.774852871894836426e+00
1.471999999999999975e+00,1.777366518974304199e+00
1.473000000000000087e+00,1.772810697555541992e+00
1.473999999999999977e+00,1.735007643699645996e+00
1.475000000000000089e+00,1.718579292297363281e+00
1.475999999999999979e+00,1.727477550506591797e+00
1.477000000000000091e+00,1.758825898170471191e+00
1.477999999999999980e+00,1.739310503005981445e+00
1.479000000000000092e+00,1.790693879127502441e+00
1.479999999999999982e+00,1.769656419754028320e+00
1.481000000000000094e+00,1.817981600761413574e+00
1.481999999999999984e+00,1.873148679733276367e+00
1.483000000000000096e+00,1.791747689247131348e+00
1.483999999999999986e+00,1.744056224822998047e+00
1.485000000000000098e+00,1.779331922531127930e+00
1.485999999999999988e+00,1.746190547943115234e+00
1.487000000000000099e+00,1.796681642532348633e+00
1.487999999999999989e+00,1.743661165237426758e+00
1.489000000000000101e+00,1.740688681602478027e+00
1.489999999999999991e+00,1.717881560325622559e+00
1.491000000000000103e+00,1.778930306434631348e+00
1.491999999999999993e+00,1.721234321594238281e+00
1.493000000000000105e+00,1.691196084022521973e+00
1.493999999999999995e+00,1.718549609184265137e+00
1.495000000000000107e+00,1.755239486694335938e+00
1.495999999999999996e+00,1.796127676963806152e+00
1.497000000000000108e+00,1.820771813392639160e+00
1.497999999999999998e+00,1.764271140098571777e+00
1.499000000000000110e+00,1.768387436866760254e+00
1.500000000000000000e+00,1.782153964042663574e+00
1.500999999999999890e+00,1.711230516433715820e+00
1.502000000000000002e+00,1.742856383323669434e+00
1.502999999999999892e+00,1.762216687202453613e+00
1.504000000000000004e+00,1.708754062652587891e+00
1.504999999999999893e+00,1.784471511840820312e+00
1.506000000000000005e+00,1.780607461929321289e+00
1.506999999999999895e+00,1.772033452987670898e+00
1.508000000000000007e+00,1.700642824172973633e+00
1.508999999999999897e+00,1.757534503936767578e+00
1.510000000000000009e+00,1.742709875106811523e+00
1.510999999999999899e+00,1.737373352050781250e+00
1.512000000000000011e+00,1.733992695808410645e+00
1.512999999999999901e+00,1.755777359008789062e+00
1.514000000000000012e+00,1.856417536735534668e+00
1.514999999999999902e+00,1.771601557731628418e+00
1.516000000000000014e+00,1.740131616592407227e+00
1.516999999999999904e+00,1.718668341636657715e+00
1.518000000000000016e+00,1.752999901771545410e+00
1.518999999999999906e+00,1.704553604125976562e+00
1.520000000000000018e+00,1.742212176322937012e+00
1.520999999999999908e+00,1.807863831520080566e+00
1.522000000000000020e+00,1.789453983306884766e+00
1.522999999999999909e+00,1.726236820220947266e+00
1.524000000000000021e+00,1.731843471527099609e+00
1.524999999999999911e+00,1.767131805419921875e+00
1.526000000000000023e+00,1.783613562583923340e+00
1.526999999999999913e+00,1.787428379058837891e+00
1.528000000000000025e+00,1.791591167449951172e+00
1.528999999999999915e+00,1.775485277175903320e+00
1.530000000000000027e+00,1.757360219955444336e+00
1.530999999999999917e+00,1.755050539970397949e+00
1.532000000000000028e+00,1.741963148117065430e+00
1.532999999999999918e+00,1.748789072036743164e+00
1.534000000000000030e+00,1.683227777481079102e+00
1.534999999999999920e+00,1.658370256423950195e+00
1.536000000000000032e+00,1.763895153999328613e+00
1.536999999999999922e+00,1.732609272003173828e+00
1.538000000000000034e+00,1.751922607421875000e+00
1.538999999999999924e+00,1.719306588172912598e+00
1.540000000000000036e+00,1.671318531036376953e+00
1.540999999999999925e+00,1.748219966888427734e+00
1.542000000000000037e+00,1.709783792495727539e+00
1.542999999999999927e+00,1.716663360595703125e+00
1.544000000000000039e+00,1.731593012809753418e+00
1.544999999999999929e+00,1.781094312667846680e+00
1.546000000000000041e+00,1.741538524627685547e+00
1.546999999999999931e+00,1.689883351325988770e+00
1.548000000000000043e+00,1.734537005424499512e+00
1.548999999999999932e+00,1.661152243614196777e+00
1.550000000000000044e+00,1.696287155151367188e+00
1.550999999999999934e+00,1.699847698211669922e+00
1.552000000000000046e+00,1.685726642608642578e+00
1.552999999999999936e+00,1.788612604141235352e+00
1.554000000000000048e+00,1.715533614158630371e+00
1.554999999999999938e+00,1.734948754310607910e+00
1.556000000000000050e+00,1.752155542373657227e+00
1.556999999999999940e+00,1.722182631492614746e+00
1.558000000000000052e+00,1.751238107681274414e+00
1.558999999999999941e+00,1.687027692794799805e+00
1.560000000000000053e+00,1.779661655426025391e+00
1.560999999999999943e+00,1.702966451644897461e+00
1.562000000000000055e+00,1.716811895370483398e+00
1.562999999999999945e+00,1.706363558769226074e+00
1.564000000000000057e+00,1.671761155128479004e+00
1.564999999999999947e+00,1.632274985313415527e+00
1.566000000000000059e+00,1.688780903816223145e+00
1.566999999999999948e+00,1.690215349197387695e+00
1.568000000000000060e+00,1.675465106964111328e+00
1.568999999999999950e+00,1.676317572593688965e+00
1.570000000000000062e+00,1.644513607025146484e+00
1.570999999999999952e+00,1.719751596450805664e+00
1.572000000000000064e+00,1.696377396583557129e+00
1.572999999999999954e+00,1.726074218750000000e+00
1.574000000000000066e+00,1.785343408584594727e+00
1.574999999999999956e+00,1.781910657882690430e+00
1.576000000000000068e+00,1.724077701568603516e+00
1.576999999999999957e+00,1.811782598495483398e+00
1.578000000000000069e+00,1.692492961883544922e+00
1.578999999999999959e+00,1.734728217124938965e+00
1.580000000000000071e+00,1.704523682594299316e+00
1.580999999999999961e+00,1.712884664535522461e+00
1.582000000000000073e+00,1.642511129379272461e+00
1.582999999999999963e+00,1.738254070281982422e+00
1.584000000000000075e+00,1.747869729995727539e+00
1.584999999999999964e+00,1.817321896553039551e+00
1.586000000000000076e+00,1.806875944137573242e+00
1.586999999999999966e+00,1.660599231719970703e+00
1.588000000000000078e+00,1.732727050781250000e+00
1.588999999999999968e+00,1.686634421348571777e+00
1.590000000000000080e+00,1.708888411521911621e+00
1.590999999999999970e+00,1.677458524703979492e+00
1.592000000000000082e+00,1.705541133880615234e+00
1.592999999999999972e+00,1.711618185043334961e+00
1.594000000000000083e+00,1.691874861717224121e+00
1.594999999999999973e+00,1.805293798446655273e+00
1.596000000000000085e+00,1.760478615760803223e+00
1.596999999999999975e+00,1.771947145462036133e+00
1.598000000000000087e+00,1.783470511436462402e+00
1.598999999999999977e+00,1.687209129333496094e+00
1.600000000000000089e+00,1.716499924659729004e+00
1.600999999999999979e+00,1.672157764434814453e+00
1.602000000000000091e+00,1.748511910438537598e+00
1.602999999999999980e+00,1.729337453842163086e+00
1.604000000000000092e+00,1.879755973815917969e+00
1.604999999999999982e+00,1.784328460693359375e+00
1.606000000000000094e+00,1.742534160614013672e+00
1.606999999999999984e+00,1.753581881523132324e+00
1.608000000000000096e+00,1.689732313156127930e+00
1.608999999999999986e+00,1.770463585853576660e+00
1.610000000000000098e+00,1.803908467292785645e+00
1.610999999999999988e+00,1.749328613281250000e+00
1.612000000000000099e+00,1.778414011001586914e+00
1.612999999999999989e+00,1.813893437385559082e+00
1.614000000000000101e+00,1.793313145637512207e+00
1.614999999999999991e+00,1.856788396835327148e+00
1.616000000000000103e+00,1.849988818168640137e+00
1.616999999999999993e+00,1.806070923805236816e+00
1.618000000000000105e+00,1.864726543426513672e+00
1.618999999999999995e+00,1.763417720794677734e+00
1.620000000000000107e+00,1.788655400276184082e+00
1.620999999999999996e+00,1.790736436843872070e+00
1.622000000000000108e+00,1.832851290702819824e+00
1.622999999999999998e+00,1.756416440010070801e+00
1.624000000000000110e+00,1.792943358421325684e+00
1.625000000000000000e+00,1.825655221939086914e+00
1.625999999999999890e+00,1.811205148696899414e+00
1.627000000000000002e+00,1.746541142463684082e+00
1.627999999999999892e+00,1.707618951797485352e+00
1.629000000000000004e+00,1.784685850143432617e+00
1.629999999999999893e+00,1.735345721244812012e+00
1.631000000000000005e+00,1.733286380767822266e+00
1.631999999999999895e+00,1.781452417373657227e+00
1.633000000000000007e+00,1.799575805664062500e+00
1.633999999999999897e+00,1.781867742538452148e+00
1.635000000000000009e+00,1.737754940986633301e+00
1.635999999999999899e+00,1.837897062301635742e+00
1.637000000000000011e+00,1.760797381401062012e+00
1.637999999999999901e+00,1.725187182426452637e+00
1.639000000000000012e+00,1.768921017646789551e+00
1.639999999999999902e+00,1.824676871299743652e+00
1.641000000000000014e+00,1.823264241218566895e+00
1.641999999999999904e+00,1.789311289787292480e+00
1.643000000000000016e+00,1.832364201545715332e+00
1.643999999999999906e+00,1.752039074897766113e+00
1.645000000000000018e+00,1.791847348213195801e+00
1.645999999999999908e+00,1.836966753005981445e+00
1.647000000000000020e+00,1.823655962944030762e+00
1.647999999999999909e+00,1.790622472763061523e+00
1.649000000000000021e+00,1.760826349258422852e+00
1.649999999999999911e+00,1.867611169815063477e+00
1.651000000000000023e+00,1.841308474540710449e+00
1.651999999999999913e+00,1.782783865928649902e+00
1.653000000000000025e+00,1.835021376609802246e+00
1.653999999999999915e+00,1.779432296752929688e+00
1.655000000000000027e+00,1.854410052299499512e+00
1.655999999999999917e+00,1.708873391151428223e+00
1.657000000000000028e+00,1.753640055656433105e+00
1.657999999999999918e+00,1.782282829284667969e+00
1.659000000000000030e+00,1.755457520484924316e+00
1.659999999999999920e+00,1.887543439865112305e+00
1.661000000000000032e+00,1.799008727073669434e+00
1.661999999999999922e+00,1.838993310928344727e+00
1.663000000000000034e+00,1.752577781677246094e+00
1.663999999999999924e+00,1.860946893692016602e+00
1.665000000000000036e+00,1.819187998771667480e+00
1.665999999999999925e+00,1.830149173736572266e+00
1.667000000000000037e+00,1.814891695976257324e+00
1.667999999999999927e+00,1.784314155578613281e+00
1.669000000000000039e+00,1.837272167205810547e+00
1.669999999999999929e+00,1.852551937103271484e+00
1.671000000000000041e+00,1.821024179458618164e+00
1.671999999999999931e+00,1.831486821174621582e+00
1.673000000000000043e+00,1.819692730903625488e+00
1.673999999999999932e+00,1.781008481979370117e+00
1.675000000000000044e+00,1.768041133880615234e+00
1.675999999999999934e+00,1.896469593048095703e+00
1.677000000000000046e+00,1.893211483955383301e+00
1.677999999999999936e+00,1.977313876152038574e+00
1.679000000000000048e+00,1.860768675804138184e+00
1.679999999999999938e+00,1.839076399803161621e+00
1.681000000000000050e+00,1.784929037094116211e+00
1.681999999999999940e+00,1.922667741775512695e+00
1.683000000000000052e+00,1.864452958106994629e+00
1.683999999999999941e+00,1.858395338058471680e+00
1.685000000000000053e+00,1.800511121749877930e+00
1.685999999999999943e+00,1.827498793601989746e+00
1.687000000000000055e+00,1.925597786903381348e+00
1.687999999999999945e+00,1.846068382263183594e+00
1.689000000000000057e+00,1.853501915931701660e+00
1.689999999999999947e+00,1.848940610885620117e+00
1.691000000000000059e+00,1.810979843139648438e+00
1.691999999999999948e+00,1.805265545845031738e+00
1.693000000000000060e+00,1.834131479263305664e+00
1.693999999999999950e+00,1.844838142395019531e+00
1.695000000000000062e+00,1.790309071540832520e+00
1.695999999999999952e+00,1.864124536514282227e+00
1.697000000000000064e+00,1.876237630844116211e+00
1.697999999999999954e+00,1.826758861541748047e+00
1.699000000000000066e+00,1.832712292671203613e+00
1.699999999999999956e+00,1.790750741958618164e+00
1.701000000000000068e+00,1.776921510696411133e+00
1.701999999999999957e+00,1.802536249160766602e+00
1.703000000000000069e+00,1.756300210952758789e+00
1.703999999999999959e+00,1.740131616592407227e+00
1.705000000000000071e+00,1.745094537734985352e+00
1.705999999999999961e+00,1.803767085075378418e+00
1.707000000000000073e+00,1.758492231369018555e+00
1.707999999999999963e+00,1.709410905838012695e+00
1.709000000000000075e+00,1.759782910346984863e+00
1.709999999999999964e+00,1.801148653030395508e+00
1.711000000000000076e+00,1.820757865905761719e+00
1.711999999999999966e+00,1.715206384658813477e+00
1.713000000000000078e+00,1.698976874351501465e+00
1.713999999999999968e+00,1.773415088653564453e+00
1.715000000000000080e+00,1.724462389945983887e+00
1.715999999999999970e+00,1.724817514419555664e+00
1.717000000000000082e+00,1.683970212936401367e+00
1.717999999999999972e+00,1.732255816459655762e+00
1.719000000000000083e+00,1.695354461669921875e+00
1.719999999999999973e+00,1.763967394828796387e+00
1.721000000000000085e+00,1.779231429100036621e+00
1.721999999999999975e+00,1.741875410079956055e+00
1.723000000000000087e+00,1.733168601989746094e+00
1.723999999999999977e+00,1.810190796852111816e+00
1.725000000000000089e+00,1.739647626876831055e+00
1.725999999999999979e+00,1.700327873229980469e+00
1.727000000000000091e+00,1.761116027832031250e+00
1.727999999999999980e+00,1.676134943962097168e+00
1.729000000000000092e+00,1.714700579643249512e+00
1.729999999999999982e+00,1.714179754257202148e+00
1.731000000000000094e+00,1.724166631698608398e+00
1.731999999999999984e+00,1.676469802856445312e+00
1.733000000000000096e+00,1.666258454322814941e+00
1.733999999999999986e+00,1.647938370704650879e+00
1.735000000000000098e+00,1.646854400634765625e+00
1.735999999999999988e+00,1.652529716491699219e+00
1.737000000000000099e+00,1.678142786026000977e+00
1.737999999999999989e+00,1.669883131980895996e+00
1.739000000000000101e+00,1.683682322502136230e+00
1.739999999999999991e+00,1.726177692413330078e+00
1.741000000000000103e+00,1.696918606758117676e+00
1.741999999999999993e+00,1.715250968933105469e+00
1.743000000000000105e+00,1.737520098686218262e+00
1.743999999999999995e+00,1.732476711273193359e+00
1.745000000000000107e+00,1.722064137458801270e+00
1.745999999999999996e+00,1.675997972488403320e+00
1.747000000000000108e+00,1.649129986763000488e+00
1.747999999999999998e+00,1.672981381416320801e+00
1.749000000000000110e+00,1.714254140853881836e+00
1.750000000000000000e+00,1.673057675361633301e+00
1.750999999999999890e+00,1.748876571655273438e+00
1.752000000000000002e+00,1.761463761329650879e+00
1.752999999999999892e+00,1.742885589599609375e+00
1.754000000000000004e+00,1.720137357711791992e+00
1.754999999999999893e+00,1.714492321014404297e+00
1.756000000000000005e+00,1.705361604690551758e+00
1.756999999999999895e+00,1.710917472839355469e+00
1.758000000000000007e+00,1.666579961776733398e+00
1.758999999999999897e+00,1.753887414932250977e+00
1.760000000000000009e+00,1.643411874771118164e+00
1.760999999999999899e+00,1.732226490974426270e+00
1.762000000000000011e+00,1.683182239532470703e+00
1.762999999999999901e+00,1.706812143325805664e+00
1.764000000000000012e+00,1.628331661224365234e+00
1.764999999999999902e+00,1.706363558769226074e+00
1.766000000000000014e+00,1.759159445762634277e+00
1.766999999999999904e+00,1.688780903816223145e+00
1.768000000000000016e+00,1.727891087532043457e+00
1.768999999999999906e+00,1.736609458923339844e+00
1.770000000000000018e+00,1.790166616439819336e+00
1.770999999999999908e+00,1.800142645835876465e+00
1.772000000000000020e+00,1.783899664878845215e+00
1.772999999999999909e+00,1.756140470504760742e+00
1.774000000000000021e+00,1.657723903656005859e+00
1.774999999999999911e+00,1.819033741950988770e+00
1.776000000000000023e+00,1.671440601348876953e+00
1.776999999999999913e+00,1.692749142646789551e+00
1.778000000000000025e+00,1.718089342117309570e+00
1.778999999999999915e+00,1.706528067588806152e+00
1.780000000000000027e+00,1.688901782035827637e+00
1.780999999999999917e+00,1.702606797218322754e+00
1.782000000000000028e+00,1.764675974845886230e+00
1.782999999999999918e+00,1.786014914512634277e+00
1.784000000000000030e+00,1.691844582557678223e+00
1.784999999999999920e+00,1.716425538063049316e+00
1.786000000000000032e+00,1.724417924880981445e+00
1.786999999999999922e+00,1.719232320785522461e+00
1.788000000000000034e+00,1.714864253997802734e+00
1.788999999999999924e+00,1.714536905288696289e+00
1.790000000000000036e+00,1.732962608337402344e+00
1.790999999999999925e+00,1.710022568702697754e+00
1.792000000000000037e+00,1.791562557220458984e+00
1.792999999999999927e+00,1.715994477272033691e+00
1.794000000000000039e+00,1.677397727966308594e+00
1.794999999999999929e+00,1.773069620132446289e+00
1.796000000000000041e+00,1.781438112258911133e+00
1.796999999999999931e+00,1.668446302413940430e+00
1.798000000000000043e+00,1.731858134269714355e+00
1.798999999999999932e+00,1.727344751358032227e+00
1.800000000000000044e+00,1.707828164100646973e+00
1.800999999999999934e+00,1.691166043281555176e+00
1.802000000000000046e+00,1.720789670944213867e+00
1.802999999999999936e+00,1.715622663497924805e+00
1.804000000000000048e+00,1.715548515319824219e+00
1.804999999999999938e+00,1.719751596450805664e+00
1.806000000000000050e+00,1.740820527076721191e+00
1.806999999999999940e+00,1.768690347671508789e+00
1.808000000000000052e+00,1.771644830703735352e+00
1.808999999999999941e+00,1.689822793006896973e+00
1.810000000000000053e+00,1.660676121711730957e+00
1.810999999999999943e+00,1.766308784484863281e+00
1.812000000000000055e+00,1.710499763488769531e+00
1.812999999999999945e+00,1.752810597419738770e+00
1.814000000000000057e+00,1.755181431770324707e+00
1.814999999999999947e+00,1.688403129577636719e+00
1.816000000000000059e+00,1.707633852958679199e+00
1.816999999999999948e+00,1.730576157569885254e+00
1.818000000000000060e+00,1.722597360610961914e+00
1.818999999999999950e+00,1.695128679275512695e+00
1.820000000000000062e+00,1.785414814949035645e+00
1.820999999999999952e+00,1.723456144332885742e+00
1.822000000000000064e+00,1.713539600372314453e+00
1.822999999999999954e+00,1.798427104949951172e+00
1.824000000000000066e+00,1.724861741065979004e+00
1.824999999999999956e+00,1.733933925628662109e+00
1.826000000000000068e+00,1.750524163246154785e+00
1.826999999999999957e+00,1.786214709281921387e+00
1.828000000000000069e+00,1.715012907981872559e+00
1.828999999999999959e+00,1.780722022056579590e+00
1.830000000000000071e+00,1.742768406867980957e+00
1.830999999999999961e+00,1.720671057701110840e+00
1.832000000000000073e+00,1.732756495475769043e+00
1.832999999999999963e+00,1.734360456466674805e+00
1.834000000000000075e+00,1.708500266075134277e+00
1.834999999999999964e+00,1.708261251449584961e+00
1.836000000000000076e+00,1.674658060073852539e+00
1.836999999999999966e+00,1.704508662223815918e+00
1.838000000000000078e+00,1.647009253501892090e+00
1.838999999999999968e+00,1.686362147331237793e+00
1.840000000000000080e+00,1.734169244766235352e+00
1.840999999999999970e+00,1.819762945175170898e+00
1.842000000000000082e+00,1.701452732086181641e+00
1.842999999999999972e+00,1.798923611640930176e+00
1.844000000000000083e+00,1.753931045532226562e+00
1.844999999999999973e+00,1.776347160339355469e+00
1.846000000000000085e+00,1.718148708343505859e+00
1.846999999999999975e+00,1.764299988746643066e+00
1.848000000000000087e+00,1.822536468505859375e+00
1.848999999999999977e+00,1.726635694503784180e+00
1.850000000000000089e+00,1.750728130340576172e+00
1.850999999999999979e+00,1.789924383163452148e+00
1.852000000000000091e+00,1.820505738258361816e+00
1.852999999999999980e+00,1.813204169273376465e+00
1.854000000000000092e+00,1.721960425376892090e+00
1.854999999999999982e+00,1.707992434501647949e+00
1.856000000000000094e+00,1.783170104026794434e+00
1.856999999999999984e+00,1.761637449264526367e+00
1.858000000000000096e+00,1.737901926040649414e+00
1.858999999999999986e+00,1.699862599372863770e+00
1.860000000000000098e+00,1.751602292060852051e+00
1.860999999999999988e+00,1.749459981918334961e+00
1.862000000000000099e+00,1.741875410079956055e+00
1.862999999999999989e+00,1.759057998657226562e+00
1.864000000000000101e+00,1.791989803314208984e+00
1.864999999999999991e+00,1.791662216186523438e+00
1.866000000000000103e+00,1.770175457000732422e+00
1.866999999999999993e+00,1.821122169494628906e+00
1.868000000000000105e+00,1.808964252471923828e+00
1.868999999999999995e+00,1.805901527404785156e+00
1.870000000000000107e+00,1.829340457916259766e+00
1.870999999999999996e+00,1.841350078582763672e+00
1.872000000000000108e+00,1.764733791351318359e+00
1.872999999999999998e+00,1.783227324485778809e+00
1.874000000000000110e+00,1.815172910690307617e+00
1.875000000000000000e+00,1.856321334838867188e+00
1.875999999999999890e+00,1.783513426780700684e+00
1.877000000000000002e+00,1.877569913864135742e+00
1.877999999999999892e+00,1.812782049179077148e+00
1.879000000000000004e+00,1.819286108016967773e+00
1.879999999999999893e+00,1.769339323043823242e+00
1.881000000000000005e+00,1.831570386886596680e+00
1.881999999999999895e+00,1.865547299385070801e+00
1.883000000000000007e+00,1.813063502311706543e+00
1.883999999999999897e+00,1.765889883041381836e+00
1.885000000000000009e+00,1.826689124107360840e+00
1.885999999999999899e+00,1.753625392913818359e+00
1.887000000000000011e+00,1.769987940788269043e+00
1.887999999999999901e+00,1.692296981811523438e+00
1.889000000000000012e+00,1.707484483718872070e+00
1.889999999999999902e+00,1.784785985946655273e+00
1.891000000000000014e+00,1.759217381477355957e+00
1.891999999999999904e+00,1.774191617965698242e+00
1.893000000000000016e+00,1.815833330154418945e+00
1.893999999999999906e+00,1.735492825508117676e+00
1.895000000000000018e+00,1.736756443977355957e+00
1.895999999999999908e+00,1.760072827339172363e+00
1.897000000000000020e+00,1.751121520996093750e+00
1.897999999999999909e+00,1.724699139595031738e+00
1.899000000000000021e+00,1.806890010833740234e+00
1.899999999999999911e+00,1.818248152732849121e+00
1.901000000000000023e+00,1.749445319175720215e+00
1.901999999999999913e+00,1.770866990089416504e+00
1.903000000000000025e+00,1.788213253021240234e+00
1.903999999999999915e+00,1.791263699531555176e+00
1.905000000000000027e+00,1.787314176559448242e+00
1.905999999999999917e+00,1.793114066123962402e+00
1.907000000000000028e+00,1.839062571525573730e+00
1.907999999999999918e+00,1.736991405487060547e+00
1.909000000000000030e+00,1.720196604728698730e+00
1.909999999999999920e+00,1.685000061988830566e+00
1.911000000000000032e+00,1.724314451217651367e+00
1.911999999999999922e+00,1.706064462661743164e+00
1.913000000000000034e+00,1.766684293746948242e+00
1.913999999999999924e+00,1.789981245994567871e+00
1.915000000000000036e+00,1.744670391082763672e+00
1.915999999999999925e+00,1.776749134063720703e+00
1.917000000000000037e+00,1.771025419235229492e+00
1.917999999999999927e+00,1.751966357231140137e+00
1.919000000000000039e+00,1.812584996223449707e+00
1.919999999999999929e+00,1.702876567840576172e+00
1.921000000000000041e+00,1.793995976448059082e+00
1.921999999999999931e+00,1.734169244766235352e+00
1.923000000000000043e+00,1.710455179214477539e+00
1.923999999999999932e+00,1.667834639549255371e+00
1.925000000000000044e+00,1.712884664535522461e+00
1.925999999999999934e+00,1.745167493820190430e+00
1.927000000000000046e+00,1.745912909507751465e+00
1.927999999999999936e+00,1.696993827819824219e+00
1.929000000000000048e+00,1.733948588371276855e+00
1.929999999999999938e+00,1.690532207489013672e+00
1.931000000000000050e+00,1.679009199142456055e+00
1.931999999999999940e+00,1.634570956230163574e+00
1.933000000000000052e+00,1.720596790313720703e+00
1.933999999999999941e+00,1.763374328613281250e+00
1.935000000000000053e+00,1.611021757125854492e+00
1.935999999999999943e+00,1.715979576110839844e+00
1.937000000000000055e+00,1.665308952331542969e+00
1.937999999999999945e+00,1.755762696266174316e+00
1.939000000000000057e+00,1.741465210914611816e+00
1.939999999999999947e+00,1.777495741844177246e+00
1.941000000000000059e+00,1.762100696563720703e+00
1.941999999999999948e+00,1.758796930313110352e+00
1.943000000000000060e+00,1.716663360595703125e+00
1.943999999999999950e+00,1.756285667419433594e+00
1.945000000000000062e+00,1.651541471481323242e+00
1.945999999999999952e+00,1.742373228073120117e+00
1.947000000000000064e+00,1.688161492347717285e+00
1.947999999999999954e+00,1.849423408508300781e+00
1.949000000000000066e+00,1.704658389091491699e+00
1.949999999999999956e+00,1.684909343719482422e+00
1.951000000000000068e+00,1.662733316421508789e+00
1.951999999999999957e+00,1.742460966110229492e+00
1.953000000000000069e+00,1.697174191474914551e+00
1.953999999999999959e+00,1.637066125869750977e+00
1.955000000000000071e+00,1.633103132247924805e+00
1.955999999999999961e+00,1.750290989875793457e+00
1.957000000000000073e+00,1.680467128753662109e+00
1.957999999999999963e+00,1.631102442741394043e+00
1.959000000000000075e+00,1.673027157783508301e+00
1.959999999999999964e+00,1.672035694122314453e+00
1.961000000000000076e+00,1.624488830566406250e+00
1.961999999999999966e+00,1.746745586395263672e+00
1.963000000000000078e+00,1.615986347198486328e+00
1.963999999999999968e+00,1.723026752471923828e+00
1.965000000000000080e+00,1.702651858329772949e+00
1.965999999999999970e+00,1.687481284141540527e+00
1.967000000000000082e+00,1.737666845321655273e+00
1.967999999999999972e+00,1.721678972244262695e+00
1.969000000000000083e+00,1.680102825164794922e+00
1.969999999999999973e+00,1.718059659004211426e+00
1.971000000000000085e+00,1.641967535018920898e+00
1.971999999999999975e+00,1.632900118827819824e+00
1.973000000000000087e+00,1.644358515739440918e+00
1.973999999999999977e+00,1.667727470397949219e+00
1.975000000000000089e+00,1.628973960876464844e+00
1.975999999999999979e+00,1.664512157440185547e+00
1.977000000000000091e+00,1.660338044166564941e+00
1.977999999999999980e+00,1.645909070968627930e+00
1.979000000000000092e+00,1.591793775558471680e+00
1.979999999999999982e+00,1.643241047859191895e+00
1.981000000000000094e+00,1.687980175018310547e+00
1.981999999999999984e+00,1.642511129379272461e+00
1.983000000000000096e+00,1.563071250915527344e+00
1.983999999999999986e+00,1.653116226196289062e+00
1.985000000000000098e+00,1.751004934310913086e+00
1.985999999999999988e+00,1.776332736015319824e+00
1.987000000000000099e+00,1.716722846031188965e+00
1.987999999999999989e+00,1.659231424331665039e+00
1.989000000000000101e+00,1.707618951797485352e+00
1.989999999999999991e+00,1.721026897430419922e+00
1.991000000000000103e+00,1.657292962074279785e+00
1.991999999999999993e+00,1.723722457885742188e+00
1.993000000000000105e+00,1.665890932083129883e+00
1.993999999999999995e+00,1.709306240081787109e+00
1.995000000000000107e+00,1.706154227256774902e+00
1.995999999999999996e+00,1.668110013008117676e+00
1.997000000000000108e+00,1.741172194480895996e+00
1.997999999999999998e+00,1.734801650047302246e+00
1.999000000000000110e+00,1.721590042114257812e+00
2.000000000000000000e+00,1.762202262878417969e+00
2.000999999999999890e+00,1.678462028503417969e+00
2.001999999999999780e+00,1.761811256408691406e+00
2.003000000000000114e+00,1.723766922950744629e+00
2.004000000000000004e+00,1.751281738281250000e+00
2.004999999999999893e+00,1.780865311622619629e+00
2.005999999999999783e+00,1.759420514106750488e+00
2.007000000000000117e+00,1.730369806289672852e+00
2.008000000000000007e+00,1.736991405487060547e+00
2.008999999999999897e+00,1.754832506179809570e+00
2.009999999999999787e+00,1.788626909255981445e+00
2.011000000000000121e+00,1.692357182502746582e+00
2.012000000000000011e+00,1.721426963806152344e+00
2.012999999999999901e+00,1.763374328613281250e+00
2.013999999999999790e+00,1.755297780036926270e+00
2.015000000000000124e+00,1.767276287078857422e+00
2.016000000000000014e+00,1.760666966438293457e+00
2.016999999999999904e+00,1.694104909896850586e+00
2.017999999999999794e+00,1.657723903656005859e+00
2.019000000000000128e+00,1.759391427040100098e+00
2.020000000000000018e+00,1.786543250083923340e+00
2.020999999999999908e+00,1.749022483825683594e+00
2.021999999999999797e+00,1.752199172973632812e+00
2.023000000000000131e+00,1.721723318099975586e+00
2.024000000000000021e+00,1.686105012893676758e+00
2.024999999999999911e+00,1.674535989761352539e+00
2.025999999999999801e+00,1.714313626289367676e+00
2.027000000000000135e+00,1.771270275115966797e+00
2.028000000000000025e+00,1.636162042617797852e+00
2.028999999999999915e+00,1.656384587287902832e+00
2.029999999999999805e+00,1.716262102127075195e+00
2.031000000000000139e+00,1.782053828239440918e+00
2.032000000000000028e+00,1.724432826042175293e+00
2.032999999999999918e+00,1.751441955566406250e+00
2.033999999999999808e+00,1.763258695602416992e+00
2.035000000000000142e+00,1.710291028022766113e+00
2.036000000000000032e+00,1.696527719497680664e+00
2.036999999999999922e+00,1.745065212249755859e+00
2.037999999999999812e+00,1.758637309074401855e+00
2.039000000000000146e+00,1.712482452392578125e+00
2.040000000000000036e+00,1.675251960754394531e+00
2.040999999999999925e+00,1.701467752456665039e+00
2.041999999999999815e+00,1.831361532211303711e+00
2.043000000000000149e+00,1.856980919837951660e+00
2.044000000000000039e+00,1.788954854011535645e+00
2.044999999999999929e+00,1.825319766998291016e+00
2.045999999999999819e+00,1.796411752700805664e+00
2.047000000000000153e+00,1.798313736915588379e+00
2.048000000000000043e+00,1.875856995582580566e+00
2.048999999999999932e+00,1.764863848686218262e+00
2.049999999999999822e+00,1.826130270957946777e+00
2.051000000000000156e+00,1.811360120773315430e+00
2.052000000000000046e+00,1.739061117172241211e+00
2.052999999999999936e+00,1.763099551200866699e+00
2.053999999999999826e+00,1.722093820571899414e+00
2.055000000000000160e+00,1.725261092185974121e+00
2.056000000000000050e+00,1.715682268142700195e+00
2.056999999999999940e+00,1.753581881523132324e+00
2.057999999999999829e+00,1.740190267562866211e+00
2.059000000000000163e+00,1.746774792671203613e+00
2.060000000000000053e+00,1.766973018646240234e+00
2.060999999999999943e+00,1.734125137329101562e+00
2.061999999999999833e+00,1.683076143264770508e+00
2.063000000000000167e+00,1.722167849540710449e+00
2.064000000000000057e+00,1.734787106513977051e+00
2.064999999999999947e+00,1.718609094619750977e+00
2.065999999999999837e+00,1.695850968360900879e+00
2.067000000000000171e+00,1.650738000869750977e+00
2.068000000000000060e+00,1.718044877052307129e+00
2.068999999999999950e+00,1.715414524078369141e+00
2.069999999999999840e+00,1.738430261611938477e+00
2.071000000000000174e+00,1.730590939521789551e+00
2.072000000000000064e+00,1.780249118804931641e+00
2.072999999999999954e+00,1.820155382156372070e+00
2.073999999999999844e+00,1.747592449188232422e+00
2.075000000000000178e+00,1.784728765487670898e+00
2.076000000000000068e+00,1.779575467109680176e+00
2.076999999999999957e+00,1.823502063751220703e+00
2.077999999999999847e+00,1.844187974929809570e+00
2.079000000000000181e+00,1.793910503387451172e+00
2.080000000000000071e+00,1.863152742385864258e+00
2.080999999999999961e+00,1.743441700935363770e+00
2.081999999999999851e+00,1.771299123764038086e+00
2.083000000000000185e+00,1.739075779914855957e+00
2.084000000000000075e+00,1.855661630630493164e+00
2.084999999999999964e+00,1.818192005157470703e+00
2.085999999999999854e+00,1.787613868713378906e+00
2.087000000000000188e+00,1.757665157318115234e+00
2.088000000000000078e+00,1.716945648193359375e+00
2.088999999999999968e+00,1.721501231193542480e+00
2.089999999999999858e+00,1.742709875106811523e+00
2.091000000000000192e+00,1.782740950584411621e+00
2.092000000000000082e+00,1.822886347770690918e+00
2.092999999999999972e+00,1.948631525039672852e+00
2.093999999999999861e+00,1.746774792671203613e+00
2.095000000000000195e+00,1.726295828819274902e+00
2.096000000000000085e+00,1.798441410064697266e+00
2.096999999999999975e+00,1.817672729492187500e+00
2.097999999999999865e+00,1.746657967567443848e+00
2.099000000000000199e+00,1.717123985290527344e+00
2.100000000000000089e+00,1.821346282958984375e+00
2.100999999999999979e+00,1.777481317520141602e+00
2.101999999999999869e+00,1.822046518325805664e+00
2.103000000000000203e+00,1.811148881912231445e+00
2.104000000000000092e+00,1.830748438835144043e+00
2.104999999999999982e+00,1.769397020339965820e+00
2.105999999999999872e+00,1.741684913635253906e+00
2.107000000000000206e+00,1.719232320785522461e+00
2.108000000000000096e+00,1.735918998718261719e+00
2.108999999999999986e+00,1.693969368934631348e+00
2.109999999999999876e+00,1.731062531471252441e+00
2.111000000000000210e+00,1.751179814338684082e+00
2.112000000000000099e+00,1.739163637161254883e+00
2.112999999999999989e+00,1.721426963806152344e+00
2.113999999999999879e+00,1.664573431015014648e+00
2.115000000000000213e+00,1.658477902412414551e+00
2.116000000000000103e+00,1.668629765510559082e+00
2.116999999999999993e+00,1.688131213188171387e+00
2.117999999999999883e+00,1.751106977462768555e+00
2.119000000000000217e+00,1.764806032180786133e+00
2.120000000000000107e+00,1.744348764419555664e+00
2.120999999999999996e+00,1.724048137664794922e+00
2.121999999999999886e+00,1.753829121589660645e+00
2.123000000000000220e+00,1.767810344696044922e+00
2.124000000000000110e+00,1.838576912879943848e+00
2.125000000000000000e+00,1.755472183227539062e+00
2.125999999999999890e+00,1.740967035293579102e+00
2.126999999999999780e+00,1.704613447189331055e+00
2.128000000000000114e+00,1.688010215759277344e+00
2.129000000000000004e+00,1.688675165176391602e+00
2.129999999999999893e+00,1.659692645072937012e+00
2.130999999999999783e+00,1.679313063621520996e+00
2.132000000000000117e+00,1.712512016296386719e+00
2.133000000000000007e+00,1.710977077484130859e+00
2.133999999999999897e+00,1.718044877052307129e+00
2.134999999999999787e+00,1.781495571136474609e+00
2.136000000000000121e+00,1.702217340469360352e+00
2.137000000000000011e+00,1.694135069847106934e+00
2.137999999999999901e+00,1.739515781402587891e+00
2.138999999999999790e+00,1.660522460937500000e+00
2.140000000000000124e+00,1.764126539230346680e+00
2.141000000000000014e+00,1.792260289192199707e+00
2.141999999999999904e+00,1.698000669479370117e+00
2.142999999999999794e+00,1.795403242111206055e+00
2.144000000000000128e+00,1.729942083358764648e+00
2.145000000000000018e+00,1.734257459640502930e+00
2.145999999999999908e+00,1.699667572975158691e+00
2.146999999999999797e+00,1.684788227081298828e+00
2.148000000000000131e+00,1.794820547103881836e+00
2.149000000000000021e+00,1.787428379058837891e+00
2.149999999999999911e+00,1.789739131927490234e+00
2.150999999999999801e+00,1.711886405944824219e+00
2.152000000000000135e+00,1.703131198883056641e+00
2.153000000000000025e+00,1.742958784103393555e+00
2.153999999999999915e+00,1.747096061706542969e+00
2.154999999999999805e+00,1.805350303649902344e+00
2.156000000000000139e+00,1.696467518806457520e+00
2.157000000000000028e+00,1.724891424179077148e+00
2.157999999999999918e+00,1.751660585403442383e+00
2.158999999999999808e+00,1.778457045555114746e+00
2.160000000000000142e+00,1.785143375396728516e+00
2.161000000000000032e+00,1.723530173301696777e+00
2.161999999999999922e+00,1.758289098739624023e+00
2.162999999999999812e+00,1.784685850143432617e+00
2.164000000000000146e+00,1.783670783042907715e+00
2.165000000000000036e+00,1.857502698898315430e+00
2.165999999999999925e+00,1.859602928161621094e+00
2.166999999999999815e+00,1.777495741844177246e+00
2.168000000000000149e+00,1.792445182800292969e+00
2.169000000000000039e+00,1.675160527229309082e+00
2.169999999999999929e+00,1.706841945648193359e+00
2.170999999999999819e+00,1.779561161994934082e+00
2.172000000000000153e+00,1.866531610488891602e+00
2.173000000000000043e+00,1.791035652160644531e+00
2.173999999999999932e+00,1.827526688575744629e+00
2.174999999999999822e+00,1.803073883056640625e+00
2.176000000000000156e+00,1.776993274688720703e+00
2.177000000000000046e+00,1.800539493560791016e+00
2.177999999999999936e+00,1.893858194351196289e+00
2.178999999999999826e+00,1.868362188339233398e+00
2.180000000000000160e+00,1.924789547920227051e+00
2.181000000000000050e+00,1.855620265007019043e+00
2.181999999999999940e+00,1.791149616241455078e+00
2.182999999999999829e+00,1.801417827606201172e+00
2.184000000000000163e+00,1.686483144760131836e+00
2.185000000000000053e+00,1.692040681838989258e+00
2.185999999999999943e+00,1.656754136085510254e+00
2.186999999999999833e+00,1.765918731689453125e+00
2.188000000000000167e+00,1.799760103225708008e+00
2.189000000000000057e+00,1.756213188171386719e+00
2.189999999999999947e+00,1.841682434082031250e+00
2.190999999999999837e+00,1.762144327163696289e+00
2.192000000000000171e+00,1.802974939346313477e+00
2.193000000000000060e+00,1.714789867401123047e+00
2.193999999999999950e+00,1.739295721054077148e+00
2.194999999999999840e+00,1.774234771728515625e+00
2.196000000000000174e+00,1.850030183792114258e+00
2.197000000000000064e+00,1.827764034271240234e+00
2.197999999999999954e+00,1.796553730964660645e+00
2.198999999999999844e+00,1.796127676963806152e+00
2.200000000000000178e+00,1.838077425956726074e+00
2.201000000000000068e+00,1.886894583702087402e+00
2.201999999999999957e+00,1.903639435768127441e+00
2.202999999999999847e+00,1.864384531974792480e+00
2.204000000000000181e+00,1.901883006095886230e+00
2.205000000000000071e+00,1.910608768463134766e+00
2.205999999999999961e+00,1.881573677062988281e+00
2.206999999999999851e+00,1.838576912879943848e+00
2.208000000000000185e+00,1.960040330886840820e+00
2.209000000000000075e+00,1.952228426933288574e+00
2.209999999999999964e+00,1.925187110900878906e+00
2.210999999999999854e+00,1.829103469848632812e+00
2.212000000000000188e+00,1.957435488700866699e+00
2.213000000000000078e+00,1.933490991592407227e+00
2.213999999999999968e+00,1.904309272766113281e+00
2.214999999999999858e+00,1.997875928878784180e+00
2.216000000000000192e+00,1.975868463516235352e+00
2.217000000000000082e+00,1.983162760734558105e+00
2.217999999999999972e+00,1.876251220703125000e+00
2.218999999999999861e+00,1.970127582550048828e+00
2.220000000000000195e+00,1.876577734947204590e+00
2.221000000000000085e+00,1.776375889778137207e+00
2.221999999999999975e+00,1.957135677337646484e+00
2.222999999999999865e+00,1.767319440841674805e+00
2.224000000000000199e+00,1.824830651283264160e+00
2.225000000000000089e+00,1.823529958724975586e+00
2.225999999999999979e+00,1.786471843719482422e+00
2.226999999999999869e+00,1.787999153137207031e+00
2.228000000000000203e+00,1.771990299224853516e+00
2.229000000000000092e+00,1.875054359436035156e+00
2.229999999999999982e+00,1.857186794281005859e+00
2.230999999999999872e+00,1.839700460433959961e+00
2.232000000000000206e+00,1.889407753944396973e+00
2.233000000000000096e+00,1.848319530487060547e+00
2.233999999999999986e+00,1.868225574493408203e+00
2.234999999999999876e+00,1.693773746490478516e+00
2.236000000000000210e+00,1.774996638298034668e+00
2.237000000000000099e+00,1.818584799766540527e+00
2.237999999999999989e+00,1.884675979614257812e+00
2.238999999999999879e+00,1.867324233055114746e+00
2.240000000000000213e+00,1.903719782829284668e+00
2.241000000000000103e+00,1.967095136642456055e+00
2.241999999999999993e+00,1.887543439865112305e+00
2.242999999999999883e+00,1.855867862701416016e+00
2.244000000000000217e+00,1.938314199447631836e+00
2.245000000000000107e+00,2.019555091857910156e+00
2.245999999999999996e+00,1.944726228713989258e+00
2.246999999999999886e+00,1.906959891319274902e+00
2.248000000000000220e+00,2.004988431930541992e+00
2.249000000000000110e+00,1.917020201683044434e+00
2.250000000000000000e+00,1.963005661964416504e+00
2.250999999999999890e+00,1.929184794425964355e+00
2.251999999999999780e+00,1.960105419158935547e+00
2.253000000000000114e+00,1.900715708732604980e+00
2.254000000000000004e+00,1.852345466613769531e+00
2.254999999999999893e+00,1.967717528343200684e+00
2.255999999999999783e+00,1.937089681625366211e+00
2.257000000000000117e+00,1.949861764907836914e+00
2.258000000000000007e+00,1.908644914627075195e+00
2.258999999999999897e+00,1.927451848983764648e+00
2.259999999999999787e+00,1.930599331855773926e+00
2.261000000000000121e+00,1.950280427932739258e+00
2.262000000000000011e+00,1.992223858833312988e+00
2.262999999999999901e+00,1.837064027786254883e+00
2.263999999999999790e+00,2.012760162353515625e+00
2.265000000000000124e+00,1.876564025878906250e+00
2.266000000000000014e+00,1.998871564865112305e+00
2.266999999999999904e+00,1.928497076034545898e+00
2.267999999999999794e+00,1.892645478248596191e+00
2.269000000000000128e+00,1.928272128105163574e+00
2.270000000000000018e+00,1.824313282966613770e+00
2.270999999999999908e+00,1.875775456428527832e+00
2.271999999999999797e+00,1.836397409439086914e+00
2.273000000000000131e+00,1.832071781158447266e+00
2.274000000000000021e+00,1.822172403335571289e+00
2.274999999999999911e+00,1.792801022529602051e+00
2.275999999999999801e+00,1.798852682113647461e+00
2.277000000000000135e+00,1.783728003501892090e+00
2.278000000000000025e+00,1.794280290603637695e+00
2.278999999999999915e+00,1.842651844024658203e+00
2.279999999999999805e+00,1.914157152175903320e+00
2.281000000000000139e+00,1.921805143356323242e+00
2.282000000000000028e+00,1.866025805473327637e+00
2.282999999999999918e+00,1.845225214958190918e+00
2.283999999999999808e+00,1.976849436759948730e+00
2.285000000000000142e+00,1.918443679809570312e+00
2.286000000000000032e+00,1.931154131889343262e+00
2.286999999999999922e+00,1.979261159896850586e+00
2.287999999999999812e+00,1.913170576095581055e+00
2.289000000000000146e+00,1.926154136657714844e+00
2.290000000000000036e+00,1.972327470779418945e+00
2.290999999999999925e+00,1.853887319564819336e+00
2.291999999999999815e+00,1.891553401947021484e+00
2.293000000000000149e+00,1.953260421752929688e+00
2.294000000000000039e+00,1.914836645126342773e+00
2.294999999999999929e+00,1.933490991592407227e+00
2.295999999999999819e+00,1.958621144294738770e+00
2.297000000000000153e+00,1.877936601638793945e+00
2.298000000000000043e+00,1.962732672691345215e+00
2.298999999999999932e+00,2.023782253265380859e+00
2.299999999999999822e+00,1.956092715263366699e+00
2.301000000000000156e+00,1.873911142349243164e+00
2.302000000000000046e+00,1.831431150436401367e+00
2.302999999999999936e+00,1.923410773277282715e+00
2.303999999999999826e+00,1.934744119644165039e+00
2.305000000000000160e+00,1.936668157577514648e+00
2.306000000000000050e+00,1.870286464691162109e+00
2.306999999999999940e+00,1.846607208251953125e+00
2.307999999999999829e+00,1.887948989868164062e+00
2.309000000000000163e+00,1.869563341140747070e+00
2.310000000000000053e+00,1.916354775428771973e+00
2.310999999999999943e+00,1.784271478652954102e+00
2.311999999999999833e+00,1.837758302688598633e+00
2.313000000000000167e+00,1.820337533950805664e+00
2.314000000000000057e+00,1.809077143669128418e+00
2.314999999999999947e+00,1.769541025161743164e+00
2.315999999999999837e+00,1.871213793754577637e+00
2.317000000000000171e+00,1.829689145088195801e+00
2.318000000000000060e+00,1.786928772926330566e+00
2.318999999999999950e+00,1.812683463096618652e+00
2.319999999999999840e+00,1.748395085334777832e+00
2.321000000000000174e+00,1.822998404502868652e+00
2.322000000000000064e+00,1.917392969131469727e+00
2.322999999999999954e+00,1.886488914489746094e+00
2.323999999999999844e+00,1.845321893692016602e+00
2.325000000000000178e+00,1.891270160675048828e+00
2.326000000000000068e+00,1.873366713523864746e+00
2.326999999999999957e+00,1.845432519912719727e+00
2.327999999999999847e+00,1.782655000686645508e+00
2.329000000000000181e+00,1.754396438598632812e+00
2.330000000000000071e+00,1.773716926574707031e+00
2.330999999999999961e+00,1.788954854011535645e+00
2.331999999999999851e+00,1.809739828109741211e+00
2.333000000000000185e+00,1.683939933776855469e+00
2.334000000000000075e+00,1.735419273376464844e+00
2.334999999999999964e+00,1.754934310913085938e+00
2.335999999999999854e+00,1.769151806831359863e+00
2.337000000000000188e+00,1.833964586257934570e+00
2.338000000000000078e+00,1.886975765228271484e+00
2.338999999999999968e+00,1.947780370712280273e+00
2.339999999999999858e+00,1.790024042129516602e+00
2.341000000000000192e+00,1.793426990509033203e+00
2.342000000000000082e+00,1.793355941772460938e+00
2.342999999999999972e+00,1.829814672470092773e+00
2.343999999999999861e+00,1.906745910644531250e+00
2.345000000000000195e+00,1.800199508666992188e+00
2.346000000000000085e+00,1.784728765487670898e+00
2.346999999999999975e+00,1.775528311729431152e+00
2.347999999999999865e+00,1.776892662048339844e+00
2.349000000000000199e+00,1.773371815681457520e+00
2.350000000000000089e+00,1.781839132308959961e+00
2.350999999999999979e+00,1.816015958786010742e+00
2.351999999999999869e+00,1.756372928619384766e+00
2.353000000000000203e+00,1.945854187011718750e+00
2.354000000000000092e+00,1.808738589286804199e+00
2.354999999999999982e+00,1.835660934448242188e+00
2.355999999999999872e+00,1.870054602622985840e+00
2.357000000000000206e+00,1.793327450752258301e+00
2.358000000000000096e+00,1.801899194717407227e+00
2.358999999999999986e+00,1.895177841186523438e+00
2.359999999999999876e+00,1.929872274398803711e+00
2.361000000000000210e+00,1.874142646789550781e+00
2.362000000000000099e+00,1.868129968643188477e+00
2.362999999999999989e+00,1.826116323471069336e+00
2.363999999999999879e+00,1.827540636062622070e+00
2.365000000000000213e+00,1.799292325973510742e+00
2.366000000000000103e+00,1.838951587677001953e+00
2.366999999999999993e+00,1.801984190940856934e+00
2.367999999999999883e+00,1.728702902793884277e+00
2.369000000000000217e+00,1.828559398651123047e+00
2.370000000000000107e+00,1.848360896110534668e+00
2.370999999999999996e+00,1.805477619171142578e+00
2.371999999999999886e+00,1.757636070251464844e+00
2.373000000000000220e+00,1.797873973846435547e+00
2.374000000000000110e+00,1.854864120483398438e+00
2.375000000000000000e+00,1.803385138511657715e+00
2.375999999999999890e+00,1.885082006454467773e+00
2.376999999999999780e+00,1.822382330894470215e+00
2.378000000000000114e+00,1.786157608032226562e+00
2.379000000000000004e+00,1.807186484336853027e+00
2.379999999999999893e+00,1.741670250892639160e+00
2.380999999999999783e+00,1.770564317703247070e+00
2.382000000000000117e+00,1.738635540008544922e+00
2.383000000000000007e+00,1.781252026557922363e+00
2.383999999999999897e+00,1.686543703079223633e+00
2.384999999999999787e+00,1.659769535064697266e+00
2.386000000000000121e+00,1.710693717002868652e+00
2.387000000000000011e+00,1.731681346893310547e+00
2.387999999999999901e+00,1.854465126991271973e+00
2.388999999999999790e+00,1.734169244766235352e+00
2.390000000000000124e+00,1.780363798141479492e+00
2.391000000000000014e+00,1.758260130882263184e+00
2.391999999999999904e+00,1.762318015098571777e+00
2.392999999999999794e+00,1.759086847305297852e+00
2.394000000000000128e+00,1.773544430732727051e+00
2.395000000000000018e+00,1.730266571044921875e+00
2.395999999999999908e+00,1.766713142395019531e+00
2.396999999999999797e+00,1.789282798767089844e+00
2.398000000000000131e+00,1.835285544395446777e+00
2.399000000000000021e+00,1.818725109100341797e+00
2.399999999999999911e+00,1.801984190940856934e+00
2.400999999999999801e+00,1.826228022575378418e+00
2.402000000000000135e+00,1.813865303993225098e+00
2.403000000000000025e+00,1.780249118804931641e+00
2.403999999999999915e+00,1.753479957580566406e+00
2.404999999999999805e+00,1.818851351737976074e+00
2.406000000000000139e+00,1.837952375411987305e+00
2.407000000000000028e+00,1.875258564949035645e+00
2.407999999999999918e+00,1.843966722488403320e+00
2.408999999999999808e+00,1.945290327072143555e+00
2.410000000000000142e+00,1.852730989456176758e+00
2.411000000000000032e+00,1.854492545127868652e+00
2.411999999999999922e+00,1.851601600646972656e+00
2.412999999999999812e+00,1.811754465103149414e+00
2.414000000000000146e+00,1.852111220359802246e+00
2.415000000000000036e+00,1.865218997001647949e+00
2.415999999999999925e+00,1.841737985610961914e+00
2.416999999999999815e+00,1.776174783706665039e+00
2.418000000000000149e+00,1.777179956436157227e+00
2.419000000000000039e+00,1.794266104698181152e+00
2.419999999999999929e+00,1.792174816131591797e+00
2.420999999999999819e+00,1.750436782836914062e+00
2.422000000000000153e+00,1.794735193252563477e+00
2.423000000000000043e+00,1.746541142463684082e+00
2.423999999999999932e+00,1.844049692153930664e+00
2.424999999999999822e+00,1.802154064178466797e+00
2.426000000000000156e+00,1.739281177520751953e+00
2.427000000000000046e+00,1.755472183227539062e+00
2.427999999999999936e+00,1.733786821365356445e+00
2.428999999999999826e+00,1.807087659835815430e+00
2.430000000000000160e+00,1.758898377418518066e+00
2.431000000000000050e+00,1.783213019371032715e+00
2.431999999999999940e+00,1.788797974586486816e+00
2.432999999999999829e+00,1.870532035827636719e+00
2.434000000000000163e+00,1.760290265083312988e+00
2.435000000000000053e+00,1.777854442596435547e+00
2.435999999999999943e+00,1.701347827911376953e+00
2.436999999999999833e+00,1.696482658386230469e+00
2.438000000000000167e+00,1.784414291381835938e+00
2.439000000000000057e+00,1.775082826614379883e+00
2.439999999999999947e+00,1.708694219589233398e+00
2.440999999999999837e+00,1.691920042037963867e+00
2.442000000000000171e+00,1.739207744598388672e+00
2.443000000000000060e+00,1.680193901062011719e+00
2.443999999999999950e+00,1.746570348739624023e+00
2.444999999999999840e+00,1.710365772247314453e+00
2.446000000000000174e+00,1.763533473014831543e+00
2.447000000000000064e+00,1.834854602813720703e+00
2.447999999999999954e+00,1.743456244468688965e+00
2.448999999999999844e+00,1.751398324966430664e+00
2.450000000000000178e+00,1.750553250312805176e+00
2.451000000000000068e+00,1.767867922782897949e+00
2.451999999999999957e+00,1.764083147048950195e+00
2.452999999999999847e+00,1.714596509933471680e+00
2.454000000000000181e+00,1.771054267883300781e+00
2.455000000000000071e+00,1.762057423591613770e+00
2.455999999999999961e+00,1.820421695709228516e+00
2.456999999999999851e+00,1.680512666702270508e+00
2.458000000000000185e+00,1.682560682296752930e+00
2.459000000000000075e+00,1.719083905220031738e+00
2.459999999999999964e+00,1.759086847305297852e+00
2.460999999999999854e+00,1.801290273666381836e+00
2.462000000000000188e+00,1.866682052612304688e+00
2.463000000000000078e+00,1.859863519668579102e+00
2.463999999999999968e+00,1.818023681640625000e+00
2.464999999999999858e+00,1.801049590110778809e+00
2.466000000000000192e+00,1.771515130996704102e+00
2.467000000000000082e+00,1.704538583755493164e+00
2.467999999999999972e+00,1.714596509933471680e+00
2.468999999999999861e+00,1.740571379661560059e+00
2.470000000000000195e+00,1.779102563858032227e+00
2.471000000000000085e+00,1.758869409561157227e+00
2.471999999999999975e+00,1.788655400276184082e+00
2.472999999999999865e+00,1.719692230224609375e+00
2.474000000000000199e+00,1.799760103225708008e+00
2.475000000000000089e+00,1.734698891639709473e+00
2.475999999999999979e+00,1.779360532760620117e+00
2.476999999999999869e+00,1.833602905273437500e+00
2.478000000000000203e+00,1.816872596740722656e+00
2.479000000000000092e+00,1.758202075958251953e+00
2.479999999999999982e+00,1.831751465797424316e+00
2.480999999999999872e+00,1.903800249099731445e+00
2.482000000000000206e+00,1.926419138908386230e+00
2.483000000000000096e+00,1.918762803077697754e+00
2.483999999999999986e+00,1.880868554115295410e+00
2.484999999999999876e+00,1.825194120407104492e+00
2.486000000000000210e+00,1.889866709709167480e+00
2.487000000000000099e+00,1.780807971954345703e+00
2.487999999999999989e+00,1.780449748039245605e+00
2.488999999999999879e+00,1.842956423759460449e+00
2.490000000000000213e+00,1.873380184173583984e+00
2.491000000000000103e+00,1.822032451629638672e+00
2.491999999999999993e+00,1.829368472099304199e+00
2.492999999999999883e+00,1.821500301361083984e+00
2.494000000000000217e+00,1.842222690582275391e+00
2.495000000000000107e+00,1.819356203079223633e+00
2.495999999999999996e+00,1.818318367004394531e+00
2.496999999999999886e+00,1.811500906944274902e+00
2.498000000000000220e+00,1.778041005134582520e+00
2.499000000000000110e+00,1.740673899650573730e+00
2.500000000000000000e+00,1.658231735229492188e+00
2.500999999999999890e+00,1.721604943275451660e+00
2.501999999999999780e+00,1.769512295722961426e+00
2.503000000000000114e+00,1.803172945976257324e+00
2.504000000000000004e+00,1.775399208068847656e+00
2.504999999999999893e+00,1.783027052879333496e+00
2.505999999999999783e+00,1.824215412139892578e+00
2.507000000000000117e+00,1.745313644409179688e+00
2.508000000000000007e+00,1.744611859321594238e+00
2.508999999999999897e+00,1.757142543792724609e+00
2.509999999999999787e+00,1.716960549354553223e+00
2.511000000000000121e+00,1.726665258407592773e+00
2.512000000000000011e+00,1.721100926399230957e+00
2.512999999999999901e+00,1.737975120544433594e+00
2.513999999999999790e+00,1.751718759536743164e+00
2.515000000000000124e+00,1.701692581176757812e+00
2.516000000000000014e+00,1.630664467811584473e+00
2.516999999999999904e+00,1.668033480644226074e+00
2.517999999999999794e+00,1.760927677154541016e+00
2.519000000000000128e+00,1.649454832077026367e+00
2.520000000000000018e+00,1.771702289581298828e+00
2.520999999999999908e+00,1.650305271148681641e+00
2.521999999999999797e+00,1.709798693656921387e+00
2.523000000000000131e+00,1.681074142456054688e+00
2.524000000000000021e+00,1.680072426795959473e+00
2.524999999999999911e+00,1.643411874771118164e+00
2.525999999999999801e+00,1.633462309837341309e+00
2.527000000000000135e+00,1.616586208343505859e+00
2.528000000000000025e+00,1.655521869659423828e+00
2.528999999999999915e+00,1.648557424545288086e+00
2.529999999999999805e+00,1.743207573890686035e+00
2.531000000000000139e+00,1.702202320098876953e+00
2.532000000000000028e+00,1.719425201416015625e+00
2.532999999999999918e+00,1.775111556053161621e+00
2.533999999999999808e+00,1.681954264640808105e+00
2.535000000000000142e+00,1.625211000442504883e+00
2.536000000000000032e+00,1.689400076866149902e+00
2.536999999999999922e+00,1.753887414932250977e+00
2.537999999999999812e+00,1.745722889900207520e+00
2.539000000000000146e+00,1.720478415489196777e+00
2.540000000000000036e+00,1.736447930335998535e+00
2.540999999999999925e+00,1.679024457931518555e+00
2.541999999999999815e+00,1.621533632278442383e+00
2.543000000000000149e+00,1.738488912582397461e+00
2.544000000000000039e+00,1.705944776535034180e+00
2.544999999999999929e+00,1.769209504127502441e+00
2.545999999999999819e+00,1.684712409973144531e+00
2.547000000000000153e+00,1.700282812118530273e+00
2.548000000000000043e+00,1.765181899070739746e+00
2.548999999999999932e+00,1.673255920410156250e+00
2.549999999999999822e+00,1.673057675361633301e+00
2.551000000000000156e+00,1.740234136581420898e+00
2.552000000000000046e+00,1.765557646751403809e+00
2.552999999999999936e+00,1.795985698699951172e+00
2.553999999999999826e+00,1.785986304283142090e+00
2.555000000000000160e+00,1.702382087707519531e+00
2.556000000000000050e+00,1.710723638534545898e+00
2.556999999999999940e+00,1.775700807571411133e+00
2.557999999999999829e+00,1.867173910140991211e+00
2.559000000000000163e+00,1.774838566780090332e+00
2.560000000000000053e+00,1.841737985610961914e+00
2.560999999999999943e+00,1.810655832290649414e+00
2.561999999999999833e+00,1.807341694831848145e+00
2.563000000000000167e+00,1.895352721214294434e+00
2.564000000000000057e+00,1.853529453277587891e+00
2.564999999999999947e+00,1.850361227989196777e+00
2.565999999999999837e+00,1.870586633682250977e+00
2.567000000000000171e+00,1.754599928855895996e+00
2.568000000000000060e+00,1.851339817047119141e+00
2.568999999999999950e+00,1.785514831542968750e+00
2.569999999999999840e+00,1.894437193870544434e+00
2.571000000000000174e+00,1.837841510772705078e+00
2.572000000000000064e+00,1.803172945976257324e+00
2.572999999999999954e+00,1.825082182884216309e+00
2.573999999999999844e+00,1.812570810317993164e+00
2.575000000000000178e+00,1.847449779510498047e+00
2.576000000000000068e+00,1.823250174522399902e+00
2.576999999999999957e+00,1.833547234535217285e+00
2.577999999999999847e+00,1.846855878829956055e+00
2.579000000000000181e+00,1.788769483566284180e+00
2.580000000000000071e+00,1.820645809173583984e+00
2.580999999999999961e+00,1.677914738655090332e+00
2.581999999999999851e+00,1.719232320785522461e+00
2.583000000000000185e+00,1.710917472839355469e+00
2.584000000000000075e+00,1.664190292358398438e+00
2.584999999999999964e+00,1.745255231857299805e+00
2.585999999999999854e+00,1.817644715309143066e+00
2.587000000000000188e+00,1.791505694389343262e+00
2.588000000000000078e+00,1.798242807388305664e+00
2.588999999999999968e+00,1.731401443481445312e+00
2.589999999999999858e+00,1.713658690452575684e+00
2.591000000000000192e+00,1.747621536254882812e+00
2.592000000000000082e+00,1.664680719375610352e+00
2.592999999999999972e+00,1.748395085334777832e+00
2.593999999999999861e+00,1.781180381774902344e+00
2.595000000000000195e+00,1.788740873336791992e+00
2.596000000000000085e+00,1.757273197174072266e+00
2.596999999999999975e+00,1.656168937683105469e+00
2.597999999999999865e+00,1.705062389373779297e+00
2.599000000000000199e+00,1.713435530662536621e+00
2.600000000000000089e+00,1.716990232467651367e+00
2.600999999999999979e+00,1.802607059478759766e+00
2.601999999999999869e+00,1.821332216262817383e+00
2.603000000000000203e+00,1.733345270156860352e+00
2.604000000000000092e+00,1.749182939529418945e+00
2.604999999999999982e+00,1.772897005081176758e+00
2.605999999999999872e+00,1.738283514976501465e+00
2.607000000000000206e+00,1.685878038406372070e+00
2.608000000000000096e+00,1.657370090484619141e+00
2.608999999999999986e+00,1.733374714851379395e+00
2.609999999999999876e+00,1.779976963996887207e+00
2.611000000000000210e+00,1.773271083831787109e+00
2.612000000000000099e+00,1.773601889610290527e+00
2.612999999999999989e+00,1.705211997032165527e+00
2.613999999999999879e+00,1.645800590515136719e+00
2.615000000000000213e+00,1.612952351570129395e+00
2.616000000000000103e+00,1.696617841720581055e+00
2.616999999999999993e+00,1.669592738151550293e+00
2.617999999999999883e+00,1.699607491493225098e+00
2.619000000000000217e+00,1.650042414665222168e+00
2.620000000000000107e+00,1.674551367759704590e+00
2.620999999999999996e+00,1.590671420097351074e+00
2.621999999999999886e+00,1.593507647514343262e+00
2.623000000000000220e+00,1.659462213516235352e+00
2.624000000000000110e+00,1.596690297126770020e+00
2.625000000000000000e+00,1.573952317237854004e+00
2.625999999999999890e+00,1.711960911750793457e+00
2.626999999999999780e+00,1.579114198684692383e+00
2.628000000000000114e+00,1.593555688858032227e+00
2.629000000000000004e+00,1.589805126190185547e+00
2.629999999999999893e+00,1.582761049270629883e+00
2.630999999999999783e+00,1.584549188613891602e+00
2.632000000000000117e+00,1.634523987770080566e+00
2.633000000000000007e+00,1.684106588363647461e+00
2.633999999999999897e+00,1.761666536331176758e+00
2.634999999999999787e+00,1.744334101676940918e+00
2.636000000000000121e+00,1.743397831916809082e+00
2.637000000000000011e+00,1.819005608558654785e+00
2.637999999999999901e+00,1.826381683349609375e+00
2.638999999999999790e+00,1.762288928031921387e+00
2.640000000000000124e+00,1.772307038307189941e+00
2.641000000000000014e+00,1.915462732315063477e+00
2.641999999999999904e+00,1.817757010459899902e+00
2.642999999999999794e+00,1.720063090324401855e+00
2.644000000000000128e+00,1.764704942703247070e+00
2.645000000000000018e+00,1.757665157318115234e+00
2.645999999999999908e+00,1.722715854644775391e+00
2.646999999999999797e+00,1.747169017791748047e+00
2.648000000000000131e+00,1.766453266143798828e+00
2.649000000000000021e+00,1.813415169715881348e+00
2.649999999999999911e+00,1.726207137107849121e+00
2.650999999999999801e+00,1.781123161315917969e+00
2.652000000000000135e+00,1.777811288833618164e+00
2.653000000000000025e+00,1.821542382240295410e+00
2.653999999999999915e+00,1.803823590278625488e+00
2.654999999999999805e+00,1.766121149063110352e+00
2.656000000000000139e+00,1.698631644248962402e+00
2.657000000000000028e+00,1.788256049156188965e+00
2.657999999999999918e+00,1.782411813735961914e+00
2.658999999999999808e+00,1.811543107032775879e+00
2.660000000000000142e+00,1.873638868331909180e+00
2.661000000000000032e+00,1.858916878700256348e+00
2.661999999999999922e+00,1.809669256210327148e+00
2.662999999999999812e+00,1.877664804458618164e+00
2.664000000000000146e+00,1.842264175415039062e+00
2.665000000000000036e+00,1.773285388946533203e+00
2.665999999999999925e+00,1.804572939872741699e+00
2.666999999999999815e+00,1.795644760131835938e+00
2.668000000000000149e+00,1.789596557617187500e+00
2.669000000000000039e+00,1.798171877861022949e+00
2.669999999999999929e+00,1.802380561828613281e+00
2.670999999999999819e+00,1.856582403182983398e+00
2.672000000000000153e+00,1.822914361953735352e+00
2.673000000000000043e+00,1.842291831970214844e+00
2.673999999999999932e+00,1.828796625137329102e+00
2.674999999999999822e+00,1.900849938392639160e+00
2.676000000000000156e+00,1.802026629447937012e+00
2.677000000000000046e+00,1.746190547943115234e+00
2.677999999999999936e+00,1.782082438468933105e+00
2.678999999999999826e+00,1.728555440902709961e+00
2.680000000000000160e+00,1.815439939498901367e+00
2.681000000000000050e+00,1.834868669509887695e+00
2.681999999999999940e+00,1.898378849029541016e+00
2.682999999999999829e+00,1.827666282653808594e+00
2.684000000000000163e+00,1.832781910896301270e+00
2.685000000000000053e+00,1.721560359001159668e+00
2.685999999999999943e+00,1.802012443542480469e+00
2.686999999999999833e+00,1.828378200531005859e+00
2.688000000000000167e+00,1.767694830894470215e+00
2.689000000000000057e+00,1.816788434982299805e+00
2.689999999999999947e+00,1.697189211845397949e+00
2.690999999999999837e+00,1.775715231895446777e+00
2.692000000000000171e+00,1.831236124038696289e+00
2.693000000000000060e+00,1.818753242492675781e+00
2.693999999999999950e+00,1.813851356506347656e+00
2.694999999999999840e+00,1.831152558326721191e+00
2.696000000000000174e+00,1.737989902496337891e+00
2.697000000000000064e+00,1.813133835792541504e+00
2.697999999999999954e+00,1.843067288398742676e+00
2.698999999999999844e+00,1.786528944969177246e+00
2.700000000000000178e+00,1.808301329612731934e+00
2.701000000000000068e+00,1.818037629127502441e+00
2.701999999999999957e+00,1.883511543273925781e+00
2.702999999999999847e+00,1.768964409828186035e+00
2.704000000000000181e+00,1.833616733551025391e+00
2.705000000000000071e+00,1.860741257667541504e+00
2.705999999999999961e+00,1.966031312942504883e+00
2.706999999999999851e+00,1.846786856651306152e+00
2.708000000000000185e+00,1.821150183677673340e+00
2.709000000000000075e+00,1.874142646789550781e+00
2.709999999999999964e+00,1.789995551109313965e+00
2.710999999999999854e+00,1.805788397789001465e+00
2.712000000000000188e+00,1.828336238861083984e+00
2.713000000000000078e+00,1.865178108215332031e+00
2.713999999999999968e+00,1.835077047348022461e+00
2.714999999999999858e+00,1.845335841178894043e+00
2.716000000000000192e+00,1.946155548095703125e+00
2.717000000000000082e+00,1.942232251167297363e+00
2.717999999999999972e+00,1.918057918548583984e+00
2.718999999999999861e+00,1.904845118522644043e+00
2.720000000000000195e+00,1.798824310302734375e+00
2.721000000000000085e+00,1.854767680168151855e+00
2.721999999999999975e+00,1.773702621459960938e+00
2.722999999999999865e+00,1.782626390457153320e+00
2.724000000000000199e+00,1.853157877922058105e+00
2.725000000000000089e+00,1.873938441276550293e+00
2.725999999999999979e+00,1.808103919029235840e+00
2.726999999999999869e+00,1.926379323005676270e+00
2.728000000000000203e+00,1.967782378196716309e+00
2.729000000000000092e+00,1.827010154724121094e+00
2.729999999999999982e+00,1.866695761680603027e+00
2.730999999999999872e+00,1.866777539253234863e+00
2.732000000000000206e+00,1.816816449165344238e+00
2.733000000000000096e+00,1.827959418296813965e+00
2.733999999999999986e+00,1.788541197776794434e+00
2.734999999999999876e+00,1.857406616210937500e+00
2.736000000000000210e+00,1.858258008956909180e+00
2.737000000000000099e+00,1.801219582557678223e+00
2.737999999999999989e+00,1.824159502983093262e+00
2.738999999999999879e+00,1.829507946968078613e+00
2.740000000000000213e+00,1.850181818008422852e+00
2.741000000000000103e+00,1.830734491348266602e+00
2.741999999999999993e+00,1.827093958854675293e+00
2.742999999999999883e+00,1.772235035896301270e+00
2.744000000000000217e+00,1.821864366531372070e+00
2.745000000000000107e+00,1.857832551002502441e+00
2.745999999999999996e+00,1.852414369583129883e+00
2.746999999999999886e+00,1.889448165893554688e+00
2.748000000000000220e+00,1.855510354042053223e+00
2.749000000000000110e+00,1.799093723297119141e+00
2.750000000000000000e+00,1.791705012321472168e+00
2.750999999999999890e+00,1.935205459594726562e+00
2.751999999999999780e+00,1.844713568687438965e+00
2.753000000000000114e+00,1.810684084892272949e+00
2.754000000000000004e+00,1.933556914329528809e+00
2.754999999999999893e+00,1.964499711990356445e+00
2.755999999999999783e+00,1.999624371528625488e+00
2.757000000000000117e+00,1.927147388458251953e+00
2.758000000000000007e+00,1.930030822753906250e+00
2.758999999999999897e+00,1.881072044372558594e+00
2.759999999999999787e+00,1.964811205863952637e+00
2.761000000000000121e+00,1.916980266571044922e+00
2.762000000000000011e+00,1.941220641136169434e+00
2.762999999999999901e+00,1.972172379493713379e+00
2.763999999999999790e+00,1.952176094055175781e+00
2.765000000000000124e+00,1.920424103736877441e+00
2.766000000000000014e+00,1.971551299095153809e+00
2.766999999999999904e+00,1.900030970573425293e+00
2.767999999999999794e+00,1.764849424362182617e+00
2.769000000000000128e+00,1.795459985733032227e+00
2.770000000000000018e+00,1.810204863548278809e+00
2.770999999999999908e+00,1.770305037498474121e+00
2.771999999999999797e+00,1.862974643707275391e+00
2.773000000000000131e+00,1.811078548431396484e+00
2.774000000000000021e+00,1.714968442916870117e+00
2.774999999999999911e+00,1.719558715820312500e+00
2.775999999999999801e+00,1.707096099853515625e+00
2.777000000000000135e+00,1.744992136955261230e+00
2.778000000000000025e+00,1.736624240875244141e+00
2.778999999999999915e+00,1.755239486694335938e+00
2.779999999999999805e+00,1.754614353179931641e+00
2.781000000000000139e+00,1.825808882713317871e+00
2.782000000000000028e+00,1.831904649734497070e+00
2.782999999999999918e+00,1.815411806106567383e+00
2.783999999999999808e+00,1.851753115653991699e+00
2.785000000000000142e+00,1.824844598770141602e+00
2.786000000000000032e+00,1.772321343421936035e+00
2.786999999999999922e+00,1.818037629127502441e+00
2.787999999999999812e+00,1.842956423759460449e+00
2.789000000000000146e+00,1.750946760177612305e+00
2.790000000000000036e+00,1.827554702758789062e+00
2.790999999999999925e+00,1.838257789611816406e+00
2.791999999999999815e+00,1.876169681549072266e+00
2.793000000000000149e+00,1.893292427062988281e+00
2.794000000000000039e+00,1.889502286911010742e+00
2.794999999999999929e+00,1.852469444274902344e+00
2.795999999999999819e+00,1.876292109489440918e+00
2.797000000000000153e+00,1.860946893692016602e+00
2.798000000000000043e+00,1.941102266311645508e+00
2.798999999999999932e+00,1.940576434135437012e+00
2.799999999999999822e+00,1.869577050209045410e+00
2.801000000000000156e+00,1.827903509140014648e+00
2.802000000000000046e+00,1.870736479759216309e+00
2.802999999999999936e+00,1.870218276977539062e+00
2.803999999999999826e+00,1.738826274871826172e+00
2.805000000000000160e+00,1.788056135177612305e+00
2.806000000000000050e+00,1.707768321037292480e+00
2.806999999999999940e+00,1.884378194808959961e+00
2.807999999999999829e+00,1.791690707206726074e+00
2.809000000000000163e+00,1.741963148117065430e+00
2.810000000000000053e+00,1.775858640670776367e+00
2.810999999999999943e+00,1.777208566665649414e+00
2.811999999999999833e+00,1.772062182426452637e+00
2.813000000000000167e+00,1.791989803314208984e+00
2.814000000000000057e+00,1.785814762115478516e+00
2.814999999999999947e+00,1.771587133407592773e+00
2.815999999999999837e+00,1.764516949653625488e+00
2.817000000000000171e+00,1.700297832489013672e+00
2.818000000000000060e+00,1.662963509559631348e+00
2.818999999999999950e+00,1.714060783386230469e+00
2.819999999999999840e+00,1.689792752265930176e+00
2.821000000000000174e+00,1.725630760192871094e+00
2.822000000000000064e+00,1.793668866157531738e+00
2.822999999999999954e+00,1.828461766242980957e+00
2.823999999999999844e+00,1.840227603912353516e+00
2.825000000000000178e+00,1.717628955841064453e+00
2.826000000000000068e+00,1.767406225204467773e+00
2.826999999999999957e+00,1.708858489990234375e+00
2.827999999999999847e+00,1.725083589553833008e+00
2.829000000000000181e+00,1.713882088661193848e+00
2.830000000000000071e+00,1.699532508850097656e+00
2.830999999999999961e+00,1.751937150955200195e+00
2.831999999999999851e+00,1.675175905227661133e+00
2.833000000000000185e+00,1.719024658203125000e+00
2.834000000000000075e+00,1.676211118698120117e+00
2.834999999999999964e+00,1.715697050094604492e+00
2.835999999999999854e+00,1.824313282966613770e+00
2.837000000000000188e+00,1.798455595970153809e+00
2.838000000000000078e+00,1.723618984222412109e+00
2.838999999999999968e+00,1.767088651657104492e+00
2.839999999999999858e+00,1.760666966438293457e+00
2.841000000000000192e+00,1.724832177162170410e+00
2.842000000000000082e+00,1.723396897315979004e+00
2.842999999999999972e+00,1.684651851654052734e+00
2.843999999999999861e+00,1.684803247451782227e+00
2.845000000000000195e+00,1.733698606491088867e+00
2.846000000000000085e+00,1.761565089225769043e+00
2.846999999999999975e+00,1.782039523124694824e+00
2.847999999999999865e+00,1.740791201591491699e+00
2.849000000000000199e+00,1.704104542732238770e+00
2.850000000000000089e+00,1.693577766418457031e+00
2.850999999999999979e+00,1.704957604408264160e+00
2.851999999999999869e+00,1.734404563903808594e+00
2.853000000000000203e+00,1.785386323928833008e+00
2.854000000000000092e+00,1.735433936119079590e+00
2.854999999999999982e+00,1.732962608337402344e+00
2.855999999999999872e+00,1.789168715476989746e+00
2.857000000000000206e+00,1.693487405776977539e+00
2.858000000000000096e+00,1.745284557342529297e+00
2.858999999999999986e+00,1.690079569816589355e+00
2.859999999999999876e+00,1.806169748306274414e+00
2.861000000000000210e+00,1.834159374237060547e+00
2.862000000000000099e+00,1.804954767227172852e+00
2.862999999999999989e+00,1.793142557144165039e+00
2.863999999999999879e+00,1.843288540840148926e+00
2.865000000000000213e+00,1.734081029891967773e+00
2.866000000000000103e+00,1.765615344047546387e+00
2.866999999999999993e+00,1.741040349006652832e+00
2.867999999999999883e+00,1.708500266075134277e+00
2.869000000000000217e+00,1.776505112648010254e+00
2.870000000000000107e+00,1.825347661972045898e+00
2.870999999999999996e+00,1.772494077682495117e+00
2.871999999999999886e+00,1.826074361801147461e+00
2.873000000000000220e+00,1.821192264556884766e+00
2.874000000000000110e+00,1.765990972518920898e+00
2.875000000000000000e+00,1.753349184989929199e+00
2.875999999999999890e+00,1.673987507820129395e+00
2.876999999999999780e+00,1.716901063919067383e+00
2.878000000000000114e+00,1.728053569793701172e+00
2.879000000000000004e+00,1.720745325088500977e+00
2.879999999999999893e+00,1.697549939155578613e+00
2.880999999999999783e+00,1.682636618614196777e+00
2.882000000000000117e+00,1.790551424026489258e+00
2.883000000000000007e+00,1.786628961563110352e+00
2.883999999999999897e+00,1.715637564659118652e+00
2.884999999999999787e+00,1.730546712875366211e+00
2.886000000000000121e+00,1.696226835250854492e+00
2.887000000000000011e+00,1.726266264915466309e+00
2.887999999999999901e+00,1.740908503532409668e+00
2.888999999999999790e+00,1.736198186874389648e+00
2.890000000000000124e+00,1.689475655555725098e+00
2.891000000000000014e+00,1.698181033134460449e+00
2.891999999999999904e+00,1.766641020774841309e+00
2.892999999999999794e+00,1.701302766799926758e+00
2.894000000000000128e+00,1.707738518714904785e+00
2.895000000000000018e+00,1.774306535720825195e+00
2.895999999999999908e+00,1.761144995689392090e+00
2.896999999999999797e+00,1.770996570587158203e+00
2.898000000000000131e+00,1.766048789024353027e+00
2.899000000000000021e+00,1.744977355003356934e+00
2.899999999999999911e+00,1.783627867698669434e+00
2.900999999999999801e+00,1.687828898429870605e+00
2.902000000000000135e+00,1.772796392440795898e+00
2.903000000000000025e+00,1.747285842895507812e+00
2.903999999999999915e+00,1.766612052917480469e+00
2.904999999999999805e+00,1.788313150405883789e+00
2.906000000000000139e+00,1.693999648094177246e+00
2.907000000000000028e+00,1.716514706611633301e+00
2.907999999999999918e+00,1.689007401466369629e+00
2.908999999999999808e+00,1.702262163162231445e+00
2.910000000000000142e+00,1.722079038619995117e+00
2.911000000000000032e+00,1.601125955581665039e+00
2.911999999999999922e+00,1.707917690277099609e+00
2.912999999999999812e+00,1.694180250167846680e+00
2.914000000000000146e+00,1.685544967651367188e+00
2.915000000000000036e+00,1.724876642227172852e+00
2.915999999999999925e+00,1.690999984741210938e+00
2.916999999999999815e+00,1.777868866920471191e+00
2.918000000000000149e+00,1.661505460739135742e+00
2.919000000000000039e+00,1.667329788208007812e+00
2.919999999999999929e+00,1.680482387542724609e+00
2.920999999999999819e+00,1.766814231872558594e+00
2.922000000000000153e+00,1.741172194480895996e+00
2.923000000000000043e+00,1.769771695137023926e+00
2.923999999999999932e+00,1.732152700424194336e+00
2.924999999999999822e+00,1.804361104965209961e+00
2.926000000000000156e+00,1.785814762115478516e+00
2.927000000000000046e+00,1.736345171928405762e+00
2.927999999999999936e+00,1.822998404502868652e+00
2.928999999999999826e+00,1.794052839279174805e+00
2.930000000000000160e+00,1.702127337455749512e+00
2.931000000000000050e+00,1.827526688575744629e+00
2.931999999999999940e+00,1.827526688575744629e+00
2.932999999999999829e+00,1.725394129753112793e+00
2.934000000000000163e+00,1.784128427505493164e+00
2.935000000000000053e+00,1.761984944343566895e+00
2.935999999999999943e+00,1.818949580192565918e+00
2.936999999999999833e+00,1.886015653610229492e+00
2.938000000000000167e+00,1.840019464492797852e+00
2.939000000000000057e+00,1.827791929244995117e+00
2.939999999999999947e+00,1.868498563766479492e+00
2.940999999999999837e+00,1.828461766242980957e+00
2.942000000000000171e+00,1.763157367706298828e+00
2.943000000000000060e+00,1.817574620246887207e+00
2.943999999999999950e+00,1.795943021774291992e+00
2.944999999999999840e+00,1.759492874145507812e+00
2.946000000000000174e+00,1.882224321365356445e+00
2.947000000000000064e+00,1.818037629127502441e+00
2.947999999999999954e+00,1.756125926971435547e+00
2.948999999999999844e+00,1.710708737373352051e+00
2.950000000000000178e+00,1.762404918670654297e+00
2.951000000000000068e+00,1.796454310417175293e+00
2.951999999999999957e+00,1.793441295623779297e+00
2.952999999999999847e+00,1.708530068397521973e+00
2.954000000000000181e+00,1.867884278297424316e+00
2.955000000000000071e+00,1.918244242668151855e+00
2.955999999999999961e+00,1.757331132888793945e+00
2.956999999999999851e+00,1.748380541801452637e+00
2.958000000000000185e+00,1.687949895858764648e+00
2.959000000000000075e+00,1.784986138343811035e+00
2.959999999999999964e+00,1.620510816574096680e+00
2.960999999999999854e+00,1.652483463287353516e+00
2.962000000000000188e+00,1.636084079742431641e+00
2.963000000000000078e+00,1.662687182426452637e+00
2.963999999999999968e+00,1.682348489761352539e+00
2.964999999999999858e+00,1.631759166717529297e+00
2.966000000000000192e+00,1.603195786476135254e+00
2.967000000000000082e+00,1.594627976417541504e+00
2.967999999999999972e+00,1.573433637619018555e+00
2.968999999999999861e+00,1.560817360877990723e+00
2.970000000000000195e+00,1.582374334335327148e+00
2.971000000000000085e+00,1.651757717132568359e+00
2.971999999999999975e+00,1.606184720993041992e+00
2.972999999999999865e+00,1.576090335845947266e+00
2.974000000000000199e+00,1.623090505599975586e+00
2.975000000000000089e+00,1.568057656288146973e+00
2.975999999999999979e+00,1.573157906532287598e+00
2.976999999999999869e+00,1.557741641998291016e+00
2.978000000000000203e+00,1.620353341102600098e+00
2.979000000000000092e+00,1.605088472366333008e+00
2.979999999999999982e+00,1.626999378204345703e+00
2.980999999999999872e+00,1.539638042449951172e+00
2.982000000000000206e+00,1.548823356628417969e+00
2.983000000000000096e+00,1.541045904159545898e+00
2.983999999999999986e+00,1.540333986282348633e+00
2.984999999999999876e+00,1.631415128707885742e+00
2.986000000000000210e+00,1.572963237762451172e+00
2.987000000000000099e+00,1.612193107604980469e+00
2.987999999999999989e+00,1.626419305801391602e+00
2.988999999999999879e+00,1.571097135543823242e+00
2.990000000000000213e+00,1.603784561157226562e+00
2.991000000000000103e+00,1.580858111381530762e+00
2.991999999999999993e+00,1.664420247077941895e+00
2.992999999999999883e+00,1.628801703453063965e+00
2.994000000000000217e+00,1.634976625442504883e+00
2.995000000000000107e+00,1.638826131820678711e+00
2.995999999999999996e+00,1.595811367034912109e+00
2.996999999999999886e+00,1.659984707832336426e+00
2.998000000000000220e+00,1.635210633277893066e+00
2.999000000000000110e+00,1.701692581176757812e+00
3.000000000000000000e+00,1.609928607940673828e+00
3.000999999999999890e+00,1.642946004867553711e+00
3.001999999999999780e+00,1.631055474281311035e+00
3.003000000000000114e+00,1.576527237892150879e+00
3.004000000000000004e+00,1.640086412429809570e+00
3.004999999999999893e+00,1.574762463569641113e+00
3.005999999999999783e+00,1.554971456527709961e+00
3.007000000000000117e+00,1.643722176551818848e+00
3.008000000000000007e+00,1.559231162071228027e+00
3.008999999999999897e+00,1.589355707168579102e+00
3.009999999999999787e+00,1.703251004219055176e+00
3.011000000000000121e+00,1.722701072692871094e+00
3.012000000000000011e+00,1.683076143264770508e+00
3.012999999999999901e+00,1.783928275108337402e+00
3.013999999999999790e+00,1.790138244628906250e+00
3.015000000000000124e+00,1.782497644424438477e+00
3.016000000000000014e+00,1.842845678329467773e+00
3.016999999999999904e+00,1.779575467109680176e+00
3.017999999999999794e+00,1.732034921646118164e+00
3.019000000000000128e+00,1.692613482475280762e+00
3.020000000000000018e+00,1.602718353271484375e+00
3.020999999999999908e+00,1.560261487960815430e+00
3.021999999999999797e+00,1.684757709503173828e+00
3.023000000000000131e+00,1.635319948196411133e+00
3.024000000000000021e+00,1.721708655357360840e+00
3.024999999999999911e+00,1.642588973045349121e+00
3.025999999999999801e+00,1.689143300056457520e+00
3.027000000000000135e+00,1.661275029182434082e+00
3.028000000000000025e+00,1.630930304527282715e+00
3.028999999999999915e+00,1.626842617988586426e+00
3.029999999999999805e+00,1.587765932083129883e+00
3.031000000000000139e+00,1.576802492141723633e+00
3.032000000000000028e+00,1.602336287498474121e+00
3.032999999999999918e+00,1.577772855758666992e+00
3.033999999999999808e+00,1.559231162071228027e+00
3.035000000000000142e+00,1.707469463348388672e+00
3.036000000000000032e+00,1.661766529083251953e+00
3.036999999999999922e+00,1.671288013458251953e+00
3.037999999999999812e+00,1.706797003746032715e+00
3.039000000000000146e+00,1.665017843246459961e+00
3.040000000000000036e+00,1.679404020309448242e+00
3.040999999999999925e+00,1.646219253540039062e+00
3.041999999999999815e+00,1.725541949272155762e+00
3.043000000000000149e+00,1.684833645820617676e+00
3.044000000000000039e+00,1.615986347198486328e+00
3.044999999999999929e+00,1.617106795310974121e+00
3.045999999999999819e+00,1.646621942520141602e+00
3.047000000000000153e+00,1.689128279685974121e+00
3.048000000000000043e+00,1.521855711936950684e+00
3.048999999999999932e+00,1.580083250999450684e+00
3.049999999999999822e+00,1.598718166351318359e+00
3.051000000000000156e+00,1.657523989677429199e+00
3.052000000000000046e+00,1.700297832489013672e+00
3.052999999999999936e+00,1.686710119247436523e+00
3.053999999999999826e+00,1.713465332984924316e+00
3.055000000000000160e+00,1.836522221565246582e+00
3.056000000000000050e+00,1.893049716949462891e+00
3.056999999999999940e+00,1.815819263458251953e+00
3.057999999999999829e+00,1.807638168334960938e+00
3.059000000000000163e+00,1.778872966766357422e+00
3.060000000000000053e+00,1.894370079040527344e+00
3.060999999999999943e+00,1.774651765823364258e+00
3.061999999999999833e+00,1.772134184837341309e+00
3.063000000000000167e+00,1.759173870086669922e+00
3.064000000000000057e+00,1.799746036529541016e+00
3.064999999999999947e+00,1.799646735191345215e+00
3.065999999999999837e+00,1.855771541595458984e+00
3.067000000000000171e+00,1.910929083824157715e+00
3.068000000000000060e+00,1.995409846305847168e+00
3.068999999999999950e+00,2.064566612243652344e+00
3.069999999999999840e+00,2.019302368164062500e+00
3.071000000000000174e+00,1.932580351829528809e+00
3.072000000000000064e+00,2.025508642196655273e+00
3.072999999999999954e+00,2.083876132965087891e+00
3.073999999999999844e+00,1.883687734603881836e+00
3.075000000000000178e+00,1.917978286743164062e+00
3.076000000000000068e+00,1.885352730751037598e+00
3.076999999999999957e+00,1.898015856742858887e+00
3.077999999999999847e+00,1.811866998672485352e+00
3.079000000000000181e+00,1.923132061958312988e+00
3.080000000000000071e+00,1.830386042594909668e+00
3.080999999999999961e+00,1.832614898681640625e+00
3.081999999999999851e+00,1.854974031448364258e+00
3.083000000000000185e+00,1.828698992729187012e+00
3.084000000000000075e+00,1.896119832992553711e+00
3.084999999999999964e+00,1.914823293685913086e+00
3.085999999999999854e+00,1.964213848114013672e+00
3.087000000000000188e+00,1.975158214569091797e+00
3.088000000000000078e+00,1.905568122863769531e+00
3.088999999999999968e+00,1.755878925323486328e+00
3.089999999999999858e+00,1.848554134368896484e+00
3.091000000000000192e+00,1.839409351348876953e+00
3.092000000000000082e+00,1.787813782691955566e+00
3.092999999999999972e+00,1.777380824089050293e+00
3.093999999999999861e+00,1.764589309692382812e+00
3.095000000000000195e+00,1.744260907173156738e+00
3.096000000000000085e+00,1.799618244171142578e+00
3.096999999999999975e+00,1.730030655860900879e+00
3.097999999999999865e+00,1.662579894065856934e+00
3.099000000000000199e+00,1.625728845596313477e+00
3.100000000000000089e+00,1.695158720016479492e+00
3.100999999999999979e+00,1.609199643135070801e+00
3.101999999999999869e+00,1.644482612609863281e+00
3.103000000000000203e+00,1.665278196334838867e+00
3.104000000000000092e+00,1.644730687141418457e+00
3.104999999999999982e+00,1.642635464668273926e+00
3.105999999999999872e+00,1.685968756675720215e+00
3.107000000000000206e+00,1.656584858894348145e+00
3.108000000000000096e+00,1.670524597167968750e+00
3.108999999999999986e+00,1.549185633659362793e+00
3.109999999999999876e+00,1.601588010787963867e+00
3.111000000000000210e+00,1.678857207298278809e+00
3.112000000000000099e+00,1.645754098892211914e+00
3.112999999999999989e+00,1.587364196777343750e+00
3.113999999999999879e+00,1.559803724288940430e+00
3.115000000000000213e+00,1.644405007362365723e+00
3.116000000000000103e+00,1.712020516395568848e+00
3.116999999999999993e+00,1.764762639999389648e+00
3.117999999999999883e+00,1.704418897628784180e+00
3.119000000000000217e+00,1.679343461990356445e+00
3.120000000000000107e+00,1.729573488235473633e+00
3.120999999999999996e+00,1.691407203674316406e+00
3.121999999999999886e+00,1.689430356025695801e+00
3.123000000000000220e+00,1.741289377212524414e+00
3.124000000000000110e+00,1.726266264915466309e+00
3.125000000000000000e+00,1.740116953849792480e+00
3.125999999999999890e+00,1.687133431434631348e+00
3.126999999999999780e+00,1.611924052238464355e+00
3.128000000000000114e+00,1.707708597183227539e+00
3.129000000000000004e+00,1.611734151840209961e+00
3.129999999999999893e+00,1.664879918098449707e+00
3.130999999999999783e+00,1.616901755332946777e+00
3.132000000000000117e+00,1.670524597167968750e+00
3.133000000000000007e+00,1.725172281265258789e+00
3.133999999999999897e+00,1.746803998947143555e+00
3.134999999999999787e+00,1.669119000434875488e+00
3.136000000000000121e+00,1.751281738281250000e+00
3.137000000000000011e+00,1.669699668884277344e+00
3.137999999999999901e+00,1.736962080001831055e+00
3.138999999999999790e+00,1.692990183830261230e+00
3.140000000000000124e+00,1.716856479644775391e+00
3.141000000000000014e+00,1.667421579360961914e+00
3.141999999999999904e+00,1.683273315429687500e+00
3.142999999999999794e+00,1.641408205032348633e+00
3.144000000000000128e+00,1.606327533721923828e+00
3.145000000000000018e+00,1.627454161643981934e+00
3.145999999999999908e+00,1.685514688491821289e+00
3.146999999999999797e+00,1.654149889945983887e+00
3.148000000000000131e+00,1.731460332870483398e+00
3.149000000000000021e+00,1.719840645790100098e+00
3.149999999999999911e+00,1.741699576377868652e+00
3.150999999999999801e+00,1.774838566780090332e+00
3.152000000000000135e+00,1.803583145141601562e+00
3.153000000000000025e+00,1.691422462463378906e+00
3.153999999999999915e+00,1.818135857582092285e+00
3.154999999999999805e+00,1.730001091957092285e+00
3.156000000000000139e+00,1.740263581275939941e+00
3.157000000000000028e+00,1.771961450576782227e+00
3.157999999999999918e+00,1.807609915733337402e+00
3.158999999999999808e+00,1.773098587989807129e+00
3.160000000000000142e+00,1.747110605239868164e+00
3.161000000000000032e+00,1.825236082077026367e+00
3.161999999999999922e+00,1.786300539970397949e+00
3.162999999999999812e+00,1.800171136856079102e+00
3.164000000000000146e+00,1.870040893554687500e+00
3.165000000000000036e+00,1.881709218025207520e+00
3.165999999999999925e+00,1.824886560440063477e+00
3.166999999999999815e+00,1.788313150405883789e+00
3.168000000000000149e+00,1.835577487945556641e+00
3.169000000000000039e+00,1.847822666168212891e+00
3.169999999999999929e+00,1.894760608673095703e+00
3.170999999999999819e+00,1.749182939529418945e+00
3.172000000000000153e+00,1.731784462928771973e+00
3.173000000000000043e+00,1.740703344345092773e+00
3.173999999999999932e+00,1.697038888931274414e+00
3.174999999999999822e+00,1.743558764457702637e+00
3.176000000000000156e+00,1.749868273735046387e+00
3.177000000000000046e+00,1.689113259315490723e+00
3.177999999999999936e+00,1.703925013542175293e+00
3.178999999999999826e+00,1.714239239692687988e+00
3.180000000000000160e+00,1.662794589996337891e+00
3.181000000000000050e+00,1.770737290382385254e+00
3.181999999999999940e+00,1.789838790893554688e+00
3.182999999999999829e+00,1.765832185745239258e+00
3.184000000000000163e+00,1.702097415924072266e+00
3.185000000000000053e+00,1.720819354057312012e+00
3.185999999999999943e+00,1.774277925491333008e+00
3.186999999999999833e+00,1.694647073745727539e+00
3.188000000000000167e+00,1.628347396850585938e+00
3.189000000000000057e+00,1.756024241447448730e+00
3.189999999999999947e+00,1.716202497482299805e+00
3.190999999999999837e+00,1.685847759246826172e+00
3.192000000000000171e+00,1.680861711502075195e+00
3.193000000000000060e+00,1.699592471122741699e+00
3.193999999999999950e+00,1.687360286712646484e+00
3.194999999999999840e+00,1.707335114479064941e+00
3.196000000000000174e+00,1.693080663681030273e+00
3.197000000000000064e+00,1.771932721138000488e+00
3.197999999999999954e+00,1.696918606758117676e+00
3.198999999999999844e+00,1.722952723503112793e+00
3.200000000000000178e+00,1.682075500488281250e+00
3.201000000000000068e+00,1.702037453651428223e+00
3.201999999999999957e+00,1.825585365295410156e+00
3.202999999999999847e+00,1.747285842895507812e+00
3.204000000000000181e+00,1.768574833869934082e+00
3.205000000000000071e+00,1.663132190704345703e+00
3.205999999999999961e+00,1.691362142562866211e+00
3.206999999999999851e+00,1.666442155838012695e+00
3.208000000000000185e+00,1.766193151473999023e+00
3.209000000000000075e+00,1.765080690383911133e+00
3.209999999999999964e+00,1.813781023025512695e+00
3.210999999999999854e+00,1.762462735176086426e+00
3.212000000000000188e+00,1.834075927734375000e+00
3.213000000000000078e+00,1.821402311325073242e+00
3.213999999999999968e+00,1.867993474006652832e+00
3.214999999999999858e+00,1.761362314224243164e+00
3.216000000000000192e+00,1.767362833023071289e+00
3.217000000000000082e+00,1.791918516159057617e+00
3.217999999999999972e+00,1.788398623466491699e+00
3.218999999999999861e+00,1.768690347671508789e+00
3.220000000000000195e+00,1.731814026832580566e+00
3.221000000000000085e+00,1.754629015922546387e+00
3.221999999999999975e+00,1.738048672676086426e+00
3.222999999999999865e+00,1.763764858245849609e+00
3.224000000000000199e+00,1.718698024749755859e+00
3.225000000000000089e+00,1.731047749519348145e+00
3.225999999999999979e+00,1.720374584197998047e+00
3.226999999999999869e+00,1.678781270980834961e+00
3.228000000000000203e+00,1.717034816741943359e+00
3.229000000000000092e+00,1.715667366981506348e+00
3.229999999999999982e+00,1.714224338531494141e+00
3.230999999999999872e+00,1.722079038619995117e+00
3.232000000000000206e+00,1.690622806549072266e+00
3.233000000000000096e+00,1.743163585662841797e+00
3.233999999999999986e+00,1.758622884750366211e+00
3.234999999999999876e+00,1.776045560836791992e+00
3.236000000000000210e+00,1.710350751876831055e+00
3.237000000000000099e+00,1.732196927070617676e+00
3.237999999999999989e+00,1.781409502029418945e+00
3.238999999999999879e+00,1.768661499023437500e+00
3.240000000000000213e+00,1.802493810653686523e+00
3.241000000000000103e+00,1.904871702194213867e+00
3.241999999999999993e+00,1.950659751892089844e+00
3.242999999999999883e+00,1.833115935325622559e+00
3.244000000000000217e+00,1.851022839546203613e+00
3.245000000000000107e+00,1.944411396980285645e+00
3.245999999999999996e+00,1.830790281295776367e+00
3.246999999999999886e+00,1.815453886985778809e+00
3.248000000000000220e+00,1.776418924331665039e+00
3.249000000000000110e+00,1.832280635833740234e+00
3.250000000000000000e+00,1.863125324249267578e+00
3.250999999999999890e+00,1.635725378990173340e+00
3.251999999999999780e+00,1.773645162582397461e+00
3.253000000000000114e+00,1.741714239120483398e+00
3.254000000000000004e+00,1.668155789375305176e+00
3.254999999999999893e+00,1.681756973266601562e+00
3.255999999999999783e+00,1.775442123413085938e+00
3.257000000000000117e+00,1.739941120147705078e+00
3.258000000000000007e+00,1.747402667999267578e+00
3.258999999999999897e+00,1.721960425376892090e+00
3.259999999999999787e+00,1.722167849540710449e+00
3.261000000000000121e+00,1.809006690979003906e+00
3.262000000000000011e+00,1.947623252868652344e+00
3.262999999999999901e+00,1.889137625694274902e+00
3.263999999999999790e+00,1.853336691856384277e+00
3.265000000000000124e+00,1.868498563766479492e+00
3.266000000000000014e+00,1.887178540229797363e+00
3.266999999999999904e+00,1.966524362564086914e+00
3.267999999999999794e+00,1.906250715255737305e+00
3.269000000000000128e+00,1.906384706497192383e+00
3.270000000000000018e+00,1.842208862304687500e+00
3.270999999999999908e+00,1.800142645835876465e+00
3.271999999999999797e+00,1.923397541046142578e+00
3.273000000000000131e+00,1.858765959739685059e+00
3.274000000000000021e+00,1.849630355834960938e+00
3.274999999999999911e+00,1.854396343231201172e+00
3.275999999999999801e+00,1.863152742385864258e+00
3.277000000000000135e+00,1.769122958183288574e+00
3.278000000000000025e+00,1.813696503639221191e+00
3.278999999999999915e+00,1.763967394828796387e+00
3.279999999999999805e+00,1.830023646354675293e+00
3.281000000000000139e+00,1.807638168334960938e+00
3.282000000000000028e+00,1.748453497886657715e+00
3.282999999999999918e+00,1.855716586112976074e+00
3.283999999999999808e+00,1.770478010177612305e+00
3.285000000000000142e+00,1.799930214881896973e+00
3.286000000000000032e+00,1.801601767539978027e+00
3.286999999999999922e+00,1.807003021240234375e+00
3.287999999999999812e+00,1.832948923110961914e+00
3.289000000000000146e+00,1.887151479721069336e+00
3.290000000000000036e+00,2.016622304916381836e+00
3.290999999999999925e+00,1.927266359329223633e+00
3.291999999999999815e+00,1.951391935348510742e+00
3.293000000000000149e+00,1.893992900848388672e+00
3.294000000000000039e+00,2.042366027832031250e+00
3.294999999999999929e+00,1.985438346862792969e+00
3.295999999999999819e+00,2.028013229370117188e+00
3.297000000000000153e+00,2.080506801605224609e+00
3.298000000000000043e+00,1.968197226524353027e+00
3.298999999999999932e+00,2.005090236663818359e+00
3.299999999999999822e+00,2.051837205886840820e+00
3.301000000000000156e+00,2.027258634567260742e+00
3.302000000000000046e+00,2.036925077438354492e+00
3.302999999999999936e+00,2.051613092422485352e+00
3.303999999999999826e+00,2.068590879440307617e+00
3.305000000000000160e+00,2.102717399597167969e+00
3.306000000000000050e+00,2.107165098190307617e+00
3.306999999999999940e+00,2.051128387451171875e+00
3.307999999999999829e+00,2.042703151702880859e+00
3.309000000000000163e+00,2.052744388580322266e+00
3.310000000000000053e+00,2.014381885528564453e+00
3.310999999999999943e+00,2.012417793273925781e+00
3.311999999999999833e+00,2.191869020462036133e+00
3.313000000000000167e+00,2.113813400268554688e+00
3.314000000000000057e+00,2.144498586654663086e+00
3.314999999999999947e+00,2.106886625289916992e+00
3.315999999999999837e+00,2.100483894348144531e+00
3.317000000000000171e+00,2.152655839920043945e+00
3.318000000000000060e+00,2.117936849594116211e+00
3.318999999999999950e+00,2.137504339218139648e+00
3.319999999999999840e+00,2.195613622665405273e+00
3.321000000000000174e+00,2.126891613006591797e+00
3.322000000000000064e+00,2.069441795349121094e+00
3.322999999999999954e+00,2.167713165283203125e+00
3.323999999999999844e+00,2.094633579254150391e+00
3.325000000000000178e+00,2.089512109756469727e+00
3.326000000000000068e+00,2.068060398101806641e+00
3.326999999999999957e+00,2.046271800994873047e+00
3.327999999999999847e+00,2.133825302124023438e+00
3.329000000000000181e+00,2.088987112045288086e+00
3.330000000000000071e+00,2.032863140106201172e+00
3.330999999999999961e+00,1.989686727523803711e+00
3.331999999999999851e+00,2.048875808715820312e+00
3.333000000000000185e+00,1.987788438796997070e+00
3.334000000000000075e+00,1.921738862991333008e+00
3.334999999999999964e+00,1.943033337593078613e+00
3.335999999999999854e+00,1.893171072006225586e+00
3.337000000000000188e+00,1.864083528518676758e+00
3.338000000000000078e+00,1.869344949722290039e+00
3.338999999999999968e+00,2.029874324798583984e+00
3.339999999999999858e+00,2.079807758331298828e+00
3.341000000000000192e+00,2.052060842514038086e+00
3.342000000000000082e+00,2.037313461303710938e+00
3.342999999999999972e+00,1.993862390518188477e+00
3.343999999999999861e+00,1.994028687477111816e+00
3.345000000000000195e+00,2.103396415710449219e+00
3.346000000000000085e+00,1.999866843223571777e+00
3.346999999999999975e+00,1.950175762176513672e+00
3.347999999999999865e+00,2.035521984100341797e+00
3.349000000000000199e+00,1.977649331092834473e+00
3.350000000000000089e+00,2.041853904724121094e+00
3.350999999999999979e+00,2.038665294647216797e+00
3.351999999999999869e+00,2.036737442016601562e+00
3.353000000000000203e+00,1.887732744216918945e+00
3.354000000000000092e+00,1.905782341957092285e+00
3.354999999999999982e+00,2.038877964019775391e+00
3.355999999999999872e+00,2.038177251815795898e+00
3.357000000000000206e+00,1.986504554748535156e+00
3.358000000000000096e+00,1.970658302307128906e+00
3.358999999999999986e+00,2.027082204818725586e+00
3.359999999999999876e+00,2.069318532943725586e+00
3.361000000000000210e+00,2.050904273986816406e+00
3.362000000000000099e+00,2.126555681228637695e+00
3.362999999999999989e+00,2.100374460220336914e+00
3.363999999999999879e+00,2.036349058151245117e+00
3.365000000000000213e+00,2.082994461059570312e+00
3.366000000000000103e+00,2.006705284118652344e+00
3.366999999999999993e+00,1.937287092208862305e+00
3.367999999999999883e+00,1.929726839065551758e+00
3.369000000000000217e+00,1.946076869964599609e+00
3.370000000000000107e+00,1.960521817207336426e+00
3.370999999999999996e+00,1.857090711593627930e+00
3.371999999999999886e+00,1.981052041053771973e+00
3.373000000000000220e+00,1.898298144340515137e+00
3.374000000000000110e+00,1.807158112525939941e+00
3.375000000000000000e+00,1.832865357398986816e+00
3.375999999999999890e+00,1.899560928344726562e+00
3.376999999999999780e+00,1.953064680099487305e+00
3.378000000000000114e+00,1.860398292541503906e+00
3.379000000000000004e+00,1.851725578308105469e+00
3.379999999999999893e+00,1.796823620796203613e+00
3.380999999999999783e+00,1.857214450836181641e+00
3.382000000000000117e+00,1.831681847572326660e+00
3.383000000000000007e+00,1.858601093292236328e+00
3.383999999999999897e+00,1.936707735061645508e+00
3.384999999999999787e+00,1.908136844635009766e+00
3.386000000000000121e+00,1.917898535728454590e+00
3.387000000000000011e+00,1.905340552330017090e+00
3.387999999999999901e+00,1.894343018531799316e+00
3.388999999999999790e+00,1.875380873680114746e+00
3.390000000000000124e+00,1.957735300064086914e+00
3.391000000000000014e+00,1.923901319503784180e+00
3.391999999999999904e+00,2.010845422744750977e+00
3.392999999999999794e+00,1.923331022262573242e+00
3.394000000000000128e+00,1.975028991699218750e+00
3.395000000000000018e+00,1.891782522201538086e+00
3.395999999999999908e+00,2.022533893585205078e+00
3.396999999999999797e+00,1.922402381896972656e+00
3.398000000000000131e+00,1.892632007598876953e+00
3.399000000000000021e+00,1.913397312164306641e+00
3.399999999999999911e+00,1.865930080413818359e+00
3.400999999999999801e+00,1.915782451629638672e+00
3.402000000000000135e+00,1.865998506546020508e+00
3.403000000000000025e+00,1.930189609527587891e+00
3.403999999999999915e+00,1.918855905532836914e+00
3.404999999999999805e+00,1.909179449081420898e+00
3.406000000000000139e+00,1.878534317016601562e+00
3.407000000000000028e+00,1.898513317108154297e+00
3.407999999999999918e+00,1.874863982200622559e+00
3.408999999999999808e+00,1.817195534706115723e+00
3.410000000000000142e+00,1.819145798683166504e+00
3.411000000000000032e+00,1.885758638381958008e+00
3.411999999999999922e+00,1.919945716857910156e+00
3.412999999999999812e+00,1.916381359100341797e+00
3.414000000000000146e+00,1.906277537345886230e+00
3.415000000000000036e+00,1.846524357795715332e+00
3.415999999999999925e+00,1.919121742248535156e+00
3.416999999999999815e+00,1.935429573059082031e+00
3.418000000000000149e+00,1.939037919044494629e+00
3.419000000000000039e+00,1.890015125274658203e+00
3.419999999999999929e+00,1.850278377532958984e+00
3.420999999999999819e+00,1.945998191833496094e+00
3.422000000000000153e+00,1.910114407539367676e+00
3.423000000000000043e+00,1.879593133926391602e+00
3.423999999999999932e+00,1.810965657234191895e+00
3.424999999999999822e+00,1.771385550498962402e+00
3.426000000000000156e+00,1.728909611701965332e+00
3.427000000000000046e+00,1.785043239593505859e+00
3.427999999999999936e+00,1.769670844078063965e+00
3.428999999999999826e+00,1.757955431938171387e+00
3.430000000000000160e+00,1.772666692733764648e+00
3.431000000000000050e+00,1.838271737098693848e+00
3.431999999999999940e+00,1.812430143356323242e+00
3.432999999999999829e+00,1.782855272293090820e+00
3.434000000000000163e+00,1.759232044219970703e+00
3.435000000000000053e+00,1.719410419464111328e+00
3.435999999999999943e+00,1.762129783630371094e+00
3.436999999999999833e+00,1.690411567687988281e+00
3.438000000000000167e+00,1.669027328491210938e+00
3.439000000000000057e+00,1.768978834152221680e+00
3.439999999999999947e+00,1.726399183273315430e+00
3.440999999999999837e+00,1.684530735015869141e+00
3.442000000000000171e+00,1.765124082565307617e+00
3.443000000000000060e+00,1.761333346366882324e+00
3.443999999999999950e+00,1.708007335662841797e+00
3.444999999999999840e+00,1.710499763488769531e+00
3.446000000000000174e+00,1.723707795143127441e+00
3.447000000000000064e+00,1.744202375411987305e+00
3.447999999999999954e+00,1.745182156562805176e+00
3.448999999999999844e+00,1.706662654876708984e+00
3.450000000000000178e+00,1.740527391433715820e+00
3.451000000000000068e+00,1.829940080642700195e+00
3.451999999999999957e+00,1.775183558464050293e+00
3.452999999999999847e+00,1.844201803207397461e+00
3.454000000000000181e+00,1.743309974670410156e+00
3.455000000000000071e+00,1.760696053504943848e+00
3.455999999999999961e+00,1.707947492599487305e+00
3.456999999999999851e+00,1.746190547943115234e+00
3.458000000000000185e+00,1.799448132514953613e+00
3.459000000000000075e+00,1.699877738952636719e+00
3.459999999999999964e+00,1.686846137046813965e+00
3.460999999999999854e+00,1.742226839065551758e+00
3.462000000000000188e+00,1.803172945976257324e+00
3.463000000000000078e+00,1.752912521362304688e+00
3.463999999999999968e+00,1.704104542732238770e+00
3.464999999999999858e+00,1.732461929321289062e+00
3.466000000000000192e+00,1.681848049163818359e+00
3.467000000000000082e+00,1.729440689086914062e+00
3.467999999999999972e+00,1.774824142456054688e+00
3.468999999999999861e+00,1.721219539642333984e+00
3.470000000000000195e+00,1.751150608062744141e+00
3.471000000000000085e+00,1.801191329956054688e+00
3.471999999999999975e+00,1.798384666442871094e+00
3.472999999999999865e+00,1.826074361801147461e+00
3.474000000000000199e+00,1.707589030265808105e+00
3.475000000000000089e+00,1.748059511184692383e+00
3.475999999999999979e+00,1.802890062332153320e+00
3.476999999999999869e+00,1.776576995849609375e+00
3.478000000000000203e+00,1.773932695388793945e+00
3.479000000000000092e+00,1.784257173538208008e+00
3.479999999999999982e+00,1.757926344871520996e+00
3.480999999999999872e+00,1.800497055053710938e+00
3.482000000000000206e+00,1.762057423591613770e+00
3.483000000000000096e+00,1.697399616241455078e+00
3.483999999999999986e+00,1.700327873229980469e+00
3.484999999999999876e+00,1.743909835815429688e+00
3.486000000000000210e+00,1.682833671569824219e+00
3.487000000000000099e+00,1.681802392005920410e+00
3.487999999999999989e+00,1.687224149703979492e+00
3.488999999999999879e+00,1.764083147048950195e+00
3.490000000000000213e+00,1.791491389274597168e+00
3.491000000000000103e+00,1.771659135818481445e+00
3.491999999999999993e+00,1.739603757858276367e+00
3.492999999999999883e+00,1.878561377525329590e+00
3.494000000000000217e+00,1.884459376335144043e+00
3.495000000000000107e+00,1.841003656387329102e+00
3.495999999999999996e+00,1.953861236572265625e+00
3.496999999999999886e+00,1.834506988525390625e+00
3.498000000000000220e+00,1.826786756515502930e+00
3.499000000000000110e+00,1.844049692153930664e+00
3.500000000000000000e+00,1.814849495887756348e+00
3.500999999999999890e+00,1.846109747886657715e+00
3.501999999999999780e+00,1.835424661636352539e+00
3.503000000000000114e+00,1.880732893943786621e+00
3.504000000000000004e+00,1.844921112060546875e+00
3.504999999999999893e+00,1.813963770866394043e+00
3.505999999999999783e+00,1.738664984703063965e+00
3.507000000000000117e+00,1.822326421737670898e+00
3.508000000000000007e+00,1.752097368240356445e+00
3.508999999999999897e+00,1.719069004058837891e+00
3.509999999999999787e+00,1.741274714469909668e+00
3.511000000000000121e+00,1.736976861953735352e+00
3.512000000000000011e+00,1.871404647827148438e+00
3.512999999999999901e+00,1.761666536331176758e+00
3.513999999999999790e+00,1.775427818298339844e+00
3.515000000000000124e+00,1.776160478591918945e+00
3.516000000000000014e+00,1.764921665191650391e+00
3.516999999999999904e+00,1.788341760635375977e+00
3.517999999999999794e+00,1.827582597732543945e+00
3.519000000000000128e+00,1.767016410827636719e+00
3.520000000000000018e+00,1.741450548171997070e+00
3.520999999999999908e+00,1.772263765335083008e+00
3.521999999999999797e+00,1.803767085075378418e+00
3.523000000000000131e+00,1.829898357391357422e+00
3.524000000000000021e+00,1.772796392440795898e+00
3.524999999999999911e+00,1.777725219726562500e+00
3.525999999999999801e+00,1.756576180458068848e+00
3.527000000000000135e+00,1.701512575149536133e+00
3.528000000000000025e+00,1.746321916580200195e+00
3.528999999999999915e+00,1.758187532424926758e+00
3.529999999999999805e+00,1.732565045356750488e+00
3.531000000000000139e+00,1.738386154174804688e+00
3.532000000000000028e+00,1.788241744041442871e+00
3.532999999999999918e+00,1.786471843719482422e+00
3.533999999999999808e+00,1.790209293365478516e+00
3.535000000000000142e+00,1.806875944137573242e+00
3.536000000000000032e+00,1.778026700019836426e+00
3.536999999999999922e+00,1.757084369659423828e+00
3.537999999999999812e+00,1.860343456268310547e+00
3.539000000000000146e+00,1.852345466613769531e+00
3.540000000000000036e+00,1.809852600097656250e+00
3.540999999999999925e+00,1.904898643493652344e+00
3.541999999999999815e+00,1.841502308845520020e+00
3.543000000000000149e+00,1.855620265007019043e+00
3.544000000000000039e+00,1.831542491912841797e+00
3.544999999999999929e+00,1.798824310302734375e+00
3.545999999999999819e+00,1.831208348274230957e+00
3.547000000000000153e+00,1.808978319168090820e+00
3.548000000000000043e+00,1.715845823287963867e+00
3.548999999999999932e+00,1.798015713691711426e+00
3.549999999999999822e+00,1.765384197235107422e+00
3.551000000000000156e+00,1.831807136535644531e+00
3.552000000000000046e+00,1.832322478294372559e+00
3.552999999999999936e+00,1.734713435173034668e+00
3.553999999999999826e+00,1.776978969573974609e+00
3.555000000000000160e+00,1.728776693344116211e+00
3.556000000000000050e+00,1.755777359008789062e+00
3.556999999999999940e+00,1.756343841552734375e+00
3.557999999999999829e+00,1.715027809143066406e+00
3.559000000000000163e+00,1.727108359336853027e+00
3.560000000000000053e+00,1.794337153434753418e+00
3.560999999999999943e+00,1.747796773910522461e+00
3.561999999999999833e+00,1.849616527557373047e+00
3.563000000000000167e+00,1.754919767379760742e+00
3.564000000000000057e+00,1.780134558677673340e+00
3.564999999999999947e+00,1.805067777633666992e+00
3.565999999999999837e+00,1.711618185043334961e+00
3.567000000000000171e+00,1.765008449554443359e+00
3.568000000000000060e+00,1.832155227661132812e+00
3.568999999999999950e+00,1.783155798912048340e+00
3.569999999999999840e+00,1.817476272583007812e+00
3.571000000000000174e+00,1.864357113838195801e+00
3.572000000000000064e+00,1.923410773277282715e+00
3.572999999999999954e+00,1.927742958068847656e+00
3.573999999999999844e+00,1.830678701400756836e+00
3.575000000000000178e+00,1.870327234268188477e+00
3.576000000000000068e+00,1.850181818008422852e+00
3.576999999999999957e+00,1.807638168334960938e+00
3.577999999999999847e+00,1.852882385253906250e+00
3.579000000000000181e+00,1.822158336639404297e+00
3.580000000000000071e+00,1.821822404861450195e+00
3.580999999999999961e+00,1.810233116149902344e+00
3.581999999999999851e+00,1.799490690231323242e+00
3.583000000000000185e+00,1.828531503677368164e+00
3.584000000000000075e+00,1.845999360084533691e+00
3.584999999999999964e+00,1.786072015762329102e+00
3.585999999999999854e+00,1.800950288772583008e+00
3.587000000000000188e+00,1.828531503677368164e+00
3.588000000000000078e+00,1.856774806976318359e+00
3.588999999999999968e+00,1.848181486129760742e+00
3.589999999999999858e+00,1.776849746704101562e+00
3.591000000000000192e+00,1.721486330032348633e+00
3.592000000000000082e+00,1.845446348190307617e+00
3.592999999999999972e+00,1.833936691284179688e+00
3.593999999999999861e+00,1.811331987380981445e+00
3.595000000000000195e+00,1.850926280021667480e+00
3.596000000000000085e+00,1.791890144348144531e+00
3.596999999999999975e+00,1.758912801742553711e+00
3.597999999999999865e+00,1.773788928985595703e+00
3.599000000000000199e+00,1.774119734764099121e+00
3.600000000000000089e+00,1.820757865905761719e+00
3.600999999999999979e+00,1.758158445358276367e+00
3.601999999999999869e+00,1.762868046760559082e+00
3.603000000000000203e+00,1.726857304573059082e+00
3.604000000000000092e+00,1.755559325218200684e+00
3.604999999999999982e+00,1.756866574287414551e+00
3.605999999999999872e+00,1.838715791702270508e+00
3.607000000000000206e+00,1.743822097778320312e+00
3.608000000000000096e+00,1.771414279937744141e+00
3.608999999999999986e+00,1.776490807533264160e+00
3.609999999999999876e+00,1.843773007392883301e+00
3.611000000000000210e+00,1.837744235992431641e+00
3.612000000000000099e+00,1.874414801597595215e+00
3.612999999999999989e+00,1.882441282272338867e+00
3.613999999999999879e+00,1.883917927742004395e+00
3.615000000000000213e+00,1.830623149871826172e+00
3.616000000000000103e+00,1.816704154014587402e+00
3.616999999999999993e+00,1.805830717086791992e+00
3.617999999999999883e+00,1.829967975616455078e+00
3.619000000000000217e+00,1.881072044372558594e+00
3.620000000000000107e+00,1.784771680831909180e+00
3.620999999999999996e+00,1.864274978637695312e+00
3.621999999999999886e+00,1.819145798683166504e+00
3.623000000000000220e+00,1.842402696609497070e+00
3.624000000000000110e+00,1.828378200531005859e+00
3.625000000000000000e+00,1.843164086341857910e+00
3.625999999999999890e+00,1.818725109100341797e+00
3.626999999999999780e+00,1.849478483200073242e+00
3.628000000000000114e+00,1.839145898818969727e+00
3.629000000000000004e+00,1.805689454078674316e+00
3.629999999999999893e+00,1.854121208190917969e+00
3.630999999999999783e+00,1.849492311477661133e+00
3.632000000000000117e+00,1.824425220489501953e+00
3.633000000000000007e+00,1.845031499862670898e+00
3.633999999999999897e+00,1.967172861099243164e+00
3.634999999999999787e+00,1.906331062316894531e+00
3.636000000000000121e+00,1.917526006698608398e+00
3.637000000000000011e+00,1.973853230476379395e+00
3.637999999999999901e+00,1.966978311538696289e+00
3.638999999999999790e+00,1.960599899291992188e+00
3.640000000000000124e+00,1.930123567581176758e+00
3.641000000000000014e+00,1.886772990226745605e+00
3.641999999999999904e+00,1.906585216522216797e+00
3.642999999999999794e+00,1.964655399322509766e+00
3.644000000000000128e+00,1.931378722190856934e+00
3.645000000000000018e+00,2.001154661178588867e+00
3.645999999999999908e+00,1.965615987777709961e+00
3.646999999999999797e+00,1.972431063652038574e+00
3.648000000000000131e+00,1.950842738151550293e+00
3.649000000000000021e+00,1.945224761962890625e+00
3.649999999999999911e+00,1.910528540611267090e+00
3.650999999999999801e+00,1.933438181877136230e+00
3.652000000000000135e+00,1.834353923797607422e+00
3.653000000000000025e+00,1.894518136978149414e+00
3.653999999999999915e+00,2.009271621704101562e+00
3.654999999999999805e+00,1.987839698791503906e+00
3.656000000000000139e+00,1.884012699127197266e+00
3.657000000000000028e+00,1.954827189445495605e+00
3.657999999999999918e+00,1.858793377876281738e+00
3.658999999999999808e+00,1.915063142776489258e+00
3.660000000000000142e+00,1.931893825531005859e+00
3.661000000000000032e+00,1.865383148193359375e+00
3.661999999999999922e+00,1.867938756942749023e+00
3.662999999999999812e+00,1.887759685516357422e+00
3.664000000000000146e+00,1.828001260757446289e+00
3.665000000000000036e+00,1.850857496261596680e+00
3.665999999999999925e+00,1.853102684020996094e+00
3.666999999999999815e+00,1.827024221420288086e+00
3.668000000000000149e+00,1.824425220489501953e+00
3.669000000000000039e+00,1.851381063461303711e+00
3.669999999999999929e+00,1.905822634696960449e+00
3.670999999999999819e+00,1.885528564453125000e+00
3.672000000000000153e+00,1.887421846389770508e+00
3.673000000000000043e+00,1.928920507431030273e+00
3.673999999999999932e+00,1.930731415748596191e+00
3.674999999999999822e+00,1.903853654861450195e+00
3.676000000000000156e+00,1.917419433593750000e+00
3.677000000000000046e+00,1.930440664291381836e+00
3.677999999999999936e+00,1.904898643493652344e+00
3.678999999999999826e+00,1.882265090942382812e+00
3.680000000000000160e+00,1.919932484626770020e+00
3.681000000000000050e+00,2.026100397109985352e+00
3.681999999999999940e+00,1.962706804275512695e+00
3.682999999999999829e+00,1.912703752517700195e+00
3.684000000000000163e+00,1.925558090209960938e+00
3.685000000000000053e+00,1.927703142166137695e+00
3.685999999999999943e+00,1.903344511985778809e+00
3.686999999999999833e+00,1.935060501098632812e+00
3.688000000000000167e+00,1.927001595497131348e+00
3.689000000000000057e+00,1.975455284118652344e+00
3.689999999999999947e+00,2.067838430404663086e+00
3.690999999999999837e+00,2.003091573715209961e+00
3.692000000000000171e+00,2.006107807159423828e+00
3.693000000000000060e+00,1.984911561012268066e+00
3.693999999999999950e+00,1.992262363433837891e+00
3.694999999999999840e+00,2.028302669525146484e+00
3.696000000000000174e+00,1.986260414123535156e+00
3.697000000000000064e+00,1.962576627731323242e+00
3.697999999999999954e+00,1.946391463279724121e+00
3.698999999999999844e+00,1.970839500427246094e+00
3.700000000000000178e+00,1.957253098487854004e+00
3.701000000000000068e+00,1.969570517539978027e+00
3.701999999999999957e+00,1.827470779418945312e+00
3.702999999999999847e+00,1.941273093223571777e+00
3.704000000000000181e+00,1.918443679809570312e+00
3.705000000000000071e+00,1.909900903701782227e+00
3.705999999999999961e+00,2.001486063003540039e+00
3.706999999999999851e+00,1.974370241165161133e+00
3.708000000000000185e+00,1.887475848197937012e+00
3.709000000000000075e+00,1.881519436836242676e+00
3.709999999999999964e+00,1.933438181877136230e+00
3.710999999999999854e+00,1.941496610641479492e+00
3.712000000000000188e+00,2.022533893585205078e+00
3.713000000000000078e+00,1.946915864944458008e+00
3.713999999999999968e+00,1.966589212417602539e+00
3.714999999999999858e+00,1.858889460563659668e+00
3.716000000000000192e+00,1.928550004959106445e+00
3.717000000000000082e+00,1.896092891693115234e+00
3.717999999999999972e+00,1.930916428565979004e+00
3.718999999999999861e+00,1.954526901245117188e+00
3.720000000000000195e+00,1.909419894218444824e+00
3.721000000000000085e+00,2.033252239227294922e+00
3.721999999999999975e+00,1.894087076187133789e+00
3.722999999999999865e+00,1.985412716865539551e+00
3.724000000000000199e+00,1.997531056404113770e+00
3.725000000000000089e+00,1.969777822494506836e+00
3.725999999999999979e+00,1.982969760894775391e+00
3.726999999999999869e+00,1.940931320190429688e+00
3.728000000000000203e+00,2.027522802352905273e+00
3.729000000000000092e+00,1.980433702468872070e+00
3.729999999999999982e+00,1.992287874221801758e+00
3.730999999999999872e+00,2.021019935607910156e+00
3.732000000000000206e+00,1.967976689338684082e+00
3.733000000000000096e+00,1.942928075790405273e+00
3.733999999999999986e+00,1.981592774391174316e+00
3.734999999999999876e+00,2.023051023483276367e+00
3.736000000000000210e+00,1.997058510780334473e+00
3.737000000000000099e+00,1.936984300613403320e+00
3.737999999999999989e+00,1.956522941589355469e+00
3.738999999999999879e+00,1.913730502128601074e+00
3.740000000000000213e+00,1.951548814773559570e+00
3.741000000000000103e+00,1.929264187812805176e+00
3.741999999999999993e+00,1.880434513092041016e+00
3.742999999999999883e+00,1.882441282272338867e+00
3.744000000000000217e+00,1.938919425010681152e+00
3.745000000000000107e+00,1.899399876594543457e+00
3.745999999999999996e+00,1.957617998123168945e+00
3.746999999999999886e+00,1.946050643920898438e+00
3.748000000000000220e+00,1.925915718078613281e+00
3.749000000000000110e+00,1.930176258087158203e+00
3.750000000000000000e+00,1.972573399543762207e+00
3.750999999999999890e+00,1.992492794990539551e+00
3.751999999999999780e+00,1.999356508255004883e+00
3.753000000000000114e+00,1.995218038558959961e+00
3.754000000000000004e+00,2.015407562255859375e+00
3.754999999999999893e+00,1.973879218101501465e+00
3.755999999999999783e+00,2.027044534683227539e+00
3.757000000000000117e+00,2.052396535873413086e+00
3.758000000000000007e+00,2.052533388137817383e+00
3.758999999999999897e+00,1.986658573150634766e+00
3.759999999999999787e+00,1.924537658691406250e+00
3.761000000000000121e+00,1.989763855934143066e+00
3.762000000000000011e+00,1.945185422897338867e+00
3.762999999999999901e+00,1.941220641136169434e+00
3.763999999999999790e+00,1.951404929161071777e+00
3.765000000000000124e+00,2.001460790634155273e+00
3.766000000000000014e+00,2.061438083648681641e+00
3.766999999999999904e+00,2.004033803939819336e+00
3.767999999999999794e+00,2.001753807067871094e+00
3.769000000000000128e+00,1.950384974479675293e+00
3.770000000000000018e+00,1.886015653610229492e+00
3.770999999999999908e+00,1.944896936416625977e+00
3.771999999999999797e+00,1.871704459190368652e+00
3.773000000000000131e+00,1.849713087081909180e+00
3.774000000000000021e+00,1.887056946754455566e+00
3.774999999999999911e+00,1.891256570816040039e+00
3.775999999999999801e+00,1.918004751205444336e+00
3.777000000000000135e+00,1.873870372772216797e+00
3.778000000000000025e+00,1.847601652145385742e+00
3.778999999999999915e+00,1.902084231376647949e+00
3.779999999999999805e+00,1.824802637100219727e+00
3.781000000000000139e+00,1.871377348899841309e+00
3.782000000000000028e+00,1.933794498443603516e+00
3.782999999999999918e+00,1.904697656631469727e+00
3.783999999999999808e+00,1.921353816986083984e+00
3.785000000000000142e+00,1.905260205268859863e+00
3.786000000000000032e+00,1.941102266311645508e+00
3.786999999999999922e+00,1.941128730773925781e+00
3.787999999999999812e+00,1.895769953727722168e+00
3.789000000000000146e+00,2.031858921051025391e+00
3.790000000000000036e+00,2.002238035202026367e+00
3.790999999999999925e+00,2.006489276885986328e+00
3.791999999999999815e+00,1.894652724266052246e+00
3.793000000000000149e+00,1.945421457290649414e+00
3.794000000000000039e+00,1.922402381896972656e+00
3.794999999999999929e+00,1.908577919006347656e+00
3.795999999999999819e+00,1.906304359436035156e+00
3.797000000000000153e+00,1.886164426803588867e+00
3.798000000000000043e+00,1.913850426673889160e+00
3.798999999999999932e+00,1.965057849884033203e+00
3.799999999999999822e+00,1.873448133468627930e+00
3.801000000000000156e+00,1.844630718231201172e+00
3.802000000000000046e+00,1.967769384384155273e+00
3.802999999999999936e+00,1.907374620437622070e+00
3.803999999999999826e+00,1.909526705741882324e+00
3.805000000000000160e+00,1.892254471778869629e+00
3.806000000000000050e+00,1.933754801750183105e+00
3.806999999999999940e+00,1.918284177780151367e+00
3.807999999999999829e+00,1.915103077888488770e+00
3.809000000000000163e+00,1.945945978164672852e+00
3.810000000000000053e+00,1.899910211563110352e+00
3.810999999999999943e+00,1.896617531776428223e+00
3.811999999999999833e+00,1.931259870529174805e+00
3.813000000000000167e+00,1.971732497215270996e+00
3.814000000000000057e+00,1.888030052185058594e+00
3.814999999999999947e+00,1.855634212493896484e+00
3.815999999999999837e+00,1.897169113159179688e+00
3.817000000000000171e+00,1.938287734985351562e+00
3.818000000000000060e+00,1.833519458770751953e+00
3.818999999999999950e+00,1.887084007263183594e+00
3.819999999999999840e+00,1.862782955169677734e+00
3.821000000000000174e+00,1.879769563674926758e+00
3.822000000000000064e+00,1.935693144798278809e+00
3.822999999999999954e+00,1.903706312179565430e+00
3.823999999999999844e+00,1.895648837089538574e+00
3.825000000000000178e+00,1.917352914810180664e+00
3.826000000000000068e+00,1.926220417022705078e+00
3.826999999999999957e+00,1.919826149940490723e+00
3.827999999999999847e+00,1.956014394760131836e+00
3.829000000000000181e+00,1.910782098770141602e+00
3.830000000000000071e+00,1.891431927680969238e+00
3.830999999999999961e+00,1.887084007263183594e+00
3.831999999999999851e+00,1.895917892456054688e+00
3.833000000000000185e+00,1.942665576934814453e+00
3.834000000000000075e+00,1.925067901611328125e+00
3.834999999999999964e+00,1.968080520629882812e+00
3.835999999999999854e+00,1.924445033073425293e+00
3.837000000000000188e+00,1.907963156700134277e+00
3.838000000000000078e+00,1.917006969451904297e+00
3.838999999999999968e+00,1.933187484741210938e+00
3.839999999999999858e+00,1.944332718849182129e+00
3.841000000000000192e+00,2.007429838180541992e+00
3.842000000000000082e+00,1.995090246200561523e+00
3.842999999999999972e+00,1.937076568603515625e+00
3.843999999999999861e+00,1.887300133705139160e+00
3.845000000000000195e+00,1.916581273078918457e+00
3.846000000000000085e+00,1.965888619422912598e+00
3.846999999999999975e+00,1.951967000961303711e+00
3.847999999999999865e+00,1.974395990371704102e+00
3.849000000000000199e+00,1.942731261253356934e+00
3.850000000000000089e+00,2.007429838180541992e+00
3.850999999999999979e+00,1.904898643493652344e+00
3.851999999999999869e+00,1.856554865837097168e+00
3.853000000000000203e+00,1.909232854843139648e+00
3.854000000000000092e+00,1.904778242111206055e+00
3.854999999999999982e+00,1.874714374542236328e+00
3.855999999999999872e+00,1.918310880661010742e+00
3.857000000000000206e+00,2.042228698730468750e+00
3.858000000000000096e+00,2.026289463043212891e+00
3.858999999999999986e+00,2.021650791168212891e+00
3.859999999999999876e+00,2.040516376495361328e+00
3.861000000000000210e+00,2.025105476379394531e+00
3.862000000000000099e+00,2.022584438323974609e+00
3.862999999999999989e+00,1.991416931152343750e+00
3.863999999999999879e+00,1.988545536994934082e+00
3.865000000000000213e+00,1.943046450614929199e+00
3.866000000000000103e+00,1.961861610412597656e+00
3.866999999999999993e+00,1.977726817131042480e+00
3.867999999999999883e+00,1.990622520446777344e+00
3.869000000000000217e+00,1.949639320373535156e+00
3.870000000000000107e+00,1.908203601837158203e+00
3.870999999999999996e+00,1.863056898117065430e+00
3.871999999999999886e+00,1.861426591873168945e+00
3.873000000000000220e+00,1.886718869209289551e+00
3.874000000000000110e+00,1.807482838630676270e+00
3.875000000000000000e+00,1.892955422401428223e+00
3.875999999999999890e+00,1.801800131797790527e+00
3.876999999999999780e+00,1.811852931976318359e+00
3.878000000000000114e+00,1.832378149032592773e+00
3.879000000000000004e+00,1.802012443542480469e+00
3.879999999999999893e+00,1.781395196914672852e+00
3.880999999999999783e+00,1.774536609649658203e+00
3.882000000000000117e+00,1.784285783767700195e+00
3.883000000000000007e+00,1.855015277862548828e+00
3.883999999999999897e+00,1.831305742263793945e+00
3.884999999999999787e+00,1.852538108825683594e+00
3.886000000000000121e+00,1.797689318656921387e+00
3.887000000000000011e+00,1.847435951232910156e+00
3.887999999999999901e+00,1.857736229896545410e+00
3.888999999999999790e+00,1.906183958053588867e+00
3.890000000000000124e+00,1.871527314186096191e+00
3.891000000000000014e+00,1.804049968719482422e+00
3.891999999999999904e+00,1.850333690643310547e+00
3.892999999999999794e+00,1.835688591003417969e+00
3.894000000000000128e+00,1.804007411003112793e+00
3.895000000000000018e+00,1.911743283271789551e+00
3.895999999999999908e+00,1.828517436981201172e+00
3.896999999999999797e+00,1.889475345611572266e+00
3.898000000000000131e+00,1.899064064025878906e+00
3.899000000000000021e+00,1.934401273727416992e+00
3.899999999999999911e+00,1.892591595649719238e+00
3.900999999999999801e+00,1.936457395553588867e+00
3.902000000000000135e+00,1.932976365089416504e+00
3.903000000000000025e+00,1.921300649642944336e+00
3.903999999999999915e+00,1.925664067268371582e+00
3.904999999999999805e+00,1.859740138053894043e+00
3.906000000000000139e+00,1.921234250068664551e+00
3.907000000000000028e+00,1.851656675338745117e+00
3.907999999999999918e+00,1.900286078453063965e+00
3.908999999999999808e+00,1.878724217414855957e+00
3.910000000000000142e+00,1.866654634475708008e+00
3.911000000000000032e+00,1.874033808708190918e+00
3.911999999999999922e+00,1.865998506546020508e+00
3.912999999999999812e+00,1.867611169815063477e+00
3.914000000000000146e+00,1.895877599716186523e+00
3.915000000000000036e+00,1.836744546890258789e+00
3.915999999999999925e+00,1.834201097488403320e+00
3.916999999999999815e+00,1.803936839103698730e+00
3.918000000000000149e+00,1.812500715255737305e+00
3.919000000000000039e+00,1.833992481231689453e+00
3.919999999999999929e+00,1.795900464057922363e+00
3.920999999999999819e+00,1.816128373146057129e+00
3.922000000000000153e+00,1.875040769577026367e+00
3.923000000000000043e+00,1.829493999481201172e+00
3.923999999999999932e+00,1.824970364570617676e+00
3.924999999999999822e+00,1.827387213706970215e+00
3.926000000000000156e+00,1.849175095558166504e+00
3.927000000000000046e+00,1.840421557426452637e+00
3.927999999999999936e+00,1.794607400894165039e+00
3.928999999999999826e+00,1.831250071525573730e+00
3.930000000000000160e+00,1.774867296218872070e+00
3.931000000000000050e+00,1.809330940246582031e+00
3.931999999999999940e+00,1.814849495887756348e+00
3.932999999999999829e+00,1.769800662994384766e+00
3.934000000000000163e+00,1.786671757698059082e+00
3.935000000000000053e+00,1.780320882797241211e+00
3.935999999999999943e+00,1.732167482376098633e+00
3.936999999999999833e+00,1.782855272293090820e+00
3.938000000000000167e+00,1.809514164924621582e+00
3.939000000000000057e+00,1.752272129058837891e+00
3.939999999999999947e+00,1.768632650375366211e+00
3.940999999999999837e+00,1.763866186141967773e+00
3.942000000000000171e+00,1.707155704498291016e+00
3.943000000000000060e+00,1.750349283218383789e+00
3.943999999999999950e+00,1.760782957077026367e+00
3.944999999999999840e+00,1.763967394828796387e+00
3.946000000000000174e+00,1.753552913665771484e+00
3.947000000000000064e+00,1.812092304229736328e+00
3.947999999999999954e+00,1.775686502456665039e+00
3.948999999999999844e+00,1.783055663108825684e+00
3.950000000000000178e+00,1.714819550514221191e+00
3.951000000000000068e+00,1.772450804710388184e+00
3.951999999999999957e+00,1.748818159103393555e+00
3.952999999999999847e+00,1.710872650146484375e+00
3.954000000000000181e+00,1.722286343574523926e+00
3.955000000000000071e+00,1.739163637161254883e+00
3.955999999999999961e+00,1.722301125526428223e+00
3.956999999999999851e+00,1.766496658325195312e+00
3.958000000000000185e+00,1.722804784774780273e+00
3.959000000000000075e+00,1.776189088821411133e+00
3.959999999999999964e+00,1.773443818092346191e+00
3.960999999999999854e+00,1.839866876602172852e+00
3.962000000000000188e+00,1.791078448295593262e+00
3.963000000000000078e+00,1.780922532081604004e+00
3.963999999999999968e+00,1.742680668830871582e+00
3.964999999999999858e+00,1.794280290603637695e+00
3.966000000000000192e+00,1.794450879096984863e+00
3.967000000000000082e+00,1.793156743049621582e+00
3.967999999999999972e+00,1.761159420013427734e+00
3.968999999999999861e+00,1.792117834091186523e+00
3.970000000000000195e+00,1.760652542114257812e+00
3.971000000000000085e+00,1.804700374603271484e+00
3.971999999999999975e+00,1.815552234649658203e+00
3.972999999999999865e+00,1.783255934715270996e+00
3.974000000000000199e+00,1.820183277130126953e+00
3.975000000000000089e+00,1.750917553901672363e+00
3.975999999999999979e+00,1.801531076431274414e+00
3.976999999999999869e+00,1.823138117790222168e+00
3.978000000000000203e+00,1.809880733489990234e+00
3.979000000000000092e+00,1.867351531982421875e+00
3.979999999999999982e+00,1.869590520858764648e+00
3.980999999999999872e+00,1.872603893280029297e+00
3.982000000000000206e+00,1.797079086303710938e+00
3.983000000000000096e+00,1.802253127098083496e+00
3.983999999999999986e+00,1.815481901168823242e+00
3.984999999999999876e+00,1.872099637985229492e+00
3.986000000000000210e+00,1.824774742126464844e+00
3.987000000000000099e+00,1.847242593765258789e+00
3.987999999999999989e+00,1.818640947341918945e+00
3.988999999999999879e+00,1.824509024620056152e+00
3.990000000000000213e+00,1.813724637031555176e+00
3.991000000000000103e+00,1.837327718734741211e+00
3.991999999999999993e+00,1.884743690490722656e+00
3.992999999999999883e+00,1.877107739448547363e+00
3.994000000000000217e+00,1.802522063255310059e+00
3.995000000000000107e+00,1.865328431129455566e+00
3.995999999999999996e+00,1.795715808868408203e+00
3.996999999999999886e+00,1.791519999504089355e+00
3.998000000000000220e+00,1.861577272415161133e+00
3.999000000000000110e+00,1.831138610839843750e+00
4.000000000000000000e+00,1.783584952354431152e+00
4.001000000000000334e+00,1.908390760421752930e+00
4.001999999999999780e+00,1.806932449340820312e+00
4.003000000000000114e+00,1.817995548248291016e+00
4.003999999999999559e+00,1.862454295158386230e+00
4.004999999999999893e+00,1.877977371215820312e+00
4.006000000000000227e+00,1.835202217102050781e+00
4.006999999999999673e+00,1.843191862106323242e+00
4.008000000000000007e+00,1.863015770912170410e+00
4.009000000000000341e+00,1.852992653846740723e+00
4.009999999999999787e+00,1.908845305442810059e+00
4.011000000000000121e+00,1.896106481552124023e+00
4.011999999999999567e+00,1.824173331260681152e+00
4.012999999999999901e+00,1.874918341636657715e+00
4.014000000000000234e+00,1.800029397010803223e+00
4.014999999999999680e+00,1.841890215873718262e+00
4.016000000000000014e+00,1.871854305267333984e+00
4.017000000000000348e+00,1.853611946105957031e+00
4.017999999999999794e+00,1.774522304534912109e+00
4.019000000000000128e+00,1.790152311325073242e+00
4.019999999999999574e+00,1.919547200202941895e+00
4.020999999999999908e+00,1.843233227729797363e+00
4.022000000000000242e+00,1.820925951004028320e+00
4.022999999999999687e+00,1.860974311828613281e+00
4.024000000000000021e+00,1.849354386329650879e+00
4.025000000000000355e+00,1.925452232360839844e+00
4.025999999999999801e+00,1.831946492195129395e+00
4.027000000000000135e+00,1.860988020896911621e+00
4.027999999999999581e+00,1.893238425254821777e+00
4.028999999999999915e+00,1.882468461990356445e+00
4.030000000000000249e+00,1.930850267410278320e+00
4.030999999999999694e+00,1.941903829574584961e+00
4.032000000000000028e+00,1.939353466033935547e+00
4.033000000000000362e+00,1.973413825035095215e+00
4.033999999999999808e+00,1.945264101028442383e+00
4.035000000000000142e+00,1.938787817955017090e+00
4.035999999999999588e+00,1.952934026718139648e+00
4.036999999999999922e+00,1.956431746482849121e+00
4.038000000000000256e+00,1.987544417381286621e+00
4.038999999999999702e+00,2.007251739501953125e+00
4.040000000000000036e+00,2.077353239059448242e+00
4.041000000000000369e+00,1.977481722831726074e+00
4.041999999999999815e+00,1.931220293045043945e+00
4.043000000000000149e+00,1.932303190231323242e+00
4.043999999999999595e+00,1.876414418220520020e+00
4.044999999999999929e+00,1.913343906402587891e+00
4.046000000000000263e+00,1.998922705650329590e+00
4.046999999999999709e+00,1.939629793167114258e+00
4.048000000000000043e+00,1.972418069839477539e+00
4.049000000000000377e+00,2.006641864776611328e+00
4.049999999999999822e+00,1.983870148658752441e+00
4.051000000000000156e+00,1.976849436759948730e+00
4.051999999999999602e+00,1.982751011848449707e+00
4.052999999999999936e+00,1.952920913696289062e+00
4.054000000000000270e+00,1.995512247085571289e+00
4.054999999999999716e+00,1.937116146087646484e+00
4.056000000000000050e+00,1.910074353218078613e+00
4.057000000000000384e+00,1.990020155906677246e+00
4.057999999999999829e+00,1.953639268875122070e+00
4.059000000000000163e+00,1.939129948616027832e+00
4.059999999999999609e+00,1.852937459945678711e+00
4.060999999999999943e+00,1.944385170936584473e+00
4.062000000000000277e+00,1.979054927825927734e+00
4.062999999999999723e+00,1.958269357681274414e+00
4.064000000000000057e+00,1.898566961288452148e+00
4.065000000000000391e+00,1.901735305786132812e+00
4.065999999999999837e+00,1.910207986831665039e+00
4.067000000000000171e+00,1.900433778762817383e+00
4.067999999999999616e+00,1.852193951606750488e+00
4.068999999999999950e+00,1.864849805831909180e+00
4.070000000000000284e+00,1.939064145088195801e+00
4.070999999999999730e+00,2.136203050613403320e+00
4.072000000000000064e+00,2.059010982513427734e+00
4.073000000000000398e+00,1.987236499786376953e+00
4.073999999999999844e+00,1.959285259246826172e+00
4.075000000000000178e+00,1.963681221008300781e+00
4.075999999999999623e+00,1.913357257843017578e+00
4.076999999999999957e+00,1.980034351348876953e+00
4.078000000000000291e+00,1.979261159896850586e+00
4.078999999999999737e+00,1.974331259727478027e+00
4.080000000000000071e+00,1.946601271629333496e+00
4.081000000000000405e+00,1.848181486129760742e+00
4.081999999999999851e+00,1.837938547134399414e+00
4.083000000000000185e+00,1.936957955360412598e+00
4.083999999999999631e+00,1.934308886528015137e+00
4.084999999999999964e+00,1.933622956275939941e+00
4.086000000000000298e+00,1.940497756004333496e+00
4.086999999999999744e+00,1.913103938102722168e+00
4.088000000000000078e+00,1.808287143707275391e+00
4.089000000000000412e+00,1.872345089912414551e+00
4.089999999999999858e+00,1.890271663665771484e+00
4.091000000000000192e+00,1.959688901901245117e+00
4.091999999999999638e+00,1.860549330711364746e+00
4.092999999999999972e+00,1.830609083175659180e+00
4.094000000000000306e+00,1.826311945915222168e+00
4.094999999999999751e+00,1.853735923767089844e+00
4.096000000000000085e+00,1.792402505874633789e+00
4.097000000000000419e+00,1.836813926696777344e+00
4.097999999999999865e+00,1.821024179458618164e+00
4.099000000000000199e+00,1.873257637023925781e+00
4.099999999999999645e+00,1.860713839530944824e+00
4.100999999999999979e+00,1.904081583023071289e+00
4.102000000000000313e+00,1.824215412139892578e+00
4.102999999999999758e+00,1.824620842933654785e+00
4.104000000000000092e+00,1.818640947341918945e+00
4.105000000000000426e+00,1.826451539993286133e+00
4.105999999999999872e+00,1.760058283805847168e+00
4.107000000000000206e+00,1.811768531799316406e+00
4.107999999999999652e+00,1.827163696289062500e+00
4.108999999999999986e+00,1.788127541542053223e+00
4.110000000000000320e+00,1.831403255462646484e+00
4.110999999999999766e+00,1.823697805404663086e+00
4.112000000000000099e+00,1.788256049156188965e+00
4.113000000000000433e+00,1.787414073944091797e+00
4.113999999999999879e+00,1.758608222007751465e+00
4.115000000000000213e+00,1.773386120796203613e+00
4.115999999999999659e+00,1.817728877067565918e+00
4.116999999999999993e+00,1.850581765174865723e+00
4.118000000000000327e+00,1.809204101562500000e+00
4.118999999999999773e+00,1.752679586410522461e+00
4.120000000000000107e+00,1.787756681442260742e+00
4.121000000000000441e+00,1.807948589324951172e+00
4.121999999999999886e+00,1.859698891639709473e+00
4.123000000000000220e+00,1.821822404861450195e+00
4.123999999999999666e+00,1.810374021530151367e+00
4.125000000000000000e+00,1.748468160629272461e+00
4.126000000000000334e+00,1.723470926284790039e+00
4.126999999999999780e+00,1.718460559844970703e+00
4.128000000000000114e+00,1.776462078094482422e+00
4.128999999999999559e+00,1.774824142456054688e+00
4.129999999999999893e+00,1.778055310249328613e+00
4.131000000000000227e+00,1.756184101104736328e+00
4.131999999999999673e+00,1.717242717742919922e+00
4.133000000000000007e+00,1.759855270385742188e+00
4.134000000000000341e+00,1.759898781776428223e+00
4.134999999999999787e+00,1.795829415321350098e+00
4.136000000000000121e+00,1.721738100051879883e+00
4.136999999999999567e+00,1.687662601470947266e+00
4.137999999999999901e+00,1.710216403007507324e+00
4.139000000000000234e+00,1.771299123764038086e+00
4.139999999999999680e+00,1.816437363624572754e+00
4.141000000000000014e+00,1.805505871772766113e+00
4.142000000000000348e+00,1.764444708824157715e+00
4.142999999999999794e+00,1.748964071273803711e+00
4.144000000000000128e+00,1.751616716384887695e+00
4.144999999999999574e+00,1.741230726242065430e+00
4.145999999999999908e+00,1.768949985504150391e+00
4.147000000000000242e+00,1.770305037498474121e+00
4.147999999999999687e+00,1.769007563591003418e+00
4.149000000000000021e+00,1.775585889816284180e+00
4.150000000000000355e+00,1.801375269889831543e+00
4.150999999999999801e+00,1.797306299209594727e+00
4.152000000000000135e+00,1.851904511451721191e+00
4.152999999999999581e+00,1.812641382217407227e+00
4.153999999999999915e+00,1.797107458114624023e+00
4.155000000000000249e+00,1.819328188896179199e+00
4.155999999999999694e+00,1.848747253417968750e+00
4.157000000000000028e+00,1.836300015449523926e+00
4.158000000000000362e+00,1.869577050209045410e+00
4.158999999999999808e+00,1.853818416595458984e+00
4.160000000000000142e+00,1.814610719680786133e+00
4.160999999999999588e+00,1.821724295616149902e+00
4.161999999999999922e+00,1.840144276618957520e+00
4.163000000000000256e+00,1.822550415992736816e+00
4.163999999999999702e+00,1.803187131881713867e+00
4.165000000000000036e+00,1.845681428909301758e+00
4.166000000000000369e+00,1.902298808097839355e+00
4.166999999999999815e+00,1.981567025184631348e+00
4.168000000000000149e+00,1.896536827087402344e+00
4.168999999999999595e+00,1.901561021804809570e+00
4.169999999999999929e+00,1.899413347244262695e+00
4.171000000000000263e+00,1.951025843620300293e+00
4.171999999999999709e+00,1.886894583702087402e+00
4.173000000000000043e+00,1.819047808647155762e+00
4.174000000000000377e+00,1.812331676483154297e+00
4.174999999999999822e+00,1.845639944076538086e+00
4.176000000000000156e+00,1.822536468505859375e+00
4.176999999999999602e+00,1.814582467079162598e+00
4.177999999999999936e+00,1.870668172836303711e+00
4.179000000000000270e+00,1.902553558349609375e+00
4.179999999999999716e+00,1.819047808647155762e+00
4.181000000000000050e+00,1.785186290740966797e+00
4.182000000000000384e+00,1.803738832473754883e+00
4.182999999999999829e+00,1.826870560646057129e+00
4.184000000000000163e+00,1.749474525451660156e+00
4.184999999999999609e+00,1.811416387557983398e+00
4.185999999999999943e+00,1.762042999267578125e+00
4.187000000000000277e+00,1.814948081970214844e+00
4.187999999999999723e+00,1.831027150154113770e+00
4.189000000000000057e+00,1.792758464813232422e+00
4.190000000000000391e+00,1.785743474960327148e+00
4.190999999999999837e+00,1.826898455619812012e+00
4.192000000000000171e+00,1.814638614654541016e+00
4.192999999999999616e+00,1.857983469963073730e+00
4.193999999999999950e+00,1.816900849342346191e+00
4.195000000000000284e+00,1.827163696289062500e+00
4.195999999999999730e+00,1.788684010505676270e+00
4.197000000000000064e+00,1.866012096405029297e+00
4.198000000000000398e+00,1.784528732299804688e+00
4.198999999999999844e+00,1.819468259811401367e+00
4.200000000000000178e+00,1.743368506431579590e+00
4.200999999999999623e+00,1.814062118530273438e+00
4.201999999999999957e+00,1.743617296218872070e+00
4.203000000000000291e+00,1.758056879043579102e+00
4.203999999999999737e+00,1.759377002716064453e+00
4.205000000000000071e+00,1.751136183738708496e+00
4.206000000000000405e+00,1.745927453041076660e+00
4.206999999999999851e+00,1.765384197235107422e+00
4.208000000000000185e+00,1.710186600685119629e+00
4.208999999999999631e+00,1.756619811058044434e+00
4.209999999999999964e+00,1.778471350669860840e+00
4.211000000000000298e+00,1.803767085075378418e+00
4.211999999999999744e+00,1.754018187522888184e+00
4.213000000000000078e+00,1.777495741844177246e+00
4.214000000000000412e+00,1.775844335556030273e+00
4.214999999999999858e+00,1.749343276023864746e+00
4.216000000000000192e+00,1.847643136978149414e+00
4.216999999999999638e+00,1.836522221565246582e+00
4.217999999999999972e+00,1.796227097511291504e+00
4.219000000000000306e+00,1.784571647644042969e+00
4.219999999999999751e+00,1.756910204887390137e+00
4.221000000000000085e+00,1.831500768661499023e+00
4.222000000000000419e+00,1.897222757339477539e+00
4.222999999999999865e+00,1.807017207145690918e+00
4.224000000000000199e+00,1.776749134063720703e+00
4.224999999999999645e+00,1.777739644050598145e+00
4.225999999999999979e+00,1.786286234855651855e+00
4.227000000000000313e+00,1.796553730964660645e+00
4.227999999999999758e+00,1.731814026832580566e+00
4.229000000000000092e+00,1.707245349884033203e+00
4.230000000000000426e+00,1.749911904335021973e+00
4.230999999999999872e+00,1.723322868347167969e+00
4.232000000000000206e+00,1.770160913467407227e+00
4.232999999999999652e+00,1.771457433700561523e+00
4.233999999999999986e+00,1.784971833229064941e+00
4.235000000000000320e+00,1.740205049514770508e+00
4.235999999999999766e+00,1.713673591613769531e+00
4.237000000000000099e+00,1.727256178855895996e+00
4.238000000000000433e+00,1.714566707611083984e+00
4.238999999999999879e+00,1.738063216209411621e+00
4.240000000000000213e+00,1.737050294876098633e+00
4.240999999999999659e+00,1.775240898132324219e+00
4.241999999999999993e+00,1.762202262878417969e+00
4.243000000000000327e+00,1.716559171676635742e+00
4.243999999999999773e+00,1.833199262619018555e+00
4.245000000000000107e+00,1.739926338195800781e+00
4.246000000000000441e+00,1.775169134140014648e+00
4.246999999999999886e+00,1.757229566574096680e+00
4.248000000000000220e+00,1.779589772224426270e+00
4.248999999999999666e+00,1.768546104431152344e+00
4.250000000000000000e+00,1.747110605239868164e+00
4.251000000000000334e+00,1.834548711776733398e+00
4.251999999999999780e+00,1.728333950042724609e+00
4.253000000000000114e+00,1.799462318420410156e+00
4.253999999999999559e+00,1.770564317703247070e+00
4.254999999999999893e+00,1.790665268898010254e+00
4.256000000000000227e+00,1.772393465042114258e+00
4.256999999999999673e+00,1.729042410850524902e+00
4.258000000000000007e+00,1.742870926856994629e+00
4.259000000000000341e+00,1.717213153839111328e+00
4.259999999999999787e+00,1.755806326866149902e+00
4.261000000000000121e+00,1.693457365036010742e+00
4.261999999999999567e+00,1.694074869155883789e+00
4.262999999999999901e+00,1.755123257637023926e+00
4.264000000000000234e+00,1.694707155227661133e+00
4.264999999999999680e+00,1.710574507713317871e+00
4.266000000000000014e+00,1.740600585937500000e+00
4.267000000000000348e+00,1.696723103523254395e+00
4.267999999999999794e+00,1.727920651435852051e+00
4.269000000000000128e+00,1.773817658424377441e+00
4.269999999999999574e+00,1.770564317703247070e+00
4.270999999999999908e+00,1.749416351318359375e+00
4.272000000000000242e+00,1.737593531608581543e+00
4.272999999999999687e+00,1.725009679794311523e+00
4.274000000000000021e+00,1.690517187118530273e+00
4.275000000000000355e+00,1.721930742263793945e+00
4.275999999999999801e+00,1.748190879821777344e+00
4.277000000000000135e+00,1.737696170806884766e+00
4.277999999999999581e+00,1.691241383552551270e+00
4.278999999999999915e+00,1.718890905380249023e+00
4.280000000000000249e+00,1.723796606063842773e+00
4.280999999999999694e+00,1.722804784774780273e+00
4.282000000000000028e+00,1.705989837646484375e+00
4.283000000000000362e+00,1.776016831398010254e+00
4.283999999999999808e+00,1.770478010177612305e+00
4.285000000000000142e+00,1.751747846603393555e+00
4.285999999999999588e+00,1.766294360160827637e+00
4.286999999999999922e+00,1.734242916107177734e+00
4.288000000000000256e+00,1.728791594505310059e+00
4.288999999999999702e+00,1.717153668403625488e+00
4.290000000000000036e+00,1.743953824043273926e+00
4.291000000000000369e+00,1.769021987915039062e+00
4.291999999999999815e+00,1.727817296981811523e+00
4.293000000000000149e+00,1.723663330078125000e+00
4.293999999999999595e+00,1.719766378402709961e+00
4.294999999999999929e+00,1.735448718070983887e+00
4.296000000000000263e+00,1.715533614158630371e+00
4.296999999999999709e+00,1.789796113967895508e+00
4.298000000000000043e+00,1.721026897430419922e+00
4.299000000000000377e+00,1.758695244789123535e+00
4.299999999999999822e+00,1.738841056823730469e+00
4.301000000000000156e+00,1.798739194869995117e+00
4.301999999999999602e+00,1.801134467124938965e+00
4.302999999999999936e+00,1.761159420013427734e+00
4.304000000000000270e+00,1.802663683891296387e+00
4.304999999999999716e+00,1.846703886985778809e+00
4.306000000000000050e+00,1.815608501434326172e+00
4.307000000000000384e+00,1.840130329132080078e+00
4.307999999999999829e+00,1.845142245292663574e+00
4.309000000000000163e+00,1.782626390457153320e+00
4.309999999999999609e+00,1.785300493240356445e+00
4.310999999999999943e+00,1.813359022140502930e+00
4.312000000000000277e+00,1.827526688575744629e+00
4.312999999999999723e+00,1.772062182426452637e+00
4.314000000000000057e+00,1.774249196052551270e+00
4.315000000000000391e+00,1.811134696006774902e+00
4.315999999999999837e+00,1.695128679275512695e+00
4.317000000000000171e+00,1.808625698089599609e+00
4.317999999999999616e+00,1.825767040252685547e+00
4.318999999999999950e+00,1.755733609199523926e+00
4.320000000000000284e+00,1.714239239692687988e+00
4.320999999999999730e+00,1.823264241218566895e+00
4.322000000000000064e+00,1.775499582290649414e+00
4.323000000000000398e+00,1.764574766159057617e+00
4.323999999999999844e+00,1.724521517753601074e+00
4.325000000000000178e+00,1.819916963577270508e+00
4.325999999999999623e+00,1.807652235031127930e+00
4.326999999999999957e+00,1.767492771148681641e+00
4.328000000000000291e+00,1.782941222190856934e+00
4.328999999999999737e+00,1.749255776405334473e+00
4.330000000000000071e+00,1.740849733352661133e+00
4.331000000000000405e+00,1.774795293807983398e+00
4.331999999999999851e+00,1.759681463241577148e+00
4.333000000000000185e+00,1.751922607421875000e+00
4.333999999999999631e+00,1.710067272186279297e+00
4.334999999999999964e+00,1.753421902656555176e+00
4.336000000000000298e+00,1.717346787452697754e+00
4.336999999999999744e+00,1.772522807121276855e+00
4.338000000000000078e+00,1.710052371025085449e+00
4.339000000000000412e+00,1.706782102584838867e+00
4.339999999999999858e+00,1.788769483566284180e+00
4.341000000000000192e+00,1.806480407714843750e+00
4.341999999999999638e+00,1.709351062774658203e+00
4.342999999999999972e+00,1.726443648338317871e+00
4.344000000000000306e+00,1.761651992797851562e+00
4.344999999999999751e+00,1.735404610633850098e+00
4.346000000000000085e+00,1.758202075958251953e+00
4.347000000000000419e+00,1.729145646095275879e+00
4.347999999999999865e+00,1.707200527191162109e+00
4.349000000000000199e+00,1.703790187835693359e+00
4.349999999999999645e+00,1.780507087707519531e+00
4.350999999999999979e+00,1.771875023841857910e+00
4.352000000000000313e+00,1.764502525329589844e+00
4.352999999999999758e+00,1.793782711029052734e+00
4.354000000000000092e+00,1.727581024169921875e+00
4.355000000000000426e+00,1.799859285354614258e+00
4.355999999999999872e+00,1.784771680831909180e+00
4.357000000000000206e+00,1.789225816726684570e+00
4.357999999999999652e+00,1.830678701400756836e+00
4.358999999999999986e+00,1.736139297485351562e+00
4.360000000000000320e+00,1.708694219589233398e+00
4.360999999999999766e+00,1.792786717414855957e+00
4.362000000000000099e+00,1.746292710304260254e+00
4.363000000000000433e+00,1.714834451675415039e+00
4.363999999999999879e+00,1.799079418182373047e+00
4.365000000000000213e+00,1.797746181488037109e+00
4.365999999999999659e+00,1.741392016410827637e+00
4.366999999999999993e+00,1.733153939247131348e+00
4.368000000000000327e+00,1.768921017646789551e+00
4.368999999999999773e+00,1.747446537017822266e+00
4.370000000000000107e+00,1.736962080001831055e+00
4.371000000000000441e+00,1.720937967300415039e+00
4.371999999999999886e+00,1.695534944534301758e+00
4.373000000000000220e+00,1.702831745147705078e+00
4.373999999999999666e+00,1.722967624664306641e+00
4.375000000000000000e+00,1.712780237197875977e+00
4.376000000000000334e+00,1.762115359306335449e+00
4.376999999999999780e+00,1.760304689407348633e+00
4.378000000000000114e+00,1.753974676132202148e+00
4.378999999999999559e+00,1.756155014038085938e+00
4.379999999999999893e+00,1.770088791847229004e+00
4.381000000000000227e+00,1.797802925109863281e+00
4.381999999999999673e+00,1.755384922027587891e+00
4.383000000000000007e+00,1.721753001213073730e+00
4.384000000000000341e+00,1.796979784965515137e+00
4.384999999999999787e+00,1.782082438468933105e+00
4.386000000000000121e+00,1.817925453186035156e+00
4.386999999999999567e+00,1.715622663497924805e+00
4.387999999999999901e+00,1.799859285354614258e+00
4.389000000000000234e+00,1.775887489318847656e+00
4.389999999999999680e+00,1.771587133407592773e+00
4.391000000000000014e+00,1.713137626647949219e+00
4.392000000000000348e+00,1.731180429458618164e+00
4.392999999999999794e+00,1.706363558769226074e+00
4.394000000000000128e+00,1.714745163917541504e+00
4.394999999999999574e+00,1.743661165237426758e+00
4.395999999999999908e+00,1.774047732353210449e+00
4.397000000000000242e+00,1.759434938430786133e+00
4.397999999999999687e+00,1.772911429405212402e+00
4.399000000000000021e+00,1.785129070281982422e+00
4.400000000000000355e+00,1.808555245399475098e+00
4.400999999999999801e+00,1.746511936187744141e+00
4.402000000000000135e+00,1.755021572113037109e+00
4.402999999999999581e+00,1.742622137069702148e+00
4.403999999999999915e+00,1.741465210914611816e+00
4.405000000000000249e+00,1.755341291427612305e+00
4.405999999999999694e+00,1.751820802688598633e+00
4.407000000000000028e+00,1.735963106155395508e+00
4.408000000000000362e+00,1.734331130981445312e+00
4.408999999999999808e+00,1.741787433624267578e+00
4.410000000000000142e+00,1.728201150894165039e+00
4.410999999999999588e+00,1.784700155258178711e+00
4.411999999999999922e+00,1.753057956695556641e+00
4.413000000000000256e+00,1.754556298255920410e+00
4.413999999999999702e+00,1.755864500999450684e+00
4.415000000000000036e+00,1.753290891647338867e+00
4.416000000000000369e+00,1.751106977462768555e+00
4.416999999999999815e+00,1.698090910911560059e+00
4.418000000000000149e+00,1.741201400756835938e+00
4.418999999999999595e+00,1.734551668167114258e+00
4.419999999999999929e+00,1.789539456367492676e+00
4.421000000000000263e+00,1.809457778930664062e+00
4.421999999999999709e+00,1.812810182571411133e+00
4.423000000000000043e+00,1.738664984703063965e+00
4.424000000000000377e+00,1.818753242492675781e+00
4.424999999999999822e+00,1.774766564369201660e+00
4.426000000000000156e+00,1.787428379058837891e+00
4.426999999999999602e+00,1.808301329612731934e+00
4.427999999999999936e+00,1.825697183609008789e+00
4.429000000000000270e+00,1.802847504615783691e+00
4.429999999999999716e+00,1.738650321960449219e+00
4.431000000000000050e+00,1.781495571136474609e+00
4.432000000000000384e+00,1.782354354858398438e+00
4.432999999999999829e+00,1.793412923812866211e+00
4.434000000000000163e+00,1.768719077110290527e+00
4.434999999999999609e+00,1.781166076660156250e+00
4.435999999999999943e+00,1.810219049453735352e+00
4.437000000000000277e+00,1.796283841133117676e+00
4.437999999999999723e+00,1.784714460372924805e+00
4.439000000000000057e+00,1.808470606803894043e+00
4.440000000000000391e+00,1.825082182884216309e+00
4.440999999999999837e+00,1.830692768096923828e+00
4.442000000000000171e+00,1.778729557991027832e+00
4.442999999999999616e+00,1.794991254806518555e+00
4.443999999999999950e+00,1.830943703651428223e+00
4.445000000000000284e+00,1.826577305793762207e+00
4.445999999999999730e+00,1.804502487182617188e+00
4.447000000000000064e+00,1.793498277664184570e+00
4.448000000000000398e+00,1.790508627891540527e+00
4.448999999999999844e+00,1.783227324485778809e+00
4.450000000000000178e+00,1.763142943382263184e+00
4.450999999999999623e+00,1.824970364570617676e+00
4.451999999999999957e+00,1.847090721130371094e+00
4.453000000000000291e+00,1.763924121856689453e+00
4.453999999999999737e+00,1.852014780044555664e+00
4.455000000000000071e+00,1.805590629577636719e+00
4.456000000000000405e+00,1.758811354637145996e+00
4.456999999999999851e+00,1.784357070922851562e+00
4.458000000000000185e+00,1.797689318656921387e+00
4.458999999999999631e+00,1.751820802688598633e+00
4.459999999999999964e+00,1.806099176406860352e+00
4.461000000000000298e+00,1.813766837120056152e+00
4.461999999999999744e+00,1.785043239593505859e+00
4.463000000000000078e+00,1.829870462417602539e+00
4.464000000000000412e+00,1.810627579689025879e+00
4.464999999999999858e+00,1.805873155593872070e+00
4.466000000000000192e+00,1.855386495590209961e+00
4.466999999999999638e+00,1.832071781158447266e+00
4.467999999999999972e+00,1.839243054389953613e+00
4.469000000000000306e+00,1.845432519912719727e+00
4.469999999999999751e+00,1.798625707626342773e+00
4.471000000000000085e+00,1.851849555969238281e+00
4.472000000000000419e+00,1.821654319763183594e+00
4.472999999999999865e+00,1.823599934577941895e+00
4.474000000000000199e+00,1.830595254898071289e+00
4.474999999999999645e+00,1.802267313003540039e+00
4.475999999999999979e+00,1.796894550323486328e+00
4.477000000000000313e+00,1.832517385482788086e+00
4.477999999999999758e+00,1.778743982315063477e+00
4.479000000000000092e+00,1.831598281860351562e+00
4.480000000000000426e+00,1.794180870056152344e+00
4.480999999999999872e+00,1.846731662750244141e+00
4.482000000000000206e+00,1.859685182571411133e+00
4.482999999999999652e+00,1.979583501815795898e+00
4.483999999999999986e+00,1.864726543426513672e+00
4.485000000000000320e+00,1.841045141220092773e+00
4.485999999999999766e+00,1.854919075965881348e+00
4.487000000000000099e+00,1.830037713050842285e+00
4.488000000000000433e+00,1.881546497344970703e+00
4.488999999999999879e+00,1.820043206214904785e+00
4.490000000000000213e+00,1.829591512680053711e+00
4.490999999999999659e+00,1.856293797492980957e+00
4.491999999999999993e+00,1.823320150375366211e+00
4.493000000000000327e+00,1.884066820144653320e+00
4.493999999999999773e+00,1.825683116912841797e+00
4.495000000000000107e+00,1.869413256645202637e+00
4.496000000000000441e+00,1.828140735626220703e+00
4.496999999999999886e+00,1.837744235992431641e+00
4.498000000000000220e+00,1.824425220489501953e+00
4.498999999999999666e+00,1.831612348556518555e+00
4.500000000000000000e+00,1.833811521530151367e+00
4.501000000000000334e+00,1.858518838882446289e+00
4.501999999999999780e+00,1.773084163665771484e+00
4.503000000000000114e+00,1.796610474586486816e+00
4.503999999999999559e+00,1.849947452545166016e+00
4.504999999999999893e+00,1.845487833023071289e+00
4.506000000000000227e+00,1.841058969497680664e+00
4.506999999999999673e+00,1.845197558403015137e+00
4.508000000000000007e+00,1.782053828239440918e+00
4.509000000000000341e+00,1.844768762588500977e+00
4.509999999999999787e+00,1.814470052719116211e+00
4.511000000000000121e+00,1.822648525238037109e+00
4.511999999999999567e+00,1.798483848571777344e+00
4.512999999999999901e+00,1.781953692436218262e+00
4.514000000000000234e+00,1.839797616004943848e+00
4.514999999999999680e+00,1.868744492530822754e+00
4.516000000000000014e+00,1.756227612495422363e+00
4.517000000000000348e+00,1.772983312606811523e+00
4.517999999999999794e+00,1.753858208656311035e+00
4.519000000000000128e+00,1.770521283149719238e+00
4.519999999999999574e+00,1.774407386779785156e+00
4.520999999999999908e+00,1.757679581642150879e+00
4.522000000000000242e+00,1.844934821128845215e+00
4.522999999999999687e+00,1.806579351425170898e+00
4.524000000000000021e+00,1.854465126991271973e+00
4.525000000000000355e+00,1.834340095520019531e+00
4.525999999999999801e+00,1.853763461112976074e+00
4.527000000000000135e+00,1.828517436981201172e+00
4.527999999999999581e+00,1.861632108688354492e+00
4.528999999999999915e+00,1.787984967231750488e+00
4.530000000000000249e+00,1.828489780426025391e+00
4.530999999999999694e+00,1.855812788009643555e+00
4.532000000000000028e+00,1.814948081970214844e+00
4.533000000000000362e+00,1.793668866157531738e+00
4.533999999999999808e+00,1.919174909591674805e+00
4.535000000000000142e+00,1.818135857582092285e+00
4.535999999999999588e+00,1.862358331680297852e+00
4.536999999999999922e+00,1.890447139739990234e+00
4.538000000000000256e+00,1.815074563026428223e+00
4.538999999999999702e+00,1.812289357185363770e+00
4.540000000000000036e+00,1.824942350387573242e+00
4.541000000000000369e+00,1.846413850784301758e+00
4.541999999999999815e+00,1.833115935325622559e+00
4.543000000000000149e+00,1.852772235870361328e+00
4.543999999999999595e+00,1.883525133132934570e+00
4.544999999999999929e+00,1.862043261528015137e+00
4.546000000000000263e+00,1.827093958854675293e+00
4.546999999999999709e+00,1.899440169334411621e+00
4.548000000000000043e+00,1.880854964256286621e+00
4.549000000000000377e+00,1.872808218002319336e+00
4.549999999999999822e+00,1.892726302146911621e+00
4.551000000000000156e+00,1.876319408416748047e+00
4.551999999999999602e+00,1.865656614303588867e+00
4.552999999999999936e+00,1.930282115936279297e+00
4.554000000000000270e+00,1.874482870101928711e+00
4.554999999999999716e+00,1.871595501899719238e+00
4.556000000000000050e+00,1.874537348747253418e+00
4.557000000000000384e+00,1.896496534347534180e+00
4.557999999999999829e+00,1.859122753143310547e+00
4.559000000000000163e+00,1.853667020797729492e+00
4.559999999999999609e+00,1.797788739204406738e+00
4.560999999999999943e+00,1.848733544349670410e+00
4.562000000000000277e+00,1.834924221038818359e+00
4.562999999999999723e+00,1.918483734130859375e+00
4.564000000000000057e+00,1.883091688156127930e+00
4.565000000000000391e+00,1.904336094856262207e+00
4.565999999999999837e+00,1.856417536735534668e+00
4.567000000000000171e+00,1.830567359924316406e+00
4.567999999999999616e+00,1.869604349136352539e+00
4.568999999999999950e+00,1.840158104896545410e+00
4.570000000000000284e+00,1.875938415527343750e+00
4.570999999999999730e+00,1.911716580390930176e+00
4.572000000000000064e+00,1.848002076148986816e+00
4.573000000000000398e+00,1.836438894271850586e+00
4.573999999999999844e+00,1.856761097908020020e+00
4.575000000000000178e+00,1.868539571762084961e+00
4.575999999999999623e+00,1.871159195899963379e+00
4.576999999999999957e+00,1.872345089912414551e+00
4.578000000000000291e+00,1.880054593086242676e+00
4.578999999999999737e+00,1.953639268875122070e+00
4.580000000000000071e+00,1.828977942466735840e+00
4.581000000000000405e+00,1.865656614303588867e+00
4.581999999999999851e+00,1.839256882667541504e+00
4.583000000000000185e+00,1.900809526443481445e+00
4.583999999999999631e+00,1.897733688354492188e+00
4.584999999999999964e+00,1.863549709320068359e+00
4.586000000000000298e+00,1.901386499404907227e+00
4.586999999999999744e+00,1.910915613174438477e+00
4.588000000000000078e+00,1.875244855880737305e+00
4.589000000000000412e+00,1.887719154357910156e+00
4.589999999999999858e+00,1.871227502822875977e+00
4.591000000000000192e+00,1.847449779510498047e+00
4.591999999999999638e+00,1.869194746017456055e+00
4.592999999999999972e+00,1.859136581420898438e+00
4.594000000000000306e+00,1.891661167144775391e+00
4.594999999999999751e+00,1.846952557563781738e+00
4.596000000000000085e+00,1.862769246101379395e+00
4.597000000000000419e+00,1.877787113189697266e+00
4.597999999999999865e+00,1.835952758789062500e+00
4.599000000000000199e+00,1.876428127288818359e+00
4.599999999999999645e+00,1.780936837196350098e+00
4.600999999999999979e+00,1.852483153343200684e+00
4.602000000000000313e+00,1.842250347137451172e+00
4.602999999999999758e+00,1.855565309524536133e+00
4.604000000000000092e+00,1.791306257247924805e+00
4.605000000000000426e+00,1.885596275329589844e+00
4.605999999999999872e+00,1.884175062179565430e+00
4.607000000000000206e+00,1.873189449310302734e+00
4.607999999999999652e+00,1.857955932617187500e+00
4.608999999999999986e+00,1.841765642166137695e+00
4.610000000000000320e+00,1.807849884033203125e+00
4.610999999999999766e+00,1.844879508018493652e+00
4.612000000000000099e+00,1.827373266220092773e+00
4.613000000000000433e+00,1.789952754974365234e+00
4.613999999999999879e+00,1.823585987091064453e+00
4.615000000000000213e+00,1.843883752822875977e+00
4.615999999999999659e+00,1.791818857192993164e+00
4.616999999999999993e+00,1.821850419044494629e+00
4.618000000000000327e+00,1.759782910346984863e+00
4.618999999999999773e+00,1.786400556564331055e+00
4.620000000000000107e+00,1.782125353813171387e+00
4.621000000000000441e+00,1.813246488571166992e+00
4.621999999999999886e+00,1.839034795761108398e+00
4.623000000000000220e+00,1.777266025543212891e+00
4.623999999999999666e+00,1.815285205841064453e+00
4.625000000000000000e+00,1.777251720428466797e+00
4.626000000000000334e+00,1.811360120773315430e+00
4.626999999999999780e+00,1.824564933776855469e+00
4.628000000000000114e+00,1.837230682373046875e+00
4.628999999999999559e+00,1.830818176269531250e+00
4.629999999999999893e+00,1.780922532081604004e+00
4.631000000000000227e+00,1.787842273712158203e+00
4.631999999999999673e+00,1.773918271064758301e+00
4.633000000000000007e+00,1.848402261734008789e+00
4.634000000000000341e+00,1.854891538619995117e+00
4.634999999999999787e+00,1.778801202774047852e+00
4.636000000000000121e+00,1.764690399169921875e+00
4.636999999999999567e+00,1.730119109153747559e+00
4.637999999999999901e+00,1.771975874900817871e+00
4.639000000000000234e+00,1.742578148841857910e+00
4.639999999999999680e+00,1.727684497833251953e+00
4.641000000000000014e+00,1.797178506851196289e+00
4.642000000000000348e+00,1.769541025161743164e+00
4.642999999999999794e+00,1.854410052299499512e+00
4.644000000000000128e+00,1.846745491027832031e+00
4.644999999999999574e+00,1.856499910354614258e+00
4.645999999999999908e+00,1.858724832534790039e+00
4.647000000000000242e+00,1.800922036170959473e+00
4.647999999999999687e+00,1.796709895133972168e+00
4.649000000000000021e+00,1.852166414260864258e+00
4.650000000000000355e+00,1.731003522872924805e+00
4.650999999999999801e+00,1.769656419754028320e+00
4.652000000000000135e+00,1.716945648193359375e+00
4.652999999999999581e+00,1.746263504028320312e+00
4.653999999999999915e+00,1.844022035598754883e+00
4.655000000000000249e+00,1.787670969963073730e+00
4.655999999999999694e+00,1.818023681640625000e+00
4.657000000000000028e+00,1.844658255577087402e+00
4.658000000000000362e+00,1.815229058265686035e+00
4.658999999999999808e+00,1.867652058601379395e+00
4.660000000000000142e+00,1.848719716072082520e+00
4.660999999999999588e+00,1.874074697494506836e+00
4.661999999999999922e+00,1.774306535720825195e+00
4.663000000000000256e+00,1.803215503692626953e+00
4.663999999999999702e+00,1.836008310317993164e+00
4.665000000000000036e+00,1.868116378784179688e+00
4.666000000000000369e+00,1.821598410606384277e+00
4.666999999999999815e+00,1.866955280303955078e+00
4.668000000000000149e+00,1.865451574325561523e+00
4.668999999999999595e+00,1.845170021057128906e+00
4.669999999999999929e+00,1.876264810562133789e+00
4.671000000000000263e+00,1.850967645645141602e+00
4.671999999999999709e+00,1.856980919837951660e+00
4.673000000000000043e+00,1.904818415641784668e+00
4.674000000000000377e+00,1.869658827781677246e+00
4.674999999999999822e+00,1.865246415138244629e+00
4.676000000000000156e+00,1.843869805335998535e+00
4.676999999999999602e+00,1.837258338928222656e+00
4.677999999999999936e+00,1.899749040603637695e+00
4.679000000000000270e+00,1.892389297485351562e+00
4.679999999999999716e+00,1.896294593811035156e+00
4.681000000000000050e+00,1.824704647064208984e+00
4.682000000000000384e+00,1.808117866516113281e+00
4.682999999999999829e+00,1.830915689468383789e+00
4.684000000000000163e+00,1.874537348747253418e+00
4.684999999999999609e+00,1.878276109695434570e+00
4.685999999999999943e+00,1.876713514328002930e+00
4.687000000000000277e+00,1.894544959068298340e+00
4.687999999999999723e+00,1.908217072486877441e+00
4.689000000000000057e+00,1.873924851417541504e+00
4.690000000000000391e+00,1.890649557113647461e+00
4.690999999999999837e+00,1.880054593086242676e+00
4.692000000000000171e+00,1.882603883743286133e+00
4.692999999999999616e+00,1.964278817176818848e+00
4.693999999999999950e+00,1.867693066596984863e+00
4.695000000000000284e+00,1.957630991935729980e+00
4.695999999999999730e+00,1.948003053665161133e+00
4.697000000000000064e+00,1.890838384628295898e+00
4.698000000000000398e+00,1.924153327941894531e+00
4.698999999999999844e+00,1.916607737541198730e+00
4.700000000000000178e+00,1.882644414901733398e+00
4.700999999999999623e+00,1.890474081039428711e+00
4.701999999999999957e+00,1.889961242675781250e+00
4.703000000000000291e+00,1.864425659179687500e+00
4.703999999999999737e+00,1.859410881996154785e+00
4.705000000000000071e+00,1.905313730239868164e+00
4.706000000000000405e+00,1.938037753105163574e+00
4.706999999999999851e+00,1.910368323326110840e+00
4.708000000000000185e+00,1.896389007568359375e+00
4.708999999999999631e+00,1.850636959075927734e+00
4.709999999999999964e+00,1.854286313056945801e+00
4.711000000000000298e+00,1.819594502449035645e+00
4.711999999999999744e+00,1.912036895751953125e+00
4.713000000000000078e+00,1.880366683006286621e+00
4.714000000000000412e+00,1.886042594909667969e+00
4.714999999999999858e+00,1.876251220703125000e+00
4.716000000000000192e+00,1.841876387596130371e+00
4.716999999999999638e+00,1.884567737579345703e+00
4.717999999999999972e+00,1.872358560562133789e+00
4.719000000000000306e+00,1.860535621643066406e+00
4.719999999999999751e+00,1.891998291015625000e+00
4.721000000000000085e+00,1.826856613159179688e+00
4.722000000000000419e+00,1.820505738258361816e+00
4.722999999999999865e+00,1.798058271408081055e+00
4.724000000000000199e+00,1.842776536941528320e+00
4.724999999999999645e+00,1.806650042533874512e+00
4.725999999999999979e+00,1.846800804138183594e+00
4.727000000000000313e+00,1.822396397590637207e+00
4.727999999999999758e+00,1.818739056587219238e+00
4.729000000000000092e+00,1.857997179031372070e+00
4.730000000000000426e+00,1.830051541328430176e+00
4.730999999999999872e+00,1.853667020797729492e+00
4.732000000000000206e+00,1.841779470443725586e+00
4.732999999999999652e+00,1.866353988647460938e+00
4.733999999999999986e+00,1.838271737098693848e+00
4.735000000000000320e+00,1.843039512634277344e+00
4.735999999999999766e+00,1.814877748489379883e+00
4.737000000000000099e+00,1.793739914894104004e+00
4.738000000000000433e+00,1.828057169914245605e+00
4.738999999999999879e+00,1.741186857223510742e+00
4.740000000000000213e+00,1.860398292541503906e+00
4.740999999999999659e+00,1.853501915931701660e+00
4.741999999999999993e+00,1.832057952880859375e+00
4.743000000000000327e+00,1.898029446601867676e+00
4.743999999999999773e+00,1.847919225692749023e+00
4.745000000000000107e+00,1.874006509780883789e+00
4.746000000000000441e+00,1.856761097908020020e+00
4.746999999999999886e+00,1.846690177917480469e+00
4.748000000000000220e+00,1.826200246810913086e+00
4.748999999999999666e+00,1.792516469955444336e+00
4.750000000000000000e+00,1.797377109527587891e+00
4.751000000000000334e+00,1.857420444488525391e+00
4.751999999999999780e+00,1.814723134040832520e+00
4.753000000000000114e+00,1.830316543579101562e+00
4.753999999999999559e+00,1.847573995590209961e+00
4.754999999999999893e+00,1.822312474250793457e+00
4.756000000000000227e+00,1.821724295616149902e+00
4.756999999999999673e+00,1.823991537094116211e+00
4.758000000000000007e+00,1.879185914993286133e+00
4.759000000000000341e+00,1.796113371849060059e+00
4.759999999999999787e+00,1.824928402900695801e+00
4.761000000000000121e+00,1.832990646362304688e+00
4.761999999999999567e+00,1.790665268898010254e+00
4.762999999999999901e+00,1.819538474082946777e+00
4.764000000000000234e+00,1.853047609329223633e+00
4.764999999999999680e+00,1.837300062179565430e+00
4.766000000000000014e+00,1.804219484329223633e+00
4.767000000000000348e+00,1.807426452636718750e+00
4.767999999999999794e+00,1.822368383407592773e+00
4.769000000000000128e+00,1.823404073715209961e+00
4.769999999999999574e+00,1.825333833694458008e+00
4.770999999999999908e+00,1.773170351982116699e+00
4.772000000000000242e+00,1.807017207145690918e+00
4.772999999999999687e+00,1.782569169998168945e+00
4.774000000000000021e+00,1.790423154830932617e+00
4.775000000000000355e+00,1.790066838264465332e+00
4.775999999999999801e+00,1.862221360206604004e+00
4.777000000000000135e+00,1.764647006988525391e+00
4.777999999999999581e+00,1.810078024864196777e+00
4.778999999999999915e+00,1.831013202667236328e+00
4.780000000000000249e+00,1.919414281845092773e+00
4.780999999999999694e+00,1.919254660606384277e+00
4.782000000000000028e+00,1.810162663459777832e+00
4.783000000000000362e+00,1.862056970596313477e+00
4.783999999999999808e+00,1.878547787666320801e+00
4.785000000000000142e+00,1.830762505531311035e+00
4.785999999999999588e+00,1.892133235931396484e+00
4.786999999999999922e+00,1.834743499755859375e+00
4.788000000000000256e+00,1.826242089271545410e+00
4.788999999999999702e+00,1.903331160545349121e+00
4.790000000000000036e+00,1.863549709320068359e+00
4.791000000000000369e+00,1.857077002525329590e+00
4.791999999999999815e+00,1.812416195869445801e+00
4.793000000000000149e+00,1.879308104515075684e+00
4.793999999999999595e+00,1.864658117294311523e+00
4.794999999999999929e+00,1.880515813827514648e+00
4.796000000000000263e+00,1.861878752708435059e+00
4.796999999999999709e+00,1.864836096763610840e+00
4.798000000000000043e+00,1.865355849266052246e+00
4.799000000000000377e+00,1.822312474250793457e+00
4.799999999999999822e+00,1.856788396835327148e+00
4.801000000000000156e+00,1.873216748237609863e+00
4.801999999999999602e+00,1.910782098770141602e+00
4.802999999999999936e+00,1.858203172683715820e+00
4.804000000000000270e+00,1.828657150268554688e+00
4.804999999999999716e+00,1.840338468551635742e+00
4.806000000000000050e+00,1.921951174736022949e+00
4.807000000000000384e+00,1.888219118118286133e+00
4.807999999999999829e+00,1.929660797119140625e+00
4.809000000000000163e+00,1.891823053359985352e+00
4.809999999999999609e+00,1.903759956359863281e+00
4.810999999999999943e+00,1.886123895645141602e+00
4.812000000000000277e+00,1.917698860168457031e+00
4.812999999999999723e+00,1.867884278297424316e+00
4.814000000000000057e+00,1.863508701324462891e+00
4.815000000000000391e+00,1.865232706069946289e+00
4.815999999999999837e+00,1.845874905586242676e+00
4.817000000000000171e+00,1.918257594108581543e+00
4.817999999999999616e+00,1.895352721214294434e+00
4.818999999999999950e+00,1.907909512519836426e+00
4.820000000000000284e+00,1.909927606582641602e+00
4.820999999999999730e+00,1.987056732177734375e+00
4.822000000000000064e+00,1.902258515357971191e+00
4.823000000000000398e+00,1.955414414405822754e+00
4.823999999999999844e+00,1.914476871490478516e+00
4.825000000000000178e+00,1.898325085639953613e+00
4.825999999999999623e+00,1.923689246177673340e+00
4.826999999999999957e+00,1.902499914169311523e+00
4.828000000000000291e+00,1.861659526824951172e+00
4.828999999999999737e+00,1.858134508132934570e+00
4.830000000000000071e+00,1.878860116004943848e+00
4.831000000000000405e+00,1.855689167976379395e+00
4.831999999999999851e+00,1.870272755622863770e+00
4.833000000000000185e+00,1.822466373443603516e+00
4.833999999999999631e+00,1.814470052719116211e+00
4.834999999999999964e+00,1.819356203079223633e+00
4.836000000000000298e+00,1.875993013381958008e+00
4.836999999999999744e+00,1.820449709892272949e+00
4.838000000000000078e+00,1.876332879066467285e+00
4.839000000000000412e+00,1.849395751953125000e+00
4.839999999999999858e+00,1.853694677352905273e+00
4.841000000000000192e+00,1.867788553237915039e+00
4.841999999999999638e+00,1.914703369140625000e+00
4.842999999999999972e+00,1.880230903625488281e+00
4.844000000000000306e+00,1.834673881530761719e+00
4.844999999999999751e+00,1.899104356765747070e+00
4.846000000000000085e+00,1.843745231628417969e+00
4.847000000000000419e+00,1.885758638381958008e+00
4.847999999999999865e+00,1.875394582748413086e+00
4.849000000000000199e+00,1.880895614624023438e+00
4.849999999999999645e+00,1.775557041168212891e+00
4.850999999999999979e+00,1.846648693084716797e+00
4.852000000000000313e+00,1.782397508621215820e+00
4.852999999999999758e+00,1.878126740455627441e+00
4.854000000000000092e+00,1.813429355621337891e+00
4.855000000000000426e+00,1.916487932205200195e+00
4.855999999999999872e+00,1.889785647392272949e+00
4.857000000000000206e+00,1.853653311729431152e+00
4.857999999999999652e+00,1.880407333374023438e+00
4.858999999999999986e+00,1.913397312164306641e+00
4.860000000000000320e+00,1.947780370712280273e+00
4.860999999999999766e+00,1.916700839996337891e+00
4.862000000000000099e+00,1.872236013412475586e+00
4.863000000000000433e+00,1.930519938468933105e+00
4.863999999999999879e+00,1.900339841842651367e+00
4.865000000000000213e+00,1.956575036048889160e+00
4.865999999999999659e+00,1.959324359893798828e+00
4.866999999999999993e+00,1.888286590576171875e+00
4.868000000000000327e+00,1.880393743515014648e+00
4.868999999999999773e+00,1.859356045722961426e+00
4.870000000000000107e+00,1.885136246681213379e+00
4.871000000000000441e+00,1.900232434272766113e+00
4.871999999999999886e+00,1.924338936805725098e+00
4.873000000000000220e+00,1.893332719802856445e+00
4.873999999999999666e+00,1.909673810005187988e+00
4.875000000000000000e+00,1.947701692581176758e+00
4.876000000000000334e+00,1.909005641937255859e+00
4.876999999999999780e+00,1.876060962677001953e+00
4.878000000000000114e+00,1.889164686203002930e+00
4.878999999999999559e+00,1.921592712402343750e+00
4.879999999999999893e+00,1.921725511550903320e+00
4.881000000000000227e+00,1.882468461990356445e+00
4.881999999999999673e+00,1.873080611228942871e+00
4.883000000000000007e+00,1.844270944595336914e+00
4.884000000000000341e+00,1.889826178550720215e+00
4.884999999999999787e+00,1.884405374526977539e+00
4.886000000000000121e+00,1.838687896728515625e+00
4.886999999999999567e+00,1.872876286506652832e+00
4.887999999999999901e+00,1.781108856201171875e+00
4.889000000000000234e+00,1.812402009963989258e+00
4.889999999999999680e+00,1.761043667793273926e+00
4.891000000000000014e+00,1.800511121749877930e+00
4.892000000000000348e+00,1.791334748268127441e+00
4.892999999999999794e+00,1.876292109489440918e+00
4.894000000000000128e+00,1.802734255790710449e+00
4.894999999999999574e+00,1.844298720359802246e+00
4.895999999999999908e+00,1.846966505050659180e+00
4.897000000000000242e+00,1.850512742996215820e+00
4.897999999999999687e+00,1.801630139350891113e+00
4.899000000000000021e+00,1.855964064598083496e+00
4.900000000000000355e+00,1.825739026069641113e+00
4.900999999999999801e+00,1.833755970001220703e+00
4.902000000000000135e+00,1.835924983024597168e+00
4.902999999999999581e+00,1.832475543022155762e+00
4.903999999999999915e+00,1.806381702423095703e+00
4.905000000000000249e+00,1.829215168952941895e+00
4.905999999999999694e+00,1.815032362937927246e+00
4.907000000000000028e+00,1.868621587753295898e+00
4.908000000000000362e+00,1.836327910423278809e+00
4.908999999999999808e+00,1.830553412437438965e+00
4.910000000000000142e+00,1.886340260505676270e+00
4.910999999999999588e+00,1.893319368362426758e+00
4.911999999999999922e+00,1.876931071281433105e+00
4.913000000000000256e+00,1.809415578842163086e+00
4.913999999999999702e+00,1.815060496330261230e+00
4.915000000000000036e+00,1.838896155357360840e+00
4.916000000000000369e+00,1.896590590476989746e+00
4.916999999999999815e+00,1.912196874618530273e+00
4.918000000000000149e+00,1.804813385009765625e+00
4.918999999999999595e+00,1.864302396774291992e+00
4.919999999999999929e+00,1.849726676940917969e+00
4.921000000000000263e+00,1.821150183677673340e+00
4.921999999999999709e+00,1.838785171508789062e+00
4.923000000000000043e+00,1.878588438034057617e+00
4.924000000000000377e+00,1.950620412826538086e+00
4.924999999999999822e+00,1.916235089302062988e+00
4.926000000000000156e+00,1.953312754631042480e+00
4.926999999999999602e+00,1.838674068450927734e+00
4.927999999999999936e+00,1.770160913467407227e+00
4.929000000000000270e+00,1.831041097640991211e+00
4.929999999999999716e+00,1.823446035385131836e+00
4.931000000000000050e+00,1.810275316238403320e+00
4.932000000000000384e+00,1.814695000648498535e+00
4.932999999999999829e+00,1.814737081527709961e+00
4.934000000000000163e+00,1.835785984992980957e+00
4.934999999999999609e+00,1.858614921569824219e+00
4.935999999999999943e+00,1.820967912673950195e+00
4.937000000000000277e+00,1.875040769577026367e+00
4.937999999999999723e+00,1.837008476257324219e+00
4.939000000000000057e+00,1.834938049316406250e+00
4.940000000000000391e+00,1.825906753540039062e+00
4.940999999999999837e+00,1.811444640159606934e+00
4.942000000000000171e+00,1.795303821563720703e+00
4.942999999999999616e+00,1.820911884307861328e+00
4.943999999999999950e+00,1.825012207031250000e+00
4.945000000000000284e+00,1.885460853576660156e+00
4.945999999999999730e+00,1.880136013031005859e+00
4.947000000000000064e+00,1.973012924194335938e+00
4.948000000000000398e+00,1.824509024620056152e+00
4.948999999999999844e+00,1.864288806915283203e+00
4.950000000000000178e+00,1.892604947090148926e+00
4.950999999999999623e+00,1.804120659828186035e+00
4.951999999999999957e+00,1.896886587142944336e+00
4.953000000000000291e+00,1.921128034591674805e+00
4.953999999999999737e+00,1.895823717117309570e+00
4.955000000000000071e+00,1.799561738967895508e+00
4.956000000000000405e+00,1.914303541183471680e+00
4.956999999999999851e+00,1.894612312316894531e+00
4.958000000000000185e+00,1.892375826835632324e+00
4.958999999999999631e+00,1.909232854843139648e+00
4.959999999999999964e+00,1.847076892852783203e+00
4.961000000000000298e+00,1.860014319419860840e+00
4.961999999999999744e+00,1.873666167259216309e+00
4.963000000000000078e+00,1.783284544944763184e+00
4.964000000000000412e+00,1.849671602249145508e+00
4.964999999999999858e+00,1.903451800346374512e+00
4.966000000000000192e+00,1.870436549186706543e+00
4.966999999999999638e+00,1.895797014236450195e+00
4.967999999999999972e+00,1.919640183448791504e+00
4.969000000000000306e+00,1.887110948562622070e+00
4.969999999999999751e+00,1.895123958587646484e+00
4.971000000000000085e+00,1.947937607765197754e+00
4.972000000000000419e+00,1.947072863578796387e+00
4.972999999999999865e+00,1.889421224594116211e+00
4.974000000000000199e+00,1.795275330543518066e+00
4.974999999999999645e+00,1.923052549362182617e+00
4.975999999999999979e+00,2.021638393402099609e+00
4.977000000000000313e+00,1.889394283294677734e+00
4.977999999999999758e+00,1.882468461990356445e+00
4.979000000000000092e+00,1.819047808647155762e+00
4.980000000000000426e+00,1.828294396400451660e+00
4.980999999999999872e+00,1.845349669456481934e+00
4.982000000000000206e+00,1.922694325447082520e+00
4.982999999999999652e+00,1.836188912391662598e+00
4.983999999999999986e+00,1.807751059532165527e+00
4.985000000000000320e+00,1.847753524780273438e+00
4.985999999999999766e+00,1.927412033081054688e+00
4.987000000000000099e+00,1.884865522384643555e+00
4.988000000000000433e+00,1.976346015930175781e+00
4.988999999999999879e+00,1.999343752861022949e+00
4.990000000000000213e+00,1.884269952774047852e+00
4.990999999999999659e+00,1.940313577651977539e+00
4.991999999999999993e+00,1.873148679733276367e+00
4.993000000000000327e+00,1.866367578506469727e+00
4.993999999999999773e+00,1.896227478981018066e+00
4.995000000000000107e+00,1.864576220512390137e+00
4.996000000000000441e+00,1.899883270263671875e+00
4.996999999999999886e+00,1.832670450210571289e+00
4.998000000000000220e+00,1.865451574325561523e+00
4.998999999999999666e+00,1.903786778450012207e+00
