time_ns,rmsd_A
0.000000000000000000e+00,1.679877042770385742e+00
1.000000000000000021e-03,1.630763053894042969e+00
2.000000000000000042e-03,1.598647832870483398e+00
3.000000000000000062e-03,1.476699113845825195e+00
4.000000000000000083e-03,1.538674354553222656e+00
5.000000000000000104e-03,1.592593312263488770e+00
6.000000000000000125e-03,1.591453433036804199e+00
7.000000000000000146e-03,1.546064734458923340e+00
8.000000000000000167e-03,1.609720587730407715e+00
8.999999999999999320e-03,1.566069841384887695e+00
1.000000000000000021e-02,1.713707327842712402e+00
1.099999999999999936e-02,1.671427249908447266e+00
1.200000000000000025e-02,1.718160629272460938e+00
1.299999999999999940e-02,1.714914917945861816e+00
1.400000000000000029e-02,1.698276758193969727e+00
1.499999999999999944e-02,1.644154906272888184e+00
1.600000000000000033e-02,1.704870462417602539e+00
1.700000000000000122e-02,1.746004343032836914e+00
1.799999999999999864e-02,1.676008224487304688e+00
1.899999999999999953e-02,1.690840959548950195e+00
2.000000000000000042e-02,1.726899862289428711e+00
2.100000000000000130e-02,1.655093193054199219e+00
2.199999999999999872e-02,1.648315668106079102e+00
2.299999999999999961e-02,1.705185174942016602e+00
2.400000000000000050e-02,1.751134634017944336e+00
2.500000000000000139e-02,1.785618662834167480e+00
2.599999999999999881e-02,1.751659989356994629e+00
2.699999999999999969e-02,1.793687462806701660e+00
2.800000000000000058e-02,1.643828630447387695e+00
2.900000000000000147e-02,1.719216346740722656e+00
2.999999999999999889e-02,1.768142938613891602e+00
3.099999999999999978e-02,1.776938319206237793e+00
3.200000000000000067e-02,1.845641016960144043e+00
3.300000000000000155e-02,1.776938319206237793e+00
3.400000000000000244e-02,1.731850624084472656e+00
3.500000000000000333e-02,1.712648153305053711e+00
3.599999999999999728e-02,1.843382596969604492e+00
3.699999999999999817e-02,1.805022239685058594e+00
3.799999999999999906e-02,1.731555581092834473e+00
3.899999999999999994e-02,1.722112894058227539e+00
4.000000000000000083e-02,1.751703739166259766e+00
4.100000000000000172e-02,1.782897233963012695e+00
4.200000000000000261e-02,1.841440439224243164e+00
4.299999999999999656e-02,1.760755658149719238e+00
4.399999999999999745e-02,1.793544888496398926e+00
4.499999999999999833e-02,1.813385009765625000e+00
4.599999999999999922e-02,1.781922101974487305e+00
4.700000000000000011e-02,1.834390282630920410e+00
4.800000000000000100e-02,1.894229888916015625e+00
4.900000000000000189e-02,1.762641549110412598e+00
5.000000000000000278e-02,1.800528049468994141e+00
5.099999999999999672e-02,1.793587684631347656e+00
5.199999999999999761e-02,1.728068590164184570e+00
5.299999999999999850e-02,1.808939933776855469e+00
5.399999999999999939e-02,1.715451359748840332e+00
5.500000000000000028e-02,1.730817437171936035e+00
5.600000000000000117e-02,1.840024113655090332e+00
5.700000000000000205e-02,1.834209084510803223e+00
5.800000000000000294e-02,1.898892521858215332e+00
5.899999999999999689e-02,1.922262191772460938e+00
5.999999999999999778e-02,1.968883156776428223e+00
6.099999999999999867e-02,1.900937318801879883e+00
6.199999999999999956e-02,1.983175158500671387e+00
6.300000000000000044e-02,1.802797794342041016e+00
6.400000000000000133e-02,1.890461683273315430e+00
6.500000000000000222e-02,1.879859924316406250e+00
6.600000000000000311e-02,1.798426032066345215e+00
6.700000000000000400e-02,1.752841472625732422e+00
6.800000000000000488e-02,1.744671821594238281e+00
6.900000000000000577e-02,1.889907360076904297e+00
7.000000000000000666e-02,1.897397994995117188e+00
7.099999999999999367e-02,1.882767081260681152e+00
7.199999999999999456e-02,1.818367362022399902e+00
7.299999999999999545e-02,1.893447160720825195e+00
7.399999999999999634e-02,1.849307060241699219e+00
7.499999999999999722e-02,1.856080412864685059e+00
7.599999999999999811e-02,1.822845697402954102e+00
7.699999999999999900e-02,1.872312784194946289e+00
7.799999999999999989e-02,1.770251989364624023e+00
7.900000000000000078e-02,1.774217844009399414e+00
8.000000000000000167e-02,1.846388697624206543e+00
8.100000000000000255e-02,1.870796918869018555e+00
8.200000000000000344e-02,1.823826789855957031e+00
8.300000000000000433e-02,1.786191225051879883e+00
8.400000000000000522e-02,1.847025394439697266e+00
8.500000000000000611e-02,1.836604118347167969e+00
8.599999999999999312e-02,1.733340620994567871e+00
8.699999999999999400e-02,1.743484735488891602e+00
8.799999999999999489e-02,1.722142577171325684e+00
8.899999999999999578e-02,1.785117626190185547e+00
8.999999999999999667e-02,1.805234551429748535e+00
9.099999999999999756e-02,1.721682548522949219e+00
9.199999999999999845e-02,1.724159717559814453e+00
9.299999999999999933e-02,1.804866313934326172e+00
9.400000000000000022e-02,1.812186717987060547e+00
9.500000000000000111e-02,1.730699300765991211e+00
9.600000000000000200e-02,1.753424525260925293e+00
9.700000000000000289e-02,1.712797284126281738e+00
9.800000000000000377e-02,1.766262650489807129e+00
9.900000000000000466e-02,1.783771395683288574e+00
1.000000000000000056e-01,1.831113219261169434e+00
1.010000000000000064e-01,1.818086385726928711e+00
1.019999999999999934e-01,1.840190887451171875e+00
1.029999999999999943e-01,1.768547415733337402e+00
1.039999999999999952e-01,1.817495822906494141e+00
1.049999999999999961e-01,1.868076324462890625e+00
1.059999999999999970e-01,1.780472993850708008e+00
1.069999999999999979e-01,1.796762466430664062e+00
1.079999999999999988e-01,1.693604946136474609e+00
1.089999999999999997e-01,1.733325839042663574e+00
1.100000000000000006e-01,1.642770886421203613e+00
1.110000000000000014e-01,1.665560483932495117e+00
1.120000000000000023e-01,1.768316149711608887e+00
1.130000000000000032e-01,1.746516466140747070e+00
1.140000000000000041e-01,1.743528842926025391e+00
1.150000000000000050e-01,1.749323844909667969e+00
1.160000000000000059e-01,1.739213705062866211e+00
1.170000000000000068e-01,1.766581058502197266e+00
1.179999999999999938e-01,1.755871653556823730e+00
1.189999999999999947e-01,1.769255518913269043e+00
1.199999999999999956e-01,1.723136663436889648e+00
1.209999999999999964e-01,1.696740865707397461e+00
1.219999999999999973e-01,1.661473751068115234e+00
1.229999999999999982e-01,1.755332946777343750e+00
1.239999999999999991e-01,1.651785254478454590e+00
1.250000000000000000e-01,1.668121099472045898e+00
1.260000000000000009e-01,1.651800751686096191e+00
1.270000000000000018e-01,1.622703313827514648e+00
1.280000000000000027e-01,1.708599209785461426e+00
1.290000000000000036e-01,1.619676470756530762e+00
1.300000000000000044e-01,1.739125728607177734e+00
1.310000000000000053e-01,1.742869019508361816e+00
1.320000000000000062e-01,1.760087728500366211e+00
1.330000000000000071e-01,1.700337052345275879e+00
1.340000000000000080e-01,1.696017742156982422e+00
1.350000000000000089e-01,1.689676761627197266e+00
1.360000000000000098e-01,1.770641684532165527e+00
1.370000000000000107e-01,1.758954644203186035e+00
1.380000000000000115e-01,1.747189640998840332e+00
1.390000000000000124e-01,1.755507707595825195e+00
1.400000000000000133e-01,1.716732025146484375e+00
1.409999999999999865e-01,1.618524193763732910e+00
1.419999999999999873e-01,1.628410696983337402e+00
1.429999999999999882e-01,1.564763784408569336e+00
1.439999999999999891e-01,1.679785847663879395e+00
1.449999999999999900e-01,1.634129285812377930e+00
1.459999999999999909e-01,1.711737513542175293e+00
1.469999999999999918e-01,1.805220365524291992e+00
1.479999999999999927e-01,1.714437961578369141e+00
1.489999999999999936e-01,1.760508775711059570e+00
1.499999999999999944e-01,1.728896617889404297e+00
1.509999999999999953e-01,1.783642530441284180e+00
1.519999999999999962e-01,1.781793117523193359e+00
1.529999999999999971e-01,1.771738409996032715e+00
1.539999999999999980e-01,1.697072267532348633e+00
1.549999999999999989e-01,1.888297557830810547e+00
1.559999999999999998e-01,1.770208597183227539e+00
1.570000000000000007e-01,1.735639333724975586e+00
1.580000000000000016e-01,1.756279230117797852e+00
1.590000000000000024e-01,1.777614116668701172e+00
1.600000000000000033e-01,1.762525439262390137e+00
1.610000000000000042e-01,1.759971499443054199e+00
1.620000000000000051e-01,1.694691181182861328e+00
1.630000000000000060e-01,1.811100363731384277e+00
1.640000000000000069e-01,1.775657653808593750e+00
1.650000000000000078e-01,1.836798906326293945e+00
1.660000000000000087e-01,1.947871923446655273e+00
1.670000000000000095e-01,1.867159485816955566e+00
1.680000000000000104e-01,1.857511878013610840e+00
1.690000000000000113e-01,1.795225620269775391e+00
1.700000000000000122e-01,1.851227164268493652e+00
1.710000000000000131e-01,1.965856313705444336e+00
1.719999999999999862e-01,1.996353745460510254e+00
1.729999999999999871e-01,2.003050804138183594e+00
1.739999999999999880e-01,1.886523485183715820e+00
1.749999999999999889e-01,1.969817638397216797e+00
1.759999999999999898e-01,1.899390339851379395e+00
1.769999999999999907e-01,1.900964021682739258e+00
1.779999999999999916e-01,1.892393946647644043e+00
1.789999999999999925e-01,1.787735819816589355e+00
1.799999999999999933e-01,1.770468473434448242e+00
1.809999999999999942e-01,1.816117286682128906e+00
1.819999999999999951e-01,1.831196784973144531e+00
1.829999999999999960e-01,1.854041337966918945e+00
1.839999999999999969e-01,1.918322563171386719e+00
1.849999999999999978e-01,1.941458225250244141e+00
1.859999999999999987e-01,1.877261400222778320e+00
1.869999999999999996e-01,1.982852935791015625e+00
1.880000000000000004e-01,1.938718318939208984e+00
1.890000000000000013e-01,1.860110640525817871e+00
1.900000000000000022e-01,1.837327599525451660e+00
1.910000000000000031e-01,1.800059556961059570e+00
1.920000000000000040e-01,1.763540267944335938e+00
1.930000000000000049e-01,1.830121874809265137e+00
1.940000000000000058e-01,1.754692316055297852e+00
1.950000000000000067e-01,1.714720964431762695e+00
1.960000000000000075e-01,1.830624461174011230e+00
1.970000000000000084e-01,1.808727979660034180e+00
1.980000000000000093e-01,1.840621471405029297e+00
1.990000000000000102e-01,1.845765709877014160e+00
2.000000000000000111e-01,1.891083598136901855e+00
2.010000000000000120e-01,1.971257209777832031e+00
2.020000000000000129e-01,1.917389750480651855e+00
2.030000000000000138e-01,1.866406440734863281e+00
2.039999999999999869e-01,1.943142533302307129e+00
2.049999999999999878e-01,1.791306257247924805e+00
2.059999999999999887e-01,1.859959363937377930e+00
2.069999999999999896e-01,1.865557312965393066e+00
2.079999999999999905e-01,1.866214871406555176e+00
2.089999999999999913e-01,1.777628540992736816e+00
2.099999999999999922e-01,1.840940713882446289e+00
2.109999999999999931e-01,1.883079290390014648e+00
2.119999999999999940e-01,1.821288585662841797e+00
2.129999999999999949e-01,1.779525279998779297e+00
2.139999999999999958e-01,1.809250712394714355e+00
2.149999999999999967e-01,1.777082085609436035e+00
2.159999999999999976e-01,1.844546794891357422e+00
2.169999999999999984e-01,1.779266715049743652e+00
2.179999999999999993e-01,1.855102539062500000e+00
2.190000000000000002e-01,1.852276086807250977e+00
2.200000000000000011e-01,1.852538108825683594e+00
2.210000000000000020e-01,1.901851296424865723e+00
2.220000000000000029e-01,1.812496900558471680e+00
2.230000000000000038e-01,1.726988673210144043e+00
2.240000000000000047e-01,1.810521602630615234e+00
2.250000000000000056e-01,1.819926977157592773e+00
2.260000000000000064e-01,1.807540655136108398e+00
2.270000000000000073e-01,1.750156641006469727e+00
2.280000000000000082e-01,1.783284187316894531e+00
2.290000000000000091e-01,1.751280546188354492e+00
2.300000000000000100e-01,1.788136005401611328e+00
2.310000000000000109e-01,1.778059720993041992e+00
2.320000000000000118e-01,1.877452015876770020e+00
2.330000000000000127e-01,1.758576869964599609e+00
2.340000000000000135e-01,1.806239485740661621e+00
2.349999999999999867e-01,1.824149012565612793e+00
2.359999999999999876e-01,1.841926336288452148e+00
2.369999999999999885e-01,1.922408461570739746e+00
2.379999999999999893e-01,1.845779538154602051e+00
2.389999999999999902e-01,1.804724812507629395e+00
2.399999999999999911e-01,1.779108762741088867e+00
2.409999999999999920e-01,1.738611221313476562e+00
2.419999999999999929e-01,1.821120262145996094e+00
2.429999999999999938e-01,1.802840232849121094e+00
2.439999999999999947e-01,1.764655828475952148e+00
2.449999999999999956e-01,1.857635736465454102e+00
2.459999999999999964e-01,1.776492357254028320e+00
2.469999999999999973e-01,1.719008445739746094e+00
2.479999999999999982e-01,1.743323564529418945e+00
2.489999999999999991e-01,1.822663307189941406e+00
2.500000000000000000e-01,1.787278413772583008e+00
2.510000000000000009e-01,1.740330338478088379e+00
2.520000000000000018e-01,1.846111893653869629e+00
2.530000000000000027e-01,1.988477587699890137e+00
2.540000000000000036e-01,1.969687819480895996e+00
2.550000000000000044e-01,1.815596580505371094e+00
2.560000000000000053e-01,1.851558446884155273e+00
2.570000000000000062e-01,1.845571875572204590e+00
2.580000000000000071e-01,1.774520158767700195e+00
2.590000000000000080e-01,1.778030991554260254e+00
2.600000000000000089e-01,1.738523006439208984e+00
2.610000000000000098e-01,1.759056448936462402e+00
2.620000000000000107e-01,1.809547424316406250e+00
2.630000000000000115e-01,1.822831630706787109e+00
2.640000000000000124e-01,1.889691114425659180e+00
2.650000000000000133e-01,1.852855443954467773e+00
2.660000000000000142e-01,1.815540194511413574e+00
2.670000000000000151e-01,1.865091443061828613e+00
2.680000000000000160e-01,1.823476433753967285e+00
2.690000000000000169e-01,1.838398456573486328e+00
2.700000000000000178e-01,1.770410656929016113e+00
2.710000000000000187e-01,1.839065551757812500e+00
2.720000000000000195e-01,1.779826879501342773e+00
2.730000000000000204e-01,1.817355155944824219e+00
2.740000000000000213e-01,1.821092247962951660e+00
2.750000000000000222e-01,1.780472993850708008e+00
2.760000000000000231e-01,1.849942684173583984e+00
2.770000000000000240e-01,1.856892585754394531e+00
2.780000000000000249e-01,1.842439413070678711e+00
2.790000000000000258e-01,1.816933274269104004e+00
2.800000000000000266e-01,1.842841863632202148e+00
2.810000000000000275e-01,1.746092081069946289e+00
2.819999999999999729e-01,1.784215569496154785e+00
2.829999999999999738e-01,1.798383235931396484e+00
2.839999999999999747e-01,1.806678056716918945e+00
2.849999999999999756e-01,1.908411383628845215e+00
2.859999999999999765e-01,1.791805624961853027e+00
2.869999999999999774e-01,1.829563260078430176e+00
2.879999999999999782e-01,1.904885888099670410e+00
2.889999999999999791e-01,1.801351189613342285e+00
2.899999999999999800e-01,1.786734938621520996e+00
2.909999999999999809e-01,1.747277379035949707e+00
2.919999999999999818e-01,1.783943295478820801e+00
2.929999999999999827e-01,1.718190431594848633e+00
2.939999999999999836e-01,1.766262650489807129e+00
2.949999999999999845e-01,1.808657407760620117e+00
2.959999999999999853e-01,1.787450075149536133e+00
2.969999999999999862e-01,1.755464076995849609e+00
2.979999999999999871e-01,1.781764268875122070e+00
2.989999999999999880e-01,1.729606151580810547e+00
2.999999999999999889e-01,1.771709442138671875e+00
3.009999999999999898e-01,1.650004982948303223e+00
3.019999999999999907e-01,1.647664308547973633e+00
3.029999999999999916e-01,1.741504669189453125e+00
3.039999999999999925e-01,1.724856138229370117e+00
3.049999999999999933e-01,1.735963225364685059e+00
3.059999999999999942e-01,1.806225299835205078e+00
3.069999999999999951e-01,1.852138042449951172e+00
3.079999999999999960e-01,1.754998087882995605e+00
3.089999999999999969e-01,1.757951855659484863e+00
3.099999999999999978e-01,1.740154027938842773e+00
3.109999999999999987e-01,1.714900016784667969e+00
3.119999999999999996e-01,1.791506052017211914e+00
3.130000000000000004e-01,1.767954945564270020e+00
3.140000000000000013e-01,1.853903532028198242e+00
3.150000000000000022e-01,1.810930967330932617e+00
3.160000000000000031e-01,1.812666177749633789e+00
3.170000000000000040e-01,1.794399738311767578e+00
3.180000000000000049e-01,1.786191225051879883e+00
3.190000000000000058e-01,1.811424970626831055e+00
3.200000000000000067e-01,1.779912948608398438e+00
3.210000000000000075e-01,1.824555277824401855e+00
3.220000000000000084e-01,1.775384187698364258e+00
3.230000000000000093e-01,1.795937418937683105e+00
3.240000000000000102e-01,1.809843897819519043e+00
3.250000000000000111e-01,1.810451149940490723e+00
3.260000000000000120e-01,1.763554692268371582e+00
3.270000000000000129e-01,1.821948170661926270e+00
3.280000000000000138e-01,1.829297661781311035e+00
3.290000000000000147e-01,1.880213260650634766e+00
3.300000000000000155e-01,1.929481506347656250e+00
3.310000000000000164e-01,1.982840061187744141e+00
3.320000000000000173e-01,1.887552857398986816e+00
3.330000000000000182e-01,1.934402704238891602e+00
3.340000000000000191e-01,1.841953992843627930e+00
3.350000000000000200e-01,1.896818757057189941e+00
3.360000000000000209e-01,1.909709930419921875e+00
3.370000000000000218e-01,1.818915605545043945e+00
3.380000000000000226e-01,1.819126367568969727e+00
3.390000000000000235e-01,1.866913080215454102e+00
3.400000000000000244e-01,1.921371102333068848e+00
3.410000000000000253e-01,1.886902809143066406e+00
3.420000000000000262e-01,1.880403637886047363e+00
3.430000000000000271e-01,1.889095783233642578e+00
3.439999999999999725e-01,1.936396598815917969e+00
3.449999999999999734e-01,1.873445510864257812e+00
3.459999999999999742e-01,1.936581373214721680e+00
3.469999999999999751e-01,1.992201328277587891e+00
3.479999999999999760e-01,2.008084535598754883e+00
3.489999999999999769e-01,2.065182685852050781e+00
3.499999999999999778e-01,1.987911939620971680e+00
3.509999999999999787e-01,1.903221487998962402e+00
3.519999999999999796e-01,1.948868751525878906e+00
3.529999999999999805e-01,1.970518112182617188e+00
3.539999999999999813e-01,1.969596862792968750e+00
3.549999999999999822e-01,1.960349202156066895e+00
3.559999999999999831e-01,1.776233315467834473e+00
3.569999999999999840e-01,1.787221193313598633e+00
3.579999999999999849e-01,1.879451990127563477e+00
3.589999999999999858e-01,1.945981502532958984e+00
3.599999999999999867e-01,1.898555994033813477e+00
3.609999999999999876e-01,1.844602227210998535e+00
3.619999999999999885e-01,1.888216257095336914e+00
3.629999999999999893e-01,1.925768971443176270e+00
3.639999999999999902e-01,1.986613035202026367e+00
3.649999999999999911e-01,1.954669713973999023e+00
3.659999999999999920e-01,1.864159345626831055e+00
3.669999999999999929e-01,1.886902809143066406e+00
3.679999999999999938e-01,1.926432371139526367e+00
3.689999999999999947e-01,1.987963318824768066e+00
3.699999999999999956e-01,1.994163274765014648e+00
3.709999999999999964e-01,1.967181921005249023e+00
3.719999999999999973e-01,1.896104335784912109e+00
3.729999999999999982e-01,1.987449049949645996e+00
3.739999999999999991e-01,1.902818560600280762e+00
3.750000000000000000e-01,1.895362854003906250e+00
3.760000000000000009e-01,1.915189027786254883e+00
3.770000000000000018e-01,1.977651596069335938e+00
3.780000000000000027e-01,1.960896730422973633e+00
3.790000000000000036e-01,1.903275251388549805e+00
3.800000000000000044e-01,1.925928354263305664e+00
3.810000000000000053e-01,1.910017728805541992e+00
3.820000000000000062e-01,1.835532307624816895e+00
3.830000000000000071e-01,1.880077362060546875e+00
3.840000000000000080e-01,1.919721126556396484e+00
3.850000000000000089e-01,2.026581287384033203e+00
3.860000000000000098e-01,1.896589517593383789e+00
3.870000000000000107e-01,1.964113473892211914e+00
3.880000000000000115e-01,1.969908356666564941e+00
3.890000000000000124e-01,1.818437695503234863e+00
3.900000000000000133e-01,1.909763336181640625e+00
3.910000000000000142e-01,1.963280439376831055e+00
3.920000000000000151e-01,1.857704520225524902e+00
3.930000000000000160e-01,1.840593695640563965e+00
3.940000000000000169e-01,1.862884044647216797e+00
3.950000000000000178e-01,1.857511878013610840e+00
3.960000000000000187e-01,1.906361103057861328e+00
3.970000000000000195e-01,1.902912616729736328e+00
3.980000000000000204e-01,1.890745639801025391e+00
3.990000000000000213e-01,1.935538530349731445e+00
4.000000000000000222e-01,1.968298912048339844e+00
4.010000000000000231e-01,1.978568911552429199e+00
4.020000000000000240e-01,1.899794220924377441e+00
4.030000000000000249e-01,1.902267813682556152e+00
4.040000000000000258e-01,2.030147075653076172e+00
4.050000000000000266e-01,2.008237123489379883e+00
4.060000000000000275e-01,1.928235888481140137e+00
4.069999999999999729e-01,1.955035805702209473e+00
4.079999999999999738e-01,1.913920879364013672e+00
4.089999999999999747e-01,1.991893529891967773e+00
4.099999999999999756e-01,1.919268250465393066e+00
4.109999999999999765e-01,2.020000219345092773e+00
4.119999999999999774e-01,1.988760232925415039e+00
4.129999999999999782e-01,1.906414747238159180e+00
4.139999999999999791e-01,2.001965999603271484e+00
4.149999999999999800e-01,1.941603183746337891e+00
4.159999999999999809e-01,1.958340406417846680e+00
4.169999999999999818e-01,1.998375415802001953e+00
4.179999999999999827e-01,2.010361433029174805e+00
4.189999999999999836e-01,1.963306427001953125e+00
4.199999999999999845e-01,1.988297581672668457e+00
4.209999999999999853e-01,2.032273769378662109e+00
4.219999999999999862e-01,2.070756435394287109e+00
4.229999999999999871e-01,2.046485185623168945e+00
4.239999999999999880e-01,1.951463699340820312e+00
4.249999999999999889e-01,1.936409950256347656e+00
4.259999999999999898e-01,2.005957841873168945e+00
4.269999999999999907e-01,2.006658554077148438e+00
4.279999999999999916e-01,2.035000801086425781e+00
4.289999999999999925e-01,2.026820898056030273e+00
4.299999999999999933e-01,2.005805015563964844e+00
4.309999999999999942e-01,2.008784294128417969e+00
4.319999999999999951e-01,2.100095987319946289e+00
4.329999999999999960e-01,2.071126699447631836e+00
4.339999999999999969e-01,2.014869451522827148e+00
4.349999999999999978e-01,1.953937411308288574e+00
4.359999999999999987e-01,1.965648174285888672e+00
4.369999999999999996e-01,1.959632039070129395e+00
4.380000000000000004e-01,1.970258712768554688e+00
4.390000000000000013e-01,1.988220453262329102e+00
4.400000000000000022e-01,1.905274987220764160e+00
4.410000000000000031e-01,1.887200832366943359e+00
4.420000000000000040e-01,1.912411332130432129e+00
4.430000000000000049e-01,1.913747310638427734e+00
4.440000000000000058e-01,1.869690179824829102e+00
4.450000000000000067e-01,1.883011460304260254e+00
4.460000000000000075e-01,1.872599363327026367e+00
4.470000000000000084e-01,1.907594203948974609e+00
4.480000000000000093e-01,1.941208124160766602e+00
4.490000000000000102e-01,2.051050901412963867e+00
4.500000000000000111e-01,2.029416799545288086e+00
4.510000000000000120e-01,1.964633703231811523e+00
4.520000000000000129e-01,1.942103385925292969e+00
4.530000000000000138e-01,1.962329864501953125e+00
4.540000000000000147e-01,1.936357021331787109e+00
4.550000000000000155e-01,1.900116920471191406e+00
4.560000000000000164e-01,1.909121036529541016e+00
4.570000000000000173e-01,1.880308508872985840e+00
4.580000000000000182e-01,1.942090034484863281e+00
4.590000000000000191e-01,1.937808394432067871e+00
4.600000000000000200e-01,1.947412490844726562e+00
4.610000000000000209e-01,2.017138719558715820e+00
4.620000000000000218e-01,1.975880265235900879e+00
4.630000000000000226e-01,1.916363120079040527e+00
4.640000000000000235e-01,1.872708678245544434e+00
4.650000000000000244e-01,1.910231828689575195e+00
4.660000000000000253e-01,1.950323820114135742e+00
4.670000000000000262e-01,1.967623472213745117e+00
4.680000000000000271e-01,1.951921939849853516e+00
4.689999999999999725e-01,1.989055871963500977e+00
4.699999999999999734e-01,2.014755249023437500e+00
4.709999999999999742e-01,1.988811731338500977e+00
4.719999999999999751e-01,1.976488232612609863e+00
4.729999999999999760e-01,1.978091001510620117e+00
4.739999999999999769e-01,1.978620529174804688e+00
4.749999999999999778e-01,2.024423599243164062e+00
4.759999999999999787e-01,1.956760644912719727e+00
4.769999999999999796e-01,1.987101912498474121e+00
4.779999999999999805e-01,1.968623399734497070e+00
4.789999999999999813e-01,1.992150068283081055e+00
4.799999999999999822e-01,1.925463676452636719e+00
4.809999999999999831e-01,1.822312831878662109e+00
4.819999999999999840e-01,1.852841615676879883e+00
4.829999999999999849e-01,1.864269018173217773e+00
4.839999999999999858e-01,1.847952127456665039e+00
4.849999999999999867e-01,1.955872178077697754e+00
4.859999999999999876e-01,1.851489424705505371e+00
4.869999999999999885e-01,1.906401395797729492e+00
4.879999999999999893e-01,1.856988906860351562e+00
4.889999999999999902e-01,1.940879106521606445e+00
4.899999999999999911e-01,1.973447084426879883e+00
4.909999999999999920e-01,1.885656237602233887e+00
4.919999999999999929e-01,1.999347090721130371e+00
4.929999999999999938e-01,1.810211062431335449e+00
4.939999999999999947e-01,1.936752915382385254e+00
4.949999999999999956e-01,1.966012239456176758e+00
4.959999999999999964e-01,1.943931579589843750e+00
4.969999999999999973e-01,1.890488743782043457e+00
4.979999999999999982e-01,1.904953002929687500e+00
4.989999999999999991e-01,1.897977113723754883e+00
5.000000000000000000e-01,1.964373588562011719e+00
5.010000000000000009e-01,1.971088647842407227e+00
5.020000000000000018e-01,1.891542911529541016e+00
5.030000000000000027e-01,1.805885791778564453e+00
5.040000000000000036e-01,1.901985526084899902e+00
5.050000000000000044e-01,1.830652475357055664e+00
5.060000000000000053e-01,1.887539386749267578e+00
5.070000000000000062e-01,1.931639313697814941e+00
5.080000000000000071e-01,1.906977772712707520e+00
5.090000000000000080e-01,1.982878565788269043e+00
5.100000000000000089e-01,1.921118378639221191e+00
5.110000000000000098e-01,1.945718765258789062e+00
5.120000000000000107e-01,1.959162473678588867e+00
5.130000000000000115e-01,1.896724224090576172e+00
5.140000000000000124e-01,1.904818892478942871e+00
5.150000000000000133e-01,1.992881298065185547e+00
5.160000000000000142e-01,1.960870623588562012e+00
5.170000000000000151e-01,2.004364490509033203e+00
5.180000000000000160e-01,2.028497219085693359e+00
5.190000000000000169e-01,1.957570314407348633e+00
5.200000000000000178e-01,1.898138642311096191e+00
5.210000000000000187e-01,1.938691854476928711e+00
5.220000000000000195e-01,1.999526023864746094e+00
5.230000000000000204e-01,2.023223876953125000e+00
5.240000000000000213e-01,1.957061052322387695e+00
5.250000000000000222e-01,2.016644477844238281e+00
5.260000000000000231e-01,1.954761147499084473e+00
5.270000000000000240e-01,2.045960426330566406e+00
5.280000000000000249e-01,1.992432355880737305e+00
5.290000000000000258e-01,2.003152847290039062e+00
5.300000000000000266e-01,1.940339088439941406e+00
5.310000000000000275e-01,1.959579944610595703e+00
5.320000000000000284e-01,1.971931219100952148e+00
5.330000000000000293e-01,1.975272297859191895e+00
5.340000000000000302e-01,1.922966718673706055e+00
5.350000000000000311e-01,1.927970767021179199e+00
5.360000000000000320e-01,1.877057075500488281e+00
5.370000000000000329e-01,1.951856493949890137e+00
5.380000000000000338e-01,1.911181449890136719e+00
5.390000000000000346e-01,1.807060003280639648e+00
5.400000000000000355e-01,1.856039047241210938e+00
5.410000000000000364e-01,1.958418846130371094e+00
5.420000000000000373e-01,1.886604785919189453e+00
5.430000000000000382e-01,1.857800722122192383e+00
5.440000000000000391e-01,1.889947891235351562e+00
5.450000000000000400e-01,1.872476577758789062e+00
5.460000000000000409e-01,1.921929717063903809e+00
5.470000000000000417e-01,1.926127195358276367e+00
5.480000000000000426e-01,1.950651526451110840e+00
5.490000000000000435e-01,1.897721171379089355e+00
5.500000000000000444e-01,1.865228414535522461e+00
5.510000000000000453e-01,1.931758403778076172e+00
5.520000000000000462e-01,1.836284160614013672e+00
5.530000000000000471e-01,1.772704601287841797e+00
5.540000000000000480e-01,1.878132581710815430e+00
5.550000000000000488e-01,1.893244743347167969e+00
5.560000000000000497e-01,1.888527393341064453e+00
5.570000000000000506e-01,1.905905246734619141e+00
5.580000000000000515e-01,1.811453104019165039e+00
5.590000000000000524e-01,1.857470512390136719e+00
5.600000000000000533e-01,1.832675695419311523e+00
5.610000000000000542e-01,1.877152442932128906e+00
5.620000000000000551e-01,1.801606535911560059e+00
5.629999999999999449e-01,1.830875873565673828e+00
5.639999999999999458e-01,1.832940578460693359e+00
5.649999999999999467e-01,1.789079189300537109e+00
5.659999999999999476e-01,1.747716188430786133e+00
5.669999999999999485e-01,1.775887966156005859e+00
5.679999999999999494e-01,1.747248172760009766e+00
5.689999999999999503e-01,1.779554009437561035e+00
5.699999999999999512e-01,1.826081514358520508e+00
5.709999999999999520e-01,1.742062330245971680e+00
5.719999999999999529e-01,1.792276144027709961e+00
5.729999999999999538e-01,1.738949298858642578e+00
5.739999999999999547e-01,1.667829990386962891e+00
5.749999999999999556e-01,1.848685026168823242e+00
5.759999999999999565e-01,1.805489301681518555e+00
5.769999999999999574e-01,1.807696223258972168e+00
5.779999999999999583e-01,1.827200770378112793e+00
5.789999999999999591e-01,1.745916485786437988e+00
5.799999999999999600e-01,1.782280683517456055e+00
5.809999999999999609e-01,1.725167512893676758e+00
5.819999999999999618e-01,1.779223680496215820e+00
5.829999999999999627e-01,1.706788301467895508e+00
5.839999999999999636e-01,1.659118533134460449e+00
5.849999999999999645e-01,1.693801164627075195e+00
5.859999999999999654e-01,1.736684441566467285e+00
5.869999999999999662e-01,1.763119935989379883e+00
5.879999999999999671e-01,1.707955837249755859e+00
5.889999999999999680e-01,1.653347253799438477e+00
5.899999999999999689e-01,1.725152611732482910e+00
5.909999999999999698e-01,1.713125586509704590e+00
5.919999999999999707e-01,1.744906187057495117e+00
5.929999999999999716e-01,1.733841776847839355e+00
5.939999999999999725e-01,1.703520774841308594e+00
5.949999999999999734e-01,1.690553903579711914e+00
5.959999999999999742e-01,1.724056005477905273e+00
5.969999999999999751e-01,1.715347051620483398e+00
5.979999999999999760e-01,1.668733835220336914e+00
5.989999999999999769e-01,1.640420079231262207e+00
5.999999999999999778e-01,1.663610696792602539e+00
6.009999999999999787e-01,1.763554692268371582e+00
6.019999999999999796e-01,1.649416208267211914e+00
6.029999999999999805e-01,1.690387606620788574e+00
6.039999999999999813e-01,1.664854407310485840e+00
6.049999999999999822e-01,1.663579821586608887e+00
6.059999999999999831e-01,1.703085660934448242e+00
6.069999999999999840e-01,1.731363654136657715e+00
6.079999999999999849e-01,1.819898962974548340e+00
6.089999999999999858e-01,1.723789095878601074e+00
6.099999999999999867e-01,1.723596334457397461e+00
6.109999999999999876e-01,1.676130294799804688e+00
6.119999999999999885e-01,1.744115114212036133e+00
6.129999999999999893e-01,1.705559968948364258e+00
6.139999999999999902e-01,1.683205604553222656e+00
6.149999999999999911e-01,1.736036777496337891e+00
6.159999999999999920e-01,1.842980504035949707e+00
6.169999999999999929e-01,1.741988897323608398e+00
6.179999999999999938e-01,1.762554526329040527e+00
6.189999999999999947e-01,1.739919066429138184e+00
6.199999999999999956e-01,1.766392946243286133e+00
6.209999999999999964e-01,1.773050546646118164e+00
6.219999999999999973e-01,1.783857345581054688e+00
6.229999999999999982e-01,1.703400731086730957e+00
6.239999999999999991e-01,1.730979800224304199e+00
6.250000000000000000e-01,1.758039116859436035e+00
6.260000000000000009e-01,1.706833124160766602e+00
6.270000000000000018e-01,1.726766705513000488e+00
6.280000000000000027e-01,1.730772972106933594e+00
6.290000000000000036e-01,1.792775392532348633e+00
6.300000000000000044e-01,1.861387968063354492e+00
6.310000000000000053e-01,1.811410784721374512e+00
6.320000000000000062e-01,1.891894221305847168e+00
6.330000000000000071e-01,1.871630191802978516e+00
6.340000000000000080e-01,1.785289645195007324e+00
6.350000000000000089e-01,1.812327623367309570e+00
6.360000000000000098e-01,1.833804965019226074e+00
6.370000000000000107e-01,1.804484009742736816e+00
6.380000000000000115e-01,1.888947010040283203e+00
6.390000000000000124e-01,1.771175742149353027e+00
6.400000000000000133e-01,1.777657270431518555e+00
6.410000000000000142e-01,1.775412797927856445e+00
6.420000000000000151e-01,1.801918625831604004e+00
6.430000000000000160e-01,1.791006565093994141e+00
6.440000000000000169e-01,1.812553286552429199e+00
6.450000000000000178e-01,1.800428628921508789e+00
6.460000000000000187e-01,1.801563978195190430e+00
6.470000000000000195e-01,1.908799648284912109e+00
6.480000000000000204e-01,1.792703986167907715e+00
6.490000000000000213e-01,1.747950077056884766e+00
6.500000000000000222e-01,1.774390697479248047e+00
6.510000000000000231e-01,1.681625843048095703e+00
6.520000000000000240e-01,1.731747388839721680e+00
6.530000000000000249e-01,1.727462053298950195e+00
6.540000000000000258e-01,1.809773445129394531e+00
6.550000000000000266e-01,1.778045296669006348e+00
6.560000000000000275e-01,1.703925728797912598e+00
6.570000000000000284e-01,1.767882704734802246e+00
6.580000000000000293e-01,1.743470191955566406e+00
6.590000000000000302e-01,1.754517436027526855e+00
6.600000000000000311e-01,1.739816188812255859e+00
6.610000000000000320e-01,1.701809644699096680e+00
6.620000000000000329e-01,1.775643229484558105e+00
6.630000000000000338e-01,1.694102883338928223e+00
6.640000000000000346e-01,1.715332150459289551e+00
6.650000000000000355e-01,1.708509325981140137e+00
6.660000000000000364e-01,1.825605630874633789e+00
6.670000000000000373e-01,1.830526828765869141e+00
6.680000000000000382e-01,1.769053220748901367e+00
6.690000000000000391e-01,1.755886197090148926e+00
6.700000000000000400e-01,1.780487298965454102e+00
6.710000000000000409e-01,1.853338241577148438e+00
6.720000000000000417e-01,1.773382186889648438e+00
6.730000000000000426e-01,1.764134287834167480e+00
6.740000000000000435e-01,1.843715310096740723e+00
6.750000000000000444e-01,1.830373287200927734e+00
6.760000000000000453e-01,1.821990132331848145e+00
6.770000000000000462e-01,1.730935573577880859e+00
6.780000000000000471e-01,1.761611700057983398e+00
6.790000000000000480e-01,1.737302422523498535e+00
6.800000000000000488e-01,1.722097992897033691e+00
6.810000000000000497e-01,1.708180308341979980e+00
6.820000000000000506e-01,1.704045772552490234e+00
6.830000000000000515e-01,1.809674620628356934e+00
6.840000000000000524e-01,1.842286825180053711e+00
6.850000000000000533e-01,1.831908464431762695e+00
6.860000000000000542e-01,1.833191633224487305e+00
6.870000000000000551e-01,1.797061204910278320e+00
6.879999999999999449e-01,1.847398877143859863e+00
6.889999999999999458e-01,1.878635883331298828e+00
6.899999999999999467e-01,1.708793640136718750e+00
6.909999999999999476e-01,1.836186647415161133e+00
6.919999999999999485e-01,1.788250327110290527e+00
6.929999999999999494e-01,1.767188549041748047e+00
6.939999999999999503e-01,1.754109621047973633e+00
6.949999999999999512e-01,1.791891336441040039e+00
6.959999999999999520e-01,1.862499713897705078e+00
6.969999999999999529e-01,1.815033197402954102e+00
6.979999999999999538e-01,1.820123434066772461e+00
6.989999999999999547e-01,1.860522627830505371e+00
6.999999999999999556e-01,1.741578102111816406e+00
7.009999999999999565e-01,1.785948038101196289e+00
7.019999999999999574e-01,1.752958178520202637e+00
7.029999999999999583e-01,1.839940786361694336e+00
7.039999999999999591e-01,1.803138017654418945e+00
7.049999999999999600e-01,1.813962697982788086e+00
7.059999999999999609e-01,1.833163738250732422e+00
7.069999999999999618e-01,1.757297515869140625e+00
7.079999999999999627e-01,1.841384887695312500e+00
7.089999999999999636e-01,1.781319618225097656e+00
7.099999999999999645e-01,1.825493574142456055e+00
7.109999999999999654e-01,1.789322018623352051e+00
7.119999999999999662e-01,1.896764755249023438e+00
7.129999999999999671e-01,1.774318456649780273e+00
7.139999999999999680e-01,1.743074417114257812e+00
7.149999999999999689e-01,1.776089429855346680e+00
7.159999999999999698e-01,1.755114674568176270e+00
7.169999999999999707e-01,1.782237529754638672e+00
7.179999999999999716e-01,1.867296457290649414e+00
7.189999999999999725e-01,1.735167980194091797e+00
7.199999999999999734e-01,1.742297172546386719e+00
7.209999999999999742e-01,1.824737548828125000e+00
7.219999999999999751e-01,1.760450720787048340e+00
7.229999999999999760e-01,1.850522756576538086e+00
7.239999999999999769e-01,1.794513702392578125e+00
7.249999999999999778e-01,1.735594987869262695e+00
7.259999999999999787e-01,1.768085002899169922e+00
7.269999999999999796e-01,1.783971905708312988e+00
7.279999999999999805e-01,1.744056344032287598e+00
7.289999999999999813e-01,1.738346576690673828e+00
7.299999999999999822e-01,1.752024769783020020e+00
7.309999999999999831e-01,1.743396759033203125e+00
7.319999999999999840e-01,1.748900294303894043e+00
7.329999999999999849e-01,1.754153251647949219e+00
7.339999999999999858e-01,1.764786243438720703e+00
7.349999999999999867e-01,1.756541013717651367e+00
7.359999999999999876e-01,1.798013925552368164e+00
7.369999999999999885e-01,1.805857300758361816e+00
7.379999999999999893e-01,1.864940881729125977e+00
7.389999999999999902e-01,1.817130088806152344e+00
7.399999999999999911e-01,1.804951429367065430e+00
7.409999999999999920e-01,1.752258062362670898e+00
7.419999999999999929e-01,1.805588483810424805e+00
7.429999999999999938e-01,1.748432517051696777e+00
7.439999999999999947e-01,1.748227953910827637e+00
7.449999999999999956e-01,1.758373379707336426e+00
7.459999999999999964e-01,1.809236764907836914e+00
7.469999999999999973e-01,1.816412687301635742e+00
7.479999999999999982e-01,1.838328957557678223e+00
7.489999999999999991e-01,1.811848163604736328e+00
7.500000000000000000e-01,1.862280249595642090e+00
7.510000000000000009e-01,1.776218891143798828e+00
7.520000000000000018e-01,1.781391382217407227e+00
7.530000000000000027e-01,1.772920846939086914e+00
7.540000000000000036e-01,1.885493755340576172e+00
7.550000000000000044e-01,1.767101764678955078e+00
7.560000000000000053e-01,1.797530531883239746e+00
7.570000000000000062e-01,1.789850473403930664e+00
7.580000000000000071e-01,1.826165437698364258e+00
7.590000000000000080e-01,1.798696041107177734e+00
7.600000000000000089e-01,1.695716381072998047e+00
7.610000000000000098e-01,1.728630661964416504e+00
7.620000000000000107e-01,1.737508296966552734e+00
7.630000000000000115e-01,1.819308996200561523e+00
7.640000000000000124e-01,1.778677701950073242e+00
7.650000000000000133e-01,1.781333923339843750e+00
7.660000000000000142e-01,1.799093723297119141e+00
7.670000000000000151e-01,1.767333149909973145e+00
7.680000000000000160e-01,1.821246385574340820e+00
7.690000000000000169e-01,1.807116389274597168e+00
7.700000000000000178e-01,1.845336437225341797e+00
7.710000000000000187e-01,1.792418837547302246e+00
7.720000000000000195e-01,1.853889703750610352e+00
7.730000000000000204e-01,1.822242617607116699e+00
7.740000000000000213e-01,1.884395360946655273e+00
7.750000000000000222e-01,1.855502009391784668e+00
7.760000000000000231e-01,1.851461887359619141e+00
7.770000000000000240e-01,1.890894293785095215e+00
7.780000000000000249e-01,1.755085468292236328e+00
7.790000000000000258e-01,1.796805262565612793e+00
7.800000000000000266e-01,1.803945779800415039e+00
7.810000000000000275e-01,1.768981099128723145e+00
7.820000000000000284e-01,1.842827796936035156e+00
7.830000000000000293e-01,1.807271957397460938e+00
7.840000000000000302e-01,1.759259819984436035e+00
7.850000000000000311e-01,1.792219161987304688e+00
7.860000000000000320e-01,1.770338535308837891e+00
7.870000000000000329e-01,1.721014261245727539e+00
7.880000000000000338e-01,1.728837609291076660e+00
7.890000000000000346e-01,1.715779066085815430e+00
7.900000000000000355e-01,1.674909830093383789e+00
7.910000000000000364e-01,1.628426313400268555e+00
7.920000000000000373e-01,1.667048335075378418e+00
7.930000000000000382e-01,1.833791017532348633e+00
7.940000000000000391e-01,1.728098273277282715e+00
7.950000000000000400e-01,1.784874320030212402e+00
7.960000000000000409e-01,1.768894314765930176e+00
7.970000000000000417e-01,1.725019216537475586e+00
7.980000000000000426e-01,1.692472696304321289e+00
7.990000000000000435e-01,1.781778812408447266e+00
8.000000000000000444e-01,1.784645199775695801e+00
8.010000000000000453e-01,1.760653972625732422e+00
8.020000000000000462e-01,1.731422662734985352e+00
8.030000000000000471e-01,1.725122928619384766e+00
8.040000000000000480e-01,1.828333377838134766e+00
8.050000000000000488e-01,1.794314384460449219e+00
8.060000000000000497e-01,1.787650108337402344e+00
8.070000000000000506e-01,1.831545710563659668e+00
8.080000000000000515e-01,1.788250327110290527e+00
8.090000000000000524e-01,1.794214487075805664e+00
8.100000000000000533e-01,1.789393424987792969e+00
8.110000000000000542e-01,1.788864850997924805e+00
8.120000000000000551e-01,1.728290438652038574e+00
8.129999999999999449e-01,1.730197072029113770e+00
8.139999999999999458e-01,1.769833087921142578e+00
8.149999999999999467e-01,1.803959846496582031e+00
8.159999999999999476e-01,1.772574782371520996e+00
8.169999999999999485e-01,1.712483882904052734e+00
8.179999999999999494e-01,1.695264101028442383e+00
8.189999999999999503e-01,1.793074607849121094e+00
8.199999999999999512e-01,1.706982851028442383e+00
8.209999999999999520e-01,1.762322425842285156e+00
8.219999999999999529e-01,1.704390645027160645e+00
8.229999999999999538e-01,1.679024815559387207e+00
8.239999999999999547e-01,1.691234111785888672e+00
8.249999999999999556e-01,1.750784397125244141e+00
8.259999999999999565e-01,1.694887161254882812e+00
8.269999999999999574e-01,1.710423111915588379e+00
8.279999999999999583e-01,1.729236721992492676e+00
8.289999999999999591e-01,1.712513685226440430e+00
8.299999999999999600e-01,1.836715459823608398e+00
8.309999999999999609e-01,1.901232957839965820e+00
8.319999999999999618e-01,1.778304100036621094e+00
8.329999999999999627e-01,1.833818912506103516e+00
8.339999999999999636e-01,1.779726266860961914e+00
8.349999999999999645e-01,1.776262044906616211e+00
8.359999999999999654e-01,1.663503050804138184e+00
8.369999999999999662e-01,1.762163043022155762e+00
8.379999999999999671e-01,1.716568350791931152e+00
8.389999999999999680e-01,1.700607657432556152e+00
8.399999999999999689e-01,1.668182373046875000e+00
8.409999999999999698e-01,1.696831226348876953e+00
8.419999999999999707e-01,1.729059338569641113e+00
8.429999999999999716e-01,1.717669725418090820e+00
8.439999999999999725e-01,1.636129856109619141e+00
8.449999999999999734e-01,1.659734487533569336e+00
8.459999999999999742e-01,1.637379050254821777e+00
8.469999999999999751e-01,1.710527658462524414e+00
8.479999999999999760e-01,1.694133043289184570e+00
8.489999999999999769e-01,1.661550760269165039e+00
8.499999999999999778e-01,1.672298669815063477e+00
8.509999999999999787e-01,1.659457445144653320e+00
8.519999999999999796e-01,1.676572442054748535e+00
8.529999999999999805e-01,1.643159866333007812e+00
8.539999999999999813e-01,1.818873286247253418e+00
8.549999999999999822e-01,1.737787723541259766e+00
8.559999999999999831e-01,1.776290893554687500e+00
8.569999999999999840e-01,1.770973682403564453e+00
8.579999999999999849e-01,1.753686904907226562e+00
8.589999999999999858e-01,1.715466260910034180e+00
8.599999999999999867e-01,1.775945425033569336e+00
8.609999999999999876e-01,1.779094338417053223e+00
8.619999999999999885e-01,1.807300329208374023e+00
8.629999999999999893e-01,1.760363578796386719e+00
8.639999999999999902e-01,1.793673157691955566e+00
8.649999999999999911e-01,1.702049851417541504e+00
8.659999999999999920e-01,1.810126304626464844e+00
8.669999999999999929e-01,1.792618513107299805e+00
8.679999999999999938e-01,1.869115948677062988e+00
8.689999999999999947e-01,1.811848163604736328e+00
8.699999999999999956e-01,1.794670343399047852e+00
8.709999999999999964e-01,1.767376542091369629e+00
8.719999999999999973e-01,1.808487892150878906e+00
8.729999999999999982e-01,1.822789430618286133e+00
8.739999999999999991e-01,1.877138733863830566e+00
8.750000000000000000e-01,1.841384887695312500e+00
8.760000000000000009e-01,1.803789854049682617e+00
8.770000000000000018e-01,1.803223013877868652e+00
8.780000000000000027e-01,1.808007240295410156e+00
8.790000000000000036e-01,1.820895671844482422e+00
8.800000000000000044e-01,1.845724344253540039e+00
8.810000000000000053e-01,1.808530211448669434e+00
8.820000000000000062e-01,1.812609672546386719e+00
8.830000000000000071e-01,1.748593330383300781e+00
8.840000000000000080e-01,1.777240157127380371e+00
8.850000000000000089e-01,1.813906431198120117e+00
8.860000000000000098e-01,1.722647070884704590e+00
8.870000000000000107e-01,1.823392152786254883e+00
8.880000000000000115e-01,1.743250131607055664e+00
8.890000000000000124e-01,1.823630571365356445e+00
8.900000000000000133e-01,1.773165702819824219e+00
8.910000000000000142e-01,1.725434064865112305e+00
8.920000000000000151e-01,1.684890270233154297e+00
8.930000000000000160e-01,1.755536794662475586e+00
8.940000000000000169e-01,1.757399320602416992e+00
8.950000000000000178e-01,1.750784397125244141e+00
8.960000000000000187e-01,1.782266378402709961e+00
8.970000000000000195e-01,1.751149296760559082e+00
8.980000000000000204e-01,1.717386960983276367e+00
8.990000000000000213e-01,1.804937124252319336e+00
9.000000000000000222e-01,1.669300317764282227e+00
9.010000000000000231e-01,1.764583468437194824e+00
9.020000000000000240e-01,1.760450720787048340e+00
9.030000000000000249e-01,1.825591564178466797e+00
9.040000000000000258e-01,1.817566037178039551e+00
9.050000000000000266e-01,1.807356953620910645e+00
9.060000000000000275e-01,1.788036108016967773e+00
9.070000000000000284e-01,1.750725984573364258e+00
9.080000000000000293e-01,1.810761690139770508e+00
9.090000000000000302e-01,1.839913129806518555e+00
9.100000000000000311e-01,1.763061881065368652e+00
9.110000000000000320e-01,1.770353078842163086e+00
9.120000000000000329e-01,1.813850164413452148e+00
9.130000000000000338e-01,1.875218033790588379e+00
9.140000000000000346e-01,1.845059394836425781e+00
9.150000000000000355e-01,1.847495794296264648e+00
9.160000000000000364e-01,1.862733125686645508e+00
9.170000000000000373e-01,1.963176250457763672e+00
9.180000000000000382e-01,1.955963611602783203e+00
9.190000000000000391e-01,1.952105283737182617e+00
9.200000000000000400e-01,1.859753251075744629e+00
9.210000000000000409e-01,2.006645679473876953e+00
9.220000000000000417e-01,1.925715804100036621e+00
9.230000000000000426e-01,2.024953842163085938e+00
9.240000000000000435e-01,1.920838952064514160e+00
9.250000000000000444e-01,1.991149187088012695e+00
9.260000000000000453e-01,1.912959218025207520e+00
9.270000000000000462e-01,1.877302169799804688e+00
9.280000000000000471e-01,1.898892521858215332e+00
9.290000000000000480e-01,1.875313520431518555e+00
9.300000000000000488e-01,1.911702871322631836e+00
9.310000000000000497e-01,2.005206108093261719e+00
9.320000000000000506e-01,1.886089920997619629e+00
9.330000000000000515e-01,1.846457839012145996e+00
9.340000000000000524e-01,1.816032648086547852e+00
9.350000000000000533e-01,1.817580223083496094e+00
9.360000000000000542e-01,1.816933274269104004e+00
9.370000000000000551e-01,1.865708112716674805e+00
9.379999999999999449e-01,1.954447269439697266e+00
9.389999999999999458e-01,1.867364764213562012e+00
9.399999999999999467e-01,1.785604476928710938e+00
9.409999999999999476e-01,1.737464189529418945e+00
9.419999999999999485e-01,1.750988841056823730e+00
9.429999999999999494e-01,1.793017506599426270e+00
9.439999999999999503e-01,1.810564041137695312e+00
9.449999999999999512e-01,1.763061881065368652e+00
9.459999999999999520e-01,1.819674015045166016e+00
9.469999999999999529e-01,1.810832142829895020e+00
9.479999999999999538e-01,1.899780631065368652e+00
9.489999999999999547e-01,1.830722332000732422e+00
9.499999999999999556e-01,1.855832457542419434e+00
9.509999999999999565e-01,1.799335360527038574e+00
9.519999999999999574e-01,1.732042551040649414e+00
9.529999999999999583e-01,1.844976186752319336e+00
9.539999999999999591e-01,1.849873661994934082e+00
9.549999999999999600e-01,1.760305404663085938e+00
9.559999999999999609e-01,1.828095912933349609e+00
9.569999999999999618e-01,1.709556341171264648e+00
9.579999999999999627e-01,1.718249917030334473e+00
9.589999999999999636e-01,1.816637754440307617e+00
9.599999999999999645e-01,1.805064558982849121e+00
9.609999999999999654e-01,1.860138058662414551e+00
9.619999999999999662e-01,1.837953448295593262e+00
9.629999999999999671e-01,1.833791017532348633e+00
9.639999999999999680e-01,1.956329584121704102e+00
9.649999999999999689e-01,1.860357761383056641e+00
9.659999999999999698e-01,1.899686455726623535e+00
9.669999999999999707e-01,1.855846166610717773e+00
9.679999999999999716e-01,1.928752779960632324e+00
9.689999999999999725e-01,1.875231742858886719e+00
9.699999999999999734e-01,1.937834739685058594e+00
9.709999999999999742e-01,2.022756576538085938e+00
9.719999999999999751e-01,1.980802416801452637e+00
9.729999999999999760e-01,2.032336711883544922e+00
9.739999999999999769e-01,2.084080219268798828e+00
9.749999999999999778e-01,2.146700143814086914e+00
9.759999999999999787e-01,2.016238927841186523e+00
9.769999999999999796e-01,2.012381792068481445e+00
9.779999999999999805e-01,1.975867509841918945e+00
9.789999999999999813e-01,1.963840126991271973e+00
9.799999999999999822e-01,2.072249174118041992e+00
9.809999999999999831e-01,2.119863986968994141e+00
9.819999999999999840e-01,2.131166696548461914e+00
9.829999999999999849e-01,2.258816242218017578e+00
9.839999999999999858e-01,2.109457969665527344e+00
9.849999999999999867e-01,2.090251684188842773e+00
9.859999999999999876e-01,2.108900547027587891e+00
9.869999999999999885e-01,2.102224588394165039e+00
9.879999999999999893e-01,2.091522932052612305e+00
9.889999999999999902e-01,1.971814632415771484e+00
9.899999999999999911e-01,1.987590551376342773e+00
9.909999999999999920e-01,2.005893945693969727e+00
9.919999999999999929e-01,1.996494531631469727e+00
9.929999999999999938e-01,1.966441273689270020e+00
9.939999999999999947e-01,1.992291212081909180e+00
9.949999999999999956e-01,2.074628114700317383e+00
9.959999999999999964e-01,2.133480072021484375e+00
9.969999999999999973e-01,2.024348020553588867e+00
9.979999999999999982e-01,1.963358521461486816e+00
9.989999999999999991e-01,1.963983178138732910e+00
1.000000000000000000e+00,2.025609970092773438e+00
1.000999999999999890e+00,2.028396606445312500e+00
1.002000000000000002e+00,2.118489265441894531e+00
1.002999999999999892e+00,2.114721775054931641e+00
1.004000000000000004e+00,2.066963672637939453e+00
1.004999999999999893e+00,2.037648916244506836e+00
1.006000000000000005e+00,2.080766439437866211e+00
1.006999999999999895e+00,2.054387569427490234e+00
1.008000000000000007e+00,2.070188760757446289e+00
1.008999999999999897e+00,2.097758054733276367e+00
1.010000000000000009e+00,2.154591083526611328e+00
1.010999999999999899e+00,2.064786434173583984e+00
1.012000000000000011e+00,2.061516284942626953e+00
1.012999999999999901e+00,2.066716670989990234e+00
1.014000000000000012e+00,1.981034755706787109e+00
1.014999999999999902e+00,1.957674741744995117e+00
1.016000000000000014e+00,1.973227024078369141e+00
1.016999999999999904e+00,2.054835319519042969e+00
1.018000000000000016e+00,2.114346981048583984e+00
1.018999999999999906e+00,2.046884536743164062e+00
1.020000000000000018e+00,2.043698072433471680e+00
1.020999999999999908e+00,1.991765260696411133e+00
1.022000000000000020e+00,2.090765237808227539e+00
1.022999999999999909e+00,2.098318338394165039e+00
1.024000000000000021e+00,2.016150236129760742e+00
1.024999999999999911e+00,2.020227909088134766e+00
1.026000000000000023e+00,1.898084878921508789e+00
1.026999999999999913e+00,2.038664817810058594e+00
1.028000000000000025e+00,2.088086366653442383e+00
1.028999999999999915e+00,2.081208467483520508e+00
1.030000000000000027e+00,2.152122497558593750e+00
1.030999999999999917e+00,2.046135425567626953e+00
1.032000000000000028e+00,2.130855083465576172e+00
1.032999999999999918e+00,2.118066787719726562e+00
1.034000000000000030e+00,2.107009172439575195e+00
1.034999999999999920e+00,2.097697019577026367e+00
1.036000000000000032e+00,2.156274795532226562e+00
1.036999999999999922e+00,2.096880435943603516e+00
1.038000000000000034e+00,2.108573436737060547e+00
1.038999999999999924e+00,2.069064855575561523e+00
1.040000000000000036e+00,2.057507753372192383e+00
1.040999999999999925e+00,2.006212711334228516e+00
1.042000000000000037e+00,1.897734642028808594e+00
1.042999999999999927e+00,1.936647415161132812e+00
1.044000000000000039e+00,2.015693664550781250e+00
1.044999999999999929e+00,1.964152455329895020e+00
1.046000000000000041e+00,2.112400054931640625e+00
1.046999999999999931e+00,2.031116247177124023e+00
1.048000000000000043e+00,2.022933483123779297e+00
1.048999999999999932e+00,2.097599506378173828e+00
1.050000000000000044e+00,2.064860820770263672e+00
1.050999999999999934e+00,2.007524490356445312e+00
1.052000000000000046e+00,2.074591159820556641e+00
1.052999999999999936e+00,2.035440444946289062e+00
1.054000000000000048e+00,2.038138151168823242e+00
1.054999999999999938e+00,2.017240047454833984e+00
1.056000000000000050e+00,2.012686491012573242e+00
1.056999999999999940e+00,2.094746589660644531e+00
1.058000000000000052e+00,2.072520494461059570e+00
1.058999999999999941e+00,2.162760257720947266e+00
1.060000000000000053e+00,2.064823627471923828e+00
1.060999999999999943e+00,2.056091308593750000e+00
1.062000000000000055e+00,2.140225887298583984e+00
1.062999999999999945e+00,2.080201387405395508e+00
1.064000000000000057e+00,2.109906196594238281e+00
1.064999999999999947e+00,2.262999057769775391e+00
1.066000000000000059e+00,2.147128820419311523e+00
1.066999999999999948e+00,2.247632503509521484e+00
1.068000000000000060e+00,2.208169937133789062e+00
1.068999999999999950e+00,2.127409934997558594e+00
1.070000000000000062e+00,2.116642475128173828e+00
1.070999999999999952e+00,2.183155298233032227e+00
1.072000000000000064e+00,2.184103250503540039e+00
1.072999999999999954e+00,2.189129352569580078e+00
1.074000000000000066e+00,2.341856002807617188e+00
1.074999999999999956e+00,2.201249122619628906e+00
1.076000000000000068e+00,2.292029619216918945e+00
1.076999999999999957e+00,2.218838691711425781e+00
1.078000000000000069e+00,2.250780105590820312e+00
1.078999999999999959e+00,2.264906883239746094e+00
1.080000000000000071e+00,2.236163854598999023e+00
1.080999999999999961e+00,2.258839130401611328e+00
1.082000000000000073e+00,2.152039289474487305e+00
1.082999999999999963e+00,2.171416759490966797e+00
1.084000000000000075e+00,2.236495494842529297e+00
1.084999999999999964e+00,2.075822830200195312e+00
1.086000000000000076e+00,2.178631782531738281e+00
1.086999999999999966e+00,2.040832281112670898e+00
1.088000000000000078e+00,1.991739511489868164e+00
1.088999999999999968e+00,2.054934978485107422e+00
1.090000000000000080e+00,2.119068145751953125e+00
1.090999999999999970e+00,2.066728830337524414e+00
1.092000000000000082e+00,2.129967212677001953e+00
1.092999999999999972e+00,2.147604942321777344e+00
1.094000000000000083e+00,2.152538061141967773e+00
1.094999999999999973e+00,2.170322179794311523e+00
1.096000000000000085e+00,2.115893602371215820e+00
1.096999999999999975e+00,2.295584201812744141e+00
1.098000000000000087e+00,2.176483869552612305e+00
1.098999999999999977e+00,2.338011264801025391e+00
1.100000000000000089e+00,2.188288688659667969e+00
1.100999999999999979e+00,2.170545816421508789e+00
1.102000000000000091e+00,2.229089498519897461e+00
1.102999999999999980e+00,2.135360002517700195e+00
1.104000000000000092e+00,2.172158241271972656e+00
1.104999999999999982e+00,2.089187860488891602e+00
1.106000000000000094e+00,2.121659517288208008e+00
1.106999999999999984e+00,2.219598770141601562e+00
1.108000000000000096e+00,2.024082899093627930e+00
1.108999999999999986e+00,2.049667119979858398e+00
1.110000000000000098e+00,1.982427597045898438e+00
1.110999999999999988e+00,2.030915021896362305e+00
1.112000000000000099e+00,2.011441707611083984e+00
1.112999999999999989e+00,1.968649506568908691e+00
1.114000000000000101e+00,2.019658565521240234e+00
1.114999999999999991e+00,2.081564664840698242e+00
1.116000000000000103e+00,2.084570646286010742e+00
1.116999999999999993e+00,2.239076614379882812e+00
1.118000000000000105e+00,2.160442829132080078e+00
1.118999999999999995e+00,2.175673484802246094e+00
1.120000000000000107e+00,2.115579605102539062e+00
1.120999999999999996e+00,2.115893602371215820e+00
1.122000000000000108e+00,2.118091106414794922e+00
1.122999999999999998e+00,2.093343019485473633e+00
1.124000000000000110e+00,2.028635978698730469e+00
1.125000000000000000e+00,2.084460258483886719e+00
1.125999999999999890e+00,2.106984853744506836e+00
1.127000000000000002e+00,2.089897155761718750e+00
1.127999999999999892e+00,2.075342655181884766e+00
1.129000000000000004e+00,2.054412603378295898e+00
1.129999999999999893e+00,1.962173581123352051e+00
1.131000000000000005e+00,1.908879995346069336e+00
1.131999999999999895e+00,1.898717641830444336e+00
1.133000000000000007e+00,1.873854637145996094e+00
1.133999999999999897e+00,1.968922019004821777e+00
1.135000000000000009e+00,1.884829282760620117e+00
1.135999999999999899e+00,2.006976842880249023e+00
1.137000000000000011e+00,1.943247795104980469e+00
1.137999999999999901e+00,1.911957025527954102e+00
1.139000000000000012e+00,1.939087390899658203e+00
1.139999999999999902e+00,1.868609905242919922e+00
1.141000000000000014e+00,1.926923274993896484e+00
1.141999999999999904e+00,2.011606931686401367e+00
1.143000000000000016e+00,1.974016904830932617e+00
1.143999999999999906e+00,1.897936582565307617e+00
1.145000000000000018e+00,1.876062870025634766e+00
1.145999999999999908e+00,1.908826351165771484e+00
1.147000000000000020e+00,1.956656098365783691e+00
1.147999999999999909e+00,1.928580403327941895e+00
1.149000000000000021e+00,1.938296318054199219e+00
1.149999999999999911e+00,2.032047271728515625e+00
1.151000000000000023e+00,1.972410678863525391e+00
1.151999999999999913e+00,2.046997070312500000e+00
1.153000000000000025e+00,2.088673830032348633e+00
1.153999999999999915e+00,2.021985530853271484e+00
1.155000000000000027e+00,2.003586530685424805e+00
1.155999999999999917e+00,1.986805915832519531e+00
1.157000000000000028e+00,2.044048309326171875e+00
1.157999999999999918e+00,2.040005683898925781e+00
1.159000000000000030e+00,2.056488990783691406e+00
1.159999999999999920e+00,2.023110151290893555e+00
1.161000000000000032e+00,1.962212562561035156e+00
1.161999999999999922e+00,2.057731389999389648e+00
1.163000000000000034e+00,1.998822927474975586e+00
1.163999999999999924e+00,1.871124744415283203e+00
1.165000000000000036e+00,1.995521306991577148e+00
1.165999999999999925e+00,1.940813183784484863e+00
1.167000000000000037e+00,2.024145841598510742e+00
1.167999999999999927e+00,2.116123199462890625e+00
1.169000000000000039e+00,2.040531873703002930e+00
1.169999999999999929e+00,2.086666107177734375e+00
1.171000000000000041e+00,1.943392515182495117e+00
1.171999999999999931e+00,2.023072481155395508e+00
1.173000000000000043e+00,2.061206102371215820e+00
1.173999999999999932e+00,2.064774274826049805e+00
1.175000000000000044e+00,2.068002223968505859e+00
1.175999999999999934e+00,2.049255609512329102e+00
1.177000000000000046e+00,2.030424118041992188e+00
1.177999999999999936e+00,2.118235588073730469e+00
1.179000000000000048e+00,2.123116731643676758e+00
1.179999999999999938e+00,2.155065536499023438e+00
1.181000000000000050e+00,2.027842044830322266e+00
1.181999999999999940e+00,2.093941211700439453e+00
1.183000000000000052e+00,2.024271965026855469e+00
1.183999999999999941e+00,2.020594835281372070e+00
1.185000000000000053e+00,2.022124767303466797e+00
1.185999999999999943e+00,2.012051582336425781e+00
1.187000000000000055e+00,1.982504844665527344e+00
1.187999999999999945e+00,1.907152056694030762e+00
1.189000000000000057e+00,1.987436056137084961e+00
1.189999999999999947e+00,1.970206618309020996e+00
1.191000000000000059e+00,1.972669839859008789e+00
1.191999999999999948e+00,1.981421589851379395e+00
1.193000000000000060e+00,1.957517981529235840e+00
1.193999999999999950e+00,1.958392620086669922e+00
1.195000000000000062e+00,1.967324733734130859e+00
1.195999999999999952e+00,2.044985771179199219e+00
1.197000000000000064e+00,2.012203931808471680e+00
1.197999999999999954e+00,1.967013001441955566e+00
1.199000000000000066e+00,1.972734808921813965e+00
1.199999999999999956e+00,1.855653524398803711e+00
1.201000000000000068e+00,1.908116579055786133e+00
1.201999999999999957e+00,1.967207908630371094e+00
1.203000000000000069e+00,1.923458337783813477e+00
1.203999999999999959e+00,1.952929973602294922e+00
1.205000000000000071e+00,1.876008510589599609e+00
1.205999999999999961e+00,1.954865694046020508e+00
1.207000000000000073e+00,2.050265789031982422e+00
1.207999999999999963e+00,2.050614595413208008e+00
1.209000000000000075e+00,2.054735898971557617e+00
1.209999999999999964e+00,1.958757877349853516e+00
1.211000000000000076e+00,2.043810844421386719e+00
1.211999999999999966e+00,2.023729324340820312e+00
1.213000000000000078e+00,1.894337892532348633e+00
1.213999999999999968e+00,1.953283309936523438e+00
1.215000000000000080e+00,1.896225690841674805e+00
1.215999999999999970e+00,1.960805535316467285e+00
1.217000000000000082e+00,2.005333423614501953e+00
1.217999999999999972e+00,1.920160293579101562e+00
1.219000000000000083e+00,1.902375221252441406e+00
1.219999999999999973e+00,1.937650203704833984e+00
1.221000000000000085e+00,1.915362596511840820e+00
1.221999999999999975e+00,1.947766780853271484e+00
1.223000000000000087e+00,1.956107497215270996e+00
1.223999999999999977e+00,1.985403299331665039e+00
1.225000000000000089e+00,1.967025995254516602e+00
1.225999999999999979e+00,1.926684498786926270e+00
1.227000000000000091e+00,1.887187242507934570e+00
1.227999999999999980e+00,1.967259764671325684e+00
1.229000000000000092e+00,1.812003374099731445e+00
1.229999999999999982e+00,1.961378931999206543e+00
1.231000000000000094e+00,1.905342102050781250e+00
1.231999999999999984e+00,1.927427172660827637e+00
1.233000000000000096e+00,1.956447243690490723e+00
1.233999999999999986e+00,1.985506296157836914e+00
1.235000000000000098e+00,1.878268599510192871e+00
1.235999999999999988e+00,1.859615802764892578e+00
1.237000000000000099e+00,1.878527164459228516e+00
1.237999999999999989e+00,1.824737548828125000e+00
1.239000000000000101e+00,1.927970767021179199e+00
1.239999999999999991e+00,1.867200613021850586e+00
1.241000000000000103e+00,1.876634955406188965e+00
1.241999999999999993e+00,1.933146953582763672e+00
1.243000000000000105e+00,1.855157613754272461e+00
1.243999999999999995e+00,1.876880049705505371e+00
1.245000000000000107e+00,1.888608813285827637e+00
1.245999999999999996e+00,1.801904439926147461e+00
1.247000000000000108e+00,1.945731878280639648e+00
1.247999999999999998e+00,1.790578484535217285e+00
1.249000000000000110e+00,1.801535487174987793e+00
1.250000000000000000e+00,1.705979347229003906e+00
1.250999999999999890e+00,1.718398571014404297e+00
1.252000000000000002e+00,1.855502009391784668e+00
1.252999999999999892e+00,1.720925331115722656e+00
1.254000000000000004e+00,1.805729866027832031e+00
1.254999999999999893e+00,1.714676499366760254e+00
1.256000000000000005e+00,1.835727214813232422e+00
1.256999999999999895e+00,1.862046837806701660e+00
1.258000000000000007e+00,1.900170803070068359e+00
1.258999999999999897e+00,2.004441022872924805e+00
1.260000000000000009e+00,1.999193668365478516e+00
1.260999999999999899e+00,1.967623472213745117e+00
1.262000000000000011e+00,1.983793497085571289e+00
1.262999999999999901e+00,1.872189998626708984e+00
1.264000000000000012e+00,1.896050572395324707e+00
1.264999999999999902e+00,1.971970200538635254e+00
1.266000000000000014e+00,1.906508684158325195e+00
1.266999999999999904e+00,2.032110214233398438e+00
1.268000000000000016e+00,1.913306593894958496e+00
1.268999999999999906e+00,1.936475753784179688e+00
1.270000000000000018e+00,1.939192771911621094e+00
1.270999999999999908e+00,2.085563659667968750e+00
1.272000000000000020e+00,1.942879557609558105e+00
1.272999999999999909e+00,1.938072204589843750e+00
1.274000000000000021e+00,1.953963518142700195e+00
1.274999999999999911e+00,1.918202638626098633e+00
1.276000000000000023e+00,1.891880750656127930e+00
1.276999999999999913e+00,1.881477117538452148e+00
1.278000000000000025e+00,1.880702733993530273e+00
1.278999999999999915e+00,1.945482373237609863e+00
1.280000000000000027e+00,1.902375221252441406e+00
1.280999999999999917e+00,1.868090152740478516e+00
1.282000000000000028e+00,1.838898777961730957e+00
1.282999999999999918e+00,1.846388697624206543e+00
1.284000000000000030e+00,1.787478446960449219e+00
1.284999999999999920e+00,1.827144861221313477e+00
1.286000000000000032e+00,1.837244153022766113e+00
1.286999999999999922e+00,1.881667256355285645e+00
1.288000000000000034e+00,1.803449630737304688e+00
1.288999999999999924e+00,1.781391382217407227e+00
1.290000000000000036e+00,1.784387350082397461e+00
1.290999999999999925e+00,1.851475477218627930e+00
1.292000000000000037e+00,1.840788006782531738e+00
1.292999999999999927e+00,1.807314395904541016e+00
1.294000000000000039e+00,1.818845272064208984e+00
1.294999999999999929e+00,1.794228792190551758e+00
1.296000000000000041e+00,1.793188810348510742e+00
1.296999999999999931e+00,1.827970027923583984e+00
1.298000000000000043e+00,1.757370233535766602e+00
1.298999999999999932e+00,1.849984049797058105e+00
1.300000000000000044e+00,1.832787275314331055e+00
1.300999999999999934e+00,1.833205461502075195e+00
1.302000000000000046e+00,1.810747504234313965e+00
1.302999999999999936e+00,1.804809689521789551e+00
1.304000000000000048e+00,1.832187652587890625e+00
1.304999999999999938e+00,1.817059755325317383e+00
1.306000000000000050e+00,1.838509559631347656e+00
1.306999999999999940e+00,1.769602179527282715e+00
1.308000000000000052e+00,1.762351512908935547e+00
1.308999999999999941e+00,1.747730851173400879e+00
1.310000000000000053e+00,1.756250143051147461e+00
1.310999999999999943e+00,1.711603164672851562e+00
1.312000000000000055e+00,1.730182290077209473e+00
1.312999999999999945e+00,1.785661697387695312e+00
1.314000000000000057e+00,1.763569235801696777e+00
1.314999999999999947e+00,1.792475938796997070e+00
1.316000000000000059e+00,1.797146558761596680e+00
1.316999999999999948e+00,1.827186942100524902e+00
1.318000000000000060e+00,1.854799389839172363e+00
1.318999999999999950e+00,1.712275028228759766e+00
1.320000000000000062e+00,1.818831086158752441e+00
1.320999999999999952e+00,1.770757198333740234e+00
1.322000000000000064e+00,1.843021988868713379e+00
1.322999999999999954e+00,1.804115653038024902e+00
1.324000000000000066e+00,1.870892643928527832e+00
1.324999999999999956e+00,1.733576536178588867e+00
1.326000000000000068e+00,1.789065003395080566e+00
1.326999999999999957e+00,1.850370883941650391e+00
1.328000000000000069e+00,1.834069728851318359e+00
1.328999999999999959e+00,1.853255510330200195e+00
1.330000000000000071e+00,1.844906926155090332e+00
1.330999999999999961e+00,1.826151490211486816e+00
1.332000000000000073e+00,1.791320562362670898e+00
1.332999999999999963e+00,1.716002345085144043e+00
1.334000000000000075e+00,1.728305220603942871e+00
1.334999999999999964e+00,1.729724287986755371e+00
1.336000000000000076e+00,1.770266413688659668e+00
1.336999999999999966e+00,1.713975667953491211e+00
1.338000000000000078e+00,1.760755658149719238e+00
1.338999999999999968e+00,1.758300781250000000e+00
1.340000000000000080e+00,1.756802916526794434e+00
1.340999999999999970e+00,1.746019005775451660e+00
1.342000000000000082e+00,1.724041104316711426e+00
1.342999999999999972e+00,1.795666933059692383e+00
1.344000000000000083e+00,1.690266609191894531e+00
1.344999999999999973e+00,1.715749263763427734e+00
1.346000000000000085e+00,1.715942859649658203e+00
1.346999999999999975e+00,1.759913444519042969e+00
1.348000000000000087e+00,1.820095539093017578e+00
1.348999999999999977e+00,1.769905328750610352e+00
1.350000000000000089e+00,1.744920730590820312e+00
1.350999999999999979e+00,1.763511300086975098e+00
1.352000000000000091e+00,1.755114674568176270e+00
1.352999999999999980e+00,1.809151887893676758e+00
1.354000000000000092e+00,1.790678501129150391e+00
1.354999999999999982e+00,1.813103079795837402e+00
1.356000000000000094e+00,1.854992151260375977e+00
1.356999999999999984e+00,1.891678094863891602e+00
1.358000000000000096e+00,1.833916425704956055e+00
1.358999999999999986e+00,1.882685661315917969e+00
1.360000000000000098e+00,1.848394751548767090e+00
1.360999999999999988e+00,1.851820707321166992e+00
1.362000000000000099e+00,1.903557181358337402e+00
1.362999999999999989e+00,1.956721425056457520e+00
1.364000000000000101e+00,1.934032678604125977e+00
1.364999999999999991e+00,1.957400441169738770e+00
1.366000000000000103e+00,1.988336086273193359e+00
1.366999999999999993e+00,1.977031230926513672e+00
1.368000000000000105e+00,1.956107497215270996e+00
1.368999999999999995e+00,1.936185359954833984e+00
1.370000000000000107e+00,1.964920043945312500e+00
1.370999999999999996e+00,1.913586974143981934e+00
1.372000000000000108e+00,1.998004436492919922e+00
1.372999999999999998e+00,1.957048058509826660e+00
1.374000000000000110e+00,1.903637647628784180e+00
1.375000000000000000e+00,1.871507287025451660e+00
1.375999999999999890e+00,1.980170130729675293e+00
1.377000000000000002e+00,1.936317443847656250e+00
1.377999999999999892e+00,1.918189406394958496e+00
1.379000000000000004e+00,1.924520969390869141e+00
1.379999999999999893e+00,1.874972701072692871e+00
1.381000000000000005e+00,1.896131277084350586e+00
1.381999999999999895e+00,1.864090919494628906e+00
1.383000000000000007e+00,1.911181449890136719e+00
1.383999999999999897e+00,1.907218933105468750e+00
1.385000000000000009e+00,2.011619567871093750e+00
1.385999999999999899e+00,2.056078672409057617e+00
1.387000000000000011e+00,2.083368778228759766e+00
1.387999999999999901e+00,1.974159359931945801e+00
1.389000000000000012e+00,2.123538017272949219e+00
1.389999999999999902e+00,2.073063135147094727e+00
1.391000000000000014e+00,1.989428400993347168e+00
1.391999999999999904e+00,1.989132881164550781e+00
1.393000000000000016e+00,2.011124134063720703e+00
1.393999999999999906e+00,2.011200428009033203e+00
1.395000000000000018e+00,2.014082908630371094e+00
1.395999999999999908e+00,1.969804644584655762e+00
1.397000000000000020e+00,1.982762694358825684e+00
1.397999999999999909e+00,1.984282970428466797e+00
1.399000000000000021e+00,1.988361954689025879e+00
1.399999999999999911e+00,1.976617455482482910e+00
1.401000000000000023e+00,1.987063288688659668e+00
1.401999999999999913e+00,1.962642550468444824e+00
1.403000000000000025e+00,1.948212981224060059e+00
1.403999999999999915e+00,1.989916563034057617e+00
1.405000000000000027e+00,2.032952547073364258e+00
1.405999999999999917e+00,1.998157978057861328e+00
1.407000000000000028e+00,1.920665979385375977e+00
1.407999999999999918e+00,1.915282487869262695e+00
1.409000000000000030e+00,1.821400880813598633e+00
1.409999999999999920e+00,1.850398540496826172e+00
1.411000000000000032e+00,1.865488767623901367e+00
1.411999999999999922e+00,1.929243087768554688e+00
1.413000000000000034e+00,1.794912576675415039e+00
1.413999999999999924e+00,1.826263546943664551e+00
1.415000000000000036e+00,1.846416473388671875e+00
1.415999999999999925e+00,1.825003504753112793e+00
1.417000000000000037e+00,1.844560623168945312e+00
1.417999999999999927e+00,1.742546439170837402e+00
1.419000000000000039e+00,1.815737247467041016e+00
1.419999999999999929e+00,1.812130212783813477e+00
1.421000000000000041e+00,1.797573089599609375e+00
1.421999999999999931e+00,1.893798112869262695e+00
1.423000000000000043e+00,1.829646944999694824e+00
1.423999999999999932e+00,1.842481136322021484e+00
1.425000000000000044e+00,1.877751350402832031e+00
1.425999999999999934e+00,1.892785549163818359e+00
1.427000000000000046e+00,1.820867538452148438e+00
1.427999999999999936e+00,1.788107395172119141e+00
1.429000000000000048e+00,1.839551925659179688e+00
1.429999999999999938e+00,1.859766960144042969e+00
1.431000000000000050e+00,1.784616589546203613e+00
1.431999999999999940e+00,1.820390224456787109e+00
1.433000000000000052e+00,1.763293862342834473e+00
1.433999999999999941e+00,1.861387968063354492e+00
1.435000000000000053e+00,1.826095461845397949e+00
1.435999999999999943e+00,1.847385048866271973e+00
1.437000000000000055e+00,1.825241565704345703e+00
1.437999999999999945e+00,1.839524269104003906e+00
1.439000000000000057e+00,1.782682180404663086e+00
1.439999999999999947e+00,1.833818912506103516e+00
1.441000000000000059e+00,1.809843897819519043e+00
1.441999999999999948e+00,1.746165275573730469e+00
1.443000000000000060e+00,1.710512757301330566e+00
1.443999999999999950e+00,1.716970205307006836e+00
1.445000000000000062e+00,1.781405806541442871e+00
1.445999999999999952e+00,1.739757299423217773e+00
1.447000000000000064e+00,1.762699484825134277e+00
1.447999999999999954e+00,1.711409091949462891e+00
1.449000000000000066e+00,1.767101764678955078e+00
1.449999999999999956e+00,1.806041240692138672e+00
1.451000000000000068e+00,1.864611864089965820e+00
1.451999999999999957e+00,1.801748394966125488e+00
1.453000000000000069e+00,1.749674677848815918e+00
1.453999999999999959e+00,1.761582851409912109e+00
1.455000000000000071e+00,1.764467477798461914e+00
1.455999999999999961e+00,1.810634613037109375e+00
1.457000000000000073e+00,1.784516334533691406e+00
1.457999999999999963e+00,1.756686568260192871e+00
1.459000000000000075e+00,1.824499249458312988e+00
1.459999999999999964e+00,1.825115561485290527e+00
1.461000000000000076e+00,1.894648075103759766e+00
1.461999999999999966e+00,1.800755143165588379e+00
1.463000000000000078e+00,1.900547266006469727e+00
1.463999999999999968e+00,1.972177505493164062e+00
1.465000000000000080e+00,1.992239952087402344e+00
1.465999999999999970e+00,1.993599176406860352e+00
1.467000000000000082e+00,2.058153629302978516e+00
1.467999999999999972e+00,2.030915021896362305e+00
1.469000000000000083e+00,2.090496301651000977e+00
1.469999999999999973e+00,1.933490753173828125e+00
1.471000000000000085e+00,1.870168447494506836e+00
1.471999999999999975e+00,1.972307085990905762e+00
1.473000000000000087e+00,2.015769720077514648e+00
1.473999999999999977e+00,2.014450788497924805e+00
1.475000000000000089e+00,2.007931709289550781e+00
1.475999999999999979e+00,2.083098888397216797e+00
1.477000000000000091e+00,2.010933399200439453e+00
1.477999999999999980e+00,1.921743631362915039e+00
1.479000000000000092e+00,2.018494129180908203e+00
1.479999999999999982e+00,1.977444887161254883e+00
1.481000000000000094e+00,1.977690458297729492e+00
1.481999999999999984e+00,1.899901628494262695e+00
1.483000000000000096e+00,1.921916484832763672e+00
1.483999999999999986e+00,1.853600144386291504e+00
1.485000000000000098e+00,1.842425584793090820e+00
1.485999999999999988e+00,1.827997922897338867e+00
1.487000000000000099e+00,1.836729288101196289e+00
1.487999999999999989e+00,1.868090152740478516e+00
1.489000000000000101e+00,1.840468645095825195e+00
1.489999999999999991e+00,1.925915002822875977e+00
1.491000000000000103e+00,1.847620248794555664e+00
1.491999999999999993e+00,1.995649456977844238e+00
1.493000000000000105e+00,1.888892769813537598e+00
1.493999999999999995e+00,1.921810030937194824e+00
1.495000000000000107e+00,1.905342102050781250e+00
1.495999999999999996e+00,1.921264648437500000e+00
1.497000000000000108e+00,1.806055426597595215e+00
1.497999999999999998e+00,1.776592969894409180e+00
1.499000000000000110e+00,1.878010034561157227e+00
1.500000000000000000e+00,1.792818069458007812e+00
1.500999999999999890e+00,1.819688081741333008e+00
1.502000000000000002e+00,1.951660037040710449e+00
1.502999999999999892e+00,1.920865654945373535e+00
1.504000000000000004e+00,1.891232132911682129e+00
1.504999999999999893e+00,1.824961423873901367e+00
1.506000000000000005e+00,1.854785561561584473e+00
1.506999999999999895e+00,1.861799836158752441e+00
1.508000000000000007e+00,1.890596866607666016e+00
1.508999999999999897e+00,1.909147739410400391e+00
1.510000000000000009e+00,1.908317565917968750e+00
1.510999999999999899e+00,2.000995397567749023e+00
1.512000000000000011e+00,2.017252683639526367e+00
1.512999999999999901e+00,1.932604908943176270e+00
1.514000000000000012e+00,2.044173240661621094e+00
1.514999999999999902e+00,2.124741315841674805e+00
1.516000000000000014e+00,2.025723695755004883e+00
1.516999999999999904e+00,1.953649520874023438e+00
1.518000000000000016e+00,1.991726756095886230e+00
1.518999999999999906e+00,2.007167816162109375e+00
1.520000000000000018e+00,2.007473468780517578e+00
1.520999999999999908e+00,2.003522872924804688e+00
1.522000000000000020e+00,1.997902154922485352e+00
1.522999999999999909e+00,2.015985488891601562e+00
1.524000000000000021e+00,2.020809888839721680e+00
1.524999999999999911e+00,1.959579944610595703e+00
1.526000000000000023e+00,1.928633451461791992e+00
1.526999999999999913e+00,1.893825054168701172e+00
1.528000000000000025e+00,1.928408145904541016e+00
1.528999999999999915e+00,2.040619611740112305e+00
1.530000000000000027e+00,2.044760942459106445e+00
1.530999999999999917e+00,2.053155660629272461e+00
1.532000000000000028e+00,1.985853791236877441e+00
1.532999999999999918e+00,1.793744444847106934e+00
1.534000000000000030e+00,1.931533575057983398e+00
1.534999999999999920e+00,1.865981936454772949e+00
1.536000000000000032e+00,1.976333141326904297e+00
1.536999999999999922e+00,2.063251018524169922e+00
1.538000000000000034e+00,2.027602672576904297e+00
1.538999999999999924e+00,2.033606052398681641e+00
1.540000000000000036e+00,1.929348945617675781e+00
1.540999999999999925e+00,2.091767311096191406e+00
1.542000000000000037e+00,1.942524313926696777e+00
1.542999999999999927e+00,2.012064218521118164e+00
1.544000000000000039e+00,2.024373054504394531e+00
1.544999999999999929e+00,1.972022056579589844e+00
1.546000000000000041e+00,1.957557201385498047e+00
1.546999999999999931e+00,1.957648515701293945e+00
1.548000000000000043e+00,2.013993978500366211e+00
1.548999999999999932e+00,1.998196244239807129e+00
1.550000000000000044e+00,1.974845170974731445e+00
1.550999999999999934e+00,2.009598493576049805e+00
1.552000000000000046e+00,1.969674825668334961e+00
1.552999999999999936e+00,2.021972894668579102e+00
1.554000000000000048e+00,1.963957309722900391e+00
1.554999999999999938e+00,1.886496424674987793e+00
1.556000000000000050e+00,1.900883436203002930e+00
1.556999999999999940e+00,1.917456388473510742e+00
1.558000000000000052e+00,1.986458539962768555e+00
1.558999999999999941e+00,1.970466136932373047e+00
1.560000000000000053e+00,1.889433979988098145e+00
1.560999999999999943e+00,1.905382275581359863e+00
1.562000000000000055e+00,1.873540878295898438e+00
1.562999999999999945e+00,1.780056715011596680e+00
1.564000000000000057e+00,1.766262650489807129e+00
1.564999999999999947e+00,1.838426351547241211e+00
1.566000000000000059e+00,1.817889451980590820e+00
1.566999999999999948e+00,1.798298120498657227e+00
1.568000000000000060e+00,1.900036215782165527e+00
1.568999999999999950e+00,1.856672525405883789e+00
1.570000000000000062e+00,1.904792070388793945e+00
1.570999999999999952e+00,1.844893217086791992e+00
1.572000000000000064e+00,1.840968608856201172e+00
1.572999999999999954e+00,1.888933420181274414e+00
1.574000000000000066e+00,1.874931931495666504e+00
1.574999999999999956e+00,1.864022254943847656e+00
1.576000000000000068e+00,1.891205191612243652e+00
1.576999999999999957e+00,1.865310788154602051e+00
1.578000000000000069e+00,1.795866250991821289e+00
1.578999999999999959e+00,1.855295300483703613e+00
1.580000000000000071e+00,1.871329665184020996e+00
1.580999999999999961e+00,1.901797533035278320e+00
1.582000000000000073e+00,1.865762948989868164e+00
1.582999999999999963e+00,1.942090034484863281e+00
1.584000000000000075e+00,1.859244704246520996e+00
1.584999999999999964e+00,1.847551107406616211e+00
1.586000000000000076e+00,1.824667453765869141e+00
1.586999999999999966e+00,1.869963526725769043e+00
1.588000000000000078e+00,1.834752440452575684e+00
1.588999999999999968e+00,1.873650074005126953e+00
1.590000000000000080e+00,2.001697778701782227e+00
1.590999999999999970e+00,1.959788560867309570e+00
1.592000000000000082e+00,1.919867396354675293e+00
1.592999999999999972e+00,1.989479780197143555e+00
1.594000000000000083e+00,2.089212179183959961e+00
1.594999999999999973e+00,2.127445936203002930e+00
1.596000000000000085e+00,2.125258207321166992e+00
1.596999999999999975e+00,2.051362276077270508e+00
1.598000000000000087e+00,2.102151393890380859e+00
1.598999999999999977e+00,2.036432027816772461e+00
1.600000000000000089e+00,2.046247720718383789e+00
1.600999999999999979e+00,2.068706512451171875e+00
1.602000000000000091e+00,2.107894420623779297e+00
1.602999999999999980e+00,2.018151998519897461e+00
1.604000000000000092e+00,2.083295106887817383e+00
1.604999999999999982e+00,2.132964849472045898e+00
1.606000000000000094e+00,2.074517250061035156e+00
1.606999999999999984e+00,2.055469512939453125e+00
1.608000000000000096e+00,1.995124220848083496e+00
1.608999999999999986e+00,2.011060476303100586e+00
1.610000000000000098e+00,2.054586648941040039e+00
1.610999999999999988e+00,2.098147630691528320e+00
1.612000000000000099e+00,2.009674787521362305e+00
1.612999999999999989e+00,2.083368778228759766e+00
1.614000000000000101e+00,2.044835805892944336e+00
1.614999999999999991e+00,2.065219640731811523e+00
1.616000000000000103e+00,1.947950601577758789e+00
1.616999999999999993e+00,2.076610565185546875e+00
1.618000000000000105e+00,2.162346601486206055e+00
1.618999999999999995e+00,2.089053153991699219e+00
1.620000000000000107e+00,2.094868421554565430e+00
1.620999999999999996e+00,2.177141427993774414e+00
1.622000000000000108e+00,2.182230234146118164e+00
1.622999999999999998e+00,2.169744729995727539e+00
1.624000000000000110e+00,2.164555788040161133e+00
1.625000000000000000e+00,2.239601612091064453e+00
1.625999999999999890e+00,2.251506567001342773e+00
1.627000000000000002e+00,2.267692327499389648e+00
1.627999999999999892e+00,2.253707647323608398e+00
1.629000000000000004e+00,2.073654890060424805e+00
1.629999999999999893e+00,2.024196386337280273e+00
1.631000000000000005e+00,1.989852309226989746e+00
1.631999999999999895e+00,1.984656572341918945e+00
1.633000000000000007e+00,2.081331491470336914e+00
1.633999999999999897e+00,2.006225347518920898e+00
1.635000000000000009e+00,2.037561178207397461e+00
1.635999999999999899e+00,2.068150520324707031e+00
1.637000000000000011e+00,2.081675291061401367e+00
1.637999999999999901e+00,2.039203882217407227e+00
1.639000000000000012e+00,2.029227972030639648e+00
1.639999999999999902e+00,2.014121055603027344e+00
1.641000000000000014e+00,2.137800216674804688e+00
1.641999999999999904e+00,2.151219606399536133e+00
1.643000000000000016e+00,2.096868276596069336e+00
1.643999999999999906e+00,1.981215357780456543e+00
1.645000000000000018e+00,1.994419693946838379e+00
1.645999999999999908e+00,1.976397752761840820e+00
1.647000000000000020e+00,2.016568422317504883e+00
1.647999999999999909e+00,1.944181323051452637e+00
1.649000000000000021e+00,1.959305882453918457e+00
1.649999999999999911e+00,1.997659087181091309e+00
1.651000000000000023e+00,1.893352746963500977e+00
1.651999999999999913e+00,1.975634574890136719e+00
1.653000000000000025e+00,1.916456460952758789e+00
1.653999999999999915e+00,1.993778824806213379e+00
1.655000000000000027e+00,2.073112487792968750e+00
1.655999999999999917e+00,2.053939819335937500e+00
1.657000000000000028e+00,2.022541761398315430e+00
1.657999999999999918e+00,2.042785167694091797e+00
1.659000000000000030e+00,2.015604972839355469e+00
1.659999999999999920e+00,1.902227520942687988e+00
1.661000000000000032e+00,1.972540378570556641e+00
1.661999999999999922e+00,1.921224713325500488e+00
1.663000000000000034e+00,2.004135131835937500e+00
1.663999999999999924e+00,1.943971037864685059e+00
1.665000000000000036e+00,2.067137002944946289e+00
1.665999999999999925e+00,1.981008768081665039e+00
1.667000000000000037e+00,1.981073379516601562e+00
1.667999999999999927e+00,2.012305498123168945e+00
1.669000000000000039e+00,2.014209747314453125e+00
1.669999999999999929e+00,2.004530429840087891e+00
1.671000000000000041e+00,1.945114374160766602e+00
1.671999999999999931e+00,1.930249452590942383e+00
1.673000000000000043e+00,2.006926059722900391e+00
1.673999999999999932e+00,2.113827228546142578e+00
1.675000000000000044e+00,1.983935356140136719e+00
1.675999999999999934e+00,2.111528635025024414e+00
1.677000000000000046e+00,2.123947143554687500e+00
1.677999999999999936e+00,2.123826980590820312e+00
1.679000000000000048e+00,1.981563448905944824e+00
1.679999999999999938e+00,2.041921615600585938e+00
1.681000000000000050e+00,2.061094760894775391e+00
1.681999999999999940e+00,1.985905289649963379e+00
1.683000000000000052e+00,1.946099758148193359e+00
1.683999999999999941e+00,2.051536798477172852e+00
1.685000000000000053e+00,1.982337236404418945e+00
1.685999999999999943e+00,2.009763717651367188e+00
1.687000000000000055e+00,2.011390924453735352e+00
1.687999999999999945e+00,1.996148824691772461e+00
1.689000000000000057e+00,1.988040447235107422e+00
1.689999999999999947e+00,1.980750679969787598e+00
1.691000000000000059e+00,1.911769866943359375e+00
1.691999999999999948e+00,1.991765260696411133e+00
1.693000000000000060e+00,2.031292438507080078e+00
1.693999999999999950e+00,2.095880746841430664e+00
1.695000000000000062e+00,1.995098590850830078e+00
1.695999999999999952e+00,1.954617381095886230e+00
1.697000000000000064e+00,1.994906544685363770e+00
1.697999999999999954e+00,1.855887651443481445e+00
1.699000000000000066e+00,1.844726920127868652e+00
1.699999999999999956e+00,1.837174654006958008e+00
1.701000000000000068e+00,1.775470495223999023e+00
1.701999999999999957e+00,1.828026056289672852e+00
1.703000000000000069e+00,1.882957100868225098e+00
1.703999999999999959e+00,1.821723580360412598e+00
1.705000000000000071e+00,1.768952012062072754e+00
1.705999999999999961e+00,1.837675452232360840e+00
1.707000000000000073e+00,1.741372585296630859e+00
1.707999999999999963e+00,1.820011138916015625e+00
1.709000000000000075e+00,1.764771699905395508e+00
1.709999999999999964e+00,1.852993369102478027e+00
1.711000000000000076e+00,1.816032648086547852e+00
1.711999999999999966e+00,1.910138130187988281e+00
1.713000000000000078e+00,1.762308001518249512e+00
1.713999999999999968e+00,1.864940881729125977e+00
1.715000000000000080e+00,1.886997461318969727e+00
1.715999999999999970e+00,1.856493353843688965e+00
1.717000000000000082e+00,1.857401728630065918e+00
1.717999999999999972e+00,1.859945654869079590e+00
1.719000000000000083e+00,1.943168878555297852e+00
1.719999999999999973e+00,2.017797470092773438e+00
1.721000000000000085e+00,2.076942920684814453e+00
1.721999999999999975e+00,2.042297124862670898e+00
1.723000000000000087e+00,2.022023439407348633e+00
1.723999999999999977e+00,1.855198860168457031e+00
1.725000000000000089e+00,2.028850078582763672e+00
1.725999999999999979e+00,1.996059298515319824e+00
1.727000000000000091e+00,1.991059303283691406e+00
1.727999999999999980e+00,1.991726756095886230e+00
1.729000000000000092e+00,1.972825407981872559e+00
1.729999999999999982e+00,1.921716928482055664e+00
1.731000000000000094e+00,2.027413606643676758e+00
1.731999999999999984e+00,1.919547915458679199e+00
1.733000000000000096e+00,1.945718765258789062e+00
1.733999999999999986e+00,1.943221569061279297e+00
1.735000000000000098e+00,1.980686306953430176e+00
1.735999999999999988e+00,2.026720046997070312e+00
1.737000000000000099e+00,2.096783161163330078e+00
1.737999999999999989e+00,2.080447196960449219e+00
1.739000000000000101e+00,2.021985530853271484e+00
1.739999999999999991e+00,1.955650091171264648e+00
1.741000000000000103e+00,2.015452861785888672e+00
1.741999999999999993e+00,1.930792331695556641e+00
1.743000000000000105e+00,2.092817783355712891e+00
1.743999999999999995e+00,1.972177505493164062e+00
1.745000000000000107e+00,2.004606962203979492e+00
1.745999999999999996e+00,1.972164511680603027e+00
1.747000000000000108e+00,2.085894346237182617e+00
1.747999999999999998e+00,2.006365537643432617e+00
1.749000000000000110e+00,1.987487673759460449e+00
1.750000000000000000e+00,2.004262447357177734e+00
1.750999999999999890e+00,2.018101453781127930e+00
1.752000000000000002e+00,2.122177600860595703e+00
1.752999999999999892e+00,2.115192890167236328e+00
1.754000000000000004e+00,2.039165973663330078e+00
1.754999999999999893e+00,2.075798273086547852e+00
1.756000000000000005e+00,2.089273452758789062e+00
1.756999999999999895e+00,2.058488845825195312e+00
1.758000000000000007e+00,2.086690664291381836e+00
1.758999999999999897e+00,2.034988164901733398e+00
1.760000000000000009e+00,2.149460554122924805e+00
1.760999999999999899e+00,2.164721250534057617e+00
1.762000000000000011e+00,2.218700408935546875e+00
1.762999999999999901e+00,2.280537843704223633e+00
1.764000000000000012e+00,2.386749267578125000e+00
1.764999999999999902e+00,2.512644767761230469e+00
1.766000000000000014e+00,2.465514659881591797e+00
1.766999999999999904e+00,2.354904890060424805e+00
1.768000000000000016e+00,2.278430223464965820e+00
1.768999999999999906e+00,2.412566184997558594e+00
1.770000000000000018e+00,2.393421888351440430e+00
1.770999999999999908e+00,2.502881288528442383e+00
1.772000000000000020e+00,2.411125183105468750e+00
1.772999999999999909e+00,2.197635412216186523e+00
1.774000000000000021e+00,2.309669256210327148e+00
1.774999999999999911e+00,2.253707647323608398e+00
1.776000000000000023e+00,2.219817399978637695e+00
1.776999999999999913e+00,2.186325550079345703e+00
1.778000000000000025e+00,2.394265174865722656e+00
1.778999999999999915e+00,2.541096448898315430e+00
1.780000000000000027e+00,2.396036624908447266e+00
1.780999999999999917e+00,2.378747701644897461e+00
1.782000000000000028e+00,2.459370374679565430e+00
1.782999999999999918e+00,2.401630163192749023e+00
1.784000000000000030e+00,2.508338451385498047e+00
1.784999999999999920e+00,2.342237949371337891e+00
1.786000000000000032e+00,2.207046985626220703e+00
1.786999999999999922e+00,2.293946743011474609e+00
1.788000000000000034e+00,2.207834243774414062e+00
1.788999999999999924e+00,2.180601596832275391e+00
1.790000000000000036e+00,2.167741537094116211e+00
1.790999999999999925e+00,2.170227766036987305e+00
1.792000000000000037e+00,2.118103027343750000e+00
1.792999999999999927e+00,2.203709363937377930e+00
1.794000000000000039e+00,2.190716505050659180e+00
1.794999999999999929e+00,2.054748296737670898e+00
1.796000000000000041e+00,2.186944961547851562e+00
1.796999999999999931e+00,2.131070852279663086e+00
1.798000000000000043e+00,2.164083480834960938e+00
1.798999999999999932e+00,2.252414464950561523e+00
1.800000000000000044e+00,2.319276332855224609e+00
1.800999999999999934e+00,2.244651317596435547e+00
1.802000000000000046e+00,2.261869430541992188e+00
1.802999999999999936e+00,2.127770185470581055e+00
1.804000000000000048e+00,2.003650426864624023e+00
1.804999999999999938e+00,1.948252320289611816e+00
1.806000000000000050e+00,2.030789136886596680e+00
1.806999999999999940e+00,2.010234355926513672e+00
1.808000000000000052e+00,2.047733545303344727e+00
1.808999999999999941e+00,2.194306612014770508e+00
1.810000000000000053e+00,2.331125259399414062e+00
1.810999999999999943e+00,2.331344604492187500e+00
1.812000000000000055e+00,2.388697385787963867e+00
1.812999999999999945e+00,2.435089111328125000e+00
1.814000000000000057e+00,2.383695363998413086e+00
1.814999999999999947e+00,2.415657520294189453e+00
1.816000000000000059e+00,2.419759273529052734e+00
1.816999999999999948e+00,2.502799510955810547e+00
1.818000000000000060e+00,2.411167383193969727e+00
1.818999999999999950e+00,2.473618030548095703e+00
1.820000000000000062e+00,2.352102994918823242e+00
1.820999999999999952e+00,2.298354625701904297e+00
1.822000000000000064e+00,2.261982202529907227e+00
1.822999999999999954e+00,2.178655147552490234e+00
1.824000000000000066e+00,2.207428932189941406e+00
1.824999999999999956e+00,2.306313991546630859e+00
1.826000000000000068e+00,2.202433109283447266e+00
1.826999999999999957e+00,2.220128297805786133e+00
1.828000000000000069e+00,2.117946147918701172e+00
1.828999999999999959e+00,2.195203542709350586e+00
1.830000000000000071e+00,2.329381465911865234e+00
1.830999999999999961e+00,2.432852506637573242e+00
1.832000000000000073e+00,2.164792060852050781e+00
1.832999999999999963e+00,2.265809297561645508e+00
1.834000000000000075e+00,2.292721033096313477e+00
1.834999999999999964e+00,2.390077114105224609e+00
1.836000000000000076e+00,2.394073247909545898e+00
1.836999999999999966e+00,2.382183313369750977e+00
1.838000000000000078e+00,2.280784606933593750e+00
1.838999999999999968e+00,2.248587369918823242e+00
1.840000000000000080e+00,2.290914297103881836e+00
1.840999999999999970e+00,2.145914316177368164e+00
1.842000000000000082e+00,2.250257492065429688e+00
1.842999999999999972e+00,2.243728876113891602e+00
1.844000000000000083e+00,2.164650440216064453e+00
1.844999999999999973e+00,2.229295730590820312e+00
1.846000000000000085e+00,2.458497285842895508e+00
1.846999999999999975e+00,2.412449836730957031e+00
1.848000000000000087e+00,2.469057559967041016e+00
1.848999999999999977e+00,2.506014108657836914e+00
1.850000000000000089e+00,2.600713729858398438e+00
1.850999999999999979e+00,2.504963636398315430e+00
1.852000000000000091e+00,2.656157255172729492e+00
1.852999999999999980e+00,2.576812267303466797e+00
1.854000000000000092e+00,2.626422405242919922e+00
1.854999999999999982e+00,2.564643383026123047e+00
1.856000000000000094e+00,2.623189687728881836e+00
1.856999999999999984e+00,2.764366626739501953e+00
1.858000000000000096e+00,2.687836885452270508e+00
1.858999999999999986e+00,2.558786869049072266e+00
1.860000000000000098e+00,2.625137567520141602e+00
1.860999999999999988e+00,2.465359210968017578e+00
1.862000000000000099e+00,2.504616737365722656e+00
1.862999999999999989e+00,2.619123458862304688e+00
1.864000000000000101e+00,2.847993373870849609e+00
1.864999999999999991e+00,2.966246843338012695e+00
1.866000000000000103e+00,2.613291501998901367e+00
1.866999999999999993e+00,2.669450759887695312e+00
1.868000000000000105e+00,2.477458715438842773e+00
1.868999999999999995e+00,2.529099225997924805e+00
1.870000000000000107e+00,2.357681512832641602e+00
1.870999999999999996e+00,2.390900373458862305e+00
1.872000000000000108e+00,2.386845588684082031e+00
1.872999999999999998e+00,2.451053142547607422e+00
1.874000000000000110e+00,2.463720798492431641e+00
1.875000000000000000e+00,2.472067832946777344e+00
1.875999999999999890e+00,2.344615221023559570e+00
1.877000000000000002e+00,2.355404138565063477e+00
1.877999999999999892e+00,2.431581020355224609e+00
1.879000000000000004e+00,2.386117219924926758e+00
1.879999999999999893e+00,2.434070825576782227e+00
1.881000000000000005e+00,2.641143321990966797e+00
1.881999999999999895e+00,2.586069107055664062e+00
1.883000000000000007e+00,2.552256345748901367e+00
1.883999999999999897e+00,2.686143875122070312e+00
1.885000000000000009e+00,2.624329328536987305e+00
1.885999999999999899e+00,2.665177345275878906e+00
1.887000000000000011e+00,2.460741758346557617e+00
1.887999999999999901e+00,2.473091125488281250e+00
1.889000000000000012e+00,2.422756910324096680e+00
1.889999999999999902e+00,2.182932853698730469e+00
1.891000000000000014e+00,2.235443830490112305e+00
1.891999999999999904e+00,2.252959012985229492e+00
1.893000000000000016e+00,2.348470926284790039e+00
1.893999999999999906e+00,2.482940673828125000e+00
1.895000000000000018e+00,2.500357627868652344e+00
1.895999999999999908e+00,2.328031301498413086e+00
1.897000000000000020e+00,2.256371021270751953e+00
1.897999999999999909e+00,2.332199335098266602e+00
1.899000000000000021e+00,2.368906974792480469e+00
1.899999999999999911e+00,2.452095508575439453e+00
1.901000000000000023e+00,2.291293621063232422e+00
1.901999999999999913e+00,2.242635011672973633e+00
1.903000000000000025e+00,2.317821025848388672e+00
1.903999999999999915e+00,2.187073469161987305e+00
1.905000000000000027e+00,2.273432970046997070e+00
1.905999999999999917e+00,2.344419240951538086e+00
1.907000000000000028e+00,2.254116058349609375e+00
1.907999999999999918e+00,2.251654148101806641e+00
1.909000000000000030e+00,2.203871726989746094e+00
1.909999999999999920e+00,2.388279914855957031e+00
1.911000000000000032e+00,2.291349411010742188e+00
1.911999999999999922e+00,2.323317050933837891e+00
1.913000000000000034e+00,2.329951763153076172e+00
1.913999999999999924e+00,2.410255908966064453e+00
1.915000000000000036e+00,2.163929939270019531e+00
1.915999999999999925e+00,2.070460081100463867e+00
1.917000000000000037e+00,2.046247720718383789e+00
1.917999999999999927e+00,2.082534313201904297e+00
1.919000000000000039e+00,2.149615049362182617e+00
1.919999999999999929e+00,2.184700012207031250e+00
1.921000000000000041e+00,2.174980401992797852e+00
1.921999999999999931e+00,2.143543004989624023e+00
1.923000000000000043e+00,2.176413297653198242e+00
1.923999999999999932e+00,2.277184486389160156e+00
1.925000000000000044e+00,2.320256710052490234e+00
1.925999999999999934e+00,2.311129331588745117e+00
1.927000000000000046e+00,2.298810482025146484e+00
1.927999999999999936e+00,2.177469968795776367e+00
1.929000000000000048e+00,2.185472011566162109e+00
1.929999999999999938e+00,2.231599092483520508e+00
1.931000000000000050e+00,2.355924844741821289e+00
1.931999999999999940e+00,2.401555538177490234e+00
1.933000000000000052e+00,2.251132011413574219e+00
1.933999999999999941e+00,2.239966630935668945e+00
1.935000000000000053e+00,2.235798358917236328e+00
1.935999999999999943e+00,2.196216106414794922e+00
1.937000000000000055e+00,2.256042718887329102e+00
1.937999999999999945e+00,2.246415376663208008e+00
1.939000000000000057e+00,2.473783493041992188e+00
1.939999999999999947e+00,2.366834640502929688e+00
1.941000000000000059e+00,2.202711582183837891e+00
1.941999999999999948e+00,2.224647760391235352e+00
1.943000000000000060e+00,2.392652988433837891e+00
1.943999999999999950e+00,2.303142309188842773e+00
1.945000000000000062e+00,2.239475965499877930e+00
1.945999999999999952e+00,2.268007755279541016e+00
1.947000000000000064e+00,2.191159725189208984e+00
1.947999999999999954e+00,2.172217130661010742e+00
1.949000000000000066e+00,2.149175167083740234e+00
1.949999999999999956e+00,2.137644767761230469e+00
1.951000000000000068e+00,2.246290206909179688e+00
1.951999999999999957e+00,2.152953386306762695e+00
1.953000000000000069e+00,2.175696849822998047e+00
1.953999999999999959e+00,2.278396606445312500e+00
1.955000000000000071e+00,2.259597063064575195e+00
1.955999999999999961e+00,2.249087333679199219e+00
1.957000000000000073e+00,2.208216190338134766e+00
1.957999999999999963e+00,2.268988132476806641e+00
1.959000000000000075e+00,2.228768348693847656e+00
1.959999999999999964e+00,2.209593057632446289e+00
1.961000000000000076e+00,2.197681903839111328e+00
1.961999999999999966e+00,2.103087663650512695e+00
1.963000000000000078e+00,2.259336948394775391e+00
1.963999999999999968e+00,2.153499603271484375e+00
1.965000000000000080e+00,2.167057514190673828e+00
1.965999999999999970e+00,2.066048622131347656e+00
1.967000000000000082e+00,2.112024784088134766e+00
1.967999999999999972e+00,2.147354841232299805e+00
1.969000000000000083e+00,2.164792060852050781e+00
1.969999999999999973e+00,2.175814628601074219e+00
1.971000000000000085e+00,2.086751699447631836e+00
1.971999999999999975e+00,2.184852123260498047e+00
1.973000000000000087e+00,2.042209625244140625e+00
1.973999999999999977e+00,2.121900558471679688e+00
1.975000000000000089e+00,2.101044893264770508e+00
1.975999999999999979e+00,2.091376304626464844e+00
1.977000000000000091e+00,2.108742952346801758e+00
1.977999999999999980e+00,2.136687994003295898e+00
1.979000000000000092e+00,2.107930660247802734e+00
1.979999999999999982e+00,2.209847450256347656e+00
1.981000000000000094e+00,2.156405210494995117e+00
1.981999999999999984e+00,2.189479351043701172e+00
1.983000000000000096e+00,2.225486516952514648e+00
1.983999999999999986e+00,2.236232519149780273e+00
1.985000000000000098e+00,2.253537654876708984e+00
1.985999999999999988e+00,2.241928339004516602e+00
1.987000000000000099e+00,2.219092130661010742e+00
1.987999999999999989e+00,2.152158021926879883e+00
1.989000000000000101e+00,2.197379589080810547e+00
1.989999999999999991e+00,2.172322988510131836e+00
1.991000000000000103e+00,2.205471515655517578e+00
1.991999999999999993e+00,2.231667757034301758e+00
1.993000000000000105e+00,2.168047904968261719e+00
1.993999999999999995e+00,2.252255678176879883e+00
1.995000000000000107e+00,2.182347297668457031e+00
1.995999999999999996e+00,2.138625144958496094e+00
1.997000000000000108e+00,2.175391435623168945e+00
1.997999999999999998e+00,2.120960712432861328e+00
1.999000000000000110e+00,2.338251590728759766e+00
2.000000000000000000e+00,2.186395645141601562e+00
2.000999999999999890e+00,2.153107881546020508e+00
2.001999999999999780e+00,2.363949775695800781e+00
2.003000000000000114e+00,2.340338468551635742e+00
2.004000000000000004e+00,2.235283613204956055e+00
2.004999999999999893e+00,2.350787878036499023e+00
2.005999999999999783e+00,2.240388870239257812e+00
2.007000000000000117e+00,2.322942972183227539e+00
2.008000000000000007e+00,2.173699140548706055e+00
2.008999999999999897e+00,2.243831396102905273e+00
2.009999999999999787e+00,2.283203601837158203e+00
2.011000000000000121e+00,2.145044803619384766e+00
2.012000000000000011e+00,2.190483093261718750e+00
2.012999999999999901e+00,2.218516111373901367e+00
2.013999999999999790e+00,2.294982910156250000e+00
2.015000000000000124e+00,2.214884281158447266e+00
2.016000000000000014e+00,2.223544597625732422e+00
2.016999999999999904e+00,2.241073131561279297e+00
2.017999999999999794e+00,2.173169851303100586e+00
2.019000000000000128e+00,2.107421398162841797e+00
2.020000000000000018e+00,2.301144123077392578e+00
2.020999999999999908e+00,2.292843580245971680e+00
2.021999999999999797e+00,2.253628253936767578e+00
2.023000000000000131e+00,2.068879365921020508e+00
2.024000000000000021e+00,2.076315402984619141e+00
2.024999999999999911e+00,2.138840198516845703e+00
2.025999999999999801e+00,2.023779869079589844e+00
2.027000000000000135e+00,2.124921560287475586e+00
2.028000000000000025e+00,2.095002651214599609e+00
2.028999999999999915e+00,2.051038265228271484e+00
2.029999999999999805e+00,2.200703382492065430e+00
2.031000000000000139e+00,2.227575540542602539e+00
2.032000000000000028e+00,2.166279077529907227e+00
2.032999999999999918e+00,2.081331491470336914e+00
2.033999999999999808e+00,2.143197298049926758e+00
2.035000000000000142e+00,2.153024673461914062e+00
2.036000000000000032e+00,2.249564647674560547e+00
2.036999999999999922e+00,2.216107130050659180e+00
2.037999999999999812e+00,2.060114860534667969e+00
2.039000000000000146e+00,2.234163045883178711e+00
2.040000000000000036e+00,2.124512672424316406e+00
2.040999999999999925e+00,2.043447971343994141e+00
2.041999999999999815e+00,2.074320316314697266e+00
2.043000000000000149e+00,2.071619987487792969e+00
2.044000000000000039e+00,2.119562387466430664e+00
2.044999999999999929e+00,2.113718509674072266e+00
2.045999999999999819e+00,2.085110187530517578e+00
2.047000000000000153e+00,2.078148603439331055e+00
2.048000000000000043e+00,1.992714405059814453e+00
2.048999999999999932e+00,2.019633293151855469e+00
2.049999999999999822e+00,1.938652276992797852e+00
2.051000000000000156e+00,1.939877986907958984e+00
2.052000000000000046e+00,2.011060476303100586e+00
2.052999999999999936e+00,1.942708492279052734e+00
2.053999999999999826e+00,1.852358818054199219e+00
2.055000000000000160e+00,1.975078344345092773e+00
2.056000000000000050e+00,1.982530593872070312e+00
2.056999999999999940e+00,1.939614415168762207e+00
2.057999999999999829e+00,1.933517217636108398e+00
2.059000000000000163e+00,1.911997079849243164e+00
2.060000000000000053e+00,1.893555045127868652e+00
2.060999999999999943e+00,1.917882919311523438e+00
2.061999999999999833e+00,1.954329729080200195e+00
2.063000000000000167e+00,1.945048809051513672e+00
2.064000000000000057e+00,2.008326292037963867e+00
2.064999999999999947e+00,2.013664007186889648e+00
2.065999999999999837e+00,2.024701356887817383e+00
2.067000000000000171e+00,2.083663225173950195e+00
2.068000000000000060e+00,1.984630823135375977e+00
2.068999999999999950e+00,1.961470127105712891e+00
2.069999999999999840e+00,1.997198462486267090e+00
2.071000000000000174e+00,1.905288457870483398e+00
2.072000000000000064e+00,1.978245973587036133e+00
2.072999999999999954e+00,2.007664442062377930e+00
2.073999999999999844e+00,1.978181481361389160e+00
2.075000000000000178e+00,1.891029477119445801e+00
2.076000000000000068e+00,1.938771009445190430e+00
2.076999999999999957e+00,1.942892670631408691e+00
2.077999999999999847e+00,1.953976631164550781e+00
2.079000000000000181e+00,1.920532941818237305e+00
2.080000000000000071e+00,2.003076314926147461e+00
2.080999999999999961e+00,1.948960542678833008e+00
2.081999999999999851e+00,1.996059298515319824e+00
2.083000000000000185e+00,2.004683256149291992e+00
2.084000000000000075e+00,1.974521756172180176e+00
2.084999999999999964e+00,2.004963874816894531e+00
2.085999999999999854e+00,2.024461507797241211e+00
2.087000000000000188e+00,1.987680435180664062e+00
2.088000000000000078e+00,2.027426004409790039e+00
2.088999999999999968e+00,1.953244090080261230e+00
2.089999999999999858e+00,2.036545038223266602e+00
2.091000000000000192e+00,2.051461935043334961e+00
2.092000000000000082e+00,2.060920953750610352e+00
2.092999999999999972e+00,2.032701253890991211e+00
2.093999999999999861e+00,2.123718500137329102e+00
2.095000000000000195e+00,2.001378536224365234e+00
2.096000000000000085e+00,2.060511589050292969e+00
2.096999999999999975e+00,2.163209438323974609e+00
2.097999999999999865e+00,2.151219606399536133e+00
2.099000000000000199e+00,2.059978246688842773e+00
2.100000000000000089e+00,2.133108615875244141e+00
2.100999999999999979e+00,2.243740081787109375e+00
2.101999999999999869e+00,2.108985424041748047e+00
2.103000000000000203e+00,2.129079103469848633e+00
2.104000000000000092e+00,2.125414848327636719e+00
2.104999999999999982e+00,2.067347049713134766e+00
2.105999999999999872e+00,1.970206618309020996e+00
2.107000000000000206e+00,2.045948028564453125e+00
2.108000000000000096e+00,2.087437629699707031e+00
2.108999999999999986e+00,2.047496318817138672e+00
2.109999999999999876e+00,2.052956342697143555e+00
2.111000000000000210e+00,2.040669679641723633e+00
2.112000000000000099e+00,2.098379135131835938e+00
2.112999999999999989e+00,2.035026073455810547e+00
2.113999999999999879e+00,2.076019763946533203e+00
2.115000000000000213e+00,2.134869337081909180e+00
2.116000000000000103e+00,2.091021776199340820e+00
2.116999999999999993e+00,2.094563484191894531e+00
2.117999999999999883e+00,2.156606674194335938e+00
2.119000000000000217e+00,2.030600309371948242e+00
2.120000000000000107e+00,2.046797275543212891e+00
2.120999999999999996e+00,2.121996879577636719e+00
2.121999999999999886e+00,2.075822830200195312e+00
2.123000000000000220e+00,2.114939212799072266e+00
2.124000000000000110e+00,2.127241611480712891e+00
2.125000000000000000e+00,2.189969778060913086e+00
2.125999999999999890e+00,2.136018037796020508e+00
2.126999999999999780e+00,2.134498119354248047e+00
2.128000000000000114e+00,2.162251949310302734e+00
2.129000000000000004e+00,2.227495193481445312e+00
2.129999999999999893e+00,2.206664562225341797e+00
2.130999999999999783e+00,2.224119186401367188e+00
2.132000000000000117e+00,2.149543762207031250e+00
2.133000000000000007e+00,2.175967216491699219e+00
2.133999999999999897e+00,2.202862501144409180e+00
2.134999999999999787e+00,2.088441371917724609e+00
2.136000000000000121e+00,2.068150520324707031e+00
2.137000000000000011e+00,2.123441696166992188e+00
2.137999999999999901e+00,2.045673131942749023e+00
2.138999999999999790e+00,2.113210678100585938e+00
2.140000000000000124e+00,2.146295547485351562e+00
2.141000000000000014e+00,2.071953296661376953e+00
2.141999999999999904e+00,2.113101720809936523e+00
2.142999999999999794e+00,2.114322662353515625e+00
2.144000000000000128e+00,2.093172073364257812e+00
2.145000000000000018e+00,2.099742889404296875e+00
2.145999999999999908e+00,2.146652698516845703e+00
2.146999999999999797e+00,2.113077402114868164e+00
2.148000000000000131e+00,1.983587503433227539e+00
2.149000000000000021e+00,2.070040464401245117e+00
2.149999999999999911e+00,2.043347835540771484e+00
2.150999999999999801e+00,2.144401311874389648e+00
2.152000000000000135e+00,2.120563030242919922e+00
2.153000000000000025e+00,2.039755105972290039e+00
2.153999999999999915e+00,2.020480871200561523e+00
2.154999999999999805e+00,2.086176156997680664e+00
2.156000000000000139e+00,2.051200389862060547e+00
2.157000000000000028e+00,2.062966346740722656e+00
2.157999999999999918e+00,2.197530746459960938e+00
2.158999999999999808e+00,2.110838651657104492e+00
2.160000000000000142e+00,2.106220483779907227e+00
2.161000000000000032e+00,2.131094694137573242e+00
2.161999999999999922e+00,2.205517768859863281e+00
2.162999999999999812e+00,2.102649927139282227e+00
2.164000000000000146e+00,2.112508773803710938e+00
2.165000000000000036e+00,2.124404430389404297e+00
2.165999999999999925e+00,2.095551729202270508e+00
2.166999999999999815e+00,2.051997661590576172e+00
2.168000000000000149e+00,2.166385173797607422e+00
2.169000000000000039e+00,2.226381778717041016e+00
2.169999999999999929e+00,2.135755062103271484e+00
2.170999999999999819e+00,2.183939456939697266e+00
2.172000000000000153e+00,2.131262779235839844e+00
2.173000000000000043e+00,2.106887817382812500e+00
2.173999999999999932e+00,2.077361345291137695e+00
2.174999999999999822e+00,2.161862134933471680e+00
2.176000000000000156e+00,2.126124143600463867e+00
2.177000000000000046e+00,2.058724880218505859e+00
2.177999999999999936e+00,2.179687261581420898e+00
2.178999999999999826e+00,2.268199443817138672e+00
2.180000000000000160e+00,2.140142202377319336e+00
2.181000000000000050e+00,2.108985424041748047e+00
2.181999999999999940e+00,2.087511062622070312e+00
2.182999999999999829e+00,2.142910957336425781e+00
2.184000000000000163e+00,2.139473199844360352e+00
2.185000000000000053e+00,2.154745340347290039e+00
2.185999999999999943e+00,2.233613729476928711e+00
2.186999999999999833e+00,2.034686803817749023e+00
2.188000000000000167e+00,2.100095987319946289e+00
2.189000000000000057e+00,2.062904357910156250e+00
2.189999999999999947e+00,2.060734987258911133e+00
2.190999999999999837e+00,2.093696832656860352e+00
2.192000000000000171e+00,2.058513641357421875e+00
2.193000000000000060e+00,2.053217887878417969e+00
2.193999999999999950e+00,2.063858032226562500e+00
2.194999999999999840e+00,2.117656469345092773e+00
2.196000000000000174e+00,2.082804441452026367e+00
2.197000000000000064e+00,2.069052457809448242e+00
2.197999999999999954e+00,2.031443357467651367e+00
2.198999999999999844e+00,2.125534772872924805e+00
2.200000000000000178e+00,2.048332452774047852e+00
2.201000000000000068e+00,2.113198518753051758e+00
2.201999999999999957e+00,2.103391170501708984e+00
2.202999999999999847e+00,2.012445449829101562e+00
2.204000000000000181e+00,2.094404935836791992e+00
2.205000000000000071e+00,2.160939693450927734e+00
2.205999999999999961e+00,2.123802661895751953e+00
2.206999999999999851e+00,2.293088674545288086e+00
2.208000000000000185e+00,2.177446365356445312e+00
2.209000000000000075e+00,2.096137046813964844e+00
2.209999999999999964e+00,2.125943660736083984e+00
2.210999999999999854e+00,2.102175951004028320e+00
2.212000000000000188e+00,2.091119766235351562e+00
2.213000000000000078e+00,2.118308067321777344e+00
2.213999999999999968e+00,2.037096977233886719e+00
2.214999999999999858e+00,2.119610786437988281e+00
2.216000000000000192e+00,2.116763114929199219e+00
2.217000000000000082e+00,2.056749820709228516e+00
2.217999999999999972e+00,2.026228189468383789e+00
2.218999999999999861e+00,2.031871318817138672e+00
2.220000000000000195e+00,2.189117431640625000e+00
2.221000000000000085e+00,2.143197298049926758e+00
2.221999999999999975e+00,2.161046266555786133e+00
2.222999999999999865e+00,2.129703044891357422e+00
2.224000000000000199e+00,2.249280691146850586e+00
2.225000000000000089e+00,2.122803688049316406e+00
2.225999999999999979e+00,2.097465515136718750e+00
2.226999999999999869e+00,2.138051271438598633e+00
2.228000000000000203e+00,2.103901386260986328e+00
2.229000000000000092e+00,2.137214183807373047e+00
2.229999999999999982e+00,2.131442546844482422e+00
2.230999999999999872e+00,2.192594051361083984e+00
2.232000000000000206e+00,2.233716964721679688e+00
2.233000000000000096e+00,2.189234256744384766e+00
2.233999999999999986e+00,2.223740100860595703e+00
2.234999999999999876e+00,2.116811513900756836e+00
2.236000000000000210e+00,2.049829244613647461e+00
2.237000000000000099e+00,2.121274232864379883e+00
2.237999999999999989e+00,2.029429435729980469e+00
2.238999999999999879e+00,2.064278841018676758e+00
2.240000000000000213e+00,2.087021350860595703e+00
2.241000000000000103e+00,2.176190376281738281e+00
2.241999999999999993e+00,2.186161994934082031e+00
2.242999999999999883e+00,2.065318584442138672e+00
2.244000000000000217e+00,2.090386152267456055e+00
2.245000000000000107e+00,2.177035570144653320e+00
2.245999999999999996e+00,2.200842857360839844e+00
2.246999999999999886e+00,2.217767000198364258e+00
2.248000000000000220e+00,2.217709541320800781e+00
2.249000000000000110e+00,2.225279569625854492e+00
2.250000000000000000e+00,2.269596099853515625e+00
2.250999999999999890e+00,2.136604309082031250e+00
2.251999999999999780e+00,2.196460485458374023e+00
2.253000000000000114e+00,2.196914196014404297e+00
2.254000000000000004e+00,2.222601890563964844e+00
2.254999999999999893e+00,2.213660717010498047e+00
2.255999999999999783e+00,2.096856117248535156e+00
2.257000000000000117e+00,2.142087936401367188e+00
2.258000000000000007e+00,2.128947019577026367e+00
2.258999999999999897e+00,2.136149883270263672e+00
2.259999999999999787e+00,2.168943643569946289e+00
2.261000000000000121e+00,2.139473199844360352e+00
2.262000000000000011e+00,2.243067979812622070e+00
2.262999999999999901e+00,2.143602609634399414e+00
2.263999999999999790e+00,2.171475648880004883e+00
2.265000000000000124e+00,2.156464576721191406e+00
2.266000000000000014e+00,2.180179595947265625e+00
2.266999999999999904e+00,2.160324573516845703e+00
2.267999999999999794e+00,2.221498012542724609e+00
2.269000000000000128e+00,2.208250999450683594e+00
2.270000000000000018e+00,2.200285434722900391e+00
2.270999999999999908e+00,2.205679893493652344e+00
2.271999999999999797e+00,2.222452640533447266e+00
2.273000000000000131e+00,2.154199600219726562e+00
2.274000000000000021e+00,2.150839328765869141e+00
2.274999999999999911e+00,2.119200706481933594e+00
2.275999999999999801e+00,2.283897638320922852e+00
2.277000000000000135e+00,2.239715576171875000e+00
2.278000000000000025e+00,2.265831947326660156e+00
2.278999999999999915e+00,2.173381567001342773e+00
2.279999999999999805e+00,2.225359916687011719e+00
2.281000000000000139e+00,2.247086524963378906e+00
2.282000000000000028e+00,2.312455892562866211e+00
2.282999999999999918e+00,2.337453603744506836e+00
2.283999999999999808e+00,2.304883956909179688e+00
2.285000000000000142e+00,2.215807199478149414e+00
2.286000000000000032e+00,2.254546642303466797e+00
2.286999999999999922e+00,2.363290071487426758e+00
2.287999999999999812e+00,2.293946743011474609e+00
2.289000000000000146e+00,2.275084972381591797e+00
2.290000000000000036e+00,2.348035812377929688e+00
2.290999999999999925e+00,2.278575897216796875e+00
2.291999999999999815e+00,2.274837732315063477e+00
2.293000000000000149e+00,2.274556636810302734e+00
2.294000000000000039e+00,2.261914491653442383e+00
2.294999999999999929e+00,2.191766262054443359e+00
2.295999999999999819e+00,2.277723312377929688e+00
2.297000000000000153e+00,2.162275791168212891e+00
2.298000000000000043e+00,2.147104978561401367e+00
2.298999999999999932e+00,2.171098947525024414e+00
2.299999999999999822e+00,2.227667331695556641e+00
2.301000000000000156e+00,2.268109321594238281e+00
2.302000000000000046e+00,2.138314247131347656e+00
2.302999999999999936e+00,2.175050735473632812e+00
2.303999999999999826e+00,2.288257598876953125e+00
2.305000000000000160e+00,2.307565689086914062e+00
2.306000000000000050e+00,2.420551300048828125e+00
2.306999999999999940e+00,2.269269704818725586e+00
2.307999999999999829e+00,2.318262100219726562e+00
2.309000000000000163e+00,2.403629779815673828e+00
2.310000000000000053e+00,2.427604675292968750e+00
2.310999999999999943e+00,2.379424333572387695e+00
2.311999999999999833e+00,2.349776744842529297e+00
2.313000000000000167e+00,2.436054468154907227e+00
2.314000000000000057e+00,2.333283901214599609e+00
2.314999999999999947e+00,2.227173805236816406e+00
2.315999999999999837e+00,2.202409982681274414e+00
2.317000000000000171e+00,2.407826423645019531e+00
2.318000000000000060e+00,2.302842617034912109e+00
2.318999999999999950e+00,2.300266504287719727e+00
2.319999999999999840e+00,2.266531229019165039e+00
2.321000000000000174e+00,2.247097969055175781e+00
2.322000000000000064e+00,2.242600679397583008e+00
2.322999999999999954e+00,2.309503316879272461e+00
2.323999999999999844e+00,2.380433797836303711e+00
2.325000000000000178e+00,2.294871330261230469e+00
2.326000000000000068e+00,2.247291326522827148e+00
2.326999999999999957e+00,2.277004957199096680e+00
2.327999999999999847e+00,2.206745624542236328e+00
2.329000000000000181e+00,2.052097320556640625e+00
2.330000000000000071e+00,2.199588298797607422e+00
2.330999999999999961e+00,2.098440170288085938e+00
2.331999999999999851e+00,2.031720161437988281e+00
2.333000000000000185e+00,2.129655122756958008e+00
2.334000000000000075e+00,2.203976154327392578e+00
2.334999999999999964e+00,2.172452449798583984e+00
2.335999999999999854e+00,2.198135375976562500e+00
2.337000000000000188e+00,2.228722572326660156e+00
2.338000000000000078e+00,2.206907987594604492e+00
2.338999999999999968e+00,2.109785079956054688e+00
2.339999999999999858e+00,2.142410039901733398e+00
2.341000000000000192e+00,2.170840024948120117e+00
2.342000000000000082e+00,2.208285570144653320e+00
2.342999999999999972e+00,2.196378946304321289e+00
2.343999999999999861e+00,2.088392257690429688e+00
2.345000000000000195e+00,2.204138278961181641e+00
2.346000000000000085e+00,2.151219606399536133e+00
2.346999999999999975e+00,2.094343662261962891e+00
2.347999999999999865e+00,2.024814844131469727e+00
2.349000000000000199e+00,2.000024557113647461e+00
2.350000000000000089e+00,2.065764188766479492e+00
2.350999999999999979e+00,2.018189907073974609e+00
2.351999999999999869e+00,2.069707155227661133e+00
2.353000000000000203e+00,2.130135059356689453e+00
2.354000000000000092e+00,2.122370243072509766e+00
2.354999999999999982e+00,2.161200046539306641e+00
2.355999999999999872e+00,2.112339496612548828e+00
2.357000000000000206e+00,2.032412052154541016e+00
2.358000000000000096e+00,2.052383661270141602e+00
2.358999999999999986e+00,2.050215721130371094e+00
2.359999999999999876e+00,2.092329263687133789e+00
2.361000000000000210e+00,2.090618371963500977e+00
2.362000000000000099e+00,2.170781135559082031e+00
2.362999999999999989e+00,2.274938821792602539e+00
2.363999999999999879e+00,2.171004772186279297e+00
2.365000000000000213e+00,2.090007305145263672e+00
2.366000000000000103e+00,2.155302762985229492e+00
2.366999999999999993e+00,2.179511547088623047e+00
2.367999999999999883e+00,2.158833503723144531e+00
2.369000000000000217e+00,2.171393394470214844e+00
2.370000000000000107e+00,2.179687261581420898e+00
2.370999999999999996e+00,2.121490955352783203e+00
2.371999999999999886e+00,2.173757791519165039e+00
2.373000000000000220e+00,2.166314363479614258e+00
2.374000000000000110e+00,2.113669872283935547e+00
2.375000000000000000e+00,2.208239316940307617e+00
2.375999999999999890e+00,2.232824087142944336e+00
2.376999999999999780e+00,2.226933002471923828e+00
2.378000000000000114e+00,2.246415376663208008e+00
2.379000000000000004e+00,2.291382789611816406e+00
2.379999999999999893e+00,2.188954114913940430e+00
2.380999999999999783e+00,2.118296146392822266e+00
2.382000000000000117e+00,2.219863414764404297e+00
2.383000000000000007e+00,2.229869127273559570e+00
2.383999999999999897e+00,2.148283004760742188e+00
2.384999999999999787e+00,2.190016269683837891e+00
2.386000000000000121e+00,2.002808332443237305e+00
2.387000000000000011e+00,2.140691518783569336e+00
2.387999999999999901e+00,2.168613910675048828e+00
2.388999999999999790e+00,2.081540107727050781e+00
2.390000000000000124e+00,2.053752899169921875e+00
2.391000000000000014e+00,2.125150203704833984e+00
2.391999999999999904e+00,2.155741453170776367e+00
2.392999999999999794e+00,2.234837770462036133e+00
2.394000000000000128e+00,2.160123586654663086e+00
2.395000000000000018e+00,2.148330688476562500e+00
2.395999999999999908e+00,2.068768262863159180e+00
2.396999999999999797e+00,2.209511995315551758e+00
2.398000000000000131e+00,2.189561128616333008e+00
2.399000000000000021e+00,2.180472850799560547e+00
2.399999999999999911e+00,2.057669401168823242e+00
2.400999999999999801e+00,2.115011692047119141e+00
2.402000000000000135e+00,2.085943460464477539e+00
2.403000000000000025e+00,2.170686960220336914e+00
2.403999999999999915e+00,2.115797042846679688e+00
2.404999999999999805e+00,2.184957265853881836e+00
2.406000000000000139e+00,2.161696434020996094e+00
2.407000000000000028e+00,2.146164417266845703e+00
2.407999999999999918e+00,2.086923360824584961e+00
2.408999999999999808e+00,2.220208883285522461e+00
2.410000000000000142e+00,2.178795814514160156e+00
2.411000000000000032e+00,2.074923753738403320e+00
2.411999999999999922e+00,2.165866136550903320e+00
2.412999999999999812e+00,2.097197532653808594e+00
2.414000000000000146e+00,2.059370279312133789e+00
2.415000000000000036e+00,2.148604154586791992e+00
2.415999999999999925e+00,2.108464241027832031e+00
2.416999999999999815e+00,2.188194990158081055e+00
2.418000000000000149e+00,2.144437074661254883e+00
2.419000000000000039e+00,2.196332454681396484e+00
2.419999999999999929e+00,2.107445716857910156e+00
2.420999999999999819e+00,2.315901756286621094e+00
2.422000000000000153e+00,2.161259174346923828e+00
2.423000000000000043e+00,2.138433694839477539e+00
2.423999999999999932e+00,2.217421293258666992e+00
2.424999999999999822e+00,2.070040464401245117e+00
2.426000000000000156e+00,2.004836320877075195e+00
2.427000000000000046e+00,2.180156230926513672e+00
2.427999999999999936e+00,2.091290712356567383e+00
2.428999999999999826e+00,2.111335039138793945e+00
2.430000000000000160e+00,2.098233222961425781e+00
2.431000000000000050e+00,2.240913391113281250e+00
2.431999999999999940e+00,2.177751779556274414e+00
2.432999999999999829e+00,2.145461797714233398e+00
2.434000000000000163e+00,2.176378250122070312e+00
2.435000000000000053e+00,2.127433776855468750e+00
2.435999999999999943e+00,2.217306137084960938e+00
2.436999999999999833e+00,2.138553142547607422e+00
2.438000000000000167e+00,2.125053882598876953e+00
2.439000000000000057e+00,2.162795782089233398e+00
2.439999999999999947e+00,2.187026739120483398e+00
2.440999999999999837e+00,2.169662475585937500e+00
2.442000000000000171e+00,2.272263526916503906e+00
2.443000000000000060e+00,2.219310760498046875e+00
2.443999999999999950e+00,2.226106405258178711e+00
2.444999999999999840e+00,2.250643730163574219e+00
2.446000000000000174e+00,2.146450281143188477e+00
2.447000000000000064e+00,2.141144990921020508e+00
2.447999999999999954e+00,2.105492353439331055e+00
2.448999999999999844e+00,2.244184494018554688e+00
2.450000000000000178e+00,2.134498119354248047e+00
2.451000000000000068e+00,2.161046266555786133e+00
2.451999999999999957e+00,2.150245189666748047e+00
2.452999999999999847e+00,2.143065929412841797e+00
2.454000000000000181e+00,2.179944992065429688e+00
2.455000000000000071e+00,2.146866798400878906e+00
2.455999999999999961e+00,2.031996965408325195e+00
2.456999999999999851e+00,2.117137432098388672e+00
2.458000000000000185e+00,2.260490417480468750e+00
2.459000000000000075e+00,2.142052173614501953e+00
2.459999999999999964e+00,2.112484693527221680e+00
2.460999999999999854e+00,2.205309152603149414e+00
2.462000000000000188e+00,2.259223699569702148e+00
2.463000000000000078e+00,2.213210582733154297e+00
2.463999999999999968e+00,2.180367231369018555e+00
2.464999999999999858e+00,2.219379901885986328e+00
2.466000000000000192e+00,2.185448646545410156e+00
2.467000000000000082e+00,2.266091346740722656e+00
2.467999999999999972e+00,2.299855232238769531e+00
2.468999999999999861e+00,2.284277915954589844e+00
2.470000000000000195e+00,2.212309598922729492e+00
2.471000000000000085e+00,2.282554388046264648e+00
2.471999999999999975e+00,2.246699810028076172e+00
2.472999999999999865e+00,2.256711006164550781e+00
2.474000000000000199e+00,2.093733549118041992e+00
2.475000000000000089e+00,2.171511173248291016e+00
2.475999999999999979e+00,2.202711582183837891e+00
2.476999999999999869e+00,2.049455165863037109e+00
2.478000000000000203e+00,2.202096700668334961e+00
2.479000000000000092e+00,2.185331583023071289e+00
2.479999999999999982e+00,2.179675579071044922e+00
2.480999999999999872e+00,2.206155061721801758e+00
2.482000000000000206e+00,2.212817907333374023e+00
2.483000000000000096e+00,2.264793872833251953e+00
2.483999999999999986e+00,2.083037376403808594e+00
2.484999999999999876e+00,2.242315769195556641e+00
2.486000000000000210e+00,2.230522155761718750e+00
2.487000000000000099e+00,2.200459480285644531e+00
2.487999999999999989e+00,2.178127288818359375e+00
2.488999999999999879e+00,2.279170274734497070e+00
2.490000000000000213e+00,2.263653755187988281e+00
2.491000000000000103e+00,2.241255760192871094e+00
2.491999999999999993e+00,2.199018955230712891e+00
2.492999999999999883e+00,2.282890319824218750e+00
2.494000000000000217e+00,2.284546375274658203e+00
2.495000000000000107e+00,2.343623161315917969e+00
2.495999999999999996e+00,2.354079723358154297e+00
2.496999999999999886e+00,2.327482461929321289e+00
2.498000000000000220e+00,2.327921628952026367e+00
2.499000000000000110e+00,2.277734518051147461e+00
2.500000000000000000e+00,2.269168138504028320e+00
2.500999999999999890e+00,2.279730796813964844e+00
2.501999999999999780e+00,2.370114803314208984e+00
2.503000000000000114e+00,2.280313730239868164e+00
2.504000000000000004e+00,2.243387222290039062e+00
2.504999999999999893e+00,2.184243679046630859e+00
2.505999999999999783e+00,2.208655834197998047e+00
2.507000000000000117e+00,2.160868883132934570e+00
2.508000000000000007e+00,2.192337512969970703e+00
2.508999999999999897e+00,2.159307003021240234e+00
2.509999999999999787e+00,2.119140386581420898e+00
2.511000000000000121e+00,2.239247798919677734e+00
2.512000000000000011e+00,2.151005744934082031e+00
2.512999999999999901e+00,2.271059513092041016e+00
2.513999999999999790e+00,2.279607772827148438e+00
2.515000000000000124e+00,2.273545265197753906e+00
2.516000000000000014e+00,2.357887506484985352e+00
2.516999999999999904e+00,2.256427764892578125e+00
2.517999999999999794e+00,2.342226982116699219e+00
2.519000000000000128e+00,2.289898872375488281e+00
2.520000000000000018e+00,2.284859657287597656e+00
2.520999999999999908e+00,2.303253173828125000e+00
2.521999999999999797e+00,2.293913364410400391e+00
2.523000000000000131e+00,2.313251733779907227e+00
2.524000000000000021e+00,2.298965930938720703e+00
2.524999999999999911e+00,2.343208789825439453e+00
2.525999999999999801e+00,2.248098611831665039e+00
2.527000000000000135e+00,2.310078620910644531e+00
2.528000000000000025e+00,2.364857673645019531e+00
2.528999999999999915e+00,2.299577474594116211e+00
2.529999999999999805e+00,2.305737495422363281e+00
2.531000000000000139e+00,2.248394250869750977e+00
2.532000000000000028e+00,2.311825990676879883e+00
2.532999999999999918e+00,2.215726613998413086e+00
2.533999999999999808e+00,2.297609329223632812e+00
2.535000000000000142e+00,2.306568861007690430e+00
2.536000000000000032e+00,2.320510149002075195e+00
2.536999999999999922e+00,2.225026845932006836e+00
2.537999999999999812e+00,2.239327669143676758e+00
2.539000000000000146e+00,2.341561317443847656e+00
2.540000000000000036e+00,2.356401920318603516e+00
2.540999999999999925e+00,2.314676523208618164e+00
2.541999999999999815e+00,2.348917007446289062e+00
2.543000000000000149e+00,2.369338512420654297e+00
2.544000000000000039e+00,2.348906517028808594e+00
2.544999999999999929e+00,2.262389183044433594e+00
2.545999999999999819e+00,2.287397623062133789e+00
2.547000000000000153e+00,2.307156085968017578e+00
2.548000000000000043e+00,2.296507835388183594e+00
2.548999999999999932e+00,2.335714340209960938e+00
2.549999999999999822e+00,2.260411262512207031e+00
2.551000000000000156e+00,2.324801445007324219e+00
2.552000000000000046e+00,2.358862876892089844e+00
2.552999999999999936e+00,2.222843408584594727e+00
2.553999999999999826e+00,2.285184144973754883e+00
2.555000000000000160e+00,2.330916881561279297e+00
2.556000000000000050e+00,2.320432901382446289e+00
2.556999999999999940e+00,2.294381380081176758e+00
2.557999999999999829e+00,2.362175941467285156e+00
2.559000000000000163e+00,2.328843593597412109e+00
2.560000000000000053e+00,2.239464759826660156e+00
2.560999999999999943e+00,2.225773572921752930e+00
2.561999999999999833e+00,2.317214488983154297e+00
2.563000000000000167e+00,2.353221893310546875e+00
2.564000000000000057e+00,2.289642333984375000e+00
2.564999999999999947e+00,2.319816112518310547e+00
2.565999999999999837e+00,2.355859756469726562e+00
2.567000000000000171e+00,2.200680255889892578e+00
2.568000000000000060e+00,2.265166282653808594e+00
2.568999999999999950e+00,2.271037101745605469e+00
2.569999999999999840e+00,2.292921543121337891e+00
2.571000000000000174e+00,2.337224006652832031e+00
2.572000000000000064e+00,2.313759803771972656e+00
2.572999999999999954e+00,2.302975893020629883e+00
2.573999999999999844e+00,2.287676811218261719e+00
2.575000000000000178e+00,2.332813024520874023e+00
2.576000000000000068e+00,2.349385023117065430e+00
2.576999999999999957e+00,2.240548610687255859e+00
2.577999999999999847e+00,2.331267833709716797e+00
2.579000000000000181e+00,2.357789993286132812e+00
2.580000000000000071e+00,2.350048542022705078e+00
2.580999999999999961e+00,2.290680170059204102e+00
2.581999999999999851e+00,2.327087163925170898e+00
2.583000000000000185e+00,2.262027502059936523e+00
2.584000000000000075e+00,2.321104764938354492e+00
2.584999999999999964e+00,2.346772670745849609e+00
2.585999999999999854e+00,2.376124620437622070e+00
2.587000000000000188e+00,2.335243940353393555e+00
2.588000000000000078e+00,2.264286041259765625e+00
2.588999999999999968e+00,2.271273374557495117e+00
2.589999999999999858e+00,2.259212493896484375e+00
2.591000000000000192e+00,2.235946893692016602e+00
2.592000000000000082e+00,2.283013343811035156e+00
2.592999999999999972e+00,2.249053239822387695e+00
2.593999999999999861e+00,2.239692687988281250e+00
2.595000000000000195e+00,2.305305242538452148e+00
2.596000000000000085e+00,2.335834980010986328e+00
2.596999999999999975e+00,2.261236429214477539e+00
2.597999999999999865e+00,2.217052459716796875e+00
2.599000000000000199e+00,2.206409931182861328e+00
2.600000000000000089e+00,2.207996368408203125e+00
2.600999999999999979e+00,2.120972871780395508e+00
2.601999999999999869e+00,2.228539228439331055e+00
2.603000000000000203e+00,2.152169942855834961e+00
2.604000000000000092e+00,2.136353015899658203e+00
2.604999999999999982e+00,2.301110744476318359e+00
2.605999999999999872e+00,2.209176540374755859e+00
2.607000000000000206e+00,2.177458286285400391e+00
2.608000000000000096e+00,2.289742708206176758e+00
2.608999999999999986e+00,2.207614421844482422e+00
2.609999999999999876e+00,2.268774032592773438e+00
2.611000000000000210e+00,2.245072603225708008e+00
2.612000000000000099e+00,2.192978620529174805e+00
2.612999999999999989e+00,2.293401002883911133e+00
2.613999999999999879e+00,2.367083072662353516e+00
2.615000000000000213e+00,2.197844743728637695e+00
2.616000000000000103e+00,2.206328868865966797e+00
2.616999999999999993e+00,2.316276788711547852e+00
2.617999999999999883e+00,2.283080577850341797e+00
2.619000000000000217e+00,2.335670709609985352e+00
2.620000000000000107e+00,2.347632884979248047e+00
2.620999999999999996e+00,2.331475973129272461e+00
2.621999999999999886e+00,2.210078716278076172e+00
2.623000000000000220e+00,2.335287809371948242e+00
2.624000000000000110e+00,2.282789230346679688e+00
2.625000000000000000e+00,2.370255231857299805e+00
2.625999999999999890e+00,2.302088022232055664e+00
2.626999999999999780e+00,2.262999057769775391e+00
2.628000000000000114e+00,2.197495937347412109e+00
2.629000000000000004e+00,2.261756181716918945e+00
2.629999999999999893e+00,2.286402940750122070e+00
2.630999999999999783e+00,2.322887897491455078e+00
2.632000000000000117e+00,2.224360704421997070e+00
2.633000000000000007e+00,2.173287630081176758e+00
2.633999999999999897e+00,2.240046501159667969e+00
2.634999999999999787e+00,2.279876708984375000e+00
2.636000000000000121e+00,2.237980604171752930e+00
2.637000000000000011e+00,2.327910661697387695e+00
2.637999999999999901e+00,2.252777576446533203e+00
2.638999999999999790e+00,2.282240867614746094e+00
2.640000000000000124e+00,2.382816076278686523e+00
2.641000000000000014e+00,2.381614446640014648e+00
2.641999999999999904e+00,2.259416103363037109e+00
2.642999999999999794e+00,2.267838954925537109e+00
2.644000000000000128e+00,2.180953264236450195e+00
2.645000000000000018e+00,2.159709453582763672e+00
2.645999999999999908e+00,2.099767208099365234e+00
2.646999999999999797e+00,2.048132896423339844e+00
2.648000000000000131e+00,2.080385446548461914e+00
2.649000000000000021e+00,2.093648195266723633e+00
2.649999999999999911e+00,2.026026248931884766e+00
2.650999999999999801e+00,2.091730594635009766e+00
2.652000000000000135e+00,2.171511173248291016e+00
2.653000000000000025e+00,2.177317380905151367e+00
2.653999999999999915e+00,2.098427772521972656e+00
2.654999999999999805e+00,2.138648986816406250e+00
2.656000000000000139e+00,2.157471656799316406e+00
2.657000000000000028e+00,2.252369165420532227e+00
2.657999999999999918e+00,2.107809543609619141e+00
2.658999999999999808e+00,2.154757022857666016e+00
2.660000000000000142e+00,2.168884754180908203e+00
2.661000000000000032e+00,2.115205049514770508e+00
2.661999999999999922e+00,2.097429037094116211e+00
2.662999999999999812e+00,2.057482957839965820e+00
2.664000000000000146e+00,2.163280248641967773e+00
2.665000000000000036e+00,2.252040147781372070e+00
2.665999999999999925e+00,2.209176540374755859e+00
2.666999999999999815e+00,2.207533121109008789e+00
2.668000000000000149e+00,2.117922067642211914e+00
2.669000000000000039e+00,2.278957128524780273e+00
2.669999999999999929e+00,2.140524148941040039e+00
2.670999999999999819e+00,2.222394943237304688e+00
2.672000000000000153e+00,2.183131933212280273e+00
2.673000000000000043e+00,2.130783081054687500e+00
2.673999999999999932e+00,2.091009616851806641e+00
2.674999999999999822e+00,2.019126892089843750e+00
2.676000000000000156e+00,2.064699888229370117e+00
2.677000000000000046e+00,2.084264039993286133e+00
2.677999999999999936e+00,2.135898590087890625e+00
2.678999999999999826e+00,2.144603967666625977e+00
2.680000000000000160e+00,2.291115045547485352e+00
2.681000000000000050e+00,2.269562244415283203e+00
2.681999999999999940e+00,2.176519155502319336e+00
2.682999999999999829e+00,2.197588920593261719e+00
2.684000000000000163e+00,2.331410169601440430e+00
2.685000000000000053e+00,2.233705282211303711e+00
2.685999999999999943e+00,2.322865962982177734e+00
2.686999999999999833e+00,2.459661245346069336e+00
2.688000000000000167e+00,2.394670963287353516e+00
2.689000000000000057e+00,2.291762113571166992e+00
2.689999999999999947e+00,2.310100555419921875e+00
2.690999999999999837e+00,2.274051189422607422e+00
2.692000000000000171e+00,2.416366577148437500e+00
2.693000000000000060e+00,2.312102317810058594e+00
2.693999999999999950e+00,2.253163337707519531e+00
2.694999999999999840e+00,2.392011880874633789e+00
2.696000000000000174e+00,2.258307218551635742e+00
2.697000000000000064e+00,2.342467069625854492e+00
2.697999999999999954e+00,2.230327367782592773e+00
2.698999999999999844e+00,2.259268999099731445e+00
2.700000000000000178e+00,2.243626356124877930e+00
2.701000000000000068e+00,2.358851909637451172e+00
2.701999999999999957e+00,2.293066501617431641e+00
2.702999999999999847e+00,2.367396116256713867e+00
2.704000000000000181e+00,2.214457273483276367e+00
2.705000000000000071e+00,2.291639328002929688e+00
2.705999999999999961e+00,2.249098777770996094e+00
2.706999999999999851e+00,2.336688280105590820e+00
2.708000000000000185e+00,2.337814331054687500e+00
2.709000000000000075e+00,2.339158535003662109e+00
2.709999999999999964e+00,2.352309465408325195e+00
2.710999999999999854e+00,2.308817148208618164e+00
2.712000000000000188e+00,2.285396575927734375e+00
2.713000000000000078e+00,2.393784999847412109e+00
2.713999999999999968e+00,2.294815778732299805e+00
2.714999999999999858e+00,2.409311771392822266e+00
2.716000000000000192e+00,2.264286041259765625e+00
2.717000000000000082e+00,2.385624647140502930e+00
2.717999999999999972e+00,2.309237480163574219e+00
2.718999999999999861e+00,2.320807456970214844e+00
2.720000000000000195e+00,2.307344198226928711e+00
2.721000000000000085e+00,2.278912305831909180e+00
2.721999999999999975e+00,2.430508613586425781e+00
2.722999999999999865e+00,2.276701927185058594e+00
2.724000000000000199e+00,2.318063735961914062e+00
2.725000000000000089e+00,2.238722801208496094e+00
2.725999999999999979e+00,2.341124534606933594e+00
2.726999999999999869e+00,2.425466537475585938e+00
2.728000000000000203e+00,2.377081632614135742e+00
2.729000000000000092e+00,2.312025070190429688e+00
2.729999999999999982e+00,2.326373100280761719e+00
2.730999999999999872e+00,2.411972999572753906e+00
2.732000000000000206e+00,2.325010538101196289e+00
2.733000000000000096e+00,2.312599658966064453e+00
2.733999999999999986e+00,2.351559638977050781e+00
2.734999999999999876e+00,2.326538085937500000e+00
2.736000000000000210e+00,2.357681512832641602e+00
2.737000000000000099e+00,2.251926422119140625e+00
2.737999999999999989e+00,2.265561103820800781e+00
2.738999999999999879e+00,2.259133100509643555e+00
2.740000000000000213e+00,2.192500591278076172e+00
2.741000000000000103e+00,2.256597757339477539e+00
2.741999999999999993e+00,2.278766632080078125e+00
2.742999999999999883e+00,2.317832231521606445e+00
2.744000000000000217e+00,2.362803459167480469e+00
2.745000000000000107e+00,2.306635141372680664e+00
2.745999999999999996e+00,2.372776985168457031e+00
2.746999999999999886e+00,2.441975116729736328e+00
2.748000000000000220e+00,2.458663463592529297e+00
2.749000000000000110e+00,2.493940591812133789e+00
2.750000000000000000e+00,2.658100366592407227e+00
2.750999999999999890e+00,2.569849729537963867e+00
2.751999999999999780e+00,2.456104993820190430e+00
2.753000000000000114e+00,2.459037780761718750e+00
2.754000000000000004e+00,2.447285890579223633e+00
2.754999999999999893e+00,2.512339353561401367e+00
2.755999999999999783e+00,2.460938930511474609e+00
2.757000000000000117e+00,2.378543376922607422e+00
2.758000000000000007e+00,2.414652347564697266e+00
2.758999999999999897e+00,2.386053085327148438e+00
2.759999999999999787e+00,2.400118589401245117e+00
2.761000000000000121e+00,2.365776062011718750e+00
2.762000000000000011e+00,2.401608943939208984e+00
2.762999999999999901e+00,2.398041009902954102e+00
2.763999999999999790e+00,2.403874635696411133e+00
2.765000000000000124e+00,2.362770795822143555e+00
2.766000000000000014e+00,2.326702594757080078e+00
2.766999999999999904e+00,2.345715999603271484e+00
2.767999999999999794e+00,2.298965930938720703e+00
2.769000000000000128e+00,2.477293491363525391e+00
2.770000000000000018e+00,2.343983173370361328e+00
2.770999999999999908e+00,2.372917175292968750e+00
2.771999999999999797e+00,2.418818950653076172e+00
2.773000000000000131e+00,2.426267147064208984e+00
2.774000000000000021e+00,2.440959453582763672e+00
2.774999999999999911e+00,2.380551815032958984e+00
2.775999999999999801e+00,2.266734123229980469e+00
2.777000000000000135e+00,2.374381303787231445e+00
2.778000000000000025e+00,2.303464174270629883e+00
2.778999999999999915e+00,2.304662227630615234e+00
2.779999999999999805e+00,2.458341360092163086e+00
2.781000000000000139e+00,2.350309371948242188e+00
2.782000000000000028e+00,2.304296255111694336e+00
2.782999999999999918e+00,2.244719505310058594e+00
2.783999999999999808e+00,2.314356327056884766e+00
2.785000000000000142e+00,2.335397243499755859e+00
2.786000000000000032e+00,2.306878805160522461e+00
2.786999999999999922e+00,2.344255685806274414e+00
2.787999999999999812e+00,2.329907894134521484e+00
2.789000000000000146e+00,2.254183769226074219e+00
2.790000000000000036e+00,2.347665548324584961e+00
2.790999999999999925e+00,2.279450654983520508e+00
2.791999999999999815e+00,2.140667676925659180e+00
2.793000000000000149e+00,2.317490339279174805e+00
2.794000000000000039e+00,2.441922664642333984e+00
2.794999999999999929e+00,2.261349678039550781e+00
2.795999999999999819e+00,2.284490585327148438e+00
2.797000000000000153e+00,2.162145853042602539e+00
2.798000000000000043e+00,2.235432386398315430e+00
2.798999999999999932e+00,2.180543184280395508e+00
2.799999999999999822e+00,2.173252344131469727e+00
2.801000000000000156e+00,2.212667703628540039e+00
2.802000000000000046e+00,2.184231996536254883e+00
2.802999999999999936e+00,2.194132089614868164e+00
2.803999999999999826e+00,2.140870332717895508e+00
2.805000000000000160e+00,2.328327655792236328e+00
2.806000000000000050e+00,2.261553049087524414e+00
2.806999999999999940e+00,2.343459606170654297e+00
2.807999999999999829e+00,2.310753345489501953e+00
2.809000000000000163e+00,2.339180469512939453e+00
2.810000000000000053e+00,2.296952962875366211e+00
2.810999999999999943e+00,2.377081632614135742e+00
2.811999999999999833e+00,2.407412290573120117e+00
2.813000000000000167e+00,2.375102519989013672e+00
2.814000000000000057e+00,2.386460065841674805e+00
2.814999999999999947e+00,2.315824508666992188e+00
2.815999999999999837e+00,2.372367620468139648e+00
2.817000000000000171e+00,2.338218927383422852e+00
2.818000000000000060e+00,2.318934679031372070e+00
2.818999999999999950e+00,2.371268510818481445e+00
2.819999999999999840e+00,2.289854288101196289e+00
2.821000000000000174e+00,2.439660787582397461e+00
2.822000000000000064e+00,2.272454738616943359e+00
2.822999999999999954e+00,2.373972177505493164e+00
2.823999999999999844e+00,2.317413330078125000e+00
2.825000000000000178e+00,2.380058050155639648e+00
2.826000000000000068e+00,2.321369171142578125e+00
2.826999999999999957e+00,2.353927850723266602e+00
2.827999999999999847e+00,2.314146518707275391e+00
2.829000000000000181e+00,2.363322496414184570e+00
2.830000000000000071e+00,2.363365888595581055e+00
2.830999999999999961e+00,2.425371646881103516e+00
2.831999999999999851e+00,2.289474725723266602e+00
2.833000000000000185e+00,2.348046541213989258e+00
2.834000000000000075e+00,2.277319192886352539e+00
2.834999999999999964e+00,2.315040826797485352e+00
2.835999999999999854e+00,2.442602872848510742e+00
2.837000000000000188e+00,2.311162710189819336e+00
2.838000000000000078e+00,2.433062553405761719e+00
2.838999999999999968e+00,2.401278972625732422e+00
2.839999999999999858e+00,2.401906728744506836e+00
2.841000000000000192e+00,2.406095504760742188e+00
2.842000000000000082e+00,2.299622058868408203e+00
2.842999999999999972e+00,2.366877794265747070e+00
2.843999999999999861e+00,2.342663288116455078e+00
2.845000000000000195e+00,2.372335433959960938e+00
2.846000000000000085e+00,2.407306194305419922e+00
2.846999999999999975e+00,2.454387664794921875e+00
2.847999999999999865e+00,2.393325805664062500e+00
2.849000000000000199e+00,2.414440631866455078e+00
2.850000000000000089e+00,2.386984825134277344e+00
2.850999999999999979e+00,2.291550159454345703e+00
2.851999999999999869e+00,2.296073913574218750e+00
2.853000000000000203e+00,2.218250989913940430e+00
2.854000000000000092e+00,2.188895702362060547e+00
2.854999999999999982e+00,2.250359773635864258e+00
2.855999999999999872e+00,2.172770023345947266e+00
2.857000000000000206e+00,2.306513309478759766e+00
2.858000000000000096e+00,2.180003881454467773e+00
2.858999999999999986e+00,2.227105140686035156e+00
2.859999999999999876e+00,2.181656122207641602e+00
2.861000000000000210e+00,2.259642124176025391e+00
2.862000000000000099e+00,2.310874938964843750e+00
2.862999999999999989e+00,2.272870779037475586e+00
2.863999999999999879e+00,2.221498012542724609e+00
2.865000000000000213e+00,2.228447437286376953e+00
2.866000000000000103e+00,2.168601989746093750e+00
2.866999999999999993e+00,2.303175687789916992e+00
2.867999999999999883e+00,2.280055999755859375e+00
2.869000000000000217e+00,2.242714881896972656e+00
2.870000000000000107e+00,2.193701028823852539e+00
2.870999999999999996e+00,2.266508579254150391e+00
2.871999999999999886e+00,2.230373382568359375e+00
2.873000000000000220e+00,2.192419052124023438e+00
2.874000000000000110e+00,2.228883028030395508e+00
2.875000000000000000e+00,2.161590099334716797e+00
2.875999999999999890e+00,2.221152544021606445e+00
2.876999999999999780e+00,2.093574762344360352e+00
2.878000000000000114e+00,2.187576055526733398e+00
2.879000000000000004e+00,2.292007446289062500e+00
2.879999999999999893e+00,2.265504837036132812e+00
2.880999999999999783e+00,2.282083988189697266e+00
2.882000000000000117e+00,2.167057514190673828e+00
2.883000000000000007e+00,2.238768339157104492e+00
2.883999999999999897e+00,2.216741323471069336e+00
2.884999999999999787e+00,2.204173088073730469e+00
2.886000000000000121e+00,2.275815010070800781e+00
2.887000000000000011e+00,2.222958564758300781e+00
2.887999999999999901e+00,2.237523555755615234e+00
2.888999999999999790e+00,2.235535383224487305e+00
2.890000000000000124e+00,2.308695077896118164e+00
2.891000000000000014e+00,2.220922470092773438e+00
2.891999999999999904e+00,2.326318264007568359e+00
2.892999999999999794e+00,2.389061212539672852e+00
2.894000000000000128e+00,2.306812524795532227e+00
2.895000000000000018e+00,2.159957885742187500e+00
2.895999999999999908e+00,2.259913682937622070e+00
2.896999999999999797e+00,2.238540172576904297e+00
2.898000000000000131e+00,2.175767421722412109e+00
2.899000000000000021e+00,2.203454017639160156e+00
2.899999999999999911e+00,2.156025886535644531e+00
2.900999999999999801e+00,2.118718385696411133e+00
2.902000000000000135e+00,2.242657899856567383e+00
2.903000000000000025e+00,2.301077365875244141e+00
2.903999999999999915e+00,2.412778139114379883e+00
2.904999999999999805e+00,2.409767866134643555e+00
2.906000000000000139e+00,2.244514703750610352e+00
2.907000000000000028e+00,2.270710706710815430e+00
2.907999999999999918e+00,2.205668449401855469e+00
2.908999999999999808e+00,2.210448741912841797e+00
2.910000000000000142e+00,2.273635387420654297e+00
2.911000000000000032e+00,2.223901033401489258e+00
2.911999999999999922e+00,2.184653282165527344e+00
2.912999999999999812e+00,2.203291654586791992e+00
2.914000000000000146e+00,2.159579277038574219e+00
2.915000000000000036e+00,2.264940500259399414e+00
2.915999999999999925e+00,2.247439146041870117e+00
2.916999999999999815e+00,2.227850914001464844e+00
2.918000000000000149e+00,2.148723363876342773e+00
2.919000000000000039e+00,2.099182844161987305e+00
2.919999999999999929e+00,2.092390298843383789e+00
2.920999999999999819e+00,2.171463966369628906e+00
2.922000000000000153e+00,2.050789117813110352e+00
2.923000000000000043e+00,2.146557331085205078e+00
2.923999999999999932e+00,2.113549232482910156e+00
2.924999999999999822e+00,2.176166772842407227e+00
2.926000000000000156e+00,2.233224868774414062e+00
2.927000000000000046e+00,2.220945596694946289e+00
2.927999999999999936e+00,2.271779775619506836e+00
2.928999999999999826e+00,2.287631988525390625e+00
2.930000000000000160e+00,2.275713920593261719e+00
2.931000000000000050e+00,2.352385520935058594e+00
2.931999999999999940e+00,2.286246299743652344e+00
2.932999999999999829e+00,2.269100666046142578e+00
2.934000000000000163e+00,2.161389112472534180e+00
2.935000000000000053e+00,2.194295167922973633e+00
2.935999999999999943e+00,2.261033058166503906e+00
2.936999999999999833e+00,2.092292785644531250e+00
2.938000000000000167e+00,2.164555788040161133e+00
2.939000000000000057e+00,2.117354631423950195e+00
2.939999999999999947e+00,2.127626180648803711e+00
2.940999999999999837e+00,2.145652294158935547e+00
2.942000000000000171e+00,2.160549402236938477e+00
2.943000000000000060e+00,2.119815826416015625e+00
2.943999999999999950e+00,2.210622310638427734e+00
2.944999999999999840e+00,2.184231996536254883e+00
2.946000000000000174e+00,2.185857772827148438e+00
2.947000000000000064e+00,2.184208631515502930e+00
2.947999999999999954e+00,2.226186752319335938e+00
2.948999999999999844e+00,2.088612794876098633e+00
2.950000000000000178e+00,2.098805427551269531e+00
2.951000000000000068e+00,2.185460090637207031e+00
2.951999999999999957e+00,2.124933719635009766e+00
2.952999999999999847e+00,2.129715204238891602e+00
2.954000000000000181e+00,2.184220314025878906e+00
2.955000000000000071e+00,2.379682064056396484e+00
2.955999999999999961e+00,2.199785709381103516e+00
2.956999999999999851e+00,2.307864665985107422e+00
2.958000000000000185e+00,2.249507904052734375e+00
2.959000000000000075e+00,2.312599658966064453e+00
2.959999999999999964e+00,2.203906536102294922e+00
2.960999999999999854e+00,2.194947242736816406e+00
2.962000000000000188e+00,2.086960077285766602e+00
2.963000000000000078e+00,2.183939456939697266e+00
2.963999999999999968e+00,2.283136606216430664e+00
2.964999999999999858e+00,2.191742897033691406e+00
2.966000000000000192e+00,2.271025896072387695e+00
2.967000000000000082e+00,2.248610019683837891e+00
2.967999999999999972e+00,2.182757139205932617e+00
2.968999999999999861e+00,2.290925502777099609e+00
2.970000000000000195e+00,2.237135171890258789e+00
2.971000000000000085e+00,2.293378591537475586e+00
2.971999999999999975e+00,2.278216838836669922e+00
2.972999999999999865e+00,2.223418235778808594e+00
2.974000000000000199e+00,2.175520658493041992e+00
2.975000000000000089e+00,2.247916698455810547e+00
2.975999999999999979e+00,2.283919811248779297e+00
2.976999999999999869e+00,2.257639408111572266e+00
2.978000000000000203e+00,2.350994586944580078e+00
2.979000000000000092e+00,2.322051525115966797e+00
2.979999999999999982e+00,2.298632621765136719e+00
2.980999999999999872e+00,2.235546588897705078e+00
2.982000000000000206e+00,2.230281591415405273e+00
2.983000000000000096e+00,2.155587196350097656e+00
2.983999999999999986e+00,2.121213912963867188e+00
2.984999999999999876e+00,2.157838821411132812e+00
2.986000000000000210e+00,2.162972927093505859e+00
2.987000000000000099e+00,2.154318332672119141e+00
2.987999999999999989e+00,2.150007486343383789e+00
2.988999999999999879e+00,2.146009683609008789e+00
2.990000000000000213e+00,2.151777982711791992e+00
2.991000000000000103e+00,2.141395807266235352e+00
2.991999999999999993e+00,2.136149883270263672e+00
2.992999999999999883e+00,2.115543365478515625e+00
2.994000000000000217e+00,2.066283702850341797e+00
2.995000000000000107e+00,2.120285987854003906e+00
2.995999999999999996e+00,2.221923351287841797e+00
2.996999999999999886e+00,2.096417427062988281e+00
2.998000000000000220e+00,2.159768581390380859e+00
2.999000000000000110e+00,2.085208177566528320e+00
3.000000000000000000e+00,2.099402189254760742e+00
3.000999999999999890e+00,2.221325397491455078e+00
3.001999999999999780e+00,2.139975070953369141e+00
3.003000000000000114e+00,2.170404434204101562e+00
3.004000000000000004e+00,2.081417322158813477e+00
3.004999999999999893e+00,2.211442947387695312e+00
3.005999999999999783e+00,2.240674018859863281e+00
3.007000000000000117e+00,2.223969936370849609e+00
3.008000000000000007e+00,2.260049343109130859e+00
3.008999999999999897e+00,2.292341947555541992e+00
3.009999999999999787e+00,2.220243453979492188e+00
3.011000000000000121e+00,2.214468717575073242e+00
3.012000000000000011e+00,2.199123382568359375e+00
3.012999999999999901e+00,2.286928176879882812e+00
3.013999999999999790e+00,2.177376270294189453e+00
3.015000000000000124e+00,2.221486330032348633e+00
3.016000000000000014e+00,2.215518712997436523e+00
3.016999999999999904e+00,2.145223379135131836e+00
3.017999999999999794e+00,2.134953022003173828e+00
3.019000000000000128e+00,2.190879821777343750e+00
3.020000000000000018e+00,2.058414459228515625e+00
3.020999999999999908e+00,2.130315065383911133e+00
3.021999999999999797e+00,2.151492834091186523e+00
3.023000000000000131e+00,2.268097877502441406e+00
3.024000000000000021e+00,2.204358816146850586e+00
3.024999999999999911e+00,2.230877399444580078e+00
3.025999999999999801e+00,2.201353788375854492e+00
3.027000000000000135e+00,2.184068202972412109e+00
3.028000000000000025e+00,2.132521390914916992e+00
3.028999999999999915e+00,2.025660514831542969e+00
3.029999999999999805e+00,2.050577163696289062e+00
3.031000000000000139e+00,2.198054075241088867e+00
3.032000000000000028e+00,2.148592472076416016e+00
3.032999999999999918e+00,2.207996368408203125e+00
3.033999999999999808e+00,2.178713798522949219e+00
3.035000000000000142e+00,2.312721252441406250e+00
3.036000000000000032e+00,2.207949876785278320e+00
3.036999999999999922e+00,2.222372055053710938e+00
3.037999999999999812e+00,2.159129381179809570e+00
3.039000000000000146e+00,2.079967975616455078e+00
3.040000000000000036e+00,2.122791528701782227e+00
3.040999999999999925e+00,2.149805545806884766e+00
3.041999999999999815e+00,2.126736879348754883e+00
3.043000000000000149e+00,2.126328468322753906e+00
3.044000000000000039e+00,2.193479776382446289e+00
3.044999999999999929e+00,2.210275411605834961e+00
3.045999999999999819e+00,2.148830413818359375e+00
3.047000000000000153e+00,2.137106895446777344e+00
3.048000000000000043e+00,2.050689458847045898e+00
3.048999999999999932e+00,2.099633455276489258e+00
3.049999999999999822e+00,2.112049102783203125e+00
3.051000000000000156e+00,2.106718063354492188e+00
3.052000000000000046e+00,2.175884723663330078e+00
3.052999999999999936e+00,2.191591262817382812e+00
3.053999999999999826e+00,2.195808649063110352e+00
3.055000000000000160e+00,2.123814582824707031e+00
3.056000000000000050e+00,2.129079103469848633e+00
3.056999999999999940e+00,2.102479696273803711e+00
3.057999999999999829e+00,2.077213764190673828e+00
3.059000000000000163e+00,2.119683265686035156e+00
3.060000000000000053e+00,2.112533092498779297e+00
3.060999999999999943e+00,2.114274501800537109e+00
3.061999999999999833e+00,2.134114980697631836e+00
3.063000000000000167e+00,2.162996768951416016e+00
3.064000000000000057e+00,2.144198656082153320e+00
3.064999999999999947e+00,2.178150653839111328e+00
3.065999999999999837e+00,2.123128652572631836e+00
3.067000000000000171e+00,2.186956644058227539e+00
3.068000000000000060e+00,2.186033248901367188e+00
3.068999999999999950e+00,2.171770095825195312e+00
3.069999999999999840e+00,2.228837251663208008e+00
3.071000000000000174e+00,2.165086984634399414e+00
3.072000000000000064e+00,2.148021459579467773e+00
3.072999999999999954e+00,2.147164583206176758e+00
3.073999999999999844e+00,2.178514480590820312e+00
3.075000000000000178e+00,2.181960821151733398e+00
3.076000000000000068e+00,2.112641811370849609e+00
3.076999999999999957e+00,2.239316225051879883e+00
3.077999999999999847e+00,2.151457309722900391e+00
3.079000000000000181e+00,2.048719167709350586e+00
3.080000000000000071e+00,2.111831188201904297e+00
3.080999999999999961e+00,2.137764453887939453e+00
3.081999999999999851e+00,2.157874345779418945e+00
3.083000000000000185e+00,2.179136037826538086e+00
3.084000000000000075e+00,2.288681983947753906e+00
3.084999999999999964e+00,2.184465885162353516e+00
3.085999999999999854e+00,2.297264575958251953e+00
3.087000000000000188e+00,2.273927450180053711e+00
3.088000000000000078e+00,2.199344158172607422e+00
3.088999999999999968e+00,2.191859483718872070e+00
3.089999999999999858e+00,2.208135128021240234e+00
3.091000000000000192e+00,2.165193319320678711e+00
3.092000000000000082e+00,2.179218292236328125e+00
3.092999999999999972e+00,2.126244068145751953e+00
3.093999999999999861e+00,2.211385250091552734e+00
3.095000000000000195e+00,2.258239269256591797e+00
3.096000000000000085e+00,2.281031131744384766e+00
3.096999999999999975e+00,2.219921112060546875e+00
3.097999999999999865e+00,2.224912166595458984e+00
3.099000000000000199e+00,2.234242916107177734e+00
3.100000000000000089e+00,2.171875953674316406e+00
3.100999999999999979e+00,2.204776048660278320e+00
3.101999999999999869e+00,2.296262979507446289e+00
3.103000000000000203e+00,2.179429292678833008e+00
3.104000000000000092e+00,2.210656881332397461e+00
3.104999999999999982e+00,2.189852952957153320e+00
3.105999999999999872e+00,2.151160240173339844e+00
3.107000000000000206e+00,2.224935054779052734e+00
3.108000000000000096e+00,2.079488754272460938e+00
3.108999999999999986e+00,2.146497964859008789e+00
3.109999999999999876e+00,2.180636882781982422e+00
3.111000000000000210e+00,2.186956644058227539e+00
3.112000000000000099e+00,2.292754411697387695e+00
3.112999999999999989e+00,2.198716640472412109e+00
3.113999999999999879e+00,2.259744167327880859e+00
3.115000000000000213e+00,2.287665605545043945e+00
3.116000000000000103e+00,2.203697681427001953e+00
3.116999999999999993e+00,2.199228048324584961e+00
3.117999999999999883e+00,2.224004507064819336e+00
3.119000000000000217e+00,2.195412874221801758e+00
3.120000000000000107e+00,2.221026182174682617e+00
3.120999999999999996e+00,2.100801706314086914e+00
3.121999999999999886e+00,2.190599679946899414e+00
3.123000000000000220e+00,2.152454853057861328e+00
3.124000000000000110e+00,2.180859565734863281e+00
3.125000000000000000e+00,2.081969738006591797e+00
3.125999999999999890e+00,2.012508869171142578e+00
3.126999999999999780e+00,2.060945749282836914e+00
3.128000000000000114e+00,2.107057571411132812e+00
3.129000000000000004e+00,2.010399341583251953e+00
3.129999999999999893e+00,2.056252717971801758e+00
3.130999999999999783e+00,2.095758914947509766e+00
3.132000000000000117e+00,2.040481805801391602e+00
3.133000000000000007e+00,2.114250421524047852e+00
3.133999999999999897e+00,2.133096694946289062e+00
3.134999999999999787e+00,2.110535860061645508e+00
3.136000000000000121e+00,2.094892978668212891e+00
3.137000000000000011e+00,2.100546121597290039e+00
3.137999999999999901e+00,2.174145936965942383e+00
3.138999999999999790e+00,2.217697858810424805e+00
3.140000000000000124e+00,2.275073766708374023e+00
3.141000000000000014e+00,2.249871492385864258e+00
3.141999999999999904e+00,2.139939308166503906e+00
3.142999999999999794e+00,2.152039289474487305e+00
3.144000000000000128e+00,2.139485359191894531e+00
3.145000000000000018e+00,2.107530593872070312e+00
3.145999999999999908e+00,2.271262168884277344e+00
3.146999999999999797e+00,2.210148096084594727e+00
3.148000000000000131e+00,2.083037376403808594e+00
3.149000000000000021e+00,2.007880687713623047e+00
3.149999999999999911e+00,2.048544645309448242e+00
3.150999999999999801e+00,2.031367778778076172e+00
3.152000000000000135e+00,2.122984170913696289e+00
3.153000000000000025e+00,2.023842811584472656e+00
3.153999999999999915e+00,2.141920804977416992e+00
3.154999999999999805e+00,2.107651710510253906e+00
3.156000000000000139e+00,2.040381669998168945e+00
3.157000000000000028e+00,2.005868673324584961e+00
3.157999999999999918e+00,1.967246770858764648e+00
3.158999999999999808e+00,1.961014032363891602e+00
3.160000000000000142e+00,2.089175462722778320e+00
3.161000000000000032e+00,2.074320316314697266e+00
3.161999999999999922e+00,2.105965614318847656e+00
3.162999999999999812e+00,2.076007604598999023e+00
3.164000000000000146e+00,2.125751495361328125e+00
3.165000000000000036e+00,2.095271110534667969e+00
3.165999999999999925e+00,2.009420394897460938e+00
3.166999999999999815e+00,2.108439922332763672e+00
3.168000000000000149e+00,2.128418922424316406e+00
3.169000000000000039e+00,2.168590068817138672e+00
3.169999999999999929e+00,2.139855384826660156e+00
3.170999999999999819e+00,2.098537445068359375e+00
3.172000000000000153e+00,2.114649295806884766e+00
3.173000000000000043e+00,2.177176713943481445e+00
3.173999999999999932e+00,2.053168058395385742e+00
3.174999999999999822e+00,2.012241840362548828e+00
3.176000000000000156e+00,1.895443797111511230e+00
3.177000000000000046e+00,1.942300677299499512e+00
3.177999999999999936e+00,1.989004492759704590e+00
3.178999999999999826e+00,1.962603330612182617e+00
3.180000000000000160e+00,1.939746260643005371e+00
3.181000000000000050e+00,2.016657114028930664e+00
3.181999999999999940e+00,1.934719681739807129e+00
3.182999999999999829e+00,2.039115905761718750e+00
3.184000000000000163e+00,1.984991431236267090e+00
3.185000000000000053e+00,1.945442914962768555e+00
3.185999999999999943e+00,2.035138845443725586e+00
3.186999999999999833e+00,2.051885366439819336e+00
3.188000000000000167e+00,2.098695993423461914e+00
3.189000000000000057e+00,2.046122789382934570e+00
3.189999999999999947e+00,1.959031939506530762e+00
3.190999999999999837e+00,2.080459356307983398e+00
3.192000000000000171e+00,1.986252784729003906e+00
3.193000000000000060e+00,1.969739675521850586e+00
3.193999999999999950e+00,2.062383651733398438e+00
3.194999999999999840e+00,2.077594995498657227e+00
3.196000000000000174e+00,2.097075462341308594e+00
3.197000000000000064e+00,1.977548122406005859e+00
3.197999999999999954e+00,2.054785728454589844e+00
3.198999999999999844e+00,1.993547916412353516e+00
3.200000000000000178e+00,2.035553216934204102e+00
3.201000000000000068e+00,1.967948198318481445e+00
3.201999999999999957e+00,1.972320079803466797e+00
3.202999999999999847e+00,1.959123373031616211e+00
3.204000000000000181e+00,1.939535260200500488e+00
3.205000000000000071e+00,2.064229488372802734e+00
3.205999999999999961e+00,2.028283119201660156e+00
3.206999999999999851e+00,1.890880823135375977e+00
3.208000000000000185e+00,1.971555352210998535e+00
3.209000000000000075e+00,1.939627647399902344e+00
3.209999999999999964e+00,1.914695382118225098e+00
3.210999999999999854e+00,2.027035236358642578e+00
3.212000000000000188e+00,2.009496688842773438e+00
3.213000000000000078e+00,2.066654682159423828e+00
3.213999999999999968e+00,2.015224456787109375e+00
3.214999999999999858e+00,2.039780139923095703e+00
3.216000000000000192e+00,2.127265691757202148e+00
3.217000000000000082e+00,2.059692859649658203e+00
3.217999999999999972e+00,2.024145841598510742e+00
3.218999999999999861e+00,2.110136270523071289e+00
3.220000000000000195e+00,1.966649174690246582e+00
3.221000000000000085e+00,1.947898149490356445e+00
3.221999999999999975e+00,1.973227024078369141e+00
3.222999999999999865e+00,2.050764083862304688e+00
3.224000000000000199e+00,1.948527693748474121e+00
3.225000000000000089e+00,2.055096626281738281e+00
3.225999999999999979e+00,2.040819883346557617e+00
3.226999999999999869e+00,2.105989933013916016e+00
3.228000000000000203e+00,1.977599859237670898e+00
3.229000000000000092e+00,2.090862989425659180e+00
3.229999999999999982e+00,2.214907407760620117e+00
3.230999999999999872e+00,2.096332073211669922e+00
3.232000000000000206e+00,2.036130666732788086e+00
3.233000000000000096e+00,2.034448146820068359e+00
3.233999999999999986e+00,1.992547750473022461e+00
3.234999999999999876e+00,2.016314983367919922e+00
3.236000000000000210e+00,1.992111682891845703e+00
3.237000000000000099e+00,2.035151481628417969e+00
3.237999999999999989e+00,1.967610597610473633e+00
3.238999999999999879e+00,2.027842044830322266e+00
3.240000000000000213e+00,2.026720046997070312e+00
3.241000000000000103e+00,2.021227121353149414e+00
3.241999999999999993e+00,2.047209262847900391e+00
3.242999999999999883e+00,2.083013057708740234e+00
3.244000000000000217e+00,2.059767484664916992e+00
3.245000000000000107e+00,2.095149040222167969e+00
3.245999999999999996e+00,2.151623487472534180e+00
3.246999999999999886e+00,2.141144990921020508e+00
3.248000000000000220e+00,2.034410476684570312e+00
3.249000000000000110e+00,2.033782243728637695e+00
3.250000000000000000e+00,2.009979963302612305e+00
3.250999999999999890e+00,2.103561401367187500e+00
3.251999999999999780e+00,2.080717325210571289e+00
3.253000000000000114e+00,2.127998352050781250e+00
3.254000000000000004e+00,2.060461997985839844e+00
3.254999999999999893e+00,2.120370388031005859e+00
3.255999999999999783e+00,2.220116853713989258e+00
3.257000000000000117e+00,2.258556127548217773e+00
3.258000000000000007e+00,2.258171558380126953e+00
3.258999999999999897e+00,2.242133378982543945e+00
3.259999999999999787e+00,2.215484142303466797e+00
3.261000000000000121e+00,2.192500591278076172e+00
3.262000000000000011e+00,2.190564632415771484e+00
3.262999999999999901e+00,2.161862134933471680e+00
3.263999999999999790e+00,2.156914710998535156e+00
3.265000000000000124e+00,2.065491914749145508e+00
3.266000000000000014e+00,2.135742902755737305e+00
3.266999999999999904e+00,2.233476400375366211e+00
3.267999999999999794e+00,2.214549541473388672e+00
3.269000000000000128e+00,2.208899021148681641e+00
3.270000000000000018e+00,2.314256906509399414e+00
3.270999999999999908e+00,2.218734979629516602e+00
3.271999999999999797e+00,2.130555152893066406e+00
3.273000000000000131e+00,2.055581569671630859e+00
3.274000000000000021e+00,2.106657266616821289e+00
3.274999999999999911e+00,2.062160730361938477e+00
3.275999999999999801e+00,2.054735898971557617e+00
3.277000000000000135e+00,2.054748296737670898e+00
3.278000000000000025e+00,2.063151836395263672e+00
3.278999999999999915e+00,2.077841043472290039e+00
3.279999999999999805e+00,2.096137046813964844e+00
3.281000000000000139e+00,2.182206869125366211e+00
3.282000000000000028e+00,2.191626310348510742e+00
3.282999999999999918e+00,2.181703090667724609e+00
3.283999999999999808e+00,2.200169086456298828e+00
3.285000000000000142e+00,2.234094381332397461e+00
3.286000000000000032e+00,2.304329395294189453e+00
3.286999999999999922e+00,2.250462055206298828e+00
3.287999999999999812e+00,2.216049432754516602e+00
3.289000000000000146e+00,2.145783424377441406e+00
3.290000000000000036e+00,2.139616489410400391e+00
3.290999999999999925e+00,2.198379516601562500e+00
3.291999999999999815e+00,2.187482357025146484e+00
3.293000000000000149e+00,2.198251724243164062e+00
3.294000000000000039e+00,2.314841985702514648e+00
3.294999999999999929e+00,2.187704563140869141e+00
3.295999999999999819e+00,2.190576314926147461e+00
3.297000000000000153e+00,2.189164400100708008e+00
3.298000000000000043e+00,2.255249500274658203e+00
3.298999999999999932e+00,2.209604501724243164e+00
3.299999999999999822e+00,2.132713317871093750e+00
3.301000000000000156e+00,2.068558216094970703e+00
3.302000000000000046e+00,2.049629926681518555e+00
3.302999999999999936e+00,2.035126447677612305e+00
3.303999999999999826e+00,1.999756097793579102e+00
3.305000000000000160e+00,2.018126964569091797e+00
3.306000000000000050e+00,2.078947782516479492e+00
3.306999999999999940e+00,1.979021072387695312e+00
3.307999999999999829e+00,2.065912485122680664e+00
3.309000000000000163e+00,2.058141231536865234e+00
3.310000000000000053e+00,2.031015634536743164e+00
3.310999999999999943e+00,2.081761121749877930e+00
3.311999999999999833e+00,2.006556510925292969e+00
3.313000000000000167e+00,1.919294834136962891e+00
3.314000000000000057e+00,1.863281726837158203e+00
3.314999999999999947e+00,1.881789565086364746e+00
3.315999999999999837e+00,1.943274140357971191e+00
3.317000000000000171e+00,2.044998407363891602e+00
3.318000000000000060e+00,1.996750593185424805e+00
3.318999999999999950e+00,1.992291212081909180e+00
3.319999999999999840e+00,1.938401699066162109e+00
3.321000000000000174e+00,2.064501762390136719e+00
3.322000000000000064e+00,2.056190729141235352e+00
3.322999999999999954e+00,2.080225944519042969e+00
3.323999999999999844e+00,2.030071735382080078e+00
3.325000000000000178e+00,2.105868577957153320e+00
3.326000000000000068e+00,2.138278245925903320e+00
3.326999999999999957e+00,2.138804197311401367e+00
3.327999999999999847e+00,2.087939500808715820e+00
3.329000000000000181e+00,2.164059877395629883e+00
3.330000000000000071e+00,2.025647878646850586e+00
3.330999999999999961e+00,2.040218830108642578e+00
3.331999999999999851e+00,2.049692153930664062e+00
3.333000000000000185e+00,2.001876592636108398e+00
3.334000000000000075e+00,1.994868040084838867e+00
3.334999999999999964e+00,2.059184074401855469e+00
3.335999999999999854e+00,2.102965831756591797e+00
3.337000000000000188e+00,2.113367795944213867e+00
3.338000000000000078e+00,2.097989559173583984e+00
3.338999999999999968e+00,2.219057559967041016e+00
3.339999999999999858e+00,2.132102012634277344e+00
3.341000000000000192e+00,2.106256961822509766e+00
3.342000000000000082e+00,2.117173671722412109e+00
3.342999999999999972e+00,2.081159591674804688e+00
3.343999999999999861e+00,2.055233478546142578e+00
3.345000000000000195e+00,2.024322509765625000e+00
3.346000000000000085e+00,2.118006467819213867e+00
3.346999999999999975e+00,2.053951978683471680e+00
3.347999999999999865e+00,2.153784275054931641e+00
3.349000000000000199e+00,2.045023441314697266e+00
3.350000000000000089e+00,2.154341936111450195e+00
3.350999999999999979e+00,2.181832075119018555e+00
3.351999999999999869e+00,2.119598627090454102e+00
3.353000000000000203e+00,2.159981489181518555e+00
3.354000000000000092e+00,2.150114536285400391e+00
3.354999999999999982e+00,2.197193384170532227e+00
3.355999999999999872e+00,2.108645915985107422e+00
3.357000000000000206e+00,2.046847105026245117e+00
3.358000000000000096e+00,2.085159063339233398e+00
3.358999999999999986e+00,2.157601833343505859e+00
3.359999999999999876e+00,2.150637388229370117e+00
3.361000000000000210e+00,2.162453174591064453e+00
3.362000000000000099e+00,2.094648838043212891e+00
3.362999999999999989e+00,2.121876239776611328e+00
3.363999999999999879e+00,2.108912706375122070e+00
3.365000000000000213e+00,2.009547472000122070e+00
3.366000000000000103e+00,2.118344306945800781e+00
3.366999999999999993e+00,2.024852991104125977e+00
3.367999999999999883e+00,1.964386582374572754e+00
3.369000000000000217e+00,1.914187908172607422e+00
3.370000000000000107e+00,2.007053375244140625e+00
3.370999999999999996e+00,1.952511072158813477e+00
3.371999999999999886e+00,1.990366101264953613e+00
3.373000000000000220e+00,1.964998006820678711e+00
3.374000000000000110e+00,1.871602773666381836e+00
3.375000000000000000e+00,1.972242355346679688e+00
3.375999999999999890e+00,1.987706303596496582e+00
3.376999999999999780e+00,2.028648614883422852e+00
3.378000000000000114e+00,2.105383157730102539e+00
3.379000000000000004e+00,2.048582077026367188e+00
3.379999999999999893e+00,2.017544031143188477e+00
3.380999999999999783e+00,2.056613206863403320e+00
3.382000000000000117e+00,2.150114536285400391e+00
3.383000000000000007e+00,2.116111040115356445e+00
3.383999999999999897e+00,2.255544185638427734e+00
3.384999999999999787e+00,2.068286418914794922e+00
3.386000000000000121e+00,2.278306722640991211e+00
3.387000000000000011e+00,2.269990205764770508e+00
3.387999999999999901e+00,2.180003881454467773e+00
3.388999999999999790e+00,2.119936466217041016e+00
3.390000000000000124e+00,2.241198539733886719e+00
3.391000000000000014e+00,2.319694995880126953e+00
3.391999999999999904e+00,2.081650733947753906e+00
3.392999999999999794e+00,2.346337080001831055e+00
3.394000000000000128e+00,2.295038461685180664e+00
3.395000000000000018e+00,2.218435287475585938e+00
3.395999999999999908e+00,2.255963325500488281e+00
3.396999999999999797e+00,2.267117261886596680e+00
3.398000000000000131e+00,2.256427764892578125e+00
3.399000000000000021e+00,2.240137815475463867e+00
3.399999999999999911e+00,2.244343996047973633e+00
3.400999999999999801e+00,2.291293621063232422e+00
3.402000000000000135e+00,2.262773036956787109e+00
3.403000000000000025e+00,2.159105777740478516e+00
3.403999999999999915e+00,2.205506324768066406e+00
3.404999999999999805e+00,2.212182521820068359e+00
3.406000000000000139e+00,2.233201980590820312e+00
3.407000000000000028e+00,2.142266750335693359e+00
3.407999999999999918e+00,2.085477828979492188e+00
3.408999999999999808e+00,2.160348415374755859e+00
3.410000000000000142e+00,2.090569734573364258e+00
3.411000000000000032e+00,2.163835525512695312e+00
3.411999999999999922e+00,2.196890830993652344e+00
3.412999999999999812e+00,2.123044490814208984e+00
3.414000000000000146e+00,2.197332859039306641e+00
3.415000000000000036e+00,2.215934038162231445e+00
3.415999999999999925e+00,2.180179595947265625e+00
3.416999999999999815e+00,2.178432464599609375e+00
3.418000000000000149e+00,2.165889739990234375e+00
3.419000000000000039e+00,2.278362751007080078e+00
3.419999999999999929e+00,2.172193527221679688e+00
3.420999999999999819e+00,2.198949098587036133e+00
3.422000000000000153e+00,2.172899484634399414e+00
3.423000000000000043e+00,2.185366630554199219e+00
3.423999999999999932e+00,2.172558307647705078e+00
3.424999999999999822e+00,2.084864854812622070e+00
3.426000000000000156e+00,2.145187616348266602e+00
3.427000000000000046e+00,2.010895252227783203e+00
3.427999999999999936e+00,2.102917432785034180e+00
3.428999999999999826e+00,2.032047271728515625e+00
3.430000000000000160e+00,2.074369430541992188e+00
3.431000000000000050e+00,2.035779476165771484e+00
3.431999999999999940e+00,2.091205358505249023e+00
3.432999999999999829e+00,2.231438636779785156e+00
3.434000000000000163e+00,2.197112083435058594e+00
3.435000000000000053e+00,2.250621080398559570e+00
3.435999999999999943e+00,2.168908357620239258e+00
3.436999999999999833e+00,2.193642616271972656e+00
3.438000000000000167e+00,2.110487461090087891e+00
3.439000000000000057e+00,2.099755048751831055e+00
3.439999999999999947e+00,2.088588237762451172e+00
3.440999999999999837e+00,2.225876808166503906e+00
3.442000000000000171e+00,2.194318532943725586e+00
3.443000000000000060e+00,2.098586320877075195e+00
3.443999999999999950e+00,2.123176813125610352e+00
3.444999999999999840e+00,2.198925971984863281e+00
3.446000000000000174e+00,2.285899877548217773e+00
3.447000000000000064e+00,2.170981407165527344e+00
3.447999999999999954e+00,2.130627155303955078e+00
3.448999999999999844e+00,2.197077035903930664e+00
3.450000000000000178e+00,2.285698413848876953e+00
3.451000000000000068e+00,2.265177726745605469e+00
3.451999999999999957e+00,2.243865489959716797e+00
3.452999999999999847e+00,2.188685417175292969e+00
3.454000000000000181e+00,2.237272500991821289e+00
3.455000000000000071e+00,2.327570438385009766e+00
3.455999999999999961e+00,2.368917703628540039e+00
3.456999999999999851e+00,2.286123514175415039e+00
3.458000000000000185e+00,2.328898429870605469e+00
3.459000000000000075e+00,2.348808288574218750e+00
3.459999999999999964e+00,2.252754926681518555e+00
3.460999999999999854e+00,2.247575759887695312e+00
3.462000000000000188e+00,2.236986637115478516e+00
3.463000000000000078e+00,2.230109691619873047e+00
3.463999999999999968e+00,2.267263889312744141e+00
3.464999999999999858e+00,2.178385496139526367e+00
3.466000000000000192e+00,2.270294189453125000e+00
3.467000000000000082e+00,2.358711242675781250e+00
3.467999999999999972e+00,2.396250009536743164e+00
3.468999999999999861e+00,2.345323801040649414e+00
3.470000000000000195e+00,2.307842731475830078e+00
3.471000000000000085e+00,2.276354074478149414e+00
3.471999999999999975e+00,2.421775817871093750e+00
3.472999999999999865e+00,2.332758426666259766e+00
3.474000000000000199e+00,2.447369575500488281e+00
3.475000000000000089e+00,2.399522066116333008e+00
3.475999999999999979e+00,2.358125925064086914e+00
3.476999999999999869e+00,2.380068778991699219e+00
3.478000000000000203e+00,2.334280490875244141e+00
3.479000000000000092e+00,2.474000215530395508e+00
3.479999999999999982e+00,2.270035266876220703e+00
3.480999999999999872e+00,2.342576026916503906e+00
3.482000000000000206e+00,2.412979364395141602e+00
3.483000000000000096e+00,2.408197879791259766e+00
3.483999999999999986e+00,2.441535234451293945e+00
3.484999999999999876e+00,2.478221893310546875e+00
3.486000000000000210e+00,2.482323169708251953e+00
3.487000000000000099e+00,2.444673776626586914e+00
3.487999999999999989e+00,2.522086620330810547e+00
3.488999999999999879e+00,2.494801282882690430e+00
3.490000000000000213e+00,2.493284702301025391e+00
3.491000000000000103e+00,2.539668083190917969e+00
3.491999999999999993e+00,2.530746221542358398e+00
3.492999999999999883e+00,2.641907215118408203e+00
3.494000000000000217e+00,2.554418563842773438e+00
3.495000000000000107e+00,2.720378398895263672e+00
3.495999999999999996e+00,2.661530733108520508e+00
3.496999999999999886e+00,2.648043155670166016e+00
3.498000000000000220e+00,2.866580486297607422e+00
3.499000000000000110e+00,2.760443687438964844e+00
3.500000000000000000e+00,2.712286472320556641e+00
3.500999999999999890e+00,2.885942697525024414e+00
3.501999999999999780e+00,2.778678417205810547e+00
3.503000000000000114e+00,2.701523065567016602e+00
3.504000000000000004e+00,2.694844961166381836e+00
3.504999999999999893e+00,2.654944658279418945e+00
3.505999999999999783e+00,2.650657653808593750e+00
3.507000000000000117e+00,2.526258230209350586e+00
3.508000000000000007e+00,2.545467853546142578e+00
3.508999999999999897e+00,2.515684127807617188e+00
3.509999999999999787e+00,2.606622934341430664e+00
3.511000000000000121e+00,2.372130632400512695e+00
3.512000000000000011e+00,2.449707508087158203e+00
3.512999999999999901e+00,2.420794010162353516e+00
3.513999999999999790e+00,2.410626888275146484e+00
3.515000000000000124e+00,2.380734443664550781e+00
3.516000000000000014e+00,2.532391548156738281e+00
3.516999999999999904e+00,2.501533031463623047e+00
3.517999999999999794e+00,2.370492458343505859e+00
3.519000000000000128e+00,2.391221046447753906e+00
3.520000000000000018e+00,2.368885517120361328e+00
3.520999999999999908e+00,2.455740928649902344e+00
3.521999999999999797e+00,2.426267147064208984e+00
3.523000000000000131e+00,2.434028863906860352e+00
3.524000000000000021e+00,2.540714502334594727e+00
3.524999999999999911e+00,2.682716369628906250e+00
3.525999999999999801e+00,2.606828689575195312e+00
3.527000000000000135e+00,2.703613042831420898e+00
3.528000000000000025e+00,2.664265871047973633e+00
3.528999999999999915e+00,2.646604776382446289e+00
3.529999999999999805e+00,2.614973068237304688e+00
3.531000000000000139e+00,2.531271219253540039e+00
3.532000000000000028e+00,2.468767642974853516e+00
3.532999999999999918e+00,2.562240362167358398e+00
3.533999999999999808e+00,2.609484195709228516e+00
3.535000000000000142e+00,2.493253707885742188e+00
3.536000000000000032e+00,2.561801433563232422e+00
3.536999999999999922e+00,2.580855369567871094e+00
3.537999999999999812e+00,2.439063549041748047e+00
3.539000000000000146e+00,2.566645383834838867e+00
3.540000000000000036e+00,2.452522993087768555e+00
3.540999999999999925e+00,2.443418979644775391e+00
3.541999999999999815e+00,2.504922866821289062e+00
3.543000000000000149e+00,2.462330341339111328e+00
3.544000000000000039e+00,2.533995866775512695e+00
3.544999999999999929e+00,2.546351194381713867e+00
3.545999999999999819e+00,2.473834991455078125e+00
3.547000000000000153e+00,2.535074710845947266e+00
3.548000000000000043e+00,2.559026479721069336e+00
3.548999999999999932e+00,2.561212778091430664e+00
3.549999999999999822e+00,2.589950323104858398e+00
3.551000000000000156e+00,2.534590959548950195e+00
3.552000000000000046e+00,2.605642080307006836e+00
3.552999999999999936e+00,2.607750415802001953e+00
3.553999999999999826e+00,2.608289241790771484e+00
3.555000000000000160e+00,2.517004489898681641e+00
3.556000000000000050e+00,2.478840589523315430e+00
3.556999999999999940e+00,2.469409465789794922e+00
3.557999999999999829e+00,2.553987741470336914e+00
3.559000000000000163e+00,2.565589904785156250e+00
3.560000000000000053e+00,2.528523445129394531e+00
3.560999999999999943e+00,2.617366552352905273e+00
3.561999999999999833e+00,2.509224653244018555e+00
3.563000000000000167e+00,2.373983144760131836e+00
3.564000000000000057e+00,2.372432231903076172e+00
3.564999999999999947e+00,2.380820274353027344e+00
3.565999999999999837e+00,2.364825248718261719e+00
3.567000000000000171e+00,2.450166702270507812e+00
3.568000000000000060e+00,2.441776037216186523e+00
3.568999999999999950e+00,2.415266275405883789e+00
3.569999999999999840e+00,2.507828712463378906e+00
3.571000000000000174e+00,2.523241519927978516e+00
3.572000000000000064e+00,2.360736370086669922e+00
3.572999999999999954e+00,2.368054628372192383e+00
3.573999999999999844e+00,2.472832679748535156e+00
3.575000000000000178e+00,2.365549087524414062e+00
3.576000000000000068e+00,2.394169092178344727e+00
3.576999999999999957e+00,2.420012712478637695e+00
3.577999999999999847e+00,2.372281312942504883e+00
3.579000000000000181e+00,2.337475299835205078e+00
3.580000000000000071e+00,2.411114454269409180e+00
3.580999999999999961e+00,2.411708116531372070e+00
3.581999999999999851e+00,2.278407573699951172e+00
3.583000000000000185e+00,2.345770597457885742e+00
3.584000000000000075e+00,2.364436149597167969e+00
3.584999999999999964e+00,2.309049367904663086e+00
3.585999999999999854e+00,2.385335445404052734e+00
3.587000000000000188e+00,2.325735807418823242e+00
3.588000000000000078e+00,2.373369216918945312e+00
3.588999999999999968e+00,2.377232074737548828e+00
3.589999999999999858e+00,2.390355110168457031e+00
3.591000000000000192e+00,2.317744016647338867e+00
3.592000000000000082e+00,2.310521125793457031e+00
3.592999999999999972e+00,2.374058246612548828e+00
3.593999999999999861e+00,2.387787818908691406e+00
3.595000000000000195e+00,2.384938955307006836e+00
3.596000000000000085e+00,2.271014690399169922e+00
3.596999999999999975e+00,2.338437557220458984e+00
3.597999999999999865e+00,2.255759477615356445e+00
3.599000000000000199e+00,2.293356180191040039e+00
3.600000000000000089e+00,2.381818294525146484e+00
3.600999999999999979e+00,2.365160226821899414e+00
3.601999999999999869e+00,2.331793785095214844e+00
3.603000000000000203e+00,2.366240501403808594e+00
3.604000000000000092e+00,2.445948839187622070e+00
3.604999999999999982e+00,2.397625446319580078e+00
3.605999999999999872e+00,2.405819416046142578e+00
3.607000000000000206e+00,2.383448839187622070e+00
3.608000000000000096e+00,2.479459285736083984e+00
3.608999999999999986e+00,2.429393768310546875e+00
3.609999999999999876e+00,2.460128784179687500e+00
3.611000000000000210e+00,2.399564743041992188e+00
3.612000000000000099e+00,2.393357753753662109e+00
3.612999999999999989e+00,2.447014331817626953e+00
3.613999999999999879e+00,2.434081315994262695e+00
3.615000000000000213e+00,2.404533624649047852e+00
3.616000000000000103e+00,2.457145452499389648e+00
3.616999999999999993e+00,2.482992172241210938e+00
3.617999999999999883e+00,2.445583105087280273e+00
3.619000000000000217e+00,2.481179952621459961e+00
3.620000000000000107e+00,2.432589769363403320e+00
3.620999999999999996e+00,2.490833520889282227e+00
3.621999999999999886e+00,2.383470296859741211e+00
3.623000000000000220e+00,2.439336299896240234e+00
3.624000000000000110e+00,2.369511127471923828e+00
3.625000000000000000e+00,2.418607711791992188e+00
3.625999999999999890e+00,2.414292335510253906e+00
3.626999999999999780e+00,2.415117979049682617e+00
3.628000000000000114e+00,2.395236492156982422e+00
3.629000000000000004e+00,2.324361801147460938e+00
3.629999999999999893e+00,2.433724164962768555e+00
3.630999999999999783e+00,2.427088737487792969e+00
3.632000000000000117e+00,2.349678754806518555e+00
3.633000000000000007e+00,2.335561275482177734e+00
3.633999999999999897e+00,2.387830495834350586e+00
3.634999999999999787e+00,2.406690359115600586e+00
3.636000000000000121e+00,2.511311769485473633e+00
3.637000000000000011e+00,2.411422014236450195e+00
3.637999999999999901e+00,2.433724164962768555e+00
3.638999999999999790e+00,2.490936040878295898e+00
3.640000000000000124e+00,2.521863460540771484e+00
3.641000000000000014e+00,2.475301742553710938e+00
3.641999999999999904e+00,2.425245285034179688e+00
3.642999999999999794e+00,2.440163612365722656e+00
3.644000000000000128e+00,2.419495105743408203e+00
3.645000000000000018e+00,2.385056734085083008e+00
3.645999999999999908e+00,2.491869688034057617e+00
3.646999999999999797e+00,2.359079599380493164e+00
3.648000000000000131e+00,2.379563808441162109e+00
3.649000000000000021e+00,2.351418495178222656e+00
3.649999999999999911e+00,2.425002813339233398e+00
3.650999999999999801e+00,2.426972866058349609e+00
3.652000000000000135e+00,2.354014635086059570e+00
3.653000000000000025e+00,2.380895376205444336e+00
3.653999999999999915e+00,2.435886621475219727e+00
3.654999999999999805e+00,2.332703590393066406e+00
3.656000000000000139e+00,2.493499755859375000e+00
3.657000000000000028e+00,2.316254854202270508e+00
3.657999999999999918e+00,2.374693632125854492e+00
3.658999999999999808e+00,2.420487880706787109e+00
3.660000000000000142e+00,2.398946762084960938e+00
3.661000000000000032e+00,2.376576185226440430e+00
3.661999999999999922e+00,2.408739089965820312e+00
3.662999999999999812e+00,2.284770250320434570e+00
3.664000000000000146e+00,2.381668090820312500e+00
3.665000000000000036e+00,2.339093208312988281e+00
3.665999999999999925e+00,2.406074285507202148e+00
3.666999999999999815e+00,2.470733642578125000e+00
3.668000000000000149e+00,2.348046541213989258e+00
3.669000000000000039e+00,2.468943357467651367e+00
3.669999999999999929e+00,2.419579505920410156e+00
3.670999999999999819e+00,2.406594753265380859e+00
3.672000000000000153e+00,2.397508144378662109e+00
3.673000000000000043e+00,2.465245246887207031e+00
3.673999999999999932e+00,2.473452806472778320e+00
3.674999999999999822e+00,2.471033573150634766e+00
3.676000000000000156e+00,2.348373174667358398e+00
3.677000000000000046e+00,2.360877275466918945e+00
3.677999999999999936e+00,2.298332214355468750e+00
3.678999999999999826e+00,2.339224338531494141e+00
3.680000000000000160e+00,2.283808231353759766e+00
3.681000000000000050e+00,2.426941394805908203e+00
3.681999999999999940e+00,2.358646154403686523e+00
3.682999999999999829e+00,2.419009208679199219e+00
3.684000000000000163e+00,2.444746971130371094e+00
3.685000000000000053e+00,2.334006786346435547e+00
3.685999999999999943e+00,2.497401952743530273e+00
3.686999999999999833e+00,2.468104839324951172e+00
3.688000000000000167e+00,2.404246568679809570e+00
3.689000000000000057e+00,2.505585908889770508e+00
3.689999999999999947e+00,2.431927919387817383e+00
3.690999999999999837e+00,2.336863040924072266e+00
3.692000000000000171e+00,2.386920690536499023e+00
3.693000000000000060e+00,2.373283147811889648e+00
3.693999999999999950e+00,2.537281751632690430e+00
3.694999999999999840e+00,2.427120447158813477e+00
3.696000000000000174e+00,2.425392866134643555e+00
3.697000000000000064e+00,2.454064607620239258e+00
3.697999999999999954e+00,2.339606761932373047e+00
3.698999999999999844e+00,2.524051666259765625e+00
3.700000000000000178e+00,2.402172803878784180e+00
3.701000000000000068e+00,2.452147722244262695e+00
3.701999999999999957e+00,2.405553817749023438e+00
3.702999999999999847e+00,2.393069505691528320e+00
3.704000000000000181e+00,2.405798196792602539e+00
3.705000000000000071e+00,2.426899194717407227e+00
3.705999999999999961e+00,2.361580848693847656e+00
3.706999999999999851e+00,2.301277160644531250e+00
3.708000000000000185e+00,2.299199581146240234e+00
3.709000000000000075e+00,2.277218341827392578e+00
3.709999999999999964e+00,2.367007255554199219e+00
3.710999999999999854e+00,2.365322351455688477e+00
3.712000000000000188e+00,2.308218955993652344e+00
3.713000000000000078e+00,2.293367385864257812e+00
3.713999999999999968e+00,2.276017189025878906e+00
3.714999999999999858e+00,2.296552419662475586e+00
3.716000000000000192e+00,2.230762958526611328e+00
3.717000000000000082e+00,2.339104175567626953e+00
3.717999999999999972e+00,2.283606767654418945e+00
3.718999999999999861e+00,2.466654777526855469e+00
3.720000000000000195e+00,2.530362367630004883e+00
3.721000000000000085e+00,2.448110818862915039e+00
3.721999999999999975e+00,2.466540813446044922e+00
3.722999999999999865e+00,2.482323169708251953e+00
3.724000000000000199e+00,2.426488399505615234e+00
3.725000000000000089e+00,2.436453104019165039e+00
3.725999999999999979e+00,2.378113508224487305e+00
3.726999999999999869e+00,2.395556449890136719e+00
3.728000000000000203e+00,2.514769792556762695e+00
3.729000000000000092e+00,2.596897840499877930e+00
3.729999999999999982e+00,2.536133289337158203e+00
3.730999999999999872e+00,2.449112892150878906e+00
3.732000000000000206e+00,2.542102098464965820e+00
3.733000000000000096e+00,2.448069095611572266e+00
3.733999999999999986e+00,2.377049446105957031e+00
3.734999999999999876e+00,2.422145128250122070e+00
3.736000000000000210e+00,2.486941576004028320e+00
3.737000000000000099e+00,2.427025556564331055e+00
3.737999999999999989e+00,2.393122673034667969e+00
3.738999999999999879e+00,2.568914890289306641e+00
3.740000000000000213e+00,2.483053922653198242e+00
3.741000000000000103e+00,2.541126728057861328e+00
3.741999999999999993e+00,2.583567619323730469e+00
3.742999999999999883e+00,2.530028820037841797e+00
3.744000000000000217e+00,2.607652187347412109e+00
3.745000000000000107e+00,2.708637475967407227e+00
3.745999999999999996e+00,2.590423822402954102e+00
3.746999999999999886e+00,2.668694257736206055e+00
3.748000000000000220e+00,2.656638383865356445e+00
3.749000000000000110e+00,2.539838790893554688e+00
3.750000000000000000e+00,2.567870140075683594e+00
3.750999999999999890e+00,2.630476951599121094e+00
3.751999999999999780e+00,2.553097248077392578e+00
3.753000000000000114e+00,2.548869132995605469e+00
3.754000000000000004e+00,2.508990526199340820e+00
3.754999999999999893e+00,2.605259656906127930e+00
3.755999999999999783e+00,2.742367267608642578e+00
3.757000000000000117e+00,2.675102949142456055e+00
3.758000000000000007e+00,2.499345541000366211e+00
3.758999999999999897e+00,2.514271736145019531e+00
3.759999999999999787e+00,2.521154403686523438e+00
3.761000000000000121e+00,2.474093198776245117e+00
3.762000000000000011e+00,2.591439723968505859e+00
3.762999999999999901e+00,2.520332813262939453e+00
3.763999999999999790e+00,2.577545881271362305e+00
3.765000000000000124e+00,2.431454896926879883e+00
3.766000000000000014e+00,2.338317394256591797e+00
3.766999999999999904e+00,2.416450977325439453e+00
3.767999999999999794e+00,2.309647083282470703e+00
3.769000000000000128e+00,2.428446769714355469e+00
3.770000000000000018e+00,2.413921833038330078e+00
3.770999999999999908e+00,2.470516443252563477e+00
3.771999999999999797e+00,2.360628128051757812e+00
3.773000000000000131e+00,2.427457332611083984e+00
3.774000000000000021e+00,2.280123233795166016e+00
3.774999999999999911e+00,2.230865955352783203e+00
3.775999999999999801e+00,2.317931413650512695e+00
3.777000000000000135e+00,2.197391271591186523e+00
3.778000000000000025e+00,2.226370573043823242e+00
3.778999999999999915e+00,2.233522176742553711e+00
3.779999999999999805e+00,2.217824697494506836e+00
3.781000000000000139e+00,2.228550434112548828e+00
3.782000000000000028e+00,2.296307563781738281e+00
3.782999999999999918e+00,2.309735536575317383e+00
3.783999999999999808e+00,2.237249612808227539e+00
3.785000000000000142e+00,2.188778877258300781e+00
3.786000000000000032e+00,2.232182979583740234e+00
3.786999999999999922e+00,2.251574754714965820e+00
3.787999999999999812e+00,2.275579214096069336e+00
3.789000000000000146e+00,2.333086967468261719e+00
3.790000000000000036e+00,2.342499732971191406e+00
3.790999999999999925e+00,2.394190549850463867e+00
3.791999999999999815e+00,2.279248714447021484e+00
3.793000000000000149e+00,2.324273824691772461e+00
3.794000000000000039e+00,2.340163707733154297e+00
3.794999999999999929e+00,2.192337512969970703e+00
3.795999999999999819e+00,2.239841222763061523e+00
3.797000000000000153e+00,2.308506965637207031e+00
3.798000000000000043e+00,2.256110668182373047e+00
3.798999999999999932e+00,2.389414072036743164e+00
3.799999999999999822e+00,2.267263889312744141e+00
3.801000000000000156e+00,2.237386465072631836e+00
3.802000000000000046e+00,2.283169984817504883e+00
3.802999999999999936e+00,2.239498853683471680e+00
3.803999999999999826e+00,2.287654399871826172e+00
3.805000000000000160e+00,2.158928155899047852e+00
3.806000000000000050e+00,2.187237262725830078e+00
3.806999999999999940e+00,2.209778070449829102e+00
3.807999999999999829e+00,2.127205610275268555e+00
3.809000000000000163e+00,2.128286600112915039e+00
3.810000000000000053e+00,2.170875310897827148e+00
3.810999999999999943e+00,2.194539785385131836e+00
3.811999999999999833e+00,2.237318038940429688e+00
3.813000000000000167e+00,2.249235153198242188e+00
3.814000000000000057e+00,2.363214254379272461e+00
3.814999999999999947e+00,2.297865390777587891e+00
3.815999999999999837e+00,2.270598173141479492e+00
3.817000000000000171e+00,2.281255245208740234e+00
3.818000000000000060e+00,2.215564966201782227e+00
3.818999999999999950e+00,2.233053207397460938e+00
3.819999999999999840e+00,2.266474723815917969e+00
3.821000000000000174e+00,2.335386276245117188e+00
3.822000000000000064e+00,2.338885545730590820e+00
3.822999999999999954e+00,2.443994045257568359e+00
3.823999999999999844e+00,2.348775625228881836e+00
3.825000000000000178e+00,2.337519168853759766e+00
3.826000000000000068e+00,2.327559232711791992e+00
3.826999999999999957e+00,2.318670034408569336e+00
3.827999999999999847e+00,2.331738948822021484e+00
3.829000000000000181e+00,2.311715364456176758e+00
3.830000000000000071e+00,2.330653667449951172e+00
3.830999999999999961e+00,2.313936471939086914e+00
3.831999999999999851e+00,2.362002849578857422e+00
3.833000000000000185e+00,2.394639015197753906e+00
3.834000000000000075e+00,2.322678804397583008e+00
3.834999999999999964e+00,2.309857368469238281e+00
3.835999999999999854e+00,2.344985961914062500e+00
3.837000000000000188e+00,2.371440887451171875e+00
3.838000000000000078e+00,2.344539165496826172e+00
3.838999999999999968e+00,2.387830495834350586e+00
3.839999999999999858e+00,2.331344604492187500e+00
3.841000000000000192e+00,2.309104919433593750e+00
3.842000000000000082e+00,2.358039140701293945e+00
3.842999999999999972e+00,2.256473064422607422e+00
3.843999999999999861e+00,2.310509920120239258e+00
3.845000000000000195e+00,2.363138675689697266e+00
3.846000000000000085e+00,2.340677022933959961e+00
3.846999999999999975e+00,2.319066762924194336e+00
3.847999999999999865e+00,2.203465700149536133e+00
3.849000000000000199e+00,2.377930879592895508e+00
3.850000000000000089e+00,2.414779424667358398e+00
3.850999999999999979e+00,2.320234775543212891e+00
3.851999999999999869e+00,2.359794616699218750e+00
3.853000000000000203e+00,2.338437557220458984e+00
3.854000000000000092e+00,2.298843860626220703e+00
3.854999999999999982e+00,2.307654380798339844e+00
3.855999999999999872e+00,2.471168279647827148e+00
3.857000000000000206e+00,2.287788629531860352e+00
3.858000000000000096e+00,2.271622180938720703e+00
3.858999999999999986e+00,2.338579654693603516e+00
3.859999999999999876e+00,2.396847248077392578e+00
3.861000000000000210e+00,2.332681655883789062e+00
3.862000000000000099e+00,2.261292934417724609e+00
3.862999999999999989e+00,2.379445791244506836e+00
3.863999999999999879e+00,2.377887725830078125e+00
3.865000000000000213e+00,2.378887176513671875e+00
3.866000000000000103e+00,2.327109098434448242e+00
3.866999999999999993e+00,2.343165159225463867e+00
3.867999999999999883e+00,2.349123954772949219e+00
3.869000000000000217e+00,2.326493978500366211e+00
3.870000000000000107e+00,2.318052768707275391e+00
3.870999999999999996e+00,2.347567558288574219e+00
3.871999999999999886e+00,2.336939811706542969e+00
3.873000000000000220e+00,2.408388853073120117e+00
3.874000000000000110e+00,2.363992929458618164e+00
3.875000000000000000e+00,2.314610242843627930e+00
3.875999999999999890e+00,2.232949972152709961e+00
3.876999999999999780e+00,2.372130632400512695e+00
3.878000000000000114e+00,2.473018646240234375e+00
3.879000000000000004e+00,2.424096345901489258e+00
3.879999999999999893e+00,2.368389129638671875e+00
3.880999999999999783e+00,2.461624383926391602e+00
3.882000000000000117e+00,2.396025896072387695e+00
3.883000000000000007e+00,2.523454189300537109e+00
3.883999999999999897e+00,2.435981035232543945e+00
3.884999999999999787e+00,2.426246166229248047e+00
3.886000000000000121e+00,2.382344245910644531e+00
3.887000000000000011e+00,2.353221893310546875e+00
3.887999999999999901e+00,2.347251892089843750e+00
3.888999999999999790e+00,2.382751703262329102e+00
3.890000000000000124e+00,2.428930759429931641e+00
3.891000000000000014e+00,2.384842395782470703e+00
3.891999999999999904e+00,2.290992498397827148e+00
3.892999999999999794e+00,2.364846944808959961e+00
3.894000000000000128e+00,2.428383588790893555e+00
3.895000000000000018e+00,2.491633653640747070e+00
3.895999999999999908e+00,2.438623428344726562e+00
3.896999999999999797e+00,2.468570947647094727e+00
3.898000000000000131e+00,2.339147806167602539e+00
3.899000000000000021e+00,2.361007213592529297e+00
3.899999999999999911e+00,2.457301378250122070e+00
3.900999999999999801e+00,2.530210971832275391e+00
3.902000000000000135e+00,2.527653932571411133e+00
3.903000000000000025e+00,2.484155178070068359e+00
3.903999999999999915e+00,2.486684799194335938e+00
3.904999999999999805e+00,2.461676359176635742e+00
3.906000000000000139e+00,2.528998374938964844e+00
3.907000000000000028e+00,2.459245681762695312e+00
3.907999999999999918e+00,2.500102281570434570e+00
3.908999999999999808e+00,2.374381303787231445e+00
3.910000000000000142e+00,2.475724935531616211e+00
3.911000000000000032e+00,2.483733177185058594e+00
3.911999999999999922e+00,2.442937612533569336e+00
3.912999999999999812e+00,2.401417255401611328e+00
3.914000000000000146e+00,2.511698722839355469e+00
3.915000000000000036e+00,2.525580167770385742e+00
3.915999999999999925e+00,2.397593498229980469e+00
3.916999999999999815e+00,2.434900045394897461e+00
3.918000000000000149e+00,2.477994918823242188e+00
3.919000000000000039e+00,2.426362037658691406e+00
3.919999999999999929e+00,2.472584724426269531e+00
3.920999999999999819e+00,2.412820577621459961e+00
3.922000000000000153e+00,2.498507022857666016e+00
3.923000000000000043e+00,2.438717842102050781e+00
3.923999999999999932e+00,2.536536216735839844e+00
3.924999999999999822e+00,2.468974590301513672e+00
3.926000000000000156e+00,2.448622226715087891e+00
3.927000000000000046e+00,2.515917778015136719e+00
3.927999999999999936e+00,2.399692535400390625e+00
3.928999999999999826e+00,2.500746250152587891e+00
3.930000000000000160e+00,2.356477975845336914e+00
3.931000000000000050e+00,2.368745088577270508e+00
3.931999999999999940e+00,2.383116245269775391e+00
3.932999999999999829e+00,2.430035591125488281e+00
3.934000000000000163e+00,2.379477977752685547e+00
3.935000000000000053e+00,2.450208425521850586e+00
3.935999999999999943e+00,2.387081146240234375e+00
3.936999999999999833e+00,2.463347434997558594e+00
3.938000000000000167e+00,2.495559215545654297e+00
3.939000000000000057e+00,2.488462209701538086e+00
3.939999999999999947e+00,2.427194118499755859e+00
3.940999999999999837e+00,2.473390579223632812e+00
3.942000000000000171e+00,2.473308086395263672e+00
3.943000000000000060e+00,2.462610721588134766e+00
3.943999999999999950e+00,2.469874858856201172e+00
3.944999999999999840e+00,2.462226390838623047e+00
3.946000000000000174e+00,2.433871269226074219e+00
3.947000000000000064e+00,2.360195159912109375e+00
3.947999999999999954e+00,2.311803817749023438e+00
3.948999999999999844e+00,2.455990552902221680e+00
3.950000000000000178e+00,2.416831731796264648e+00
3.951000000000000068e+00,2.527107954025268555e+00
3.951999999999999957e+00,2.448914527893066406e+00
3.952999999999999847e+00,2.391691446304321289e+00
3.954000000000000181e+00,2.428046941757202148e+00
3.955000000000000071e+00,2.527653932571411133e+00
3.955999999999999961e+00,2.445656299591064453e+00
3.956999999999999851e+00,2.515633344650268555e+00
3.958000000000000185e+00,2.504728794097900391e+00
3.959000000000000075e+00,2.452230930328369141e+00
3.959999999999999964e+00,2.436232805252075195e+00
3.960999999999999854e+00,2.494852304458618164e+00
3.962000000000000188e+00,2.587472200393676758e+00
3.963000000000000078e+00,2.543941020965576172e+00
3.963999999999999968e+00,2.546180486679077148e+00
3.964999999999999858e+00,2.572901248931884766e+00
3.966000000000000192e+00,2.528512954711914062e+00
3.967000000000000082e+00,2.654289960861206055e+00
3.967999999999999972e+00,2.562449932098388672e+00
3.968999999999999861e+00,2.526501178741455078e+00
3.970000000000000195e+00,2.527502059936523438e+00
3.971000000000000085e+00,2.534096479415893555e+00
3.971999999999999975e+00,2.588341236114501953e+00
3.972999999999999865e+00,2.723448514938354492e+00
3.974000000000000199e+00,2.622799873352050781e+00
3.975000000000000089e+00,2.530241012573242188e+00
3.975999999999999979e+00,2.533259391784667969e+00
3.976999999999999869e+00,2.564912319183349609e+00
3.978000000000000203e+00,2.548077106475830078e+00
3.979000000000000092e+00,2.602265834808349609e+00
3.979999999999999982e+00,2.569939613342285156e+00
3.980999999999999872e+00,2.633904457092285156e+00
3.982000000000000206e+00,2.587255001068115234e+00
3.983000000000000096e+00,2.649210691452026367e+00
3.983999999999999986e+00,2.707004547119140625e+00
3.984999999999999876e+00,2.599612712860107422e+00
3.986000000000000210e+00,2.602010726928710938e+00
3.987000000000000099e+00,2.673258543014526367e+00
3.987999999999999989e+00,2.592632770538330078e+00
3.988999999999999879e+00,2.446972608566284180e+00
3.990000000000000213e+00,2.450750827789306641e+00
3.991000000000000103e+00,2.432421684265136719e+00
3.991999999999999993e+00,2.427688837051391602e+00
3.992999999999999883e+00,2.493304967880249023e+00
3.994000000000000217e+00,2.492854118347167969e+00
3.995000000000000107e+00,2.520393848419189453e+00
3.995999999999999996e+00,2.497893095016479492e+00
3.996999999999999886e+00,2.455418348312377930e+00
3.998000000000000220e+00,2.374499797821044922e+00
3.999000000000000110e+00,2.487732887268066406e+00
4.000000000000000000e+00,2.357302188873291016e+00
4.001000000000000334e+00,2.392738342285156250e+00
4.001999999999999780e+00,2.430445671081542969e+00
4.003000000000000114e+00,2.467317819595336914e+00
4.003999999999999559e+00,2.357280492782592773e+00
4.004999999999999893e+00,2.346642017364501953e+00
4.006000000000000227e+00,2.419083118438720703e+00
4.006999999999999673e+00,2.408155441284179688e+00
4.008000000000000007e+00,2.393902301788330078e+00
4.009000000000000341e+00,2.418068647384643555e+00
4.009999999999999787e+00,2.385196208953857422e+00
4.011000000000000121e+00,2.466271400451660156e+00
4.011999999999999567e+00,2.470144033432006836e+00
4.012999999999999901e+00,2.393176317214965820e+00
4.014000000000000234e+00,2.391007184982299805e+00
4.014999999999999680e+00,2.362035274505615234e+00
4.016000000000000014e+00,2.409672498703002930e+00
4.017000000000000348e+00,2.382783889770507812e+00
4.017999999999999794e+00,2.362089395523071289e+00
4.019000000000000128e+00,2.375177860260009766e+00
4.019999999999999574e+00,2.341146469116210938e+00
4.020999999999999908e+00,2.298410177230834961e+00
4.022000000000000242e+00,2.395449876785278320e+00
4.022999999999999687e+00,2.415488243103027344e+00
4.024000000000000021e+00,2.442801475524902344e+00
4.025000000000000355e+00,2.404257297515869141e+00
4.025999999999999801e+00,2.448684930801391602e+00
4.027000000000000135e+00,2.395087242126464844e+00
4.027999999999999581e+00,2.292152404785156250e+00
4.028999999999999915e+00,2.439430236816406250e+00
4.030000000000000249e+00,2.342052221298217773e+00
4.030999999999999694e+00,2.376490116119384766e+00
4.032000000000000028e+00,2.400693416595458984e+00
4.033000000000000362e+00,2.352124929428100586e+00
4.033999999999999808e+00,2.263405561447143555e+00
4.035000000000000142e+00,2.315868616104125977e+00
4.035999999999999588e+00,2.356694936752319336e+00
4.036999999999999922e+00,2.366413593292236328e+00
4.038000000000000256e+00,2.303996562957763672e+00
4.038999999999999702e+00,2.288949966430664062e+00
4.040000000000000036e+00,2.402779102325439453e+00
4.041000000000000369e+00,2.340818881988525391e+00
4.041999999999999815e+00,2.257514953613281250e+00
4.043000000000000149e+00,2.317093372344970703e+00
4.043999999999999595e+00,2.312942266464233398e+00
4.044999999999999929e+00,2.291516780853271484e+00
4.046000000000000263e+00,2.305416107177734375e+00
4.046999999999999709e+00,2.304185152053833008e+00
4.048000000000000043e+00,2.272927045822143555e+00
4.049000000000000377e+00,2.374779701232910156e+00
4.049999999999999822e+00,2.396815061569213867e+00
4.051000000000000156e+00,2.366651058197021484e+00
4.051999999999999602e+00,2.383824110031127930e+00
4.052999999999999936e+00,2.324152946472167969e+00
4.054000000000000270e+00,2.218504428863525391e+00
4.054999999999999716e+00,2.296997547149658203e+00
4.056000000000000050e+00,2.359003782272338867e+00
4.057000000000000384e+00,2.262027502059936523e+00
4.057999999999999829e+00,2.273702621459960938e+00
4.059000000000000163e+00,2.339770555496215820e+00
4.059999999999999609e+00,2.299243927001953125e+00
4.060999999999999943e+00,2.329940795898437500e+00
4.062000000000000277e+00,2.414387702941894531e+00
4.062999999999999723e+00,2.366175889968872070e+00
4.064000000000000057e+00,2.394991159439086914e+00
4.065000000000000391e+00,2.357378005981445312e+00
4.065999999999999837e+00,2.384306430816650391e+00
4.067000000000000171e+00,2.446168184280395508e+00
4.067999999999999616e+00,2.495784521102905273e+00
4.068999999999999950e+00,2.433640480041503906e+00
4.070000000000000284e+00,2.414578199386596680e+00
4.070999999999999730e+00,2.403874635696411133e+00
4.072000000000000064e+00,2.383009195327758789e+00
4.073000000000000398e+00,2.315084934234619141e+00
4.073999999999999844e+00,2.359014511108398438e+00
4.075000000000000178e+00,2.377640724182128906e+00
4.075999999999999623e+00,2.302376508712768555e+00
4.076999999999999957e+00,2.378403663635253906e+00
4.078000000000000291e+00,2.369198322296142578e+00
4.078999999999999737e+00,2.338109493255615234e+00
4.080000000000000071e+00,2.266756534576416016e+00
4.081000000000000405e+00,2.357779026031494141e+00
4.081999999999999851e+00,2.217167854309082031e+00
4.083000000000000185e+00,2.277588605880737305e+00
4.083999999999999631e+00,2.282039165496826172e+00
4.084999999999999964e+00,2.242543935775756836e+00
4.086000000000000298e+00,2.326076507568359375e+00
4.086999999999999744e+00,2.311317443847656250e+00
4.088000000000000078e+00,2.392599344253540039e+00
4.089000000000000412e+00,2.304240703582763672e+00
4.089999999999999858e+00,2.350505352020263672e+00
4.091000000000000192e+00,2.226852655410766602e+00
4.091999999999999638e+00,2.234208822250366211e+00
4.092999999999999972e+00,2.220439195632934570e+00
4.094000000000000306e+00,2.286615133285522461e+00
4.094999999999999751e+00,2.318052768707275391e+00
4.096000000000000085e+00,2.332341909408569336e+00
4.097000000000000419e+00,2.366672515869140625e+00
4.097999999999999865e+00,2.476261615753173828e+00
4.099000000000000199e+00,2.504065275192260742e+00
4.099999999999999645e+00,2.497238159179687500e+00
4.100999999999999979e+00,2.428036212921142578e+00
4.102000000000000313e+00,2.410902500152587891e+00
4.102999999999999758e+00,2.386374473571777344e+00
4.104000000000000092e+00,2.417698621749877930e+00
4.105000000000000426e+00,2.395055055618286133e+00
4.105999999999999872e+00,2.372399806976318359e+00
4.107000000000000206e+00,2.404767274856567383e+00
4.107999999999999652e+00,2.392022609710693359e+00
4.108999999999999986e+00,2.399117469787597656e+00
4.110000000000000320e+00,2.406488418579101562e+00
4.110999999999999766e+00,2.411633968353271484e+00
4.112000000000000099e+00,2.434490680694580078e+00
4.113000000000000433e+00,2.341888666152954102e+00
4.113999999999999879e+00,2.376554489135742188e+00
4.115000000000000213e+00,2.397827863693237305e+00
4.115999999999999659e+00,2.361266851425170898e+00
4.116999999999999993e+00,2.337584972381591797e+00
4.118000000000000327e+00,2.323844909667968750e+00
4.118999999999999773e+00,2.318240165710449219e+00
4.120000000000000107e+00,2.360693216323852539e+00
4.121000000000000441e+00,2.347033977508544922e+00
4.121999999999999886e+00,2.402343034744262695e+00
4.123000000000000220e+00,2.354980707168579102e+00
4.123999999999999666e+00,2.432327032089233398e+00
4.125000000000000000e+00,2.412523984909057617e+00
4.126000000000000334e+00,2.384360074996948242e+00
4.126999999999999780e+00,2.415636539459228516e+00
4.128000000000000114e+00,2.391808748245239258e+00
4.128999999999999559e+00,2.389189481735229492e+00
4.129999999999999893e+00,2.401502370834350586e+00
4.131000000000000227e+00,2.351777076721191406e+00
4.131999999999999673e+00,2.355870723724365234e+00
4.133000000000000007e+00,2.442351818084716797e+00
4.134000000000000341e+00,2.445886135101318359e+00
4.134999999999999787e+00,2.415435552597045898e+00
4.136000000000000121e+00,2.396196603775024414e+00
4.136999999999999567e+00,2.425803661346435547e+00
4.137999999999999901e+00,2.374607563018798828e+00
4.139000000000000234e+00,2.488975763320922852e+00
4.139999999999999680e+00,2.473287343978881836e+00
4.141000000000000014e+00,2.479881763458251953e+00
4.142000000000000348e+00,2.393026828765869141e+00
4.142999999999999794e+00,2.484155178070068359e+00
4.144000000000000128e+00,2.478129148483276367e+00
4.144999999999999574e+00,2.566018104553222656e+00
4.145999999999999908e+00,2.507319450378417969e+00
4.147000000000000242e+00,2.603826999664306641e+00
4.147999999999999687e+00,2.501093864440917969e+00
4.149000000000000021e+00,2.559645652770996094e+00
4.150000000000000355e+00,2.490104913711547852e+00
4.150999999999999801e+00,2.572782039642333984e+00
4.152000000000000135e+00,2.499028682708740234e+00
4.152999999999999581e+00,2.630554676055908203e+00
4.153999999999999915e+00,2.591479301452636719e+00
4.155000000000000249e+00,2.526966333389282227e+00
4.155999999999999694e+00,2.545066118240356445e+00
4.157000000000000028e+00,2.546020030975341797e+00
4.158000000000000362e+00,2.537734746932983398e+00
4.158999999999999808e+00,2.555328607559204102e+00
4.160000000000000142e+00,2.474878311157226562e+00
4.160999999999999588e+00,2.516770839691162109e+00
4.161999999999999922e+00,2.435939073562622070e+00
4.163000000000000256e+00,2.495968818664550781e+00
4.163999999999999702e+00,2.422598838806152344e+00
4.165000000000000036e+00,2.459193706512451172e+00
4.166000000000000369e+00,2.442351818084716797e+00
4.166999999999999815e+00,2.426172494888305664e+00
4.168000000000000149e+00,2.423400402069091797e+00
4.168999999999999595e+00,2.468798637390136719e+00
4.169999999999999929e+00,2.588281869888305664e+00
4.171000000000000263e+00,2.508633613586425781e+00
4.171999999999999709e+00,2.429320096969604492e+00
4.173000000000000043e+00,2.431622982025146484e+00
4.174000000000000377e+00,2.420350551605224609e+00
4.174999999999999822e+00,2.413773775100708008e+00
4.176000000000000156e+00,2.428152084350585938e+00
4.176999999999999602e+00,2.500255346298217773e+00
4.177999999999999936e+00,2.521965026855468750e+00
4.179000000000000270e+00,2.535508155822753906e+00
4.179999999999999716e+00,2.534520387649536133e+00
4.181000000000000050e+00,2.548939704895019531e+00
4.182000000000000384e+00,2.560913562774658203e+00
4.182999999999999829e+00,2.586493968963623047e+00
4.184000000000000163e+00,2.571450471878051758e+00
4.184999999999999609e+00,2.589160919189453125e+00
4.185999999999999943e+00,2.545989990234375000e+00
4.187000000000000277e+00,2.605700969696044922e+00
4.187999999999999723e+00,2.530887365341186523e+00
4.189000000000000057e+00,2.609464883804321289e+00
4.190000000000000391e+00,2.477252244949340820e+00
4.190999999999999837e+00,2.515623331069946289e+00
4.192000000000000171e+00,2.492269515991210938e+00
4.192999999999999616e+00,2.478448867797851562e+00
4.193999999999999950e+00,2.409905910491943359e+00
4.195000000000000284e+00,2.432537317276000977e+00
4.195999999999999730e+00,2.345498085021972656e+00
4.197000000000000064e+00,2.468518972396850586e+00
4.198000000000000398e+00,2.503452777862548828e+00
4.198999999999999844e+00,2.453127145767211914e+00
4.200000000000000178e+00,2.487229347229003906e+00
4.200999999999999623e+00,2.542182445526123047e+00
4.201999999999999957e+00,2.426951885223388672e+00
4.203000000000000291e+00,2.476499080657958984e+00
4.203999999999999737e+00,2.427457332611083984e+00
4.205000000000000071e+00,2.529493570327758789e+00
4.206000000000000405e+00,2.532573223114013672e+00
4.206999999999999851e+00,2.538359403610229492e+00
4.208000000000000185e+00,2.601588010787963867e+00
4.208999999999999631e+00,2.403746843338012695e+00
4.209999999999999964e+00,2.422197818756103516e+00
4.211000000000000298e+00,2.433997392654418945e+00
4.211999999999999744e+00,2.451292991638183594e+00
4.213000000000000078e+00,2.374553442001342773e+00
4.214000000000000412e+00,2.420276641845703125e+00
4.214999999999999858e+00,2.363030433654785156e+00
4.216000000000000192e+00,2.398850917816162109e+00
4.216999999999999638e+00,2.557497978210449219e+00
4.217999999999999972e+00,2.405245542526245117e+00
4.219000000000000306e+00,2.412672281265258789e+00
4.219999999999999751e+00,2.441346883773803711e+00
4.221000000000000085e+00,2.449603319168090820e+00
4.222000000000000419e+00,2.539577245712280273e+00
4.222999999999999865e+00,2.522015571594238281e+00
4.224000000000000199e+00,2.541106700897216797e+00
4.224999999999999645e+00,2.492290019989013672e+00
4.225999999999999979e+00,2.500848531723022461e+00
4.227000000000000313e+00,2.457145452499389648e+00
4.227999999999999758e+00,2.489981651306152344e+00
4.229000000000000092e+00,2.496685504913330078e+00
4.230000000000000426e+00,2.424697399139404297e+00
4.230999999999999872e+00,2.440153121948242188e+00
4.232000000000000206e+00,2.449540615081787109e+00
4.232999999999999652e+00,2.404852390289306641e+00
4.233999999999999986e+00,2.393058776855468750e+00
4.235000000000000320e+00,2.470009565353393555e+00
4.235999999999999766e+00,2.382279872894287109e+00
4.237000000000000099e+00,2.423569202423095703e+00
4.238000000000000433e+00,2.380755901336669922e+00
4.238999999999999879e+00,2.432158946990966797e+00
4.240000000000000213e+00,2.421659708023071289e+00
4.240999999999999659e+00,2.372841596603393555e+00
4.241999999999999993e+00,2.366056919097900391e+00
4.243000000000000327e+00,2.454158306121826172e+00
4.243999999999999773e+00,2.435739755630493164e+00
4.245000000000000107e+00,2.459266424179077148e+00
4.246000000000000441e+00,2.403853178024291992e+00
4.246999999999999886e+00,2.448987722396850586e+00
4.248000000000000220e+00,2.498455762863159180e+00
4.248999999999999666e+00,2.528664827346801758e+00
4.250000000000000000e+00,2.557787895202636719e+00
4.251000000000000334e+00,2.511220216751098633e+00
4.251999999999999780e+00,2.491531133651733398e+00
4.253000000000000114e+00,2.566027879714965820e+00
4.253999999999999559e+00,2.568268299102783203e+00
4.254999999999999893e+00,2.552746772766113281e+00
4.256000000000000227e+00,2.538912773132324219e+00
4.256999999999999673e+00,2.505636692047119141e+00
4.258000000000000007e+00,2.487013578414916992e+00
4.259000000000000341e+00,2.579686880111694336e+00
4.259999999999999787e+00,2.605563640594482422e+00
4.261000000000000121e+00,2.630020380020141602e+00
4.261999999999999567e+00,2.663095235824584961e+00
4.262999999999999901e+00,2.611491441726684570e+00
4.264000000000000234e+00,2.559296131134033203e+00
4.264999999999999680e+00,2.581261634826660156e+00
4.266000000000000014e+00,2.586810350418090820e+00
4.267000000000000348e+00,2.644305467605590820e+00
4.267999999999999794e+00,2.596868276596069336e+00
4.269000000000000128e+00,2.526602268218994141e+00
4.269999999999999574e+00,2.512736320495605469e+00
4.270999999999999908e+00,2.627550601959228516e+00
4.272000000000000242e+00,2.642922878265380859e+00
4.272999999999999687e+00,2.622068881988525391e+00
4.274000000000000021e+00,2.587412834167480469e+00
4.275000000000000355e+00,2.668981552124023438e+00
4.275999999999999801e+00,2.622302770614624023e+00
4.277000000000000135e+00,2.563068389892578125e+00
4.277999999999999581e+00,2.601784467697143555e+00
4.278999999999999915e+00,2.577426910400390625e+00
4.280000000000000249e+00,2.592534542083740234e+00
4.280999999999999694e+00,2.640000820159912109e+00
4.282000000000000028e+00,2.646836757659912109e+00
4.283000000000000362e+00,2.598157167434692383e+00
4.283999999999999808e+00,2.515694141387939453e+00
4.285000000000000142e+00,2.673249006271362305e+00
4.285999999999999588e+00,2.612215518951416016e+00
4.286999999999999922e+00,2.591716051101684570e+00
4.288000000000000256e+00,2.595854282379150391e+00
4.288999999999999702e+00,2.578477859497070312e+00
4.290000000000000036e+00,2.648159027099609375e+00
4.291000000000000369e+00,2.558467149734497070e+00
4.291999999999999815e+00,2.588459968566894531e+00
4.293000000000000149e+00,2.600477695465087891e+00
4.293999999999999595e+00,2.646015644073486328e+00
4.294999999999999929e+00,2.621006488800048828e+00
4.296000000000000263e+00,2.645493984222412109e+00
4.296999999999999709e+00,2.637337207794189453e+00
4.298000000000000043e+00,2.631438732147216797e+00
4.299000000000000377e+00,2.590167284011840820e+00
4.299999999999999822e+00,2.642042875289916992e+00
4.301000000000000156e+00,2.622546672821044922e+00
4.301999999999999602e+00,2.668406963348388672e+00
4.302999999999999936e+00,2.593302965164184570e+00
4.304000000000000270e+00,2.622682809829711914e+00
4.304999999999999716e+00,2.539597511291503906e+00
4.306000000000000050e+00,2.546511888504028320e+00
4.307000000000000384e+00,2.610267639160156250e+00
4.307999999999999829e+00,2.573765277862548828e+00
4.309000000000000163e+00,2.559146404266357422e+00
4.309999999999999609e+00,2.526379585266113281e+00
4.310999999999999943e+00,2.573139667510986328e+00
4.312000000000000277e+00,2.542835712432861328e+00
4.312999999999999723e+00,2.568128585815429688e+00
4.314000000000000057e+00,2.535236120223999023e+00
4.315000000000000391e+00,2.571609497070312500e+00
4.315999999999999837e+00,2.517826795578002930e+00
4.317000000000000171e+00,2.523981094360351562e+00
4.317999999999999616e+00,2.571649312973022461e+00
4.318999999999999950e+00,2.556098699569702148e+00
4.320000000000000284e+00,2.602452278137207031e+00
4.320999999999999730e+00,2.606064081192016602e+00
4.322000000000000064e+00,2.550413131713867188e+00
4.323000000000000398e+00,2.628610610961914062e+00
4.323999999999999844e+00,2.695044279098510742e+00
4.325000000000000178e+00,2.591735839843750000e+00
4.325999999999999623e+00,2.624504566192626953e+00
4.326999999999999957e+00,2.689329147338867188e+00
4.328000000000000291e+00,2.592278003692626953e+00
4.328999999999999737e+00,2.576623439788818359e+00
4.330000000000000071e+00,2.577892780303955078e+00
4.331000000000000405e+00,2.537946462631225586e+00
4.331999999999999851e+00,2.536787986755371094e+00
4.333000000000000185e+00,2.528614521026611328e+00
4.333999999999999631e+00,2.623433113098144531e+00
4.334999999999999964e+00,2.603512763977050781e+00
4.336000000000000298e+00,2.485996007919311523e+00
4.336999999999999744e+00,2.559965133666992188e+00
4.338000000000000078e+00,2.560643911361694336e+00
4.339000000000000412e+00,2.570575714111328125e+00
4.339999999999999858e+00,2.580538749694824219e+00
4.341000000000000192e+00,2.584378719329833984e+00
4.341999999999999638e+00,2.681086540222167969e+00
4.342999999999999972e+00,2.549871921539306641e+00
4.344000000000000306e+00,2.566934108734130859e+00
4.344999999999999751e+00,2.580895185470581055e+00
4.346000000000000085e+00,2.664534807205200195e+00
4.347000000000000419e+00,2.654665708541870117e+00
4.347999999999999865e+00,2.579330205917358398e+00
4.349000000000000199e+00,2.608445882797241211e+00
4.349999999999999645e+00,2.600978851318359375e+00
4.350999999999999979e+00,2.579835414886474609e+00
4.352000000000000313e+00,2.454356193542480469e+00
4.352999999999999758e+00,2.590305566787719727e+00
4.354000000000000092e+00,2.647956371307373047e+00
4.355000000000000426e+00,2.589762687683105469e+00
4.355999999999999872e+00,2.551184654235839844e+00
4.357000000000000206e+00,2.558517217636108398e+00
4.357999999999999652e+00,2.530432939529418945e+00
4.358999999999999986e+00,2.589979648590087891e+00
4.360000000000000320e+00,2.592958211898803711e+00
4.360999999999999766e+00,2.629135847091674805e+00
4.362000000000000099e+00,2.563227653503417969e+00
4.363000000000000433e+00,2.618362426757812500e+00
4.363999999999999879e+00,2.560993194580078125e+00
4.365000000000000213e+00,2.572195768356323242e+00
4.365999999999999659e+00,2.574450492858886719e+00
4.366999999999999993e+00,2.528300762176513672e+00
4.368000000000000327e+00,2.545778989791870117e+00
4.368999999999999773e+00,2.570028781890869141e+00
4.370000000000000107e+00,2.577397346496582031e+00
4.371000000000000441e+00,2.642555475234985352e+00
4.371999999999999886e+00,2.609993457794189453e+00
4.373000000000000220e+00,2.601460456848144531e+00
4.373999999999999666e+00,2.584101676940917969e+00
4.375000000000000000e+00,2.577079772949218750e+00
4.376000000000000334e+00,2.593441247940063477e+00
4.376999999999999780e+00,2.633836507797241211e+00
4.378000000000000114e+00,2.532583475112915039e+00
4.378999999999999559e+00,2.567909955978393555e+00
4.379999999999999893e+00,2.515480995178222656e+00
4.381000000000000227e+00,2.435173034667968750e+00
4.381999999999999673e+00,2.472729444503784180e+00
4.383000000000000007e+00,2.508959770202636719e+00
4.384000000000000341e+00,2.522633552551269531e+00
4.384999999999999787e+00,2.546100378036499023e+00
4.386000000000000121e+00,2.540171146392822266e+00
4.386999999999999567e+00,2.461157083511352539e+00
4.387999999999999901e+00,2.490977287292480469e+00
4.389000000000000234e+00,2.522532463073730469e+00
4.389999999999999680e+00,2.543117046356201172e+00
4.391000000000000014e+00,2.562220335006713867e+00
4.392000000000000348e+00,2.570396900177001953e+00
4.392999999999999794e+00,2.527360677719116211e+00
4.394000000000000128e+00,2.518902778625488281e+00
4.394999999999999574e+00,2.439168453216552734e+00
4.395999999999999908e+00,2.509041309356689453e+00
4.397000000000000242e+00,2.590779066085815430e+00
4.397999999999999687e+00,2.586355447769165039e+00
4.399000000000000021e+00,2.555068492889404297e+00
4.400000000000000355e+00,2.568795442581176758e+00
4.400999999999999801e+00,2.539416313171386719e+00
4.402000000000000135e+00,2.586405038833618164e+00
4.402999999999999581e+00,2.587590456008911133e+00
4.403999999999999915e+00,2.636038303375244141e+00
4.405000000000000249e+00,2.567611217498779297e+00
4.405999999999999694e+00,2.483331918716430664e+00
4.407000000000000028e+00,2.475952148437500000e+00
4.408000000000000362e+00,2.490556478500366211e+00
4.408999999999999808e+00,2.510894536972045898e+00
4.410000000000000142e+00,2.464892625808715820e+00
4.410999999999999588e+00,2.470113039016723633e+00
4.411999999999999922e+00,2.531644821166992188e+00
4.413000000000000256e+00,2.557548046112060547e+00
4.413999999999999702e+00,2.534954071044921875e+00
4.415000000000000036e+00,2.360942125320434570e+00
4.416000000000000369e+00,2.495446681976318359e+00
4.416999999999999815e+00,2.513203859329223633e+00
4.418000000000000149e+00,2.476561069488525391e+00
4.418999999999999595e+00,2.401076793670654297e+00
4.419999999999999929e+00,2.396228551864624023e+00
4.421000000000000263e+00,2.460315704345703125e+00
4.421999999999999709e+00,2.452679157257080078e+00
4.423000000000000043e+00,2.364490270614624023e+00
4.424000000000000377e+00,2.494616746902465820e+00
4.424999999999999822e+00,2.534005880355834961e+00
4.426000000000000156e+00,2.478541612625122070e+00
4.426999999999999602e+00,2.499662637710571289e+00
4.427999999999999936e+00,2.366197347640991211e+00
4.429000000000000270e+00,2.393432617187500000e+00
4.429999999999999716e+00,2.358808755874633789e+00
4.431000000000000050e+00,2.457509517669677734e+00
4.432000000000000384e+00,2.349809169769287109e+00
4.432999999999999829e+00,2.419991493225097656e+00
4.434000000000000163e+00,2.337070941925048828e+00
4.434999999999999609e+00,2.313980817794799805e+00
4.435999999999999943e+00,2.322029590606689453e+00
4.437000000000000277e+00,2.358472824096679688e+00
4.437999999999999723e+00,2.346696615219116211e+00
4.439000000000000057e+00,2.432054042816162109e+00
4.440000000000000391e+00,2.459432840347290039e+00
4.440999999999999837e+00,2.431643962860107422e+00
4.442000000000000171e+00,2.423600673675537109e+00
4.442999999999999616e+00,2.335594177246093750e+00
4.443999999999999950e+00,2.337059974670410156e+00
4.445000000000000284e+00,2.366597175598144531e+00
4.445999999999999730e+00,2.293579101562500000e+00
4.447000000000000064e+00,2.396164417266845703e+00
4.448000000000000398e+00,2.394841670989990234e+00
4.448999999999999844e+00,2.349189281463623047e+00
4.450000000000000178e+00,2.320058584213256836e+00
4.450999999999999623e+00,2.400150537490844727e+00
4.451999999999999957e+00,2.389178752899169922e+00
4.453000000000000291e+00,2.316034078598022461e+00
4.453999999999999737e+00,2.328316926956176758e+00
4.455000000000000071e+00,2.307698726654052734e+00
4.456000000000000405e+00,2.349700450897216797e+00
4.456999999999999851e+00,2.359036207199096680e+00
4.458000000000000185e+00,2.372055292129516602e+00
4.458999999999999631e+00,2.368950128555297852e+00
4.459999999999999964e+00,2.354438066482543945e+00
4.461000000000000298e+00,2.294158458709716797e+00
4.461999999999999744e+00,2.359837770462036133e+00
4.463000000000000078e+00,2.334335327148437500e+00
4.464000000000000412e+00,2.294047117233276367e+00
4.464999999999999858e+00,2.301199674606323242e+00
4.466000000000000192e+00,2.246449470520019531e+00
4.466999999999999638e+00,2.445415973663330078e+00
4.467999999999999972e+00,2.363928079605102539e+00
4.469000000000000306e+00,2.335670709609985352e+00
4.469999999999999751e+00,2.344550132751464844e+00
4.471000000000000085e+00,2.348841190338134766e+00
4.472000000000000419e+00,2.309359312057495117e+00
4.472999999999999865e+00,2.319033622741699219e+00
4.474000000000000199e+00,2.355978965759277344e+00
4.474999999999999645e+00,2.367763042449951172e+00
4.475999999999999979e+00,2.384478092193603516e+00
4.477000000000000313e+00,2.462942600250244141e+00
4.477999999999999758e+00,2.359881162643432617e+00
4.479000000000000092e+00,2.397881031036376953e+00
4.480000000000000426e+00,2.341877937316894531e+00
4.480999999999999872e+00,2.365992307662963867e+00
4.482000000000000206e+00,2.341190099716186523e+00
4.482999999999999652e+00,2.336020708084106445e+00
4.483999999999999986e+00,2.320378065109252930e+00
4.485000000000000320e+00,2.373380184173583984e+00
4.485999999999999766e+00,2.288123607635498047e+00
4.487000000000000099e+00,2.298643827438354492e+00
4.488000000000000433e+00,2.378650903701782227e+00
4.488999999999999879e+00,2.370999097824096680e+00
4.490000000000000213e+00,2.335046768188476562e+00
4.490999999999999659e+00,2.362132549285888672e+00
4.491999999999999993e+00,2.389510393142700195e+00
4.493000000000000327e+00,2.353363275527954102e+00
4.493999999999999773e+00,2.294837951660156250e+00
4.495000000000000107e+00,2.390162706375122070e+00
4.496000000000000441e+00,2.395236492156982422e+00
4.496999999999999886e+00,2.284434556961059570e+00
4.498000000000000220e+00,2.294782161712646484e+00
4.498999999999999666e+00,2.404448509216308594e+00
4.500000000000000000e+00,2.366791248321533203e+00
4.501000000000000334e+00,2.397529602050781250e+00
4.501999999999999780e+00,2.308529138565063477e+00
4.503000000000000114e+00,2.227357387542724609e+00
4.503999999999999559e+00,2.353938579559326172e+00
4.504999999999999893e+00,2.299932956695556641e+00
4.506000000000000227e+00,2.388236999511718750e+00
4.506999999999999673e+00,2.298732757568359375e+00
4.508000000000000007e+00,2.388751029968261719e+00
4.509000000000000341e+00,2.352287769317626953e+00
4.509999999999999787e+00,2.444192886352539062e+00
4.511000000000000121e+00,2.391285181045532227e+00
4.511999999999999567e+00,2.390077114105224609e+00
4.512999999999999901e+00,2.331059455871582031e+00
4.514000000000000234e+00,2.382376432418823242e+00
4.514999999999999680e+00,2.415858745574951172e+00
4.516000000000000014e+00,2.484782695770263672e+00
4.517000000000000348e+00,2.465659856796264648e+00
4.517999999999999794e+00,2.496726512908935547e+00
4.519000000000000128e+00,2.380766630172729492e+00
4.519999999999999574e+00,2.365797758102416992e+00
4.520999999999999908e+00,2.465535402297973633e+00
4.522000000000000242e+00,2.511667966842651367e+00
4.522999999999999687e+00,2.489950895309448242e+00
4.524000000000000021e+00,2.308451652526855469e+00
4.525000000000000355e+00,2.436075448989868164e+00
4.525999999999999801e+00,2.396217823028564453e+00
4.527000000000000135e+00,2.492444038391113281e+00
4.527999999999999581e+00,2.363863229751586914e+00
4.528999999999999915e+00,2.397763967514038086e+00
4.530000000000000249e+00,2.425782680511474609e+00
4.530999999999999694e+00,2.473545789718627930e+00
4.532000000000000028e+00,2.394980430603027344e+00
4.533000000000000362e+00,2.398232936859130859e+00
4.533999999999999808e+00,2.425413846969604492e+00
4.535000000000000142e+00,2.366219043731689453e+00
4.535999999999999588e+00,2.398733854293823242e+00
4.536999999999999922e+00,2.385560274124145508e+00
4.538000000000000256e+00,2.425656080245971680e+00
4.538999999999999702e+00,2.383062839508056641e+00
4.540000000000000036e+00,2.431223630905151367e+00
4.541000000000000369e+00,2.395332336425781250e+00
4.541999999999999815e+00,2.459141731262207031e+00
4.543000000000000149e+00,2.380530357360839844e+00
4.543999999999999595e+00,2.326307058334350586e+00
4.544999999999999929e+00,2.378145694732666016e+00
4.546000000000000263e+00,2.472563982009887695e+00
4.546999999999999709e+00,2.361180305480957031e+00
4.548000000000000043e+00,2.319761037826538086e+00
4.549000000000000377e+00,2.427446842193603516e+00
4.549999999999999822e+00,2.441556215286254883e+00
4.551000000000000156e+00,2.357150316238403320e+00
4.551999999999999602e+00,2.386224508285522461e+00
4.552999999999999936e+00,2.386642217636108398e+00
4.554000000000000270e+00,2.378403663635253906e+00
4.554999999999999716e+00,2.422778129577636719e+00
4.556000000000000050e+00,2.295873403549194336e+00
4.557000000000000384e+00,2.378145694732666016e+00
4.557999999999999829e+00,2.303264379501342773e+00
4.559000000000000163e+00,2.287185192108154297e+00
4.559999999999999609e+00,2.253219842910766602e+00
4.560999999999999943e+00,2.296908378601074219e+00
4.562000000000000277e+00,2.343841314315795898e+00
4.562999999999999723e+00,2.234231710433959961e+00
4.564000000000000057e+00,2.333569049835205078e+00
4.565000000000000391e+00,2.300510883331298828e+00
4.565999999999999837e+00,2.233636617660522461e+00
4.567000000000000171e+00,2.194749355316162109e+00
4.567999999999999616e+00,2.362056970596313477e+00
4.568999999999999950e+00,2.254172563552856445e+00
4.570000000000000284e+00,2.244378089904785156e+00
4.570999999999999730e+00,2.349015235900878906e+00
4.572000000000000064e+00,2.259630918502807617e+00
4.573000000000000398e+00,2.289519548416137695e+00
4.573999999999999844e+00,2.267928838729858398e+00
4.575000000000000178e+00,2.311682224273681641e+00
4.575999999999999623e+00,2.268999338150024414e+00
4.576999999999999957e+00,2.228929042816162109e+00
4.578000000000000291e+00,2.214399576187133789e+00
4.578999999999999737e+00,2.379048347473144531e+00
4.580000000000000071e+00,2.301621675491333008e+00
4.581000000000000405e+00,2.300110816955566406e+00
4.581999999999999851e+00,2.349276304244995117e+00
4.583000000000000185e+00,2.380390644073486328e+00
4.583999999999999631e+00,2.368648052215576172e+00
4.584999999999999964e+00,2.318229198455810547e+00
4.586000000000000298e+00,2.332637786865234375e+00
4.586999999999999744e+00,2.274860143661499023e+00
4.588000000000000078e+00,2.250212192535400391e+00
4.589000000000000412e+00,2.287475585937500000e+00
4.589999999999999858e+00,2.395642042160034180e+00
4.591000000000000192e+00,2.290345430374145508e+00
4.591999999999999638e+00,2.279910326004028320e+00
4.592999999999999972e+00,2.304584503173828125e+00
4.594000000000000306e+00,2.251915216445922852e+00
4.594999999999999751e+00,2.222900867462158203e+00
4.596000000000000085e+00,2.255487442016601562e+00
4.597000000000000419e+00,2.288816213607788086e+00
4.597999999999999865e+00,2.310664892196655273e+00
4.599000000000000199e+00,2.348656177520751953e+00
4.599999999999999645e+00,2.251960754394531250e+00
4.600999999999999979e+00,2.259087800979614258e+00
4.602000000000000313e+00,2.247666597366333008e+00
4.602999999999999758e+00,2.406010389328002930e+00
4.604000000000000092e+00,2.375489711761474609e+00
4.605000000000000426e+00,2.297386884689331055e+00
4.605999999999999872e+00,2.332637786865234375e+00
4.607000000000000206e+00,2.259800672531127930e+00
4.607999999999999652e+00,2.352787494659423828e+00
4.608999999999999986e+00,2.432421684265136719e+00
4.610000000000000320e+00,2.408091545104980469e+00
4.610999999999999766e+00,2.342335939407348633e+00
4.612000000000000099e+00,2.342685222625732422e+00
4.613000000000000433e+00,2.278609514236450195e+00
4.613999999999999879e+00,2.366834640502929688e+00
4.615000000000000213e+00,2.377898454666137695e+00
4.615999999999999659e+00,2.297653913497924805e+00
4.616999999999999993e+00,2.215991735458374023e+00
4.618000000000000327e+00,2.295773267745971680e+00
4.618999999999999773e+00,2.290311813354492188e+00
4.620000000000000107e+00,2.309658050537109375e+00
4.621000000000000441e+00,2.285005092620849609e+00
4.621999999999999886e+00,2.333667516708374023e+00
4.623000000000000220e+00,2.267647266387939453e+00
4.623999999999999666e+00,2.320455074310302734e+00
4.625000000000000000e+00,2.250802755355834961e+00
4.626000000000000334e+00,2.193397998809814453e+00
4.626999999999999780e+00,2.313627243041992188e+00
4.628000000000000114e+00,2.273309230804443359e+00
4.628999999999999559e+00,2.287922620773315430e+00
4.629999999999999893e+00,2.329128980636596680e+00
4.631000000000000227e+00,2.222302913665771484e+00
4.631999999999999673e+00,2.306291818618774414e+00
4.633000000000000007e+00,2.263699054718017578e+00
4.634000000000000341e+00,2.301887989044189453e+00
4.634999999999999787e+00,2.291393995285034180e+00
4.636000000000000121e+00,2.310687065124511719e+00
4.636999999999999567e+00,2.323812007904052734e+00
4.637999999999999901e+00,2.300999641418457031e+00
4.639000000000000234e+00,2.299944162368774414e+00
4.639999999999999680e+00,2.395673751831054688e+00
4.641000000000000014e+00,2.403608560562133789e+00
4.642000000000000348e+00,2.350929260253906250e+00
4.642999999999999794e+00,2.407167911529541016e+00
4.644000000000000128e+00,2.375242233276367188e+00
4.644999999999999574e+00,2.341561317443847656e+00
4.645999999999999908e+00,2.409927129745483398e+00
4.647000000000000242e+00,2.328920602798461914e+00
4.647999999999999687e+00,2.327811956405639648e+00
4.649000000000000021e+00,2.351798772811889648e+00
4.650000000000000355e+00,2.350885629653930664e+00
4.650999999999999801e+00,2.368237972259521484e+00
4.652000000000000135e+00,2.384563922882080078e+00
4.652999999999999581e+00,2.301921367645263672e+00
4.653999999999999915e+00,2.268537521362304688e+00
4.655000000000000249e+00,2.335977077484130859e+00
4.655999999999999694e+00,2.283841609954833984e+00
4.657000000000000028e+00,2.372766256332397461e+00
4.658000000000000362e+00,2.407051324844360352e+00
4.658999999999999808e+00,2.381442785263061523e+00
4.660000000000000142e+00,2.414694547653198242e+00
4.660999999999999588e+00,2.471075057983398438e+00
4.661999999999999922e+00,2.504218578338623047e+00
4.663000000000000256e+00,2.486140012741088867e+00
4.663999999999999702e+00,2.486931324005126953e+00
4.665000000000000036e+00,2.510385513305664062e+00
4.666000000000000369e+00,2.416842222213745117e+00
4.666999999999999815e+00,2.343110561370849609e+00
4.668000000000000149e+00,2.352515935897827148e+00
4.668999999999999595e+00,2.218446969985961914e+00
4.669999999999999929e+00,2.295183181762695312e+00
4.671000000000000263e+00,2.336458444595336914e+00
4.671999999999999709e+00,2.342707157135009766e+00
4.673000000000000043e+00,2.369155168533325195e+00
4.674000000000000377e+00,2.342194080352783203e+00
4.674999999999999822e+00,2.364976644515991211e+00
4.676000000000000156e+00,2.350146293640136719e+00
4.676999999999999602e+00,2.368248701095581055e+00
4.677999999999999936e+00,2.361364364624023438e+00
4.679000000000000270e+00,2.420308351516723633e+00
4.679999999999999716e+00,2.354231834411621094e+00
4.681000000000000050e+00,2.356326103210449219e+00
4.682000000000000384e+00,2.430172204971313477e+00
4.682999999999999829e+00,2.403162002563476562e+00
4.684000000000000163e+00,2.398701667785644531e+00
4.684999999999999609e+00,2.359751224517822266e+00
4.685999999999999943e+00,2.393443107604980469e+00
4.687000000000000277e+00,2.477737188339233398e+00
4.687999999999999723e+00,2.494873046875000000e+00
4.689000000000000057e+00,2.391306638717651367e+00
4.690000000000000391e+00,2.377425670623779297e+00
4.690999999999999837e+00,2.487794399261474609e+00
4.692000000000000171e+00,2.432852506637573242e+00
4.692999999999999616e+00,2.461437702178955078e+00
4.693999999999999950e+00,2.448674440383911133e+00
4.695000000000000284e+00,2.521083116531372070e+00
4.695999999999999730e+00,2.488770246505737305e+00
4.697000000000000064e+00,2.476034641265869141e+00
4.698000000000000398e+00,2.458497285842895508e+00
4.698999999999999844e+00,2.477994918823242188e+00
4.700000000000000178e+00,2.514007329940795898e+00
4.700999999999999623e+00,2.488934516906738281e+00
4.701999999999999957e+00,2.450625419616699219e+00
4.703000000000000291e+00,2.469802618026733398e+00
4.703999999999999737e+00,2.425930261611938477e+00
4.705000000000000071e+00,2.467027664184570312e+00
4.706000000000000405e+00,2.465265989303588867e+00
4.706999999999999851e+00,2.472440004348754883e+00
4.708000000000000185e+00,2.464591979980468750e+00
4.708999999999999631e+00,2.413424253463745117e+00
4.709999999999999964e+00,2.430550813674926758e+00
4.711000000000000298e+00,2.522076368331909180e+00
4.711999999999999744e+00,2.461146831512451172e+00
4.713000000000000078e+00,2.429267406463623047e+00
4.714000000000000412e+00,2.453939676284790039e+00
4.714999999999999858e+00,2.414673566818237305e+00
4.716000000000000192e+00,2.387541532516479492e+00
4.716999999999999638e+00,2.358234405517578125e+00
4.717999999999999972e+00,2.371699571609497070e+00
4.719000000000000306e+00,2.377393484115600586e+00
4.719999999999999751e+00,2.464394807815551758e+00
4.721000000000000085e+00,2.342619657516479492e+00
4.722000000000000419e+00,2.434721708297729492e+00
4.722999999999999865e+00,2.465473175048828125e+00
4.724000000000000199e+00,2.401853561401367188e+00
4.724999999999999645e+00,2.420075893402099609e+00
4.725999999999999979e+00,2.452450037002563477e+00
4.727000000000000313e+00,2.433199167251586914e+00
4.727999999999999758e+00,2.488451957702636719e+00
4.729000000000000092e+00,2.429351568222045898e+00
4.730000000000000426e+00,2.446304082870483398e+00
4.730999999999999872e+00,2.515013456344604492e+00
4.732000000000000206e+00,2.511546134948730469e+00
4.732999999999999652e+00,2.525165319442749023e+00
4.733999999999999986e+00,2.534832954406738281e+00
4.735000000000000320e+00,2.545739173889160156e+00
4.735999999999999766e+00,2.466551065444946289e+00
4.737000000000000099e+00,2.440456867218017578e+00
4.738000000000000433e+00,2.482075929641723633e+00
4.738999999999999879e+00,2.403268337249755859e+00
4.740000000000000213e+00,2.443607091903686523e+00
4.740999999999999659e+00,2.489242553710937500e+00
4.741999999999999993e+00,2.451949596405029297e+00
4.743000000000000327e+00,2.318691968917846680e+00
4.743999999999999773e+00,2.331366300582885742e+00
4.745000000000000107e+00,2.378167152404785156e+00
4.746000000000000441e+00,2.344593524932861328e+00
4.746999999999999886e+00,2.430540084838867188e+00
4.748000000000000220e+00,2.364090204238891602e+00
4.748999999999999666e+00,2.333163738250732422e+00
4.750000000000000000e+00,2.422820329666137695e+00
4.751000000000000334e+00,2.395385742187500000e+00
4.751999999999999780e+00,2.362230062484741211e+00
4.753000000000000114e+00,2.313571929931640625e+00
4.753999999999999559e+00,2.350581407546997070e+00
4.754999999999999893e+00,2.330160379409790039e+00
4.756000000000000227e+00,2.364338874816894531e+00
4.756999999999999673e+00,2.323965787887573242e+00
4.758000000000000007e+00,2.355360507965087891e+00
4.759000000000000341e+00,2.394734859466552734e+00
4.759999999999999787e+00,2.283908843994140625e+00
4.761000000000000121e+00,2.413593769073486328e+00
4.761999999999999567e+00,2.289965867996215820e+00
4.762999999999999901e+00,2.339027643203735352e+00
4.764000000000000234e+00,2.325087308883666992e+00
4.764999999999999680e+00,2.333952188491821289e+00
4.766000000000000014e+00,2.323493003845214844e+00
4.767000000000000348e+00,2.307765007019042969e+00
4.767999999999999794e+00,2.358125925064086914e+00
4.769000000000000128e+00,2.389018297195434570e+00
4.769999999999999574e+00,2.431560039520263672e+00
4.770999999999999908e+00,2.341441154479980469e+00
4.772000000000000242e+00,2.312080383300781250e+00
4.772999999999999687e+00,2.299266338348388672e+00
4.774000000000000021e+00,2.368507623672485352e+00
4.775000000000000355e+00,2.358147621154785156e+00
4.775999999999999801e+00,2.308042049407958984e+00
4.777000000000000135e+00,2.364533424377441406e+00
4.777999999999999581e+00,2.282643795013427734e+00
4.778999999999999915e+00,2.365516901016235352e+00
4.780000000000000249e+00,2.353623867034912109e+00
4.780999999999999694e+00,2.380519628524780273e+00
4.782000000000000028e+00,2.263947486877441406e+00
4.783000000000000362e+00,2.315393924713134766e+00
4.783999999999999808e+00,2.241175889968872070e+00
4.785000000000000142e+00,2.340731620788574219e+00
4.785999999999999588e+00,2.382290601730346680e+00
4.786999999999999922e+00,2.363657712936401367e+00
4.788000000000000256e+00,2.376651525497436523e+00
4.788999999999999702e+00,2.387402296066284180e+00
4.790000000000000036e+00,2.348742961883544922e+00
4.791000000000000369e+00,2.421670198440551758e+00
4.791999999999999815e+00,2.430845260620117188e+00
4.793000000000000149e+00,2.397977113723754883e+00
4.793999999999999595e+00,2.362619400024414062e+00
4.794999999999999929e+00,2.372216939926147461e+00
4.796000000000000263e+00,2.380916833877563477e+00
4.796999999999999709e+00,2.392983913421630859e+00
4.798000000000000043e+00,2.397977113723754883e+00
4.799000000000000377e+00,2.346914291381835938e+00
4.799999999999999822e+00,2.407932519912719727e+00
4.801000000000000156e+00,2.465970754623413086e+00
4.801999999999999602e+00,2.448695421218872070e+00
4.802999999999999936e+00,2.486695051193237305e+00
4.804000000000000270e+00,2.460232734680175781e+00
4.804999999999999716e+00,2.421469688415527344e+00
4.806000000000000050e+00,2.436096429824829102e+00
4.807000000000000384e+00,2.416535615921020508e+00
4.807999999999999829e+00,2.473979711532592773e+00
4.809000000000000163e+00,2.454772949218750000e+00
4.809999999999999609e+00,2.537775278091430664e+00
4.810999999999999943e+00,2.525762319564819336e+00
4.812000000000000277e+00,2.450709104537963867e+00
4.812999999999999723e+00,2.467255592346191406e+00
4.814000000000000057e+00,2.475415229797363281e+00
4.815000000000000391e+00,2.472171306610107422e+00
4.815999999999999837e+00,2.560923337936401367e+00
4.817000000000000171e+00,2.498251199722290039e+00
4.817999999999999616e+00,2.537573814392089844e+00
4.818999999999999950e+00,2.409969329833984375e+00
4.820000000000000284e+00,2.494473457336425781e+00
4.820999999999999730e+00,2.501727104187011719e+00
4.822000000000000064e+00,2.423948764801025391e+00
4.823000000000000398e+00,2.440425395965576172e+00
4.823999999999999844e+00,2.346380710601806641e+00
4.825000000000000178e+00,2.504626750946044922e+00
4.825999999999999623e+00,2.466924190521240234e+00
4.826999999999999957e+00,2.418639421463012695e+00
4.828000000000000291e+00,2.426741361618041992e+00
4.828999999999999737e+00,2.355675220489501953e+00
4.830000000000000071e+00,2.427520513534545898e+00
4.831000000000000405e+00,2.463367938995361328e+00
4.831999999999999851e+00,2.420963048934936523e+00
4.833000000000000185e+00,2.397849321365356445e+00
4.833999999999999631e+00,2.472140312194824219e+00
4.834999999999999964e+00,2.465732336044311523e+00
4.836000000000000298e+00,2.458954572677612305e+00
4.836999999999999744e+00,2.564772605895996094e+00
4.838000000000000078e+00,2.527451753616333008e+00
4.839000000000000412e+00,2.589160919189453125e+00
4.839999999999999858e+00,2.541609287261962891e+00
4.841000000000000192e+00,2.568934440612792969e+00
4.841999999999999638e+00,2.459567785263061523e+00
4.842999999999999972e+00,2.458310127258300781e+00
4.844000000000000306e+00,2.526844739913940430e+00
4.844999999999999751e+00,2.494063615798950195e+00
4.846000000000000085e+00,2.552646636962890625e+00
4.847000000000000419e+00,2.474971294403076172e+00
4.847999999999999865e+00,2.461956501007080078e+00
4.849000000000000199e+00,2.484329938888549805e+00
4.849999999999999645e+00,2.582568168640136719e+00
4.850999999999999979e+00,2.466136693954467773e+00
4.852000000000000313e+00,2.554658412933349609e+00
4.852999999999999758e+00,2.477788686752319336e+00
4.854000000000000092e+00,2.479211807250976562e+00
4.855000000000000426e+00,2.478758096694946289e+00
4.855999999999999872e+00,2.404193401336669922e+00
4.857000000000000206e+00,2.345018625259399414e+00
4.857999999999999652e+00,2.366672515869140625e+00
4.858999999999999986e+00,2.407465219497680664e+00
4.860000000000000320e+00,2.403395891189575195e+00
4.860999999999999766e+00,2.425645828247070312e+00
4.862000000000000099e+00,2.419495105743408203e+00
4.863000000000000433e+00,2.401097774505615234e+00
4.863999999999999879e+00,2.355328083038330078e+00
4.865000000000000213e+00,2.460679531097412109e+00
4.865999999999999659e+00,2.340404033660888672e+00
4.866999999999999993e+00,2.384928226470947266e+00
4.868000000000000327e+00,2.433314561843872070e+00
4.868999999999999773e+00,2.423843383789062500e+00
4.870000000000000107e+00,2.373218536376953125e+00
4.871000000000000441e+00,2.391712665557861328e+00
4.871999999999999886e+00,2.422503948211669922e+00
4.873000000000000220e+00,2.383309364318847656e+00
4.873999999999999666e+00,2.451397180557250977e+00
4.875000000000000000e+00,2.465317726135253906e+00
4.876000000000000334e+00,2.434312343597412109e+00
4.876999999999999780e+00,2.461946249008178711e+00
4.878000000000000114e+00,2.443816423416137695e+00
4.878999999999999559e+00,2.409269332885742188e+00
4.879999999999999893e+00,2.416673183441162109e+00
4.881000000000000227e+00,2.450604677200317383e+00
4.881999999999999673e+00,2.488328695297241211e+00
4.883000000000000007e+00,2.436285257339477539e+00
4.884000000000000341e+00,2.455595016479492188e+00
4.884999999999999787e+00,2.424275636672973633e+00
4.886000000000000121e+00,2.473762750625610352e+00
4.886999999999999567e+00,2.427625894546508789e+00
4.887999999999999901e+00,2.429656744003295898e+00
4.889000000000000234e+00,2.399042606353759766e+00
4.889999999999999680e+00,2.449749231338500977e+00
4.891000000000000014e+00,2.470371723175048828e+00
4.892000000000000348e+00,2.418882369995117188e+00
4.892999999999999794e+00,2.418385744094848633e+00
4.894000000000000128e+00,2.463160514831542969e+00
4.894999999999999574e+00,2.422461748123168945e+00
4.895999999999999908e+00,2.329545974731445312e+00
4.897000000000000242e+00,2.453752279281616211e+00
4.897999999999999687e+00,2.341190099716186523e+00
4.899000000000000021e+00,2.424391508102416992e+00
4.900000000000000355e+00,2.430329799652099609e+00
4.900999999999999801e+00,2.365722179412841797e+00
4.902000000000000135e+00,2.382934093475341797e+00
4.902999999999999581e+00,2.444924592971801758e+00
4.903999999999999915e+00,2.393379211425781250e+00
4.905000000000000249e+00,2.503993988037109375e+00
4.905999999999999694e+00,2.415869235992431641e+00
4.907000000000000028e+00,2.375780105590820312e+00
4.908000000000000362e+00,2.514749526977539062e+00
4.908999999999999808e+00,2.484977960586547852e+00
4.910000000000000142e+00,2.575522422790527344e+00
4.910999999999999588e+00,2.555098533630371094e+00
4.911999999999999922e+00,2.473628282546997070e+00
4.913000000000000256e+00,2.544594049453735352e+00
4.913999999999999702e+00,2.605906963348388672e+00
4.915000000000000036e+00,2.591745615005493164e+00
4.916000000000000369e+00,2.477819681167602539e+00
4.916999999999999815e+00,2.447348594665527344e+00
4.918000000000000149e+00,2.421311378479003906e+00
4.918999999999999595e+00,2.538953304290771484e+00
4.919999999999999929e+00,2.492320775985717773e+00
4.921000000000000263e+00,2.459817171096801758e+00
4.921999999999999709e+00,2.488482475280761719e+00
4.923000000000000043e+00,2.501471519470214844e+00
4.924000000000000377e+00,2.463201999664306641e+00
4.924999999999999822e+00,2.530069351196289062e+00
4.926000000000000156e+00,2.530069351196289062e+00
4.926999999999999602e+00,2.486057758331298828e+00
4.927999999999999936e+00,2.436022996902465820e+00
4.929000000000000270e+00,2.528937816619873047e+00
4.929999999999999716e+00,2.433251857757568359e+00
4.931000000000000050e+00,2.403470516204833984e+00
4.932000000000000384e+00,2.398531198501586914e+00
4.932999999999999829e+00,2.440100669860839844e+00
4.934000000000000163e+00,2.480778217315673828e+00
4.934999999999999609e+00,2.491284847259521484e+00
4.935999999999999943e+00,2.554398059844970703e+00
4.937000000000000277e+00,2.542825937271118164e+00
4.937999999999999723e+00,2.510365247726440430e+00
4.939000000000000057e+00,2.546662330627441406e+00
4.940000000000000391e+00,2.462132930755615234e+00
4.940999999999999837e+00,2.556158542633056641e+00
4.942000000000000171e+00,2.512044668197631836e+00
4.942999999999999616e+00,2.541749954223632812e+00
4.943999999999999950e+00,2.521093130111694336e+00
4.945000000000000284e+00,2.511230468750000000e+00
4.945999999999999730e+00,2.507359981536865234e+00
4.947000000000000064e+00,2.559086799621582031e+00
4.948000000000000398e+00,2.587926387786865234e+00
4.948999999999999844e+00,2.539114475250244141e+00
4.950000000000000178e+00,2.589595079421997070e+00
4.950999999999999623e+00,2.509163618087768555e+00
4.951999999999999957e+00,2.549761533737182617e+00
4.953000000000000291e+00,2.452450037002563477e+00
4.953999999999999737e+00,2.448590993881225586e+00
4.955000000000000071e+00,2.401949405670166016e+00
4.956000000000000405e+00,2.377554655075073242e+00
4.956999999999999851e+00,2.291360378265380859e+00
4.958000000000000185e+00,2.322161674499511719e+00
4.958999999999999631e+00,2.407741308212280273e+00
4.959999999999999964e+00,2.393774032592773438e+00
4.961000000000000298e+00,2.387841224670410156e+00
4.961999999999999744e+00,2.398680448532104492e+00
4.963000000000000078e+00,2.490864276885986328e+00
4.964000000000000412e+00,2.348373174667358398e+00
4.964999999999999858e+00,2.355881214141845703e+00
4.966000000000000192e+00,2.428709983825683594e+00
4.966999999999999638e+00,2.446889162063598633e+00
4.967999999999999972e+00,2.401193618774414062e+00
4.969000000000000306e+00,2.425614118576049805e+00
4.969999999999999751e+00,2.393240451812744141e+00
4.971000000000000085e+00,2.449415445327758789e+00
4.972000000000000419e+00,2.432495117187500000e+00
4.972999999999999865e+00,2.532330989837646484e+00
4.974000000000000199e+00,2.502145767211914062e+00
4.974999999999999645e+00,2.416916370391845703e+00
4.975999999999999979e+00,2.527552843093872070e+00
4.977000000000000313e+00,2.469916343688964844e+00
4.977999999999999758e+00,2.514190435409545898e+00
4.979000000000000092e+00,2.461261034011840820e+00
4.980000000000000426e+00,2.417984247207641602e+00
4.980999999999999872e+00,2.495077848434448242e+00
4.982000000000000206e+00,2.510344982147216797e+00
4.982999999999999652e+00,2.464094161987304688e+00
4.983999999999999986e+00,2.432642221450805664e+00
4.985000000000000320e+00,2.422366619110107422e+00
4.985999999999999766e+00,2.391851425170898438e+00
4.987000000000000099e+00,2.487116336822509766e+00
4.988000000000000433e+00,2.545156478881835938e+00
4.988999999999999879e+00,2.612694740295410156e+00
4.990000000000000213e+00,2.542745590209960938e+00
4.990999999999999659e+00,2.411178112030029297e+00
4.991999999999999993e+00,2.431107997894287109e+00
4.993000000000000327e+00,2.531644821166992188e+00
4.993999999999999773e+00,2.465898275375366211e+00
4.995000000000000107e+00,2.464446783065795898e+00
4.996000000000000441e+00,2.471116542816162109e+00
4.996999999999999886e+00,2.568894863128662109e+00
4.998000000000000220e+00,2.586513757705688477e+00
4.998999999999999666e+00,2.549119949340820312e+00
