time_ns,rg_A
0.000000000000000000e+00,1.685430720455255482e+01
1.000000000000000021e-03,1.690054793833066071e+01
2.000000000000000042e-03,1.688764042335009563e+01
3.000000000000000062e-03,1.688938708345648010e+01
4.000000000000000083e-03,1.693727724886016972e+01
5.000000000000000104e-03,1.696018325613279387e+01
6.000000000000000125e-03,1.693580300627683144e+01
7.000000000000000146e-03,1.694010666304712487e+01
8.000000000000000167e-03,1.691463900361145534e+01
8.999999999999999320e-03,1.698862975198780845e+01
1.000000000000000021e-02,1.691936635320777071e+01
1.099999999999999936e-02,1.694932899254919434e+01
1.200000000000000025e-02,1.699050594427004413e+01
1.299999999999999940e-02,1.689417588948847282e+01
1.400000000000000029e-02,1.691305617827654828e+01
1.499999999999999944e-02,1.693344205377043821e+01
1.600000000000000033e-02,1.686266567487456669e+01
1.700000000000000122e-02,1.685763792908133851e+01
1.799999999999999864e-02,1.693074089524394310e+01
1.899999999999999953e-02,1.693879167515684614e+01
2.000000000000000042e-02,1.687112843507541626e+01
2.100000000000000130e-02,1.692440741991868691e+01
2.199999999999999872e-02,1.691098299947011085e+01
2.299999999999999961e-02,1.692210045258172357e+01
2.400000000000000050e-02,1.688702345657497261e+01
2.500000000000000139e-02,1.689050370551864333e+01
2.599999999999999881e-02,1.683101437422863356e+01
2.699999999999999969e-02,1.689344276092132091e+01
2.800000000000000058e-02,1.685040801175438219e+01
2.900000000000000147e-02,1.682597751394603236e+01
2.999999999999999889e-02,1.685970417842711200e+01
3.099999999999999978e-02,1.685448549337949942e+01
3.200000000000000067e-02,1.685150105701072221e+01
3.300000000000000155e-02,1.678809583249003623e+01
3.400000000000000244e-02,1.688204438714315714e+01
3.500000000000000333e-02,1.689303368499253821e+01
3.599999999999999728e-02,1.692563987799105973e+01
3.699999999999999817e-02,1.686914837461792160e+01
3.799999999999999906e-02,1.690623771286733756e+01
3.899999999999999994e-02,1.687637530619990400e+01
4.000000000000000083e-02,1.687845103234664990e+01
4.100000000000000172e-02,1.696686849558033572e+01
4.200000000000000261e-02,1.698181351971282282e+01
4.299999999999999656e-02,1.693172132344299285e+01
4.399999999999999745e-02,1.691966557527388204e+01
4.499999999999999833e-02,1.687144161030282774e+01
4.599999999999999922e-02,1.690042146927376621e+01
4.700000000000000011e-02,1.692829184024525091e+01
4.800000000000000100e-02,1.687319837331336458e+01
4.900000000000000189e-02,1.682255515344489538e+01
5.000000000000000278e-02,1.688267710096982910e+01
5.099999999999999672e-02,1.686596729260778815e+01
5.199999999999999761e-02,1.689959275165150387e+01
5.299999999999999850e-02,1.687486685465077940e+01
5.399999999999999939e-02,1.685792398229270717e+01
5.500000000000000028e-02,1.687135457851706732e+01
5.600000000000000117e-02,1.696465682170398281e+01
5.700000000000000205e-02,1.689703750808265426e+01
5.800000000000000294e-02,1.696173363319075378e+01
5.899999999999999689e-02,1.696279960758619154e+01
5.999999999999999778e-02,1.695262237182168263e+01
6.099999999999999867e-02,1.694955512657908869e+01
6.199999999999999956e-02,1.690032929685557406e+01
6.300000000000000044e-02,1.691494460992231197e+01
6.400000000000000133e-02,1.691069186719557749e+01
6.500000000000000222e-02,1.688134393591979432e+01
6.600000000000000311e-02,1.695247317131473253e+01
6.700000000000000400e-02,1.694582623739806948e+01
6.800000000000000488e-02,1.692343655710783423e+01
6.900000000000000577e-02,1.692634426370691614e+01
7.000000000000000666e-02,1.694218537565629035e+01
7.099999999999999367e-02,1.685814132183508818e+01
7.199999999999999456e-02,1.696426172671348098e+01
7.299999999999999545e-02,1.691948555609464577e+01
7.399999999999999634e-02,1.692193550446408423e+01
7.499999999999999722e-02,1.696145358399360958e+01
7.599999999999999811e-02,1.694342408007271672e+01
7.699999999999999900e-02,1.700209753192395112e+01
7.799999999999999989e-02,1.695199282965024068e+01
7.900000000000000078e-02,1.698652974789812831e+01
8.000000000000000167e-02,1.693133742014594745e+01
8.100000000000000255e-02,1.695567033579274252e+01
8.200000000000000344e-02,1.696003208507556081e+01
8.300000000000000433e-02,1.692849633033798895e+01
8.400000000000000522e-02,1.693784755818910170e+01
8.500000000000000611e-02,1.694039084262140449e+01
8.599999999999999312e-02,1.691492275738522721e+01
8.699999999999999400e-02,1.688318058686132517e+01
8.799999999999999489e-02,1.692934826407778459e+01
8.899999999999999578e-02,1.688386420625554862e+01
8.999999999999999667e-02,1.689839512015728573e+01
9.099999999999999756e-02,1.688149859301266531e+01
9.199999999999999845e-02,1.691381814138469863e+01
9.299999999999999933e-02,1.689363295688918143e+01
9.400000000000000022e-02,1.689201843431191818e+01
9.500000000000000111e-02,1.691478235148995068e+01
9.600000000000000200e-02,1.689692751755760014e+01
9.700000000000000289e-02,1.690248352991994096e+01
9.800000000000000377e-02,1.690472902865131033e+01
9.900000000000000466e-02,1.685684006821914238e+01
1.000000000000000056e-01,1.688070087717240852e+01
1.010000000000000064e-01,1.692546129738486727e+01
1.019999999999999934e-01,1.693766042573342645e+01
1.029999999999999943e-01,1.690959795176468106e+01
1.039999999999999952e-01,1.689686680687760756e+01
1.049999999999999961e-01,1.692045851982826576e+01
1.059999999999999970e-01,1.694256408521342649e+01
1.069999999999999979e-01,1.690965027230830842e+01
1.079999999999999988e-01,1.692015690499754044e+01
1.089999999999999997e-01,1.698411983808592041e+01
1.100000000000000006e-01,1.693842407170274100e+01
1.110000000000000014e-01,1.695753308752493638e+01
1.120000000000000023e-01,1.702902379473095351e+01
1.130000000000000032e-01,1.689253356377562554e+01
1.140000000000000041e-01,1.685917116910210822e+01
1.150000000000000050e-01,1.688906628370348528e+01
1.160000000000000059e-01,1.696433173758254753e+01
1.170000000000000068e-01,1.695456797472336774e+01
1.179999999999999938e-01,1.697384556715395476e+01
1.189999999999999947e-01,1.696605340427947439e+01
1.199999999999999956e-01,1.704525859743300487e+01
1.209999999999999964e-01,1.698311536016669621e+01
1.219999999999999973e-01,1.696547123580604222e+01
1.229999999999999982e-01,1.696783300681729045e+01
1.239999999999999991e-01,1.698800301218457065e+01
1.250000000000000000e-01,1.703049654072964003e+01
1.260000000000000009e-01,1.701460995101731299e+01
1.270000000000000018e-01,1.700163486888999742e+01
1.280000000000000027e-01,1.691365471214762195e+01
1.290000000000000036e-01,1.697597070330698088e+01
1.300000000000000044e-01,1.701702949046994462e+01
1.310000000000000053e-01,1.693813104986085705e+01
1.320000000000000062e-01,1.694601461991111790e+01
1.330000000000000071e-01,1.701045732853436832e+01
1.340000000000000080e-01,1.699626713254894028e+01
1.350000000000000089e-01,1.695639545378867652e+01
1.360000000000000098e-01,1.697100333069487021e+01
1.370000000000000107e-01,1.705088780496728162e+01
1.380000000000000115e-01,1.697303582510075515e+01
1.390000000000000124e-01,1.695453172405671083e+01
1.400000000000000133e-01,1.698500556131983075e+01
1.409999999999999865e-01,1.695368353674672335e+01
1.419999999999999873e-01,1.696910653207180175e+01
1.429999999999999882e-01,1.701059288700453465e+01
1.439999999999999891e-01,1.699750467684710031e+01
1.449999999999999900e-01,1.704489536798163130e+01
1.459999999999999909e-01,1.704809644450374861e+01
1.469999999999999918e-01,1.701360917689651231e+01
1.479999999999999927e-01,1.700823009261602436e+01
1.489999999999999936e-01,1.700304718236781554e+01
1.499999999999999944e-01,1.702039758246240098e+01
1.509999999999999953e-01,1.703708665013768098e+01
1.519999999999999962e-01,1.701696039304641062e+01
1.529999999999999971e-01,1.702516991908893473e+01
1.539999999999999980e-01,1.705090960957931401e+01
1.549999999999999989e-01,1.700242975272578505e+01
1.559999999999999998e-01,1.703386536349841762e+01
1.570000000000000007e-01,1.690725301941035852e+01
1.580000000000000016e-01,1.697724465765402613e+01
1.590000000000000024e-01,1.698404774195522293e+01
1.600000000000000033e-01,1.697094231202937209e+01
1.610000000000000042e-01,1.699969716105381679e+01
1.620000000000000051e-01,1.702467171718364014e+01
1.630000000000000060e-01,1.707817655069430529e+01
1.640000000000000069e-01,1.701948911620028682e+01
1.650000000000000078e-01,1.700403846976409383e+01
1.660000000000000087e-01,1.704287596656067905e+01
1.670000000000000095e-01,1.701375014585894618e+01
1.680000000000000104e-01,1.699178855565345359e+01
1.690000000000000113e-01,1.712675152640824194e+01
1.700000000000000122e-01,1.704828099474795877e+01
1.710000000000000131e-01,1.703661703970706753e+01
1.719999999999999862e-01,1.706736957430612378e+01
1.729999999999999871e-01,1.702941197890493186e+01
1.739999999999999880e-01,1.701207817437752823e+01
1.749999999999999889e-01,1.710971063851486207e+01
1.759999999999999898e-01,1.703721025458839122e+01
1.769999999999999907e-01,1.708313513879678069e+01
1.779999999999999916e-01,1.707957901204023798e+01
1.789999999999999925e-01,1.709111362641602128e+01
1.799999999999999933e-01,1.697891420270185847e+01
1.809999999999999942e-01,1.697890093478728346e+01
1.819999999999999951e-01,1.702248599884445568e+01
1.829999999999999960e-01,1.705180742717595166e+01
1.839999999999999969e-01,1.700153602790464191e+01
1.849999999999999978e-01,1.708761559944150932e+01
1.859999999999999987e-01,1.695408815165668770e+01
1.869999999999999996e-01,1.700496323879540839e+01
1.880000000000000004e-01,1.708847901979601502e+01
1.890000000000000013e-01,1.707494628405347825e+01
1.900000000000000022e-01,1.697043532388519793e+01
1.910000000000000031e-01,1.699577327655614667e+01
1.920000000000000040e-01,1.704600705586965859e+01
1.930000000000000049e-01,1.706267897738365491e+01
1.940000000000000058e-01,1.710114993585047571e+01
1.950000000000000067e-01,1.718879767376132506e+01
1.960000000000000075e-01,1.717636754122111498e+01
1.970000000000000084e-01,1.715253602601383420e+01
1.980000000000000093e-01,1.705649463318509618e+01
1.990000000000000102e-01,1.713520109260759483e+01
2.000000000000000111e-01,1.703712785808909302e+01
2.010000000000000120e-01,1.709913260995295303e+01
2.020000000000000129e-01,1.714723570648019901e+01
2.030000000000000138e-01,1.709561415415502239e+01
2.039999999999999869e-01,1.708599961512064880e+01
2.049999999999999878e-01,1.705914903923741122e+01
2.059999999999999887e-01,1.711821065740727121e+01
2.069999999999999896e-01,1.711900791763184415e+01
2.079999999999999905e-01,1.715114716832733777e+01
2.089999999999999913e-01,1.708141179228291406e+01
2.099999999999999922e-01,1.704720104074825215e+01
2.109999999999999931e-01,1.698878111870987695e+01
2.119999999999999940e-01,1.708658583988524171e+01
2.129999999999999949e-01,1.703369381881239519e+01
2.139999999999999958e-01,1.701410862247371725e+01
2.149999999999999967e-01,1.701021191298639224e+01
2.159999999999999976e-01,1.699047752908835207e+01
2.169999999999999984e-01,1.698678559851069281e+01
2.179999999999999993e-01,1.699200069637011268e+01
2.190000000000000002e-01,1.697198541055661636e+01
2.200000000000000011e-01,1.708347585412379388e+01
2.210000000000000020e-01,1.706269128701405435e+01
2.220000000000000029e-01,1.700022144644960420e+01
2.230000000000000038e-01,1.704140658902538519e+01
2.240000000000000047e-01,1.696764324123536127e+01
2.250000000000000056e-01,1.699224855652256849e+01
2.260000000000000064e-01,1.700997568989511066e+01
2.270000000000000073e-01,1.696909803743202971e+01
2.280000000000000082e-01,1.693096501946964239e+01
2.290000000000000091e-01,1.695128181053664917e+01
2.300000000000000100e-01,1.692584179965018265e+01
2.310000000000000109e-01,1.700069033356647807e+01
2.320000000000000118e-01,1.700523646485574858e+01
2.330000000000000127e-01,1.697717793176188295e+01
2.340000000000000135e-01,1.697433809605238508e+01
2.349999999999999867e-01,1.695061373132999805e+01
2.359999999999999876e-01,1.696388685323077539e+01
2.369999999999999885e-01,1.702675301999953206e+01
2.379999999999999893e-01,1.695993178934700651e+01
2.389999999999999902e-01,1.701130612354997496e+01
2.399999999999999911e-01,1.696102599120437304e+01
2.409999999999999920e-01,1.695321580425365582e+01
2.419999999999999929e-01,1.694267371572705372e+01
2.429999999999999938e-01,1.694857532132614253e+01
2.439999999999999947e-01,1.702934737140978783e+01
2.449999999999999956e-01,1.697390332223457676e+01
2.459999999999999964e-01,1.697508318156492990e+01
2.469999999999999973e-01,1.698798080866141902e+01
2.479999999999999982e-01,1.696499282942515663e+01
2.489999999999999991e-01,1.697023708303198575e+01
2.500000000000000000e-01,1.704330224843611319e+01
2.510000000000000009e-01,1.705830724444293267e+01
2.520000000000000018e-01,1.706053314942376886e+01
2.530000000000000027e-01,1.703267547772927415e+01
2.540000000000000036e-01,1.700420890352237180e+01
2.550000000000000044e-01,1.709022727241097073e+01
2.560000000000000053e-01,1.704710318940001912e+01
2.570000000000000062e-01,1.702709346895247577e+01
2.580000000000000071e-01,1.706289699719270203e+01
2.590000000000000080e-01,1.698414842071233721e+01
2.600000000000000089e-01,1.698011067473014180e+01
2.610000000000000098e-01,1.701401248972836555e+01
2.620000000000000107e-01,1.695693257956398980e+01
2.630000000000000115e-01,1.696377073823632031e+01
2.640000000000000124e-01,1.701273701389067483e+01
2.650000000000000133e-01,1.696976003662680910e+01
2.660000000000000142e-01,1.700844687883403950e+01
2.670000000000000151e-01,1.701558482828243513e+01
2.680000000000000160e-01,1.692239423931794562e+01
2.690000000000000169e-01,1.702454023518536275e+01
2.700000000000000178e-01,1.702665004439526086e+01
2.710000000000000187e-01,1.702047636478555503e+01
2.720000000000000195e-01,1.698302124882492592e+01
2.730000000000000204e-01,1.694620766104991816e+01
2.740000000000000213e-01,1.691463740153102790e+01
2.750000000000000222e-01,1.698428311623410636e+01
2.760000000000000231e-01,1.701918730248448242e+01
2.770000000000000240e-01,1.694741191541258374e+01
2.780000000000000249e-01,1.695476612165787245e+01
2.790000000000000258e-01,1.696708979346468738e+01
2.800000000000000266e-01,1.694068148461646928e+01
2.810000000000000275e-01,1.697018814459888247e+01
2.819999999999999729e-01,1.691051073355339796e+01
2.829999999999999738e-01,1.703344373947092549e+01
2.839999999999999747e-01,1.700183898569598995e+01
2.849999999999999756e-01,1.700242755626809910e+01
2.859999999999999765e-01,1.695797100556040604e+01
2.869999999999999774e-01,1.697755642962143341e+01
2.879999999999999782e-01,1.697073695842280117e+01
2.889999999999999791e-01,1.701670724978031402e+01
2.899999999999999800e-01,1.696598607845085382e+01
2.909999999999999809e-01,1.697448482003196446e+01
2.919999999999999818e-01,1.697637727068173774e+01
2.929999999999999827e-01,1.697605811572764622e+01
2.939999999999999836e-01,1.708928629626590734e+01
2.949999999999999845e-01,1.695803716046585663e+01
2.959999999999999853e-01,1.701598187769454285e+01
2.969999999999999862e-01,1.696211251029543732e+01
2.979999999999999871e-01,1.694830249492271790e+01
2.989999999999999880e-01,1.700410980096518543e+01
2.999999999999999889e-01,1.696797977109342170e+01
3.009999999999999898e-01,1.693309725897898588e+01
3.019999999999999907e-01,1.690186669969693867e+01
3.029999999999999916e-01,1.696313045423605104e+01
3.039999999999999925e-01,1.691028520808221103e+01
3.049999999999999933e-01,1.702919965844329298e+01
3.059999999999999942e-01,1.698675483553411425e+01
3.069999999999999951e-01,1.702746006459206285e+01
3.079999999999999960e-01,1.700271850710283417e+01
3.089999999999999969e-01,1.696526421819761055e+01
3.099999999999999978e-01,1.692742441444917390e+01
3.109999999999999987e-01,1.697012992771608353e+01
3.119999999999999996e-01,1.700218670412705890e+01
3.130000000000000004e-01,1.698226565076455330e+01
3.140000000000000013e-01,1.695705874623969933e+01
3.150000000000000022e-01,1.692300341142570019e+01
3.160000000000000031e-01,1.704111906925523812e+01
3.170000000000000040e-01,1.701892695042947423e+01
3.180000000000000049e-01,1.712145104254082284e+01
3.190000000000000058e-01,1.706367059266966990e+01
3.200000000000000067e-01,1.712195643068546502e+01
3.210000000000000075e-01,1.703164467559434314e+01
3.220000000000000084e-01,1.706519076896692866e+01
3.230000000000000093e-01,1.711014835479335616e+01
3.240000000000000102e-01,1.705957202793589289e+01
3.250000000000000111e-01,1.704432590328128683e+01
3.260000000000000120e-01,1.704382249144007488e+01
3.270000000000000129e-01,1.703127841541724052e+01
3.280000000000000138e-01,1.702171643663924172e+01
3.290000000000000147e-01,1.701972896444261352e+01
3.300000000000000155e-01,1.697743362094936614e+01
3.310000000000000164e-01,1.708088781799109057e+01
3.320000000000000173e-01,1.712998931941287140e+01
3.330000000000000182e-01,1.706595758847526767e+01
3.340000000000000191e-01,1.712084473629095882e+01
3.350000000000000200e-01,1.699313409029152311e+01
3.360000000000000209e-01,1.705008893084098176e+01
3.370000000000000218e-01,1.699919110722022708e+01
3.380000000000000226e-01,1.701147141271916396e+01
3.390000000000000235e-01,1.700877305808612050e+01
3.400000000000000244e-01,1.703209475173051146e+01
3.410000000000000253e-01,1.700073124639533262e+01
3.420000000000000262e-01,1.696146449926850508e+01
3.430000000000000271e-01,1.701523327396623486e+01
3.439999999999999725e-01,1.699670598519128362e+01
3.449999999999999734e-01,1.696282232040959670e+01
3.459999999999999742e-01,1.695132083223867170e+01
3.469999999999999751e-01,1.699197655185134082e+01
3.479999999999999760e-01,1.697152830649096344e+01
3.489999999999999769e-01,1.698223734123233442e+01
3.499999999999999778e-01,1.702101468378101146e+01
3.509999999999999787e-01,1.698759427909541131e+01
3.519999999999999796e-01,1.694416942244880175e+01
3.529999999999999805e-01,1.699855243594434384e+01
3.539999999999999813e-01,1.690919827754008509e+01
3.549999999999999822e-01,1.696824143846470534e+01
3.559999999999999831e-01,1.698917495379483000e+01
3.569999999999999840e-01,1.692831908523941564e+01
3.579999999999999849e-01,1.692703200166278421e+01
3.589999999999999858e-01,1.705597466774730719e+01
3.599999999999999867e-01,1.700149792591681930e+01
3.609999999999999876e-01,1.694720110584851369e+01
3.619999999999999885e-01,1.700510087499755940e+01
3.629999999999999893e-01,1.701601899654158245e+01
3.639999999999999902e-01,1.695925958171886805e+01
3.649999999999999911e-01,1.695521678201618343e+01
3.659999999999999920e-01,1.698787472169802726e+01
3.669999999999999929e-01,1.696344497212414382e+01
3.679999999999999938e-01,1.694941275508266898e+01
3.689999999999999947e-01,1.696416387835623141e+01
3.699999999999999956e-01,1.698786056979681547e+01
3.709999999999999964e-01,1.697942383260139110e+01
3.719999999999999973e-01,1.694452938252417340e+01
3.729999999999999982e-01,1.692376813713010364e+01
3.739999999999999991e-01,1.694194349715672487e+01
3.750000000000000000e-01,1.692920514656976749e+01
3.760000000000000009e-01,1.691176388622059079e+01
3.770000000000000018e-01,1.693907182733323680e+01
3.780000000000000027e-01,1.696289272387086555e+01
3.790000000000000036e-01,1.695015611693836988e+01
3.800000000000000044e-01,1.698163837671303256e+01
3.810000000000000053e-01,1.695793661279407871e+01
3.820000000000000062e-01,1.691919258025014372e+01
3.830000000000000071e-01,1.687414856045592515e+01
3.840000000000000080e-01,1.693969628149468676e+01
3.850000000000000089e-01,1.691940065211315414e+01
3.860000000000000098e-01,1.694045143948759247e+01
3.870000000000000107e-01,1.688063093929437741e+01
3.880000000000000115e-01,1.687763998065893389e+01
3.890000000000000124e-01,1.704859973778003379e+01
3.900000000000000133e-01,1.690433495840098033e+01
3.910000000000000142e-01,1.689525108718425273e+01
3.920000000000000151e-01,1.697314238291297528e+01
3.930000000000000160e-01,1.694113056168657039e+01
3.940000000000000169e-01,1.685210407761212537e+01
3.950000000000000178e-01,1.687433000193247778e+01
3.960000000000000187e-01,1.686782715955701306e+01
3.970000000000000195e-01,1.693230083683177156e+01
3.980000000000000204e-01,1.690529076786917528e+01
3.990000000000000213e-01,1.691585890952297788e+01
4.000000000000000222e-01,1.692875868624931357e+01
4.010000000000000231e-01,1.692944971596489978e+01
4.020000000000000240e-01,1.699441714385566371e+01
4.030000000000000249e-01,1.693796197109709922e+01
4.040000000000000258e-01,1.700260886227154700e+01
4.050000000000000266e-01,1.696484940711848211e+01
4.060000000000000275e-01,1.700096286155802616e+01
4.069999999999999729e-01,1.695373678528964945e+01
4.079999999999999738e-01,1.699222666671028037e+01
4.089999999999999747e-01,1.693953327748437232e+01
4.099999999999999756e-01,1.697378556604813582e+01
4.109999999999999765e-01,1.697194203109027910e+01
4.119999999999999774e-01,1.692071931775259941e+01
4.129999999999999782e-01,1.688809054208612537e+01
4.139999999999999791e-01,1.692145527243114600e+01
4.149999999999999800e-01,1.694372434046296760e+01
4.159999999999999809e-01,1.688772083168065308e+01
4.169999999999999818e-01,1.692105421379608643e+01
4.179999999999999827e-01,1.689726335516348144e+01
4.189999999999999836e-01,1.688974327302570799e+01
4.199999999999999845e-01,1.688710907630179392e+01
4.209999999999999853e-01,1.695338422774157650e+01
4.219999999999999862e-01,1.695773914470938593e+01
4.229999999999999871e-01,1.695534771950785569e+01
4.239999999999999880e-01,1.694232757976396897e+01
4.249999999999999889e-01,1.696266515506087558e+01
4.259999999999999898e-01,1.692923579465205819e+01
4.269999999999999907e-01,1.693518322502222873e+01
4.279999999999999916e-01,1.698820422840802991e+01
4.289999999999999925e-01,1.694698053241295455e+01
4.299999999999999933e-01,1.700437415078164705e+01
4.309999999999999942e-01,1.693510554359301423e+01
4.319999999999999951e-01,1.692319629468643072e+01
4.329999999999999960e-01,1.694818430999301029e+01
4.339999999999999969e-01,1.694444413302331043e+01
4.349999999999999978e-01,1.693245609040154065e+01
4.359999999999999987e-01,1.694380296788403228e+01
4.369999999999999996e-01,1.697429796351387665e+01
4.380000000000000004e-01,1.697031916070414326e+01
4.390000000000000013e-01,1.694311168520439992e+01
4.400000000000000022e-01,1.702039893385727609e+01
4.410000000000000031e-01,1.697901595643393335e+01
4.420000000000000040e-01,1.696260864267094348e+01
4.430000000000000049e-01,1.695248627934917707e+01
4.440000000000000058e-01,1.690415584785391090e+01
4.450000000000000067e-01,1.692493765381484394e+01
4.460000000000000075e-01,1.698194670633403547e+01
4.470000000000000084e-01,1.698611488397973091e+01
4.480000000000000093e-01,1.698251705356480201e+01
4.490000000000000102e-01,1.694718224618119251e+01
4.500000000000000111e-01,1.700139820725780027e+01
4.510000000000000120e-01,1.701104441677702894e+01
4.520000000000000129e-01,1.702210193940188887e+01
4.530000000000000138e-01,1.696265563422847933e+01
4.540000000000000147e-01,1.694212911390816600e+01
4.550000000000000155e-01,1.700059590812236010e+01
4.560000000000000164e-01,1.693373509469882876e+01
4.570000000000000173e-01,1.693179327586450000e+01
4.580000000000000182e-01,1.700488409321301830e+01
4.590000000000000191e-01,1.693989563564210954e+01
4.600000000000000200e-01,1.701078273926650652e+01
4.610000000000000209e-01,1.689833743701838387e+01
4.620000000000000218e-01,1.696482445711029641e+01
4.630000000000000226e-01,1.691788887975902611e+01
4.640000000000000235e-01,1.695674476541864806e+01
4.650000000000000244e-01,1.697247086550268591e+01
4.660000000000000253e-01,1.698422919881743454e+01
4.670000000000000262e-01,1.697928847871803626e+01
4.680000000000000271e-01,1.698108325514355599e+01
4.689999999999999725e-01,1.696592858396951087e+01
4.699999999999999734e-01,1.698194597146125417e+01
4.709999999999999742e-01,1.696228575671050365e+01
4.719999999999999751e-01,1.690427093706555794e+01
4.729999999999999760e-01,1.692171249674245104e+01
4.739999999999999769e-01,1.693727579683039153e+01
4.749999999999999778e-01,1.693802478761680774e+01
4.759999999999999787e-01,1.687562509810252109e+01
4.769999999999999796e-01,1.692727281888264912e+01
4.779999999999999805e-01,1.697485665449859127e+01
4.789999999999999813e-01,1.694913454285428145e+01
4.799999999999999822e-01,1.704826975141412504e+01
4.809999999999999831e-01,1.693127364935608625e+01
4.819999999999999840e-01,1.700688121760951432e+01
4.829999999999999849e-01,1.698506410031574276e+01
4.839999999999999858e-01,1.686833861423292547e+01
4.849999999999999867e-01,1.689491056547512216e+01
4.859999999999999876e-01,1.694658233968856464e+01
4.869999999999999885e-01,1.695098313522184696e+01
4.879999999999999893e-01,1.688798377581067456e+01
4.889999999999999902e-01,1.693214926842852108e+01
4.899999999999999911e-01,1.682909155223439868e+01
4.909999999999999920e-01,1.688439682562330546e+01
4.919999999999999929e-01,1.688865119955635663e+01
4.929999999999999938e-01,1.688561759494514192e+01
4.939999999999999947e-01,1.687544519894711570e+01
4.949999999999999956e-01,1.689087982774403685e+01
4.959999999999999964e-01,1.688482378157117836e+01
4.969999999999999973e-01,1.683949276526197991e+01
4.979999999999999982e-01,1.693196310604023935e+01
4.989999999999999991e-01,1.690280678675279447e+01
5.000000000000000000e-01,1.691108464239763975e+01
5.010000000000000009e-01,1.693350397587982670e+01
5.020000000000000018e-01,1.698086500299120516e+01
5.030000000000000027e-01,1.698657687401789218e+01
5.040000000000000036e-01,1.700621953600189684e+01
5.050000000000000044e-01,1.695845030315453172e+01
5.060000000000000053e-01,1.694542085397001330e+01
5.070000000000000062e-01,1.701386811871437388e+01
5.080000000000000071e-01,1.694324179050988022e+01
5.090000000000000080e-01,1.692312127926413012e+01
5.100000000000000089e-01,1.695222196626132671e+01
5.110000000000000098e-01,1.692406307204945648e+01
5.120000000000000107e-01,1.698138008651499575e+01
5.130000000000000115e-01,1.704797836356640417e+01
5.140000000000000124e-01,1.694886506505231694e+01
5.150000000000000133e-01,1.693029001548379853e+01
5.160000000000000142e-01,1.696443979989840400e+01
5.170000000000000151e-01,1.689308152855066325e+01
5.180000000000000160e-01,1.688593936959503949e+01
5.190000000000000169e-01,1.692205946312192921e+01
5.200000000000000178e-01,1.691842282627998273e+01
5.210000000000000187e-01,1.689450854861208029e+01
5.220000000000000195e-01,1.688687702152299508e+01
5.230000000000000204e-01,1.688634057738333283e+01
5.240000000000000213e-01,1.688045380844749843e+01
5.250000000000000222e-01,1.697003584757513650e+01
5.260000000000000231e-01,1.695950263520823142e+01
5.270000000000000240e-01,1.692989322889453874e+01
5.280000000000000249e-01,1.696963989605728074e+01
5.290000000000000258e-01,1.698146138528735349e+01
5.300000000000000266e-01,1.694413408064024651e+01
5.310000000000000275e-01,1.691473314732223443e+01
5.320000000000000284e-01,1.688429738302838956e+01
5.330000000000000293e-01,1.694041540743349117e+01
5.340000000000000302e-01,1.690518678108419692e+01
5.350000000000000311e-01,1.690060146217377124e+01
5.360000000000000320e-01,1.691899769826689948e+01
5.370000000000000329e-01,1.692357796228504796e+01
5.380000000000000338e-01,1.691579182148173643e+01
5.390000000000000346e-01,1.690820988201503638e+01
5.400000000000000355e-01,1.691213852073235913e+01
5.410000000000000364e-01,1.698040141149710536e+01
5.420000000000000373e-01,1.698604237944622497e+01
5.430000000000000382e-01,1.693332526013793782e+01
5.440000000000000391e-01,1.694904291608531821e+01
5.450000000000000400e-01,1.694094192945729560e+01
5.460000000000000409e-01,1.691480235755919281e+01
5.470000000000000417e-01,1.697290226793049328e+01
5.480000000000000426e-01,1.692740493370158461e+01
5.490000000000000435e-01,1.692766572287680304e+01
5.500000000000000444e-01,1.704691737802628992e+01
5.510000000000000453e-01,1.691606331118211770e+01
5.520000000000000462e-01,1.692853885303371797e+01
5.530000000000000471e-01,1.700798715279031015e+01
5.540000000000000480e-01,1.700773824399736256e+01
5.550000000000000488e-01,1.695697879154760912e+01
5.560000000000000497e-01,1.697054679343469630e+01
5.570000000000000506e-01,1.699812403253033466e+01
5.580000000000000515e-01,1.695451091983397163e+01
5.590000000000000524e-01,1.690199460736878478e+01
5.600000000000000533e-01,1.692501561470799487e+01
5.610000000000000542e-01,1.695311763186043308e+01
5.620000000000000551e-01,1.689500983468771622e+01
5.629999999999999449e-01,1.691677930715416522e+01
5.639999999999999458e-01,1.690644737724311497e+01
5.649999999999999467e-01,1.699316485592586901e+01
5.659999999999999476e-01,1.689091158564706063e+01
5.669999999999999485e-01,1.689520204138960935e+01
5.679999999999999494e-01,1.697292509632247359e+01
5.689999999999999503e-01,1.701367049870128767e+01
5.699999999999999512e-01,1.699361387850213490e+01
5.709999999999999520e-01,1.700301973725338200e+01
5.719999999999999529e-01,1.696390188726119419e+01
5.729999999999999538e-01,1.698513190846368204e+01
5.739999999999999547e-01,1.703151204575638644e+01
5.749999999999999556e-01,1.697797618418820065e+01
5.759999999999999565e-01,1.707312281118800712e+01
5.769999999999999574e-01,1.704776603204548024e+01
5.779999999999999583e-01,1.694650166009925485e+01
5.789999999999999591e-01,1.696294523383532038e+01
5.799999999999999600e-01,1.703249021274080022e+01
5.809999999999999609e-01,1.699689668330073999e+01
5.819999999999999618e-01,1.699595066597577642e+01
5.829999999999999627e-01,1.697849136755272426e+01
5.839999999999999636e-01,1.699181254234219196e+01
5.849999999999999645e-01,1.708076421774280007e+01
5.859999999999999654e-01,1.694423259964256445e+01
5.869999999999999662e-01,1.700489871672634479e+01
5.879999999999999671e-01,1.707291997258659677e+01
5.889999999999999680e-01,1.703303507878005263e+01
5.899999999999999689e-01,1.700126665129252856e+01
5.909999999999999698e-01,1.703350244113718759e+01
5.919999999999999707e-01,1.702130989004519535e+01
5.929999999999999716e-01,1.698893007759600948e+01
5.939999999999999725e-01,1.704300190786349489e+01
5.949999999999999734e-01,1.701633065826879943e+01
5.959999999999999742e-01,1.708177923657168051e+01
5.969999999999999751e-01,1.703142975925551283e+01
5.979999999999999760e-01,1.699553802373308287e+01
5.989999999999999769e-01,1.696495415313539468e+01
5.999999999999999778e-01,1.698280826199228954e+01
6.009999999999999787e-01,1.699109209403440701e+01
6.019999999999999796e-01,1.697832924553173939e+01
6.029999999999999805e-01,1.696167793931092049e+01
6.039999999999999813e-01,1.700804252506084779e+01
6.049999999999999822e-01,1.693248245906842442e+01
6.059999999999999831e-01,1.701559856447364538e+01
6.069999999999999840e-01,1.696863468369898698e+01
6.079999999999999849e-01,1.697777042492833743e+01
6.089999999999999858e-01,1.697230086350090161e+01
6.099999999999999867e-01,1.695038718469140093e+01
6.109999999999999876e-01,1.693036225425005625e+01
6.119999999999999885e-01,1.696712307295499755e+01
6.129999999999999893e-01,1.695300267211670686e+01
6.139999999999999902e-01,1.691641218075589848e+01
6.149999999999999911e-01,1.699828080862119606e+01
6.159999999999999920e-01,1.701816004267544002e+01
6.169999999999999929e-01,1.705636939694832677e+01
6.179999999999999938e-01,1.705825031238367018e+01
6.189999999999999947e-01,1.712870299218148773e+01
6.199999999999999956e-01,1.711463618744836168e+01
6.209999999999999964e-01,1.703841636386930602e+01
6.219999999999999973e-01,1.703894667174117927e+01
6.229999999999999982e-01,1.705058188097247651e+01
6.239999999999999991e-01,1.698479483879382457e+01
6.250000000000000000e-01,1.708137404824661232e+01
6.260000000000000009e-01,1.703460009274285625e+01
6.270000000000000018e-01,1.705261466945481885e+01
6.280000000000000027e-01,1.703553906086242620e+01
6.290000000000000036e-01,1.701463714928374316e+01
6.300000000000000044e-01,1.699274143737826392e+01
6.310000000000000053e-01,1.699185174822455480e+01
6.320000000000000062e-01,1.700646168240821154e+01
6.330000000000000071e-01,1.698879300385832636e+01
6.340000000000000080e-01,1.700630628331820304e+01
6.350000000000000089e-01,1.697201318447886109e+01
6.360000000000000098e-01,1.698589224801349218e+01
6.370000000000000107e-01,1.710405815381512795e+01
6.380000000000000115e-01,1.699811597062876345e+01
6.390000000000000124e-01,1.700779759812738234e+01
6.400000000000000133e-01,1.692503329634241283e+01
6.410000000000000142e-01,1.695780552248072581e+01
6.420000000000000151e-01,1.690922482577477126e+01
6.430000000000000160e-01,1.690548514688438786e+01
6.440000000000000169e-01,1.692218994167055257e+01
6.450000000000000178e-01,1.698452973087906059e+01
6.460000000000000187e-01,1.691213482442925553e+01
6.470000000000000195e-01,1.705467512094389093e+01
6.480000000000000204e-01,1.696104857543883071e+01
6.490000000000000213e-01,1.697814653061841739e+01
6.500000000000000222e-01,1.701486452327916865e+01
6.510000000000000231e-01,1.697953357974651567e+01
6.520000000000000240e-01,1.702972779699044992e+01
6.530000000000000249e-01,1.699639992889046525e+01
6.540000000000000258e-01,1.693141007959946620e+01
6.550000000000000266e-01,1.695601618311221159e+01
6.560000000000000275e-01,1.697322583405301089e+01
6.570000000000000284e-01,1.696178234770883009e+01
6.580000000000000293e-01,1.700387399213791539e+01
6.590000000000000302e-01,1.703839017555254998e+01
6.600000000000000311e-01,1.702560325963448662e+01
6.610000000000000320e-01,1.704062247629931903e+01
6.620000000000000329e-01,1.693539213992648840e+01
6.630000000000000338e-01,1.693520394797101858e+01
6.640000000000000346e-01,1.689734228471709443e+01
6.650000000000000355e-01,1.698480028033132072e+01
6.660000000000000364e-01,1.694764470296776793e+01
6.670000000000000373e-01,1.692037384972392999e+01
6.680000000000000382e-01,1.694924319925924650e+01
6.690000000000000391e-01,1.696558821758481628e+01
6.700000000000000400e-01,1.701018948763146099e+01
6.710000000000000409e-01,1.702234118266344254e+01
6.720000000000000417e-01,1.703265799451571638e+01
6.730000000000000426e-01,1.705631442727560199e+01
6.740000000000000435e-01,1.704677487788855217e+01
6.750000000000000444e-01,1.698930812714282013e+01
6.760000000000000453e-01,1.709806876235062489e+01
6.770000000000000462e-01,1.703834218049212268e+01
6.780000000000000471e-01,1.707504958848443977e+01
6.790000000000000480e-01,1.710170695425414777e+01
6.800000000000000488e-01,1.710079014018862509e+01
6.810000000000000497e-01,1.705058947848048589e+01
6.820000000000000506e-01,1.704987244255860190e+01
6.830000000000000515e-01,1.702794639384611131e+01
6.840000000000000524e-01,1.696007993647310741e+01
6.850000000000000533e-01,1.702693419582627143e+01
6.860000000000000542e-01,1.695630451968286323e+01
6.870000000000000551e-01,1.701077212140819839e+01
6.879999999999999449e-01,1.704012536190170835e+01
6.889999999999999458e-01,1.702480210500680613e+01
6.899999999999999467e-01,1.700949541208365545e+01
6.909999999999999476e-01,1.693834199702823540e+01
6.919999999999999485e-01,1.701104076940035270e+01
6.929999999999999494e-01,1.703881746253845719e+01
6.939999999999999503e-01,1.696877031613969677e+01
6.949999999999999512e-01,1.699501464289690134e+01
6.959999999999999520e-01,1.701053953676816022e+01
6.969999999999999529e-01,1.696914999565365889e+01
6.979999999999999538e-01,1.699219658882848449e+01
6.989999999999999547e-01,1.700056199011558888e+01
6.999999999999999556e-01,1.700809015162918314e+01
7.009999999999999565e-01,1.699061549721216124e+01
7.019999999999999574e-01,1.699665626512702232e+01
7.029999999999999583e-01,1.699323007378697881e+01
7.039999999999999591e-01,1.700342875287646294e+01
7.049999999999999600e-01,1.701713110715547828e+01
7.059999999999999609e-01,1.697222579774125251e+01
7.069999999999999618e-01,1.698557309234820423e+01
7.079999999999999627e-01,1.698806385945878716e+01
7.089999999999999636e-01,1.697885214711895330e+01
7.099999999999999645e-01,1.698424178742745028e+01
7.109999999999999654e-01,1.692371466817188619e+01
7.119999999999999662e-01,1.688501578942132397e+01
7.129999999999999671e-01,1.688442638369691196e+01
7.139999999999999680e-01,1.694960972758057949e+01
7.149999999999999689e-01,1.696670112186022905e+01
7.159999999999999698e-01,1.697892776938025605e+01
7.169999999999999707e-01,1.697449963717580701e+01
7.179999999999999716e-01,1.694588832553502655e+01
7.189999999999999725e-01,1.698957588161697885e+01
7.199999999999999734e-01,1.689832846723091464e+01
7.209999999999999742e-01,1.694179472109492224e+01
7.219999999999999751e-01,1.694002545457415465e+01
7.229999999999999760e-01,1.690579790044928998e+01
7.239999999999999769e-01,1.693472581279294076e+01
7.249999999999999778e-01,1.693225487458554923e+01
7.259999999999999787e-01,1.689377261536677821e+01
7.269999999999999796e-01,1.692242905676598497e+01
7.279999999999999805e-01,1.691896607417402265e+01
7.289999999999999813e-01,1.698721353006318679e+01
7.299999999999999822e-01,1.702223036367384879e+01
7.309999999999999831e-01,1.693372975195817887e+01
7.319999999999999840e-01,1.696460763812619632e+01
7.329999999999999849e-01,1.694671017086585962e+01
7.339999999999999858e-01,1.693491900458823096e+01
7.349999999999999867e-01,1.689565335038972194e+01
7.359999999999999876e-01,1.692496630773915456e+01
7.369999999999999885e-01,1.692743527911447643e+01
7.379999999999999893e-01,1.691289544752867613e+01
7.389999999999999902e-01,1.695280763623513565e+01
7.399999999999999911e-01,1.701324516540202580e+01
7.409999999999999920e-01,1.699210171228348543e+01
7.419999999999999929e-01,1.692836121415030703e+01
7.429999999999999938e-01,1.691227854620539617e+01
7.439999999999999947e-01,1.690952941491845252e+01
7.449999999999999956e-01,1.690856349568372252e+01
7.459999999999999964e-01,1.688257038845037883e+01
7.469999999999999973e-01,1.690531932838250384e+01
7.479999999999999982e-01,1.695889681495572532e+01
7.489999999999999991e-01,1.695835784327184115e+01
7.500000000000000000e-01,1.692870154240996428e+01
7.510000000000000009e-01,1.693503575568418995e+01
7.520000000000000018e-01,1.696914742843033252e+01
7.530000000000000027e-01,1.698134680734474955e+01
7.540000000000000036e-01,1.696888554227316348e+01
7.550000000000000044e-01,1.699094268928617524e+01
7.560000000000000053e-01,1.694606639228547351e+01
7.570000000000000062e-01,1.689088895447469341e+01
7.580000000000000071e-01,1.690469925796864104e+01
7.590000000000000080e-01,1.695441766535876837e+01
7.600000000000000089e-01,1.693690659720643055e+01
7.610000000000000098e-01,1.684211781362698090e+01
7.620000000000000107e-01,1.688525622252249292e+01
7.630000000000000115e-01,1.696017743592152982e+01
7.640000000000000124e-01,1.686577701900516502e+01
7.650000000000000133e-01,1.689305183889042183e+01
7.660000000000000142e-01,1.690917585951656932e+01
7.670000000000000151e-01,1.693221225583338452e+01
7.680000000000000160e-01,1.692033341099707400e+01
7.690000000000000169e-01,1.687331868783958555e+01
7.700000000000000178e-01,1.696618342536653046e+01
7.710000000000000187e-01,1.693500415021658512e+01
7.720000000000000195e-01,1.691118332937460167e+01
7.730000000000000204e-01,1.692445531197744302e+01
7.740000000000000213e-01,1.692208019954867382e+01
7.750000000000000222e-01,1.694977688308940600e+01
7.760000000000000231e-01,1.694098016616699809e+01
7.770000000000000240e-01,1.689256070095528273e+01
7.780000000000000249e-01,1.687278466352768547e+01
7.790000000000000258e-01,1.691106305503796747e+01
7.800000000000000266e-01,1.688877958077339514e+01
7.810000000000000275e-01,1.694924047999887051e+01
7.820000000000000284e-01,1.695521183489481132e+01
7.830000000000000293e-01,1.695532397116459578e+01
7.840000000000000302e-01,1.693013105143887032e+01
7.850000000000000311e-01,1.699494874233225516e+01
7.860000000000000320e-01,1.693293668688350095e+01
7.870000000000000329e-01,1.693997443689777072e+01
7.880000000000000338e-01,1.690302054656883257e+01
7.890000000000000346e-01,1.697504835960783609e+01
7.900000000000000355e-01,1.686026609149329758e+01
7.910000000000000364e-01,1.688054808222603853e+01
7.920000000000000373e-01,1.687253909605817626e+01
7.930000000000000382e-01,1.688895792655292993e+01
7.940000000000000391e-01,1.688804685808662853e+01
7.950000000000000400e-01,1.685629645898761453e+01
7.960000000000000409e-01,1.692986218397266285e+01
7.970000000000000417e-01,1.683681411482629997e+01
7.980000000000000426e-01,1.689747931427983474e+01
7.990000000000000435e-01,1.689434733333556338e+01
8.000000000000000444e-01,1.690917414262350604e+01
8.010000000000000453e-01,1.690416903462754661e+01
8.020000000000000462e-01,1.689618064254098329e+01
8.030000000000000471e-01,1.703956029154657870e+01
8.040000000000000480e-01,1.696701193562610754e+01
8.050000000000000488e-01,1.697861752420708825e+01
8.060000000000000497e-01,1.693196565316835489e+01
8.070000000000000506e-01,1.693127407762486314e+01
8.080000000000000515e-01,1.692405815794041146e+01
8.090000000000000524e-01,1.687351241178517824e+01
8.100000000000000533e-01,1.688526683443557630e+01
8.110000000000000542e-01,1.689520396760001830e+01
8.120000000000000551e-01,1.690986330629071333e+01
8.129999999999999449e-01,1.687766908417404110e+01
8.139999999999999458e-01,1.692579225243624919e+01
8.149999999999999467e-01,1.694474192623133391e+01
8.159999999999999476e-01,1.689479569803995673e+01
8.169999999999999485e-01,1.688375004504910493e+01
8.179999999999999494e-01,1.691953039929411062e+01
8.189999999999999503e-01,1.698624670031208339e+01
8.199999999999999512e-01,1.689463486029059780e+01
8.209999999999999520e-01,1.687924982976516475e+01
8.219999999999999529e-01,1.696024631744309019e+01
8.229999999999999538e-01,1.688997066333718777e+01
8.239999999999999547e-01,1.689434266470139789e+01
8.249999999999999556e-01,1.693426907236922219e+01
8.259999999999999565e-01,1.697955840476384637e+01
8.269999999999999574e-01,1.693937369575159479e+01
8.279999999999999583e-01,1.689835740903892969e+01
8.289999999999999591e-01,1.693110745221165914e+01
8.299999999999999600e-01,1.694642779569810997e+01
8.309999999999999609e-01,1.703224228375106364e+01
8.319999999999999618e-01,1.706516091561158532e+01
8.329999999999999627e-01,1.699790869862409437e+01
8.339999999999999636e-01,1.700975681133549600e+01
8.349999999999999645e-01,1.703607081759092168e+01
8.359999999999999654e-01,1.700584089703667345e+01
8.369999999999999662e-01,1.702815906130784640e+01
8.379999999999999671e-01,1.702263674533258708e+01
8.389999999999999680e-01,1.705746845720658911e+01
8.399999999999999689e-01,1.704817812804142463e+01
8.409999999999999698e-01,1.703137158245750271e+01
8.419999999999999707e-01,1.709651307836591982e+01
8.429999999999999716e-01,1.705825201374300093e+01
8.439999999999999725e-01,1.709619356493194431e+01
8.449999999999999734e-01,1.705442949286757681e+01
8.459999999999999742e-01,1.703316713943007343e+01
8.469999999999999751e-01,1.709412593476452713e+01
8.479999999999999760e-01,1.704860187597446242e+01
8.489999999999999769e-01,1.710001955243725291e+01
8.499999999999999778e-01,1.703361887590876478e+01
8.509999999999999787e-01,1.710482644903747129e+01
8.519999999999999796e-01,1.708757613153925803e+01
8.529999999999999805e-01,1.709985596852255796e+01
8.539999999999999813e-01,1.704043233136146895e+01
8.549999999999999822e-01,1.706759860707569842e+01
8.559999999999999831e-01,1.708848017451477119e+01
8.569999999999999840e-01,1.711785450464367031e+01
8.579999999999999849e-01,1.706787328009461291e+01
8.589999999999999858e-01,1.704728250917331067e+01
8.599999999999999867e-01,1.707269357410086386e+01
8.609999999999999876e-01,1.714566926686069337e+01
8.619999999999999885e-01,1.710532735883649380e+01
8.629999999999999893e-01,1.709496766800786460e+01
8.639999999999999902e-01,1.701593529109652536e+01
8.649999999999999911e-01,1.704341944478660764e+01
8.659999999999999920e-01,1.697681029362281890e+01
8.669999999999999929e-01,1.701702540187792678e+01
8.679999999999999938e-01,1.702931791951640861e+01
8.689999999999999947e-01,1.701564089013540126e+01
8.699999999999999956e-01,1.708044834436431714e+01
8.709999999999999964e-01,1.704903939745518571e+01
8.719999999999999973e-01,1.705465830412394013e+01
8.729999999999999982e-01,1.696774343814125530e+01
8.739999999999999991e-01,1.700133016821316190e+01
8.750000000000000000e-01,1.705086377457344682e+01
8.760000000000000009e-01,1.703044450557365863e+01
8.770000000000000018e-01,1.705135631663950235e+01
8.780000000000000027e-01,1.705338540656353175e+01
8.790000000000000036e-01,1.698106513330621681e+01
8.800000000000000044e-01,1.699840782980755094e+01
8.810000000000000053e-01,1.706480620090138700e+01
8.820000000000000062e-01,1.701505938289283293e+01
8.830000000000000071e-01,1.695928217687595918e+01
8.840000000000000080e-01,1.700107586113904290e+01
8.850000000000000089e-01,1.699339561357628270e+01
8.860000000000000098e-01,1.705616892454835920e+01
8.870000000000000107e-01,1.702997163280488380e+01
8.880000000000000115e-01,1.704855663009556466e+01
8.890000000000000124e-01,1.701070993797715403e+01
8.900000000000000133e-01,1.697691208625288084e+01
8.910000000000000142e-01,1.695068634774413852e+01
8.920000000000000151e-01,1.695082353340885462e+01
8.930000000000000160e-01,1.703203440066892327e+01
8.940000000000000169e-01,1.706040353840334944e+01
8.950000000000000178e-01,1.701442191846767571e+01
8.960000000000000187e-01,1.697063560000658811e+01
8.970000000000000195e-01,1.698933117629750811e+01
8.980000000000000204e-01,1.697593444458698642e+01
8.990000000000000213e-01,1.690743287932950167e+01
9.000000000000000222e-01,1.695731632670085887e+01
9.010000000000000231e-01,1.686173339706991214e+01
9.020000000000000240e-01,1.694478507733970929e+01
9.030000000000000249e-01,1.697330548210861423e+01
9.040000000000000258e-01,1.697375140594887100e+01
9.050000000000000266e-01,1.697953849305686802e+01
9.060000000000000275e-01,1.692604768946188187e+01
9.070000000000000284e-01,1.695849397007733828e+01
9.080000000000000293e-01,1.694180298153957409e+01
9.090000000000000302e-01,1.700537119372942385e+01
9.100000000000000311e-01,1.688551008282977861e+01
9.110000000000000320e-01,1.688277976951530945e+01
9.120000000000000329e-01,1.694290033887062918e+01
9.130000000000000338e-01,1.691018724754228941e+01
9.140000000000000346e-01,1.695389873907938849e+01
9.150000000000000355e-01,1.693421342666097473e+01
9.160000000000000364e-01,1.692911526709228909e+01
9.170000000000000373e-01,1.697105424349869907e+01
9.180000000000000382e-01,1.693065353662791495e+01
9.190000000000000391e-01,1.699060407929539451e+01
9.200000000000000400e-01,1.698215698596484913e+01
9.210000000000000409e-01,1.692865841557220818e+01
9.220000000000000417e-01,1.688818198142451266e+01
9.230000000000000426e-01,1.691832943013748647e+01
9.240000000000000435e-01,1.691964348360228598e+01
9.250000000000000444e-01,1.693318208681865400e+01
9.260000000000000453e-01,1.694802414767787369e+01
9.270000000000000462e-01,1.699370856014262898e+01
9.280000000000000471e-01,1.698003847777880182e+01
9.290000000000000480e-01,1.699814998834650126e+01
9.300000000000000488e-01,1.705193134988580894e+01
9.310000000000000497e-01,1.701362742882376367e+01
9.320000000000000506e-01,1.692881415156428559e+01
9.330000000000000515e-01,1.697108447719001134e+01
9.340000000000000524e-01,1.700020956127855598e+01
9.350000000000000533e-01,1.705249041171670399e+01
9.360000000000000542e-01,1.698449278707113308e+01
9.370000000000000551e-01,1.706252628845252417e+01
9.379999999999999449e-01,1.694275754398590550e+01
9.389999999999999458e-01,1.692322446389608714e+01
9.399999999999999467e-01,1.696276267881111011e+01
9.409999999999999476e-01,1.691051547484421036e+01
9.419999999999999485e-01,1.703247309412884647e+01
9.429999999999999494e-01,1.700070389241021829e+01
9.439999999999999503e-01,1.698033257809098728e+01
9.449999999999999512e-01,1.692680977426238442e+01
9.459999999999999520e-01,1.700658820262604110e+01
9.469999999999999529e-01,1.689234405214389412e+01
9.479999999999999538e-01,1.694945226370150593e+01
9.489999999999999547e-01,1.695718275290936106e+01
9.499999999999999556e-01,1.700667767649636986e+01
9.509999999999999565e-01,1.700666826789308317e+01
9.519999999999999574e-01,1.701930880684164293e+01
9.529999999999999583e-01,1.697414211268713302e+01
9.539999999999999591e-01,1.692277811533922716e+01
9.549999999999999600e-01,1.697407007767198195e+01
9.559999999999999609e-01,1.701215174095677440e+01
9.569999999999999618e-01,1.700347266442077654e+01
9.579999999999999627e-01,1.702800084709421924e+01
9.589999999999999636e-01,1.708305859513392377e+01
9.599999999999999645e-01,1.706950446247694231e+01
9.609999999999999654e-01,1.704052324822121633e+01
9.619999999999999662e-01,1.703843882140849075e+01
9.629999999999999671e-01,1.697745712235394677e+01
9.639999999999999680e-01,1.694193452430121738e+01
9.649999999999999689e-01,1.703994905915800828e+01
9.659999999999999698e-01,1.699162862166964061e+01
9.669999999999999707e-01,1.700633456883691252e+01
9.679999999999999716e-01,1.695677311169204415e+01
9.689999999999999725e-01,1.699838112245740263e+01
9.699999999999999734e-01,1.701471143975265576e+01
9.709999999999999742e-01,1.695453204613047049e+01
9.719999999999999751e-01,1.698510526858020597e+01
9.729999999999999760e-01,1.702801605354781245e+01
9.739999999999999769e-01,1.697054748834614557e+01
9.749999999999999778e-01,1.708615506433495668e+01
9.759999999999999787e-01,1.706085949612104002e+01
9.769999999999999796e-01,1.699290544018831994e+01
9.779999999999999805e-01,1.704970628718129433e+01
9.789999999999999813e-01,1.701468189763055250e+01
9.799999999999999822e-01,1.701577775528602032e+01
9.809999999999999831e-01,1.697961757184193488e+01
9.819999999999999840e-01,1.703353529616259365e+01
9.829999999999999849e-01,1.703678966030502906e+01
9.839999999999999858e-01,1.706354735176148552e+01
9.849999999999999867e-01,1.694605144584980039e+01
9.859999999999999876e-01,1.695650256356186247e+01
9.869999999999999885e-01,1.696307120047582018e+01
9.879999999999999893e-01,1.701392408606522721e+01
9.889999999999999902e-01,1.698700844832133328e+01
9.899999999999999911e-01,1.692617234720888675e+01
9.909999999999999920e-01,1.692721344106976034e+01
9.919999999999999929e-01,1.694099603974872537e+01
9.929999999999999938e-01,1.691285074047472392e+01
9.939999999999999947e-01,1.695349935625084115e+01
9.949999999999999956e-01,1.693853967403173755e+01
9.959999999999999964e-01,1.692302189215734742e+01
9.969999999999999973e-01,1.700819288563160825e+01
9.979999999999999982e-01,1.698851538945203998e+01
9.989999999999999991e-01,1.700541573828064656e+01
1.000000000000000000e+00,1.700401738557100728e+01
1.000999999999999890e+00,1.700744413581971770e+01
1.002000000000000002e+00,1.703341521338104059e+01
1.002999999999999892e+00,1.703896771772478758e+01
1.004000000000000004e+00,1.699713838300835178e+01
1.004999999999999893e+00,1.701045382953244456e+01
1.006000000000000005e+00,1.694215830188090521e+01
1.006999999999999895e+00,1.694629248279733957e+01
1.008000000000000007e+00,1.699209230417899974e+01
1.008999999999999897e+00,1.693948409713902237e+01
1.010000000000000009e+00,1.702367910563003761e+01
1.010999999999999899e+00,1.702571460356736921e+01
1.012000000000000011e+00,1.700062029217690451e+01
1.012999999999999901e+00,1.699745475470281164e+01
1.014000000000000012e+00,1.707568937005111565e+01
1.014999999999999902e+00,1.697325393544701555e+01
1.016000000000000014e+00,1.701393240814780228e+01
1.016999999999999904e+00,1.695629993145049497e+01
1.018000000000000016e+00,1.700039637498682055e+01
1.018999999999999906e+00,1.692931183615040425e+01
1.020000000000000018e+00,1.690363032625384321e+01
1.020999999999999908e+00,1.699200200854821929e+01
1.022000000000000020e+00,1.692405047951896790e+01
1.022999999999999909e+00,1.696263192278277643e+01
1.024000000000000021e+00,1.702440618833372810e+01
1.024999999999999911e+00,1.702950618015542972e+01
1.026000000000000023e+00,1.698360550374344413e+01
1.026999999999999913e+00,1.702468417300154613e+01
1.028000000000000025e+00,1.690217766572546765e+01
1.028999999999999915e+00,1.693942386839513503e+01
1.030000000000000027e+00,1.694034816339248550e+01
1.030999999999999917e+00,1.694585851009015443e+01
1.032000000000000028e+00,1.697171985164875707e+01
1.032999999999999918e+00,1.698103525471342579e+01
1.034000000000000030e+00,1.699374721096862473e+01
1.034999999999999920e+00,1.700270338418534166e+01
1.036000000000000032e+00,1.695476318960422901e+01
1.036999999999999922e+00,1.691777571115444090e+01
1.038000000000000034e+00,1.689181101318909128e+01
1.038999999999999924e+00,1.695075400293562495e+01
1.040000000000000036e+00,1.692179429808179947e+01
1.040999999999999925e+00,1.689061720786569154e+01
1.042000000000000037e+00,1.690450595420661983e+01
1.042999999999999927e+00,1.697504995416106865e+01
1.044000000000000039e+00,1.695008230741523647e+01
1.044999999999999929e+00,1.690382156186869622e+01
1.046000000000000041e+00,1.691419918306943515e+01
1.046999999999999931e+00,1.690464653349353696e+01
1.048000000000000043e+00,1.691048755067886944e+01
1.048999999999999932e+00,1.694412722304150165e+01
1.050000000000000044e+00,1.690458967696922343e+01
1.050999999999999934e+00,1.690160717409032642e+01
1.052000000000000046e+00,1.688771920865625376e+01
1.052999999999999936e+00,1.692906181664260146e+01
1.054000000000000048e+00,1.693097770350618347e+01
1.054999999999999938e+00,1.694267970949888991e+01
1.056000000000000050e+00,1.689368392768986382e+01
1.056999999999999940e+00,1.697924808990464030e+01
1.058000000000000052e+00,1.691878662984184345e+01
1.058999999999999941e+00,1.689949582950292495e+01
1.060000000000000053e+00,1.694617718608900248e+01
1.060999999999999943e+00,1.687746867876454360e+01
1.062000000000000055e+00,1.691516374096545761e+01
1.062999999999999945e+00,1.690360370495572440e+01
1.064000000000000057e+00,1.692386366748270277e+01
1.064999999999999947e+00,1.692388874631305384e+01
1.066000000000000059e+00,1.700937644042780050e+01
1.066999999999999948e+00,1.694076124398297267e+01
1.068000000000000060e+00,1.688457899154197506e+01
1.068999999999999950e+00,1.690794435639924131e+01
1.070000000000000062e+00,1.694838723040480133e+01
1.070999999999999952e+00,1.687881946675831912e+01
1.072000000000000064e+00,1.690930768435422138e+01
1.072999999999999954e+00,1.690507734998969980e+01
1.074000000000000066e+00,1.694188932684990689e+01
1.074999999999999956e+00,1.694663125397955028e+01
1.076000000000000068e+00,1.693326760307143886e+01
1.076999999999999957e+00,1.693951256872139410e+01
1.078000000000000069e+00,1.693374180468964596e+01
1.078999999999999959e+00,1.696407650021498270e+01
1.080000000000000071e+00,1.698742646787069432e+01
1.080999999999999961e+00,1.701441588725526799e+01
1.082000000000000073e+00,1.698649657785939837e+01
1.082999999999999963e+00,1.690586962438085905e+01
1.084000000000000075e+00,1.702920332813940973e+01
1.084999999999999964e+00,1.695227829385068574e+01
1.086000000000000076e+00,1.687957390849570416e+01
1.086999999999999966e+00,1.696888036292595459e+01
1.088000000000000078e+00,1.696392713947017938e+01
1.088999999999999968e+00,1.691029240646887999e+01
1.090000000000000080e+00,1.699730073820252585e+01
1.090999999999999970e+00,1.692971183120706513e+01
1.092000000000000082e+00,1.695664170696790052e+01
1.092999999999999972e+00,1.700279462935272079e+01
1.094000000000000083e+00,1.697394411518228097e+01
1.094999999999999973e+00,1.702637871857179164e+01
1.096000000000000085e+00,1.694989368836759880e+01
1.096999999999999975e+00,1.694017901480162891e+01
1.098000000000000087e+00,1.698305890239590354e+01
1.098999999999999977e+00,1.699287999502212898e+01
1.100000000000000089e+00,1.694412761396395339e+01
1.100999999999999979e+00,1.697891917045869548e+01
1.102000000000000091e+00,1.699063935320323182e+01
1.102999999999999980e+00,1.693843110436650790e+01
1.104000000000000092e+00,1.694499888389463393e+01
1.104999999999999982e+00,1.696759097351817758e+01
1.106000000000000094e+00,1.705228516145545825e+01
1.106999999999999984e+00,1.699397632965283478e+01
1.108000000000000096e+00,1.697518025556922794e+01
1.108999999999999986e+00,1.697444721867849537e+01
1.110000000000000098e+00,1.693339754515012885e+01
1.110999999999999988e+00,1.693617041227252074e+01
1.112000000000000099e+00,1.698044077020599829e+01
1.112999999999999989e+00,1.699328253011057654e+01
1.114000000000000101e+00,1.702018188330836423e+01
1.114999999999999991e+00,1.698447372193595228e+01
1.116000000000000103e+00,1.700517388195009261e+01
1.116999999999999993e+00,1.699734393158495749e+01
1.118000000000000105e+00,1.703409304336765828e+01
1.118999999999999995e+00,1.701047173350206876e+01
1.120000000000000107e+00,1.699930410146887994e+01
1.120999999999999996e+00,1.703623446376280981e+01
1.122000000000000108e+00,1.701848980238758102e+01
1.122999999999999998e+00,1.700101366825260385e+01
1.124000000000000110e+00,1.703354653869020652e+01
1.125000000000000000e+00,1.696443047704823215e+01
1.125999999999999890e+00,1.705173351332285492e+01
1.127000000000000002e+00,1.702979926251921938e+01
1.127999999999999892e+00,1.703048631061890461e+01
1.129000000000000004e+00,1.702266667188081328e+01
1.129999999999999893e+00,1.704851211259916965e+01
1.131000000000000005e+00,1.703710531620011537e+01
1.131999999999999895e+00,1.700054553418159387e+01
1.133000000000000007e+00,1.704183568253478143e+01
1.133999999999999897e+00,1.700817969327567170e+01
1.135000000000000009e+00,1.706218863501267080e+01
1.135999999999999899e+00,1.700915972599563730e+01
1.137000000000000011e+00,1.692760983505671746e+01
1.137999999999999901e+00,1.698445960193595283e+01
1.139000000000000012e+00,1.694277990261514688e+01
1.139999999999999902e+00,1.696589690222408109e+01
1.141000000000000014e+00,1.705694522675737801e+01
1.141999999999999904e+00,1.698242243892073233e+01
1.143000000000000016e+00,1.696252193898574134e+01
1.143999999999999906e+00,1.697692617761008194e+01
1.145000000000000018e+00,1.693875533428879265e+01
1.145999999999999908e+00,1.691692997311661983e+01
1.147000000000000020e+00,1.701537075720158043e+01
1.147999999999999909e+00,1.691697864208818203e+01
1.149000000000000021e+00,1.695375782383729302e+01
1.149999999999999911e+00,1.695170629853793542e+01
1.151000000000000023e+00,1.696537912158643024e+01
1.151999999999999913e+00,1.694223856000868622e+01
1.153000000000000025e+00,1.697115626337350847e+01
1.153999999999999915e+00,1.695633222912653437e+01
1.155000000000000027e+00,1.701005864404493195e+01
1.155999999999999917e+00,1.706937173559063581e+01
1.157000000000000028e+00,1.694544600884311691e+01
1.157999999999999918e+00,1.701924127491427541e+01
1.159000000000000030e+00,1.703686492389163831e+01
1.159999999999999920e+00,1.702800724815162781e+01
1.161000000000000032e+00,1.696766206349975192e+01
1.161999999999999922e+00,1.703424624844259228e+01
1.163000000000000034e+00,1.694279979207102471e+01
1.163999999999999924e+00,1.701838408407081715e+01
1.165000000000000036e+00,1.704586414960013485e+01
1.165999999999999925e+00,1.690717839365610331e+01
1.167000000000000037e+00,1.694577220730222678e+01
1.167999999999999927e+00,1.693760415173064615e+01
1.169000000000000039e+00,1.694679211984929523e+01
1.169999999999999929e+00,1.692170868126382999e+01
1.171000000000000041e+00,1.699446996135000632e+01
1.171999999999999931e+00,1.695557735475534855e+01
1.173000000000000043e+00,1.703186376166558347e+01
1.173999999999999932e+00,1.701700761377120585e+01
1.175000000000000044e+00,1.691957010577022658e+01
1.175999999999999934e+00,1.703297892977762729e+01
1.177000000000000046e+00,1.698245194411502013e+01
1.177999999999999936e+00,1.696124552920963069e+01
1.179000000000000048e+00,1.698748612665752589e+01
1.179999999999999938e+00,1.705218791127259692e+01
1.181000000000000050e+00,1.698997223303998894e+01
1.181999999999999940e+00,1.697732321006871103e+01
1.183000000000000052e+00,1.701864115560256607e+01
1.183999999999999941e+00,1.699474317128153089e+01
1.185000000000000053e+00,1.703394730288127334e+01
1.185999999999999943e+00,1.700404401551746858e+01
1.187000000000000055e+00,1.697586570638234349e+01
1.187999999999999945e+00,1.699449181824281396e+01
1.189000000000000057e+00,1.699119720671395228e+01
1.189999999999999947e+00,1.699535929840891058e+01
1.191000000000000059e+00,1.698127259748526541e+01
1.191999999999999948e+00,1.693697980543538861e+01
1.193000000000000060e+00,1.694736969203709265e+01
1.193999999999999950e+00,1.699961045682596605e+01
1.195000000000000062e+00,1.700973163214672468e+01
1.195999999999999952e+00,1.698103368256077417e+01
1.197000000000000064e+00,1.697012218687750362e+01
1.197999999999999954e+00,1.701779466124960649e+01
1.199000000000000066e+00,1.691691806228191197e+01
1.199999999999999956e+00,1.693206339404203931e+01
1.201000000000000068e+00,1.702720399411548513e+01
1.201999999999999957e+00,1.695499640088586801e+01
1.203000000000000069e+00,1.695303097077604804e+01
1.203999999999999959e+00,1.695394415056782833e+01
1.205000000000000071e+00,1.700110356538285927e+01
1.205999999999999961e+00,1.702031778714339794e+01
1.207000000000000073e+00,1.695878860686822165e+01
1.207999999999999963e+00,1.696669825560668343e+01
1.209000000000000075e+00,1.698242891098708540e+01
1.209999999999999964e+00,1.698883745428516079e+01
1.211000000000000076e+00,1.700800362388240217e+01
1.211999999999999966e+00,1.695171486600956712e+01
1.213000000000000078e+00,1.698303903318425156e+01
1.213999999999999968e+00,1.692113939425630775e+01
1.215000000000000080e+00,1.696042521471661857e+01
1.215999999999999970e+00,1.696431684943351215e+01
1.217000000000000082e+00,1.690680664026310964e+01
1.217999999999999972e+00,1.694401186258115644e+01
1.219000000000000083e+00,1.698794107621623795e+01
1.219999999999999973e+00,1.701123872112619395e+01
1.221000000000000085e+00,1.695917890588947685e+01
1.221999999999999975e+00,1.699290169510201309e+01
1.223000000000000087e+00,1.701160151621826344e+01
1.223999999999999977e+00,1.699092716244154033e+01
1.225000000000000089e+00,1.702636434249465580e+01
1.225999999999999979e+00,1.699477362226651067e+01
1.227000000000000091e+00,1.693888890232661737e+01
1.227999999999999980e+00,1.696681886320510912e+01
1.229000000000000092e+00,1.694320074212194882e+01
1.229999999999999982e+00,1.690647597453699191e+01
1.231000000000000094e+00,1.696327745642531681e+01
1.231999999999999984e+00,1.691349907245638562e+01
1.233000000000000096e+00,1.698901621935156570e+01
1.233999999999999986e+00,1.690771223269467072e+01
1.235000000000000098e+00,1.695926013041683689e+01
1.235999999999999988e+00,1.696836196730603419e+01
1.237000000000000099e+00,1.694342078325470879e+01
1.237999999999999989e+00,1.689926170253754023e+01
1.239000000000000101e+00,1.694590755507075031e+01
1.239999999999999991e+00,1.696647188442590348e+01
1.241000000000000103e+00,1.698944367344567752e+01
1.241999999999999993e+00,1.698576651843993091e+01
1.243000000000000105e+00,1.682800984709469461e+01
1.243999999999999995e+00,1.689863071508528947e+01
1.245000000000000107e+00,1.693330345262395653e+01
1.245999999999999996e+00,1.695957033912110745e+01
1.247000000000000108e+00,1.691379429650434929e+01
1.247999999999999998e+00,1.691341448490938149e+01
1.249000000000000110e+00,1.689844733930331699e+01
1.250000000000000000e+00,1.694268314670077658e+01
1.250999999999999890e+00,1.692815679375528504e+01
1.252000000000000002e+00,1.695551938746008602e+01
1.252999999999999892e+00,1.694055812179023945e+01
1.254000000000000004e+00,1.699403184653112220e+01
1.254999999999999893e+00,1.698111933344597446e+01
1.256000000000000005e+00,1.695819304138901273e+01
1.256999999999999895e+00,1.689521507361627428e+01
1.258000000000000007e+00,1.692433094238080571e+01
1.258999999999999897e+00,1.690587912624560119e+01
1.260000000000000009e+00,1.688858400179454833e+01
1.260999999999999899e+00,1.700994174541819959e+01
1.262000000000000011e+00,1.700541115787700264e+01
1.262999999999999901e+00,1.693801216711105440e+01
1.264000000000000012e+00,1.697694496771241646e+01
1.264999999999999902e+00,1.697023050346320616e+01
1.266000000000000014e+00,1.693580519026670927e+01
1.266999999999999904e+00,1.690174285403017151e+01
1.268000000000000016e+00,1.703348260715577567e+01
1.268999999999999906e+00,1.698589783584699120e+01
1.270000000000000018e+00,1.698032899534764084e+01
1.270999999999999908e+00,1.702658330012833687e+01
1.272000000000000020e+00,1.696714187560457887e+01
1.272999999999999909e+00,1.704094810873249699e+01
1.274000000000000021e+00,1.706212649999075026e+01
1.274999999999999911e+00,1.702231246548511123e+01
1.276000000000000023e+00,1.702787644408540757e+01
1.276999999999999913e+00,1.697948422429616500e+01
1.278000000000000025e+00,1.701571723605443864e+01
1.278999999999999915e+00,1.704958801681323166e+01
1.280000000000000027e+00,1.699427180127028336e+01
1.280999999999999917e+00,1.695947937013736606e+01
1.282000000000000028e+00,1.696674956792865885e+01
1.282999999999999918e+00,1.695049739446621118e+01
1.284000000000000030e+00,1.694057560067156842e+01
1.284999999999999920e+00,1.697077149260940843e+01
1.286000000000000032e+00,1.692514424516739879e+01
1.286999999999999922e+00,1.696454509165169355e+01
1.288000000000000034e+00,1.699052084982130140e+01
1.288999999999999924e+00,1.693317679666996867e+01
1.290000000000000036e+00,1.690988233062708090e+01
1.290999999999999925e+00,1.696933944129479244e+01
1.292000000000000037e+00,1.693249064590150965e+01
1.292999999999999927e+00,1.691988831614076361e+01
1.294000000000000039e+00,1.692993740688405069e+01
1.294999999999999929e+00,1.700751026864086768e+01
1.296000000000000041e+00,1.703174119873463610e+01
1.296999999999999931e+00,1.702407187797662047e+01
1.298000000000000043e+00,1.702997840463805801e+01
1.298999999999999932e+00,1.698058278836353452e+01
1.300000000000000044e+00,1.700245371548460938e+01
1.300999999999999934e+00,1.691327691357958329e+01
1.302000000000000046e+00,1.695481720567859441e+01
1.302999999999999936e+00,1.696080037361883797e+01
1.304000000000000048e+00,1.694417120988820002e+01
1.304999999999999938e+00,1.694378208975622258e+01
1.306000000000000050e+00,1.699855840431701637e+01
1.306999999999999940e+00,1.690935162532361957e+01
1.308000000000000052e+00,1.689304437665204262e+01
1.308999999999999941e+00,1.698414861206803295e+01
1.310000000000000053e+00,1.696330737259202337e+01
1.310999999999999943e+00,1.702551407699570518e+01
1.312000000000000055e+00,1.699266584115741807e+01
1.312999999999999945e+00,1.691701227091794379e+01
1.314000000000000057e+00,1.696768578835257912e+01
1.314999999999999947e+00,1.699642231384948587e+01
1.316000000000000059e+00,1.692583097554988214e+01
1.316999999999999948e+00,1.691045273408095539e+01
1.318000000000000060e+00,1.693124263645412242e+01
1.318999999999999950e+00,1.688110503535493834e+01
1.320000000000000062e+00,1.685710251833954842e+01
1.320999999999999952e+00,1.689549288572590768e+01
1.322000000000000064e+00,1.696374841192268690e+01
1.322999999999999954e+00,1.691225564170079565e+01
1.324000000000000066e+00,1.690110119356731033e+01
1.324999999999999956e+00,1.695019516503381851e+01
1.326000000000000068e+00,1.692976662519068043e+01
1.326999999999999957e+00,1.698172936952035528e+01
1.328000000000000069e+00,1.696045355394458554e+01
1.328999999999999959e+00,1.692372802699581058e+01
1.330000000000000071e+00,1.693951212935191108e+01
1.330999999999999961e+00,1.696777234464005346e+01
1.332000000000000073e+00,1.690585642112717935e+01
1.332999999999999963e+00,1.691355599070902826e+01
1.334000000000000075e+00,1.690136790110509679e+01
1.334999999999999964e+00,1.697718674670583283e+01
1.336000000000000076e+00,1.694379460852403341e+01
1.336999999999999966e+00,1.703827482642826396e+01
1.338000000000000078e+00,1.687900774013721872e+01
1.338999999999999968e+00,1.697785708877529132e+01
1.340000000000000080e+00,1.690939769746043453e+01
1.340999999999999970e+00,1.697198805485799866e+01
1.342000000000000082e+00,1.698612756042079752e+01
1.342999999999999972e+00,1.701145025499759100e+01
1.344000000000000083e+00,1.699562260662345636e+01
1.344999999999999973e+00,1.708145053268396296e+01
1.346000000000000085e+00,1.698361350747106613e+01
1.346999999999999975e+00,1.695213992309384921e+01
1.348000000000000087e+00,1.689928955354171691e+01
1.348999999999999977e+00,1.690822542354518276e+01
1.350000000000000089e+00,1.694636161515792949e+01
1.350999999999999979e+00,1.694019408705128527e+01
1.352000000000000091e+00,1.698741631483350289e+01
1.352999999999999980e+00,1.695776070598462937e+01
1.354000000000000092e+00,1.690808780069846406e+01
1.354999999999999982e+00,1.694587254153100986e+01
1.356000000000000094e+00,1.695895468369447912e+01
1.356999999999999984e+00,1.699039693899824499e+01
1.358000000000000096e+00,1.695251596793798754e+01
1.358999999999999986e+00,1.693967437322461933e+01
1.360000000000000098e+00,1.696414434592973208e+01
1.360999999999999988e+00,1.699516581950581440e+01
1.362000000000000099e+00,1.697459485803945967e+01
1.362999999999999989e+00,1.703085210648785619e+01
1.364000000000000101e+00,1.705444437058590523e+01
1.364999999999999991e+00,1.700372371696441576e+01
1.366000000000000103e+00,1.695820618753402442e+01
1.366999999999999993e+00,1.695431057777480532e+01
1.368000000000000105e+00,1.699554133960431912e+01
1.368999999999999995e+00,1.697805040660270848e+01
1.370000000000000107e+00,1.700947837827088449e+01
1.370999999999999996e+00,1.694628263403288670e+01
1.372000000000000108e+00,1.700331425099542315e+01
1.372999999999999998e+00,1.695896792263578234e+01
1.374000000000000110e+00,1.690437570910067322e+01
1.375000000000000000e+00,1.697239248820703850e+01
1.375999999999999890e+00,1.696282474077325375e+01
1.377000000000000002e+00,1.701938813470009393e+01
1.377999999999999892e+00,1.698461236515044703e+01
1.379000000000000004e+00,1.692638233664860792e+01
1.379999999999999893e+00,1.694368469056347593e+01
1.381000000000000005e+00,1.696319045644322898e+01
1.381999999999999895e+00,1.691459708659091987e+01
1.383000000000000007e+00,1.696303444438548880e+01
1.383999999999999897e+00,1.701269714875862604e+01
1.385000000000000009e+00,1.696649857088416624e+01
1.385999999999999899e+00,1.689985049280726770e+01
1.387000000000000011e+00,1.691223982752305943e+01
1.387999999999999901e+00,1.687587119166611771e+01
1.389000000000000012e+00,1.693345838906056855e+01
1.389999999999999902e+00,1.690541922798599828e+01
1.391000000000000014e+00,1.693721663241797515e+01
1.391999999999999904e+00,1.693762844986098415e+01
1.393000000000000016e+00,1.695889501321930837e+01
1.393999999999999906e+00,1.701536541013355475e+01
1.395000000000000018e+00,1.696709072202190782e+01
1.395999999999999908e+00,1.695686504204019229e+01
1.397000000000000020e+00,1.697559001801771572e+01
1.397999999999999909e+00,1.697004926989403373e+01
1.399000000000000021e+00,1.696323146955541716e+01
1.399999999999999911e+00,1.694477066268174426e+01
1.401000000000000023e+00,1.690960443638972066e+01
1.401999999999999913e+00,1.695365148523048049e+01
1.403000000000000025e+00,1.692777686892147671e+01
1.403999999999999915e+00,1.689717640782864549e+01
1.405000000000000027e+00,1.692332867851669675e+01
1.405999999999999917e+00,1.697670157399953439e+01
1.407000000000000028e+00,1.697207481731700085e+01
1.407999999999999918e+00,1.703685420924865213e+01
1.409000000000000030e+00,1.695121350271347183e+01
1.409999999999999920e+00,1.701205766463217373e+01
1.411000000000000032e+00,1.697645203957448246e+01
1.411999999999999922e+00,1.696651947782692460e+01
1.413000000000000034e+00,1.698324119628846063e+01
1.413999999999999924e+00,1.702267794112832888e+01
1.415000000000000036e+00,1.695228464237552046e+01
1.415999999999999925e+00,1.693328423789546733e+01
1.417000000000000037e+00,1.689241440683287010e+01
1.417999999999999927e+00,1.695819655263028736e+01
1.419000000000000039e+00,1.698891059210805210e+01
1.419999999999999929e+00,1.690237322098739270e+01
1.421000000000000041e+00,1.694142859588621874e+01
1.421999999999999931e+00,1.694283974753377109e+01
1.423000000000000043e+00,1.694991420330275389e+01
1.423999999999999932e+00,1.697029638514188932e+01
1.425000000000000044e+00,1.697336494438447474e+01
1.425999999999999934e+00,1.691496255814143268e+01
1.427000000000000046e+00,1.690106052053356933e+01
1.427999999999999936e+00,1.694888475776014047e+01
1.429000000000000048e+00,1.697711374101164594e+01
1.429999999999999938e+00,1.694048374913769095e+01
1.431000000000000050e+00,1.695705994515452630e+01
1.431999999999999940e+00,1.699080981170257587e+01
1.433000000000000052e+00,1.691402483333854434e+01
1.433999999999999941e+00,1.691265766444402985e+01
1.435000000000000053e+00,1.690117259543495720e+01
1.435999999999999943e+00,1.692620328780413530e+01
1.437000000000000055e+00,1.694530344320589421e+01
1.437999999999999945e+00,1.698266919417125109e+01
1.439000000000000057e+00,1.688001926844286515e+01
1.439999999999999947e+00,1.693720471674376782e+01
1.441000000000000059e+00,1.694870841400292960e+01
1.441999999999999948e+00,1.690960191020964132e+01
1.443000000000000060e+00,1.689083285678129798e+01
1.443999999999999950e+00,1.689045599086750471e+01
1.445000000000000062e+00,1.687690736510126754e+01
1.445999999999999952e+00,1.701637360957412781e+01
1.447000000000000064e+00,1.690060566150296850e+01
1.447999999999999954e+00,1.693051476467594085e+01
1.449000000000000066e+00,1.694766382703106800e+01
1.449999999999999956e+00,1.690228891644092357e+01
1.451000000000000068e+00,1.692973461613078356e+01
1.451999999999999957e+00,1.697455729104855848e+01
1.453000000000000069e+00,1.694555308759873924e+01
1.453999999999999959e+00,1.692470900665591671e+01
1.455000000000000071e+00,1.697202511655508772e+01
1.455999999999999961e+00,1.693572876119337423e+01
1.457000000000000073e+00,1.689396465207714471e+01
1.457999999999999963e+00,1.695450574864496929e+01
1.459000000000000075e+00,1.698496687415392259e+01
1.459999999999999964e+00,1.697738582889643055e+01
1.461000000000000076e+00,1.696239925714925079e+01
1.461999999999999966e+00,1.692330370129344885e+01
1.463000000000000078e+00,1.698324337817667384e+01
1.463999999999999968e+00,1.696237521320841424e+01
1.465000000000000080e+00,1.695898212520908288e+01
1.465999999999999970e+00,1.691328504692487300e+01
1.467000000000000082e+00,1.692514927819649984e+01
1.467999999999999972e+00,1.686713811843631916e+01
1.469000000000000083e+00,1.695691118169017386e+01
1.469999999999999973e+00,1.689508552320785384e+01
1.471000000000000085e+00,1.695186386358977870e+01
1.471999999999999975e+00,1.684353248438949890e+01
1.473000000000000087e+00,1.685234480598948181e+01
1.473999999999999977e+00,1.686709549661191332e+01
1.475000000000000089e+00,1.689258499519907275e+01
1.475999999999999979e+00,1.693570566498879870e+01
1.477000000000000091e+00,1.683844551985762195e+01
1.477999999999999980e+00,1.695750750673275320e+01
1.479000000000000092e+00,1.685850098098851646e+01
1.479999999999999982e+00,1.691376192075583518e+01
1.481000000000000094e+00,1.684456722503167825e+01
1.481999999999999984e+00,1.695632398067853330e+01
1.483000000000000096e+00,1.690964194872042015e+01
1.483999999999999986e+00,1.691533522378413323e+01
1.485000000000000098e+00,1.690662938389734649e+01
1.485999999999999988e+00,1.693125742989050408e+01
1.487000000000000099e+00,1.690279082485988837e+01
1.487999999999999989e+00,1.692667453966068081e+01
1.489000000000000101e+00,1.690935260482253710e+01
1.489999999999999991e+00,1.689851574818855084e+01
1.491000000000000103e+00,1.690431930634851909e+01
1.491999999999999993e+00,1.688758965792970912e+01
1.493000000000000105e+00,1.689134898838354104e+01
1.493999999999999995e+00,1.686808116731562279e+01
1.495000000000000107e+00,1.693772276022560774e+01
1.495999999999999996e+00,1.693501193752054590e+01
1.497000000000000108e+00,1.692005753786927613e+01
1.497999999999999998e+00,1.689132435899234252e+01
1.499000000000000110e+00,1.685522444746678872e+01
1.500000000000000000e+00,1.690149037971772117e+01
1.500999999999999890e+00,1.691725968555385506e+01
1.502000000000000002e+00,1.690135765795496781e+01
1.502999999999999892e+00,1.691436386532760139e+01
1.504000000000000004e+00,1.688104796686014453e+01
1.504999999999999893e+00,1.692614670801251009e+01
1.506000000000000005e+00,1.690313051706603176e+01
1.506999999999999895e+00,1.696030336346324674e+01
1.508000000000000007e+00,1.700277105765609065e+01
1.508999999999999897e+00,1.700117665050449389e+01
1.510000000000000009e+00,1.690672586688382495e+01
1.510999999999999899e+00,1.698751911900266620e+01
1.512000000000000011e+00,1.695271160506492691e+01
1.512999999999999901e+00,1.702217150301882498e+01
1.514000000000000012e+00,1.692606948510159270e+01
1.514999999999999902e+00,1.690173462573269347e+01
1.516000000000000014e+00,1.689474773829200061e+01
1.516999999999999904e+00,1.692914193747086316e+01
1.518000000000000016e+00,1.695273085510343236e+01
1.518999999999999906e+00,1.684934793208741866e+01
1.520000000000000018e+00,1.694974091559111429e+01
1.520999999999999908e+00,1.698711569173553926e+01
1.522000000000000020e+00,1.687110356118322940e+01
1.522999999999999909e+00,1.696281431746969304e+01
1.524000000000000021e+00,1.700826039378157262e+01
1.524999999999999911e+00,1.703644794346900682e+01
1.526000000000000023e+00,1.695052970665489056e+01
1.526999999999999913e+00,1.701477368431696391e+01
1.528000000000000025e+00,1.696100491350377837e+01
1.528999999999999915e+00,1.694217929570805836e+01
1.530000000000000027e+00,1.701064197055171334e+01
1.530999999999999917e+00,1.696963019733033562e+01
1.532000000000000028e+00,1.688157625425087005e+01
1.532999999999999918e+00,1.690358793921673097e+01
1.534000000000000030e+00,1.691731816412113432e+01
1.534999999999999920e+00,1.691281061964344090e+01
1.536000000000000032e+00,1.690091201842911772e+01
1.536999999999999922e+00,1.695800500496093832e+01
1.538000000000000034e+00,1.695970901664652786e+01
1.538999999999999924e+00,1.690509120280434630e+01
1.540000000000000036e+00,1.694307465522493317e+01
1.540999999999999925e+00,1.697283885017466787e+01
1.542000000000000037e+00,1.697050508253944301e+01
1.542999999999999927e+00,1.697628908100413980e+01
1.544000000000000039e+00,1.698362220789989507e+01
1.544999999999999929e+00,1.700573981841775151e+01
1.546000000000000041e+00,1.696858331573164591e+01
1.546999999999999931e+00,1.696282770533157702e+01
1.548000000000000043e+00,1.701478158829901588e+01
1.548999999999999932e+00,1.691312636137342906e+01
1.550000000000000044e+00,1.689152970609409721e+01
1.550999999999999934e+00,1.695261071971294697e+01
1.552000000000000046e+00,1.691441558985953364e+01
1.552999999999999936e+00,1.703558033228255297e+01
1.554000000000000048e+00,1.697536918810758166e+01
1.554999999999999938e+00,1.693890677438961490e+01
1.556000000000000050e+00,1.695478281427032741e+01
1.556999999999999940e+00,1.695474319449448330e+01
1.558000000000000052e+00,1.688130003284179637e+01
1.558999999999999941e+00,1.693257484068027452e+01
1.560000000000000053e+00,1.691078248362348901e+01
1.560999999999999943e+00,1.691987574155641383e+01
1.562000000000000055e+00,1.692164005422423401e+01
1.562999999999999945e+00,1.695068410628786637e+01
1.564000000000000057e+00,1.697940343578572353e+01
1.564999999999999947e+00,1.699498984244663546e+01
1.566000000000000059e+00,1.694568939130464003e+01
1.566999999999999948e+00,1.700280853429323003e+01
1.568000000000000060e+00,1.698523086353540634e+01
1.568999999999999950e+00,1.693217351896473843e+01
1.570000000000000062e+00,1.693409495976721146e+01
1.570999999999999952e+00,1.695392754194803331e+01
1.572000000000000064e+00,1.695236604396607305e+01
1.572999999999999954e+00,1.694765179458208948e+01
1.574000000000000066e+00,1.698808135101320715e+01
1.574999999999999956e+00,1.696929203121386465e+01
1.576000000000000068e+00,1.696625837616467791e+01
1.576999999999999957e+00,1.697182947128704456e+01
1.578000000000000069e+00,1.696376981334408640e+01
1.578999999999999959e+00,1.695860797748487059e+01
1.580000000000000071e+00,1.704768288897799167e+01
1.580999999999999961e+00,1.697707694487208485e+01
1.582000000000000073e+00,1.703240111743595619e+01
1.582999999999999963e+00,1.700334180674028772e+01
1.584000000000000075e+00,1.692847955050503472e+01
1.584999999999999964e+00,1.692139592134392956e+01
1.586000000000000076e+00,1.696206260017043022e+01
1.586999999999999966e+00,1.699615735573157593e+01
1.588000000000000078e+00,1.702820615955923955e+01
1.588999999999999968e+00,1.696933073564183303e+01
1.590000000000000080e+00,1.700005105559939977e+01
1.590999999999999970e+00,1.700736785420987118e+01
1.592000000000000082e+00,1.703443590823886211e+01
1.592999999999999972e+00,1.698903163768472879e+01
1.594000000000000083e+00,1.700285044995825956e+01
1.594999999999999973e+00,1.698371470504843117e+01
1.596000000000000085e+00,1.694724581185818124e+01
1.596999999999999975e+00,1.697630547217823960e+01
1.598000000000000087e+00,1.695992958491430258e+01
1.598999999999999977e+00,1.695210606417685995e+01
1.600000000000000089e+00,1.695774368706208435e+01
1.600999999999999979e+00,1.695283273593904028e+01
1.602000000000000091e+00,1.689745958064302300e+01
1.602999999999999980e+00,1.701477687132755889e+01
1.604000000000000092e+00,1.704476359233547811e+01
1.604999999999999982e+00,1.700684898869454997e+01
1.606000000000000094e+00,1.699863831590505470e+01
1.606999999999999984e+00,1.699256636625788985e+01
1.608000000000000096e+00,1.697792197995801189e+01
1.608999999999999986e+00,1.698976725419101896e+01
1.610000000000000098e+00,1.702483118943232299e+01
1.610999999999999988e+00,1.699671490017106024e+01
1.612000000000000099e+00,1.694809947375702919e+01
1.612999999999999989e+00,1.699070469052963617e+01
1.614000000000000101e+00,1.694115563027982319e+01
1.614999999999999991e+00,1.697400426920179584e+01
1.616000000000000103e+00,1.694683205077146937e+01
1.616999999999999993e+00,1.695732668853451841e+01
1.618000000000000105e+00,1.691270496600030881e+01
1.618999999999999995e+00,1.692281240925717256e+01
1.620000000000000107e+00,1.695192863933111127e+01
1.620999999999999996e+00,1.695672350512506554e+01
1.622000000000000108e+00,1.695796128447418738e+01
1.622999999999999998e+00,1.692158767599871183e+01
1.624000000000000110e+00,1.692170750856960382e+01
1.625000000000000000e+00,1.696399918771998827e+01
1.625999999999999890e+00,1.693916281344345975e+01
1.627000000000000002e+00,1.698432289891260893e+01
1.627999999999999892e+00,1.697117253252571700e+01
1.629000000000000004e+00,1.699250131254705565e+01
1.629999999999999893e+00,1.689762226084953056e+01
1.631000000000000005e+00,1.695559068638202760e+01
1.631999999999999895e+00,1.693205195878783442e+01
1.633000000000000007e+00,1.696377352828655560e+01
1.633999999999999897e+00,1.702444018012799631e+01
1.635000000000000009e+00,1.696165577704322658e+01
1.635999999999999899e+00,1.697149905013834470e+01
1.637000000000000011e+00,1.698273989241076265e+01
1.637999999999999901e+00,1.698151968956369018e+01
1.639000000000000012e+00,1.691391399897397463e+01
1.639999999999999902e+00,1.693110913700125408e+01
1.641000000000000014e+00,1.695284524697909134e+01
1.641999999999999904e+00,1.696739171679949010e+01
1.643000000000000016e+00,1.694173063737259000e+01
1.643999999999999906e+00,1.689143445453729697e+01
1.645000000000000018e+00,1.690617525385061626e+01
1.645999999999999908e+00,1.701250732073051353e+01
1.647000000000000020e+00,1.698315669542948214e+01
1.647999999999999909e+00,1.691007700074188591e+01
1.649000000000000021e+00,1.691172726531470971e+01
1.649999999999999911e+00,1.693960841829184005e+01
1.651000000000000023e+00,1.694194647233997131e+01
1.651999999999999913e+00,1.695527045366838337e+01
1.653000000000000025e+00,1.694757759875889747e+01
1.653999999999999915e+00,1.698282277930393747e+01
1.655000000000000027e+00,1.689653401982817016e+01
1.655999999999999917e+00,1.692358847813888190e+01
1.657000000000000028e+00,1.688479090727102161e+01
1.657999999999999918e+00,1.695533333077177218e+01
1.659000000000000030e+00,1.697485184179038598e+01
1.659999999999999920e+00,1.693739407874127068e+01
1.661000000000000032e+00,1.688156340797997501e+01
1.661999999999999922e+00,1.691897464166049403e+01
1.663000000000000034e+00,1.689328720977205478e+01
1.663999999999999924e+00,1.697861936929909987e+01
1.665000000000000036e+00,1.701608681324561800e+01
1.665999999999999925e+00,1.700470797535228940e+01
1.667000000000000037e+00,1.692377292729821647e+01
1.667999999999999927e+00,1.695439409225583560e+01
1.669000000000000039e+00,1.698544911454057171e+01
1.669999999999999929e+00,1.694787860564051130e+01
1.671000000000000041e+00,1.698434469335171570e+01
1.671999999999999931e+00,1.700976711654574203e+01
1.673000000000000043e+00,1.695207662772771329e+01
1.673999999999999932e+00,1.700545045050317938e+01
1.675000000000000044e+00,1.691043353080318568e+01
1.675999999999999934e+00,1.697689648352604408e+01
1.677000000000000046e+00,1.694070816517286815e+01
1.677999999999999936e+00,1.689854209449858047e+01
1.679000000000000048e+00,1.698595438871878827e+01
1.679999999999999938e+00,1.695426444188822401e+01
1.681000000000000050e+00,1.689706477669148299e+01
1.681999999999999940e+00,1.700248704675546207e+01
1.683000000000000052e+00,1.693126727332712278e+01
1.683999999999999941e+00,1.690915693005671727e+01
1.685000000000000053e+00,1.701375983772192058e+01
1.685999999999999943e+00,1.698177668283836894e+01
1.687000000000000055e+00,1.698352417088727151e+01
1.687999999999999945e+00,1.701690968147040905e+01
1.689000000000000057e+00,1.699888761307293805e+01
1.689999999999999947e+00,1.697792203082738993e+01
1.691000000000000059e+00,1.697264644618698881e+01
1.691999999999999948e+00,1.695835371664899327e+01
1.693000000000000060e+00,1.696741971991261266e+01
1.693999999999999950e+00,1.692485172766885171e+01
1.695000000000000062e+00,1.696828808207682471e+01
1.695999999999999952e+00,1.702321059645655765e+01
1.697000000000000064e+00,1.695499874998441214e+01
1.697999999999999954e+00,1.691553866502933801e+01
1.699000000000000066e+00,1.691266231212217619e+01
1.699999999999999956e+00,1.692573971461746041e+01
1.701000000000000068e+00,1.694807481920617676e+01
1.701999999999999957e+00,1.693229850449323237e+01
1.703000000000000069e+00,1.698018329050159281e+01
1.703999999999999959e+00,1.692823786903161931e+01
1.705000000000000071e+00,1.694918328435410260e+01
1.705999999999999961e+00,1.694207760602150969e+01
1.707000000000000073e+00,1.695014618895033820e+01
1.707999999999999963e+00,1.693593332241461269e+01
1.709000000000000075e+00,1.684643624286072239e+01
1.709999999999999964e+00,1.692829584959201128e+01
1.711000000000000076e+00,1.695222993560672009e+01
1.711999999999999966e+00,1.702638974471932443e+01
1.713000000000000078e+00,1.688073313898089012e+01
1.713999999999999968e+00,1.691387729281969854e+01
1.715000000000000080e+00,1.699057644863900407e+01
1.715999999999999970e+00,1.692175454486615394e+01
1.717000000000000082e+00,1.693509495311069202e+01
1.717999999999999972e+00,1.686109910738823459e+01
1.719000000000000083e+00,1.690703399807666685e+01
1.719999999999999973e+00,1.693277688837918760e+01
1.721000000000000085e+00,1.696651365281912760e+01
1.721999999999999975e+00,1.693207991674256263e+01
1.723000000000000087e+00,1.692221732299991288e+01
1.723999999999999977e+00,1.697322394209715668e+01
1.725000000000000089e+00,1.696692373894380523e+01
1.725999999999999979e+00,1.701139970128296142e+01
1.727000000000000091e+00,1.699586310822717294e+01
1.727999999999999980e+00,1.699916729178924513e+01
1.729000000000000092e+00,1.699939356450529004e+01
1.729999999999999982e+00,1.696899216333214255e+01
1.731000000000000094e+00,1.698826226844543186e+01
1.731999999999999984e+00,1.699729149414317675e+01
1.733000000000000096e+00,1.691153237889120220e+01
1.733999999999999986e+00,1.690905078313573640e+01
1.735000000000000098e+00,1.693218425410513106e+01
1.735999999999999988e+00,1.691997617083020700e+01
1.737000000000000099e+00,1.696353192718004621e+01
1.737999999999999989e+00,1.700886371342561176e+01
1.739000000000000101e+00,1.698835136158413661e+01
1.739999999999999991e+00,1.701865976874883302e+01
1.741000000000000103e+00,1.697533262136946419e+01
1.741999999999999993e+00,1.695571699749682182e+01
1.743000000000000105e+00,1.698785262001127805e+01
1.743999999999999995e+00,1.697082231617928016e+01
1.745000000000000107e+00,1.699207178049239175e+01
1.745999999999999996e+00,1.706395345517302431e+01
1.747000000000000108e+00,1.704144026257338496e+01
1.747999999999999998e+00,1.700076493279573242e+01
1.749000000000000110e+00,1.703042910816999722e+01
1.750000000000000000e+00,1.702551443670728659e+01
1.750999999999999890e+00,1.701474828136359108e+01
1.752000000000000002e+00,1.704254450008875921e+01
1.752999999999999892e+00,1.701488286587884247e+01
1.754000000000000004e+00,1.706872152491629535e+01
1.754999999999999893e+00,1.704107697537153143e+01
1.756000000000000005e+00,1.705174972433610847e+01
1.756999999999999895e+00,1.702015039092282223e+01
1.758000000000000007e+00,1.700112448837090540e+01
1.758999999999999897e+00,1.699316578732737071e+01
1.760000000000000009e+00,1.705993035154078896e+01
1.760999999999999899e+00,1.703318254237774454e+01
1.762000000000000011e+00,1.701588663241311750e+01
1.762999999999999901e+00,1.701337390772956581e+01
1.764000000000000012e+00,1.703155234395746476e+01
1.764999999999999902e+00,1.699698614121454909e+01
1.766000000000000014e+00,1.704022938681659838e+01
1.766999999999999904e+00,1.701183951804995687e+01
1.768000000000000016e+00,1.702432703676750236e+01
1.768999999999999906e+00,1.702578356384418257e+01
1.770000000000000018e+00,1.700179501794954007e+01
1.770999999999999908e+00,1.707444346083248377e+01
1.772000000000000020e+00,1.698428755586164840e+01
1.772999999999999909e+00,1.708921227461290115e+01
1.774000000000000021e+00,1.708955939790169154e+01
1.774999999999999911e+00,1.703503198395699769e+01
1.776000000000000023e+00,1.712846533752413336e+01
1.776999999999999913e+00,1.702629645035633388e+01
1.778000000000000025e+00,1.699729580919624894e+01
1.778999999999999915e+00,1.703829637177782885e+01
1.780000000000000027e+00,1.706246590856666501e+01
1.780999999999999917e+00,1.699599093949451500e+01
1.782000000000000028e+00,1.695039673860382479e+01
1.782999999999999918e+00,1.696337155787205475e+01
1.784000000000000030e+00,1.693880084864234448e+01
1.784999999999999920e+00,1.691630108638238283e+01
1.786000000000000032e+00,1.699785130265743405e+01
1.786999999999999922e+00,1.691694708768995170e+01
1.788000000000000034e+00,1.692896488309170877e+01
1.788999999999999924e+00,1.692500585562446602e+01
1.790000000000000036e+00,1.688270734018709973e+01
1.790999999999999925e+00,1.689186954480421221e+01
1.792000000000000037e+00,1.682306289380833420e+01
1.792999999999999927e+00,1.697057902774966109e+01
1.794000000000000039e+00,1.700641937786280522e+01
1.794999999999999929e+00,1.693022086888599986e+01
1.796000000000000041e+00,1.691789501397508744e+01
1.796999999999999931e+00,1.695990094369607704e+01
1.798000000000000043e+00,1.693716686445278441e+01
1.798999999999999932e+00,1.691438347065004777e+01
1.800000000000000044e+00,1.691908557161757543e+01
1.800999999999999934e+00,1.692060926973058699e+01
1.802000000000000046e+00,1.686141402278935431e+01
1.802999999999999936e+00,1.688278305835986615e+01
1.804000000000000048e+00,1.693147273598179936e+01
1.804999999999999938e+00,1.698274580247231214e+01
1.806000000000000050e+00,1.690303770153273177e+01
1.806999999999999940e+00,1.697812303159762592e+01
1.808000000000000052e+00,1.694728925134261743e+01
1.808999999999999941e+00,1.697698695832141880e+01
1.810000000000000053e+00,1.689843969251792899e+01
1.810999999999999943e+00,1.694855747903929100e+01
1.812000000000000055e+00,1.692249710135101637e+01
1.812999999999999945e+00,1.700536492170995828e+01
1.814000000000000057e+00,1.691332723632139334e+01
1.814999999999999947e+00,1.694085919828157216e+01
1.816000000000000059e+00,1.700825203506773420e+01
1.816999999999999948e+00,1.694384181031517755e+01
1.818000000000000060e+00,1.697512846998880320e+01
1.818999999999999950e+00,1.694149868625552102e+01
1.820000000000000062e+00,1.699393193496860377e+01
1.820999999999999952e+00,1.699373766728806245e+01
1.822000000000000064e+00,1.698239958206481504e+01
1.822999999999999954e+00,1.695470897628607077e+01
1.824000000000000066e+00,1.699194029558490726e+01
1.824999999999999956e+00,1.696937692921655128e+01
1.826000000000000068e+00,1.691232686830225873e+01
1.826999999999999957e+00,1.702197720377769485e+01
1.828000000000000069e+00,1.701357005244850029e+01
1.828999999999999959e+00,1.698961136430032326e+01
1.830000000000000071e+00,1.698951389743629647e+01
1.830999999999999961e+00,1.699429538820179175e+01
1.832000000000000073e+00,1.695613312906251480e+01
1.832999999999999963e+00,1.697634077409672670e+01
1.834000000000000075e+00,1.689741835304287321e+01
1.834999999999999964e+00,1.693440145193957846e+01
1.836000000000000076e+00,1.698517044664662023e+01
1.836999999999999966e+00,1.691202651398901580e+01
1.838000000000000078e+00,1.690807183856543361e+01
1.838999999999999968e+00,1.690546979741483113e+01
1.840000000000000080e+00,1.691987446621932989e+01
1.840999999999999970e+00,1.695386065032111489e+01
1.842000000000000082e+00,1.690974555659202494e+01
1.842999999999999972e+00,1.694157463823890808e+01
1.844000000000000083e+00,1.688870866830674800e+01
1.844999999999999973e+00,1.690013917253891762e+01
1.846000000000000085e+00,1.687025519540013363e+01
1.846999999999999975e+00,1.691405657611989355e+01
1.848000000000000087e+00,1.696232049654892293e+01
1.848999999999999977e+00,1.689394976581406738e+01
1.850000000000000089e+00,1.692760930095484184e+01
1.850999999999999979e+00,1.694244704664378887e+01
1.852000000000000091e+00,1.698468760211697060e+01
1.852999999999999980e+00,1.693266703631412895e+01
1.854000000000000092e+00,1.700182070762334874e+01
1.854999999999999982e+00,1.689659792619624312e+01
1.856000000000000094e+00,1.695071246250259733e+01
1.856999999999999984e+00,1.694927586108287443e+01
1.858000000000000096e+00,1.693556985458589637e+01
1.858999999999999986e+00,1.695926356891661513e+01
1.860000000000000098e+00,1.690892913733380354e+01
1.860999999999999988e+00,1.695250786571508428e+01
1.862000000000000099e+00,1.693163425371629316e+01
1.862999999999999989e+00,1.691575361168964520e+01
1.864000000000000101e+00,1.697361884595397186e+01
1.864999999999999991e+00,1.698489499106092282e+01
1.866000000000000103e+00,1.693525656426842119e+01
1.866999999999999993e+00,1.696611629997189397e+01
1.868000000000000105e+00,1.701338799406988755e+01
1.868999999999999995e+00,1.693590293233476629e+01
1.870000000000000107e+00,1.698045820775357129e+01
1.870999999999999996e+00,1.701442454361185952e+01
1.872000000000000108e+00,1.696460159844543725e+01
1.872999999999999998e+00,1.700777183364420253e+01
1.874000000000000110e+00,1.697621901467604033e+01
1.875000000000000000e+00,1.695582421699447195e+01
1.875999999999999890e+00,1.690450991271137937e+01
1.877000000000000002e+00,1.692140224337765630e+01
1.877999999999999892e+00,1.692503796725326382e+01
1.879000000000000004e+00,1.699898938619192990e+01
1.879999999999999893e+00,1.696919185927797358e+01
1.881000000000000005e+00,1.696657468944049896e+01
1.881999999999999895e+00,1.691448635780606580e+01
1.883000000000000007e+00,1.703296067965144189e+01
1.883999999999999897e+00,1.699163897424400815e+01
1.885000000000000009e+00,1.700378906347955521e+01
1.885999999999999899e+00,1.695580055241233808e+01
1.887000000000000011e+00,1.689244772025583785e+01
1.887999999999999901e+00,1.698855338024777240e+01
1.889000000000000012e+00,1.690246248675196483e+01
1.889999999999999902e+00,1.691726251058966923e+01
1.891000000000000014e+00,1.688177747567170073e+01
1.891999999999999904e+00,1.686524069914530344e+01
1.893000000000000016e+00,1.698256869985318218e+01
1.893999999999999906e+00,1.700755653900398912e+01
1.895000000000000018e+00,1.688552058781883503e+01
1.895999999999999908e+00,1.691415781186906031e+01
1.897000000000000020e+00,1.692512204195709913e+01
1.897999999999999909e+00,1.694336820805192900e+01
1.899000000000000021e+00,1.693699561636903894e+01
1.899999999999999911e+00,1.694860306360699198e+01
1.901000000000000023e+00,1.694382375628519810e+01
1.901999999999999913e+00,1.695862255246364114e+01
1.903000000000000025e+00,1.697361358451072633e+01
1.903999999999999915e+00,1.693913999693270256e+01
1.905000000000000027e+00,1.697331204950820549e+01
1.905999999999999917e+00,1.691413698963021872e+01
1.907000000000000028e+00,1.694932486013876272e+01
1.907999999999999918e+00,1.687464673030087425e+01
1.909000000000000030e+00,1.694120884872080879e+01
1.909999999999999920e+00,1.684106561803907098e+01
1.911000000000000032e+00,1.691707282194692397e+01
1.911999999999999922e+00,1.692395053529205740e+01
1.913000000000000034e+00,1.688245163098840251e+01
1.913999999999999924e+00,1.694486013681593306e+01
1.915000000000000036e+00,1.686647703326671888e+01
1.915999999999999925e+00,1.687929448067319527e+01
1.917000000000000037e+00,1.689688852803843488e+01
1.917999999999999927e+00,1.690812175734573586e+01
1.919000000000000039e+00,1.689921646964676327e+01
1.919999999999999929e+00,1.688795062235912781e+01
1.921000000000000041e+00,1.693976287508137091e+01
1.921999999999999931e+00,1.688203669116366967e+01
1.923000000000000043e+00,1.692078094258584997e+01
1.923999999999999932e+00,1.685484595617806036e+01
1.925000000000000044e+00,1.689532984872402466e+01
1.925999999999999934e+00,1.696464855838380359e+01
1.927000000000000046e+00,1.698426911846683396e+01
1.927999999999999936e+00,1.691005035346493202e+01
1.929000000000000048e+00,1.695987754681815574e+01
1.929999999999999938e+00,1.691592090824148897e+01
1.931000000000000050e+00,1.698137976819302608e+01
1.931999999999999940e+00,1.697168252458779136e+01
1.933000000000000052e+00,1.694686846177604522e+01
1.933999999999999941e+00,1.695526146383324573e+01
1.935000000000000053e+00,1.694612855823968900e+01
1.935999999999999943e+00,1.692981635953901076e+01
1.937000000000000055e+00,1.706552797070046523e+01
1.937999999999999945e+00,1.693873339716259352e+01
1.939000000000000057e+00,1.695249436857560710e+01
1.939999999999999947e+00,1.696791997335758140e+01
1.941000000000000059e+00,1.686061863860628662e+01
1.941999999999999948e+00,1.696978105649433388e+01
1.943000000000000060e+00,1.696364491550990650e+01
1.943999999999999950e+00,1.695129432372015543e+01
1.945000000000000062e+00,1.697917669629346094e+01
1.945999999999999952e+00,1.700133683685264074e+01
1.947000000000000064e+00,1.692624332479257276e+01
1.947999999999999954e+00,1.694695413039765697e+01
1.949000000000000066e+00,1.698564983883698787e+01
1.949999999999999956e+00,1.694520997398660000e+01
1.951000000000000068e+00,1.693742410539246990e+01
1.951999999999999957e+00,1.697068822833179880e+01
1.953000000000000069e+00,1.693728750407315076e+01
1.953999999999999959e+00,1.690562628432576986e+01
1.955000000000000071e+00,1.699890143748605453e+01
1.955999999999999961e+00,1.692699313640309455e+01
1.957000000000000073e+00,1.690102101485319608e+01
1.957999999999999963e+00,1.689349872904795902e+01
1.959000000000000075e+00,1.697506333453609528e+01
1.959999999999999964e+00,1.695459693736260576e+01
1.961000000000000076e+00,1.694232515646563542e+01
1.961999999999999966e+00,1.693161103747554108e+01
1.963000000000000078e+00,1.691717949067714244e+01
1.963999999999999968e+00,1.688958786596562334e+01
1.965000000000000080e+00,1.692152874332273171e+01
1.965999999999999970e+00,1.692169786221933592e+01
1.967000000000000082e+00,1.694811963554997192e+01
1.967999999999999972e+00,1.695175935326010119e+01
1.969000000000000083e+00,1.699866802400781296e+01
1.969999999999999973e+00,1.695422403556233704e+01
1.971000000000000085e+00,1.700092314939673699e+01
1.971999999999999975e+00,1.701285115496950695e+01
1.973000000000000087e+00,1.702468490483443730e+01
1.973999999999999977e+00,1.706721571712958152e+01
1.975000000000000089e+00,1.702083388287656263e+01
1.975999999999999979e+00,1.697122591038230510e+01
1.977000000000000091e+00,1.700359770404055837e+01
1.977999999999999980e+00,1.708149498766397301e+01
1.979000000000000092e+00,1.696278681410079159e+01
1.979999999999999982e+00,1.693119318878651569e+01
1.981000000000000094e+00,1.690615635954870655e+01
1.981999999999999984e+00,1.694069730137492868e+01
1.983000000000000096e+00,1.703010494273850384e+01
1.983999999999999986e+00,1.692347463242838757e+01
1.985000000000000098e+00,1.693023659351586474e+01
1.985999999999999988e+00,1.696899494156766863e+01
1.987000000000000099e+00,1.695562357602879189e+01
1.987999999999999989e+00,1.697162052112679120e+01
1.989000000000000101e+00,1.706438330144985471e+01
1.989999999999999991e+00,1.692532581448170959e+01
1.991000000000000103e+00,1.686298021614205567e+01
1.991999999999999993e+00,1.696492072027747611e+01
1.993000000000000105e+00,1.687188111994674244e+01
1.993999999999999995e+00,1.690901396689177361e+01
1.995000000000000107e+00,1.682049540799544118e+01
1.995999999999999996e+00,1.695009130193185598e+01
1.997000000000000108e+00,1.694082897086364170e+01
1.997999999999999998e+00,1.702565020156999154e+01
1.999000000000000110e+00,1.695506896846696776e+01
2.000000000000000000e+00,1.698057995184941404e+01
2.000999999999999890e+00,1.699430877548898167e+01
2.001999999999999780e+00,1.697985385596733465e+01
2.003000000000000114e+00,1.702705872982633295e+01
2.004000000000000004e+00,1.701220301544218572e+01
2.004999999999999893e+00,1.703808234497611451e+01
2.005999999999999783e+00,1.701694066708420650e+01
2.007000000000000117e+00,1.702290778387243719e+01
2.008000000000000007e+00,1.707646947197163811e+01
2.008999999999999897e+00,1.704630248249242896e+01
2.009999999999999787e+00,1.698869904120246943e+01
2.011000000000000121e+00,1.704640701603280917e+01
2.012000000000000011e+00,1.704350191774734213e+01
2.012999999999999901e+00,1.704410240016579081e+01
2.013999999999999790e+00,1.701227828915180851e+01
2.015000000000000124e+00,1.703219055920139624e+01
2.016000000000000014e+00,1.704054377278850652e+01
2.016999999999999904e+00,1.709474060010287388e+01
2.017999999999999794e+00,1.703832470412249478e+01
2.019000000000000128e+00,1.702982408527556046e+01
2.020000000000000018e+00,1.702609339267609911e+01
2.020999999999999908e+00,1.695888766942173120e+01
2.021999999999999797e+00,1.700216464420927664e+01
2.023000000000000131e+00,1.698568190277327261e+01
2.024000000000000021e+00,1.697637364665719772e+01
2.024999999999999911e+00,1.697836117560262181e+01
2.025999999999999801e+00,1.702685931400787567e+01
2.027000000000000135e+00,1.702360302017142146e+01
2.028000000000000025e+00,1.698210350081188125e+01
2.028999999999999915e+00,1.697063303224499364e+01
2.029999999999999805e+00,1.706784954208128724e+01
2.031000000000000139e+00,1.702081481637265981e+01
2.032000000000000028e+00,1.709695189674216920e+01
2.032999999999999918e+00,1.702484502734775873e+01
2.033999999999999808e+00,1.704993136246156737e+01
2.035000000000000142e+00,1.697250171996960333e+01
2.036000000000000032e+00,1.699875816727739419e+01
2.036999999999999922e+00,1.705307365695430022e+01
2.037999999999999812e+00,1.696538353197498239e+01
2.039000000000000146e+00,1.701203010862737486e+01
2.040000000000000036e+00,1.691270934314890795e+01
2.040999999999999925e+00,1.706594652963858749e+01
2.041999999999999815e+00,1.699739963355882466e+01
2.043000000000000149e+00,1.701465893852854094e+01
2.044000000000000039e+00,1.696817853752294880e+01
2.044999999999999929e+00,1.693526491521970456e+01
2.045999999999999819e+00,1.697941051472012930e+01
2.047000000000000153e+00,1.706594344026911969e+01
2.048000000000000043e+00,1.697970860246246616e+01
2.048999999999999932e+00,1.705992539063101177e+01
2.049999999999999822e+00,1.702161990990156326e+01
2.051000000000000156e+00,1.698839481043999200e+01
2.052000000000000046e+00,1.700613388505081502e+01
2.052999999999999936e+00,1.698484705814239248e+01
2.053999999999999826e+00,1.707711133274540316e+01
2.055000000000000160e+00,1.701764508838413548e+01
2.056000000000000050e+00,1.704867539636502016e+01
2.056999999999999940e+00,1.708899877851266424e+01
2.057999999999999829e+00,1.707860234821911760e+01
2.059000000000000163e+00,1.706010818522967654e+01
2.060000000000000053e+00,1.703823902315159700e+01
2.060999999999999943e+00,1.696315716418956399e+01
2.061999999999999833e+00,1.701315440300539095e+01
2.063000000000000167e+00,1.700328038633514538e+01
2.064000000000000057e+00,1.697608635618524886e+01
2.064999999999999947e+00,1.705072567155260543e+01
2.065999999999999837e+00,1.704272783580321970e+01
2.067000000000000171e+00,1.703679103806961592e+01
2.068000000000000060e+00,1.699627422635011698e+01
2.068999999999999950e+00,1.707488026058115693e+01
2.069999999999999840e+00,1.697335341244648532e+01
2.071000000000000174e+00,1.705434163191038266e+01
2.072000000000000064e+00,1.697557321146074116e+01
2.072999999999999954e+00,1.700663621822673832e+01
2.073999999999999844e+00,1.705957444696841918e+01
2.075000000000000178e+00,1.698333454487676164e+01
2.076000000000000068e+00,1.704660166697251711e+01
2.076999999999999957e+00,1.704405255074970782e+01
2.077999999999999847e+00,1.707472874552706799e+01
2.079000000000000181e+00,1.701925533508073585e+01
2.080000000000000071e+00,1.699381140622913833e+01
2.080999999999999961e+00,1.693644570512372027e+01
2.081999999999999851e+00,1.698110287270688445e+01
2.083000000000000185e+00,1.699170779924677177e+01
2.084000000000000075e+00,1.698425135241776829e+01
2.084999999999999964e+00,1.699193151640384514e+01
2.085999999999999854e+00,1.699701922626666217e+01
2.087000000000000188e+00,1.700755719406258493e+01
2.088000000000000078e+00,1.706481311651304367e+01
2.088999999999999968e+00,1.703778623993315122e+01
2.089999999999999858e+00,1.710451827376596157e+01
2.091000000000000192e+00,1.706204694351652051e+01
2.092000000000000082e+00,1.709743934052021430e+01
2.092999999999999972e+00,1.699404918460188085e+01
2.093999999999999861e+00,1.697829113228597464e+01
2.095000000000000195e+00,1.704723579033016989e+01
2.096000000000000085e+00,1.714201037499084279e+01
2.096999999999999975e+00,1.704606560033529306e+01
2.097999999999999865e+00,1.703543802280604424e+01
2.099000000000000199e+00,1.707752679798793949e+01
2.100000000000000089e+00,1.706252817351176887e+01
2.100999999999999979e+00,1.703022722311345305e+01
2.101999999999999869e+00,1.710061180786006219e+01
2.103000000000000203e+00,1.704775443443546834e+01
2.104000000000000092e+00,1.714750735561961292e+01
2.104999999999999982e+00,1.712539556740263436e+01
2.105999999999999872e+00,1.707143209586906707e+01
2.107000000000000206e+00,1.704805283698743423e+01
2.108000000000000096e+00,1.711810631447931286e+01
2.108999999999999986e+00,1.711076827718435567e+01
2.109999999999999876e+00,1.707050658198795290e+01
2.111000000000000210e+00,1.703050166297154533e+01
2.112000000000000099e+00,1.713222724396447205e+01
2.112999999999999989e+00,1.709219069649944345e+01
2.113999999999999879e+00,1.712448348784191765e+01
2.115000000000000213e+00,1.717405411037204033e+01
2.116000000000000103e+00,1.705198330310697230e+01
2.116999999999999993e+00,1.701206157188164880e+01
2.117999999999999883e+00,1.698426878107512650e+01
2.119000000000000217e+00,1.705453166740496940e+01
2.120000000000000107e+00,1.703995743344860969e+01
2.120999999999999996e+00,1.709509217472757214e+01
2.121999999999999886e+00,1.704510016421310326e+01
2.123000000000000220e+00,1.706364043740957470e+01
2.124000000000000110e+00,1.707808440080966861e+01
2.125000000000000000e+00,1.703128554247152593e+01
2.125999999999999890e+00,1.703302495595859156e+01
2.126999999999999780e+00,1.704871860567932274e+01
2.128000000000000114e+00,1.697630607999392183e+01
2.129000000000000004e+00,1.701225927941203508e+01
2.129999999999999893e+00,1.701802979135805671e+01
2.130999999999999783e+00,1.699522118372923174e+01
2.132000000000000117e+00,1.698363035669665777e+01
2.133000000000000007e+00,1.698160349240274059e+01
2.133999999999999897e+00,1.709090063312733676e+01
2.134999999999999787e+00,1.702980595028424204e+01
2.136000000000000121e+00,1.698323177942195628e+01
2.137000000000000011e+00,1.702512659615017654e+01
2.137999999999999901e+00,1.707332112693350368e+01
2.138999999999999790e+00,1.701029375553936873e+01
2.140000000000000124e+00,1.704322739321501246e+01
2.141000000000000014e+00,1.707310666942183630e+01
2.141999999999999904e+00,1.701574137092440253e+01
2.142999999999999794e+00,1.705965012663384428e+01
2.144000000000000128e+00,1.703872135550868450e+01
2.145000000000000018e+00,1.701290589343198789e+01
2.145999999999999908e+00,1.695698307919300163e+01
2.146999999999999797e+00,1.700619992634530320e+01
2.148000000000000131e+00,1.697514309829546164e+01
2.149000000000000021e+00,1.706121955738519702e+01
2.149999999999999911e+00,1.701486297877490372e+01
2.150999999999999801e+00,1.712251090963244948e+01
2.152000000000000135e+00,1.709754167379004031e+01
2.153000000000000025e+00,1.709029382973741917e+01
2.153999999999999915e+00,1.704453584475486849e+01
2.154999999999999805e+00,1.697855501909731402e+01
2.156000000000000139e+00,1.700681968369039154e+01
2.157000000000000028e+00,1.708704649548283783e+01
2.157999999999999918e+00,1.704753538361557474e+01
2.158999999999999808e+00,1.707013056246221439e+01
2.160000000000000142e+00,1.708770050620855940e+01
2.161000000000000032e+00,1.711291129727229787e+01
2.161999999999999922e+00,1.706330960612547898e+01
2.162999999999999812e+00,1.706577209459068456e+01
2.164000000000000146e+00,1.703305324203791571e+01
2.165000000000000036e+00,1.707414081566554742e+01
2.165999999999999925e+00,1.702549296327419626e+01
2.166999999999999815e+00,1.708534941597968881e+01
2.168000000000000149e+00,1.704800905742385453e+01
2.169000000000000039e+00,1.700990267782043830e+01
2.169999999999999929e+00,1.707993560346679729e+01
2.170999999999999819e+00,1.710540644135164356e+01
2.172000000000000153e+00,1.704899037101806414e+01
2.173000000000000043e+00,1.706940329555205693e+01
2.173999999999999932e+00,1.708173814077123254e+01
2.174999999999999822e+00,1.698884263832444574e+01
2.176000000000000156e+00,1.702219207554783509e+01
2.177000000000000046e+00,1.707178651366782063e+01
2.177999999999999936e+00,1.696210279784229868e+01
2.178999999999999826e+00,1.708225341971435540e+01
2.180000000000000160e+00,1.706330485186327905e+01
2.181000000000000050e+00,1.709777688307689303e+01
2.181999999999999940e+00,1.704036216837087636e+01
2.182999999999999829e+00,1.697755284068459858e+01
2.184000000000000163e+00,1.707341975534606604e+01
2.185000000000000053e+00,1.699420928893973937e+01
2.185999999999999943e+00,1.703508391189712512e+01
2.186999999999999833e+00,1.695294029457874529e+01
2.188000000000000167e+00,1.702535283510655617e+01
2.189000000000000057e+00,1.702255167750658060e+01
2.189999999999999947e+00,1.706027059793796141e+01
2.190999999999999837e+00,1.701970908155194451e+01
2.192000000000000171e+00,1.692135349373657149e+01
2.193000000000000060e+00,1.701121904913766869e+01
2.193999999999999950e+00,1.697990312644664357e+01
2.194999999999999840e+00,1.704242562781978165e+01
2.196000000000000174e+00,1.701522729772665699e+01
2.197000000000000064e+00,1.703273101489781638e+01
2.197999999999999954e+00,1.703100991130691710e+01
2.198999999999999844e+00,1.702154406891624205e+01
2.200000000000000178e+00,1.708498313208157171e+01
2.201000000000000068e+00,1.698004252568102146e+01
2.201999999999999957e+00,1.699470917162935990e+01
2.202999999999999847e+00,1.699254123996412602e+01
2.204000000000000181e+00,1.700515474683025730e+01
2.205000000000000071e+00,1.703862965775694249e+01
2.205999999999999961e+00,1.705640705103314758e+01
2.206999999999999851e+00,1.704118935891515108e+01
2.208000000000000185e+00,1.704465853448030543e+01
2.209000000000000075e+00,1.700468273102935512e+01
2.209999999999999964e+00,1.707161111775899087e+01
2.210999999999999854e+00,1.695223374688618989e+01
2.212000000000000188e+00,1.706917844249910132e+01
2.213000000000000078e+00,1.702797624228476536e+01
2.213999999999999968e+00,1.697472786355549701e+01
2.214999999999999858e+00,1.703608317124882987e+01
2.216000000000000192e+00,1.711720715746134047e+01
2.217000000000000082e+00,1.708095210903083938e+01
2.217999999999999972e+00,1.704726530190505329e+01
2.218999999999999861e+00,1.702120176570265286e+01
2.220000000000000195e+00,1.711037109647524801e+01
2.221000000000000085e+00,1.705402813784505511e+01
2.221999999999999975e+00,1.701216218848725248e+01
2.222999999999999865e+00,1.703225225678108146e+01
2.224000000000000199e+00,1.703307959444340725e+01
2.225000000000000089e+00,1.707104130034595713e+01
2.225999999999999979e+00,1.699176604250626710e+01
2.226999999999999869e+00,1.701599193638617535e+01
2.228000000000000203e+00,1.699763974362906183e+01
2.229000000000000092e+00,1.707511894633610083e+01
2.229999999999999982e+00,1.701321856903819452e+01
2.230999999999999872e+00,1.698610904732129256e+01
2.232000000000000206e+00,1.703299746692610483e+01
2.233000000000000096e+00,1.695866722285899897e+01
2.233999999999999986e+00,1.696658556626920245e+01
2.234999999999999876e+00,1.702798717088955982e+01
2.236000000000000210e+00,1.699860598988389526e+01
2.237000000000000099e+00,1.695264356536343087e+01
2.237999999999999989e+00,1.696690886717718882e+01
2.238999999999999879e+00,1.702583425106254111e+01
2.240000000000000213e+00,1.696298377485205933e+01
2.241000000000000103e+00,1.695985089198250506e+01
2.241999999999999993e+00,1.701768154170572345e+01
2.242999999999999883e+00,1.705392483434013329e+01
2.244000000000000217e+00,1.701928451280834764e+01
2.245000000000000107e+00,1.695968664114568725e+01
2.245999999999999996e+00,1.701412120586788745e+01
2.246999999999999886e+00,1.699133541136403025e+01
2.248000000000000220e+00,1.701335822533442865e+01
2.249000000000000110e+00,1.701753778061639366e+01
2.250000000000000000e+00,1.696877999119588054e+01
2.250999999999999890e+00,1.706545053469751139e+01
2.251999999999999780e+00,1.699309040389073999e+01
2.253000000000000114e+00,1.695997587035355636e+01
2.254000000000000004e+00,1.696738882809542304e+01
2.254999999999999893e+00,1.704084616166010946e+01
2.255999999999999783e+00,1.704587834124485823e+01
2.257000000000000117e+00,1.700104737977511959e+01
2.258000000000000007e+00,1.709964949493554442e+01
2.258999999999999897e+00,1.712915815078013182e+01
2.259999999999999787e+00,1.705059270935399596e+01
2.261000000000000121e+00,1.699934387643503442e+01
2.262000000000000011e+00,1.705937584045630473e+01
2.262999999999999901e+00,1.706052159119978029e+01
2.263999999999999790e+00,1.697676066236954640e+01
2.265000000000000124e+00,1.704255970440556922e+01
2.266000000000000014e+00,1.703885023559721645e+01
2.266999999999999904e+00,1.701831154853938344e+01
2.267999999999999794e+00,1.699522539856114633e+01
2.269000000000000128e+00,1.700562628841598922e+01
2.270000000000000018e+00,1.702359514279927311e+01
2.270999999999999908e+00,1.704156630900572367e+01
2.271999999999999797e+00,1.698833454143895239e+01
2.273000000000000131e+00,1.702775811762469971e+01
2.274000000000000021e+00,1.702163644501257167e+01
2.274999999999999911e+00,1.700939446943456090e+01
2.275999999999999801e+00,1.698664540365194853e+01
2.277000000000000135e+00,1.697534716773497721e+01
2.278000000000000025e+00,1.697921020277441784e+01
2.278999999999999915e+00,1.695725412870728022e+01
2.279999999999999805e+00,1.698686391852089628e+01
2.281000000000000139e+00,1.693235315832049537e+01
2.282000000000000028e+00,1.694358473092361805e+01
2.282999999999999918e+00,1.697216133909037694e+01
2.283999999999999808e+00,1.700869266363834598e+01
2.285000000000000142e+00,1.704977178983054387e+01
2.286000000000000032e+00,1.695220697408071331e+01
2.286999999999999922e+00,1.697661094362031520e+01
2.287999999999999812e+00,1.696357886679787441e+01
2.289000000000000146e+00,1.701280248551665863e+01
2.290000000000000036e+00,1.700691012537805591e+01
2.290999999999999925e+00,1.697625182635941954e+01
2.291999999999999815e+00,1.698314763408866668e+01
2.293000000000000149e+00,1.700470038807036133e+01
2.294000000000000039e+00,1.699462474110136512e+01
2.294999999999999929e+00,1.703276501906808704e+01
2.295999999999999819e+00,1.698054593977834514e+01
2.297000000000000153e+00,1.697282058967365970e+01
2.298000000000000043e+00,1.702152278521455031e+01
2.298999999999999932e+00,1.707372063139039398e+01
2.299999999999999822e+00,1.705603142650936022e+01
2.301000000000000156e+00,1.700906624800130018e+01
2.302000000000000046e+00,1.702052778185854720e+01
2.302999999999999936e+00,1.701181991195303667e+01
2.303999999999999826e+00,1.702378934405703959e+01
2.305000000000000160e+00,1.696913888433866191e+01
2.306000000000000050e+00,1.699845102415386933e+01
2.306999999999999940e+00,1.703721770087595289e+01
2.307999999999999829e+00,1.704131803997850980e+01
2.309000000000000163e+00,1.710288298254037187e+01
2.310000000000000053e+00,1.704017423022861877e+01
2.310999999999999943e+00,1.705040942954002503e+01
2.311999999999999833e+00,1.702052825700707572e+01
2.313000000000000167e+00,1.698628649092500353e+01
2.314000000000000057e+00,1.703002491948139507e+01
2.314999999999999947e+00,1.704003990957210490e+01
2.315999999999999837e+00,1.703360673621650534e+01
2.317000000000000171e+00,1.699179859274552840e+01
2.318000000000000060e+00,1.700540014607160444e+01
2.318999999999999950e+00,1.708527235086811658e+01
2.319999999999999840e+00,1.700640596816553085e+01
2.321000000000000174e+00,1.700975245578967687e+01
2.322000000000000064e+00,1.699292954235718511e+01
2.322999999999999954e+00,1.693661280709952166e+01
2.323999999999999844e+00,1.704842272904689793e+01
2.325000000000000178e+00,1.702242973476421994e+01
2.326000000000000068e+00,1.701940820285887312e+01
2.326999999999999957e+00,1.702565189652700184e+01
2.327999999999999847e+00,1.700749352160224603e+01
2.329000000000000181e+00,1.701515154920568307e+01
2.330000000000000071e+00,1.698048052188550727e+01
2.330999999999999961e+00,1.697811050314256676e+01
2.331999999999999851e+00,1.697964247490254763e+01
2.333000000000000185e+00,1.697843102702570306e+01
2.334000000000000075e+00,1.698790379619449098e+01
2.334999999999999964e+00,1.696851897174096990e+01
2.335999999999999854e+00,1.692535459124292885e+01
2.337000000000000188e+00,1.687171148208737392e+01
2.338000000000000078e+00,1.695129966872414684e+01
2.338999999999999968e+00,1.693392677192347406e+01
2.339999999999999858e+00,1.694531906607051752e+01
2.341000000000000192e+00,1.695856052740306907e+01
2.342000000000000082e+00,1.692408017922748797e+01
2.342999999999999972e+00,1.683952408919222066e+01
2.343999999999999861e+00,1.697688822030104916e+01
2.345000000000000195e+00,1.692673799281681468e+01
2.346000000000000085e+00,1.689109721578753209e+01
2.346999999999999975e+00,1.695356538007730407e+01
2.347999999999999865e+00,1.695858647673112429e+01
2.349000000000000199e+00,1.694424364978113218e+01
2.350000000000000089e+00,1.695387739191853171e+01
2.350999999999999979e+00,1.695639978388253155e+01
2.351999999999999869e+00,1.697130855624412149e+01
2.353000000000000203e+00,1.696348367957249437e+01
2.354000000000000092e+00,1.692465874633976597e+01
2.354999999999999982e+00,1.699957560217955432e+01
2.355999999999999872e+00,1.695376734613127567e+01
2.357000000000000206e+00,1.699051268753093069e+01
2.358000000000000096e+00,1.698659730191747741e+01
2.358999999999999986e+00,1.704686886649528432e+01
2.359999999999999876e+00,1.705198347497867672e+01
2.361000000000000210e+00,1.708318215188114308e+01
2.362000000000000099e+00,1.696634182596150353e+01
2.362999999999999989e+00,1.705377200981874708e+01
2.363999999999999879e+00,1.700536185419373680e+01
2.365000000000000213e+00,1.695109819695315423e+01
2.366000000000000103e+00,1.697688586587108617e+01
2.366999999999999993e+00,1.695384137733732288e+01
2.367999999999999883e+00,1.699503982186164563e+01
2.369000000000000217e+00,1.689249459333269243e+01
2.370000000000000107e+00,1.689446834814267362e+01
2.370999999999999996e+00,1.690631775682933835e+01
2.371999999999999886e+00,1.700369915558357548e+01
2.373000000000000220e+00,1.696541900336253050e+01
2.374000000000000110e+00,1.701047928389470343e+01
2.375000000000000000e+00,1.700107632730489726e+01
2.375999999999999890e+00,1.708863390750795830e+01
2.376999999999999780e+00,1.705431570139284858e+01
2.378000000000000114e+00,1.703362237893947650e+01
2.379000000000000004e+00,1.695503926117585181e+01
2.379999999999999893e+00,1.704333692655790244e+01
2.380999999999999783e+00,1.708718111509799087e+01
2.382000000000000117e+00,1.708895285819840026e+01
2.383000000000000007e+00,1.710669355610524178e+01
2.383999999999999897e+00,1.698345231513915010e+01
2.384999999999999787e+00,1.702859935506439371e+01
2.386000000000000121e+00,1.704611490248066730e+01
2.387000000000000011e+00,1.704774057789667197e+01
2.387999999999999901e+00,1.703051494771548491e+01
2.388999999999999790e+00,1.702747452174300591e+01
2.390000000000000124e+00,1.703575940713735548e+01
2.391000000000000014e+00,1.707676410753383323e+01
2.391999999999999904e+00,1.702122365536789061e+01
2.392999999999999794e+00,1.700683287233007590e+01
2.394000000000000128e+00,1.704871592026599458e+01
2.395000000000000018e+00,1.697959098655101684e+01
2.395999999999999908e+00,1.700063390885385672e+01
2.396999999999999797e+00,1.706103053009115555e+01
2.398000000000000131e+00,1.702753738447561460e+01
2.399000000000000021e+00,1.696120598421342152e+01
2.399999999999999911e+00,1.702916875885072301e+01
2.400999999999999801e+00,1.700682059141914237e+01
2.402000000000000135e+00,1.708714366467388146e+01
2.403000000000000025e+00,1.699249620762117985e+01
2.403999999999999915e+00,1.703225661267601154e+01
2.404999999999999805e+00,1.705243975529295852e+01
2.406000000000000139e+00,1.701580724317312843e+01
2.407000000000000028e+00,1.698873630577664784e+01
2.407999999999999918e+00,1.713575086768988953e+01
2.408999999999999808e+00,1.703386583375951702e+01
2.410000000000000142e+00,1.707902992618602411e+01
2.411000000000000032e+00,1.707631889355542043e+01
2.411999999999999922e+00,1.700557325511573126e+01
2.412999999999999812e+00,1.701002823480567372e+01
2.414000000000000146e+00,1.708099269825947530e+01
2.415000000000000036e+00,1.705244467267078790e+01
2.415999999999999925e+00,1.701332313120714090e+01
2.416999999999999815e+00,1.700476888088446614e+01
2.418000000000000149e+00,1.702215917260040356e+01
2.419000000000000039e+00,1.705643541539344454e+01
2.419999999999999929e+00,1.699632712901269471e+01
2.420999999999999819e+00,1.693993573270553910e+01
2.422000000000000153e+00,1.694661858722927406e+01
2.423000000000000043e+00,1.701337369192388849e+01
2.423999999999999932e+00,1.696937126561644149e+01
2.424999999999999822e+00,1.696207192266254893e+01
2.426000000000000156e+00,1.704617384240791367e+01
2.427000000000000046e+00,1.704423250470238216e+01
2.427999999999999936e+00,1.700093405094730414e+01
2.428999999999999826e+00,1.701899673455704232e+01
2.430000000000000160e+00,1.696959407384976259e+01
2.431000000000000050e+00,1.700851914992088965e+01
2.431999999999999940e+00,1.703809692823755739e+01
2.432999999999999829e+00,1.702069276330713166e+01
2.434000000000000163e+00,1.702284782631459237e+01
2.435000000000000053e+00,1.703716639408126454e+01
2.435999999999999943e+00,1.699620105578178197e+01
2.436999999999999833e+00,1.698266878059091312e+01
2.438000000000000167e+00,1.707844864182715483e+01
2.439000000000000057e+00,1.698638580584961488e+01
2.439999999999999947e+00,1.710928975925354223e+01
2.440999999999999837e+00,1.703856074478801119e+01
2.442000000000000171e+00,1.704426109299408054e+01
2.443000000000000060e+00,1.705170339877034635e+01
2.443999999999999950e+00,1.702020925185253475e+01
2.444999999999999840e+00,1.697231302620000193e+01
2.446000000000000174e+00,1.696335454241646090e+01
2.447000000000000064e+00,1.698997973373776560e+01
2.447999999999999954e+00,1.694988965385918434e+01
2.448999999999999844e+00,1.698757707082695489e+01
2.450000000000000178e+00,1.706145720124881038e+01
2.451000000000000068e+00,1.706447088194868655e+01
2.451999999999999957e+00,1.699489820983663435e+01
2.452999999999999847e+00,1.699599721502416472e+01
2.454000000000000181e+00,1.701927677907106329e+01
2.455000000000000071e+00,1.705309830823735950e+01
2.455999999999999961e+00,1.702243928598439737e+01
2.456999999999999851e+00,1.696747101283880710e+01
2.458000000000000185e+00,1.702555895880103520e+01
2.459000000000000075e+00,1.701785181142580683e+01
2.459999999999999964e+00,1.705098336408703474e+01
2.460999999999999854e+00,1.700765690923944007e+01
2.462000000000000188e+00,1.708045637357855639e+01
2.463000000000000078e+00,1.699029049681079329e+01
2.463999999999999968e+00,1.700934217192609310e+01
2.464999999999999858e+00,1.703010849323666065e+01
2.466000000000000192e+00,1.703742581917832055e+01
2.467000000000000082e+00,1.698746842306305638e+01
2.467999999999999972e+00,1.706941608936323362e+01
2.468999999999999861e+00,1.703450867084172415e+01
2.470000000000000195e+00,1.707911254037652071e+01
2.471000000000000085e+00,1.706244601424025475e+01
2.471999999999999975e+00,1.702542323761396403e+01
2.472999999999999865e+00,1.705826345951714273e+01
2.474000000000000199e+00,1.699962147149673797e+01
2.475000000000000089e+00,1.708585704757435053e+01
2.475999999999999979e+00,1.707125830189224658e+01
2.476999999999999869e+00,1.700719565085905671e+01
2.478000000000000203e+00,1.707926027211897591e+01
2.479000000000000092e+00,1.709549948138953823e+01
2.479999999999999982e+00,1.702633733552049122e+01
2.480999999999999872e+00,1.698179799826838021e+01
2.482000000000000206e+00,1.706392196564063113e+01
2.483000000000000096e+00,1.697170729741232265e+01
2.483999999999999986e+00,1.701584065543519486e+01
2.484999999999999876e+00,1.702388930560808333e+01
2.486000000000000210e+00,1.701770973693493261e+01
2.487000000000000099e+00,1.696086449778658789e+01
2.487999999999999989e+00,1.708726634144393586e+01
2.488999999999999879e+00,1.705746043199021500e+01
2.490000000000000213e+00,1.697928179389377235e+01
2.491000000000000103e+00,1.702661419050706826e+01
2.491999999999999993e+00,1.703094771227582171e+01
2.492999999999999883e+00,1.706618972584370653e+01
2.494000000000000217e+00,1.702758331891233823e+01
2.495000000000000107e+00,1.707546923419478091e+01
2.495999999999999996e+00,1.696706814729052581e+01
2.496999999999999886e+00,1.705953869009329082e+01
2.498000000000000220e+00,1.705323098554837458e+01
2.499000000000000110e+00,1.701484492286897776e+01
2.500000000000000000e+00,1.700535663743607273e+01
2.500999999999999890e+00,1.704234818333496193e+01
2.501999999999999780e+00,1.707356830499415423e+01
2.503000000000000114e+00,1.703944382353162723e+01
2.504000000000000004e+00,1.696146209116495029e+01
2.504999999999999893e+00,1.703977133912194830e+01
2.505999999999999783e+00,1.704762662009860463e+01
2.507000000000000117e+00,1.704431316227864102e+01
2.508000000000000007e+00,1.704895207421354542e+01
2.508999999999999897e+00,1.704290467708344892e+01
2.509999999999999787e+00,1.704948463658847402e+01
2.511000000000000121e+00,1.704065998788652081e+01
2.512000000000000011e+00,1.702372604379593213e+01
2.512999999999999901e+00,1.704706099892749549e+01
2.513999999999999790e+00,1.700610956482752556e+01
2.515000000000000124e+00,1.695440036689374708e+01
2.516000000000000014e+00,1.697224238277541986e+01
2.516999999999999904e+00,1.696276252846324795e+01
2.517999999999999794e+00,1.707790944044678838e+01
2.519000000000000128e+00,1.700305949612728895e+01
2.520000000000000018e+00,1.698550951574489076e+01
2.520999999999999908e+00,1.698128881077433405e+01
2.521999999999999797e+00,1.698641495318596029e+01
2.523000000000000131e+00,1.698466116850308083e+01
2.524000000000000021e+00,1.708968181211130499e+01
2.524999999999999911e+00,1.701318255447589323e+01
2.525999999999999801e+00,1.698853118728862555e+01
2.527000000000000135e+00,1.695834091159340318e+01
2.528000000000000025e+00,1.702385221222881739e+01
2.528999999999999915e+00,1.705757329473356521e+01
2.529999999999999805e+00,1.710820118727439976e+01
2.531000000000000139e+00,1.705983878891603567e+01
2.532000000000000028e+00,1.706519603971533172e+01
2.532999999999999918e+00,1.702861912235125885e+01
2.533999999999999808e+00,1.702992180364850938e+01
2.535000000000000142e+00,1.697710542200975681e+01
2.536000000000000032e+00,1.699655941191306141e+01
2.536999999999999922e+00,1.699715654472837301e+01
2.537999999999999812e+00,1.696406317935840136e+01
2.539000000000000146e+00,1.702287889623538319e+01
2.540000000000000036e+00,1.699436581275818270e+01
2.540999999999999925e+00,1.700950122097083650e+01
2.541999999999999815e+00,1.697109045488938506e+01
2.543000000000000149e+00,1.702614296091578083e+01
2.544000000000000039e+00,1.702088758373622568e+01
2.544999999999999929e+00,1.706695575912422314e+01
2.545999999999999819e+00,1.699604433001329085e+01
2.547000000000000153e+00,1.705879053498510345e+01
2.548000000000000043e+00,1.700776075875260318e+01
2.548999999999999932e+00,1.705595518734592275e+01
2.549999999999999822e+00,1.710833909460939140e+01
2.551000000000000156e+00,1.698639286015712813e+01
2.552000000000000046e+00,1.699950481111946843e+01
2.552999999999999936e+00,1.707264127277723631e+01
2.553999999999999826e+00,1.711326793962873438e+01
2.555000000000000160e+00,1.706758670370171416e+01
2.556000000000000050e+00,1.702168936438676639e+01
2.556999999999999940e+00,1.706565813408857579e+01
2.557999999999999829e+00,1.707052815782389388e+01
2.559000000000000163e+00,1.706093534954857205e+01
2.560000000000000053e+00,1.706910111108780725e+01
2.560999999999999943e+00,1.704489181596016323e+01
2.561999999999999833e+00,1.700129117333809603e+01
2.563000000000000167e+00,1.702799917313018696e+01
2.564000000000000057e+00,1.708216502876397769e+01
2.564999999999999947e+00,1.706480432851220286e+01
2.565999999999999837e+00,1.700306125360932086e+01
2.567000000000000171e+00,1.706578862501430294e+01
2.568000000000000060e+00,1.700464624699198168e+01
2.568999999999999950e+00,1.698010441674640347e+01
2.569999999999999840e+00,1.705961317298546120e+01
2.571000000000000174e+00,1.700839496304579157e+01
2.572000000000000064e+00,1.712058073729739860e+01
2.572999999999999954e+00,1.700958576576189074e+01
2.573999999999999844e+00,1.701849778635291699e+01
2.575000000000000178e+00,1.700620593982437612e+01
2.576000000000000068e+00,1.696987624068343337e+01
2.576999999999999957e+00,1.694853070964484942e+01
2.577999999999999847e+00,1.706710033438397289e+01
2.579000000000000181e+00,1.700809304914979592e+01
2.580000000000000071e+00,1.701284282846044604e+01
2.580999999999999961e+00,1.704505606865424028e+01
2.581999999999999851e+00,1.704961660525211897e+01
2.583000000000000185e+00,1.705492636908246595e+01
2.584000000000000075e+00,1.706214691530092864e+01
2.584999999999999964e+00,1.705411920721598307e+01
2.585999999999999854e+00,1.705348319276889768e+01
2.587000000000000188e+00,1.710797234329094252e+01
2.588000000000000078e+00,1.703930415539353405e+01
2.588999999999999968e+00,1.704193646956809616e+01
2.589999999999999858e+00,1.703124906437124508e+01
2.591000000000000192e+00,1.708490756716241776e+01
2.592000000000000082e+00,1.712139102410819191e+01
2.592999999999999972e+00,1.710720077390638494e+01
2.593999999999999861e+00,1.717698214101867649e+01
2.595000000000000195e+00,1.713178504022275206e+01
2.596000000000000085e+00,1.712673317629612413e+01
2.596999999999999975e+00,1.706630081705111124e+01
2.597999999999999865e+00,1.702443107912856490e+01
2.599000000000000199e+00,1.696366672392390029e+01
2.600000000000000089e+00,1.703532294382211987e+01
2.600999999999999979e+00,1.709317385253088872e+01
2.601999999999999869e+00,1.713713921020831066e+01
2.603000000000000203e+00,1.713341063314367574e+01
2.604000000000000092e+00,1.711325910086635105e+01
2.604999999999999982e+00,1.712156436864532694e+01
2.605999999999999872e+00,1.708162370794239138e+01
2.607000000000000206e+00,1.716973984998087843e+01
2.608000000000000096e+00,1.711226158658404017e+01
2.608999999999999986e+00,1.709598507054827721e+01
2.609999999999999876e+00,1.713701984650499099e+01
2.611000000000000210e+00,1.719220350893140292e+01
2.612000000000000099e+00,1.705547822792363633e+01
2.612999999999999989e+00,1.704269926474083974e+01
2.613999999999999879e+00,1.709009554517283647e+01
2.615000000000000213e+00,1.707348852195189437e+01
2.616000000000000103e+00,1.710600588023001833e+01
2.616999999999999993e+00,1.709403707559695107e+01
2.617999999999999883e+00,1.706910825184524327e+01
2.619000000000000217e+00,1.711514825658187888e+01
2.620000000000000107e+00,1.705429565600043773e+01
2.620999999999999996e+00,1.713101048416519490e+01
2.621999999999999886e+00,1.716118711802996444e+01
2.623000000000000220e+00,1.712681267633858084e+01
2.624000000000000110e+00,1.703374861537449547e+01
2.625000000000000000e+00,1.708110958178970762e+01
2.625999999999999890e+00,1.702841481653610245e+01
2.626999999999999780e+00,1.710872353648826305e+01
2.628000000000000114e+00,1.705431817553325047e+01
2.629000000000000004e+00,1.711155970039866503e+01
2.629999999999999893e+00,1.703292629053895979e+01
2.630999999999999783e+00,1.705435897484813879e+01
2.632000000000000117e+00,1.705874785459346299e+01
2.633000000000000007e+00,1.705014538363379373e+01
2.633999999999999897e+00,1.707208264729634095e+01
2.634999999999999787e+00,1.716098797193270897e+01
2.636000000000000121e+00,1.703430481935139085e+01
2.637000000000000011e+00,1.706739848825892736e+01
2.637999999999999901e+00,1.714561560271240381e+01
2.638999999999999790e+00,1.703677739628042076e+01
2.640000000000000124e+00,1.714292978198823292e+01
2.641000000000000014e+00,1.700139676194123695e+01
2.641999999999999904e+00,1.708923602918268259e+01
2.642999999999999794e+00,1.702412165580212999e+01
2.644000000000000128e+00,1.710296672503574911e+01
2.645000000000000018e+00,1.711976065673407987e+01
2.645999999999999908e+00,1.705512604026505841e+01
2.646999999999999797e+00,1.706289846432861879e+01
2.648000000000000131e+00,1.709687965034111912e+01
2.649000000000000021e+00,1.696319188929238919e+01
2.649999999999999911e+00,1.708085208415769785e+01
2.650999999999999801e+00,1.708077361511384140e+01
2.652000000000000135e+00,1.708336341223594701e+01
2.653000000000000025e+00,1.708909501945021958e+01
2.653999999999999915e+00,1.713378507263756134e+01
2.654999999999999805e+00,1.714604665192675270e+01
2.656000000000000139e+00,1.712844323677816760e+01
2.657000000000000028e+00,1.713924587327047533e+01
2.657999999999999918e+00,1.711481781530420321e+01
2.658999999999999808e+00,1.710122393079625525e+01
2.660000000000000142e+00,1.713170035036188210e+01
2.661000000000000032e+00,1.713511948834686649e+01
2.661999999999999922e+00,1.707215675327006821e+01
2.662999999999999812e+00,1.714702598905066822e+01
2.664000000000000146e+00,1.709380327716582570e+01
2.665000000000000036e+00,1.711348361154180253e+01
2.665999999999999925e+00,1.705506475085333307e+01
2.666999999999999815e+00,1.705348955862276483e+01
2.668000000000000149e+00,1.703239658254901912e+01
2.669000000000000039e+00,1.706973075043681121e+01
2.669999999999999929e+00,1.700069298747549951e+01
2.670999999999999819e+00,1.707684104480902931e+01
2.672000000000000153e+00,1.712457021532284074e+01
2.673000000000000043e+00,1.701799336650014993e+01
2.673999999999999932e+00,1.704665813925541329e+01
2.674999999999999822e+00,1.707615167519978172e+01
2.676000000000000156e+00,1.702742422309146164e+01
2.677000000000000046e+00,1.701711958527126356e+01
2.677999999999999936e+00,1.706821677480449040e+01
2.678999999999999826e+00,1.707766755110682411e+01
2.680000000000000160e+00,1.706819809691400280e+01
2.681000000000000050e+00,1.699209023684554154e+01
2.681999999999999940e+00,1.710627595986803229e+01
2.682999999999999829e+00,1.703436471120052786e+01
2.684000000000000163e+00,1.716787282608839149e+01
2.685000000000000053e+00,1.703411029272246680e+01
2.685999999999999943e+00,1.706038489405947800e+01
2.686999999999999833e+00,1.705114538309852179e+01
2.688000000000000167e+00,1.704273485782584174e+01
2.689000000000000057e+00,1.705938275015844852e+01
2.689999999999999947e+00,1.702884075431216004e+01
2.690999999999999837e+00,1.701518539945649522e+01
2.692000000000000171e+00,1.695278215123785870e+01
2.693000000000000060e+00,1.696213653732876381e+01
2.693999999999999950e+00,1.697567038238235071e+01
2.694999999999999840e+00,1.698441311234097029e+01
2.696000000000000174e+00,1.703148236758023515e+01
2.697000000000000064e+00,1.708333899069756256e+01
2.697999999999999954e+00,1.699718057455693909e+01
2.698999999999999844e+00,1.703042159966254943e+01
2.700000000000000178e+00,1.710996958144575331e+01
2.701000000000000068e+00,1.702150670060578364e+01
2.701999999999999957e+00,1.703477615326785255e+01
2.702999999999999847e+00,1.697639593872481001e+01
2.704000000000000181e+00,1.706459396591229449e+01
2.705000000000000071e+00,1.706374922485743539e+01
2.705999999999999961e+00,1.707799022947508050e+01
2.706999999999999851e+00,1.698164005065375193e+01
2.708000000000000185e+00,1.705338246555082193e+01
2.709000000000000075e+00,1.709252471680706620e+01
2.709999999999999964e+00,1.705950113420917091e+01
2.710999999999999854e+00,1.709616326514157336e+01
2.712000000000000188e+00,1.708476306565441405e+01
2.713000000000000078e+00,1.714859930018510070e+01
2.713999999999999968e+00,1.708763984930531166e+01
2.714999999999999858e+00,1.700891842885541649e+01
2.716000000000000192e+00,1.700262775407883709e+01
2.717000000000000082e+00,1.704909533245915654e+01
2.717999999999999972e+00,1.700546424812580426e+01
2.718999999999999861e+00,1.702757009899417184e+01
2.720000000000000195e+00,1.707478008472762099e+01
2.721000000000000085e+00,1.717262997508382583e+01
2.721999999999999975e+00,1.715989768119017356e+01
2.722999999999999865e+00,1.708495964063722639e+01
2.724000000000000199e+00,1.708978599110857388e+01
2.725000000000000089e+00,1.709698342648699310e+01
2.725999999999999979e+00,1.703110170315801852e+01
2.726999999999999869e+00,1.709163656022958122e+01
2.728000000000000203e+00,1.706807513616054806e+01
2.729000000000000092e+00,1.716172875426986622e+01
2.729999999999999982e+00,1.711280151773926761e+01
2.730999999999999872e+00,1.703491312514491440e+01
2.732000000000000206e+00,1.713813399910457491e+01
2.733000000000000096e+00,1.709209041121446404e+01
2.733999999999999986e+00,1.710843458360147551e+01
2.734999999999999876e+00,1.707847361819063892e+01
2.736000000000000210e+00,1.707648239522312039e+01
2.737000000000000099e+00,1.715717567612121996e+01
2.737999999999999989e+00,1.717718581987541882e+01
2.738999999999999879e+00,1.712821706364588081e+01
2.740000000000000213e+00,1.715768268397116358e+01
2.741000000000000103e+00,1.718502936664829406e+01
2.741999999999999993e+00,1.710722463872847854e+01
2.742999999999999883e+00,1.716233278531071349e+01
2.744000000000000217e+00,1.712342057020677899e+01
2.745000000000000107e+00,1.708800411160268951e+01
2.745999999999999996e+00,1.716478968816397455e+01
2.746999999999999886e+00,1.716976238042254010e+01
2.748000000000000220e+00,1.713541584019480624e+01
2.749000000000000110e+00,1.707540583307751803e+01
2.750000000000000000e+00,1.718363865689364900e+01
2.750999999999999890e+00,1.713269617067007289e+01
2.751999999999999780e+00,1.719581764707846006e+01
2.753000000000000114e+00,1.708197243263781218e+01
2.754000000000000004e+00,1.716625190087346908e+01
2.754999999999999893e+00,1.712523801303403204e+01
2.755999999999999783e+00,1.719092319267326019e+01
2.757000000000000117e+00,1.710776839256104154e+01
2.758000000000000007e+00,1.715080408551887814e+01
2.758999999999999897e+00,1.720987072948204144e+01
2.759999999999999787e+00,1.716700101239300480e+01
2.761000000000000121e+00,1.714955110819419559e+01
2.762000000000000011e+00,1.719987760591447312e+01
2.762999999999999901e+00,1.712991161883464741e+01
2.763999999999999790e+00,1.709442850618166432e+01
2.765000000000000124e+00,1.718837131915752892e+01
2.766000000000000014e+00,1.702850103508652069e+01
2.766999999999999904e+00,1.721246483594371668e+01
2.767999999999999794e+00,1.711275857974568737e+01
2.769000000000000128e+00,1.721348960278423590e+01
2.770000000000000018e+00,1.718417449326410207e+01
2.770999999999999908e+00,1.714702748291659518e+01
2.771999999999999797e+00,1.712262054386402355e+01
2.773000000000000131e+00,1.719495590675512631e+01
2.774000000000000021e+00,1.712747996542836404e+01
2.774999999999999911e+00,1.708998999582931333e+01
2.775999999999999801e+00,1.699401597971463929e+01
2.777000000000000135e+00,1.709595579981094815e+01
2.778000000000000025e+00,1.705043873891236572e+01
2.778999999999999915e+00,1.704741469082489402e+01
2.779999999999999805e+00,1.705871164444427279e+01
2.781000000000000139e+00,1.713271578183984545e+01
2.782000000000000028e+00,1.715368808186578065e+01
2.782999999999999918e+00,1.711131940086092484e+01
2.783999999999999808e+00,1.710983087913315259e+01
2.785000000000000142e+00,1.707562828541401956e+01
2.786000000000000032e+00,1.712191611511121536e+01
2.786999999999999922e+00,1.709063276635563611e+01
2.787999999999999812e+00,1.709100535745717409e+01
2.789000000000000146e+00,1.702041650542849283e+01
2.790000000000000036e+00,1.708670591309278208e+01
2.790999999999999925e+00,1.709904692274570692e+01
2.791999999999999815e+00,1.712288968034354397e+01
2.793000000000000149e+00,1.707505385860918778e+01
2.794000000000000039e+00,1.715154492410049869e+01
2.794999999999999929e+00,1.715416188661422225e+01
2.795999999999999819e+00,1.705588602656770547e+01
2.797000000000000153e+00,1.714572170319395283e+01
2.798000000000000043e+00,1.715406411793315300e+01
2.798999999999999932e+00,1.714241203382122336e+01
2.799999999999999822e+00,1.705772425203006293e+01
2.801000000000000156e+00,1.707293549046443459e+01
2.802000000000000046e+00,1.714982814857312476e+01
2.802999999999999936e+00,1.708943084530759648e+01
2.803999999999999826e+00,1.710144939963796418e+01
2.805000000000000160e+00,1.714770208855604139e+01
2.806000000000000050e+00,1.707588262593237260e+01
2.806999999999999940e+00,1.714175790209960937e+01
2.807999999999999829e+00,1.713347895370787199e+01
2.809000000000000163e+00,1.712630850340011079e+01
2.810000000000000053e+00,1.716679163831732069e+01
2.810999999999999943e+00,1.720844947116052381e+01
2.811999999999999833e+00,1.709233536655697705e+01
2.813000000000000167e+00,1.707349619041718114e+01
2.814000000000000057e+00,1.711866190820329692e+01
2.814999999999999947e+00,1.709501462282629092e+01
2.815999999999999837e+00,1.717972351958050226e+01
2.817000000000000171e+00,1.705495086009212002e+01
2.818000000000000060e+00,1.708555150503592301e+01
2.818999999999999950e+00,1.706472134163588095e+01
2.819999999999999840e+00,1.710817190529694898e+01
2.821000000000000174e+00,1.709995320613276348e+01
2.822000000000000064e+00,1.712491592319756961e+01
2.822999999999999954e+00,1.710290704002431639e+01
2.823999999999999844e+00,1.709697309759926043e+01
2.825000000000000178e+00,1.714820396309855965e+01
2.826000000000000068e+00,1.717792835652662120e+01
2.826999999999999957e+00,1.720254270186893564e+01
2.827999999999999847e+00,1.716240485292713203e+01
2.829000000000000181e+00,1.715680174912520073e+01
2.830000000000000071e+00,1.719679015343741568e+01
2.830999999999999961e+00,1.715167415056743039e+01
2.831999999999999851e+00,1.710892797240342844e+01
2.833000000000000185e+00,1.709093984555055812e+01
2.834000000000000075e+00,1.708399888219150142e+01
2.834999999999999964e+00,1.708271800598058832e+01
2.835999999999999854e+00,1.708715921646075486e+01
2.837000000000000188e+00,1.715393983068807771e+01
2.838000000000000078e+00,1.710562844657340520e+01
2.838999999999999968e+00,1.718466777462218431e+01
2.839999999999999858e+00,1.710420010238220456e+01
2.841000000000000192e+00,1.714233010302269733e+01
2.842000000000000082e+00,1.708462331488042096e+01
2.842999999999999972e+00,1.705797220053714369e+01
2.843999999999999861e+00,1.706943649025451748e+01
2.845000000000000195e+00,1.702776383296630414e+01
2.846000000000000085e+00,1.705689388563905595e+01
2.846999999999999975e+00,1.706408179315295826e+01
2.847999999999999865e+00,1.710551850808606744e+01
2.849000000000000199e+00,1.706690161856321453e+01
2.850000000000000089e+00,1.707872203232317077e+01
2.850999999999999979e+00,1.716467484948895716e+01
2.851999999999999869e+00,1.714867720684892305e+01
2.853000000000000203e+00,1.710904208303196583e+01
2.854000000000000092e+00,1.709699551969609388e+01
2.854999999999999982e+00,1.705662612944710688e+01
2.855999999999999872e+00,1.710603555920578955e+01
2.857000000000000206e+00,1.706424527633469168e+01
2.858000000000000096e+00,1.702042749700559199e+01
2.858999999999999986e+00,1.699732010047667075e+01
2.859999999999999876e+00,1.700948925425907277e+01
2.861000000000000210e+00,1.701169413797596519e+01
2.862000000000000099e+00,1.703072315195034392e+01
2.862999999999999989e+00,1.696204959256595757e+01
2.863999999999999879e+00,1.701916517076064039e+01
2.865000000000000213e+00,1.707507083684218685e+01
2.866000000000000103e+00,1.708247424225296385e+01
2.866999999999999993e+00,1.705658333267153282e+01
2.867999999999999883e+00,1.710075246788984771e+01
2.869000000000000217e+00,1.705678033331302501e+01
2.870000000000000107e+00,1.702556704709153479e+01
2.870999999999999996e+00,1.708822577489869943e+01
2.871999999999999886e+00,1.706119790454715712e+01
2.873000000000000220e+00,1.709190526910585817e+01
2.874000000000000110e+00,1.705239410807536515e+01
2.875000000000000000e+00,1.707869314218452317e+01
2.875999999999999890e+00,1.711984014323241610e+01
2.876999999999999780e+00,1.703221089024723511e+01
2.878000000000000114e+00,1.715478812968449773e+01
2.879000000000000004e+00,1.710631807087146683e+01
2.879999999999999893e+00,1.712125182155902792e+01
2.880999999999999783e+00,1.706986129440241484e+01
2.882000000000000117e+00,1.701970782654082015e+01
2.883000000000000007e+00,1.697890329245434060e+01
2.883999999999999897e+00,1.701334666378218685e+01
2.884999999999999787e+00,1.713558508987411599e+01
2.886000000000000121e+00,1.704470172008605644e+01
2.887000000000000011e+00,1.696744826547131879e+01
2.887999999999999901e+00,1.706791768981387136e+01
2.888999999999999790e+00,1.705726003720655726e+01
2.890000000000000124e+00,1.701061762626132889e+01
2.891000000000000014e+00,1.702753138284934664e+01
2.891999999999999904e+00,1.700581973740409225e+01
2.892999999999999794e+00,1.698712962149141958e+01
2.894000000000000128e+00,1.705965096765707045e+01
2.895000000000000018e+00,1.701414549100987728e+01
2.895999999999999908e+00,1.699644429935169754e+01
2.896999999999999797e+00,1.699954250674039002e+01
2.898000000000000131e+00,1.697545741125372132e+01
2.899000000000000021e+00,1.700338438110807004e+01
2.899999999999999911e+00,1.689031065322034308e+01
2.900999999999999801e+00,1.697736603012223000e+01
2.902000000000000135e+00,1.704165817668074467e+01
2.903000000000000025e+00,1.699137213384920386e+01
2.903999999999999915e+00,1.704832767283939532e+01
2.904999999999999805e+00,1.700803086588683755e+01
2.906000000000000139e+00,1.696396712290287567e+01
2.907000000000000028e+00,1.709528992530081126e+01
2.907999999999999918e+00,1.712093124886390072e+01
2.908999999999999808e+00,1.706590726730550500e+01
2.910000000000000142e+00,1.703102518207338179e+01
2.911000000000000032e+00,1.699836786719239612e+01
2.911999999999999922e+00,1.706274060908723200e+01
2.912999999999999812e+00,1.704211298785077489e+01
2.914000000000000146e+00,1.703934950719329677e+01
2.915000000000000036e+00,1.711373867566750562e+01
2.915999999999999925e+00,1.712265263270781190e+01
2.916999999999999815e+00,1.701881962771458490e+01
2.918000000000000149e+00,1.708545800760846944e+01
2.919000000000000039e+00,1.710567144087727343e+01
2.919999999999999929e+00,1.712538132523756573e+01
2.920999999999999819e+00,1.708822899644261284e+01
2.922000000000000153e+00,1.703187402727235877e+01
2.923000000000000043e+00,1.699142882667863930e+01
2.923999999999999932e+00,1.708746279814359426e+01
2.924999999999999822e+00,1.707122717630841890e+01
2.926000000000000156e+00,1.707624865455546015e+01
2.927000000000000046e+00,1.704738173671580626e+01
2.927999999999999936e+00,1.713009588215548717e+01
2.928999999999999826e+00,1.708178613839777071e+01
2.930000000000000160e+00,1.698235677068371885e+01
2.931000000000000050e+00,1.702302183792026113e+01
2.931999999999999940e+00,1.701060524881079772e+01
2.932999999999999829e+00,1.702446258801592904e+01
2.934000000000000163e+00,1.705336754304476088e+01
2.935000000000000053e+00,1.702349828279691479e+01
2.935999999999999943e+00,1.709387769200808549e+01
2.936999999999999833e+00,1.701444266797101079e+01
2.938000000000000167e+00,1.695693964327910663e+01
2.939000000000000057e+00,1.698915210392594588e+01
2.939999999999999947e+00,1.700604127116177366e+01
2.940999999999999837e+00,1.707450272316091500e+01
2.942000000000000171e+00,1.700684100161424794e+01
2.943000000000000060e+00,1.707850960493089687e+01
2.943999999999999950e+00,1.704872130251517248e+01
2.944999999999999840e+00,1.696272922405481154e+01
2.946000000000000174e+00,1.699765373952582337e+01
2.947000000000000064e+00,1.695463484318183944e+01
2.947999999999999954e+00,1.696912242527659842e+01
2.948999999999999844e+00,1.705314832696008764e+01
2.950000000000000178e+00,1.711543579989551134e+01
2.951000000000000068e+00,1.708715072242692656e+01
2.951999999999999957e+00,1.703299821662814040e+01
2.952999999999999847e+00,1.708006465252009676e+01
2.954000000000000181e+00,1.707594299005641147e+01
2.955000000000000071e+00,1.707054914026406323e+01
2.955999999999999961e+00,1.708032736468630475e+01
2.956999999999999851e+00,1.709833688207100977e+01
2.958000000000000185e+00,1.710790527113807613e+01
2.959000000000000075e+00,1.702444138990307110e+01
2.959999999999999964e+00,1.712211427912475870e+01
2.960999999999999854e+00,1.701700332698598572e+01
2.962000000000000188e+00,1.715552713583564071e+01
2.963000000000000078e+00,1.705831524546411870e+01
2.963999999999999968e+00,1.712860486209606137e+01
2.964999999999999858e+00,1.714838674697809395e+01
2.966000000000000192e+00,1.706995816952725420e+01
2.967000000000000082e+00,1.710484932169432781e+01
2.967999999999999972e+00,1.704923958328844336e+01
2.968999999999999861e+00,1.705062183848905377e+01
2.970000000000000195e+00,1.701561806263072185e+01
2.971000000000000085e+00,1.705785851278475462e+01
2.971999999999999975e+00,1.704835788903941918e+01
2.972999999999999865e+00,1.698097105020367081e+01
2.974000000000000199e+00,1.701200961931530387e+01
2.975000000000000089e+00,1.704602696619039293e+01
2.975999999999999979e+00,1.704369928872463191e+01
2.976999999999999869e+00,1.697451981558380041e+01
2.978000000000000203e+00,1.708456866396378970e+01
2.979000000000000092e+00,1.705633027493295728e+01
2.979999999999999982e+00,1.703421473343208348e+01
2.980999999999999872e+00,1.700884372713784032e+01
2.982000000000000206e+00,1.701591683974998759e+01
2.983000000000000096e+00,1.688901465588512707e+01
2.983999999999999986e+00,1.691990226886110094e+01
2.984999999999999876e+00,1.690983181417557901e+01
2.986000000000000210e+00,1.694234960272628143e+01
2.987000000000000099e+00,1.695794531605164934e+01
2.987999999999999989e+00,1.698228799491942453e+01
2.988999999999999879e+00,1.706487607774003834e+01
2.990000000000000213e+00,1.693066213231761097e+01
2.991000000000000103e+00,1.690900840817365491e+01
2.991999999999999993e+00,1.691306886667511478e+01
2.992999999999999883e+00,1.700670386333692363e+01
2.994000000000000217e+00,1.701823495981964030e+01
2.995000000000000107e+00,1.698859350874622365e+01
2.995999999999999996e+00,1.701776508560874035e+01
2.996999999999999886e+00,1.704151789835654540e+01
2.998000000000000220e+00,1.695472061088816673e+01
2.999000000000000110e+00,1.696646079885974601e+01
3.000000000000000000e+00,1.703908014511132762e+01
3.000999999999999890e+00,1.696340944913363202e+01
3.001999999999999780e+00,1.702576918370953862e+01
3.003000000000000114e+00,1.691658285081899393e+01
3.004000000000000004e+00,1.697896201365862012e+01
3.004999999999999893e+00,1.697361320985386968e+01
3.005999999999999783e+00,1.700841829211741185e+01
3.007000000000000117e+00,1.701446763876171175e+01
3.008000000000000007e+00,1.697174245819874017e+01
3.008999999999999897e+00,1.694689669712580482e+01
3.009999999999999787e+00,1.695062262158349142e+01
3.011000000000000121e+00,1.687937314053123927e+01
3.012000000000000011e+00,1.701568189488446947e+01
3.012999999999999901e+00,1.699186741182365523e+01
3.013999999999999790e+00,1.699164495215853066e+01
3.015000000000000124e+00,1.695793016109511342e+01
3.016000000000000014e+00,1.696556829786980103e+01
3.016999999999999904e+00,1.695353302783578897e+01
3.017999999999999794e+00,1.699177164809161411e+01
3.019000000000000128e+00,1.688667274299615073e+01
3.020000000000000018e+00,1.690754331621633355e+01
3.020999999999999908e+00,1.689943646960507095e+01
3.021999999999999797e+00,1.695010850724136731e+01
3.023000000000000131e+00,1.692735371759220442e+01
3.024000000000000021e+00,1.691921716435853185e+01
3.024999999999999911e+00,1.684514287840532276e+01
3.025999999999999801e+00,1.692327206410435991e+01
3.027000000000000135e+00,1.687823674330983437e+01
3.028000000000000025e+00,1.689482214300660701e+01
3.028999999999999915e+00,1.691424408312719763e+01
3.029999999999999805e+00,1.692834374272513998e+01
3.031000000000000139e+00,1.685781551750472929e+01
3.032000000000000028e+00,1.691368245825027117e+01
3.032999999999999918e+00,1.689483907298924237e+01
3.033999999999999808e+00,1.689829212964841076e+01
3.035000000000000142e+00,1.691604753890661073e+01
3.036000000000000032e+00,1.696267571729438117e+01
3.036999999999999922e+00,1.691013728057762577e+01
3.037999999999999812e+00,1.694523932266667998e+01
3.039000000000000146e+00,1.700812562061966560e+01
3.040000000000000036e+00,1.692245196557531983e+01
3.040999999999999925e+00,1.693897769907368556e+01
3.041999999999999815e+00,1.692028782453983382e+01
3.043000000000000149e+00,1.693894268007085913e+01
3.044000000000000039e+00,1.698014756201059328e+01
3.044999999999999929e+00,1.699433447230225624e+01
3.045999999999999819e+00,1.706667382418950396e+01
3.047000000000000153e+00,1.706458440220110617e+01
3.048000000000000043e+00,1.700912062903233135e+01
3.048999999999999932e+00,1.696540449989485211e+01
3.049999999999999822e+00,1.696659840928352025e+01
3.051000000000000156e+00,1.697481887016869706e+01
3.052000000000000046e+00,1.696363308222016286e+01
3.052999999999999936e+00,1.695287359073564559e+01
3.053999999999999826e+00,1.693650838450070850e+01
3.055000000000000160e+00,1.694833322346746129e+01
3.056000000000000050e+00,1.699029469933096337e+01
3.056999999999999940e+00,1.697736611502990201e+01
3.057999999999999829e+00,1.693357087411423123e+01
3.059000000000000163e+00,1.698922064701043055e+01
3.060000000000000053e+00,1.697564637405769972e+01
3.060999999999999943e+00,1.696544769570197886e+01
3.061999999999999833e+00,1.695513242520065234e+01
3.063000000000000167e+00,1.692580484263476137e+01
3.064000000000000057e+00,1.697562872029264369e+01
3.064999999999999947e+00,1.699353690310712395e+01
3.065999999999999837e+00,1.699348849902902714e+01
3.067000000000000171e+00,1.691753439479831300e+01
3.068000000000000060e+00,1.695924392943041781e+01
3.068999999999999950e+00,1.693529719631144559e+01
3.069999999999999840e+00,1.697353878784367964e+01
3.071000000000000174e+00,1.697827570323363489e+01
3.072000000000000064e+00,1.698267377318362392e+01
3.072999999999999954e+00,1.700473373335946548e+01
3.073999999999999844e+00,1.697022659691266355e+01
3.075000000000000178e+00,1.696105968223524485e+01
3.076000000000000068e+00,1.692862891917863521e+01
3.076999999999999957e+00,1.695092744473829072e+01
3.077999999999999847e+00,1.699817303780245581e+01
3.079000000000000181e+00,1.703290357058595461e+01
3.080000000000000071e+00,1.698948527332867897e+01
3.080999999999999961e+00,1.697787589867111890e+01
3.081999999999999851e+00,1.692798223831679394e+01
3.083000000000000185e+00,1.698523682321992467e+01
3.084000000000000075e+00,1.695653935247953470e+01
3.084999999999999964e+00,1.694519002333298374e+01
3.085999999999999854e+00,1.699459242311331764e+01
3.087000000000000188e+00,1.695029908747022418e+01
3.088000000000000078e+00,1.695881838433223976e+01
3.088999999999999968e+00,1.689217761208801605e+01
3.089999999999999858e+00,1.691645119530918251e+01
3.091000000000000192e+00,1.683058860057374773e+01
3.092000000000000082e+00,1.694404168850926240e+01
3.092999999999999972e+00,1.689199109100754015e+01
3.093999999999999861e+00,1.695324380265360986e+01
3.095000000000000195e+00,1.697947927572464621e+01
3.096000000000000085e+00,1.697826983639203391e+01
3.096999999999999975e+00,1.697946129896505596e+01
3.097999999999999865e+00,1.690769529244084168e+01
3.099000000000000199e+00,1.697678039754189783e+01
3.100000000000000089e+00,1.692437829649593084e+01
3.100999999999999979e+00,1.692446703787836526e+01
3.101999999999999869e+00,1.691460218030652740e+01
3.103000000000000203e+00,1.691832156942039944e+01
3.104000000000000092e+00,1.697221166345513765e+01
3.104999999999999982e+00,1.697933672622884060e+01
3.105999999999999872e+00,1.695147397839452807e+01
3.107000000000000206e+00,1.692996646963258556e+01
3.108000000000000096e+00,1.695899236428403256e+01
3.108999999999999986e+00,1.694128155869546504e+01
3.109999999999999876e+00,1.703444520378285532e+01
3.111000000000000210e+00,1.696060887260119188e+01
3.112000000000000099e+00,1.697896732862621150e+01
3.112999999999999989e+00,1.688493752706056128e+01
3.113999999999999879e+00,1.688916784590454157e+01
3.115000000000000213e+00,1.694884168324107776e+01
3.116000000000000103e+00,1.695516696102627208e+01
3.116999999999999993e+00,1.697115937450410073e+01
3.117999999999999883e+00,1.697557332506820771e+01
3.119000000000000217e+00,1.704754779206847104e+01
3.120000000000000107e+00,1.696903271726681339e+01
3.120999999999999996e+00,1.692362590404812650e+01
3.121999999999999886e+00,1.696914177335526119e+01
3.123000000000000220e+00,1.691651157932613714e+01
3.124000000000000110e+00,1.698833094017884449e+01
3.125000000000000000e+00,1.693161466994450137e+01
3.125999999999999890e+00,1.692614686622837894e+01
3.126999999999999780e+00,1.700897277021761056e+01
3.128000000000000114e+00,1.693668021859006956e+01
3.129000000000000004e+00,1.694656631679123748e+01
3.129999999999999893e+00,1.695797763178125095e+01
3.130999999999999783e+00,1.704276440986007657e+01
3.132000000000000117e+00,1.703366856218799441e+01
3.133000000000000007e+00,1.708579317565805411e+01
3.133999999999999897e+00,1.704495139287619310e+01
3.134999999999999787e+00,1.700834758930395196e+01
3.136000000000000121e+00,1.706730504056015363e+01
3.137000000000000011e+00,1.698598567403923809e+01
3.137999999999999901e+00,1.702130129119222346e+01
3.138999999999999790e+00,1.703631286204560169e+01
3.140000000000000124e+00,1.702540490726703482e+01
3.141000000000000014e+00,1.704677553291906733e+01
3.141999999999999904e+00,1.698969381353992958e+01
3.142999999999999794e+00,1.700339853839778570e+01
3.144000000000000128e+00,1.695449848513101543e+01
3.145000000000000018e+00,1.701856472862463932e+01
3.145999999999999908e+00,1.702646992083220567e+01
3.146999999999999797e+00,1.704025446092141394e+01
3.148000000000000131e+00,1.701797044105862611e+01
3.149000000000000021e+00,1.693270188252351005e+01
3.149999999999999911e+00,1.697723801224902118e+01
3.150999999999999801e+00,1.700438247711447204e+01
3.152000000000000135e+00,1.702193983828512103e+01
3.153000000000000025e+00,1.696862395354151687e+01
3.153999999999999915e+00,1.695639384743565614e+01
3.154999999999999805e+00,1.703844892853294368e+01
3.156000000000000139e+00,1.698786277853398730e+01
3.157000000000000028e+00,1.704423042823055212e+01
3.157999999999999918e+00,1.698316038266333550e+01
3.158999999999999808e+00,1.699002068577627256e+01
3.160000000000000142e+00,1.707435587447795911e+01
3.161000000000000032e+00,1.697885334125273715e+01
3.161999999999999922e+00,1.700592171558695398e+01
3.162999999999999812e+00,1.705450477868905423e+01
3.164000000000000146e+00,1.700776012826103312e+01
3.165000000000000036e+00,1.705419386922101666e+01
3.165999999999999925e+00,1.702265159184205601e+01
3.166999999999999815e+00,1.701585908426654825e+01
3.168000000000000149e+00,1.700265277064182357e+01
3.169000000000000039e+00,1.698069929501935604e+01
3.169999999999999929e+00,1.705830911406314954e+01
3.170999999999999819e+00,1.700590515072110875e+01
3.172000000000000153e+00,1.700082922453820444e+01
3.173000000000000043e+00,1.700009764250089717e+01
3.173999999999999932e+00,1.701365475475632394e+01
3.174999999999999822e+00,1.701002354136771899e+01
3.176000000000000156e+00,1.706987005145059300e+01
3.177000000000000046e+00,1.701046999411121874e+01
3.177999999999999936e+00,1.708931128508123010e+01
3.178999999999999826e+00,1.711629994352507822e+01
3.180000000000000160e+00,1.702809053423816366e+01
3.181000000000000050e+00,1.700831083656185427e+01
3.181999999999999940e+00,1.707979081841650526e+01
3.182999999999999829e+00,1.705197804546320128e+01
3.184000000000000163e+00,1.705055784480937220e+01
3.185000000000000053e+00,1.710500980172988150e+01
3.185999999999999943e+00,1.707036582321342522e+01
3.186999999999999833e+00,1.705169170503061693e+01
3.188000000000000167e+00,1.706961582675752709e+01
3.189000000000000057e+00,1.704806584663352709e+01
3.189999999999999947e+00,1.706068750353211882e+01
3.190999999999999837e+00,1.706454125917991149e+01
3.192000000000000171e+00,1.707384350120544525e+01
3.193000000000000060e+00,1.701935649645499282e+01
3.193999999999999950e+00,1.707479188665827152e+01
3.194999999999999840e+00,1.708306885967713384e+01
3.196000000000000174e+00,1.700128490684511462e+01
3.197000000000000064e+00,1.701546029234452462e+01
3.197999999999999954e+00,1.700834713547245158e+01
3.198999999999999844e+00,1.708130173388121165e+01
3.200000000000000178e+00,1.707864360951614557e+01
3.201000000000000068e+00,1.709506573634207172e+01
3.201999999999999957e+00,1.702581054995859233e+01
3.202999999999999847e+00,1.711063367772912258e+01
3.204000000000000181e+00,1.706475428461602561e+01
3.205000000000000071e+00,1.706023930428246871e+01
3.205999999999999961e+00,1.708803333109257494e+01
3.206999999999999851e+00,1.706900480565834499e+01
3.208000000000000185e+00,1.710709109343266476e+01
3.209000000000000075e+00,1.716764717009420593e+01
3.209999999999999964e+00,1.707444832099148613e+01
3.210999999999999854e+00,1.709907795182606094e+01
3.212000000000000188e+00,1.711316503496069075e+01
3.213000000000000078e+00,1.710717797060680212e+01
3.213999999999999968e+00,1.705520903732334759e+01
3.214999999999999858e+00,1.709084265054289986e+01
3.216000000000000192e+00,1.713077212141071115e+01
3.217000000000000082e+00,1.715109232721740895e+01
3.217999999999999972e+00,1.714430458079290887e+01
3.218999999999999861e+00,1.721817572794966722e+01
3.220000000000000195e+00,1.712404380558743355e+01
3.221000000000000085e+00,1.715295503477224059e+01
3.221999999999999975e+00,1.709758129558507278e+01
3.222999999999999865e+00,1.707837560536681565e+01
3.224000000000000199e+00,1.711053897066436136e+01
3.225000000000000089e+00,1.713982331719398999e+01
3.225999999999999979e+00,1.713005378967930525e+01
3.226999999999999869e+00,1.712383673299920872e+01
3.228000000000000203e+00,1.709799386896048645e+01
3.229000000000000092e+00,1.722483876499182287e+01
3.229999999999999982e+00,1.716488721918923233e+01
3.230999999999999872e+00,1.718895145425184978e+01
3.232000000000000206e+00,1.721363211865936904e+01
3.233000000000000096e+00,1.717337713458578463e+01
3.233999999999999986e+00,1.717802486942542828e+01
3.234999999999999876e+00,1.719219422832136956e+01
3.236000000000000210e+00,1.721484501831061920e+01
3.237000000000000099e+00,1.706331259694643876e+01
3.237999999999999989e+00,1.710009353530618981e+01
3.238999999999999879e+00,1.710412546521180488e+01
3.240000000000000213e+00,1.714591557266384925e+01
3.241000000000000103e+00,1.713359186087077646e+01
3.241999999999999993e+00,1.718667703556049631e+01
3.242999999999999883e+00,1.720049406283272475e+01
3.244000000000000217e+00,1.714213711508750038e+01
3.245000000000000107e+00,1.712872342935592229e+01
3.245999999999999996e+00,1.728387185192372755e+01
3.246999999999999886e+00,1.720466833659255457e+01
3.248000000000000220e+00,1.724219130188277660e+01
3.249000000000000110e+00,1.719344510460607012e+01
3.250000000000000000e+00,1.715307126463988396e+01
3.250999999999999890e+00,1.711694977338151702e+01
3.251999999999999780e+00,1.717622590526147519e+01
3.253000000000000114e+00,1.705141969588935069e+01
3.254000000000000004e+00,1.712217236090835826e+01
3.254999999999999893e+00,1.709778122000138012e+01
3.255999999999999783e+00,1.705718358355797903e+01
3.257000000000000117e+00,1.713997392087443927e+01
3.258000000000000007e+00,1.710511313613601914e+01
3.258999999999999897e+00,1.716636158486377894e+01
3.259999999999999787e+00,1.717216185334289591e+01
3.261000000000000121e+00,1.715932652840189476e+01
3.262000000000000011e+00,1.715914463936684697e+01
3.262999999999999901e+00,1.716442050969426703e+01
3.263999999999999790e+00,1.713823606351797935e+01
3.265000000000000124e+00,1.716227693114672803e+01
3.266000000000000014e+00,1.719738699371052348e+01
3.266999999999999904e+00,1.711291130777075864e+01
3.267999999999999794e+00,1.718523110498860262e+01
3.269000000000000128e+00,1.715687590623304359e+01
3.270000000000000018e+00,1.705770652700109480e+01
3.270999999999999908e+00,1.713819205163620296e+01
3.271999999999999797e+00,1.709648270917607249e+01
3.273000000000000131e+00,1.705952256772817677e+01
3.274000000000000021e+00,1.704009996854743036e+01
3.274999999999999911e+00,1.707360674950772150e+01
3.275999999999999801e+00,1.699711389606764911e+01
3.277000000000000135e+00,1.704734990834404940e+01
3.278000000000000025e+00,1.710981855256438067e+01
3.278999999999999915e+00,1.707819057964364262e+01
3.279999999999999805e+00,1.708768842720559533e+01
3.281000000000000139e+00,1.713455449871007374e+01
3.282000000000000028e+00,1.707690054335890650e+01
3.282999999999999918e+00,1.719353959157507461e+01
3.283999999999999808e+00,1.715021070577111928e+01
3.285000000000000142e+00,1.713118282749476862e+01
3.286000000000000032e+00,1.718425118010479125e+01
3.286999999999999922e+00,1.715464594785101937e+01
3.287999999999999812e+00,1.723236888344968776e+01
3.289000000000000146e+00,1.715290942209055203e+01
3.290000000000000036e+00,1.715792239036647260e+01
3.290999999999999925e+00,1.718805152231296773e+01
3.291999999999999815e+00,1.724518400620932113e+01
3.293000000000000149e+00,1.719546899110989102e+01
3.294000000000000039e+00,1.707689989044520118e+01
3.294999999999999929e+00,1.720008229866508742e+01
3.295999999999999819e+00,1.721336105216958856e+01
3.297000000000000153e+00,1.708025344601573892e+01
3.298000000000000043e+00,1.708489177727244268e+01
3.298999999999999932e+00,1.709433908512740530e+01
3.299999999999999822e+00,1.713472741712707048e+01
3.301000000000000156e+00,1.714340962731054674e+01
3.302000000000000046e+00,1.709714071121131695e+01
3.302999999999999936e+00,1.713607397679561828e+01
3.303999999999999826e+00,1.721100897135836760e+01
3.305000000000000160e+00,1.720793465628613816e+01
3.306000000000000050e+00,1.718351304196272267e+01
3.306999999999999940e+00,1.716888206397362637e+01
3.307999999999999829e+00,1.720365642285108976e+01
3.309000000000000163e+00,1.724058061958814747e+01
3.310000000000000053e+00,1.723201677636451734e+01
3.310999999999999943e+00,1.719860742254232022e+01
3.311999999999999833e+00,1.725029649799245490e+01
3.313000000000000167e+00,1.713061966444279349e+01
3.314000000000000057e+00,1.712988266655381864e+01
3.314999999999999947e+00,1.722445100587846056e+01
3.315999999999999837e+00,1.720647171993955737e+01
3.317000000000000171e+00,1.714973536231468998e+01
3.318000000000000060e+00,1.724949210754712325e+01
3.318999999999999950e+00,1.717495407159582399e+01
3.319999999999999840e+00,1.716168246882811488e+01
3.321000000000000174e+00,1.725810014986736007e+01
3.322000000000000064e+00,1.719157136676124153e+01
3.322999999999999954e+00,1.711372574476286346e+01
3.323999999999999844e+00,1.710210362775402260e+01
3.325000000000000178e+00,1.710176682118351721e+01
3.326000000000000068e+00,1.710688539948212394e+01
3.326999999999999957e+00,1.723820246799635569e+01
3.327999999999999847e+00,1.709491767885054614e+01
3.329000000000000181e+00,1.712498397532132088e+01
3.330000000000000071e+00,1.700831660417044233e+01
3.330999999999999961e+00,1.706635213294376996e+01
3.331999999999999851e+00,1.706365444929251751e+01
3.333000000000000185e+00,1.699889284064763828e+01
3.334000000000000075e+00,1.703972937732504889e+01
3.334999999999999964e+00,1.705539295430384428e+01
3.335999999999999854e+00,1.697521944512203262e+01
3.337000000000000188e+00,1.702870252264651896e+01
3.338000000000000078e+00,1.706475815989856670e+01
3.338999999999999968e+00,1.703196624607456755e+01
3.339999999999999858e+00,1.709147234723050346e+01
3.341000000000000192e+00,1.710748826343779427e+01
3.342000000000000082e+00,1.708619907802835058e+01
3.342999999999999972e+00,1.705690438670990261e+01
3.343999999999999861e+00,1.705342346858796887e+01
3.345000000000000195e+00,1.709626265181379878e+01
3.346000000000000085e+00,1.710301919009717864e+01
3.346999999999999975e+00,1.696732391011729391e+01
3.347999999999999865e+00,1.707174567395536258e+01
3.349000000000000199e+00,1.709279973265380903e+01
3.350000000000000089e+00,1.703543298951712615e+01
3.350999999999999979e+00,1.715387992403612927e+01
3.351999999999999869e+00,1.718484733125789532e+01
3.353000000000000203e+00,1.711613152501114143e+01
3.354000000000000092e+00,1.707710282075555597e+01
3.354999999999999982e+00,1.705369333321675640e+01
3.355999999999999872e+00,1.704184629185643729e+01
3.357000000000000206e+00,1.701481605009982090e+01
3.358000000000000096e+00,1.709545341268651697e+01
3.358999999999999986e+00,1.708949466642739523e+01
3.359999999999999876e+00,1.702427004617121753e+01
3.361000000000000210e+00,1.701218179708310174e+01
3.362000000000000099e+00,1.707666774427802636e+01
3.362999999999999989e+00,1.699720399268813864e+01
3.363999999999999879e+00,1.701523339694225356e+01
3.365000000000000213e+00,1.711547973541972212e+01
3.366000000000000103e+00,1.702189930967896458e+01
3.366999999999999993e+00,1.697826025972453579e+01
3.367999999999999883e+00,1.692513306961775754e+01
3.369000000000000217e+00,1.698550569508069685e+01
3.370000000000000107e+00,1.704898322417266598e+01
3.370999999999999996e+00,1.700506258183949981e+01
3.371999999999999886e+00,1.696571490860446829e+01
3.373000000000000220e+00,1.697802630941153268e+01
3.374000000000000110e+00,1.699812964087454148e+01
3.375000000000000000e+00,1.698652802232066961e+01
3.375999999999999890e+00,1.699641364244894604e+01
3.376999999999999780e+00,1.706812713174520724e+01
3.378000000000000114e+00,1.699796305652687778e+01
3.379000000000000004e+00,1.692143236007997231e+01
3.379999999999999893e+00,1.696381655589813064e+01
3.380999999999999783e+00,1.699551138858417332e+01
3.382000000000000117e+00,1.703416686400052527e+01
3.383000000000000007e+00,1.697175284403837381e+01
3.383999999999999897e+00,1.701003674221991346e+01
3.384999999999999787e+00,1.709651235781878498e+01
3.386000000000000121e+00,1.699342459314004472e+01
3.387000000000000011e+00,1.702346791068871568e+01
3.387999999999999901e+00,1.709683784047930999e+01
3.388999999999999790e+00,1.703671854135142283e+01
3.390000000000000124e+00,1.708688476969366832e+01
3.391000000000000014e+00,1.701555319891545537e+01
3.391999999999999904e+00,1.703021016808885690e+01
3.392999999999999794e+00,1.705755287911551932e+01
3.394000000000000128e+00,1.705817817929793634e+01
3.395000000000000018e+00,1.700961116785155625e+01
3.395999999999999908e+00,1.707231877735110714e+01
3.396999999999999797e+00,1.705878912268301306e+01
3.398000000000000131e+00,1.701749798027614702e+01
3.399000000000000021e+00,1.704671876716944467e+01
3.399999999999999911e+00,1.704492475344931179e+01
3.400999999999999801e+00,1.707103316691684114e+01
3.402000000000000135e+00,1.701127440948986447e+01
3.403000000000000025e+00,1.699174160079048335e+01
3.403999999999999915e+00,1.698258609081613102e+01
3.404999999999999805e+00,1.701825385887023501e+01
3.406000000000000139e+00,1.696325202462577408e+01
3.407000000000000028e+00,1.707104594053160795e+01
3.407999999999999918e+00,1.703354188102648692e+01
3.408999999999999808e+00,1.703478962696301835e+01
3.410000000000000142e+00,1.707144918973473580e+01
3.411000000000000032e+00,1.711417796543890901e+01
3.411999999999999922e+00,1.708270308589334974e+01
3.412999999999999812e+00,1.707242585470157081e+01
3.414000000000000146e+00,1.706288744935469026e+01
3.415000000000000036e+00,1.705753492116299341e+01
3.415999999999999925e+00,1.704562218929919482e+01
3.416999999999999815e+00,1.703807167693868863e+01
3.418000000000000149e+00,1.709781492119475743e+01
3.419000000000000039e+00,1.698255182759307047e+01
3.419999999999999929e+00,1.700577687363623625e+01
3.420999999999999819e+00,1.710743091477348798e+01
3.422000000000000153e+00,1.701164989277693707e+01
3.423000000000000043e+00,1.698333693764854857e+01
3.423999999999999932e+00,1.707861167709727113e+01
3.424999999999999822e+00,1.704667982936349091e+01
3.426000000000000156e+00,1.701818744911080117e+01
3.427000000000000046e+00,1.698219358816420410e+01
3.427999999999999936e+00,1.702618780107665231e+01
3.428999999999999826e+00,1.700724110591686511e+01
3.430000000000000160e+00,1.702878008237592056e+01
3.431000000000000050e+00,1.706284897392391287e+01
3.431999999999999940e+00,1.707220417583340577e+01
3.432999999999999829e+00,1.707935990817271232e+01
3.434000000000000163e+00,1.703898254865875828e+01
3.435000000000000053e+00,1.704036035659854775e+01
3.435999999999999943e+00,1.701123642046855622e+01
3.436999999999999833e+00,1.702737725525176415e+01
3.438000000000000167e+00,1.700099238049567418e+01
3.439000000000000057e+00,1.696742963888960176e+01
3.439999999999999947e+00,1.694808357529670673e+01
3.440999999999999837e+00,1.705865293265200222e+01
3.442000000000000171e+00,1.703579911509637412e+01
3.443000000000000060e+00,1.700166573659010538e+01
3.443999999999999950e+00,1.699127251700821262e+01
3.444999999999999840e+00,1.708159340037649798e+01
3.446000000000000174e+00,1.705870104319395253e+01
3.447000000000000064e+00,1.703790516869260330e+01
3.447999999999999954e+00,1.695031703187069994e+01
3.448999999999999844e+00,1.703465468038011110e+01
3.450000000000000178e+00,1.706370162380495259e+01
3.451000000000000068e+00,1.705958054060079121e+01
3.451999999999999957e+00,1.704807923367711453e+01
3.452999999999999847e+00,1.696835342864680030e+01
3.454000000000000181e+00,1.701191591858789565e+01
3.455000000000000071e+00,1.707348396787584122e+01
3.455999999999999961e+00,1.695709962087459743e+01
3.456999999999999851e+00,1.700838819069803165e+01
3.458000000000000185e+00,1.699729862286553228e+01
3.459000000000000075e+00,1.699671060314271642e+01
3.459999999999999964e+00,1.701017860412230576e+01
3.460999999999999854e+00,1.702875346724661654e+01
3.462000000000000188e+00,1.713584367120683183e+01
3.463000000000000078e+00,1.709288730980610538e+01
3.463999999999999968e+00,1.710396225535912151e+01
3.464999999999999858e+00,1.699416684645592568e+01
3.466000000000000192e+00,1.704059015542590672e+01
3.467000000000000082e+00,1.706844302889762588e+01
3.467999999999999972e+00,1.702646675917200625e+01
3.468999999999999861e+00,1.706476856363475036e+01
3.470000000000000195e+00,1.707646648733021877e+01
3.471000000000000085e+00,1.706421300557379794e+01
3.471999999999999975e+00,1.703887473544216036e+01
3.472999999999999865e+00,1.708501162843753818e+01
3.474000000000000199e+00,1.705307238728930486e+01
3.475000000000000089e+00,1.702251353793456445e+01
3.475999999999999979e+00,1.703393048241859731e+01
3.476999999999999869e+00,1.697068789004317679e+01
3.478000000000000203e+00,1.698930681063686166e+01
3.479000000000000092e+00,1.700693142308693240e+01
3.479999999999999982e+00,1.701595273352100435e+01
3.480999999999999872e+00,1.699897084398863356e+01
3.482000000000000206e+00,1.703186662403887297e+01
3.483000000000000096e+00,1.699478843317707089e+01
3.483999999999999986e+00,1.700527880376632339e+01
3.484999999999999876e+00,1.699617614853997694e+01
3.486000000000000210e+00,1.700888002967897350e+01
3.487000000000000099e+00,1.702320414283934724e+01
3.487999999999999989e+00,1.700378852115094119e+01
3.488999999999999879e+00,1.700468084294896087e+01
3.490000000000000213e+00,1.700533675383418952e+01
3.491000000000000103e+00,1.699145241197728140e+01
3.491999999999999993e+00,1.697445395469503637e+01
3.492999999999999883e+00,1.696616283640614853e+01
3.494000000000000217e+00,1.706424562314916216e+01
3.495000000000000107e+00,1.706852054723946566e+01
3.495999999999999996e+00,1.704192127389231715e+01
3.496999999999999886e+00,1.702549704950421727e+01
3.498000000000000220e+00,1.699940270647539009e+01
3.499000000000000110e+00,1.703361378422507144e+01
3.500000000000000000e+00,1.698515031129005948e+01
3.500999999999999890e+00,1.693510379664198950e+01
3.501999999999999780e+00,1.697726154771293494e+01
3.503000000000000114e+00,1.693845933705810225e+01
3.504000000000000004e+00,1.697021481061168657e+01
3.504999999999999893e+00,1.699237205770620562e+01
3.505999999999999783e+00,1.700262424829131902e+01
3.507000000000000117e+00,1.692892341971103320e+01
3.508000000000000007e+00,1.703310023893084590e+01
3.508999999999999897e+00,1.705721836123176161e+01
3.509999999999999787e+00,1.703651544267868800e+01
3.511000000000000121e+00,1.708174099445642824e+01
3.512000000000000011e+00,1.700030125781485424e+01
3.512999999999999901e+00,1.700077435887550692e+01
3.513999999999999790e+00,1.702811138405028402e+01
3.515000000000000124e+00,1.702763411426240125e+01
3.516000000000000014e+00,1.701408820633100305e+01
3.516999999999999904e+00,1.705769927168446287e+01
3.517999999999999794e+00,1.707645239596380904e+01
3.519000000000000128e+00,1.704540821315237764e+01
3.520000000000000018e+00,1.704797122784029284e+01
3.520999999999999908e+00,1.704639256227551414e+01
3.521999999999999797e+00,1.701421898625800111e+01
3.523000000000000131e+00,1.708406232572110994e+01
3.524000000000000021e+00,1.702912288878479430e+01
3.524999999999999911e+00,1.701539651052845059e+01
3.525999999999999801e+00,1.700546850095235030e+01
3.527000000000000135e+00,1.713105739027131236e+01
3.528000000000000025e+00,1.696921592761955466e+01
3.528999999999999915e+00,1.705514180588313877e+01
3.529999999999999805e+00,1.706060236074761960e+01
3.531000000000000139e+00,1.705336678847897858e+01
3.532000000000000028e+00,1.705032322742028938e+01
3.532999999999999918e+00,1.710001143817528657e+01
3.533999999999999808e+00,1.718543131706796601e+01
3.535000000000000142e+00,1.713356996646249186e+01
3.536000000000000032e+00,1.709404469321701470e+01
3.536999999999999922e+00,1.712171729822444277e+01
3.537999999999999812e+00,1.718228958569170928e+01
3.539000000000000146e+00,1.710714174410928834e+01
3.540000000000000036e+00,1.707716191092624314e+01
3.540999999999999925e+00,1.710602413858689985e+01
3.541999999999999815e+00,1.699148566642463010e+01
3.543000000000000149e+00,1.699956794762260870e+01
3.544000000000000039e+00,1.701706618775686763e+01
3.544999999999999929e+00,1.710541283279471614e+01
3.545999999999999819e+00,1.700651233276582985e+01
3.547000000000000153e+00,1.705249989051219472e+01
3.548000000000000043e+00,1.701327899324656556e+01
3.548999999999999932e+00,1.708661014974025960e+01
3.549999999999999822e+00,1.710304622180234091e+01
3.551000000000000156e+00,1.714347880070435082e+01
3.552000000000000046e+00,1.705889941811563304e+01
3.552999999999999936e+00,1.706415127218382821e+01
3.553999999999999826e+00,1.706379837986045800e+01
3.555000000000000160e+00,1.709954182813582335e+01
3.556000000000000050e+00,1.707643666357765966e+01
3.556999999999999940e+00,1.703794876612719023e+01
3.557999999999999829e+00,1.714494235953829460e+01
3.559000000000000163e+00,1.707819707671103160e+01
3.560000000000000053e+00,1.711532370780099654e+01
3.560999999999999943e+00,1.709782411982078898e+01
3.561999999999999833e+00,1.708172082522680313e+01
3.563000000000000167e+00,1.710710298530668183e+01
3.564000000000000057e+00,1.703984747278728307e+01
3.564999999999999947e+00,1.706745734313665253e+01
3.565999999999999837e+00,1.708951520936166801e+01
3.567000000000000171e+00,1.704878734855682154e+01
3.568000000000000060e+00,1.703868269485575837e+01
3.568999999999999950e+00,1.708736619544030688e+01
3.569999999999999840e+00,1.714492447413449838e+01
3.571000000000000174e+00,1.716015217534420856e+01
3.572000000000000064e+00,1.712652099157327612e+01
3.572999999999999954e+00,1.703135859836119792e+01
3.573999999999999844e+00,1.705564549873609792e+01
3.575000000000000178e+00,1.707761570583322097e+01
3.576000000000000068e+00,1.707263852812805993e+01
3.576999999999999957e+00,1.711717738870054362e+01
3.577999999999999847e+00,1.715813411650228559e+01
3.579000000000000181e+00,1.712223201100026060e+01
3.580000000000000071e+00,1.711068557835261217e+01
3.580999999999999961e+00,1.712064518512765332e+01
3.581999999999999851e+00,1.706312262985225559e+01
3.583000000000000185e+00,1.709051596779244875e+01
3.584000000000000075e+00,1.712209139433430494e+01
3.584999999999999964e+00,1.711853909639720328e+01
3.585999999999999854e+00,1.704640046897151606e+01
3.587000000000000188e+00,1.718265187660642113e+01
3.588000000000000078e+00,1.711020009571365108e+01
3.588999999999999968e+00,1.710600416402264656e+01
3.589999999999999858e+00,1.708242909928539888e+01
3.591000000000000192e+00,1.710263316621733054e+01
3.592000000000000082e+00,1.717265883626036427e+01
3.592999999999999972e+00,1.710294683022870998e+01
3.593999999999999861e+00,1.711584048441478245e+01
3.595000000000000195e+00,1.709591343470550484e+01
3.596000000000000085e+00,1.713538559656586102e+01
3.596999999999999975e+00,1.713735095169860045e+01
3.597999999999999865e+00,1.712084149502033625e+01
3.599000000000000199e+00,1.713359668534844360e+01
3.600000000000000089e+00,1.711795841908065441e+01
3.600999999999999979e+00,1.719081230304716001e+01
3.601999999999999869e+00,1.712610022696197021e+01
3.603000000000000203e+00,1.711383387171779447e+01
3.604000000000000092e+00,1.708903819254900114e+01
3.604999999999999982e+00,1.718371230954765849e+01
3.605999999999999872e+00,1.719461947825297088e+01
3.607000000000000206e+00,1.708543105087251490e+01
3.608000000000000096e+00,1.706302834219738074e+01
3.608999999999999986e+00,1.703881342625050621e+01
3.609999999999999876e+00,1.708676352224996364e+01
3.611000000000000210e+00,1.703429749499403201e+01
3.612000000000000099e+00,1.701993213397272697e+01
3.612999999999999989e+00,1.711212886148672041e+01
3.613999999999999879e+00,1.706150432757966229e+01
3.615000000000000213e+00,1.705152710699789509e+01
3.616000000000000103e+00,1.704908168686266379e+01
3.616999999999999993e+00,1.709758716553639246e+01
3.617999999999999883e+00,1.706737062107471914e+01
3.619000000000000217e+00,1.706599964168659156e+01
3.620000000000000107e+00,1.707437021638346408e+01
3.620999999999999996e+00,1.707501268007719375e+01
3.621999999999999886e+00,1.701002485823121901e+01
3.623000000000000220e+00,1.697731790412067809e+01
3.624000000000000110e+00,1.698734107134355042e+01
3.625000000000000000e+00,1.703745688523333612e+01
3.625999999999999890e+00,1.698635803313641190e+01
3.626999999999999780e+00,1.699778065815595340e+01
3.628000000000000114e+00,1.705932743450151179e+01
3.629000000000000004e+00,1.705703385257276494e+01
3.629999999999999893e+00,1.700919934664223732e+01
3.630999999999999783e+00,1.705801420226934439e+01
3.632000000000000117e+00,1.706930150593017359e+01
3.633000000000000007e+00,1.714574383047646933e+01
3.633999999999999897e+00,1.718301460772554279e+01
3.634999999999999787e+00,1.717775086944222451e+01
3.636000000000000121e+00,1.704300120116983663e+01
3.637000000000000011e+00,1.711412470145141285e+01
3.637999999999999901e+00,1.707167022125643996e+01
3.638999999999999790e+00,1.709325328227248875e+01
3.640000000000000124e+00,1.703551855254381664e+01
3.641000000000000014e+00,1.698620739360298160e+01
3.641999999999999904e+00,1.709498816189324444e+01
3.642999999999999794e+00,1.709669318909389801e+01
3.644000000000000128e+00,1.705049028028927793e+01
3.645000000000000018e+00,1.705293248192451827e+01
3.645999999999999908e+00,1.711646328755722379e+01
3.646999999999999797e+00,1.705477118019586769e+01
3.648000000000000131e+00,1.700221773910008238e+01
3.649000000000000021e+00,1.706853337987995900e+01
3.649999999999999911e+00,1.699662176312241257e+01
3.650999999999999801e+00,1.694436501576898380e+01
3.652000000000000135e+00,1.699515872082835344e+01
3.653000000000000025e+00,1.694011628851204065e+01
3.653999999999999915e+00,1.698596838937301712e+01
3.654999999999999805e+00,1.693882811584753867e+01
3.656000000000000139e+00,1.696956524885651874e+01
3.657000000000000028e+00,1.695144240938446245e+01
3.657999999999999918e+00,1.695617729495675619e+01
3.658999999999999808e+00,1.693558049322014014e+01
3.660000000000000142e+00,1.694583417785042911e+01
3.661000000000000032e+00,1.690713649557935483e+01
3.661999999999999922e+00,1.694464793803395253e+01
3.662999999999999812e+00,1.696565046312808533e+01
3.664000000000000146e+00,1.695946197274894018e+01
3.665000000000000036e+00,1.701322406952415633e+01
3.665999999999999925e+00,1.695876465865478622e+01
3.666999999999999815e+00,1.704652995079600686e+01
3.668000000000000149e+00,1.703729673856521032e+01
3.669000000000000039e+00,1.705515699000308771e+01
3.669999999999999929e+00,1.706321250498396935e+01
3.670999999999999819e+00,1.704546405430606981e+01
3.672000000000000153e+00,1.705283807663943207e+01
3.673000000000000043e+00,1.712328207538118008e+01
3.673999999999999932e+00,1.705897900000306322e+01
3.674999999999999822e+00,1.706362008583574408e+01
3.676000000000000156e+00,1.704524305758891245e+01
3.677000000000000046e+00,1.700468898055628841e+01
3.677999999999999936e+00,1.703826160398253720e+01
3.678999999999999826e+00,1.701583209883355963e+01
3.680000000000000160e+00,1.702441722239543154e+01
3.681000000000000050e+00,1.709094807230030710e+01
3.681999999999999940e+00,1.697114688819577566e+01
3.682999999999999829e+00,1.697529364392093143e+01
3.684000000000000163e+00,1.696883648044604698e+01
3.685000000000000053e+00,1.696688284173093564e+01
3.685999999999999943e+00,1.696113975271587648e+01
3.686999999999999833e+00,1.700338017958601355e+01
3.688000000000000167e+00,1.699503704213919164e+01
3.689000000000000057e+00,1.701770167261096489e+01
3.689999999999999947e+00,1.694916251142766228e+01
3.690999999999999837e+00,1.703432851322219932e+01
3.692000000000000171e+00,1.700288198865841238e+01
3.693000000000000060e+00,1.694122394436045553e+01
3.693999999999999950e+00,1.700610148900606688e+01
3.694999999999999840e+00,1.700697759687805544e+01
3.696000000000000174e+00,1.699654695933296011e+01
3.697000000000000064e+00,1.709794665307665085e+01
3.697999999999999954e+00,1.700386755288917229e+01
3.698999999999999844e+00,1.696656811694953504e+01
3.700000000000000178e+00,1.693114160431246162e+01
3.701000000000000068e+00,1.697118303840774800e+01
3.701999999999999957e+00,1.703486666561074969e+01
3.702999999999999847e+00,1.698303498405766732e+01
3.704000000000000181e+00,1.703313423162034468e+01
3.705000000000000071e+00,1.703713215632156874e+01
3.705999999999999961e+00,1.703569639875961172e+01
3.706999999999999851e+00,1.703261854083367410e+01
3.708000000000000185e+00,1.694223326438976684e+01
3.709000000000000075e+00,1.699353305359606736e+01
3.709999999999999964e+00,1.698265458745495948e+01
3.710999999999999854e+00,1.699460714678890128e+01
3.712000000000000188e+00,1.693126693546154371e+01
3.713000000000000078e+00,1.699931972314382733e+01
3.713999999999999968e+00,1.699871657551575055e+01
3.714999999999999858e+00,1.702107250265458660e+01
3.716000000000000192e+00,1.703726536102191247e+01
3.717000000000000082e+00,1.703861732270582507e+01
3.717999999999999972e+00,1.701075642419991141e+01
3.718999999999999861e+00,1.696145383612217827e+01
3.720000000000000195e+00,1.695892469766433663e+01
3.721000000000000085e+00,1.705634266478664429e+01
3.721999999999999975e+00,1.704781814020151032e+01
3.722999999999999865e+00,1.704228011634458539e+01
3.724000000000000199e+00,1.702398192087927242e+01
3.725000000000000089e+00,1.703222237901624680e+01
3.725999999999999979e+00,1.693786793636380139e+01
3.726999999999999869e+00,1.698250483919153808e+01
3.728000000000000203e+00,1.698987818272681594e+01
3.729000000000000092e+00,1.692974144770745326e+01
3.729999999999999982e+00,1.698089480501892723e+01
3.730999999999999872e+00,1.700376616517044681e+01
3.732000000000000206e+00,1.700397472132894094e+01
3.733000000000000096e+00,1.701228784683227602e+01
3.733999999999999986e+00,1.697415045167944925e+01
3.734999999999999876e+00,1.699370902843556763e+01
3.736000000000000210e+00,1.701004673121138921e+01
3.737000000000000099e+00,1.699833768527616584e+01
3.737999999999999989e+00,1.703022782616924502e+01
3.738999999999999879e+00,1.699638722293973103e+01
3.740000000000000213e+00,1.693146361469307948e+01
3.741000000000000103e+00,1.699799206502893867e+01
3.741999999999999993e+00,1.701298297115193492e+01
3.742999999999999883e+00,1.695646736144630395e+01
3.744000000000000217e+00,1.693890688942759226e+01
3.745000000000000107e+00,1.693009454991117124e+01
3.745999999999999996e+00,1.699698000208353577e+01
3.746999999999999886e+00,1.696274568750758505e+01
3.748000000000000220e+00,1.695790331981673305e+01
3.749000000000000110e+00,1.691528535809111133e+01
3.750000000000000000e+00,1.694724968715240010e+01
3.750999999999999890e+00,1.702596873783903320e+01
3.751999999999999780e+00,1.708056257127954325e+01
3.753000000000000114e+00,1.692342478157948449e+01
3.754000000000000004e+00,1.697902594335157289e+01
3.754999999999999893e+00,1.694053223478664094e+01
3.755999999999999783e+00,1.695720976535859137e+01
3.757000000000000117e+00,1.698348310317559751e+01
3.758000000000000007e+00,1.698513649818958626e+01
3.758999999999999897e+00,1.702339449861337428e+01
3.759999999999999787e+00,1.707134130131676741e+01
3.761000000000000121e+00,1.703107883427414748e+01
3.762000000000000011e+00,1.699061115049056525e+01
3.762999999999999901e+00,1.702394770536044888e+01
3.763999999999999790e+00,1.696315282856157935e+01
3.765000000000000124e+00,1.705184214259493558e+01
3.766000000000000014e+00,1.701155915125025331e+01
3.766999999999999904e+00,1.700239339653191095e+01
3.767999999999999794e+00,1.703829799438341297e+01
3.769000000000000128e+00,1.705623309457699222e+01
3.770000000000000018e+00,1.704060199671220133e+01
3.770999999999999908e+00,1.702387928200109002e+01
3.771999999999999797e+00,1.703010001159412923e+01
3.773000000000000131e+00,1.702618023154366256e+01
3.774000000000000021e+00,1.707320959842052233e+01
3.774999999999999911e+00,1.705754442291576112e+01
3.775999999999999801e+00,1.700531940457944557e+01
3.777000000000000135e+00,1.709663113774158916e+01
3.778000000000000025e+00,1.704272126242806351e+01
3.778999999999999915e+00,1.706063086568162035e+01
3.779999999999999805e+00,1.704346576552041270e+01
3.781000000000000139e+00,1.702122544645850866e+01
3.782000000000000028e+00,1.707374981611148002e+01
3.782999999999999918e+00,1.707379102343949739e+01
3.783999999999999808e+00,1.710382863992415281e+01
3.785000000000000142e+00,1.707892727033634728e+01
3.786000000000000032e+00,1.703683010760954986e+01
3.786999999999999922e+00,1.698686105484480890e+01
3.787999999999999812e+00,1.704762178251420934e+01
3.789000000000000146e+00,1.703693427411432282e+01
3.790000000000000036e+00,1.704163683029916854e+01
3.790999999999999925e+00,1.709153549654898541e+01
3.791999999999999815e+00,1.708558513026271086e+01
3.793000000000000149e+00,1.710609467406705875e+01
3.794000000000000039e+00,1.706265297913200385e+01
3.794999999999999929e+00,1.700141913471494348e+01
3.795999999999999819e+00,1.702068971166911382e+01
3.797000000000000153e+00,1.704211584557354797e+01
3.798000000000000043e+00,1.695973090063397137e+01
3.798999999999999932e+00,1.700421941691255867e+01
3.799999999999999822e+00,1.711072718375695700e+01
3.801000000000000156e+00,1.704638160484101661e+01
3.802000000000000046e+00,1.708018791919532475e+01
3.802999999999999936e+00,1.708547465350504169e+01
3.803999999999999826e+00,1.709746555954269809e+01
3.805000000000000160e+00,1.709334492938183558e+01
3.806000000000000050e+00,1.705306404032461032e+01
3.806999999999999940e+00,1.704861309726507912e+01
3.807999999999999829e+00,1.703984229387586780e+01
3.809000000000000163e+00,1.708344059116352298e+01
3.810000000000000053e+00,1.716265562581338600e+01
3.810999999999999943e+00,1.706788457249178848e+01
3.811999999999999833e+00,1.709293351245879578e+01
3.813000000000000167e+00,1.706383606055457491e+01
3.814000000000000057e+00,1.703653919108412040e+01
3.814999999999999947e+00,1.699439924719910522e+01
3.815999999999999837e+00,1.704533359866309183e+01
3.817000000000000171e+00,1.697783342653218597e+01
3.818000000000000060e+00,1.700990898120655714e+01
3.818999999999999950e+00,1.700550588339804392e+01
3.819999999999999840e+00,1.700747904710895497e+01
3.821000000000000174e+00,1.699236695888358639e+01
3.822000000000000064e+00,1.705266592878365373e+01
3.822999999999999954e+00,1.700898414187969721e+01
3.823999999999999844e+00,1.707651407328545545e+01
3.825000000000000178e+00,1.697739900117013434e+01
3.826000000000000068e+00,1.704201400003856293e+01
3.826999999999999957e+00,1.701534371492407871e+01
3.827999999999999847e+00,1.710800057653543504e+01
3.829000000000000181e+00,1.702606901384434224e+01
3.830000000000000071e+00,1.701075348463295711e+01
3.830999999999999961e+00,1.704168233272830690e+01
3.831999999999999851e+00,1.701280858020683695e+01
3.833000000000000185e+00,1.704286486150569857e+01
3.834000000000000075e+00,1.697084636823054993e+01
3.834999999999999964e+00,1.701975339336253512e+01
3.835999999999999854e+00,1.707412291184781239e+01
3.837000000000000188e+00,1.700725711879614366e+01
3.838000000000000078e+00,1.698742726927723723e+01
3.838999999999999968e+00,1.700896658486224311e+01
3.839999999999999858e+00,1.704453786699655282e+01
3.841000000000000192e+00,1.705382461203323530e+01
3.842000000000000082e+00,1.696051354301332381e+01
3.842999999999999972e+00,1.702501132255778771e+01
3.843999999999999861e+00,1.709879541550869320e+01
3.845000000000000195e+00,1.706340961144722712e+01
3.846000000000000085e+00,1.704064309932134336e+01
3.846999999999999975e+00,1.703983586605584222e+01
3.847999999999999865e+00,1.695237120808500819e+01
3.849000000000000199e+00,1.701572609935212910e+01
3.850000000000000089e+00,1.697970933617820322e+01
3.850999999999999979e+00,1.701416423781263987e+01
3.851999999999999869e+00,1.701236155764307867e+01
3.853000000000000203e+00,1.695957210887664957e+01
3.854000000000000092e+00,1.697401103602898331e+01
3.854999999999999982e+00,1.702202491655739180e+01
3.855999999999999872e+00,1.702715046548762245e+01
3.857000000000000206e+00,1.702861326270903675e+01
3.858000000000000096e+00,1.696855824605360397e+01
3.858999999999999986e+00,1.702520602959697626e+01
3.859999999999999876e+00,1.705138636382658746e+01
3.861000000000000210e+00,1.702025212312604552e+01
3.862000000000000099e+00,1.701231462971383124e+01
3.862999999999999989e+00,1.698973552587454350e+01
3.863999999999999879e+00,1.705234493957759412e+01
3.865000000000000213e+00,1.700874649194005528e+01
3.866000000000000103e+00,1.701662418344830030e+01
3.866999999999999993e+00,1.696734693845253972e+01
3.867999999999999883e+00,1.704549703352395440e+01
3.869000000000000217e+00,1.699221668021774789e+01
3.870000000000000107e+00,1.695911119130381906e+01
3.870999999999999996e+00,1.702876949291053066e+01
3.871999999999999886e+00,1.703551487073780990e+01
3.873000000000000220e+00,1.697458551932566806e+01
3.874000000000000110e+00,1.701343406583054829e+01
3.875000000000000000e+00,1.703445353287729702e+01
3.875999999999999890e+00,1.707721389974145865e+01
3.876999999999999780e+00,1.696302891304955196e+01
3.878000000000000114e+00,1.704002614734030985e+01
3.879000000000000004e+00,1.702427387539498227e+01
3.879999999999999893e+00,1.694946965927143623e+01
3.880999999999999783e+00,1.700753860537313500e+01
3.882000000000000117e+00,1.697853595325761233e+01
3.883000000000000007e+00,1.700799573634765238e+01
3.883999999999999897e+00,1.693568955284128563e+01
3.884999999999999787e+00,1.709097892417202402e+01
3.886000000000000121e+00,1.712430337952806880e+01
3.887000000000000011e+00,1.700245856345715367e+01
3.887999999999999901e+00,1.704589912866395807e+01
3.888999999999999790e+00,1.704590794505069695e+01
3.890000000000000124e+00,1.697103664514914811e+01
3.891000000000000014e+00,1.706832917959957996e+01
3.891999999999999904e+00,1.697959084279457542e+01
3.892999999999999794e+00,1.699685551540180839e+01
3.894000000000000128e+00,1.695789132040059499e+01
3.895000000000000018e+00,1.697778067465574026e+01
3.895999999999999908e+00,1.698623104827331787e+01
3.896999999999999797e+00,1.705911994753379091e+01
3.898000000000000131e+00,1.704846961689337448e+01
3.899000000000000021e+00,1.702544997756666589e+01
3.899999999999999911e+00,1.697893306434151839e+01
3.900999999999999801e+00,1.699552921169376063e+01
3.902000000000000135e+00,1.705781331208660490e+01
3.903000000000000025e+00,1.700229893741817477e+01
3.903999999999999915e+00,1.706766842633624748e+01
3.904999999999999805e+00,1.701276427380819456e+01
3.906000000000000139e+00,1.705751592390524252e+01
3.907000000000000028e+00,1.706918175981402186e+01
3.907999999999999918e+00,1.695941742662043339e+01
3.908999999999999808e+00,1.700515447916495759e+01
3.910000000000000142e+00,1.694809556914857041e+01
3.911000000000000032e+00,1.698841813388032662e+01
3.911999999999999922e+00,1.703433832647355928e+01
3.912999999999999812e+00,1.700801825399988942e+01
3.914000000000000146e+00,1.704809737527655500e+01
3.915000000000000036e+00,1.703396088033099787e+01
3.915999999999999925e+00,1.698168150830874268e+01
3.916999999999999815e+00,1.696091029663427463e+01
3.918000000000000149e+00,1.702600801087409010e+01
3.919000000000000039e+00,1.708264201256448445e+01
3.919999999999999929e+00,1.706372861023928778e+01
3.920999999999999819e+00,1.709361570704686173e+01
3.922000000000000153e+00,1.711792650936026305e+01
3.923000000000000043e+00,1.701437326173166298e+01
3.923999999999999932e+00,1.708147899544803039e+01
3.924999999999999822e+00,1.704164212561883218e+01
3.926000000000000156e+00,1.703186569282306806e+01
3.927000000000000046e+00,1.704230460404272662e+01
3.927999999999999936e+00,1.697035185116012812e+01
3.928999999999999826e+00,1.700859926415383327e+01
3.930000000000000160e+00,1.697185137210490424e+01
3.931000000000000050e+00,1.699186957438925205e+01
3.931999999999999940e+00,1.698245673860376570e+01
3.932999999999999829e+00,1.700798062170286329e+01
3.934000000000000163e+00,1.701229816400731920e+01
3.935000000000000053e+00,1.700379937622952298e+01
3.935999999999999943e+00,1.700607339494608183e+01
3.936999999999999833e+00,1.707891965687393565e+01
3.938000000000000167e+00,1.713966522013640770e+01
3.939000000000000057e+00,1.706521024593095248e+01
3.939999999999999947e+00,1.710866399098554425e+01
3.940999999999999837e+00,1.707168388081847610e+01
3.942000000000000171e+00,1.708150434658653438e+01
3.943000000000000060e+00,1.703370928188449440e+01
3.943999999999999950e+00,1.702412301080783408e+01
3.944999999999999840e+00,1.701902230727591103e+01
3.946000000000000174e+00,1.696772883657516928e+01
3.947000000000000064e+00,1.707480450203523148e+01
3.947999999999999954e+00,1.703213528230321572e+01
3.948999999999999844e+00,1.707693918148630274e+01
3.950000000000000178e+00,1.711180249609106596e+01
3.951000000000000068e+00,1.707063855563178123e+01
3.951999999999999957e+00,1.707893262836890003e+01
3.952999999999999847e+00,1.703956556639279185e+01
3.954000000000000181e+00,1.704482289107696857e+01
3.955000000000000071e+00,1.709816970592841301e+01
3.955999999999999961e+00,1.711767924715351441e+01
3.956999999999999851e+00,1.707697632076338223e+01
3.958000000000000185e+00,1.705349030465296423e+01
3.959000000000000075e+00,1.708980103845949827e+01
3.959999999999999964e+00,1.704869726460244550e+01
3.960999999999999854e+00,1.712250911581247692e+01
3.962000000000000188e+00,1.709608783508380014e+01
3.963000000000000078e+00,1.705638235019670645e+01
3.963999999999999968e+00,1.705528126924318855e+01
3.964999999999999858e+00,1.708913402678463811e+01
3.966000000000000192e+00,1.705458940106113275e+01
3.967000000000000082e+00,1.702952833930641674e+01
3.967999999999999972e+00,1.707603949937351118e+01
3.968999999999999861e+00,1.700439022416041723e+01
3.970000000000000195e+00,1.711249475479824156e+01
3.971000000000000085e+00,1.700164529274604064e+01
3.971999999999999975e+00,1.708575782574826363e+01
3.972999999999999865e+00,1.710745897447749897e+01
3.974000000000000199e+00,1.706730766719998371e+01
3.975000000000000089e+00,1.703334631021945356e+01
3.975999999999999979e+00,1.703864352414286998e+01
3.976999999999999869e+00,1.704844494152539980e+01
3.978000000000000203e+00,1.704421476174627159e+01
3.979000000000000092e+00,1.702484329847671063e+01
3.979999999999999982e+00,1.702503631269981099e+01
3.980999999999999872e+00,1.688797359778352458e+01
3.982000000000000206e+00,1.699568196721709867e+01
3.983000000000000096e+00,1.699298094891001654e+01
3.983999999999999986e+00,1.702523760418341681e+01
3.984999999999999876e+00,1.696270016350176491e+01
3.986000000000000210e+00,1.698717047416208104e+01
3.987000000000000099e+00,1.697035145609098450e+01
3.987999999999999989e+00,1.701063031532907743e+01
3.988999999999999879e+00,1.695336397955666285e+01
3.990000000000000213e+00,1.694952957481116940e+01
3.991000000000000103e+00,1.697983832794286485e+01
3.991999999999999993e+00,1.704403418566862527e+01
3.992999999999999883e+00,1.700146774299372865e+01
3.994000000000000217e+00,1.699758806081128881e+01
3.995000000000000107e+00,1.706369949658153473e+01
3.995999999999999996e+00,1.700306968444167666e+01
3.996999999999999886e+00,1.704842767057048647e+01
3.998000000000000220e+00,1.704433715321896514e+01
3.999000000000000110e+00,1.705248812666570046e+01
4.000000000000000000e+00,1.708883991981477735e+01
4.001000000000000334e+00,1.708615870279036386e+01
4.001999999999999780e+00,1.707346810592224529e+01
4.003000000000000114e+00,1.704048624818590341e+01
4.003999999999999559e+00,1.709097755229453597e+01
4.004999999999999893e+00,1.698056676169943202e+01
4.006000000000000227e+00,1.709832379789466472e+01
4.006999999999999673e+00,1.710271615116705846e+01
4.008000000000000007e+00,1.705548091839694180e+01
4.009000000000000341e+00,1.700786701847149374e+01
4.009999999999999787e+00,1.710228638873491391e+01
4.011000000000000121e+00,1.700603133165120084e+01
4.011999999999999567e+00,1.706474867731256140e+01
4.012999999999999901e+00,1.702175644953026890e+01
4.014000000000000234e+00,1.699791875737598801e+01
4.014999999999999680e+00,1.708446903967652020e+01
4.016000000000000014e+00,1.697716333282834000e+01
4.017000000000000348e+00,1.699021258323478989e+01
4.017999999999999794e+00,1.702467181204318436e+01
4.019000000000000128e+00,1.706058133755018247e+01
4.019999999999999574e+00,1.703213656071605087e+01
4.020999999999999908e+00,1.712655826957805516e+01
4.022000000000000242e+00,1.706146119247582860e+01
4.022999999999999687e+00,1.711821994067909714e+01
4.024000000000000021e+00,1.707387074816681860e+01
4.025000000000000355e+00,1.708504652318849537e+01
4.025999999999999801e+00,1.700352513803226984e+01
4.027000000000000135e+00,1.698333738685407468e+01
4.027999999999999581e+00,1.706848975812545888e+01
4.028999999999999915e+00,1.707199249161049082e+01
4.030000000000000249e+00,1.705065898507690392e+01
4.030999999999999694e+00,1.708260709108414943e+01
4.032000000000000028e+00,1.701154741546972815e+01
4.033000000000000362e+00,1.711750343299637933e+01
4.033999999999999808e+00,1.710811873571802266e+01
4.035000000000000142e+00,1.713573398058741049e+01
4.035999999999999588e+00,1.706529778679660936e+01
4.036999999999999922e+00,1.706182359350683342e+01
4.038000000000000256e+00,1.712701983896294422e+01
4.038999999999999702e+00,1.709050518049609835e+01
4.040000000000000036e+00,1.712382190482460231e+01
4.041000000000000369e+00,1.716690803366333995e+01
4.041999999999999815e+00,1.714644669690721912e+01
4.043000000000000149e+00,1.709644555319395920e+01
4.043999999999999595e+00,1.709310616200660249e+01
4.044999999999999929e+00,1.708874119897946287e+01
4.046000000000000263e+00,1.714103031945565192e+01
4.046999999999999709e+00,1.711674918378042776e+01
4.048000000000000043e+00,1.711290413736014315e+01
4.049000000000000377e+00,1.705376897852773510e+01
4.049999999999999822e+00,1.714951351265483481e+01
4.051000000000000156e+00,1.705666379827304269e+01
4.051999999999999602e+00,1.708197254024537770e+01
4.052999999999999936e+00,1.698406465381786390e+01
4.054000000000000270e+00,1.703410438344991817e+01
4.054999999999999716e+00,1.712680369457763874e+01
4.056000000000000050e+00,1.703446690885903436e+01
4.057000000000000384e+00,1.704164973576250830e+01
4.057999999999999829e+00,1.706045152890618866e+01
4.059000000000000163e+00,1.708380181257929920e+01
4.059999999999999609e+00,1.702733263233859162e+01
4.060999999999999943e+00,1.700132438569798765e+01
4.062000000000000277e+00,1.707163347964054978e+01
4.062999999999999723e+00,1.705518853362003995e+01
4.064000000000000057e+00,1.707209792763311285e+01
4.065000000000000391e+00,1.704095554910977839e+01
4.065999999999999837e+00,1.710197892305231804e+01
4.067000000000000171e+00,1.705525653120304952e+01
4.067999999999999616e+00,1.705042972307689553e+01
4.068999999999999950e+00,1.705843588824249224e+01
4.070000000000000284e+00,1.714854203981604641e+01
4.070999999999999730e+00,1.713295583501970398e+01
4.072000000000000064e+00,1.712689413209819023e+01
4.073000000000000398e+00,1.708321204932734005e+01
4.073999999999999844e+00,1.707194154350560922e+01
4.075000000000000178e+00,1.703695601242033320e+01
4.075999999999999623e+00,1.710106594672508606e+01
4.076999999999999957e+00,1.713044353995850599e+01
4.078000000000000291e+00,1.711190436381396296e+01
4.078999999999999737e+00,1.714335095903181738e+01
4.080000000000000071e+00,1.716534005998245149e+01
4.081000000000000405e+00,1.710057629721492134e+01
4.081999999999999851e+00,1.715682633780316380e+01
4.083000000000000185e+00,1.705763747407746322e+01
4.083999999999999631e+00,1.703003083818755670e+01
4.084999999999999964e+00,1.709566323345323724e+01
4.086000000000000298e+00,1.712930653496099964e+01
4.086999999999999744e+00,1.713290973162577302e+01
4.088000000000000078e+00,1.714031426350907239e+01
4.089000000000000412e+00,1.704352314260988521e+01
4.089999999999999858e+00,1.709798690063525939e+01
4.091000000000000192e+00,1.710978902653695854e+01
4.091999999999999638e+00,1.709343927990703094e+01
4.092999999999999972e+00,1.709736240315478639e+01
4.094000000000000306e+00,1.710149753086667346e+01
4.094999999999999751e+00,1.707981457665966829e+01
4.096000000000000085e+00,1.704016994732735668e+01
4.097000000000000419e+00,1.706059050571666091e+01
4.097999999999999865e+00,1.707085532618930301e+01
4.099000000000000199e+00,1.704229014459112079e+01
4.099999999999999645e+00,1.700259535610079453e+01
4.100999999999999979e+00,1.697314783572639385e+01
4.102000000000000313e+00,1.704685111684821663e+01
4.102999999999999758e+00,1.704651618635518062e+01
4.104000000000000092e+00,1.707938229463241342e+01
4.105000000000000426e+00,1.711755652252632842e+01
4.105999999999999872e+00,1.703763511154026489e+01
4.107000000000000206e+00,1.705526721286997116e+01
4.107999999999999652e+00,1.705484994063529314e+01
4.108999999999999986e+00,1.702718044685157395e+01
4.110000000000000320e+00,1.703249624377907878e+01
4.110999999999999766e+00,1.711646679389944481e+01
4.112000000000000099e+00,1.704838440761292517e+01
4.113000000000000433e+00,1.705155453111991193e+01
4.113999999999999879e+00,1.708639140350943819e+01
4.115000000000000213e+00,1.706211337267400907e+01
4.115999999999999659e+00,1.701364831616113804e+01
4.116999999999999993e+00,1.702687761715430526e+01
4.118000000000000327e+00,1.698096186136874053e+01
4.118999999999999773e+00,1.707336606211474361e+01
4.120000000000000107e+00,1.702846782918397750e+01
4.121000000000000441e+00,1.709159258796833214e+01
4.121999999999999886e+00,1.707426056587136287e+01
4.123000000000000220e+00,1.709458775688118948e+01
4.123999999999999666e+00,1.707915390062652605e+01
4.125000000000000000e+00,1.701533748808073909e+01
4.126000000000000334e+00,1.704390286910198427e+01
4.126999999999999780e+00,1.702087357645699583e+01
4.128000000000000114e+00,1.702084566930880172e+01
4.128999999999999559e+00,1.707081006012169766e+01
4.129999999999999893e+00,1.701449839876372749e+01
4.131000000000000227e+00,1.697429918593426379e+01
4.131999999999999673e+00,1.703517748731722037e+01
4.133000000000000007e+00,1.699246811845796756e+01
4.134000000000000341e+00,1.701431162745871362e+01
4.134999999999999787e+00,1.703977899051009004e+01
4.136000000000000121e+00,1.707926635185340558e+01
4.136999999999999567e+00,1.705615206164448594e+01
4.137999999999999901e+00,1.702834345969877816e+01
4.139000000000000234e+00,1.701807557439044416e+01
4.139999999999999680e+00,1.703221350421365443e+01
4.141000000000000014e+00,1.709141341440716033e+01
4.142000000000000348e+00,1.701764437698162169e+01
4.142999999999999794e+00,1.705593044451201834e+01
4.144000000000000128e+00,1.706648499284873566e+01
4.144999999999999574e+00,1.708521996271272414e+01
4.145999999999999908e+00,1.708895317147857540e+01
4.147000000000000242e+00,1.710148945018429600e+01
4.147999999999999687e+00,1.708982407587899743e+01
4.149000000000000021e+00,1.709680617031261818e+01
4.150000000000000355e+00,1.708391970405098448e+01
4.150999999999999801e+00,1.702842485757960134e+01
4.152000000000000135e+00,1.702328845650926326e+01
4.152999999999999581e+00,1.705117439415748137e+01
4.153999999999999915e+00,1.703537480731815279e+01
4.155000000000000249e+00,1.702992892027437577e+01
4.155999999999999694e+00,1.701408563862010581e+01
4.157000000000000028e+00,1.706522437812541071e+01
4.158000000000000362e+00,1.699747588463782577e+01
4.158999999999999808e+00,1.706251108775104797e+01
4.160000000000000142e+00,1.702666876730532053e+01
4.160999999999999588e+00,1.706649779846398118e+01
4.161999999999999922e+00,1.705687816994831252e+01
4.163000000000000256e+00,1.712024139819261137e+01
4.163999999999999702e+00,1.697275569977524867e+01
4.165000000000000036e+00,1.701969019888752044e+01
4.166000000000000369e+00,1.700181225215563074e+01
4.166999999999999815e+00,1.705954961007228121e+01
4.168000000000000149e+00,1.701781150900472639e+01
4.168999999999999595e+00,1.712630824030032883e+01
4.169999999999999929e+00,1.704400912360887332e+01
4.171000000000000263e+00,1.701213364306313736e+01
4.171999999999999709e+00,1.697689149704097389e+01
4.173000000000000043e+00,1.704263103901446641e+01
4.174000000000000377e+00,1.702154154650257922e+01
4.174999999999999822e+00,1.707108258407836487e+01
4.176000000000000156e+00,1.703622209567239665e+01
4.176999999999999602e+00,1.704758244199982542e+01
4.177999999999999936e+00,1.699789926827373421e+01
4.179000000000000270e+00,1.704499789169404167e+01
4.179999999999999716e+00,1.701782963956796380e+01
4.181000000000000050e+00,1.704822574806136615e+01
4.182000000000000384e+00,1.702789740130129559e+01
4.182999999999999829e+00,1.699653823289500565e+01
4.184000000000000163e+00,1.705417246388167740e+01
4.184999999999999609e+00,1.706203413767944355e+01
4.185999999999999943e+00,1.698729405030308470e+01
4.187000000000000277e+00,1.693765935990042948e+01
4.187999999999999723e+00,1.697630931938525833e+01
4.189000000000000057e+00,1.702746775103793198e+01
4.190000000000000391e+00,1.706199552674227249e+01
4.190999999999999837e+00,1.700674920299016790e+01
4.192000000000000171e+00,1.698268134991602096e+01
4.192999999999999616e+00,1.707220088262641511e+01
4.193999999999999950e+00,1.707147310217964176e+01
4.195000000000000284e+00,1.701000676283354451e+01
4.195999999999999730e+00,1.714005524033931849e+01
4.197000000000000064e+00,1.707733973422239515e+01
4.198000000000000398e+00,1.707693711354540156e+01
4.198999999999999844e+00,1.704034693108207676e+01
4.200000000000000178e+00,1.710355189899771133e+01
4.200999999999999623e+00,1.709515171640049758e+01
4.201999999999999957e+00,1.712121678327605068e+01
4.203000000000000291e+00,1.712099393868667718e+01
4.203999999999999737e+00,1.709797047532561720e+01
4.205000000000000071e+00,1.705532405963672815e+01
4.206000000000000405e+00,1.709867605134930102e+01
4.206999999999999851e+00,1.705907686566769144e+01
4.208000000000000185e+00,1.707707499152039077e+01
4.208999999999999631e+00,1.709938675151371612e+01
4.209999999999999964e+00,1.714933289499705182e+01
4.211000000000000298e+00,1.714398864066622252e+01
4.211999999999999744e+00,1.711610980964200479e+01
4.213000000000000078e+00,1.699155041926711718e+01
4.214000000000000412e+00,1.710579090408731062e+01
4.214999999999999858e+00,1.703586913985190421e+01
4.216000000000000192e+00,1.709782894918561169e+01
4.216999999999999638e+00,1.703874663919040344e+01
4.217999999999999972e+00,1.706043672020743784e+01
4.219000000000000306e+00,1.712770290149587282e+01
4.219999999999999751e+00,1.708502101242248727e+01
4.221000000000000085e+00,1.707833633800048290e+01
4.222000000000000419e+00,1.713401029762896144e+01
4.222999999999999865e+00,1.712454714202712225e+01
4.224000000000000199e+00,1.716180613791054910e+01
4.224999999999999645e+00,1.715834514999317406e+01
4.225999999999999979e+00,1.720197803822966165e+01
4.227000000000000313e+00,1.714593656173473946e+01
4.227999999999999758e+00,1.717444187004761602e+01
4.229000000000000092e+00,1.720720119436344930e+01
4.230000000000000426e+00,1.717145338906815510e+01
4.230999999999999872e+00,1.717728437234919170e+01
4.232000000000000206e+00,1.719859455310785634e+01
4.232999999999999652e+00,1.721900474880743559e+01
4.233999999999999986e+00,1.716907995757162908e+01
4.235000000000000320e+00,1.709867257140933461e+01
4.235999999999999766e+00,1.710437902531613119e+01
4.237000000000000099e+00,1.709841364663338581e+01
4.238000000000000433e+00,1.709017743053777139e+01
4.238999999999999879e+00,1.714771013637966490e+01
4.240000000000000213e+00,1.715004840958392407e+01
4.240999999999999659e+00,1.717454355908353847e+01
4.241999999999999993e+00,1.704702714395869734e+01
4.243000000000000327e+00,1.713596514688595107e+01
4.243999999999999773e+00,1.705350811864312988e+01
4.245000000000000107e+00,1.710647600443775218e+01
4.246000000000000441e+00,1.708789528198654395e+01
4.246999999999999886e+00,1.709971309085167590e+01
4.248000000000000220e+00,1.703933305144288823e+01
4.248999999999999666e+00,1.704700180987387270e+01
4.250000000000000000e+00,1.713009187445452852e+01
4.251000000000000334e+00,1.712123350590725579e+01
4.251999999999999780e+00,1.712160538036035717e+01
4.253000000000000114e+00,1.712297151257932271e+01
4.253999999999999559e+00,1.715755609700612183e+01
4.254999999999999893e+00,1.724320117017417076e+01
4.256000000000000227e+00,1.712730050482915800e+01
4.256999999999999673e+00,1.716042444185002935e+01
4.258000000000000007e+00,1.713748618910501520e+01
4.259000000000000341e+00,1.711986013071940960e+01
4.259999999999999787e+00,1.715114593778326224e+01
4.261000000000000121e+00,1.714303628624244880e+01
4.261999999999999567e+00,1.710494592381039070e+01
4.262999999999999901e+00,1.715296667568214062e+01
4.264000000000000234e+00,1.712198613404524394e+01
4.264999999999999680e+00,1.720144439769833866e+01
4.266000000000000014e+00,1.717729511179490842e+01
4.267000000000000348e+00,1.724299367405747674e+01
4.267999999999999794e+00,1.716577542915771559e+01
4.269000000000000128e+00,1.716532786160499668e+01
4.269999999999999574e+00,1.719652719050794332e+01
4.270999999999999908e+00,1.720170872183470578e+01
4.272000000000000242e+00,1.716481975200382237e+01
4.272999999999999687e+00,1.714481592884050443e+01
4.274000000000000021e+00,1.724437517963054489e+01
4.275000000000000355e+00,1.718805149719901948e+01
4.275999999999999801e+00,1.712896578591538344e+01
4.277000000000000135e+00,1.715313746576965670e+01
4.277999999999999581e+00,1.719654083082093976e+01
4.278999999999999915e+00,1.720490968965421885e+01
4.280000000000000249e+00,1.718749679134727515e+01
4.280999999999999694e+00,1.724387851629001389e+01
4.282000000000000028e+00,1.726040071913812568e+01
4.283000000000000362e+00,1.726736604105718698e+01
4.283999999999999808e+00,1.726187451596056022e+01
4.285000000000000142e+00,1.716747889626691759e+01
4.285999999999999588e+00,1.714917988642393709e+01
4.286999999999999922e+00,1.708398265478815503e+01
4.288000000000000256e+00,1.718543851285847879e+01
4.288999999999999702e+00,1.711110215620668029e+01
4.290000000000000036e+00,1.718405184349187564e+01
4.291000000000000369e+00,1.718368552146262473e+01
4.291999999999999815e+00,1.726362047878491524e+01
4.293000000000000149e+00,1.719352673483771810e+01
4.293999999999999595e+00,1.718108641401386905e+01
4.294999999999999929e+00,1.711082692685352313e+01
4.296000000000000263e+00,1.709820967191048879e+01
4.296999999999999709e+00,1.716096288502342659e+01
4.298000000000000043e+00,1.718320508403189706e+01
4.299000000000000377e+00,1.710220716038178068e+01
4.299999999999999822e+00,1.716058528650079396e+01
4.301000000000000156e+00,1.709724502082328002e+01
4.301999999999999602e+00,1.714395919142958746e+01
4.302999999999999936e+00,1.716652399266993001e+01
4.304000000000000270e+00,1.714216591493175557e+01
4.304999999999999716e+00,1.713896129580725258e+01
4.306000000000000050e+00,1.708988578561168481e+01
4.307000000000000384e+00,1.712931182939253816e+01
4.307999999999999829e+00,1.710260324789713948e+01
4.309000000000000163e+00,1.711791157582367262e+01
4.309999999999999609e+00,1.703129212984531193e+01
4.310999999999999943e+00,1.711919480589927289e+01
4.312000000000000277e+00,1.710351749621461437e+01
4.312999999999999723e+00,1.710121774875911171e+01
4.314000000000000057e+00,1.711435446633454660e+01
4.315000000000000391e+00,1.714161241417821913e+01
4.315999999999999837e+00,1.710719646258364435e+01
4.317000000000000171e+00,1.710255936676708899e+01
4.317999999999999616e+00,1.710612750583407404e+01
4.318999999999999950e+00,1.708502812855789443e+01
4.320000000000000284e+00,1.707303420010349981e+01
4.320999999999999730e+00,1.707675902225952314e+01
4.322000000000000064e+00,1.707441718706844824e+01
4.323000000000000398e+00,1.710273906304636071e+01
4.323999999999999844e+00,1.707562444704844395e+01
4.325000000000000178e+00,1.710107357688367458e+01
4.325999999999999623e+00,1.714926496199935002e+01
4.326999999999999957e+00,1.712737574824236475e+01
4.328000000000000291e+00,1.712042905249001734e+01
4.328999999999999737e+00,1.713581904301896230e+01
4.330000000000000071e+00,1.709089600254359453e+01
4.331000000000000405e+00,1.708884224122856210e+01
4.331999999999999851e+00,1.716515019585038360e+01
4.333000000000000185e+00,1.715397895348185386e+01
4.333999999999999631e+00,1.712049730647676427e+01
4.334999999999999964e+00,1.712715101026672215e+01
4.336000000000000298e+00,1.707447404314063633e+01
4.336999999999999744e+00,1.710104187372168028e+01
4.338000000000000078e+00,1.711588324505513725e+01
4.339000000000000412e+00,1.701655266867946636e+01
4.339999999999999858e+00,1.705593775935148315e+01
4.341000000000000192e+00,1.704896033568594405e+01
4.341999999999999638e+00,1.704185332155828547e+01
4.342999999999999972e+00,1.699956339462181631e+01
4.344000000000000306e+00,1.704463069405576192e+01
4.344999999999999751e+00,1.704050513047494420e+01
4.346000000000000085e+00,1.696920173290540390e+01
4.347000000000000419e+00,1.695469732996291867e+01
4.347999999999999865e+00,1.696043499090713880e+01
4.349000000000000199e+00,1.703001815042576084e+01
4.349999999999999645e+00,1.705145414505093981e+01
4.350999999999999979e+00,1.709229187182708642e+01
4.352000000000000313e+00,1.705104152439256637e+01
4.352999999999999758e+00,1.703793662519651164e+01
4.354000000000000092e+00,1.705062853742541051e+01
4.355000000000000426e+00,1.699932686720621078e+01
4.355999999999999872e+00,1.702250314018113642e+01
4.357000000000000206e+00,1.698995232777598474e+01
4.357999999999999652e+00,1.704779518010864692e+01
4.358999999999999986e+00,1.703470102358668470e+01
4.360000000000000320e+00,1.703395542993559886e+01
4.360999999999999766e+00,1.699037192585987199e+01
4.362000000000000099e+00,1.705783962168139567e+01
4.363000000000000433e+00,1.704075164422410538e+01
4.363999999999999879e+00,1.705872033929620457e+01
4.365000000000000213e+00,1.702528539653111395e+01
4.365999999999999659e+00,1.706222243475592393e+01
4.366999999999999993e+00,1.701138039997909246e+01
4.368000000000000327e+00,1.703676980194870438e+01
4.368999999999999773e+00,1.707373355584490326e+01
4.370000000000000107e+00,1.701039303088693089e+01
4.371000000000000441e+00,1.699318024477295452e+01
4.371999999999999886e+00,1.708754673586669526e+01
4.373000000000000220e+00,1.705597745584088187e+01
4.373999999999999666e+00,1.706831075060325276e+01
4.375000000000000000e+00,1.696935617459353196e+01
4.376000000000000334e+00,1.703077297068856666e+01
4.376999999999999780e+00,1.697483343465622241e+01
4.378000000000000114e+00,1.704893721851378174e+01
4.378999999999999559e+00,1.706764773281741299e+01
4.379999999999999893e+00,1.696012193941783863e+01
4.381000000000000227e+00,1.698878677912436785e+01
4.381999999999999673e+00,1.707035389350703980e+01
4.383000000000000007e+00,1.702600645587335748e+01
4.384000000000000341e+00,1.694362750060268752e+01
4.384999999999999787e+00,1.703452128643548491e+01
4.386000000000000121e+00,1.701135431901392536e+01
4.386999999999999567e+00,1.699223843708266202e+01
4.387999999999999901e+00,1.699779789014836240e+01
4.389000000000000234e+00,1.707629972912899063e+01
4.389999999999999680e+00,1.708234326436908646e+01
4.391000000000000014e+00,1.698473766186954137e+01
4.392000000000000348e+00,1.696990729698856981e+01
4.392999999999999794e+00,1.698803934575131080e+01
4.394000000000000128e+00,1.699970704301944480e+01
4.394999999999999574e+00,1.698900648467641616e+01
4.395999999999999908e+00,1.700884043365636344e+01
4.397000000000000242e+00,1.695033237220090427e+01
4.397999999999999687e+00,1.700548762193878005e+01
4.399000000000000021e+00,1.706483004928803382e+01
4.400000000000000355e+00,1.710301928221741008e+01
4.400999999999999801e+00,1.704935498095589708e+01
4.402000000000000135e+00,1.702854503912541517e+01
4.402999999999999581e+00,1.708416274284942205e+01
4.403999999999999915e+00,1.703610333777262298e+01
4.405000000000000249e+00,1.705736420033428757e+01
4.405999999999999694e+00,1.712833457581494301e+01
4.407000000000000028e+00,1.696895722765772874e+01
4.408000000000000362e+00,1.701836343871650925e+01
4.408999999999999808e+00,1.704282622882471188e+01
4.410000000000000142e+00,1.703642952231053087e+01
4.410999999999999588e+00,1.705507101029819594e+01
4.411999999999999922e+00,1.708065805787835600e+01
4.413000000000000256e+00,1.705853179957202315e+01
4.413999999999999702e+00,1.707974879705825089e+01
4.415000000000000036e+00,1.707718327174026030e+01
4.416000000000000369e+00,1.707059392394667441e+01
4.416999999999999815e+00,1.716410209888492489e+01
4.418000000000000149e+00,1.706135641434743278e+01
4.418999999999999595e+00,1.713947508634731420e+01
4.419999999999999929e+00,1.705686191852888101e+01
4.421000000000000263e+00,1.708402557815965039e+01
4.421999999999999709e+00,1.705126200564420813e+01
4.423000000000000043e+00,1.702544998455434921e+01
4.424000000000000377e+00,1.706372797926599816e+01
4.424999999999999822e+00,1.703694792529882562e+01
4.426000000000000156e+00,1.703060287022295682e+01
4.426999999999999602e+00,1.710257265096734969e+01
4.427999999999999936e+00,1.702758113636919290e+01
4.429000000000000270e+00,1.704275278391025950e+01
4.429999999999999716e+00,1.707350958593385570e+01
4.431000000000000050e+00,1.701386176866057909e+01
4.432000000000000384e+00,1.708428400023843707e+01
4.432999999999999829e+00,1.712144233679121896e+01
4.434000000000000163e+00,1.711785250144059489e+01
4.434999999999999609e+00,1.712638527983981618e+01
4.435999999999999943e+00,1.708274264695161193e+01
4.437000000000000277e+00,1.705560909120566748e+01
4.437999999999999723e+00,1.701608138376061419e+01
4.439000000000000057e+00,1.705510651187882587e+01
4.440000000000000391e+00,1.703287053130392792e+01
4.440999999999999837e+00,1.706729374937936683e+01
4.442000000000000171e+00,1.710512303510657262e+01
4.442999999999999616e+00,1.710612446785198770e+01
4.443999999999999950e+00,1.708553246684367011e+01
4.445000000000000284e+00,1.709974944548754650e+01
4.445999999999999730e+00,1.706081032653807839e+01
4.447000000000000064e+00,1.711579820096008575e+01
4.448000000000000398e+00,1.713750172786145143e+01
4.448999999999999844e+00,1.701278213519096383e+01
4.450000000000000178e+00,1.705299641704866431e+01
4.450999999999999623e+00,1.705685828438347329e+01
4.451999999999999957e+00,1.708827739256020806e+01
4.453000000000000291e+00,1.712341199067009967e+01
4.453999999999999737e+00,1.705525596779231634e+01
4.455000000000000071e+00,1.701799007373579897e+01
4.456000000000000405e+00,1.704492498450032301e+01
4.456999999999999851e+00,1.704617295360790052e+01
4.458000000000000185e+00,1.701014457056708906e+01
4.458999999999999631e+00,1.703621856513300514e+01
4.459999999999999964e+00,1.703843687221510450e+01
4.461000000000000298e+00,1.697403604698766344e+01
4.461999999999999744e+00,1.696685233667605530e+01
4.463000000000000078e+00,1.694751125440348005e+01
4.464000000000000412e+00,1.701175951000847775e+01
4.464999999999999858e+00,1.698327451220747619e+01
4.466000000000000192e+00,1.700834549060963852e+01
4.466999999999999638e+00,1.704875049163312184e+01
4.467999999999999972e+00,1.700281492264255689e+01
4.469000000000000306e+00,1.697195938064660936e+01
4.469999999999999751e+00,1.694835114922815933e+01
4.471000000000000085e+00,1.700665713224644904e+01
4.472000000000000419e+00,1.698712931755275690e+01
4.472999999999999865e+00,1.697001178307187885e+01
4.474000000000000199e+00,1.700172639982424982e+01
4.474999999999999645e+00,1.708599840163108396e+01
4.475999999999999979e+00,1.704918211422607044e+01
4.477000000000000313e+00,1.699503716434553979e+01
4.477999999999999758e+00,1.703891717624504309e+01
4.479000000000000092e+00,1.701305503809653530e+01
4.480000000000000426e+00,1.701645102715195890e+01
4.480999999999999872e+00,1.699029415493655648e+01
4.482000000000000206e+00,1.698977503060619654e+01
4.482999999999999652e+00,1.698853409627716005e+01
4.483999999999999986e+00,1.704704670069094519e+01
4.485000000000000320e+00,1.700565920296687494e+01
4.485999999999999766e+00,1.700869782220143378e+01
4.487000000000000099e+00,1.699246978770848315e+01
4.488000000000000433e+00,1.699046961624630825e+01
4.488999999999999879e+00,1.691276209696697919e+01
4.490000000000000213e+00,1.695362128198307872e+01
4.490999999999999659e+00,1.702443415429229745e+01
4.491999999999999993e+00,1.699821429985960108e+01
4.493000000000000327e+00,1.700920871747867835e+01
4.493999999999999773e+00,1.706451585313254782e+01
4.495000000000000107e+00,1.701295285652310341e+01
4.496000000000000441e+00,1.701584814790942701e+01
4.496999999999999886e+00,1.718850696887017548e+01
4.498000000000000220e+00,1.704307231953769275e+01
4.498999999999999666e+00,1.698902778453675921e+01
4.500000000000000000e+00,1.702464761329685672e+01
4.501000000000000334e+00,1.701716725279153053e+01
4.501999999999999780e+00,1.700866323659792201e+01
4.503000000000000114e+00,1.704194325707585023e+01
4.503999999999999559e+00,1.700592088010925096e+01
4.504999999999999893e+00,1.698587558120540209e+01
4.506000000000000227e+00,1.703016523763691481e+01
4.506999999999999673e+00,1.704660271764889501e+01
4.508000000000000007e+00,1.702260213767662833e+01
4.509000000000000341e+00,1.703360263122253215e+01
4.509999999999999787e+00,1.703730641646763644e+01
4.511000000000000121e+00,1.709297221475699757e+01
4.511999999999999567e+00,1.709273987939421602e+01
4.512999999999999901e+00,1.707638582718696441e+01
4.514000000000000234e+00,1.707269500908802939e+01
4.514999999999999680e+00,1.710608837989038378e+01
4.516000000000000014e+00,1.706469012548208042e+01
4.517000000000000348e+00,1.700210957006871126e+01
4.517999999999999794e+00,1.703514055065824806e+01
4.519000000000000128e+00,1.701728635011457413e+01
4.519999999999999574e+00,1.709697913991652740e+01
4.520999999999999908e+00,1.702108445584368113e+01
4.522000000000000242e+00,1.706934656301076103e+01
4.522999999999999687e+00,1.714914437882569231e+01
4.524000000000000021e+00,1.699707861628113292e+01
4.525000000000000355e+00,1.710635745898437676e+01
4.525999999999999801e+00,1.704488338149877080e+01
4.527000000000000135e+00,1.705807467366150831e+01
4.527999999999999581e+00,1.696907638073577829e+01
4.528999999999999915e+00,1.704573886899978774e+01
4.530000000000000249e+00,1.700867942225322693e+01
4.530999999999999694e+00,1.705775643814744313e+01
4.532000000000000028e+00,1.709208299629356631e+01
4.533000000000000362e+00,1.694625801744411930e+01
4.533999999999999808e+00,1.709120806148275662e+01
4.535000000000000142e+00,1.702336855201054178e+01
4.535999999999999588e+00,1.700118163462926901e+01
4.536999999999999922e+00,1.690187387897647753e+01
4.538000000000000256e+00,1.700835847983768545e+01
4.538999999999999702e+00,1.702056520094799552e+01
4.540000000000000036e+00,1.700081048487989932e+01
4.541000000000000369e+00,1.703873290444709454e+01
4.541999999999999815e+00,1.698221952351347497e+01
4.543000000000000149e+00,1.699081342042006426e+01
4.543999999999999595e+00,1.697506997398226147e+01
4.544999999999999929e+00,1.711401267639035950e+01
4.546000000000000263e+00,1.698191013539042160e+01
4.546999999999999709e+00,1.703363161087758471e+01
4.548000000000000043e+00,1.704729355467799223e+01
4.549000000000000377e+00,1.698150151241577888e+01
4.549999999999999822e+00,1.703768219005410955e+01
4.551000000000000156e+00,1.708461089982395009e+01
4.551999999999999602e+00,1.698172396101856663e+01
4.552999999999999936e+00,1.710360661124395065e+01
4.554000000000000270e+00,1.703313013530576825e+01
4.554999999999999716e+00,1.699978352846088825e+01
4.556000000000000050e+00,1.706641520854882543e+01
4.557000000000000384e+00,1.703600987394813160e+01
4.557999999999999829e+00,1.702436511001639019e+01
4.559000000000000163e+00,1.699171464041121027e+01
4.559999999999999609e+00,1.703183024079605445e+01
4.560999999999999943e+00,1.700832971362516588e+01
4.562000000000000277e+00,1.700951515182872242e+01
4.562999999999999723e+00,1.707074624486467229e+01
4.564000000000000057e+00,1.699901887632857722e+01
4.565000000000000391e+00,1.710228737688980871e+01
4.565999999999999837e+00,1.710083709341526514e+01
4.567000000000000171e+00,1.699733804899097933e+01
4.567999999999999616e+00,1.705320092754555361e+01
4.568999999999999950e+00,1.700248782667686953e+01
4.570000000000000284e+00,1.706329107758685737e+01
4.570999999999999730e+00,1.704069435977594793e+01
4.572000000000000064e+00,1.696277214296313218e+01
4.573000000000000398e+00,1.708823201436525707e+01
4.573999999999999844e+00,1.700315139242966822e+01
4.575000000000000178e+00,1.701773644191251833e+01
4.575999999999999623e+00,1.704838542684390035e+01
4.576999999999999957e+00,1.707143710293164673e+01
4.578000000000000291e+00,1.710009711876701388e+01
4.578999999999999737e+00,1.703218006587704636e+01
4.580000000000000071e+00,1.698816376962062336e+01
4.581000000000000405e+00,1.700487092507050590e+01
4.581999999999999851e+00,1.698526552365542130e+01
4.583000000000000185e+00,1.704450268482275277e+01
4.583999999999999631e+00,1.701670764283433357e+01
4.584999999999999964e+00,1.701728779037696171e+01
4.586000000000000298e+00,1.702659745015830595e+01
4.586999999999999744e+00,1.701819964912244387e+01
4.588000000000000078e+00,1.698090144240337551e+01
4.589000000000000412e+00,1.696499039793782870e+01
4.589999999999999858e+00,1.698479229655494649e+01
4.591000000000000192e+00,1.698094792454096691e+01
4.591999999999999638e+00,1.706029855752935376e+01
4.592999999999999972e+00,1.697128631213247019e+01
4.594000000000000306e+00,1.696853948266706169e+01
4.594999999999999751e+00,1.701328022034715914e+01
4.596000000000000085e+00,1.695224920118762313e+01
4.597000000000000419e+00,1.711351669887076099e+01
4.597999999999999865e+00,1.703859265242301646e+01
4.599000000000000199e+00,1.703130202376051727e+01
4.599999999999999645e+00,1.698722633028222617e+01
4.600999999999999979e+00,1.701404383387100339e+01
4.602000000000000313e+00,1.698952229079235110e+01
4.602999999999999758e+00,1.703121071716228130e+01
4.604000000000000092e+00,1.700262239670295727e+01
4.605000000000000426e+00,1.698198737799059899e+01
4.605999999999999872e+00,1.697814946270700887e+01
4.607000000000000206e+00,1.701687860913418149e+01
4.607999999999999652e+00,1.708066500481344363e+01
4.608999999999999986e+00,1.705406778550076297e+01
4.610000000000000320e+00,1.713248357001147326e+01
4.610999999999999766e+00,1.702844993388863770e+01
4.612000000000000099e+00,1.704206463333862587e+01
4.613000000000000433e+00,1.703003209672230867e+01
4.613999999999999879e+00,1.701733195102871221e+01
4.615000000000000213e+00,1.702798751513311970e+01
4.615999999999999659e+00,1.697738798746039279e+01
4.616999999999999993e+00,1.700832706551823037e+01
4.618000000000000327e+00,1.706093510331033869e+01
4.618999999999999773e+00,1.703546943478671949e+01
4.620000000000000107e+00,1.706480061718598762e+01
4.621000000000000441e+00,1.704732986831395536e+01
4.621999999999999886e+00,1.707847228154683350e+01
4.623000000000000220e+00,1.708456329632621973e+01
4.623999999999999666e+00,1.707352196656241716e+01
4.625000000000000000e+00,1.705958274258397367e+01
4.626000000000000334e+00,1.705403556650771080e+01
4.626999999999999780e+00,1.706418867822510421e+01
4.628000000000000114e+00,1.704138918494908950e+01
4.628999999999999559e+00,1.706387925370100689e+01
4.629999999999999893e+00,1.702202833609354826e+01
4.631000000000000227e+00,1.703421295624204745e+01
4.631999999999999673e+00,1.700846846185472216e+01
4.633000000000000007e+00,1.706201467542902250e+01
4.634000000000000341e+00,1.709835989893317887e+01
4.634999999999999787e+00,1.706283839100715483e+01
4.636000000000000121e+00,1.702659919225377649e+01
4.636999999999999567e+00,1.704237220421356369e+01
4.637999999999999901e+00,1.697233513418499840e+01
4.639000000000000234e+00,1.703143008525801605e+01
4.639999999999999680e+00,1.707161150473957179e+01
4.641000000000000014e+00,1.700808851511423114e+01
4.642000000000000348e+00,1.702604365951139442e+01
4.642999999999999794e+00,1.706371732348505788e+01
4.644000000000000128e+00,1.706069720565542980e+01
4.644999999999999574e+00,1.700357844900194593e+01
4.645999999999999908e+00,1.698839309484204918e+01
4.647000000000000242e+00,1.704456827748145642e+01
4.647999999999999687e+00,1.707027131296182532e+01
4.649000000000000021e+00,1.709811484464709253e+01
4.650000000000000355e+00,1.702558895859667842e+01
4.650999999999999801e+00,1.708945731348055475e+01
4.652000000000000135e+00,1.716392475490888003e+01
4.652999999999999581e+00,1.714275034425385158e+01
4.653999999999999915e+00,1.713258142536027151e+01
4.655000000000000249e+00,1.710112830303721054e+01
4.655999999999999694e+00,1.707112173494099139e+01
4.657000000000000028e+00,1.708026071048927719e+01
4.658000000000000362e+00,1.698894099523096202e+01
4.658999999999999808e+00,1.702567698185416845e+01
4.660000000000000142e+00,1.706378239473268721e+01
4.660999999999999588e+00,1.696834535129436361e+01
4.661999999999999922e+00,1.701823407027157842e+01
4.663000000000000256e+00,1.701705543091470219e+01
4.663999999999999702e+00,1.697467162527399864e+01
4.665000000000000036e+00,1.694753264114496716e+01
4.666000000000000369e+00,1.704870798349627137e+01
4.666999999999999815e+00,1.706563340960911646e+01
4.668000000000000149e+00,1.697684615659651186e+01
4.668999999999999595e+00,1.699474275575265381e+01
4.669999999999999929e+00,1.702468571531771602e+01
4.671000000000000263e+00,1.706071933935561447e+01
4.671999999999999709e+00,1.702852201725759329e+01
4.673000000000000043e+00,1.696911121643896792e+01
4.674000000000000377e+00,1.705965289437495258e+01
4.674999999999999822e+00,1.703620809749857656e+01
4.676000000000000156e+00,1.707546456501844290e+01
4.676999999999999602e+00,1.700550036213042304e+01
4.677999999999999936e+00,1.703086583988720903e+01
4.679000000000000270e+00,1.703896104895265040e+01
4.679999999999999716e+00,1.710174129293983469e+01
4.681000000000000050e+00,1.709203250231255211e+01
4.682000000000000384e+00,1.702415668004827154e+01
4.682999999999999829e+00,1.704910378583192454e+01
4.684000000000000163e+00,1.703047442469652850e+01
4.684999999999999609e+00,1.700188586960849335e+01
4.685999999999999943e+00,1.700945160386836719e+01
4.687000000000000277e+00,1.698263036210294530e+01
4.687999999999999723e+00,1.698562518278144040e+01
4.689000000000000057e+00,1.704927745280838280e+01
4.690000000000000391e+00,1.696252964396060747e+01
4.690999999999999837e+00,1.697062494002746291e+01
4.692000000000000171e+00,1.701883706638378158e+01
4.692999999999999616e+00,1.693235030441299216e+01
4.693999999999999950e+00,1.696385853942081923e+01
4.695000000000000284e+00,1.696675747211090268e+01
4.695999999999999730e+00,1.696839796883404716e+01
4.697000000000000064e+00,1.700584361663799626e+01
4.698000000000000398e+00,1.697941375604349901e+01
4.698999999999999844e+00,1.702293820115740175e+01
4.700000000000000178e+00,1.699986297491771836e+01
4.700999999999999623e+00,1.694620382321283358e+01
4.701999999999999957e+00,1.695231991963719054e+01
4.703000000000000291e+00,1.696940336719856646e+01
4.703999999999999737e+00,1.694600506558276010e+01
4.705000000000000071e+00,1.695838691811249532e+01
4.706000000000000405e+00,1.701073288843450015e+01
4.706999999999999851e+00,1.698107496651774539e+01
4.708000000000000185e+00,1.692389772740223819e+01
4.708999999999999631e+00,1.695342310039412936e+01
4.709999999999999964e+00,1.696847749955942319e+01
4.711000000000000298e+00,1.693517799700350679e+01
4.711999999999999744e+00,1.689299179904536530e+01
4.713000000000000078e+00,1.686697933980201469e+01
4.714000000000000412e+00,1.694108250489718870e+01
4.714999999999999858e+00,1.687241813180043337e+01
4.716000000000000192e+00,1.690675825061327586e+01
4.716999999999999638e+00,1.691168716687137064e+01
4.717999999999999972e+00,1.692413673086313608e+01
4.719000000000000306e+00,1.692853496310165795e+01
4.719999999999999751e+00,1.690709317041613957e+01
4.721000000000000085e+00,1.695230465770737993e+01
4.722000000000000419e+00,1.697185665608806815e+01
4.722999999999999865e+00,1.701449670605240172e+01
4.724000000000000199e+00,1.698874697366983355e+01
4.724999999999999645e+00,1.696548472117700967e+01
4.725999999999999979e+00,1.697678774227547294e+01
4.727000000000000313e+00,1.699201813461019128e+01
4.727999999999999758e+00,1.696184643052368557e+01
4.729000000000000092e+00,1.696401911960140652e+01
4.730000000000000426e+00,1.695884619821681483e+01
4.730999999999999872e+00,1.691138308409346180e+01
4.732000000000000206e+00,1.696711158556212240e+01
4.732999999999999652e+00,1.685865902360550805e+01
4.733999999999999986e+00,1.691627565290695046e+01
4.735000000000000320e+00,1.688504284291666835e+01
4.735999999999999766e+00,1.686250937194933641e+01
4.737000000000000099e+00,1.691111995904854837e+01
4.738000000000000433e+00,1.689647610339301309e+01
4.738999999999999879e+00,1.687941528244448364e+01
4.740000000000000213e+00,1.688768874482402893e+01
4.740999999999999659e+00,1.696696701929486650e+01
4.741999999999999993e+00,1.684745500857860634e+01
4.743000000000000327e+00,1.681025596104666420e+01
4.743999999999999773e+00,1.690373920110711836e+01
4.745000000000000107e+00,1.686206414254693442e+01
4.746000000000000441e+00,1.689008317331919429e+01
4.746999999999999886e+00,1.689428705186554325e+01
4.748000000000000220e+00,1.687390950601248818e+01
4.748999999999999666e+00,1.689345570878330349e+01
4.750000000000000000e+00,1.688424906649773760e+01
4.751000000000000334e+00,1.693780013820786223e+01
4.751999999999999780e+00,1.691932487938966645e+01
4.753000000000000114e+00,1.692595655605665783e+01
4.753999999999999559e+00,1.692731669212922441e+01
4.754999999999999893e+00,1.698602291494407268e+01
4.756000000000000227e+00,1.695010381281236889e+01
4.756999999999999673e+00,1.690777511760887108e+01
4.758000000000000007e+00,1.696393063088497399e+01
4.759000000000000341e+00,1.691320276764480823e+01
4.759999999999999787e+00,1.691274649629816906e+01
4.761000000000000121e+00,1.693440246965075602e+01
4.761999999999999567e+00,1.692817075290949802e+01
4.762999999999999901e+00,1.694636642651236613e+01
4.764000000000000234e+00,1.687757804976461529e+01
4.764999999999999680e+00,1.685223493098121494e+01
4.766000000000000014e+00,1.691208764890572525e+01
4.767000000000000348e+00,1.690480576792393919e+01
4.767999999999999794e+00,1.690637851313081441e+01
4.769000000000000128e+00,1.690381988109381339e+01
4.769999999999999574e+00,1.696084561728947904e+01
4.770999999999999908e+00,1.689793048549549326e+01
4.772000000000000242e+00,1.692711224894586763e+01
4.772999999999999687e+00,1.694107623942337426e+01
4.774000000000000021e+00,1.695659840649785011e+01
4.775000000000000355e+00,1.688573601049943207e+01
4.775999999999999801e+00,1.689767235323537875e+01
4.777000000000000135e+00,1.693463366609011445e+01
4.777999999999999581e+00,1.695757703005160977e+01
4.778999999999999915e+00,1.685459615199381389e+01
4.780000000000000249e+00,1.689461268557945317e+01
4.780999999999999694e+00,1.689034157004957137e+01
4.782000000000000028e+00,1.687045177030325505e+01
4.783000000000000362e+00,1.687294425797351138e+01
4.783999999999999808e+00,1.689062740821222164e+01
4.785000000000000142e+00,1.691081095874682561e+01
4.785999999999999588e+00,1.694840680230154817e+01
4.786999999999999922e+00,1.692203799540979503e+01
4.788000000000000256e+00,1.689054511690887495e+01
4.788999999999999702e+00,1.702100343338697286e+01
4.790000000000000036e+00,1.691503746911677553e+01
4.791000000000000369e+00,1.699619975681462591e+01
4.791999999999999815e+00,1.695268999875298022e+01
4.793000000000000149e+00,1.700934559184424799e+01
4.793999999999999595e+00,1.690186748486741308e+01
4.794999999999999929e+00,1.685163330668359905e+01
4.796000000000000263e+00,1.687582484712032738e+01
4.796999999999999709e+00,1.687397587143698274e+01
4.798000000000000043e+00,1.692320450397616938e+01
4.799000000000000377e+00,1.689065242718176307e+01
4.799999999999999822e+00,1.688545009753062232e+01
4.801000000000000156e+00,1.694521757971180165e+01
4.801999999999999602e+00,1.693722898876469074e+01
4.802999999999999936e+00,1.691492168346908898e+01
4.804000000000000270e+00,1.682222244461261340e+01
4.804999999999999716e+00,1.687307665835322723e+01
4.806000000000000050e+00,1.681944302164341565e+01
4.807000000000000384e+00,1.682832233628785445e+01
4.807999999999999829e+00,1.687057113173541723e+01
4.809000000000000163e+00,1.692042832252582940e+01
4.809999999999999609e+00,1.686819103301999689e+01
4.810999999999999943e+00,1.684260221223931708e+01
4.812000000000000277e+00,1.685290440644690335e+01
4.812999999999999723e+00,1.689585017462417937e+01
4.814000000000000057e+00,1.685950754045341426e+01
4.815000000000000391e+00,1.686290970496632724e+01
4.815999999999999837e+00,1.685869805770630947e+01
4.817000000000000171e+00,1.686838660233293297e+01
4.817999999999999616e+00,1.694899535998373352e+01
4.818999999999999950e+00,1.688522897820876878e+01
4.820000000000000284e+00,1.681445332616246446e+01
4.820999999999999730e+00,1.683350365149254202e+01
4.822000000000000064e+00,1.685305846352974513e+01
4.823000000000000398e+00,1.684082673336006408e+01
4.823999999999999844e+00,1.683108471574797704e+01
4.825000000000000178e+00,1.682221746437512522e+01
4.825999999999999623e+00,1.679000163855842231e+01
4.826999999999999957e+00,1.690413222258875336e+01
4.828000000000000291e+00,1.690282373229403134e+01
4.828999999999999737e+00,1.694448495886684825e+01
4.830000000000000071e+00,1.692804462120204789e+01
4.831000000000000405e+00,1.686651665641168663e+01
4.831999999999999851e+00,1.691261405515068361e+01
4.833000000000000185e+00,1.700335254366630267e+01
4.833999999999999631e+00,1.698805811567232738e+01
4.834999999999999964e+00,1.690205733249379705e+01
4.836000000000000298e+00,1.696465148740533024e+01
4.836999999999999744e+00,1.694320284668811638e+01
4.838000000000000078e+00,1.699590575042849849e+01
4.839000000000000412e+00,1.694316339014274675e+01
4.839999999999999858e+00,1.691562946298288850e+01
4.841000000000000192e+00,1.689770390332580874e+01
4.841999999999999638e+00,1.690786550717598757e+01
4.842999999999999972e+00,1.686590981819301405e+01
4.844000000000000306e+00,1.694104978978413811e+01
4.844999999999999751e+00,1.690170360189848964e+01
4.846000000000000085e+00,1.696395746997741938e+01
4.847000000000000419e+00,1.687100699410959237e+01
4.847999999999999865e+00,1.695255588499906096e+01
4.849000000000000199e+00,1.691985533900541938e+01
4.849999999999999645e+00,1.697016279723628429e+01
4.850999999999999979e+00,1.696407026226444259e+01
4.852000000000000313e+00,1.696787600568609022e+01
4.852999999999999758e+00,1.687961220440818622e+01
4.854000000000000092e+00,1.685121000305954908e+01
4.855000000000000426e+00,1.687539967528869767e+01
4.855999999999999872e+00,1.689343448846234352e+01
4.857000000000000206e+00,1.690368272107454573e+01
4.857999999999999652e+00,1.686093599631424667e+01
4.858999999999999986e+00,1.687802080016291484e+01
4.860000000000000320e+00,1.692784837298271583e+01
4.860999999999999766e+00,1.686737102271932187e+01
4.862000000000000099e+00,1.691670715488688259e+01
4.863000000000000433e+00,1.687142905664400416e+01
4.863999999999999879e+00,1.683976286139296974e+01
4.865000000000000213e+00,1.698637625118466943e+01
4.865999999999999659e+00,1.685658147979196286e+01
4.866999999999999993e+00,1.691989338092991346e+01
4.868000000000000327e+00,1.678350432762364264e+01
4.868999999999999773e+00,1.684277132506893082e+01
4.870000000000000107e+00,1.691253195454644143e+01
4.871000000000000441e+00,1.688324031554205362e+01
4.871999999999999886e+00,1.680434281710064326e+01
4.873000000000000220e+00,1.692457350990702025e+01
4.873999999999999666e+00,1.685475325689754911e+01
4.875000000000000000e+00,1.686542244403104363e+01
4.876000000000000334e+00,1.690679811690441881e+01
4.876999999999999780e+00,1.689720590363922170e+01
4.878000000000000114e+00,1.686819705322812268e+01
4.878999999999999559e+00,1.694104566530486622e+01
4.879999999999999893e+00,1.690896201313909586e+01
4.881000000000000227e+00,1.700444014162289008e+01
4.881999999999999673e+00,1.691521681411722611e+01
4.883000000000000007e+00,1.697703493485086668e+01
4.884000000000000341e+00,1.691672912922093630e+01
4.884999999999999787e+00,1.695498838228634852e+01
4.886000000000000121e+00,1.692249074607996207e+01
4.886999999999999567e+00,1.690622106956005055e+01
4.887999999999999901e+00,1.693744238709252059e+01
4.889000000000000234e+00,1.690408740054843761e+01
4.889999999999999680e+00,1.694990217959880852e+01
4.891000000000000014e+00,1.694955999412517400e+01
4.892000000000000348e+00,1.692898187600641791e+01
4.892999999999999794e+00,1.693859974746315089e+01
4.894000000000000128e+00,1.692198985780347442e+01
4.894999999999999574e+00,1.693706753021035993e+01
4.895999999999999908e+00,1.693072041192816357e+01
4.897000000000000242e+00,1.691973676432152729e+01
4.897999999999999687e+00,1.695148542939530500e+01
4.899000000000000021e+00,1.692889019351931879e+01
4.900000000000000355e+00,1.686706731223938149e+01
4.900999999999999801e+00,1.699055088011427728e+01
4.902000000000000135e+00,1.695406956792410114e+01
4.902999999999999581e+00,1.689653415797945968e+01
4.903999999999999915e+00,1.691831272143314990e+01
4.905000000000000249e+00,1.693182947934543847e+01
4.905999999999999694e+00,1.696453085084561963e+01
4.907000000000000028e+00,1.690820685643867094e+01
4.908000000000000362e+00,1.696302649007117225e+01
4.908999999999999808e+00,1.699153690724925880e+01
4.910000000000000142e+00,1.697263248118726864e+01
4.910999999999999588e+00,1.698219103497960702e+01
4.911999999999999922e+00,1.691704274628067139e+01
4.913000000000000256e+00,1.694012427837913748e+01
4.913999999999999702e+00,1.698875117583295591e+01
4.915000000000000036e+00,1.696641704873302103e+01
4.916000000000000369e+00,1.689379548606065740e+01
4.916999999999999815e+00,1.686514846948598034e+01
4.918000000000000149e+00,1.700033753543012693e+01
4.918999999999999595e+00,1.693044890201423769e+01
4.919999999999999929e+00,1.695252141260568024e+01
4.921000000000000263e+00,1.688865624615565864e+01
4.921999999999999709e+00,1.687916063783604059e+01
4.923000000000000043e+00,1.686462579139795892e+01
4.924000000000000377e+00,1.699142290368805064e+01
4.924999999999999822e+00,1.701710943269718257e+01
4.926000000000000156e+00,1.695504353750580862e+01
4.926999999999999602e+00,1.693086015752177076e+01
4.927999999999999936e+00,1.689080489191928081e+01
4.929000000000000270e+00,1.700324650850524932e+01
4.929999999999999716e+00,1.695148102110051269e+01
4.931000000000000050e+00,1.693495922704008549e+01
4.932000000000000384e+00,1.693057241268130753e+01
4.932999999999999829e+00,1.698313850791970481e+01
4.934000000000000163e+00,1.695347992195798525e+01
4.934999999999999609e+00,1.694651738507964822e+01
4.935999999999999943e+00,1.692748233606017294e+01
4.937000000000000277e+00,1.688148974529982027e+01
4.937999999999999723e+00,1.685387527973655608e+01
4.939000000000000057e+00,1.691963683676038954e+01
4.940000000000000391e+00,1.688438045013080924e+01
4.940999999999999837e+00,1.692446296345646317e+01
4.942000000000000171e+00,1.685558852335897839e+01
4.942999999999999616e+00,1.691671695957638377e+01
4.943999999999999950e+00,1.693165773808193109e+01
4.945000000000000284e+00,1.692309509462536710e+01
4.945999999999999730e+00,1.692100263566264218e+01
4.947000000000000064e+00,1.694747647742306640e+01
4.948000000000000398e+00,1.692313453319733441e+01
4.948999999999999844e+00,1.687446704440998246e+01
4.950000000000000178e+00,1.694141906115174834e+01
4.950999999999999623e+00,1.692866541422637994e+01
4.951999999999999957e+00,1.694171165371298571e+01
4.953000000000000291e+00,1.697035725523637950e+01
4.953999999999999737e+00,1.693770688096909183e+01
4.955000000000000071e+00,1.690631379033935389e+01
4.956000000000000405e+00,1.694478831080659020e+01
4.956999999999999851e+00,1.693162031077901730e+01
4.958000000000000185e+00,1.698334871616789243e+01
4.958999999999999631e+00,1.696012363637473896e+01
4.959999999999999964e+00,1.691936197264461583e+01
4.961000000000000298e+00,1.691371851869860876e+01
4.961999999999999744e+00,1.693162989393125883e+01
4.963000000000000078e+00,1.689921724529857983e+01
4.964000000000000412e+00,1.694294824986544157e+01
4.964999999999999858e+00,1.698998227856816001e+01
4.966000000000000192e+00,1.697735795492721067e+01
4.966999999999999638e+00,1.689905556800461994e+01
4.967999999999999972e+00,1.691959984415998619e+01
4.969000000000000306e+00,1.693531198397993975e+01
4.969999999999999751e+00,1.689747260935938655e+01
4.971000000000000085e+00,1.700549454995992704e+01
4.972000000000000419e+00,1.690754446554015544e+01
4.972999999999999865e+00,1.695466016146269794e+01
4.974000000000000199e+00,1.684402678771791884e+01
4.974999999999999645e+00,1.695423188278439497e+01
4.975999999999999979e+00,1.694711587473263137e+01
4.977000000000000313e+00,1.689386752762251120e+01
4.977999999999999758e+00,1.690654530090691310e+01
4.979000000000000092e+00,1.697228316512897095e+01
4.980000000000000426e+00,1.692019912136196425e+01
4.980999999999999872e+00,1.679216652253961684e+01
4.982000000000000206e+00,1.686956536933498541e+01
4.982999999999999652e+00,1.682048806958087539e+01
4.983999999999999986e+00,1.686054797091813029e+01
4.985000000000000320e+00,1.686062180911081043e+01
4.985999999999999766e+00,1.690764041877559976e+01
4.987000000000000099e+00,1.688468176311577551e+01
4.988000000000000433e+00,1.685343288795938577e+01
4.988999999999999879e+00,1.683512097390437035e+01
4.990000000000000213e+00,1.686272835114955981e+01
4.990999999999999659e+00,1.688338001500635244e+01
4.991999999999999993e+00,1.686616100964451448e+01
4.993000000000000327e+00,1.692993035465966756e+01
4.993999999999999773e+00,1.688483616840877133e+01
4.995000000000000107e+00,1.688995713813838861e+01
4.996000000000000441e+00,1.683713835000483172e+01
4.996999999999999886e+00,1.690074026503491211e+01
4.998000000000000220e+00,1.690654585601486204e+01
4.998999999999999666e+00,1.679352413376879483e+01
