time_ns,rg_A
0.000000000000000000e+00,1.696784248730014966e+01
1.000000000000000021e-03,1.686478130314667467e+01
2.000000000000000042e-03,1.699905759929552929e+01
3.000000000000000062e-03,1.690885336679182416e+01
4.000000000000000083e-03,1.692281130789104182e+01
5.000000000000000104e-03,1.696821575800905180e+01
6.000000000000000125e-03,1.699922222916546133e+01
7.000000000000000146e-03,1.698587155899081580e+01
8.000000000000000167e-03,1.700780296114963264e+01
8.999999999999999320e-03,1.693368416281113653e+01
1.000000000000000021e-02,1.694401108719691251e+01
1.099999999999999936e-02,1.700252300324021348e+01
1.200000000000000025e-02,1.697558377272417118e+01
1.299999999999999940e-02,1.698040050223763231e+01
1.400000000000000029e-02,1.691688535630117940e+01
1.499999999999999944e-02,1.697334094767548862e+01
1.600000000000000033e-02,1.697006905396989396e+01
1.700000000000000122e-02,1.697599647714405435e+01
1.799999999999999864e-02,1.695197781987410224e+01
1.899999999999999953e-02,1.696891627699724481e+01
2.000000000000000042e-02,1.697909747509732625e+01
2.100000000000000130e-02,1.690479923861282074e+01
2.199999999999999872e-02,1.697441007180542272e+01
2.299999999999999961e-02,1.699345908673419814e+01
2.400000000000000050e-02,1.696492896504889814e+01
2.500000000000000139e-02,1.694040284264309904e+01
2.599999999999999881e-02,1.699287842573568597e+01
2.699999999999999969e-02,1.694282097579251456e+01
2.800000000000000058e-02,1.695565282249736327e+01
2.900000000000000147e-02,1.696385994721113022e+01
2.999999999999999889e-02,1.693407677698142066e+01
3.099999999999999978e-02,1.686076700928013139e+01
3.200000000000000067e-02,1.689066227904059403e+01
3.300000000000000155e-02,1.694234603932723360e+01
3.400000000000000244e-02,1.691591865859729538e+01
3.500000000000000333e-02,1.692381569947065856e+01
3.599999999999999728e-02,1.690558450645639965e+01
3.699999999999999817e-02,1.686934561787561648e+01
3.799999999999999906e-02,1.690929738256757275e+01
3.899999999999999994e-02,1.695438818279001225e+01
4.000000000000000083e-02,1.697611849760978586e+01
4.100000000000000172e-02,1.688511254610889623e+01
4.200000000000000261e-02,1.694877205442886492e+01
4.299999999999999656e-02,1.691488851923559267e+01
4.399999999999999745e-02,1.700208839942657946e+01
4.499999999999999833e-02,1.698604438671811323e+01
4.599999999999999922e-02,1.696974672280410346e+01
4.700000000000000011e-02,1.696358697517123915e+01
4.800000000000000100e-02,1.694174142699822738e+01
4.900000000000000189e-02,1.691636903600258890e+01
5.000000000000000278e-02,1.696877246098683756e+01
5.099999999999999672e-02,1.694218260911569374e+01
5.199999999999999761e-02,1.699923080835261402e+01
5.299999999999999850e-02,1.693464352938310924e+01
5.399999999999999939e-02,1.694759540459248015e+01
5.500000000000000028e-02,1.693202551213363449e+01
5.600000000000000117e-02,1.694409388871861921e+01
5.700000000000000205e-02,1.689209566830820108e+01
5.800000000000000294e-02,1.697521617186793108e+01
5.899999999999999689e-02,1.695316230560529647e+01
5.999999999999999778e-02,1.692262759512856007e+01
6.099999999999999867e-02,1.695068418394366105e+01
6.199999999999999956e-02,1.698105470055070754e+01
6.300000000000000044e-02,1.696697970765602292e+01
6.400000000000000133e-02,1.700527118979324825e+01
6.500000000000000222e-02,1.697508972425720941e+01
6.600000000000000311e-02,1.699608775458220222e+01
6.700000000000000400e-02,1.704153753093920898e+01
6.800000000000000488e-02,1.698494772174506551e+01
6.900000000000000577e-02,1.698931416258075444e+01
7.000000000000000666e-02,1.697634663170082447e+01
7.099999999999999367e-02,1.705505509299352696e+01
7.199999999999999456e-02,1.697273673017261331e+01
7.299999999999999545e-02,1.691039765220189039e+01
7.399999999999999634e-02,1.691192074698152226e+01
7.499999999999999722e-02,1.697338176025057876e+01
7.599999999999999811e-02,1.697721413567373006e+01
7.699999999999999900e-02,1.697480963993037051e+01
7.799999999999999989e-02,1.697306336215638822e+01
7.900000000000000078e-02,1.694995338315408873e+01
8.000000000000000167e-02,1.692961432682147915e+01
8.100000000000000255e-02,1.695848368691617125e+01
8.200000000000000344e-02,1.702745759360610123e+01
8.300000000000000433e-02,1.693388815485027976e+01
8.400000000000000522e-02,1.698609490219481799e+01
8.500000000000000611e-02,1.691076768930852126e+01
8.599999999999999312e-02,1.697874773284215166e+01
8.699999999999999400e-02,1.693193638809860246e+01
8.799999999999999489e-02,1.698557316555679719e+01
8.899999999999999578e-02,1.692327708895080107e+01
8.999999999999999667e-02,1.695044608953960363e+01
9.099999999999999756e-02,1.696414746200108326e+01
9.199999999999999845e-02,1.695998816603974646e+01
9.299999999999999933e-02,1.697268271654841953e+01
9.400000000000000022e-02,1.701238839104014744e+01
9.500000000000000111e-02,1.703827770386520157e+01
9.600000000000000200e-02,1.698372640279017887e+01
9.700000000000000289e-02,1.702100791898650911e+01
9.800000000000000377e-02,1.694824769096520711e+01
9.900000000000000466e-02,1.693635530173929737e+01
1.000000000000000056e-01,1.696681018071734925e+01
1.010000000000000064e-01,1.696126235442557828e+01
1.019999999999999934e-01,1.699112613308237130e+01
1.029999999999999943e-01,1.699637950835554889e+01
1.039999999999999952e-01,1.698358080712369045e+01
1.049999999999999961e-01,1.699536814178702571e+01
1.059999999999999970e-01,1.693809343384215893e+01
1.069999999999999979e-01,1.704626037379940229e+01
1.079999999999999988e-01,1.707872903125557684e+01
1.089999999999999997e-01,1.709655912072018324e+01
1.100000000000000006e-01,1.702516035256088855e+01
1.110000000000000014e-01,1.698722220599901434e+01
1.120000000000000023e-01,1.703681272998200313e+01
1.130000000000000032e-01,1.693263597981272639e+01
1.140000000000000041e-01,1.696515369965200648e+01
1.150000000000000050e-01,1.697025007890800552e+01
1.160000000000000059e-01,1.700801288532181132e+01
1.170000000000000068e-01,1.693804931401610503e+01
1.179999999999999938e-01,1.692790366873832397e+01
1.189999999999999947e-01,1.694467526246442546e+01
1.199999999999999956e-01,1.703966779933950804e+01
1.209999999999999964e-01,1.692302236449850028e+01
1.219999999999999973e-01,1.704386015011122879e+01
1.229999999999999982e-01,1.699810819202925671e+01
1.239999999999999991e-01,1.704517351038889217e+01
1.250000000000000000e-01,1.707302399462036036e+01
1.260000000000000009e-01,1.701182447627904182e+01
1.270000000000000018e-01,1.707814115297167845e+01
1.280000000000000027e-01,1.705239077717581253e+01
1.290000000000000036e-01,1.705209186795185161e+01
1.300000000000000044e-01,1.706510547826607294e+01
1.310000000000000053e-01,1.708693317715598070e+01
1.320000000000000062e-01,1.709616440519920744e+01
1.330000000000000071e-01,1.708456278966081143e+01
1.340000000000000080e-01,1.708136762075362469e+01
1.350000000000000089e-01,1.707145239083525468e+01
1.360000000000000098e-01,1.708586965461728013e+01
1.370000000000000107e-01,1.701650096085545272e+01
1.380000000000000115e-01,1.705143217201677075e+01
1.390000000000000124e-01,1.705482833538514953e+01
1.400000000000000133e-01,1.705826585826795849e+01
1.409999999999999865e-01,1.705594024855456681e+01
1.419999999999999873e-01,1.712281597960926760e+01
1.429999999999999882e-01,1.709891126684478380e+01
1.439999999999999891e-01,1.707043481362288162e+01
1.449999999999999900e-01,1.708444421790834156e+01
1.459999999999999909e-01,1.699195959206569029e+01
1.469999999999999918e-01,1.706984766747268978e+01
1.479999999999999927e-01,1.699006558878398465e+01
1.489999999999999936e-01,1.706107263869812130e+01
1.499999999999999944e-01,1.705850061967369413e+01
1.509999999999999953e-01,1.704384488706127243e+01
1.519999999999999962e-01,1.700741126373080903e+01
1.529999999999999971e-01,1.695514094495055346e+01
1.539999999999999980e-01,1.699354402805530384e+01
1.549999999999999989e-01,1.705314961759560433e+01
1.559999999999999998e-01,1.699982300589873674e+01
1.570000000000000007e-01,1.700684371573998632e+01
1.580000000000000016e-01,1.700139382482141315e+01
1.590000000000000024e-01,1.702365336744673030e+01
1.600000000000000033e-01,1.701627639560507532e+01
1.610000000000000042e-01,1.695450599032280792e+01
1.620000000000000051e-01,1.701929869561505626e+01
1.630000000000000060e-01,1.695754849237165374e+01
1.640000000000000069e-01,1.696982673492442828e+01
1.650000000000000078e-01,1.699514924597455234e+01
1.660000000000000087e-01,1.701464698307495738e+01
1.670000000000000095e-01,1.707276330624025462e+01
1.680000000000000104e-01,1.702448395788306001e+01
1.690000000000000113e-01,1.702645781207214171e+01
1.700000000000000122e-01,1.700430344345497247e+01
1.710000000000000131e-01,1.701105320832582635e+01
1.719999999999999862e-01,1.700202244868892620e+01
1.729999999999999871e-01,1.706980697518956447e+01
1.739999999999999880e-01,1.701492390201136118e+01
1.749999999999999889e-01,1.698592211563804000e+01
1.759999999999999898e-01,1.704863655655064036e+01
1.769999999999999907e-01,1.698913106258036976e+01
1.779999999999999916e-01,1.708200792364720400e+01
1.789999999999999925e-01,1.705593919323754193e+01
1.799999999999999933e-01,1.702264778568943981e+01
1.809999999999999942e-01,1.708436897182022207e+01
1.819999999999999951e-01,1.703069140682034188e+01
1.829999999999999960e-01,1.698232795348019764e+01
1.839999999999999969e-01,1.702985952632655753e+01
1.849999999999999978e-01,1.703000482435547980e+01
1.859999999999999987e-01,1.709354877992847221e+01
1.869999999999999996e-01,1.698804095077704446e+01
1.880000000000000004e-01,1.703057118696544592e+01
1.890000000000000013e-01,1.708233804215010565e+01
1.900000000000000022e-01,1.700445534269709924e+01
1.910000000000000031e-01,1.704228945086948954e+01
1.920000000000000040e-01,1.704022145546446865e+01
1.930000000000000049e-01,1.698425600375074040e+01
1.940000000000000058e-01,1.706614584748114183e+01
1.950000000000000067e-01,1.698990982156675500e+01
1.960000000000000075e-01,1.695733520545174855e+01
1.970000000000000084e-01,1.701187225319611329e+01
1.980000000000000093e-01,1.696491748710914038e+01
1.990000000000000102e-01,1.693153588878204729e+01
2.000000000000000111e-01,1.701163914288856205e+01
2.010000000000000120e-01,1.704015884156984484e+01
2.020000000000000129e-01,1.700784822827860054e+01
2.030000000000000138e-01,1.698815869401107648e+01
2.039999999999999869e-01,1.701139144850633400e+01
2.049999999999999878e-01,1.697126124215487053e+01
2.059999999999999887e-01,1.709061506412991704e+01
2.069999999999999896e-01,1.697798994048640608e+01
2.079999999999999905e-01,1.710956608526887379e+01
2.089999999999999913e-01,1.709244479125202076e+01
2.099999999999999922e-01,1.714247187466009947e+01
2.109999999999999931e-01,1.707373412619680408e+01
2.119999999999999940e-01,1.704711389629722973e+01
2.129999999999999949e-01,1.708115970899072167e+01
2.139999999999999958e-01,1.703328418605725858e+01
2.149999999999999967e-01,1.698277296659121305e+01
2.159999999999999976e-01,1.704630553989919406e+01
2.169999999999999984e-01,1.706248730841106109e+01
2.179999999999999993e-01,1.701163609928405762e+01
2.190000000000000002e-01,1.704735199573180537e+01
2.200000000000000011e-01,1.699491012670694090e+01
2.210000000000000020e-01,1.705165996672360862e+01
2.220000000000000029e-01,1.705765810149318185e+01
2.230000000000000038e-01,1.702390201049651353e+01
2.240000000000000047e-01,1.703449419575331092e+01
2.250000000000000056e-01,1.703701017423206210e+01
2.260000000000000064e-01,1.705481331445421489e+01
2.270000000000000073e-01,1.704985086094999858e+01
2.280000000000000082e-01,1.703296375219439085e+01
2.290000000000000091e-01,1.708194185107575791e+01
2.300000000000000100e-01,1.699384555222516369e+01
2.310000000000000109e-01,1.705040198414751629e+01
2.320000000000000118e-01,1.702046238484973628e+01
2.330000000000000127e-01,1.707119888926008500e+01
2.340000000000000135e-01,1.710504152653239629e+01
2.349999999999999867e-01,1.701876099030488376e+01
2.359999999999999876e-01,1.706146687644413973e+01
2.369999999999999885e-01,1.701347658028300813e+01
2.379999999999999893e-01,1.697104348352688419e+01
2.389999999999999902e-01,1.698049587784704784e+01
2.399999999999999911e-01,1.703681792972834330e+01
2.409999999999999920e-01,1.698384335846885307e+01
2.419999999999999929e-01,1.701493492638245542e+01
2.429999999999999938e-01,1.699050924292173192e+01
2.439999999999999947e-01,1.699781592663958207e+01
2.449999999999999956e-01,1.702333810871331465e+01
2.459999999999999964e-01,1.698802468956990452e+01
2.469999999999999973e-01,1.701531492313932148e+01
2.479999999999999982e-01,1.700826398544095142e+01
2.489999999999999991e-01,1.696344177443898005e+01
2.500000000000000000e-01,1.704067029371742592e+01
2.510000000000000009e-01,1.695623403118479189e+01
2.520000000000000018e-01,1.701154626141438797e+01
2.530000000000000027e-01,1.698000335990388265e+01
2.540000000000000036e-01,1.700367993255537158e+01
2.550000000000000044e-01,1.698447210481421266e+01
2.560000000000000053e-01,1.698305365981924808e+01
2.570000000000000062e-01,1.700729417251415398e+01
2.580000000000000071e-01,1.696677693513707652e+01
2.590000000000000080e-01,1.697296218681019297e+01
2.600000000000000089e-01,1.689608283907382358e+01
2.610000000000000098e-01,1.688930042258024145e+01
2.620000000000000107e-01,1.704989344130743234e+01
2.630000000000000115e-01,1.706474634012774061e+01
2.640000000000000124e-01,1.697169117847602848e+01
2.650000000000000133e-01,1.701827435275416178e+01
2.660000000000000142e-01,1.698017150100026385e+01
2.670000000000000151e-01,1.698766932450547529e+01
2.680000000000000160e-01,1.697424480799163149e+01
2.690000000000000169e-01,1.693653311462745847e+01
2.700000000000000178e-01,1.702782931042114001e+01
2.710000000000000187e-01,1.701406096753501274e+01
2.720000000000000195e-01,1.695677974995409087e+01
2.730000000000000204e-01,1.695816288131996075e+01
2.740000000000000213e-01,1.694388075987164299e+01
2.750000000000000222e-01,1.695622762257626803e+01
2.760000000000000231e-01,1.701939034178172250e+01
2.770000000000000240e-01,1.696363157543236966e+01
2.780000000000000249e-01,1.699872282013994962e+01
2.790000000000000258e-01,1.695739782328594103e+01
2.800000000000000266e-01,1.693011286371635293e+01
2.810000000000000275e-01,1.700801044902630466e+01
2.819999999999999729e-01,1.701518483261694215e+01
2.829999999999999738e-01,1.697326367731181307e+01
2.839999999999999747e-01,1.698700979075593054e+01
2.849999999999999756e-01,1.701926599688589192e+01
2.859999999999999765e-01,1.702756685888754973e+01
2.869999999999999774e-01,1.699413470753255950e+01
2.879999999999999782e-01,1.701090345445945573e+01
2.889999999999999791e-01,1.705682633542601323e+01
2.899999999999999800e-01,1.700695847505053138e+01
2.909999999999999809e-01,1.703867851720699633e+01
2.919999999999999818e-01,1.702275410991046911e+01
2.929999999999999827e-01,1.702023458128842748e+01
2.939999999999999836e-01,1.695813489658950601e+01
2.949999999999999845e-01,1.706708796755996715e+01
2.959999999999999853e-01,1.699745636678149907e+01
2.969999999999999862e-01,1.694745038126661996e+01
2.979999999999999871e-01,1.697341235003344195e+01
2.989999999999999880e-01,1.705296543690722189e+01
2.999999999999999889e-01,1.703840332217244224e+01
3.009999999999999898e-01,1.703949317068004987e+01
3.019999999999999907e-01,1.697517562691196602e+01
3.029999999999999916e-01,1.705157776305038198e+01
3.039999999999999925e-01,1.705566432363881901e+01
3.049999999999999933e-01,1.697558233107791992e+01
3.059999999999999942e-01,1.695426807961588977e+01
3.069999999999999951e-01,1.698580351228119056e+01
3.079999999999999960e-01,1.689799840715241785e+01
3.089999999999999969e-01,1.700834240476774539e+01
3.099999999999999978e-01,1.691945906007601508e+01
3.109999999999999987e-01,1.696519447679512993e+01
3.119999999999999996e-01,1.706388974243198930e+01
3.130000000000000004e-01,1.700172731766968681e+01
3.140000000000000013e-01,1.700138621354020074e+01
3.150000000000000022e-01,1.703126881584540442e+01
3.160000000000000031e-01,1.699195462646977006e+01
3.170000000000000040e-01,1.704345472820783058e+01
3.180000000000000049e-01,1.702663375815573943e+01
3.190000000000000058e-01,1.702551360035214856e+01
3.200000000000000067e-01,1.703584606148502800e+01
3.210000000000000075e-01,1.697589179818596961e+01
3.220000000000000084e-01,1.702247248689429782e+01
3.230000000000000093e-01,1.704098740949429214e+01
3.240000000000000102e-01,1.698353926821818760e+01
3.250000000000000111e-01,1.705639408689221170e+01
3.260000000000000120e-01,1.697271171853786242e+01
3.270000000000000129e-01,1.694081195911309834e+01
3.280000000000000138e-01,1.695542892171446070e+01
3.290000000000000147e-01,1.692645032790225201e+01
3.300000000000000155e-01,1.703539012385691009e+01
3.310000000000000164e-01,1.692828636037603118e+01
3.320000000000000173e-01,1.703196750689910743e+01
3.330000000000000182e-01,1.694275048395239835e+01
3.340000000000000191e-01,1.696815857994845445e+01
3.350000000000000200e-01,1.698972280830249559e+01
3.360000000000000209e-01,1.707391020833434325e+01
3.370000000000000218e-01,1.698914827484847834e+01
3.380000000000000226e-01,1.700842321834251081e+01
3.390000000000000235e-01,1.692295194448900730e+01
3.400000000000000244e-01,1.696497144285182301e+01
3.410000000000000253e-01,1.698620422832726007e+01
3.420000000000000262e-01,1.699585380735337026e+01
3.430000000000000271e-01,1.698103660075755883e+01
3.439999999999999725e-01,1.694255324122595852e+01
3.449999999999999734e-01,1.696944540035276106e+01
3.459999999999999742e-01,1.693459981949148130e+01
3.469999999999999751e-01,1.697749268497359765e+01
3.479999999999999760e-01,1.684958193927591452e+01
3.489999999999999769e-01,1.692460392288694848e+01
3.499999999999999778e-01,1.689998172491432271e+01
3.509999999999999787e-01,1.694899337609643908e+01
3.519999999999999796e-01,1.691186157061516226e+01
3.529999999999999805e-01,1.693702202059612816e+01
3.539999999999999813e-01,1.686158974879633732e+01
3.549999999999999822e-01,1.689072004527567117e+01
3.559999999999999831e-01,1.688738742708381224e+01
3.569999999999999840e-01,1.690966725525026249e+01
3.579999999999999849e-01,1.687499055025345740e+01
3.589999999999999858e-01,1.693418114313193001e+01
3.599999999999999867e-01,1.693324930628992675e+01
3.609999999999999876e-01,1.702023437411298090e+01
3.619999999999999885e-01,1.695776923113461976e+01
3.629999999999999893e-01,1.700710768441564369e+01
3.639999999999999902e-01,1.692626456781180266e+01
3.649999999999999911e-01,1.701569193903664612e+01
3.659999999999999920e-01,1.695088043281903367e+01
3.669999999999999929e-01,1.693318647656947462e+01
3.679999999999999938e-01,1.694574865970513500e+01
3.689999999999999947e-01,1.698481984661773581e+01
3.699999999999999956e-01,1.696761742658757299e+01
3.709999999999999964e-01,1.698382879285311020e+01
3.719999999999999973e-01,1.695308455150766136e+01
3.729999999999999982e-01,1.699388579374012664e+01
3.739999999999999991e-01,1.694814749560097766e+01
3.750000000000000000e-01,1.691176960879651148e+01
3.760000000000000009e-01,1.694576076069110115e+01
3.770000000000000018e-01,1.704717828599738638e+01
3.780000000000000027e-01,1.708286421437000158e+01
3.790000000000000036e-01,1.701851490654439658e+01
3.800000000000000044e-01,1.697773645201286996e+01
3.810000000000000053e-01,1.699020227284794160e+01
3.820000000000000062e-01,1.697373450975817022e+01
3.830000000000000071e-01,1.697859956547836902e+01
3.840000000000000080e-01,1.695702096663467628e+01
3.850000000000000089e-01,1.694213272401867343e+01
3.860000000000000098e-01,1.699428569527445276e+01
3.870000000000000107e-01,1.697824356120461431e+01
3.880000000000000115e-01,1.697629314891225505e+01
3.890000000000000124e-01,1.696952181477590571e+01
3.900000000000000133e-01,1.693057975765773548e+01
3.910000000000000142e-01,1.701819602656216546e+01
3.920000000000000151e-01,1.696983901997997890e+01
3.930000000000000160e-01,1.697101036833745624e+01
3.940000000000000169e-01,1.696227559984817645e+01
3.950000000000000178e-01,1.703265991901806586e+01
3.960000000000000187e-01,1.696159539184948173e+01
3.970000000000000195e-01,1.692087851752518901e+01
3.980000000000000204e-01,1.693794851092079767e+01
3.990000000000000213e-01,1.703150008645711466e+01
4.000000000000000222e-01,1.691349252893224886e+01
4.010000000000000231e-01,1.697807476466347865e+01
4.020000000000000240e-01,1.697729719214114397e+01
4.030000000000000249e-01,1.701092394062126800e+01
4.040000000000000258e-01,1.694708533977822640e+01
4.050000000000000266e-01,1.697947174877201704e+01
4.060000000000000275e-01,1.697804085183651424e+01
4.069999999999999729e-01,1.697445774315125533e+01
4.079999999999999738e-01,1.698612716290038094e+01
4.089999999999999747e-01,1.705194582017997718e+01
4.099999999999999756e-01,1.695241467575765526e+01
4.109999999999999765e-01,1.699720784445912614e+01
4.119999999999999774e-01,1.695589629575090029e+01
4.129999999999999782e-01,1.693369345757485078e+01
4.139999999999999791e-01,1.702921192707608711e+01
4.149999999999999800e-01,1.700437896245056990e+01
4.159999999999999809e-01,1.701257801917793699e+01
4.169999999999999818e-01,1.699112944236738798e+01
4.179999999999999827e-01,1.695586256642555867e+01
4.189999999999999836e-01,1.697875206908091172e+01
4.199999999999999845e-01,1.701453550252508862e+01
4.209999999999999853e-01,1.697736318912258824e+01
4.219999999999999862e-01,1.695212348885254627e+01
4.229999999999999871e-01,1.700222289140655718e+01
4.239999999999999880e-01,1.700840276926450656e+01
4.249999999999999889e-01,1.696140255124330309e+01
4.259999999999999898e-01,1.699119701364559631e+01
4.269999999999999907e-01,1.695057386633910568e+01
4.279999999999999916e-01,1.696995490613830881e+01
4.289999999999999925e-01,1.694579916620331161e+01
4.299999999999999933e-01,1.695767714763178446e+01
4.309999999999999942e-01,1.698222459889377944e+01
4.319999999999999951e-01,1.693553879010868002e+01
4.329999999999999960e-01,1.697897487687456675e+01
4.339999999999999969e-01,1.701964613134243365e+01
4.349999999999999978e-01,1.696361292026606549e+01
4.359999999999999987e-01,1.696683765304307201e+01
4.369999999999999996e-01,1.703786617033083672e+01
4.380000000000000004e-01,1.695850783196646461e+01
4.390000000000000013e-01,1.693514421682074200e+01
4.400000000000000022e-01,1.700194476331934013e+01
4.410000000000000031e-01,1.697125471792173101e+01
4.420000000000000040e-01,1.698182545163948376e+01
4.430000000000000049e-01,1.698182861021764722e+01
4.440000000000000058e-01,1.697392962297006491e+01
4.450000000000000067e-01,1.694919385206411633e+01
4.460000000000000075e-01,1.698759431896274918e+01
4.470000000000000084e-01,1.699571869782338851e+01
4.480000000000000093e-01,1.701557257897254516e+01
4.490000000000000102e-01,1.699813375853933906e+01
4.500000000000000111e-01,1.701841011621060318e+01
4.510000000000000120e-01,1.700934986938874260e+01
4.520000000000000129e-01,1.698885451552397896e+01
4.530000000000000138e-01,1.699655816777487516e+01
4.540000000000000147e-01,1.708358164662838163e+01
4.550000000000000155e-01,1.704072284464066556e+01
4.560000000000000164e-01,1.696322895961987953e+01
4.570000000000000173e-01,1.708602286463435860e+01
4.580000000000000182e-01,1.701830359028347317e+01
4.590000000000000191e-01,1.704162452388576199e+01
4.600000000000000200e-01,1.702448931025920942e+01
4.610000000000000209e-01,1.701645260240571034e+01
4.620000000000000218e-01,1.706973979226917493e+01
4.630000000000000226e-01,1.700472671680039838e+01
4.640000000000000235e-01,1.702998133784270962e+01
4.650000000000000244e-01,1.704079832860023913e+01
4.660000000000000253e-01,1.702964470954241705e+01
4.670000000000000262e-01,1.694588421638335163e+01
4.680000000000000271e-01,1.705967769927488575e+01
4.689999999999999725e-01,1.704599781934503255e+01
4.699999999999999734e-01,1.698384957246847549e+01
4.709999999999999742e-01,1.701722456305230224e+01
4.719999999999999751e-01,1.705090295775049825e+01
4.729999999999999760e-01,1.706259752826978371e+01
4.739999999999999769e-01,1.701642000384399012e+01
4.749999999999999778e-01,1.701566557910852140e+01
4.759999999999999787e-01,1.700186077741527768e+01
4.769999999999999796e-01,1.701674321530200018e+01
4.779999999999999805e-01,1.705881249573103631e+01
4.789999999999999813e-01,1.709781506371412618e+01
4.799999999999999822e-01,1.704713863965091747e+01
4.809999999999999831e-01,1.706570220310090136e+01
4.819999999999999840e-01,1.701808309635470096e+01
4.829999999999999849e-01,1.707602502595661420e+01
4.839999999999999858e-01,1.705500346843416537e+01
4.849999999999999867e-01,1.696337554501856459e+01
4.859999999999999876e-01,1.694717151027844793e+01
4.869999999999999885e-01,1.694030798487399636e+01
4.879999999999999893e-01,1.696668862825877966e+01
4.889999999999999902e-01,1.698531336178813334e+01
4.899999999999999911e-01,1.701806729360703585e+01
4.909999999999999920e-01,1.695528355994672509e+01
4.919999999999999929e-01,1.701307173363812808e+01
4.929999999999999938e-01,1.704629836329952752e+01
4.939999999999999947e-01,1.700202282452535485e+01
4.949999999999999956e-01,1.697442275352095109e+01
4.959999999999999964e-01,1.703849808749777139e+01
4.969999999999999973e-01,1.697329082837814340e+01
4.979999999999999982e-01,1.699331236781126719e+01
4.989999999999999991e-01,1.697346658320541479e+01
5.000000000000000000e-01,1.705466128817222327e+01
5.010000000000000009e-01,1.701807581481300602e+01
5.020000000000000018e-01,1.701610080067973740e+01
5.030000000000000027e-01,1.704889728264953064e+01
5.040000000000000036e-01,1.699894866174403418e+01
5.050000000000000044e-01,1.701401688084133212e+01
5.060000000000000053e-01,1.704488781298625000e+01
5.070000000000000062e-01,1.694711799412683817e+01
5.080000000000000071e-01,1.707594336726799966e+01
5.090000000000000080e-01,1.698448839001381216e+01
5.100000000000000089e-01,1.701721710858739556e+01
5.110000000000000098e-01,1.699941806734290495e+01
5.120000000000000107e-01,1.696108159383050662e+01
5.130000000000000115e-01,1.700467743255687481e+01
5.140000000000000124e-01,1.693049496910312612e+01
5.150000000000000133e-01,1.707846135325997494e+01
5.160000000000000142e-01,1.702205614532898181e+01
5.170000000000000151e-01,1.703515245649485266e+01
5.180000000000000160e-01,1.697405900630087672e+01
5.190000000000000169e-01,1.708509149822494777e+01
5.200000000000000178e-01,1.706013707380913047e+01
5.210000000000000187e-01,1.706264496193271185e+01
5.220000000000000195e-01,1.704609506591928181e+01
5.230000000000000204e-01,1.703341588320474642e+01
5.240000000000000213e-01,1.708095778007480092e+01
5.250000000000000222e-01,1.701080469024378061e+01
5.260000000000000231e-01,1.704688608377059467e+01
5.270000000000000240e-01,1.707691957265495120e+01
5.280000000000000249e-01,1.698221964746915091e+01
5.290000000000000258e-01,1.698391291569849670e+01
5.300000000000000266e-01,1.698472990047147846e+01
5.310000000000000275e-01,1.700847204985049288e+01
5.320000000000000284e-01,1.696089322646955821e+01
5.330000000000000293e-01,1.700161637068801213e+01
5.340000000000000302e-01,1.703341895939568928e+01
5.350000000000000311e-01,1.695199832670873619e+01
5.360000000000000320e-01,1.693028349504424312e+01
5.370000000000000329e-01,1.693824202750197827e+01
5.380000000000000338e-01,1.696944645075025448e+01
5.390000000000000346e-01,1.694472921115112030e+01
5.400000000000000355e-01,1.692808170829930248e+01
5.410000000000000364e-01,1.696705369133386654e+01
5.420000000000000373e-01,1.694573607366223200e+01
5.430000000000000382e-01,1.693895846939512495e+01
5.440000000000000391e-01,1.696767716607256915e+01
5.450000000000000400e-01,1.697857968750089697e+01
5.460000000000000409e-01,1.700645358416874942e+01
5.470000000000000417e-01,1.688219461559267032e+01
5.480000000000000426e-01,1.699267316919975457e+01
5.490000000000000435e-01,1.694848970790441811e+01
5.500000000000000444e-01,1.696308832631686769e+01
5.510000000000000453e-01,1.692953568943446996e+01
5.520000000000000462e-01,1.697460863939497955e+01
5.530000000000000471e-01,1.693015253251922303e+01
5.540000000000000480e-01,1.688584264357868747e+01
5.550000000000000488e-01,1.693552135093683120e+01
5.560000000000000497e-01,1.692854514699436308e+01
5.570000000000000506e-01,1.696525838054966329e+01
5.580000000000000515e-01,1.697888513822479695e+01
5.590000000000000524e-01,1.696078136333378339e+01
5.600000000000000533e-01,1.700413069386627285e+01
5.610000000000000542e-01,1.699966404985532620e+01
5.620000000000000551e-01,1.696933739289686116e+01
5.629999999999999449e-01,1.700265630543449191e+01
5.639999999999999458e-01,1.695049217734012004e+01
5.649999999999999467e-01,1.702956886563452699e+01
5.659999999999999476e-01,1.697677997435638986e+01
5.669999999999999485e-01,1.695744909324777439e+01
5.679999999999999494e-01,1.700556670660699154e+01
5.689999999999999503e-01,1.698732604121951084e+01
5.699999999999999512e-01,1.699289817440054762e+01
5.709999999999999520e-01,1.701284587244362712e+01
5.719999999999999529e-01,1.702576947235806415e+01
5.729999999999999538e-01,1.695862556083454109e+01
5.739999999999999547e-01,1.697033019733215298e+01
5.749999999999999556e-01,1.696795643080308480e+01
5.759999999999999565e-01,1.697847313990192220e+01
5.769999999999999574e-01,1.695958447608094843e+01
5.779999999999999583e-01,1.699899643983235009e+01
5.789999999999999591e-01,1.697971046929895778e+01
5.799999999999999600e-01,1.698429890775188866e+01
5.809999999999999609e-01,1.692301382089238260e+01
5.819999999999999618e-01,1.692004256185836297e+01
5.829999999999999627e-01,1.698865561411880165e+01
5.839999999999999636e-01,1.699274649240638269e+01
5.849999999999999645e-01,1.701975698520708136e+01
5.859999999999999654e-01,1.701215941148731403e+01
5.869999999999999662e-01,1.698805630215349538e+01
5.879999999999999671e-01,1.699830301509404862e+01
5.889999999999999680e-01,1.696192153279907444e+01
5.899999999999999689e-01,1.700970179421281614e+01
5.909999999999999698e-01,1.699937043191965458e+01
5.919999999999999707e-01,1.705876262025648771e+01
5.929999999999999716e-01,1.694853052397380111e+01
5.939999999999999725e-01,1.695296525132322074e+01
5.949999999999999734e-01,1.698534122600109342e+01
5.959999999999999742e-01,1.696950428355542684e+01
5.969999999999999751e-01,1.697440465177088598e+01
5.979999999999999760e-01,1.695791348779484053e+01
5.989999999999999769e-01,1.691319023628859242e+01
5.999999999999999778e-01,1.694812997981921754e+01
6.009999999999999787e-01,1.700126025592363987e+01
6.019999999999999796e-01,1.695202498295337890e+01
6.029999999999999805e-01,1.703921372559963032e+01
6.039999999999999813e-01,1.693589358601541761e+01
6.049999999999999822e-01,1.695398767779141025e+01
6.059999999999999831e-01,1.692066542355620129e+01
6.069999999999999840e-01,1.699539939024553448e+01
6.079999999999999849e-01,1.695312975105218101e+01
6.089999999999999858e-01,1.696970587325594337e+01
6.099999999999999867e-01,1.692073606630711780e+01
6.109999999999999876e-01,1.698227749436050615e+01
6.119999999999999885e-01,1.691082323972643309e+01
6.129999999999999893e-01,1.686030987306772033e+01
6.139999999999999902e-01,1.695885401891352373e+01
6.149999999999999911e-01,1.697540821272913192e+01
6.159999999999999920e-01,1.701518897463122926e+01
6.169999999999999929e-01,1.704110666084625691e+01
6.179999999999999938e-01,1.697889899825506177e+01
6.189999999999999947e-01,1.695746551651084388e+01
6.199999999999999956e-01,1.697859837939566319e+01
6.209999999999999964e-01,1.703115039303413170e+01
6.219999999999999973e-01,1.699275408632742312e+01
6.229999999999999982e-01,1.691981483550560128e+01
6.239999999999999991e-01,1.693494270448110939e+01
6.250000000000000000e-01,1.697828813669286774e+01
6.260000000000000009e-01,1.697448450207463466e+01
6.270000000000000018e-01,1.690341710748111836e+01
6.280000000000000027e-01,1.699905320472412740e+01
6.290000000000000036e-01,1.695638400008913393e+01
6.300000000000000044e-01,1.695262008305239831e+01
6.310000000000000053e-01,1.698588210293509349e+01
6.320000000000000062e-01,1.704905310974225685e+01
6.330000000000000071e-01,1.694015365106846005e+01
6.340000000000000080e-01,1.697773405549472869e+01
6.350000000000000089e-01,1.694504288953648441e+01
6.360000000000000098e-01,1.698850937296636587e+01
6.370000000000000107e-01,1.694028492780164186e+01
6.380000000000000115e-01,1.695215301418055276e+01
6.390000000000000124e-01,1.697622964087626940e+01
6.400000000000000133e-01,1.704727025543291319e+01
6.410000000000000142e-01,1.697981308129895694e+01
6.420000000000000151e-01,1.690022013102103671e+01
6.430000000000000160e-01,1.700157310552017975e+01
6.440000000000000169e-01,1.696115967648030676e+01
6.450000000000000178e-01,1.697512559941426957e+01
6.460000000000000187e-01,1.692253221735380819e+01
6.470000000000000195e-01,1.693205530088982158e+01
6.480000000000000204e-01,1.696421396781502366e+01
6.490000000000000213e-01,1.688730075024767174e+01
6.500000000000000222e-01,1.698996688120712761e+01
6.510000000000000231e-01,1.693743288929648116e+01
6.520000000000000240e-01,1.691372836551149206e+01
6.530000000000000249e-01,1.695752806154750658e+01
6.540000000000000258e-01,1.701224520331341239e+01
6.550000000000000266e-01,1.699243194370792054e+01
6.560000000000000275e-01,1.699721346918565956e+01
6.570000000000000284e-01,1.692502799335591135e+01
6.580000000000000293e-01,1.693256738809571260e+01
6.590000000000000302e-01,1.695485186991466264e+01
6.600000000000000311e-01,1.693798786341217522e+01
6.610000000000000320e-01,1.693477848066229186e+01
6.620000000000000329e-01,1.693025062506388423e+01
6.630000000000000338e-01,1.693957376056303232e+01
6.640000000000000346e-01,1.694286262222515305e+01
6.650000000000000355e-01,1.689405920803904593e+01
6.660000000000000364e-01,1.689573879119462063e+01
6.670000000000000373e-01,1.690260288437104208e+01
6.680000000000000382e-01,1.692329916681703139e+01
6.690000000000000391e-01,1.694794123574090250e+01
6.700000000000000400e-01,1.688979225702982845e+01
6.710000000000000409e-01,1.698421482871778210e+01
6.720000000000000417e-01,1.698336783712811737e+01
6.730000000000000426e-01,1.693293153554833452e+01
6.740000000000000435e-01,1.692220355718002978e+01
6.750000000000000444e-01,1.698600636253297580e+01
6.760000000000000453e-01,1.697898715031467987e+01
6.770000000000000462e-01,1.696328886718966800e+01
6.780000000000000471e-01,1.700823100708835156e+01
6.790000000000000480e-01,1.694684129447105647e+01
6.800000000000000488e-01,1.697343992384462652e+01
6.810000000000000497e-01,1.699777114877175777e+01
6.820000000000000506e-01,1.692269525175099787e+01
6.830000000000000515e-01,1.697339247858809230e+01
6.840000000000000524e-01,1.690157327305538004e+01
6.850000000000000533e-01,1.689371311423941080e+01
6.860000000000000542e-01,1.692248355201111565e+01
6.870000000000000551e-01,1.696363018791647903e+01
6.879999999999999449e-01,1.692909205818874696e+01
6.889999999999999458e-01,1.696337704248276523e+01
6.899999999999999467e-01,1.699904187530805899e+01
6.909999999999999476e-01,1.700612724087877581e+01
6.919999999999999485e-01,1.697781458566735324e+01
6.929999999999999494e-01,1.701097375562703107e+01
6.939999999999999503e-01,1.700318227520168435e+01
6.949999999999999512e-01,1.707559461389168121e+01
6.959999999999999520e-01,1.710514439874738812e+01
6.969999999999999529e-01,1.699290864878610563e+01
6.979999999999999538e-01,1.696643052782459549e+01
6.989999999999999547e-01,1.700160050261010980e+01
6.999999999999999556e-01,1.694692620009848838e+01
7.009999999999999565e-01,1.698741433990733896e+01
7.019999999999999574e-01,1.700324790016662035e+01
7.029999999999999583e-01,1.694934945215378264e+01
7.039999999999999591e-01,1.693036861269352045e+01
7.049999999999999600e-01,1.697584262115743670e+01
7.059999999999999609e-01,1.694597074551581528e+01
7.069999999999999618e-01,1.695591134893023622e+01
7.079999999999999627e-01,1.696911599793468639e+01
7.089999999999999636e-01,1.700678992188664651e+01
7.099999999999999645e-01,1.698772094807930344e+01
7.109999999999999654e-01,1.701138589118173883e+01
7.119999999999999662e-01,1.695280441647405922e+01
7.129999999999999671e-01,1.698247513012133680e+01
7.139999999999999680e-01,1.699879824668900952e+01
7.149999999999999689e-01,1.698970997582214792e+01
7.159999999999999698e-01,1.699115638951043294e+01
7.169999999999999707e-01,1.695097628695720715e+01
7.179999999999999716e-01,1.689938669454353004e+01
7.189999999999999725e-01,1.699390108211602168e+01
7.199999999999999734e-01,1.694824666637271093e+01
7.209999999999999742e-01,1.693700214727129350e+01
7.219999999999999751e-01,1.699756824891884932e+01
7.229999999999999760e-01,1.702391014745481357e+01
7.239999999999999769e-01,1.702843158506319909e+01
7.249999999999999778e-01,1.698368274318416127e+01
7.259999999999999787e-01,1.705049143572240666e+01
7.269999999999999796e-01,1.700319576537910038e+01
7.279999999999999805e-01,1.701950526073396119e+01
7.289999999999999813e-01,1.697260202636991266e+01
7.299999999999999822e-01,1.710934100195618512e+01
7.309999999999999831e-01,1.700485815654453248e+01
7.319999999999999840e-01,1.702964112389285845e+01
7.329999999999999849e-01,1.703355863593646902e+01
7.339999999999999858e-01,1.699391985837607066e+01
7.349999999999999867e-01,1.699552822602649371e+01
7.359999999999999876e-01,1.701163623843413220e+01
7.369999999999999885e-01,1.700584652467381019e+01
7.379999999999999893e-01,1.705002702481817423e+01
7.389999999999999902e-01,1.698743487606892444e+01
7.399999999999999911e-01,1.693633480870067842e+01
7.409999999999999920e-01,1.696951272992421522e+01
7.419999999999999929e-01,1.704079544116331846e+01
7.429999999999999938e-01,1.705428026276642228e+01
7.439999999999999947e-01,1.699282194802013279e+01
7.449999999999999956e-01,1.699409009069364629e+01
7.459999999999999964e-01,1.702788199163041583e+01
7.469999999999999973e-01,1.706186207866748461e+01
7.479999999999999982e-01,1.704043954291558549e+01
7.489999999999999991e-01,1.703216458143958079e+01
7.500000000000000000e-01,1.698531440922905844e+01
7.510000000000000009e-01,1.702814083338207141e+01
7.520000000000000018e-01,1.700417855375881615e+01
7.530000000000000027e-01,1.704121123112733116e+01
7.540000000000000036e-01,1.699536204120610705e+01
7.550000000000000044e-01,1.704660144058296112e+01
7.560000000000000053e-01,1.698564976325215525e+01
7.570000000000000062e-01,1.710152827153152089e+01
7.580000000000000071e-01,1.704084298111179763e+01
7.590000000000000080e-01,1.695711983391855782e+01
7.600000000000000089e-01,1.695546440007509403e+01
7.610000000000000098e-01,1.699832044645394546e+01
7.620000000000000107e-01,1.707212436366888753e+01
7.630000000000000115e-01,1.703910117150547165e+01
7.640000000000000124e-01,1.707289414632919033e+01
7.650000000000000133e-01,1.702483476257538086e+01
7.660000000000000142e-01,1.700541448963197055e+01
7.670000000000000151e-01,1.699832379945367222e+01
7.680000000000000160e-01,1.702771701340321542e+01
7.690000000000000169e-01,1.698147930948347550e+01
7.700000000000000178e-01,1.693890135611428249e+01
7.710000000000000187e-01,1.702080648492931658e+01
7.720000000000000195e-01,1.698588460707812331e+01
7.730000000000000204e-01,1.707638823528075633e+01
7.740000000000000213e-01,1.704303033153032487e+01
7.750000000000000222e-01,1.705773136309290550e+01
7.760000000000000231e-01,1.700114594641907217e+01
7.770000000000000240e-01,1.697026261558441007e+01
7.780000000000000249e-01,1.701079015130136085e+01
7.790000000000000258e-01,1.701417009796740132e+01
7.800000000000000266e-01,1.695882054605969813e+01
7.810000000000000275e-01,1.695637021715275594e+01
7.820000000000000284e-01,1.694006371936178823e+01
7.830000000000000293e-01,1.692871427110415539e+01
7.840000000000000302e-01,1.694979865687804121e+01
7.850000000000000311e-01,1.694279569741550873e+01
7.860000000000000320e-01,1.691958196804272063e+01
7.870000000000000329e-01,1.688059725189264526e+01
7.880000000000000338e-01,1.698588714137110145e+01
7.890000000000000346e-01,1.688589604454994486e+01
7.900000000000000355e-01,1.684634607776079918e+01
7.910000000000000364e-01,1.693220296465998942e+01
7.920000000000000373e-01,1.691632071028239892e+01
7.930000000000000382e-01,1.685412669936787111e+01
7.940000000000000391e-01,1.687938684348488394e+01
7.950000000000000400e-01,1.686518508295013064e+01
7.960000000000000409e-01,1.680464658921509624e+01
7.970000000000000417e-01,1.683218276772869970e+01
7.980000000000000426e-01,1.690699818214787697e+01
7.990000000000000435e-01,1.688665634169222685e+01
8.000000000000000444e-01,1.690038796853320946e+01
8.010000000000000453e-01,1.689911948546684783e+01
8.020000000000000462e-01,1.692604723402059008e+01
8.030000000000000471e-01,1.689130918802814207e+01
8.040000000000000480e-01,1.690787806614697075e+01
8.050000000000000488e-01,1.692115377242238239e+01
8.060000000000000497e-01,1.692760233796300895e+01
8.070000000000000506e-01,1.690666841989088098e+01
8.080000000000000515e-01,1.690125304024462238e+01
8.090000000000000524e-01,1.689795341966091513e+01
8.100000000000000533e-01,1.686041789038577576e+01
8.110000000000000542e-01,1.696953413595246829e+01
8.120000000000000551e-01,1.690147833822543078e+01
8.129999999999999449e-01,1.691047839328569324e+01
8.139999999999999458e-01,1.685439348906061241e+01
8.149999999999999467e-01,1.696131503780402738e+01
8.159999999999999476e-01,1.694721752892271738e+01
8.169999999999999485e-01,1.690482228107975260e+01
8.179999999999999494e-01,1.692654584366964698e+01
8.189999999999999503e-01,1.693763564079654671e+01
8.199999999999999512e-01,1.688347721394676881e+01
8.209999999999999520e-01,1.690169043830344719e+01
8.219999999999999529e-01,1.689884454025269989e+01
8.229999999999999538e-01,1.687923811130322349e+01
8.239999999999999547e-01,1.688306626519941034e+01
8.249999999999999556e-01,1.685820133231147366e+01
8.259999999999999565e-01,1.687676617398815893e+01
8.269999999999999574e-01,1.690488066281991308e+01
8.279999999999999583e-01,1.690842613268043237e+01
8.289999999999999591e-01,1.689813287748704340e+01
8.299999999999999600e-01,1.691565280670213056e+01
8.309999999999999609e-01,1.695158004715446154e+01
8.319999999999999618e-01,1.690685884089144864e+01
8.329999999999999627e-01,1.694115923555753866e+01
8.339999999999999636e-01,1.696409972176088843e+01
8.349999999999999645e-01,1.689930573062209263e+01
8.359999999999999654e-01,1.687984850145284099e+01
8.369999999999999662e-01,1.698971148997109637e+01
8.379999999999999671e-01,1.695802765647464128e+01
8.389999999999999680e-01,1.698594128055073327e+01
8.399999999999999689e-01,1.699206450884570430e+01
8.409999999999999698e-01,1.697579924043499844e+01
8.419999999999999707e-01,1.690990611152247425e+01
8.429999999999999716e-01,1.696913033103059121e+01
8.439999999999999725e-01,1.703659519118694021e+01
8.449999999999999734e-01,1.699799341599580771e+01
8.459999999999999742e-01,1.700091402863682788e+01
8.469999999999999751e-01,1.708360846966158775e+01
8.479999999999999760e-01,1.700501337125712098e+01
8.489999999999999769e-01,1.702491506263912413e+01
8.499999999999999778e-01,1.697444410994970809e+01
8.509999999999999787e-01,1.694930007701984209e+01
8.519999999999999796e-01,1.696520852545758373e+01
8.529999999999999805e-01,1.696496966097892312e+01
8.539999999999999813e-01,1.700624188416303895e+01
8.549999999999999822e-01,1.698654254229829519e+01
8.559999999999999831e-01,1.700729404733675665e+01
8.569999999999999840e-01,1.695104959278967272e+01
8.579999999999999849e-01,1.690345769338144422e+01
8.589999999999999858e-01,1.694424379015767101e+01
8.599999999999999867e-01,1.691274126636717412e+01
8.609999999999999876e-01,1.692437799751807148e+01
8.619999999999999885e-01,1.690567221199542303e+01
8.629999999999999893e-01,1.692340439652947026e+01
8.639999999999999902e-01,1.701268430430346257e+01
8.649999999999999911e-01,1.694059904924260351e+01
8.659999999999999920e-01,1.693224039464834618e+01
8.669999999999999929e-01,1.694397562734553730e+01
8.679999999999999938e-01,1.694373020765297611e+01
8.689999999999999947e-01,1.696481417614845810e+01
8.699999999999999956e-01,1.698783646551077808e+01
8.709999999999999964e-01,1.696971464943000640e+01
8.719999999999999973e-01,1.697177514135132981e+01
8.729999999999999982e-01,1.696452971729679859e+01
8.739999999999999991e-01,1.692073785507535888e+01
8.750000000000000000e-01,1.688647629165031816e+01
8.760000000000000009e-01,1.699272595511926198e+01
8.770000000000000018e-01,1.693694121538742081e+01
8.780000000000000027e-01,1.698066826359205095e+01
8.790000000000000036e-01,1.690762770739810250e+01
8.800000000000000044e-01,1.691752845978425768e+01
8.810000000000000053e-01,1.692966205729258888e+01
8.820000000000000062e-01,1.690075755867070484e+01
8.830000000000000071e-01,1.695165398033609350e+01
8.840000000000000080e-01,1.689344829744732834e+01
8.850000000000000089e-01,1.690787189651924649e+01
8.860000000000000098e-01,1.692142215343040590e+01
8.870000000000000107e-01,1.697590233951090966e+01
8.880000000000000115e-01,1.689027904280953507e+01
8.890000000000000124e-01,1.692851253904333220e+01
8.900000000000000133e-01,1.686884381969784386e+01
8.910000000000000142e-01,1.692404394268479351e+01
8.920000000000000151e-01,1.688378759974823851e+01
8.930000000000000160e-01,1.692523005684709148e+01
8.940000000000000169e-01,1.695890070620001566e+01
8.950000000000000178e-01,1.692340280579187706e+01
8.960000000000000187e-01,1.692902575575700652e+01
8.970000000000000195e-01,1.688659872403221485e+01
8.980000000000000204e-01,1.688423109745008333e+01
8.990000000000000213e-01,1.694725578387016185e+01
9.000000000000000222e-01,1.685554416357009444e+01
9.010000000000000231e-01,1.689440135908417417e+01
9.020000000000000240e-01,1.688440087690641889e+01
9.030000000000000249e-01,1.684867273305642144e+01
9.040000000000000258e-01,1.691066818094616764e+01
9.050000000000000266e-01,1.691054771413914892e+01
9.060000000000000275e-01,1.689745833413133624e+01
9.070000000000000284e-01,1.690930200939705230e+01
9.080000000000000293e-01,1.697948261415908178e+01
9.090000000000000302e-01,1.695656000296208532e+01
9.100000000000000311e-01,1.694414194607128010e+01
9.110000000000000320e-01,1.694812002133929241e+01
9.120000000000000329e-01,1.699158571677716978e+01
9.130000000000000338e-01,1.693965660581137911e+01
9.140000000000000346e-01,1.690290386937451572e+01
9.150000000000000355e-01,1.688383456732314514e+01
9.160000000000000364e-01,1.696981444068343947e+01
9.170000000000000373e-01,1.694003399853027858e+01
9.180000000000000382e-01,1.696080609327502486e+01
9.190000000000000391e-01,1.697684781122820752e+01
9.200000000000000400e-01,1.693396253866297130e+01
9.210000000000000409e-01,1.697253905446576283e+01
9.220000000000000417e-01,1.699790252730942086e+01
9.230000000000000426e-01,1.702415689558016965e+01
9.240000000000000435e-01,1.695649480602623527e+01
9.250000000000000444e-01,1.699773044490530438e+01
9.260000000000000453e-01,1.698030961762513513e+01
9.270000000000000462e-01,1.696886912975446648e+01
9.280000000000000471e-01,1.702112408019743128e+01
9.290000000000000480e-01,1.694157696578135486e+01
9.300000000000000488e-01,1.695851999188456460e+01
9.310000000000000497e-01,1.691751343753493231e+01
9.320000000000000506e-01,1.696095967281529582e+01
9.330000000000000515e-01,1.698332776423682589e+01
9.340000000000000524e-01,1.699175437264405630e+01
9.350000000000000533e-01,1.699824168292408544e+01
9.360000000000000542e-01,1.696733453458093877e+01
9.370000000000000551e-01,1.695892260837696242e+01
9.379999999999999449e-01,1.693126432735633102e+01
9.389999999999999458e-01,1.693188381849263280e+01
9.399999999999999467e-01,1.698745535274854035e+01
9.409999999999999476e-01,1.696255728502417526e+01
9.419999999999999485e-01,1.699394295784888342e+01
9.429999999999999494e-01,1.690204500211018157e+01
9.439999999999999503e-01,1.694953868086659199e+01
9.449999999999999512e-01,1.692934986213423798e+01
9.459999999999999520e-01,1.698040436024968614e+01
9.469999999999999529e-01,1.700587099014622083e+01
9.479999999999999538e-01,1.701941491295472986e+01
9.489999999999999547e-01,1.693185796308642921e+01
9.499999999999999556e-01,1.692538758260694109e+01
9.509999999999999565e-01,1.695890352012981594e+01
9.519999999999999574e-01,1.693421168943553567e+01
9.529999999999999583e-01,1.690741672908546178e+01
9.539999999999999591e-01,1.694219067741179074e+01
9.549999999999999600e-01,1.688315827590982821e+01
9.559999999999999609e-01,1.687683752028226536e+01
9.569999999999999618e-01,1.686226639288143403e+01
9.579999999999999627e-01,1.693180878907908848e+01
9.589999999999999636e-01,1.691256581360787692e+01
9.599999999999999645e-01,1.692060881969884178e+01
9.609999999999999654e-01,1.696164005903906613e+01
9.619999999999999662e-01,1.696885225890344984e+01
9.629999999999999671e-01,1.696263587247638327e+01
9.639999999999999680e-01,1.694662184773238778e+01
9.649999999999999689e-01,1.696624469466630458e+01
9.659999999999999698e-01,1.688670794621573634e+01
9.669999999999999707e-01,1.694883689600844789e+01
9.679999999999999716e-01,1.697935566326131607e+01
9.689999999999999725e-01,1.697754392235476217e+01
9.699999999999999734e-01,1.694604431221521423e+01
9.709999999999999742e-01,1.694341498410338431e+01
9.719999999999999751e-01,1.697371249279192540e+01
9.729999999999999760e-01,1.697658602270517036e+01
9.739999999999999769e-01,1.699759884442234892e+01
9.749999999999999778e-01,1.699929097380456966e+01
9.759999999999999787e-01,1.699890662761989901e+01
9.769999999999999796e-01,1.703902653694922975e+01
9.779999999999999805e-01,1.699133565332052598e+01
9.789999999999999813e-01,1.698257880557580179e+01
9.799999999999999822e-01,1.698089155398587380e+01
9.809999999999999831e-01,1.697685124302785198e+01
9.819999999999999840e-01,1.699272037773316768e+01
9.829999999999999849e-01,1.695491763760670878e+01
9.839999999999999858e-01,1.700000302631487870e+01
9.849999999999999867e-01,1.687444510876472137e+01
9.859999999999999876e-01,1.699638444176732577e+01
9.869999999999999885e-01,1.697320735636924738e+01
9.879999999999999893e-01,1.697420364160435824e+01
9.889999999999999902e-01,1.702814832584995486e+01
9.899999999999999911e-01,1.693102189794970158e+01
9.909999999999999920e-01,1.691544926696753137e+01
9.919999999999999929e-01,1.693730993139949348e+01
9.929999999999999938e-01,1.689559608856109918e+01
9.939999999999999947e-01,1.684941450798678630e+01
9.949999999999999956e-01,1.691343690865877747e+01
9.959999999999999964e-01,1.687103753624012725e+01
9.969999999999999973e-01,1.698853523612145011e+01
9.979999999999999982e-01,1.688811615850806191e+01
9.989999999999999991e-01,1.692228084076346306e+01
1.000000000000000000e+00,1.690865088191417698e+01
1.000999999999999890e+00,1.692749185293204306e+01
1.002000000000000002e+00,1.697730608373491634e+01
1.002999999999999892e+00,1.701102869452047628e+01
1.004000000000000004e+00,1.693498549826523103e+01
1.004999999999999893e+00,1.697119769058278749e+01
1.006000000000000005e+00,1.699060493089275781e+01
1.006999999999999895e+00,1.697758866565309077e+01
1.008000000000000007e+00,1.698799733379925669e+01
1.008999999999999897e+00,1.695973209589706343e+01
1.010000000000000009e+00,1.691559739592365830e+01
1.010999999999999899e+00,1.700594122060232749e+01
1.012000000000000011e+00,1.703640229625970903e+01
1.012999999999999901e+00,1.699347808116583991e+01
1.014000000000000012e+00,1.702150060420063582e+01
1.014999999999999902e+00,1.695626087258625248e+01
1.016000000000000014e+00,1.694695682101703227e+01
1.016999999999999904e+00,1.700600270591542085e+01
1.018000000000000016e+00,1.704013308572459451e+01
1.018999999999999906e+00,1.700602618922594900e+01
1.020000000000000018e+00,1.702387054028239177e+01
1.020999999999999908e+00,1.700492166887305245e+01
1.022000000000000020e+00,1.697003423043701176e+01
1.022999999999999909e+00,1.690367973241774635e+01
1.024000000000000021e+00,1.696177782234005704e+01
1.024999999999999911e+00,1.699422290077623998e+01
1.026000000000000023e+00,1.698459634399959484e+01
1.026999999999999913e+00,1.698996386043031137e+01
1.028000000000000025e+00,1.696708967747825980e+01
1.028999999999999915e+00,1.691684392250619595e+01
1.030000000000000027e+00,1.692652698602817196e+01
1.030999999999999917e+00,1.697303533696896238e+01
1.032000000000000028e+00,1.696994958888951999e+01
1.032999999999999918e+00,1.698545572275022053e+01
1.034000000000000030e+00,1.700176892658859273e+01
1.034999999999999920e+00,1.692146327174613774e+01
1.036000000000000032e+00,1.700089227682508408e+01
1.036999999999999922e+00,1.698587149262425200e+01
1.038000000000000034e+00,1.700705648955587890e+01
1.038999999999999924e+00,1.705285168331619872e+01
1.040000000000000036e+00,1.701350469266732901e+01
1.040999999999999925e+00,1.700850181507421155e+01
1.042000000000000037e+00,1.702261754251007631e+01
1.042999999999999927e+00,1.694660229445865340e+01
1.044000000000000039e+00,1.697398510373773561e+01
1.044999999999999929e+00,1.697765035592479066e+01
1.046000000000000041e+00,1.697391154619812070e+01
1.046999999999999931e+00,1.698837638530914163e+01
1.048000000000000043e+00,1.688888147969298004e+01
1.048999999999999932e+00,1.697207000977228830e+01
1.050000000000000044e+00,1.695866082341042613e+01
1.050999999999999934e+00,1.696559551182535586e+01
1.052000000000000046e+00,1.700832675829513008e+01
1.052999999999999936e+00,1.705258798227486139e+01
1.054000000000000048e+00,1.698931141458857397e+01
1.054999999999999938e+00,1.690941658642306322e+01
1.056000000000000050e+00,1.697272326477122206e+01
1.056999999999999940e+00,1.699677443775637897e+01
1.058000000000000052e+00,1.702868784669764679e+01
1.058999999999999941e+00,1.699884410407357294e+01
1.060000000000000053e+00,1.694874677275918273e+01
1.060999999999999943e+00,1.693272659281199566e+01
1.062000000000000055e+00,1.691170364122148939e+01
1.062999999999999945e+00,1.693192739206656228e+01
1.064000000000000057e+00,1.691669834885998114e+01
1.064999999999999947e+00,1.695986944388904405e+01
1.066000000000000059e+00,1.688656228557955785e+01
1.066999999999999948e+00,1.689217720750844620e+01
1.068000000000000060e+00,1.702874218950847052e+01
1.068999999999999950e+00,1.701923552879356905e+01
1.070000000000000062e+00,1.693647803279958097e+01
1.070999999999999952e+00,1.696888042581362654e+01
1.072000000000000064e+00,1.704057504893910036e+01
1.072999999999999954e+00,1.691485714276987906e+01
1.074000000000000066e+00,1.693796758266126545e+01
1.074999999999999956e+00,1.691812899246724555e+01
1.076000000000000068e+00,1.691034003063512614e+01
1.076999999999999957e+00,1.698840003788907893e+01
1.078000000000000069e+00,1.693068154568608819e+01
1.078999999999999959e+00,1.693404077677878306e+01
1.080000000000000071e+00,1.690552755667820861e+01
1.080999999999999961e+00,1.692786988051226871e+01
1.082000000000000073e+00,1.692564503553727207e+01
1.082999999999999963e+00,1.691645627162424148e+01
1.084000000000000075e+00,1.691853733523730696e+01
1.084999999999999964e+00,1.695429192497828907e+01
1.086000000000000076e+00,1.695390362085525027e+01
1.086999999999999966e+00,1.690534075208004339e+01
1.088000000000000078e+00,1.689540819223991264e+01
1.088999999999999968e+00,1.684195281043474779e+01
1.090000000000000080e+00,1.688934772988135080e+01
1.090999999999999970e+00,1.687647107911292110e+01
1.092000000000000082e+00,1.693492219486623895e+01
1.092999999999999972e+00,1.697620019610510411e+01
1.094000000000000083e+00,1.696884043021139732e+01
1.094999999999999973e+00,1.695038345907741117e+01
1.096000000000000085e+00,1.698164949266956469e+01
1.096999999999999975e+00,1.694789752808558347e+01
1.098000000000000087e+00,1.698528721254011131e+01
1.098999999999999977e+00,1.693972040187019701e+01
1.100000000000000089e+00,1.694079420770538036e+01
1.100999999999999979e+00,1.695198935126737894e+01
1.102000000000000091e+00,1.691818957302489679e+01
1.102999999999999980e+00,1.686284843269879019e+01
1.104000000000000092e+00,1.691033283430824596e+01
1.104999999999999982e+00,1.691763968822775155e+01
1.106000000000000094e+00,1.687600915415717040e+01
1.106999999999999984e+00,1.686887493856742992e+01
1.108000000000000096e+00,1.688200052925193972e+01
1.108999999999999986e+00,1.689575827130120089e+01
1.110000000000000098e+00,1.688751277745115686e+01
1.110999999999999988e+00,1.694147822367279588e+01
1.112000000000000099e+00,1.693492788018082962e+01
1.112999999999999989e+00,1.685056716540323762e+01
1.114000000000000101e+00,1.695865722774469120e+01
1.114999999999999991e+00,1.695146323091649165e+01
1.116000000000000103e+00,1.694665453380260445e+01
1.116999999999999993e+00,1.698674359188771987e+01
1.118000000000000105e+00,1.694988794884304184e+01
1.118999999999999995e+00,1.696633989452566027e+01
1.120000000000000107e+00,1.692124990167448573e+01
1.120999999999999996e+00,1.694998613599424075e+01
1.122000000000000108e+00,1.687669034670620150e+01
1.122999999999999998e+00,1.693008548085631659e+01
1.124000000000000110e+00,1.695184401097270666e+01
1.125000000000000000e+00,1.701194447958540934e+01
1.125999999999999890e+00,1.692050865002514470e+01
1.127000000000000002e+00,1.705404208997758886e+01
1.127999999999999892e+00,1.695569746331071315e+01
1.129000000000000004e+00,1.695675590933282351e+01
1.129999999999999893e+00,1.691882743711796167e+01
1.131000000000000005e+00,1.693771677541390375e+01
1.131999999999999895e+00,1.690700886099181943e+01
1.133000000000000007e+00,1.692599478598620877e+01
1.133999999999999897e+00,1.695653593451079999e+01
1.135000000000000009e+00,1.689209343633099536e+01
1.135999999999999899e+00,1.701150540408720246e+01
1.137000000000000011e+00,1.695740215497299275e+01
1.137999999999999901e+00,1.696122107492404396e+01
1.139000000000000012e+00,1.698950446466714581e+01
1.139999999999999902e+00,1.697491240577416960e+01
1.141000000000000014e+00,1.697681723481985117e+01
1.141999999999999904e+00,1.691115632429046300e+01
1.143000000000000016e+00,1.696879513166467746e+01
1.143999999999999906e+00,1.696767140355837000e+01
1.145000000000000018e+00,1.697104336717898931e+01
1.145999999999999908e+00,1.696260881951540966e+01
1.147000000000000020e+00,1.697008001949520661e+01
1.147999999999999909e+00,1.699204022262837199e+01
1.149000000000000021e+00,1.701801984138516843e+01
1.149999999999999911e+00,1.700887639927782757e+01
1.151000000000000023e+00,1.696683583501826931e+01
1.151999999999999913e+00,1.690787202825807611e+01
1.153000000000000025e+00,1.688589026677654203e+01
1.153999999999999915e+00,1.689255091036346101e+01
1.155000000000000027e+00,1.697355520444306265e+01
1.155999999999999917e+00,1.688430989404245253e+01
1.157000000000000028e+00,1.696563265985002289e+01
1.157999999999999918e+00,1.695926752029706464e+01
1.159000000000000030e+00,1.694377362029709388e+01
1.159999999999999920e+00,1.697727238357722612e+01
1.161000000000000032e+00,1.696928060821639050e+01
1.161999999999999922e+00,1.701983628744536148e+01
1.163000000000000034e+00,1.700478293490757054e+01
1.163999999999999924e+00,1.697766087996564011e+01
1.165000000000000036e+00,1.702792711744306686e+01
1.165999999999999925e+00,1.695424901907037452e+01
1.167000000000000037e+00,1.695761297023697267e+01
1.167999999999999927e+00,1.694060382150579613e+01
1.169000000000000039e+00,1.691306338686224464e+01
1.169999999999999929e+00,1.697652951409593669e+01
1.171000000000000041e+00,1.696338443302077792e+01
1.171999999999999931e+00,1.694222861731540419e+01
1.173000000000000043e+00,1.690478531905316473e+01
1.173999999999999932e+00,1.695472704822457644e+01
1.175000000000000044e+00,1.701921476346075934e+01
1.175999999999999934e+00,1.698200354818244762e+01
1.177000000000000046e+00,1.696528026874337769e+01
1.177999999999999936e+00,1.695818597047810528e+01
1.179000000000000048e+00,1.694276330186919566e+01
1.179999999999999938e+00,1.693582224767809663e+01
1.181000000000000050e+00,1.694034142137980226e+01
1.181999999999999940e+00,1.691745337069658106e+01
1.183000000000000052e+00,1.691828770329627218e+01
1.183999999999999941e+00,1.692155880296033033e+01
1.185000000000000053e+00,1.692409360169289911e+01
1.185999999999999943e+00,1.695663852286124751e+01
1.187000000000000055e+00,1.693371826560407811e+01
1.187999999999999945e+00,1.691681309969374070e+01
1.189000000000000057e+00,1.691519518707300662e+01
1.189999999999999947e+00,1.692856654787510706e+01
1.191000000000000059e+00,1.695665244355330259e+01
1.191999999999999948e+00,1.693800984458076186e+01
1.193000000000000060e+00,1.703818562140631698e+01
1.193999999999999950e+00,1.694863915655027142e+01
1.195000000000000062e+00,1.694793457019638083e+01
1.195999999999999952e+00,1.701062527896038290e+01
1.197000000000000064e+00,1.700218661951141996e+01
1.197999999999999954e+00,1.691765901601853628e+01
1.199000000000000066e+00,1.694812979021585164e+01
1.199999999999999956e+00,1.700206816913333441e+01
1.201000000000000068e+00,1.691183250494238877e+01
1.201999999999999957e+00,1.685685173688449723e+01
1.203000000000000069e+00,1.698377292374571113e+01
1.203999999999999959e+00,1.696681582075089878e+01
1.205000000000000071e+00,1.695972715321071433e+01
1.205999999999999961e+00,1.690640513585753268e+01
1.207000000000000073e+00,1.699799145538524314e+01
1.207999999999999963e+00,1.695027263050452504e+01
1.209000000000000075e+00,1.695752996771165044e+01
1.209999999999999964e+00,1.700581172189893309e+01
1.211000000000000076e+00,1.693653423465538665e+01
1.211999999999999966e+00,1.687778441993604517e+01
1.213000000000000078e+00,1.697814689171866220e+01
1.213999999999999968e+00,1.695538149381798476e+01
1.215000000000000080e+00,1.693598812663563535e+01
1.215999999999999970e+00,1.694051007448979718e+01
1.217000000000000082e+00,1.688693504060536199e+01
1.217999999999999972e+00,1.693859690212388003e+01
1.219000000000000083e+00,1.695383511794158693e+01
1.219999999999999973e+00,1.693501685978664995e+01
1.221000000000000085e+00,1.696388496866237006e+01
1.221999999999999975e+00,1.695832328870269023e+01
1.223000000000000087e+00,1.703854025179512277e+01
1.223999999999999977e+00,1.695946676880820903e+01
1.225000000000000089e+00,1.691464994166784663e+01
1.225999999999999979e+00,1.702434543968972491e+01
1.227000000000000091e+00,1.693569635131381546e+01
1.227999999999999980e+00,1.692598891469326361e+01
1.229000000000000092e+00,1.697596569877032380e+01
1.229999999999999982e+00,1.697269062978529064e+01
1.231000000000000094e+00,1.697246166662322509e+01
1.231999999999999984e+00,1.698514584175253717e+01
1.233000000000000096e+00,1.695548728768787683e+01
1.233999999999999986e+00,1.696234653105146606e+01
1.235000000000000098e+00,1.701271501761596738e+01
1.235999999999999988e+00,1.696473804981864930e+01
1.237000000000000099e+00,1.692579171785833125e+01
1.237999999999999989e+00,1.702501656415346787e+01
1.239000000000000101e+00,1.700076289152793407e+01
1.239999999999999991e+00,1.696019949567977747e+01
1.241000000000000103e+00,1.699012944439255435e+01
1.241999999999999993e+00,1.699570428437099423e+01
1.243000000000000105e+00,1.696866297278478797e+01
1.243999999999999995e+00,1.694438114080025315e+01
1.245000000000000107e+00,1.698098671207412025e+01
1.245999999999999996e+00,1.698687586008139760e+01
1.247000000000000108e+00,1.695322112217931831e+01
1.247999999999999998e+00,1.697310359089895471e+01
1.249000000000000110e+00,1.697757725428655817e+01
1.250000000000000000e+00,1.692300263153292406e+01
1.250999999999999890e+00,1.691577555595110383e+01
1.252000000000000002e+00,1.687670078529602691e+01
1.252999999999999892e+00,1.691556517032110918e+01
1.254000000000000004e+00,1.694926453734350957e+01
1.254999999999999893e+00,1.686250663424481289e+01
1.256000000000000005e+00,1.687972844562165875e+01
1.256999999999999895e+00,1.689203668677889070e+01
1.258000000000000007e+00,1.687131596127169431e+01
1.258999999999999897e+00,1.688681853265358157e+01
1.260000000000000009e+00,1.692625653439619882e+01
1.260999999999999899e+00,1.698372102046027976e+01
1.262000000000000011e+00,1.691427551700482823e+01
1.262999999999999901e+00,1.698997057469405902e+01
1.264000000000000012e+00,1.696487958214826364e+01
1.264999999999999902e+00,1.697326292427629824e+01
1.266000000000000014e+00,1.695633430658307716e+01
1.266999999999999904e+00,1.690648523514166968e+01
1.268000000000000016e+00,1.693520268397230666e+01
1.268999999999999906e+00,1.688117171475124323e+01
1.270000000000000018e+00,1.692263979627746551e+01
1.270999999999999908e+00,1.688582579842017140e+01
1.272000000000000020e+00,1.695556782977592647e+01
1.272999999999999909e+00,1.688356387862917529e+01
1.274000000000000021e+00,1.691518404299970513e+01
1.274999999999999911e+00,1.686033587341963269e+01
1.276000000000000023e+00,1.685087543311954406e+01
1.276999999999999913e+00,1.699028834891596773e+01
1.278000000000000025e+00,1.693634263528939954e+01
1.278999999999999915e+00,1.702787956922387025e+01
1.280000000000000027e+00,1.694505823613603823e+01
1.280999999999999917e+00,1.700540086843256660e+01
1.282000000000000028e+00,1.695461929572682180e+01
1.282999999999999918e+00,1.695907123572710162e+01
1.284000000000000030e+00,1.700119353486960350e+01
1.284999999999999920e+00,1.695075475701616341e+01
1.286000000000000032e+00,1.692573618786163436e+01
1.286999999999999922e+00,1.697146664708784769e+01
1.288000000000000034e+00,1.701604285177032949e+01
1.288999999999999924e+00,1.693547208087210976e+01
1.290000000000000036e+00,1.697079954874410745e+01
1.290999999999999925e+00,1.694519152785647265e+01
1.292000000000000037e+00,1.693733155387679901e+01
1.292999999999999927e+00,1.699121167868009508e+01
1.294000000000000039e+00,1.697599927883894821e+01
1.294999999999999929e+00,1.693667003663298232e+01
1.296000000000000041e+00,1.697788510394590844e+01
1.296999999999999931e+00,1.695253082052534310e+01
1.298000000000000043e+00,1.696576390779582866e+01
1.298999999999999932e+00,1.696273499272013296e+01
1.300000000000000044e+00,1.693421366426646202e+01
1.300999999999999934e+00,1.689605840524912850e+01
1.302000000000000046e+00,1.691258672878513281e+01
1.302999999999999936e+00,1.694382550047755132e+01
1.304000000000000048e+00,1.694595933419540756e+01
1.304999999999999938e+00,1.693333481348949476e+01
1.306000000000000050e+00,1.693072521849774148e+01
1.306999999999999940e+00,1.700990963192596084e+01
1.308000000000000052e+00,1.694305442027635777e+01
1.308999999999999941e+00,1.696094482700618755e+01
1.310000000000000053e+00,1.690409816969365409e+01
1.310999999999999943e+00,1.697133278604914608e+01
1.312000000000000055e+00,1.701024369969412220e+01
1.312999999999999945e+00,1.693099528765415229e+01
1.314000000000000057e+00,1.689034719492451231e+01
1.314999999999999947e+00,1.699522101667520246e+01
1.316000000000000059e+00,1.692223272118912192e+01
1.316999999999999948e+00,1.694079716272549518e+01
1.318000000000000060e+00,1.698796208477956071e+01
1.318999999999999950e+00,1.695418153619164769e+01
1.320000000000000062e+00,1.697116070647199848e+01
1.320999999999999952e+00,1.698008276844986142e+01
1.322000000000000064e+00,1.692986614938137180e+01
1.322999999999999954e+00,1.698095928284246625e+01
1.324000000000000066e+00,1.705570406165415775e+01
1.324999999999999956e+00,1.690644370354231540e+01
1.326000000000000068e+00,1.703178099657948508e+01
1.326999999999999957e+00,1.692424973886324224e+01
1.328000000000000069e+00,1.694029961422526398e+01
1.328999999999999959e+00,1.699470597464073407e+01
1.330000000000000071e+00,1.697303181753067491e+01
1.330999999999999961e+00,1.695842271831163828e+01
1.332000000000000073e+00,1.699685615647761239e+01
1.332999999999999963e+00,1.691705646410986574e+01
1.334000000000000075e+00,1.699833761529324150e+01
1.334999999999999964e+00,1.694871963117241265e+01
1.336000000000000076e+00,1.695795591296710825e+01
1.336999999999999966e+00,1.697094001495636206e+01
1.338000000000000078e+00,1.696161387921643637e+01
1.338999999999999968e+00,1.700262210708375932e+01
1.340000000000000080e+00,1.695421089225081346e+01
1.340999999999999970e+00,1.696878327849190526e+01
1.342000000000000082e+00,1.692797403673124990e+01
1.342999999999999972e+00,1.698131009328491103e+01
1.344000000000000083e+00,1.701914560355805150e+01
1.344999999999999973e+00,1.691405106318647000e+01
1.346000000000000085e+00,1.693178354301886657e+01
1.346999999999999975e+00,1.693026130227302062e+01
1.348000000000000087e+00,1.695184508916844734e+01
1.348999999999999977e+00,1.699543644575972934e+01
1.350000000000000089e+00,1.701282277974466695e+01
1.350999999999999979e+00,1.694797746306960917e+01
1.352000000000000091e+00,1.696581606447716695e+01
1.352999999999999980e+00,1.693973787163584177e+01
1.354000000000000092e+00,1.695649513235829176e+01
1.354999999999999982e+00,1.693661661931282580e+01
1.356000000000000094e+00,1.701903050855495891e+01
1.356999999999999984e+00,1.696636666991203057e+01
1.358000000000000096e+00,1.696476108079298228e+01
1.358999999999999986e+00,1.697815760102346161e+01
1.360000000000000098e+00,1.695869749873462951e+01
1.360999999999999988e+00,1.693081341183009769e+01
1.362000000000000099e+00,1.693074661532573089e+01
1.362999999999999989e+00,1.696044247740091038e+01
1.364000000000000101e+00,1.702571365261349357e+01
1.364999999999999991e+00,1.697781236702499541e+01
1.366000000000000103e+00,1.697297872410183572e+01
1.366999999999999993e+00,1.692724023220758411e+01
1.368000000000000105e+00,1.692095802902827373e+01
1.368999999999999995e+00,1.696424803702368678e+01
1.370000000000000107e+00,1.691084777562160824e+01
1.370999999999999996e+00,1.693107187741387776e+01
1.372000000000000108e+00,1.697555584560625874e+01
1.372999999999999998e+00,1.693816321448431239e+01
1.374000000000000110e+00,1.696353044772013163e+01
1.375000000000000000e+00,1.699745741979792513e+01
1.375999999999999890e+00,1.700047631175056750e+01
1.377000000000000002e+00,1.700291177461433278e+01
1.377999999999999892e+00,1.698381319232837328e+01
1.379000000000000004e+00,1.696508040564082265e+01
1.379999999999999893e+00,1.705592964300240411e+01
1.381000000000000005e+00,1.695067040617031040e+01
1.381999999999999895e+00,1.699224286187479294e+01
1.383000000000000007e+00,1.699663335372443385e+01
1.383999999999999897e+00,1.697007255407340409e+01
1.385000000000000009e+00,1.697978522096202880e+01
1.385999999999999899e+00,1.690951989517937193e+01
1.387000000000000011e+00,1.695695926728130232e+01
1.387999999999999901e+00,1.703289488750621672e+01
1.389000000000000012e+00,1.698098661367052031e+01
1.389999999999999902e+00,1.694849591291265156e+01
1.391000000000000014e+00,1.702276885406524798e+01
1.391999999999999904e+00,1.695986599538992934e+01
1.393000000000000016e+00,1.697493870665604376e+01
1.393999999999999906e+00,1.697400662715500630e+01
1.395000000000000018e+00,1.696594085234437799e+01
1.395999999999999908e+00,1.699459038067941918e+01
1.397000000000000020e+00,1.700408944041356207e+01
1.397999999999999909e+00,1.700721094897307850e+01
1.399000000000000021e+00,1.706040016773739154e+01
1.399999999999999911e+00,1.701644936645990569e+01
1.401000000000000023e+00,1.700610701323414986e+01
1.401999999999999913e+00,1.694698535898153580e+01
1.403000000000000025e+00,1.698082819712486113e+01
1.403999999999999915e+00,1.699636473384905244e+01
1.405000000000000027e+00,1.694071252076437872e+01
1.405999999999999917e+00,1.696675945454203216e+01
1.407000000000000028e+00,1.699723129560541679e+01
1.407999999999999918e+00,1.697846129989979147e+01
1.409000000000000030e+00,1.696945006090838959e+01
1.409999999999999920e+00,1.700058665167830085e+01
1.411000000000000032e+00,1.696953143376679662e+01
1.411999999999999922e+00,1.692808160166808307e+01
1.413000000000000034e+00,1.693804897088022088e+01
1.413999999999999924e+00,1.693261953067705861e+01
1.415000000000000036e+00,1.693197720604114664e+01
1.415999999999999925e+00,1.695025854555363409e+01
1.417000000000000037e+00,1.693980183825031105e+01
1.417999999999999927e+00,1.691922107782484375e+01
1.419000000000000039e+00,1.697541297295978069e+01
1.419999999999999929e+00,1.696026346586724287e+01
1.421000000000000041e+00,1.701771536079464653e+01
1.421999999999999931e+00,1.690549316847294392e+01
1.423000000000000043e+00,1.692259251022937860e+01
1.423999999999999932e+00,1.694893140275159737e+01
1.425000000000000044e+00,1.696599099527293220e+01
1.425999999999999934e+00,1.698305405063180373e+01
1.427000000000000046e+00,1.698008923720737329e+01
1.427999999999999936e+00,1.702826925150467474e+01
1.429000000000000048e+00,1.704657458854449459e+01
1.429999999999999938e+00,1.701433808393893088e+01
1.431000000000000050e+00,1.697933936934085608e+01
1.431999999999999940e+00,1.702833110469171984e+01
1.433000000000000052e+00,1.699440716228357573e+01
1.433999999999999941e+00,1.695181454752692574e+01
1.435000000000000053e+00,1.699337131457825834e+01
1.435999999999999943e+00,1.691211620949198746e+01
1.437000000000000055e+00,1.694125771033937156e+01
1.437999999999999945e+00,1.694818795877284501e+01
1.439000000000000057e+00,1.697583849541368295e+01
1.439999999999999947e+00,1.695252877970033012e+01
1.441000000000000059e+00,1.695779083235770557e+01
1.441999999999999948e+00,1.693934660989943808e+01
1.443000000000000060e+00,1.696744092955668037e+01
1.443999999999999950e+00,1.700242591277399029e+01
1.445000000000000062e+00,1.696512968599038373e+01
1.445999999999999952e+00,1.703069375131056518e+01
1.447000000000000064e+00,1.694590131258477328e+01
1.447999999999999954e+00,1.696372773272362622e+01
1.449000000000000066e+00,1.697743715932276842e+01
1.449999999999999956e+00,1.700918037692505891e+01
1.451000000000000068e+00,1.703989408216909851e+01
1.451999999999999957e+00,1.700140009530526797e+01
1.453000000000000069e+00,1.700631128995894770e+01
1.453999999999999959e+00,1.694091633893373583e+01
1.455000000000000071e+00,1.704378191130223286e+01
1.455999999999999961e+00,1.703801421629825086e+01
1.457000000000000073e+00,1.699096693437825323e+01
1.457999999999999963e+00,1.698983591056519771e+01
1.459000000000000075e+00,1.694618989839167966e+01
1.459999999999999964e+00,1.689765578614671426e+01
1.461000000000000076e+00,1.693294568391628374e+01
1.461999999999999966e+00,1.697081947155859893e+01
1.463000000000000078e+00,1.697301187056620364e+01
1.463999999999999968e+00,1.701373395740652228e+01
1.465000000000000080e+00,1.694238837612897441e+01
1.465999999999999970e+00,1.695339159494812975e+01
1.467000000000000082e+00,1.693070465648592915e+01
1.467999999999999972e+00,1.696781987716947881e+01
1.469000000000000083e+00,1.697045531812212005e+01
1.469999999999999973e+00,1.695517299905579023e+01
1.471000000000000085e+00,1.695815446056926135e+01
1.471999999999999975e+00,1.687590480779362068e+01
1.473000000000000087e+00,1.693950532494988437e+01
1.473999999999999977e+00,1.701655404776036917e+01
1.475000000000000089e+00,1.692450221750611306e+01
1.475999999999999979e+00,1.693059234888814402e+01
1.477000000000000091e+00,1.692674028999513069e+01
1.477999999999999980e+00,1.698993083031883700e+01
1.479000000000000092e+00,1.695050751051013194e+01
1.479999999999999982e+00,1.698995463569595543e+01
1.481000000000000094e+00,1.692745363574918471e+01
1.481999999999999984e+00,1.697365564232623925e+01
1.483000000000000096e+00,1.689226144621059333e+01
1.483999999999999986e+00,1.694291938792443020e+01
1.485000000000000098e+00,1.697308304777861565e+01
1.485999999999999988e+00,1.698377810294582702e+01
1.487000000000000099e+00,1.701262221348168779e+01
1.487999999999999989e+00,1.697514360821905299e+01
1.489000000000000101e+00,1.699981040385203457e+01
1.489999999999999991e+00,1.703785694802101602e+01
1.491000000000000103e+00,1.701465211153591284e+01
1.491999999999999993e+00,1.703212853331314136e+01
1.493000000000000105e+00,1.699150686041324221e+01
1.493999999999999995e+00,1.697654694028965494e+01
1.495000000000000107e+00,1.694618730884251079e+01
1.495999999999999996e+00,1.695248783015827954e+01
1.497000000000000108e+00,1.699276764843374465e+01
1.497999999999999998e+00,1.694122382211840971e+01
1.499000000000000110e+00,1.690725118993676546e+01
1.500000000000000000e+00,1.697035650142055729e+01
1.500999999999999890e+00,1.705089364765850135e+01
1.502000000000000002e+00,1.691173808174516680e+01
1.502999999999999892e+00,1.688130023015395764e+01
1.504000000000000004e+00,1.694516236600325954e+01
1.504999999999999893e+00,1.693349045496781358e+01
1.506000000000000005e+00,1.695312911338184136e+01
1.506999999999999895e+00,1.699097617142020056e+01
1.508000000000000007e+00,1.691187564045816316e+01
1.508999999999999897e+00,1.692975830662032521e+01
1.510000000000000009e+00,1.704188228809985262e+01
1.510999999999999899e+00,1.701143151791640662e+01
1.512000000000000011e+00,1.697785869246159507e+01
1.512999999999999901e+00,1.698725067663048804e+01
1.514000000000000012e+00,1.694381229404498512e+01
1.514999999999999902e+00,1.697328602185780255e+01
1.516000000000000014e+00,1.695236220834343754e+01
1.516999999999999904e+00,1.696787198226440552e+01
1.518000000000000016e+00,1.704940462204089613e+01
1.518999999999999906e+00,1.704163024216063604e+01
1.520000000000000018e+00,1.695622688908101949e+01
1.520999999999999908e+00,1.694758775918841920e+01
1.522000000000000020e+00,1.689952971912618551e+01
1.522999999999999909e+00,1.689810443416872587e+01
1.524000000000000021e+00,1.686779933712514534e+01
1.524999999999999911e+00,1.692411445732188824e+01
1.526000000000000023e+00,1.682520944156809506e+01
1.526999999999999913e+00,1.692844906036452812e+01
1.528000000000000025e+00,1.693485080362863471e+01
1.528999999999999915e+00,1.695421552476847538e+01
1.530000000000000027e+00,1.698065345661771630e+01
1.530999999999999917e+00,1.693387287629738225e+01
1.532000000000000028e+00,1.695474865251851426e+01
1.532999999999999918e+00,1.696618608654729954e+01
1.534000000000000030e+00,1.692203608121037206e+01
1.534999999999999920e+00,1.697100061369675217e+01
1.536000000000000032e+00,1.697101284408019239e+01
1.536999999999999922e+00,1.695831513397814660e+01
1.538000000000000034e+00,1.697224097562187950e+01
1.538999999999999924e+00,1.691763833113990501e+01
1.540000000000000036e+00,1.698446059592818358e+01
1.540999999999999925e+00,1.695698818001007524e+01
1.542000000000000037e+00,1.692929573154968281e+01
1.542999999999999927e+00,1.702678531118797167e+01
1.544000000000000039e+00,1.699935027807533672e+01
1.544999999999999929e+00,1.701208912061361644e+01
1.546000000000000041e+00,1.704810306806249898e+01
1.546999999999999931e+00,1.708264170597109199e+01
1.548000000000000043e+00,1.707585785361466790e+01
1.548999999999999932e+00,1.700626929221227357e+01
1.550000000000000044e+00,1.701191503710424513e+01
1.550999999999999934e+00,1.698118761307557634e+01
1.552000000000000046e+00,1.699000765362148258e+01
1.552999999999999936e+00,1.695775504056386751e+01
1.554000000000000048e+00,1.697982888749332275e+01
1.554999999999999938e+00,1.702382276516610204e+01
1.556000000000000050e+00,1.698842697433703819e+01
1.556999999999999940e+00,1.703774927637738656e+01
1.558000000000000052e+00,1.696542193598567749e+01
1.558999999999999941e+00,1.693977806467579938e+01
1.560000000000000053e+00,1.687740767942351994e+01
1.560999999999999943e+00,1.697602785320433938e+01
1.562000000000000055e+00,1.701354688382778235e+01
1.562999999999999945e+00,1.686717603535980103e+01
1.564000000000000057e+00,1.692706075315876291e+01
1.564999999999999947e+00,1.691082627376380287e+01
1.566000000000000059e+00,1.690075063632666286e+01
1.566999999999999948e+00,1.696508807094397397e+01
1.568000000000000060e+00,1.691151741459282576e+01
1.568999999999999950e+00,1.689616539703619580e+01
1.570000000000000062e+00,1.692970556253434111e+01
1.570999999999999952e+00,1.692728587682913499e+01
1.572000000000000064e+00,1.695009748232596891e+01
1.572999999999999954e+00,1.698247306944526258e+01
1.574000000000000066e+00,1.693341389825750909e+01
1.574999999999999956e+00,1.695828752031694009e+01
1.576000000000000068e+00,1.699722306831960594e+01
1.576999999999999957e+00,1.700454822397339072e+01
1.578000000000000069e+00,1.693817375368939082e+01
1.578999999999999959e+00,1.701977212505535419e+01
1.580000000000000071e+00,1.694695717819890390e+01
1.580999999999999961e+00,1.697039997466684724e+01
1.582000000000000073e+00,1.699620204593094286e+01
1.582999999999999963e+00,1.692909870009230744e+01
1.584000000000000075e+00,1.702433826948988838e+01
1.584999999999999964e+00,1.700966168500419684e+01
1.586000000000000076e+00,1.700677365047443956e+01
1.586999999999999966e+00,1.703909514620166021e+01
1.588000000000000078e+00,1.705058150284708418e+01
1.588999999999999968e+00,1.703988583253644862e+01
1.590000000000000080e+00,1.707129464459325874e+01
1.590999999999999970e+00,1.695847855514615787e+01
1.592000000000000082e+00,1.697789903679386825e+01
1.592999999999999972e+00,1.697724154201504376e+01
1.594000000000000083e+00,1.704495268609644043e+01
1.594999999999999973e+00,1.697216463526738650e+01
1.596000000000000085e+00,1.699544038168133042e+01
1.596999999999999975e+00,1.699624604160696961e+01
1.598000000000000087e+00,1.694463886531439911e+01
1.598999999999999977e+00,1.695509342142450748e+01
1.600000000000000089e+00,1.697794921725341055e+01
1.600999999999999979e+00,1.690770947567643034e+01
1.602000000000000091e+00,1.702016067038094960e+01
1.602999999999999980e+00,1.697209647447038705e+01
1.604000000000000092e+00,1.700711117727854571e+01
1.604999999999999982e+00,1.695564958842141579e+01
1.606000000000000094e+00,1.696620208158959642e+01
1.606999999999999984e+00,1.703271146673000302e+01
1.608000000000000096e+00,1.700181205515216476e+01
1.608999999999999986e+00,1.705607137143211816e+01
1.610000000000000098e+00,1.694018129963935593e+01
1.610999999999999988e+00,1.692613615467448085e+01
1.612000000000000099e+00,1.695400880316282510e+01
1.612999999999999989e+00,1.691120035286023793e+01
1.614000000000000101e+00,1.692459326341489856e+01
1.614999999999999991e+00,1.693290606155228062e+01
1.616000000000000103e+00,1.704644170133353498e+01
1.616999999999999993e+00,1.698655558213686945e+01
1.618000000000000105e+00,1.699224733603804083e+01
1.618999999999999995e+00,1.694167043223649571e+01
1.620000000000000107e+00,1.690674097591185898e+01
1.620999999999999996e+00,1.693990011306122767e+01
1.622000000000000108e+00,1.686922462890127861e+01
1.622999999999999998e+00,1.691435856464676846e+01
1.624000000000000110e+00,1.684443070978563028e+01
1.625000000000000000e+00,1.687975179942995041e+01
1.625999999999999890e+00,1.694800532189747599e+01
1.627000000000000002e+00,1.694580674422274313e+01
1.627999999999999892e+00,1.698185926072015661e+01
1.629000000000000004e+00,1.688433480148178845e+01
1.629999999999999893e+00,1.698938685062756093e+01
1.631000000000000005e+00,1.691769097510983499e+01
1.631999999999999895e+00,1.689442193149163884e+01
1.633000000000000007e+00,1.706075782195087243e+01
1.633999999999999897e+00,1.690885675630801899e+01
1.635000000000000009e+00,1.689546350109940676e+01
1.635999999999999899e+00,1.696833230680230997e+01
1.637000000000000011e+00,1.705273724194517371e+01
1.637999999999999901e+00,1.697080554890756687e+01
1.639000000000000012e+00,1.692230145962593468e+01
1.639999999999999902e+00,1.698584146905888304e+01
1.641000000000000014e+00,1.695629587693828455e+01
1.641999999999999904e+00,1.694137377088454244e+01
1.643000000000000016e+00,1.691276032953193820e+01
1.643999999999999906e+00,1.695249126207112056e+01
1.645000000000000018e+00,1.693042291234063867e+01
1.645999999999999908e+00,1.692808202284971131e+01
1.647000000000000020e+00,1.698840775527793312e+01
1.647999999999999909e+00,1.692219983413566808e+01
1.649000000000000021e+00,1.693187016219433616e+01
1.649999999999999911e+00,1.696619999151432978e+01
1.651000000000000023e+00,1.698758121126954279e+01
1.651999999999999913e+00,1.688671349913853703e+01
1.653000000000000025e+00,1.693126737241003354e+01
1.653999999999999915e+00,1.699938269556157877e+01
1.655000000000000027e+00,1.692818190443902182e+01
1.655999999999999917e+00,1.689734770647460493e+01
1.657000000000000028e+00,1.689269721735933771e+01
1.657999999999999918e+00,1.693255178364443481e+01
1.659000000000000030e+00,1.696853785344652366e+01
1.659999999999999920e+00,1.698200730434585992e+01
1.661000000000000032e+00,1.685865813517589729e+01
1.661999999999999922e+00,1.700168717733048140e+01
1.663000000000000034e+00,1.693391939736214624e+01
1.663999999999999924e+00,1.700214365826398222e+01
1.665000000000000036e+00,1.704642616673044486e+01
1.665999999999999925e+00,1.694738014943407123e+01
1.667000000000000037e+00,1.689985346345871520e+01
1.667999999999999927e+00,1.703581640327728053e+01
1.669000000000000039e+00,1.701019937516932856e+01
1.669999999999999929e+00,1.696199257868854104e+01
1.671000000000000041e+00,1.699541657862510036e+01
1.671999999999999931e+00,1.693011057518143403e+01
1.673000000000000043e+00,1.693902341453558691e+01
1.673999999999999932e+00,1.691152699862180953e+01
1.675000000000000044e+00,1.694684705873878627e+01
1.675999999999999934e+00,1.689408046803555408e+01
1.677000000000000046e+00,1.686621692787352345e+01
1.677999999999999936e+00,1.699476912073595614e+01
1.679000000000000048e+00,1.695476938048149407e+01
1.679999999999999938e+00,1.696751760747934767e+01
1.681000000000000050e+00,1.693244756265643503e+01
1.681999999999999940e+00,1.688766272323517370e+01
1.683000000000000052e+00,1.692038435039402344e+01
1.683999999999999941e+00,1.687147629878117527e+01
1.685000000000000053e+00,1.700641986600236777e+01
1.685999999999999943e+00,1.695138973198993071e+01
1.687000000000000055e+00,1.698401772975551438e+01
1.687999999999999945e+00,1.696226628789426627e+01
1.689000000000000057e+00,1.694066514639173704e+01
1.689999999999999947e+00,1.694112887750658558e+01
1.691000000000000059e+00,1.696259984923253228e+01
1.691999999999999948e+00,1.697907180167556618e+01
1.693000000000000060e+00,1.697126025929621562e+01
1.693999999999999950e+00,1.696425865956351231e+01
1.695000000000000062e+00,1.690042630339498331e+01
1.695999999999999952e+00,1.698005664240013601e+01
1.697000000000000064e+00,1.693080363911688835e+01
1.697999999999999954e+00,1.694810118125502285e+01
1.699000000000000066e+00,1.702084917521196417e+01
1.699999999999999956e+00,1.705822866406757043e+01
1.701000000000000068e+00,1.702631003436631829e+01
1.701999999999999957e+00,1.701568682017338929e+01
1.703000000000000069e+00,1.707288500853449875e+01
1.703999999999999959e+00,1.705517333215505715e+01
1.705000000000000071e+00,1.705586204209337353e+01
1.705999999999999961e+00,1.697803670335719062e+01
1.707000000000000073e+00,1.699707875781466981e+01
1.707999999999999963e+00,1.699101901428046801e+01
1.709000000000000075e+00,1.704492442250766970e+01
1.709999999999999964e+00,1.698922668693460736e+01
1.711000000000000076e+00,1.701068659853757126e+01
1.711999999999999966e+00,1.698232823124950741e+01
1.713000000000000078e+00,1.697121685788808421e+01
1.713999999999999968e+00,1.694003442921603053e+01
1.715000000000000080e+00,1.702507027831881103e+01
1.715999999999999970e+00,1.704654871994983267e+01
1.717000000000000082e+00,1.704319557534078911e+01
1.717999999999999972e+00,1.712622902377365008e+01
1.719000000000000083e+00,1.699667473756397129e+01
1.719999999999999973e+00,1.704545874409595996e+01
1.721000000000000085e+00,1.704229871556220743e+01
1.721999999999999975e+00,1.702185012051409529e+01
1.723000000000000087e+00,1.701503280625705017e+01
1.723999999999999977e+00,1.703283797463589266e+01
1.725000000000000089e+00,1.705955703124245915e+01
1.725999999999999979e+00,1.703133786941739203e+01
1.727000000000000091e+00,1.698615707801813457e+01
1.727999999999999980e+00,1.705823463139456564e+01
1.729000000000000092e+00,1.702399982242401322e+01
1.729999999999999982e+00,1.698518588479598890e+01
1.731000000000000094e+00,1.700092117916788226e+01
1.731999999999999984e+00,1.698997270022492856e+01
1.733000000000000096e+00,1.702926218150056670e+01
1.733999999999999986e+00,1.703452133531142820e+01
1.735000000000000098e+00,1.698514150327335415e+01
1.735999999999999988e+00,1.700690140262446448e+01
1.737000000000000099e+00,1.700252825640473731e+01
1.737999999999999989e+00,1.700648249040044035e+01
1.739000000000000101e+00,1.696187951343648947e+01
1.739999999999999991e+00,1.700494340588068098e+01
1.741000000000000103e+00,1.706228793645390951e+01
1.741999999999999993e+00,1.702172138791767964e+01
1.743000000000000105e+00,1.712194890819115400e+01
1.743999999999999995e+00,1.706550093134839940e+01
1.745000000000000107e+00,1.705565572116376671e+01
1.745999999999999996e+00,1.699246504490425735e+01
1.747000000000000108e+00,1.699412813028551028e+01
1.747999999999999998e+00,1.702887699106637243e+01
1.749000000000000110e+00,1.707013006532205068e+01
1.750000000000000000e+00,1.697590489542888648e+01
1.750999999999999890e+00,1.705564499862782313e+01
1.752000000000000002e+00,1.703459704473662484e+01
1.752999999999999892e+00,1.703936197148893683e+01
1.754000000000000004e+00,1.699315793586349344e+01
1.754999999999999893e+00,1.706250752162301865e+01
1.756000000000000005e+00,1.704618093475515650e+01
1.756999999999999895e+00,1.699422976669036700e+01
1.758000000000000007e+00,1.696869277252336872e+01
1.758999999999999897e+00,1.695059367655595750e+01
1.760000000000000009e+00,1.699566395119451556e+01
1.760999999999999899e+00,1.702333838980743508e+01
1.762000000000000011e+00,1.697756791719101699e+01
1.762999999999999901e+00,1.699841888680390767e+01
1.764000000000000012e+00,1.700865193082950810e+01
1.764999999999999902e+00,1.696925442127189498e+01
1.766000000000000014e+00,1.703570875927261952e+01
1.766999999999999904e+00,1.701384739539100721e+01
1.768000000000000016e+00,1.695369475692093175e+01
1.768999999999999906e+00,1.697970243488191855e+01
1.770000000000000018e+00,1.700745518226970532e+01
1.770999999999999908e+00,1.696193154480049614e+01
1.772000000000000020e+00,1.697112314320908055e+01
1.772999999999999909e+00,1.707613056615971203e+01
1.774000000000000021e+00,1.703834581970374984e+01
1.774999999999999911e+00,1.702050341475398909e+01
1.776000000000000023e+00,1.705364864453208185e+01
1.776999999999999913e+00,1.704215762382709443e+01
1.778000000000000025e+00,1.698549726514686853e+01
1.778999999999999915e+00,1.701355411760624392e+01
1.780000000000000027e+00,1.701979500800638334e+01
1.780999999999999917e+00,1.702796384794698881e+01
1.782000000000000028e+00,1.703420898617829238e+01
1.782999999999999918e+00,1.699037353325069688e+01
1.784000000000000030e+00,1.703327608031721496e+01
1.784999999999999920e+00,1.705367498965588879e+01
1.786000000000000032e+00,1.704724930064108079e+01
1.786999999999999922e+00,1.703929845490236517e+01
1.788000000000000034e+00,1.701292670432328791e+01
1.788999999999999924e+00,1.704248150639831394e+01
1.790000000000000036e+00,1.696782478768088609e+01
1.790999999999999925e+00,1.697249978700380169e+01
1.792000000000000037e+00,1.697860120870701195e+01
1.792999999999999927e+00,1.694103307343898734e+01
1.794000000000000039e+00,1.697413850389525436e+01
1.794999999999999929e+00,1.698376608463323478e+01
1.796000000000000041e+00,1.696887369414851321e+01
1.796999999999999931e+00,1.702315595134968618e+01
1.798000000000000043e+00,1.695584740269259427e+01
1.798999999999999932e+00,1.701546899373384392e+01
1.800000000000000044e+00,1.698828124758773939e+01
1.800999999999999934e+00,1.696877453661978308e+01
1.802000000000000046e+00,1.702123729606060465e+01
1.802999999999999936e+00,1.702484768288951145e+01
1.804000000000000048e+00,1.700527919590058445e+01
1.804999999999999938e+00,1.698100897059794789e+01
1.806000000000000050e+00,1.698534957021078284e+01
1.806999999999999940e+00,1.690866597915610825e+01
1.808000000000000052e+00,1.694346051681635146e+01
1.808999999999999941e+00,1.700593427284811199e+01
1.810000000000000053e+00,1.695799437248491870e+01
1.810999999999999943e+00,1.703479781579872210e+01
1.812000000000000055e+00,1.694413701586448795e+01
1.812999999999999945e+00,1.697152146484384616e+01
1.814000000000000057e+00,1.694901216896109375e+01
1.814999999999999947e+00,1.706571196694292070e+01
1.816000000000000059e+00,1.702650204422180025e+01
1.816999999999999948e+00,1.691333731310458433e+01
1.818000000000000060e+00,1.702777702523982839e+01
1.818999999999999950e+00,1.705891511115210335e+01
1.820000000000000062e+00,1.692705013502708056e+01
1.820999999999999952e+00,1.694503962542266606e+01
1.822000000000000064e+00,1.700400973401266924e+01
1.822999999999999954e+00,1.700584800814035091e+01
1.824000000000000066e+00,1.697394100018711072e+01
1.824999999999999956e+00,1.696712054524382296e+01
1.826000000000000068e+00,1.693824504752177518e+01
1.826999999999999957e+00,1.696451029929526300e+01
1.828000000000000069e+00,1.697299697139101582e+01
1.828999999999999959e+00,1.693728342577207258e+01
1.830000000000000071e+00,1.702204315723245998e+01
1.830999999999999961e+00,1.706349494570418557e+01
1.832000000000000073e+00,1.706601790671760810e+01
1.832999999999999963e+00,1.702003169058290766e+01
1.834000000000000075e+00,1.701864280991949130e+01
1.834999999999999964e+00,1.702077639226206784e+01
1.836000000000000076e+00,1.702271588935185775e+01
1.836999999999999966e+00,1.704528207614454516e+01
1.838000000000000078e+00,1.699533105680852429e+01
1.838999999999999968e+00,1.696357959131006155e+01
1.840000000000000080e+00,1.701113897466884595e+01
1.840999999999999970e+00,1.701408620759722368e+01
1.842000000000000082e+00,1.692415480946899109e+01
1.842999999999999972e+00,1.700680503959091538e+01
1.844000000000000083e+00,1.701833575771746609e+01
1.844999999999999973e+00,1.699276429867339999e+01
1.846000000000000085e+00,1.698229298412853794e+01
1.846999999999999975e+00,1.697492924128926717e+01
1.848000000000000087e+00,1.699716386319395411e+01
1.848999999999999977e+00,1.699527709139006149e+01
1.850000000000000089e+00,1.694797291082089430e+01
1.850999999999999979e+00,1.699617154260231899e+01
1.852000000000000091e+00,1.699528060458679235e+01
1.852999999999999980e+00,1.702543804488291812e+01
1.854000000000000092e+00,1.699476264597313246e+01
1.854999999999999982e+00,1.709242169965276759e+01
1.856000000000000094e+00,1.701669522393009615e+01
1.856999999999999984e+00,1.696647489106167228e+01
1.858000000000000096e+00,1.703288823167117627e+01
1.858999999999999986e+00,1.702702740327062614e+01
1.860000000000000098e+00,1.692954659146663232e+01
1.860999999999999988e+00,1.692102184060154713e+01
1.862000000000000099e+00,1.692842339227849990e+01
1.862999999999999989e+00,1.700703973954590964e+01
1.864000000000000101e+00,1.694960413959760359e+01
1.864999999999999991e+00,1.701150246066402971e+01
1.866000000000000103e+00,1.696748890446442459e+01
1.866999999999999993e+00,1.691149241979968565e+01
1.868000000000000105e+00,1.695250035831162094e+01
1.868999999999999995e+00,1.705132275410515064e+01
1.870000000000000107e+00,1.700193563134057939e+01
1.870999999999999996e+00,1.705528946577847549e+01
1.872000000000000108e+00,1.697870580225565718e+01
1.872999999999999998e+00,1.703637130628793983e+01
1.874000000000000110e+00,1.696621953367839097e+01
1.875000000000000000e+00,1.698188942605404961e+01
1.875999999999999890e+00,1.696538072044459255e+01
1.877000000000000002e+00,1.700593125311835863e+01
1.877999999999999892e+00,1.702029396059128530e+01
1.879000000000000004e+00,1.696616076871259082e+01
1.879999999999999893e+00,1.694591738029129857e+01
1.881000000000000005e+00,1.692133678491455839e+01
1.881999999999999895e+00,1.693183018459570377e+01
1.883000000000000007e+00,1.700144614025683154e+01
1.883999999999999897e+00,1.701607229330418392e+01
1.885000000000000009e+00,1.688070082062102628e+01
1.885999999999999899e+00,1.693288292170583276e+01
1.887000000000000011e+00,1.696965777391750052e+01
1.887999999999999901e+00,1.693925706456994718e+01
1.889000000000000012e+00,1.694573217365380202e+01
1.889999999999999902e+00,1.695201483027501510e+01
1.891000000000000014e+00,1.696635220179955539e+01
1.891999999999999904e+00,1.691378241820427775e+01
1.893000000000000016e+00,1.696567389368470202e+01
1.893999999999999906e+00,1.698325361713082060e+01
1.895000000000000018e+00,1.694492340067900216e+01
1.895999999999999908e+00,1.691508062383512723e+01
1.897000000000000020e+00,1.695152301438897524e+01
1.897999999999999909e+00,1.695792934912755712e+01
1.899000000000000021e+00,1.697855313460231486e+01
1.899999999999999911e+00,1.695295432120309798e+01
1.901000000000000023e+00,1.697144738088026017e+01
1.901999999999999913e+00,1.696223241659899372e+01
1.903000000000000025e+00,1.691569234494522789e+01
1.903999999999999915e+00,1.686384366120368128e+01
1.905000000000000027e+00,1.697751214092802741e+01
1.905999999999999917e+00,1.691154711188323034e+01
1.907000000000000028e+00,1.691080644329700533e+01
1.907999999999999918e+00,1.696623348493562133e+01
1.909000000000000030e+00,1.684904020018682758e+01
1.909999999999999920e+00,1.692612533842542888e+01
1.911000000000000032e+00,1.691085683738020506e+01
1.911999999999999922e+00,1.691968173402750608e+01
1.913000000000000034e+00,1.695596046956616476e+01
1.913999999999999924e+00,1.695099750265523753e+01
1.915000000000000036e+00,1.695108866298419414e+01
1.915999999999999925e+00,1.692070466192516420e+01
1.917000000000000037e+00,1.691992219097802774e+01
1.917999999999999927e+00,1.695869778948735984e+01
1.919000000000000039e+00,1.693825750349386539e+01
1.919999999999999929e+00,1.695895862876473359e+01
1.921000000000000041e+00,1.693964068739824214e+01
1.921999999999999931e+00,1.693600881177353656e+01
1.923000000000000043e+00,1.696387740475334027e+01
1.923999999999999932e+00,1.689094421207744645e+01
1.925000000000000044e+00,1.698179913513617123e+01
1.925999999999999934e+00,1.689993527833928866e+01
1.927000000000000046e+00,1.684745675779895180e+01
1.927999999999999936e+00,1.689616859709326135e+01
1.929000000000000048e+00,1.690769042814562795e+01
1.929999999999999938e+00,1.685999191365007022e+01
1.931000000000000050e+00,1.693463247965517482e+01
1.931999999999999940e+00,1.687687198251041565e+01
1.933000000000000052e+00,1.685924325672760204e+01
1.933999999999999941e+00,1.690859671713825207e+01
1.935000000000000053e+00,1.687739334891597665e+01
1.935999999999999943e+00,1.691485184173730616e+01
1.937000000000000055e+00,1.695467010709473499e+01
1.937999999999999945e+00,1.697450100530174311e+01
1.939000000000000057e+00,1.688200849372187307e+01
1.939999999999999947e+00,1.688564420466391525e+01
1.941000000000000059e+00,1.695908511515336059e+01
1.941999999999999948e+00,1.693521808460440070e+01
1.943000000000000060e+00,1.696033943730033400e+01
1.943999999999999950e+00,1.690959042953011959e+01
1.945000000000000062e+00,1.700119347503910205e+01
1.945999999999999952e+00,1.705949612108192071e+01
1.947000000000000064e+00,1.694348109984229467e+01
1.947999999999999954e+00,1.693636884598627645e+01
1.949000000000000066e+00,1.691082916607923892e+01
1.949999999999999956e+00,1.693428725426234394e+01
1.951000000000000068e+00,1.687062380816275109e+01
1.951999999999999957e+00,1.690794257539646139e+01
1.953000000000000069e+00,1.693703936166796353e+01
1.953999999999999959e+00,1.695436118563511840e+01
1.955000000000000071e+00,1.691921408719198183e+01
1.955999999999999961e+00,1.694829380987800960e+01
1.957000000000000073e+00,1.693594380080079986e+01
1.957999999999999963e+00,1.685646773509310492e+01
1.959000000000000075e+00,1.694209391287193611e+01
1.959999999999999964e+00,1.702028388325731356e+01
1.961000000000000076e+00,1.702760097820345919e+01
1.961999999999999966e+00,1.697212708534545200e+01
1.963000000000000078e+00,1.697131430468609636e+01
1.963999999999999968e+00,1.692702614846490405e+01
1.965000000000000080e+00,1.694548126411304878e+01
1.965999999999999970e+00,1.700340791565589882e+01
1.967000000000000082e+00,1.696430328936324727e+01
1.967999999999999972e+00,1.698509417374674157e+01
1.969000000000000083e+00,1.695432729162404684e+01
1.969999999999999973e+00,1.698038840904991886e+01
1.971000000000000085e+00,1.690415340348554096e+01
1.971999999999999975e+00,1.695190928502862704e+01
1.973000000000000087e+00,1.690534896122183994e+01
1.973999999999999977e+00,1.694666910167799045e+01
1.975000000000000089e+00,1.697580810721277089e+01
1.975999999999999979e+00,1.695773536266151993e+01
1.977000000000000091e+00,1.697913146235407211e+01
1.977999999999999980e+00,1.699139753710372602e+01
1.979000000000000092e+00,1.698284199421900809e+01
1.979999999999999982e+00,1.697342189308787752e+01
1.981000000000000094e+00,1.690037922445910112e+01
1.981999999999999984e+00,1.701649089296313377e+01
1.983000000000000096e+00,1.699259541244552807e+01
1.983999999999999986e+00,1.698926463075182980e+01
1.985000000000000098e+00,1.694674264896114479e+01
1.985999999999999988e+00,1.694461977076040071e+01
1.987000000000000099e+00,1.695948137142924494e+01
1.987999999999999989e+00,1.697730111548076337e+01
1.989000000000000101e+00,1.693730903124640363e+01
1.989999999999999991e+00,1.701341964083568570e+01
1.991000000000000103e+00,1.696570256638146645e+01
1.991999999999999993e+00,1.694971177018809527e+01
1.993000000000000105e+00,1.696591581395058768e+01
1.993999999999999995e+00,1.701330012150221549e+01
1.995000000000000107e+00,1.700334293507158634e+01
1.995999999999999996e+00,1.700325793314469891e+01
1.997000000000000108e+00,1.705483683165136100e+01
1.997999999999999998e+00,1.704814681323476577e+01
1.999000000000000110e+00,1.696689013448797212e+01
2.000000000000000000e+00,1.693947463219659966e+01
2.000999999999999890e+00,1.694908108761420351e+01
2.001999999999999780e+00,1.702373166192839449e+01
2.003000000000000114e+00,1.696739499832468567e+01
2.004000000000000004e+00,1.693610566454334432e+01
2.004999999999999893e+00,1.697043594172700054e+01
2.005999999999999783e+00,1.692167408871013734e+01
2.007000000000000117e+00,1.697452305715541598e+01
2.008000000000000007e+00,1.692772209168452235e+01
2.008999999999999897e+00,1.698532859259151451e+01
2.009999999999999787e+00,1.697103015923293512e+01
2.011000000000000121e+00,1.696829563185413292e+01
2.012000000000000011e+00,1.701118602649355793e+01
2.012999999999999901e+00,1.700287737365554364e+01
2.013999999999999790e+00,1.699883045187813124e+01
2.015000000000000124e+00,1.699038772428238886e+01
2.016000000000000014e+00,1.700042491049715210e+01
2.016999999999999904e+00,1.692292763776665154e+01
2.017999999999999794e+00,1.694459836315808943e+01
2.019000000000000128e+00,1.700278999289433912e+01
2.020000000000000018e+00,1.706174205978139113e+01
2.020999999999999908e+00,1.699323227198247110e+01
2.021999999999999797e+00,1.701943566236955618e+01
2.023000000000000131e+00,1.703110470423035849e+01
2.024000000000000021e+00,1.703802496587399062e+01
2.024999999999999911e+00,1.700254812541766825e+01
2.025999999999999801e+00,1.704312935532437123e+01
2.027000000000000135e+00,1.702746304911285335e+01
2.028000000000000025e+00,1.706260716496918661e+01
2.028999999999999915e+00,1.704262324865497291e+01
2.029999999999999805e+00,1.703735357897165059e+01
2.031000000000000139e+00,1.703853888722860077e+01
2.032000000000000028e+00,1.707728222803513418e+01
2.032999999999999918e+00,1.707468317569866656e+01
2.033999999999999808e+00,1.697529976786578132e+01
2.035000000000000142e+00,1.699434592617299700e+01
2.036000000000000032e+00,1.702203969871555600e+01
2.036999999999999922e+00,1.702564665555853907e+01
2.037999999999999812e+00,1.703272819620573841e+01
2.039000000000000146e+00,1.700036217734705346e+01
2.040000000000000036e+00,1.706532623275936444e+01
2.040999999999999925e+00,1.701867060332069670e+01
2.041999999999999815e+00,1.696721570410242208e+01
2.043000000000000149e+00,1.704298623003373692e+01
2.044000000000000039e+00,1.705595453077374657e+01
2.044999999999999929e+00,1.702678587540927069e+01
2.045999999999999819e+00,1.704369599953866299e+01
2.047000000000000153e+00,1.700449287688960709e+01
2.048000000000000043e+00,1.702945457953874353e+01
2.048999999999999932e+00,1.698587381009759056e+01
2.049999999999999822e+00,1.701814065799991482e+01
2.051000000000000156e+00,1.702159275637580649e+01
2.052000000000000046e+00,1.701591486397519049e+01
2.052999999999999936e+00,1.702727460756511135e+01
2.053999999999999826e+00,1.703158894153558123e+01
2.055000000000000160e+00,1.701894096065421635e+01
2.056000000000000050e+00,1.710852695678081048e+01
2.056999999999999940e+00,1.702018435838298061e+01
2.057999999999999829e+00,1.704538460136537736e+01
2.059000000000000163e+00,1.704879647363874895e+01
2.060000000000000053e+00,1.707780683642706876e+01
2.060999999999999943e+00,1.702990996233408083e+01
2.061999999999999833e+00,1.696641113771026710e+01
2.063000000000000167e+00,1.702614932544384629e+01
2.064000000000000057e+00,1.706018948550013548e+01
2.064999999999999947e+00,1.703234848120941791e+01
2.065999999999999837e+00,1.698702083238921290e+01
2.067000000000000171e+00,1.704696231404622253e+01
2.068000000000000060e+00,1.709290707010412547e+01
2.068999999999999950e+00,1.706754787675832574e+01
2.069999999999999840e+00,1.700488483909624193e+01
2.071000000000000174e+00,1.694533996903760098e+01
2.072000000000000064e+00,1.702336730785438590e+01
2.072999999999999954e+00,1.700053873940116844e+01
2.073999999999999844e+00,1.702196730306106431e+01
2.075000000000000178e+00,1.702510688292560204e+01
2.076000000000000068e+00,1.699766651364832626e+01
2.076999999999999957e+00,1.698244251983814479e+01
2.077999999999999847e+00,1.695652288070388281e+01
2.079000000000000181e+00,1.702125268176176931e+01
2.080000000000000071e+00,1.698442129384949340e+01
2.080999999999999961e+00,1.695311778173096329e+01
2.081999999999999851e+00,1.704553050314689955e+01
2.083000000000000185e+00,1.697895000582362712e+01
2.084000000000000075e+00,1.691878165190006200e+01
2.084999999999999964e+00,1.697445001273697684e+01
2.085999999999999854e+00,1.695748554176658729e+01
2.087000000000000188e+00,1.697039563322936573e+01
2.088000000000000078e+00,1.697894396161980524e+01
2.088999999999999968e+00,1.698032281928448839e+01
2.089999999999999858e+00,1.697831891518511682e+01
2.091000000000000192e+00,1.698708326353132492e+01
2.092000000000000082e+00,1.697336898291957041e+01
2.092999999999999972e+00,1.699368268305275009e+01
2.093999999999999861e+00,1.701838125980976812e+01
2.095000000000000195e+00,1.698268477452724312e+01
2.096000000000000085e+00,1.699106586579052092e+01
2.096999999999999975e+00,1.692343095314925705e+01
2.097999999999999865e+00,1.695841693720283416e+01
2.099000000000000199e+00,1.700070845445037904e+01
2.100000000000000089e+00,1.696748511935786752e+01
2.100999999999999979e+00,1.696783271807307258e+01
2.101999999999999869e+00,1.694714214449356859e+01
2.103000000000000203e+00,1.695451002774829163e+01
2.104000000000000092e+00,1.705983656481854283e+01
2.104999999999999982e+00,1.701350785042491509e+01
2.105999999999999872e+00,1.697443065161982645e+01
2.107000000000000206e+00,1.702930187320203359e+01
2.108000000000000096e+00,1.702041060170403952e+01
2.108999999999999986e+00,1.697521007887345945e+01
2.109999999999999876e+00,1.707389071258856816e+01
2.111000000000000210e+00,1.694086052991543312e+01
2.112000000000000099e+00,1.700630094926448166e+01
2.112999999999999989e+00,1.698766641655112508e+01
2.113999999999999879e+00,1.703774982559831130e+01
2.115000000000000213e+00,1.696981887327839189e+01
2.116000000000000103e+00,1.694290449995165915e+01
2.116999999999999993e+00,1.701747079707029187e+01
2.117999999999999883e+00,1.699341516315984535e+01
2.119000000000000217e+00,1.695355968427166715e+01
2.120000000000000107e+00,1.698787505297376654e+01
2.120999999999999996e+00,1.700800034176144138e+01
2.121999999999999886e+00,1.696151170685343956e+01
2.123000000000000220e+00,1.700730250902223872e+01
2.124000000000000110e+00,1.704442872221867944e+01
2.125000000000000000e+00,1.700879246098650910e+01
2.125999999999999890e+00,1.696922739909940248e+01
2.126999999999999780e+00,1.696542089632957584e+01
2.128000000000000114e+00,1.700224838514247239e+01
2.129000000000000004e+00,1.702767658209583601e+01
2.129999999999999893e+00,1.701997557028034080e+01
2.130999999999999783e+00,1.700603906052745273e+01
2.132000000000000117e+00,1.707563795664406214e+01
2.133000000000000007e+00,1.707234050768003897e+01
2.133999999999999897e+00,1.705540532655817643e+01
2.134999999999999787e+00,1.705134593225194095e+01
2.136000000000000121e+00,1.706184224406633376e+01
2.137000000000000011e+00,1.704457863433589537e+01
2.137999999999999901e+00,1.706987801941821559e+01
2.138999999999999790e+00,1.704026221000466990e+01
2.140000000000000124e+00,1.708067405191621191e+01
2.141000000000000014e+00,1.706264452666155762e+01
2.141999999999999904e+00,1.704149703598521626e+01
2.142999999999999794e+00,1.707857528157915539e+01
2.144000000000000128e+00,1.705153367171598688e+01
2.145000000000000018e+00,1.709255161227198627e+01
2.145999999999999908e+00,1.705729506975756848e+01
2.146999999999999797e+00,1.711960712056658807e+01
2.148000000000000131e+00,1.701864176486638058e+01
2.149000000000000021e+00,1.706115628879659241e+01
2.149999999999999911e+00,1.703987097830863817e+01
2.150999999999999801e+00,1.699371749359215045e+01
2.152000000000000135e+00,1.701584696482401426e+01
2.153000000000000025e+00,1.698642100219359818e+01
2.153999999999999915e+00,1.709494081159784429e+01
2.154999999999999805e+00,1.707796922423277763e+01
2.156000000000000139e+00,1.712912892829823974e+01
2.157000000000000028e+00,1.711014110348646255e+01
2.157999999999999918e+00,1.710488545803628213e+01
2.158999999999999808e+00,1.709184410574060209e+01
2.160000000000000142e+00,1.701405392658942617e+01
2.161000000000000032e+00,1.713185840811045324e+01
2.161999999999999922e+00,1.704959611629571725e+01
2.162999999999999812e+00,1.703131088127970472e+01
2.164000000000000146e+00,1.706319931568788206e+01
2.165000000000000036e+00,1.706295393383993542e+01
2.165999999999999925e+00,1.707801711388838939e+01
2.166999999999999815e+00,1.709570088976242985e+01
2.168000000000000149e+00,1.708283263688622355e+01
2.169000000000000039e+00,1.708080865840711482e+01
2.169999999999999929e+00,1.703497027141172282e+01
2.170999999999999819e+00,1.712463816125144334e+01
2.172000000000000153e+00,1.707565370901743762e+01
2.173000000000000043e+00,1.709774500623795035e+01
2.173999999999999932e+00,1.706817417960504102e+01
2.174999999999999822e+00,1.715227586233150703e+01
2.176000000000000156e+00,1.712339344860994572e+01
2.177000000000000046e+00,1.709152517257276926e+01
2.177999999999999936e+00,1.713469713818329154e+01
2.178999999999999826e+00,1.714484519477463920e+01
2.180000000000000160e+00,1.711334634833139390e+01
2.181000000000000050e+00,1.708278328477827301e+01
2.181999999999999940e+00,1.707818760825331594e+01
2.182999999999999829e+00,1.700740580537875601e+01
2.184000000000000163e+00,1.709979475351333633e+01
2.185000000000000053e+00,1.708034044270792506e+01
2.185999999999999943e+00,1.703915307282537128e+01
2.186999999999999833e+00,1.710501715269360901e+01
2.188000000000000167e+00,1.703652519568204227e+01
2.189000000000000057e+00,1.705944372331313019e+01
2.189999999999999947e+00,1.709615456366838515e+01
2.190999999999999837e+00,1.707791273240187024e+01
2.192000000000000171e+00,1.714634923066150662e+01
2.193000000000000060e+00,1.703091577031564086e+01
2.193999999999999950e+00,1.704289422680336585e+01
2.194999999999999840e+00,1.709493522171154822e+01
2.196000000000000174e+00,1.707165684320129273e+01
2.197000000000000064e+00,1.702839187600900317e+01
2.197999999999999954e+00,1.702662377990493070e+01
2.198999999999999844e+00,1.701567198475579445e+01
2.200000000000000178e+00,1.706097078926681121e+01
2.201000000000000068e+00,1.704504943178071841e+01
2.201999999999999957e+00,1.705013310095069201e+01
2.202999999999999847e+00,1.703824126871177924e+01
2.204000000000000181e+00,1.694333835586727233e+01
2.205000000000000071e+00,1.701212676593791073e+01
2.205999999999999961e+00,1.706816345063031548e+01
2.206999999999999851e+00,1.693209857568348653e+01
2.208000000000000185e+00,1.701618974804463846e+01
2.209000000000000075e+00,1.693146411082852154e+01
2.209999999999999964e+00,1.700178961309272907e+01
2.210999999999999854e+00,1.707589593755025348e+01
2.212000000000000188e+00,1.705564158378192374e+01
2.213000000000000078e+00,1.703254226296844109e+01
2.213999999999999968e+00,1.708288706342140983e+01
2.214999999999999858e+00,1.703364876891186341e+01
2.216000000000000192e+00,1.695717564629792662e+01
2.217000000000000082e+00,1.694994573626586032e+01
2.217999999999999972e+00,1.703262348846354968e+01
2.218999999999999861e+00,1.703402678492366817e+01
2.220000000000000195e+00,1.699572355837791449e+01
2.221000000000000085e+00,1.700862046645405457e+01
2.221999999999999975e+00,1.699210379785256819e+01
2.222999999999999865e+00,1.706870596547724261e+01
2.224000000000000199e+00,1.708147633304570689e+01
2.225000000000000089e+00,1.695258490171672605e+01
2.225999999999999979e+00,1.703506673605119559e+01
2.226999999999999869e+00,1.703059804485180706e+01
2.228000000000000203e+00,1.704186059610700710e+01
2.229000000000000092e+00,1.703102459342234454e+01
2.229999999999999982e+00,1.705230370219649672e+01
2.230999999999999872e+00,1.699821560856100788e+01
2.232000000000000206e+00,1.700888343881641873e+01
2.233000000000000096e+00,1.700448398931434824e+01
2.233999999999999986e+00,1.694985443708108619e+01
2.234999999999999876e+00,1.699664822451229895e+01
2.236000000000000210e+00,1.703899121062711686e+01
2.237000000000000099e+00,1.704362847556192051e+01
2.237999999999999989e+00,1.702977838706825864e+01
2.238999999999999879e+00,1.696824292672142676e+01
2.240000000000000213e+00,1.698501602866055293e+01
2.241000000000000103e+00,1.699165013400184066e+01
2.241999999999999993e+00,1.698042235666134303e+01
2.242999999999999883e+00,1.696780687342049276e+01
2.244000000000000217e+00,1.701668883876740779e+01
2.245000000000000107e+00,1.694373942239510811e+01
2.245999999999999996e+00,1.700986988265822930e+01
2.246999999999999886e+00,1.700254082447806425e+01
2.248000000000000220e+00,1.701031478577898781e+01
2.249000000000000110e+00,1.706099312878469831e+01
2.250000000000000000e+00,1.703378166673659067e+01
2.250999999999999890e+00,1.696882308762928915e+01
2.251999999999999780e+00,1.697898416493397633e+01
2.253000000000000114e+00,1.708349238792555269e+01
2.254000000000000004e+00,1.701490979808055570e+01
2.254999999999999893e+00,1.707226576020379127e+01
2.255999999999999783e+00,1.701985196244156384e+01
2.257000000000000117e+00,1.699761516015558982e+01
2.258000000000000007e+00,1.702465720875870758e+01
2.258999999999999897e+00,1.694427985345881993e+01
2.259999999999999787e+00,1.698656118176144503e+01
2.261000000000000121e+00,1.711113199179823496e+01
2.262000000000000011e+00,1.700496662467391928e+01
2.262999999999999901e+00,1.701032948223854291e+01
2.263999999999999790e+00,1.707601565765920171e+01
2.265000000000000124e+00,1.707920126060756871e+01
2.266000000000000014e+00,1.704077578552138306e+01
2.266999999999999904e+00,1.705605385679649544e+01
2.267999999999999794e+00,1.704728002229835582e+01
2.269000000000000128e+00,1.710537863091375499e+01
2.270000000000000018e+00,1.704977560685413351e+01
2.270999999999999908e+00,1.704073436098395433e+01
2.271999999999999797e+00,1.704141126580228871e+01
2.273000000000000131e+00,1.703572476081691534e+01
2.274000000000000021e+00,1.704425055822040491e+01
2.274999999999999911e+00,1.705030830601570813e+01
2.275999999999999801e+00,1.707118409728233033e+01
2.277000000000000135e+00,1.703745296411401711e+01
2.278000000000000025e+00,1.705464786235503283e+01
2.278999999999999915e+00,1.703000216318954330e+01
2.279999999999999805e+00,1.704916065842816764e+01
2.281000000000000139e+00,1.708016079830625245e+01
2.282000000000000028e+00,1.711122124026884705e+01
2.282999999999999918e+00,1.707272901573062640e+01
2.283999999999999808e+00,1.704944271701302938e+01
2.285000000000000142e+00,1.705258252667789165e+01
2.286000000000000032e+00,1.706665278439241362e+01
2.286999999999999922e+00,1.711587322645840104e+01
2.287999999999999812e+00,1.703235211739893984e+01
2.289000000000000146e+00,1.710361022603131431e+01
2.290000000000000036e+00,1.707121246985727581e+01
2.290999999999999925e+00,1.709586285108683157e+01
2.291999999999999815e+00,1.703450278663954975e+01
2.293000000000000149e+00,1.701286455947308696e+01
2.294000000000000039e+00,1.710151431306052316e+01
2.294999999999999929e+00,1.706532039432282133e+01
2.295999999999999819e+00,1.706242912716287563e+01
2.297000000000000153e+00,1.704669938396376239e+01
2.298000000000000043e+00,1.710947431711079858e+01
2.298999999999999932e+00,1.704400369614928223e+01
2.299999999999999822e+00,1.709493040686040644e+01
2.301000000000000156e+00,1.713816571617297768e+01
2.302000000000000046e+00,1.708516890666165722e+01
2.302999999999999936e+00,1.694617730312325676e+01
2.303999999999999826e+00,1.702995196835966851e+01
2.305000000000000160e+00,1.702935630416257240e+01
2.306000000000000050e+00,1.704224072558486469e+01
2.306999999999999940e+00,1.698849857482256809e+01
2.307999999999999829e+00,1.697656402045558366e+01
2.309000000000000163e+00,1.702522246623655633e+01
2.310000000000000053e+00,1.705805936836442527e+01
2.310999999999999943e+00,1.703235967974191567e+01
2.311999999999999833e+00,1.711384106248113568e+01
2.313000000000000167e+00,1.706138204882754295e+01
2.314000000000000057e+00,1.709360269942798638e+01
2.314999999999999947e+00,1.701232277369971868e+01
2.315999999999999837e+00,1.698366002272352659e+01
2.317000000000000171e+00,1.701822847446137388e+01
2.318000000000000060e+00,1.699455289800917512e+01
2.318999999999999950e+00,1.705356653169164716e+01
2.319999999999999840e+00,1.699139312180933814e+01
2.321000000000000174e+00,1.698506193570686307e+01
2.322000000000000064e+00,1.707017829937829845e+01
2.322999999999999954e+00,1.700880357986378044e+01
2.323999999999999844e+00,1.700043434602583048e+01
2.325000000000000178e+00,1.701638182293485002e+01
2.326000000000000068e+00,1.702932550878044182e+01
2.326999999999999957e+00,1.703309192404329409e+01
2.327999999999999847e+00,1.706478257850496050e+01
2.329000000000000181e+00,1.701676169908305525e+01
2.330000000000000071e+00,1.698805599717399062e+01
2.330999999999999961e+00,1.697686193436500446e+01
2.331999999999999851e+00,1.696867200543518095e+01
2.333000000000000185e+00,1.698391551485129725e+01
2.334000000000000075e+00,1.700188809753722907e+01
2.334999999999999964e+00,1.704676287745537167e+01
2.335999999999999854e+00,1.694252131382210536e+01
2.337000000000000188e+00,1.695958451286816882e+01
2.338000000000000078e+00,1.697220042589499300e+01
2.338999999999999968e+00,1.695095461047672813e+01
2.339999999999999858e+00,1.703331965465782005e+01
2.341000000000000192e+00,1.698563065718376208e+01
2.342000000000000082e+00,1.704355127743190224e+01
2.342999999999999972e+00,1.692752775293057965e+01
2.343999999999999861e+00,1.698798791874743941e+01
2.345000000000000195e+00,1.692959022555819004e+01
2.346000000000000085e+00,1.704137249888553640e+01
2.346999999999999975e+00,1.701103424597239311e+01
2.347999999999999865e+00,1.695580353123895989e+01
2.349000000000000199e+00,1.702494995308550330e+01
2.350000000000000089e+00,1.697862951049408053e+01
2.350999999999999979e+00,1.703314731880225352e+01
2.351999999999999869e+00,1.700295419189473733e+01
2.353000000000000203e+00,1.702090516733863979e+01
2.354000000000000092e+00,1.698899055163588656e+01
2.354999999999999982e+00,1.695799508825110635e+01
2.355999999999999872e+00,1.691102417037727434e+01
2.357000000000000206e+00,1.693626670487542896e+01
2.358000000000000096e+00,1.692937541339859564e+01
2.358999999999999986e+00,1.696864737396389700e+01
2.359999999999999876e+00,1.697475730437362174e+01
2.361000000000000210e+00,1.694192466144008691e+01
2.362000000000000099e+00,1.700334795044102876e+01
2.362999999999999989e+00,1.706972414349742095e+01
2.363999999999999879e+00,1.693449143099162768e+01
2.365000000000000213e+00,1.695314235536353209e+01
2.366000000000000103e+00,1.691056357261290088e+01
2.366999999999999993e+00,1.696359204533854736e+01
2.367999999999999883e+00,1.703278497710324046e+01
2.369000000000000217e+00,1.701826233462779925e+01
2.370000000000000107e+00,1.698382285845425343e+01
2.370999999999999996e+00,1.695921285184979510e+01
2.371999999999999886e+00,1.700192866576355399e+01
2.373000000000000220e+00,1.708733413668704770e+01
2.374000000000000110e+00,1.700152513714960989e+01
2.375000000000000000e+00,1.696968693040340881e+01
2.375999999999999890e+00,1.694642180082194827e+01
2.376999999999999780e+00,1.696738655803754270e+01
2.378000000000000114e+00,1.698930328946983082e+01
2.379000000000000004e+00,1.704065291199685817e+01
2.379999999999999893e+00,1.701835746524178816e+01
2.380999999999999783e+00,1.700593116201564214e+01
2.382000000000000117e+00,1.704060547103160772e+01
2.383000000000000007e+00,1.704968198464240103e+01
2.383999999999999897e+00,1.706379656638684494e+01
2.384999999999999787e+00,1.702371450268759290e+01
2.386000000000000121e+00,1.700556920453404430e+01
2.387000000000000011e+00,1.695406263209432751e+01
2.387999999999999901e+00,1.697967551768275385e+01
2.388999999999999790e+00,1.699873806171324020e+01
2.390000000000000124e+00,1.698084671861563066e+01
2.391000000000000014e+00,1.707209686676442928e+01
2.391999999999999904e+00,1.703666282869951942e+01
2.392999999999999794e+00,1.704543616666498096e+01
2.394000000000000128e+00,1.703304958692394422e+01
2.395000000000000018e+00,1.693301797496175354e+01
2.395999999999999908e+00,1.703747217133698655e+01
2.396999999999999797e+00,1.708224444212962467e+01
2.398000000000000131e+00,1.698398264674585789e+01
2.399000000000000021e+00,1.698799705478185729e+01
2.399999999999999911e+00,1.696650393185802486e+01
2.400999999999999801e+00,1.699883200824742246e+01
2.402000000000000135e+00,1.700290147212820813e+01
2.403000000000000025e+00,1.697558325417611869e+01
2.403999999999999915e+00,1.697738609123211972e+01
2.404999999999999805e+00,1.693511159000181010e+01
2.406000000000000139e+00,1.694801006880699390e+01
2.407000000000000028e+00,1.695928899988917493e+01
2.407999999999999918e+00,1.694084749383584310e+01
2.408999999999999808e+00,1.693712329555976481e+01
2.410000000000000142e+00,1.698664499845449072e+01
2.411000000000000032e+00,1.702770559256238414e+01
2.411999999999999922e+00,1.703161456101448223e+01
2.412999999999999812e+00,1.699753490607686501e+01
2.414000000000000146e+00,1.706743360237073759e+01
2.415000000000000036e+00,1.697541194538426268e+01
2.415999999999999925e+00,1.703776856403867512e+01
2.416999999999999815e+00,1.700775447330162748e+01
2.418000000000000149e+00,1.704306779862267618e+01
2.419000000000000039e+00,1.698148167369660300e+01
2.419999999999999929e+00,1.701039872999514557e+01
2.420999999999999819e+00,1.701381104616011797e+01
2.422000000000000153e+00,1.701230789199564697e+01
2.423000000000000043e+00,1.699904737356948559e+01
2.423999999999999932e+00,1.699890550377205400e+01
2.424999999999999822e+00,1.696068555361979691e+01
2.426000000000000156e+00,1.697034753177305433e+01
2.427000000000000046e+00,1.698768405743290799e+01
2.427999999999999936e+00,1.701051405400602334e+01
2.428999999999999826e+00,1.698167615495206206e+01
2.430000000000000160e+00,1.708139333459870102e+01
2.431000000000000050e+00,1.707373440390660591e+01
2.431999999999999940e+00,1.705669359404076957e+01
2.432999999999999829e+00,1.702182091154751475e+01
2.434000000000000163e+00,1.702710743286463213e+01
2.435000000000000053e+00,1.704445001437684226e+01
2.435999999999999943e+00,1.702039306517362505e+01
2.436999999999999833e+00,1.699889458089762684e+01
2.438000000000000167e+00,1.711500502770129373e+01
2.439000000000000057e+00,1.705233171630333189e+01
2.439999999999999947e+00,1.710813104967902731e+01
2.440999999999999837e+00,1.712910429145910385e+01
2.442000000000000171e+00,1.700686149788780455e+01
2.443000000000000060e+00,1.702325106455058545e+01
2.443999999999999950e+00,1.711426940384101059e+01
2.444999999999999840e+00,1.709161860425777490e+01
2.446000000000000174e+00,1.705687729667410935e+01
2.447000000000000064e+00,1.701428860894422002e+01
2.447999999999999954e+00,1.709653178276106544e+01
2.448999999999999844e+00,1.703063634484338351e+01
2.450000000000000178e+00,1.700681759493651057e+01
2.451000000000000068e+00,1.707970944090627796e+01
2.451999999999999957e+00,1.705466746575730141e+01
2.452999999999999847e+00,1.698343231517512564e+01
2.454000000000000181e+00,1.703349401608024039e+01
2.455000000000000071e+00,1.706314789726155112e+01
2.455999999999999961e+00,1.705737661282712025e+01
2.456999999999999851e+00,1.701249200552617324e+01
2.458000000000000185e+00,1.707205420458013734e+01
2.459000000000000075e+00,1.704244760142269399e+01
2.459999999999999964e+00,1.707420228797640505e+01
2.460999999999999854e+00,1.699377152826123094e+01
2.462000000000000188e+00,1.703265894540564673e+01
2.463000000000000078e+00,1.696633282798513775e+01
2.463999999999999968e+00,1.703015018169387318e+01
2.464999999999999858e+00,1.703496064118482423e+01
2.466000000000000192e+00,1.696881636186221343e+01
2.467000000000000082e+00,1.709619210865852423e+01
2.467999999999999972e+00,1.699858285782668332e+01
2.468999999999999861e+00,1.705681231085187832e+01
2.470000000000000195e+00,1.703998213936684891e+01
2.471000000000000085e+00,1.708894115563073157e+01
2.471999999999999975e+00,1.713583859740148085e+01
2.472999999999999865e+00,1.705495575416421161e+01
2.474000000000000199e+00,1.708874590009067873e+01
2.475000000000000089e+00,1.714713891795189937e+01
2.475999999999999979e+00,1.710238045712894461e+01
2.476999999999999869e+00,1.706336348457960383e+01
2.478000000000000203e+00,1.709340480086104463e+01
2.479000000000000092e+00,1.707994574231003426e+01
2.479999999999999982e+00,1.709207603992717850e+01
2.480999999999999872e+00,1.708532175336671344e+01
2.482000000000000206e+00,1.707161761644588083e+01
2.483000000000000096e+00,1.707774713057785121e+01
2.483999999999999986e+00,1.711247406006746630e+01
2.484999999999999876e+00,1.708157634582614293e+01
2.486000000000000210e+00,1.708577374913195257e+01
2.487000000000000099e+00,1.704681260089805761e+01
2.487999999999999989e+00,1.708398672224102555e+01
2.488999999999999879e+00,1.710898891543126865e+01
2.490000000000000213e+00,1.712469497273681895e+01
2.491000000000000103e+00,1.709966095738274205e+01
2.491999999999999993e+00,1.704484438571915206e+01
2.492999999999999883e+00,1.706790371811239382e+01
2.494000000000000217e+00,1.702694610865359337e+01
2.495000000000000107e+00,1.710355204502589999e+01
2.495999999999999996e+00,1.708923430008999844e+01
2.496999999999999886e+00,1.712190731262376175e+01
2.498000000000000220e+00,1.710250235262173035e+01
2.499000000000000110e+00,1.707553951985974905e+01
2.500000000000000000e+00,1.706829747830597555e+01
2.500999999999999890e+00,1.707307059195560228e+01
2.501999999999999780e+00,1.702131687250528813e+01
2.503000000000000114e+00,1.709187785952101990e+01
2.504000000000000004e+00,1.711385069049749319e+01
2.504999999999999893e+00,1.707477353853539270e+01
2.505999999999999783e+00,1.712350163947841608e+01
2.507000000000000117e+00,1.711730144243673379e+01
2.508000000000000007e+00,1.708897077379746321e+01
2.508999999999999897e+00,1.708295248083673101e+01
2.509999999999999787e+00,1.706450343358564226e+01
2.511000000000000121e+00,1.703078947287085043e+01
2.512000000000000011e+00,1.711139849568253979e+01
2.512999999999999901e+00,1.710070364002079302e+01
2.513999999999999790e+00,1.703944259356546098e+01
2.515000000000000124e+00,1.711796388151133286e+01
2.516000000000000014e+00,1.710788717760015487e+01
2.516999999999999904e+00,1.712164745710903446e+01
2.517999999999999794e+00,1.707138092585925548e+01
2.519000000000000128e+00,1.709178381901944377e+01
2.520000000000000018e+00,1.712826936841587155e+01
2.520999999999999908e+00,1.703394469830644908e+01
2.521999999999999797e+00,1.703288887282106856e+01
2.523000000000000131e+00,1.711463256978132463e+01
2.524000000000000021e+00,1.702882957977096368e+01
2.524999999999999911e+00,1.709789478942333218e+01
2.525999999999999801e+00,1.719241447144969470e+01
2.527000000000000135e+00,1.710611726262554555e+01
2.528000000000000025e+00,1.711363918312970611e+01
2.528999999999999915e+00,1.700884566914966811e+01
2.529999999999999805e+00,1.709843501814620836e+01
2.531000000000000139e+00,1.718059444474418029e+01
2.532000000000000028e+00,1.708860326351321390e+01
2.532999999999999918e+00,1.712141314370924405e+01
2.533999999999999808e+00,1.715951839022622494e+01
2.535000000000000142e+00,1.707515501158211535e+01
2.536000000000000032e+00,1.705999522618453668e+01
2.536999999999999922e+00,1.722198956057588504e+01
2.537999999999999812e+00,1.700780036789013394e+01
2.539000000000000146e+00,1.710740304184732707e+01
2.540000000000000036e+00,1.706087064096571382e+01
2.540999999999999925e+00,1.709891267341109256e+01
2.541999999999999815e+00,1.707545255523334404e+01
2.543000000000000149e+00,1.711257254043310283e+01
2.544000000000000039e+00,1.707186493985817322e+01
2.544999999999999929e+00,1.712037968987438319e+01
2.545999999999999819e+00,1.711385867349471823e+01
2.547000000000000153e+00,1.704891580454092548e+01
2.548000000000000043e+00,1.703465989567516914e+01
2.548999999999999932e+00,1.699691953384882481e+01
2.549999999999999822e+00,1.709840260890432972e+01
2.551000000000000156e+00,1.706506536760005588e+01
2.552000000000000046e+00,1.711681894712351593e+01
2.552999999999999936e+00,1.702337713157407961e+01
2.553999999999999826e+00,1.711391974417511364e+01
2.555000000000000160e+00,1.699210811953181022e+01
2.556000000000000050e+00,1.708109958250116733e+01
2.556999999999999940e+00,1.700314952725299378e+01
2.557999999999999829e+00,1.702336142671881802e+01
2.559000000000000163e+00,1.704182870467518995e+01
2.560000000000000053e+00,1.704838054515748524e+01
2.560999999999999943e+00,1.707042841273159794e+01
2.561999999999999833e+00,1.701095478091069779e+01
2.563000000000000167e+00,1.709104524719937146e+01
2.564000000000000057e+00,1.712335465368645515e+01
2.564999999999999947e+00,1.710714527312743627e+01
2.565999999999999837e+00,1.709995374594387130e+01
2.567000000000000171e+00,1.708631517989559612e+01
2.568000000000000060e+00,1.701152060818210288e+01
2.568999999999999950e+00,1.703000862781544811e+01
2.569999999999999840e+00,1.704895305966644869e+01
2.571000000000000174e+00,1.708726885020555386e+01
2.572000000000000064e+00,1.703043711869695898e+01
2.572999999999999954e+00,1.697119730570260643e+01
2.573999999999999844e+00,1.707662685907446942e+01
2.575000000000000178e+00,1.703661815845337202e+01
2.576000000000000068e+00,1.701643474446958493e+01
2.576999999999999957e+00,1.706801355689801269e+01
2.577999999999999847e+00,1.703615804931121147e+01
2.579000000000000181e+00,1.705046050375703004e+01
2.580000000000000071e+00,1.708449423799183364e+01
2.580999999999999961e+00,1.714076355363463833e+01
2.581999999999999851e+00,1.703413044798213605e+01
2.583000000000000185e+00,1.704877252628172712e+01
2.584000000000000075e+00,1.700906993917255861e+01
2.584999999999999964e+00,1.709417674215974614e+01
2.585999999999999854e+00,1.704461673307252667e+01
2.587000000000000188e+00,1.700664746103178615e+01
2.588000000000000078e+00,1.706485916447777740e+01
2.588999999999999968e+00,1.703543812992492335e+01
2.589999999999999858e+00,1.707817192818939489e+01
2.591000000000000192e+00,1.705716650698074588e+01
2.592000000000000082e+00,1.701368872828691892e+01
2.592999999999999972e+00,1.705284294383082866e+01
2.593999999999999861e+00,1.710578691136419849e+01
2.595000000000000195e+00,1.701171406612220949e+01
2.596000000000000085e+00,1.704236601774093174e+01
2.596999999999999975e+00,1.696494295629523563e+01
2.597999999999999865e+00,1.703099895040813294e+01
2.599000000000000199e+00,1.703626190676701313e+01
2.600000000000000089e+00,1.703577112024759899e+01
2.600999999999999979e+00,1.707873504943485798e+01
2.601999999999999869e+00,1.707043800404349909e+01
2.603000000000000203e+00,1.698194196646716136e+01
2.604000000000000092e+00,1.694552712122754201e+01
2.604999999999999982e+00,1.707429835685085351e+01
2.605999999999999872e+00,1.698722876837340934e+01
2.607000000000000206e+00,1.700961388070202318e+01
2.608000000000000096e+00,1.704257471844176663e+01
2.608999999999999986e+00,1.708189161774891573e+01
2.609999999999999876e+00,1.707415826066433695e+01
2.611000000000000210e+00,1.702327557311850370e+01
2.612000000000000099e+00,1.707456164327097525e+01
2.612999999999999989e+00,1.702191175585052818e+01
2.613999999999999879e+00,1.703266448891842799e+01
2.615000000000000213e+00,1.701520063597032006e+01
2.616000000000000103e+00,1.705660677047831797e+01
2.616999999999999993e+00,1.701118860537163613e+01
2.617999999999999883e+00,1.704155746262016180e+01
2.619000000000000217e+00,1.704838836194409879e+01
2.620000000000000107e+00,1.706198195154640729e+01
2.620999999999999996e+00,1.708820115677674423e+01
2.621999999999999886e+00,1.706943412356959655e+01
2.623000000000000220e+00,1.703287617080558292e+01
2.624000000000000110e+00,1.705217787885417025e+01
2.625000000000000000e+00,1.708187311573418654e+01
2.625999999999999890e+00,1.708254623284239671e+01
2.626999999999999780e+00,1.709506912037196713e+01
2.628000000000000114e+00,1.714258145116523835e+01
2.629000000000000004e+00,1.700180978376141283e+01
2.629999999999999893e+00,1.709523816837458554e+01
2.630999999999999783e+00,1.711857707397122752e+01
2.632000000000000117e+00,1.701907849184474131e+01
2.633000000000000007e+00,1.705607003784285070e+01
2.633999999999999897e+00,1.706636001562746330e+01
2.634999999999999787e+00,1.708576040562693166e+01
2.636000000000000121e+00,1.702487593446062775e+01
2.637000000000000011e+00,1.699314526468770126e+01
2.637999999999999901e+00,1.707911190918310140e+01
2.638999999999999790e+00,1.704218632360300489e+01
2.640000000000000124e+00,1.711441936493098481e+01
2.641000000000000014e+00,1.712183081769165582e+01
2.641999999999999904e+00,1.702640619535568334e+01
2.642999999999999794e+00,1.710616727681197347e+01
2.644000000000000128e+00,1.711287803400946572e+01
2.645000000000000018e+00,1.710572795557015979e+01
2.645999999999999908e+00,1.706588959458187915e+01
2.646999999999999797e+00,1.705577884999208038e+01
2.648000000000000131e+00,1.703882297049662498e+01
2.649000000000000021e+00,1.697209627949337118e+01
2.649999999999999911e+00,1.709365554676027443e+01
2.650999999999999801e+00,1.699230811914825168e+01
2.652000000000000135e+00,1.703218960936897375e+01
2.653000000000000025e+00,1.707085202409603397e+01
2.653999999999999915e+00,1.702324243399098691e+01
2.654999999999999805e+00,1.705911671131781659e+01
2.656000000000000139e+00,1.702601131959821856e+01
2.657000000000000028e+00,1.709027218460621356e+01
2.657999999999999918e+00,1.703636234842032593e+01
2.658999999999999808e+00,1.706879880041432074e+01
2.660000000000000142e+00,1.703635715747891055e+01
2.661000000000000032e+00,1.700691935627914830e+01
2.661999999999999922e+00,1.709000456995148554e+01
2.662999999999999812e+00,1.702253580545674083e+01
2.664000000000000146e+00,1.706449437077354148e+01
2.665000000000000036e+00,1.706954395046547646e+01
2.665999999999999925e+00,1.719177080030132032e+01
2.666999999999999815e+00,1.700610623551535383e+01
2.668000000000000149e+00,1.711222231219170098e+01
2.669000000000000039e+00,1.711344162581137596e+01
2.669999999999999929e+00,1.700078899643316888e+01
2.670999999999999819e+00,1.703470370941045786e+01
2.672000000000000153e+00,1.704344076029780197e+01
2.673000000000000043e+00,1.708769710721286472e+01
2.673999999999999932e+00,1.707398298244731194e+01
2.674999999999999822e+00,1.705630840320423403e+01
2.676000000000000156e+00,1.707971726693336478e+01
2.677000000000000046e+00,1.702445774030663728e+01
2.677999999999999936e+00,1.706137117012473681e+01
2.678999999999999826e+00,1.702548726153376180e+01
2.680000000000000160e+00,1.698393219436232116e+01
2.681000000000000050e+00,1.701585525215968886e+01
2.681999999999999940e+00,1.707926984671967929e+01
2.682999999999999829e+00,1.706838932526502006e+01
2.684000000000000163e+00,1.698850089334571933e+01
2.685000000000000053e+00,1.698843945306389713e+01
2.685999999999999943e+00,1.703956543399209522e+01
2.686999999999999833e+00,1.710633487513656092e+01
2.688000000000000167e+00,1.700593087835456885e+01
2.689000000000000057e+00,1.711820720180880784e+01
2.689999999999999947e+00,1.709004445628881186e+01
2.690999999999999837e+00,1.703998499769872765e+01
2.692000000000000171e+00,1.707009428425724806e+01
2.693000000000000060e+00,1.704727275592719948e+01
2.693999999999999950e+00,1.696506315208937821e+01
2.694999999999999840e+00,1.698986232616964998e+01
2.696000000000000174e+00,1.705066368216106554e+01
2.697000000000000064e+00,1.711671123737639988e+01
2.697999999999999954e+00,1.710430035154142914e+01
2.698999999999999844e+00,1.710550817859440897e+01
2.700000000000000178e+00,1.702387930928864535e+01
2.701000000000000068e+00,1.706191043438015953e+01
2.701999999999999957e+00,1.707488631448210015e+01
2.702999999999999847e+00,1.705055633392846914e+01
2.704000000000000181e+00,1.701173479477340322e+01
2.705000000000000071e+00,1.694469969233401230e+01
2.705999999999999961e+00,1.700083886480484452e+01
2.706999999999999851e+00,1.702248390589458893e+01
2.708000000000000185e+00,1.699000301172418048e+01
2.709000000000000075e+00,1.708092501263455887e+01
2.709999999999999964e+00,1.702921763023306312e+01
2.710999999999999854e+00,1.692980976554288830e+01
2.712000000000000188e+00,1.700413290191485061e+01
2.713000000000000078e+00,1.696757741666783659e+01
2.713999999999999968e+00,1.704105485770517703e+01
2.714999999999999858e+00,1.696290730668723867e+01
2.716000000000000192e+00,1.704325037215960492e+01
2.717000000000000082e+00,1.705696746312847978e+01
2.717999999999999972e+00,1.706218045032142783e+01
2.718999999999999861e+00,1.709418354048096589e+01
2.720000000000000195e+00,1.706319484405085163e+01
2.721000000000000085e+00,1.704031169746446039e+01
2.721999999999999975e+00,1.700875057335446172e+01
2.722999999999999865e+00,1.702327263567719484e+01
2.724000000000000199e+00,1.702147609936395867e+01
2.725000000000000089e+00,1.706878410507894372e+01
2.725999999999999979e+00,1.702318788796052118e+01
2.726999999999999869e+00,1.704089958949786876e+01
2.728000000000000203e+00,1.703883203828008064e+01
2.729000000000000092e+00,1.702283178060940116e+01
2.729999999999999982e+00,1.704757054452785781e+01
2.730999999999999872e+00,1.709156279403640610e+01
2.732000000000000206e+00,1.707208316087349331e+01
2.733000000000000096e+00,1.700775631482660444e+01
2.733999999999999986e+00,1.699362680569102579e+01
2.734999999999999876e+00,1.698182140955390551e+01
2.736000000000000210e+00,1.705781174893036223e+01
2.737000000000000099e+00,1.699782913133457640e+01
2.737999999999999989e+00,1.715147095354242879e+01
2.738999999999999879e+00,1.706775909392028368e+01
2.740000000000000213e+00,1.709295986553772906e+01
2.741000000000000103e+00,1.709148216739180981e+01
2.741999999999999993e+00,1.711146897784175280e+01
2.742999999999999883e+00,1.709375453408561185e+01
2.744000000000000217e+00,1.711212160723455611e+01
2.745000000000000107e+00,1.703471244433651322e+01
2.745999999999999996e+00,1.707657424532983725e+01
2.746999999999999886e+00,1.701970649837402760e+01
2.748000000000000220e+00,1.704995011315734033e+01
2.749000000000000110e+00,1.703006990379112651e+01
2.750000000000000000e+00,1.703939940720279367e+01
2.750999999999999890e+00,1.704077790793987646e+01
2.751999999999999780e+00,1.705855995706159689e+01
2.753000000000000114e+00,1.703641201266931660e+01
2.754000000000000004e+00,1.705332056649372419e+01
2.754999999999999893e+00,1.701597094017749257e+01
2.755999999999999783e+00,1.710574578165638115e+01
2.757000000000000117e+00,1.706805192153787942e+01
2.758000000000000007e+00,1.706524380339283553e+01
2.758999999999999897e+00,1.707724142421366054e+01
2.759999999999999787e+00,1.708152908048568364e+01
2.761000000000000121e+00,1.701835451706041979e+01
2.762000000000000011e+00,1.703513245023054168e+01
2.762999999999999901e+00,1.707422812064074336e+01
2.763999999999999790e+00,1.708582191488883950e+01
2.765000000000000124e+00,1.708995328873441721e+01
2.766000000000000014e+00,1.711364757362089506e+01
2.766999999999999904e+00,1.709537807568367640e+01
2.767999999999999794e+00,1.703677246113725730e+01
2.769000000000000128e+00,1.701572190751983626e+01
2.770000000000000018e+00,1.702395086452845163e+01
2.770999999999999908e+00,1.709503225431885909e+01
2.771999999999999797e+00,1.703640559960951961e+01
2.773000000000000131e+00,1.705793962634373528e+01
2.774000000000000021e+00,1.706246650788456520e+01
2.774999999999999911e+00,1.710984763925810981e+01
2.775999999999999801e+00,1.702684974333076084e+01
2.777000000000000135e+00,1.706837980228522156e+01
2.778000000000000025e+00,1.707968991307456719e+01
2.778999999999999915e+00,1.713639817569750790e+01
2.779999999999999805e+00,1.706289731050916103e+01
2.781000000000000139e+00,1.701101293696001093e+01
2.782000000000000028e+00,1.711533112125441392e+01
2.782999999999999918e+00,1.709481548533575790e+01
2.783999999999999808e+00,1.709281646193811000e+01
2.785000000000000142e+00,1.707384637393140281e+01
2.786000000000000032e+00,1.710160251884060401e+01
2.786999999999999922e+00,1.708533559853956163e+01
2.787999999999999812e+00,1.717179950108033992e+01
2.789000000000000146e+00,1.704358919048495125e+01
2.790000000000000036e+00,1.709759180287062463e+01
2.790999999999999925e+00,1.710365422416063552e+01
2.791999999999999815e+00,1.713476901015762621e+01
2.793000000000000149e+00,1.705082026585175115e+01
2.794000000000000039e+00,1.710437721285756041e+01
2.794999999999999929e+00,1.712738963427755579e+01
2.795999999999999819e+00,1.705288862666732541e+01
2.797000000000000153e+00,1.711060837791602296e+01
2.798000000000000043e+00,1.714644061462515268e+01
2.798999999999999932e+00,1.705416920179235163e+01
2.799999999999999822e+00,1.715956862541145966e+01
2.801000000000000156e+00,1.700751741549505880e+01
2.802000000000000046e+00,1.702905781416537323e+01
2.802999999999999936e+00,1.703827727358995503e+01
2.803999999999999826e+00,1.706531438942927892e+01
2.805000000000000160e+00,1.697446830627826131e+01
2.806000000000000050e+00,1.713305857641952556e+01
2.806999999999999940e+00,1.711549013765556637e+01
2.807999999999999829e+00,1.708695296588488333e+01
2.809000000000000163e+00,1.709492087954941297e+01
2.810000000000000053e+00,1.707367711349858652e+01
2.810999999999999943e+00,1.702177311021640449e+01
2.811999999999999833e+00,1.708105593697901270e+01
2.813000000000000167e+00,1.711517341623910937e+01
2.814000000000000057e+00,1.702420691349781379e+01
2.814999999999999947e+00,1.708747410695900726e+01
2.815999999999999837e+00,1.706687577538991718e+01
2.817000000000000171e+00,1.711741812549345809e+01
2.818000000000000060e+00,1.710068747447033033e+01
2.818999999999999950e+00,1.706387628546715263e+01
2.819999999999999840e+00,1.704915511981446841e+01
2.821000000000000174e+00,1.703218900308552008e+01
2.822000000000000064e+00,1.702651748884242267e+01
2.822999999999999954e+00,1.709377754255927684e+01
2.823999999999999844e+00,1.704229928806023153e+01
2.825000000000000178e+00,1.705861195727255719e+01
2.826000000000000068e+00,1.710704217551050732e+01
2.826999999999999957e+00,1.704954387113757974e+01
2.827999999999999847e+00,1.707706470798137488e+01
2.829000000000000181e+00,1.707896130117963196e+01
2.830000000000000071e+00,1.702098880611587006e+01
2.830999999999999961e+00,1.703652223235087959e+01
2.831999999999999851e+00,1.715435359574278706e+01
2.833000000000000185e+00,1.700997613358185134e+01
2.834000000000000075e+00,1.704128993786308044e+01
2.834999999999999964e+00,1.705766027074752600e+01
2.835999999999999854e+00,1.700454340632360939e+01
2.837000000000000188e+00,1.705724737429174098e+01
2.838000000000000078e+00,1.701146104643936496e+01
2.838999999999999968e+00,1.700561123093957150e+01
2.839999999999999858e+00,1.705856723790613216e+01
2.841000000000000192e+00,1.710312659108446809e+01
2.842000000000000082e+00,1.710325308075157835e+01
2.842999999999999972e+00,1.708867115800042669e+01
2.843999999999999861e+00,1.709841546143470126e+01
2.845000000000000195e+00,1.703292502733197011e+01
2.846000000000000085e+00,1.700286979115961117e+01
2.846999999999999975e+00,1.696150735883387028e+01
2.847999999999999865e+00,1.702567964864300620e+01
2.849000000000000199e+00,1.704184616223309234e+01
2.850000000000000089e+00,1.701882770608826334e+01
2.850999999999999979e+00,1.695972901025681523e+01
2.851999999999999869e+00,1.704021448564408203e+01
2.853000000000000203e+00,1.706294477426959233e+01
2.854000000000000092e+00,1.706364474246782237e+01
2.854999999999999982e+00,1.717127924107754566e+01
2.855999999999999872e+00,1.708546292316685822e+01
2.857000000000000206e+00,1.700120325648523689e+01
2.858000000000000096e+00,1.713288323262321455e+01
2.858999999999999986e+00,1.705255211211102306e+01
2.859999999999999876e+00,1.711956146838155135e+01
2.861000000000000210e+00,1.710539440184255966e+01
2.862000000000000099e+00,1.706345829308874329e+01
2.862999999999999989e+00,1.710970843693319665e+01
2.863999999999999879e+00,1.705779551685142437e+01
2.865000000000000213e+00,1.715106540519309419e+01
2.866000000000000103e+00,1.710407743302163297e+01
2.866999999999999993e+00,1.716689972862291214e+01
2.867999999999999883e+00,1.714159353506530081e+01
2.869000000000000217e+00,1.711610512061217193e+01
2.870000000000000107e+00,1.717858115672249752e+01
2.870999999999999996e+00,1.713384143422073436e+01
2.871999999999999886e+00,1.714479582890469800e+01
2.873000000000000220e+00,1.714759414230532641e+01
2.874000000000000110e+00,1.715639598804896693e+01
2.875000000000000000e+00,1.711634693963614140e+01
2.875999999999999890e+00,1.714560545027555349e+01
2.876999999999999780e+00,1.710013334299603116e+01
2.878000000000000114e+00,1.711772426188954555e+01
2.879000000000000004e+00,1.710736604621768109e+01
2.879999999999999893e+00,1.715786511911607803e+01
2.880999999999999783e+00,1.721025748205611094e+01
2.882000000000000117e+00,1.711929472304952426e+01
2.883000000000000007e+00,1.712158392989353217e+01
2.883999999999999897e+00,1.709349635890415087e+01
2.884999999999999787e+00,1.710748200382755613e+01
2.886000000000000121e+00,1.704770852665430425e+01
2.887000000000000011e+00,1.703969552147146160e+01
2.887999999999999901e+00,1.705562640335776337e+01
2.888999999999999790e+00,1.708455221851500738e+01
2.890000000000000124e+00,1.705186994262007616e+01
2.891000000000000014e+00,1.707098619181003940e+01
2.891999999999999904e+00,1.707429775477489287e+01
2.892999999999999794e+00,1.709782994977124204e+01
2.894000000000000128e+00,1.710045936593663640e+01
2.895000000000000018e+00,1.710553181523902921e+01
2.895999999999999908e+00,1.711572768415214085e+01
2.896999999999999797e+00,1.705280540241062326e+01
2.898000000000000131e+00,1.710236758850487249e+01
2.899000000000000021e+00,1.707351089046751369e+01
2.899999999999999911e+00,1.708615953410637545e+01
2.900999999999999801e+00,1.701102063945882747e+01
2.902000000000000135e+00,1.708495526649372209e+01
2.903000000000000025e+00,1.701720931953408211e+01
2.903999999999999915e+00,1.705043061907453250e+01
2.904999999999999805e+00,1.706020163620312147e+01
2.906000000000000139e+00,1.709012059923833959e+01
2.907000000000000028e+00,1.704070076504628517e+01
2.907999999999999918e+00,1.702678981515522239e+01
2.908999999999999808e+00,1.704982934923396343e+01
2.910000000000000142e+00,1.710986529849956383e+01
2.911000000000000032e+00,1.707582113352220432e+01
2.911999999999999922e+00,1.704121756097399043e+01
2.912999999999999812e+00,1.712016140805766540e+01
2.914000000000000146e+00,1.707557637836642783e+01
2.915000000000000036e+00,1.706321084754420880e+01
2.915999999999999925e+00,1.703524717783512799e+01
2.916999999999999815e+00,1.705191539939597689e+01
2.918000000000000149e+00,1.705672382686990574e+01
2.919000000000000039e+00,1.710228591431544842e+01
2.919999999999999929e+00,1.716562115076127526e+01
2.920999999999999819e+00,1.710688530164364352e+01
2.922000000000000153e+00,1.713422216817630428e+01
2.923000000000000043e+00,1.713213978395224402e+01
2.923999999999999932e+00,1.704956118534790477e+01
2.924999999999999822e+00,1.698352804228643720e+01
2.926000000000000156e+00,1.703032191048087540e+01
2.927000000000000046e+00,1.704914965958356277e+01
2.927999999999999936e+00,1.704482450814783689e+01
2.928999999999999826e+00,1.701708235580465356e+01
2.930000000000000160e+00,1.708379224920012973e+01
2.931000000000000050e+00,1.710195998076576984e+01
2.931999999999999940e+00,1.710086698767225144e+01
2.932999999999999829e+00,1.704693731119012767e+01
2.934000000000000163e+00,1.702575426598304986e+01
2.935000000000000053e+00,1.707875319222651811e+01
2.935999999999999943e+00,1.708709406593506941e+01
2.936999999999999833e+00,1.707902524753483675e+01
2.938000000000000167e+00,1.705065909182050987e+01
2.939000000000000057e+00,1.710000965449697574e+01
2.939999999999999947e+00,1.707446509504698184e+01
2.940999999999999837e+00,1.702238872870906050e+01
2.942000000000000171e+00,1.712824089873500810e+01
2.943000000000000060e+00,1.703697001839932312e+01
2.943999999999999950e+00,1.704060598139193417e+01
2.944999999999999840e+00,1.700510520515706148e+01
2.946000000000000174e+00,1.700908265008042974e+01
2.947000000000000064e+00,1.694416069330899433e+01
2.947999999999999954e+00,1.708406811209334464e+01
2.948999999999999844e+00,1.696796496292833112e+01
2.950000000000000178e+00,1.704005567149987144e+01
2.951000000000000068e+00,1.702984501786212235e+01
2.951999999999999957e+00,1.696436266260604242e+01
2.952999999999999847e+00,1.708183097296017650e+01
2.954000000000000181e+00,1.705903864302588602e+01
2.955000000000000071e+00,1.704063150733361098e+01
2.955999999999999961e+00,1.702664714578674321e+01
2.956999999999999851e+00,1.702833669678123840e+01
2.958000000000000185e+00,1.704876534689692491e+01
2.959000000000000075e+00,1.704028944486566033e+01
2.959999999999999964e+00,1.708124807684300706e+01
2.960999999999999854e+00,1.702534611210174020e+01
2.962000000000000188e+00,1.705944359679602584e+01
2.963000000000000078e+00,1.707388113010487274e+01
2.963999999999999968e+00,1.701379918698709304e+01
2.964999999999999858e+00,1.702816682859462105e+01
2.966000000000000192e+00,1.703169840408921232e+01
2.967000000000000082e+00,1.704573088935017111e+01
2.967999999999999972e+00,1.705964790851228230e+01
2.968999999999999861e+00,1.707728327453724404e+01
2.970000000000000195e+00,1.706974673342398319e+01
2.971000000000000085e+00,1.703295291503896891e+01
2.971999999999999975e+00,1.717503832290740462e+01
2.972999999999999865e+00,1.708303023765950357e+01
2.974000000000000199e+00,1.705388551786660756e+01
2.975000000000000089e+00,1.706161037301942329e+01
2.975999999999999979e+00,1.713289885042685157e+01
2.976999999999999869e+00,1.706104694355597218e+01
2.978000000000000203e+00,1.704121291032207353e+01
2.979000000000000092e+00,1.713993378593131567e+01
2.979999999999999982e+00,1.703230917739834638e+01
2.980999999999999872e+00,1.707519225667110163e+01
2.982000000000000206e+00,1.706285316738364344e+01
2.983000000000000096e+00,1.703359040257704748e+01
2.983999999999999986e+00,1.702031831832746533e+01
2.984999999999999876e+00,1.705378604194011416e+01
2.986000000000000210e+00,1.701159058374419075e+01
2.987000000000000099e+00,1.710230428277660053e+01
2.987999999999999989e+00,1.704398599188708019e+01
2.988999999999999879e+00,1.705371292897719471e+01
2.990000000000000213e+00,1.700484384058693976e+01
2.991000000000000103e+00,1.704531826773197878e+01
2.991999999999999993e+00,1.707897047581048255e+01
2.992999999999999883e+00,1.701937030388156558e+01
2.994000000000000217e+00,1.696916380457449236e+01
2.995000000000000107e+00,1.701745347922084406e+01
2.995999999999999996e+00,1.706432446488291177e+01
2.996999999999999886e+00,1.703768228521709815e+01
2.998000000000000220e+00,1.708072927316289125e+01
2.999000000000000110e+00,1.705293861069204198e+01
3.000000000000000000e+00,1.701294259064119530e+01
3.000999999999999890e+00,1.698692461200423764e+01
3.001999999999999780e+00,1.701770961644244551e+01
3.003000000000000114e+00,1.704890291967940996e+01
3.004000000000000004e+00,1.700468350953727992e+01
3.004999999999999893e+00,1.714467688455096805e+01
3.005999999999999783e+00,1.700342482763914731e+01
3.007000000000000117e+00,1.704941022031963271e+01
3.008000000000000007e+00,1.705486595548909179e+01
3.008999999999999897e+00,1.701430884111734088e+01
3.009999999999999787e+00,1.699936182047206401e+01
3.011000000000000121e+00,1.704118811054881633e+01
3.012000000000000011e+00,1.707138331645129981e+01
3.012999999999999901e+00,1.699338981691103712e+01
3.013999999999999790e+00,1.699821599193252553e+01
3.015000000000000124e+00,1.703608179586672833e+01
3.016000000000000014e+00,1.709893062708098910e+01
3.016999999999999904e+00,1.701905037018133982e+01
3.017999999999999794e+00,1.704663788999793539e+01
3.019000000000000128e+00,1.704224167330890793e+01
3.020000000000000018e+00,1.707366450478941289e+01
3.020999999999999908e+00,1.707263253952805826e+01
3.021999999999999797e+00,1.705658884583630197e+01
3.023000000000000131e+00,1.703207535386642846e+01
3.024000000000000021e+00,1.703535999769740883e+01
3.024999999999999911e+00,1.698002633855710641e+01
3.025999999999999801e+00,1.706539713058281649e+01
3.027000000000000135e+00,1.703940338364478890e+01
3.028000000000000025e+00,1.703660035800908545e+01
3.028999999999999915e+00,1.705179996523644448e+01
3.029999999999999805e+00,1.705658702084011935e+01
3.031000000000000139e+00,1.703790710503545824e+01
3.032000000000000028e+00,1.713288853169406423e+01
3.032999999999999918e+00,1.701572266122836297e+01
3.033999999999999808e+00,1.701390170070892083e+01
3.035000000000000142e+00,1.702740800062644411e+01
3.036000000000000032e+00,1.707926838093050748e+01
3.036999999999999922e+00,1.700614900461026835e+01
3.037999999999999812e+00,1.704460814405215530e+01
3.039000000000000146e+00,1.700289714637735727e+01
3.040000000000000036e+00,1.701354731534519971e+01
3.040999999999999925e+00,1.703777064121542750e+01
3.041999999999999815e+00,1.696593516628642462e+01
3.043000000000000149e+00,1.697128607635114506e+01
3.044000000000000039e+00,1.697243684363472838e+01
3.044999999999999929e+00,1.701241153876800993e+01
3.045999999999999819e+00,1.702588763586405562e+01
3.047000000000000153e+00,1.692436435287440233e+01
3.048000000000000043e+00,1.700274663289660992e+01
3.048999999999999932e+00,1.701170349124413761e+01
3.049999999999999822e+00,1.705117263613542633e+01
3.051000000000000156e+00,1.698397346668962271e+01
3.052000000000000046e+00,1.701995249146919775e+01
3.052999999999999936e+00,1.703767909428815486e+01
3.053999999999999826e+00,1.702549680134188392e+01
3.055000000000000160e+00,1.699827340799988562e+01
3.056000000000000050e+00,1.701931996281776804e+01
3.056999999999999940e+00,1.695548889987271579e+01
3.057999999999999829e+00,1.700224435250462562e+01
3.059000000000000163e+00,1.698253133777089374e+01
3.060000000000000053e+00,1.704123797585551614e+01
3.060999999999999943e+00,1.704717819673701129e+01
3.061999999999999833e+00,1.708348137505201692e+01
3.063000000000000167e+00,1.710905236109022098e+01
3.064000000000000057e+00,1.715368120827727694e+01
3.064999999999999947e+00,1.712197412542102626e+01
3.065999999999999837e+00,1.707388838530575370e+01
3.067000000000000171e+00,1.711657696738641832e+01
3.068000000000000060e+00,1.705398318811566938e+01
3.068999999999999950e+00,1.705702691753623412e+01
3.069999999999999840e+00,1.705610510653001199e+01
3.071000000000000174e+00,1.706830182936908002e+01
3.072000000000000064e+00,1.704904115399344988e+01
3.072999999999999954e+00,1.702865996591696529e+01
3.073999999999999844e+00,1.710165935803418336e+01
3.075000000000000178e+00,1.707990438682145751e+01
3.076000000000000068e+00,1.697934444919738084e+01
3.076999999999999957e+00,1.700155121597851249e+01
3.077999999999999847e+00,1.701530206404224899e+01
3.079000000000000181e+00,1.706971151447191914e+01
3.080000000000000071e+00,1.696293648884427085e+01
3.080999999999999961e+00,1.701817259844958841e+01
3.081999999999999851e+00,1.711504802210751919e+01
3.083000000000000185e+00,1.702981641070626040e+01
3.084000000000000075e+00,1.705089195628992016e+01
3.084999999999999964e+00,1.706352344549182121e+01
3.085999999999999854e+00,1.701483216815556077e+01
3.087000000000000188e+00,1.709209449710246886e+01
3.088000000000000078e+00,1.698380601304977233e+01
3.088999999999999968e+00,1.699705970078299089e+01
3.089999999999999858e+00,1.703792018027631627e+01
3.091000000000000192e+00,1.697171542929343957e+01
3.092000000000000082e+00,1.700545875530734818e+01
3.092999999999999972e+00,1.713046231934099950e+01
3.093999999999999861e+00,1.707866971096434838e+01
3.095000000000000195e+00,1.710812056923944624e+01
3.096000000000000085e+00,1.704948829530860266e+01
3.096999999999999975e+00,1.710700505163711327e+01
3.097999999999999865e+00,1.707883678882050305e+01
3.099000000000000199e+00,1.707556727439230215e+01
3.100000000000000089e+00,1.710577409121015080e+01
3.100999999999999979e+00,1.713909850576809291e+01
3.101999999999999869e+00,1.711478136517876791e+01
3.103000000000000203e+00,1.706390727579835698e+01
3.104000000000000092e+00,1.708547135779922854e+01
3.104999999999999982e+00,1.707825462095687286e+01
3.105999999999999872e+00,1.708692370019900508e+01
3.107000000000000206e+00,1.709153722971275613e+01
3.108000000000000096e+00,1.706801080140343174e+01
3.108999999999999986e+00,1.701840477959230569e+01
3.109999999999999876e+00,1.698462868395000669e+01
3.111000000000000210e+00,1.704618377814411190e+01
3.112000000000000099e+00,1.701003118556680604e+01
3.112999999999999989e+00,1.703469967306350341e+01
3.113999999999999879e+00,1.702486780463258498e+01
3.115000000000000213e+00,1.706185383970165148e+01
3.116000000000000103e+00,1.695282075493781093e+01
3.116999999999999993e+00,1.703090507591881675e+01
3.117999999999999883e+00,1.709095634728717528e+01
3.119000000000000217e+00,1.705524584155644519e+01
3.120000000000000107e+00,1.707542754229831061e+01
3.120999999999999996e+00,1.711962231817976132e+01
3.121999999999999886e+00,1.708681410093765152e+01
3.123000000000000220e+00,1.711755921653314161e+01
3.124000000000000110e+00,1.707706144642843071e+01
3.125000000000000000e+00,1.708720169870340300e+01
3.125999999999999890e+00,1.711158283011247150e+01
3.126999999999999780e+00,1.704986615930865312e+01
3.128000000000000114e+00,1.705188541404990943e+01
3.129000000000000004e+00,1.700200279098259770e+01
3.129999999999999893e+00,1.704324103074960561e+01
3.130999999999999783e+00,1.707992874093574898e+01
3.132000000000000117e+00,1.709107547945457384e+01
3.133000000000000007e+00,1.713403597336082029e+01
3.133999999999999897e+00,1.710186128700273400e+01
3.134999999999999787e+00,1.698379396885587411e+01
3.136000000000000121e+00,1.708644725510285411e+01
3.137000000000000011e+00,1.717792692446385061e+01
3.137999999999999901e+00,1.713862520876593010e+01
3.138999999999999790e+00,1.706096249554193278e+01
3.140000000000000124e+00,1.707906147867331015e+01
3.141000000000000014e+00,1.707732299368159090e+01
3.141999999999999904e+00,1.710950577629792946e+01
3.142999999999999794e+00,1.713150968387391515e+01
3.144000000000000128e+00,1.712275177183057906e+01
3.145000000000000018e+00,1.715576339165120245e+01
3.145999999999999908e+00,1.714807599373310865e+01
3.146999999999999797e+00,1.714224047418862895e+01
3.148000000000000131e+00,1.709095510567451726e+01
3.149000000000000021e+00,1.716487782827866582e+01
3.149999999999999911e+00,1.703556873542585492e+01
3.150999999999999801e+00,1.711702017225672989e+01
3.152000000000000135e+00,1.713607342930295729e+01
3.153000000000000025e+00,1.714905041128935892e+01
3.153999999999999915e+00,1.714593055834256319e+01
3.154999999999999805e+00,1.704461813414797788e+01
3.156000000000000139e+00,1.708988086696123432e+01
3.157000000000000028e+00,1.712833672227385762e+01
3.157999999999999918e+00,1.701937715715961730e+01
3.158999999999999808e+00,1.704069681616980603e+01
3.160000000000000142e+00,1.710361439156595154e+01
3.161000000000000032e+00,1.708565898186519405e+01
3.161999999999999922e+00,1.707684351662398825e+01
3.162999999999999812e+00,1.704686356999679475e+01
3.164000000000000146e+00,1.707507524931642351e+01
3.165000000000000036e+00,1.704485468836439566e+01
3.165999999999999925e+00,1.712150064536354677e+01
3.166999999999999815e+00,1.713830768152849160e+01
3.168000000000000149e+00,1.716698490808586186e+01
3.169000000000000039e+00,1.713929279682919571e+01
3.169999999999999929e+00,1.710807047217967636e+01
3.170999999999999819e+00,1.713067310981862335e+01
3.172000000000000153e+00,1.707531522562937099e+01
3.173000000000000043e+00,1.708836868468385717e+01
3.173999999999999932e+00,1.705025954671283017e+01
3.174999999999999822e+00,1.711018041670413226e+01
3.176000000000000156e+00,1.707260425222858657e+01
3.177000000000000046e+00,1.711779432944376111e+01
3.177999999999999936e+00,1.707178931158098933e+01
3.178999999999999826e+00,1.707393028438887939e+01
3.180000000000000160e+00,1.713950249314126140e+01
3.181000000000000050e+00,1.704292888234736481e+01
3.181999999999999940e+00,1.706418371580586069e+01
3.182999999999999829e+00,1.704303424049136950e+01
3.184000000000000163e+00,1.702654226402331616e+01
3.185000000000000053e+00,1.708146933843062953e+01
3.185999999999999943e+00,1.708049178046483618e+01
3.186999999999999833e+00,1.713914191898054895e+01
3.188000000000000167e+00,1.711350907294169943e+01
3.189000000000000057e+00,1.713608470741078094e+01
3.189999999999999947e+00,1.704356449316897937e+01
3.190999999999999837e+00,1.705103822413873615e+01
3.192000000000000171e+00,1.708820544291718235e+01
3.193000000000000060e+00,1.716349897964402160e+01
3.193999999999999950e+00,1.708944793681224184e+01
3.194999999999999840e+00,1.713846608872195176e+01
3.196000000000000174e+00,1.715697006438109540e+01
3.197000000000000064e+00,1.710805330644487299e+01
3.197999999999999954e+00,1.710540341154377231e+01
3.198999999999999844e+00,1.704870211050536355e+01
3.200000000000000178e+00,1.700842120222728937e+01
3.201000000000000068e+00,1.708751948610044025e+01
3.201999999999999957e+00,1.700765842800958794e+01
3.202999999999999847e+00,1.704146154056996210e+01
3.204000000000000181e+00,1.706252445790171990e+01
3.205000000000000071e+00,1.701921595748073202e+01
3.205999999999999961e+00,1.707821834401982386e+01
3.206999999999999851e+00,1.704736195274188049e+01
3.208000000000000185e+00,1.711388930193292879e+01
3.209000000000000075e+00,1.709889695779587626e+01
3.209999999999999964e+00,1.707452815311995309e+01
3.210999999999999854e+00,1.709627836451640093e+01
3.212000000000000188e+00,1.712166757387120697e+01
3.213000000000000078e+00,1.699407192836992309e+01
3.213999999999999968e+00,1.705841828963859186e+01
3.214999999999999858e+00,1.711004720644712052e+01
3.216000000000000192e+00,1.704847189879764002e+01
3.217000000000000082e+00,1.707095775752977573e+01
3.217999999999999972e+00,1.705774301090442435e+01
3.218999999999999861e+00,1.711245037640680522e+01
3.220000000000000195e+00,1.703578278973937543e+01
3.221000000000000085e+00,1.711390144238279021e+01
3.221999999999999975e+00,1.703242915215862041e+01
3.222999999999999865e+00,1.705455313559481567e+01
3.224000000000000199e+00,1.702576338306263892e+01
3.225000000000000089e+00,1.704105735662776056e+01
3.225999999999999979e+00,1.702824370464042758e+01
3.226999999999999869e+00,1.706786677454902090e+01
3.228000000000000203e+00,1.709290874231379576e+01
3.229000000000000092e+00,1.705714858759530728e+01
3.229999999999999982e+00,1.704779021533762418e+01
3.230999999999999872e+00,1.710121494558477906e+01
3.232000000000000206e+00,1.700065891442530130e+01
3.233000000000000096e+00,1.707271343859911994e+01
3.233999999999999986e+00,1.715748099252918024e+01
3.234999999999999876e+00,1.705251129284614109e+01
3.236000000000000210e+00,1.704624522392242625e+01
3.237000000000000099e+00,1.703076249500252004e+01
3.237999999999999989e+00,1.700493642996652710e+01
3.238999999999999879e+00,1.702840445132388680e+01
3.240000000000000213e+00,1.695536424186636637e+01
3.241000000000000103e+00,1.703537898343277135e+01
3.241999999999999993e+00,1.703881567926149287e+01
3.242999999999999883e+00,1.707753307653575092e+01
3.244000000000000217e+00,1.708543392645310277e+01
3.245000000000000107e+00,1.701871375405589504e+01
3.245999999999999996e+00,1.706851433183240729e+01
3.246999999999999886e+00,1.700185165099031792e+01
3.248000000000000220e+00,1.712545962169018665e+01
3.249000000000000110e+00,1.708059708924026410e+01
3.250000000000000000e+00,1.697925656576756026e+01
3.250999999999999890e+00,1.701944987050040581e+01
3.251999999999999780e+00,1.703463129809826171e+01
3.253000000000000114e+00,1.699785194574943503e+01
3.254000000000000004e+00,1.702610194349525230e+01
3.254999999999999893e+00,1.703700719916818329e+01
3.255999999999999783e+00,1.701973048003748801e+01
3.257000000000000117e+00,1.697123409052433729e+01
3.258000000000000007e+00,1.702737513966642879e+01
3.258999999999999897e+00,1.705443826503301707e+01
3.259999999999999787e+00,1.700830250972669688e+01
3.261000000000000121e+00,1.709052218627484265e+01
3.262000000000000011e+00,1.706669273942428333e+01
3.262999999999999901e+00,1.702118173966733750e+01
3.263999999999999790e+00,1.703230910479830129e+01
3.265000000000000124e+00,1.700367104892433190e+01
3.266000000000000014e+00,1.704919128215387403e+01
3.266999999999999904e+00,1.700291306842952821e+01
3.267999999999999794e+00,1.697033954716227555e+01
3.269000000000000128e+00,1.703942364117487784e+01
3.270000000000000018e+00,1.697799644321898427e+01
3.270999999999999908e+00,1.699660903988884897e+01
3.271999999999999797e+00,1.703040274530513543e+01
3.273000000000000131e+00,1.705175693208370902e+01
3.274000000000000021e+00,1.703804972042064847e+01
3.274999999999999911e+00,1.702216993695040870e+01
3.275999999999999801e+00,1.706117707871620226e+01
3.277000000000000135e+00,1.701873611393170549e+01
3.278000000000000025e+00,1.703523306912670066e+01
3.278999999999999915e+00,1.704072518633329025e+01
3.279999999999999805e+00,1.702891374565875893e+01
3.281000000000000139e+00,1.701988454312659016e+01
3.282000000000000028e+00,1.700691297332215157e+01
3.282999999999999918e+00,1.702815099742226579e+01
3.283999999999999808e+00,1.701169165413832118e+01
3.285000000000000142e+00,1.702827308886858759e+01
3.286000000000000032e+00,1.703399651184533425e+01
3.286999999999999922e+00,1.701278213728553723e+01
3.287999999999999812e+00,1.700270582334355751e+01
3.289000000000000146e+00,1.705540951032423536e+01
3.290000000000000036e+00,1.705060745825458923e+01
3.290999999999999925e+00,1.704654039290017664e+01
3.291999999999999815e+00,1.703521296250853467e+01
3.293000000000000149e+00,1.706945373414883704e+01
3.294000000000000039e+00,1.704076982540911445e+01
3.294999999999999929e+00,1.703366526504236589e+01
3.295999999999999819e+00,1.703970294690504161e+01
3.297000000000000153e+00,1.699112220128112938e+01
3.298000000000000043e+00,1.709738927344253057e+01
3.298999999999999932e+00,1.701175665294706363e+01
3.299999999999999822e+00,1.703105285017326764e+01
3.301000000000000156e+00,1.702037642839628973e+01
3.302000000000000046e+00,1.701853018928744277e+01
3.302999999999999936e+00,1.694018230991569496e+01
3.303999999999999826e+00,1.704703159494680165e+01
3.305000000000000160e+00,1.703724727656872417e+01
3.306000000000000050e+00,1.708628710362995307e+01
3.306999999999999940e+00,1.700771768121894922e+01
3.307999999999999829e+00,1.702914945595789220e+01
3.309000000000000163e+00,1.703771400039060779e+01
3.310000000000000053e+00,1.698132735222490197e+01
3.310999999999999943e+00,1.702130449493342468e+01
3.311999999999999833e+00,1.696877552903077202e+01
3.313000000000000167e+00,1.702722335081291405e+01
3.314000000000000057e+00,1.695657323454550536e+01
3.314999999999999947e+00,1.697749434991128936e+01
3.315999999999999837e+00,1.702614703582227662e+01
3.317000000000000171e+00,1.705335451564189952e+01
3.318000000000000060e+00,1.711428341837958200e+01
3.318999999999999950e+00,1.706799321976340522e+01
3.319999999999999840e+00,1.703081101496162475e+01
3.321000000000000174e+00,1.711839005856583995e+01
3.322000000000000064e+00,1.703473874093412022e+01
3.322999999999999954e+00,1.705272184169896832e+01
3.323999999999999844e+00,1.705304587086858348e+01
3.325000000000000178e+00,1.709332180889945008e+01
3.326000000000000068e+00,1.710464064030850651e+01
3.326999999999999957e+00,1.702615079389851616e+01
3.327999999999999847e+00,1.701269811233779095e+01
3.329000000000000181e+00,1.703825229242547934e+01
3.330000000000000071e+00,1.703457934350185354e+01
3.330999999999999961e+00,1.703821840883420435e+01
3.331999999999999851e+00,1.706998305372055569e+01
3.333000000000000185e+00,1.707513011212980913e+01
3.334000000000000075e+00,1.708644666491262143e+01
3.334999999999999964e+00,1.711011036320014256e+01
3.335999999999999854e+00,1.705382682273470607e+01
3.337000000000000188e+00,1.706423474501800897e+01
3.338000000000000078e+00,1.703309747435177002e+01
3.338999999999999968e+00,1.710954704659349801e+01
3.339999999999999858e+00,1.708349456614165973e+01
3.341000000000000192e+00,1.706726666594556718e+01
3.342000000000000082e+00,1.703756247893747044e+01
3.342999999999999972e+00,1.700732066567307754e+01
3.343999999999999861e+00,1.702312378609128274e+01
3.345000000000000195e+00,1.706838939307396430e+01
3.346000000000000085e+00,1.703126381662436728e+01
3.346999999999999975e+00,1.711121381281033038e+01
3.347999999999999865e+00,1.701135776693273272e+01
3.349000000000000199e+00,1.705652871414713445e+01
3.350000000000000089e+00,1.700536732171995169e+01
3.350999999999999979e+00,1.697192003540933314e+01
3.351999999999999869e+00,1.706709696333542681e+01
3.353000000000000203e+00,1.703506111962170877e+01
3.354000000000000092e+00,1.706193784265703428e+01
3.354999999999999982e+00,1.700075397992679171e+01
3.355999999999999872e+00,1.712584916248438915e+01
3.357000000000000206e+00,1.700374750251463141e+01
3.358000000000000096e+00,1.693651242012401781e+01
3.358999999999999986e+00,1.706526667644435946e+01
3.359999999999999876e+00,1.695400096289669989e+01
3.361000000000000210e+00,1.710133575379470372e+01
3.362000000000000099e+00,1.702583417231435448e+01
3.362999999999999989e+00,1.708080784160980059e+01
3.363999999999999879e+00,1.706406105651098670e+01
3.365000000000000213e+00,1.701097060925210513e+01
3.366000000000000103e+00,1.704399817465279909e+01
3.366999999999999993e+00,1.706968746975519835e+01
3.367999999999999883e+00,1.715686802142240808e+01
3.369000000000000217e+00,1.708316367141658532e+01
3.370000000000000107e+00,1.706189078626335132e+01
3.370999999999999996e+00,1.706607858942611955e+01
3.371999999999999886e+00,1.720116288321034759e+01
3.373000000000000220e+00,1.701464343477785235e+01
3.374000000000000110e+00,1.706407534364086942e+01
3.375000000000000000e+00,1.714426123369099386e+01
3.375999999999999890e+00,1.704523473550894508e+01
3.376999999999999780e+00,1.706752905087546424e+01
3.378000000000000114e+00,1.703204410124100932e+01
3.379000000000000004e+00,1.704728450673437123e+01
3.379999999999999893e+00,1.708121504833745874e+01
3.380999999999999783e+00,1.704913797852213264e+01
3.382000000000000117e+00,1.699477172222050569e+01
3.383000000000000007e+00,1.701830748833582163e+01
3.383999999999999897e+00,1.701089568580091083e+01
3.384999999999999787e+00,1.702725232082031681e+01
3.386000000000000121e+00,1.703894471681710954e+01
3.387000000000000011e+00,1.698911743556491061e+01
3.387999999999999901e+00,1.697674942932115272e+01
3.388999999999999790e+00,1.702030967957878715e+01
3.390000000000000124e+00,1.695130035745489749e+01
3.391000000000000014e+00,1.695589313926851815e+01
3.391999999999999904e+00,1.702848723035437928e+01
3.392999999999999794e+00,1.696464795005077519e+01
3.394000000000000128e+00,1.698455366995340299e+01
3.395000000000000018e+00,1.701028512199854248e+01
3.395999999999999908e+00,1.697331561669160749e+01
3.396999999999999797e+00,1.698591807502669226e+01
3.398000000000000131e+00,1.696618308242038609e+01
3.399000000000000021e+00,1.703581644798784467e+01
3.399999999999999911e+00,1.696282524000863035e+01
3.400999999999999801e+00,1.700751875646562183e+01
3.402000000000000135e+00,1.699779450098348832e+01
3.403000000000000025e+00,1.708411698792546574e+01
3.403999999999999915e+00,1.702941464209031253e+01
3.404999999999999805e+00,1.697393997306814128e+01
3.406000000000000139e+00,1.701009374305742128e+01
3.407000000000000028e+00,1.699231110495485098e+01
3.407999999999999918e+00,1.703776694691899252e+01
3.408999999999999808e+00,1.699874762872886791e+01
3.410000000000000142e+00,1.699760391086793021e+01
3.411000000000000032e+00,1.704441416759034311e+01
3.411999999999999922e+00,1.698180887708472042e+01
3.412999999999999812e+00,1.695609317035731323e+01
3.414000000000000146e+00,1.699015091953521761e+01
3.415000000000000036e+00,1.693042937378494983e+01
3.415999999999999925e+00,1.695278821969586147e+01
3.416999999999999815e+00,1.699463051214066311e+01
3.418000000000000149e+00,1.694202839364634627e+01
3.419000000000000039e+00,1.697973283838985381e+01
3.419999999999999929e+00,1.694702868873905999e+01
3.420999999999999819e+00,1.697370800189766271e+01
3.422000000000000153e+00,1.696321918539231888e+01
3.423000000000000043e+00,1.702284144367769869e+01
3.423999999999999932e+00,1.701927658418289724e+01
3.424999999999999822e+00,1.700913606710401282e+01
3.426000000000000156e+00,1.701939638039472769e+01
3.427000000000000046e+00,1.699878901827150557e+01
3.427999999999999936e+00,1.702347291402394092e+01
3.428999999999999826e+00,1.697689197223100876e+01
3.430000000000000160e+00,1.699716632852517506e+01
3.431000000000000050e+00,1.703938282820248418e+01
3.431999999999999940e+00,1.699009304144541943e+01
3.432999999999999829e+00,1.694702402321975754e+01
3.434000000000000163e+00,1.696157273083955275e+01
3.435000000000000053e+00,1.699474539123311345e+01
3.435999999999999943e+00,1.700690534967766609e+01
3.436999999999999833e+00,1.702222292488638189e+01
3.438000000000000167e+00,1.698181536569175520e+01
3.439000000000000057e+00,1.698476606151670865e+01
3.439999999999999947e+00,1.698255482645631531e+01
3.440999999999999837e+00,1.699153883565544376e+01
3.442000000000000171e+00,1.694795666256376876e+01
3.443000000000000060e+00,1.691398914089476690e+01
3.443999999999999950e+00,1.693780362021300334e+01
3.444999999999999840e+00,1.701280408441891012e+01
3.446000000000000174e+00,1.697928471482303081e+01
3.447000000000000064e+00,1.696911561230382759e+01
3.447999999999999954e+00,1.698558582922160198e+01
3.448999999999999844e+00,1.694800642914862721e+01
3.450000000000000178e+00,1.697322927318651153e+01
3.451000000000000068e+00,1.699505263390708976e+01
3.451999999999999957e+00,1.693106478697035300e+01
3.452999999999999847e+00,1.703975722525554204e+01
3.454000000000000181e+00,1.695317306603073249e+01
3.455000000000000071e+00,1.698149955929561727e+01
3.455999999999999961e+00,1.697648331940591504e+01
3.456999999999999851e+00,1.693866160988588376e+01
3.458000000000000185e+00,1.692053102417909827e+01
3.459000000000000075e+00,1.695272660202153858e+01
3.459999999999999964e+00,1.693106063559608998e+01
3.460999999999999854e+00,1.690545755116115245e+01
3.462000000000000188e+00,1.696212513734627692e+01
3.463000000000000078e+00,1.700487516206368355e+01
3.463999999999999968e+00,1.697111041350309790e+01
3.464999999999999858e+00,1.699336508335904128e+01
3.466000000000000192e+00,1.701752029963904533e+01
3.467000000000000082e+00,1.697158801389381111e+01
3.467999999999999972e+00,1.705731658529153449e+01
3.468999999999999861e+00,1.704449193370169624e+01
3.470000000000000195e+00,1.699383361197837417e+01
3.471000000000000085e+00,1.697133755665283061e+01
3.471999999999999975e+00,1.701613535746435346e+01
3.472999999999999865e+00,1.699848810234716368e+01
3.474000000000000199e+00,1.695558781909953439e+01
3.475000000000000089e+00,1.693228869025798033e+01
3.475999999999999979e+00,1.703203357098711379e+01
3.476999999999999869e+00,1.702158077875060371e+01
3.478000000000000203e+00,1.696784074178611945e+01
3.479000000000000092e+00,1.693790391063012635e+01
3.479999999999999982e+00,1.703942862884925091e+01
3.480999999999999872e+00,1.704299418749560502e+01
3.482000000000000206e+00,1.697244166563990575e+01
3.483000000000000096e+00,1.698306462512046622e+01
3.483999999999999986e+00,1.696222521258754767e+01
3.484999999999999876e+00,1.696515343634057515e+01
3.486000000000000210e+00,1.692392225196709887e+01
3.487000000000000099e+00,1.694655850940151964e+01
3.487999999999999989e+00,1.694922978777513833e+01
3.488999999999999879e+00,1.697068082907534858e+01
3.490000000000000213e+00,1.698296068549286630e+01
3.491000000000000103e+00,1.697439715270787275e+01
3.491999999999999993e+00,1.699309073299039596e+01
3.492999999999999883e+00,1.691351493856678800e+01
3.494000000000000217e+00,1.700694511616023874e+01
3.495000000000000107e+00,1.701542498356867128e+01
3.495999999999999996e+00,1.708579195792944461e+01
3.496999999999999886e+00,1.701821503820719528e+01
3.498000000000000220e+00,1.704178498799680952e+01
3.499000000000000110e+00,1.699876207658783045e+01
3.500000000000000000e+00,1.693285312110628738e+01
3.500999999999999890e+00,1.699029810823674680e+01
3.501999999999999780e+00,1.704639594115434775e+01
3.503000000000000114e+00,1.694968531792988031e+01
3.504000000000000004e+00,1.698057580056556404e+01
3.504999999999999893e+00,1.696169286456400727e+01
3.505999999999999783e+00,1.699766389391098897e+01
3.507000000000000117e+00,1.697809595972135455e+01
3.508000000000000007e+00,1.693387696917212892e+01
3.508999999999999897e+00,1.692556848362412580e+01
3.509999999999999787e+00,1.700595974529895216e+01
3.511000000000000121e+00,1.701451576147406541e+01
3.512000000000000011e+00,1.694530897106466227e+01
3.512999999999999901e+00,1.695797414103913425e+01
3.513999999999999790e+00,1.698515570039050004e+01
3.515000000000000124e+00,1.697447101839852834e+01
3.516000000000000014e+00,1.695352811567984475e+01
3.516999999999999904e+00,1.695760608183689655e+01
3.517999999999999794e+00,1.696538367072968967e+01
3.519000000000000128e+00,1.700182909637831230e+01
3.520000000000000018e+00,1.703130696757752816e+01
3.520999999999999908e+00,1.706705145198414897e+01
3.521999999999999797e+00,1.699249939721532598e+01
3.523000000000000131e+00,1.700482705515676329e+01
3.524000000000000021e+00,1.696474557612074463e+01
3.524999999999999911e+00,1.692052691688967059e+01
3.525999999999999801e+00,1.696647365645862848e+01
3.527000000000000135e+00,1.700023939058456790e+01
3.528000000000000025e+00,1.699406212481612144e+01
3.528999999999999915e+00,1.698432106944697040e+01
3.529999999999999805e+00,1.704863035682574335e+01
3.531000000000000139e+00,1.698163797948152265e+01
3.532000000000000028e+00,1.698208945621085775e+01
3.532999999999999918e+00,1.696967457827891934e+01
3.533999999999999808e+00,1.702984233387370949e+01
3.535000000000000142e+00,1.693427364988290407e+01
3.536000000000000032e+00,1.695923950781472911e+01
3.536999999999999922e+00,1.697284439260837630e+01
3.537999999999999812e+00,1.695832007736853342e+01
3.539000000000000146e+00,1.692504482714758751e+01
3.540000000000000036e+00,1.697051685943932497e+01
3.540999999999999925e+00,1.695031701990961182e+01
3.541999999999999815e+00,1.696353444872851313e+01
3.543000000000000149e+00,1.691871381743864333e+01
3.544000000000000039e+00,1.700049810830227415e+01
3.544999999999999929e+00,1.699268823685361696e+01
3.545999999999999819e+00,1.693519314975307921e+01
3.547000000000000153e+00,1.689157054829694005e+01
3.548000000000000043e+00,1.695039205867117005e+01
3.548999999999999932e+00,1.698097232099594578e+01
3.549999999999999822e+00,1.694157662845660184e+01
3.551000000000000156e+00,1.691173128359572431e+01
3.552000000000000046e+00,1.690137271351725445e+01
3.552999999999999936e+00,1.693661263397267547e+01
3.553999999999999826e+00,1.695902529345902821e+01
3.555000000000000160e+00,1.694586761797730290e+01
3.556000000000000050e+00,1.695881661016838038e+01
3.556999999999999940e+00,1.689632362017008660e+01
3.557999999999999829e+00,1.695515306962432334e+01
3.559000000000000163e+00,1.693266756755965119e+01
3.560000000000000053e+00,1.687709553223608694e+01
3.560999999999999943e+00,1.694422959452264976e+01
3.561999999999999833e+00,1.691951682510996591e+01
3.563000000000000167e+00,1.692166065778265960e+01
3.564000000000000057e+00,1.694865813348342343e+01
3.564999999999999947e+00,1.694710633839712344e+01
3.565999999999999837e+00,1.693031375419910489e+01
3.567000000000000171e+00,1.697237621789059858e+01
3.568000000000000060e+00,1.686990022244785337e+01
3.568999999999999950e+00,1.688111966233576666e+01
3.569999999999999840e+00,1.698022104569536950e+01
3.571000000000000174e+00,1.698237273521302981e+01
3.572000000000000064e+00,1.695515397868017260e+01
3.572999999999999954e+00,1.703134415328251094e+01
3.573999999999999844e+00,1.699445741460439407e+01
3.575000000000000178e+00,1.697156433937795939e+01
3.576000000000000068e+00,1.691014666292721458e+01
3.576999999999999957e+00,1.698354032846522799e+01
3.577999999999999847e+00,1.695180137428369704e+01
3.579000000000000181e+00,1.695808035751993970e+01
3.580000000000000071e+00,1.697181005772123186e+01
3.580999999999999961e+00,1.697622145956490769e+01
3.581999999999999851e+00,1.698093776605202265e+01
3.583000000000000185e+00,1.700013445861723227e+01
3.584000000000000075e+00,1.695057710909222948e+01
3.584999999999999964e+00,1.699735605502747404e+01
3.585999999999999854e+00,1.696507421471880406e+01
3.587000000000000188e+00,1.698321000745167098e+01
3.588000000000000078e+00,1.694495556237715306e+01
3.588999999999999968e+00,1.690700435657216261e+01
3.589999999999999858e+00,1.693012526952907493e+01
3.591000000000000192e+00,1.696938029770237222e+01
3.592000000000000082e+00,1.695938272149045289e+01
3.592999999999999972e+00,1.696218044767226729e+01
3.593999999999999861e+00,1.698893227836935438e+01
3.595000000000000195e+00,1.701767260542500892e+01
3.596000000000000085e+00,1.699055082319170040e+01
3.596999999999999975e+00,1.700858372028162435e+01
3.597999999999999865e+00,1.696465237823001715e+01
3.599000000000000199e+00,1.692669127188022671e+01
3.600000000000000089e+00,1.703858292240435546e+01
3.600999999999999979e+00,1.696031887839468055e+01
3.601999999999999869e+00,1.700539123038266709e+01
3.603000000000000203e+00,1.705714563254328198e+01
3.604000000000000092e+00,1.701625973577653994e+01
3.604999999999999982e+00,1.694960741023520967e+01
3.605999999999999872e+00,1.699645905169173687e+01
3.607000000000000206e+00,1.698064707375659310e+01
3.608000000000000096e+00,1.698970875822642412e+01
3.608999999999999986e+00,1.695542824449453079e+01
3.609999999999999876e+00,1.694858484634271889e+01
3.611000000000000210e+00,1.699060608980910203e+01
3.612000000000000099e+00,1.693490623890269120e+01
3.612999999999999989e+00,1.700657970070714242e+01
3.613999999999999879e+00,1.699548127432117894e+01
3.615000000000000213e+00,1.695707831899867557e+01
3.616000000000000103e+00,1.695666214666373861e+01
3.616999999999999993e+00,1.693771777274428203e+01
3.617999999999999883e+00,1.699933010234440900e+01
3.619000000000000217e+00,1.697793371980913335e+01
3.620000000000000107e+00,1.699457890588696074e+01
3.620999999999999996e+00,1.690757382830082989e+01
3.621999999999999886e+00,1.693976229681585366e+01
3.623000000000000220e+00,1.690135261357015395e+01
3.624000000000000110e+00,1.691275173484633143e+01
3.625000000000000000e+00,1.690348116021939617e+01
3.625999999999999890e+00,1.691548780694885323e+01
3.626999999999999780e+00,1.688685620735374826e+01
3.628000000000000114e+00,1.698680090859335223e+01
3.629000000000000004e+00,1.688736911136409802e+01
3.629999999999999893e+00,1.691123598686213114e+01
3.630999999999999783e+00,1.689549739693942598e+01
3.632000000000000117e+00,1.690601094324499343e+01
3.633000000000000007e+00,1.696203689425097849e+01
3.633999999999999897e+00,1.698606706628095253e+01
3.634999999999999787e+00,1.697987343228114909e+01
3.636000000000000121e+00,1.696884931846742361e+01
3.637000000000000011e+00,1.698560907235228967e+01
3.637999999999999901e+00,1.697035870080978981e+01
3.638999999999999790e+00,1.701391971282624382e+01
3.640000000000000124e+00,1.703529246462084146e+01
3.641000000000000014e+00,1.705666185221981124e+01
3.641999999999999904e+00,1.704756386551300551e+01
3.642999999999999794e+00,1.703330242978221065e+01
3.644000000000000128e+00,1.695685609355387058e+01
3.645000000000000018e+00,1.699173027223210752e+01
3.645999999999999908e+00,1.704499525978662433e+01
3.646999999999999797e+00,1.700583735831736476e+01
3.648000000000000131e+00,1.693591044760793096e+01
3.649000000000000021e+00,1.696143045340910760e+01
3.649999999999999911e+00,1.690039523218240092e+01
3.650999999999999801e+00,1.696897861206692681e+01
3.652000000000000135e+00,1.689667316492916882e+01
3.653000000000000025e+00,1.698464373020302531e+01
3.653999999999999915e+00,1.698941214115066245e+01
3.654999999999999805e+00,1.707663837839229615e+01
3.656000000000000139e+00,1.696370907454732091e+01
3.657000000000000028e+00,1.695998672361824688e+01
3.657999999999999918e+00,1.698592558531289853e+01
3.658999999999999808e+00,1.694111677222582912e+01
3.660000000000000142e+00,1.699205242369852442e+01
3.661000000000000032e+00,1.694516144362624388e+01
3.661999999999999922e+00,1.694186141399272216e+01
3.662999999999999812e+00,1.699148007018411022e+01
3.664000000000000146e+00,1.698265228189128351e+01
3.665000000000000036e+00,1.696090617807711354e+01
3.665999999999999925e+00,1.691958007217216320e+01
3.666999999999999815e+00,1.695397609556830076e+01
3.668000000000000149e+00,1.707091836495783710e+01
3.669000000000000039e+00,1.697338820798675130e+01
3.669999999999999929e+00,1.697527678330655121e+01
3.670999999999999819e+00,1.696489911388018612e+01
3.672000000000000153e+00,1.696326041610462454e+01
3.673000000000000043e+00,1.695400976216403777e+01
3.673999999999999932e+00,1.694873000082661463e+01
3.674999999999999822e+00,1.691222762332989404e+01
3.676000000000000156e+00,1.696956500100446874e+01
3.677000000000000046e+00,1.694751992341356583e+01
3.677999999999999936e+00,1.689090811475718468e+01
3.678999999999999826e+00,1.698185102172454108e+01
3.680000000000000160e+00,1.696448521873445259e+01
3.681000000000000050e+00,1.697194262616925897e+01
3.681999999999999940e+00,1.697115765893179429e+01
3.682999999999999829e+00,1.697295333428537845e+01
3.684000000000000163e+00,1.693489409347223784e+01
3.685000000000000053e+00,1.695596506680633553e+01
3.685999999999999943e+00,1.701915926203824725e+01
3.686999999999999833e+00,1.693245059881193271e+01
3.688000000000000167e+00,1.695367087656926941e+01
3.689000000000000057e+00,1.692927461623208174e+01
3.689999999999999947e+00,1.697243575302535135e+01
3.690999999999999837e+00,1.696149117985947186e+01
3.692000000000000171e+00,1.699719559521692602e+01
3.693000000000000060e+00,1.696197513544272439e+01
3.693999999999999950e+00,1.691520860702518192e+01
3.694999999999999840e+00,1.691948506378814088e+01
3.696000000000000174e+00,1.694547564842849852e+01
3.697000000000000064e+00,1.693653143405438755e+01
3.697999999999999954e+00,1.698614363472118072e+01
3.698999999999999844e+00,1.692173802695930362e+01
3.700000000000000178e+00,1.697852881644963574e+01
3.701000000000000068e+00,1.701165354510791516e+01
3.701999999999999957e+00,1.694250506165202808e+01
3.702999999999999847e+00,1.691255492578687480e+01
3.704000000000000181e+00,1.694223300877167304e+01
3.705000000000000071e+00,1.697293210477342029e+01
3.705999999999999961e+00,1.696831342391316610e+01
3.706999999999999851e+00,1.698197683618368359e+01
3.708000000000000185e+00,1.694804410790371207e+01
3.709000000000000075e+00,1.700589605225768608e+01
3.709999999999999964e+00,1.696857232958870298e+01
3.710999999999999854e+00,1.702188927821920217e+01
3.712000000000000188e+00,1.698874203753087286e+01
3.713000000000000078e+00,1.702543592549834983e+01
3.713999999999999968e+00,1.698423244384216346e+01
3.714999999999999858e+00,1.699177810568776792e+01
3.716000000000000192e+00,1.698527548605193260e+01
3.717000000000000082e+00,1.698488285808197418e+01
3.717999999999999972e+00,1.690646119061952746e+01
3.718999999999999861e+00,1.694039043237096109e+01
3.720000000000000195e+00,1.692492635009454105e+01
3.721000000000000085e+00,1.695965004803602838e+01
3.721999999999999975e+00,1.702147963188651048e+01
3.722999999999999865e+00,1.693473091270058717e+01
3.724000000000000199e+00,1.696806440742621191e+01
3.725000000000000089e+00,1.696474762711290651e+01
3.725999999999999979e+00,1.694749348914427500e+01
3.726999999999999869e+00,1.694860110488260219e+01
3.728000000000000203e+00,1.695162149780987804e+01
3.729000000000000092e+00,1.693120779389050767e+01
3.729999999999999982e+00,1.695402637626839493e+01
3.730999999999999872e+00,1.688022944451028806e+01
3.732000000000000206e+00,1.693240952742022998e+01
3.733000000000000096e+00,1.696339439061397414e+01
3.733999999999999986e+00,1.694762920267647743e+01
3.734999999999999876e+00,1.694834213663859757e+01
3.736000000000000210e+00,1.694773099302549468e+01
3.737000000000000099e+00,1.695789134103214479e+01
3.737999999999999989e+00,1.691411767530822630e+01
3.738999999999999879e+00,1.693770519882234993e+01
3.740000000000000213e+00,1.694294228581329875e+01
3.741000000000000103e+00,1.694252977311116481e+01
3.741999999999999993e+00,1.694124294361086669e+01
3.742999999999999883e+00,1.696344702041568198e+01
3.744000000000000217e+00,1.693929302595709530e+01
3.745000000000000107e+00,1.686815118985605721e+01
3.745999999999999996e+00,1.697659014147230394e+01
3.746999999999999886e+00,1.697958879597895532e+01
3.748000000000000220e+00,1.700718871206927929e+01
3.749000000000000110e+00,1.697446806955430532e+01
3.750000000000000000e+00,1.696505634741193447e+01
3.750999999999999890e+00,1.695929903494226210e+01
3.751999999999999780e+00,1.697043534254352437e+01
3.753000000000000114e+00,1.690570221144573182e+01
3.754000000000000004e+00,1.695153599907802899e+01
3.754999999999999893e+00,1.691744767724677345e+01
3.755999999999999783e+00,1.691796152363636097e+01
3.757000000000000117e+00,1.689015516819963736e+01
3.758000000000000007e+00,1.693007794531680332e+01
3.758999999999999897e+00,1.691684386057916356e+01
3.759999999999999787e+00,1.686883446145252208e+01
3.761000000000000121e+00,1.693421743818857195e+01
3.762000000000000011e+00,1.692226987264212568e+01
3.762999999999999901e+00,1.695625491908497651e+01
3.763999999999999790e+00,1.704529502988690837e+01
3.765000000000000124e+00,1.697341938810097162e+01
3.766000000000000014e+00,1.698313665645798665e+01
3.766999999999999904e+00,1.691476000693829462e+01
3.767999999999999794e+00,1.693620701878743873e+01
3.769000000000000128e+00,1.686269359455334538e+01
3.770000000000000018e+00,1.686982959450062580e+01
3.770999999999999908e+00,1.695460707179858062e+01
3.771999999999999797e+00,1.692900324018544467e+01
3.773000000000000131e+00,1.699121845881830950e+01
3.774000000000000021e+00,1.700428516244225463e+01
3.774999999999999911e+00,1.691349209510637408e+01
3.775999999999999801e+00,1.691556334763748026e+01
3.777000000000000135e+00,1.692084329574098689e+01
3.778000000000000025e+00,1.694419549363246702e+01
3.778999999999999915e+00,1.690784987178076193e+01
3.779999999999999805e+00,1.691494167828353312e+01
3.781000000000000139e+00,1.688744411619719799e+01
3.782000000000000028e+00,1.689045188940256281e+01
3.782999999999999918e+00,1.686431147255055407e+01
3.783999999999999808e+00,1.696359627942131354e+01
3.785000000000000142e+00,1.689925218795859152e+01
3.786000000000000032e+00,1.698552397268480263e+01
3.786999999999999922e+00,1.700073852848721501e+01
3.787999999999999812e+00,1.700994710723514913e+01
3.789000000000000146e+00,1.694391365172032948e+01
3.790000000000000036e+00,1.690662827251627931e+01
3.790999999999999925e+00,1.692094943425505349e+01
3.791999999999999815e+00,1.692631846861443279e+01
3.793000000000000149e+00,1.697264849479516258e+01
3.794000000000000039e+00,1.693178980453939531e+01
3.794999999999999929e+00,1.695911296094666909e+01
3.795999999999999819e+00,1.700649984886368671e+01
3.797000000000000153e+00,1.694906785506412916e+01
3.798000000000000043e+00,1.694402722813376272e+01
3.798999999999999932e+00,1.694317039648612067e+01
3.799999999999999822e+00,1.692655060261782651e+01
3.801000000000000156e+00,1.687672377897223797e+01
3.802000000000000046e+00,1.694368774583109527e+01
3.802999999999999936e+00,1.696421547294513132e+01
3.803999999999999826e+00,1.694066737669946932e+01
3.805000000000000160e+00,1.693184951411686612e+01
3.806000000000000050e+00,1.696255993147569541e+01
3.806999999999999940e+00,1.700363780370502198e+01
3.807999999999999829e+00,1.698191181912848080e+01
3.809000000000000163e+00,1.695760878120552917e+01
3.810000000000000053e+00,1.695723569206167980e+01
3.810999999999999943e+00,1.696915506233822413e+01
3.811999999999999833e+00,1.691628065742030529e+01
3.813000000000000167e+00,1.685931016602440025e+01
3.814000000000000057e+00,1.696535617499424120e+01
3.814999999999999947e+00,1.685082876334116619e+01
3.815999999999999837e+00,1.686924687815081825e+01
3.817000000000000171e+00,1.685391978050328987e+01
3.818000000000000060e+00,1.692295798254760797e+01
3.818999999999999950e+00,1.693609320895417625e+01
3.819999999999999840e+00,1.689958180441778168e+01
3.821000000000000174e+00,1.691598063367830207e+01
3.822000000000000064e+00,1.692022270179516141e+01
3.822999999999999954e+00,1.685546285678396927e+01
3.823999999999999844e+00,1.689313778005725908e+01
3.825000000000000178e+00,1.694886906236462920e+01
3.826000000000000068e+00,1.693625145247724362e+01
3.826999999999999957e+00,1.691136128246753501e+01
3.827999999999999847e+00,1.686891935507473761e+01
3.829000000000000181e+00,1.693068457010109285e+01
3.830000000000000071e+00,1.687774280771968805e+01
3.830999999999999961e+00,1.688317426922629849e+01
3.831999999999999851e+00,1.698747564561585577e+01
3.833000000000000185e+00,1.693285608405519582e+01
3.834000000000000075e+00,1.694510562917881913e+01
3.834999999999999964e+00,1.692572558301395702e+01
3.835999999999999854e+00,1.696601239297081420e+01
3.837000000000000188e+00,1.697171847321709492e+01
3.838000000000000078e+00,1.690406784126009754e+01
3.838999999999999968e+00,1.697192839531320629e+01
3.839999999999999858e+00,1.697776004897087887e+01
3.841000000000000192e+00,1.692188127498551964e+01
3.842000000000000082e+00,1.688690376190872655e+01
3.842999999999999972e+00,1.690056206859785704e+01
3.843999999999999861e+00,1.689100909232536907e+01
3.845000000000000195e+00,1.693001834984124443e+01
3.846000000000000085e+00,1.690030572790542251e+01
3.846999999999999975e+00,1.696330473426182905e+01
3.847999999999999865e+00,1.691536982324518590e+01
3.849000000000000199e+00,1.695909930382501329e+01
3.850000000000000089e+00,1.693107066407174699e+01
3.850999999999999979e+00,1.699188923404647156e+01
3.851999999999999869e+00,1.699181719394350409e+01
3.853000000000000203e+00,1.694419068208881640e+01
3.854000000000000092e+00,1.695105810131521906e+01
3.854999999999999982e+00,1.689953800129785222e+01
3.855999999999999872e+00,1.698185659354597021e+01
3.857000000000000206e+00,1.694726316002169142e+01
3.858000000000000096e+00,1.704394938010470639e+01
3.858999999999999986e+00,1.693600750862866278e+01
3.859999999999999876e+00,1.698592397002045828e+01
3.861000000000000210e+00,1.699220210621585636e+01
3.862000000000000099e+00,1.702593332321038133e+01
3.862999999999999989e+00,1.700885417567367242e+01
3.863999999999999879e+00,1.692970756222768003e+01
3.865000000000000213e+00,1.696716865166359867e+01
3.866000000000000103e+00,1.697507653687937079e+01
3.866999999999999993e+00,1.689637625261088161e+01
3.867999999999999883e+00,1.695127430342703079e+01
3.869000000000000217e+00,1.694781985781148492e+01
3.870000000000000107e+00,1.697945326895009899e+01
3.870999999999999996e+00,1.698703645258561323e+01
3.871999999999999886e+00,1.698436784023435919e+01
3.873000000000000220e+00,1.699305570457767445e+01
3.874000000000000110e+00,1.704136408241378930e+01
3.875000000000000000e+00,1.702119058238390892e+01
3.875999999999999890e+00,1.703688665260565926e+01
3.876999999999999780e+00,1.699508928074282110e+01
3.878000000000000114e+00,1.698405625034420652e+01
3.879000000000000004e+00,1.704407760387360327e+01
3.879999999999999893e+00,1.706412049843735801e+01
3.880999999999999783e+00,1.700548635054907010e+01
3.882000000000000117e+00,1.702561155790523983e+01
3.883000000000000007e+00,1.698708954563644369e+01
3.883999999999999897e+00,1.698022990147051914e+01
3.884999999999999787e+00,1.703397261105167715e+01
3.886000000000000121e+00,1.701060752594960945e+01
3.887000000000000011e+00,1.695806155000465409e+01
3.887999999999999901e+00,1.707771907396574917e+01
3.888999999999999790e+00,1.699765635228640193e+01
3.890000000000000124e+00,1.700325116562977712e+01
3.891000000000000014e+00,1.705850346845605969e+01
3.891999999999999904e+00,1.703766174772221120e+01
3.892999999999999794e+00,1.699247855898777360e+01
3.894000000000000128e+00,1.703246590772338465e+01
3.895000000000000018e+00,1.696736679227019451e+01
3.895999999999999908e+00,1.693305999650656446e+01
3.896999999999999797e+00,1.701621021139837353e+01
3.898000000000000131e+00,1.698712705807434986e+01
3.899000000000000021e+00,1.700752604050863326e+01
3.899999999999999911e+00,1.710884137732859500e+01
3.900999999999999801e+00,1.701359907412131633e+01
3.902000000000000135e+00,1.696725280488307419e+01
3.903000000000000025e+00,1.699568084508240062e+01
3.903999999999999915e+00,1.699167678575885887e+01
3.904999999999999805e+00,1.694175081541139960e+01
3.906000000000000139e+00,1.689940771193170121e+01
3.907000000000000028e+00,1.699935028794351410e+01
3.907999999999999918e+00,1.692413108169233737e+01
3.908999999999999808e+00,1.699924808669815235e+01
3.910000000000000142e+00,1.701193754184928508e+01
3.911000000000000032e+00,1.698926788231049656e+01
3.911999999999999922e+00,1.702841282629398378e+01
3.912999999999999812e+00,1.700513683228307471e+01
3.914000000000000146e+00,1.697312294181085335e+01
3.915000000000000036e+00,1.699532067497207777e+01
3.915999999999999925e+00,1.698915643020596278e+01
3.916999999999999815e+00,1.701860897022623575e+01
3.918000000000000149e+00,1.696588807238610741e+01
3.919000000000000039e+00,1.703735077243234741e+01
3.919999999999999929e+00,1.696742087190862946e+01
3.920999999999999819e+00,1.701831496911115948e+01
3.922000000000000153e+00,1.700753818915584858e+01
3.923000000000000043e+00,1.699434394395016668e+01
3.923999999999999932e+00,1.703127722539927191e+01
3.924999999999999822e+00,1.705718944497278144e+01
3.926000000000000156e+00,1.693538172053598245e+01
3.927000000000000046e+00,1.702662772801808089e+01
3.927999999999999936e+00,1.697637525617996346e+01
3.928999999999999826e+00,1.705292512979234232e+01
3.930000000000000160e+00,1.706790593694949720e+01
3.931000000000000050e+00,1.710103938160683157e+01
3.931999999999999940e+00,1.709021882792231395e+01
3.932999999999999829e+00,1.702956891269445450e+01
3.934000000000000163e+00,1.708323305911925516e+01
3.935000000000000053e+00,1.701651650749562350e+01
3.935999999999999943e+00,1.699828168585955979e+01
3.936999999999999833e+00,1.698743217200730982e+01
3.938000000000000167e+00,1.700993902872984265e+01
3.939000000000000057e+00,1.701434188537865211e+01
3.939999999999999947e+00,1.705184548687518031e+01
3.940999999999999837e+00,1.711318719164611935e+01
3.942000000000000171e+00,1.699723403411835321e+01
3.943000000000000060e+00,1.705260502014802526e+01
3.943999999999999950e+00,1.695384953535450734e+01
3.944999999999999840e+00,1.704646833614601675e+01
3.946000000000000174e+00,1.698801314992948619e+01
3.947000000000000064e+00,1.700346178149721510e+01
3.947999999999999954e+00,1.703787144430923917e+01
3.948999999999999844e+00,1.700182742975903949e+01
3.950000000000000178e+00,1.697022913179064929e+01
3.951000000000000068e+00,1.712696136643409162e+01
3.951999999999999957e+00,1.703810079424852120e+01
3.952999999999999847e+00,1.699371102524291999e+01
3.954000000000000181e+00,1.707725210051192022e+01
3.955000000000000071e+00,1.707849049820002563e+01
3.955999999999999961e+00,1.702991002697506318e+01
3.956999999999999851e+00,1.706330347867286790e+01
3.958000000000000185e+00,1.698857800871608248e+01
3.959000000000000075e+00,1.699768671412210352e+01
3.959999999999999964e+00,1.701549859584716984e+01
3.960999999999999854e+00,1.701530888876131087e+01
3.962000000000000188e+00,1.697502149764991231e+01
3.963000000000000078e+00,1.700303174083656899e+01
3.963999999999999968e+00,1.700735479240094250e+01
3.964999999999999858e+00,1.697404224278357532e+01
3.966000000000000192e+00,1.698682752627735937e+01
3.967000000000000082e+00,1.699934204481037625e+01
3.967999999999999972e+00,1.697361257471285612e+01
3.968999999999999861e+00,1.704197633724209382e+01
3.970000000000000195e+00,1.706455283621263064e+01
3.971000000000000085e+00,1.700262735567086025e+01
3.971999999999999975e+00,1.698486373368918123e+01
3.972999999999999865e+00,1.699489838021612087e+01
3.974000000000000199e+00,1.698987436326346412e+01
3.975000000000000089e+00,1.691196398978152970e+01
3.975999999999999979e+00,1.697458476668263927e+01
3.976999999999999869e+00,1.698739848381739037e+01
3.978000000000000203e+00,1.695512376069194005e+01
3.979000000000000092e+00,1.701119046926031331e+01
3.979999999999999982e+00,1.701604018899435289e+01
3.980999999999999872e+00,1.694725040037047847e+01
3.982000000000000206e+00,1.699058483966693345e+01
3.983000000000000096e+00,1.696037290563171851e+01
3.983999999999999986e+00,1.705352957964852578e+01
3.984999999999999876e+00,1.704521908322159263e+01
3.986000000000000210e+00,1.705651362878307253e+01
3.987000000000000099e+00,1.704602872952108683e+01
3.987999999999999989e+00,1.702169465225601996e+01
3.988999999999999879e+00,1.701002904576018793e+01
3.990000000000000213e+00,1.698765987464508243e+01
3.991000000000000103e+00,1.697025468134103221e+01
3.991999999999999993e+00,1.704909103194344766e+01
3.992999999999999883e+00,1.699976612528299924e+01
3.994000000000000217e+00,1.709601421992964987e+01
3.995000000000000107e+00,1.707501817185182347e+01
3.995999999999999996e+00,1.701388999875296548e+01
3.996999999999999886e+00,1.704492412178851524e+01
3.998000000000000220e+00,1.704224899382825953e+01
3.999000000000000110e+00,1.707120389219983636e+01
4.000000000000000000e+00,1.698961330993608954e+01
4.001000000000000334e+00,1.697872853197509713e+01
4.001999999999999780e+00,1.699794424437087770e+01
4.003000000000000114e+00,1.704958985460425325e+01
4.003999999999999559e+00,1.702952017485555913e+01
4.004999999999999893e+00,1.698587442700188177e+01
4.006000000000000227e+00,1.705403401849569534e+01
4.006999999999999673e+00,1.703266896004655706e+01
4.008000000000000007e+00,1.701885596076822083e+01
4.009000000000000341e+00,1.701531202786842911e+01
4.009999999999999787e+00,1.706841414835103166e+01
4.011000000000000121e+00,1.701765511854987167e+01
4.011999999999999567e+00,1.697497674479146923e+01
4.012999999999999901e+00,1.697903383636350227e+01
4.014000000000000234e+00,1.697465053717440853e+01
4.014999999999999680e+00,1.701483289765033646e+01
4.016000000000000014e+00,1.694683575784259233e+01
4.017000000000000348e+00,1.694223338078409569e+01
4.017999999999999794e+00,1.694883129387655885e+01
4.019000000000000128e+00,1.694073059016693605e+01
4.019999999999999574e+00,1.693972767514066291e+01
4.020999999999999908e+00,1.698721894859803427e+01
4.022000000000000242e+00,1.699533028975032423e+01
4.022999999999999687e+00,1.692298663664699632e+01
4.024000000000000021e+00,1.697326347678222191e+01
4.025000000000000355e+00,1.699524229524585195e+01
4.025999999999999801e+00,1.701137045404533410e+01
4.027000000000000135e+00,1.701200894485423021e+01
4.027999999999999581e+00,1.696978209602550436e+01
4.028999999999999915e+00,1.702150679618121742e+01
4.030000000000000249e+00,1.700144682634506310e+01
4.030999999999999694e+00,1.704853420241770223e+01
4.032000000000000028e+00,1.699712109923471459e+01
4.033000000000000362e+00,1.699439247484595228e+01
4.033999999999999808e+00,1.704250996034107857e+01
4.035000000000000142e+00,1.706092535212592765e+01
4.035999999999999588e+00,1.694453150864728741e+01
4.036999999999999922e+00,1.688046044062240369e+01
4.038000000000000256e+00,1.696627825214327601e+01
4.038999999999999702e+00,1.699381771961112975e+01
4.040000000000000036e+00,1.698416525319255399e+01
4.041000000000000369e+00,1.693551620061128560e+01
4.041999999999999815e+00,1.695297326567526497e+01
4.043000000000000149e+00,1.694984210923759349e+01
4.043999999999999595e+00,1.696228446916742527e+01
4.044999999999999929e+00,1.704766980941044352e+01
4.046000000000000263e+00,1.697199319143634710e+01
4.046999999999999709e+00,1.700110042554273093e+01
4.048000000000000043e+00,1.690584031507690099e+01
4.049000000000000377e+00,1.697215736950683151e+01
4.049999999999999822e+00,1.693249445214189208e+01
4.051000000000000156e+00,1.698645472638078502e+01
4.051999999999999602e+00,1.703609515619044856e+01
4.052999999999999936e+00,1.694941687639308014e+01
4.054000000000000270e+00,1.699580645992246986e+01
4.054999999999999716e+00,1.695146599849501357e+01
4.056000000000000050e+00,1.694929241411367826e+01
4.057000000000000384e+00,1.696090990154567635e+01
4.057999999999999829e+00,1.694961528606813062e+01
4.059000000000000163e+00,1.697545724982998294e+01
4.059999999999999609e+00,1.692846726537453961e+01
4.060999999999999943e+00,1.693111069307656891e+01
4.062000000000000277e+00,1.694473803189919536e+01
4.062999999999999723e+00,1.697661034516805856e+01
4.064000000000000057e+00,1.698508256033838393e+01
4.065000000000000391e+00,1.690987362503292246e+01
4.065999999999999837e+00,1.704169298784389497e+01
4.067000000000000171e+00,1.695815784598198661e+01
4.067999999999999616e+00,1.695450001799595441e+01
4.068999999999999950e+00,1.691895268198036817e+01
4.070000000000000284e+00,1.690512377298345470e+01
4.070999999999999730e+00,1.694041504179745061e+01
4.072000000000000064e+00,1.693620459629931574e+01
4.073000000000000398e+00,1.697539438894494879e+01
4.073999999999999844e+00,1.697693025827410551e+01
4.075000000000000178e+00,1.692269130699529711e+01
4.075999999999999623e+00,1.683946613074163423e+01
4.076999999999999957e+00,1.698623527415020362e+01
4.078000000000000291e+00,1.690022921572014525e+01
4.078999999999999737e+00,1.691034177780834113e+01
4.080000000000000071e+00,1.689464228265265433e+01
4.081000000000000405e+00,1.688515094593257260e+01
4.081999999999999851e+00,1.698315080101224694e+01
4.083000000000000185e+00,1.684607001545921179e+01
4.083999999999999631e+00,1.689737938763322589e+01
4.084999999999999964e+00,1.682963061181081343e+01
4.086000000000000298e+00,1.684000472291863915e+01
4.086999999999999744e+00,1.688656051778785994e+01
4.088000000000000078e+00,1.687133839784895173e+01
4.089000000000000412e+00,1.694088475805136440e+01
4.089999999999999858e+00,1.691660682666814708e+01
4.091000000000000192e+00,1.699228488762678424e+01
4.091999999999999638e+00,1.697148978444217704e+01
4.092999999999999972e+00,1.694112868576711506e+01
4.094000000000000306e+00,1.690105926620928400e+01
4.094999999999999751e+00,1.696761022321337009e+01
4.096000000000000085e+00,1.693410078638994776e+01
4.097000000000000419e+00,1.696824380437110946e+01
4.097999999999999865e+00,1.688615774953689552e+01
4.099000000000000199e+00,1.689758082322745025e+01
4.099999999999999645e+00,1.695741342380599903e+01
4.100999999999999979e+00,1.694341004345631418e+01
4.102000000000000313e+00,1.693960076371620005e+01
4.102999999999999758e+00,1.692556198311771709e+01
4.104000000000000092e+00,1.695755487957415397e+01
4.105000000000000426e+00,1.690910545272243581e+01
4.105999999999999872e+00,1.691823716980185566e+01
4.107000000000000206e+00,1.692822084853230891e+01
4.107999999999999652e+00,1.689539642309500067e+01
4.108999999999999986e+00,1.702490138543310394e+01
4.110000000000000320e+00,1.694532630334424539e+01
4.110999999999999766e+00,1.689265159722616971e+01
4.112000000000000099e+00,1.691598263851380324e+01
4.113000000000000433e+00,1.693522871159636267e+01
4.113999999999999879e+00,1.686288244794233293e+01
4.115000000000000213e+00,1.691405899997631224e+01
4.115999999999999659e+00,1.691920773208471829e+01
4.116999999999999993e+00,1.695028786653223563e+01
4.118000000000000327e+00,1.692129007203811852e+01
4.118999999999999773e+00,1.703225194987415847e+01
4.120000000000000107e+00,1.692398476115142003e+01
4.121000000000000441e+00,1.695510651421461290e+01
4.121999999999999886e+00,1.697642804076153666e+01
4.123000000000000220e+00,1.697028611813669841e+01
4.123999999999999666e+00,1.693386591440931355e+01
4.125000000000000000e+00,1.693026833157858491e+01
4.126000000000000334e+00,1.697994987453114035e+01
4.126999999999999780e+00,1.690761675687837595e+01
4.128000000000000114e+00,1.690356611340813231e+01
4.128999999999999559e+00,1.693097183394732497e+01
4.129999999999999893e+00,1.695016971422968055e+01
4.131000000000000227e+00,1.693934700457907283e+01
4.131999999999999673e+00,1.704460866237356242e+01
4.133000000000000007e+00,1.698970865624173143e+01
4.134000000000000341e+00,1.692702207267044656e+01
4.134999999999999787e+00,1.696183792244509903e+01
4.136000000000000121e+00,1.698871773616408731e+01
4.136999999999999567e+00,1.690532204911160008e+01
4.137999999999999901e+00,1.694183414149626898e+01
4.139000000000000234e+00,1.696907529822303218e+01
4.139999999999999680e+00,1.695614760050051473e+01
4.141000000000000014e+00,1.696012724469028399e+01
4.142000000000000348e+00,1.692569739717764676e+01
4.142999999999999794e+00,1.698049164926682053e+01
4.144000000000000128e+00,1.689913487438413497e+01
4.144999999999999574e+00,1.692394244974649453e+01
4.145999999999999908e+00,1.692515794699268739e+01
4.147000000000000242e+00,1.692439262700969493e+01
4.147999999999999687e+00,1.698089490466263385e+01
4.149000000000000021e+00,1.693005357849007453e+01
4.150000000000000355e+00,1.692062260772755522e+01
4.150999999999999801e+00,1.698163857275528699e+01
4.152000000000000135e+00,1.693739813645525771e+01
4.152999999999999581e+00,1.696715918902370746e+01
4.153999999999999915e+00,1.699127622897372092e+01
4.155000000000000249e+00,1.695075606518948774e+01
4.155999999999999694e+00,1.699190143968398203e+01
4.157000000000000028e+00,1.697694017444812431e+01
4.158000000000000362e+00,1.689617759343449066e+01
4.158999999999999808e+00,1.689086182916813073e+01
4.160000000000000142e+00,1.694917360645155924e+01
4.160999999999999588e+00,1.699591496251438372e+01
4.161999999999999922e+00,1.695024596029556108e+01
4.163000000000000256e+00,1.695892113217806951e+01
4.163999999999999702e+00,1.695860605276192956e+01
4.165000000000000036e+00,1.696923492819412260e+01
4.166000000000000369e+00,1.699269752403380807e+01
4.166999999999999815e+00,1.695191195239810256e+01
4.168000000000000149e+00,1.692050186673934320e+01
4.168999999999999595e+00,1.703151351521806589e+01
4.169999999999999929e+00,1.694577481635508320e+01
4.171000000000000263e+00,1.697813329887106093e+01
4.171999999999999709e+00,1.693195843217242569e+01
4.173000000000000043e+00,1.705200767119601224e+01
4.174000000000000377e+00,1.700885631204701554e+01
4.174999999999999822e+00,1.696405354408506128e+01
4.176000000000000156e+00,1.698133872750085516e+01
4.176999999999999602e+00,1.699866394429636429e+01
4.177999999999999936e+00,1.694319370198245878e+01
4.179000000000000270e+00,1.701023262624727650e+01
4.179999999999999716e+00,1.692526445197246687e+01
4.181000000000000050e+00,1.698176842872637948e+01
4.182000000000000384e+00,1.700226039018556179e+01
4.182999999999999829e+00,1.701084857850390009e+01
4.184000000000000163e+00,1.698238430715466407e+01
4.184999999999999609e+00,1.697214238733142722e+01
4.185999999999999943e+00,1.691911281086048646e+01
4.187000000000000277e+00,1.694930275737812053e+01
4.187999999999999723e+00,1.696878681908529174e+01
4.189000000000000057e+00,1.699082024851277595e+01
4.190000000000000391e+00,1.695391693296723901e+01
4.190999999999999837e+00,1.698409102369515722e+01
4.192000000000000171e+00,1.694230928038657424e+01
4.192999999999999616e+00,1.695502212101902728e+01
4.193999999999999950e+00,1.697580553691652128e+01
4.195000000000000284e+00,1.696454005898821293e+01
4.195999999999999730e+00,1.701717904866885078e+01
4.197000000000000064e+00,1.692295008847721860e+01
4.198000000000000398e+00,1.695042586317271827e+01
4.198999999999999844e+00,1.698390066352063599e+01
4.200000000000000178e+00,1.697246114050194521e+01
4.200999999999999623e+00,1.699010906616332051e+01
4.201999999999999957e+00,1.688656203470482708e+01
4.203000000000000291e+00,1.700836271597890459e+01
4.203999999999999737e+00,1.691992236266603555e+01
4.205000000000000071e+00,1.696263845534474868e+01
4.206000000000000405e+00,1.694324193846889770e+01
4.206999999999999851e+00,1.694853058784118716e+01
4.208000000000000185e+00,1.694710623368770186e+01
4.208999999999999631e+00,1.701664660381606708e+01
4.209999999999999964e+00,1.695719383529396040e+01
4.211000000000000298e+00,1.689191052178406238e+01
4.211999999999999744e+00,1.694241067987412563e+01
4.213000000000000078e+00,1.700952162555707048e+01
4.214000000000000412e+00,1.701382506334029898e+01
4.214999999999999858e+00,1.699337459479934509e+01
4.216000000000000192e+00,1.693498346016093592e+01
4.216999999999999638e+00,1.694530232491943167e+01
4.217999999999999972e+00,1.694242780184692521e+01
4.219000000000000306e+00,1.698938229188054194e+01
4.219999999999999751e+00,1.692883670599088575e+01
4.221000000000000085e+00,1.693395860590786128e+01
4.222000000000000419e+00,1.695496810907315322e+01
4.222999999999999865e+00,1.695882272251888168e+01
4.224000000000000199e+00,1.701330533903470865e+01
4.224999999999999645e+00,1.700526480590873035e+01
4.225999999999999979e+00,1.702600560952646092e+01
4.227000000000000313e+00,1.701883051540969660e+01
4.227999999999999758e+00,1.699947995660739863e+01
4.229000000000000092e+00,1.697234135604762173e+01
4.230000000000000426e+00,1.703889095200693049e+01
4.230999999999999872e+00,1.698260933865087452e+01
4.232000000000000206e+00,1.697005637874171313e+01
4.232999999999999652e+00,1.698883959406945365e+01
4.233999999999999986e+00,1.698848558869826064e+01
4.235000000000000320e+00,1.697422320602229462e+01
4.235999999999999766e+00,1.693313026151587053e+01
4.237000000000000099e+00,1.697939564248282451e+01
4.238000000000000433e+00,1.699036508141226065e+01
4.238999999999999879e+00,1.701754757924380712e+01
4.240000000000000213e+00,1.694010089031776545e+01
4.240999999999999659e+00,1.692405209295209190e+01
4.241999999999999993e+00,1.692491997031168793e+01
4.243000000000000327e+00,1.693141331514881287e+01
4.243999999999999773e+00,1.690400860062768373e+01
4.245000000000000107e+00,1.692646057222397005e+01
4.246000000000000441e+00,1.691822076456189450e+01
4.246999999999999886e+00,1.694444740599655930e+01
4.248000000000000220e+00,1.687565388558719093e+01
4.248999999999999666e+00,1.691510861257809495e+01
4.250000000000000000e+00,1.696492093357536390e+01
4.251000000000000334e+00,1.693524759734731333e+01
4.251999999999999780e+00,1.698387121854727155e+01
4.253000000000000114e+00,1.694532152751874321e+01
4.253999999999999559e+00,1.698969783159338220e+01
4.254999999999999893e+00,1.689595575762677981e+01
4.256000000000000227e+00,1.696033125216093751e+01
4.256999999999999673e+00,1.699554345859082716e+01
4.258000000000000007e+00,1.694273537474956726e+01
4.259000000000000341e+00,1.698218364142608650e+01
4.259999999999999787e+00,1.706134959623426184e+01
4.261000000000000121e+00,1.694318426778822939e+01
4.261999999999999567e+00,1.697454266589269167e+01
4.262999999999999901e+00,1.697857902245702633e+01
4.264000000000000234e+00,1.696022702221177525e+01
4.264999999999999680e+00,1.693664543303101055e+01
4.266000000000000014e+00,1.699043586720014787e+01
4.267000000000000348e+00,1.699822842075508333e+01
4.267999999999999794e+00,1.707006413796503352e+01
4.269000000000000128e+00,1.702539642259339914e+01
4.269999999999999574e+00,1.694632165095406506e+01
4.270999999999999908e+00,1.700344283179410354e+01
4.272000000000000242e+00,1.692020528110764133e+01
4.272999999999999687e+00,1.697146484206753669e+01
4.274000000000000021e+00,1.704385511169081724e+01
4.275000000000000355e+00,1.699030041171744898e+01
4.275999999999999801e+00,1.693937038367370818e+01
4.277000000000000135e+00,1.694602353103859471e+01
4.277999999999999581e+00,1.691349316601458952e+01
4.278999999999999915e+00,1.694728033622823560e+01
4.280000000000000249e+00,1.690597918349187623e+01
4.280999999999999694e+00,1.694770768702172958e+01
4.282000000000000028e+00,1.696737140820273737e+01
4.283000000000000362e+00,1.689887337082329566e+01
4.283999999999999808e+00,1.689788434142289830e+01
4.285000000000000142e+00,1.688072809276243547e+01
4.285999999999999588e+00,1.691941275793894661e+01
4.286999999999999922e+00,1.690347617067367736e+01
4.288000000000000256e+00,1.686709480907133596e+01
4.288999999999999702e+00,1.681919214905216364e+01
4.290000000000000036e+00,1.697440741894493144e+01
4.291000000000000369e+00,1.690455630718503954e+01
4.291999999999999815e+00,1.694926037797991114e+01
4.293000000000000149e+00,1.697511313157168900e+01
4.293999999999999595e+00,1.694237645735894304e+01
4.294999999999999929e+00,1.693305472407301338e+01
4.296000000000000263e+00,1.697207637822290849e+01
4.296999999999999709e+00,1.700567690071033766e+01
4.298000000000000043e+00,1.697550087136976060e+01
4.299000000000000377e+00,1.697292512217549643e+01
4.299999999999999822e+00,1.705617053624142443e+01
4.301000000000000156e+00,1.686444506731047710e+01
4.301999999999999602e+00,1.697060270260093517e+01
4.302999999999999936e+00,1.694560279906818678e+01
4.304000000000000270e+00,1.693666227134568203e+01
4.304999999999999716e+00,1.692903554127200039e+01
4.306000000000000050e+00,1.694866343266085451e+01
4.307000000000000384e+00,1.698520964232162100e+01
4.307999999999999829e+00,1.698363710071387800e+01
4.309000000000000163e+00,1.695545820099737355e+01
4.309999999999999609e+00,1.704997128937638706e+01
4.310999999999999943e+00,1.691349321080785373e+01
4.312000000000000277e+00,1.695059659788525153e+01
4.312999999999999723e+00,1.699347716285871002e+01
4.314000000000000057e+00,1.695859422559117391e+01
4.315000000000000391e+00,1.694287029344558704e+01
4.315999999999999837e+00,1.692559913271850647e+01
4.317000000000000171e+00,1.694700916392711321e+01
4.317999999999999616e+00,1.695471872843016570e+01
4.318999999999999950e+00,1.690342626561145067e+01
4.320000000000000284e+00,1.691655893839265090e+01
4.320999999999999730e+00,1.696877671490628359e+01
4.322000000000000064e+00,1.693821251856340737e+01
4.323000000000000398e+00,1.697009035466775373e+01
4.323999999999999844e+00,1.694662993667950701e+01
4.325000000000000178e+00,1.690354839749416271e+01
4.325999999999999623e+00,1.692523294383172683e+01
4.326999999999999957e+00,1.693645825560183482e+01
4.328000000000000291e+00,1.687870893916018034e+01
4.328999999999999737e+00,1.693543285211527660e+01
4.330000000000000071e+00,1.694775452846767294e+01
4.331000000000000405e+00,1.689027942441685326e+01
4.331999999999999851e+00,1.692997749808174390e+01
4.333000000000000185e+00,1.699619994458748451e+01
4.333999999999999631e+00,1.706449891811521269e+01
4.334999999999999964e+00,1.697432279649524034e+01
4.336000000000000298e+00,1.692701525908727334e+01
4.336999999999999744e+00,1.693373551025946711e+01
4.338000000000000078e+00,1.704592156735794717e+01
4.339000000000000412e+00,1.693312026763786804e+01
4.339999999999999858e+00,1.694391383395792872e+01
4.341000000000000192e+00,1.693510507706557178e+01
4.341999999999999638e+00,1.702813042857489378e+01
4.342999999999999972e+00,1.696577850716331071e+01
4.344000000000000306e+00,1.694146257332763739e+01
4.344999999999999751e+00,1.697917187664995708e+01
4.346000000000000085e+00,1.706609823385765878e+01
4.347000000000000419e+00,1.701223272156077471e+01
4.347999999999999865e+00,1.697485336149584256e+01
4.349000000000000199e+00,1.691865480170204705e+01
4.349999999999999645e+00,1.699573450072409386e+01
4.350999999999999979e+00,1.692917639821178355e+01
4.352000000000000313e+00,1.696742265336286337e+01
4.352999999999999758e+00,1.695427641378408268e+01
4.354000000000000092e+00,1.699289982242317976e+01
4.355000000000000426e+00,1.700496955423429313e+01
4.355999999999999872e+00,1.694777538153217478e+01
4.357000000000000206e+00,1.690823430020859419e+01
4.357999999999999652e+00,1.693075359873169461e+01
4.358999999999999986e+00,1.690160479491695966e+01
4.360000000000000320e+00,1.699956928985684712e+01
4.360999999999999766e+00,1.693155461662979278e+01
4.362000000000000099e+00,1.696130064732874843e+01
4.363000000000000433e+00,1.698374082998910239e+01
4.363999999999999879e+00,1.696300070895631507e+01
4.365000000000000213e+00,1.699032126792401698e+01
4.365999999999999659e+00,1.699973694519955458e+01
4.366999999999999993e+00,1.701995242914543738e+01
4.368000000000000327e+00,1.694938452057873235e+01
4.368999999999999773e+00,1.697412722416753184e+01
4.370000000000000107e+00,1.697425924411669129e+01
4.371000000000000441e+00,1.700820368543968542e+01
4.371999999999999886e+00,1.707721174928676788e+01
4.373000000000000220e+00,1.700931444626097289e+01
4.373999999999999666e+00,1.702815960940062467e+01
4.375000000000000000e+00,1.708007512407742823e+01
4.376000000000000334e+00,1.699451394046925046e+01
4.376999999999999780e+00,1.708067205387900245e+01
4.378000000000000114e+00,1.707551085925026868e+01
4.378999999999999559e+00,1.701016071068938018e+01
4.379999999999999893e+00,1.697694053696486449e+01
4.381000000000000227e+00,1.701441312270053174e+01
4.381999999999999673e+00,1.700381996349400282e+01
4.383000000000000007e+00,1.697209418278174198e+01
4.384000000000000341e+00,1.695309645315193592e+01
4.384999999999999787e+00,1.694809217094196541e+01
4.386000000000000121e+00,1.697601246142667719e+01
4.386999999999999567e+00,1.692139953960358412e+01
4.387999999999999901e+00,1.700207036006871775e+01
4.389000000000000234e+00,1.699543367708262309e+01
4.389999999999999680e+00,1.697452708920092235e+01
4.391000000000000014e+00,1.693328658739767789e+01
4.392000000000000348e+00,1.696534585552113583e+01
4.392999999999999794e+00,1.689245892619174683e+01
4.394000000000000128e+00,1.698631083814501608e+01
4.394999999999999574e+00,1.695701821261070918e+01
4.395999999999999908e+00,1.698308387541367637e+01
4.397000000000000242e+00,1.699626049425496177e+01
4.397999999999999687e+00,1.697598166699418343e+01
4.399000000000000021e+00,1.693935695492576343e+01
4.400000000000000355e+00,1.698460708530246421e+01
4.400999999999999801e+00,1.696779305177068409e+01
4.402000000000000135e+00,1.702323818206576789e+01
4.402999999999999581e+00,1.704442084672866997e+01
4.403999999999999915e+00,1.702451336772501733e+01
4.405000000000000249e+00,1.706818432045242062e+01
4.405999999999999694e+00,1.704240416224462251e+01
4.407000000000000028e+00,1.697818337340122596e+01
4.408000000000000362e+00,1.695284257287957175e+01
4.408999999999999808e+00,1.696937804737616773e+01
4.410000000000000142e+00,1.698708254210461988e+01
4.410999999999999588e+00,1.696947731324276987e+01
4.411999999999999922e+00,1.697508370748648332e+01
4.413000000000000256e+00,1.707242892085978170e+01
4.413999999999999702e+00,1.703165018908638118e+01
4.415000000000000036e+00,1.700174125043918494e+01
4.416000000000000369e+00,1.699754893212962870e+01
4.416999999999999815e+00,1.698949686536770898e+01
4.418000000000000149e+00,1.696845821264729537e+01
4.418999999999999595e+00,1.696515450327009233e+01
4.419999999999999929e+00,1.697690997230137100e+01
4.421000000000000263e+00,1.693969024228496068e+01
4.421999999999999709e+00,1.701061821567442678e+01
4.423000000000000043e+00,1.696580439995600642e+01
4.424000000000000377e+00,1.697673086892242722e+01
4.424999999999999822e+00,1.700803221060453652e+01
4.426000000000000156e+00,1.698872492483175733e+01
4.426999999999999602e+00,1.702134679182008270e+01
4.427999999999999936e+00,1.701654730494994539e+01
4.429000000000000270e+00,1.695560590572091897e+01
4.429999999999999716e+00,1.698346504341994745e+01
4.431000000000000050e+00,1.705611651770888315e+01
4.432000000000000384e+00,1.694080620757335609e+01
4.432999999999999829e+00,1.692632970093720957e+01
4.434000000000000163e+00,1.702748956029878258e+01
4.434999999999999609e+00,1.698854817757791480e+01
4.435999999999999943e+00,1.703252179749651418e+01
4.437000000000000277e+00,1.702021199624234171e+01
4.437999999999999723e+00,1.699695300078614224e+01
4.439000000000000057e+00,1.702766255150557839e+01
4.440000000000000391e+00,1.702207240487543061e+01
4.440999999999999837e+00,1.701170880539880770e+01
4.442000000000000171e+00,1.698925793596721334e+01
4.442999999999999616e+00,1.702615578350199144e+01
4.443999999999999950e+00,1.704772141900250659e+01
4.445000000000000284e+00,1.699116286793048758e+01
4.445999999999999730e+00,1.699712123426902721e+01
4.447000000000000064e+00,1.699487463494203610e+01
4.448000000000000398e+00,1.701793497902476560e+01
4.448999999999999844e+00,1.703186819535640595e+01
4.450000000000000178e+00,1.695995053899071081e+01
4.450999999999999623e+00,1.706485932866693389e+01
4.451999999999999957e+00,1.703989731678038311e+01
4.453000000000000291e+00,1.704894136187366627e+01
4.453999999999999737e+00,1.695889909251980754e+01
4.455000000000000071e+00,1.698310704164546081e+01
4.456000000000000405e+00,1.701107284041011880e+01
4.456999999999999851e+00,1.705130388017886389e+01
4.458000000000000185e+00,1.700091046872376310e+01
4.458999999999999631e+00,1.697143272784904866e+01
4.459999999999999964e+00,1.699280581278139834e+01
4.461000000000000298e+00,1.703399775159639873e+01
4.461999999999999744e+00,1.703816568841095247e+01
4.463000000000000078e+00,1.704247666570159936e+01
4.464000000000000412e+00,1.710814857202239736e+01
4.464999999999999858e+00,1.710629073418439816e+01
4.466000000000000192e+00,1.716627059575207426e+01
4.466999999999999638e+00,1.701913107827964566e+01
4.467999999999999972e+00,1.703672374466811235e+01
4.469000000000000306e+00,1.701612159890096265e+01
4.469999999999999751e+00,1.695977221155635917e+01
4.471000000000000085e+00,1.699699377500503061e+01
4.472000000000000419e+00,1.701586652394905030e+01
4.472999999999999865e+00,1.706532067616573656e+01
4.474000000000000199e+00,1.707813668629449211e+01
4.474999999999999645e+00,1.706678362160639040e+01
4.475999999999999979e+00,1.705942653032138523e+01
4.477000000000000313e+00,1.702983130842622472e+01
4.477999999999999758e+00,1.705600304126713951e+01
4.479000000000000092e+00,1.699194292920709515e+01
4.480000000000000426e+00,1.706282929454186714e+01
4.480999999999999872e+00,1.695060678994277481e+01
4.482000000000000206e+00,1.695926668085672517e+01
4.482999999999999652e+00,1.692443007920892839e+01
4.483999999999999986e+00,1.705553248387652587e+01
4.485000000000000320e+00,1.696798968596981183e+01
4.485999999999999766e+00,1.701972343955987199e+01
4.487000000000000099e+00,1.698467313243624233e+01
4.488000000000000433e+00,1.696187566817800274e+01
4.488999999999999879e+00,1.704425598980174072e+01
4.490000000000000213e+00,1.709085989189248167e+01
4.490999999999999659e+00,1.702781787946112146e+01
4.491999999999999993e+00,1.700535707620491976e+01
4.493000000000000327e+00,1.709901049901990078e+01
4.493999999999999773e+00,1.712368535486678311e+01
4.495000000000000107e+00,1.708032656757940160e+01
4.496000000000000441e+00,1.706090578648618106e+01
4.496999999999999886e+00,1.705828949254075511e+01
4.498000000000000220e+00,1.709668993346815924e+01
4.498999999999999666e+00,1.708319455094013151e+01
4.500000000000000000e+00,1.702347969215522028e+01
4.501000000000000334e+00,1.699635418036105960e+01
4.501999999999999780e+00,1.701994928825397935e+01
4.503000000000000114e+00,1.706842939422465477e+01
4.503999999999999559e+00,1.702983197076551392e+01
4.504999999999999893e+00,1.694440159808788238e+01
4.506000000000000227e+00,1.708382884450559303e+01
4.506999999999999673e+00,1.705720857194999240e+01
4.508000000000000007e+00,1.711193260155857132e+01
4.509000000000000341e+00,1.705087241890819527e+01
4.509999999999999787e+00,1.704867870434248545e+01
4.511000000000000121e+00,1.701920633666564697e+01
4.511999999999999567e+00,1.701798925893483982e+01
4.512999999999999901e+00,1.693613410448677570e+01
4.514000000000000234e+00,1.700275537047908614e+01
4.514999999999999680e+00,1.698994541392263002e+01
4.516000000000000014e+00,1.701961812241937011e+01
4.517000000000000348e+00,1.697347142236932171e+01
4.517999999999999794e+00,1.706146620274244796e+01
4.519000000000000128e+00,1.697954922951132772e+01
4.519999999999999574e+00,1.699942892485524837e+01
4.520999999999999908e+00,1.694370177857368276e+01
4.522000000000000242e+00,1.701325312152258817e+01
4.522999999999999687e+00,1.698462470211556408e+01
4.524000000000000021e+00,1.699437534203308076e+01
4.525000000000000355e+00,1.705577613976573303e+01
4.525999999999999801e+00,1.699346084149641811e+01
4.527000000000000135e+00,1.701338989676485625e+01
4.527999999999999581e+00,1.709699807864387822e+01
4.528999999999999915e+00,1.701725331314423073e+01
4.530000000000000249e+00,1.707514215385020151e+01
4.530999999999999694e+00,1.710083733807499584e+01
4.532000000000000028e+00,1.708445887125577300e+01
4.533000000000000362e+00,1.699582085701112533e+01
4.533999999999999808e+00,1.698212559330497484e+01
4.535000000000000142e+00,1.697342719110543996e+01
4.535999999999999588e+00,1.693472214480172511e+01
4.536999999999999922e+00,1.697149093861955649e+01
4.538000000000000256e+00,1.704534122865635126e+01
4.538999999999999702e+00,1.704446575345717463e+01
4.540000000000000036e+00,1.702188923577886115e+01
4.541000000000000369e+00,1.697862872150902902e+01
4.541999999999999815e+00,1.695708808550761049e+01
4.543000000000000149e+00,1.695736176958240549e+01
4.543999999999999595e+00,1.699126662776041741e+01
4.544999999999999929e+00,1.706894759924315963e+01
4.546000000000000263e+00,1.703935537018979574e+01
4.546999999999999709e+00,1.702176431026601477e+01
4.548000000000000043e+00,1.703031926632348814e+01
4.549000000000000377e+00,1.704448984382152332e+01
4.549999999999999822e+00,1.703713282087096559e+01
4.551000000000000156e+00,1.695605942739894090e+01
4.551999999999999602e+00,1.703642608178788009e+01
4.552999999999999936e+00,1.708397924786930488e+01
4.554000000000000270e+00,1.700002897727813789e+01
4.554999999999999716e+00,1.699344007335655959e+01
4.556000000000000050e+00,1.701394421164969373e+01
4.557000000000000384e+00,1.693025944170745589e+01
4.557999999999999829e+00,1.701346732742793932e+01
4.559000000000000163e+00,1.701018365061983317e+01
4.559999999999999609e+00,1.705395729416414952e+01
4.560999999999999943e+00,1.698574095289173513e+01
4.562000000000000277e+00,1.701390933428717034e+01
4.562999999999999723e+00,1.691886024567578772e+01
4.564000000000000057e+00,1.694567816543953498e+01
4.565000000000000391e+00,1.706002589214138609e+01
4.565999999999999837e+00,1.698243155704876983e+01
4.567000000000000171e+00,1.699896218502118472e+01
4.567999999999999616e+00,1.705850665645588649e+01
4.568999999999999950e+00,1.695939028246918312e+01
4.570000000000000284e+00,1.696246058786882926e+01
4.570999999999999730e+00,1.701728137987191403e+01
4.572000000000000064e+00,1.703214761930437859e+01
4.573000000000000398e+00,1.698450387365622305e+01
4.573999999999999844e+00,1.701436310313830091e+01
4.575000000000000178e+00,1.696007598423929963e+01
4.575999999999999623e+00,1.694974521434577142e+01
4.576999999999999957e+00,1.702180404532478164e+01
4.578000000000000291e+00,1.690724291604925966e+01
4.578999999999999737e+00,1.693988417901064381e+01
4.580000000000000071e+00,1.696834159390942176e+01
4.581000000000000405e+00,1.700022429020079429e+01
4.581999999999999851e+00,1.696180815778686934e+01
4.583000000000000185e+00,1.697096403081432925e+01
4.583999999999999631e+00,1.690763686055413118e+01
4.584999999999999964e+00,1.691890734994477441e+01
4.586000000000000298e+00,1.693078988071155777e+01
4.586999999999999744e+00,1.695947262690163271e+01
4.588000000000000078e+00,1.696712989112830527e+01
4.589000000000000412e+00,1.701725242123419690e+01
4.589999999999999858e+00,1.696954672616969617e+01
4.591000000000000192e+00,1.687089617460780033e+01
4.591999999999999638e+00,1.694548338014023514e+01
4.592999999999999972e+00,1.694849506102407233e+01
4.594000000000000306e+00,1.699073766371349592e+01
4.594999999999999751e+00,1.702059173246068013e+01
4.596000000000000085e+00,1.700077435863178366e+01
4.597000000000000419e+00,1.699697349466664420e+01
4.597999999999999865e+00,1.702229743799092176e+01
4.599000000000000199e+00,1.700534352882582212e+01
4.599999999999999645e+00,1.696747764871325259e+01
4.600999999999999979e+00,1.697591621108189130e+01
4.602000000000000313e+00,1.697906314693119612e+01
4.602999999999999758e+00,1.704657340337626081e+01
4.604000000000000092e+00,1.699498728338055642e+01
4.605000000000000426e+00,1.695686373417429493e+01
4.605999999999999872e+00,1.701040325442722079e+01
4.607000000000000206e+00,1.697983178301528895e+01
4.607999999999999652e+00,1.701597519215820498e+01
4.608999999999999986e+00,1.703932509581552779e+01
4.610000000000000320e+00,1.704479180667825133e+01
4.610999999999999766e+00,1.698372865123174336e+01
4.612000000000000099e+00,1.697657927938180578e+01
4.613000000000000433e+00,1.702441403348054649e+01
4.613999999999999879e+00,1.700584830608165277e+01
4.615000000000000213e+00,1.697533648242752946e+01
4.615999999999999659e+00,1.704996301884836996e+01
4.616999999999999993e+00,1.705279075766700103e+01
4.618000000000000327e+00,1.701384312205840033e+01
4.618999999999999773e+00,1.695540747637784307e+01
4.620000000000000107e+00,1.696807239693124814e+01
4.621000000000000441e+00,1.699284574783955648e+01
4.621999999999999886e+00,1.702264730341471477e+01
4.623000000000000220e+00,1.697002145602671419e+01
4.623999999999999666e+00,1.696415981675348661e+01
4.625000000000000000e+00,1.700101304410747360e+01
4.626000000000000334e+00,1.699831732998590539e+01
4.626999999999999780e+00,1.701348094907229580e+01
4.628000000000000114e+00,1.695860791923520594e+01
4.628999999999999559e+00,1.700871458147700110e+01
4.629999999999999893e+00,1.698319699145901396e+01
4.631000000000000227e+00,1.696262042052047292e+01
4.631999999999999673e+00,1.694583346015526004e+01
4.633000000000000007e+00,1.698566437587868805e+01
4.634000000000000341e+00,1.695501723201696009e+01
4.634999999999999787e+00,1.696892495756337027e+01
4.636000000000000121e+00,1.700998616074189584e+01
4.636999999999999567e+00,1.700408518226674559e+01
4.637999999999999901e+00,1.692449711471388696e+01
4.639000000000000234e+00,1.700966386897790628e+01
4.639999999999999680e+00,1.703304277345956308e+01
4.641000000000000014e+00,1.701711469643718289e+01
4.642000000000000348e+00,1.693232596390390654e+01
4.642999999999999794e+00,1.694900029464785618e+01
4.644000000000000128e+00,1.699463959354178400e+01
4.644999999999999574e+00,1.697106821542951138e+01
4.645999999999999908e+00,1.697038152836701030e+01
4.647000000000000242e+00,1.697209090994597247e+01
4.647999999999999687e+00,1.698817880892156040e+01
4.649000000000000021e+00,1.695491420291202900e+01
4.650000000000000355e+00,1.699822091387061818e+01
4.650999999999999801e+00,1.699894975000216135e+01
4.652000000000000135e+00,1.703074096307854646e+01
4.652999999999999581e+00,1.704692419349738230e+01
4.653999999999999915e+00,1.695325766997492423e+01
4.655000000000000249e+00,1.701668903934745103e+01
4.655999999999999694e+00,1.698205239754309304e+01
4.657000000000000028e+00,1.697592129558847418e+01
4.658000000000000362e+00,1.699962253019484137e+01
4.658999999999999808e+00,1.701971750013857232e+01
4.660000000000000142e+00,1.702611568959790489e+01
4.660999999999999588e+00,1.700250794193623705e+01
4.661999999999999922e+00,1.702085222109251461e+01
4.663000000000000256e+00,1.701153234752905163e+01
4.663999999999999702e+00,1.705491339736970602e+01
4.665000000000000036e+00,1.708262530975764193e+01
4.666000000000000369e+00,1.699513528413538666e+01
4.666999999999999815e+00,1.699090560977122166e+01
4.668000000000000149e+00,1.693702373146755491e+01
4.668999999999999595e+00,1.698039437030626786e+01
4.669999999999999929e+00,1.701080066055707363e+01
4.671000000000000263e+00,1.702299365220683924e+01
4.671999999999999709e+00,1.701173452360895055e+01
4.673000000000000043e+00,1.698840720693996076e+01
4.674000000000000377e+00,1.694139780582890609e+01
4.674999999999999822e+00,1.694796792135914032e+01
4.676000000000000156e+00,1.699077963987705786e+01
4.676999999999999602e+00,1.694856129541073742e+01
4.677999999999999936e+00,1.698286658321405440e+01
4.679000000000000270e+00,1.699519803064495704e+01
4.679999999999999716e+00,1.695884018623310396e+01
4.681000000000000050e+00,1.697964921522259019e+01
4.682000000000000384e+00,1.696437016272119536e+01
4.682999999999999829e+00,1.703053064149196061e+01
4.684000000000000163e+00,1.695196832541962806e+01
4.684999999999999609e+00,1.696582592227858299e+01
4.685999999999999943e+00,1.697999007539758765e+01
4.687000000000000277e+00,1.695001726416112930e+01
4.687999999999999723e+00,1.697701309185558571e+01
4.689000000000000057e+00,1.698791638414398975e+01
4.690000000000000391e+00,1.694976528539600480e+01
4.690999999999999837e+00,1.694395993838122649e+01
4.692000000000000171e+00,1.691848794085715113e+01
4.692999999999999616e+00,1.700599264639371810e+01
4.693999999999999950e+00,1.697091035064988773e+01
4.695000000000000284e+00,1.696838912035676117e+01
4.695999999999999730e+00,1.703255955232859264e+01
4.697000000000000064e+00,1.705151863569906823e+01
4.698000000000000398e+00,1.696968305828616153e+01
4.698999999999999844e+00,1.700514473483287503e+01
4.700000000000000178e+00,1.697296836034679046e+01
4.700999999999999623e+00,1.704267753219945192e+01
4.701999999999999957e+00,1.704777390699737794e+01
4.703000000000000291e+00,1.699288208259217825e+01
4.703999999999999737e+00,1.698937112418787621e+01
4.705000000000000071e+00,1.696008437192335450e+01
4.706000000000000405e+00,1.697804097455290773e+01
4.706999999999999851e+00,1.703667483823746664e+01
4.708000000000000185e+00,1.701454968691314917e+01
4.708999999999999631e+00,1.697449074628718435e+01
4.709999999999999964e+00,1.698030355802347557e+01
4.711000000000000298e+00,1.704257476315891395e+01
4.711999999999999744e+00,1.701296396863147464e+01
4.713000000000000078e+00,1.702523005995073646e+01
4.714000000000000412e+00,1.698504923835123037e+01
4.714999999999999858e+00,1.693981965785859956e+01
4.716000000000000192e+00,1.700934826815134215e+01
4.716999999999999638e+00,1.705288516490062634e+01
4.717999999999999972e+00,1.697800969723019904e+01
4.719000000000000306e+00,1.705162194480542937e+01
4.719999999999999751e+00,1.701407215737443934e+01
4.721000000000000085e+00,1.702561095626713339e+01
4.722000000000000419e+00,1.701563789324646692e+01
4.722999999999999865e+00,1.708403402883119071e+01
4.724000000000000199e+00,1.708564959301333630e+01
4.724999999999999645e+00,1.708936618902684046e+01
4.725999999999999979e+00,1.710816458126793549e+01
4.727000000000000313e+00,1.706132331102779176e+01
4.727999999999999758e+00,1.715488386991519576e+01
4.729000000000000092e+00,1.708955293614832271e+01
4.730000000000000426e+00,1.706460321035116934e+01
4.730999999999999872e+00,1.709817181254724971e+01
4.732000000000000206e+00,1.708987925157222776e+01
4.732999999999999652e+00,1.705534733397725944e+01
4.733999999999999986e+00,1.714443756128855156e+01
4.735000000000000320e+00,1.706978249759575306e+01
4.735999999999999766e+00,1.704537851971286955e+01
4.737000000000000099e+00,1.714935979046131465e+01
4.738000000000000433e+00,1.705714236199303002e+01
4.738999999999999879e+00,1.697631214990941118e+01
4.740000000000000213e+00,1.705745811654593780e+01
4.740999999999999659e+00,1.706245755108943030e+01
4.741999999999999993e+00,1.705526155829944557e+01
4.743000000000000327e+00,1.704782338891565630e+01
4.743999999999999773e+00,1.711668798059481489e+01
4.745000000000000107e+00,1.709746558713549902e+01
4.746000000000000441e+00,1.702182426199362908e+01
4.746999999999999886e+00,1.702350753406560457e+01
4.748000000000000220e+00,1.706172835261942566e+01
4.748999999999999666e+00,1.707005778493968151e+01
4.750000000000000000e+00,1.710541942694115036e+01
4.751000000000000334e+00,1.708807624266815495e+01
4.751999999999999780e+00,1.707856350921518995e+01
4.753000000000000114e+00,1.708362333548338441e+01
4.753999999999999559e+00,1.711176323396983179e+01
4.754999999999999893e+00,1.706190796339639348e+01
4.756000000000000227e+00,1.712274608653756758e+01
4.756999999999999673e+00,1.711873044694608126e+01
4.758000000000000007e+00,1.710139966055329452e+01
4.759000000000000341e+00,1.706425151979873078e+01
4.759999999999999787e+00,1.702598180095872493e+01
4.761000000000000121e+00,1.702835688112097401e+01
4.761999999999999567e+00,1.699490141249140862e+01
4.762999999999999901e+00,1.705225969524456175e+01
4.764000000000000234e+00,1.707568478370921738e+01
4.764999999999999680e+00,1.704315318333081564e+01
4.766000000000000014e+00,1.702448913949921305e+01
4.767000000000000348e+00,1.709086059385488099e+01
4.767999999999999794e+00,1.703741068138709736e+01
4.769000000000000128e+00,1.709554112772509171e+01
4.769999999999999574e+00,1.715042887940078842e+01
4.770999999999999908e+00,1.702607780463967657e+01
4.772000000000000242e+00,1.709348797417343135e+01
4.772999999999999687e+00,1.706193054763823369e+01
4.774000000000000021e+00,1.712560458529650020e+01
4.775000000000000355e+00,1.707950609599272340e+01
4.775999999999999801e+00,1.711688598067593148e+01
4.777000000000000135e+00,1.707672419915984108e+01
4.777999999999999581e+00,1.710296192780418423e+01
4.778999999999999915e+00,1.706634363678256960e+01
4.780000000000000249e+00,1.708412544922702025e+01
4.780999999999999694e+00,1.706848041020096218e+01
4.782000000000000028e+00,1.704315428641584873e+01
4.783000000000000362e+00,1.717099946625918250e+01
4.783999999999999808e+00,1.710912361019650518e+01
4.785000000000000142e+00,1.713181765639642506e+01
4.785999999999999588e+00,1.703984708304047757e+01
4.786999999999999922e+00,1.703531300639089352e+01
4.788000000000000256e+00,1.710195013391196639e+01
4.788999999999999702e+00,1.707127505104927678e+01
4.790000000000000036e+00,1.706323116996316713e+01
4.791000000000000369e+00,1.709644001205893815e+01
4.791999999999999815e+00,1.707480969303271934e+01
4.793000000000000149e+00,1.708147893162076869e+01
4.793999999999999595e+00,1.710233835719792239e+01
4.794999999999999929e+00,1.710279847475769444e+01
4.796000000000000263e+00,1.706461216916509471e+01
4.796999999999999709e+00,1.713056571626713520e+01
4.798000000000000043e+00,1.705452724764614914e+01
4.799000000000000377e+00,1.709473792388675761e+01
4.799999999999999822e+00,1.705224753237961721e+01
4.801000000000000156e+00,1.703662057743419211e+01
4.801999999999999602e+00,1.704719872576312767e+01
4.802999999999999936e+00,1.700938510908315493e+01
4.804000000000000270e+00,1.705260219932777588e+01
4.804999999999999716e+00,1.703650935706498970e+01
4.806000000000000050e+00,1.705075418495659534e+01
4.807000000000000384e+00,1.713393437987223678e+01
4.807999999999999829e+00,1.704213732417634830e+01
4.809000000000000163e+00,1.708333083436816224e+01
4.809999999999999609e+00,1.703810068216843732e+01
4.810999999999999943e+00,1.713341177412214478e+01
4.812000000000000277e+00,1.703792295741641993e+01
4.812999999999999723e+00,1.704851806394634295e+01
4.814000000000000057e+00,1.709729250019752200e+01
4.815000000000000391e+00,1.708835337781579611e+01
4.815999999999999837e+00,1.708926045014259287e+01
4.817000000000000171e+00,1.704163190723757282e+01
4.817999999999999616e+00,1.697737640335747145e+01
4.818999999999999950e+00,1.699344017117693539e+01
4.820000000000000284e+00,1.688089952131674565e+01
4.820999999999999730e+00,1.705925372227252979e+01
4.822000000000000064e+00,1.702609593722509018e+01
4.823000000000000398e+00,1.706022923687702075e+01
4.823999999999999844e+00,1.699664594449067323e+01
4.825000000000000178e+00,1.702949314398995639e+01
4.825999999999999623e+00,1.699845814876472971e+01
4.826999999999999957e+00,1.704326085692354908e+01
4.828000000000000291e+00,1.708147439273913548e+01
4.828999999999999737e+00,1.702670744848614603e+01
4.830000000000000071e+00,1.701445854684715897e+01
4.831000000000000405e+00,1.707995264393321477e+01
4.831999999999999851e+00,1.708707124296385160e+01
4.833000000000000185e+00,1.706991426102828768e+01
4.833999999999999631e+00,1.700884798553263977e+01
4.834999999999999964e+00,1.705780143881538535e+01
4.836000000000000298e+00,1.704687030228551592e+01
4.836999999999999744e+00,1.702539783541429230e+01
4.838000000000000078e+00,1.703783575819036145e+01
4.839000000000000412e+00,1.709515912522400427e+01
4.839999999999999858e+00,1.694346454467540752e+01
4.841000000000000192e+00,1.697841132698124866e+01
4.841999999999999638e+00,1.696470784945945098e+01
4.842999999999999972e+00,1.695492570436124780e+01
4.844000000000000306e+00,1.702690572742065100e+01
4.844999999999999751e+00,1.704521208964934686e+01
4.846000000000000085e+00,1.705199650670691014e+01
4.847000000000000419e+00,1.700476136988130094e+01
4.847999999999999865e+00,1.702444254216405639e+01
4.849000000000000199e+00,1.705766061394428590e+01
4.849999999999999645e+00,1.705118663307552751e+01
4.850999999999999979e+00,1.704538044977175204e+01
4.852000000000000313e+00,1.700462436322306559e+01
4.852999999999999758e+00,1.703337228975242468e+01
4.854000000000000092e+00,1.701042038791593569e+01
4.855000000000000426e+00,1.697665188380232593e+01
4.855999999999999872e+00,1.698138960228055439e+01
4.857000000000000206e+00,1.698033189265467158e+01
4.857999999999999652e+00,1.704415832560436073e+01
4.858999999999999986e+00,1.697272577618418765e+01
4.860000000000000320e+00,1.698004277277940588e+01
4.860999999999999766e+00,1.696656846265689822e+01
4.862000000000000099e+00,1.700615966033506155e+01
4.863000000000000433e+00,1.703462981532688048e+01
4.863999999999999879e+00,1.705426511475579332e+01
4.865000000000000213e+00,1.701880640805059031e+01
4.865999999999999659e+00,1.697720926294452326e+01
4.866999999999999993e+00,1.700050489441800394e+01
4.868000000000000327e+00,1.708909028329298607e+01
4.868999999999999773e+00,1.701894595774921015e+01
4.870000000000000107e+00,1.701507258617392893e+01
4.871000000000000441e+00,1.701235485593282704e+01
4.871999999999999886e+00,1.708641169900992907e+01
4.873000000000000220e+00,1.703709163814285432e+01
4.873999999999999666e+00,1.699076076768833232e+01
4.875000000000000000e+00,1.704426413292527442e+01
4.876000000000000334e+00,1.701567016849470448e+01
4.876999999999999780e+00,1.697831809456807051e+01
4.878000000000000114e+00,1.702717225997722750e+01
4.878999999999999559e+00,1.703930739084508161e+01
4.879999999999999893e+00,1.703840957108986487e+01
4.881000000000000227e+00,1.707765125594168865e+01
4.881999999999999673e+00,1.703258651677755608e+01
4.883000000000000007e+00,1.699635947453901963e+01
4.884000000000000341e+00,1.699652607874074661e+01
4.884999999999999787e+00,1.699413218300552941e+01
4.886000000000000121e+00,1.701950978887030175e+01
4.886999999999999567e+00,1.704123690831734450e+01
4.887999999999999901e+00,1.704124222783186227e+01
4.889000000000000234e+00,1.708232809599072155e+01
4.889999999999999680e+00,1.704618789680812796e+01
4.891000000000000014e+00,1.707911013899679631e+01
4.892000000000000348e+00,1.701445271942408155e+01
4.892999999999999794e+00,1.701838410543571456e+01
4.894000000000000128e+00,1.700278216805049070e+01
4.894999999999999574e+00,1.705187985412584339e+01
4.895999999999999908e+00,1.695861975934460020e+01
4.897000000000000242e+00,1.700685445056407019e+01
4.897999999999999687e+00,1.700624796196693467e+01
4.899000000000000021e+00,1.705947178259873453e+01
4.900000000000000355e+00,1.705344864280514372e+01
4.900999999999999801e+00,1.711289335256904209e+01
4.902000000000000135e+00,1.709339047041028437e+01
4.902999999999999581e+00,1.707490184056229054e+01
4.903999999999999915e+00,1.706657107737736467e+01
4.905000000000000249e+00,1.705895114327055850e+01
4.905999999999999694e+00,1.703485459902329069e+01
4.907000000000000028e+00,1.706078274256390159e+01
4.908000000000000362e+00,1.703622673219865291e+01
4.908999999999999808e+00,1.697054173877693728e+01
4.910000000000000142e+00,1.702436420129549788e+01
4.910999999999999588e+00,1.700766384669924491e+01
4.911999999999999922e+00,1.701463710265408125e+01
4.913000000000000256e+00,1.703035300530855878e+01
4.913999999999999702e+00,1.705362973175653707e+01
4.915000000000000036e+00,1.705061677746436288e+01
4.916000000000000369e+00,1.711080188761156151e+01
4.916999999999999815e+00,1.708252456690949472e+01
4.918000000000000149e+00,1.713947653813444916e+01
4.918999999999999595e+00,1.706142191868984881e+01
4.919999999999999929e+00,1.712244145705743392e+01
4.921000000000000263e+00,1.707628695129478658e+01
4.921999999999999709e+00,1.705836636600284706e+01
4.923000000000000043e+00,1.707474933544191487e+01
4.924000000000000377e+00,1.706856390288284331e+01
4.924999999999999822e+00,1.705555620488880919e+01
4.926000000000000156e+00,1.705090502639532346e+01
4.926999999999999602e+00,1.710191512045050644e+01
4.927999999999999936e+00,1.704935085029061526e+01
4.929000000000000270e+00,1.714543081091681742e+01
4.929999999999999716e+00,1.709775458725401975e+01
4.931000000000000050e+00,1.704677766242310000e+01
4.932000000000000384e+00,1.694492592812296294e+01
4.932999999999999829e+00,1.698704504393552384e+01
4.934000000000000163e+00,1.705119473973423894e+01
4.934999999999999609e+00,1.704470601768916183e+01
4.935999999999999943e+00,1.709864486711317610e+01
4.937000000000000277e+00,1.708217093857409097e+01
4.937999999999999723e+00,1.713617118067482892e+01
4.939000000000000057e+00,1.709567710780885008e+01
4.940000000000000391e+00,1.712968282578078316e+01
4.940999999999999837e+00,1.712851982865109690e+01
4.942000000000000171e+00,1.714242216380067774e+01
4.942999999999999616e+00,1.715910926251407176e+01
4.943999999999999950e+00,1.710501803284449451e+01
4.945000000000000284e+00,1.701884160170621030e+01
4.945999999999999730e+00,1.703969597423345306e+01
4.947000000000000064e+00,1.713421968322390754e+01
4.948000000000000398e+00,1.707634165919166236e+01
4.948999999999999844e+00,1.711430103458305041e+01
4.950000000000000178e+00,1.712487799386088483e+01
4.950999999999999623e+00,1.710726636620199059e+01
4.951999999999999957e+00,1.707296482692044748e+01
4.953000000000000291e+00,1.706636802556066002e+01
4.953999999999999737e+00,1.704638376680469847e+01
4.955000000000000071e+00,1.708128772997584832e+01
4.956000000000000405e+00,1.704046797341285568e+01
4.956999999999999851e+00,1.710434314965290170e+01
4.958000000000000185e+00,1.706949176791733436e+01
4.958999999999999631e+00,1.700665930460732511e+01
4.959999999999999964e+00,1.701688117283556423e+01
4.961000000000000298e+00,1.710738284195702974e+01
4.961999999999999744e+00,1.713085994904472642e+01
4.963000000000000078e+00,1.716206480905810139e+01
4.964000000000000412e+00,1.711515811592657954e+01
4.964999999999999858e+00,1.705620238282437739e+01
4.966000000000000192e+00,1.703711177402737320e+01
4.966999999999999638e+00,1.704564681491109823e+01
4.967999999999999972e+00,1.706255359609324529e+01
4.969000000000000306e+00,1.701842521305221467e+01
4.969999999999999751e+00,1.702125463359137925e+01
4.971000000000000085e+00,1.706496050698784472e+01
4.972000000000000419e+00,1.712279523360027511e+01
4.972999999999999865e+00,1.705664205971563518e+01
4.974000000000000199e+00,1.706282069571056326e+01
4.974999999999999645e+00,1.706067982451143195e+01
4.975999999999999979e+00,1.708940627437053550e+01
4.977000000000000313e+00,1.703633503670518223e+01
4.977999999999999758e+00,1.708300263916043349e+01
4.979000000000000092e+00,1.702746982049078639e+01
4.980000000000000426e+00,1.706287483449569464e+01
4.980999999999999872e+00,1.703248802186646316e+01
4.982000000000000206e+00,1.703868286665349530e+01
4.982999999999999652e+00,1.706916143458986213e+01
4.983999999999999986e+00,1.701321804434580187e+01
4.985000000000000320e+00,1.708517179054961588e+01
4.985999999999999766e+00,1.705226431236976126e+01
4.987000000000000099e+00,1.700611947861486684e+01
4.988000000000000433e+00,1.706586584583378041e+01
4.988999999999999879e+00,1.706054374635953863e+01
4.990000000000000213e+00,1.709356575501144349e+01
4.990999999999999659e+00,1.704218946065967089e+01
4.991999999999999993e+00,1.701071958237326953e+01
4.993000000000000327e+00,1.709083163262846483e+01
4.993999999999999773e+00,1.703222639236352265e+01
4.995000000000000107e+00,1.707072362544073130e+01
4.996000000000000441e+00,1.715322140935640149e+01
4.996999999999999886e+00,1.711913357619694409e+01
4.998000000000000220e+00,1.704876933040711151e+01
4.998999999999999666e+00,1.708438676347202900e+01
