time_ns,rmsd_A
0.000000000000000000e+00,1.877914667129516602e+00
1.000000000000000021e-03,1.870359778404235840e+00
2.000000000000000042e-03,1.857099056243896484e+00
3.000000000000000062e-03,1.899148225784301758e+00
4.000000000000000083e-03,1.887755870819091797e+00
5.000000000000000104e-03,1.959318995475769043e+00
6.000000000000000125e-03,1.897667407989501953e+00
7.000000000000000146e-03,1.928474426269531250e+00
8.000000000000000167e-03,1.891988754272460938e+00
8.999999999999999320e-03,1.872940659523010254e+00
1.000000000000000021e-02,1.875749588012695312e+00
1.099999999999999936e-02,1.865831375122070312e+00
1.200000000000000025e-02,1.856273174285888672e+00
1.299999999999999940e-02,1.892137408256530762e+00
1.400000000000000029e-02,1.921849966049194336e+00
1.499999999999999944e-02,1.877411127090454102e+00
1.600000000000000033e-02,1.848961591720581055e+00
1.700000000000000122e-02,1.878118991851806641e+00
1.799999999999999864e-02,1.932948708534240723e+00
1.899999999999999953e-02,1.892893552780151367e+00
2.000000000000000042e-02,1.880457997322082520e+00
2.100000000000000130e-02,1.913092851638793945e+00
2.199999999999999872e-02,1.928540706634521484e+00
2.299999999999999961e-02,1.929322481155395508e+00
2.400000000000000050e-02,1.846568703651428223e+00
2.500000000000000139e-02,1.905610442161560059e+00
2.599999999999999881e-02,1.942182183265686035e+00
2.699999999999999969e-02,2.091828346252441406e+00
2.800000000000000058e-02,1.982955932617187500e+00
2.900000000000000147e-02,1.953754305839538574e+00
2.999999999999999889e-02,1.849072098731994629e+00
3.099999999999999978e-02,1.923405170440673828e+00
3.200000000000000067e-02,1.978556036949157715e+00
3.300000000000000155e-02,1.845959544181823730e+00
3.400000000000000244e-02,1.881286978721618652e+00
3.500000000000000333e-02,1.881775975227355957e+00
3.599999999999999728e-02,1.888338088989257812e+00
3.699999999999999817e-02,1.847066879272460938e+00
3.799999999999999906e-02,1.849694132804870605e+00
3.899999999999999994e-02,1.898434877395629883e+00
4.000000000000000083e-02,1.883907079696655273e+00
4.100000000000000172e-02,1.893595576286315918e+00
4.200000000000000261e-02,1.867980718612670898e+00
4.299999999999999656e-02,1.903020143508911133e+00
4.399999999999999745e-02,1.870168447494506836e+00
4.499999999999999833e-02,1.928076863288879395e+00
4.599999999999999922e-02,1.936251401901245117e+00
4.700000000000000011e-02,1.902845501899719238e+00
4.800000000000000100e-02,1.863048553466796875e+00
4.900000000000000189e-02,1.832885026931762695e+00
5.000000000000000278e-02,1.885642766952514648e+00
5.099999999999999672e-02,1.897411346435546875e+00
5.199999999999999761e-02,1.916976451873779297e+00
5.299999999999999850e-02,1.911248445510864258e+00
5.399999999999999939e-02,1.998784542083740234e+00
5.500000000000000028e-02,1.860742568969726562e+00
5.600000000000000117e-02,1.905784606933593750e+00
5.700000000000000205e-02,1.920453071594238281e+00
5.800000000000000294e-02,1.924321770668029785e+00
5.899999999999999689e-02,1.818212866783142090e+00
5.999999999999999778e-02,1.822466969490051270e+00
6.099999999999999867e-02,1.763453364372253418e+00
6.199999999999999956e-02,1.908866643905639648e+00
6.300000000000000044e-02,1.906280755996704102e+00
6.400000000000000133e-02,1.859794616699218750e+00
6.500000000000000222e-02,1.912878990173339844e+00
6.600000000000000311e-02,1.840663075447082520e+00
6.700000000000000400e-02,1.786749124526977539e+00
6.800000000000000488e-02,1.828095912933349609e+00
6.900000000000000577e-02,1.840496540069580078e+00
7.000000000000000666e-02,1.842231512069702148e+00
7.099999999999999367e-02,1.756322860717773438e+00
7.199999999999999456e-02,1.806635618209838867e+00
7.299999999999999545e-02,1.806536436080932617e+00
7.399999999999999634e-02,1.898057937622070312e+00
7.499999999999999722e-02,1.968480587005615234e+00
7.599999999999999811e-02,1.844699263572692871e+00
7.699999999999999900e-02,1.814160108566284180e+00
7.799999999999999989e-02,1.860344171524047852e+00
7.900000000000000078e-02,1.778102874755859375e+00
8.000000000000000167e-02,1.863336682319641113e+00
8.100000000000000255e-02,1.840899109840393066e+00
8.200000000000000344e-02,1.933186650276184082e+00
8.300000000000000433e-02,1.970479249954223633e+00
8.400000000000000522e-02,1.858804821968078613e+00
8.500000000000000611e-02,1.897977113723754883e+00
8.599999999999999312e-02,1.840996265411376953e+00
8.699999999999999400e-02,1.921796798706054688e+00
8.799999999999999489e-02,1.891353845596313477e+00
8.899999999999999578e-02,1.894148826599121094e+00
8.999999999999999667e-02,1.798241257667541504e+00
9.099999999999999756e-02,1.879506349563598633e+00
9.199999999999999845e-02,1.906428217887878418e+00
9.299999999999999933e-02,1.944076061248779297e+00
9.400000000000000022e-02,1.818311214447021484e+00
9.500000000000000111e-02,1.831727147102355957e+00
9.600000000000000200e-02,1.826193451881408691e+00
9.700000000000000289e-02,1.839551925659179688e+00
9.800000000000000377e-02,1.779439210891723633e+00
9.900000000000000466e-02,1.833693504333496094e+00
1.000000000000000056e-01,1.777570962905883789e+00
1.010000000000000064e-01,1.738861083984375000e+00
1.019999999999999934e-01,1.806310176849365234e+00
1.029999999999999943e-01,1.739228487014770508e+00
1.039999999999999952e-01,1.835685491561889648e+00
1.049999999999999961e-01,1.844047904014587402e+00
1.059999999999999970e-01,1.906642794609069824e+00
1.069999999999999979e-01,1.850647211074829102e+00
1.079999999999999988e-01,1.829325675964355469e+00
1.089999999999999997e-01,1.839385151863098145e+00
1.100000000000000006e-01,1.898165702819824219e+00
1.110000000000000014e-01,1.862911224365234375e+00
1.120000000000000023e-01,1.947255134582519531e+00
1.130000000000000032e-01,1.791092276573181152e+00
1.140000000000000041e-01,1.872285485267639160e+00
1.150000000000000050e-01,1.782553195953369141e+00
1.160000000000000059e-01,1.923405170440673828e+00
1.170000000000000068e-01,1.890529394149780273e+00
1.179999999999999938e-01,1.826445460319519043e+00
1.189999999999999947e-01,1.919081807136535645e+00
1.199999999999999956e-01,1.789079189300537109e+00
1.209999999999999964e-01,1.842189908027648926e+00
1.219999999999999973e-01,1.838301181793212891e+00
1.229999999999999982e-01,1.834069728851318359e+00
1.239999999999999991e-01,1.777096390724182129e+00
1.250000000000000000e-01,1.813737392425537109e+00
1.260000000000000009e-01,1.795453429222106934e+00
1.270000000000000018e-01,1.849030494689941406e+00
1.280000000000000027e-01,1.879288911819458008e+00
1.290000000000000036e-01,1.813286423683166504e+00
1.300000000000000044e-01,1.825479507446289062e+00
1.310000000000000053e-01,1.851019978523254395e+00
1.320000000000000062e-01,1.823280096054077148e+00
1.330000000000000071e-01,1.818395614624023438e+00
1.340000000000000080e-01,1.815568208694458008e+00
1.350000000000000089e-01,1.895322561264038086e+00
1.360000000000000098e-01,1.861442923545837402e+00
1.370000000000000107e-01,1.887823581695556641e+00
1.380000000000000115e-01,1.904899358749389648e+00
1.390000000000000124e-01,1.839815855026245117e+00
1.400000000000000133e-01,1.841232299804687500e+00
1.409999999999999865e-01,1.819505572319030762e+00
1.419999999999999873e-01,1.814146041870117188e+00
1.429999999999999882e-01,1.742062330245971680e+00
1.439999999999999891e-01,1.743235588073730469e+00
1.449999999999999900e-01,1.757181167602539062e+00
1.459999999999999909e-01,1.850453734397888184e+00
1.469999999999999918e-01,1.813272356986999512e+00
1.479999999999999927e-01,1.784057855606079102e+00
1.489999999999999936e-01,1.835657596588134766e+00
1.499999999999999944e-01,1.768301844596862793e+00
1.509999999999999953e-01,1.823364377021789551e+00
1.519999999999999962e-01,1.862787961959838867e+00
1.529999999999999971e-01,1.851613640785217285e+00
1.539999999999999980e-01,1.793886899948120117e+00
1.549999999999999989e-01,1.880023002624511719e+00
1.559999999999999998e-01,1.884910821914672852e+00
1.570000000000000007e-01,1.995905518531799316e+00
1.580000000000000016e-01,1.923710703849792480e+00
1.590000000000000024e-01,2.017721652984619141e+00
1.600000000000000033e-01,1.894108533859252930e+00
1.610000000000000042e-01,1.853724241256713867e+00
1.620000000000000051e-01,1.879859924316406250e+00
1.630000000000000060e-01,1.860921144485473633e+00
1.640000000000000069e-01,1.820193648338317871e+00
1.650000000000000078e-01,1.881341218948364258e+00
1.660000000000000087e-01,1.857539415359497070e+00
1.670000000000000095e-01,1.930831909179687500e+00
1.680000000000000104e-01,1.943747520446777344e+00
1.690000000000000113e-01,1.892002344131469727e+00
1.700000000000000122e-01,1.866009354591369629e+00
1.710000000000000131e-01,1.905342102050781250e+00
1.719999999999999862e-01,1.850964784622192383e+00
1.729999999999999871e-01,1.909281611442565918e+00
1.739999999999999880e-01,1.883540630340576172e+00
1.749999999999999889e-01,1.926485538482666016e+00
1.759999999999999898e-01,1.872299194335937500e+00
1.769999999999999907e-01,1.956682324409484863e+00
1.779999999999999916e-01,1.824233055114746094e+00
1.789999999999999925e-01,1.947294473648071289e+00
1.799999999999999933e-01,1.782710790634155273e+00
1.809999999999999942e-01,1.767665743827819824e+00
1.819999999999999951e-01,1.844671487808227539e+00
1.829999999999999960e-01,1.808671474456787109e+00
1.839999999999999969e-01,1.782395362854003906e+00
1.849999999999999978e-01,1.881830215454101562e+00
1.859999999999999987e-01,1.946546077728271484e+00
1.869999999999999996e-01,1.884503841400146484e+00
1.880000000000000004e-01,1.933411478996276855e+00
1.890000000000000013e-01,1.903865933418273926e+00
1.900000000000000022e-01,1.892015814781188965e+00
1.910000000000000031e-01,1.873404502868652344e+00
1.920000000000000040e-01,1.873486280441284180e+00
1.930000000000000049e-01,1.861442923545837402e+00
1.940000000000000058e-01,1.883594989776611328e+00
1.950000000000000067e-01,1.928288936614990234e+00
1.960000000000000075e-01,1.951070785522460938e+00
1.970000000000000084e-01,1.953675746917724609e+00
1.980000000000000093e-01,1.906977772712707520e+00
1.990000000000000102e-01,1.843604326248168945e+00
2.000000000000000111e-01,1.910940647125244141e+00
2.010000000000000120e-01,1.971451640129089355e+00
2.020000000000000129e-01,2.009433031082153320e+00
2.030000000000000138e-01,1.992560625076293945e+00
2.039999999999999869e-01,2.076696872711181641e+00
2.049999999999999878e-01,1.934495091438293457e+00
2.059999999999999887e-01,1.899565339088439941e+00
2.069999999999999896e-01,1.867638587951660156e+00
2.079999999999999905e-01,1.916096329689025879e+00
2.089999999999999913e-01,1.890650987625122070e+00
2.099999999999999922e-01,1.781448841094970703e+00
2.109999999999999931e-01,1.860206723213195801e+00
2.119999999999999940e-01,1.873459100723266602e+00
2.129999999999999949e-01,1.909482359886169434e+00
2.139999999999999958e-01,1.868486881256103516e+00
2.149999999999999967e-01,1.865885972976684570e+00
2.159999999999999976e-01,1.842980504035949707e+00
2.169999999999999984e-01,1.807314395904541016e+00
2.179999999999999993e-01,1.780917882919311523e+00
2.190000000000000002e-01,1.800868749618530273e+00
2.200000000000000011e-01,1.811664700508117676e+00
2.210000000000000020e-01,1.812595605850219727e+00
2.220000000000000029e-01,1.813103079795837402e+00
2.230000000000000038e-01,1.834487795829772949e+00
2.240000000000000047e-01,1.836534619331359863e+00
2.250000000000000056e-01,1.914922118186950684e+00
2.260000000000000064e-01,1.840496540069580078e+00
2.270000000000000073e-01,1.897330522537231445e+00
2.280000000000000082e-01,1.926458954811096191e+00
2.290000000000000091e-01,1.844491362571716309e+00
2.300000000000000100e-01,1.853889703750610352e+00
2.310000000000000109e-01,1.863871574401855469e+00
2.320000000000000118e-01,1.950900435447692871e+00
2.330000000000000127e-01,1.974405169486999512e+00
2.340000000000000135e-01,1.955597877502441406e+00
2.349999999999999867e-01,1.873445510864257812e+00
2.359999999999999876e-01,1.874359250068664551e+00
2.369999999999999885e-01,1.796847820281982422e+00
2.379999999999999893e-01,1.929746270179748535e+00
2.389999999999999902e-01,1.910619735717773438e+00
2.399999999999999911e-01,1.895699977874755859e+00
2.409999999999999920e-01,1.915055632591247559e+00
2.419999999999999929e-01,1.977496623992919922e+00
2.429999999999999938e-01,1.895187616348266602e+00
2.439999999999999947e-01,1.841843008995056152e+00
2.449999999999999956e-01,1.820067286491394043e+00
2.459999999999999964e-01,1.896656870841979980e+00
2.469999999999999973e-01,1.923936605453491211e+00
2.479999999999999982e-01,1.890204906463623047e+00
2.489999999999999991e-01,1.877819418907165527e+00
2.500000000000000000e-01,1.893136620521545410e+00
2.510000000000000009e-01,1.844158768653869629e+00
2.520000000000000018e-01,1.982092261314392090e+00
2.530000000000000027e-01,2.011213064193725586e+00
2.540000000000000036e-01,1.900735497474670410e+00
2.550000000000000044e-01,1.982324242591857910e+00
2.560000000000000053e-01,2.005422592163085938e+00
2.570000000000000062e-01,1.903248310089111328e+00
2.580000000000000071e-01,1.971244215965270996e+00
2.590000000000000080e-01,1.923312187194824219e+00
2.600000000000000089e-01,1.855639696121215820e+00
2.610000000000000098e-01,1.853572607040405273e+00
2.620000000000000107e-01,1.896144866943359375e+00
2.630000000000000115e-01,1.904510259628295898e+00
2.640000000000000124e-01,1.983381271362304688e+00
2.650000000000000133e-01,1.967363834381103516e+00
2.660000000000000142e-01,1.951895833015441895e+00
2.670000000000000151e-01,1.886442303657531738e+00
2.680000000000000160e-01,2.026366949081420898e+00
2.690000000000000169e-01,2.013740301132202148e+00
2.700000000000000178e-01,1.926339626312255859e+00
2.710000000000000187e-01,2.093587160110473633e+00
2.720000000000000195e-01,2.083871603012084961e+00
2.730000000000000204e-01,2.028320789337158203e+00
2.740000000000000213e-01,1.955218791961669922e+00
2.750000000000000222e-01,1.860330343246459961e+00
2.760000000000000231e-01,1.884503841400146484e+00
2.770000000000000240e-01,2.004836320877075195e+00
2.780000000000000249e-01,2.054350137710571289e+00
2.790000000000000258e-01,2.020379543304443359e+00
2.800000000000000266e-01,2.024461507797241211e+00
2.810000000000000275e-01,1.972838401794433594e+00
2.819999999999999729e-01,2.028144359588623047e+00
2.829999999999999738e-01,2.049953937530517578e+00
2.839999999999999747e-01,2.051599025726318359e+00
2.849999999999999756e-01,1.982582211494445801e+00
2.859999999999999765e-01,1.955245018005371094e+00
2.869999999999999774e-01,1.993522405624389648e+00
2.879999999999999782e-01,2.094819784164428711e+00
2.889999999999999791e-01,2.064947605133056641e+00
2.899999999999999800e-01,2.082338094711303711e+00
2.909999999999999809e-01,2.075059175491333008e+00
2.919999999999999818e-01,2.054238319396972656e+00
2.929999999999999827e-01,2.069756507873535156e+00
2.939999999999999836e-01,2.052545547485351562e+00
2.949999999999999845e-01,2.104144573211669922e+00
2.959999999999999853e-01,2.056215524673461914e+00
2.969999999999999862e-01,2.034799814224243164e+00
2.979999999999999871e-01,2.007689714431762695e+00
2.989999999999999880e-01,2.020519018173217773e+00
2.999999999999999889e-01,1.970686674118041992e+00
3.009999999999999898e-01,2.037937402725219727e+00
3.019999999999999907e-01,2.081515550613403320e+00
3.029999999999999916e-01,2.117221832275390625e+00
3.039999999999999925e-01,2.112811326980590820e+00
3.049999999999999933e-01,2.215057373046875000e+00
3.059999999999999942e-01,2.132425546646118164e+00
3.069999999999999951e-01,2.159969806671142578e+00
3.079999999999999960e-01,2.097209692001342773e+00
3.089999999999999969e-01,2.126424551010131836e+00
3.099999999999999978e-01,2.022137403488159180e+00
3.109999999999999987e-01,2.144842147827148438e+00
3.119999999999999996e-01,1.991842269897460938e+00
3.130000000000000004e-01,2.044310808181762695e+00
3.140000000000000013e-01,2.039115905761718750e+00
3.150000000000000022e-01,2.175591230392456055e+00
3.160000000000000031e-01,2.114491939544677734e+00
3.170000000000000040e-01,2.031065940856933594e+00
3.180000000000000049e-01,2.098939418792724609e+00
3.190000000000000058e-01,2.032185554504394531e+00
3.200000000000000067e-01,2.035063743591308594e+00
3.210000000000000075e-01,2.012038707733154297e+00
3.220000000000000084e-01,1.947150111198425293e+00
3.230000000000000093e-01,2.061900377273559570e+00
3.240000000000000102e-01,2.057806015014648438e+00
3.250000000000000111e-01,2.115096330642700195e+00
3.260000000000000120e-01,2.022251129150390625e+00
3.270000000000000129e-01,2.114262342453002930e+00
3.280000000000000138e-01,2.008733510971069336e+00
3.290000000000000147e-01,1.998375415802001953e+00
3.300000000000000155e-01,1.974715948104858398e+00
3.310000000000000164e-01,2.060710191726684570e+00
3.320000000000000173e-01,2.047009468078613281e+00
3.330000000000000182e-01,2.000918865203857422e+00
3.340000000000000191e-01,2.016162872314453125e+00
3.350000000000000200e-01,2.154519796371459961e+00
3.360000000000000209e-01,2.074541807174682617e+00
3.370000000000000218e-01,2.077718019485473633e+00
3.380000000000000226e-01,2.011441707611083984e+00
3.390000000000000235e-01,2.100448846817016602e+00
3.400000000000000244e-01,2.142839193344116211e+00
3.410000000000000253e-01,2.166975021362304688e+00
3.420000000000000262e-01,2.187213659286499023e+00
3.430000000000000271e-01,2.272319555282592773e+00
3.439999999999999725e-01,2.114878892898559570e+00
3.449999999999999734e-01,2.021049976348876953e+00
3.459999999999999742e-01,2.060201406478881836e+00
3.469999999999999751e-01,2.018569946289062500e+00
3.479999999999999760e-01,2.140512228012084961e+00
3.489999999999999769e-01,2.074997663497924805e+00
3.499999999999999778e-01,2.075847625732421875e+00
3.509999999999999787e-01,2.104278087615966797e+00
3.519999999999999796e-01,1.978091001510620117e+00
3.529999999999999805e-01,2.107615470886230469e+00
3.539999999999999813e-01,2.064526557922363281e+00
3.549999999999999822e-01,2.072224617004394531e+00
3.559999999999999831e-01,2.074948310852050781e+00
3.569999999999999840e-01,2.162429571151733398e+00
3.579999999999999849e-01,2.099901199340820312e+00
3.589999999999999858e-01,2.108149051666259766e+00
3.599999999999999867e-01,2.080422401428222656e+00
3.609999999999999876e-01,2.133468151092529297e+00
3.619999999999999885e-01,2.079955577850341797e+00
3.629999999999999893e-01,2.038752555847167969e+00
3.639999999999999902e-01,2.088869571685791016e+00
3.649999999999999911e-01,2.029013872146606445e+00
3.659999999999999920e-01,2.109288215637207031e+00
3.669999999999999929e-01,2.146640777587890625e+00
3.679999999999999938e-01,1.998874068260192871e+00
3.689999999999999947e-01,1.939706683158874512e+00
3.699999999999999956e-01,1.992932558059692383e+00
3.709999999999999964e-01,2.045210838317871094e+00
3.719999999999999973e-01,1.976708054542541504e+00
3.729999999999999982e-01,2.088820695877075195e+00
3.739999999999999991e-01,2.085220336914062500e+00
3.750000000000000000e-01,2.066345453262329102e+00
3.760000000000000009e-01,2.085122346878051758e+00
3.770000000000000018e-01,2.035854578018188477e+00
3.780000000000000027e-01,2.053529024124145508e+00
3.790000000000000036e-01,1.946060180664062500e+00
3.800000000000000044e-01,2.030877113342285156e+00
3.810000000000000053e-01,2.137620925903320312e+00
3.820000000000000062e-01,2.161200046539306641e+00
3.830000000000000071e-01,2.081355810165405273e+00
3.840000000000000080e-01,2.045635700225830078e+00
3.850000000000000089e-01,2.086335420608520508e+00
3.860000000000000098e-01,1.962095499038696289e+00
3.870000000000000107e-01,1.996212720870971680e+00
3.880000000000000115e-01,2.160608530044555664e+00
3.890000000000000124e-01,2.123309135437011719e+00
3.900000000000000133e-01,2.185050964355468750e+00
3.910000000000000142e-01,2.110947608947753906e+00
3.920000000000000151e-01,2.161767482757568359e+00
3.930000000000000160e-01,2.081466436386108398e+00
3.940000000000000169e-01,2.089505672454833984e+00
3.950000000000000178e-01,2.185939788818359375e+00
3.960000000000000187e-01,2.110826492309570312e+00
3.970000000000000195e-01,2.048407316207885742e+00
3.980000000000000204e-01,2.038627147674560547e+00
3.990000000000000213e-01,1.970128893852233887e+00
4.000000000000000222e-01,2.099024772644042969e+00
4.010000000000000231e-01,2.055768013000488281e+00
4.020000000000000240e-01,1.973744869232177734e+00
4.030000000000000249e-01,1.981112003326416016e+00
4.040000000000000258e-01,1.976358890533447266e+00
4.050000000000000266e-01,2.028005838394165039e+00
4.060000000000000275e-01,2.069558858871459961e+00
4.069999999999999729e-01,2.000254631042480469e+00
4.079999999999999738e-01,2.003152847290039062e+00
4.089999999999999747e-01,1.993970990180969238e+00
4.099999999999999756e-01,2.105031013488769531e+00
4.109999999999999765e-01,2.093086481094360352e+00
4.119999999999999774e-01,2.059146881103515625e+00
4.129999999999999782e-01,1.930686354637145996e+00
4.139999999999999791e-01,2.049293041229248047e+00
4.149999999999999800e-01,1.939798831939697266e+00
4.159999999999999809e-01,1.990571498870849609e+00
4.169999999999999818e-01,2.054051637649536133e+00
4.179999999999999827e-01,1.998234748840332031e+00
4.189999999999999836e-01,1.978659510612487793e+00
4.199999999999999845e-01,2.105370998382568359e+00
4.209999999999999853e-01,2.074554443359375000e+00
4.219999999999999862e-01,2.109712362289428711e+00
4.229999999999999871e-01,1.995790243148803711e+00
4.239999999999999880e-01,1.985132932662963867e+00
4.249999999999999889e-01,1.928540706634521484e+00
4.259999999999999898e-01,1.977108716964721680e+00
4.269999999999999907e-01,1.956852078437805176e+00
4.279999999999999916e-01,2.013943433761596680e+00
4.289999999999999925e-01,1.875041007995605469e+00
4.299999999999999933e-01,1.992586255073547363e+00
4.309999999999999942e-01,1.992086052894592285e+00
4.319999999999999951e-01,2.017670631408691406e+00
4.329999999999999960e-01,2.103889465332031250e+00
4.339999999999999969e-01,2.096380710601806641e+00
4.349999999999999978e-01,2.079463958740234375e+00
4.359999999999999987e-01,2.168578386306762695e+00
4.369999999999999996e-01,2.133767366409301758e+00
4.380000000000000004e-01,2.048594474792480469e+00
4.390000000000000013e-01,2.171663999557495117e+00
4.400000000000000022e-01,2.033002853393554688e+00
4.410000000000000031e-01,2.018418073654174805e+00
4.420000000000000040e-01,2.084693431854248047e+00
4.430000000000000049e-01,2.057458162307739258e+00
4.440000000000000058e-01,2.086372137069702148e+00
4.450000000000000067e-01,2.060585975646972656e+00
4.460000000000000075e-01,2.013917922973632812e+00
4.470000000000000084e-01,1.986137032508850098e+00
4.480000000000000093e-01,2.136245489120483398e+00
4.490000000000000102e-01,2.075453281402587891e+00
4.500000000000000111e-01,2.082018852233886719e+00
4.510000000000000120e-01,2.074775934219360352e+00
4.520000000000000129e-01,2.118175268173217773e+00
4.530000000000000138e-01,2.103707313537597656e+00
4.540000000000000147e-01,2.132233858108520508e+00
4.550000000000000155e-01,2.195750713348388672e+00
4.560000000000000164e-01,2.177258729934692383e+00
4.570000000000000173e-01,2.042297124862670898e+00
4.580000000000000182e-01,2.073149442672729492e+00
4.590000000000000191e-01,2.137106895446777344e+00
4.600000000000000200e-01,2.096661090850830078e+00
4.610000000000000209e-01,2.073457479476928711e+00
4.620000000000000218e-01,2.045173406600952148e+00
4.630000000000000226e-01,2.077090501785278320e+00
4.640000000000000235e-01,2.009967327117919922e+00
4.650000000000000244e-01,1.995687961578369141e+00
4.660000000000000253e-01,2.013143539428710938e+00
4.670000000000000262e-01,2.049829244613647461e+00
4.680000000000000271e-01,2.019569873809814453e+00
4.689999999999999725e-01,2.106584548950195312e+00
4.699999999999999734e-01,2.128142595291137695e+00
4.709999999999999742e-01,2.192955255508422852e+00
4.719999999999999751e-01,1.992573499679565430e+00
4.729999999999999760e-01,2.001531839370727539e+00
4.739999999999999769e-01,2.025534391403198242e+00
4.749999999999999778e-01,2.022415399551391602e+00
4.759999999999999787e-01,2.021821260452270508e+00
4.769999999999999796e-01,2.046035289764404297e+00
4.779999999999999805e-01,1.986831665039062500e+00
4.789999999999999813e-01,1.995406031608581543e+00
4.799999999999999822e-01,2.060772180557250977e+00
4.809999999999999831e-01,2.067161560058593750e+00
4.819999999999999840e-01,2.053616285324096680e+00
4.829999999999999849e-01,2.033844947814941406e+00
4.839999999999999858e-01,1.966064214706420898e+00
4.849999999999999867e-01,1.983587503433227539e+00
4.859999999999999876e-01,1.871111273765563965e+00
4.869999999999999885e-01,1.987050294876098633e+00
4.879999999999999893e-01,1.970310449600219727e+00
4.889999999999999902e-01,2.025774002075195312e+00
4.899999999999999911e-01,1.915936231613159180e+00
4.909999999999999920e-01,2.048245191574096680e+00
4.919999999999999929e-01,1.950651526451110840e+00
4.929999999999999938e-01,1.974676966667175293e+00
4.939999999999999947e-01,1.968649506568908691e+00
4.949999999999999956e-01,1.964477777481079102e+00
4.959999999999999964e-01,1.972151517868041992e+00
4.969999999999999973e-01,1.980647563934326172e+00
4.979999999999999982e-01,1.984836816787719727e+00
4.989999999999999991e-01,1.951830387115478516e+00
5.000000000000000000e-01,1.996110439300537109e+00
5.010000000000000009e-01,1.846942305564880371e+00
5.020000000000000018e-01,1.950677633285522461e+00
5.030000000000000027e-01,2.008644342422485352e+00
5.040000000000000036e-01,2.005027532577514648e+00
5.050000000000000044e-01,1.923538208007812500e+00
5.060000000000000053e-01,1.883703470230102539e+00
5.070000000000000062e-01,1.939192771911621094e+00
5.080000000000000071e-01,1.994304180145263672e+00
5.090000000000000080e-01,1.959501504898071289e+00
5.100000000000000089e-01,1.948894977569580078e+00
5.110000000000000098e-01,1.945823907852172852e+00
5.120000000000000107e-01,1.967402696609497070e+00
5.130000000000000115e-01,1.873486280441284180e+00
5.140000000000000124e-01,1.863528609275817871e+00
5.150000000000000133e-01,2.000944375991821289e+00
5.160000000000000142e-01,1.913907527923583984e+00
5.170000000000000151e-01,2.010450363159179688e+00
5.180000000000000160e-01,1.993227481842041016e+00
5.190000000000000169e-01,2.078087091445922852e+00
5.200000000000000178e-01,1.957061052322387695e+00
5.210000000000000187e-01,1.980789422988891602e+00
5.220000000000000195e-01,1.945600628852844238e+00
5.230000000000000204e-01,1.994112014770507812e+00
5.240000000000000213e-01,1.938507318496704102e+00
5.250000000000000222e-01,1.939851641654968262e+00
5.260000000000000231e-01,1.900036215782165527e+00
5.270000000000000240e-01,1.944128751754760742e+00
5.280000000000000249e-01,1.915255904197692871e+00
5.290000000000000258e-01,1.863199472427368164e+00
5.300000000000000266e-01,1.774966716766357422e+00
5.310000000000000275e-01,1.889596223831176758e+00
5.320000000000000284e-01,1.905073642730712891e+00
5.330000000000000293e-01,1.897572994232177734e+00
5.340000000000000302e-01,1.898865580558776855e+00
5.350000000000000311e-01,1.885534286499023438e+00
5.360000000000000320e-01,1.885073304176330566e+00
5.370000000000000329e-01,1.917682886123657227e+00
5.380000000000000338e-01,1.937650203704833984e+00
5.390000000000000346e-01,1.890164375305175781e+00
5.400000000000000355e-01,1.898744344711303711e+00
5.410000000000000364e-01,1.918322563171386719e+00
5.420000000000000373e-01,1.913039445877075195e+00
5.430000000000000382e-01,1.890177726745605469e+00
5.440000000000000391e-01,1.922115802764892578e+00
5.450000000000000400e-01,1.897451877593994141e+00
5.460000000000000409e-01,1.887918472290039062e+00
5.470000000000000417e-01,1.891678094863891602e+00
5.480000000000000426e-01,1.918149471282958984e+00
5.490000000000000435e-01,1.908799648284912109e+00
5.500000000000000444e-01,1.870687723159790039e+00
5.510000000000000453e-01,1.894971847534179688e+00
5.520000000000000462e-01,1.831908464431762695e+00
5.530000000000000471e-01,1.960231781005859375e+00
5.540000000000000480e-01,1.890326619148254395e+00
5.550000000000000488e-01,1.997415900230407715e+00
5.560000000000000497e-01,1.918162703514099121e+00
5.570000000000000506e-01,1.860907196998596191e+00
5.580000000000000515e-01,1.933530449867248535e+00
5.590000000000000524e-01,1.905328631401062012e+00
5.600000000000000533e-01,1.860275387763977051e+00
5.610000000000000542e-01,1.949498176574707031e+00
5.620000000000000551e-01,1.864968061447143555e+00
5.629999999999999449e-01,1.915882945060729980e+00
5.639999999999999458e-01,1.960609912872314453e+00
5.649999999999999467e-01,1.858406066894531250e+00
5.659999999999999476e-01,1.869526028633117676e+00
5.669999999999999485e-01,1.954028844833374023e+00
5.679999999999999494e-01,1.904778480529785156e+00
5.689999999999999503e-01,1.881368279457092285e+00
5.699999999999999512e-01,1.901757240295410156e+00
5.709999999999999520e-01,1.915335893630981445e+00
5.719999999999999529e-01,1.881735205650329590e+00
5.729999999999999538e-01,1.888446211814880371e+00
5.739999999999999547e-01,1.981137871742248535e+00
5.749999999999999556e-01,1.998106837272644043e+00
5.759999999999999565e-01,2.006174564361572266e+00
5.769999999999999574e-01,1.953178644180297852e+00
5.779999999999999583e-01,1.943366289138793945e+00
5.789999999999999591e-01,1.913159608840942383e+00
5.799999999999999600e-01,1.857897162437438965e+00
5.809999999999999609e-01,1.906267404556274414e+00
5.819999999999999618e-01,1.878336548805236816e+00
5.829999999999999627e-01,2.023489236831665039e+00
5.839999999999999636e-01,1.795040488243103027e+00
5.849999999999999645e-01,1.946152329444885254e+00
5.859999999999999654e-01,1.849445223808288574e+00
5.869999999999999662e-01,2.025193691253662109e+00
5.879999999999999671e-01,2.038200855255126953e+00
5.889999999999999680e-01,1.974314570426940918e+00
5.899999999999999689e-01,1.991495609283447266e+00
5.909999999999999698e-01,1.985017061233520508e+00
5.919999999999999707e-01,1.981473207473754883e+00
5.929999999999999716e-01,2.084153652191162109e+00
5.939999999999999725e-01,2.014514207839965820e+00
5.949999999999999734e-01,2.043610572814941406e+00
5.959999999999999742e-01,2.046535015106201172e+00
5.969999999999999751e-01,2.007435321807861328e+00
5.979999999999999760e-01,1.866967797279357910e+00
5.989999999999999769e-01,1.922142505645751953e+00
5.999999999999999778e-01,1.974107503890991211e+00
6.009999999999999787e-01,2.018101453781127930e+00
6.019999999999999796e-01,1.980118513107299805e+00
6.029999999999999805e-01,2.025307178497314453e+00
6.039999999999999813e-01,2.039278984069824219e+00
6.049999999999999822e-01,2.013702154159545898e+00
6.059999999999999831e-01,1.949157238006591797e+00
6.069999999999999840e-01,1.949603080749511719e+00
6.079999999999999849e-01,1.880634784698486328e+00
6.089999999999999858e-01,2.019848346710205078e+00
6.099999999999999867e-01,1.975686311721801758e+00
6.109999999999999876e-01,1.984978437423706055e+00
6.119999999999999885e-01,1.974444150924682617e+00
6.129999999999999893e-01,2.009153366088867188e+00
6.139999999999999902e-01,1.992470741271972656e+00
6.149999999999999911e-01,1.997326493263244629e+00
6.159999999999999920e-01,1.994534969329833984e+00
6.169999999999999929e-01,1.972695827484130859e+00
6.179999999999999938e-01,1.941392421722412109e+00
6.189999999999999947e-01,1.947766780853271484e+00
6.199999999999999956e-01,2.046347618103027344e+00
6.209999999999999964e-01,1.960948824882507324e+00
6.219999999999999973e-01,1.941761016845703125e+00
6.229999999999999982e-01,1.902899146080017090e+00
6.239999999999999991e-01,1.940786838531494141e+00
6.250000000000000000e-01,1.932961940765380859e+00
6.260000000000000009e-01,1.856686115264892578e+00
6.270000000000000018e-01,1.885317444801330566e+00
6.280000000000000027e-01,1.900359153747558594e+00
6.290000000000000036e-01,1.901972174644470215e+00
6.300000000000000044e-01,1.987037539482116699e+00
6.310000000000000053e-01,2.009992837905883789e+00
6.320000000000000062e-01,1.946585655212402344e+00
6.330000000000000071e-01,1.900291681289672852e+00
6.340000000000000080e-01,1.892664194107055664e+00
6.350000000000000089e-01,1.916109561920166016e+00
6.360000000000000098e-01,2.012318134307861328e+00
6.370000000000000107e-01,2.108124732971191406e+00
6.380000000000000115e-01,1.891597032546997070e+00
6.390000000000000124e-01,1.904899358749389648e+00
6.400000000000000133e-01,1.875763177871704102e+00
6.410000000000000142e-01,1.873227119445800781e+00
6.420000000000000151e-01,1.878214120864868164e+00
6.430000000000000160e-01,1.891070008277893066e+00
6.440000000000000169e-01,1.997838139533996582e+00
6.450000000000000178e-01,1.968246936798095703e+00
6.460000000000000187e-01,1.938322782516479492e+00
6.470000000000000195e-01,1.870018243789672852e+00
6.480000000000000204e-01,1.886943459510803223e+00
6.490000000000000213e-01,1.899821043014526367e+00
6.500000000000000222e-01,1.900453090667724609e+00
6.510000000000000231e-01,1.847025394439697266e+00
6.520000000000000240e-01,1.874659180641174316e+00
6.530000000000000249e-01,1.889947891235351562e+00
6.540000000000000258e-01,1.975647449493408203e+00
6.550000000000000266e-01,1.760886192321777344e+00
6.560000000000000275e-01,1.893460631370544434e+00
6.570000000000000284e-01,1.919334888458251953e+00
6.580000000000000293e-01,1.810902833938598633e+00
6.590000000000000302e-01,1.863720655441284180e+00
6.600000000000000311e-01,1.961848020553588867e+00
6.610000000000000320e-01,1.888838768005371094e+00
6.620000000000000329e-01,1.904738426208496094e+00
6.630000000000000338e-01,1.804795503616333008e+00
6.640000000000000346e-01,1.874100089073181152e+00
6.650000000000000355e-01,1.872053384780883789e+00
6.660000000000000364e-01,1.857566952705383301e+00
6.670000000000000373e-01,1.965635061264038086e+00
6.680000000000000382e-01,2.029013872146606445e+00
6.690000000000000391e-01,2.123983144760131836e+00
6.700000000000000400e-01,1.949550628662109375e+00
6.710000000000000409e-01,2.055967092514038086e+00
6.720000000000000417e-01,2.207174301147460938e+00
6.730000000000000426e-01,2.007702589035034180e+00
6.740000000000000435e-01,1.961873888969421387e+00
6.750000000000000444e-01,1.948199868202209473e+00
6.760000000000000453e-01,1.789493441581726074e+00
6.770000000000000462e-01,1.915335893630981445e+00
6.780000000000000471e-01,1.863199472427368164e+00
6.790000000000000480e-01,1.792105197906494141e+00
6.800000000000000488e-01,1.805347800254821777e+00
6.810000000000000497e-01,1.887755870819091797e+00
6.820000000000000506e-01,1.895389795303344727e+00
6.830000000000000515e-01,1.882563591003417969e+00
6.840000000000000524e-01,1.859272241592407227e+00
6.850000000000000533e-01,1.734004020690917969e+00
6.860000000000000542e-01,1.873922824859619141e+00
6.870000000000000551e-01,1.904214859008789062e+00
6.879999999999999449e-01,1.918056011199951172e+00
6.889999999999999458e-01,1.942011117935180664e+00
6.899999999999999467e-01,1.834139347076416016e+00
6.909999999999999476e-01,1.874781966209411621e+00
6.919999999999999485e-01,1.847163677215576172e+00
6.929999999999999494e-01,1.821667432785034180e+00
6.939999999999999503e-01,1.832145571708679199e+00
6.949999999999999512e-01,1.862499713897705078e+00
6.959999999999999520e-01,1.888906359672546387e+00
6.969999999999999529e-01,1.813258051872253418e+00
6.979999999999999538e-01,1.900896906852722168e+00
6.989999999999999547e-01,1.829241752624511719e+00
6.999999999999999556e-01,1.899121284484863281e+00
7.009999999999999565e-01,1.950599074363708496e+00
7.019999999999999574e-01,2.048731803894042969e+00
7.029999999999999583e-01,1.936040163040161133e+00
7.039999999999999591e-01,1.983175158500671387e+00
7.049999999999999600e-01,1.887999653816223145e+00
7.059999999999999609e-01,1.904604196548461914e+00
7.069999999999999618e-01,1.828417301177978516e+00
7.079999999999999627e-01,2.027047872543334961e+00
7.089999999999999636e-01,2.072261571884155273e+00
7.099999999999999645e-01,2.010971546173095703e+00
7.109999999999999654e-01,1.997953176498413086e+00
7.119999999999999662e-01,1.929693341255187988e+00
7.129999999999999671e-01,1.922793865203857422e+00
7.139999999999999680e-01,1.925224781036376953e+00
7.149999999999999689e-01,1.999436616897583008e+00
7.159999999999999698e-01,1.852952122688293457e+00
7.169999999999999707e-01,1.863185763359069824e+00
7.179999999999999716e-01,1.950743198394775391e+00
7.189999999999999725e-01,1.857897162437438965e+00
7.199999999999999734e-01,1.848809480667114258e+00
7.209999999999999742e-01,1.917936205863952637e+00
7.219999999999999751e-01,1.827186942100524902e+00
7.229999999999999760e-01,1.889474511146545410e+00
7.239999999999999769e-01,1.808431267738342285e+00
7.249999999999999778e-01,1.806663870811462402e+00
7.259999999999999787e-01,1.749031662940979004e+00
7.269999999999999796e-01,1.712170362472534180e+00
7.279999999999999805e-01,1.841246128082275391e+00
7.289999999999999813e-01,1.761002302169799805e+00
7.299999999999999822e-01,1.763221502304077148e+00
7.309999999999999831e-01,1.723878145217895508e+00
7.319999999999999840e-01,1.799889206886291504e+00
7.329999999999999849e-01,1.769053220748901367e+00
7.339999999999999858e-01,1.761655211448669434e+00
7.349999999999999867e-01,1.857855796813964844e+00
7.359999999999999876e-01,1.911408782005310059e+00
7.369999999999999885e-01,1.891151189804077148e+00
7.379999999999999893e-01,1.912264347076416016e+00
7.389999999999999902e-01,2.022680759429931641e+00
7.399999999999999911e-01,1.892245411872863770e+00
7.409999999999999920e-01,1.892393946647644043e+00
7.419999999999999929e-01,1.828529119491577148e+00
7.429999999999999938e-01,1.855226516723632812e+00
7.439999999999999947e-01,1.890421152114868164e+00
7.449999999999999956e-01,1.894243359565734863e+00
7.459999999999999964e-01,1.869102120399475098e+00
7.469999999999999973e-01,1.931123256683349609e+00
7.479999999999999982e-01,1.792974948883056641e+00
7.489999999999999991e-01,1.815708994865417480e+00
7.500000000000000000e-01,1.834989190101623535e+00
7.510000000000000009e-01,1.803974032402038574e+00
7.520000000000000018e-01,1.797146558761596680e+00
7.530000000000000027e-01,1.829018354415893555e+00
7.540000000000000036e-01,1.850329518318176270e+00
7.550000000000000044e-01,1.803293824195861816e+00
7.560000000000000053e-01,1.749616146087646484e+00
7.570000000000000062e-01,1.898798346519470215e+00
7.580000000000000071e-01,2.058501243591308594e+00
7.590000000000000080e-01,2.019468784332275391e+00
7.600000000000000089e-01,2.003063678741455078e+00
7.610000000000000098e-01,1.906294107437133789e+00
7.620000000000000107e-01,1.914775371551513672e+00
7.630000000000000115e-01,1.988336086273193359e+00
7.640000000000000124e-01,1.902644038200378418e+00
7.650000000000000133e-01,1.890799760818481445e+00
7.660000000000000142e-01,1.855281591415405273e+00
7.670000000000000151e-01,1.977018237113952637e+00
7.680000000000000160e-01,1.911849975585937500e+00
7.690000000000000169e-01,1.998286008834838867e+00
7.700000000000000178e-01,2.075268745422363281e+00
7.710000000000000187e-01,2.069843053817749023e+00
7.720000000000000195e-01,1.894121885299682617e+00
7.730000000000000204e-01,1.964334487915039062e+00
7.740000000000000213e-01,1.944457411766052246e+00
7.750000000000000222e-01,1.850881814956665039e+00
7.760000000000000231e-01,1.892015814781188965e+00
7.770000000000000240e-01,1.888689875602722168e+00
7.780000000000000249e-01,1.942090034484863281e+00
7.790000000000000258e-01,2.050701856613159180e+00
7.800000000000000266e-01,2.016948699951171875e+00
7.810000000000000275e-01,1.968234062194824219e+00
7.820000000000000284e-01,2.025042057037353516e+00
7.830000000000000293e-01,1.882414221763610840e+00
7.840000000000000302e-01,1.950376272201538086e+00
7.850000000000000311e-01,1.900251507759094238e+00
7.860000000000000320e-01,1.875041007995605469e+00
7.870000000000000329e-01,1.883934140205383301e+00
7.880000000000000338e-01,1.798909187316894531e+00
7.890000000000000346e-01,1.920998573303222656e+00
7.900000000000000355e-01,2.056414365768432617e+00
7.910000000000000364e-01,2.050277948379516602e+00
7.920000000000000373e-01,2.155646562576293945e+00
7.930000000000000382e-01,2.047608613967895508e+00
7.940000000000000391e-01,1.905730962753295898e+00
7.950000000000000400e-01,1.915616035461425781e+00
7.960000000000000409e-01,1.907969236373901367e+00
7.970000000000000417e-01,1.938138127326965332e+00
7.980000000000000426e-01,2.022440671920776367e+00
7.990000000000000435e-01,1.973123311996459961e+00
8.000000000000000444e-01,2.036632776260375977e+00
8.010000000000000453e-01,2.018075942993164062e+00
8.020000000000000462e-01,2.041546106338500977e+00
8.030000000000000471e-01,2.025420665740966797e+00
8.040000000000000480e-01,1.996801614761352539e+00
8.050000000000000488e-01,2.112400054931640625e+00
8.060000000000000497e-01,2.040556907653808594e+00
8.070000000000000506e-01,2.098342657089233398e+00
8.080000000000000515e-01,1.931282162666320801e+00
8.090000000000000524e-01,1.962251663208007812e+00
8.100000000000000533e-01,1.846527099609375000e+00
8.110000000000000542e-01,1.883310079574584961e+00
8.120000000000000551e-01,1.952079057693481445e+00
8.129999999999999449e-01,1.963488578796386719e+00
8.139999999999999458e-01,1.963293433189392090e+00
8.149999999999999467e-01,1.987796306610107422e+00
8.159999999999999476e-01,1.901017904281616211e+00
8.169999999999999485e-01,1.951516151428222656e+00
8.179999999999999494e-01,2.012648344039916992e+00
8.189999999999999503e-01,1.897761702537536621e+00
8.199999999999999512e-01,1.887051820755004883e+00
8.209999999999999520e-01,2.028245449066162109e+00
8.219999999999999529e-01,2.102844476699829102e+00
8.229999999999999538e-01,2.006989479064941406e+00
8.239999999999999547e-01,1.969674825668334961e+00
8.249999999999999556e-01,2.008656978607177734e+00
8.259999999999999565e-01,1.988130569458007812e+00
8.269999999999999574e-01,1.928288936614990234e+00
8.279999999999999583e-01,1.951673150062561035e+00
8.289999999999999591e-01,1.993612051010131836e+00
8.299999999999999600e-01,1.994150400161743164e+00
8.309999999999999609e-01,2.064897775650024414e+00
8.319999999999999618e-01,2.094758510589599609e+00
8.329999999999999627e-01,2.103901386260986328e+00
8.339999999999999636e-01,2.275388240814208984e+00
8.349999999999999645e-01,2.209049224853515625e+00
8.359999999999999654e-01,2.182780742645263672e+00
8.369999999999999662e-01,2.092634677886962891e+00
8.379999999999999671e-01,2.073432922363281250e+00
8.389999999999999680e-01,2.015021800994873047e+00
8.399999999999999689e-01,2.167635440826416016e+00
8.409999999999999698e-01,2.181656122207641602e+00
8.419999999999999707e-01,2.198240041732788086e+00
8.429999999999999716e-01,2.159164905548095703e+00
8.439999999999999725e-01,2.249291896820068359e+00
8.449999999999999734e-01,2.158502101898193359e+00
8.459999999999999742e-01,2.298132181167602539e+00
8.469999999999999751e-01,2.345563650131225586e+00
8.479999999999999760e-01,2.213833808898925781e+00
8.489999999999999769e-01,2.251109361648559570e+00
8.499999999999999778e-01,2.241027593612670898e+00
8.509999999999999787e-01,2.262739181518554688e+00
8.519999999999999796e-01,2.284468173980712891e+00
8.529999999999999805e-01,2.285374164581298828e+00
8.539999999999999813e-01,2.261055469512939453e+00
8.549999999999999822e-01,2.182019233703613281e+00
8.559999999999999831e-01,2.121767997741699219e+00
8.569999999999999840e-01,2.263337612152099609e+00
8.579999999999999849e-01,2.218758106231689453e+00
8.589999999999999858e-01,2.122948169708251953e+00
8.599999999999999867e-01,2.363841533660888672e+00
8.609999999999999876e-01,2.234826326370239258e+00
8.619999999999999885e-01,2.136687994003295898e+00
8.629999999999999893e-01,2.266395807266235352e+00
8.639999999999999902e-01,2.186313867568969727e+00
8.649999999999999911e-01,2.144472837448120117e+00
8.659999999999999920e-01,2.214064836502075195e+00
8.669999999999999929e-01,2.193305015563964844e+00
8.679999999999999938e-01,2.171028375625610352e+00
8.689999999999999947e-01,2.382687568664550781e+00
8.699999999999999956e-01,2.252074241638183594e+00
8.709999999999999964e-01,2.133324384689331055e+00
8.719999999999999973e-01,2.187342405319213867e+00
8.729999999999999982e-01,2.231736421585083008e+00
8.739999999999999991e-01,2.290099859237670898e+00
8.750000000000000000e-01,2.234208822250366211e+00
8.760000000000000009e-01,2.172793626785278320e+00
8.770000000000000018e-01,2.176918506622314453e+00
8.780000000000000027e-01,2.231438636779785156e+00
8.790000000000000036e-01,2.217813253402709961e+00
8.800000000000000044e-01,2.306657314300537109e+00
8.810000000000000053e-01,2.306358337402343750e+00
8.820000000000000062e-01,2.405851125717163086e+00
8.830000000000000071e-01,2.196902751922607422e+00
8.840000000000000080e-01,2.163161993026733398e+00
8.850000000000000089e-01,2.091962814331054688e+00
8.860000000000000098e-01,2.130315065383911133e+00
8.870000000000000107e-01,2.295673131942749023e+00
8.880000000000000115e-01,2.219207286834716797e+00
8.890000000000000124e-01,2.279405832290649414e+00
8.900000000000000133e-01,2.226714849472045898e+00
8.910000000000000142e-01,2.158797979354858398e+00
8.920000000000000151e-01,2.152490377426147461e+00
8.930000000000000160e-01,2.171358108520507812e+00
8.940000000000000169e-01,2.138266324996948242e+00
8.950000000000000178e-01,2.168248414993286133e+00
8.960000000000000187e-01,2.228745460510253906e+00
8.970000000000000195e-01,2.251438617706298828e+00
8.980000000000000204e-01,2.275983333587646484e+00
8.990000000000000213e-01,2.209939956665039062e+00
9.000000000000000222e-01,2.286246299743652344e+00
9.010000000000000231e-01,2.211119413375854492e+00
9.020000000000000240e-01,2.241483688354492188e+00
9.030000000000000249e-01,2.155504465103149414e+00
9.040000000000000258e-01,2.218631267547607422e+00
9.050000000000000266e-01,2.266610145568847656e+00
9.060000000000000275e-01,2.157897949218750000e+00
9.070000000000000284e-01,2.162027597427368164e+00
9.080000000000000293e-01,2.117282390594482422e+00
9.090000000000000302e-01,2.234197139739990234e+00
9.100000000000000311e-01,2.353612899780273438e+00
9.110000000000000320e-01,2.238220214843750000e+00
9.120000000000000329e-01,2.318295240402221680e+00
9.130000000000000338e-01,2.304007768630981445e+00
9.140000000000000346e-01,2.143113613128662109e+00
9.150000000000000355e-01,2.272983074188232422e+00
9.160000000000000364e-01,2.321820497512817383e+00
9.170000000000000373e-01,2.335451841354370117e+00
9.180000000000000382e-01,2.225922822952270508e+00
9.190000000000000391e-01,2.136604309082031250e+00
9.200000000000000400e-01,2.125955581665039062e+00
9.210000000000000409e-01,2.180238246917724609e+00
9.220000000000000417e-01,2.135826826095581055e+00
9.230000000000000426e-01,2.176295995712280273e+00
9.240000000000000435e-01,2.062061548233032227e+00
9.250000000000000444e-01,2.171193122863769531e+00
9.260000000000000453e-01,2.191859483718872070e+00
9.270000000000000462e-01,2.100509643554687500e+00
9.280000000000000471e-01,2.171028375625610352e+00
9.290000000000000480e-01,2.131322622299194336e+00
9.300000000000000488e-01,2.155278921127319336e+00
9.310000000000000497e-01,2.144782543182373047e+00
9.320000000000000506e-01,2.173393249511718750e+00
9.330000000000000515e-01,2.189152717590332031e+00
9.340000000000000524e-01,2.108864307403564453e+00
9.350000000000000533e-01,2.157234668731689453e+00
9.360000000000000542e-01,2.227977037429809570e+00
9.370000000000000551e-01,2.184746742248535156e+00
9.379999999999999449e-01,2.207753181457519531e+00
9.389999999999999458e-01,2.117692708969116211e+00
9.399999999999999467e-01,2.137369871139526367e+00
9.409999999999999476e-01,2.217398166656494141e+00
9.419999999999999485e-01,2.183248758316040039e+00
9.429999999999999494e-01,2.115700483322143555e+00
9.439999999999999503e-01,2.210899829864501953e+00
9.449999999999999512e-01,2.169202804565429688e+00
9.459999999999999520e-01,2.118645906448364258e+00
9.469999999999999529e-01,2.265865802764892578e+00
9.479999999999999538e-01,2.158691406250000000e+00
9.489999999999999547e-01,2.301310539245605469e+00
9.499999999999999556e-01,2.304318189620971680e+00
9.509999999999999565e-01,2.422145128250122070e+00
9.519999999999999574e-01,2.133264303207397461e+00
9.529999999999999583e-01,2.227793455123901367e+00
9.539999999999999591e-01,2.219598770141601562e+00
9.549999999999999600e-01,2.209905385971069336e+00
9.559999999999999609e-01,2.308994054794311523e+00
9.569999999999999618e-01,2.253095149993896484e+00
9.579999999999999627e-01,2.207359552383422852e+00
9.589999999999999636e-01,2.238471508026123047e+00
9.599999999999999645e-01,2.250677824020385742e+00
9.609999999999999654e-01,2.251881122589111328e+00
9.619999999999999662e-01,2.174063444137573242e+00
9.629999999999999671e-01,2.358396768569946289e+00
9.639999999999999680e-01,2.205657005310058594e+00
9.649999999999999689e-01,2.160845041275024414e+00
9.659999999999999698e-01,2.168826103210449219e+00
9.669999999999999707e-01,2.129283189773559570e+00
9.679999999999999716e-01,2.117161512374877930e+00
9.689999999999999725e-01,2.094356060028076172e+00
9.699999999999999734e-01,2.283024549484252930e+00
9.709999999999999742e-01,2.088771820068359375e+00
9.719999999999999751e-01,2.197577238082885742e+00
9.729999999999999760e-01,2.160916090011596680e+00
9.739999999999999769e-01,2.148330688476562500e+00
9.749999999999999778e-01,2.166514873504638672e+00
9.759999999999999787e-01,2.083025217056274414e+00
9.769999999999999796e-01,2.151397705078125000e+00
9.779999999999999805e-01,2.120828390121459961e+00
9.789999999999999813e-01,2.216464519500732422e+00
9.799999999999999822e-01,2.100850343704223633e+00
9.809999999999999831e-01,2.202003717422485352e+00
9.819999999999999840e-01,2.173687219619750977e+00
9.829999999999999849e-01,2.247552871704101562e+00
9.839999999999999858e-01,2.316641092300415039e+00
9.849999999999999867e-01,2.235615253448486328e+00
9.859999999999999876e-01,2.348068237304687500e+00
9.869999999999999885e-01,2.222234010696411133e+00
9.879999999999999893e-01,2.175203561782836914e+00
9.889999999999999902e-01,2.288067817687988281e+00
9.899999999999999911e-01,2.207243680953979492e+00
9.909999999999999920e-01,2.165535449981689453e+00
9.919999999999999929e-01,2.190658092498779297e+00
9.929999999999999938e-01,2.163161993026733398e+00
9.939999999999999947e-01,2.135024785995483398e+00
9.949999999999999956e-01,2.199867248535156250e+00
9.959999999999999964e-01,2.223165512084960938e+00
9.969999999999999973e-01,2.252482652664184570e+00
9.979999999999999982e-01,2.331475973129272461e+00
9.989999999999999991e-01,2.301066160202026367e+00
1.000000000000000000e+00,2.103306293487548828e+00
1.000999999999999890e+00,2.029328823089599609e+00
1.002000000000000002e+00,2.124428272247314453e+00
1.002999999999999892e+00,2.073063135147094727e+00
1.004000000000000004e+00,2.071213006973266602e+00
1.004999999999999893e+00,2.233567953109741211e+00
1.006000000000000005e+00,2.220301151275634766e+00
1.006999999999999895e+00,2.298499107360839844e+00
1.008000000000000007e+00,2.180507898330688477e+00
1.008999999999999897e+00,2.142576932907104492e+00
1.010000000000000009e+00,2.082374811172485352e+00
1.010999999999999899e+00,2.131442546844482422e+00
1.012000000000000011e+00,2.250030517578125000e+00
1.012999999999999901e+00,2.141932725906372070e+00
1.014000000000000012e+00,2.102224588394165039e+00
1.014999999999999902e+00,2.213441371917724609e+00
1.016000000000000014e+00,2.165948867797851562e+00
1.016999999999999904e+00,2.163421869277954102e+00
1.018000000000000016e+00,2.169992446899414062e+00
1.018999999999999906e+00,2.188055038452148438e+00
1.020000000000000018e+00,2.149246692657470703e+00
1.020999999999999908e+00,2.072298765182495117e+00
1.022000000000000020e+00,2.029152393341064453e+00
1.022999999999999909e+00,2.064526557922363281e+00
1.024000000000000021e+00,2.152799129486083984e+00
1.024999999999999911e+00,2.167541027069091797e+00
1.026000000000000023e+00,2.213083267211914062e+00
1.026999999999999913e+00,2.137919902801513672e+00
1.028000000000000025e+00,2.196285963058471680e+00
1.028999999999999915e+00,2.142541170120239258e+00
1.030000000000000027e+00,2.116932392120361328e+00
1.030999999999999917e+00,2.075145483016967773e+00
1.032000000000000028e+00,2.103622198104858398e+00
1.032999999999999918e+00,2.098464488983154297e+00
1.034000000000000030e+00,2.037937402725219727e+00
1.034999999999999920e+00,2.045960426330566406e+00
1.036000000000000032e+00,2.061590671539306641e+00
1.036999999999999922e+00,2.166078329086303711e+00
1.038000000000000034e+00,2.130231142044067383e+00
1.038999999999999924e+00,2.145068407058715820e+00
1.040000000000000036e+00,2.089701414108276367e+00
1.040999999999999925e+00,2.154591083526611328e+00
1.042000000000000037e+00,2.118911266326904297e+00
1.042999999999999927e+00,2.187938213348388672e+00
1.044000000000000039e+00,2.269438505172729492e+00
1.044999999999999929e+00,2.209292173385620117e+00
1.046000000000000041e+00,2.216245412826538086e+00
1.046999999999999931e+00,2.109082221984863281e+00
1.048000000000000043e+00,2.028106689453125000e+00
1.048999999999999932e+00,2.037899971008300781e+00
1.050000000000000044e+00,2.091681718826293945e+00
1.050999999999999934e+00,2.139783859252929688e+00
1.052000000000000046e+00,2.110015153884887695e+00
1.052999999999999936e+00,2.261575460433959961e+00
1.054000000000000048e+00,2.065714597702026367e+00
1.054999999999999938e+00,2.245140790939331055e+00
1.056000000000000050e+00,2.102868795394897461e+00
1.056999999999999940e+00,2.123176813125610352e+00
1.058000000000000052e+00,2.068372964859008789e+00
1.058999999999999941e+00,2.054710865020751953e+00
1.060000000000000053e+00,2.070793390274047852e+00
1.060999999999999943e+00,2.055233478546142578e+00
1.062000000000000055e+00,1.984617948532104492e+00
1.062999999999999945e+00,1.996225714683532715e+00
1.064000000000000057e+00,1.941431999206542969e+00
1.064999999999999947e+00,1.947163224220275879e+00
1.066000000000000059e+00,1.970946073532104492e+00
1.066999999999999948e+00,1.924016356468200684e+00
1.068000000000000060e+00,1.975181818008422852e+00
1.068999999999999950e+00,1.922009468078613281e+00
1.070000000000000062e+00,1.942826747894287109e+00
1.070999999999999952e+00,2.046959638595581055e+00
1.072000000000000064e+00,1.981344223022460938e+00
1.072999999999999954e+00,1.943050503730773926e+00
1.074000000000000066e+00,2.090349674224853516e+00
1.074999999999999956e+00,2.065195083618164062e+00
1.076000000000000068e+00,2.113428354263305664e+00
1.076999999999999957e+00,2.017759561538696289e+00
1.078000000000000069e+00,2.108839988708496094e+00
1.078999999999999959e+00,2.133923053741455078e+00
1.080000000000000071e+00,2.226714849472045898e+00
1.080999999999999961e+00,2.175097703933715820e+00
1.082000000000000073e+00,2.252198934555053711e+00
1.082999999999999963e+00,2.275702714920043945e+00
1.084000000000000075e+00,2.227839469909667969e+00
1.084999999999999964e+00,2.303896903991699219e+00
1.086000000000000076e+00,2.207637310028076172e+00
1.086999999999999966e+00,2.234563350677490234e+00
1.088000000000000078e+00,2.219368457794189453e+00
1.088999999999999968e+00,2.253832578659057617e+00
1.090000000000000080e+00,2.190669775009155273e+00
1.090999999999999970e+00,2.139341831207275391e+00
1.092000000000000082e+00,2.101823329925537109e+00
1.092999999999999972e+00,2.127517938613891602e+00
1.094000000000000083e+00,2.166302680969238281e+00
1.094999999999999973e+00,2.224314689636230469e+00
1.096000000000000085e+00,2.106997013092041016e+00
1.096999999999999975e+00,2.308540105819702148e+00
1.098000000000000087e+00,2.136221408843994141e+00
1.098999999999999977e+00,2.167717933654785156e+00
1.100000000000000089e+00,2.145711898803710938e+00
1.100999999999999979e+00,2.233739614486694336e+00
1.102000000000000091e+00,2.101300239562988281e+00
1.102999999999999980e+00,2.083552837371826172e+00
1.104000000000000092e+00,2.090973138809204102e+00
1.104999999999999982e+00,2.156215667724609375e+00
1.106000000000000094e+00,2.268920421600341797e+00
1.106999999999999984e+00,2.147842884063720703e+00
1.108000000000000096e+00,2.159650087356567383e+00
1.108999999999999986e+00,2.119140386581420898e+00
1.110000000000000098e+00,2.117547750473022461e+00
1.110999999999999988e+00,2.062941312789916992e+00
1.112000000000000099e+00,2.083233833312988281e+00
1.112999999999999989e+00,2.093379497528076172e+00
1.114000000000000101e+00,2.092158317565917969e+00
1.114999999999999991e+00,2.031606912612915039e+00
1.116000000000000103e+00,2.056725263595581055e+00
1.116999999999999993e+00,1.978439807891845703e+00
1.118000000000000105e+00,2.104581832885742188e+00
1.118999999999999995e+00,2.092781305313110352e+00
1.120000000000000107e+00,2.051997661590576172e+00
1.120999999999999996e+00,2.043247938156127930e+00
1.122000000000000108e+00,2.011670589447021484e+00
1.122999999999999998e+00,2.056203126907348633e+00
1.124000000000000110e+00,2.039780139923095703e+00
1.125000000000000000e+00,2.039767742156982422e+00
1.125999999999999890e+00,2.007969856262207031e+00
1.127000000000000002e+00,1.985686421394348145e+00
1.127999999999999892e+00,1.970582962036132812e+00
1.129000000000000004e+00,1.975427627563476562e+00
1.129999999999999893e+00,2.005805015563964844e+00
1.131000000000000005e+00,1.983973979949951172e+00
1.131999999999999895e+00,2.085747241973876953e+00
1.133000000000000007e+00,2.103172540664672852e+00
1.133999999999999897e+00,2.040381669998168945e+00
1.135000000000000009e+00,2.034561157226562500e+00
1.135999999999999899e+00,2.150958061218261719e+00
1.137000000000000011e+00,2.057619571685791016e+00
1.137999999999999901e+00,2.053018569946289062e+00
1.139000000000000012e+00,2.038514375686645508e+00
1.139999999999999902e+00,2.153558969497680664e+00
1.141000000000000014e+00,2.011975288391113281e+00
1.141999999999999904e+00,2.031191825866699219e+00
1.143000000000000016e+00,2.021694898605346680e+00
1.143999999999999906e+00,2.017696142196655273e+00
1.145000000000000018e+00,2.094636678695678711e+00
1.145999999999999908e+00,2.070237874984741211e+00
1.147000000000000020e+00,2.130962848663330078e+00
1.147999999999999909e+00,2.093465089797973633e+00
1.149000000000000021e+00,2.118790626525878906e+00
1.149999999999999911e+00,1.949222803115844727e+00
1.151000000000000023e+00,2.113875627517700195e+00
1.151999999999999913e+00,2.005448102951049805e+00
1.153000000000000025e+00,2.071015596389770508e+00
1.153999999999999915e+00,2.007167816162109375e+00
1.155000000000000027e+00,1.991200447082519531e+00
1.155999999999999917e+00,1.998055577278137207e+00
1.157000000000000028e+00,2.078935623168945312e+00
1.157999999999999918e+00,2.154401302337646484e+00
1.159000000000000030e+00,2.185109376907348633e+00
1.159999999999999920e+00,2.155456781387329102e+00
1.161000000000000032e+00,2.138481616973876953e+00
1.161999999999999922e+00,2.114939212799072266e+00
1.163000000000000034e+00,2.047196865081787109e+00
1.163999999999999924e+00,2.123682260513305664e+00
1.165000000000000036e+00,2.086960077285766602e+00
1.165999999999999925e+00,2.131670475006103516e+00
1.167000000000000037e+00,2.169803857803344727e+00
1.167999999999999927e+00,2.189070940017700195e+00
1.169000000000000039e+00,2.122358322143554688e+00
1.169999999999999929e+00,2.185483694076538086e+00
1.171000000000000041e+00,2.120068788528442383e+00
1.171999999999999931e+00,2.167883157730102539e+00
1.173000000000000043e+00,2.124669075012207031e+00
1.173999999999999932e+00,2.075194835662841797e+00
1.175000000000000044e+00,2.128994941711425781e+00
1.175999999999999934e+00,2.119381666183471680e+00
1.177000000000000046e+00,2.063127040863037109e+00
1.177999999999999936e+00,2.125919580459594727e+00
1.179000000000000048e+00,2.193048477172851562e+00
1.179999999999999938e+00,2.139592647552490234e+00
1.181000000000000050e+00,2.168507814407348633e+00
1.181999999999999940e+00,2.101665019989013672e+00
1.183000000000000052e+00,2.236118316650390625e+00
1.183999999999999941e+00,2.179405927658081055e+00
1.185000000000000053e+00,2.318636894226074219e+00
1.185999999999999943e+00,2.259438514709472656e+00
1.187000000000000055e+00,2.261349678039550781e+00
1.187999999999999945e+00,2.226852655410766602e+00
1.189000000000000057e+00,2.189339399337768555e+00
1.189999999999999947e+00,2.287218809127807617e+00
1.191000000000000059e+00,2.199692964553833008e+00
1.191999999999999948e+00,2.190459728240966797e+00
1.193000000000000060e+00,2.170322179794311523e+00
1.193999999999999950e+00,2.196041584014892578e+00
1.195000000000000062e+00,2.071361064910888672e+00
1.195999999999999952e+00,2.060573577880859375e+00
1.197000000000000064e+00,2.165323257446289062e+00
1.197999999999999954e+00,2.181117296218872070e+00
1.199000000000000066e+00,2.162453174591064453e+00
1.199999999999999956e+00,2.188335180282592773e+00
1.201000000000000068e+00,2.198751449584960938e+00
1.201999999999999957e+00,2.192640542984008789e+00
1.203000000000000069e+00,2.220047712326049805e+00
1.203999999999999959e+00,2.134701728820800781e+00
1.205000000000000071e+00,2.049155950546264648e+00
1.205999999999999961e+00,2.142195224761962891e+00
1.207000000000000073e+00,2.265910863876342773e+00
1.207999999999999963e+00,2.199843883514404297e+00
1.209000000000000075e+00,2.189386129379272461e+00
1.209999999999999964e+00,2.194469690322875977e+00
1.211000000000000076e+00,2.218573570251464844e+00
1.211999999999999966e+00,2.319672822952270508e+00
1.213000000000000078e+00,2.110608577728271484e+00
1.213999999999999968e+00,2.174686431884765625e+00
1.215000000000000080e+00,2.234220266342163086e+00
1.215999999999999970e+00,2.175426721572875977e+00
1.217000000000000082e+00,2.220001697540283203e+00
1.217999999999999972e+00,2.074147701263427734e+00
1.219000000000000083e+00,2.205459833145141602e+00
1.219999999999999973e+00,2.203280210494995117e+00
1.221000000000000085e+00,2.253662347793579102e+00
1.221999999999999975e+00,2.227254152297973633e+00
1.223000000000000087e+00,2.148128509521484375e+00
1.223999999999999977e+00,2.088710546493530273e+00
1.225000000000000089e+00,2.156796216964721680e+00
1.225999999999999979e+00,2.263857126235961914e+00
1.227000000000000091e+00,2.280862808227539062e+00
1.227999999999999980e+00,2.262445449829101562e+00
1.229000000000000092e+00,2.400267601013183594e+00
1.229999999999999982e+00,2.303919076919555664e+00
1.231000000000000094e+00,2.143984079360961914e+00
1.231999999999999984e+00,2.156298637390136719e+00
1.233000000000000096e+00,2.101069211959838867e+00
1.233999999999999986e+00,2.106220483779907227e+00
1.235000000000000098e+00,2.114733934402465820e+00
1.235999999999999988e+00,1.976695060729980469e+00
1.237000000000000099e+00,2.008682727813720703e+00
1.237999999999999989e+00,1.992676138877868652e+00
1.239000000000000101e+00,1.996238470077514648e+00
1.239999999999999991e+00,2.122875928878784180e+00
1.241000000000000103e+00,2.115881681442260742e+00
1.241999999999999993e+00,2.112170219421386719e+00
1.243000000000000105e+00,2.160419464111328125e+00
1.243999999999999995e+00,2.078394412994384766e+00
1.245000000000000107e+00,2.088098764419555664e+00
1.245999999999999996e+00,2.199518442153930664e+00
1.247000000000000108e+00,2.216729640960693359e+00
1.247999999999999998e+00,2.208412885665893555e+00
1.249000000000000110e+00,2.202433109283447266e+00
1.250000000000000000e+00,2.141837358474731445e+00
1.250999999999999890e+00,2.202003717422485352e+00
1.252000000000000002e+00,2.268064260482788086e+00
1.252999999999999892e+00,2.116920232772827148e+00
1.254000000000000004e+00,2.199181556701660156e+00
1.254999999999999893e+00,2.263710260391235352e+00
1.256000000000000005e+00,2.241381168365478516e+00
1.256999999999999895e+00,2.220070838928222656e+00
1.258000000000000007e+00,2.151932477951049805e+00
1.258999999999999897e+00,2.187377452850341797e+00
1.260000000000000009e+00,2.236106872558593750e+00
1.260999999999999899e+00,2.115289688110351562e+00
1.262000000000000011e+00,2.213164329528808594e+00
1.262999999999999901e+00,2.265730381011962891e+00
1.264000000000000012e+00,2.288849592208862305e+00
1.264999999999999902e+00,2.232102870941162109e+00
1.266000000000000014e+00,2.299332857131958008e+00
1.266999999999999904e+00,2.236163854598999023e+00
1.268000000000000016e+00,2.302909135818481445e+00
1.268999999999999906e+00,2.163209438323974609e+00
1.270000000000000018e+00,2.308385133743286133e+00
1.270999999999999908e+00,2.230591058731079102e+00
1.272000000000000020e+00,2.274264812469482422e+00
1.272999999999999909e+00,2.255045413970947266e+00
1.274000000000000021e+00,2.186676263809204102e+00
1.274999999999999911e+00,2.093013286590576172e+00
1.276000000000000023e+00,2.186079978942871094e+00
1.276999999999999913e+00,2.170074701309204102e+00
1.278000000000000025e+00,2.262773036956787109e+00
1.278999999999999915e+00,2.201493024826049805e+00
1.280000000000000027e+00,2.399117469787597656e+00
1.280999999999999917e+00,2.265561103820800781e+00
1.282000000000000028e+00,2.314499855041503906e+00
1.282999999999999918e+00,2.326460838317871094e+00
1.284000000000000030e+00,2.256121873855590820e+00
1.284999999999999920e+00,2.237020969390869141e+00
1.286000000000000032e+00,2.281815290451049805e+00
1.286999999999999922e+00,2.285631418228149414e+00
1.288000000000000034e+00,2.262208223342895508e+00
1.288999999999999924e+00,2.347273588180541992e+00
1.290000000000000036e+00,2.316442489624023438e+00
1.290999999999999925e+00,2.356694936752319336e+00
1.292000000000000037e+00,2.343099594116210938e+00
1.292999999999999927e+00,2.118621826171875000e+00
1.294000000000000039e+00,2.292453289031982422e+00
1.294999999999999929e+00,2.286402940750122070e+00
1.296000000000000041e+00,2.198960781097412109e+00
1.296999999999999931e+00,2.294436931610107422e+00
1.298000000000000043e+00,2.325790643692016602e+00
1.298999999999999932e+00,2.419188737869262695e+00
1.300000000000000044e+00,2.435131072998046875e+00
1.300999999999999934e+00,2.182382583618164062e+00
1.302000000000000046e+00,2.264669895172119141e+00
1.302999999999999936e+00,2.334379196166992188e+00
1.304000000000000048e+00,2.159307003021240234e+00
1.304999999999999938e+00,2.228951930999755859e+00
1.306000000000000050e+00,2.229330301284790039e+00
1.306999999999999940e+00,2.248485088348388672e+00
1.308000000000000052e+00,2.309436798095703125e+00
1.308999999999999941e+00,2.267658472061157227e+00
1.310000000000000053e+00,2.300644159317016602e+00
1.310999999999999943e+00,2.221210241317749023e+00
1.312000000000000055e+00,2.243478059768676758e+00
1.312999999999999945e+00,2.248371362686157227e+00
1.314000000000000057e+00,2.199878692626953125e+00
1.314999999999999947e+00,2.375758647918701172e+00
1.316000000000000059e+00,2.371344089508056641e+00
1.316999999999999948e+00,2.286603927612304688e+00
1.318000000000000060e+00,2.473597288131713867e+00
1.318999999999999950e+00,2.496153116226196289e+00
1.320000000000000062e+00,2.375758647918701172e+00
1.320999999999999952e+00,2.311250925064086914e+00
1.322000000000000064e+00,2.247507333755493164e+00
1.322999999999999954e+00,2.176331281661987305e+00
1.324000000000000066e+00,2.128454685211181641e+00
1.324999999999999956e+00,2.228504657745361328e+00
1.326000000000000068e+00,2.190903186798095703e+00
1.326999999999999957e+00,2.225451946258544922e+00
1.328000000000000069e+00,2.312743425369262695e+00
1.328999999999999959e+00,2.345007896423339844e+00
1.330000000000000071e+00,2.391349315643310547e+00
1.330999999999999961e+00,2.217605829238891602e+00
1.332000000000000073e+00,2.263032913208007812e+00
1.332999999999999963e+00,2.211858987808227539e+00
1.334000000000000075e+00,2.241039037704467773e+00
1.334999999999999964e+00,2.350950956344604492e+00
1.336000000000000076e+00,2.328514575958251953e+00
1.336999999999999966e+00,2.293646097183227539e+00
1.338000000000000078e+00,2.393646001815795898e+00
1.338999999999999968e+00,2.432694911956787109e+00
1.340000000000000080e+00,2.485224723815917969e+00
1.340999999999999970e+00,2.286425113677978516e+00
1.342000000000000082e+00,2.426372528076171875e+00
1.342999999999999972e+00,2.368896245956420898e+00
1.344000000000000083e+00,2.327767848968505859e+00
1.344999999999999973e+00,2.323954820632934570e+00
1.346000000000000085e+00,2.315868616104125977e+00
1.346999999999999975e+00,2.310565233230590820e+00
1.348000000000000087e+00,2.351309776306152344e+00
1.348999999999999977e+00,2.358407735824584961e+00
1.350000000000000089e+00,2.238928318023681641e+00
1.350999999999999979e+00,2.132005929946899414e+00
1.352000000000000091e+00,2.187435865402221680e+00
1.352999999999999980e+00,2.279226303100585938e+00
1.354000000000000092e+00,2.332429647445678711e+00
1.354999999999999982e+00,2.287822008132934570e+00
1.356000000000000094e+00,2.342892408370971680e+00
1.356999999999999984e+00,2.257016658782958984e+00
1.358000000000000096e+00,2.243090867996215820e+00
1.358999999999999986e+00,2.279058218002319336e+00
1.360000000000000098e+00,2.373218536376953125e+00
1.360999999999999988e+00,2.387273788452148438e+00
1.362000000000000099e+00,2.370783567428588867e+00
1.362999999999999989e+00,2.468664169311523438e+00
1.364000000000000101e+00,2.470816612243652344e+00
1.364999999999999991e+00,2.488379955291748047e+00
1.366000000000000103e+00,2.571251869201660156e+00
1.366999999999999993e+00,2.364241600036621094e+00
1.368000000000000105e+00,2.351755380630493164e+00
1.368999999999999995e+00,2.273961067199707031e+00
1.370000000000000107e+00,2.200541019439697266e+00
1.370999999999999996e+00,2.348666906356811523e+00
1.372000000000000108e+00,2.375457525253295898e+00
1.372999999999999998e+00,2.451480388641357422e+00
1.374000000000000110e+00,2.520768880844116211e+00
1.375000000000000000e+00,2.422852039337158203e+00
1.375999999999999890e+00,2.345770597457885742e+00
1.377000000000000002e+00,2.403778791427612305e+00
1.377999999999999892e+00,2.369176626205444336e+00
1.379000000000000004e+00,2.268526077270507812e+00
1.379999999999999893e+00,2.499407052993774414e+00
1.381000000000000005e+00,2.379327535629272461e+00
1.381999999999999895e+00,2.314278841018676758e+00
1.383000000000000007e+00,2.296496868133544922e+00
1.383999999999999897e+00,2.312743425369262695e+00
1.385000000000000009e+00,2.288224220275878906e+00
1.385999999999999899e+00,2.261903047561645508e+00
1.387000000000000011e+00,2.229593992233276367e+00
1.387999999999999901e+00,2.363354921340942383e+00
1.389000000000000012e+00,2.268604993820190430e+00
1.389999999999999902e+00,2.314963579177856445e+00
1.391000000000000014e+00,2.263326406478881836e+00
1.391999999999999904e+00,2.239681482315063477e+00
1.393000000000000016e+00,2.351168394088745117e+00
1.393999999999999906e+00,2.251393079757690430e+00
1.395000000000000018e+00,2.179522991180419922e+00
1.395999999999999908e+00,2.192605495452880859e+00
1.397000000000000020e+00,2.308628797531127930e+00
1.397999999999999909e+00,2.299911022186279297e+00
1.399000000000000021e+00,2.175555944442749023e+00
1.399999999999999911e+00,2.095149040222167969e+00
1.401000000000000023e+00,2.327603340148925781e+00
1.401999999999999913e+00,2.210333108901977539e+00
1.403000000000000025e+00,2.341670513153076172e+00
1.403999999999999915e+00,2.130051136016845703e+00
1.405000000000000027e+00,2.093306303024291992e+00
1.405999999999999917e+00,2.114975452423095703e+00
1.407000000000000028e+00,2.069633007049560547e+00
1.407999999999999918e+00,2.165441274642944336e+00
1.409000000000000030e+00,2.112387895584106445e+00
1.409999999999999920e+00,2.061689615249633789e+00
1.411000000000000032e+00,2.185670852661132812e+00
1.411999999999999922e+00,2.120575189590454102e+00
1.413000000000000034e+00,2.005677461624145508e+00
1.413999999999999924e+00,2.166857004165649414e+00
1.415000000000000036e+00,2.177798748016357422e+00
1.415999999999999925e+00,2.292174816131591797e+00
1.417000000000000037e+00,2.138792276382446289e+00
1.417999999999999927e+00,2.176143407821655273e+00
1.419000000000000039e+00,2.109021663665771484e+00
1.419999999999999929e+00,2.203906536102294922e+00
1.421000000000000041e+00,2.236735343933105469e+00
1.421999999999999931e+00,2.137752532958984375e+00
1.423000000000000043e+00,2.114600896835327148e+00
1.423999999999999932e+00,2.174216270446777344e+00
1.425000000000000044e+00,2.081417322158813477e+00
1.425999999999999934e+00,2.094026565551757812e+00
1.427000000000000046e+00,2.118983507156372070e+00
1.427999999999999936e+00,2.256201267242431641e+00
1.429000000000000048e+00,2.209141731262207031e+00
1.429999999999999938e+00,2.256880760192871094e+00
1.431000000000000050e+00,2.180472850799560547e+00
1.431999999999999940e+00,2.211558580398559570e+00
1.433000000000000052e+00,2.269156932830810547e+00
1.433999999999999941e+00,2.270192861557006836e+00
1.435000000000000053e+00,2.303874731063842773e+00
1.435999999999999943e+00,2.254218101501464844e+00
1.437000000000000055e+00,2.329929828643798828e+00
1.437999999999999945e+00,2.271003246307373047e+00
1.439000000000000057e+00,2.244594335556030273e+00
1.439999999999999947e+00,2.268661260604858398e+00
1.441000000000000059e+00,2.117523670196533203e+00
1.441999999999999948e+00,2.200564146041870117e+00
1.443000000000000060e+00,2.220093727111816406e+00
1.443999999999999950e+00,2.215172767639160156e+00
1.445000000000000062e+00,2.153060197830200195e+00
1.445999999999999952e+00,2.153416395187377930e+00
1.447000000000000064e+00,2.100911140441894531e+00
1.447999999999999954e+00,2.054885149002075195e+00
1.449000000000000066e+00,2.096197843551635742e+00
1.449999999999999956e+00,2.119261026382446289e+00
1.451000000000000068e+00,2.131898164749145508e+00
1.451999999999999957e+00,2.050440073013305664e+00
1.453000000000000069e+00,2.103901386260986328e+00
1.453999999999999959e+00,2.060052871704101562e+00
1.455000000000000071e+00,2.080189228057861328e+00
1.455999999999999961e+00,2.163303852081298828e+00
1.457000000000000073e+00,2.066258907318115234e+00
1.457999999999999963e+00,2.036469697952270508e+00
1.459000000000000075e+00,2.075342655181884766e+00
1.459999999999999964e+00,1.979808688163757324e+00
1.461000000000000076e+00,2.110802412033081055e+00
1.461999999999999966e+00,2.147152662277221680e+00
1.463000000000000078e+00,2.035289764404296875e+00
1.463999999999999968e+00,2.101786613464355469e+00
1.465000000000000080e+00,2.226542711257934570e+00
1.465999999999999970e+00,2.070571184158325195e+00
1.467000000000000082e+00,2.044260978698730469e+00
1.467999999999999972e+00,2.149520158767700195e+00
1.469000000000000083e+00,2.131286621093750000e+00
1.469999999999999973e+00,2.116183757781982422e+00
1.471000000000000085e+00,2.079230546951293945e+00
1.471999999999999975e+00,2.041621208190917969e+00
1.473000000000000087e+00,2.091706275939941406e+00
1.473999999999999977e+00,2.053529024124145508e+00
1.475000000000000089e+00,1.983097791671752930e+00
1.475999999999999979e+00,1.992906928062438965e+00
1.477000000000000091e+00,2.049991369247436523e+00
1.477999999999999980e+00,2.070176124572753906e+00
1.479000000000000092e+00,2.102297306060791016e+00
1.479999999999999982e+00,2.175567626953125000e+00
1.481000000000000094e+00,2.043097972869873047e+00
1.481999999999999984e+00,2.091278553009033203e+00
1.483000000000000096e+00,2.082411766052246094e+00
1.483999999999999986e+00,2.044498443603515625e+00
1.485000000000000098e+00,2.020822525024414062e+00
1.485999999999999988e+00,1.938744544982910156e+00
1.487000000000000099e+00,2.021669626235961914e+00
1.487999999999999989e+00,1.983935356140136719e+00
1.489000000000000101e+00,2.015934705734252930e+00
1.489999999999999991e+00,2.006658554077148438e+00
1.491000000000000103e+00,1.943050503730773926e+00
1.491999999999999993e+00,1.962629437446594238e+00
1.493000000000000105e+00,2.066580533981323242e+00
1.493999999999999995e+00,2.054648876190185547e+00
1.495000000000000107e+00,2.180531263351440430e+00
1.495999999999999996e+00,2.138756513595581055e+00
1.497000000000000108e+00,2.143888711929321289e+00
1.497999999999999998e+00,2.121780157089233398e+00
1.499000000000000110e+00,2.132713317871093750e+00
1.500000000000000000e+00,2.133575916290283203e+00
1.500999999999999890e+00,2.195028781890869141e+00
1.502000000000000002e+00,2.171087265014648438e+00
1.502999999999999892e+00,2.161057949066162109e+00
1.504000000000000004e+00,2.120695590972900391e+00
1.504999999999999893e+00,2.171358108520507812e+00
1.506000000000000005e+00,2.173252344131469727e+00
1.506999999999999895e+00,2.121960878372192383e+00
1.508000000000000007e+00,2.184196949005126953e+00
1.508999999999999897e+00,2.100132465362548828e+00
1.510000000000000009e+00,2.111807107925415039e+00
1.510999999999999899e+00,2.153558969497680664e+00
1.512000000000000011e+00,2.070324420928955078e+00
1.512999999999999901e+00,1.999078750610351562e+00
1.514000000000000012e+00,2.072656154632568359e+00
1.514999999999999902e+00,2.001110553741455078e+00
1.516000000000000014e+00,2.004415750503540039e+00
1.516999999999999904e+00,2.099949836730957031e+00
1.518000000000000016e+00,2.084938526153564453e+00
1.518999999999999906e+00,1.976721048355102539e+00
1.520000000000000018e+00,2.090948581695556641e+00
1.520999999999999908e+00,2.062458038330078125e+00
1.522000000000000020e+00,2.065417766571044922e+00
1.522999999999999909e+00,2.009433031082153320e+00
1.524000000000000021e+00,2.069274902343750000e+00
1.524999999999999911e+00,2.036105632781982422e+00
1.526000000000000023e+00,2.053752899169921875e+00
1.526999999999999913e+00,2.113863468170166016e+00
1.528000000000000025e+00,2.118163347244262695e+00
1.528999999999999915e+00,2.049916505813598633e+00
1.530000000000000027e+00,2.028434276580810547e+00
1.530999999999999917e+00,2.089456796646118164e+00
1.532000000000000028e+00,2.056464195251464844e+00
1.532999999999999918e+00,2.012495994567871094e+00
1.534000000000000030e+00,2.152252912521362305e+00
1.534999999999999920e+00,2.097160816192626953e+00
1.536000000000000032e+00,2.082067966461181641e+00
1.536999999999999922e+00,2.099584579467773438e+00
1.538000000000000034e+00,2.012064218521118164e+00
1.538999999999999924e+00,2.073457479476928711e+00
1.540000000000000036e+00,1.978711009025573730e+00
1.540999999999999925e+00,2.078800201416015625e+00
1.542000000000000037e+00,2.060548782348632812e+00
1.542999999999999927e+00,2.114516258239746094e+00
1.544000000000000039e+00,2.066840171813964844e+00
1.544999999999999929e+00,2.098245143890380859e+00
1.546000000000000041e+00,2.149258375167846680e+00
1.546999999999999931e+00,2.115410327911376953e+00
1.548000000000000043e+00,2.053392171859741211e+00
1.548999999999999932e+00,2.067124605178833008e+00
1.550000000000000044e+00,2.087021350860595703e+00
1.550999999999999934e+00,2.052396059036254883e+00
1.552000000000000046e+00,2.013410091400146484e+00
1.552999999999999936e+00,2.042146921157836914e+00
1.554000000000000048e+00,2.140643596649169922e+00
1.554999999999999938e+00,2.183529853820800781e+00
1.556000000000000050e+00,2.200726747512817383e+00
1.556999999999999940e+00,2.069348812103271484e+00
1.558000000000000052e+00,2.087792634963989258e+00
1.558999999999999941e+00,2.190914630889892578e+00
1.560000000000000053e+00,2.157779693603515625e+00
1.560999999999999943e+00,2.122972249984741211e+00
1.562000000000000055e+00,1.989467024803161621e+00
1.562999999999999945e+00,2.013473749160766602e+00
1.564000000000000057e+00,2.138123035430908203e+00
1.564999999999999947e+00,2.275893449783325195e+00
1.566000000000000059e+00,2.203917980194091797e+00
1.566999999999999948e+00,2.139067173004150391e+00
1.568000000000000060e+00,2.163244724273681641e+00
1.568999999999999950e+00,2.090386152267456055e+00
1.570000000000000062e+00,2.138290405273437500e+00
1.570999999999999952e+00,2.010132551193237305e+00
1.572000000000000064e+00,2.148616075515747070e+00
1.572999999999999954e+00,2.199588298797607422e+00
1.574000000000000066e+00,2.072582244873046875e+00
1.574999999999999956e+00,2.107676029205322266e+00
1.576000000000000068e+00,2.213129758834838867e+00
1.576999999999999957e+00,2.170557498931884766e+00
1.578000000000000069e+00,2.153725147247314453e+00
1.578999999999999959e+00,2.058029413223266602e+00
1.580000000000000071e+00,2.099682092666625977e+00
1.580999999999999961e+00,2.197821378707885742e+00
1.582000000000000073e+00,2.116207599639892578e+00
1.582999999999999963e+00,2.155575513839721680e+00
1.584000000000000075e+00,2.205540895462036133e+00
1.584999999999999964e+00,2.189374446868896484e+00
1.586000000000000076e+00,2.138792276382446289e+00
1.586999999999999966e+00,2.205529451370239258e+00
1.588000000000000078e+00,2.119369745254516602e+00
1.588999999999999968e+00,2.194714307785034180e+00
1.590000000000000080e+00,2.123116731643676758e+00
1.590999999999999970e+00,2.126220226287841797e+00
1.592000000000000082e+00,2.174474954605102539e+00
1.592999999999999972e+00,2.268537521362304688e+00
1.594000000000000083e+00,2.284154891967773438e+00
1.594999999999999973e+00,2.248564720153808594e+00
1.596000000000000085e+00,2.202178001403808594e+00
1.596999999999999975e+00,2.247586965560913086e+00
1.598000000000000087e+00,2.285005092620849609e+00
1.598999999999999977e+00,2.327625274658203125e+00
1.600000000000000089e+00,2.289653301239013672e+00
1.600999999999999979e+00,2.207023859024047852e+00
1.602000000000000091e+00,2.200181007385253906e+00
1.602999999999999980e+00,2.204799175262451172e+00
1.604000000000000092e+00,2.040431737899780273e+00
1.604999999999999982e+00,2.050863981246948242e+00
1.606000000000000094e+00,2.211720466613769531e+00
1.606999999999999984e+00,2.035791873931884766e+00
1.608000000000000096e+00,2.087621212005615234e+00
1.608999999999999986e+00,2.090765237808227539e+00
1.610000000000000098e+00,2.087584495544433594e+00
1.610999999999999988e+00,2.057222127914428711e+00
1.612000000000000099e+00,2.188732385635375977e+00
1.612999999999999989e+00,2.231232643127441406e+00
1.614000000000000101e+00,2.034473180770874023e+00
1.614999999999999991e+00,2.048706769943237305e+00
1.616000000000000103e+00,2.098829746246337891e+00
1.616999999999999993e+00,2.133216619491577148e+00
1.618000000000000105e+00,2.128682851791381836e+00
1.618999999999999995e+00,2.108645915985107422e+00
1.620000000000000107e+00,2.046385288238525391e+00
1.620999999999999996e+00,2.130471229553222656e+00
1.622000000000000108e+00,2.084153652191162109e+00
1.622999999999999998e+00,2.056886672973632812e+00
1.624000000000000110e+00,2.128778934478759766e+00
1.625000000000000000e+00,2.076635360717773438e+00
1.625999999999999890e+00,2.058836460113525391e+00
1.627000000000000002e+00,2.135371923446655273e+00
1.627999999999999892e+00,2.120358228683471680e+00
1.629000000000000004e+00,2.100971937179565430e+00
1.629999999999999893e+00,2.157021522521972656e+00
1.631000000000000005e+00,2.191754579544067383e+00
1.631999999999999895e+00,2.190751552581787109e+00
1.633000000000000007e+00,2.114346981048583984e+00
1.633999999999999897e+00,2.194423198699951172e+00
1.635000000000000009e+00,2.100813865661621094e+00
1.635999999999999899e+00,2.176671743392944336e+00
1.637000000000000011e+00,2.143769502639770508e+00
1.637999999999999901e+00,2.251483917236328125e+00
1.639000000000000012e+00,2.174169301986694336e+00
1.639999999999999902e+00,2.112908124923706055e+00
1.641000000000000014e+00,2.249769210815429688e+00
1.641999999999999904e+00,2.214445829391479492e+00
1.643000000000000016e+00,2.117330551147460938e+00
1.643999999999999906e+00,2.130722999572753906e+00
1.645000000000000018e+00,2.198402643203735352e+00
1.645999999999999908e+00,2.110342264175415039e+00
1.647000000000000020e+00,2.143662214279174805e+00
1.647999999999999909e+00,2.213372230529785156e+00
1.649000000000000021e+00,2.176378250122070312e+00
1.649999999999999911e+00,2.207150936126708984e+00
1.651000000000000023e+00,2.150257110595703125e+00
1.651999999999999913e+00,2.203547000885009766e+00
1.653000000000000025e+00,2.182031154632568359e+00
1.653999999999999915e+00,2.063201427459716797e+00
1.655000000000000027e+00,2.175321102142333984e+00
1.655999999999999917e+00,2.105237483978271484e+00
1.657000000000000028e+00,2.199797391891479492e+00
1.657999999999999918e+00,2.007537126541137695e+00
1.659000000000000030e+00,2.227128028869628906e+00
1.659999999999999920e+00,2.248587369918823242e+00
1.661000000000000032e+00,2.022364616394042969e+00
1.661999999999999922e+00,2.074923753738403320e+00
1.663000000000000034e+00,2.051200389862060547e+00
1.663999999999999924e+00,2.147354841232299805e+00
1.665000000000000036e+00,2.140918254852294922e+00
1.665999999999999925e+00,2.127409934997558594e+00
1.667000000000000037e+00,2.143531084060668945e+00
1.667999999999999927e+00,2.132533550262451172e+00
1.669000000000000039e+00,2.098038196563720703e+00
1.669999999999999929e+00,2.043235540390014648e+00
1.671000000000000041e+00,2.055482149124145508e+00
1.671999999999999931e+00,2.047458887100219727e+00
1.673000000000000043e+00,2.127962350845336914e+00
1.673999999999999932e+00,2.236689567565917969e+00
1.675000000000000044e+00,2.152585506439208984e+00
1.675999999999999934e+00,2.084582805633544922e+00
1.677000000000000046e+00,2.177129745483398438e+00
1.677999999999999936e+00,2.297854185104370117e+00
1.679000000000000048e+00,2.218838691711425781e+00
1.679999999999999938e+00,2.239167928695678711e+00
1.681000000000000050e+00,2.161980152130126953e+00
1.681999999999999940e+00,2.217663288116455078e+00
1.683000000000000052e+00,2.220531225204467773e+00
1.683999999999999941e+00,2.106523752212524414e+00
1.685000000000000053e+00,2.074936151504516602e+00
1.685999999999999943e+00,2.142767667770385742e+00
1.687000000000000055e+00,2.143483400344848633e+00
1.687999999999999945e+00,2.150459051132202148e+00
1.689000000000000057e+00,2.173640251159667969e+00
1.689999999999999947e+00,2.114274501800537109e+00
1.691000000000000059e+00,2.111649751663208008e+00
1.691999999999999948e+00,2.129859209060668945e+00
1.693000000000000060e+00,2.021505355834960938e+00
1.693999999999999950e+00,2.120105028152465820e+00
1.695000000000000062e+00,2.227701663970947266e+00
1.695999999999999952e+00,2.196088075637817383e+00
1.697000000000000064e+00,2.264793872833251953e+00
1.697999999999999954e+00,2.287330389022827148e+00
1.699000000000000066e+00,2.165452957153320312e+00
1.699999999999999956e+00,2.114177703857421875e+00
1.701000000000000068e+00,2.106366157531738281e+00
1.701999999999999957e+00,2.105601549148559570e+00
1.703000000000000069e+00,2.096807479858398438e+00
1.703999999999999959e+00,2.117354631423950195e+00
1.705000000000000071e+00,2.099876880645751953e+00
1.705999999999999961e+00,2.014514207839965820e+00
1.707000000000000073e+00,2.055718421936035156e+00
1.707999999999999963e+00,2.048569679260253906e+00
1.709000000000000075e+00,1.993945360183715820e+00
1.709999999999999964e+00,1.991149187088012695e+00
1.711000000000000076e+00,2.003599405288696289e+00
1.711999999999999966e+00,2.044673442840576172e+00
1.713000000000000078e+00,2.031695127487182617e+00
1.713999999999999968e+00,2.028812408447265625e+00
1.715000000000000080e+00,2.124656915664672852e+00
1.715999999999999970e+00,2.173687219619750977e+00
1.717000000000000082e+00,2.136712074279785156e+00
1.717999999999999972e+00,2.099462985992431641e+00
1.719000000000000083e+00,2.118103027343750000e+00
1.719999999999999973e+00,2.112714529037475586e+00
1.721000000000000085e+00,2.073359012603759766e+00
1.721999999999999975e+00,2.074270963668823242e+00
1.723000000000000087e+00,2.028434276580810547e+00
1.723999999999999977e+00,2.033907890319824219e+00
1.725000000000000089e+00,2.066085815429687500e+00
1.725999999999999979e+00,2.132940769195556641e+00
1.727000000000000091e+00,2.185343265533447266e+00
1.727999999999999980e+00,2.101750135421752930e+00
1.729000000000000092e+00,2.138875961303710938e+00
1.729999999999999982e+00,2.091755151748657227e+00
1.731000000000000094e+00,1.977729201316833496e+00
1.731999999999999984e+00,1.982504844665527344e+00
1.733000000000000096e+00,2.032034635543823242e+00
1.733999999999999986e+00,2.024840116500854492e+00
1.735000000000000098e+00,1.989171504974365234e+00
1.735999999999999988e+00,1.977186322212219238e+00
1.737000000000000099e+00,2.037059545516967773e+00
1.737999999999999989e+00,2.129091262817382812e+00
1.739000000000000101e+00,1.964815855026245117e+00
1.739999999999999991e+00,1.993663311004638672e+00
1.741000000000000103e+00,1.991007924079895020e+00
1.741999999999999993e+00,1.899498105049133301e+00
1.743000000000000105e+00,1.988580346107482910e+00
1.743999999999999995e+00,1.971373796463012695e+00
1.745000000000000107e+00,2.021176576614379883e+00
1.745999999999999996e+00,1.963970184326171875e+00
1.747000000000000108e+00,1.982388734817504883e+00
1.747999999999999998e+00,2.060561180114746094e+00
1.749000000000000110e+00,1.969934225082397461e+00
1.750000000000000000e+00,2.015807867050170898e+00
1.750999999999999890e+00,1.962186574935913086e+00
1.752000000000000002e+00,2.130267143249511719e+00
1.752999999999999892e+00,2.076893806457519531e+00
1.754000000000000004e+00,1.965023994445800781e+00
1.754999999999999893e+00,1.921357870101928711e+00
1.756000000000000005e+00,1.884327530860900879e+00
1.756999999999999895e+00,2.040531873703002930e+00
1.758000000000000007e+00,2.029832363128662109e+00
1.758999999999999897e+00,2.106463193893432617e+00
1.760000000000000009e+00,2.027665615081787109e+00
1.760999999999999899e+00,1.986741781234741211e+00
1.762000000000000011e+00,1.925078749656677246e+00
1.762999999999999901e+00,2.015440225601196289e+00
1.764000000000000012e+00,2.066197156906127930e+00
1.764999999999999902e+00,2.015199184417724609e+00
1.766000000000000014e+00,1.922966718673706055e+00
1.766999999999999904e+00,1.946598768234252930e+00
1.768000000000000016e+00,1.946624994277954102e+00
1.768999999999999906e+00,2.044985771179199219e+00
1.770000000000000018e+00,1.949458718299865723e+00
1.770999999999999908e+00,1.936277866363525391e+00
1.772000000000000020e+00,1.926100850105285645e+00
1.772999999999999909e+00,1.933252811431884766e+00
1.774000000000000021e+00,1.971490502357482910e+00
1.774999999999999911e+00,2.003305912017822266e+00
1.776000000000000023e+00,2.058724880218505859e+00
1.776999999999999913e+00,1.990751147270202637e+00
1.778000000000000025e+00,2.058538436889648438e+00
1.778999999999999915e+00,1.948842525482177734e+00
1.780000000000000027e+00,2.024941205978393555e+00
1.780999999999999917e+00,1.946362257003784180e+00
1.782000000000000028e+00,1.945061922073364258e+00
1.782999999999999918e+00,2.048270225524902344e+00
1.784000000000000030e+00,2.030852079391479492e+00
1.784999999999999920e+00,2.125955581665039062e+00
1.786000000000000032e+00,2.085526704788208008e+00
1.786999999999999922e+00,2.004709005355834961e+00
1.788000000000000034e+00,2.083233833312988281e+00
1.788999999999999924e+00,2.078861713409423828e+00
1.790000000000000036e+00,2.007396936416625977e+00
1.790999999999999925e+00,2.025042057037353516e+00
1.792000000000000037e+00,2.154567480087280273e+00
1.792999999999999927e+00,2.187096834182739258e+00
1.794000000000000039e+00,2.211015224456787109e+00
1.794999999999999929e+00,2.277083635330200195e+00
1.796000000000000041e+00,2.107591152191162109e+00
1.796999999999999931e+00,2.073408126831054688e+00
1.798000000000000043e+00,1.987680435180664062e+00
1.798999999999999932e+00,2.085416555404663086e+00
1.800000000000000044e+00,2.102260828018188477e+00
1.800999999999999934e+00,2.070731639862060547e+00
1.802000000000000046e+00,1.926299810409545898e+00
1.802999999999999936e+00,1.967337727546691895e+00
1.804000000000000048e+00,1.948488473892211914e+00
1.804999999999999938e+00,1.965843319892883301e+00
1.806000000000000050e+00,1.912170767784118652e+00
1.806999999999999940e+00,2.019886255264282227e+00
1.808000000000000052e+00,2.057868003845214844e+00
1.808999999999999941e+00,1.975880265235900879e+00
1.810000000000000053e+00,1.998094081878662109e+00
1.810999999999999943e+00,2.054673671722412109e+00
1.812000000000000055e+00,2.029152393341064453e+00
1.812999999999999945e+00,2.070163965225219727e+00
1.814000000000000057e+00,1.956773757934570312e+00
1.814999999999999947e+00,2.039316654205322266e+00
1.816000000000000059e+00,2.123730421066284180e+00
1.816999999999999948e+00,2.123044490814208984e+00
1.818000000000000060e+00,2.124103546142578125e+00
1.818999999999999950e+00,2.023350238800048828e+00
1.820000000000000062e+00,2.110717535018920898e+00
1.820999999999999952e+00,2.081638336181640625e+00
1.822000000000000064e+00,2.001008272171020508e+00
1.822999999999999954e+00,2.041833877563476562e+00
1.824000000000000066e+00,2.002029657363891602e+00
1.824999999999999956e+00,2.041496038436889648e+00
1.826000000000000068e+00,1.971957206726074219e+00
1.826999999999999957e+00,1.968272924423217773e+00
1.828000000000000069e+00,1.940194249153137207e+00
1.828999999999999959e+00,2.023754358291625977e+00
1.830000000000000071e+00,2.055332899093627930e+00
1.830999999999999961e+00,2.035088777542114258e+00
1.832000000000000073e+00,2.048282623291015625e+00
1.832999999999999963e+00,2.112932443618774414e+00
1.834000000000000075e+00,2.046822071075439453e+00
1.834999999999999964e+00,2.099146366119384766e+00
1.836000000000000076e+00,2.038238286972045898e+00
1.836999999999999966e+00,2.138242483139038086e+00
1.838000000000000078e+00,1.945101261138916016e+00
1.838999999999999968e+00,2.091571807861328125e+00
1.840000000000000080e+00,2.076167583465576172e+00
1.840999999999999970e+00,2.157897949218750000e+00
1.842000000000000082e+00,2.192069530487060547e+00
1.842999999999999972e+00,2.297820806503295898e+00
1.844000000000000083e+00,2.130903005599975586e+00
1.844999999999999973e+00,2.144055604934692383e+00
1.846000000000000085e+00,2.122056961059570312e+00
1.846999999999999975e+00,2.174028396606445312e+00
1.848000000000000087e+00,2.194388389587402344e+00
1.848999999999999977e+00,2.163020372390747070e+00
1.850000000000000089e+00,2.215507268905639648e+00
1.850999999999999979e+00,2.302343368530273438e+00
1.852000000000000091e+00,2.130039215087890625e+00
1.852999999999999980e+00,2.212910175323486328e+00
1.854000000000000092e+00,2.082031250000000000e+00
1.854999999999999982e+00,2.182804107666015625e+00
1.856000000000000094e+00,2.042972803115844727e+00
1.856999999999999984e+00,2.027854681015014648e+00
1.858000000000000096e+00,2.044660806655883789e+00
1.858999999999999986e+00,2.057495355606079102e+00
1.860000000000000098e+00,1.976152062416076660e+00
1.860999999999999988e+00,2.054536819458007812e+00
1.862000000000000099e+00,2.114274501800537109e+00
1.862999999999999989e+00,2.038175821304321289e+00
1.864000000000000101e+00,2.022870063781738281e+00
1.864999999999999991e+00,2.060598373413085938e+00
1.866000000000000103e+00,2.020746707916259766e+00
1.866999999999999993e+00,2.013410091400146484e+00
1.868000000000000105e+00,1.992688894271850586e+00
1.868999999999999995e+00,1.979614973068237305e+00
1.870000000000000107e+00,2.017860651016235352e+00
1.870999999999999996e+00,2.105115890502929688e+00
1.872000000000000108e+00,2.008491754531860352e+00
1.872999999999999998e+00,2.057172298431396484e+00
1.874000000000000110e+00,2.032525062561035156e+00
1.875000000000000000e+00,2.136317253112792969e+00
1.875999999999999890e+00,2.106802940368652344e+00
1.877000000000000002e+00,2.157554388046264648e+00
1.877999999999999892e+00,2.181785106658935547e+00
1.879000000000000004e+00,2.075465679168701172e+00
1.879999999999999893e+00,2.069274902343750000e+00
1.881000000000000005e+00,2.095600366592407227e+00
1.881999999999999895e+00,2.182101488113403320e+00
1.883000000000000007e+00,2.199669599533081055e+00
1.883999999999999897e+00,2.034435510635375977e+00
1.885000000000000009e+00,2.105480194091796875e+00
1.885999999999999899e+00,2.087021350860595703e+00
1.887000000000000011e+00,2.116292238235473633e+00
1.887999999999999901e+00,2.107761144638061523e+00
1.889000000000000012e+00,2.020202636718750000e+00
1.889999999999999902e+00,1.959423303604125977e+00
1.891000000000000014e+00,1.953414082527160645e+00
1.891999999999999904e+00,1.976294279098510742e+00
1.893000000000000016e+00,2.040957689285278320e+00
1.893999999999999906e+00,1.971503496170043945e+00
1.895000000000000018e+00,1.924481272697448730e+00
1.895999999999999908e+00,1.926286458969116211e+00
1.897000000000000020e+00,1.949183464050292969e+00
1.897999999999999909e+00,1.924813270568847656e+00
1.899000000000000021e+00,1.962095499038696289e+00
1.899999999999999911e+00,1.971555352210998535e+00
1.901000000000000023e+00,2.053317546844482422e+00
1.901999999999999913e+00,2.081110239028930664e+00
1.903000000000000025e+00,2.139174699783325195e+00
1.903999999999999915e+00,2.025736093521118164e+00
1.905000000000000027e+00,2.150257110595703125e+00
1.905999999999999917e+00,2.099341154098510742e+00
1.907000000000000028e+00,2.060834169387817383e+00
1.907999999999999918e+00,1.990455985069274902e+00
1.909000000000000030e+00,2.064056158065795898e+00
1.909999999999999920e+00,2.074122905731201172e+00
1.911000000000000032e+00,2.027905225753784180e+00
1.911999999999999922e+00,2.080262660980224609e+00
1.913000000000000034e+00,2.085171222686767578e+00
1.913999999999999924e+00,2.092536926269531250e+00
1.915000000000000036e+00,2.191929340362548828e+00
1.915999999999999925e+00,2.000165224075317383e+00
1.917000000000000037e+00,2.047733545303344727e+00
1.917999999999999927e+00,2.027942895889282227e+00
1.919000000000000039e+00,2.091645240783691406e+00
1.919999999999999929e+00,2.089603662490844727e+00
1.921000000000000041e+00,2.133324384689331055e+00
1.921999999999999931e+00,2.123020172119140625e+00
1.923000000000000043e+00,2.027526855468750000e+00
1.923999999999999932e+00,1.962342858314514160e+00
1.925000000000000044e+00,1.977095842361450195e+00
1.925999999999999934e+00,2.031758069992065430e+00
1.927000000000000046e+00,2.048083066940307617e+00
1.927999999999999936e+00,2.129307031631469727e+00
1.929000000000000048e+00,2.117572069168090820e+00
1.929999999999999938e+00,2.027262210845947266e+00
1.931000000000000050e+00,2.109809160232543945e+00
1.931999999999999940e+00,2.126292228698730469e+00
1.933000000000000052e+00,2.054860353469848633e+00
1.933999999999999941e+00,2.094002008438110352e+00
1.935000000000000053e+00,2.185565471649169922e+00
1.935999999999999943e+00,2.071570873260498047e+00
1.937000000000000055e+00,2.155385494232177734e+00
1.937999999999999945e+00,2.106341838836669922e+00
1.939000000000000057e+00,2.184968948364257812e+00
1.939999999999999947e+00,2.062135934829711914e+00
1.941000000000000059e+00,2.165063381195068359e+00
1.941999999999999948e+00,2.111794948577880859e+00
1.943000000000000060e+00,2.047783374786376953e+00
1.943999999999999950e+00,2.088294506072998047e+00
1.945000000000000062e+00,2.032424449920654297e+00
1.945999999999999952e+00,1.956499338150024414e+00
1.947000000000000064e+00,2.042059421539306641e+00
1.947999999999999954e+00,2.048619508743286133e+00
1.949000000000000066e+00,2.023186206817626953e+00
1.949999999999999956e+00,2.042034149169921875e+00
1.951000000000000068e+00,2.053690910339355469e+00
1.951999999999999957e+00,2.049829244613647461e+00
1.953000000000000069e+00,2.098074674606323242e+00
1.953999999999999959e+00,2.032185554504394531e+00
1.955000000000000071e+00,2.042634963989257812e+00
1.955999999999999961e+00,2.042985200881958008e+00
1.957000000000000073e+00,1.978517293930053711e+00
1.957999999999999963e+00,1.977974653244018555e+00
1.959000000000000075e+00,2.012064218521118164e+00
1.959999999999999964e+00,2.013473749160766602e+00
1.961000000000000076e+00,2.026732444763183594e+00
1.961999999999999966e+00,2.016036033630371094e+00
1.963000000000000078e+00,1.946441173553466797e+00
1.963999999999999968e+00,1.962993860244750977e+00
1.965000000000000080e+00,1.966493129730224609e+00
1.965999999999999970e+00,1.952144503593444824e+00
1.967000000000000082e+00,1.933186650276184082e+00
1.967999999999999972e+00,2.010615587234497070e+00
1.969000000000000083e+00,1.945048809051513672e+00
1.969999999999999973e+00,1.966974020004272461e+00
1.971000000000000085e+00,2.005575656890869141e+00
1.971999999999999975e+00,2.014514207839965820e+00
1.973000000000000087e+00,2.018658638000488281e+00
1.973999999999999977e+00,1.891921281814575195e+00
1.975000000000000089e+00,1.946414828300476074e+00
1.975999999999999979e+00,1.912812232971191406e+00
1.977000000000000091e+00,1.928461194038391113e+00
1.977999999999999980e+00,1.941589832305908203e+00
1.979000000000000092e+00,1.978065013885498047e+00
1.979999999999999982e+00,1.896508812904357910e+00
1.981000000000000094e+00,1.874113798141479492e+00
1.981999999999999984e+00,1.837911725044250488e+00
1.983000000000000096e+00,1.874591112136840820e+00
1.983999999999999986e+00,1.903073787689208984e+00
1.985000000000000098e+00,1.912932515144348145e+00
1.985999999999999988e+00,1.997671842575073242e+00
1.987000000000000099e+00,1.920892119407653809e+00
1.987999999999999989e+00,1.934310197830200195e+00
1.989000000000000101e+00,1.916242957115173340e+00
1.989999999999999991e+00,1.901488304138183594e+00
1.991000000000000103e+00,1.902563333511352539e+00
1.991999999999999993e+00,1.895362854003906250e+00
1.993000000000000105e+00,1.868596196174621582e+00
1.993999999999999995e+00,1.963384628295898438e+00
1.995000000000000107e+00,1.971672058105468750e+00
1.995999999999999996e+00,1.976591587066650391e+00
1.997000000000000108e+00,2.025950670242309570e+00
1.997999999999999998e+00,1.991611123085021973e+00
1.999000000000000110e+00,1.931652426719665527e+00
2.000000000000000000e+00,1.958797097206115723e+00
2.000999999999999890e+00,1.981176614761352539e+00
2.001999999999999780e+00,2.069867610931396484e+00
2.003000000000000114e+00,2.000305652618408203e+00
2.004000000000000004e+00,1.992970943450927734e+00
2.004999999999999893e+00,1.995969533920288086e+00
2.005999999999999783e+00,1.928116679191589355e+00
2.007000000000000117e+00,2.030033826828002930e+00
2.008000000000000007e+00,1.987076044082641602e+00
2.008999999999999897e+00,1.974159359931945801e+00
2.009999999999999787e+00,2.003548383712768555e+00
2.011000000000000121e+00,2.034272193908691406e+00
2.012000000000000011e+00,1.927055835723876953e+00
2.012999999999999901e+00,1.893609166145324707e+00
2.013999999999999790e+00,2.054213523864746094e+00
2.015000000000000124e+00,2.074603557586669922e+00
2.016000000000000014e+00,2.098452329635620117e+00
2.016999999999999904e+00,2.052620410919189453e+00
2.017999999999999794e+00,2.009407758712768555e+00
2.019000000000000128e+00,2.046759605407714844e+00
2.020000000000000018e+00,2.071410417556762695e+00
2.020999999999999908e+00,2.007613420486450195e+00
2.021999999999999797e+00,2.044698476791381836e+00
2.023000000000000131e+00,1.922395110130310059e+00
2.024000000000000021e+00,2.011543273925781250e+00
2.024999999999999911e+00,2.026543378829956055e+00
2.025999999999999801e+00,2.009992837905883789e+00
2.027000000000000135e+00,2.006161689758300781e+00
2.028000000000000025e+00,1.935340404510498047e+00
2.028999999999999915e+00,1.887160062789916992e+00
2.029999999999999805e+00,1.977496623992919922e+00
2.031000000000000139e+00,1.983741998672485352e+00
2.032000000000000028e+00,1.997415900230407715e+00
2.032999999999999918e+00,2.008809804916381836e+00
2.033999999999999808e+00,2.044773340225219727e+00
2.035000000000000142e+00,2.040281295776367188e+00
2.036000000000000032e+00,2.051050901412963867e+00
2.036999999999999922e+00,2.018582582473754883e+00
2.037999999999999812e+00,1.982517719268798828e+00
2.039000000000000146e+00,2.018316745758056641e+00
2.040000000000000036e+00,2.017898797988891602e+00
2.040999999999999925e+00,2.056464195251464844e+00
2.041999999999999815e+00,2.054014444351196289e+00
2.043000000000000149e+00,2.082902669906616211e+00
2.044000000000000039e+00,1.993291497230529785e+00
2.044999999999999929e+00,1.972333073616027832e+00
2.045999999999999819e+00,1.914481639862060547e+00
2.047000000000000153e+00,2.019266128540039062e+00
2.048000000000000043e+00,1.907969236373901367e+00
2.048999999999999932e+00,1.999832868576049805e+00
2.049999999999999822e+00,1.953636527061462402e+00
2.051000000000000156e+00,1.916456460952758789e+00
2.052000000000000046e+00,1.848118185997009277e+00
2.052999999999999936e+00,1.853682875633239746e+00
2.053999999999999826e+00,1.913373351097106934e+00
2.055000000000000160e+00,2.003139972686767578e+00
2.056000000000000050e+00,2.029794692993164062e+00
2.056999999999999940e+00,2.005639314651489258e+00
2.057999999999999829e+00,1.947071313858032227e+00
2.059000000000000163e+00,1.949262142181396484e+00
2.060000000000000053e+00,1.850260376930236816e+00
2.060999999999999943e+00,1.918922066688537598e+00
2.061999999999999833e+00,1.903476595878601074e+00
2.063000000000000167e+00,1.976307153701782227e+00
2.064000000000000057e+00,1.959540724754333496e+00
2.064999999999999947e+00,1.996174454689025879e+00
2.065999999999999837e+00,1.935089588165283203e+00
2.067000000000000171e+00,1.946756243705749512e+00
2.068000000000000060e+00,2.015528917312622070e+00
2.068999999999999950e+00,1.913146257400512695e+00
2.069999999999999840e+00,1.911074519157409668e+00
2.071000000000000174e+00,1.839732527732849121e+00
2.072000000000000064e+00,1.805177927017211914e+00
2.072999999999999954e+00,1.803846478462219238e+00
2.073999999999999844e+00,1.779611349105834961e+00
2.075000000000000178e+00,1.775196909904479980e+00
2.076000000000000068e+00,1.823700666427612305e+00
2.076999999999999957e+00,1.817467689514160156e+00
2.077999999999999847e+00,1.808897495269775391e+00
2.079000000000000181e+00,1.893946528434753418e+00
2.080000000000000071e+00,1.861593842506408691e+00
2.080999999999999961e+00,1.832815289497375488e+00
2.081999999999999851e+00,1.900184154510498047e+00
2.083000000000000185e+00,1.835017085075378418e+00
2.084000000000000075e+00,1.827788233757019043e+00
2.084999999999999964e+00,1.896293044090270996e+00
2.085999999999999854e+00,1.836729288101196289e+00
2.087000000000000188e+00,1.839190721511840820e+00
2.088000000000000078e+00,1.818718791007995605e+00
2.088999999999999968e+00,1.843992471694946289e+00
2.089999999999999858e+00,1.919627785682678223e+00
2.091000000000000192e+00,1.896886110305786133e+00
2.092000000000000082e+00,1.882020354270935059e+00
2.092999999999999972e+00,1.883540630340576172e+00
2.093999999999999861e+00,1.868555307388305664e+00
2.095000000000000195e+00,1.909750103950500488e+00
2.096000000000000085e+00,1.886767387390136719e+00
2.096999999999999975e+00,1.878690481185913086e+00
2.097999999999999865e+00,1.892853021621704102e+00
2.099000000000000199e+00,1.834724545478820801e+00
2.100000000000000089e+00,1.808572530746459961e+00
2.100999999999999979e+00,1.854923367500305176e+00
2.101999999999999869e+00,1.907446861267089844e+00
2.103000000000000203e+00,1.879397630691528320e+00
2.104000000000000092e+00,1.872503876686096191e+00
2.104999999999999982e+00,1.860234141349792480e+00
2.105999999999999872e+00,1.879166364669799805e+00
2.107000000000000206e+00,1.873390793800354004e+00
2.108000000000000096e+00,1.843923211097717285e+00
2.108999999999999986e+00,1.909683227539062500e+00
2.109999999999999876e+00,1.908719420433044434e+00
2.111000000000000210e+00,1.887931942939758301e+00
2.112000000000000099e+00,1.869867801666259766e+00
2.112999999999999989e+00,2.010157823562622070e+00
2.113999999999999879e+00,1.870373487472534180e+00
2.115000000000000213e+00,1.865913629531860352e+00
2.116000000000000103e+00,1.836910247802734375e+00
2.116999999999999993e+00,1.822761416435241699e+00
2.117999999999999883e+00,1.878581523895263672e+00
2.119000000000000217e+00,1.823280096054077148e+00
2.120000000000000107e+00,1.780760049819946289e+00
2.120999999999999996e+00,1.775268912315368652e+00
2.121999999999999886e+00,1.791791319847106934e+00
2.123000000000000220e+00,1.758068203926086426e+00
2.124000000000000110e+00,1.795453429222106934e+00
2.125000000000000000e+00,1.767477869987487793e+00
2.125999999999999890e+00,1.875872135162353516e+00
2.126999999999999780e+00,1.823125958442687988e+00
2.128000000000000114e+00,1.823686599731445312e+00
2.129000000000000004e+00,1.796278834342956543e+00
2.129999999999999893e+00,1.817580223083496094e+00
2.130999999999999783e+00,1.850564360618591309e+00
2.132000000000000117e+00,1.783011913299560547e+00
2.133000000000000007e+00,1.759376049041748047e+00
2.133999999999999897e+00,1.896252632141113281e+00
2.134999999999999787e+00,1.818001985549926758e+00
2.136000000000000121e+00,1.855433106422424316e+00
2.137000000000000011e+00,1.841496109962463379e+00
2.137999999999999901e+00,1.830373287200927734e+00
2.138999999999999790e+00,1.854275584220886230e+00
2.140000000000000124e+00,1.825045585632324219e+00
2.141000000000000014e+00,1.847398877143859863e+00
2.141999999999999904e+00,1.867310047149658203e+00
2.142999999999999794e+00,1.792433142662048340e+00
2.144000000000000128e+00,1.753235101699829102e+00
2.145000000000000018e+00,1.860673904418945312e+00
2.145999999999999908e+00,1.800144791603088379e+00
2.146999999999999797e+00,1.813723087310791016e+00
2.148000000000000131e+00,1.841676354408264160e+00
2.149000000000000021e+00,1.787121057510375977e+00
2.149999999999999911e+00,1.880240559577941895e+00
2.150999999999999801e+00,1.882794380187988281e+00
2.152000000000000135e+00,1.831810951232910156e+00
2.153000000000000025e+00,1.819547653198242188e+00
2.153999999999999915e+00,1.845876455307006836e+00
2.154999999999999805e+00,1.866105198860168457e+00
2.156000000000000139e+00,1.806041240692138672e+00
2.157000000000000028e+00,1.834083676338195801e+00
2.157999999999999918e+00,1.824107050895690918e+00
2.158999999999999808e+00,1.795439124107360840e+00
2.160000000000000142e+00,1.746575117111206055e+00
2.161000000000000032e+00,1.820151567459106445e+00
2.161999999999999922e+00,1.730226516723632812e+00
2.162999999999999812e+00,1.744334816932678223e+00
2.164000000000000146e+00,1.738037824630737305e+00
2.165000000000000036e+00,1.794713139533996582e+00
2.165999999999999925e+00,1.783298492431640625e+00
2.166999999999999815e+00,1.793929576873779297e+00
2.168000000000000149e+00,1.753439188003540039e+00
2.169000000000000039e+00,1.845364093780517578e+00
2.169999999999999929e+00,1.846485614776611328e+00
2.170999999999999819e+00,1.753555774688720703e+00
2.172000000000000153e+00,1.767983675003051758e+00
2.173000000000000043e+00,1.763888001441955566e+00
2.173999999999999932e+00,1.783542156219482422e+00
2.174999999999999822e+00,1.746736049652099609e+00
2.176000000000000156e+00,1.724885821342468262e+00
2.177000000000000046e+00,1.728867173194885254e+00
2.177999999999999936e+00,1.772618055343627930e+00
2.178999999999999826e+00,1.733222603797912598e+00
2.180000000000000160e+00,1.710139274597167969e+00
2.181000000000000050e+00,1.677882790565490723e+00
2.181999999999999940e+00,1.687785148620605469e+00
2.182999999999999829e+00,1.716955423355102539e+00
2.184000000000000163e+00,1.681610584259033203e+00
2.185000000000000053e+00,1.726648211479187012e+00
2.185999999999999943e+00,1.705784678459167480e+00
2.186999999999999833e+00,1.750623703002929688e+00
2.188000000000000167e+00,1.732971787452697754e+00
2.189000000000000057e+00,1.736552000045776367e+00
2.189999999999999947e+00,1.684662699699401855e+00
2.190999999999999837e+00,1.709989786148071289e+00
2.192000000000000171e+00,1.719974398612976074e+00
2.193000000000000060e+00,1.709870100021362305e+00
2.193999999999999950e+00,1.768330574035644531e+00
2.194999999999999840e+00,1.740814924240112305e+00
2.196000000000000174e+00,1.745623588562011719e+00
2.197000000000000064e+00,1.775671958923339844e+00
2.197999999999999954e+00,1.759114503860473633e+00
2.198999999999999844e+00,1.745477318763732910e+00
2.200000000000000178e+00,1.770468473434448242e+00
2.201000000000000068e+00,1.729827880859375000e+00
2.201999999999999957e+00,1.727077484130859375e+00
2.202999999999999847e+00,1.777844190597534180e+00
2.204000000000000181e+00,1.739977717399597168e+00
2.205000000000000071e+00,1.829632997512817383e+00
2.205999999999999961e+00,1.828543186187744141e+00
2.206999999999999851e+00,1.804767251014709473e+00
2.208000000000000185e+00,1.892110347747802734e+00
2.209000000000000075e+00,1.886821508407592773e+00
2.209999999999999964e+00,1.843923211097717285e+00
2.210999999999999854e+00,1.865639567375183105e+00
2.212000000000000188e+00,1.856452226638793945e+00
2.213000000000000078e+00,1.771897077560424805e+00
2.213999999999999968e+00,1.773454070091247559e+00
2.214999999999999858e+00,1.806324243545532227e+00
2.216000000000000192e+00,1.823966979980468750e+00
2.217000000000000082e+00,1.783169507980346680e+00
2.217999999999999972e+00,1.800655722618103027e+00
2.218999999999999861e+00,1.742003560066223145e+00
2.220000000000000195e+00,1.810691118240356445e+00
2.221000000000000085e+00,1.817861318588256836e+00
2.221999999999999975e+00,1.738640666007995605e+00
2.222999999999999865e+00,1.709795475006103516e+00
2.224000000000000199e+00,1.683053851127624512e+00
2.225000000000000089e+00,1.704615592956542969e+00
2.225999999999999979e+00,1.761176466941833496e+00
2.226999999999999869e+00,1.680865764617919922e+00
2.228000000000000203e+00,1.755711555480957031e+00
2.229000000000000092e+00,1.653038144111633301e+00
2.229999999999999982e+00,1.712200403213500977e+00
2.230999999999999872e+00,1.774750709533691406e+00
2.232000000000000206e+00,1.698035955429077148e+00
2.233000000000000096e+00,1.720316171646118164e+00
2.233999999999999986e+00,1.731629371643066406e+00
2.234999999999999876e+00,1.670310616493225098e+00
2.236000000000000210e+00,1.706323862075805664e+00
2.237000000000000099e+00,1.716389656066894531e+00
2.237999999999999989e+00,1.770569562911987305e+00
2.238999999999999879e+00,1.737773180007934570e+00
2.240000000000000213e+00,1.743777990341186523e+00
2.241000000000000103e+00,1.726204156875610352e+00
2.241999999999999993e+00,1.771507501602172852e+00
2.242999999999999883e+00,1.786949396133422852e+00
2.244000000000000217e+00,1.789279103279113770e+00
2.245000000000000107e+00,1.811664700508117676e+00
2.245999999999999996e+00,1.808671474456787109e+00
2.246999999999999886e+00,1.743895292282104492e+00
2.248000000000000220e+00,1.805602431297302246e+00
2.249000000000000110e+00,1.789693355560302734e+00
2.250000000000000000e+00,1.843077540397644043e+00
2.250999999999999890e+00,1.830875873565673828e+00
2.251999999999999780e+00,1.841107368469238281e+00
2.253000000000000114e+00,1.885059833526611328e+00
2.254000000000000004e+00,1.906294107437133789e+00
2.254999999999999893e+00,1.878513574600219727e+00
2.255999999999999783e+00,1.976138949394226074e+00
2.257000000000000117e+00,1.898421287536621094e+00
2.258000000000000007e+00,1.995252370834350586e+00
2.258999999999999897e+00,1.928659915924072266e+00
2.259999999999999787e+00,1.940747380256652832e+00
2.261000000000000121e+00,1.952210068702697754e+00
2.262000000000000011e+00,1.870414495468139648e+00
2.262999999999999901e+00,1.940378546714782715e+00
2.263999999999999790e+00,1.931626081466674805e+00
2.265000000000000124e+00,1.914708614349365234e+00
2.266000000000000014e+00,1.834041953086853027e+00
2.266999999999999904e+00,1.927042603492736816e+00
2.267999999999999794e+00,1.902294635772705078e+00
2.269000000000000128e+00,1.890340089797973633e+00
2.270000000000000018e+00,1.898407936096191406e+00
2.270999999999999908e+00,1.852607131004333496e+00
2.271999999999999797e+00,1.859368562698364258e+00
2.273000000000000131e+00,1.860357761383056641e+00
2.274000000000000021e+00,1.914575219154357910e+00
2.274999999999999911e+00,1.838356733322143555e+00
2.275999999999999801e+00,1.912464857101440430e+00
2.277000000000000135e+00,1.855915188789367676e+00
2.278000000000000025e+00,1.782667875289916992e+00
2.278999999999999915e+00,1.843812346458435059e+00
2.279999999999999805e+00,1.834557294845581055e+00
2.281000000000000139e+00,1.844283580780029297e+00
2.282000000000000028e+00,1.846111893653869629e+00
2.282999999999999918e+00,1.853862047195434570e+00
2.283999999999999808e+00,1.877533674240112305e+00
2.285000000000000142e+00,1.934521675109863281e+00
2.286000000000000032e+00,1.899847865104675293e+00
2.286999999999999922e+00,1.870783329010009766e+00
2.287999999999999812e+00,1.899498105049133301e+00
2.289000000000000146e+00,1.950022578239440918e+00
2.290000000000000036e+00,1.855019927024841309e+00
2.290999999999999925e+00,1.857580661773681641e+00
2.291999999999999815e+00,1.887227892875671387e+00
2.293000000000000149e+00,1.933926939964294434e+00
2.294000000000000039e+00,1.871111273765563965e+00
2.294999999999999929e+00,1.904026985168457031e+00
2.295999999999999819e+00,1.785303950309753418e+00
2.297000000000000153e+00,1.838328957557678223e+00
2.298000000000000043e+00,1.884964942932128906e+00
2.298999999999999932e+00,1.912157416343688965e+00
2.299999999999999822e+00,1.829325675964355469e+00
2.301000000000000156e+00,1.909335255622863770e+00
2.302000000000000046e+00,1.899242401123046875e+00
2.302999999999999936e+00,1.845087051391601562e+00
2.303999999999999826e+00,1.858969807624816895e+00
2.305000000000000160e+00,1.868007898330688477e+00
2.306000000000000050e+00,1.854675292968750000e+00
2.306999999999999940e+00,1.833818912506103516e+00
2.307999999999999829e+00,1.872613191604614258e+00
2.309000000000000163e+00,1.841940164566040039e+00
2.310000000000000053e+00,1.911515712738037109e+00
2.310999999999999943e+00,1.882834911346435547e+00
2.311999999999999833e+00,1.865283250808715820e+00
2.313000000000000167e+00,1.998004436492919922e+00
2.314000000000000057e+00,1.940049171447753906e+00
2.314999999999999947e+00,1.865735292434692383e+00
2.315999999999999837e+00,1.891759157180786133e+00
2.317000000000000171e+00,1.905462741851806641e+00
2.318000000000000060e+00,1.888595104217529297e+00
2.318999999999999950e+00,1.896239280700683594e+00
2.319999999999999840e+00,1.889947891235351562e+00
2.321000000000000174e+00,1.880349159240722656e+00
2.322000000000000064e+00,1.921743631362915039e+00
2.322999999999999954e+00,1.795837759971618652e+00
2.323999999999999844e+00,1.845544099807739258e+00
2.325000000000000178e+00,1.844394326210021973e+00
2.326000000000000068e+00,1.837077140808105469e+00
2.326999999999999957e+00,1.885696887969970703e+00
2.327999999999999847e+00,1.878771901130676270e+00
2.329000000000000181e+00,1.905570030212402344e+00
2.330000000000000071e+00,1.833846688270568848e+00
2.330999999999999961e+00,1.844768524169921875e+00
2.331999999999999851e+00,1.882916569709777832e+00
2.333000000000000185e+00,1.908571958541870117e+00
2.334000000000000075e+00,1.945718765258789062e+00
2.334999999999999964e+00,1.948986768722534180e+00
2.335999999999999854e+00,1.972423672676086426e+00
2.337000000000000188e+00,2.000561237335205078e+00
2.338000000000000078e+00,1.946913719177246094e+00
2.338999999999999968e+00,1.957870602607727051e+00
2.339999999999999858e+00,1.929825663566589355e+00
2.341000000000000192e+00,1.929852366447448730e+00
2.342000000000000082e+00,1.915162324905395508e+00
2.342999999999999972e+00,1.983767867088317871e+00
2.343999999999999861e+00,1.984463334083557129e+00
2.345000000000000195e+00,1.998004436492919922e+00
2.346000000000000085e+00,1.930368661880493164e+00
2.346999999999999975e+00,1.921490907669067383e+00
2.347999999999999865e+00,1.938493967056274414e+00
2.349000000000000199e+00,1.962616324424743652e+00
2.350000000000000089e+00,1.988079071044921875e+00
2.350999999999999979e+00,2.062743186950683594e+00
2.351999999999999869e+00,2.019709110260009766e+00
2.353000000000000203e+00,2.024663448333740234e+00
2.354000000000000092e+00,2.017024517059326172e+00
2.354999999999999982e+00,2.026253223419189453e+00
2.355999999999999872e+00,1.970764398574829102e+00
2.357000000000000206e+00,2.093208551406860352e+00
2.358000000000000096e+00,2.121454715728759766e+00
2.358999999999999986e+00,2.137453556060791016e+00
2.359999999999999876e+00,2.107797384262084961e+00
2.361000000000000210e+00,2.044523239135742188e+00
2.362000000000000099e+00,2.035879850387573242e+00
2.362999999999999989e+00,2.090667247772216797e+00
2.363999999999999879e+00,2.092488050460815430e+00
2.365000000000000213e+00,2.171805143356323242e+00
2.366000000000000103e+00,2.141705989837646484e+00
2.366999999999999993e+00,2.074467897415161133e+00
2.367999999999999883e+00,2.075379610061645508e+00
2.369000000000000217e+00,2.136245489120483398e+00
2.370000000000000107e+00,2.099901199340820312e+00
2.370999999999999996e+00,2.018202781677246094e+00
2.371999999999999886e+00,2.074480295181274414e+00
2.373000000000000220e+00,1.984102725982666016e+00
2.374000000000000110e+00,2.029227972030639648e+00
2.375000000000000000e+00,2.058240652084350586e+00
2.375999999999999890e+00,2.028295755386352539e+00
2.376999999999999780e+00,1.993009448051452637e+00
2.378000000000000114e+00,1.968948125839233398e+00
2.379000000000000004e+00,1.984360337257385254e+00
2.379999999999999893e+00,1.933385014533996582e+00
2.380999999999999783e+00,1.881219029426574707e+00
2.382000000000000117e+00,1.959136247634887695e+00
2.383000000000000007e+00,1.966714143753051758e+00
2.383999999999999897e+00,1.992368221282958984e+00
2.384999999999999787e+00,1.913253188133239746e+00
2.386000000000000121e+00,1.928182840347290039e+00
2.387000000000000011e+00,1.930686354637145996e+00
2.387999999999999901e+00,1.927095651626586914e+00
2.388999999999999790e+00,1.944693922996520996e+00
2.390000000000000124e+00,1.919920682907104492e+00
2.391000000000000014e+00,1.983291029930114746e+00
2.391999999999999904e+00,2.084276437759399414e+00
2.392999999999999794e+00,1.953453302383422852e+00
2.394000000000000128e+00,1.952327728271484375e+00
2.395000000000000018e+00,1.931877374649047852e+00
2.395999999999999908e+00,1.984823942184448242e+00
2.396999999999999797e+00,1.919641017913818359e+00
2.398000000000000131e+00,1.897572994232177734e+00
2.399000000000000021e+00,1.948776960372924805e+00
2.399999999999999911e+00,1.963371515274047852e+00
2.400999999999999801e+00,1.928739547729492188e+00
2.402000000000000135e+00,1.981460332870483398e+00
2.403000000000000025e+00,1.973019719123840332e+00
2.403999999999999915e+00,2.002246856689453125e+00
2.404999999999999805e+00,1.939192771911621094e+00
2.406000000000000139e+00,1.957322239875793457e+00
2.407000000000000028e+00,2.002106189727783203e+00
2.407999999999999918e+00,1.995649456977844238e+00
2.408999999999999808e+00,2.000995397567749023e+00
2.410000000000000142e+00,1.987706303596496582e+00
2.411000000000000032e+00,1.975362896919250488e+00
2.411999999999999922e+00,1.977393150329589844e+00
2.412999999999999812e+00,1.999091506004333496e+00
2.414000000000000146e+00,1.993381381034851074e+00
2.415000000000000036e+00,2.084975242614746094e+00
2.415999999999999925e+00,1.979744195938110352e+00
2.416999999999999815e+00,2.014704465866088867e+00
2.418000000000000149e+00,1.981395959854125977e+00
2.419000000000000039e+00,1.991033673286437988e+00
2.419999999999999929e+00,1.931427597999572754e+00
2.420999999999999819e+00,1.879628777503967285e+00
2.422000000000000153e+00,1.972825407981872559e+00
2.423000000000000043e+00,1.914428353309631348e+00
2.423999999999999932e+00,1.968116998672485352e+00
2.424999999999999822e+00,1.925450444221496582e+00
2.426000000000000156e+00,1.958105564117431641e+00
2.427000000000000046e+00,2.018126964569091797e+00
2.427999999999999936e+00,1.938019394874572754e+00
2.428999999999999826e+00,2.030965328216552734e+00
2.430000000000000160e+00,1.920186877250671387e+00
2.431000000000000050e+00,1.925370812416076660e+00
2.431999999999999940e+00,2.011746644973754883e+00
2.432999999999999829e+00,2.036971569061279297e+00
2.434000000000000163e+00,1.980647563934326172e+00
2.435000000000000053e+00,2.000152349472045898e+00
2.435999999999999943e+00,1.965271115303039551e+00
2.436999999999999833e+00,2.008288145065307617e+00
2.438000000000000167e+00,1.932155370712280273e+00
2.439000000000000057e+00,1.979369640350341797e+00
2.439999999999999947e+00,1.994560480117797852e+00
2.440999999999999837e+00,1.934931039810180664e+00
2.442000000000000171e+00,1.946559429168701172e+00
2.443000000000000060e+00,2.085722923278808594e+00
2.443999999999999950e+00,1.941616296768188477e+00
2.444999999999999840e+00,1.998452186584472656e+00
2.446000000000000174e+00,1.958810091018676758e+00
2.447000000000000064e+00,2.002578735351562500e+00
2.447999999999999954e+00,2.048120260238647461e+00
2.448999999999999844e+00,2.051648855209350586e+00
2.450000000000000178e+00,1.975388765335083008e+00
2.451000000000000068e+00,1.911435604095458984e+00
2.451999999999999957e+00,1.908103227615356445e+00
2.452999999999999847e+00,1.924919486045837402e+00
2.454000000000000181e+00,1.906481862068176270e+00
2.455000000000000071e+00,1.950926661491394043e+00
2.455999999999999961e+00,1.928196072578430176e+00
2.456999999999999851e+00,1.968753337860107422e+00
2.458000000000000185e+00,2.017265319824218750e+00
2.459000000000000075e+00,1.989068746566772461e+00
2.459999999999999964e+00,1.946940183639526367e+00
2.460999999999999854e+00,1.887431025505065918e+00
2.462000000000000188e+00,1.919441342353820801e+00
2.463000000000000078e+00,1.928659915924072266e+00
2.463999999999999968e+00,1.875899434089660645e+00
2.464999999999999858e+00,1.886062860488891602e+00
2.466000000000000192e+00,1.939271807670593262e+00
2.467000000000000082e+00,1.973719000816345215e+00
2.467999999999999972e+00,2.005027532577514648e+00
2.468999999999999861e+00,2.007371664047241211e+00
2.470000000000000195e+00,2.067668437957763672e+00
2.471000000000000085e+00,2.023754358291625977e+00
2.471999999999999975e+00,2.012102365493774414e+00
2.472999999999999865e+00,2.020190000534057617e+00
2.474000000000000199e+00,2.169862747192382812e+00
2.475000000000000089e+00,2.000228881835937500e+00
2.475999999999999979e+00,1.963098168373107910e+00
2.476999999999999869e+00,1.889501690864562988e+00
2.478000000000000203e+00,1.867734313011169434e+00
2.479000000000000092e+00,1.880199790000915527e+00
2.479999999999999982e+00,1.975362896919250488e+00
2.480999999999999872e+00,1.914241313934326172e+00
2.482000000000000206e+00,1.818311214447021484e+00
2.483000000000000096e+00,1.893460631370544434e+00
2.483999999999999986e+00,1.891097068786621094e+00
2.484999999999999876e+00,1.885019063949584961e+00
2.486000000000000210e+00,1.946283578872680664e+00
2.487000000000000099e+00,1.974055647850036621e+00
2.487999999999999989e+00,1.900076627731323242e+00
2.488999999999999879e+00,1.908384442329406738e+00
2.490000000000000213e+00,1.904711484909057617e+00
2.491000000000000103e+00,1.991662502288818359e+00
2.491999999999999993e+00,2.018810510635375977e+00
2.492999999999999883e+00,2.095222234725952148e+00
2.494000000000000217e+00,1.984862685203552246e+00
2.495000000000000107e+00,2.014552354812622070e+00
2.495999999999999996e+00,2.027388095855712891e+00
2.496999999999999886e+00,2.038426637649536133e+00
2.498000000000000220e+00,2.027930259704589844e+00
2.499000000000000110e+00,1.960192799568176270e+00
2.500000000000000000e+00,2.020379543304443359e+00
2.500999999999999890e+00,2.055084228515625000e+00
2.501999999999999780e+00,2.072446584701538086e+00
2.503000000000000114e+00,2.070484876632690430e+00
2.504000000000000004e+00,2.064575910568237305e+00
2.504999999999999893e+00,2.057085514068603516e+00
2.505999999999999783e+00,2.062359094619750977e+00
2.507000000000000117e+00,2.076389074325561523e+00
2.508000000000000007e+00,2.051947593688964844e+00
2.508999999999999897e+00,2.067718029022216797e+00
2.509999999999999787e+00,1.988940238952636719e+00
2.511000000000000121e+00,2.099487304687500000e+00
2.512000000000000011e+00,2.091681718826293945e+00
2.512999999999999901e+00,2.060821771621704102e+00
2.513999999999999790e+00,2.060635566711425781e+00
2.515000000000000124e+00,2.025117874145507812e+00
2.516000000000000014e+00,2.021176576614379883e+00
2.516999999999999904e+00,2.030877113342285156e+00
2.517999999999999794e+00,1.953257083892822266e+00
2.519000000000000128e+00,2.064712285995483398e+00
2.520000000000000018e+00,2.074739217758178711e+00
2.520999999999999908e+00,2.193736076354980469e+00
2.521999999999999797e+00,2.098817586898803711e+00
2.523000000000000131e+00,2.058911085128784180e+00
2.524000000000000021e+00,2.149686574935913086e+00
2.524999999999999911e+00,2.021151065826416016e+00
2.525999999999999801e+00,2.013295888900756836e+00
2.527000000000000135e+00,2.022617340087890625e+00
2.528000000000000025e+00,1.905663967132568359e+00
2.528999999999999915e+00,2.001148700714111328e+00
2.529999999999999805e+00,2.051461935043334961e+00
2.531000000000000139e+00,1.950703859329223633e+00
2.532000000000000028e+00,2.024158477783203125e+00
2.532999999999999918e+00,2.111298799514770508e+00
2.533999999999999808e+00,2.186734676361083984e+00
2.535000000000000142e+00,2.101105690002441406e+00
2.536000000000000032e+00,2.141419410705566406e+00
2.536999999999999922e+00,2.205031156539916992e+00
2.537999999999999812e+00,2.085600137710571289e+00
2.539000000000000146e+00,2.028736829757690430e+00
2.540000000000000036e+00,1.991508603096008301e+00
2.540999999999999925e+00,1.990532875061035156e+00
2.541999999999999815e+00,1.932631492614746094e+00
2.543000000000000149e+00,1.905891895294189453e+00
2.544000000000000039e+00,1.958757877349853516e+00
2.544999999999999929e+00,1.995393276214599609e+00
2.545999999999999819e+00,1.934944272041320801e+00
2.547000000000000153e+00,2.042334556579589844e+00
2.548000000000000043e+00,1.901636242866516113e+00
2.548999999999999932e+00,1.938124895095825195e+00
2.549999999999999822e+00,1.936040163040161133e+00
2.551000000000000156e+00,1.902549862861633301e+00
2.552000000000000046e+00,1.898946285247802734e+00
2.552999999999999936e+00,1.956107497215270996e+00
2.553999999999999826e+00,1.989569664001464844e+00
2.555000000000000160e+00,1.960036277770996094e+00
2.556000000000000050e+00,1.988053321838378906e+00
2.556999999999999940e+00,1.926127195358276367e+00
2.557999999999999829e+00,1.973071575164794922e+00
2.559000000000000163e+00,2.008669853210449219e+00
2.560000000000000053e+00,1.877329349517822266e+00
2.560999999999999943e+00,1.926445722579956055e+00
2.561999999999999833e+00,1.958105564117431641e+00
2.563000000000000167e+00,2.099779367446899414e+00
2.564000000000000057e+00,2.057060718536376953e+00
2.564999999999999947e+00,2.123381614685058594e+00
2.565999999999999837e+00,2.206282377243041992e+00
2.567000000000000171e+00,2.120321989059448242e+00
2.568000000000000060e+00,2.163823604583740234e+00
2.568999999999999950e+00,2.309027194976806641e+00
2.569999999999999840e+00,2.256065368652343750e+00
2.571000000000000174e+00,2.213441371917724609e+00
2.572000000000000064e+00,2.300777673721313477e+00
2.572999999999999954e+00,2.140583992004394531e+00
2.573999999999999844e+00,2.184688329696655273e+00
2.575000000000000178e+00,2.203570127487182617e+00
2.576000000000000068e+00,2.161188125610351562e+00
2.576999999999999957e+00,2.181035280227661133e+00
2.577999999999999847e+00,2.107664108276367188e+00
2.579000000000000181e+00,2.070114374160766602e+00
2.580000000000000071e+00,2.197425842285156250e+00
2.580999999999999961e+00,2.286726951599121094e+00
2.581999999999999851e+00,2.206085681915283203e+00
2.583000000000000185e+00,2.485039710998535156e+00
2.584000000000000075e+00,2.278172016143798828e+00
2.584999999999999964e+00,2.463772535324096680e+00
2.585999999999999854e+00,2.501001596450805664e+00
2.587000000000000188e+00,2.585278511047363281e+00
2.588000000000000078e+00,2.478696346282958984e+00
2.588999999999999968e+00,2.439922809600830078e+00
2.589999999999999858e+00,2.296340942382812500e+00
2.591000000000000192e+00,2.267184972763061523e+00
2.592000000000000082e+00,2.155859947204589844e+00
2.592999999999999972e+00,2.096088171005249023e+00
2.593999999999999861e+00,2.111528635025024414e+00
2.595000000000000195e+00,2.220899581909179688e+00
2.596000000000000085e+00,2.169850826263427734e+00
2.596999999999999975e+00,2.107470035552978516e+00
2.597999999999999865e+00,2.106390237808227539e+00
2.599000000000000199e+00,2.056787252426147461e+00
2.600000000000000089e+00,2.131898164749145508e+00
2.600999999999999979e+00,2.105188846588134766e+00
2.601999999999999869e+00,2.233407735824584961e+00
2.603000000000000203e+00,2.202885627746582031e+00
2.604000000000000092e+00,2.014336585998535156e+00
2.604999999999999982e+00,1.990045070648193359e+00
2.605999999999999872e+00,2.109167098999023438e+00
2.607000000000000206e+00,1.984154224395751953e+00
2.608000000000000096e+00,2.024966478347778320e+00
2.608999999999999986e+00,2.035050868988037109e+00
2.609999999999999876e+00,2.154851913452148438e+00
2.611000000000000210e+00,2.075748920440673828e+00
2.612000000000000099e+00,2.101239442825317383e+00
2.612999999999999989e+00,1.989711046218872070e+00
2.613999999999999879e+00,2.141813278198242188e+00
2.615000000000000213e+00,1.846568703651428223e+00
2.616000000000000103e+00,1.999704957008361816e+00
2.616999999999999993e+00,1.927864670753479004e+00
2.617999999999999883e+00,1.982002019882202148e+00
2.619000000000000217e+00,1.919214963912963867e+00
2.620000000000000107e+00,1.868131160736083984e+00
2.620999999999999996e+00,2.008555412292480469e+00
2.621999999999999886e+00,1.926074147224426270e+00
2.623000000000000220e+00,1.960283994674682617e+00
2.624000000000000110e+00,1.825255632400512695e+00
2.625000000000000000e+00,1.857360601425170898e+00
2.625999999999999890e+00,1.895470738410949707e+00
2.626999999999999780e+00,1.829339742660522461e+00
2.628000000000000114e+00,1.832424640655517578e+00
2.629000000000000004e+00,1.822691440582275391e+00
2.629999999999999893e+00,1.818704724311828613e+00
2.630999999999999783e+00,1.786691904067993164e+00
2.632000000000000117e+00,1.783814430236816406e+00
2.633000000000000007e+00,1.820586800575256348e+00
2.633999999999999897e+00,1.806706309318542480e+00
2.634999999999999787e+00,1.768518567085266113e+00
2.636000000000000121e+00,1.813709139823913574e+00
2.637000000000000011e+00,1.818029999732971191e+00
2.637999999999999901e+00,1.945653080940246582e+00
2.638999999999999790e+00,1.889893889427185059e+00
2.640000000000000124e+00,1.753118515014648438e+00
2.641000000000000014e+00,1.795737981796264648e+00
2.641999999999999904e+00,1.816961288452148438e+00
2.642999999999999794e+00,1.740506410598754883e+00
2.644000000000000128e+00,1.749805927276611328e+00
2.645000000000000018e+00,1.881762266159057617e+00
2.645999999999999908e+00,1.918615698814392090e+00
2.646999999999999797e+00,1.888270378112792969e+00
2.648000000000000131e+00,1.837689280509948730e+00
2.649000000000000021e+00,1.807583093643188477e+00
2.649999999999999911e+00,1.799988627433776855e+00
2.650999999999999801e+00,1.765886425971984863e+00
2.652000000000000135e+00,1.815019249916076660e+00
2.653000000000000025e+00,1.832034111022949219e+00
2.653999999999999915e+00,1.846153497695922852e+00
2.654999999999999805e+00,1.786949396133422852e+00
2.656000000000000139e+00,1.791777133941650391e+00
2.657000000000000028e+00,1.822901725769042969e+00
2.657999999999999918e+00,1.725774765014648438e+00
2.658999999999999808e+00,1.706264019012451172e+00
2.660000000000000142e+00,1.740021824836730957e+00
2.661000000000000032e+00,1.720227003097534180e+00
2.661999999999999922e+00,1.782122969627380371e+00
2.662999999999999812e+00,1.763279318809509277e+00
2.664000000000000146e+00,1.802471637725830078e+00
2.665000000000000036e+00,1.742267727851867676e+00
2.665999999999999925e+00,1.717982172966003418e+00
2.666999999999999815e+00,1.777024507522583008e+00
2.668000000000000149e+00,1.752943515777587891e+00
2.669000000000000039e+00,1.715198040008544922e+00
2.669999999999999929e+00,1.886455774307250977e+00
2.670999999999999819e+00,1.857250452041625977e+00
2.672000000000000153e+00,1.762496471405029297e+00
2.673000000000000043e+00,1.796492218971252441e+00
2.673999999999999932e+00,1.773987293243408203e+00
2.674999999999999822e+00,1.776535511016845703e+00
2.676000000000000156e+00,1.808614969253540039e+00
2.677000000000000046e+00,1.819505572319030762e+00
2.677999999999999936e+00,1.788364768028259277e+00
2.678999999999999826e+00,1.874863624572753906e+00
2.680000000000000160e+00,1.901125431060791016e+00
2.681000000000000050e+00,1.876389861106872559e+00
2.681999999999999940e+00,1.964477777481079102e+00
2.682999999999999829e+00,1.922262191772460938e+00
2.684000000000000163e+00,1.778146028518676758e+00
2.685000000000000053e+00,1.845433473587036133e+00
2.685999999999999943e+00,1.764206767082214355e+00
2.686999999999999833e+00,1.779783844947814941e+00
2.688000000000000167e+00,1.830359220504760742e+00
2.689000000000000057e+00,1.773180365562438965e+00
2.689999999999999947e+00,1.770915865898132324e+00
2.690999999999999837e+00,1.871234059333801270e+00
2.692000000000000171e+00,1.734740734100341797e+00
2.693000000000000060e+00,1.746779918670654297e+00
2.693999999999999950e+00,1.700983285903930664e+00
2.694999999999999840e+00,1.734387159347534180e+00
2.696000000000000174e+00,1.780315041542053223e+00
2.697000000000000064e+00,1.699841022491455078e+00
2.697999999999999954e+00,1.806451678276062012e+00
2.698999999999999844e+00,1.719781279563903809e+00
2.700000000000000178e+00,1.802003622055053711e+00
2.701000000000000068e+00,1.816679954528808594e+00
2.701999999999999957e+00,1.805234551429748535e+00
2.702999999999999847e+00,1.777671575546264648e+00
2.704000000000000181e+00,1.881422758102416992e+00
2.705000000000000071e+00,1.812736749649047852e+00
2.705999999999999961e+00,1.779108762741088867e+00
2.706999999999999851e+00,1.821597218513488770e+00
2.708000000000000185e+00,1.841454386711120605e+00
2.709000000000000075e+00,1.812821149826049805e+00
2.709999999999999964e+00,1.896495223045349121e+00
2.710999999999999854e+00,1.780960798263549805e+00
2.712000000000000188e+00,1.834682822227478027e+00
2.713000000000000078e+00,1.788879156112670898e+00
2.713999999999999968e+00,1.868828654289245605e+00
2.714999999999999858e+00,1.821905970573425293e+00
2.716000000000000192e+00,1.789836168289184570e+00
2.717000000000000082e+00,1.766855835914611816e+00
2.717999999999999972e+00,1.806253433227539062e+00
2.718999999999999861e+00,1.794442534446716309e+00
2.720000000000000195e+00,1.860083103179931641e+00
2.721000000000000085e+00,1.852855443954467773e+00
2.721999999999999975e+00,1.904979944229125977e+00
2.722999999999999865e+00,1.915175795555114746e+00
2.724000000000000199e+00,1.890799760818481445e+00
2.725000000000000089e+00,1.845391869544982910e+00
2.725999999999999979e+00,1.952157616615295410e+00
2.726999999999999869e+00,1.897492289543151855e+00
2.728000000000000203e+00,1.964425802230834961e+00
2.729000000000000092e+00,1.918162703514099121e+00
2.729999999999999982e+00,1.938138127326965332e+00
2.730999999999999872e+00,1.834933519363403320e+00
2.732000000000000206e+00,1.971516489982604980e+00
2.733000000000000096e+00,1.946585655212402344e+00
2.733999999999999986e+00,1.915402531623840332e+00
2.734999999999999876e+00,1.897802114486694336e+00
2.736000000000000210e+00,1.917909502983093262e+00
2.737000000000000099e+00,1.947058320045471191e+00
2.737999999999999989e+00,1.879084825515747070e+00
2.738999999999999879e+00,1.953466415405273438e+00
2.740000000000000213e+00,1.904362559318542480e+00
2.741000000000000103e+00,1.847938418388366699e+00
2.741999999999999993e+00,1.872517466545104980e+00
2.742999999999999883e+00,1.900466561317443848e+00
2.744000000000000217e+00,1.978840231895446777e+00
2.745000000000000107e+00,1.909709930419921875e+00
2.745999999999999996e+00,1.958470940589904785e+00
2.746999999999999886e+00,1.951070785522460938e+00
2.748000000000000220e+00,1.960440397262573242e+00
2.749000000000000110e+00,1.938586354255676270e+00
2.750000000000000000e+00,2.058625459671020508e+00
2.750999999999999890e+00,1.966103315353393555e+00
2.751999999999999780e+00,1.954198956489562988e+00
2.753000000000000114e+00,1.914147853851318359e+00
2.754000000000000004e+00,1.938006281852722168e+00
2.754999999999999893e+00,1.926313042640686035e+00
2.755999999999999783e+00,1.917109727859497070e+00
2.757000000000000117e+00,1.837146878242492676e+00
2.758000000000000007e+00,1.918042778968811035e+00
2.758999999999999897e+00,1.907701492309570312e+00
2.759999999999999787e+00,1.850840449333190918e+00
2.761000000000000121e+00,1.933556795120239258e+00
2.762000000000000011e+00,1.958027124404907227e+00
2.762999999999999901e+00,1.927453756332397461e+00
2.763999999999999790e+00,1.943668603897094727e+00
2.765000000000000124e+00,1.992098808288574219e+00
2.766000000000000014e+00,1.950454950332641602e+00
2.766999999999999904e+00,1.970634698867797852e+00
2.767999999999999794e+00,2.035214424133300781e+00
2.769000000000000128e+00,2.118259906768798828e+00
2.770000000000000018e+00,2.047596216201782227e+00
2.770999999999999908e+00,2.085918903350830078e+00
2.771999999999999797e+00,2.029807329177856445e+00
2.773000000000000131e+00,2.010412216186523438e+00
2.774000000000000021e+00,1.949183464050292969e+00
2.774999999999999911e+00,1.938428163528442383e+00
2.775999999999999801e+00,1.919441342353820801e+00
2.777000000000000135e+00,1.934561133384704590e+00
2.778000000000000025e+00,1.901595830917358398e+00
2.778999999999999915e+00,1.960662007331848145e+00
2.779999999999999805e+00,1.974948763847351074e+00
2.781000000000000139e+00,1.913346648216247559e+00
2.782000000000000028e+00,1.959892749786376953e+00
2.782999999999999918e+00,1.918895363807678223e+00
2.783999999999999808e+00,1.912865757942199707e+00
2.785000000000000142e+00,1.963853120803833008e+00
2.786000000000000032e+00,1.977393150329589844e+00
2.786999999999999922e+00,1.954905033111572266e+00
2.787999999999999812e+00,1.935525417327880859e+00
2.789000000000000146e+00,1.939074039459228516e+00
2.790000000000000036e+00,1.948658823966979980e+00
2.790999999999999925e+00,2.028673648834228516e+00
2.791999999999999815e+00,1.946244120597839355e+00
2.793000000000000149e+00,1.941853165626525879e+00
2.794000000000000039e+00,1.973006725311279297e+00
2.794999999999999929e+00,2.021859169006347656e+00
2.795999999999999819e+00,1.945758342742919922e+00
2.797000000000000153e+00,1.994137644767761230e+00
2.798000000000000043e+00,1.997159957885742188e+00
2.798999999999999932e+00,1.981950402259826660e+00
2.799999999999999822e+00,1.997134566307067871e+00
2.801000000000000156e+00,1.925251364707946777e+00
2.802000000000000046e+00,1.956982612609863281e+00
2.802999999999999936e+00,1.962095499038696289e+00
2.803999999999999826e+00,1.951908946037292480e+00
2.805000000000000160e+00,1.980557322502136230e+00
2.806000000000000050e+00,1.921903014183044434e+00
2.806999999999999940e+00,1.882305383682250977e+00
2.807999999999999829e+00,1.916696429252624512e+00
2.809000000000000163e+00,1.896697402000427246e+00
2.810000000000000053e+00,1.903234839439392090e+00
2.810999999999999943e+00,1.962850809097290039e+00
2.811999999999999833e+00,1.922355294227600098e+00
2.813000000000000167e+00,1.929547667503356934e+00
2.814000000000000057e+00,1.976475238800048828e+00
2.814999999999999947e+00,1.945232748985290527e+00
2.815999999999999837e+00,1.952537298202514648e+00
2.817000000000000171e+00,1.988747358322143555e+00
2.818000000000000060e+00,1.903785467147827148e+00
2.818999999999999950e+00,1.917603015899658203e+00
2.819999999999999840e+00,2.001851081848144531e+00
2.821000000000000174e+00,1.994086384773254395e+00
2.822000000000000064e+00,1.927705526351928711e+00
2.822999999999999954e+00,1.939825296401977539e+00
2.823999999999999844e+00,1.954342842102050781e+00
2.825000000000000178e+00,2.031443357467651367e+00
2.826000000000000068e+00,1.992534995079040527e+00
2.826999999999999957e+00,1.965375065803527832e+00
2.827999999999999847e+00,2.026240825653076172e+00
2.829000000000000181e+00,1.942945241928100586e+00
2.830000000000000071e+00,1.975595712661743164e+00
2.830999999999999961e+00,1.982788443565368652e+00
2.831999999999999851e+00,2.006569385528564453e+00
2.833000000000000185e+00,1.973330497741699219e+00
2.834000000000000075e+00,1.978426933288574219e+00
2.834999999999999964e+00,1.909616231918334961e+00
2.835999999999999854e+00,1.936845302581787109e+00
2.837000000000000188e+00,1.994829654693603516e+00
2.838000000000000078e+00,2.008288145065307617e+00
2.838999999999999968e+00,1.986793160438537598e+00
2.839999999999999858e+00,1.938177585601806641e+00
2.841000000000000192e+00,1.981021761894226074e+00
2.842000000000000082e+00,1.943379402160644531e+00
2.842999999999999972e+00,1.937386393547058105e+00
2.843999999999999861e+00,1.965180039405822754e+00
2.845000000000000195e+00,1.931295275688171387e+00
2.846000000000000085e+00,1.952916860580444336e+00
2.846999999999999975e+00,1.933239579200744629e+00
2.847999999999999865e+00,2.010640859603881836e+00
2.849000000000000199e+00,1.927321076393127441e+00
2.850000000000000089e+00,1.931242346763610840e+00
2.850999999999999979e+00,1.984128475189208984e+00
2.851999999999999869e+00,1.986754536628723145e+00
2.853000000000000203e+00,2.030927658081054688e+00
2.854000000000000092e+00,1.979266405105590820e+00
2.854999999999999982e+00,1.997889280319213867e+00
2.855999999999999872e+00,2.088575839996337891e+00
2.857000000000000206e+00,2.053267717361450195e+00
2.858000000000000096e+00,2.056153297424316406e+00
2.858999999999999986e+00,2.023539781570434570e+00
2.859999999999999876e+00,2.086078166961669922e+00
2.861000000000000210e+00,2.012876987457275391e+00
2.862000000000000099e+00,2.057793378829956055e+00
2.862999999999999989e+00,1.982027769088745117e+00
2.863999999999999879e+00,2.055482149124145508e+00
2.865000000000000213e+00,2.055581569671630859e+00
2.866000000000000103e+00,2.066085815429687500e+00
2.866999999999999993e+00,1.982749700546264648e+00
2.867999999999999883e+00,2.041633605957031250e+00
2.869000000000000217e+00,2.045460700988769531e+00
2.870000000000000107e+00,1.999628424644470215e+00
2.870999999999999996e+00,2.019025802612304688e+00
2.871999999999999886e+00,2.047845840454101562e+00
2.873000000000000220e+00,2.088074207305908203e+00
2.874000000000000110e+00,2.030600309371948242e+00
2.875000000000000000e+00,2.059903621673583984e+00
2.875999999999999890e+00,2.100765228271484375e+00
2.876999999999999780e+00,2.079673051834106445e+00
2.878000000000000114e+00,2.019886255264282227e+00
2.879000000000000004e+00,1.981873035430908203e+00
2.879999999999999893e+00,1.997198462486267090e+00
2.880999999999999783e+00,1.969441294670104980e+00
2.882000000000000117e+00,2.035729169845581055e+00
2.883000000000000007e+00,2.099864721298217773e+00
2.883999999999999897e+00,2.044873476028442383e+00
2.884999999999999787e+00,2.123790740966796875e+00
2.886000000000000121e+00,2.056476593017578125e+00
2.887000000000000011e+00,2.069867610931396484e+00
2.887999999999999901e+00,2.065195083618164062e+00
2.888999999999999790e+00,2.112339496612548828e+00
2.890000000000000124e+00,2.071410417556762695e+00
2.891000000000000014e+00,2.055879831314086914e+00
2.891999999999999904e+00,2.058675050735473633e+00
2.892999999999999794e+00,1.985300302505493164e+00
2.894000000000000128e+00,2.103318452835083008e+00
2.895000000000000018e+00,2.066098213195800781e+00
2.895999999999999908e+00,2.058600664138793945e+00
2.896999999999999797e+00,2.047920703887939453e+00
2.898000000000000131e+00,2.084926128387451172e+00
2.899000000000000021e+00,2.059692859649658203e+00
2.899999999999999911e+00,2.005753993988037109e+00
2.900999999999999801e+00,1.993906974792480469e+00
2.902000000000000135e+00,2.038225889205932617e+00
2.903000000000000025e+00,2.025345087051391602e+00
2.903999999999999915e+00,2.002246856689453125e+00
2.904999999999999805e+00,1.968480587005615234e+00
2.906000000000000139e+00,2.000599384307861328e+00
2.907000000000000028e+00,1.992073178291320801e+00
2.907999999999999918e+00,1.977341413497924805e+00
2.908999999999999808e+00,1.950310707092285156e+00
2.910000000000000142e+00,1.946257352828979492e+00
2.911000000000000032e+00,1.960310220718383789e+00
2.911999999999999922e+00,2.013714790344238281e+00
2.912999999999999812e+00,2.015363931655883789e+00
2.914000000000000146e+00,2.047034502029418945e+00
2.915000000000000036e+00,2.055581569671630859e+00
2.915999999999999925e+00,1.991816639900207520e+00
2.916999999999999815e+00,2.038401365280151367e+00
2.918000000000000149e+00,2.036155939102172852e+00
2.919000000000000039e+00,2.016517877578735352e+00
2.919999999999999929e+00,2.028005838394165039e+00
2.920999999999999819e+00,1.997735738754272461e+00
2.922000000000000153e+00,2.000331401824951172e+00
2.923000000000000043e+00,1.991367340087890625e+00
2.923999999999999932e+00,1.959501504898071289e+00
2.924999999999999822e+00,1.994586110115051270e+00
2.926000000000000156e+00,2.006683826446533203e+00
2.927000000000000046e+00,1.962303876876831055e+00
2.927999999999999936e+00,1.965466260910034180e+00
2.928999999999999826e+00,1.993522405624389648e+00
2.930000000000000160e+00,1.958431720733642578e+00
2.931000000000000050e+00,2.021163940429687500e+00
2.931999999999999940e+00,1.994586110115051270e+00
2.932999999999999829e+00,2.013270616531372070e+00
2.934000000000000163e+00,1.917456388473510742e+00
2.935000000000000053e+00,1.972540378570556641e+00
2.935999999999999943e+00,1.895106792449951172e+00
2.936999999999999833e+00,2.004594087600708008e+00
2.938000000000000167e+00,1.913760781288146973e+00
2.939000000000000057e+00,1.922913551330566406e+00
2.939999999999999947e+00,2.007791757583618164e+00
2.940999999999999837e+00,1.949471950531005859e+00
2.942000000000000171e+00,1.985300302505493164e+00
2.943000000000000060e+00,1.933702230453491211e+00
2.943999999999999950e+00,1.889988422393798828e+00
2.944999999999999840e+00,1.959944963455200195e+00
2.946000000000000174e+00,1.952026844024658203e+00
2.947000000000000064e+00,1.957374334335327148e+00
2.947999999999999954e+00,1.977341413497924805e+00
2.948999999999999844e+00,1.958836317062377930e+00
2.950000000000000178e+00,2.040957689285278320e+00
2.951000000000000068e+00,2.056314945220947266e+00
2.951999999999999957e+00,2.001621246337890625e+00
2.952999999999999847e+00,1.981653928756713867e+00
2.954000000000000181e+00,1.962538242340087891e+00
2.955000000000000071e+00,1.961417913436889648e+00
2.955999999999999961e+00,1.926963090896606445e+00
2.956999999999999851e+00,2.047396659851074219e+00
2.958000000000000185e+00,2.039905548095703125e+00
2.959000000000000075e+00,2.015744447708129883e+00
2.959999999999999964e+00,1.891110539436340332e+00
2.960999999999999854e+00,1.951529026031494141e+00
2.962000000000000188e+00,1.956002950668334961e+00
2.963000000000000078e+00,1.935710191726684570e+00
2.963999999999999968e+00,1.912103891372680664e+00
2.964999999999999858e+00,1.927082419395446777e+00
2.966000000000000192e+00,1.895619153976440430e+00
2.967000000000000082e+00,1.933266043663024902e+00
2.967999999999999972e+00,1.912264347076416016e+00
2.968999999999999861e+00,1.844435930252075195e+00
2.970000000000000195e+00,1.847758531570434570e+00
2.971000000000000085e+00,1.902281165122985840e+00
2.971999999999999975e+00,1.897384524345397949e+00
2.972999999999999865e+00,1.821933984756469727e+00
2.974000000000000199e+00,1.857677102088928223e+00
2.975000000000000089e+00,1.878227710723876953e+00
2.975999999999999979e+00,1.905985832214355469e+00
2.976999999999999869e+00,1.891083598136901855e+00
2.978000000000000203e+00,1.924706935882568359e+00
2.979000000000000092e+00,1.889231085777282715e+00
2.979999999999999982e+00,1.907687902450561523e+00
2.980999999999999872e+00,1.892542600631713867e+00
2.982000000000000206e+00,1.862774133682250977e+00
2.983000000000000096e+00,1.823378205299377441e+00
2.983999999999999986e+00,1.820137500762939453e+00
2.984999999999999876e+00,1.784945845603942871e+00
2.986000000000000210e+00,1.824443221092224121e+00
2.987000000000000099e+00,1.824443221092224121e+00
2.987999999999999989e+00,1.835393190383911133e+00
2.988999999999999879e+00,1.809519052505493164e+00
2.990000000000000213e+00,1.848712682723999023e+00
2.991000000000000103e+00,1.847177624702453613e+00
2.991999999999999993e+00,1.858571052551269531e+00
2.992999999999999883e+00,1.815582394599914551e+00
2.994000000000000217e+00,1.866050481796264648e+00
2.995000000000000107e+00,1.826683282852172852e+00
2.995999999999999996e+00,1.810930967330932617e+00
2.996999999999999886e+00,1.832536220550537109e+00
2.998000000000000220e+00,1.824793577194213867e+00
2.999000000000000110e+00,1.827326774597167969e+00
3.000000000000000000e+00,1.771002531051635742e+00
3.000999999999999890e+00,1.829968214035034180e+00
3.001999999999999780e+00,1.898380994796752930e+00
3.003000000000000114e+00,1.853062391281127930e+00
3.004000000000000004e+00,1.886699676513671875e+00
3.004999999999999893e+00,1.834362268447875977e+00
3.005999999999999783e+00,1.912919163703918457e+00
3.007000000000000117e+00,1.937610507011413574e+00
3.008000000000000007e+00,1.982027769088745117e+00
3.008999999999999897e+00,1.984630823135375977e+00
3.009999999999999787e+00,1.971801638603210449e+00
3.011000000000000121e+00,1.978711009025573730e+00
3.012000000000000011e+00,1.919068574905395508e+00
3.012999999999999901e+00,1.901501893997192383e+00
3.013999999999999790e+00,2.002655029296875000e+00
3.015000000000000124e+00,1.928249120712280273e+00
3.016000000000000014e+00,1.937412619590759277e+00
3.016999999999999904e+00,1.911823272705078125e+00
3.017999999999999794e+00,1.945022463798522949e+00
3.019000000000000128e+00,1.933490753173828125e+00
3.020000000000000018e+00,1.951489686965942383e+00
3.020999999999999908e+00,1.894459247589111328e+00
3.021999999999999797e+00,1.887038230895996094e+00
3.023000000000000131e+00,1.943787097930908203e+00
3.024000000000000021e+00,1.923338770866394043e+00
3.024999999999999911e+00,1.982582211494445801e+00
3.025999999999999801e+00,1.944799184799194336e+00
3.027000000000000135e+00,1.960831403732299805e+00
3.028000000000000025e+00,1.948239207267761230e+00
3.028999999999999915e+00,1.969064712524414062e+00
3.029999999999999805e+00,1.944904327392578125e+00
3.031000000000000139e+00,1.896050572395324707e+00
3.032000000000000028e+00,1.943668603897094727e+00
3.032999999999999918e+00,1.887755870819091797e+00
3.033999999999999808e+00,1.914428353309631348e+00
3.035000000000000142e+00,1.928275704383850098e+00
3.036000000000000032e+00,1.925277829170227051e+00
3.036999999999999922e+00,1.929693341255187988e+00
3.037999999999999812e+00,1.988400340080261230e+00
3.039000000000000146e+00,1.978439807891845703e+00
3.040000000000000036e+00,1.986522912979125977e+00
3.040999999999999925e+00,1.921783566474914551e+00
3.041999999999999815e+00,1.903436303138732910e+00
3.043000000000000149e+00,1.936845302581787109e+00
3.044000000000000039e+00,1.937768936157226562e+00
3.044999999999999929e+00,1.943681836128234863e+00
3.045999999999999819e+00,1.980531334877014160e+00
3.047000000000000153e+00,1.965765357017517090e+00
3.048000000000000043e+00,1.966467142105102539e+00
3.048999999999999932e+00,1.984708070755004883e+00
3.049999999999999822e+00,1.912625312805175781e+00
3.051000000000000156e+00,1.993983864784240723e+00
3.052000000000000046e+00,1.925503611564636230e+00
3.052999999999999936e+00,2.025748729705810547e+00
3.053999999999999826e+00,2.000050067901611328e+00
3.055000000000000160e+00,1.939337730407714844e+00
3.056000000000000050e+00,1.947215676307678223e+00
3.056999999999999940e+00,1.934719681739807129e+00
3.057999999999999829e+00,1.961548328399658203e+00
3.059000000000000163e+00,1.961756706237792969e+00
3.060000000000000053e+00,1.906173467636108398e+00
3.060999999999999943e+00,1.879030466079711914e+00
3.061999999999999833e+00,1.922129154205322266e+00
3.063000000000000167e+00,1.911595940589904785e+00
3.064000000000000057e+00,1.933860898017883301e+00
3.064999999999999947e+00,1.945981502532958984e+00
3.065999999999999837e+00,1.912625312805175781e+00
3.067000000000000171e+00,1.944680809974670410e+00
3.068000000000000060e+00,1.915269136428833008e+00
3.068999999999999950e+00,1.892285943031311035e+00
3.069999999999999840e+00,1.978633522987365723e+00
3.071000000000000174e+00,1.952772855758666992e+00
3.072000000000000064e+00,1.984450578689575195e+00
3.072999999999999954e+00,1.958653688430786133e+00
3.073999999999999844e+00,2.048232793807983398e+00
3.075000000000000178e+00,2.018114089965820312e+00
3.076000000000000068e+00,1.994329810142517090e+00
3.076999999999999957e+00,1.999129772186279297e+00
3.077999999999999847e+00,1.986420035362243652e+00
3.079000000000000181e+00,2.014031887054443359e+00
3.080000000000000071e+00,2.022503852844238281e+00
3.080999999999999961e+00,1.973887443542480469e+00
3.081999999999999851e+00,1.946546077728271484e+00
3.083000000000000185e+00,1.962251663208007812e+00
3.084000000000000075e+00,1.993817210197448730e+00
3.084999999999999964e+00,1.998989105224609375e+00
3.085999999999999854e+00,1.974651217460632324e+00
3.087000000000000188e+00,1.917656421661376953e+00
3.088000000000000078e+00,1.924427986145019531e+00
3.088999999999999968e+00,1.951424360275268555e+00
3.089999999999999858e+00,1.985326051712036133e+00
3.091000000000000192e+00,1.958314299583435059e+00
3.092000000000000082e+00,1.911234974861145020e+00
3.092999999999999972e+00,1.930117130279541016e+00
3.093999999999999861e+00,1.930408477783203125e+00
3.095000000000000195e+00,1.989338517189025879e+00
3.096000000000000085e+00,1.922448277473449707e+00
3.096999999999999975e+00,1.970375299453735352e+00
3.097999999999999865e+00,1.927082419395446777e+00
3.099000000000000199e+00,1.960492610931396484e+00
3.100000000000000089e+00,2.014869451522827148e+00
3.100999999999999979e+00,1.909495711326599121e+00
3.101999999999999869e+00,1.950533509254455566e+00
3.103000000000000203e+00,1.921490907669067383e+00
3.104000000000000092e+00,1.926034450531005859e+00
3.104999999999999982e+00,1.979744195938110352e+00
3.105999999999999872e+00,1.950232267379760742e+00
3.107000000000000206e+00,1.904885888099670410e+00
3.108000000000000096e+00,1.979369640350341797e+00
3.108999999999999986e+00,1.905596852302551270e+00
3.109999999999999876e+00,2.008415222167968750e+00
3.111000000000000210e+00,1.948304772377014160e+00
3.112000000000000099e+00,1.924321770668029785e+00
3.112999999999999989e+00,2.007562637329101562e+00
3.113999999999999879e+00,1.991123557090759277e+00
3.115000000000000213e+00,1.927387475967407227e+00
3.116000000000000103e+00,1.888067245483398438e+00
3.116999999999999993e+00,1.939482688903808594e+00
3.117999999999999883e+00,1.968078136444091797e+00
3.119000000000000217e+00,2.044410943984985352e+00
3.120000000000000107e+00,1.991649746894836426e+00
3.120999999999999996e+00,1.998221874237060547e+00
3.121999999999999886e+00,1.961991190910339355e+00
3.123000000000000220e+00,1.973939061164855957e+00
3.124000000000000110e+00,1.914081096649169922e+00
3.125000000000000000e+00,1.979718208312988281e+00
3.125999999999999890e+00,1.946165442466735840e+00
3.126999999999999780e+00,1.960153579711914062e+00
3.128000000000000114e+00,1.974055647850036621e+00
3.129000000000000004e+00,1.968065261840820312e+00
3.129999999999999893e+00,1.933622956275939941e+00
3.130999999999999783e+00,1.898609876632690430e+00
3.132000000000000117e+00,1.922461509704589844e+00
3.133000000000000007e+00,1.892177939414978027e+00
3.133999999999999897e+00,1.908759474754333496e+00
3.134999999999999787e+00,1.928249120712280273e+00
3.136000000000000121e+00,1.909442186355590820e+00
3.137000000000000011e+00,1.945876359939575195e+00
3.137999999999999901e+00,1.945232748985290527e+00
3.138999999999999790e+00,2.004351854324340820e+00
3.140000000000000124e+00,1.898569464683532715e+00
3.141000000000000014e+00,1.920799016952514648e+00
3.141999999999999904e+00,1.969389319419860840e+00
3.142999999999999794e+00,1.878309369087219238e+00
3.144000000000000128e+00,1.914788722991943359e+00
3.145000000000000018e+00,1.936475753784179688e+00
3.145999999999999908e+00,1.917496323585510254e+00
3.146999999999999797e+00,1.925981283187866211e+00
3.148000000000000131e+00,1.945259094238281250e+00
3.149000000000000021e+00,1.858048439025878906e+00
3.149999999999999911e+00,1.936462640762329102e+00
3.150999999999999801e+00,1.950206041336059570e+00
3.152000000000000135e+00,1.878458976745605469e+00
3.153000000000000025e+00,1.923896789550781250e+00
3.153999999999999915e+00,1.922168970108032227e+00
3.154999999999999805e+00,1.884449720382690430e+00
3.156000000000000139e+00,1.958979845046997070e+00
3.157000000000000028e+00,1.909040689468383789e+00
3.157999999999999918e+00,1.935934543609619141e+00
3.158999999999999808e+00,1.857566952705383301e+00
3.160000000000000142e+00,1.968454718589782715e+00
3.161000000000000032e+00,1.937135577201843262e+00
3.161999999999999922e+00,1.884992003440856934e+00
3.162999999999999812e+00,1.871848702430725098e+00
3.164000000000000146e+00,1.863103389739990234e+00
3.165000000000000036e+00,1.809787511825561523e+00
3.165999999999999925e+00,1.856658577919006348e+00
3.166999999999999815e+00,1.965375065803527832e+00
3.168000000000000149e+00,1.970505118370056152e+00
3.169000000000000039e+00,1.832466363906860352e+00
3.169999999999999929e+00,1.943445086479187012e+00
3.170999999999999819e+00,1.987770557403564453e+00
3.172000000000000153e+00,1.942563772201538086e+00
3.173000000000000043e+00,2.036833524703979492e+00
3.173999999999999932e+00,2.005397319793701172e+00
3.174999999999999822e+00,1.935696840286254883e+00
3.176000000000000156e+00,2.027716159820556641e+00
3.177000000000000046e+00,2.011060476303100586e+00
3.177999999999999936e+00,1.994099140167236328e+00
3.178999999999999826e+00,1.917149901390075684e+00
3.180000000000000160e+00,1.939838409423828125e+00
3.181000000000000050e+00,1.969220638275146484e+00
3.181999999999999940e+00,2.017835617065429688e+00
3.182999999999999829e+00,2.021277666091918945e+00
3.184000000000000163e+00,2.016112327575683594e+00
3.185000000000000053e+00,2.033053159713745117e+00
3.185999999999999943e+00,2.006199836730957031e+00
3.186999999999999833e+00,1.935789465904235840e+00
3.188000000000000167e+00,1.952210068702697754e+00
3.189000000000000057e+00,1.926618218421936035e+00
3.189999999999999947e+00,1.948147416114807129e+00
3.190999999999999837e+00,1.943655490875244141e+00
3.192000000000000171e+00,1.915722846984863281e+00
3.193000000000000060e+00,1.953126192092895508e+00
3.193999999999999950e+00,1.980105519294738770e+00
3.194999999999999840e+00,1.905476093292236328e+00
3.196000000000000174e+00,1.971166372299194336e+00
3.197000000000000064e+00,1.926923274993896484e+00
3.197999999999999954e+00,1.907915830612182617e+00
3.198999999999999844e+00,1.908237218856811523e+00
3.200000000000000178e+00,1.905596852302551270e+00
3.201000000000000068e+00,1.908719420433044434e+00
3.201999999999999957e+00,1.908183574676513672e+00
3.202999999999999847e+00,1.907259225845336914e+00
3.204000000000000181e+00,1.955009579658508301e+00
3.205000000000000071e+00,1.927453756332397461e+00
3.205999999999999961e+00,1.896589517593383789e+00
3.206999999999999851e+00,1.914308071136474609e+00
3.208000000000000185e+00,1.927904486656188965e+00
3.209000000000000075e+00,1.924946069717407227e+00
3.209999999999999964e+00,1.850509047508239746e+00
3.210999999999999854e+00,1.913573741912841797e+00
3.212000000000000188e+00,1.842300772666931152e+00
3.213000000000000078e+00,1.902845501899719238e+00
3.213999999999999968e+00,1.837591886520385742e+00
3.214999999999999858e+00,1.929309248924255371e+00
3.216000000000000192e+00,2.027640581130981445e+00
3.217000000000000082e+00,2.056563377380371094e+00
3.217999999999999972e+00,1.915869593620300293e+00
3.218999999999999861e+00,2.015186548233032227e+00
3.220000000000000195e+00,2.023059844970703125e+00
3.221000000000000085e+00,2.027967929840087891e+00
3.221999999999999975e+00,1.950966000556945801e+00
3.222999999999999865e+00,1.980918526649475098e+00
3.224000000000000199e+00,1.993765950202941895e+00
3.225000000000000089e+00,2.022162437438964844e+00
3.225999999999999979e+00,2.019747018814086914e+00
3.226999999999999869e+00,2.040005683898925781e+00
3.228000000000000203e+00,2.040068387985229492e+00
3.229000000000000092e+00,2.093562841415405273e+00
3.229999999999999982e+00,2.028749227523803711e+00
3.230999999999999872e+00,2.126664876937866211e+00
3.232000000000000206e+00,2.011924505233764648e+00
3.233000000000000096e+00,2.045248270034790039e+00
3.233999999999999986e+00,2.032248497009277344e+00
3.234999999999999876e+00,2.007282257080078125e+00
3.236000000000000210e+00,2.024777173995971680e+00
3.237000000000000099e+00,2.013473749160766602e+00
3.237999999999999989e+00,1.974327564239501953e+00
3.238999999999999879e+00,1.975155830383300781e+00
3.240000000000000213e+00,2.024196386337280273e+00
3.241000000000000103e+00,2.034749507904052734e+00
3.241999999999999993e+00,2.033430337905883789e+00
3.242999999999999883e+00,1.986278414726257324e+00
3.244000000000000217e+00,1.975453495979309082e+00
3.245000000000000107e+00,2.014932870864868164e+00
3.245999999999999996e+00,1.939416646957397461e+00
3.246999999999999886e+00,2.005766630172729492e+00
3.248000000000000220e+00,2.051848173141479492e+00
3.249000000000000110e+00,2.041596174240112305e+00
3.250000000000000000e+00,1.997620820999145508e+00
3.250999999999999890e+00,1.963683962821960449e+00
3.251999999999999780e+00,1.964529752731323242e+00
3.253000000000000114e+00,1.954970479011535645e+00
3.254000000000000004e+00,1.934851884841918945e+00
3.254999999999999893e+00,1.951476812362670898e+00
3.255999999999999783e+00,1.939113616943359375e+00
3.257000000000000117e+00,1.976863145828247070e+00
3.258000000000000007e+00,1.883554339408874512e+00
3.258999999999999897e+00,1.951555252075195312e+00
3.259999999999999787e+00,2.008046150207519531e+00
3.261000000000000121e+00,2.004262447357177734e+00
3.262000000000000011e+00,2.016555786132812500e+00
3.262999999999999901e+00,2.020885705947875977e+00
3.263999999999999790e+00,2.091755151748657227e+00
3.265000000000000124e+00,2.036168336868286133e+00
3.266000000000000014e+00,2.086910963058471680e+00
3.266999999999999904e+00,1.992098808288574219e+00
3.267999999999999794e+00,1.950297594070434570e+00
3.269000000000000128e+00,2.039529561996459961e+00
3.270000000000000018e+00,1.963644981384277344e+00
3.270999999999999908e+00,1.943287253379821777e+00
3.271999999999999797e+00,1.962147474288940430e+00
3.273000000000000131e+00,2.027791500091552734e+00
3.274000000000000021e+00,2.064972162246704102e+00
3.274999999999999911e+00,1.989800930023193359e+00
3.275999999999999801e+00,1.970375299453735352e+00
3.277000000000000135e+00,1.938256740570068359e+00
3.278000000000000025e+00,1.997774243354797363e+00
3.278999999999999915e+00,1.983922481536865234e+00
3.279999999999999805e+00,1.964230418205261230e+00
3.281000000000000139e+00,1.940431356430053711e+00
3.282000000000000028e+00,1.988477587699890137e+00
3.282999999999999918e+00,1.924627304077148438e+00
3.283999999999999808e+00,2.037661552429199219e+00
3.285000000000000142e+00,1.953898072242736816e+00
3.286000000000000032e+00,1.992893934249877930e+00
3.286999999999999922e+00,2.010475873947143555e+00
3.287999999999999812e+00,2.061392307281494141e+00
3.289000000000000146e+00,1.999807238578796387e+00
3.290000000000000036e+00,1.903731703758239746e+00
3.290999999999999925e+00,1.983419895172119141e+00
3.291999999999999815e+00,1.967376708984375000e+00
3.293000000000000149e+00,2.005180358886718750e+00
3.294000000000000039e+00,2.048694372177124023e+00
3.294999999999999929e+00,1.993176221847534180e+00
3.295999999999999819e+00,2.053765535354614258e+00
3.297000000000000153e+00,2.104022979736328125e+00
3.298000000000000043e+00,2.106208324432373047e+00
3.298999999999999932e+00,2.051362276077270508e+00
3.299999999999999822e+00,2.078726530075073242e+00
3.301000000000000156e+00,2.149626970291137695e+00
3.302000000000000046e+00,2.179499626159667969e+00
3.302999999999999936e+00,2.149401187896728516e+00
3.303999999999999826e+00,2.128730773925781250e+00
3.305000000000000160e+00,2.111710309982299805e+00
3.306000000000000050e+00,2.093892335891723633e+00
3.306999999999999940e+00,2.104897499084472656e+00
3.307999999999999829e+00,2.125522851943969727e+00
3.309000000000000163e+00,2.201260805130004883e+00
3.310000000000000053e+00,2.185822725296020508e+00
3.310999999999999943e+00,2.132641315460205078e+00
3.311999999999999833e+00,2.219472169876098633e+00
3.313000000000000167e+00,2.247655153274536133e+00
3.314000000000000057e+00,2.284076690673828125e+00
3.314999999999999947e+00,2.173616647720336914e+00
3.315999999999999837e+00,2.228596448898315430e+00
3.317000000000000171e+00,2.263879537582397461e+00
3.318000000000000060e+00,2.249553442001342773e+00
3.318999999999999950e+00,2.283617973327636719e+00
3.319999999999999840e+00,2.204718112945556641e+00
3.321000000000000174e+00,2.265944719314575195e+00
3.322000000000000064e+00,2.273129463195800781e+00
3.322999999999999954e+00,2.197460889816284180e+00
3.323999999999999844e+00,2.274084806442260742e+00
3.325000000000000178e+00,2.197519063949584961e+00
3.326000000000000068e+00,2.214307308197021484e+00
3.326999999999999957e+00,2.074628114700317383e+00
3.327999999999999847e+00,2.105128288269042969e+00
3.329000000000000181e+00,2.168684482574462891e+00
3.330000000000000071e+00,2.179569959640502930e+00
3.330999999999999961e+00,2.213198900222778320e+00
3.331999999999999851e+00,2.205830574035644531e+00
3.333000000000000185e+00,2.144711256027221680e+00
3.334000000000000075e+00,2.201794862747192383e+00
3.334999999999999964e+00,2.072015047073364258e+00
3.335999999999999854e+00,2.068867206573486328e+00
3.337000000000000188e+00,2.172969818115234375e+00
3.338000000000000078e+00,2.227690219879150391e+00
3.338999999999999968e+00,2.211327314376831055e+00
3.339999999999999858e+00,2.223832130432128906e+00
3.341000000000000192e+00,2.189432859420776367e+00
3.342000000000000082e+00,2.121719837188720703e+00
3.342999999999999972e+00,2.055593967437744141e+00
3.343999999999999861e+00,2.137310028076171875e+00
3.345000000000000195e+00,2.101081371307373047e+00
3.346000000000000085e+00,2.066741228103637695e+00
3.346999999999999975e+00,2.144818305969238281e+00
3.347999999999999865e+00,2.057222127914428711e+00
3.349000000000000199e+00,2.116763114929199219e+00
3.350000000000000089e+00,2.178643465042114258e+00
3.350999999999999979e+00,2.127349853515625000e+00
3.351999999999999869e+00,2.188241720199584961e+00
3.353000000000000203e+00,2.167187213897705078e+00
3.354000000000000092e+00,2.151374101638793945e+00
3.354999999999999982e+00,2.035151481628417969e+00
3.355999999999999872e+00,2.023981809616088867e+00
3.357000000000000206e+00,1.980208754539489746e+00
3.358000000000000096e+00,1.940523386001586914e+00
3.358999999999999986e+00,1.978323459625244141e+00
3.359999999999999876e+00,2.011060476303100586e+00
3.361000000000000210e+00,2.057333946228027344e+00
3.362000000000000099e+00,2.115736484527587891e+00
3.362999999999999989e+00,2.117777109146118164e+00
3.363999999999999879e+00,2.026947021484375000e+00
3.365000000000000213e+00,2.039704799652099609e+00
3.366000000000000103e+00,2.066159963607788086e+00
3.366999999999999993e+00,2.040343761444091797e+00
3.367999999999999883e+00,1.967584609985351562e+00
3.369000000000000217e+00,2.084264039993286133e+00
3.370000000000000107e+00,2.056563377380371094e+00
3.370999999999999996e+00,2.115192890167236328e+00
3.371999999999999886e+00,2.033103466033935547e+00
3.373000000000000220e+00,2.011606931686401367e+00
3.374000000000000110e+00,2.105079650878906250e+00
3.375000000000000000e+00,2.048669338226318359e+00
3.375999999999999890e+00,2.059345483779907227e+00
3.376999999999999780e+00,2.071484565734863281e+00
3.378000000000000114e+00,2.099560260772705078e+00
3.379000000000000004e+00,2.124055385589599609e+00
3.379999999999999893e+00,2.026190280914306641e+00
3.380999999999999783e+00,2.075675010681152344e+00
3.382000000000000117e+00,2.082374811172485352e+00
3.383000000000000007e+00,2.230212926864624023e+00
3.383999999999999897e+00,2.147819042205810547e+00
3.384999999999999787e+00,2.215184211730957031e+00
3.386000000000000121e+00,2.107833862304687500e+00
3.387000000000000011e+00,2.164957284927368164e+00
3.387999999999999901e+00,2.090801954269409180e+00
3.388999999999999790e+00,2.036933898925781250e+00
3.390000000000000124e+00,2.142636537551879883e+00
3.391000000000000014e+00,2.103634357452392578e+00
3.391999999999999904e+00,2.168024539947509766e+00
3.392999999999999794e+00,2.110802412033081055e+00
3.394000000000000128e+00,2.235135078430175781e+00
3.395000000000000018e+00,2.170969486236572266e+00
3.395999999999999908e+00,2.245869159698486328e+00
3.396999999999999797e+00,2.351907491683959961e+00
3.398000000000000131e+00,2.162334918975830078e+00
3.399000000000000021e+00,2.144115209579467773e+00
3.399999999999999911e+00,2.169297218322753906e+00
3.400999999999999801e+00,2.219529628753662109e+00
3.402000000000000135e+00,2.329139947891235352e+00
3.403000000000000025e+00,2.307809352874755859e+00
3.403999999999999915e+00,2.191159725189208984e+00
3.404999999999999805e+00,2.174016475677490234e+00
3.406000000000000139e+00,2.297509193420410156e+00
3.407000000000000028e+00,2.279271364212036133e+00
3.407999999999999918e+00,2.243307113647460938e+00
3.408999999999999808e+00,2.291304826736450195e+00
3.410000000000000142e+00,2.255963325500488281e+00
3.411000000000000032e+00,2.233934164047241211e+00
3.411999999999999922e+00,2.268053054809570312e+00
3.412999999999999812e+00,2.232549428939819336e+00
3.414000000000000146e+00,2.237523555755615234e+00
3.415000000000000036e+00,2.210067272186279297e+00
3.415999999999999925e+00,2.265121221542358398e+00
3.416999999999999815e+00,2.267038583755493164e+00
3.418000000000000149e+00,2.268154382705688477e+00
3.419000000000000039e+00,2.261722326278686523e+00
3.419999999999999929e+00,2.242190599441528320e+00
3.420999999999999819e+00,2.333973884582519531e+00
3.422000000000000153e+00,2.256756305694580078e+00
3.423000000000000043e+00,2.149103879928588867e+00
3.423999999999999932e+00,2.114383220672607422e+00
3.424999999999999822e+00,2.125919580459594727e+00
3.426000000000000156e+00,2.141157150268554688e+00
3.427000000000000046e+00,2.138338088989257812e+00
3.427999999999999936e+00,2.089982509613037109e+00
3.428999999999999826e+00,2.108318567276000977e+00
3.430000000000000160e+00,2.190681457519531250e+00
3.431000000000000050e+00,2.174392700195312500e+00
3.431999999999999940e+00,2.108439922332763672e+00
3.432999999999999829e+00,2.044685840606689453e+00
3.434000000000000163e+00,2.176742315292358398e+00
3.435000000000000053e+00,2.176565885543823242e+00
3.435999999999999943e+00,2.102795839309692383e+00
3.436999999999999833e+00,2.178549528121948242e+00
3.438000000000000167e+00,2.133024692535400391e+00
3.439000000000000057e+00,2.172017097473144531e+00
3.439999999999999947e+00,2.159602880477905273e+00
3.440999999999999837e+00,2.205216407775878906e+00
3.442000000000000171e+00,2.241745948791503906e+00
3.443000000000000060e+00,2.176871299743652344e+00
3.443999999999999950e+00,2.226875543594360352e+00
3.444999999999999840e+00,2.193561077117919922e+00
3.446000000000000174e+00,2.161507368087768555e+00
3.447000000000000064e+00,2.210425853729248047e+00
3.447999999999999954e+00,2.159863233566284180e+00
3.448999999999999844e+00,2.125510931015014648e+00
3.450000000000000178e+00,2.141312122344970703e+00
3.451000000000000068e+00,2.069361209869384766e+00
3.451999999999999957e+00,2.044823408126831055e+00
3.452999999999999847e+00,2.035013198852539062e+00
3.454000000000000181e+00,2.062321901321411133e+00
3.455000000000000071e+00,2.113295078277587891e+00
3.455999999999999961e+00,2.096161365509033203e+00
3.456999999999999851e+00,2.105419397354125977e+00
3.458000000000000185e+00,2.166113853454589844e+00
3.459000000000000075e+00,2.205065727233886719e+00
3.459999999999999964e+00,2.158407211303710938e+00
3.460999999999999854e+00,2.217156410217285156e+00
3.462000000000000188e+00,2.214618682861328125e+00
3.463000000000000078e+00,2.199379205703735352e+00
3.463999999999999968e+00,2.233304738998413086e+00
3.464999999999999858e+00,2.267816305160522461e+00
3.466000000000000192e+00,2.221198558807373047e+00
3.467000000000000082e+00,2.295194149017333984e+00
3.467999999999999972e+00,2.160513877868652344e+00
3.468999999999999861e+00,2.130722999572753906e+00
3.470000000000000195e+00,2.197658538818359375e+00
3.471000000000000085e+00,2.279237747192382812e+00
3.471999999999999975e+00,2.372259855270385742e+00
3.472999999999999865e+00,2.207231998443603516e+00
3.474000000000000199e+00,2.297386884689331055e+00
3.475000000000000089e+00,2.137620925903320312e+00
3.475999999999999979e+00,2.160194396972656250e+00
3.476999999999999869e+00,2.199123382568359375e+00
3.478000000000000203e+00,2.181375026702880859e+00
3.479000000000000092e+00,2.268368482589721680e+00
3.479999999999999982e+00,2.312290191650390625e+00
3.480999999999999872e+00,2.257571458816528320e+00
3.482000000000000206e+00,2.227368831634521484e+00
3.483000000000000096e+00,2.299221754074096680e+00
3.483999999999999986e+00,2.278699398040771484e+00
3.484999999999999876e+00,2.218112945556640625e+00
3.486000000000000210e+00,2.293523311614990234e+00
3.487000000000000099e+00,2.249360084533691406e+00
3.487999999999999989e+00,2.258341073989868164e+00
3.488999999999999879e+00,2.196483850479125977e+00
3.490000000000000213e+00,2.246495008468627930e+00
3.491000000000000103e+00,2.264647245407104492e+00
3.491999999999999993e+00,2.150518655776977539e+00
3.492999999999999883e+00,2.148580551147460938e+00
3.494000000000000217e+00,2.253288269042968750e+00
3.495000000000000107e+00,2.150447130203247070e+00
3.495999999999999996e+00,2.218089818954467773e+00
3.496999999999999886e+00,2.215022802352905273e+00
3.498000000000000220e+00,2.159531831741333008e+00
3.499000000000000110e+00,2.218435287475585938e+00
3.500000000000000000e+00,2.200494289398193359e+00
3.500999999999999890e+00,2.180648565292358398e+00
3.501999999999999780e+00,2.262626171112060547e+00
3.503000000000000114e+00,2.270485639572143555e+00
3.504000000000000004e+00,2.292509078979492188e+00
3.504999999999999893e+00,2.265504837036132812e+00
3.505999999999999783e+00,2.229433536529541016e+00
3.507000000000000117e+00,2.174945116043090820e+00
3.508000000000000007e+00,2.305870532989501953e+00
3.508999999999999897e+00,2.295350313186645508e+00
3.509999999999999787e+00,2.289787292480468750e+00
3.511000000000000121e+00,2.347643852233886719e+00
3.512000000000000011e+00,2.267500638961791992e+00
3.512999999999999901e+00,2.173957586288452148e+00
3.513999999999999790e+00,2.176847934722900391e+00
3.515000000000000124e+00,2.201899290084838867e+00
3.516000000000000014e+00,2.185495376586914062e+00
3.516999999999999904e+00,2.180941581726074219e+00
3.517999999999999794e+00,2.282912492752075195e+00
3.519000000000000128e+00,2.283125400543212891e+00
3.520000000000000018e+00,2.195331573486328125e+00
3.520999999999999908e+00,2.315680980682373047e+00
3.521999999999999797e+00,2.238893985748291016e+00
3.523000000000000131e+00,2.280952453613281250e+00
3.524000000000000021e+00,2.230843067169189453e+00
3.524999999999999911e+00,2.338863611221313477e+00
3.525999999999999801e+00,2.238014698028564453e+00
3.527000000000000135e+00,2.252210140228271484e+00
3.528000000000000025e+00,2.178408861160278320e+00
3.528999999999999915e+00,2.227082014083862305e+00
3.529999999999999805e+00,2.147902488708496094e+00
3.531000000000000139e+00,2.240183591842651367e+00
3.532000000000000028e+00,2.143244981765747070e+00
3.532999999999999918e+00,2.143924474716186523e+00
3.533999999999999808e+00,2.141419410705566406e+00
3.535000000000000142e+00,2.208748340606689453e+00
3.536000000000000032e+00,2.105164527893066406e+00
3.536999999999999922e+00,2.162240266799926758e+00
3.537999999999999812e+00,2.182804107666015625e+00
3.539000000000000146e+00,2.296674728393554688e+00
3.540000000000000036e+00,2.109251976013183594e+00
3.540999999999999925e+00,2.135707139968872070e+00
3.541999999999999815e+00,2.067198753356933594e+00
3.543000000000000149e+00,2.099828243255615234e+00
3.544000000000000039e+00,2.097721338272094727e+00
3.544999999999999929e+00,2.109300374984741211e+00
3.545999999999999819e+00,2.136400938034057617e+00
3.547000000000000153e+00,2.073112487792968750e+00
3.548000000000000043e+00,2.123020172119140625e+00
3.548999999999999932e+00,2.252289772033691406e+00
3.549999999999999822e+00,2.243728876113891602e+00
3.551000000000000156e+00,2.216902732849121094e+00
3.552000000000000046e+00,2.235157966613769531e+00
3.552999999999999936e+00,2.264026403427124023e+00
3.553999999999999826e+00,2.275208473205566406e+00
3.555000000000000160e+00,2.209951639175415039e+00
3.556000000000000050e+00,2.295495033264160156e+00
3.556999999999999940e+00,2.331278562545776367e+00
3.557999999999999829e+00,2.276836872100830078e+00
3.559000000000000163e+00,2.270012855529785156e+00
3.560000000000000053e+00,2.260286808013916016e+00
3.560999999999999943e+00,2.279259920120239258e+00
3.561999999999999833e+00,2.312511205673217773e+00
3.563000000000000167e+00,2.310155868530273438e+00
3.564000000000000057e+00,2.322623729705810547e+00
3.564999999999999947e+00,2.253310918807983398e+00
3.565999999999999837e+00,2.196274280548095703e+00
3.567000000000000171e+00,2.219886541366577148e+00
3.568000000000000060e+00,2.220151424407958984e+00
3.568999999999999950e+00,2.255328655242919922e+00
3.569999999999999840e+00,2.265933513641357422e+00
3.571000000000000174e+00,2.333973884582519531e+00
3.572000000000000064e+00,2.321589231491088867e+00
3.572999999999999954e+00,2.321534156799316406e+00
3.573999999999999844e+00,2.265267848968505859e+00
3.575000000000000178e+00,2.280593872070312500e+00
3.576000000000000068e+00,2.285832643508911133e+00
3.576999999999999957e+00,2.263405561447143555e+00
3.577999999999999847e+00,2.331673383712768555e+00
3.579000000000000181e+00,2.366899490356445312e+00
3.580000000000000071e+00,2.229754447937011719e+00
3.580999999999999961e+00,2.255510091781616211e+00
3.581999999999999851e+00,2.301232814788818359e+00
3.583000000000000185e+00,2.268390893936157227e+00
3.584000000000000075e+00,2.311582803726196289e+00
3.584999999999999964e+00,2.260128498077392578e+00
3.585999999999999854e+00,2.271273374557495117e+00
3.587000000000000188e+00,2.240731000900268555e+00
3.588000000000000078e+00,2.275331974029541016e+00
3.588999999999999968e+00,2.220945596694946289e+00
3.589999999999999858e+00,2.238597154617309570e+00
3.591000000000000192e+00,2.303952217102050781e+00
3.592000000000000082e+00,2.303885698318481445e+00
3.592999999999999972e+00,2.266463518142700195e+00
3.593999999999999861e+00,2.233259201049804688e+00
3.595000000000000195e+00,2.218366146087646484e+00
3.596000000000000085e+00,2.166562318801879883e+00
3.596999999999999975e+00,2.142254829406738281e+00
3.597999999999999865e+00,2.234826326370239258e+00
3.599000000000000199e+00,2.156772613525390625e+00
3.600000000000000089e+00,2.125979900360107422e+00
3.600999999999999979e+00,2.168943643569946289e+00
3.601999999999999869e+00,2.202259063720703125e+00
3.603000000000000203e+00,2.133983135223388672e+00
3.604000000000000092e+00,2.144270181655883789e+00
3.604999999999999982e+00,2.144818305969238281e+00
3.605999999999999872e+00,2.175086021423339844e+00
3.607000000000000206e+00,2.099061250686645508e+00
3.608000000000000096e+00,2.027022600173950195e+00
3.608999999999999986e+00,2.219149589538574219e+00
3.609999999999999876e+00,2.244617223739624023e+00
3.611000000000000210e+00,2.157246589660644531e+00
3.612000000000000099e+00,2.189035892486572266e+00
3.612999999999999989e+00,2.122117280960083008e+00
3.613999999999999879e+00,2.112339496612548828e+00
3.615000000000000213e+00,2.144854068756103516e+00
3.616000000000000103e+00,2.232812643051147461e+00
3.616999999999999993e+00,2.186302185058593750e+00
3.617999999999999883e+00,2.119056224822998047e+00
3.619000000000000217e+00,2.239475965499877930e+00
3.620000000000000107e+00,2.148068904876708984e+00
3.620999999999999996e+00,2.180003881454467773e+00
3.621999999999999886e+00,2.027098178863525391e+00
3.623000000000000220e+00,2.146795511245727539e+00
3.624000000000000110e+00,2.153499603271484375e+00
3.625000000000000000e+00,2.095868825912475586e+00
3.625999999999999890e+00,2.151172161102294922e+00
3.626999999999999780e+00,2.237260818481445312e+00
3.628000000000000114e+00,2.282811880111694336e+00
3.629000000000000004e+00,2.355989933013916016e+00
3.629999999999999893e+00,2.310698032379150391e+00
3.630999999999999783e+00,2.297587156295776367e+00
3.632000000000000117e+00,2.239430427551269531e+00
3.633000000000000007e+00,2.239510297775268555e+00
3.633999999999999897e+00,2.170180797576904297e+00
3.634999999999999787e+00,2.173887252807617188e+00
3.636000000000000121e+00,2.126160144805908203e+00
3.637000000000000011e+00,2.192174434661865234e+00
3.637999999999999901e+00,2.205587387084960938e+00
3.638999999999999790e+00,2.113452434539794922e+00
3.640000000000000124e+00,2.190798044204711914e+00
3.641000000000000014e+00,2.231587648391723633e+00
3.641999999999999904e+00,2.241096019744873047e+00
3.642999999999999794e+00,2.303297758102416992e+00
3.644000000000000128e+00,2.252596139907836914e+00
3.645000000000000018e+00,2.292274951934814453e+00
3.645999999999999908e+00,2.194120407104492188e+00
3.646999999999999797e+00,2.161602020263671875e+00
3.648000000000000131e+00,2.215241909027099609e+00
3.649000000000000021e+00,2.166149377822875977e+00
3.649999999999999911e+00,2.260705232620239258e+00
3.650999999999999801e+00,2.136221408843994141e+00
3.652000000000000135e+00,2.091694116592407227e+00
3.653000000000000025e+00,2.103379249572753906e+00
3.653999999999999915e+00,2.158371925354003906e+00
3.654999999999999805e+00,2.191346168518066406e+00
3.656000000000000139e+00,2.206722736358642578e+00
3.657000000000000028e+00,2.238334655761718750e+00
3.657999999999999918e+00,2.171169757843017578e+00
3.658999999999999808e+00,2.214757442474365234e+00
3.660000000000000142e+00,2.296685934066772461e+00
3.661000000000000032e+00,2.217006444931030273e+00
3.661999999999999922e+00,2.182042837142944336e+00
3.662999999999999812e+00,2.188557147979736328e+00
3.664000000000000146e+00,2.203523874282836914e+00
3.665000000000000036e+00,2.268064260482788086e+00
3.665999999999999925e+00,2.277588605880737305e+00
3.666999999999999815e+00,2.208771705627441406e+00
3.668000000000000149e+00,2.181562423706054688e+00
3.669000000000000039e+00,2.195075273513793945e+00
3.669999999999999929e+00,2.207290172576904297e+00
3.670999999999999819e+00,2.279248714447021484e+00
3.672000000000000153e+00,2.310034275054931641e+00
3.673000000000000043e+00,2.336097478866577148e+00
3.673999999999999932e+00,2.286414146423339844e+00
3.674999999999999822e+00,2.378790616989135742e+00
3.676000000000000156e+00,2.288547992706298828e+00
3.677000000000000046e+00,2.368216276168823242e+00
3.677999999999999936e+00,2.284479379653930664e+00
3.678999999999999826e+00,2.357052803039550781e+00
3.680000000000000160e+00,2.252006053924560547e+00
3.681000000000000050e+00,2.340655088424682617e+00
3.681999999999999940e+00,2.278542280197143555e+00
3.682999999999999829e+00,2.288994550704956055e+00
3.684000000000000163e+00,2.457041501998901367e+00
3.685000000000000053e+00,2.368799209594726562e+00
3.685999999999999943e+00,2.218700408935546875e+00
3.686999999999999833e+00,2.318405628204345703e+00
3.688000000000000167e+00,2.257730007171630859e+00
3.689000000000000057e+00,2.235386610031127930e+00
3.689999999999999947e+00,2.274365901947021484e+00
3.690999999999999837e+00,2.283371448516845703e+00
3.692000000000000171e+00,2.290691137313842773e+00
3.693000000000000060e+00,2.298165559768676758e+00
3.693999999999999950e+00,2.326966285705566406e+00
3.694999999999999840e+00,2.304573297500610352e+00
3.696000000000000174e+00,2.261066913604736328e+00
3.697000000000000064e+00,2.253424167633056641e+00
3.697999999999999954e+00,2.298554897308349609e+00
3.698999999999999844e+00,2.303364276885986328e+00
3.700000000000000178e+00,2.193071842193603516e+00
3.701000000000000068e+00,2.228309631347656250e+00
3.701999999999999957e+00,2.235969781875610352e+00
3.702999999999999847e+00,2.222291469573974609e+00
3.704000000000000181e+00,2.209442615509033203e+00
3.705000000000000071e+00,2.266452312469482422e+00
3.705999999999999961e+00,2.287073373794555664e+00
3.706999999999999851e+00,2.341233730316162109e+00
3.708000000000000185e+00,2.333557844161987305e+00
3.709000000000000075e+00,2.331454277038574219e+00
3.709999999999999964e+00,2.328645944595336914e+00
3.710999999999999854e+00,2.295450448989868164e+00
3.712000000000000188e+00,2.320719242095947266e+00
3.713000000000000078e+00,2.272544622421264648e+00
3.713999999999999968e+00,2.247621059417724609e+00
3.714999999999999858e+00,2.302443027496337891e+00
3.716000000000000192e+00,2.299455165863037109e+00
3.717000000000000082e+00,2.270102739334106445e+00
3.717999999999999972e+00,2.217052459716796875e+00
3.718999999999999861e+00,2.279271364212036133e+00
3.720000000000000195e+00,2.254977464675903320e+00
3.721000000000000085e+00,2.298732757568359375e+00
3.721999999999999975e+00,2.215045928955078125e+00
3.722999999999999865e+00,2.234940767288208008e+00
3.724000000000000199e+00,2.294559478759765625e+00
3.725000000000000089e+00,2.353775739669799805e+00
3.725999999999999979e+00,2.255294799804687500e+00
3.726999999999999869e+00,2.216729640960693359e+00
3.728000000000000203e+00,2.244275569915771484e+00
3.729000000000000092e+00,2.124007225036621094e+00
3.729999999999999982e+00,2.251075267791748047e+00
3.730999999999999872e+00,2.181492328643798828e+00
3.732000000000000206e+00,2.364684820175170898e+00
3.733000000000000096e+00,2.212933301925659180e+00
3.733999999999999986e+00,2.162464857101440430e+00
3.734999999999999876e+00,2.194330215454101562e+00
3.736000000000000210e+00,2.193712711334228516e+00
3.737000000000000099e+00,2.213706970214843750e+00
3.737999999999999989e+00,2.243227481842041016e+00
3.738999999999999879e+00,2.333141565322875977e+00
3.740000000000000213e+00,2.284087896347045898e+00
3.741000000000000103e+00,2.332999229431152344e+00
3.741999999999999993e+00,2.210055589675903320e+00
3.742999999999999883e+00,2.266170263290405273e+00
3.744000000000000217e+00,2.275568008422851562e+00
3.745000000000000107e+00,2.303120136260986328e+00
3.745999999999999996e+00,2.321710348129272461e+00
3.746999999999999886e+00,2.162902116775512695e+00
3.748000000000000220e+00,2.195506095886230469e+00
3.749000000000000110e+00,2.213141202926635742e+00
3.750000000000000000e+00,2.163858890533447266e+00
3.750999999999999890e+00,2.170922517776489258e+00
3.751999999999999780e+00,2.180871248245239258e+00
3.753000000000000114e+00,2.126580715179443359e+00
3.754000000000000004e+00,2.171828746795654297e+00
3.754999999999999893e+00,2.178361892700195312e+00
3.755999999999999783e+00,2.198786497116088867e+00
3.757000000000000117e+00,2.236735343933105469e+00
3.758000000000000007e+00,2.146021604537963867e+00
3.758999999999999897e+00,2.145056724548339844e+00
3.759999999999999787e+00,2.198065757751464844e+00
3.761000000000000121e+00,2.254614591598510742e+00
3.762000000000000011e+00,2.301632642745971680e+00
3.762999999999999901e+00,2.227518081665039062e+00
3.763999999999999790e+00,2.272398471832275391e+00
3.765000000000000124e+00,2.265166282653808594e+00
3.766000000000000014e+00,2.271070957183837891e+00
3.766999999999999904e+00,2.292531490325927734e+00
3.767999999999999794e+00,2.261134624481201172e+00
3.769000000000000128e+00,2.290758132934570312e+00
3.770000000000000018e+00,2.297832012176513672e+00
3.770999999999999908e+00,2.265899658203125000e+00
3.771999999999999797e+00,2.256529569625854492e+00
3.773000000000000131e+00,2.224498510360717773e+00
3.774000000000000021e+00,2.222947120666503906e+00
3.774999999999999911e+00,2.261315584182739258e+00
3.775999999999999801e+00,2.287710189819335938e+00
3.777000000000000135e+00,2.303896903991699219e+00
3.778000000000000025e+00,2.261033058166503906e+00
3.778999999999999915e+00,2.173416852951049805e+00
3.779999999999999805e+00,2.229960680007934570e+00
3.781000000000000139e+00,2.248371362686157227e+00
3.782000000000000028e+00,2.153997898101806641e+00
3.782999999999999918e+00,2.207150936126708984e+00
3.783999999999999808e+00,2.233762502670288086e+00
3.785000000000000142e+00,2.241289854049682617e+00
3.786000000000000032e+00,2.232469320297241211e+00
3.786999999999999922e+00,2.293768405914306641e+00
3.787999999999999812e+00,2.270406723022460938e+00
3.789000000000000146e+00,2.285564422607421875e+00
3.790000000000000036e+00,2.179698944091796875e+00
3.790999999999999925e+00,2.319584846496582031e+00
3.791999999999999815e+00,2.273601531982421875e+00
3.793000000000000149e+00,2.211905002593994141e+00
3.794000000000000039e+00,2.285239934921264648e+00
3.794999999999999929e+00,2.204219579696655273e+00
3.795999999999999819e+00,2.260659933090209961e+00
3.797000000000000153e+00,2.287095785140991211e+00
3.798000000000000043e+00,2.217352151870727539e+00
3.798999999999999932e+00,2.260795593261718750e+00
3.799999999999999822e+00,2.257401704788208008e+00
3.801000000000000156e+00,2.241802930831909180e+00
3.802000000000000046e+00,2.175027370452880859e+00
3.802999999999999936e+00,2.238402843475341797e+00
3.803999999999999826e+00,2.260671138763427734e+00
3.805000000000000160e+00,2.208204507827758789e+00
3.806000000000000050e+00,2.261428594589233398e+00
3.806999999999999940e+00,2.310333013534545898e+00
3.807999999999999829e+00,2.355534076690673828e+00
3.809000000000000163e+00,2.300244092941284180e+00
3.810000000000000053e+00,2.292553901672363281e+00
3.810999999999999943e+00,2.253889083862304688e+00
3.811999999999999833e+00,2.242669105529785156e+00
3.813000000000000167e+00,2.248485088348388672e+00
3.814000000000000057e+00,2.289697885513305664e+00
3.814999999999999947e+00,2.360325098037719727e+00
3.815999999999999837e+00,2.346348047256469727e+00
3.817000000000000171e+00,2.288369417190551758e+00
3.818000000000000060e+00,2.363549709320068359e+00
3.818999999999999950e+00,2.378027677536010742e+00
3.819999999999999840e+00,2.434354305267333984e+00
3.821000000000000174e+00,2.402672767639160156e+00
3.822000000000000064e+00,2.374693632125854492e+00
3.822999999999999954e+00,2.398797750473022461e+00
3.823999999999999844e+00,2.329688549041748047e+00
3.825000000000000178e+00,2.329468965530395508e+00
3.826000000000000068e+00,2.382118940353393555e+00
3.826999999999999957e+00,2.388804435729980469e+00
3.827999999999999847e+00,2.384327888488769531e+00
3.829000000000000181e+00,2.398701667785644531e+00
3.830000000000000071e+00,2.371257781982421875e+00
3.830999999999999961e+00,2.392172336578369141e+00
3.831999999999999851e+00,2.388836383819580078e+00
3.833000000000000185e+00,2.369834661483764648e+00
3.834000000000000075e+00,2.367018222808837891e+00
3.834999999999999964e+00,2.322656869888305664e+00
3.835999999999999854e+00,2.352070569992065430e+00
3.837000000000000188e+00,2.363841533660888672e+00
3.838000000000000078e+00,2.521914243698120117e+00
3.838999999999999968e+00,2.431507349014282227e+00
3.839999999999999858e+00,2.357139348983764648e+00
3.841000000000000192e+00,2.372453689575195312e+00
3.842000000000000082e+00,2.352624416351318359e+00
3.842999999999999972e+00,2.328964233398437500e+00
3.843999999999999861e+00,2.304517984390258789e+00
3.845000000000000195e+00,2.287755012512207031e+00
3.846000000000000085e+00,2.381088495254516602e+00
3.846999999999999975e+00,2.390964508056640625e+00
3.847999999999999865e+00,2.321446180343627930e+00
3.849000000000000199e+00,2.335222005844116211e+00
3.850000000000000089e+00,2.475487709045410156e+00
3.850999999999999979e+00,2.427604675292968750e+00
3.851999999999999869e+00,2.401417255401611328e+00
3.853000000000000203e+00,2.321974515914916992e+00
3.854000000000000092e+00,2.314102172851562500e+00
3.854999999999999982e+00,2.352266073226928711e+00
3.855999999999999872e+00,2.311450004577636719e+00
3.857000000000000206e+00,2.223314762115478516e+00
3.858000000000000096e+00,2.304528951644897461e+00
3.858999999999999986e+00,2.358581066131591797e+00
3.859999999999999876e+00,2.324548721313476562e+00
3.861000000000000210e+00,2.309658050537109375e+00
3.862000000000000099e+00,2.266001224517822266e+00
3.862999999999999989e+00,2.328733921051025391e+00
3.863999999999999879e+00,2.228951930999755859e+00
3.865000000000000213e+00,2.287699222564697266e+00
3.866000000000000103e+00,2.306280612945556641e+00
3.866999999999999993e+00,2.439461708068847656e+00
3.867999999999999883e+00,2.405064821243286133e+00
3.869000000000000217e+00,2.389360666275024414e+00
3.870000000000000107e+00,2.415234565734863281e+00
3.870999999999999996e+00,2.417275905609130859e+00
3.871999999999999886e+00,2.395407199859619141e+00
3.873000000000000220e+00,2.432915687561035156e+00
3.874000000000000110e+00,2.349265336990356445e+00
3.875000000000000000e+00,2.408919334411621094e+00
3.875999999999999890e+00,2.333174467086791992e+00
3.876999999999999780e+00,2.330664634704589844e+00
3.878000000000000114e+00,2.373703002929687500e+00
3.879000000000000004e+00,2.436967134475708008e+00
3.879999999999999893e+00,2.336294412612915039e+00
3.880999999999999783e+00,2.359415292739868164e+00
3.882000000000000117e+00,2.320466041564941406e+00
3.883000000000000007e+00,2.409619331359863281e+00
3.883999999999999897e+00,2.416990280151367188e+00
3.884999999999999787e+00,2.390996694564819336e+00
3.886000000000000121e+00,2.279786825180053711e+00
3.887000000000000011e+00,2.467597484588623047e+00
3.887999999999999901e+00,2.360238552093505859e+00
3.888999999999999790e+00,2.355805397033691406e+00
3.890000000000000124e+00,2.419738054275512695e+00
3.891000000000000014e+00,2.379595994949340820e+00
3.891999999999999904e+00,2.322326660156250000e+00
3.892999999999999794e+00,2.384113788604736328e+00
3.894000000000000128e+00,2.423801183700561523e+00
3.895000000000000018e+00,2.345160484313964844e+00
3.895999999999999908e+00,2.381206512451171875e+00
3.896999999999999797e+00,2.451668262481689453e+00
3.898000000000000131e+00,2.419695854187011719e+00
3.899000000000000021e+00,2.484412193298339844e+00
3.899999999999999911e+00,2.394030332565307617e+00
3.900999999999999801e+00,2.420466899871826172e+00
3.902000000000000135e+00,2.354850530624389648e+00
3.903000000000000025e+00,2.372119903564453125e+00
3.903999999999999915e+00,2.373972177505493164e+00
3.904999999999999805e+00,2.473432064056396484e+00
3.906000000000000139e+00,2.414948701858520508e+00
3.907000000000000028e+00,2.407327413558959961e+00
3.907999999999999918e+00,2.362890005111694336e+00
3.908999999999999808e+00,2.390504837036132812e+00
3.910000000000000142e+00,2.402651548385620117e+00
3.911000000000000032e+00,2.373272418975830078e+00
3.911999999999999922e+00,2.551104545593261719e+00
3.912999999999999812e+00,2.405075550079345703e+00
3.914000000000000146e+00,2.504861593246459961e+00
3.915000000000000036e+00,2.509907245635986328e+00
3.915999999999999925e+00,2.486314773559570312e+00
3.916999999999999815e+00,2.390130519866943359e+00
3.918000000000000149e+00,2.388397693634033203e+00
3.919000000000000039e+00,2.408866405487060547e+00
3.919999999999999929e+00,2.451407670974731445e+00
3.920999999999999819e+00,2.386920690536499023e+00
3.922000000000000153e+00,2.439409494400024414e+00
3.923000000000000043e+00,2.394147872924804688e+00
3.923999999999999932e+00,2.366759061813354492e+00
3.924999999999999822e+00,2.450729846954345703e+00
3.926000000000000156e+00,2.422176837921142578e+00
3.927000000000000046e+00,2.422008037567138672e+00
3.927999999999999936e+00,2.347622156143188477e+00
3.928999999999999826e+00,2.359231233596801758e+00
3.930000000000000160e+00,2.393112182617187500e+00
3.931000000000000050e+00,2.330511093139648438e+00
3.931999999999999940e+00,2.420466899871826172e+00
3.932999999999999829e+00,2.379241704940795898e+00
3.934000000000000163e+00,2.383223533630371094e+00
3.935000000000000053e+00,2.483228921890258789e+00
3.935999999999999943e+00,2.474795579910278320e+00
3.936999999999999833e+00,2.393208265304565430e+00
3.938000000000000167e+00,2.430845260620117188e+00
3.939000000000000057e+00,2.407221317291259766e+00
3.939999999999999947e+00,2.397135019302368164e+00
3.940999999999999837e+00,2.392930507659912109e+00
3.942000000000000171e+00,2.365916490554809570e+00
3.943000000000000060e+00,2.431087017059326172e+00
3.943999999999999950e+00,2.314532756805419922e+00
3.944999999999999840e+00,2.438885688781738281e+00
3.946000000000000174e+00,2.438099622726440430e+00
3.947000000000000064e+00,2.443910360336303711e+00
3.947999999999999954e+00,2.352668046951293945e+00
3.948999999999999844e+00,2.291438817977905273e+00
3.950000000000000178e+00,2.338798284530639648e+00
3.951000000000000068e+00,2.276028156280517578e+00
3.951999999999999957e+00,2.304285049438476562e+00
3.952999999999999847e+00,2.265188932418823242e+00
3.954000000000000181e+00,2.292810201644897461e+00
3.955000000000000071e+00,2.278665542602539062e+00
3.955999999999999961e+00,2.315018653869628906e+00
3.956999999999999851e+00,2.301832675933837891e+00
3.958000000000000185e+00,2.299955368041992188e+00
3.959000000000000075e+00,2.230132579803466797e+00
3.959999999999999964e+00,2.203361511230468750e+00
3.960999999999999854e+00,2.258692026138305664e+00
3.962000000000000188e+00,2.234746456146240234e+00
3.963000000000000078e+00,2.292798995971679688e+00
3.963999999999999968e+00,2.338295459747314453e+00
3.964999999999999858e+00,2.252040147781372070e+00
3.966000000000000192e+00,2.289776325225830078e+00
3.967000000000000082e+00,2.365278959274291992e+00
3.967999999999999972e+00,2.286011695861816406e+00
3.968999999999999861e+00,2.295906782150268555e+00
3.970000000000000195e+00,2.270890712738037109e+00
3.971000000000000085e+00,2.282711029052734375e+00
3.971999999999999975e+00,2.357421398162841797e+00
3.972999999999999865e+00,2.342074155807495117e+00
3.974000000000000199e+00,2.365786790847778320e+00
3.975000000000000089e+00,2.391851425170898438e+00
3.975999999999999979e+00,2.348068237304687500e+00
3.976999999999999869e+00,2.342467069625854492e+00
3.978000000000000203e+00,2.292721033096313477e+00
3.979000000000000092e+00,2.279080629348754883e+00
3.979999999999999982e+00,2.322579860687255859e+00
3.980999999999999872e+00,2.398531198501586914e+00
3.982000000000000206e+00,2.373886346817016602e+00
3.983000000000000096e+00,2.381088495254516602e+00
3.983999999999999986e+00,2.326834440231323242e+00
3.984999999999999876e+00,2.383041381835937500e+00
3.986000000000000210e+00,2.423822402954101562e+00
3.987000000000000099e+00,2.412237882614135742e+00
3.987999999999999989e+00,2.284680843353271484e+00
3.988999999999999879e+00,2.361396789550781250e+00
3.990000000000000213e+00,2.382569313049316406e+00
3.991000000000000103e+00,2.430666446685791016e+00
3.991999999999999993e+00,2.345400094985961914e+00
3.992999999999999883e+00,2.308617591857910156e+00
3.994000000000000217e+00,2.357237100601196289e+00
3.995000000000000107e+00,2.439692258834838867e+00
3.995999999999999996e+00,2.384863853454589844e+00
3.996999999999999886e+00,2.392193555831909180e+00
3.998000000000000220e+00,2.409757375717163086e+00
3.999000000000000110e+00,2.350298643112182617e+00
4.000000000000000000e+00,2.523950576782226562e+00
4.001000000000000334e+00,2.472739696502685547e+00
4.001999999999999780e+00,2.505687713623046875e+00
4.003000000000000114e+00,2.532381534576416016e+00
4.003999999999999559e+00,2.388900756835937500e+00
4.004999999999999893e+00,2.353797435760498047e+00
4.006000000000000227e+00,2.383470296859741211e+00
4.006999999999999673e+00,2.503514289855957031e+00
4.008000000000000007e+00,2.398030519485473633e+00
4.009000000000000341e+00,2.506707668304443359e+00
4.009999999999999787e+00,2.379037618637084961e+00
4.011000000000000121e+00,2.438151836395263672e+00
4.011999999999999567e+00,2.459681987762451172e+00
4.012999999999999901e+00,2.314775943756103516e+00
4.014000000000000234e+00,2.335025072097778320e+00
4.014999999999999680e+00,2.425793170928955078e+00
4.016000000000000014e+00,2.316707134246826172e+00
4.017000000000000348e+00,2.363235950469970703e+00
4.017999999999999794e+00,2.396921873092651367e+00
4.019000000000000128e+00,2.364782094955444336e+00
4.019999999999999574e+00,2.360888004302978516e+00
4.020999999999999908e+00,2.397860050201416016e+00
4.022000000000000242e+00,2.319265127182006836e+00
4.022999999999999687e+00,2.383577585220336914e+00
4.024000000000000021e+00,2.393336534500122070e+00
4.025000000000000355e+00,2.360314369201660156e+00
4.025999999999999801e+00,2.324823379516601562e+00
4.027000000000000135e+00,2.275534152984619141e+00
4.027999999999999581e+00,2.397454738616943359e+00
4.028999999999999915e+00,2.358223438262939453e+00
4.030000000000000249e+00,2.354481458663940430e+00
4.030999999999999694e+00,2.384113788604736328e+00
4.032000000000000028e+00,2.325307369232177734e+00
4.033000000000000362e+00,2.348841190338134766e+00
4.033999999999999808e+00,2.272679567337036133e+00
4.035000000000000142e+00,2.293189048767089844e+00
4.035999999999999588e+00,2.270125389099121094e+00
4.036999999999999922e+00,2.389745473861694336e+00
4.038000000000000256e+00,2.296018123626708984e+00
4.038999999999999702e+00,2.285519599914550781e+00
4.040000000000000036e+00,2.319232225418090820e+00
4.041000000000000369e+00,2.220600128173828125e+00
4.041999999999999815e+00,2.257152557373046875e+00
4.043000000000000149e+00,2.200993776321411133e+00
4.043999999999999595e+00,2.270102739334106445e+00
4.044999999999999929e+00,2.176836013793945312e+00
4.046000000000000263e+00,2.238174676895141602e+00
4.046999999999999709e+00,2.167104721069335938e+00
4.048000000000000043e+00,2.197763442993164062e+00
4.049000000000000377e+00,2.215345859527587891e+00
4.049999999999999822e+00,2.183202028274536133e+00
4.051000000000000156e+00,2.204010725021362305e+00
4.051999999999999602e+00,2.205355405807495117e+00
4.052999999999999936e+00,2.227816343307495117e+00
4.054000000000000270e+00,2.247325420379638672e+00
4.054999999999999716e+00,2.223383903503417969e+00
4.056000000000000050e+00,2.281647205352783203e+00
4.057000000000000384e+00,2.297164440155029297e+00
4.057999999999999829e+00,2.262332439422607422e+00
4.059000000000000163e+00,2.217017889022827148e+00
4.059999999999999609e+00,2.175086021423339844e+00
4.060999999999999943e+00,2.240000963211059570e+00
4.062000000000000277e+00,2.157424211502075195e+00
4.062999999999999723e+00,2.231724977493286133e+00
4.064000000000000057e+00,2.296296596527099609e+00
4.065000000000000391e+00,2.239932537078857422e+00
4.065999999999999837e+00,2.235969781875610352e+00
4.067000000000000171e+00,2.144103288650512695e+00
4.067999999999999616e+00,2.116545915603637695e+00
4.068999999999999950e+00,2.187096834182739258e+00
4.070000000000000284e+00,2.207220554351806641e+00
4.070999999999999730e+00,2.203094482421875000e+00
4.072000000000000064e+00,2.234037160873413086e+00
4.073000000000000398e+00,2.242008209228515625e+00
4.073999999999999844e+00,2.232629537582397461e+00
4.075000000000000178e+00,2.233785390853881836e+00
4.075999999999999623e+00,2.179077386856079102e+00
4.076999999999999957e+00,2.256552457809448242e+00
4.078000000000000291e+00,2.244321107864379883e+00
4.078999999999999737e+00,2.236792564392089844e+00
4.080000000000000071e+00,2.148056983947753906e+00
4.081000000000000405e+00,2.156096935272216797e+00
4.081999999999999851e+00,2.356618881225585938e+00
4.083000000000000185e+00,2.384928226470947266e+00
4.083999999999999631e+00,2.284613609313964844e+00
4.084999999999999964e+00,2.292821168899536133e+00
4.086000000000000298e+00,2.297253370285034180e+00
4.086999999999999744e+00,2.213557004928588867e+00
4.088000000000000078e+00,2.226209878921508789e+00
4.089000000000000412e+00,2.249178409576416016e+00
4.089999999999999858e+00,2.225302696228027344e+00
4.091000000000000192e+00,2.292486906051635742e+00
4.091999999999999638e+00,2.295706510543823242e+00
4.092999999999999972e+00,2.303797006607055664e+00
4.094000000000000306e+00,2.258985996246337891e+00
4.094999999999999751e+00,2.224981069564819336e+00
4.096000000000000085e+00,2.278284311294555664e+00
4.097000000000000419e+00,2.329995632171630859e+00
4.097999999999999865e+00,2.338350057601928711e+00
4.099000000000000199e+00,2.310122966766357422e+00
4.099999999999999645e+00,2.224383592605590820e+00
4.100999999999999979e+00,2.238448619842529297e+00
4.102000000000000313e+00,2.251154899597167969e+00
4.102999999999999758e+00,2.306557655334472656e+00
4.104000000000000092e+00,2.250439167022705078e+00
4.105000000000000426e+00,2.288927793502807617e+00
4.105999999999999872e+00,2.271408557891845703e+00
4.107000000000000206e+00,2.265493631362915039e+00
4.107999999999999652e+00,2.336141109466552734e+00
4.108999999999999986e+00,2.293178081512451172e+00
4.110000000000000320e+00,2.189981460571289062e+00
4.110999999999999766e+00,2.246381282806396484e+00
4.112000000000000099e+00,2.225716114044189453e+00
4.113000000000000433e+00,2.231129407882690430e+00
4.113999999999999879e+00,2.212355613708496094e+00
4.115000000000000213e+00,2.233613729476928711e+00
4.115999999999999659e+00,2.239715576171875000e+00
4.116999999999999993e+00,2.237603664398193359e+00
4.118000000000000327e+00,2.193339824676513672e+00
4.118999999999999773e+00,2.308141708374023438e+00
4.120000000000000107e+00,2.158786058425903320e+00
4.121000000000000441e+00,2.262806892395019531e+00
4.121999999999999886e+00,2.241289854049682617e+00
4.123000000000000220e+00,2.286179304122924805e+00
4.123999999999999666e+00,2.228504657745361328e+00
4.125000000000000000e+00,2.220047712326049805e+00
4.126000000000000334e+00,2.254286050796508789e+00
4.126999999999999780e+00,2.219137907028198242e+00
4.128000000000000114e+00,2.215276479721069336e+00
4.128999999999999559e+00,2.311593770980834961e+00
4.129999999999999893e+00,2.214653491973876953e+00
4.131000000000000227e+00,2.240343332290649414e+00
4.131999999999999673e+00,2.192116022109985352e+00
4.133000000000000007e+00,2.203094482421875000e+00
4.134000000000000341e+00,2.180800914764404297e+00
4.134999999999999787e+00,2.172440528869628906e+00
4.136000000000000121e+00,2.180038928985595703e+00
4.136999999999999567e+00,2.203511953353881836e+00
4.137999999999999901e+00,2.349276304244995117e+00
4.139000000000000234e+00,2.241825819015502930e+00
4.139999999999999680e+00,2.294281005859375000e+00
4.141000000000000014e+00,2.341724872589111328e+00
4.142000000000000348e+00,2.312942266464233398e+00
4.142999999999999794e+00,2.348732233047485352e+00
4.144000000000000128e+00,2.297954320907592773e+00
4.144999999999999574e+00,2.197891235351562500e+00
4.145999999999999908e+00,2.186138391494750977e+00
4.147000000000000242e+00,2.264184474945068359e+00
4.147999999999999687e+00,2.189245939254760742e+00
4.149000000000000021e+00,2.202816247940063477e+00
4.150000000000000355e+00,2.187809705734252930e+00
4.150999999999999801e+00,2.199983358383178711e+00
4.152000000000000135e+00,2.180988311767578125e+00
4.152999999999999581e+00,2.196460485458374023e+00
4.153999999999999915e+00,2.163918256759643555e+00
4.155000000000000249e+00,2.263428211212158203e+00
4.155999999999999694e+00,2.280627727508544922e+00
4.157000000000000028e+00,2.166986942291259766e+00
4.158000000000000362e+00,2.227449178695678711e+00
4.158999999999999808e+00,2.218112945556640625e+00
4.160000000000000142e+00,2.123934984207153320e+00
4.160999999999999588e+00,2.188778877258300781e+00
4.161999999999999922e+00,2.199483633041381836e+00
4.163000000000000256e+00,2.256620168685913086e+00
4.163999999999999702e+00,2.294047117233276367e+00
4.165000000000000036e+00,2.190051317214965820e+00
4.166000000000000369e+00,2.250836849212646484e+00
4.166999999999999815e+00,2.311262130737304688e+00
4.168000000000000149e+00,2.383909940719604492e+00
4.168999999999999595e+00,2.292754411697387695e+00
4.169999999999999929e+00,2.363592863082885742e+00
4.171000000000000263e+00,2.443690776824951172e+00
4.171999999999999709e+00,2.351950883865356445e+00
4.173000000000000043e+00,2.290244817733764648e+00
4.174000000000000377e+00,2.358982086181640625e+00
4.174999999999999822e+00,2.408760070800781250e+00
4.176000000000000156e+00,2.301043987274169922e+00
4.176999999999999602e+00,2.369349241256713867e+00
4.177999999999999936e+00,2.406276226043701172e+00
4.179000000000000270e+00,2.397124290466308594e+00
4.179999999999999716e+00,2.378081321716308594e+00
4.181000000000000050e+00,2.242019414901733398e+00
4.182000000000000384e+00,2.304972648620605469e+00
4.182999999999999829e+00,2.299332857131958008e+00
4.184000000000000163e+00,2.303819179534912109e+00
4.184999999999999609e+00,2.216279983520507812e+00
4.185999999999999943e+00,2.337705135345458984e+00
4.187000000000000277e+00,2.229788780212402344e+00
4.187999999999999723e+00,2.226910114288330078e+00
4.189000000000000057e+00,2.337595939636230469e+00
4.190000000000000391e+00,2.292274951934814453e+00
4.190999999999999837e+00,2.263665199279785156e+00
4.192000000000000171e+00,2.303885698318481445e+00
4.192999999999999616e+00,2.228504657745361328e+00
4.193999999999999950e+00,2.224199771881103516e+00
4.195000000000000284e+00,2.306790351867675781e+00
4.195999999999999730e+00,2.303197860717773438e+00
4.197000000000000064e+00,2.262795686721801758e+00
4.198000000000000398e+00,2.248485088348388672e+00
4.198999999999999844e+00,2.255974769592285156e+00
4.200000000000000178e+00,2.195529460906982422e+00
4.200999999999999623e+00,2.183506488800048828e+00
4.201999999999999957e+00,2.240331649780273438e+00
4.203000000000000291e+00,2.275230884552001953e+00
4.203999999999999737e+00,2.197867870330810547e+00
4.205000000000000071e+00,2.167576313018798828e+00
4.206000000000000405e+00,2.124500513076782227e+00
4.206999999999999851e+00,2.107918739318847656e+00
4.208000000000000185e+00,2.139210462570190430e+00
4.208999999999999631e+00,2.221716403961181641e+00
4.209999999999999964e+00,2.214191675186157227e+00
4.211000000000000298e+00,2.214538097381591797e+00
4.211999999999999744e+00,2.177317380905151367e+00
4.213000000000000078e+00,2.189969778060913086e+00
4.214000000000000412e+00,2.148806571960449219e+00
4.214999999999999858e+00,2.112279176712036133e+00
4.216000000000000192e+00,2.061503887176513672e+00
4.216999999999999638e+00,2.117789268493652344e+00
4.217999999999999972e+00,2.151742219924926758e+00
4.219000000000000306e+00,2.323602914810180664e+00
4.219999999999999751e+00,2.208042383193969727e+00
4.221000000000000085e+00,2.240947723388671875e+00
4.222000000000000419e+00,2.176507472991943359e+00
4.222999999999999865e+00,2.145390272140502930e+00
4.224000000000000199e+00,2.119670867919921875e+00
4.224999999999999645e+00,2.114963531494140625e+00
4.225999999999999979e+00,2.147224187850952148e+00
4.227000000000000313e+00,2.110063552856445312e+00
4.227999999999999758e+00,2.112206459045410156e+00
4.229000000000000092e+00,2.174639463424682617e+00
4.230000000000000426e+00,2.146605014801025391e+00
4.230999999999999872e+00,2.141228675842285156e+00
4.232000000000000206e+00,2.140727281570434570e+00
4.232999999999999652e+00,2.096405267715454102e+00
4.233999999999999986e+00,2.070571184158325195e+00
4.235000000000000320e+00,2.121876239776611328e+00
4.235999999999999766e+00,2.048108100891113281e+00
4.237000000000000099e+00,2.124043464660644531e+00
4.238000000000000433e+00,2.104326725006103516e+00
4.238999999999999879e+00,2.146795511245727539e+00
4.240000000000000213e+00,2.170416116714477539e+00
4.240999999999999659e+00,2.171157836914062500e+00
4.241999999999999993e+00,2.150126218795776367e+00
4.243000000000000327e+00,2.199506998062133789e+00
4.243999999999999773e+00,2.085404157638549805e+00
4.245000000000000107e+00,2.191171407699584961e+00
4.246000000000000441e+00,2.130111217498779297e+00
4.246999999999999886e+00,2.152229309082031250e+00
4.248000000000000220e+00,2.120888471603393555e+00
4.248999999999999666e+00,2.169685840606689453e+00
4.250000000000000000e+00,2.123236894607543945e+00
4.251000000000000334e+00,2.208192825317382812e+00
4.251999999999999780e+00,2.129187107086181641e+00
4.253000000000000114e+00,2.181000232696533203e+00
4.253999999999999559e+00,2.153357028961181641e+00
4.254999999999999893e+00,2.135132551193237305e+00
4.256000000000000227e+00,2.116775274276733398e+00
4.256999999999999673e+00,2.209049224853515625e+00
4.258000000000000007e+00,2.216845035552978516e+00
4.259000000000000341e+00,2.221889019012451172e+00
4.259999999999999787e+00,2.252164840698242188e+00
4.261000000000000121e+00,2.264173269271850586e+00
4.261999999999999567e+00,2.221566915512084961e+00
4.262999999999999901e+00,2.244776487350463867e+00
4.264000000000000234e+00,2.220542669296264648e+00
4.264999999999999680e+00,2.231461524963378906e+00
4.266000000000000014e+00,2.159023046493530273e+00
4.267000000000000348e+00,2.198460817337036133e+00
4.267999999999999794e+00,2.187412261962890625e+00
4.269000000000000128e+00,2.136879444122314453e+00
4.269999999999999574e+00,2.124632835388183594e+00
4.270999999999999908e+00,2.140727281570434570e+00
4.272000000000000242e+00,2.126869201660156250e+00
4.272999999999999687e+00,2.140476465225219727e+00
4.274000000000000021e+00,2.137812137603759766e+00
4.275000000000000355e+00,2.025534391403198242e+00
4.275999999999999801e+00,2.169768571853637695e+00
4.277000000000000135e+00,2.130003213882446289e+00
4.277999999999999581e+00,2.163280248641967773e+00
4.278999999999999915e+00,2.203361511230468750e+00
4.280000000000000249e+00,2.184594631195068359e+00
4.280999999999999694e+00,2.104460239410400391e+00
4.282000000000000028e+00,2.164992809295654297e+00
4.283000000000000362e+00,2.154555559158325195e+00
4.283999999999999808e+00,2.184337377548217773e+00
4.285000000000000142e+00,2.176460266113281250e+00
4.285999999999999588e+00,2.121334314346313477e+00
4.286999999999999922e+00,2.132976770401000977e+00
4.288000000000000256e+00,2.079156875610351562e+00
4.288999999999999702e+00,2.111722469329833984e+00
4.290000000000000036e+00,2.047421455383300781e+00
4.291000000000000369e+00,2.150791883468627930e+00
4.291999999999999815e+00,2.196262598037719727e+00
4.293000000000000149e+00,2.128598928451538086e+00
4.293999999999999595e+00,2.187833070755004883e+00
4.294999999999999929e+00,2.190879821777343750e+00
4.296000000000000263e+00,2.257265806198120117e+00
4.296999999999999709e+00,2.149115562438964844e+00
4.298000000000000043e+00,2.158383607864379883e+00
4.299000000000000377e+00,2.239921092987060547e+00
4.299999999999999822e+00,2.205540895462036133e+00
4.301000000000000156e+00,2.210460186004638672e+00
4.301999999999999602e+00,2.262434244155883789e+00
4.302999999999999936e+00,2.181246042251586914e+00
4.304000000000000270e+00,2.167623519897460938e+00
4.304999999999999716e+00,2.099815845489501953e+00
4.306000000000000050e+00,2.186746358871459961e+00
4.307000000000000384e+00,2.115289688110351562e+00
4.307999999999999829e+00,2.167387723922729492e+00
4.309000000000000163e+00,2.110100030899047852e+00
4.309999999999999609e+00,2.152122497558593750e+00
4.310999999999999943e+00,2.191684484481811523e+00
4.312000000000000277e+00,2.120539188385009766e+00
4.312999999999999723e+00,2.132329702377319336e+00
4.314000000000000057e+00,2.046897172927856445e+00
4.315000000000000391e+00,2.075933694839477539e+00
4.315999999999999837e+00,2.014400005340576172e+00
4.317000000000000171e+00,2.163858890533447266e+00
4.317999999999999616e+00,2.123838901519775391e+00
4.318999999999999950e+00,2.091144084930419922e+00
4.320000000000000284e+00,2.100667715072631836e+00
4.320999999999999730e+00,2.198809623718261719e+00
4.322000000000000064e+00,2.094868421554565430e+00
4.323000000000000398e+00,2.001327514648437500e+00
4.323999999999999844e+00,2.065962076187133789e+00
4.325000000000000178e+00,2.043347835540771484e+00
4.325999999999999623e+00,2.019468784332275391e+00
4.326999999999999957e+00,2.051424503326416016e+00
4.328000000000000291e+00,2.074591159820556641e+00
4.328999999999999737e+00,2.044511079788208008e+00
4.330000000000000071e+00,2.073013782501220703e+00
4.331000000000000405e+00,2.090533018112182617e+00
4.331999999999999851e+00,2.101251840591430664e+00
4.333000000000000185e+00,2.051138162612915039e+00
4.333999999999999631e+00,2.122755527496337891e+00
4.334999999999999964e+00,2.068669557571411133e+00
4.336000000000000298e+00,2.023249149322509766e+00
4.336999999999999744e+00,2.034598827362060547e+00
4.338000000000000078e+00,1.993560910224914551e+00
4.339000000000000412e+00,2.061330318450927734e+00
4.339999999999999858e+00,2.005167722702026367e+00
4.341000000000000192e+00,2.111335039138793945e+00
4.341999999999999638e+00,2.069274902343750000e+00
4.342999999999999972e+00,2.037598848342895508e+00
4.344000000000000306e+00,2.079758882522583008e+00
4.344999999999999751e+00,2.115265607833862305e+00
4.346000000000000085e+00,2.126736879348754883e+00
4.347000000000000419e+00,2.048332452774047852e+00
4.347999999999999865e+00,2.068694114685058594e+00
4.349000000000000199e+00,2.108936786651611328e+00
4.349999999999999645e+00,2.066852569580078125e+00
4.350999999999999979e+00,2.068175315856933594e+00
4.352000000000000313e+00,2.102832317352294922e+00
4.352999999999999758e+00,2.153274059295654297e+00
4.354000000000000092e+00,2.140774965286254883e+00
4.355000000000000426e+00,2.185588836669921875e+00
4.355999999999999872e+00,2.172028779983520508e+00
4.357000000000000206e+00,2.210414171218872070e+00
4.357999999999999652e+00,2.154294490814208984e+00
4.358999999999999986e+00,2.163977146148681641e+00
4.360000000000000320e+00,2.121912479400634766e+00
4.360999999999999766e+00,2.070953845977783203e+00
4.362000000000000099e+00,2.004249811172485352e+00
4.363000000000000433e+00,2.047646284103393555e+00
4.363999999999999879e+00,2.038464069366455078e+00
4.365000000000000213e+00,2.084950685501098633e+00
4.365999999999999659e+00,2.143209218978881836e+00
4.366999999999999993e+00,2.129775285720825195e+00
4.368000000000000327e+00,2.229502201080322266e+00
4.368999999999999773e+00,2.107736825942993164e+00
4.370000000000000107e+00,2.103123903274536133e+00
4.371000000000000441e+00,2.087878227233886719e+00
4.371999999999999886e+00,2.105613708496093750e+00
4.373000000000000220e+00,2.103634357452392578e+00
4.373999999999999666e+00,2.076573610305786133e+00
4.375000000000000000e+00,2.182663440704345703e+00
4.376000000000000334e+00,2.141228675842285156e+00
4.376999999999999780e+00,2.232045650482177734e+00
4.378000000000000114e+00,2.198693513870239258e+00
4.378999999999999559e+00,2.126544713973999023e+00
4.379999999999999893e+00,2.152348041534423828e+00
4.381000000000000227e+00,2.137070894241333008e+00
4.381999999999999673e+00,2.116606235504150391e+00
4.383000000000000007e+00,2.094514608383178711e+00
4.384000000000000341e+00,2.138648986816406250e+00
4.384999999999999787e+00,2.076241493225097656e+00
4.386000000000000121e+00,2.111322879791259766e+00
4.386999999999999567e+00,2.101677417755126953e+00
4.387999999999999901e+00,2.070669889450073242e+00
4.389000000000000234e+00,2.042872667312622070e+00
4.389999999999999680e+00,2.071015596389770508e+00
4.391000000000000014e+00,2.038677215576171875e+00
4.392000000000000348e+00,2.043160438537597656e+00
4.392999999999999794e+00,2.067137002944946289e+00
4.394000000000000128e+00,2.077398300170898438e+00
4.394999999999999574e+00,2.040894985198974609e+00
4.395999999999999908e+00,2.071521520614624023e+00
4.397000000000000242e+00,2.004007577896118164e+00
4.397999999999999687e+00,2.005295276641845703e+00
4.399000000000000021e+00,1.997159957885742188e+00
4.400000000000000355e+00,2.018709182739257812e+00
4.400999999999999801e+00,2.036130666732788086e+00
4.402000000000000135e+00,2.074529647827148438e+00
4.402999999999999581e+00,2.034146547317504883e+00
4.403999999999999915e+00,2.042609930038452148e+00
4.405000000000000249e+00,2.008211851119995117e+00
4.405999999999999694e+00,1.997083306312561035e+00
4.407000000000000028e+00,2.118669986724853516e+00
4.408000000000000362e+00,2.000905990600585938e+00
4.408999999999999808e+00,2.056613206863403320e+00
4.410000000000000142e+00,2.043085336685180664e+00
4.410999999999999588e+00,2.082853555679321289e+00
4.411999999999999922e+00,2.064650297164916992e+00
4.413000000000000256e+00,2.029643535614013672e+00
4.413999999999999702e+00,1.990404605865478516e+00
4.415000000000000036e+00,2.009878396987915039e+00
4.416000000000000369e+00,2.033103466033935547e+00
4.416999999999999815e+00,2.062681198120117188e+00
4.418000000000000149e+00,2.097660541534423828e+00
4.418999999999999595e+00,2.058029413223266602e+00
4.419999999999999929e+00,2.053454399108886719e+00
4.421000000000000263e+00,2.061640262603759766e+00
4.421999999999999709e+00,2.068817853927612305e+00
4.423000000000000043e+00,2.101616621017456055e+00
4.424000000000000377e+00,2.034661531448364258e+00
4.424999999999999822e+00,1.965609192848205566e+00
4.426000000000000156e+00,2.086984634399414062e+00
4.426999999999999602e+00,2.010234355926513672e+00
4.427999999999999936e+00,1.991829395294189453e+00
4.429000000000000270e+00,2.019177436828613281e+00
4.429999999999999716e+00,2.110160350799560547e+00
4.431000000000000050e+00,2.060338020324707031e+00
4.432000000000000384e+00,2.057557582855224609e+00
4.432999999999999829e+00,2.126580715179443359e+00
4.434000000000000163e+00,2.090056180953979492e+00
4.434999999999999609e+00,2.051275014877319336e+00
4.435999999999999943e+00,2.065145492553710938e+00
4.437000000000000277e+00,2.068434715270996094e+00
4.437999999999999723e+00,2.066370248794555664e+00
4.439000000000000057e+00,1.996532917022705078e+00
4.440000000000000391e+00,2.039491891860961914e+00
4.440999999999999837e+00,2.040093421936035156e+00
4.442000000000000171e+00,2.018987655639648438e+00
4.442999999999999616e+00,2.065330982208251953e+00
4.443999999999999950e+00,2.101263761520385742e+00
4.445000000000000284e+00,2.049966335296630859e+00
4.445999999999999730e+00,2.080164432525634766e+00
4.447000000000000064e+00,2.161069869995117188e+00
4.448000000000000398e+00,2.142362356185913086e+00
4.448999999999999844e+00,2.150161981582641602e+00
4.450000000000000178e+00,2.196704864501953125e+00
4.450999999999999623e+00,2.122538805007934570e+00
4.451999999999999957e+00,2.264534473419189453e+00
4.453000000000000291e+00,2.165004491806030273e+00
4.453999999999999737e+00,2.134474039077758789e+00
4.455000000000000071e+00,2.201040267944335938e+00
4.456000000000000405e+00,2.168095350265502930e+00
4.456999999999999851e+00,2.162358522415161133e+00
4.458000000000000185e+00,2.131754398345947266e+00
4.458999999999999631e+00,2.140751123428344727e+00
4.459999999999999964e+00,2.032851934432983398e+00
4.461000000000000298e+00,2.067557334899902344e+00
4.461999999999999744e+00,2.077385902404785156e+00
4.463000000000000078e+00,2.064204692840576172e+00
4.464000000000000412e+00,2.090948581695556641e+00
4.464999999999999858e+00,2.056663036346435547e+00
4.466000000000000192e+00,2.167151927947998047e+00
4.466999999999999638e+00,2.077902555465698242e+00
4.467999999999999972e+00,2.204752922058105469e+00
4.469000000000000306e+00,2.188778877258300781e+00
4.469999999999999751e+00,2.143626451492309570e+00
4.471000000000000085e+00,2.199018955230712891e+00
4.472000000000000419e+00,2.083111047744750977e+00
4.472999999999999865e+00,2.116739273071289062e+00
4.474000000000000199e+00,2.158774375915527344e+00
4.474999999999999645e+00,2.175203561782836914e+00
4.475999999999999979e+00,2.111589193344116211e+00
4.477000000000000313e+00,2.112097501754760742e+00
4.477999999999999758e+00,2.184688329696655273e+00
4.479000000000000092e+00,2.189023971557617188e+00
4.480000000000000426e+00,2.091474056243896484e+00
4.480999999999999872e+00,2.182956218719482422e+00
4.482000000000000206e+00,2.140846729278564453e+00
4.482999999999999652e+00,2.277341842651367188e+00
4.483999999999999986e+00,2.235329389572143555e+00
4.485000000000000320e+00,2.167741537094116211e+00
4.485999999999999766e+00,2.299677610397338867e+00
4.487000000000000099e+00,2.265222787857055664e+00
4.488000000000000433e+00,2.237215280532836914e+00
4.488999999999999879e+00,2.244002342224121094e+00
4.490000000000000213e+00,2.328338861465454102e+00
4.490999999999999659e+00,2.154697895050048828e+00
4.491999999999999993e+00,2.214272499084472656e+00
4.493000000000000327e+00,2.177434921264648438e+00
4.493999999999999773e+00,2.240936279296875000e+00
4.495000000000000107e+00,2.296252012252807617e+00
4.496000000000000441e+00,2.233316421508789062e+00
4.496999999999999886e+00,2.347175598144531250e+00
4.498000000000000220e+00,2.154875755310058594e+00
4.498999999999999666e+00,2.125534772872924805e+00
4.500000000000000000e+00,2.125342369079589844e+00
4.501000000000000334e+00,2.108173131942749023e+00
4.501999999999999780e+00,2.172111272811889648e+00
4.503000000000000114e+00,2.191358089447021484e+00
4.503999999999999559e+00,2.090227365493774414e+00
4.504999999999999893e+00,2.048744201660156250e+00
4.506000000000000227e+00,2.116485595703125000e+00
4.506999999999999673e+00,2.195401430130004883e+00
4.508000000000000007e+00,2.189817905426025391e+00
4.509000000000000341e+00,2.170109987258911133e+00
4.509999999999999787e+00,2.204138278961181641e+00
4.511000000000000121e+00,2.136676073074340820e+00
4.511999999999999567e+00,2.217340707778930664e+00
4.512999999999999901e+00,2.128682851791381836e+00
4.514000000000000234e+00,2.118223667144775391e+00
4.514999999999999680e+00,2.171958208084106445e+00
4.516000000000000014e+00,2.181035280227661133e+00
4.517000000000000348e+00,2.396836519241333008e+00
4.517999999999999794e+00,2.263360261917114258e+00
4.519000000000000128e+00,2.159235954284667969e+00
4.519999999999999574e+00,2.151647329330444336e+00
4.520999999999999908e+00,2.123092651367187500e+00
4.522000000000000242e+00,2.072495937347412109e+00
4.522999999999999687e+00,2.144520521163940430e+00
4.524000000000000021e+00,2.154911279678344727e+00
4.525000000000000355e+00,2.185027599334716797e+00
4.525999999999999801e+00,2.274062395095825195e+00
4.527000000000000135e+00,2.232938766479492188e+00
4.527999999999999581e+00,2.344571828842163086e+00
4.528999999999999915e+00,2.202572345733642578e+00
4.530000000000000249e+00,2.201678752899169922e+00
4.530999999999999694e+00,2.131490468978881836e+00
4.532000000000000028e+00,2.083135604858398438e+00
4.533000000000000362e+00,2.167788505554199219e+00
4.533999999999999808e+00,2.131334781646728516e+00
4.535000000000000142e+00,2.052657604217529297e+00
4.535999999999999588e+00,2.114020586013793945e+00
4.536999999999999922e+00,2.118199586868286133e+00
4.538000000000000256e+00,2.129907131195068359e+00
4.538999999999999702e+00,2.092952251434326172e+00
4.540000000000000036e+00,2.132905006408691406e+00
4.541000000000000369e+00,2.120466709136962891e+00
4.541999999999999815e+00,2.130650997161865234e+00
4.543000000000000149e+00,2.174075126647949219e+00
4.543999999999999595e+00,2.176894903182983398e+00
4.544999999999999929e+00,2.165618181228637695e+00
4.546000000000000263e+00,2.147854804992675781e+00
4.546999999999999709e+00,2.179147958755493164e+00
4.548000000000000043e+00,2.150863170623779297e+00
4.549000000000000377e+00,2.100971937179565430e+00
4.549999999999999822e+00,2.153677463531494141e+00
4.551000000000000156e+00,2.138290405273437500e+00
4.551999999999999602e+00,2.163280248641967773e+00
4.552999999999999936e+00,2.166857004165649414e+00
4.554000000000000270e+00,2.216614484786987305e+00
4.554999999999999716e+00,2.218919277191162109e+00
4.556000000000000050e+00,2.135168552398681641e+00
4.557000000000000384e+00,2.280795812606811523e+00
4.557999999999999829e+00,2.176988601684570312e+00
4.559000000000000163e+00,2.102771520614624023e+00
4.559999999999999609e+00,2.218665838241577148e+00
4.560999999999999943e+00,2.136305332183837891e+00
4.562000000000000277e+00,2.152229309082031250e+00
4.562999999999999723e+00,2.141968488693237305e+00
4.564000000000000057e+00,2.152929782867431641e+00
4.565000000000000391e+00,2.203245401382446289e+00
4.565999999999999837e+00,2.123862743377685547e+00
4.567000000000000171e+00,2.120816230773925781e+00
4.567999999999999616e+00,2.166479587554931641e+00
4.568999999999999950e+00,2.073087692260742188e+00
4.570000000000000284e+00,2.116062879562377930e+00
4.570999999999999730e+00,2.219046115875244141e+00
4.572000000000000064e+00,2.234689235687255859e+00
4.573000000000000398e+00,2.248246431350708008e+00
4.573999999999999844e+00,2.385774612426757812e+00
4.575000000000000178e+00,2.378747701644897461e+00
4.575999999999999623e+00,2.372755527496337891e+00
4.576999999999999957e+00,2.338000297546386719e+00
4.578000000000000291e+00,2.306280612945556641e+00
4.578999999999999737e+00,2.276241540908813477e+00
4.580000000000000071e+00,2.211338996887207031e+00
4.581000000000000405e+00,2.248360157012939453e+00
4.581999999999999851e+00,2.250257492065429688e+00
4.583000000000000185e+00,2.205703258514404297e+00
4.583999999999999631e+00,2.253934621810913086e+00
4.584999999999999964e+00,2.198902606964111328e+00
4.586000000000000298e+00,2.230361938476562500e+00
4.586999999999999744e+00,2.165618181228637695e+00
4.588000000000000078e+00,2.242669105529785156e+00
4.589000000000000412e+00,2.225210666656494141e+00
4.589999999999999858e+00,2.179253339767456055e+00
4.591000000000000192e+00,2.225635528564453125e+00
4.591999999999999638e+00,2.226140975952148438e+00
4.592999999999999972e+00,2.247382164001464844e+00
4.594000000000000306e+00,2.178150653839111328e+00
4.594999999999999751e+00,2.231576204299926758e+00
4.596000000000000085e+00,2.269539833068847656e+00
4.597000000000000419e+00,2.196890830993652344e+00
4.597999999999999865e+00,2.192640542984008789e+00
4.599000000000000199e+00,2.216879606246948242e+00
4.599999999999999645e+00,2.136245489120483398e+00
4.600999999999999979e+00,2.214445829391479492e+00
4.602000000000000313e+00,2.212251901626586914e+00
4.602999999999999758e+00,2.197332859039306641e+00
4.604000000000000092e+00,2.226783752441406250e+00
4.605000000000000426e+00,2.241426706314086914e+00
4.605999999999999872e+00,2.261767625808715820e+00
4.607000000000000206e+00,2.207753181457519531e+00
4.607999999999999652e+00,2.235203742980957031e+00
4.608999999999999986e+00,2.168849468231201172e+00
4.610000000000000320e+00,2.252301216125488281e+00
4.610999999999999766e+00,2.172276020050048828e+00
4.612000000000000099e+00,2.239806890487670898e+00
4.613000000000000433e+00,2.115615844726562500e+00
4.613999999999999879e+00,2.068644762039184570e+00
4.615000000000000213e+00,2.130698919296264648e+00
4.615999999999999659e+00,2.178666830062866211e+00
4.616999999999999993e+00,2.073691844940185547e+00
4.618000000000000327e+00,2.108488321304321289e+00
4.618999999999999773e+00,2.112109661102294922e+00
4.620000000000000107e+00,2.117813348770141602e+00
4.621000000000000441e+00,2.045085906982421875e+00
4.621999999999999886e+00,2.092549324035644531e+00
4.623000000000000220e+00,2.156606674194335938e+00
4.623999999999999666e+00,2.113923788070678711e+00
4.625000000000000000e+00,2.099487304687500000e+00
4.626000000000000334e+00,2.097368001937866211e+00
4.626999999999999780e+00,2.103780031204223633e+00
4.628000000000000114e+00,2.042059421539306641e+00
4.628999999999999559e+00,2.019924163818359375e+00
4.629999999999999893e+00,2.099523782730102539e+00
4.631000000000000227e+00,2.137608766555786133e+00
4.631999999999999673e+00,2.119803667068481445e+00
4.633000000000000007e+00,2.092695713043212891e+00
4.634000000000000341e+00,2.117680549621582031e+00
4.634999999999999787e+00,2.149769783020019531e+00
4.636000000000000121e+00,2.109360933303833008e+00
4.636999999999999567e+00,2.144901752471923828e+00
4.637999999999999901e+00,2.136149883270263672e+00
4.639000000000000234e+00,2.123405456542968750e+00
4.639999999999999680e+00,2.075613498687744141e+00
4.641000000000000014e+00,2.205877065658569336e+00
4.642000000000000348e+00,2.198670148849487305e+00
4.642999999999999794e+00,2.201040267944335938e+00
4.644000000000000128e+00,2.115229129791259766e+00
4.644999999999999574e+00,2.132245779037475586e+00
4.645999999999999908e+00,2.077927112579345703e+00
4.647000000000000242e+00,2.094551324844360352e+00
4.647999999999999687e+00,2.049093484878540039e+00
4.649000000000000021e+00,2.066023826599121094e+00
4.650000000000000355e+00,2.085257053375244141e+00
4.650999999999999801e+00,2.099791526794433594e+00
4.652000000000000135e+00,2.130531072616577148e+00
4.652999999999999581e+00,2.063535928726196289e+00
4.653999999999999915e+00,2.101215124130249023e+00
4.655000000000000249e+00,2.114346981048583984e+00
4.655999999999999694e+00,2.061454296112060547e+00
4.657000000000000028e+00,2.056451797485351562e+00
4.658000000000000362e+00,2.046460151672363281e+00
4.658999999999999808e+00,2.071175813674926758e+00
4.660000000000000142e+00,2.092109441757202148e+00
4.660999999999999588e+00,2.033895254135131836e+00
4.661999999999999922e+00,2.059084892272949219e+00
4.663000000000000256e+00,2.106718063354492188e+00
4.663999999999999702e+00,2.126989126205444336e+00
4.665000000000000036e+00,2.050764083862304688e+00
4.666000000000000369e+00,2.061007738113403320e+00
4.666999999999999815e+00,2.024007081985473633e+00
4.668000000000000149e+00,2.086494684219360352e+00
4.668999999999999595e+00,1.981215357780456543e+00
4.669999999999999929e+00,2.054014444351196289e+00
4.671000000000000263e+00,1.996801614761352539e+00
4.671999999999999709e+00,1.997390389442443848e+00
4.673000000000000043e+00,2.068138122558593750e+00
4.674000000000000377e+00,2.000101089477539062e+00
4.674999999999999822e+00,1.976889133453369141e+00
4.676000000000000156e+00,2.074061393737792969e+00
4.676999999999999602e+00,1.980195999145507812e+00
4.677999999999999936e+00,2.040168523788452148e+00
4.679000000000000270e+00,1.970193862915039062e+00
4.679999999999999716e+00,2.058935880661010742e+00
4.681000000000000050e+00,2.029933214187622070e+00
4.682000000000000384e+00,2.084950685501098633e+00
4.682999999999999829e+00,2.011301994323730469e+00
4.684000000000000163e+00,2.009560346603393555e+00
4.684999999999999609e+00,2.009865522384643555e+00
4.685999999999999943e+00,2.013371944427490234e+00
4.687000000000000277e+00,2.056488990783691406e+00
4.687999999999999723e+00,2.089298009872436523e+00
4.689000000000000057e+00,2.067347049713134766e+00
4.690000000000000391e+00,2.068916559219360352e+00
4.690999999999999837e+00,2.114625215530395508e+00
4.692000000000000171e+00,2.075551986694335938e+00
4.692999999999999616e+00,2.098549842834472656e+00
4.693999999999999950e+00,2.097234010696411133e+00
4.695000000000000284e+00,2.122839689254760742e+00
4.695999999999999730e+00,2.113234758377075195e+00
4.697000000000000064e+00,2.073050737380981445e+00
4.698000000000000398e+00,2.212863922119140625e+00
4.698999999999999844e+00,2.090215206146240234e+00
4.700000000000000178e+00,2.087364196777343750e+00
4.700999999999999623e+00,2.063511133193969727e+00
4.701999999999999957e+00,2.058203458786010742e+00
4.703000000000000291e+00,2.116099119186401367e+00
4.703999999999999737e+00,2.096002817153930664e+00
4.705000000000000071e+00,1.992111682891845703e+00
4.706000000000000405e+00,2.025054931640625000e+00
4.706999999999999851e+00,2.103354692459106445e+00
4.708000000000000185e+00,2.026114702224731445e+00
4.708999999999999631e+00,2.086616992950439453e+00
4.709999999999999964e+00,2.001876592636108398e+00
4.711000000000000298e+00,1.996737718582153320e+00
4.711999999999999744e+00,2.060883760452270508e+00
4.713000000000000078e+00,2.052346229553222656e+00
4.714000000000000412e+00,2.066902160644531250e+00
4.714999999999999858e+00,2.008759021759033203e+00
4.716000000000000192e+00,2.043823242187500000e+00
4.716999999999999638e+00,2.036996603012084961e+00
4.717999999999999972e+00,1.973835706710815430e+00
4.719000000000000306e+00,2.060251235961914062e+00
4.719999999999999751e+00,2.054462194442749023e+00
4.721000000000000085e+00,2.059978246688842773e+00
4.722000000000000419e+00,2.114105463027954102e+00
4.722999999999999865e+00,2.103658676147460938e+00
4.724000000000000199e+00,2.106135606765747070e+00
4.724999999999999645e+00,2.099365711212158203e+00
4.725999999999999979e+00,2.140010833740234375e+00
4.727000000000000313e+00,2.076093673706054688e+00
4.727999999999999758e+00,2.151148319244384766e+00
4.729000000000000092e+00,2.168366432189941406e+00
4.730000000000000426e+00,2.129823207855224609e+00
4.730999999999999872e+00,2.061218738555908203e+00
4.732000000000000206e+00,2.133995056152343750e+00
4.732999999999999652e+00,2.044123172760009766e+00
4.733999999999999986e+00,1.996545672416687012e+00
4.735000000000000320e+00,2.080361127853393555e+00
4.735999999999999766e+00,1.988438963890075684e+00
4.737000000000000099e+00,2.078468322753906250e+00
4.738000000000000433e+00,2.053578853607177734e+00
4.738999999999999879e+00,1.958901643753051758e+00
4.740000000000000213e+00,2.056749820709228516e+00
4.740999999999999659e+00,2.066431999206542969e+00
4.741999999999999993e+00,1.959005832672119141e+00
4.743000000000000327e+00,1.951895833015441895e+00
4.743999999999999773e+00,1.988606214523315430e+00
4.745000000000000107e+00,2.004300832748413086e+00
4.746000000000000441e+00,2.001302003860473633e+00
4.746999999999999886e+00,1.989235758781433105e+00
4.748000000000000220e+00,1.984270215034484863e+00
4.748999999999999666e+00,2.008555412292480469e+00
4.750000000000000000e+00,2.045360803604125977e+00
4.751000000000000334e+00,2.067829132080078125e+00
4.751999999999999780e+00,2.024878025054931641e+00
4.753000000000000114e+00,2.085024118423461914e+00
4.753999999999999559e+00,1.990687131881713867e+00
4.754999999999999893e+00,1.981705427169799805e+00
4.756000000000000227e+00,1.981666684150695801e+00
4.756999999999999673e+00,2.024297475814819336e+00
4.758000000000000007e+00,2.021985530853271484e+00
4.759000000000000341e+00,2.021378755569458008e+00
4.759999999999999787e+00,2.069348812103271484e+00
4.761000000000000121e+00,2.064452171325683594e+00
4.761999999999999567e+00,2.085514545440673828e+00
4.762999999999999901e+00,2.085036516189575195e+00
4.764000000000000234e+00,2.079070806503295898e+00
4.764999999999999680e+00,2.074110746383666992e+00
4.766000000000000014e+00,2.039968013763427734e+00
4.767000000000000348e+00,1.972618103027343750e+00
4.767999999999999794e+00,2.041696310043334961e+00
4.769000000000000128e+00,2.076475381851196289e+00
4.769999999999999574e+00,2.150958061218261719e+00
4.770999999999999908e+00,2.107554912567138672e+00
4.772000000000000242e+00,2.084791183471679688e+00
4.772999999999999687e+00,2.211338996887207031e+00
4.774000000000000021e+00,2.138421773910522461e+00
4.775000000000000355e+00,2.134653568267822266e+00
4.775999999999999801e+00,2.161838531494140625e+00
4.777000000000000135e+00,2.061912775039672852e+00
4.777999999999999581e+00,2.138840198516845703e+00
4.778999999999999915e+00,2.158312559127807617e+00
4.780000000000000249e+00,2.148306846618652344e+00
4.780999999999999694e+00,2.072138309478759766e+00
4.782000000000000028e+00,2.080139875411987305e+00
4.783000000000000362e+00,2.125895500183105469e+00
4.783999999999999808e+00,2.126821041107177734e+00
4.785000000000000142e+00,2.116835594177246094e+00
4.785999999999999588e+00,2.214514970779418945e+00
4.786999999999999922e+00,2.155765056610107422e+00
4.788000000000000256e+00,2.080901622772216797e+00
4.788999999999999702e+00,2.117439270019531250e+00
4.790000000000000036e+00,2.144460916519165039e+00
4.791000000000000369e+00,2.124981641769409180e+00
4.791999999999999815e+00,2.151160240173339844e+00
4.793000000000000149e+00,2.099316835403442383e+00
4.793999999999999595e+00,2.054487228393554688e+00
4.794999999999999929e+00,2.146283626556396484e+00
4.796000000000000263e+00,2.147890567779541016e+00
4.796999999999999709e+00,2.171969890594482422e+00
4.798000000000000043e+00,2.095307826995849609e+00
4.799000000000000377e+00,2.125198364257812500e+00
4.799999999999999822e+00,2.081466436386108398e+00
4.801000000000000156e+00,2.168165922164916992e+00
4.801999999999999602e+00,2.147593021392822266e+00
4.802999999999999936e+00,2.091217517852783203e+00
4.804000000000000270e+00,2.345639705657958984e+00
4.804999999999999716e+00,2.393421888351440430e+00
4.806000000000000050e+00,2.364760398864746094e+00
4.807000000000000384e+00,2.290825128555297852e+00
4.807999999999999829e+00,2.371257781982421875e+00
4.809000000000000163e+00,2.365700721740722656e+00
4.809999999999999609e+00,2.275500535964965820e+00
4.810999999999999943e+00,2.340993642807006836e+00
4.812000000000000277e+00,2.270924568176269531e+00
4.812999999999999723e+00,2.460066556930541992e+00
4.814000000000000057e+00,2.257707357406616211e+00
4.815000000000000391e+00,2.371958255767822266e+00
4.815999999999999837e+00,2.506860494613647461e+00
4.817000000000000171e+00,2.299444198608398438e+00
4.817999999999999616e+00,2.362056970596313477e+00
4.818999999999999950e+00,2.359534502029418945e+00
4.820000000000000284e+00,2.366823911666870117e+00
4.820999999999999730e+00,2.168849468231201172e+00
4.822000000000000064e+00,2.281389474868774414e+00
4.823000000000000398e+00,2.268728971481323242e+00
4.823999999999999844e+00,2.247143268585205078e+00
4.825000000000000178e+00,2.323899745941162109e+00
4.825999999999999623e+00,2.252040147781372070e+00
4.826999999999999957e+00,2.298154592514038086e+00
4.828000000000000291e+00,2.306358337402343750e+00
4.828999999999999737e+00,2.318537712097167969e+00
4.830000000000000071e+00,2.346642017364501953e+00
4.831000000000000405e+00,2.333590745925903320e+00
4.831999999999999851e+00,2.309093713760375977e+00
4.833000000000000185e+00,2.336414813995361328e+00
4.833999999999999631e+00,2.321743488311767578e+00
4.834999999999999964e+00,2.404565334320068359e+00
4.836000000000000298e+00,2.390601158142089844e+00
4.836999999999999744e+00,2.272196054458618164e+00
4.838000000000000078e+00,2.202642202377319336e+00
4.839000000000000412e+00,2.155077457427978516e+00
4.839999999999999858e+00,2.261462450027465820e+00
4.841000000000000192e+00,2.276735782623291016e+00
4.841999999999999638e+00,2.250359773635864258e+00
4.842999999999999972e+00,2.234082937240600586e+00
4.844000000000000306e+00,2.427004575729370117e+00
4.844999999999999751e+00,2.387177467346191406e+00
4.846000000000000085e+00,2.426972866058349609e+00
4.847000000000000419e+00,2.424096345901489258e+00
4.847999999999999865e+00,2.467607975006103516e+00
4.849000000000000199e+00,2.449269294738769531e+00
4.849999999999999645e+00,2.359956979751586914e+00
4.850999999999999979e+00,2.282744646072387695e+00
4.852000000000000313e+00,2.033606052398681641e+00
4.852999999999999758e+00,2.084815740585327148e+00
4.854000000000000092e+00,2.154294490814208984e+00
4.855000000000000426e+00,2.096405267715454102e+00
4.855999999999999872e+00,1.984914064407348633e+00
4.857000000000000206e+00,1.977690458297729492e+00
4.857999999999999652e+00,2.022882938385009766e+00
4.858999999999999986e+00,2.145485639572143555e+00
4.860000000000000320e+00,2.146831274032592773e+00
4.860999999999999766e+00,2.081208467483520508e+00
4.862000000000000099e+00,2.161389112472534180e+00
4.863000000000000433e+00,2.053603649139404297e+00
4.863999999999999879e+00,2.078087091445922852e+00
4.865000000000000213e+00,2.037335395812988281e+00
4.865999999999999659e+00,1.951306462287902832e+00
4.866999999999999993e+00,2.025042057037353516e+00
4.868000000000000327e+00,1.924892783164978027e+00
4.868999999999999773e+00,2.033493041992187500e+00
4.870000000000000107e+00,1.976798534393310547e+00
4.871000000000000441e+00,1.986998915672302246e+00
4.871999999999999886e+00,1.918082833290100098e+00
4.873000000000000220e+00,1.969246625900268555e+00
4.873999999999999666e+00,2.080066204071044922e+00
4.875000000000000000e+00,1.991072177886962891e+00
4.876000000000000334e+00,2.079119920730590820e+00
4.876999999999999780e+00,2.009051322937011719e+00
4.878000000000000114e+00,2.043298006057739258e+00
4.878999999999999559e+00,2.118995666503906250e+00
4.879999999999999893e+00,2.105018854141235352e+00
4.881000000000000227e+00,1.995585441589355469e+00
4.881999999999999673e+00,2.052968978881835938e+00
4.883000000000000007e+00,2.072754859924316406e+00
4.884000000000000341e+00,2.021214485168457031e+00
4.884999999999999787e+00,2.104411602020263672e+00
4.886000000000000121e+00,2.120141267776489258e+00
4.886999999999999567e+00,2.081429481506347656e+00
4.887999999999999901e+00,2.104970455169677734e+00
4.889000000000000234e+00,2.067742586135864258e+00
4.889999999999999680e+00,2.050527334213256836e+00
4.891000000000000014e+00,2.066023826599121094e+00
4.892000000000000348e+00,2.023527145385742188e+00
4.892999999999999794e+00,1.989210128784179688e+00
4.894000000000000128e+00,2.010475873947143555e+00
4.894999999999999574e+00,2.108973264694213867e+00
4.895999999999999908e+00,2.255260705947875977e+00
4.897000000000000242e+00,2.270328044891357422e+00
4.897999999999999687e+00,2.288838386535644531e+00
4.899000000000000021e+00,2.240297555923461914e+00
4.900000000000000355e+00,2.217813253402709961e+00
4.900999999999999801e+00,2.295784473419189453e+00
4.902000000000000135e+00,2.213152647018432617e+00
4.902999999999999581e+00,2.283326625823974609e+00
4.903999999999999915e+00,2.198298215866088867e+00
4.905000000000000249e+00,2.168024539947509766e+00
4.905999999999999694e+00,2.052931547164916992e+00
4.907000000000000028e+00,2.212817907333374023e+00
4.908000000000000362e+00,2.088465929031372070e+00
4.908999999999999808e+00,2.332758426666259766e+00
4.910000000000000142e+00,2.486047506332397461e+00
4.910999999999999588e+00,2.441409826278686523e+00
4.911999999999999922e+00,2.404799222946166992e+00
4.913000000000000256e+00,2.409152746200561523e+00
4.913999999999999702e+00,2.428046941757202148e+00
4.915000000000000036e+00,2.406424760818481445e+00
4.916000000000000369e+00,2.427931070327758789e+00
4.916999999999999815e+00,2.378683090209960938e+00
4.918000000000000149e+00,2.386556386947631836e+00
4.918999999999999595e+00,2.341757774353027344e+00
4.919999999999999929e+00,2.276645898818969727e+00
4.921000000000000263e+00,2.277442932128906250e+00
4.921999999999999709e+00,2.332002162933349609e+00
4.923000000000000043e+00,2.243831396102905273e+00
4.924000000000000377e+00,2.227483749389648438e+00
4.924999999999999822e+00,2.157613754272460938e+00
4.926000000000000156e+00,2.080201387405395508e+00
4.926999999999999602e+00,2.064340829849243164e+00
4.927999999999999936e+00,2.180707216262817383e+00
4.929000000000000270e+00,2.184231996536254883e+00
4.929999999999999716e+00,2.135431766510009766e+00
4.931000000000000050e+00,2.157483577728271484e+00
4.932000000000000384e+00,2.217029571533203125e+00
4.932999999999999829e+00,2.205564022064208984e+00
4.934000000000000163e+00,2.099268198013305664e+00
4.934999999999999609e+00,2.126893281936645508e+00
4.935999999999999943e+00,2.094441413879394531e+00
4.937000000000000277e+00,2.186571121215820312e+00
4.937999999999999723e+00,2.042034149169921875e+00
4.939000000000000057e+00,2.043060302734375000e+00
4.940000000000000391e+00,2.039329051971435547e+00
4.940999999999999837e+00,2.014273166656494141e+00
4.942000000000000171e+00,2.026820898056030273e+00
4.942999999999999616e+00,2.047783374786376953e+00
4.943999999999999950e+00,2.010119915008544922e+00
4.945000000000000284e+00,2.035163879394531250e+00
4.945999999999999730e+00,2.187190294265747070e+00
4.947000000000000064e+00,2.151053190231323242e+00
4.948000000000000398e+00,2.200517654418945312e+00
4.948999999999999844e+00,2.180601596832275391e+00
4.950000000000000178e+00,2.077041387557983398e+00
4.950999999999999623e+00,2.111286640167236328e+00
4.951999999999999957e+00,2.194330215454101562e+00
4.953000000000000291e+00,2.132090091705322266e+00
4.953999999999999737e+00,2.112049102783203125e+00
4.955000000000000071e+00,2.047458887100219727e+00
4.956000000000000405e+00,2.081761121749877930e+00
4.956999999999999851e+00,2.172581672668457031e+00
4.958000000000000185e+00,2.079021692276000977e+00
4.958999999999999631e+00,2.074480295181274414e+00
4.959999999999999964e+00,2.149960041046142578e+00
4.961000000000000298e+00,2.018633127212524414e+00
4.961999999999999744e+00,2.045423269271850586e+00
4.963000000000000078e+00,1.985055804252624512e+00
4.964000000000000412e+00,1.977897167205810547e+00
4.964999999999999858e+00,1.979640841484069824e+00
4.966000000000000192e+00,2.004084110260009766e+00
4.966999999999999638e+00,2.008860588073730469e+00
4.967999999999999972e+00,2.094197511672973633e+00
4.969000000000000306e+00,2.156322240829467773e+00
4.969999999999999751e+00,2.083908557891845703e+00
4.971000000000000085e+00,2.048868894577026367e+00
4.972000000000000419e+00,2.063313007354736328e+00
4.972999999999999865e+00,2.062730789184570312e+00
4.974000000000000199e+00,2.059196472167968750e+00
4.974999999999999645e+00,1.962603330612182617e+00
4.975999999999999979e+00,1.966623187065124512e+00
4.977000000000000313e+00,1.968389749526977539e+00
4.977999999999999758e+00,1.910298824310302734e+00
4.979000000000000092e+00,1.982079267501831055e+00
4.980000000000000426e+00,1.978478550910949707e+00
4.980999999999999872e+00,1.978271722793579102e+00
4.982000000000000206e+00,2.031543970108032227e+00
4.982999999999999652e+00,2.157921791076660156e+00
4.983999999999999986e+00,2.049018621444702148e+00
4.985000000000000320e+00,2.134186744689941406e+00
4.985999999999999766e+00,2.158561229705810547e+00
4.987000000000000099e+00,2.138553142547607422e+00
4.988000000000000433e+00,2.094392538070678711e+00
4.988999999999999879e+00,2.125835418701171875e+00
4.990000000000000213e+00,2.151659011840820312e+00
4.990999999999999659e+00,2.209477424621582031e+00
4.991999999999999993e+00,2.104120254516601562e+00
4.993000000000000327e+00,2.143137693405151367e+00
4.993999999999999773e+00,2.139688253402709961e+00
4.995000000000000107e+00,2.105358839035034180e+00
4.996000000000000441e+00,2.162405967712402344e+00
4.996999999999999886e+00,2.151017665863037109e+00
4.998000000000000220e+00,2.165677309036254883e+00
4.998999999999999666e+00,2.161460161209106445e+00
