time_ns,rg_A
0.000000000000000000e+00,1.696064586932315166e+01
1.000000000000000021e-03,1.692119318558581753e+01
2.000000000000000042e-03,1.692440548038919701e+01
3.000000000000000062e-03,1.690800454033287181e+01
4.000000000000000083e-03,1.688414547852091374e+01
5.000000000000000104e-03,1.692826870768415404e+01
6.000000000000000125e-03,1.696078343686610879e+01
7.000000000000000146e-03,1.688672651280660020e+01
8.000000000000000167e-03,1.696330818223393777e+01
8.999999999999999320e-03,1.696231195674486969e+01
1.000000000000000021e-02,1.696347850823404713e+01
1.099999999999999936e-02,1.690847272841552851e+01
1.200000000000000025e-02,1.695074441686110234e+01
1.299999999999999940e-02,1.699689147762182628e+01
1.400000000000000029e-02,1.700286088398346962e+01
1.499999999999999944e-02,1.695988384791873216e+01
1.600000000000000033e-02,1.694786607117279331e+01
1.700000000000000122e-02,1.696828258938478129e+01
1.799999999999999864e-02,1.699608726476308007e+01
1.899999999999999953e-02,1.697226479728692539e+01
2.000000000000000042e-02,1.702749677449664745e+01
2.100000000000000130e-02,1.692708218775305440e+01
2.199999999999999872e-02,1.704337406037025460e+01
2.299999999999999961e-02,1.695143060066671126e+01
2.400000000000000050e-02,1.696224251388705895e+01
2.500000000000000139e-02,1.698116701711455079e+01
2.599999999999999881e-02,1.699309501192718130e+01
2.699999999999999969e-02,1.697592342138737109e+01
2.800000000000000058e-02,1.694646481704101859e+01
2.900000000000000147e-02,1.696310264514119126e+01
2.999999999999999889e-02,1.691772176844969522e+01
3.099999999999999978e-02,1.689312219945599125e+01
3.200000000000000067e-02,1.688489360986765675e+01
3.300000000000000155e-02,1.693597996133150119e+01
3.400000000000000244e-02,1.689699063644280486e+01
3.500000000000000333e-02,1.697641162892571387e+01
3.599999999999999728e-02,1.694233570652646037e+01
3.699999999999999817e-02,1.699906966472489245e+01
3.799999999999999906e-02,1.694193590715735454e+01
3.899999999999999994e-02,1.695977953255852455e+01
4.000000000000000083e-02,1.688721550389438519e+01
4.100000000000000172e-02,1.697271788991705677e+01
4.200000000000000261e-02,1.695686719698454681e+01
4.299999999999999656e-02,1.694641087203167729e+01
4.399999999999999745e-02,1.698132423527313861e+01
4.499999999999999833e-02,1.698336167444423239e+01
4.599999999999999922e-02,1.695506585922099774e+01
4.700000000000000011e-02,1.689654798256271562e+01
4.800000000000000100e-02,1.691164617754248312e+01
4.900000000000000189e-02,1.690110857596759786e+01
5.000000000000000278e-02,1.699676523617485913e+01
5.099999999999999672e-02,1.693051772045727432e+01
5.199999999999999761e-02,1.692696185546122223e+01
5.299999999999999850e-02,1.694065794010630199e+01
5.399999999999999939e-02,1.698358470947341203e+01
5.500000000000000028e-02,1.694594546766179377e+01
5.600000000000000117e-02,1.695999890760323225e+01
5.700000000000000205e-02,1.703040307278926235e+01
5.800000000000000294e-02,1.687097394615496881e+01
5.899999999999999689e-02,1.696432911919055897e+01
5.999999999999999778e-02,1.693801108078077533e+01
6.099999999999999867e-02,1.697213639702373911e+01
6.199999999999999956e-02,1.693805409010267482e+01
6.300000000000000044e-02,1.696542708085616269e+01
6.400000000000000133e-02,1.694535051076887200e+01
6.500000000000000222e-02,1.696055458685527384e+01
6.600000000000000311e-02,1.693148134520993153e+01
6.700000000000000400e-02,1.695018491242767666e+01
6.800000000000000488e-02,1.693678026214569599e+01
6.900000000000000577e-02,1.699509429889145196e+01
7.000000000000000666e-02,1.693894109280659777e+01
7.099999999999999367e-02,1.694562916856273205e+01
7.199999999999999456e-02,1.694568043183547701e+01
7.299999999999999545e-02,1.698687669552476365e+01
7.399999999999999634e-02,1.693107659799348141e+01
7.499999999999999722e-02,1.694341764046921739e+01
7.599999999999999811e-02,1.690146230064911137e+01
7.699999999999999900e-02,1.694360221999797389e+01
7.799999999999999989e-02,1.695514460501003029e+01
7.900000000000000078e-02,1.694723148387977574e+01
8.000000000000000167e-02,1.689502886601665566e+01
8.100000000000000255e-02,1.689836071649562044e+01
8.200000000000000344e-02,1.692665808217239487e+01
8.300000000000000433e-02,1.692277465844776074e+01
8.400000000000000522e-02,1.691800394336319613e+01
8.500000000000000611e-02,1.690189561125783868e+01
8.599999999999999312e-02,1.687413959458274348e+01
8.699999999999999400e-02,1.690207425618808301e+01
8.799999999999999489e-02,1.694313465360428594e+01
8.899999999999999578e-02,1.700953925554913226e+01
8.999999999999999667e-02,1.701409427095308757e+01
9.099999999999999756e-02,1.699920985879758462e+01
9.199999999999999845e-02,1.696216336943698977e+01
9.299999999999999933e-02,1.702112175450544029e+01
9.400000000000000022e-02,1.701823108597518797e+01
9.500000000000000111e-02,1.697369251770431831e+01
9.600000000000000200e-02,1.700547556996550114e+01
9.700000000000000289e-02,1.694287130205970371e+01
9.800000000000000377e-02,1.696824836163555261e+01
9.900000000000000466e-02,1.695345695564779476e+01
1.000000000000000056e-01,1.702094738554610842e+01
1.010000000000000064e-01,1.694565708578231877e+01
1.019999999999999934e-01,1.690698315528334916e+01
1.029999999999999943e-01,1.693434067548269439e+01
1.039999999999999952e-01,1.696702730564197736e+01
1.049999999999999961e-01,1.688571098159883022e+01
1.059999999999999970e-01,1.692986097893939856e+01
1.069999999999999979e-01,1.692777999496451002e+01
1.079999999999999988e-01,1.693312892134903791e+01
1.089999999999999997e-01,1.690737031195901352e+01
1.100000000000000006e-01,1.685640758181281740e+01
1.110000000000000014e-01,1.689413117845305834e+01
1.120000000000000023e-01,1.690848912256896597e+01
1.130000000000000032e-01,1.692705882107859239e+01
1.140000000000000041e-01,1.689533644710440896e+01
1.150000000000000050e-01,1.688057320963704555e+01
1.160000000000000059e-01,1.692813681910779877e+01
1.170000000000000068e-01,1.693959002848121642e+01
1.179999999999999938e-01,1.692681372335460921e+01
1.189999999999999947e-01,1.692399208923932719e+01
1.199999999999999956e-01,1.694914503721095400e+01
1.209999999999999964e-01,1.701785138040101941e+01
1.219999999999999973e-01,1.691629829522187478e+01
1.229999999999999982e-01,1.694399360880866112e+01
1.239999999999999991e-01,1.692212567320012795e+01
1.250000000000000000e-01,1.692324775944920390e+01
1.260000000000000009e-01,1.689047168419273248e+01
1.270000000000000018e-01,1.694519519456928336e+01
1.280000000000000027e-01,1.694784377251776419e+01
1.290000000000000036e-01,1.693964915598343879e+01
1.300000000000000044e-01,1.693141361875533235e+01
1.310000000000000053e-01,1.696768345987961624e+01
1.320000000000000062e-01,1.694274749911564726e+01
1.330000000000000071e-01,1.688649304458298417e+01
1.340000000000000080e-01,1.686710813337221637e+01
1.350000000000000089e-01,1.689499758998713475e+01
1.360000000000000098e-01,1.699652007252481667e+01
1.370000000000000107e-01,1.692686603398732359e+01
1.380000000000000115e-01,1.688271177298087267e+01
1.390000000000000124e-01,1.685700929019850847e+01
1.400000000000000133e-01,1.681004021393087910e+01
1.409999999999999865e-01,1.685153760497598441e+01
1.419999999999999873e-01,1.686406262277144918e+01
1.429999999999999882e-01,1.683878688102523924e+01
1.439999999999999891e-01,1.690482770345167296e+01
1.449999999999999900e-01,1.689022748097894322e+01
1.459999999999999909e-01,1.686482580567868084e+01
1.469999999999999918e-01,1.689517959007783432e+01
1.479999999999999927e-01,1.692685153753335214e+01
1.489999999999999936e-01,1.693313927162795096e+01
1.499999999999999944e-01,1.698492817170926727e+01
1.509999999999999953e-01,1.699236983764143361e+01
1.519999999999999962e-01,1.689300344766187933e+01
1.529999999999999971e-01,1.693931841761830626e+01
1.539999999999999980e-01,1.695072417089941297e+01
1.549999999999999989e-01,1.689347304452922316e+01
1.559999999999999998e-01,1.685980265307361847e+01
1.570000000000000007e-01,1.690765888275648621e+01
1.580000000000000016e-01,1.696455185631154450e+01
1.590000000000000024e-01,1.692922207391984557e+01
1.600000000000000033e-01,1.692832549537379094e+01
1.610000000000000042e-01,1.695207815161256093e+01
1.620000000000000051e-01,1.692897708526990641e+01
1.630000000000000060e-01,1.685949871640466569e+01
1.640000000000000069e-01,1.695244000917497473e+01
1.650000000000000078e-01,1.693023077319596936e+01
1.660000000000000087e-01,1.694462576002301546e+01
1.670000000000000095e-01,1.694881084191150222e+01
1.680000000000000104e-01,1.693188799646910780e+01
1.690000000000000113e-01,1.697566316883753856e+01
1.700000000000000122e-01,1.692304818248562981e+01
1.710000000000000131e-01,1.692738673008076944e+01
1.719999999999999862e-01,1.699992042538137937e+01
1.729999999999999871e-01,1.697143653072307146e+01
1.739999999999999880e-01,1.693289606344307785e+01
1.749999999999999889e-01,1.698393517224200266e+01
1.759999999999999898e-01,1.693893268638314353e+01
1.769999999999999907e-01,1.703826389571304389e+01
1.779999999999999916e-01,1.686923757843558391e+01
1.789999999999999925e-01,1.693959404941697855e+01
1.799999999999999933e-01,1.698620761599066498e+01
1.809999999999999942e-01,1.693633433272818323e+01
1.819999999999999951e-01,1.692448107628715803e+01
1.829999999999999960e-01,1.700766515673863566e+01
1.839999999999999969e-01,1.693888394363036198e+01
1.849999999999999978e-01,1.689068859681040280e+01
1.859999999999999987e-01,1.701115233799714943e+01
1.869999999999999996e-01,1.687899410331711891e+01
1.880000000000000004e-01,1.704284307269391618e+01
1.890000000000000013e-01,1.693428505281929830e+01
1.900000000000000022e-01,1.691154410041619371e+01
1.910000000000000031e-01,1.692108305722765849e+01
1.920000000000000040e-01,1.693278650241255434e+01
1.930000000000000049e-01,1.700706071291589438e+01
1.940000000000000058e-01,1.690388048253421971e+01
1.950000000000000067e-01,1.693739254059891408e+01
1.960000000000000075e-01,1.692224039975478789e+01
1.970000000000000084e-01,1.691754555247923619e+01
1.980000000000000093e-01,1.690414026189661456e+01
1.990000000000000102e-01,1.697874351148627170e+01
2.000000000000000111e-01,1.702217449556758311e+01
2.010000000000000120e-01,1.694945241590026086e+01
2.020000000000000129e-01,1.705725144962526230e+01
2.030000000000000138e-01,1.696883468795528671e+01
2.039999999999999869e-01,1.702500945026375945e+01
2.049999999999999878e-01,1.702898650673649428e+01
2.059999999999999887e-01,1.692752476346610635e+01
2.069999999999999896e-01,1.691835201759576535e+01
2.079999999999999905e-01,1.694319061127458426e+01
2.089999999999999913e-01,1.702568504320370835e+01
2.099999999999999922e-01,1.696865707164005244e+01
2.109999999999999931e-01,1.700975606476674429e+01
2.119999999999999940e-01,1.700146643524477597e+01
2.129999999999999949e-01,1.690949973719557065e+01
2.139999999999999958e-01,1.698952332172796531e+01
2.149999999999999967e-01,1.697213796394557761e+01
2.159999999999999976e-01,1.700518834079793962e+01
2.169999999999999984e-01,1.696991535468550438e+01
2.179999999999999993e-01,1.698769305489433279e+01
2.190000000000000002e-01,1.696711197323278952e+01
2.200000000000000011e-01,1.696945523377980436e+01
2.210000000000000020e-01,1.696996159358562650e+01
2.220000000000000029e-01,1.703390792203659743e+01
2.230000000000000038e-01,1.695189170172151805e+01
2.240000000000000047e-01,1.704274529376586145e+01
2.250000000000000056e-01,1.696486559132162242e+01
2.260000000000000064e-01,1.697007114297617036e+01
2.270000000000000073e-01,1.695043762770822582e+01
2.280000000000000082e-01,1.700925643127400377e+01
2.290000000000000091e-01,1.695334860133543131e+01
2.300000000000000100e-01,1.703248109912597741e+01
2.310000000000000109e-01,1.706988536595764927e+01
2.320000000000000118e-01,1.693241365032311307e+01
2.330000000000000127e-01,1.692983083120022059e+01
2.340000000000000135e-01,1.695265325599473982e+01
2.349999999999999867e-01,1.685958348681119290e+01
2.359999999999999876e-01,1.686972845787715158e+01
2.369999999999999885e-01,1.686454005673463286e+01
2.379999999999999893e-01,1.692992994566417408e+01
2.389999999999999902e-01,1.693040746980212319e+01
2.399999999999999911e-01,1.696455487612081470e+01
2.409999999999999920e-01,1.701009232039235286e+01
2.419999999999999929e-01,1.693479632793061285e+01
2.429999999999999938e-01,1.692038102842941072e+01
2.439999999999999947e-01,1.696144799457187347e+01
2.449999999999999956e-01,1.695192253217383893e+01
2.459999999999999964e-01,1.699758198293653777e+01
2.469999999999999973e-01,1.691117509312230993e+01
2.479999999999999982e-01,1.699379143103889689e+01
2.489999999999999991e-01,1.699258552100397068e+01
2.500000000000000000e-01,1.694591831740634902e+01
2.510000000000000009e-01,1.698466514856530196e+01
2.520000000000000018e-01,1.696867343987678112e+01
2.530000000000000027e-01,1.698100057304039368e+01
2.540000000000000036e-01,1.692580887588159300e+01
2.550000000000000044e-01,1.688658258379237864e+01
2.560000000000000053e-01,1.693105438637208948e+01
2.570000000000000062e-01,1.694537963786650536e+01
2.580000000000000071e-01,1.691373397972042980e+01
2.590000000000000080e-01,1.690296575344853380e+01
2.600000000000000089e-01,1.692692228845523772e+01
2.610000000000000098e-01,1.691610902697355456e+01
2.620000000000000107e-01,1.689776561490288742e+01
2.630000000000000115e-01,1.691986873052783125e+01
2.640000000000000124e-01,1.692239702452187444e+01
2.650000000000000133e-01,1.687673300514166996e+01
2.660000000000000142e-01,1.687658849501507774e+01
2.670000000000000151e-01,1.690457675661112091e+01
2.680000000000000160e-01,1.694845257702345975e+01
2.690000000000000169e-01,1.699494112074341601e+01
2.700000000000000178e-01,1.684105122104567442e+01
2.710000000000000187e-01,1.693219401020289538e+01
2.720000000000000195e-01,1.690514627340271403e+01
2.730000000000000204e-01,1.697320286556929858e+01
2.740000000000000213e-01,1.701011142882036253e+01
2.750000000000000222e-01,1.692131430426341154e+01
2.760000000000000231e-01,1.697883334872523875e+01
2.770000000000000240e-01,1.695006834814652663e+01
2.780000000000000249e-01,1.693797818053460702e+01
2.790000000000000258e-01,1.684706233690003785e+01
2.800000000000000266e-01,1.695074715902279294e+01
2.810000000000000275e-01,1.696998412099004483e+01
2.819999999999999729e-01,1.697386585264056080e+01
2.829999999999999738e-01,1.693051346837224003e+01
2.839999999999999747e-01,1.692807476523304899e+01
2.849999999999999756e-01,1.693360712341641872e+01
2.859999999999999765e-01,1.692766633830594358e+01
2.869999999999999774e-01,1.694521636323568359e+01
2.879999999999999782e-01,1.695780950859237990e+01
2.889999999999999791e-01,1.702045347416519405e+01
2.899999999999999800e-01,1.695461449473980764e+01
2.909999999999999809e-01,1.697083812802075187e+01
2.919999999999999818e-01,1.698454814556389891e+01
2.929999999999999827e-01,1.700139266925357973e+01
2.939999999999999836e-01,1.698688431374091223e+01
2.949999999999999845e-01,1.706502656447240796e+01
2.959999999999999853e-01,1.703652229529717133e+01
2.969999999999999862e-01,1.704195050751490115e+01
2.979999999999999871e-01,1.703973426162867355e+01
2.989999999999999880e-01,1.704672289308494726e+01
2.999999999999999889e-01,1.703829017860957507e+01
3.009999999999999898e-01,1.704722666947068532e+01
3.019999999999999907e-01,1.704862952957925515e+01
3.029999999999999916e-01,1.704420832363765470e+01
3.039999999999999925e-01,1.703106556370253344e+01
3.049999999999999933e-01,1.698438148272767023e+01
3.059999999999999942e-01,1.704967066139316501e+01
3.069999999999999951e-01,1.707544057525250025e+01
3.079999999999999960e-01,1.701371462811718516e+01
3.089999999999999969e-01,1.698719231551775621e+01
3.099999999999999978e-01,1.700406272480671177e+01
3.109999999999999987e-01,1.701500771133735768e+01
3.119999999999999996e-01,1.694818797718637171e+01
3.130000000000000004e-01,1.693654424289827531e+01
3.140000000000000013e-01,1.701029569898672023e+01
3.150000000000000022e-01,1.691974440160822724e+01
3.160000000000000031e-01,1.704568531878666704e+01
3.170000000000000040e-01,1.700929207174424462e+01
3.180000000000000049e-01,1.704634666740262006e+01
3.190000000000000058e-01,1.697306302453511151e+01
3.200000000000000067e-01,1.694147456011482333e+01
3.210000000000000075e-01,1.700832257010988613e+01
3.220000000000000084e-01,1.700447638854582877e+01
3.230000000000000093e-01,1.696069161455076113e+01
3.240000000000000102e-01,1.696002301664043443e+01
3.250000000000000111e-01,1.702204698238692515e+01
3.260000000000000120e-01,1.697719397643733430e+01
3.270000000000000129e-01,1.699058302923129560e+01
3.280000000000000138e-01,1.697659343922925856e+01
3.290000000000000147e-01,1.700266123482993308e+01
3.300000000000000155e-01,1.691899099751334035e+01
3.310000000000000164e-01,1.701918830574766162e+01
3.320000000000000173e-01,1.695042395040577432e+01
3.330000000000000182e-01,1.690106096885556042e+01
3.340000000000000191e-01,1.699867658061314302e+01
3.350000000000000200e-01,1.695486807824181952e+01
3.360000000000000209e-01,1.698626474085847349e+01
3.370000000000000218e-01,1.697928169206823767e+01
3.380000000000000226e-01,1.701228038041514878e+01
3.390000000000000235e-01,1.695073244812458668e+01
3.400000000000000244e-01,1.701473786292703494e+01
3.410000000000000253e-01,1.692154012073167024e+01
3.420000000000000262e-01,1.695799373920377207e+01
3.430000000000000271e-01,1.694713788396677501e+01
3.439999999999999725e-01,1.699087673380725150e+01
3.449999999999999734e-01,1.698901040812393148e+01
3.459999999999999742e-01,1.704141508487550638e+01
3.469999999999999751e-01,1.700666221430303082e+01
3.479999999999999760e-01,1.699174822758984504e+01
3.489999999999999769e-01,1.701105400393539924e+01
3.499999999999999778e-01,1.704530684506643823e+01
3.509999999999999787e-01,1.707011916213368963e+01
3.519999999999999796e-01,1.706345821560907794e+01
3.529999999999999805e-01,1.703256339598222269e+01
3.539999999999999813e-01,1.702201903229111934e+01
3.549999999999999822e-01,1.692259263907021349e+01
3.559999999999999831e-01,1.698139869808322544e+01
3.569999999999999840e-01,1.698254357603471476e+01
3.579999999999999849e-01,1.701676406489850280e+01
3.589999999999999858e-01,1.700227589352824609e+01
3.599999999999999867e-01,1.697121449201448229e+01
3.609999999999999876e-01,1.700689554564636197e+01
3.619999999999999885e-01,1.700147035141565866e+01
3.629999999999999893e-01,1.701151404841008485e+01
3.639999999999999902e-01,1.704948489076619467e+01
3.649999999999999911e-01,1.699616230894610069e+01
3.659999999999999920e-01,1.703622697769487715e+01
3.669999999999999929e-01,1.696032285954323626e+01
3.679999999999999938e-01,1.697188142248631237e+01
3.689999999999999947e-01,1.696893028001925074e+01
3.699999999999999956e-01,1.695360681992527319e+01
3.709999999999999964e-01,1.695790826490928538e+01
3.719999999999999973e-01,1.697459605967232577e+01
3.729999999999999982e-01,1.693855031516938681e+01
3.739999999999999991e-01,1.691118543877995961e+01
3.750000000000000000e-01,1.697261286534470415e+01
3.760000000000000009e-01,1.699475864511343559e+01
3.770000000000000018e-01,1.694398560911146845e+01
3.780000000000000027e-01,1.690360229094877553e+01
3.790000000000000036e-01,1.694649039610371233e+01
3.800000000000000044e-01,1.692514185926213344e+01
3.810000000000000053e-01,1.692976943682775826e+01
3.820000000000000062e-01,1.696448787585338991e+01
3.830000000000000071e-01,1.689616830363677025e+01
3.840000000000000080e-01,1.698246591223590585e+01
3.850000000000000089e-01,1.693543821482641576e+01
3.860000000000000098e-01,1.696652225281879112e+01
3.870000000000000107e-01,1.694368341872743144e+01
3.880000000000000115e-01,1.695498906687372553e+01
3.890000000000000124e-01,1.703195209866174764e+01
3.900000000000000133e-01,1.704706085814065375e+01
3.910000000000000142e-01,1.700222941269711896e+01
3.920000000000000151e-01,1.700178314698306181e+01
3.930000000000000160e-01,1.701502509600082647e+01
3.940000000000000169e-01,1.693539782331666999e+01
3.950000000000000178e-01,1.696332756130569308e+01
3.960000000000000187e-01,1.695497357147025497e+01
3.970000000000000195e-01,1.695450924310586061e+01
3.980000000000000204e-01,1.693869061230978446e+01
3.990000000000000213e-01,1.686858913503203894e+01
4.000000000000000222e-01,1.700039091727250451e+01
4.010000000000000231e-01,1.698757977381702133e+01
4.020000000000000240e-01,1.698058836485238032e+01
4.030000000000000249e-01,1.696078910368776960e+01
4.040000000000000258e-01,1.695208307555621374e+01
4.050000000000000266e-01,1.692601210482878571e+01
4.060000000000000275e-01,1.686151307214683115e+01
4.069999999999999729e-01,1.692333524974663561e+01
4.079999999999999738e-01,1.691904626722820737e+01
4.089999999999999747e-01,1.693382845701240313e+01
4.099999999999999756e-01,1.691668695112608489e+01
4.109999999999999765e-01,1.690972861296235052e+01
4.119999999999999774e-01,1.693095813548806916e+01
4.129999999999999782e-01,1.691700232738709886e+01
4.139999999999999791e-01,1.695496166602411847e+01
4.149999999999999800e-01,1.691874014168507045e+01
4.159999999999999809e-01,1.696630651559324932e+01
4.169999999999999818e-01,1.688891284803582948e+01
4.179999999999999827e-01,1.688694410012185187e+01
4.189999999999999836e-01,1.689819836149034060e+01
4.199999999999999845e-01,1.694637422308654351e+01
4.209999999999999853e-01,1.687984467834196423e+01
4.219999999999999862e-01,1.686091799577710049e+01
4.229999999999999871e-01,1.694711708093650060e+01
4.239999999999999880e-01,1.690540021750716804e+01
4.249999999999999889e-01,1.689836972178591168e+01
4.259999999999999898e-01,1.687962942647722642e+01
4.269999999999999907e-01,1.685648570095069942e+01
4.279999999999999916e-01,1.690860089281961010e+01
4.289999999999999925e-01,1.692588486765884426e+01
4.299999999999999933e-01,1.688724805199771239e+01
4.309999999999999942e-01,1.688860599245431615e+01
4.319999999999999951e-01,1.684716016272090044e+01
4.329999999999999960e-01,1.690983879470395124e+01
4.339999999999999969e-01,1.687237418056637850e+01
4.349999999999999978e-01,1.687084358865318379e+01
4.359999999999999987e-01,1.692073838554123455e+01
4.369999999999999996e-01,1.689042002260456243e+01
4.380000000000000004e-01,1.686440862109484584e+01
4.390000000000000013e-01,1.699364786064860766e+01
4.400000000000000022e-01,1.689775130227264910e+01
4.410000000000000031e-01,1.691240072338702660e+01
4.420000000000000040e-01,1.684580207878264346e+01
4.430000000000000049e-01,1.689202142224618086e+01
4.440000000000000058e-01,1.689041907117148256e+01
4.450000000000000067e-01,1.689353314264252504e+01
4.460000000000000075e-01,1.689910798507742129e+01
4.470000000000000084e-01,1.689918268617732977e+01
4.480000000000000093e-01,1.685471411597701064e+01
4.490000000000000102e-01,1.684590045816312909e+01
4.500000000000000111e-01,1.686998064194830249e+01
4.510000000000000120e-01,1.693705551664211839e+01
4.520000000000000129e-01,1.690819336983382826e+01
4.530000000000000138e-01,1.690064467410894622e+01
4.540000000000000147e-01,1.694834797504591251e+01
4.550000000000000155e-01,1.697138834459659051e+01
4.560000000000000164e-01,1.694808651351840822e+01
4.570000000000000173e-01,1.690893241577354189e+01
4.580000000000000182e-01,1.687831422152865102e+01
4.590000000000000191e-01,1.695655376961490290e+01
4.600000000000000200e-01,1.694344973253765829e+01
4.610000000000000209e-01,1.693265531320975370e+01
4.620000000000000218e-01,1.694263401102512745e+01
4.630000000000000226e-01,1.695525999250985905e+01
4.640000000000000235e-01,1.687810214708251166e+01
4.650000000000000244e-01,1.692043116624938648e+01
4.660000000000000253e-01,1.678597448087373323e+01
4.670000000000000262e-01,1.683843317031239550e+01
4.680000000000000271e-01,1.686418577936627727e+01
4.689999999999999725e-01,1.687086047234181052e+01
4.699999999999999734e-01,1.690702972882598232e+01
4.709999999999999742e-01,1.695428924799144355e+01
4.719999999999999751e-01,1.693043080432028802e+01
4.729999999999999760e-01,1.698042216441461250e+01
4.739999999999999769e-01,1.691523461124172911e+01
4.749999999999999778e-01,1.698867509495377703e+01
4.759999999999999787e-01,1.698817765257282275e+01
4.769999999999999796e-01,1.695479859162825420e+01
4.779999999999999805e-01,1.698392614445606696e+01
4.789999999999999813e-01,1.692531308700232984e+01
4.799999999999999822e-01,1.690604106034922083e+01
4.809999999999999831e-01,1.696848745552702553e+01
4.819999999999999840e-01,1.692481947661419284e+01
4.829999999999999849e-01,1.692359118035003007e+01
4.839999999999999858e-01,1.694700494822547299e+01
4.849999999999999867e-01,1.694553138118158842e+01
4.859999999999999876e-01,1.695098712089708215e+01
4.869999999999999885e-01,1.699795907370678805e+01
4.879999999999999893e-01,1.693831234657290707e+01
4.889999999999999902e-01,1.696571306361015985e+01
4.899999999999999911e-01,1.691617120793681295e+01
4.909999999999999920e-01,1.690957403418643779e+01
4.919999999999999929e-01,1.700633629093937671e+01
4.929999999999999938e-01,1.698594990528632209e+01
4.939999999999999947e-01,1.695837031698176034e+01
4.949999999999999956e-01,1.699514480257255400e+01
4.959999999999999964e-01,1.693397025216719243e+01
4.969999999999999973e-01,1.698219481156255029e+01
4.979999999999999982e-01,1.699594072095358754e+01
4.989999999999999991e-01,1.696035626165326349e+01
5.000000000000000000e-01,1.693765789515774500e+01
5.010000000000000009e-01,1.693112055149244810e+01
5.020000000000000018e-01,1.698164111982280033e+01
5.030000000000000027e-01,1.691924631115853828e+01
5.040000000000000036e-01,1.696427496011266811e+01
5.050000000000000044e-01,1.694641489408258295e+01
5.060000000000000053e-01,1.691415855211482011e+01
5.070000000000000062e-01,1.694960827270524462e+01
5.080000000000000071e-01,1.698186571789963040e+01
5.090000000000000080e-01,1.691489055760683158e+01
5.100000000000000089e-01,1.700824723780760905e+01
5.110000000000000098e-01,1.699194779192252369e+01
5.120000000000000107e-01,1.698739104754023543e+01
5.130000000000000115e-01,1.694393437715648787e+01
5.140000000000000124e-01,1.695687169550447848e+01
5.150000000000000133e-01,1.701310148366557229e+01
5.160000000000000142e-01,1.693620303642205371e+01
5.170000000000000151e-01,1.696949579597843893e+01
5.180000000000000160e-01,1.691671969827111610e+01
5.190000000000000169e-01,1.696475114160121223e+01
5.200000000000000178e-01,1.694660334055058470e+01
5.210000000000000187e-01,1.696623361043105049e+01
5.220000000000000195e-01,1.694227889062899806e+01
5.230000000000000204e-01,1.698716975974610222e+01
5.240000000000000213e-01,1.694206354587780794e+01
5.250000000000000222e-01,1.692665088423402153e+01
5.260000000000000231e-01,1.691626145756581323e+01
5.270000000000000240e-01,1.695456201889174608e+01
5.280000000000000249e-01,1.689700745334151577e+01
5.290000000000000258e-01,1.689269296221485561e+01
5.300000000000000266e-01,1.694226413301667833e+01
5.310000000000000275e-01,1.689249907895958458e+01
5.320000000000000284e-01,1.696059272995102063e+01
5.330000000000000293e-01,1.692656658183463136e+01
5.340000000000000302e-01,1.694311934172141676e+01
5.350000000000000311e-01,1.697011621612868026e+01
5.360000000000000320e-01,1.693849921538724956e+01
5.370000000000000329e-01,1.694450402552769930e+01
5.380000000000000338e-01,1.694452410033364487e+01
5.390000000000000346e-01,1.692532432727839620e+01
5.400000000000000355e-01,1.696755130472861595e+01
5.410000000000000364e-01,1.694879258406024292e+01
5.420000000000000373e-01,1.701378658396607335e+01
5.430000000000000382e-01,1.692317793169321405e+01
5.440000000000000391e-01,1.696767287208757224e+01
5.450000000000000400e-01,1.690714866181042808e+01
5.460000000000000409e-01,1.687956759781025085e+01
5.470000000000000417e-01,1.696478246014417834e+01
5.480000000000000426e-01,1.699607298981047876e+01
5.490000000000000435e-01,1.697097496036251485e+01
5.500000000000000444e-01,1.688836482963526109e+01
5.510000000000000453e-01,1.692777686919217217e+01
5.520000000000000462e-01,1.696313112278698654e+01
5.530000000000000471e-01,1.696058446986488377e+01
5.540000000000000480e-01,1.693655366810173390e+01
5.550000000000000488e-01,1.692213021446249144e+01
5.560000000000000497e-01,1.696170329086596240e+01
5.570000000000000506e-01,1.688824576814251799e+01
5.580000000000000515e-01,1.691397961590826071e+01
5.590000000000000524e-01,1.690330012036149654e+01
5.600000000000000533e-01,1.691948744358732526e+01
5.610000000000000542e-01,1.695093456700887913e+01
5.620000000000000551e-01,1.694818990437741490e+01
5.629999999999999449e-01,1.691714560969198899e+01
5.639999999999999458e-01,1.687099444488030997e+01
5.649999999999999467e-01,1.686427459712616539e+01
5.659999999999999476e-01,1.704473828046376838e+01
5.669999999999999485e-01,1.691490016422622844e+01
5.679999999999999494e-01,1.697585410203512879e+01
5.689999999999999503e-01,1.690540683782385400e+01
5.699999999999999512e-01,1.692438671781980020e+01
5.709999999999999520e-01,1.696918661461835853e+01
5.719999999999999529e-01,1.691284834757054156e+01
5.729999999999999538e-01,1.696923294407217497e+01
5.739999999999999547e-01,1.698110619869630611e+01
5.749999999999999556e-01,1.691048500154582257e+01
5.759999999999999565e-01,1.692331402370174587e+01
5.769999999999999574e-01,1.700295208852161366e+01
5.779999999999999583e-01,1.694690225256817229e+01
5.789999999999999591e-01,1.694005995244490492e+01
5.799999999999999600e-01,1.695512999791936082e+01
5.809999999999999609e-01,1.696976563686627060e+01
5.819999999999999618e-01,1.700349302009932018e+01
5.829999999999999627e-01,1.699262178874213092e+01
5.839999999999999636e-01,1.695220264010859879e+01
5.849999999999999645e-01,1.692591341077075739e+01
5.859999999999999654e-01,1.699185597619607435e+01
5.869999999999999662e-01,1.703890163736536678e+01
5.879999999999999671e-01,1.702143899555898088e+01
5.889999999999999680e-01,1.698602528074104967e+01
5.899999999999999689e-01,1.700012872703978672e+01
5.909999999999999698e-01,1.700990714454331609e+01
5.919999999999999707e-01,1.707538078795934311e+01
5.929999999999999716e-01,1.701457221177066259e+01
5.939999999999999725e-01,1.699043804502597510e+01
5.949999999999999734e-01,1.697180566842804694e+01
5.959999999999999742e-01,1.695383555942792952e+01
5.969999999999999751e-01,1.699041099142671385e+01
5.979999999999999760e-01,1.698664713357467093e+01
5.989999999999999769e-01,1.704287626571403180e+01
5.999999999999999778e-01,1.703818963953281340e+01
6.009999999999999787e-01,1.697672987022430391e+01
6.019999999999999796e-01,1.697783100842086768e+01
6.029999999999999805e-01,1.700273854246076155e+01
6.039999999999999813e-01,1.694965807130953550e+01
6.049999999999999822e-01,1.710020497709822962e+01
6.059999999999999831e-01,1.702725577891580500e+01
6.069999999999999840e-01,1.704772305413769118e+01
6.079999999999999849e-01,1.712728782297487129e+01
6.089999999999999858e-01,1.708369817688705083e+01
6.099999999999999867e-01,1.700419008448843883e+01
6.109999999999999876e-01,1.700627395513894058e+01
6.119999999999999885e-01,1.699738220587764559e+01
6.129999999999999893e-01,1.708699645856597371e+01
6.139999999999999902e-01,1.708887759365982362e+01
6.149999999999999911e-01,1.705347009883957554e+01
6.159999999999999920e-01,1.705778711056725427e+01
6.169999999999999929e-01,1.700194855056283672e+01
6.179999999999999938e-01,1.704657111289084526e+01
6.189999999999999947e-01,1.703835650379293298e+01
6.199999999999999956e-01,1.700606896102102894e+01
6.209999999999999964e-01,1.701589101011563088e+01
6.219999999999999973e-01,1.706917553337395077e+01
6.229999999999999982e-01,1.702898928944032164e+01
6.239999999999999991e-01,1.699190017715702794e+01
6.250000000000000000e-01,1.706416283274215928e+01
6.260000000000000009e-01,1.703640219789912891e+01
6.270000000000000018e-01,1.701204034245107621e+01
6.280000000000000027e-01,1.695012528202425273e+01
6.290000000000000036e-01,1.694845217382472313e+01
6.300000000000000044e-01,1.707533335209332748e+01
6.310000000000000053e-01,1.709483155086929429e+01
6.320000000000000062e-01,1.703155333813144878e+01
6.330000000000000071e-01,1.696959398652788309e+01
6.340000000000000080e-01,1.707525470491573216e+01
6.350000000000000089e-01,1.700581006209815271e+01
6.360000000000000098e-01,1.702723050795536963e+01
6.370000000000000107e-01,1.696145047125339289e+01
6.380000000000000115e-01,1.694145957124982971e+01
6.390000000000000124e-01,1.692526302621068623e+01
6.400000000000000133e-01,1.704325633226999059e+01
6.410000000000000142e-01,1.695535501797778721e+01
6.420000000000000151e-01,1.690842265486062956e+01
6.430000000000000160e-01,1.696334466492009341e+01
6.440000000000000169e-01,1.696402492974742415e+01
6.450000000000000178e-01,1.693022747611157541e+01
6.460000000000000187e-01,1.687595374645409052e+01
6.470000000000000195e-01,1.689984332358238817e+01
6.480000000000000204e-01,1.694250358936372436e+01
6.490000000000000213e-01,1.698873306969819197e+01
6.500000000000000222e-01,1.701189140703381497e+01
6.510000000000000231e-01,1.699281649939993954e+01
6.520000000000000240e-01,1.701799826548235117e+01
6.530000000000000249e-01,1.694877843954812846e+01
6.540000000000000258e-01,1.700259403460747976e+01
6.550000000000000266e-01,1.695678384201088207e+01
6.560000000000000275e-01,1.694826803578146013e+01
6.570000000000000284e-01,1.686911055199706055e+01
6.580000000000000293e-01,1.699592568978281548e+01
6.590000000000000302e-01,1.696829267979428479e+01
6.600000000000000311e-01,1.693608907106911232e+01
6.610000000000000320e-01,1.696363158370992608e+01
6.620000000000000329e-01,1.695387672385629685e+01
6.630000000000000338e-01,1.689426292475542368e+01
6.640000000000000346e-01,1.697938471592146925e+01
6.650000000000000355e-01,1.696694800061738562e+01
6.660000000000000364e-01,1.696008213843201418e+01
6.670000000000000373e-01,1.696881628505284212e+01
6.680000000000000382e-01,1.688921718141615358e+01
6.690000000000000391e-01,1.692826762515248262e+01
6.700000000000000400e-01,1.700797287329145391e+01
6.710000000000000409e-01,1.692469966162059336e+01
6.720000000000000417e-01,1.694575793409804021e+01
6.730000000000000426e-01,1.690177554701119433e+01
6.740000000000000435e-01,1.687734800779799116e+01
6.750000000000000444e-01,1.692389013394393160e+01
6.760000000000000453e-01,1.688182078922385898e+01
6.770000000000000462e-01,1.692981170299519889e+01
6.780000000000000471e-01,1.696762498887963133e+01
6.790000000000000480e-01,1.696384608139788597e+01
6.800000000000000488e-01,1.704889888499036488e+01
6.810000000000000497e-01,1.694720722394705348e+01
6.820000000000000506e-01,1.692354961924338497e+01
6.830000000000000515e-01,1.696515544985172852e+01
6.840000000000000524e-01,1.688888803676316996e+01
6.850000000000000533e-01,1.690695971622971783e+01
6.860000000000000542e-01,1.691885866138562733e+01
6.870000000000000551e-01,1.695132556879234897e+01
6.879999999999999449e-01,1.688849782347449491e+01
6.889999999999999458e-01,1.693634495505634519e+01
6.899999999999999467e-01,1.696405626558090773e+01
6.909999999999999476e-01,1.693733080002730418e+01
6.919999999999999485e-01,1.701299380022659946e+01
6.929999999999999494e-01,1.699965554476025886e+01
6.939999999999999503e-01,1.698135945282232129e+01
6.949999999999999512e-01,1.691500380056860564e+01
6.959999999999999520e-01,1.703205901085395624e+01
6.969999999999999529e-01,1.698135948852031873e+01
6.979999999999999538e-01,1.701164677082256560e+01
6.989999999999999547e-01,1.699320858392055200e+01
6.999999999999999556e-01,1.694649665975271091e+01
7.009999999999999565e-01,1.694984974775562847e+01
7.019999999999999574e-01,1.698633297490167138e+01
7.029999999999999583e-01,1.692153716520067164e+01
7.039999999999999591e-01,1.693625691188642435e+01
7.049999999999999600e-01,1.701177643424027508e+01
7.059999999999999609e-01,1.700887678150017379e+01
7.069999999999999618e-01,1.700015110260416762e+01
7.079999999999999627e-01,1.709224022439491009e+01
7.089999999999999636e-01,1.702648426379963098e+01
7.099999999999999645e-01,1.700571120001190906e+01
7.109999999999999654e-01,1.705729982795460842e+01
7.119999999999999662e-01,1.704329669776355871e+01
7.129999999999999671e-01,1.696083768754488830e+01
7.139999999999999680e-01,1.697334163881970781e+01
7.149999999999999689e-01,1.695390717534202096e+01
7.159999999999999698e-01,1.698127264780734436e+01
7.169999999999999707e-01,1.692855208073466144e+01
7.179999999999999716e-01,1.694852265903128341e+01
7.189999999999999725e-01,1.697771753640108017e+01
7.199999999999999734e-01,1.698211998313943383e+01
7.209999999999999742e-01,1.700970195743410329e+01
7.219999999999999751e-01,1.690819562753697269e+01
7.229999999999999760e-01,1.692316461723133969e+01
7.239999999999999769e-01,1.699614194544721713e+01
7.249999999999999778e-01,1.695971189202804652e+01
7.259999999999999787e-01,1.692734586947630504e+01
7.269999999999999796e-01,1.701878894052183355e+01
7.279999999999999805e-01,1.693435816905148528e+01
7.289999999999999813e-01,1.700393537388678666e+01
7.299999999999999822e-01,1.695523031197745922e+01
7.309999999999999831e-01,1.698098113770643991e+01
7.319999999999999840e-01,1.696660299466948274e+01
7.329999999999999849e-01,1.693875310560352077e+01
7.339999999999999858e-01,1.697017871221335028e+01
7.349999999999999867e-01,1.696204512754539451e+01
7.359999999999999876e-01,1.698468386953106801e+01
7.369999999999999885e-01,1.702066826581175718e+01
7.379999999999999893e-01,1.700687942209099646e+01
7.389999999999999902e-01,1.694617228507199513e+01
7.399999999999999911e-01,1.693931826795644824e+01
7.409999999999999920e-01,1.695394384388513842e+01
7.419999999999999929e-01,1.694254453638610514e+01
7.429999999999999938e-01,1.698799932294934578e+01
7.439999999999999947e-01,1.697024111592131135e+01
7.449999999999999956e-01,1.703098079291370581e+01
7.459999999999999964e-01,1.692651242116282617e+01
7.469999999999999973e-01,1.691500885165928381e+01
7.479999999999999982e-01,1.691775664656785239e+01
7.489999999999999991e-01,1.695836727449216497e+01
7.500000000000000000e-01,1.694192417894022995e+01
7.510000000000000009e-01,1.704284467989404206e+01
7.520000000000000018e-01,1.697621346008734378e+01
7.530000000000000027e-01,1.698580913006941273e+01
7.540000000000000036e-01,1.702345634721533330e+01
7.550000000000000044e-01,1.702417900808994844e+01
7.560000000000000053e-01,1.684877226169377096e+01
7.570000000000000062e-01,1.687262699988922776e+01
7.580000000000000071e-01,1.687346717732570056e+01
7.590000000000000080e-01,1.697832674278609488e+01
7.600000000000000089e-01,1.693946699837366765e+01
7.610000000000000098e-01,1.693365203629214832e+01
7.620000000000000107e-01,1.699576884074024363e+01
7.630000000000000115e-01,1.704676767415262617e+01
7.640000000000000124e-01,1.702782830227710420e+01
7.650000000000000133e-01,1.698225052707110549e+01
7.660000000000000142e-01,1.705019316462186296e+01
7.670000000000000151e-01,1.698632228797292498e+01
7.680000000000000160e-01,1.700022976303714017e+01
7.690000000000000169e-01,1.697696938645838216e+01
7.700000000000000178e-01,1.697895802955569877e+01
7.710000000000000187e-01,1.697862920175887069e+01
7.720000000000000195e-01,1.696621429714052809e+01
7.730000000000000204e-01,1.696891392455190939e+01
7.740000000000000213e-01,1.695657318985885453e+01
7.750000000000000222e-01,1.692792409852077995e+01
7.760000000000000231e-01,1.703382387029505551e+01
7.770000000000000240e-01,1.698632597671467082e+01
7.780000000000000249e-01,1.697915384292172902e+01
7.790000000000000258e-01,1.699599899014440041e+01
7.800000000000000266e-01,1.701902118303245359e+01
7.810000000000000275e-01,1.695101575618826928e+01
7.820000000000000284e-01,1.700134898747094780e+01
7.830000000000000293e-01,1.702092696744920275e+01
7.840000000000000302e-01,1.699688337846678721e+01
7.850000000000000311e-01,1.694828074196131595e+01
7.860000000000000320e-01,1.696726285760668418e+01
7.870000000000000329e-01,1.698059908290662534e+01
7.880000000000000338e-01,1.700924647716376370e+01
7.890000000000000346e-01,1.699818899726046340e+01
7.900000000000000355e-01,1.696203207458886553e+01
7.910000000000000364e-01,1.697311177864951048e+01
7.920000000000000373e-01,1.704923084718531356e+01
7.930000000000000382e-01,1.695840890775290788e+01
7.940000000000000391e-01,1.702667972289738429e+01
7.950000000000000400e-01,1.698890293659063744e+01
7.960000000000000409e-01,1.699347911446203696e+01
7.970000000000000417e-01,1.697361241935905340e+01
7.980000000000000426e-01,1.695526947978200383e+01
7.990000000000000435e-01,1.703565664538340840e+01
8.000000000000000444e-01,1.700837023419866512e+01
8.010000000000000453e-01,1.701616980534329215e+01
8.020000000000000462e-01,1.695193119141688598e+01
8.030000000000000471e-01,1.702952596776207272e+01
8.040000000000000480e-01,1.701432305173016246e+01
8.050000000000000488e-01,1.696293586125916875e+01
8.060000000000000497e-01,1.698545495564587782e+01
8.070000000000000506e-01,1.696590407245851750e+01
8.080000000000000515e-01,1.701817736756171584e+01
8.090000000000000524e-01,1.705305659691116205e+01
8.100000000000000533e-01,1.700652232258141794e+01
8.110000000000000542e-01,1.705034682120646039e+01
8.120000000000000551e-01,1.695868528616599846e+01
8.129999999999999449e-01,1.691882265420928633e+01
8.139999999999999458e-01,1.698640262737992046e+01
8.149999999999999467e-01,1.700834229154611066e+01
8.159999999999999476e-01,1.697095689095856841e+01
8.169999999999999485e-01,1.700127351845941703e+01
8.179999999999999494e-01,1.700704184889781345e+01
8.189999999999999503e-01,1.701710764928022712e+01
8.199999999999999512e-01,1.703499950148860265e+01
8.209999999999999520e-01,1.698263998478776671e+01
8.219999999999999529e-01,1.705425821731229519e+01
8.229999999999999538e-01,1.693428201029951907e+01
8.239999999999999547e-01,1.696778471564352131e+01
8.249999999999999556e-01,1.699530371629632697e+01
8.259999999999999565e-01,1.698996513621948878e+01
8.269999999999999574e-01,1.703942538668480822e+01
8.279999999999999583e-01,1.703809063154679393e+01
8.289999999999999591e-01,1.701215260402010898e+01
8.299999999999999600e-01,1.708166066550131390e+01
8.309999999999999609e-01,1.700292550312027018e+01
8.319999999999999618e-01,1.703608503165913746e+01
8.329999999999999627e-01,1.707488669529925218e+01
8.339999999999999636e-01,1.705831793656588857e+01
8.349999999999999645e-01,1.707563255463574237e+01
8.359999999999999654e-01,1.708887566484304443e+01
8.369999999999999662e-01,1.702153800421524465e+01
8.379999999999999671e-01,1.709018397657582611e+01
8.389999999999999680e-01,1.704865389734196057e+01
8.399999999999999689e-01,1.704780630758903825e+01
8.409999999999999698e-01,1.700221102967280373e+01
8.419999999999999707e-01,1.697204281053807762e+01
8.429999999999999716e-01,1.697378230285935530e+01
8.439999999999999725e-01,1.693944903529731150e+01
8.449999999999999734e-01,1.696526392287992380e+01
8.459999999999999742e-01,1.703597976291229799e+01
8.469999999999999751e-01,1.702072516640055611e+01
8.479999999999999760e-01,1.695446436861409367e+01
8.489999999999999769e-01,1.700139032691963337e+01
8.499999999999999778e-01,1.699392289094787145e+01
8.509999999999999787e-01,1.693659097051319762e+01
8.519999999999999796e-01,1.704600263751921574e+01
8.529999999999999805e-01,1.701202248129293082e+01
8.539999999999999813e-01,1.705577789563055902e+01
8.549999999999999822e-01,1.702230482869411077e+01
8.559999999999999831e-01,1.705946377631780209e+01
8.569999999999999840e-01,1.702485431062310184e+01
8.579999999999999849e-01,1.705462996206076198e+01
8.589999999999999858e-01,1.695943579519206423e+01
8.599999999999999867e-01,1.697042356669872731e+01
8.609999999999999876e-01,1.698503234054869893e+01
8.619999999999999885e-01,1.699294974222319254e+01
8.629999999999999893e-01,1.701106785378310349e+01
8.639999999999999902e-01,1.703229414439167400e+01
8.649999999999999911e-01,1.710205588611393068e+01
8.659999999999999920e-01,1.703376554179966718e+01
8.669999999999999929e-01,1.706459986880771851e+01
8.679999999999999938e-01,1.697656088575904931e+01
8.689999999999999947e-01,1.701254078642836021e+01
8.699999999999999956e-01,1.704632478838877674e+01
8.709999999999999964e-01,1.701601340371215088e+01
8.719999999999999973e-01,1.704220462903475664e+01
8.729999999999999982e-01,1.705953856008395775e+01
8.739999999999999991e-01,1.699214201430278592e+01
8.750000000000000000e-01,1.694752765009670270e+01
8.760000000000000009e-01,1.701086692596048522e+01
8.770000000000000018e-01,1.701955083175524663e+01
8.780000000000000027e-01,1.700625379792695213e+01
8.790000000000000036e-01,1.702712262651822783e+01
8.800000000000000044e-01,1.697326288421302820e+01
8.810000000000000053e-01,1.701022442515048283e+01
8.820000000000000062e-01,1.696330891120977569e+01
8.830000000000000071e-01,1.702350884399501751e+01
8.840000000000000080e-01,1.707951136559034566e+01
8.850000000000000089e-01,1.701007020464307828e+01
8.860000000000000098e-01,1.703290323939715378e+01
8.870000000000000107e-01,1.709991258942729786e+01
8.880000000000000115e-01,1.707431898108247381e+01
8.890000000000000124e-01,1.699006450620874986e+01
8.900000000000000133e-01,1.708476713998370755e+01
8.910000000000000142e-01,1.704147932995020653e+01
8.920000000000000151e-01,1.703134966698667796e+01
8.930000000000000160e-01,1.700981822286842515e+01
8.940000000000000169e-01,1.702150491800162158e+01
8.950000000000000178e-01,1.705135799270817643e+01
8.960000000000000187e-01,1.706255258044104295e+01
8.970000000000000195e-01,1.708950048661708365e+01
8.980000000000000204e-01,1.705555333580672439e+01
8.990000000000000213e-01,1.700629846417692903e+01
9.000000000000000222e-01,1.699245061535615164e+01
9.010000000000000231e-01,1.703615790540616359e+01
9.020000000000000240e-01,1.707937309936765757e+01
9.030000000000000249e-01,1.701979321230034259e+01
9.040000000000000258e-01,1.705425270125102344e+01
9.050000000000000266e-01,1.701848652906465986e+01
9.060000000000000275e-01,1.710609289036441893e+01
9.070000000000000284e-01,1.710062363005318886e+01
9.080000000000000293e-01,1.703722830787764053e+01
9.090000000000000302e-01,1.705621961760107297e+01
9.100000000000000311e-01,1.703697324292411963e+01
9.110000000000000320e-01,1.704275573274107103e+01
9.120000000000000329e-01,1.705110871917119653e+01
9.130000000000000338e-01,1.705193242835177614e+01
9.140000000000000346e-01,1.709220698714213071e+01
9.150000000000000355e-01,1.703628324759292667e+01
9.160000000000000364e-01,1.704939494426568913e+01
9.170000000000000373e-01,1.701825794951773929e+01
9.180000000000000382e-01,1.701045408779854284e+01
9.190000000000000391e-01,1.707853715640146675e+01
9.200000000000000400e-01,1.706735465131937701e+01
9.210000000000000409e-01,1.705141660676464355e+01
9.220000000000000417e-01,1.705079127134189676e+01
9.230000000000000426e-01,1.707790699314040950e+01
9.240000000000000435e-01,1.709918044395120518e+01
9.250000000000000444e-01,1.705596277500864488e+01
9.260000000000000453e-01,1.704599347342796989e+01
9.270000000000000462e-01,1.701831229735286399e+01
9.280000000000000471e-01,1.705249010577667335e+01
9.290000000000000480e-01,1.700622816265691029e+01
9.300000000000000488e-01,1.696336162917916468e+01
9.310000000000000497e-01,1.697805130367413184e+01
9.320000000000000506e-01,1.700831957052921339e+01
9.330000000000000515e-01,1.708056714800394360e+01
9.340000000000000524e-01,1.707921238164357902e+01
9.350000000000000533e-01,1.705759181656210899e+01
9.360000000000000542e-01,1.707346107259660783e+01
9.370000000000000551e-01,1.701587761235466090e+01
9.379999999999999449e-01,1.702441312200535251e+01
9.389999999999999458e-01,1.700453286422695953e+01
9.399999999999999467e-01,1.703800284656607289e+01
9.409999999999999476e-01,1.703869899910674590e+01
9.419999999999999485e-01,1.691635982099767688e+01
9.429999999999999494e-01,1.698498329827124920e+01
9.439999999999999503e-01,1.697100589333962262e+01
9.449999999999999512e-01,1.706657305104345923e+01
9.459999999999999520e-01,1.703498749578131211e+01
9.469999999999999529e-01,1.702289700319514054e+01
9.479999999999999538e-01,1.702043388675413382e+01
9.489999999999999547e-01,1.702065908968659258e+01
9.499999999999999556e-01,1.695060323711134487e+01
9.509999999999999565e-01,1.695837269174379003e+01
9.519999999999999574e-01,1.698064325227932159e+01
9.529999999999999583e-01,1.701978836272261475e+01
9.539999999999999591e-01,1.690275142918478934e+01
9.549999999999999600e-01,1.698364193889364060e+01
9.559999999999999609e-01,1.698989518215030259e+01
9.569999999999999618e-01,1.700497519499958443e+01
9.579999999999999627e-01,1.706417677904721231e+01
9.589999999999999636e-01,1.702582931114507758e+01
9.599999999999999645e-01,1.698643665697160898e+01
9.609999999999999654e-01,1.706346601549466158e+01
9.619999999999999662e-01,1.702079777207142541e+01
9.629999999999999671e-01,1.694297991475621856e+01
9.639999999999999680e-01,1.700736288801071439e+01
9.649999999999999689e-01,1.705222286284795530e+01
9.659999999999999698e-01,1.710889246022108523e+01
9.669999999999999707e-01,1.700281352397223245e+01
9.679999999999999716e-01,1.701341025576731880e+01
9.689999999999999725e-01,1.703557575203916485e+01
9.699999999999999734e-01,1.699931556575367964e+01
9.709999999999999742e-01,1.703584706949975569e+01
9.719999999999999751e-01,1.703069825953637562e+01
9.729999999999999760e-01,1.704428104763027108e+01
9.739999999999999769e-01,1.700691265397755103e+01
9.749999999999999778e-01,1.699450616586826968e+01
9.759999999999999787e-01,1.704548101971954921e+01
9.769999999999999796e-01,1.704409377848002194e+01
9.779999999999999805e-01,1.699608713143176786e+01
9.789999999999999813e-01,1.710286305425689335e+01
9.799999999999999822e-01,1.704735470457873348e+01
9.809999999999999831e-01,1.698675441322188817e+01
9.819999999999999840e-01,1.704706262783922099e+01
9.829999999999999849e-01,1.706074919162248094e+01
9.839999999999999858e-01,1.699995061483824088e+01
9.849999999999999867e-01,1.706141482254360042e+01
9.859999999999999876e-01,1.707770331638272054e+01
9.869999999999999885e-01,1.696190074620862021e+01
9.879999999999999893e-01,1.699671456407790515e+01
9.889999999999999902e-01,1.703049748521941709e+01
9.899999999999999911e-01,1.698829487664913884e+01
9.909999999999999920e-01,1.706055966572953508e+01
9.919999999999999929e-01,1.701908485619512845e+01
9.929999999999999938e-01,1.707009124113233156e+01
9.939999999999999947e-01,1.697591166176694699e+01
9.949999999999999956e-01,1.701835188445590319e+01
9.959999999999999964e-01,1.698323016428017240e+01
9.969999999999999973e-01,1.701091277177452454e+01
9.979999999999999982e-01,1.703072152733358635e+01
9.989999999999999991e-01,1.706758841074877253e+01
1.000000000000000000e+00,1.703810289254290211e+01
1.000999999999999890e+00,1.699050437862112162e+01
1.002000000000000002e+00,1.698131989148217968e+01
1.002999999999999892e+00,1.702979289265666196e+01
1.004000000000000004e+00,1.705495306056864635e+01
1.004999999999999893e+00,1.704700551530348918e+01
1.006000000000000005e+00,1.697628715602882465e+01
1.006999999999999895e+00,1.697450434419403820e+01
1.008000000000000007e+00,1.697170539984815107e+01
1.008999999999999897e+00,1.695287519727126124e+01
1.010000000000000009e+00,1.701950815823880347e+01
1.010999999999999899e+00,1.700379721154267543e+01
1.012000000000000011e+00,1.695188495444665477e+01
1.012999999999999901e+00,1.701288590971897463e+01
1.014000000000000012e+00,1.705017600254200261e+01
1.014999999999999902e+00,1.700677466816433281e+01
1.016000000000000014e+00,1.702838916954245363e+01
1.016999999999999904e+00,1.693700693462977469e+01
1.018000000000000016e+00,1.698679599786787264e+01
1.018999999999999906e+00,1.701765952552123906e+01
1.020000000000000018e+00,1.703732773553390345e+01
1.020999999999999908e+00,1.700410110584672907e+01
1.022000000000000020e+00,1.705527694234361746e+01
1.022999999999999909e+00,1.699640862987109102e+01
1.024000000000000021e+00,1.698966942062718388e+01
1.024999999999999911e+00,1.701606730580245497e+01
1.026000000000000023e+00,1.697060215829618812e+01
1.026999999999999913e+00,1.698018266089516004e+01
1.028000000000000025e+00,1.701777973216604778e+01
1.028999999999999915e+00,1.700034538814851715e+01
1.030000000000000027e+00,1.698742613719922900e+01
1.030999999999999917e+00,1.699798517595095859e+01
1.032000000000000028e+00,1.704646551030993251e+01
1.032999999999999918e+00,1.707584837687282686e+01
1.034000000000000030e+00,1.703353603751580536e+01
1.034999999999999920e+00,1.700711607059505326e+01
1.036000000000000032e+00,1.695617485487821341e+01
1.036999999999999922e+00,1.699351283406049617e+01
1.038000000000000034e+00,1.700051528257003497e+01
1.038999999999999924e+00,1.695761924672452281e+01
1.040000000000000036e+00,1.698110803062759544e+01
1.040999999999999925e+00,1.704999053702800893e+01
1.042000000000000037e+00,1.702539971669264318e+01
1.042999999999999927e+00,1.699618272750051773e+01
1.044000000000000039e+00,1.693723945043216261e+01
1.044999999999999929e+00,1.702554179258930134e+01
1.046000000000000041e+00,1.699081377108101876e+01
1.046999999999999931e+00,1.703948826048090837e+01
1.048000000000000043e+00,1.705423725616249797e+01
1.048999999999999932e+00,1.710131084935238732e+01
1.050000000000000044e+00,1.704371713219568818e+01
1.050999999999999934e+00,1.710307122490850062e+01
1.052000000000000046e+00,1.703122947328021297e+01
1.052999999999999936e+00,1.704666677683931297e+01
1.054000000000000048e+00,1.695130368565042289e+01
1.054999999999999938e+00,1.699513070923991975e+01
1.056000000000000050e+00,1.702466016385921321e+01
1.056999999999999940e+00,1.699158227431225754e+01
1.058000000000000052e+00,1.703415116583416733e+01
1.058999999999999941e+00,1.704162935939029566e+01
1.060000000000000053e+00,1.703061896162935085e+01
1.060999999999999943e+00,1.699219066017637303e+01
1.062000000000000055e+00,1.707348743475882813e+01
1.062999999999999945e+00,1.699585350084771918e+01
1.064000000000000057e+00,1.706517400307264865e+01
1.064999999999999947e+00,1.702514957471941059e+01
1.066000000000000059e+00,1.702148281860557688e+01
1.066999999999999948e+00,1.702692766101046828e+01
1.068000000000000060e+00,1.703945186408449786e+01
1.068999999999999950e+00,1.703075758024822761e+01
1.070000000000000062e+00,1.700108380335498026e+01
1.070999999999999952e+00,1.700946579950309356e+01
1.072000000000000064e+00,1.700523509561231350e+01
1.072999999999999954e+00,1.706377702076292024e+01
1.074000000000000066e+00,1.703806216353512326e+01
1.074999999999999956e+00,1.706272491295387184e+01
1.076000000000000068e+00,1.699927587326082090e+01
1.076999999999999957e+00,1.702350538108038336e+01
1.078000000000000069e+00,1.704504280902979119e+01
1.078999999999999959e+00,1.698224798932760748e+01
1.080000000000000071e+00,1.697907068740883574e+01
1.080999999999999961e+00,1.711006984682849819e+01
1.082000000000000073e+00,1.710010795220064139e+01
1.082999999999999963e+00,1.708525439022604431e+01
1.084000000000000075e+00,1.709197692228347165e+01
1.084999999999999964e+00,1.698278356463081806e+01
1.086000000000000076e+00,1.704258524699073973e+01
1.086999999999999966e+00,1.700248640857018501e+01
1.088000000000000078e+00,1.710463582241500191e+01
1.088999999999999968e+00,1.698607458970979778e+01
1.090000000000000080e+00,1.701838841716476480e+01
1.090999999999999970e+00,1.711784575540963615e+01
1.092000000000000082e+00,1.711938176657032074e+01
1.092999999999999972e+00,1.706680719057879969e+01
1.094000000000000083e+00,1.706074410439048350e+01
1.094999999999999973e+00,1.698273164431813953e+01
1.096000000000000085e+00,1.701138926035932997e+01
1.096999999999999975e+00,1.703296498232718292e+01
1.098000000000000087e+00,1.703381879499140794e+01
1.098999999999999977e+00,1.708231367243342547e+01
1.100000000000000089e+00,1.698497525674275010e+01
1.100999999999999979e+00,1.695332029716200850e+01
1.102000000000000091e+00,1.697658270635299260e+01
1.102999999999999980e+00,1.704572199355421347e+01
1.104000000000000092e+00,1.702268995754904068e+01
1.104999999999999982e+00,1.700023681101330197e+01
1.106000000000000094e+00,1.707277377581970867e+01
1.106999999999999984e+00,1.704245877772316220e+01
1.108000000000000096e+00,1.704149593048447642e+01
1.108999999999999986e+00,1.706256358963058162e+01
1.110000000000000098e+00,1.705909832421378525e+01
1.110999999999999988e+00,1.703046036361310556e+01
1.112000000000000099e+00,1.700253022207041198e+01
1.112999999999999989e+00,1.697822349388686902e+01
1.114000000000000101e+00,1.699333712295758048e+01
1.114999999999999991e+00,1.703730370973659447e+01
1.116000000000000103e+00,1.706454238973713444e+01
1.116999999999999993e+00,1.702924700967122362e+01
1.118000000000000105e+00,1.704545518498362355e+01
1.118999999999999995e+00,1.701638429290432697e+01
1.120000000000000107e+00,1.705403175961847495e+01
1.120999999999999996e+00,1.702715822277620461e+01
1.122000000000000108e+00,1.702677624831527226e+01
1.122999999999999998e+00,1.707981739466564974e+01
1.124000000000000110e+00,1.699190591128127537e+01
1.125000000000000000e+00,1.699751519229867824e+01
1.125999999999999890e+00,1.696287336967602499e+01
1.127000000000000002e+00,1.701295740546219548e+01
1.127999999999999892e+00,1.705150527137836036e+01
1.129000000000000004e+00,1.694615214725786956e+01
1.129999999999999893e+00,1.694101755668939191e+01
1.131000000000000005e+00,1.700054130257143115e+01
1.131999999999999895e+00,1.697552659629394967e+01
1.133000000000000007e+00,1.701123915489936778e+01
1.133999999999999897e+00,1.702164781717221942e+01
1.135000000000000009e+00,1.700430702390769966e+01
1.135999999999999899e+00,1.704942207132544496e+01
1.137000000000000011e+00,1.702385896476771876e+01
1.137999999999999901e+00,1.705233890511759398e+01
1.139000000000000012e+00,1.709538126766412347e+01
1.139999999999999902e+00,1.697414342574769819e+01
1.141000000000000014e+00,1.697152654962547658e+01
1.141999999999999904e+00,1.698155825477569181e+01
1.143000000000000016e+00,1.704556834536437293e+01
1.143999999999999906e+00,1.699111831522309402e+01
1.145000000000000018e+00,1.703890529982330193e+01
1.145999999999999908e+00,1.702961573576905252e+01
1.147000000000000020e+00,1.702681133952773962e+01
1.147999999999999909e+00,1.701350524713636148e+01
1.149000000000000021e+00,1.707461188128640828e+01
1.149999999999999911e+00,1.706122388297409742e+01
1.151000000000000023e+00,1.705620173326270361e+01
1.151999999999999913e+00,1.703469092308569799e+01
1.153000000000000025e+00,1.701263023092966975e+01
1.153999999999999915e+00,1.701538901737493603e+01
1.155000000000000027e+00,1.706249321081143222e+01
1.155999999999999917e+00,1.701548192950688687e+01
1.157000000000000028e+00,1.704794235597414342e+01
1.157999999999999918e+00,1.704898797165415658e+01
1.159000000000000030e+00,1.700589378625466352e+01
1.159999999999999920e+00,1.703481217954652749e+01
1.161000000000000032e+00,1.705554318175434503e+01
1.161999999999999922e+00,1.698416260306305503e+01
1.163000000000000034e+00,1.702434347605287712e+01
1.163999999999999924e+00,1.703739001461785918e+01
1.165000000000000036e+00,1.706862609659940944e+01
1.165999999999999925e+00,1.707351596296810570e+01
1.167000000000000037e+00,1.710429993050417963e+01
1.167999999999999927e+00,1.705641999449538915e+01
1.169000000000000039e+00,1.708953349877441141e+01
1.169999999999999929e+00,1.710736045948272732e+01
1.171000000000000041e+00,1.708787924812801506e+01
1.171999999999999931e+00,1.709381037529704983e+01
1.173000000000000043e+00,1.720434412326430618e+01
1.173999999999999932e+00,1.702257780154985767e+01
1.175000000000000044e+00,1.710970082831555317e+01
1.175999999999999934e+00,1.706852818431081786e+01
1.177000000000000046e+00,1.712105956027649967e+01
1.177999999999999936e+00,1.704196441473160917e+01
1.179000000000000048e+00,1.713201344975546192e+01
1.179999999999999938e+00,1.707831820798200795e+01
1.181000000000000050e+00,1.702843430912299283e+01
1.181999999999999940e+00,1.709914780262031542e+01
1.183000000000000052e+00,1.716259621119854017e+01
1.183999999999999941e+00,1.703874441167346276e+01
1.185000000000000053e+00,1.709867895236220292e+01
1.185999999999999943e+00,1.707505270883268622e+01
1.187000000000000055e+00,1.703504714258297170e+01
1.187999999999999945e+00,1.707282030690311458e+01
1.189000000000000057e+00,1.706606443580135490e+01
1.189999999999999947e+00,1.710643592560360915e+01
1.191000000000000059e+00,1.711433004772107935e+01
1.191999999999999948e+00,1.709288776940226029e+01
1.193000000000000060e+00,1.700639687636647679e+01
1.193999999999999950e+00,1.701983369756742448e+01
1.195000000000000062e+00,1.701674226019573410e+01
1.195999999999999952e+00,1.704208609539119834e+01
1.197000000000000064e+00,1.713018002848074062e+01
1.197999999999999954e+00,1.703779445746807042e+01
1.199000000000000066e+00,1.712391148574944566e+01
1.199999999999999956e+00,1.705899292658734012e+01
1.201000000000000068e+00,1.704270083648548351e+01
1.201999999999999957e+00,1.708463194122074924e+01
1.203000000000000069e+00,1.697513011067619004e+01
1.203999999999999959e+00,1.704423953590260155e+01
1.205000000000000071e+00,1.703914882832788891e+01
1.205999999999999961e+00,1.701979649300675845e+01
1.207000000000000073e+00,1.699406575824072974e+01
1.207999999999999963e+00,1.698302976902918715e+01
1.209000000000000075e+00,1.699571355138544604e+01
1.209999999999999964e+00,1.706345459537079279e+01
1.211000000000000076e+00,1.709898306466703843e+01
1.211999999999999966e+00,1.708406251572299439e+01
1.213000000000000078e+00,1.702273063057297264e+01
1.213999999999999968e+00,1.702807475975587082e+01
1.215000000000000080e+00,1.703617592903212596e+01
1.215999999999999970e+00,1.701198314820474167e+01
1.217000000000000082e+00,1.699573696540433332e+01
1.217999999999999972e+00,1.701116637298324008e+01
1.219000000000000083e+00,1.702655086235955650e+01
1.219999999999999973e+00,1.698588080074263118e+01
1.221000000000000085e+00,1.706574717111303841e+01
1.221999999999999975e+00,1.709873742050243095e+01
1.223000000000000087e+00,1.706974324813248245e+01
1.223999999999999977e+00,1.701239278357735785e+01
1.225000000000000089e+00,1.702764533605718356e+01
1.225999999999999979e+00,1.701370944687755582e+01
1.227000000000000091e+00,1.702616967681904825e+01
1.227999999999999980e+00,1.700193509428794414e+01
1.229000000000000092e+00,1.700078355941793617e+01
1.229999999999999982e+00,1.702096476532473446e+01
1.231000000000000094e+00,1.702648166088251713e+01
1.231999999999999984e+00,1.704228866445011548e+01
1.233000000000000096e+00,1.701875449736321499e+01
1.233999999999999986e+00,1.699881307849855361e+01
1.235000000000000098e+00,1.704303749031875270e+01
1.235999999999999988e+00,1.709782814855384103e+01
1.237000000000000099e+00,1.703320273489264736e+01
1.237999999999999989e+00,1.701281276446034951e+01
1.239000000000000101e+00,1.706269185253395193e+01
1.239999999999999991e+00,1.706705937830771092e+01
1.241000000000000103e+00,1.700850602141845158e+01
1.241999999999999993e+00,1.710733732342112745e+01
1.243000000000000105e+00,1.703458688731843296e+01
1.243999999999999995e+00,1.703677181933986162e+01
1.245000000000000107e+00,1.701710009377359611e+01
1.245999999999999996e+00,1.706325148511913170e+01
1.247000000000000108e+00,1.704056705813703942e+01
1.247999999999999998e+00,1.712617647257528120e+01
1.249000000000000110e+00,1.702088537054224560e+01
1.250000000000000000e+00,1.707444394894908868e+01
1.250999999999999890e+00,1.703938410529805125e+01
1.252000000000000002e+00,1.704378358182417230e+01
1.252999999999999892e+00,1.708034993970963455e+01
1.254000000000000004e+00,1.708622248354668827e+01
1.254999999999999893e+00,1.707794287479470441e+01
1.256000000000000005e+00,1.702726833841367338e+01
1.256999999999999895e+00,1.708059864698353891e+01
1.258000000000000007e+00,1.711416713295604097e+01
1.258999999999999897e+00,1.709507823345132138e+01
1.260000000000000009e+00,1.703710968118251046e+01
1.260999999999999899e+00,1.713632636411028898e+01
1.262000000000000011e+00,1.701490917483946319e+01
1.262999999999999901e+00,1.703976655777673344e+01
1.264000000000000012e+00,1.702573299478401481e+01
1.264999999999999902e+00,1.703330168900838260e+01
1.266000000000000014e+00,1.703552941807162213e+01
1.266999999999999904e+00,1.708477100146577143e+01
1.268000000000000016e+00,1.709568638715218114e+01
1.268999999999999906e+00,1.696788612131465612e+01
1.270000000000000018e+00,1.703194866423467957e+01
1.270999999999999908e+00,1.707704736354146746e+01
1.272000000000000020e+00,1.703433939673737996e+01
1.272999999999999909e+00,1.709167321309361753e+01
1.274000000000000021e+00,1.703290039519911758e+01
1.274999999999999911e+00,1.701642570982366109e+01
1.276000000000000023e+00,1.703915738416207049e+01
1.276999999999999913e+00,1.705952243903066901e+01
1.278000000000000025e+00,1.708338085481514668e+01
1.278999999999999915e+00,1.702013977218009799e+01
1.280000000000000027e+00,1.702863080807899721e+01
1.280999999999999917e+00,1.699939737039885301e+01
1.282000000000000028e+00,1.701033950499303060e+01
1.282999999999999918e+00,1.708038009276322455e+01
1.284000000000000030e+00,1.702040830391797499e+01
1.284999999999999920e+00,1.703303267062476323e+01
1.286000000000000032e+00,1.705415744739812922e+01
1.286999999999999922e+00,1.706370785284913438e+01
1.288000000000000034e+00,1.705004465910205624e+01
1.288999999999999924e+00,1.698653585363249974e+01
1.290000000000000036e+00,1.700718569443305483e+01
1.290999999999999925e+00,1.701360619940068020e+01
1.292000000000000037e+00,1.705508229575240975e+01
1.292999999999999927e+00,1.711684159779176539e+01
1.294000000000000039e+00,1.703888636007990698e+01
1.294999999999999929e+00,1.704162898484426947e+01
1.296000000000000041e+00,1.702969456650048485e+01
1.296999999999999931e+00,1.706493152686223880e+01
1.298000000000000043e+00,1.702700204114391269e+01
1.298999999999999932e+00,1.704458915683901310e+01
1.300000000000000044e+00,1.703925076575365338e+01
1.300999999999999934e+00,1.702709910436072960e+01
1.302000000000000046e+00,1.701527707425812252e+01
1.302999999999999936e+00,1.700108466068462221e+01
1.304000000000000048e+00,1.703655254744348468e+01
1.304999999999999938e+00,1.704586728206525592e+01
1.306000000000000050e+00,1.700769139822980947e+01
1.306999999999999940e+00,1.701553764832756244e+01
1.308000000000000052e+00,1.704672687622096205e+01
1.308999999999999941e+00,1.710131348926118733e+01
1.310000000000000053e+00,1.698817598200483303e+01
1.310999999999999943e+00,1.699160167639295693e+01
1.312000000000000055e+00,1.699210051381230357e+01
1.312999999999999945e+00,1.704110108687831016e+01
1.314000000000000057e+00,1.703531468513168434e+01
1.314999999999999947e+00,1.701216455842458686e+01
1.316000000000000059e+00,1.709595668032497429e+01
1.316999999999999948e+00,1.700794421641333898e+01
1.318000000000000060e+00,1.703373533639281945e+01
1.318999999999999950e+00,1.697898303049861468e+01
1.320000000000000062e+00,1.710604538566981248e+01
1.320999999999999952e+00,1.705889713686573472e+01
1.322000000000000064e+00,1.707776081884975383e+01
1.322999999999999954e+00,1.699131218513689845e+01
1.324000000000000066e+00,1.695803635927226338e+01
1.324999999999999956e+00,1.706967724939291386e+01
1.326000000000000068e+00,1.702907824733352626e+01
1.326999999999999957e+00,1.707255471417454729e+01
1.328000000000000069e+00,1.700983494910345328e+01
1.328999999999999959e+00,1.706022406602637886e+01
1.330000000000000071e+00,1.710433103250414177e+01
1.330999999999999961e+00,1.708600465706440730e+01
1.332000000000000073e+00,1.702309775949134263e+01
1.332999999999999963e+00,1.706527619595749101e+01
1.334000000000000075e+00,1.703214898412250022e+01
1.334999999999999964e+00,1.707826374607129338e+01
1.336000000000000076e+00,1.702162383705881155e+01
1.336999999999999966e+00,1.707435287858374906e+01
1.338000000000000078e+00,1.704727341504633031e+01
1.338999999999999968e+00,1.699132278471073221e+01
1.340000000000000080e+00,1.705210166214533984e+01
1.340999999999999970e+00,1.706382286470992327e+01
1.342000000000000082e+00,1.709171096344483587e+01
1.342999999999999972e+00,1.704358452094448495e+01
1.344000000000000083e+00,1.705479896034012910e+01
1.344999999999999973e+00,1.701172853295238241e+01
1.346000000000000085e+00,1.698273451084909524e+01
1.346999999999999975e+00,1.702812308416476839e+01
1.348000000000000087e+00,1.706658624807785785e+01
1.348999999999999977e+00,1.704244154372097597e+01
1.350000000000000089e+00,1.702313905111169490e+01
1.350999999999999979e+00,1.706949465879837646e+01
1.352000000000000091e+00,1.716374540384789071e+01
1.352999999999999980e+00,1.698903615277504997e+01
1.354000000000000092e+00,1.709454536023569204e+01
1.354999999999999982e+00,1.712165162530843787e+01
1.356000000000000094e+00,1.706770484238744245e+01
1.356999999999999984e+00,1.712870286861920732e+01
1.358000000000000096e+00,1.712544660524858386e+01
1.358999999999999986e+00,1.718569146259070735e+01
1.360000000000000098e+00,1.713748896736228033e+01
1.360999999999999988e+00,1.714248494396045785e+01
1.362000000000000099e+00,1.710043623231712928e+01
1.362999999999999989e+00,1.710709228939336768e+01
1.364000000000000101e+00,1.715165478845376157e+01
1.364999999999999991e+00,1.703485772626688544e+01
1.366000000000000103e+00,1.713021472330741446e+01
1.366999999999999993e+00,1.720264503309308779e+01
1.368000000000000105e+00,1.705504381912508904e+01
1.368999999999999995e+00,1.708415551294811152e+01
1.370000000000000107e+00,1.710837527184521889e+01
1.370999999999999996e+00,1.714749277720116183e+01
1.372000000000000108e+00,1.719521268134616676e+01
1.372999999999999998e+00,1.707472121948418931e+01
1.374000000000000110e+00,1.707329939585117984e+01
1.375000000000000000e+00,1.710901535670510754e+01
1.375999999999999890e+00,1.710688328856671347e+01
1.377000000000000002e+00,1.709196018805904416e+01
1.377999999999999892e+00,1.708290156937421500e+01
1.379000000000000004e+00,1.710052633689398505e+01
1.379999999999999893e+00,1.712942081440375475e+01
1.381000000000000005e+00,1.713872081268368675e+01
1.381999999999999895e+00,1.711400630919873223e+01
1.383000000000000007e+00,1.720033988335717368e+01
1.383999999999999897e+00,1.709497855634160501e+01
1.385000000000000009e+00,1.710694662766034924e+01
1.385999999999999899e+00,1.720986314872814305e+01
1.387000000000000011e+00,1.721753738267002731e+01
1.387999999999999901e+00,1.711337257505410037e+01
1.389000000000000012e+00,1.725080432308351419e+01
1.389999999999999902e+00,1.716476050409883669e+01
1.391000000000000014e+00,1.715566780041346462e+01
1.391999999999999904e+00,1.716818303842052984e+01
1.393000000000000016e+00,1.723105886260195518e+01
1.393999999999999906e+00,1.713062989148630066e+01
1.395000000000000018e+00,1.714229190151219484e+01
1.395999999999999908e+00,1.709080921697587385e+01
1.397000000000000020e+00,1.720797212080746519e+01
1.397999999999999909e+00,1.717245451378643395e+01
1.399000000000000021e+00,1.712072406976960792e+01
1.399999999999999911e+00,1.716952954082419325e+01
1.401000000000000023e+00,1.705881799897170126e+01
1.401999999999999913e+00,1.719279254760914455e+01
1.403000000000000025e+00,1.712916599478298352e+01
1.403999999999999915e+00,1.717586277121015215e+01
1.405000000000000027e+00,1.710264623401185702e+01
1.405999999999999917e+00,1.719618615000761253e+01
1.407000000000000028e+00,1.716075261406415819e+01
1.407999999999999918e+00,1.715600123878074257e+01
1.409000000000000030e+00,1.712160729061797682e+01
1.409999999999999920e+00,1.711389306462140070e+01
1.411000000000000032e+00,1.714562460144133382e+01
1.411999999999999922e+00,1.711886727054204016e+01
1.413000000000000034e+00,1.709602650467391882e+01
1.413999999999999924e+00,1.710209429629508904e+01
1.415000000000000036e+00,1.706378662103996291e+01
1.415999999999999925e+00,1.704599463301658702e+01
1.417000000000000037e+00,1.703287885227392451e+01
1.417999999999999927e+00,1.705222592509755231e+01
1.419000000000000039e+00,1.715534587398236965e+01
1.419999999999999929e+00,1.711228016191518719e+01
1.421000000000000041e+00,1.704800438304917876e+01
1.421999999999999931e+00,1.707256030270456648e+01
1.423000000000000043e+00,1.706072044546939637e+01
1.423999999999999932e+00,1.705102140437795555e+01
1.425000000000000044e+00,1.709571052643955724e+01
1.425999999999999934e+00,1.709034551811839364e+01
1.427000000000000046e+00,1.705749022104474122e+01
1.427999999999999936e+00,1.709231868849032665e+01
1.429000000000000048e+00,1.710880616412688582e+01
1.429999999999999938e+00,1.709415303231148187e+01
1.431000000000000050e+00,1.708625501742117336e+01
1.431999999999999940e+00,1.710216415786477739e+01
1.433000000000000052e+00,1.714213038587129745e+01
1.433999999999999941e+00,1.717255020418241074e+01
1.435000000000000053e+00,1.717952503337377479e+01
1.435999999999999943e+00,1.707788942403339760e+01
1.437000000000000055e+00,1.713979260681716354e+01
1.437999999999999945e+00,1.717403337348785897e+01
1.439000000000000057e+00,1.712396960709365956e+01
1.439999999999999947e+00,1.707556007298935441e+01
1.441000000000000059e+00,1.708980195962445237e+01
1.441999999999999948e+00,1.708296577233129909e+01
1.443000000000000060e+00,1.702667093523825415e+01
1.443999999999999950e+00,1.712471114502152147e+01
1.445000000000000062e+00,1.711520230371199247e+01
1.445999999999999952e+00,1.709919021462181021e+01
1.447000000000000064e+00,1.721067747335589360e+01
1.447999999999999954e+00,1.712545220592705064e+01
1.449000000000000066e+00,1.715815034817006079e+01
1.449999999999999956e+00,1.717414877336261014e+01
1.451000000000000068e+00,1.715503314297333404e+01
1.451999999999999957e+00,1.716801124186936889e+01
1.453000000000000069e+00,1.717428878641820944e+01
1.453999999999999959e+00,1.721854768237385258e+01
1.455000000000000071e+00,1.721669608553253283e+01
1.455999999999999961e+00,1.716521832671843129e+01
1.457000000000000073e+00,1.715222956397348142e+01
1.457999999999999963e+00,1.714708087316175167e+01
1.459000000000000075e+00,1.712264710782582000e+01
1.459999999999999964e+00,1.717572027699668169e+01
1.461000000000000076e+00,1.723752561928467131e+01
1.461999999999999966e+00,1.716097872712150618e+01
1.463000000000000078e+00,1.717879261358796938e+01
1.463999999999999968e+00,1.714459290227241084e+01
1.465000000000000080e+00,1.720293864276560214e+01
1.465999999999999970e+00,1.715517361692375431e+01
1.467000000000000082e+00,1.712096326393771051e+01
1.467999999999999972e+00,1.713108314831520573e+01
1.469000000000000083e+00,1.716660144488841055e+01
1.469999999999999973e+00,1.710930044326892130e+01
1.471000000000000085e+00,1.704489299406827385e+01
1.471999999999999975e+00,1.714057615129315693e+01
1.473000000000000087e+00,1.711893954915415961e+01
1.473999999999999977e+00,1.715033572562704478e+01
1.475000000000000089e+00,1.709837379200347485e+01
1.475999999999999979e+00,1.711951247319554881e+01
1.477000000000000091e+00,1.715254743349105837e+01
1.477999999999999980e+00,1.707964734407820018e+01
1.479000000000000092e+00,1.709872210682469529e+01
1.479999999999999982e+00,1.707406565273800325e+01
1.481000000000000094e+00,1.708360568377614896e+01
1.481999999999999984e+00,1.711627550916210794e+01
1.483000000000000096e+00,1.711262290845712997e+01
1.483999999999999986e+00,1.716205939834698313e+01
1.485000000000000098e+00,1.710243471296510620e+01
1.485999999999999988e+00,1.707063376472823535e+01
1.487000000000000099e+00,1.712738497403345050e+01
1.487999999999999989e+00,1.712902211272093922e+01
1.489000000000000101e+00,1.703477818099513286e+01
1.489999999999999991e+00,1.701069457561749942e+01
1.491000000000000103e+00,1.713983438351209543e+01
1.491999999999999993e+00,1.714388769101293519e+01
1.493000000000000105e+00,1.708757283834163232e+01
1.493999999999999995e+00,1.703858979427097609e+01
1.495000000000000107e+00,1.702463016150097275e+01
1.495999999999999996e+00,1.709962116331026394e+01
1.497000000000000108e+00,1.712955914269404900e+01
1.497999999999999998e+00,1.711024665776611187e+01
1.499000000000000110e+00,1.711941657251760063e+01
1.500000000000000000e+00,1.716025511142662907e+01
1.500999999999999890e+00,1.704081996158729950e+01
1.502000000000000002e+00,1.713224209388302199e+01
1.502999999999999892e+00,1.718906307694944147e+01
1.504000000000000004e+00,1.716000715688904066e+01
1.504999999999999893e+00,1.713411448938519754e+01
1.506000000000000005e+00,1.719981937222357260e+01
1.506999999999999895e+00,1.713993334770334798e+01
1.508000000000000007e+00,1.719533414854089060e+01
1.508999999999999897e+00,1.710333273108201269e+01
1.510000000000000009e+00,1.707535115650889068e+01
1.510999999999999899e+00,1.711944210089321672e+01
1.512000000000000011e+00,1.714415237042890539e+01
1.512999999999999901e+00,1.709838222746409997e+01
1.514000000000000012e+00,1.710972548790789460e+01
1.514999999999999902e+00,1.717639222284504186e+01
1.516000000000000014e+00,1.708085284630296030e+01
1.516999999999999904e+00,1.711712443531823524e+01
1.518000000000000016e+00,1.718905947239771592e+01
1.518999999999999906e+00,1.712802328207665425e+01
1.520000000000000018e+00,1.718016304162005170e+01
1.520999999999999908e+00,1.711753675668864361e+01
1.522000000000000020e+00,1.717939705498567804e+01
1.522999999999999909e+00,1.720061362764751323e+01
1.524000000000000021e+00,1.720354312695578614e+01
1.524999999999999911e+00,1.720810829560481281e+01
1.526000000000000023e+00,1.710145926341342815e+01
1.526999999999999913e+00,1.709282373055467019e+01
1.528000000000000025e+00,1.711124791963304403e+01
1.528999999999999915e+00,1.714662946369663743e+01
1.530000000000000027e+00,1.709511680397043776e+01
1.530999999999999917e+00,1.711156914453536615e+01
1.532000000000000028e+00,1.708429040759626005e+01
1.532999999999999918e+00,1.710482619622503719e+01
1.534000000000000030e+00,1.705578905280382429e+01
1.534999999999999920e+00,1.711999777133645750e+01
1.536000000000000032e+00,1.708268237133709633e+01
1.536999999999999922e+00,1.702779674072341720e+01
1.538000000000000034e+00,1.713961725559551752e+01
1.538999999999999924e+00,1.715087659051083691e+01
1.540000000000000036e+00,1.715279712302754689e+01
1.540999999999999925e+00,1.710351695507452163e+01
1.542000000000000037e+00,1.711423557179277921e+01
1.542999999999999927e+00,1.716364243156657565e+01
1.544000000000000039e+00,1.713866008950383346e+01
1.544999999999999929e+00,1.711841043858581202e+01
1.546000000000000041e+00,1.718914420250057873e+01
1.546999999999999931e+00,1.711280584201166022e+01
1.548000000000000043e+00,1.710337379457768492e+01
1.548999999999999932e+00,1.716695306884134098e+01
1.550000000000000044e+00,1.717780087976252190e+01
1.550999999999999934e+00,1.706643602425598161e+01
1.552000000000000046e+00,1.713777039730658913e+01
1.552999999999999936e+00,1.712727902460723683e+01
1.554000000000000048e+00,1.710002378678129276e+01
1.554999999999999938e+00,1.712775761102243521e+01
1.556000000000000050e+00,1.708406587623260720e+01
1.556999999999999940e+00,1.716053455962993723e+01
1.558000000000000052e+00,1.716326655618454922e+01
1.558999999999999941e+00,1.714307659316240873e+01
1.560000000000000053e+00,1.723875720794690380e+01
1.560999999999999943e+00,1.716072328935523217e+01
1.562000000000000055e+00,1.716790110677067105e+01
1.562999999999999945e+00,1.717671062438554230e+01
1.564000000000000057e+00,1.714185691672449252e+01
1.564999999999999947e+00,1.708225876962716683e+01
1.566000000000000059e+00,1.712679014648611542e+01
1.566999999999999948e+00,1.712646641336291964e+01
1.568000000000000060e+00,1.716944760031786998e+01
1.568999999999999950e+00,1.706958380591915869e+01
1.570000000000000062e+00,1.711345709833318907e+01
1.570999999999999952e+00,1.713654783341206311e+01
1.572000000000000064e+00,1.707983260561503869e+01
1.572999999999999954e+00,1.711006126077629119e+01
1.574000000000000066e+00,1.707799540076290512e+01
1.574999999999999956e+00,1.711752478967688162e+01
1.576000000000000068e+00,1.706301315422325615e+01
1.576999999999999957e+00,1.707973467226815245e+01
1.578000000000000069e+00,1.713185694438325157e+01
1.578999999999999959e+00,1.709413338506344004e+01
1.580000000000000071e+00,1.710259626660665688e+01
1.580999999999999961e+00,1.714507136114764307e+01
1.582000000000000073e+00,1.712381378560466061e+01
1.582999999999999963e+00,1.711963511577702590e+01
1.584000000000000075e+00,1.712923900330225635e+01
1.584999999999999964e+00,1.706409183087101411e+01
1.586000000000000076e+00,1.712821055575259166e+01
1.586999999999999966e+00,1.711740689919448855e+01
1.588000000000000078e+00,1.707985366743863054e+01
1.588999999999999968e+00,1.712131979229524958e+01
1.590000000000000080e+00,1.719810801301987269e+01
1.590999999999999970e+00,1.712389556356902531e+01
1.592000000000000082e+00,1.721292534692107878e+01
1.592999999999999972e+00,1.712322748763557456e+01
1.594000000000000083e+00,1.716998610162431405e+01
1.594999999999999973e+00,1.715397069107551431e+01
1.596000000000000085e+00,1.714650827987956205e+01
1.596999999999999975e+00,1.718310431098809588e+01
1.598000000000000087e+00,1.719057532650193210e+01
1.598999999999999977e+00,1.715664802495222574e+01
1.600000000000000089e+00,1.714358569175719182e+01
1.600999999999999979e+00,1.727446643313013297e+01
1.602000000000000091e+00,1.719888672941742769e+01
1.602999999999999980e+00,1.713477142060999370e+01
1.604000000000000092e+00,1.715433528626786597e+01
1.604999999999999982e+00,1.717307798004576824e+01
1.606000000000000094e+00,1.715294853415449339e+01
1.606999999999999984e+00,1.714650302726063202e+01
1.608000000000000096e+00,1.716441990831508235e+01
1.608999999999999986e+00,1.715996568664990818e+01
1.610000000000000098e+00,1.710760721335205758e+01
1.610999999999999988e+00,1.707612017998456011e+01
1.612000000000000099e+00,1.710579135589993882e+01
1.612999999999999989e+00,1.718658484264493680e+01
1.614000000000000101e+00,1.713406984797772381e+01
1.614999999999999991e+00,1.713673677501015291e+01
1.616000000000000103e+00,1.710828171195284853e+01
1.616999999999999993e+00,1.716890002724155906e+01
1.618000000000000105e+00,1.717703861121412245e+01
1.618999999999999995e+00,1.721782840214353527e+01
1.620000000000000107e+00,1.718096524178316997e+01
1.620999999999999996e+00,1.718130148819728475e+01
1.622000000000000108e+00,1.723862377944561075e+01
1.622999999999999998e+00,1.719366957708012222e+01
1.624000000000000110e+00,1.723191157707015009e+01
1.625000000000000000e+00,1.710610516150499905e+01
1.625999999999999890e+00,1.718652391845640892e+01
1.627000000000000002e+00,1.709595475821571142e+01
1.627999999999999892e+00,1.716089996730392997e+01
1.629000000000000004e+00,1.704124447475948401e+01
1.629999999999999893e+00,1.716597696775832560e+01
1.631000000000000005e+00,1.711423966003436448e+01
1.631999999999999895e+00,1.713298368113056114e+01
1.633000000000000007e+00,1.718190381361574381e+01
1.633999999999999897e+00,1.716986211124488548e+01
1.635000000000000009e+00,1.711721226807353702e+01
1.635999999999999899e+00,1.721722513921611153e+01
1.637000000000000011e+00,1.708146889207187868e+01
1.637999999999999901e+00,1.715188642315528966e+01
1.639000000000000012e+00,1.716943710186335537e+01
1.639999999999999902e+00,1.718031623736792568e+01
1.641000000000000014e+00,1.715110869762131074e+01
1.641999999999999904e+00,1.717413967350404036e+01
1.643000000000000016e+00,1.711470483659681108e+01
1.643999999999999906e+00,1.714757534918364001e+01
1.645000000000000018e+00,1.716783878415780862e+01
1.645999999999999908e+00,1.712509667866810048e+01
1.647000000000000020e+00,1.715367310439001969e+01
1.647999999999999909e+00,1.722131464205092755e+01
1.649000000000000021e+00,1.711312742546490284e+01
1.649999999999999911e+00,1.711967267753648159e+01
1.651000000000000023e+00,1.719836222509102441e+01
1.651999999999999913e+00,1.719724855395196172e+01
1.653000000000000025e+00,1.711812779256723616e+01
1.653999999999999915e+00,1.722069056103669737e+01
1.655000000000000027e+00,1.717309937446973578e+01
1.655999999999999917e+00,1.721565574684774091e+01
1.657000000000000028e+00,1.712925194851283095e+01
1.657999999999999918e+00,1.714768004188495709e+01
1.659000000000000030e+00,1.711658137443953365e+01
1.659999999999999920e+00,1.721006059256633236e+01
1.661000000000000032e+00,1.713526036577948020e+01
1.661999999999999922e+00,1.718222049925261175e+01
1.663000000000000034e+00,1.720512016021306323e+01
1.663999999999999924e+00,1.715424740491279110e+01
1.665000000000000036e+00,1.726356042765126730e+01
1.665999999999999925e+00,1.709992333474039228e+01
1.667000000000000037e+00,1.719481376142505624e+01
1.667999999999999927e+00,1.722434282781014758e+01
1.669000000000000039e+00,1.716742794072410305e+01
1.669999999999999929e+00,1.710499877719528072e+01
1.671000000000000041e+00,1.717565853595796810e+01
1.671999999999999931e+00,1.708766796213308581e+01
1.673000000000000043e+00,1.710776682548468486e+01
1.673999999999999932e+00,1.715745439907402314e+01
1.675000000000000044e+00,1.710102398802459689e+01
1.675999999999999934e+00,1.716780235510086428e+01
1.677000000000000046e+00,1.713248071058217903e+01
1.677999999999999936e+00,1.709634173121683887e+01
1.679000000000000048e+00,1.714756006176244085e+01
1.679999999999999938e+00,1.710533776944921058e+01
1.681000000000000050e+00,1.712806476361813068e+01
1.681999999999999940e+00,1.712677575240003236e+01
1.683000000000000052e+00,1.712854582796183678e+01
1.683999999999999941e+00,1.719091934710695213e+01
1.685000000000000053e+00,1.719240730653929461e+01
1.685999999999999943e+00,1.724491126325310830e+01
1.687000000000000055e+00,1.710263796040792528e+01
1.687999999999999945e+00,1.712479446981260622e+01
1.689000000000000057e+00,1.712115745692783264e+01
1.689999999999999947e+00,1.716425257016494754e+01
1.691000000000000059e+00,1.712937013486195070e+01
1.691999999999999948e+00,1.715110978035803413e+01
1.693000000000000060e+00,1.715645189731369058e+01
1.693999999999999950e+00,1.718772898002941218e+01
1.695000000000000062e+00,1.709642794117149123e+01
1.695999999999999952e+00,1.717864215154747498e+01
1.697000000000000064e+00,1.717603835316044680e+01
1.697999999999999954e+00,1.722210223910096261e+01
1.699000000000000066e+00,1.714573093172841212e+01
1.699999999999999956e+00,1.717658192428963559e+01
1.701000000000000068e+00,1.714647235056141383e+01
1.701999999999999957e+00,1.713357997365827146e+01
1.703000000000000069e+00,1.707618852461622083e+01
1.703999999999999959e+00,1.715258810237176235e+01
1.705000000000000071e+00,1.714476097178597414e+01
1.705999999999999961e+00,1.721935969348278306e+01
1.707000000000000073e+00,1.720322633352052932e+01
1.707999999999999963e+00,1.722908190874860423e+01
1.709000000000000075e+00,1.721431462953362512e+01
1.709999999999999964e+00,1.727918330320172302e+01
1.711000000000000076e+00,1.717937306257188013e+01
1.711999999999999966e+00,1.720459371863870857e+01
1.713000000000000078e+00,1.714658791802952464e+01
1.713999999999999968e+00,1.722148105730639145e+01
1.715000000000000080e+00,1.718045166759196718e+01
1.715999999999999970e+00,1.718209218318386888e+01
1.717000000000000082e+00,1.717448337230014843e+01
1.717999999999999972e+00,1.716738690262932820e+01
1.719000000000000083e+00,1.719899253855033550e+01
1.719999999999999973e+00,1.712975221556873251e+01
1.721000000000000085e+00,1.719363647267554285e+01
1.721999999999999975e+00,1.714335304449152986e+01
1.723000000000000087e+00,1.719542512592337857e+01
1.723999999999999977e+00,1.728825691687375610e+01
1.725000000000000089e+00,1.722728292228271485e+01
1.725999999999999979e+00,1.722102637090357291e+01
1.727000000000000091e+00,1.714844564033542085e+01
1.727999999999999980e+00,1.711020121388668969e+01
1.729000000000000092e+00,1.718494855106678187e+01
1.729999999999999982e+00,1.715916528648212136e+01
1.731000000000000094e+00,1.720027164013774268e+01
1.731999999999999984e+00,1.710671295939362579e+01
1.733000000000000096e+00,1.711461248199521279e+01
1.733999999999999986e+00,1.713872328021207636e+01
1.735000000000000098e+00,1.715318117853460222e+01
1.735999999999999988e+00,1.715743959856173362e+01
1.737000000000000099e+00,1.719745923639968055e+01
1.737999999999999989e+00,1.717481243040138139e+01
1.739000000000000101e+00,1.714861902278594386e+01
1.739999999999999991e+00,1.717511479738776004e+01
1.741000000000000103e+00,1.714831592437534979e+01
1.741999999999999993e+00,1.711499920774046046e+01
1.743000000000000105e+00,1.717155377785784509e+01
1.743999999999999995e+00,1.713088002546064104e+01
1.745000000000000107e+00,1.718801932318795522e+01
1.745999999999999996e+00,1.722049973050819816e+01
1.747000000000000108e+00,1.716922941818794612e+01
1.747999999999999998e+00,1.716685493166775345e+01
1.749000000000000110e+00,1.718627771679433280e+01
1.750000000000000000e+00,1.717151451855967892e+01
1.750999999999999890e+00,1.718439785143955589e+01
1.752000000000000002e+00,1.706798829105749249e+01
1.752999999999999892e+00,1.717171783027025000e+01
1.754000000000000004e+00,1.714366058908579404e+01
1.754999999999999893e+00,1.710411244090452954e+01
1.756000000000000005e+00,1.719521767518935462e+01
1.756999999999999895e+00,1.713131274722061193e+01
1.758000000000000007e+00,1.709620416995812420e+01
1.758999999999999897e+00,1.720253503652470073e+01
1.760000000000000009e+00,1.712489072000509083e+01
1.760999999999999899e+00,1.721890283635663366e+01
1.762000000000000011e+00,1.716744805942440877e+01
1.762999999999999901e+00,1.726872391166412157e+01
1.764000000000000012e+00,1.721181542742457538e+01
1.764999999999999902e+00,1.717222352244091965e+01
1.766000000000000014e+00,1.719411368579768862e+01
1.766999999999999904e+00,1.713650934652266855e+01
1.768000000000000016e+00,1.709996910616698429e+01
1.768999999999999906e+00,1.720792347062437599e+01
1.770000000000000018e+00,1.710423364265250967e+01
1.770999999999999908e+00,1.715347913538583313e+01
1.772000000000000020e+00,1.709072309084070795e+01
1.772999999999999909e+00,1.717017063751169559e+01
1.774000000000000021e+00,1.705821799723554832e+01
1.774999999999999911e+00,1.707864441212726447e+01
1.776000000000000023e+00,1.705230276414309998e+01
1.776999999999999913e+00,1.706636077775045024e+01
1.778000000000000025e+00,1.707145162694392937e+01
1.778999999999999915e+00,1.705531478988505256e+01
1.780000000000000027e+00,1.698779343926218743e+01
1.780999999999999917e+00,1.706807505986354911e+01
1.782000000000000028e+00,1.706470245294329402e+01
1.782999999999999918e+00,1.701271863563910713e+01
1.784000000000000030e+00,1.703576255687996266e+01
1.784999999999999920e+00,1.709696213542833121e+01
1.786000000000000032e+00,1.702400447973129971e+01
1.786999999999999922e+00,1.704019442879466695e+01
1.788000000000000034e+00,1.710086685136089457e+01
1.788999999999999924e+00,1.708428980045426471e+01
1.790000000000000036e+00,1.702298821426328956e+01
1.790999999999999925e+00,1.701815780241972931e+01
1.792000000000000037e+00,1.706610794161411349e+01
1.792999999999999927e+00,1.701210429971075300e+01
1.794000000000000039e+00,1.706209718113291274e+01
1.794999999999999929e+00,1.710041561213984806e+01
1.796000000000000041e+00,1.706643012313460872e+01
1.796999999999999931e+00,1.705386027118182568e+01
1.798000000000000043e+00,1.707468218122092551e+01
1.798999999999999932e+00,1.706339489039807944e+01
1.800000000000000044e+00,1.699575270826119677e+01
1.800999999999999934e+00,1.707289615046233777e+01
1.802000000000000046e+00,1.707773222495362120e+01
1.802999999999999936e+00,1.705574725865570329e+01
1.804000000000000048e+00,1.713774395021321340e+01
1.804999999999999938e+00,1.712246244236720472e+01
1.806000000000000050e+00,1.703515663941410807e+01
1.806999999999999940e+00,1.713544606580166274e+01
1.808000000000000052e+00,1.707290345997696690e+01
1.808999999999999941e+00,1.708546937972148783e+01
1.810000000000000053e+00,1.698496315942689705e+01
1.810999999999999943e+00,1.704778584901070815e+01
1.812000000000000055e+00,1.712370334106963199e+01
1.812999999999999945e+00,1.704302278324607300e+01
1.814000000000000057e+00,1.705907172201459687e+01
1.814999999999999947e+00,1.699100090373517702e+01
1.816000000000000059e+00,1.706856592901215564e+01
1.816999999999999948e+00,1.704139845702228229e+01
1.818000000000000060e+00,1.710357023935602427e+01
1.818999999999999950e+00,1.715139393075571661e+01
1.820000000000000062e+00,1.709462077882138686e+01
1.820999999999999952e+00,1.711778134596582035e+01
1.822000000000000064e+00,1.703843982335177643e+01
1.822999999999999954e+00,1.710148779348119774e+01
1.824000000000000066e+00,1.716409577521685037e+01
1.824999999999999956e+00,1.715722356011400151e+01
1.826000000000000068e+00,1.713847672819586876e+01
1.826999999999999957e+00,1.722291031212632717e+01
1.828000000000000069e+00,1.716941231814004354e+01
1.828999999999999959e+00,1.710657759083925455e+01
1.830000000000000071e+00,1.720800926712253798e+01
1.830999999999999961e+00,1.714259318728478121e+01
1.832000000000000073e+00,1.713718562436347881e+01
1.832999999999999963e+00,1.715726303472944991e+01
1.834000000000000075e+00,1.718151065009171319e+01
1.834999999999999964e+00,1.722574055715933383e+01
1.836000000000000076e+00,1.723145268517966855e+01
1.836999999999999966e+00,1.724383219785779175e+01
1.838000000000000078e+00,1.718629132490530509e+01
1.838999999999999968e+00,1.721931971896865932e+01
1.840000000000000080e+00,1.722397390608381684e+01
1.840999999999999970e+00,1.710522459197987999e+01
1.842000000000000082e+00,1.715680568646667226e+01
1.842999999999999972e+00,1.712021813610477849e+01
1.844000000000000083e+00,1.716075350189452919e+01
1.844999999999999973e+00,1.715836973346811689e+01
1.846000000000000085e+00,1.722527337937033565e+01
1.846999999999999975e+00,1.719896363409803541e+01
1.848000000000000087e+00,1.722722330792486645e+01
1.848999999999999977e+00,1.717245096722855280e+01
1.850000000000000089e+00,1.718654533404743034e+01
1.850999999999999979e+00,1.719641667140684760e+01
1.852000000000000091e+00,1.716643630992753344e+01
1.852999999999999980e+00,1.715750488176693267e+01
1.854000000000000092e+00,1.716860458606619133e+01
1.854999999999999982e+00,1.718266558665487764e+01
1.856000000000000094e+00,1.718345332811360748e+01
1.856999999999999984e+00,1.706628245885109152e+01
1.858000000000000096e+00,1.719436691943101536e+01
1.858999999999999986e+00,1.721468921324064283e+01
1.860000000000000098e+00,1.722756362594218160e+01
1.860999999999999988e+00,1.715124318492534528e+01
1.862000000000000099e+00,1.719467635270992645e+01
1.862999999999999989e+00,1.716123856628567523e+01
1.864000000000000101e+00,1.709674519488301314e+01
1.864999999999999991e+00,1.712557666479352392e+01
1.866000000000000103e+00,1.720181394963138288e+01
1.866999999999999993e+00,1.713414599973102881e+01
1.868000000000000105e+00,1.710229873048002247e+01
1.868999999999999995e+00,1.713635555508374253e+01
1.870000000000000107e+00,1.711855524693406849e+01
1.870999999999999996e+00,1.710392517945360424e+01
1.872000000000000108e+00,1.714519278092609866e+01
1.872999999999999998e+00,1.715060246336755156e+01
1.874000000000000110e+00,1.711914521251248189e+01
1.875000000000000000e+00,1.712061546532873990e+01
1.875999999999999890e+00,1.715070703472207825e+01
1.877000000000000002e+00,1.716181676683996926e+01
1.877999999999999892e+00,1.713507851881145427e+01
1.879000000000000004e+00,1.712851397679319732e+01
1.879999999999999893e+00,1.713488529040386155e+01
1.881000000000000005e+00,1.717314085611821994e+01
1.881999999999999895e+00,1.715914219930778017e+01
1.883000000000000007e+00,1.718046146801819773e+01
1.883999999999999897e+00,1.716437344165748868e+01
1.885000000000000009e+00,1.716074993673138493e+01
1.885999999999999899e+00,1.714031020236473779e+01
1.887000000000000011e+00,1.721831107769834546e+01
1.887999999999999901e+00,1.718058056976819259e+01
1.889000000000000012e+00,1.722957060095464144e+01
1.889999999999999902e+00,1.720011705204549557e+01
1.891000000000000014e+00,1.723963034682397222e+01
1.891999999999999904e+00,1.726477589404857582e+01
1.893000000000000016e+00,1.716199590932597374e+01
1.893999999999999906e+00,1.713953570660493853e+01
1.895000000000000018e+00,1.714697457792134472e+01
1.895999999999999908e+00,1.717916391010317767e+01
1.897000000000000020e+00,1.707351843773238187e+01
1.897999999999999909e+00,1.713043812749755901e+01
1.899000000000000021e+00,1.718739468630363731e+01
1.899999999999999911e+00,1.713209679976446509e+01
1.901000000000000023e+00,1.716205775893034513e+01
1.901999999999999913e+00,1.715894676321119050e+01
1.903000000000000025e+00,1.717884338390538801e+01
1.903999999999999915e+00,1.710080824104067077e+01
1.905000000000000027e+00,1.718261722462110441e+01
1.905999999999999917e+00,1.714704928428526998e+01
1.907000000000000028e+00,1.715469203217340066e+01
1.907999999999999918e+00,1.711944340084521343e+01
1.909000000000000030e+00,1.710107244062172782e+01
1.909999999999999920e+00,1.711294533524455730e+01
1.911000000000000032e+00,1.716709167336832209e+01
1.911999999999999922e+00,1.717027078860891365e+01
1.913000000000000034e+00,1.712674244477895158e+01
1.913999999999999924e+00,1.711924981637321963e+01
1.915000000000000036e+00,1.708369953169213673e+01
1.915999999999999925e+00,1.712906780330949985e+01
1.917000000000000037e+00,1.709946441064281331e+01
1.917999999999999927e+00,1.712130193734832062e+01
1.919000000000000039e+00,1.701661047884334010e+01
1.919999999999999929e+00,1.706451905872081909e+01
1.921000000000000041e+00,1.711925085650340606e+01
1.921999999999999931e+00,1.713688531944001170e+01
1.923000000000000043e+00,1.713625122195096750e+01
1.923999999999999932e+00,1.712917529809353212e+01
1.925000000000000044e+00,1.714484663550399191e+01
1.925999999999999934e+00,1.712577930211352140e+01
1.927000000000000046e+00,1.714091992571034240e+01
1.927999999999999936e+00,1.717989916957670715e+01
1.929000000000000048e+00,1.716939337055679715e+01
1.929999999999999938e+00,1.712135065732139694e+01
1.931000000000000050e+00,1.711772797719959271e+01
1.931999999999999940e+00,1.708414427969203686e+01
1.933000000000000052e+00,1.709544674210685500e+01
1.933999999999999941e+00,1.713012398325645691e+01
1.935000000000000053e+00,1.711857861064077824e+01
1.935999999999999943e+00,1.713829835381616107e+01
1.937000000000000055e+00,1.716566683282533745e+01
1.937999999999999945e+00,1.715407265307903373e+01
1.939000000000000057e+00,1.717031292658709418e+01
1.939999999999999947e+00,1.713432970102875785e+01
1.941000000000000059e+00,1.711073568512301790e+01
1.941999999999999948e+00,1.718405127390159493e+01
1.943000000000000060e+00,1.712029684036760813e+01
1.943999999999999950e+00,1.709060398429179983e+01
1.945000000000000062e+00,1.718074061785744888e+01
1.945999999999999952e+00,1.716342806585259950e+01
1.947000000000000064e+00,1.712175885492842298e+01
1.947999999999999954e+00,1.720543659769533207e+01
1.949000000000000066e+00,1.715305026929819476e+01
1.949999999999999956e+00,1.720792619902432463e+01
1.951000000000000068e+00,1.720747958192363569e+01
1.951999999999999957e+00,1.724018583678671490e+01
1.953000000000000069e+00,1.715854841005607057e+01
1.953999999999999959e+00,1.718321243473441839e+01
1.955000000000000071e+00,1.716679891947201853e+01
1.955999999999999961e+00,1.718543519271194953e+01
1.957000000000000073e+00,1.714849830794480567e+01
1.957999999999999963e+00,1.715700350224278381e+01
1.959000000000000075e+00,1.714626418404573371e+01
1.959999999999999964e+00,1.710462601403219196e+01
1.961000000000000076e+00,1.712086359064133845e+01
1.961999999999999966e+00,1.711947045232730247e+01
1.963000000000000078e+00,1.710816938626336281e+01
1.963999999999999968e+00,1.716180758415601559e+01
1.965000000000000080e+00,1.707492260010561580e+01
1.965999999999999970e+00,1.717226396238966402e+01
1.967000000000000082e+00,1.710249522128235711e+01
1.967999999999999972e+00,1.717845604984099239e+01
1.969000000000000083e+00,1.719360319904333778e+01
1.969999999999999973e+00,1.712260905898981633e+01
1.971000000000000085e+00,1.712293080387129862e+01
1.971999999999999975e+00,1.714990948175986318e+01
1.973000000000000087e+00,1.718553489380895627e+01
1.973999999999999977e+00,1.713745033706934962e+01
1.975000000000000089e+00,1.713403437662825368e+01
1.975999999999999979e+00,1.709955040718092789e+01
1.977000000000000091e+00,1.715637099273820709e+01
1.977999999999999980e+00,1.718792835232992289e+01
1.979000000000000092e+00,1.709928582181174406e+01
1.979999999999999982e+00,1.715142628640631628e+01
1.981000000000000094e+00,1.716870080600213200e+01
1.981999999999999984e+00,1.714479298204085467e+01
1.983000000000000096e+00,1.715332304445623279e+01
1.983999999999999986e+00,1.717563264737993833e+01
1.985000000000000098e+00,1.712312928798771594e+01
1.985999999999999988e+00,1.723074236220608313e+01
1.987000000000000099e+00,1.716842983280795920e+01
1.987999999999999989e+00,1.718242989596988579e+01
1.989000000000000101e+00,1.713918184913199383e+01
1.989999999999999991e+00,1.719077304593607636e+01
1.991000000000000103e+00,1.717459845304027510e+01
1.991999999999999993e+00,1.719098397046035132e+01
1.993000000000000105e+00,1.714670949407775780e+01
1.993999999999999995e+00,1.721170098411261762e+01
1.995000000000000107e+00,1.715791667155748357e+01
1.995999999999999996e+00,1.718970548341805937e+01
1.997000000000000108e+00,1.715922045600449053e+01
1.997999999999999998e+00,1.711944564680565506e+01
1.999000000000000110e+00,1.717786226173614494e+01
2.000000000000000000e+00,1.720289351178409021e+01
2.000999999999999890e+00,1.718586401653161033e+01
2.001999999999999780e+00,1.712159882818074053e+01
2.003000000000000114e+00,1.719230341969953457e+01
2.004000000000000004e+00,1.722090920766388322e+01
2.004999999999999893e+00,1.714616647597382126e+01
2.005999999999999783e+00,1.708306816798457817e+01
2.007000000000000117e+00,1.714350207434144835e+01
2.008000000000000007e+00,1.715572530103072069e+01
2.008999999999999897e+00,1.718368388189862017e+01
2.009999999999999787e+00,1.714688321559280126e+01
2.011000000000000121e+00,1.723712066583301450e+01
2.012000000000000011e+00,1.719150954156484801e+01
2.012999999999999901e+00,1.718387327102540141e+01
2.013999999999999790e+00,1.723847567124154878e+01
2.015000000000000124e+00,1.718998199488894940e+01
2.016000000000000014e+00,1.717419574504841506e+01
2.016999999999999904e+00,1.721270408884696934e+01
2.017999999999999794e+00,1.718384648505118761e+01
2.019000000000000128e+00,1.716515047156787688e+01
2.020000000000000018e+00,1.717163997312247403e+01
2.020999999999999908e+00,1.718581815099615895e+01
2.021999999999999797e+00,1.724856725090855392e+01
2.023000000000000131e+00,1.724282740649983836e+01
2.024000000000000021e+00,1.712862114283969817e+01
2.024999999999999911e+00,1.713067744075468823e+01
2.025999999999999801e+00,1.713806222852132777e+01
2.027000000000000135e+00,1.716351288091706095e+01
2.028000000000000025e+00,1.715798988146265458e+01
2.028999999999999915e+00,1.711239549636921353e+01
2.029999999999999805e+00,1.712099454211510619e+01
2.031000000000000139e+00,1.714052827063355977e+01
2.032000000000000028e+00,1.715101911364115850e+01
2.032999999999999918e+00,1.713887600828119417e+01
2.033999999999999808e+00,1.714171989720099987e+01
2.035000000000000142e+00,1.715083997284987305e+01
2.036000000000000032e+00,1.716797183564812812e+01
2.036999999999999922e+00,1.717024780995710387e+01
2.037999999999999812e+00,1.715599060280345256e+01
2.039000000000000146e+00,1.712813785364991048e+01
2.040000000000000036e+00,1.706880765305847092e+01
2.040999999999999925e+00,1.705137109610770807e+01
2.041999999999999815e+00,1.714668844455542995e+01
2.043000000000000149e+00,1.710229584853165008e+01
2.044000000000000039e+00,1.719800696441283705e+01
2.044999999999999929e+00,1.716578539913754753e+01
2.045999999999999819e+00,1.718931215801098489e+01
2.047000000000000153e+00,1.712696936300035588e+01
2.048000000000000043e+00,1.716142666597922783e+01
2.048999999999999932e+00,1.712188938084221590e+01
2.049999999999999822e+00,1.717299716953272082e+01
2.051000000000000156e+00,1.722601887780107432e+01
2.052000000000000046e+00,1.723413330312117608e+01
2.052999999999999936e+00,1.722724253822842400e+01
2.053999999999999826e+00,1.728113316106601260e+01
2.055000000000000160e+00,1.716545362808855657e+01
2.056000000000000050e+00,1.718549145713469528e+01
2.056999999999999940e+00,1.715279934148785301e+01
2.057999999999999829e+00,1.719307668046911530e+01
2.059000000000000163e+00,1.716080237009133569e+01
2.060000000000000053e+00,1.719946128285998554e+01
2.060999999999999943e+00,1.720215122651786288e+01
2.061999999999999833e+00,1.720956802003599861e+01
2.063000000000000167e+00,1.724412482986395290e+01
2.064000000000000057e+00,1.724092330046919130e+01
2.064999999999999947e+00,1.718760371307932999e+01
2.065999999999999837e+00,1.718850411934181110e+01
2.067000000000000171e+00,1.720695211721577422e+01
2.068000000000000060e+00,1.719756127129002010e+01
2.068999999999999950e+00,1.715829535116257887e+01
2.069999999999999840e+00,1.723129048841355271e+01
2.071000000000000174e+00,1.723555479773395760e+01
2.072000000000000064e+00,1.718527339899486961e+01
2.072999999999999954e+00,1.717840267224676509e+01
2.073999999999999844e+00,1.716569741294770068e+01
2.075000000000000178e+00,1.719329375488970868e+01
2.076000000000000068e+00,1.710113055515436997e+01
2.076999999999999957e+00,1.724167600482975971e+01
2.077999999999999847e+00,1.724209732418246688e+01
2.079000000000000181e+00,1.714003481923709771e+01
2.080000000000000071e+00,1.718435896502279547e+01
2.080999999999999961e+00,1.721700250283774736e+01
2.081999999999999851e+00,1.713622185074279969e+01
2.083000000000000185e+00,1.714072297721850191e+01
2.084000000000000075e+00,1.719701852448552160e+01
2.084999999999999964e+00,1.709560987081518135e+01
2.085999999999999854e+00,1.721286473706764042e+01
2.087000000000000188e+00,1.718468029594393087e+01
2.088000000000000078e+00,1.715044287512069587e+01
2.088999999999999968e+00,1.715598434572508779e+01
2.089999999999999858e+00,1.718989683218329390e+01
2.091000000000000192e+00,1.715218374471342599e+01
2.092000000000000082e+00,1.720127401170753956e+01
2.092999999999999972e+00,1.713252931427417636e+01
2.093999999999999861e+00,1.711741610347671028e+01
2.095000000000000195e+00,1.713608579227379636e+01
2.096000000000000085e+00,1.711690606707337636e+01
2.096999999999999975e+00,1.716095009076015643e+01
2.097999999999999865e+00,1.715044546561884076e+01
2.099000000000000199e+00,1.717482983114094708e+01
2.100000000000000089e+00,1.710022238042786213e+01
2.100999999999999979e+00,1.715123990420286049e+01
2.101999999999999869e+00,1.712500288398231874e+01
2.103000000000000203e+00,1.719768443690286119e+01
2.104000000000000092e+00,1.705138482655889121e+01
2.104999999999999982e+00,1.705978587203241403e+01
2.105999999999999872e+00,1.711089479222164300e+01
2.107000000000000206e+00,1.715480469833923749e+01
2.108000000000000096e+00,1.710404267718713811e+01
2.108999999999999986e+00,1.712301440964231958e+01
2.109999999999999876e+00,1.706204148414492749e+01
2.111000000000000210e+00,1.719636572842868460e+01
2.112000000000000099e+00,1.712934861021689770e+01
2.112999999999999989e+00,1.708468630626667562e+01
2.113999999999999879e+00,1.712698769265286813e+01
2.115000000000000213e+00,1.716676644886225134e+01
2.116000000000000103e+00,1.715026262283449299e+01
2.116999999999999993e+00,1.719737130528658042e+01
2.117999999999999883e+00,1.722640007567119369e+01
2.119000000000000217e+00,1.711165907806861242e+01
2.120000000000000107e+00,1.712089263716283227e+01
2.120999999999999996e+00,1.719882070265807883e+01
2.121999999999999886e+00,1.712819138197613000e+01
2.123000000000000220e+00,1.707124889844012117e+01
2.124000000000000110e+00,1.715858204786251306e+01
2.125000000000000000e+00,1.713970688829940414e+01
2.125999999999999890e+00,1.712955388662372869e+01
2.126999999999999780e+00,1.712642965111435345e+01
2.128000000000000114e+00,1.718017659908020889e+01
2.129000000000000004e+00,1.717306729493683548e+01
2.129999999999999893e+00,1.718093680469907980e+01
2.130999999999999783e+00,1.721361134151507244e+01
2.132000000000000117e+00,1.723771755344193934e+01
2.133000000000000007e+00,1.720316013902791852e+01
2.133999999999999897e+00,1.714869744526781048e+01
2.134999999999999787e+00,1.706935293296901435e+01
2.136000000000000121e+00,1.713139210143634372e+01
2.137000000000000011e+00,1.709492186149906701e+01
2.137999999999999901e+00,1.704031266964373970e+01
2.138999999999999790e+00,1.711334182899069489e+01
2.140000000000000124e+00,1.708301411918315083e+01
2.141000000000000014e+00,1.718803172373765165e+01
2.141999999999999904e+00,1.716541494868359408e+01
2.142999999999999794e+00,1.713896568456848968e+01
2.144000000000000128e+00,1.712166190605864813e+01
2.145000000000000018e+00,1.713529255159727782e+01
2.145999999999999908e+00,1.710589588692756280e+01
2.146999999999999797e+00,1.708678254867498225e+01
2.148000000000000131e+00,1.706134274932498585e+01
2.149000000000000021e+00,1.713555452053097383e+01
2.149999999999999911e+00,1.712905722601120928e+01
2.150999999999999801e+00,1.711996022026333009e+01
2.152000000000000135e+00,1.706631891677990609e+01
2.153000000000000025e+00,1.707686495348383104e+01
2.153999999999999915e+00,1.714828585265354377e+01
2.154999999999999805e+00,1.706389251869225987e+01
2.156000000000000139e+00,1.717242743511211600e+01
2.157000000000000028e+00,1.716258781381554499e+01
2.157999999999999918e+00,1.708330787442287146e+01
2.158999999999999808e+00,1.707712134504667389e+01
2.160000000000000142e+00,1.714806044545300878e+01
2.161000000000000032e+00,1.705986781918396389e+01
2.161999999999999922e+00,1.710364166910027706e+01
2.162999999999999812e+00,1.710189872345168993e+01
2.164000000000000146e+00,1.712984997092047834e+01
2.165000000000000036e+00,1.707619279069615104e+01
2.165999999999999925e+00,1.710818350282287525e+01
2.166999999999999815e+00,1.711025447494411367e+01
2.168000000000000149e+00,1.711915466137373798e+01
2.169000000000000039e+00,1.713052009517834406e+01
2.169999999999999929e+00,1.716218232141146416e+01
2.170999999999999819e+00,1.713292307409755466e+01
2.172000000000000153e+00,1.720319851220823182e+01
2.173000000000000043e+00,1.712090630029285876e+01
2.173999999999999932e+00,1.715273870434053194e+01
2.174999999999999822e+00,1.718143993466179964e+01
2.176000000000000156e+00,1.713787814732504344e+01
2.177000000000000046e+00,1.706072969167427544e+01
2.177999999999999936e+00,1.717216967903080516e+01
2.178999999999999826e+00,1.714293899917012354e+01
2.180000000000000160e+00,1.718911745365304000e+01
2.181000000000000050e+00,1.714584857207388069e+01
2.181999999999999940e+00,1.718398544888593094e+01
2.182999999999999829e+00,1.713930515417820644e+01
2.184000000000000163e+00,1.718306516952164387e+01
2.185000000000000053e+00,1.716624849037502898e+01
2.185999999999999943e+00,1.712339950657890597e+01
2.186999999999999833e+00,1.717690907591925864e+01
2.188000000000000167e+00,1.714481528392962773e+01
2.189000000000000057e+00,1.717781984043090659e+01
2.189999999999999947e+00,1.711927438029906412e+01
2.190999999999999837e+00,1.711262720727815179e+01
2.192000000000000171e+00,1.716488890720706806e+01
2.193000000000000060e+00,1.712702663074554010e+01
2.193999999999999950e+00,1.716136406280675786e+01
2.194999999999999840e+00,1.715881408190245949e+01
2.196000000000000174e+00,1.715463601808270511e+01
2.197000000000000064e+00,1.716828612321294045e+01
2.197999999999999954e+00,1.714442604675128834e+01
2.198999999999999844e+00,1.712237498706022976e+01
2.200000000000000178e+00,1.713266923953874610e+01
2.201000000000000068e+00,1.713807169554130638e+01
2.201999999999999957e+00,1.712644553553083782e+01
2.202999999999999847e+00,1.718719472808326287e+01
2.204000000000000181e+00,1.715780415284906368e+01
2.205000000000000071e+00,1.710891996294604311e+01
2.205999999999999961e+00,1.714086332317251760e+01
2.206999999999999851e+00,1.709368428032804843e+01
2.208000000000000185e+00,1.708447242349702933e+01
2.209000000000000075e+00,1.709889920521995776e+01
2.209999999999999964e+00,1.712225954963838248e+01
2.210999999999999854e+00,1.711653400394950708e+01
2.212000000000000188e+00,1.713064242215490651e+01
2.213000000000000078e+00,1.708451428895029522e+01
2.213999999999999968e+00,1.713885986029730546e+01
2.214999999999999858e+00,1.710310872319024966e+01
2.216000000000000192e+00,1.714456405526549077e+01
2.217000000000000082e+00,1.707612163532448335e+01
2.217999999999999972e+00,1.718102189625549769e+01
2.218999999999999861e+00,1.715983530703711324e+01
2.220000000000000195e+00,1.715447039136096308e+01
2.221000000000000085e+00,1.716113874887867397e+01
2.221999999999999975e+00,1.719129906021614218e+01
2.222999999999999865e+00,1.720258975709743154e+01
2.224000000000000199e+00,1.721825506578191067e+01
2.225000000000000089e+00,1.723755657292219112e+01
2.225999999999999979e+00,1.710347161412604322e+01
2.226999999999999869e+00,1.717176437001085532e+01
2.228000000000000203e+00,1.713479715787623547e+01
2.229000000000000092e+00,1.715570208817893061e+01
2.229999999999999982e+00,1.717319439608615639e+01
2.230999999999999872e+00,1.721186625263177206e+01
2.232000000000000206e+00,1.722194279886610957e+01
2.233000000000000096e+00,1.722479255498932105e+01
2.233999999999999986e+00,1.714970787222486237e+01
2.234999999999999876e+00,1.713784872133792803e+01
2.236000000000000210e+00,1.718354699402693342e+01
2.237000000000000099e+00,1.723160880035636211e+01
2.237999999999999989e+00,1.711189696240112923e+01
2.238999999999999879e+00,1.714713443040974994e+01
2.240000000000000213e+00,1.712667100454901004e+01
2.241000000000000103e+00,1.716659913417091587e+01
2.241999999999999993e+00,1.714880695758638041e+01
2.242999999999999883e+00,1.718194100678236680e+01
2.244000000000000217e+00,1.720981057346855891e+01
2.245000000000000107e+00,1.709078751240678784e+01
2.245999999999999996e+00,1.714626649721083140e+01
2.246999999999999886e+00,1.717492320027552211e+01
2.248000000000000220e+00,1.717009220278774251e+01
2.249000000000000110e+00,1.715451632968431284e+01
2.250000000000000000e+00,1.721091959312013842e+01
2.250999999999999890e+00,1.714367901339511135e+01
2.251999999999999780e+00,1.718384720000367238e+01
2.253000000000000114e+00,1.718880063329091357e+01
2.254000000000000004e+00,1.712684527429841452e+01
2.254999999999999893e+00,1.716054015854277282e+01
2.255999999999999783e+00,1.710664662305704198e+01
2.257000000000000117e+00,1.709911124019864914e+01
2.258000000000000007e+00,1.716142139076166018e+01
2.258999999999999897e+00,1.710520136872382224e+01
2.259999999999999787e+00,1.719051302195089193e+01
2.261000000000000121e+00,1.716949651376619812e+01
2.262000000000000011e+00,1.714105739458277355e+01
2.262999999999999901e+00,1.710957704262524715e+01
2.263999999999999790e+00,1.715874073153669599e+01
2.265000000000000124e+00,1.709592442024222692e+01
2.266000000000000014e+00,1.712721783178883683e+01
2.266999999999999904e+00,1.717549740036545103e+01
2.267999999999999794e+00,1.712796460712915092e+01
2.269000000000000128e+00,1.714356939669869107e+01
2.270000000000000018e+00,1.713718709816535579e+01
2.270999999999999908e+00,1.715012938040903734e+01
2.271999999999999797e+00,1.712882387302944309e+01
2.273000000000000131e+00,1.720201383828055341e+01
2.274000000000000021e+00,1.705619037243658909e+01
2.274999999999999911e+00,1.718715017877013551e+01
2.275999999999999801e+00,1.720585028346900103e+01
2.277000000000000135e+00,1.718955826032761536e+01
2.278000000000000025e+00,1.714819428728188910e+01
2.278999999999999915e+00,1.717517497065934506e+01
2.279999999999999805e+00,1.714469438263620660e+01
2.281000000000000139e+00,1.715506676245809459e+01
2.282000000000000028e+00,1.720550996330640814e+01
2.282999999999999918e+00,1.710954966723701176e+01
2.283999999999999808e+00,1.716033019925760783e+01
2.285000000000000142e+00,1.719304348849954778e+01
2.286000000000000032e+00,1.720020412079281869e+01
2.286999999999999922e+00,1.710893824528227825e+01
2.287999999999999812e+00,1.711621111631239245e+01
2.289000000000000146e+00,1.709181528793840954e+01
2.290000000000000036e+00,1.713326150908616796e+01
2.290999999999999925e+00,1.713523557635782524e+01
2.291999999999999815e+00,1.712172137306617259e+01
2.293000000000000149e+00,1.710614659219872635e+01
2.294000000000000039e+00,1.711869752189210914e+01
2.294999999999999929e+00,1.713023092871410569e+01
2.295999999999999819e+00,1.717695115831210018e+01
2.297000000000000153e+00,1.715639898867079083e+01
2.298000000000000043e+00,1.713631728189082182e+01
2.298999999999999932e+00,1.714512583087976338e+01
2.299999999999999822e+00,1.720588726394705859e+01
2.301000000000000156e+00,1.716299546031158485e+01
2.302000000000000046e+00,1.712713407116905984e+01
2.302999999999999936e+00,1.716796035013777200e+01
2.303999999999999826e+00,1.719239555096565653e+01
2.305000000000000160e+00,1.715312080284267893e+01
2.306000000000000050e+00,1.712931906279561645e+01
2.306999999999999940e+00,1.709014980534297479e+01
2.307999999999999829e+00,1.708650631598903047e+01
2.309000000000000163e+00,1.715212360609625009e+01
2.310000000000000053e+00,1.711424310168510488e+01
2.310999999999999943e+00,1.710325244952915824e+01
2.311999999999999833e+00,1.708125940778367280e+01
2.313000000000000167e+00,1.711892801317297597e+01
2.314000000000000057e+00,1.706744501606845787e+01
2.314999999999999947e+00,1.706586292112194059e+01
2.315999999999999837e+00,1.716794359005502457e+01
2.317000000000000171e+00,1.713377091282964315e+01
2.318000000000000060e+00,1.713150617726211777e+01
2.318999999999999950e+00,1.716100038680916384e+01
2.319999999999999840e+00,1.714636488722555185e+01
2.321000000000000174e+00,1.712976321830641169e+01
2.322000000000000064e+00,1.717691031804411850e+01
2.322999999999999954e+00,1.719515429321561228e+01
2.323999999999999844e+00,1.713852892296128516e+01
2.325000000000000178e+00,1.711830494030444427e+01
2.326000000000000068e+00,1.712241215331050981e+01
2.326999999999999957e+00,1.715985126748104150e+01
2.327999999999999847e+00,1.710673277496635691e+01
2.329000000000000181e+00,1.711303659199385407e+01
2.330000000000000071e+00,1.714512520037298771e+01
2.330999999999999961e+00,1.713835029974121227e+01
2.331999999999999851e+00,1.706761616332409659e+01
2.333000000000000185e+00,1.710474293691075331e+01
2.334000000000000075e+00,1.710284454668458665e+01
2.334999999999999964e+00,1.722890987546017527e+01
2.335999999999999854e+00,1.712568407541495219e+01
2.337000000000000188e+00,1.711815193365651666e+01
2.338000000000000078e+00,1.707169885799746822e+01
2.338999999999999968e+00,1.708581304875328044e+01
2.339999999999999858e+00,1.710448934284065814e+01
2.341000000000000192e+00,1.710070193254152926e+01
2.342000000000000082e+00,1.713980104066033761e+01
2.342999999999999972e+00,1.713368737394754149e+01
2.343999999999999861e+00,1.709432028149772620e+01
2.345000000000000195e+00,1.713611290838140278e+01
2.346000000000000085e+00,1.719157494669475739e+01
2.346999999999999975e+00,1.715037930084545792e+01
2.347999999999999865e+00,1.708958612289691459e+01
2.349000000000000199e+00,1.712613852220431809e+01
2.350000000000000089e+00,1.716668804383206037e+01
2.350999999999999979e+00,1.718340994859423176e+01
2.351999999999999869e+00,1.715825514937060703e+01
2.353000000000000203e+00,1.716196652445872672e+01
2.354000000000000092e+00,1.707190137493473259e+01
2.354999999999999982e+00,1.714202080151124719e+01
2.355999999999999872e+00,1.714424120333296031e+01
2.357000000000000206e+00,1.712752239778651742e+01
2.358000000000000096e+00,1.717582801047294083e+01
2.358999999999999986e+00,1.714226308669207199e+01
2.359999999999999876e+00,1.707800746597138897e+01
2.361000000000000210e+00,1.718533174487451376e+01
2.362000000000000099e+00,1.720124117811070619e+01
2.362999999999999989e+00,1.711333542785759931e+01
2.363999999999999879e+00,1.713706719567566950e+01
2.365000000000000213e+00,1.715972839682660478e+01
2.366000000000000103e+00,1.719091140284938746e+01
2.366999999999999993e+00,1.728362416258540435e+01
2.367999999999999883e+00,1.715570412275302559e+01
2.369000000000000217e+00,1.723351008251498939e+01
2.370000000000000107e+00,1.718253255967150395e+01
2.370999999999999996e+00,1.730462734842771511e+01
2.371999999999999886e+00,1.716400227237674159e+01
2.373000000000000220e+00,1.720815847171886048e+01
2.374000000000000110e+00,1.711224087250263892e+01
2.375000000000000000e+00,1.715205259194431520e+01
2.375999999999999890e+00,1.716916691182235155e+01
2.376999999999999780e+00,1.714247223538818332e+01
2.378000000000000114e+00,1.716631049556700006e+01
2.379000000000000004e+00,1.719944818686576582e+01
2.379999999999999893e+00,1.718567320777115626e+01
2.380999999999999783e+00,1.714728255279943525e+01
2.382000000000000117e+00,1.721742500135849951e+01
2.383000000000000007e+00,1.724656097772906449e+01
2.383999999999999897e+00,1.714915974391896825e+01
2.384999999999999787e+00,1.713080191548380782e+01
2.386000000000000121e+00,1.725663680263773259e+01
2.387000000000000011e+00,1.715529825610812509e+01
2.387999999999999901e+00,1.713256157205345076e+01
2.388999999999999790e+00,1.711289859539343183e+01
2.390000000000000124e+00,1.714556021096145599e+01
2.391000000000000014e+00,1.716503129693564844e+01
2.391999999999999904e+00,1.714075380596442599e+01
2.392999999999999794e+00,1.712214122937317384e+01
2.394000000000000128e+00,1.719218370997346668e+01
2.395000000000000018e+00,1.715564619810501412e+01
2.395999999999999908e+00,1.711873868647182562e+01
2.396999999999999797e+00,1.720019614473664404e+01
2.398000000000000131e+00,1.724215406412947260e+01
2.399000000000000021e+00,1.722059514683258641e+01
2.399999999999999911e+00,1.714720886467104322e+01
2.400999999999999801e+00,1.718392744453795729e+01
2.402000000000000135e+00,1.716235183968151645e+01
2.403000000000000025e+00,1.719019385319904458e+01
2.403999999999999915e+00,1.720029257014529378e+01
2.404999999999999805e+00,1.710375708320421495e+01
2.406000000000000139e+00,1.719519971121001944e+01
2.407000000000000028e+00,1.719962438891982259e+01
2.407999999999999918e+00,1.725183173348738563e+01
2.408999999999999808e+00,1.716175883519235867e+01
2.410000000000000142e+00,1.720429520580998428e+01
2.411000000000000032e+00,1.719677767093921261e+01
2.411999999999999922e+00,1.716525212575584547e+01
2.412999999999999812e+00,1.715507675930733811e+01
2.414000000000000146e+00,1.719766347712777588e+01
2.415000000000000036e+00,1.716929156592632211e+01
2.415999999999999925e+00,1.713391299193778394e+01
2.416999999999999815e+00,1.718844590428357932e+01
2.418000000000000149e+00,1.717731267557507735e+01
2.419000000000000039e+00,1.718165719829307037e+01
2.419999999999999929e+00,1.716484748035792407e+01
2.420999999999999819e+00,1.718452784588050264e+01
2.422000000000000153e+00,1.716360247173475173e+01
2.423000000000000043e+00,1.725033162302974787e+01
2.423999999999999932e+00,1.718270636170781529e+01
2.424999999999999822e+00,1.715153813881730471e+01
2.426000000000000156e+00,1.717865116663168124e+01
2.427000000000000046e+00,1.722016188255368618e+01
2.427999999999999936e+00,1.722147645623044454e+01
2.428999999999999826e+00,1.718170760531800312e+01
2.430000000000000160e+00,1.712247794847972671e+01
2.431000000000000050e+00,1.715845658012224817e+01
2.431999999999999940e+00,1.709311426552207536e+01
2.432999999999999829e+00,1.713412197215727062e+01
2.434000000000000163e+00,1.720273149503146470e+01
2.435000000000000053e+00,1.719984307789533062e+01
2.435999999999999943e+00,1.719159118540626352e+01
2.436999999999999833e+00,1.715610689875379080e+01
2.438000000000000167e+00,1.721917624825263005e+01
2.439000000000000057e+00,1.725865716647754766e+01
2.439999999999999947e+00,1.722829572859244607e+01
2.440999999999999837e+00,1.718343930364106598e+01
2.442000000000000171e+00,1.725235619321206215e+01
2.443000000000000060e+00,1.717189559569175827e+01
2.443999999999999950e+00,1.714696347994699011e+01
2.444999999999999840e+00,1.710121788699784062e+01
2.446000000000000174e+00,1.715952444839027891e+01
2.447000000000000064e+00,1.715827917912433875e+01
2.447999999999999954e+00,1.712231670788538551e+01
2.448999999999999844e+00,1.711226520201401513e+01
2.450000000000000178e+00,1.719379175818452410e+01
2.451000000000000068e+00,1.715270415445035468e+01
2.451999999999999957e+00,1.716526168854203149e+01
2.452999999999999847e+00,1.723952423331020611e+01
2.454000000000000181e+00,1.719602571658426982e+01
2.455000000000000071e+00,1.724569344943878590e+01
2.455999999999999961e+00,1.722419982932607851e+01
2.456999999999999851e+00,1.726439878099359859e+01
2.458000000000000185e+00,1.723386165487301369e+01
2.459000000000000075e+00,1.729242054844969090e+01
2.459999999999999964e+00,1.723443736585868180e+01
2.460999999999999854e+00,1.722011712338763800e+01
2.462000000000000188e+00,1.719547307324952001e+01
2.463000000000000078e+00,1.713221773941820558e+01
2.463999999999999968e+00,1.717509428417736217e+01
2.464999999999999858e+00,1.717138118133345159e+01
2.466000000000000192e+00,1.715505652803854986e+01
2.467000000000000082e+00,1.724613715587486951e+01
2.467999999999999972e+00,1.722803447554804990e+01
2.468999999999999861e+00,1.723575927161767396e+01
2.470000000000000195e+00,1.719151891582768954e+01
2.471000000000000085e+00,1.723783282039687492e+01
2.471999999999999975e+00,1.721459492326891905e+01
2.472999999999999865e+00,1.723180948641292431e+01
2.474000000000000199e+00,1.721595142676006418e+01
2.475000000000000089e+00,1.717124339977872438e+01
2.475999999999999979e+00,1.721855875776940437e+01
2.476999999999999869e+00,1.722471712141462064e+01
2.478000000000000203e+00,1.721200549876226304e+01
2.479000000000000092e+00,1.720487858008482007e+01
2.479999999999999982e+00,1.718971813830782480e+01
2.480999999999999872e+00,1.721169590894807300e+01
2.482000000000000206e+00,1.722119529793739900e+01
2.483000000000000096e+00,1.716022500072856261e+01
2.483999999999999986e+00,1.716639465247908092e+01
2.484999999999999876e+00,1.720317887574357130e+01
2.486000000000000210e+00,1.716567725306097003e+01
2.487000000000000099e+00,1.716195847947088993e+01
2.487999999999999989e+00,1.708769758756678314e+01
2.488999999999999879e+00,1.710202626152712213e+01
2.490000000000000213e+00,1.715507565683968139e+01
2.491000000000000103e+00,1.717332727516009072e+01
2.491999999999999993e+00,1.722016936455737834e+01
2.492999999999999883e+00,1.727367220350172872e+01
2.494000000000000217e+00,1.714645468340779288e+01
2.495000000000000107e+00,1.717055867251584189e+01
2.495999999999999996e+00,1.723699953693202858e+01
2.496999999999999886e+00,1.721915950338328827e+01
2.498000000000000220e+00,1.721583205932459748e+01
2.499000000000000110e+00,1.715334436022100206e+01
2.500000000000000000e+00,1.720117823623778008e+01
2.500999999999999890e+00,1.715980513018445208e+01
2.501999999999999780e+00,1.718867127995662969e+01
2.503000000000000114e+00,1.716065031129221552e+01
2.504000000000000004e+00,1.712790698591381044e+01
2.504999999999999893e+00,1.723100629220979840e+01
2.505999999999999783e+00,1.719765191567795881e+01
2.507000000000000117e+00,1.722226225138168587e+01
2.508000000000000007e+00,1.718965310500329124e+01
2.508999999999999897e+00,1.713725786845332522e+01
2.509999999999999787e+00,1.715034236353663388e+01
2.511000000000000121e+00,1.716145904959520152e+01
2.512000000000000011e+00,1.725965624543332666e+01
2.512999999999999901e+00,1.712994909421439615e+01
2.513999999999999790e+00,1.714463126055774467e+01
2.515000000000000124e+00,1.718892043162274419e+01
2.516000000000000014e+00,1.719415436493820692e+01
2.516999999999999904e+00,1.721297161288570265e+01
2.517999999999999794e+00,1.709831709191294991e+01
2.519000000000000128e+00,1.720399148237603271e+01
2.520000000000000018e+00,1.721427948611852798e+01
2.520999999999999908e+00,1.723729527996345467e+01
2.521999999999999797e+00,1.721616335112454266e+01
2.523000000000000131e+00,1.717324364642525936e+01
2.524000000000000021e+00,1.723023326753943252e+01
2.524999999999999911e+00,1.731341538856023732e+01
2.525999999999999801e+00,1.726678135417072468e+01
2.527000000000000135e+00,1.711012429182476069e+01
2.528000000000000025e+00,1.724573315200407464e+01
2.528999999999999915e+00,1.723681448879830924e+01
2.529999999999999805e+00,1.721327856178499616e+01
2.531000000000000139e+00,1.723325257914219577e+01
2.532000000000000028e+00,1.727538041669732394e+01
2.532999999999999918e+00,1.715640451578021342e+01
2.533999999999999808e+00,1.719439455031098163e+01
2.535000000000000142e+00,1.726607964457723554e+01
2.536000000000000032e+00,1.728643660333301213e+01
2.536999999999999922e+00,1.731399626418822280e+01
2.537999999999999812e+00,1.728590116905071028e+01
2.539000000000000146e+00,1.723278798266566625e+01
2.540000000000000036e+00,1.723155953800502971e+01
2.540999999999999925e+00,1.718625665338432995e+01
2.541999999999999815e+00,1.719832148495451918e+01
2.543000000000000149e+00,1.724916203963398686e+01
2.544000000000000039e+00,1.722505654145740550e+01
2.544999999999999929e+00,1.731061557801190531e+01
2.545999999999999819e+00,1.727331961281302952e+01
2.547000000000000153e+00,1.723386126847728761e+01
2.548000000000000043e+00,1.724881628675758805e+01
2.548999999999999932e+00,1.727978821113698515e+01
2.549999999999999822e+00,1.726290063411806841e+01
2.551000000000000156e+00,1.730573888001648086e+01
2.552000000000000046e+00,1.719060589577419051e+01
2.552999999999999936e+00,1.713763773663625400e+01
2.553999999999999826e+00,1.714972012450672523e+01
2.555000000000000160e+00,1.715441498005645826e+01
2.556000000000000050e+00,1.725022866869218063e+01
2.556999999999999940e+00,1.718061952059069597e+01
2.557999999999999829e+00,1.722821141121146127e+01
2.559000000000000163e+00,1.721576468991094799e+01
2.560000000000000053e+00,1.726496208714297964e+01
2.560999999999999943e+00,1.726544969776016103e+01
2.561999999999999833e+00,1.730088673612142713e+01
2.563000000000000167e+00,1.727419092037130355e+01
2.564000000000000057e+00,1.722011764151755386e+01
2.564999999999999947e+00,1.715191072862665322e+01
2.565999999999999837e+00,1.718438441814018702e+01
2.567000000000000171e+00,1.719568494149194748e+01
2.568000000000000060e+00,1.717501935388094836e+01
2.568999999999999950e+00,1.716056361318730339e+01
2.569999999999999840e+00,1.720472704740483394e+01
2.571000000000000174e+00,1.717088000440806539e+01
2.572000000000000064e+00,1.720859952901810530e+01
2.572999999999999954e+00,1.717626704221259359e+01
2.573999999999999844e+00,1.718748339742314357e+01
2.575000000000000178e+00,1.715886720817963607e+01
2.576000000000000068e+00,1.721161873262102660e+01
2.576999999999999957e+00,1.715639313722482839e+01
2.577999999999999847e+00,1.706426932501040739e+01
2.579000000000000181e+00,1.710911150763331534e+01
2.580000000000000071e+00,1.715823193381710965e+01
2.580999999999999961e+00,1.714482976349848542e+01
2.581999999999999851e+00,1.711353660008774114e+01
2.583000000000000185e+00,1.706012980206959995e+01
2.584000000000000075e+00,1.719360946053009087e+01
2.584999999999999964e+00,1.714844869926314530e+01
2.585999999999999854e+00,1.713138124173667975e+01
2.587000000000000188e+00,1.713451317416150488e+01
2.588000000000000078e+00,1.713666271302955835e+01
2.588999999999999968e+00,1.718928085747726442e+01
2.589999999999999858e+00,1.720543102858163564e+01
2.591000000000000192e+00,1.712249745447148896e+01
2.592000000000000082e+00,1.712374338692019293e+01
2.592999999999999972e+00,1.707034711050080844e+01
2.593999999999999861e+00,1.709234838138938883e+01
2.595000000000000195e+00,1.711647907139701630e+01
2.596000000000000085e+00,1.711560120445927069e+01
2.596999999999999975e+00,1.714462815418206532e+01
2.597999999999999865e+00,1.710506863538429911e+01
2.599000000000000199e+00,1.701032441000959139e+01
2.600000000000000089e+00,1.707993408395988055e+01
2.600999999999999979e+00,1.711584442583633958e+01
2.601999999999999869e+00,1.710052335664446232e+01
2.603000000000000203e+00,1.705396925050936829e+01
2.604000000000000092e+00,1.706405372093499651e+01
2.604999999999999982e+00,1.709010459452746744e+01
2.605999999999999872e+00,1.713713616007119711e+01
2.607000000000000206e+00,1.701460801755749941e+01
2.608000000000000096e+00,1.701683636726227888e+01
2.608999999999999986e+00,1.697713191609217276e+01
2.609999999999999876e+00,1.706249657549989962e+01
2.611000000000000210e+00,1.709805138168304239e+01
2.612000000000000099e+00,1.707364955117114036e+01
2.612999999999999989e+00,1.706643087498555644e+01
2.613999999999999879e+00,1.708657051989936093e+01
2.615000000000000213e+00,1.710340855588670550e+01
2.616000000000000103e+00,1.711690937095884379e+01
2.616999999999999993e+00,1.706685702741669886e+01
2.617999999999999883e+00,1.710452839580609208e+01
2.619000000000000217e+00,1.706818520941072848e+01
2.620000000000000107e+00,1.713103902472478168e+01
2.620999999999999996e+00,1.709596286784521624e+01
2.621999999999999886e+00,1.711395362430293687e+01
2.623000000000000220e+00,1.721297503822434294e+01
2.624000000000000110e+00,1.719444805194117265e+01
2.625000000000000000e+00,1.718013260187472113e+01
2.625999999999999890e+00,1.715083804640339338e+01
2.626999999999999780e+00,1.706957304525270303e+01
2.628000000000000114e+00,1.708012828860345067e+01
2.629000000000000004e+00,1.707127972818550887e+01
2.629999999999999893e+00,1.710365878160538955e+01
2.630999999999999783e+00,1.711006202297840417e+01
2.632000000000000117e+00,1.711167714170952081e+01
2.633000000000000007e+00,1.707557842752651212e+01
2.633999999999999897e+00,1.709936946910005773e+01
2.634999999999999787e+00,1.706249097221424194e+01
2.636000000000000121e+00,1.708545376641299640e+01
2.637000000000000011e+00,1.706939427578921098e+01
2.637999999999999901e+00,1.705101325898273146e+01
2.638999999999999790e+00,1.711694689008157511e+01
2.640000000000000124e+00,1.713885506022390004e+01
2.641000000000000014e+00,1.710140510898586896e+01
2.641999999999999904e+00,1.710144500419451674e+01
2.642999999999999794e+00,1.711865989039667113e+01
2.644000000000000128e+00,1.710270221742197094e+01
2.645000000000000018e+00,1.713211188915370187e+01
2.645999999999999908e+00,1.713810754270242143e+01
2.646999999999999797e+00,1.713130160383739309e+01
2.648000000000000131e+00,1.711954675038534290e+01
2.649000000000000021e+00,1.716654046004836687e+01
2.649999999999999911e+00,1.707820255262355857e+01
2.650999999999999801e+00,1.711754223512261675e+01
2.652000000000000135e+00,1.714188412138648587e+01
2.653000000000000025e+00,1.707605466504458036e+01
2.653999999999999915e+00,1.707888215526042686e+01
2.654999999999999805e+00,1.714265909701275348e+01
2.656000000000000139e+00,1.709320863518030720e+01
2.657000000000000028e+00,1.709708633577261239e+01
2.657999999999999918e+00,1.713669303357140805e+01
2.658999999999999808e+00,1.714159119130180287e+01
2.660000000000000142e+00,1.708039750549799507e+01
2.661000000000000032e+00,1.720313333963514069e+01
2.661999999999999922e+00,1.714314707737053922e+01
2.662999999999999812e+00,1.718765911072235042e+01
2.664000000000000146e+00,1.709955853380968094e+01
2.665000000000000036e+00,1.709161870806973837e+01
2.665999999999999925e+00,1.712980831905221635e+01
2.666999999999999815e+00,1.717875096514912769e+01
2.668000000000000149e+00,1.713531562095667482e+01
2.669000000000000039e+00,1.710824058008074999e+01
2.669999999999999929e+00,1.709313780678923678e+01
2.670999999999999819e+00,1.713888870557997635e+01
2.672000000000000153e+00,1.712416393812603133e+01
2.673000000000000043e+00,1.716066901090898256e+01
2.673999999999999932e+00,1.708892024148707733e+01
2.674999999999999822e+00,1.715988773145969404e+01
2.676000000000000156e+00,1.714618690493472997e+01
2.677000000000000046e+00,1.716046607936142721e+01
2.677999999999999936e+00,1.713132415063259728e+01
2.678999999999999826e+00,1.715003903669257568e+01
2.680000000000000160e+00,1.709839559543610576e+01
2.681000000000000050e+00,1.713974182040440297e+01
2.681999999999999940e+00,1.709051042863671199e+01
2.682999999999999829e+00,1.714863420307020192e+01
2.684000000000000163e+00,1.708781607942801628e+01
2.685000000000000053e+00,1.714602748333090432e+01
2.685999999999999943e+00,1.717171440509338254e+01
2.686999999999999833e+00,1.714449725222538135e+01
2.688000000000000167e+00,1.715445479834283660e+01
2.689000000000000057e+00,1.712184219406143271e+01
2.689999999999999947e+00,1.706143545345043222e+01
2.690999999999999837e+00,1.711830133788468800e+01
2.692000000000000171e+00,1.716455828122455429e+01
2.693000000000000060e+00,1.706481213308510192e+01
2.693999999999999950e+00,1.716125410457346590e+01
2.694999999999999840e+00,1.716590386891209619e+01
2.696000000000000174e+00,1.715800382760451726e+01
2.697000000000000064e+00,1.708261789591193036e+01
2.697999999999999954e+00,1.713010896001940253e+01
2.698999999999999844e+00,1.707927844472240864e+01
2.700000000000000178e+00,1.710962720519004066e+01
2.701000000000000068e+00,1.715543000838564325e+01
2.701999999999999957e+00,1.714036215961832710e+01
2.702999999999999847e+00,1.714969239142938306e+01
2.704000000000000181e+00,1.704852063343318491e+01
2.705000000000000071e+00,1.719833859031203360e+01
2.705999999999999961e+00,1.706050642164721509e+01
2.706999999999999851e+00,1.713356500157834006e+01
2.708000000000000185e+00,1.710824176029174026e+01
2.709000000000000075e+00,1.709491815939509252e+01
2.709999999999999964e+00,1.716064357784441796e+01
2.710999999999999854e+00,1.715642658734268267e+01
2.712000000000000188e+00,1.713288056472525511e+01
2.713000000000000078e+00,1.710441467641602031e+01
2.713999999999999968e+00,1.715167193717941174e+01
2.714999999999999858e+00,1.711054670175833436e+01
2.716000000000000192e+00,1.719071167333619599e+01
2.717000000000000082e+00,1.709865056028405661e+01
2.717999999999999972e+00,1.717194507983504437e+01
2.718999999999999861e+00,1.714709242834699765e+01
2.720000000000000195e+00,1.710739965994234524e+01
2.721000000000000085e+00,1.712127666351952371e+01
2.721999999999999975e+00,1.707872724266439590e+01
2.722999999999999865e+00,1.711141043365631020e+01
2.724000000000000199e+00,1.710035092993414807e+01
2.725000000000000089e+00,1.710554658497905223e+01
2.725999999999999979e+00,1.711920349844628575e+01
2.726999999999999869e+00,1.709846476846552932e+01
2.728000000000000203e+00,1.705784833412307222e+01
2.729000000000000092e+00,1.712888255887577671e+01
2.729999999999999982e+00,1.711398117764995774e+01
2.730999999999999872e+00,1.704656595592903301e+01
2.732000000000000206e+00,1.713170679664664320e+01
2.733000000000000096e+00,1.707549097789605241e+01
2.733999999999999986e+00,1.706597142380993049e+01
2.734999999999999876e+00,1.711014859651772824e+01
2.736000000000000210e+00,1.714099100468162362e+01
2.737000000000000099e+00,1.716273253806643950e+01
2.737999999999999989e+00,1.712350389958123031e+01
2.738999999999999879e+00,1.714912496502578421e+01
2.740000000000000213e+00,1.714717349338189578e+01
2.741000000000000103e+00,1.714844898408209417e+01
2.741999999999999993e+00,1.719838021159048225e+01
2.742999999999999883e+00,1.715498303436318395e+01
2.744000000000000217e+00,1.716096259719305195e+01
2.745000000000000107e+00,1.711958323816725880e+01
2.745999999999999996e+00,1.709727535307906265e+01
2.746999999999999886e+00,1.713163033069893615e+01
2.748000000000000220e+00,1.709771117330488721e+01
2.749000000000000110e+00,1.709253273896771930e+01
2.750000000000000000e+00,1.712003815178377764e+01
2.750999999999999890e+00,1.712598742916221894e+01
2.751999999999999780e+00,1.716644402290100047e+01
2.753000000000000114e+00,1.709216060490597755e+01
2.754000000000000004e+00,1.711644818310738714e+01
2.754999999999999893e+00,1.702833433594520685e+01
2.755999999999999783e+00,1.713502751474720043e+01
2.757000000000000117e+00,1.710697361085263424e+01
2.758000000000000007e+00,1.711915218063904476e+01
2.758999999999999897e+00,1.713631631284285817e+01
2.759999999999999787e+00,1.720706261001486936e+01
2.761000000000000121e+00,1.720825274833378060e+01
2.762000000000000011e+00,1.712013134842456452e+01
2.762999999999999901e+00,1.716884359217462830e+01
2.763999999999999790e+00,1.727285590872174126e+01
2.765000000000000124e+00,1.719506244260054117e+01
2.766000000000000014e+00,1.713473065861095535e+01
2.766999999999999904e+00,1.707886672873045697e+01
2.767999999999999794e+00,1.708773428873499611e+01
2.769000000000000128e+00,1.714602285490167333e+01
2.770000000000000018e+00,1.712750652480417557e+01
2.770999999999999908e+00,1.704991598986172718e+01
2.771999999999999797e+00,1.715653332323422120e+01
2.773000000000000131e+00,1.707609223009995603e+01
2.774000000000000021e+00,1.711279433417675477e+01
2.774999999999999911e+00,1.704488902188918331e+01
2.775999999999999801e+00,1.715606855908017891e+01
2.777000000000000135e+00,1.707342821374500375e+01
2.778000000000000025e+00,1.712531513955038065e+01
2.778999999999999915e+00,1.706433935234274912e+01
2.779999999999999805e+00,1.705919209710744866e+01
2.781000000000000139e+00,1.705241331022696727e+01
2.782000000000000028e+00,1.712180792476753055e+01
2.782999999999999918e+00,1.708330844171288376e+01
2.783999999999999808e+00,1.709322758228783457e+01
2.785000000000000142e+00,1.707988946899741478e+01
2.786000000000000032e+00,1.713500733432912781e+01
2.786999999999999922e+00,1.716411133691694246e+01
2.787999999999999812e+00,1.716415940084251446e+01
2.789000000000000146e+00,1.718137688040155453e+01
2.790000000000000036e+00,1.709883522589976934e+01
2.790999999999999925e+00,1.713455410862040296e+01
2.791999999999999815e+00,1.703919224347244210e+01
2.793000000000000149e+00,1.704919472815317505e+01
2.794000000000000039e+00,1.710875199025738169e+01
2.794999999999999929e+00,1.705000780871495891e+01
2.795999999999999819e+00,1.712501872270966530e+01
2.797000000000000153e+00,1.710354827527207888e+01
2.798000000000000043e+00,1.714625789959360347e+01
2.798999999999999932e+00,1.717638136043605712e+01
2.799999999999999822e+00,1.708374804147770121e+01
2.801000000000000156e+00,1.713365687372399648e+01
2.802000000000000046e+00,1.715275159374127867e+01
2.802999999999999936e+00,1.705545693958742248e+01
2.803999999999999826e+00,1.711822576336930268e+01
2.805000000000000160e+00,1.712964759709360152e+01
2.806000000000000050e+00,1.709054415451142717e+01
2.806999999999999940e+00,1.708975703195368823e+01
2.807999999999999829e+00,1.715988014927723881e+01
2.809000000000000163e+00,1.708157777359249963e+01
2.810000000000000053e+00,1.699306953023473810e+01
2.810999999999999943e+00,1.699416228679820051e+01
2.811999999999999833e+00,1.707250362487742024e+01
2.813000000000000167e+00,1.706473729153602648e+01
2.814000000000000057e+00,1.705989706232370295e+01
2.814999999999999947e+00,1.707050409911316891e+01
2.815999999999999837e+00,1.709590745802440992e+01
2.817000000000000171e+00,1.701098802913512031e+01
2.818000000000000060e+00,1.703740028811297336e+01
2.818999999999999950e+00,1.702849903427069478e+01
2.819999999999999840e+00,1.704767040562839497e+01
2.821000000000000174e+00,1.702532992001728829e+01
2.822000000000000064e+00,1.700923988566063727e+01
2.822999999999999954e+00,1.705043736644530838e+01
2.823999999999999844e+00,1.707188889125220399e+01
2.825000000000000178e+00,1.706600053752268664e+01
2.826000000000000068e+00,1.704806064351672745e+01
2.826999999999999957e+00,1.706442502493392865e+01
2.827999999999999847e+00,1.717660245223432014e+01
2.829000000000000181e+00,1.709521624544707663e+01
2.830000000000000071e+00,1.708906238640797426e+01
2.830999999999999961e+00,1.706996396987032227e+01
2.831999999999999851e+00,1.709871973882493990e+01
2.833000000000000185e+00,1.707069313049954218e+01
2.834000000000000075e+00,1.711506141546492898e+01
2.834999999999999964e+00,1.703740300545770836e+01
2.835999999999999854e+00,1.703194314831307921e+01
2.837000000000000188e+00,1.712385459666171172e+01
2.838000000000000078e+00,1.710378469234977672e+01
2.838999999999999968e+00,1.715280389334926525e+01
2.839999999999999858e+00,1.714720187356188674e+01
2.841000000000000192e+00,1.709123315889587502e+01
2.842000000000000082e+00,1.704222588844762498e+01
2.842999999999999972e+00,1.708102025535319868e+01
2.843999999999999861e+00,1.705642266642914606e+01
2.845000000000000195e+00,1.710740405394168917e+01
2.846000000000000085e+00,1.710011319464360824e+01
2.846999999999999975e+00,1.697840044101851831e+01
2.847999999999999865e+00,1.710016508170473060e+01
2.849000000000000199e+00,1.708168198596268184e+01
2.850000000000000089e+00,1.709932391376770866e+01
2.850999999999999979e+00,1.706168351985962772e+01
2.851999999999999869e+00,1.704473227321395967e+01
2.853000000000000203e+00,1.709904943221568985e+01
2.854000000000000092e+00,1.703681425016385731e+01
2.854999999999999982e+00,1.702332470841487932e+01
2.855999999999999872e+00,1.706158738249575890e+01
2.857000000000000206e+00,1.711624601479246977e+01
2.858000000000000096e+00,1.710959659539756572e+01
2.858999999999999986e+00,1.702940694465290505e+01
2.859999999999999876e+00,1.706867687392436039e+01
2.861000000000000210e+00,1.705235388899105686e+01
2.862000000000000099e+00,1.705732476406524611e+01
2.862999999999999989e+00,1.698321981517162982e+01
2.863999999999999879e+00,1.708631468031839873e+01
2.865000000000000213e+00,1.706607649693719964e+01
2.866000000000000103e+00,1.703109256430415996e+01
2.866999999999999993e+00,1.699923479725988429e+01
2.867999999999999883e+00,1.701184573922265386e+01
2.869000000000000217e+00,1.705235211110185034e+01
2.870000000000000107e+00,1.698758452597675017e+01
2.870999999999999996e+00,1.699610341401917779e+01
2.871999999999999886e+00,1.699119008280216647e+01
2.873000000000000220e+00,1.707874070183083859e+01
2.874000000000000110e+00,1.702473736818200933e+01
2.875000000000000000e+00,1.711817573518296953e+01
2.875999999999999890e+00,1.710072482551257167e+01
2.876999999999999780e+00,1.707822153192455517e+01
2.878000000000000114e+00,1.704695849828505061e+01
2.879000000000000004e+00,1.703830696907599318e+01
2.879999999999999893e+00,1.704009536010278580e+01
2.880999999999999783e+00,1.706366478001746501e+01
2.882000000000000117e+00,1.709661990580309521e+01
2.883000000000000007e+00,1.707575715092789181e+01
2.883999999999999897e+00,1.703453958569267002e+01
2.884999999999999787e+00,1.710155210512279211e+01
2.886000000000000121e+00,1.708862758828018258e+01
2.887000000000000011e+00,1.707998259504998373e+01
2.887999999999999901e+00,1.704578742503403532e+01
2.888999999999999790e+00,1.708749810677660008e+01
2.890000000000000124e+00,1.706482230442367154e+01
2.891000000000000014e+00,1.708974336821361462e+01
2.891999999999999904e+00,1.704628239057639405e+01
2.892999999999999794e+00,1.704932686343888193e+01
2.894000000000000128e+00,1.710248883092158678e+01
2.895000000000000018e+00,1.713163124504597334e+01
2.895999999999999908e+00,1.704658102615727699e+01
2.896999999999999797e+00,1.703322833829651728e+01
2.898000000000000131e+00,1.706801375839219403e+01
2.899000000000000021e+00,1.713471638241975370e+01
2.899999999999999911e+00,1.710106679431002874e+01
2.900999999999999801e+00,1.708415007326412649e+01
2.902000000000000135e+00,1.705423081348488878e+01
2.903000000000000025e+00,1.703943715368918888e+01
2.903999999999999915e+00,1.710710467965924764e+01
2.904999999999999805e+00,1.701473624446256849e+01
2.906000000000000139e+00,1.709145103507896479e+01
2.907000000000000028e+00,1.711576081462738586e+01
2.907999999999999918e+00,1.714172428228738809e+01
2.908999999999999808e+00,1.712398620583435971e+01
2.910000000000000142e+00,1.713276740355150096e+01
2.911000000000000032e+00,1.708685613499021727e+01
2.911999999999999922e+00,1.714798734585520990e+01
2.912999999999999812e+00,1.709982371941443802e+01
2.914000000000000146e+00,1.714948814070556082e+01
2.915000000000000036e+00,1.708385891067542062e+01
2.915999999999999925e+00,1.715840640730127120e+01
2.916999999999999815e+00,1.710000678656044926e+01
2.918000000000000149e+00,1.708013237266363404e+01
2.919000000000000039e+00,1.715103874131319017e+01
2.919999999999999929e+00,1.709332472442526552e+01
2.920999999999999819e+00,1.717275062480728565e+01
2.922000000000000153e+00,1.713465906724900378e+01
2.923000000000000043e+00,1.710858615916205139e+01
2.923999999999999932e+00,1.714644840224199740e+01
2.924999999999999822e+00,1.709994033856166595e+01
2.926000000000000156e+00,1.710551896899324120e+01
2.927000000000000046e+00,1.710558723825065996e+01
2.927999999999999936e+00,1.712667946081721482e+01
2.928999999999999826e+00,1.709726331990907156e+01
2.930000000000000160e+00,1.714448329065817234e+01
2.931000000000000050e+00,1.713926914199615226e+01
2.931999999999999940e+00,1.720627236694285500e+01
2.932999999999999829e+00,1.718000341234765571e+01
2.934000000000000163e+00,1.714063422926416536e+01
2.935000000000000053e+00,1.717604053018586541e+01
2.935999999999999943e+00,1.718539132900372834e+01
2.936999999999999833e+00,1.718738866836417145e+01
2.938000000000000167e+00,1.714705719055892175e+01
2.939000000000000057e+00,1.720353669028888532e+01
2.939999999999999947e+00,1.718769657274028262e+01
2.940999999999999837e+00,1.712133257429348276e+01
2.942000000000000171e+00,1.723572677269080344e+01
2.943000000000000060e+00,1.722175662312267974e+01
2.943999999999999950e+00,1.714887467908069496e+01
2.944999999999999840e+00,1.721515913404576636e+01
2.946000000000000174e+00,1.720694570998747253e+01
2.947000000000000064e+00,1.709698667856870813e+01
2.947999999999999954e+00,1.716216716331070202e+01
2.948999999999999844e+00,1.717834727032108333e+01
2.950000000000000178e+00,1.717121357111194868e+01
2.951000000000000068e+00,1.717385641180569422e+01
2.951999999999999957e+00,1.710904183320014482e+01
2.952999999999999847e+00,1.708498503380224065e+01
2.954000000000000181e+00,1.711813927324133644e+01
2.955000000000000071e+00,1.713220806130154372e+01
2.955999999999999961e+00,1.712901391220375658e+01
2.956999999999999851e+00,1.713448800785027260e+01
2.958000000000000185e+00,1.711389944680794173e+01
2.959000000000000075e+00,1.712308185718929110e+01
2.959999999999999964e+00,1.710576840438129764e+01
2.960999999999999854e+00,1.711507079443947532e+01
2.962000000000000188e+00,1.716400317699870826e+01
2.963000000000000078e+00,1.704953550154486663e+01
2.963999999999999968e+00,1.707845710065436151e+01
2.964999999999999858e+00,1.705925354417247419e+01
2.966000000000000192e+00,1.716197595362142536e+01
2.967000000000000082e+00,1.707522119225266266e+01
2.967999999999999972e+00,1.712295566069235875e+01
2.968999999999999861e+00,1.715617366238378239e+01
2.970000000000000195e+00,1.715948264057028894e+01
2.971000000000000085e+00,1.710074102981672084e+01
2.971999999999999975e+00,1.704095199706735286e+01
2.972999999999999865e+00,1.709776866958588570e+01
2.974000000000000199e+00,1.711358829147616234e+01
2.975000000000000089e+00,1.705450257126322455e+01
2.975999999999999979e+00,1.704356741692255994e+01
2.976999999999999869e+00,1.700109391664786074e+01
2.978000000000000203e+00,1.705679010665059536e+01
2.979000000000000092e+00,1.704673788578965699e+01
2.979999999999999982e+00,1.706079962620207624e+01
2.980999999999999872e+00,1.708580902432631632e+01
2.982000000000000206e+00,1.715507117993821140e+01
2.983000000000000096e+00,1.707827230009209174e+01
2.983999999999999986e+00,1.703627930900146481e+01
2.984999999999999876e+00,1.706277626155096527e+01
2.986000000000000210e+00,1.699951789671110802e+01
2.987000000000000099e+00,1.699820020943181831e+01
2.987999999999999989e+00,1.705015930797557289e+01
2.988999999999999879e+00,1.705030180773677628e+01
2.990000000000000213e+00,1.706190657475164230e+01
2.991000000000000103e+00,1.709615381791849842e+01
2.991999999999999993e+00,1.702177340802537842e+01
2.992999999999999883e+00,1.713034186133298320e+01
2.994000000000000217e+00,1.706683392102056018e+01
2.995000000000000107e+00,1.711199407801451500e+01
2.995999999999999996e+00,1.711237708435453442e+01
2.996999999999999886e+00,1.707570479814782516e+01
2.998000000000000220e+00,1.717476011351920562e+01
2.999000000000000110e+00,1.714251523754187190e+01
3.000000000000000000e+00,1.715723951468827480e+01
3.000999999999999890e+00,1.711035434622826301e+01
3.001999999999999780e+00,1.711241857423494750e+01
3.003000000000000114e+00,1.705201340340810034e+01
3.004000000000000004e+00,1.709320256390057224e+01
3.004999999999999893e+00,1.710549554849541565e+01
3.005999999999999783e+00,1.712217581516350151e+01
3.007000000000000117e+00,1.699098723726831750e+01
3.008000000000000007e+00,1.708655949989843847e+01
3.008999999999999897e+00,1.706533185197973523e+01
3.009999999999999787e+00,1.705705806577312700e+01
3.011000000000000121e+00,1.716726652541324327e+01
3.012000000000000011e+00,1.708718047909383131e+01
3.012999999999999901e+00,1.714869974600783920e+01
3.013999999999999790e+00,1.715605102504254731e+01
3.015000000000000124e+00,1.719258776774587361e+01
3.016000000000000014e+00,1.711383755875415957e+01
3.016999999999999904e+00,1.716040306343577271e+01
3.017999999999999794e+00,1.710082620194910064e+01
3.019000000000000128e+00,1.715306073143620580e+01
3.020000000000000018e+00,1.716306470785884741e+01
3.020999999999999908e+00,1.707085568900934902e+01
3.021999999999999797e+00,1.712573537965980819e+01
3.023000000000000131e+00,1.715117969642034268e+01
3.024000000000000021e+00,1.714161808723941149e+01
3.024999999999999911e+00,1.709746202222981637e+01
3.025999999999999801e+00,1.709698253063948670e+01
3.027000000000000135e+00,1.709601608353945323e+01
3.028000000000000025e+00,1.708983935395625409e+01
3.028999999999999915e+00,1.702529962908834449e+01
3.029999999999999805e+00,1.716171994393900135e+01
3.031000000000000139e+00,1.716114904823967180e+01
3.032000000000000028e+00,1.712513885262355728e+01
3.032999999999999918e+00,1.706562043964313702e+01
3.033999999999999808e+00,1.705354504314714248e+01
3.035000000000000142e+00,1.707356710233250396e+01
3.036000000000000032e+00,1.706218194077038319e+01
3.036999999999999922e+00,1.709415648235130192e+01
3.037999999999999812e+00,1.718997263928810426e+01
3.039000000000000146e+00,1.709729826390053020e+01
3.040000000000000036e+00,1.708923609176793690e+01
3.040999999999999925e+00,1.701555372113721276e+01
3.041999999999999815e+00,1.705174783216545009e+01
3.043000000000000149e+00,1.703725880206748045e+01
3.044000000000000039e+00,1.708964416678098885e+01
3.044999999999999929e+00,1.707667346302976341e+01
3.045999999999999819e+00,1.710708025616716910e+01
3.047000000000000153e+00,1.708865796311296492e+01
3.048000000000000043e+00,1.708603743690559540e+01
3.048999999999999932e+00,1.708680696816595912e+01
3.049999999999999822e+00,1.714538464304091647e+01
3.051000000000000156e+00,1.703417120208527891e+01
3.052000000000000046e+00,1.704228172164004462e+01
3.052999999999999936e+00,1.709166152224693747e+01
3.053999999999999826e+00,1.708634669541931572e+01
3.055000000000000160e+00,1.709236801530622785e+01
3.056000000000000050e+00,1.706570918156230476e+01
3.056999999999999940e+00,1.715372333589628795e+01
3.057999999999999829e+00,1.710961127844465324e+01
3.059000000000000163e+00,1.709617997836536674e+01
3.060000000000000053e+00,1.713509609660142274e+01
3.060999999999999943e+00,1.709138741019022234e+01
3.061999999999999833e+00,1.710841499422993195e+01
3.063000000000000167e+00,1.713155082013565078e+01
3.064000000000000057e+00,1.711801975372290840e+01
3.064999999999999947e+00,1.711064243779684091e+01
3.065999999999999837e+00,1.709168679904226096e+01
3.067000000000000171e+00,1.707631225822089505e+01
3.068000000000000060e+00,1.707877094428231857e+01
3.068999999999999950e+00,1.717025525337118808e+01
3.069999999999999840e+00,1.714893373740488158e+01
3.071000000000000174e+00,1.714296583356919257e+01
3.072000000000000064e+00,1.716982343459380189e+01
3.072999999999999954e+00,1.712117970045291671e+01
3.073999999999999844e+00,1.714037225555619770e+01
3.075000000000000178e+00,1.726123655714201277e+01
3.076000000000000068e+00,1.707333811570497772e+01
3.076999999999999957e+00,1.715102891013441422e+01
3.077999999999999847e+00,1.714227058173171514e+01
3.079000000000000181e+00,1.710662273710322268e+01
3.080000000000000071e+00,1.714571180987968901e+01
3.080999999999999961e+00,1.719427451949702501e+01
3.081999999999999851e+00,1.708628928369088840e+01
3.083000000000000185e+00,1.706778667475434474e+01
3.084000000000000075e+00,1.713217940541066753e+01
3.084999999999999964e+00,1.705405912449253591e+01
3.085999999999999854e+00,1.712212311982002433e+01
3.087000000000000188e+00,1.710043371447229887e+01
3.088000000000000078e+00,1.710379116652924836e+01
3.088999999999999968e+00,1.708125395184357842e+01
3.089999999999999858e+00,1.709797323714799688e+01
3.091000000000000192e+00,1.715732328108216009e+01
3.092000000000000082e+00,1.704692229427511663e+01
3.092999999999999972e+00,1.710953532075701844e+01
3.093999999999999861e+00,1.706628229642229400e+01
3.095000000000000195e+00,1.707211245258067933e+01
3.096000000000000085e+00,1.710553845962970954e+01
3.096999999999999975e+00,1.713341905370350204e+01
3.097999999999999865e+00,1.706654526396272331e+01
3.099000000000000199e+00,1.711929839351623883e+01
3.100000000000000089e+00,1.704498629038199198e+01
3.100999999999999979e+00,1.707520916457190197e+01
3.101999999999999869e+00,1.713275474833259437e+01
3.103000000000000203e+00,1.708614058069555952e+01
3.104000000000000092e+00,1.709163454124885106e+01
3.104999999999999982e+00,1.705754337961014144e+01
3.105999999999999872e+00,1.711187968192892583e+01
3.107000000000000206e+00,1.709471740772610815e+01
3.108000000000000096e+00,1.710968131621249100e+01
3.108999999999999986e+00,1.708829369102429041e+01
3.109999999999999876e+00,1.711797034320839117e+01
3.111000000000000210e+00,1.712644655680787409e+01
3.112000000000000099e+00,1.705285212059036226e+01
3.112999999999999989e+00,1.712472596810639658e+01
3.113999999999999879e+00,1.706510186794316652e+01
3.115000000000000213e+00,1.705591106872249441e+01
3.116000000000000103e+00,1.702085908337864240e+01
3.116999999999999993e+00,1.712763104616415788e+01
3.117999999999999883e+00,1.702437100908088397e+01
3.119000000000000217e+00,1.708878718108798012e+01
3.120000000000000107e+00,1.708487960538887407e+01
3.120999999999999996e+00,1.704068006827472459e+01
3.121999999999999886e+00,1.709387332761608036e+01
3.123000000000000220e+00,1.709205030966211325e+01
3.124000000000000110e+00,1.716394802964071076e+01
3.125000000000000000e+00,1.708631223164677237e+01
3.125999999999999890e+00,1.710438457221852104e+01
3.126999999999999780e+00,1.711043974846353422e+01
3.128000000000000114e+00,1.707600869316618386e+01
3.129000000000000004e+00,1.712686221147051668e+01
3.129999999999999893e+00,1.702004594135927107e+01
3.130999999999999783e+00,1.709699321626725066e+01
3.132000000000000117e+00,1.713638950823236939e+01
3.133000000000000007e+00,1.708005316348575064e+01
3.133999999999999897e+00,1.709394107801946205e+01
3.134999999999999787e+00,1.710216408100013652e+01
3.136000000000000121e+00,1.704886548802995350e+01
3.137000000000000011e+00,1.706122372770803608e+01
3.137999999999999901e+00,1.705308033896556452e+01
3.138999999999999790e+00,1.704804737966250627e+01
3.140000000000000124e+00,1.702568661765715063e+01
3.141000000000000014e+00,1.703468516508407760e+01
3.141999999999999904e+00,1.709421636519134680e+01
3.142999999999999794e+00,1.708065650163669602e+01
3.144000000000000128e+00,1.706151427826016942e+01
3.145000000000000018e+00,1.702396253753355637e+01
3.145999999999999908e+00,1.709909718368254516e+01
3.146999999999999797e+00,1.703692313662554980e+01
3.148000000000000131e+00,1.707409666123398395e+01
3.149000000000000021e+00,1.704940066794372910e+01
3.149999999999999911e+00,1.703628468215678637e+01
3.150999999999999801e+00,1.708141955899857223e+01
3.152000000000000135e+00,1.703514426809968896e+01
3.153000000000000025e+00,1.704928893977508864e+01
3.153999999999999915e+00,1.703362531369664268e+01
3.154999999999999805e+00,1.704862361186004094e+01
3.156000000000000139e+00,1.702902871775620852e+01
3.157000000000000028e+00,1.710287784870497774e+01
3.157999999999999918e+00,1.707293315071420992e+01
3.158999999999999808e+00,1.705889011612626049e+01
3.160000000000000142e+00,1.707563886282560972e+01
3.161000000000000032e+00,1.708781717608496109e+01
3.161999999999999922e+00,1.707327919542546013e+01
3.162999999999999812e+00,1.716744731590791773e+01
3.164000000000000146e+00,1.709118843500642271e+01
3.165000000000000036e+00,1.708401362209743368e+01
3.165999999999999925e+00,1.703318593103506728e+01
3.166999999999999815e+00,1.709349672611239868e+01
3.168000000000000149e+00,1.711365066409523550e+01
3.169000000000000039e+00,1.716274236832684963e+01
3.169999999999999929e+00,1.706028750926765625e+01
3.170999999999999819e+00,1.703732782620675579e+01
3.172000000000000153e+00,1.704142728806331775e+01
3.173000000000000043e+00,1.698999529830733124e+01
3.173999999999999932e+00,1.700957103590118891e+01
3.174999999999999822e+00,1.703524871580650313e+01
3.176000000000000156e+00,1.708419902681875513e+01
3.177000000000000046e+00,1.708728630246757518e+01
3.177999999999999936e+00,1.708621292285619475e+01
3.178999999999999826e+00,1.705415995280735331e+01
3.180000000000000160e+00,1.702480317850974600e+01
3.181000000000000050e+00,1.703718751670722398e+01
3.181999999999999940e+00,1.698520536583106377e+01
3.182999999999999829e+00,1.708087734417750170e+01
3.184000000000000163e+00,1.701751765249569814e+01
3.185000000000000053e+00,1.703186671525097751e+01
3.185999999999999943e+00,1.704424171156061973e+01
3.186999999999999833e+00,1.703129100404149909e+01
3.188000000000000167e+00,1.711145064025215135e+01
3.189000000000000057e+00,1.711912206021031224e+01
3.189999999999999947e+00,1.715986080814203518e+01
3.190999999999999837e+00,1.719299867446020258e+01
3.192000000000000171e+00,1.718543858118845336e+01
3.193000000000000060e+00,1.715222700462940608e+01
3.193999999999999950e+00,1.717657231537076967e+01
3.194999999999999840e+00,1.710273823059947063e+01
3.196000000000000174e+00,1.725623139447873911e+01
3.197000000000000064e+00,1.720480620294950214e+01
3.197999999999999954e+00,1.713556299370906544e+01
3.198999999999999844e+00,1.715108400292896107e+01
3.200000000000000178e+00,1.709666700768979553e+01
3.201000000000000068e+00,1.716245708998460984e+01
3.201999999999999957e+00,1.712982629192499218e+01
3.202999999999999847e+00,1.714232027497678246e+01
3.204000000000000181e+00,1.709322442597168745e+01
3.205000000000000071e+00,1.718291224552814001e+01
3.205999999999999961e+00,1.716507405110683493e+01
3.206999999999999851e+00,1.715575419549607972e+01
3.208000000000000185e+00,1.713914081673152978e+01
3.209000000000000075e+00,1.719277237275493064e+01
3.209999999999999964e+00,1.715163364797514944e+01
3.210999999999999854e+00,1.713794130315813291e+01
3.212000000000000188e+00,1.713139618024835187e+01
3.213000000000000078e+00,1.716027627712903580e+01
3.213999999999999968e+00,1.711059533534853827e+01
3.214999999999999858e+00,1.704368088469727738e+01
3.216000000000000192e+00,1.712689254972804420e+01
3.217000000000000082e+00,1.717430320271961719e+01
3.217999999999999972e+00,1.715322876516657047e+01
3.218999999999999861e+00,1.714367371125251793e+01
3.220000000000000195e+00,1.720553774144296710e+01
3.221000000000000085e+00,1.712503844632531269e+01
3.221999999999999975e+00,1.711877013055274688e+01
3.222999999999999865e+00,1.722186204466249038e+01
3.224000000000000199e+00,1.712905969338565626e+01
3.225000000000000089e+00,1.714376384857570557e+01
3.225999999999999979e+00,1.718217375711400408e+01
3.226999999999999869e+00,1.718028855718774750e+01
3.228000000000000203e+00,1.725197050341461846e+01
3.229000000000000092e+00,1.718590530781558456e+01
3.229999999999999982e+00,1.717379328537572647e+01
3.230999999999999872e+00,1.712101727247230798e+01
3.232000000000000206e+00,1.711718371266303151e+01
3.233000000000000096e+00,1.717196588401937163e+01
3.233999999999999986e+00,1.717482965336377276e+01
3.234999999999999876e+00,1.712167502454222401e+01
3.236000000000000210e+00,1.720259463680848455e+01
3.237000000000000099e+00,1.712371460351132058e+01
3.237999999999999989e+00,1.714469605356075377e+01
3.238999999999999879e+00,1.716506239856418858e+01
3.240000000000000213e+00,1.707985500449805372e+01
3.241000000000000103e+00,1.712512836975323438e+01
3.241999999999999993e+00,1.716558106516199800e+01
3.242999999999999883e+00,1.712228231210333007e+01
3.244000000000000217e+00,1.712736826175660099e+01
3.245000000000000107e+00,1.726318560324264695e+01
3.245999999999999996e+00,1.722938607973772207e+01
3.246999999999999886e+00,1.717240723956046011e+01
3.248000000000000220e+00,1.716961883963758950e+01
3.249000000000000110e+00,1.718500291190373019e+01
3.250000000000000000e+00,1.719872014757261525e+01
3.250999999999999890e+00,1.710059235325707050e+01
3.251999999999999780e+00,1.713391207554384010e+01
3.253000000000000114e+00,1.710674851854717105e+01
3.254000000000000004e+00,1.709525864868749778e+01
3.254999999999999893e+00,1.714170011726865894e+01
3.255999999999999783e+00,1.713021083298913538e+01
3.257000000000000117e+00,1.715093904158877436e+01
3.258000000000000007e+00,1.719064653635785334e+01
3.258999999999999897e+00,1.707621682438337274e+01
3.259999999999999787e+00,1.712950497071295786e+01
3.261000000000000121e+00,1.709674667028773598e+01
3.262000000000000011e+00,1.714191269036806275e+01
3.262999999999999901e+00,1.713536793712300010e+01
3.263999999999999790e+00,1.710196940571510993e+01
3.265000000000000124e+00,1.716265512369084334e+01
3.266000000000000014e+00,1.725295370529851979e+01
3.266999999999999904e+00,1.708659126011465190e+01
3.267999999999999794e+00,1.711089910431762107e+01
3.269000000000000128e+00,1.713878551481931822e+01
3.270000000000000018e+00,1.713883641237338296e+01
3.270999999999999908e+00,1.711468277258954629e+01
3.271999999999999797e+00,1.712028036925623198e+01
3.273000000000000131e+00,1.717073316537148386e+01
3.274000000000000021e+00,1.723420482692964484e+01
3.274999999999999911e+00,1.723127159883729576e+01
3.275999999999999801e+00,1.722778054917979773e+01
3.277000000000000135e+00,1.709036258507022055e+01
3.278000000000000025e+00,1.725651029996505414e+01
3.278999999999999915e+00,1.723139778426816093e+01
3.279999999999999805e+00,1.710380255900949109e+01
3.281000000000000139e+00,1.709887145688590238e+01
3.282000000000000028e+00,1.719006812013856234e+01
3.282999999999999918e+00,1.715811080525864796e+01
3.283999999999999808e+00,1.716514390072691754e+01
3.285000000000000142e+00,1.712693639738400364e+01
3.286000000000000032e+00,1.723302214422479040e+01
3.286999999999999922e+00,1.712555616335830067e+01
3.287999999999999812e+00,1.725321119316644314e+01
3.289000000000000146e+00,1.724959743110654742e+01
3.290000000000000036e+00,1.715911827572340087e+01
3.290999999999999925e+00,1.726887530295893214e+01
3.291999999999999815e+00,1.714005372431865837e+01
3.293000000000000149e+00,1.717595696326750954e+01
3.294000000000000039e+00,1.721341551687886451e+01
3.294999999999999929e+00,1.721288391446945809e+01
3.295999999999999819e+00,1.719842367693368246e+01
3.297000000000000153e+00,1.721595801624312116e+01
3.298000000000000043e+00,1.716374741512332136e+01
3.298999999999999932e+00,1.723061041942386140e+01
3.299999999999999822e+00,1.714981742916161522e+01
3.301000000000000156e+00,1.717971158810197707e+01
3.302000000000000046e+00,1.708928152465525230e+01
3.302999999999999936e+00,1.716607075931779391e+01
3.303999999999999826e+00,1.721810376771568230e+01
3.305000000000000160e+00,1.723774130011681649e+01
3.306000000000000050e+00,1.726179632064863156e+01
3.306999999999999940e+00,1.719285796012320588e+01
3.307999999999999829e+00,1.720021071654999645e+01
3.309000000000000163e+00,1.721124267031372668e+01
3.310000000000000053e+00,1.724162668378508201e+01
3.310999999999999943e+00,1.721268990176623248e+01
3.311999999999999833e+00,1.717972447261460900e+01
3.313000000000000167e+00,1.721500427006859368e+01
3.314000000000000057e+00,1.718898891003020424e+01
3.314999999999999947e+00,1.715064889893090694e+01
3.315999999999999837e+00,1.714188166565831395e+01
3.317000000000000171e+00,1.714505221830233594e+01
3.318000000000000060e+00,1.715249171375560167e+01
3.318999999999999950e+00,1.711571029945980982e+01
3.319999999999999840e+00,1.711395776509063893e+01
3.321000000000000174e+00,1.717719315024676874e+01
3.322000000000000064e+00,1.716703044648687637e+01
3.322999999999999954e+00,1.710580463951778185e+01
3.323999999999999844e+00,1.718169014412465145e+01
3.325000000000000178e+00,1.711725315612926579e+01
3.326000000000000068e+00,1.715934003087639326e+01
3.326999999999999957e+00,1.715066948327868346e+01
3.327999999999999847e+00,1.716450271426553087e+01
3.329000000000000181e+00,1.715539041708741763e+01
3.330000000000000071e+00,1.716372883091255375e+01
3.330999999999999961e+00,1.718879499099879737e+01
3.331999999999999851e+00,1.717789123679881769e+01
3.333000000000000185e+00,1.715961119440062177e+01
3.334000000000000075e+00,1.705733882064195939e+01
3.334999999999999964e+00,1.709733342425581171e+01
3.335999999999999854e+00,1.709344430811179549e+01
3.337000000000000188e+00,1.716260656850650790e+01
3.338000000000000078e+00,1.707974698113117995e+01
3.338999999999999968e+00,1.707679622702814370e+01
3.339999999999999858e+00,1.715424445191768044e+01
3.341000000000000192e+00,1.702609150075634048e+01
3.342000000000000082e+00,1.703159419539426978e+01
3.342999999999999972e+00,1.701261166386374057e+01
3.343999999999999861e+00,1.700174789402717224e+01
3.345000000000000195e+00,1.711276974766201420e+01
3.346000000000000085e+00,1.704897829326072056e+01
3.346999999999999975e+00,1.705295974046964957e+01
3.347999999999999865e+00,1.702945903875235700e+01
3.349000000000000199e+00,1.708034635975496940e+01
3.350000000000000089e+00,1.703208595146875126e+01
3.350999999999999979e+00,1.706513897310895089e+01
3.351999999999999869e+00,1.714624161136268299e+01
3.353000000000000203e+00,1.707654002425349660e+01
3.354000000000000092e+00,1.704909821853508234e+01
3.354999999999999982e+00,1.707437989600644102e+01
3.355999999999999872e+00,1.703630894344495772e+01
3.357000000000000206e+00,1.702803081856434986e+01
3.358000000000000096e+00,1.707456609043457618e+01
3.358999999999999986e+00,1.711551785349466570e+01
3.359999999999999876e+00,1.706857820285976146e+01
3.361000000000000210e+00,1.713579279183665349e+01
3.362000000000000099e+00,1.704703116747400315e+01
3.362999999999999989e+00,1.714522716828260940e+01
3.363999999999999879e+00,1.711842427742183048e+01
3.365000000000000213e+00,1.705914747164289835e+01
3.366000000000000103e+00,1.704084604377509038e+01
3.366999999999999993e+00,1.712263692884763699e+01
3.367999999999999883e+00,1.711321005578005128e+01
3.369000000000000217e+00,1.710276139203429224e+01
3.370000000000000107e+00,1.711844549203435406e+01
3.370999999999999996e+00,1.709921516036862954e+01
3.371999999999999886e+00,1.711782173951499075e+01
3.373000000000000220e+00,1.709397266790539405e+01
3.374000000000000110e+00,1.706804910915796114e+01
3.375000000000000000e+00,1.709566333300337249e+01
3.375999999999999890e+00,1.710974106677677753e+01
3.376999999999999780e+00,1.704905455461717168e+01
3.378000000000000114e+00,1.705246329709892450e+01
3.379000000000000004e+00,1.706333865152313223e+01
3.379999999999999893e+00,1.701493478055815345e+01
3.380999999999999783e+00,1.710901969245684029e+01
3.382000000000000117e+00,1.704696606657496361e+01
3.383000000000000007e+00,1.708678659687729606e+01
3.383999999999999897e+00,1.704681994111617982e+01
3.384999999999999787e+00,1.705181867548817465e+01
3.386000000000000121e+00,1.708949289285189366e+01
3.387000000000000011e+00,1.708264387914486804e+01
3.387999999999999901e+00,1.705751172638272450e+01
3.388999999999999790e+00,1.706012266853116444e+01
3.390000000000000124e+00,1.707013964967620012e+01
3.391000000000000014e+00,1.703166763241218007e+01
3.391999999999999904e+00,1.709773850131387363e+01
3.392999999999999794e+00,1.703026735548554527e+01
3.394000000000000128e+00,1.701816388925724155e+01
3.395000000000000018e+00,1.707862104501177569e+01
3.395999999999999908e+00,1.706068190036412346e+01
3.396999999999999797e+00,1.702458528854660713e+01
3.398000000000000131e+00,1.703916999982754277e+01
3.399000000000000021e+00,1.711508361503728892e+01
3.399999999999999911e+00,1.698843420747305188e+01
3.400999999999999801e+00,1.708863691833020582e+01
3.402000000000000135e+00,1.710650656225185173e+01
3.403000000000000025e+00,1.705181479147731949e+01
3.403999999999999915e+00,1.703066301851900377e+01
3.404999999999999805e+00,1.705162549523983628e+01
3.406000000000000139e+00,1.705035622531946515e+01
3.407000000000000028e+00,1.709595890431134535e+01
3.407999999999999918e+00,1.715660281421726197e+01
3.408999999999999808e+00,1.713547762164782640e+01
3.410000000000000142e+00,1.711927528678410226e+01
3.411000000000000032e+00,1.712074737594351959e+01
3.411999999999999922e+00,1.710040423941105914e+01
3.412999999999999812e+00,1.704222145269961075e+01
3.414000000000000146e+00,1.707574983544754588e+01
3.415000000000000036e+00,1.703352247516217233e+01
3.415999999999999925e+00,1.713261525021916398e+01
3.416999999999999815e+00,1.710642387398347353e+01
3.418000000000000149e+00,1.699549580607211041e+01
3.419000000000000039e+00,1.713962748943466252e+01
3.419999999999999929e+00,1.701936715693364732e+01
3.420999999999999819e+00,1.707190090724705200e+01
3.422000000000000153e+00,1.709008634067907906e+01
3.423000000000000043e+00,1.712550066482162947e+01
3.423999999999999932e+00,1.715370625934311732e+01
3.424999999999999822e+00,1.707763440323606119e+01
3.426000000000000156e+00,1.710033187228382445e+01
3.427000000000000046e+00,1.707359795628847010e+01
3.427999999999999936e+00,1.714243819914350553e+01
3.428999999999999826e+00,1.710477735951601019e+01
3.430000000000000160e+00,1.708114857024353483e+01
3.431000000000000050e+00,1.709277665324912121e+01
3.431999999999999940e+00,1.716082155600992110e+01
3.432999999999999829e+00,1.715105115908223610e+01
3.434000000000000163e+00,1.707533399271647667e+01
3.435000000000000053e+00,1.713711748503365229e+01
3.435999999999999943e+00,1.712744978377748950e+01
3.436999999999999833e+00,1.710693985024061803e+01
3.438000000000000167e+00,1.706522762454879683e+01
3.439000000000000057e+00,1.714121575299996891e+01
3.439999999999999947e+00,1.708751004435006138e+01
3.440999999999999837e+00,1.708844552029688302e+01
3.442000000000000171e+00,1.713363519873842122e+01
3.443000000000000060e+00,1.706442470969762226e+01
3.443999999999999950e+00,1.714186113305968107e+01
3.444999999999999840e+00,1.704391179085162378e+01
3.446000000000000174e+00,1.712125186369470242e+01
3.447000000000000064e+00,1.707388557122732209e+01
3.447999999999999954e+00,1.718956737033691695e+01
3.448999999999999844e+00,1.713422680036294921e+01
3.450000000000000178e+00,1.713864506418565270e+01
3.451000000000000068e+00,1.717554672840478247e+01
3.451999999999999957e+00,1.715032931486999956e+01
3.452999999999999847e+00,1.713190355923753927e+01
3.454000000000000181e+00,1.710161208574210434e+01
3.455000000000000071e+00,1.713901371390197070e+01
3.455999999999999961e+00,1.709774729069400223e+01
3.456999999999999851e+00,1.710459503129337122e+01
3.458000000000000185e+00,1.708078105893413579e+01
3.459000000000000075e+00,1.713148887872953807e+01
3.459999999999999964e+00,1.712884928419072850e+01
3.460999999999999854e+00,1.708329683815740552e+01
3.462000000000000188e+00,1.713799042790251548e+01
3.463000000000000078e+00,1.715257308909829348e+01
3.463999999999999968e+00,1.714873567737069848e+01
3.464999999999999858e+00,1.708560266365240921e+01
3.466000000000000192e+00,1.704337247159509516e+01
3.467000000000000082e+00,1.717920815768478349e+01
3.467999999999999972e+00,1.712278101017601983e+01
3.468999999999999861e+00,1.711534706201097933e+01
3.470000000000000195e+00,1.709259465206118023e+01
3.471000000000000085e+00,1.709491199740763889e+01
3.471999999999999975e+00,1.712937167260302118e+01
3.472999999999999865e+00,1.708092235669491998e+01
3.474000000000000199e+00,1.709503341206282201e+01
3.475000000000000089e+00,1.708188544094579342e+01
3.475999999999999979e+00,1.717105401308978685e+01
3.476999999999999869e+00,1.713390977143540894e+01
3.478000000000000203e+00,1.714239550619417685e+01
3.479000000000000092e+00,1.710374480762935079e+01
3.479999999999999982e+00,1.717423269282296516e+01
3.480999999999999872e+00,1.717112105247698395e+01
3.482000000000000206e+00,1.710565935457516318e+01
3.483000000000000096e+00,1.719153861532388916e+01
3.483999999999999986e+00,1.707193708631467288e+01
3.484999999999999876e+00,1.709817090381971028e+01
3.486000000000000210e+00,1.710717993391177316e+01
3.487000000000000099e+00,1.710369280612383847e+01
3.487999999999999989e+00,1.703707835190400743e+01
3.488999999999999879e+00,1.710834341646030765e+01
3.490000000000000213e+00,1.705994115440948633e+01
3.491000000000000103e+00,1.706664111190357502e+01
3.491999999999999993e+00,1.701014896692892364e+01
3.492999999999999883e+00,1.706917173335373050e+01
3.494000000000000217e+00,1.718666594571584127e+01
3.495000000000000107e+00,1.710223576514626842e+01
3.495999999999999996e+00,1.712334457038516433e+01
3.496999999999999886e+00,1.706002990592109114e+01
3.498000000000000220e+00,1.706877547459984967e+01
3.499000000000000110e+00,1.709678522567160996e+01
3.500000000000000000e+00,1.700432789567411973e+01
3.500999999999999890e+00,1.704281890140898525e+01
3.501999999999999780e+00,1.711627715648896597e+01
3.503000000000000114e+00,1.709719396050612872e+01
3.504000000000000004e+00,1.713319952335363894e+01
3.504999999999999893e+00,1.712726062177802078e+01
3.505999999999999783e+00,1.708511066350452978e+01
3.507000000000000117e+00,1.706109864072013238e+01
3.508000000000000007e+00,1.709390235404640990e+01
3.508999999999999897e+00,1.708655369026651982e+01
3.509999999999999787e+00,1.714222924771391732e+01
3.511000000000000121e+00,1.706526249104719639e+01
3.512000000000000011e+00,1.709536766571109823e+01
3.512999999999999901e+00,1.712906170053800992e+01
3.513999999999999790e+00,1.710105084274952603e+01
3.515000000000000124e+00,1.715583057029672176e+01
3.516000000000000014e+00,1.707689655144850960e+01
3.516999999999999904e+00,1.716504915741468196e+01
3.517999999999999794e+00,1.711971728319296915e+01
3.519000000000000128e+00,1.716482710485434282e+01
3.520000000000000018e+00,1.709208973359147876e+01
3.520999999999999908e+00,1.715261090916032671e+01
3.521999999999999797e+00,1.713092774850386490e+01
3.523000000000000131e+00,1.717244709534216440e+01
3.524000000000000021e+00,1.722368439284377573e+01
3.524999999999999911e+00,1.713539509664314764e+01
3.525999999999999801e+00,1.723266165158455365e+01
3.527000000000000135e+00,1.712942721701718440e+01
3.528000000000000025e+00,1.714927536209426506e+01
3.528999999999999915e+00,1.716031409399128904e+01
3.529999999999999805e+00,1.714088755562896793e+01
3.531000000000000139e+00,1.708775560998422804e+01
3.532000000000000028e+00,1.715663061362274888e+01
3.532999999999999918e+00,1.714332502314889695e+01
3.533999999999999808e+00,1.714963338693829797e+01
3.535000000000000142e+00,1.708441284360279511e+01
3.536000000000000032e+00,1.722007985234245808e+01
3.536999999999999922e+00,1.713919215960297038e+01
3.537999999999999812e+00,1.722331356456634310e+01
3.539000000000000146e+00,1.713019569324730185e+01
3.540000000000000036e+00,1.722004287924315236e+01
3.540999999999999925e+00,1.715764835384573672e+01
3.541999999999999815e+00,1.724353418216584544e+01
3.543000000000000149e+00,1.717440322792119289e+01
3.544000000000000039e+00,1.713906424001696394e+01
3.544999999999999929e+00,1.708634032479003295e+01
3.545999999999999819e+00,1.707740886164941330e+01
3.547000000000000153e+00,1.703998991176267452e+01
3.548000000000000043e+00,1.700351108745554995e+01
3.548999999999999932e+00,1.703233718799097218e+01
3.549999999999999822e+00,1.701153522297344978e+01
3.551000000000000156e+00,1.705019768861947682e+01
3.552000000000000046e+00,1.706018721370711333e+01
3.552999999999999936e+00,1.710282001924072048e+01
3.553999999999999826e+00,1.706390386439710483e+01
3.555000000000000160e+00,1.711123971378069797e+01
3.556000000000000050e+00,1.701702574534777668e+01
3.556999999999999940e+00,1.707144958063710050e+01
3.557999999999999829e+00,1.707271343817724940e+01
3.559000000000000163e+00,1.707980721144550174e+01
3.560000000000000053e+00,1.700353098699292076e+01
3.560999999999999943e+00,1.707132939456371545e+01
3.561999999999999833e+00,1.703402646322060221e+01
3.563000000000000167e+00,1.701946487759435911e+01
3.564000000000000057e+00,1.705979227352001715e+01
3.564999999999999947e+00,1.710806708772107854e+01
3.565999999999999837e+00,1.707188433440226660e+01
3.567000000000000171e+00,1.710533603152095594e+01
3.568000000000000060e+00,1.706410770862609638e+01
3.568999999999999950e+00,1.715607590044280784e+01
3.569999999999999840e+00,1.709716215833626407e+01
3.571000000000000174e+00,1.707754848374170464e+01
3.572000000000000064e+00,1.702079843358907141e+01
3.572999999999999954e+00,1.708653832718997378e+01
3.573999999999999844e+00,1.706265614978678968e+01
3.575000000000000178e+00,1.710710727613799520e+01
3.576000000000000068e+00,1.712672553438475731e+01
3.576999999999999957e+00,1.706563471873838012e+01
3.577999999999999847e+00,1.705923632928598366e+01
3.579000000000000181e+00,1.708868390323790365e+01
3.580000000000000071e+00,1.706073335599634078e+01
3.580999999999999961e+00,1.708474928298664608e+01
3.581999999999999851e+00,1.705930242264524921e+01
3.583000000000000185e+00,1.716621248832790059e+01
3.584000000000000075e+00,1.715375499383753066e+01
3.584999999999999964e+00,1.710257892541796920e+01
3.585999999999999854e+00,1.712233618900139120e+01
3.587000000000000188e+00,1.714335776326097260e+01
3.588000000000000078e+00,1.715090593937527075e+01
3.588999999999999968e+00,1.709756632984586844e+01
3.589999999999999858e+00,1.702903498763075874e+01
3.591000000000000192e+00,1.711588016351252151e+01
3.592000000000000082e+00,1.713107538954445985e+01
3.592999999999999972e+00,1.710470304875086711e+01
3.593999999999999861e+00,1.710854658037830589e+01
3.595000000000000195e+00,1.704453541115160675e+01
3.596000000000000085e+00,1.713706546170763900e+01
3.596999999999999975e+00,1.712847829940855249e+01
3.597999999999999865e+00,1.714550089538592914e+01
3.599000000000000199e+00,1.713897782815106652e+01
3.600000000000000089e+00,1.713137281315443872e+01
3.600999999999999979e+00,1.718615524826259744e+01
3.601999999999999869e+00,1.714436576701901416e+01
3.603000000000000203e+00,1.708419647581227352e+01
3.604000000000000092e+00,1.708462935087411338e+01
3.604999999999999982e+00,1.707615411629144120e+01
3.605999999999999872e+00,1.707466907687794944e+01
3.607000000000000206e+00,1.706622702564469662e+01
3.608000000000000096e+00,1.717991361696037700e+01
3.608999999999999986e+00,1.709913649689068649e+01
3.609999999999999876e+00,1.709144143164654039e+01
3.611000000000000210e+00,1.708154134278414915e+01
3.612000000000000099e+00,1.717089709060929081e+01
3.612999999999999989e+00,1.715903851125308321e+01
3.613999999999999879e+00,1.710424773641886986e+01
3.615000000000000213e+00,1.716963622558933622e+01
3.616000000000000103e+00,1.711310580805846371e+01
3.616999999999999993e+00,1.704492662255512059e+01
3.617999999999999883e+00,1.707791695125105846e+01
3.619000000000000217e+00,1.703951196712458582e+01
3.620000000000000107e+00,1.707571257672233145e+01
3.620999999999999996e+00,1.712212504678973346e+01
3.621999999999999886e+00,1.705349422783005409e+01
3.623000000000000220e+00,1.711495527913793424e+01
3.624000000000000110e+00,1.706508056503258075e+01
3.625000000000000000e+00,1.710146415530198993e+01
3.625999999999999890e+00,1.712040015707961516e+01
3.626999999999999780e+00,1.709278117459388113e+01
3.628000000000000114e+00,1.708730096219895955e+01
3.629000000000000004e+00,1.712958031299671546e+01
3.629999999999999893e+00,1.713705535828539084e+01
3.630999999999999783e+00,1.717830927370734884e+01
3.632000000000000117e+00,1.709714810745515479e+01
3.633000000000000007e+00,1.711070374215552903e+01
3.633999999999999897e+00,1.712644853654567711e+01
3.634999999999999787e+00,1.706559190200134424e+01
3.636000000000000121e+00,1.709534044276939113e+01
3.637000000000000011e+00,1.710128839923320498e+01
3.637999999999999901e+00,1.709952000932675276e+01
3.638999999999999790e+00,1.718185981852152366e+01
3.640000000000000124e+00,1.718805221644562664e+01
3.641000000000000014e+00,1.717917702030128169e+01
3.641999999999999904e+00,1.720414778858751603e+01
3.642999999999999794e+00,1.715415074975432930e+01
3.644000000000000128e+00,1.717555694662714316e+01
3.645000000000000018e+00,1.716176476880385238e+01
3.645999999999999908e+00,1.712964315133653059e+01
3.646999999999999797e+00,1.721379127943683329e+01
3.648000000000000131e+00,1.713442800509141861e+01
3.649000000000000021e+00,1.719397683993629400e+01
3.649999999999999911e+00,1.723524381159965913e+01
3.650999999999999801e+00,1.717507021140708900e+01
3.652000000000000135e+00,1.720143591167820318e+01
3.653000000000000025e+00,1.715565554243767465e+01
3.653999999999999915e+00,1.715958705570679044e+01
3.654999999999999805e+00,1.720223344613944505e+01
3.656000000000000139e+00,1.718689433532285449e+01
3.657000000000000028e+00,1.718963693971641149e+01
3.657999999999999918e+00,1.714689268170032932e+01
3.658999999999999808e+00,1.715985744791599288e+01
3.660000000000000142e+00,1.722675519397658661e+01
3.661000000000000032e+00,1.716571693755674843e+01
3.661999999999999922e+00,1.717695579159128272e+01
3.662999999999999812e+00,1.722367716862458664e+01
3.664000000000000146e+00,1.713974828172814924e+01
3.665000000000000036e+00,1.713870275853464165e+01
3.665999999999999925e+00,1.716653326575372418e+01
3.666999999999999815e+00,1.714918876797593938e+01
3.668000000000000149e+00,1.722202384693747135e+01
3.669000000000000039e+00,1.723887165664894638e+01
3.669999999999999929e+00,1.717407276232157542e+01
3.670999999999999819e+00,1.714442694279709656e+01
3.672000000000000153e+00,1.718997899572630317e+01
3.673000000000000043e+00,1.716244329374729105e+01
3.673999999999999932e+00,1.718186186558266115e+01
3.674999999999999822e+00,1.718260901912135452e+01
3.676000000000000156e+00,1.715637056000762684e+01
3.677000000000000046e+00,1.719337784817475878e+01
3.677999999999999936e+00,1.713778897105788346e+01
3.678999999999999826e+00,1.715009605999005515e+01
3.680000000000000160e+00,1.710027617780128040e+01
3.681000000000000050e+00,1.713167636037612596e+01
3.681999999999999940e+00,1.713570592338504284e+01
3.682999999999999829e+00,1.716247605135366427e+01
3.684000000000000163e+00,1.720194638032254275e+01
3.685000000000000053e+00,1.719196122529117687e+01
3.685999999999999943e+00,1.718441379517507173e+01
3.686999999999999833e+00,1.719702304548531302e+01
3.688000000000000167e+00,1.715264659551769100e+01
3.689000000000000057e+00,1.711877487972621026e+01
3.689999999999999947e+00,1.722816268653706828e+01
3.690999999999999837e+00,1.724231891201534950e+01
3.692000000000000171e+00,1.721103044888626954e+01
3.693000000000000060e+00,1.718425785895522750e+01
3.693999999999999950e+00,1.713052534840321073e+01
3.694999999999999840e+00,1.718963850383925873e+01
3.696000000000000174e+00,1.723909857823636926e+01
3.697000000000000064e+00,1.718100275021406986e+01
3.697999999999999954e+00,1.715106089179346682e+01
3.698999999999999844e+00,1.715241917392437188e+01
3.700000000000000178e+00,1.726047910250936823e+01
3.701000000000000068e+00,1.725781504562315050e+01
3.701999999999999957e+00,1.724614307201563079e+01
3.702999999999999847e+00,1.716916610731119164e+01
3.704000000000000181e+00,1.718012164934781083e+01
3.705000000000000071e+00,1.721133760637643917e+01
3.705999999999999961e+00,1.716942130824143220e+01
3.706999999999999851e+00,1.719347820747135458e+01
3.708000000000000185e+00,1.717865764554572650e+01
3.709000000000000075e+00,1.718575681684049883e+01
3.709999999999999964e+00,1.715534751839152250e+01
3.710999999999999854e+00,1.714978368475169646e+01
3.712000000000000188e+00,1.723927351639119721e+01
3.713000000000000078e+00,1.719761955264613107e+01
3.713999999999999968e+00,1.717625143307886049e+01
3.714999999999999858e+00,1.717909863729524034e+01
3.716000000000000192e+00,1.715893756008804871e+01
3.717000000000000082e+00,1.718961779900539000e+01
3.717999999999999972e+00,1.720179777992525416e+01
3.718999999999999861e+00,1.721242351984560415e+01
3.720000000000000195e+00,1.721460855334936113e+01
3.721000000000000085e+00,1.720069306374179874e+01
3.721999999999999975e+00,1.714513401211368659e+01
3.722999999999999865e+00,1.721199971546721841e+01
3.724000000000000199e+00,1.718946117149346975e+01
3.725000000000000089e+00,1.723684858367954220e+01
3.725999999999999979e+00,1.716088693679892430e+01
3.726999999999999869e+00,1.720398291092293164e+01
3.728000000000000203e+00,1.720435083454377789e+01
3.729000000000000092e+00,1.717524781765559183e+01
3.729999999999999982e+00,1.719853237454157835e+01
3.730999999999999872e+00,1.719150965261252750e+01
3.732000000000000206e+00,1.715066923351924544e+01
3.733000000000000096e+00,1.716794021921447566e+01
3.733999999999999986e+00,1.713920152651846962e+01
3.734999999999999876e+00,1.719931522902646748e+01
3.736000000000000210e+00,1.713667892305440432e+01
3.737000000000000099e+00,1.708740137358407907e+01
3.737999999999999989e+00,1.719507768148438842e+01
3.738999999999999879e+00,1.718934344708873141e+01
3.740000000000000213e+00,1.708640964995027645e+01
3.741000000000000103e+00,1.708161863917075607e+01
3.741999999999999993e+00,1.710301305800480876e+01
3.742999999999999883e+00,1.707030380231167399e+01
3.744000000000000217e+00,1.706518247842024039e+01
3.745000000000000107e+00,1.716487458704368407e+01
3.745999999999999996e+00,1.711923064505131364e+01
3.746999999999999886e+00,1.704993074699725497e+01
3.748000000000000220e+00,1.712291826372590009e+01
3.749000000000000110e+00,1.705816695906410985e+01
3.750000000000000000e+00,1.712729311945211208e+01
3.750999999999999890e+00,1.712121232249674563e+01
3.751999999999999780e+00,1.705191999624349108e+01
3.753000000000000114e+00,1.703971862967778250e+01
3.754000000000000004e+00,1.707831492151729691e+01
3.754999999999999893e+00,1.712148147528285946e+01
3.755999999999999783e+00,1.706498226240077898e+01
3.757000000000000117e+00,1.709915597789141373e+01
3.758000000000000007e+00,1.707387782053060832e+01
3.758999999999999897e+00,1.702073303026179829e+01
3.759999999999999787e+00,1.703924490844296002e+01
3.761000000000000121e+00,1.706374217182493780e+01
3.762000000000000011e+00,1.707479228695288498e+01
3.762999999999999901e+00,1.708454358151509567e+01
3.763999999999999790e+00,1.716793798328030007e+01
3.765000000000000124e+00,1.716011293570649343e+01
3.766000000000000014e+00,1.711468174212370030e+01
3.766999999999999904e+00,1.708952191595797743e+01
3.767999999999999794e+00,1.713854136713193910e+01
3.769000000000000128e+00,1.717621038564726632e+01
3.770000000000000018e+00,1.710347953732043536e+01
3.770999999999999908e+00,1.710114745391712532e+01
3.771999999999999797e+00,1.718016726052285037e+01
3.773000000000000131e+00,1.715831281546168796e+01
3.774000000000000021e+00,1.720423908497235743e+01
3.774999999999999911e+00,1.713632626048880070e+01
3.775999999999999801e+00,1.713500248511419244e+01
3.777000000000000135e+00,1.707672440674220127e+01
3.778000000000000025e+00,1.713465080091881276e+01
3.778999999999999915e+00,1.711850655777096364e+01
3.779999999999999805e+00,1.712135245951351337e+01
3.781000000000000139e+00,1.718524568695209354e+01
3.782000000000000028e+00,1.716974002867421234e+01
3.782999999999999918e+00,1.713079018918046259e+01
3.783999999999999808e+00,1.708456457153248209e+01
3.785000000000000142e+00,1.706121176547104668e+01
3.786000000000000032e+00,1.707924534054771470e+01
3.786999999999999922e+00,1.711923354080471782e+01
3.787999999999999812e+00,1.708121377711699296e+01
3.789000000000000146e+00,1.712393860977784854e+01
3.790000000000000036e+00,1.709241286885523436e+01
3.790999999999999925e+00,1.712991094859032160e+01
3.791999999999999815e+00,1.718372851541008828e+01
3.793000000000000149e+00,1.712568962428954222e+01
3.794000000000000039e+00,1.716159536606911473e+01
3.794999999999999929e+00,1.717646000283370356e+01
3.795999999999999819e+00,1.711352154064512376e+01
3.797000000000000153e+00,1.714434586847182729e+01
3.798000000000000043e+00,1.710748769274873382e+01
3.798999999999999932e+00,1.713220271083899249e+01
3.799999999999999822e+00,1.712378464899859054e+01
3.801000000000000156e+00,1.722501868998916663e+01
3.802000000000000046e+00,1.715730584277160986e+01
3.802999999999999936e+00,1.712982380332834609e+01
3.803999999999999826e+00,1.708818863703189095e+01
3.805000000000000160e+00,1.715425018890175934e+01
3.806000000000000050e+00,1.720249320796073178e+01
3.806999999999999940e+00,1.714069776279476187e+01
3.807999999999999829e+00,1.716716356340657512e+01
3.809000000000000163e+00,1.716353590958935627e+01
3.810000000000000053e+00,1.716014596650854429e+01
3.810999999999999943e+00,1.717155945228747171e+01
3.811999999999999833e+00,1.715421575647970442e+01
3.813000000000000167e+00,1.718297647071511136e+01
3.814000000000000057e+00,1.709665990654016454e+01
3.814999999999999947e+00,1.713505384203171644e+01
3.815999999999999837e+00,1.710634975160395399e+01
3.817000000000000171e+00,1.710263690953078353e+01
3.818000000000000060e+00,1.708211265391545908e+01
3.818999999999999950e+00,1.712038276828973693e+01
3.819999999999999840e+00,1.707996346609857596e+01
3.821000000000000174e+00,1.712118019965910776e+01
3.822000000000000064e+00,1.712674843584833084e+01
3.822999999999999954e+00,1.712705073636523068e+01
3.823999999999999844e+00,1.714689342524455284e+01
3.825000000000000178e+00,1.707702299433319837e+01
3.826000000000000068e+00,1.712410349647573327e+01
3.826999999999999957e+00,1.712515763186816997e+01
3.827999999999999847e+00,1.710273133967059778e+01
3.829000000000000181e+00,1.711369658187792453e+01
3.830000000000000071e+00,1.713518867821944625e+01
3.830999999999999961e+00,1.709602155668784818e+01
3.831999999999999851e+00,1.713134255574311382e+01
3.833000000000000185e+00,1.708956416330193662e+01
3.834000000000000075e+00,1.711920994508929894e+01
3.834999999999999964e+00,1.716092641809084185e+01
3.835999999999999854e+00,1.715690473335257238e+01
3.837000000000000188e+00,1.709995063231514223e+01
3.838000000000000078e+00,1.714373654278494286e+01
3.838999999999999968e+00,1.709122448356551160e+01
3.839999999999999858e+00,1.719536825409221237e+01
3.841000000000000192e+00,1.716155122729460913e+01
3.842000000000000082e+00,1.712687381940598996e+01
3.842999999999999972e+00,1.707862616606979600e+01
3.843999999999999861e+00,1.712499107950036503e+01
3.845000000000000195e+00,1.707815656334438614e+01
3.846000000000000085e+00,1.710690755634874449e+01
3.846999999999999975e+00,1.714277980976783056e+01
3.847999999999999865e+00,1.710441428067141700e+01
3.849000000000000199e+00,1.715531092925198209e+01
3.850000000000000089e+00,1.706861240585274686e+01
3.850999999999999979e+00,1.716537943745619188e+01
3.851999999999999869e+00,1.712888388718532440e+01
3.853000000000000203e+00,1.715371425382814152e+01
3.854000000000000092e+00,1.711026298004578905e+01
3.854999999999999982e+00,1.719908642142134880e+01
3.855999999999999872e+00,1.713136012106033945e+01
3.857000000000000206e+00,1.711892801319717705e+01
3.858000000000000096e+00,1.710395589525993643e+01
3.858999999999999986e+00,1.714423883338224641e+01
3.859999999999999876e+00,1.706146562214104634e+01
3.861000000000000210e+00,1.708292409034246262e+01
3.862000000000000099e+00,1.712118907903198561e+01
3.862999999999999989e+00,1.710982004008153012e+01
3.863999999999999879e+00,1.705767494014504138e+01
3.865000000000000213e+00,1.709335068369957611e+01
3.866000000000000103e+00,1.716366729001726910e+01
3.866999999999999993e+00,1.710211753302833770e+01
3.867999999999999883e+00,1.706827912398641089e+01
3.869000000000000217e+00,1.715138472643129575e+01
3.870000000000000107e+00,1.710308741154064549e+01
3.870999999999999996e+00,1.703548317253818567e+01
3.871999999999999886e+00,1.705816433466038262e+01
3.873000000000000220e+00,1.709517695892636979e+01
3.874000000000000110e+00,1.705375390463391838e+01
3.875000000000000000e+00,1.705340635997041687e+01
3.875999999999999890e+00,1.712089050820593172e+01
3.876999999999999780e+00,1.709378195699298075e+01
3.878000000000000114e+00,1.712704537354629508e+01
3.879000000000000004e+00,1.708698661340726943e+01
3.879999999999999893e+00,1.707853918206687993e+01
3.880999999999999783e+00,1.711438166427544516e+01
3.882000000000000117e+00,1.713079376990942393e+01
3.883000000000000007e+00,1.696072922037491182e+01
3.883999999999999897e+00,1.702383426418505508e+01
3.884999999999999787e+00,1.712737776099481479e+01
3.886000000000000121e+00,1.707262865704387167e+01
3.887000000000000011e+00,1.714287712322725099e+01
3.887999999999999901e+00,1.711471588820911904e+01
3.888999999999999790e+00,1.709249739408998536e+01
3.890000000000000124e+00,1.708385056400041790e+01
3.891000000000000014e+00,1.710485603356189799e+01
3.891999999999999904e+00,1.715718047664134005e+01
3.892999999999999794e+00,1.710331684541126407e+01
3.894000000000000128e+00,1.710048852122976371e+01
3.895000000000000018e+00,1.709579358684062811e+01
3.895999999999999908e+00,1.710340530386995894e+01
3.896999999999999797e+00,1.715578331566693038e+01
3.898000000000000131e+00,1.708025155859673205e+01
3.899000000000000021e+00,1.707232952534520365e+01
3.899999999999999911e+00,1.715586901594918956e+01
3.900999999999999801e+00,1.710607269069562619e+01
3.902000000000000135e+00,1.711841268242464764e+01
3.903000000000000025e+00,1.713786555845344495e+01
3.903999999999999915e+00,1.703505494244403096e+01
3.904999999999999805e+00,1.707633699037340591e+01
3.906000000000000139e+00,1.707797031624422601e+01
3.907000000000000028e+00,1.711561437642440708e+01
3.907999999999999918e+00,1.700761724913745354e+01
3.908999999999999808e+00,1.703070408841028538e+01
3.910000000000000142e+00,1.710834610280354084e+01
3.911000000000000032e+00,1.709155775214791362e+01
3.911999999999999922e+00,1.703917762340586251e+01
3.912999999999999812e+00,1.706960979285001301e+01
3.914000000000000146e+00,1.699909383995535705e+01
3.915000000000000036e+00,1.702856377322821402e+01
3.915999999999999925e+00,1.702152925630025138e+01
3.916999999999999815e+00,1.706755073660142585e+01
3.918000000000000149e+00,1.708469566306619214e+01
3.919000000000000039e+00,1.701397463839122182e+01
3.919999999999999929e+00,1.702472936951859239e+01
3.920999999999999819e+00,1.699544382253512964e+01
3.922000000000000153e+00,1.700550733361979994e+01
3.923000000000000043e+00,1.703273684768818441e+01
3.923999999999999932e+00,1.708136123851023669e+01
3.924999999999999822e+00,1.705726136250961034e+01
3.926000000000000156e+00,1.705842034678521557e+01
3.927000000000000046e+00,1.704140329221122840e+01
3.927999999999999936e+00,1.705774535062720787e+01
3.928999999999999826e+00,1.711170562399424711e+01
3.930000000000000160e+00,1.711860384084758380e+01
3.931000000000000050e+00,1.701572204037034552e+01
3.931999999999999940e+00,1.696708018517585970e+01
3.932999999999999829e+00,1.710234288489012044e+01
3.934000000000000163e+00,1.702557698927587992e+01
3.935000000000000053e+00,1.703459160247735227e+01
3.935999999999999943e+00,1.703356437645413024e+01
3.936999999999999833e+00,1.700561886108364718e+01
3.938000000000000167e+00,1.702775481098176513e+01
3.939000000000000057e+00,1.707413787051430276e+01
3.939999999999999947e+00,1.705147101051596081e+01
3.940999999999999837e+00,1.702846470091861519e+01
3.942000000000000171e+00,1.712751051443075667e+01
3.943000000000000060e+00,1.711836763389955607e+01
3.943999999999999950e+00,1.706826383578883366e+01
3.944999999999999840e+00,1.712248804791565249e+01
3.946000000000000174e+00,1.707230075899358468e+01
3.947000000000000064e+00,1.706255163172669498e+01
3.947999999999999954e+00,1.707706056795170824e+01
3.948999999999999844e+00,1.715853668738271764e+01
3.950000000000000178e+00,1.712395713460471924e+01
3.951000000000000068e+00,1.715081124831378290e+01
3.951999999999999957e+00,1.702284288153282432e+01
3.952999999999999847e+00,1.710574169904498376e+01
3.954000000000000181e+00,1.704564332243874247e+01
3.955000000000000071e+00,1.715661160372250293e+01
3.955999999999999961e+00,1.707295047729834181e+01
3.956999999999999851e+00,1.712587450804590361e+01
3.958000000000000185e+00,1.708927453081303227e+01
3.959000000000000075e+00,1.704282817912822523e+01
3.959999999999999964e+00,1.705869560376180516e+01
3.960999999999999854e+00,1.702710790727593348e+01
3.962000000000000188e+00,1.704962847919002300e+01
3.963000000000000078e+00,1.704674790745531965e+01
3.963999999999999968e+00,1.706794316331026096e+01
3.964999999999999858e+00,1.706808247528050515e+01
3.966000000000000192e+00,1.707511933821040628e+01
3.967000000000000082e+00,1.707789765448028163e+01
3.967999999999999972e+00,1.710616070862186433e+01
3.968999999999999861e+00,1.700615732021633164e+01
3.970000000000000195e+00,1.703954209578735401e+01
3.971000000000000085e+00,1.700029262772108751e+01
3.971999999999999975e+00,1.702942510026370826e+01
3.972999999999999865e+00,1.713442845535516668e+01
3.974000000000000199e+00,1.706054923178706417e+01
3.975000000000000089e+00,1.705790419227982468e+01
3.975999999999999979e+00,1.710148694849325324e+01
3.976999999999999869e+00,1.704275012985983295e+01
3.978000000000000203e+00,1.709070889953022032e+01
3.979000000000000092e+00,1.701180391512941981e+01
3.979999999999999982e+00,1.702453261227492831e+01
3.980999999999999872e+00,1.707825085608458338e+01
3.982000000000000206e+00,1.707928403416342178e+01
3.983000000000000096e+00,1.710390551641664914e+01
3.983999999999999986e+00,1.714761802925147904e+01
3.984999999999999876e+00,1.709614396294517391e+01
3.986000000000000210e+00,1.706409853727791770e+01
3.987000000000000099e+00,1.716123282393135696e+01
3.987999999999999989e+00,1.715970469077939242e+01
3.988999999999999879e+00,1.707738156763702975e+01
3.990000000000000213e+00,1.705083078685056464e+01
3.991000000000000103e+00,1.706294202025485163e+01
3.991999999999999993e+00,1.704316569597867215e+01
3.992999999999999883e+00,1.711097920829059049e+01
3.994000000000000217e+00,1.704570655660657508e+01
3.995000000000000107e+00,1.713302505266497988e+01
3.995999999999999996e+00,1.703574362816785026e+01
3.996999999999999886e+00,1.707546236182951915e+01
3.998000000000000220e+00,1.710305587514456249e+01
3.999000000000000110e+00,1.709231475940868705e+01
4.000000000000000000e+00,1.708023038996418563e+01
4.001000000000000334e+00,1.708311968575252848e+01
4.001999999999999780e+00,1.705097623539211327e+01
4.003000000000000114e+00,1.703682889946814072e+01
4.003999999999999559e+00,1.703996501705498900e+01
4.004999999999999893e+00,1.699725536420647742e+01
4.006000000000000227e+00,1.705558565669595694e+01
4.006999999999999673e+00,1.702080866005203674e+01
4.008000000000000007e+00,1.703633598476634248e+01
4.009000000000000341e+00,1.703817058367802062e+01
4.009999999999999787e+00,1.705217203217157973e+01
4.011000000000000121e+00,1.707920377713495697e+01
4.011999999999999567e+00,1.715317254381685785e+01
4.012999999999999901e+00,1.706568096305004900e+01
4.014000000000000234e+00,1.705441256711642950e+01
4.014999999999999680e+00,1.704639767848151166e+01
4.016000000000000014e+00,1.704870943289670393e+01
4.017000000000000348e+00,1.704551255099377016e+01
4.017999999999999794e+00,1.708488637308593638e+01
4.019000000000000128e+00,1.712945655998294825e+01
4.019999999999999574e+00,1.699950878764830620e+01
4.020999999999999908e+00,1.700001756497056249e+01
4.022000000000000242e+00,1.703607793046490571e+01
4.022999999999999687e+00,1.707903012620732142e+01
4.024000000000000021e+00,1.702169663751872619e+01
4.025000000000000355e+00,1.710836581626836406e+01
4.025999999999999801e+00,1.707738210522861166e+01
4.027000000000000135e+00,1.701171222943750294e+01
4.027999999999999581e+00,1.702757485172730512e+01
4.028999999999999915e+00,1.705609416384045929e+01
4.030000000000000249e+00,1.707638757695819010e+01
4.030999999999999694e+00,1.705300506911101621e+01
4.032000000000000028e+00,1.710436035375303021e+01
4.033000000000000362e+00,1.712744225696898326e+01
4.033999999999999808e+00,1.711515406503545478e+01
4.035000000000000142e+00,1.715261440032902840e+01
4.035999999999999588e+00,1.704667418793704314e+01
4.036999999999999922e+00,1.709447634352154211e+01
4.038000000000000256e+00,1.713235534926371884e+01
4.038999999999999702e+00,1.705449553029479048e+01
4.040000000000000036e+00,1.711644540314653185e+01
4.041000000000000369e+00,1.708287494362359027e+01
4.041999999999999815e+00,1.710799323274583372e+01
4.043000000000000149e+00,1.710892569553694642e+01
4.043999999999999595e+00,1.713679470095602397e+01
4.044999999999999929e+00,1.709846730780133939e+01
4.046000000000000263e+00,1.714478510762205232e+01
4.046999999999999709e+00,1.705207651243394196e+01
4.048000000000000043e+00,1.705036015192805721e+01
4.049000000000000377e+00,1.714639734536416427e+01
4.049999999999999822e+00,1.708600440913681950e+01
4.051000000000000156e+00,1.707437105831915858e+01
4.051999999999999602e+00,1.708471810958228332e+01
4.052999999999999936e+00,1.709333474971397493e+01
4.054000000000000270e+00,1.710040301832646747e+01
4.054999999999999716e+00,1.710434767765694630e+01
4.056000000000000050e+00,1.705349596494110642e+01
4.057000000000000384e+00,1.707781753179881079e+01
4.057999999999999829e+00,1.714114605181082140e+01
4.059000000000000163e+00,1.706226904634667108e+01
4.059999999999999609e+00,1.703547016053480334e+01
4.060999999999999943e+00,1.700846026119451793e+01
4.062000000000000277e+00,1.701103588681406009e+01
4.062999999999999723e+00,1.708818678830231974e+01
4.064000000000000057e+00,1.700362291451232366e+01
4.065000000000000391e+00,1.705331746845239493e+01
4.065999999999999837e+00,1.712334855140216661e+01
4.067000000000000171e+00,1.712918834777178745e+01
4.067999999999999616e+00,1.701972214800928285e+01
4.068999999999999950e+00,1.705873178621922293e+01
4.070000000000000284e+00,1.709236542798793934e+01
4.070999999999999730e+00,1.709169639794455264e+01
4.072000000000000064e+00,1.701321853851726473e+01
4.073000000000000398e+00,1.707612335229240941e+01
4.073999999999999844e+00,1.708152830793845567e+01
4.075000000000000178e+00,1.706715223915986357e+01
4.075999999999999623e+00,1.708730872884548901e+01
4.076999999999999957e+00,1.706658324797914617e+01
4.078000000000000291e+00,1.709939207718232268e+01
4.078999999999999737e+00,1.706194204802514847e+01
4.080000000000000071e+00,1.702655935578996349e+01
4.081000000000000405e+00,1.706749021505748232e+01
4.081999999999999851e+00,1.701466347761052234e+01
4.083000000000000185e+00,1.706876519314386442e+01
4.083999999999999631e+00,1.708526725494266785e+01
4.084999999999999964e+00,1.702767222902598476e+01
4.086000000000000298e+00,1.708393996197573372e+01
4.086999999999999744e+00,1.710650832431635138e+01
4.088000000000000078e+00,1.710811964124996365e+01
4.089000000000000412e+00,1.707697789349234796e+01
4.089999999999999858e+00,1.700548396876654067e+01
4.091000000000000192e+00,1.705050059235927762e+01
4.091999999999999638e+00,1.708838879402506805e+01
4.092999999999999972e+00,1.711557481835533778e+01
4.094000000000000306e+00,1.712535724415974769e+01
4.094999999999999751e+00,1.719296834840672616e+01
4.096000000000000085e+00,1.706512923935218140e+01
4.097000000000000419e+00,1.707242555929342842e+01
4.097999999999999865e+00,1.708229307384338824e+01
4.099000000000000199e+00,1.713956631180269596e+01
4.099999999999999645e+00,1.717180137734614220e+01
4.100999999999999979e+00,1.711798359073574716e+01
4.102000000000000313e+00,1.708761789589200575e+01
4.102999999999999758e+00,1.714589923033724617e+01
4.104000000000000092e+00,1.705695525438338578e+01
4.105000000000000426e+00,1.711718631162769810e+01
4.105999999999999872e+00,1.711260706062145331e+01
4.107000000000000206e+00,1.707035487845728028e+01
4.107999999999999652e+00,1.708783556694439909e+01
4.108999999999999986e+00,1.709780834807719785e+01
4.110000000000000320e+00,1.706418677769447356e+01
4.110999999999999766e+00,1.716318489888352872e+01
4.112000000000000099e+00,1.715131874801953060e+01
4.113000000000000433e+00,1.709820476319200111e+01
4.113999999999999879e+00,1.717496766659792229e+01
4.115000000000000213e+00,1.713184419551571835e+01
4.115999999999999659e+00,1.706079187930735230e+01
4.116999999999999993e+00,1.712493325362677155e+01
4.118000000000000327e+00,1.708976370499237163e+01
4.118999999999999773e+00,1.711876143600093059e+01
4.120000000000000107e+00,1.715761597052668819e+01
4.121000000000000441e+00,1.712989724897224519e+01
4.121999999999999886e+00,1.713838484256369554e+01
4.123000000000000220e+00,1.706023628201087661e+01
4.123999999999999666e+00,1.706589634487050944e+01
4.125000000000000000e+00,1.704750550382715346e+01
4.126000000000000334e+00,1.702442357906671333e+01
4.126999999999999780e+00,1.704578054774561835e+01
4.128000000000000114e+00,1.708042892837327997e+01
4.128999999999999559e+00,1.711639756258155032e+01
4.129999999999999893e+00,1.711013671422194449e+01
4.131000000000000227e+00,1.708065338956997437e+01
4.131999999999999673e+00,1.715568979264051919e+01
4.133000000000000007e+00,1.712105563105756545e+01
4.134000000000000341e+00,1.702989239104128316e+01
4.134999999999999787e+00,1.706237186577083165e+01
4.136000000000000121e+00,1.706576385245659466e+01
4.136999999999999567e+00,1.710908678678636718e+01
4.137999999999999901e+00,1.703117755581263282e+01
4.139000000000000234e+00,1.699399449084275560e+01
4.139999999999999680e+00,1.704536163206494592e+01
4.141000000000000014e+00,1.710405135697197920e+01
4.142000000000000348e+00,1.706092628476287842e+01
4.142999999999999794e+00,1.716080425060679460e+01
4.144000000000000128e+00,1.710601363993047030e+01
4.144999999999999574e+00,1.708609360548009803e+01
4.145999999999999908e+00,1.707717013321863675e+01
4.147000000000000242e+00,1.706849693986803729e+01
4.147999999999999687e+00,1.704602221480069701e+01
4.149000000000000021e+00,1.714715604503492585e+01
4.150000000000000355e+00,1.710022432623562949e+01
4.150999999999999801e+00,1.709985254977980773e+01
4.152000000000000135e+00,1.709293022127369710e+01
4.152999999999999581e+00,1.717720263998136332e+01
4.153999999999999915e+00,1.720294979836369009e+01
4.155000000000000249e+00,1.710383989853572118e+01
4.155999999999999694e+00,1.710765992521159262e+01
4.157000000000000028e+00,1.707026363889457343e+01
4.158000000000000362e+00,1.710949377170434360e+01
4.158999999999999808e+00,1.707629788912762336e+01
4.160000000000000142e+00,1.710187884810806125e+01
4.160999999999999588e+00,1.715212229100803043e+01
4.161999999999999922e+00,1.706289130650488772e+01
4.163000000000000256e+00,1.707346534888679557e+01
4.163999999999999702e+00,1.711877569198139426e+01
4.165000000000000036e+00,1.711139666214218025e+01
4.166000000000000369e+00,1.716269563934159237e+01
4.166999999999999815e+00,1.714511274423361442e+01
4.168000000000000149e+00,1.711327455506769368e+01
4.168999999999999595e+00,1.709482063779839578e+01
4.169999999999999929e+00,1.716159349329337402e+01
4.171000000000000263e+00,1.714362152352643420e+01
4.171999999999999709e+00,1.715714352338415694e+01
4.173000000000000043e+00,1.711730159013642805e+01
4.174000000000000377e+00,1.711769399385213575e+01
4.174999999999999822e+00,1.716719743473791837e+01
4.176000000000000156e+00,1.716324298955112937e+01
4.176999999999999602e+00,1.714810618121147456e+01
4.177999999999999936e+00,1.720436453507261021e+01
4.179000000000000270e+00,1.720962233327039925e+01
4.179999999999999716e+00,1.715893980920726847e+01
4.181000000000000050e+00,1.711359592088476234e+01
4.182000000000000384e+00,1.714248118617568650e+01
4.182999999999999829e+00,1.709768862115750920e+01
4.184000000000000163e+00,1.718360241828225199e+01
4.184999999999999609e+00,1.714633642253847867e+01
4.185999999999999943e+00,1.704606674101029640e+01
4.187000000000000277e+00,1.710019306156941354e+01
4.187999999999999723e+00,1.712904671911399745e+01
4.189000000000000057e+00,1.713058664372519146e+01
4.190000000000000391e+00,1.705329065363987340e+01
4.190999999999999837e+00,1.702925372183762676e+01
4.192000000000000171e+00,1.704055913759238905e+01
4.192999999999999616e+00,1.707268826187866395e+01
4.193999999999999950e+00,1.708089215894792545e+01
4.195000000000000284e+00,1.706856856181537907e+01
4.195999999999999730e+00,1.703336923879338372e+01
4.197000000000000064e+00,1.706151451539174957e+01
4.198000000000000398e+00,1.710409583897435581e+01
4.198999999999999844e+00,1.708378671518697445e+01
4.200000000000000178e+00,1.704338638545100792e+01
4.200999999999999623e+00,1.706586283546521443e+01
4.201999999999999957e+00,1.708215194066731968e+01
4.203000000000000291e+00,1.712164611155459681e+01
4.203999999999999737e+00,1.707713796903093240e+01
4.205000000000000071e+00,1.697532195845837322e+01
4.206000000000000405e+00,1.703195361469910196e+01
4.206999999999999851e+00,1.703940436582851703e+01
4.208000000000000185e+00,1.705090895089735525e+01
4.208999999999999631e+00,1.704981335904433237e+01
4.209999999999999964e+00,1.702773610441688135e+01
4.211000000000000298e+00,1.707405936135211277e+01
4.211999999999999744e+00,1.702433610392054320e+01
4.213000000000000078e+00,1.707296960703623512e+01
4.214000000000000412e+00,1.711556802142036915e+01
4.214999999999999858e+00,1.707163798791448173e+01
4.216000000000000192e+00,1.704116685729558967e+01
4.216999999999999638e+00,1.706957402854557415e+01
4.217999999999999972e+00,1.712182082399773009e+01
4.219000000000000306e+00,1.714851419731974502e+01
4.219999999999999751e+00,1.710503539583012156e+01
4.221000000000000085e+00,1.714027217538597014e+01
4.222000000000000419e+00,1.714451944428698482e+01
4.222999999999999865e+00,1.715298741556279083e+01
4.224000000000000199e+00,1.715795660390641686e+01
4.224999999999999645e+00,1.708472176435028445e+01
4.225999999999999979e+00,1.712045266358822460e+01
4.227000000000000313e+00,1.703894202921537016e+01
4.227999999999999758e+00,1.705200862241164828e+01
4.229000000000000092e+00,1.709160698055151784e+01
4.230000000000000426e+00,1.707213812926717722e+01
4.230999999999999872e+00,1.708036603070338799e+01
4.232000000000000206e+00,1.712460959021771956e+01
4.232999999999999652e+00,1.705724382347425916e+01
4.233999999999999986e+00,1.709036874960145980e+01
4.235000000000000320e+00,1.710372452885459893e+01
4.235999999999999766e+00,1.708815274556456032e+01
4.237000000000000099e+00,1.707267852503936467e+01
4.238000000000000433e+00,1.707354499594147512e+01
4.238999999999999879e+00,1.707679957987788555e+01
4.240000000000000213e+00,1.710112895901665198e+01
4.240999999999999659e+00,1.713124245132968326e+01
4.241999999999999993e+00,1.703148636249684955e+01
4.243000000000000327e+00,1.709983044973987276e+01
4.243999999999999773e+00,1.708649839407778614e+01
4.245000000000000107e+00,1.713197217704115616e+01
4.246000000000000441e+00,1.715900639561805363e+01
4.246999999999999886e+00,1.711065444821407056e+01
4.248000000000000220e+00,1.706051141115174730e+01
4.248999999999999666e+00,1.708427348403776946e+01
4.250000000000000000e+00,1.706385787805042398e+01
4.251000000000000334e+00,1.706307125418198112e+01
4.251999999999999780e+00,1.706724570952257736e+01
4.253000000000000114e+00,1.704914483870324915e+01
4.253999999999999559e+00,1.708012696600621183e+01
4.254999999999999893e+00,1.705334541502395140e+01
4.256000000000000227e+00,1.703260160394133749e+01
4.256999999999999673e+00,1.710723787445266453e+01
4.258000000000000007e+00,1.711497756630748057e+01
4.259000000000000341e+00,1.704371718167055860e+01
4.259999999999999787e+00,1.706307424109647641e+01
4.261000000000000121e+00,1.705358532129292470e+01
4.261999999999999567e+00,1.711084847688838551e+01
4.262999999999999901e+00,1.713957704902410129e+01
4.264000000000000234e+00,1.703475281299961708e+01
4.264999999999999680e+00,1.711141452217688297e+01
4.266000000000000014e+00,1.723636539749468710e+01
4.267000000000000348e+00,1.717261570417377214e+01
4.267999999999999794e+00,1.715418980137511795e+01
4.269000000000000128e+00,1.722336689794749276e+01
4.269999999999999574e+00,1.715712003416932063e+01
4.270999999999999908e+00,1.715891345745063035e+01
4.272000000000000242e+00,1.717217187428889602e+01
4.272999999999999687e+00,1.712508227017686835e+01
4.274000000000000021e+00,1.708797736405574952e+01
4.275000000000000355e+00,1.717101577980017169e+01
4.275999999999999801e+00,1.709392798741317065e+01
4.277000000000000135e+00,1.713824341053897271e+01
4.277999999999999581e+00,1.707933092723823520e+01
4.278999999999999915e+00,1.716170040537173946e+01
4.280000000000000249e+00,1.716391249873309732e+01
4.280999999999999694e+00,1.720033692661226965e+01
4.282000000000000028e+00,1.713654694816221280e+01
4.283000000000000362e+00,1.717030644182720067e+01
4.283999999999999808e+00,1.714757664291523653e+01
4.285000000000000142e+00,1.713983638723049552e+01
4.285999999999999588e+00,1.713977594515248626e+01
4.286999999999999922e+00,1.713086308382549916e+01
4.288000000000000256e+00,1.709529470725072287e+01
4.288999999999999702e+00,1.714188029157734405e+01
4.290000000000000036e+00,1.707181093717090548e+01
4.291000000000000369e+00,1.711815653778908342e+01
4.291999999999999815e+00,1.704187575823365464e+01
4.293000000000000149e+00,1.704873150727020459e+01
4.293999999999999595e+00,1.708090886661223351e+01
4.294999999999999929e+00,1.705110527365126316e+01
4.296000000000000263e+00,1.701639009834122263e+01
4.296999999999999709e+00,1.711764525930804481e+01
4.298000000000000043e+00,1.711022533267716383e+01
4.299000000000000377e+00,1.712607793207543239e+01
4.299999999999999822e+00,1.716405701722099408e+01
4.301000000000000156e+00,1.710583009626667916e+01
4.301999999999999602e+00,1.710079796993906598e+01
4.302999999999999936e+00,1.708948648531864478e+01
4.304000000000000270e+00,1.703713472765560510e+01
4.304999999999999716e+00,1.715522265661596180e+01
4.306000000000000050e+00,1.711641317460893319e+01
4.307000000000000384e+00,1.703191053911886144e+01
4.307999999999999829e+00,1.710220867658862076e+01
4.309000000000000163e+00,1.714847498958453187e+01
4.309999999999999609e+00,1.712060222208794968e+01
4.310999999999999943e+00,1.707581435657324320e+01
4.312000000000000277e+00,1.708892615630432132e+01
4.312999999999999723e+00,1.714562561567537102e+01
4.314000000000000057e+00,1.710885366742495961e+01
4.315000000000000391e+00,1.711225850145936178e+01
4.315999999999999837e+00,1.711025985916052505e+01
4.317000000000000171e+00,1.714149391574765957e+01
4.317999999999999616e+00,1.713285795053950977e+01
4.318999999999999950e+00,1.714838120300383650e+01
4.320000000000000284e+00,1.720048363498023392e+01
4.320999999999999730e+00,1.716663625981396635e+01
4.322000000000000064e+00,1.715282066914124215e+01
4.323000000000000398e+00,1.716600877379037371e+01
4.323999999999999844e+00,1.715378311574489700e+01
4.325000000000000178e+00,1.711834846790439713e+01
4.325999999999999623e+00,1.711050008549989698e+01
4.326999999999999957e+00,1.717753488066332679e+01
4.328000000000000291e+00,1.716644609617075545e+01
4.328999999999999737e+00,1.716023886014669131e+01
4.330000000000000071e+00,1.710497087321895293e+01
4.331000000000000405e+00,1.708087603369681773e+01
4.331999999999999851e+00,1.714910768485889747e+01
4.333000000000000185e+00,1.714015419696948328e+01
4.333999999999999631e+00,1.708973886551456900e+01
4.334999999999999964e+00,1.708015635006495359e+01
4.336000000000000298e+00,1.713023189752010467e+01
4.336999999999999744e+00,1.703837190862760309e+01
4.338000000000000078e+00,1.711527483849855713e+01
4.339000000000000412e+00,1.708522755417270744e+01
4.339999999999999858e+00,1.709540909517104978e+01
4.341000000000000192e+00,1.708766180166269777e+01
4.341999999999999638e+00,1.714129703207543898e+01
4.342999999999999972e+00,1.710831235718739052e+01
4.344000000000000306e+00,1.707161437535114246e+01
4.344999999999999751e+00,1.709911174231843134e+01
4.346000000000000085e+00,1.711991610843459100e+01
4.347000000000000419e+00,1.708249485381699984e+01
4.347999999999999865e+00,1.712150109205811432e+01
4.349000000000000199e+00,1.705241466600478617e+01
4.349999999999999645e+00,1.711128942416544518e+01
4.350999999999999979e+00,1.710940167411959578e+01
4.352000000000000313e+00,1.707193474901141172e+01
4.352999999999999758e+00,1.711616530641734002e+01
4.354000000000000092e+00,1.706218200369057669e+01
4.355000000000000426e+00,1.716199686825635240e+01
4.355999999999999872e+00,1.710050454348858295e+01
4.357000000000000206e+00,1.720485488705513077e+01
4.357999999999999652e+00,1.716010982933237727e+01
4.358999999999999986e+00,1.713531617309573463e+01
4.360000000000000320e+00,1.710568355093167270e+01
4.360999999999999766e+00,1.709503586003986797e+01
4.362000000000000099e+00,1.710932789977110247e+01
4.363000000000000433e+00,1.711135470398011549e+01
4.363999999999999879e+00,1.715578922711456045e+01
4.365000000000000213e+00,1.720219951354023991e+01
4.365999999999999659e+00,1.711779442078321622e+01
4.366999999999999993e+00,1.713903089465367913e+01
4.368000000000000327e+00,1.720760310328271459e+01
4.368999999999999773e+00,1.714373228924149828e+01
4.370000000000000107e+00,1.715449264422041509e+01
4.371000000000000441e+00,1.718456948166880238e+01
4.371999999999999886e+00,1.726967453704785527e+01
4.373000000000000220e+00,1.712739257838346418e+01
4.373999999999999666e+00,1.720849640866024899e+01
4.375000000000000000e+00,1.723883106120300468e+01
4.376000000000000334e+00,1.723636221156685622e+01
4.376999999999999780e+00,1.712994961313224351e+01
4.378000000000000114e+00,1.716775594498680491e+01
4.378999999999999559e+00,1.718104212011918364e+01
4.379999999999999893e+00,1.721304005954128158e+01
4.381000000000000227e+00,1.727187301601596303e+01
4.381999999999999673e+00,1.714190764026745128e+01
4.383000000000000007e+00,1.714227910963230528e+01
4.384000000000000341e+00,1.720184520603648437e+01
4.384999999999999787e+00,1.722708912125632708e+01
4.386000000000000121e+00,1.716586661298721594e+01
4.386999999999999567e+00,1.715182179453668354e+01
4.387999999999999901e+00,1.717260692148248324e+01
4.389000000000000234e+00,1.726462746737707477e+01
4.389999999999999680e+00,1.716989111541564128e+01
4.391000000000000014e+00,1.721062262700866086e+01
4.392000000000000348e+00,1.725178941065969340e+01
4.392999999999999794e+00,1.724883709362503836e+01
4.394000000000000128e+00,1.719617156891657928e+01
4.394999999999999574e+00,1.727059488885153371e+01
4.395999999999999908e+00,1.724837887638430090e+01
4.397000000000000242e+00,1.717102146075759705e+01
4.397999999999999687e+00,1.715853741619564943e+01
4.399000000000000021e+00,1.715889845595952679e+01
4.400000000000000355e+00,1.716969078443682761e+01
4.400999999999999801e+00,1.720301490815766243e+01
4.402000000000000135e+00,1.721161569082328668e+01
4.402999999999999581e+00,1.723134235885859056e+01
4.403999999999999915e+00,1.723845028117231593e+01
4.405000000000000249e+00,1.724428988591697376e+01
4.405999999999999694e+00,1.723126643740292607e+01
4.407000000000000028e+00,1.719670672355683294e+01
4.408000000000000362e+00,1.727935865654529124e+01
4.408999999999999808e+00,1.725769513100922836e+01
4.410000000000000142e+00,1.729857728706642206e+01
4.410999999999999588e+00,1.722960676006456637e+01
4.411999999999999922e+00,1.722784148687510708e+01
4.413000000000000256e+00,1.721738154850270774e+01
4.413999999999999702e+00,1.720938450254243435e+01
4.415000000000000036e+00,1.721847008666882317e+01
4.416000000000000369e+00,1.714259504392443034e+01
4.416999999999999815e+00,1.717757745649146983e+01
4.418000000000000149e+00,1.725463898053445888e+01
4.418999999999999595e+00,1.721724952610205150e+01
4.419999999999999929e+00,1.719187645781110518e+01
4.421000000000000263e+00,1.717090870885699871e+01
4.421999999999999709e+00,1.716750916628117452e+01
4.423000000000000043e+00,1.717955879804680563e+01
4.424000000000000377e+00,1.708085668197497498e+01
4.424999999999999822e+00,1.708059662172575699e+01
4.426000000000000156e+00,1.713583399747645686e+01
4.426999999999999602e+00,1.713636112117730548e+01
4.427999999999999936e+00,1.718850284491686153e+01
4.429000000000000270e+00,1.713361675206139267e+01
4.429999999999999716e+00,1.715150501223163459e+01
4.431000000000000050e+00,1.708572844374578636e+01
4.432000000000000384e+00,1.709760023372597004e+01
4.432999999999999829e+00,1.706758405734169415e+01
4.434000000000000163e+00,1.704196537622081209e+01
4.434999999999999609e+00,1.713415151015589899e+01
4.435999999999999943e+00,1.714629732767626535e+01
4.437000000000000277e+00,1.714230233449358565e+01
4.437999999999999723e+00,1.713258229679260225e+01
4.439000000000000057e+00,1.709765086904821629e+01
4.440000000000000391e+00,1.705470460077052053e+01
4.440999999999999837e+00,1.711758905586316715e+01
4.442000000000000171e+00,1.713280402623238885e+01
4.442999999999999616e+00,1.711340303857371836e+01
4.443999999999999950e+00,1.709217967270463134e+01
4.445000000000000284e+00,1.710824087161543616e+01
4.445999999999999730e+00,1.701103299677685143e+01
4.447000000000000064e+00,1.705774167900941762e+01
4.448000000000000398e+00,1.700242718906089934e+01
4.448999999999999844e+00,1.705243009280797040e+01
4.450000000000000178e+00,1.703949767714205876e+01
4.450999999999999623e+00,1.707731856013336724e+01
4.451999999999999957e+00,1.705766735852516547e+01
4.453000000000000291e+00,1.706072799295965936e+01
4.453999999999999737e+00,1.710610257356792374e+01
4.455000000000000071e+00,1.710462559608305710e+01
4.456000000000000405e+00,1.703390967457385585e+01
4.456999999999999851e+00,1.713168236872137840e+01
4.458000000000000185e+00,1.698712037326024316e+01
4.458999999999999631e+00,1.711258714004890891e+01
4.459999999999999964e+00,1.711462401096818198e+01
4.461000000000000298e+00,1.710468101522320694e+01
4.461999999999999744e+00,1.711375435450064941e+01
4.463000000000000078e+00,1.713733802719008636e+01
4.464000000000000412e+00,1.710423620656837684e+01
4.464999999999999858e+00,1.708282428894501948e+01
4.466000000000000192e+00,1.712896474813959102e+01
4.466999999999999638e+00,1.708915039617680875e+01
4.467999999999999972e+00,1.707646299908396514e+01
4.469000000000000306e+00,1.701555279048185554e+01
4.469999999999999751e+00,1.704510865748650872e+01
4.471000000000000085e+00,1.708590167715697561e+01
4.472000000000000419e+00,1.708190575982782988e+01
4.472999999999999865e+00,1.706904987851420330e+01
4.474000000000000199e+00,1.711155870624085296e+01
4.474999999999999645e+00,1.712549193695076610e+01
4.475999999999999979e+00,1.717796443654574290e+01
4.477000000000000313e+00,1.709878177578683633e+01
4.477999999999999758e+00,1.709381037710221918e+01
4.479000000000000092e+00,1.713671269818090082e+01
4.480000000000000426e+00,1.708472774098014568e+01
4.480999999999999872e+00,1.708543867955846451e+01
4.482000000000000206e+00,1.711679007407548170e+01
4.482999999999999652e+00,1.711025482207272219e+01
4.483999999999999986e+00,1.712769691892090762e+01
4.485000000000000320e+00,1.709824574738566483e+01
4.485999999999999766e+00,1.713970672927404948e+01
4.487000000000000099e+00,1.712674562778511245e+01
4.488000000000000433e+00,1.712799225295024286e+01
4.488999999999999879e+00,1.713417695741604874e+01
4.490000000000000213e+00,1.709144648805726163e+01
4.490999999999999659e+00,1.710941655885624968e+01
4.491999999999999993e+00,1.716223047893943487e+01
4.493000000000000327e+00,1.711914553888523116e+01
4.493999999999999773e+00,1.712528061882081687e+01
4.495000000000000107e+00,1.711470710797912176e+01
4.496000000000000441e+00,1.707887541158319422e+01
4.496999999999999886e+00,1.713223369922197037e+01
4.498000000000000220e+00,1.705438074055782494e+01
4.498999999999999666e+00,1.710458357233633819e+01
4.500000000000000000e+00,1.707434187544828674e+01
4.501000000000000334e+00,1.706915765642474270e+01
4.501999999999999780e+00,1.710395748341833055e+01
4.503000000000000114e+00,1.715167263163399980e+01
4.503999999999999559e+00,1.708476855694447494e+01
4.504999999999999893e+00,1.712449609879964285e+01
4.506000000000000227e+00,1.718172693996967837e+01
4.506999999999999673e+00,1.715369446131966669e+01
4.508000000000000007e+00,1.714849636937527322e+01
4.509000000000000341e+00,1.708844650836282142e+01
4.509999999999999787e+00,1.720521881579690771e+01
4.511000000000000121e+00,1.714366751482630491e+01
4.511999999999999567e+00,1.711835173270685928e+01
4.512999999999999901e+00,1.716084242761792567e+01
4.514000000000000234e+00,1.716467320049858003e+01
4.514999999999999680e+00,1.715615419677489584e+01
4.516000000000000014e+00,1.714899344134330406e+01
4.517000000000000348e+00,1.719801874773624917e+01
4.517999999999999794e+00,1.718259499139146129e+01
4.519000000000000128e+00,1.713993698845197500e+01
4.519999999999999574e+00,1.713312683458521946e+01
4.520999999999999908e+00,1.710717328949273508e+01
4.522000000000000242e+00,1.710740449142324238e+01
4.522999999999999687e+00,1.707861663419112119e+01
4.524000000000000021e+00,1.716380342847678264e+01
4.525000000000000355e+00,1.710700248754316277e+01
4.525999999999999801e+00,1.711355689105817035e+01
4.527000000000000135e+00,1.714160736218687120e+01
4.527999999999999581e+00,1.718437242394576003e+01
4.528999999999999915e+00,1.711982009293933871e+01
4.530000000000000249e+00,1.714991637195339891e+01
4.530999999999999694e+00,1.725208914814128747e+01
4.532000000000000028e+00,1.723060071811838156e+01
4.533000000000000362e+00,1.710858353653314978e+01
4.533999999999999808e+00,1.718581143084561091e+01
4.535000000000000142e+00,1.716482432840812677e+01
4.535999999999999588e+00,1.709991440200416335e+01
4.536999999999999922e+00,1.714502022914253487e+01
4.538000000000000256e+00,1.710805021990274710e+01
4.538999999999999702e+00,1.708925818201734970e+01
4.540000000000000036e+00,1.700702653937994313e+01
4.541000000000000369e+00,1.717359744451645653e+01
4.541999999999999815e+00,1.711527413555843324e+01
4.543000000000000149e+00,1.707076078590775481e+01
4.543999999999999595e+00,1.711440059064034713e+01
4.544999999999999929e+00,1.713252753952650664e+01
4.546000000000000263e+00,1.712960880857283996e+01
4.546999999999999709e+00,1.710718513496721371e+01
4.548000000000000043e+00,1.712884037730563946e+01
4.549000000000000377e+00,1.708281114292162428e+01
4.549999999999999822e+00,1.713674153762081076e+01
4.551000000000000156e+00,1.710606621212760103e+01
4.551999999999999602e+00,1.708280520560878912e+01
4.552999999999999936e+00,1.708387403837724250e+01
4.554000000000000270e+00,1.710380181670323907e+01
4.554999999999999716e+00,1.710216263133278147e+01
4.556000000000000050e+00,1.711336604464151634e+01
4.557000000000000384e+00,1.703134027890569158e+01
4.557999999999999829e+00,1.715624563082445775e+01
4.559000000000000163e+00,1.712711405094185579e+01
4.559999999999999609e+00,1.711928851009219343e+01
4.560999999999999943e+00,1.712585928636919164e+01
4.562000000000000277e+00,1.719533897784985754e+01
4.562999999999999723e+00,1.711641175565868878e+01
4.564000000000000057e+00,1.725551813788448996e+01
4.565000000000000391e+00,1.723233580413485910e+01
4.565999999999999837e+00,1.716001761972459860e+01
4.567000000000000171e+00,1.716360020755126214e+01
4.567999999999999616e+00,1.715628098099146825e+01
4.568999999999999950e+00,1.714223784961564689e+01
4.570000000000000284e+00,1.717390519787616299e+01
4.570999999999999730e+00,1.713208645668781216e+01
4.572000000000000064e+00,1.728109246256034481e+01
4.573000000000000398e+00,1.715563445729927849e+01
4.573999999999999844e+00,1.714711694693308530e+01
4.575000000000000178e+00,1.720513500312862476e+01
4.575999999999999623e+00,1.718601470553409172e+01
4.576999999999999957e+00,1.724316882789637972e+01
4.578000000000000291e+00,1.724023710686977395e+01
4.578999999999999737e+00,1.722692260852813106e+01
4.580000000000000071e+00,1.722915865277369107e+01
4.581000000000000405e+00,1.718654077865620167e+01
4.581999999999999851e+00,1.716267481440429421e+01
4.583000000000000185e+00,1.719306232176325366e+01
4.583999999999999631e+00,1.718169893944282833e+01
4.584999999999999964e+00,1.722096041204610017e+01
4.586000000000000298e+00,1.718201385827128647e+01
4.586999999999999744e+00,1.717217071039518572e+01
4.588000000000000078e+00,1.723767801381012177e+01
4.589000000000000412e+00,1.717972234972462786e+01
4.589999999999999858e+00,1.710639805981463724e+01
4.591000000000000192e+00,1.706696488449976457e+01
4.591999999999999638e+00,1.711535923399820547e+01
4.592999999999999972e+00,1.715038902370333318e+01
4.594000000000000306e+00,1.720472216693502077e+01
4.594999999999999751e+00,1.723633427091953507e+01
4.596000000000000085e+00,1.713463232279150006e+01
4.597000000000000419e+00,1.720877489394064597e+01
4.597999999999999865e+00,1.713389879461843535e+01
4.599000000000000199e+00,1.722352090975125449e+01
4.599999999999999645e+00,1.715823133116201404e+01
4.600999999999999979e+00,1.714862118339511099e+01
4.602000000000000313e+00,1.716766311301648074e+01
4.602999999999999758e+00,1.718800489529792230e+01
4.604000000000000092e+00,1.714689474493495425e+01
4.605000000000000426e+00,1.719370255619691790e+01
4.605999999999999872e+00,1.715723067741694763e+01
4.607000000000000206e+00,1.715879906126371779e+01
4.607999999999999652e+00,1.716487842185286183e+01
4.608999999999999986e+00,1.721728719927691031e+01
4.610000000000000320e+00,1.717675229002855275e+01
4.610999999999999766e+00,1.720394005343258925e+01
4.612000000000000099e+00,1.716666977135168892e+01
4.613000000000000433e+00,1.714927393843763426e+01
4.613999999999999879e+00,1.713830234790880525e+01
4.615000000000000213e+00,1.720826792499830660e+01
4.615999999999999659e+00,1.711461488198133907e+01
4.616999999999999993e+00,1.711540470092729294e+01
4.618000000000000327e+00,1.717440918511515235e+01
4.618999999999999773e+00,1.716117049975176911e+01
4.620000000000000107e+00,1.716210976566481605e+01
4.621000000000000441e+00,1.711389449002030361e+01
4.621999999999999886e+00,1.708330362573741468e+01
4.623000000000000220e+00,1.709566136792955504e+01
4.623999999999999666e+00,1.717469197083046240e+01
4.625000000000000000e+00,1.714689758878352421e+01
4.626000000000000334e+00,1.714710558964437226e+01
4.626999999999999780e+00,1.709694916780839336e+01
4.628000000000000114e+00,1.707553664717383768e+01
4.628999999999999559e+00,1.713767936582090812e+01
4.629999999999999893e+00,1.713134394689516782e+01
4.631000000000000227e+00,1.710444396558376567e+01
4.631999999999999673e+00,1.713967407321154823e+01
4.633000000000000007e+00,1.717621773939040963e+01
4.634000000000000341e+00,1.711895177711370764e+01
4.634999999999999787e+00,1.716047180408094519e+01
4.636000000000000121e+00,1.708962291452549209e+01
4.636999999999999567e+00,1.707531209710960596e+01
4.637999999999999901e+00,1.714712933406390505e+01
4.639000000000000234e+00,1.712422992724917492e+01
4.639999999999999680e+00,1.709730281398192986e+01
4.641000000000000014e+00,1.707839087721543336e+01
4.642000000000000348e+00,1.717661976961888115e+01
4.642999999999999794e+00,1.706597053518298424e+01
4.644000000000000128e+00,1.707053180338023779e+01
4.644999999999999574e+00,1.714522988412367610e+01
4.645999999999999908e+00,1.709115595802188281e+01
4.647000000000000242e+00,1.706862342730925874e+01
4.647999999999999687e+00,1.710233329962789028e+01
4.649000000000000021e+00,1.705473467077557004e+01
4.650000000000000355e+00,1.710647333046649976e+01
4.650999999999999801e+00,1.713786463831495155e+01
4.652000000000000135e+00,1.711648521973488712e+01
4.652999999999999581e+00,1.712349141656001450e+01
4.653999999999999915e+00,1.713401822919823303e+01
4.655000000000000249e+00,1.713701346202997300e+01
4.655999999999999694e+00,1.710532885031150485e+01
4.657000000000000028e+00,1.707765263448766646e+01
4.658000000000000362e+00,1.712439945472771186e+01
4.658999999999999808e+00,1.707672989528622054e+01
4.660000000000000142e+00,1.706701870552316791e+01
4.660999999999999588e+00,1.713909815971030781e+01
4.661999999999999922e+00,1.703576277478599721e+01
4.663000000000000256e+00,1.714906873817788124e+01
4.663999999999999702e+00,1.710575825042218412e+01
4.665000000000000036e+00,1.711150889688772381e+01
4.666000000000000369e+00,1.703152092073272428e+01
4.666999999999999815e+00,1.708520584891756400e+01
4.668000000000000149e+00,1.707464306534171783e+01
4.668999999999999595e+00,1.713839282963827060e+01
4.669999999999999929e+00,1.711861677547842930e+01
4.671000000000000263e+00,1.706732758108250891e+01
4.671999999999999709e+00,1.707957770313389290e+01
4.673000000000000043e+00,1.708913386408097779e+01
4.674000000000000377e+00,1.707876663300985598e+01
4.674999999999999822e+00,1.709722166157549239e+01
4.676000000000000156e+00,1.706503564858902067e+01
4.676999999999999602e+00,1.707744077098118041e+01
4.677999999999999936e+00,1.708439061643635526e+01
4.679000000000000270e+00,1.715362335062635779e+01
4.679999999999999716e+00,1.714590281368972313e+01
4.681000000000000050e+00,1.714024746747494987e+01
4.682000000000000384e+00,1.712209730479279912e+01
4.682999999999999829e+00,1.716802892827069371e+01
4.684000000000000163e+00,1.712291848527715388e+01
4.684999999999999609e+00,1.708710807441430291e+01
4.685999999999999943e+00,1.706206107901088842e+01
4.687000000000000277e+00,1.701481263049189607e+01
4.687999999999999723e+00,1.712865650834186582e+01
4.689000000000000057e+00,1.704850067119959078e+01
4.690000000000000391e+00,1.708155013220468987e+01
4.690999999999999837e+00,1.713089742602429411e+01
4.692000000000000171e+00,1.708164535680996821e+01
4.692999999999999616e+00,1.704792987390756309e+01
4.693999999999999950e+00,1.709953851511965084e+01
4.695000000000000284e+00,1.710169922291414935e+01
4.695999999999999730e+00,1.714573178643440698e+01
4.697000000000000064e+00,1.712387349489416266e+01
4.698000000000000398e+00,1.721887486593810834e+01
4.698999999999999844e+00,1.717103133871079734e+01
4.700000000000000178e+00,1.710985965695996569e+01
4.700999999999999623e+00,1.714627329223754515e+01
4.701999999999999957e+00,1.712311993695378121e+01
4.703000000000000291e+00,1.718044389928433802e+01
4.703999999999999737e+00,1.713107526168434447e+01
4.705000000000000071e+00,1.709998727258882667e+01
4.706000000000000405e+00,1.709469038950119568e+01
4.706999999999999851e+00,1.715586824056799387e+01
4.708000000000000185e+00,1.709313682355213615e+01
4.708999999999999631e+00,1.709992241939705337e+01
4.709999999999999964e+00,1.711053005741091937e+01
4.711000000000000298e+00,1.709750412375493056e+01
4.711999999999999744e+00,1.711340525864283180e+01
4.713000000000000078e+00,1.716986947323156087e+01
4.714000000000000412e+00,1.710995547105084924e+01
4.714999999999999858e+00,1.705860567914432124e+01
4.716000000000000192e+00,1.712165379149800515e+01
4.716999999999999638e+00,1.711385030975514709e+01
4.717999999999999972e+00,1.713233955331347858e+01
4.719000000000000306e+00,1.719592618983908139e+01
4.719999999999999751e+00,1.712821584255755170e+01
4.721000000000000085e+00,1.712657154742872123e+01
4.722000000000000419e+00,1.716468001291706713e+01
4.722999999999999865e+00,1.714411476303068582e+01
4.724000000000000199e+00,1.716552257621888344e+01
4.724999999999999645e+00,1.713547723712623849e+01
4.725999999999999979e+00,1.714731074693809632e+01
4.727000000000000313e+00,1.717298914312983271e+01
4.727999999999999758e+00,1.713523837477960754e+01
4.729000000000000092e+00,1.714559022660709786e+01
4.730000000000000426e+00,1.709858728236103786e+01
4.730999999999999872e+00,1.712369321141652989e+01
4.732000000000000206e+00,1.712999090796133572e+01
4.732999999999999652e+00,1.722358688901071488e+01
4.733999999999999986e+00,1.706104329345069814e+01
4.735000000000000320e+00,1.709809487347025225e+01
4.735999999999999766e+00,1.717123686523473935e+01
4.737000000000000099e+00,1.715581963200867932e+01
4.738000000000000433e+00,1.714504278028390871e+01
4.738999999999999879e+00,1.716484976100452897e+01
4.740000000000000213e+00,1.718008881395000387e+01
4.740999999999999659e+00,1.717835466352153517e+01
4.741999999999999993e+00,1.718034897735768141e+01
4.743000000000000327e+00,1.709137832939362056e+01
4.743999999999999773e+00,1.717494695622057321e+01
4.745000000000000107e+00,1.712419884527166047e+01
4.746000000000000441e+00,1.714853306368435071e+01
4.746999999999999886e+00,1.715215188000310675e+01
4.748000000000000220e+00,1.723812347259904953e+01
4.748999999999999666e+00,1.715631311983926466e+01
4.750000000000000000e+00,1.713308865236258782e+01
4.751000000000000334e+00,1.717155776129305877e+01
4.751999999999999780e+00,1.713503098401444902e+01
4.753000000000000114e+00,1.714908171269356529e+01
4.753999999999999559e+00,1.716267077006716590e+01
4.754999999999999893e+00,1.711592198510741980e+01
4.756000000000000227e+00,1.714561562710557752e+01
4.756999999999999673e+00,1.713284331816037920e+01
4.758000000000000007e+00,1.707874567150317091e+01
4.759000000000000341e+00,1.718059060175971453e+01
4.759999999999999787e+00,1.711596411665496120e+01
4.761000000000000121e+00,1.719291593873638746e+01
4.761999999999999567e+00,1.716015975665935756e+01
4.762999999999999901e+00,1.723373911846741890e+01
4.764000000000000234e+00,1.716218999764805275e+01
4.764999999999999680e+00,1.708162419136585086e+01
4.766000000000000014e+00,1.715830058123880875e+01
4.767000000000000348e+00,1.709872231681561061e+01
4.767999999999999794e+00,1.707084389727759444e+01
4.769000000000000128e+00,1.710694973924564266e+01
4.769999999999999574e+00,1.710464859591975895e+01
4.770999999999999908e+00,1.713771204707612128e+01
4.772000000000000242e+00,1.713194061330482754e+01
4.772999999999999687e+00,1.711692937249866731e+01
4.774000000000000021e+00,1.712564245827428522e+01
4.775000000000000355e+00,1.710465979627317523e+01
4.775999999999999801e+00,1.711612534510944172e+01
4.777000000000000135e+00,1.711842631079025523e+01
4.777999999999999581e+00,1.714250829441139246e+01
4.778999999999999915e+00,1.714762422839071121e+01
4.780000000000000249e+00,1.714418802041952716e+01
4.780999999999999694e+00,1.720087961753175421e+01
4.782000000000000028e+00,1.715381150448143188e+01
4.783000000000000362e+00,1.715864668075932542e+01
4.783999999999999808e+00,1.714380138971251455e+01
4.785000000000000142e+00,1.714503977895831000e+01
4.785999999999999588e+00,1.706717872294144911e+01
4.786999999999999922e+00,1.716879115274731760e+01
4.788000000000000256e+00,1.716578807511379168e+01
4.788999999999999702e+00,1.717460506975352885e+01
4.790000000000000036e+00,1.710806279489550263e+01
4.791000000000000369e+00,1.717391815546139355e+01
4.791999999999999815e+00,1.709815931523117527e+01
4.793000000000000149e+00,1.710849788738451593e+01
4.793999999999999595e+00,1.705046930643418435e+01
4.794999999999999929e+00,1.704818665231637809e+01
4.796000000000000263e+00,1.713323123337018927e+01
4.796999999999999709e+00,1.708290563258367101e+01
4.798000000000000043e+00,1.711424270297404604e+01
4.799000000000000377e+00,1.712637118728271091e+01
4.799999999999999822e+00,1.714950625748931401e+01
4.801000000000000156e+00,1.714368559442300821e+01
4.801999999999999602e+00,1.715654976409781440e+01
4.802999999999999936e+00,1.710863972449395121e+01
4.804000000000000270e+00,1.710556337047087894e+01
4.804999999999999716e+00,1.712971274859111048e+01
4.806000000000000050e+00,1.714827718691439884e+01
4.807000000000000384e+00,1.714849276813702161e+01
4.807999999999999829e+00,1.713395627110207187e+01
4.809000000000000163e+00,1.713187809097913927e+01
4.809999999999999609e+00,1.725166140454942010e+01
4.810999999999999943e+00,1.710942116214914677e+01
4.812000000000000277e+00,1.712421406625052356e+01
4.812999999999999723e+00,1.709376693739325503e+01
4.814000000000000057e+00,1.716114644808156697e+01
4.815000000000000391e+00,1.713358030847430413e+01
4.815999999999999837e+00,1.704045106976565549e+01
4.817000000000000171e+00,1.707020086290392058e+01
4.817999999999999616e+00,1.716829072298073200e+01
4.818999999999999950e+00,1.715611088083009150e+01
4.820000000000000284e+00,1.712154530614218118e+01
4.820999999999999730e+00,1.713660732840367729e+01
4.822000000000000064e+00,1.719994684973465127e+01
4.823000000000000398e+00,1.717927028498255027e+01
4.823999999999999844e+00,1.707739712889836525e+01
4.825000000000000178e+00,1.717714308814065305e+01
4.825999999999999623e+00,1.716051558191152537e+01
4.826999999999999957e+00,1.712686328196308239e+01
4.828000000000000291e+00,1.710408122710161649e+01
4.828999999999999737e+00,1.718156794163335022e+01
4.830000000000000071e+00,1.709350411402324355e+01
4.831000000000000405e+00,1.708297090724151701e+01
4.831999999999999851e+00,1.706922218130805646e+01
4.833000000000000185e+00,1.711971053263508935e+01
4.833999999999999631e+00,1.706245176531948715e+01
4.834999999999999964e+00,1.712631308631558369e+01
4.836000000000000298e+00,1.705879379476832725e+01
4.836999999999999744e+00,1.710633698029134209e+01
4.838000000000000078e+00,1.708786118635802964e+01
4.839000000000000412e+00,1.708748978722370637e+01
4.839999999999999858e+00,1.719489901774124263e+01
4.841000000000000192e+00,1.710642712595854675e+01
4.841999999999999638e+00,1.711769505928263868e+01
4.842999999999999972e+00,1.713565545118735400e+01
4.844000000000000306e+00,1.719693234584832808e+01
4.844999999999999751e+00,1.714479875169805467e+01
4.846000000000000085e+00,1.715825578247602579e+01
4.847000000000000419e+00,1.715921497238503690e+01
4.847999999999999865e+00,1.712300574787192531e+01
4.849000000000000199e+00,1.717673128127248106e+01
4.849999999999999645e+00,1.710007328501041712e+01
4.850999999999999979e+00,1.712544758773651665e+01
4.852000000000000313e+00,1.713819913007397133e+01
4.852999999999999758e+00,1.712629665461362194e+01
4.854000000000000092e+00,1.706745324580248280e+01
4.855000000000000426e+00,1.717464318116988764e+01
4.855999999999999872e+00,1.711160343860191091e+01
4.857000000000000206e+00,1.713687524455100686e+01
4.857999999999999652e+00,1.710983765061767059e+01
4.858999999999999986e+00,1.710319243767262876e+01
4.860000000000000320e+00,1.708938581569885429e+01
4.860999999999999766e+00,1.715050334974233337e+01
4.862000000000000099e+00,1.715692002953762696e+01
4.863000000000000433e+00,1.712642624991971019e+01
4.863999999999999879e+00,1.713322285018588786e+01
4.865000000000000213e+00,1.708006157936594249e+01
4.865999999999999659e+00,1.711811221827855434e+01
4.866999999999999993e+00,1.709920493836065702e+01
4.868000000000000327e+00,1.716635740763324947e+01
4.868999999999999773e+00,1.716804230289112354e+01
4.870000000000000107e+00,1.714742362549868915e+01
4.871000000000000441e+00,1.713355416899957362e+01
4.871999999999999886e+00,1.718035022054586847e+01
4.873000000000000220e+00,1.713170679666122354e+01
4.873999999999999666e+00,1.707505437114771496e+01
4.875000000000000000e+00,1.713640916514115276e+01
4.876000000000000334e+00,1.716800129276260733e+01
4.876999999999999780e+00,1.712070778897195922e+01
4.878000000000000114e+00,1.709834285595745129e+01
4.878999999999999559e+00,1.712252009426523003e+01
4.879999999999999893e+00,1.712209311657674959e+01
4.881000000000000227e+00,1.711841952281002577e+01
4.881999999999999673e+00,1.707353119784624695e+01
4.883000000000000007e+00,1.710740378306338982e+01
4.884000000000000341e+00,1.710476373077680989e+01
4.884999999999999787e+00,1.705687915246215169e+01
4.886000000000000121e+00,1.712624984767201042e+01
4.886999999999999567e+00,1.713343373348978815e+01
4.887999999999999901e+00,1.711021424025476989e+01
4.889000000000000234e+00,1.718685496483887931e+01
4.889999999999999680e+00,1.711892743240681369e+01
4.891000000000000014e+00,1.706960639667685697e+01
4.892000000000000348e+00,1.710747281829385003e+01
4.892999999999999794e+00,1.709948115291846804e+01
4.894000000000000128e+00,1.711358126241628597e+01
4.894999999999999574e+00,1.713306795563981311e+01
4.895999999999999908e+00,1.720753942428050109e+01
4.897000000000000242e+00,1.711570983416933345e+01
4.897999999999999687e+00,1.711558031194138607e+01
4.899000000000000021e+00,1.709290717702683793e+01
4.900000000000000355e+00,1.710563850965761645e+01
4.900999999999999801e+00,1.711209336083406285e+01
4.902000000000000135e+00,1.708802629361757397e+01
4.902999999999999581e+00,1.711295654997395843e+01
4.903999999999999915e+00,1.711316320793657653e+01
4.905000000000000249e+00,1.716268857076269683e+01
4.905999999999999694e+00,1.715143521377001434e+01
4.907000000000000028e+00,1.710549875754203342e+01
4.908000000000000362e+00,1.713191613833485150e+01
4.908999999999999808e+00,1.710598000077052916e+01
4.910000000000000142e+00,1.714505017435099887e+01
4.910999999999999588e+00,1.716451334569037357e+01
4.911999999999999922e+00,1.720476326983934001e+01
4.913000000000000256e+00,1.714622760291171488e+01
4.913999999999999702e+00,1.714671229914305428e+01
4.915000000000000036e+00,1.718481200269037501e+01
4.916000000000000369e+00,1.715781949636456716e+01
4.916999999999999815e+00,1.711813806632750357e+01
4.918000000000000149e+00,1.719440159658206113e+01
4.918999999999999595e+00,1.718611844071942585e+01
4.919999999999999929e+00,1.719820713829409797e+01
4.921000000000000263e+00,1.716900701957879960e+01
4.921999999999999709e+00,1.718870558177168562e+01
4.923000000000000043e+00,1.716229200196693583e+01
4.924000000000000377e+00,1.715914099015809313e+01
4.924999999999999822e+00,1.712349651606118073e+01
4.926000000000000156e+00,1.723183719077133702e+01
4.926999999999999602e+00,1.720501271874203297e+01
4.927999999999999936e+00,1.713402138813128417e+01
4.929000000000000270e+00,1.719237950889946376e+01
4.929999999999999716e+00,1.714777229852478513e+01
4.931000000000000050e+00,1.714069861059702049e+01
4.932000000000000384e+00,1.718431734708387637e+01
4.932999999999999829e+00,1.722792298877610762e+01
4.934000000000000163e+00,1.718054807166973319e+01
4.934999999999999609e+00,1.724588239274521229e+01
4.935999999999999943e+00,1.718971185947514613e+01
4.937000000000000277e+00,1.718359507002526954e+01
4.937999999999999723e+00,1.718236583969822107e+01
4.939000000000000057e+00,1.713452220021407157e+01
4.940000000000000391e+00,1.714570736602410506e+01
4.940999999999999837e+00,1.719441597120411913e+01
4.942000000000000171e+00,1.723296743349638405e+01
4.942999999999999616e+00,1.722576109317236970e+01
4.943999999999999950e+00,1.720520688539854604e+01
4.945000000000000284e+00,1.722169965884765475e+01
4.945999999999999730e+00,1.726720381197443643e+01
4.947000000000000064e+00,1.724890094573833110e+01
4.948000000000000398e+00,1.726777673466440177e+01
4.948999999999999844e+00,1.722401592244581536e+01
4.950000000000000178e+00,1.719067557959153802e+01
4.950999999999999623e+00,1.717544640830814728e+01
4.951999999999999957e+00,1.719594393783066977e+01
4.953000000000000291e+00,1.718571005011732211e+01
4.953999999999999737e+00,1.710931626434643960e+01
4.955000000000000071e+00,1.718938160623171285e+01
4.956000000000000405e+00,1.719397698838215405e+01
4.956999999999999851e+00,1.717155842620781314e+01
4.958000000000000185e+00,1.715115237584523911e+01
4.958999999999999631e+00,1.719407399378244605e+01
4.959999999999999964e+00,1.713240500898089991e+01
4.961000000000000298e+00,1.717356814268096699e+01
4.961999999999999744e+00,1.713065400636054747e+01
4.963000000000000078e+00,1.712541170608952257e+01
4.964000000000000412e+00,1.711936691150133072e+01
4.964999999999999858e+00,1.715931954496516809e+01
4.966000000000000192e+00,1.713057784395152083e+01
4.966999999999999638e+00,1.715651263822100958e+01
4.967999999999999972e+00,1.713030075033261923e+01
4.969000000000000306e+00,1.711456791770632435e+01
4.969999999999999751e+00,1.720145917929553647e+01
4.971000000000000085e+00,1.715259152777209906e+01
4.972000000000000419e+00,1.713260094001754652e+01
4.972999999999999865e+00,1.714258641316787646e+01
4.974000000000000199e+00,1.712763657160723341e+01
4.974999999999999645e+00,1.715992362171914465e+01
4.975999999999999979e+00,1.713687743688960552e+01
4.977000000000000313e+00,1.718967646289086559e+01
4.977999999999999758e+00,1.714315383904925838e+01
4.979000000000000092e+00,1.714511771522183636e+01
4.980000000000000426e+00,1.714060061844258342e+01
4.980999999999999872e+00,1.713312571612337720e+01
4.982000000000000206e+00,1.715701261725802951e+01
4.982999999999999652e+00,1.714067302978629215e+01
4.983999999999999986e+00,1.714327878961610452e+01
4.985000000000000320e+00,1.712337721057979323e+01
4.985999999999999766e+00,1.712260045276806508e+01
4.987000000000000099e+00,1.715209566559946097e+01
4.988000000000000433e+00,1.719957564002241668e+01
4.988999999999999879e+00,1.721267276725555107e+01
4.990000000000000213e+00,1.713049396538718483e+01
4.990999999999999659e+00,1.723947344756887645e+01
4.991999999999999993e+00,1.717414737629153265e+01
4.993000000000000327e+00,1.720942022518826775e+01
4.993999999999999773e+00,1.717341106183405941e+01
4.995000000000000107e+00,1.723392193057298272e+01
4.996000000000000441e+00,1.723841711250389608e+01
4.996999999999999886e+00,1.715041434328642467e+01
4.998000000000000220e+00,1.720371802179693432e+01
4.998999999999999666e+00,1.720659441929400302e+01
