time_ns,rg_A
0.000000000000000000e+00,1.695072602782615689e+01
1.000000000000000021e-03,1.691775129597721516e+01
2.000000000000000042e-03,1.688089850168089612e+01
3.000000000000000062e-03,1.689568300133433354e+01
4.000000000000000083e-03,1.688290015184813697e+01
5.000000000000000104e-03,1.683978025867257600e+01
6.000000000000000125e-03,1.688963008316151004e+01
7.000000000000000146e-03,1.692690455427671381e+01
8.000000000000000167e-03,1.692304722808280104e+01
8.999999999999999320e-03,1.690724369187428167e+01
1.000000000000000021e-02,1.689803519890079286e+01
1.099999999999999936e-02,1.691584116631727497e+01
1.200000000000000025e-02,1.691708211182091404e+01
1.299999999999999940e-02,1.698573561673409316e+01
1.400000000000000029e-02,1.691741255803732003e+01
1.499999999999999944e-02,1.685714920682824314e+01
1.600000000000000033e-02,1.696465961286995139e+01
1.700000000000000122e-02,1.698665411116103741e+01
1.799999999999999864e-02,1.688435698521433181e+01
1.899999999999999953e-02,1.690875803161635815e+01
2.000000000000000042e-02,1.688079159942117258e+01
2.100000000000000130e-02,1.692347798781150203e+01
2.199999999999999872e-02,1.691436606630346517e+01
2.299999999999999961e-02,1.689275831447866949e+01
2.400000000000000050e-02,1.692016948166656221e+01
2.500000000000000139e-02,1.688768952141650814e+01
2.599999999999999881e-02,1.690344288469464118e+01
2.699999999999999969e-02,1.687346574858215575e+01
2.800000000000000058e-02,1.691252869582535467e+01
2.900000000000000147e-02,1.688792052200460603e+01
2.999999999999999889e-02,1.681970686672996251e+01
3.099999999999999978e-02,1.684413543990165962e+01
3.200000000000000067e-02,1.688791565218119572e+01
3.300000000000000155e-02,1.689308321154527448e+01
3.400000000000000244e-02,1.684151326046467290e+01
3.500000000000000333e-02,1.692196288431674134e+01
3.599999999999999728e-02,1.688971134577762356e+01
3.699999999999999817e-02,1.690935058166984106e+01
3.799999999999999906e-02,1.692878238088880849e+01
3.899999999999999994e-02,1.689688659825219474e+01
4.000000000000000083e-02,1.690836446426117945e+01
4.100000000000000172e-02,1.691388708631394877e+01
4.200000000000000261e-02,1.687144407361412846e+01
4.299999999999999656e-02,1.690311904951012778e+01
4.399999999999999745e-02,1.691149514842749824e+01
4.499999999999999833e-02,1.698680602599821654e+01
4.599999999999999922e-02,1.682671240466273943e+01
4.700000000000000011e-02,1.688463300240753995e+01
4.800000000000000100e-02,1.691737962794074690e+01
4.900000000000000189e-02,1.690314024275891569e+01
5.000000000000000278e-02,1.685138934429925683e+01
5.099999999999999672e-02,1.684505419399386739e+01
5.199999999999999761e-02,1.692317056577015677e+01
5.299999999999999850e-02,1.690771616247053544e+01
5.399999999999999939e-02,1.688507970712400308e+01
5.500000000000000028e-02,1.693480546685097465e+01
5.600000000000000117e-02,1.692595687608776345e+01
5.700000000000000205e-02,1.688736472139956746e+01
5.800000000000000294e-02,1.692894999024811398e+01
5.899999999999999689e-02,1.686558266090708713e+01
5.999999999999999778e-02,1.684458174248536366e+01
6.099999999999999867e-02,1.693407888246494863e+01
6.199999999999999956e-02,1.689819235973806855e+01
6.300000000000000044e-02,1.695848114203919721e+01
6.400000000000000133e-02,1.691977470477266365e+01
6.500000000000000222e-02,1.695513217191374267e+01
6.600000000000000311e-02,1.682696225931406886e+01
6.700000000000000400e-02,1.687499441588742854e+01
6.800000000000000488e-02,1.692474359975191689e+01
6.900000000000000577e-02,1.688743744184903761e+01
7.000000000000000666e-02,1.684651259913457721e+01
7.099999999999999367e-02,1.688329473934498637e+01
7.199999999999999456e-02,1.685547175909439233e+01
7.299999999999999545e-02,1.682541911659007638e+01
7.399999999999999634e-02,1.681514457027521914e+01
7.499999999999999722e-02,1.684619953615957044e+01
7.599999999999999811e-02,1.682859710615725390e+01
7.699999999999999900e-02,1.686996055883955137e+01
7.799999999999999989e-02,1.688466043653179938e+01
7.900000000000000078e-02,1.695361712596131909e+01
8.000000000000000167e-02,1.687855794655842701e+01
8.100000000000000255e-02,1.683966404693849128e+01
8.200000000000000344e-02,1.683614616828393196e+01
8.300000000000000433e-02,1.687110810263432015e+01
8.400000000000000522e-02,1.683846382138616349e+01
8.500000000000000611e-02,1.690439902044056453e+01
8.599999999999999312e-02,1.685138703235362811e+01
8.699999999999999400e-02,1.678276098500124291e+01
8.799999999999999489e-02,1.684183241326826774e+01
8.899999999999999578e-02,1.681266606527434604e+01
8.999999999999999667e-02,1.687308790981791518e+01
9.099999999999999756e-02,1.688274301027994539e+01
9.199999999999999845e-02,1.684378342568077258e+01
9.299999999999999933e-02,1.682470967972735920e+01
9.400000000000000022e-02,1.683672630070194387e+01
9.500000000000000111e-02,1.681006359829732588e+01
9.600000000000000200e-02,1.692171436676603236e+01
9.700000000000000289e-02,1.686814937656122027e+01
9.800000000000000377e-02,1.695121504067884999e+01
9.900000000000000466e-02,1.684083309813235019e+01
1.000000000000000056e-01,1.685681240659033620e+01
1.010000000000000064e-01,1.689276869728770336e+01
1.019999999999999934e-01,1.688319404126790602e+01
1.029999999999999943e-01,1.687954429277525392e+01
1.039999999999999952e-01,1.689233050643693090e+01
1.049999999999999961e-01,1.694365836803802239e+01
1.059999999999999970e-01,1.688110085272056793e+01
1.069999999999999979e-01,1.684184300783222810e+01
1.079999999999999988e-01,1.680570305182612145e+01
1.089999999999999997e-01,1.687298964890067765e+01
1.100000000000000006e-01,1.688987678577927554e+01
1.110000000000000014e-01,1.685278825957666271e+01
1.120000000000000023e-01,1.691726389120844232e+01
1.130000000000000032e-01,1.684515209938403046e+01
1.140000000000000041e-01,1.692209652834666045e+01
1.150000000000000050e-01,1.691003017224806726e+01
1.160000000000000059e-01,1.681639039444870320e+01
1.170000000000000068e-01,1.679320385681914729e+01
1.179999999999999938e-01,1.686874889695016577e+01
1.189999999999999947e-01,1.688777561743203393e+01
1.199999999999999956e-01,1.678740405220358767e+01
1.209999999999999964e-01,1.684551103970322217e+01
1.219999999999999973e-01,1.691506087437936046e+01
1.229999999999999982e-01,1.693137819942602107e+01
1.239999999999999991e-01,1.685784997472508451e+01
1.250000000000000000e-01,1.688852060752110873e+01
1.260000000000000009e-01,1.687323374385110242e+01
1.270000000000000018e-01,1.688309616936666657e+01
1.280000000000000027e-01,1.691259014394276505e+01
1.290000000000000036e-01,1.684448155385981138e+01
1.300000000000000044e-01,1.683284654575892958e+01
1.310000000000000053e-01,1.692578391462655674e+01
1.320000000000000062e-01,1.691527335291156930e+01
1.330000000000000071e-01,1.680476642986024416e+01
1.340000000000000080e-01,1.686071131833587344e+01
1.350000000000000089e-01,1.690293406260691000e+01
1.360000000000000098e-01,1.689610017361999184e+01
1.370000000000000107e-01,1.689311125549604142e+01
1.380000000000000115e-01,1.687077122255455208e+01
1.390000000000000124e-01,1.687492500350994007e+01
1.400000000000000133e-01,1.691509348290464487e+01
1.409999999999999865e-01,1.683878003898794162e+01
1.419999999999999873e-01,1.693087830952793027e+01
1.429999999999999882e-01,1.687273422840269177e+01
1.439999999999999891e-01,1.695744203584834509e+01
1.449999999999999900e-01,1.690140880514136512e+01
1.459999999999999909e-01,1.701562769651426521e+01
1.469999999999999918e-01,1.690994396616880024e+01
1.479999999999999927e-01,1.688691067035072635e+01
1.489999999999999936e-01,1.693094472997611888e+01
1.499999999999999944e-01,1.695351432966132421e+01
1.509999999999999953e-01,1.686912078279280536e+01
1.519999999999999962e-01,1.689778454872012148e+01
1.529999999999999971e-01,1.693556646213369632e+01
1.539999999999999980e-01,1.697558657684281869e+01
1.549999999999999989e-01,1.701049883791488782e+01
1.559999999999999998e-01,1.700189936033736871e+01
1.570000000000000007e-01,1.689459802497632168e+01
1.580000000000000016e-01,1.689194476814223833e+01
1.590000000000000024e-01,1.689752125208828915e+01
1.600000000000000033e-01,1.691199539225438997e+01
1.610000000000000042e-01,1.694418566491129141e+01
1.620000000000000051e-01,1.689150637494822149e+01
1.630000000000000060e-01,1.698913660164892292e+01
1.640000000000000069e-01,1.685173544479677687e+01
1.650000000000000078e-01,1.686410212081434423e+01
1.660000000000000087e-01,1.689386118310832785e+01
1.670000000000000095e-01,1.703175332180203583e+01
1.680000000000000104e-01,1.696062713814080070e+01
1.690000000000000113e-01,1.693014703517790309e+01
1.700000000000000122e-01,1.696690439858253896e+01
1.710000000000000131e-01,1.688767885712486105e+01
1.719999999999999862e-01,1.692282989368405310e+01
1.729999999999999871e-01,1.695862447174779319e+01
1.739999999999999880e-01,1.686633922777759054e+01
1.749999999999999889e-01,1.699568398206749009e+01
1.759999999999999898e-01,1.696937669574736773e+01
1.769999999999999907e-01,1.695943799186407830e+01
1.779999999999999916e-01,1.697674760462149735e+01
1.789999999999999925e-01,1.698865702038882475e+01
1.799999999999999933e-01,1.697492812149033981e+01
1.809999999999999942e-01,1.695118089270665251e+01
1.819999999999999951e-01,1.695892995635047740e+01
1.829999999999999960e-01,1.694813032430020172e+01
1.839999999999999969e-01,1.684484850364081510e+01
1.849999999999999978e-01,1.688689187110299983e+01
1.859999999999999987e-01,1.692112075257312753e+01
1.869999999999999996e-01,1.693639312704170408e+01
1.880000000000000004e-01,1.693331875018255417e+01
1.890000000000000013e-01,1.690783714469468180e+01
1.900000000000000022e-01,1.691331431568622889e+01
1.910000000000000031e-01,1.686795251745550317e+01
1.920000000000000040e-01,1.694415998179239580e+01
1.930000000000000049e-01,1.690381832693394415e+01
1.940000000000000058e-01,1.692454434638279537e+01
1.950000000000000067e-01,1.693582942986869355e+01
1.960000000000000075e-01,1.692910729142377591e+01
1.970000000000000084e-01,1.696385793301092093e+01
1.980000000000000093e-01,1.689117883227332939e+01
1.990000000000000102e-01,1.685672008135194488e+01
2.000000000000000111e-01,1.691166303865807308e+01
2.010000000000000120e-01,1.694318637980886066e+01
2.020000000000000129e-01,1.686931015958841584e+01
2.030000000000000138e-01,1.686587388450058711e+01
2.039999999999999869e-01,1.695982647432148482e+01
2.049999999999999878e-01,1.691752346457519351e+01
2.059999999999999887e-01,1.695985706481775424e+01
2.069999999999999896e-01,1.690593646029286390e+01
2.079999999999999905e-01,1.696182105758034453e+01
2.089999999999999913e-01,1.687742237930369882e+01
2.099999999999999922e-01,1.689422805271326666e+01
2.109999999999999931e-01,1.693642984034569210e+01
2.119999999999999940e-01,1.689387203174590368e+01
2.129999999999999949e-01,1.693436720702721132e+01
2.139999999999999958e-01,1.695663617481066510e+01
2.149999999999999967e-01,1.693083655967350865e+01
2.159999999999999976e-01,1.691558832171558535e+01
2.169999999999999984e-01,1.694394764967151445e+01
2.179999999999999993e-01,1.687809569821979849e+01
2.190000000000000002e-01,1.690422124480721067e+01
2.200000000000000011e-01,1.691057815407421572e+01
2.210000000000000020e-01,1.690051057209243623e+01
2.220000000000000029e-01,1.692986848979731462e+01
2.230000000000000038e-01,1.690770218217667065e+01
2.240000000000000047e-01,1.692200152454479678e+01
2.250000000000000056e-01,1.696528526450177665e+01
2.260000000000000064e-01,1.694368048745185718e+01
2.270000000000000073e-01,1.694973592266983786e+01
2.280000000000000082e-01,1.685554335079228494e+01
2.290000000000000091e-01,1.692388807550398155e+01
2.300000000000000100e-01,1.695421152945545273e+01
2.310000000000000109e-01,1.689309165653117972e+01
2.320000000000000118e-01,1.693940299543607608e+01
2.330000000000000127e-01,1.694207467205885820e+01
2.340000000000000135e-01,1.687834422312629457e+01
2.349999999999999867e-01,1.690415669445024349e+01
2.359999999999999876e-01,1.697181087777499187e+01
2.369999999999999885e-01,1.692677704489537760e+01
2.379999999999999893e-01,1.692761666645809981e+01
2.389999999999999902e-01,1.694854509650637553e+01
2.399999999999999911e-01,1.690002740199173559e+01
2.409999999999999920e-01,1.688414111120303218e+01
2.419999999999999929e-01,1.692531291528381487e+01
2.429999999999999938e-01,1.689082987413114623e+01
2.439999999999999947e-01,1.690335955135332924e+01
2.449999999999999956e-01,1.696496545498259323e+01
2.459999999999999964e-01,1.687553446754276720e+01
2.469999999999999973e-01,1.689466170839364523e+01
2.479999999999999982e-01,1.691029504153605600e+01
2.489999999999999991e-01,1.687593882457630912e+01
2.500000000000000000e-01,1.690249513871226128e+01
2.510000000000000009e-01,1.692772153173454797e+01
2.520000000000000018e-01,1.693967505567091791e+01
2.530000000000000027e-01,1.691256645823434113e+01
2.540000000000000036e-01,1.685675719999574795e+01
2.550000000000000044e-01,1.692710318980753925e+01
2.560000000000000053e-01,1.691468844059146193e+01
2.570000000000000062e-01,1.690805062794035152e+01
2.580000000000000071e-01,1.691575510204689436e+01
2.590000000000000080e-01,1.690137573774720892e+01
2.600000000000000089e-01,1.694806104058620733e+01
2.610000000000000098e-01,1.686803043236285760e+01
2.620000000000000107e-01,1.686269872124871583e+01
2.630000000000000115e-01,1.693889416275023407e+01
2.640000000000000124e-01,1.693261042939355221e+01
2.650000000000000133e-01,1.688893383964553152e+01
2.660000000000000142e-01,1.692955120617159892e+01
2.670000000000000151e-01,1.690419780678448447e+01
2.680000000000000160e-01,1.691954034581637600e+01
2.690000000000000169e-01,1.692167207675928964e+01
2.700000000000000178e-01,1.694822966356577254e+01
2.710000000000000187e-01,1.693947975632868719e+01
2.720000000000000195e-01,1.690735696502074958e+01
2.730000000000000204e-01,1.689794039542801229e+01
2.740000000000000213e-01,1.693590599043367817e+01
2.750000000000000222e-01,1.698041746173306876e+01
2.760000000000000231e-01,1.703011269101562775e+01
2.770000000000000240e-01,1.688027777418480113e+01
2.780000000000000249e-01,1.698120298681069684e+01
2.790000000000000258e-01,1.692803129513655236e+01
2.800000000000000266e-01,1.690777178167622452e+01
2.810000000000000275e-01,1.692025457564308866e+01
2.819999999999999729e-01,1.704614629227027933e+01
2.829999999999999738e-01,1.695115706617007589e+01
2.839999999999999747e-01,1.698916157440823227e+01
2.849999999999999756e-01,1.690660308939292378e+01
2.859999999999999765e-01,1.696527353121801340e+01
2.869999999999999774e-01,1.684747004646636270e+01
2.879999999999999782e-01,1.690633208131334086e+01
2.889999999999999791e-01,1.695007363843563297e+01
2.899999999999999800e-01,1.695868010199178855e+01
2.909999999999999809e-01,1.692588744074853224e+01
2.919999999999999818e-01,1.699144792136558024e+01
2.929999999999999827e-01,1.696492249930523144e+01
2.939999999999999836e-01,1.694698929910060414e+01
2.949999999999999845e-01,1.699717072980118004e+01
2.959999999999999853e-01,1.696092526684829238e+01
2.969999999999999862e-01,1.693377374954629744e+01
2.979999999999999871e-01,1.691813178355906544e+01
2.989999999999999880e-01,1.686518315968563186e+01
2.999999999999999889e-01,1.692556641535328055e+01
3.009999999999999898e-01,1.690120922551195193e+01
3.019999999999999907e-01,1.689798344169171074e+01
3.029999999999999916e-01,1.691941657813582012e+01
3.039999999999999925e-01,1.690748951909851172e+01
3.049999999999999933e-01,1.682308303969356444e+01
3.059999999999999942e-01,1.695914059072274682e+01
3.069999999999999951e-01,1.687546052330907997e+01
3.079999999999999960e-01,1.689388822863747208e+01
3.089999999999999969e-01,1.696679081540304068e+01
3.099999999999999978e-01,1.691053827729578529e+01
3.109999999999999987e-01,1.693910386296019510e+01
3.119999999999999996e-01,1.688731299164744826e+01
3.130000000000000004e-01,1.689575002464789932e+01
3.140000000000000013e-01,1.686075315223542503e+01
3.150000000000000022e-01,1.687507670585006991e+01
3.160000000000000031e-01,1.696762491199062595e+01
3.170000000000000040e-01,1.686521947254319187e+01
3.180000000000000049e-01,1.682229929429265169e+01
3.190000000000000058e-01,1.679578179097824986e+01
3.200000000000000067e-01,1.685056183671085961e+01
3.210000000000000075e-01,1.693778274065601863e+01
3.220000000000000084e-01,1.686216942038574729e+01
3.230000000000000093e-01,1.688661314057678453e+01
3.240000000000000102e-01,1.687085357551125853e+01
3.250000000000000111e-01,1.690353043268918753e+01
3.260000000000000120e-01,1.684562430858410309e+01
3.270000000000000129e-01,1.685718940499271312e+01
3.280000000000000138e-01,1.687152490475858357e+01
3.290000000000000147e-01,1.682223737437907474e+01
3.300000000000000155e-01,1.687583188849989568e+01
3.310000000000000164e-01,1.691945286276255089e+01
3.320000000000000173e-01,1.692276552021926150e+01
3.330000000000000182e-01,1.690940503403624362e+01
3.340000000000000191e-01,1.694049995220507654e+01
3.350000000000000200e-01,1.695997533476654340e+01
3.360000000000000209e-01,1.689533370861838790e+01
3.370000000000000218e-01,1.687256378229893272e+01
3.380000000000000226e-01,1.687553950871721042e+01
3.390000000000000235e-01,1.690482854531668622e+01
3.400000000000000244e-01,1.688932987589371137e+01
3.410000000000000253e-01,1.691700177093958501e+01
3.420000000000000262e-01,1.691466797494773289e+01
3.430000000000000271e-01,1.684559478262385923e+01
3.439999999999999725e-01,1.684167770415140453e+01
3.449999999999999734e-01,1.691150321872413187e+01
3.459999999999999742e-01,1.690212502444562048e+01
3.469999999999999751e-01,1.694863344345776923e+01
3.479999999999999760e-01,1.691489672536143019e+01
3.489999999999999769e-01,1.687037487984419570e+01
3.499999999999999778e-01,1.689446739281568810e+01
3.509999999999999787e-01,1.690837406742947735e+01
3.519999999999999796e-01,1.687301103035522587e+01
3.529999999999999805e-01,1.691112589924605203e+01
3.539999999999999813e-01,1.688463826440500171e+01
3.549999999999999822e-01,1.681838346398414785e+01
3.559999999999999831e-01,1.677617192191296880e+01
3.569999999999999840e-01,1.684056933356492536e+01
3.579999999999999849e-01,1.690142420859573491e+01
3.589999999999999858e-01,1.696848368963532394e+01
3.599999999999999867e-01,1.692375276419793551e+01
3.609999999999999876e-01,1.690315400242643307e+01
3.619999999999999885e-01,1.689178498942661122e+01
3.629999999999999893e-01,1.686630834407445789e+01
3.639999999999999902e-01,1.691288357125383612e+01
3.649999999999999911e-01,1.696207065235550715e+01
3.659999999999999920e-01,1.687281148548251863e+01
3.669999999999999929e-01,1.687895316360639697e+01
3.679999999999999938e-01,1.685381596950008287e+01
3.689999999999999947e-01,1.690448452270571522e+01
3.699999999999999956e-01,1.689779574339468482e+01
3.709999999999999964e-01,1.691141485368497754e+01
3.719999999999999973e-01,1.688362384466257282e+01
3.729999999999999982e-01,1.690391470815954023e+01
3.739999999999999991e-01,1.689413359420271021e+01
3.750000000000000000e-01,1.690982721608212813e+01
3.760000000000000009e-01,1.690301041657770398e+01
3.770000000000000018e-01,1.690767993392072910e+01
3.780000000000000027e-01,1.693964646545593666e+01
3.790000000000000036e-01,1.697483281073837702e+01
3.800000000000000044e-01,1.690776710511552494e+01
3.810000000000000053e-01,1.694016822636745090e+01
3.820000000000000062e-01,1.693757424671155221e+01
3.830000000000000071e-01,1.697015873978091705e+01
3.840000000000000080e-01,1.693142956523060860e+01
3.850000000000000089e-01,1.694831408025394381e+01
3.860000000000000098e-01,1.692393036518192417e+01
3.870000000000000107e-01,1.694892950916752739e+01
3.880000000000000115e-01,1.688141724810854072e+01
3.890000000000000124e-01,1.693620385852829457e+01
3.900000000000000133e-01,1.698717879248993157e+01
3.910000000000000142e-01,1.690188457377487552e+01
3.920000000000000151e-01,1.685677483446633573e+01
3.930000000000000160e-01,1.693582223627437244e+01
3.940000000000000169e-01,1.688390362757535357e+01
3.950000000000000178e-01,1.687258748766284100e+01
3.960000000000000187e-01,1.687349628523440259e+01
3.970000000000000195e-01,1.681078524158627374e+01
3.980000000000000204e-01,1.690546058637831806e+01
3.990000000000000213e-01,1.687920704991136489e+01
4.000000000000000222e-01,1.687085520555626417e+01
4.010000000000000231e-01,1.685260512564081736e+01
4.020000000000000240e-01,1.687178966742716923e+01
4.030000000000000249e-01,1.684620875859125988e+01
4.040000000000000258e-01,1.691534683204433875e+01
4.050000000000000266e-01,1.690466765823365947e+01
4.060000000000000275e-01,1.691037219751119736e+01
4.069999999999999729e-01,1.692199472392857373e+01
4.079999999999999738e-01,1.689852048577444421e+01
4.089999999999999747e-01,1.697437062652437945e+01
4.099999999999999756e-01,1.690157656688028354e+01
4.109999999999999765e-01,1.689419707991434194e+01
4.119999999999999774e-01,1.687238728646045161e+01
4.129999999999999782e-01,1.687056145515055050e+01
4.139999999999999791e-01,1.685491321579277724e+01
4.149999999999999800e-01,1.685764014098892716e+01
4.159999999999999809e-01,1.688857601911189121e+01
4.169999999999999818e-01,1.687989677016409118e+01
4.179999999999999827e-01,1.693159478251283900e+01
4.189999999999999836e-01,1.691081721598978760e+01
4.199999999999999845e-01,1.683986693003899404e+01
4.209999999999999853e-01,1.689572472930660396e+01
4.219999999999999862e-01,1.689621134082479514e+01
4.229999999999999871e-01,1.688103216352541480e+01
4.239999999999999880e-01,1.689376992554329959e+01
4.249999999999999889e-01,1.682620516442084480e+01
4.259999999999999898e-01,1.688641580592469182e+01
4.269999999999999907e-01,1.684575243023120805e+01
4.279999999999999916e-01,1.683186164041989485e+01
4.289999999999999925e-01,1.692731271401715532e+01
4.299999999999999933e-01,1.689095252036211292e+01
4.309999999999999942e-01,1.691790413080554245e+01
4.319999999999999951e-01,1.688937458438801542e+01
4.329999999999999960e-01,1.688918031655364516e+01
4.339999999999999969e-01,1.695067095904679988e+01
4.349999999999999978e-01,1.692581032303803923e+01
4.359999999999999987e-01,1.692258988578477030e+01
4.369999999999999996e-01,1.693414712652156240e+01
4.380000000000000004e-01,1.691042252075865804e+01
4.390000000000000013e-01,1.684217382973552191e+01
4.400000000000000022e-01,1.689365460440675548e+01
4.410000000000000031e-01,1.683477647245246089e+01
4.420000000000000040e-01,1.688147162508401422e+01
4.430000000000000049e-01,1.683537977599484847e+01
4.440000000000000058e-01,1.687034758925502942e+01
4.450000000000000067e-01,1.693533026154186771e+01
4.460000000000000075e-01,1.690740554364001724e+01
4.470000000000000084e-01,1.695049054328589122e+01
4.480000000000000093e-01,1.688571800931400446e+01
4.490000000000000102e-01,1.692633798159899428e+01
4.500000000000000111e-01,1.682185962452088646e+01
4.510000000000000120e-01,1.687443017853745530e+01
4.520000000000000129e-01,1.682346088418561436e+01
4.530000000000000138e-01,1.680610010574646651e+01
4.540000000000000147e-01,1.678376025438923591e+01
4.550000000000000155e-01,1.686536020878214259e+01
4.560000000000000164e-01,1.682764148464809750e+01
4.570000000000000173e-01,1.689347107316404006e+01
4.580000000000000182e-01,1.684122305779555262e+01
4.590000000000000191e-01,1.688299291293865778e+01
4.600000000000000200e-01,1.693769074005591335e+01
4.610000000000000209e-01,1.689784283532721076e+01
4.620000000000000218e-01,1.687527582805278570e+01
4.630000000000000226e-01,1.689892136705373815e+01
4.640000000000000235e-01,1.694180789792457631e+01
4.650000000000000244e-01,1.687611295893383812e+01
4.660000000000000253e-01,1.691142729321544280e+01
4.670000000000000262e-01,1.692575109220140206e+01
4.680000000000000271e-01,1.692915403055445722e+01
4.689999999999999725e-01,1.693251474408713975e+01
4.699999999999999734e-01,1.694084925455949886e+01
4.709999999999999742e-01,1.691256873813992812e+01
4.719999999999999751e-01,1.699472549980677982e+01
4.729999999999999760e-01,1.693142429131227189e+01
4.739999999999999769e-01,1.698129530916557783e+01
4.749999999999999778e-01,1.694952958979935431e+01
4.759999999999999787e-01,1.699793125858206011e+01
4.769999999999999796e-01,1.692321514147879213e+01
4.779999999999999805e-01,1.693149152719994888e+01
4.789999999999999813e-01,1.692536576578735819e+01
4.799999999999999822e-01,1.690613420387125387e+01
4.809999999999999831e-01,1.691051550859092245e+01
4.819999999999999840e-01,1.693666252571003383e+01
4.829999999999999849e-01,1.689432635627380463e+01
4.839999999999999858e-01,1.684774812039213998e+01
4.849999999999999867e-01,1.690890366960083568e+01
4.859999999999999876e-01,1.689859882334966557e+01
4.869999999999999885e-01,1.686381481578214192e+01
4.879999999999999893e-01,1.690800238299628688e+01
4.889999999999999902e-01,1.693222643485609069e+01
4.899999999999999911e-01,1.695248842246580168e+01
4.909999999999999920e-01,1.700367557264679164e+01
4.919999999999999929e-01,1.695575682587114130e+01
4.929999999999999938e-01,1.691454186470864940e+01
4.939999999999999947e-01,1.693584432687353569e+01
4.949999999999999956e-01,1.692758070963959938e+01
4.959999999999999964e-01,1.690397089079781878e+01
4.969999999999999973e-01,1.688122560495319746e+01
4.979999999999999982e-01,1.692377622941336668e+01
4.989999999999999991e-01,1.690043137058657763e+01
5.000000000000000000e-01,1.694576916558535373e+01
5.010000000000000009e-01,1.694093632169432340e+01
5.020000000000000018e-01,1.691222067109391958e+01
5.030000000000000027e-01,1.686440089385324370e+01
5.040000000000000036e-01,1.691285849912798867e+01
5.050000000000000044e-01,1.687782162414035270e+01
5.060000000000000053e-01,1.691863133442690881e+01
5.070000000000000062e-01,1.689884819491711809e+01
5.080000000000000071e-01,1.690618430770978264e+01
5.090000000000000080e-01,1.689780998538008561e+01
5.100000000000000089e-01,1.690817043849863310e+01
5.110000000000000098e-01,1.691608780506561516e+01
5.120000000000000107e-01,1.688442730202997311e+01
5.130000000000000115e-01,1.694560318234524843e+01
5.140000000000000124e-01,1.694088028887583874e+01
5.150000000000000133e-01,1.694110310637961803e+01
5.160000000000000142e-01,1.692196439204543879e+01
5.170000000000000151e-01,1.695243324983701427e+01
5.180000000000000160e-01,1.694213608134380777e+01
5.190000000000000169e-01,1.697344463666015457e+01
5.200000000000000178e-01,1.689779106952523335e+01
5.210000000000000187e-01,1.690995701967645104e+01
5.220000000000000195e-01,1.699744348305493702e+01
5.230000000000000204e-01,1.697362492915598864e+01
5.240000000000000213e-01,1.686695982855934517e+01
5.250000000000000222e-01,1.691666541379695232e+01
5.260000000000000231e-01,1.688566933862717434e+01
5.270000000000000240e-01,1.694775430069023869e+01
5.280000000000000249e-01,1.691689155191074789e+01
5.290000000000000258e-01,1.691475107130476019e+01
5.300000000000000266e-01,1.690328811669611753e+01
5.310000000000000275e-01,1.688537247581479406e+01
5.320000000000000284e-01,1.696565405325153009e+01
5.330000000000000293e-01,1.697545186639459658e+01
5.340000000000000302e-01,1.692732667982216199e+01
5.350000000000000311e-01,1.692550774570360161e+01
5.360000000000000320e-01,1.691627963033327831e+01
5.370000000000000329e-01,1.696975445425121265e+01
5.380000000000000338e-01,1.698641298508864494e+01
5.390000000000000346e-01,1.699465635060048285e+01
5.400000000000000355e-01,1.699059983810326457e+01
5.410000000000000364e-01,1.692885875388714112e+01
5.420000000000000373e-01,1.691138292077691929e+01
5.430000000000000382e-01,1.695192989648417026e+01
5.440000000000000391e-01,1.696667467063163670e+01
5.450000000000000400e-01,1.696596561098764511e+01
5.460000000000000409e-01,1.694516532864497904e+01
5.470000000000000417e-01,1.698781003488022279e+01
5.480000000000000426e-01,1.698826527230477623e+01
5.490000000000000435e-01,1.693761485322029259e+01
5.500000000000000444e-01,1.693258234768569537e+01
5.510000000000000453e-01,1.699894981772169444e+01
5.520000000000000462e-01,1.684853301982014884e+01
5.530000000000000471e-01,1.689531072035715198e+01
5.540000000000000480e-01,1.699948775221157860e+01
5.550000000000000488e-01,1.696484861881936723e+01
5.560000000000000497e-01,1.696306634867614704e+01
5.570000000000000506e-01,1.700974445865092122e+01
5.580000000000000515e-01,1.693607993780116061e+01
5.590000000000000524e-01,1.702733391007329899e+01
5.600000000000000533e-01,1.692443359475938536e+01
5.610000000000000542e-01,1.697492176830762745e+01
5.620000000000000551e-01,1.696920441206924934e+01
5.629999999999999449e-01,1.701050746623194954e+01
5.639999999999999458e-01,1.693537871117086979e+01
5.649999999999999467e-01,1.693968281816563604e+01
5.659999999999999476e-01,1.693760957322686522e+01
5.669999999999999485e-01,1.694553268659919709e+01
5.679999999999999494e-01,1.696453516966811748e+01
5.689999999999999503e-01,1.689699604051686066e+01
5.699999999999999512e-01,1.694482771468762294e+01
5.709999999999999520e-01,1.689111050014156490e+01
5.719999999999999529e-01,1.692215439551421241e+01
5.729999999999999538e-01,1.691069967943083441e+01
5.739999999999999547e-01,1.696800273450509167e+01
5.749999999999999556e-01,1.696842073672540607e+01
5.759999999999999565e-01,1.693863438014539469e+01
5.769999999999999574e-01,1.695596057166086723e+01
5.779999999999999583e-01,1.691432735840746204e+01
5.789999999999999591e-01,1.700908446390035422e+01
5.799999999999999600e-01,1.694408170365721489e+01
5.809999999999999609e-01,1.690266242960549903e+01
5.819999999999999618e-01,1.690754962432517416e+01
5.829999999999999627e-01,1.690235791601219972e+01
5.839999999999999636e-01,1.691614661504951656e+01
5.849999999999999645e-01,1.697825053928074013e+01
5.859999999999999654e-01,1.688659779945893646e+01
5.869999999999999662e-01,1.693852824935560619e+01
5.879999999999999671e-01,1.692445077934415210e+01
5.889999999999999680e-01,1.691534774723231038e+01
5.899999999999999689e-01,1.696628917294776073e+01
5.909999999999999698e-01,1.694009462158780366e+01
5.919999999999999707e-01,1.697306669089622133e+01
5.929999999999999716e-01,1.692973629051691731e+01
5.939999999999999725e-01,1.689766104993598006e+01
5.949999999999999734e-01,1.690014787084730585e+01
5.959999999999999742e-01,1.687281383075601227e+01
5.969999999999999751e-01,1.692935215842402030e+01
5.979999999999999760e-01,1.691780507731203542e+01
5.989999999999999769e-01,1.691679327518799170e+01
5.999999999999999778e-01,1.688135360247949279e+01
6.009999999999999787e-01,1.684959438230294282e+01
6.019999999999999796e-01,1.691462050236297543e+01
6.029999999999999805e-01,1.693549190714292862e+01
6.039999999999999813e-01,1.692832746478653405e+01
6.049999999999999822e-01,1.691899458113416443e+01
6.059999999999999831e-01,1.692284392613577637e+01
6.069999999999999840e-01,1.690867162629646714e+01
6.079999999999999849e-01,1.691719561035872488e+01
6.089999999999999858e-01,1.683709031495098074e+01
6.099999999999999867e-01,1.690247399272959683e+01
6.109999999999999876e-01,1.694935448826507240e+01
6.119999999999999885e-01,1.692122588770961755e+01
6.129999999999999893e-01,1.693907212408398166e+01
6.139999999999999902e-01,1.694319473259660214e+01
6.149999999999999911e-01,1.695771767589765844e+01
6.159999999999999920e-01,1.697994945516746768e+01
6.169999999999999929e-01,1.686348258784137499e+01
6.179999999999999938e-01,1.692468623714776754e+01
6.189999999999999947e-01,1.689076569027484354e+01
6.199999999999999956e-01,1.694154451873293965e+01
6.209999999999999964e-01,1.690288916380097106e+01
6.219999999999999973e-01,1.686607504919311395e+01
6.229999999999999982e-01,1.685801280812122016e+01
6.239999999999999991e-01,1.685667158724892900e+01
6.250000000000000000e-01,1.685250163033447635e+01
6.260000000000000009e-01,1.683296096927468000e+01
6.270000000000000018e-01,1.688324316578649587e+01
6.280000000000000027e-01,1.690002773352593124e+01
6.290000000000000036e-01,1.688552333169744557e+01
6.300000000000000044e-01,1.692073479120436730e+01
6.310000000000000053e-01,1.693290545130084723e+01
6.320000000000000062e-01,1.695900113308775303e+01
6.330000000000000071e-01,1.693011693509334137e+01
6.340000000000000080e-01,1.691120026067763149e+01
6.350000000000000089e-01,1.687593193818313608e+01
6.360000000000000098e-01,1.694691053966799998e+01
6.370000000000000107e-01,1.697614725945472713e+01
6.380000000000000115e-01,1.687839240607847913e+01
6.390000000000000124e-01,1.689008588007654055e+01
6.400000000000000133e-01,1.686472920268169062e+01
6.410000000000000142e-01,1.693046559668140461e+01
6.420000000000000151e-01,1.693842996649801336e+01
6.430000000000000160e-01,1.689484172410369212e+01
6.440000000000000169e-01,1.690490781631698169e+01
6.450000000000000178e-01,1.692156464836680030e+01
6.460000000000000187e-01,1.690886126552180713e+01
6.470000000000000195e-01,1.693883776319397327e+01
6.480000000000000204e-01,1.686886990560557820e+01
6.490000000000000213e-01,1.690469581346943428e+01
6.500000000000000222e-01,1.690814065106579989e+01
6.510000000000000231e-01,1.691896283218333608e+01
6.520000000000000240e-01,1.693200523009076619e+01
6.530000000000000249e-01,1.688557820043321556e+01
6.540000000000000258e-01,1.689052609695105645e+01
6.550000000000000266e-01,1.697034188852424919e+01
6.560000000000000275e-01,1.697903958568290861e+01
6.570000000000000284e-01,1.684038316538506663e+01
6.580000000000000293e-01,1.693167740533353083e+01
6.590000000000000302e-01,1.689234190905765232e+01
6.600000000000000311e-01,1.696835001593859005e+01
6.610000000000000320e-01,1.689483252961479920e+01
6.620000000000000329e-01,1.693574914318178060e+01
6.630000000000000338e-01,1.684885624631842305e+01
6.640000000000000346e-01,1.697201167828103863e+01
6.650000000000000355e-01,1.693647514831801715e+01
6.660000000000000364e-01,1.689164029060054872e+01
6.670000000000000373e-01,1.688667563364795754e+01
6.680000000000000382e-01,1.685965287152811598e+01
6.690000000000000391e-01,1.691895025874874037e+01
6.700000000000000400e-01,1.694717956771514267e+01
6.710000000000000409e-01,1.691779954599103775e+01
6.720000000000000417e-01,1.698104839525814924e+01
6.730000000000000426e-01,1.694031583443355160e+01
6.740000000000000435e-01,1.693482268023084103e+01
6.750000000000000444e-01,1.686679166242977956e+01
6.760000000000000453e-01,1.686718004919072911e+01
6.770000000000000462e-01,1.690396204035310035e+01
6.780000000000000471e-01,1.693916576161463539e+01
6.790000000000000480e-01,1.695267798288878325e+01
6.800000000000000488e-01,1.690365441233306854e+01
6.810000000000000497e-01,1.701196886844484979e+01
6.820000000000000506e-01,1.688563896255277896e+01
6.830000000000000515e-01,1.693246283968093024e+01
6.840000000000000524e-01,1.692216138627578559e+01
6.850000000000000533e-01,1.696327799536656045e+01
6.860000000000000542e-01,1.694595416382164998e+01
6.870000000000000551e-01,1.693661448462731656e+01
6.879999999999999449e-01,1.698547218287679428e+01
6.889999999999999458e-01,1.695696759089645766e+01
6.899999999999999467e-01,1.695228070285404698e+01
6.909999999999999476e-01,1.701623082179128588e+01
6.919999999999999485e-01,1.692242706394241480e+01
6.929999999999999494e-01,1.693188958635761665e+01
6.939999999999999503e-01,1.693150696936717026e+01
6.949999999999999512e-01,1.694051512092201861e+01
6.959999999999999520e-01,1.690501844224217365e+01
6.969999999999999529e-01,1.686216810494465790e+01
6.979999999999999538e-01,1.688093796749131315e+01
6.989999999999999547e-01,1.692488151465761348e+01
6.999999999999999556e-01,1.686036799649741269e+01
7.009999999999999565e-01,1.694109405973464177e+01
7.019999999999999574e-01,1.694060812957029682e+01
7.029999999999999583e-01,1.699882510627586996e+01
7.039999999999999591e-01,1.696031119743334514e+01
7.049999999999999600e-01,1.692537863292402633e+01
7.059999999999999609e-01,1.696256580289369964e+01
7.069999999999999618e-01,1.701546243670090064e+01
7.079999999999999627e-01,1.693954857570021133e+01
7.089999999999999636e-01,1.690580633754108675e+01
7.099999999999999645e-01,1.699364427387553889e+01
7.109999999999999654e-01,1.694237447592298906e+01
7.119999999999999662e-01,1.699765551271238095e+01
7.129999999999999671e-01,1.694373637601735183e+01
7.139999999999999680e-01,1.693888409843333065e+01
7.149999999999999689e-01,1.698012358555309831e+01
7.159999999999999698e-01,1.695303740404674286e+01
7.169999999999999707e-01,1.691498926381538226e+01
7.179999999999999716e-01,1.685480609264645935e+01
7.189999999999999725e-01,1.695039507657023137e+01
7.199999999999999734e-01,1.690958318111844250e+01
7.209999999999999742e-01,1.696569267066288234e+01
7.219999999999999751e-01,1.688619926882531175e+01
7.229999999999999760e-01,1.691664859817183597e+01
7.239999999999999769e-01,1.689844510249695730e+01
7.249999999999999778e-01,1.691045157147367561e+01
7.259999999999999787e-01,1.687905389363189101e+01
7.269999999999999796e-01,1.695734310435024383e+01
7.279999999999999805e-01,1.697241355245806815e+01
7.289999999999999813e-01,1.694886115377222779e+01
7.299999999999999822e-01,1.693979930358701935e+01
7.309999999999999831e-01,1.697237838628382534e+01
7.319999999999999840e-01,1.695069899723593210e+01
7.329999999999999849e-01,1.691054096688020891e+01
7.339999999999999858e-01,1.698886426663388249e+01
7.349999999999999867e-01,1.706572252435098846e+01
7.359999999999999876e-01,1.698053925785734464e+01
7.369999999999999885e-01,1.693607513810183107e+01
7.379999999999999893e-01,1.692850092396285078e+01
7.389999999999999902e-01,1.698330461222507992e+01
7.399999999999999911e-01,1.692653467133676770e+01
7.409999999999999920e-01,1.688347162487544750e+01
7.419999999999999929e-01,1.695509132503093852e+01
7.429999999999999938e-01,1.695373554519335002e+01
7.439999999999999947e-01,1.700972182463224058e+01
7.449999999999999956e-01,1.696295107755302212e+01
7.459999999999999964e-01,1.689273279396877570e+01
7.469999999999999973e-01,1.690139674346677623e+01
7.479999999999999982e-01,1.696610579529142271e+01
7.489999999999999991e-01,1.692482396450569482e+01
7.500000000000000000e-01,1.690075078309961043e+01
7.510000000000000009e-01,1.699815855204791148e+01
7.520000000000000018e-01,1.696821726384862927e+01
7.530000000000000027e-01,1.690038658618796674e+01
7.540000000000000036e-01,1.693025909990820210e+01
7.550000000000000044e-01,1.688016815247377522e+01
7.560000000000000053e-01,1.702229489171818955e+01
7.570000000000000062e-01,1.687363660863925929e+01
7.580000000000000071e-01,1.688781669848719957e+01
7.590000000000000080e-01,1.685654314306335522e+01
7.600000000000000089e-01,1.690247610611008611e+01
7.610000000000000098e-01,1.690126707755576518e+01
7.620000000000000107e-01,1.687214102627399370e+01
7.630000000000000115e-01,1.691956920728256364e+01
7.640000000000000124e-01,1.686116879995226725e+01
7.650000000000000133e-01,1.693041405507016606e+01
7.660000000000000142e-01,1.690713422443066349e+01
7.670000000000000151e-01,1.683596660124707611e+01
7.680000000000000160e-01,1.690153942386661257e+01
7.690000000000000169e-01,1.685679934320603834e+01
7.700000000000000178e-01,1.689283825905671321e+01
7.710000000000000187e-01,1.690330653835151864e+01
7.720000000000000195e-01,1.693062109602550791e+01
7.730000000000000204e-01,1.688238360772793456e+01
7.740000000000000213e-01,1.693988956469941698e+01
7.750000000000000222e-01,1.691278738412839289e+01
7.760000000000000231e-01,1.691539884962448426e+01
7.770000000000000240e-01,1.689976407900326905e+01
7.780000000000000249e-01,1.687295608844692296e+01
7.790000000000000258e-01,1.689451518253815365e+01
7.800000000000000266e-01,1.691894325413779754e+01
7.810000000000000275e-01,1.688700598748014414e+01
7.820000000000000284e-01,1.693198226640968329e+01
7.830000000000000293e-01,1.693372024558476596e+01
7.840000000000000302e-01,1.690557664735725751e+01
7.850000000000000311e-01,1.692500760916784230e+01
7.860000000000000320e-01,1.696779109350221759e+01
7.870000000000000329e-01,1.693174918270057816e+01
7.880000000000000338e-01,1.694887195301863159e+01
7.890000000000000346e-01,1.688397693386682974e+01
7.900000000000000355e-01,1.694542542509504912e+01
7.910000000000000364e-01,1.688119557615091892e+01
7.920000000000000373e-01,1.688633669914279523e+01
7.930000000000000382e-01,1.690487348229657982e+01
7.940000000000000391e-01,1.696428930055134643e+01
7.950000000000000400e-01,1.687895171063270183e+01
7.960000000000000409e-01,1.694282951295241446e+01
7.970000000000000417e-01,1.699039891644841305e+01
7.980000000000000426e-01,1.695627091800707120e+01
7.990000000000000435e-01,1.695578622150028281e+01
8.000000000000000444e-01,1.695189932722618309e+01
8.010000000000000453e-01,1.693039782622627953e+01
8.020000000000000462e-01,1.694458042181391022e+01
8.030000000000000471e-01,1.689691218085982172e+01
8.040000000000000480e-01,1.696998979285161369e+01
8.050000000000000488e-01,1.690482030974310845e+01
8.060000000000000497e-01,1.695791436597646040e+01
8.070000000000000506e-01,1.692062683485919905e+01
8.080000000000000515e-01,1.690255257850618875e+01
8.090000000000000524e-01,1.696092399444655285e+01
8.100000000000000533e-01,1.694028220038992316e+01
8.110000000000000542e-01,1.686394129531875308e+01
8.120000000000000551e-01,1.687847284760523792e+01
8.129999999999999449e-01,1.684290136955910810e+01
8.139999999999999458e-01,1.692932622917196284e+01
8.149999999999999467e-01,1.697305280984614484e+01
8.159999999999999476e-01,1.694588960014897694e+01
8.169999999999999485e-01,1.692432791421460436e+01
8.179999999999999494e-01,1.687416543649484524e+01
8.189999999999999503e-01,1.697075405502177858e+01
8.199999999999999512e-01,1.688428091085441451e+01
8.209999999999999520e-01,1.688632648279964599e+01
8.219999999999999529e-01,1.685185677634004975e+01
8.229999999999999538e-01,1.687021874382987363e+01
8.239999999999999547e-01,1.685988764444151400e+01
8.249999999999999556e-01,1.683782798507892053e+01
8.259999999999999565e-01,1.680412629849270445e+01
8.269999999999999574e-01,1.687864800595897918e+01
8.279999999999999583e-01,1.691273450744769491e+01
8.289999999999999591e-01,1.690891264337773592e+01
8.299999999999999600e-01,1.693034361269831578e+01
8.309999999999999609e-01,1.690176641668376334e+01
8.319999999999999618e-01,1.689250159426947562e+01
8.329999999999999627e-01,1.686875961953571945e+01
8.339999999999999636e-01,1.686653425258527150e+01
8.349999999999999645e-01,1.686095209466801847e+01
8.359999999999999654e-01,1.689218252696171163e+01
8.369999999999999662e-01,1.690456246372562887e+01
8.379999999999999671e-01,1.682969353714913652e+01
8.389999999999999680e-01,1.683714579799712752e+01
8.399999999999999689e-01,1.678823803812490212e+01
8.409999999999999698e-01,1.686354093623670991e+01
8.419999999999999707e-01,1.690246192132574166e+01
8.429999999999999716e-01,1.689361887051598998e+01
8.439999999999999725e-01,1.688637545390069405e+01
8.449999999999999734e-01,1.686835288192072113e+01
8.459999999999999742e-01,1.682924621200933757e+01
8.469999999999999751e-01,1.682904814974988028e+01
8.479999999999999760e-01,1.686757615939988497e+01
8.489999999999999769e-01,1.685241936434031018e+01
8.499999999999999778e-01,1.692201443083817125e+01
8.509999999999999787e-01,1.692221119100014448e+01
8.519999999999999796e-01,1.687853553931169159e+01
8.529999999999999805e-01,1.691049492397321075e+01
8.539999999999999813e-01,1.682664603253747870e+01
8.549999999999999822e-01,1.685211564703213227e+01
8.559999999999999831e-01,1.683134773648919236e+01
8.569999999999999840e-01,1.685267227092584719e+01
8.579999999999999849e-01,1.688404491482852876e+01
8.589999999999999858e-01,1.685178262711198016e+01
8.599999999999999867e-01,1.683152745744951062e+01
8.609999999999999876e-01,1.690269496724831200e+01
8.619999999999999885e-01,1.683966424322105127e+01
8.629999999999999893e-01,1.693523778856556206e+01
8.639999999999999902e-01,1.695168490742633338e+01
8.649999999999999911e-01,1.693633980375798131e+01
8.659999999999999920e-01,1.694362066661227928e+01
8.669999999999999929e-01,1.692025835037208736e+01
8.679999999999999938e-01,1.692453003331161909e+01
8.689999999999999947e-01,1.693275191557247794e+01
8.699999999999999956e-01,1.693173536089256004e+01
8.709999999999999964e-01,1.687152353695319107e+01
8.719999999999999973e-01,1.685927783644209654e+01
8.729999999999999982e-01,1.685988691787031257e+01
8.739999999999999991e-01,1.693781069271187434e+01
8.750000000000000000e-01,1.689077921179242026e+01
8.760000000000000009e-01,1.691113378455945337e+01
8.770000000000000018e-01,1.694233709119000864e+01
8.780000000000000027e-01,1.691180020569811404e+01
8.790000000000000036e-01,1.691721774591751526e+01
8.800000000000000044e-01,1.691351268634759819e+01
8.810000000000000053e-01,1.693284771114773690e+01
8.820000000000000062e-01,1.690618893208751672e+01
8.830000000000000071e-01,1.691124315516927012e+01
8.840000000000000080e-01,1.693946694057605029e+01
8.850000000000000089e-01,1.694262625904685393e+01
8.860000000000000098e-01,1.690645584549389469e+01
8.870000000000000107e-01,1.692952558837304977e+01
8.880000000000000115e-01,1.692313377742702585e+01
8.890000000000000124e-01,1.693817704348704112e+01
8.900000000000000133e-01,1.690634326382924968e+01
8.910000000000000142e-01,1.695288864222712988e+01
8.920000000000000151e-01,1.692170433888615122e+01
8.930000000000000160e-01,1.690424882992354583e+01
8.940000000000000169e-01,1.689951415695060177e+01
8.950000000000000178e-01,1.696580372656384128e+01
8.960000000000000187e-01,1.698009029644792633e+01
8.970000000000000195e-01,1.693102435123598326e+01
8.980000000000000204e-01,1.696151190140748710e+01
8.990000000000000213e-01,1.691334357882856665e+01
9.000000000000000222e-01,1.691584506668346677e+01
9.010000000000000231e-01,1.687983962640902647e+01
9.020000000000000240e-01,1.692279840149644698e+01
9.030000000000000249e-01,1.686821617120192585e+01
9.040000000000000258e-01,1.692983895461988197e+01
9.050000000000000266e-01,1.692480989031281879e+01
9.060000000000000275e-01,1.695968327123707908e+01
9.070000000000000284e-01,1.694897642012161398e+01
9.080000000000000293e-01,1.693209922657944588e+01
9.090000000000000302e-01,1.693068867751734885e+01
9.100000000000000311e-01,1.695123697128297380e+01
9.110000000000000320e-01,1.693786529322623124e+01
9.120000000000000329e-01,1.699794954664610813e+01
9.130000000000000338e-01,1.696364316753147605e+01
9.140000000000000346e-01,1.690643059846083673e+01
9.150000000000000355e-01,1.693973926378217598e+01
9.160000000000000364e-01,1.694213273886564508e+01
9.170000000000000373e-01,1.694223506655420408e+01
9.180000000000000382e-01,1.690461072595359227e+01
9.190000000000000391e-01,1.687784136746432750e+01
9.200000000000000400e-01,1.691159610544375624e+01
9.210000000000000409e-01,1.693819729539111307e+01
9.220000000000000417e-01,1.690623526188388226e+01
9.230000000000000426e-01,1.683488635960409141e+01
9.240000000000000435e-01,1.691903091055571906e+01
9.250000000000000444e-01,1.690335326002200134e+01
9.260000000000000453e-01,1.688245191772504938e+01
9.270000000000000462e-01,1.691984665851683900e+01
9.280000000000000471e-01,1.691911536262696814e+01
9.290000000000000480e-01,1.691605396955755936e+01
9.300000000000000488e-01,1.686798469148749291e+01
9.310000000000000497e-01,1.689685574418667713e+01
9.320000000000000506e-01,1.692870347717915891e+01
9.330000000000000515e-01,1.693774491858876985e+01
9.340000000000000524e-01,1.687339278858107505e+01
9.350000000000000533e-01,1.690426121489813838e+01
9.360000000000000542e-01,1.693200213833112500e+01
9.370000000000000551e-01,1.697707147718369569e+01
9.379999999999999449e-01,1.696047373805999214e+01
9.389999999999999458e-01,1.690016986675696131e+01
9.399999999999999467e-01,1.694859007130125406e+01
9.409999999999999476e-01,1.692523090965527643e+01
9.419999999999999485e-01,1.693226121977887999e+01
9.429999999999999494e-01,1.698107365609128294e+01
9.439999999999999503e-01,1.695847805179592171e+01
9.449999999999999512e-01,1.690756311785583677e+01
9.459999999999999520e-01,1.694809165447044208e+01
9.469999999999999529e-01,1.696325877654452086e+01
9.479999999999999538e-01,1.699470388393797293e+01
9.489999999999999547e-01,1.687815813694140843e+01
9.499999999999999556e-01,1.688517170933799605e+01
9.509999999999999565e-01,1.695732777374708533e+01
9.519999999999999574e-01,1.699336416716379361e+01
9.529999999999999583e-01,1.696588201705604604e+01
9.539999999999999591e-01,1.686982992476142940e+01
9.549999999999999600e-01,1.697264878736870131e+01
9.559999999999999609e-01,1.693552482497609191e+01
9.569999999999999618e-01,1.698245332669802110e+01
9.579999999999999627e-01,1.701527113409957792e+01
9.589999999999999636e-01,1.696088497066462608e+01
9.599999999999999645e-01,1.694513052573225309e+01
9.609999999999999654e-01,1.698329676470572025e+01
9.619999999999999662e-01,1.688802413518438428e+01
9.629999999999999671e-01,1.696590539188680680e+01
9.639999999999999680e-01,1.695098121647757239e+01
9.649999999999999689e-01,1.697623325453778875e+01
9.659999999999999698e-01,1.696229847874654340e+01
9.669999999999999707e-01,1.696012214723708666e+01
9.679999999999999716e-01,1.693525104525616243e+01
9.689999999999999725e-01,1.693188899152722726e+01
9.699999999999999734e-01,1.690000830147764077e+01
9.709999999999999742e-01,1.693648258501792725e+01
9.719999999999999751e-01,1.697256481144936302e+01
9.729999999999999760e-01,1.697926133561732698e+01
9.739999999999999769e-01,1.698997819192659975e+01
9.749999999999999778e-01,1.698006541237440459e+01
9.759999999999999787e-01,1.695898381622210493e+01
9.769999999999999796e-01,1.696465590408157809e+01
9.779999999999999805e-01,1.691805224809953501e+01
9.789999999999999813e-01,1.692142183112405718e+01
9.799999999999999822e-01,1.690454462466818342e+01
9.809999999999999831e-01,1.689187572181347008e+01
9.819999999999999840e-01,1.701366225333027771e+01
9.829999999999999849e-01,1.693903358903586920e+01
9.839999999999999858e-01,1.700622064169886016e+01
9.849999999999999867e-01,1.701351980940757969e+01
9.859999999999999876e-01,1.699098422432037836e+01
9.869999999999999885e-01,1.695223949651333939e+01
9.879999999999999893e-01,1.694271669909733902e+01
9.889999999999999902e-01,1.696673015692506326e+01
9.899999999999999911e-01,1.692131457416594742e+01
9.909999999999999920e-01,1.689092244019605715e+01
9.919999999999999929e-01,1.697308072698439574e+01
9.929999999999999938e-01,1.698641711791706044e+01
9.939999999999999947e-01,1.696209279693144012e+01
9.949999999999999956e-01,1.692105888465884789e+01
9.959999999999999964e-01,1.704906791553549184e+01
9.969999999999999973e-01,1.698233824725659247e+01
9.979999999999999982e-01,1.695648491498865340e+01
9.989999999999999991e-01,1.696538068183773262e+01
1.000000000000000000e+00,1.704282242865683372e+01
1.000999999999999890e+00,1.704078192998917274e+01
1.002000000000000002e+00,1.703206358621685368e+01
1.002999999999999892e+00,1.698998935768881324e+01
1.004000000000000004e+00,1.706032849524370576e+01
1.004999999999999893e+00,1.695181294843774822e+01
1.006000000000000005e+00,1.706460190433565671e+01
1.006999999999999895e+00,1.702789095206139791e+01
1.008000000000000007e+00,1.705736073164020183e+01
1.008999999999999897e+00,1.705042766339132498e+01
1.010000000000000009e+00,1.696875451825167502e+01
1.010999999999999899e+00,1.693300334647027938e+01
1.012000000000000011e+00,1.693063377828262972e+01
1.012999999999999901e+00,1.702290343230528435e+01
1.014000000000000012e+00,1.693872552074923732e+01
1.014999999999999902e+00,1.697777285260723090e+01
1.016000000000000014e+00,1.700318437937447769e+01
1.016999999999999904e+00,1.698772196519915312e+01
1.018000000000000016e+00,1.694983421188313244e+01
1.018999999999999906e+00,1.696581993095145791e+01
1.020000000000000018e+00,1.693112641987526246e+01
1.020999999999999908e+00,1.699918968821876675e+01
1.022000000000000020e+00,1.694816322949278486e+01
1.022999999999999909e+00,1.694335412923245698e+01
1.024000000000000021e+00,1.696386230903279113e+01
1.024999999999999911e+00,1.702372202666838774e+01
1.026000000000000023e+00,1.691825000340319107e+01
1.026999999999999913e+00,1.693714596774045589e+01
1.028000000000000025e+00,1.697391227610463105e+01
1.028999999999999915e+00,1.690744154537254218e+01
1.030000000000000027e+00,1.694876867082751914e+01
1.030999999999999917e+00,1.698491458901613527e+01
1.032000000000000028e+00,1.696431742571239099e+01
1.032999999999999918e+00,1.698247931659599885e+01
1.034000000000000030e+00,1.696262998720721527e+01
1.034999999999999920e+00,1.690454512271519860e+01
1.036000000000000032e+00,1.690908764871372938e+01
1.036999999999999922e+00,1.697051864060384574e+01
1.038000000000000034e+00,1.694504869791989421e+01
1.038999999999999924e+00,1.688614448430861970e+01
1.040000000000000036e+00,1.694687805702250927e+01
1.040999999999999925e+00,1.690001418126719912e+01
1.042000000000000037e+00,1.696178677681833236e+01
1.042999999999999927e+00,1.690338627801636662e+01
1.044000000000000039e+00,1.692162571680089300e+01
1.044999999999999929e+00,1.692793119410884017e+01
1.046000000000000041e+00,1.689232203628408158e+01
1.046999999999999931e+00,1.695690030075103749e+01
1.048000000000000043e+00,1.690410764031413038e+01
1.048999999999999932e+00,1.698752055062598387e+01
1.050000000000000044e+00,1.688434379342399083e+01
1.050999999999999934e+00,1.696120798468652069e+01
1.052000000000000046e+00,1.690875769267742257e+01
1.052999999999999936e+00,1.692788655143445098e+01
1.054000000000000048e+00,1.694521056833583827e+01
1.054999999999999938e+00,1.689993736459987161e+01
1.056000000000000050e+00,1.689210219136566238e+01
1.056999999999999940e+00,1.692212049877930724e+01
1.058000000000000052e+00,1.688811858282548428e+01
1.058999999999999941e+00,1.691760005003492751e+01
1.060000000000000053e+00,1.690417768309509228e+01
1.060999999999999943e+00,1.691796146615700636e+01
1.062000000000000055e+00,1.692611500888953202e+01
1.062999999999999945e+00,1.694518288010475260e+01
1.064000000000000057e+00,1.693895541545387218e+01
1.064999999999999947e+00,1.693383085655642617e+01
1.066000000000000059e+00,1.691716138335554831e+01
1.066999999999999948e+00,1.700499522856002699e+01
1.068000000000000060e+00,1.689765219334717372e+01
1.068999999999999950e+00,1.690018833345885696e+01
1.070000000000000062e+00,1.694828401881993329e+01
1.070999999999999952e+00,1.694168390886653341e+01
1.072000000000000064e+00,1.696393414441073233e+01
1.072999999999999954e+00,1.690539422756957677e+01
1.074000000000000066e+00,1.687951449264087600e+01
1.074999999999999956e+00,1.692752490912879892e+01
1.076000000000000068e+00,1.681427757358676089e+01
1.076999999999999957e+00,1.683040779279881249e+01
1.078000000000000069e+00,1.682899293767392379e+01
1.078999999999999959e+00,1.682681209593497229e+01
1.080000000000000071e+00,1.688947699883840414e+01
1.080999999999999961e+00,1.690749137733919127e+01
1.082000000000000073e+00,1.692418231719727473e+01
1.082999999999999963e+00,1.690357560269550774e+01
1.084000000000000075e+00,1.694409573259740043e+01
1.084999999999999964e+00,1.694608858703117704e+01
1.086000000000000076e+00,1.692631688738324769e+01
1.086999999999999966e+00,1.693746469266590182e+01
1.088000000000000078e+00,1.692010754064152778e+01
1.088999999999999968e+00,1.686950426957140792e+01
1.090000000000000080e+00,1.695468440553184664e+01
1.090999999999999970e+00,1.690418246731045571e+01
1.092000000000000082e+00,1.691760371661639084e+01
1.092999999999999972e+00,1.692215742025621594e+01
1.094000000000000083e+00,1.694762072343528914e+01
1.094999999999999973e+00,1.698113189686915803e+01
1.096000000000000085e+00,1.688255520935977216e+01
1.096999999999999975e+00,1.686081324461184749e+01
1.098000000000000087e+00,1.698260938794140884e+01
1.098999999999999977e+00,1.691966135723987463e+01
1.100000000000000089e+00,1.687017014040164042e+01
1.100999999999999979e+00,1.687992360475182707e+01
1.102000000000000091e+00,1.686273034651665270e+01
1.102999999999999980e+00,1.687999187528580691e+01
1.104000000000000092e+00,1.689132465454722620e+01
1.104999999999999982e+00,1.690431441955927028e+01
1.106000000000000094e+00,1.686557062450523148e+01
1.106999999999999984e+00,1.686980979123186586e+01
1.108000000000000096e+00,1.686456582234387724e+01
1.108999999999999986e+00,1.697350663219487643e+01
1.110000000000000098e+00,1.687457154792699043e+01
1.110999999999999988e+00,1.691046710917969520e+01
1.112000000000000099e+00,1.689862962276760783e+01
1.112999999999999989e+00,1.690987547076136366e+01
1.114000000000000101e+00,1.689793039658863094e+01
1.114999999999999991e+00,1.688346951074487734e+01
1.116000000000000103e+00,1.687798739793570135e+01
1.116999999999999993e+00,1.686554696205772430e+01
1.118000000000000105e+00,1.689396107048802165e+01
1.118999999999999995e+00,1.694006529453587362e+01
1.120000000000000107e+00,1.690344615116762128e+01
1.120999999999999996e+00,1.694945767231074996e+01
1.122000000000000108e+00,1.685992182637149028e+01
1.122999999999999998e+00,1.684412486891748983e+01
1.124000000000000110e+00,1.686809940822081089e+01
1.125000000000000000e+00,1.691456078364983640e+01
1.125999999999999890e+00,1.688416457692815698e+01
1.127000000000000002e+00,1.684359019100642030e+01
1.127999999999999892e+00,1.682474267736826690e+01
1.129000000000000004e+00,1.691254409027903804e+01
1.129999999999999893e+00,1.685588746905298763e+01
1.131000000000000005e+00,1.691310180716984846e+01
1.131999999999999895e+00,1.688180988172533858e+01
1.133000000000000007e+00,1.697397292446899186e+01
1.133999999999999897e+00,1.689389594018294360e+01
1.135000000000000009e+00,1.688614652520459458e+01
1.135999999999999899e+00,1.693051801360007147e+01
1.137000000000000011e+00,1.695051970197305735e+01
1.137999999999999901e+00,1.688731588017961727e+01
1.139000000000000012e+00,1.687097002697781178e+01
1.139999999999999902e+00,1.688446008014145860e+01
1.141000000000000014e+00,1.689939908093800369e+01
1.141999999999999904e+00,1.695400051227677096e+01
1.143000000000000016e+00,1.692468386136696878e+01
1.143999999999999906e+00,1.690458538593584947e+01
1.145000000000000018e+00,1.694097380301825950e+01
1.145999999999999908e+00,1.690084635316343764e+01
1.147000000000000020e+00,1.692624119847755537e+01
1.147999999999999909e+00,1.693406801725704014e+01
1.149000000000000021e+00,1.693094513275508461e+01
1.149999999999999911e+00,1.683672415866524119e+01
1.151000000000000023e+00,1.686432475544106779e+01
1.151999999999999913e+00,1.689130225354208648e+01
1.153000000000000025e+00,1.691200183734132523e+01
1.153999999999999915e+00,1.693031329713046773e+01
1.155000000000000027e+00,1.685781919481049584e+01
1.155999999999999917e+00,1.687694003064796888e+01
1.157000000000000028e+00,1.692923047755881072e+01
1.157999999999999918e+00,1.689613512007694496e+01
1.159000000000000030e+00,1.689538257810506394e+01
1.159999999999999920e+00,1.694609944084663056e+01
1.161000000000000032e+00,1.692013025448162722e+01
1.161999999999999922e+00,1.695759669832963823e+01
1.163000000000000034e+00,1.687615700779523209e+01
1.163999999999999924e+00,1.689744734251566172e+01
1.165000000000000036e+00,1.695109460593250361e+01
1.165999999999999925e+00,1.695496991428753475e+01
1.167000000000000037e+00,1.698609224158890640e+01
1.167999999999999927e+00,1.699888468259133845e+01
1.169000000000000039e+00,1.700374791509859662e+01
1.169999999999999929e+00,1.690644496066405011e+01
1.171000000000000041e+00,1.693006935125465873e+01
1.171999999999999931e+00,1.688167525449735606e+01
1.173000000000000043e+00,1.696244276682837082e+01
1.173999999999999932e+00,1.698067188375213021e+01
1.175000000000000044e+00,1.691055446134048168e+01
1.175999999999999934e+00,1.695693067718116609e+01
1.177000000000000046e+00,1.695824593018435422e+01
1.177999999999999936e+00,1.695913676874929976e+01
1.179000000000000048e+00,1.695427534845604356e+01
1.179999999999999938e+00,1.695007171924392608e+01
1.181000000000000050e+00,1.697886414925463328e+01
1.181999999999999940e+00,1.699361878707584950e+01
1.183000000000000052e+00,1.690172155751511696e+01
1.183999999999999941e+00,1.693624738983293554e+01
1.185000000000000053e+00,1.695424108932989782e+01
1.185999999999999943e+00,1.688659129794257296e+01
1.187000000000000055e+00,1.694302036887620844e+01
1.187999999999999945e+00,1.695207175805010280e+01
1.189000000000000057e+00,1.693756051313205191e+01
1.189999999999999947e+00,1.697313245919544755e+01
1.191000000000000059e+00,1.695531847467137965e+01
1.191999999999999948e+00,1.694520145462700000e+01
1.193000000000000060e+00,1.698619617903282730e+01
1.193999999999999950e+00,1.691097875081779023e+01
1.195000000000000062e+00,1.687337821973086349e+01
1.195999999999999952e+00,1.695316358515775690e+01
1.197000000000000064e+00,1.696113295663146658e+01
1.197999999999999954e+00,1.695287960994192389e+01
1.199000000000000066e+00,1.699939561388511322e+01
1.199999999999999956e+00,1.697459561557261765e+01
1.201000000000000068e+00,1.686079112651773571e+01
1.201999999999999957e+00,1.689537890381311058e+01
1.203000000000000069e+00,1.694302692340734140e+01
1.203999999999999959e+00,1.692522684513998144e+01
1.205000000000000071e+00,1.691715802248592126e+01
1.205999999999999961e+00,1.697562033897659717e+01
1.207000000000000073e+00,1.702226540368813090e+01
1.207999999999999963e+00,1.701211577170325029e+01
1.209000000000000075e+00,1.702141802777553181e+01
1.209999999999999964e+00,1.699643176661933097e+01
1.211000000000000076e+00,1.699553325030049322e+01
1.211999999999999966e+00,1.695497097690192945e+01
1.213000000000000078e+00,1.704531246326688887e+01
1.213999999999999968e+00,1.703825063942469953e+01
1.215000000000000080e+00,1.696150332413668949e+01
1.215999999999999970e+00,1.697314620247890105e+01
1.217000000000000082e+00,1.705150084465790528e+01
1.217999999999999972e+00,1.695149178150785474e+01
1.219000000000000083e+00,1.697685200075495970e+01
1.219999999999999973e+00,1.692673235097997519e+01
1.221000000000000085e+00,1.692387568327763248e+01
1.221999999999999975e+00,1.696708461592703898e+01
1.223000000000000087e+00,1.695413793063311658e+01
1.223999999999999977e+00,1.693529437365410928e+01
1.225000000000000089e+00,1.694234607164759865e+01
1.225999999999999979e+00,1.695977028018940302e+01
1.227000000000000091e+00,1.697957313470712393e+01
1.227999999999999980e+00,1.699841949201439917e+01
1.229000000000000092e+00,1.691815369682972658e+01
1.229999999999999982e+00,1.689209785498905347e+01
1.231000000000000094e+00,1.691798481010167876e+01
1.231999999999999984e+00,1.692043096311163097e+01
1.233000000000000096e+00,1.692897847687486035e+01
1.233999999999999986e+00,1.693970139811737496e+01
1.235000000000000098e+00,1.695481117556467154e+01
1.235999999999999988e+00,1.700868574137490441e+01
1.237000000000000099e+00,1.705352386757725469e+01
1.237999999999999989e+00,1.696735981854347486e+01
1.239000000000000101e+00,1.694540165382424846e+01
1.239999999999999991e+00,1.705066453670618287e+01
1.241000000000000103e+00,1.697401975574416610e+01
1.241999999999999993e+00,1.694182783338013820e+01
1.243000000000000105e+00,1.694348343501864562e+01
1.243999999999999995e+00,1.689475030644795694e+01
1.245000000000000107e+00,1.695892536277127149e+01
1.245999999999999996e+00,1.695882998430329636e+01
1.247000000000000108e+00,1.701021657142823074e+01
1.247999999999999998e+00,1.701198222457629683e+01
1.249000000000000110e+00,1.699457358732732715e+01
1.250000000000000000e+00,1.696294722932637455e+01
1.250999999999999890e+00,1.692373235917246888e+01
1.252000000000000002e+00,1.702937552570086766e+01
1.252999999999999892e+00,1.692178594184351326e+01
1.254000000000000004e+00,1.693453736548388733e+01
1.254999999999999893e+00,1.696992241302280746e+01
1.256000000000000005e+00,1.692970333700880659e+01
1.256999999999999895e+00,1.699932253488298528e+01
1.258000000000000007e+00,1.693404269354064695e+01
1.258999999999999897e+00,1.694352216065509964e+01
1.260000000000000009e+00,1.697426603306070803e+01
1.260999999999999899e+00,1.698828171289413902e+01
1.262000000000000011e+00,1.690708524059914453e+01
1.262999999999999901e+00,1.692104616747771217e+01
1.264000000000000012e+00,1.700546843671574138e+01
1.264999999999999902e+00,1.692483238025311110e+01
1.266000000000000014e+00,1.687663890267706535e+01
1.266999999999999904e+00,1.691865279710489034e+01
1.268000000000000016e+00,1.691306577193891059e+01
1.268999999999999906e+00,1.691172723472766748e+01
1.270000000000000018e+00,1.697895919148967181e+01
1.270999999999999908e+00,1.697144192674562646e+01
1.272000000000000020e+00,1.691361544656978211e+01
1.272999999999999909e+00,1.697598747016957077e+01
1.274000000000000021e+00,1.694303139593424490e+01
1.274999999999999911e+00,1.691964763556518747e+01
1.276000000000000023e+00,1.687805084854722182e+01
1.276999999999999913e+00,1.695825665070705668e+01
1.278000000000000025e+00,1.700147802929866714e+01
1.278999999999999915e+00,1.694680033810747943e+01
1.280000000000000027e+00,1.692989014627746158e+01
1.280999999999999917e+00,1.702726284996272810e+01
1.282000000000000028e+00,1.693551521621970579e+01
1.282999999999999918e+00,1.691058796858581914e+01
1.284000000000000030e+00,1.692715150156239545e+01
1.284999999999999920e+00,1.699452467276831058e+01
1.286000000000000032e+00,1.699657087265038768e+01
1.286999999999999922e+00,1.697451586889076225e+01
1.288000000000000034e+00,1.687478919382715858e+01
1.288999999999999924e+00,1.695686857847390883e+01
1.290000000000000036e+00,1.701663968769353374e+01
1.290999999999999925e+00,1.699141563365017760e+01
1.292000000000000037e+00,1.700969627559145181e+01
1.292999999999999927e+00,1.697336995679728133e+01
1.294000000000000039e+00,1.698915821572103724e+01
1.294999999999999929e+00,1.695458345412745516e+01
1.296000000000000041e+00,1.701525322586101652e+01
1.296999999999999931e+00,1.695695619583340630e+01
1.298000000000000043e+00,1.694444575806059916e+01
1.298999999999999932e+00,1.698436412469313694e+01
1.300000000000000044e+00,1.701659622374021552e+01
1.300999999999999934e+00,1.695096313423324830e+01
1.302000000000000046e+00,1.692088694717249453e+01
1.302999999999999936e+00,1.696523836866718682e+01
1.304000000000000048e+00,1.692466417335804252e+01
1.304999999999999938e+00,1.692569972438743164e+01
1.306000000000000050e+00,1.692598026267204148e+01
1.306999999999999940e+00,1.693834991396914802e+01
1.308000000000000052e+00,1.696564987063945651e+01
1.308999999999999941e+00,1.695860616367450291e+01
1.310000000000000053e+00,1.691848571653647682e+01
1.310999999999999943e+00,1.697133650351748457e+01
1.312000000000000055e+00,1.690248855661282690e+01
1.312999999999999945e+00,1.690419473142913986e+01
1.314000000000000057e+00,1.693687580425893557e+01
1.314999999999999947e+00,1.695369029569145169e+01
1.316000000000000059e+00,1.690538733640409319e+01
1.316999999999999948e+00,1.697708576666574842e+01
1.318000000000000060e+00,1.691202569102318876e+01
1.318999999999999950e+00,1.695101489882432944e+01
1.320000000000000062e+00,1.695844860213423999e+01
1.320999999999999952e+00,1.691302782760298129e+01
1.322000000000000064e+00,1.692828784995946734e+01
1.322999999999999954e+00,1.693692754101397568e+01
1.324000000000000066e+00,1.694940318680265889e+01
1.324999999999999956e+00,1.688762336617791604e+01
1.326000000000000068e+00,1.689487035202738596e+01
1.326999999999999957e+00,1.688656650513304669e+01
1.328000000000000069e+00,1.685493796129603439e+01
1.328999999999999959e+00,1.686874574276449579e+01
1.330000000000000071e+00,1.687652719248153232e+01
1.330999999999999961e+00,1.687224918635116211e+01
1.332000000000000073e+00,1.685300461834624741e+01
1.332999999999999963e+00,1.689681631967553699e+01
1.334000000000000075e+00,1.686408982924064759e+01
1.334999999999999964e+00,1.685073594482098613e+01
1.336000000000000076e+00,1.690861538422468868e+01
1.336999999999999966e+00,1.685011991775406059e+01
1.338000000000000078e+00,1.685698983755567681e+01
1.338999999999999968e+00,1.683543770150483354e+01
1.340000000000000080e+00,1.688121406590963147e+01
1.340999999999999970e+00,1.687090998659052232e+01
1.342000000000000082e+00,1.686511845018413069e+01
1.342999999999999972e+00,1.682035493299346030e+01
1.344000000000000083e+00,1.687586167077914467e+01
1.344999999999999973e+00,1.686011260566190373e+01
1.346000000000000085e+00,1.688393078988160312e+01
1.346999999999999975e+00,1.694590641956702370e+01
1.348000000000000087e+00,1.689210623973717063e+01
1.348999999999999977e+00,1.695559547713964932e+01
1.350000000000000089e+00,1.681002030085845789e+01
1.350999999999999979e+00,1.693549616143101488e+01
1.352000000000000091e+00,1.691717537295886586e+01
1.352999999999999980e+00,1.692099379553748406e+01
1.354000000000000092e+00,1.692651150873906118e+01
1.354999999999999982e+00,1.694483415524399561e+01
1.356000000000000094e+00,1.694133040240649990e+01
1.356999999999999984e+00,1.692973897512271364e+01
1.358000000000000096e+00,1.698553412889462066e+01
1.358999999999999986e+00,1.693103289521248911e+01
1.360000000000000098e+00,1.689921593444449854e+01
1.360999999999999988e+00,1.691876022519271316e+01
1.362000000000000099e+00,1.687297799049638058e+01
1.362999999999999989e+00,1.692619519450887822e+01
1.364000000000000101e+00,1.695536859146957909e+01
1.364999999999999991e+00,1.692565541450601430e+01
1.366000000000000103e+00,1.690033749532221208e+01
1.366999999999999993e+00,1.695150074175941768e+01
1.368000000000000105e+00,1.694217423395931732e+01
1.368999999999999995e+00,1.703595966237479686e+01
1.370000000000000107e+00,1.699317967028368415e+01
1.370999999999999996e+00,1.692910314405399674e+01
1.372000000000000108e+00,1.695381287070530973e+01
1.372999999999999998e+00,1.690577188568355638e+01
1.374000000000000110e+00,1.692111105384887537e+01
1.375000000000000000e+00,1.699546503771071215e+01
1.375999999999999890e+00,1.691733386566849973e+01
1.377000000000000002e+00,1.691107917398358040e+01
1.377999999999999892e+00,1.695136372394793511e+01
1.379000000000000004e+00,1.698897203795384314e+01
1.379999999999999893e+00,1.690665814106690235e+01
1.381000000000000005e+00,1.690392002571380203e+01
1.381999999999999895e+00,1.696567819014257594e+01
1.383000000000000007e+00,1.698691672410045683e+01
1.383999999999999897e+00,1.699147070895802969e+01
1.385000000000000009e+00,1.705565075659388441e+01
1.385999999999999899e+00,1.691424490968459082e+01
1.387000000000000011e+00,1.697920015577904707e+01
1.387999999999999901e+00,1.697764676588007760e+01
1.389000000000000012e+00,1.703148907234310272e+01
1.389999999999999902e+00,1.694749021412423318e+01
1.391000000000000014e+00,1.694455189546074081e+01
1.391999999999999904e+00,1.695243618002009356e+01
1.393000000000000016e+00,1.693425722632620278e+01
1.393999999999999906e+00,1.697251101829623110e+01
1.395000000000000018e+00,1.699938713031142612e+01
1.395999999999999908e+00,1.695520389186817312e+01
1.397000000000000020e+00,1.698759907604245711e+01
1.397999999999999909e+00,1.701221918191702542e+01
1.399000000000000021e+00,1.697692874846850586e+01
1.399999999999999911e+00,1.699570621277936766e+01
1.401000000000000023e+00,1.698558666063362566e+01
1.401999999999999913e+00,1.700123593223308660e+01
1.403000000000000025e+00,1.699646352713986630e+01
1.403999999999999915e+00,1.700589517523614802e+01
1.405000000000000027e+00,1.698902590903396970e+01
1.405999999999999917e+00,1.697489357796798259e+01
1.407000000000000028e+00,1.705202066014811635e+01
1.407999999999999918e+00,1.702146645246699208e+01
1.409000000000000030e+00,1.701961368142540465e+01
1.409999999999999920e+00,1.700855280264021019e+01
1.411000000000000032e+00,1.703879860092276743e+01
1.411999999999999922e+00,1.700899206907690697e+01
1.413000000000000034e+00,1.699952704708826445e+01
1.413999999999999924e+00,1.697438973598750778e+01
1.415000000000000036e+00,1.693346914328981612e+01
1.415999999999999925e+00,1.699668934467404924e+01
1.417000000000000037e+00,1.695772039094990546e+01
1.417999999999999927e+00,1.703662361321230634e+01
1.419000000000000039e+00,1.707409315363694091e+01
1.419999999999999929e+00,1.704876743025403840e+01
1.421000000000000041e+00,1.706731131566453996e+01
1.421999999999999931e+00,1.697655571490391679e+01
1.423000000000000043e+00,1.701101475533217666e+01
1.423999999999999932e+00,1.698242558625716825e+01
1.425000000000000044e+00,1.701950083619882292e+01
1.425999999999999934e+00,1.700455889320482683e+01
1.427000000000000046e+00,1.703214802931445249e+01
1.427999999999999936e+00,1.706220479412549196e+01
1.429000000000000048e+00,1.700268704530015995e+01
1.429999999999999938e+00,1.700912086532057543e+01
1.431000000000000050e+00,1.703494723890786489e+01
1.431999999999999940e+00,1.708344227268607440e+01
1.433000000000000052e+00,1.704324518166082925e+01
1.433999999999999941e+00,1.702696677733166908e+01
1.435000000000000053e+00,1.691802241578113453e+01
1.435999999999999943e+00,1.703791890305900125e+01
1.437000000000000055e+00,1.703631064227801772e+01
1.437999999999999945e+00,1.704013914933651108e+01
1.439000000000000057e+00,1.693121999775979347e+01
1.439999999999999947e+00,1.700459272438290625e+01
1.441000000000000059e+00,1.692672775460675538e+01
1.441999999999999948e+00,1.702677179436023280e+01
1.443000000000000060e+00,1.703868557641933990e+01
1.443999999999999950e+00,1.705075898448960814e+01
1.445000000000000062e+00,1.705445640003040353e+01
1.445999999999999952e+00,1.701303068447856148e+01
1.447000000000000064e+00,1.699150220157714131e+01
1.447999999999999954e+00,1.694513684990767288e+01
1.449000000000000066e+00,1.693708562202654022e+01
1.449999999999999956e+00,1.699474515214105708e+01
1.451000000000000068e+00,1.700854591145394323e+01
1.451999999999999957e+00,1.707702185444485465e+01
1.453000000000000069e+00,1.713641835482625808e+01
1.453999999999999959e+00,1.710717666709539131e+01
1.455000000000000071e+00,1.710214310042111308e+01
1.455999999999999961e+00,1.708111116059300016e+01
1.457000000000000073e+00,1.712411924439350486e+01
1.457999999999999963e+00,1.699233315928156429e+01
1.459000000000000075e+00,1.693114417166470531e+01
1.459999999999999964e+00,1.705262103363104487e+01
1.461000000000000076e+00,1.700068729904669595e+01
1.461999999999999966e+00,1.703732137694512616e+01
1.463000000000000078e+00,1.704535247853677760e+01
1.463999999999999968e+00,1.709672505253956842e+01
1.465000000000000080e+00,1.703173743317006839e+01
1.465999999999999970e+00,1.704935752330404597e+01
1.467000000000000082e+00,1.700643567788600308e+01
1.467999999999999972e+00,1.704474508675859568e+01
1.469000000000000083e+00,1.708031851623191955e+01
1.469999999999999973e+00,1.705432026404029600e+01
1.471000000000000085e+00,1.713359142559298576e+01
1.471999999999999975e+00,1.698590324308818111e+01
1.473000000000000087e+00,1.703653119915731651e+01
1.473999999999999977e+00,1.699844586256983092e+01
1.475000000000000089e+00,1.697182298608962014e+01
1.475999999999999979e+00,1.701325983124696961e+01
1.477000000000000091e+00,1.695415761134148624e+01
1.477999999999999980e+00,1.697882619932533643e+01
1.479000000000000092e+00,1.702715511622730560e+01
1.479999999999999982e+00,1.699370775806115930e+01
1.481000000000000094e+00,1.703954944913895275e+01
1.481999999999999984e+00,1.704079689715586454e+01
1.483000000000000096e+00,1.703472949468901376e+01
1.483999999999999986e+00,1.699731401237006168e+01
1.485000000000000098e+00,1.700814430532289734e+01
1.485999999999999988e+00,1.706818062862759078e+01
1.487000000000000099e+00,1.705974129528582495e+01
1.487999999999999989e+00,1.699142337380859402e+01
1.489000000000000101e+00,1.700535457634385139e+01
1.489999999999999991e+00,1.701749459980802825e+01
1.491000000000000103e+00,1.703678103994504056e+01
1.491999999999999993e+00,1.699995530823464662e+01
1.493000000000000105e+00,1.698919033585255889e+01
1.493999999999999995e+00,1.704117358057886022e+01
1.495000000000000107e+00,1.692886269290215751e+01
1.495999999999999996e+00,1.696900378843203683e+01
1.497000000000000108e+00,1.698280605567854806e+01
1.497999999999999998e+00,1.697968454355966017e+01
1.499000000000000110e+00,1.698845307013118600e+01
1.500000000000000000e+00,1.700213417746775946e+01
1.500999999999999890e+00,1.702722793812793611e+01
1.502000000000000002e+00,1.699392483282965927e+01
1.502999999999999892e+00,1.700300925823925979e+01
1.504000000000000004e+00,1.701045029783023210e+01
1.504999999999999893e+00,1.706637859592015971e+01
1.506000000000000005e+00,1.699241437305240154e+01
1.506999999999999895e+00,1.702076155603053564e+01
1.508000000000000007e+00,1.695175100448927807e+01
1.508999999999999897e+00,1.696764218012810588e+01
1.510000000000000009e+00,1.697401564203970992e+01
1.510999999999999899e+00,1.702692549037675462e+01
1.512000000000000011e+00,1.706674419774098794e+01
1.512999999999999901e+00,1.702775961401663807e+01
1.514000000000000012e+00,1.700869936070145272e+01
1.514999999999999902e+00,1.708949580249634437e+01
1.516000000000000014e+00,1.703436804836934826e+01
1.516999999999999904e+00,1.700890004148106982e+01
1.518000000000000016e+00,1.700717834764688519e+01
1.518999999999999906e+00,1.704589062648233266e+01
1.520000000000000018e+00,1.701947576664935724e+01
1.520999999999999908e+00,1.710026047575396291e+01
1.522000000000000020e+00,1.708006320295499947e+01
1.522999999999999909e+00,1.708674714145302787e+01
1.524000000000000021e+00,1.711044623405636500e+01
1.524999999999999911e+00,1.710084001148516109e+01
1.526000000000000023e+00,1.709020202976772396e+01
1.526999999999999913e+00,1.703488916766232464e+01
1.528000000000000025e+00,1.700958351826434267e+01
1.528999999999999915e+00,1.701180713441280545e+01
1.530000000000000027e+00,1.697110661662785702e+01
1.530999999999999917e+00,1.706847675253338892e+01
1.532000000000000028e+00,1.706479237995159082e+01
1.532999999999999918e+00,1.695131908573612733e+01
1.534000000000000030e+00,1.701999329958315954e+01
1.534999999999999920e+00,1.700519837785988386e+01
1.536000000000000032e+00,1.712921859755574516e+01
1.536999999999999922e+00,1.709433315849955903e+01
1.538000000000000034e+00,1.707085183261709105e+01
1.538999999999999924e+00,1.703474238306239386e+01
1.540000000000000036e+00,1.701834500896118740e+01
1.540999999999999925e+00,1.701125222757801936e+01
1.542000000000000037e+00,1.705776633429926648e+01
1.542999999999999927e+00,1.698675457412376133e+01
1.544000000000000039e+00,1.705276689129409817e+01
1.544999999999999929e+00,1.702312734183076515e+01
1.546000000000000041e+00,1.706883931372603769e+01
1.546999999999999931e+00,1.700415322445479660e+01
1.548000000000000043e+00,1.707213292156828288e+01
1.548999999999999932e+00,1.712084043605877426e+01
1.550000000000000044e+00,1.706629159261937190e+01
1.550999999999999934e+00,1.710250747971354102e+01
1.552000000000000046e+00,1.707122840971635114e+01
1.552999999999999936e+00,1.709569720645955115e+01
1.554000000000000048e+00,1.704323664810098649e+01
1.554999999999999938e+00,1.707983776078360449e+01
1.556000000000000050e+00,1.703021568294989763e+01
1.556999999999999940e+00,1.702117554859838577e+01
1.558000000000000052e+00,1.702990134244015508e+01
1.558999999999999941e+00,1.704472739101520773e+01
1.560000000000000053e+00,1.703331879987515407e+01
1.560999999999999943e+00,1.703403869475504351e+01
1.562000000000000055e+00,1.702856581941157899e+01
1.562999999999999945e+00,1.697923287807385506e+01
1.564000000000000057e+00,1.704544057615194319e+01
1.564999999999999947e+00,1.702640923939277684e+01
1.566000000000000059e+00,1.705884855493061281e+01
1.566999999999999948e+00,1.702048261057520762e+01
1.568000000000000060e+00,1.698734931253627423e+01
1.568999999999999950e+00,1.705177496580994401e+01
1.570000000000000062e+00,1.700038785892676074e+01
1.570999999999999952e+00,1.703604696193088941e+01
1.572000000000000064e+00,1.698263652927063916e+01
1.572999999999999954e+00,1.707707782908984839e+01
1.574000000000000066e+00,1.708124050957596296e+01
1.574999999999999956e+00,1.708147869757351600e+01
1.576000000000000068e+00,1.707406029602132236e+01
1.576999999999999957e+00,1.706666962463689785e+01
1.578000000000000069e+00,1.707698548338857947e+01
1.578999999999999959e+00,1.714785580377062502e+01
1.580000000000000071e+00,1.702683314560947991e+01
1.580999999999999961e+00,1.705528366323637712e+01
1.582000000000000073e+00,1.700557608242153407e+01
1.582999999999999963e+00,1.702555404772293457e+01
1.584000000000000075e+00,1.701735171864494589e+01
1.584999999999999964e+00,1.707933771307009607e+01
1.586000000000000076e+00,1.703758943540296400e+01
1.586999999999999966e+00,1.706966445618320805e+01
1.588000000000000078e+00,1.702487458474499604e+01
1.588999999999999968e+00,1.700338583813169890e+01
1.590000000000000080e+00,1.701431475314097241e+01
1.590999999999999970e+00,1.707594367089362919e+01
1.592000000000000082e+00,1.694922934295363603e+01
1.592999999999999972e+00,1.701701688111311483e+01
1.594000000000000083e+00,1.701130829065382244e+01
1.594999999999999973e+00,1.702080892461815154e+01
1.596000000000000085e+00,1.696443730566327446e+01
1.596999999999999975e+00,1.703043105986202832e+01
1.598000000000000087e+00,1.702272680295399709e+01
1.598999999999999977e+00,1.700827034829930895e+01
1.600000000000000089e+00,1.696790818604140227e+01
1.600999999999999979e+00,1.699565107595801905e+01
1.602000000000000091e+00,1.702135418491917562e+01
1.602999999999999980e+00,1.702164212878287586e+01
1.604000000000000092e+00,1.703530901211380311e+01
1.604999999999999982e+00,1.698582494572849910e+01
1.606000000000000094e+00,1.710799988012269424e+01
1.606999999999999984e+00,1.701483170189221283e+01
1.608000000000000096e+00,1.706180058409642442e+01
1.608999999999999986e+00,1.700599312244611383e+01
1.610000000000000098e+00,1.707084471318527719e+01
1.610999999999999988e+00,1.709207256869692415e+01
1.612000000000000099e+00,1.706644271821586401e+01
1.612999999999999989e+00,1.705384118413683936e+01
1.614000000000000101e+00,1.704781623777481414e+01
1.614999999999999991e+00,1.700692131588464662e+01
1.616000000000000103e+00,1.705595277920200203e+01
1.616999999999999993e+00,1.704281274133270330e+01
1.618000000000000105e+00,1.702903176822515618e+01
1.618999999999999995e+00,1.696467410978814527e+01
1.620000000000000107e+00,1.705837445093691684e+01
1.620999999999999996e+00,1.702692773991406483e+01
1.622000000000000108e+00,1.705380379548090275e+01
1.622999999999999998e+00,1.701961436259909988e+01
1.624000000000000110e+00,1.706751583493910118e+01
1.625000000000000000e+00,1.698288988259540844e+01
1.625999999999999890e+00,1.709420102261750785e+01
1.627000000000000002e+00,1.701152954295710984e+01
1.627999999999999892e+00,1.699523189592057193e+01
1.629000000000000004e+00,1.701152450977888719e+01
1.629999999999999893e+00,1.703343103074866605e+01
1.631000000000000005e+00,1.699854175883270457e+01
1.631999999999999895e+00,1.700416487945059885e+01
1.633000000000000007e+00,1.696974855054081388e+01
1.633999999999999897e+00,1.698909716912149648e+01
1.635000000000000009e+00,1.700041361620743174e+01
1.635999999999999899e+00,1.702406309860286626e+01
1.637000000000000011e+00,1.702757827414185954e+01
1.637999999999999901e+00,1.702145376154139100e+01
1.639000000000000012e+00,1.699522053532707844e+01
1.639999999999999902e+00,1.700978142475457133e+01
1.641000000000000014e+00,1.697694404213609332e+01
1.641999999999999904e+00,1.704753349371433302e+01
1.643000000000000016e+00,1.704293926160259076e+01
1.643999999999999906e+00,1.703109863726283635e+01
1.645000000000000018e+00,1.702088797039729684e+01
1.645999999999999908e+00,1.703372535835167056e+01
1.647000000000000020e+00,1.709118702067108941e+01
1.647999999999999909e+00,1.707493691988021212e+01
1.649000000000000021e+00,1.707915315260606093e+01
1.649999999999999911e+00,1.705536614314158683e+01
1.651000000000000023e+00,1.704485346957516612e+01
1.651999999999999913e+00,1.705998592923001667e+01
1.653000000000000025e+00,1.700868735760905182e+01
1.653999999999999915e+00,1.703568003005383247e+01
1.655000000000000027e+00,1.709868616122294327e+01
1.655999999999999917e+00,1.702259848351691218e+01
1.657000000000000028e+00,1.695616668584954922e+01
1.657999999999999918e+00,1.707654855329951715e+01
1.659000000000000030e+00,1.707809150470080084e+01
1.659999999999999920e+00,1.696072282098297990e+01
1.661000000000000032e+00,1.698726946903419943e+01
1.661999999999999922e+00,1.696388200727453466e+01
1.663000000000000034e+00,1.704703715445372225e+01
1.663999999999999924e+00,1.707471094109458676e+01
1.665000000000000036e+00,1.703548617589020608e+01
1.665999999999999925e+00,1.700532347881445716e+01
1.667000000000000037e+00,1.700204893956512109e+01
1.667999999999999927e+00,1.699637889414927017e+01
1.669000000000000039e+00,1.702156221265098424e+01
1.669999999999999929e+00,1.701459733852829714e+01
1.671000000000000041e+00,1.698130315837591908e+01
1.671999999999999931e+00,1.693255626484276277e+01
1.673000000000000043e+00,1.698427729069356928e+01
1.673999999999999932e+00,1.704927023617679893e+01
1.675000000000000044e+00,1.702006199797564179e+01
1.675999999999999934e+00,1.701509014523760754e+01
1.677000000000000046e+00,1.700455415781439328e+01
1.677999999999999936e+00,1.698647704589072305e+01
1.679000000000000048e+00,1.699054772240477007e+01
1.679999999999999938e+00,1.703868299305238665e+01
1.681000000000000050e+00,1.702041348447639635e+01
1.681999999999999940e+00,1.710583978711243702e+01
1.683000000000000052e+00,1.706677756838557514e+01
1.683999999999999941e+00,1.707130604728856582e+01
1.685000000000000053e+00,1.704511291581443544e+01
1.685999999999999943e+00,1.698418342115718360e+01
1.687000000000000055e+00,1.706922201743763168e+01
1.687999999999999945e+00,1.698713255711563264e+01
1.689000000000000057e+00,1.702317146287844807e+01
1.689999999999999947e+00,1.699269694148918219e+01
1.691000000000000059e+00,1.703636941024213769e+01
1.691999999999999948e+00,1.704328814943029613e+01
1.693000000000000060e+00,1.698320531831139135e+01
1.693999999999999950e+00,1.697671164319532977e+01
1.695000000000000062e+00,1.702269527859247589e+01
1.695999999999999952e+00,1.710696026277922144e+01
1.697000000000000064e+00,1.700877169055519644e+01
1.697999999999999954e+00,1.710809576243379837e+01
1.699000000000000066e+00,1.709166758989881174e+01
1.699999999999999956e+00,1.705937456416480202e+01
1.701000000000000068e+00,1.706282386669646556e+01
1.701999999999999957e+00,1.700655877240320635e+01
1.703000000000000069e+00,1.701319422855026176e+01
1.703999999999999959e+00,1.709473667797475471e+01
1.705000000000000071e+00,1.703222177967087347e+01
1.705999999999999961e+00,1.704671606990126520e+01
1.707000000000000073e+00,1.702751178676430044e+01
1.707999999999999963e+00,1.708713882568314091e+01
1.709000000000000075e+00,1.700072127686897616e+01
1.709999999999999964e+00,1.704576612482169651e+01
1.711000000000000076e+00,1.709759177866976287e+01
1.711999999999999966e+00,1.710221521410897694e+01
1.713000000000000078e+00,1.707740633566065114e+01
1.713999999999999968e+00,1.704094403035496086e+01
1.715000000000000080e+00,1.713875241496474544e+01
1.715999999999999970e+00,1.709251148799309306e+01
1.717000000000000082e+00,1.708922596715044762e+01
1.717999999999999972e+00,1.702620317603248878e+01
1.719000000000000083e+00,1.706339963941926641e+01
1.719999999999999973e+00,1.698761490744863778e+01
1.721000000000000085e+00,1.701082773255742353e+01
1.721999999999999975e+00,1.700039541590410863e+01
1.723000000000000087e+00,1.705309744361417401e+01
1.723999999999999977e+00,1.701150194836629481e+01
1.725000000000000089e+00,1.708402263505787744e+01
1.725999999999999979e+00,1.704915405931101446e+01
1.727000000000000091e+00,1.707252881955907853e+01
1.727999999999999980e+00,1.709968762238363382e+01
1.729000000000000092e+00,1.710622244937255587e+01
1.729999999999999982e+00,1.706744006644673206e+01
1.731000000000000094e+00,1.710447864743103707e+01
1.731999999999999984e+00,1.714722325794845048e+01
1.733000000000000096e+00,1.715044648918684089e+01
1.733999999999999986e+00,1.701469425541119307e+01
1.735000000000000098e+00,1.709031535493678078e+01
1.735999999999999988e+00,1.699552738976218791e+01
1.737000000000000099e+00,1.714536578548262824e+01
1.737999999999999989e+00,1.707084659558629269e+01
1.739000000000000101e+00,1.711455664143432998e+01
1.739999999999999991e+00,1.710748131139059325e+01
1.741000000000000103e+00,1.707687633417173600e+01
1.741999999999999993e+00,1.707145661771420819e+01
1.743000000000000105e+00,1.705339624300702539e+01
1.743999999999999995e+00,1.705138127932153935e+01
1.745000000000000107e+00,1.709375815729593384e+01
1.745999999999999996e+00,1.706033439998546086e+01
1.747000000000000108e+00,1.712776465725687913e+01
1.747999999999999998e+00,1.704515260191488224e+01
1.749000000000000110e+00,1.707479305191952079e+01
1.750000000000000000e+00,1.704017872403595391e+01
1.750999999999999890e+00,1.712870392328217051e+01
1.752000000000000002e+00,1.703457677711814711e+01
1.752999999999999892e+00,1.714856311677733913e+01
1.754000000000000004e+00,1.710159134328361574e+01
1.754999999999999893e+00,1.709333470960149270e+01
1.756000000000000005e+00,1.702330434803068115e+01
1.756999999999999895e+00,1.708963112347153412e+01
1.758000000000000007e+00,1.711240095120231075e+01
1.758999999999999897e+00,1.704719299524690967e+01
1.760000000000000009e+00,1.707894747764049725e+01
1.760999999999999899e+00,1.703427410168102085e+01
1.762000000000000011e+00,1.700225499776660953e+01
1.762999999999999901e+00,1.699157837720646569e+01
1.764000000000000012e+00,1.700213938920470724e+01
1.764999999999999902e+00,1.701326026100511513e+01
1.766000000000000014e+00,1.702352061725908072e+01
1.766999999999999904e+00,1.703442848042123003e+01
1.768000000000000016e+00,1.702816011259375983e+01
1.768999999999999906e+00,1.697925984815058698e+01
1.770000000000000018e+00,1.700421747599059330e+01
1.770999999999999908e+00,1.702647297118285152e+01
1.772000000000000020e+00,1.701818358407080822e+01
1.772999999999999909e+00,1.695774815639972388e+01
1.774000000000000021e+00,1.697140025016458864e+01
1.774999999999999911e+00,1.695239817233850843e+01
1.776000000000000023e+00,1.692637495210742671e+01
1.776999999999999913e+00,1.703809050315264173e+01
1.778000000000000025e+00,1.698610788884863609e+01
1.778999999999999915e+00,1.709398415603520505e+01
1.780000000000000027e+00,1.706386796860471833e+01
1.780999999999999917e+00,1.705173259061471924e+01
1.782000000000000028e+00,1.704896047364498912e+01
1.782999999999999918e+00,1.696850649078701068e+01
1.784000000000000030e+00,1.705062585037144629e+01
1.784999999999999920e+00,1.715919437779258772e+01
1.786000000000000032e+00,1.707930962485046322e+01
1.786999999999999922e+00,1.706866942876720827e+01
1.788000000000000034e+00,1.708529659248864618e+01
1.788999999999999924e+00,1.707641231025331052e+01
1.790000000000000036e+00,1.705093601911842427e+01
1.790999999999999925e+00,1.705443976667321593e+01
1.792000000000000037e+00,1.707178082651419970e+01
1.792999999999999927e+00,1.701043960655508158e+01
1.794000000000000039e+00,1.701227528729958749e+01
1.794999999999999929e+00,1.698763615511541403e+01
1.796000000000000041e+00,1.701273974285200907e+01
1.796999999999999931e+00,1.702198134578845767e+01
1.798000000000000043e+00,1.700799850694150450e+01
1.798999999999999932e+00,1.702781847942738835e+01
1.800000000000000044e+00,1.700434825378983206e+01
1.800999999999999934e+00,1.697213093620111835e+01
1.802000000000000046e+00,1.705033450166051523e+01
1.802999999999999936e+00,1.698671840050996451e+01
1.804000000000000048e+00,1.696833659338972566e+01
1.804999999999999938e+00,1.699397285848050032e+01
1.806000000000000050e+00,1.694154701916822958e+01
1.806999999999999940e+00,1.699239410336467415e+01
1.808000000000000052e+00,1.698865545657363185e+01
1.808999999999999941e+00,1.706664672337594979e+01
1.810000000000000053e+00,1.694825261091071411e+01
1.810999999999999943e+00,1.692425111694450379e+01
1.812000000000000055e+00,1.700949717936582317e+01
1.812999999999999945e+00,1.696445318962948434e+01
1.814000000000000057e+00,1.694862341552081020e+01
1.814999999999999947e+00,1.706051036225913009e+01
1.816000000000000059e+00,1.702871646131866612e+01
1.816999999999999948e+00,1.703255811745411208e+01
1.818000000000000060e+00,1.701148946780718063e+01
1.818999999999999950e+00,1.699947724878799349e+01
1.820000000000000062e+00,1.706128639493527643e+01
1.820999999999999952e+00,1.703304201949495678e+01
1.822000000000000064e+00,1.703379285952945565e+01
1.822999999999999954e+00,1.700202907496537108e+01
1.824000000000000066e+00,1.702520579375958221e+01
1.824999999999999956e+00,1.702717219841054686e+01
1.826000000000000068e+00,1.699098251549489902e+01
1.826999999999999957e+00,1.700266696172324643e+01
1.828000000000000069e+00,1.707521150482054750e+01
1.828999999999999959e+00,1.697644771576752376e+01
1.830000000000000071e+00,1.701677897462868216e+01
1.830999999999999961e+00,1.695517358768779559e+01
1.832000000000000073e+00,1.701640556730926335e+01
1.832999999999999963e+00,1.701556835660168332e+01
1.834000000000000075e+00,1.700431263137818760e+01
1.834999999999999964e+00,1.707369138361649874e+01
1.836000000000000076e+00,1.701035863298584516e+01
1.836999999999999966e+00,1.702589812609834752e+01
1.838000000000000078e+00,1.701047286095625921e+01
1.838999999999999968e+00,1.695163690594795014e+01
1.840000000000000080e+00,1.707407518556491510e+01
1.840999999999999970e+00,1.709799879876055329e+01
1.842000000000000082e+00,1.696686690141110887e+01
1.842999999999999972e+00,1.706999855256972864e+01
1.844000000000000083e+00,1.699632916891701839e+01
1.844999999999999973e+00,1.710624731722741387e+01
1.846000000000000085e+00,1.704996891799379810e+01
1.846999999999999975e+00,1.708364833873512367e+01
1.848000000000000087e+00,1.711845544834203992e+01
1.848999999999999977e+00,1.705068988330852520e+01
1.850000000000000089e+00,1.700365328920990748e+01
1.850999999999999979e+00,1.705061319185842805e+01
1.852000000000000091e+00,1.704934763893405858e+01
1.852999999999999980e+00,1.706579080812471716e+01
1.854000000000000092e+00,1.704056989578182169e+01
1.854999999999999982e+00,1.705828648256818880e+01
1.856000000000000094e+00,1.707887732394148017e+01
1.856999999999999984e+00,1.705570693945862715e+01
1.858000000000000096e+00,1.706385994502758763e+01
1.858999999999999986e+00,1.704223015190301993e+01
1.860000000000000098e+00,1.705239196310908767e+01
1.860999999999999988e+00,1.708706898515089989e+01
1.862000000000000099e+00,1.710459528084342296e+01
1.862999999999999989e+00,1.704897293286933646e+01
1.864000000000000101e+00,1.706492854529227543e+01
1.864999999999999991e+00,1.707411355650193840e+01
1.866000000000000103e+00,1.708860344001445597e+01
1.866999999999999993e+00,1.708546286568405392e+01
1.868000000000000105e+00,1.713429195358664003e+01
1.868999999999999995e+00,1.706245624154997742e+01
1.870000000000000107e+00,1.709804235074600243e+01
1.870999999999999996e+00,1.711074313391118906e+01
1.872000000000000108e+00,1.706794178682283913e+01
1.872999999999999998e+00,1.705731734618316864e+01
1.874000000000000110e+00,1.703023055659532758e+01
1.875000000000000000e+00,1.704173997234990168e+01
1.875999999999999890e+00,1.709189865764662031e+01
1.877000000000000002e+00,1.709965460067427045e+01
1.877999999999999892e+00,1.702679747063307758e+01
1.879000000000000004e+00,1.706429694659358987e+01
1.879999999999999893e+00,1.704680905405525948e+01
1.881000000000000005e+00,1.702283826088275376e+01
1.881999999999999895e+00,1.706024457461587573e+01
1.883000000000000007e+00,1.702170813016865480e+01
1.883999999999999897e+00,1.700547252214679617e+01
1.885000000000000009e+00,1.707067443214043223e+01
1.885999999999999899e+00,1.699564285483576498e+01
1.887000000000000011e+00,1.698408375433176332e+01
1.887999999999999901e+00,1.704738385132570500e+01
1.889000000000000012e+00,1.702865175198769876e+01
1.889999999999999902e+00,1.701947776032471182e+01
1.891000000000000014e+00,1.709981240113412682e+01
1.891999999999999904e+00,1.706228437263623832e+01
1.893000000000000016e+00,1.702430277606641695e+01
1.893999999999999906e+00,1.704249109912748494e+01
1.895000000000000018e+00,1.702549205101432506e+01
1.895999999999999908e+00,1.699466741248056678e+01
1.897000000000000020e+00,1.697296448848907602e+01
1.897999999999999909e+00,1.702198716421104052e+01
1.899000000000000021e+00,1.701902573675093322e+01
1.899999999999999911e+00,1.703115050695986810e+01
1.901000000000000023e+00,1.703435076629457967e+01
1.901999999999999913e+00,1.709692473947934488e+01
1.903000000000000025e+00,1.703461097283719994e+01
1.903999999999999915e+00,1.700872877051412857e+01
1.905000000000000027e+00,1.700449678036629564e+01
1.905999999999999917e+00,1.702465879002902227e+01
1.907000000000000028e+00,1.705337817785733279e+01
1.907999999999999918e+00,1.700504472839991976e+01
1.909000000000000030e+00,1.708144899196967970e+01
1.909999999999999920e+00,1.702786901636271466e+01
1.911000000000000032e+00,1.701168654026609062e+01
1.911999999999999922e+00,1.702824400616244205e+01
1.913000000000000034e+00,1.700823553234598506e+01
1.913999999999999924e+00,1.706108142523169491e+01
1.915000000000000036e+00,1.701853036839156275e+01
1.915999999999999925e+00,1.706111819660553053e+01
1.917000000000000037e+00,1.705521368076116673e+01
1.917999999999999927e+00,1.712629821130726526e+01
1.919000000000000039e+00,1.701120340497414318e+01
1.919999999999999929e+00,1.700717451837511618e+01
1.921000000000000041e+00,1.709764737822348479e+01
1.921999999999999931e+00,1.701122898731691535e+01
1.923000000000000043e+00,1.702375123903544107e+01
1.923999999999999932e+00,1.710097967268453800e+01
1.925000000000000044e+00,1.704950515185439741e+01
1.925999999999999934e+00,1.700487205895291964e+01
1.927000000000000046e+00,1.703126632512812222e+01
1.927999999999999936e+00,1.694551828880859290e+01
1.929000000000000048e+00,1.699271901308599908e+01
1.929999999999999938e+00,1.705793396993384547e+01
1.931000000000000050e+00,1.702825653508500992e+01
1.931999999999999940e+00,1.708537506713593146e+01
1.933000000000000052e+00,1.707291328407127651e+01
1.933999999999999941e+00,1.697496845174678270e+01
1.935000000000000053e+00,1.702778520277277252e+01
1.935999999999999943e+00,1.696889156270549037e+01
1.937000000000000055e+00,1.698300191174282503e+01
1.937999999999999945e+00,1.697818106948076533e+01
1.939000000000000057e+00,1.699555311188553119e+01
1.939999999999999947e+00,1.707160192517520514e+01
1.941000000000000059e+00,1.695079494615477600e+01
1.941999999999999948e+00,1.703683429652152981e+01
1.943000000000000060e+00,1.707587799460693034e+01
1.943999999999999950e+00,1.702991641464527817e+01
1.945000000000000062e+00,1.705612987325701013e+01
1.945999999999999952e+00,1.708677086376522780e+01
1.947000000000000064e+00,1.707291881177056680e+01
1.947999999999999954e+00,1.713593820690923053e+01
1.949000000000000066e+00,1.713449994421436529e+01
1.949999999999999956e+00,1.708277033766396258e+01
1.951000000000000068e+00,1.718055834547715222e+01
1.951999999999999957e+00,1.707534048187052633e+01
1.953000000000000069e+00,1.706961033505318781e+01
1.953999999999999959e+00,1.705380893887902616e+01
1.955000000000000071e+00,1.701336879356055221e+01
1.955999999999999961e+00,1.704217496316481117e+01
1.957000000000000073e+00,1.709959962479515383e+01
1.957999999999999963e+00,1.704540050895129610e+01
1.959000000000000075e+00,1.708236935807702395e+01
1.959999999999999964e+00,1.704898799737701864e+01
1.961000000000000076e+00,1.711657230890644144e+01
1.961999999999999966e+00,1.700902721785181271e+01
1.963000000000000078e+00,1.711365368809613585e+01
1.963999999999999968e+00,1.708524882454678462e+01
1.965000000000000080e+00,1.708397821552924967e+01
1.965999999999999970e+00,1.707080891688127267e+01
1.967000000000000082e+00,1.709210057732770593e+01
1.967999999999999972e+00,1.705399986179191529e+01
1.969000000000000083e+00,1.705395674128368100e+01
1.969999999999999973e+00,1.706055365955381120e+01
1.971000000000000085e+00,1.697734068252932005e+01
1.971999999999999975e+00,1.705317518317807313e+01
1.973000000000000087e+00,1.701420481368808879e+01
1.973999999999999977e+00,1.710156862825038360e+01
1.975000000000000089e+00,1.701892647561104965e+01
1.975999999999999979e+00,1.706010609929903765e+01
1.977000000000000091e+00,1.705414044408610152e+01
1.977999999999999980e+00,1.707243465806612193e+01
1.979000000000000092e+00,1.705876771947808379e+01
1.979999999999999982e+00,1.700516042142644935e+01
1.981000000000000094e+00,1.707045296488851704e+01
1.981999999999999984e+00,1.708753622548070084e+01
1.983000000000000096e+00,1.709947995524121822e+01
1.983999999999999986e+00,1.708237283122902284e+01
1.985000000000000098e+00,1.705701562756304668e+01
1.985999999999999988e+00,1.714975203065863951e+01
1.987000000000000099e+00,1.715128341645044685e+01
1.987999999999999989e+00,1.713100123201593306e+01
1.989000000000000101e+00,1.710027861167341001e+01
1.989999999999999991e+00,1.707061934390289437e+01
1.991000000000000103e+00,1.711316998015153956e+01
1.991999999999999993e+00,1.717647069656326764e+01
1.993000000000000105e+00,1.713723981093084703e+01
1.993999999999999995e+00,1.709193511153763723e+01
1.995000000000000107e+00,1.710095543425166653e+01
1.995999999999999996e+00,1.709008355247480182e+01
1.997000000000000108e+00,1.717745086671432375e+01
1.997999999999999998e+00,1.711803373659882510e+01
1.999000000000000110e+00,1.705618725202746688e+01
2.000000000000000000e+00,1.709763167875655654e+01
2.000999999999999890e+00,1.711795304239463889e+01
2.001999999999999780e+00,1.708123124800219372e+01
2.003000000000000114e+00,1.710197767546201675e+01
2.004000000000000004e+00,1.705878968291553832e+01
2.004999999999999893e+00,1.707731950228821916e+01
2.005999999999999783e+00,1.707064765091195468e+01
2.007000000000000117e+00,1.717472492807088003e+01
2.008000000000000007e+00,1.709680443296926455e+01
2.008999999999999897e+00,1.705896035801576716e+01
2.009999999999999787e+00,1.704244863976118296e+01
2.011000000000000121e+00,1.713506742363393798e+01
2.012000000000000011e+00,1.711133674411987471e+01
2.012999999999999901e+00,1.710700894980394438e+01
2.013999999999999790e+00,1.705933320849773693e+01
2.015000000000000124e+00,1.709089070817958600e+01
2.016000000000000014e+00,1.709417015056505207e+01
2.016999999999999904e+00,1.703911175384104126e+01
2.017999999999999794e+00,1.704486988172670792e+01
2.019000000000000128e+00,1.713928069761552564e+01
2.020000000000000018e+00,1.705611054958381345e+01
2.020999999999999908e+00,1.705286889246317017e+01
2.021999999999999797e+00,1.708287621667391321e+01
2.023000000000000131e+00,1.713371919545164346e+01
2.024000000000000021e+00,1.712314538991001100e+01
2.024999999999999911e+00,1.714299845153838220e+01
2.025999999999999801e+00,1.713810202134193617e+01
2.027000000000000135e+00,1.716985391534205618e+01
2.028000000000000025e+00,1.715961577768353763e+01
2.028999999999999915e+00,1.707330290435163178e+01
2.029999999999999805e+00,1.710491385184216639e+01
2.031000000000000139e+00,1.713551452541183195e+01
2.032000000000000028e+00,1.712163217919211533e+01
2.032999999999999918e+00,1.716582774792083299e+01
2.033999999999999808e+00,1.715474520884632170e+01
2.035000000000000142e+00,1.715562989264985561e+01
2.036000000000000032e+00,1.716177960190564278e+01
2.036999999999999922e+00,1.712931901859944261e+01
2.037999999999999812e+00,1.713245511541924770e+01
2.039000000000000146e+00,1.713289801895847120e+01
2.040000000000000036e+00,1.713781742038318967e+01
2.040999999999999925e+00,1.702645419298566409e+01
2.041999999999999815e+00,1.698869845522663979e+01
2.043000000000000149e+00,1.706927816938235409e+01
2.044000000000000039e+00,1.707504003712311658e+01
2.044999999999999929e+00,1.707674234548638026e+01
2.045999999999999819e+00,1.706429191401934276e+01
2.047000000000000153e+00,1.702903429255369261e+01
2.048000000000000043e+00,1.704454996237249986e+01
2.048999999999999932e+00,1.708938951538843298e+01
2.049999999999999822e+00,1.701464374676654501e+01
2.051000000000000156e+00,1.710095683791645627e+01
2.052000000000000046e+00,1.704222196278026402e+01
2.052999999999999936e+00,1.706899973790480729e+01
2.053999999999999826e+00,1.705895935093941063e+01
2.055000000000000160e+00,1.710163433456348514e+01
2.056000000000000050e+00,1.710274161489834555e+01
2.056999999999999940e+00,1.711462006445572470e+01
2.057999999999999829e+00,1.704422530068591612e+01
2.059000000000000163e+00,1.706929874040290329e+01
2.060000000000000053e+00,1.707076036111656236e+01
2.060999999999999943e+00,1.703639624733114388e+01
2.061999999999999833e+00,1.705857343983219465e+01
2.063000000000000167e+00,1.704159952531090738e+01
2.064000000000000057e+00,1.705908772427159903e+01
2.064999999999999947e+00,1.712364957101882723e+01
2.065999999999999837e+00,1.705587401211647958e+01
2.067000000000000171e+00,1.703688699153739350e+01
2.068000000000000060e+00,1.712595177912714206e+01
2.068999999999999950e+00,1.705428069363980370e+01
2.069999999999999840e+00,1.706625177344184152e+01
2.071000000000000174e+00,1.706356132891408706e+01
2.072000000000000064e+00,1.707196898307729782e+01
2.072999999999999954e+00,1.706321892340253399e+01
2.073999999999999844e+00,1.709135412295479739e+01
2.075000000000000178e+00,1.707270727741093452e+01
2.076000000000000068e+00,1.702630031302934910e+01
2.076999999999999957e+00,1.707110623728679144e+01
2.077999999999999847e+00,1.703252284747409462e+01
2.079000000000000181e+00,1.703386820222183218e+01
2.080000000000000071e+00,1.704558179162268416e+01
2.080999999999999961e+00,1.706845038418749994e+01
2.081999999999999851e+00,1.706119006379564951e+01
2.083000000000000185e+00,1.707425222978377377e+01
2.084000000000000075e+00,1.708512466620626924e+01
2.084999999999999964e+00,1.705959687819470716e+01
2.085999999999999854e+00,1.706911811636169674e+01
2.087000000000000188e+00,1.702112854345308435e+01
2.088000000000000078e+00,1.700817168225145082e+01
2.088999999999999968e+00,1.706966070839523653e+01
2.089999999999999858e+00,1.709239019426000183e+01
2.091000000000000192e+00,1.702185820735576627e+01
2.092000000000000082e+00,1.703442382824775692e+01
2.092999999999999972e+00,1.701047270585116067e+01
2.093999999999999861e+00,1.698080485591995270e+01
2.095000000000000195e+00,1.699191769156343312e+01
2.096000000000000085e+00,1.698981450791229264e+01
2.096999999999999975e+00,1.703272072939630633e+01
2.097999999999999865e+00,1.697320077572986108e+01
2.099000000000000199e+00,1.704550098286042470e+01
2.100000000000000089e+00,1.708129365978093972e+01
2.100999999999999979e+00,1.706897285475373138e+01
2.101999999999999869e+00,1.701280268119250394e+01
2.103000000000000203e+00,1.708667250948697003e+01
2.104000000000000092e+00,1.705095280606925456e+01
2.104999999999999982e+00,1.710707165707719923e+01
2.105999999999999872e+00,1.703867763206275043e+01
2.107000000000000206e+00,1.711624430689045795e+01
2.108000000000000096e+00,1.705075563769384317e+01
2.108999999999999986e+00,1.702894475466005275e+01
2.109999999999999876e+00,1.710117914587108956e+01
2.111000000000000210e+00,1.702119341439053812e+01
2.112000000000000099e+00,1.713008933838214887e+01
2.112999999999999989e+00,1.706077709141027654e+01
2.113999999999999879e+00,1.713250943330792353e+01
2.115000000000000213e+00,1.712309666266501651e+01
2.116000000000000103e+00,1.715480949616528861e+01
2.116999999999999993e+00,1.711717944269952696e+01
2.117999999999999883e+00,1.706662134888896531e+01
2.119000000000000217e+00,1.714287719232093110e+01
2.120000000000000107e+00,1.714059469205134434e+01
2.120999999999999996e+00,1.710797688197230926e+01
2.121999999999999886e+00,1.706345985011794397e+01
2.123000000000000220e+00,1.699576730212687892e+01
2.124000000000000110e+00,1.708407123287790697e+01
2.125000000000000000e+00,1.701248247926219648e+01
2.125999999999999890e+00,1.707317083717596518e+01
2.126999999999999780e+00,1.703020368564212461e+01
2.128000000000000114e+00,1.708656851237664043e+01
2.129000000000000004e+00,1.708561666407769408e+01
2.129999999999999893e+00,1.714258284377839558e+01
2.130999999999999783e+00,1.714764016033500127e+01
2.132000000000000117e+00,1.701687131122841379e+01
2.133000000000000007e+00,1.707500553808454313e+01
2.133999999999999897e+00,1.712046778809908432e+01
2.134999999999999787e+00,1.711669747075067249e+01
2.136000000000000121e+00,1.710743755502123520e+01
2.137000000000000011e+00,1.708771958696097926e+01
2.137999999999999901e+00,1.706737169832131684e+01
2.138999999999999790e+00,1.708710123719156826e+01
2.140000000000000124e+00,1.708534568655878161e+01
2.141000000000000014e+00,1.708803683736770296e+01
2.141999999999999904e+00,1.704839099986285333e+01
2.142999999999999794e+00,1.697249431914212181e+01
2.144000000000000128e+00,1.697670171117766102e+01
2.145000000000000018e+00,1.699669101394199444e+01
2.145999999999999908e+00,1.708186868979881723e+01
2.146999999999999797e+00,1.704159883572606304e+01
2.148000000000000131e+00,1.705344026702288929e+01
2.149000000000000021e+00,1.704012590100662905e+01
2.149999999999999911e+00,1.704418692167435267e+01
2.150999999999999801e+00,1.702157908119747631e+01
2.152000000000000135e+00,1.698346345275579949e+01
2.153000000000000025e+00,1.702039469891851553e+01
2.153999999999999915e+00,1.704005859567088876e+01
2.154999999999999805e+00,1.697630006090840027e+01
2.156000000000000139e+00,1.696779439500189568e+01
2.157000000000000028e+00,1.704613311613638515e+01
2.157999999999999918e+00,1.699273016660589519e+01
2.158999999999999808e+00,1.697541626126861658e+01
2.160000000000000142e+00,1.703793822533314284e+01
2.161000000000000032e+00,1.702168143937680611e+01
2.161999999999999922e+00,1.702489764331060940e+01
2.162999999999999812e+00,1.698551150831533363e+01
2.164000000000000146e+00,1.701264862657523480e+01
2.165000000000000036e+00,1.708939052135097825e+01
2.165999999999999925e+00,1.701596216571865483e+01
2.166999999999999815e+00,1.696255701766122570e+01
2.168000000000000149e+00,1.701647904366264186e+01
2.169000000000000039e+00,1.699591089888415141e+01
2.169999999999999929e+00,1.700419124380495717e+01
2.170999999999999819e+00,1.701411219797979513e+01
2.172000000000000153e+00,1.708563229335141642e+01
2.173000000000000043e+00,1.702368632813082883e+01
2.173999999999999932e+00,1.705178859725256757e+01
2.174999999999999822e+00,1.716006724905169989e+01
2.176000000000000156e+00,1.710850124184016963e+01
2.177000000000000046e+00,1.702021932076192812e+01
2.177999999999999936e+00,1.707866176208117182e+01
2.178999999999999826e+00,1.708887035059946768e+01
2.180000000000000160e+00,1.706113442769112254e+01
2.181000000000000050e+00,1.694822062095327553e+01
2.181999999999999940e+00,1.702037155720625350e+01
2.182999999999999829e+00,1.709926711943737843e+01
2.184000000000000163e+00,1.708497185822155728e+01
2.185000000000000053e+00,1.704789433704875989e+01
2.185999999999999943e+00,1.712189353207620357e+01
2.186999999999999833e+00,1.707795909344230978e+01
2.188000000000000167e+00,1.704349668629088299e+01
2.189000000000000057e+00,1.711325143876869248e+01
2.189999999999999947e+00,1.712127779972043840e+01
2.190999999999999837e+00,1.706855464220197760e+01
2.192000000000000171e+00,1.706558680783749793e+01
2.193000000000000060e+00,1.707687811524987254e+01
2.193999999999999950e+00,1.707081923225250364e+01
2.194999999999999840e+00,1.707372964138563631e+01
2.196000000000000174e+00,1.707625526753736267e+01
2.197000000000000064e+00,1.700687886116151404e+01
2.197999999999999954e+00,1.703228864935771725e+01
2.198999999999999844e+00,1.700909092966182712e+01
2.200000000000000178e+00,1.710728819110968146e+01
2.201000000000000068e+00,1.705338560977899576e+01
2.201999999999999957e+00,1.712010912290996245e+01
2.202999999999999847e+00,1.711148381714669497e+01
2.204000000000000181e+00,1.710790372136713700e+01
2.205000000000000071e+00,1.709320302874156283e+01
2.205999999999999961e+00,1.710560272060594045e+01
2.206999999999999851e+00,1.712056158092441649e+01
2.208000000000000185e+00,1.709056948367350515e+01
2.209000000000000075e+00,1.712453404609991381e+01
2.209999999999999964e+00,1.714301406899618385e+01
2.210999999999999854e+00,1.706274659934613425e+01
2.212000000000000188e+00,1.714495881046542536e+01
2.213000000000000078e+00,1.707692858188235618e+01
2.213999999999999968e+00,1.705610287664629610e+01
2.214999999999999858e+00,1.705304192422835641e+01
2.216000000000000192e+00,1.715636271536943624e+01
2.217000000000000082e+00,1.703420596359720207e+01
2.217999999999999972e+00,1.711743726591459591e+01
2.218999999999999861e+00,1.702553837547556270e+01
2.220000000000000195e+00,1.715487727909519222e+01
2.221000000000000085e+00,1.710561078213460107e+01
2.221999999999999975e+00,1.705740030909105087e+01
2.222999999999999865e+00,1.702387750317222270e+01
2.224000000000000199e+00,1.706668773862497801e+01
2.225000000000000089e+00,1.703081032399701300e+01
2.225999999999999979e+00,1.707104528883856531e+01
2.226999999999999869e+00,1.697410403933868039e+01
2.228000000000000203e+00,1.713088134697357745e+01
2.229000000000000092e+00,1.712403926983050440e+01
2.229999999999999982e+00,1.711238844497562894e+01
2.230999999999999872e+00,1.701137552843963974e+01
2.232000000000000206e+00,1.711452012587047378e+01
2.233000000000000096e+00,1.705893676996123531e+01
2.233999999999999986e+00,1.707741535273349598e+01
2.234999999999999876e+00,1.716830051876769403e+01
2.236000000000000210e+00,1.709686371343355304e+01
2.237000000000000099e+00,1.708176293937525259e+01
2.237999999999999989e+00,1.706751527060245266e+01
2.238999999999999879e+00,1.703341000582510389e+01
2.240000000000000213e+00,1.709604673475977776e+01
2.241000000000000103e+00,1.710876797197165544e+01
2.241999999999999993e+00,1.712386589723407937e+01
2.242999999999999883e+00,1.710653979582854944e+01
2.244000000000000217e+00,1.706639262994265138e+01
2.245000000000000107e+00,1.707378857438011011e+01
2.245999999999999996e+00,1.712402564028787566e+01
2.246999999999999886e+00,1.704084444043899538e+01
2.248000000000000220e+00,1.713325155051709103e+01
2.249000000000000110e+00,1.701584944938322508e+01
2.250000000000000000e+00,1.701421253386754628e+01
2.250999999999999890e+00,1.708877253005279684e+01
2.251999999999999780e+00,1.702829124183651288e+01
2.253000000000000114e+00,1.705672042533481658e+01
2.254000000000000004e+00,1.706288728596156901e+01
2.254999999999999893e+00,1.703230242239973791e+01
2.255999999999999783e+00,1.700861443565107933e+01
2.257000000000000117e+00,1.703615334652030455e+01
2.258000000000000007e+00,1.702777872924555425e+01
2.258999999999999897e+00,1.704659967781049090e+01
2.259999999999999787e+00,1.704391862020491644e+01
2.261000000000000121e+00,1.703357194186038726e+01
2.262000000000000011e+00,1.705466632595598853e+01
2.262999999999999901e+00,1.705755320396512076e+01
2.263999999999999790e+00,1.709567232838746520e+01
2.265000000000000124e+00,1.708727725718394552e+01
2.266000000000000014e+00,1.707133534224800897e+01
2.266999999999999904e+00,1.717453861518026059e+01
2.267999999999999794e+00,1.705476990607920129e+01
2.269000000000000128e+00,1.709655362293903380e+01
2.270000000000000018e+00,1.699942010055312736e+01
2.270999999999999908e+00,1.702944727565026284e+01
2.271999999999999797e+00,1.705667427986211848e+01
2.273000000000000131e+00,1.707256120335073035e+01
2.274000000000000021e+00,1.713396654272737862e+01
2.274999999999999911e+00,1.706896317584513767e+01
2.275999999999999801e+00,1.708845631432275525e+01
2.277000000000000135e+00,1.708646873157034562e+01
2.278000000000000025e+00,1.707307322240535186e+01
2.278999999999999915e+00,1.709338578083227134e+01
2.279999999999999805e+00,1.707856237625291840e+01
2.281000000000000139e+00,1.706347188868321041e+01
2.282000000000000028e+00,1.706539951570863423e+01
2.282999999999999918e+00,1.702870421134309709e+01
2.283999999999999808e+00,1.709938927948519449e+01
2.285000000000000142e+00,1.710775527053121081e+01
2.286000000000000032e+00,1.713011256490716860e+01
2.286999999999999922e+00,1.707307490069441869e+01
2.287999999999999812e+00,1.710061498735271002e+01
2.289000000000000146e+00,1.702251591475237547e+01
2.290000000000000036e+00,1.709504917004369062e+01
2.290999999999999925e+00,1.709077496140403341e+01
2.291999999999999815e+00,1.708815172356313994e+01
2.293000000000000149e+00,1.712231722416932911e+01
2.294000000000000039e+00,1.713228171491880758e+01
2.294999999999999929e+00,1.711728039067213913e+01
2.295999999999999819e+00,1.707872959936171497e+01
2.297000000000000153e+00,1.712381008705093777e+01
2.298000000000000043e+00,1.711988932215799863e+01
2.298999999999999932e+00,1.709189598978634450e+01
2.299999999999999822e+00,1.709250708283566667e+01
2.301000000000000156e+00,1.715012383517536065e+01
2.302000000000000046e+00,1.709013508517792701e+01
2.302999999999999936e+00,1.708150209987160295e+01
2.303999999999999826e+00,1.700272393705559892e+01
2.305000000000000160e+00,1.706234419231500610e+01
2.306000000000000050e+00,1.709878316443206359e+01
2.306999999999999940e+00,1.709605776302026214e+01
2.307999999999999829e+00,1.705271639118826599e+01
2.309000000000000163e+00,1.708144183200210264e+01
2.310000000000000053e+00,1.714144630596749508e+01
2.310999999999999943e+00,1.705753028586828535e+01
2.311999999999999833e+00,1.710877156929300114e+01
2.313000000000000167e+00,1.713308737336139487e+01
2.314000000000000057e+00,1.707725046103337263e+01
2.314999999999999947e+00,1.709787009642537114e+01
2.315999999999999837e+00,1.715663642175262638e+01
2.317000000000000171e+00,1.706396657089796065e+01
2.318000000000000060e+00,1.705518423137118589e+01
2.318999999999999950e+00,1.706346920481331253e+01
2.319999999999999840e+00,1.710431918824234288e+01
2.321000000000000174e+00,1.710802984652147174e+01
2.322000000000000064e+00,1.710856416807670399e+01
2.322999999999999954e+00,1.708481410911124243e+01
2.323999999999999844e+00,1.707504385400632785e+01
2.325000000000000178e+00,1.700645609906470668e+01
2.326000000000000068e+00,1.712576532162033160e+01
2.326999999999999957e+00,1.705874063872000335e+01
2.327999999999999847e+00,1.706171324117744348e+01
2.329000000000000181e+00,1.708511073642373645e+01
2.330000000000000071e+00,1.709044158408385528e+01
2.330999999999999961e+00,1.705802179678359920e+01
2.331999999999999851e+00,1.706953569231022172e+01
2.333000000000000185e+00,1.717434542037411305e+01
2.334000000000000075e+00,1.704909838945700074e+01
2.334999999999999964e+00,1.713142805719452610e+01
2.335999999999999854e+00,1.707627326741583573e+01
2.337000000000000188e+00,1.707470591269037286e+01
2.338000000000000078e+00,1.707543761739793098e+01
2.338999999999999968e+00,1.707857419062111859e+01
2.339999999999999858e+00,1.706158322644422043e+01
2.341000000000000192e+00,1.709838252347996956e+01
2.342000000000000082e+00,1.713775012157131172e+01
2.342999999999999972e+00,1.705111998800590811e+01
2.343999999999999861e+00,1.708097394531079516e+01
2.345000000000000195e+00,1.708783581240644622e+01
2.346000000000000085e+00,1.706906192823363000e+01
2.346999999999999975e+00,1.711214111557078965e+01
2.347999999999999865e+00,1.710998422396912844e+01
2.349000000000000199e+00,1.712961385388688385e+01
2.350000000000000089e+00,1.709367517084544019e+01
2.350999999999999979e+00,1.713580896204442539e+01
2.351999999999999869e+00,1.704672498859034135e+01
2.353000000000000203e+00,1.708945564372010750e+01
2.354000000000000092e+00,1.702803926500163456e+01
2.354999999999999982e+00,1.706268270961228950e+01
2.355999999999999872e+00,1.704402035842302965e+01
2.357000000000000206e+00,1.706650585392221231e+01
2.358000000000000096e+00,1.701885727811598059e+01
2.358999999999999986e+00,1.697411269613327534e+01
2.359999999999999876e+00,1.694837070611486496e+01
2.361000000000000210e+00,1.700042777213895562e+01
2.362000000000000099e+00,1.698812702237356831e+01
2.362999999999999989e+00,1.692657476208524159e+01
2.363999999999999879e+00,1.696023555337863797e+01
2.365000000000000213e+00,1.695538132219598282e+01
2.366000000000000103e+00,1.692797578412785953e+01
2.366999999999999993e+00,1.698300616142439523e+01
2.367999999999999883e+00,1.691510344426791690e+01
2.369000000000000217e+00,1.692863112623424726e+01
2.370000000000000107e+00,1.692332333641081732e+01
2.370999999999999996e+00,1.700510777392149819e+01
2.371999999999999886e+00,1.693881180088822092e+01
2.373000000000000220e+00,1.691230580585404653e+01
2.374000000000000110e+00,1.698591360978030806e+01
2.375000000000000000e+00,1.706810335469706175e+01
2.375999999999999890e+00,1.704593128266458990e+01
2.376999999999999780e+00,1.699869677028407011e+01
2.378000000000000114e+00,1.698036160134617845e+01
2.379000000000000004e+00,1.701347020991023484e+01
2.379999999999999893e+00,1.699758620328248071e+01
2.380999999999999783e+00,1.703478867296297139e+01
2.382000000000000117e+00,1.699188701621329045e+01
2.383000000000000007e+00,1.706511575987505935e+01
2.383999999999999897e+00,1.709504582378520965e+01
2.384999999999999787e+00,1.702174088587920764e+01
2.386000000000000121e+00,1.708719315091286717e+01
2.387000000000000011e+00,1.710357949025188873e+01
2.387999999999999901e+00,1.702443049793835783e+01
2.388999999999999790e+00,1.706140044004729361e+01
2.390000000000000124e+00,1.701745818499230367e+01
2.391000000000000014e+00,1.706993099803656833e+01
2.391999999999999904e+00,1.708034817808084682e+01
2.392999999999999794e+00,1.700976905692254704e+01
2.394000000000000128e+00,1.706438120685849569e+01
2.395000000000000018e+00,1.707893833059343436e+01
2.395999999999999908e+00,1.707464962802709962e+01
2.396999999999999797e+00,1.706907523715279140e+01
2.398000000000000131e+00,1.707721236919983809e+01
2.399000000000000021e+00,1.703068018067420297e+01
2.399999999999999911e+00,1.709055214824222091e+01
2.400999999999999801e+00,1.701853840641327764e+01
2.402000000000000135e+00,1.704654433694119575e+01
2.403000000000000025e+00,1.701162780976694222e+01
2.403999999999999915e+00,1.704436601963010389e+01
2.404999999999999805e+00,1.705427268731961021e+01
2.406000000000000139e+00,1.710891007043543510e+01
2.407000000000000028e+00,1.704940340100090168e+01
2.407999999999999918e+00,1.706749258109610068e+01
2.408999999999999808e+00,1.707332899051747788e+01
2.410000000000000142e+00,1.707709963742691528e+01
2.411000000000000032e+00,1.699355105752984940e+01
2.411999999999999922e+00,1.706612834919680211e+01
2.412999999999999812e+00,1.701872448024153428e+01
2.414000000000000146e+00,1.699486419215008937e+01
2.415000000000000036e+00,1.708031742159265320e+01
2.415999999999999925e+00,1.700140349952302188e+01
2.416999999999999815e+00,1.704448700853386711e+01
2.418000000000000149e+00,1.699664695985314822e+01
2.419000000000000039e+00,1.700958521685888059e+01
2.419999999999999929e+00,1.699033422737606358e+01
2.420999999999999819e+00,1.696810695872029839e+01
2.422000000000000153e+00,1.700324272469202569e+01
2.423000000000000043e+00,1.710702125361231296e+01
2.423999999999999932e+00,1.696822000497767746e+01
2.424999999999999822e+00,1.704997013673586892e+01
2.426000000000000156e+00,1.700577927588507876e+01
2.427000000000000046e+00,1.701773181445726735e+01
2.427999999999999936e+00,1.706999491280143388e+01
2.428999999999999826e+00,1.699287447914009519e+01
2.430000000000000160e+00,1.695599458237999713e+01
2.431000000000000050e+00,1.702004619071992053e+01
2.431999999999999940e+00,1.704693224739218493e+01
2.432999999999999829e+00,1.710734567318401389e+01
2.434000000000000163e+00,1.698760854881991733e+01
2.435000000000000053e+00,1.703331197468257230e+01
2.435999999999999943e+00,1.696363532063350732e+01
2.436999999999999833e+00,1.704653368315864981e+01
2.438000000000000167e+00,1.702848875260833594e+01
2.439000000000000057e+00,1.698796340980096531e+01
2.439999999999999947e+00,1.697445391908187418e+01
2.440999999999999837e+00,1.702367498349167363e+01
2.442000000000000171e+00,1.699699160050145252e+01
2.443000000000000060e+00,1.698524113345474618e+01
2.443999999999999950e+00,1.699540224743858730e+01
2.444999999999999840e+00,1.702303783759935030e+01
2.446000000000000174e+00,1.697865065583281918e+01
2.447000000000000064e+00,1.692640132874639747e+01
2.447999999999999954e+00,1.694092156897538359e+01
2.448999999999999844e+00,1.704709767072943549e+01
2.450000000000000178e+00,1.704788848571022797e+01
2.451000000000000068e+00,1.705145548012678702e+01
2.451999999999999957e+00,1.700513314375044871e+01
2.452999999999999847e+00,1.699853919316768014e+01
2.454000000000000181e+00,1.704283524974990627e+01
2.455000000000000071e+00,1.700068908643703480e+01
2.455999999999999961e+00,1.700550787542242404e+01
2.456999999999999851e+00,1.695943280929171593e+01
2.458000000000000185e+00,1.702666231981731215e+01
2.459000000000000075e+00,1.705800705175675702e+01
2.459999999999999964e+00,1.709042008258998990e+01
2.460999999999999854e+00,1.709306872822751089e+01
2.462000000000000188e+00,1.704640993206831467e+01
2.463000000000000078e+00,1.699283875922832721e+01
2.463999999999999968e+00,1.710973536623608027e+01
2.464999999999999858e+00,1.702166278360600060e+01
2.466000000000000192e+00,1.698182995348574664e+01
2.467000000000000082e+00,1.706586044891968612e+01
2.467999999999999972e+00,1.698760170358945487e+01
2.468999999999999861e+00,1.705399204334011642e+01
2.470000000000000195e+00,1.696242929020950285e+01
2.471000000000000085e+00,1.694352731687865088e+01
2.471999999999999975e+00,1.695471757997941253e+01
2.472999999999999865e+00,1.704952450189352575e+01
2.474000000000000199e+00,1.696948510022114931e+01
2.475000000000000089e+00,1.697998316645438521e+01
2.475999999999999979e+00,1.697598335511442258e+01
2.476999999999999869e+00,1.696213185694943704e+01
2.478000000000000203e+00,1.708139429992421299e+01
2.479000000000000092e+00,1.699097192087851127e+01
2.479999999999999982e+00,1.697434395877658986e+01
2.480999999999999872e+00,1.702866919826452019e+01
2.482000000000000206e+00,1.704130847507887481e+01
2.483000000000000096e+00,1.695928434380108030e+01
2.483999999999999986e+00,1.704270307936161544e+01
2.484999999999999876e+00,1.701769837955117026e+01
2.486000000000000210e+00,1.695102419978427832e+01
2.487000000000000099e+00,1.698534262074364776e+01
2.487999999999999989e+00,1.702240345236104702e+01
2.488999999999999879e+00,1.699307972076379158e+01
2.490000000000000213e+00,1.703491449866431040e+01
2.491000000000000103e+00,1.706301007064859476e+01
2.491999999999999993e+00,1.710335358966484876e+01
2.492999999999999883e+00,1.709137171975703495e+01
2.494000000000000217e+00,1.698912214546990640e+01
2.495000000000000107e+00,1.707545758889826715e+01
2.495999999999999996e+00,1.698452693528304991e+01
2.496999999999999886e+00,1.700630311981279874e+01
2.498000000000000220e+00,1.693983045539246390e+01
2.499000000000000110e+00,1.699223171091538731e+01
2.500000000000000000e+00,1.690501044629228389e+01
2.500999999999999890e+00,1.700133750736386418e+01
2.501999999999999780e+00,1.705101781162133889e+01
2.503000000000000114e+00,1.695367545926121977e+01
2.504000000000000004e+00,1.694556610863773471e+01
2.504999999999999893e+00,1.698954871273799938e+01
2.505999999999999783e+00,1.691521668126365086e+01
2.507000000000000117e+00,1.693700314880025459e+01
2.508000000000000007e+00,1.700456269016420663e+01
2.508999999999999897e+00,1.697778666324312979e+01
2.509999999999999787e+00,1.703095899029992211e+01
2.511000000000000121e+00,1.695694471732149466e+01
2.512000000000000011e+00,1.694191800302101925e+01
2.512999999999999901e+00,1.700392844205932974e+01
2.513999999999999790e+00,1.696407181453015411e+01
2.515000000000000124e+00,1.699429230170915517e+01
2.516000000000000014e+00,1.696859146150145037e+01
2.516999999999999904e+00,1.694009333833000852e+01
2.517999999999999794e+00,1.694403873694155749e+01
2.519000000000000128e+00,1.697371117244948735e+01
2.520000000000000018e+00,1.696349759394550105e+01
2.520999999999999908e+00,1.698257180716338866e+01
2.521999999999999797e+00,1.692887501887221902e+01
2.523000000000000131e+00,1.701611486170723353e+01
2.524000000000000021e+00,1.696151975811113033e+01
2.524999999999999911e+00,1.694691017352310070e+01
2.525999999999999801e+00,1.700467080618441074e+01
2.527000000000000135e+00,1.699662149423929591e+01
2.528000000000000025e+00,1.694746965136899064e+01
2.528999999999999915e+00,1.696476478492669671e+01
2.529999999999999805e+00,1.699544040976427794e+01
2.531000000000000139e+00,1.705225550912834365e+01
2.532000000000000028e+00,1.705459375163719571e+01
2.532999999999999918e+00,1.707109347656984610e+01
2.533999999999999808e+00,1.698724337183647748e+01
2.535000000000000142e+00,1.692440772921822756e+01
2.536000000000000032e+00,1.695613021682384058e+01
2.536999999999999922e+00,1.699585805294977092e+01
2.537999999999999812e+00,1.698140793008852967e+01
2.539000000000000146e+00,1.695395864991666457e+01
2.540000000000000036e+00,1.700236088681167956e+01
2.540999999999999925e+00,1.693148018148736256e+01
2.541999999999999815e+00,1.696951196358771696e+01
2.543000000000000149e+00,1.695655170990576011e+01
2.544000000000000039e+00,1.694184769998193474e+01
2.544999999999999929e+00,1.706055268932503921e+01
2.545999999999999819e+00,1.700345240789002332e+01
2.547000000000000153e+00,1.696785216202498248e+01
2.548000000000000043e+00,1.697007559862946025e+01
2.548999999999999932e+00,1.708531906296688163e+01
2.549999999999999822e+00,1.704971641321295905e+01
2.551000000000000156e+00,1.696205557623147797e+01
2.552000000000000046e+00,1.691853182921267162e+01
2.552999999999999936e+00,1.697837007742542070e+01
2.553999999999999826e+00,1.702990256873359698e+01
2.555000000000000160e+00,1.696565183135608024e+01
2.556000000000000050e+00,1.699043891062851230e+01
2.556999999999999940e+00,1.697536489228460255e+01
2.557999999999999829e+00,1.698699436144085340e+01
2.559000000000000163e+00,1.697575171700745500e+01
2.560000000000000053e+00,1.698654301541310829e+01
2.560999999999999943e+00,1.705382032566011929e+01
2.561999999999999833e+00,1.703884631765403768e+01
2.563000000000000167e+00,1.708360913175712525e+01
2.564000000000000057e+00,1.706485538409814495e+01
2.564999999999999947e+00,1.694704154447457967e+01
2.565999999999999837e+00,1.700531534093976660e+01
2.567000000000000171e+00,1.701591493953146994e+01
2.568000000000000060e+00,1.696943208006257464e+01
2.568999999999999950e+00,1.699231434373730565e+01
2.569999999999999840e+00,1.695978759714802209e+01
2.571000000000000174e+00,1.695703269670672952e+01
2.572000000000000064e+00,1.695151485809307701e+01
2.572999999999999954e+00,1.689177862051347390e+01
2.573999999999999844e+00,1.693054217603653200e+01
2.575000000000000178e+00,1.694771986439790368e+01
2.576000000000000068e+00,1.702111197907032647e+01
2.576999999999999957e+00,1.693807516432789129e+01
2.577999999999999847e+00,1.699185204596449950e+01
2.579000000000000181e+00,1.695644409160212263e+01
2.580000000000000071e+00,1.696557011510163804e+01
2.580999999999999961e+00,1.703248814622281060e+01
2.581999999999999851e+00,1.698662084913827997e+01
2.583000000000000185e+00,1.695163900639948906e+01
2.584000000000000075e+00,1.700240719353228513e+01
2.584999999999999964e+00,1.699565438173650733e+01
2.585999999999999854e+00,1.696192756974588178e+01
2.587000000000000188e+00,1.696227576578068152e+01
2.588000000000000078e+00,1.696840265139576331e+01
2.588999999999999968e+00,1.700672387635295024e+01
2.589999999999999858e+00,1.703679772280775850e+01
2.591000000000000192e+00,1.698065430186174751e+01
2.592000000000000082e+00,1.701393367068622453e+01
2.592999999999999972e+00,1.701024624522226603e+01
2.593999999999999861e+00,1.700133065231173646e+01
2.595000000000000195e+00,1.700944422100234377e+01
2.596000000000000085e+00,1.705748874285006522e+01
2.596999999999999975e+00,1.700589063602163620e+01
2.597999999999999865e+00,1.702403339508575897e+01
2.599000000000000199e+00,1.699586041531442859e+01
2.600000000000000089e+00,1.700972720539192551e+01
2.600999999999999979e+00,1.696454005536721610e+01
2.601999999999999869e+00,1.702576716365014775e+01
2.603000000000000203e+00,1.702323392094199761e+01
2.604000000000000092e+00,1.703213800680910950e+01
2.604999999999999982e+00,1.699083951026497985e+01
2.605999999999999872e+00,1.701315543232079008e+01
2.607000000000000206e+00,1.699973689129953058e+01
2.608000000000000096e+00,1.699908961193328594e+01
2.608999999999999986e+00,1.703685624976185053e+01
2.609999999999999876e+00,1.703467759590936836e+01
2.611000000000000210e+00,1.705665707651114715e+01
2.612000000000000099e+00,1.702874738742737293e+01
2.612999999999999989e+00,1.703031129784792341e+01
2.613999999999999879e+00,1.699620472528448545e+01
2.615000000000000213e+00,1.701778886531198864e+01
2.616000000000000103e+00,1.698137854198589736e+01
2.616999999999999993e+00,1.694472193372700985e+01
2.617999999999999883e+00,1.697728144998106004e+01
2.619000000000000217e+00,1.691905102938795480e+01
2.620000000000000107e+00,1.697933253313970425e+01
2.620999999999999996e+00,1.698404161303758642e+01
2.621999999999999886e+00,1.694974331835280168e+01
2.623000000000000220e+00,1.702084243414288878e+01
2.624000000000000110e+00,1.701351426223988739e+01
2.625000000000000000e+00,1.702929288692974552e+01
2.625999999999999890e+00,1.699542857442441246e+01
2.626999999999999780e+00,1.696518826531443835e+01
2.628000000000000114e+00,1.701732539533918853e+01
2.629000000000000004e+00,1.698756079969827226e+01
2.629999999999999893e+00,1.701761483565230293e+01
2.630999999999999783e+00,1.703523967448688836e+01
2.632000000000000117e+00,1.711285360908954800e+01
2.633000000000000007e+00,1.704653039808901838e+01
2.633999999999999897e+00,1.698661006355241554e+01
2.634999999999999787e+00,1.707437968894233649e+01
2.636000000000000121e+00,1.702513451772748354e+01
2.637000000000000011e+00,1.709026531980141073e+01
2.637999999999999901e+00,1.701409835032979245e+01
2.638999999999999790e+00,1.698082656943346080e+01
2.640000000000000124e+00,1.703336953842256207e+01
2.641000000000000014e+00,1.702477786252552860e+01
2.641999999999999904e+00,1.703727796679404705e+01
2.642999999999999794e+00,1.704301574701093358e+01
2.644000000000000128e+00,1.701521808660194424e+01
2.645000000000000018e+00,1.696665214783434195e+01
2.645999999999999908e+00,1.696914132289647981e+01
2.646999999999999797e+00,1.700136549615496051e+01
2.648000000000000131e+00,1.699429174458135705e+01
2.649000000000000021e+00,1.697441383996999775e+01
2.649999999999999911e+00,1.701615006971464794e+01
2.650999999999999801e+00,1.699050880857184254e+01
2.652000000000000135e+00,1.699141157276989844e+01
2.653000000000000025e+00,1.693459647501499887e+01
2.653999999999999915e+00,1.700893175512530320e+01
2.654999999999999805e+00,1.700800580880888901e+01
2.656000000000000139e+00,1.702568492410980738e+01
2.657000000000000028e+00,1.695445481128854226e+01
2.657999999999999918e+00,1.704065299035485381e+01
2.658999999999999808e+00,1.703701252346479222e+01
2.660000000000000142e+00,1.697561657919731104e+01
2.661000000000000032e+00,1.700474555717367764e+01
2.661999999999999922e+00,1.693435741466711519e+01
2.662999999999999812e+00,1.692082819855680498e+01
2.664000000000000146e+00,1.696177827518383907e+01
2.665000000000000036e+00,1.705120494434079959e+01
2.665999999999999925e+00,1.700366540690545847e+01
2.666999999999999815e+00,1.693639296765631030e+01
2.668000000000000149e+00,1.696819223995485970e+01
2.669000000000000039e+00,1.693834309012866868e+01
2.669999999999999929e+00,1.696595509388711776e+01
2.670999999999999819e+00,1.698956449946958003e+01
2.672000000000000153e+00,1.700058329880785024e+01
2.673000000000000043e+00,1.707784447095918168e+01
2.673999999999999932e+00,1.698821533016372598e+01
2.674999999999999822e+00,1.703226350256319677e+01
2.676000000000000156e+00,1.694837000442859676e+01
2.677000000000000046e+00,1.693568016466236514e+01
2.677999999999999936e+00,1.694129693291946381e+01
2.678999999999999826e+00,1.691459178055343671e+01
2.680000000000000160e+00,1.695030292527506077e+01
2.681000000000000050e+00,1.695253532144058184e+01
2.681999999999999940e+00,1.703846658764637567e+01
2.682999999999999829e+00,1.702259326169765075e+01
2.684000000000000163e+00,1.700963703930441540e+01
2.685000000000000053e+00,1.695510533828539934e+01
2.685999999999999943e+00,1.701588230039087080e+01
2.686999999999999833e+00,1.704668588780514682e+01
2.688000000000000167e+00,1.696875045520271996e+01
2.689000000000000057e+00,1.703022978951675270e+01
2.689999999999999947e+00,1.702671945855487223e+01
2.690999999999999837e+00,1.700083620369378679e+01
2.692000000000000171e+00,1.704369808389364138e+01
2.693000000000000060e+00,1.702618153706352544e+01
2.693999999999999950e+00,1.699392424906117682e+01
2.694999999999999840e+00,1.702083572704801284e+01
2.696000000000000174e+00,1.705275933916001563e+01
2.697000000000000064e+00,1.701254046717742341e+01
2.697999999999999954e+00,1.698167545635633857e+01
2.698999999999999844e+00,1.704291930387693554e+01
2.700000000000000178e+00,1.697697001603189904e+01
2.701000000000000068e+00,1.695741441329166221e+01
2.701999999999999957e+00,1.700934464921715872e+01
2.702999999999999847e+00,1.699437821912546909e+01
2.704000000000000181e+00,1.700259710918527389e+01
2.705000000000000071e+00,1.700221310907732430e+01
2.705999999999999961e+00,1.700223119925451343e+01
2.706999999999999851e+00,1.706694956583327638e+01
2.708000000000000185e+00,1.701591546033485258e+01
2.709000000000000075e+00,1.694471490755444165e+01
2.709999999999999964e+00,1.694919168344216232e+01
2.710999999999999854e+00,1.700566377979426846e+01
2.712000000000000188e+00,1.696872015893448804e+01
2.713000000000000078e+00,1.696596947239523345e+01
2.713999999999999968e+00,1.700026451027082075e+01
2.714999999999999858e+00,1.703891816215455890e+01
2.716000000000000192e+00,1.700315984994893270e+01
2.717000000000000082e+00,1.701776940417212103e+01
2.717999999999999972e+00,1.700180616632826158e+01
2.718999999999999861e+00,1.705092163237130976e+01
2.720000000000000195e+00,1.695977260735750392e+01
2.721000000000000085e+00,1.701736629123436728e+01
2.721999999999999975e+00,1.700477147310263604e+01
2.722999999999999865e+00,1.697024896807241134e+01
2.724000000000000199e+00,1.695256815892146918e+01
2.725000000000000089e+00,1.691593500518497351e+01
2.725999999999999979e+00,1.692193345417811656e+01
2.726999999999999869e+00,1.695079834386876882e+01
2.728000000000000203e+00,1.701233559655793215e+01
2.729000000000000092e+00,1.697181801998821982e+01
2.729999999999999982e+00,1.695321918776329539e+01
2.730999999999999872e+00,1.696559896936449618e+01
2.732000000000000206e+00,1.699738505847502168e+01
2.733000000000000096e+00,1.701721656525217696e+01
2.733999999999999986e+00,1.703720263196838758e+01
2.734999999999999876e+00,1.701362622147203396e+01
2.736000000000000210e+00,1.697259127823033253e+01
2.737000000000000099e+00,1.695957912767300968e+01
2.737999999999999989e+00,1.706327618937062596e+01
2.738999999999999879e+00,1.702204362249430147e+01
2.740000000000000213e+00,1.698536341350084911e+01
2.741000000000000103e+00,1.694026861111275295e+01
2.741999999999999993e+00,1.695865608116962520e+01
2.742999999999999883e+00,1.697102690529953151e+01
2.744000000000000217e+00,1.703300046719099470e+01
2.745000000000000107e+00,1.687276238400670536e+01
2.745999999999999996e+00,1.696033060062248410e+01
2.746999999999999886e+00,1.688956018043995044e+01
2.748000000000000220e+00,1.690574872285643337e+01
2.749000000000000110e+00,1.693807320107406156e+01
2.750000000000000000e+00,1.697162014003531993e+01
2.750999999999999890e+00,1.696409678736419480e+01
2.751999999999999780e+00,1.691110533522629567e+01
2.753000000000000114e+00,1.695295282775569490e+01
2.754000000000000004e+00,1.697425343080784188e+01
2.754999999999999893e+00,1.699577845784603269e+01
2.755999999999999783e+00,1.699046474277039565e+01
2.757000000000000117e+00,1.694674890253293142e+01
2.758000000000000007e+00,1.698150552590272966e+01
2.758999999999999897e+00,1.694966243401821870e+01
2.759999999999999787e+00,1.698351416670373126e+01
2.761000000000000121e+00,1.696344147307230799e+01
2.762000000000000011e+00,1.695193590074052281e+01
2.762999999999999901e+00,1.696762247771656007e+01
2.763999999999999790e+00,1.698051426938635444e+01
2.765000000000000124e+00,1.698133812201119497e+01
2.766000000000000014e+00,1.694398203878245468e+01
2.766999999999999904e+00,1.698293646963694670e+01
2.767999999999999794e+00,1.692838175954819491e+01
2.769000000000000128e+00,1.693642625205109908e+01
2.770000000000000018e+00,1.697529412638192525e+01
2.770999999999999908e+00,1.690316777473633891e+01
2.771999999999999797e+00,1.691667079175659083e+01
2.773000000000000131e+00,1.695340425169697340e+01
2.774000000000000021e+00,1.700417191640450909e+01
2.774999999999999911e+00,1.701330887916778423e+01
2.775999999999999801e+00,1.698248988199458864e+01
2.777000000000000135e+00,1.694763195193815264e+01
2.778000000000000025e+00,1.693492775927709459e+01
2.778999999999999915e+00,1.698880076670872086e+01
2.779999999999999805e+00,1.698672125053849769e+01
2.781000000000000139e+00,1.697155908097377264e+01
2.782000000000000028e+00,1.706285885904087607e+01
2.782999999999999918e+00,1.703211576608319433e+01
2.783999999999999808e+00,1.701197358450313857e+01
2.785000000000000142e+00,1.703610475357514176e+01
2.786000000000000032e+00,1.694874067122206540e+01
2.786999999999999922e+00,1.702154975208453891e+01
2.787999999999999812e+00,1.695843735791857299e+01
2.789000000000000146e+00,1.696245673928813247e+01
2.790000000000000036e+00,1.699253599157564310e+01
2.790999999999999925e+00,1.693752881846434022e+01
2.791999999999999815e+00,1.699214438586885478e+01
2.793000000000000149e+00,1.700142297455193230e+01
2.794000000000000039e+00,1.698055902601943856e+01
2.794999999999999929e+00,1.697609244296992870e+01
2.795999999999999819e+00,1.699378853760078556e+01
2.797000000000000153e+00,1.700482514566789405e+01
2.798000000000000043e+00,1.703711679644483468e+01
2.798999999999999932e+00,1.707224641633151307e+01
2.799999999999999822e+00,1.706604138028908224e+01
2.801000000000000156e+00,1.696105613590364314e+01
2.802000000000000046e+00,1.700290321285455519e+01
2.802999999999999936e+00,1.700518989717127027e+01
2.803999999999999826e+00,1.701438444358218050e+01
2.805000000000000160e+00,1.696613531452386425e+01
2.806000000000000050e+00,1.695999737296330068e+01
2.806999999999999940e+00,1.703252737765865987e+01
2.807999999999999829e+00,1.700982778629286329e+01
2.809000000000000163e+00,1.706550641724525619e+01
2.810000000000000053e+00,1.704357108310813018e+01
2.810999999999999943e+00,1.710573737289599450e+01
2.811999999999999833e+00,1.706144056460791703e+01
2.813000000000000167e+00,1.707926562893579003e+01
2.814000000000000057e+00,1.707437319098934836e+01
2.814999999999999947e+00,1.716864488334959660e+01
2.815999999999999837e+00,1.712775049823873275e+01
2.817000000000000171e+00,1.704026424933145023e+01
2.818000000000000060e+00,1.711466469042942506e+01
2.818999999999999950e+00,1.711961672288999381e+01
2.819999999999999840e+00,1.707723423623883008e+01
2.821000000000000174e+00,1.700812818594722842e+01
2.822000000000000064e+00,1.706081871283613793e+01
2.822999999999999954e+00,1.708697067554322402e+01
2.823999999999999844e+00,1.703012062359419332e+01
2.825000000000000178e+00,1.697670566741896891e+01
2.826000000000000068e+00,1.709712822165264967e+01
2.826999999999999957e+00,1.705051819270041591e+01
2.827999999999999847e+00,1.712348159052548624e+01
2.829000000000000181e+00,1.708296671495818231e+01
2.830000000000000071e+00,1.709653679090584433e+01
2.830999999999999961e+00,1.708427530101894476e+01
2.831999999999999851e+00,1.708844654948254060e+01
2.833000000000000185e+00,1.702226116711522153e+01
2.834000000000000075e+00,1.703418148383430264e+01
2.834999999999999964e+00,1.705834315294670134e+01
2.835999999999999854e+00,1.702872009680515575e+01
2.837000000000000188e+00,1.708486367626174030e+01
2.838000000000000078e+00,1.704488765240821735e+01
2.838999999999999968e+00,1.705851601047950794e+01
2.839999999999999858e+00,1.703976917345514508e+01
2.841000000000000192e+00,1.701401370064670004e+01
2.842000000000000082e+00,1.706341776541890098e+01
2.842999999999999972e+00,1.707202669519562477e+01
2.843999999999999861e+00,1.706433886109069675e+01
2.845000000000000195e+00,1.701344777129774144e+01
2.846000000000000085e+00,1.697776370838620963e+01
2.846999999999999975e+00,1.705214088325369559e+01
2.847999999999999865e+00,1.704538648659535838e+01
2.849000000000000199e+00,1.701933639930211584e+01
2.850000000000000089e+00,1.704157028931991036e+01
2.850999999999999979e+00,1.702945539526999852e+01
2.851999999999999869e+00,1.702143654468568812e+01
2.853000000000000203e+00,1.698159769465289060e+01
2.854000000000000092e+00,1.697352980652116017e+01
2.854999999999999982e+00,1.696982589812188635e+01
2.855999999999999872e+00,1.700089552159410999e+01
2.857000000000000206e+00,1.703500752491333969e+01
2.858000000000000096e+00,1.705602676125212014e+01
2.858999999999999986e+00,1.704024213093508067e+01
2.859999999999999876e+00,1.706887429089188402e+01
2.861000000000000210e+00,1.703094669213155044e+01
2.862000000000000099e+00,1.705309230347997840e+01
2.862999999999999989e+00,1.698525853751769787e+01
2.863999999999999879e+00,1.706897659200559758e+01
2.865000000000000213e+00,1.709416167572445389e+01
2.866000000000000103e+00,1.707535840803559424e+01
2.866999999999999993e+00,1.708098696957313933e+01
2.867999999999999883e+00,1.711001840022896658e+01
2.869000000000000217e+00,1.701464374200852703e+01
2.870000000000000107e+00,1.708020892016456216e+01
2.870999999999999996e+00,1.704928591604218013e+01
2.871999999999999886e+00,1.708629883698640839e+01
2.873000000000000220e+00,1.706827478305305945e+01
2.874000000000000110e+00,1.708654846926787840e+01
2.875000000000000000e+00,1.699206346116800859e+01
2.875999999999999890e+00,1.702515169217122093e+01
2.876999999999999780e+00,1.708179130982074057e+01
2.878000000000000114e+00,1.708511473914306222e+01
2.879000000000000004e+00,1.702523918284523674e+01
2.879999999999999893e+00,1.700287572857430618e+01
2.880999999999999783e+00,1.705370917134837327e+01
2.882000000000000117e+00,1.702857769789471476e+01
2.883000000000000007e+00,1.697763605784318486e+01
2.883999999999999897e+00,1.700389752913158503e+01
2.884999999999999787e+00,1.696508813650416769e+01
2.886000000000000121e+00,1.698605194252187189e+01
2.887000000000000011e+00,1.698790782625107454e+01
2.887999999999999901e+00,1.698433264743291460e+01
2.888999999999999790e+00,1.694989787505073764e+01
2.890000000000000124e+00,1.698614659411808603e+01
2.891000000000000014e+00,1.694681448990342432e+01
2.891999999999999904e+00,1.699564612609951197e+01
2.892999999999999794e+00,1.693897810458827280e+01
2.894000000000000128e+00,1.689861066450366778e+01
2.895000000000000018e+00,1.694181824859056462e+01
2.895999999999999908e+00,1.691740788331848577e+01
2.896999999999999797e+00,1.701748976449287554e+01
2.898000000000000131e+00,1.693710856685358834e+01
2.899000000000000021e+00,1.697740667603815012e+01
2.899999999999999911e+00,1.700794240208666253e+01
2.900999999999999801e+00,1.699989085536209288e+01
2.902000000000000135e+00,1.698132854080948917e+01
2.903000000000000025e+00,1.697841102864506979e+01
2.903999999999999915e+00,1.698767350788553543e+01
2.904999999999999805e+00,1.691341155601670820e+01
2.906000000000000139e+00,1.698181701987805070e+01
2.907000000000000028e+00,1.698170342395274446e+01
2.907999999999999918e+00,1.697285942961192973e+01
2.908999999999999808e+00,1.699178839995616030e+01
2.910000000000000142e+00,1.695188257923714659e+01
2.911000000000000032e+00,1.691157542610714870e+01
2.911999999999999922e+00,1.696513009924629500e+01
2.912999999999999812e+00,1.695001241500969869e+01
2.914000000000000146e+00,1.696800731926821015e+01
2.915000000000000036e+00,1.701838129766920460e+01
2.915999999999999925e+00,1.697126826178454095e+01
2.916999999999999815e+00,1.702797586729262491e+01
2.918000000000000149e+00,1.699245603465200460e+01
2.919000000000000039e+00,1.697994635327135171e+01
2.919999999999999929e+00,1.706951064554218433e+01
2.920999999999999819e+00,1.698008617022664524e+01
2.922000000000000153e+00,1.696653350403897775e+01
2.923000000000000043e+00,1.699135791348910018e+01
2.923999999999999932e+00,1.694067865469917322e+01
2.924999999999999822e+00,1.700488440485383634e+01
2.926000000000000156e+00,1.697758326560372666e+01
2.927000000000000046e+00,1.694272952374312169e+01
2.927999999999999936e+00,1.699001213983052949e+01
2.928999999999999826e+00,1.701750354687912647e+01
2.930000000000000160e+00,1.693697963119926797e+01
2.931000000000000050e+00,1.692867420772086717e+01
2.931999999999999940e+00,1.698277432546987242e+01
2.932999999999999829e+00,1.697654893502411966e+01
2.934000000000000163e+00,1.696574479380149825e+01
2.935000000000000053e+00,1.695297474443008667e+01
2.935999999999999943e+00,1.702882091746043969e+01
2.936999999999999833e+00,1.699932221722862025e+01
2.938000000000000167e+00,1.697581431785087958e+01
2.939000000000000057e+00,1.703271217660905990e+01
2.939999999999999947e+00,1.700778639886665289e+01
2.940999999999999837e+00,1.701795811455236063e+01
2.942000000000000171e+00,1.703157285590663861e+01
2.943000000000000060e+00,1.705067838170295857e+01
2.943999999999999950e+00,1.694217417194517949e+01
2.944999999999999840e+00,1.702260790628511344e+01
2.946000000000000174e+00,1.708516698573139081e+01
2.947000000000000064e+00,1.705574684400797736e+01
2.947999999999999954e+00,1.708955033891616537e+01
2.948999999999999844e+00,1.705403306958505638e+01
2.950000000000000178e+00,1.699108378327844804e+01
2.951000000000000068e+00,1.696311103764195849e+01
2.951999999999999957e+00,1.702638250190213043e+01
2.952999999999999847e+00,1.703369451574461380e+01
2.954000000000000181e+00,1.707320522701709464e+01
2.955000000000000071e+00,1.703063307167788665e+01
2.955999999999999961e+00,1.706968669445554099e+01
2.956999999999999851e+00,1.706861103074298924e+01
2.958000000000000185e+00,1.706647266466467272e+01
2.959000000000000075e+00,1.710958565387317520e+01
2.959999999999999964e+00,1.702170552447026353e+01
2.960999999999999854e+00,1.706677081795122675e+01
2.962000000000000188e+00,1.702464960493448487e+01
2.963000000000000078e+00,1.697968105969155062e+01
2.963999999999999968e+00,1.704795057759879029e+01
2.964999999999999858e+00,1.706539824196162058e+01
2.966000000000000192e+00,1.708744628853444070e+01
2.967000000000000082e+00,1.706125654477742160e+01
2.967999999999999972e+00,1.706271086992764197e+01
2.968999999999999861e+00,1.701582148286804141e+01
2.970000000000000195e+00,1.702774599336475703e+01
2.971000000000000085e+00,1.705502724091431688e+01
2.971999999999999975e+00,1.703947017674835962e+01
2.972999999999999865e+00,1.695935892896105557e+01
2.974000000000000199e+00,1.701931446312717000e+01
2.975000000000000089e+00,1.701013760451321133e+01
2.975999999999999979e+00,1.699140065509352482e+01
2.976999999999999869e+00,1.704051946699537368e+01
2.978000000000000203e+00,1.710468266343296051e+01
2.979000000000000092e+00,1.710442704157162197e+01
2.979999999999999982e+00,1.702371397964127553e+01
2.980999999999999872e+00,1.705553017279499173e+01
2.982000000000000206e+00,1.700551888841862791e+01
2.983000000000000096e+00,1.698929252186908911e+01
2.983999999999999986e+00,1.695370739494955714e+01
2.984999999999999876e+00,1.703460656082745572e+01
2.986000000000000210e+00,1.708098343768724803e+01
2.987000000000000099e+00,1.710415758122698193e+01
2.987999999999999989e+00,1.718762066457849613e+01
2.988999999999999879e+00,1.704308171436421659e+01
2.990000000000000213e+00,1.700449553675681713e+01
2.991000000000000103e+00,1.698470767483987487e+01
2.991999999999999993e+00,1.698695071198598328e+01
2.992999999999999883e+00,1.704462727318384907e+01
2.994000000000000217e+00,1.707732887838202984e+01
2.995000000000000107e+00,1.700928061186285234e+01
2.995999999999999996e+00,1.708883961341297919e+01
2.996999999999999886e+00,1.700899437402356895e+01
2.998000000000000220e+00,1.703709353573444218e+01
2.999000000000000110e+00,1.701221308366093155e+01
3.000000000000000000e+00,1.703278768179850289e+01
3.000999999999999890e+00,1.706041710054603300e+01
3.001999999999999780e+00,1.708050212750991648e+01
3.003000000000000114e+00,1.704934365799897478e+01
3.004000000000000004e+00,1.701498877550552180e+01
3.004999999999999893e+00,1.699600359952144402e+01
3.005999999999999783e+00,1.702119084601169163e+01
3.007000000000000117e+00,1.704782115666156272e+01
3.008000000000000007e+00,1.708171526659619488e+01
3.008999999999999897e+00,1.699916026789216872e+01
3.009999999999999787e+00,1.697259868265616234e+01
3.011000000000000121e+00,1.704615137222402055e+01
3.012000000000000011e+00,1.705301866303642555e+01
3.012999999999999901e+00,1.703211876989477958e+01
3.013999999999999790e+00,1.703015909113169357e+01
3.015000000000000124e+00,1.702512147314647706e+01
3.016000000000000014e+00,1.705134936306666305e+01
3.016999999999999904e+00,1.711064144330909897e+01
3.017999999999999794e+00,1.701153376897888947e+01
3.019000000000000128e+00,1.710498967357982281e+01
3.020000000000000018e+00,1.700118945179855601e+01
3.020999999999999908e+00,1.700013975491606288e+01
3.021999999999999797e+00,1.708860400268437729e+01
3.023000000000000131e+00,1.698867557123811523e+01
3.024000000000000021e+00,1.702732953946051708e+01
3.024999999999999911e+00,1.707376362162149874e+01
3.025999999999999801e+00,1.708799581449114058e+01
3.027000000000000135e+00,1.706604760927761077e+01
3.028000000000000025e+00,1.705765308962411808e+01
3.028999999999999915e+00,1.710616078608013879e+01
3.029999999999999805e+00,1.702795331497246067e+01
3.031000000000000139e+00,1.704368604200774229e+01
3.032000000000000028e+00,1.706857761870079671e+01
3.032999999999999918e+00,1.703205430784326424e+01
3.033999999999999808e+00,1.703421300481339529e+01
3.035000000000000142e+00,1.706037076456433255e+01
3.036000000000000032e+00,1.701701556066075938e+01
3.036999999999999922e+00,1.709836684977507559e+01
3.037999999999999812e+00,1.702769211554782913e+01
3.039000000000000146e+00,1.704182015931072058e+01
3.040000000000000036e+00,1.705954985491230502e+01
3.040999999999999925e+00,1.707160956693294906e+01
3.041999999999999815e+00,1.706806193114280035e+01
3.043000000000000149e+00,1.706977907523193494e+01
3.044000000000000039e+00,1.710015113261271225e+01
3.044999999999999929e+00,1.718884990583508099e+01
3.045999999999999819e+00,1.708663203393333418e+01
3.047000000000000153e+00,1.712739525511193506e+01
3.048000000000000043e+00,1.701399695251958377e+01
3.048999999999999932e+00,1.704227752701768495e+01
3.049999999999999822e+00,1.703096519950399923e+01
3.051000000000000156e+00,1.701099721553243072e+01
3.052000000000000046e+00,1.703223872825322260e+01
3.052999999999999936e+00,1.704565024153611574e+01
3.053999999999999826e+00,1.699602596917488029e+01
3.055000000000000160e+00,1.704154399873769066e+01
3.056000000000000050e+00,1.705817782958948214e+01
3.056999999999999940e+00,1.709021284931608164e+01
3.057999999999999829e+00,1.701908511986332329e+01
3.059000000000000163e+00,1.697637286853212046e+01
3.060000000000000053e+00,1.700599364782270584e+01
3.060999999999999943e+00,1.707681711307499484e+01
3.061999999999999833e+00,1.704557403202306887e+01
3.063000000000000167e+00,1.702283087899281355e+01
3.064000000000000057e+00,1.694869132373766263e+01
3.064999999999999947e+00,1.701405392575840381e+01
3.065999999999999837e+00,1.701682433384038973e+01
3.067000000000000171e+00,1.706519514956272232e+01
3.068000000000000060e+00,1.696639567345638966e+01
3.068999999999999950e+00,1.697427429397782461e+01
3.069999999999999840e+00,1.708720524197606139e+01
3.071000000000000174e+00,1.706958941612076686e+01
3.072000000000000064e+00,1.695546067447770255e+01
3.072999999999999954e+00,1.694068047593453130e+01
3.073999999999999844e+00,1.703541760766123048e+01
3.075000000000000178e+00,1.703978488062802654e+01
3.076000000000000068e+00,1.710321391188675477e+01
3.076999999999999957e+00,1.700862637680375045e+01
3.077999999999999847e+00,1.706605106147922157e+01
3.079000000000000181e+00,1.702886161987832736e+01
3.080000000000000071e+00,1.710772371447600193e+01
3.080999999999999961e+00,1.701079737137989412e+01
3.081999999999999851e+00,1.709007874349700984e+01
3.083000000000000185e+00,1.703889300034364851e+01
3.084000000000000075e+00,1.705822943048240248e+01
3.084999999999999964e+00,1.712875111123183203e+01
3.085999999999999854e+00,1.707096782332435581e+01
3.087000000000000188e+00,1.711743852551219192e+01
3.088000000000000078e+00,1.706729485006387392e+01
3.088999999999999968e+00,1.708436816056006080e+01
3.089999999999999858e+00,1.701439970866088203e+01
3.091000000000000192e+00,1.709756006430120223e+01
3.092000000000000082e+00,1.711625796421750678e+01
3.092999999999999972e+00,1.705084726802888540e+01
3.093999999999999861e+00,1.708061315595508844e+01
3.095000000000000195e+00,1.702074954636016813e+01
3.096000000000000085e+00,1.706247781281495435e+01
3.096999999999999975e+00,1.706465838391272882e+01
3.097999999999999865e+00,1.703965794443132964e+01
3.099000000000000199e+00,1.703979047242983924e+01
3.100000000000000089e+00,1.704832691546349110e+01
3.100999999999999979e+00,1.704708941734181238e+01
3.101999999999999869e+00,1.716158803251765264e+01
3.103000000000000203e+00,1.705753092305907614e+01
3.104000000000000092e+00,1.708143720630044982e+01
3.104999999999999982e+00,1.702671299733661670e+01
3.105999999999999872e+00,1.700067260628660293e+01
3.107000000000000206e+00,1.704144978406467459e+01
3.108000000000000096e+00,1.702519599124470062e+01
3.108999999999999986e+00,1.701084439779697988e+01
3.109999999999999876e+00,1.699459928167932077e+01
3.111000000000000210e+00,1.708356870888896140e+01
3.112000000000000099e+00,1.704744029708167119e+01
3.112999999999999989e+00,1.707504239409383473e+01
3.113999999999999879e+00,1.701793867292721174e+01
3.115000000000000213e+00,1.700336165403572508e+01
3.116000000000000103e+00,1.699522774436714911e+01
3.116999999999999993e+00,1.700784688077757778e+01
3.117999999999999883e+00,1.699635090957929506e+01
3.119000000000000217e+00,1.705029565632739974e+01
3.120000000000000107e+00,1.698226646262713047e+01
3.120999999999999996e+00,1.699657900397886579e+01
3.121999999999999886e+00,1.710395996256420048e+01
3.123000000000000220e+00,1.700699728700250901e+01
3.124000000000000110e+00,1.704200757256956678e+01
3.125000000000000000e+00,1.702081271433219101e+01
3.125999999999999890e+00,1.701856517133202473e+01
3.126999999999999780e+00,1.705168101076701603e+01
3.128000000000000114e+00,1.708749304131740487e+01
3.129000000000000004e+00,1.704093927955203114e+01
3.129999999999999893e+00,1.708899055189923288e+01
3.130999999999999783e+00,1.701809676132394600e+01
3.132000000000000117e+00,1.699822086322783576e+01
3.133000000000000007e+00,1.701129996499609121e+01
3.133999999999999897e+00,1.704229773849976937e+01
3.134999999999999787e+00,1.702473519663906742e+01
3.136000000000000121e+00,1.695123714703627016e+01
3.137000000000000011e+00,1.700501555777564278e+01
3.137999999999999901e+00,1.703171319793263905e+01
3.138999999999999790e+00,1.704772308565809524e+01
3.140000000000000124e+00,1.699116157085784096e+01
3.141000000000000014e+00,1.703708523269651565e+01
3.141999999999999904e+00,1.704872073501389451e+01
3.142999999999999794e+00,1.705077271114220494e+01
3.144000000000000128e+00,1.698564228521918906e+01
3.145000000000000018e+00,1.703372795997278288e+01
3.145999999999999908e+00,1.708272889427242447e+01
3.146999999999999797e+00,1.706010141627177390e+01
3.148000000000000131e+00,1.708605625355977509e+01
3.149000000000000021e+00,1.703546060119790795e+01
3.149999999999999911e+00,1.707232527505912145e+01
3.150999999999999801e+00,1.703710471180053787e+01
3.152000000000000135e+00,1.704084838865669482e+01
3.153000000000000025e+00,1.704811912483813074e+01
3.153999999999999915e+00,1.699406728706723513e+01
3.154999999999999805e+00,1.698597119367412134e+01
3.156000000000000139e+00,1.704578564127149320e+01
3.157000000000000028e+00,1.697955934094107988e+01
3.157999999999999918e+00,1.707023275978297505e+01
3.158999999999999808e+00,1.705463804794515426e+01
3.160000000000000142e+00,1.703869856847603970e+01
3.161000000000000032e+00,1.699768192287139357e+01
3.161999999999999922e+00,1.699528566572301713e+01
3.162999999999999812e+00,1.691812935562345999e+01
3.164000000000000146e+00,1.695485454517672608e+01
3.165000000000000036e+00,1.698355928981091267e+01
3.165999999999999925e+00,1.700187550092411826e+01
3.166999999999999815e+00,1.699814845108240391e+01
3.168000000000000149e+00,1.709570890695858481e+01
3.169000000000000039e+00,1.710061961810600550e+01
3.169999999999999929e+00,1.705188587433834968e+01
3.170999999999999819e+00,1.709761562842368221e+01
3.172000000000000153e+00,1.696368102615387485e+01
3.173000000000000043e+00,1.703136558126473332e+01
3.173999999999999932e+00,1.703523778806890121e+01
3.174999999999999822e+00,1.697682327941073410e+01
3.176000000000000156e+00,1.699410400564311274e+01
3.177000000000000046e+00,1.701559611655412496e+01
3.177999999999999936e+00,1.696642710194035431e+01
3.178999999999999826e+00,1.698311462508789305e+01
3.180000000000000160e+00,1.701745047509351494e+01
3.181000000000000050e+00,1.704621582921134504e+01
3.181999999999999940e+00,1.700670497064134068e+01
3.182999999999999829e+00,1.698574775697119676e+01
3.184000000000000163e+00,1.702796983744736181e+01
3.185000000000000053e+00,1.706920685897758005e+01
3.185999999999999943e+00,1.707227907967634550e+01
3.186999999999999833e+00,1.708276216941049341e+01
3.188000000000000167e+00,1.701535728371417022e+01
3.189000000000000057e+00,1.704416494899177792e+01
3.189999999999999947e+00,1.706247075755989329e+01
3.190999999999999837e+00,1.704964665117311640e+01
3.192000000000000171e+00,1.707315057745585207e+01
3.193000000000000060e+00,1.700096099917406534e+01
3.193999999999999950e+00,1.704876003355879988e+01
3.194999999999999840e+00,1.705780874850927376e+01
3.196000000000000174e+00,1.710233292132313210e+01
3.197000000000000064e+00,1.710976815065975742e+01
3.197999999999999954e+00,1.701306503619361621e+01
3.198999999999999844e+00,1.698010669084580826e+01
3.200000000000000178e+00,1.700841321448381649e+01
3.201000000000000068e+00,1.700937633072278388e+01
3.201999999999999957e+00,1.701990700000159151e+01
3.202999999999999847e+00,1.707809499317292889e+01
3.204000000000000181e+00,1.703593598668856401e+01
3.205000000000000071e+00,1.706709711098544346e+01
3.205999999999999961e+00,1.704873515669173401e+01
3.206999999999999851e+00,1.706945779145313935e+01
3.208000000000000185e+00,1.699513992417866248e+01
3.209000000000000075e+00,1.698659931377853383e+01
3.209999999999999964e+00,1.705934100317993440e+01
3.210999999999999854e+00,1.710592072944418263e+01
3.212000000000000188e+00,1.701949638376970597e+01
3.213000000000000078e+00,1.701644379972150034e+01
3.213999999999999968e+00,1.701471593537771199e+01
3.214999999999999858e+00,1.704960592421189958e+01
3.216000000000000192e+00,1.711907832962086218e+01
3.217000000000000082e+00,1.697261454153875349e+01
3.217999999999999972e+00,1.705350053182177206e+01
3.218999999999999861e+00,1.701876196186424295e+01
3.220000000000000195e+00,1.702060600141296831e+01
3.221000000000000085e+00,1.705006562988281615e+01
3.221999999999999975e+00,1.699158256057773997e+01
3.222999999999999865e+00,1.705463851771078865e+01
3.224000000000000199e+00,1.700886766280022755e+01
3.225000000000000089e+00,1.695502864559695766e+01
3.225999999999999979e+00,1.697891942341439275e+01
3.226999999999999869e+00,1.696074911812599595e+01
3.228000000000000203e+00,1.699749197800927192e+01
3.229000000000000092e+00,1.698502468479065186e+01
3.229999999999999982e+00,1.710323846877814447e+01
3.230999999999999872e+00,1.707610545496234877e+01
3.232000000000000206e+00,1.706889378642196675e+01
3.233000000000000096e+00,1.707682444774343722e+01
3.233999999999999986e+00,1.702038293453914974e+01
3.234999999999999876e+00,1.709569256250688341e+01
3.236000000000000210e+00,1.707540212252505540e+01
3.237000000000000099e+00,1.703908732931639847e+01
3.237999999999999989e+00,1.703461524660549387e+01
3.238999999999999879e+00,1.707899076240029146e+01
3.240000000000000213e+00,1.714338025727791148e+01
3.241000000000000103e+00,1.704039747228525670e+01
3.241999999999999993e+00,1.701564536710938569e+01
3.242999999999999883e+00,1.705203295686226994e+01
3.244000000000000217e+00,1.703509625938052352e+01
3.245000000000000107e+00,1.706238997067983476e+01
3.245999999999999996e+00,1.696297768312133059e+01
3.246999999999999886e+00,1.704829272114769978e+01
3.248000000000000220e+00,1.701469424149096454e+01
3.249000000000000110e+00,1.704598749306027372e+01
3.250000000000000000e+00,1.703362040340475403e+01
3.250999999999999890e+00,1.700111927218435426e+01
3.251999999999999780e+00,1.701753779097482422e+01
3.253000000000000114e+00,1.704126457832051855e+01
3.254000000000000004e+00,1.704294937048101133e+01
3.254999999999999893e+00,1.710279838740512659e+01
3.255999999999999783e+00,1.698592884764994437e+01
3.257000000000000117e+00,1.703572218993587484e+01
3.258000000000000007e+00,1.703662982589565189e+01
3.258999999999999897e+00,1.702244796517002356e+01
3.259999999999999787e+00,1.703231674233357751e+01
3.261000000000000121e+00,1.694586269017381142e+01
3.262000000000000011e+00,1.709632131800314170e+01
3.262999999999999901e+00,1.701120178075618838e+01
3.263999999999999790e+00,1.699238164634892101e+01
3.265000000000000124e+00,1.703402642718026527e+01
3.266000000000000014e+00,1.703889666934508185e+01
3.266999999999999904e+00,1.693916778709159487e+01
3.267999999999999794e+00,1.700228615762617679e+01
3.269000000000000128e+00,1.697379327641328217e+01
3.270000000000000018e+00,1.696257930265758418e+01
3.270999999999999908e+00,1.690998453838993143e+01
3.271999999999999797e+00,1.699104111075901002e+01
3.273000000000000131e+00,1.695976996230402989e+01
3.274000000000000021e+00,1.702488730148523999e+01
3.274999999999999911e+00,1.695414059473885970e+01
3.275999999999999801e+00,1.687131147586401880e+01
3.277000000000000135e+00,1.700476278427223775e+01
3.278000000000000025e+00,1.700017096331981037e+01
3.278999999999999915e+00,1.697201839133180101e+01
3.279999999999999805e+00,1.701481953272196890e+01
3.281000000000000139e+00,1.698718961278366280e+01
3.282000000000000028e+00,1.696266545647367252e+01
3.282999999999999918e+00,1.697089873015989880e+01
3.283999999999999808e+00,1.698160247866105266e+01
3.285000000000000142e+00,1.698037351345607604e+01
3.286000000000000032e+00,1.699813676044084687e+01
3.286999999999999922e+00,1.699422396682397718e+01
3.287999999999999812e+00,1.697548473830740789e+01
3.289000000000000146e+00,1.697428599358116230e+01
3.290000000000000036e+00,1.698068558519663185e+01
3.290999999999999925e+00,1.698091794198330717e+01
3.291999999999999815e+00,1.699744302469699520e+01
3.293000000000000149e+00,1.700810382200109672e+01
3.294000000000000039e+00,1.697895650669582679e+01
3.294999999999999929e+00,1.693791928521347501e+01
3.295999999999999819e+00,1.699541482240085344e+01
3.297000000000000153e+00,1.697127578238533729e+01
3.298000000000000043e+00,1.697256322600754075e+01
3.298999999999999932e+00,1.702525926524511490e+01
3.299999999999999822e+00,1.702588529994201494e+01
3.301000000000000156e+00,1.701878749650710176e+01
3.302000000000000046e+00,1.704877079060128864e+01
3.302999999999999936e+00,1.702827441122482810e+01
3.303999999999999826e+00,1.701416478844745939e+01
3.305000000000000160e+00,1.706208614149488412e+01
3.306000000000000050e+00,1.707416011851385562e+01
3.306999999999999940e+00,1.701307022066812635e+01
3.307999999999999829e+00,1.703200221828896233e+01
3.309000000000000163e+00,1.695626895553597535e+01
3.310000000000000053e+00,1.699766907543019911e+01
3.310999999999999943e+00,1.703033736409934562e+01
3.311999999999999833e+00,1.699326216921522104e+01
3.313000000000000167e+00,1.708739363667723055e+01
3.314000000000000057e+00,1.701134810519526042e+01
3.314999999999999947e+00,1.703369211081543000e+01
3.315999999999999837e+00,1.699266051258189947e+01
3.317000000000000171e+00,1.702010027144826054e+01
3.318000000000000060e+00,1.697614298203241034e+01
3.318999999999999950e+00,1.705900192583650821e+01
3.319999999999999840e+00,1.700362387244347318e+01
3.321000000000000174e+00,1.698766658355295789e+01
3.322000000000000064e+00,1.697295673543241534e+01
3.322999999999999954e+00,1.699395004027442013e+01
3.323999999999999844e+00,1.697389556015302148e+01
3.325000000000000178e+00,1.695699613447451526e+01
3.326000000000000068e+00,1.697146805296058858e+01
3.326999999999999957e+00,1.697781586894740968e+01
3.327999999999999847e+00,1.695778057549063789e+01
3.329000000000000181e+00,1.696574078033196287e+01
3.330000000000000071e+00,1.697649651056336495e+01
3.330999999999999961e+00,1.695523049223071865e+01
3.331999999999999851e+00,1.702875438575971856e+01
3.333000000000000185e+00,1.698812251965166098e+01
3.334000000000000075e+00,1.699173313566840449e+01
3.334999999999999964e+00,1.705546736553215936e+01
3.335999999999999854e+00,1.699192247370891806e+01
3.337000000000000188e+00,1.699855077531492498e+01
3.338000000000000078e+00,1.698021921852036087e+01
3.338999999999999968e+00,1.705160023907000877e+01
3.339999999999999858e+00,1.697029129332770481e+01
3.341000000000000192e+00,1.699057602222098851e+01
3.342000000000000082e+00,1.701491177486257911e+01
3.342999999999999972e+00,1.697688465842562167e+01
3.343999999999999861e+00,1.699216695011863010e+01
3.345000000000000195e+00,1.697261166274211774e+01
3.346000000000000085e+00,1.697548383692537399e+01
3.346999999999999975e+00,1.695467232738464958e+01
3.347999999999999865e+00,1.693067217659753254e+01
3.349000000000000199e+00,1.698654927497275224e+01
3.350000000000000089e+00,1.695348095883394990e+01
3.350999999999999979e+00,1.698770327916086487e+01
3.351999999999999869e+00,1.703691114011584418e+01
3.353000000000000203e+00,1.706720465867562808e+01
3.354000000000000092e+00,1.702188105202292334e+01
3.354999999999999982e+00,1.701309299904618300e+01
3.355999999999999872e+00,1.696572186994873377e+01
3.357000000000000206e+00,1.705770767945081090e+01
3.358000000000000096e+00,1.703686097774758679e+01
3.358999999999999986e+00,1.707267003314166942e+01
3.359999999999999876e+00,1.703854674151813242e+01
3.361000000000000210e+00,1.707873775954232443e+01
3.362000000000000099e+00,1.700825934250253724e+01
3.362999999999999989e+00,1.700731103394815236e+01
3.363999999999999879e+00,1.702590380647476564e+01
3.365000000000000213e+00,1.714580925181054027e+01
3.366000000000000103e+00,1.704397825977810399e+01
3.366999999999999993e+00,1.704621708316572182e+01
3.367999999999999883e+00,1.697594033659976631e+01
3.369000000000000217e+00,1.698451072644807169e+01
3.370000000000000107e+00,1.705189300429262289e+01
3.370999999999999996e+00,1.703963782582841802e+01
3.371999999999999886e+00,1.707801916423287025e+01
3.373000000000000220e+00,1.706947964302165843e+01
3.374000000000000110e+00,1.700053164109018411e+01
3.375000000000000000e+00,1.702501938116128244e+01
3.375999999999999890e+00,1.702692127636685981e+01
3.376999999999999780e+00,1.710834441406813511e+01
3.378000000000000114e+00,1.709767482193010579e+01
3.379000000000000004e+00,1.701331860432480170e+01
3.379999999999999893e+00,1.702665355587207685e+01
3.380999999999999783e+00,1.701496356252001618e+01
3.382000000000000117e+00,1.704387288054213201e+01
3.383000000000000007e+00,1.699488669603315572e+01
3.383999999999999897e+00,1.704376057565764668e+01
3.384999999999999787e+00,1.698265374572345365e+01
3.386000000000000121e+00,1.703102279033278066e+01
3.387000000000000011e+00,1.696343005392842684e+01
3.387999999999999901e+00,1.707056237004780641e+01
3.388999999999999790e+00,1.708349245910347847e+01
3.390000000000000124e+00,1.709126037473617288e+01
3.391000000000000014e+00,1.704012753367453570e+01
3.391999999999999904e+00,1.707332159770288627e+01
3.392999999999999794e+00,1.708280910141109388e+01
3.394000000000000128e+00,1.709122707073623815e+01
3.395000000000000018e+00,1.710841586320840690e+01
3.395999999999999908e+00,1.707400102829040733e+01
3.396999999999999797e+00,1.703201917739379923e+01
3.398000000000000131e+00,1.705283055579330664e+01
3.399000000000000021e+00,1.712050010843207559e+01
3.399999999999999911e+00,1.703541404249625657e+01
3.400999999999999801e+00,1.706082682773911330e+01
3.402000000000000135e+00,1.702726673518746736e+01
3.403000000000000025e+00,1.708782075783688015e+01
3.403999999999999915e+00,1.707481270459845035e+01
3.404999999999999805e+00,1.709531445635566982e+01
3.406000000000000139e+00,1.706393806808522839e+01
3.407000000000000028e+00,1.696083722656790371e+01
3.407999999999999918e+00,1.705162339582220099e+01
3.408999999999999808e+00,1.703129318555800964e+01
3.410000000000000142e+00,1.702649064222970310e+01
3.411000000000000032e+00,1.704792745678039978e+01
3.411999999999999922e+00,1.700579178151728854e+01
3.412999999999999812e+00,1.709712904859839711e+01
3.414000000000000146e+00,1.701767533668574117e+01
3.415000000000000036e+00,1.705809551681259251e+01
3.415999999999999925e+00,1.704227451665687099e+01
3.416999999999999815e+00,1.703681335641415018e+01
3.418000000000000149e+00,1.699000090332862101e+01
3.419000000000000039e+00,1.696042041439588033e+01
3.419999999999999929e+00,1.697165459482869565e+01
3.420999999999999819e+00,1.699117669214072635e+01
3.422000000000000153e+00,1.700859342105783512e+01
3.423000000000000043e+00,1.705844018786316951e+01
3.423999999999999932e+00,1.696122805888641949e+01
3.424999999999999822e+00,1.692622017597410533e+01
3.426000000000000156e+00,1.692096210930892752e+01
3.427000000000000046e+00,1.694412099549132833e+01
3.427999999999999936e+00,1.701206032781220756e+01
3.428999999999999826e+00,1.704083740457998886e+01
3.430000000000000160e+00,1.696486729539798688e+01
3.431000000000000050e+00,1.700744829124017343e+01
3.431999999999999940e+00,1.703802085436063507e+01
3.432999999999999829e+00,1.705740623397152333e+01
3.434000000000000163e+00,1.701970861837272153e+01
3.435000000000000053e+00,1.706260638138616770e+01
3.435999999999999943e+00,1.703253334042080880e+01
3.436999999999999833e+00,1.702680140156793342e+01
3.438000000000000167e+00,1.705132381065116931e+01
3.439000000000000057e+00,1.712341177913060264e+01
3.439999999999999947e+00,1.704416790345761612e+01
3.440999999999999837e+00,1.701226929585687841e+01
3.442000000000000171e+00,1.706713926795145397e+01
3.443000000000000060e+00,1.707740062304044315e+01
3.443999999999999950e+00,1.696736413395529297e+01
3.444999999999999840e+00,1.698686640596697472e+01
3.446000000000000174e+00,1.705624802869751022e+01
3.447000000000000064e+00,1.702452036131293767e+01
3.447999999999999954e+00,1.704725489464078692e+01
3.448999999999999844e+00,1.698149581604234726e+01
3.450000000000000178e+00,1.693462062663506629e+01
3.451000000000000068e+00,1.698274099146639315e+01
3.451999999999999957e+00,1.702673145006022537e+01
3.452999999999999847e+00,1.697288426519062909e+01
3.454000000000000181e+00,1.693753558826668026e+01
3.455000000000000071e+00,1.696373670742150352e+01
3.455999999999999961e+00,1.703938873785011765e+01
3.456999999999999851e+00,1.703508303929638146e+01
3.458000000000000185e+00,1.703685327942719496e+01
3.459000000000000075e+00,1.703003487394584781e+01
3.459999999999999964e+00,1.695531906158105429e+01
3.460999999999999854e+00,1.693478781003205569e+01
3.462000000000000188e+00,1.698103278080673562e+01
3.463000000000000078e+00,1.693993165681506952e+01
3.463999999999999968e+00,1.694644069436396094e+01
3.464999999999999858e+00,1.693322164703998212e+01
3.466000000000000192e+00,1.695902699834435623e+01
3.467000000000000082e+00,1.694183659620291138e+01
3.467999999999999972e+00,1.696540065178933787e+01
3.468999999999999861e+00,1.699172113366345371e+01
3.470000000000000195e+00,1.697729073588993742e+01
3.471000000000000085e+00,1.698333125502810503e+01
3.471999999999999975e+00,1.698441229031326571e+01
3.472999999999999865e+00,1.692575650357697370e+01
3.474000000000000199e+00,1.700926987507137866e+01
3.475000000000000089e+00,1.690440958292732532e+01
3.475999999999999979e+00,1.691228155054807658e+01
3.476999999999999869e+00,1.689243126788170812e+01
3.478000000000000203e+00,1.698122284078664634e+01
3.479000000000000092e+00,1.696765048844956070e+01
3.479999999999999982e+00,1.687376371038935474e+01
3.480999999999999872e+00,1.695296691083634144e+01
3.482000000000000206e+00,1.692791047411581573e+01
3.483000000000000096e+00,1.693572027949680603e+01
3.483999999999999986e+00,1.695725556620804397e+01
3.484999999999999876e+00,1.698057357358277386e+01
3.486000000000000210e+00,1.701531113746750634e+01
3.487000000000000099e+00,1.704695202356241879e+01
3.487999999999999989e+00,1.689524879328651963e+01
3.488999999999999879e+00,1.704820662684158350e+01
3.490000000000000213e+00,1.701381754313293015e+01
3.491000000000000103e+00,1.697812811227753116e+01
3.491999999999999993e+00,1.701037212276419197e+01
3.492999999999999883e+00,1.695238098484052713e+01
3.494000000000000217e+00,1.700632339319684405e+01
3.495000000000000107e+00,1.706116836357115218e+01
3.495999999999999996e+00,1.694242263157495998e+01
3.496999999999999886e+00,1.699496926331016056e+01
3.498000000000000220e+00,1.707797007593497085e+01
3.499000000000000110e+00,1.698956284305198494e+01
3.500000000000000000e+00,1.704312533621415326e+01
3.500999999999999890e+00,1.699481404565972653e+01
3.501999999999999780e+00,1.704297224999164229e+01
3.503000000000000114e+00,1.697318078233912786e+01
3.504000000000000004e+00,1.697913077709283769e+01
3.504999999999999893e+00,1.694815575038654032e+01
3.505999999999999783e+00,1.695793960217726948e+01
3.507000000000000117e+00,1.696688691319001663e+01
3.508000000000000007e+00,1.695889995125640581e+01
3.508999999999999897e+00,1.691371136167609990e+01
3.509999999999999787e+00,1.687136664538378383e+01
3.511000000000000121e+00,1.693374747276733316e+01
3.512000000000000011e+00,1.694920228857343147e+01
3.512999999999999901e+00,1.700990841520619412e+01
3.513999999999999790e+00,1.694579953161192165e+01
3.515000000000000124e+00,1.696178645300934562e+01
3.516000000000000014e+00,1.693491850511707852e+01
3.516999999999999904e+00,1.688321000060549437e+01
3.517999999999999794e+00,1.694045150601343153e+01
3.519000000000000128e+00,1.693747351514051402e+01
3.520000000000000018e+00,1.697880265557239809e+01
3.520999999999999908e+00,1.695987751936533527e+01
3.521999999999999797e+00,1.700619431952550897e+01
3.523000000000000131e+00,1.704033532763914494e+01
3.524000000000000021e+00,1.700194376148202480e+01
3.524999999999999911e+00,1.694444973648904451e+01
3.525999999999999801e+00,1.696023838666116390e+01
3.527000000000000135e+00,1.687998717692013884e+01
3.528000000000000025e+00,1.694002804494278536e+01
3.528999999999999915e+00,1.694797301617368390e+01
3.529999999999999805e+00,1.700251952587633753e+01
3.531000000000000139e+00,1.694218276170395754e+01
3.532000000000000028e+00,1.694343866083099570e+01
3.532999999999999918e+00,1.693546160898303654e+01
3.533999999999999808e+00,1.694677674480772822e+01
3.535000000000000142e+00,1.693448738852127278e+01
3.536000000000000032e+00,1.695773938144764514e+01
3.536999999999999922e+00,1.700320463368510815e+01
3.537999999999999812e+00,1.697379101265622126e+01
3.539000000000000146e+00,1.689517921502484299e+01
3.540000000000000036e+00,1.696410967926648539e+01
3.540999999999999925e+00,1.696047434084965744e+01
3.541999999999999815e+00,1.690698703568263284e+01
3.543000000000000149e+00,1.697475915190055318e+01
3.544000000000000039e+00,1.692277666226129895e+01
3.544999999999999929e+00,1.698610085898004129e+01
3.545999999999999819e+00,1.702349205409639055e+01
3.547000000000000153e+00,1.692792797584774789e+01
3.548000000000000043e+00,1.696363987767476900e+01
3.548999999999999932e+00,1.694302633554559989e+01
3.549999999999999822e+00,1.694576830838265380e+01
3.551000000000000156e+00,1.693026634004026221e+01
3.552000000000000046e+00,1.695672392669576567e+01
3.552999999999999936e+00,1.695023278414862133e+01
3.553999999999999826e+00,1.693047289258256072e+01
3.555000000000000160e+00,1.696166544237464180e+01
3.556000000000000050e+00,1.687123014819911759e+01
3.556999999999999940e+00,1.693543340396369956e+01
3.557999999999999829e+00,1.694829865520135215e+01
3.559000000000000163e+00,1.691752932503604967e+01
3.560000000000000053e+00,1.694815122912445204e+01
3.560999999999999943e+00,1.695779383262535589e+01
3.561999999999999833e+00,1.692129619823631970e+01
3.563000000000000167e+00,1.697734296768599904e+01
3.564000000000000057e+00,1.692906376993473927e+01
3.564999999999999947e+00,1.691722250653771553e+01
3.565999999999999837e+00,1.696849343810254851e+01
3.567000000000000171e+00,1.698395469611975983e+01
3.568000000000000060e+00,1.699960383963836108e+01
3.568999999999999950e+00,1.698073427683610959e+01
3.569999999999999840e+00,1.697463184601683039e+01
3.571000000000000174e+00,1.695129038859912285e+01
3.572000000000000064e+00,1.694041169684726356e+01
3.572999999999999954e+00,1.697963047696149630e+01
3.573999999999999844e+00,1.697044397072914279e+01
3.575000000000000178e+00,1.695432682611185271e+01
3.576000000000000068e+00,1.699840029403927133e+01
3.576999999999999957e+00,1.699610356851465198e+01
3.577999999999999847e+00,1.704976265900496912e+01
3.579000000000000181e+00,1.697381918902020814e+01
3.580000000000000071e+00,1.698988482243272102e+01
3.580999999999999961e+00,1.698174401578487647e+01
3.581999999999999851e+00,1.695198536813281009e+01
3.583000000000000185e+00,1.694727299470778092e+01
3.584000000000000075e+00,1.701624903941869604e+01
3.584999999999999964e+00,1.695977816843005215e+01
3.585999999999999854e+00,1.697205473560112310e+01
3.587000000000000188e+00,1.699914707520851564e+01
3.588000000000000078e+00,1.696131167403488860e+01
3.588999999999999968e+00,1.696852165119927491e+01
3.589999999999999858e+00,1.706258405530845934e+01
3.591000000000000192e+00,1.701257660435085839e+01
3.592000000000000082e+00,1.694453407230172459e+01
3.592999999999999972e+00,1.698900357343045187e+01
3.593999999999999861e+00,1.697599548163902483e+01
3.595000000000000195e+00,1.695126980250051218e+01
3.596000000000000085e+00,1.700438419716549276e+01
3.596999999999999975e+00,1.699259795582446486e+01
3.597999999999999865e+00,1.697816922975935583e+01
3.599000000000000199e+00,1.700080544806919747e+01
3.600000000000000089e+00,1.696448201558149194e+01
3.600999999999999979e+00,1.693759970065872977e+01
3.601999999999999869e+00,1.696594777837939461e+01
3.603000000000000203e+00,1.695079860690871953e+01
3.604000000000000092e+00,1.698641521340576688e+01
3.604999999999999982e+00,1.692551909322380510e+01
3.605999999999999872e+00,1.697337033631557901e+01
3.607000000000000206e+00,1.697303723295845046e+01
3.608000000000000096e+00,1.693846116775801391e+01
3.608999999999999986e+00,1.696233894301953526e+01
3.609999999999999876e+00,1.696907224395698321e+01
3.611000000000000210e+00,1.692676802704269434e+01
3.612000000000000099e+00,1.697990856718455888e+01
3.612999999999999989e+00,1.701608766461842492e+01
3.613999999999999879e+00,1.697935081830179627e+01
3.615000000000000213e+00,1.696848340913738795e+01
3.616000000000000103e+00,1.701842721925767421e+01
3.616999999999999993e+00,1.696624883412981433e+01
3.617999999999999883e+00,1.694302035384215088e+01
3.619000000000000217e+00,1.691509247698254370e+01
3.620000000000000107e+00,1.695038734874018971e+01
3.620999999999999996e+00,1.698779155770312244e+01
3.621999999999999886e+00,1.692629195242242446e+01
3.623000000000000220e+00,1.698311112131331768e+01
3.624000000000000110e+00,1.693352085491102343e+01
3.625000000000000000e+00,1.695454768253627265e+01
3.625999999999999890e+00,1.696136231751325596e+01
3.626999999999999780e+00,1.692854581851621276e+01
3.628000000000000114e+00,1.695162052101319361e+01
3.629000000000000004e+00,1.689440109609876117e+01
3.629999999999999893e+00,1.697045981542287052e+01
3.630999999999999783e+00,1.688468245971987258e+01
3.632000000000000117e+00,1.690207742813960579e+01
3.633000000000000007e+00,1.693729489676675826e+01
3.633999999999999897e+00,1.695796769588458730e+01
3.634999999999999787e+00,1.694134479879363298e+01
3.636000000000000121e+00,1.690786268320871955e+01
3.637000000000000011e+00,1.693557997711172547e+01
3.637999999999999901e+00,1.697710232177297129e+01
3.638999999999999790e+00,1.698961718673120558e+01
3.640000000000000124e+00,1.695529937868569093e+01
3.641000000000000014e+00,1.689943856566440061e+01
3.641999999999999904e+00,1.704693528061885033e+01
3.642999999999999794e+00,1.700709257308638911e+01
3.644000000000000128e+00,1.699415008610846201e+01
3.645000000000000018e+00,1.693326997229420172e+01
3.645999999999999908e+00,1.697609428756620176e+01
3.646999999999999797e+00,1.703221451028472089e+01
3.648000000000000131e+00,1.695649307211096612e+01
3.649000000000000021e+00,1.691652754005176718e+01
3.649999999999999911e+00,1.693601863483060654e+01
3.650999999999999801e+00,1.701011772394424071e+01
3.652000000000000135e+00,1.694764423526155284e+01
3.653000000000000025e+00,1.697898882192104963e+01
3.653999999999999915e+00,1.700584188509641592e+01
3.654999999999999805e+00,1.700488531747614829e+01
3.656000000000000139e+00,1.703120672841249217e+01
3.657000000000000028e+00,1.706826685385874498e+01
3.657999999999999918e+00,1.707105369929762162e+01
3.658999999999999808e+00,1.699309646686268138e+01
3.660000000000000142e+00,1.706066558483643547e+01
3.661000000000000032e+00,1.698274462732959833e+01
3.661999999999999922e+00,1.704735974687666555e+01
3.662999999999999812e+00,1.699670564845533960e+01
3.664000000000000146e+00,1.699169218067425291e+01
3.665000000000000036e+00,1.701414099292356497e+01
3.665999999999999925e+00,1.706802240352572397e+01
3.666999999999999815e+00,1.708951682736857336e+01
3.668000000000000149e+00,1.709367987581861570e+01
3.669000000000000039e+00,1.701626661477710556e+01
3.669999999999999929e+00,1.709104777767852568e+01
3.670999999999999819e+00,1.703185287503681167e+01
3.672000000000000153e+00,1.705585502866419390e+01
3.673000000000000043e+00,1.696198178491478714e+01
3.673999999999999932e+00,1.703440196177006527e+01
3.674999999999999822e+00,1.702220158383845217e+01
3.676000000000000156e+00,1.704584386238644100e+01
3.677000000000000046e+00,1.704918227688401089e+01
3.677999999999999936e+00,1.708601959123007319e+01
3.678999999999999826e+00,1.701731375331153373e+01
3.680000000000000160e+00,1.706959005111190208e+01
3.681000000000000050e+00,1.704609180243361521e+01
3.681999999999999940e+00,1.704593934789870957e+01
3.682999999999999829e+00,1.705760501169244492e+01
3.684000000000000163e+00,1.705162590493772257e+01
3.685000000000000053e+00,1.706056701403123554e+01
3.685999999999999943e+00,1.704822708324724800e+01
3.686999999999999833e+00,1.713127819558165399e+01
3.688000000000000167e+00,1.700563753503351450e+01
3.689000000000000057e+00,1.705207121139785897e+01
3.689999999999999947e+00,1.710810388380119207e+01
3.690999999999999837e+00,1.707838582441775088e+01
3.692000000000000171e+00,1.703840337349861755e+01
3.693000000000000060e+00,1.704506421239560865e+01
3.693999999999999950e+00,1.705229316531325878e+01
3.694999999999999840e+00,1.707935900946538865e+01
3.696000000000000174e+00,1.705040271446326372e+01
3.697000000000000064e+00,1.710346282250770500e+01
3.697999999999999954e+00,1.697061088343691182e+01
3.698999999999999844e+00,1.703578420672884874e+01
3.700000000000000178e+00,1.702838666418025326e+01
3.701000000000000068e+00,1.707602893486396312e+01
3.701999999999999957e+00,1.707164589727697290e+01
3.702999999999999847e+00,1.706275613457584583e+01
3.704000000000000181e+00,1.707024890214477608e+01
3.705000000000000071e+00,1.708681797063731267e+01
3.705999999999999961e+00,1.708441586619593622e+01
3.706999999999999851e+00,1.695510720750982259e+01
3.708000000000000185e+00,1.699983011997557725e+01
3.709000000000000075e+00,1.701530167094247048e+01
3.709999999999999964e+00,1.700827583510622532e+01
3.710999999999999854e+00,1.705407294120447759e+01
3.712000000000000188e+00,1.698728383938921027e+01
3.713000000000000078e+00,1.698037805112668863e+01
3.713999999999999968e+00,1.700931873956196583e+01
3.714999999999999858e+00,1.698712991404321926e+01
3.716000000000000192e+00,1.704752338966703107e+01
3.717000000000000082e+00,1.699047738494851600e+01
3.717999999999999972e+00,1.698027906214650784e+01
3.718999999999999861e+00,1.703315998334808157e+01
3.720000000000000195e+00,1.696078942184335148e+01
3.721000000000000085e+00,1.694484027640686818e+01
3.721999999999999975e+00,1.696589115243086354e+01
3.722999999999999865e+00,1.696182593348316914e+01
3.724000000000000199e+00,1.698615893932498722e+01
3.725000000000000089e+00,1.700744805867868692e+01
3.725999999999999979e+00,1.702905324539705845e+01
3.726999999999999869e+00,1.700463583260994938e+01
3.728000000000000203e+00,1.690232758785924716e+01
3.729000000000000092e+00,1.696952222898307028e+01
3.729999999999999982e+00,1.693353351447736799e+01
3.730999999999999872e+00,1.695691842753018008e+01
3.732000000000000206e+00,1.694182437765468308e+01
3.733000000000000096e+00,1.698670976120211051e+01
3.733999999999999986e+00,1.697484586102945769e+01
3.734999999999999876e+00,1.697693061374004486e+01
3.736000000000000210e+00,1.696668111006428248e+01
3.737000000000000099e+00,1.695524843605821985e+01
3.737999999999999989e+00,1.697026598799909181e+01
3.738999999999999879e+00,1.704837818172478947e+01
3.740000000000000213e+00,1.705622724656485545e+01
3.741000000000000103e+00,1.701436708610199489e+01
3.741999999999999993e+00,1.705613840986210050e+01
3.742999999999999883e+00,1.701539950118256428e+01
3.744000000000000217e+00,1.697146111409988478e+01
3.745000000000000107e+00,1.702344283911211065e+01
3.745999999999999996e+00,1.701568768974642865e+01
3.746999999999999886e+00,1.711867479153876559e+01
3.748000000000000220e+00,1.702875246823879962e+01
3.749000000000000110e+00,1.706435106431525028e+01
3.750000000000000000e+00,1.704762634643776664e+01
3.750999999999999890e+00,1.700876888156721023e+01
3.751999999999999780e+00,1.693646532715183284e+01
3.753000000000000114e+00,1.699944029763647535e+01
3.754000000000000004e+00,1.703847423429687069e+01
3.754999999999999893e+00,1.701965160907979424e+01
3.755999999999999783e+00,1.702019293845741998e+01
3.757000000000000117e+00,1.706017702234852251e+01
3.758000000000000007e+00,1.703310121353162643e+01
3.758999999999999897e+00,1.707168697144129155e+01
3.759999999999999787e+00,1.706549501108916544e+01
3.761000000000000121e+00,1.706001170951988755e+01
3.762000000000000011e+00,1.701640406184374044e+01
3.762999999999999901e+00,1.705788668658017926e+01
3.763999999999999790e+00,1.707520762243926171e+01
3.765000000000000124e+00,1.706309815509059291e+01
3.766000000000000014e+00,1.718803260689423951e+01
3.766999999999999904e+00,1.715356369901563838e+01
3.767999999999999794e+00,1.700134852444672262e+01
3.769000000000000128e+00,1.708248147342593626e+01
3.770000000000000018e+00,1.711628550492241629e+01
3.770999999999999908e+00,1.711788206435818438e+01
3.771999999999999797e+00,1.708660756943494263e+01
3.773000000000000131e+00,1.712039237154782967e+01
3.774000000000000021e+00,1.700876827047537532e+01
3.774999999999999911e+00,1.707988577197511404e+01
3.775999999999999801e+00,1.714761481585477654e+01
3.777000000000000135e+00,1.709917389987260705e+01
3.778000000000000025e+00,1.708300407038068514e+01
3.778999999999999915e+00,1.705964553804439277e+01
3.779999999999999805e+00,1.708987540991936527e+01
3.781000000000000139e+00,1.711908834950575553e+01
3.782000000000000028e+00,1.709646166778608745e+01
3.782999999999999918e+00,1.706204412570805573e+01
3.783999999999999808e+00,1.700971714407342006e+01
3.785000000000000142e+00,1.705457359102138071e+01
3.786000000000000032e+00,1.706613499698788772e+01
3.786999999999999922e+00,1.706814545200627009e+01
3.787999999999999812e+00,1.711925868000615836e+01
3.789000000000000146e+00,1.709659868282669137e+01
3.790000000000000036e+00,1.711727870230303594e+01
3.790999999999999925e+00,1.707156428932470860e+01
3.791999999999999815e+00,1.709231721480776400e+01
3.793000000000000149e+00,1.707349886826057173e+01
3.794000000000000039e+00,1.700765123687877889e+01
3.794999999999999929e+00,1.701252134101760660e+01
3.795999999999999819e+00,1.703033160903521903e+01
3.797000000000000153e+00,1.697992209570283251e+01
3.798000000000000043e+00,1.705175883794917979e+01
3.798999999999999932e+00,1.710000677029686855e+01
3.799999999999999822e+00,1.706866818007897280e+01
3.801000000000000156e+00,1.708836660347976277e+01
3.802000000000000046e+00,1.708291534228973063e+01
3.802999999999999936e+00,1.704947740409889079e+01
3.803999999999999826e+00,1.697452522044458334e+01
3.805000000000000160e+00,1.692136853342702096e+01
3.806000000000000050e+00,1.704528748776480285e+01
3.806999999999999940e+00,1.700321509571656975e+01
3.807999999999999829e+00,1.695332030907912824e+01
3.809000000000000163e+00,1.699248369349891519e+01
3.810000000000000053e+00,1.700579997954446299e+01
3.810999999999999943e+00,1.701017993383510429e+01
3.811999999999999833e+00,1.702114912054827300e+01
3.813000000000000167e+00,1.702632784281133382e+01
3.814000000000000057e+00,1.699878117027110846e+01
3.814999999999999947e+00,1.706683150558345474e+01
3.815999999999999837e+00,1.705732869669160578e+01
3.817000000000000171e+00,1.705708370845676569e+01
3.818000000000000060e+00,1.703069090429032784e+01
3.818999999999999950e+00,1.704425332552870742e+01
3.819999999999999840e+00,1.701166682080923920e+01
3.821000000000000174e+00,1.701547293162396102e+01
3.822000000000000064e+00,1.709060740652417110e+01
3.822999999999999954e+00,1.704332865865732316e+01
3.823999999999999844e+00,1.713622674376763655e+01
3.825000000000000178e+00,1.701664678330808300e+01
3.826000000000000068e+00,1.705887693851473230e+01
3.826999999999999957e+00,1.712949774899138689e+01
3.827999999999999847e+00,1.706852589885636462e+01
3.829000000000000181e+00,1.702848624197790528e+01
3.830000000000000071e+00,1.700635265721230027e+01
3.830999999999999961e+00,1.698399078710454901e+01
3.831999999999999851e+00,1.709830392613084626e+01
3.833000000000000185e+00,1.708404288444566177e+01
3.834000000000000075e+00,1.708859183191595577e+01
3.834999999999999964e+00,1.702154560966648233e+01
3.835999999999999854e+00,1.704556286131818155e+01
3.837000000000000188e+00,1.703005818195250143e+01
3.838000000000000078e+00,1.705964637546530582e+01
3.838999999999999968e+00,1.705489182787536606e+01
3.839999999999999858e+00,1.712011696573019037e+01
3.841000000000000192e+00,1.702135968403402799e+01
3.842000000000000082e+00,1.711304490048512505e+01
3.842999999999999972e+00,1.714537532874063430e+01
3.843999999999999861e+00,1.718602444565570053e+01
3.845000000000000195e+00,1.715598860520081459e+01
3.846000000000000085e+00,1.720799444176250148e+01
3.846999999999999975e+00,1.714520726883582924e+01
3.847999999999999865e+00,1.713302889698083220e+01
3.849000000000000199e+00,1.717567737294040242e+01
3.850000000000000089e+00,1.712108195048797299e+01
3.850999999999999979e+00,1.710095973168694883e+01
3.851999999999999869e+00,1.709718827262513230e+01
3.853000000000000203e+00,1.719906257625859070e+01
3.854000000000000092e+00,1.723753258705527003e+01
3.854999999999999982e+00,1.718201049873439601e+01
3.855999999999999872e+00,1.721809546264831781e+01
3.857000000000000206e+00,1.713276142514653699e+01
3.858000000000000096e+00,1.707496218551674971e+01
3.858999999999999986e+00,1.708320498776584628e+01
3.859999999999999876e+00,1.713456323531220704e+01
3.861000000000000210e+00,1.716116164475454653e+01
3.862000000000000099e+00,1.710545601545956984e+01
3.862999999999999989e+00,1.714800058208002653e+01
3.863999999999999879e+00,1.713545729069011969e+01
3.865000000000000213e+00,1.716160422557916831e+01
3.866000000000000103e+00,1.721187607732158398e+01
3.866999999999999993e+00,1.711717945177804978e+01
3.867999999999999883e+00,1.718724352577131498e+01
3.869000000000000217e+00,1.712248783141247799e+01
3.870000000000000107e+00,1.712827004451290236e+01
3.870999999999999996e+00,1.715112156279741384e+01
3.871999999999999886e+00,1.716317220126099485e+01
3.873000000000000220e+00,1.711696815119027093e+01
3.874000000000000110e+00,1.707100094612817287e+01
3.875000000000000000e+00,1.714524435308691608e+01
3.875999999999999890e+00,1.713516019376913135e+01
3.876999999999999780e+00,1.714282086903530100e+01
3.878000000000000114e+00,1.715955972800863449e+01
3.879000000000000004e+00,1.715645255524578161e+01
3.879999999999999893e+00,1.713223835559380603e+01
3.880999999999999783e+00,1.715658610108540572e+01
3.882000000000000117e+00,1.705806274943510914e+01
3.883000000000000007e+00,1.709993056356461238e+01
3.883999999999999897e+00,1.705618226102367174e+01
3.884999999999999787e+00,1.707634654937021779e+01
3.886000000000000121e+00,1.707867980682729581e+01
3.887000000000000011e+00,1.704810420083091316e+01
3.887999999999999901e+00,1.704554171353778713e+01
3.888999999999999790e+00,1.704820499680030821e+01
3.890000000000000124e+00,1.707717922173569391e+01
3.891000000000000014e+00,1.721042800487771984e+01
3.891999999999999904e+00,1.712554250322988381e+01
3.892999999999999794e+00,1.713864682388642535e+01
3.894000000000000128e+00,1.713775303999346633e+01
3.895000000000000018e+00,1.711358067625876700e+01
3.895999999999999908e+00,1.703814965172166040e+01
3.896999999999999797e+00,1.715506212686277365e+01
3.898000000000000131e+00,1.717495724586814632e+01
3.899000000000000021e+00,1.709062190092641131e+01
3.899999999999999911e+00,1.705402728890631892e+01
3.900999999999999801e+00,1.707593451554294717e+01
3.902000000000000135e+00,1.708366443029034798e+01
3.903000000000000025e+00,1.708453606477826625e+01
3.903999999999999915e+00,1.707547853220391332e+01
3.904999999999999805e+00,1.710725892631152689e+01
3.906000000000000139e+00,1.709768516771038449e+01
3.907000000000000028e+00,1.708531899581077340e+01
3.907999999999999918e+00,1.707254464955826023e+01
3.908999999999999808e+00,1.704500260034958004e+01
3.910000000000000142e+00,1.702958659326500523e+01
3.911000000000000032e+00,1.711378562861231600e+01
3.911999999999999922e+00,1.709541131994291874e+01
3.912999999999999812e+00,1.710877314883607170e+01
3.914000000000000146e+00,1.712393628079509966e+01
3.915000000000000036e+00,1.705415426148003633e+01
3.915999999999999925e+00,1.707459535070484691e+01
3.916999999999999815e+00,1.701948327971101804e+01
3.918000000000000149e+00,1.700073430224069071e+01
3.919000000000000039e+00,1.697697932215710992e+01
3.919999999999999929e+00,1.702075851401433582e+01
3.920999999999999819e+00,1.701055424719332265e+01
3.922000000000000153e+00,1.708402108964158828e+01
3.923000000000000043e+00,1.703172345653357667e+01
3.923999999999999932e+00,1.709404815477726203e+01
3.924999999999999822e+00,1.703756416826620423e+01
3.926000000000000156e+00,1.703741473066991219e+01
3.927000000000000046e+00,1.707258851635637953e+01
3.927999999999999936e+00,1.705272898219956801e+01
3.928999999999999826e+00,1.709537800788340434e+01
3.930000000000000160e+00,1.704454456863370737e+01
3.931000000000000050e+00,1.707860263426838188e+01
3.931999999999999940e+00,1.709304047505542101e+01
3.932999999999999829e+00,1.697455514343439731e+01
3.934000000000000163e+00,1.703553407792830043e+01
3.935000000000000053e+00,1.702098734960794957e+01
3.935999999999999943e+00,1.705432385670455275e+01
3.936999999999999833e+00,1.704218941520669617e+01
3.938000000000000167e+00,1.701909025844180690e+01
3.939000000000000057e+00,1.705043858633614562e+01
3.939999999999999947e+00,1.704833758178998693e+01
3.940999999999999837e+00,1.703198612054249850e+01
3.942000000000000171e+00,1.705403366146643762e+01
3.943000000000000060e+00,1.701221907493414420e+01
3.943999999999999950e+00,1.699308736699945399e+01
3.944999999999999840e+00,1.700878179032664406e+01
3.946000000000000174e+00,1.702293378779222977e+01
3.947000000000000064e+00,1.697302515198926187e+01
3.947999999999999954e+00,1.698960715050363746e+01
3.948999999999999844e+00,1.700492763615357816e+01
3.950000000000000178e+00,1.705622947952867818e+01
3.951000000000000068e+00,1.704605989022401857e+01
3.951999999999999957e+00,1.709133341663751082e+01
3.952999999999999847e+00,1.706800184818303734e+01
3.954000000000000181e+00,1.706033094370560477e+01
3.955000000000000071e+00,1.706966825131033971e+01
3.955999999999999961e+00,1.711278532675010311e+01
3.956999999999999851e+00,1.707067553631408074e+01
3.958000000000000185e+00,1.701745458986110648e+01
3.959000000000000075e+00,1.694067372342754041e+01
3.959999999999999964e+00,1.696761011947383579e+01
3.960999999999999854e+00,1.692878719502321161e+01
3.962000000000000188e+00,1.700000376258086732e+01
3.963000000000000078e+00,1.698332548718208557e+01
3.963999999999999968e+00,1.695404015219573424e+01
3.964999999999999858e+00,1.702771496984036759e+01
3.966000000000000192e+00,1.703940283934240085e+01
3.967000000000000082e+00,1.706863815653198202e+01
3.967999999999999972e+00,1.704925446956062274e+01
3.968999999999999861e+00,1.697620956272625747e+01
3.970000000000000195e+00,1.701668400235512735e+01
3.971000000000000085e+00,1.703070326710225046e+01
3.971999999999999975e+00,1.701269733468141965e+01
3.972999999999999865e+00,1.700074792763497555e+01
3.974000000000000199e+00,1.703503516765407966e+01
3.975000000000000089e+00,1.705415691793555766e+01
3.975999999999999979e+00,1.704316142462081274e+01
3.976999999999999869e+00,1.700202783767874948e+01
3.978000000000000203e+00,1.698637864303743683e+01
3.979000000000000092e+00,1.704736985453949671e+01
3.979999999999999982e+00,1.711022172187650625e+01
3.980999999999999872e+00,1.704419638422029593e+01
3.982000000000000206e+00,1.708074324360554996e+01
3.983000000000000096e+00,1.706913292380920666e+01
3.983999999999999986e+00,1.699932493595265726e+01
3.984999999999999876e+00,1.703274385665928392e+01
3.986000000000000210e+00,1.705758981996791590e+01
3.987000000000000099e+00,1.708454892704580885e+01
3.987999999999999989e+00,1.715599879303339392e+01
3.988999999999999879e+00,1.711175038910291235e+01
3.990000000000000213e+00,1.711224285207448048e+01
3.991000000000000103e+00,1.706622410814668456e+01
3.991999999999999993e+00,1.708936071175702764e+01
3.992999999999999883e+00,1.702238543954136318e+01
3.994000000000000217e+00,1.715413840308360349e+01
3.995000000000000107e+00,1.709461594119608208e+01
3.995999999999999996e+00,1.711564792599755691e+01
3.996999999999999886e+00,1.707495123062560438e+01
3.998000000000000220e+00,1.707965248088689947e+01
3.999000000000000110e+00,1.713469962541147851e+01
4.000000000000000000e+00,1.714083257280879380e+01
4.001000000000000334e+00,1.713948213186045422e+01
4.001999999999999780e+00,1.707440063397543639e+01
4.003000000000000114e+00,1.710160055935100232e+01
4.003999999999999559e+00,1.711517802308524594e+01
4.004999999999999893e+00,1.711541153599504383e+01
4.006000000000000227e+00,1.714913391097029560e+01
4.006999999999999673e+00,1.710923318207555965e+01
4.008000000000000007e+00,1.701630156729703813e+01
4.009000000000000341e+00,1.708164147866573046e+01
4.009999999999999787e+00,1.710518458094594152e+01
4.011000000000000121e+00,1.707205624993992998e+01
4.011999999999999567e+00,1.709014505903541803e+01
4.012999999999999901e+00,1.709152967332107664e+01
4.014000000000000234e+00,1.704555017896831970e+01
4.014999999999999680e+00,1.705921797163711773e+01
4.016000000000000014e+00,1.713899971027728242e+01
4.017000000000000348e+00,1.706940947634138794e+01
4.017999999999999794e+00,1.705586294316440643e+01
4.019000000000000128e+00,1.703958123480873610e+01
4.019999999999999574e+00,1.705828917560932112e+01
4.020999999999999908e+00,1.712958906227921574e+01
4.022000000000000242e+00,1.699055301423747011e+01
4.022999999999999687e+00,1.708032561998009058e+01
4.024000000000000021e+00,1.710674506535466577e+01
4.025000000000000355e+00,1.710225954643558666e+01
4.025999999999999801e+00,1.709183807285649692e+01
4.027000000000000135e+00,1.701729589505276863e+01
4.027999999999999581e+00,1.715042444186928350e+01
4.028999999999999915e+00,1.702016755030880546e+01
4.030000000000000249e+00,1.701905985941109734e+01
4.030999999999999694e+00,1.709625142750274307e+01
4.032000000000000028e+00,1.704853287474854895e+01
4.033000000000000362e+00,1.708066003519347476e+01
4.033999999999999808e+00,1.705935083579309008e+01
4.035000000000000142e+00,1.707595603974157328e+01
4.035999999999999588e+00,1.715653025161541834e+01
4.036999999999999922e+00,1.708677624754523805e+01
4.038000000000000256e+00,1.706032316630874135e+01
4.038999999999999702e+00,1.708920214722924413e+01
4.040000000000000036e+00,1.705756193104989649e+01
4.041000000000000369e+00,1.712178756995637130e+01
4.041999999999999815e+00,1.707024354021848467e+01
4.043000000000000149e+00,1.718455524869006723e+01
4.043999999999999595e+00,1.714559322250755713e+01
4.044999999999999929e+00,1.716223514251888105e+01
4.046000000000000263e+00,1.712232041134328853e+01
4.046999999999999709e+00,1.711835702145794968e+01
4.048000000000000043e+00,1.711274341238403451e+01
4.049000000000000377e+00,1.719159916393778431e+01
4.049999999999999822e+00,1.718360848463007784e+01
4.051000000000000156e+00,1.714122243783994293e+01
4.051999999999999602e+00,1.713363259970636676e+01
4.052999999999999936e+00,1.714281901390582874e+01
4.054000000000000270e+00,1.711739195950677939e+01
4.054999999999999716e+00,1.713646045686994768e+01
4.056000000000000050e+00,1.713293568478031403e+01
4.057000000000000384e+00,1.718672009897651165e+01
4.057999999999999829e+00,1.715987271563510319e+01
4.059000000000000163e+00,1.718100856022158140e+01
4.059999999999999609e+00,1.716831669458925802e+01
4.060999999999999943e+00,1.714552231511119373e+01
4.062000000000000277e+00,1.712639293529231566e+01
4.062999999999999723e+00,1.714930417307775912e+01
4.064000000000000057e+00,1.709725014939300891e+01
4.065000000000000391e+00,1.714947604719879592e+01
4.065999999999999837e+00,1.716282716339950198e+01
4.067000000000000171e+00,1.722906925235671594e+01
4.067999999999999616e+00,1.727422797099379537e+01
4.068999999999999950e+00,1.716082042647395767e+01
4.070000000000000284e+00,1.720190102528720999e+01
4.070999999999999730e+00,1.716184302860468947e+01
4.072000000000000064e+00,1.709550796310329801e+01
4.073000000000000398e+00,1.713192766707969383e+01
4.073999999999999844e+00,1.713073440913811396e+01
4.075000000000000178e+00,1.718130509065529310e+01
4.075999999999999623e+00,1.716345855412448884e+01
4.076999999999999957e+00,1.711084535603059820e+01
4.078000000000000291e+00,1.714382312565309974e+01
4.078999999999999737e+00,1.713296819536399340e+01
4.080000000000000071e+00,1.715998052633003113e+01
4.081000000000000405e+00,1.714319084518790248e+01
4.081999999999999851e+00,1.710674885015281887e+01
4.083000000000000185e+00,1.716343731781999082e+01
4.083999999999999631e+00,1.716590195333762026e+01
4.084999999999999964e+00,1.708938171674158824e+01
4.086000000000000298e+00,1.712138499328846564e+01
4.086999999999999744e+00,1.712469244297928128e+01
4.088000000000000078e+00,1.708731020885203478e+01
4.089000000000000412e+00,1.714061837182678971e+01
4.089999999999999858e+00,1.708239938420630821e+01
4.091000000000000192e+00,1.712635543980107045e+01
4.091999999999999638e+00,1.714924829685232766e+01
4.092999999999999972e+00,1.720149006184179541e+01
4.094000000000000306e+00,1.713327427785561241e+01
4.094999999999999751e+00,1.710509627622768392e+01
4.096000000000000085e+00,1.712726621082591194e+01
4.097000000000000419e+00,1.709072565674246391e+01
4.097999999999999865e+00,1.700383536640321580e+01
4.099000000000000199e+00,1.697192546624350129e+01
4.099999999999999645e+00,1.710902602866195110e+01
4.100999999999999979e+00,1.710763972975752978e+01
4.102000000000000313e+00,1.715016937171763800e+01
4.102999999999999758e+00,1.716854210399803904e+01
4.104000000000000092e+00,1.716762268948157555e+01
4.105000000000000426e+00,1.712790888912364551e+01
4.105999999999999872e+00,1.706291814508501048e+01
4.107000000000000206e+00,1.713829391102199651e+01
4.107999999999999652e+00,1.713487796593915036e+01
4.108999999999999986e+00,1.717491986885929833e+01
4.110000000000000320e+00,1.714301281019428558e+01
4.110999999999999766e+00,1.714220615610689791e+01
4.112000000000000099e+00,1.705389945537607232e+01
4.113000000000000433e+00,1.705330420906531330e+01
4.113999999999999879e+00,1.706846600281473414e+01
4.115000000000000213e+00,1.709419812470527233e+01
4.115999999999999659e+00,1.703655344561644824e+01
4.116999999999999993e+00,1.709712270323866079e+01
4.118000000000000327e+00,1.702246658694276960e+01
4.118999999999999773e+00,1.706652903375938735e+01
4.120000000000000107e+00,1.714793797611397963e+01
4.121000000000000441e+00,1.706043710690263637e+01
4.121999999999999886e+00,1.706755040510263655e+01
4.123000000000000220e+00,1.712379000423967312e+01
4.123999999999999666e+00,1.713999912184408103e+01
4.125000000000000000e+00,1.706650650484979792e+01
4.126000000000000334e+00,1.708328011134177871e+01
4.126999999999999780e+00,1.698281264475517816e+01
4.128000000000000114e+00,1.706993250472597268e+01
4.128999999999999559e+00,1.710006139956830751e+01
4.129999999999999893e+00,1.706024389275589925e+01
4.131000000000000227e+00,1.709945344247952903e+01
4.131999999999999673e+00,1.705571972360586130e+01
4.133000000000000007e+00,1.709776925875921094e+01
4.134000000000000341e+00,1.705909945252456694e+01
4.134999999999999787e+00,1.706300994768595558e+01
4.136000000000000121e+00,1.710713356592371071e+01
4.136999999999999567e+00,1.708062625586472194e+01
4.137999999999999901e+00,1.711470316495975652e+01
4.139000000000000234e+00,1.712826485601816628e+01
4.139999999999999680e+00,1.714154945797216101e+01
4.141000000000000014e+00,1.710635755688305082e+01
4.142000000000000348e+00,1.704405840369880565e+01
4.142999999999999794e+00,1.708080706071108068e+01
4.144000000000000128e+00,1.711560271083964579e+01
4.144999999999999574e+00,1.714486772747609677e+01
4.145999999999999908e+00,1.715921875510386130e+01
4.147000000000000242e+00,1.712248745527387328e+01
4.147999999999999687e+00,1.708229788296008778e+01
4.149000000000000021e+00,1.706210508229209211e+01
4.150000000000000355e+00,1.706928192222705576e+01
4.150999999999999801e+00,1.708195887354563780e+01
4.152000000000000135e+00,1.706594495929501676e+01
4.152999999999999581e+00,1.708424499118932260e+01
4.153999999999999915e+00,1.716159141223635487e+01
4.155000000000000249e+00,1.714065683721253919e+01
4.155999999999999694e+00,1.711351106292203283e+01
4.157000000000000028e+00,1.703831101833000616e+01
4.158000000000000362e+00,1.718104570032027212e+01
4.158999999999999808e+00,1.712079703904156247e+01
4.160000000000000142e+00,1.710463111950409854e+01
4.160999999999999588e+00,1.708538405544294392e+01
4.161999999999999922e+00,1.713207890573480086e+01
4.163000000000000256e+00,1.714289680574049868e+01
4.163999999999999702e+00,1.711357890392690351e+01
4.165000000000000036e+00,1.703891799793285955e+01
4.166000000000000369e+00,1.706224001824533332e+01
4.166999999999999815e+00,1.712618469118148568e+01
4.168000000000000149e+00,1.705549867634048056e+01
4.168999999999999595e+00,1.711102223479325346e+01
4.169999999999999929e+00,1.708949696773199278e+01
4.171000000000000263e+00,1.705478711056710495e+01
4.171999999999999709e+00,1.709401034478608850e+01
4.173000000000000043e+00,1.711206064352264278e+01
4.174000000000000377e+00,1.701690782054717133e+01
4.174999999999999822e+00,1.705572735262053641e+01
4.176000000000000156e+00,1.706367024023162671e+01
4.176999999999999602e+00,1.705798345875720656e+01
4.177999999999999936e+00,1.705865708457407592e+01
4.179000000000000270e+00,1.704099061140119176e+01
4.179999999999999716e+00,1.708338916263661389e+01
4.181000000000000050e+00,1.710797806716109193e+01
4.182000000000000384e+00,1.708332278376096625e+01
4.182999999999999829e+00,1.710047331944923243e+01
4.184000000000000163e+00,1.709622906619825145e+01
4.184999999999999609e+00,1.706799653078304146e+01
4.185999999999999943e+00,1.704884820627520270e+01
4.187000000000000277e+00,1.708249239154567434e+01
4.187999999999999723e+00,1.702901677127883318e+01
4.189000000000000057e+00,1.702242508057985049e+01
4.190000000000000391e+00,1.710234036893693599e+01
4.190999999999999837e+00,1.714604614890216894e+01
4.192000000000000171e+00,1.704726529145644420e+01
4.192999999999999616e+00,1.707062706415694109e+01
4.193999999999999950e+00,1.702446539677405113e+01
4.195000000000000284e+00,1.708264205680196213e+01
4.195999999999999730e+00,1.715870131337731408e+01
4.197000000000000064e+00,1.716002294088670510e+01
4.198000000000000398e+00,1.706226436741365760e+01
4.198999999999999844e+00,1.704955200868057830e+01
4.200000000000000178e+00,1.708946983220092974e+01
4.200999999999999623e+00,1.704913551843760544e+01
4.201999999999999957e+00,1.709561100989656168e+01
4.203000000000000291e+00,1.701846109339778224e+01
4.203999999999999737e+00,1.713552863026369621e+01
4.205000000000000071e+00,1.707650801780730632e+01
4.206000000000000405e+00,1.708366371493806213e+01
4.206999999999999851e+00,1.707347103502581476e+01
4.208000000000000185e+00,1.709037964729597903e+01
4.208999999999999631e+00,1.706984380036669791e+01
4.209999999999999964e+00,1.709663964968284944e+01
4.211000000000000298e+00,1.703561857132785917e+01
4.211999999999999744e+00,1.703853969428812576e+01
4.213000000000000078e+00,1.706313276672937462e+01
4.214000000000000412e+00,1.708564731232132772e+01
4.214999999999999858e+00,1.708571973689231527e+01
4.216000000000000192e+00,1.709407536149877771e+01
4.216999999999999638e+00,1.708213767830396179e+01
4.217999999999999972e+00,1.704522214673958302e+01
4.219000000000000306e+00,1.697830504001818497e+01
4.219999999999999751e+00,1.699869641374660745e+01
4.221000000000000085e+00,1.707866305641235627e+01
4.222000000000000419e+00,1.707616788895845161e+01
4.222999999999999865e+00,1.710426893754845423e+01
4.224000000000000199e+00,1.704020973575185138e+01
4.224999999999999645e+00,1.710447375740853104e+01
4.225999999999999979e+00,1.705502237805340471e+01
4.227000000000000313e+00,1.714795048556852919e+01
4.227999999999999758e+00,1.703212986790086347e+01
4.229000000000000092e+00,1.714534544210292211e+01
4.230000000000000426e+00,1.709567603819481008e+01
4.230999999999999872e+00,1.703163436024899724e+01
4.232000000000000206e+00,1.709244301803750332e+01
4.232999999999999652e+00,1.706270434968421768e+01
4.233999999999999986e+00,1.708679965121265099e+01
4.235000000000000320e+00,1.709392840723846163e+01
4.235999999999999766e+00,1.711796862083618365e+01
4.237000000000000099e+00,1.711906810477005791e+01
4.238000000000000433e+00,1.706491956363597851e+01
4.238999999999999879e+00,1.703666895503481982e+01
4.240000000000000213e+00,1.707577410614444702e+01
4.240999999999999659e+00,1.697732484244695428e+01
4.241999999999999993e+00,1.705186667617178742e+01
4.243000000000000327e+00,1.705610807466401724e+01
4.243999999999999773e+00,1.704797441173451134e+01
4.245000000000000107e+00,1.713515545440591836e+01
4.246000000000000441e+00,1.710327530370914317e+01
4.246999999999999886e+00,1.707490688414322477e+01
4.248000000000000220e+00,1.703976934330600557e+01
4.248999999999999666e+00,1.703320281789300239e+01
4.250000000000000000e+00,1.701393462465004802e+01
4.251000000000000334e+00,1.708512622398821534e+01
4.251999999999999780e+00,1.714461684473608827e+01
4.253000000000000114e+00,1.710201941117248836e+01
4.253999999999999559e+00,1.710925147034789973e+01
4.254999999999999893e+00,1.703972432349598876e+01
4.256000000000000227e+00,1.706081067185051481e+01
4.256999999999999673e+00,1.710567999376232962e+01
4.258000000000000007e+00,1.706086584301255016e+01
4.259000000000000341e+00,1.712785280473493188e+01
4.259999999999999787e+00,1.705848411495448147e+01
4.261000000000000121e+00,1.711330106749307589e+01
4.261999999999999567e+00,1.706815550028344575e+01
4.262999999999999901e+00,1.708371450952654769e+01
4.264000000000000234e+00,1.705431262891557509e+01
4.264999999999999680e+00,1.704127984152844988e+01
4.266000000000000014e+00,1.709350998823622092e+01
4.267000000000000348e+00,1.709399773871820116e+01
4.267999999999999794e+00,1.708350361092183789e+01
4.269000000000000128e+00,1.705561866390898373e+01
4.269999999999999574e+00,1.703670521726150611e+01
4.270999999999999908e+00,1.706956138662624767e+01
4.272000000000000242e+00,1.702662689515602423e+01
4.272999999999999687e+00,1.709442943893476752e+01
4.274000000000000021e+00,1.706608412717286072e+01
4.275000000000000355e+00,1.705939640115035871e+01
4.275999999999999801e+00,1.712705936025845332e+01
4.277000000000000135e+00,1.704670742301241404e+01
4.277999999999999581e+00,1.707372007599811070e+01
4.278999999999999915e+00,1.703173895037807739e+01
4.280000000000000249e+00,1.696744820077152838e+01
4.280999999999999694e+00,1.698457042798870731e+01
4.282000000000000028e+00,1.703683610530086412e+01
4.283000000000000362e+00,1.698904282266517995e+01
4.283999999999999808e+00,1.698149993551794878e+01
4.285000000000000142e+00,1.705363522058991066e+01
4.285999999999999588e+00,1.700919728706430334e+01
4.286999999999999922e+00,1.712090054720392018e+01
4.288000000000000256e+00,1.710390426111930395e+01
4.288999999999999702e+00,1.707993799021850734e+01
4.290000000000000036e+00,1.701868884443628005e+01
4.291000000000000369e+00,1.704930238988812974e+01
4.291999999999999815e+00,1.706523714800577096e+01
4.293000000000000149e+00,1.704080527870322470e+01
4.293999999999999595e+00,1.703956401606533078e+01
4.294999999999999929e+00,1.703074648002261426e+01
4.296000000000000263e+00,1.709308862223182501e+01
4.296999999999999709e+00,1.709388778183223678e+01
4.298000000000000043e+00,1.705442726806130338e+01
4.299000000000000377e+00,1.702977692601584181e+01
4.299999999999999822e+00,1.706204449022175140e+01
4.301000000000000156e+00,1.701912925668285581e+01
4.301999999999999602e+00,1.710308594123072723e+01
4.302999999999999936e+00,1.707076227002427160e+01
4.304000000000000270e+00,1.699691176826635797e+01
4.304999999999999716e+00,1.703455967431554541e+01
4.306000000000000050e+00,1.704190973081501070e+01
4.307000000000000384e+00,1.707342301956910546e+01
4.307999999999999829e+00,1.705482107966609462e+01
4.309000000000000163e+00,1.706358918898930810e+01
4.309999999999999609e+00,1.709317219314311487e+01
4.310999999999999943e+00,1.698595141141435505e+01
4.312000000000000277e+00,1.707837663305804909e+01
4.312999999999999723e+00,1.704639455344274523e+01
4.314000000000000057e+00,1.708613094713751934e+01
4.315000000000000391e+00,1.701203366448402932e+01
4.315999999999999837e+00,1.705814745490359030e+01
4.317000000000000171e+00,1.713653026952939840e+01
4.317999999999999616e+00,1.701686413602565651e+01
4.318999999999999950e+00,1.712139480747927678e+01
4.320000000000000284e+00,1.704659089288193741e+01
4.320999999999999730e+00,1.708274871228539382e+01
4.322000000000000064e+00,1.710110177523061026e+01
4.323000000000000398e+00,1.713166049092582455e+01
4.323999999999999844e+00,1.703517222048760260e+01
4.325000000000000178e+00,1.706372062516638266e+01
4.325999999999999623e+00,1.708653528683452194e+01
4.326999999999999957e+00,1.704938352686303205e+01
4.328000000000000291e+00,1.708199035308264513e+01
4.328999999999999737e+00,1.701671443060777023e+01
4.330000000000000071e+00,1.702694084575268008e+01
4.331000000000000405e+00,1.705029540436952473e+01
4.331999999999999851e+00,1.700492080228913494e+01
4.333000000000000185e+00,1.704151202052067404e+01
4.333999999999999631e+00,1.709574682570304205e+01
4.334999999999999964e+00,1.708351665550065590e+01
4.336000000000000298e+00,1.708408564772558691e+01
4.336999999999999744e+00,1.705653263666687280e+01
4.338000000000000078e+00,1.712540016502916629e+01
4.339000000000000412e+00,1.710331664718917821e+01
4.339999999999999858e+00,1.708448690961749605e+01
4.341000000000000192e+00,1.711044043167132500e+01
4.341999999999999638e+00,1.704869744805251131e+01
4.342999999999999972e+00,1.707510518003084954e+01
4.344000000000000306e+00,1.710830899517133830e+01
4.344999999999999751e+00,1.707255000497044151e+01
4.346000000000000085e+00,1.705332526520255598e+01
4.347000000000000419e+00,1.708194330867961597e+01
4.347999999999999865e+00,1.704374199656677291e+01
4.349000000000000199e+00,1.709241245447548607e+01
4.349999999999999645e+00,1.707292336332271532e+01
4.350999999999999979e+00,1.707319696053273361e+01
4.352000000000000313e+00,1.708690080095072261e+01
4.352999999999999758e+00,1.705727410399422794e+01
4.354000000000000092e+00,1.707664180273427590e+01
4.355000000000000426e+00,1.702811041480177323e+01
4.355999999999999872e+00,1.710114190093502273e+01
4.357000000000000206e+00,1.713551023557600672e+01
4.357999999999999652e+00,1.714524474033226298e+01
4.358999999999999986e+00,1.711515977152588164e+01
4.360000000000000320e+00,1.714529129100499460e+01
4.360999999999999766e+00,1.710168703456690054e+01
4.362000000000000099e+00,1.712605796482868925e+01
4.363000000000000433e+00,1.712199103274329914e+01
4.363999999999999879e+00,1.709989769704492701e+01
4.365000000000000213e+00,1.712609276745919828e+01
4.365999999999999659e+00,1.713030257411119095e+01
4.366999999999999993e+00,1.713696494784485935e+01
4.368000000000000327e+00,1.707016992287350732e+01
4.368999999999999773e+00,1.710262223274720839e+01
4.370000000000000107e+00,1.704525824569314807e+01
4.371000000000000441e+00,1.707994692473168286e+01
4.371999999999999886e+00,1.706436910431278164e+01
4.373000000000000220e+00,1.709521018758290722e+01
4.373999999999999666e+00,1.706537325372096703e+01
4.375000000000000000e+00,1.699638253268326693e+01
4.376000000000000334e+00,1.707654345089196823e+01
4.376999999999999780e+00,1.708648048894241356e+01
4.378000000000000114e+00,1.706098929233714756e+01
4.378999999999999559e+00,1.702847313380767957e+01
4.379999999999999893e+00,1.711176109494720166e+01
4.381000000000000227e+00,1.707518681527471571e+01
4.381999999999999673e+00,1.705362345484736508e+01
4.383000000000000007e+00,1.711533182475852755e+01
4.384000000000000341e+00,1.716241218516003642e+01
4.384999999999999787e+00,1.710793780175610479e+01
4.386000000000000121e+00,1.700042143091972591e+01
4.386999999999999567e+00,1.706391622716180123e+01
4.387999999999999901e+00,1.700607146474298759e+01
4.389000000000000234e+00,1.700167555226894933e+01
4.389999999999999680e+00,1.697234911085615749e+01
4.391000000000000014e+00,1.697316774188362132e+01
4.392000000000000348e+00,1.703373993624271776e+01
4.392999999999999794e+00,1.706818428161234991e+01
4.394000000000000128e+00,1.705981925273754385e+01
4.394999999999999574e+00,1.701629126512456835e+01
4.395999999999999908e+00,1.701199147870377004e+01
4.397000000000000242e+00,1.705095081612185837e+01
4.397999999999999687e+00,1.700711764725999942e+01
4.399000000000000021e+00,1.703747022056739979e+01
4.400000000000000355e+00,1.704963241176631072e+01
4.400999999999999801e+00,1.705552130935492983e+01
4.402000000000000135e+00,1.706001185195359326e+01
4.402999999999999581e+00,1.704134602349648375e+01
4.403999999999999915e+00,1.701818548179427992e+01
4.405000000000000249e+00,1.704681838789176851e+01
4.405999999999999694e+00,1.709871896035186012e+01
4.407000000000000028e+00,1.702038841851159390e+01
4.408000000000000362e+00,1.707083708305066594e+01
4.408999999999999808e+00,1.701618045351034425e+01
4.410000000000000142e+00,1.705788369891499912e+01
4.410999999999999588e+00,1.706697063397300695e+01
4.411999999999999922e+00,1.708650087337871781e+01
4.413000000000000256e+00,1.693958815909754634e+01
4.413999999999999702e+00,1.704145647916614692e+01
4.415000000000000036e+00,1.706480659281601575e+01
4.416000000000000369e+00,1.708141277328675045e+01
4.416999999999999815e+00,1.703694332266063327e+01
4.418000000000000149e+00,1.709592881957762955e+01
4.418999999999999595e+00,1.711185799529507534e+01
4.419999999999999929e+00,1.704426930669988138e+01
4.421000000000000263e+00,1.702796663534964239e+01
4.421999999999999709e+00,1.711546520274222871e+01
4.423000000000000043e+00,1.705625028805386378e+01
4.424000000000000377e+00,1.710512314740789108e+01
4.424999999999999822e+00,1.699554828470596490e+01
4.426000000000000156e+00,1.705968675094955955e+01
4.426999999999999602e+00,1.712030958724935914e+01
4.427999999999999936e+00,1.709067821120216024e+01
4.429000000000000270e+00,1.711014001827548725e+01
4.429999999999999716e+00,1.706931312370590703e+01
4.431000000000000050e+00,1.713329059704901880e+01
4.432000000000000384e+00,1.714744842998647911e+01
4.432999999999999829e+00,1.709278723452274207e+01
4.434000000000000163e+00,1.704663196868110475e+01
4.434999999999999609e+00,1.703056988460316745e+01
4.435999999999999943e+00,1.701910004039036295e+01
4.437000000000000277e+00,1.703259056968044405e+01
4.437999999999999723e+00,1.704654644010041764e+01
4.439000000000000057e+00,1.711978766504354255e+01
4.440000000000000391e+00,1.702714064655611281e+01
4.440999999999999837e+00,1.703534585109588306e+01
4.442000000000000171e+00,1.708256086990464340e+01
4.442999999999999616e+00,1.705854067837853449e+01
4.443999999999999950e+00,1.704906139056857484e+01
4.445000000000000284e+00,1.702961923327030291e+01
4.445999999999999730e+00,1.702206676159641319e+01
4.447000000000000064e+00,1.705301379472324186e+01
4.448000000000000398e+00,1.706048702008983042e+01
4.448999999999999844e+00,1.705617466918045366e+01
4.450000000000000178e+00,1.710022400622579042e+01
4.450999999999999623e+00,1.709187284520298888e+01
4.451999999999999957e+00,1.707408109628675419e+01
4.453000000000000291e+00,1.701062366163782613e+01
4.453999999999999737e+00,1.701739923921076070e+01
4.455000000000000071e+00,1.705402037917919245e+01
4.456000000000000405e+00,1.716167579088973127e+01
4.456999999999999851e+00,1.708885233711906437e+01
4.458000000000000185e+00,1.702018948956563449e+01
4.458999999999999631e+00,1.713054134551235919e+01
4.459999999999999964e+00,1.708144501695091222e+01
4.461000000000000298e+00,1.710354235849342786e+01
4.461999999999999744e+00,1.710233517124367353e+01
4.463000000000000078e+00,1.710934400499341024e+01
4.464000000000000412e+00,1.705742638834055569e+01
4.464999999999999858e+00,1.701378686562670595e+01
4.466000000000000192e+00,1.709014282251715500e+01
4.466999999999999638e+00,1.702137865596639799e+01
4.467999999999999972e+00,1.708972596093936858e+01
4.469000000000000306e+00,1.705316093829834756e+01
4.469999999999999751e+00,1.700521071027021947e+01
4.471000000000000085e+00,1.707762771341822727e+01
4.472000000000000419e+00,1.701475935278298124e+01
4.472999999999999865e+00,1.702724919625144295e+01
4.474000000000000199e+00,1.703774860898846555e+01
4.474999999999999645e+00,1.710851823081574352e+01
4.475999999999999979e+00,1.707663943730871381e+01
4.477000000000000313e+00,1.705062912534813790e+01
4.477999999999999758e+00,1.705304233101606215e+01
4.479000000000000092e+00,1.707428350853149723e+01
4.480000000000000426e+00,1.712832655879878274e+01
4.480999999999999872e+00,1.700121740161054973e+01
4.482000000000000206e+00,1.701956256823205749e+01
4.482999999999999652e+00,1.706721686249104408e+01
4.483999999999999986e+00,1.705728985796274344e+01
4.485000000000000320e+00,1.704282542919346355e+01
4.485999999999999766e+00,1.709060048290205103e+01
4.487000000000000099e+00,1.701106239597276115e+01
4.488000000000000433e+00,1.701384311787795767e+01
4.488999999999999879e+00,1.710041986985123685e+01
4.490000000000000213e+00,1.705735132490550043e+01
4.490999999999999659e+00,1.705292072695597483e+01
4.491999999999999993e+00,1.701877719323986327e+01
4.493000000000000327e+00,1.707341612813286247e+01
4.493999999999999773e+00,1.703676395493176088e+01
4.495000000000000107e+00,1.704412702088588816e+01
4.496000000000000441e+00,1.702370903503679145e+01
4.496999999999999886e+00,1.700606015707058916e+01
4.498000000000000220e+00,1.705335740734260952e+01
4.498999999999999666e+00,1.702467680934801564e+01
4.500000000000000000e+00,1.699740494228024446e+01
4.501000000000000334e+00,1.696976974175620967e+01
4.501999999999999780e+00,1.707769387774123260e+01
4.503000000000000114e+00,1.707318245074421625e+01
4.503999999999999559e+00,1.704051629162812631e+01
4.504999999999999893e+00,1.708939862172773871e+01
4.506000000000000227e+00,1.710094746357281892e+01
4.506999999999999673e+00,1.712448013363815846e+01
4.508000000000000007e+00,1.704836275925859468e+01
4.509000000000000341e+00,1.706131789383163166e+01
4.509999999999999787e+00,1.702776505371693361e+01
4.511000000000000121e+00,1.702645681293207502e+01
4.511999999999999567e+00,1.711688735852600374e+01
4.512999999999999901e+00,1.708880718516636676e+01
4.514000000000000234e+00,1.693469517023165949e+01
4.514999999999999680e+00,1.700816433797258398e+01
4.516000000000000014e+00,1.699152711721370679e+01
4.517000000000000348e+00,1.691638964075102436e+01
4.517999999999999794e+00,1.696579924046087484e+01
4.519000000000000128e+00,1.705632804416478976e+01
4.519999999999999574e+00,1.713486271314667775e+01
4.520999999999999908e+00,1.702175572312580698e+01
4.522000000000000242e+00,1.698573562424956407e+01
4.522999999999999687e+00,1.695807840977060721e+01
4.524000000000000021e+00,1.696964210453786848e+01
4.525000000000000355e+00,1.696726730179019071e+01
4.525999999999999801e+00,1.704213168738639084e+01
4.527000000000000135e+00,1.706240974694544832e+01
4.527999999999999581e+00,1.709445233736395764e+01
4.528999999999999915e+00,1.709139167825362549e+01
4.530000000000000249e+00,1.701765991749399376e+01
4.530999999999999694e+00,1.708448065995647269e+01
4.532000000000000028e+00,1.702290278922895439e+01
4.533000000000000362e+00,1.696437227880100451e+01
4.533999999999999808e+00,1.696812273066533550e+01
4.535000000000000142e+00,1.694649855211277512e+01
4.535999999999999588e+00,1.702903340689982059e+01
4.536999999999999922e+00,1.698561766476288781e+01
4.538000000000000256e+00,1.701012759010837527e+01
4.538999999999999702e+00,1.694309814312872220e+01
4.540000000000000036e+00,1.699258902556101702e+01
4.541000000000000369e+00,1.694473396109986041e+01
4.541999999999999815e+00,1.703386103702516507e+01
4.543000000000000149e+00,1.699919685697357608e+01
4.543999999999999595e+00,1.692857288505562252e+01
4.544999999999999929e+00,1.700520454587768171e+01
4.546000000000000263e+00,1.691884015706498801e+01
4.546999999999999709e+00,1.704152180148312468e+01
4.548000000000000043e+00,1.699495476472798217e+01
4.549000000000000377e+00,1.693804721185257733e+01
4.549999999999999822e+00,1.705632771255846691e+01
4.551000000000000156e+00,1.697452913650120365e+01
4.551999999999999602e+00,1.700732059790517425e+01
4.552999999999999936e+00,1.699487899667990121e+01
4.554000000000000270e+00,1.700534174527494002e+01
4.554999999999999716e+00,1.693262478298650819e+01
4.556000000000000050e+00,1.698734404222106065e+01
4.557000000000000384e+00,1.697648216109929464e+01
4.557999999999999829e+00,1.695034800005353048e+01
4.559000000000000163e+00,1.694115169385562680e+01
4.559999999999999609e+00,1.696836480076272125e+01
4.560999999999999943e+00,1.698268491425932325e+01
4.562000000000000277e+00,1.698227829411956691e+01
4.562999999999999723e+00,1.695873365828541068e+01
4.564000000000000057e+00,1.699001792086605178e+01
4.565000000000000391e+00,1.701485674431034312e+01
4.565999999999999837e+00,1.697790799648601023e+01
4.567000000000000171e+00,1.702319342624800669e+01
4.567999999999999616e+00,1.698396118575795555e+01
4.568999999999999950e+00,1.697383122081181739e+01
4.570000000000000284e+00,1.704676255361425774e+01
4.570999999999999730e+00,1.699716692596397394e+01
4.572000000000000064e+00,1.707585181527943519e+01
4.573000000000000398e+00,1.698657121705317508e+01
4.573999999999999844e+00,1.696743771473674300e+01
4.575000000000000178e+00,1.698522523156588093e+01
4.575999999999999623e+00,1.702364344808174934e+01
4.576999999999999957e+00,1.699766279094098920e+01
4.578000000000000291e+00,1.698621794401250185e+01
4.578999999999999737e+00,1.697613119383903069e+01
4.580000000000000071e+00,1.702215935645729417e+01
4.581000000000000405e+00,1.698878033937628018e+01
4.581999999999999851e+00,1.703431547597313056e+01
4.583000000000000185e+00,1.702175115006401640e+01
4.583999999999999631e+00,1.704556777344202345e+01
4.584999999999999964e+00,1.697890359322462572e+01
4.586000000000000298e+00,1.702442367064139717e+01
4.586999999999999744e+00,1.705422100404671681e+01
4.588000000000000078e+00,1.700278103337966229e+01
4.589000000000000412e+00,1.702537042282376945e+01
4.589999999999999858e+00,1.701016437588254604e+01
4.591000000000000192e+00,1.703984754923805056e+01
4.591999999999999638e+00,1.694541980528224911e+01
4.592999999999999972e+00,1.700117198201500557e+01
4.594000000000000306e+00,1.697777124859049991e+01
4.594999999999999751e+00,1.695957832736765170e+01
4.596000000000000085e+00,1.702443571244232956e+01
4.597000000000000419e+00,1.705538088412461661e+01
4.597999999999999865e+00,1.701644853774764243e+01
4.599000000000000199e+00,1.702843975282218736e+01
4.599999999999999645e+00,1.706004203575932721e+01
4.600999999999999979e+00,1.709413577571010379e+01
4.602000000000000313e+00,1.705083044209634124e+01
4.602999999999999758e+00,1.698089936869952155e+01
4.604000000000000092e+00,1.705992700716552335e+01
4.605000000000000426e+00,1.706546865402109603e+01
4.605999999999999872e+00,1.703830704958222952e+01
4.607000000000000206e+00,1.703151767357466895e+01
4.607999999999999652e+00,1.703453102493958937e+01
4.608999999999999986e+00,1.701944329563733760e+01
4.610000000000000320e+00,1.700208457817566199e+01
4.610999999999999766e+00,1.699177455338965359e+01
4.612000000000000099e+00,1.707676541247853663e+01
4.613000000000000433e+00,1.705598825480974767e+01
4.613999999999999879e+00,1.699933750599945981e+01
4.615000000000000213e+00,1.703911600146556538e+01
4.615999999999999659e+00,1.698441696846214199e+01
4.616999999999999993e+00,1.703226193180504566e+01
4.618000000000000327e+00,1.705143708119956614e+01
4.618999999999999773e+00,1.696300781839504168e+01
4.620000000000000107e+00,1.700751317288424858e+01
4.621000000000000441e+00,1.703551119655123358e+01
4.621999999999999886e+00,1.704823792506380897e+01
4.623000000000000220e+00,1.699681437213574142e+01
4.623999999999999666e+00,1.703891153783288459e+01
4.625000000000000000e+00,1.697803243991678812e+01
4.626000000000000334e+00,1.696920474732665340e+01
4.626999999999999780e+00,1.701933926008178588e+01
4.628000000000000114e+00,1.704677997840319748e+01
4.628999999999999559e+00,1.700833331158997552e+01
4.629999999999999893e+00,1.704309311750591149e+01
4.631000000000000227e+00,1.703562309551866960e+01
4.631999999999999673e+00,1.700810487413749073e+01
4.633000000000000007e+00,1.700234017304593337e+01
4.634000000000000341e+00,1.697520255758798058e+01
4.634999999999999787e+00,1.695530938541499211e+01
4.636000000000000121e+00,1.697208384933704295e+01
4.636999999999999567e+00,1.697996584694388389e+01
4.637999999999999901e+00,1.693889742240155272e+01
4.639000000000000234e+00,1.702515043811211370e+01
4.639999999999999680e+00,1.706342793921682599e+01
4.641000000000000014e+00,1.697441269239356032e+01
4.642000000000000348e+00,1.697160340323048899e+01
4.642999999999999794e+00,1.707082221056762350e+01
4.644000000000000128e+00,1.705539979007381390e+01
4.644999999999999574e+00,1.705248055107410821e+01
4.645999999999999908e+00,1.700167945910394707e+01
4.647000000000000242e+00,1.706374166625952071e+01
4.647999999999999687e+00,1.711643230602212995e+01
4.649000000000000021e+00,1.709062622427252975e+01
4.650000000000000355e+00,1.703888266115416883e+01
4.650999999999999801e+00,1.708630324164423797e+01
4.652000000000000135e+00,1.707451323645459951e+01
4.652999999999999581e+00,1.700888885258016714e+01
4.653999999999999915e+00,1.697153245119637077e+01
4.655000000000000249e+00,1.702814899082412836e+01
4.655999999999999694e+00,1.707827173714899871e+01
4.657000000000000028e+00,1.707906251908055850e+01
4.658000000000000362e+00,1.709579781391197173e+01
4.658999999999999808e+00,1.711750177212086399e+01
4.660000000000000142e+00,1.704115229317352487e+01
4.660999999999999588e+00,1.710280007046476669e+01
4.661999999999999922e+00,1.715481437679236976e+01
4.663000000000000256e+00,1.705930664121958529e+01
4.663999999999999702e+00,1.703675534383112833e+01
4.665000000000000036e+00,1.706481565594370053e+01
4.666000000000000369e+00,1.705167853085160701e+01
4.666999999999999815e+00,1.714502538943483501e+01
4.668000000000000149e+00,1.710537214881324175e+01
4.668999999999999595e+00,1.702047892266318385e+01
4.669999999999999929e+00,1.711489205101029754e+01
4.671000000000000263e+00,1.700768868431542913e+01
4.671999999999999709e+00,1.704116827685778546e+01
4.673000000000000043e+00,1.704315031315281459e+01
4.674000000000000377e+00,1.702790328152427435e+01
4.674999999999999822e+00,1.712746127341326385e+01
4.676000000000000156e+00,1.705901351305774227e+01
4.676999999999999602e+00,1.710358556772698080e+01
4.677999999999999936e+00,1.712892607752469587e+01
4.679000000000000270e+00,1.713303598558020013e+01
4.679999999999999716e+00,1.715954065060068956e+01
4.681000000000000050e+00,1.709003603448215358e+01
4.682000000000000384e+00,1.706486620712120938e+01
4.682999999999999829e+00,1.713664261084066354e+01
4.684000000000000163e+00,1.711579555207849168e+01
4.684999999999999609e+00,1.710102583970990509e+01
4.685999999999999943e+00,1.710731969705364008e+01
4.687000000000000277e+00,1.716554322345476891e+01
4.687999999999999723e+00,1.711967387455677070e+01
4.689000000000000057e+00,1.716061209363807549e+01
4.690000000000000391e+00,1.713791359315839813e+01
4.690999999999999837e+00,1.713808150746707071e+01
4.692000000000000171e+00,1.711831744061058558e+01
4.692999999999999616e+00,1.703634864382668468e+01
4.693999999999999950e+00,1.708941153698214421e+01
4.695000000000000284e+00,1.713541432070698889e+01
4.695999999999999730e+00,1.708881645261029547e+01
4.697000000000000064e+00,1.703272400907351880e+01
4.698000000000000398e+00,1.707336546248378539e+01
4.698999999999999844e+00,1.712307989556912347e+01
4.700000000000000178e+00,1.709004131120889980e+01
4.700999999999999623e+00,1.710646744804557784e+01
4.701999999999999957e+00,1.705987915452987025e+01
4.703000000000000291e+00,1.713437440170337567e+01
4.703999999999999737e+00,1.701224402048734063e+01
4.705000000000000071e+00,1.715156842401227877e+01
4.706000000000000405e+00,1.706778601051525612e+01
4.706999999999999851e+00,1.707426849105089417e+01
4.708000000000000185e+00,1.702314638447339590e+01
4.708999999999999631e+00,1.709544221504417294e+01
4.709999999999999964e+00,1.701751425945438712e+01
4.711000000000000298e+00,1.698336765107675816e+01
4.711999999999999744e+00,1.696215157526512840e+01
4.713000000000000078e+00,1.706820903767060571e+01
4.714000000000000412e+00,1.708998488901364965e+01
4.714999999999999858e+00,1.707448895583112503e+01
4.716000000000000192e+00,1.708429694528678411e+01
4.716999999999999638e+00,1.706758551507655852e+01
4.717999999999999972e+00,1.709940337542957067e+01
4.719000000000000306e+00,1.702278476075207081e+01
4.719999999999999751e+00,1.700899185455650553e+01
4.721000000000000085e+00,1.703311109606621443e+01
4.722000000000000419e+00,1.701720015761475224e+01
4.722999999999999865e+00,1.708776989271328617e+01
4.724000000000000199e+00,1.707644365438169132e+01
4.724999999999999645e+00,1.711868311335063808e+01
4.725999999999999979e+00,1.712612567226701188e+01
4.727000000000000313e+00,1.702118323529847643e+01
4.727999999999999758e+00,1.712807438007710914e+01
4.729000000000000092e+00,1.717188583485277675e+01
4.730000000000000426e+00,1.708766753388061588e+01
4.730999999999999872e+00,1.714123613275084779e+01
4.732000000000000206e+00,1.709621505325337054e+01
4.732999999999999652e+00,1.707648608290299208e+01
4.733999999999999986e+00,1.711713130765819457e+01
4.735000000000000320e+00,1.710414552964611801e+01
4.735999999999999766e+00,1.706997013609714031e+01
4.737000000000000099e+00,1.706141466955703834e+01
4.738000000000000433e+00,1.707887020149204105e+01
4.738999999999999879e+00,1.701411422569367815e+01
4.740000000000000213e+00,1.713863104939747828e+01
4.740999999999999659e+00,1.700585219376741719e+01
4.741999999999999993e+00,1.697286903550103787e+01
4.743000000000000327e+00,1.700326762405734371e+01
4.743999999999999773e+00,1.699924483328967639e+01
4.745000000000000107e+00,1.698965855434169114e+01
4.746000000000000441e+00,1.704547968907070654e+01
4.746999999999999886e+00,1.701351175086679035e+01
4.748000000000000220e+00,1.715166439238907969e+01
4.748999999999999666e+00,1.704988069883804513e+01
4.750000000000000000e+00,1.705481585362776897e+01
4.751000000000000334e+00,1.702633969164800476e+01
4.751999999999999780e+00,1.704151188594376620e+01
4.753000000000000114e+00,1.704191278237350815e+01
4.753999999999999559e+00,1.698548997147576145e+01
4.754999999999999893e+00,1.709517082400403609e+01
4.756000000000000227e+00,1.703426587315644269e+01
4.756999999999999673e+00,1.705781943695802383e+01
4.758000000000000007e+00,1.703778898758790206e+01
4.759000000000000341e+00,1.701972941818372931e+01
4.759999999999999787e+00,1.699881478596095263e+01
4.761000000000000121e+00,1.702356716434234229e+01
4.761999999999999567e+00,1.700443851705640697e+01
4.762999999999999901e+00,1.705316490144823049e+01
4.764000000000000234e+00,1.711808606856195780e+01
4.764999999999999680e+00,1.716052143816286701e+01
4.766000000000000014e+00,1.714045402626835823e+01
4.767000000000000348e+00,1.710009916569452315e+01
4.767999999999999794e+00,1.707493709465205001e+01
4.769000000000000128e+00,1.706812077115254311e+01
4.769999999999999574e+00,1.704436093821776055e+01
4.770999999999999908e+00,1.700058972264830714e+01
4.772000000000000242e+00,1.707403382719153484e+01
4.772999999999999687e+00,1.705675729099989724e+01
4.774000000000000021e+00,1.702699979062356306e+01
4.775000000000000355e+00,1.702668722721177730e+01
4.775999999999999801e+00,1.702373280823351109e+01
4.777000000000000135e+00,1.701803037950625352e+01
4.777999999999999581e+00,1.702233022121879102e+01
4.778999999999999915e+00,1.705390090477071752e+01
4.780000000000000249e+00,1.702717377398737497e+01
4.780999999999999694e+00,1.709853404756653106e+01
4.782000000000000028e+00,1.704298446555909052e+01
4.783000000000000362e+00,1.703573762829437754e+01
4.783999999999999808e+00,1.705186580973352406e+01
4.785000000000000142e+00,1.698354861536975946e+01
4.785999999999999588e+00,1.702485649826016711e+01
4.786999999999999922e+00,1.700446979997251162e+01
4.788000000000000256e+00,1.702347148524550136e+01
4.788999999999999702e+00,1.707151070813342031e+01
4.790000000000000036e+00,1.703948713352884425e+01
4.791000000000000369e+00,1.700376478157255633e+01
4.791999999999999815e+00,1.697996098126254338e+01
4.793000000000000149e+00,1.699763629641393692e+01
4.793999999999999595e+00,1.698978885632493530e+01
4.794999999999999929e+00,1.702168138833239297e+01
4.796000000000000263e+00,1.702303785724595997e+01
4.796999999999999709e+00,1.702311601420226239e+01
4.798000000000000043e+00,1.702469484600032601e+01
4.799000000000000377e+00,1.709337154843776219e+01
4.799999999999999822e+00,1.692663406756350497e+01
4.801000000000000156e+00,1.700770026946212354e+01
4.801999999999999602e+00,1.699993684536796579e+01
4.802999999999999936e+00,1.706041895583370405e+01
4.804000000000000270e+00,1.704440958374466675e+01
4.804999999999999716e+00,1.708071085771687336e+01
4.806000000000000050e+00,1.705641024866874389e+01
4.807000000000000384e+00,1.703188854280035969e+01
4.807999999999999829e+00,1.701820914228329684e+01
4.809000000000000163e+00,1.705037365145353689e+01
4.809999999999999609e+00,1.707381050559635938e+01
4.810999999999999943e+00,1.712865390765366413e+01
4.812000000000000277e+00,1.701782053135650941e+01
4.812999999999999723e+00,1.716997556597993224e+01
4.814000000000000057e+00,1.717491585648873809e+01
4.815000000000000391e+00,1.709659025051075787e+01
4.815999999999999837e+00,1.711489937154166441e+01
4.817000000000000171e+00,1.711542982646359690e+01
4.817999999999999616e+00,1.712347764569248554e+01
4.818999999999999950e+00,1.714299277743980454e+01
4.820000000000000284e+00,1.710651318317745861e+01
4.820999999999999730e+00,1.719085309608482248e+01
4.822000000000000064e+00,1.715861591560849320e+01
4.823000000000000398e+00,1.710730530450670273e+01
4.823999999999999844e+00,1.714899049846858858e+01
4.825000000000000178e+00,1.708645492084487572e+01
4.825999999999999623e+00,1.707576313446622507e+01
4.826999999999999957e+00,1.709948146055641161e+01
4.828000000000000291e+00,1.715781882301915928e+01
4.828999999999999737e+00,1.713760935715344758e+01
4.830000000000000071e+00,1.715898183860529969e+01
4.831000000000000405e+00,1.708630321480005421e+01
4.831999999999999851e+00,1.716109739512166499e+01
4.833000000000000185e+00,1.713159061753135504e+01
4.833999999999999631e+00,1.714402443864605630e+01
4.834999999999999964e+00,1.709961987380857806e+01
4.836000000000000298e+00,1.711717164526704238e+01
4.836999999999999744e+00,1.710824725570506644e+01
4.838000000000000078e+00,1.715844275066049462e+01
4.839000000000000412e+00,1.701753495209186795e+01
4.839999999999999858e+00,1.707001405670295213e+01
4.841000000000000192e+00,1.703722098636631088e+01
4.841999999999999638e+00,1.709448980378804350e+01
4.842999999999999972e+00,1.708396438416313501e+01
4.844000000000000306e+00,1.711747112497609891e+01
4.844999999999999751e+00,1.705119329497083314e+01
4.846000000000000085e+00,1.702309952441810026e+01
4.847000000000000419e+00,1.702461704415258481e+01
4.847999999999999865e+00,1.711026897230316024e+01
4.849000000000000199e+00,1.707235545153166711e+01
4.849999999999999645e+00,1.704566554045976545e+01
4.850999999999999979e+00,1.704848538118635304e+01
4.852000000000000313e+00,1.712929286200028400e+01
4.852999999999999758e+00,1.706896161661513389e+01
4.854000000000000092e+00,1.702856382148734227e+01
4.855000000000000426e+00,1.703345841053999266e+01
4.855999999999999872e+00,1.708774119204687381e+01
4.857000000000000206e+00,1.712525150052565337e+01
4.857999999999999652e+00,1.702844854042392342e+01
4.858999999999999986e+00,1.711254831745389637e+01
4.860000000000000320e+00,1.707716005139002391e+01
4.860999999999999766e+00,1.699475998594350301e+01
4.862000000000000099e+00,1.701774571980936557e+01
4.863000000000000433e+00,1.701556626781434645e+01
4.863999999999999879e+00,1.702825998811297481e+01
4.865000000000000213e+00,1.700664822003072274e+01
4.865999999999999659e+00,1.704342922621102474e+01
4.866999999999999993e+00,1.703344610124699443e+01
4.868000000000000327e+00,1.698859070825878348e+01
4.868999999999999773e+00,1.704942186960701633e+01
4.870000000000000107e+00,1.706079431020067005e+01
4.871000000000000441e+00,1.701479134605752463e+01
4.871999999999999886e+00,1.699587282806137623e+01
4.873000000000000220e+00,1.704804340257495454e+01
4.873999999999999666e+00,1.703366167740623283e+01
4.875000000000000000e+00,1.704154679176763665e+01
4.876000000000000334e+00,1.700756945435014345e+01
4.876999999999999780e+00,1.701014231616098371e+01
4.878000000000000114e+00,1.706347025642652682e+01
4.878999999999999559e+00,1.706824885736891417e+01
4.879999999999999893e+00,1.704285009014784436e+01
4.881000000000000227e+00,1.709508443368261155e+01
4.881999999999999673e+00,1.707178710458185122e+01
4.883000000000000007e+00,1.708477979969893212e+01
4.884000000000000341e+00,1.702110794101627889e+01
4.884999999999999787e+00,1.706113198522634633e+01
4.886000000000000121e+00,1.699527212211573968e+01
4.886999999999999567e+00,1.703316130927917271e+01
4.887999999999999901e+00,1.701779414348180453e+01
4.889000000000000234e+00,1.697918749786122916e+01
4.889999999999999680e+00,1.706153302570892549e+01
4.891000000000000014e+00,1.701010293904322879e+01
4.892000000000000348e+00,1.706478246274233612e+01
4.892999999999999794e+00,1.708870808211900894e+01
4.894000000000000128e+00,1.708261224612139628e+01
4.894999999999999574e+00,1.708786847138769716e+01
4.895999999999999908e+00,1.709926828590464254e+01
4.897000000000000242e+00,1.706042380816662174e+01
4.897999999999999687e+00,1.711884296111764314e+01
4.899000000000000021e+00,1.705228088985912294e+01
4.900000000000000355e+00,1.703498045987249654e+01
4.900999999999999801e+00,1.709543110302671920e+01
4.902000000000000135e+00,1.707126899559740707e+01
4.902999999999999581e+00,1.705965290814994617e+01
4.903999999999999915e+00,1.708706647927638755e+01
4.905000000000000249e+00,1.709728787931420868e+01
4.905999999999999694e+00,1.713390988518349189e+01
4.907000000000000028e+00,1.709316538319199807e+01
4.908000000000000362e+00,1.707670843917896519e+01
4.908999999999999808e+00,1.708727643282583841e+01
4.910000000000000142e+00,1.711851560080987511e+01
4.910999999999999588e+00,1.699631966442816378e+01
4.911999999999999922e+00,1.699403268825000879e+01
4.913000000000000256e+00,1.706517859655332359e+01
4.913999999999999702e+00,1.710286266367694807e+01
4.915000000000000036e+00,1.702120836458903597e+01
4.916000000000000369e+00,1.711522907557713680e+01
4.916999999999999815e+00,1.700921292297283927e+01
4.918000000000000149e+00,1.713174312751522876e+01
4.918999999999999595e+00,1.711165753288381453e+01
4.919999999999999929e+00,1.705802912276305960e+01
4.921000000000000263e+00,1.706260061514227289e+01
4.921999999999999709e+00,1.707589727150950409e+01
4.923000000000000043e+00,1.697179352456758394e+01
4.924000000000000377e+00,1.702162923332523192e+01
4.924999999999999822e+00,1.703122003593779255e+01
4.926000000000000156e+00,1.698524491040256379e+01
4.926999999999999602e+00,1.702021627908486678e+01
4.927999999999999936e+00,1.698593170915307127e+01
4.929000000000000270e+00,1.700105008503398452e+01
4.929999999999999716e+00,1.707770334269052626e+01
4.931000000000000050e+00,1.708126386180426692e+01
4.932000000000000384e+00,1.705130721217988210e+01
4.932999999999999829e+00,1.709182781775715654e+01
4.934000000000000163e+00,1.703815392725567079e+01
4.934999999999999609e+00,1.706602049475174709e+01
4.935999999999999943e+00,1.701725616294983112e+01
4.937000000000000277e+00,1.704128871081619678e+01
4.937999999999999723e+00,1.705046907580915061e+01
4.939000000000000057e+00,1.705057005064492159e+01
4.940000000000000391e+00,1.710223129313604673e+01
4.940999999999999837e+00,1.705630318794257150e+01
4.942000000000000171e+00,1.706924000816717779e+01
4.942999999999999616e+00,1.700876303376839971e+01
4.943999999999999950e+00,1.697007004716913059e+01
4.945000000000000284e+00,1.696396997367888204e+01
4.945999999999999730e+00,1.701048656244844537e+01
4.947000000000000064e+00,1.709600152167980980e+01
4.948000000000000398e+00,1.703878349696794814e+01
4.948999999999999844e+00,1.707863863665606630e+01
4.950000000000000178e+00,1.703733739524912849e+01
4.950999999999999623e+00,1.710858410734213209e+01
4.951999999999999957e+00,1.706099106675529242e+01
4.953000000000000291e+00,1.705364807719586295e+01
4.953999999999999737e+00,1.707488118667277632e+01
4.955000000000000071e+00,1.705595357247270627e+01
4.956000000000000405e+00,1.706051339350122120e+01
4.956999999999999851e+00,1.706133021620133405e+01
4.958000000000000185e+00,1.709490615753214016e+01
4.958999999999999631e+00,1.711932290404220680e+01
4.959999999999999964e+00,1.715018250590879845e+01
4.961000000000000298e+00,1.714986539983384972e+01
4.961999999999999744e+00,1.714842285674727052e+01
4.963000000000000078e+00,1.717371213342327962e+01
4.964000000000000412e+00,1.712358550009806279e+01
4.964999999999999858e+00,1.709603578880884456e+01
4.966000000000000192e+00,1.717066112591231075e+01
4.966999999999999638e+00,1.712658209181012481e+01
4.967999999999999972e+00,1.708063553407780688e+01
4.969000000000000306e+00,1.711489232604073152e+01
4.969999999999999751e+00,1.708346890366338755e+01
4.971000000000000085e+00,1.707372512610298187e+01
4.972000000000000419e+00,1.710488356033791746e+01
4.972999999999999865e+00,1.708186692838958365e+01
4.974000000000000199e+00,1.708183243050660849e+01
4.974999999999999645e+00,1.713116858350921845e+01
4.975999999999999979e+00,1.710103538333846984e+01
4.977000000000000313e+00,1.711011949787287634e+01
4.977999999999999758e+00,1.711935651936709135e+01
4.979000000000000092e+00,1.711196689655389491e+01
4.980000000000000426e+00,1.713967888480700452e+01
4.980999999999999872e+00,1.712908473349346394e+01
4.982000000000000206e+00,1.708717858935101575e+01
4.982999999999999652e+00,1.715542582800800275e+01
4.983999999999999986e+00,1.707519432920301128e+01
4.985000000000000320e+00,1.708673852577847185e+01
4.985999999999999766e+00,1.712858587169408509e+01
4.987000000000000099e+00,1.708115203074193644e+01
4.988000000000000433e+00,1.702287544472208225e+01
4.988999999999999879e+00,1.703838152849341725e+01
4.990000000000000213e+00,1.703687142235062169e+01
4.990999999999999659e+00,1.702850528917671724e+01
4.991999999999999993e+00,1.706132629206273776e+01
4.993000000000000327e+00,1.706755130864794978e+01
4.993999999999999773e+00,1.702303336549360324e+01
4.995000000000000107e+00,1.701589361747523199e+01
4.996000000000000441e+00,1.703832607731851567e+01
4.996999999999999886e+00,1.697573463028092888e+01
4.998000000000000220e+00,1.701626595214688820e+01
4.998999999999999666e+00,1.707497408350673496e+01
