time_ns,Q
0.000000000000000000e+00,8.431116905693176733e-01
1.000000000000000021e-03,8.711429813124728083e-01
2.000000000000000042e-03,8.561495002172968549e-01
3.000000000000000062e-03,8.491960017383746173e-01
4.000000000000000083e-03,8.563667970447631506e-01
5.000000000000000104e-03,8.441981747066492625e-01
6.000000000000000125e-03,8.574532811820947398e-01
7.000000000000000146e-03,8.535419382877009742e-01
8.000000000000000167e-03,8.498478922207736153e-01
8.999999999999999320e-03,8.678835289004780407e-01
1.000000000000000021e-02,8.581051716644937377e-01
1.099999999999999936e-02,8.811386353759235179e-01
1.200000000000000025e-02,8.646240764884832730e-01
1.299999999999999940e-02,8.670143415906127471e-01
1.400000000000000029e-02,8.689700130378096299e-01
1.499999999999999944e-02,8.700564971751412191e-01
1.600000000000000033e-02,8.646240764884832730e-01
1.700000000000000122e-02,8.594089526292916226e-01
1.799999999999999864e-02,8.602781399391569161e-01
1.899999999999999953e-02,8.533246414602346785e-01
2.000000000000000042e-02,8.615819209039548010e-01
2.100000000000000130e-02,8.676662320730117450e-01
2.199999999999999872e-02,8.698392003476749235e-01
2.299999999999999961e-02,8.587570621468926246e-01
2.400000000000000050e-02,8.581051716644937377e-01
2.500000000000000139e-02,8.667970447631464515e-01
2.599999999999999881e-02,8.683181225554107430e-01
2.699999999999999969e-02,8.637548891786179794e-01
2.800000000000000058e-02,8.626684050412863902e-01
2.900000000000000147e-02,8.587570621468926246e-01
2.999999999999999889e-02,8.624511082138200946e-01
3.099999999999999978e-02,8.639721860060842751e-01
3.200000000000000067e-02,8.809213385484572223e-01
3.300000000000000155e-02,8.848326814428509879e-01
3.400000000000000244e-02,8.728813559322033955e-01
3.500000000000000333e-02,8.733159495871359868e-01
3.599999999999999728e-02,8.733159495871359868e-01
3.699999999999999817e-02,8.748370273794002783e-01
3.799999999999999906e-02,8.626684050412863902e-01
3.899999999999999994e-02,8.602781399391569161e-01
4.000000000000000083e-02,8.704910908300739214e-01
4.100000000000000172e-02,8.617992177314210966e-01
4.200000000000000261e-02,8.511516731855715001e-01
4.299999999999999656e-02,8.607127335940895074e-01
4.399999999999999745e-02,8.639721860060842751e-01
4.499999999999999833e-02,8.609300304215558031e-01
4.599999999999999922e-02,8.689700130378096299e-01
4.700000000000000011e-02,8.620165145588873923e-01
4.800000000000000100e-02,8.689700130378096299e-01
4.900000000000000189e-02,8.622338113863537989e-01
5.000000000000000278e-02,8.622338113863537989e-01
5.099999999999999672e-02,8.794002607561929308e-01
5.199999999999999761e-02,8.581051716644937377e-01
5.299999999999999850e-02,8.615819209039548010e-01
5.399999999999999939e-02,8.648413733159495687e-01
5.500000000000000028e-02,8.646240764884832730e-01
5.600000000000000117e-02,8.735332464146023934e-01
5.700000000000000205e-02,8.735332464146023934e-01
5.800000000000000294e-02,8.626684050412863902e-01
5.899999999999999689e-02,8.750543242068665739e-01
5.999999999999999778e-02,8.733159495871359868e-01
6.099999999999999867e-02,8.820078226857888115e-01
6.199999999999999956e-02,8.600608431116906205e-01
6.300000000000000044e-02,8.670143415906127471e-01
6.400000000000000133e-02,8.570186875271621485e-01
6.500000000000000222e-02,8.746197305519339826e-01
6.600000000000000311e-02,8.791829639287266351e-01
6.700000000000000400e-02,8.748370273794002783e-01
6.800000000000000488e-02,8.691873098652759255e-01
6.900000000000000577e-02,8.524554541503693850e-01
7.000000000000000666e-02,8.657105606258148622e-01
7.099999999999999367e-02,8.583224684919600334e-01
7.199999999999999456e-02,8.704910908300739214e-01
7.299999999999999545e-02,8.761408083441981631e-01
7.399999999999999634e-02,8.585397653194263290e-01
7.499999999999999722e-02,8.780964797913950459e-01
7.599999999999999811e-02,8.824424163407214028e-01
7.699999999999999900e-02,8.796175575836592264e-01
7.799999999999999989e-02,8.670143415906127471e-01
7.900000000000000078e-02,8.670143415906127471e-01
8.000000000000000167e-02,8.757062146892655718e-01
8.100000000000000255e-02,8.726640591047370998e-01
8.200000000000000344e-02,8.665797479356801558e-01
8.300000000000000433e-02,8.624511082138200946e-01
8.400000000000000522e-02,8.676662320730117450e-01
8.500000000000000611e-02,8.678835289004780407e-01
8.599999999999999312e-02,8.757062146892655718e-01
8.699999999999999400e-02,8.661451542807474535e-01
8.799999999999999489e-02,8.639721860060842751e-01
8.899999999999999578e-02,8.739678400695349847e-01
8.999999999999999667e-02,8.837461973055192876e-01
9.099999999999999756e-02,8.726640591047370998e-01
9.199999999999999845e-02,8.752716210343328695e-01
9.299999999999999933e-02,8.648413733159495687e-01
9.400000000000000022e-02,8.794002607561929308e-01
9.500000000000000111e-02,8.770099956540634567e-01
9.600000000000000200e-02,8.833116036505866964e-01
9.700000000000000289e-02,8.735332464146023934e-01
9.800000000000000377e-02,8.880921338548457555e-01
9.900000000000000466e-02,8.811386353759235179e-01
1.000000000000000056e-01,8.789656671012603395e-01
1.010000000000000064e-01,8.774445893089960480e-01
1.019999999999999934e-01,8.787483702737940439e-01
1.029999999999999943e-01,8.726640591047370998e-01
1.039999999999999952e-01,8.828770099956541051e-01
1.049999999999999961e-01,8.683181225554107430e-01
1.059999999999999970e-01,8.750543242068665739e-01
1.069999999999999979e-01,8.741851368970012803e-01
1.079999999999999988e-01,8.802694480660582244e-01
1.089999999999999997e-01,8.746197305519339826e-01
1.100000000000000006e-01,8.785310734463276372e-01
1.110000000000000014e-01,8.787483702737940439e-01
1.120000000000000023e-01,8.724467622772708042e-01
1.130000000000000032e-01,8.704910908300739214e-01
1.140000000000000041e-01,8.737505432420686891e-01
1.150000000000000050e-01,8.759235115167318675e-01
1.160000000000000059e-01,8.746197305519339826e-01
1.170000000000000068e-01,8.724467622772708042e-01
1.179999999999999938e-01,8.620165145588873923e-01
1.189999999999999947e-01,8.772272924815297523e-01
1.199999999999999956e-01,8.728813559322033955e-01
1.209999999999999964e-01,8.802694480660582244e-01
1.219999999999999973e-01,8.826597131681876984e-01
1.229999999999999982e-01,8.667970447631464515e-01
1.239999999999999991e-01,8.689700130378096299e-01
1.250000000000000000e-01,8.578878748370273311e-01
1.260000000000000009e-01,8.733159495871359868e-01
1.270000000000000018e-01,8.744024337244675760e-01
1.280000000000000027e-01,8.633202955236853882e-01
1.290000000000000036e-01,8.613646240764885054e-01
1.300000000000000044e-01,8.585397653194263290e-01
1.310000000000000053e-01,8.652759669708822710e-01
1.320000000000000062e-01,8.739678400695349847e-01
1.330000000000000071e-01,8.707083876575402170e-01
1.340000000000000080e-01,8.809213385484572223e-01
1.350000000000000089e-01,8.783137766188613416e-01
1.360000000000000098e-01,8.717948717948718063e-01
1.370000000000000107e-01,8.770099956540634567e-01
1.380000000000000115e-01,8.711429813124728083e-01
1.390000000000000124e-01,8.450673620165145561e-01
1.400000000000000133e-01,8.607127335940895074e-01
1.409999999999999865e-01,8.754889178617991652e-01
1.419999999999999873e-01,8.609300304215558031e-01
1.429999999999999882e-01,8.563667970447631506e-01
1.439999999999999891e-01,8.463711429813124409e-01
1.449999999999999900e-01,8.407214254671881992e-01
1.459999999999999909e-01,8.633202955236853882e-01
1.469999999999999918e-01,8.589743589743589203e-01
1.479999999999999927e-01,8.504997827031725022e-01
1.489999999999999936e-01,8.550630160799652657e-01
1.499999999999999944e-01,8.439808778791829669e-01
1.509999999999999953e-01,8.428943937418513777e-01
1.519999999999999962e-01,8.628857018687526859e-01
1.529999999999999971e-01,8.455019556714471474e-01
1.539999999999999980e-01,8.520208604954367937e-01
1.549999999999999989e-01,8.541938287700999721e-01
1.559999999999999998e-01,8.435462842242503756e-01
1.570000000000000007e-01,8.622338113863537989e-01
1.580000000000000016e-01,8.370273794002607293e-01
1.590000000000000024e-01,8.313776618861364875e-01
1.600000000000000033e-01,8.355063016079965488e-01
1.610000000000000042e-01,8.478922207735767325e-01
1.620000000000000051e-01,8.472403302911777345e-01
1.630000000000000060e-01,8.574532811820947398e-01
1.640000000000000069e-01,8.491960017383746173e-01
1.650000000000000078e-01,8.594089526292916226e-01
1.660000000000000087e-01,8.418079096045197884e-01
1.670000000000000095e-01,8.550630160799652657e-01
1.680000000000000104e-01,8.535419382877009742e-01
1.690000000000000113e-01,8.583224684919600334e-01
1.700000000000000122e-01,8.611473272490222097e-01
1.710000000000000131e-01,8.498478922207736153e-01
1.719999999999999862e-01,8.450673620165145561e-01
1.729999999999999871e-01,8.535419382877009742e-01
1.739999999999999880e-01,8.457192524989135540e-01
1.749999999999999889e-01,8.633202955236853882e-01
1.759999999999999898e-01,8.476749239461104368e-01
1.769999999999999907e-01,8.600608431116906205e-01
1.779999999999999916e-01,8.548457192524988590e-01
1.789999999999999925e-01,8.685354193828770386e-01
1.799999999999999933e-01,8.568013906996957418e-01
1.809999999999999942e-01,8.507170795306387978e-01
1.819999999999999951e-01,8.546284224250325634e-01
1.829999999999999960e-01,8.563667970447631506e-01
1.839999999999999969e-01,8.531073446327683829e-01
1.849999999999999978e-01,8.522381573229030893e-01
1.859999999999999987e-01,8.561495002172968549e-01
1.869999999999999996e-01,8.544111255975662678e-01
1.880000000000000004e-01,8.489787049109083217e-01
1.890000000000000013e-01,8.504997827031725022e-01
1.900000000000000022e-01,8.533246414602346785e-01
1.910000000000000031e-01,8.696219035202086278e-01
1.920000000000000040e-01,8.626684050412863902e-01
1.930000000000000049e-01,8.654932637983485666e-01
1.940000000000000058e-01,8.450673620165145561e-01
1.950000000000000067e-01,8.617992177314210966e-01
1.960000000000000075e-01,8.537592351151672698e-01
1.970000000000000084e-01,8.561495002172968549e-01
1.980000000000000093e-01,8.531073446327683829e-01
1.990000000000000102e-01,8.520208604954367937e-01
2.000000000000000111e-01,8.650586701434158643e-01
2.010000000000000120e-01,8.511516731855715001e-01
2.020000000000000129e-01,8.524554541503693850e-01
2.030000000000000138e-01,8.544111255975662678e-01
2.039999999999999869e-01,8.448500651890482605e-01
2.049999999999999878e-01,8.446327683615819648e-01
2.059999999999999887e-01,8.396349413298566100e-01
2.069999999999999896e-01,8.528900478053020873e-01
2.079999999999999905e-01,8.474576271186440302e-01
2.089999999999999913e-01,8.615819209039548010e-01
2.099999999999999922e-01,8.648413733159495687e-01
2.109999999999999931e-01,8.763581051716644588e-01
2.119999999999999940e-01,8.700564971751412191e-01
2.129999999999999949e-01,8.544111255975662678e-01
2.139999999999999958e-01,8.696219035202086278e-01
2.149999999999999967e-01,8.704910908300739214e-01
2.159999999999999976e-01,8.663624511082138602e-01
2.169999999999999984e-01,8.737505432420686891e-01
2.179999999999999993e-01,8.570186875271621485e-01
2.190000000000000002e-01,8.635375923511516838e-01
2.200000000000000011e-01,8.609300304215558031e-01
2.210000000000000020e-01,8.437635810517166712e-01
2.220000000000000029e-01,8.644067796610169774e-01
2.230000000000000038e-01,8.633202955236853882e-01
2.240000000000000047e-01,8.568013906996957418e-01
2.250000000000000056e-01,8.585397653194263290e-01
2.260000000000000064e-01,8.533246414602346785e-01
2.270000000000000073e-01,8.576705780095610354e-01
2.280000000000000082e-01,8.791829639287266351e-01
2.290000000000000091e-01,8.539765319426336765e-01
2.300000000000000100e-01,8.583224684919600334e-01
2.310000000000000109e-01,8.546284224250325634e-01
2.320000000000000118e-01,8.463711429813124409e-01
2.330000000000000127e-01,8.470230334637114389e-01
2.340000000000000135e-01,8.548457192524988590e-01
2.349999999999999867e-01,8.613646240764885054e-01
2.359999999999999876e-01,8.478922207735767325e-01
2.369999999999999885e-01,8.496305953933072086e-01
2.379999999999999893e-01,8.631029986962189815e-01
2.389999999999999902e-01,8.568013906996957418e-01
2.399999999999999911e-01,8.600608431116906205e-01
2.409999999999999920e-01,8.483268144285093237e-01
2.419999999999999929e-01,8.420252064319860841e-01
2.429999999999999938e-01,8.550630160799652657e-01
2.439999999999999947e-01,8.550630160799652657e-01
2.449999999999999956e-01,8.409387222946544949e-01
2.459999999999999964e-01,8.455019556714471474e-01
2.469999999999999973e-01,8.476749239461104368e-01
2.479999999999999982e-01,8.320295523685353745e-01
2.489999999999999991e-01,8.261625380269448371e-01
2.500000000000000000e-01,8.326814428509343724e-01
2.510000000000000009e-01,8.374619730551934316e-01
2.520000000000000018e-01,8.372446762277270249e-01
2.530000000000000027e-01,8.448500651890482605e-01
2.540000000000000036e-01,8.463711429813124409e-01
2.550000000000000044e-01,8.400695349847892013e-01
2.560000000000000053e-01,8.494132985658409130e-01
2.570000000000000062e-01,8.337679269882659616e-01
2.580000000000000071e-01,8.437635810517166712e-01
2.590000000000000080e-01,8.320295523685353745e-01
2.600000000000000089e-01,8.468057366362451432e-01
2.610000000000000098e-01,8.346371142981312552e-01
2.620000000000000107e-01,8.385484571925250208e-01
2.630000000000000115e-01,8.265971316818774284e-01
2.640000000000000124e-01,8.407214254671881992e-01
2.650000000000000133e-01,8.446327683615819648e-01
2.660000000000000142e-01,8.405041286397219036e-01
2.670000000000000151e-01,8.476749239461104368e-01
2.680000000000000160e-01,8.594089526292916226e-01
2.690000000000000169e-01,8.478922207735767325e-01
2.700000000000000178e-01,8.622338113863537989e-01
2.710000000000000187e-01,8.318122555410690788e-01
2.720000000000000195e-01,8.437635810517166712e-01
2.730000000000000204e-01,8.489787049109083217e-01
2.740000000000000213e-01,8.244241634072142499e-01
2.750000000000000222e-01,8.439808778791829669e-01
2.760000000000000231e-01,8.431116905693176733e-01
2.770000000000000240e-01,8.522381573229030893e-01
2.780000000000000249e-01,8.526727509778356806e-01
2.790000000000000258e-01,8.570186875271621485e-01
2.800000000000000266e-01,8.576705780095610354e-01
2.810000000000000275e-01,8.485441112559756194e-01
2.819999999999999729e-01,8.581051716644937377e-01
2.829999999999999738e-01,8.498478922207736153e-01
2.839999999999999747e-01,8.337679269882659616e-01
2.849999999999999756e-01,8.279009126466753132e-01
2.859999999999999765e-01,8.418079096045197884e-01
2.869999999999999774e-01,8.307257714037374896e-01
2.879999999999999782e-01,8.415906127770534928e-01
2.889999999999999791e-01,8.292046936114733091e-01
2.899999999999999800e-01,8.487614080834420260e-01
2.909999999999999809e-01,8.331160365058669637e-01
2.919999999999999818e-01,8.468057366362451432e-01
2.929999999999999827e-01,8.550630160799652657e-01
2.939999999999999836e-01,8.376792698826597272e-01
2.949999999999999845e-01,8.483268144285093237e-01
2.959999999999999853e-01,8.528900478053020873e-01
2.969999999999999862e-01,8.389830508474576121e-01
2.979999999999999871e-01,8.357235984354628444e-01
2.989999999999999880e-01,8.437635810517166712e-01
2.999999999999999889e-01,8.418079096045197884e-01
3.009999999999999898e-01,8.396349413298566100e-01
3.019999999999999907e-01,8.394176445023903144e-01
3.029999999999999916e-01,8.387657540199913164e-01
3.039999999999999925e-01,8.194263363754888951e-01
3.049999999999999933e-01,8.385484571925250208e-01
3.059999999999999942e-01,8.242068665797479543e-01
3.069999999999999951e-01,8.374619730551934316e-01
3.079999999999999960e-01,8.470230334637114389e-01
3.089999999999999969e-01,8.094306823120382965e-01
3.099999999999999978e-01,8.378965667101260228e-01
3.109999999999999987e-01,8.413733159495870861e-01
3.119999999999999996e-01,8.337679269882659616e-01
3.130000000000000004e-01,8.504997827031725022e-01
3.140000000000000013e-01,8.476749239461104368e-01
3.150000000000000022e-01,8.489787049109083217e-01
3.160000000000000031e-01,8.398522381573229056e-01
3.170000000000000040e-01,8.504997827031725022e-01
3.180000000000000049e-01,8.478922207735767325e-01
3.190000000000000058e-01,8.463711429813124409e-01
3.200000000000000067e-01,8.502824858757062065e-01
3.210000000000000075e-01,8.494132985658409130e-01
3.220000000000000084e-01,8.368100825727944336e-01
3.230000000000000093e-01,8.550630160799652657e-01
3.240000000000000102e-01,8.359408952629291401e-01
3.250000000000000111e-01,8.431116905693176733e-01
3.260000000000000120e-01,8.394176445023903144e-01
3.270000000000000129e-01,8.342025206431986639e-01
3.280000000000000138e-01,8.361581920903954357e-01
3.290000000000000147e-01,8.274663189917427220e-01
3.300000000000000155e-01,8.272490221642764263e-01
3.310000000000000164e-01,8.441981747066492625e-01
3.320000000000000173e-01,8.370273794002607293e-01
3.330000000000000182e-01,8.437635810517166712e-01
3.340000000000000191e-01,8.413733159495870861e-01
3.350000000000000200e-01,8.535419382877009742e-01
3.360000000000000209e-01,8.472403302911777345e-01
3.370000000000000218e-01,8.385484571925250208e-01
3.380000000000000226e-01,8.328987396784006680e-01
3.390000000000000235e-01,8.242068665797479543e-01
3.400000000000000244e-01,8.289873967840069025e-01
3.410000000000000253e-01,8.459365493263798497e-01
3.420000000000000262e-01,8.342025206431986639e-01
3.430000000000000271e-01,8.431116905693176733e-01
3.439999999999999725e-01,8.459365493263798497e-01
3.449999999999999734e-01,8.402868318122554969e-01
3.459999999999999742e-01,8.546284224250325634e-01
3.469999999999999751e-01,8.309430682312037852e-01
3.479999999999999760e-01,8.331160365058669637e-01
3.489999999999999769e-01,8.196436332029551908e-01
3.499999999999999778e-01,8.322468491960017811e-01
3.509999999999999787e-01,8.361581920903954357e-01
3.519999999999999796e-01,8.309430682312037852e-01
3.529999999999999805e-01,8.357235984354628444e-01
3.539999999999999813e-01,8.272490221642764263e-01
3.549999999999999822e-01,8.324641460234680768e-01
3.559999999999999831e-01,8.439808778791829669e-01
3.569999999999999840e-01,8.463711429813124409e-01
3.579999999999999849e-01,8.352890047805302531e-01
3.589999999999999858e-01,8.300738809213386027e-01
3.599999999999999867e-01,8.455019556714471474e-01
3.609999999999999876e-01,8.420252064319860841e-01
3.619999999999999885e-01,8.500651890482399109e-01
3.629999999999999893e-01,8.337679269882659616e-01
3.639999999999999902e-01,8.565840938722294462e-01
3.649999999999999911e-01,8.474576271186440302e-01
3.659999999999999920e-01,8.389830508474576121e-01
3.669999999999999929e-01,8.339852238157322573e-01
3.679999999999999938e-01,8.428943937418513777e-01
3.689999999999999947e-01,8.381138635375923185e-01
3.699999999999999956e-01,8.346371142981312552e-01
3.709999999999999964e-01,8.459365493263798497e-01
3.719999999999999973e-01,8.274663189917427220e-01
3.729999999999999982e-01,8.372446762277270249e-01
3.739999999999999991e-01,8.346371142981312552e-01
3.750000000000000000e-01,8.378965667101260228e-01
3.760000000000000009e-01,8.324641460234680768e-01
3.770000000000000018e-01,8.287700999565406068e-01
3.780000000000000027e-01,8.331160365058669637e-01
3.790000000000000036e-01,8.311603650586701919e-01
3.800000000000000044e-01,8.200782268578878931e-01
3.810000000000000053e-01,8.166014776184267188e-01
3.820000000000000062e-01,8.339852238157322573e-01
3.830000000000000071e-01,8.285528031290743112e-01
3.840000000000000080e-01,8.279009126466753132e-01
3.850000000000000089e-01,8.194263363754888951e-01
3.860000000000000098e-01,8.226857887874836628e-01
3.870000000000000107e-01,8.196436332029551908e-01
3.880000000000000115e-01,8.407214254671881992e-01
3.890000000000000124e-01,8.420252064319860841e-01
3.900000000000000133e-01,8.257279443720121348e-01
3.910000000000000142e-01,8.452846588439808517e-01
3.920000000000000151e-01,8.300738809213386027e-01
3.930000000000000160e-01,8.415906127770534928e-01
3.940000000000000169e-01,8.363754889178618424e-01
3.950000000000000178e-01,8.483268144285093237e-01
3.960000000000000187e-01,8.524554541503693850e-01
3.970000000000000195e-01,8.420252064319860841e-01
3.980000000000000204e-01,8.226857887874836628e-01
3.990000000000000213e-01,8.470230334637114389e-01
4.000000000000000222e-01,8.470230334637114389e-01
4.010000000000000231e-01,8.374619730551934316e-01
4.020000000000000240e-01,8.350717079530638465e-01
4.030000000000000249e-01,8.413733159495870861e-01
4.040000000000000258e-01,8.309430682312037852e-01
4.050000000000000266e-01,8.394176445023903144e-01
4.060000000000000275e-01,8.313776618861364875e-01
4.069999999999999729e-01,8.255106475445458392e-01
4.079999999999999738e-01,8.420252064319860841e-01
4.089999999999999747e-01,8.450673620165145561e-01
4.099999999999999756e-01,8.313776618861364875e-01
4.109999999999999765e-01,8.422425032594523797e-01
4.119999999999999774e-01,8.185571490656236016e-01
4.129999999999999782e-01,8.328987396784006680e-01
4.139999999999999791e-01,8.392003476749239077e-01
4.149999999999999800e-01,8.326814428509343724e-01
4.159999999999999809e-01,8.283355063016080155e-01
4.169999999999999818e-01,8.322468491960017811e-01
4.179999999999999827e-01,8.320295523685353745e-01
4.189999999999999836e-01,8.328987396784006680e-01
4.199999999999999845e-01,8.337679269882659616e-01
4.209999999999999853e-01,8.250760538896132479e-01
4.219999999999999862e-01,8.209474141677531867e-01
4.229999999999999871e-01,8.168187744458931254e-01
4.239999999999999880e-01,8.318122555410690788e-01
4.249999999999999889e-01,8.139939156888309491e-01
4.259999999999999898e-01,8.235549760973489564e-01
4.269999999999999907e-01,8.155149934810951295e-01
4.279999999999999916e-01,8.218166014776184802e-01
4.289999999999999925e-01,8.257279443720121348e-01
4.299999999999999933e-01,8.174706649282920123e-01
4.309999999999999942e-01,8.229030856149500694e-01
4.319999999999999951e-01,8.294219904389396048e-01
4.329999999999999960e-01,8.387657540199913164e-01
4.339999999999999969e-01,8.283355063016080155e-01
4.349999999999999978e-01,8.300738809213386027e-01
4.359999999999999987e-01,8.242068665797479543e-01
4.369999999999999996e-01,8.433289873967839689e-01
4.380000000000000004e-01,8.207301173402867800e-01
4.390000000000000013e-01,8.457192524989135540e-01
4.400000000000000022e-01,8.359408952629291401e-01
4.410000000000000031e-01,8.324641460234680768e-01
4.420000000000000040e-01,8.187744458930900082e-01
4.430000000000000049e-01,8.326814428509343724e-01
4.440000000000000058e-01,8.205128205128204844e-01
4.450000000000000067e-01,8.413733159495870861e-01
4.460000000000000075e-01,8.309430682312037852e-01
4.470000000000000084e-01,8.294219904389396048e-01
4.480000000000000093e-01,8.318122555410690788e-01
4.490000000000000102e-01,8.313776618861364875e-01
4.500000000000000111e-01,8.320295523685353745e-01
4.510000000000000120e-01,8.263798348544111327e-01
4.520000000000000129e-01,8.348544111255975508e-01
4.530000000000000138e-01,8.011734028683181741e-01
4.540000000000000147e-01,8.218166014776184802e-01
4.550000000000000155e-01,8.205128205128204844e-01
4.560000000000000164e-01,8.148631029986962426e-01
4.570000000000000173e-01,8.194263363754888951e-01
4.580000000000000182e-01,8.411560191221207905e-01
4.590000000000000191e-01,8.166014776184267188e-01
4.600000000000000200e-01,8.148631029986962426e-01
4.610000000000000209e-01,8.189917427205563039e-01
4.620000000000000218e-01,8.148631029986962426e-01
4.630000000000000226e-01,8.268144285093437240e-01
4.640000000000000235e-01,8.172533681008257167e-01
4.650000000000000244e-01,8.355063016079965488e-01
4.660000000000000253e-01,8.265971316818774284e-01
4.670000000000000262e-01,8.318122555410690788e-01
4.680000000000000271e-01,8.511516731855715001e-01
4.689999999999999725e-01,8.478922207735767325e-01
4.699999999999999734e-01,8.554976097348978570e-01
4.709999999999999742e-01,8.450673620165145561e-01
4.719999999999999751e-01,8.472403302911777345e-01
4.729999999999999760e-01,8.370273794002607293e-01
4.739999999999999769e-01,8.313776618861364875e-01
4.749999999999999778e-01,8.346371142981312552e-01
4.759999999999999787e-01,8.311603650586701919e-01
4.769999999999999796e-01,8.198609300304215974e-01
4.779999999999999805e-01,8.237722729248152520e-01
4.789999999999999813e-01,8.333333333333333703e-01
4.799999999999999822e-01,8.326814428509343724e-01
4.809999999999999831e-01,8.392003476749239077e-01
4.819999999999999840e-01,8.359408952629291401e-01
4.829999999999999849e-01,8.496305953933072086e-01
4.839999999999999858e-01,8.392003476749239077e-01
4.849999999999999867e-01,8.344198174706649596e-01
4.859999999999999876e-01,8.333333333333333703e-01
4.869999999999999885e-01,8.533246414602346785e-01
4.879999999999999893e-01,8.487614080834420260e-01
4.889999999999999902e-01,8.335506301607996660e-01
4.899999999999999911e-01,8.446327683615819648e-01
4.909999999999999920e-01,8.455019556714471474e-01
4.919999999999999929e-01,8.315949587136027832e-01
4.929999999999999938e-01,8.437635810517166712e-01
4.939999999999999947e-01,8.437635810517166712e-01
4.949999999999999956e-01,8.491960017383746173e-01
4.959999999999999964e-01,8.578878748370273311e-01
4.969999999999999973e-01,8.402868318122554969e-01
4.979999999999999982e-01,8.481095176010430281e-01
4.989999999999999991e-01,8.431116905693176733e-01
5.000000000000000000e-01,8.626684050412863902e-01
5.010000000000000009e-01,8.387657540199913164e-01
5.020000000000000018e-01,8.389830508474576121e-01
5.030000000000000027e-01,8.520208604954367937e-01
5.040000000000000036e-01,8.487614080834420260e-01
5.050000000000000044e-01,8.472403302911777345e-01
5.060000000000000053e-01,8.489787049109083217e-01
5.070000000000000062e-01,8.702737940026075147e-01
5.080000000000000071e-01,8.509343763581052045e-01
5.090000000000000080e-01,8.483268144285093237e-01
5.100000000000000089e-01,8.496305953933072086e-01
5.110000000000000098e-01,8.478922207735767325e-01
5.120000000000000107e-01,8.444154715341155581e-01
5.130000000000000115e-01,8.481095176010430281e-01
5.140000000000000124e-01,8.439808778791829669e-01
5.150000000000000133e-01,8.261625380269448371e-01
5.160000000000000142e-01,8.435462842242503756e-01
5.170000000000000151e-01,8.405041286397219036e-01
5.180000000000000160e-01,8.496305953933072086e-01
5.190000000000000169e-01,8.476749239461104368e-01
5.200000000000000178e-01,8.376792698826597272e-01
5.210000000000000187e-01,8.455019556714471474e-01
5.220000000000000195e-01,8.365927857453281380e-01
5.230000000000000204e-01,8.535419382877009742e-01
5.240000000000000213e-01,8.372446762277270249e-01
5.250000000000000222e-01,8.420252064319860841e-01
5.260000000000000231e-01,8.422425032594523797e-01
5.270000000000000240e-01,8.374619730551934316e-01
5.280000000000000249e-01,8.313776618861364875e-01
5.290000000000000258e-01,8.296392872664059004e-01
5.300000000000000266e-01,8.392003476749239077e-01
5.310000000000000275e-01,8.452846588439808517e-01
5.320000000000000284e-01,8.437635810517166712e-01
5.330000000000000293e-01,8.526727509778356806e-01
5.340000000000000302e-01,8.426770969143850820e-01
5.350000000000000311e-01,8.337679269882659616e-01
5.360000000000000320e-01,8.474576271186440302e-01
5.370000000000000329e-01,8.242068665797479543e-01
5.380000000000000338e-01,8.131247283789656555e-01
5.390000000000000346e-01,8.285528031290743112e-01
5.400000000000000355e-01,8.237722729248152520e-01
5.410000000000000364e-01,8.392003476749239077e-01
5.420000000000000373e-01,8.326814428509343724e-01
5.430000000000000382e-01,8.268144285093437240e-01
5.440000000000000391e-01,8.196436332029551908e-01
5.450000000000000400e-01,8.252933507170795435e-01
5.460000000000000409e-01,8.305084745762711940e-01
5.470000000000000417e-01,8.339852238157322573e-01
5.480000000000000426e-01,8.283355063016080155e-01
5.490000000000000435e-01,8.365927857453281380e-01
5.500000000000000444e-01,8.309430682312037852e-01
5.510000000000000453e-01,8.235549760973489564e-01
5.520000000000000462e-01,8.444154715341155581e-01
5.530000000000000471e-01,8.155149934810951295e-01
5.540000000000000480e-01,8.320295523685353745e-01
5.550000000000000488e-01,8.198609300304215974e-01
5.560000000000000497e-01,8.335506301607996660e-01
5.570000000000000506e-01,8.300738809213386027e-01
5.580000000000000515e-01,8.215993046501520736e-01
5.590000000000000524e-01,8.222511951325510715e-01
5.600000000000000533e-01,8.161668839634941275e-01
5.610000000000000542e-01,8.402868318122554969e-01
5.620000000000000551e-01,8.302911777488048983e-01
5.629999999999999449e-01,8.405041286397219036e-01
5.639999999999999458e-01,8.233376792698826607e-01
5.649999999999999467e-01,8.174706649282920123e-01
5.659999999999999476e-01,8.176879617557584190e-01
5.669999999999999485e-01,8.235549760973489564e-01
5.679999999999999494e-01,8.298565840938721960e-01
5.689999999999999503e-01,8.124728378965666575e-01
5.699999999999999512e-01,8.272490221642764263e-01
5.709999999999999520e-01,8.281182094741417199e-01
5.719999999999999529e-01,8.265971316818774284e-01
5.729999999999999538e-01,8.274663189917427220e-01
5.739999999999999547e-01,8.265971316818774284e-01
5.749999999999999556e-01,8.237722729248152520e-01
5.759999999999999565e-01,8.161668839634941275e-01
5.769999999999999574e-01,8.331160365058669637e-01
5.779999999999999583e-01,8.407214254671881992e-01
5.789999999999999591e-01,8.289873967840069025e-01
5.799999999999999600e-01,8.318122555410690788e-01
5.809999999999999609e-01,8.433289873967839689e-01
5.819999999999999618e-01,8.509343763581052045e-01
5.829999999999999627e-01,8.461538461538461453e-01
5.839999999999999636e-01,8.350717079530638465e-01
5.849999999999999645e-01,8.198609300304215974e-01
5.859999999999999654e-01,8.459365493263798497e-01
5.869999999999999662e-01,8.455019556714471474e-01
5.879999999999999671e-01,8.665797479356801558e-01
5.889999999999999680e-01,8.650586701434158643e-01
5.899999999999999689e-01,8.572359843546284441e-01
5.909999999999999698e-01,8.587570621468926246e-01
5.919999999999999707e-01,8.661451542807474535e-01
5.929999999999999716e-01,8.509343763581052045e-01
5.939999999999999725e-01,8.461538461538461453e-01
5.949999999999999734e-01,8.459365493263798497e-01
5.959999999999999742e-01,8.581051716644937377e-01
5.969999999999999751e-01,8.448500651890482605e-01
5.979999999999999760e-01,8.531073446327683829e-01
5.989999999999999769e-01,8.376792698826597272e-01
5.999999999999999778e-01,8.361581920903954357e-01
6.009999999999999787e-01,8.435462842242503756e-01
6.019999999999999796e-01,8.578878748370273311e-01
6.029999999999999805e-01,8.520208604954367937e-01
6.039999999999999813e-01,8.518035636679704981e-01
6.049999999999999822e-01,8.531073446327683829e-01
6.059999999999999831e-01,8.428943937418513777e-01
6.069999999999999840e-01,8.398522381573229056e-01
6.079999999999999849e-01,8.585397653194263290e-01
6.089999999999999858e-01,8.559322033898305593e-01
6.099999999999999867e-01,8.459365493263798497e-01
6.109999999999999876e-01,8.511516731855715001e-01
6.119999999999999885e-01,8.411560191221207905e-01
6.129999999999999893e-01,8.489787049109083217e-01
6.139999999999999902e-01,8.461538461538461453e-01
6.149999999999999911e-01,8.565840938722294462e-01
6.159999999999999920e-01,8.459365493263798497e-01
6.169999999999999929e-01,8.455019556714471474e-01
6.179999999999999938e-01,8.554976097348978570e-01
6.189999999999999947e-01,8.402868318122554969e-01
6.199999999999999956e-01,8.383311603650587251e-01
6.209999999999999964e-01,8.407214254671881992e-01
6.219999999999999973e-01,8.563667970447631506e-01
6.229999999999999982e-01,8.541938287700999721e-01
6.239999999999999991e-01,8.472403302911777345e-01
6.250000000000000000e-01,8.528900478053020873e-01
6.260000000000000009e-01,8.433289873967839689e-01
6.270000000000000018e-01,8.392003476749239077e-01
6.280000000000000027e-01,8.350717079530638465e-01
6.290000000000000036e-01,8.398522381573229056e-01
6.300000000000000044e-01,8.392003476749239077e-01
6.310000000000000053e-01,8.255106475445458392e-01
6.320000000000000062e-01,8.624511082138200946e-01
6.330000000000000071e-01,8.400695349847892013e-01
6.340000000000000080e-01,8.502824858757062065e-01
6.350000000000000089e-01,8.441981747066492625e-01
6.360000000000000098e-01,8.457192524989135540e-01
6.370000000000000107e-01,8.402868318122554969e-01
6.380000000000000115e-01,8.461538461538461453e-01
6.390000000000000124e-01,8.344198174706649596e-01
6.400000000000000133e-01,8.626684050412863902e-01
6.410000000000000142e-01,8.331160365058669637e-01
6.420000000000000151e-01,8.296392872664059004e-01
6.430000000000000160e-01,8.409387222946544949e-01
6.440000000000000169e-01,8.522381573229030893e-01
6.450000000000000178e-01,8.478922207735767325e-01
6.460000000000000187e-01,8.387657540199913164e-01
6.470000000000000195e-01,8.324641460234680768e-01
6.480000000000000204e-01,8.372446762277270249e-01
6.490000000000000213e-01,8.418079096045197884e-01
6.500000000000000222e-01,8.441981747066492625e-01
6.510000000000000231e-01,8.407214254671881992e-01
6.520000000000000240e-01,8.161668839634941275e-01
6.530000000000000249e-01,8.452846588439808517e-01
6.540000000000000258e-01,8.431116905693176733e-01
6.550000000000000266e-01,8.259452411994785415e-01
6.560000000000000275e-01,8.435462842242503756e-01
6.570000000000000284e-01,8.365927857453281380e-01
6.580000000000000293e-01,8.348544111255975508e-01
6.590000000000000302e-01,8.144285093437635403e-01
6.600000000000000311e-01,8.137766188613646534e-01
6.610000000000000320e-01,8.348544111255975508e-01
6.620000000000000329e-01,8.385484571925250208e-01
6.630000000000000338e-01,8.302911777488048983e-01
6.640000000000000346e-01,8.294219904389396048e-01
6.650000000000000355e-01,8.381138635375923185e-01
6.660000000000000364e-01,8.133420252064319511e-01
6.670000000000000373e-01,8.150803998261625383e-01
6.680000000000000382e-01,8.226857887874836628e-01
6.690000000000000391e-01,8.229030856149500694e-01
6.700000000000000400e-01,8.187744458930900082e-01
6.710000000000000409e-01,8.289873967840069025e-01
6.720000000000000417e-01,8.446327683615819648e-01
6.730000000000000426e-01,8.283355063016080155e-01
6.740000000000000435e-01,8.215993046501520736e-01
6.750000000000000444e-01,8.200782268578878931e-01
6.760000000000000453e-01,8.320295523685353745e-01
6.770000000000000462e-01,8.189917427205563039e-01
6.780000000000000471e-01,8.287700999565406068e-01
6.790000000000000480e-01,8.187744458930900082e-01
6.800000000000000488e-01,8.405041286397219036e-01
6.810000000000000497e-01,8.339852238157322573e-01
6.820000000000000506e-01,8.300738809213386027e-01
6.830000000000000515e-01,8.224684919600173671e-01
6.840000000000000524e-01,8.328987396784006680e-01
6.850000000000000533e-01,8.233376792698826607e-01
6.860000000000000542e-01,8.270317253368101307e-01
6.870000000000000551e-01,8.468057366362451432e-01
6.879999999999999449e-01,8.409387222946544949e-01
6.889999999999999458e-01,8.272490221642764263e-01
6.899999999999999467e-01,8.359408952629291401e-01
6.909999999999999476e-01,8.478922207735767325e-01
6.919999999999999485e-01,8.305084745762711940e-01
6.929999999999999494e-01,8.426770969143850820e-01
6.939999999999999503e-01,8.415906127770534928e-01
6.949999999999999512e-01,8.418079096045197884e-01
6.959999999999999520e-01,8.463711429813124409e-01
6.969999999999999529e-01,8.481095176010430281e-01
6.979999999999999538e-01,8.524554541503693850e-01
6.989999999999999547e-01,8.468057366362451432e-01
6.999999999999999556e-01,8.541938287700999721e-01
7.009999999999999565e-01,8.515862668405040914e-01
7.019999999999999574e-01,8.539765319426336765e-01
7.029999999999999583e-01,8.691873098652759255e-01
7.039999999999999591e-01,8.570186875271621485e-01
7.049999999999999600e-01,8.531073446327683829e-01
7.059999999999999609e-01,8.570186875271621485e-01
7.069999999999999618e-01,8.563667970447631506e-01
7.079999999999999627e-01,8.426770969143850820e-01
7.089999999999999636e-01,8.452846588439808517e-01
7.099999999999999645e-01,8.433289873967839689e-01
7.109999999999999654e-01,8.439808778791829669e-01
7.119999999999999662e-01,8.470230334637114389e-01
7.129999999999999671e-01,8.624511082138200946e-01
7.139999999999999680e-01,8.652759669708822710e-01
7.149999999999999689e-01,8.563667970447631506e-01
7.159999999999999698e-01,8.620165145588873923e-01
7.169999999999999707e-01,8.487614080834420260e-01
7.179999999999999716e-01,8.524554541503693850e-01
7.189999999999999725e-01,8.563667970447631506e-01
7.199999999999999734e-01,8.452846588439808517e-01
7.209999999999999742e-01,8.405041286397219036e-01
7.219999999999999751e-01,8.368100825727944336e-01
7.229999999999999760e-01,8.481095176010430281e-01
7.239999999999999769e-01,8.409387222946544949e-01
7.249999999999999778e-01,8.426770969143850820e-01
7.259999999999999787e-01,8.457192524989135540e-01
7.269999999999999796e-01,8.452846588439808517e-01
7.279999999999999805e-01,8.578878748370273311e-01
7.289999999999999813e-01,8.546284224250325634e-01
7.299999999999999822e-01,8.489787049109083217e-01
7.309999999999999831e-01,8.459365493263798497e-01
7.319999999999999840e-01,8.491960017383746173e-01
7.329999999999999849e-01,8.461538461538461453e-01
7.339999999999999858e-01,8.548457192524988590e-01
7.349999999999999867e-01,8.583224684919600334e-01
7.359999999999999876e-01,8.520208604954367937e-01
7.369999999999999885e-01,8.585397653194263290e-01
7.379999999999999893e-01,8.613646240764885054e-01
7.389999999999999902e-01,8.611473272490222097e-01
7.399999999999999911e-01,8.544111255975662678e-01
7.409999999999999920e-01,8.535419382877009742e-01
7.419999999999999929e-01,8.402868318122554969e-01
7.429999999999999938e-01,8.654932637983485666e-01
7.439999999999999947e-01,8.674489352455454494e-01
7.449999999999999956e-01,8.518035636679704981e-01
7.459999999999999964e-01,8.713602781399391040e-01
7.469999999999999973e-01,8.498478922207736153e-01
7.479999999999999982e-01,8.600608431116906205e-01
7.489999999999999991e-01,8.633202955236853882e-01
7.500000000000000000e-01,8.659278574532811579e-01
7.510000000000000009e-01,8.744024337244675760e-01
7.520000000000000018e-01,8.685354193828770386e-01
7.530000000000000027e-01,8.652759669708822710e-01
7.540000000000000036e-01,8.724467622772708042e-01
7.550000000000000044e-01,8.591916558018253269e-01
7.560000000000000053e-01,8.737505432420686891e-01
7.570000000000000062e-01,8.631029986962189815e-01
7.580000000000000071e-01,8.624511082138200946e-01
7.590000000000000080e-01,8.428943937418513777e-01
7.600000000000000089e-01,8.585397653194263290e-01
7.610000000000000098e-01,8.665797479356801558e-01
7.620000000000000107e-01,8.524554541503693850e-01
7.630000000000000115e-01,8.450673620165145561e-01
7.640000000000000124e-01,8.405041286397219036e-01
7.650000000000000133e-01,8.411560191221207905e-01
7.660000000000000142e-01,8.400695349847892013e-01
7.670000000000000151e-01,8.539765319426336765e-01
7.680000000000000160e-01,8.437635810517166712e-01
7.690000000000000169e-01,8.515862668405040914e-01
7.700000000000000178e-01,8.392003476749239077e-01
7.710000000000000187e-01,8.376792698826597272e-01
7.720000000000000195e-01,8.470230334637114389e-01
7.730000000000000204e-01,8.474576271186440302e-01
7.740000000000000213e-01,8.450673620165145561e-01
7.750000000000000222e-01,8.559322033898305593e-01
7.760000000000000231e-01,8.500651890482399109e-01
7.770000000000000240e-01,8.494132985658409130e-01
7.780000000000000249e-01,8.544111255975662678e-01
7.790000000000000258e-01,8.509343763581052045e-01
7.800000000000000266e-01,8.526727509778356806e-01
7.810000000000000275e-01,8.494132985658409130e-01
7.820000000000000284e-01,8.455019556714471474e-01
7.830000000000000293e-01,8.405041286397219036e-01
7.840000000000000302e-01,8.548457192524988590e-01
7.850000000000000311e-01,8.528900478053020873e-01
7.860000000000000320e-01,8.633202955236853882e-01
7.870000000000000329e-01,8.441981747066492625e-01
7.880000000000000338e-01,8.331160365058669637e-01
7.890000000000000346e-01,8.355063016079965488e-01
7.900000000000000355e-01,8.383311603650587251e-01
7.910000000000000364e-01,8.452846588439808517e-01
7.920000000000000373e-01,8.511516731855715001e-01
7.930000000000000382e-01,8.459365493263798497e-01
7.940000000000000391e-01,8.457192524989135540e-01
7.950000000000000400e-01,8.504997827031725022e-01
7.960000000000000409e-01,8.524554541503693850e-01
7.970000000000000417e-01,8.565840938722294462e-01
7.980000000000000426e-01,8.624511082138200946e-01
7.990000000000000435e-01,8.518035636679704981e-01
8.000000000000000444e-01,8.474576271186440302e-01
8.010000000000000453e-01,8.363754889178618424e-01
8.020000000000000462e-01,8.509343763581052045e-01
8.030000000000000471e-01,8.439808778791829669e-01
8.040000000000000480e-01,8.589743589743589203e-01
8.050000000000000488e-01,8.455019556714471474e-01
8.060000000000000497e-01,8.496305953933072086e-01
8.070000000000000506e-01,8.422425032594523797e-01
8.080000000000000515e-01,8.491960017383746173e-01
8.090000000000000524e-01,8.535419382877009742e-01
8.100000000000000533e-01,8.387657540199913164e-01
8.110000000000000542e-01,8.450673620165145561e-01
8.120000000000000551e-01,8.431116905693176733e-01
8.129999999999999449e-01,8.441981747066492625e-01
8.139999999999999458e-01,8.428943937418513777e-01
8.149999999999999467e-01,8.374619730551934316e-01
8.159999999999999476e-01,8.392003476749239077e-01
8.169999999999999485e-01,8.270317253368101307e-01
8.179999999999999494e-01,8.437635810517166712e-01
8.189999999999999503e-01,8.363754889178618424e-01
8.199999999999999512e-01,8.359408952629291401e-01
8.209999999999999520e-01,8.418079096045197884e-01
8.219999999999999529e-01,8.296392872664059004e-01
8.229999999999999538e-01,8.370273794002607293e-01
8.239999999999999547e-01,8.335506301607996660e-01
8.249999999999999556e-01,8.448500651890482605e-01
8.259999999999999565e-01,8.444154715341155581e-01
8.269999999999999574e-01,8.383311603650587251e-01
8.279999999999999583e-01,8.500651890482399109e-01
8.289999999999999591e-01,8.346371142981312552e-01
8.299999999999999600e-01,8.307257714037374896e-01
8.309999999999999609e-01,8.411560191221207905e-01
8.319999999999999618e-01,8.400695349847892013e-01
8.329999999999999627e-01,8.328987396784006680e-01
8.339999999999999636e-01,8.248587570621468412e-01
8.349999999999999645e-01,8.248587570621468412e-01
8.359999999999999654e-01,8.370273794002607293e-01
8.369999999999999662e-01,8.376792698826597272e-01
8.379999999999999671e-01,8.359408952629291401e-01
8.389999999999999680e-01,8.446327683615819648e-01
8.399999999999999689e-01,8.311603650586701919e-01
8.409999999999999698e-01,8.233376792698826607e-01
8.419999999999999707e-01,8.470230334637114389e-01
8.429999999999999716e-01,8.459365493263798497e-01
8.439999999999999725e-01,8.374619730551934316e-01
8.449999999999999734e-01,8.348544111255975508e-01
8.459999999999999742e-01,8.383311603650587251e-01
8.469999999999999751e-01,8.252933507170795435e-01
8.479999999999999760e-01,8.342025206431986639e-01
8.489999999999999769e-01,8.383311603650587251e-01
8.499999999999999778e-01,8.361581920903954357e-01
8.509999999999999787e-01,8.324641460234680768e-01
8.519999999999999796e-01,8.287700999565406068e-01
8.529999999999999805e-01,8.559322033898305593e-01
8.539999999999999813e-01,8.370273794002607293e-01
8.549999999999999822e-01,8.378965667101260228e-01
8.559999999999999831e-01,8.374619730551934316e-01
8.569999999999999840e-01,8.487614080834420260e-01
8.579999999999999849e-01,8.433289873967839689e-01
8.589999999999999858e-01,8.426770969143850820e-01
8.599999999999999867e-01,8.472403302911777345e-01
8.609999999999999876e-01,8.574532811820947398e-01
8.619999999999999885e-01,8.561495002172968549e-01
8.629999999999999893e-01,8.448500651890482605e-01
8.639999999999999902e-01,8.513689700130377958e-01
8.649999999999999911e-01,8.554976097348978570e-01
8.659999999999999920e-01,8.509343763581052045e-01
8.669999999999999929e-01,8.420252064319860841e-01
8.679999999999999938e-01,8.483268144285093237e-01
8.689999999999999947e-01,8.463711429813124409e-01
8.699999999999999956e-01,8.513689700130377958e-01
8.709999999999999964e-01,8.511516731855715001e-01
8.719999999999999973e-01,8.511516731855715001e-01
8.729999999999999982e-01,8.431116905693176733e-01
8.739999999999999991e-01,8.444154715341155581e-01
8.750000000000000000e-01,8.385484571925250208e-01
8.760000000000000009e-01,8.452846588439808517e-01
8.770000000000000018e-01,8.474576271186440302e-01
8.780000000000000027e-01,8.326814428509343724e-01
8.790000000000000036e-01,8.496305953933072086e-01
8.800000000000000044e-01,8.422425032594523797e-01
8.810000000000000053e-01,8.400695349847892013e-01
8.820000000000000062e-01,8.522381573229030893e-01
8.830000000000000071e-01,8.463711429813124409e-01
8.840000000000000080e-01,8.448500651890482605e-01
8.850000000000000089e-01,8.633202955236853882e-01
8.860000000000000098e-01,8.459365493263798497e-01
8.870000000000000107e-01,8.428943937418513777e-01
8.880000000000000115e-01,8.394176445023903144e-01
8.890000000000000124e-01,8.461538461538461453e-01
8.900000000000000133e-01,8.383311603650587251e-01
8.910000000000000142e-01,8.411560191221207905e-01
8.920000000000000151e-01,8.400695349847892013e-01
8.930000000000000160e-01,8.422425032594523797e-01
8.940000000000000169e-01,8.372446762277270249e-01
8.950000000000000178e-01,8.396349413298566100e-01
8.960000000000000187e-01,8.472403302911777345e-01
8.970000000000000195e-01,8.411560191221207905e-01
8.980000000000000204e-01,8.537592351151672698e-01
8.990000000000000213e-01,8.250760538896132479e-01
9.000000000000000222e-01,8.424598000869187864e-01
9.010000000000000231e-01,8.494132985658409130e-01
9.020000000000000240e-01,8.298565840938721960e-01
9.030000000000000249e-01,8.422425032594523797e-01
9.040000000000000258e-01,8.352890047805302531e-01
9.050000000000000266e-01,8.361581920903954357e-01
9.060000000000000275e-01,8.418079096045197884e-01
9.070000000000000284e-01,8.348544111255975508e-01
9.080000000000000293e-01,8.387657540199913164e-01
9.090000000000000302e-01,8.292046936114733091e-01
9.100000000000000311e-01,8.207301173402867800e-01
9.110000000000000320e-01,8.352890047805302531e-01
9.120000000000000329e-01,8.468057366362451432e-01
9.130000000000000338e-01,8.287700999565406068e-01
9.140000000000000346e-01,8.307257714037374896e-01
9.150000000000000355e-01,8.233376792698826607e-01
9.160000000000000364e-01,8.296392872664059004e-01
9.170000000000000373e-01,8.415906127770534928e-01
9.180000000000000382e-01,8.196436332029551908e-01
9.190000000000000391e-01,8.433289873967839689e-01
9.200000000000000400e-01,8.396349413298566100e-01
9.210000000000000409e-01,8.502824858757062065e-01
9.220000000000000417e-01,8.350717079530638465e-01
9.230000000000000426e-01,8.252933507170795435e-01
9.240000000000000435e-01,8.309430682312037852e-01
9.250000000000000444e-01,8.387657540199913164e-01
9.260000000000000453e-01,8.400695349847892013e-01
9.270000000000000462e-01,8.446327683615819648e-01
9.280000000000000471e-01,8.524554541503693850e-01
9.290000000000000480e-01,8.502824858757062065e-01
9.300000000000000488e-01,8.459365493263798497e-01
9.310000000000000497e-01,8.392003476749239077e-01
9.320000000000000506e-01,8.320295523685353745e-01
9.330000000000000515e-01,8.459365493263798497e-01
9.340000000000000524e-01,8.476749239461104368e-01
9.350000000000000533e-01,8.511516731855715001e-01
9.360000000000000542e-01,8.455019556714471474e-01
9.370000000000000551e-01,8.483268144285093237e-01
9.379999999999999449e-01,8.437635810517166712e-01
9.389999999999999458e-01,8.526727509778356806e-01
9.399999999999999467e-01,8.285528031290743112e-01
9.409999999999999476e-01,8.352890047805302531e-01
9.419999999999999485e-01,8.470230334637114389e-01
9.429999999999999494e-01,8.426770969143850820e-01
9.439999999999999503e-01,8.387657540199913164e-01
9.449999999999999512e-01,8.313776618861364875e-01
9.459999999999999520e-01,8.405041286397219036e-01
9.469999999999999529e-01,8.483268144285093237e-01
9.479999999999999538e-01,8.463711429813124409e-01
9.489999999999999547e-01,8.420252064319860841e-01
9.499999999999999556e-01,8.594089526292916226e-01
9.509999999999999565e-01,8.439808778791829669e-01
9.519999999999999574e-01,8.568013906996957418e-01
9.529999999999999583e-01,8.554976097348978570e-01
9.539999999999999591e-01,8.491960017383746173e-01
9.549999999999999600e-01,8.544111255975662678e-01
9.559999999999999609e-01,8.539765319426336765e-01
9.569999999999999618e-01,8.585397653194263290e-01
9.579999999999999627e-01,8.494132985658409130e-01
9.589999999999999636e-01,8.565840938722294462e-01
9.599999999999999645e-01,8.481095176010430281e-01
9.609999999999999654e-01,8.570186875271621485e-01
9.619999999999999662e-01,8.572359843546284441e-01
9.629999999999999671e-01,8.559322033898305593e-01
9.639999999999999680e-01,8.452846588439808517e-01
9.649999999999999689e-01,8.441981747066492625e-01
9.659999999999999698e-01,8.574532811820947398e-01
9.669999999999999707e-01,8.583224684919600334e-01
9.679999999999999716e-01,8.437635810517166712e-01
9.689999999999999725e-01,8.439808778791829669e-01
9.699999999999999734e-01,8.385484571925250208e-01
9.709999999999999742e-01,8.441981747066492625e-01
9.719999999999999751e-01,8.437635810517166712e-01
9.729999999999999760e-01,8.441981747066492625e-01
9.739999999999999769e-01,8.398522381573229056e-01
9.749999999999999778e-01,8.394176445023903144e-01
9.759999999999999787e-01,8.368100825727944336e-01
9.769999999999999796e-01,8.350717079530638465e-01
9.779999999999999805e-01,8.450673620165145561e-01
9.789999999999999813e-01,8.259452411994785415e-01
9.799999999999999822e-01,8.441981747066492625e-01
9.809999999999999831e-01,8.550630160799652657e-01
9.819999999999999840e-01,8.457192524989135540e-01
9.829999999999999849e-01,8.565840938722294462e-01
9.839999999999999858e-01,8.483268144285093237e-01
9.849999999999999867e-01,8.318122555410690788e-01
9.859999999999999876e-01,8.485441112559756194e-01
9.869999999999999885e-01,8.431116905693176733e-01
9.879999999999999893e-01,8.441981747066492625e-01
9.889999999999999902e-01,8.357235984354628444e-01
9.899999999999999911e-01,8.485441112559756194e-01
9.909999999999999920e-01,8.457192524989135540e-01
9.919999999999999929e-01,8.485441112559756194e-01
9.929999999999999938e-01,8.483268144285093237e-01
9.939999999999999947e-01,8.400695349847892013e-01
9.949999999999999956e-01,8.428943937418513777e-01
9.959999999999999964e-01,8.433289873967839689e-01
9.969999999999999973e-01,8.426770969143850820e-01
9.979999999999999982e-01,8.470230334637114389e-01
9.989999999999999991e-01,8.444154715341155581e-01
1.000000000000000000e+00,8.544111255975662678e-01
1.000999999999999890e+00,8.361581920903954357e-01
1.002000000000000002e+00,8.439808778791829669e-01
1.002999999999999892e+00,8.489787049109083217e-01
1.004000000000000004e+00,8.568013906996957418e-01
1.004999999999999893e+00,8.444154715341155581e-01
1.006000000000000005e+00,8.428943937418513777e-01
1.006999999999999895e+00,8.483268144285093237e-01
1.008000000000000007e+00,8.309430682312037852e-01
1.008999999999999897e+00,8.320295523685353745e-01
1.010000000000000009e+00,8.435462842242503756e-01
1.010999999999999899e+00,8.504997827031725022e-01
1.012000000000000011e+00,8.383311603650587251e-01
1.012999999999999901e+00,8.481095176010430281e-01
1.014000000000000012e+00,8.504997827031725022e-01
1.014999999999999902e+00,8.426770969143850820e-01
1.016000000000000014e+00,8.461538461538461453e-01
1.016999999999999904e+00,8.248587570621468412e-01
1.018000000000000016e+00,8.296392872664059004e-01
1.018999999999999906e+00,8.376792698826597272e-01
1.020000000000000018e+00,8.357235984354628444e-01
1.020999999999999908e+00,8.305084745762711940e-01
1.022000000000000020e+00,8.359408952629291401e-01
1.022999999999999909e+00,8.252933507170795435e-01
1.024000000000000021e+00,8.376792698826597272e-01
1.024999999999999911e+00,8.307257714037374896e-01
1.026000000000000023e+00,8.361581920903954357e-01
1.026999999999999913e+00,8.359408952629291401e-01
1.028000000000000025e+00,8.392003476749239077e-01
1.028999999999999915e+00,8.255106475445458392e-01
1.030000000000000027e+00,8.361581920903954357e-01
1.030999999999999917e+00,8.302911777488048983e-01
1.032000000000000028e+00,8.437635810517166712e-01
1.032999999999999918e+00,8.415906127770534928e-01
1.034000000000000030e+00,8.576705780095610354e-01
1.034999999999999920e+00,8.302911777488048983e-01
1.036000000000000032e+00,8.363754889178618424e-01
1.036999999999999922e+00,8.346371142981312552e-01
1.038000000000000034e+00,8.435462842242503756e-01
1.038999999999999924e+00,8.172533681008257167e-01
1.040000000000000036e+00,8.292046936114733091e-01
1.040999999999999925e+00,8.446327683615819648e-01
1.042000000000000037e+00,8.322468491960017811e-01
1.042999999999999927e+00,8.472403302911777345e-01
1.044000000000000039e+00,8.539765319426336765e-01
1.044999999999999929e+00,8.524554541503693850e-01
1.046000000000000041e+00,8.509343763581052045e-01
1.046999999999999931e+00,8.359408952629291401e-01
1.048000000000000043e+00,8.494132985658409130e-01
1.048999999999999932e+00,8.409387222946544949e-01
1.050000000000000044e+00,8.435462842242503756e-01
1.050999999999999934e+00,8.378965667101260228e-01
1.052000000000000046e+00,8.420252064319860841e-01
1.052999999999999936e+00,8.522381573229030893e-01
1.054000000000000048e+00,8.504997827031725022e-01
1.054999999999999938e+00,8.487614080834420260e-01
1.056000000000000050e+00,8.426770969143850820e-01
1.056999999999999940e+00,8.311603650586701919e-01
1.058000000000000052e+00,8.368100825727944336e-01
1.058999999999999941e+00,8.385484571925250208e-01
1.060000000000000053e+00,8.318122555410690788e-01
1.060999999999999943e+00,8.315949587136027832e-01
1.062000000000000055e+00,8.378965667101260228e-01
1.062999999999999945e+00,8.463711429813124409e-01
1.064000000000000057e+00,8.437635810517166712e-01
1.064999999999999947e+00,8.465884398087787366e-01
1.066000000000000059e+00,8.307257714037374896e-01
1.066999999999999948e+00,8.218166014776184802e-01
1.068000000000000060e+00,8.411560191221207905e-01
1.068999999999999950e+00,8.357235984354628444e-01
1.070000000000000062e+00,8.337679269882659616e-01
1.070999999999999952e+00,8.218166014776184802e-01
1.072000000000000064e+00,8.185571490656236016e-01
1.072999999999999954e+00,8.279009126466753132e-01
1.074000000000000066e+00,8.244241634072142499e-01
1.074999999999999956e+00,8.322468491960017811e-01
1.076000000000000068e+00,8.337679269882659616e-01
1.076999999999999957e+00,8.344198174706649596e-01
1.078000000000000069e+00,8.405041286397219036e-01
1.078999999999999959e+00,8.361581920903954357e-01
1.080000000000000071e+00,8.331160365058669637e-01
1.080999999999999961e+00,8.202955236853541887e-01
1.082000000000000073e+00,8.370273794002607293e-01
1.082999999999999963e+00,8.448500651890482605e-01
1.084000000000000075e+00,8.431116905693176733e-01
1.084999999999999964e+00,8.281182094741417199e-01
1.086000000000000076e+00,8.205128205128204844e-01
1.086999999999999966e+00,8.400695349847892013e-01
1.088000000000000078e+00,8.213820078226857779e-01
1.088999999999999968e+00,8.342025206431986639e-01
1.090000000000000080e+00,8.476749239461104368e-01
1.090999999999999970e+00,8.415906127770534928e-01
1.092000000000000082e+00,8.498478922207736153e-01
1.092999999999999972e+00,8.322468491960017811e-01
1.094000000000000083e+00,8.400695349847892013e-01
1.094999999999999973e+00,8.450673620165145561e-01
1.096000000000000085e+00,8.361581920903954357e-01
1.096999999999999975e+00,8.374619730551934316e-01
1.098000000000000087e+00,8.383311603650587251e-01
1.098999999999999977e+00,8.268144285093437240e-01
1.100000000000000089e+00,8.218166014776184802e-01
1.100999999999999979e+00,8.276836158192090176e-01
1.102000000000000091e+00,8.322468491960017811e-01
1.102999999999999980e+00,8.250760538896132479e-01
1.104000000000000092e+00,8.378965667101260228e-01
1.104999999999999982e+00,8.229030856149500694e-01
1.106000000000000094e+00,8.183398522381573059e-01
1.106999999999999984e+00,8.296392872664059004e-01
1.108000000000000096e+00,8.211647109952194823e-01
1.108999999999999986e+00,8.183398522381573059e-01
1.110000000000000098e+00,8.159495871360278318e-01
1.110999999999999988e+00,8.183398522381573059e-01
1.112000000000000099e+00,8.176879617557584190e-01
1.112999999999999989e+00,8.224684919600173671e-01
1.114000000000000101e+00,8.285528031290743112e-01
1.114999999999999991e+00,8.161668839634941275e-01
1.116000000000000103e+00,8.283355063016080155e-01
1.116999999999999993e+00,8.222511951325510715e-01
1.118000000000000105e+00,8.102998696219034791e-01
1.118999999999999995e+00,8.213820078226857779e-01
1.120000000000000107e+00,8.270317253368101307e-01
1.120999999999999996e+00,8.144285093437635403e-01
1.122000000000000108e+00,8.133420252064319511e-01
1.122999999999999998e+00,8.268144285093437240e-01
1.124000000000000110e+00,8.222511951325510715e-01
1.125000000000000000e+00,8.328987396784006680e-01
1.125999999999999890e+00,8.350717079530638465e-01
1.127000000000000002e+00,8.270317253368101307e-01
1.127999999999999892e+00,8.376792698826597272e-01
1.129000000000000004e+00,8.298565840938721960e-01
1.129999999999999893e+00,8.313776618861364875e-01
1.131000000000000005e+00,8.318122555410690788e-01
1.131999999999999895e+00,8.363754889178618424e-01
1.133000000000000007e+00,8.263798348544111327e-01
1.133999999999999897e+00,8.361581920903954357e-01
1.135000000000000009e+00,8.255106475445458392e-01
1.135999999999999899e+00,8.279009126466753132e-01
1.137000000000000011e+00,8.246414602346805456e-01
1.137999999999999901e+00,8.276836158192090176e-01
1.139000000000000012e+00,8.242068665797479543e-01
1.139999999999999902e+00,8.283355063016080155e-01
1.141000000000000014e+00,8.205128205128204844e-01
1.141999999999999904e+00,8.268144285093437240e-01
1.143000000000000016e+00,8.357235984354628444e-01
1.143999999999999906e+00,8.185571490656236016e-01
1.145000000000000018e+00,8.187744458930900082e-01
1.145999999999999908e+00,8.202955236853541887e-01
1.147000000000000020e+00,8.309430682312037852e-01
1.147999999999999909e+00,8.226857887874836628e-01
1.149000000000000021e+00,8.246414602346805456e-01
1.149999999999999911e+00,8.309430682312037852e-01
1.151000000000000023e+00,8.250760538896132479e-01
1.151999999999999913e+00,8.263798348544111327e-01
1.153000000000000025e+00,8.296392872664059004e-01
1.153999999999999915e+00,8.276836158192090176e-01
1.155000000000000027e+00,8.296392872664059004e-01
1.155999999999999917e+00,8.185571490656236016e-01
1.157000000000000028e+00,8.339852238157322573e-01
1.157999999999999918e+00,8.315949587136027832e-01
1.159000000000000030e+00,8.202955236853541887e-01
1.159999999999999920e+00,8.357235984354628444e-01
1.161000000000000032e+00,8.426770969143850820e-01
1.161999999999999922e+00,8.402868318122554969e-01
1.163000000000000034e+00,8.309430682312037852e-01
1.163999999999999924e+00,8.246414602346805456e-01
1.165000000000000036e+00,8.268144285093437240e-01
1.165999999999999925e+00,8.246414602346805456e-01
1.167000000000000037e+00,8.139939156888309491e-01
1.167999999999999927e+00,8.352890047805302531e-01
1.169000000000000039e+00,8.257279443720121348e-01
1.169999999999999929e+00,8.261625380269448371e-01
1.171000000000000041e+00,8.170360712733594211e-01
1.171999999999999931e+00,8.276836158192090176e-01
1.173000000000000043e+00,8.272490221642764263e-01
1.173999999999999932e+00,8.207301173402867800e-01
1.175000000000000044e+00,8.220338983050847759e-01
1.175999999999999934e+00,8.237722729248152520e-01
1.177000000000000046e+00,8.179052585832247146e-01
1.177999999999999936e+00,8.183398522381573059e-01
1.179000000000000048e+00,8.242068665797479543e-01
1.179999999999999938e+00,8.328987396784006680e-01
1.181000000000000050e+00,8.285528031290743112e-01
1.181999999999999940e+00,8.116036505867014750e-01
1.183000000000000052e+00,8.102998696219034791e-01
1.183999999999999941e+00,8.255106475445458392e-01
1.185000000000000053e+00,8.222511951325510715e-01
1.185999999999999943e+00,8.257279443720121348e-01
1.187000000000000055e+00,8.287700999565406068e-01
1.187999999999999945e+00,8.244241634072142499e-01
1.189000000000000057e+00,8.315949587136027832e-01
1.189999999999999947e+00,8.218166014776184802e-01
1.191000000000000059e+00,8.292046936114733091e-01
1.191999999999999948e+00,8.237722729248152520e-01
1.193000000000000060e+00,8.237722729248152520e-01
1.193999999999999950e+00,8.137766188613646534e-01
1.195000000000000062e+00,8.176879617557584190e-01
1.195999999999999952e+00,8.142112125162972447e-01
1.197000000000000064e+00,8.037809647979139438e-01
1.197999999999999954e+00,8.189917427205563039e-01
1.199000000000000066e+00,7.998696219035201782e-01
1.199999999999999956e+00,8.135593220338983578e-01
1.201000000000000068e+00,8.220338983050847759e-01
1.201999999999999957e+00,8.133420252064319511e-01
1.203000000000000069e+00,8.081269013472403007e-01
1.203999999999999959e+00,8.083441981747065963e-01
1.205000000000000071e+00,8.274663189917427220e-01
1.205999999999999961e+00,8.250760538896132479e-01
1.207000000000000073e+00,8.129074315514993598e-01
1.207999999999999963e+00,8.144285093437635403e-01
1.209000000000000075e+00,8.337679269882659616e-01
1.209999999999999964e+00,8.226857887874836628e-01
1.211000000000000076e+00,8.213820078226857779e-01
1.211999999999999966e+00,8.328987396784006680e-01
1.213000000000000078e+00,8.229030856149500694e-01
1.213999999999999968e+00,8.235549760973489564e-01
1.215000000000000080e+00,8.313776618861364875e-01
1.215999999999999970e+00,8.350717079530638465e-01
1.217000000000000082e+00,8.159495871360278318e-01
1.217999999999999972e+00,8.215993046501520736e-01
1.219000000000000083e+00,8.292046936114733091e-01
1.219999999999999973e+00,8.042155584528465351e-01
1.221000000000000085e+00,8.096479791395045922e-01
1.221999999999999975e+00,7.918296392872663514e-01
1.223000000000000087e+00,8.100825727944371835e-01
1.223999999999999977e+00,8.057366362451108266e-01
1.225000000000000089e+00,7.990004345936548846e-01
1.225999999999999979e+00,7.959582790091264126e-01
1.227000000000000091e+00,8.185571490656236016e-01
1.227999999999999980e+00,8.113863537592350683e-01
1.229000000000000092e+00,8.157322903085615362e-01
1.229999999999999982e+00,8.135593220338983578e-01
1.231000000000000094e+00,8.057366362451108266e-01
1.231999999999999984e+00,8.155149934810951295e-01
1.233000000000000096e+00,8.129074315514993598e-01
1.233999999999999986e+00,8.116036505867014750e-01
1.235000000000000098e+00,8.100825727944371835e-01
1.235999999999999988e+00,8.237722729248152520e-01
1.237000000000000099e+00,8.161668839634941275e-01
1.237999999999999989e+00,8.107344632768361814e-01
1.239000000000000101e+00,8.092133854845718899e-01
1.239999999999999991e+00,8.083441981747065963e-01
1.241000000000000103e+00,8.166014776184267188e-01
1.241999999999999993e+00,8.218166014776184802e-01
1.243000000000000105e+00,8.261625380269448371e-01
1.243999999999999995e+00,8.298565840938721960e-01
1.245000000000000107e+00,8.328987396784006680e-01
1.245999999999999996e+00,8.413733159495870861e-01
1.247000000000000108e+00,8.381138635375923185e-01
1.247999999999999998e+00,8.174706649282920123e-01
1.249000000000000110e+00,8.176879617557584190e-01
1.250000000000000000e+00,8.016079965232507654e-01
1.250999999999999890e+00,8.122555410691003619e-01
1.252000000000000002e+00,8.242068665797479543e-01
1.252999999999999892e+00,8.294219904389396048e-01
1.254000000000000004e+00,8.194263363754888951e-01
1.254999999999999893e+00,8.094306823120382965e-01
1.256000000000000005e+00,8.179052585832247146e-01
1.256999999999999895e+00,8.172533681008257167e-01
1.258000000000000007e+00,8.294219904389396048e-01
1.258999999999999897e+00,8.350717079530638465e-01
1.260000000000000009e+00,8.331160365058669637e-01
1.260999999999999899e+00,8.152976966536288339e-01
1.262000000000000011e+00,8.218166014776184802e-01
1.262999999999999901e+00,8.033463711429813525e-01
1.264000000000000012e+00,8.287700999565406068e-01
1.264999999999999902e+00,8.139939156888309491e-01
1.266000000000000014e+00,8.268144285093437240e-01
1.266999999999999904e+00,8.322468491960017811e-01
1.268000000000000016e+00,8.176879617557584190e-01
1.268999999999999906e+00,8.098652759669708878e-01
1.270000000000000018e+00,8.233376792698826607e-01
1.270999999999999908e+00,8.196436332029551908e-01
1.272000000000000020e+00,8.185571490656236016e-01
1.272999999999999909e+00,8.352890047805302531e-01
1.274000000000000021e+00,8.192090395480225995e-01
1.274999999999999911e+00,8.311603650586701919e-01
1.276000000000000023e+00,8.174706649282920123e-01
1.276999999999999913e+00,8.144285093437635403e-01
1.278000000000000025e+00,8.226857887874836628e-01
1.278999999999999915e+00,8.265971316818774284e-01
1.280000000000000027e+00,8.270317253368101307e-01
1.280999999999999917e+00,8.074750108648414137e-01
1.282000000000000028e+00,8.292046936114733091e-01
1.282999999999999918e+00,8.092133854845718899e-01
1.284000000000000030e+00,7.911777488048674645e-01
1.284999999999999920e+00,8.079096045197740050e-01
1.286000000000000032e+00,8.046501521077792374e-01
1.286999999999999922e+00,8.053020425901782353e-01
1.288000000000000034e+00,8.070404172099087114e-01
1.288999999999999924e+00,8.042155584528465351e-01
1.290000000000000036e+00,8.157322903085615362e-01
1.290999999999999925e+00,8.016079965232507654e-01
1.292000000000000037e+00,8.035636679704476482e-01
1.292999999999999927e+00,8.013906996957844697e-01
1.294000000000000039e+00,8.094306823120382965e-01
1.294999999999999929e+00,8.126901347240330642e-01
1.296000000000000041e+00,8.076923076923077094e-01
1.296999999999999931e+00,7.970447631464581129e-01
1.298000000000000043e+00,8.102998696219034791e-01
1.298999999999999932e+00,8.220338983050847759e-01
1.300000000000000044e+00,8.374619730551934316e-01
1.300999999999999934e+00,8.281182094741417199e-01
1.302000000000000046e+00,8.215993046501520736e-01
1.302999999999999936e+00,8.183398522381573059e-01
1.304000000000000048e+00,8.129074315514993598e-01
1.304999999999999938e+00,8.226857887874836628e-01
1.306000000000000050e+00,8.135593220338983578e-01
1.306999999999999940e+00,8.274663189917427220e-01
1.308000000000000052e+00,8.392003476749239077e-01
1.308999999999999941e+00,8.263798348544111327e-01
1.310000000000000053e+00,8.455019556714471474e-01
1.310999999999999943e+00,8.257279443720121348e-01
1.312000000000000055e+00,8.294219904389396048e-01
1.312999999999999945e+00,8.281182094741417199e-01
1.314000000000000057e+00,8.244241634072142499e-01
1.314999999999999947e+00,8.239895697522816587e-01
1.316000000000000059e+00,8.229030856149500694e-01
1.316999999999999948e+00,8.318122555410690788e-01
1.318000000000000060e+00,8.155149934810951295e-01
1.318999999999999950e+00,8.174706649282920123e-01
1.320000000000000062e+00,8.272490221642764263e-01
1.320999999999999952e+00,8.194263363754888951e-01
1.322000000000000064e+00,8.198609300304215974e-01
1.322999999999999954e+00,8.113863537592350683e-01
1.324000000000000066e+00,8.081269013472403007e-01
1.324999999999999956e+00,8.133420252064319511e-01
1.326000000000000068e+00,8.159495871360278318e-01
1.326999999999999957e+00,8.139939156888309491e-01
1.328000000000000069e+00,8.311603650586701919e-01
1.328999999999999959e+00,8.170360712733594211e-01
1.330000000000000071e+00,8.050847457627118287e-01
1.330999999999999961e+00,8.302911777488048983e-01
1.332000000000000073e+00,8.102998696219034791e-01
1.332999999999999963e+00,8.155149934810951295e-01
1.334000000000000075e+00,8.166014776184267188e-01
1.334999999999999964e+00,8.218166014776184802e-01
1.336000000000000076e+00,8.066058235549761202e-01
1.336999999999999966e+00,8.139939156888309491e-01
1.338000000000000078e+00,8.181225554106910103e-01
1.338999999999999968e+00,8.213820078226857779e-01
1.340000000000000080e+00,8.302911777488048983e-01
1.340999999999999970e+00,8.157322903085615362e-01
1.342000000000000082e+00,8.033463711429813525e-01
1.342999999999999972e+00,8.159495871360278318e-01
1.344000000000000083e+00,8.161668839634941275e-01
1.344999999999999973e+00,7.963928726640591149e-01
1.346000000000000085e+00,8.179052585832247146e-01
1.346999999999999975e+00,8.081269013472403007e-01
1.348000000000000087e+00,8.079096045197740050e-01
1.348999999999999977e+00,8.059539330725771222e-01
1.350000000000000089e+00,7.887874837027379904e-01
1.350999999999999979e+00,8.076923076923077094e-01
1.352000000000000091e+00,8.066058235549761202e-01
1.352999999999999980e+00,8.024771838331160589e-01
1.354000000000000092e+00,8.129074315514993598e-01
1.354999999999999982e+00,7.983485441112559977e-01
1.356000000000000094e+00,8.129074315514993598e-01
1.356999999999999984e+00,8.222511951325510715e-01
1.358000000000000096e+00,8.124728378965666575e-01
1.358999999999999986e+00,8.320295523685353745e-01
1.360000000000000098e+00,8.124728378965666575e-01
1.360999999999999988e+00,8.207301173402867800e-01
1.362000000000000099e+00,8.305084745762711940e-01
1.362999999999999989e+00,8.124728378965666575e-01
1.364000000000000101e+00,8.218166014776184802e-01
1.364999999999999991e+00,8.113863537592350683e-01
1.366000000000000103e+00,8.044328552803129417e-01
1.366999999999999993e+00,7.911777488048674645e-01
1.368000000000000105e+00,7.900912646675358753e-01
1.368999999999999995e+00,7.877009995654062902e-01
1.370000000000000107e+00,8.005215123859191761e-01
1.370999999999999996e+00,7.898739678400695796e-01
1.372000000000000108e+00,8.070404172099087114e-01
1.372999999999999998e+00,8.089960886571055942e-01
1.374000000000000110e+00,8.179052585832247146e-01
1.375000000000000000e+00,8.026944806605823546e-01
1.375999999999999890e+00,8.211647109952194823e-01
1.377000000000000002e+00,8.096479791395045922e-01
1.377999999999999892e+00,8.144285093437635403e-01
1.379000000000000004e+00,7.996523250760538826e-01
1.379999999999999893e+00,8.218166014776184802e-01
1.381000000000000005e+00,8.113863537592350683e-01
1.381999999999999895e+00,8.111690569317687727e-01
1.383000000000000007e+00,8.111690569317687727e-01
1.383999999999999897e+00,8.124728378965666575e-01
1.385000000000000009e+00,8.109517601043024770e-01
1.385999999999999899e+00,8.072577140373750071e-01
1.387000000000000011e+00,8.146458061712299470e-01
1.387999999999999901e+00,8.126901347240330642e-01
1.389000000000000012e+00,8.144285093437635403e-01
1.389999999999999902e+00,8.076923076923077094e-01
1.391000000000000014e+00,8.044328552803129417e-01
1.391999999999999904e+00,8.120382442416340663e-01
1.393000000000000016e+00,8.055193394176445310e-01
1.393999999999999906e+00,8.211647109952194823e-01
1.395000000000000018e+00,8.289873967840069025e-01
1.395999999999999908e+00,8.194263363754888951e-01
1.397000000000000020e+00,8.107344632768361814e-01
1.397999999999999909e+00,8.131247283789656555e-01
1.399000000000000021e+00,7.974793568013907041e-01
1.399999999999999911e+00,8.033463711429813525e-01
1.401000000000000023e+00,7.957409821816601170e-01
1.401999999999999913e+00,8.207301173402867800e-01
1.403000000000000025e+00,8.070404172099087114e-01
1.403999999999999915e+00,8.215993046501520736e-01
1.405000000000000027e+00,8.307257714037374896e-01
1.405999999999999917e+00,8.248587570621468412e-01
1.407000000000000028e+00,8.194263363754888951e-01
1.407999999999999918e+00,8.139939156888309491e-01
1.409000000000000030e+00,8.355063016079965488e-01
1.409999999999999920e+00,8.246414602346805456e-01
1.411000000000000032e+00,8.196436332029551908e-01
1.411999999999999922e+00,8.237722729248152520e-01
1.413000000000000034e+00,8.246414602346805456e-01
1.413999999999999924e+00,8.172533681008257167e-01
1.415000000000000036e+00,8.200782268578878931e-01
1.415999999999999925e+00,8.187744458930900082e-01
1.417000000000000037e+00,8.233376792698826607e-01
1.417999999999999927e+00,8.307257714037374896e-01
1.419000000000000039e+00,8.202955236853541887e-01
1.419999999999999929e+00,8.298565840938721960e-01
1.421000000000000041e+00,8.198609300304215974e-01
1.421999999999999931e+00,8.209474141677531867e-01
1.423000000000000043e+00,8.020425901781833566e-01
1.423999999999999932e+00,8.033463711429813525e-01
1.425000000000000044e+00,8.100825727944371835e-01
1.425999999999999934e+00,8.155149934810951295e-01
1.427000000000000046e+00,7.966101694915254106e-01
1.427999999999999936e+00,7.877009995654062902e-01
1.429000000000000048e+00,8.048674489352455330e-01
1.429999999999999938e+00,8.152976966536288339e-01
1.431000000000000050e+00,8.122555410691003619e-01
1.431999999999999940e+00,8.013906996957844697e-01
1.433000000000000052e+00,8.083441981747065963e-01
1.433999999999999941e+00,8.139939156888309491e-01
1.435000000000000053e+00,8.096479791395045922e-01
1.435999999999999943e+00,8.031290743155149459e-01
1.437000000000000055e+00,7.920469361147327580e-01
1.437999999999999945e+00,7.950890916992612301e-01
1.439000000000000057e+00,8.259452411994785415e-01
1.439999999999999947e+00,8.200782268578878931e-01
1.441000000000000059e+00,8.166014776184267188e-01
1.441999999999999948e+00,8.187744458930900082e-01
1.443000000000000060e+00,8.111690569317687727e-01
1.443999999999999950e+00,8.118209474141677706e-01
1.445000000000000062e+00,8.215993046501520736e-01
1.445999999999999952e+00,8.107344632768361814e-01
1.447000000000000064e+00,8.279009126466753132e-01
1.447999999999999954e+00,8.068231203824424158e-01
1.449000000000000066e+00,8.003042155584528805e-01
1.449999999999999956e+00,8.126901347240330642e-01
1.451000000000000068e+00,8.094306823120382965e-01
1.451999999999999957e+00,8.011734028683181741e-01
1.453000000000000069e+00,8.072577140373750071e-01
1.453999999999999959e+00,8.163841807909604231e-01
1.455000000000000071e+00,8.085614950021730030e-01
1.455999999999999961e+00,8.102998696219034791e-01
1.457000000000000073e+00,8.150803998261625383e-01
1.457999999999999963e+00,8.146458061712299470e-01
1.459000000000000075e+00,8.118209474141677706e-01
1.459999999999999964e+00,8.094306823120382965e-01
1.461000000000000076e+00,8.053020425901782353e-01
1.461999999999999966e+00,8.039982616253802394e-01
1.463000000000000078e+00,8.113863537592350683e-01
1.463999999999999968e+00,8.042155584528465351e-01
1.465000000000000080e+00,7.990004345936548846e-01
1.465999999999999970e+00,8.094306823120382965e-01
1.467000000000000082e+00,8.342025206431986639e-01
1.467999999999999972e+00,7.955236853541938213e-01
1.469000000000000083e+00,8.159495871360278318e-01
1.469999999999999973e+00,8.031290743155149459e-01
1.471000000000000085e+00,8.024771838331160589e-01
1.471999999999999975e+00,8.146458061712299470e-01
1.473000000000000087e+00,7.990004345936548846e-01
1.473999999999999977e+00,7.976966536288569998e-01
1.475000000000000089e+00,8.131247283789656555e-01
1.475999999999999979e+00,8.035636679704476482e-01
1.477000000000000091e+00,8.020425901781833566e-01
1.477999999999999980e+00,8.096479791395045922e-01
1.479000000000000092e+00,7.970447631464581129e-01
1.479999999999999982e+00,8.005215123859191761e-01
1.481000000000000094e+00,8.009561060408517674e-01
1.481999999999999984e+00,8.094306823120382965e-01
1.483000000000000096e+00,8.013906996957844697e-01
1.483999999999999986e+00,8.003042155584528805e-01
1.485000000000000098e+00,7.959582790091264126e-01
1.485999999999999988e+00,8.022598870056497633e-01
1.487000000000000099e+00,8.013906996957844697e-01
1.487999999999999989e+00,7.863972186006084053e-01
1.489000000000000101e+00,8.137766188613646534e-01
1.489999999999999991e+00,8.089960886571055942e-01
1.491000000000000103e+00,8.150803998261625383e-01
1.491999999999999993e+00,8.170360712733594211e-01
1.493000000000000105e+00,8.226857887874836628e-01
1.493999999999999995e+00,8.305084745762711940e-01
1.495000000000000107e+00,8.324641460234680768e-01
1.495999999999999996e+00,8.248587570621468412e-01
1.497000000000000108e+00,8.198609300304215974e-01
1.497999999999999998e+00,8.166014776184267188e-01
1.499000000000000110e+00,8.248587570621468412e-01
1.500000000000000000e+00,8.213820078226857779e-01
1.500999999999999890e+00,8.061712299000434179e-01
1.502000000000000002e+00,8.205128205128204844e-01
1.502999999999999892e+00,8.237722729248152520e-01
1.504000000000000004e+00,8.302911777488048983e-01
1.504999999999999893e+00,8.311603650586701919e-01
1.506000000000000005e+00,8.200782268578878931e-01
1.506999999999999895e+00,8.129074315514993598e-01
1.508000000000000007e+00,8.172533681008257167e-01
1.508999999999999897e+00,8.102998696219034791e-01
1.510000000000000009e+00,8.187744458930900082e-01
1.510999999999999899e+00,8.229030856149500694e-01
1.512000000000000011e+00,8.215993046501520736e-01
1.512999999999999901e+00,8.048674489352455330e-01
1.514000000000000012e+00,8.037809647979139438e-01
1.514999999999999902e+00,8.187744458930900082e-01
1.516000000000000014e+00,8.237722729248152520e-01
1.516999999999999904e+00,8.013906996957844697e-01
1.518000000000000016e+00,7.974793568013907041e-01
1.518999999999999906e+00,8.044328552803129417e-01
1.520000000000000018e+00,8.120382442416340663e-01
1.520999999999999908e+00,8.102998696219034791e-01
1.522000000000000020e+00,8.200782268578878931e-01
1.522999999999999909e+00,8.092133854845718899e-01
1.524000000000000021e+00,8.168187744458931254e-01
1.524999999999999911e+00,8.046501521077792374e-01
1.526000000000000023e+00,8.031290743155149459e-01
1.526999999999999913e+00,8.087787918296392986e-01
1.528000000000000025e+00,7.748804867448935152e-01
1.528999999999999915e+00,8.081269013472403007e-01
1.530000000000000027e+00,8.170360712733594211e-01
1.530999999999999917e+00,8.039982616253802394e-01
1.532000000000000028e+00,7.931334202520643473e-01
1.532999999999999918e+00,7.996523250760538826e-01
1.534000000000000030e+00,7.816166883963494572e-01
1.534999999999999920e+00,8.066058235549761202e-01
1.536000000000000032e+00,7.903085614950021709e-01
1.536999999999999922e+00,8.033463711429813525e-01
1.538000000000000034e+00,8.118209474141677706e-01
1.538999999999999924e+00,8.016079965232507654e-01
1.540000000000000036e+00,7.940026075619296408e-01
1.540999999999999925e+00,7.983485441112559977e-01
1.542000000000000037e+00,7.872664059104736989e-01
1.542999999999999927e+00,7.994350282485875869e-01
1.544000000000000039e+00,7.996523250760538826e-01
1.544999999999999929e+00,8.022598870056497633e-01
1.546000000000000041e+00,7.940026075619296408e-01
1.546999999999999931e+00,7.833550630160799333e-01
1.548000000000000043e+00,8.133420252064319511e-01
1.548999999999999932e+00,8.096479791395045922e-01
1.550000000000000044e+00,8.189917427205563039e-01
1.550999999999999934e+00,7.831377661886136377e-01
1.552000000000000046e+00,8.031290743155149459e-01
1.552999999999999936e+00,7.798783137766188700e-01
1.554000000000000048e+00,8.066058235549761202e-01
1.554999999999999938e+00,8.074750108648414137e-01
1.556000000000000050e+00,7.987831377661885890e-01
1.556999999999999940e+00,8.085614950021730030e-01
1.558000000000000052e+00,8.148631029986962426e-01
1.558999999999999941e+00,8.061712299000434179e-01
1.560000000000000053e+00,8.050847457627118287e-01
1.560999999999999943e+00,8.048674489352455330e-01
1.562000000000000055e+00,8.000869187309864738e-01
1.562999999999999945e+00,7.863972186006084053e-01
1.564000000000000057e+00,7.940026075619296408e-01
1.564999999999999947e+00,8.013906996957844697e-01
1.566000000000000059e+00,8.079096045197740050e-01
1.566999999999999948e+00,8.061712299000434179e-01
1.568000000000000060e+00,8.033463711429813525e-01
1.568999999999999950e+00,8.170360712733594211e-01
1.570000000000000062e+00,8.029117774880486502e-01
1.570999999999999952e+00,8.026944806605823546e-01
1.572000000000000064e+00,8.048674489352455330e-01
1.572999999999999954e+00,8.011734028683181741e-01
1.574000000000000066e+00,7.957409821816601170e-01
1.574999999999999956e+00,8.016079965232507654e-01
1.576000000000000068e+00,8.074750108648414137e-01
1.576999999999999957e+00,7.996523250760538826e-01
1.578000000000000069e+00,7.968274663189917062e-01
1.578999999999999959e+00,7.848761408083442248e-01
1.580000000000000071e+00,8.044328552803129417e-01
1.580999999999999961e+00,8.033463711429813525e-01
1.582000000000000073e+00,8.215993046501520736e-01
1.582999999999999963e+00,8.079096045197740050e-01
1.584000000000000075e+00,8.166014776184267188e-01
1.584999999999999964e+00,8.079096045197740050e-01
1.586000000000000076e+00,8.083441981747065963e-01
1.586999999999999966e+00,8.022598870056497633e-01
1.588000000000000078e+00,8.166014776184267188e-01
1.588999999999999968e+00,8.076923076923077094e-01
1.590000000000000080e+00,8.000869187309864738e-01
1.590999999999999970e+00,8.122555410691003619e-01
1.592000000000000082e+00,8.152976966536288339e-01
1.592999999999999972e+00,8.131247283789656555e-01
1.594000000000000083e+00,8.248587570621468412e-01
1.594999999999999973e+00,8.229030856149500694e-01
1.596000000000000085e+00,8.274663189917427220e-01
1.596999999999999975e+00,8.205128205128204844e-01
1.598000000000000087e+00,8.098652759669708878e-01
1.598999999999999977e+00,8.215993046501520736e-01
1.600000000000000089e+00,8.009561060408517674e-01
1.600999999999999979e+00,8.105171664493698858e-01
1.602000000000000091e+00,8.144285093437635403e-01
1.602999999999999980e+00,8.039982616253802394e-01
1.604000000000000092e+00,7.924815297696653493e-01
1.604999999999999982e+00,8.026944806605823546e-01
1.606000000000000094e+00,8.094306823120382965e-01
1.606999999999999984e+00,7.957409821816601170e-01
1.608000000000000096e+00,7.959582790091264126e-01
1.608999999999999986e+00,8.181225554106910103e-01
1.610000000000000098e+00,8.070404172099087114e-01
1.610999999999999988e+00,8.231203824424163651e-01
1.612000000000000099e+00,8.129074315514993598e-01
1.612999999999999989e+00,8.094306823120382965e-01
1.614000000000000101e+00,8.194263363754888951e-01
1.614999999999999991e+00,8.122555410691003619e-01
1.616000000000000103e+00,8.109517601043024770e-01
1.616999999999999993e+00,8.113863537592350683e-01
1.618000000000000105e+00,8.068231203824424158e-01
1.618999999999999995e+00,8.133420252064319511e-01
1.620000000000000107e+00,8.209474141677531867e-01
1.620999999999999996e+00,8.129074315514993598e-01
1.622000000000000108e+00,8.268144285093437240e-01
1.622999999999999998e+00,8.011734028683181741e-01
1.624000000000000110e+00,8.085614950021730030e-01
1.625000000000000000e+00,8.244241634072142499e-01
1.625999999999999890e+00,8.120382442416340663e-01
1.627000000000000002e+00,8.150803998261625383e-01
1.627999999999999892e+00,8.189917427205563039e-01
1.629000000000000004e+00,8.207301173402867800e-01
1.629999999999999893e+00,8.142112125162972447e-01
1.631000000000000005e+00,8.150803998261625383e-01
1.631999999999999895e+00,8.194263363754888951e-01
1.633000000000000007e+00,8.070404172099087114e-01
1.633999999999999897e+00,7.987831377661885890e-01
1.635000000000000009e+00,8.029117774880486502e-01
1.635999999999999899e+00,8.239895697522816587e-01
1.637000000000000011e+00,8.246414602346805456e-01
1.637999999999999901e+00,8.235549760973489564e-01
1.639000000000000012e+00,8.116036505867014750e-01
1.639999999999999902e+00,8.235549760973489564e-01
1.641000000000000014e+00,7.957409821816601170e-01
1.641999999999999904e+00,7.894393741851368773e-01
1.643000000000000016e+00,8.124728378965666575e-01
1.643999999999999906e+00,8.166014776184267188e-01
1.645000000000000018e+00,8.137766188613646534e-01
1.645999999999999908e+00,8.098652759669708878e-01
1.647000000000000020e+00,8.118209474141677706e-01
1.647999999999999909e+00,8.189917427205563039e-01
1.649000000000000021e+00,8.079096045197740050e-01
1.649999999999999911e+00,8.122555410691003619e-01
1.651000000000000023e+00,8.163841807909604231e-01
1.651999999999999913e+00,8.163841807909604231e-01
1.653000000000000025e+00,8.309430682312037852e-01
1.653999999999999915e+00,8.081269013472403007e-01
1.655000000000000027e+00,8.081269013472403007e-01
1.655999999999999917e+00,8.092133854845718899e-01
1.657000000000000028e+00,8.126901347240330642e-01
1.657999999999999918e+00,8.174706649282920123e-01
1.659000000000000030e+00,8.152976966536288339e-01
1.659999999999999920e+00,8.003042155584528805e-01
1.661000000000000032e+00,8.009561060408517674e-01
1.661999999999999922e+00,8.003042155584528805e-01
1.663000000000000034e+00,7.961755758365928193e-01
1.663999999999999924e+00,8.148631029986962426e-01
1.665000000000000036e+00,8.046501521077792374e-01
1.665999999999999925e+00,8.009561060408517674e-01
1.667000000000000037e+00,8.087787918296392986e-01
1.667999999999999927e+00,8.109517601043024770e-01
1.669000000000000039e+00,8.100825727944371835e-01
1.669999999999999929e+00,8.037809647979139438e-01
1.671000000000000041e+00,7.979139504563232954e-01
1.671999999999999931e+00,7.944372012168622321e-01
1.673000000000000043e+00,8.116036505867014750e-01
1.673999999999999932e+00,7.961755758365928193e-01
1.675000000000000044e+00,8.042155584528465351e-01
1.675999999999999934e+00,8.033463711429813525e-01
1.677000000000000046e+00,7.970447631464581129e-01
1.677999999999999936e+00,8.068231203824424158e-01
1.679000000000000048e+00,8.037809647979139438e-01
1.679999999999999938e+00,8.079096045197740050e-01
1.681000000000000050e+00,8.166014776184267188e-01
1.681999999999999940e+00,8.211647109952194823e-01
1.683000000000000052e+00,8.207301173402867800e-01
1.683999999999999941e+00,8.085614950021730030e-01
1.685000000000000053e+00,8.150803998261625383e-01
1.685999999999999943e+00,8.276836158192090176e-01
1.687000000000000055e+00,8.202955236853541887e-01
1.687999999999999945e+00,8.126901347240330642e-01
1.689000000000000057e+00,8.283355063016080155e-01
1.689999999999999947e+00,8.072577140373750071e-01
1.691000000000000059e+00,8.148631029986962426e-01
1.691999999999999948e+00,8.179052585832247146e-01
1.693000000000000060e+00,8.057366362451108266e-01
1.693999999999999950e+00,8.224684919600173671e-01
1.695000000000000062e+00,8.046501521077792374e-01
1.695999999999999952e+00,8.037809647979139438e-01
1.697000000000000064e+00,8.179052585832247146e-01
1.697999999999999954e+00,8.246414602346805456e-01
1.699000000000000066e+00,8.350717079530638465e-01
1.699999999999999956e+00,8.433289873967839689e-01
1.701000000000000068e+00,8.139939156888309491e-01
1.701999999999999957e+00,8.344198174706649596e-01
1.703000000000000069e+00,8.272490221642764263e-01
1.703999999999999959e+00,8.226857887874836628e-01
1.705000000000000071e+00,8.307257714037374896e-01
1.705999999999999961e+00,8.239895697522816587e-01
1.707000000000000073e+00,8.139939156888309491e-01
1.707999999999999963e+00,8.320295523685353745e-01
1.709000000000000075e+00,8.315949587136027832e-01
1.709999999999999964e+00,8.274663189917427220e-01
1.711000000000000076e+00,8.437635810517166712e-01
1.711999999999999966e+00,8.376792698826597272e-01
1.713000000000000078e+00,8.272490221642764263e-01
1.713999999999999968e+00,8.246414602346805456e-01
1.715000000000000080e+00,8.239895697522816587e-01
1.715999999999999970e+00,8.189917427205563039e-01
1.717000000000000082e+00,8.146458061712299470e-01
1.717999999999999972e+00,8.309430682312037852e-01
1.719000000000000083e+00,8.298565840938721960e-01
1.719999999999999973e+00,8.294219904389396048e-01
1.721000000000000085e+00,8.272490221642764263e-01
1.721999999999999975e+00,8.252933507170795435e-01
1.723000000000000087e+00,8.244241634072142499e-01
1.723999999999999977e+00,8.328987396784006680e-01
1.725000000000000089e+00,8.235549760973489564e-01
1.725999999999999979e+00,8.352890047805302531e-01
1.727000000000000091e+00,8.372446762277270249e-01
1.727999999999999980e+00,8.155149934810951295e-01
1.729000000000000092e+00,8.298565840938721960e-01
1.729999999999999982e+00,8.309430682312037852e-01
1.731000000000000094e+00,8.365927857453281380e-01
1.731999999999999984e+00,8.246414602346805456e-01
1.733000000000000096e+00,8.276836158192090176e-01
1.733999999999999986e+00,8.242068665797479543e-01
1.735000000000000098e+00,8.250760538896132479e-01
1.735999999999999988e+00,8.268144285093437240e-01
1.737000000000000099e+00,8.170360712733594211e-01
1.737999999999999989e+00,8.166014776184267188e-01
1.739000000000000101e+00,8.370273794002607293e-01
1.739999999999999991e+00,8.370273794002607293e-01
1.741000000000000103e+00,8.378965667101260228e-01
1.741999999999999993e+00,8.248587570621468412e-01
1.743000000000000105e+00,8.255106475445458392e-01
1.743999999999999995e+00,8.352890047805302531e-01
1.745000000000000107e+00,8.268144285093437240e-01
1.745999999999999996e+00,8.422425032594523797e-01
1.747000000000000108e+00,8.289873967840069025e-01
1.747999999999999998e+00,8.218166014776184802e-01
1.749000000000000110e+00,8.392003476749239077e-01
1.750000000000000000e+00,8.248587570621468412e-01
1.750999999999999890e+00,8.298565840938721960e-01
1.752000000000000002e+00,8.296392872664059004e-01
1.752999999999999892e+00,8.279009126466753132e-01
1.754000000000000004e+00,8.328987396784006680e-01
1.754999999999999893e+00,8.363754889178618424e-01
1.756000000000000005e+00,8.387657540199913164e-01
1.756999999999999895e+00,8.422425032594523797e-01
1.758000000000000007e+00,8.342025206431986639e-01
1.758999999999999897e+00,8.448500651890482605e-01
1.760000000000000009e+00,8.365927857453281380e-01
1.760999999999999899e+00,8.324641460234680768e-01
1.762000000000000011e+00,8.350717079530638465e-01
1.762999999999999901e+00,8.322468491960017811e-01
1.764000000000000012e+00,8.420252064319860841e-01
1.764999999999999902e+00,8.426770969143850820e-01
1.766000000000000014e+00,8.383311603650587251e-01
1.766999999999999904e+00,8.435462842242503756e-01
1.768000000000000016e+00,8.322468491960017811e-01
1.768999999999999906e+00,8.315949587136027832e-01
1.770000000000000018e+00,8.420252064319860841e-01
1.770999999999999908e+00,8.213820078226857779e-01
1.772000000000000020e+00,8.229030856149500694e-01
1.772999999999999909e+00,8.292046936114733091e-01
1.774000000000000021e+00,8.396349413298566100e-01
1.774999999999999911e+00,8.387657540199913164e-01
1.776000000000000023e+00,8.363754889178618424e-01
1.776999999999999913e+00,8.378965667101260228e-01
1.778000000000000025e+00,8.315949587136027832e-01
1.778999999999999915e+00,8.261625380269448371e-01
1.780000000000000027e+00,8.320295523685353745e-01
1.780999999999999917e+00,8.376792698826597272e-01
1.782000000000000028e+00,8.309430682312037852e-01
1.782999999999999918e+00,8.355063016079965488e-01
1.784000000000000030e+00,8.381138635375923185e-01
1.784999999999999920e+00,8.313776618861364875e-01
1.786000000000000032e+00,8.248587570621468412e-01
1.786999999999999922e+00,8.259452411994785415e-01
1.788000000000000034e+00,8.337679269882659616e-01
1.788999999999999924e+00,8.250760538896132479e-01
1.790000000000000036e+00,8.396349413298566100e-01
1.790999999999999925e+00,8.465884398087787366e-01
1.792000000000000037e+00,8.450673620165145561e-01
1.792999999999999927e+00,8.531073446327683829e-01
1.794000000000000039e+00,8.259452411994785415e-01
1.794999999999999929e+00,8.378965667101260228e-01
1.796000000000000041e+00,8.283355063016080155e-01
1.796999999999999931e+00,8.407214254671881992e-01
1.798000000000000043e+00,8.461538461538461453e-01
1.798999999999999932e+00,8.402868318122554969e-01
1.800000000000000044e+00,8.270317253368101307e-01
1.800999999999999934e+00,8.378965667101260228e-01
1.802000000000000046e+00,8.409387222946544949e-01
1.802999999999999936e+00,8.361581920903954357e-01
1.804000000000000048e+00,8.400695349847892013e-01
1.804999999999999938e+00,8.383311603650587251e-01
1.806000000000000050e+00,8.300738809213386027e-01
1.806999999999999940e+00,8.452846588439808517e-01
1.808000000000000052e+00,8.305084745762711940e-01
1.808999999999999941e+00,8.285528031290743112e-01
1.810000000000000053e+00,8.355063016079965488e-01
1.810999999999999943e+00,8.270317253368101307e-01
1.812000000000000055e+00,8.294219904389396048e-01
1.812999999999999945e+00,8.300738809213386027e-01
1.814000000000000057e+00,8.279009126466753132e-01
1.814999999999999947e+00,8.309430682312037852e-01
1.816000000000000059e+00,8.209474141677531867e-01
1.816999999999999948e+00,8.355063016079965488e-01
1.818000000000000060e+00,8.281182094741417199e-01
1.818999999999999950e+00,8.276836158192090176e-01
1.820000000000000062e+00,8.298565840938721960e-01
1.820999999999999952e+00,8.296392872664059004e-01
1.822000000000000064e+00,8.250760538896132479e-01
1.822999999999999954e+00,8.187744458930900082e-01
1.824000000000000066e+00,8.209474141677531867e-01
1.824999999999999956e+00,8.276836158192090176e-01
1.826000000000000068e+00,8.070404172099087114e-01
1.826999999999999957e+00,8.350717079530638465e-01
1.828000000000000069e+00,8.268144285093437240e-01
1.828999999999999959e+00,8.272490221642764263e-01
1.830000000000000071e+00,8.159495871360278318e-01
1.830999999999999961e+00,8.126901347240330642e-01
1.832000000000000073e+00,8.137766188613646534e-01
1.832999999999999963e+00,8.079096045197740050e-01
1.834000000000000075e+00,8.142112125162972447e-01
1.834999999999999964e+00,8.226857887874836628e-01
1.836000000000000076e+00,8.048674489352455330e-01
1.836999999999999966e+00,8.124728378965666575e-01
1.838000000000000078e+00,8.283355063016080155e-01
1.838999999999999968e+00,8.200782268578878931e-01
1.840000000000000080e+00,8.283355063016080155e-01
1.840999999999999970e+00,8.394176445023903144e-01
1.842000000000000082e+00,8.109517601043024770e-01
1.842999999999999972e+00,8.279009126466753132e-01
1.844000000000000083e+00,8.220338983050847759e-01
1.844999999999999973e+00,8.042155584528465351e-01
1.846000000000000085e+00,8.139939156888309491e-01
1.846999999999999975e+00,8.370273794002607293e-01
1.848000000000000087e+00,8.365927857453281380e-01
1.848999999999999977e+00,8.368100825727944336e-01
1.850000000000000089e+00,8.265971316818774284e-01
1.850999999999999979e+00,8.398522381573229056e-01
1.852000000000000091e+00,8.400695349847892013e-01
1.852999999999999980e+00,8.194263363754888951e-01
1.854000000000000092e+00,8.265971316818774284e-01
1.854999999999999982e+00,8.400695349847892013e-01
1.856000000000000094e+00,8.402868318122554969e-01
1.856999999999999984e+00,8.313776618861364875e-01
1.858000000000000096e+00,8.407214254671881992e-01
1.858999999999999986e+00,8.420252064319860841e-01
1.860000000000000098e+00,8.478922207735767325e-01
1.860999999999999988e+00,8.357235984354628444e-01
1.862000000000000099e+00,8.298565840938721960e-01
1.862999999999999989e+00,8.172533681008257167e-01
1.864000000000000101e+00,8.409387222946544949e-01
1.864999999999999991e+00,8.220338983050847759e-01
1.866000000000000103e+00,8.252933507170795435e-01
1.866999999999999993e+00,8.148631029986962426e-01
1.868000000000000105e+00,8.250760538896132479e-01
1.868999999999999995e+00,8.363754889178618424e-01
1.870000000000000107e+00,8.296392872664059004e-01
1.870999999999999996e+00,8.289873967840069025e-01
1.872000000000000108e+00,8.233376792698826607e-01
1.872999999999999998e+00,8.298565840938721960e-01
1.874000000000000110e+00,8.250760538896132479e-01
1.875000000000000000e+00,8.220338983050847759e-01
1.875999999999999890e+00,8.250760538896132479e-01
1.877000000000000002e+00,8.179052585832247146e-01
1.877999999999999892e+00,8.265971316818774284e-01
1.879000000000000004e+00,8.259452411994785415e-01
1.879999999999999893e+00,8.418079096045197884e-01
1.881000000000000005e+00,8.226857887874836628e-01
1.881999999999999895e+00,8.287700999565406068e-01
1.883000000000000007e+00,8.172533681008257167e-01
1.883999999999999897e+00,8.194263363754888951e-01
1.885000000000000009e+00,8.176879617557584190e-01
1.885999999999999899e+00,8.179052585832247146e-01
1.887000000000000011e+00,8.265971316818774284e-01
1.887999999999999901e+00,8.355063016079965488e-01
1.889000000000000012e+00,8.274663189917427220e-01
1.889999999999999902e+00,8.276836158192090176e-01
1.891000000000000014e+00,8.344198174706649596e-01
1.891999999999999904e+00,8.211647109952194823e-01
1.893000000000000016e+00,8.346371142981312552e-01
1.893999999999999906e+00,8.292046936114733091e-01
1.895000000000000018e+00,8.231203824424163651e-01
1.895999999999999908e+00,8.361581920903954357e-01
1.897000000000000020e+00,8.279009126466753132e-01
1.897999999999999909e+00,8.311603650586701919e-01
1.899000000000000021e+00,8.322468491960017811e-01
1.899999999999999911e+00,8.352890047805302531e-01
1.901000000000000023e+00,8.344198174706649596e-01
1.901999999999999913e+00,8.413733159495870861e-01
1.903000000000000025e+00,8.407214254671881992e-01
1.903999999999999915e+00,8.235549760973489564e-01
1.905000000000000027e+00,8.383311603650587251e-01
1.905999999999999917e+00,8.305084745762711940e-01
1.907000000000000028e+00,8.289873967840069025e-01
1.907999999999999918e+00,8.381138635375923185e-01
1.909000000000000030e+00,8.335506301607996660e-01
1.909999999999999920e+00,8.302911777488048983e-01
1.911000000000000032e+00,8.176879617557584190e-01
1.911999999999999922e+00,8.339852238157322573e-01
1.913000000000000034e+00,8.372446762277270249e-01
1.913999999999999924e+00,8.268144285093437240e-01
1.915000000000000036e+00,8.461538461538461453e-01
1.915999999999999925e+00,8.081269013472403007e-01
1.917000000000000037e+00,8.287700999565406068e-01
1.917999999999999927e+00,8.422425032594523797e-01
1.919000000000000039e+00,8.413733159495870861e-01
1.919999999999999929e+00,8.398522381573229056e-01
1.921000000000000041e+00,8.437635810517166712e-01
1.921999999999999931e+00,8.435462842242503756e-01
1.923000000000000043e+00,8.335506301607996660e-01
1.923999999999999932e+00,8.444154715341155581e-01
1.925000000000000044e+00,8.400695349847892013e-01
1.925999999999999934e+00,8.229030856149500694e-01
1.927000000000000046e+00,8.385484571925250208e-01
1.927999999999999936e+00,8.400695349847892013e-01
1.929000000000000048e+00,8.335506301607996660e-01
1.929999999999999938e+00,8.270317253368101307e-01
1.931000000000000050e+00,8.370273794002607293e-01
1.931999999999999940e+00,8.285528031290743112e-01
1.933000000000000052e+00,8.335506301607996660e-01
1.933999999999999941e+00,8.359408952629291401e-01
1.935000000000000053e+00,8.328987396784006680e-01
1.935999999999999943e+00,8.363754889178618424e-01
1.937000000000000055e+00,8.374619730551934316e-01
1.937999999999999945e+00,8.315949587136027832e-01
1.939000000000000057e+00,8.309430682312037852e-01
1.939999999999999947e+00,8.381138635375923185e-01
1.941000000000000059e+00,8.405041286397219036e-01
1.941999999999999948e+00,8.222511951325510715e-01
1.943000000000000060e+00,8.305084745762711940e-01
1.943999999999999950e+00,8.242068665797479543e-01
1.945000000000000062e+00,8.157322903085615362e-01
1.945999999999999952e+00,8.255106475445458392e-01
1.947000000000000064e+00,8.270317253368101307e-01
1.947999999999999954e+00,8.226857887874836628e-01
1.949000000000000066e+00,8.231203824424163651e-01
1.949999999999999956e+00,8.265971316818774284e-01
1.951000000000000068e+00,8.309430682312037852e-01
1.951999999999999957e+00,8.355063016079965488e-01
1.953000000000000069e+00,8.255106475445458392e-01
1.953999999999999959e+00,8.324641460234680768e-01
1.955000000000000071e+00,8.242068665797479543e-01
1.955999999999999961e+00,8.272490221642764263e-01
1.957000000000000073e+00,8.296392872664059004e-01
1.957999999999999963e+00,8.272490221642764263e-01
1.959000000000000075e+00,8.244241634072142499e-01
1.959999999999999964e+00,8.302911777488048983e-01
1.961000000000000076e+00,8.166014776184267188e-01
1.961999999999999966e+00,8.281182094741417199e-01
1.963000000000000078e+00,8.255106475445458392e-01
1.963999999999999968e+00,8.174706649282920123e-01
1.965000000000000080e+00,8.315949587136027832e-01
1.965999999999999970e+00,8.342025206431986639e-01
1.967000000000000082e+00,8.211647109952194823e-01
1.967999999999999972e+00,8.185571490656236016e-01
1.969000000000000083e+00,8.309430682312037852e-01
1.969999999999999973e+00,8.094306823120382965e-01
1.971000000000000085e+00,8.192090395480225995e-01
1.971999999999999975e+00,8.183398522381573059e-01
1.973000000000000087e+00,8.094306823120382965e-01
1.973999999999999977e+00,8.076923076923077094e-01
1.975000000000000089e+00,8.157322903085615362e-01
1.975999999999999979e+00,8.135593220338983578e-01
1.977000000000000091e+00,8.144285093437635403e-01
1.977999999999999980e+00,8.135593220338983578e-01
1.979000000000000092e+00,8.016079965232507654e-01
1.979999999999999982e+00,8.063885267275098245e-01
1.981000000000000094e+00,8.094306823120382965e-01
1.981999999999999984e+00,8.233376792698826607e-01
1.983000000000000096e+00,8.222511951325510715e-01
1.983999999999999986e+00,8.261625380269448371e-01
1.985000000000000098e+00,8.105171664493698858e-01
1.985999999999999988e+00,8.126901347240330642e-01
1.987000000000000099e+00,8.255106475445458392e-01
1.987999999999999989e+00,8.305084745762711940e-01
1.989000000000000101e+00,8.168187744458931254e-01
1.989999999999999991e+00,8.328987396784006680e-01
1.991000000000000103e+00,8.263798348544111327e-01
1.991999999999999993e+00,8.166014776184267188e-01
1.993000000000000105e+00,8.207301173402867800e-01
1.993999999999999995e+00,8.185571490656236016e-01
1.995000000000000107e+00,8.111690569317687727e-01
1.995999999999999996e+00,8.157322903085615362e-01
1.997000000000000108e+00,8.189917427205563039e-01
1.997999999999999998e+00,8.344198174706649596e-01
1.999000000000000110e+00,8.176879617557584190e-01
2.000000000000000000e+00,8.070404172099087114e-01
2.000999999999999890e+00,8.263798348544111327e-01
2.001999999999999780e+00,8.231203824424163651e-01
2.003000000000000114e+00,8.311603650586701919e-01
2.004000000000000004e+00,8.311603650586701919e-01
2.004999999999999893e+00,8.076923076923077094e-01
2.005999999999999783e+00,8.272490221642764263e-01
2.007000000000000117e+00,8.152976966536288339e-01
2.008000000000000007e+00,8.270317253368101307e-01
2.008999999999999897e+00,8.146458061712299470e-01
2.009999999999999787e+00,8.196436332029551908e-01
2.011000000000000121e+00,8.066058235549761202e-01
2.012000000000000011e+00,8.129074315514993598e-01
2.012999999999999901e+00,8.229030856149500694e-01
2.013999999999999790e+00,8.116036505867014750e-01
2.015000000000000124e+00,8.089960886571055942e-01
2.016000000000000014e+00,8.200782268578878931e-01
2.016999999999999904e+00,8.155149934810951295e-01
2.017999999999999794e+00,8.098652759669708878e-01
2.019000000000000128e+00,8.265971316818774284e-01
2.020000000000000018e+00,8.029117774880486502e-01
2.020999999999999908e+00,8.229030856149500694e-01
2.021999999999999797e+00,8.094306823120382965e-01
2.023000000000000131e+00,8.346371142981312552e-01
2.024000000000000021e+00,8.094306823120382965e-01
2.024999999999999911e+00,8.148631029986962426e-01
2.025999999999999801e+00,8.176879617557584190e-01
2.027000000000000135e+00,8.235549760973489564e-01
2.028000000000000025e+00,8.237722729248152520e-01
2.028999999999999915e+00,8.331160365058669637e-01
2.029999999999999805e+00,8.307257714037374896e-01
2.031000000000000139e+00,8.257279443720121348e-01
2.032000000000000028e+00,8.200782268578878931e-01
2.032999999999999918e+00,8.348544111255975508e-01
2.033999999999999808e+00,8.179052585832247146e-01
2.035000000000000142e+00,8.376792698826597272e-01
2.036000000000000032e+00,8.257279443720121348e-01
2.036999999999999922e+00,8.446327683615819648e-01
2.037999999999999812e+00,8.455019556714471474e-01
2.039000000000000146e+00,8.361581920903954357e-01
2.040000000000000036e+00,8.313776618861364875e-01
2.040999999999999925e+00,8.302911777488048983e-01
2.041999999999999815e+00,8.242068665797479543e-01
2.043000000000000149e+00,8.309430682312037852e-01
2.044000000000000039e+00,8.335506301607996660e-01
2.044999999999999929e+00,8.220338983050847759e-01
2.045999999999999819e+00,8.220338983050847759e-01
2.047000000000000153e+00,8.287700999565406068e-01
2.048000000000000043e+00,8.205128205128204844e-01
2.048999999999999932e+00,8.187744458930900082e-01
2.049999999999999822e+00,8.172533681008257167e-01
2.051000000000000156e+00,8.218166014776184802e-01
2.052000000000000046e+00,8.283355063016080155e-01
2.052999999999999936e+00,8.135593220338983578e-01
2.053999999999999826e+00,8.168187744458931254e-01
2.055000000000000160e+00,8.094306823120382965e-01
2.056000000000000050e+00,8.120382442416340663e-01
2.056999999999999940e+00,7.955236853541938213e-01
2.057999999999999829e+00,8.033463711429813525e-01
2.059000000000000163e+00,8.053020425901782353e-01
2.060000000000000053e+00,8.135593220338983578e-01
2.060999999999999943e+00,8.263798348544111327e-01
2.061999999999999833e+00,8.139939156888309491e-01
2.063000000000000167e+00,8.218166014776184802e-01
2.064000000000000057e+00,8.248587570621468412e-01
2.064999999999999947e+00,8.313776618861364875e-01
2.065999999999999837e+00,8.283355063016080155e-01
2.067000000000000171e+00,8.270317253368101307e-01
2.068000000000000060e+00,8.298565840938721960e-01
2.068999999999999950e+00,8.320295523685353745e-01
2.069999999999999840e+00,8.107344632768361814e-01
2.071000000000000174e+00,8.092133854845718899e-01
2.072000000000000064e+00,8.226857887874836628e-01
2.072999999999999954e+00,8.255106475445458392e-01
2.073999999999999844e+00,8.318122555410690788e-01
2.075000000000000178e+00,8.196436332029551908e-01
2.076000000000000068e+00,8.315949587136027832e-01
2.076999999999999957e+00,8.200782268578878931e-01
2.077999999999999847e+00,8.163841807909604231e-01
2.079000000000000181e+00,8.311603650586701919e-01
2.080000000000000071e+00,8.224684919600173671e-01
2.080999999999999961e+00,8.144285093437635403e-01
2.081999999999999851e+00,8.061712299000434179e-01
2.083000000000000185e+00,8.146458061712299470e-01
2.084000000000000075e+00,8.242068665797479543e-01
2.084999999999999964e+00,8.211647109952194823e-01
2.085999999999999854e+00,8.437635810517166712e-01
2.087000000000000188e+00,8.363754889178618424e-01
2.088000000000000078e+00,8.255106475445458392e-01
2.088999999999999968e+00,8.324641460234680768e-01
2.089999999999999858e+00,8.294219904389396048e-01
2.091000000000000192e+00,8.281182094741417199e-01
2.092000000000000082e+00,8.229030856149500694e-01
2.092999999999999972e+00,8.331160365058669637e-01
2.093999999999999861e+00,8.381138635375923185e-01
2.095000000000000195e+00,8.250760538896132479e-01
2.096000000000000085e+00,8.183398522381573059e-01
2.096999999999999975e+00,8.363754889178618424e-01
2.097999999999999865e+00,8.257279443720121348e-01
2.099000000000000199e+00,8.361581920903954357e-01
2.100000000000000089e+00,8.100825727944371835e-01
2.100999999999999979e+00,8.118209474141677706e-01
2.101999999999999869e+00,8.292046936114733091e-01
2.103000000000000203e+00,8.409387222946544949e-01
2.104000000000000092e+00,8.226857887874836628e-01
2.104999999999999982e+00,8.383311603650587251e-01
2.105999999999999872e+00,8.322468491960017811e-01
2.107000000000000206e+00,8.457192524989135540e-01
2.108000000000000096e+00,8.376792698826597272e-01
2.108999999999999986e+00,8.337679269882659616e-01
2.109999999999999876e+00,8.311603650586701919e-01
2.111000000000000210e+00,8.398522381573229056e-01
2.112000000000000099e+00,8.368100825727944336e-01
2.112999999999999989e+00,8.350717079530638465e-01
2.113999999999999879e+00,8.398522381573229056e-01
2.115000000000000213e+00,8.457192524989135540e-01
2.116000000000000103e+00,8.342025206431986639e-01
2.116999999999999993e+00,8.424598000869187864e-01
2.117999999999999883e+00,8.463711429813124409e-01
2.119000000000000217e+00,8.368100825727944336e-01
2.120000000000000107e+00,8.285528031290743112e-01
2.120999999999999996e+00,8.370273794002607293e-01
2.121999999999999886e+00,8.491960017383746173e-01
2.123000000000000220e+00,8.372446762277270249e-01
2.124000000000000110e+00,8.457192524989135540e-01
2.125000000000000000e+00,8.513689700130377958e-01
2.125999999999999890e+00,8.352890047805302531e-01
2.126999999999999780e+00,8.476749239461104368e-01
2.128000000000000114e+00,8.494132985658409130e-01
2.129000000000000004e+00,8.446327683615819648e-01
2.129999999999999893e+00,8.481095176010430281e-01
2.130999999999999783e+00,8.411560191221207905e-01
2.132000000000000117e+00,8.422425032594523797e-01
2.133000000000000007e+00,8.420252064319860841e-01
2.133999999999999897e+00,8.448500651890482605e-01
2.134999999999999787e+00,8.363754889178618424e-01
2.136000000000000121e+00,8.387657540199913164e-01
2.137000000000000011e+00,8.487614080834420260e-01
2.137999999999999901e+00,8.478922207735767325e-01
2.138999999999999790e+00,8.461538461538461453e-01
2.140000000000000124e+00,8.487614080834420260e-01
2.141000000000000014e+00,8.446327683615819648e-01
2.141999999999999904e+00,8.402868318122554969e-01
2.142999999999999794e+00,8.409387222946544949e-01
2.144000000000000128e+00,8.365927857453281380e-01
2.145000000000000018e+00,8.324641460234680768e-01
2.145999999999999908e+00,8.213820078226857779e-01
2.146999999999999797e+00,8.300738809213386027e-01
2.148000000000000131e+00,8.370273794002607293e-01
2.149000000000000021e+00,8.441981747066492625e-01
2.149999999999999911e+00,8.381138635375923185e-01
2.150999999999999801e+00,8.402868318122554969e-01
2.152000000000000135e+00,8.331160365058669637e-01
2.153000000000000025e+00,8.389830508474576121e-01
2.153999999999999915e+00,8.437635810517166712e-01
2.154999999999999805e+00,8.474576271186440302e-01
2.156000000000000139e+00,8.344198174706649596e-01
2.157000000000000028e+00,8.446327683615819648e-01
2.157999999999999918e+00,8.305084745762711940e-01
2.158999999999999808e+00,8.448500651890482605e-01
2.160000000000000142e+00,8.450673620165145561e-01
2.161000000000000032e+00,8.392003476749239077e-01
2.161999999999999922e+00,8.476749239461104368e-01
2.162999999999999812e+00,8.376792698826597272e-01
2.164000000000000146e+00,8.244241634072142499e-01
2.165000000000000036e+00,8.342025206431986639e-01
2.165999999999999925e+00,8.248587570621468412e-01
2.166999999999999815e+00,8.389830508474576121e-01
2.168000000000000149e+00,8.270317253368101307e-01
2.169000000000000039e+00,8.302911777488048983e-01
2.169999999999999929e+00,8.215993046501520736e-01
2.170999999999999819e+00,8.439808778791829669e-01
2.172000000000000153e+00,8.352890047805302531e-01
2.173000000000000043e+00,8.305084745762711940e-01
2.173999999999999932e+00,8.307257714037374896e-01
2.174999999999999822e+00,8.207301173402867800e-01
2.176000000000000156e+00,8.433289873967839689e-01
2.177000000000000046e+00,8.198609300304215974e-01
2.177999999999999936e+00,8.289873967840069025e-01
2.178999999999999826e+00,8.370273794002607293e-01
2.180000000000000160e+00,8.411560191221207905e-01
2.181000000000000050e+00,8.213820078226857779e-01
2.181999999999999940e+00,8.189917427205563039e-01
2.182999999999999829e+00,8.133420252064319511e-01
2.184000000000000163e+00,8.179052585832247146e-01
2.185000000000000053e+00,8.222511951325510715e-01
2.185999999999999943e+00,8.166014776184267188e-01
2.186999999999999833e+00,8.068231203824424158e-01
2.188000000000000167e+00,8.079096045197740050e-01
2.189000000000000057e+00,7.940026075619296408e-01
2.189999999999999947e+00,8.111690569317687727e-01
2.190999999999999837e+00,8.063885267275098245e-01
2.192000000000000171e+00,8.207301173402867800e-01
2.193000000000000060e+00,7.979139504563232954e-01
2.193999999999999950e+00,7.959582790091264126e-01
2.194999999999999840e+00,7.787918296392872808e-01
2.196000000000000174e+00,7.863972186006084053e-01
2.197000000000000064e+00,7.883528900478052881e-01
2.197999999999999954e+00,7.935680139069969385e-01
2.198999999999999844e+00,7.846588439808779292e-01
2.200000000000000178e+00,7.855280312907431117e-01
2.201000000000000068e+00,7.916123424598000557e-01
2.201999999999999957e+00,7.996523250760538826e-01
2.202999999999999847e+00,7.861799217731421097e-01
2.204000000000000181e+00,7.774880486744893959e-01
2.205000000000000071e+00,7.900912646675358753e-01
2.205999999999999961e+00,7.809647979139504592e-01
2.206999999999999851e+00,7.924815297696653493e-01
2.208000000000000185e+00,7.727075184702303368e-01
2.209000000000000075e+00,7.687961755758365712e-01
2.209999999999999964e+00,7.572794437201216811e-01
2.210999999999999854e+00,7.707518470230334540e-01
2.212000000000000188e+00,7.737940026075619260e-01
2.213000000000000078e+00,7.603215993046501531e-01
2.213999999999999968e+00,7.696653628857018647e-01
2.214999999999999858e+00,7.798783137766188700e-01
2.216000000000000192e+00,7.907431551499347622e-01
2.217000000000000082e+00,7.781399391568882828e-01
2.217999999999999972e+00,7.664059104737070971e-01
2.218999999999999861e+00,7.581486310299869746e-01
2.220000000000000195e+00,7.768361581920903980e-01
2.221000000000000085e+00,7.905258583224684665e-01
2.221999999999999975e+00,7.805302042590178679e-01
2.222999999999999865e+00,7.729248152976966324e-01
2.224000000000000199e+00,7.594524119947848595e-01
2.225000000000000089e+00,7.670578009561060950e-01
2.225999999999999979e+00,7.753150803998262175e-01
2.226999999999999869e+00,7.722729248152977455e-01
2.228000000000000203e+00,7.603215993046501531e-01
2.229000000000000092e+00,7.657540199913080992e-01
2.229999999999999982e+00,7.729248152976966324e-01
2.230999999999999872e+00,7.842242503259452269e-01
2.232000000000000206e+00,7.668405041286396884e-01
2.233000000000000096e+00,7.622772707518470359e-01
2.233999999999999986e+00,7.690134724033028668e-01
2.234999999999999876e+00,7.724902216427640411e-01
2.236000000000000210e+00,7.731421121251629280e-01
2.237000000000000099e+00,7.507605388961321458e-01
2.237999999999999989e+00,7.674923946110386863e-01
2.238999999999999879e+00,7.740112994350282216e-01
2.240000000000000213e+00,7.709691438504997496e-01
2.241000000000000103e+00,7.863972186006084053e-01
2.241999999999999993e+00,7.753150803998262175e-01
2.242999999999999883e+00,7.803129074315514613e-01
2.244000000000000217e+00,7.531508039982616198e-01
2.245000000000000107e+00,7.622772707518470359e-01
2.245999999999999996e+00,7.585832246849195659e-01
2.246999999999999886e+00,7.687961755758365712e-01
2.248000000000000220e+00,7.777053455019556916e-01
2.249000000000000110e+00,7.635810517166449207e-01
2.250000000000000000e+00,7.755323772272925131e-01
2.250999999999999890e+00,7.850934376358105204e-01
2.251999999999999780e+00,7.809647979139504592e-01
2.253000000000000114e+00,7.661886136462408015e-01
2.254000000000000004e+00,7.863972186006084053e-01
2.254999999999999893e+00,7.970447631464581129e-01
2.255999999999999783e+00,8.116036505867014750e-01
2.257000000000000117e+00,7.833550630160799333e-01
2.258000000000000007e+00,8.037809647979139438e-01
2.258999999999999897e+00,8.163841807909604231e-01
2.259999999999999787e+00,8.044328552803129417e-01
2.261000000000000121e+00,7.998696219035201782e-01
2.262000000000000011e+00,7.926988265971316450e-01
2.262999999999999901e+00,7.918296392872663514e-01
2.263999999999999790e+00,7.820512820512820484e-01
2.265000000000000124e+00,7.887874837027379904e-01
2.266000000000000014e+00,7.909604519774011688e-01
2.266999999999999904e+00,7.985658409387222934e-01
2.267999999999999794e+00,7.959582790091264126e-01
2.269000000000000128e+00,7.890047805302042860e-01
2.270000000000000018e+00,7.837896566710126356e-01
2.270999999999999908e+00,7.846588439808779292e-01
2.271999999999999797e+00,7.881355932203389925e-01
2.273000000000000131e+00,7.807475010864841636e-01
2.274000000000000021e+00,7.592351151673185639e-01
2.274999999999999911e+00,7.711864406779661563e-01
2.275999999999999801e+00,7.753150803998262175e-01
2.277000000000000135e+00,7.648848326814428056e-01
2.278000000000000025e+00,7.718383311603650432e-01
2.278999999999999915e+00,7.822685788787483441e-01
2.279999999999999805e+00,7.581486310299869746e-01
2.281000000000000139e+00,7.750977835723598108e-01
2.282000000000000028e+00,7.750977835723598108e-01
2.282999999999999918e+00,7.744458930899609239e-01
2.283999999999999808e+00,7.807475010864841636e-01
2.285000000000000142e+00,7.885701868752715837e-01
2.286000000000000032e+00,7.761842677096914001e-01
2.286999999999999922e+00,7.585832246849195659e-01
2.287999999999999812e+00,7.690134724033028668e-01
2.289000000000000146e+00,7.657540199913080992e-01
2.290000000000000036e+00,7.837896566710126356e-01
2.290999999999999925e+00,7.764015645371578067e-01
2.291999999999999815e+00,7.863972186006084053e-01
2.293000000000000149e+00,7.855280312907431117e-01
2.294000000000000039e+00,7.972620599739244085e-01
2.294999999999999929e+00,7.887874837027379904e-01
2.295999999999999819e+00,7.981312472837897021e-01
2.297000000000000153e+00,8.020425901781833566e-01
2.298000000000000043e+00,7.896566710126031730e-01
2.298999999999999932e+00,8.003042155584528805e-01
2.299999999999999822e+00,8.039982616253802394e-01
2.301000000000000156e+00,8.044328552803129417e-01
2.302000000000000046e+00,7.868318122555411076e-01
2.302999999999999936e+00,7.909604519774011688e-01
2.303999999999999826e+00,8.000869187309864738e-01
2.305000000000000160e+00,7.987831377661885890e-01
2.306000000000000050e+00,7.972620599739244085e-01
2.306999999999999940e+00,8.126901347240330642e-01
2.307999999999999829e+00,7.996523250760538826e-01
2.309000000000000163e+00,8.092133854845718899e-01
2.310000000000000053e+00,7.950890916992612301e-01
2.310999999999999943e+00,7.940026075619296408e-01
2.311999999999999833e+00,7.898739678400695796e-01
2.313000000000000167e+00,7.974793568013907041e-01
2.314000000000000057e+00,8.159495871360278318e-01
2.314999999999999947e+00,7.837896566710126356e-01
2.315999999999999837e+00,8.011734028683181741e-01
2.317000000000000171e+00,7.918296392872663514e-01
2.318000000000000060e+00,7.896566710126031730e-01
2.318999999999999950e+00,7.727075184702303368e-01
2.319999999999999840e+00,7.781399391568882828e-01
2.321000000000000174e+00,7.796610169491525744e-01
2.322000000000000064e+00,7.809647979139504592e-01
2.322999999999999954e+00,7.972620599739244085e-01
2.323999999999999844e+00,7.748804867448935152e-01
2.325000000000000178e+00,7.785745328118209851e-01
2.326000000000000068e+00,7.746631899174272196e-01
2.326999999999999957e+00,7.753150803998262175e-01
2.327999999999999847e+00,7.737940026075619260e-01
2.329000000000000181e+00,7.792264232942198721e-01
2.330000000000000071e+00,7.990004345936548846e-01
2.330999999999999961e+00,7.844415471534115225e-01
2.331999999999999851e+00,7.911777488048674645e-01
2.333000000000000185e+00,7.981312472837897021e-01
2.334000000000000075e+00,8.083441981747065963e-01
2.334999999999999964e+00,7.976966536288569998e-01
2.335999999999999854e+00,7.955236853541938213e-01
2.337000000000000188e+00,7.853107344632768161e-01
2.338000000000000078e+00,7.877009995654062902e-01
2.338999999999999968e+00,7.764015645371578067e-01
2.339999999999999858e+00,7.850934376358105204e-01
2.341000000000000192e+00,7.822685788787483441e-01
2.342000000000000082e+00,7.753150803998262175e-01
2.342999999999999972e+00,7.881355932203389925e-01
2.343999999999999861e+00,7.857453281182095184e-01
2.345000000000000195e+00,7.905258583224684665e-01
2.346000000000000085e+00,7.979139504563232954e-01
2.346999999999999975e+00,8.057366362451108266e-01
2.347999999999999865e+00,7.970447631464581129e-01
2.349000000000000199e+00,7.900912646675358753e-01
2.350000000000000089e+00,8.055193394176445310e-01
2.350999999999999979e+00,7.963928726640591149e-01
2.351999999999999869e+00,7.831377661886136377e-01
2.353000000000000203e+00,7.785745328118209851e-01
2.354000000000000092e+00,7.940026075619296408e-01
2.354999999999999982e+00,7.798783137766188700e-01
2.355999999999999872e+00,7.790091264667535764e-01
2.357000000000000206e+00,7.890047805302042860e-01
2.358000000000000096e+00,8.031290743155149459e-01
2.358999999999999986e+00,8.057366362451108266e-01
2.359999999999999876e+00,8.035636679704476482e-01
2.361000000000000210e+00,7.922642329421990537e-01
2.362000000000000099e+00,7.996523250760538826e-01
2.362999999999999989e+00,7.976966536288569998e-01
2.363999999999999879e+00,7.857453281182095184e-01
2.365000000000000213e+00,8.024771838331160589e-01
2.366000000000000103e+00,7.813993915688830505e-01
2.366999999999999993e+00,8.126901347240330642e-01
2.367999999999999883e+00,8.037809647979139438e-01
2.369000000000000217e+00,7.981312472837897021e-01
2.370000000000000107e+00,7.850934376358105204e-01
2.370999999999999996e+00,7.874837027379399945e-01
2.371999999999999886e+00,7.822685788787483441e-01
2.373000000000000220e+00,7.957409821816601170e-01
2.374000000000000110e+00,8.057366362451108266e-01
2.375000000000000000e+00,7.937853107344632342e-01
2.375999999999999890e+00,8.063885267275098245e-01
2.376999999999999780e+00,8.048674489352455330e-01
2.378000000000000114e+00,7.948717948717948234e-01
2.379000000000000004e+00,8.066058235549761202e-01
2.379999999999999893e+00,8.042155584528465351e-01
2.380999999999999783e+00,7.970447631464581129e-01
2.382000000000000117e+00,7.937853107344632342e-01
2.383000000000000007e+00,7.929161234245980516e-01
2.383999999999999897e+00,8.068231203824424158e-01
2.384999999999999787e+00,7.987831377661885890e-01
2.386000000000000121e+00,8.126901347240330642e-01
2.387000000000000011e+00,8.024771838331160589e-01
2.387999999999999901e+00,8.022598870056497633e-01
2.388999999999999790e+00,8.026944806605823546e-01
2.390000000000000124e+00,7.976966536288569998e-01
2.391000000000000014e+00,7.972620599739244085e-01
2.391999999999999904e+00,8.094306823120382965e-01
2.392999999999999794e+00,7.974793568013907041e-01
2.394000000000000128e+00,8.087787918296392986e-01
2.395000000000000018e+00,8.146458061712299470e-01
2.395999999999999908e+00,7.972620599739244085e-01
2.396999999999999797e+00,8.026944806605823546e-01
2.398000000000000131e+00,7.966101694915254106e-01
2.399000000000000021e+00,8.148631029986962426e-01
2.399999999999999911e+00,7.955236853541938213e-01
2.400999999999999801e+00,7.905258583224684665e-01
2.402000000000000135e+00,7.985658409387222934e-01
2.403000000000000025e+00,7.979139504563232954e-01
2.403999999999999915e+00,8.072577140373750071e-01
2.404999999999999805e+00,7.948717948717948234e-01
2.406000000000000139e+00,7.963928726640591149e-01
2.407000000000000028e+00,8.003042155584528805e-01
2.407999999999999918e+00,7.894393741851368773e-01
2.408999999999999808e+00,7.807475010864841636e-01
2.410000000000000142e+00,7.863972186006084053e-01
2.411000000000000032e+00,8.118209474141677706e-01
2.411999999999999922e+00,8.076923076923077094e-01
2.412999999999999812e+00,7.979139504563232954e-01
2.414000000000000146e+00,8.079096045197740050e-01
2.415000000000000036e+00,7.983485441112559977e-01
2.415999999999999925e+00,7.976966536288569998e-01
2.416999999999999815e+00,8.053020425901782353e-01
2.418000000000000149e+00,8.076923076923077094e-01
2.419000000000000039e+00,8.096479791395045922e-01
2.419999999999999929e+00,8.039982616253802394e-01
2.420999999999999819e+00,8.209474141677531867e-01
2.422000000000000153e+00,8.092133854845718899e-01
2.423000000000000043e+00,7.896566710126031730e-01
2.423999999999999932e+00,8.024771838331160589e-01
2.424999999999999822e+00,8.070404172099087114e-01
2.426000000000000156e+00,7.824858757062146397e-01
2.427000000000000046e+00,8.092133854845718899e-01
2.427999999999999936e+00,8.016079965232507654e-01
2.428999999999999826e+00,8.048674489352455330e-01
2.430000000000000160e+00,7.903085614950021709e-01
2.431000000000000050e+00,7.972620599739244085e-01
2.431999999999999940e+00,7.863972186006084053e-01
2.432999999999999829e+00,7.942199043893959365e-01
2.434000000000000163e+00,8.063885267275098245e-01
2.435000000000000053e+00,8.161668839634941275e-01
2.435999999999999943e+00,8.118209474141677706e-01
2.436999999999999833e+00,8.083441981747065963e-01
2.438000000000000167e+00,7.966101694915254106e-01
2.439000000000000057e+00,8.016079965232507654e-01
2.439999999999999947e+00,7.913950456323337601e-01
2.440999999999999837e+00,7.818339852238157528e-01
2.442000000000000171e+00,7.907431551499347622e-01
2.443000000000000060e+00,7.946544980443285278e-01
2.443999999999999950e+00,7.885701868752715837e-01
2.444999999999999840e+00,7.940026075619296408e-01
2.446000000000000174e+00,7.924815297696653493e-01
2.447000000000000064e+00,8.009561060408517674e-01
2.447999999999999954e+00,7.926988265971316450e-01
2.448999999999999844e+00,7.840069534984789312e-01
2.450000000000000178e+00,7.903085614950021709e-01
2.451000000000000068e+00,7.911777488048674645e-01
2.451999999999999957e+00,7.874837027379399945e-01
2.452999999999999847e+00,8.007388092133854718e-01
2.454000000000000181e+00,8.072577140373750071e-01
2.455000000000000071e+00,7.998696219035201782e-01
2.455999999999999961e+00,8.081269013472403007e-01
2.456999999999999851e+00,8.000869187309864738e-01
2.458000000000000185e+00,7.985658409387222934e-01
2.459000000000000075e+00,7.883528900478052881e-01
2.459999999999999964e+00,7.987831377661885890e-01
2.460999999999999854e+00,7.829204693611473420e-01
2.462000000000000188e+00,7.866145154280747009e-01
2.463000000000000078e+00,7.794437201216862787e-01
2.463999999999999968e+00,8.083441981747065963e-01
2.464999999999999858e+00,8.044328552803129417e-01
2.466000000000000192e+00,7.966101694915254106e-01
2.467000000000000082e+00,8.009561060408517674e-01
2.467999999999999972e+00,7.987831377661885890e-01
2.468999999999999861e+00,7.940026075619296408e-01
2.470000000000000195e+00,7.966101694915254106e-01
2.471000000000000085e+00,7.955236853541938213e-01
2.471999999999999975e+00,8.053020425901782353e-01
2.472999999999999865e+00,8.085614950021730030e-01
2.474000000000000199e+00,8.061712299000434179e-01
2.475000000000000089e+00,8.050847457627118287e-01
2.475999999999999979e+00,8.066058235549761202e-01
2.476999999999999869e+00,8.018252933507170610e-01
2.478000000000000203e+00,7.981312472837897021e-01
2.479000000000000092e+00,7.987831377661885890e-01
2.479999999999999982e+00,7.979139504563232954e-01
2.480999999999999872e+00,7.933507170795306429e-01
2.482000000000000206e+00,7.903085614950021709e-01
2.483000000000000096e+00,7.981312472837897021e-01
2.483999999999999986e+00,8.029117774880486502e-01
2.484999999999999876e+00,7.855280312907431117e-01
2.486000000000000210e+00,7.872664059104736989e-01
2.487000000000000099e+00,7.935680139069969385e-01
2.487999999999999989e+00,7.966101694915254106e-01
2.488999999999999879e+00,8.024771838331160589e-01
2.490000000000000213e+00,7.883528900478052881e-01
2.491000000000000103e+00,7.961755758365928193e-01
2.491999999999999993e+00,7.916123424598000557e-01
2.492999999999999883e+00,7.829204693611473420e-01
2.494000000000000217e+00,7.848761408083442248e-01
2.495000000000000107e+00,7.833550630160799333e-01
2.495999999999999996e+00,7.840069534984789312e-01
2.496999999999999886e+00,7.857453281182095184e-01
2.498000000000000220e+00,7.883528900478052881e-01
2.499000000000000110e+00,7.848761408083442248e-01
2.500000000000000000e+00,7.846588439808779292e-01
2.500999999999999890e+00,7.981312472837897021e-01
2.501999999999999780e+00,7.918296392872663514e-01
2.503000000000000114e+00,7.918296392872663514e-01
2.504000000000000004e+00,7.913950456323337601e-01
2.504999999999999893e+00,8.089960886571055942e-01
2.505999999999999783e+00,7.955236853541938213e-01
2.507000000000000117e+00,8.024771838331160589e-01
2.508000000000000007e+00,7.970447631464581129e-01
2.508999999999999897e+00,7.755323772272925131e-01
2.509999999999999787e+00,7.994350282485875869e-01
2.511000000000000121e+00,7.805302042590178679e-01
2.512000000000000011e+00,8.053020425901782353e-01
2.512999999999999901e+00,8.096479791395045922e-01
2.513999999999999790e+00,8.050847457627118287e-01
2.515000000000000124e+00,8.026944806605823546e-01
2.516000000000000014e+00,8.003042155584528805e-01
2.516999999999999904e+00,8.007388092133854718e-01
2.517999999999999794e+00,8.068231203824424158e-01
2.519000000000000128e+00,8.061712299000434179e-01
2.520000000000000018e+00,8.135593220338983578e-01
2.520999999999999908e+00,8.239895697522816587e-01
2.521999999999999797e+00,8.076923076923077094e-01
2.523000000000000131e+00,8.089960886571055942e-01
2.524000000000000021e+00,8.222511951325510715e-01
2.524999999999999911e+00,7.935680139069969385e-01
2.525999999999999801e+00,7.907431551499347622e-01
2.527000000000000135e+00,8.033463711429813525e-01
2.528000000000000025e+00,7.992177314211212913e-01
2.528999999999999915e+00,8.252933507170795435e-01
2.529999999999999805e+00,8.068231203824424158e-01
2.531000000000000139e+00,8.100825727944371835e-01
2.532000000000000028e+00,8.207301173402867800e-01
2.532999999999999918e+00,8.072577140373750071e-01
2.533999999999999808e+00,8.209474141677531867e-01
2.535000000000000142e+00,8.105171664493698858e-01
2.536000000000000032e+00,8.105171664493698858e-01
2.536999999999999922e+00,8.083441981747065963e-01
2.537999999999999812e+00,8.057366362451108266e-01
2.539000000000000146e+00,8.066058235549761202e-01
2.540000000000000036e+00,8.196436332029551908e-01
2.540999999999999925e+00,8.068231203824424158e-01
2.541999999999999815e+00,8.055193394176445310e-01
2.543000000000000149e+00,8.094306823120382965e-01
2.544000000000000039e+00,7.900912646675358753e-01
2.544999999999999929e+00,7.987831377661885890e-01
2.545999999999999819e+00,7.996523250760538826e-01
2.547000000000000153e+00,8.183398522381573059e-01
2.548000000000000043e+00,8.142112125162972447e-01
2.548999999999999932e+00,8.187744458930900082e-01
2.549999999999999822e+00,8.079096045197740050e-01
2.551000000000000156e+00,8.150803998261625383e-01
2.552000000000000046e+00,8.179052585832247146e-01
2.552999999999999936e+00,7.994350282485875869e-01
2.553999999999999826e+00,8.122555410691003619e-01
2.555000000000000160e+00,8.020425901781833566e-01
2.556000000000000050e+00,8.035636679704476482e-01
2.556999999999999940e+00,7.983485441112559977e-01
2.557999999999999829e+00,7.955236853541938213e-01
2.559000000000000163e+00,8.020425901781833566e-01
2.560000000000000053e+00,7.929161234245980516e-01
2.560999999999999943e+00,7.953063885267275257e-01
2.561999999999999833e+00,7.974793568013907041e-01
2.563000000000000167e+00,7.903085614950021709e-01
2.564000000000000057e+00,7.979139504563232954e-01
2.564999999999999947e+00,8.016079965232507654e-01
2.565999999999999837e+00,7.933507170795306429e-01
2.567000000000000171e+00,8.207301173402867800e-01
2.568000000000000060e+00,8.087787918296392986e-01
2.568999999999999950e+00,8.057366362451108266e-01
2.569999999999999840e+00,8.139939156888309491e-01
2.571000000000000174e+00,8.096479791395045922e-01
2.572000000000000064e+00,8.113863537592350683e-01
2.572999999999999954e+00,8.061712299000434179e-01
2.573999999999999844e+00,8.159495871360278318e-01
2.575000000000000178e+00,8.126901347240330642e-01
2.576000000000000068e+00,8.137766188613646534e-01
2.576999999999999957e+00,8.231203824424163651e-01
2.577999999999999847e+00,8.146458061712299470e-01
2.579000000000000181e+00,8.215993046501520736e-01
2.580000000000000071e+00,8.050847457627118287e-01
2.580999999999999961e+00,8.072577140373750071e-01
2.581999999999999851e+00,8.152976966536288339e-01
2.583000000000000185e+00,7.987831377661885890e-01
2.584000000000000075e+00,8.109517601043024770e-01
2.584999999999999964e+00,8.131247283789656555e-01
2.585999999999999854e+00,8.161668839634941275e-01
2.587000000000000188e+00,8.102998696219034791e-01
2.588000000000000078e+00,7.963928726640591149e-01
2.588999999999999968e+00,8.174706649282920123e-01
2.589999999999999858e+00,8.107344632768361814e-01
2.591000000000000192e+00,8.031290743155149459e-01
2.592000000000000082e+00,8.048674489352455330e-01
2.592999999999999972e+00,7.883528900478052881e-01
2.593999999999999861e+00,8.050847457627118287e-01
2.595000000000000195e+00,7.883528900478052881e-01
2.596000000000000085e+00,7.985658409387222934e-01
2.596999999999999975e+00,7.824858757062146397e-01
2.597999999999999865e+00,7.827031725336810464e-01
2.599000000000000199e+00,7.920469361147327580e-01
2.600000000000000089e+00,8.079096045197740050e-01
2.600999999999999979e+00,8.079096045197740050e-01
2.601999999999999869e+00,8.079096045197740050e-01
2.603000000000000203e+00,7.981312472837897021e-01
2.604000000000000092e+00,8.066058235549761202e-01
2.604999999999999982e+00,7.918296392872663514e-01
2.605999999999999872e+00,8.148631029986962426e-01
2.607000000000000206e+00,8.096479791395045922e-01
2.608000000000000096e+00,8.061712299000434179e-01
2.608999999999999986e+00,8.133420252064319511e-01
2.609999999999999876e+00,8.102998696219034791e-01
2.611000000000000210e+00,8.107344632768361814e-01
2.612000000000000099e+00,8.281182094741417199e-01
2.612999999999999989e+00,8.053020425901782353e-01
2.613999999999999879e+00,8.020425901781833566e-01
2.615000000000000213e+00,8.055193394176445310e-01
2.616000000000000103e+00,8.042155584528465351e-01
2.616999999999999993e+00,7.946544980443285278e-01
2.617999999999999883e+00,8.179052585832247146e-01
2.619000000000000217e+00,8.168187744458931254e-01
2.620000000000000107e+00,8.109517601043024770e-01
2.620999999999999996e+00,8.211647109952194823e-01
2.621999999999999886e+00,7.987831377661885890e-01
2.623000000000000220e+00,8.092133854845718899e-01
2.624000000000000110e+00,7.957409821816601170e-01
2.625000000000000000e+00,7.903085614950021709e-01
2.625999999999999890e+00,8.026944806605823546e-01
2.626999999999999780e+00,8.122555410691003619e-01
2.628000000000000114e+00,8.131247283789656555e-01
2.629000000000000004e+00,8.137766188613646534e-01
2.629999999999999893e+00,8.246414602346805456e-01
2.630999999999999783e+00,8.279009126466753132e-01
2.632000000000000117e+00,8.305084745762711940e-01
2.633000000000000007e+00,8.148631029986962426e-01
2.633999999999999897e+00,8.150803998261625383e-01
2.634999999999999787e+00,8.029117774880486502e-01
2.636000000000000121e+00,8.037809647979139438e-01
2.637000000000000011e+00,7.894393741851368773e-01
2.637999999999999901e+00,7.942199043893959365e-01
2.638999999999999790e+00,7.848761408083442248e-01
2.640000000000000124e+00,7.857453281182095184e-01
2.641000000000000014e+00,7.790091264667535764e-01
2.641999999999999904e+00,8.053020425901782353e-01
2.642999999999999794e+00,7.998696219035201782e-01
2.644000000000000128e+00,7.911777488048674645e-01
2.645000000000000018e+00,7.898739678400695796e-01
2.645999999999999908e+00,7.879182963928726968e-01
2.646999999999999797e+00,7.872664059104736989e-01
2.648000000000000131e+00,7.998696219035201782e-01
2.649000000000000021e+00,7.887874837027379904e-01
2.649999999999999911e+00,8.211647109952194823e-01
2.650999999999999801e+00,8.000869187309864738e-01
2.652000000000000135e+00,8.142112125162972447e-01
2.653000000000000025e+00,8.063885267275098245e-01
2.653999999999999915e+00,7.907431551499347622e-01
2.654999999999999805e+00,7.966101694915254106e-01
2.656000000000000139e+00,8.087787918296392986e-01
2.657000000000000028e+00,8.111690569317687727e-01
2.657999999999999918e+00,7.996523250760538826e-01
2.658999999999999808e+00,8.063885267275098245e-01
2.660000000000000142e+00,8.085614950021730030e-01
2.661000000000000032e+00,8.283355063016080155e-01
2.661999999999999922e+00,8.215993046501520736e-01
2.662999999999999812e+00,7.924815297696653493e-01
2.664000000000000146e+00,8.224684919600173671e-01
2.665000000000000036e+00,8.324641460234680768e-01
2.665999999999999925e+00,8.096479791395045922e-01
2.666999999999999815e+00,8.116036505867014750e-01
2.668000000000000149e+00,8.224684919600173671e-01
2.669000000000000039e+00,8.046501521077792374e-01
2.669999999999999929e+00,7.994350282485875869e-01
2.670999999999999819e+00,8.022598870056497633e-01
2.672000000000000153e+00,8.016079965232507654e-01
2.673000000000000043e+00,7.942199043893959365e-01
2.673999999999999932e+00,7.979139504563232954e-01
2.674999999999999822e+00,7.911777488048674645e-01
2.676000000000000156e+00,8.096479791395045922e-01
2.677000000000000046e+00,7.918296392872663514e-01
2.677999999999999936e+00,7.972620599739244085e-01
2.678999999999999826e+00,8.042155584528465351e-01
2.680000000000000160e+00,7.961755758365928193e-01
2.681000000000000050e+00,8.118209474141677706e-01
2.681999999999999940e+00,8.200782268578878931e-01
2.682999999999999829e+00,8.209474141677531867e-01
2.684000000000000163e+00,8.270317253368101307e-01
2.685000000000000053e+00,8.168187744458931254e-01
2.685999999999999943e+00,8.094306823120382965e-01
2.686999999999999833e+00,8.111690569317687727e-01
2.688000000000000167e+00,8.050847457627118287e-01
2.689000000000000057e+00,8.148631029986962426e-01
2.689999999999999947e+00,8.120382442416340663e-01
2.690999999999999837e+00,8.061712299000434179e-01
2.692000000000000171e+00,8.157322903085615362e-01
2.693000000000000060e+00,8.000869187309864738e-01
2.693999999999999950e+00,8.111690569317687727e-01
2.694999999999999840e+00,8.139939156888309491e-01
2.696000000000000174e+00,8.220338983050847759e-01
2.697000000000000064e+00,8.200782268578878931e-01
2.697999999999999954e+00,7.998696219035201782e-01
2.698999999999999844e+00,8.129074315514993598e-01
2.700000000000000178e+00,8.057366362451108266e-01
2.701000000000000068e+00,8.026944806605823546e-01
2.701999999999999957e+00,8.044328552803129417e-01
2.702999999999999847e+00,8.076923076923077094e-01
2.704000000000000181e+00,8.133420252064319511e-01
2.705000000000000071e+00,8.018252933507170610e-01
2.705999999999999961e+00,8.120382442416340663e-01
2.706999999999999851e+00,7.992177314211212913e-01
2.708000000000000185e+00,8.048674489352455330e-01
2.709000000000000075e+00,8.026944806605823546e-01
2.709999999999999964e+00,7.920469361147327580e-01
2.710999999999999854e+00,7.998696219035201782e-01
2.712000000000000188e+00,8.089960886571055942e-01
2.713000000000000078e+00,7.955236853541938213e-01
2.713999999999999968e+00,7.922642329421990537e-01
2.714999999999999858e+00,8.096479791395045922e-01
2.716000000000000192e+00,7.870491090830074032e-01
2.717000000000000082e+00,7.959582790091264126e-01
2.717999999999999972e+00,7.972620599739244085e-01
2.718999999999999861e+00,8.033463711429813525e-01
2.720000000000000195e+00,7.968274663189917062e-01
2.721000000000000085e+00,7.905258583224684665e-01
2.721999999999999975e+00,7.950890916992612301e-01
2.722999999999999865e+00,7.874837027379399945e-01
2.724000000000000199e+00,8.016079965232507654e-01
2.725000000000000089e+00,7.818339852238157528e-01
2.725999999999999979e+00,7.818339852238157528e-01
2.726999999999999869e+00,7.827031725336810464e-01
2.728000000000000203e+00,7.835723598435462289e-01
2.729000000000000092e+00,7.881355932203389925e-01
2.729999999999999982e+00,7.890047805302042860e-01
2.730999999999999872e+00,7.994350282485875869e-01
2.732000000000000206e+00,7.824858757062146397e-01
2.733000000000000096e+00,7.918296392872663514e-01
2.733999999999999986e+00,7.955236853541938213e-01
2.734999999999999876e+00,7.974793568013907041e-01
2.736000000000000210e+00,7.953063885267275257e-01
2.737000000000000099e+00,8.107344632768361814e-01
2.737999999999999989e+00,8.048674489352455330e-01
2.738999999999999879e+00,7.898739678400695796e-01
2.740000000000000213e+00,8.050847457627118287e-01
2.741000000000000103e+00,7.874837027379399945e-01
2.741999999999999993e+00,7.963928726640591149e-01
2.742999999999999883e+00,7.955236853541938213e-01
2.744000000000000217e+00,7.759669708822251044e-01
2.745000000000000107e+00,7.748804867448935152e-01
2.745999999999999996e+00,7.766188613646241024e-01
2.746999999999999886e+00,7.711864406779661563e-01
2.748000000000000220e+00,7.848761408083442248e-01
2.749000000000000110e+00,7.594524119947848595e-01
2.750000000000000000e+00,7.850934376358105204e-01
2.750999999999999890e+00,7.774880486744893959e-01
2.751999999999999780e+00,7.844415471534115225e-01
2.753000000000000114e+00,7.859626249456758140e-01
2.754000000000000004e+00,7.827031725336810464e-01
2.754999999999999893e+00,7.894393741851368773e-01
2.755999999999999783e+00,7.746631899174272196e-01
2.757000000000000117e+00,7.833550630160799333e-01
2.758000000000000007e+00,7.892220773576705817e-01
2.758999999999999897e+00,7.757496740547588088e-01
2.759999999999999787e+00,7.735767057800956303e-01
2.761000000000000121e+00,7.746631899174272196e-01
2.762000000000000011e+00,7.824858757062146397e-01
2.762999999999999901e+00,7.750977835723598108e-01
2.763999999999999790e+00,7.766188613646241024e-01
2.765000000000000124e+00,7.735767057800956303e-01
2.766000000000000014e+00,7.729248152976966324e-01
2.766999999999999904e+00,7.731421121251629280e-01
2.767999999999999794e+00,7.866145154280747009e-01
2.769000000000000128e+00,7.722729248152977455e-01
2.770000000000000018e+00,7.714037375054324519e-01
2.770999999999999908e+00,7.674923946110386863e-01
2.771999999999999797e+00,7.720556279878313388e-01
2.773000000000000131e+00,7.809647979139504592e-01
2.774000000000000021e+00,7.759669708822251044e-01
2.774999999999999911e+00,7.770534550195566936e-01
2.775999999999999801e+00,7.700999565406344560e-01
2.777000000000000135e+00,7.781399391568882828e-01
2.778000000000000025e+00,7.827031725336810464e-01
2.778999999999999915e+00,7.694480660582355691e-01
2.779999999999999805e+00,7.696653628857018647e-01
2.781000000000000139e+00,7.757496740547588088e-01
2.782000000000000028e+00,7.753150803998262175e-01
2.782999999999999918e+00,7.783572359843545785e-01
2.783999999999999808e+00,7.705345501955671583e-01
2.785000000000000142e+00,7.561929595827900918e-01
2.786000000000000032e+00,7.898739678400695796e-01
2.786999999999999922e+00,7.692307692307692735e-01
2.787999999999999812e+00,7.672750977835723907e-01
2.789000000000000146e+00,7.798783137766188700e-01
2.790000000000000036e+00,7.672750977835723907e-01
2.790999999999999925e+00,7.813993915688830505e-01
2.791999999999999815e+00,7.724902216427640411e-01
2.793000000000000149e+00,7.785745328118209851e-01
2.794000000000000039e+00,7.677096914385049820e-01
2.794999999999999929e+00,7.870491090830074032e-01
2.795999999999999819e+00,7.800956106040851656e-01
2.797000000000000153e+00,7.809647979139504592e-01
2.798000000000000043e+00,7.683615819209039799e-01
2.798999999999999932e+00,7.714037375054324519e-01
2.799999999999999822e+00,7.698826597131681604e-01
2.801000000000000156e+00,7.753150803998262175e-01
2.802000000000000046e+00,7.707518470230334540e-01
2.802999999999999936e+00,7.803129074315514613e-01
2.803999999999999826e+00,7.655367231638418035e-01
2.805000000000000160e+00,7.750977835723598108e-01
2.806000000000000050e+00,7.840069534984789312e-01
2.806999999999999940e+00,7.861799217731421097e-01
2.807999999999999829e+00,7.785745328118209851e-01
2.809000000000000163e+00,7.976966536288569998e-01
2.810000000000000053e+00,7.963928726640591149e-01
2.810999999999999943e+00,7.883528900478052881e-01
2.811999999999999833e+00,7.872664059104736989e-01
2.813000000000000167e+00,7.918296392872663514e-01
2.814000000000000057e+00,7.833550630160799333e-01
2.814999999999999947e+00,7.861799217731421097e-01
2.815999999999999837e+00,7.842242503259452269e-01
2.817000000000000171e+00,7.866145154280747009e-01
2.818000000000000060e+00,7.714037375054324519e-01
2.818999999999999950e+00,7.735767057800956303e-01
2.819999999999999840e+00,7.803129074315514613e-01
2.821000000000000174e+00,7.777053455019556916e-01
2.822000000000000064e+00,7.887874837027379904e-01
2.822999999999999954e+00,7.766188613646241024e-01
2.823999999999999844e+00,7.774880486744893959e-01
2.825000000000000178e+00,7.766188613646241024e-01
2.826000000000000068e+00,7.890047805302042860e-01
2.826999999999999957e+00,7.974793568013907041e-01
2.827999999999999847e+00,8.029117774880486502e-01
2.829000000000000181e+00,7.842242503259452269e-01
2.830000000000000071e+00,7.905258583224684665e-01
2.830999999999999961e+00,7.861799217731421097e-01
2.831999999999999851e+00,7.929161234245980516e-01
2.833000000000000185e+00,7.863972186006084053e-01
2.834000000000000075e+00,7.794437201216862787e-01
2.834999999999999964e+00,7.818339852238157528e-01
2.835999999999999854e+00,7.881355932203389925e-01
2.837000000000000188e+00,7.987831377661885890e-01
2.838000000000000078e+00,8.044328552803129417e-01
2.838999999999999968e+00,7.981312472837897021e-01
2.839999999999999858e+00,7.953063885267275257e-01
2.841000000000000192e+00,7.998696219035201782e-01
2.842000000000000082e+00,8.107344632768361814e-01
2.842999999999999972e+00,8.144285093437635403e-01
2.843999999999999861e+00,8.048674489352455330e-01
2.845000000000000195e+00,7.896566710126031730e-01
2.846000000000000085e+00,7.933507170795306429e-01
2.846999999999999975e+00,8.050847457627118287e-01
2.847999999999999865e+00,7.953063885267275257e-01
2.849000000000000199e+00,8.122555410691003619e-01
2.850000000000000089e+00,8.022598870056497633e-01
2.850999999999999979e+00,7.963928726640591149e-01
2.851999999999999869e+00,7.957409821816601170e-01
2.853000000000000203e+00,7.877009995654062902e-01
2.854000000000000092e+00,7.907431551499347622e-01
2.854999999999999982e+00,7.959582790091264126e-01
2.855999999999999872e+00,7.985658409387222934e-01
2.857000000000000206e+00,8.026944806605823546e-01
2.858000000000000096e+00,7.881355932203389925e-01
2.858999999999999986e+00,7.933507170795306429e-01
2.859999999999999876e+00,7.955236853541938213e-01
2.861000000000000210e+00,7.872664059104736989e-01
2.862000000000000099e+00,7.942199043893959365e-01
2.862999999999999989e+00,7.846588439808779292e-01
2.863999999999999879e+00,7.872664059104736989e-01
2.865000000000000213e+00,7.974793568013907041e-01
2.866000000000000103e+00,7.900912646675358753e-01
2.866999999999999993e+00,7.727075184702303368e-01
2.867999999999999883e+00,7.883528900478052881e-01
2.869000000000000217e+00,7.787918296392872808e-01
2.870000000000000107e+00,7.985658409387222934e-01
2.870999999999999996e+00,8.022598870056497633e-01
2.871999999999999886e+00,8.072577140373750071e-01
2.873000000000000220e+00,7.968274663189917062e-01
2.874000000000000110e+00,7.968274663189917062e-01
2.875000000000000000e+00,7.885701868752715837e-01
2.875999999999999890e+00,7.974793568013907041e-01
2.876999999999999780e+00,7.916123424598000557e-01
2.878000000000000114e+00,8.005215123859191761e-01
2.879000000000000004e+00,8.035636679704476482e-01
2.879999999999999893e+00,8.107344632768361814e-01
2.880999999999999783e+00,7.987831377661885890e-01
2.882000000000000117e+00,8.116036505867014750e-01
2.883000000000000007e+00,7.966101694915254106e-01
2.883999999999999897e+00,8.181225554106910103e-01
2.884999999999999787e+00,8.050847457627118287e-01
2.886000000000000121e+00,8.083441981747065963e-01
2.887000000000000011e+00,8.081269013472403007e-01
2.887999999999999901e+00,7.996523250760538826e-01
2.888999999999999790e+00,8.237722729248152520e-01
2.890000000000000124e+00,7.933507170795306429e-01
2.891000000000000014e+00,7.809647979139504592e-01
2.891999999999999904e+00,8.026944806605823546e-01
2.892999999999999794e+00,8.029117774880486502e-01
2.894000000000000128e+00,8.009561060408517674e-01
2.895000000000000018e+00,7.877009995654062902e-01
2.895999999999999908e+00,7.955236853541938213e-01
2.896999999999999797e+00,8.044328552803129417e-01
2.898000000000000131e+00,7.968274663189917062e-01
2.899000000000000021e+00,8.016079965232507654e-01
2.899999999999999911e+00,8.035636679704476482e-01
2.900999999999999801e+00,8.059539330725771222e-01
2.902000000000000135e+00,8.285528031290743112e-01
2.903000000000000025e+00,8.087787918296392986e-01
2.903999999999999915e+00,8.257279443720121348e-01
2.904999999999999805e+00,8.076923076923077094e-01
2.906000000000000139e+00,8.170360712733594211e-01
2.907000000000000028e+00,8.161668839634941275e-01
2.907999999999999918e+00,8.166014776184267188e-01
2.908999999999999808e+00,8.083441981747065963e-01
2.910000000000000142e+00,8.137766188613646534e-01
2.911000000000000032e+00,8.131247283789656555e-01
2.911999999999999922e+00,8.057366362451108266e-01
2.912999999999999812e+00,8.089960886571055942e-01
2.914000000000000146e+00,8.179052585832247146e-01
2.915000000000000036e+00,8.072577140373750071e-01
2.915999999999999925e+00,8.118209474141677706e-01
2.916999999999999815e+00,8.066058235549761202e-01
2.918000000000000149e+00,8.152976966536288339e-01
2.919000000000000039e+00,8.139939156888309491e-01
2.919999999999999929e+00,8.100825727944371835e-01
2.920999999999999819e+00,7.998696219035201782e-01
2.922000000000000153e+00,8.194263363754888951e-01
2.923000000000000043e+00,8.022598870056497633e-01
2.923999999999999932e+00,8.107344632768361814e-01
2.924999999999999822e+00,7.857453281182095184e-01
2.926000000000000156e+00,7.829204693611473420e-01
2.927000000000000046e+00,7.981312472837897021e-01
2.927999999999999936e+00,7.898739678400695796e-01
2.928999999999999826e+00,7.976966536288569998e-01
2.930000000000000160e+00,7.898739678400695796e-01
2.931000000000000050e+00,8.050847457627118287e-01
2.931999999999999940e+00,8.053020425901782353e-01
2.932999999999999829e+00,8.055193394176445310e-01
2.934000000000000163e+00,8.079096045197740050e-01
2.935000000000000053e+00,7.981312472837897021e-01
2.935999999999999943e+00,8.044328552803129417e-01
2.936999999999999833e+00,7.892220773576705817e-01
2.938000000000000167e+00,8.039982616253802394e-01
2.939000000000000057e+00,7.981312472837897021e-01
2.939999999999999947e+00,8.081269013472403007e-01
2.940999999999999837e+00,8.059539330725771222e-01
2.942000000000000171e+00,7.950890916992612301e-01
2.943000000000000060e+00,8.026944806605823546e-01
2.943999999999999950e+00,8.092133854845718899e-01
2.944999999999999840e+00,7.955236853541938213e-01
2.946000000000000174e+00,8.048674489352455330e-01
2.947000000000000064e+00,8.022598870056497633e-01
2.947999999999999954e+00,7.979139504563232954e-01
2.948999999999999844e+00,7.890047805302042860e-01
2.950000000000000178e+00,8.024771838331160589e-01
2.951000000000000068e+00,7.868318122555411076e-01
2.951999999999999957e+00,7.805302042590178679e-01
2.952999999999999847e+00,7.948717948717948234e-01
2.954000000000000181e+00,7.909604519774011688e-01
2.955000000000000071e+00,7.946544980443285278e-01
2.955999999999999961e+00,7.746631899174272196e-01
2.956999999999999851e+00,7.853107344632768161e-01
2.958000000000000185e+00,7.746631899174272196e-01
2.959000000000000075e+00,8.076923076923077094e-01
2.959999999999999964e+00,7.953063885267275257e-01
2.960999999999999854e+00,7.948717948717948234e-01
2.962000000000000188e+00,7.885701868752715837e-01
2.963000000000000078e+00,7.992177314211212913e-01
2.963999999999999968e+00,7.972620599739244085e-01
2.964999999999999858e+00,8.096479791395045922e-01
2.966000000000000192e+00,8.159495871360278318e-01
2.967000000000000082e+00,7.987831377661885890e-01
2.967999999999999972e+00,8.098652759669708878e-01
2.968999999999999861e+00,8.044328552803129417e-01
2.970000000000000195e+00,8.070404172099087114e-01
2.971000000000000085e+00,7.926988265971316450e-01
2.971999999999999975e+00,7.885701868752715837e-01
2.972999999999999865e+00,7.913950456323337601e-01
2.974000000000000199e+00,7.996523250760538826e-01
2.975000000000000089e+00,7.990004345936548846e-01
2.975999999999999979e+00,7.877009995654062902e-01
2.976999999999999869e+00,7.963928726640591149e-01
2.978000000000000203e+00,7.809647979139504592e-01
2.979000000000000092e+00,7.750977835723598108e-01
2.979999999999999982e+00,7.950890916992612301e-01
2.980999999999999872e+00,7.770534550195566936e-01
2.982000000000000206e+00,7.798783137766188700e-01
2.983000000000000096e+00,7.816166883963494572e-01
2.983999999999999986e+00,7.833550630160799333e-01
2.984999999999999876e+00,7.994350282485875869e-01
2.986000000000000210e+00,7.990004345936548846e-01
2.987000000000000099e+00,8.094306823120382965e-01
2.987999999999999989e+00,8.005215123859191761e-01
2.988999999999999879e+00,7.948717948717948234e-01
2.990000000000000213e+00,7.959582790091264126e-01
2.991000000000000103e+00,7.872664059104736989e-01
2.991999999999999993e+00,7.983485441112559977e-01
2.992999999999999883e+00,7.946544980443285278e-01
2.994000000000000217e+00,7.903085614950021709e-01
2.995000000000000107e+00,7.757496740547588088e-01
2.995999999999999996e+00,7.835723598435462289e-01
2.996999999999999886e+00,7.946544980443285278e-01
2.998000000000000220e+00,7.950890916992612301e-01
2.999000000000000110e+00,8.022598870056497633e-01
3.000000000000000000e+00,8.083441981747065963e-01
3.000999999999999890e+00,7.946544980443285278e-01
3.001999999999999780e+00,8.152976966536288339e-01
3.003000000000000114e+00,7.972620599739244085e-01
3.004000000000000004e+00,7.783572359843545785e-01
3.004999999999999893e+00,8.085614950021730030e-01
3.005999999999999783e+00,7.979139504563232954e-01
3.007000000000000117e+00,7.981312472837897021e-01
3.008000000000000007e+00,8.000869187309864738e-01
3.008999999999999897e+00,8.085614950021730030e-01
3.009999999999999787e+00,7.996523250760538826e-01
3.011000000000000121e+00,8.126901347240330642e-01
3.012000000000000011e+00,8.237722729248152520e-01
3.012999999999999901e+00,7.935680139069969385e-01
3.013999999999999790e+00,8.083441981747065963e-01
3.015000000000000124e+00,8.152976966536288339e-01
3.016000000000000014e+00,8.061712299000434179e-01
3.016999999999999904e+00,8.126901347240330642e-01
3.017999999999999794e+00,8.007388092133854718e-01
3.019000000000000128e+00,8.120382442416340663e-01
3.020000000000000018e+00,8.011734028683181741e-01
3.020999999999999908e+00,8.042155584528465351e-01
3.021999999999999797e+00,7.924815297696653493e-01
3.023000000000000131e+00,7.892220773576705817e-01
3.024000000000000021e+00,7.913950456323337601e-01
3.024999999999999911e+00,7.953063885267275257e-01
3.025999999999999801e+00,7.972620599739244085e-01
3.027000000000000135e+00,8.031290743155149459e-01
3.028000000000000025e+00,8.007388092133854718e-01
3.028999999999999915e+00,7.883528900478052881e-01
3.029999999999999805e+00,7.922642329421990537e-01
3.031000000000000139e+00,7.809647979139504592e-01
3.032000000000000028e+00,7.853107344632768161e-01
3.032999999999999918e+00,7.968274663189917062e-01
3.033999999999999808e+00,7.885701868752715837e-01
3.035000000000000142e+00,8.029117774880486502e-01
3.036000000000000032e+00,7.976966536288569998e-01
3.036999999999999922e+00,7.979139504563232954e-01
3.037999999999999812e+00,7.957409821816601170e-01
3.039000000000000146e+00,7.937853107344632342e-01
3.040000000000000036e+00,7.892220773576705817e-01
3.040999999999999925e+00,8.096479791395045922e-01
3.041999999999999815e+00,8.081269013472403007e-01
3.043000000000000149e+00,8.050847457627118287e-01
3.044000000000000039e+00,8.116036505867014750e-01
3.044999999999999929e+00,7.898739678400695796e-01
3.045999999999999819e+00,7.907431551499347622e-01
3.047000000000000153e+00,8.066058235549761202e-01
3.048000000000000043e+00,7.809647979139504592e-01
3.048999999999999932e+00,7.883528900478052881e-01
3.049999999999999822e+00,7.942199043893959365e-01
3.051000000000000156e+00,7.957409821816601170e-01
3.052000000000000046e+00,7.970447631464581129e-01
3.052999999999999936e+00,8.066058235549761202e-01
3.053999999999999826e+00,8.124728378965666575e-01
3.055000000000000160e+00,7.935680139069969385e-01
3.056000000000000050e+00,8.022598870056497633e-01
3.056999999999999940e+00,8.063885267275098245e-01
3.057999999999999829e+00,8.039982616253802394e-01
3.059000000000000163e+00,8.124728378965666575e-01
3.060000000000000053e+00,8.176879617557584190e-01
3.060999999999999943e+00,8.105171664493698858e-01
3.061999999999999833e+00,8.011734028683181741e-01
3.063000000000000167e+00,8.146458061712299470e-01
3.064000000000000057e+00,8.135593220338983578e-01
3.064999999999999947e+00,8.048674489352455330e-01
3.065999999999999837e+00,8.155149934810951295e-01
3.067000000000000171e+00,8.118209474141677706e-01
3.068000000000000060e+00,8.116036505867014750e-01
3.068999999999999950e+00,8.163841807909604231e-01
3.069999999999999840e+00,8.159495871360278318e-01
3.071000000000000174e+00,8.196436332029551908e-01
3.072000000000000064e+00,8.220338983050847759e-01
3.072999999999999954e+00,8.053020425901782353e-01
3.073999999999999844e+00,8.092133854845718899e-01
3.075000000000000178e+00,8.096479791395045922e-01
3.076000000000000068e+00,7.985658409387222934e-01
3.076999999999999957e+00,8.139939156888309491e-01
3.077999999999999847e+00,8.113863537592350683e-01
3.079000000000000181e+00,8.120382442416340663e-01
3.080000000000000071e+00,8.109517601043024770e-01
3.080999999999999961e+00,8.139939156888309491e-01
3.081999999999999851e+00,8.209474141677531867e-01
3.083000000000000185e+00,8.098652759669708878e-01
3.084000000000000075e+00,8.037809647979139438e-01
3.084999999999999964e+00,8.033463711429813525e-01
3.085999999999999854e+00,8.053020425901782353e-01
3.087000000000000188e+00,7.926988265971316450e-01
3.088000000000000078e+00,8.037809647979139438e-01
3.088999999999999968e+00,7.940026075619296408e-01
3.089999999999999858e+00,7.985658409387222934e-01
3.091000000000000192e+00,7.879182963928726968e-01
3.092000000000000082e+00,7.722729248152977455e-01
3.092999999999999972e+00,7.963928726640591149e-01
3.093999999999999861e+00,7.972620599739244085e-01
3.095000000000000195e+00,7.953063885267275257e-01
3.096000000000000085e+00,7.937853107344632342e-01
3.096999999999999975e+00,7.996523250760538826e-01
3.097999999999999865e+00,8.031290743155149459e-01
3.099000000000000199e+00,7.831377661886136377e-01
3.100000000000000089e+00,8.013906996957844697e-01
3.100999999999999979e+00,7.990004345936548846e-01
3.101999999999999869e+00,7.900912646675358753e-01
3.103000000000000203e+00,8.213820078226857779e-01
3.104000000000000092e+00,8.005215123859191761e-01
3.104999999999999982e+00,7.974793568013907041e-01
3.105999999999999872e+00,8.092133854845718899e-01
3.107000000000000206e+00,8.087787918296392986e-01
3.108000000000000096e+00,7.909604519774011688e-01
3.108999999999999986e+00,7.996523250760538826e-01
3.109999999999999876e+00,8.081269013472403007e-01
3.111000000000000210e+00,7.983485441112559977e-01
3.112000000000000099e+00,7.874837027379399945e-01
3.112999999999999989e+00,7.796610169491525744e-01
3.113999999999999879e+00,7.787918296392872808e-01
3.115000000000000213e+00,7.877009995654062902e-01
3.116000000000000103e+00,7.781399391568882828e-01
3.116999999999999993e+00,8.037809647979139438e-01
3.117999999999999883e+00,7.829204693611473420e-01
3.119000000000000217e+00,7.870491090830074032e-01
3.120000000000000107e+00,7.866145154280747009e-01
3.120999999999999996e+00,7.863972186006084053e-01
3.121999999999999886e+00,7.909604519774011688e-01
3.123000000000000220e+00,7.957409821816601170e-01
3.124000000000000110e+00,7.846588439808779292e-01
3.125000000000000000e+00,8.013906996957844697e-01
3.125999999999999890e+00,7.707518470230334540e-01
3.126999999999999780e+00,7.820512820512820484e-01
3.128000000000000114e+00,7.800956106040851656e-01
3.129000000000000004e+00,7.885701868752715837e-01
3.129999999999999893e+00,7.714037375054324519e-01
3.130999999999999783e+00,7.983485441112559977e-01
3.132000000000000117e+00,7.883528900478052881e-01
3.133000000000000007e+00,7.855280312907431117e-01
3.133999999999999897e+00,7.874837027379399945e-01
3.134999999999999787e+00,8.116036505867014750e-01
3.136000000000000121e+00,8.048674489352455330e-01
3.137000000000000011e+00,8.111690569317687727e-01
3.137999999999999901e+00,8.176879617557584190e-01
3.138999999999999790e+00,7.755323772272925131e-01
3.140000000000000124e+00,7.827031725336810464e-01
3.141000000000000014e+00,7.924815297696653493e-01
3.141999999999999904e+00,7.955236853541938213e-01
3.142999999999999794e+00,7.848761408083442248e-01
3.144000000000000128e+00,7.918296392872663514e-01
3.145000000000000018e+00,7.813993915688830505e-01
3.145999999999999908e+00,7.920469361147327580e-01
3.146999999999999797e+00,7.892220773576705817e-01
3.148000000000000131e+00,7.809647979139504592e-01
3.149000000000000021e+00,7.937853107344632342e-01
3.149999999999999911e+00,7.913950456323337601e-01
3.150999999999999801e+00,8.000869187309864738e-01
3.152000000000000135e+00,7.911777488048674645e-01
3.153000000000000025e+00,7.874837027379399945e-01
3.153999999999999915e+00,7.820512820512820484e-01
3.154999999999999805e+00,7.859626249456758140e-01
3.156000000000000139e+00,7.968274663189917062e-01
3.157000000000000028e+00,7.905258583224684665e-01
3.157999999999999918e+00,7.824858757062146397e-01
3.158999999999999808e+00,7.798783137766188700e-01
3.160000000000000142e+00,7.707518470230334540e-01
3.161000000000000032e+00,7.907431551499347622e-01
3.161999999999999922e+00,7.909604519774011688e-01
3.162999999999999812e+00,7.779226423294219872e-01
3.164000000000000146e+00,7.781399391568882828e-01
3.165000000000000036e+00,7.716210343328987475e-01
3.165999999999999925e+00,7.966101694915254106e-01
3.166999999999999815e+00,7.881355932203389925e-01
3.168000000000000149e+00,7.850934376358105204e-01
3.169000000000000039e+00,7.855280312907431117e-01
3.169999999999999929e+00,7.877009995654062902e-01
3.170999999999999819e+00,7.764015645371578067e-01
3.172000000000000153e+00,7.722729248152977455e-01
3.173000000000000043e+00,7.937853107344632342e-01
3.173999999999999932e+00,7.990004345936548846e-01
3.174999999999999822e+00,8.085614950021730030e-01
3.176000000000000156e+00,7.959582790091264126e-01
3.177000000000000046e+00,7.970447631464581129e-01
3.177999999999999936e+00,7.929161234245980516e-01
3.178999999999999826e+00,7.937853107344632342e-01
3.180000000000000160e+00,8.087787918296392986e-01
3.181000000000000050e+00,8.009561060408517674e-01
3.181999999999999940e+00,7.957409821816601170e-01
3.182999999999999829e+00,8.005215123859191761e-01
3.184000000000000163e+00,7.931334202520643473e-01
3.185000000000000053e+00,7.987831377661885890e-01
3.185999999999999943e+00,7.992177314211212913e-01
3.186999999999999833e+00,7.894393741851368773e-01
3.188000000000000167e+00,8.016079965232507654e-01
3.189000000000000057e+00,7.937853107344632342e-01
3.189999999999999947e+00,7.968274663189917062e-01
3.190999999999999837e+00,7.905258583224684665e-01
3.192000000000000171e+00,7.898739678400695796e-01
3.193000000000000060e+00,7.976966536288569998e-01
3.193999999999999950e+00,7.955236853541938213e-01
3.194999999999999840e+00,7.970447631464581129e-01
3.196000000000000174e+00,7.996523250760538826e-01
3.197000000000000064e+00,8.018252933507170610e-01
3.197999999999999954e+00,7.868318122555411076e-01
3.198999999999999844e+00,8.048674489352455330e-01
3.200000000000000178e+00,7.827031725336810464e-01
3.201000000000000068e+00,7.892220773576705817e-01
3.201999999999999957e+00,8.013906996957844697e-01
3.202999999999999847e+00,7.996523250760538826e-01
3.204000000000000181e+00,7.916123424598000557e-01
3.205000000000000071e+00,7.974793568013907041e-01
3.205999999999999961e+00,7.957409821816601170e-01
3.206999999999999851e+00,7.881355932203389925e-01
3.208000000000000185e+00,7.957409821816601170e-01
3.209000000000000075e+00,8.057366362451108266e-01
3.209999999999999964e+00,8.107344632768361814e-01
3.210999999999999854e+00,7.963928726640591149e-01
3.212000000000000188e+00,7.905258583224684665e-01
3.213000000000000078e+00,7.985658409387222934e-01
3.213999999999999968e+00,7.783572359843545785e-01
3.214999999999999858e+00,7.909604519774011688e-01
3.216000000000000192e+00,8.029117774880486502e-01
3.217000000000000082e+00,7.779226423294219872e-01
3.217999999999999972e+00,7.853107344632768161e-01
3.218999999999999861e+00,7.822685788787483441e-01
3.220000000000000195e+00,8.007388092133854718e-01
3.221000000000000085e+00,7.883528900478052881e-01
3.221999999999999975e+00,7.916123424598000557e-01
3.222999999999999865e+00,7.896566710126031730e-01
3.224000000000000199e+00,7.920469361147327580e-01
3.225000000000000089e+00,7.983485441112559977e-01
3.225999999999999979e+00,8.037809647979139438e-01
3.226999999999999869e+00,8.059539330725771222e-01
3.228000000000000203e+00,7.970447631464581129e-01
3.229000000000000092e+00,7.877009995654062902e-01
3.229999999999999982e+00,7.992177314211212913e-01
3.230999999999999872e+00,8.029117774880486502e-01
3.232000000000000206e+00,7.944372012168622321e-01
3.233000000000000096e+00,8.011734028683181741e-01
3.233999999999999986e+00,7.981312472837897021e-01
3.234999999999999876e+00,7.940026075619296408e-01
3.236000000000000210e+00,7.807475010864841636e-01
3.237000000000000099e+00,7.835723598435462289e-01
3.237999999999999989e+00,7.903085614950021709e-01
3.238999999999999879e+00,8.053020425901782353e-01
3.240000000000000213e+00,7.781399391568882828e-01
3.241000000000000103e+00,8.059539330725771222e-01
3.241999999999999993e+00,7.937853107344632342e-01
3.242999999999999883e+00,7.994350282485875869e-01
3.244000000000000217e+00,8.083441981747065963e-01
3.245000000000000107e+00,7.996523250760538826e-01
3.245999999999999996e+00,8.011734028683181741e-01
3.246999999999999886e+00,7.898739678400695796e-01
3.248000000000000220e+00,7.944372012168622321e-01
3.249000000000000110e+00,7.811820947414167549e-01
3.250000000000000000e+00,8.076923076923077094e-01
3.250999999999999890e+00,7.716210343328987475e-01
3.251999999999999780e+00,7.581486310299869746e-01
3.253000000000000114e+00,7.890047805302042860e-01
3.254000000000000004e+00,7.881355932203389925e-01
3.254999999999999893e+00,7.968274663189917062e-01
3.255999999999999783e+00,7.955236853541938213e-01
3.257000000000000117e+00,7.998696219035201782e-01
3.258000000000000007e+00,7.803129074315514613e-01
3.258999999999999897e+00,7.929161234245980516e-01
3.259999999999999787e+00,7.966101694915254106e-01
3.261000000000000121e+00,8.000869187309864738e-01
3.262000000000000011e+00,7.985658409387222934e-01
3.262999999999999901e+00,7.916123424598000557e-01
3.263999999999999790e+00,7.900912646675358753e-01
3.265000000000000124e+00,7.933507170795306429e-01
3.266000000000000014e+00,7.905258583224684665e-01
3.266999999999999904e+00,7.840069534984789312e-01
3.267999999999999794e+00,7.881355932203389925e-01
3.269000000000000128e+00,7.911777488048674645e-01
3.270000000000000018e+00,8.005215123859191761e-01
3.270999999999999908e+00,7.805302042590178679e-01
3.271999999999999797e+00,7.924815297696653493e-01
3.273000000000000131e+00,7.883528900478052881e-01
3.274000000000000021e+00,7.755323772272925131e-01
3.274999999999999911e+00,7.872664059104736989e-01
3.275999999999999801e+00,7.850934376358105204e-01
3.277000000000000135e+00,7.972620599739244085e-01
3.278000000000000025e+00,8.033463711429813525e-01
3.278999999999999915e+00,8.035636679704476482e-01
3.279999999999999805e+00,7.883528900478052881e-01
3.281000000000000139e+00,7.796610169491525744e-01
3.282000000000000028e+00,7.753150803998262175e-01
3.282999999999999918e+00,7.746631899174272196e-01
3.283999999999999808e+00,7.627118644067796271e-01
3.285000000000000142e+00,7.774880486744893959e-01
3.286000000000000032e+00,7.783572359843545785e-01
3.286999999999999922e+00,7.664059104737070971e-01
3.287999999999999812e+00,7.657540199913080992e-01
3.289000000000000146e+00,7.677096914385049820e-01
3.290000000000000036e+00,7.744458930899609239e-01
3.290999999999999925e+00,7.605388961321164487e-01
3.291999999999999815e+00,7.588005215123859726e-01
3.293000000000000149e+00,7.607561929595827444e-01
3.294000000000000039e+00,7.655367231638418035e-01
3.294999999999999929e+00,7.818339852238157528e-01
3.295999999999999819e+00,7.800956106040851656e-01
3.297000000000000153e+00,7.824858757062146397e-01
3.298000000000000043e+00,7.840069534984789312e-01
3.298999999999999932e+00,7.764015645371578067e-01
3.299999999999999822e+00,7.746631899174272196e-01
3.301000000000000156e+00,7.920469361147327580e-01
3.302000000000000046e+00,7.894393741851368773e-01
3.302999999999999936e+00,7.748804867448935152e-01
3.303999999999999826e+00,7.805302042590178679e-01
3.305000000000000160e+00,7.892220773576705817e-01
3.306000000000000050e+00,7.711864406779661563e-01
3.306999999999999940e+00,7.794437201216862787e-01
3.307999999999999829e+00,7.720556279878313388e-01
3.309000000000000163e+00,7.868318122555411076e-01
3.310000000000000053e+00,7.905258583224684665e-01
3.310999999999999943e+00,7.868318122555411076e-01
3.311999999999999833e+00,7.798783137766188700e-01
3.313000000000000167e+00,7.807475010864841636e-01
3.314000000000000057e+00,7.766188613646241024e-01
3.314999999999999947e+00,7.805302042590178679e-01
3.315999999999999837e+00,7.872664059104736989e-01
3.317000000000000171e+00,7.720556279878313388e-01
3.318000000000000060e+00,7.629291612342460338e-01
3.318999999999999950e+00,7.703172533681008627e-01
3.319999999999999840e+00,7.898739678400695796e-01
3.321000000000000174e+00,7.790091264667535764e-01
3.322000000000000064e+00,7.785745328118209851e-01
3.322999999999999954e+00,7.846588439808779292e-01
3.323999999999999844e+00,7.787918296392872808e-01
3.325000000000000178e+00,7.768361581920903980e-01
3.326000000000000068e+00,7.816166883963494572e-01
3.326999999999999957e+00,7.698826597131681604e-01
3.327999999999999847e+00,7.700999565406344560e-01
3.329000000000000181e+00,7.753150803998262175e-01
3.330000000000000071e+00,7.674923946110386863e-01
3.330999999999999961e+00,7.770534550195566936e-01
3.331999999999999851e+00,7.748804867448935152e-01
3.333000000000000185e+00,7.740112994350282216e-01
3.334000000000000075e+00,7.816166883963494572e-01
3.334999999999999964e+00,7.616253802694480379e-01
3.335999999999999854e+00,7.657540199913080992e-01
3.337000000000000188e+00,7.748804867448935152e-01
3.338000000000000078e+00,7.727075184702303368e-01
3.338999999999999968e+00,7.940026075619296408e-01
3.339999999999999858e+00,7.922642329421990537e-01
3.341000000000000192e+00,7.798783137766188700e-01
3.342000000000000082e+00,7.983485441112559977e-01
3.342999999999999972e+00,7.811820947414167549e-01
3.343999999999999861e+00,7.794437201216862787e-01
3.345000000000000195e+00,7.844415471534115225e-01
3.346000000000000085e+00,8.003042155584528805e-01
3.346999999999999975e+00,7.953063885267275257e-01
3.347999999999999865e+00,7.903085614950021709e-01
3.349000000000000199e+00,8.029117774880486502e-01
3.350000000000000089e+00,8.053020425901782353e-01
3.350999999999999979e+00,8.048674489352455330e-01
3.351999999999999869e+00,7.866145154280747009e-01
3.353000000000000203e+00,7.913950456323337601e-01
3.354000000000000092e+00,7.837896566710126356e-01
3.354999999999999982e+00,7.916123424598000557e-01
3.355999999999999872e+00,7.813993915688830505e-01
3.357000000000000206e+00,7.879182963928726968e-01
3.358000000000000096e+00,7.879182963928726968e-01
3.358999999999999986e+00,7.890047805302042860e-01
3.359999999999999876e+00,7.740112994350282216e-01
3.361000000000000210e+00,7.803129074315514613e-01
3.362000000000000099e+00,7.835723598435462289e-01
3.362999999999999989e+00,7.846588439808779292e-01
3.363999999999999879e+00,7.957409821816601170e-01
3.365000000000000213e+00,7.861799217731421097e-01
3.366000000000000103e+00,7.920469361147327580e-01
3.366999999999999993e+00,7.911777488048674645e-01
3.367999999999999883e+00,8.016079965232507654e-01
3.369000000000000217e+00,7.866145154280747009e-01
3.370000000000000107e+00,7.950890916992612301e-01
3.370999999999999996e+00,7.846588439808779292e-01
3.371999999999999886e+00,7.868318122555411076e-01
3.373000000000000220e+00,8.057366362451108266e-01
3.374000000000000110e+00,8.057366362451108266e-01
3.375000000000000000e+00,8.105171664493698858e-01
3.375999999999999890e+00,8.026944806605823546e-01
3.376999999999999780e+00,7.942199043893959365e-01
3.378000000000000114e+00,8.161668839634941275e-01
3.379000000000000004e+00,8.035636679704476482e-01
3.379999999999999893e+00,8.009561060408517674e-01
3.380999999999999783e+00,8.046501521077792374e-01
3.382000000000000117e+00,8.126901347240330642e-01
3.383000000000000007e+00,8.096479791395045922e-01
3.383999999999999897e+00,7.859626249456758140e-01
3.384999999999999787e+00,7.940026075619296408e-01
3.386000000000000121e+00,7.931334202520643473e-01
3.387000000000000011e+00,7.842242503259452269e-01
3.387999999999999901e+00,7.861799217731421097e-01
3.388999999999999790e+00,7.779226423294219872e-01
3.390000000000000124e+00,7.783572359843545785e-01
3.391000000000000014e+00,7.850934376358105204e-01
3.391999999999999904e+00,7.920469361147327580e-01
3.392999999999999794e+00,7.879182963928726968e-01
3.394000000000000128e+00,8.063885267275098245e-01
3.395000000000000018e+00,7.937853107344632342e-01
3.395999999999999908e+00,8.003042155584528805e-01
3.396999999999999797e+00,8.020425901781833566e-01
3.398000000000000131e+00,7.842242503259452269e-01
3.399000000000000021e+00,7.755323772272925131e-01
3.399999999999999911e+00,7.813993915688830505e-01
3.400999999999999801e+00,7.831377661886136377e-01
3.402000000000000135e+00,7.894393741851368773e-01
3.403000000000000025e+00,7.687961755758365712e-01
3.403999999999999915e+00,7.777053455019556916e-01
3.404999999999999805e+00,7.792264232942198721e-01
3.406000000000000139e+00,7.666232073011733927e-01
3.407000000000000028e+00,7.872664059104736989e-01
3.407999999999999918e+00,7.816166883963494572e-01
3.408999999999999808e+00,7.796610169491525744e-01
3.410000000000000142e+00,7.642329421990439187e-01
3.411000000000000032e+00,7.655367231638418035e-01
3.411999999999999922e+00,7.781399391568882828e-01
3.412999999999999812e+00,7.783572359843545785e-01
3.414000000000000146e+00,7.872664059104736989e-01
3.415000000000000036e+00,7.887874837027379904e-01
3.415999999999999925e+00,7.779226423294219872e-01
3.416999999999999815e+00,7.596697088222511551e-01
3.418000000000000149e+00,7.620599739243807402e-01
3.419000000000000039e+00,7.703172533681008627e-01
3.419999999999999929e+00,7.809647979139504592e-01
3.420999999999999819e+00,7.787918296392872808e-01
3.422000000000000153e+00,7.642329421990439187e-01
3.423000000000000043e+00,7.735767057800956303e-01
3.423999999999999932e+00,7.711864406779661563e-01
3.424999999999999822e+00,7.709691438504997496e-01
3.426000000000000156e+00,7.538026944806606178e-01
3.427000000000000046e+00,7.737940026075619260e-01
3.427999999999999936e+00,7.659713168187743948e-01
3.428999999999999826e+00,7.929161234245980516e-01
3.430000000000000160e+00,7.857453281182095184e-01
3.431000000000000050e+00,7.768361581920903980e-01
3.431999999999999940e+00,7.779226423294219872e-01
3.432999999999999829e+00,7.722729248152977455e-01
3.434000000000000163e+00,7.740112994350282216e-01
3.435000000000000053e+00,7.883528900478052881e-01
3.435999999999999943e+00,7.720556279878313388e-01
3.436999999999999833e+00,7.937853107344632342e-01
3.438000000000000167e+00,7.722729248152977455e-01
3.439000000000000057e+00,7.772707518470229893e-01
3.439999999999999947e+00,7.866145154280747009e-01
3.440999999999999837e+00,8.033463711429813525e-01
3.442000000000000171e+00,8.118209474141677706e-01
3.443000000000000060e+00,8.013906996957844697e-01
3.443999999999999950e+00,8.066058235549761202e-01
3.444999999999999840e+00,8.037809647979139438e-01
3.446000000000000174e+00,7.974793568013907041e-01
3.447000000000000064e+00,7.885701868752715837e-01
3.447999999999999954e+00,7.946544980443285278e-01
3.448999999999999844e+00,7.924815297696653493e-01
3.450000000000000178e+00,7.961755758365928193e-01
3.451000000000000068e+00,7.833550630160799333e-01
3.451999999999999957e+00,8.005215123859191761e-01
3.452999999999999847e+00,7.920469361147327580e-01
3.454000000000000181e+00,7.690134724033028668e-01
3.455000000000000071e+00,7.794437201216862787e-01
3.455999999999999961e+00,7.759669708822251044e-01
3.456999999999999851e+00,7.868318122555411076e-01
3.458000000000000185e+00,7.931334202520643473e-01
3.459000000000000075e+00,7.981312472837897021e-01
3.459999999999999964e+00,8.013906996957844697e-01
3.460999999999999854e+00,7.983485441112559977e-01
3.462000000000000188e+00,8.024771838331160589e-01
3.463000000000000078e+00,8.096479791395045922e-01
3.463999999999999968e+00,7.935680139069969385e-01
3.464999999999999858e+00,8.120382442416340663e-01
3.466000000000000192e+00,8.257279443720121348e-01
3.467000000000000082e+00,8.035636679704476482e-01
3.467999999999999972e+00,8.022598870056497633e-01
3.468999999999999861e+00,8.044328552803129417e-01
3.470000000000000195e+00,8.111690569317687727e-01
3.471000000000000085e+00,8.181225554106910103e-01
3.471999999999999975e+00,8.235549760973489564e-01
3.472999999999999865e+00,8.089960886571055942e-01
3.474000000000000199e+00,8.242068665797479543e-01
3.475000000000000089e+00,8.142112125162972447e-01
3.475999999999999979e+00,8.179052585832247146e-01
3.476999999999999869e+00,8.163841807909604231e-01
3.478000000000000203e+00,8.057366362451108266e-01
3.479000000000000092e+00,8.059539330725771222e-01
3.479999999999999982e+00,8.163841807909604231e-01
3.480999999999999872e+00,8.057366362451108266e-01
3.482000000000000206e+00,8.050847457627118287e-01
3.483000000000000096e+00,8.220338983050847759e-01
3.483999999999999986e+00,8.274663189917427220e-01
3.484999999999999876e+00,8.146458061712299470e-01
3.486000000000000210e+00,8.218166014776184802e-01
3.487000000000000099e+00,8.131247283789656555e-01
3.487999999999999989e+00,8.120382442416340663e-01
3.488999999999999879e+00,8.179052585832247146e-01
3.490000000000000213e+00,8.270317253368101307e-01
3.491000000000000103e+00,8.231203824424163651e-01
3.491999999999999993e+00,8.116036505867014750e-01
3.492999999999999883e+00,8.259452411994785415e-01
3.494000000000000217e+00,8.129074315514993598e-01
3.495000000000000107e+00,8.378965667101260228e-01
3.495999999999999996e+00,8.339852238157322573e-01
3.496999999999999886e+00,8.261625380269448371e-01
3.498000000000000220e+00,8.211647109952194823e-01
3.499000000000000110e+00,8.039982616253802394e-01
3.500000000000000000e+00,8.118209474141677706e-01
3.500999999999999890e+00,8.176879617557584190e-01
3.501999999999999780e+00,8.274663189917427220e-01
3.503000000000000114e+00,8.116036505867014750e-01
3.504000000000000004e+00,8.152976966536288339e-01
3.504999999999999893e+00,8.381138635375923185e-01
3.505999999999999783e+00,8.331160365058669637e-01
3.507000000000000117e+00,8.198609300304215974e-01
3.508000000000000007e+00,8.237722729248152520e-01
3.508999999999999897e+00,8.202955236853541887e-01
3.509999999999999787e+00,8.218166014776184802e-01
3.511000000000000121e+00,8.244241634072142499e-01
3.512000000000000011e+00,8.313776618861364875e-01
3.512999999999999901e+00,8.131247283789656555e-01
3.513999999999999790e+00,8.255106475445458392e-01
3.515000000000000124e+00,8.281182094741417199e-01
3.516000000000000014e+00,8.287700999565406068e-01
3.516999999999999904e+00,8.335506301607996660e-01
3.517999999999999794e+00,8.098652759669708878e-01
3.519000000000000128e+00,8.311603650586701919e-01
3.520000000000000018e+00,8.298565840938721960e-01
3.520999999999999908e+00,8.248587570621468412e-01
3.521999999999999797e+00,8.309430682312037852e-01
3.523000000000000131e+00,8.294219904389396048e-01
3.524000000000000021e+00,8.194263363754888951e-01
3.524999999999999911e+00,8.124728378965666575e-01
3.525999999999999801e+00,8.202955236853541887e-01
3.527000000000000135e+00,8.333333333333333703e-01
3.528000000000000025e+00,8.374619730551934316e-01
3.528999999999999915e+00,8.255106475445458392e-01
3.529999999999999805e+00,8.333333333333333703e-01
3.531000000000000139e+00,8.174706649282920123e-01
3.532000000000000028e+00,8.142112125162972447e-01
3.532999999999999918e+00,8.239895697522816587e-01
3.533999999999999808e+00,8.311603650586701919e-01
3.535000000000000142e+00,8.198609300304215974e-01
3.536000000000000032e+00,8.170360712733594211e-01
3.536999999999999922e+00,8.279009126466753132e-01
3.537999999999999812e+00,8.300738809213386027e-01
3.539000000000000146e+00,8.148631029986962426e-01
3.540000000000000036e+00,8.248587570621468412e-01
3.540999999999999925e+00,8.166014776184267188e-01
3.541999999999999815e+00,8.289873967840069025e-01
3.543000000000000149e+00,8.400695349847892013e-01
3.544000000000000039e+00,8.372446762277270249e-01
3.544999999999999929e+00,8.344198174706649596e-01
3.545999999999999819e+00,8.272490221642764263e-01
3.547000000000000153e+00,8.255106475445458392e-01
3.548000000000000043e+00,8.302911777488048983e-01
3.548999999999999932e+00,8.420252064319860841e-01
3.549999999999999822e+00,8.116036505867014750e-01
3.551000000000000156e+00,8.226857887874836628e-01
3.552000000000000046e+00,8.259452411994785415e-01
3.552999999999999936e+00,8.333333333333333703e-01
3.553999999999999826e+00,8.342025206431986639e-01
3.555000000000000160e+00,8.485441112559756194e-01
3.556000000000000050e+00,8.431116905693176733e-01
3.556999999999999940e+00,8.450673620165145561e-01
3.557999999999999829e+00,8.226857887874836628e-01
3.559000000000000163e+00,8.296392872664059004e-01
3.560000000000000053e+00,8.302911777488048983e-01
3.560999999999999943e+00,8.313776618861364875e-01
3.561999999999999833e+00,8.378965667101260228e-01
3.563000000000000167e+00,8.272490221642764263e-01
3.564000000000000057e+00,8.279009126466753132e-01
3.564999999999999947e+00,8.398522381573229056e-01
3.565999999999999837e+00,8.472403302911777345e-01
3.567000000000000171e+00,8.433289873967839689e-01
3.568000000000000060e+00,8.368100825727944336e-01
3.568999999999999950e+00,8.255106475445458392e-01
3.569999999999999840e+00,8.328987396784006680e-01
3.571000000000000174e+00,8.420252064319860841e-01
3.572000000000000064e+00,8.259452411994785415e-01
3.572999999999999954e+00,8.318122555410690788e-01
3.573999999999999844e+00,8.333333333333333703e-01
3.575000000000000178e+00,8.239895697522816587e-01
3.576000000000000068e+00,8.237722729248152520e-01
3.576999999999999957e+00,8.285528031290743112e-01
3.577999999999999847e+00,8.324641460234680768e-01
3.579000000000000181e+00,8.287700999565406068e-01
3.580000000000000071e+00,8.163841807909604231e-01
3.580999999999999961e+00,8.383311603650587251e-01
3.581999999999999851e+00,8.396349413298566100e-01
3.583000000000000185e+00,8.257279443720121348e-01
3.584000000000000075e+00,8.272490221642764263e-01
3.584999999999999964e+00,8.252933507170795435e-01
3.585999999999999854e+00,8.222511951325510715e-01
3.587000000000000188e+00,8.150803998261625383e-01
3.588000000000000078e+00,8.409387222946544949e-01
3.588999999999999968e+00,8.372446762277270249e-01
3.589999999999999858e+00,8.318122555410690788e-01
3.591000000000000192e+00,8.129074315514993598e-01
3.592000000000000082e+00,8.218166014776184802e-01
3.592999999999999972e+00,8.283355063016080155e-01
3.593999999999999861e+00,8.279009126466753132e-01
3.595000000000000195e+00,8.100825727944371835e-01
3.596000000000000085e+00,8.320295523685353745e-01
3.596999999999999975e+00,8.335506301607996660e-01
3.597999999999999865e+00,8.315949587136027832e-01
3.599000000000000199e+00,8.415906127770534928e-01
3.600000000000000089e+00,8.172533681008257167e-01
3.600999999999999979e+00,8.292046936114733091e-01
3.601999999999999869e+00,8.218166014776184802e-01
3.603000000000000203e+00,8.222511951325510715e-01
3.604000000000000092e+00,8.263798348544111327e-01
3.604999999999999982e+00,8.261625380269448371e-01
3.605999999999999872e+00,8.326814428509343724e-01
3.607000000000000206e+00,8.472403302911777345e-01
3.608000000000000096e+00,8.248587570621468412e-01
3.608999999999999986e+00,8.344198174706649596e-01
3.609999999999999876e+00,8.322468491960017811e-01
3.611000000000000210e+00,8.415906127770534928e-01
3.612000000000000099e+00,8.322468491960017811e-01
3.612999999999999989e+00,8.302911777488048983e-01
3.613999999999999879e+00,8.335506301607996660e-01
3.615000000000000213e+00,8.378965667101260228e-01
3.616000000000000103e+00,8.305084745762711940e-01
3.616999999999999993e+00,8.339852238157322573e-01
3.617999999999999883e+00,8.250760538896132479e-01
3.619000000000000217e+00,8.365927857453281380e-01
3.620000000000000107e+00,8.335506301607996660e-01
3.620999999999999996e+00,8.352890047805302531e-01
3.621999999999999886e+00,8.355063016079965488e-01
3.623000000000000220e+00,8.324641460234680768e-01
3.624000000000000110e+00,8.415906127770534928e-01
3.625000000000000000e+00,8.294219904389396048e-01
3.625999999999999890e+00,8.272490221642764263e-01
3.626999999999999780e+00,8.413733159495870861e-01
3.628000000000000114e+00,8.437635810517166712e-01
3.629000000000000004e+00,8.557149065623641526e-01
3.629999999999999893e+00,8.507170795306387978e-01
3.630999999999999783e+00,8.491960017383746173e-01
3.632000000000000117e+00,8.455019556714471474e-01
3.633000000000000007e+00,8.400695349847892013e-01
3.633999999999999897e+00,8.491960017383746173e-01
3.634999999999999787e+00,8.378965667101260228e-01
3.636000000000000121e+00,8.468057366362451432e-01
3.637000000000000011e+00,8.487614080834420260e-01
3.637999999999999901e+00,8.709256844850065127e-01
3.638999999999999790e+00,8.355063016079965488e-01
3.640000000000000124e+00,8.385484571925250208e-01
3.641000000000000014e+00,8.311603650586701919e-01
3.641999999999999904e+00,8.507170795306387978e-01
3.642999999999999794e+00,8.515862668405040914e-01
3.644000000000000128e+00,8.372446762277270249e-01
3.645000000000000018e+00,8.320295523685353745e-01
3.645999999999999908e+00,8.374619730551934316e-01
3.646999999999999797e+00,8.179052585832247146e-01
3.648000000000000131e+00,8.320295523685353745e-01
3.649000000000000021e+00,8.496305953933072086e-01
3.649999999999999911e+00,8.444154715341155581e-01
3.650999999999999801e+00,8.400695349847892013e-01
3.652000000000000135e+00,8.287700999565406068e-01
3.653000000000000025e+00,8.311603650586701919e-01
3.653999999999999915e+00,8.392003476749239077e-01
3.654999999999999805e+00,8.261625380269448371e-01
3.656000000000000139e+00,8.259452411994785415e-01
3.657000000000000028e+00,8.289873967840069025e-01
3.657999999999999918e+00,8.270317253368101307e-01
3.658999999999999808e+00,8.268144285093437240e-01
3.660000000000000142e+00,8.372446762277270249e-01
3.661000000000000032e+00,8.333333333333333703e-01
3.661999999999999922e+00,8.328987396784006680e-01
3.662999999999999812e+00,8.405041286397219036e-01
3.664000000000000146e+00,8.292046936114733091e-01
3.665000000000000036e+00,8.496305953933072086e-01
3.665999999999999925e+00,8.557149065623641526e-01
3.666999999999999815e+00,8.357235984354628444e-01
3.668000000000000149e+00,8.463711429813124409e-01
3.669000000000000039e+00,8.481095176010430281e-01
3.669999999999999929e+00,8.394176445023903144e-01
3.670999999999999819e+00,8.331160365058669637e-01
3.672000000000000153e+00,8.385484571925250208e-01
3.673000000000000043e+00,8.413733159495870861e-01
3.673999999999999932e+00,8.474576271186440302e-01
3.674999999999999822e+00,8.422425032594523797e-01
3.676000000000000156e+00,8.504997827031725022e-01
3.677000000000000046e+00,8.485441112559756194e-01
3.677999999999999936e+00,8.450673620165145561e-01
3.678999999999999826e+00,8.381138635375923185e-01
3.680000000000000160e+00,8.411560191221207905e-01
3.681000000000000050e+00,8.424598000869187864e-01
3.681999999999999940e+00,8.478922207735767325e-01
3.682999999999999829e+00,8.322468491960017811e-01
3.684000000000000163e+00,8.418079096045197884e-01
3.685000000000000053e+00,8.368100825727944336e-01
3.685999999999999943e+00,8.418079096045197884e-01
3.686999999999999833e+00,8.333333333333333703e-01
3.688000000000000167e+00,8.415906127770534928e-01
3.689000000000000057e+00,8.235549760973489564e-01
3.689999999999999947e+00,8.348544111255975508e-01
3.690999999999999837e+00,8.348544111255975508e-01
3.692000000000000171e+00,8.326814428509343724e-01
3.693000000000000060e+00,8.252933507170795435e-01
3.693999999999999950e+00,8.405041286397219036e-01
3.694999999999999840e+00,8.374619730551934316e-01
3.696000000000000174e+00,8.176879617557584190e-01
3.697000000000000064e+00,8.198609300304215974e-01
3.697999999999999954e+00,8.413733159495870861e-01
3.698999999999999844e+00,8.272490221642764263e-01
3.700000000000000178e+00,8.213820078226857779e-01
3.701000000000000068e+00,8.239895697522816587e-01
3.701999999999999957e+00,8.187744458930900082e-01
3.702999999999999847e+00,8.126901347240330642e-01
3.704000000000000181e+00,8.285528031290743112e-01
3.705000000000000071e+00,8.189917427205563039e-01
3.705999999999999961e+00,8.189917427205563039e-01
3.706999999999999851e+00,8.229030856149500694e-01
3.708000000000000185e+00,8.270317253368101307e-01
3.709000000000000075e+00,8.202955236853541887e-01
3.709999999999999964e+00,8.213820078226857779e-01
3.710999999999999854e+00,8.233376792698826607e-01
3.712000000000000188e+00,8.202955236853541887e-01
3.713000000000000078e+00,8.250760538896132479e-01
3.713999999999999968e+00,8.342025206431986639e-01
3.714999999999999858e+00,8.428943937418513777e-01
3.716000000000000192e+00,8.207301173402867800e-01
3.717000000000000082e+00,8.398522381573229056e-01
3.717999999999999972e+00,8.350717079530638465e-01
3.718999999999999861e+00,8.274663189917427220e-01
3.720000000000000195e+00,8.368100825727944336e-01
3.721000000000000085e+00,8.402868318122554969e-01
3.721999999999999975e+00,8.361581920903954357e-01
3.722999999999999865e+00,8.279009126466753132e-01
3.724000000000000199e+00,8.229030856149500694e-01
3.725000000000000089e+00,8.150803998261625383e-01
3.725999999999999979e+00,8.326814428509343724e-01
3.726999999999999869e+00,8.315949587136027832e-01
3.728000000000000203e+00,8.350717079530638465e-01
3.729000000000000092e+00,8.270317253368101307e-01
3.729999999999999982e+00,8.226857887874836628e-01
3.730999999999999872e+00,8.272490221642764263e-01
3.732000000000000206e+00,8.220338983050847759e-01
3.733000000000000096e+00,8.231203824424163651e-01
3.733999999999999986e+00,8.328987396784006680e-01
3.734999999999999876e+00,8.418079096045197884e-01
3.736000000000000210e+00,8.263798348544111327e-01
3.737000000000000099e+00,8.285528031290743112e-01
3.737999999999999989e+00,8.261625380269448371e-01
3.738999999999999879e+00,8.187744458930900082e-01
3.740000000000000213e+00,8.324641460234680768e-01
3.741000000000000103e+00,8.320295523685353745e-01
3.741999999999999993e+00,8.298565840938721960e-01
3.742999999999999883e+00,8.383311603650587251e-01
3.744000000000000217e+00,8.372446762277270249e-01
3.745000000000000107e+00,8.392003476749239077e-01
3.745999999999999996e+00,8.437635810517166712e-01
3.746999999999999886e+00,8.385484571925250208e-01
3.748000000000000220e+00,8.359408952629291401e-01
3.749000000000000110e+00,8.294219904389396048e-01
3.750000000000000000e+00,8.387657540199913164e-01
3.750999999999999890e+00,8.398522381573229056e-01
3.751999999999999780e+00,8.289873967840069025e-01
3.753000000000000114e+00,8.324641460234680768e-01
3.754000000000000004e+00,8.363754889178618424e-01
3.754999999999999893e+00,8.339852238157322573e-01
3.755999999999999783e+00,8.372446762277270249e-01
3.757000000000000117e+00,8.441981747066492625e-01
3.758000000000000007e+00,8.365927857453281380e-01
3.758999999999999897e+00,8.457192524989135540e-01
3.759999999999999787e+00,8.472403302911777345e-01
3.761000000000000121e+00,8.435462842242503756e-01
3.762000000000000011e+00,8.637548891786179794e-01
3.762999999999999901e+00,8.546284224250325634e-01
3.763999999999999790e+00,8.285528031290743112e-01
3.765000000000000124e+00,8.481095176010430281e-01
3.766000000000000014e+00,8.441981747066492625e-01
3.766999999999999904e+00,8.422425032594523797e-01
3.767999999999999794e+00,8.528900478053020873e-01
3.769000000000000128e+00,8.515862668405040914e-01
3.770000000000000018e+00,8.541938287700999721e-01
3.770999999999999908e+00,8.461538461538461453e-01
3.771999999999999797e+00,8.424598000869187864e-01
3.773000000000000131e+00,8.426770969143850820e-01
3.774000000000000021e+00,8.339852238157322573e-01
3.774999999999999911e+00,8.281182094741417199e-01
3.775999999999999801e+00,8.324641460234680768e-01
3.777000000000000135e+00,8.489787049109083217e-01
3.778000000000000025e+00,8.350717079530638465e-01
3.778999999999999915e+00,8.394176445023903144e-01
3.779999999999999805e+00,8.374619730551934316e-01
3.781000000000000139e+00,8.361581920903954357e-01
3.782000000000000028e+00,8.461538461538461453e-01
3.782999999999999918e+00,8.296392872664059004e-01
3.783999999999999808e+00,8.281182094741417199e-01
3.785000000000000142e+00,8.068231203824424158e-01
3.786000000000000032e+00,8.218166014776184802e-01
3.786999999999999922e+00,8.270317253368101307e-01
3.787999999999999812e+00,8.361581920903954357e-01
3.789000000000000146e+00,8.348544111255975508e-01
3.790000000000000036e+00,8.491960017383746173e-01
3.790999999999999925e+00,8.311603650586701919e-01
3.791999999999999815e+00,8.498478922207736153e-01
3.793000000000000149e+00,8.320295523685353745e-01
3.794000000000000039e+00,8.250760538896132479e-01
3.794999999999999929e+00,8.348544111255975508e-01
3.795999999999999819e+00,8.222511951325510715e-01
3.797000000000000153e+00,8.224684919600173671e-01
3.798000000000000043e+00,8.276836158192090176e-01
3.798999999999999932e+00,8.131247283789656555e-01
3.799999999999999822e+00,8.289873967840069025e-01
3.801000000000000156e+00,8.226857887874836628e-01
3.802000000000000046e+00,8.281182094741417199e-01
3.802999999999999936e+00,8.322468491960017811e-01
3.803999999999999826e+00,8.376792698826597272e-01
3.805000000000000160e+00,8.322468491960017811e-01
3.806000000000000050e+00,8.252933507170795435e-01
3.806999999999999940e+00,8.270317253368101307e-01
3.807999999999999829e+00,8.381138635375923185e-01
3.809000000000000163e+00,8.346371142981312552e-01
3.810000000000000053e+00,8.346371142981312552e-01
3.810999999999999943e+00,8.396349413298566100e-01
3.811999999999999833e+00,8.339852238157322573e-01
3.813000000000000167e+00,8.350717079530638465e-01
3.814000000000000057e+00,8.478922207735767325e-01
3.814999999999999947e+00,8.378965667101260228e-01
3.815999999999999837e+00,8.450673620165145561e-01
3.817000000000000171e+00,8.322468491960017811e-01
3.818000000000000060e+00,8.307257714037374896e-01
3.818999999999999950e+00,8.385484571925250208e-01
3.819999999999999840e+00,8.385484571925250208e-01
3.821000000000000174e+00,8.292046936114733091e-01
3.822000000000000064e+00,8.270317253368101307e-01
3.822999999999999954e+00,8.298565840938721960e-01
3.823999999999999844e+00,8.229030856149500694e-01
3.825000000000000178e+00,8.342025206431986639e-01
3.826000000000000068e+00,8.279009126466753132e-01
3.826999999999999957e+00,8.279009126466753132e-01
3.827999999999999847e+00,8.431116905693176733e-01
3.829000000000000181e+00,8.202955236853541887e-01
3.830000000000000071e+00,8.248587570621468412e-01
3.830999999999999961e+00,8.150803998261625383e-01
3.831999999999999851e+00,8.257279443720121348e-01
3.833000000000000185e+00,8.218166014776184802e-01
3.834000000000000075e+00,8.168187744458931254e-01
3.834999999999999964e+00,8.328987396784006680e-01
3.835999999999999854e+00,8.415906127770534928e-01
3.837000000000000188e+00,8.381138635375923185e-01
3.838000000000000078e+00,8.394176445023903144e-01
3.838999999999999968e+00,8.389830508474576121e-01
3.839999999999999858e+00,8.326814428509343724e-01
3.841000000000000192e+00,8.409387222946544949e-01
3.842000000000000082e+00,8.437635810517166712e-01
3.842999999999999972e+00,8.392003476749239077e-01
3.843999999999999861e+00,8.394176445023903144e-01
3.845000000000000195e+00,8.339852238157322573e-01
3.846000000000000085e+00,8.424598000869187864e-01
3.846999999999999975e+00,8.552803129074315613e-01
3.847999999999999865e+00,8.448500651890482605e-01
3.849000000000000199e+00,8.365927857453281380e-01
3.850000000000000089e+00,8.337679269882659616e-01
3.850999999999999979e+00,8.320295523685353745e-01
3.851999999999999869e+00,8.315949587136027832e-01
3.853000000000000203e+00,8.255106475445458392e-01
3.854000000000000092e+00,8.239895697522816587e-01
3.854999999999999982e+00,8.129074315514993598e-01
3.855999999999999872e+00,8.044328552803129417e-01
3.857000000000000206e+00,8.218166014776184802e-01
3.858000000000000096e+00,8.098652759669708878e-01
3.858999999999999986e+00,8.020425901781833566e-01
3.859999999999999876e+00,8.029117774880486502e-01
3.861000000000000210e+00,8.124728378965666575e-01
3.862000000000000099e+00,8.120382442416340663e-01
3.862999999999999989e+00,8.035636679704476482e-01
3.863999999999999879e+00,8.039982616253802394e-01
3.865000000000000213e+00,8.092133854845718899e-01
3.866000000000000103e+00,8.135593220338983578e-01
3.866999999999999993e+00,8.229030856149500694e-01
3.867999999999999883e+00,8.124728378965666575e-01
3.869000000000000217e+00,8.242068665797479543e-01
3.870000000000000107e+00,8.357235984354628444e-01
3.870999999999999996e+00,8.300738809213386027e-01
3.871999999999999886e+00,8.239895697522816587e-01
3.873000000000000220e+00,8.229030856149500694e-01
3.874000000000000110e+00,8.229030856149500694e-01
3.875000000000000000e+00,8.296392872664059004e-01
3.875999999999999890e+00,8.292046936114733091e-01
3.876999999999999780e+00,8.350717079530638465e-01
3.878000000000000114e+00,8.155149934810951295e-01
3.879000000000000004e+00,8.142112125162972447e-01
3.879999999999999893e+00,8.126901347240330642e-01
3.880999999999999783e+00,8.224684919600173671e-01
3.882000000000000117e+00,8.126901347240330642e-01
3.883000000000000007e+00,8.222511951325510715e-01
3.883999999999999897e+00,8.259452411994785415e-01
3.884999999999999787e+00,8.274663189917427220e-01
3.886000000000000121e+00,8.218166014776184802e-01
3.887000000000000011e+00,8.105171664493698858e-01
3.887999999999999901e+00,8.270317253368101307e-01
3.888999999999999790e+00,8.150803998261625383e-01
3.890000000000000124e+00,8.318122555410690788e-01
3.891000000000000014e+00,8.120382442416340663e-01
3.891999999999999904e+00,8.313776618861364875e-01
3.892999999999999794e+00,8.187744458930900082e-01
3.894000000000000128e+00,8.089960886571055942e-01
3.895000000000000018e+00,8.272490221642764263e-01
3.895999999999999908e+00,8.261625380269448371e-01
3.896999999999999797e+00,8.387657540199913164e-01
3.898000000000000131e+00,8.263798348544111327e-01
3.899000000000000021e+00,8.383311603650587251e-01
3.899999999999999911e+00,8.365927857453281380e-01
3.900999999999999801e+00,8.268144285093437240e-01
3.902000000000000135e+00,8.148631029986962426e-01
3.903000000000000025e+00,8.159495871360278318e-01
3.903999999999999915e+00,8.215993046501520736e-01
3.904999999999999805e+00,8.118209474141677706e-01
3.906000000000000139e+00,8.233376792698826607e-01
3.907000000000000028e+00,8.089960886571055942e-01
3.907999999999999918e+00,8.294219904389396048e-01
3.908999999999999808e+00,8.161668839634941275e-01
3.910000000000000142e+00,8.279009126466753132e-01
3.911000000000000032e+00,8.337679269882659616e-01
3.911999999999999922e+00,8.189917427205563039e-01
3.912999999999999812e+00,8.409387222946544949e-01
3.914000000000000146e+00,8.246414602346805456e-01
3.915000000000000036e+00,8.265971316818774284e-01
3.915999999999999925e+00,8.305084745762711940e-01
3.916999999999999815e+00,8.433289873967839689e-01
3.918000000000000149e+00,8.285528031290743112e-01
3.919000000000000039e+00,8.239895697522816587e-01
3.919999999999999929e+00,8.300738809213386027e-01
3.920999999999999819e+00,8.292046936114733091e-01
3.922000000000000153e+00,8.168187744458931254e-01
3.923000000000000043e+00,8.142112125162972447e-01
3.923999999999999932e+00,8.222511951325510715e-01
3.924999999999999822e+00,8.326814428509343724e-01
3.926000000000000156e+00,8.289873967840069025e-01
3.927000000000000046e+00,8.218166014776184802e-01
3.927999999999999936e+00,8.066058235549761202e-01
3.928999999999999826e+00,8.124728378965666575e-01
3.930000000000000160e+00,8.109517601043024770e-01
3.931000000000000050e+00,8.207301173402867800e-01
3.931999999999999940e+00,8.215993046501520736e-01
3.932999999999999829e+00,8.102998696219034791e-01
3.934000000000000163e+00,8.129074315514993598e-01
3.935000000000000053e+00,8.231203824424163651e-01
3.935999999999999943e+00,8.018252933507170610e-01
3.936999999999999833e+00,8.116036505867014750e-01
3.938000000000000167e+00,8.085614950021730030e-01
3.939000000000000057e+00,8.076923076923077094e-01
3.939999999999999947e+00,7.998696219035201782e-01
3.940999999999999837e+00,8.202955236853541887e-01
3.942000000000000171e+00,8.076923076923077094e-01
3.943000000000000060e+00,8.155149934810951295e-01
3.943999999999999950e+00,8.107344632768361814e-01
3.944999999999999840e+00,8.057366362451108266e-01
3.946000000000000174e+00,8.085614950021730030e-01
3.947000000000000064e+00,8.196436332029551908e-01
3.947999999999999954e+00,8.215993046501520736e-01
3.948999999999999844e+00,8.146458061712299470e-01
3.950000000000000178e+00,8.192090395480225995e-01
3.951000000000000068e+00,8.072577140373750071e-01
3.951999999999999957e+00,8.109517601043024770e-01
3.952999999999999847e+00,8.252933507170795435e-01
3.954000000000000181e+00,8.192090395480225995e-01
3.955000000000000071e+00,8.320295523685353745e-01
3.955999999999999961e+00,8.085614950021730030e-01
3.956999999999999851e+00,8.231203824424163651e-01
3.958000000000000185e+00,8.085614950021730030e-01
3.959000000000000075e+00,8.187744458930900082e-01
3.959999999999999964e+00,8.207301173402867800e-01
3.960999999999999854e+00,8.183398522381573059e-01
3.962000000000000188e+00,8.137766188613646534e-01
3.963000000000000078e+00,8.089960886571055942e-01
3.963999999999999968e+00,8.120382442416340663e-01
3.964999999999999858e+00,7.972620599739244085e-01
3.966000000000000192e+00,7.996523250760538826e-01
3.967000000000000082e+00,8.055193394176445310e-01
3.967999999999999972e+00,8.003042155584528805e-01
3.968999999999999861e+00,8.168187744458931254e-01
3.970000000000000195e+00,8.066058235549761202e-01
3.971000000000000085e+00,7.913950456323337601e-01
3.971999999999999975e+00,8.152976966536288339e-01
3.972999999999999865e+00,7.974793568013907041e-01
3.974000000000000199e+00,8.009561060408517674e-01
3.975000000000000089e+00,8.126901347240330642e-01
3.975999999999999979e+00,8.126901347240330642e-01
3.976999999999999869e+00,8.013906996957844697e-01
3.978000000000000203e+00,7.890047805302042860e-01
3.979000000000000092e+00,7.931334202520643473e-01
3.979999999999999982e+00,8.066058235549761202e-01
3.980999999999999872e+00,8.011734028683181741e-01
3.982000000000000206e+00,8.137766188613646534e-01
3.983000000000000096e+00,8.053020425901782353e-01
3.983999999999999986e+00,7.922642329421990537e-01
3.984999999999999876e+00,7.979139504563232954e-01
3.986000000000000210e+00,8.031290743155149459e-01
3.987000000000000099e+00,8.079096045197740050e-01
3.987999999999999989e+00,8.116036505867014750e-01
3.988999999999999879e+00,8.013906996957844697e-01
3.990000000000000213e+00,8.072577140373750071e-01
3.991000000000000103e+00,8.120382442416340663e-01
3.991999999999999993e+00,8.072577140373750071e-01
3.992999999999999883e+00,8.315949587136027832e-01
3.994000000000000217e+00,8.215993046501520736e-01
3.995000000000000107e+00,8.257279443720121348e-01
3.995999999999999996e+00,8.089960886571055942e-01
3.996999999999999886e+00,8.172533681008257167e-01
3.998000000000000220e+00,8.152976966536288339e-01
3.999000000000000110e+00,8.374619730551934316e-01
4.000000000000000000e+00,8.187744458930900082e-01
4.001000000000000334e+00,8.081269013472403007e-01
4.001999999999999780e+00,8.133420252064319511e-01
4.003000000000000114e+00,8.142112125162972447e-01
4.003999999999999559e+00,8.118209474141677706e-01
4.004999999999999893e+00,8.268144285093437240e-01
4.006000000000000227e+00,8.244241634072142499e-01
4.006999999999999673e+00,8.320295523685353745e-01
4.008000000000000007e+00,8.050847457627118287e-01
4.009000000000000341e+00,8.179052585832247146e-01
4.009999999999999787e+00,8.042155584528465351e-01
4.011000000000000121e+00,8.187744458930900082e-01
4.011999999999999567e+00,8.170360712733594211e-01
4.012999999999999901e+00,8.068231203824424158e-01
4.014000000000000234e+00,8.129074315514993598e-01
4.014999999999999680e+00,8.292046936114733091e-01
4.016000000000000014e+00,8.139939156888309491e-01
4.017000000000000348e+00,8.315949587136027832e-01
4.017999999999999794e+00,8.339852238157322573e-01
4.019000000000000128e+00,8.226857887874836628e-01
4.019999999999999574e+00,8.265971316818774284e-01
4.020999999999999908e+00,8.402868318122554969e-01
4.022000000000000242e+00,8.431116905693176733e-01
4.022999999999999687e+00,8.300738809213386027e-01
4.024000000000000021e+00,8.335506301607996660e-01
4.025000000000000355e+00,8.320295523685353745e-01
4.025999999999999801e+00,8.215993046501520736e-01
4.027000000000000135e+00,8.409387222946544949e-01
4.027999999999999581e+00,8.072577140373750071e-01
4.028999999999999915e+00,8.424598000869187864e-01
4.030000000000000249e+00,8.194263363754888951e-01
4.030999999999999694e+00,8.383311603650587251e-01
4.032000000000000028e+00,8.385484571925250208e-01
4.033000000000000362e+00,8.667970447631464515e-01
4.033999999999999808e+00,8.711429813124728083e-01
4.035000000000000142e+00,8.578878748370273311e-01
4.035999999999999588e+00,8.646240764884832730e-01
4.036999999999999922e+00,8.448500651890482605e-01
4.038000000000000256e+00,8.407214254671881992e-01
4.038999999999999702e+00,8.515862668405040914e-01
4.040000000000000036e+00,8.511516731855715001e-01
4.041000000000000369e+00,8.585397653194263290e-01
4.041999999999999815e+00,8.420252064319860841e-01
4.043000000000000149e+00,8.344198174706649596e-01
4.043999999999999595e+00,8.326814428509343724e-01
4.044999999999999929e+00,8.418079096045197884e-01
4.046000000000000263e+00,8.498478922207736153e-01
4.046999999999999709e+00,8.409387222946544949e-01
4.048000000000000043e+00,8.279009126466753132e-01
4.049000000000000377e+00,8.224684919600173671e-01
4.049999999999999822e+00,8.328987396784006680e-01
4.051000000000000156e+00,8.478922207735767325e-01
4.051999999999999602e+00,8.344198174706649596e-01
4.052999999999999936e+00,8.502824858757062065e-01
4.054000000000000270e+00,8.581051716644937377e-01
4.054999999999999716e+00,8.522381573229030893e-01
4.056000000000000050e+00,8.215993046501520736e-01
4.057000000000000384e+00,8.196436332029551908e-01
4.057999999999999829e+00,8.259452411994785415e-01
4.059000000000000163e+00,8.363754889178618424e-01
4.059999999999999609e+00,8.478922207735767325e-01
4.060999999999999943e+00,8.237722729248152520e-01
4.062000000000000277e+00,8.383311603650587251e-01
4.062999999999999723e+00,8.374619730551934316e-01
4.064000000000000057e+00,8.296392872664059004e-01
4.065000000000000391e+00,8.481095176010430281e-01
4.065999999999999837e+00,8.283355063016080155e-01
4.067000000000000171e+00,8.407214254671881992e-01
4.067999999999999616e+00,8.283355063016080155e-01
4.068999999999999950e+00,8.400695349847892013e-01
4.070000000000000284e+00,8.511516731855715001e-01
4.070999999999999730e+00,8.463711429813124409e-01
4.072000000000000064e+00,8.433289873967839689e-01
4.073000000000000398e+00,8.489787049109083217e-01
4.073999999999999844e+00,8.398522381573229056e-01
4.075000000000000178e+00,8.531073446327683829e-01
4.075999999999999623e+00,8.365927857453281380e-01
4.076999999999999957e+00,8.541938287700999721e-01
4.078000000000000291e+00,8.385484571925250208e-01
4.078999999999999737e+00,8.448500651890482605e-01
4.080000000000000071e+00,8.383311603650587251e-01
4.081000000000000405e+00,8.461538461538461453e-01
4.081999999999999851e+00,8.476749239461104368e-01
4.083000000000000185e+00,8.455019556714471474e-01
4.083999999999999631e+00,8.378965667101260228e-01
4.084999999999999964e+00,8.418079096045197884e-01
4.086000000000000298e+00,8.322468491960017811e-01
4.086999999999999744e+00,8.396349413298566100e-01
4.088000000000000078e+00,8.415906127770534928e-01
4.089000000000000412e+00,8.518035636679704981e-01
4.089999999999999858e+00,8.394176445023903144e-01
4.091000000000000192e+00,8.389830508474576121e-01
4.091999999999999638e+00,8.361581920903954357e-01
4.092999999999999972e+00,8.402868318122554969e-01
4.094000000000000306e+00,8.239895697522816587e-01
4.094999999999999751e+00,8.481095176010430281e-01
4.096000000000000085e+00,8.396349413298566100e-01
4.097000000000000419e+00,8.428943937418513777e-01
4.097999999999999865e+00,8.287700999565406068e-01
4.099000000000000199e+00,8.407214254671881992e-01
4.099999999999999645e+00,8.313776618861364875e-01
4.100999999999999979e+00,8.361581920903954357e-01
4.102000000000000313e+00,8.435462842242503756e-01
4.102999999999999758e+00,8.315949587136027832e-01
4.104000000000000092e+00,8.244241634072142499e-01
4.105000000000000426e+00,8.418079096045197884e-01
4.105999999999999872e+00,8.441981747066492625e-01
4.107000000000000206e+00,8.405041286397219036e-01
4.107999999999999652e+00,8.185571490656236016e-01
4.108999999999999986e+00,8.439808778791829669e-01
4.110000000000000320e+00,8.402868318122554969e-01
4.110999999999999766e+00,8.355063016079965488e-01
4.112000000000000099e+00,8.372446762277270249e-01
4.113000000000000433e+00,8.322468491960017811e-01
4.113999999999999879e+00,8.326814428509343724e-01
4.115000000000000213e+00,8.344198174706649596e-01
4.115999999999999659e+00,8.187744458930900082e-01
4.116999999999999993e+00,8.415906127770534928e-01
4.118000000000000327e+00,8.335506301607996660e-01
4.118999999999999773e+00,8.402868318122554969e-01
4.120000000000000107e+00,8.359408952629291401e-01
4.121000000000000441e+00,8.413733159495870861e-01
4.121999999999999886e+00,8.568013906996957418e-01
4.123000000000000220e+00,8.468057366362451432e-01
4.123999999999999666e+00,8.385484571925250208e-01
4.125000000000000000e+00,8.474576271186440302e-01
4.126000000000000334e+00,8.276836158192090176e-01
4.126999999999999780e+00,8.318122555410690788e-01
4.128000000000000114e+00,8.292046936114733091e-01
4.128999999999999559e+00,8.418079096045197884e-01
4.129999999999999893e+00,8.405041286397219036e-01
4.131000000000000227e+00,8.431116905693176733e-01
4.131999999999999673e+00,8.457192524989135540e-01
4.133000000000000007e+00,8.576705780095610354e-01
4.134000000000000341e+00,8.441981747066492625e-01
4.134999999999999787e+00,8.279009126466753132e-01
4.136000000000000121e+00,8.361581920903954357e-01
4.136999999999999567e+00,8.496305953933072086e-01
4.137999999999999901e+00,8.472403302911777345e-01
4.139000000000000234e+00,8.405041286397219036e-01
4.139999999999999680e+00,8.407214254671881992e-01
4.141000000000000014e+00,8.446327683615819648e-01
4.142000000000000348e+00,8.535419382877009742e-01
4.142999999999999794e+00,8.420252064319860841e-01
4.144000000000000128e+00,8.502824858757062065e-01
4.144999999999999574e+00,8.596262494567579182e-01
4.145999999999999908e+00,8.585397653194263290e-01
4.147000000000000242e+00,8.452846588439808517e-01
4.147999999999999687e+00,8.441981747066492625e-01
4.149000000000000021e+00,8.461538461538461453e-01
4.150000000000000355e+00,8.478922207735767325e-01
4.150999999999999801e+00,8.472403302911777345e-01
4.152000000000000135e+00,8.418079096045197884e-01
4.152999999999999581e+00,8.420252064319860841e-01
4.153999999999999915e+00,8.389830508474576121e-01
4.155000000000000249e+00,8.470230334637114389e-01
4.155999999999999694e+00,8.457192524989135540e-01
4.157000000000000028e+00,8.437635810517166712e-01
4.158000000000000362e+00,8.378965667101260228e-01
4.158999999999999808e+00,8.455019556714471474e-01
4.160000000000000142e+00,8.413733159495870861e-01
4.160999999999999588e+00,8.292046936114733091e-01
4.161999999999999922e+00,8.261625380269448371e-01
4.163000000000000256e+00,8.363754889178618424e-01
4.163999999999999702e+00,8.289873967840069025e-01
4.165000000000000036e+00,8.352890047805302531e-01
4.166000000000000369e+00,8.313776618861364875e-01
4.166999999999999815e+00,8.313776618861364875e-01
4.168000000000000149e+00,8.328987396784006680e-01
4.168999999999999595e+00,8.435462842242503756e-01
4.169999999999999929e+00,8.504997827031725022e-01
4.171000000000000263e+00,8.398522381573229056e-01
4.171999999999999709e+00,8.365927857453281380e-01
4.173000000000000043e+00,8.381138635375923185e-01
4.174000000000000377e+00,8.370273794002607293e-01
4.174999999999999822e+00,8.374619730551934316e-01
4.176000000000000156e+00,8.359408952629291401e-01
4.176999999999999602e+00,8.378965667101260228e-01
4.177999999999999936e+00,8.461538461538461453e-01
4.179000000000000270e+00,8.441981747066492625e-01
4.179999999999999716e+00,8.552803129074315613e-01
4.181000000000000050e+00,8.344198174706649596e-01
4.182000000000000384e+00,8.335506301607996660e-01
4.182999999999999829e+00,8.515862668405040914e-01
4.184000000000000163e+00,8.537592351151672698e-01
4.184999999999999609e+00,8.448500651890482605e-01
4.185999999999999943e+00,8.420252064319860841e-01
4.187000000000000277e+00,8.331160365058669637e-01
4.187999999999999723e+00,8.450673620165145561e-01
4.189000000000000057e+00,8.524554541503693850e-01
4.190000000000000391e+00,8.396349413298566100e-01
4.190999999999999837e+00,8.539765319426336765e-01
4.192000000000000171e+00,8.557149065623641526e-01
4.192999999999999616e+00,8.465884398087787366e-01
4.193999999999999950e+00,8.402868318122554969e-01
4.195000000000000284e+00,8.528900478053020873e-01
4.195999999999999730e+00,8.496305953933072086e-01
4.197000000000000064e+00,8.604954367666232118e-01
4.198000000000000398e+00,8.594089526292916226e-01
4.198999999999999844e+00,8.546284224250325634e-01
4.200000000000000178e+00,8.389830508474576121e-01
4.200999999999999623e+00,8.298565840938721960e-01
4.201999999999999957e+00,8.500651890482399109e-01
4.203000000000000291e+00,8.378965667101260228e-01
4.203999999999999737e+00,8.481095176010430281e-01
4.205000000000000071e+00,8.572359843546284441e-01
4.206000000000000405e+00,8.526727509778356806e-01
4.206999999999999851e+00,8.428943937418513777e-01
4.208000000000000185e+00,8.507170795306387978e-01
4.208999999999999631e+00,8.552803129074315613e-01
4.209999999999999964e+00,8.572359843546284441e-01
4.211000000000000298e+00,8.459365493263798497e-01
4.211999999999999744e+00,8.435462842242503756e-01
4.213000000000000078e+00,8.631029986962189815e-01
4.214000000000000412e+00,8.478922207735767325e-01
4.214999999999999858e+00,8.491960017383746173e-01
4.216000000000000192e+00,8.511516731855715001e-01
4.216999999999999638e+00,8.596262494567579182e-01
4.217999999999999972e+00,8.402868318122554969e-01
4.219000000000000306e+00,8.639721860060842751e-01
4.219999999999999751e+00,8.511516731855715001e-01
4.221000000000000085e+00,8.504997827031725022e-01
4.222000000000000419e+00,8.446327683615819648e-01
4.222999999999999865e+00,8.400695349847892013e-01
4.224000000000000199e+00,8.455019556714471474e-01
4.224999999999999645e+00,8.600608431116906205e-01
4.225999999999999979e+00,8.422425032594523797e-01
4.227000000000000313e+00,8.611473272490222097e-01
4.227999999999999758e+00,8.613646240764885054e-01
4.229000000000000092e+00,8.533246414602346785e-01
4.230000000000000426e+00,8.407214254671881992e-01
4.230999999999999872e+00,8.337679269882659616e-01
4.232000000000000206e+00,8.328987396784006680e-01
4.232999999999999652e+00,8.246414602346805456e-01
4.233999999999999986e+00,8.572359843546284441e-01
4.235000000000000320e+00,8.428943937418513777e-01
4.235999999999999766e+00,8.435462842242503756e-01
4.237000000000000099e+00,8.511516731855715001e-01
4.238000000000000433e+00,8.402868318122554969e-01
4.238999999999999879e+00,8.498478922207736153e-01
4.240000000000000213e+00,8.513689700130377958e-01
4.240999999999999659e+00,8.533246414602346785e-01
4.241999999999999993e+00,8.554976097348978570e-01
4.243000000000000327e+00,8.511516731855715001e-01
4.243999999999999773e+00,8.372446762277270249e-01
4.245000000000000107e+00,8.213820078226857779e-01
4.246000000000000441e+00,8.400695349847892013e-01
4.246999999999999886e+00,8.435462842242503756e-01
4.248000000000000220e+00,8.450673620165145561e-01
4.248999999999999666e+00,8.465884398087787366e-01
4.250000000000000000e+00,8.263798348544111327e-01
4.251000000000000334e+00,8.342025206431986639e-01
4.251999999999999780e+00,8.326814428509343724e-01
4.253000000000000114e+00,8.311603650586701919e-01
4.253999999999999559e+00,8.252933507170795435e-01
4.254999999999999893e+00,8.368100825727944336e-01
4.256000000000000227e+00,8.305084745762711940e-01
4.256999999999999673e+00,8.363754889178618424e-01
4.258000000000000007e+00,8.422425032594523797e-01
4.259000000000000341e+00,8.333333333333333703e-01
4.259999999999999787e+00,8.315949587136027832e-01
4.261000000000000121e+00,8.331160365058669637e-01
4.261999999999999567e+00,8.242068665797479543e-01
4.262999999999999901e+00,8.237722729248152520e-01
4.264000000000000234e+00,8.450673620165145561e-01
4.264999999999999680e+00,8.420252064319860841e-01
4.266000000000000014e+00,8.296392872664059004e-01
4.267000000000000348e+00,8.220338983050847759e-01
4.267999999999999794e+00,8.441981747066492625e-01
4.269000000000000128e+00,8.424598000869187864e-01
4.269999999999999574e+00,8.450673620165145561e-01
4.270999999999999908e+00,8.407214254671881992e-01
4.272000000000000242e+00,8.361581920903954357e-01
4.272999999999999687e+00,8.437635810517166712e-01
4.274000000000000021e+00,8.428943937418513777e-01
4.275000000000000355e+00,8.400695349847892013e-01
4.275999999999999801e+00,8.328987396784006680e-01
4.277000000000000135e+00,8.422425032594523797e-01
4.277999999999999581e+00,8.374619730551934316e-01
4.278999999999999915e+00,8.361581920903954357e-01
4.280000000000000249e+00,8.309430682312037852e-01
4.280999999999999694e+00,8.396349413298566100e-01
4.282000000000000028e+00,8.305084745762711940e-01
4.283000000000000362e+00,8.370273794002607293e-01
4.283999999999999808e+00,8.207301173402867800e-01
4.285000000000000142e+00,8.159495871360278318e-01
4.285999999999999588e+00,8.172533681008257167e-01
4.286999999999999922e+00,8.246414602346805456e-01
4.288000000000000256e+00,8.289873967840069025e-01
4.288999999999999702e+00,8.229030856149500694e-01
4.290000000000000036e+00,8.118209474141677706e-01
4.291000000000000369e+00,8.161668839634941275e-01
4.291999999999999815e+00,8.176879617557584190e-01
4.293000000000000149e+00,8.302911777488048983e-01
4.293999999999999595e+00,8.355063016079965488e-01
4.294999999999999929e+00,8.157322903085615362e-01
4.296000000000000263e+00,8.263798348544111327e-01
4.296999999999999709e+00,8.259452411994785415e-01
4.298000000000000043e+00,8.215993046501520736e-01
4.299000000000000377e+00,8.031290743155149459e-01
4.299999999999999822e+00,8.126901347240330642e-01
4.301000000000000156e+00,8.179052585832247146e-01
4.301999999999999602e+00,8.192090395480225995e-01
4.302999999999999936e+00,8.202955236853541887e-01
4.304000000000000270e+00,8.337679269882659616e-01
4.304999999999999716e+00,8.213820078226857779e-01
4.306000000000000050e+00,8.239895697522816587e-01
4.307000000000000384e+00,8.150803998261625383e-01
4.307999999999999829e+00,8.170360712733594211e-01
4.309000000000000163e+00,8.274663189917427220e-01
4.309999999999999609e+00,8.239895697522816587e-01
4.310999999999999943e+00,8.159495871360278318e-01
4.312000000000000277e+00,8.111690569317687727e-01
4.312999999999999723e+00,8.183398522381573059e-01
4.314000000000000057e+00,8.144285093437635403e-01
4.315000000000000391e+00,8.135593220338983578e-01
4.315999999999999837e+00,8.194263363754888951e-01
4.317000000000000171e+00,8.339852238157322573e-01
4.317999999999999616e+00,8.096479791395045922e-01
4.318999999999999950e+00,8.163841807909604231e-01
4.320000000000000284e+00,8.222511951325510715e-01
4.320999999999999730e+00,8.070404172099087114e-01
4.322000000000000064e+00,8.070404172099087114e-01
4.323000000000000398e+00,8.096479791395045922e-01
4.323999999999999844e+00,8.120382442416340663e-01
4.325000000000000178e+00,8.155149934810951295e-01
4.325999999999999623e+00,8.111690569317687727e-01
4.326999999999999957e+00,8.235549760973489564e-01
4.328000000000000291e+00,8.092133854845718899e-01
4.328999999999999737e+00,8.105171664493698858e-01
4.330000000000000071e+00,7.990004345936548846e-01
4.331000000000000405e+00,8.105171664493698858e-01
4.331999999999999851e+00,8.076923076923077094e-01
4.333000000000000185e+00,8.137766188613646534e-01
4.333999999999999631e+00,8.087787918296392986e-01
4.334999999999999964e+00,8.033463711429813525e-01
4.336000000000000298e+00,7.972620599739244085e-01
4.336999999999999744e+00,7.996523250760538826e-01
4.338000000000000078e+00,8.116036505867014750e-01
4.339000000000000412e+00,8.087787918296392986e-01
4.339999999999999858e+00,8.061712299000434179e-01
4.341000000000000192e+00,7.998696219035201782e-01
4.341999999999999638e+00,8.157322903085615362e-01
4.342999999999999972e+00,8.185571490656236016e-01
4.344000000000000306e+00,8.202955236853541887e-01
4.344999999999999751e+00,8.196436332029551908e-01
4.346000000000000085e+00,8.168187744458931254e-01
4.347000000000000419e+00,8.148631029986962426e-01
4.347999999999999865e+00,8.168187744458931254e-01
4.349000000000000199e+00,8.237722729248152520e-01
4.349999999999999645e+00,8.176879617557584190e-01
4.350999999999999979e+00,8.074750108648414137e-01
4.352000000000000313e+00,8.250760538896132479e-01
4.352999999999999758e+00,8.111690569317687727e-01
4.354000000000000092e+00,8.263798348544111327e-01
4.355000000000000426e+00,8.211647109952194823e-01
4.355999999999999872e+00,8.024771838331160589e-01
4.357000000000000206e+00,8.226857887874836628e-01
4.357999999999999652e+00,8.107344632768361814e-01
4.358999999999999986e+00,8.189917427205563039e-01
4.360000000000000320e+00,8.279009126466753132e-01
4.360999999999999766e+00,8.233376792698826607e-01
4.362000000000000099e+00,8.113863537592350683e-01
4.363000000000000433e+00,8.237722729248152520e-01
4.363999999999999879e+00,8.244241634072142499e-01
4.365000000000000213e+00,8.011734028683181741e-01
4.365999999999999659e+00,8.146458061712299470e-01
4.366999999999999993e+00,8.120382442416340663e-01
4.368000000000000327e+00,8.142112125162972447e-01
4.368999999999999773e+00,8.166014776184267188e-01
4.370000000000000107e+00,7.903085614950021709e-01
4.371000000000000441e+00,8.096479791395045922e-01
4.371999999999999886e+00,8.129074315514993598e-01
4.373000000000000220e+00,8.142112125162972447e-01
4.373999999999999666e+00,7.968274663189917062e-01
4.375000000000000000e+00,8.116036505867014750e-01
4.376000000000000334e+00,8.207301173402867800e-01
4.376999999999999780e+00,8.331160365058669637e-01
4.378000000000000114e+00,8.276836158192090176e-01
4.378999999999999559e+00,8.113863537592350683e-01
4.379999999999999893e+00,8.235549760973489564e-01
4.381000000000000227e+00,8.355063016079965488e-01
4.381999999999999673e+00,8.309430682312037852e-01
4.383000000000000007e+00,8.063885267275098245e-01
4.384000000000000341e+00,8.296392872664059004e-01
4.384999999999999787e+00,8.192090395480225995e-01
4.386000000000000121e+00,8.213820078226857779e-01
4.386999999999999567e+00,8.042155584528465351e-01
4.387999999999999901e+00,8.092133854845718899e-01
4.389000000000000234e+00,8.163841807909604231e-01
4.389999999999999680e+00,8.205128205128204844e-01
4.391000000000000014e+00,8.139939156888309491e-01
4.392000000000000348e+00,8.118209474141677706e-01
4.392999999999999794e+00,8.131247283789656555e-01
4.394000000000000128e+00,8.157322903085615362e-01
4.394999999999999574e+00,8.378965667101260228e-01
4.395999999999999908e+00,7.983485441112559977e-01
4.397000000000000242e+00,8.076923076923077094e-01
4.397999999999999687e+00,8.161668839634941275e-01
4.399000000000000021e+00,8.239895697522816587e-01
4.400000000000000355e+00,8.185571490656236016e-01
4.400999999999999801e+00,8.083441981747065963e-01
4.402000000000000135e+00,8.252933507170795435e-01
4.402999999999999581e+00,8.263798348544111327e-01
4.403999999999999915e+00,8.144285093437635403e-01
4.405000000000000249e+00,8.263798348544111327e-01
4.405999999999999694e+00,8.181225554106910103e-01
4.407000000000000028e+00,8.224684919600173671e-01
4.408000000000000362e+00,8.276836158192090176e-01
4.408999999999999808e+00,8.220338983050847759e-01
4.410000000000000142e+00,8.224684919600173671e-01
4.410999999999999588e+00,8.166014776184267188e-01
4.411999999999999922e+00,8.270317253368101307e-01
4.413000000000000256e+00,8.111690569317687727e-01
4.413999999999999702e+00,8.124728378965666575e-01
4.415000000000000036e+00,8.146458061712299470e-01
4.416000000000000369e+00,8.174706649282920123e-01
4.416999999999999815e+00,8.118209474141677706e-01
4.418000000000000149e+00,8.120382442416340663e-01
4.418999999999999595e+00,8.166014776184267188e-01
4.419999999999999929e+00,8.118209474141677706e-01
4.421000000000000263e+00,8.022598870056497633e-01
4.421999999999999709e+00,7.983485441112559977e-01
4.423000000000000043e+00,7.987831377661885890e-01
4.424000000000000377e+00,7.872664059104736989e-01
4.424999999999999822e+00,7.961755758365928193e-01
4.426000000000000156e+00,8.179052585832247146e-01
4.426999999999999602e+00,7.907431551499347622e-01
4.427999999999999936e+00,8.194263363754888951e-01
4.429000000000000270e+00,8.003042155584528805e-01
4.429999999999999716e+00,8.037809647979139438e-01
4.431000000000000050e+00,8.009561060408517674e-01
4.432000000000000384e+00,8.031290743155149459e-01
4.432999999999999829e+00,8.213820078226857779e-01
4.434000000000000163e+00,7.879182963928726968e-01
4.434999999999999609e+00,8.005215123859191761e-01
4.435999999999999943e+00,8.105171664493698858e-01
4.437000000000000277e+00,8.053020425901782353e-01
4.437999999999999723e+00,7.998696219035201782e-01
4.439000000000000057e+00,8.066058235549761202e-01
4.440000000000000391e+00,8.135593220338983578e-01
4.440999999999999837e+00,8.131247283789656555e-01
4.442000000000000171e+00,8.135593220338983578e-01
4.442999999999999616e+00,8.098652759669708878e-01
4.443999999999999950e+00,8.048674489352455330e-01
4.445000000000000284e+00,8.066058235549761202e-01
4.445999999999999730e+00,8.135593220338983578e-01
4.447000000000000064e+00,8.018252933507170610e-01
4.448000000000000398e+00,8.137766188613646534e-01
4.448999999999999844e+00,8.144285093437635403e-01
4.450000000000000178e+00,8.105171664493698858e-01
4.450999999999999623e+00,8.200782268578878931e-01
4.451999999999999957e+00,8.215993046501520736e-01
4.453000000000000291e+00,8.222511951325510715e-01
4.453999999999999737e+00,8.133420252064319511e-01
4.455000000000000071e+00,8.242068665797479543e-01
4.456000000000000405e+00,8.009561060408517674e-01
4.456999999999999851e+00,7.981312472837897021e-01
4.458000000000000185e+00,8.055193394176445310e-01
4.458999999999999631e+00,7.916123424598000557e-01
4.459999999999999964e+00,7.933507170795306429e-01
4.461000000000000298e+00,7.807475010864841636e-01
4.461999999999999744e+00,7.983485441112559977e-01
4.463000000000000078e+00,7.853107344632768161e-01
4.464000000000000412e+00,8.129074315514993598e-01
4.464999999999999858e+00,7.959582790091264126e-01
4.466000000000000192e+00,7.924815297696653493e-01
4.466999999999999638e+00,7.794437201216862787e-01
4.467999999999999972e+00,7.833550630160799333e-01
4.469000000000000306e+00,7.909604519774011688e-01
4.469999999999999751e+00,8.042155584528465351e-01
4.471000000000000085e+00,8.016079965232507654e-01
4.472000000000000419e+00,8.107344632768361814e-01
4.472999999999999865e+00,7.787918296392872808e-01
4.474000000000000199e+00,8.011734028683181741e-01
4.474999999999999645e+00,7.907431551499347622e-01
4.475999999999999979e+00,7.890047805302042860e-01
4.477000000000000313e+00,7.920469361147327580e-01
4.477999999999999758e+00,8.039982616253802394e-01
4.479000000000000092e+00,8.079096045197740050e-01
4.480000000000000426e+00,8.013906996957844697e-01
4.480999999999999872e+00,7.946544980443285278e-01
4.482000000000000206e+00,7.966101694915254106e-01
4.482999999999999652e+00,7.833550630160799333e-01
4.483999999999999986e+00,7.933507170795306429e-01
4.485000000000000320e+00,7.937853107344632342e-01
4.485999999999999766e+00,7.881355932203389925e-01
4.487000000000000099e+00,7.950890916992612301e-01
4.488000000000000433e+00,7.950890916992612301e-01
4.488999999999999879e+00,8.063885267275098245e-01
4.490000000000000213e+00,8.100825727944371835e-01
4.490999999999999659e+00,7.994350282485875869e-01
4.491999999999999993e+00,7.979139504563232954e-01
4.493000000000000327e+00,8.029117774880486502e-01
4.493999999999999773e+00,7.870491090830074032e-01
4.495000000000000107e+00,7.976966536288569998e-01
4.496000000000000441e+00,7.933507170795306429e-01
4.496999999999999886e+00,8.083441981747065963e-01
4.498000000000000220e+00,8.053020425901782353e-01
4.498999999999999666e+00,8.085614950021730030e-01
4.500000000000000000e+00,8.142112125162972447e-01
4.501000000000000334e+00,8.081269013472403007e-01
4.501999999999999780e+00,8.124728378965666575e-01
4.503000000000000114e+00,7.957409821816601170e-01
4.503999999999999559e+00,7.929161234245980516e-01
4.504999999999999893e+00,8.183398522381573059e-01
4.506000000000000227e+00,8.133420252064319511e-01
4.506999999999999673e+00,7.976966536288569998e-01
4.508000000000000007e+00,7.885701868752715837e-01
4.509000000000000341e+00,7.844415471534115225e-01
4.509999999999999787e+00,7.985658409387222934e-01
4.511000000000000121e+00,7.968274663189917062e-01
4.511999999999999567e+00,7.824858757062146397e-01
4.512999999999999901e+00,7.870491090830074032e-01
4.514000000000000234e+00,7.894393741851368773e-01
4.514999999999999680e+00,7.918296392872663514e-01
4.516000000000000014e+00,7.961755758365928193e-01
4.517000000000000348e+00,7.996523250760538826e-01
4.517999999999999794e+00,7.844415471534115225e-01
4.519000000000000128e+00,7.957409821816601170e-01
4.519999999999999574e+00,7.920469361147327580e-01
4.520999999999999908e+00,7.974793568013907041e-01
4.522000000000000242e+00,8.007388092133854718e-01
4.522999999999999687e+00,7.983485441112559977e-01
4.524000000000000021e+00,8.003042155584528805e-01
4.525000000000000355e+00,7.879182963928726968e-01
4.525999999999999801e+00,7.811820947414167549e-01
4.527000000000000135e+00,7.870491090830074032e-01
4.527999999999999581e+00,7.870491090830074032e-01
4.528999999999999915e+00,7.866145154280747009e-01
4.530000000000000249e+00,7.894393741851368773e-01
4.530999999999999694e+00,7.813993915688830505e-01
4.532000000000000028e+00,7.798783137766188700e-01
4.533000000000000362e+00,7.853107344632768161e-01
4.533999999999999808e+00,7.890047805302042860e-01
4.535000000000000142e+00,7.822685788787483441e-01
4.535999999999999588e+00,7.840069534984789312e-01
4.536999999999999922e+00,7.800956106040851656e-01
4.538000000000000256e+00,7.870491090830074032e-01
4.538999999999999702e+00,7.813993915688830505e-01
4.540000000000000036e+00,7.903085614950021709e-01
4.541000000000000369e+00,7.887874837027379904e-01
4.541999999999999815e+00,7.918296392872663514e-01
4.543000000000000149e+00,7.992177314211212913e-01
4.543999999999999595e+00,7.968274663189917062e-01
4.544999999999999929e+00,8.020425901781833566e-01
4.546000000000000263e+00,8.059539330725771222e-01
4.546999999999999709e+00,8.063885267275098245e-01
4.548000000000000043e+00,7.924815297696653493e-01
4.549000000000000377e+00,7.885701868752715837e-01
4.549999999999999822e+00,7.811820947414167549e-01
4.551000000000000156e+00,7.853107344632768161e-01
4.551999999999999602e+00,7.835723598435462289e-01
4.552999999999999936e+00,7.866145154280747009e-01
4.554000000000000270e+00,7.803129074315514613e-01
4.554999999999999716e+00,7.818339852238157528e-01
4.556000000000000050e+00,7.872664059104736989e-01
4.557000000000000384e+00,7.894393741851368773e-01
4.557999999999999829e+00,7.961755758365928193e-01
4.559000000000000163e+00,7.918296392872663514e-01
4.559999999999999609e+00,7.944372012168622321e-01
4.560999999999999943e+00,7.972620599739244085e-01
4.562000000000000277e+00,7.955236853541938213e-01
4.562999999999999723e+00,8.150803998261625383e-01
4.564000000000000057e+00,7.764015645371578067e-01
4.565000000000000391e+00,7.990004345936548846e-01
4.565999999999999837e+00,8.013906996957844697e-01
4.567000000000000171e+00,8.100825727944371835e-01
4.567999999999999616e+00,7.940026075619296408e-01
4.568999999999999950e+00,7.924815297696653493e-01
4.570000000000000284e+00,8.024771838331160589e-01
4.570999999999999730e+00,7.974793568013907041e-01
4.572000000000000064e+00,7.957409821816601170e-01
4.573000000000000398e+00,7.953063885267275257e-01
4.573999999999999844e+00,8.003042155584528805e-01
4.575000000000000178e+00,7.879182963928726968e-01
4.575999999999999623e+00,7.674923946110386863e-01
4.576999999999999957e+00,7.790091264667535764e-01
4.578000000000000291e+00,7.935680139069969385e-01
4.578999999999999737e+00,7.770534550195566936e-01
4.580000000000000071e+00,7.844415471534115225e-01
4.581000000000000405e+00,7.807475010864841636e-01
4.581999999999999851e+00,7.835723598435462289e-01
4.583000000000000185e+00,7.816166883963494572e-01
4.583999999999999631e+00,7.816166883963494572e-01
4.584999999999999964e+00,7.957409821816601170e-01
4.586000000000000298e+00,7.985658409387222934e-01
4.586999999999999744e+00,7.898739678400695796e-01
4.588000000000000078e+00,7.894393741851368773e-01
4.589000000000000412e+00,7.737940026075619260e-01
4.589999999999999858e+00,7.916123424598000557e-01
4.591000000000000192e+00,7.766188613646241024e-01
4.591999999999999638e+00,7.861799217731421097e-01
4.592999999999999972e+00,7.881355932203389925e-01
4.594000000000000306e+00,7.794437201216862787e-01
4.594999999999999751e+00,7.887874837027379904e-01
4.596000000000000085e+00,7.846588439808779292e-01
4.597000000000000419e+00,7.998696219035201782e-01
4.597999999999999865e+00,7.831377661886136377e-01
4.599000000000000199e+00,8.042155584528465351e-01
4.599999999999999645e+00,7.883528900478052881e-01
4.600999999999999979e+00,7.883528900478052881e-01
4.602000000000000313e+00,7.833550630160799333e-01
4.602999999999999758e+00,7.766188613646241024e-01
4.604000000000000092e+00,7.842242503259452269e-01
4.605000000000000426e+00,7.870491090830074032e-01
4.605999999999999872e+00,7.685788787483702755e-01
4.607000000000000206e+00,7.966101694915254106e-01
4.607999999999999652e+00,7.892220773576705817e-01
4.608999999999999986e+00,7.881355932203389925e-01
4.610000000000000320e+00,7.748804867448935152e-01
4.610999999999999766e+00,7.842242503259452269e-01
4.612000000000000099e+00,7.907431551499347622e-01
4.613000000000000433e+00,7.840069534984789312e-01
4.613999999999999879e+00,7.922642329421990537e-01
4.615000000000000213e+00,7.748804867448935152e-01
4.615999999999999659e+00,7.903085614950021709e-01
4.616999999999999993e+00,7.737940026075619260e-01
4.618000000000000327e+00,7.774880486744893959e-01
4.618999999999999773e+00,7.685788787483702755e-01
4.620000000000000107e+00,7.781399391568882828e-01
4.621000000000000441e+00,7.707518470230334540e-01
4.621999999999999886e+00,7.877009995654062902e-01
4.623000000000000220e+00,7.772707518470229893e-01
4.623999999999999666e+00,7.753150803998262175e-01
4.625000000000000000e+00,7.866145154280747009e-01
4.626000000000000334e+00,7.968274663189917062e-01
4.626999999999999780e+00,7.966101694915254106e-01
4.628000000000000114e+00,7.905258583224684665e-01
4.628999999999999559e+00,7.855280312907431117e-01
4.629999999999999893e+00,8.013906996957844697e-01
4.631000000000000227e+00,8.081269013472403007e-01
4.631999999999999673e+00,7.746631899174272196e-01
4.633000000000000007e+00,8.150803998261625383e-01
4.634000000000000341e+00,7.968274663189917062e-01
4.634999999999999787e+00,7.842242503259452269e-01
4.636000000000000121e+00,7.963928726640591149e-01
4.636999999999999567e+00,7.924815297696653493e-01
4.637999999999999901e+00,8.013906996957844697e-01
4.639000000000000234e+00,7.972620599739244085e-01
4.639999999999999680e+00,8.018252933507170610e-01
4.641000000000000014e+00,7.870491090830074032e-01
4.642000000000000348e+00,7.937853107344632342e-01
4.642999999999999794e+00,7.805302042590178679e-01
4.644000000000000128e+00,7.809647979139504592e-01
4.644999999999999574e+00,7.692307692307692735e-01
4.645999999999999908e+00,7.872664059104736989e-01
4.647000000000000242e+00,7.740112994350282216e-01
4.647999999999999687e+00,7.922642329421990537e-01
4.649000000000000021e+00,7.892220773576705817e-01
4.650000000000000355e+00,7.896566710126031730e-01
4.650999999999999801e+00,7.742285962624945173e-01
4.652000000000000135e+00,7.944372012168622321e-01
4.652999999999999581e+00,7.796610169491525744e-01
4.653999999999999915e+00,7.916123424598000557e-01
4.655000000000000249e+00,7.863972186006084053e-01
4.655999999999999694e+00,7.883528900478052881e-01
4.657000000000000028e+00,7.861799217731421097e-01
4.658000000000000362e+00,8.003042155584528805e-01
4.658999999999999808e+00,7.920469361147327580e-01
4.660000000000000142e+00,7.890047805302042860e-01
4.660999999999999588e+00,7.781399391568882828e-01
4.661999999999999922e+00,8.018252933507170610e-01
4.663000000000000256e+00,7.833550630160799333e-01
4.663999999999999702e+00,7.853107344632768161e-01
4.665000000000000036e+00,8.076923076923077094e-01
4.666000000000000369e+00,7.827031725336810464e-01
4.666999999999999815e+00,7.733594089526293347e-01
4.668000000000000149e+00,7.737940026075619260e-01
4.668999999999999595e+00,7.868318122555411076e-01
4.669999999999999929e+00,7.681442850934376843e-01
4.671000000000000263e+00,7.816166883963494572e-01
4.671999999999999709e+00,7.742285962624945173e-01
4.673000000000000043e+00,7.859626249456758140e-01
4.674000000000000377e+00,7.744458930899609239e-01
4.674999999999999822e+00,7.859626249456758140e-01
4.676000000000000156e+00,7.911777488048674645e-01
4.676999999999999602e+00,8.020425901781833566e-01
4.677999999999999936e+00,7.963928726640591149e-01
4.679000000000000270e+00,8.102998696219034791e-01
4.679999999999999716e+00,8.079096045197740050e-01
4.681000000000000050e+00,8.061712299000434179e-01
4.682000000000000384e+00,7.894393741851368773e-01
4.682999999999999829e+00,7.861799217731421097e-01
4.684000000000000163e+00,8.020425901781833566e-01
4.684999999999999609e+00,7.846588439808779292e-01
4.685999999999999943e+00,7.874837027379399945e-01
4.687000000000000277e+00,7.911777488048674645e-01
4.687999999999999723e+00,8.061712299000434179e-01
4.689000000000000057e+00,7.707518470230334540e-01
4.690000000000000391e+00,8.000869187309864738e-01
4.690999999999999837e+00,7.926988265971316450e-01
4.692000000000000171e+00,7.874837027379399945e-01
4.692999999999999616e+00,7.816166883963494572e-01
4.693999999999999950e+00,7.742285962624945173e-01
4.695000000000000284e+00,7.816166883963494572e-01
4.695999999999999730e+00,7.918296392872663514e-01
4.697000000000000064e+00,7.844415471534115225e-01
4.698000000000000398e+00,7.872664059104736989e-01
4.698999999999999844e+00,7.892220773576705817e-01
4.700000000000000178e+00,7.963928726640591149e-01
4.700999999999999623e+00,7.883528900478052881e-01
4.701999999999999957e+00,7.887874837027379904e-01
4.703000000000000291e+00,7.861799217731421097e-01
4.703999999999999737e+00,7.746631899174272196e-01
4.705000000000000071e+00,7.883528900478052881e-01
4.706000000000000405e+00,7.961755758365928193e-01
4.706999999999999851e+00,7.872664059104736989e-01
4.708000000000000185e+00,7.913950456323337601e-01
4.708999999999999631e+00,8.018252933507170610e-01
4.709999999999999964e+00,7.848761408083442248e-01
4.711000000000000298e+00,7.842242503259452269e-01
4.711999999999999744e+00,7.931334202520643473e-01
4.713000000000000078e+00,8.155149934810951295e-01
4.714000000000000412e+00,8.024771838331160589e-01
4.714999999999999858e+00,7.885701868752715837e-01
4.716000000000000192e+00,8.048674489352455330e-01
4.716999999999999638e+00,7.903085614950021709e-01
4.717999999999999972e+00,7.909604519774011688e-01
4.719000000000000306e+00,7.866145154280747009e-01
4.719999999999999751e+00,7.863972186006084053e-01
4.721000000000000085e+00,8.074750108648414137e-01
4.722000000000000419e+00,7.972620599739244085e-01
4.722999999999999865e+00,7.761842677096914001e-01
4.724000000000000199e+00,7.931334202520643473e-01
4.724999999999999645e+00,7.994350282485875869e-01
4.725999999999999979e+00,7.916123424598000557e-01
4.727000000000000313e+00,7.809647979139504592e-01
4.727999999999999758e+00,7.827031725336810464e-01
4.729000000000000092e+00,7.861799217731421097e-01
4.730000000000000426e+00,7.957409821816601170e-01
4.730999999999999872e+00,7.824858757062146397e-01
4.732000000000000206e+00,8.063885267275098245e-01
4.732999999999999652e+00,7.800956106040851656e-01
4.733999999999999986e+00,7.896566710126031730e-01
4.735000000000000320e+00,7.990004345936548846e-01
4.735999999999999766e+00,7.985658409387222934e-01
4.737000000000000099e+00,8.044328552803129417e-01
4.738000000000000433e+00,8.009561060408517674e-01
4.738999999999999879e+00,7.996523250760538826e-01
4.740000000000000213e+00,8.000869187309864738e-01
4.740999999999999659e+00,7.961755758365928193e-01
4.741999999999999993e+00,8.174706649282920123e-01
4.743000000000000327e+00,7.970447631464581129e-01
4.743999999999999773e+00,7.976966536288569998e-01
4.745000000000000107e+00,8.113863537592350683e-01
4.746000000000000441e+00,8.083441981747065963e-01
4.746999999999999886e+00,8.024771838331160589e-01
4.748000000000000220e+00,7.837896566710126356e-01
4.748999999999999666e+00,7.887874837027379904e-01
4.750000000000000000e+00,8.057366362451108266e-01
4.751000000000000334e+00,7.913950456323337601e-01
4.751999999999999780e+00,7.881355932203389925e-01
4.753000000000000114e+00,8.020425901781833566e-01
4.753999999999999559e+00,8.053020425901782353e-01
4.754999999999999893e+00,7.970447631464581129e-01
4.756000000000000227e+00,7.972620599739244085e-01
4.756999999999999673e+00,7.933507170795306429e-01
4.758000000000000007e+00,8.029117774880486502e-01
4.759000000000000341e+00,8.035636679704476482e-01
4.759999999999999787e+00,8.055193394176445310e-01
4.761000000000000121e+00,7.981312472837897021e-01
4.761999999999999567e+00,8.146458061712299470e-01
4.762999999999999901e+00,7.953063885267275257e-01
4.764000000000000234e+00,7.948717948717948234e-01
4.764999999999999680e+00,7.859626249456758140e-01
4.766000000000000014e+00,8.094306823120382965e-01
4.767000000000000348e+00,7.944372012168622321e-01
4.767999999999999794e+00,7.948717948717948234e-01
4.769000000000000128e+00,7.944372012168622321e-01
4.769999999999999574e+00,7.829204693611473420e-01
4.770999999999999908e+00,7.929161234245980516e-01
4.772000000000000242e+00,7.907431551499347622e-01
4.772999999999999687e+00,7.748804867448935152e-01
4.774000000000000021e+00,7.894393741851368773e-01
4.775000000000000355e+00,7.722729248152977455e-01
4.775999999999999801e+00,7.753150803998262175e-01
4.777000000000000135e+00,7.733594089526293347e-01
4.777999999999999581e+00,7.800956106040851656e-01
4.778999999999999915e+00,7.790091264667535764e-01
4.780000000000000249e+00,7.942199043893959365e-01
4.780999999999999694e+00,8.070404172099087114e-01
4.782000000000000028e+00,7.953063885267275257e-01
4.783000000000000362e+00,7.805302042590178679e-01
4.783999999999999808e+00,7.996523250760538826e-01
4.785000000000000142e+00,7.785745328118209851e-01
4.785999999999999588e+00,7.872664059104736989e-01
4.786999999999999922e+00,8.048674489352455330e-01
4.788000000000000256e+00,7.794437201216862787e-01
4.788999999999999702e+00,7.931334202520643473e-01
4.790000000000000036e+00,7.929161234245980516e-01
4.791000000000000369e+00,7.850934376358105204e-01
4.791999999999999815e+00,7.963928726640591149e-01
4.793000000000000149e+00,7.835723598435462289e-01
4.793999999999999595e+00,7.863972186006084053e-01
4.794999999999999929e+00,7.877009995654062902e-01
4.796000000000000263e+00,7.885701868752715837e-01
4.796999999999999709e+00,8.072577140373750071e-01
4.798000000000000043e+00,7.929161234245980516e-01
4.799000000000000377e+00,8.063885267275098245e-01
4.799999999999999822e+00,8.109517601043024770e-01
4.801000000000000156e+00,7.944372012168622321e-01
4.801999999999999602e+00,7.877009995654062902e-01
4.802999999999999936e+00,8.003042155584528805e-01
4.804000000000000270e+00,7.931334202520643473e-01
4.804999999999999716e+00,7.909604519774011688e-01
4.806000000000000050e+00,7.940026075619296408e-01
4.807000000000000384e+00,7.933507170795306429e-01
4.807999999999999829e+00,7.972620599739244085e-01
4.809000000000000163e+00,7.985658409387222934e-01
4.809999999999999609e+00,7.944372012168622321e-01
4.810999999999999943e+00,7.883528900478052881e-01
4.812000000000000277e+00,7.855280312907431117e-01
4.812999999999999723e+00,7.935680139069969385e-01
4.814000000000000057e+00,8.020425901781833566e-01
4.815000000000000391e+00,7.955236853541938213e-01
4.815999999999999837e+00,7.827031725336810464e-01
4.817000000000000171e+00,7.976966536288569998e-01
4.817999999999999616e+00,7.790091264667535764e-01
4.818999999999999950e+00,7.905258583224684665e-01
4.820000000000000284e+00,7.863972186006084053e-01
4.820999999999999730e+00,7.907431551499347622e-01
4.822000000000000064e+00,8.022598870056497633e-01
4.823000000000000398e+00,7.929161234245980516e-01
4.823999999999999844e+00,7.883528900478052881e-01
4.825000000000000178e+00,7.877009995654062902e-01
4.825999999999999623e+00,7.966101694915254106e-01
4.826999999999999957e+00,7.948717948717948234e-01
4.828000000000000291e+00,7.974793568013907041e-01
4.828999999999999737e+00,7.792264232942198721e-01
4.830000000000000071e+00,8.031290743155149459e-01
4.831000000000000405e+00,7.953063885267275257e-01
4.831999999999999851e+00,7.985658409387222934e-01
4.833000000000000185e+00,7.816166883963494572e-01
4.833999999999999631e+00,7.987831377661885890e-01
4.834999999999999964e+00,7.905258583224684665e-01
4.836000000000000298e+00,7.846588439808779292e-01
4.836999999999999744e+00,7.942199043893959365e-01
4.838000000000000078e+00,7.718383311603650432e-01
4.839000000000000412e+00,7.757496740547588088e-01
4.839999999999999858e+00,7.959582790091264126e-01
4.841000000000000192e+00,7.842242503259452269e-01
4.841999999999999638e+00,8.011734028683181741e-01
4.842999999999999972e+00,7.922642329421990537e-01
4.844000000000000306e+00,7.831377661886136377e-01
4.844999999999999751e+00,7.874837027379399945e-01
4.846000000000000085e+00,7.796610169491525744e-01
4.847000000000000419e+00,7.918296392872663514e-01
4.847999999999999865e+00,7.803129074315514613e-01
4.849000000000000199e+00,7.853107344632768161e-01
4.849999999999999645e+00,7.874837027379399945e-01
4.850999999999999979e+00,7.929161234245980516e-01
4.852000000000000313e+00,7.859626249456758140e-01
4.852999999999999758e+00,7.740112994350282216e-01
4.854000000000000092e+00,7.879182963928726968e-01
4.855000000000000426e+00,7.674923946110386863e-01
4.855999999999999872e+00,7.753150803998262175e-01
4.857000000000000206e+00,7.707518470230334540e-01
4.857999999999999652e+00,7.853107344632768161e-01
4.858999999999999986e+00,7.837896566710126356e-01
4.860000000000000320e+00,7.911777488048674645e-01
4.860999999999999766e+00,7.877009995654062902e-01
4.862000000000000099e+00,7.694480660582355691e-01
4.863000000000000433e+00,7.746631899174272196e-01
4.863999999999999879e+00,7.714037375054324519e-01
4.865000000000000213e+00,7.853107344632768161e-01
4.865999999999999659e+00,7.759669708822251044e-01
4.866999999999999993e+00,7.735767057800956303e-01
4.868000000000000327e+00,7.881355932203389925e-01
4.868999999999999773e+00,7.757496740547588088e-01
4.870000000000000107e+00,7.866145154280747009e-01
4.871000000000000441e+00,7.746631899174272196e-01
4.871999999999999886e+00,7.840069534984789312e-01
4.873000000000000220e+00,7.898739678400695796e-01
4.873999999999999666e+00,7.931334202520643473e-01
4.875000000000000000e+00,7.837896566710126356e-01
4.876000000000000334e+00,7.848761408083442248e-01
4.876999999999999780e+00,7.805302042590178679e-01
4.878000000000000114e+00,7.870491090830074032e-01
4.878999999999999559e+00,7.803129074315514613e-01
4.879999999999999893e+00,7.842242503259452269e-01
4.881000000000000227e+00,7.846588439808779292e-01
4.881999999999999673e+00,7.835723598435462289e-01
4.883000000000000007e+00,7.840069534984789312e-01
4.884000000000000341e+00,7.740112994350282216e-01
4.884999999999999787e+00,7.887874837027379904e-01
4.886000000000000121e+00,7.792264232942198721e-01
4.886999999999999567e+00,7.785745328118209851e-01
4.887999999999999901e+00,7.844415471534115225e-01
4.889000000000000234e+00,7.824858757062146397e-01
4.889999999999999680e+00,7.709691438504997496e-01
4.891000000000000014e+00,7.846588439808779292e-01
4.892000000000000348e+00,7.757496740547588088e-01
4.892999999999999794e+00,7.777053455019556916e-01
4.894000000000000128e+00,7.877009995654062902e-01
4.894999999999999574e+00,7.687961755758365712e-01
4.895999999999999908e+00,7.816166883963494572e-01
4.897000000000000242e+00,7.718383311603650432e-01
4.897999999999999687e+00,7.703172533681008627e-01
4.899000000000000021e+00,7.779226423294219872e-01
4.900000000000000355e+00,7.974793568013907041e-01
4.900999999999999801e+00,7.903085614950021709e-01
4.902000000000000135e+00,7.674923946110386863e-01
4.902999999999999581e+00,7.790091264667535764e-01
4.903999999999999915e+00,7.870491090830074032e-01
4.905000000000000249e+00,7.931334202520643473e-01
4.905999999999999694e+00,7.816166883963494572e-01
4.907000000000000028e+00,7.913950456323337601e-01
4.908000000000000362e+00,7.859626249456758140e-01
4.908999999999999808e+00,7.772707518470229893e-01
4.910000000000000142e+00,7.833550630160799333e-01
4.910999999999999588e+00,7.903085614950021709e-01
4.911999999999999922e+00,7.920469361147327580e-01
4.913000000000000256e+00,7.887874837027379904e-01
4.913999999999999702e+00,7.829204693611473420e-01
4.915000000000000036e+00,7.824858757062146397e-01
4.916000000000000369e+00,7.903085614950021709e-01
4.916999999999999815e+00,7.905258583224684665e-01
4.918000000000000149e+00,7.822685788787483441e-01
4.918999999999999595e+00,7.874837027379399945e-01
4.919999999999999929e+00,8.013906996957844697e-01
4.921000000000000263e+00,8.020425901781833566e-01
4.921999999999999709e+00,7.907431551499347622e-01
4.923000000000000043e+00,7.961755758365928193e-01
4.924000000000000377e+00,7.918296392872663514e-01
4.924999999999999822e+00,7.805302042590178679e-01
4.926000000000000156e+00,8.011734028683181741e-01
4.926999999999999602e+00,7.920469361147327580e-01
4.927999999999999936e+00,8.166014776184267188e-01
4.929000000000000270e+00,8.057366362451108266e-01
4.929999999999999716e+00,7.963928726640591149e-01
4.931000000000000050e+00,7.898739678400695796e-01
4.932000000000000384e+00,8.100825727944371835e-01
4.932999999999999829e+00,8.061712299000434179e-01
4.934000000000000163e+00,8.044328552803129417e-01
4.934999999999999609e+00,8.089960886571055942e-01
4.935999999999999943e+00,8.066058235549761202e-01
4.937000000000000277e+00,8.124728378965666575e-01
4.937999999999999723e+00,8.137766188613646534e-01
4.939000000000000057e+00,8.100825727944371835e-01
4.940000000000000391e+00,8.176879617557584190e-01
4.940999999999999837e+00,7.961755758365928193e-01
4.942000000000000171e+00,7.940026075619296408e-01
4.942999999999999616e+00,8.072577140373750071e-01
4.943999999999999950e+00,8.044328552803129417e-01
4.945000000000000284e+00,7.950890916992612301e-01
4.945999999999999730e+00,7.946544980443285278e-01
4.947000000000000064e+00,7.781399391568882828e-01
4.948000000000000398e+00,7.887874837027379904e-01
4.948999999999999844e+00,7.937853107344632342e-01
4.950000000000000178e+00,7.844415471534115225e-01
4.950999999999999623e+00,7.772707518470229893e-01
4.951999999999999957e+00,8.018252933507170610e-01
4.953000000000000291e+00,7.911777488048674645e-01
4.953999999999999737e+00,7.790091264667535764e-01
4.955000000000000071e+00,7.840069534984789312e-01
4.956000000000000405e+00,7.987831377661885890e-01
4.956999999999999851e+00,8.076923076923077094e-01
4.958000000000000185e+00,7.844415471534115225e-01
4.958999999999999631e+00,7.979139504563232954e-01
4.959999999999999964e+00,7.935680139069969385e-01
4.961000000000000298e+00,7.920469361147327580e-01
4.961999999999999744e+00,7.933507170795306429e-01
4.963000000000000078e+00,8.031290743155149459e-01
4.964000000000000412e+00,7.885701868752715837e-01
4.964999999999999858e+00,8.016079965232507654e-01
4.966000000000000192e+00,7.955236853541938213e-01
4.966999999999999638e+00,7.742285962624945173e-01
4.967999999999999972e+00,7.698826597131681604e-01
4.969000000000000306e+00,7.829204693611473420e-01
4.969999999999999751e+00,7.772707518470229893e-01
4.971000000000000085e+00,7.653194263363755079e-01
4.972000000000000419e+00,7.805302042590178679e-01
4.972999999999999865e+00,7.657540199913080992e-01
4.974000000000000199e+00,7.616253802694480379e-01
4.974999999999999645e+00,7.614080834419817423e-01
4.975999999999999979e+00,7.777053455019556916e-01
4.977000000000000313e+00,7.931334202520643473e-01
4.977999999999999758e+00,7.820512820512820484e-01
4.979000000000000092e+00,7.653194263363755079e-01
4.980000000000000426e+00,7.831377661886136377e-01
4.980999999999999872e+00,7.833550630160799333e-01
4.982000000000000206e+00,7.853107344632768161e-01
4.982999999999999652e+00,7.842242503259452269e-01
4.983999999999999986e+00,7.813993915688830505e-01
4.985000000000000320e+00,7.657540199913080992e-01
4.985999999999999766e+00,7.770534550195566936e-01
4.987000000000000099e+00,7.546718817905259113e-01
4.988000000000000433e+00,7.685788787483702755e-01
4.988999999999999879e+00,7.833550630160799333e-01
4.990000000000000213e+00,7.879182963928726968e-01
4.990999999999999659e+00,7.761842677096914001e-01
4.991999999999999993e+00,7.879182963928726968e-01
4.993000000000000327e+00,7.829204693611473420e-01
4.993999999999999773e+00,7.770534550195566936e-01
4.995000000000000107e+00,7.813993915688830505e-01
4.996000000000000441e+00,7.705345501955671583e-01
4.996999999999999886e+00,7.742285962624945173e-01
4.998000000000000220e+00,7.940026075619296408e-01
4.998999999999999666e+00,7.883528900478052881e-01
