time_ns,rg_A
0.000000000000000000e+00,1.687943908315964237e+01
1.000000000000000021e-03,1.686648090975305081e+01
2.000000000000000042e-03,1.690440202482766097e+01
3.000000000000000062e-03,1.695831358156280189e+01
4.000000000000000083e-03,1.687826446459703078e+01
5.000000000000000104e-03,1.689841169761122686e+01
6.000000000000000125e-03,1.689764716875726691e+01
7.000000000000000146e-03,1.694471859097149391e+01
8.000000000000000167e-03,1.691205740056915019e+01
8.999999999999999320e-03,1.687786698942010588e+01
1.000000000000000021e-02,1.687738514262685641e+01
1.099999999999999936e-02,1.688970206869399249e+01
1.200000000000000025e-02,1.695808308112110296e+01
1.299999999999999940e-02,1.686988456967171501e+01
1.400000000000000029e-02,1.691599959655766128e+01
1.499999999999999944e-02,1.693447241765370137e+01
1.600000000000000033e-02,1.684601029413815354e+01
1.700000000000000122e-02,1.688287998402047663e+01
1.799999999999999864e-02,1.690896354668194235e+01
1.899999999999999953e-02,1.689005163031892209e+01
2.000000000000000042e-02,1.694749195753341198e+01
2.100000000000000130e-02,1.686595191510048153e+01
2.199999999999999872e-02,1.691646100467809788e+01
2.299999999999999961e-02,1.691972445347875009e+01
2.400000000000000050e-02,1.688540348743424957e+01
2.500000000000000139e-02,1.687638833708545860e+01
2.599999999999999881e-02,1.683846176414622420e+01
2.699999999999999969e-02,1.692947183782455056e+01
2.800000000000000058e-02,1.687062164535958786e+01
2.900000000000000147e-02,1.687112200929842842e+01
2.999999999999999889e-02,1.688399901160588712e+01
3.099999999999999978e-02,1.687976951998596675e+01
3.200000000000000067e-02,1.689200183506026320e+01
3.300000000000000155e-02,1.694845477143104873e+01
3.400000000000000244e-02,1.687949519531000320e+01
3.500000000000000333e-02,1.689619145052725457e+01
3.599999999999999728e-02,1.689287528825433071e+01
3.699999999999999817e-02,1.687778684456231915e+01
3.799999999999999906e-02,1.694821692521204426e+01
3.899999999999999994e-02,1.688563090376213438e+01
4.000000000000000083e-02,1.690896499718454393e+01
4.100000000000000172e-02,1.684268576299304598e+01
4.200000000000000261e-02,1.688855934568120176e+01
4.299999999999999656e-02,1.684799809519766001e+01
4.399999999999999745e-02,1.698608776034702572e+01
4.499999999999999833e-02,1.693098399425212719e+01
4.599999999999999922e-02,1.687662023403554201e+01
4.700000000000000011e-02,1.689680666665475783e+01
4.800000000000000100e-02,1.693547892390622422e+01
4.900000000000000189e-02,1.690560022108162741e+01
5.000000000000000278e-02,1.688630441204142585e+01
5.099999999999999672e-02,1.685363596059718105e+01
5.199999999999999761e-02,1.684017357528648873e+01
5.299999999999999850e-02,1.685998521127757144e+01
5.399999999999999939e-02,1.681187608293328495e+01
5.500000000000000028e-02,1.691301805214842346e+01
5.600000000000000117e-02,1.693933086771448870e+01
5.700000000000000205e-02,1.687890851037174045e+01
5.800000000000000294e-02,1.699769933524966348e+01
5.899999999999999689e-02,1.690330441680023199e+01
5.999999999999999778e-02,1.686554825576171268e+01
6.099999999999999867e-02,1.693391387369506873e+01
6.199999999999999956e-02,1.687483345002397073e+01
6.300000000000000044e-02,1.686958312023289253e+01
6.400000000000000133e-02,1.686518506049815969e+01
6.500000000000000222e-02,1.687846335860639613e+01
6.600000000000000311e-02,1.686462808410369263e+01
6.700000000000000400e-02,1.692718187046454048e+01
6.800000000000000488e-02,1.691421989325500164e+01
6.900000000000000577e-02,1.685456045500288269e+01
7.000000000000000666e-02,1.686874584910991715e+01
7.099999999999999367e-02,1.688859215650368384e+01
7.199999999999999456e-02,1.691585762779967439e+01
7.299999999999999545e-02,1.693212883826656778e+01
7.399999999999999634e-02,1.694652300844481729e+01
7.499999999999999722e-02,1.695175734829751946e+01
7.599999999999999811e-02,1.692710377271439270e+01
7.699999999999999900e-02,1.687021797574548287e+01
7.799999999999999989e-02,1.694628386164027134e+01
7.900000000000000078e-02,1.686470513739723032e+01
8.000000000000000167e-02,1.683449321512272689e+01
8.100000000000000255e-02,1.683618799711766911e+01
8.200000000000000344e-02,1.691040385876123509e+01
8.300000000000000433e-02,1.688831246645017714e+01
8.400000000000000522e-02,1.686061656315129653e+01
8.500000000000000611e-02,1.693874072125321462e+01
8.599999999999999312e-02,1.685619657589977649e+01
8.699999999999999400e-02,1.687903586252388877e+01
8.799999999999999489e-02,1.689900899627355813e+01
8.899999999999999578e-02,1.691217559293352224e+01
8.999999999999999667e-02,1.686005134537516525e+01
9.099999999999999756e-02,1.692514578449176810e+01
9.199999999999999845e-02,1.692015325692168304e+01
9.299999999999999933e-02,1.693576444536406456e+01
9.400000000000000022e-02,1.685514859386545083e+01
9.500000000000000111e-02,1.688599395255211633e+01
9.600000000000000200e-02,1.692479480061178521e+01
9.700000000000000289e-02,1.688942649560115683e+01
9.800000000000000377e-02,1.695112170575035648e+01
9.900000000000000466e-02,1.692313636947792332e+01
1.000000000000000056e-01,1.690542137082184126e+01
1.010000000000000064e-01,1.692110119215184483e+01
1.019999999999999934e-01,1.697731870354891726e+01
1.029999999999999943e-01,1.690264887728623933e+01
1.039999999999999952e-01,1.692060746921556813e+01
1.049999999999999961e-01,1.692357101432929056e+01
1.059999999999999970e-01,1.691157033446796376e+01
1.069999999999999979e-01,1.690916369409098863e+01
1.079999999999999988e-01,1.694323447176338959e+01
1.089999999999999997e-01,1.695698873156223030e+01
1.100000000000000006e-01,1.688123887311358828e+01
1.110000000000000014e-01,1.689193830039319266e+01
1.120000000000000023e-01,1.696284592302316696e+01
1.130000000000000032e-01,1.686149449326720884e+01
1.140000000000000041e-01,1.689049062553960212e+01
1.150000000000000050e-01,1.690638539366382176e+01
1.160000000000000059e-01,1.690200899046667615e+01
1.170000000000000068e-01,1.692667059518702644e+01
1.179999999999999938e-01,1.691828822513720709e+01
1.189999999999999947e-01,1.686919160159473208e+01
1.199999999999999956e-01,1.686977168866176413e+01
1.209999999999999964e-01,1.686618126758532910e+01
1.219999999999999973e-01,1.689057148870900704e+01
1.229999999999999982e-01,1.689499315891438869e+01
1.239999999999999991e-01,1.692404315831681316e+01
1.250000000000000000e-01,1.696938772035157328e+01
1.260000000000000009e-01,1.685714782321359451e+01
1.270000000000000018e-01,1.690825397792377771e+01
1.280000000000000027e-01,1.690995731091850018e+01
1.290000000000000036e-01,1.692091984222227197e+01
1.300000000000000044e-01,1.689024769735374321e+01
1.310000000000000053e-01,1.696335955063933199e+01
1.320000000000000062e-01,1.693346968792231877e+01
1.330000000000000071e-01,1.694981008349076745e+01
1.340000000000000080e-01,1.690709710650792275e+01
1.350000000000000089e-01,1.687527171642681978e+01
1.360000000000000098e-01,1.695372034531520455e+01
1.370000000000000107e-01,1.690721377815667381e+01
1.380000000000000115e-01,1.691050546926917164e+01
1.390000000000000124e-01,1.687156799532710494e+01
1.400000000000000133e-01,1.691458864742676838e+01
1.409999999999999865e-01,1.693471176324171168e+01
1.419999999999999873e-01,1.701533021467144735e+01
1.429999999999999882e-01,1.690545871002739986e+01
1.439999999999999891e-01,1.688345570617192237e+01
1.449999999999999900e-01,1.697305564226690677e+01
1.459999999999999909e-01,1.693532579488708123e+01
1.469999999999999918e-01,1.697015425023755242e+01
1.479999999999999927e-01,1.694420328981162882e+01
1.489999999999999936e-01,1.697488285617226467e+01
1.499999999999999944e-01,1.690417495376260604e+01
1.509999999999999953e-01,1.694057275580653510e+01
1.519999999999999962e-01,1.693702970483958481e+01
1.529999999999999971e-01,1.684253714672795255e+01
1.539999999999999980e-01,1.694239619196473257e+01
1.549999999999999989e-01,1.687868292615763721e+01
1.559999999999999998e-01,1.697095543121010053e+01
1.570000000000000007e-01,1.694935440925670633e+01
1.580000000000000016e-01,1.701239855810171520e+01
1.590000000000000024e-01,1.695089118280818852e+01
1.600000000000000033e-01,1.691319605849096419e+01
1.610000000000000042e-01,1.696408587513230515e+01
1.620000000000000051e-01,1.694849107946846800e+01
1.630000000000000060e-01,1.692212432257187871e+01
1.640000000000000069e-01,1.691268508242951896e+01
1.650000000000000078e-01,1.684785670044056616e+01
1.660000000000000087e-01,1.684030413059886300e+01
1.670000000000000095e-01,1.685997374941541338e+01
1.680000000000000104e-01,1.692472520538505520e+01
1.690000000000000113e-01,1.686879692227547523e+01
1.700000000000000122e-01,1.689692985711944928e+01
1.710000000000000131e-01,1.691622820247484427e+01
1.719999999999999862e-01,1.693127452262329058e+01
1.729999999999999871e-01,1.689739310259273708e+01
1.739999999999999880e-01,1.690183553420728302e+01
1.749999999999999889e-01,1.691268252413215833e+01
1.759999999999999898e-01,1.689553005966994448e+01
1.769999999999999907e-01,1.687327608505433929e+01
1.779999999999999916e-01,1.689083305589875295e+01
1.789999999999999925e-01,1.692490678218644007e+01
1.799999999999999933e-01,1.698752294888931402e+01
1.809999999999999942e-01,1.690148243546281037e+01
1.819999999999999951e-01,1.687836218237987040e+01
1.829999999999999960e-01,1.690751170958888494e+01
1.839999999999999969e-01,1.688451028982459334e+01
1.849999999999999978e-01,1.687813947607239484e+01
1.859999999999999987e-01,1.685849294097300088e+01
1.869999999999999996e-01,1.690305369651568057e+01
1.880000000000000004e-01,1.689379950801325947e+01
1.890000000000000013e-01,1.693516388828854602e+01
1.900000000000000022e-01,1.692116412151877824e+01
1.910000000000000031e-01,1.694172729109735798e+01
1.920000000000000040e-01,1.687418017794747982e+01
1.930000000000000049e-01,1.694266619315230926e+01
1.940000000000000058e-01,1.691621124773662999e+01
1.950000000000000067e-01,1.691337240660033459e+01
1.960000000000000075e-01,1.690276939474423301e+01
1.970000000000000084e-01,1.694978267878861189e+01
1.980000000000000093e-01,1.697032723166470802e+01
1.990000000000000102e-01,1.690398902153280503e+01
2.000000000000000111e-01,1.698858079679810373e+01
2.010000000000000120e-01,1.691995120925679075e+01
2.020000000000000129e-01,1.693089035170682521e+01
2.030000000000000138e-01,1.689554367069137442e+01
2.039999999999999869e-01,1.690470278200895393e+01
2.049999999999999878e-01,1.694947255654791718e+01
2.059999999999999887e-01,1.686734661608154084e+01
2.069999999999999896e-01,1.690700270261480043e+01
2.079999999999999905e-01,1.688297016269670792e+01
2.089999999999999913e-01,1.694038877916294794e+01
2.099999999999999922e-01,1.695151061864585884e+01
2.109999999999999931e-01,1.694731919909871465e+01
2.119999999999999940e-01,1.691695745951512464e+01
2.129999999999999949e-01,1.697825735821858117e+01
2.139999999999999958e-01,1.689915931710206820e+01
2.149999999999999967e-01,1.693601875228287668e+01
2.159999999999999976e-01,1.692270424106646587e+01
2.169999999999999984e-01,1.691398523491496420e+01
2.179999999999999993e-01,1.697124933359522103e+01
2.190000000000000002e-01,1.695889837827767010e+01
2.200000000000000011e-01,1.691704226564478830e+01
2.210000000000000020e-01,1.688619573237371796e+01
2.220000000000000029e-01,1.695216827994900655e+01
2.230000000000000038e-01,1.688132675401843841e+01
2.240000000000000047e-01,1.687499249382030087e+01
2.250000000000000056e-01,1.692453473516976459e+01
2.260000000000000064e-01,1.689359003640090862e+01
2.270000000000000073e-01,1.693354028193937566e+01
2.280000000000000082e-01,1.686365977013079487e+01
2.290000000000000091e-01,1.686956792016317408e+01
2.300000000000000100e-01,1.687919509514350835e+01
2.310000000000000109e-01,1.698446563410184496e+01
2.320000000000000118e-01,1.689551452903415552e+01
2.330000000000000127e-01,1.684877497497869925e+01
2.340000000000000135e-01,1.686106603593800557e+01
2.349999999999999867e-01,1.692714280975298280e+01
2.359999999999999876e-01,1.691951707502924052e+01
2.369999999999999885e-01,1.684633697528046170e+01
2.379999999999999893e-01,1.684499670680630246e+01
2.389999999999999902e-01,1.687227894060815103e+01
2.399999999999999911e-01,1.688481301842435656e+01
2.409999999999999920e-01,1.687278599516244526e+01
2.419999999999999929e-01,1.692475577724076174e+01
2.429999999999999938e-01,1.683188713820392834e+01
2.439999999999999947e-01,1.682652474393674780e+01
2.449999999999999956e-01,1.685994927348441408e+01
2.459999999999999964e-01,1.686141256513844056e+01
2.469999999999999973e-01,1.682768001203077546e+01
2.479999999999999982e-01,1.684773292412010193e+01
2.489999999999999991e-01,1.685313551775920615e+01
2.500000000000000000e-01,1.685991153509512941e+01
2.510000000000000009e-01,1.693536360953049780e+01
2.520000000000000018e-01,1.686496169699866954e+01
2.530000000000000027e-01,1.687699184435243183e+01
2.540000000000000036e-01,1.688848771581375630e+01
2.550000000000000044e-01,1.688329369987325990e+01
2.560000000000000053e-01,1.701203400317541181e+01
2.570000000000000062e-01,1.689055639050643620e+01
2.580000000000000071e-01,1.693373604376094832e+01
2.590000000000000080e-01,1.687754083149436113e+01
2.600000000000000089e-01,1.690679660565766440e+01
2.610000000000000098e-01,1.683686672936343598e+01
2.620000000000000107e-01,1.690285424179131724e+01
2.630000000000000115e-01,1.691268526427977648e+01
2.640000000000000124e-01,1.695904768102158044e+01
2.650000000000000133e-01,1.687812313464194602e+01
2.660000000000000142e-01,1.690242746590278600e+01
2.670000000000000151e-01,1.702166996696540480e+01
2.680000000000000160e-01,1.695557053702855654e+01
2.690000000000000169e-01,1.687865268119081108e+01
2.700000000000000178e-01,1.691342297482351853e+01
2.710000000000000187e-01,1.692950968020571167e+01
2.720000000000000195e-01,1.683989459085828599e+01
2.730000000000000204e-01,1.695917983553635366e+01
2.740000000000000213e-01,1.681321928378377351e+01
2.750000000000000222e-01,1.692919865975659022e+01
2.760000000000000231e-01,1.692044693507735076e+01
2.770000000000000240e-01,1.695219419456192611e+01
2.780000000000000249e-01,1.691144781536834785e+01
2.790000000000000258e-01,1.689047742756412873e+01
2.800000000000000266e-01,1.687751849104870772e+01
2.810000000000000275e-01,1.690900702999260119e+01
2.819999999999999729e-01,1.698199555286767293e+01
2.829999999999999738e-01,1.695112090891721124e+01
2.839999999999999747e-01,1.688477082891943226e+01
2.849999999999999756e-01,1.690149733205291227e+01
2.859999999999999765e-01,1.685557884386666316e+01
2.869999999999999774e-01,1.687980734216753831e+01
2.879999999999999782e-01,1.692281527546006714e+01
2.889999999999999791e-01,1.688664889571065686e+01
2.899999999999999800e-01,1.691086783511725145e+01
2.909999999999999809e-01,1.687586149864123897e+01
2.919999999999999818e-01,1.684569692359715276e+01
2.929999999999999827e-01,1.690679175000855494e+01
2.939999999999999836e-01,1.699328580788948528e+01
2.949999999999999845e-01,1.687558662172592605e+01
2.959999999999999853e-01,1.686891201064960200e+01
2.969999999999999862e-01,1.688175975687096297e+01
2.979999999999999871e-01,1.690867690224984088e+01
2.989999999999999880e-01,1.688072920593627302e+01
2.999999999999999889e-01,1.685988961413160681e+01
3.009999999999999898e-01,1.686778628337204466e+01
3.019999999999999907e-01,1.692644979840343211e+01
3.029999999999999916e-01,1.695685238774791515e+01
3.039999999999999925e-01,1.686721407155894781e+01
3.049999999999999933e-01,1.686952927136944069e+01
3.059999999999999942e-01,1.697197699210872912e+01
3.069999999999999951e-01,1.689677013706861430e+01
3.079999999999999960e-01,1.688648147382653875e+01
3.089999999999999969e-01,1.694198281087679092e+01
3.099999999999999978e-01,1.697689460355870850e+01
3.109999999999999987e-01,1.691715217651387348e+01
3.119999999999999996e-01,1.689633064224061698e+01
3.130000000000000004e-01,1.691851607365749288e+01
3.140000000000000013e-01,1.698246765870555919e+01
3.150000000000000022e-01,1.689571966602428787e+01
3.160000000000000031e-01,1.690843588192612756e+01
3.170000000000000040e-01,1.690805559760201504e+01
3.180000000000000049e-01,1.691163899887497735e+01
3.190000000000000058e-01,1.693928465441262432e+01
3.200000000000000067e-01,1.697727263624046401e+01
3.210000000000000075e-01,1.688522197190566487e+01
3.220000000000000084e-01,1.689056153438250618e+01
3.230000000000000093e-01,1.685032028816702621e+01
3.240000000000000102e-01,1.694434806384288805e+01
3.250000000000000111e-01,1.692708830433357647e+01
3.260000000000000120e-01,1.693682228567299219e+01
3.270000000000000129e-01,1.691730834265182537e+01
3.280000000000000138e-01,1.689071885345914836e+01
3.290000000000000147e-01,1.696241020645635800e+01
3.300000000000000155e-01,1.695403392910197482e+01
3.310000000000000164e-01,1.688512058349565592e+01
3.320000000000000173e-01,1.693023208465270457e+01
3.330000000000000182e-01,1.684357468924747891e+01
3.340000000000000191e-01,1.688050364167706618e+01
3.350000000000000200e-01,1.692331797143376804e+01
3.360000000000000209e-01,1.694374147598625058e+01
3.370000000000000218e-01,1.697635826020560401e+01
3.380000000000000226e-01,1.693651604621675233e+01
3.390000000000000235e-01,1.699834413508024866e+01
3.400000000000000244e-01,1.694674392786512840e+01
3.410000000000000253e-01,1.695365865317234011e+01
3.420000000000000262e-01,1.697417036039372817e+01
3.430000000000000271e-01,1.694958155795153232e+01
3.439999999999999725e-01,1.698974283929907969e+01
3.449999999999999734e-01,1.699186593831465686e+01
3.459999999999999742e-01,1.690382082594995339e+01
3.469999999999999751e-01,1.695525357235406716e+01
3.479999999999999760e-01,1.695584248673006300e+01
3.489999999999999769e-01,1.694540346985341372e+01
3.499999999999999778e-01,1.695612003686932923e+01
3.509999999999999787e-01,1.687835235894336350e+01
3.519999999999999796e-01,1.693021701908725518e+01
3.529999999999999805e-01,1.692932635250227236e+01
3.539999999999999813e-01,1.694521116887595369e+01
3.549999999999999822e-01,1.692977957598905192e+01
3.559999999999999831e-01,1.699104862133916427e+01
3.569999999999999840e-01,1.691025734769055688e+01
3.579999999999999849e-01,1.699171063521312419e+01
3.589999999999999858e-01,1.690932159678543201e+01
3.599999999999999867e-01,1.690039728971242639e+01
3.609999999999999876e-01,1.694196307339724683e+01
3.619999999999999885e-01,1.696912549415732130e+01
3.629999999999999893e-01,1.695007469744328787e+01
3.639999999999999902e-01,1.699998912483862412e+01
3.649999999999999911e-01,1.703643667792057670e+01
3.659999999999999920e-01,1.695176534011471858e+01
3.669999999999999929e-01,1.703017110179753502e+01
3.679999999999999938e-01,1.699015712130237787e+01
3.689999999999999947e-01,1.694491839824063462e+01
3.699999999999999956e-01,1.695939241644168050e+01
3.709999999999999964e-01,1.697817338455208613e+01
3.719999999999999973e-01,1.697124900605905040e+01
3.729999999999999982e-01,1.694627316343323997e+01
3.739999999999999991e-01,1.695259499750950738e+01
3.750000000000000000e-01,1.699037982452555795e+01
3.760000000000000009e-01,1.695618205168170078e+01
3.770000000000000018e-01,1.701609021531623611e+01
3.780000000000000027e-01,1.695526991122546434e+01
3.790000000000000036e-01,1.694162070716813773e+01
3.800000000000000044e-01,1.690788976986366521e+01
3.810000000000000053e-01,1.697814674173294591e+01
3.820000000000000062e-01,1.691505551118588713e+01
3.830000000000000071e-01,1.695365787310726446e+01
3.840000000000000080e-01,1.693853194658733941e+01
3.850000000000000089e-01,1.691329972669527137e+01
3.860000000000000098e-01,1.689266454613412094e+01
3.870000000000000107e-01,1.690259996911840190e+01
3.880000000000000115e-01,1.688222724747456738e+01
3.890000000000000124e-01,1.690147907944266947e+01
3.900000000000000133e-01,1.685598682109405644e+01
3.910000000000000142e-01,1.694937327963821261e+01
3.920000000000000151e-01,1.686239209198148714e+01
3.930000000000000160e-01,1.693540075850513560e+01
3.940000000000000169e-01,1.681502414437635906e+01
3.950000000000000178e-01,1.686477569729114023e+01
3.960000000000000187e-01,1.691566563728216011e+01
3.970000000000000195e-01,1.693587521791407013e+01
3.980000000000000204e-01,1.691988732945559093e+01
3.990000000000000213e-01,1.686315557983366276e+01
4.000000000000000222e-01,1.694065817107440353e+01
4.010000000000000231e-01,1.695191535260216043e+01
4.020000000000000240e-01,1.692669841112271811e+01
4.030000000000000249e-01,1.686240899687278016e+01
4.040000000000000258e-01,1.685528496867522108e+01
4.050000000000000266e-01,1.688510353823589583e+01
4.060000000000000275e-01,1.691355651600242993e+01
4.069999999999999729e-01,1.691752802210631756e+01
4.079999999999999738e-01,1.695231552996870406e+01
4.089999999999999747e-01,1.693076605349062547e+01
4.099999999999999756e-01,1.693202934718289399e+01
4.109999999999999765e-01,1.690462272495000562e+01
4.119999999999999774e-01,1.686826973871470869e+01
4.129999999999999782e-01,1.688249764871266478e+01
4.139999999999999791e-01,1.693543546154435120e+01
4.149999999999999800e-01,1.693263654247266459e+01
4.159999999999999809e-01,1.694338506776466957e+01
4.169999999999999818e-01,1.692617535629755920e+01
4.179999999999999827e-01,1.692198000856193474e+01
4.189999999999999836e-01,1.695306580095989091e+01
4.199999999999999845e-01,1.691268172834260142e+01
4.209999999999999853e-01,1.690008508824141131e+01
4.219999999999999862e-01,1.696276726104687071e+01
4.229999999999999871e-01,1.698831353790688681e+01
4.239999999999999880e-01,1.696054142819819788e+01
4.249999999999999889e-01,1.696096875253464020e+01
4.259999999999999898e-01,1.704686081862640634e+01
4.269999999999999907e-01,1.695120060434220122e+01
4.279999999999999916e-01,1.702453666998269810e+01
4.289999999999999925e-01,1.693004026010562058e+01
4.299999999999999933e-01,1.702178251697283784e+01
4.309999999999999942e-01,1.693866787152757425e+01
4.319999999999999951e-01,1.695060907412923257e+01
4.329999999999999960e-01,1.700584546025109489e+01
4.339999999999999969e-01,1.692752299152633455e+01
4.349999999999999978e-01,1.693811255627864654e+01
4.359999999999999987e-01,1.691859721622350676e+01
4.369999999999999996e-01,1.688444416441239682e+01
4.380000000000000004e-01,1.691125792079394330e+01
4.390000000000000013e-01,1.693491399400346964e+01
4.400000000000000022e-01,1.691218840275665869e+01
4.410000000000000031e-01,1.693883908200363564e+01
4.420000000000000040e-01,1.692829424589106324e+01
4.430000000000000049e-01,1.693119168465279500e+01
4.440000000000000058e-01,1.689537585364007555e+01
4.450000000000000067e-01,1.686770325889463606e+01
4.460000000000000075e-01,1.688550146832327314e+01
4.470000000000000084e-01,1.690736329235526370e+01
4.480000000000000093e-01,1.693867841387343987e+01
4.490000000000000102e-01,1.689195132509127717e+01
4.500000000000000111e-01,1.692345267188265368e+01
4.510000000000000120e-01,1.697027891036238501e+01
4.520000000000000129e-01,1.687495709541371980e+01
4.530000000000000138e-01,1.692992755687563289e+01
4.540000000000000147e-01,1.693487436802244162e+01
4.550000000000000155e-01,1.697502961764984875e+01
4.560000000000000164e-01,1.695494878910491821e+01
4.570000000000000173e-01,1.690456866756686694e+01
4.580000000000000182e-01,1.693193838076642876e+01
4.590000000000000191e-01,1.697088611261547442e+01
4.600000000000000200e-01,1.691476135972733985e+01
4.610000000000000209e-01,1.697020545885109755e+01
4.620000000000000218e-01,1.700007649826692102e+01
4.630000000000000226e-01,1.698218399471512541e+01
4.640000000000000235e-01,1.699537550607060155e+01
4.650000000000000244e-01,1.696662455885357801e+01
4.660000000000000253e-01,1.701266671281597098e+01
4.670000000000000262e-01,1.710638077517532452e+01
4.680000000000000271e-01,1.700305221476888207e+01
4.689999999999999725e-01,1.702317822628094035e+01
4.699999999999999734e-01,1.700431992436319106e+01
4.709999999999999742e-01,1.706057507736089818e+01
4.719999999999999751e-01,1.707469832644909147e+01
4.729999999999999760e-01,1.703731238819919369e+01
4.739999999999999769e-01,1.701587496032109215e+01
4.749999999999999778e-01,1.702833429821330924e+01
4.759999999999999787e-01,1.698706227629851639e+01
4.769999999999999796e-01,1.691150582678871928e+01
4.779999999999999805e-01,1.696352217765993942e+01
4.789999999999999813e-01,1.691139340315789852e+01
4.799999999999999822e-01,1.696104535847877059e+01
4.809999999999999831e-01,1.691889560710283646e+01
4.819999999999999840e-01,1.693233850924166717e+01
4.829999999999999849e-01,1.701892316033667996e+01
4.839999999999999858e-01,1.705341381634552533e+01
4.849999999999999867e-01,1.696745360963333837e+01
4.859999999999999876e-01,1.701169212509012851e+01
4.869999999999999885e-01,1.699911563156900485e+01
4.879999999999999893e-01,1.692918585466108539e+01
4.889999999999999902e-01,1.693874521338786110e+01
4.899999999999999911e-01,1.696159192673106375e+01
4.909999999999999920e-01,1.692148334105812424e+01
4.919999999999999929e-01,1.696644353286020035e+01
4.929999999999999938e-01,1.700190879657616705e+01
4.939999999999999947e-01,1.697559367391003349e+01
4.949999999999999956e-01,1.700399725660639305e+01
4.959999999999999964e-01,1.700282831129931793e+01
4.969999999999999973e-01,1.695418179706218709e+01
4.979999999999999982e-01,1.692159475753023656e+01
4.989999999999999991e-01,1.693320384916620824e+01
5.000000000000000000e-01,1.697209202011731222e+01
5.010000000000000009e-01,1.696451100386962807e+01
5.020000000000000018e-01,1.695112703833762779e+01
5.030000000000000027e-01,1.699762441022187787e+01
5.040000000000000036e-01,1.693052364226492656e+01
5.050000000000000044e-01,1.690645446725354972e+01
5.060000000000000053e-01,1.698252794511051889e+01
5.070000000000000062e-01,1.691292216262798931e+01
5.080000000000000071e-01,1.695511682829492983e+01
5.090000000000000080e-01,1.698230193919850350e+01
5.100000000000000089e-01,1.701953060809635687e+01
5.110000000000000098e-01,1.699900512492828497e+01
5.120000000000000107e-01,1.698671368595588049e+01
5.130000000000000115e-01,1.697330436884580251e+01
5.140000000000000124e-01,1.704323042025068347e+01
5.150000000000000133e-01,1.701624856057135915e+01
5.160000000000000142e-01,1.706906731894085993e+01
5.170000000000000151e-01,1.701780257180200806e+01
5.180000000000000160e-01,1.704231065307543247e+01
5.190000000000000169e-01,1.704362117303892177e+01
5.200000000000000178e-01,1.701334521628652041e+01
5.210000000000000187e-01,1.695149315787537603e+01
5.220000000000000195e-01,1.695662803263262930e+01
5.230000000000000204e-01,1.698145443345320160e+01
5.240000000000000213e-01,1.696586605318830010e+01
5.250000000000000222e-01,1.699771036509190125e+01
5.260000000000000231e-01,1.693832131083218684e+01
5.270000000000000240e-01,1.701737542272094927e+01
5.280000000000000249e-01,1.697375283597727247e+01
5.290000000000000258e-01,1.697870827383311720e+01
5.300000000000000266e-01,1.701315196637851912e+01
5.310000000000000275e-01,1.703700149844110712e+01
5.320000000000000284e-01,1.707066173592049196e+01
5.330000000000000293e-01,1.698955472291422097e+01
5.340000000000000302e-01,1.691510442359433952e+01
5.350000000000000311e-01,1.704132896127742214e+01
5.360000000000000320e-01,1.702085827189197786e+01
5.370000000000000329e-01,1.707024156491615940e+01
5.380000000000000338e-01,1.706890556615554644e+01
5.390000000000000346e-01,1.699191570676492802e+01
5.400000000000000355e-01,1.694042256540225821e+01
5.410000000000000364e-01,1.698066784384806382e+01
5.420000000000000373e-01,1.695715138002826450e+01
5.430000000000000382e-01,1.697030875201331312e+01
5.440000000000000391e-01,1.694114651799503690e+01
5.450000000000000400e-01,1.695450274852327510e+01
5.460000000000000409e-01,1.702258051990508037e+01
5.470000000000000417e-01,1.698377247389725753e+01
5.480000000000000426e-01,1.703046859886792319e+01
5.490000000000000435e-01,1.698825776834464563e+01
5.500000000000000444e-01,1.699039994270228959e+01
5.510000000000000453e-01,1.703097504816688357e+01
5.520000000000000462e-01,1.704308523113065021e+01
5.530000000000000471e-01,1.701052042193492753e+01
5.540000000000000480e-01,1.692806440451577643e+01
5.550000000000000488e-01,1.695070615961754257e+01
5.560000000000000497e-01,1.695899583127713939e+01
5.570000000000000506e-01,1.701137559160161672e+01
5.580000000000000515e-01,1.696505105081936904e+01
5.590000000000000524e-01,1.702843256095821545e+01
5.600000000000000533e-01,1.696855966224039491e+01
5.610000000000000542e-01,1.702660562440918923e+01
5.620000000000000551e-01,1.702906954132415152e+01
5.629999999999999449e-01,1.704042885508281202e+01
5.639999999999999458e-01,1.699885035052559346e+01
5.649999999999999467e-01,1.700603444823772747e+01
5.659999999999999476e-01,1.704368019794212330e+01
5.669999999999999485e-01,1.703194731976250154e+01
5.679999999999999494e-01,1.705981702060116945e+01
5.689999999999999503e-01,1.706064229192622861e+01
5.699999999999999512e-01,1.706068623167059428e+01
5.709999999999999520e-01,1.702575621074099743e+01
5.719999999999999529e-01,1.700019828806227906e+01
5.729999999999999538e-01,1.701704361882880434e+01
5.739999999999999547e-01,1.698732685797646980e+01
5.749999999999999556e-01,1.707532365737561264e+01
5.759999999999999565e-01,1.705629512312487606e+01
5.769999999999999574e-01,1.701133868095550739e+01
5.779999999999999583e-01,1.701638375552534299e+01
5.789999999999999591e-01,1.702368025656041084e+01
5.799999999999999600e-01,1.706821096350504519e+01
5.809999999999999609e-01,1.711692811469129083e+01
5.819999999999999618e-01,1.696673774088448639e+01
5.829999999999999627e-01,1.696861568562846045e+01
5.839999999999999636e-01,1.699132335288154394e+01
5.849999999999999645e-01,1.703011546526510855e+01
5.859999999999999654e-01,1.702436645508241853e+01
5.869999999999999662e-01,1.698587429468432219e+01
5.879999999999999671e-01,1.699215473629795881e+01
5.889999999999999680e-01,1.703226311536538518e+01
5.899999999999999689e-01,1.701070829169997722e+01
5.909999999999999698e-01,1.698304935682584471e+01
5.919999999999999707e-01,1.707906718974029303e+01
5.929999999999999716e-01,1.705021859678777219e+01
5.939999999999999725e-01,1.691890933014392573e+01
5.949999999999999734e-01,1.700427595316595131e+01
5.959999999999999742e-01,1.697909110793715826e+01
5.969999999999999751e-01,1.704215337596867386e+01
5.979999999999999760e-01,1.700137058889473352e+01
5.989999999999999769e-01,1.699173454951679574e+01
5.999999999999999778e-01,1.704943965501440317e+01
6.009999999999999787e-01,1.703319051734096234e+01
6.019999999999999796e-01,1.701072388235888511e+01
6.029999999999999805e-01,1.706778498143440004e+01
6.039999999999999813e-01,1.700096385121693388e+01
6.049999999999999822e-01,1.702679659096636300e+01
6.059999999999999831e-01,1.706364713194069793e+01
6.069999999999999840e-01,1.699671979210782169e+01
6.079999999999999849e-01,1.701525954119156125e+01
6.089999999999999858e-01,1.705749098680080422e+01
6.099999999999999867e-01,1.702664816080473642e+01
6.109999999999999876e-01,1.704986567809080711e+01
6.119999999999999885e-01,1.700603831451269343e+01
6.129999999999999893e-01,1.704816729491546923e+01
6.139999999999999902e-01,1.699196746771668742e+01
6.149999999999999911e-01,1.700043865463483428e+01
6.159999999999999920e-01,1.697776027150440115e+01
6.169999999999999929e-01,1.703155590104931605e+01
6.179999999999999938e-01,1.697689769038132468e+01
6.189999999999999947e-01,1.709641633915617476e+01
6.199999999999999956e-01,1.702810071121724178e+01
6.209999999999999964e-01,1.705640415380224084e+01
6.219999999999999973e-01,1.698709031155900817e+01
6.229999999999999982e-01,1.698575217937809256e+01
6.239999999999999991e-01,1.698913364659038550e+01
6.250000000000000000e-01,1.697582164439307917e+01
6.260000000000000009e-01,1.692611651818823759e+01
6.270000000000000018e-01,1.701178673077813741e+01
6.280000000000000027e-01,1.698111140324811785e+01
6.290000000000000036e-01,1.692863529988301607e+01
6.300000000000000044e-01,1.701349374918929414e+01
6.310000000000000053e-01,1.700256467120695802e+01
6.320000000000000062e-01,1.701422560110492554e+01
6.330000000000000071e-01,1.699672401985716874e+01
6.340000000000000080e-01,1.695390771770085081e+01
6.350000000000000089e-01,1.690896118645461144e+01
6.360000000000000098e-01,1.700457541380059823e+01
6.370000000000000107e-01,1.695937127267095335e+01
6.380000000000000115e-01,1.706469408527475906e+01
6.390000000000000124e-01,1.707579378119441316e+01
6.400000000000000133e-01,1.697569783778656571e+01
6.410000000000000142e-01,1.697249793292662190e+01
6.420000000000000151e-01,1.704809742131808292e+01
6.430000000000000160e-01,1.704540982505613300e+01
6.440000000000000169e-01,1.705641938356700749e+01
6.450000000000000178e-01,1.711175907351155701e+01
6.460000000000000187e-01,1.700128404459075071e+01
6.470000000000000195e-01,1.703290478377707018e+01
6.480000000000000204e-01,1.698900231123471372e+01
6.490000000000000213e-01,1.701282314038110499e+01
6.500000000000000222e-01,1.691744839222833008e+01
6.510000000000000231e-01,1.702908794128478576e+01
6.520000000000000240e-01,1.696744632138925013e+01
6.530000000000000249e-01,1.701422011442330984e+01
6.540000000000000258e-01,1.694580099763632575e+01
6.550000000000000266e-01,1.701167688510201970e+01
6.560000000000000275e-01,1.697455957465052379e+01
6.570000000000000284e-01,1.699824016931379944e+01
6.580000000000000293e-01,1.700147294473501702e+01
6.590000000000000302e-01,1.701984835915300209e+01
6.600000000000000311e-01,1.702996659201988905e+01
6.610000000000000320e-01,1.700438953833693390e+01
6.620000000000000329e-01,1.702497471540976548e+01
6.630000000000000338e-01,1.706010085918752850e+01
6.640000000000000346e-01,1.697022791994383439e+01
6.650000000000000355e-01,1.693819916554052796e+01
6.660000000000000364e-01,1.696102096124685943e+01
6.670000000000000373e-01,1.695018977782640235e+01
6.680000000000000382e-01,1.694073916203863206e+01
6.690000000000000391e-01,1.700851083462869440e+01
6.700000000000000400e-01,1.697707154173021138e+01
6.710000000000000409e-01,1.696906750777413464e+01
6.720000000000000417e-01,1.703668484344480305e+01
6.730000000000000426e-01,1.702342657622449451e+01
6.740000000000000435e-01,1.698465290024334706e+01
6.750000000000000444e-01,1.695722803773811549e+01
6.760000000000000453e-01,1.691987823166719451e+01
6.770000000000000462e-01,1.698970015682559165e+01
6.780000000000000471e-01,1.700954584348808396e+01
6.790000000000000480e-01,1.694460192962268152e+01
6.800000000000000488e-01,1.699176361323716122e+01
6.810000000000000497e-01,1.698185861774162930e+01
6.820000000000000506e-01,1.698836339816153895e+01
6.830000000000000515e-01,1.695112596714281139e+01
6.840000000000000524e-01,1.698955500107049232e+01
6.850000000000000533e-01,1.701116430439624594e+01
6.860000000000000542e-01,1.704035791978782299e+01
6.870000000000000551e-01,1.694771883122121992e+01
6.879999999999999449e-01,1.706308070268052290e+01
6.889999999999999458e-01,1.708928697531228380e+01
6.899999999999999467e-01,1.706202796318362758e+01
6.909999999999999476e-01,1.701927804095141639e+01
6.919999999999999485e-01,1.707156206170370183e+01
6.929999999999999494e-01,1.701393703899611509e+01
6.939999999999999503e-01,1.692813347073223440e+01
6.949999999999999512e-01,1.694819735356862722e+01
6.959999999999999520e-01,1.698739351483651916e+01
6.969999999999999529e-01,1.694153445498308130e+01
6.979999999999999538e-01,1.696716039248643071e+01
6.989999999999999547e-01,1.699466694502820374e+01
6.999999999999999556e-01,1.704344903924056709e+01
7.009999999999999565e-01,1.698054107492268017e+01
7.019999999999999574e-01,1.692225923024138723e+01
7.029999999999999583e-01,1.699194539828266315e+01
7.039999999999999591e-01,1.693911981300514924e+01
7.049999999999999600e-01,1.692577286092064170e+01
7.059999999999999609e-01,1.696144223677640639e+01
7.069999999999999618e-01,1.689879789876829719e+01
7.079999999999999627e-01,1.691774879613213045e+01
7.089999999999999636e-01,1.690656492899562835e+01
7.099999999999999645e-01,1.702872420922816232e+01
7.109999999999999654e-01,1.695547267322250562e+01
7.119999999999999662e-01,1.694245990333798346e+01
7.129999999999999671e-01,1.697282977909313928e+01
7.139999999999999680e-01,1.692768903072399667e+01
7.149999999999999689e-01,1.693384529394442239e+01
7.159999999999999698e-01,1.696065478403376758e+01
7.169999999999999707e-01,1.691726385380581377e+01
7.179999999999999716e-01,1.690102665617779820e+01
7.189999999999999725e-01,1.693709402096965277e+01
7.199999999999999734e-01,1.693588130943477665e+01
7.209999999999999742e-01,1.691903220871749625e+01
7.219999999999999751e-01,1.694457871661516535e+01
7.229999999999999760e-01,1.694871031751791790e+01
7.239999999999999769e-01,1.696016605489946372e+01
7.249999999999999778e-01,1.688663553905101367e+01
7.259999999999999787e-01,1.694375630590942805e+01
7.269999999999999796e-01,1.696204010805645623e+01
7.279999999999999805e-01,1.697662361885219084e+01
7.289999999999999813e-01,1.697809888628876962e+01
7.299999999999999822e-01,1.701056511323813325e+01
7.309999999999999831e-01,1.699573330917685610e+01
7.319999999999999840e-01,1.695007369492743976e+01
7.329999999999999849e-01,1.688290198283890930e+01
7.339999999999999858e-01,1.691954988118292036e+01
7.349999999999999867e-01,1.697300626575032467e+01
7.359999999999999876e-01,1.694062639607169629e+01
7.369999999999999885e-01,1.692953837466810896e+01
7.379999999999999893e-01,1.695666205427031770e+01
7.389999999999999902e-01,1.688882107689737211e+01
7.399999999999999911e-01,1.695115279389820984e+01
7.409999999999999920e-01,1.692614385176315750e+01
7.419999999999999929e-01,1.694036410709358265e+01
7.429999999999999938e-01,1.699348862576227859e+01
7.439999999999999947e-01,1.694269832997998648e+01
7.449999999999999956e-01,1.693526580310641805e+01
7.459999999999999964e-01,1.700046766671771081e+01
7.469999999999999973e-01,1.695880886221319628e+01
7.479999999999999982e-01,1.700099052412814515e+01
7.489999999999999991e-01,1.702250735278123628e+01
7.500000000000000000e-01,1.697724888663315568e+01
7.510000000000000009e-01,1.701582226451143498e+01
7.520000000000000018e-01,1.699787840239668313e+01
7.530000000000000027e-01,1.702679930330977598e+01
7.540000000000000036e-01,1.695587871894802490e+01
7.550000000000000044e-01,1.691583750955397392e+01
7.560000000000000053e-01,1.691302960910886455e+01
7.570000000000000062e-01,1.694427214354842448e+01
7.580000000000000071e-01,1.698226763495625846e+01
7.590000000000000080e-01,1.696332852696525251e+01
7.600000000000000089e-01,1.705296453465031803e+01
7.610000000000000098e-01,1.696011557544861148e+01
7.620000000000000107e-01,1.696437642596367468e+01
7.630000000000000115e-01,1.696439407208976036e+01
7.640000000000000124e-01,1.695972300006755518e+01
7.650000000000000133e-01,1.699925685611899695e+01
7.660000000000000142e-01,1.694651418997870351e+01
7.670000000000000151e-01,1.702254700902933138e+01
7.680000000000000160e-01,1.697680300194100766e+01
7.690000000000000169e-01,1.699828613570159774e+01
7.700000000000000178e-01,1.690017983155432191e+01
7.710000000000000187e-01,1.693255525221949753e+01
7.720000000000000195e-01,1.692657309828558354e+01
7.730000000000000204e-01,1.697467388353034323e+01
7.740000000000000213e-01,1.690358684005385825e+01
7.750000000000000222e-01,1.692956717659854249e+01
7.760000000000000231e-01,1.697467654743766730e+01
7.770000000000000240e-01,1.690253838441913103e+01
7.780000000000000249e-01,1.692077514862308263e+01
7.790000000000000258e-01,1.689380676406544524e+01
7.800000000000000266e-01,1.692574415316671832e+01
7.810000000000000275e-01,1.687112534022984178e+01
7.820000000000000284e-01,1.693846605745569533e+01
7.830000000000000293e-01,1.687939960150623619e+01
7.840000000000000302e-01,1.691515811580427453e+01
7.850000000000000311e-01,1.693735132941006327e+01
7.860000000000000320e-01,1.684713009010932439e+01
7.870000000000000329e-01,1.690474299853523732e+01
7.880000000000000338e-01,1.692475052252817491e+01
7.890000000000000346e-01,1.687668767918951218e+01
7.900000000000000355e-01,1.688319361065011037e+01
7.910000000000000364e-01,1.687585455307930005e+01
7.920000000000000373e-01,1.691473117033391560e+01
7.930000000000000382e-01,1.696791028081757702e+01
7.940000000000000391e-01,1.689541799163068703e+01
7.950000000000000400e-01,1.693082101645513049e+01
7.960000000000000409e-01,1.694438821384655824e+01
7.970000000000000417e-01,1.687267729095177415e+01
7.980000000000000426e-01,1.686866388914710413e+01
7.990000000000000435e-01,1.693956204106212482e+01
8.000000000000000444e-01,1.693458043731758522e+01
8.010000000000000453e-01,1.692501132437122990e+01
8.020000000000000462e-01,1.687723816306518643e+01
8.030000000000000471e-01,1.692214801759446630e+01
8.040000000000000480e-01,1.692789484279790457e+01
8.050000000000000488e-01,1.686178327354697970e+01
8.060000000000000497e-01,1.688717938160532128e+01
8.070000000000000506e-01,1.691053337809453794e+01
8.080000000000000515e-01,1.689703949762329671e+01
8.090000000000000524e-01,1.693219942525063360e+01
8.100000000000000533e-01,1.685158240977220601e+01
8.110000000000000542e-01,1.686487895899254497e+01
8.120000000000000551e-01,1.689128049943566623e+01
8.129999999999999449e-01,1.684122999793319764e+01
8.139999999999999458e-01,1.687698351007808384e+01
8.149999999999999467e-01,1.688664350494758182e+01
8.159999999999999476e-01,1.690908142449630702e+01
8.169999999999999485e-01,1.685986033088148872e+01
8.179999999999999494e-01,1.700083191292603502e+01
8.189999999999999503e-01,1.689159860130324731e+01
8.199999999999999512e-01,1.691539698014898718e+01
8.209999999999999520e-01,1.689384630886745597e+01
8.219999999999999529e-01,1.695670627982721612e+01
8.229999999999999538e-01,1.699165298675581681e+01
8.239999999999999547e-01,1.686601091403643693e+01
8.249999999999999556e-01,1.686491009560072740e+01
8.259999999999999565e-01,1.687439300250865415e+01
8.269999999999999574e-01,1.691052461403068818e+01
8.279999999999999583e-01,1.692393126283452887e+01
8.289999999999999591e-01,1.688422355400085451e+01
8.299999999999999600e-01,1.689987725342598424e+01
8.309999999999999609e-01,1.690161361607538382e+01
8.319999999999999618e-01,1.690685319394409092e+01
8.329999999999999627e-01,1.693567229270766106e+01
8.339999999999999636e-01,1.687292286850849621e+01
8.349999999999999645e-01,1.681902824494617832e+01
8.359999999999999654e-01,1.688529107287941855e+01
8.369999999999999662e-01,1.691366784949388347e+01
8.379999999999999671e-01,1.694181450257481814e+01
8.389999999999999680e-01,1.694435019480365412e+01
8.399999999999999689e-01,1.686280230326248741e+01
8.409999999999999698e-01,1.691499949863041508e+01
8.419999999999999707e-01,1.691484131529761825e+01
8.429999999999999716e-01,1.692123425183102370e+01
8.439999999999999725e-01,1.692702376407364540e+01
8.449999999999999734e-01,1.691482838439418757e+01
8.459999999999999742e-01,1.697182715722431112e+01
8.469999999999999751e-01,1.689695664804520092e+01
8.479999999999999760e-01,1.692666128531127256e+01
8.489999999999999769e-01,1.690998946157435157e+01
8.499999999999999778e-01,1.694842566599045952e+01
8.509999999999999787e-01,1.687915052479367617e+01
8.519999999999999796e-01,1.690816779470071651e+01
8.529999999999999805e-01,1.688980116272539789e+01
8.539999999999999813e-01,1.695720047410361886e+01
8.549999999999999822e-01,1.692501799153792419e+01
8.559999999999999831e-01,1.696547966657800188e+01
8.569999999999999840e-01,1.694842333084185171e+01
8.579999999999999849e-01,1.692716614843912026e+01
8.589999999999999858e-01,1.690760771276470464e+01
8.599999999999999867e-01,1.687077584450154433e+01
8.609999999999999876e-01,1.690413160640244783e+01
8.619999999999999885e-01,1.689943106008195528e+01
8.629999999999999893e-01,1.693703757536018273e+01
8.639999999999999902e-01,1.695195287371548787e+01
8.649999999999999911e-01,1.688172192648321612e+01
8.659999999999999920e-01,1.689798914855137824e+01
8.669999999999999929e-01,1.690555053758799531e+01
8.679999999999999938e-01,1.694423057510659447e+01
8.689999999999999947e-01,1.691429557931327210e+01
8.699999999999999956e-01,1.694334646168409364e+01
8.709999999999999964e-01,1.693324332329276061e+01
8.719999999999999973e-01,1.691212476531449482e+01
8.729999999999999982e-01,1.688675792896628991e+01
8.739999999999999991e-01,1.687184448148582661e+01
8.750000000000000000e-01,1.693638931082481847e+01
8.760000000000000009e-01,1.694578899659981630e+01
8.770000000000000018e-01,1.698587532072437156e+01
8.780000000000000027e-01,1.697042510456677178e+01
8.790000000000000036e-01,1.698443658824643876e+01
8.800000000000000044e-01,1.693722406633269983e+01
8.810000000000000053e-01,1.698863589563233845e+01
8.820000000000000062e-01,1.693032140057545476e+01
8.830000000000000071e-01,1.701509165976240112e+01
8.840000000000000080e-01,1.695920775528137625e+01
8.850000000000000089e-01,1.694399901881477888e+01
8.860000000000000098e-01,1.697135141743981279e+01
8.870000000000000107e-01,1.695954978500574839e+01
8.880000000000000115e-01,1.693337889398521057e+01
8.890000000000000124e-01,1.692373625657472758e+01
8.900000000000000133e-01,1.695166002867179955e+01
8.910000000000000142e-01,1.691831059676173865e+01
8.920000000000000151e-01,1.695100434460289307e+01
8.930000000000000160e-01,1.697654393640139148e+01
8.940000000000000169e-01,1.695294687545064249e+01
8.950000000000000178e-01,1.694608059826422419e+01
8.960000000000000187e-01,1.695285777109577907e+01
8.970000000000000195e-01,1.692876696043274265e+01
8.980000000000000204e-01,1.692541318746357959e+01
8.990000000000000213e-01,1.691318701022319004e+01
9.000000000000000222e-01,1.694383133401791852e+01
9.010000000000000231e-01,1.685229299213352760e+01
9.020000000000000240e-01,1.695557852511696950e+01
9.030000000000000249e-01,1.688071363881526921e+01
9.040000000000000258e-01,1.693896868863907201e+01
9.050000000000000266e-01,1.695997553600709296e+01
9.060000000000000275e-01,1.689085265639079481e+01
9.070000000000000284e-01,1.694812968914035167e+01
9.080000000000000293e-01,1.697100201131418729e+01
9.090000000000000302e-01,1.690300840936566118e+01
9.100000000000000311e-01,1.697297975553860994e+01
9.110000000000000320e-01,1.702030413125984154e+01
9.120000000000000329e-01,1.691367123229671066e+01
9.130000000000000338e-01,1.694533033066556271e+01
9.140000000000000346e-01,1.694751574295447938e+01
9.150000000000000355e-01,1.693399366284083740e+01
9.160000000000000364e-01,1.696793308425950642e+01
9.170000000000000373e-01,1.695995462027134337e+01
9.180000000000000382e-01,1.703532373661268906e+01
9.190000000000000391e-01,1.700749964886854926e+01
9.200000000000000400e-01,1.701263006869253402e+01
9.210000000000000409e-01,1.705397972677802443e+01
9.220000000000000417e-01,1.702412383891361713e+01
9.230000000000000426e-01,1.698364829663433184e+01
9.240000000000000435e-01,1.699835975440396751e+01
9.250000000000000444e-01,1.704043062547625453e+01
9.260000000000000453e-01,1.700548859112810618e+01
9.270000000000000462e-01,1.701339803613469215e+01
9.280000000000000471e-01,1.702556547042992108e+01
9.290000000000000480e-01,1.698214604416095241e+01
9.300000000000000488e-01,1.703435975096478217e+01
9.310000000000000497e-01,1.698743855123721147e+01
9.320000000000000506e-01,1.699418701874721904e+01
9.330000000000000515e-01,1.698935025153560829e+01
9.340000000000000524e-01,1.696040687391307245e+01
9.350000000000000533e-01,1.702882879895339840e+01
9.360000000000000542e-01,1.707742015627439969e+01
9.370000000000000551e-01,1.707546035604583778e+01
9.379999999999999449e-01,1.697994003394082085e+01
9.389999999999999458e-01,1.700820878071943554e+01
9.399999999999999467e-01,1.700873409390255020e+01
9.409999999999999476e-01,1.699587165489215224e+01
9.419999999999999485e-01,1.697596060210639735e+01
9.429999999999999494e-01,1.692320596158677048e+01
9.439999999999999503e-01,1.706318746271000464e+01
9.449999999999999512e-01,1.696318678681567249e+01
9.459999999999999520e-01,1.695588665494212677e+01
9.469999999999999529e-01,1.702010543736354720e+01
9.479999999999999538e-01,1.698713492650745849e+01
9.489999999999999547e-01,1.698214314525109003e+01
9.499999999999999556e-01,1.708499455752068386e+01
9.509999999999999565e-01,1.697990433537508181e+01
9.519999999999999574e-01,1.704231790865663143e+01
9.529999999999999583e-01,1.698561007412775936e+01
9.539999999999999591e-01,1.699403144048534742e+01
9.549999999999999600e-01,1.701719401145824762e+01
9.559999999999999609e-01,1.699828768242028687e+01
9.569999999999999618e-01,1.703137074805619378e+01
9.579999999999999627e-01,1.702268945129925726e+01
9.589999999999999636e-01,1.699645259305022904e+01
9.599999999999999645e-01,1.697693949198977492e+01
9.609999999999999654e-01,1.691983998261659039e+01
9.619999999999999662e-01,1.696981148789530636e+01
9.629999999999999671e-01,1.692925467572697684e+01
9.639999999999999680e-01,1.696545693885630257e+01
9.649999999999999689e-01,1.694969105059157144e+01
9.659999999999999698e-01,1.701514722236967003e+01
9.669999999999999707e-01,1.698347363415905065e+01
9.679999999999999716e-01,1.685740988664584705e+01
9.689999999999999725e-01,1.689704044927897542e+01
9.699999999999999734e-01,1.693197153253723286e+01
9.709999999999999742e-01,1.700644467606427668e+01
9.719999999999999751e-01,1.697707835503990736e+01
9.729999999999999760e-01,1.700036721442816656e+01
9.739999999999999769e-01,1.698335677387305154e+01
9.749999999999999778e-01,1.697004327665505485e+01
9.759999999999999787e-01,1.689897566340961177e+01
9.769999999999999796e-01,1.705274796823323413e+01
9.779999999999999805e-01,1.695843475465215988e+01
9.789999999999999813e-01,1.697619007712983219e+01
9.799999999999999822e-01,1.695009859771051808e+01
9.809999999999999831e-01,1.692782510611080937e+01
9.819999999999999840e-01,1.695777388415325859e+01
9.829999999999999849e-01,1.707106722311251090e+01
9.839999999999999858e-01,1.694516183143863941e+01
9.849999999999999867e-01,1.693528124795641432e+01
9.859999999999999876e-01,1.698307399331221035e+01
9.869999999999999885e-01,1.697211664522951224e+01
9.879999999999999893e-01,1.703505442796316416e+01
9.889999999999999902e-01,1.701672594933345906e+01
9.899999999999999911e-01,1.698787047005864537e+01
9.909999999999999920e-01,1.698485627704229373e+01
9.919999999999999929e-01,1.699473132813663057e+01
9.929999999999999938e-01,1.701155965721034136e+01
9.939999999999999947e-01,1.700079546946855658e+01
9.949999999999999956e-01,1.706241662108283563e+01
9.959999999999999964e-01,1.707897910346918380e+01
9.969999999999999973e-01,1.700972079083260269e+01
9.979999999999999982e-01,1.698930233147160251e+01
9.989999999999999991e-01,1.697709419457402191e+01
1.000000000000000000e+00,1.706798256022695881e+01
1.000999999999999890e+00,1.705566922673198960e+01
1.002000000000000002e+00,1.701670806142505654e+01
1.002999999999999892e+00,1.704566240577556613e+01
1.004000000000000004e+00,1.700177328421210632e+01
1.004999999999999893e+00,1.702713154270357165e+01
1.006000000000000005e+00,1.707617236450465725e+01
1.006999999999999895e+00,1.699949546687736301e+01
1.008000000000000007e+00,1.697143290590257436e+01
1.008999999999999897e+00,1.701311825985514403e+01
1.010000000000000009e+00,1.699015097419122355e+01
1.010999999999999899e+00,1.708559738726163246e+01
1.012000000000000011e+00,1.702140024086809333e+01
1.012999999999999901e+00,1.704689651454855692e+01
1.014000000000000012e+00,1.703829110708707262e+01
1.014999999999999902e+00,1.707280959371732720e+01
1.016000000000000014e+00,1.700441645297553350e+01
1.016999999999999904e+00,1.700891063350282195e+01
1.018000000000000016e+00,1.707722500775104635e+01
1.018999999999999906e+00,1.703422110621630736e+01
1.020000000000000018e+00,1.705078320055118724e+01
1.020999999999999908e+00,1.704928849461369111e+01
1.022000000000000020e+00,1.701433869267384580e+01
1.022999999999999909e+00,1.701906565399625748e+01
1.024000000000000021e+00,1.700801991655418277e+01
1.024999999999999911e+00,1.698660448730129247e+01
1.026000000000000023e+00,1.701377822332769796e+01
1.026999999999999913e+00,1.694061788738908447e+01
1.028000000000000025e+00,1.707951004985579146e+01
1.028999999999999915e+00,1.703872719739837649e+01
1.030000000000000027e+00,1.699716211698176949e+01
1.030999999999999917e+00,1.704603486189420636e+01
1.032000000000000028e+00,1.696075824204728022e+01
1.032999999999999918e+00,1.700888830567907917e+01
1.034000000000000030e+00,1.692480644096825770e+01
1.034999999999999920e+00,1.687936323649906001e+01
1.036000000000000032e+00,1.700056192903188901e+01
1.036999999999999922e+00,1.699789096694106405e+01
1.038000000000000034e+00,1.697961761563500716e+01
1.038999999999999924e+00,1.693557428400000830e+01
1.040000000000000036e+00,1.696372171878527979e+01
1.040999999999999925e+00,1.701058518302185263e+01
1.042000000000000037e+00,1.690971463899313321e+01
1.042999999999999927e+00,1.696906938187163405e+01
1.044000000000000039e+00,1.692737560371647376e+01
1.044999999999999929e+00,1.699407618903779849e+01
1.046000000000000041e+00,1.694529748305497918e+01
1.046999999999999931e+00,1.696630363421375165e+01
1.048000000000000043e+00,1.694283989795745171e+01
1.048999999999999932e+00,1.695760497284819834e+01
1.050000000000000044e+00,1.691745102717663229e+01
1.050999999999999934e+00,1.686366072586763210e+01
1.052000000000000046e+00,1.698563881416218990e+01
1.052999999999999936e+00,1.696392654382673371e+01
1.054000000000000048e+00,1.690057594736864388e+01
1.054999999999999938e+00,1.687029851934286384e+01
1.056000000000000050e+00,1.689864394562162531e+01
1.056999999999999940e+00,1.695220197667454087e+01
1.058000000000000052e+00,1.688336333876054240e+01
1.058999999999999941e+00,1.690526064825060359e+01
1.060000000000000053e+00,1.694919821990968245e+01
1.060999999999999943e+00,1.692836856244553800e+01
1.062000000000000055e+00,1.696640686954161481e+01
1.062999999999999945e+00,1.690910932101428443e+01
1.064000000000000057e+00,1.696122002271667384e+01
1.064999999999999947e+00,1.690492757481190722e+01
1.066000000000000059e+00,1.695693142081609395e+01
1.066999999999999948e+00,1.696267300838301040e+01
1.068000000000000060e+00,1.693876501203711271e+01
1.068999999999999950e+00,1.689163144698219909e+01
1.070000000000000062e+00,1.693887405791622314e+01
1.070999999999999952e+00,1.695641468955811959e+01
1.072000000000000064e+00,1.698202354165891137e+01
1.072999999999999954e+00,1.690575010958731283e+01
1.074000000000000066e+00,1.694922597030297950e+01
1.074999999999999956e+00,1.697457676640457791e+01
1.076000000000000068e+00,1.687455953794494334e+01
1.076999999999999957e+00,1.688551575705222518e+01
1.078000000000000069e+00,1.693465743596627249e+01
1.078999999999999959e+00,1.693119129902431297e+01
1.080000000000000071e+00,1.691490627602499330e+01
1.080999999999999961e+00,1.689739848807598221e+01
1.082000000000000073e+00,1.695071057337835896e+01
1.082999999999999963e+00,1.693864156654289488e+01
1.084000000000000075e+00,1.692257954683856624e+01
1.084999999999999964e+00,1.691799410133673121e+01
1.086000000000000076e+00,1.691312459428682757e+01
1.086999999999999966e+00,1.691572648763919773e+01
1.088000000000000078e+00,1.692654758274851190e+01
1.088999999999999968e+00,1.693907616088444712e+01
1.090000000000000080e+00,1.686646902510662116e+01
1.090999999999999970e+00,1.683560485366407278e+01
1.092000000000000082e+00,1.691455109028998294e+01
1.092999999999999972e+00,1.682529962294815462e+01
1.094000000000000083e+00,1.684020157800411965e+01
1.094999999999999973e+00,1.690896037379815908e+01
1.096000000000000085e+00,1.689986052878875000e+01
1.096999999999999975e+00,1.691748901906582248e+01
1.098000000000000087e+00,1.688364535194035199e+01
1.098999999999999977e+00,1.690387607221480337e+01
1.100000000000000089e+00,1.687106668634029560e+01
1.100999999999999979e+00,1.693205474293829482e+01
1.102000000000000091e+00,1.694085879598254962e+01
1.102999999999999980e+00,1.694038465933470050e+01
1.104000000000000092e+00,1.693116620414298268e+01
1.104999999999999982e+00,1.687535705643485073e+01
1.106000000000000094e+00,1.683993855141262230e+01
1.106999999999999984e+00,1.697620288777454434e+01
1.108000000000000096e+00,1.690739164413911411e+01
1.108999999999999986e+00,1.694505832832066261e+01
1.110000000000000098e+00,1.694864234462307806e+01
1.110999999999999988e+00,1.695097488640993433e+01
1.112000000000000099e+00,1.691545650481187835e+01
1.112999999999999989e+00,1.688681317048609642e+01
1.114000000000000101e+00,1.692725843317179724e+01
1.114999999999999991e+00,1.696778124695657297e+01
1.116000000000000103e+00,1.691763501807364634e+01
1.116999999999999993e+00,1.691261596770995723e+01
1.118000000000000105e+00,1.695358095754306049e+01
1.118999999999999995e+00,1.696957378420773921e+01
1.120000000000000107e+00,1.695938014665478022e+01
1.120999999999999996e+00,1.689473008877976667e+01
1.122000000000000108e+00,1.688457943230799430e+01
1.122999999999999998e+00,1.683479063368585571e+01
1.124000000000000110e+00,1.692714062585212531e+01
1.125000000000000000e+00,1.686671779055449605e+01
1.125999999999999890e+00,1.687744378765710707e+01
1.127000000000000002e+00,1.690985923050477169e+01
1.127999999999999892e+00,1.687785554411224709e+01
1.129000000000000004e+00,1.694376741051061686e+01
1.129999999999999893e+00,1.690516997392543885e+01
1.131000000000000005e+00,1.691736085192430394e+01
1.131999999999999895e+00,1.686135612881751200e+01
1.133000000000000007e+00,1.686262886004883299e+01
1.133999999999999897e+00,1.692198834075309222e+01
1.135000000000000009e+00,1.695028305708668626e+01
1.135999999999999899e+00,1.697609204854422771e+01
1.137000000000000011e+00,1.690674842485985963e+01
1.137999999999999901e+00,1.696135081439869552e+01
1.139000000000000012e+00,1.692842503410727417e+01
1.139999999999999902e+00,1.694587310856232421e+01
1.141000000000000014e+00,1.691097279533413911e+01
1.141999999999999904e+00,1.691458310996352665e+01
1.143000000000000016e+00,1.695223041455127344e+01
1.143999999999999906e+00,1.692929270507901762e+01
1.145000000000000018e+00,1.686763007811105908e+01
1.145999999999999908e+00,1.692486135932662705e+01
1.147000000000000020e+00,1.694108933706199593e+01
1.147999999999999909e+00,1.686695172369335793e+01
1.149000000000000021e+00,1.694807483510802015e+01
1.149999999999999911e+00,1.692697163161671270e+01
1.151000000000000023e+00,1.690798825995402765e+01
1.151999999999999913e+00,1.694932986636043637e+01
1.153000000000000025e+00,1.686785802666776135e+01
1.153999999999999915e+00,1.688239580087068958e+01
1.155000000000000027e+00,1.691807642919150467e+01
1.155999999999999917e+00,1.686286180488866648e+01
1.157000000000000028e+00,1.688370718668465997e+01
1.157999999999999918e+00,1.690103008541213114e+01
1.159000000000000030e+00,1.688504587112495159e+01
1.159999999999999920e+00,1.692565063773474066e+01
1.161000000000000032e+00,1.689899538064845075e+01
1.161999999999999922e+00,1.688353735504035313e+01
1.163000000000000034e+00,1.692591503070741865e+01
1.163999999999999924e+00,1.689609205945798109e+01
1.165000000000000036e+00,1.685637790563976424e+01
1.165999999999999925e+00,1.691825378785521394e+01
1.167000000000000037e+00,1.692149704071204752e+01
1.167999999999999927e+00,1.696940664248958086e+01
1.169000000000000039e+00,1.688847861118363625e+01
1.169999999999999929e+00,1.697334930343686921e+01
1.171000000000000041e+00,1.685673883177273069e+01
1.171999999999999931e+00,1.690562437512575045e+01
1.173000000000000043e+00,1.684469258571243699e+01
1.173999999999999932e+00,1.698964007028827794e+01
1.175000000000000044e+00,1.693842547046705249e+01
1.175999999999999934e+00,1.693294845614451916e+01
1.177000000000000046e+00,1.692700814946947219e+01
1.177999999999999936e+00,1.690491131228600352e+01
1.179000000000000048e+00,1.691857549353650825e+01
1.179999999999999938e+00,1.690217813286549386e+01
1.181000000000000050e+00,1.680549951251481389e+01
1.181999999999999940e+00,1.692253739170531190e+01
1.183000000000000052e+00,1.690941307326651000e+01
1.183999999999999941e+00,1.687279367509540151e+01
1.185000000000000053e+00,1.685156140558447291e+01
1.185999999999999943e+00,1.685681048620587674e+01
1.187000000000000055e+00,1.694634804095746006e+01
1.187999999999999945e+00,1.689504636415113481e+01
1.189000000000000057e+00,1.687978335196191182e+01
1.189999999999999947e+00,1.695385156699042639e+01
1.191000000000000059e+00,1.687969011500223004e+01
1.191999999999999948e+00,1.687456009931529621e+01
1.193000000000000060e+00,1.687090896899150039e+01
1.193999999999999950e+00,1.696083039562658712e+01
1.195000000000000062e+00,1.691096462949826318e+01
1.195999999999999952e+00,1.689707033285543858e+01
1.197000000000000064e+00,1.691455473844945345e+01
1.197999999999999954e+00,1.695950953912274173e+01
1.199000000000000066e+00,1.686703035325309230e+01
1.199999999999999956e+00,1.692916089082202191e+01
1.201000000000000068e+00,1.696071821066083629e+01
1.201999999999999957e+00,1.692505296773101264e+01
1.203000000000000069e+00,1.696146213454053964e+01
1.203999999999999959e+00,1.695303028005906043e+01
1.205000000000000071e+00,1.695550461012768650e+01
1.205999999999999961e+00,1.694358435483733416e+01
1.207000000000000073e+00,1.690483723056813758e+01
1.207999999999999963e+00,1.690302898939646070e+01
1.209000000000000075e+00,1.695920202426426471e+01
1.209999999999999964e+00,1.689470868631882183e+01
1.211000000000000076e+00,1.693302580369982024e+01
1.211999999999999966e+00,1.690558737368492714e+01
1.213000000000000078e+00,1.696275892842970734e+01
1.213999999999999968e+00,1.696770872031391519e+01
1.215000000000000080e+00,1.695958785490797283e+01
1.215999999999999970e+00,1.694611359115801363e+01
1.217000000000000082e+00,1.692031819519678493e+01
1.217999999999999972e+00,1.692050793629010030e+01
1.219000000000000083e+00,1.703534493866732902e+01
1.219999999999999973e+00,1.693662714350281107e+01
1.221000000000000085e+00,1.692809324037600405e+01
1.221999999999999975e+00,1.696558362020921606e+01
1.223000000000000087e+00,1.702388594005229194e+01
1.223999999999999977e+00,1.698966677891078803e+01
1.225000000000000089e+00,1.699313488183084786e+01
1.225999999999999979e+00,1.698332781529863311e+01
1.227000000000000091e+00,1.693432822849864650e+01
1.227999999999999980e+00,1.699030654635347304e+01
1.229000000000000092e+00,1.697987993894572867e+01
1.229999999999999982e+00,1.693370267893274317e+01
1.231000000000000094e+00,1.690609179225641157e+01
1.231999999999999984e+00,1.694945403650239868e+01
1.233000000000000096e+00,1.698757762466632926e+01
1.233999999999999986e+00,1.693357145317934709e+01
1.235000000000000098e+00,1.697725961978710174e+01
1.235999999999999988e+00,1.700654710048273444e+01
1.237000000000000099e+00,1.696307069990505312e+01
1.237999999999999989e+00,1.693864742126481104e+01
1.239000000000000101e+00,1.701852148068901371e+01
1.239999999999999991e+00,1.696065349953874346e+01
1.241000000000000103e+00,1.698623086505314461e+01
1.241999999999999993e+00,1.706366546138334428e+01
1.243000000000000105e+00,1.702114776718285327e+01
1.243999999999999995e+00,1.700860997218450166e+01
1.245000000000000107e+00,1.696533479863126459e+01
1.245999999999999996e+00,1.698080349345808671e+01
1.247000000000000108e+00,1.700219453278922543e+01
1.247999999999999998e+00,1.701513246905856747e+01
1.249000000000000110e+00,1.708922484581727019e+01
1.250000000000000000e+00,1.702008822653142772e+01
1.250999999999999890e+00,1.692544164112199212e+01
1.252000000000000002e+00,1.690511235652710198e+01
1.252999999999999892e+00,1.698003501437571927e+01
1.254000000000000004e+00,1.698533650304086606e+01
1.254999999999999893e+00,1.692867963302560597e+01
1.256000000000000005e+00,1.696226725084165921e+01
1.256999999999999895e+00,1.697828030208220440e+01
1.258000000000000007e+00,1.698431684473237269e+01
1.258999999999999897e+00,1.698390122021135795e+01
1.260000000000000009e+00,1.702239920257935069e+01
1.260999999999999899e+00,1.715909018658189922e+01
1.262000000000000011e+00,1.707415393536640025e+01
1.262999999999999901e+00,1.708618752414963282e+01
1.264000000000000012e+00,1.703064364869209513e+01
1.264999999999999902e+00,1.702757265634706130e+01
1.266000000000000014e+00,1.695757236443443006e+01
1.266999999999999904e+00,1.705144119907455647e+01
1.268000000000000016e+00,1.700156418877374520e+01
1.268999999999999906e+00,1.704791568593672224e+01
1.270000000000000018e+00,1.701624100160420383e+01
1.270999999999999908e+00,1.708153463404743633e+01
1.272000000000000020e+00,1.696751178523113168e+01
1.272999999999999909e+00,1.700816159584420717e+01
1.274000000000000021e+00,1.700219300578395121e+01
1.274999999999999911e+00,1.704598017292900991e+01
1.276000000000000023e+00,1.706673785835509705e+01
1.276999999999999913e+00,1.702702567323516547e+01
1.278000000000000025e+00,1.701497398194387500e+01
1.278999999999999915e+00,1.704939109472228509e+01
1.280000000000000027e+00,1.706876211641369068e+01
1.280999999999999917e+00,1.707267847784032000e+01
1.282000000000000028e+00,1.708048754184818563e+01
1.282999999999999918e+00,1.703808396681551685e+01
1.284000000000000030e+00,1.710513407159317012e+01
1.284999999999999920e+00,1.703318141689066678e+01
1.286000000000000032e+00,1.699044364643696881e+01
1.286999999999999922e+00,1.702441368152030776e+01
1.288000000000000034e+00,1.705874788518951846e+01
1.288999999999999924e+00,1.703841698567351770e+01
1.290000000000000036e+00,1.699551622226723424e+01
1.290999999999999925e+00,1.701764770659806558e+01
1.292000000000000037e+00,1.704655317357654809e+01
1.292999999999999927e+00,1.699228897781259917e+01
1.294000000000000039e+00,1.696628532893732100e+01
1.294999999999999929e+00,1.702420193428500284e+01
1.296000000000000041e+00,1.706094786226674742e+01
1.296999999999999931e+00,1.697416312089173474e+01
1.298000000000000043e+00,1.696060239222701682e+01
1.298999999999999932e+00,1.699570944792419525e+01
1.300000000000000044e+00,1.710017352496170417e+01
1.300999999999999934e+00,1.701014962035465672e+01
1.302000000000000046e+00,1.705038086725240376e+01
1.302999999999999936e+00,1.705183917593229026e+01
1.304000000000000048e+00,1.701816822357834980e+01
1.304999999999999938e+00,1.704825818883436384e+01
1.306000000000000050e+00,1.700737623554253730e+01
1.306999999999999940e+00,1.702358822243415304e+01
1.308000000000000052e+00,1.710165001596974577e+01
1.308999999999999941e+00,1.700535846571647625e+01
1.310000000000000053e+00,1.704890934284560089e+01
1.310999999999999943e+00,1.704351253595331883e+01
1.312000000000000055e+00,1.704504114381089508e+01
1.312999999999999945e+00,1.700337213688129623e+01
1.314000000000000057e+00,1.707312197771604190e+01
1.314999999999999947e+00,1.702128483079140864e+01
1.316000000000000059e+00,1.704248134537837700e+01
1.316999999999999948e+00,1.702477031997103651e+01
1.318000000000000060e+00,1.698843117486531185e+01
1.318999999999999950e+00,1.697586390317760774e+01
1.320000000000000062e+00,1.704017335167744918e+01
1.320999999999999952e+00,1.689363311837986004e+01
1.322000000000000064e+00,1.694723444515556210e+01
1.322999999999999954e+00,1.699502036125302951e+01
1.324000000000000066e+00,1.700728791006252649e+01
1.324999999999999956e+00,1.695126139651448582e+01
1.326000000000000068e+00,1.696756141237024806e+01
1.326999999999999957e+00,1.700663716081417220e+01
1.328000000000000069e+00,1.704388199941882220e+01
1.328999999999999959e+00,1.700327682810999619e+01
1.330000000000000071e+00,1.697449346278728299e+01
1.330999999999999961e+00,1.701238825564895762e+01
1.332000000000000073e+00,1.700662870862255005e+01
1.332999999999999963e+00,1.700775251191618409e+01
1.334000000000000075e+00,1.701494813761072322e+01
1.334999999999999964e+00,1.703351924298185693e+01
1.336000000000000076e+00,1.700052257806918732e+01
1.336999999999999966e+00,1.699243485829996203e+01
1.338000000000000078e+00,1.701810628121737068e+01
1.338999999999999968e+00,1.699919480758382306e+01
1.340000000000000080e+00,1.699988376755773700e+01
1.340999999999999970e+00,1.697942591947418478e+01
1.342000000000000082e+00,1.697662281011827190e+01
1.342999999999999972e+00,1.700395634692915792e+01
1.344000000000000083e+00,1.692762424756474005e+01
1.344999999999999973e+00,1.690515879687895762e+01
1.346000000000000085e+00,1.689592053248016512e+01
1.346999999999999975e+00,1.698411856362178796e+01
1.348000000000000087e+00,1.697104832804914665e+01
1.348999999999999977e+00,1.699829246549385076e+01
1.350000000000000089e+00,1.700162562157591140e+01
1.350999999999999979e+00,1.696158739320864939e+01
1.352000000000000091e+00,1.689100516370442051e+01
1.352999999999999980e+00,1.695532651810489710e+01
1.354000000000000092e+00,1.693932748042770697e+01
1.354999999999999982e+00,1.699950013228378864e+01
1.356000000000000094e+00,1.691445781084179600e+01
1.356999999999999984e+00,1.697484756432562136e+01
1.358000000000000096e+00,1.697041010536266725e+01
1.358999999999999986e+00,1.692995713867845353e+01
1.360000000000000098e+00,1.695077763039811103e+01
1.360999999999999988e+00,1.689649441372325356e+01
1.362000000000000099e+00,1.690822140659963679e+01
1.362999999999999989e+00,1.697132114704915296e+01
1.364000000000000101e+00,1.695731016858275808e+01
1.364999999999999991e+00,1.695945321579657872e+01
1.366000000000000103e+00,1.696534236761748460e+01
1.366999999999999993e+00,1.691981512451012293e+01
1.368000000000000105e+00,1.688396341111783627e+01
1.368999999999999995e+00,1.702397965564742321e+01
1.370000000000000107e+00,1.695244834452126881e+01
1.370999999999999996e+00,1.697171082975585321e+01
1.372000000000000108e+00,1.693469110506539010e+01
1.372999999999999998e+00,1.699103578537473780e+01
1.374000000000000110e+00,1.695218263399977587e+01
1.375000000000000000e+00,1.699996493245470219e+01
1.375999999999999890e+00,1.698897306023683740e+01
1.377000000000000002e+00,1.697466256246639915e+01
1.377999999999999892e+00,1.691923778293222824e+01
1.379000000000000004e+00,1.706169276443249316e+01
1.379999999999999893e+00,1.694623173440158581e+01
1.381000000000000005e+00,1.705812931926949005e+01
1.381999999999999895e+00,1.694932500426976318e+01
1.383000000000000007e+00,1.698167874320848014e+01
1.383999999999999897e+00,1.691892811548922992e+01
1.385000000000000009e+00,1.700971907681891437e+01
1.385999999999999899e+00,1.700517446156932522e+01
1.387000000000000011e+00,1.702109141202328146e+01
1.387999999999999901e+00,1.704548719385584477e+01
1.389000000000000012e+00,1.694619929381294909e+01
1.389999999999999902e+00,1.697165314249660639e+01
1.391000000000000014e+00,1.698479967701377547e+01
1.391999999999999904e+00,1.693659188176147268e+01
1.393000000000000016e+00,1.703038469603388094e+01
1.393999999999999906e+00,1.703357692493531772e+01
1.395000000000000018e+00,1.702178623368150312e+01
1.395999999999999908e+00,1.700016870936342173e+01
1.397000000000000020e+00,1.700105038050306305e+01
1.397999999999999909e+00,1.694524383558435687e+01
1.399000000000000021e+00,1.694995990649659845e+01
1.399999999999999911e+00,1.701389327671868301e+01
1.401000000000000023e+00,1.694627956150086590e+01
1.401999999999999913e+00,1.701437983204710136e+01
1.403000000000000025e+00,1.704861370735279280e+01
1.403999999999999915e+00,1.695028777854281543e+01
1.405000000000000027e+00,1.700927021980471210e+01
1.405999999999999917e+00,1.692193002344713904e+01
1.407000000000000028e+00,1.695403973660259567e+01
1.407999999999999918e+00,1.696613453871501065e+01
1.409000000000000030e+00,1.691822514878216310e+01
1.409999999999999920e+00,1.688881266203680553e+01
1.411000000000000032e+00,1.695495064524732953e+01
1.411999999999999922e+00,1.692848325040785795e+01
1.413000000000000034e+00,1.691808270509775980e+01
1.413999999999999924e+00,1.699071048930543881e+01
1.415000000000000036e+00,1.695062520543552864e+01
1.415999999999999925e+00,1.697745507056593084e+01
1.417000000000000037e+00,1.693034323533579411e+01
1.417999999999999927e+00,1.697633000953199200e+01
1.419000000000000039e+00,1.696084678398996104e+01
1.419999999999999929e+00,1.693035735775423589e+01
1.421000000000000041e+00,1.690954178606764913e+01
1.421999999999999931e+00,1.691597483524787293e+01
1.423000000000000043e+00,1.693563116008111891e+01
1.423999999999999932e+00,1.696808271378311872e+01
1.425000000000000044e+00,1.691184396049648697e+01
1.425999999999999934e+00,1.696316874239774108e+01
1.427000000000000046e+00,1.702527941902984310e+01
1.427999999999999936e+00,1.701138525436261517e+01
1.429000000000000048e+00,1.690394467280677304e+01
1.429999999999999938e+00,1.694267330548480643e+01
1.431000000000000050e+00,1.699548158522701158e+01
1.431999999999999940e+00,1.690625492060799573e+01
1.433000000000000052e+00,1.694792466373491990e+01
1.433999999999999941e+00,1.692996546972499416e+01
1.435000000000000053e+00,1.694387788262049099e+01
1.435999999999999943e+00,1.701119045694515819e+01
1.437000000000000055e+00,1.693453295559973171e+01
1.437999999999999945e+00,1.690808713118309470e+01
1.439000000000000057e+00,1.696071499336871824e+01
1.439999999999999947e+00,1.696908727688272833e+01
1.441000000000000059e+00,1.689419246512735739e+01
1.441999999999999948e+00,1.698015281201239546e+01
1.443000000000000060e+00,1.701478443450988465e+01
1.443999999999999950e+00,1.699545053105536141e+01
1.445000000000000062e+00,1.700626073253169324e+01
1.445999999999999952e+00,1.698175384686536660e+01
1.447000000000000064e+00,1.694908374432683473e+01
1.447999999999999954e+00,1.699672758076671997e+01
1.449000000000000066e+00,1.694433490753343463e+01
1.449999999999999956e+00,1.695519315014567852e+01
1.451000000000000068e+00,1.698107417412557396e+01
1.451999999999999957e+00,1.699378285713359915e+01
1.453000000000000069e+00,1.701009954223384213e+01
1.453999999999999959e+00,1.698464990001444264e+01
1.455000000000000071e+00,1.695659727597589850e+01
1.455999999999999961e+00,1.696599964357942270e+01
1.457000000000000073e+00,1.695686109605956915e+01
1.457999999999999963e+00,1.707038973411100713e+01
1.459000000000000075e+00,1.698809268086098001e+01
1.459999999999999964e+00,1.697472727407114945e+01
1.461000000000000076e+00,1.694465459973503130e+01
1.461999999999999966e+00,1.690958440774478788e+01
1.463000000000000078e+00,1.694633926926088208e+01
1.463999999999999968e+00,1.699502645210745655e+01
1.465000000000000080e+00,1.692003686237266891e+01
1.465999999999999970e+00,1.703580655451487758e+01
1.467000000000000082e+00,1.693392131962606584e+01
1.467999999999999972e+00,1.697681014572032865e+01
1.469000000000000083e+00,1.691503941067474059e+01
1.469999999999999973e+00,1.699531221972096873e+01
1.471000000000000085e+00,1.690521903519778846e+01
1.471999999999999975e+00,1.692705115108667258e+01
1.473000000000000087e+00,1.693986118003470409e+01
1.473999999999999977e+00,1.696369780824692697e+01
1.475000000000000089e+00,1.699481165509372715e+01
1.475999999999999979e+00,1.692142242606242775e+01
1.477000000000000091e+00,1.702399361331411143e+01
1.477999999999999980e+00,1.698157555076983982e+01
1.479000000000000092e+00,1.696350821834248634e+01
1.479999999999999982e+00,1.696314968985027249e+01
1.481000000000000094e+00,1.696361633839703487e+01
1.481999999999999984e+00,1.698761128315761937e+01
1.483000000000000096e+00,1.693881809269969096e+01
1.483999999999999986e+00,1.695135272394127313e+01
1.485000000000000098e+00,1.696170114851932453e+01
1.485999999999999988e+00,1.689152665493335448e+01
1.487000000000000099e+00,1.693761724381997524e+01
1.487999999999999989e+00,1.695193013531437742e+01
1.489000000000000101e+00,1.694593891830043475e+01
1.489999999999999991e+00,1.692830477632542596e+01
1.491000000000000103e+00,1.697421807843938524e+01
1.491999999999999993e+00,1.693394865617203493e+01
1.493000000000000105e+00,1.689283040983407957e+01
1.493999999999999995e+00,1.693801380534390333e+01
1.495000000000000107e+00,1.697736586194805852e+01
1.495999999999999996e+00,1.696269499091738453e+01
1.497000000000000108e+00,1.699189863417000979e+01
1.497999999999999998e+00,1.702386703902288900e+01
1.499000000000000110e+00,1.704181239551401461e+01
1.500000000000000000e+00,1.698535452706837745e+01
1.500999999999999890e+00,1.696718178082210216e+01
1.502000000000000002e+00,1.697166427635829677e+01
1.502999999999999892e+00,1.697092737505459681e+01
1.504000000000000004e+00,1.693355577606360995e+01
1.504999999999999893e+00,1.694812665727329559e+01
1.506000000000000005e+00,1.693446545208890086e+01
1.506999999999999895e+00,1.698758742833497948e+01
1.508000000000000007e+00,1.695262077434678005e+01
1.508999999999999897e+00,1.694107690659949483e+01
1.510000000000000009e+00,1.697774496933239163e+01
1.510999999999999899e+00,1.693103979447597141e+01
1.512000000000000011e+00,1.698207488643532415e+01
1.512999999999999901e+00,1.696045306434396593e+01
1.514000000000000012e+00,1.693165000646154894e+01
1.514999999999999902e+00,1.700413760439826305e+01
1.516000000000000014e+00,1.696677644174253174e+01
1.516999999999999904e+00,1.696711566603208610e+01
1.518000000000000016e+00,1.693955702002889296e+01
1.518999999999999906e+00,1.695311185942376042e+01
1.520000000000000018e+00,1.685707330290089345e+01
1.520999999999999908e+00,1.693016160013116789e+01
1.522000000000000020e+00,1.697543469731162347e+01
1.522999999999999909e+00,1.697059411847167354e+01
1.524000000000000021e+00,1.697786810574001493e+01
1.524999999999999911e+00,1.705265247555763963e+01
1.526000000000000023e+00,1.701466137079838603e+01
1.526999999999999913e+00,1.696912272090979457e+01
1.528000000000000025e+00,1.695844478241573583e+01
1.528999999999999915e+00,1.692799537763185569e+01
1.530000000000000027e+00,1.695347853743678357e+01
1.530999999999999917e+00,1.694584912725486703e+01
1.532000000000000028e+00,1.704999731404160102e+01
1.532999999999999918e+00,1.699059566724014658e+01
1.534000000000000030e+00,1.697887322249134101e+01
1.534999999999999920e+00,1.696381560796374544e+01
1.536000000000000032e+00,1.697069082442053656e+01
1.536999999999999922e+00,1.697965781110882943e+01
1.538000000000000034e+00,1.697108187384813149e+01
1.538999999999999924e+00,1.701628585305902774e+01
1.540000000000000036e+00,1.698325486440981891e+01
1.540999999999999925e+00,1.692892711001099926e+01
1.542000000000000037e+00,1.691654919274176194e+01
1.542999999999999927e+00,1.697017790289478256e+01
1.544000000000000039e+00,1.698160102823523943e+01
1.544999999999999929e+00,1.702388526572654115e+01
1.546000000000000041e+00,1.702252214220990467e+01
1.546999999999999931e+00,1.695105131318527114e+01
1.548000000000000043e+00,1.700519022735658581e+01
1.548999999999999932e+00,1.702654834221412727e+01
1.550000000000000044e+00,1.694868475312731348e+01
1.550999999999999934e+00,1.697180543890246796e+01
1.552000000000000046e+00,1.706132497245440049e+01
1.552999999999999936e+00,1.698896676199865041e+01
1.554000000000000048e+00,1.702835230389883847e+01
1.554999999999999938e+00,1.697217317066746034e+01
1.556000000000000050e+00,1.700029549263513218e+01
1.556999999999999940e+00,1.700063531854598864e+01
1.558000000000000052e+00,1.693056332038742084e+01
1.558999999999999941e+00,1.698393658149686658e+01
1.560000000000000053e+00,1.695203745935384632e+01
1.560999999999999943e+00,1.694272319008310745e+01
1.562000000000000055e+00,1.695759930388598846e+01
1.562999999999999945e+00,1.695980665529489428e+01
1.564000000000000057e+00,1.700048579090633893e+01
1.564999999999999947e+00,1.692365867836290860e+01
1.566000000000000059e+00,1.689983704746255810e+01
1.566999999999999948e+00,1.693697202914653843e+01
1.568000000000000060e+00,1.697796789599896528e+01
1.568999999999999950e+00,1.692245966824819448e+01
1.570000000000000062e+00,1.697198280627662825e+01
1.570999999999999952e+00,1.698566000609560334e+01
1.572000000000000064e+00,1.692071021327637581e+01
1.572999999999999954e+00,1.689395731661622690e+01
1.574000000000000066e+00,1.699387573389820005e+01
1.574999999999999956e+00,1.698560136697588874e+01
1.576000000000000068e+00,1.690655208664607301e+01
1.576999999999999957e+00,1.692844497984211216e+01
1.578000000000000069e+00,1.690256458140087048e+01
1.578999999999999959e+00,1.690027749094448239e+01
1.580000000000000071e+00,1.693013248189379283e+01
1.580999999999999961e+00,1.694838390451849008e+01
1.582000000000000073e+00,1.695678975692543844e+01
1.582999999999999963e+00,1.696094063650555839e+01
1.584000000000000075e+00,1.697180221819171564e+01
1.584999999999999964e+00,1.697088026541948480e+01
1.586000000000000076e+00,1.693186423899339843e+01
1.586999999999999966e+00,1.695865230682858993e+01
1.588000000000000078e+00,1.696823970010785132e+01
1.588999999999999968e+00,1.697693796385531328e+01
1.590000000000000080e+00,1.696328974652850263e+01
1.590999999999999970e+00,1.697391928844836073e+01
1.592000000000000082e+00,1.691680172663506809e+01
1.592999999999999972e+00,1.695113550564669325e+01
1.594000000000000083e+00,1.701048045041878964e+01
1.594999999999999973e+00,1.696254024484374767e+01
1.596000000000000085e+00,1.695326829333749430e+01
1.596999999999999975e+00,1.694069406340364026e+01
1.598000000000000087e+00,1.699615754928984046e+01
1.598999999999999977e+00,1.694002365132796584e+01
1.600000000000000089e+00,1.692374649690210475e+01
1.600999999999999979e+00,1.692923949899182645e+01
1.602000000000000091e+00,1.690190795896407039e+01
1.602999999999999980e+00,1.687137980466170006e+01
1.604000000000000092e+00,1.688375117007367621e+01
1.604999999999999982e+00,1.688467101404724957e+01
1.606000000000000094e+00,1.688251941497557596e+01
1.606999999999999984e+00,1.687524782243758636e+01
1.608000000000000096e+00,1.692610487894021531e+01
1.608999999999999986e+00,1.689973798272034955e+01
1.610000000000000098e+00,1.691214668264868592e+01
1.610999999999999988e+00,1.686485997141707927e+01
1.612000000000000099e+00,1.692695405536366593e+01
1.612999999999999989e+00,1.688917368247113160e+01
1.614000000000000101e+00,1.692938425258183344e+01
1.614999999999999991e+00,1.693182297411993886e+01
1.616000000000000103e+00,1.693069864996730090e+01
1.616999999999999993e+00,1.693617602294829183e+01
1.618000000000000105e+00,1.695994171534863426e+01
1.618999999999999995e+00,1.694066624493923712e+01
1.620000000000000107e+00,1.688673493889584520e+01
1.620999999999999996e+00,1.687350447401005127e+01
1.622000000000000108e+00,1.695116127426596364e+01
1.622999999999999998e+00,1.689968279783063565e+01
1.624000000000000110e+00,1.682895990894644456e+01
1.625000000000000000e+00,1.695945742780048704e+01
1.625999999999999890e+00,1.693534718642153081e+01
1.627000000000000002e+00,1.693779087056860888e+01
1.627999999999999892e+00,1.694956468582670439e+01
1.629000000000000004e+00,1.689504678158562001e+01
1.629999999999999893e+00,1.692978462780938642e+01
1.631000000000000005e+00,1.699195478547044758e+01
1.631999999999999895e+00,1.700571997206042596e+01
1.633000000000000007e+00,1.697750313089364838e+01
1.633999999999999897e+00,1.699757155362851790e+01
1.635000000000000009e+00,1.697037204071443028e+01
1.635999999999999899e+00,1.691235276009179245e+01
1.637000000000000011e+00,1.693446678427632435e+01
1.637999999999999901e+00,1.700002137153363435e+01
1.639000000000000012e+00,1.700808059019173513e+01
1.639999999999999902e+00,1.701773485786032580e+01
1.641000000000000014e+00,1.700655506849351895e+01
1.641999999999999904e+00,1.699082957749421396e+01
1.643000000000000016e+00,1.691738322717893084e+01
1.643999999999999906e+00,1.696334062558205602e+01
1.645000000000000018e+00,1.694477787674499325e+01
1.645999999999999908e+00,1.693485248762896944e+01
1.647000000000000020e+00,1.689285035923819223e+01
1.647999999999999909e+00,1.694415142493049942e+01
1.649000000000000021e+00,1.694713190767106425e+01
1.649999999999999911e+00,1.692788117111386725e+01
1.651000000000000023e+00,1.698322838498497234e+01
1.651999999999999913e+00,1.698507347382502886e+01
1.653000000000000025e+00,1.696307027164844783e+01
1.653999999999999915e+00,1.693044260198255557e+01
1.655000000000000027e+00,1.701155385209577275e+01
1.655999999999999917e+00,1.694474643892024801e+01
1.657000000000000028e+00,1.689390279510582360e+01
1.657999999999999918e+00,1.692218346083204494e+01
1.659000000000000030e+00,1.691704716743441139e+01
1.659999999999999920e+00,1.692028115788421871e+01
1.661000000000000032e+00,1.695154540181728819e+01
1.661999999999999922e+00,1.697378465108916856e+01
1.663000000000000034e+00,1.700515162126330182e+01
1.663999999999999924e+00,1.702154942683415584e+01
1.665000000000000036e+00,1.702927163314604897e+01
1.665999999999999925e+00,1.699854663341370298e+01
1.667000000000000037e+00,1.700296102646699481e+01
1.667999999999999927e+00,1.706735328850649580e+01
1.669000000000000039e+00,1.694974412446121192e+01
1.669999999999999929e+00,1.693037117879379849e+01
1.671000000000000041e+00,1.694851617771495356e+01
1.671999999999999931e+00,1.690499233375064847e+01
1.673000000000000043e+00,1.688778224016839147e+01
1.673999999999999932e+00,1.698527316655120956e+01
1.675000000000000044e+00,1.700908339938942504e+01
1.675999999999999934e+00,1.697691094493431407e+01
1.677000000000000046e+00,1.701704639647929795e+01
1.677999999999999936e+00,1.692830724887045335e+01
1.679000000000000048e+00,1.693516471019869485e+01
1.679999999999999938e+00,1.698562222037472225e+01
1.681000000000000050e+00,1.688055892000733493e+01
1.681999999999999940e+00,1.694226946672484502e+01
1.683000000000000052e+00,1.697292066302463809e+01
1.683999999999999941e+00,1.690578517965357719e+01
1.685000000000000053e+00,1.696225204907981876e+01
1.685999999999999943e+00,1.695935401894066885e+01
1.687000000000000055e+00,1.693893568024117258e+01
1.687999999999999945e+00,1.692164112372350360e+01
1.689000000000000057e+00,1.696781659038290613e+01
1.689999999999999947e+00,1.695976124587251377e+01
1.691000000000000059e+00,1.699065581590748408e+01
1.691999999999999948e+00,1.693975256491849279e+01
1.693000000000000060e+00,1.691535302131172003e+01
1.693999999999999950e+00,1.690305421256880081e+01
1.695000000000000062e+00,1.687928708707648795e+01
1.695999999999999952e+00,1.695195345596302161e+01
1.697000000000000064e+00,1.697181821923746980e+01
1.697999999999999954e+00,1.695771513039774447e+01
1.699000000000000066e+00,1.698921832738520266e+01
1.699999999999999956e+00,1.699305706874395128e+01
1.701000000000000068e+00,1.693860680634115212e+01
1.701999999999999957e+00,1.699689399918751320e+01
1.703000000000000069e+00,1.697645946669868522e+01
1.703999999999999959e+00,1.693010854630357898e+01
1.705000000000000071e+00,1.691083827922904348e+01
1.705999999999999961e+00,1.700507381389612505e+01
1.707000000000000073e+00,1.699177440515823889e+01
1.707999999999999963e+00,1.697829363189940111e+01
1.709000000000000075e+00,1.695674225761902676e+01
1.709999999999999964e+00,1.704197238559844152e+01
1.711000000000000076e+00,1.699268942693847606e+01
1.711999999999999966e+00,1.686877925345223161e+01
1.713000000000000078e+00,1.697096413239533064e+01
1.713999999999999968e+00,1.699610215970140104e+01
1.715000000000000080e+00,1.701781233101496582e+01
1.715999999999999970e+00,1.695621599627807186e+01
1.717000000000000082e+00,1.695711895628818056e+01
1.717999999999999972e+00,1.696473270644360909e+01
1.719000000000000083e+00,1.695719095560722423e+01
1.719999999999999973e+00,1.694888811503649606e+01
1.721000000000000085e+00,1.692410305698603068e+01
1.721999999999999975e+00,1.700234666148438123e+01
1.723000000000000087e+00,1.685200300728177325e+01
1.723999999999999977e+00,1.690223780083647398e+01
1.725000000000000089e+00,1.688390618252719122e+01
1.725999999999999979e+00,1.689282566558541276e+01
1.727000000000000091e+00,1.688533173891647721e+01
1.727999999999999980e+00,1.691544349133732084e+01
1.729000000000000092e+00,1.693719579631262917e+01
1.729999999999999982e+00,1.693708029529582859e+01
1.731000000000000094e+00,1.689945033788730200e+01
1.731999999999999984e+00,1.689004761284279965e+01
1.733000000000000096e+00,1.688728818294034184e+01
1.733999999999999986e+00,1.690919667880359611e+01
1.735000000000000098e+00,1.688490610796826985e+01
1.735999999999999988e+00,1.688108155762674656e+01
1.737000000000000099e+00,1.690189126020668908e+01
1.737999999999999989e+00,1.680528680437665656e+01
1.739000000000000101e+00,1.692339831897448121e+01
1.739999999999999991e+00,1.687813989184680707e+01
1.741000000000000103e+00,1.680053773687245311e+01
1.741999999999999993e+00,1.688894221533753282e+01
1.743000000000000105e+00,1.689661445841262122e+01
1.743999999999999995e+00,1.689787799198504104e+01
1.745000000000000107e+00,1.693087430847190689e+01
1.745999999999999996e+00,1.694622257214299665e+01
1.747000000000000108e+00,1.690441905065403105e+01
1.747999999999999998e+00,1.691161501161204583e+01
1.749000000000000110e+00,1.691966137061155351e+01
1.750000000000000000e+00,1.689435414126284485e+01
1.750999999999999890e+00,1.699873442818546820e+01
1.752000000000000002e+00,1.693390495922711381e+01
1.752999999999999892e+00,1.694945427698394624e+01
1.754000000000000004e+00,1.697509753532932208e+01
1.754999999999999893e+00,1.695508765265635986e+01
1.756000000000000005e+00,1.691107267248088775e+01
1.756999999999999895e+00,1.693793986338340574e+01
1.758000000000000007e+00,1.686673489676702431e+01
1.758999999999999897e+00,1.690712845876923609e+01
1.760000000000000009e+00,1.692146915420262232e+01
1.760999999999999899e+00,1.698857613834495695e+01
1.762000000000000011e+00,1.688600165524284691e+01
1.762999999999999901e+00,1.687158759233214056e+01
1.764000000000000012e+00,1.695382757124277617e+01
1.764999999999999902e+00,1.696965925314992063e+01
1.766000000000000014e+00,1.687554974220484638e+01
1.766999999999999904e+00,1.691843180765389221e+01
1.768000000000000016e+00,1.697748320234462938e+01
1.768999999999999906e+00,1.694432251300314007e+01
1.770000000000000018e+00,1.698535064191680988e+01
1.770999999999999908e+00,1.693146570309833976e+01
1.772000000000000020e+00,1.696804369822240233e+01
1.772999999999999909e+00,1.697130063389678156e+01
1.774000000000000021e+00,1.698303861945546345e+01
1.774999999999999911e+00,1.693892918843749129e+01
1.776000000000000023e+00,1.697480719502980762e+01
1.776999999999999913e+00,1.694822087778491948e+01
1.778000000000000025e+00,1.697056061148415296e+01
1.778999999999999915e+00,1.690538741234803055e+01
1.780000000000000027e+00,1.692616578884814516e+01
1.780999999999999917e+00,1.687556550023098723e+01
1.782000000000000028e+00,1.692466663858646569e+01
1.782999999999999918e+00,1.695439872903510192e+01
1.784000000000000030e+00,1.692553785702600422e+01
1.784999999999999920e+00,1.696407624638937861e+01
1.786000000000000032e+00,1.691075560198707350e+01
1.786999999999999922e+00,1.690938202595846818e+01
1.788000000000000034e+00,1.696740249870393669e+01
1.788999999999999924e+00,1.698157571370377639e+01
1.790000000000000036e+00,1.690550160150206693e+01
1.790999999999999925e+00,1.694156411184963318e+01
1.792000000000000037e+00,1.695539327753273184e+01
1.792999999999999927e+00,1.686517358467933292e+01
1.794000000000000039e+00,1.690560403734277983e+01
1.794999999999999929e+00,1.692796651429034682e+01
1.796000000000000041e+00,1.695167569124695461e+01
1.796999999999999931e+00,1.689816297747045581e+01
1.798000000000000043e+00,1.690360052087410381e+01
1.798999999999999932e+00,1.689146921778976562e+01
1.800000000000000044e+00,1.686189336246564352e+01
1.800999999999999934e+00,1.694124272467142944e+01
1.802000000000000046e+00,1.690096760133139497e+01
1.802999999999999936e+00,1.688472614533437621e+01
1.804000000000000048e+00,1.694363631024909012e+01
1.804999999999999938e+00,1.698369291695219374e+01
1.806000000000000050e+00,1.688474473537599252e+01
1.806999999999999940e+00,1.689839223939595314e+01
1.808000000000000052e+00,1.685640918102811270e+01
1.808999999999999941e+00,1.696721113625696020e+01
1.810000000000000053e+00,1.690192665889440704e+01
1.810999999999999943e+00,1.693567267672980137e+01
1.812000000000000055e+00,1.699012097256238008e+01
1.812999999999999945e+00,1.694671121048240892e+01
1.814000000000000057e+00,1.692259442878654241e+01
1.814999999999999947e+00,1.696818695052414228e+01
1.816000000000000059e+00,1.693816403894296485e+01
1.816999999999999948e+00,1.693176936103148478e+01
1.818000000000000060e+00,1.691106901734808332e+01
1.818999999999999950e+00,1.695238602977437381e+01
1.820000000000000062e+00,1.692942867633828641e+01
1.820999999999999952e+00,1.695642894925698485e+01
1.822000000000000064e+00,1.694998863143280587e+01
1.822999999999999954e+00,1.691214732930631115e+01
1.824000000000000066e+00,1.693951569010122427e+01
1.824999999999999956e+00,1.696201831797968751e+01
1.826000000000000068e+00,1.689199254201815137e+01
1.826999999999999957e+00,1.687810658454524315e+01
1.828000000000000069e+00,1.692085463600156814e+01
1.828999999999999959e+00,1.694633820467035790e+01
1.830000000000000071e+00,1.688224604091834635e+01
1.830999999999999961e+00,1.695467665033617877e+01
1.832000000000000073e+00,1.693281278941759638e+01
1.832999999999999963e+00,1.701911371733662648e+01
1.834000000000000075e+00,1.697990608101994070e+01
1.834999999999999964e+00,1.697195330163384952e+01
1.836000000000000076e+00,1.699888484470026739e+01
1.836999999999999966e+00,1.696914159944095246e+01
1.838000000000000078e+00,1.693956065331149929e+01
1.838999999999999968e+00,1.695449957992762791e+01
1.840000000000000080e+00,1.688462625577897569e+01
1.840999999999999970e+00,1.700365090336419271e+01
1.842000000000000082e+00,1.695274396023421204e+01
1.842999999999999972e+00,1.690899072315981044e+01
1.844000000000000083e+00,1.693040967414025033e+01
1.844999999999999973e+00,1.696547010511705267e+01
1.846000000000000085e+00,1.689843693878653141e+01
1.846999999999999975e+00,1.693702214381166371e+01
1.848000000000000087e+00,1.689029858212630941e+01
1.848999999999999977e+00,1.695784851959298578e+01
1.850000000000000089e+00,1.688648798337984402e+01
1.850999999999999979e+00,1.690036962042826119e+01
1.852000000000000091e+00,1.691780976942300185e+01
1.852999999999999980e+00,1.687915139026214817e+01
1.854000000000000092e+00,1.694663648075819395e+01
1.854999999999999982e+00,1.696974219317848309e+01
1.856000000000000094e+00,1.689631541841236384e+01
1.856999999999999984e+00,1.692813619714944551e+01
1.858000000000000096e+00,1.696257547946592581e+01
1.858999999999999986e+00,1.698459713550477801e+01
1.860000000000000098e+00,1.694869035751285935e+01
1.860999999999999988e+00,1.691557282228955472e+01
1.862000000000000099e+00,1.692730170695901037e+01
1.862999999999999989e+00,1.690254591048562105e+01
1.864000000000000101e+00,1.690970872240271916e+01
1.864999999999999991e+00,1.688931809037997311e+01
1.866000000000000103e+00,1.697090791418102285e+01
1.866999999999999993e+00,1.687279911044469571e+01
1.868000000000000105e+00,1.687798556501932268e+01
1.868999999999999995e+00,1.692436050049460050e+01
1.870000000000000107e+00,1.693299777514834048e+01
1.870999999999999996e+00,1.690566497885259523e+01
1.872000000000000108e+00,1.688487108001236336e+01
1.872999999999999998e+00,1.685621716110227908e+01
1.874000000000000110e+00,1.687506395367687162e+01
1.875000000000000000e+00,1.686773696182091697e+01
1.875999999999999890e+00,1.694273515799754648e+01
1.877000000000000002e+00,1.696248466520717102e+01
1.877999999999999892e+00,1.683165229883169900e+01
1.879000000000000004e+00,1.696466878580431015e+01
1.879999999999999893e+00,1.697741876802055927e+01
1.881000000000000005e+00,1.691000936482208772e+01
1.881999999999999895e+00,1.696062413675904423e+01
1.883000000000000007e+00,1.696281592676439942e+01
1.883999999999999897e+00,1.697577657304758247e+01
1.885000000000000009e+00,1.696340656917292478e+01
1.885999999999999899e+00,1.695581212395330439e+01
1.887000000000000011e+00,1.699841427434880359e+01
1.887999999999999901e+00,1.691703935113050150e+01
1.889000000000000012e+00,1.706004677380546397e+01
1.889999999999999902e+00,1.702501396005459711e+01
1.891000000000000014e+00,1.701013181091155602e+01
1.891999999999999904e+00,1.702997568099295833e+01
1.893000000000000016e+00,1.703920256579749193e+01
1.893999999999999906e+00,1.700177856710019597e+01
1.895000000000000018e+00,1.697737182776936038e+01
1.895999999999999908e+00,1.700132229507855897e+01
1.897000000000000020e+00,1.693552615006605677e+01
1.897999999999999909e+00,1.697863046846146062e+01
1.899000000000000021e+00,1.696403805914300378e+01
1.899999999999999911e+00,1.698136016213174670e+01
1.901000000000000023e+00,1.697800904092572338e+01
1.901999999999999913e+00,1.693688336665441696e+01
1.903000000000000025e+00,1.697544208598400672e+01
1.903999999999999915e+00,1.699912259059649244e+01
1.905000000000000027e+00,1.698147308434907998e+01
1.905999999999999917e+00,1.700745684809172786e+01
1.907000000000000028e+00,1.702778972894888199e+01
1.907999999999999918e+00,1.697690634345477889e+01
1.909000000000000030e+00,1.699492161329665763e+01
1.909999999999999920e+00,1.698484610798026395e+01
1.911000000000000032e+00,1.693908721715642685e+01
1.911999999999999922e+00,1.699506964413395593e+01
1.913000000000000034e+00,1.696221198227776128e+01
1.913999999999999924e+00,1.699875675555966836e+01
1.915000000000000036e+00,1.698237133635471707e+01
1.915999999999999925e+00,1.695970834185320442e+01
1.917000000000000037e+00,1.701916124056349133e+01
1.917999999999999927e+00,1.690756720878222552e+01
1.919000000000000039e+00,1.700077769459060661e+01
1.919999999999999929e+00,1.695141742806194429e+01
1.921000000000000041e+00,1.699740436807976351e+01
1.921999999999999931e+00,1.700946368963268185e+01
1.923000000000000043e+00,1.697363817801571884e+01
1.923999999999999932e+00,1.702704665844370524e+01
1.925000000000000044e+00,1.696537386399569769e+01
1.925999999999999934e+00,1.700532773234830586e+01
1.927000000000000046e+00,1.700099554435751870e+01
1.927999999999999936e+00,1.697009175162810379e+01
1.929000000000000048e+00,1.701518430207858401e+01
1.929999999999999938e+00,1.699879018315922252e+01
1.931000000000000050e+00,1.703329286368918005e+01
1.931999999999999940e+00,1.699941065044420441e+01
1.933000000000000052e+00,1.697025711161924377e+01
1.933999999999999941e+00,1.695320670078153924e+01
1.935000000000000053e+00,1.693462902912742862e+01
1.935999999999999943e+00,1.691592830602354880e+01
1.937000000000000055e+00,1.700190282678786957e+01
1.937999999999999945e+00,1.695954323485052839e+01
1.939000000000000057e+00,1.700512757404962372e+01
1.939999999999999947e+00,1.694918609784061658e+01
1.941000000000000059e+00,1.696884154381997689e+01
1.941999999999999948e+00,1.695864775277387082e+01
1.943000000000000060e+00,1.694365040242670517e+01
1.943999999999999950e+00,1.692443698575045019e+01
1.945000000000000062e+00,1.691995058613370873e+01
1.945999999999999952e+00,1.700708452232264278e+01
1.947000000000000064e+00,1.698584084880117828e+01
1.947999999999999954e+00,1.693592776428980429e+01
1.949000000000000066e+00,1.691919737451528860e+01
1.949999999999999956e+00,1.699056192241425123e+01
1.951000000000000068e+00,1.692103255606319223e+01
1.951999999999999957e+00,1.688619882259573401e+01
1.953000000000000069e+00,1.686664265321769918e+01
1.953999999999999959e+00,1.692963583420651474e+01
1.955000000000000071e+00,1.693584800680398317e+01
1.955999999999999961e+00,1.695309384473850756e+01
1.957000000000000073e+00,1.693924282271240145e+01
1.957999999999999963e+00,1.692249085922105323e+01
1.959000000000000075e+00,1.691060261455298885e+01
1.959999999999999964e+00,1.692613693933436281e+01
1.961000000000000076e+00,1.700419061862380588e+01
1.961999999999999966e+00,1.692604441218012923e+01
1.963000000000000078e+00,1.694770888213806970e+01
1.963999999999999968e+00,1.694989288809229322e+01
1.965000000000000080e+00,1.689049602647491710e+01
1.965999999999999970e+00,1.692862778830721737e+01
1.967000000000000082e+00,1.698896861159706972e+01
1.967999999999999972e+00,1.693699452101137481e+01
1.969000000000000083e+00,1.698327756858657267e+01
1.969999999999999973e+00,1.688944766373169415e+01
1.971000000000000085e+00,1.690172621018003341e+01
1.971999999999999975e+00,1.688927902840975293e+01
1.973000000000000087e+00,1.691349268897179314e+01
1.973999999999999977e+00,1.699206553574448009e+01
1.975000000000000089e+00,1.690025041075958256e+01
1.975999999999999979e+00,1.698915009122661601e+01
1.977000000000000091e+00,1.694270650635750641e+01
1.977999999999999980e+00,1.692026821349759302e+01
1.979000000000000092e+00,1.686695001476291367e+01
1.979999999999999982e+00,1.701668556642243502e+01
1.981000000000000094e+00,1.697679930676218163e+01
1.981999999999999984e+00,1.692086417331698556e+01
1.983000000000000096e+00,1.699167739255722864e+01
1.983999999999999986e+00,1.696479588021859186e+01
1.985000000000000098e+00,1.692337295883087833e+01
1.985999999999999988e+00,1.693520303572275054e+01
1.987000000000000099e+00,1.697604364417405520e+01
1.987999999999999989e+00,1.697284044003203718e+01
1.989000000000000101e+00,1.693931407675976075e+01
1.989999999999999991e+00,1.694591011615600706e+01
1.991000000000000103e+00,1.695106358115675960e+01
1.991999999999999993e+00,1.698346147825937891e+01
1.993000000000000105e+00,1.700922287128445376e+01
1.993999999999999995e+00,1.696283214335719691e+01
1.995000000000000107e+00,1.695402180283205951e+01
1.995999999999999996e+00,1.701679232123116847e+01
1.997000000000000108e+00,1.696821304507435713e+01
1.997999999999999998e+00,1.697793496546153591e+01
1.999000000000000110e+00,1.692379306974211772e+01
2.000000000000000000e+00,1.696556744377105375e+01
2.000999999999999890e+00,1.698707241320246908e+01
2.001999999999999780e+00,1.692344621838446628e+01
2.003000000000000114e+00,1.697310799683204152e+01
2.004000000000000004e+00,1.691923587834645559e+01
2.004999999999999893e+00,1.691785633321136118e+01
2.005999999999999783e+00,1.691511137976302948e+01
2.007000000000000117e+00,1.690457608635730224e+01
2.008000000000000007e+00,1.690430170104832897e+01
2.008999999999999897e+00,1.692352753077123140e+01
2.009999999999999787e+00,1.699525708864931772e+01
2.011000000000000121e+00,1.696002867015017301e+01
2.012000000000000011e+00,1.698122714715312753e+01
2.012999999999999901e+00,1.696129243985014057e+01
2.013999999999999790e+00,1.699611967266588053e+01
2.015000000000000124e+00,1.695244372566838109e+01
2.016000000000000014e+00,1.699715853797165366e+01
2.016999999999999904e+00,1.694409779322410969e+01
2.017999999999999794e+00,1.693130914480762783e+01
2.019000000000000128e+00,1.698236379092885784e+01
2.020000000000000018e+00,1.697796017754057019e+01
2.020999999999999908e+00,1.701323744044721309e+01
2.021999999999999797e+00,1.686733323205998403e+01
2.023000000000000131e+00,1.693211852379380034e+01
2.024000000000000021e+00,1.707536923800666173e+01
2.024999999999999911e+00,1.700671300892924975e+01
2.025999999999999801e+00,1.697826354308893926e+01
2.027000000000000135e+00,1.706951982104769883e+01
2.028000000000000025e+00,1.712594231964645530e+01
2.028999999999999915e+00,1.706914323799700739e+01
2.029999999999999805e+00,1.699857599579129541e+01
2.031000000000000139e+00,1.700918372918969723e+01
2.032000000000000028e+00,1.702972069772717134e+01
2.032999999999999918e+00,1.698857803973563918e+01
2.033999999999999808e+00,1.700806486483539004e+01
2.035000000000000142e+00,1.704006522399020440e+01
2.036000000000000032e+00,1.699150541611290066e+01
2.036999999999999922e+00,1.697638478983342480e+01
2.037999999999999812e+00,1.704616142616230334e+01
2.039000000000000146e+00,1.700401849408684285e+01
2.040000000000000036e+00,1.701919262415888667e+01
2.040999999999999925e+00,1.700827522058578722e+01
2.041999999999999815e+00,1.699106371242050173e+01
2.043000000000000149e+00,1.694563695470721854e+01
2.044000000000000039e+00,1.696729965099444470e+01
2.044999999999999929e+00,1.697847456761813945e+01
2.045999999999999819e+00,1.691863222693496027e+01
2.047000000000000153e+00,1.700852039673792149e+01
2.048000000000000043e+00,1.699812195186321162e+01
2.048999999999999932e+00,1.695697898676755599e+01
2.049999999999999822e+00,1.694703967954015766e+01
2.051000000000000156e+00,1.700033108765863687e+01
2.052000000000000046e+00,1.702864549322542231e+01
2.052999999999999936e+00,1.699887590037935681e+01
2.053999999999999826e+00,1.699752498824435776e+01
2.055000000000000160e+00,1.699618460865399783e+01
2.056000000000000050e+00,1.704496447108452273e+01
2.056999999999999940e+00,1.697884249325763761e+01
2.057999999999999829e+00,1.706066978584175331e+01
2.059000000000000163e+00,1.700280442743128617e+01
2.060000000000000053e+00,1.705542785325369692e+01
2.060999999999999943e+00,1.700930160928099255e+01
2.061999999999999833e+00,1.700404723089529924e+01
2.063000000000000167e+00,1.696702218178401012e+01
2.064000000000000057e+00,1.689070250791511185e+01
2.064999999999999947e+00,1.691190256426556004e+01
2.065999999999999837e+00,1.698895082099975795e+01
2.067000000000000171e+00,1.692324244958922108e+01
2.068000000000000060e+00,1.695787285870428462e+01
2.068999999999999950e+00,1.691602850565693217e+01
2.069999999999999840e+00,1.693074833507629506e+01
2.071000000000000174e+00,1.697375760824260027e+01
2.072000000000000064e+00,1.699933662821364777e+01
2.072999999999999954e+00,1.702056149849143196e+01
2.073999999999999844e+00,1.696722491015068357e+01
2.075000000000000178e+00,1.687350884713980292e+01
2.076000000000000068e+00,1.695161194414942685e+01
2.076999999999999957e+00,1.698037871323944614e+01
2.077999999999999847e+00,1.697471536877336717e+01
2.079000000000000181e+00,1.694556671117460311e+01
2.080000000000000071e+00,1.692249225786181910e+01
2.080999999999999961e+00,1.704725867226895986e+01
2.081999999999999851e+00,1.695657369654961499e+01
2.083000000000000185e+00,1.696782339643636206e+01
2.084000000000000075e+00,1.696787208033234151e+01
2.084999999999999964e+00,1.694382314059271266e+01
2.085999999999999854e+00,1.697509843347395986e+01
2.087000000000000188e+00,1.694499240449048827e+01
2.088000000000000078e+00,1.696656068983197940e+01
2.088999999999999968e+00,1.691799697675092773e+01
2.089999999999999858e+00,1.703561821812199639e+01
2.091000000000000192e+00,1.694537711268903379e+01
2.092000000000000082e+00,1.703041645347893507e+01
2.092999999999999972e+00,1.694806934169040957e+01
2.093999999999999861e+00,1.697845858074285275e+01
2.095000000000000195e+00,1.696220319663278175e+01
2.096000000000000085e+00,1.699923495346958546e+01
2.096999999999999975e+00,1.697124674228053465e+01
2.097999999999999865e+00,1.696653305177442661e+01
2.099000000000000199e+00,1.696001206122019411e+01
2.100000000000000089e+00,1.700910085460700572e+01
2.100999999999999979e+00,1.702494555487990269e+01
2.101999999999999869e+00,1.708312658107096382e+01
2.103000000000000203e+00,1.702390180374630546e+01
2.104000000000000092e+00,1.704283238948138290e+01
2.104999999999999982e+00,1.698455634118112556e+01
2.105999999999999872e+00,1.691522872240899744e+01
2.107000000000000206e+00,1.693691787162662621e+01
2.108000000000000096e+00,1.702607623464738751e+01
2.108999999999999986e+00,1.695577501214692262e+01
2.109999999999999876e+00,1.692079224052231368e+01
2.111000000000000210e+00,1.699111753624454124e+01
2.112000000000000099e+00,1.698047062610898550e+01
2.112999999999999989e+00,1.693669634271474322e+01
2.113999999999999879e+00,1.694786146338377364e+01
2.115000000000000213e+00,1.695455505946305408e+01
2.116000000000000103e+00,1.699848785165751508e+01
2.116999999999999993e+00,1.695517547377779621e+01
2.117999999999999883e+00,1.696624581000580534e+01
2.119000000000000217e+00,1.690303021748515278e+01
2.120000000000000107e+00,1.696129109747235475e+01
2.120999999999999996e+00,1.699229972487382412e+01
2.121999999999999886e+00,1.702040757395513282e+01
2.123000000000000220e+00,1.697261714171095548e+01
2.124000000000000110e+00,1.699352780566311694e+01
2.125000000000000000e+00,1.703379437720536060e+01
2.125999999999999890e+00,1.696581587439918692e+01
2.126999999999999780e+00,1.694278203288669715e+01
2.128000000000000114e+00,1.690742957676868130e+01
2.129000000000000004e+00,1.697627612263291041e+01
2.129999999999999893e+00,1.700043780538672422e+01
2.130999999999999783e+00,1.699861602919862236e+01
2.132000000000000117e+00,1.700459281540901912e+01
2.133000000000000007e+00,1.702376165449540224e+01
2.133999999999999897e+00,1.697504648349301704e+01
2.134999999999999787e+00,1.698709038172311026e+01
2.136000000000000121e+00,1.700133136564570790e+01
2.137000000000000011e+00,1.699430042915464156e+01
2.137999999999999901e+00,1.695775712025567117e+01
2.138999999999999790e+00,1.699819240716400159e+01
2.140000000000000124e+00,1.697621360389403833e+01
2.141000000000000014e+00,1.691615961208941954e+01
2.141999999999999904e+00,1.701017003191748245e+01
2.142999999999999794e+00,1.695050222290798203e+01
2.144000000000000128e+00,1.693089202187308473e+01
2.145000000000000018e+00,1.695922520144030798e+01
2.145999999999999908e+00,1.699942525718609332e+01
2.146999999999999797e+00,1.696912403315999995e+01
2.148000000000000131e+00,1.698166655593771068e+01
2.149000000000000021e+00,1.698771743011040414e+01
2.149999999999999911e+00,1.697969218553100035e+01
2.150999999999999801e+00,1.695390983651295258e+01
2.152000000000000135e+00,1.697308768677679680e+01
2.153000000000000025e+00,1.696564237781274898e+01
2.153999999999999915e+00,1.697793227321619014e+01
2.154999999999999805e+00,1.698241341395419823e+01
2.156000000000000139e+00,1.699034100329659935e+01
2.157000000000000028e+00,1.693650942985712149e+01
2.157999999999999918e+00,1.690284400126030206e+01
2.158999999999999808e+00,1.697334144371716746e+01
2.160000000000000142e+00,1.702117520582816823e+01
2.161000000000000032e+00,1.696918776103927584e+01
2.161999999999999922e+00,1.701197412758381233e+01
2.162999999999999812e+00,1.697784613749261240e+01
2.164000000000000146e+00,1.703118045229347643e+01
2.165000000000000036e+00,1.688844881168363088e+01
2.165999999999999925e+00,1.695383800243475036e+01
2.166999999999999815e+00,1.698480843399901730e+01
2.168000000000000149e+00,1.697823532276776604e+01
2.169000000000000039e+00,1.701684382801110829e+01
2.169999999999999929e+00,1.695431214300128886e+01
2.170999999999999819e+00,1.699060099417705771e+01
2.172000000000000153e+00,1.694682935291629633e+01
2.173000000000000043e+00,1.689217208259030301e+01
2.173999999999999932e+00,1.697731913385181812e+01
2.174999999999999822e+00,1.695052986864299527e+01
2.176000000000000156e+00,1.692163839009610982e+01
2.177000000000000046e+00,1.693280369148417819e+01
2.177999999999999936e+00,1.698525981971038235e+01
2.178999999999999826e+00,1.692534350292160639e+01
2.180000000000000160e+00,1.698107973073413035e+01
2.181000000000000050e+00,1.692205596342219920e+01
2.181999999999999940e+00,1.695808372928249952e+01
2.182999999999999829e+00,1.697977612568632466e+01
2.184000000000000163e+00,1.697510554465741706e+01
2.185000000000000053e+00,1.700554619771438780e+01
2.185999999999999943e+00,1.692412545064690121e+01
2.186999999999999833e+00,1.695603864603211974e+01
2.188000000000000167e+00,1.699941311423033952e+01
2.189000000000000057e+00,1.694705367273361674e+01
2.189999999999999947e+00,1.695485351615710101e+01
2.190999999999999837e+00,1.690437697082660051e+01
2.192000000000000171e+00,1.693260396803167112e+01
2.193000000000000060e+00,1.695643467010929584e+01
2.193999999999999950e+00,1.689609087416709698e+01
2.194999999999999840e+00,1.692387671161544205e+01
2.196000000000000174e+00,1.697245631135409027e+01
2.197000000000000064e+00,1.699617930900758722e+01
2.197999999999999954e+00,1.689560854137614854e+01
2.198999999999999844e+00,1.696611879732701311e+01
2.200000000000000178e+00,1.696949821902008182e+01
2.201000000000000068e+00,1.700894217058176139e+01
2.201999999999999957e+00,1.699346526210253927e+01
2.202999999999999847e+00,1.705754254846293350e+01
2.204000000000000181e+00,1.692754196153240542e+01
2.205000000000000071e+00,1.694094324710112076e+01
2.205999999999999961e+00,1.696253662122114036e+01
2.206999999999999851e+00,1.700898920707131623e+01
2.208000000000000185e+00,1.696211173851235188e+01
2.209000000000000075e+00,1.696475351643076479e+01
2.209999999999999964e+00,1.696354480713689483e+01
2.210999999999999854e+00,1.698330721826142664e+01
2.212000000000000188e+00,1.703423796752817765e+01
2.213000000000000078e+00,1.697428962417550835e+01
2.213999999999999968e+00,1.701426673597279304e+01
2.214999999999999858e+00,1.697485719370080659e+01
2.216000000000000192e+00,1.692339551601630276e+01
2.217000000000000082e+00,1.702654942568214480e+01
2.217999999999999972e+00,1.700428455410055406e+01
2.218999999999999861e+00,1.698932720216540559e+01
2.220000000000000195e+00,1.696706454639906880e+01
2.221000000000000085e+00,1.696247046511857803e+01
2.221999999999999975e+00,1.701714924861221689e+01
2.222999999999999865e+00,1.698259626728339100e+01
2.224000000000000199e+00,1.693841817855341247e+01
2.225000000000000089e+00,1.699849704217908553e+01
2.225999999999999979e+00,1.693380374830942614e+01
2.226999999999999869e+00,1.696209866253165188e+01
2.228000000000000203e+00,1.689144410205773283e+01
2.229000000000000092e+00,1.696944851048643699e+01
2.229999999999999982e+00,1.695317521154605345e+01
2.230999999999999872e+00,1.690210685238591282e+01
2.232000000000000206e+00,1.688922666421552421e+01
2.233000000000000096e+00,1.695306031650241607e+01
2.233999999999999986e+00,1.695183194328024356e+01
2.234999999999999876e+00,1.693864646946376595e+01
2.236000000000000210e+00,1.695209430269005679e+01
2.237000000000000099e+00,1.696154829722966895e+01
2.237999999999999989e+00,1.691318280604583890e+01
2.238999999999999879e+00,1.688902082876963107e+01
2.240000000000000213e+00,1.688935546542862909e+01
2.241000000000000103e+00,1.694841831873618077e+01
2.241999999999999993e+00,1.688391803114260270e+01
2.242999999999999883e+00,1.697411219818987504e+01
2.244000000000000217e+00,1.693972130808430876e+01
2.245000000000000107e+00,1.693866938220219964e+01
2.245999999999999996e+00,1.693532151385011986e+01
2.246999999999999886e+00,1.702497977569131038e+01
2.248000000000000220e+00,1.687649698977195456e+01
2.249000000000000110e+00,1.690643008870302566e+01
2.250000000000000000e+00,1.694085054283790015e+01
2.250999999999999890e+00,1.687876434673940196e+01
2.251999999999999780e+00,1.694256225314416398e+01
2.253000000000000114e+00,1.694642843457610581e+01
2.254000000000000004e+00,1.693434526839761745e+01
2.254999999999999893e+00,1.695915570019235474e+01
2.255999999999999783e+00,1.690498233316951371e+01
2.257000000000000117e+00,1.686805170667177833e+01
2.258000000000000007e+00,1.696223709339899344e+01
2.258999999999999897e+00,1.701814172074022480e+01
2.259999999999999787e+00,1.690929453545225059e+01
2.261000000000000121e+00,1.699789202853514070e+01
2.262000000000000011e+00,1.702969285641491481e+01
2.262999999999999901e+00,1.698243087148569685e+01
2.263999999999999790e+00,1.695775406083682668e+01
2.265000000000000124e+00,1.698041216855763835e+01
2.266000000000000014e+00,1.699861411790449139e+01
2.266999999999999904e+00,1.696131318742128613e+01
2.267999999999999794e+00,1.697130645398093307e+01
2.269000000000000128e+00,1.696489804693388237e+01
2.270000000000000018e+00,1.696837073837337684e+01
2.270999999999999908e+00,1.698307356705118920e+01
2.271999999999999797e+00,1.699301809327096180e+01
2.273000000000000131e+00,1.696780812827554641e+01
2.274000000000000021e+00,1.695338240344078784e+01
2.274999999999999911e+00,1.694361101647470846e+01
2.275999999999999801e+00,1.699950573822716038e+01
2.277000000000000135e+00,1.702189406251344650e+01
2.278000000000000025e+00,1.701599667014400197e+01
2.278999999999999915e+00,1.693944951168259649e+01
2.279999999999999805e+00,1.697964466782554283e+01
2.281000000000000139e+00,1.695692337027932695e+01
2.282000000000000028e+00,1.701378252735904084e+01
2.282999999999999918e+00,1.696339064282388875e+01
2.283999999999999808e+00,1.694582321125886892e+01
2.285000000000000142e+00,1.689062169590909690e+01
2.286000000000000032e+00,1.693426898323800600e+01
2.286999999999999922e+00,1.697442869279619160e+01
2.287999999999999812e+00,1.695038079066076619e+01
2.289000000000000146e+00,1.695478073632316551e+01
2.290000000000000036e+00,1.699457069035607759e+01
2.290999999999999925e+00,1.696409837173409940e+01
2.291999999999999815e+00,1.697031715288868625e+01
2.293000000000000149e+00,1.694006761698069852e+01
2.294000000000000039e+00,1.699510587531768380e+01
2.294999999999999929e+00,1.694646887311406047e+01
2.295999999999999819e+00,1.688945359124896939e+01
2.297000000000000153e+00,1.697204320022525081e+01
2.298000000000000043e+00,1.697239512804153350e+01
2.298999999999999932e+00,1.701430474155579375e+01
2.299999999999999822e+00,1.693946518598974293e+01
2.301000000000000156e+00,1.703120642640855920e+01
2.302000000000000046e+00,1.696096894028600843e+01
2.302999999999999936e+00,1.696395422039041279e+01
2.303999999999999826e+00,1.696943564305272645e+01
2.305000000000000160e+00,1.697651644995695008e+01
2.306000000000000050e+00,1.699182149904343220e+01
2.306999999999999940e+00,1.697561205427591347e+01
2.307999999999999829e+00,1.700313093495621786e+01
2.309000000000000163e+00,1.701885699719944611e+01
2.310000000000000053e+00,1.694591952627368769e+01
2.310999999999999943e+00,1.692235220376420557e+01
2.311999999999999833e+00,1.697171741454366156e+01
2.313000000000000167e+00,1.698857185957566784e+01
2.314000000000000057e+00,1.695479996786377797e+01
2.314999999999999947e+00,1.699292567647687591e+01
2.315999999999999837e+00,1.697934936249812665e+01
2.317000000000000171e+00,1.695374995336137403e+01
2.318000000000000060e+00,1.698556199310072046e+01
2.318999999999999950e+00,1.693507793339388456e+01
2.319999999999999840e+00,1.698335776320167056e+01
2.321000000000000174e+00,1.699783508153297973e+01
2.322000000000000064e+00,1.698669268172668367e+01
2.322999999999999954e+00,1.710135686780355613e+01
2.323999999999999844e+00,1.702971859095580598e+01
2.325000000000000178e+00,1.701733184081991013e+01
2.326000000000000068e+00,1.702791457091619165e+01
2.326999999999999957e+00,1.701451201512496070e+01
2.327999999999999847e+00,1.698893531255244227e+01
2.329000000000000181e+00,1.700167981046930521e+01
2.330000000000000071e+00,1.694458837273275975e+01
2.330999999999999961e+00,1.699671009726353788e+01
2.331999999999999851e+00,1.695514312795291900e+01
2.333000000000000185e+00,1.695594989884573067e+01
2.334000000000000075e+00,1.699632304784672954e+01
2.334999999999999964e+00,1.698223808517442635e+01
2.335999999999999854e+00,1.696735219518926385e+01
2.337000000000000188e+00,1.699721706899299889e+01
2.338000000000000078e+00,1.699368774641639135e+01
2.338999999999999968e+00,1.703953119423607987e+01
2.339999999999999858e+00,1.698843963600552698e+01
2.341000000000000192e+00,1.702294933726238924e+01
2.342000000000000082e+00,1.695147526488315037e+01
2.342999999999999972e+00,1.696000256808861906e+01
2.343999999999999861e+00,1.691186695710641530e+01
2.345000000000000195e+00,1.689264375493117853e+01
2.346000000000000085e+00,1.694227009498420955e+01
2.346999999999999975e+00,1.695971980343941254e+01
2.347999999999999865e+00,1.693866255743080629e+01
2.349000000000000199e+00,1.692703205810171951e+01
2.350000000000000089e+00,1.697114766324891022e+01
2.350999999999999979e+00,1.699661943386536933e+01
2.351999999999999869e+00,1.698801024216142963e+01
2.353000000000000203e+00,1.689574282173819597e+01
2.354000000000000092e+00,1.694450496028004949e+01
2.354999999999999982e+00,1.696473437544994667e+01
2.355999999999999872e+00,1.693257952302705505e+01
2.357000000000000206e+00,1.690383265772109667e+01
2.358000000000000096e+00,1.691516821195546783e+01
2.358999999999999986e+00,1.696559467706209645e+01
2.359999999999999876e+00,1.689970548024855290e+01
2.361000000000000210e+00,1.690686929110850656e+01
2.362000000000000099e+00,1.692645145476889468e+01
2.362999999999999989e+00,1.695506251741354831e+01
2.363999999999999879e+00,1.697151064745517601e+01
2.365000000000000213e+00,1.697146313967567366e+01
2.366000000000000103e+00,1.694069025077420321e+01
2.366999999999999993e+00,1.687583429047272432e+01
2.367999999999999883e+00,1.688854195104033806e+01
2.369000000000000217e+00,1.694567130943873678e+01
2.370000000000000107e+00,1.695589770229410220e+01
2.370999999999999996e+00,1.693326317397850289e+01
2.371999999999999886e+00,1.688278977669608238e+01
2.373000000000000220e+00,1.691443210474129444e+01
2.374000000000000110e+00,1.693656488506872648e+01
2.375000000000000000e+00,1.697526281288103434e+01
2.375999999999999890e+00,1.694336035735148727e+01
2.376999999999999780e+00,1.699439434564322582e+01
2.378000000000000114e+00,1.692106177165562997e+01
2.379000000000000004e+00,1.694225777153597079e+01
2.379999999999999893e+00,1.689267183396957250e+01
2.380999999999999783e+00,1.692850798329722650e+01
2.382000000000000117e+00,1.684902300663188512e+01
2.383000000000000007e+00,1.692302938383350153e+01
2.383999999999999897e+00,1.695554839870892039e+01
2.384999999999999787e+00,1.696054672699728627e+01
2.386000000000000121e+00,1.692063645700555696e+01
2.387000000000000011e+00,1.691493079445958614e+01
2.387999999999999901e+00,1.698986541329187361e+01
2.388999999999999790e+00,1.700917728733412559e+01
2.390000000000000124e+00,1.695055554733623993e+01
2.391000000000000014e+00,1.698356939289638134e+01
2.391999999999999904e+00,1.698945623420566520e+01
2.392999999999999794e+00,1.696917118455148454e+01
2.394000000000000128e+00,1.696838481028558121e+01
2.395000000000000018e+00,1.701094992615749391e+01
2.395999999999999908e+00,1.698153734178786678e+01
2.396999999999999797e+00,1.698158965802829456e+01
2.398000000000000131e+00,1.697508790109515076e+01
2.399000000000000021e+00,1.694959556650335131e+01
2.399999999999999911e+00,1.692466434608232362e+01
2.400999999999999801e+00,1.695194576826555632e+01
2.402000000000000135e+00,1.702321125749248765e+01
2.403000000000000025e+00,1.695469891578237664e+01
2.403999999999999915e+00,1.701769738577264590e+01
2.404999999999999805e+00,1.704217245142461223e+01
2.406000000000000139e+00,1.704720420008074200e+01
2.407000000000000028e+00,1.705748626107970267e+01
2.407999999999999918e+00,1.702849994548293466e+01
2.408999999999999808e+00,1.696939588842877811e+01
2.410000000000000142e+00,1.699197124909946055e+01
2.411000000000000032e+00,1.705191175506179491e+01
2.411999999999999922e+00,1.702038412834126291e+01
2.412999999999999812e+00,1.710036089134667492e+01
2.414000000000000146e+00,1.702338517574419541e+01
2.415000000000000036e+00,1.705169052901482374e+01
2.415999999999999925e+00,1.707161448082476340e+01
2.416999999999999815e+00,1.706959275327143288e+01
2.418000000000000149e+00,1.702555114784539825e+01
2.419000000000000039e+00,1.709274140441269552e+01
2.419999999999999929e+00,1.705554421552172784e+01
2.420999999999999819e+00,1.698412186939081181e+01
2.422000000000000153e+00,1.704093787863277498e+01
2.423000000000000043e+00,1.696875249285348985e+01
2.423999999999999932e+00,1.700592600130138266e+01
2.424999999999999822e+00,1.701055037267075321e+01
2.426000000000000156e+00,1.699556915739741925e+01
2.427000000000000046e+00,1.697644707357849114e+01
2.427999999999999936e+00,1.708609995995312403e+01
2.428999999999999826e+00,1.703096725491549535e+01
2.430000000000000160e+00,1.709263142949933467e+01
2.431000000000000050e+00,1.700388234297174961e+01
2.431999999999999940e+00,1.707009020495154417e+01
2.432999999999999829e+00,1.701204860347283443e+01
2.434000000000000163e+00,1.705817099529140535e+01
2.435000000000000053e+00,1.702899987640638457e+01
2.435999999999999943e+00,1.697436375109395357e+01
2.436999999999999833e+00,1.700764342431524767e+01
2.438000000000000167e+00,1.697091527932521871e+01
2.439000000000000057e+00,1.704512008079971608e+01
2.439999999999999947e+00,1.705029302932669211e+01
2.440999999999999837e+00,1.700280043731252633e+01
2.442000000000000171e+00,1.702011760043295041e+01
2.443000000000000060e+00,1.698352942980250901e+01
2.443999999999999950e+00,1.698705383578863604e+01
2.444999999999999840e+00,1.704407625148385819e+01
2.446000000000000174e+00,1.704074060493954690e+01
2.447000000000000064e+00,1.705357281510978851e+01
2.447999999999999954e+00,1.705041710647324038e+01
2.448999999999999844e+00,1.708463312905503173e+01
2.450000000000000178e+00,1.702640710815786207e+01
2.451000000000000068e+00,1.713079854646311162e+01
2.451999999999999957e+00,1.706681009230604928e+01
2.452999999999999847e+00,1.709551074955226113e+01
2.454000000000000181e+00,1.712154302994724020e+01
2.455000000000000071e+00,1.708463972842296030e+01
2.455999999999999961e+00,1.709464863446142857e+01
2.456999999999999851e+00,1.710545519448529816e+01
2.458000000000000185e+00,1.712829820431939609e+01
2.459000000000000075e+00,1.709860840913152202e+01
2.459999999999999964e+00,1.705545467709107044e+01
2.460999999999999854e+00,1.699801675163593728e+01
2.462000000000000188e+00,1.702889976900583235e+01
2.463000000000000078e+00,1.708356138752559161e+01
2.463999999999999968e+00,1.710333875784212410e+01
2.464999999999999858e+00,1.708351654084734506e+01
2.466000000000000192e+00,1.702466239190913910e+01
2.467000000000000082e+00,1.703227302052290071e+01
2.467999999999999972e+00,1.701865066463048493e+01
2.468999999999999861e+00,1.703828101770353243e+01
2.470000000000000195e+00,1.708018585429974223e+01
2.471000000000000085e+00,1.710521511881700363e+01
2.471999999999999975e+00,1.715687142233376505e+01
2.472999999999999865e+00,1.703909879006132400e+01
2.474000000000000199e+00,1.707694237517848279e+01
2.475000000000000089e+00,1.702489189324488805e+01
2.475999999999999979e+00,1.699533735869455597e+01
2.476999999999999869e+00,1.701247701163149628e+01
2.478000000000000203e+00,1.699847220198320485e+01
2.479000000000000092e+00,1.700371469858169604e+01
2.479999999999999982e+00,1.703969166400626989e+01
2.480999999999999872e+00,1.695984702339760020e+01
2.482000000000000206e+00,1.695896889964451404e+01
2.483000000000000096e+00,1.698106018121699634e+01
2.483999999999999986e+00,1.696933837069895290e+01
2.484999999999999876e+00,1.698759794118166155e+01
2.486000000000000210e+00,1.700301368822766435e+01
2.487000000000000099e+00,1.695034664031177840e+01
2.487999999999999989e+00,1.698097594452103465e+01
2.488999999999999879e+00,1.699223824430844942e+01
2.490000000000000213e+00,1.699120773308660048e+01
2.491000000000000103e+00,1.694806324701853839e+01
2.491999999999999993e+00,1.697791639483441983e+01
2.492999999999999883e+00,1.698076294289431232e+01
2.494000000000000217e+00,1.689703887395625870e+01
2.495000000000000107e+00,1.698033394915605143e+01
2.495999999999999996e+00,1.694279075061747619e+01
2.496999999999999886e+00,1.691769825434058916e+01
2.498000000000000220e+00,1.694477410815295926e+01
2.499000000000000110e+00,1.698761260423402319e+01
2.500000000000000000e+00,1.694827919214012724e+01
2.500999999999999890e+00,1.698332239373753083e+01
2.501999999999999780e+00,1.688886005343407959e+01
2.503000000000000114e+00,1.684314696271412970e+01
2.504000000000000004e+00,1.687957832889689769e+01
2.504999999999999893e+00,1.696759611060791073e+01
2.505999999999999783e+00,1.685416678594950213e+01
2.507000000000000117e+00,1.692484859817481890e+01
2.508000000000000007e+00,1.696929738184490688e+01
2.508999999999999897e+00,1.691988507197703484e+01
2.509999999999999787e+00,1.698605695388341630e+01
2.511000000000000121e+00,1.697323988697411323e+01
2.512000000000000011e+00,1.693670977490533502e+01
2.512999999999999901e+00,1.691857060237710897e+01
2.513999999999999790e+00,1.696995594381849415e+01
2.515000000000000124e+00,1.695677933130769688e+01
2.516000000000000014e+00,1.700814830572694802e+01
2.516999999999999904e+00,1.698399376511115122e+01
2.517999999999999794e+00,1.699067042343103395e+01
2.519000000000000128e+00,1.695095196640090407e+01
2.520000000000000018e+00,1.695950671954864220e+01
2.520999999999999908e+00,1.700113030984714868e+01
2.521999999999999797e+00,1.698043689168396142e+01
2.523000000000000131e+00,1.694994677181129816e+01
2.524000000000000021e+00,1.699601642720171313e+01
2.524999999999999911e+00,1.694267596607352999e+01
2.525999999999999801e+00,1.698295168568251157e+01
2.527000000000000135e+00,1.694782109622162380e+01
2.528000000000000025e+00,1.688750913722370939e+01
2.528999999999999915e+00,1.698071241692116473e+01
2.529999999999999805e+00,1.687166276085536509e+01
2.531000000000000139e+00,1.697087323141883530e+01
2.532000000000000028e+00,1.699011299915025930e+01
2.532999999999999918e+00,1.691557379151379337e+01
2.533999999999999808e+00,1.692128980023194984e+01
2.535000000000000142e+00,1.693224575177843505e+01
2.536000000000000032e+00,1.687635896927350743e+01
2.536999999999999922e+00,1.688643158175106862e+01
2.537999999999999812e+00,1.691665398344773052e+01
2.539000000000000146e+00,1.696907311734662116e+01
2.540000000000000036e+00,1.688637756604612150e+01
2.540999999999999925e+00,1.697817170272960041e+01
2.541999999999999815e+00,1.701742473815427914e+01
2.543000000000000149e+00,1.698641873567411764e+01
2.544000000000000039e+00,1.701728210621075732e+01
2.544999999999999929e+00,1.690893855563557580e+01
2.545999999999999819e+00,1.700475526923546354e+01
2.547000000000000153e+00,1.704577176391307702e+01
2.548000000000000043e+00,1.700141665864254392e+01
2.548999999999999932e+00,1.701378173929306570e+01
2.549999999999999822e+00,1.694456218509647982e+01
2.551000000000000156e+00,1.699240346088541287e+01
2.552000000000000046e+00,1.699106652557281905e+01
2.552999999999999936e+00,1.700842870766947357e+01
2.553999999999999826e+00,1.704270766167851647e+01
2.555000000000000160e+00,1.700574467650567101e+01
2.556000000000000050e+00,1.697838783957710618e+01
2.556999999999999940e+00,1.697168964265141611e+01
2.557999999999999829e+00,1.704125059326511860e+01
2.559000000000000163e+00,1.694438180221354528e+01
2.560000000000000053e+00,1.701160354369739025e+01
2.560999999999999943e+00,1.699468074154050967e+01
2.561999999999999833e+00,1.697859770063676876e+01
2.563000000000000167e+00,1.697395556854537091e+01
2.564000000000000057e+00,1.704219969770617382e+01
2.564999999999999947e+00,1.700767727344688751e+01
2.565999999999999837e+00,1.694927837638102019e+01
2.567000000000000171e+00,1.702104148483662271e+01
2.568000000000000060e+00,1.705438606468712592e+01
2.568999999999999950e+00,1.700358695096240069e+01
2.569999999999999840e+00,1.701517839654916031e+01
2.571000000000000174e+00,1.699909152015833413e+01
2.572000000000000064e+00,1.704536152216923739e+01
2.572999999999999954e+00,1.704380808792600988e+01
2.573999999999999844e+00,1.709686752664261888e+01
2.575000000000000178e+00,1.711628099270713221e+01
2.576000000000000068e+00,1.705930841570874890e+01
2.576999999999999957e+00,1.702764653228091163e+01
2.577999999999999847e+00,1.699884845431933300e+01
2.579000000000000181e+00,1.700974151894099151e+01
2.580000000000000071e+00,1.704837403364036419e+01
2.580999999999999961e+00,1.698533114925955090e+01
2.581999999999999851e+00,1.706496627828644819e+01
2.583000000000000185e+00,1.707979323093149304e+01
2.584000000000000075e+00,1.703679819298756826e+01
2.584999999999999964e+00,1.705315494782652408e+01
2.585999999999999854e+00,1.698238612273069847e+01
2.587000000000000188e+00,1.701531004735551278e+01
2.588000000000000078e+00,1.703001187929798022e+01
2.588999999999999968e+00,1.701554233261385463e+01
2.589999999999999858e+00,1.698908552970904751e+01
2.591000000000000192e+00,1.710433904291021889e+01
2.592000000000000082e+00,1.702521631293277693e+01
2.592999999999999972e+00,1.704933953121120283e+01
2.593999999999999861e+00,1.707589781922131777e+01
2.595000000000000195e+00,1.700232911870580210e+01
2.596000000000000085e+00,1.703585068453921636e+01
2.596999999999999975e+00,1.706174203158106550e+01
2.597999999999999865e+00,1.702490434954794196e+01
2.599000000000000199e+00,1.693042251940094900e+01
2.600000000000000089e+00,1.692525842109056811e+01
2.600999999999999979e+00,1.702186900987930684e+01
2.601999999999999869e+00,1.701423188601829040e+01
2.603000000000000203e+00,1.698651438010901771e+01
2.604000000000000092e+00,1.696890288720643980e+01
2.604999999999999982e+00,1.696072979521932211e+01
2.605999999999999872e+00,1.696140370435483646e+01
2.607000000000000206e+00,1.698910249131317585e+01
2.608000000000000096e+00,1.696194850831663814e+01
2.608999999999999986e+00,1.689543557837608034e+01
2.609999999999999876e+00,1.692741745199992565e+01
2.611000000000000210e+00,1.692618424658962439e+01
2.612000000000000099e+00,1.696341963596712432e+01
2.612999999999999989e+00,1.699573575606943621e+01
2.613999999999999879e+00,1.698721270054562638e+01
2.615000000000000213e+00,1.694753003724365925e+01
2.616000000000000103e+00,1.694648158578637620e+01
2.616999999999999993e+00,1.705982057756143533e+01
2.617999999999999883e+00,1.700334985711505453e+01
2.619000000000000217e+00,1.702459566823867476e+01
2.620000000000000107e+00,1.698255773593134421e+01
2.620999999999999996e+00,1.694709097889632687e+01
2.621999999999999886e+00,1.696425529284273281e+01
2.623000000000000220e+00,1.695771536010700231e+01
2.624000000000000110e+00,1.690634315256308895e+01
2.625000000000000000e+00,1.692242807106326907e+01
2.625999999999999890e+00,1.690721999808580733e+01
2.626999999999999780e+00,1.687783628532045910e+01
2.628000000000000114e+00,1.691058850132409219e+01
2.629000000000000004e+00,1.689409899924321223e+01
2.629999999999999893e+00,1.687904911540993780e+01
2.630999999999999783e+00,1.696393464956295816e+01
2.632000000000000117e+00,1.688855704064363294e+01
2.633000000000000007e+00,1.694283047666296937e+01
2.633999999999999897e+00,1.694416550294080537e+01
2.634999999999999787e+00,1.692146560817270640e+01
2.636000000000000121e+00,1.690638325760799887e+01
2.637000000000000011e+00,1.691247057023358735e+01
2.637999999999999901e+00,1.697883350614479880e+01
2.638999999999999790e+00,1.693490192230475344e+01
2.640000000000000124e+00,1.696407167658031057e+01
2.641000000000000014e+00,1.693477220098720792e+01
2.641999999999999904e+00,1.692633978100160164e+01
2.642999999999999794e+00,1.690081168903546782e+01
2.644000000000000128e+00,1.691394290050391191e+01
2.645000000000000018e+00,1.687432446634161920e+01
2.645999999999999908e+00,1.689129257938969886e+01
2.646999999999999797e+00,1.692949911931970064e+01
2.648000000000000131e+00,1.694168118535256795e+01
2.649000000000000021e+00,1.688528030799137625e+01
2.649999999999999911e+00,1.692889893351404140e+01
2.650999999999999801e+00,1.693372865774493974e+01
2.652000000000000135e+00,1.692190397165263249e+01
2.653000000000000025e+00,1.694335276025264392e+01
2.653999999999999915e+00,1.698819755343614446e+01
2.654999999999999805e+00,1.693908684167831780e+01
2.656000000000000139e+00,1.695780656010144583e+01
2.657000000000000028e+00,1.696620959843035692e+01
2.657999999999999918e+00,1.694295227575235074e+01
2.658999999999999808e+00,1.696108671547734303e+01
2.660000000000000142e+00,1.692271096482441450e+01
2.661000000000000032e+00,1.691554111073443423e+01
2.661999999999999922e+00,1.685623163776999789e+01
2.662999999999999812e+00,1.698767732515473838e+01
2.664000000000000146e+00,1.692761390159648371e+01
2.665000000000000036e+00,1.691223394728658747e+01
2.665999999999999925e+00,1.689065660728802953e+01
2.666999999999999815e+00,1.691741426448200514e+01
2.668000000000000149e+00,1.692452243784603283e+01
2.669000000000000039e+00,1.687381825922978251e+01
2.669999999999999929e+00,1.698566745076206175e+01
2.670999999999999819e+00,1.695438301200530162e+01
2.672000000000000153e+00,1.691879429715815419e+01
2.673000000000000043e+00,1.691300825621829418e+01
2.673999999999999932e+00,1.697711135126919757e+01
2.674999999999999822e+00,1.693337796604132706e+01
2.676000000000000156e+00,1.698192903822185329e+01
2.677000000000000046e+00,1.693864913528106442e+01
2.677999999999999936e+00,1.694562041984741896e+01
2.678999999999999826e+00,1.693607777606663944e+01
2.680000000000000160e+00,1.696949090356533318e+01
2.681000000000000050e+00,1.693926365262345257e+01
2.681999999999999940e+00,1.692351903647938727e+01
2.682999999999999829e+00,1.691197091308677614e+01
2.684000000000000163e+00,1.697568693997285649e+01
2.685000000000000053e+00,1.690125910574412060e+01
2.685999999999999943e+00,1.694239308796719357e+01
2.686999999999999833e+00,1.699791451161073041e+01
2.688000000000000167e+00,1.692507192677663141e+01
2.689000000000000057e+00,1.691152150045458313e+01
2.689999999999999947e+00,1.690652370533707938e+01
2.690999999999999837e+00,1.691117077172200922e+01
2.692000000000000171e+00,1.688417044050603977e+01
2.693000000000000060e+00,1.691085431453221943e+01
2.693999999999999950e+00,1.693061852417563173e+01
2.694999999999999840e+00,1.691280143411869119e+01
2.696000000000000174e+00,1.692643740850540723e+01
2.697000000000000064e+00,1.690694551253129418e+01
2.697999999999999954e+00,1.697610155407161514e+01
2.698999999999999844e+00,1.690487592175125542e+01
2.700000000000000178e+00,1.696685942292761240e+01
2.701000000000000068e+00,1.696341669478285752e+01
2.701999999999999957e+00,1.690835690732063057e+01
2.702999999999999847e+00,1.695940438022616803e+01
2.704000000000000181e+00,1.695248073868321015e+01
2.705000000000000071e+00,1.694218743169416541e+01
2.705999999999999961e+00,1.692385656537723193e+01
2.706999999999999851e+00,1.695395147610096842e+01
2.708000000000000185e+00,1.698175598361989103e+01
2.709000000000000075e+00,1.695622043719740191e+01
2.709999999999999964e+00,1.691815996201092887e+01
2.710999999999999854e+00,1.699793574503094717e+01
2.712000000000000188e+00,1.699034876387824156e+01
2.713000000000000078e+00,1.698881991254922852e+01
2.713999999999999968e+00,1.701337415750674964e+01
2.714999999999999858e+00,1.702195641121132041e+01
2.716000000000000192e+00,1.695069311790892641e+01
2.717000000000000082e+00,1.696476444714217635e+01
2.717999999999999972e+00,1.702289562682661028e+01
2.718999999999999861e+00,1.700047160476426811e+01
2.720000000000000195e+00,1.699692483479015692e+01
2.721000000000000085e+00,1.697354791070373992e+01
2.721999999999999975e+00,1.695946889449886896e+01
2.722999999999999865e+00,1.694277897557709167e+01
2.724000000000000199e+00,1.691852857352298756e+01
2.725000000000000089e+00,1.693521140564886096e+01
2.725999999999999979e+00,1.697239251392452175e+01
2.726999999999999869e+00,1.693753647353386427e+01
2.728000000000000203e+00,1.691710359865045277e+01
2.729000000000000092e+00,1.689242595904640609e+01
2.729999999999999982e+00,1.694909913779671840e+01
2.730999999999999872e+00,1.696238213026942532e+01
2.732000000000000206e+00,1.694097269031563258e+01
2.733000000000000096e+00,1.693708291873918270e+01
2.733999999999999986e+00,1.699410841581553910e+01
2.734999999999999876e+00,1.699775632188883634e+01
2.736000000000000210e+00,1.696656104142504873e+01
2.737000000000000099e+00,1.699036606290259144e+01
2.737999999999999989e+00,1.695277515029576421e+01
2.738999999999999879e+00,1.695833613963778319e+01
2.740000000000000213e+00,1.690985322880309383e+01
2.741000000000000103e+00,1.698716813534573689e+01
2.741999999999999993e+00,1.695747834329129233e+01
2.742999999999999883e+00,1.698599969441755064e+01
2.744000000000000217e+00,1.691748180765393172e+01
2.745000000000000107e+00,1.694638500753140065e+01
2.745999999999999996e+00,1.689635297950032466e+01
2.746999999999999886e+00,1.693292113454485204e+01
2.748000000000000220e+00,1.693585286601756934e+01
2.749000000000000110e+00,1.699915204659732382e+01
2.750000000000000000e+00,1.692844851330793787e+01
2.750999999999999890e+00,1.686330138473032036e+01
2.751999999999999780e+00,1.696519773527342423e+01
2.753000000000000114e+00,1.695622948557910448e+01
2.754000000000000004e+00,1.700085484965740790e+01
2.754999999999999893e+00,1.689678146859294472e+01
2.755999999999999783e+00,1.693381461353979134e+01
2.757000000000000117e+00,1.695874070044397186e+01
2.758000000000000007e+00,1.693616596339805014e+01
2.758999999999999897e+00,1.693821951943678883e+01
2.759999999999999787e+00,1.689772885858700135e+01
2.761000000000000121e+00,1.683800321112434517e+01
2.762000000000000011e+00,1.693041819037847873e+01
2.762999999999999901e+00,1.697946883812391405e+01
2.763999999999999790e+00,1.696807577949793711e+01
2.765000000000000124e+00,1.696722885011516269e+01
2.766000000000000014e+00,1.698393232183441626e+01
2.766999999999999904e+00,1.694383786738776720e+01
2.767999999999999794e+00,1.698663120079940470e+01
2.769000000000000128e+00,1.694681521966360549e+01
2.770000000000000018e+00,1.694748368528556171e+01
2.770999999999999908e+00,1.699295300257070807e+01
2.771999999999999797e+00,1.698193336198637482e+01
2.773000000000000131e+00,1.698944359206306842e+01
2.774000000000000021e+00,1.692322141064017771e+01
2.774999999999999911e+00,1.690759994189095750e+01
2.775999999999999801e+00,1.690037658389850961e+01
2.777000000000000135e+00,1.696596636464409613e+01
2.778000000000000025e+00,1.688820578137071848e+01
2.778999999999999915e+00,1.692250236777781680e+01
2.779999999999999805e+00,1.690196883301399566e+01
2.781000000000000139e+00,1.689684411254773266e+01
2.782000000000000028e+00,1.689697391226940226e+01
2.782999999999999918e+00,1.690901729470980897e+01
2.783999999999999808e+00,1.693750578285975905e+01
2.785000000000000142e+00,1.695482094495040570e+01
2.786000000000000032e+00,1.695449026225876210e+01
2.786999999999999922e+00,1.693665153016329228e+01
2.787999999999999812e+00,1.692395436756701699e+01
2.789000000000000146e+00,1.690580060413584107e+01
2.790000000000000036e+00,1.688221653618891338e+01
2.790999999999999925e+00,1.692555926769746577e+01
2.791999999999999815e+00,1.686177111975508325e+01
2.793000000000000149e+00,1.688368553331738653e+01
2.794000000000000039e+00,1.688044737451874155e+01
2.794999999999999929e+00,1.689057965829952579e+01
2.795999999999999819e+00,1.694340011543952329e+01
2.797000000000000153e+00,1.690626328240376708e+01
2.798000000000000043e+00,1.688236210200843601e+01
2.798999999999999932e+00,1.688931451264375738e+01
2.799999999999999822e+00,1.691030810660712902e+01
2.801000000000000156e+00,1.692633229383759286e+01
2.802000000000000046e+00,1.698667163526056356e+01
2.802999999999999936e+00,1.699114501001527344e+01
2.803999999999999826e+00,1.693088809057574196e+01
2.805000000000000160e+00,1.688398947323370791e+01
2.806000000000000050e+00,1.686444940971151851e+01
2.806999999999999940e+00,1.692792349201284097e+01
2.807999999999999829e+00,1.696612295545536853e+01
2.809000000000000163e+00,1.697503051329611523e+01
2.810000000000000053e+00,1.693197192082062230e+01
2.810999999999999943e+00,1.691833471284888191e+01
2.811999999999999833e+00,1.693069674591787788e+01
2.813000000000000167e+00,1.690431139505498592e+01
2.814000000000000057e+00,1.685730032150763691e+01
2.814999999999999947e+00,1.687241234986453620e+01
2.815999999999999837e+00,1.692541904361953442e+01
2.817000000000000171e+00,1.682834571213732744e+01
2.818000000000000060e+00,1.692567502690580028e+01
2.818999999999999950e+00,1.697342999033801902e+01
2.819999999999999840e+00,1.690208189779427528e+01
2.821000000000000174e+00,1.688258545163672153e+01
2.822000000000000064e+00,1.691283148455164564e+01
2.822999999999999954e+00,1.691548352075990280e+01
2.823999999999999844e+00,1.688258613499505145e+01
2.825000000000000178e+00,1.695127537900026482e+01
2.826000000000000068e+00,1.700353918327220626e+01
2.826999999999999957e+00,1.702340781766988442e+01
2.827999999999999847e+00,1.703450023378000466e+01
2.829000000000000181e+00,1.686349352470297447e+01
2.830000000000000071e+00,1.691955630627201757e+01
2.830999999999999961e+00,1.696391803273836629e+01
2.831999999999999851e+00,1.695621020308175275e+01
2.833000000000000185e+00,1.691876275240220195e+01
2.834000000000000075e+00,1.692000714271589956e+01
2.834999999999999964e+00,1.700300608176664241e+01
2.835999999999999854e+00,1.694530909277471409e+01
2.837000000000000188e+00,1.706336882355601858e+01
2.838000000000000078e+00,1.697066543540812233e+01
2.838999999999999968e+00,1.694526658491781035e+01
2.839999999999999858e+00,1.699082055401444791e+01
2.841000000000000192e+00,1.695825433305989804e+01
2.842000000000000082e+00,1.709311442845451978e+01
2.842999999999999972e+00,1.697763757743734914e+01
2.843999999999999861e+00,1.703318721031379823e+01
2.845000000000000195e+00,1.693834449076383564e+01
2.846000000000000085e+00,1.691464893994987762e+01
2.846999999999999975e+00,1.699645034602066929e+01
2.847999999999999865e+00,1.689631730347018745e+01
2.849000000000000199e+00,1.696629544999145267e+01
2.850000000000000089e+00,1.695796094129630660e+01
2.850999999999999979e+00,1.703206545833417351e+01
2.851999999999999869e+00,1.702076050418103748e+01
2.853000000000000203e+00,1.700390083001337160e+01
2.854000000000000092e+00,1.698319120032085650e+01
2.854999999999999982e+00,1.696847658272544024e+01
2.855999999999999872e+00,1.704483026613527841e+01
2.857000000000000206e+00,1.700089556836757509e+01
2.858000000000000096e+00,1.706989364102754081e+01
2.858999999999999986e+00,1.704062366891119495e+01
2.859999999999999876e+00,1.699403904007359145e+01
2.861000000000000210e+00,1.694383900057517067e+01
2.862000000000000099e+00,1.698759904039490820e+01
2.862999999999999989e+00,1.703643864497407634e+01
2.863999999999999879e+00,1.699721533607059598e+01
2.865000000000000213e+00,1.704714212451502675e+01
2.866000000000000103e+00,1.698123974859545271e+01
2.866999999999999993e+00,1.695389661150262128e+01
2.867999999999999883e+00,1.697058424143004629e+01
2.869000000000000217e+00,1.700886362426178167e+01
2.870000000000000107e+00,1.698329166340505481e+01
2.870999999999999996e+00,1.698792292431504336e+01
2.871999999999999886e+00,1.689687510652814950e+01
2.873000000000000220e+00,1.698692677531035500e+01
2.874000000000000110e+00,1.694904355455625122e+01
2.875000000000000000e+00,1.696228885700558919e+01
2.875999999999999890e+00,1.691789040955664447e+01
2.876999999999999780e+00,1.693687507418313487e+01
2.878000000000000114e+00,1.687154800068516636e+01
2.879000000000000004e+00,1.694611928356922803e+01
2.879999999999999893e+00,1.698224834586067544e+01
2.880999999999999783e+00,1.699841680016837842e+01
2.882000000000000117e+00,1.700307472543811116e+01
2.883000000000000007e+00,1.696024459879087942e+01
2.883999999999999897e+00,1.697324445898058443e+01
2.884999999999999787e+00,1.695620753873393838e+01
2.886000000000000121e+00,1.700957348662127444e+01
2.887000000000000011e+00,1.706221763381248024e+01
2.887999999999999901e+00,1.697494107833657040e+01
2.888999999999999790e+00,1.690523123667108507e+01
2.890000000000000124e+00,1.690409697988767945e+01
2.891000000000000014e+00,1.692190405750140769e+01
2.891999999999999904e+00,1.690683983661554635e+01
2.892999999999999794e+00,1.685248394921813997e+01
2.894000000000000128e+00,1.693565058788749056e+01
2.895000000000000018e+00,1.687634511331047094e+01
2.895999999999999908e+00,1.694037957307133269e+01
2.896999999999999797e+00,1.697616987931919041e+01
2.898000000000000131e+00,1.692719012408786483e+01
2.899000000000000021e+00,1.690856291328391237e+01
2.899999999999999911e+00,1.689488681412182913e+01
2.900999999999999801e+00,1.695666713925473346e+01
2.902000000000000135e+00,1.706779840353081923e+01
2.903000000000000025e+00,1.700617064788146493e+01
2.903999999999999915e+00,1.691506803702443662e+01
2.904999999999999805e+00,1.694643125231127101e+01
2.906000000000000139e+00,1.695569410384979392e+01
2.907000000000000028e+00,1.694451551293296632e+01
2.907999999999999918e+00,1.697287830545240794e+01
2.908999999999999808e+00,1.691993456804126339e+01
2.910000000000000142e+00,1.689133561820481333e+01
2.911000000000000032e+00,1.691014022032486608e+01
2.911999999999999922e+00,1.689495574687770585e+01
2.912999999999999812e+00,1.694381264497226169e+01
2.914000000000000146e+00,1.689662284813723403e+01
2.915000000000000036e+00,1.688817216583136016e+01
2.915999999999999925e+00,1.694228887229352409e+01
2.916999999999999815e+00,1.688180267686501068e+01
2.918000000000000149e+00,1.691834861464550954e+01
2.919000000000000039e+00,1.695101516580342604e+01
2.919999999999999929e+00,1.687780098255061034e+01
2.920999999999999819e+00,1.691936868132602001e+01
2.922000000000000153e+00,1.697268983976681156e+01
2.923000000000000043e+00,1.691889689289370935e+01
2.923999999999999932e+00,1.692646072363988807e+01
2.924999999999999822e+00,1.696729027437591952e+01
2.926000000000000156e+00,1.690332684932514340e+01
2.927000000000000046e+00,1.697891149631717411e+01
2.927999999999999936e+00,1.697438710572456699e+01
2.928999999999999826e+00,1.691740734884906061e+01
2.930000000000000160e+00,1.692362011739232841e+01
2.931000000000000050e+00,1.691798934409409938e+01
2.931999999999999940e+00,1.689920832014677643e+01
2.932999999999999829e+00,1.691535580136822858e+01
2.934000000000000163e+00,1.693366317467296511e+01
2.935000000000000053e+00,1.688394426299523232e+01
2.935999999999999943e+00,1.691476851851659546e+01
2.936999999999999833e+00,1.697967666034603340e+01
2.938000000000000167e+00,1.692439433890018208e+01
2.939000000000000057e+00,1.693305076932026054e+01
2.939999999999999947e+00,1.694883037810786064e+01
2.940999999999999837e+00,1.690841722820159632e+01
2.942000000000000171e+00,1.695468844895250271e+01
2.943000000000000060e+00,1.697708328445689219e+01
2.943999999999999950e+00,1.697349647413195939e+01
2.944999999999999840e+00,1.696428815584243921e+01
2.946000000000000174e+00,1.693198376049786802e+01
2.947000000000000064e+00,1.690218820900610552e+01
2.947999999999999954e+00,1.689438076851233461e+01
2.948999999999999844e+00,1.692256299804029851e+01
2.950000000000000178e+00,1.682480472567235807e+01
2.951000000000000068e+00,1.691063212635079793e+01
2.951999999999999957e+00,1.694011136409982043e+01
2.952999999999999847e+00,1.687368801333093060e+01
2.954000000000000181e+00,1.695429501677990913e+01
2.955000000000000071e+00,1.692188500482976110e+01
2.955999999999999961e+00,1.694429815308460974e+01
2.956999999999999851e+00,1.692378057305159800e+01
2.958000000000000185e+00,1.690136873150177621e+01
2.959000000000000075e+00,1.683800317052464024e+01
2.959999999999999964e+00,1.686363018507456246e+01
2.960999999999999854e+00,1.692087716542948073e+01
2.962000000000000188e+00,1.694189056049646780e+01
2.963000000000000078e+00,1.690109312636153760e+01
2.963999999999999968e+00,1.683184970356145982e+01
2.964999999999999858e+00,1.689183877349182339e+01
2.966000000000000192e+00,1.690172862233725937e+01
2.967000000000000082e+00,1.696926929963285957e+01
2.967999999999999972e+00,1.694386967186690640e+01
2.968999999999999861e+00,1.687502007508002322e+01
2.970000000000000195e+00,1.698421802333628250e+01
2.971000000000000085e+00,1.693949685207777378e+01
2.971999999999999975e+00,1.693197261017365207e+01
2.972999999999999865e+00,1.696514827562866756e+01
2.974000000000000199e+00,1.695769537134554028e+01
2.975000000000000089e+00,1.693282728667053050e+01
2.975999999999999979e+00,1.691186314775323041e+01
2.976999999999999869e+00,1.688094794909812535e+01
2.978000000000000203e+00,1.694393894073659723e+01
2.979000000000000092e+00,1.688578591467177858e+01
2.979999999999999982e+00,1.691485409836688802e+01
2.980999999999999872e+00,1.684407796753148645e+01
2.982000000000000206e+00,1.690074825088062127e+01
2.983000000000000096e+00,1.700667767940490549e+01
2.983999999999999986e+00,1.692621856714807649e+01
2.984999999999999876e+00,1.696583053875351865e+01
2.986000000000000210e+00,1.692954230970274665e+01
2.987000000000000099e+00,1.690795334979138431e+01
2.987999999999999989e+00,1.692918147241342552e+01
2.988999999999999879e+00,1.693599071108584297e+01
2.990000000000000213e+00,1.698163092066818791e+01
2.991000000000000103e+00,1.690208409541609669e+01
2.991999999999999993e+00,1.693936071663791409e+01
2.992999999999999883e+00,1.692779178507479898e+01
2.994000000000000217e+00,1.690727969627009486e+01
2.995000000000000107e+00,1.699070389021546035e+01
2.995999999999999996e+00,1.697297984687029881e+01
2.996999999999999886e+00,1.699724822601140062e+01
2.998000000000000220e+00,1.691141182329412374e+01
2.999000000000000110e+00,1.694836190580765134e+01
3.000000000000000000e+00,1.696728773743112129e+01
3.000999999999999890e+00,1.693862145014790954e+01
3.001999999999999780e+00,1.695702656442395906e+01
3.003000000000000114e+00,1.690923056883697129e+01
3.004000000000000004e+00,1.694599032733715660e+01
3.004999999999999893e+00,1.693367696075545581e+01
3.005999999999999783e+00,1.689880963840678518e+01
3.007000000000000117e+00,1.694199288076729104e+01
3.008000000000000007e+00,1.693802290726716819e+01
3.008999999999999897e+00,1.696911811330772224e+01
3.009999999999999787e+00,1.690112089434405007e+01
3.011000000000000121e+00,1.693678274471319156e+01
3.012000000000000011e+00,1.689423458270101364e+01
3.012999999999999901e+00,1.693237412437391143e+01
3.013999999999999790e+00,1.687540923188112529e+01
3.015000000000000124e+00,1.691672208340744632e+01
3.016000000000000014e+00,1.691816120421363223e+01
3.016999999999999904e+00,1.685590952325824077e+01
3.017999999999999794e+00,1.691946267034355600e+01
3.019000000000000128e+00,1.692824373805536453e+01
3.020000000000000018e+00,1.694019339956886583e+01
3.020999999999999908e+00,1.683633735917179663e+01
3.021999999999999797e+00,1.686369128182835198e+01
3.023000000000000131e+00,1.690222360922410871e+01
3.024000000000000021e+00,1.688470369842335828e+01
3.024999999999999911e+00,1.692042843695943688e+01
3.025999999999999801e+00,1.683377993178083543e+01
3.027000000000000135e+00,1.689129359445822232e+01
3.028000000000000025e+00,1.689520198527983297e+01
3.028999999999999915e+00,1.695652291344377716e+01
3.029999999999999805e+00,1.690501345369046504e+01
3.031000000000000139e+00,1.685066612777651329e+01
3.032000000000000028e+00,1.685048651152930788e+01
3.032999999999999918e+00,1.689233034395252275e+01
3.033999999999999808e+00,1.689432736312738470e+01
3.035000000000000142e+00,1.688368525360299088e+01
3.036000000000000032e+00,1.690451683447623665e+01
3.036999999999999922e+00,1.688985698595602258e+01
3.037999999999999812e+00,1.687331944955520768e+01
3.039000000000000146e+00,1.692679026866240477e+01
3.040000000000000036e+00,1.685516428230895869e+01
3.040999999999999925e+00,1.685946484769254639e+01
3.041999999999999815e+00,1.694696284803215747e+01
3.043000000000000149e+00,1.692824918131829293e+01
3.044000000000000039e+00,1.692135859157075473e+01
3.044999999999999929e+00,1.685918178442041082e+01
3.045999999999999819e+00,1.691827910033924098e+01
3.047000000000000153e+00,1.687766235895134415e+01
3.048000000000000043e+00,1.691945986455178641e+01
3.048999999999999932e+00,1.690836737674378654e+01
3.049999999999999822e+00,1.691345858848315231e+01
3.051000000000000156e+00,1.686594678706590500e+01
3.052000000000000046e+00,1.688082558635369068e+01
3.052999999999999936e+00,1.693703435797760193e+01
3.053999999999999826e+00,1.690561912414861467e+01
3.055000000000000160e+00,1.694612163591709120e+01
3.056000000000000050e+00,1.691298842769218069e+01
3.056999999999999940e+00,1.692886928149817649e+01
3.057999999999999829e+00,1.685498691013277295e+01
3.059000000000000163e+00,1.697494824904065780e+01
3.060000000000000053e+00,1.687692212550183868e+01
3.060999999999999943e+00,1.689661115962749349e+01
3.061999999999999833e+00,1.693554030239791075e+01
3.063000000000000167e+00,1.690313807015478176e+01
3.064000000000000057e+00,1.695662747608904652e+01
3.064999999999999947e+00,1.691359109997249988e+01
3.065999999999999837e+00,1.688195422796541934e+01
3.067000000000000171e+00,1.693886673357631523e+01
3.068000000000000060e+00,1.693824062243345807e+01
3.068999999999999950e+00,1.691661521602832607e+01
3.069999999999999840e+00,1.684701554223241260e+01
3.071000000000000174e+00,1.684921980120986973e+01
3.072000000000000064e+00,1.690359110741664495e+01
3.072999999999999954e+00,1.689155548566577636e+01
3.073999999999999844e+00,1.697646999575343685e+01
3.075000000000000178e+00,1.689162353564544006e+01
3.076000000000000068e+00,1.692658852492073862e+01
3.076999999999999957e+00,1.692558261534182407e+01
3.077999999999999847e+00,1.691545036471242724e+01
3.079000000000000181e+00,1.695381599486009705e+01
3.080000000000000071e+00,1.689015566845963434e+01
3.080999999999999961e+00,1.697052643564204999e+01
3.081999999999999851e+00,1.697189510919149669e+01
3.083000000000000185e+00,1.689524963823224013e+01
3.084000000000000075e+00,1.688994555442359058e+01
3.084999999999999964e+00,1.685766774474773300e+01
3.085999999999999854e+00,1.689055584818997602e+01
3.087000000000000188e+00,1.687706538479809382e+01
3.088000000000000078e+00,1.694639568462225654e+01
3.088999999999999968e+00,1.693072061592531696e+01
3.089999999999999858e+00,1.700703472405479744e+01
3.091000000000000192e+00,1.688589190852184529e+01
3.092000000000000082e+00,1.697821267869581519e+01
3.092999999999999972e+00,1.689602523457355687e+01
3.093999999999999861e+00,1.685365838718903220e+01
3.095000000000000195e+00,1.687202882753733846e+01
3.096000000000000085e+00,1.694221836135060855e+01
3.096999999999999975e+00,1.686527167352318557e+01
3.097999999999999865e+00,1.689735509783767853e+01
3.099000000000000199e+00,1.687598515014412826e+01
3.100000000000000089e+00,1.690886611918671534e+01
3.100999999999999979e+00,1.691652693624280346e+01
3.101999999999999869e+00,1.691363948527844840e+01
3.103000000000000203e+00,1.692733988749642293e+01
3.104000000000000092e+00,1.694268690397048616e+01
3.104999999999999982e+00,1.687798918383824898e+01
3.105999999999999872e+00,1.693165285334465153e+01
3.107000000000000206e+00,1.690534391035909323e+01
3.108000000000000096e+00,1.693388279465353108e+01
3.108999999999999986e+00,1.688653628885517932e+01
3.109999999999999876e+00,1.697550808218316121e+01
3.111000000000000210e+00,1.697042035290245110e+01
3.112000000000000099e+00,1.696545667101358745e+01
3.112999999999999989e+00,1.701761828013552957e+01
3.113999999999999879e+00,1.695991401527871645e+01
3.115000000000000213e+00,1.694918437279712009e+01
3.116000000000000103e+00,1.699294107893368988e+01
3.116999999999999993e+00,1.698660743935024087e+01
3.117999999999999883e+00,1.695136229049625953e+01
3.119000000000000217e+00,1.693383855221011203e+01
3.120000000000000107e+00,1.700982176397623746e+01
3.120999999999999996e+00,1.702312344921273990e+01
3.121999999999999886e+00,1.695767385387103943e+01
3.123000000000000220e+00,1.692085376947749609e+01
3.124000000000000110e+00,1.698715899610173707e+01
3.125000000000000000e+00,1.690651044747196607e+01
3.125999999999999890e+00,1.694215594309275730e+01
3.126999999999999780e+00,1.693982844711196378e+01
3.128000000000000114e+00,1.690943276581741728e+01
3.129000000000000004e+00,1.695651899339924285e+01
3.129999999999999893e+00,1.691372917881765048e+01
3.130999999999999783e+00,1.696093194795076897e+01
3.132000000000000117e+00,1.693556852475898111e+01
3.133000000000000007e+00,1.704169908091167684e+01
3.133999999999999897e+00,1.691961456300916566e+01
3.134999999999999787e+00,1.692034232136601801e+01
3.136000000000000121e+00,1.697310216428037677e+01
3.137000000000000011e+00,1.691129122140934982e+01
3.137999999999999901e+00,1.698821978920399189e+01
3.138999999999999790e+00,1.690409339332236982e+01
3.140000000000000124e+00,1.702778581519070400e+01
3.141000000000000014e+00,1.697763333111952022e+01
3.141999999999999904e+00,1.707897056638764610e+01
3.142999999999999794e+00,1.698917545493978309e+01
3.144000000000000128e+00,1.696395534921683890e+01
3.145000000000000018e+00,1.699413048769128665e+01
3.145999999999999908e+00,1.706443733914450434e+01
3.146999999999999797e+00,1.702139398029454043e+01
3.148000000000000131e+00,1.705900932497253208e+01
3.149000000000000021e+00,1.708623341485021285e+01
3.149999999999999911e+00,1.701023086701191644e+01
3.150999999999999801e+00,1.703531519997470411e+01
3.152000000000000135e+00,1.697558679646019542e+01
3.153000000000000025e+00,1.700507621996990437e+01
3.153999999999999915e+00,1.694887735782620908e+01
3.154999999999999805e+00,1.701124069837536368e+01
3.156000000000000139e+00,1.696530395142342229e+01
3.157000000000000028e+00,1.695112116955742110e+01
3.157999999999999918e+00,1.693075581412633568e+01
3.158999999999999808e+00,1.698453476842939835e+01
3.160000000000000142e+00,1.696014772192288333e+01
3.161000000000000032e+00,1.700277080617944847e+01
3.161999999999999922e+00,1.693250207460884837e+01
3.162999999999999812e+00,1.699708622178752648e+01
3.164000000000000146e+00,1.693235241439729677e+01
3.165000000000000036e+00,1.690138573379986298e+01
3.165999999999999925e+00,1.692984473040679561e+01
3.166999999999999815e+00,1.689822709549923374e+01
3.168000000000000149e+00,1.703631837530340931e+01
3.169000000000000039e+00,1.698101676400114002e+01
3.169999999999999929e+00,1.696271279899458051e+01
3.170999999999999819e+00,1.692885484976527621e+01
3.172000000000000153e+00,1.698313623468153111e+01
3.173000000000000043e+00,1.696700015169036035e+01
3.173999999999999932e+00,1.693177678277085008e+01
3.174999999999999822e+00,1.694210360001638804e+01
3.176000000000000156e+00,1.693844589310680249e+01
3.177000000000000046e+00,1.695768265214587700e+01
3.177999999999999936e+00,1.696977607821410317e+01
3.178999999999999826e+00,1.696116883267097819e+01
3.180000000000000160e+00,1.691389072511503855e+01
3.181000000000000050e+00,1.699662400753393499e+01
3.181999999999999940e+00,1.696738308395246619e+01
3.182999999999999829e+00,1.692065931602653350e+01
3.184000000000000163e+00,1.693339209177623772e+01
3.185000000000000053e+00,1.685720889652003152e+01
3.185999999999999943e+00,1.692650474924716519e+01
3.186999999999999833e+00,1.691225354297191075e+01
3.188000000000000167e+00,1.690397108943958671e+01
3.189000000000000057e+00,1.696344401440909166e+01
3.189999999999999947e+00,1.695013657357596770e+01
3.190999999999999837e+00,1.691877231857174024e+01
3.192000000000000171e+00,1.694205430953048008e+01
3.193000000000000060e+00,1.703197374821502308e+01
3.193999999999999950e+00,1.698381364381669556e+01
3.194999999999999840e+00,1.699021938285702049e+01
3.196000000000000174e+00,1.695071833940998829e+01
3.197000000000000064e+00,1.697796891016949772e+01
3.197999999999999954e+00,1.697480895796186928e+01
3.198999999999999844e+00,1.696514572463305015e+01
3.200000000000000178e+00,1.697274465037239821e+01
3.201000000000000068e+00,1.703190924557087982e+01
3.201999999999999957e+00,1.698642608324623637e+01
3.202999999999999847e+00,1.699401768738767515e+01
3.204000000000000181e+00,1.692166018145534423e+01
3.205000000000000071e+00,1.694211051260628764e+01
3.205999999999999961e+00,1.696005776331656278e+01
3.206999999999999851e+00,1.692984835890601403e+01
3.208000000000000185e+00,1.696447626969003508e+01
3.209000000000000075e+00,1.691612807803039331e+01
3.209999999999999964e+00,1.701007545295577117e+01
3.210999999999999854e+00,1.700451966224104794e+01
3.212000000000000188e+00,1.692984180232648583e+01
3.213000000000000078e+00,1.692303245119486732e+01
3.213999999999999968e+00,1.704701192464110804e+01
3.214999999999999858e+00,1.698728928423334850e+01
3.216000000000000192e+00,1.691718711147427356e+01
3.217000000000000082e+00,1.693365723902650188e+01
3.217999999999999972e+00,1.690852007991371764e+01
3.218999999999999861e+00,1.694524434096038235e+01
3.220000000000000195e+00,1.693761510731209796e+01
3.221000000000000085e+00,1.703154900679038875e+01
3.221999999999999975e+00,1.696092809445028848e+01
3.222999999999999865e+00,1.701819493629998092e+01
3.224000000000000199e+00,1.696675050573967525e+01
3.225000000000000089e+00,1.692916996146204411e+01
3.225999999999999979e+00,1.695826888332285876e+01
3.226999999999999869e+00,1.701976552088767392e+01
3.228000000000000203e+00,1.696042053056413579e+01
3.229000000000000092e+00,1.704461225074200215e+01
3.229999999999999982e+00,1.697617908845686685e+01
3.230999999999999872e+00,1.702543800228163917e+01
3.232000000000000206e+00,1.701412922316910681e+01
3.233000000000000096e+00,1.706008781064893043e+01
3.233999999999999986e+00,1.705288884092555790e+01
3.234999999999999876e+00,1.697424280329097002e+01
3.236000000000000210e+00,1.702220588215054775e+01
3.237000000000000099e+00,1.694650432482753644e+01
3.237999999999999989e+00,1.705138214615162795e+01
3.238999999999999879e+00,1.702866141984792137e+01
3.240000000000000213e+00,1.697540935470900436e+01
3.241000000000000103e+00,1.698285798778278277e+01
3.241999999999999993e+00,1.701181621934731325e+01
3.242999999999999883e+00,1.698338949685632571e+01
3.244000000000000217e+00,1.695390144920249753e+01
3.245000000000000107e+00,1.700475107249494755e+01
3.245999999999999996e+00,1.706617708317769910e+01
3.246999999999999886e+00,1.702463363011729314e+01
3.248000000000000220e+00,1.697490308463609665e+01
3.249000000000000110e+00,1.702603212105714547e+01
3.250000000000000000e+00,1.698251275319088549e+01
3.250999999999999890e+00,1.704398494013095444e+01
3.251999999999999780e+00,1.703116773680091711e+01
3.253000000000000114e+00,1.702167554405301786e+01
3.254000000000000004e+00,1.702309654642002812e+01
3.254999999999999893e+00,1.705673280529357072e+01
3.255999999999999783e+00,1.698181389226651206e+01
3.257000000000000117e+00,1.698475544674975879e+01
3.258000000000000007e+00,1.698521561564584914e+01
3.258999999999999897e+00,1.703072076001152979e+01
3.259999999999999787e+00,1.698831665999919949e+01
3.261000000000000121e+00,1.701829068087439367e+01
3.262000000000000011e+00,1.697742855625205038e+01
3.262999999999999901e+00,1.703284923882672430e+01
3.263999999999999790e+00,1.708389684261874919e+01
3.265000000000000124e+00,1.700736387327801324e+01
3.266000000000000014e+00,1.701407132244560216e+01
3.266999999999999904e+00,1.700034153413163551e+01
3.267999999999999794e+00,1.706466095719792619e+01
3.269000000000000128e+00,1.700180720985746774e+01
3.270000000000000018e+00,1.702317936947029509e+01
3.270999999999999908e+00,1.703480206435664712e+01
3.271999999999999797e+00,1.693439266037886881e+01
3.273000000000000131e+00,1.701398709398132070e+01
3.274000000000000021e+00,1.700142214098261206e+01
3.274999999999999911e+00,1.700864368832080942e+01
3.275999999999999801e+00,1.704352559081600305e+01
3.277000000000000135e+00,1.696512161518648654e+01
3.278000000000000025e+00,1.696862706675896604e+01
3.278999999999999915e+00,1.703205379943543818e+01
3.279999999999999805e+00,1.702901375193178879e+01
3.281000000000000139e+00,1.702138875584281408e+01
3.282000000000000028e+00,1.708432069062924796e+01
3.282999999999999918e+00,1.701569953558204773e+01
3.283999999999999808e+00,1.694975728877432886e+01
3.285000000000000142e+00,1.706005086332046972e+01
3.286000000000000032e+00,1.704135315028544895e+01
3.286999999999999922e+00,1.695941833339738736e+01
3.287999999999999812e+00,1.702763308510028750e+01
3.289000000000000146e+00,1.698829243417635837e+01
3.290000000000000036e+00,1.705798761370553152e+01
3.290999999999999925e+00,1.706311083049393318e+01
3.291999999999999815e+00,1.700706169738246487e+01
3.293000000000000149e+00,1.705333888687492561e+01
3.294000000000000039e+00,1.699331195665404337e+01
3.294999999999999929e+00,1.708322132406593497e+01
3.295999999999999819e+00,1.702570542399168474e+01
3.297000000000000153e+00,1.700110118209272514e+01
3.298000000000000043e+00,1.697436054220199608e+01
3.298999999999999932e+00,1.699385015081120542e+01
3.299999999999999822e+00,1.694782971578141684e+01
3.301000000000000156e+00,1.701130087731279517e+01
3.302000000000000046e+00,1.705621717291737127e+01
3.302999999999999936e+00,1.700168822056171436e+01
3.303999999999999826e+00,1.701204426701198003e+01
3.305000000000000160e+00,1.694115412334269877e+01
3.306000000000000050e+00,1.696256509824381453e+01
3.306999999999999940e+00,1.698665778553971606e+01
3.307999999999999829e+00,1.698956126735891914e+01
3.309000000000000163e+00,1.701024903599657989e+01
3.310000000000000053e+00,1.698280721549495453e+01
3.310999999999999943e+00,1.703237371894219621e+01
3.311999999999999833e+00,1.704116318327000101e+01
3.313000000000000167e+00,1.701982822917588223e+01
3.314000000000000057e+00,1.707262704950843712e+01
3.314999999999999947e+00,1.702806916471178411e+01
3.315999999999999837e+00,1.698146528195481508e+01
3.317000000000000171e+00,1.701696907709863638e+01
3.318000000000000060e+00,1.694432052985496284e+01
3.318999999999999950e+00,1.698413498989842196e+01
3.319999999999999840e+00,1.704091699355148393e+01
3.321000000000000174e+00,1.699942820518507958e+01
3.322000000000000064e+00,1.696155927249288453e+01
3.322999999999999954e+00,1.697408245453424769e+01
3.323999999999999844e+00,1.704454812810880782e+01
3.325000000000000178e+00,1.700308512980551612e+01
3.326000000000000068e+00,1.698248132018805023e+01
3.326999999999999957e+00,1.695504907855560006e+01
3.327999999999999847e+00,1.704068424896407663e+01
3.329000000000000181e+00,1.700503304994562725e+01
3.330000000000000071e+00,1.700571860913682798e+01
3.330999999999999961e+00,1.696849849639524876e+01
3.331999999999999851e+00,1.697569888433422136e+01
3.333000000000000185e+00,1.702627281692233296e+01
3.334000000000000075e+00,1.701089323946490950e+01
3.334999999999999964e+00,1.704545732362351274e+01
3.335999999999999854e+00,1.704281368907675542e+01
3.337000000000000188e+00,1.708668581877217107e+01
3.338000000000000078e+00,1.705336872576798513e+01
3.338999999999999968e+00,1.706098094646103291e+01
3.339999999999999858e+00,1.697345162275576058e+01
3.341000000000000192e+00,1.696631843346846225e+01
3.342000000000000082e+00,1.705507762335036048e+01
3.342999999999999972e+00,1.710766379096499534e+01
3.343999999999999861e+00,1.704440416177615347e+01
3.345000000000000195e+00,1.704690503578196115e+01
3.346000000000000085e+00,1.703162811987654024e+01
3.346999999999999975e+00,1.707506232961026171e+01
3.347999999999999865e+00,1.703496583665595665e+01
3.349000000000000199e+00,1.702188513036148620e+01
3.350000000000000089e+00,1.699443899559864235e+01
3.350999999999999979e+00,1.701646204319938249e+01
3.351999999999999869e+00,1.706038946247393184e+01
3.353000000000000203e+00,1.705449923425203806e+01
3.354000000000000092e+00,1.704039964763638082e+01
3.354999999999999982e+00,1.706389712940107373e+01
3.355999999999999872e+00,1.702173409901600465e+01
3.357000000000000206e+00,1.706648304501176483e+01
3.358000000000000096e+00,1.701408752224281429e+01
3.358999999999999986e+00,1.708096713599255523e+01
3.359999999999999876e+00,1.698490257977352158e+01
3.361000000000000210e+00,1.699651174130113063e+01
3.362000000000000099e+00,1.701176368824388874e+01
3.362999999999999989e+00,1.703666764399985567e+01
3.363999999999999879e+00,1.698276409214718186e+01
3.365000000000000213e+00,1.699959947063251064e+01
3.366000000000000103e+00,1.696277241784535050e+01
3.366999999999999993e+00,1.691511924960114399e+01
3.367999999999999883e+00,1.697101557740985101e+01
3.369000000000000217e+00,1.694261289740346399e+01
3.370000000000000107e+00,1.692042894395497399e+01
3.370999999999999996e+00,1.692805613208448889e+01
3.371999999999999886e+00,1.694731520404097935e+01
3.373000000000000220e+00,1.699490356557091886e+01
3.374000000000000110e+00,1.696914885504383719e+01
3.375000000000000000e+00,1.699673498455711496e+01
3.375999999999999890e+00,1.701921579659550687e+01
3.376999999999999780e+00,1.699709170326872254e+01
3.378000000000000114e+00,1.702073567187042258e+01
3.379000000000000004e+00,1.698842953091514474e+01
3.379999999999999893e+00,1.699815287407484021e+01
3.380999999999999783e+00,1.703021205498239965e+01
3.382000000000000117e+00,1.706673454894805531e+01
3.383000000000000007e+00,1.701944536295006216e+01
3.383999999999999897e+00,1.697006250562143137e+01
3.384999999999999787e+00,1.702600984042668841e+01
3.386000000000000121e+00,1.702067185642767555e+01
3.387000000000000011e+00,1.700462072710377726e+01
3.387999999999999901e+00,1.701437773614883397e+01
3.388999999999999790e+00,1.700373154558745981e+01
3.390000000000000124e+00,1.701632542604111009e+01
3.391000000000000014e+00,1.698672365418807928e+01
3.391999999999999904e+00,1.701893926744264718e+01
3.392999999999999794e+00,1.697620766117073643e+01
3.394000000000000128e+00,1.698585172343153715e+01
3.395000000000000018e+00,1.707171866324832621e+01
3.395999999999999908e+00,1.700669622039218964e+01
3.396999999999999797e+00,1.702256260783362052e+01
3.398000000000000131e+00,1.696591431146089946e+01
3.399000000000000021e+00,1.699208594116546323e+01
3.399999999999999911e+00,1.697891149373061026e+01
3.400999999999999801e+00,1.696596888557411376e+01
3.402000000000000135e+00,1.706923363981188402e+01
3.403000000000000025e+00,1.699256155640008714e+01
3.403999999999999915e+00,1.705491684563357779e+01
3.404999999999999805e+00,1.701526480343352432e+01
3.406000000000000139e+00,1.701673892970605095e+01
3.407000000000000028e+00,1.701537236836783151e+01
3.407999999999999918e+00,1.698277885321375891e+01
3.408999999999999808e+00,1.702487615422862532e+01
3.410000000000000142e+00,1.695643917234315978e+01
3.411000000000000032e+00,1.700353079436404968e+01
3.411999999999999922e+00,1.697323326311391867e+01
3.412999999999999812e+00,1.700504167377453513e+01
3.414000000000000146e+00,1.693924950196257839e+01
3.415000000000000036e+00,1.689657171308095940e+01
3.415999999999999925e+00,1.694983674435050602e+01
3.416999999999999815e+00,1.702663554160996284e+01
3.418000000000000149e+00,1.695581074440886482e+01
3.419000000000000039e+00,1.694062299104702163e+01
3.419999999999999929e+00,1.699414501937556921e+01
3.420999999999999819e+00,1.699512386777320216e+01
3.422000000000000153e+00,1.695765500516731450e+01
3.423000000000000043e+00,1.695061881023489292e+01
3.423999999999999932e+00,1.695074899399492452e+01
3.424999999999999822e+00,1.701299269907042699e+01
3.426000000000000156e+00,1.700839328408043372e+01
3.427000000000000046e+00,1.691267928919005215e+01
3.427999999999999936e+00,1.696404793705549707e+01
3.428999999999999826e+00,1.691456526897734491e+01
3.430000000000000160e+00,1.698402208885702791e+01
3.431000000000000050e+00,1.696994076200363821e+01
3.431999999999999940e+00,1.697748488973097736e+01
3.432999999999999829e+00,1.692421884729168369e+01
3.434000000000000163e+00,1.696934872991085186e+01
3.435000000000000053e+00,1.699358179163338889e+01
3.435999999999999943e+00,1.696697710823105254e+01
3.436999999999999833e+00,1.698680404409346778e+01
3.438000000000000167e+00,1.697373816572569893e+01
3.439000000000000057e+00,1.701792431741201739e+01
3.439999999999999947e+00,1.693685163369451274e+01
3.440999999999999837e+00,1.698804632576058893e+01
3.442000000000000171e+00,1.691535407919997880e+01
3.443000000000000060e+00,1.695144887480965679e+01
3.443999999999999950e+00,1.700347484672086651e+01
3.444999999999999840e+00,1.693254074229578166e+01
3.446000000000000174e+00,1.700641950843157701e+01
3.447000000000000064e+00,1.700684634530157169e+01
3.447999999999999954e+00,1.702922449818749939e+01
3.448999999999999844e+00,1.693639891154326804e+01
3.450000000000000178e+00,1.689935478416402503e+01
3.451000000000000068e+00,1.693761262302660242e+01
3.451999999999999957e+00,1.691819364502358525e+01
3.452999999999999847e+00,1.692964778477823629e+01
3.454000000000000181e+00,1.690524777629165243e+01
3.455000000000000071e+00,1.699178950250561115e+01
3.455999999999999961e+00,1.697136561139865307e+01
3.456999999999999851e+00,1.690645466375977080e+01
3.458000000000000185e+00,1.695815709140236649e+01
3.459000000000000075e+00,1.694896894773875928e+01
3.459999999999999964e+00,1.693366593448821078e+01
3.460999999999999854e+00,1.691468204893962479e+01
3.462000000000000188e+00,1.692387586801997656e+01
3.463000000000000078e+00,1.691517044945685200e+01
3.463999999999999968e+00,1.691220013951836521e+01
3.464999999999999858e+00,1.688931157607833455e+01
3.466000000000000192e+00,1.693042745312153841e+01
3.467000000000000082e+00,1.694502038027227186e+01
3.467999999999999972e+00,1.696921590982670480e+01
3.468999999999999861e+00,1.698971319087119269e+01
3.470000000000000195e+00,1.697434781717001684e+01
3.471000000000000085e+00,1.695782709703104985e+01
3.471999999999999975e+00,1.700495244092923031e+01
3.472999999999999865e+00,1.703010189279644493e+01
3.474000000000000199e+00,1.692028959903196395e+01
3.475000000000000089e+00,1.693508043493966397e+01
3.475999999999999979e+00,1.692574596888730198e+01
3.476999999999999869e+00,1.700330591987176376e+01
3.478000000000000203e+00,1.698966030705882346e+01
3.479000000000000092e+00,1.701581321471043040e+01
3.479999999999999982e+00,1.697948031642277300e+01
3.480999999999999872e+00,1.696434865411401915e+01
3.482000000000000206e+00,1.696390069456645122e+01
3.483000000000000096e+00,1.697801878555234012e+01
3.483999999999999986e+00,1.703655672695175127e+01
3.484999999999999876e+00,1.699238979428697860e+01
3.486000000000000210e+00,1.694768112831168594e+01
3.487000000000000099e+00,1.696987278259046406e+01
3.487999999999999989e+00,1.706358694044238433e+01
3.488999999999999879e+00,1.697584766313386240e+01
3.490000000000000213e+00,1.698809470412394163e+01
3.491000000000000103e+00,1.695672940643488502e+01
3.491999999999999993e+00,1.699696155065142023e+01
3.492999999999999883e+00,1.692841567907365530e+01
3.494000000000000217e+00,1.697163460776113553e+01
3.495000000000000107e+00,1.702146449274643913e+01
3.495999999999999996e+00,1.697856230821539825e+01
3.496999999999999886e+00,1.693461742281010629e+01
3.498000000000000220e+00,1.692281603306175697e+01
3.499000000000000110e+00,1.686597529477674584e+01
3.500000000000000000e+00,1.689585340360434174e+01
3.500999999999999890e+00,1.698021724456281589e+01
3.501999999999999780e+00,1.692618120833701667e+01
3.503000000000000114e+00,1.692779152610479443e+01
3.504000000000000004e+00,1.695222821668375701e+01
3.504999999999999893e+00,1.689362444035089794e+01
3.505999999999999783e+00,1.690418236659746398e+01
3.507000000000000117e+00,1.693727834609967431e+01
3.508000000000000007e+00,1.698144785390087463e+01
3.508999999999999897e+00,1.694290363025845636e+01
3.509999999999999787e+00,1.690361448742364914e+01
3.511000000000000121e+00,1.694574372821384500e+01
3.512000000000000011e+00,1.695996243889294419e+01
3.512999999999999901e+00,1.693040028542327136e+01
3.513999999999999790e+00,1.689913694356706486e+01
3.515000000000000124e+00,1.694417623051144162e+01
3.516000000000000014e+00,1.692348959632846572e+01
3.516999999999999904e+00,1.687974462233720985e+01
3.517999999999999794e+00,1.693123532476539950e+01
3.519000000000000128e+00,1.690290924201034528e+01
3.520000000000000018e+00,1.696392595579883178e+01
3.520999999999999908e+00,1.690866182936323980e+01
3.521999999999999797e+00,1.694525697994229674e+01
3.523000000000000131e+00,1.693952894233923345e+01
3.524000000000000021e+00,1.693896097714450022e+01
3.524999999999999911e+00,1.692296232555019841e+01
3.525999999999999801e+00,1.693229452278945857e+01
3.527000000000000135e+00,1.683465349026201352e+01
3.528000000000000025e+00,1.684985321643890543e+01
3.528999999999999915e+00,1.690969529528298665e+01
3.529999999999999805e+00,1.686271535601262173e+01
3.531000000000000139e+00,1.691141337202984118e+01
3.532000000000000028e+00,1.689555069431248313e+01
3.532999999999999918e+00,1.684409941370302732e+01
3.533999999999999808e+00,1.689921397976441497e+01
3.535000000000000142e+00,1.691474583319652325e+01
3.536000000000000032e+00,1.685700921667469387e+01
3.536999999999999922e+00,1.693027793519300417e+01
3.537999999999999812e+00,1.690406772673495084e+01
3.539000000000000146e+00,1.681233437563856015e+01
3.540000000000000036e+00,1.684915835398358297e+01
3.540999999999999925e+00,1.696195797633858504e+01
3.541999999999999815e+00,1.693592260791254489e+01
3.543000000000000149e+00,1.692360922992495986e+01
3.544000000000000039e+00,1.697103279225530414e+01
3.544999999999999929e+00,1.692707918527542077e+01
3.545999999999999819e+00,1.690677635623822539e+01
3.547000000000000153e+00,1.685360623684989534e+01
3.548000000000000043e+00,1.689603474548229656e+01
3.548999999999999932e+00,1.689036145381610865e+01
3.549999999999999822e+00,1.693897851811180288e+01
3.551000000000000156e+00,1.700078688779132463e+01
3.552000000000000046e+00,1.697152892556786341e+01
3.552999999999999936e+00,1.693080342280275019e+01
3.553999999999999826e+00,1.688868856265012397e+01
3.555000000000000160e+00,1.697169536332694761e+01
3.556000000000000050e+00,1.691354468103277853e+01
3.556999999999999940e+00,1.691460057662015615e+01
3.557999999999999829e+00,1.683281827740956160e+01
3.559000000000000163e+00,1.686451454086854795e+01
3.560000000000000053e+00,1.687925558908982993e+01
3.560999999999999943e+00,1.684611100936959005e+01
3.561999999999999833e+00,1.688311961619669077e+01
3.563000000000000167e+00,1.694128466340835715e+01
3.564000000000000057e+00,1.692749630979490050e+01
3.564999999999999947e+00,1.687879179330086998e+01
3.565999999999999837e+00,1.689152552398422813e+01
3.567000000000000171e+00,1.694222065044195347e+01
3.568000000000000060e+00,1.693399571498045475e+01
3.568999999999999950e+00,1.694646364832482632e+01
3.569999999999999840e+00,1.689888144335394671e+01
3.571000000000000174e+00,1.688959903946805241e+01
3.572000000000000064e+00,1.693429379789535716e+01
3.572999999999999954e+00,1.689437336767691278e+01
3.573999999999999844e+00,1.692907377613445519e+01
3.575000000000000178e+00,1.685935897911327430e+01
3.576000000000000068e+00,1.691012823928027942e+01
3.576999999999999957e+00,1.691621318182903622e+01
3.577999999999999847e+00,1.694863630226089413e+01
3.579000000000000181e+00,1.696696982144747423e+01
3.580000000000000071e+00,1.695251611766242306e+01
3.580999999999999961e+00,1.692907454804346656e+01
3.581999999999999851e+00,1.693372711973617584e+01
3.583000000000000185e+00,1.690395053657239188e+01
3.584000000000000075e+00,1.691720810749337645e+01
3.584999999999999964e+00,1.697292428283337173e+01
3.585999999999999854e+00,1.691027225179367122e+01
3.587000000000000188e+00,1.696064787553056163e+01
3.588000000000000078e+00,1.692785370039429793e+01
3.588999999999999968e+00,1.692595194895893940e+01
3.589999999999999858e+00,1.690366919080648600e+01
3.591000000000000192e+00,1.691968790106363585e+01
3.592000000000000082e+00,1.686758665092003540e+01
3.592999999999999972e+00,1.684823632282764194e+01
3.593999999999999861e+00,1.692020760613996089e+01
3.595000000000000195e+00,1.698261936889340973e+01
3.596000000000000085e+00,1.696687431541056412e+01
3.596999999999999975e+00,1.691676202331766277e+01
3.597999999999999865e+00,1.696163227198675827e+01
3.599000000000000199e+00,1.693127813212577237e+01
3.600000000000000089e+00,1.690198812234904935e+01
3.600999999999999979e+00,1.695173642098598066e+01
3.601999999999999869e+00,1.697296760501088997e+01
3.603000000000000203e+00,1.694165039096318282e+01
3.604000000000000092e+00,1.695778928023137411e+01
3.604999999999999982e+00,1.695861464772722726e+01
3.605999999999999872e+00,1.697040881678762858e+01
3.607000000000000206e+00,1.699643475504473855e+01
3.608000000000000096e+00,1.698920660159791041e+01
3.608999999999999986e+00,1.704001935691708880e+01
3.609999999999999876e+00,1.703998596997806558e+01
3.611000000000000210e+00,1.695769539499984191e+01
3.612000000000000099e+00,1.691978178281150846e+01
3.612999999999999989e+00,1.691516205820012075e+01
3.613999999999999879e+00,1.697845537566091778e+01
3.615000000000000213e+00,1.691165608847136781e+01
3.616000000000000103e+00,1.697990613785513503e+01
3.616999999999999993e+00,1.688541771998454522e+01
3.617999999999999883e+00,1.694792018355816410e+01
3.619000000000000217e+00,1.692554434385845141e+01
3.620000000000000107e+00,1.699358669513871689e+01
3.620999999999999996e+00,1.697077161206978246e+01
3.621999999999999886e+00,1.696678103110853897e+01
3.623000000000000220e+00,1.703829470934256918e+01
3.624000000000000110e+00,1.704474079931098984e+01
3.625000000000000000e+00,1.697610597169144242e+01
3.625999999999999890e+00,1.699690262098348370e+01
3.626999999999999780e+00,1.699061760706310054e+01
3.628000000000000114e+00,1.699674422063542067e+01
3.629000000000000004e+00,1.699749276715435897e+01
3.629999999999999893e+00,1.691002899619112299e+01
3.630999999999999783e+00,1.690604947750723497e+01
3.632000000000000117e+00,1.697653476363920078e+01
3.633000000000000007e+00,1.697039165891024126e+01
3.633999999999999897e+00,1.693801644204685175e+01
3.634999999999999787e+00,1.693287090994500232e+01
3.636000000000000121e+00,1.693854501481482799e+01
3.637000000000000011e+00,1.686656441878246682e+01
3.637999999999999901e+00,1.694412412174866134e+01
3.638999999999999790e+00,1.693937954449616612e+01
3.640000000000000124e+00,1.694907916345424326e+01
3.641000000000000014e+00,1.698385476825910700e+01
3.641999999999999904e+00,1.692121399064638254e+01
3.642999999999999794e+00,1.695936778424164260e+01
3.644000000000000128e+00,1.698431828510560138e+01
3.645000000000000018e+00,1.702894937242756157e+01
3.645999999999999908e+00,1.700931255757213378e+01
3.646999999999999797e+00,1.700828141997170206e+01
3.648000000000000131e+00,1.697512956911807791e+01
3.649000000000000021e+00,1.701996572036470212e+01
3.649999999999999911e+00,1.703828818818141144e+01
3.650999999999999801e+00,1.699178745582688066e+01
3.652000000000000135e+00,1.709431028080511084e+01
3.653000000000000025e+00,1.694925496862148506e+01
3.653999999999999915e+00,1.696866593171579041e+01
3.654999999999999805e+00,1.701789186184268132e+01
3.656000000000000139e+00,1.692941101195447473e+01
3.657000000000000028e+00,1.696303346544978297e+01
3.657999999999999918e+00,1.704718762213297722e+01
3.658999999999999808e+00,1.702320054607630695e+01
3.660000000000000142e+00,1.696858388024109487e+01
3.661000000000000032e+00,1.694591130419600944e+01
3.661999999999999922e+00,1.697952057329779763e+01
3.662999999999999812e+00,1.696956893347067563e+01
3.664000000000000146e+00,1.707426720014857935e+01
3.665000000000000036e+00,1.707493654534727412e+01
3.665999999999999925e+00,1.704182315532258585e+01
3.666999999999999815e+00,1.697723882960229247e+01
3.668000000000000149e+00,1.704528735255041383e+01
3.669000000000000039e+00,1.709493174731075982e+01
3.669999999999999929e+00,1.702030704335412992e+01
3.670999999999999819e+00,1.702712753604609830e+01
3.672000000000000153e+00,1.699781238750667356e+01
3.673000000000000043e+00,1.708798482324716517e+01
3.673999999999999932e+00,1.707578537797504836e+01
3.674999999999999822e+00,1.704586932574778757e+01
3.676000000000000156e+00,1.702986329509575114e+01
3.677000000000000046e+00,1.701128991207912122e+01
3.677999999999999936e+00,1.700610971207005662e+01
3.678999999999999826e+00,1.698929800098387943e+01
3.680000000000000160e+00,1.708098665250266990e+01
3.681000000000000050e+00,1.697070657262784010e+01
3.681999999999999940e+00,1.699408312650024300e+01
3.682999999999999829e+00,1.699715508461150293e+01
3.684000000000000163e+00,1.700346687702652915e+01
3.685000000000000053e+00,1.713224136040168233e+01
3.685999999999999943e+00,1.706119770711645245e+01
3.686999999999999833e+00,1.706402514487876232e+01
3.688000000000000167e+00,1.703817314440293273e+01
3.689000000000000057e+00,1.700914292522611859e+01
3.689999999999999947e+00,1.699223085270861944e+01
3.690999999999999837e+00,1.704852612148588165e+01
3.692000000000000171e+00,1.705180990142939379e+01
3.693000000000000060e+00,1.700464708020140137e+01
3.693999999999999950e+00,1.699045459341505193e+01
3.694999999999999840e+00,1.701270453243303038e+01
3.696000000000000174e+00,1.697801782808315707e+01
3.697000000000000064e+00,1.694230982335903946e+01
3.697999999999999954e+00,1.701691242555791206e+01
3.698999999999999844e+00,1.698606617969269550e+01
3.700000000000000178e+00,1.700935009714070389e+01
3.701000000000000068e+00,1.697885629682581055e+01
3.701999999999999957e+00,1.704189111144347635e+01
3.702999999999999847e+00,1.709691113006664409e+01
3.704000000000000181e+00,1.702935217822691882e+01
3.705000000000000071e+00,1.698326938395951657e+01
3.705999999999999961e+00,1.706539664112489163e+01
3.706999999999999851e+00,1.703640556765438063e+01
3.708000000000000185e+00,1.699391940697156755e+01
3.709000000000000075e+00,1.698582115210742316e+01
3.709999999999999964e+00,1.696849933373609076e+01
3.710999999999999854e+00,1.701505964241527025e+01
3.712000000000000188e+00,1.705118595573987506e+01
3.713000000000000078e+00,1.708315249827053606e+01
3.713999999999999968e+00,1.699711294675723749e+01
3.714999999999999858e+00,1.707594000062211137e+01
3.716000000000000192e+00,1.705964824872633301e+01
3.717000000000000082e+00,1.698692456847919274e+01
3.717999999999999972e+00,1.706738090883643721e+01
3.718999999999999861e+00,1.703257055247348006e+01
3.720000000000000195e+00,1.707755074720854438e+01
3.721000000000000085e+00,1.705821666033040884e+01
3.721999999999999975e+00,1.701670263663297433e+01
3.722999999999999865e+00,1.705422106640479996e+01
3.724000000000000199e+00,1.707423119660919042e+01
3.725000000000000089e+00,1.700687571050305635e+01
3.725999999999999979e+00,1.709454093474478498e+01
3.726999999999999869e+00,1.702607326255500908e+01
3.728000000000000203e+00,1.704855775114097582e+01
3.729000000000000092e+00,1.703393510219265394e+01
3.729999999999999982e+00,1.699082632589815489e+01
3.730999999999999872e+00,1.698274192378192282e+01
3.732000000000000206e+00,1.701536432807917976e+01
3.733000000000000096e+00,1.702121423672135236e+01
3.733999999999999986e+00,1.702027929254238359e+01
3.734999999999999876e+00,1.698893809776306796e+01
3.736000000000000210e+00,1.704736734838202494e+01
3.737000000000000099e+00,1.706944444463426080e+01
3.737999999999999989e+00,1.704234233919703456e+01
3.738999999999999879e+00,1.703779113405947498e+01
3.740000000000000213e+00,1.698712820947878299e+01
3.741000000000000103e+00,1.700118657710284964e+01
3.741999999999999993e+00,1.702505339066504675e+01
3.742999999999999883e+00,1.699118776492103322e+01
3.744000000000000217e+00,1.705926370491292587e+01
3.745000000000000107e+00,1.698080712815747262e+01
3.745999999999999996e+00,1.693419484035347011e+01
3.746999999999999886e+00,1.690604441404807545e+01
3.748000000000000220e+00,1.700838707991050214e+01
3.749000000000000110e+00,1.705256984896603001e+01
3.750000000000000000e+00,1.700022457758598904e+01
3.750999999999999890e+00,1.698198792369622012e+01
3.751999999999999780e+00,1.696371744506666346e+01
3.753000000000000114e+00,1.700777894728484796e+01
3.754000000000000004e+00,1.694249160038280877e+01
3.754999999999999893e+00,1.700151286897445857e+01
3.755999999999999783e+00,1.695576191100286678e+01
3.757000000000000117e+00,1.693701979854998285e+01
3.758000000000000007e+00,1.691616173907415188e+01
3.758999999999999897e+00,1.698911748584140113e+01
3.759999999999999787e+00,1.694888834614877027e+01
3.761000000000000121e+00,1.691771658809175705e+01
3.762000000000000011e+00,1.699063456309467668e+01
3.762999999999999901e+00,1.695902596097721116e+01
3.763999999999999790e+00,1.701537601084475071e+01
3.765000000000000124e+00,1.697661398693000123e+01
3.766000000000000014e+00,1.698167861636092368e+01
3.766999999999999904e+00,1.697144022468425462e+01
3.767999999999999794e+00,1.693383190987523079e+01
3.769000000000000128e+00,1.698183639404046019e+01
3.770000000000000018e+00,1.699143365936177474e+01
3.770999999999999908e+00,1.697951055549918564e+01
3.771999999999999797e+00,1.696178494550980531e+01
3.773000000000000131e+00,1.697451717762315582e+01
3.774000000000000021e+00,1.694306016491766442e+01
3.774999999999999911e+00,1.689136798071194079e+01
3.775999999999999801e+00,1.692417060043735688e+01
3.777000000000000135e+00,1.694848260277570517e+01
3.778000000000000025e+00,1.697695262395956917e+01
3.778999999999999915e+00,1.694905972206125355e+01
3.779999999999999805e+00,1.694879872566538026e+01
3.781000000000000139e+00,1.695480644100612011e+01
3.782000000000000028e+00,1.696287265960339141e+01
3.782999999999999918e+00,1.694307672286903355e+01
3.783999999999999808e+00,1.696089026619883100e+01
3.785000000000000142e+00,1.691876716441431938e+01
3.786000000000000032e+00,1.700153063306151324e+01
3.786999999999999922e+00,1.699469807426629586e+01
3.787999999999999812e+00,1.697689893374659320e+01
3.789000000000000146e+00,1.698421008302298318e+01
3.790000000000000036e+00,1.695559108245589641e+01
3.790999999999999925e+00,1.699480791493058618e+01
3.791999999999999815e+00,1.695208660470100526e+01
3.793000000000000149e+00,1.695178807985256952e+01
3.794000000000000039e+00,1.702307713196675820e+01
3.794999999999999929e+00,1.694024828955748774e+01
3.795999999999999819e+00,1.696956611024485895e+01
3.797000000000000153e+00,1.696581449001189057e+01
3.798000000000000043e+00,1.696937691247022428e+01
3.798999999999999932e+00,1.695176964228336658e+01
3.799999999999999822e+00,1.695950118850085531e+01
3.801000000000000156e+00,1.693059425569273913e+01
3.802000000000000046e+00,1.699889487406412059e+01
3.802999999999999936e+00,1.699979132039943863e+01
3.803999999999999826e+00,1.701173257262336946e+01
3.805000000000000160e+00,1.695325177518968474e+01
3.806000000000000050e+00,1.693584697243845483e+01
3.806999999999999940e+00,1.690405390181284062e+01
3.807999999999999829e+00,1.692291467404330518e+01
3.809000000000000163e+00,1.693224798433828227e+01
3.810000000000000053e+00,1.695458917560319634e+01
3.810999999999999943e+00,1.703813296881651240e+01
3.811999999999999833e+00,1.696089383820320506e+01
3.813000000000000167e+00,1.693828017785559936e+01
3.814000000000000057e+00,1.690694907070567510e+01
3.814999999999999947e+00,1.688978993883924318e+01
3.815999999999999837e+00,1.691496529759356804e+01
3.817000000000000171e+00,1.689933153800156163e+01
3.818000000000000060e+00,1.693905121233497368e+01
3.818999999999999950e+00,1.690616729102261573e+01
3.819999999999999840e+00,1.697152536986516580e+01
3.821000000000000174e+00,1.690610940161699460e+01
3.822000000000000064e+00,1.699701605377976321e+01
3.822999999999999954e+00,1.695410411898821934e+01
3.823999999999999844e+00,1.695339538752775965e+01
3.825000000000000178e+00,1.697544593314164985e+01
3.826000000000000068e+00,1.697882947073007998e+01
3.826999999999999957e+00,1.697250433335301167e+01
3.827999999999999847e+00,1.697506399045407832e+01
3.829000000000000181e+00,1.702015338101325526e+01
3.830000000000000071e+00,1.698265876770902238e+01
3.830999999999999961e+00,1.698891948899665749e+01
3.831999999999999851e+00,1.695056359298309800e+01
3.833000000000000185e+00,1.690372944925719523e+01
3.834000000000000075e+00,1.697978623884936056e+01
3.834999999999999964e+00,1.694636060744953099e+01
3.835999999999999854e+00,1.694435243995418006e+01
3.837000000000000188e+00,1.690856755943189071e+01
3.838000000000000078e+00,1.702420351096795059e+01
3.838999999999999968e+00,1.697880316964884884e+01
3.839999999999999858e+00,1.693696378729159591e+01
3.841000000000000192e+00,1.692021461481815336e+01
3.842000000000000082e+00,1.688770844541023308e+01
3.842999999999999972e+00,1.688014562463338564e+01
3.843999999999999861e+00,1.692681299769161285e+01
3.845000000000000195e+00,1.700573768032393218e+01
3.846000000000000085e+00,1.700743626569174793e+01
3.846999999999999975e+00,1.695302443096299783e+01
3.847999999999999865e+00,1.692704555793598331e+01
3.849000000000000199e+00,1.694071421513199383e+01
3.850000000000000089e+00,1.694440270701237239e+01
3.850999999999999979e+00,1.691785350492607876e+01
3.851999999999999869e+00,1.693840518968531228e+01
3.853000000000000203e+00,1.694535891428113317e+01
3.854000000000000092e+00,1.692617341530081632e+01
3.854999999999999982e+00,1.695462032717405521e+01
3.855999999999999872e+00,1.693038164413593094e+01
3.857000000000000206e+00,1.699089328622276440e+01
3.858000000000000096e+00,1.697561168862139880e+01
3.858999999999999986e+00,1.699516800201785927e+01
3.859999999999999876e+00,1.697797645117483256e+01
3.861000000000000210e+00,1.701947019702049246e+01
3.862000000000000099e+00,1.703992464103561844e+01
3.862999999999999989e+00,1.696376746067630847e+01
3.863999999999999879e+00,1.698587603139253233e+01
3.865000000000000213e+00,1.695967251361956940e+01
3.866000000000000103e+00,1.698644473673143551e+01
3.866999999999999993e+00,1.687715426234046845e+01
3.867999999999999883e+00,1.689296017869146027e+01
3.869000000000000217e+00,1.691001363588388529e+01
3.870000000000000107e+00,1.696218354253501914e+01
3.870999999999999996e+00,1.696105672035380962e+01
3.871999999999999886e+00,1.695265849291448390e+01
3.873000000000000220e+00,1.690341953489257421e+01
3.874000000000000110e+00,1.697793609551567329e+01
3.875000000000000000e+00,1.695069777197430483e+01
3.875999999999999890e+00,1.696613736418894192e+01
3.876999999999999780e+00,1.691845585391391893e+01
3.878000000000000114e+00,1.698071922645565479e+01
3.879000000000000004e+00,1.700237878756313847e+01
3.879999999999999893e+00,1.692586603574991955e+01
3.880999999999999783e+00,1.695715590479456480e+01
3.882000000000000117e+00,1.692226563825580143e+01
3.883000000000000007e+00,1.699186443638656741e+01
3.883999999999999897e+00,1.696335904601862410e+01
3.884999999999999787e+00,1.695668655102715050e+01
3.886000000000000121e+00,1.697237828971579177e+01
3.887000000000000011e+00,1.699521309231019828e+01
3.887999999999999901e+00,1.692347532232223628e+01
3.888999999999999790e+00,1.690633677280002445e+01
3.890000000000000124e+00,1.692345517479695616e+01
3.891000000000000014e+00,1.696195144313753644e+01
3.891999999999999904e+00,1.695313862385527059e+01
3.892999999999999794e+00,1.692028721530258650e+01
3.894000000000000128e+00,1.698629499857518965e+01
3.895000000000000018e+00,1.697921242949383824e+01
3.895999999999999908e+00,1.699125617617146133e+01
3.896999999999999797e+00,1.696364292800825879e+01
3.898000000000000131e+00,1.696932740349546265e+01
3.899000000000000021e+00,1.686755125417609946e+01
3.899999999999999911e+00,1.693265716964349821e+01
3.900999999999999801e+00,1.694636886842811307e+01
3.902000000000000135e+00,1.690292217793129836e+01
3.903000000000000025e+00,1.686026297068001512e+01
3.903999999999999915e+00,1.693271892983558047e+01
3.904999999999999805e+00,1.690839477307807570e+01
3.906000000000000139e+00,1.691889993950039539e+01
3.907000000000000028e+00,1.695445410443230116e+01
3.907999999999999918e+00,1.683922389393502783e+01
3.908999999999999808e+00,1.691585552448484719e+01
3.910000000000000142e+00,1.692216442115907071e+01
3.911000000000000032e+00,1.690713939025980395e+01
3.911999999999999922e+00,1.696132304852586969e+01
3.912999999999999812e+00,1.690803758527881229e+01
3.914000000000000146e+00,1.692272008811136175e+01
3.915000000000000036e+00,1.687473796069448184e+01
3.915999999999999925e+00,1.689584552374078896e+01
3.916999999999999815e+00,1.688906421673913982e+01
3.918000000000000149e+00,1.686706251327558093e+01
3.919000000000000039e+00,1.684496557866330946e+01
3.919999999999999929e+00,1.694149872701954251e+01
3.920999999999999819e+00,1.691146018722808719e+01
3.922000000000000153e+00,1.692114145649882673e+01
3.923000000000000043e+00,1.691787498196752892e+01
3.923999999999999932e+00,1.686712786578127776e+01
3.924999999999999822e+00,1.696273258236793424e+01
3.926000000000000156e+00,1.690331326436174209e+01
3.927000000000000046e+00,1.686889359861747906e+01
3.927999999999999936e+00,1.695110188132731110e+01
3.928999999999999826e+00,1.688178467043773168e+01
3.930000000000000160e+00,1.695401376200011967e+01
3.931000000000000050e+00,1.694230391356325072e+01
3.931999999999999940e+00,1.691983735776337738e+01
3.932999999999999829e+00,1.688507106926577706e+01
3.934000000000000163e+00,1.693096980050468048e+01
3.935000000000000053e+00,1.691058945509850986e+01
3.935999999999999943e+00,1.690518439833251207e+01
3.936999999999999833e+00,1.682673911287529478e+01
3.938000000000000167e+00,1.694988801622143271e+01
3.939000000000000057e+00,1.688857386936870952e+01
3.939999999999999947e+00,1.685599059541366884e+01
3.940999999999999837e+00,1.696355426589119730e+01
3.942000000000000171e+00,1.685339195134747925e+01
3.943000000000000060e+00,1.696763480526404066e+01
3.943999999999999950e+00,1.694890128617507585e+01
3.944999999999999840e+00,1.697741192286153122e+01
3.946000000000000174e+00,1.689804439615098275e+01
3.947000000000000064e+00,1.693510156725956506e+01
3.947999999999999954e+00,1.696737014117808329e+01
3.948999999999999844e+00,1.699210587094755454e+01
3.950000000000000178e+00,1.697865310327416921e+01
3.951000000000000068e+00,1.691286929238072645e+01
3.951999999999999957e+00,1.692192013268334705e+01
3.952999999999999847e+00,1.689800260679596633e+01
3.954000000000000181e+00,1.685060546687439498e+01
3.955000000000000071e+00,1.696296639638016757e+01
3.955999999999999961e+00,1.693961990797506445e+01
3.956999999999999851e+00,1.689603831186240512e+01
3.958000000000000185e+00,1.695211908976030557e+01
3.959000000000000075e+00,1.692951409653543138e+01
3.959999999999999964e+00,1.694534451294155986e+01
3.960999999999999854e+00,1.689520958536592232e+01
3.962000000000000188e+00,1.693105516624906315e+01
3.963000000000000078e+00,1.690422276855752060e+01
3.963999999999999968e+00,1.696627872458579489e+01
3.964999999999999858e+00,1.694283613190368598e+01
3.966000000000000192e+00,1.692760530492656201e+01
3.967000000000000082e+00,1.693922291770211785e+01
3.967999999999999972e+00,1.693814070258438420e+01
3.968999999999999861e+00,1.694121607851921141e+01
3.970000000000000195e+00,1.693524260530260506e+01
3.971000000000000085e+00,1.687673529145262918e+01
3.971999999999999975e+00,1.695146360884357506e+01
3.972999999999999865e+00,1.697131767609907271e+01
3.974000000000000199e+00,1.697626618546281918e+01
3.975000000000000089e+00,1.693165637857499206e+01
3.975999999999999979e+00,1.693944854837619118e+01
3.976999999999999869e+00,1.692413912525287856e+01
3.978000000000000203e+00,1.694229579202124114e+01
3.979000000000000092e+00,1.690082378525339735e+01
3.979999999999999982e+00,1.689600817326282822e+01
3.980999999999999872e+00,1.692717349275033456e+01
3.982000000000000206e+00,1.701035041312489682e+01
3.983000000000000096e+00,1.694488233102889296e+01
3.983999999999999986e+00,1.691582005548681522e+01
3.984999999999999876e+00,1.695042997155870523e+01
3.986000000000000210e+00,1.690938548500389516e+01
3.987000000000000099e+00,1.692685555707800305e+01
3.987999999999999989e+00,1.691563412029992719e+01
3.988999999999999879e+00,1.688736802800016079e+01
3.990000000000000213e+00,1.688535305981832835e+01
3.991000000000000103e+00,1.693340298718872106e+01
3.991999999999999993e+00,1.685831272972410488e+01
3.992999999999999883e+00,1.692906132821688914e+01
3.994000000000000217e+00,1.687703343272367107e+01
3.995000000000000107e+00,1.685946225726708292e+01
3.995999999999999996e+00,1.684539423746918629e+01
3.996999999999999886e+00,1.682174243124882551e+01
3.998000000000000220e+00,1.689909797190451712e+01
3.999000000000000110e+00,1.685158396850626161e+01
4.000000000000000000e+00,1.687440212455959809e+01
4.001000000000000334e+00,1.689117184642494607e+01
4.001999999999999780e+00,1.687534520346442335e+01
4.003000000000000114e+00,1.687102637761698887e+01
4.003999999999999559e+00,1.693796229103024942e+01
4.004999999999999893e+00,1.690656653903242557e+01
4.006000000000000227e+00,1.683216293140493747e+01
4.006999999999999673e+00,1.691966792722869428e+01
4.008000000000000007e+00,1.689193963599549875e+01
4.009000000000000341e+00,1.693271263165260976e+01
4.009999999999999787e+00,1.692234111112148653e+01
4.011000000000000121e+00,1.687844425409172899e+01
4.011999999999999567e+00,1.692878449723005474e+01
4.012999999999999901e+00,1.692528410032093333e+01
4.014000000000000234e+00,1.686503619981399638e+01
4.014999999999999680e+00,1.689720358108905884e+01
4.016000000000000014e+00,1.690562902392794342e+01
4.017000000000000348e+00,1.688634871407473526e+01
4.017999999999999794e+00,1.687177508617497779e+01
4.019000000000000128e+00,1.690300467126254347e+01
4.019999999999999574e+00,1.694612295703471361e+01
4.020999999999999908e+00,1.686882326470982818e+01
4.022000000000000242e+00,1.693560365712671967e+01
4.022999999999999687e+00,1.686567632920387894e+01
4.024000000000000021e+00,1.689260087593376625e+01
4.025000000000000355e+00,1.691389387723912208e+01
4.025999999999999801e+00,1.686770985407716239e+01
4.027000000000000135e+00,1.690965936608975184e+01
4.027999999999999581e+00,1.695563672835122304e+01
4.028999999999999915e+00,1.697563077856371194e+01
4.030000000000000249e+00,1.687327076807272874e+01
4.030999999999999694e+00,1.689396864004904586e+01
4.032000000000000028e+00,1.693961194958675165e+01
4.033000000000000362e+00,1.688296225511334114e+01
4.033999999999999808e+00,1.692747672363325151e+01
4.035000000000000142e+00,1.690318624693339800e+01
4.035999999999999588e+00,1.688885554213258189e+01
4.036999999999999922e+00,1.689169547312778263e+01
4.038000000000000256e+00,1.684203670108477979e+01
4.038999999999999702e+00,1.693642777740341288e+01
4.040000000000000036e+00,1.690846294917601611e+01
4.041000000000000369e+00,1.684141217692175729e+01
4.041999999999999815e+00,1.688263998733131288e+01
4.043000000000000149e+00,1.693577099180808077e+01
4.043999999999999595e+00,1.696173944435884806e+01
4.044999999999999929e+00,1.686865657264290519e+01
4.046000000000000263e+00,1.684518798686351815e+01
4.046999999999999709e+00,1.692589024958165211e+01
4.048000000000000043e+00,1.685785975994260610e+01
4.049000000000000377e+00,1.691685249512227784e+01
4.049999999999999822e+00,1.695999841216475446e+01
4.051000000000000156e+00,1.690224836879845327e+01
4.051999999999999602e+00,1.692043909245846933e+01
4.052999999999999936e+00,1.690346125412360578e+01
4.054000000000000270e+00,1.695774350119511453e+01
4.054999999999999716e+00,1.700575344132587929e+01
4.056000000000000050e+00,1.692905590754377698e+01
4.057000000000000384e+00,1.694356337015142344e+01
4.057999999999999829e+00,1.691610669428176550e+01
4.059000000000000163e+00,1.689546968207063316e+01
4.059999999999999609e+00,1.693920556115252651e+01
4.060999999999999943e+00,1.684379676423532857e+01
4.062000000000000277e+00,1.693135670612277721e+01
4.062999999999999723e+00,1.694078194607345367e+01
4.064000000000000057e+00,1.696271700881793265e+01
4.065000000000000391e+00,1.689305221283344949e+01
4.065999999999999837e+00,1.685832489418163860e+01
4.067000000000000171e+00,1.694664290664430339e+01
4.067999999999999616e+00,1.688399082817922192e+01
4.068999999999999950e+00,1.693934952552211115e+01
4.070000000000000284e+00,1.695429241929734587e+01
4.070999999999999730e+00,1.689154396763802524e+01
4.072000000000000064e+00,1.690751854307088564e+01
4.073000000000000398e+00,1.694290264758678077e+01
4.073999999999999844e+00,1.692952797395992448e+01
4.075000000000000178e+00,1.690989415902458148e+01
4.075999999999999623e+00,1.691922234178116469e+01
4.076999999999999957e+00,1.683389503410588262e+01
4.078000000000000291e+00,1.687020914617750478e+01
4.078999999999999737e+00,1.697840221200990740e+01
4.080000000000000071e+00,1.695102576729372856e+01
4.081000000000000405e+00,1.694339222260582289e+01
4.081999999999999851e+00,1.697832576081469114e+01
4.083000000000000185e+00,1.701297773756674658e+01
4.083999999999999631e+00,1.698459462642106388e+01
4.084999999999999964e+00,1.696786930810389649e+01
4.086000000000000298e+00,1.698014302818565824e+01
4.086999999999999744e+00,1.691221207506659141e+01
4.088000000000000078e+00,1.698090807796469548e+01
4.089000000000000412e+00,1.690780766751217001e+01
4.089999999999999858e+00,1.700525909788855117e+01
4.091000000000000192e+00,1.706010166705056719e+01
4.091999999999999638e+00,1.688026794680621379e+01
4.092999999999999972e+00,1.697033900511442894e+01
4.094000000000000306e+00,1.688580342536388201e+01
4.094999999999999751e+00,1.696320640127433421e+01
4.096000000000000085e+00,1.691986717582141608e+01
4.097000000000000419e+00,1.686419205275097610e+01
4.097999999999999865e+00,1.687398796027139980e+01
4.099000000000000199e+00,1.692879274118928734e+01
4.099999999999999645e+00,1.685138201110051170e+01
4.100999999999999979e+00,1.695817251121113856e+01
4.102000000000000313e+00,1.692289115881956008e+01
4.102999999999999758e+00,1.693711423680418093e+01
4.104000000000000092e+00,1.692743705988651470e+01
4.105000000000000426e+00,1.702983305724619001e+01
4.105999999999999872e+00,1.700625905915759972e+01
4.107000000000000206e+00,1.693396343695603079e+01
4.107999999999999652e+00,1.693230410210150438e+01
4.108999999999999986e+00,1.691996721608252940e+01
4.110000000000000320e+00,1.691126865630867826e+01
4.110999999999999766e+00,1.693967523854241364e+01
4.112000000000000099e+00,1.690456650502822100e+01
4.113000000000000433e+00,1.690290900864032153e+01
4.113999999999999879e+00,1.688795417274928923e+01
4.115000000000000213e+00,1.687511418103956018e+01
4.115999999999999659e+00,1.688743604349632932e+01
4.116999999999999993e+00,1.684730741464960957e+01
4.118000000000000327e+00,1.684707862548960122e+01
4.118999999999999773e+00,1.684099134616050009e+01
4.120000000000000107e+00,1.692253988331634673e+01
4.121000000000000441e+00,1.692558216146466421e+01
4.121999999999999886e+00,1.691200598741680139e+01
4.123000000000000220e+00,1.689342091705392335e+01
4.123999999999999666e+00,1.695047580208015958e+01
4.125000000000000000e+00,1.691430480173111661e+01
4.126000000000000334e+00,1.689153833221465106e+01
4.126999999999999780e+00,1.691845704172449416e+01
4.128000000000000114e+00,1.694269326504894124e+01
4.128999999999999559e+00,1.691417270925763461e+01
4.129999999999999893e+00,1.689141415791467793e+01
4.131000000000000227e+00,1.689050313504389678e+01
4.131999999999999673e+00,1.696477228981029839e+01
4.133000000000000007e+00,1.689499072340850816e+01
4.134000000000000341e+00,1.686679378311803390e+01
4.134999999999999787e+00,1.695248984076209808e+01
4.136000000000000121e+00,1.687319185070176530e+01
4.136999999999999567e+00,1.694288455453129316e+01
4.137999999999999901e+00,1.693442930901277066e+01
4.139000000000000234e+00,1.688446356128451953e+01
4.139999999999999680e+00,1.689336601991374209e+01
4.141000000000000014e+00,1.690065724397320679e+01
4.142000000000000348e+00,1.692784163607402448e+01
4.142999999999999794e+00,1.685683450765004565e+01
4.144000000000000128e+00,1.689478302121484532e+01
4.144999999999999574e+00,1.685385323114767786e+01
4.145999999999999908e+00,1.687813088540144335e+01
4.147000000000000242e+00,1.691363589986226756e+01
4.147999999999999687e+00,1.692989192622020411e+01
4.149000000000000021e+00,1.694858462610454097e+01
4.150000000000000355e+00,1.693134669130064296e+01
4.150999999999999801e+00,1.692852013988245119e+01
4.152000000000000135e+00,1.690765007644452211e+01
4.152999999999999581e+00,1.693615906199163845e+01
4.153999999999999915e+00,1.688972404679761752e+01
4.155000000000000249e+00,1.681951501564899232e+01
4.155999999999999694e+00,1.692232644874948022e+01
4.157000000000000028e+00,1.690525519791382436e+01
4.158000000000000362e+00,1.697068236920984674e+01
4.158999999999999808e+00,1.692393104749766053e+01
4.160000000000000142e+00,1.690028664711249107e+01
4.160999999999999588e+00,1.694271577367637249e+01
4.161999999999999922e+00,1.692915012566730937e+01
4.163000000000000256e+00,1.691504053779303263e+01
4.163999999999999702e+00,1.699727283998224436e+01
4.165000000000000036e+00,1.694991734108467796e+01
4.166000000000000369e+00,1.694327622321851834e+01
4.166999999999999815e+00,1.701841289966475301e+01
4.168000000000000149e+00,1.686604845363789806e+01
4.168999999999999595e+00,1.690650918610899467e+01
4.169999999999999929e+00,1.693049118800911046e+01
4.171000000000000263e+00,1.687868500649328141e+01
4.171999999999999709e+00,1.698771687231131011e+01
4.173000000000000043e+00,1.694257740940744839e+01
4.174000000000000377e+00,1.694917233930866729e+01
4.174999999999999822e+00,1.689281475996554960e+01
4.176000000000000156e+00,1.689496244082544507e+01
4.176999999999999602e+00,1.690217429167822871e+01
4.177999999999999936e+00,1.692707972051773879e+01
4.179000000000000270e+00,1.693742819632405983e+01
4.179999999999999716e+00,1.693809548061907932e+01
4.181000000000000050e+00,1.695979782599134467e+01
4.182000000000000384e+00,1.698094881650597543e+01
4.182999999999999829e+00,1.692550475177874247e+01
4.184000000000000163e+00,1.692638512291208741e+01
4.184999999999999609e+00,1.691922502399578931e+01
4.185999999999999943e+00,1.699246327655416877e+01
4.187000000000000277e+00,1.692389214198293956e+01
4.187999999999999723e+00,1.703589061877102040e+01
4.189000000000000057e+00,1.698551119730084125e+01
4.190000000000000391e+00,1.693445821448566946e+01
4.190999999999999837e+00,1.691929137624724433e+01
4.192000000000000171e+00,1.696916356562885397e+01
4.192999999999999616e+00,1.687988111039894079e+01
4.193999999999999950e+00,1.695207689460988831e+01
4.195000000000000284e+00,1.695383028441218798e+01
4.195999999999999730e+00,1.693737628951780394e+01
4.197000000000000064e+00,1.690326944609768134e+01
4.198000000000000398e+00,1.696042573815136478e+01
4.198999999999999844e+00,1.693602914840780826e+01
4.200000000000000178e+00,1.693961589403070889e+01
4.200999999999999623e+00,1.693963210255793683e+01
4.201999999999999957e+00,1.692403987123756792e+01
4.203000000000000291e+00,1.693590214335216260e+01
4.203999999999999737e+00,1.697011294386570412e+01
4.205000000000000071e+00,1.692779119453683734e+01
4.206000000000000405e+00,1.699980320830830749e+01
4.206999999999999851e+00,1.698731941203568496e+01
4.208000000000000185e+00,1.697292870297590994e+01
4.208999999999999631e+00,1.691407253546607947e+01
4.209999999999999964e+00,1.695323496700816790e+01
4.211000000000000298e+00,1.687790827411206607e+01
4.211999999999999744e+00,1.694513126466179287e+01
4.213000000000000078e+00,1.680515774711881249e+01
4.214000000000000412e+00,1.698166959915537433e+01
4.214999999999999858e+00,1.694957075508535738e+01
4.216000000000000192e+00,1.691937367147960813e+01
4.216999999999999638e+00,1.692391314023374349e+01
4.217999999999999972e+00,1.692678402547836569e+01
4.219000000000000306e+00,1.694079151679878237e+01
4.219999999999999751e+00,1.692194652110589104e+01
4.221000000000000085e+00,1.685099608237494095e+01
4.222000000000000419e+00,1.688891174905883119e+01
4.222999999999999865e+00,1.688058534191574722e+01
4.224000000000000199e+00,1.695022793928064431e+01
4.224999999999999645e+00,1.689138353895452838e+01
4.225999999999999979e+00,1.694244809795155504e+01
4.227000000000000313e+00,1.687180526125934676e+01
4.227999999999999758e+00,1.694540731501379582e+01
4.229000000000000092e+00,1.691924274436576425e+01
4.230000000000000426e+00,1.685626340074042062e+01
4.230999999999999872e+00,1.691555825657105672e+01
4.232000000000000206e+00,1.685781874474050213e+01
4.232999999999999652e+00,1.692479536128161399e+01
4.233999999999999986e+00,1.698975358020650006e+01
4.235000000000000320e+00,1.692032064845139416e+01
4.235999999999999766e+00,1.695422718718924315e+01
4.237000000000000099e+00,1.694241506845843048e+01
4.238000000000000433e+00,1.693053835938688323e+01
4.238999999999999879e+00,1.689045146500326311e+01
4.240000000000000213e+00,1.696610295700789450e+01
4.240999999999999659e+00,1.687928148909231396e+01
4.241999999999999993e+00,1.688204113652506422e+01
4.243000000000000327e+00,1.693044171462326375e+01
4.243999999999999773e+00,1.695772317618342129e+01
4.245000000000000107e+00,1.695359540951555388e+01
4.246000000000000441e+00,1.691192201923563943e+01
4.246999999999999886e+00,1.703016390727319873e+01
4.248000000000000220e+00,1.700302062654317936e+01
4.248999999999999666e+00,1.704761530113292167e+01
4.250000000000000000e+00,1.696656105552684579e+01
4.251000000000000334e+00,1.702208156574103270e+01
4.251999999999999780e+00,1.698408676514311466e+01
4.253000000000000114e+00,1.690820400513825206e+01
4.253999999999999559e+00,1.694305506783204507e+01
4.254999999999999893e+00,1.684821554652531717e+01
4.256000000000000227e+00,1.692175365154871258e+01
4.256999999999999673e+00,1.693437677643338901e+01
4.258000000000000007e+00,1.694657572582256222e+01
4.259000000000000341e+00,1.693852610224018918e+01
4.259999999999999787e+00,1.694045942919885306e+01
4.261000000000000121e+00,1.688475009202563371e+01
4.261999999999999567e+00,1.690833777619624101e+01
4.262999999999999901e+00,1.697185733481769176e+01
4.264000000000000234e+00,1.691232573533590866e+01
4.264999999999999680e+00,1.693251349639302816e+01
4.266000000000000014e+00,1.691640129930068781e+01
4.267000000000000348e+00,1.693505347975786890e+01
4.267999999999999794e+00,1.695000235878957540e+01
4.269000000000000128e+00,1.690303376157729076e+01
4.269999999999999574e+00,1.694310530316883501e+01
4.270999999999999908e+00,1.686712649564420374e+01
4.272000000000000242e+00,1.693831335790599013e+01
4.272999999999999687e+00,1.690958062006650664e+01
4.274000000000000021e+00,1.690340695940194848e+01
4.275000000000000355e+00,1.693315165440154857e+01
4.275999999999999801e+00,1.704675579910135852e+01
4.277000000000000135e+00,1.700047488500810644e+01
4.277999999999999581e+00,1.697390827258456270e+01
4.278999999999999915e+00,1.695326011759681606e+01
4.280000000000000249e+00,1.688690944097713498e+01
4.280999999999999694e+00,1.690259442528710920e+01
4.282000000000000028e+00,1.695102649024986619e+01
4.283000000000000362e+00,1.690734997527533068e+01
4.283999999999999808e+00,1.691781397094929673e+01
4.285000000000000142e+00,1.695136466748583359e+01
4.285999999999999588e+00,1.690939498739475866e+01
4.286999999999999922e+00,1.691389739872868603e+01
4.288000000000000256e+00,1.695235334013832329e+01
4.288999999999999702e+00,1.688862478431897785e+01
4.290000000000000036e+00,1.688450906743264213e+01
4.291000000000000369e+00,1.688800020889396336e+01
4.291999999999999815e+00,1.686332016121999544e+01
4.293000000000000149e+00,1.688002785294045438e+01
4.293999999999999595e+00,1.692872003841181439e+01
4.294999999999999929e+00,1.691006164626421082e+01
4.296000000000000263e+00,1.686978207668093788e+01
4.296999999999999709e+00,1.685412383708590411e+01
4.298000000000000043e+00,1.683321591398395611e+01
4.299000000000000377e+00,1.684161769787997898e+01
4.299999999999999822e+00,1.683606359826958254e+01
4.301000000000000156e+00,1.687200873297186376e+01
4.301999999999999602e+00,1.683933080938165716e+01
4.302999999999999936e+00,1.686761484449948512e+01
4.304000000000000270e+00,1.685851376217692277e+01
4.304999999999999716e+00,1.687321207964892267e+01
4.306000000000000050e+00,1.691213826568359835e+01
4.307000000000000384e+00,1.686781285571575850e+01
4.307999999999999829e+00,1.684306548428161676e+01
4.309000000000000163e+00,1.685760317820725973e+01
4.309999999999999609e+00,1.684912310304390815e+01
4.310999999999999943e+00,1.684435790852753456e+01
4.312000000000000277e+00,1.689827760706267767e+01
4.312999999999999723e+00,1.687133852908135978e+01
4.314000000000000057e+00,1.699143923744768614e+01
4.315000000000000391e+00,1.696887793344778927e+01
4.315999999999999837e+00,1.695335473778671087e+01
4.317000000000000171e+00,1.693063637911334496e+01
4.317999999999999616e+00,1.687620636846041222e+01
4.318999999999999950e+00,1.693612238905316403e+01
4.320000000000000284e+00,1.691770576945469884e+01
4.320999999999999730e+00,1.693605248552803388e+01
4.322000000000000064e+00,1.692248598401655002e+01
4.323000000000000398e+00,1.690802586215252035e+01
4.323999999999999844e+00,1.692363491371206763e+01
4.325000000000000178e+00,1.690431956081382836e+01
4.325999999999999623e+00,1.693902648905163488e+01
4.326999999999999957e+00,1.692206443435225438e+01
4.328000000000000291e+00,1.691379492813294760e+01
4.328999999999999737e+00,1.695021904144859448e+01
4.330000000000000071e+00,1.690929798624532054e+01
4.331000000000000405e+00,1.695599968345519670e+01
4.331999999999999851e+00,1.702682998355271948e+01
4.333000000000000185e+00,1.700292676171672213e+01
4.333999999999999631e+00,1.696522270948644007e+01
4.334999999999999964e+00,1.693159595581226640e+01
4.336000000000000298e+00,1.697145168985527874e+01
4.336999999999999744e+00,1.694691601196636910e+01
4.338000000000000078e+00,1.689330823637498469e+01
4.339000000000000412e+00,1.692410969294979495e+01
4.339999999999999858e+00,1.687635959877396274e+01
4.341000000000000192e+00,1.696310712922862152e+01
4.341999999999999638e+00,1.694154200271713151e+01
4.342999999999999972e+00,1.692675542495656771e+01
4.344000000000000306e+00,1.689053983213120702e+01
4.344999999999999751e+00,1.693289487091206880e+01
4.346000000000000085e+00,1.694467747668793578e+01
4.347000000000000419e+00,1.693208857854597937e+01
4.347999999999999865e+00,1.692902516235635346e+01
4.349000000000000199e+00,1.690754391159286740e+01
4.349999999999999645e+00,1.693497966059893400e+01
4.350999999999999979e+00,1.693087160031918259e+01
4.352000000000000313e+00,1.682230939096663747e+01
4.352999999999999758e+00,1.686663211300489706e+01
4.354000000000000092e+00,1.691746144911761718e+01
4.355000000000000426e+00,1.693486551331180223e+01
4.355999999999999872e+00,1.693550271876122437e+01
4.357000000000000206e+00,1.698430862797279417e+01
4.357999999999999652e+00,1.697391764471603537e+01
4.358999999999999986e+00,1.693989859914762519e+01
4.360000000000000320e+00,1.691718013341069593e+01
4.360999999999999766e+00,1.695167929717050370e+01
4.362000000000000099e+00,1.698078160424787342e+01
4.363000000000000433e+00,1.695623794850052946e+01
4.363999999999999879e+00,1.697027674925925567e+01
4.365000000000000213e+00,1.692404029862213477e+01
4.365999999999999659e+00,1.696946185486624969e+01
4.366999999999999993e+00,1.695967895630414901e+01
4.368000000000000327e+00,1.695095729524924266e+01
4.368999999999999773e+00,1.694402633079432263e+01
4.370000000000000107e+00,1.687635465237410060e+01
4.371000000000000441e+00,1.688137832641321978e+01
4.371999999999999886e+00,1.694581510012782388e+01
4.373000000000000220e+00,1.693180614334803025e+01
4.373999999999999666e+00,1.697153170267319666e+01
4.375000000000000000e+00,1.696435138185837133e+01
4.376000000000000334e+00,1.692932966944892215e+01
4.376999999999999780e+00,1.688613539538919284e+01
4.378000000000000114e+00,1.691720202174971632e+01
4.378999999999999559e+00,1.695454258705392192e+01
4.379999999999999893e+00,1.688462744524791148e+01
4.381000000000000227e+00,1.692363438965778499e+01
4.381999999999999673e+00,1.694408726062795267e+01
4.383000000000000007e+00,1.689266322907651130e+01
4.384000000000000341e+00,1.695747713806220602e+01
4.384999999999999787e+00,1.694747710475758140e+01
4.386000000000000121e+00,1.699498914566808594e+01
4.386999999999999567e+00,1.698682341813428920e+01
4.387999999999999901e+00,1.701541647432772209e+01
4.389000000000000234e+00,1.692987230975656843e+01
4.389999999999999680e+00,1.694800233391360322e+01
4.391000000000000014e+00,1.695594256116536513e+01
4.392000000000000348e+00,1.701624430104849495e+01
4.392999999999999794e+00,1.689315127076329048e+01
4.394000000000000128e+00,1.692608329017498647e+01
4.394999999999999574e+00,1.694216990267601730e+01
4.395999999999999908e+00,1.694820701717931044e+01
4.397000000000000242e+00,1.687275920520483652e+01
4.397999999999999687e+00,1.695234442807276665e+01
4.399000000000000021e+00,1.690482601548692898e+01
4.400000000000000355e+00,1.691176033824011071e+01
4.400999999999999801e+00,1.696028622514269557e+01
4.402000000000000135e+00,1.690850798919519704e+01
4.402999999999999581e+00,1.694571457645680113e+01
4.403999999999999915e+00,1.699839855841048220e+01
4.405000000000000249e+00,1.693936317026387428e+01
4.405999999999999694e+00,1.687090670201466480e+01
4.407000000000000028e+00,1.692135219391601453e+01
4.408000000000000362e+00,1.692100326528292698e+01
4.408999999999999808e+00,1.691479290947385294e+01
4.410000000000000142e+00,1.692322056708528777e+01
4.410999999999999588e+00,1.692259224518410576e+01
4.411999999999999922e+00,1.694291806569334824e+01
4.413000000000000256e+00,1.687474580000559143e+01
4.413999999999999702e+00,1.692414033913232174e+01
4.415000000000000036e+00,1.686338106852139163e+01
4.416000000000000369e+00,1.694398338021037986e+01
4.416999999999999815e+00,1.693725475919723067e+01
4.418000000000000149e+00,1.696208607893012044e+01
4.418999999999999595e+00,1.701172899647293235e+01
4.419999999999999929e+00,1.696346851563234637e+01
4.421000000000000263e+00,1.688944217662183434e+01
4.421999999999999709e+00,1.691739028534643907e+01
4.423000000000000043e+00,1.700759693711285792e+01
4.424000000000000377e+00,1.691234711867020835e+01
4.424999999999999822e+00,1.694368207169043217e+01
4.426000000000000156e+00,1.689185831747169075e+01
4.426999999999999602e+00,1.687038560527660636e+01
4.427999999999999936e+00,1.691348825268348577e+01
4.429000000000000270e+00,1.694973524663800646e+01
4.429999999999999716e+00,1.696074534967586445e+01
4.431000000000000050e+00,1.689034916725029944e+01
4.432000000000000384e+00,1.686374053671544004e+01
4.432999999999999829e+00,1.691795685676701311e+01
4.434000000000000163e+00,1.692640622090237201e+01
4.434999999999999609e+00,1.695064532925176337e+01
4.435999999999999943e+00,1.696398863709655913e+01
4.437000000000000277e+00,1.693367868678828003e+01
4.437999999999999723e+00,1.690224408415166124e+01
4.439000000000000057e+00,1.699073318021414281e+01
4.440000000000000391e+00,1.691502348364558372e+01
4.440999999999999837e+00,1.688427551829062523e+01
4.442000000000000171e+00,1.693949314766842917e+01
4.442999999999999616e+00,1.688736002456705165e+01
4.443999999999999950e+00,1.690053461871745455e+01
4.445000000000000284e+00,1.685140486427670581e+01
4.445999999999999730e+00,1.688803561393632791e+01
4.447000000000000064e+00,1.684406056212529279e+01
4.448000000000000398e+00,1.695898997524590968e+01
4.448999999999999844e+00,1.690178417969546842e+01
4.450000000000000178e+00,1.694979966363851531e+01
4.450999999999999623e+00,1.693282726728023135e+01
4.451999999999999957e+00,1.693117503284944902e+01
4.453000000000000291e+00,1.692938183458899815e+01
4.453999999999999737e+00,1.697071039403210335e+01
4.455000000000000071e+00,1.698175047942623905e+01
4.456000000000000405e+00,1.697622809717399406e+01
4.456999999999999851e+00,1.687775943004080403e+01
4.458000000000000185e+00,1.698461495618089501e+01
4.458999999999999631e+00,1.689231982505749485e+01
4.459999999999999964e+00,1.687292162594613032e+01
4.461000000000000298e+00,1.690901825900462896e+01
4.461999999999999744e+00,1.685689265117315117e+01
4.463000000000000078e+00,1.687177638921122025e+01
4.464000000000000412e+00,1.691188693626416750e+01
4.464999999999999858e+00,1.696210169746605345e+01
4.466000000000000192e+00,1.697785668803886594e+01
4.466999999999999638e+00,1.691113918235719638e+01
4.467999999999999972e+00,1.689817594507175613e+01
4.469000000000000306e+00,1.700684318086272384e+01
4.469999999999999751e+00,1.693494165895801018e+01
4.471000000000000085e+00,1.694314657414223646e+01
4.472000000000000419e+00,1.698494989948983402e+01
4.472999999999999865e+00,1.689105610568539007e+01
4.474000000000000199e+00,1.690478988081286715e+01
4.474999999999999645e+00,1.697002973064692455e+01
4.475999999999999979e+00,1.694430793465561180e+01
4.477000000000000313e+00,1.693263273704692295e+01
4.477999999999999758e+00,1.687180187604945303e+01
4.479000000000000092e+00,1.695811538701288512e+01
4.480000000000000426e+00,1.697065479099171981e+01
4.480999999999999872e+00,1.693869722370196129e+01
4.482000000000000206e+00,1.694014378870478055e+01
4.482999999999999652e+00,1.693351399876792485e+01
4.483999999999999986e+00,1.689198989746365243e+01
4.485000000000000320e+00,1.691748910319223853e+01
4.485999999999999766e+00,1.692446085879833007e+01
4.487000000000000099e+00,1.691395819641825682e+01
4.488000000000000433e+00,1.694985725589574699e+01
4.488999999999999879e+00,1.695562255021400588e+01
4.490000000000000213e+00,1.692717640340014995e+01
4.490999999999999659e+00,1.695643673599600376e+01
4.491999999999999993e+00,1.692351847961099409e+01
4.493000000000000327e+00,1.697356576685827534e+01
4.493999999999999773e+00,1.693105748082003714e+01
4.495000000000000107e+00,1.688539271232946604e+01
4.496000000000000441e+00,1.690272684068768072e+01
4.496999999999999886e+00,1.700598660742399915e+01
4.498000000000000220e+00,1.689648880126367914e+01
4.498999999999999666e+00,1.694031670523310140e+01
4.500000000000000000e+00,1.686921850680354851e+01
4.501000000000000334e+00,1.691646481126180745e+01
4.501999999999999780e+00,1.690573720691707393e+01
4.503000000000000114e+00,1.694822499761123424e+01
4.503999999999999559e+00,1.697897268490298117e+01
4.504999999999999893e+00,1.692213281513230072e+01
4.506000000000000227e+00,1.691112482551459095e+01
4.506999999999999673e+00,1.690103013547567912e+01
4.508000000000000007e+00,1.693862331150564060e+01
4.509000000000000341e+00,1.693959146351212297e+01
4.509999999999999787e+00,1.691149012661971085e+01
4.511000000000000121e+00,1.691873525148863422e+01
4.511999999999999567e+00,1.688771742112167118e+01
4.512999999999999901e+00,1.691677019307081764e+01
4.514000000000000234e+00,1.695082856606046207e+01
4.514999999999999680e+00,1.692623290688845827e+01
4.516000000000000014e+00,1.689791260505326065e+01
4.517000000000000348e+00,1.695212091980014080e+01
4.517999999999999794e+00,1.698305640512745640e+01
4.519000000000000128e+00,1.695711951459215072e+01
4.519999999999999574e+00,1.697039040442066948e+01
4.520999999999999908e+00,1.686478036119602208e+01
4.522000000000000242e+00,1.696850414716625366e+01
4.522999999999999687e+00,1.693706121240911955e+01
4.524000000000000021e+00,1.699680858966586428e+01
4.525000000000000355e+00,1.700882289042276696e+01
4.525999999999999801e+00,1.695504337194632427e+01
4.527000000000000135e+00,1.696679571860441982e+01
4.527999999999999581e+00,1.689993282253153239e+01
4.528999999999999915e+00,1.698306507419054867e+01
4.530000000000000249e+00,1.695942729486155542e+01
4.530999999999999694e+00,1.693347944171599195e+01
4.532000000000000028e+00,1.695493025108160623e+01
4.533000000000000362e+00,1.699594453482177059e+01
4.533999999999999808e+00,1.701508570057876568e+01
4.535000000000000142e+00,1.698040606984433509e+01
4.535999999999999588e+00,1.696346735432430819e+01
4.536999999999999922e+00,1.688068002079319285e+01
4.538000000000000256e+00,1.699445237084058391e+01
4.538999999999999702e+00,1.690103916759315794e+01
4.540000000000000036e+00,1.690147324106365545e+01
4.541000000000000369e+00,1.691550266552092907e+01
4.541999999999999815e+00,1.694212519861470767e+01
4.543000000000000149e+00,1.692074175640758327e+01
4.543999999999999595e+00,1.698083615521071366e+01
4.544999999999999929e+00,1.700892680431096693e+01
4.546000000000000263e+00,1.694245935183242580e+01
4.546999999999999709e+00,1.693212266657084442e+01
4.548000000000000043e+00,1.702076014327964160e+01
4.549000000000000377e+00,1.690178449900754387e+01
4.549999999999999822e+00,1.698513774192371173e+01
4.551000000000000156e+00,1.693511776091888166e+01
4.551999999999999602e+00,1.695491755448854931e+01
4.552999999999999936e+00,1.692165448161038555e+01
4.554000000000000270e+00,1.697357191055280623e+01
4.554999999999999716e+00,1.691947533311027385e+01
4.556000000000000050e+00,1.689679912342151624e+01
4.557000000000000384e+00,1.691649126842440864e+01
4.557999999999999829e+00,1.696153704840060072e+01
4.559000000000000163e+00,1.690440752334295382e+01
4.559999999999999609e+00,1.690955737531951542e+01
4.560999999999999943e+00,1.693682108637415240e+01
4.562000000000000277e+00,1.696833629216176220e+01
4.562999999999999723e+00,1.690334661184276754e+01
4.564000000000000057e+00,1.695930388612787709e+01
4.565000000000000391e+00,1.691610903097849672e+01
4.565999999999999837e+00,1.695115906324454258e+01
4.567000000000000171e+00,1.689361553187968568e+01
4.567999999999999616e+00,1.698972222227756745e+01
4.568999999999999950e+00,1.689606423364856624e+01
4.570000000000000284e+00,1.689193706489120217e+01
4.570999999999999730e+00,1.691976399887798621e+01
4.572000000000000064e+00,1.692220598564371770e+01
4.573000000000000398e+00,1.696539220848684337e+01
4.573999999999999844e+00,1.690709080915261353e+01
4.575000000000000178e+00,1.689894472668737535e+01
4.575999999999999623e+00,1.693752812133495667e+01
4.576999999999999957e+00,1.692604023978552874e+01
4.578000000000000291e+00,1.683255428247019481e+01
4.578999999999999737e+00,1.683960808579604418e+01
4.580000000000000071e+00,1.691418751931693620e+01
4.581000000000000405e+00,1.692655829916152399e+01
4.581999999999999851e+00,1.691124962897812978e+01
4.583000000000000185e+00,1.695057116726683333e+01
4.583999999999999631e+00,1.693008429820394767e+01
4.584999999999999964e+00,1.697840241707805475e+01
4.586000000000000298e+00,1.692830367939957981e+01
4.586999999999999744e+00,1.696146354252876520e+01
4.588000000000000078e+00,1.688871053928090049e+01
4.589000000000000412e+00,1.685859634416742381e+01
4.589999999999999858e+00,1.692601454827895680e+01
4.591000000000000192e+00,1.696814607470111369e+01
4.591999999999999638e+00,1.693010602810304022e+01
4.592999999999999972e+00,1.696558489609746445e+01
4.594000000000000306e+00,1.691819395475158672e+01
4.594999999999999751e+00,1.687011907251206821e+01
4.596000000000000085e+00,1.689999118689853574e+01
4.597000000000000419e+00,1.692636257293179725e+01
4.597999999999999865e+00,1.692609957040757251e+01
4.599000000000000199e+00,1.688012032573579901e+01
4.599999999999999645e+00,1.689651881492014951e+01
4.600999999999999979e+00,1.691523263155876933e+01
4.602000000000000313e+00,1.692458214347999856e+01
4.602999999999999758e+00,1.694477299132241299e+01
4.604000000000000092e+00,1.692666378821938267e+01
4.605000000000000426e+00,1.692712589394117373e+01
4.605999999999999872e+00,1.693135089731633158e+01
4.607000000000000206e+00,1.690193719752695856e+01
4.607999999999999652e+00,1.698236993661975802e+01
4.608999999999999986e+00,1.691863892673266534e+01
4.610000000000000320e+00,1.694708485747547755e+01
4.610999999999999766e+00,1.701676002560605738e+01
4.612000000000000099e+00,1.692618152154119926e+01
4.613000000000000433e+00,1.691298796548736760e+01
4.613999999999999879e+00,1.688359868633311578e+01
4.615000000000000213e+00,1.693893664044029279e+01
4.615999999999999659e+00,1.702768070951990254e+01
4.616999999999999993e+00,1.692173701081599546e+01
4.618000000000000327e+00,1.691358679061452008e+01
4.618999999999999773e+00,1.693973869268370080e+01
4.620000000000000107e+00,1.690878532220580155e+01
4.621000000000000441e+00,1.690647868054000824e+01
4.621999999999999886e+00,1.694121568709933712e+01
4.623000000000000220e+00,1.695615178084035790e+01
4.623999999999999666e+00,1.689010520345070177e+01
4.625000000000000000e+00,1.685759910191114130e+01
4.626000000000000334e+00,1.695762098846592636e+01
4.626999999999999780e+00,1.696433122187722375e+01
4.628000000000000114e+00,1.688557341319454252e+01
4.628999999999999559e+00,1.696369147329520288e+01
4.629999999999999893e+00,1.691300747153475825e+01
4.631000000000000227e+00,1.697428427029544906e+01
4.631999999999999673e+00,1.698147970367315551e+01
4.633000000000000007e+00,1.698397332684272243e+01
4.634000000000000341e+00,1.694810580153945878e+01
4.634999999999999787e+00,1.703996056289532390e+01
4.636000000000000121e+00,1.696875847514633051e+01
4.636999999999999567e+00,1.696749947684503468e+01
4.637999999999999901e+00,1.698669293770909405e+01
4.639000000000000234e+00,1.703136596376170786e+01
4.639999999999999680e+00,1.696371752565859481e+01
4.641000000000000014e+00,1.697888879335647161e+01
4.642000000000000348e+00,1.696777014818341556e+01
4.642999999999999794e+00,1.698392063099216287e+01
4.644000000000000128e+00,1.695996789533176141e+01
4.644999999999999574e+00,1.700219619301929797e+01
4.645999999999999908e+00,1.697774521544344850e+01
4.647000000000000242e+00,1.691312307584703234e+01
4.647999999999999687e+00,1.694780486355677596e+01
4.649000000000000021e+00,1.696950653031015221e+01
4.650000000000000355e+00,1.694972909853272469e+01
4.650999999999999801e+00,1.694585733703715746e+01
4.652000000000000135e+00,1.695285817399816963e+01
4.652999999999999581e+00,1.693163306974884463e+01
4.653999999999999915e+00,1.688576352225521759e+01
4.655000000000000249e+00,1.695550589650421358e+01
4.655999999999999694e+00,1.697028312495823954e+01
4.657000000000000028e+00,1.697765616237040831e+01
4.658000000000000362e+00,1.698404716348567689e+01
4.658999999999999808e+00,1.696680412146345063e+01
4.660000000000000142e+00,1.701162767200826309e+01
4.660999999999999588e+00,1.706724975986590565e+01
4.661999999999999922e+00,1.695397462932385935e+01
4.663000000000000256e+00,1.690561967829002654e+01
4.663999999999999702e+00,1.694237778493752344e+01
4.665000000000000036e+00,1.688691149702442473e+01
4.666000000000000369e+00,1.692006759324504017e+01
4.666999999999999815e+00,1.684231810041757527e+01
4.668000000000000149e+00,1.692571962852122525e+01
4.668999999999999595e+00,1.694976838818469034e+01
4.669999999999999929e+00,1.696265086098901875e+01
4.671000000000000263e+00,1.691974864187273297e+01
4.671999999999999709e+00,1.691563813225796054e+01
4.673000000000000043e+00,1.690682896081757391e+01
4.674000000000000377e+00,1.694776901749959919e+01
4.674999999999999822e+00,1.691979532166702072e+01
4.676000000000000156e+00,1.700631205514266853e+01
4.676999999999999602e+00,1.698902056161468366e+01
4.677999999999999936e+00,1.698197491666969583e+01
4.679000000000000270e+00,1.697802998018325837e+01
4.679999999999999716e+00,1.693865945693837816e+01
4.681000000000000050e+00,1.696499672870600861e+01
4.682000000000000384e+00,1.695481940663670883e+01
4.682999999999999829e+00,1.689184395013790763e+01
4.684000000000000163e+00,1.688245361238120168e+01
4.684999999999999609e+00,1.693633350046755837e+01
4.685999999999999943e+00,1.694898001939883514e+01
4.687000000000000277e+00,1.697583445006910452e+01
4.687999999999999723e+00,1.696973251999327559e+01
4.689000000000000057e+00,1.701022636078969441e+01
4.690000000000000391e+00,1.701453698649821789e+01
4.690999999999999837e+00,1.696161049018819256e+01
4.692000000000000171e+00,1.697465514923343477e+01
4.692999999999999616e+00,1.690804431048580625e+01
4.693999999999999950e+00,1.693672807354192855e+01
4.695000000000000284e+00,1.700206114490595866e+01
4.695999999999999730e+00,1.694378123841010719e+01
4.697000000000000064e+00,1.691069814007207484e+01
4.698000000000000398e+00,1.692582960818472770e+01
4.698999999999999844e+00,1.698390097838588986e+01
4.700000000000000178e+00,1.690637930244662712e+01
4.700999999999999623e+00,1.701524378375793134e+01
4.701999999999999957e+00,1.691538212273531272e+01
4.703000000000000291e+00,1.693419244316174854e+01
4.703999999999999737e+00,1.694644474144817536e+01
4.705000000000000071e+00,1.692751629592973828e+01
4.706000000000000405e+00,1.688005673846299715e+01
4.706999999999999851e+00,1.694222450888098308e+01
4.708000000000000185e+00,1.691184777047804744e+01
4.708999999999999631e+00,1.694922185477258836e+01
4.709999999999999964e+00,1.687108525761449229e+01
4.711000000000000298e+00,1.686744537400358368e+01
4.711999999999999744e+00,1.689973350034686206e+01
4.713000000000000078e+00,1.687812411304877358e+01
4.714000000000000412e+00,1.685627304898410017e+01
4.714999999999999858e+00,1.688995317904919347e+01
4.716000000000000192e+00,1.689893757476111347e+01
4.716999999999999638e+00,1.693892255521754109e+01
4.717999999999999972e+00,1.693413407082800504e+01
4.719000000000000306e+00,1.699877463366524566e+01
4.719999999999999751e+00,1.700147757569112272e+01
4.721000000000000085e+00,1.698794984047463785e+01
4.722000000000000419e+00,1.697692313554456334e+01
4.722999999999999865e+00,1.697537849428569245e+01
4.724000000000000199e+00,1.698355056343509872e+01
4.724999999999999645e+00,1.698918660972225680e+01
4.725999999999999979e+00,1.698743318428213911e+01
4.727000000000000313e+00,1.693529746723049456e+01
4.727999999999999758e+00,1.697857829959652420e+01
4.729000000000000092e+00,1.697712534104645599e+01
4.730000000000000426e+00,1.702103155356196851e+01
4.730999999999999872e+00,1.702241269985328387e+01
4.732000000000000206e+00,1.697864661278946841e+01
4.732999999999999652e+00,1.706567362625564144e+01
4.733999999999999986e+00,1.701026562144955534e+01
4.735000000000000320e+00,1.699219061226740735e+01
4.735999999999999766e+00,1.692597396938935361e+01
4.737000000000000099e+00,1.691444191541276254e+01
4.738000000000000433e+00,1.704594049845918846e+01
4.738999999999999879e+00,1.694738973634837720e+01
4.740000000000000213e+00,1.695985596577114762e+01
4.740999999999999659e+00,1.694731087030101691e+01
4.741999999999999993e+00,1.696448101973244960e+01
4.743000000000000327e+00,1.699971298173959511e+01
4.743999999999999773e+00,1.698792295608090441e+01
4.745000000000000107e+00,1.691023084413610178e+01
4.746000000000000441e+00,1.704388985677725898e+01
4.746999999999999886e+00,1.696523882762983604e+01
4.748000000000000220e+00,1.696641816394466318e+01
4.748999999999999666e+00,1.696678960715983209e+01
4.750000000000000000e+00,1.698531196955872602e+01
4.751000000000000334e+00,1.690572773770675141e+01
4.751999999999999780e+00,1.693583162007982779e+01
4.753000000000000114e+00,1.691428589278018535e+01
4.753999999999999559e+00,1.691934971583538072e+01
4.754999999999999893e+00,1.688473525996468538e+01
4.756000000000000227e+00,1.692514774525208310e+01
4.756999999999999673e+00,1.685159734053759095e+01
4.758000000000000007e+00,1.695629411277209186e+01
4.759000000000000341e+00,1.697598459090123768e+01
4.759999999999999787e+00,1.686144175744401608e+01
4.761000000000000121e+00,1.693342053765657695e+01
4.761999999999999567e+00,1.701834943070044304e+01
4.762999999999999901e+00,1.694366209954390712e+01
4.764000000000000234e+00,1.700678307052799809e+01
4.764999999999999680e+00,1.698280611825878594e+01
4.766000000000000014e+00,1.692765083342458965e+01
4.767000000000000348e+00,1.700647585231364900e+01
4.767999999999999794e+00,1.699298475432622979e+01
4.769000000000000128e+00,1.698976773714046828e+01
4.769999999999999574e+00,1.692143918065849917e+01
4.770999999999999908e+00,1.694660498126346582e+01
4.772000000000000242e+00,1.688944790257602335e+01
4.772999999999999687e+00,1.691727927237748474e+01
4.774000000000000021e+00,1.691736436533346222e+01
4.775000000000000355e+00,1.695268641621287742e+01
4.775999999999999801e+00,1.696242003942266408e+01
4.777000000000000135e+00,1.688322653760286585e+01
4.777999999999999581e+00,1.697632241605723280e+01
4.778999999999999915e+00,1.695822151544900436e+01
4.780000000000000249e+00,1.691945962520999913e+01
4.780999999999999694e+00,1.691673017752032848e+01
4.782000000000000028e+00,1.694084235645399872e+01
4.783000000000000362e+00,1.693108612964151405e+01
4.783999999999999808e+00,1.692946283654044137e+01
4.785000000000000142e+00,1.690421561998108047e+01
4.785999999999999588e+00,1.692150851132059941e+01
4.786999999999999922e+00,1.699767419426521897e+01
4.788000000000000256e+00,1.693890257212035166e+01
4.788999999999999702e+00,1.697627748142736337e+01
4.790000000000000036e+00,1.690918320557926080e+01
4.791000000000000369e+00,1.693306944681237880e+01
4.791999999999999815e+00,1.688841289216258801e+01
4.793000000000000149e+00,1.686457488346904299e+01
4.793999999999999595e+00,1.692130438770727707e+01
4.794999999999999929e+00,1.685577375657282317e+01
4.796000000000000263e+00,1.695721208230202848e+01
4.796999999999999709e+00,1.687360689191140040e+01
4.798000000000000043e+00,1.694498650439516396e+01
4.799000000000000377e+00,1.691241779341672924e+01
4.799999999999999822e+00,1.688506419718599005e+01
4.801000000000000156e+00,1.693368052992504857e+01
4.801999999999999602e+00,1.691125904464795227e+01
4.802999999999999936e+00,1.690213936196215272e+01
4.804000000000000270e+00,1.693693090744251251e+01
4.804999999999999716e+00,1.689674712161950154e+01
4.806000000000000050e+00,1.691008954928515351e+01
4.807000000000000384e+00,1.693862200895404158e+01
4.807999999999999829e+00,1.692286481172793700e+01
4.809000000000000163e+00,1.695994094008116093e+01
4.809999999999999609e+00,1.695297677067282294e+01
4.810999999999999943e+00,1.693494635259681758e+01
4.812000000000000277e+00,1.695379742136501733e+01
4.812999999999999723e+00,1.692604823061131825e+01
4.814000000000000057e+00,1.692134299655570118e+01
4.815000000000000391e+00,1.699113795520687020e+01
4.815999999999999837e+00,1.699210266059674268e+01
4.817000000000000171e+00,1.700874336523789054e+01
4.817999999999999616e+00,1.699615849089200026e+01
4.818999999999999950e+00,1.696732948126161133e+01
4.820000000000000284e+00,1.699501416376070750e+01
4.820999999999999730e+00,1.692158475262752404e+01
4.822000000000000064e+00,1.698688167171656005e+01
4.823000000000000398e+00,1.693072543579674161e+01
4.823999999999999844e+00,1.689015861660453410e+01
4.825000000000000178e+00,1.690443392131800238e+01
4.825999999999999623e+00,1.690669770964344210e+01
4.826999999999999957e+00,1.693634866504077152e+01
4.828000000000000291e+00,1.689039245822095836e+01
4.828999999999999737e+00,1.694478720778301195e+01
4.830000000000000071e+00,1.697887884804842429e+01
4.831000000000000405e+00,1.698016982763850891e+01
4.831999999999999851e+00,1.694478645353597557e+01
4.833000000000000185e+00,1.692863816688426226e+01
4.833999999999999631e+00,1.694532829022161735e+01
4.834999999999999964e+00,1.691569938758973279e+01
4.836000000000000298e+00,1.697553218057931446e+01
4.836999999999999744e+00,1.691513090210565551e+01
4.838000000000000078e+00,1.693520115169865647e+01
4.839000000000000412e+00,1.700538695401646905e+01
4.839999999999999858e+00,1.700303353067589640e+01
4.841000000000000192e+00,1.696615594812372052e+01
4.841999999999999638e+00,1.698982233817342546e+01
4.842999999999999972e+00,1.698605148993139835e+01
4.844000000000000306e+00,1.697502947220656111e+01
4.844999999999999751e+00,1.692931949333826225e+01
4.846000000000000085e+00,1.691322817372773102e+01
4.847000000000000419e+00,1.688481397515424121e+01
4.847999999999999865e+00,1.690388968860187191e+01
4.849000000000000199e+00,1.689241568844064645e+01
4.849999999999999645e+00,1.697655399315065239e+01
4.850999999999999979e+00,1.687582661915236670e+01
4.852000000000000313e+00,1.691692683560820498e+01
4.852999999999999758e+00,1.689831744910486933e+01
4.854000000000000092e+00,1.696185771374740270e+01
4.855000000000000426e+00,1.690027944487798095e+01
4.855999999999999872e+00,1.685129043286346473e+01
4.857000000000000206e+00,1.685007002522421260e+01
4.857999999999999652e+00,1.697664442496898474e+01
4.858999999999999986e+00,1.690493681839513584e+01
4.860000000000000320e+00,1.692191350158038077e+01
4.860999999999999766e+00,1.689038009147796515e+01
4.862000000000000099e+00,1.696971411064414426e+01
4.863000000000000433e+00,1.691018351375407036e+01
4.863999999999999879e+00,1.695957277222292348e+01
4.865000000000000213e+00,1.700531368181099268e+01
4.865999999999999659e+00,1.688684217513480945e+01
4.866999999999999993e+00,1.694522448924969282e+01
4.868000000000000327e+00,1.696302115062131932e+01
4.868999999999999773e+00,1.689683942472648326e+01
4.870000000000000107e+00,1.682390923192207310e+01
4.871000000000000441e+00,1.694714812352325595e+01
4.871999999999999886e+00,1.694609041052049747e+01
4.873000000000000220e+00,1.691745904960865943e+01
4.873999999999999666e+00,1.688578432720995437e+01
4.875000000000000000e+00,1.689519938696639656e+01
4.876000000000000334e+00,1.691566086999758767e+01
4.876999999999999780e+00,1.693742462576420138e+01
4.878000000000000114e+00,1.689471179565527947e+01
4.878999999999999559e+00,1.693655110269535768e+01
4.879999999999999893e+00,1.692320210501491218e+01
4.881000000000000227e+00,1.685301296145994598e+01
4.881999999999999673e+00,1.687684811447586952e+01
4.883000000000000007e+00,1.690237546797979462e+01
4.884000000000000341e+00,1.694428806819725608e+01
4.884999999999999787e+00,1.692262476421371531e+01
4.886000000000000121e+00,1.694458194005343898e+01
4.886999999999999567e+00,1.699999028786599453e+01
4.887999999999999901e+00,1.693882180142404081e+01
4.889000000000000234e+00,1.687901117107725923e+01
4.889999999999999680e+00,1.693926737753767142e+01
4.891000000000000014e+00,1.691937472522441865e+01
4.892000000000000348e+00,1.698574173771282503e+01
4.892999999999999794e+00,1.689803508284516553e+01
4.894000000000000128e+00,1.694761698048104037e+01
4.894999999999999574e+00,1.696135575101229875e+01
4.895999999999999908e+00,1.690745891902466980e+01
4.897000000000000242e+00,1.691562686872408250e+01
4.897999999999999687e+00,1.699005292801975386e+01
4.899000000000000021e+00,1.694446235432058501e+01
4.900000000000000355e+00,1.696643585087389638e+01
4.900999999999999801e+00,1.696976935411639786e+01
4.902000000000000135e+00,1.695704317348543455e+01
4.902999999999999581e+00,1.696439169957619697e+01
4.903999999999999915e+00,1.696316139825317393e+01
4.905000000000000249e+00,1.694286442915401025e+01
4.905999999999999694e+00,1.695393443207066753e+01
4.907000000000000028e+00,1.695222016974848600e+01
4.908000000000000362e+00,1.693480253559976845e+01
4.908999999999999808e+00,1.688500786265586839e+01
4.910000000000000142e+00,1.693220373169878812e+01
4.910999999999999588e+00,1.696203683054650568e+01
4.911999999999999922e+00,1.695555699148226836e+01
4.913000000000000256e+00,1.690375773748856858e+01
4.913999999999999702e+00,1.693022187068440942e+01
4.915000000000000036e+00,1.698843627567203285e+01
4.916000000000000369e+00,1.696696954366472809e+01
4.916999999999999815e+00,1.696281826727284425e+01
4.918000000000000149e+00,1.694480324647112113e+01
4.918999999999999595e+00,1.693636548305148537e+01
4.919999999999999929e+00,1.696726868739000338e+01
4.921000000000000263e+00,1.694818665100622468e+01
4.921999999999999709e+00,1.693594970913099829e+01
4.923000000000000043e+00,1.695950272260556346e+01
4.924000000000000377e+00,1.692489483121160276e+01
4.924999999999999822e+00,1.692172003955448645e+01
4.926000000000000156e+00,1.693641161729932776e+01
4.926999999999999602e+00,1.690182799610076358e+01
4.927999999999999936e+00,1.700814792289288135e+01
4.929000000000000270e+00,1.701487503331492945e+01
4.929999999999999716e+00,1.696172305837142247e+01
4.931000000000000050e+00,1.695016357449290467e+01
4.932000000000000384e+00,1.704031675449085270e+01
4.932999999999999829e+00,1.691288897586206730e+01
4.934000000000000163e+00,1.689117635308765841e+01
4.934999999999999609e+00,1.688237192944060183e+01
4.935999999999999943e+00,1.689180622069975968e+01
4.937000000000000277e+00,1.686612090625206761e+01
4.937999999999999723e+00,1.693274017247647834e+01
4.939000000000000057e+00,1.689140361522138889e+01
4.940000000000000391e+00,1.695792176088681558e+01
4.940999999999999837e+00,1.687388980762517221e+01
4.942000000000000171e+00,1.686503847591441030e+01
4.942999999999999616e+00,1.691353612729372458e+01
4.943999999999999950e+00,1.696610747338973013e+01
4.945000000000000284e+00,1.688860250118366935e+01
4.945999999999999730e+00,1.691410427188194987e+01
4.947000000000000064e+00,1.690515879560806667e+01
4.948000000000000398e+00,1.691566584413455487e+01
4.948999999999999844e+00,1.691860868025658959e+01
4.950000000000000178e+00,1.694417194416485017e+01
4.950999999999999623e+00,1.688925076351411292e+01
4.951999999999999957e+00,1.694323256579628634e+01
4.953000000000000291e+00,1.690817001443939205e+01
4.953999999999999737e+00,1.695426775922819118e+01
4.955000000000000071e+00,1.692584948963364511e+01
4.956000000000000405e+00,1.692670100181578619e+01
4.956999999999999851e+00,1.690903492992120150e+01
4.958000000000000185e+00,1.691721689282930186e+01
4.958999999999999631e+00,1.683165674745827545e+01
4.959999999999999964e+00,1.690100161075834606e+01
4.961000000000000298e+00,1.690770679358320905e+01
4.961999999999999744e+00,1.689452039653785675e+01
4.963000000000000078e+00,1.695919444938767384e+01
4.964000000000000412e+00,1.690706153184062543e+01
4.964999999999999858e+00,1.690029902578612209e+01
4.966000000000000192e+00,1.693926428852464738e+01
4.966999999999999638e+00,1.687754948174794833e+01
4.967999999999999972e+00,1.695629866129906205e+01
4.969000000000000306e+00,1.693605157845577480e+01
4.969999999999999751e+00,1.689540490465376266e+01
4.971000000000000085e+00,1.689101481286689221e+01
4.972000000000000419e+00,1.691030591059447730e+01
4.972999999999999865e+00,1.686026025279199558e+01
4.974000000000000199e+00,1.693236187457073072e+01
4.974999999999999645e+00,1.696393847800788635e+01
4.975999999999999979e+00,1.690369365934042989e+01
4.977000000000000313e+00,1.690030907989685005e+01
4.977999999999999758e+00,1.694664650070998135e+01
4.979000000000000092e+00,1.693384606656021063e+01
4.980000000000000426e+00,1.697639268525613332e+01
4.980999999999999872e+00,1.699404013018999038e+01
4.982000000000000206e+00,1.693082042710230795e+01
4.982999999999999652e+00,1.699385478809392680e+01
4.983999999999999986e+00,1.697154855944358687e+01
4.985000000000000320e+00,1.695189289496520502e+01
4.985999999999999766e+00,1.696036956728003631e+01
4.987000000000000099e+00,1.699787709905930555e+01
4.988000000000000433e+00,1.697936254210246787e+01
4.988999999999999879e+00,1.698285839992016122e+01
4.990000000000000213e+00,1.696865635335542777e+01
4.990999999999999659e+00,1.696477909877806667e+01
4.991999999999999993e+00,1.690421825756822116e+01
4.993000000000000327e+00,1.689233522639291252e+01
4.993999999999999773e+00,1.692006515473779160e+01
4.995000000000000107e+00,1.690830938967710750e+01
4.996000000000000441e+00,1.685831457934189359e+01
4.996999999999999886e+00,1.695372210459185780e+01
4.998000000000000220e+00,1.691182805532931965e+01
4.998999999999999666e+00,1.689980992698820828e+01
