,Model,Dataset,ddG_pred,position,wildtype,mutation,pdb,chain
0,ThermoMPNN,6eqe_Repair,-0.06527167558670044,0,T,A,6eqe_Repair,A
1,ThermoMPNN,6eqe_Repair,-0.37052685022354126,0,T,C,6eqe_Repair,A
2,ThermoMPNN,6eqe_Repair,-0.17035549879074097,0,T,D,6eqe_Repair,A
3,ThermoMPNN,6eqe_Repair,-0.009277582168579102,0,T,E,6eqe_Repair,A
4,ThermoMPNN,6eqe_Repair,-0.03501015901565552,0,T,F,6eqe_Repair,A
5,ThermoMPNN,6eqe_Repair,-0.04018521308898926,0,T,G,6eqe_Repair,A
6,ThermoMPNN,6eqe_Repair,-0.16465938091278076,0,T,H,6eqe_Repair,A
7,ThermoMPNN,6eqe_Repair,-0.01576054096221924,0,T,I,6eqe_Repair,A
8,ThermoMPNN,6eqe_Repair,0.1899752914905548,0,T,K,6eqe_Repair,A
9,ThermoMPNN,6eqe_Repair,-0.08710801601409912,0,T,L,6eqe_Repair,A
10,ThermoMPNN,6eqe_Repair,0.044233083724975586,0,T,M,6eqe_Repair,A
11,ThermoMPNN,6eqe_Repair,-0.06730097532272339,0,T,N,6eqe_Repair,A
12,ThermoMPNN,6eqe_Repair,-0.09861928224563599,0,T,P,6eqe_Repair,A
13,ThermoMPNN,6eqe_Repair,0.032240867614746094,0,T,Q,6eqe_Repair,A
14,ThermoMPNN,6eqe_Repair,0.21695825457572937,0,T,R,6eqe_Repair,A
15,ThermoMPNN,6eqe_Repair,-0.054603517055511475,0,T,S,6eqe_Repair,A
16,ThermoMPNN,6eqe_Repair,0.0,0,T,T,6eqe_Repair,A
17,ThermoMPNN,6eqe_Repair,-0.059805095195770264,0,T,V,6eqe_Repair,A
18,ThermoMPNN,6eqe_Repair,-0.1369309425354004,0,T,W,6eqe_Repair,A
19,ThermoMPNN,6eqe_Repair,-0.013631701469421387,0,T,Y,6eqe_Repair,A
20,ThermoMPNN,6eqe_Repair,1.3416872024536133,1,N,A,6eqe_Repair,A
21,ThermoMPNN,6eqe_Repair,0.9451850652694702,1,N,C,6eqe_Repair,A
22,ThermoMPNN,6eqe_Repair,0.8584848642349243,1,N,D,6eqe_Repair,A
23,ThermoMPNN,6eqe_Repair,1.4288601875305176,1,N,E,6eqe_Repair,A
24,ThermoMPNN,6eqe_Repair,1.4035385847091675,1,N,F,6eqe_Repair,A
25,ThermoMPNN,6eqe_Repair,1.7157480716705322,1,N,G,6eqe_Repair,A
26,ThermoMPNN,6eqe_Repair,0.8194797039031982,1,N,H,6eqe_Repair,A
27,ThermoMPNN,6eqe_Repair,1.4703410863876343,1,N,I,6eqe_Repair,A
28,ThermoMPNN,6eqe_Repair,1.2112579345703125,1,N,K,6eqe_Repair,A
29,ThermoMPNN,6eqe_Repair,1.158963918685913,1,N,L,6eqe_Repair,A
30,ThermoMPNN,6eqe_Repair,1.5381447076797485,1,N,M,6eqe_Repair,A
31,ThermoMPNN,6eqe_Repair,0.0,1,N,N,6eqe_Repair,A
32,ThermoMPNN,6eqe_Repair,1.5459692478179932,1,N,P,6eqe_Repair,A
33,ThermoMPNN,6eqe_Repair,1.4638582468032837,1,N,Q,6eqe_Repair,A
34,ThermoMPNN,6eqe_Repair,1.0989434719085693,1,N,R,6eqe_Repair,A
35,ThermoMPNN,6eqe_Repair,0.9196205139160156,1,N,S,6eqe_Repair,A
36,ThermoMPNN,6eqe_Repair,1.1218640804290771,1,N,T,6eqe_Repair,A
37,ThermoMPNN,6eqe_Repair,1.2567812204360962,1,N,V,6eqe_Repair,A
38,ThermoMPNN,6eqe_Repair,1.5407295227050781,1,N,W,6eqe_Repair,A
39,ThermoMPNN,6eqe_Repair,1.2750191688537598,1,N,Y,6eqe_Repair,A
40,ThermoMPNN,6eqe_Repair,0.320132851600647,2,P,A,6eqe_Repair,A
41,ThermoMPNN,6eqe_Repair,0.29404062032699585,2,P,C,6eqe_Repair,A
42,ThermoMPNN,6eqe_Repair,1.0366501808166504,2,P,D,6eqe_Repair,A
43,ThermoMPNN,6eqe_Repair,0.5329141020774841,2,P,E,6eqe_Repair,A
44,ThermoMPNN,6eqe_Repair,0.41812461614608765,2,P,F,6eqe_Repair,A
45,ThermoMPNN,6eqe_Repair,0.9641170501708984,2,P,G,6eqe_Repair,A
46,ThermoMPNN,6eqe_Repair,0.7573263645172119,2,P,H,6eqe_Repair,A
47,ThermoMPNN,6eqe_Repair,0.2249404788017273,2,P,I,6eqe_Repair,A
48,ThermoMPNN,6eqe_Repair,0.4574236273765564,2,P,K,6eqe_Repair,A
49,ThermoMPNN,6eqe_Repair,0.430447518825531,2,P,L,6eqe_Repair,A
50,ThermoMPNN,6eqe_Repair,0.3726578950881958,2,P,M,6eqe_Repair,A
51,ThermoMPNN,6eqe_Repair,0.9678791761398315,2,P,N,6eqe_Repair,A
52,ThermoMPNN,6eqe_Repair,0.0,2,P,P,6eqe_Repair,A
53,ThermoMPNN,6eqe_Repair,0.49499666690826416,2,P,Q,6eqe_Repair,A
54,ThermoMPNN,6eqe_Repair,0.5820433497428894,2,P,R,6eqe_Repair,A
55,ThermoMPNN,6eqe_Repair,0.6432714462280273,2,P,S,6eqe_Repair,A
56,ThermoMPNN,6eqe_Repair,0.6613597869873047,2,P,T,6eqe_Repair,A
57,ThermoMPNN,6eqe_Repair,0.2878575325012207,2,P,V,6eqe_Repair,A
58,ThermoMPNN,6eqe_Repair,0.628957986831665,2,P,W,6eqe_Repair,A
59,ThermoMPNN,6eqe_Repair,0.6390531063079834,2,P,Y,6eqe_Repair,A
60,ThermoMPNN,6eqe_Repair,1.3098700046539307,3,Y,A,6eqe_Repair,A
61,ThermoMPNN,6eqe_Repair,0.6137574911117554,3,Y,C,6eqe_Repair,A
62,ThermoMPNN,6eqe_Repair,1.4771599769592285,3,Y,D,6eqe_Repair,A
63,ThermoMPNN,6eqe_Repair,1.590124487876892,3,Y,E,6eqe_Repair,A
64,ThermoMPNN,6eqe_Repair,0.26346147060394287,3,Y,F,6eqe_Repair,A
65,ThermoMPNN,6eqe_Repair,1.6931861639022827,3,Y,G,6eqe_Repair,A
66,ThermoMPNN,6eqe_Repair,0.7223011255264282,3,Y,H,6eqe_Repair,A
67,ThermoMPNN,6eqe_Repair,1.4523651599884033,3,Y,I,6eqe_Repair,A
68,ThermoMPNN,6eqe_Repair,1.4302762746810913,3,Y,K,6eqe_Repair,A
69,ThermoMPNN,6eqe_Repair,1.0038361549377441,3,Y,L,6eqe_Repair,A
70,ThermoMPNN,6eqe_Repair,1.1835737228393555,3,Y,M,6eqe_Repair,A
71,ThermoMPNN,6eqe_Repair,0.8363564610481262,3,Y,N,6eqe_Repair,A
72,ThermoMPNN,6eqe_Repair,2.4177868366241455,3,Y,P,6eqe_Repair,A
73,ThermoMPNN,6eqe_Repair,1.4670511484146118,3,Y,Q,6eqe_Repair,A
74,ThermoMPNN,6eqe_Repair,1.3360589742660522,3,Y,R,6eqe_Repair,A
75,ThermoMPNN,6eqe_Repair,1.1911578178405762,3,Y,S,6eqe_Repair,A
76,ThermoMPNN,6eqe_Repair,0.9028811454772949,3,Y,T,6eqe_Repair,A
77,ThermoMPNN,6eqe_Repair,1.3310364484786987,3,Y,V,6eqe_Repair,A
78,ThermoMPNN,6eqe_Repair,0.2861170768737793,3,Y,W,6eqe_Repair,A
79,ThermoMPNN,6eqe_Repair,0.0,3,Y,Y,6eqe_Repair,A
80,ThermoMPNN,6eqe_Repair,0.0,4,A,A,6eqe_Repair,A
81,ThermoMPNN,6eqe_Repair,-0.3087064027786255,4,A,C,6eqe_Repair,A
82,ThermoMPNN,6eqe_Repair,-0.033183753490448,4,A,D,6eqe_Repair,A
83,ThermoMPNN,6eqe_Repair,-0.13261258602142334,4,A,E,6eqe_Repair,A
84,ThermoMPNN,6eqe_Repair,-0.13451766967773438,4,A,F,6eqe_Repair,A
85,ThermoMPNN,6eqe_Repair,1.071345329284668,4,A,G,6eqe_Repair,A
86,ThermoMPNN,6eqe_Repair,0.02095019817352295,4,A,H,6eqe_Repair,A
87,ThermoMPNN,6eqe_Repair,-0.9938212633132935,4,A,I,6eqe_Repair,A
88,ThermoMPNN,6eqe_Repair,0.5170132517814636,4,A,K,6eqe_Repair,A
89,ThermoMPNN,6eqe_Repair,-0.5230375528335571,4,A,L,6eqe_Repair,A
90,ThermoMPNN,6eqe_Repair,-0.2139267921447754,4,A,M,6eqe_Repair,A
91,ThermoMPNN,6eqe_Repair,0.20930206775665283,4,A,N,6eqe_Repair,A
92,ThermoMPNN,6eqe_Repair,1.1201989650726318,4,A,P,6eqe_Repair,A
93,ThermoMPNN,6eqe_Repair,0.055094778537750244,4,A,Q,6eqe_Repair,A
94,ThermoMPNN,6eqe_Repair,0.3363327383995056,4,A,R,6eqe_Repair,A
95,ThermoMPNN,6eqe_Repair,0.05540043115615845,4,A,S,6eqe_Repair,A
96,ThermoMPNN,6eqe_Repair,-0.4900665283203125,4,A,T,6eqe_Repair,A
97,ThermoMPNN,6eqe_Repair,-1.1616572141647339,4,A,V,6eqe_Repair,A
98,ThermoMPNN,6eqe_Repair,-0.5018680095672607,4,A,W,6eqe_Repair,A
99,ThermoMPNN,6eqe_Repair,-0.3637205958366394,4,A,Y,6eqe_Repair,A
100,ThermoMPNN,6eqe_Repair,1.1310842037200928,5,R,A,6eqe_Repair,A
101,ThermoMPNN,6eqe_Repair,0.6632241606712341,5,R,C,6eqe_Repair,A
102,ThermoMPNN,6eqe_Repair,1.95304274559021,5,R,D,6eqe_Repair,A
103,ThermoMPNN,6eqe_Repair,2.0462820529937744,5,R,E,6eqe_Repair,A
104,ThermoMPNN,6eqe_Repair,0.8557409048080444,5,R,F,6eqe_Repair,A
105,ThermoMPNN,6eqe_Repair,1.390779733657837,5,R,G,6eqe_Repair,A
106,ThermoMPNN,6eqe_Repair,1.1022069454193115,5,R,H,6eqe_Repair,A
107,ThermoMPNN,6eqe_Repair,0.07691240310668945,5,R,I,6eqe_Repair,A
108,ThermoMPNN,6eqe_Repair,0.27009081840515137,5,R,K,6eqe_Repair,A
109,ThermoMPNN,6eqe_Repair,0.48975670337677,5,R,L,6eqe_Repair,A
110,ThermoMPNN,6eqe_Repair,0.6662672758102417,5,R,M,6eqe_Repair,A
111,ThermoMPNN,6eqe_Repair,1.0934767723083496,5,R,N,6eqe_Repair,A
112,ThermoMPNN,6eqe_Repair,1.74769926071167,5,R,P,6eqe_Repair,A
113,ThermoMPNN,6eqe_Repair,1.104366421699524,5,R,Q,6eqe_Repair,A
114,ThermoMPNN,6eqe_Repair,0.0,5,R,R,6eqe_Repair,A
115,ThermoMPNN,6eqe_Repair,0.8853572607040405,5,R,S,6eqe_Repair,A
116,ThermoMPNN,6eqe_Repair,0.5073065757751465,5,R,T,6eqe_Repair,A
117,ThermoMPNN,6eqe_Repair,0.05924582481384277,5,R,V,6eqe_Repair,A
118,ThermoMPNN,6eqe_Repair,1.4839372634887695,5,R,W,6eqe_Repair,A
119,ThermoMPNN,6eqe_Repair,1.2110412120819092,5,R,Y,6eqe_Repair,A
120,ThermoMPNN,6eqe_Repair,2.1858365535736084,6,G,A,6eqe_Repair,A
121,ThermoMPNN,6eqe_Repair,1.8358194828033447,6,G,C,6eqe_Repair,A
122,ThermoMPNN,6eqe_Repair,2.8571815490722656,6,G,D,6eqe_Repair,A
123,ThermoMPNN,6eqe_Repair,3.0180742740631104,6,G,E,6eqe_Repair,A
124,ThermoMPNN,6eqe_Repair,1.9986048936843872,6,G,F,6eqe_Repair,A
125,ThermoMPNN,6eqe_Repair,0.0,6,G,G,6eqe_Repair,A
126,ThermoMPNN,6eqe_Repair,2.613327741622925,6,G,H,6eqe_Repair,A
127,ThermoMPNN,6eqe_Repair,2.645754337310791,6,G,I,6eqe_Repair,A
128,ThermoMPNN,6eqe_Repair,2.913086414337158,6,G,K,6eqe_Repair,A
129,ThermoMPNN,6eqe_Repair,2.4133307933807373,6,G,L,6eqe_Repair,A
130,ThermoMPNN,6eqe_Repair,2.3261427879333496,6,G,M,6eqe_Repair,A
131,ThermoMPNN,6eqe_Repair,2.7944576740264893,6,G,N,6eqe_Repair,A
132,ThermoMPNN,6eqe_Repair,2.7077598571777344,6,G,P,6eqe_Repair,A
133,ThermoMPNN,6eqe_Repair,2.8208067417144775,6,G,Q,6eqe_Repair,A
134,ThermoMPNN,6eqe_Repair,2.7273526191711426,6,G,R,6eqe_Repair,A
135,ThermoMPNN,6eqe_Repair,2.6054015159606934,6,G,S,6eqe_Repair,A
136,ThermoMPNN,6eqe_Repair,2.7356104850769043,6,G,T,6eqe_Repair,A
137,ThermoMPNN,6eqe_Repair,2.491299867630005,6,G,V,6eqe_Repair,A
138,ThermoMPNN,6eqe_Repair,2.2117414474487305,6,G,W,6eqe_Repair,A
139,ThermoMPNN,6eqe_Repair,2.232896566390991,6,G,Y,6eqe_Repair,A
140,ThermoMPNN,6eqe_Repair,0.614688515663147,7,P,A,6eqe_Repair,A
141,ThermoMPNN,6eqe_Repair,0.5497732162475586,7,P,C,6eqe_Repair,A
142,ThermoMPNN,6eqe_Repair,0.854202389717102,7,P,D,6eqe_Repair,A
143,ThermoMPNN,6eqe_Repair,0.898987889289856,7,P,E,6eqe_Repair,A
144,ThermoMPNN,6eqe_Repair,0.8307616710662842,7,P,F,6eqe_Repair,A
145,ThermoMPNN,6eqe_Repair,0.8412426710128784,7,P,G,6eqe_Repair,A
146,ThermoMPNN,6eqe_Repair,1.2181954383850098,7,P,H,6eqe_Repair,A
147,ThermoMPNN,6eqe_Repair,1.0012871026992798,7,P,I,6eqe_Repair,A
148,ThermoMPNN,6eqe_Repair,1.113938570022583,7,P,K,6eqe_Repair,A
149,ThermoMPNN,6eqe_Repair,0.8824998736381531,7,P,L,6eqe_Repair,A
150,ThermoMPNN,6eqe_Repair,0.8787026405334473,7,P,M,6eqe_Repair,A
151,ThermoMPNN,6eqe_Repair,1.0737018585205078,7,P,N,6eqe_Repair,A
152,ThermoMPNN,6eqe_Repair,0.0,7,P,P,6eqe_Repair,A
153,ThermoMPNN,6eqe_Repair,1.0602515935897827,7,P,Q,6eqe_Repair,A
154,ThermoMPNN,6eqe_Repair,1.1683787107467651,7,P,R,6eqe_Repair,A
155,ThermoMPNN,6eqe_Repair,0.7432405948638916,7,P,S,6eqe_Repair,A
156,ThermoMPNN,6eqe_Repair,0.9881380796432495,7,P,T,6eqe_Repair,A
157,ThermoMPNN,6eqe_Repair,1.0469951629638672,7,P,V,6eqe_Repair,A
158,ThermoMPNN,6eqe_Repair,1.0288548469543457,7,P,W,6eqe_Repair,A
159,ThermoMPNN,6eqe_Repair,1.0013597011566162,7,P,Y,6eqe_Repair,A
160,ThermoMPNN,6eqe_Repair,0.5293939113616943,8,N,A,6eqe_Repair,A
161,ThermoMPNN,6eqe_Repair,0.15784263610839844,8,N,C,6eqe_Repair,A
162,ThermoMPNN,6eqe_Repair,-0.1435680389404297,8,N,D,6eqe_Repair,A
163,ThermoMPNN,6eqe_Repair,0.247406005859375,8,N,E,6eqe_Repair,A
164,ThermoMPNN,6eqe_Repair,0.49794089794158936,8,N,F,6eqe_Repair,A
165,ThermoMPNN,6eqe_Repair,0.8915402293205261,8,N,G,6eqe_Repair,A
166,ThermoMPNN,6eqe_Repair,0.23066169023513794,8,N,H,6eqe_Repair,A
167,ThermoMPNN,6eqe_Repair,0.50284743309021,8,N,I,6eqe_Repair,A
168,ThermoMPNN,6eqe_Repair,0.6902368068695068,8,N,K,6eqe_Repair,A
169,ThermoMPNN,6eqe_Repair,0.3611048460006714,8,N,L,6eqe_Repair,A
170,ThermoMPNN,6eqe_Repair,0.5775314569473267,8,N,M,6eqe_Repair,A
171,ThermoMPNN,6eqe_Repair,0.0,8,N,N,6eqe_Repair,A
172,ThermoMPNN,6eqe_Repair,0.612383246421814,8,N,P,6eqe_Repair,A
173,ThermoMPNN,6eqe_Repair,0.5118523836135864,8,N,Q,6eqe_Repair,A
174,ThermoMPNN,6eqe_Repair,0.6367526054382324,8,N,R,6eqe_Repair,A
175,ThermoMPNN,6eqe_Repair,0.12998205423355103,8,N,S,6eqe_Repair,A
176,ThermoMPNN,6eqe_Repair,0.03373920917510986,8,N,T,6eqe_Repair,A
177,ThermoMPNN,6eqe_Repair,0.31464695930480957,8,N,V,6eqe_Repair,A
178,ThermoMPNN,6eqe_Repair,0.34364819526672363,8,N,W,6eqe_Repair,A
179,ThermoMPNN,6eqe_Repair,0.40151548385620117,8,N,Y,6eqe_Repair,A
180,ThermoMPNN,6eqe_Repair,1.3155598640441895,9,P,A,6eqe_Repair,A
181,ThermoMPNN,6eqe_Repair,1.2204251289367676,9,P,C,6eqe_Repair,A
182,ThermoMPNN,6eqe_Repair,2.074615001678467,9,P,D,6eqe_Repair,A
183,ThermoMPNN,6eqe_Repair,1.8845877647399902,9,P,E,6eqe_Repair,A
184,ThermoMPNN,6eqe_Repair,1.5083194971084595,9,P,F,6eqe_Repair,A
185,ThermoMPNN,6eqe_Repair,1.9651095867156982,9,P,G,6eqe_Repair,A
186,ThermoMPNN,6eqe_Repair,2.1816790103912354,9,P,H,6eqe_Repair,A
187,ThermoMPNN,6eqe_Repair,1.5259671211242676,9,P,I,6eqe_Repair,A
188,ThermoMPNN,6eqe_Repair,1.963636040687561,9,P,K,6eqe_Repair,A
189,ThermoMPNN,6eqe_Repair,1.5275510549545288,9,P,L,6eqe_Repair,A
190,ThermoMPNN,6eqe_Repair,1.6851816177368164,9,P,M,6eqe_Repair,A
191,ThermoMPNN,6eqe_Repair,2.1704018115997314,9,P,N,6eqe_Repair,A
192,ThermoMPNN,6eqe_Repair,0.0,9,P,P,6eqe_Repair,A
193,ThermoMPNN,6eqe_Repair,2.075918436050415,9,P,Q,6eqe_Repair,A
194,ThermoMPNN,6eqe_Repair,2.134455442428589,9,P,R,6eqe_Repair,A
195,ThermoMPNN,6eqe_Repair,1.8856117725372314,9,P,S,6eqe_Repair,A
196,ThermoMPNN,6eqe_Repair,2.1018378734588623,9,P,T,6eqe_Repair,A
197,ThermoMPNN,6eqe_Repair,1.6209912300109863,9,P,V,6eqe_Repair,A
198,ThermoMPNN,6eqe_Repair,1.862135887145996,9,P,W,6eqe_Repair,A
199,ThermoMPNN,6eqe_Repair,1.6911799907684326,9,P,Y,6eqe_Repair,A
200,ThermoMPNN,6eqe_Repair,2.2926230430603027,10,T,A,6eqe_Repair,A
201,ThermoMPNN,6eqe_Repair,1.6685152053833008,10,T,C,6eqe_Repair,A
202,ThermoMPNN,6eqe_Repair,1.6660056114196777,10,T,D,6eqe_Repair,A
203,ThermoMPNN,6eqe_Repair,2.4092278480529785,10,T,E,6eqe_Repair,A
204,ThermoMPNN,6eqe_Repair,2.45757794380188,10,T,F,6eqe_Repair,A
205,ThermoMPNN,6eqe_Repair,2.128422737121582,10,T,G,6eqe_Repair,A
206,ThermoMPNN,6eqe_Repair,1.8430993556976318,10,T,H,6eqe_Repair,A
207,ThermoMPNN,6eqe_Repair,2.651036262512207,10,T,I,6eqe_Repair,A
208,ThermoMPNN,6eqe_Repair,2.260554552078247,10,T,K,6eqe_Repair,A
209,ThermoMPNN,6eqe_Repair,2.3502492904663086,10,T,L,6eqe_Repair,A
210,ThermoMPNN,6eqe_Repair,2.3728742599487305,10,T,M,6eqe_Repair,A
211,ThermoMPNN,6eqe_Repair,1.032325029373169,10,T,N,6eqe_Repair,A
212,ThermoMPNN,6eqe_Repair,2.891695499420166,10,T,P,6eqe_Repair,A
213,ThermoMPNN,6eqe_Repair,2.264491319656372,10,T,Q,6eqe_Repair,A
214,ThermoMPNN,6eqe_Repair,2.0235214233398438,10,T,R,6eqe_Repair,A
215,ThermoMPNN,6eqe_Repair,0.6619822978973389,10,T,S,6eqe_Repair,A
216,ThermoMPNN,6eqe_Repair,0.0,10,T,T,6eqe_Repair,A
217,ThermoMPNN,6eqe_Repair,2.448413848876953,10,T,V,6eqe_Repair,A
218,ThermoMPNN,6eqe_Repair,2.5154640674591064,10,T,W,6eqe_Repair,A
219,ThermoMPNN,6eqe_Repair,2.330491065979004,10,T,Y,6eqe_Repair,A
220,ThermoMPNN,6eqe_Repair,0.0,11,A,A,6eqe_Repair,A
221,ThermoMPNN,6eqe_Repair,0.22284948825836182,11,A,C,6eqe_Repair,A
222,ThermoMPNN,6eqe_Repair,0.7604478597640991,11,A,D,6eqe_Repair,A
223,ThermoMPNN,6eqe_Repair,0.3133624196052551,11,A,E,6eqe_Repair,A
224,ThermoMPNN,6eqe_Repair,0.33792418241500854,11,A,F,6eqe_Repair,A
225,ThermoMPNN,6eqe_Repair,1.2230191230773926,11,A,G,6eqe_Repair,A
226,ThermoMPNN,6eqe_Repair,0.577525794506073,11,A,H,6eqe_Repair,A
227,ThermoMPNN,6eqe_Repair,-0.03292202949523926,11,A,I,6eqe_Repair,A
228,ThermoMPNN,6eqe_Repair,0.42038965225219727,11,A,K,6eqe_Repair,A
229,ThermoMPNN,6eqe_Repair,-0.006079435348510742,11,A,L,6eqe_Repair,A
230,ThermoMPNN,6eqe_Repair,0.1765599250793457,11,A,M,6eqe_Repair,A
231,ThermoMPNN,6eqe_Repair,0.7881430387496948,11,A,N,6eqe_Repair,A
232,ThermoMPNN,6eqe_Repair,1.0795550346374512,11,A,P,6eqe_Repair,A
233,ThermoMPNN,6eqe_Repair,0.3845866918563843,11,A,Q,6eqe_Repair,A
234,ThermoMPNN,6eqe_Repair,0.4000217318534851,11,A,R,6eqe_Repair,A
235,ThermoMPNN,6eqe_Repair,0.5606448650360107,11,A,S,6eqe_Repair,A
236,ThermoMPNN,6eqe_Repair,0.4249083995819092,11,A,T,6eqe_Repair,A
237,ThermoMPNN,6eqe_Repair,-0.1124039888381958,11,A,V,6eqe_Repair,A
238,ThermoMPNN,6eqe_Repair,0.12006855010986328,11,A,W,6eqe_Repair,A
239,ThermoMPNN,6eqe_Repair,0.27585554122924805,11,A,Y,6eqe_Repair,A
240,ThermoMPNN,6eqe_Repair,0.0,12,A,A,6eqe_Repair,A
241,ThermoMPNN,6eqe_Repair,0.29751479625701904,12,A,C,6eqe_Repair,A
242,ThermoMPNN,6eqe_Repair,0.6434831023216248,12,A,D,6eqe_Repair,A
243,ThermoMPNN,6eqe_Repair,0.379122257232666,12,A,E,6eqe_Repair,A
244,ThermoMPNN,6eqe_Repair,0.758701741695404,12,A,F,6eqe_Repair,A
245,ThermoMPNN,6eqe_Repair,0.6471585631370544,12,A,G,6eqe_Repair,A
246,ThermoMPNN,6eqe_Repair,0.49323105812072754,12,A,H,6eqe_Repair,A
247,ThermoMPNN,6eqe_Repair,0.6068440675735474,12,A,I,6eqe_Repair,A
248,ThermoMPNN,6eqe_Repair,0.37285280227661133,12,A,K,6eqe_Repair,A
249,ThermoMPNN,6eqe_Repair,0.5834038853645325,12,A,L,6eqe_Repair,A
250,ThermoMPNN,6eqe_Repair,0.6366003751754761,12,A,M,6eqe_Repair,A
251,ThermoMPNN,6eqe_Repair,0.6605409979820251,12,A,N,6eqe_Repair,A
252,ThermoMPNN,6eqe_Repair,1.288053035736084,12,A,P,6eqe_Repair,A
253,ThermoMPNN,6eqe_Repair,0.4136756658554077,12,A,Q,6eqe_Repair,A
254,ThermoMPNN,6eqe_Repair,0.4169520139694214,12,A,R,6eqe_Repair,A
255,ThermoMPNN,6eqe_Repair,0.24972009658813477,12,A,S,6eqe_Repair,A
256,ThermoMPNN,6eqe_Repair,0.6015771627426147,12,A,T,6eqe_Repair,A
257,ThermoMPNN,6eqe_Repair,0.5767086148262024,12,A,V,6eqe_Repair,A
258,ThermoMPNN,6eqe_Repair,0.5640811920166016,12,A,W,6eqe_Repair,A
259,ThermoMPNN,6eqe_Repair,0.6031241416931152,12,A,Y,6eqe_Repair,A
260,ThermoMPNN,6eqe_Repair,0.6507912874221802,13,S,A,6eqe_Repair,A
261,ThermoMPNN,6eqe_Repair,0.3352779150009155,13,S,C,6eqe_Repair,A
262,ThermoMPNN,6eqe_Repair,1.5142912864685059,13,S,D,6eqe_Repair,A
263,ThermoMPNN,6eqe_Repair,1.2342350482940674,13,S,E,6eqe_Repair,A
264,ThermoMPNN,6eqe_Repair,1.1157994270324707,13,S,F,6eqe_Repair,A
265,ThermoMPNN,6eqe_Repair,1.3030927181243896,13,S,G,6eqe_Repair,A
266,ThermoMPNN,6eqe_Repair,1.3524079322814941,13,S,H,6eqe_Repair,A
267,ThermoMPNN,6eqe_Repair,0.9945334196090698,13,S,I,6eqe_Repair,A
268,ThermoMPNN,6eqe_Repair,1.1814501285552979,13,S,K,6eqe_Repair,A
269,ThermoMPNN,6eqe_Repair,0.6957506537437439,13,S,L,6eqe_Repair,A
270,ThermoMPNN,6eqe_Repair,0.5304945707321167,13,S,M,6eqe_Repair,A
271,ThermoMPNN,6eqe_Repair,1.20772123336792,13,S,N,6eqe_Repair,A
272,ThermoMPNN,6eqe_Repair,2.4225199222564697,13,S,P,6eqe_Repair,A
273,ThermoMPNN,6eqe_Repair,1.0924155712127686,13,S,Q,6eqe_Repair,A
274,ThermoMPNN,6eqe_Repair,1.1294195652008057,13,S,R,6eqe_Repair,A
275,ThermoMPNN,6eqe_Repair,0.0,13,S,S,6eqe_Repair,A
276,ThermoMPNN,6eqe_Repair,0.4953552484512329,13,S,T,6eqe_Repair,A
277,ThermoMPNN,6eqe_Repair,0.9611075520515442,13,S,V,6eqe_Repair,A
278,ThermoMPNN,6eqe_Repair,1.182056188583374,13,S,W,6eqe_Repair,A
279,ThermoMPNN,6eqe_Repair,1.3507804870605469,13,S,Y,6eqe_Repair,A
280,ThermoMPNN,6eqe_Repair,2.1692566871643066,14,L,A,6eqe_Repair,A
281,ThermoMPNN,6eqe_Repair,1.4249496459960938,14,L,C,6eqe_Repair,A
282,ThermoMPNN,6eqe_Repair,1.6721590757369995,14,L,D,6eqe_Repair,A
283,ThermoMPNN,6eqe_Repair,1.9880609512329102,14,L,E,6eqe_Repair,A
284,ThermoMPNN,6eqe_Repair,1.523292899131775,14,L,F,6eqe_Repair,A
285,ThermoMPNN,6eqe_Repair,2.581002712249756,14,L,G,6eqe_Repair,A
286,ThermoMPNN,6eqe_Repair,2.2115671634674072,14,L,H,6eqe_Repair,A
287,ThermoMPNN,6eqe_Repair,1.2908986806869507,14,L,I,6eqe_Repair,A
288,ThermoMPNN,6eqe_Repair,2.458827018737793,14,L,K,6eqe_Repair,A
289,ThermoMPNN,6eqe_Repair,0.0,14,L,L,6eqe_Repair,A
290,ThermoMPNN,6eqe_Repair,1.0951683521270752,14,L,M,6eqe_Repair,A
291,ThermoMPNN,6eqe_Repair,2.232544422149658,14,L,N,6eqe_Repair,A
292,ThermoMPNN,6eqe_Repair,2.1762800216674805,14,L,P,6eqe_Repair,A
293,ThermoMPNN,6eqe_Repair,2.226411819458008,14,L,Q,6eqe_Repair,A
294,ThermoMPNN,6eqe_Repair,2.328368663787842,14,L,R,6eqe_Repair,A
295,ThermoMPNN,6eqe_Repair,2.2963051795959473,14,L,S,6eqe_Repair,A
296,ThermoMPNN,6eqe_Repair,2.1155519485473633,14,L,T,6eqe_Repair,A
297,ThermoMPNN,6eqe_Repair,1.6519900560379028,14,L,V,6eqe_Repair,A
298,ThermoMPNN,6eqe_Repair,2.045706272125244,14,L,W,6eqe_Repair,A
299,ThermoMPNN,6eqe_Repair,1.9930641651153564,14,L,Y,6eqe_Repair,A
300,ThermoMPNN,6eqe_Repair,0.34281158447265625,15,E,A,6eqe_Repair,A
301,ThermoMPNN,6eqe_Repair,0.4668842554092407,15,E,C,6eqe_Repair,A
302,ThermoMPNN,6eqe_Repair,1.1756558418273926,15,E,D,6eqe_Repair,A
303,ThermoMPNN,6eqe_Repair,0.0,15,E,E,6eqe_Repair,A
304,ThermoMPNN,6eqe_Repair,0.7677778601646423,15,E,F,6eqe_Repair,A
305,ThermoMPNN,6eqe_Repair,0.9312558174133301,15,E,G,6eqe_Repair,A
306,ThermoMPNN,6eqe_Repair,0.9525158405303955,15,E,H,6eqe_Repair,A
307,ThermoMPNN,6eqe_Repair,0.8625460267066956,15,E,I,6eqe_Repair,A
308,ThermoMPNN,6eqe_Repair,1.3855253458023071,15,E,K,6eqe_Repair,A
309,ThermoMPNN,6eqe_Repair,1.1184260845184326,15,E,L,6eqe_Repair,A
310,ThermoMPNN,6eqe_Repair,0.5727852582931519,15,E,M,6eqe_Repair,A
311,ThermoMPNN,6eqe_Repair,1.4081964492797852,15,E,N,6eqe_Repair,A
312,ThermoMPNN,6eqe_Repair,1.9849576950073242,15,E,P,6eqe_Repair,A
313,ThermoMPNN,6eqe_Repair,0.5492881536483765,15,E,Q,6eqe_Repair,A
314,ThermoMPNN,6eqe_Repair,1.291055679321289,15,E,R,6eqe_Repair,A
315,ThermoMPNN,6eqe_Repair,0.6374538540840149,15,E,S,6eqe_Repair,A
316,ThermoMPNN,6eqe_Repair,0.6421335339546204,15,E,T,6eqe_Repair,A
317,ThermoMPNN,6eqe_Repair,0.8178329467773438,15,E,V,6eqe_Repair,A
318,ThermoMPNN,6eqe_Repair,0.8367166519165039,15,E,W,6eqe_Repair,A
319,ThermoMPNN,6eqe_Repair,0.6992320418357849,15,E,Y,6eqe_Repair,A
320,ThermoMPNN,6eqe_Repair,0.0,16,A,A,6eqe_Repair,A
321,ThermoMPNN,6eqe_Repair,0.8543746471405029,16,A,C,6eqe_Repair,A
322,ThermoMPNN,6eqe_Repair,1.8036167621612549,16,A,D,6eqe_Repair,A
323,ThermoMPNN,6eqe_Repair,1.7033436298370361,16,A,E,6eqe_Repair,A
324,ThermoMPNN,6eqe_Repair,1.4589390754699707,16,A,F,6eqe_Repair,A
325,ThermoMPNN,6eqe_Repair,0.917256236076355,16,A,G,6eqe_Repair,A
326,ThermoMPNN,6eqe_Repair,1.2708189487457275,16,A,H,6eqe_Repair,A
327,ThermoMPNN,6eqe_Repair,1.512404203414917,16,A,I,6eqe_Repair,A
328,ThermoMPNN,6eqe_Repair,1.0367891788482666,16,A,K,6eqe_Repair,A
329,ThermoMPNN,6eqe_Repair,1.4873178005218506,16,A,L,6eqe_Repair,A
330,ThermoMPNN,6eqe_Repair,1.1156425476074219,16,A,M,6eqe_Repair,A
331,ThermoMPNN,6eqe_Repair,1.4803062677383423,16,A,N,6eqe_Repair,A
332,ThermoMPNN,6eqe_Repair,2.2713990211486816,16,A,P,6eqe_Repair,A
333,ThermoMPNN,6eqe_Repair,1.0905225276947021,16,A,Q,6eqe_Repair,A
334,ThermoMPNN,6eqe_Repair,0.9789535999298096,16,A,R,6eqe_Repair,A
335,ThermoMPNN,6eqe_Repair,0.6898524761199951,16,A,S,6eqe_Repair,A
336,ThermoMPNN,6eqe_Repair,1.3672723770141602,16,A,T,6eqe_Repair,A
337,ThermoMPNN,6eqe_Repair,1.3153812885284424,16,A,V,6eqe_Repair,A
338,ThermoMPNN,6eqe_Repair,1.4171324968338013,16,A,W,6eqe_Repair,A
339,ThermoMPNN,6eqe_Repair,1.4509774446487427,16,A,Y,6eqe_Repair,A
340,ThermoMPNN,6eqe_Repair,-0.0014232397079467773,17,S,A,6eqe_Repair,A
341,ThermoMPNN,6eqe_Repair,0.17175060510635376,17,S,C,6eqe_Repair,A
342,ThermoMPNN,6eqe_Repair,0.3910563588142395,17,S,D,6eqe_Repair,A
343,ThermoMPNN,6eqe_Repair,0.37181609869003296,17,S,E,6eqe_Repair,A
344,ThermoMPNN,6eqe_Repair,0.6251773834228516,17,S,F,6eqe_Repair,A
345,ThermoMPNN,6eqe_Repair,0.41876500844955444,17,S,G,6eqe_Repair,A
346,ThermoMPNN,6eqe_Repair,0.4014717936515808,17,S,H,6eqe_Repair,A
347,ThermoMPNN,6eqe_Repair,0.4646873474121094,17,S,I,6eqe_Repair,A
348,ThermoMPNN,6eqe_Repair,0.28444594144821167,17,S,K,6eqe_Repair,A
349,ThermoMPNN,6eqe_Repair,0.41559863090515137,17,S,L,6eqe_Repair,A
350,ThermoMPNN,6eqe_Repair,0.4714853763580322,17,S,M,6eqe_Repair,A
351,ThermoMPNN,6eqe_Repair,0.42799675464630127,17,S,N,6eqe_Repair,A
352,ThermoMPNN,6eqe_Repair,0.31884026527404785,17,S,P,6eqe_Repair,A
353,ThermoMPNN,6eqe_Repair,0.3635817766189575,17,S,Q,6eqe_Repair,A
354,ThermoMPNN,6eqe_Repair,0.3065488338470459,17,S,R,6eqe_Repair,A
355,ThermoMPNN,6eqe_Repair,0.0,17,S,S,6eqe_Repair,A
356,ThermoMPNN,6eqe_Repair,0.20340925455093384,17,S,T,6eqe_Repair,A
357,ThermoMPNN,6eqe_Repair,0.38035720586776733,17,S,V,6eqe_Repair,A
358,ThermoMPNN,6eqe_Repair,0.5101619362831116,17,S,W,6eqe_Repair,A
359,ThermoMPNN,6eqe_Repair,0.5570970177650452,17,S,Y,6eqe_Repair,A
360,ThermoMPNN,6eqe_Repair,0.0,18,A,A,6eqe_Repair,A
361,ThermoMPNN,6eqe_Repair,-0.0650511384010315,18,A,C,6eqe_Repair,A
362,ThermoMPNN,6eqe_Repair,0.8578382134437561,18,A,D,6eqe_Repair,A
363,ThermoMPNN,6eqe_Repair,0.6138383150100708,18,A,E,6eqe_Repair,A
364,ThermoMPNN,6eqe_Repair,0.36297255754470825,18,A,F,6eqe_Repair,A
365,ThermoMPNN,6eqe_Repair,0.6332526206970215,18,A,G,6eqe_Repair,A
366,ThermoMPNN,6eqe_Repair,0.06898391246795654,18,A,H,6eqe_Repair,A
367,ThermoMPNN,6eqe_Repair,0.1194307804107666,18,A,I,6eqe_Repair,A
368,ThermoMPNN,6eqe_Repair,0.007975518703460693,18,A,K,6eqe_Repair,A
369,ThermoMPNN,6eqe_Repair,0.30333536863327026,18,A,L,6eqe_Repair,A
370,ThermoMPNN,6eqe_Repair,0.19190973043441772,18,A,M,6eqe_Repair,A
371,ThermoMPNN,6eqe_Repair,0.4877757430076599,18,A,N,6eqe_Repair,A
372,ThermoMPNN,6eqe_Repair,1.0136406421661377,18,A,P,6eqe_Repair,A
373,ThermoMPNN,6eqe_Repair,0.09050101041793823,18,A,Q,6eqe_Repair,A
374,ThermoMPNN,6eqe_Repair,-0.09493690729141235,18,A,R,6eqe_Repair,A
375,ThermoMPNN,6eqe_Repair,0.0077620744705200195,18,A,S,6eqe_Repair,A
376,ThermoMPNN,6eqe_Repair,-0.17663389444351196,18,A,T,6eqe_Repair,A
377,ThermoMPNN,6eqe_Repair,-0.1850786805152893,18,A,V,6eqe_Repair,A
378,ThermoMPNN,6eqe_Repair,0.6061356067657471,18,A,W,6eqe_Repair,A
379,ThermoMPNN,6eqe_Repair,0.3530645966529846,18,A,Y,6eqe_Repair,A
380,ThermoMPNN,6eqe_Repair,2.1983022689819336,19,G,A,6eqe_Repair,A
381,ThermoMPNN,6eqe_Repair,1.5848705768585205,19,G,C,6eqe_Repair,A
382,ThermoMPNN,6eqe_Repair,2.762160539627075,19,G,D,6eqe_Repair,A
383,ThermoMPNN,6eqe_Repair,2.7855916023254395,19,G,E,6eqe_Repair,A
384,ThermoMPNN,6eqe_Repair,1.7415690422058105,19,G,F,6eqe_Repair,A
385,ThermoMPNN,6eqe_Repair,0.0,19,G,G,6eqe_Repair,A
386,ThermoMPNN,6eqe_Repair,2.4819698333740234,19,G,H,6eqe_Repair,A
387,ThermoMPNN,6eqe_Repair,2.2357683181762695,19,G,I,6eqe_Repair,A
388,ThermoMPNN,6eqe_Repair,2.632444143295288,19,G,K,6eqe_Repair,A
389,ThermoMPNN,6eqe_Repair,1.7408944368362427,19,G,L,6eqe_Repair,A
390,ThermoMPNN,6eqe_Repair,1.8560985326766968,19,G,M,6eqe_Repair,A
391,ThermoMPNN,6eqe_Repair,2.5408406257629395,19,G,N,6eqe_Repair,A
392,ThermoMPNN,6eqe_Repair,2.658482313156128,19,G,P,6eqe_Repair,A
393,ThermoMPNN,6eqe_Repair,2.5195045471191406,19,G,Q,6eqe_Repair,A
394,ThermoMPNN,6eqe_Repair,2.657236337661743,19,G,R,6eqe_Repair,A
395,ThermoMPNN,6eqe_Repair,2.4822070598602295,19,G,S,6eqe_Repair,A
396,ThermoMPNN,6eqe_Repair,2.5263547897338867,19,G,T,6eqe_Repair,A
397,ThermoMPNN,6eqe_Repair,2.0943875312805176,19,G,V,6eqe_Repair,A
398,ThermoMPNN,6eqe_Repair,2.1610608100891113,19,G,W,6eqe_Repair,A
399,ThermoMPNN,6eqe_Repair,2.16605281829834,19,G,Y,6eqe_Repair,A
400,ThermoMPNN,6eqe_Repair,-0.00898820161819458,20,P,A,6eqe_Repair,A
401,ThermoMPNN,6eqe_Repair,-0.17470663785934448,20,P,C,6eqe_Repair,A
402,ThermoMPNN,6eqe_Repair,0.9145174622535706,20,P,D,6eqe_Repair,A
403,ThermoMPNN,6eqe_Repair,0.6447790861129761,20,P,E,6eqe_Repair,A
404,ThermoMPNN,6eqe_Repair,-0.03788548707962036,20,P,F,6eqe_Repair,A
405,ThermoMPNN,6eqe_Repair,1.1061761379241943,20,P,G,6eqe_Repair,A
406,ThermoMPNN,6eqe_Repair,0.6209149360656738,20,P,H,6eqe_Repair,A
407,ThermoMPNN,6eqe_Repair,0.2392922043800354,20,P,I,6eqe_Repair,A
408,ThermoMPNN,6eqe_Repair,0.660757303237915,20,P,K,6eqe_Repair,A
409,ThermoMPNN,6eqe_Repair,0.20213574171066284,20,P,L,6eqe_Repair,A
410,ThermoMPNN,6eqe_Repair,0.40158623456954956,20,P,M,6eqe_Repair,A
411,ThermoMPNN,6eqe_Repair,0.870114803314209,20,P,N,6eqe_Repair,A
412,ThermoMPNN,6eqe_Repair,0.0,20,P,P,6eqe_Repair,A
413,ThermoMPNN,6eqe_Repair,0.8422848582267761,20,P,Q,6eqe_Repair,A
414,ThermoMPNN,6eqe_Repair,0.7012278437614441,20,P,R,6eqe_Repair,A
415,ThermoMPNN,6eqe_Repair,0.5782106518745422,20,P,S,6eqe_Repair,A
416,ThermoMPNN,6eqe_Repair,0.6392586827278137,20,P,T,6eqe_Repair,A
417,ThermoMPNN,6eqe_Repair,0.1612910032272339,20,P,V,6eqe_Repair,A
418,ThermoMPNN,6eqe_Repair,-0.017192602157592773,20,P,W,6eqe_Repair,A
419,ThermoMPNN,6eqe_Repair,-0.01162344217300415,20,P,Y,6eqe_Repair,A
420,ThermoMPNN,6eqe_Repair,2.384627342224121,21,F,A,6eqe_Repair,A
421,ThermoMPNN,6eqe_Repair,1.5011837482452393,21,F,C,6eqe_Repair,A
422,ThermoMPNN,6eqe_Repair,2.1815009117126465,21,F,D,6eqe_Repair,A
423,ThermoMPNN,6eqe_Repair,2.277207136154175,21,F,E,6eqe_Repair,A
424,ThermoMPNN,6eqe_Repair,0.0,21,F,F,6eqe_Repair,A
425,ThermoMPNN,6eqe_Repair,2.5741021633148193,21,F,G,6eqe_Repair,A
426,ThermoMPNN,6eqe_Repair,2.1111459732055664,21,F,H,6eqe_Repair,A
427,ThermoMPNN,6eqe_Repair,1.7442891597747803,21,F,I,6eqe_Repair,A
428,ThermoMPNN,6eqe_Repair,2.5428152084350586,21,F,K,6eqe_Repair,A
429,ThermoMPNN,6eqe_Repair,1.5780303478240967,21,F,L,6eqe_Repair,A
430,ThermoMPNN,6eqe_Repair,1.5430514812469482,21,F,M,6eqe_Repair,A
431,ThermoMPNN,6eqe_Repair,2.3505053520202637,21,F,N,6eqe_Repair,A
432,ThermoMPNN,6eqe_Repair,2.249176502227783,21,F,P,6eqe_Repair,A
433,ThermoMPNN,6eqe_Repair,2.4936020374298096,21,F,Q,6eqe_Repair,A
434,ThermoMPNN,6eqe_Repair,2.3230092525482178,21,F,R,6eqe_Repair,A
435,ThermoMPNN,6eqe_Repair,2.305694580078125,21,F,S,6eqe_Repair,A
436,ThermoMPNN,6eqe_Repair,2.150928020477295,21,F,T,6eqe_Repair,A
437,ThermoMPNN,6eqe_Repair,1.983388066291809,21,F,V,6eqe_Repair,A
438,ThermoMPNN,6eqe_Repair,0.908301591873169,21,F,W,6eqe_Repair,A
439,ThermoMPNN,6eqe_Repair,0.7678196430206299,21,F,Y,6eqe_Repair,A
440,ThermoMPNN,6eqe_Repair,0.4879944920539856,22,T,A,6eqe_Repair,A
441,ThermoMPNN,6eqe_Repair,0.2719991207122803,22,T,C,6eqe_Repair,A
442,ThermoMPNN,6eqe_Repair,0.5474289655685425,22,T,D,6eqe_Repair,A
443,ThermoMPNN,6eqe_Repair,0.3036540746688843,22,T,E,6eqe_Repair,A
444,ThermoMPNN,6eqe_Repair,0.5274567604064941,22,T,F,6eqe_Repair,A
445,ThermoMPNN,6eqe_Repair,0.817493736743927,22,T,G,6eqe_Repair,A
446,ThermoMPNN,6eqe_Repair,0.4086090326309204,22,T,H,6eqe_Repair,A
447,ThermoMPNN,6eqe_Repair,0.4692327380180359,22,T,I,6eqe_Repair,A
448,ThermoMPNN,6eqe_Repair,0.5511009693145752,22,T,K,6eqe_Repair,A
449,ThermoMPNN,6eqe_Repair,0.5122078061103821,22,T,L,6eqe_Repair,A
450,ThermoMPNN,6eqe_Repair,0.6147184371948242,22,T,M,6eqe_Repair,A
451,ThermoMPNN,6eqe_Repair,0.5183441638946533,22,T,N,6eqe_Repair,A
452,ThermoMPNN,6eqe_Repair,1.26890230178833,22,T,P,6eqe_Repair,A
453,ThermoMPNN,6eqe_Repair,0.4491633176803589,22,T,Q,6eqe_Repair,A
454,ThermoMPNN,6eqe_Repair,0.5793870687484741,22,T,R,6eqe_Repair,A
455,ThermoMPNN,6eqe_Repair,0.23227745294570923,22,T,S,6eqe_Repair,A
456,ThermoMPNN,6eqe_Repair,0.0,22,T,T,6eqe_Repair,A
457,ThermoMPNN,6eqe_Repair,0.33458298444747925,22,T,V,6eqe_Repair,A
458,ThermoMPNN,6eqe_Repair,0.4557420015335083,22,T,W,6eqe_Repair,A
459,ThermoMPNN,6eqe_Repair,0.41708505153656006,22,T,Y,6eqe_Repair,A
460,ThermoMPNN,6eqe_Repair,2.4417402744293213,23,V,A,6eqe_Repair,A
461,ThermoMPNN,6eqe_Repair,1.5254712104797363,23,V,C,6eqe_Repair,A
462,ThermoMPNN,6eqe_Repair,3.377744197845459,23,V,D,6eqe_Repair,A
463,ThermoMPNN,6eqe_Repair,3.0749120712280273,23,V,E,6eqe_Repair,A
464,ThermoMPNN,6eqe_Repair,1.7795510292053223,23,V,F,6eqe_Repair,A
465,ThermoMPNN,6eqe_Repair,3.2093915939331055,23,V,G,6eqe_Repair,A
466,ThermoMPNN,6eqe_Repair,3.161663293838501,23,V,H,6eqe_Repair,A
467,ThermoMPNN,6eqe_Repair,0.21340107917785645,23,V,I,6eqe_Repair,A
468,ThermoMPNN,6eqe_Repair,3.133692502975464,23,V,K,6eqe_Repair,A
469,ThermoMPNN,6eqe_Repair,0.9609204530715942,23,V,L,6eqe_Repair,A
470,ThermoMPNN,6eqe_Repair,1.5144766569137573,23,V,M,6eqe_Repair,A
471,ThermoMPNN,6eqe_Repair,3.420607089996338,23,V,N,6eqe_Repair,A
472,ThermoMPNN,6eqe_Repair,2.7297677993774414,23,V,P,6eqe_Repair,A
473,ThermoMPNN,6eqe_Repair,3.011052370071411,23,V,Q,6eqe_Repair,A
474,ThermoMPNN,6eqe_Repair,3.030837297439575,23,V,R,6eqe_Repair,A
475,ThermoMPNN,6eqe_Repair,2.9560582637786865,23,V,S,6eqe_Repair,A
476,ThermoMPNN,6eqe_Repair,1.9730219841003418,23,V,T,6eqe_Repair,A
477,ThermoMPNN,6eqe_Repair,0.0,23,V,V,6eqe_Repair,A
478,ThermoMPNN,6eqe_Repair,2.2958126068115234,23,V,W,6eqe_Repair,A
479,ThermoMPNN,6eqe_Repair,2.42681884765625,23,V,Y,6eqe_Repair,A
480,ThermoMPNN,6eqe_Repair,-0.4624619483947754,24,R,A,6eqe_Repair,A
481,ThermoMPNN,6eqe_Repair,-0.3375208377838135,24,R,C,6eqe_Repair,A
482,ThermoMPNN,6eqe_Repair,0.7312578558921814,24,R,D,6eqe_Repair,A
483,ThermoMPNN,6eqe_Repair,0.28637421131134033,24,R,E,6eqe_Repair,A
484,ThermoMPNN,6eqe_Repair,0.14131492376327515,24,R,F,6eqe_Repair,A
485,ThermoMPNN,6eqe_Repair,0.8318576216697693,24,R,G,6eqe_Repair,A
486,ThermoMPNN,6eqe_Repair,0.34000062942504883,24,R,H,6eqe_Repair,A
487,ThermoMPNN,6eqe_Repair,-0.2721973657608032,24,R,I,6eqe_Repair,A
488,ThermoMPNN,6eqe_Repair,0.29645758867263794,24,R,K,6eqe_Repair,A
489,ThermoMPNN,6eqe_Repair,0.14822083711624146,24,R,L,6eqe_Repair,A
490,ThermoMPNN,6eqe_Repair,-0.2382645606994629,24,R,M,6eqe_Repair,A
491,ThermoMPNN,6eqe_Repair,0.6576582193374634,24,R,N,6eqe_Repair,A
492,ThermoMPNN,6eqe_Repair,2.9066989421844482,24,R,P,6eqe_Repair,A
493,ThermoMPNN,6eqe_Repair,0.00022417306900024414,24,R,Q,6eqe_Repair,A
494,ThermoMPNN,6eqe_Repair,0.0,24,R,R,6eqe_Repair,A
495,ThermoMPNN,6eqe_Repair,-0.22534644603729248,24,R,S,6eqe_Repair,A
496,ThermoMPNN,6eqe_Repair,-0.11643600463867188,24,R,T,6eqe_Repair,A
497,ThermoMPNN,6eqe_Repair,-0.4236776828765869,24,R,V,6eqe_Repair,A
498,ThermoMPNN,6eqe_Repair,0.26558178663253784,24,R,W,6eqe_Repair,A
499,ThermoMPNN,6eqe_Repair,0.28860533237457275,24,R,Y,6eqe_Repair,A
500,ThermoMPNN,6eqe_Repair,0.30812233686447144,25,S,A,6eqe_Repair,A
501,ThermoMPNN,6eqe_Repair,-0.33838677406311035,25,S,C,6eqe_Repair,A
502,ThermoMPNN,6eqe_Repair,1.1062061786651611,25,S,D,6eqe_Repair,A
503,ThermoMPNN,6eqe_Repair,0.04641842842102051,25,S,E,6eqe_Repair,A
504,ThermoMPNN,6eqe_Repair,-0.13811838626861572,25,S,F,6eqe_Repair,A
505,ThermoMPNN,6eqe_Repair,1.3269696235656738,25,S,G,6eqe_Repair,A
506,ThermoMPNN,6eqe_Repair,0.10339385271072388,25,S,H,6eqe_Repair,A
507,ThermoMPNN,6eqe_Repair,-0.04243183135986328,25,S,I,6eqe_Repair,A
508,ThermoMPNN,6eqe_Repair,0.36243295669555664,25,S,K,6eqe_Repair,A
509,ThermoMPNN,6eqe_Repair,0.35652637481689453,25,S,L,6eqe_Repair,A
510,ThermoMPNN,6eqe_Repair,0.10959720611572266,25,S,M,6eqe_Repair,A
511,ThermoMPNN,6eqe_Repair,0.8754779100418091,25,S,N,6eqe_Repair,A
512,ThermoMPNN,6eqe_Repair,2.5438756942749023,25,S,P,6eqe_Repair,A
513,ThermoMPNN,6eqe_Repair,-0.03365135192871094,25,S,Q,6eqe_Repair,A
514,ThermoMPNN,6eqe_Repair,0.3956177234649658,25,S,R,6eqe_Repair,A
515,ThermoMPNN,6eqe_Repair,0.0,25,S,S,6eqe_Repair,A
516,ThermoMPNN,6eqe_Repair,0.01693248748779297,25,S,T,6eqe_Repair,A
517,ThermoMPNN,6eqe_Repair,-0.1900726556777954,25,S,V,6eqe_Repair,A
518,ThermoMPNN,6eqe_Repair,-0.2577773332595825,25,S,W,6eqe_Repair,A
519,ThermoMPNN,6eqe_Repair,-0.23083722591400146,25,S,Y,6eqe_Repair,A
520,ThermoMPNN,6eqe_Repair,2.7289321422576904,26,F,A,6eqe_Repair,A
521,ThermoMPNN,6eqe_Repair,1.4649584293365479,26,F,C,6eqe_Repair,A
522,ThermoMPNN,6eqe_Repair,2.8297348022460938,26,F,D,6eqe_Repair,A
523,ThermoMPNN,6eqe_Repair,2.706350564956665,26,F,E,6eqe_Repair,A
524,ThermoMPNN,6eqe_Repair,0.0,26,F,F,6eqe_Repair,A
525,ThermoMPNN,6eqe_Repair,3.3922417163848877,26,F,G,6eqe_Repair,A
526,ThermoMPNN,6eqe_Repair,2.927752733230591,26,F,H,6eqe_Repair,A
527,ThermoMPNN,6eqe_Repair,1.4980305433273315,26,F,I,6eqe_Repair,A
528,ThermoMPNN,6eqe_Repair,3.271862030029297,26,F,K,6eqe_Repair,A
529,ThermoMPNN,6eqe_Repair,1.7876296043395996,26,F,L,6eqe_Repair,A
530,ThermoMPNN,6eqe_Repair,1.6768887042999268,26,F,M,6eqe_Repair,A
531,ThermoMPNN,6eqe_Repair,3.15488862991333,26,F,N,6eqe_Repair,A
532,ThermoMPNN,6eqe_Repair,3.505150556564331,26,F,P,6eqe_Repair,A
533,ThermoMPNN,6eqe_Repair,3.0643155574798584,26,F,Q,6eqe_Repair,A
534,ThermoMPNN,6eqe_Repair,3.0349624156951904,26,F,R,6eqe_Repair,A
535,ThermoMPNN,6eqe_Repair,2.713062047958374,26,F,S,6eqe_Repair,A
536,ThermoMPNN,6eqe_Repair,2.4440367221832275,26,F,T,6eqe_Repair,A
537,ThermoMPNN,6eqe_Repair,1.7129788398742676,26,F,V,6eqe_Repair,A
538,ThermoMPNN,6eqe_Repair,1.9017130136489868,26,F,W,6eqe_Repair,A
539,ThermoMPNN,6eqe_Repair,1.8183846473693848,26,F,Y,6eqe_Repair,A
540,ThermoMPNN,6eqe_Repair,0.4036569595336914,27,T,A,6eqe_Repair,A
541,ThermoMPNN,6eqe_Repair,-0.017559170722961426,27,T,C,6eqe_Repair,A
542,ThermoMPNN,6eqe_Repair,0.3551100492477417,27,T,D,6eqe_Repair,A
543,ThermoMPNN,6eqe_Repair,0.05406379699707031,27,T,E,6eqe_Repair,A
544,ThermoMPNN,6eqe_Repair,0.12448900938034058,27,T,F,6eqe_Repair,A
545,ThermoMPNN,6eqe_Repair,1.1081513166427612,27,T,G,6eqe_Repair,A
546,ThermoMPNN,6eqe_Repair,0.21637266874313354,27,T,H,6eqe_Repair,A
547,ThermoMPNN,6eqe_Repair,0.009952068328857422,27,T,I,6eqe_Repair,A
548,ThermoMPNN,6eqe_Repair,0.4827430248260498,27,T,K,6eqe_Repair,A
549,ThermoMPNN,6eqe_Repair,0.18020111322402954,27,T,L,6eqe_Repair,A
550,ThermoMPNN,6eqe_Repair,0.27838653326034546,27,T,M,6eqe_Repair,A
551,ThermoMPNN,6eqe_Repair,0.47538185119628906,27,T,N,6eqe_Repair,A
552,ThermoMPNN,6eqe_Repair,1.5309221744537354,27,T,P,6eqe_Repair,A
553,ThermoMPNN,6eqe_Repair,0.2676789164543152,27,T,Q,6eqe_Repair,A
554,ThermoMPNN,6eqe_Repair,0.4396941065788269,27,T,R,6eqe_Repair,A
555,ThermoMPNN,6eqe_Repair,0.27209967374801636,27,T,S,6eqe_Repair,A
556,ThermoMPNN,6eqe_Repair,0.0,27,T,T,6eqe_Repair,A
557,ThermoMPNN,6eqe_Repair,-0.0636063814163208,27,T,V,6eqe_Repair,A
558,ThermoMPNN,6eqe_Repair,-0.020305633544921875,27,T,W,6eqe_Repair,A
559,ThermoMPNN,6eqe_Repair,0.01860707998275757,27,T,Y,6eqe_Repair,A
560,ThermoMPNN,6eqe_Repair,2.3463850021362305,28,V,A,6eqe_Repair,A
561,ThermoMPNN,6eqe_Repair,1.3115761280059814,28,V,C,6eqe_Repair,A
562,ThermoMPNN,6eqe_Repair,2.883507490158081,28,V,D,6eqe_Repair,A
563,ThermoMPNN,6eqe_Repair,3.1661086082458496,28,V,E,6eqe_Repair,A
564,ThermoMPNN,6eqe_Repair,1.038346767425537,28,V,F,6eqe_Repair,A
565,ThermoMPNN,6eqe_Repair,3.2102210521698,28,V,G,6eqe_Repair,A
566,ThermoMPNN,6eqe_Repair,2.6268444061279297,28,V,H,6eqe_Repair,A
567,ThermoMPNN,6eqe_Repair,-0.382413387298584,28,V,I,6eqe_Repair,A
568,ThermoMPNN,6eqe_Repair,3.1770095825195312,28,V,K,6eqe_Repair,A
569,ThermoMPNN,6eqe_Repair,0.6303374767303467,28,V,L,6eqe_Repair,A
570,ThermoMPNN,6eqe_Repair,1.2002164125442505,28,V,M,6eqe_Repair,A
571,ThermoMPNN,6eqe_Repair,2.8142518997192383,28,V,N,6eqe_Repair,A
572,ThermoMPNN,6eqe_Repair,2.977708101272583,28,V,P,6eqe_Repair,A
573,ThermoMPNN,6eqe_Repair,3.0176689624786377,28,V,Q,6eqe_Repair,A
574,ThermoMPNN,6eqe_Repair,3.052170515060425,28,V,R,6eqe_Repair,A
575,ThermoMPNN,6eqe_Repair,2.74788498878479,28,V,S,6eqe_Repair,A
576,ThermoMPNN,6eqe_Repair,2.1904032230377197,28,V,T,6eqe_Repair,A
577,ThermoMPNN,6eqe_Repair,0.0,28,V,V,6eqe_Repair,A
578,ThermoMPNN,6eqe_Repair,1.680633306503296,28,V,W,6eqe_Repair,A
579,ThermoMPNN,6eqe_Repair,1.7049076557159424,28,V,Y,6eqe_Repair,A
580,ThermoMPNN,6eqe_Repair,0.1432715654373169,29,S,A,6eqe_Repair,A
581,ThermoMPNN,6eqe_Repair,0.13339918851852417,29,S,C,6eqe_Repair,A
582,ThermoMPNN,6eqe_Repair,0.26287829875946045,29,S,D,6eqe_Repair,A
583,ThermoMPNN,6eqe_Repair,0.15480637550354004,29,S,E,6eqe_Repair,A
584,ThermoMPNN,6eqe_Repair,0.48734045028686523,29,S,F,6eqe_Repair,A
585,ThermoMPNN,6eqe_Repair,0.3358888030052185,29,S,G,6eqe_Repair,A
586,ThermoMPNN,6eqe_Repair,0.3410518169403076,29,S,H,6eqe_Repair,A
587,ThermoMPNN,6eqe_Repair,0.45660316944122314,29,S,I,6eqe_Repair,A
588,ThermoMPNN,6eqe_Repair,0.2542327642440796,29,S,K,6eqe_Repair,A
589,ThermoMPNN,6eqe_Repair,0.403378963470459,29,S,L,6eqe_Repair,A
590,ThermoMPNN,6eqe_Repair,0.45115983486175537,29,S,M,6eqe_Repair,A
591,ThermoMPNN,6eqe_Repair,0.30963975191116333,29,S,N,6eqe_Repair,A
592,ThermoMPNN,6eqe_Repair,0.2931036353111267,29,S,P,6eqe_Repair,A
593,ThermoMPNN,6eqe_Repair,0.27683937549591064,29,S,Q,6eqe_Repair,A
594,ThermoMPNN,6eqe_Repair,0.34307974576950073,29,S,R,6eqe_Repair,A
595,ThermoMPNN,6eqe_Repair,0.0,29,S,S,6eqe_Repair,A
596,ThermoMPNN,6eqe_Repair,0.15680789947509766,29,S,T,6eqe_Repair,A
597,ThermoMPNN,6eqe_Repair,0.45355701446533203,29,S,V,6eqe_Repair,A
598,ThermoMPNN,6eqe_Repair,0.49314582347869873,29,S,W,6eqe_Repair,A
599,ThermoMPNN,6eqe_Repair,0.5233243703842163,29,S,Y,6eqe_Repair,A
600,ThermoMPNN,6eqe_Repair,0.2731322646141052,30,R,A,6eqe_Repair,A
601,ThermoMPNN,6eqe_Repair,-0.017814278602600098,30,R,C,6eqe_Repair,A
602,ThermoMPNN,6eqe_Repair,0.7760633826255798,30,R,D,6eqe_Repair,A
603,ThermoMPNN,6eqe_Repair,0.5886834859848022,30,R,E,6eqe_Repair,A
604,ThermoMPNN,6eqe_Repair,0.3521694540977478,30,R,F,6eqe_Repair,A
605,ThermoMPNN,6eqe_Repair,0.6322800517082214,30,R,G,6eqe_Repair,A
606,ThermoMPNN,6eqe_Repair,0.1646602749824524,30,R,H,6eqe_Repair,A
607,ThermoMPNN,6eqe_Repair,0.3947176933288574,30,R,I,6eqe_Repair,A
608,ThermoMPNN,6eqe_Repair,0.20965611934661865,30,R,K,6eqe_Repair,A
609,ThermoMPNN,6eqe_Repair,0.437686026096344,30,R,L,6eqe_Repair,A
610,ThermoMPNN,6eqe_Repair,0.3365309238433838,30,R,M,6eqe_Repair,A
611,ThermoMPNN,6eqe_Repair,0.17609506845474243,30,R,N,6eqe_Repair,A
612,ThermoMPNN,6eqe_Repair,1.5653467178344727,30,R,P,6eqe_Repair,A
613,ThermoMPNN,6eqe_Repair,0.3311210870742798,30,R,Q,6eqe_Repair,A
614,ThermoMPNN,6eqe_Repair,0.0,30,R,R,6eqe_Repair,A
615,ThermoMPNN,6eqe_Repair,-0.3216280937194824,30,R,S,6eqe_Repair,A
616,ThermoMPNN,6eqe_Repair,-0.5161056518554688,30,R,T,6eqe_Repair,A
617,ThermoMPNN,6eqe_Repair,0.26708298921585083,30,R,V,6eqe_Repair,A
618,ThermoMPNN,6eqe_Repair,0.3700195550918579,30,R,W,6eqe_Repair,A
619,ThermoMPNN,6eqe_Repair,0.2312644124031067,30,R,Y,6eqe_Repair,A
620,ThermoMPNN,6eqe_Repair,1.568446397781372,31,P,A,6eqe_Repair,A
621,ThermoMPNN,6eqe_Repair,1.1422761678695679,31,P,C,6eqe_Repair,A
622,ThermoMPNN,6eqe_Repair,2.8229029178619385,31,P,D,6eqe_Repair,A
623,ThermoMPNN,6eqe_Repair,2.0853934288024902,31,P,E,6eqe_Repair,A
624,ThermoMPNN,6eqe_Repair,1.505037784576416,31,P,F,6eqe_Repair,A
625,ThermoMPNN,6eqe_Repair,2.6966590881347656,31,P,G,6eqe_Repair,A
626,ThermoMPNN,6eqe_Repair,2.433239698410034,31,P,H,6eqe_Repair,A
627,ThermoMPNN,6eqe_Repair,1.4501121044158936,31,P,I,6eqe_Repair,A
628,ThermoMPNN,6eqe_Repair,2.346208333969116,31,P,K,6eqe_Repair,A
629,ThermoMPNN,6eqe_Repair,1.6565585136413574,31,P,L,6eqe_Repair,A
630,ThermoMPNN,6eqe_Repair,1.7646560668945312,31,P,M,6eqe_Repair,A
631,ThermoMPNN,6eqe_Repair,2.6412270069122314,31,P,N,6eqe_Repair,A
632,ThermoMPNN,6eqe_Repair,0.0,31,P,P,6eqe_Repair,A
633,ThermoMPNN,6eqe_Repair,2.428565502166748,31,P,Q,6eqe_Repair,A
634,ThermoMPNN,6eqe_Repair,2.5885961055755615,31,P,R,6eqe_Repair,A
635,ThermoMPNN,6eqe_Repair,2.100459337234497,31,P,S,6eqe_Repair,A
636,ThermoMPNN,6eqe_Repair,2.0647945404052734,31,P,T,6eqe_Repair,A
637,ThermoMPNN,6eqe_Repair,1.4828035831451416,31,P,V,6eqe_Repair,A
638,ThermoMPNN,6eqe_Repair,1.9005855321884155,31,P,W,6eqe_Repair,A
639,ThermoMPNN,6eqe_Repair,1.7407495975494385,31,P,Y,6eqe_Repair,A
640,ThermoMPNN,6eqe_Repair,0.3676219582557678,32,S,A,6eqe_Repair,A
641,ThermoMPNN,6eqe_Repair,-0.011310160160064697,32,S,C,6eqe_Repair,A
642,ThermoMPNN,6eqe_Repair,0.16097158193588257,32,S,D,6eqe_Repair,A
643,ThermoMPNN,6eqe_Repair,0.08155953884124756,32,S,E,6eqe_Repair,A
644,ThermoMPNN,6eqe_Repair,0.3031184673309326,32,S,F,6eqe_Repair,A
645,ThermoMPNN,6eqe_Repair,0.8559502363204956,32,S,G,6eqe_Repair,A
646,ThermoMPNN,6eqe_Repair,0.17190688848495483,32,S,H,6eqe_Repair,A
647,ThermoMPNN,6eqe_Repair,0.0038619041442871094,32,S,I,6eqe_Repair,A
648,ThermoMPNN,6eqe_Repair,0.42471325397491455,32,S,K,6eqe_Repair,A
649,ThermoMPNN,6eqe_Repair,0.1713801622390747,32,S,L,6eqe_Repair,A
650,ThermoMPNN,6eqe_Repair,0.22228187322616577,32,S,M,6eqe_Repair,A
651,ThermoMPNN,6eqe_Repair,0.21940815448760986,32,S,N,6eqe_Repair,A
652,ThermoMPNN,6eqe_Repair,1.6978850364685059,32,S,P,6eqe_Repair,A
653,ThermoMPNN,6eqe_Repair,0.09242385625839233,32,S,Q,6eqe_Repair,A
654,ThermoMPNN,6eqe_Repair,0.3705862760543823,32,S,R,6eqe_Repair,A
655,ThermoMPNN,6eqe_Repair,0.0,32,S,S,6eqe_Repair,A
656,ThermoMPNN,6eqe_Repair,-0.26219844818115234,32,S,T,6eqe_Repair,A
657,ThermoMPNN,6eqe_Repair,-0.0839388370513916,32,S,V,6eqe_Repair,A
658,ThermoMPNN,6eqe_Repair,0.24548065662384033,32,S,W,6eqe_Repair,A
659,ThermoMPNN,6eqe_Repair,0.2584490180015564,32,S,Y,6eqe_Repair,A
660,ThermoMPNN,6eqe_Repair,1.2094708681106567,33,G,A,6eqe_Repair,A
661,ThermoMPNN,6eqe_Repair,0.6384353637695312,33,G,C,6eqe_Repair,A
662,ThermoMPNN,6eqe_Repair,1.112781286239624,33,G,D,6eqe_Repair,A
663,ThermoMPNN,6eqe_Repair,1.2676655054092407,33,G,E,6eqe_Repair,A
664,ThermoMPNN,6eqe_Repair,1.1067414283752441,33,G,F,6eqe_Repair,A
665,ThermoMPNN,6eqe_Repair,0.0,33,G,G,6eqe_Repair,A
666,ThermoMPNN,6eqe_Repair,1.1348066329956055,33,G,H,6eqe_Repair,A
667,ThermoMPNN,6eqe_Repair,1.3811256885528564,33,G,I,6eqe_Repair,A
668,ThermoMPNN,6eqe_Repair,1.3499799966812134,33,G,K,6eqe_Repair,A
669,ThermoMPNN,6eqe_Repair,1.137663722038269,33,G,L,6eqe_Repair,A
670,ThermoMPNN,6eqe_Repair,1.164170503616333,33,G,M,6eqe_Repair,A
671,ThermoMPNN,6eqe_Repair,0.9725303053855896,33,G,N,6eqe_Repair,A
672,ThermoMPNN,6eqe_Repair,1.7137105464935303,33,G,P,6eqe_Repair,A
673,ThermoMPNN,6eqe_Repair,1.3327174186706543,33,G,Q,6eqe_Repair,A
674,ThermoMPNN,6eqe_Repair,1.369154930114746,33,G,R,6eqe_Repair,A
675,ThermoMPNN,6eqe_Repair,1.2107062339782715,33,G,S,6eqe_Repair,A
676,ThermoMPNN,6eqe_Repair,1.4006385803222656,33,G,T,6eqe_Repair,A
677,ThermoMPNN,6eqe_Repair,1.4289095401763916,33,G,V,6eqe_Repair,A
678,ThermoMPNN,6eqe_Repair,1.2697150707244873,33,G,W,6eqe_Repair,A
679,ThermoMPNN,6eqe_Repair,1.246889352798462,33,G,Y,6eqe_Repair,A
680,ThermoMPNN,6eqe_Repair,2.6783158779144287,34,Y,A,6eqe_Repair,A
681,ThermoMPNN,6eqe_Repair,1.9161171913146973,34,Y,C,6eqe_Repair,A
682,ThermoMPNN,6eqe_Repair,2.431058406829834,34,Y,D,6eqe_Repair,A
683,ThermoMPNN,6eqe_Repair,2.5939226150512695,34,Y,E,6eqe_Repair,A
684,ThermoMPNN,6eqe_Repair,-0.30022692680358887,34,Y,F,6eqe_Repair,A
685,ThermoMPNN,6eqe_Repair,2.6060969829559326,34,Y,G,6eqe_Repair,A
686,ThermoMPNN,6eqe_Repair,2.0949668884277344,34,Y,H,6eqe_Repair,A
687,ThermoMPNN,6eqe_Repair,1.932864785194397,34,Y,I,6eqe_Repair,A
688,ThermoMPNN,6eqe_Repair,2.6562869548797607,34,Y,K,6eqe_Repair,A
689,ThermoMPNN,6eqe_Repair,1.9262664318084717,34,Y,L,6eqe_Repair,A
690,ThermoMPNN,6eqe_Repair,1.763986349105835,34,Y,M,6eqe_Repair,A
691,ThermoMPNN,6eqe_Repair,2.6234984397888184,34,Y,N,6eqe_Repair,A
692,ThermoMPNN,6eqe_Repair,2.303438186645508,34,Y,P,6eqe_Repair,A
693,ThermoMPNN,6eqe_Repair,2.6341562271118164,34,Y,Q,6eqe_Repair,A
694,ThermoMPNN,6eqe_Repair,2.3062191009521484,34,Y,R,6eqe_Repair,A
695,ThermoMPNN,6eqe_Repair,2.6472692489624023,34,Y,S,6eqe_Repair,A
696,ThermoMPNN,6eqe_Repair,2.382483959197998,34,Y,T,6eqe_Repair,A
697,ThermoMPNN,6eqe_Repair,2.0777523517608643,34,Y,V,6eqe_Repair,A
698,ThermoMPNN,6eqe_Repair,0.5725047588348389,34,Y,W,6eqe_Repair,A
699,ThermoMPNN,6eqe_Repair,0.0,34,Y,Y,6eqe_Repair,A
700,ThermoMPNN,6eqe_Repair,0.8016759753227234,35,G,A,6eqe_Repair,A
701,ThermoMPNN,6eqe_Repair,0.6195018887519836,35,G,C,6eqe_Repair,A
702,ThermoMPNN,6eqe_Repair,1.4002776145935059,35,G,D,6eqe_Repair,A
703,ThermoMPNN,6eqe_Repair,1.43265962600708,35,G,E,6eqe_Repair,A
704,ThermoMPNN,6eqe_Repair,0.7497649788856506,35,G,F,6eqe_Repair,A
705,ThermoMPNN,6eqe_Repair,0.0,35,G,G,6eqe_Repair,A
706,ThermoMPNN,6eqe_Repair,1.1093850135803223,35,G,H,6eqe_Repair,A
707,ThermoMPNN,6eqe_Repair,0.9063218832015991,35,G,I,6eqe_Repair,A
708,ThermoMPNN,6eqe_Repair,1.0415688753128052,35,G,K,6eqe_Repair,A
709,ThermoMPNN,6eqe_Repair,0.8552723526954651,35,G,L,6eqe_Repair,A
710,ThermoMPNN,6eqe_Repair,1.0145646333694458,35,G,M,6eqe_Repair,A
711,ThermoMPNN,6eqe_Repair,1.1265009641647339,35,G,N,6eqe_Repair,A
712,ThermoMPNN,6eqe_Repair,1.441704511642456,35,G,P,6eqe_Repair,A
713,ThermoMPNN,6eqe_Repair,1.1283427476882935,35,G,Q,6eqe_Repair,A
714,ThermoMPNN,6eqe_Repair,1.031815767288208,35,G,R,6eqe_Repair,A
715,ThermoMPNN,6eqe_Repair,0.808712363243103,35,G,S,6eqe_Repair,A
716,ThermoMPNN,6eqe_Repair,0.6968088746070862,35,G,T,6eqe_Repair,A
717,ThermoMPNN,6eqe_Repair,0.7744869589805603,35,G,V,6eqe_Repair,A
718,ThermoMPNN,6eqe_Repair,0.8132902383804321,35,G,W,6eqe_Repair,A
719,ThermoMPNN,6eqe_Repair,0.8593721985816956,35,G,Y,6eqe_Repair,A
720,ThermoMPNN,6eqe_Repair,0.0,36,A,A,6eqe_Repair,A
721,ThermoMPNN,6eqe_Repair,0.4101048707962036,36,A,C,6eqe_Repair,A
722,ThermoMPNN,6eqe_Repair,1.123647689819336,36,A,D,6eqe_Repair,A
723,ThermoMPNN,6eqe_Repair,0.9617918729782104,36,A,E,6eqe_Repair,A
724,ThermoMPNN,6eqe_Repair,1.1360324621200562,36,A,F,6eqe_Repair,A
725,ThermoMPNN,6eqe_Repair,0.6701377034187317,36,A,G,6eqe_Repair,A
726,ThermoMPNN,6eqe_Repair,0.7472581267356873,36,A,H,6eqe_Repair,A
727,ThermoMPNN,6eqe_Repair,1.0511195659637451,36,A,I,6eqe_Repair,A
728,ThermoMPNN,6eqe_Repair,0.5175285339355469,36,A,K,6eqe_Repair,A
729,ThermoMPNN,6eqe_Repair,1.0196120738983154,36,A,L,6eqe_Repair,A
730,ThermoMPNN,6eqe_Repair,0.7566971778869629,36,A,M,6eqe_Repair,A
731,ThermoMPNN,6eqe_Repair,0.7090135812759399,36,A,N,6eqe_Repair,A
732,ThermoMPNN,6eqe_Repair,2.178586959838867,36,A,P,6eqe_Repair,A
733,ThermoMPNN,6eqe_Repair,0.6557570099830627,36,A,Q,6eqe_Repair,A
734,ThermoMPNN,6eqe_Repair,0.48867249488830566,36,A,R,6eqe_Repair,A
735,ThermoMPNN,6eqe_Repair,-0.0632849931716919,36,A,S,6eqe_Repair,A
736,ThermoMPNN,6eqe_Repair,0.5954564809799194,36,A,T,6eqe_Repair,A
737,ThermoMPNN,6eqe_Repair,1.056492805480957,36,A,V,6eqe_Repair,A
738,ThermoMPNN,6eqe_Repair,1.0652685165405273,36,A,W,6eqe_Repair,A
739,ThermoMPNN,6eqe_Repair,1.0918247699737549,36,A,Y,6eqe_Repair,A
740,ThermoMPNN,6eqe_Repair,0.3904764652252197,37,G,A,6eqe_Repair,A
741,ThermoMPNN,6eqe_Repair,0.9151990413665771,37,G,C,6eqe_Repair,A
742,ThermoMPNN,6eqe_Repair,2.775644063949585,37,G,D,6eqe_Repair,A
743,ThermoMPNN,6eqe_Repair,2.9733834266662598,37,G,E,6eqe_Repair,A
744,ThermoMPNN,6eqe_Repair,1.0763434171676636,37,G,F,6eqe_Repair,A
745,ThermoMPNN,6eqe_Repair,0.0,37,G,G,6eqe_Repair,A
746,ThermoMPNN,6eqe_Repair,2.32757830619812,37,G,H,6eqe_Repair,A
747,ThermoMPNN,6eqe_Repair,1.4490357637405396,37,G,I,6eqe_Repair,A
748,ThermoMPNN,6eqe_Repair,2.567448377609253,37,G,K,6eqe_Repair,A
749,ThermoMPNN,6eqe_Repair,1.6973598003387451,37,G,L,6eqe_Repair,A
750,ThermoMPNN,6eqe_Repair,1.4664921760559082,37,G,M,6eqe_Repair,A
751,ThermoMPNN,6eqe_Repair,2.723583221435547,37,G,N,6eqe_Repair,A
752,ThermoMPNN,6eqe_Repair,2.737744092941284,37,G,P,6eqe_Repair,A
753,ThermoMPNN,6eqe_Repair,2.5693044662475586,37,G,Q,6eqe_Repair,A
754,ThermoMPNN,6eqe_Repair,2.395059585571289,37,G,R,6eqe_Repair,A
755,ThermoMPNN,6eqe_Repair,1.665972352027893,37,G,S,6eqe_Repair,A
756,ThermoMPNN,6eqe_Repair,2.0918776988983154,37,G,T,6eqe_Repair,A
757,ThermoMPNN,6eqe_Repair,1.445746898651123,37,G,V,6eqe_Repair,A
758,ThermoMPNN,6eqe_Repair,1.377265453338623,37,G,W,6eqe_Repair,A
759,ThermoMPNN,6eqe_Repair,1.4460630416870117,37,G,Y,6eqe_Repair,A
760,ThermoMPNN,6eqe_Repair,1.2040576934814453,38,T,A,6eqe_Repair,A
761,ThermoMPNN,6eqe_Repair,0.33083510398864746,38,T,C,6eqe_Repair,A
762,ThermoMPNN,6eqe_Repair,1.710625171661377,38,T,D,6eqe_Repair,A
763,ThermoMPNN,6eqe_Repair,1.0278542041778564,38,T,E,6eqe_Repair,A
764,ThermoMPNN,6eqe_Repair,0.4626650810241699,38,T,F,6eqe_Repair,A
765,ThermoMPNN,6eqe_Repair,2.1371829509735107,38,T,G,6eqe_Repair,A
766,ThermoMPNN,6eqe_Repair,0.7687708735466003,38,T,H,6eqe_Repair,A
767,ThermoMPNN,6eqe_Repair,-0.3236362934112549,38,T,I,6eqe_Repair,A
768,ThermoMPNN,6eqe_Repair,0.9306678771972656,38,T,K,6eqe_Repair,A
769,ThermoMPNN,6eqe_Repair,0.44099217653274536,38,T,L,6eqe_Repair,A
770,ThermoMPNN,6eqe_Repair,0.6766128540039062,38,T,M,6eqe_Repair,A
771,ThermoMPNN,6eqe_Repair,1.2246586084365845,38,T,N,6eqe_Repair,A
772,ThermoMPNN,6eqe_Repair,2.509554862976074,38,T,P,6eqe_Repair,A
773,ThermoMPNN,6eqe_Repair,0.9742261171340942,38,T,Q,6eqe_Repair,A
774,ThermoMPNN,6eqe_Repair,0.8072392344474792,38,T,R,6eqe_Repair,A
775,ThermoMPNN,6eqe_Repair,0.9535887241363525,38,T,S,6eqe_Repair,A
776,ThermoMPNN,6eqe_Repair,0.0,38,T,T,6eqe_Repair,A
777,ThermoMPNN,6eqe_Repair,-0.2925713062286377,38,T,V,6eqe_Repair,A
778,ThermoMPNN,6eqe_Repair,0.4955834150314331,38,T,W,6eqe_Repair,A
779,ThermoMPNN,6eqe_Repair,0.2513490915298462,38,T,Y,6eqe_Repair,A
780,ThermoMPNN,6eqe_Repair,2.288353681564331,39,V,A,6eqe_Repair,A
781,ThermoMPNN,6eqe_Repair,1.5931503772735596,39,V,C,6eqe_Repair,A
782,ThermoMPNN,6eqe_Repair,3.2577121257781982,39,V,D,6eqe_Repair,A
783,ThermoMPNN,6eqe_Repair,3.0598936080932617,39,V,E,6eqe_Repair,A
784,ThermoMPNN,6eqe_Repair,2.045201301574707,39,V,F,6eqe_Repair,A
785,ThermoMPNN,6eqe_Repair,3.0798349380493164,39,V,G,6eqe_Repair,A
786,ThermoMPNN,6eqe_Repair,3.107781171798706,39,V,H,6eqe_Repair,A
787,ThermoMPNN,6eqe_Repair,0.18745827674865723,39,V,I,6eqe_Repair,A
788,ThermoMPNN,6eqe_Repair,3.0611236095428467,39,V,K,6eqe_Repair,A
789,ThermoMPNN,6eqe_Repair,1.050748586654663,39,V,L,6eqe_Repair,A
790,ThermoMPNN,6eqe_Repair,1.8814079761505127,39,V,M,6eqe_Repair,A
791,ThermoMPNN,6eqe_Repair,3.3273751735687256,39,V,N,6eqe_Repair,A
792,ThermoMPNN,6eqe_Repair,3.0904436111450195,39,V,P,6eqe_Repair,A
793,ThermoMPNN,6eqe_Repair,3.112441062927246,39,V,Q,6eqe_Repair,A
794,ThermoMPNN,6eqe_Repair,3.0016024112701416,39,V,R,6eqe_Repair,A
795,ThermoMPNN,6eqe_Repair,3.152308702468872,39,V,S,6eqe_Repair,A
796,ThermoMPNN,6eqe_Repair,2.202516555786133,39,V,T,6eqe_Repair,A
797,ThermoMPNN,6eqe_Repair,0.0,39,V,V,6eqe_Repair,A
798,ThermoMPNN,6eqe_Repair,2.4594101905822754,39,V,W,6eqe_Repair,A
799,ThermoMPNN,6eqe_Repair,2.4596011638641357,39,V,Y,6eqe_Repair,A
800,ThermoMPNN,6eqe_Repair,2.0633833408355713,40,Y,A,6eqe_Repair,A
801,ThermoMPNN,6eqe_Repair,1.0124738216400146,40,Y,C,6eqe_Repair,A
802,ThermoMPNN,6eqe_Repair,2.4513003826141357,40,Y,D,6eqe_Repair,A
803,ThermoMPNN,6eqe_Repair,2.4588005542755127,40,Y,E,6eqe_Repair,A
804,ThermoMPNN,6eqe_Repair,-0.03388524055480957,40,Y,F,6eqe_Repair,A
805,ThermoMPNN,6eqe_Repair,3.132991075515747,40,Y,G,6eqe_Repair,A
806,ThermoMPNN,6eqe_Repair,1.5728528499603271,40,Y,H,6eqe_Repair,A
807,ThermoMPNN,6eqe_Repair,1.4086016416549683,40,Y,I,6eqe_Repair,A
808,ThermoMPNN,6eqe_Repair,2.618237257003784,40,Y,K,6eqe_Repair,A
809,ThermoMPNN,6eqe_Repair,1.2987231016159058,40,Y,L,6eqe_Repair,A
810,ThermoMPNN,6eqe_Repair,1.3745954036712646,40,Y,M,6eqe_Repair,A
811,ThermoMPNN,6eqe_Repair,2.1945226192474365,40,Y,N,6eqe_Repair,A
812,ThermoMPNN,6eqe_Repair,3.200162410736084,40,Y,P,6eqe_Repair,A
813,ThermoMPNN,6eqe_Repair,2.388866424560547,40,Y,Q,6eqe_Repair,A
814,ThermoMPNN,6eqe_Repair,2.305790424346924,40,Y,R,6eqe_Repair,A
815,ThermoMPNN,6eqe_Repair,1.9291212558746338,40,Y,S,6eqe_Repair,A
816,ThermoMPNN,6eqe_Repair,1.6671814918518066,40,Y,T,6eqe_Repair,A
817,ThermoMPNN,6eqe_Repair,1.3839170932769775,40,Y,V,6eqe_Repair,A
818,ThermoMPNN,6eqe_Repair,0.005820035934448242,40,Y,W,6eqe_Repair,A
819,ThermoMPNN,6eqe_Repair,0.0,40,Y,Y,6eqe_Repair,A
820,ThermoMPNN,6eqe_Repair,1.833243727684021,41,Y,A,6eqe_Repair,A
821,ThermoMPNN,6eqe_Repair,1.242011308670044,41,Y,C,6eqe_Repair,A
822,ThermoMPNN,6eqe_Repair,2.641814947128296,41,Y,D,6eqe_Repair,A
823,ThermoMPNN,6eqe_Repair,2.446150779724121,41,Y,E,6eqe_Repair,A
824,ThermoMPNN,6eqe_Repair,-0.0085601806640625,41,Y,F,6eqe_Repair,A
825,ThermoMPNN,6eqe_Repair,2.625046968460083,41,Y,G,6eqe_Repair,A
826,ThermoMPNN,6eqe_Repair,1.9136264324188232,41,Y,H,6eqe_Repair,A
827,ThermoMPNN,6eqe_Repair,1.2156736850738525,41,Y,I,6eqe_Repair,A
828,ThermoMPNN,6eqe_Repair,2.6830430030822754,41,Y,K,6eqe_Repair,A
829,ThermoMPNN,6eqe_Repair,1.2610481977462769,41,Y,L,6eqe_Repair,A
830,ThermoMPNN,6eqe_Repair,1.3453811407089233,41,Y,M,6eqe_Repair,A
831,ThermoMPNN,6eqe_Repair,2.671816825866699,41,Y,N,6eqe_Repair,A
832,ThermoMPNN,6eqe_Repair,2.7584662437438965,41,Y,P,6eqe_Repair,A
833,ThermoMPNN,6eqe_Repair,2.4758641719818115,41,Y,Q,6eqe_Repair,A
834,ThermoMPNN,6eqe_Repair,2.446887969970703,41,Y,R,6eqe_Repair,A
835,ThermoMPNN,6eqe_Repair,2.330782890319824,41,Y,S,6eqe_Repair,A
836,ThermoMPNN,6eqe_Repair,1.9521780014038086,41,Y,T,6eqe_Repair,A
837,ThermoMPNN,6eqe_Repair,1.2619491815567017,41,Y,V,6eqe_Repair,A
838,ThermoMPNN,6eqe_Repair,0.6549433469772339,41,Y,W,6eqe_Repair,A
839,ThermoMPNN,6eqe_Repair,0.0,41,Y,Y,6eqe_Repair,A
840,ThermoMPNN,6eqe_Repair,2.331693410873413,42,P,A,6eqe_Repair,A
841,ThermoMPNN,6eqe_Repair,1.5799185037612915,42,P,C,6eqe_Repair,A
842,ThermoMPNN,6eqe_Repair,3.473998785018921,42,P,D,6eqe_Repair,A
843,ThermoMPNN,6eqe_Repair,2.7615928649902344,42,P,E,6eqe_Repair,A
844,ThermoMPNN,6eqe_Repair,1.8069013357162476,42,P,F,6eqe_Repair,A
845,ThermoMPNN,6eqe_Repair,2.9787585735321045,42,P,G,6eqe_Repair,A
846,ThermoMPNN,6eqe_Repair,3.181462526321411,42,P,H,6eqe_Repair,A
847,ThermoMPNN,6eqe_Repair,1.7863852977752686,42,P,I,6eqe_Repair,A
848,ThermoMPNN,6eqe_Repair,2.9036624431610107,42,P,K,6eqe_Repair,A
849,ThermoMPNN,6eqe_Repair,1.7638051509857178,42,P,L,6eqe_Repair,A
850,ThermoMPNN,6eqe_Repair,1.9291250705718994,42,P,M,6eqe_Repair,A
851,ThermoMPNN,6eqe_Repair,3.168177843093872,42,P,N,6eqe_Repair,A
852,ThermoMPNN,6eqe_Repair,0.0,42,P,P,6eqe_Repair,A
853,ThermoMPNN,6eqe_Repair,3.068113327026367,42,P,Q,6eqe_Repair,A
854,ThermoMPNN,6eqe_Repair,3.0121891498565674,42,P,R,6eqe_Repair,A
855,ThermoMPNN,6eqe_Repair,2.946000337600708,42,P,S,6eqe_Repair,A
856,ThermoMPNN,6eqe_Repair,3.0277721881866455,42,P,T,6eqe_Repair,A
857,ThermoMPNN,6eqe_Repair,1.9915337562561035,42,P,V,6eqe_Repair,A
858,ThermoMPNN,6eqe_Repair,2.5806193351745605,42,P,W,6eqe_Repair,A
859,ThermoMPNN,6eqe_Repair,2.3869473934173584,42,P,Y,6eqe_Repair,A
860,ThermoMPNN,6eqe_Repair,0.9832197427749634,43,T,A,6eqe_Repair,A
861,ThermoMPNN,6eqe_Repair,0.5288944244384766,43,T,C,6eqe_Repair,A
862,ThermoMPNN,6eqe_Repair,1.170335292816162,43,T,D,6eqe_Repair,A
863,ThermoMPNN,6eqe_Repair,0.8469233512878418,43,T,E,6eqe_Repair,A
864,ThermoMPNN,6eqe_Repair,0.7631849050521851,43,T,F,6eqe_Repair,A
865,ThermoMPNN,6eqe_Repair,2.0892693996429443,43,T,G,6eqe_Repair,A
866,ThermoMPNN,6eqe_Repair,1.3035097122192383,43,T,H,6eqe_Repair,A
867,ThermoMPNN,6eqe_Repair,-6.639957427978516e-05,43,T,I,6eqe_Repair,A
868,ThermoMPNN,6eqe_Repair,1.842599868774414,43,T,K,6eqe_Repair,A
869,ThermoMPNN,6eqe_Repair,0.37091243267059326,43,T,L,6eqe_Repair,A
870,ThermoMPNN,6eqe_Repair,0.601793646812439,43,T,M,6eqe_Repair,A
871,ThermoMPNN,6eqe_Repair,1.5028468370437622,43,T,N,6eqe_Repair,A
872,ThermoMPNN,6eqe_Repair,2.8206424713134766,43,T,P,6eqe_Repair,A
873,ThermoMPNN,6eqe_Repair,1.100740671157837,43,T,Q,6eqe_Repair,A
874,ThermoMPNN,6eqe_Repair,1.7809536457061768,43,T,R,6eqe_Repair,A
875,ThermoMPNN,6eqe_Repair,0.8982179164886475,43,T,S,6eqe_Repair,A
876,ThermoMPNN,6eqe_Repair,0.0,43,T,T,6eqe_Repair,A
877,ThermoMPNN,6eqe_Repair,0.02760136127471924,43,T,V,6eqe_Repair,A
878,ThermoMPNN,6eqe_Repair,1.0232138633728027,43,T,W,6eqe_Repair,A
879,ThermoMPNN,6eqe_Repair,0.9023130536079407,43,T,Y,6eqe_Repair,A
880,ThermoMPNN,6eqe_Repair,1.2173988819122314,44,N,A,6eqe_Repair,A
881,ThermoMPNN,6eqe_Repair,0.4914590120315552,44,N,C,6eqe_Repair,A
882,ThermoMPNN,6eqe_Repair,-0.24106168746948242,44,N,D,6eqe_Repair,A
883,ThermoMPNN,6eqe_Repair,0.8973326086997986,44,N,E,6eqe_Repair,A
884,ThermoMPNN,6eqe_Repair,1.0960063934326172,44,N,F,6eqe_Repair,A
885,ThermoMPNN,6eqe_Repair,1.1197431087493896,44,N,G,6eqe_Repair,A
886,ThermoMPNN,6eqe_Repair,0.9507584571838379,44,N,H,6eqe_Repair,A
887,ThermoMPNN,6eqe_Repair,1.4780170917510986,44,N,I,6eqe_Repair,A
888,ThermoMPNN,6eqe_Repair,1.2333943843841553,44,N,K,6eqe_Repair,A
889,ThermoMPNN,6eqe_Repair,0.9343183636665344,44,N,L,6eqe_Repair,A
890,ThermoMPNN,6eqe_Repair,1.0535486936569214,44,N,M,6eqe_Repair,A
891,ThermoMPNN,6eqe_Repair,0.0,44,N,N,6eqe_Repair,A
892,ThermoMPNN,6eqe_Repair,2.0348567962646484,44,N,P,6eqe_Repair,A
893,ThermoMPNN,6eqe_Repair,1.1505756378173828,44,N,Q,6eqe_Repair,A
894,ThermoMPNN,6eqe_Repair,1.193268895149231,44,N,R,6eqe_Repair,A
895,ThermoMPNN,6eqe_Repair,0.7298519611358643,44,N,S,6eqe_Repair,A
896,ThermoMPNN,6eqe_Repair,1.12074613571167,44,N,T,6eqe_Repair,A
897,ThermoMPNN,6eqe_Repair,1.5798434019088745,44,N,V,6eqe_Repair,A
898,ThermoMPNN,6eqe_Repair,1.2690879106521606,44,N,W,6eqe_Repair,A
899,ThermoMPNN,6eqe_Repair,1.3956351280212402,44,N,Y,6eqe_Repair,A
900,ThermoMPNN,6eqe_Repair,0.0,45,A,A,6eqe_Repair,A
901,ThermoMPNN,6eqe_Repair,0.8650901317596436,45,A,C,6eqe_Repair,A
902,ThermoMPNN,6eqe_Repair,2.512540817260742,45,A,D,6eqe_Repair,A
903,ThermoMPNN,6eqe_Repair,2.134777307510376,45,A,E,6eqe_Repair,A
904,ThermoMPNN,6eqe_Repair,1.681364893913269,45,A,F,6eqe_Repair,A
905,ThermoMPNN,6eqe_Repair,2.1905362606048584,45,A,G,6eqe_Repair,A
906,ThermoMPNN,6eqe_Repair,2.027627944946289,45,A,H,6eqe_Repair,A
907,ThermoMPNN,6eqe_Repair,1.7161991596221924,45,A,I,6eqe_Repair,A
908,ThermoMPNN,6eqe_Repair,2.3121581077575684,45,A,K,6eqe_Repair,A
909,ThermoMPNN,6eqe_Repair,1.4370269775390625,45,A,L,6eqe_Repair,A
910,ThermoMPNN,6eqe_Repair,1.5022599697113037,45,A,M,6eqe_Repair,A
911,ThermoMPNN,6eqe_Repair,2.3271636962890625,45,A,N,6eqe_Repair,A
912,ThermoMPNN,6eqe_Repair,1.7169641256332397,45,A,P,6eqe_Repair,A
913,ThermoMPNN,6eqe_Repair,2.2842812538146973,45,A,Q,6eqe_Repair,A
914,ThermoMPNN,6eqe_Repair,2.389467477798462,45,A,R,6eqe_Repair,A
915,ThermoMPNN,6eqe_Repair,1.3697819709777832,45,A,S,6eqe_Repair,A
916,ThermoMPNN,6eqe_Repair,1.8764183521270752,45,A,T,6eqe_Repair,A
917,ThermoMPNN,6eqe_Repair,1.2584069967269897,45,A,V,6eqe_Repair,A
918,ThermoMPNN,6eqe_Repair,1.6618574857711792,45,A,W,6eqe_Repair,A
919,ThermoMPNN,6eqe_Repair,1.724416971206665,45,A,Y,6eqe_Repair,A
920,ThermoMPNN,6eqe_Repair,1.3185030221939087,46,G,A,6eqe_Repair,A
921,ThermoMPNN,6eqe_Repair,0.6886612176895142,46,G,C,6eqe_Repair,A
922,ThermoMPNN,6eqe_Repair,1.158396601676941,46,G,D,6eqe_Repair,A
923,ThermoMPNN,6eqe_Repair,1.405537724494934,46,G,E,6eqe_Repair,A
924,ThermoMPNN,6eqe_Repair,1.1849478483200073,46,G,F,6eqe_Repair,A
925,ThermoMPNN,6eqe_Repair,0.0,46,G,G,6eqe_Repair,A
926,ThermoMPNN,6eqe_Repair,1.1573814153671265,46,G,H,6eqe_Repair,A
927,ThermoMPNN,6eqe_Repair,1.652120590209961,46,G,I,6eqe_Repair,A
928,ThermoMPNN,6eqe_Repair,1.3550595045089722,46,G,K,6eqe_Repair,A
929,ThermoMPNN,6eqe_Repair,1.2795625925064087,46,G,L,6eqe_Repair,A
930,ThermoMPNN,6eqe_Repair,1.2428712844848633,46,G,M,6eqe_Repair,A
931,ThermoMPNN,6eqe_Repair,0.9469132423400879,46,G,N,6eqe_Repair,A
932,ThermoMPNN,6eqe_Repair,2.013329029083252,46,G,P,6eqe_Repair,A
933,ThermoMPNN,6eqe_Repair,1.3406035900115967,46,G,Q,6eqe_Repair,A
934,ThermoMPNN,6eqe_Repair,1.4148331880569458,46,G,R,6eqe_Repair,A
935,ThermoMPNN,6eqe_Repair,1.2665431499481201,46,G,S,6eqe_Repair,A
936,ThermoMPNN,6eqe_Repair,1.4505356550216675,46,G,T,6eqe_Repair,A
937,ThermoMPNN,6eqe_Repair,1.737109899520874,46,G,V,6eqe_Repair,A
938,ThermoMPNN,6eqe_Repair,1.40904700756073,46,G,W,6eqe_Repair,A
939,ThermoMPNN,6eqe_Repair,1.351499080657959,46,G,Y,6eqe_Repair,A
940,ThermoMPNN,6eqe_Repair,0.18291914463043213,47,G,A,6eqe_Repair,A
941,ThermoMPNN,6eqe_Repair,0.3643498420715332,47,G,C,6eqe_Repair,A
942,ThermoMPNN,6eqe_Repair,0.7221790552139282,47,G,D,6eqe_Repair,A
943,ThermoMPNN,6eqe_Repair,0.8931140303611755,47,G,E,6eqe_Repair,A
944,ThermoMPNN,6eqe_Repair,0.6887357234954834,47,G,F,6eqe_Repair,A
945,ThermoMPNN,6eqe_Repair,0.0,47,G,G,6eqe_Repair,A
946,ThermoMPNN,6eqe_Repair,0.5525162220001221,47,G,H,6eqe_Repair,A
947,ThermoMPNN,6eqe_Repair,0.722010612487793,47,G,I,6eqe_Repair,A
948,ThermoMPNN,6eqe_Repair,0.28222769498825073,47,G,K,6eqe_Repair,A
949,ThermoMPNN,6eqe_Repair,0.5700275301933289,47,G,L,6eqe_Repair,A
950,ThermoMPNN,6eqe_Repair,0.4602755904197693,47,G,M,6eqe_Repair,A
951,ThermoMPNN,6eqe_Repair,0.31965935230255127,47,G,N,6eqe_Repair,A
952,ThermoMPNN,6eqe_Repair,1.436995506286621,47,G,P,6eqe_Repair,A
953,ThermoMPNN,6eqe_Repair,0.46693193912506104,47,G,Q,6eqe_Repair,A
954,ThermoMPNN,6eqe_Repair,0.13361597061157227,47,G,R,6eqe_Repair,A
955,ThermoMPNN,6eqe_Repair,0.04029810428619385,47,G,S,6eqe_Repair,A
956,ThermoMPNN,6eqe_Repair,0.03873252868652344,47,G,T,6eqe_Repair,A
957,ThermoMPNN,6eqe_Repair,0.573920726776123,47,G,V,6eqe_Repair,A
958,ThermoMPNN,6eqe_Repair,1.0168232917785645,47,G,W,6eqe_Repair,A
959,ThermoMPNN,6eqe_Repair,0.9675794839859009,47,G,Y,6eqe_Repair,A
960,ThermoMPNN,6eqe_Repair,0.0007595419883728027,48,T,A,6eqe_Repair,A
961,ThermoMPNN,6eqe_Repair,-0.3408010005950928,48,T,C,6eqe_Repair,A
962,ThermoMPNN,6eqe_Repair,1.1600618362426758,48,T,D,6eqe_Repair,A
963,ThermoMPNN,6eqe_Repair,0.9344204068183899,48,T,E,6eqe_Repair,A
964,ThermoMPNN,6eqe_Repair,0.5068305730819702,48,T,F,6eqe_Repair,A
965,ThermoMPNN,6eqe_Repair,0.9784124493598938,48,T,G,6eqe_Repair,A
966,ThermoMPNN,6eqe_Repair,0.4959353804588318,48,T,H,6eqe_Repair,A
967,ThermoMPNN,6eqe_Repair,-0.6940423250198364,48,T,I,6eqe_Repair,A
968,ThermoMPNN,6eqe_Repair,-0.5530571937561035,48,T,K,6eqe_Repair,A
969,ThermoMPNN,6eqe_Repair,-0.36034977436065674,48,T,L,6eqe_Repair,A
970,ThermoMPNN,6eqe_Repair,-0.10255634784698486,48,T,M,6eqe_Repair,A
971,ThermoMPNN,6eqe_Repair,0.6431189775466919,48,T,N,6eqe_Repair,A
972,ThermoMPNN,6eqe_Repair,-0.7512087821960449,48,T,P,6eqe_Repair,A
973,ThermoMPNN,6eqe_Repair,0.16064244508743286,48,T,Q,6eqe_Repair,A
974,ThermoMPNN,6eqe_Repair,-0.2781779170036316,48,T,R,6eqe_Repair,A
975,ThermoMPNN,6eqe_Repair,0.2057105302810669,48,T,S,6eqe_Repair,A
976,ThermoMPNN,6eqe_Repair,0.0,48,T,T,6eqe_Repair,A
977,ThermoMPNN,6eqe_Repair,-0.6059565544128418,48,T,V,6eqe_Repair,A
978,ThermoMPNN,6eqe_Repair,0.6137743592262268,48,T,W,6eqe_Repair,A
979,ThermoMPNN,6eqe_Repair,0.5925343632698059,48,T,Y,6eqe_Repair,A
980,ThermoMPNN,6eqe_Repair,2.5001893043518066,49,V,A,6eqe_Repair,A
981,ThermoMPNN,6eqe_Repair,1.5363121032714844,49,V,C,6eqe_Repair,A
982,ThermoMPNN,6eqe_Repair,3.8786089420318604,49,V,D,6eqe_Repair,A
983,ThermoMPNN,6eqe_Repair,3.660735845565796,49,V,E,6eqe_Repair,A
984,ThermoMPNN,6eqe_Repair,2.428900718688965,49,V,F,6eqe_Repair,A
985,ThermoMPNN,6eqe_Repair,3.1135973930358887,49,V,G,6eqe_Repair,A
986,ThermoMPNN,6eqe_Repair,3.6197474002838135,49,V,H,6eqe_Repair,A
987,ThermoMPNN,6eqe_Repair,0.8704357147216797,49,V,I,6eqe_Repair,A
988,ThermoMPNN,6eqe_Repair,3.8051462173461914,49,V,K,6eqe_Repair,A
989,ThermoMPNN,6eqe_Repair,1.582803726196289,49,V,L,6eqe_Repair,A
990,ThermoMPNN,6eqe_Repair,2.092235565185547,49,V,M,6eqe_Repair,A
991,ThermoMPNN,6eqe_Repair,3.7731006145477295,49,V,N,6eqe_Repair,A
992,ThermoMPNN,6eqe_Repair,3.674722671508789,49,V,P,6eqe_Repair,A
993,ThermoMPNN,6eqe_Repair,3.6093945503234863,49,V,Q,6eqe_Repair,A
994,ThermoMPNN,6eqe_Repair,3.6031110286712646,49,V,R,6eqe_Repair,A
995,ThermoMPNN,6eqe_Repair,3.391592025756836,49,V,S,6eqe_Repair,A
996,ThermoMPNN,6eqe_Repair,2.5268044471740723,49,V,T,6eqe_Repair,A
997,ThermoMPNN,6eqe_Repair,0.0,49,V,V,6eqe_Repair,A
998,ThermoMPNN,6eqe_Repair,3.2319672107696533,49,V,W,6eqe_Repair,A
999,ThermoMPNN,6eqe_Repair,3.199918508529663,49,V,Y,6eqe_Repair,A
1000,ThermoMPNN,6eqe_Repair,0.36226099729537964,50,G,A,6eqe_Repair,A
1001,ThermoMPNN,6eqe_Repair,0.6192270517349243,50,G,C,6eqe_Repair,A
1002,ThermoMPNN,6eqe_Repair,1.6947274208068848,50,G,D,6eqe_Repair,A
1003,ThermoMPNN,6eqe_Repair,1.4072234630584717,50,G,E,6eqe_Repair,A
1004,ThermoMPNN,6eqe_Repair,0.17351818084716797,50,G,F,6eqe_Repair,A
1005,ThermoMPNN,6eqe_Repair,0.0,50,G,G,6eqe_Repair,A
1006,ThermoMPNN,6eqe_Repair,1.0921084880828857,50,G,H,6eqe_Repair,A
1007,ThermoMPNN,6eqe_Repair,0.507902979850769,50,G,I,6eqe_Repair,A
1008,ThermoMPNN,6eqe_Repair,1.4124667644500732,50,G,K,6eqe_Repair,A
1009,ThermoMPNN,6eqe_Repair,1.1028940677642822,50,G,L,6eqe_Repair,A
1010,ThermoMPNN,6eqe_Repair,0.9484971761703491,50,G,M,6eqe_Repair,A
1011,ThermoMPNN,6eqe_Repair,1.6047158241271973,50,G,N,6eqe_Repair,A
1012,ThermoMPNN,6eqe_Repair,0.18924200534820557,50,G,P,6eqe_Repair,A
1013,ThermoMPNN,6eqe_Repair,1.4770286083221436,50,G,Q,6eqe_Repair,A
1014,ThermoMPNN,6eqe_Repair,1.2114911079406738,50,G,R,6eqe_Repair,A
1015,ThermoMPNN,6eqe_Repair,0.7456941604614258,50,G,S,6eqe_Repair,A
1016,ThermoMPNN,6eqe_Repair,0.7575507164001465,50,G,T,6eqe_Repair,A
1017,ThermoMPNN,6eqe_Repair,0.5495750904083252,50,G,V,6eqe_Repair,A
1018,ThermoMPNN,6eqe_Repair,0.05729043483734131,50,G,W,6eqe_Repair,A
1019,ThermoMPNN,6eqe_Repair,0.18663913011550903,50,G,Y,6eqe_Repair,A
1020,ThermoMPNN,6eqe_Repair,0.0,51,A,A,6eqe_Repair,A
1021,ThermoMPNN,6eqe_Repair,0.3732253313064575,51,A,C,6eqe_Repair,A
1022,ThermoMPNN,6eqe_Repair,2.2719600200653076,51,A,D,6eqe_Repair,A
1023,ThermoMPNN,6eqe_Repair,2.195667266845703,51,A,E,6eqe_Repair,A
1024,ThermoMPNN,6eqe_Repair,1.1056416034698486,51,A,F,6eqe_Repair,A
1025,ThermoMPNN,6eqe_Repair,1.1937931776046753,51,A,G,6eqe_Repair,A
1026,ThermoMPNN,6eqe_Repair,1.9945707321166992,51,A,H,6eqe_Repair,A
1027,ThermoMPNN,6eqe_Repair,0.7815878391265869,51,A,I,6eqe_Repair,A
1028,ThermoMPNN,6eqe_Repair,2.170319080352783,51,A,K,6eqe_Repair,A
1029,ThermoMPNN,6eqe_Repair,0.6148459911346436,51,A,L,6eqe_Repair,A
1030,ThermoMPNN,6eqe_Repair,0.7718601226806641,51,A,M,6eqe_Repair,A
1031,ThermoMPNN,6eqe_Repair,1.9923107624053955,51,A,N,6eqe_Repair,A
1032,ThermoMPNN,6eqe_Repair,2.2160913944244385,51,A,P,6eqe_Repair,A
1033,ThermoMPNN,6eqe_Repair,1.971693992614746,51,A,Q,6eqe_Repair,A
1034,ThermoMPNN,6eqe_Repair,2.186244487762451,51,A,R,6eqe_Repair,A
1035,ThermoMPNN,6eqe_Repair,1.2853552103042603,51,A,S,6eqe_Repair,A
1036,ThermoMPNN,6eqe_Repair,1.3446611166000366,51,A,T,6eqe_Repair,A
1037,ThermoMPNN,6eqe_Repair,0.365433931350708,51,A,V,6eqe_Repair,A
1038,ThermoMPNN,6eqe_Repair,1.4339643716812134,51,A,W,6eqe_Repair,A
1039,ThermoMPNN,6eqe_Repair,1.524594783782959,51,A,Y,6eqe_Repair,A
1040,ThermoMPNN,6eqe_Repair,2.6510915756225586,52,I,A,6eqe_Repair,A
1041,ThermoMPNN,6eqe_Repair,1.806512713432312,52,I,C,6eqe_Repair,A
1042,ThermoMPNN,6eqe_Repair,3.941775321960449,52,I,D,6eqe_Repair,A
1043,ThermoMPNN,6eqe_Repair,3.643632650375366,52,I,E,6eqe_Repair,A
1044,ThermoMPNN,6eqe_Repair,2.0547685623168945,52,I,F,6eqe_Repair,A
1045,ThermoMPNN,6eqe_Repair,3.5491409301757812,52,I,G,6eqe_Repair,A
1046,ThermoMPNN,6eqe_Repair,3.33052659034729,52,I,H,6eqe_Repair,A
1047,ThermoMPNN,6eqe_Repair,0.0,52,I,I,6eqe_Repair,A
1048,ThermoMPNN,6eqe_Repair,3.4333629608154297,52,I,K,6eqe_Repair,A
1049,ThermoMPNN,6eqe_Repair,1.1682868003845215,52,I,L,6eqe_Repair,A
1050,ThermoMPNN,6eqe_Repair,1.8367595672607422,52,I,M,6eqe_Repair,A
1051,ThermoMPNN,6eqe_Repair,3.721381187438965,52,I,N,6eqe_Repair,A
1052,ThermoMPNN,6eqe_Repair,3.843219518661499,52,I,P,6eqe_Repair,A
1053,ThermoMPNN,6eqe_Repair,3.5709640979766846,52,I,Q,6eqe_Repair,A
1054,ThermoMPNN,6eqe_Repair,3.3804051876068115,52,I,R,6eqe_Repair,A
1055,ThermoMPNN,6eqe_Repair,3.5974156856536865,52,I,S,6eqe_Repair,A
1056,ThermoMPNN,6eqe_Repair,2.9839696884155273,52,I,T,6eqe_Repair,A
1057,ThermoMPNN,6eqe_Repair,0.6186771392822266,52,I,V,6eqe_Repair,A
1058,ThermoMPNN,6eqe_Repair,2.635472297668457,52,I,W,6eqe_Repair,A
1059,ThermoMPNN,6eqe_Repair,2.5225982666015625,52,I,Y,6eqe_Repair,A
1060,ThermoMPNN,6eqe_Repair,0.0,53,A,A,6eqe_Repair,A
1061,ThermoMPNN,6eqe_Repair,0.3512580394744873,53,A,C,6eqe_Repair,A
1062,ThermoMPNN,6eqe_Repair,2.7054786682128906,53,A,D,6eqe_Repair,A
1063,ThermoMPNN,6eqe_Repair,2.1834752559661865,53,A,E,6eqe_Repair,A
1064,ThermoMPNN,6eqe_Repair,1.2236192226409912,53,A,F,6eqe_Repair,A
1065,ThermoMPNN,6eqe_Repair,1.1446430683135986,53,A,G,6eqe_Repair,A
1066,ThermoMPNN,6eqe_Repair,2.16693115234375,53,A,H,6eqe_Repair,A
1067,ThermoMPNN,6eqe_Repair,0.3968808650970459,53,A,I,6eqe_Repair,A
1068,ThermoMPNN,6eqe_Repair,2.22340726852417,53,A,K,6eqe_Repair,A
1069,ThermoMPNN,6eqe_Repair,1.13700270652771,53,A,L,6eqe_Repair,A
1070,ThermoMPNN,6eqe_Repair,1.2010111808776855,53,A,M,6eqe_Repair,A
1071,ThermoMPNN,6eqe_Repair,2.2738876342773438,53,A,N,6eqe_Repair,A
1072,ThermoMPNN,6eqe_Repair,2.3227548599243164,53,A,P,6eqe_Repair,A
1073,ThermoMPNN,6eqe_Repair,2.186056613922119,53,A,Q,6eqe_Repair,A
1074,ThermoMPNN,6eqe_Repair,2.0759544372558594,53,A,R,6eqe_Repair,A
1075,ThermoMPNN,6eqe_Repair,0.8766767978668213,53,A,S,6eqe_Repair,A
1076,ThermoMPNN,6eqe_Repair,0.8409031629562378,53,A,T,6eqe_Repair,A
1077,ThermoMPNN,6eqe_Repair,0.013826847076416016,53,A,V,6eqe_Repair,A
1078,ThermoMPNN,6eqe_Repair,1.218336582183838,53,A,W,6eqe_Repair,A
1079,ThermoMPNN,6eqe_Repair,1.4130371809005737,53,A,Y,6eqe_Repair,A
1080,ThermoMPNN,6eqe_Repair,1.8187692165374756,54,I,A,6eqe_Repair,A
1081,ThermoMPNN,6eqe_Repair,1.0027313232421875,54,I,C,6eqe_Repair,A
1082,ThermoMPNN,6eqe_Repair,3.501187562942505,54,I,D,6eqe_Repair,A
1083,ThermoMPNN,6eqe_Repair,3.0984668731689453,54,I,E,6eqe_Repair,A
1084,ThermoMPNN,6eqe_Repair,1.1140029430389404,54,I,F,6eqe_Repair,A
1085,ThermoMPNN,6eqe_Repair,2.3956499099731445,54,I,G,6eqe_Repair,A
1086,ThermoMPNN,6eqe_Repair,2.6606507301330566,54,I,H,6eqe_Repair,A
1087,ThermoMPNN,6eqe_Repair,0.0,54,I,I,6eqe_Repair,A
1088,ThermoMPNN,6eqe_Repair,2.792252540588379,54,I,K,6eqe_Repair,A
1089,ThermoMPNN,6eqe_Repair,0.12059330940246582,54,I,L,6eqe_Repair,A
1090,ThermoMPNN,6eqe_Repair,0.862797737121582,54,I,M,6eqe_Repair,A
1091,ThermoMPNN,6eqe_Repair,2.9590466022491455,54,I,N,6eqe_Repair,A
1092,ThermoMPNN,6eqe_Repair,3.2748072147369385,54,I,P,6eqe_Repair,A
1093,ThermoMPNN,6eqe_Repair,2.8768253326416016,54,I,Q,6eqe_Repair,A
1094,ThermoMPNN,6eqe_Repair,2.787468910217285,54,I,R,6eqe_Repair,A
1095,ThermoMPNN,6eqe_Repair,2.716766595840454,54,I,S,6eqe_Repair,A
1096,ThermoMPNN,6eqe_Repair,2.2856976985931396,54,I,T,6eqe_Repair,A
1097,ThermoMPNN,6eqe_Repair,0.6585719585418701,54,I,V,6eqe_Repair,A
1098,ThermoMPNN,6eqe_Repair,1.7782062292099,54,I,W,6eqe_Repair,A
1099,ThermoMPNN,6eqe_Repair,1.7125468254089355,54,I,Y,6eqe_Repair,A
1100,ThermoMPNN,6eqe_Repair,0.3874340057373047,55,V,A,6eqe_Repair,A
1101,ThermoMPNN,6eqe_Repair,0.22569572925567627,55,V,C,6eqe_Repair,A
1102,ThermoMPNN,6eqe_Repair,2.6842942237854004,55,V,D,6eqe_Repair,A
1103,ThermoMPNN,6eqe_Repair,2.1741621494293213,55,V,E,6eqe_Repair,A
1104,ThermoMPNN,6eqe_Repair,1.5797799825668335,55,V,F,6eqe_Repair,A
1105,ThermoMPNN,6eqe_Repair,1.3347036838531494,55,V,G,6eqe_Repair,A
1106,ThermoMPNN,6eqe_Repair,2.251300573348999,55,V,H,6eqe_Repair,A
1107,ThermoMPNN,6eqe_Repair,0.4272754192352295,55,V,I,6eqe_Repair,A
1108,ThermoMPNN,6eqe_Repair,2.3576700687408447,55,V,K,6eqe_Repair,A
1109,ThermoMPNN,6eqe_Repair,0.8451244831085205,55,V,L,6eqe_Repair,A
1110,ThermoMPNN,6eqe_Repair,1.14342200756073,55,V,M,6eqe_Repair,A
1111,ThermoMPNN,6eqe_Repair,2.1416916847229004,55,V,N,6eqe_Repair,A
1112,ThermoMPNN,6eqe_Repair,2.6403965950012207,55,V,P,6eqe_Repair,A
1113,ThermoMPNN,6eqe_Repair,2.22916841506958,55,V,Q,6eqe_Repair,A
1114,ThermoMPNN,6eqe_Repair,2.278233051300049,55,V,R,6eqe_Repair,A
1115,ThermoMPNN,6eqe_Repair,1.183287501335144,55,V,S,6eqe_Repair,A
1116,ThermoMPNN,6eqe_Repair,0.7293212413787842,55,V,T,6eqe_Repair,A
1117,ThermoMPNN,6eqe_Repair,0.0,55,V,V,6eqe_Repair,A
1118,ThermoMPNN,6eqe_Repair,1.6676664352416992,55,V,W,6eqe_Repair,A
1119,ThermoMPNN,6eqe_Repair,1.7177684307098389,55,V,Y,6eqe_Repair,A
1120,ThermoMPNN,6eqe_Repair,1.3343980312347412,56,P,A,6eqe_Repair,A
1121,ThermoMPNN,6eqe_Repair,1.3579528331756592,56,P,C,6eqe_Repair,A
1122,ThermoMPNN,6eqe_Repair,2.429359197616577,56,P,D,6eqe_Repair,A
1123,ThermoMPNN,6eqe_Repair,2.0045254230499268,56,P,E,6eqe_Repair,A
1124,ThermoMPNN,6eqe_Repair,1.5919973850250244,56,P,F,6eqe_Repair,A
1125,ThermoMPNN,6eqe_Repair,1.178929328918457,56,P,G,6eqe_Repair,A
1126,ThermoMPNN,6eqe_Repair,1.3153917789459229,56,P,H,6eqe_Repair,A
1127,ThermoMPNN,6eqe_Repair,2.206084728240967,56,P,I,6eqe_Repair,A
1128,ThermoMPNN,6eqe_Repair,1.7179901599884033,56,P,K,6eqe_Repair,A
1129,ThermoMPNN,6eqe_Repair,1.9223887920379639,56,P,L,6eqe_Repair,A
1130,ThermoMPNN,6eqe_Repair,1.586045503616333,56,P,M,6eqe_Repair,A
1131,ThermoMPNN,6eqe_Repair,1.7192562818527222,56,P,N,6eqe_Repair,A
1132,ThermoMPNN,6eqe_Repair,0.0,56,P,P,6eqe_Repair,A
1133,ThermoMPNN,6eqe_Repair,1.680898666381836,56,P,Q,6eqe_Repair,A
1134,ThermoMPNN,6eqe_Repair,1.4459514617919922,56,P,R,6eqe_Repair,A
1135,ThermoMPNN,6eqe_Repair,1.6028192043304443,56,P,S,6eqe_Repair,A
1136,ThermoMPNN,6eqe_Repair,2.0367047786712646,56,P,T,6eqe_Repair,A
1137,ThermoMPNN,6eqe_Repair,2.3100593090057373,56,P,V,6eqe_Repair,A
1138,ThermoMPNN,6eqe_Repair,1.6879316568374634,56,P,W,6eqe_Repair,A
1139,ThermoMPNN,6eqe_Repair,1.2651938199996948,56,P,Y,6eqe_Repair,A
1140,ThermoMPNN,6eqe_Repair,1.386122703552246,57,G,A,6eqe_Repair,A
1141,ThermoMPNN,6eqe_Repair,1.1008930206298828,57,G,C,6eqe_Repair,A
1142,ThermoMPNN,6eqe_Repair,2.403064250946045,57,G,D,6eqe_Repair,A
1143,ThermoMPNN,6eqe_Repair,2.242121934890747,57,G,E,6eqe_Repair,A
1144,ThermoMPNN,6eqe_Repair,1.0390756130218506,57,G,F,6eqe_Repair,A
1145,ThermoMPNN,6eqe_Repair,0.0,57,G,G,6eqe_Repair,A
1146,ThermoMPNN,6eqe_Repair,2.018683910369873,57,G,H,6eqe_Repair,A
1147,ThermoMPNN,6eqe_Repair,1.5423988103866577,57,G,I,6eqe_Repair,A
1148,ThermoMPNN,6eqe_Repair,2.392493963241577,57,G,K,6eqe_Repair,A
1149,ThermoMPNN,6eqe_Repair,1.7148054838180542,57,G,L,6eqe_Repair,A
1150,ThermoMPNN,6eqe_Repair,1.551166296005249,57,G,M,6eqe_Repair,A
1151,ThermoMPNN,6eqe_Repair,2.352597951889038,57,G,N,6eqe_Repair,A
1152,ThermoMPNN,6eqe_Repair,2.186478614807129,57,G,P,6eqe_Repair,A
1153,ThermoMPNN,6eqe_Repair,2.1946218013763428,57,G,Q,6eqe_Repair,A
1154,ThermoMPNN,6eqe_Repair,2.243243455886841,57,G,R,6eqe_Repair,A
1155,ThermoMPNN,6eqe_Repair,1.698754072189331,57,G,S,6eqe_Repair,A
1156,ThermoMPNN,6eqe_Repair,1.7856419086456299,57,G,T,6eqe_Repair,A
1157,ThermoMPNN,6eqe_Repair,1.4631894826889038,57,G,V,6eqe_Repair,A
1158,ThermoMPNN,6eqe_Repair,1.256061315536499,57,G,W,6eqe_Repair,A
1159,ThermoMPNN,6eqe_Repair,1.2949001789093018,57,G,Y,6eqe_Repair,A
1160,ThermoMPNN,6eqe_Repair,1.3529078960418701,58,Y,A,6eqe_Repair,A
1161,ThermoMPNN,6eqe_Repair,0.7427334785461426,58,Y,C,6eqe_Repair,A
1162,ThermoMPNN,6eqe_Repair,1.9014976024627686,58,Y,D,6eqe_Repair,A
1163,ThermoMPNN,6eqe_Repair,1.4935932159423828,58,Y,E,6eqe_Repair,A
1164,ThermoMPNN,6eqe_Repair,0.06811749935150146,58,Y,F,6eqe_Repair,A
1165,ThermoMPNN,6eqe_Repair,1.68948495388031,58,Y,G,6eqe_Repair,A
1166,ThermoMPNN,6eqe_Repair,1.01417875289917,58,Y,H,6eqe_Repair,A
1167,ThermoMPNN,6eqe_Repair,0.5818377733230591,58,Y,I,6eqe_Repair,A
1168,ThermoMPNN,6eqe_Repair,1.2220886945724487,58,Y,K,6eqe_Repair,A
1169,ThermoMPNN,6eqe_Repair,0.7602627277374268,58,Y,L,6eqe_Repair,A
1170,ThermoMPNN,6eqe_Repair,0.8266503214836121,58,Y,M,6eqe_Repair,A
1171,ThermoMPNN,6eqe_Repair,1.5518052577972412,58,Y,N,6eqe_Repair,A
1172,ThermoMPNN,6eqe_Repair,1.4393424987792969,58,Y,P,6eqe_Repair,A
1173,ThermoMPNN,6eqe_Repair,1.3957514762878418,58,Y,Q,6eqe_Repair,A
1174,ThermoMPNN,6eqe_Repair,1.107751488685608,58,Y,R,6eqe_Repair,A
1175,ThermoMPNN,6eqe_Repair,1.3844528198242188,58,Y,S,6eqe_Repair,A
1176,ThermoMPNN,6eqe_Repair,1.169762372970581,58,Y,T,6eqe_Repair,A
1177,ThermoMPNN,6eqe_Repair,0.7265383005142212,58,Y,V,6eqe_Repair,A
1178,ThermoMPNN,6eqe_Repair,0.20220696926116943,58,Y,W,6eqe_Repair,A
1179,ThermoMPNN,6eqe_Repair,0.0,58,Y,Y,6eqe_Repair,A
1180,ThermoMPNN,6eqe_Repair,0.8235083818435669,59,T,A,6eqe_Repair,A
1181,ThermoMPNN,6eqe_Repair,0.22575020790100098,59,T,C,6eqe_Repair,A
1182,ThermoMPNN,6eqe_Repair,1.2974622249603271,59,T,D,6eqe_Repair,A
1183,ThermoMPNN,6eqe_Repair,1.3154637813568115,59,T,E,6eqe_Repair,A
1184,ThermoMPNN,6eqe_Repair,0.859343945980072,59,T,F,6eqe_Repair,A
1185,ThermoMPNN,6eqe_Repair,0.3536977767944336,59,T,G,6eqe_Repair,A
1186,ThermoMPNN,6eqe_Repair,0.8309614658355713,59,T,H,6eqe_Repair,A
1187,ThermoMPNN,6eqe_Repair,1.203410029411316,59,T,I,6eqe_Repair,A
1188,ThermoMPNN,6eqe_Repair,0.9877793788909912,59,T,K,6eqe_Repair,A
1189,ThermoMPNN,6eqe_Repair,0.5303981304168701,59,T,L,6eqe_Repair,A
1190,ThermoMPNN,6eqe_Repair,0.8331079483032227,59,T,M,6eqe_Repair,A
1191,ThermoMPNN,6eqe_Repair,0.7542641162872314,59,T,N,6eqe_Repair,A
1192,ThermoMPNN,6eqe_Repair,2.2366111278533936,59,T,P,6eqe_Repair,A
1193,ThermoMPNN,6eqe_Repair,0.9777456521987915,59,T,Q,6eqe_Repair,A
1194,ThermoMPNN,6eqe_Repair,1.120782494544983,59,T,R,6eqe_Repair,A
1195,ThermoMPNN,6eqe_Repair,0.5151270031929016,59,T,S,6eqe_Repair,A
1196,ThermoMPNN,6eqe_Repair,0.0,59,T,T,6eqe_Repair,A
1197,ThermoMPNN,6eqe_Repair,1.0809544324874878,59,T,V,6eqe_Repair,A
1198,ThermoMPNN,6eqe_Repair,0.8881711959838867,59,T,W,6eqe_Repair,A
1199,ThermoMPNN,6eqe_Repair,0.7290946841239929,59,T,Y,6eqe_Repair,A
1200,ThermoMPNN,6eqe_Repair,0.0,60,A,A,6eqe_Repair,A
1201,ThermoMPNN,6eqe_Repair,-0.11871886253356934,60,A,C,6eqe_Repair,A
1202,ThermoMPNN,6eqe_Repair,0.8182224035263062,60,A,D,6eqe_Repair,A
1203,ThermoMPNN,6eqe_Repair,0.3041883111000061,60,A,E,6eqe_Repair,A
1204,ThermoMPNN,6eqe_Repair,0.3126222491264343,60,A,F,6eqe_Repair,A
1205,ThermoMPNN,6eqe_Repair,0.46219784021377563,60,A,G,6eqe_Repair,A
1206,ThermoMPNN,6eqe_Repair,0.35956549644470215,60,A,H,6eqe_Repair,A
1207,ThermoMPNN,6eqe_Repair,0.9563462138175964,60,A,I,6eqe_Repair,A
1208,ThermoMPNN,6eqe_Repair,0.26407378911972046,60,A,K,6eqe_Repair,A
1209,ThermoMPNN,6eqe_Repair,0.20439577102661133,60,A,L,6eqe_Repair,A
1210,ThermoMPNN,6eqe_Repair,0.09339714050292969,60,A,M,6eqe_Repair,A
1211,ThermoMPNN,6eqe_Repair,0.5122061371803284,60,A,N,6eqe_Repair,A
1212,ThermoMPNN,6eqe_Repair,2.254647970199585,60,A,P,6eqe_Repair,A
1213,ThermoMPNN,6eqe_Repair,0.2311021089553833,60,A,Q,6eqe_Repair,A
1214,ThermoMPNN,6eqe_Repair,0.40926671028137207,60,A,R,6eqe_Repair,A
1215,ThermoMPNN,6eqe_Repair,0.4512951374053955,60,A,S,6eqe_Repair,A
1216,ThermoMPNN,6eqe_Repair,0.6559196710586548,60,A,T,6eqe_Repair,A
1217,ThermoMPNN,6eqe_Repair,0.8310803174972534,60,A,V,6eqe_Repair,A
1218,ThermoMPNN,6eqe_Repair,0.49023008346557617,60,A,W,6eqe_Repair,A
1219,ThermoMPNN,6eqe_Repair,0.3999554514884949,60,A,Y,6eqe_Repair,A
1220,ThermoMPNN,6eqe_Repair,-0.013375639915466309,61,R,A,6eqe_Repair,A
1221,ThermoMPNN,6eqe_Repair,-0.45379382371902466,61,R,C,6eqe_Repair,A
1222,ThermoMPNN,6eqe_Repair,0.6152302622795105,61,R,D,6eqe_Repair,A
1223,ThermoMPNN,6eqe_Repair,0.3917383849620819,61,R,E,6eqe_Repair,A
1224,ThermoMPNN,6eqe_Repair,-0.1677912473678589,61,R,F,6eqe_Repair,A
1225,ThermoMPNN,6eqe_Repair,-0.2566754221916199,61,R,G,6eqe_Repair,A
1226,ThermoMPNN,6eqe_Repair,-0.10778158903121948,61,R,H,6eqe_Repair,A
1227,ThermoMPNN,6eqe_Repair,0.1442144513130188,61,R,I,6eqe_Repair,A
1228,ThermoMPNN,6eqe_Repair,0.06267297267913818,61,R,K,6eqe_Repair,A
1229,ThermoMPNN,6eqe_Repair,-0.01665419340133667,61,R,L,6eqe_Repair,A
1230,ThermoMPNN,6eqe_Repair,0.11140871047973633,61,R,M,6eqe_Repair,A
1231,ThermoMPNN,6eqe_Repair,0.17781329154968262,61,R,N,6eqe_Repair,A
1232,ThermoMPNN,6eqe_Repair,0.9497010707855225,61,R,P,6eqe_Repair,A
1233,ThermoMPNN,6eqe_Repair,0.1993212103843689,61,R,Q,6eqe_Repair,A
1234,ThermoMPNN,6eqe_Repair,0.0,61,R,R,6eqe_Repair,A
1235,ThermoMPNN,6eqe_Repair,0.11272591352462769,61,R,S,6eqe_Repair,A
1236,ThermoMPNN,6eqe_Repair,-0.13511806726455688,61,R,T,6eqe_Repair,A
1237,ThermoMPNN,6eqe_Repair,0.0625230073928833,61,R,V,6eqe_Repair,A
1238,ThermoMPNN,6eqe_Repair,-0.03058624267578125,61,R,W,6eqe_Repair,A
1239,ThermoMPNN,6eqe_Repair,-0.30283015966415405,61,R,Y,6eqe_Repair,A
1240,ThermoMPNN,6eqe_Repair,0.6375798583030701,62,Q,A,6eqe_Repair,A
1241,ThermoMPNN,6eqe_Repair,0.8330516815185547,62,Q,C,6eqe_Repair,A
1242,ThermoMPNN,6eqe_Repair,2.1243584156036377,62,Q,D,6eqe_Repair,A
1243,ThermoMPNN,6eqe_Repair,1.623981237411499,62,Q,E,6eqe_Repair,A
1244,ThermoMPNN,6eqe_Repair,0.8559202551841736,62,Q,F,6eqe_Repair,A
1245,ThermoMPNN,6eqe_Repair,1.5323188304901123,62,Q,G,6eqe_Repair,A
1246,ThermoMPNN,6eqe_Repair,0.7913285493850708,62,Q,H,6eqe_Repair,A
1247,ThermoMPNN,6eqe_Repair,0.06750082969665527,62,Q,I,6eqe_Repair,A
1248,ThermoMPNN,6eqe_Repair,-0.1771531105041504,62,Q,K,6eqe_Repair,A
1249,ThermoMPNN,6eqe_Repair,0.8373278379440308,62,Q,L,6eqe_Repair,A
1250,ThermoMPNN,6eqe_Repair,0.3341994285583496,62,Q,M,6eqe_Repair,A
1251,ThermoMPNN,6eqe_Repair,1.5224978923797607,62,Q,N,6eqe_Repair,A
1252,ThermoMPNN,6eqe_Repair,1.560410976409912,62,Q,P,6eqe_Repair,A
1253,ThermoMPNN,6eqe_Repair,0.0,62,Q,Q,6eqe_Repair,A
1254,ThermoMPNN,6eqe_Repair,-0.1590583324432373,62,Q,R,6eqe_Repair,A
1255,ThermoMPNN,6eqe_Repair,0.9576906561851501,62,Q,S,6eqe_Repair,A
1256,ThermoMPNN,6eqe_Repair,0.886829137802124,62,Q,T,6eqe_Repair,A
1257,ThermoMPNN,6eqe_Repair,0.5701916217803955,62,Q,V,6eqe_Repair,A
1258,ThermoMPNN,6eqe_Repair,1.1083991527557373,62,Q,W,6eqe_Repair,A
1259,ThermoMPNN,6eqe_Repair,1.0032234191894531,62,Q,Y,6eqe_Repair,A
1260,ThermoMPNN,6eqe_Repair,0.05583822727203369,63,S,A,6eqe_Repair,A
1261,ThermoMPNN,6eqe_Repair,0.08348691463470459,63,S,C,6eqe_Repair,A
1262,ThermoMPNN,6eqe_Repair,-0.08063924312591553,63,S,D,6eqe_Repair,A
1263,ThermoMPNN,6eqe_Repair,0.09410595893859863,63,S,E,6eqe_Repair,A
1264,ThermoMPNN,6eqe_Repair,0.5092313289642334,63,S,F,6eqe_Repair,A
1265,ThermoMPNN,6eqe_Repair,0.17804980278015137,63,S,G,6eqe_Repair,A
1266,ThermoMPNN,6eqe_Repair,0.44842594861984253,63,S,H,6eqe_Repair,A
1267,ThermoMPNN,6eqe_Repair,0.6941859722137451,63,S,I,6eqe_Repair,A
1268,ThermoMPNN,6eqe_Repair,0.5400903820991516,63,S,K,6eqe_Repair,A
1269,ThermoMPNN,6eqe_Repair,0.6882180571556091,63,S,L,6eqe_Repair,A
1270,ThermoMPNN,6eqe_Repair,0.571586549282074,63,S,M,6eqe_Repair,A
1271,ThermoMPNN,6eqe_Repair,0.24832022190093994,63,S,N,6eqe_Repair,A
1272,ThermoMPNN,6eqe_Repair,0.8154179453849792,63,S,P,6eqe_Repair,A
1273,ThermoMPNN,6eqe_Repair,0.410722017288208,63,S,Q,6eqe_Repair,A
1274,ThermoMPNN,6eqe_Repair,0.5432172417640686,63,S,R,6eqe_Repair,A
1275,ThermoMPNN,6eqe_Repair,0.0,63,S,S,6eqe_Repair,A
1276,ThermoMPNN,6eqe_Repair,0.2831355929374695,63,S,T,6eqe_Repair,A
1277,ThermoMPNN,6eqe_Repair,0.6654772162437439,63,S,V,6eqe_Repair,A
1278,ThermoMPNN,6eqe_Repair,0.1897897720336914,63,S,W,6eqe_Repair,A
1279,ThermoMPNN,6eqe_Repair,0.42436760663986206,63,S,Y,6eqe_Repair,A
1280,ThermoMPNN,6eqe_Repair,0.17818200588226318,64,S,A,6eqe_Repair,A
1281,ThermoMPNN,6eqe_Repair,-0.1914982795715332,64,S,C,6eqe_Repair,A
1282,ThermoMPNN,6eqe_Repair,0.5382459163665771,64,S,D,6eqe_Repair,A
1283,ThermoMPNN,6eqe_Repair,-0.22232067584991455,64,S,E,6eqe_Repair,A
1284,ThermoMPNN,6eqe_Repair,0.31609445810317993,64,S,F,6eqe_Repair,A
1285,ThermoMPNN,6eqe_Repair,1.1911330223083496,64,S,G,6eqe_Repair,A
1286,ThermoMPNN,6eqe_Repair,0.34008413553237915,64,S,H,6eqe_Repair,A
1287,ThermoMPNN,6eqe_Repair,0.2705075144767761,64,S,I,6eqe_Repair,A
1288,ThermoMPNN,6eqe_Repair,1.0148775577545166,64,S,K,6eqe_Repair,A
1289,ThermoMPNN,6eqe_Repair,0.5711524486541748,64,S,L,6eqe_Repair,A
1290,ThermoMPNN,6eqe_Repair,0.37558799982070923,64,S,M,6eqe_Repair,A
1291,ThermoMPNN,6eqe_Repair,0.6548940539360046,64,S,N,6eqe_Repair,A
1292,ThermoMPNN,6eqe_Repair,3.000086784362793,64,S,P,6eqe_Repair,A
1293,ThermoMPNN,6eqe_Repair,0.35687655210494995,64,S,Q,6eqe_Repair,A
1294,ThermoMPNN,6eqe_Repair,0.8365669846534729,64,S,R,6eqe_Repair,A
1295,ThermoMPNN,6eqe_Repair,0.0,64,S,S,6eqe_Repair,A
1296,ThermoMPNN,6eqe_Repair,-0.07676470279693604,64,S,T,6eqe_Repair,A
1297,ThermoMPNN,6eqe_Repair,-0.017900466918945312,64,S,V,6eqe_Repair,A
1298,ThermoMPNN,6eqe_Repair,0.1429772973060608,64,S,W,6eqe_Repair,A
1299,ThermoMPNN,6eqe_Repair,0.2392682433128357,64,S,Y,6eqe_Repair,A
1300,ThermoMPNN,6eqe_Repair,1.7756259441375732,65,I,A,6eqe_Repair,A
1301,ThermoMPNN,6eqe_Repair,0.7786778211593628,65,I,C,6eqe_Repair,A
1302,ThermoMPNN,6eqe_Repair,2.0731828212738037,65,I,D,6eqe_Repair,A
1303,ThermoMPNN,6eqe_Repair,2.028963088989258,65,I,E,6eqe_Repair,A
1304,ThermoMPNN,6eqe_Repair,1.5289771556854248,65,I,F,6eqe_Repair,A
1305,ThermoMPNN,6eqe_Repair,2.514355421066284,65,I,G,6eqe_Repair,A
1306,ThermoMPNN,6eqe_Repair,2.210970401763916,65,I,H,6eqe_Repair,A
1307,ThermoMPNN,6eqe_Repair,0.0,65,I,I,6eqe_Repair,A
1308,ThermoMPNN,6eqe_Repair,2.6408638954162598,65,I,K,6eqe_Repair,A
1309,ThermoMPNN,6eqe_Repair,0.20996809005737305,65,I,L,6eqe_Repair,A
1310,ThermoMPNN,6eqe_Repair,0.6728055477142334,65,I,M,6eqe_Repair,A
1311,ThermoMPNN,6eqe_Repair,2.1871273517608643,65,I,N,6eqe_Repair,A
1312,ThermoMPNN,6eqe_Repair,2.805945873260498,65,I,P,6eqe_Repair,A
1313,ThermoMPNN,6eqe_Repair,2.05340576171875,65,I,Q,6eqe_Repair,A
1314,ThermoMPNN,6eqe_Repair,2.6112639904022217,65,I,R,6eqe_Repair,A
1315,ThermoMPNN,6eqe_Repair,2.1765964031219482,65,I,S,6eqe_Repair,A
1316,ThermoMPNN,6eqe_Repair,1.5145368576049805,65,I,T,6eqe_Repair,A
1317,ThermoMPNN,6eqe_Repair,-0.14587712287902832,65,I,V,6eqe_Repair,A
1318,ThermoMPNN,6eqe_Repair,1.9498977661132812,65,I,W,6eqe_Repair,A
1319,ThermoMPNN,6eqe_Repair,2.1169066429138184,65,I,Y,6eqe_Repair,A
1320,ThermoMPNN,6eqe_Repair,-0.4298645853996277,66,K,A,6eqe_Repair,A
1321,ThermoMPNN,6eqe_Repair,-0.17297619581222534,66,K,C,6eqe_Repair,A
1322,ThermoMPNN,6eqe_Repair,0.2702121138572693,66,K,D,6eqe_Repair,A
1323,ThermoMPNN,6eqe_Repair,-0.17537444829940796,66,K,E,6eqe_Repair,A
1324,ThermoMPNN,6eqe_Repair,0.2955489754676819,66,K,F,6eqe_Repair,A
1325,ThermoMPNN,6eqe_Repair,0.6812685132026672,66,K,G,6eqe_Repair,A
1326,ThermoMPNN,6eqe_Repair,-0.029049038887023926,66,K,H,6eqe_Repair,A
1327,ThermoMPNN,6eqe_Repair,0.09203726053237915,66,K,I,6eqe_Repair,A
1328,ThermoMPNN,6eqe_Repair,0.0,66,K,K,6eqe_Repair,A
1329,ThermoMPNN,6eqe_Repair,0.2543376088142395,66,K,L,6eqe_Repair,A
1330,ThermoMPNN,6eqe_Repair,0.25812458992004395,66,K,M,6eqe_Repair,A
1331,ThermoMPNN,6eqe_Repair,0.13234221935272217,66,K,N,6eqe_Repair,A
1332,ThermoMPNN,6eqe_Repair,1.9626898765563965,66,K,P,6eqe_Repair,A
1333,ThermoMPNN,6eqe_Repair,-0.012727141380310059,66,K,Q,6eqe_Repair,A
1334,ThermoMPNN,6eqe_Repair,-0.13748246431350708,66,K,R,6eqe_Repair,A
1335,ThermoMPNN,6eqe_Repair,-0.18695670366287231,66,K,S,6eqe_Repair,A
1336,ThermoMPNN,6eqe_Repair,0.309050977230072,66,K,T,6eqe_Repair,A
1337,ThermoMPNN,6eqe_Repair,-0.0206030011177063,66,K,V,6eqe_Repair,A
1338,ThermoMPNN,6eqe_Repair,0.07544231414794922,66,K,W,6eqe_Repair,A
1339,ThermoMPNN,6eqe_Repair,0.027237355709075928,66,K,Y,6eqe_Repair,A
1340,ThermoMPNN,6eqe_Repair,0.9997974634170532,67,W,A,6eqe_Repair,A
1341,ThermoMPNN,6eqe_Repair,0.3486053943634033,67,W,C,6eqe_Repair,A
1342,ThermoMPNN,6eqe_Repair,1.2536633014678955,67,W,D,6eqe_Repair,A
1343,ThermoMPNN,6eqe_Repair,1.0252842903137207,67,W,E,6eqe_Repair,A
1344,ThermoMPNN,6eqe_Repair,0.5115892887115479,67,W,F,6eqe_Repair,A
1345,ThermoMPNN,6eqe_Repair,2.0277578830718994,67,W,G,6eqe_Repair,A
1346,ThermoMPNN,6eqe_Repair,0.7073169946670532,67,W,H,6eqe_Repair,A
1347,ThermoMPNN,6eqe_Repair,0.12644481658935547,67,W,I,6eqe_Repair,A
1348,ThermoMPNN,6eqe_Repair,1.172778844833374,67,W,K,6eqe_Repair,A
1349,ThermoMPNN,6eqe_Repair,0.5045813322067261,67,W,L,6eqe_Repair,A
1350,ThermoMPNN,6eqe_Repair,0.4846147298812866,67,W,M,6eqe_Repair,A
1351,ThermoMPNN,6eqe_Repair,1.3679044246673584,67,W,N,6eqe_Repair,A
1352,ThermoMPNN,6eqe_Repair,2.910949468612671,67,W,P,6eqe_Repair,A
1353,ThermoMPNN,6eqe_Repair,0.6834738850593567,67,W,Q,6eqe_Repair,A
1354,ThermoMPNN,6eqe_Repair,1.1058716773986816,67,W,R,6eqe_Repair,A
1355,ThermoMPNN,6eqe_Repair,1.0835400819778442,67,W,S,6eqe_Repair,A
1356,ThermoMPNN,6eqe_Repair,0.8653321266174316,67,W,T,6eqe_Repair,A
1357,ThermoMPNN,6eqe_Repair,0.338792085647583,67,W,V,6eqe_Repair,A
1358,ThermoMPNN,6eqe_Repair,0.0,67,W,W,6eqe_Repair,A
1359,ThermoMPNN,6eqe_Repair,0.23426103591918945,67,W,Y,6eqe_Repair,A
1360,ThermoMPNN,6eqe_Repair,2.130467414855957,68,W,A,6eqe_Repair,A
1361,ThermoMPNN,6eqe_Repair,1.132625699043274,68,W,C,6eqe_Repair,A
1362,ThermoMPNN,6eqe_Repair,2.5688226222991943,68,W,D,6eqe_Repair,A
1363,ThermoMPNN,6eqe_Repair,2.250049591064453,68,W,E,6eqe_Repair,A
1364,ThermoMPNN,6eqe_Repair,0.9586764574050903,68,W,F,6eqe_Repair,A
1365,ThermoMPNN,6eqe_Repair,2.3425400257110596,68,W,G,6eqe_Repair,A
1366,ThermoMPNN,6eqe_Repair,1.835176706314087,68,W,H,6eqe_Repair,A
1367,ThermoMPNN,6eqe_Repair,1.6144208908081055,68,W,I,6eqe_Repair,A
1368,ThermoMPNN,6eqe_Repair,2.0745458602905273,68,W,K,6eqe_Repair,A
1369,ThermoMPNN,6eqe_Repair,1.0583336353302002,68,W,L,6eqe_Repair,A
1370,ThermoMPNN,6eqe_Repair,1.1992064714431763,68,W,M,6eqe_Repair,A
1371,ThermoMPNN,6eqe_Repair,2.2968461513519287,68,W,N,6eqe_Repair,A
1372,ThermoMPNN,6eqe_Repair,2.2606661319732666,68,W,P,6eqe_Repair,A
1373,ThermoMPNN,6eqe_Repair,1.9918525218963623,68,W,Q,6eqe_Repair,A
1374,ThermoMPNN,6eqe_Repair,2.0166499614715576,68,W,R,6eqe_Repair,A
1375,ThermoMPNN,6eqe_Repair,2.3152270317077637,68,W,S,6eqe_Repair,A
1376,ThermoMPNN,6eqe_Repair,2.369959831237793,68,W,T,6eqe_Repair,A
1377,ThermoMPNN,6eqe_Repair,1.8335896730422974,68,W,V,6eqe_Repair,A
1378,ThermoMPNN,6eqe_Repair,0.0,68,W,W,6eqe_Repair,A
1379,ThermoMPNN,6eqe_Repair,0.8734925985336304,68,W,Y,6eqe_Repair,A
1380,ThermoMPNN,6eqe_Repair,1.5692894458770752,69,G,A,6eqe_Repair,A
1381,ThermoMPNN,6eqe_Repair,1.4067940711975098,69,G,C,6eqe_Repair,A
1382,ThermoMPNN,6eqe_Repair,2.469212532043457,69,G,D,6eqe_Repair,A
1383,ThermoMPNN,6eqe_Repair,2.5177812576293945,69,G,E,6eqe_Repair,A
1384,ThermoMPNN,6eqe_Repair,1.4204208850860596,69,G,F,6eqe_Repair,A
1385,ThermoMPNN,6eqe_Repair,0.0,69,G,G,6eqe_Repair,A
1386,ThermoMPNN,6eqe_Repair,2.144742012023926,69,G,H,6eqe_Repair,A
1387,ThermoMPNN,6eqe_Repair,1.9442601203918457,69,G,I,6eqe_Repair,A
1388,ThermoMPNN,6eqe_Repair,2.4351701736450195,69,G,K,6eqe_Repair,A
1389,ThermoMPNN,6eqe_Repair,1.974714756011963,69,G,L,6eqe_Repair,A
1390,ThermoMPNN,6eqe_Repair,1.8275617361068726,69,G,M,6eqe_Repair,A
1391,ThermoMPNN,6eqe_Repair,2.4255623817443848,69,G,N,6eqe_Repair,A
1392,ThermoMPNN,6eqe_Repair,2.3267810344696045,69,G,P,6eqe_Repair,A
1393,ThermoMPNN,6eqe_Repair,2.3719892501831055,69,G,Q,6eqe_Repair,A
1394,ThermoMPNN,6eqe_Repair,2.2249386310577393,69,G,R,6eqe_Repair,A
1395,ThermoMPNN,6eqe_Repair,2.048927068710327,69,G,S,6eqe_Repair,A
1396,ThermoMPNN,6eqe_Repair,2.2202484607696533,69,G,T,6eqe_Repair,A
1397,ThermoMPNN,6eqe_Repair,1.8824043273925781,69,G,V,6eqe_Repair,A
1398,ThermoMPNN,6eqe_Repair,1.6621726751327515,69,G,W,6eqe_Repair,A
1399,ThermoMPNN,6eqe_Repair,1.6395978927612305,69,G,Y,6eqe_Repair,A
1400,ThermoMPNN,6eqe_Repair,-0.01714116334915161,70,P,A,6eqe_Repair,A
1401,ThermoMPNN,6eqe_Repair,-0.13148075342178345,70,P,C,6eqe_Repair,A
1402,ThermoMPNN,6eqe_Repair,0.7254198789596558,70,P,D,6eqe_Repair,A
1403,ThermoMPNN,6eqe_Repair,0.2459697723388672,70,P,E,6eqe_Repair,A
1404,ThermoMPNN,6eqe_Repair,-0.31104540824890137,70,P,F,6eqe_Repair,A
1405,ThermoMPNN,6eqe_Repair,0.3621423840522766,70,P,G,6eqe_Repair,A
1406,ThermoMPNN,6eqe_Repair,0.06524252891540527,70,P,H,6eqe_Repair,A
1407,ThermoMPNN,6eqe_Repair,-0.030169367790222168,70,P,I,6eqe_Repair,A
1408,ThermoMPNN,6eqe_Repair,0.01690000295639038,70,P,K,6eqe_Repair,A
1409,ThermoMPNN,6eqe_Repair,0.04139292240142822,70,P,L,6eqe_Repair,A
1410,ThermoMPNN,6eqe_Repair,0.056614041328430176,70,P,M,6eqe_Repair,A
1411,ThermoMPNN,6eqe_Repair,0.47397029399871826,70,P,N,6eqe_Repair,A
1412,ThermoMPNN,6eqe_Repair,0.0,70,P,P,6eqe_Repair,A
1413,ThermoMPNN,6eqe_Repair,0.15747618675231934,70,P,Q,6eqe_Repair,A
1414,ThermoMPNN,6eqe_Repair,-0.051846444606781006,70,P,R,6eqe_Repair,A
1415,ThermoMPNN,6eqe_Repair,0.2674427032470703,70,P,S,6eqe_Repair,A
1416,ThermoMPNN,6eqe_Repair,0.23712605237960815,70,P,T,6eqe_Repair,A
1417,ThermoMPNN,6eqe_Repair,-0.06215643882751465,70,P,V,6eqe_Repair,A
1418,ThermoMPNN,6eqe_Repair,-0.2178019881248474,70,P,W,6eqe_Repair,A
1419,ThermoMPNN,6eqe_Repair,-0.38989078998565674,70,P,Y,6eqe_Repair,A
1420,ThermoMPNN,6eqe_Repair,1.7371480464935303,71,R,A,6eqe_Repair,A
1421,ThermoMPNN,6eqe_Repair,1.148665189743042,71,R,C,6eqe_Repair,A
1422,ThermoMPNN,6eqe_Repair,2.778270959854126,71,R,D,6eqe_Repair,A
1423,ThermoMPNN,6eqe_Repair,2.496551990509033,71,R,E,6eqe_Repair,A
1424,ThermoMPNN,6eqe_Repair,0.68360435962677,71,R,F,6eqe_Repair,A
1425,ThermoMPNN,6eqe_Repair,2.6103744506835938,71,R,G,6eqe_Repair,A
1426,ThermoMPNN,6eqe_Repair,1.4565484523773193,71,R,H,6eqe_Repair,A
1427,ThermoMPNN,6eqe_Repair,0.4720205068588257,71,R,I,6eqe_Repair,A
1428,ThermoMPNN,6eqe_Repair,0.5999091863632202,71,R,K,6eqe_Repair,A
1429,ThermoMPNN,6eqe_Repair,0.30506813526153564,71,R,L,6eqe_Repair,A
1430,ThermoMPNN,6eqe_Repair,0.7350534200668335,71,R,M,6eqe_Repair,A
1431,ThermoMPNN,6eqe_Repair,2.07871413230896,71,R,N,6eqe_Repair,A
1432,ThermoMPNN,6eqe_Repair,2.689305543899536,71,R,P,6eqe_Repair,A
1433,ThermoMPNN,6eqe_Repair,1.5773334503173828,71,R,Q,6eqe_Repair,A
1434,ThermoMPNN,6eqe_Repair,0.0,71,R,R,6eqe_Repair,A
1435,ThermoMPNN,6eqe_Repair,1.9129794836044312,71,R,S,6eqe_Repair,A
1436,ThermoMPNN,6eqe_Repair,1.5382301807403564,71,R,T,6eqe_Repair,A
1437,ThermoMPNN,6eqe_Repair,0.7198376655578613,71,R,V,6eqe_Repair,A
1438,ThermoMPNN,6eqe_Repair,0.6982948780059814,71,R,W,6eqe_Repair,A
1439,ThermoMPNN,6eqe_Repair,0.7335348129272461,71,R,Y,6eqe_Repair,A
1440,ThermoMPNN,6eqe_Repair,2.339975357055664,72,L,A,6eqe_Repair,A
1441,ThermoMPNN,6eqe_Repair,1.3135086297988892,72,L,C,6eqe_Repair,A
1442,ThermoMPNN,6eqe_Repair,3.442248821258545,72,L,D,6eqe_Repair,A
1443,ThermoMPNN,6eqe_Repair,2.8312735557556152,72,L,E,6eqe_Repair,A
1444,ThermoMPNN,6eqe_Repair,0.07740139961242676,72,L,F,6eqe_Repair,A
1445,ThermoMPNN,6eqe_Repair,2.961427688598633,72,L,G,6eqe_Repair,A
1446,ThermoMPNN,6eqe_Repair,2.441657543182373,72,L,H,6eqe_Repair,A
1447,ThermoMPNN,6eqe_Repair,0.6664078235626221,72,L,I,6eqe_Repair,A
1448,ThermoMPNN,6eqe_Repair,2.7825582027435303,72,L,K,6eqe_Repair,A
1449,ThermoMPNN,6eqe_Repair,0.0,72,L,L,6eqe_Repair,A
1450,ThermoMPNN,6eqe_Repair,0.5966958999633789,72,L,M,6eqe_Repair,A
1451,ThermoMPNN,6eqe_Repair,2.896310329437256,72,L,N,6eqe_Repair,A
1452,ThermoMPNN,6eqe_Repair,3.324591875076294,72,L,P,6eqe_Repair,A
1453,ThermoMPNN,6eqe_Repair,2.6987576484680176,72,L,Q,6eqe_Repair,A
1454,ThermoMPNN,6eqe_Repair,2.710930824279785,72,L,R,6eqe_Repair,A
1455,ThermoMPNN,6eqe_Repair,3.003659963607788,72,L,S,6eqe_Repair,A
1456,ThermoMPNN,6eqe_Repair,2.540412664413452,72,L,T,6eqe_Repair,A
1457,ThermoMPNN,6eqe_Repair,1.6088051795959473,72,L,V,6eqe_Repair,A
1458,ThermoMPNN,6eqe_Repair,1.1861815452575684,72,L,W,6eqe_Repair,A
1459,ThermoMPNN,6eqe_Repair,0.9090269804000854,72,L,Y,6eqe_Repair,A
1460,ThermoMPNN,6eqe_Repair,0.0,73,A,A,6eqe_Repair,A
1461,ThermoMPNN,6eqe_Repair,1.2297213077545166,73,A,C,6eqe_Repair,A
1462,ThermoMPNN,6eqe_Repair,2.8271238803863525,73,A,D,6eqe_Repair,A
1463,ThermoMPNN,6eqe_Repair,2.3017687797546387,73,A,E,6eqe_Repair,A
1464,ThermoMPNN,6eqe_Repair,1.9783155918121338,73,A,F,6eqe_Repair,A
1465,ThermoMPNN,6eqe_Repair,2.102673053741455,73,A,G,6eqe_Repair,A
1466,ThermoMPNN,6eqe_Repair,2.443213701248169,73,A,H,6eqe_Repair,A
1467,ThermoMPNN,6eqe_Repair,1.912458062171936,73,A,I,6eqe_Repair,A
1468,ThermoMPNN,6eqe_Repair,2.3409745693206787,73,A,K,6eqe_Repair,A
1469,ThermoMPNN,6eqe_Repair,1.8820594549179077,73,A,L,6eqe_Repair,A
1470,ThermoMPNN,6eqe_Repair,1.7814093828201294,73,A,M,6eqe_Repair,A
1471,ThermoMPNN,6eqe_Repair,2.670562982559204,73,A,N,6eqe_Repair,A
1472,ThermoMPNN,6eqe_Repair,2.242036819458008,73,A,P,6eqe_Repair,A
1473,ThermoMPNN,6eqe_Repair,2.398712158203125,73,A,Q,6eqe_Repair,A
1474,ThermoMPNN,6eqe_Repair,2.3068747520446777,73,A,R,6eqe_Repair,A
1475,ThermoMPNN,6eqe_Repair,1.4562911987304688,73,A,S,6eqe_Repair,A
1476,ThermoMPNN,6eqe_Repair,2.023040294647217,73,A,T,6eqe_Repair,A
1477,ThermoMPNN,6eqe_Repair,1.4494529962539673,73,A,V,6eqe_Repair,A
1478,ThermoMPNN,6eqe_Repair,2.0115649700164795,73,A,W,6eqe_Repair,A
1479,ThermoMPNN,6eqe_Repair,2.0937700271606445,73,A,Y,6eqe_Repair,A
1480,ThermoMPNN,6eqe_Repair,0.8896286487579346,74,S,A,6eqe_Repair,A
1481,ThermoMPNN,6eqe_Repair,1.0633907318115234,74,S,C,6eqe_Repair,A
1482,ThermoMPNN,6eqe_Repair,2.3140664100646973,74,S,D,6eqe_Repair,A
1483,ThermoMPNN,6eqe_Repair,1.9900870323181152,74,S,E,6eqe_Repair,A
1484,ThermoMPNN,6eqe_Repair,1.981778621673584,74,S,F,6eqe_Repair,A
1485,ThermoMPNN,6eqe_Repair,1.3848700523376465,74,S,G,6eqe_Repair,A
1486,ThermoMPNN,6eqe_Repair,2.237661361694336,74,S,H,6eqe_Repair,A
1487,ThermoMPNN,6eqe_Repair,2.098255157470703,74,S,I,6eqe_Repair,A
1488,ThermoMPNN,6eqe_Repair,1.916576623916626,74,S,K,6eqe_Repair,A
1489,ThermoMPNN,6eqe_Repair,2.3443305492401123,74,S,L,6eqe_Repair,A
1490,ThermoMPNN,6eqe_Repair,1.8045752048492432,74,S,M,6eqe_Repair,A
1491,ThermoMPNN,6eqe_Repair,2.0667781829833984,74,S,N,6eqe_Repair,A
1492,ThermoMPNN,6eqe_Repair,2.028384208679199,74,S,P,6eqe_Repair,A
1493,ThermoMPNN,6eqe_Repair,1.7293009757995605,74,S,Q,6eqe_Repair,A
1494,ThermoMPNN,6eqe_Repair,1.8709893226623535,74,S,R,6eqe_Repair,A
1495,ThermoMPNN,6eqe_Repair,0.0,74,S,S,6eqe_Repair,A
1496,ThermoMPNN,6eqe_Repair,0.3869016170501709,74,S,T,6eqe_Repair,A
1497,ThermoMPNN,6eqe_Repair,1.8170803785324097,74,S,V,6eqe_Repair,A
1498,ThermoMPNN,6eqe_Repair,2.0690550804138184,74,S,W,6eqe_Repair,A
1499,ThermoMPNN,6eqe_Repair,2.3440632820129395,74,S,Y,6eqe_Repair,A
1500,ThermoMPNN,6eqe_Repair,1.4639990329742432,75,H,A,6eqe_Repair,A
1501,ThermoMPNN,6eqe_Repair,0.8647587299346924,75,H,C,6eqe_Repair,A
1502,ThermoMPNN,6eqe_Repair,2.398510217666626,75,H,D,6eqe_Repair,A
1503,ThermoMPNN,6eqe_Repair,1.9275953769683838,75,H,E,6eqe_Repair,A
1504,ThermoMPNN,6eqe_Repair,0.6184923648834229,75,H,F,6eqe_Repair,A
1505,ThermoMPNN,6eqe_Repair,2.287675619125366,75,H,G,6eqe_Repair,A
1506,ThermoMPNN,6eqe_Repair,0.0,75,H,H,6eqe_Repair,A
1507,ThermoMPNN,6eqe_Repair,2.270996332168579,75,H,I,6eqe_Repair,A
1508,ThermoMPNN,6eqe_Repair,1.9735994338989258,75,H,K,6eqe_Repair,A
1509,ThermoMPNN,6eqe_Repair,1.7848485708236694,75,H,L,6eqe_Repair,A
1510,ThermoMPNN,6eqe_Repair,1.3934152126312256,75,H,M,6eqe_Repair,A
1511,ThermoMPNN,6eqe_Repair,1.3516820669174194,75,H,N,6eqe_Repair,A
1512,ThermoMPNN,6eqe_Repair,2.726922035217285,75,H,P,6eqe_Repair,A
1513,ThermoMPNN,6eqe_Repair,1.5734821557998657,75,H,Q,6eqe_Repair,A
1514,ThermoMPNN,6eqe_Repair,1.2482993602752686,75,H,R,6eqe_Repair,A
1515,ThermoMPNN,6eqe_Repair,1.8036887645721436,75,H,S,6eqe_Repair,A
1516,ThermoMPNN,6eqe_Repair,2.2054519653320312,75,H,T,6eqe_Repair,A
1517,ThermoMPNN,6eqe_Repair,1.7953057289123535,75,H,V,6eqe_Repair,A
1518,ThermoMPNN,6eqe_Repair,0.6472011804580688,75,H,W,6eqe_Repair,A
1519,ThermoMPNN,6eqe_Repair,0.07337474822998047,75,H,Y,6eqe_Repair,A
1520,ThermoMPNN,6eqe_Repair,2.6129233837127686,76,G,A,6eqe_Repair,A
1521,ThermoMPNN,6eqe_Repair,2.2120532989501953,76,G,C,6eqe_Repair,A
1522,ThermoMPNN,6eqe_Repair,3.4596564769744873,76,G,D,6eqe_Repair,A
1523,ThermoMPNN,6eqe_Repair,3.782693862915039,76,G,E,6eqe_Repair,A
1524,ThermoMPNN,6eqe_Repair,2.1013998985290527,76,G,F,6eqe_Repair,A
1525,ThermoMPNN,6eqe_Repair,0.0,76,G,G,6eqe_Repair,A
1526,ThermoMPNN,6eqe_Repair,3.0835347175598145,76,G,H,6eqe_Repair,A
1527,ThermoMPNN,6eqe_Repair,3.1087758541107178,76,G,I,6eqe_Repair,A
1528,ThermoMPNN,6eqe_Repair,3.482358932495117,76,G,K,6eqe_Repair,A
1529,ThermoMPNN,6eqe_Repair,2.9297263622283936,76,G,L,6eqe_Repair,A
1530,ThermoMPNN,6eqe_Repair,2.656217575073242,76,G,M,6eqe_Repair,A
1531,ThermoMPNN,6eqe_Repair,3.3736865520477295,76,G,N,6eqe_Repair,A
1532,ThermoMPNN,6eqe_Repair,3.4271674156188965,76,G,P,6eqe_Repair,A
1533,ThermoMPNN,6eqe_Repair,3.2377231121063232,76,G,Q,6eqe_Repair,A
1534,ThermoMPNN,6eqe_Repair,3.2953526973724365,76,G,R,6eqe_Repair,A
1535,ThermoMPNN,6eqe_Repair,3.0923759937286377,76,G,S,6eqe_Repair,A
1536,ThermoMPNN,6eqe_Repair,3.3932695388793945,76,G,T,6eqe_Repair,A
1537,ThermoMPNN,6eqe_Repair,2.951693534851074,76,G,V,6eqe_Repair,A
1538,ThermoMPNN,6eqe_Repair,2.4099762439727783,76,G,W,6eqe_Repair,A
1539,ThermoMPNN,6eqe_Repair,2.4625844955444336,76,G,Y,6eqe_Repair,A
1540,ThermoMPNN,6eqe_Repair,2.684417724609375,77,F,A,6eqe_Repair,A
1541,ThermoMPNN,6eqe_Repair,1.6721872091293335,77,F,C,6eqe_Repair,A
1542,ThermoMPNN,6eqe_Repair,3.279127597808838,77,F,D,6eqe_Repair,A
1543,ThermoMPNN,6eqe_Repair,2.9135653972625732,77,F,E,6eqe_Repair,A
1544,ThermoMPNN,6eqe_Repair,0.0,77,F,F,6eqe_Repair,A
1545,ThermoMPNN,6eqe_Repair,2.8479487895965576,77,F,G,6eqe_Repair,A
1546,ThermoMPNN,6eqe_Repair,2.288506031036377,77,F,H,6eqe_Repair,A
1547,ThermoMPNN,6eqe_Repair,1.935518503189087,77,F,I,6eqe_Repair,A
1548,ThermoMPNN,6eqe_Repair,2.7538504600524902,77,F,K,6eqe_Repair,A
1549,ThermoMPNN,6eqe_Repair,1.7337234020233154,77,F,L,6eqe_Repair,A
1550,ThermoMPNN,6eqe_Repair,1.8220481872558594,77,F,M,6eqe_Repair,A
1551,ThermoMPNN,6eqe_Repair,2.935673952102661,77,F,N,6eqe_Repair,A
1552,ThermoMPNN,6eqe_Repair,2.746724843978882,77,F,P,6eqe_Repair,A
1553,ThermoMPNN,6eqe_Repair,2.8467965126037598,77,F,Q,6eqe_Repair,A
1554,ThermoMPNN,6eqe_Repair,2.5983989238739014,77,F,R,6eqe_Repair,A
1555,ThermoMPNN,6eqe_Repair,2.8700945377349854,77,F,S,6eqe_Repair,A
1556,ThermoMPNN,6eqe_Repair,2.7415530681610107,77,F,T,6eqe_Repair,A
1557,ThermoMPNN,6eqe_Repair,2.1572928428649902,77,F,V,6eqe_Repair,A
1558,ThermoMPNN,6eqe_Repair,1.1122164726257324,77,F,W,6eqe_Repair,A
1559,ThermoMPNN,6eqe_Repair,0.5842118263244629,77,F,Y,6eqe_Repair,A
1560,ThermoMPNN,6eqe_Repair,2.104367971420288,78,V,A,6eqe_Repair,A
1561,ThermoMPNN,6eqe_Repair,1.4609379768371582,78,V,C,6eqe_Repair,A
1562,ThermoMPNN,6eqe_Repair,2.872664213180542,78,V,D,6eqe_Repair,A
1563,ThermoMPNN,6eqe_Repair,2.85876727104187,78,V,E,6eqe_Repair,A
1564,ThermoMPNN,6eqe_Repair,2.1430320739746094,78,V,F,6eqe_Repair,A
1565,ThermoMPNN,6eqe_Repair,2.8818860054016113,78,V,G,6eqe_Repair,A
1566,ThermoMPNN,6eqe_Repair,3.020071506500244,78,V,H,6eqe_Repair,A
1567,ThermoMPNN,6eqe_Repair,0.09357643127441406,78,V,I,6eqe_Repair,A
1568,ThermoMPNN,6eqe_Repair,3.0597267150878906,78,V,K,6eqe_Repair,A
1569,ThermoMPNN,6eqe_Repair,0.8131415843963623,78,V,L,6eqe_Repair,A
1570,ThermoMPNN,6eqe_Repair,1.795149564743042,78,V,M,6eqe_Repair,A
1571,ThermoMPNN,6eqe_Repair,2.9614644050598145,78,V,N,6eqe_Repair,A
1572,ThermoMPNN,6eqe_Repair,2.9996559619903564,78,V,P,6eqe_Repair,A
1573,ThermoMPNN,6eqe_Repair,3.0037841796875,78,V,Q,6eqe_Repair,A
1574,ThermoMPNN,6eqe_Repair,3.0352783203125,78,V,R,6eqe_Repair,A
1575,ThermoMPNN,6eqe_Repair,2.8659827709198,78,V,S,6eqe_Repair,A
1576,ThermoMPNN,6eqe_Repair,2.0369086265563965,78,V,T,6eqe_Repair,A
1577,ThermoMPNN,6eqe_Repair,0.0,78,V,V,6eqe_Repair,A
1578,ThermoMPNN,6eqe_Repair,2.6147749423980713,78,V,W,6eqe_Repair,A
1579,ThermoMPNN,6eqe_Repair,2.5373117923736572,78,V,Y,6eqe_Repair,A
1580,ThermoMPNN,6eqe_Repair,2.391573190689087,79,V,A,6eqe_Repair,A
1581,ThermoMPNN,6eqe_Repair,1.5054104328155518,79,V,C,6eqe_Repair,A
1582,ThermoMPNN,6eqe_Repair,3.2968080043792725,79,V,D,6eqe_Repair,A
1583,ThermoMPNN,6eqe_Repair,3.2517898082733154,79,V,E,6eqe_Repair,A
1584,ThermoMPNN,6eqe_Repair,2.232740879058838,79,V,F,6eqe_Repair,A
1585,ThermoMPNN,6eqe_Repair,3.044339179992676,79,V,G,6eqe_Repair,A
1586,ThermoMPNN,6eqe_Repair,3.0702826976776123,79,V,H,6eqe_Repair,A
1587,ThermoMPNN,6eqe_Repair,0.5329527854919434,79,V,I,6eqe_Repair,A
1588,ThermoMPNN,6eqe_Repair,3.1879048347473145,79,V,K,6eqe_Repair,A
1589,ThermoMPNN,6eqe_Repair,1.4139001369476318,79,V,L,6eqe_Repair,A
1590,ThermoMPNN,6eqe_Repair,2.0762317180633545,79,V,M,6eqe_Repair,A
1591,ThermoMPNN,6eqe_Repair,3.237373113632202,79,V,N,6eqe_Repair,A
1592,ThermoMPNN,6eqe_Repair,3.033189296722412,79,V,P,6eqe_Repair,A
1593,ThermoMPNN,6eqe_Repair,3.2419421672821045,79,V,Q,6eqe_Repair,A
1594,ThermoMPNN,6eqe_Repair,3.117577314376831,79,V,R,6eqe_Repair,A
1595,ThermoMPNN,6eqe_Repair,3.1409268379211426,79,V,S,6eqe_Repair,A
1596,ThermoMPNN,6eqe_Repair,2.3484034538269043,79,V,T,6eqe_Repair,A
1597,ThermoMPNN,6eqe_Repair,0.0,79,V,V,6eqe_Repair,A
1598,ThermoMPNN,6eqe_Repair,2.6909244060516357,79,V,W,6eqe_Repair,A
1599,ThermoMPNN,6eqe_Repair,2.6321840286254883,79,V,Y,6eqe_Repair,A
1600,ThermoMPNN,6eqe_Repair,2.092193126678467,80,I,A,6eqe_Repair,A
1601,ThermoMPNN,6eqe_Repair,1.171069622039795,80,I,C,6eqe_Repair,A
1602,ThermoMPNN,6eqe_Repair,3.7299964427948,80,I,D,6eqe_Repair,A
1603,ThermoMPNN,6eqe_Repair,3.268062114715576,80,I,E,6eqe_Repair,A
1604,ThermoMPNN,6eqe_Repair,1.1814240217208862,80,I,F,6eqe_Repair,A
1605,ThermoMPNN,6eqe_Repair,3.5891270637512207,80,I,G,6eqe_Repair,A
1606,ThermoMPNN,6eqe_Repair,2.7438273429870605,80,I,H,6eqe_Repair,A
1607,ThermoMPNN,6eqe_Repair,0.0,80,I,I,6eqe_Repair,A
1608,ThermoMPNN,6eqe_Repair,3.167860507965088,80,I,K,6eqe_Repair,A
1609,ThermoMPNN,6eqe_Repair,0.695620059967041,80,I,L,6eqe_Repair,A
1610,ThermoMPNN,6eqe_Repair,1.1447746753692627,80,I,M,6eqe_Repair,A
1611,ThermoMPNN,6eqe_Repair,3.324368476867676,80,I,N,6eqe_Repair,A
1612,ThermoMPNN,6eqe_Repair,3.8746516704559326,80,I,P,6eqe_Repair,A
1613,ThermoMPNN,6eqe_Repair,3.014141082763672,80,I,Q,6eqe_Repair,A
1614,ThermoMPNN,6eqe_Repair,3.1539535522460938,80,I,R,6eqe_Repair,A
1615,ThermoMPNN,6eqe_Repair,2.90149188041687,80,I,S,6eqe_Repair,A
1616,ThermoMPNN,6eqe_Repair,2.1740543842315674,80,I,T,6eqe_Repair,A
1617,ThermoMPNN,6eqe_Repair,0.460925817489624,80,I,V,6eqe_Repair,A
1618,ThermoMPNN,6eqe_Repair,1.4186660051345825,80,I,W,6eqe_Repair,A
1619,ThermoMPNN,6eqe_Repair,1.4100382328033447,80,I,Y,6eqe_Repair,A
1620,ThermoMPNN,6eqe_Repair,0.585155725479126,81,T,A,6eqe_Repair,A
1621,ThermoMPNN,6eqe_Repair,-0.2648768424987793,81,T,C,6eqe_Repair,A
1622,ThermoMPNN,6eqe_Repair,2.1304099559783936,81,T,D,6eqe_Repair,A
1623,ThermoMPNN,6eqe_Repair,1.585902452468872,81,T,E,6eqe_Repair,A
1624,ThermoMPNN,6eqe_Repair,-0.020312070846557617,81,T,F,6eqe_Repair,A
1625,ThermoMPNN,6eqe_Repair,1.5795965194702148,81,T,G,6eqe_Repair,A
1626,ThermoMPNN,6eqe_Repair,1.1743273735046387,81,T,H,6eqe_Repair,A
1627,ThermoMPNN,6eqe_Repair,-1.0681965351104736,81,T,I,6eqe_Repair,A
1628,ThermoMPNN,6eqe_Repair,1.6217374801635742,81,T,K,6eqe_Repair,A
1629,ThermoMPNN,6eqe_Repair,-0.4494338035583496,81,T,L,6eqe_Repair,A
1630,ThermoMPNN,6eqe_Repair,-0.052231431007385254,81,T,M,6eqe_Repair,A
1631,ThermoMPNN,6eqe_Repair,1.5765070915222168,81,T,N,6eqe_Repair,A
1632,ThermoMPNN,6eqe_Repair,1.67529296875,81,T,P,6eqe_Repair,A
1633,ThermoMPNN,6eqe_Repair,1.521052360534668,81,T,Q,6eqe_Repair,A
1634,ThermoMPNN,6eqe_Repair,1.4480247497558594,81,T,R,6eqe_Repair,A
1635,ThermoMPNN,6eqe_Repair,0.8524139523506165,81,T,S,6eqe_Repair,A
1636,ThermoMPNN,6eqe_Repair,0.0,81,T,T,6eqe_Repair,A
1637,ThermoMPNN,6eqe_Repair,-0.7973403930664062,81,T,V,6eqe_Repair,A
1638,ThermoMPNN,6eqe_Repair,0.3916569948196411,81,T,W,6eqe_Repair,A
1639,ThermoMPNN,6eqe_Repair,0.25001877546310425,81,T,Y,6eqe_Repair,A
1640,ThermoMPNN,6eqe_Repair,2.2621185779571533,82,I,A,6eqe_Repair,A
1641,ThermoMPNN,6eqe_Repair,1.4294888973236084,82,I,C,6eqe_Repair,A
1642,ThermoMPNN,6eqe_Repair,3.1985220909118652,82,I,D,6eqe_Repair,A
1643,ThermoMPNN,6eqe_Repair,2.958806276321411,82,I,E,6eqe_Repair,A
1644,ThermoMPNN,6eqe_Repair,1.059896469116211,82,I,F,6eqe_Repair,A
1645,ThermoMPNN,6eqe_Repair,2.690836191177368,82,I,G,6eqe_Repair,A
1646,ThermoMPNN,6eqe_Repair,2.7709906101226807,82,I,H,6eqe_Repair,A
1647,ThermoMPNN,6eqe_Repair,0.0,82,I,I,6eqe_Repair,A
1648,ThermoMPNN,6eqe_Repair,2.915316104888916,82,I,K,6eqe_Repair,A
1649,ThermoMPNN,6eqe_Repair,0.3720557689666748,82,I,L,6eqe_Repair,A
1650,ThermoMPNN,6eqe_Repair,0.8870449066162109,82,I,M,6eqe_Repair,A
1651,ThermoMPNN,6eqe_Repair,2.909477949142456,82,I,N,6eqe_Repair,A
1652,ThermoMPNN,6eqe_Repair,2.662874460220337,82,I,P,6eqe_Repair,A
1653,ThermoMPNN,6eqe_Repair,2.8997840881347656,82,I,Q,6eqe_Repair,A
1654,ThermoMPNN,6eqe_Repair,2.8608977794647217,82,I,R,6eqe_Repair,A
1655,ThermoMPNN,6eqe_Repair,2.9012722969055176,82,I,S,6eqe_Repair,A
1656,ThermoMPNN,6eqe_Repair,2.484518527984619,82,I,T,6eqe_Repair,A
1657,ThermoMPNN,6eqe_Repair,0.8391251564025879,82,I,V,6eqe_Repair,A
1658,ThermoMPNN,6eqe_Repair,1.9170467853546143,82,I,W,6eqe_Repair,A
1659,ThermoMPNN,6eqe_Repair,1.9064452648162842,82,I,Y,6eqe_Repair,A
1660,ThermoMPNN,6eqe_Repair,1.537405252456665,83,D,A,6eqe_Repair,A
1661,ThermoMPNN,6eqe_Repair,0.7646934986114502,83,D,C,6eqe_Repair,A
1662,ThermoMPNN,6eqe_Repair,0.0,83,D,D,6eqe_Repair,A
1663,ThermoMPNN,6eqe_Repair,0.9852373600006104,83,D,E,6eqe_Repair,A
1664,ThermoMPNN,6eqe_Repair,1.1050102710723877,83,D,F,6eqe_Repair,A
1665,ThermoMPNN,6eqe_Repair,2.1508090496063232,83,D,G,6eqe_Repair,A
1666,ThermoMPNN,6eqe_Repair,1.3996026515960693,83,D,H,6eqe_Repair,A
1667,ThermoMPNN,6eqe_Repair,1.2444645166397095,83,D,I,6eqe_Repair,A
1668,ThermoMPNN,6eqe_Repair,1.9422035217285156,83,D,K,6eqe_Repair,A
1669,ThermoMPNN,6eqe_Repair,1.2808631658554077,83,D,L,6eqe_Repair,A
1670,ThermoMPNN,6eqe_Repair,1.3601009845733643,83,D,M,6eqe_Repair,A
1671,ThermoMPNN,6eqe_Repair,0.7732470035552979,83,D,N,6eqe_Repair,A
1672,ThermoMPNN,6eqe_Repair,2.7304646968841553,83,D,P,6eqe_Repair,A
1673,ThermoMPNN,6eqe_Repair,1.373443603515625,83,D,Q,6eqe_Repair,A
1674,ThermoMPNN,6eqe_Repair,1.788573980331421,83,D,R,6eqe_Repair,A
1675,ThermoMPNN,6eqe_Repair,0.9658713340759277,83,D,S,6eqe_Repair,A
1676,ThermoMPNN,6eqe_Repair,1.2667021751403809,83,D,T,6eqe_Repair,A
1677,ThermoMPNN,6eqe_Repair,1.205918312072754,83,D,V,6eqe_Repair,A
1678,ThermoMPNN,6eqe_Repair,0.9469820261001587,83,D,W,6eqe_Repair,A
1679,ThermoMPNN,6eqe_Repair,1.3199036121368408,83,D,Y,6eqe_Repair,A
1680,ThermoMPNN,6eqe_Repair,0.8570230007171631,84,T,A,6eqe_Repair,A
1681,ThermoMPNN,6eqe_Repair,0.717522144317627,84,T,C,6eqe_Repair,A
1682,ThermoMPNN,6eqe_Repair,1.8535032272338867,84,T,D,6eqe_Repair,A
1683,ThermoMPNN,6eqe_Repair,1.9605563879013062,84,T,E,6eqe_Repair,A
1684,ThermoMPNN,6eqe_Repair,1.2405810356140137,84,T,F,6eqe_Repair,A
1685,ThermoMPNN,6eqe_Repair,1.2995858192443848,84,T,G,6eqe_Repair,A
1686,ThermoMPNN,6eqe_Repair,1.3057132959365845,84,T,H,6eqe_Repair,A
1687,ThermoMPNN,6eqe_Repair,1.272509217262268,84,T,I,6eqe_Repair,A
1688,ThermoMPNN,6eqe_Repair,1.7782282829284668,84,T,K,6eqe_Repair,A
1689,ThermoMPNN,6eqe_Repair,1.1593458652496338,84,T,L,6eqe_Repair,A
1690,ThermoMPNN,6eqe_Repair,1.2340493202209473,84,T,M,6eqe_Repair,A
1691,ThermoMPNN,6eqe_Repair,1.378520131111145,84,T,N,6eqe_Repair,A
1692,ThermoMPNN,6eqe_Repair,1.5795512199401855,84,T,P,6eqe_Repair,A
1693,ThermoMPNN,6eqe_Repair,1.626938819885254,84,T,Q,6eqe_Repair,A
1694,ThermoMPNN,6eqe_Repair,1.5789647102355957,84,T,R,6eqe_Repair,A
1695,ThermoMPNN,6eqe_Repair,0.776108980178833,84,T,S,6eqe_Repair,A
1696,ThermoMPNN,6eqe_Repair,0.0,84,T,T,6eqe_Repair,A
1697,ThermoMPNN,6eqe_Repair,1.0104081630706787,84,T,V,6eqe_Repair,A
1698,ThermoMPNN,6eqe_Repair,1.4848719835281372,84,T,W,6eqe_Repair,A
1699,ThermoMPNN,6eqe_Repair,1.1397662162780762,84,T,Y,6eqe_Repair,A
1700,ThermoMPNN,6eqe_Repair,0.33381056785583496,85,N,A,6eqe_Repair,A
1701,ThermoMPNN,6eqe_Repair,0.07794320583343506,85,N,C,6eqe_Repair,A
1702,ThermoMPNN,6eqe_Repair,0.7159606218338013,85,N,D,6eqe_Repair,A
1703,ThermoMPNN,6eqe_Repair,0.7326289415359497,85,N,E,6eqe_Repair,A
1704,ThermoMPNN,6eqe_Repair,0.47481846809387207,85,N,F,6eqe_Repair,A
1705,ThermoMPNN,6eqe_Repair,0.5962790250778198,85,N,G,6eqe_Repair,A
1706,ThermoMPNN,6eqe_Repair,0.26970839500427246,85,N,H,6eqe_Repair,A
1707,ThermoMPNN,6eqe_Repair,0.12897217273712158,85,N,I,6eqe_Repair,A
1708,ThermoMPNN,6eqe_Repair,0.17003154754638672,85,N,K,6eqe_Repair,A
1709,ThermoMPNN,6eqe_Repair,0.13785898685455322,85,N,L,6eqe_Repair,A
1710,ThermoMPNN,6eqe_Repair,0.38511234521865845,85,N,M,6eqe_Repair,A
1711,ThermoMPNN,6eqe_Repair,0.0,85,N,N,6eqe_Repair,A
1712,ThermoMPNN,6eqe_Repair,1.0486503839492798,85,N,P,6eqe_Repair,A
1713,ThermoMPNN,6eqe_Repair,0.5037298798561096,85,N,Q,6eqe_Repair,A
1714,ThermoMPNN,6eqe_Repair,0.12420612573623657,85,N,R,6eqe_Repair,A
1715,ThermoMPNN,6eqe_Repair,0.18838828802108765,85,N,S,6eqe_Repair,A
1716,ThermoMPNN,6eqe_Repair,0.08218026161193848,85,N,T,6eqe_Repair,A
1717,ThermoMPNN,6eqe_Repair,0.20135855674743652,85,N,V,6eqe_Repair,A
1718,ThermoMPNN,6eqe_Repair,0.5607365369796753,85,N,W,6eqe_Repair,A
1719,ThermoMPNN,6eqe_Repair,0.41096019744873047,85,N,Y,6eqe_Repair,A
1720,ThermoMPNN,6eqe_Repair,0.8667250871658325,86,S,A,6eqe_Repair,A
1721,ThermoMPNN,6eqe_Repair,0.536720871925354,86,S,C,6eqe_Repair,A
1722,ThermoMPNN,6eqe_Repair,0.7631599307060242,86,S,D,6eqe_Repair,A
1723,ThermoMPNN,6eqe_Repair,1.1531250476837158,86,S,E,6eqe_Repair,A
1724,ThermoMPNN,6eqe_Repair,1.051710605621338,86,S,F,6eqe_Repair,A
1725,ThermoMPNN,6eqe_Repair,0.7986776828765869,86,S,G,6eqe_Repair,A
1726,ThermoMPNN,6eqe_Repair,0.7386786937713623,86,S,H,6eqe_Repair,A
1727,ThermoMPNN,6eqe_Repair,1.350184440612793,86,S,I,6eqe_Repair,A
1728,ThermoMPNN,6eqe_Repair,0.8604096174240112,86,S,K,6eqe_Repair,A
1729,ThermoMPNN,6eqe_Repair,1.2339367866516113,86,S,L,6eqe_Repair,A
1730,ThermoMPNN,6eqe_Repair,1.0662951469421387,86,S,M,6eqe_Repair,A
1731,ThermoMPNN,6eqe_Repair,0.264279842376709,86,S,N,6eqe_Repair,A
1732,ThermoMPNN,6eqe_Repair,2.1584091186523438,86,S,P,6eqe_Repair,A
1733,ThermoMPNN,6eqe_Repair,0.982325553894043,86,S,Q,6eqe_Repair,A
1734,ThermoMPNN,6eqe_Repair,0.8234205842018127,86,S,R,6eqe_Repair,A
1735,ThermoMPNN,6eqe_Repair,0.0,86,S,S,6eqe_Repair,A
1736,ThermoMPNN,6eqe_Repair,0.07743656635284424,86,S,T,6eqe_Repair,A
1737,ThermoMPNN,6eqe_Repair,1.3116766214370728,86,S,V,6eqe_Repair,A
1738,ThermoMPNN,6eqe_Repair,1.1021475791931152,86,S,W,6eqe_Repair,A
1739,ThermoMPNN,6eqe_Repair,1.0751675367355347,86,S,Y,6eqe_Repair,A
1740,ThermoMPNN,6eqe_Repair,0.10486167669296265,87,T,A,6eqe_Repair,A
1741,ThermoMPNN,6eqe_Repair,0.09216082096099854,87,T,C,6eqe_Repair,A
1742,ThermoMPNN,6eqe_Repair,0.29984164237976074,87,T,D,6eqe_Repair,A
1743,ThermoMPNN,6eqe_Repair,0.373745858669281,87,T,E,6eqe_Repair,A
1744,ThermoMPNN,6eqe_Repair,0.5216165781021118,87,T,F,6eqe_Repair,A
1745,ThermoMPNN,6eqe_Repair,0.38781148195266724,87,T,G,6eqe_Repair,A
1746,ThermoMPNN,6eqe_Repair,0.49594008922576904,87,T,H,6eqe_Repair,A
1747,ThermoMPNN,6eqe_Repair,0.23132234811782837,87,T,I,6eqe_Repair,A
1748,ThermoMPNN,6eqe_Repair,0.5605690479278564,87,T,K,6eqe_Repair,A
1749,ThermoMPNN,6eqe_Repair,0.19280552864074707,87,T,L,6eqe_Repair,A
1750,ThermoMPNN,6eqe_Repair,0.35811305046081543,87,T,M,6eqe_Repair,A
1751,ThermoMPNN,6eqe_Repair,0.38070976734161377,87,T,N,6eqe_Repair,A
1752,ThermoMPNN,6eqe_Repair,0.11354893445968628,87,T,P,6eqe_Repair,A
1753,ThermoMPNN,6eqe_Repair,0.49807029962539673,87,T,Q,6eqe_Repair,A
1754,ThermoMPNN,6eqe_Repair,0.6023753881454468,87,T,R,6eqe_Repair,A
1755,ThermoMPNN,6eqe_Repair,-0.00030994415283203125,87,T,S,6eqe_Repair,A
1756,ThermoMPNN,6eqe_Repair,0.0,87,T,T,6eqe_Repair,A
1757,ThermoMPNN,6eqe_Repair,0.22200113534927368,87,T,V,6eqe_Repair,A
1758,ThermoMPNN,6eqe_Repair,0.26259249448776245,87,T,W,6eqe_Repair,A
1759,ThermoMPNN,6eqe_Repair,0.4537474513053894,87,T,Y,6eqe_Repair,A
1760,ThermoMPNN,6eqe_Repair,0.02027028799057007,88,L,A,6eqe_Repair,A
1761,ThermoMPNN,6eqe_Repair,-0.23986631631851196,88,L,C,6eqe_Repair,A
1762,ThermoMPNN,6eqe_Repair,0.31287091970443726,88,L,D,6eqe_Repair,A
1763,ThermoMPNN,6eqe_Repair,0.22742921113967896,88,L,E,6eqe_Repair,A
1764,ThermoMPNN,6eqe_Repair,-0.015697181224822998,88,L,F,6eqe_Repair,A
1765,ThermoMPNN,6eqe_Repair,0.15816932916641235,88,L,G,6eqe_Repair,A
1766,ThermoMPNN,6eqe_Repair,-0.0470198392868042,88,L,H,6eqe_Repair,A
1767,ThermoMPNN,6eqe_Repair,0.3332875967025757,88,L,I,6eqe_Repair,A
1768,ThermoMPNN,6eqe_Repair,0.17217224836349487,88,L,K,6eqe_Repair,A
1769,ThermoMPNN,6eqe_Repair,0.0,88,L,L,6eqe_Repair,A
1770,ThermoMPNN,6eqe_Repair,0.1469520926475525,88,L,M,6eqe_Repair,A
1771,ThermoMPNN,6eqe_Repair,-0.029335439205169678,88,L,N,6eqe_Repair,A
1772,ThermoMPNN,6eqe_Repair,1.0427032709121704,88,L,P,6eqe_Repair,A
1773,ThermoMPNN,6eqe_Repair,0.1842401623725891,88,L,Q,6eqe_Repair,A
1774,ThermoMPNN,6eqe_Repair,0.18801957368850708,88,L,R,6eqe_Repair,A
1775,ThermoMPNN,6eqe_Repair,-0.11019927263259888,88,L,S,6eqe_Repair,A
1776,ThermoMPNN,6eqe_Repair,-0.4652537703514099,88,L,T,6eqe_Repair,A
1777,ThermoMPNN,6eqe_Repair,0.2523273825645447,88,L,V,6eqe_Repair,A
1778,ThermoMPNN,6eqe_Repair,-0.08096164464950562,88,L,W,6eqe_Repair,A
1779,ThermoMPNN,6eqe_Repair,-0.22986477613449097,88,L,Y,6eqe_Repair,A
1780,ThermoMPNN,6eqe_Repair,1.3066997528076172,89,D,A,6eqe_Repair,A
1781,ThermoMPNN,6eqe_Repair,0.8589895963668823,89,D,C,6eqe_Repair,A
1782,ThermoMPNN,6eqe_Repair,0.0,89,D,D,6eqe_Repair,A
1783,ThermoMPNN,6eqe_Repair,1.0769649744033813,89,D,E,6eqe_Repair,A
1784,ThermoMPNN,6eqe_Repair,1.6682772636413574,89,D,F,6eqe_Repair,A
1785,ThermoMPNN,6eqe_Repair,1.8082952499389648,89,D,G,6eqe_Repair,A
1786,ThermoMPNN,6eqe_Repair,1.346500277519226,89,D,H,6eqe_Repair,A
1787,ThermoMPNN,6eqe_Repair,1.747410535812378,89,D,I,6eqe_Repair,A
1788,ThermoMPNN,6eqe_Repair,2.076662063598633,89,D,K,6eqe_Repair,A
1789,ThermoMPNN,6eqe_Repair,1.4834699630737305,89,D,L,6eqe_Repair,A
1790,ThermoMPNN,6eqe_Repair,1.3561339378356934,89,D,M,6eqe_Repair,A
1791,ThermoMPNN,6eqe_Repair,0.8440794944763184,89,D,N,6eqe_Repair,A
1792,ThermoMPNN,6eqe_Repair,2.5508289337158203,89,D,P,6eqe_Repair,A
1793,ThermoMPNN,6eqe_Repair,1.269622802734375,89,D,Q,6eqe_Repair,A
1794,ThermoMPNN,6eqe_Repair,2.024862289428711,89,D,R,6eqe_Repair,A
1795,ThermoMPNN,6eqe_Repair,0.8853873014450073,89,D,S,6eqe_Repair,A
1796,ThermoMPNN,6eqe_Repair,1.2190488576889038,89,D,T,6eqe_Repair,A
1797,ThermoMPNN,6eqe_Repair,1.6304833889007568,89,D,V,6eqe_Repair,A
1798,ThermoMPNN,6eqe_Repair,1.453737497329712,89,D,W,6eqe_Repair,A
1799,ThermoMPNN,6eqe_Repair,1.7969207763671875,89,D,Y,6eqe_Repair,A
1800,ThermoMPNN,6eqe_Repair,-0.04167681932449341,90,Q,A,6eqe_Repair,A
1801,ThermoMPNN,6eqe_Repair,-0.20367425680160522,90,Q,C,6eqe_Repair,A
1802,ThermoMPNN,6eqe_Repair,-0.6564304232597351,90,Q,D,6eqe_Repair,A
1803,ThermoMPNN,6eqe_Repair,-0.24154531955718994,90,Q,E,6eqe_Repair,A
1804,ThermoMPNN,6eqe_Repair,0.28908073902130127,90,Q,F,6eqe_Repair,A
1805,ThermoMPNN,6eqe_Repair,-0.16633987426757812,90,Q,G,6eqe_Repair,A
1806,ThermoMPNN,6eqe_Repair,0.0197792649269104,90,Q,H,6eqe_Repair,A
1807,ThermoMPNN,6eqe_Repair,0.45502156019210815,90,Q,I,6eqe_Repair,A
1808,ThermoMPNN,6eqe_Repair,0.1843004822731018,90,Q,K,6eqe_Repair,A
1809,ThermoMPNN,6eqe_Repair,0.2785310447216034,90,Q,L,6eqe_Repair,A
1810,ThermoMPNN,6eqe_Repair,0.1834598183631897,90,Q,M,6eqe_Repair,A
1811,ThermoMPNN,6eqe_Repair,-0.2609460949897766,90,Q,N,6eqe_Repair,A
1812,ThermoMPNN,6eqe_Repair,0.7909739017486572,90,Q,P,6eqe_Repair,A
1813,ThermoMPNN,6eqe_Repair,0.0,90,Q,Q,6eqe_Repair,A
1814,ThermoMPNN,6eqe_Repair,0.2108878195285797,90,Q,R,6eqe_Repair,A
1815,ThermoMPNN,6eqe_Repair,-0.2893165946006775,90,Q,S,6eqe_Repair,A
1816,ThermoMPNN,6eqe_Repair,-0.4003947377204895,90,Q,T,6eqe_Repair,A
1817,ThermoMPNN,6eqe_Repair,0.5277706980705261,90,Q,V,6eqe_Repair,A
1818,ThermoMPNN,6eqe_Repair,0.16245287656784058,90,Q,W,6eqe_Repair,A
1819,ThermoMPNN,6eqe_Repair,0.2683562636375427,90,Q,Y,6eqe_Repair,A
1820,ThermoMPNN,6eqe_Repair,-0.20569884777069092,91,P,A,6eqe_Repair,A
1821,ThermoMPNN,6eqe_Repair,0.18024003505706787,91,P,C,6eqe_Repair,A
1822,ThermoMPNN,6eqe_Repair,0.9077265858650208,91,P,D,6eqe_Repair,A
1823,ThermoMPNN,6eqe_Repair,0.3880196213722229,91,P,E,6eqe_Repair,A
1824,ThermoMPNN,6eqe_Repair,0.766110897064209,91,P,F,6eqe_Repair,A
1825,ThermoMPNN,6eqe_Repair,0.746411919593811,91,P,G,6eqe_Repair,A
1826,ThermoMPNN,6eqe_Repair,0.5828505754470825,91,P,H,6eqe_Repair,A
1827,ThermoMPNN,6eqe_Repair,0.649419903755188,91,P,I,6eqe_Repair,A
1828,ThermoMPNN,6eqe_Repair,0.9184520840644836,91,P,K,6eqe_Repair,A
1829,ThermoMPNN,6eqe_Repair,0.7871829271316528,91,P,L,6eqe_Repair,A
1830,ThermoMPNN,6eqe_Repair,0.6292870044708252,91,P,M,6eqe_Repair,A
1831,ThermoMPNN,6eqe_Repair,0.9362969994544983,91,P,N,6eqe_Repair,A
1832,ThermoMPNN,6eqe_Repair,0.0,91,P,P,6eqe_Repair,A
1833,ThermoMPNN,6eqe_Repair,0.5366415977478027,91,P,Q,6eqe_Repair,A
1834,ThermoMPNN,6eqe_Repair,0.9083461761474609,91,P,R,6eqe_Repair,A
1835,ThermoMPNN,6eqe_Repair,0.11131584644317627,91,P,S,6eqe_Repair,A
1836,ThermoMPNN,6eqe_Repair,0.2817518711090088,91,P,T,6eqe_Repair,A
1837,ThermoMPNN,6eqe_Repair,0.23693954944610596,91,P,V,6eqe_Repair,A
1838,ThermoMPNN,6eqe_Repair,0.5711942911148071,91,P,W,6eqe_Repair,A
1839,ThermoMPNN,6eqe_Repair,0.5108737349510193,91,P,Y,6eqe_Repair,A
1840,ThermoMPNN,6eqe_Repair,0.014977335929870605,92,S,A,6eqe_Repair,A
1841,ThermoMPNN,6eqe_Repair,-0.1345067024230957,92,S,C,6eqe_Repair,A
1842,ThermoMPNN,6eqe_Repair,0.08945012092590332,92,S,D,6eqe_Repair,A
1843,ThermoMPNN,6eqe_Repair,0.021634280681610107,92,S,E,6eqe_Repair,A
1844,ThermoMPNN,6eqe_Repair,-0.12704408168792725,92,S,F,6eqe_Repair,A
1845,ThermoMPNN,6eqe_Repair,0.31147176027297974,92,S,G,6eqe_Repair,A
1846,ThermoMPNN,6eqe_Repair,-0.24391555786132812,92,S,H,6eqe_Repair,A
1847,ThermoMPNN,6eqe_Repair,-0.06712687015533447,92,S,I,6eqe_Repair,A
1848,ThermoMPNN,6eqe_Repair,-0.003235757350921631,92,S,K,6eqe_Repair,A
1849,ThermoMPNN,6eqe_Repair,0.0066713690757751465,92,S,L,6eqe_Repair,A
1850,ThermoMPNN,6eqe_Repair,0.11944645643234253,92,S,M,6eqe_Repair,A
1851,ThermoMPNN,6eqe_Repair,-0.041991591453552246,92,S,N,6eqe_Repair,A
1852,ThermoMPNN,6eqe_Repair,0.5486453175544739,92,S,P,6eqe_Repair,A
1853,ThermoMPNN,6eqe_Repair,0.005498349666595459,92,S,Q,6eqe_Repair,A
1854,ThermoMPNN,6eqe_Repair,-0.027656257152557373,92,S,R,6eqe_Repair,A
1855,ThermoMPNN,6eqe_Repair,0.0,92,S,S,6eqe_Repair,A
1856,ThermoMPNN,6eqe_Repair,-0.15279632806777954,92,S,T,6eqe_Repair,A
1857,ThermoMPNN,6eqe_Repair,-0.08489787578582764,92,S,V,6eqe_Repair,A
1858,ThermoMPNN,6eqe_Repair,-0.11114484071731567,92,S,W,6eqe_Repair,A
1859,ThermoMPNN,6eqe_Repair,-0.2588403820991516,92,S,Y,6eqe_Repair,A
1860,ThermoMPNN,6eqe_Repair,-0.02464050054550171,93,S,A,6eqe_Repair,A
1861,ThermoMPNN,6eqe_Repair,-0.07190358638763428,93,S,C,6eqe_Repair,A
1862,ThermoMPNN,6eqe_Repair,0.05803805589675903,93,S,D,6eqe_Repair,A
1863,ThermoMPNN,6eqe_Repair,-0.25428342819213867,93,S,E,6eqe_Repair,A
1864,ThermoMPNN,6eqe_Repair,0.22302216291427612,93,S,F,6eqe_Repair,A
1865,ThermoMPNN,6eqe_Repair,0.6808010935783386,93,S,G,6eqe_Repair,A
1866,ThermoMPNN,6eqe_Repair,-0.1027175784111023,93,S,H,6eqe_Repair,A
1867,ThermoMPNN,6eqe_Repair,-0.2096450924873352,93,S,I,6eqe_Repair,A
1868,ThermoMPNN,6eqe_Repair,-0.056268930435180664,93,S,K,6eqe_Repair,A
1869,ThermoMPNN,6eqe_Repair,-0.18845653533935547,93,S,L,6eqe_Repair,A
1870,ThermoMPNN,6eqe_Repair,-0.02558344602584839,93,S,M,6eqe_Repair,A
1871,ThermoMPNN,6eqe_Repair,0.12476682662963867,93,S,N,6eqe_Repair,A
1872,ThermoMPNN,6eqe_Repair,1.5165420770645142,93,S,P,6eqe_Repair,A
1873,ThermoMPNN,6eqe_Repair,-0.3103194832801819,93,S,Q,6eqe_Repair,A
1874,ThermoMPNN,6eqe_Repair,-0.07430022954940796,93,S,R,6eqe_Repair,A
1875,ThermoMPNN,6eqe_Repair,0.0,93,S,S,6eqe_Repair,A
1876,ThermoMPNN,6eqe_Repair,-0.43826228380203247,93,S,T,6eqe_Repair,A
1877,ThermoMPNN,6eqe_Repair,-0.27141672372817993,93,S,V,6eqe_Repair,A
1878,ThermoMPNN,6eqe_Repair,-0.03196752071380615,93,S,W,6eqe_Repair,A
1879,ThermoMPNN,6eqe_Repair,-0.022430896759033203,93,S,Y,6eqe_Repair,A
1880,ThermoMPNN,6eqe_Repair,1.8513388633728027,94,R,A,6eqe_Repair,A
1881,ThermoMPNN,6eqe_Repair,1.459139108657837,94,R,C,6eqe_Repair,A
1882,ThermoMPNN,6eqe_Repair,2.9371583461761475,94,R,D,6eqe_Repair,A
1883,ThermoMPNN,6eqe_Repair,2.8366081714630127,94,R,E,6eqe_Repair,A
1884,ThermoMPNN,6eqe_Repair,0.8668389320373535,94,R,F,6eqe_Repair,A
1885,ThermoMPNN,6eqe_Repair,2.4805397987365723,94,R,G,6eqe_Repair,A
1886,ThermoMPNN,6eqe_Repair,1.746098518371582,94,R,H,6eqe_Repair,A
1887,ThermoMPNN,6eqe_Repair,1.3662769794464111,94,R,I,6eqe_Repair,A
1888,ThermoMPNN,6eqe_Repair,0.7711952924728394,94,R,K,6eqe_Repair,A
1889,ThermoMPNN,6eqe_Repair,0.5912061929702759,94,R,L,6eqe_Repair,A
1890,ThermoMPNN,6eqe_Repair,0.949113130569458,94,R,M,6eqe_Repair,A
1891,ThermoMPNN,6eqe_Repair,2.0768911838531494,94,R,N,6eqe_Repair,A
1892,ThermoMPNN,6eqe_Repair,3.1919384002685547,94,R,P,6eqe_Repair,A
1893,ThermoMPNN,6eqe_Repair,1.856854796409607,94,R,Q,6eqe_Repair,A
1894,ThermoMPNN,6eqe_Repair,0.0,94,R,R,6eqe_Repair,A
1895,ThermoMPNN,6eqe_Repair,2.3630144596099854,94,R,S,6eqe_Repair,A
1896,ThermoMPNN,6eqe_Repair,2.2679781913757324,94,R,T,6eqe_Repair,A
1897,ThermoMPNN,6eqe_Repair,1.7779409885406494,94,R,V,6eqe_Repair,A
1898,ThermoMPNN,6eqe_Repair,1.046716570854187,94,R,W,6eqe_Repair,A
1899,ThermoMPNN,6eqe_Repair,1.171066164970398,94,R,Y,6eqe_Repair,A
1900,ThermoMPNN,6eqe_Repair,-0.49989867210388184,95,S,A,6eqe_Repair,A
1901,ThermoMPNN,6eqe_Repair,0.029331326484680176,95,S,C,6eqe_Repair,A
1902,ThermoMPNN,6eqe_Repair,1.6715023517608643,95,S,D,6eqe_Repair,A
1903,ThermoMPNN,6eqe_Repair,0.9674108028411865,95,S,E,6eqe_Repair,A
1904,ThermoMPNN,6eqe_Repair,0.3856732249259949,95,S,F,6eqe_Repair,A
1905,ThermoMPNN,6eqe_Repair,0.8425900936126709,95,S,G,6eqe_Repair,A
1906,ThermoMPNN,6eqe_Repair,0.6336864233016968,95,S,H,6eqe_Repair,A
1907,ThermoMPNN,6eqe_Repair,0.6523829698562622,95,S,I,6eqe_Repair,A
1908,ThermoMPNN,6eqe_Repair,0.7741395831108093,95,S,K,6eqe_Repair,A
1909,ThermoMPNN,6eqe_Repair,0.8653018474578857,95,S,L,6eqe_Repair,A
1910,ThermoMPNN,6eqe_Repair,0.4935622811317444,95,S,M,6eqe_Repair,A
1911,ThermoMPNN,6eqe_Repair,1.2577396631240845,95,S,N,6eqe_Repair,A
1912,ThermoMPNN,6eqe_Repair,1.8855817317962646,95,S,P,6eqe_Repair,A
1913,ThermoMPNN,6eqe_Repair,0.7060048580169678,95,S,Q,6eqe_Repair,A
1914,ThermoMPNN,6eqe_Repair,0.6813746690750122,95,S,R,6eqe_Repair,A
1915,ThermoMPNN,6eqe_Repair,0.0,95,S,S,6eqe_Repair,A
1916,ThermoMPNN,6eqe_Repair,0.5902442336082458,95,S,T,6eqe_Repair,A
1917,ThermoMPNN,6eqe_Repair,0.5589407682418823,95,S,V,6eqe_Repair,A
1918,ThermoMPNN,6eqe_Repair,0.36797451972961426,95,S,W,6eqe_Repair,A
1919,ThermoMPNN,6eqe_Repair,0.290157675743103,95,S,Y,6eqe_Repair,A
1920,ThermoMPNN,6eqe_Repair,-0.2491093873977661,96,S,A,6eqe_Repair,A
1921,ThermoMPNN,6eqe_Repair,-0.2618442177772522,96,S,C,6eqe_Repair,A
1922,ThermoMPNN,6eqe_Repair,0.40162166953086853,96,S,D,6eqe_Repair,A
1923,ThermoMPNN,6eqe_Repair,-0.22370928525924683,96,S,E,6eqe_Repair,A
1924,ThermoMPNN,6eqe_Repair,0.06987422704696655,96,S,F,6eqe_Repair,A
1925,ThermoMPNN,6eqe_Repair,0.686747670173645,96,S,G,6eqe_Repair,A
1926,ThermoMPNN,6eqe_Repair,-0.17160838842391968,96,S,H,6eqe_Repair,A
1927,ThermoMPNN,6eqe_Repair,-0.34272509813308716,96,S,I,6eqe_Repair,A
1928,ThermoMPNN,6eqe_Repair,-0.3911345601081848,96,S,K,6eqe_Repair,A
1929,ThermoMPNN,6eqe_Repair,-0.21954506635665894,96,S,L,6eqe_Repair,A
1930,ThermoMPNN,6eqe_Repair,-0.2771304249763489,96,S,M,6eqe_Repair,A
1931,ThermoMPNN,6eqe_Repair,0.14359092712402344,96,S,N,6eqe_Repair,A
1932,ThermoMPNN,6eqe_Repair,2.5303170680999756,96,S,P,6eqe_Repair,A
1933,ThermoMPNN,6eqe_Repair,-0.40440577268600464,96,S,Q,6eqe_Repair,A
1934,ThermoMPNN,6eqe_Repair,-0.5130978226661682,96,S,R,6eqe_Repair,A
1935,ThermoMPNN,6eqe_Repair,0.0,96,S,S,6eqe_Repair,A
1936,ThermoMPNN,6eqe_Repair,-0.16788733005523682,96,S,T,6eqe_Repair,A
1937,ThermoMPNN,6eqe_Repair,-0.2941271662712097,96,S,V,6eqe_Repair,A
1938,ThermoMPNN,6eqe_Repair,-0.09398078918457031,96,S,W,6eqe_Repair,A
1939,ThermoMPNN,6eqe_Repair,-0.14364343881607056,96,S,Y,6eqe_Repair,A
1940,ThermoMPNN,6eqe_Repair,0.3686171770095825,97,Q,A,6eqe_Repair,A
1941,ThermoMPNN,6eqe_Repair,0.8071062564849854,97,Q,C,6eqe_Repair,A
1942,ThermoMPNN,6eqe_Repair,1.4235138893127441,97,Q,D,6eqe_Repair,A
1943,ThermoMPNN,6eqe_Repair,1.3689289093017578,97,Q,E,6eqe_Repair,A
1944,ThermoMPNN,6eqe_Repair,1.427111029624939,97,Q,F,6eqe_Repair,A
1945,ThermoMPNN,6eqe_Repair,1.3394687175750732,97,Q,G,6eqe_Repair,A
1946,ThermoMPNN,6eqe_Repair,1.0270960330963135,97,Q,H,6eqe_Repair,A
1947,ThermoMPNN,6eqe_Repair,0.9570158123970032,97,Q,I,6eqe_Repair,A
1948,ThermoMPNN,6eqe_Repair,1.2309222221374512,97,Q,K,6eqe_Repair,A
1949,ThermoMPNN,6eqe_Repair,1.169001817703247,97,Q,L,6eqe_Repair,A
1950,ThermoMPNN,6eqe_Repair,0.3536210060119629,97,Q,M,6eqe_Repair,A
1951,ThermoMPNN,6eqe_Repair,1.5542190074920654,97,Q,N,6eqe_Repair,A
1952,ThermoMPNN,6eqe_Repair,3.394711494445801,97,Q,P,6eqe_Repair,A
1953,ThermoMPNN,6eqe_Repair,0.0,97,Q,Q,6eqe_Repair,A
1954,ThermoMPNN,6eqe_Repair,1.0506080389022827,97,Q,R,6eqe_Repair,A
1955,ThermoMPNN,6eqe_Repair,0.6457805633544922,97,Q,S,6eqe_Repair,A
1956,ThermoMPNN,6eqe_Repair,0.7831706404685974,97,Q,T,6eqe_Repair,A
1957,ThermoMPNN,6eqe_Repair,0.9751282930374146,97,Q,V,6eqe_Repair,A
1958,ThermoMPNN,6eqe_Repair,1.5268611907958984,97,Q,W,6eqe_Repair,A
1959,ThermoMPNN,6eqe_Repair,1.6401731967926025,97,Q,Y,6eqe_Repair,A
1960,ThermoMPNN,6eqe_Repair,-0.002722501754760742,98,Q,A,6eqe_Repair,A
1961,ThermoMPNN,6eqe_Repair,-0.520848274230957,98,Q,C,6eqe_Repair,A
1962,ThermoMPNN,6eqe_Repair,0.9951520562171936,98,Q,D,6eqe_Repair,A
1963,ThermoMPNN,6eqe_Repair,0.7544017434120178,98,Q,E,6eqe_Repair,A
1964,ThermoMPNN,6eqe_Repair,-0.5325518846511841,98,Q,F,6eqe_Repair,A
1965,ThermoMPNN,6eqe_Repair,0.9156400561332703,98,Q,G,6eqe_Repair,A
1966,ThermoMPNN,6eqe_Repair,0.6385641694068909,98,Q,H,6eqe_Repair,A
1967,ThermoMPNN,6eqe_Repair,-1.4402618408203125,98,Q,I,6eqe_Repair,A
1968,ThermoMPNN,6eqe_Repair,0.49565738439559937,98,Q,K,6eqe_Repair,A
1969,ThermoMPNN,6eqe_Repair,-1.5280907154083252,98,Q,L,6eqe_Repair,A
1970,ThermoMPNN,6eqe_Repair,-1.343205213546753,98,Q,M,6eqe_Repair,A
1971,ThermoMPNN,6eqe_Repair,0.8165406584739685,98,Q,N,6eqe_Repair,A
1972,ThermoMPNN,6eqe_Repair,1.438098430633545,98,Q,P,6eqe_Repair,A
1973,ThermoMPNN,6eqe_Repair,0.0,98,Q,Q,6eqe_Repair,A
1974,ThermoMPNN,6eqe_Repair,0.42377960681915283,98,Q,R,6eqe_Repair,A
1975,ThermoMPNN,6eqe_Repair,0.27696752548217773,98,Q,S,6eqe_Repair,A
1976,ThermoMPNN,6eqe_Repair,0.005526304244995117,98,Q,T,6eqe_Repair,A
1977,ThermoMPNN,6eqe_Repair,-1.140690803527832,98,Q,V,6eqe_Repair,A
1978,ThermoMPNN,6eqe_Repair,-0.15938764810562134,98,Q,W,6eqe_Repair,A
1979,ThermoMPNN,6eqe_Repair,0.1887986660003662,98,Q,Y,6eqe_Repair,A
1980,ThermoMPNN,6eqe_Repair,1.5811177492141724,99,M,A,6eqe_Repair,A
1981,ThermoMPNN,6eqe_Repair,1.0705657005310059,99,M,C,6eqe_Repair,A
1982,ThermoMPNN,6eqe_Repair,1.963364601135254,99,M,D,6eqe_Repair,A
1983,ThermoMPNN,6eqe_Repair,1.9154130220413208,99,M,E,6eqe_Repair,A
1984,ThermoMPNN,6eqe_Repair,0.8852968215942383,99,M,F,6eqe_Repair,A
1985,ThermoMPNN,6eqe_Repair,2.6667308807373047,99,M,G,6eqe_Repair,A
1986,ThermoMPNN,6eqe_Repair,1.7778286933898926,99,M,H,6eqe_Repair,A
1987,ThermoMPNN,6eqe_Repair,0.40542078018188477,99,M,I,6eqe_Repair,A
1988,ThermoMPNN,6eqe_Repair,1.7875697612762451,99,M,K,6eqe_Repair,A
1989,ThermoMPNN,6eqe_Repair,-0.24479341506958008,99,M,L,6eqe_Repair,A
1990,ThermoMPNN,6eqe_Repair,0.0,99,M,M,6eqe_Repair,A
1991,ThermoMPNN,6eqe_Repair,1.7725343704223633,99,M,N,6eqe_Repair,A
1992,ThermoMPNN,6eqe_Repair,3.4048686027526855,99,M,P,6eqe_Repair,A
1993,ThermoMPNN,6eqe_Repair,1.4590004682540894,99,M,Q,6eqe_Repair,A
1994,ThermoMPNN,6eqe_Repair,1.4898838996887207,99,M,R,6eqe_Repair,A
1995,ThermoMPNN,6eqe_Repair,1.7982017993927002,99,M,S,6eqe_Repair,A
1996,ThermoMPNN,6eqe_Repair,1.4912669658660889,99,M,T,6eqe_Repair,A
1997,ThermoMPNN,6eqe_Repair,0.9346292018890381,99,M,V,6eqe_Repair,A
1998,ThermoMPNN,6eqe_Repair,0.8566083908081055,99,M,W,6eqe_Repair,A
1999,ThermoMPNN,6eqe_Repair,1.2167168855667114,99,M,Y,6eqe_Repair,A
2000,ThermoMPNN,6eqe_Repair,0.0,100,A,A,6eqe_Repair,A
2001,ThermoMPNN,6eqe_Repair,0.6700937747955322,100,A,C,6eqe_Repair,A
2002,ThermoMPNN,6eqe_Repair,1.6055923700332642,100,A,D,6eqe_Repair,A
2003,ThermoMPNN,6eqe_Repair,1.1059393882751465,100,A,E,6eqe_Repair,A
2004,ThermoMPNN,6eqe_Repair,1.4084815979003906,100,A,F,6eqe_Repair,A
2005,ThermoMPNN,6eqe_Repair,1.1751068830490112,100,A,G,6eqe_Repair,A
2006,ThermoMPNN,6eqe_Repair,0.8941411972045898,100,A,H,6eqe_Repair,A
2007,ThermoMPNN,6eqe_Repair,1.4117612838745117,100,A,I,6eqe_Repair,A
2008,ThermoMPNN,6eqe_Repair,0.7596158981323242,100,A,K,6eqe_Repair,A
2009,ThermoMPNN,6eqe_Repair,1.1289622783660889,100,A,L,6eqe_Repair,A
2010,ThermoMPNN,6eqe_Repair,0.9077658653259277,100,A,M,6eqe_Repair,A
2011,ThermoMPNN,6eqe_Repair,1.185088038444519,100,A,N,6eqe_Repair,A
2012,ThermoMPNN,6eqe_Repair,3.007795810699463,100,A,P,6eqe_Repair,A
2013,ThermoMPNN,6eqe_Repair,0.7646492719650269,100,A,Q,6eqe_Repair,A
2014,ThermoMPNN,6eqe_Repair,0.8357998728752136,100,A,R,6eqe_Repair,A
2015,ThermoMPNN,6eqe_Repair,0.5237350463867188,100,A,S,6eqe_Repair,A
2016,ThermoMPNN,6eqe_Repair,1.1749745607376099,100,A,T,6eqe_Repair,A
2017,ThermoMPNN,6eqe_Repair,1.4185220003128052,100,A,V,6eqe_Repair,A
2018,ThermoMPNN,6eqe_Repair,1.0728003978729248,100,A,W,6eqe_Repair,A
2019,ThermoMPNN,6eqe_Repair,1.03873610496521,100,A,Y,6eqe_Repair,A
2020,ThermoMPNN,6eqe_Repair,0.0,101,A,A,6eqe_Repair,A
2021,ThermoMPNN,6eqe_Repair,0.9072182178497314,101,A,C,6eqe_Repair,A
2022,ThermoMPNN,6eqe_Repair,2.848174571990967,101,A,D,6eqe_Repair,A
2023,ThermoMPNN,6eqe_Repair,2.635957717895508,101,A,E,6eqe_Repair,A
2024,ThermoMPNN,6eqe_Repair,1.6269288063049316,101,A,F,6eqe_Repair,A
2025,ThermoMPNN,6eqe_Repair,1.6566994190216064,101,A,G,6eqe_Repair,A
2026,ThermoMPNN,6eqe_Repair,2.54083514213562,101,A,H,6eqe_Repair,A
2027,ThermoMPNN,6eqe_Repair,1.2833375930786133,101,A,I,6eqe_Repair,A
2028,ThermoMPNN,6eqe_Repair,2.506540060043335,101,A,K,6eqe_Repair,A
2029,ThermoMPNN,6eqe_Repair,1.30531907081604,101,A,L,6eqe_Repair,A
2030,ThermoMPNN,6eqe_Repair,1.3708715438842773,101,A,M,6eqe_Repair,A
2031,ThermoMPNN,6eqe_Repair,2.615750551223755,101,A,N,6eqe_Repair,A
2032,ThermoMPNN,6eqe_Repair,2.870516061782837,101,A,P,6eqe_Repair,A
2033,ThermoMPNN,6eqe_Repair,2.4662129878997803,101,A,Q,6eqe_Repair,A
2034,ThermoMPNN,6eqe_Repair,2.485438108444214,101,A,R,6eqe_Repair,A
2035,ThermoMPNN,6eqe_Repair,1.5646764039993286,101,A,S,6eqe_Repair,A
2036,ThermoMPNN,6eqe_Repair,1.807389497756958,101,A,T,6eqe_Repair,A
2037,ThermoMPNN,6eqe_Repair,1.0794696807861328,101,A,V,6eqe_Repair,A
2038,ThermoMPNN,6eqe_Repair,1.7369821071624756,101,A,W,6eqe_Repair,A
2039,ThermoMPNN,6eqe_Repair,1.8252315521240234,101,A,Y,6eqe_Repair,A
2040,ThermoMPNN,6eqe_Repair,2.4613656997680664,102,L,A,6eqe_Repair,A
2041,ThermoMPNN,6eqe_Repair,1.6850130558013916,102,L,C,6eqe_Repair,A
2042,ThermoMPNN,6eqe_Repair,3.1683876514434814,102,L,D,6eqe_Repair,A
2043,ThermoMPNN,6eqe_Repair,3.013568878173828,102,L,E,6eqe_Repair,A
2044,ThermoMPNN,6eqe_Repair,1.5879111289978027,102,L,F,6eqe_Repair,A
2045,ThermoMPNN,6eqe_Repair,2.9308981895446777,102,L,G,6eqe_Repair,A
2046,ThermoMPNN,6eqe_Repair,2.8177433013916016,102,L,H,6eqe_Repair,A
2047,ThermoMPNN,6eqe_Repair,1.056015968322754,102,L,I,6eqe_Repair,A
2048,ThermoMPNN,6eqe_Repair,2.706139087677002,102,L,K,6eqe_Repair,A
2049,ThermoMPNN,6eqe_Repair,0.0,102,L,L,6eqe_Repair,A
2050,ThermoMPNN,6eqe_Repair,1.202773094177246,102,L,M,6eqe_Repair,A
2051,ThermoMPNN,6eqe_Repair,3.0458242893218994,102,L,N,6eqe_Repair,A
2052,ThermoMPNN,6eqe_Repair,3.1922497749328613,102,L,P,6eqe_Repair,A
2053,ThermoMPNN,6eqe_Repair,2.8884029388427734,102,L,Q,6eqe_Repair,A
2054,ThermoMPNN,6eqe_Repair,2.6784467697143555,102,L,R,6eqe_Repair,A
2055,ThermoMPNN,6eqe_Repair,2.8722169399261475,102,L,S,6eqe_Repair,A
2056,ThermoMPNN,6eqe_Repair,2.634920120239258,102,L,T,6eqe_Repair,A
2057,ThermoMPNN,6eqe_Repair,1.666723370552063,102,L,V,6eqe_Repair,A
2058,ThermoMPNN,6eqe_Repair,2.036633014678955,102,L,W,6eqe_Repair,A
2059,ThermoMPNN,6eqe_Repair,2.008286237716675,102,L,Y,6eqe_Repair,A
2060,ThermoMPNN,6eqe_Repair,0.3102455139160156,103,R,A,6eqe_Repair,A
2061,ThermoMPNN,6eqe_Repair,0.4600154161453247,103,R,C,6eqe_Repair,A
2062,ThermoMPNN,6eqe_Repair,1.1061139106750488,103,R,D,6eqe_Repair,A
2063,ThermoMPNN,6eqe_Repair,0.9156780242919922,103,R,E,6eqe_Repair,A
2064,ThermoMPNN,6eqe_Repair,0.617857813835144,103,R,F,6eqe_Repair,A
2065,ThermoMPNN,6eqe_Repair,1.0986579656600952,103,R,G,6eqe_Repair,A
2066,ThermoMPNN,6eqe_Repair,0.6120098233222961,103,R,H,6eqe_Repair,A
2067,ThermoMPNN,6eqe_Repair,0.49392253160476685,103,R,I,6eqe_Repair,A
2068,ThermoMPNN,6eqe_Repair,0.23874783515930176,103,R,K,6eqe_Repair,A
2069,ThermoMPNN,6eqe_Repair,0.5217909216880798,103,R,L,6eqe_Repair,A
2070,ThermoMPNN,6eqe_Repair,0.41816818714141846,103,R,M,6eqe_Repair,A
2071,ThermoMPNN,6eqe_Repair,0.6626662015914917,103,R,N,6eqe_Repair,A
2072,ThermoMPNN,6eqe_Repair,3.118833541870117,103,R,P,6eqe_Repair,A
2073,ThermoMPNN,6eqe_Repair,0.4771602153778076,103,R,Q,6eqe_Repair,A
2074,ThermoMPNN,6eqe_Repair,0.0,103,R,R,6eqe_Repair,A
2075,ThermoMPNN,6eqe_Repair,0.5395385026931763,103,R,S,6eqe_Repair,A
2076,ThermoMPNN,6eqe_Repair,0.6314125657081604,103,R,T,6eqe_Repair,A
2077,ThermoMPNN,6eqe_Repair,0.6104228496551514,103,R,V,6eqe_Repair,A
2078,ThermoMPNN,6eqe_Repair,0.6322422027587891,103,R,W,6eqe_Repair,A
2079,ThermoMPNN,6eqe_Repair,0.5366866588592529,103,R,Y,6eqe_Repair,A
2080,ThermoMPNN,6eqe_Repair,0.08464056253433228,104,Q,A,6eqe_Repair,A
2081,ThermoMPNN,6eqe_Repair,-0.3611791133880615,104,Q,C,6eqe_Repair,A
2082,ThermoMPNN,6eqe_Repair,-0.02535414695739746,104,Q,D,6eqe_Repair,A
2083,ThermoMPNN,6eqe_Repair,0.08612489700317383,104,Q,E,6eqe_Repair,A
2084,ThermoMPNN,6eqe_Repair,-0.38089442253112793,104,Q,F,6eqe_Repair,A
2085,ThermoMPNN,6eqe_Repair,0.9555639624595642,104,Q,G,6eqe_Repair,A
2086,ThermoMPNN,6eqe_Repair,0.3578914403915405,104,Q,H,6eqe_Repair,A
2087,ThermoMPNN,6eqe_Repair,0.4673607647418976,104,Q,I,6eqe_Repair,A
2088,ThermoMPNN,6eqe_Repair,1.4614768028259277,104,Q,K,6eqe_Repair,A
2089,ThermoMPNN,6eqe_Repair,0.5018631815910339,104,Q,L,6eqe_Repair,A
2090,ThermoMPNN,6eqe_Repair,-0.10566747188568115,104,Q,M,6eqe_Repair,A
2091,ThermoMPNN,6eqe_Repair,1.0182418823242188,104,Q,N,6eqe_Repair,A
2092,ThermoMPNN,6eqe_Repair,2.673887252807617,104,Q,P,6eqe_Repair,A
2093,ThermoMPNN,6eqe_Repair,0.0,104,Q,Q,6eqe_Repair,A
2094,ThermoMPNN,6eqe_Repair,1.2401008605957031,104,Q,R,6eqe_Repair,A
2095,ThermoMPNN,6eqe_Repair,0.27713775634765625,104,Q,S,6eqe_Repair,A
2096,ThermoMPNN,6eqe_Repair,0.16993331909179688,104,Q,T,6eqe_Repair,A
2097,ThermoMPNN,6eqe_Repair,0.26802492141723633,104,Q,V,6eqe_Repair,A
2098,ThermoMPNN,6eqe_Repair,-0.3680025339126587,104,Q,W,6eqe_Repair,A
2099,ThermoMPNN,6eqe_Repair,-0.26500046253204346,104,Q,Y,6eqe_Repair,A
2100,ThermoMPNN,6eqe_Repair,1.196843147277832,105,V,A,6eqe_Repair,A
2101,ThermoMPNN,6eqe_Repair,0.782105565071106,105,V,C,6eqe_Repair,A
2102,ThermoMPNN,6eqe_Repair,2.819352388381958,105,V,D,6eqe_Repair,A
2103,ThermoMPNN,6eqe_Repair,2.532128095626831,105,V,E,6eqe_Repair,A
2104,ThermoMPNN,6eqe_Repair,1.314126968383789,105,V,F,6eqe_Repair,A
2105,ThermoMPNN,6eqe_Repair,2.484050989151001,105,V,G,6eqe_Repair,A
2106,ThermoMPNN,6eqe_Repair,2.4288687705993652,105,V,H,6eqe_Repair,A
2107,ThermoMPNN,6eqe_Repair,-0.42781496047973633,105,V,I,6eqe_Repair,A
2108,ThermoMPNN,6eqe_Repair,2.3482465744018555,105,V,K,6eqe_Repair,A
2109,ThermoMPNN,6eqe_Repair,-0.04429149627685547,105,V,L,6eqe_Repair,A
2110,ThermoMPNN,6eqe_Repair,0.6191723346710205,105,V,M,6eqe_Repair,A
2111,ThermoMPNN,6eqe_Repair,2.6001229286193848,105,V,N,6eqe_Repair,A
2112,ThermoMPNN,6eqe_Repair,3.1399810314178467,105,V,P,6eqe_Repair,A
2113,ThermoMPNN,6eqe_Repair,2.2883620262145996,105,V,Q,6eqe_Repair,A
2114,ThermoMPNN,6eqe_Repair,2.3685526847839355,105,V,R,6eqe_Repair,A
2115,ThermoMPNN,6eqe_Repair,2.236154079437256,105,V,S,6eqe_Repair,A
2116,ThermoMPNN,6eqe_Repair,1.526893138885498,105,V,T,6eqe_Repair,A
2117,ThermoMPNN,6eqe_Repair,0.0,105,V,V,6eqe_Repair,A
2118,ThermoMPNN,6eqe_Repair,1.522255778312683,105,V,W,6eqe_Repair,A
2119,ThermoMPNN,6eqe_Repair,1.6405231952667236,105,V,Y,6eqe_Repair,A
2120,ThermoMPNN,6eqe_Repair,0.0,106,A,A,6eqe_Repair,A
2121,ThermoMPNN,6eqe_Repair,0.1388005018234253,106,A,C,6eqe_Repair,A
2122,ThermoMPNN,6eqe_Repair,1.3057141304016113,106,A,D,6eqe_Repair,A
2123,ThermoMPNN,6eqe_Repair,0.909024715423584,106,A,E,6eqe_Repair,A
2124,ThermoMPNN,6eqe_Repair,0.2869229316711426,106,A,F,6eqe_Repair,A
2125,ThermoMPNN,6eqe_Repair,0.9850529432296753,106,A,G,6eqe_Repair,A
2126,ThermoMPNN,6eqe_Repair,0.7025579810142517,106,A,H,6eqe_Repair,A
2127,ThermoMPNN,6eqe_Repair,0.16315746307373047,106,A,I,6eqe_Repair,A
2128,ThermoMPNN,6eqe_Repair,0.5142402648925781,106,A,K,6eqe_Repair,A
2129,ThermoMPNN,6eqe_Repair,0.36590707302093506,106,A,L,6eqe_Repair,A
2130,ThermoMPNN,6eqe_Repair,0.2100677490234375,106,A,M,6eqe_Repair,A
2131,ThermoMPNN,6eqe_Repair,0.9350000023841858,106,A,N,6eqe_Repair,A
2132,ThermoMPNN,6eqe_Repair,2.7481226921081543,106,A,P,6eqe_Repair,A
2133,ThermoMPNN,6eqe_Repair,0.5715485215187073,106,A,Q,6eqe_Repair,A
2134,ThermoMPNN,6eqe_Repair,0.33850717544555664,106,A,R,6eqe_Repair,A
2135,ThermoMPNN,6eqe_Repair,0.5243651866912842,106,A,S,6eqe_Repair,A
2136,ThermoMPNN,6eqe_Repair,0.48423826694488525,106,A,T,6eqe_Repair,A
2137,ThermoMPNN,6eqe_Repair,0.08185780048370361,106,A,V,6eqe_Repair,A
2138,ThermoMPNN,6eqe_Repair,0.3241844177246094,106,A,W,6eqe_Repair,A
2139,ThermoMPNN,6eqe_Repair,0.21632182598114014,106,A,Y,6eqe_Repair,A
2140,ThermoMPNN,6eqe_Repair,-0.1360049843788147,107,S,A,6eqe_Repair,A
2141,ThermoMPNN,6eqe_Repair,-0.2923259735107422,107,S,C,6eqe_Repair,A
2142,ThermoMPNN,6eqe_Repair,0.2365940809249878,107,S,D,6eqe_Repair,A
2143,ThermoMPNN,6eqe_Repair,-0.10136795043945312,107,S,E,6eqe_Repair,A
2144,ThermoMPNN,6eqe_Repair,-0.07983934879302979,107,S,F,6eqe_Repair,A
2145,ThermoMPNN,6eqe_Repair,0.6500774621963501,107,S,G,6eqe_Repair,A
2146,ThermoMPNN,6eqe_Repair,-0.08286011219024658,107,S,H,6eqe_Repair,A
2147,ThermoMPNN,6eqe_Repair,-0.2484668493270874,107,S,I,6eqe_Repair,A
2148,ThermoMPNN,6eqe_Repair,-0.17519760131835938,107,S,K,6eqe_Repair,A
2149,ThermoMPNN,6eqe_Repair,-0.18202245235443115,107,S,L,6eqe_Repair,A
2150,ThermoMPNN,6eqe_Repair,-0.23319655656814575,107,S,M,6eqe_Repair,A
2151,ThermoMPNN,6eqe_Repair,0.08082133531570435,107,S,N,6eqe_Repair,A
2152,ThermoMPNN,6eqe_Repair,2.2484664916992188,107,S,P,6eqe_Repair,A
2153,ThermoMPNN,6eqe_Repair,-0.2371557354927063,107,S,Q,6eqe_Repair,A
2154,ThermoMPNN,6eqe_Repair,-0.3163459300994873,107,S,R,6eqe_Repair,A
2155,ThermoMPNN,6eqe_Repair,0.0,107,S,S,6eqe_Repair,A
2156,ThermoMPNN,6eqe_Repair,-0.11619925498962402,107,S,T,6eqe_Repair,A
2157,ThermoMPNN,6eqe_Repair,-0.19459164142608643,107,S,V,6eqe_Repair,A
2158,ThermoMPNN,6eqe_Repair,-0.203943133354187,107,S,W,6eqe_Repair,A
2159,ThermoMPNN,6eqe_Repair,-0.20009464025497437,107,S,Y,6eqe_Repair,A
2160,ThermoMPNN,6eqe_Repair,1.384979248046875,108,L,A,6eqe_Repair,A
2161,ThermoMPNN,6eqe_Repair,1.0327913761138916,108,L,C,6eqe_Repair,A
2162,ThermoMPNN,6eqe_Repair,1.5642147064208984,108,L,D,6eqe_Repair,A
2163,ThermoMPNN,6eqe_Repair,1.3676025867462158,108,L,E,6eqe_Repair,A
2164,ThermoMPNN,6eqe_Repair,0.7920494079589844,108,L,F,6eqe_Repair,A
2165,ThermoMPNN,6eqe_Repair,1.8947950601577759,108,L,G,6eqe_Repair,A
2166,ThermoMPNN,6eqe_Repair,1.489533543586731,108,L,H,6eqe_Repair,A
2167,ThermoMPNN,6eqe_Repair,1.0027705430984497,108,L,I,6eqe_Repair,A
2168,ThermoMPNN,6eqe_Repair,2.1835479736328125,108,L,K,6eqe_Repair,A
2169,ThermoMPNN,6eqe_Repair,0.0,108,L,L,6eqe_Repair,A
2170,ThermoMPNN,6eqe_Repair,0.17868578433990479,108,L,M,6eqe_Repair,A
2171,ThermoMPNN,6eqe_Repair,1.946305513381958,108,L,N,6eqe_Repair,A
2172,ThermoMPNN,6eqe_Repair,2.5196008682250977,108,L,P,6eqe_Repair,A
2173,ThermoMPNN,6eqe_Repair,1.3924823999404907,108,L,Q,6eqe_Repair,A
2174,ThermoMPNN,6eqe_Repair,1.9825525283813477,108,L,R,6eqe_Repair,A
2175,ThermoMPNN,6eqe_Repair,1.8537827730178833,108,L,S,6eqe_Repair,A
2176,ThermoMPNN,6eqe_Repair,1.9234063625335693,108,L,T,6eqe_Repair,A
2177,ThermoMPNN,6eqe_Repair,1.5668160915374756,108,L,V,6eqe_Repair,A
2178,ThermoMPNN,6eqe_Repair,0.8737452030181885,108,L,W,6eqe_Repair,A
2179,ThermoMPNN,6eqe_Repair,0.9035413861274719,108,L,Y,6eqe_Repair,A
2180,ThermoMPNN,6eqe_Repair,1.1082403659820557,109,N,A,6eqe_Repair,A
2181,ThermoMPNN,6eqe_Repair,0.7231384515762329,109,N,C,6eqe_Repair,A
2182,ThermoMPNN,6eqe_Repair,0.665034294128418,109,N,D,6eqe_Repair,A
2183,ThermoMPNN,6eqe_Repair,1.5890913009643555,109,N,E,6eqe_Repair,A
2184,ThermoMPNN,6eqe_Repair,1.5316908359527588,109,N,F,6eqe_Repair,A
2185,ThermoMPNN,6eqe_Repair,1.1123738288879395,109,N,G,6eqe_Repair,A
2186,ThermoMPNN,6eqe_Repair,1.1293240785598755,109,N,H,6eqe_Repair,A
2187,ThermoMPNN,6eqe_Repair,1.7369492053985596,109,N,I,6eqe_Repair,A
2188,ThermoMPNN,6eqe_Repair,1.5503559112548828,109,N,K,6eqe_Repair,A
2189,ThermoMPNN,6eqe_Repair,1.340522050857544,109,N,L,6eqe_Repair,A
2190,ThermoMPNN,6eqe_Repair,1.3372074365615845,109,N,M,6eqe_Repair,A
2191,ThermoMPNN,6eqe_Repair,0.0,109,N,N,6eqe_Repair,A
2192,ThermoMPNN,6eqe_Repair,2.2142012119293213,109,N,P,6eqe_Repair,A
2193,ThermoMPNN,6eqe_Repair,1.4523935317993164,109,N,Q,6eqe_Repair,A
2194,ThermoMPNN,6eqe_Repair,1.5020675659179688,109,N,R,6eqe_Repair,A
2195,ThermoMPNN,6eqe_Repair,0.5921463966369629,109,N,S,6eqe_Repair,A
2196,ThermoMPNN,6eqe_Repair,1.4309592247009277,109,N,T,6eqe_Repair,A
2197,ThermoMPNN,6eqe_Repair,1.599839448928833,109,N,V,6eqe_Repair,A
2198,ThermoMPNN,6eqe_Repair,1.2836358547210693,109,N,W,6eqe_Repair,A
2199,ThermoMPNN,6eqe_Repair,1.5887815952301025,109,N,Y,6eqe_Repair,A
2200,ThermoMPNN,6eqe_Repair,-0.3397212028503418,110,G,A,6eqe_Repair,A
2201,ThermoMPNN,6eqe_Repair,-0.2765151262283325,110,G,C,6eqe_Repair,A
2202,ThermoMPNN,6eqe_Repair,0.20241639018058777,110,G,D,6eqe_Repair,A
2203,ThermoMPNN,6eqe_Repair,0.13202518224716187,110,G,E,6eqe_Repair,A
2204,ThermoMPNN,6eqe_Repair,-0.006474435329437256,110,G,F,6eqe_Repair,A
2205,ThermoMPNN,6eqe_Repair,0.0,110,G,G,6eqe_Repair,A
2206,ThermoMPNN,6eqe_Repair,-0.17153805494308472,110,G,H,6eqe_Repair,A
2207,ThermoMPNN,6eqe_Repair,0.03838503360748291,110,G,I,6eqe_Repair,A
2208,ThermoMPNN,6eqe_Repair,-0.42748773097991943,110,G,K,6eqe_Repair,A
2209,ThermoMPNN,6eqe_Repair,-0.027106404304504395,110,G,L,6eqe_Repair,A
2210,ThermoMPNN,6eqe_Repair,-0.04496932029724121,110,G,M,6eqe_Repair,A
2211,ThermoMPNN,6eqe_Repair,-0.32268357276916504,110,G,N,6eqe_Repair,A
2212,ThermoMPNN,6eqe_Repair,1.8649377822875977,110,G,P,6eqe_Repair,A
2213,ThermoMPNN,6eqe_Repair,-0.1644371747970581,110,G,Q,6eqe_Repair,A
2214,ThermoMPNN,6eqe_Repair,-0.5312585830688477,110,G,R,6eqe_Repair,A
2215,ThermoMPNN,6eqe_Repair,-0.24347323179244995,110,G,S,6eqe_Repair,A
2216,ThermoMPNN,6eqe_Repair,-0.2012040615081787,110,G,T,6eqe_Repair,A
2217,ThermoMPNN,6eqe_Repair,-0.023907124996185303,110,G,V,6eqe_Repair,A
2218,ThermoMPNN,6eqe_Repair,0.236794114112854,110,G,W,6eqe_Repair,A
2219,ThermoMPNN,6eqe_Repair,0.04870074987411499,110,G,Y,6eqe_Repair,A
2220,ThermoMPNN,6eqe_Repair,0.7147936820983887,111,T,A,6eqe_Repair,A
2221,ThermoMPNN,6eqe_Repair,0.6585772037506104,111,T,C,6eqe_Repair,A
2222,ThermoMPNN,6eqe_Repair,0.20787906646728516,111,T,D,6eqe_Repair,A
2223,ThermoMPNN,6eqe_Repair,0.7084848284721375,111,T,E,6eqe_Repair,A
2224,ThermoMPNN,6eqe_Repair,1.1074018478393555,111,T,F,6eqe_Repair,A
2225,ThermoMPNN,6eqe_Repair,1.2084211111068726,111,T,G,6eqe_Repair,A
2226,ThermoMPNN,6eqe_Repair,0.8261638879776001,111,T,H,6eqe_Repair,A
2227,ThermoMPNN,6eqe_Repair,0.8639277815818787,111,T,I,6eqe_Repair,A
2228,ThermoMPNN,6eqe_Repair,0.9653106927871704,111,T,K,6eqe_Repair,A
2229,ThermoMPNN,6eqe_Repair,0.656711220741272,111,T,L,6eqe_Repair,A
2230,ThermoMPNN,6eqe_Repair,0.7608921527862549,111,T,M,6eqe_Repair,A
2231,ThermoMPNN,6eqe_Repair,0.2559642791748047,111,T,N,6eqe_Repair,A
2232,ThermoMPNN,6eqe_Repair,2.454005241394043,111,T,P,6eqe_Repair,A
2233,ThermoMPNN,6eqe_Repair,0.746086835861206,111,T,Q,6eqe_Repair,A
2234,ThermoMPNN,6eqe_Repair,0.6924687027931213,111,T,R,6eqe_Repair,A
2235,ThermoMPNN,6eqe_Repair,0.28133928775787354,111,T,S,6eqe_Repair,A
2236,ThermoMPNN,6eqe_Repair,0.0,111,T,T,6eqe_Repair,A
2237,ThermoMPNN,6eqe_Repair,0.7882124781608582,111,T,V,6eqe_Repair,A
2238,ThermoMPNN,6eqe_Repair,1.0737919807434082,111,T,W,6eqe_Repair,A
2239,ThermoMPNN,6eqe_Repair,1.057909369468689,111,T,Y,6eqe_Repair,A
2240,ThermoMPNN,6eqe_Repair,0.037494659423828125,112,S,A,6eqe_Repair,A
2241,ThermoMPNN,6eqe_Repair,0.21510112285614014,112,S,C,6eqe_Repair,A
2242,ThermoMPNN,6eqe_Repair,0.4675588607788086,112,S,D,6eqe_Repair,A
2243,ThermoMPNN,6eqe_Repair,0.3877846598625183,112,S,E,6eqe_Repair,A
2244,ThermoMPNN,6eqe_Repair,0.5698140859603882,112,S,F,6eqe_Repair,A
2245,ThermoMPNN,6eqe_Repair,0.28786706924438477,112,S,G,6eqe_Repair,A
2246,ThermoMPNN,6eqe_Repair,0.4496980905532837,112,S,H,6eqe_Repair,A
2247,ThermoMPNN,6eqe_Repair,0.570412278175354,112,S,I,6eqe_Repair,A
2248,ThermoMPNN,6eqe_Repair,0.20276880264282227,112,S,K,6eqe_Repair,A
2249,ThermoMPNN,6eqe_Repair,0.5877891778945923,112,S,L,6eqe_Repair,A
2250,ThermoMPNN,6eqe_Repair,0.536888837814331,112,S,M,6eqe_Repair,A
2251,ThermoMPNN,6eqe_Repair,0.43521493673324585,112,S,N,6eqe_Repair,A
2252,ThermoMPNN,6eqe_Repair,-0.013409137725830078,112,S,P,6eqe_Repair,A
2253,ThermoMPNN,6eqe_Repair,0.2755076289176941,112,S,Q,6eqe_Repair,A
2254,ThermoMPNN,6eqe_Repair,0.33195960521698,112,S,R,6eqe_Repair,A
2255,ThermoMPNN,6eqe_Repair,0.0,112,S,S,6eqe_Repair,A
2256,ThermoMPNN,6eqe_Repair,0.25067633390426636,112,S,T,6eqe_Repair,A
2257,ThermoMPNN,6eqe_Repair,0.4846075177192688,112,S,V,6eqe_Repair,A
2258,ThermoMPNN,6eqe_Repair,0.5328555107116699,112,S,W,6eqe_Repair,A
2259,ThermoMPNN,6eqe_Repair,0.6183249354362488,112,S,Y,6eqe_Repair,A
2260,ThermoMPNN,6eqe_Repair,0.2297472357749939,113,S,A,6eqe_Repair,A
2261,ThermoMPNN,6eqe_Repair,0.06101202964782715,113,S,C,6eqe_Repair,A
2262,ThermoMPNN,6eqe_Repair,0.017307639122009277,113,S,D,6eqe_Repair,A
2263,ThermoMPNN,6eqe_Repair,0.24174636602401733,113,S,E,6eqe_Repair,A
2264,ThermoMPNN,6eqe_Repair,0.436551570892334,113,S,F,6eqe_Repair,A
2265,ThermoMPNN,6eqe_Repair,0.148920476436615,113,S,G,6eqe_Repair,A
2266,ThermoMPNN,6eqe_Repair,0.37059730291366577,113,S,H,6eqe_Repair,A
2267,ThermoMPNN,6eqe_Repair,0.6761173605918884,113,S,I,6eqe_Repair,A
2268,ThermoMPNN,6eqe_Repair,0.40268081426620483,113,S,K,6eqe_Repair,A
2269,ThermoMPNN,6eqe_Repair,0.5100948810577393,113,S,L,6eqe_Repair,A
2270,ThermoMPNN,6eqe_Repair,0.4878702163696289,113,S,M,6eqe_Repair,A
2271,ThermoMPNN,6eqe_Repair,0.09719043970108032,113,S,N,6eqe_Repair,A
2272,ThermoMPNN,6eqe_Repair,1.0462779998779297,113,S,P,6eqe_Repair,A
2273,ThermoMPNN,6eqe_Repair,0.4199923276901245,113,S,Q,6eqe_Repair,A
2274,ThermoMPNN,6eqe_Repair,0.5174388289451599,113,S,R,6eqe_Repair,A
2275,ThermoMPNN,6eqe_Repair,0.0,113,S,S,6eqe_Repair,A
2276,ThermoMPNN,6eqe_Repair,-0.062465786933898926,113,S,T,6eqe_Repair,A
2277,ThermoMPNN,6eqe_Repair,0.7088699340820312,113,S,V,6eqe_Repair,A
2278,ThermoMPNN,6eqe_Repair,0.3298231363296509,113,S,W,6eqe_Repair,A
2279,ThermoMPNN,6eqe_Repair,0.41550755500793457,113,S,Y,6eqe_Repair,A
2280,ThermoMPNN,6eqe_Repair,0.45637989044189453,114,S,A,6eqe_Repair,A
2281,ThermoMPNN,6eqe_Repair,0.6661336421966553,114,S,C,6eqe_Repair,A
2282,ThermoMPNN,6eqe_Repair,1.974186658859253,114,S,D,6eqe_Repair,A
2283,ThermoMPNN,6eqe_Repair,1.8106682300567627,114,S,E,6eqe_Repair,A
2284,ThermoMPNN,6eqe_Repair,1.3023388385772705,114,S,F,6eqe_Repair,A
2285,ThermoMPNN,6eqe_Repair,1.45274019241333,114,S,G,6eqe_Repair,A
2286,ThermoMPNN,6eqe_Repair,1.6702436208724976,114,S,H,6eqe_Repair,A
2287,ThermoMPNN,6eqe_Repair,1.5144033432006836,114,S,I,6eqe_Repair,A
2288,ThermoMPNN,6eqe_Repair,2.0340962409973145,114,S,K,6eqe_Repair,A
2289,ThermoMPNN,6eqe_Repair,1.859318733215332,114,S,L,6eqe_Repair,A
2290,ThermoMPNN,6eqe_Repair,1.2720282077789307,114,S,M,6eqe_Repair,A
2291,ThermoMPNN,6eqe_Repair,1.8839993476867676,114,S,N,6eqe_Repair,A
2292,ThermoMPNN,6eqe_Repair,2.4923858642578125,114,S,P,6eqe_Repair,A
2293,ThermoMPNN,6eqe_Repair,1.6500602960586548,114,S,Q,6eqe_Repair,A
2294,ThermoMPNN,6eqe_Repair,1.788633942604065,114,S,R,6eqe_Repair,A
2295,ThermoMPNN,6eqe_Repair,0.0,114,S,S,6eqe_Repair,A
2296,ThermoMPNN,6eqe_Repair,0.5071513652801514,114,S,T,6eqe_Repair,A
2297,ThermoMPNN,6eqe_Repair,1.3407812118530273,114,S,V,6eqe_Repair,A
2298,ThermoMPNN,6eqe_Repair,1.0493381023406982,114,S,W,6eqe_Repair,A
2299,ThermoMPNN,6eqe_Repair,1.37559175491333,114,S,Y,6eqe_Repair,A
2300,ThermoMPNN,6eqe_Repair,0.05651068687438965,115,P,A,6eqe_Repair,A
2301,ThermoMPNN,6eqe_Repair,0.19181805849075317,115,P,C,6eqe_Repair,A
2302,ThermoMPNN,6eqe_Repair,0.9400458931922913,115,P,D,6eqe_Repair,A
2303,ThermoMPNN,6eqe_Repair,0.5358258485794067,115,P,E,6eqe_Repair,A
2304,ThermoMPNN,6eqe_Repair,0.6299093961715698,115,P,F,6eqe_Repair,A
2305,ThermoMPNN,6eqe_Repair,0.9154549241065979,115,P,G,6eqe_Repair,A
2306,ThermoMPNN,6eqe_Repair,0.6787408590316772,115,P,H,6eqe_Repair,A
2307,ThermoMPNN,6eqe_Repair,0.5481182932853699,115,P,I,6eqe_Repair,A
2308,ThermoMPNN,6eqe_Repair,0.7837873697280884,115,P,K,6eqe_Repair,A
2309,ThermoMPNN,6eqe_Repair,0.40871506929397583,115,P,L,6eqe_Repair,A
2310,ThermoMPNN,6eqe_Repair,0.44088810682296753,115,P,M,6eqe_Repair,A
2311,ThermoMPNN,6eqe_Repair,0.8610156178474426,115,P,N,6eqe_Repair,A
2312,ThermoMPNN,6eqe_Repair,0.0,115,P,P,6eqe_Repair,A
2313,ThermoMPNN,6eqe_Repair,0.6425074338912964,115,P,Q,6eqe_Repair,A
2314,ThermoMPNN,6eqe_Repair,0.9477007389068604,115,P,R,6eqe_Repair,A
2315,ThermoMPNN,6eqe_Repair,0.49449652433395386,115,P,S,6eqe_Repair,A
2316,ThermoMPNN,6eqe_Repair,0.8314107656478882,115,P,T,6eqe_Repair,A
2317,ThermoMPNN,6eqe_Repair,0.5892712473869324,115,P,V,6eqe_Repair,A
2318,ThermoMPNN,6eqe_Repair,0.609119176864624,115,P,W,6eqe_Repair,A
2319,ThermoMPNN,6eqe_Repair,0.5663037896156311,115,P,Y,6eqe_Repair,A
2320,ThermoMPNN,6eqe_Repair,2.1290462017059326,116,I,A,6eqe_Repair,A
2321,ThermoMPNN,6eqe_Repair,1.7324433326721191,116,I,C,6eqe_Repair,A
2322,ThermoMPNN,6eqe_Repair,2.9114582538604736,116,I,D,6eqe_Repair,A
2323,ThermoMPNN,6eqe_Repair,2.7769532203674316,116,I,E,6eqe_Repair,A
2324,ThermoMPNN,6eqe_Repair,1.7158899307250977,116,I,F,6eqe_Repair,A
2325,ThermoMPNN,6eqe_Repair,2.894977569580078,116,I,G,6eqe_Repair,A
2326,ThermoMPNN,6eqe_Repair,2.9231183528900146,116,I,H,6eqe_Repair,A
2327,ThermoMPNN,6eqe_Repair,0.0,116,I,I,6eqe_Repair,A
2328,ThermoMPNN,6eqe_Repair,2.9168782234191895,116,I,K,6eqe_Repair,A
2329,ThermoMPNN,6eqe_Repair,0.7486696243286133,116,I,L,6eqe_Repair,A
2330,ThermoMPNN,6eqe_Repair,1.4372575283050537,116,I,M,6eqe_Repair,A
2331,ThermoMPNN,6eqe_Repair,2.897120237350464,116,I,N,6eqe_Repair,A
2332,ThermoMPNN,6eqe_Repair,2.718113422393799,116,I,P,6eqe_Repair,A
2333,ThermoMPNN,6eqe_Repair,2.8890578746795654,116,I,Q,6eqe_Repair,A
2334,ThermoMPNN,6eqe_Repair,2.89102840423584,116,I,R,6eqe_Repair,A
2335,ThermoMPNN,6eqe_Repair,2.78059983253479,116,I,S,6eqe_Repair,A
2336,ThermoMPNN,6eqe_Repair,2.3449864387512207,116,I,T,6eqe_Repair,A
2337,ThermoMPNN,6eqe_Repair,0.8011486530303955,116,I,V,6eqe_Repair,A
2338,ThermoMPNN,6eqe_Repair,2.147214651107788,116,I,W,6eqe_Repair,A
2339,ThermoMPNN,6eqe_Repair,2.207735538482666,116,I,Y,6eqe_Repair,A
2340,ThermoMPNN,6eqe_Repair,1.2770811319351196,117,Y,A,6eqe_Repair,A
2341,ThermoMPNN,6eqe_Repair,0.8030951023101807,117,Y,C,6eqe_Repair,A
2342,ThermoMPNN,6eqe_Repair,2.1955955028533936,117,Y,D,6eqe_Repair,A
2343,ThermoMPNN,6eqe_Repair,2.23409366607666,117,Y,E,6eqe_Repair,A
2344,ThermoMPNN,6eqe_Repair,0.3436558246612549,117,Y,F,6eqe_Repair,A
2345,ThermoMPNN,6eqe_Repair,1.8889106512069702,117,Y,G,6eqe_Repair,A
2346,ThermoMPNN,6eqe_Repair,0.5082464218139648,117,Y,H,6eqe_Repair,A
2347,ThermoMPNN,6eqe_Repair,1.378665804862976,117,Y,I,6eqe_Repair,A
2348,ThermoMPNN,6eqe_Repair,1.0805058479309082,117,Y,K,6eqe_Repair,A
2349,ThermoMPNN,6eqe_Repair,1.3372994661331177,117,Y,L,6eqe_Repair,A
2350,ThermoMPNN,6eqe_Repair,1.4143385887145996,117,Y,M,6eqe_Repair,A
2351,ThermoMPNN,6eqe_Repair,1.128114938735962,117,Y,N,6eqe_Repair,A
2352,ThermoMPNN,6eqe_Repair,2.745253801345825,117,Y,P,6eqe_Repair,A
2353,ThermoMPNN,6eqe_Repair,1.5489037036895752,117,Y,Q,6eqe_Repair,A
2354,ThermoMPNN,6eqe_Repair,0.6829313039779663,117,Y,R,6eqe_Repair,A
2355,ThermoMPNN,6eqe_Repair,1.0876729488372803,117,Y,S,6eqe_Repair,A
2356,ThermoMPNN,6eqe_Repair,1.1152465343475342,117,Y,T,6eqe_Repair,A
2357,ThermoMPNN,6eqe_Repair,1.0660991668701172,117,Y,V,6eqe_Repair,A
2358,ThermoMPNN,6eqe_Repair,0.5292081832885742,117,Y,W,6eqe_Repair,A
2359,ThermoMPNN,6eqe_Repair,0.0,117,Y,Y,6eqe_Repair,A
2360,ThermoMPNN,6eqe_Repair,1.5380711555480957,118,G,A,6eqe_Repair,A
2361,ThermoMPNN,6eqe_Repair,0.8435263633728027,118,G,C,6eqe_Repair,A
2362,ThermoMPNN,6eqe_Repair,1.6918615102767944,118,G,D,6eqe_Repair,A
2363,ThermoMPNN,6eqe_Repair,1.9264073371887207,118,G,E,6eqe_Repair,A
2364,ThermoMPNN,6eqe_Repair,1.3992444276809692,118,G,F,6eqe_Repair,A
2365,ThermoMPNN,6eqe_Repair,0.0,118,G,G,6eqe_Repair,A
2366,ThermoMPNN,6eqe_Repair,1.3529890775680542,118,G,H,6eqe_Repair,A
2367,ThermoMPNN,6eqe_Repair,2.2471179962158203,118,G,I,6eqe_Repair,A
2368,ThermoMPNN,6eqe_Repair,1.5794687271118164,118,G,K,6eqe_Repair,A
2369,ThermoMPNN,6eqe_Repair,1.6422607898712158,118,G,L,6eqe_Repair,A
2370,ThermoMPNN,6eqe_Repair,1.5063931941986084,118,G,M,6eqe_Repair,A
2371,ThermoMPNN,6eqe_Repair,1.3017526865005493,118,G,N,6eqe_Repair,A
2372,ThermoMPNN,6eqe_Repair,2.693361520767212,118,G,P,6eqe_Repair,A
2373,ThermoMPNN,6eqe_Repair,1.5893452167510986,118,G,Q,6eqe_Repair,A
2374,ThermoMPNN,6eqe_Repair,1.6812973022460938,118,G,R,6eqe_Repair,A
2375,ThermoMPNN,6eqe_Repair,1.6206244230270386,118,G,S,6eqe_Repair,A
2376,ThermoMPNN,6eqe_Repair,2.0183613300323486,118,G,T,6eqe_Repair,A
2377,ThermoMPNN,6eqe_Repair,2.2415831089019775,118,G,V,6eqe_Repair,A
2378,ThermoMPNN,6eqe_Repair,1.6326322555541992,118,G,W,6eqe_Repair,A
2379,ThermoMPNN,6eqe_Repair,1.6019634008407593,118,G,Y,6eqe_Repair,A
2380,ThermoMPNN,6eqe_Repair,1.010297417640686,119,K,A,6eqe_Repair,A
2381,ThermoMPNN,6eqe_Repair,0.7337150573730469,119,K,C,6eqe_Repair,A
2382,ThermoMPNN,6eqe_Repair,2.7092010974884033,119,K,D,6eqe_Repair,A
2383,ThermoMPNN,6eqe_Repair,2.0524232387542725,119,K,E,6eqe_Repair,A
2384,ThermoMPNN,6eqe_Repair,1.1869618892669678,119,K,F,6eqe_Repair,A
2385,ThermoMPNN,6eqe_Repair,1.789412021636963,119,K,G,6eqe_Repair,A
2386,ThermoMPNN,6eqe_Repair,1.217679500579834,119,K,H,6eqe_Repair,A
2387,ThermoMPNN,6eqe_Repair,0.722043514251709,119,K,I,6eqe_Repair,A
2388,ThermoMPNN,6eqe_Repair,0.0,119,K,K,6eqe_Repair,A
2389,ThermoMPNN,6eqe_Repair,0.13661348819732666,119,K,L,6eqe_Repair,A
2390,ThermoMPNN,6eqe_Repair,0.2275177240371704,119,K,M,6eqe_Repair,A
2391,ThermoMPNN,6eqe_Repair,1.5585825443267822,119,K,N,6eqe_Repair,A
2392,ThermoMPNN,6eqe_Repair,2.6934633255004883,119,K,P,6eqe_Repair,A
2393,ThermoMPNN,6eqe_Repair,0.6477142572402954,119,K,Q,6eqe_Repair,A
2394,ThermoMPNN,6eqe_Repair,0.006411075592041016,119,K,R,6eqe_Repair,A
2395,ThermoMPNN,6eqe_Repair,1.1990811824798584,119,K,S,6eqe_Repair,A
2396,ThermoMPNN,6eqe_Repair,1.0775357484817505,119,K,T,6eqe_Repair,A
2397,ThermoMPNN,6eqe_Repair,0.9509896039962769,119,K,V,6eqe_Repair,A
2398,ThermoMPNN,6eqe_Repair,1.3137738704681396,119,K,W,6eqe_Repair,A
2399,ThermoMPNN,6eqe_Repair,1.2163687944412231,119,K,Y,6eqe_Repair,A
2400,ThermoMPNN,6eqe_Repair,2.2842347621917725,120,V,A,6eqe_Repair,A
2401,ThermoMPNN,6eqe_Repair,1.587534785270691,120,V,C,6eqe_Repair,A
2402,ThermoMPNN,6eqe_Repair,3.461383581161499,120,V,D,6eqe_Repair,A
2403,ThermoMPNN,6eqe_Repair,3.3959977626800537,120,V,E,6eqe_Repair,A
2404,ThermoMPNN,6eqe_Repair,2.019625663757324,120,V,F,6eqe_Repair,A
2405,ThermoMPNN,6eqe_Repair,3.0789759159088135,120,V,G,6eqe_Repair,A
2406,ThermoMPNN,6eqe_Repair,3.4067118167877197,120,V,H,6eqe_Repair,A
2407,ThermoMPNN,6eqe_Repair,0.18425464630126953,120,V,I,6eqe_Repair,A
2408,ThermoMPNN,6eqe_Repair,3.415585517883301,120,V,K,6eqe_Repair,A
2409,ThermoMPNN,6eqe_Repair,1.1114317178726196,120,V,L,6eqe_Repair,A
2410,ThermoMPNN,6eqe_Repair,1.8493397235870361,120,V,M,6eqe_Repair,A
2411,ThermoMPNN,6eqe_Repair,3.483396053314209,120,V,N,6eqe_Repair,A
2412,ThermoMPNN,6eqe_Repair,3.082087755203247,120,V,P,6eqe_Repair,A
2413,ThermoMPNN,6eqe_Repair,3.398420572280884,120,V,Q,6eqe_Repair,A
2414,ThermoMPNN,6eqe_Repair,3.314723491668701,120,V,R,6eqe_Repair,A
2415,ThermoMPNN,6eqe_Repair,3.2271506786346436,120,V,S,6eqe_Repair,A
2416,ThermoMPNN,6eqe_Repair,2.267061233520508,120,V,T,6eqe_Repair,A
2417,ThermoMPNN,6eqe_Repair,0.0,120,V,V,6eqe_Repair,A
2418,ThermoMPNN,6eqe_Repair,2.5823211669921875,120,V,W,6eqe_Repair,A
2419,ThermoMPNN,6eqe_Repair,2.5944700241088867,120,V,Y,6eqe_Repair,A
2420,ThermoMPNN,6eqe_Repair,2.4537250995635986,121,D,A,6eqe_Repair,A
2421,ThermoMPNN,6eqe_Repair,1.596444845199585,121,D,C,6eqe_Repair,A
2422,ThermoMPNN,6eqe_Repair,0.0,121,D,D,6eqe_Repair,A
2423,ThermoMPNN,6eqe_Repair,1.6760802268981934,121,D,E,6eqe_Repair,A
2424,ThermoMPNN,6eqe_Repair,2.5266759395599365,121,D,F,6eqe_Repair,A
2425,ThermoMPNN,6eqe_Repair,3.0025923252105713,121,D,G,6eqe_Repair,A
2426,ThermoMPNN,6eqe_Repair,2.034860849380493,121,D,H,6eqe_Repair,A
2427,ThermoMPNN,6eqe_Repair,2.6342687606811523,121,D,I,6eqe_Repair,A
2428,ThermoMPNN,6eqe_Repair,3.0286996364593506,121,D,K,6eqe_Repair,A
2429,ThermoMPNN,6eqe_Repair,2.5002760887145996,121,D,L,6eqe_Repair,A
2430,ThermoMPNN,6eqe_Repair,2.6811084747314453,121,D,M,6eqe_Repair,A
2431,ThermoMPNN,6eqe_Repair,1.2534964084625244,121,D,N,6eqe_Repair,A
2432,ThermoMPNN,6eqe_Repair,2.879487991333008,121,D,P,6eqe_Repair,A
2433,ThermoMPNN,6eqe_Repair,2.462310791015625,121,D,Q,6eqe_Repair,A
2434,ThermoMPNN,6eqe_Repair,2.892620086669922,121,D,R,6eqe_Repair,A
2435,ThermoMPNN,6eqe_Repair,1.8559808731079102,121,D,S,6eqe_Repair,A
2436,ThermoMPNN,6eqe_Repair,2.2457127571105957,121,D,T,6eqe_Repair,A
2437,ThermoMPNN,6eqe_Repair,2.4766931533813477,121,D,V,6eqe_Repair,A
2438,ThermoMPNN,6eqe_Repair,2.312798023223877,121,D,W,6eqe_Repair,A
2439,ThermoMPNN,6eqe_Repair,2.4888453483581543,121,D,Y,6eqe_Repair,A
2440,ThermoMPNN,6eqe_Repair,0.3450278639793396,122,T,A,6eqe_Repair,A
2441,ThermoMPNN,6eqe_Repair,0.15718317031860352,122,T,C,6eqe_Repair,A
2442,ThermoMPNN,6eqe_Repair,1.0227669477462769,122,T,D,6eqe_Repair,A
2443,ThermoMPNN,6eqe_Repair,0.8421499133110046,122,T,E,6eqe_Repair,A
2444,ThermoMPNN,6eqe_Repair,0.6211236715316772,122,T,F,6eqe_Repair,A
2445,ThermoMPNN,6eqe_Repair,0.8655349612236023,122,T,G,6eqe_Repair,A
2446,ThermoMPNN,6eqe_Repair,0.6846284866333008,122,T,H,6eqe_Repair,A
2447,ThermoMPNN,6eqe_Repair,0.001505732536315918,122,T,I,6eqe_Repair,A
2448,ThermoMPNN,6eqe_Repair,0.6245936155319214,122,T,K,6eqe_Repair,A
2449,ThermoMPNN,6eqe_Repair,0.29948604106903076,122,T,L,6eqe_Repair,A
2450,ThermoMPNN,6eqe_Repair,0.398776113986969,122,T,M,6eqe_Repair,A
2451,ThermoMPNN,6eqe_Repair,0.8842849731445312,122,T,N,6eqe_Repair,A
2452,ThermoMPNN,6eqe_Repair,0.6100541353225708,122,T,P,6eqe_Repair,A
2453,ThermoMPNN,6eqe_Repair,0.6367282271385193,122,T,Q,6eqe_Repair,A
2454,ThermoMPNN,6eqe_Repair,0.558282732963562,122,T,R,6eqe_Repair,A
2455,ThermoMPNN,6eqe_Repair,0.44918859004974365,122,T,S,6eqe_Repair,A
2456,ThermoMPNN,6eqe_Repair,0.0,122,T,T,6eqe_Repair,A
2457,ThermoMPNN,6eqe_Repair,-0.14245712757110596,122,T,V,6eqe_Repair,A
2458,ThermoMPNN,6eqe_Repair,0.4958707094192505,122,T,W,6eqe_Repair,A
2459,ThermoMPNN,6eqe_Repair,0.5643119215965271,122,T,Y,6eqe_Repair,A
2460,ThermoMPNN,6eqe_Repair,0.0,123,A,A,6eqe_Repair,A
2461,ThermoMPNN,6eqe_Repair,-0.007484078407287598,123,A,C,6eqe_Repair,A
2462,ThermoMPNN,6eqe_Repair,0.5106565356254578,123,A,D,6eqe_Repair,A
2463,ThermoMPNN,6eqe_Repair,0.35495781898498535,123,A,E,6eqe_Repair,A
2464,ThermoMPNN,6eqe_Repair,0.4623410105705261,123,A,F,6eqe_Repair,A
2465,ThermoMPNN,6eqe_Repair,0.19497764110565186,123,A,G,6eqe_Repair,A
2466,ThermoMPNN,6eqe_Repair,0.13954603672027588,123,A,H,6eqe_Repair,A
2467,ThermoMPNN,6eqe_Repair,0.4294087886810303,123,A,I,6eqe_Repair,A
2468,ThermoMPNN,6eqe_Repair,-0.15884160995483398,123,A,K,6eqe_Repair,A
2469,ThermoMPNN,6eqe_Repair,0.26600193977355957,123,A,L,6eqe_Repair,A
2470,ThermoMPNN,6eqe_Repair,0.17665249109268188,123,A,M,6eqe_Repair,A
2471,ThermoMPNN,6eqe_Repair,-0.04996192455291748,123,A,N,6eqe_Repair,A
2472,ThermoMPNN,6eqe_Repair,1.709592342376709,123,A,P,6eqe_Repair,A
2473,ThermoMPNN,6eqe_Repair,-0.022831261157989502,123,A,Q,6eqe_Repair,A
2474,ThermoMPNN,6eqe_Repair,-0.06839323043823242,123,A,R,6eqe_Repair,A
2475,ThermoMPNN,6eqe_Repair,-0.3649100065231323,123,A,S,6eqe_Repair,A
2476,ThermoMPNN,6eqe_Repair,-0.47169482707977295,123,A,T,6eqe_Repair,A
2477,ThermoMPNN,6eqe_Repair,0.4833928048610687,123,A,V,6eqe_Repair,A
2478,ThermoMPNN,6eqe_Repair,0.677121102809906,123,A,W,6eqe_Repair,A
2479,ThermoMPNN,6eqe_Repair,0.5315176844596863,123,A,Y,6eqe_Repair,A
2480,ThermoMPNN,6eqe_Repair,2.739112138748169,124,R,A,6eqe_Repair,A
2481,ThermoMPNN,6eqe_Repair,2.525813341140747,124,R,C,6eqe_Repair,A
2482,ThermoMPNN,6eqe_Repair,3.5927083492279053,124,R,D,6eqe_Repair,A
2483,ThermoMPNN,6eqe_Repair,3.7280116081237793,124,R,E,6eqe_Repair,A
2484,ThermoMPNN,6eqe_Repair,2.5789661407470703,124,R,F,6eqe_Repair,A
2485,ThermoMPNN,6eqe_Repair,3.322979211807251,124,R,G,6eqe_Repair,A
2486,ThermoMPNN,6eqe_Repair,2.3726584911346436,124,R,H,6eqe_Repair,A
2487,ThermoMPNN,6eqe_Repair,2.7265892028808594,124,R,I,6eqe_Repair,A
2488,ThermoMPNN,6eqe_Repair,1.0753626823425293,124,R,K,6eqe_Repair,A
2489,ThermoMPNN,6eqe_Repair,2.452174425125122,124,R,L,6eqe_Repair,A
2490,ThermoMPNN,6eqe_Repair,2.401406764984131,124,R,M,6eqe_Repair,A
2491,ThermoMPNN,6eqe_Repair,2.2907705307006836,124,R,N,6eqe_Repair,A
2492,ThermoMPNN,6eqe_Repair,3.9758071899414062,124,R,P,6eqe_Repair,A
2493,ThermoMPNN,6eqe_Repair,2.7035534381866455,124,R,Q,6eqe_Repair,A
2494,ThermoMPNN,6eqe_Repair,0.0,124,R,R,6eqe_Repair,A
2495,ThermoMPNN,6eqe_Repair,2.473021984100342,124,R,S,6eqe_Repair,A
2496,ThermoMPNN,6eqe_Repair,2.572999954223633,124,R,T,6eqe_Repair,A
2497,ThermoMPNN,6eqe_Repair,2.8846280574798584,124,R,V,6eqe_Repair,A
2498,ThermoMPNN,6eqe_Repair,2.904325246810913,124,R,W,6eqe_Repair,A
2499,ThermoMPNN,6eqe_Repair,2.720465660095215,124,R,Y,6eqe_Repair,A
2500,ThermoMPNN,6eqe_Repair,0.662172794342041,125,M,A,6eqe_Repair,A
2501,ThermoMPNN,6eqe_Repair,0.3629612922668457,125,M,C,6eqe_Repair,A
2502,ThermoMPNN,6eqe_Repair,1.5485433340072632,125,M,D,6eqe_Repair,A
2503,ThermoMPNN,6eqe_Repair,1.0789843797683716,125,M,E,6eqe_Repair,A
2504,ThermoMPNN,6eqe_Repair,0.7800354361534119,125,M,F,6eqe_Repair,A
2505,ThermoMPNN,6eqe_Repair,1.3914194107055664,125,M,G,6eqe_Repair,A
2506,ThermoMPNN,6eqe_Repair,0.8938080072402954,125,M,H,6eqe_Repair,A
2507,ThermoMPNN,6eqe_Repair,0.3824847936630249,125,M,I,6eqe_Repair,A
2508,ThermoMPNN,6eqe_Repair,0.6162994503974915,125,M,K,6eqe_Repair,A
2509,ThermoMPNN,6eqe_Repair,0.2913428544998169,125,M,L,6eqe_Repair,A
2510,ThermoMPNN,6eqe_Repair,0.0,125,M,M,6eqe_Repair,A
2511,ThermoMPNN,6eqe_Repair,1.1276808977127075,125,M,N,6eqe_Repair,A
2512,ThermoMPNN,6eqe_Repair,1.9017276763916016,125,M,P,6eqe_Repair,A
2513,ThermoMPNN,6eqe_Repair,0.299041748046875,125,M,Q,6eqe_Repair,A
2514,ThermoMPNN,6eqe_Repair,0.6619521379470825,125,M,R,6eqe_Repair,A
2515,ThermoMPNN,6eqe_Repair,0.9840520024299622,125,M,S,6eqe_Repair,A
2516,ThermoMPNN,6eqe_Repair,0.7269823551177979,125,M,T,6eqe_Repair,A
2517,ThermoMPNN,6eqe_Repair,0.38773155212402344,125,M,V,6eqe_Repair,A
2518,ThermoMPNN,6eqe_Repair,0.6631966233253479,125,M,W,6eqe_Repair,A
2519,ThermoMPNN,6eqe_Repair,0.8538325428962708,125,M,Y,6eqe_Repair,A
2520,ThermoMPNN,6eqe_Repair,1.2814809083938599,126,G,A,6eqe_Repair,A
2521,ThermoMPNN,6eqe_Repair,1.11416757106781,126,G,C,6eqe_Repair,A
2522,ThermoMPNN,6eqe_Repair,2.65161395072937,126,G,D,6eqe_Repair,A
2523,ThermoMPNN,6eqe_Repair,2.612619161605835,126,G,E,6eqe_Repair,A
2524,ThermoMPNN,6eqe_Repair,1.1821415424346924,126,G,F,6eqe_Repair,A
2525,ThermoMPNN,6eqe_Repair,0.0,126,G,G,6eqe_Repair,A
2526,ThermoMPNN,6eqe_Repair,2.2285990715026855,126,G,H,6eqe_Repair,A
2527,ThermoMPNN,6eqe_Repair,1.6010475158691406,126,G,I,6eqe_Repair,A
2528,ThermoMPNN,6eqe_Repair,2.3350627422332764,126,G,K,6eqe_Repair,A
2529,ThermoMPNN,6eqe_Repair,1.6671206951141357,126,G,L,6eqe_Repair,A
2530,ThermoMPNN,6eqe_Repair,1.683622121810913,126,G,M,6eqe_Repair,A
2531,ThermoMPNN,6eqe_Repair,2.4261317253112793,126,G,N,6eqe_Repair,A
2532,ThermoMPNN,6eqe_Repair,2.4843032360076904,126,G,P,6eqe_Repair,A
2533,ThermoMPNN,6eqe_Repair,2.389930248260498,126,G,Q,6eqe_Repair,A
2534,ThermoMPNN,6eqe_Repair,2.270936965942383,126,G,R,6eqe_Repair,A
2535,ThermoMPNN,6eqe_Repair,1.9055311679840088,126,G,S,6eqe_Repair,A
2536,ThermoMPNN,6eqe_Repair,2.047286033630371,126,G,T,6eqe_Repair,A
2537,ThermoMPNN,6eqe_Repair,1.5179823637008667,126,G,V,6eqe_Repair,A
2538,ThermoMPNN,6eqe_Repair,1.5513396263122559,126,G,W,6eqe_Repair,A
2539,ThermoMPNN,6eqe_Repair,1.637766718864441,126,G,Y,6eqe_Repair,A
2540,ThermoMPNN,6eqe_Repair,1.146152138710022,127,V,A,6eqe_Repair,A
2541,ThermoMPNN,6eqe_Repair,0.5917953252792358,127,V,C,6eqe_Repair,A
2542,ThermoMPNN,6eqe_Repair,3.1432740688323975,127,V,D,6eqe_Repair,A
2543,ThermoMPNN,6eqe_Repair,2.780729293823242,127,V,E,6eqe_Repair,A
2544,ThermoMPNN,6eqe_Repair,1.3840014934539795,127,V,F,6eqe_Repair,A
2545,ThermoMPNN,6eqe_Repair,2.035365343093872,127,V,G,6eqe_Repair,A
2546,ThermoMPNN,6eqe_Repair,2.261484146118164,127,V,H,6eqe_Repair,A
2547,ThermoMPNN,6eqe_Repair,0.2487940788269043,127,V,I,6eqe_Repair,A
2548,ThermoMPNN,6eqe_Repair,2.324040174484253,127,V,K,6eqe_Repair,A
2549,ThermoMPNN,6eqe_Repair,0.6850149631500244,127,V,L,6eqe_Repair,A
2550,ThermoMPNN,6eqe_Repair,1.0156877040863037,127,V,M,6eqe_Repair,A
2551,ThermoMPNN,6eqe_Repair,2.4707205295562744,127,V,N,6eqe_Repair,A
2552,ThermoMPNN,6eqe_Repair,2.9309804439544678,127,V,P,6eqe_Repair,A
2553,ThermoMPNN,6eqe_Repair,2.3468103408813477,127,V,Q,6eqe_Repair,A
2554,ThermoMPNN,6eqe_Repair,2.1279890537261963,127,V,R,6eqe_Repair,A
2555,ThermoMPNN,6eqe_Repair,1.6838233470916748,127,V,S,6eqe_Repair,A
2556,ThermoMPNN,6eqe_Repair,0.82619309425354,127,V,T,6eqe_Repair,A
2557,ThermoMPNN,6eqe_Repair,0.0,127,V,V,6eqe_Repair,A
2558,ThermoMPNN,6eqe_Repair,1.8180749416351318,127,V,W,6eqe_Repair,A
2559,ThermoMPNN,6eqe_Repair,1.6224334239959717,127,V,Y,6eqe_Repair,A
2560,ThermoMPNN,6eqe_Repair,1.6816322803497314,128,M,A,6eqe_Repair,A
2561,ThermoMPNN,6eqe_Repair,0.945867657661438,128,M,C,6eqe_Repair,A
2562,ThermoMPNN,6eqe_Repair,2.828742027282715,128,M,D,6eqe_Repair,A
2563,ThermoMPNN,6eqe_Repair,2.476456880569458,128,M,E,6eqe_Repair,A
2564,ThermoMPNN,6eqe_Repair,0.7537015676498413,128,M,F,6eqe_Repair,A
2565,ThermoMPNN,6eqe_Repair,2.3108091354370117,128,M,G,6eqe_Repair,A
2566,ThermoMPNN,6eqe_Repair,2.0011210441589355,128,M,H,6eqe_Repair,A
2567,ThermoMPNN,6eqe_Repair,0.534134030342102,128,M,I,6eqe_Repair,A
2568,ThermoMPNN,6eqe_Repair,2.10244083404541,128,M,K,6eqe_Repair,A
2569,ThermoMPNN,6eqe_Repair,0.39432990550994873,128,M,L,6eqe_Repair,A
2570,ThermoMPNN,6eqe_Repair,0.0,128,M,M,6eqe_Repair,A
2571,ThermoMPNN,6eqe_Repair,2.439098596572876,128,M,N,6eqe_Repair,A
2572,ThermoMPNN,6eqe_Repair,2.962536573410034,128,M,P,6eqe_Repair,A
2573,ThermoMPNN,6eqe_Repair,1.7192306518554688,128,M,Q,6eqe_Repair,A
2574,ThermoMPNN,6eqe_Repair,1.8935160636901855,128,M,R,6eqe_Repair,A
2575,ThermoMPNN,6eqe_Repair,1.760162353515625,128,M,S,6eqe_Repair,A
2576,ThermoMPNN,6eqe_Repair,1.7797471284866333,128,M,T,6eqe_Repair,A
2577,ThermoMPNN,6eqe_Repair,1.1631619930267334,128,M,V,6eqe_Repair,A
2578,ThermoMPNN,6eqe_Repair,1.3070383071899414,128,M,W,6eqe_Repair,A
2579,ThermoMPNN,6eqe_Repair,1.4020955562591553,128,M,Y,6eqe_Repair,A
2580,ThermoMPNN,6eqe_Repair,2.427060127258301,129,G,A,6eqe_Repair,A
2581,ThermoMPNN,6eqe_Repair,1.889702320098877,129,G,C,6eqe_Repair,A
2582,ThermoMPNN,6eqe_Repair,3.2329623699188232,129,G,D,6eqe_Repair,A
2583,ThermoMPNN,6eqe_Repair,3.266885995864868,129,G,E,6eqe_Repair,A
2584,ThermoMPNN,6eqe_Repair,1.8138995170593262,129,G,F,6eqe_Repair,A
2585,ThermoMPNN,6eqe_Repair,0.0,129,G,G,6eqe_Repair,A
2586,ThermoMPNN,6eqe_Repair,2.845428943634033,129,G,H,6eqe_Repair,A
2587,ThermoMPNN,6eqe_Repair,2.3525404930114746,129,G,I,6eqe_Repair,A
2588,ThermoMPNN,6eqe_Repair,3.1459553241729736,129,G,K,6eqe_Repair,A
2589,ThermoMPNN,6eqe_Repair,2.2205817699432373,129,G,L,6eqe_Repair,A
2590,ThermoMPNN,6eqe_Repair,2.2456376552581787,129,G,M,6eqe_Repair,A
2591,ThermoMPNN,6eqe_Repair,3.0682873725891113,129,G,N,6eqe_Repair,A
2592,ThermoMPNN,6eqe_Repair,2.687426805496216,129,G,P,6eqe_Repair,A
2593,ThermoMPNN,6eqe_Repair,2.9776573181152344,129,G,Q,6eqe_Repair,A
2594,ThermoMPNN,6eqe_Repair,3.074556827545166,129,G,R,6eqe_Repair,A
2595,ThermoMPNN,6eqe_Repair,2.723621368408203,129,G,S,6eqe_Repair,A
2596,ThermoMPNN,6eqe_Repair,2.8949103355407715,129,G,T,6eqe_Repair,A
2597,ThermoMPNN,6eqe_Repair,2.2078449726104736,129,G,V,6eqe_Repair,A
2598,ThermoMPNN,6eqe_Repair,2.0212130546569824,129,G,W,6eqe_Repair,A
2599,ThermoMPNN,6eqe_Repair,2.096452236175537,129,G,Y,6eqe_Repair,A
2600,ThermoMPNN,6eqe_Repair,2.1440975666046143,130,W,A,6eqe_Repair,A
2601,ThermoMPNN,6eqe_Repair,0.7472865581512451,130,W,C,6eqe_Repair,A
2602,ThermoMPNN,6eqe_Repair,3.059922456741333,130,W,D,6eqe_Repair,A
2603,ThermoMPNN,6eqe_Repair,2.691340923309326,130,W,E,6eqe_Repair,A
2604,ThermoMPNN,6eqe_Repair,0.4315831661224365,130,W,F,6eqe_Repair,A
2605,ThermoMPNN,6eqe_Repair,2.8440499305725098,130,W,G,6eqe_Repair,A
2606,ThermoMPNN,6eqe_Repair,1.2501983642578125,130,W,H,6eqe_Repair,A
2607,ThermoMPNN,6eqe_Repair,0.6691714525222778,130,W,I,6eqe_Repair,A
2608,ThermoMPNN,6eqe_Repair,2.1386799812316895,130,W,K,6eqe_Repair,A
2609,ThermoMPNN,6eqe_Repair,0.5905060768127441,130,W,L,6eqe_Repair,A
2610,ThermoMPNN,6eqe_Repair,0.8347861766815186,130,W,M,6eqe_Repair,A
2611,ThermoMPNN,6eqe_Repair,2.3431267738342285,130,W,N,6eqe_Repair,A
2612,ThermoMPNN,6eqe_Repair,3.0422255992889404,130,W,P,6eqe_Repair,A
2613,ThermoMPNN,6eqe_Repair,1.973503589630127,130,W,Q,6eqe_Repair,A
2614,ThermoMPNN,6eqe_Repair,2.0794224739074707,130,W,R,6eqe_Repair,A
2615,ThermoMPNN,6eqe_Repair,2.210305690765381,130,W,S,6eqe_Repair,A
2616,ThermoMPNN,6eqe_Repair,2.22375226020813,130,W,T,6eqe_Repair,A
2617,ThermoMPNN,6eqe_Repair,1.2769784927368164,130,W,V,6eqe_Repair,A
2618,ThermoMPNN,6eqe_Repair,0.0,130,W,W,6eqe_Repair,A
2619,ThermoMPNN,6eqe_Repair,0.2725694179534912,130,W,Y,6eqe_Repair,A
2620,ThermoMPNN,6eqe_Repair,0.45168137550354004,131,S,A,6eqe_Repair,A
2621,ThermoMPNN,6eqe_Repair,1.3041841983795166,131,S,C,6eqe_Repair,A
2622,ThermoMPNN,6eqe_Repair,3.290360450744629,131,S,D,6eqe_Repair,A
2623,ThermoMPNN,6eqe_Repair,2.914766788482666,131,S,E,6eqe_Repair,A
2624,ThermoMPNN,6eqe_Repair,3.7196803092956543,131,S,F,6eqe_Repair,A
2625,ThermoMPNN,6eqe_Repair,2.2256617546081543,131,S,G,6eqe_Repair,A
2626,ThermoMPNN,6eqe_Repair,2.80945086479187,131,S,H,6eqe_Repair,A
2627,ThermoMPNN,6eqe_Repair,2.6441800594329834,131,S,I,6eqe_Repair,A
2628,ThermoMPNN,6eqe_Repair,1.6048510074615479,131,S,K,6eqe_Repair,A
2629,ThermoMPNN,6eqe_Repair,2.6773147583007812,131,S,L,6eqe_Repair,A
2630,ThermoMPNN,6eqe_Repair,1.8949494361877441,131,S,M,6eqe_Repair,A
2631,ThermoMPNN,6eqe_Repair,2.437535285949707,131,S,N,6eqe_Repair,A
2632,ThermoMPNN,6eqe_Repair,1.8196346759796143,131,S,P,6eqe_Repair,A
2633,ThermoMPNN,6eqe_Repair,1.9417445659637451,131,S,Q,6eqe_Repair,A
2634,ThermoMPNN,6eqe_Repair,1.2567126750946045,131,S,R,6eqe_Repair,A
2635,ThermoMPNN,6eqe_Repair,0.0,131,S,S,6eqe_Repair,A
2636,ThermoMPNN,6eqe_Repair,1.0032875537872314,131,S,T,6eqe_Repair,A
2637,ThermoMPNN,6eqe_Repair,2.1303439140319824,131,S,V,6eqe_Repair,A
2638,ThermoMPNN,6eqe_Repair,3.3400959968566895,131,S,W,6eqe_Repair,A
2639,ThermoMPNN,6eqe_Repair,3.654383897781372,131,S,Y,6eqe_Repair,A
2640,ThermoMPNN,6eqe_Repair,0.23448055982589722,132,M,A,6eqe_Repair,A
2641,ThermoMPNN,6eqe_Repair,-0.039210617542266846,132,M,C,6eqe_Repair,A
2642,ThermoMPNN,6eqe_Repair,-0.05317336320877075,132,M,D,6eqe_Repair,A
2643,ThermoMPNN,6eqe_Repair,-0.0866384506225586,132,M,E,6eqe_Repair,A
2644,ThermoMPNN,6eqe_Repair,0.13170909881591797,132,M,F,6eqe_Repair,A
2645,ThermoMPNN,6eqe_Repair,0.7519302368164062,132,M,G,6eqe_Repair,A
2646,ThermoMPNN,6eqe_Repair,0.3274650573730469,132,M,H,6eqe_Repair,A
2647,ThermoMPNN,6eqe_Repair,0.04431122541427612,132,M,I,6eqe_Repair,A
2648,ThermoMPNN,6eqe_Repair,0.9768040776252747,132,M,K,6eqe_Repair,A
2649,ThermoMPNN,6eqe_Repair,0.005424022674560547,132,M,L,6eqe_Repair,A
2650,ThermoMPNN,6eqe_Repair,0.0,132,M,M,6eqe_Repair,A
2651,ThermoMPNN,6eqe_Repair,0.36579108238220215,132,M,N,6eqe_Repair,A
2652,ThermoMPNN,6eqe_Repair,0.6201569437980652,132,M,P,6eqe_Repair,A
2653,ThermoMPNN,6eqe_Repair,0.2985517382621765,132,M,Q,6eqe_Repair,A
2654,ThermoMPNN,6eqe_Repair,0.9226554036140442,132,M,R,6eqe_Repair,A
2655,ThermoMPNN,6eqe_Repair,0.04722076654434204,132,M,S,6eqe_Repair,A
2656,ThermoMPNN,6eqe_Repair,-0.17911392450332642,132,M,T,6eqe_Repair,A
2657,ThermoMPNN,6eqe_Repair,0.16303807497024536,132,M,V,6eqe_Repair,A
2658,ThermoMPNN,6eqe_Repair,-0.14852553606033325,132,M,W,6eqe_Repair,A
2659,ThermoMPNN,6eqe_Repair,0.1667223572731018,132,M,Y,6eqe_Repair,A
2660,ThermoMPNN,6eqe_Repair,2.0785701274871826,133,G,A,6eqe_Repair,A
2661,ThermoMPNN,6eqe_Repair,1.736916184425354,133,G,C,6eqe_Repair,A
2662,ThermoMPNN,6eqe_Repair,2.716487169265747,133,G,D,6eqe_Repair,A
2663,ThermoMPNN,6eqe_Repair,2.7350175380706787,133,G,E,6eqe_Repair,A
2664,ThermoMPNN,6eqe_Repair,1.8598816394805908,133,G,F,6eqe_Repair,A
2665,ThermoMPNN,6eqe_Repair,0.0,133,G,G,6eqe_Repair,A
2666,ThermoMPNN,6eqe_Repair,2.500704765319824,133,G,H,6eqe_Repair,A
2667,ThermoMPNN,6eqe_Repair,2.3482303619384766,133,G,I,6eqe_Repair,A
2668,ThermoMPNN,6eqe_Repair,2.697840452194214,133,G,K,6eqe_Repair,A
2669,ThermoMPNN,6eqe_Repair,2.1037423610687256,133,G,L,6eqe_Repair,A
2670,ThermoMPNN,6eqe_Repair,2.0606155395507812,133,G,M,6eqe_Repair,A
2671,ThermoMPNN,6eqe_Repair,2.584528684616089,133,G,N,6eqe_Repair,A
2672,ThermoMPNN,6eqe_Repair,2.4502649307250977,133,G,P,6eqe_Repair,A
2673,ThermoMPNN,6eqe_Repair,2.582670211791992,133,G,Q,6eqe_Repair,A
2674,ThermoMPNN,6eqe_Repair,2.6003994941711426,133,G,R,6eqe_Repair,A
2675,ThermoMPNN,6eqe_Repair,2.3417022228240967,133,G,S,6eqe_Repair,A
2676,ThermoMPNN,6eqe_Repair,2.4210622310638428,133,G,T,6eqe_Repair,A
2677,ThermoMPNN,6eqe_Repair,2.199873208999634,133,G,V,6eqe_Repair,A
2678,ThermoMPNN,6eqe_Repair,2.0161280632019043,133,G,W,6eqe_Repair,A
2679,ThermoMPNN,6eqe_Repair,2.075605630874634,133,G,Y,6eqe_Repair,A
2680,ThermoMPNN,6eqe_Repair,1.2294278144836426,134,G,A,6eqe_Repair,A
2681,ThermoMPNN,6eqe_Repair,1.2598011493682861,134,G,C,6eqe_Repair,A
2682,ThermoMPNN,6eqe_Repair,2.155773401260376,134,G,D,6eqe_Repair,A
2683,ThermoMPNN,6eqe_Repair,2.0800275802612305,134,G,E,6eqe_Repair,A
2684,ThermoMPNN,6eqe_Repair,1.094624400138855,134,G,F,6eqe_Repair,A
2685,ThermoMPNN,6eqe_Repair,0.0,134,G,G,6eqe_Repair,A
2686,ThermoMPNN,6eqe_Repair,1.8311303853988647,134,G,H,6eqe_Repair,A
2687,ThermoMPNN,6eqe_Repair,1.4889618158340454,134,G,I,6eqe_Repair,A
2688,ThermoMPNN,6eqe_Repair,1.9540202617645264,134,G,K,6eqe_Repair,A
2689,ThermoMPNN,6eqe_Repair,1.6627302169799805,134,G,L,6eqe_Repair,A
2690,ThermoMPNN,6eqe_Repair,1.5954859256744385,134,G,M,6eqe_Repair,A
2691,ThermoMPNN,6eqe_Repair,2.026520252227783,134,G,N,6eqe_Repair,A
2692,ThermoMPNN,6eqe_Repair,1.6213819980621338,134,G,P,6eqe_Repair,A
2693,ThermoMPNN,6eqe_Repair,1.9859697818756104,134,G,Q,6eqe_Repair,A
2694,ThermoMPNN,6eqe_Repair,1.7394771575927734,134,G,R,6eqe_Repair,A
2695,ThermoMPNN,6eqe_Repair,1.5665704011917114,134,G,S,6eqe_Repair,A
2696,ThermoMPNN,6eqe_Repair,1.5981769561767578,134,G,T,6eqe_Repair,A
2697,ThermoMPNN,6eqe_Repair,1.3359301090240479,134,G,V,6eqe_Repair,A
2698,ThermoMPNN,6eqe_Repair,1.1502339839935303,134,G,W,6eqe_Repair,A
2699,ThermoMPNN,6eqe_Repair,1.174168586730957,134,G,Y,6eqe_Repair,A
2700,ThermoMPNN,6eqe_Repair,1.3410882949829102,135,G,A,6eqe_Repair,A
2701,ThermoMPNN,6eqe_Repair,1.1118861436843872,135,G,C,6eqe_Repair,A
2702,ThermoMPNN,6eqe_Repair,2.168398141860962,135,G,D,6eqe_Repair,A
2703,ThermoMPNN,6eqe_Repair,2.114656686782837,135,G,E,6eqe_Repair,A
2704,ThermoMPNN,6eqe_Repair,0.9783326983451843,135,G,F,6eqe_Repair,A
2705,ThermoMPNN,6eqe_Repair,0.0,135,G,G,6eqe_Repair,A
2706,ThermoMPNN,6eqe_Repair,1.9077978134155273,135,G,H,6eqe_Repair,A
2707,ThermoMPNN,6eqe_Repair,1.5760918855667114,135,G,I,6eqe_Repair,A
2708,ThermoMPNN,6eqe_Repair,1.9592267274856567,135,G,K,6eqe_Repair,A
2709,ThermoMPNN,6eqe_Repair,1.4911344051361084,135,G,L,6eqe_Repair,A
2710,ThermoMPNN,6eqe_Repair,1.4588570594787598,135,G,M,6eqe_Repair,A
2711,ThermoMPNN,6eqe_Repair,1.9712176322937012,135,G,N,6eqe_Repair,A
2712,ThermoMPNN,6eqe_Repair,2.06986927986145,135,G,P,6eqe_Repair,A
2713,ThermoMPNN,6eqe_Repair,1.924057960510254,135,G,Q,6eqe_Repair,A
2714,ThermoMPNN,6eqe_Repair,1.8861788511276245,135,G,R,6eqe_Repair,A
2715,ThermoMPNN,6eqe_Repair,1.6253488063812256,135,G,S,6eqe_Repair,A
2716,ThermoMPNN,6eqe_Repair,1.5572278499603271,135,G,T,6eqe_Repair,A
2717,ThermoMPNN,6eqe_Repair,1.3622307777404785,135,G,V,6eqe_Repair,A
2718,ThermoMPNN,6eqe_Repair,1.304107427597046,135,G,W,6eqe_Repair,A
2719,ThermoMPNN,6eqe_Repair,1.22455632686615,135,G,Y,6eqe_Repair,A
2720,ThermoMPNN,6eqe_Repair,0.7126188278198242,136,G,A,6eqe_Repair,A
2721,ThermoMPNN,6eqe_Repair,1.1272116899490356,136,G,C,6eqe_Repair,A
2722,ThermoMPNN,6eqe_Repair,1.9400737285614014,136,G,D,6eqe_Repair,A
2723,ThermoMPNN,6eqe_Repair,2.100123405456543,136,G,E,6eqe_Repair,A
2724,ThermoMPNN,6eqe_Repair,1.4348896741867065,136,G,F,6eqe_Repair,A
2725,ThermoMPNN,6eqe_Repair,0.0,136,G,G,6eqe_Repair,A
2726,ThermoMPNN,6eqe_Repair,1.778454065322876,136,G,H,6eqe_Repair,A
2727,ThermoMPNN,6eqe_Repair,1.767798662185669,136,G,I,6eqe_Repair,A
2728,ThermoMPNN,6eqe_Repair,1.7928094863891602,136,G,K,6eqe_Repair,A
2729,ThermoMPNN,6eqe_Repair,1.8437504768371582,136,G,L,6eqe_Repair,A
2730,ThermoMPNN,6eqe_Repair,1.6112616062164307,136,G,M,6eqe_Repair,A
2731,ThermoMPNN,6eqe_Repair,1.9205806255340576,136,G,N,6eqe_Repair,A
2732,ThermoMPNN,6eqe_Repair,1.9323023557662964,136,G,P,6eqe_Repair,A
2733,ThermoMPNN,6eqe_Repair,1.8082573413848877,136,G,Q,6eqe_Repair,A
2734,ThermoMPNN,6eqe_Repair,1.6478700637817383,136,G,R,6eqe_Repair,A
2735,ThermoMPNN,6eqe_Repair,1.2114393711090088,136,G,S,6eqe_Repair,A
2736,ThermoMPNN,6eqe_Repair,1.4383716583251953,136,G,T,6eqe_Repair,A
2737,ThermoMPNN,6eqe_Repair,1.6145070791244507,136,G,V,6eqe_Repair,A
2738,ThermoMPNN,6eqe_Repair,1.3673908710479736,136,G,W,6eqe_Repair,A
2739,ThermoMPNN,6eqe_Repair,1.4573957920074463,136,G,Y,6eqe_Repair,A
2740,ThermoMPNN,6eqe_Repair,-0.21104347705841064,137,S,A,6eqe_Repair,A
2741,ThermoMPNN,6eqe_Repair,0.08967030048370361,137,S,C,6eqe_Repair,A
2742,ThermoMPNN,6eqe_Repair,1.2378599643707275,137,S,D,6eqe_Repair,A
2743,ThermoMPNN,6eqe_Repair,0.9747818112373352,137,S,E,6eqe_Repair,A
2744,ThermoMPNN,6eqe_Repair,0.4796416163444519,137,S,F,6eqe_Repair,A
2745,ThermoMPNN,6eqe_Repair,0.6490200161933899,137,S,G,6eqe_Repair,A
2746,ThermoMPNN,6eqe_Repair,1.034233808517456,137,S,H,6eqe_Repair,A
2747,ThermoMPNN,6eqe_Repair,0.3469259738922119,137,S,I,6eqe_Repair,A
2748,ThermoMPNN,6eqe_Repair,1.1085615158081055,137,S,K,6eqe_Repair,A
2749,ThermoMPNN,6eqe_Repair,0.6749991178512573,137,S,L,6eqe_Repair,A
2750,ThermoMPNN,6eqe_Repair,0.4492027163505554,137,S,M,6eqe_Repair,A
2751,ThermoMPNN,6eqe_Repair,1.2681589126586914,137,S,N,6eqe_Repair,A
2752,ThermoMPNN,6eqe_Repair,1.417954921722412,137,S,P,6eqe_Repair,A
2753,ThermoMPNN,6eqe_Repair,0.8886657357215881,137,S,Q,6eqe_Repair,A
2754,ThermoMPNN,6eqe_Repair,1.1099793910980225,137,S,R,6eqe_Repair,A
2755,ThermoMPNN,6eqe_Repair,0.0,137,S,S,6eqe_Repair,A
2756,ThermoMPNN,6eqe_Repair,0.387465238571167,137,S,T,6eqe_Repair,A
2757,ThermoMPNN,6eqe_Repair,0.3619720935821533,137,S,V,6eqe_Repair,A
2758,ThermoMPNN,6eqe_Repair,0.4835361838340759,137,S,W,6eqe_Repair,A
2759,ThermoMPNN,6eqe_Repair,0.6657634377479553,137,S,Y,6eqe_Repair,A
2760,ThermoMPNN,6eqe_Repair,2.232424259185791,138,L,A,6eqe_Repair,A
2761,ThermoMPNN,6eqe_Repair,1.2980990409851074,138,L,C,6eqe_Repair,A
2762,ThermoMPNN,6eqe_Repair,2.5403966903686523,138,L,D,6eqe_Repair,A
2763,ThermoMPNN,6eqe_Repair,2.333507537841797,138,L,E,6eqe_Repair,A
2764,ThermoMPNN,6eqe_Repair,1.0804674625396729,138,L,F,6eqe_Repair,A
2765,ThermoMPNN,6eqe_Repair,2.0377044677734375,138,L,G,6eqe_Repair,A
2766,ThermoMPNN,6eqe_Repair,2.250746965408325,138,L,H,6eqe_Repair,A
2767,ThermoMPNN,6eqe_Repair,1.301587700843811,138,L,I,6eqe_Repair,A
2768,ThermoMPNN,6eqe_Repair,2.2202229499816895,138,L,K,6eqe_Repair,A
2769,ThermoMPNN,6eqe_Repair,0.0,138,L,L,6eqe_Repair,A
2770,ThermoMPNN,6eqe_Repair,0.8857150077819824,138,L,M,6eqe_Repair,A
2771,ThermoMPNN,6eqe_Repair,2.2326741218566895,138,L,N,6eqe_Repair,A
2772,ThermoMPNN,6eqe_Repair,2.612325429916382,138,L,P,6eqe_Repair,A
2773,ThermoMPNN,6eqe_Repair,2.2509775161743164,138,L,Q,6eqe_Repair,A
2774,ThermoMPNN,6eqe_Repair,2.2540283203125,138,L,R,6eqe_Repair,A
2775,ThermoMPNN,6eqe_Repair,2.41251802444458,138,L,S,6eqe_Repair,A
2776,ThermoMPNN,6eqe_Repair,2.1269547939300537,138,L,T,6eqe_Repair,A
2777,ThermoMPNN,6eqe_Repair,1.856554627418518,138,L,V,6eqe_Repair,A
2778,ThermoMPNN,6eqe_Repair,1.835366129875183,138,L,W,6eqe_Repair,A
2779,ThermoMPNN,6eqe_Repair,1.7184579372406006,138,L,Y,6eqe_Repair,A
2780,ThermoMPNN,6eqe_Repair,1.290571928024292,139,I,A,6eqe_Repair,A
2781,ThermoMPNN,6eqe_Repair,0.985582172870636,139,I,C,6eqe_Repair,A
2782,ThermoMPNN,6eqe_Repair,2.2824971675872803,139,I,D,6eqe_Repair,A
2783,ThermoMPNN,6eqe_Repair,1.6457128524780273,139,I,E,6eqe_Repair,A
2784,ThermoMPNN,6eqe_Repair,0.8822389245033264,139,I,F,6eqe_Repair,A
2785,ThermoMPNN,6eqe_Repair,2.2142746448516846,139,I,G,6eqe_Repair,A
2786,ThermoMPNN,6eqe_Repair,1.0530034303665161,139,I,H,6eqe_Repair,A
2787,ThermoMPNN,6eqe_Repair,0.0,139,I,I,6eqe_Repair,A
2788,ThermoMPNN,6eqe_Repair,0.4086470603942871,139,I,K,6eqe_Repair,A
2789,ThermoMPNN,6eqe_Repair,-0.20500755310058594,139,I,L,6eqe_Repair,A
2790,ThermoMPNN,6eqe_Repair,0.2800936698913574,139,I,M,6eqe_Repair,A
2791,ThermoMPNN,6eqe_Repair,1.6619493961334229,139,I,N,6eqe_Repair,A
2792,ThermoMPNN,6eqe_Repair,2.5962586402893066,139,I,P,6eqe_Repair,A
2793,ThermoMPNN,6eqe_Repair,0.8999881148338318,139,I,Q,6eqe_Repair,A
2794,ThermoMPNN,6eqe_Repair,0.2384042739868164,139,I,R,6eqe_Repair,A
2795,ThermoMPNN,6eqe_Repair,1.7622971534729004,139,I,S,6eqe_Repair,A
2796,ThermoMPNN,6eqe_Repair,1.3050237894058228,139,I,T,6eqe_Repair,A
2797,ThermoMPNN,6eqe_Repair,0.9587830305099487,139,I,V,6eqe_Repair,A
2798,ThermoMPNN,6eqe_Repair,0.6822062730789185,139,I,W,6eqe_Repair,A
2799,ThermoMPNN,6eqe_Repair,0.6778417825698853,139,I,Y,6eqe_Repair,A
2800,ThermoMPNN,6eqe_Repair,0.5069994330406189,140,S,A,6eqe_Repair,A
2801,ThermoMPNN,6eqe_Repair,-0.07690346240997314,140,S,C,6eqe_Repair,A
2802,ThermoMPNN,6eqe_Repair,1.935612678527832,140,S,D,6eqe_Repair,A
2803,ThermoMPNN,6eqe_Repair,1.586568832397461,140,S,E,6eqe_Repair,A
2804,ThermoMPNN,6eqe_Repair,0.09466063976287842,140,S,F,6eqe_Repair,A
2805,ThermoMPNN,6eqe_Repair,1.7334892749786377,140,S,G,6eqe_Repair,A
2806,ThermoMPNN,6eqe_Repair,0.8440030813217163,140,S,H,6eqe_Repair,A
2807,ThermoMPNN,6eqe_Repair,-0.29683244228363037,140,S,I,6eqe_Repair,A
2808,ThermoMPNN,6eqe_Repair,1.7089743614196777,140,S,K,6eqe_Repair,A
2809,ThermoMPNN,6eqe_Repair,-0.08961832523345947,140,S,L,6eqe_Repair,A
2810,ThermoMPNN,6eqe_Repair,-0.056149959564208984,140,S,M,6eqe_Repair,A
2811,ThermoMPNN,6eqe_Repair,1.3158633708953857,140,S,N,6eqe_Repair,A
2812,ThermoMPNN,6eqe_Repair,2.750136375427246,140,S,P,6eqe_Repair,A
2813,ThermoMPNN,6eqe_Repair,1.213839054107666,140,S,Q,6eqe_Repair,A
2814,ThermoMPNN,6eqe_Repair,1.2992770671844482,140,S,R,6eqe_Repair,A
2815,ThermoMPNN,6eqe_Repair,0.0,140,S,S,6eqe_Repair,A
2816,ThermoMPNN,6eqe_Repair,-0.5226466655731201,140,S,T,6eqe_Repair,A
2817,ThermoMPNN,6eqe_Repair,-0.06885027885437012,140,S,V,6eqe_Repair,A
2818,ThermoMPNN,6eqe_Repair,0.14835095405578613,140,S,W,6eqe_Repair,A
2819,ThermoMPNN,6eqe_Repair,0.09070765972137451,140,S,Y,6eqe_Repair,A
2820,ThermoMPNN,6eqe_Repair,0.0,141,A,A,6eqe_Repair,A
2821,ThermoMPNN,6eqe_Repair,-0.00879359245300293,141,A,C,6eqe_Repair,A
2822,ThermoMPNN,6eqe_Repair,2.9019737243652344,141,A,D,6eqe_Repair,A
2823,ThermoMPNN,6eqe_Repair,2.489226818084717,141,A,E,6eqe_Repair,A
2824,ThermoMPNN,6eqe_Repair,1.1631958484649658,141,A,F,6eqe_Repair,A
2825,ThermoMPNN,6eqe_Repair,1.6581758260726929,141,A,G,6eqe_Repair,A
2826,ThermoMPNN,6eqe_Repair,2.051509141921997,141,A,H,6eqe_Repair,A
2827,ThermoMPNN,6eqe_Repair,0.7187594175338745,141,A,I,6eqe_Repair,A
2828,ThermoMPNN,6eqe_Repair,2.293623924255371,141,A,K,6eqe_Repair,A
2829,ThermoMPNN,6eqe_Repair,0.36008548736572266,141,A,L,6eqe_Repair,A
2830,ThermoMPNN,6eqe_Repair,0.4766719341278076,141,A,M,6eqe_Repair,A
2831,ThermoMPNN,6eqe_Repair,2.1886191368103027,141,A,N,6eqe_Repair,A
2832,ThermoMPNN,6eqe_Repair,3.1219260692596436,141,A,P,6eqe_Repair,A
2833,ThermoMPNN,6eqe_Repair,2.066102981567383,141,A,Q,6eqe_Repair,A
2834,ThermoMPNN,6eqe_Repair,2.4559216499328613,141,A,R,6eqe_Repair,A
2835,ThermoMPNN,6eqe_Repair,1.1042814254760742,141,A,S,6eqe_Repair,A
2836,ThermoMPNN,6eqe_Repair,1.1739287376403809,141,A,T,6eqe_Repair,A
2837,ThermoMPNN,6eqe_Repair,0.5828900337219238,141,A,V,6eqe_Repair,A
2838,ThermoMPNN,6eqe_Repair,1.6886669397354126,141,A,W,6eqe_Repair,A
2839,ThermoMPNN,6eqe_Repair,1.5603728294372559,141,A,Y,6eqe_Repair,A
2840,ThermoMPNN,6eqe_Repair,0.0,142,A,A,6eqe_Repair,A
2841,ThermoMPNN,6eqe_Repair,0.32894420623779297,142,A,C,6eqe_Repair,A
2842,ThermoMPNN,6eqe_Repair,1.925612449645996,142,A,D,6eqe_Repair,A
2843,ThermoMPNN,6eqe_Repair,0.7597731947898865,142,A,E,6eqe_Repair,A
2844,ThermoMPNN,6eqe_Repair,0.8467026352882385,142,A,F,6eqe_Repair,A
2845,ThermoMPNN,6eqe_Repair,1.3973169326782227,142,A,G,6eqe_Repair,A
2846,ThermoMPNN,6eqe_Repair,0.781685471534729,142,A,H,6eqe_Repair,A
2847,ThermoMPNN,6eqe_Repair,0.19678258895874023,142,A,I,6eqe_Repair,A
2848,ThermoMPNN,6eqe_Repair,-0.2674572467803955,142,A,K,6eqe_Repair,A
2849,ThermoMPNN,6eqe_Repair,0.40946757793426514,142,A,L,6eqe_Repair,A
2850,ThermoMPNN,6eqe_Repair,0.022780537605285645,142,A,M,6eqe_Repair,A
2851,ThermoMPNN,6eqe_Repair,1.2648082971572876,142,A,N,6eqe_Repair,A
2852,ThermoMPNN,6eqe_Repair,3.004883050918579,142,A,P,6eqe_Repair,A
2853,ThermoMPNN,6eqe_Repair,-0.04530668258666992,142,A,Q,6eqe_Repair,A
2854,ThermoMPNN,6eqe_Repair,-0.3014559745788574,142,A,R,6eqe_Repair,A
2855,ThermoMPNN,6eqe_Repair,0.5180389881134033,142,A,S,6eqe_Repair,A
2856,ThermoMPNN,6eqe_Repair,0.7024008631706238,142,A,T,6eqe_Repair,A
2857,ThermoMPNN,6eqe_Repair,0.3000587224960327,142,A,V,6eqe_Repair,A
2858,ThermoMPNN,6eqe_Repair,0.7193474173545837,142,A,W,6eqe_Repair,A
2859,ThermoMPNN,6eqe_Repair,0.8591522574424744,142,A,Y,6eqe_Repair,A
2860,ThermoMPNN,6eqe_Repair,0.08868491649627686,143,N,A,6eqe_Repair,A
2861,ThermoMPNN,6eqe_Repair,0.06995642185211182,143,N,C,6eqe_Repair,A
2862,ThermoMPNN,6eqe_Repair,0.7252088785171509,143,N,D,6eqe_Repair,A
2863,ThermoMPNN,6eqe_Repair,0.6060675978660583,143,N,E,6eqe_Repair,A
2864,ThermoMPNN,6eqe_Repair,0.5178608894348145,143,N,F,6eqe_Repair,A
2865,ThermoMPNN,6eqe_Repair,0.9369522929191589,143,N,G,6eqe_Repair,A
2866,ThermoMPNN,6eqe_Repair,0.2791075110435486,143,N,H,6eqe_Repair,A
2867,ThermoMPNN,6eqe_Repair,0.3252904415130615,143,N,I,6eqe_Repair,A
2868,ThermoMPNN,6eqe_Repair,-0.01420891284942627,143,N,K,6eqe_Repair,A
2869,ThermoMPNN,6eqe_Repair,0.22912108898162842,143,N,L,6eqe_Repair,A
2870,ThermoMPNN,6eqe_Repair,0.18807315826416016,143,N,M,6eqe_Repair,A
2871,ThermoMPNN,6eqe_Repair,0.0,143,N,N,6eqe_Repair,A
2872,ThermoMPNN,6eqe_Repair,3.224294662475586,143,N,P,6eqe_Repair,A
2873,ThermoMPNN,6eqe_Repair,0.27014708518981934,143,N,Q,6eqe_Repair,A
2874,ThermoMPNN,6eqe_Repair,-0.21851599216461182,143,N,R,6eqe_Repair,A
2875,ThermoMPNN,6eqe_Repair,0.19494158029556274,143,N,S,6eqe_Repair,A
2876,ThermoMPNN,6eqe_Repair,0.3265795111656189,143,N,T,6eqe_Repair,A
2877,ThermoMPNN,6eqe_Repair,0.2951418161392212,143,N,V,6eqe_Repair,A
2878,ThermoMPNN,6eqe_Repair,0.6027231216430664,143,N,W,6eqe_Repair,A
2879,ThermoMPNN,6eqe_Repair,0.4183170795440674,143,N,Y,6eqe_Repair,A
2880,ThermoMPNN,6eqe_Repair,1.4004511833190918,144,N,A,6eqe_Repair,A
2881,ThermoMPNN,6eqe_Repair,0.2928241491317749,144,N,C,6eqe_Repair,A
2882,ThermoMPNN,6eqe_Repair,0.7084672451019287,144,N,D,6eqe_Repair,A
2883,ThermoMPNN,6eqe_Repair,1.408225417137146,144,N,E,6eqe_Repair,A
2884,ThermoMPNN,6eqe_Repair,0.615082859992981,144,N,F,6eqe_Repair,A
2885,ThermoMPNN,6eqe_Repair,1.9536211490631104,144,N,G,6eqe_Repair,A
2886,ThermoMPNN,6eqe_Repair,0.49799442291259766,144,N,H,6eqe_Repair,A
2887,ThermoMPNN,6eqe_Repair,1.5066893100738525,144,N,I,6eqe_Repair,A
2888,ThermoMPNN,6eqe_Repair,1.7195687294006348,144,N,K,6eqe_Repair,A
2889,ThermoMPNN,6eqe_Repair,1.2107805013656616,144,N,L,6eqe_Repair,A
2890,ThermoMPNN,6eqe_Repair,1.1738719940185547,144,N,M,6eqe_Repair,A
2891,ThermoMPNN,6eqe_Repair,0.0,144,N,N,6eqe_Repair,A
2892,ThermoMPNN,6eqe_Repair,3.342745542526245,144,N,P,6eqe_Repair,A
2893,ThermoMPNN,6eqe_Repair,1.4827816486358643,144,N,Q,6eqe_Repair,A
2894,ThermoMPNN,6eqe_Repair,1.3742021322250366,144,N,R,6eqe_Repair,A
2895,ThermoMPNN,6eqe_Repair,0.8499113321304321,144,N,S,6eqe_Repair,A
2896,ThermoMPNN,6eqe_Repair,1.041337251663208,144,N,T,6eqe_Repair,A
2897,ThermoMPNN,6eqe_Repair,1.2405579090118408,144,N,V,6eqe_Repair,A
2898,ThermoMPNN,6eqe_Repair,0.673370361328125,144,N,W,6eqe_Repair,A
2899,ThermoMPNN,6eqe_Repair,0.596442699432373,144,N,Y,6eqe_Repair,A
2900,ThermoMPNN,6eqe_Repair,0.4797471761703491,145,P,A,6eqe_Repair,A
2901,ThermoMPNN,6eqe_Repair,0.49567562341690063,145,P,C,6eqe_Repair,A
2902,ThermoMPNN,6eqe_Repair,1.0289759635925293,145,P,D,6eqe_Repair,A
2903,ThermoMPNN,6eqe_Repair,1.018113613128662,145,P,E,6eqe_Repair,A
2904,ThermoMPNN,6eqe_Repair,0.8743770122528076,145,P,F,6eqe_Repair,A
2905,ThermoMPNN,6eqe_Repair,0.6376850008964539,145,P,G,6eqe_Repair,A
2906,ThermoMPNN,6eqe_Repair,0.8966219425201416,145,P,H,6eqe_Repair,A
2907,ThermoMPNN,6eqe_Repair,0.7811287045478821,145,P,I,6eqe_Repair,A
2908,ThermoMPNN,6eqe_Repair,0.6176910996437073,145,P,K,6eqe_Repair,A
2909,ThermoMPNN,6eqe_Repair,0.8948766589164734,145,P,L,6eqe_Repair,A
2910,ThermoMPNN,6eqe_Repair,0.7440383434295654,145,P,M,6eqe_Repair,A
2911,ThermoMPNN,6eqe_Repair,0.8679901361465454,145,P,N,6eqe_Repair,A
2912,ThermoMPNN,6eqe_Repair,0.0,145,P,P,6eqe_Repair,A
2913,ThermoMPNN,6eqe_Repair,0.6607837080955505,145,P,Q,6eqe_Repair,A
2914,ThermoMPNN,6eqe_Repair,0.6950972080230713,145,P,R,6eqe_Repair,A
2915,ThermoMPNN,6eqe_Repair,0.4671682119369507,145,P,S,6eqe_Repair,A
2916,ThermoMPNN,6eqe_Repair,0.5577195882797241,145,P,T,6eqe_Repair,A
2917,ThermoMPNN,6eqe_Repair,0.61426842212677,145,P,V,6eqe_Repair,A
2918,ThermoMPNN,6eqe_Repair,0.9678292274475098,145,P,W,6eqe_Repair,A
2919,ThermoMPNN,6eqe_Repair,0.9575737714767456,145,P,Y,6eqe_Repair,A
2920,ThermoMPNN,6eqe_Repair,-0.01834207773208618,146,S,A,6eqe_Repair,A
2921,ThermoMPNN,6eqe_Repair,-0.3566584587097168,146,S,C,6eqe_Repair,A
2922,ThermoMPNN,6eqe_Repair,-0.023006319999694824,146,S,D,6eqe_Repair,A
2923,ThermoMPNN,6eqe_Repair,-0.06445348262786865,146,S,E,6eqe_Repair,A
2924,ThermoMPNN,6eqe_Repair,-0.11084800958633423,146,S,F,6eqe_Repair,A
2925,ThermoMPNN,6eqe_Repair,0.11579293012619019,146,S,G,6eqe_Repair,A
2926,ThermoMPNN,6eqe_Repair,-0.006581127643585205,146,S,H,6eqe_Repair,A
2927,ThermoMPNN,6eqe_Repair,0.42419373989105225,146,S,I,6eqe_Repair,A
2928,ThermoMPNN,6eqe_Repair,0.27537596225738525,146,S,K,6eqe_Repair,A
2929,ThermoMPNN,6eqe_Repair,0.21391081809997559,146,S,L,6eqe_Repair,A
2930,ThermoMPNN,6eqe_Repair,0.12993621826171875,146,S,M,6eqe_Repair,A
2931,ThermoMPNN,6eqe_Repair,0.03947150707244873,146,S,N,6eqe_Repair,A
2932,ThermoMPNN,6eqe_Repair,1.2768809795379639,146,S,P,6eqe_Repair,A
2933,ThermoMPNN,6eqe_Repair,0.10610085725784302,146,S,Q,6eqe_Repair,A
2934,ThermoMPNN,6eqe_Repair,0.27636969089508057,146,S,R,6eqe_Repair,A
2935,ThermoMPNN,6eqe_Repair,0.0,146,S,S,6eqe_Repair,A
2936,ThermoMPNN,6eqe_Repair,0.03384941816329956,146,S,T,6eqe_Repair,A
2937,ThermoMPNN,6eqe_Repair,0.3816309869289398,146,S,V,6eqe_Repair,A
2938,ThermoMPNN,6eqe_Repair,-0.26592087745666504,146,S,W,6eqe_Repair,A
2939,ThermoMPNN,6eqe_Repair,-0.176738440990448,146,S,Y,6eqe_Repair,A
2940,ThermoMPNN,6eqe_Repair,2.0897393226623535,147,L,A,6eqe_Repair,A
2941,ThermoMPNN,6eqe_Repair,1.367645502090454,147,L,C,6eqe_Repair,A
2942,ThermoMPNN,6eqe_Repair,2.420811891555786,147,L,D,6eqe_Repair,A
2943,ThermoMPNN,6eqe_Repair,2.3323662281036377,147,L,E,6eqe_Repair,A
2944,ThermoMPNN,6eqe_Repair,0.8815469741821289,147,L,F,6eqe_Repair,A
2945,ThermoMPNN,6eqe_Repair,2.4833831787109375,147,L,G,6eqe_Repair,A
2946,ThermoMPNN,6eqe_Repair,2.202174425125122,147,L,H,6eqe_Repair,A
2947,ThermoMPNN,6eqe_Repair,0.6205068826675415,147,L,I,6eqe_Repair,A
2948,ThermoMPNN,6eqe_Repair,2.444182872772217,147,L,K,6eqe_Repair,A
2949,ThermoMPNN,6eqe_Repair,0.0,147,L,L,6eqe_Repair,A
2950,ThermoMPNN,6eqe_Repair,0.8171671628952026,147,L,M,6eqe_Repair,A
2951,ThermoMPNN,6eqe_Repair,2.3345108032226562,147,L,N,6eqe_Repair,A
2952,ThermoMPNN,6eqe_Repair,2.4203109741210938,147,L,P,6eqe_Repair,A
2953,ThermoMPNN,6eqe_Repair,2.42341947555542,147,L,Q,6eqe_Repair,A
2954,ThermoMPNN,6eqe_Repair,2.364373207092285,147,L,R,6eqe_Repair,A
2955,ThermoMPNN,6eqe_Repair,2.5015978813171387,147,L,S,6eqe_Repair,A
2956,ThermoMPNN,6eqe_Repair,2.15226411819458,147,L,T,6eqe_Repair,A
2957,ThermoMPNN,6eqe_Repair,1.4395010471343994,147,L,V,6eqe_Repair,A
2958,ThermoMPNN,6eqe_Repair,1.5669387578964233,147,L,W,6eqe_Repair,A
2959,ThermoMPNN,6eqe_Repair,1.3352928161621094,147,L,Y,6eqe_Repair,A
2960,ThermoMPNN,6eqe_Repair,0.3596768379211426,148,K,A,6eqe_Repair,A
2961,ThermoMPNN,6eqe_Repair,0.48528003692626953,148,K,C,6eqe_Repair,A
2962,ThermoMPNN,6eqe_Repair,1.7795264720916748,148,K,D,6eqe_Repair,A
2963,ThermoMPNN,6eqe_Repair,1.3127951622009277,148,K,E,6eqe_Repair,A
2964,ThermoMPNN,6eqe_Repair,1.5474393367767334,148,K,F,6eqe_Repair,A
2965,ThermoMPNN,6eqe_Repair,1.6146405935287476,148,K,G,6eqe_Repair,A
2966,ThermoMPNN,6eqe_Repair,0.662528932094574,148,K,H,6eqe_Repair,A
2967,ThermoMPNN,6eqe_Repair,1.19000244140625,148,K,I,6eqe_Repair,A
2968,ThermoMPNN,6eqe_Repair,0.0,148,K,K,6eqe_Repair,A
2969,ThermoMPNN,6eqe_Repair,0.48981571197509766,148,K,L,6eqe_Repair,A
2970,ThermoMPNN,6eqe_Repair,0.5657068490982056,148,K,M,6eqe_Repair,A
2971,ThermoMPNN,6eqe_Repair,0.7181769609451294,148,K,N,6eqe_Repair,A
2972,ThermoMPNN,6eqe_Repair,1.8655564785003662,148,K,P,6eqe_Repair,A
2973,ThermoMPNN,6eqe_Repair,0.23676180839538574,148,K,Q,6eqe_Repair,A
2974,ThermoMPNN,6eqe_Repair,0.29727184772491455,148,K,R,6eqe_Repair,A
2975,ThermoMPNN,6eqe_Repair,0.5758001804351807,148,K,S,6eqe_Repair,A
2976,ThermoMPNN,6eqe_Repair,1.0750938653945923,148,K,T,6eqe_Repair,A
2977,ThermoMPNN,6eqe_Repair,1.1324715614318848,148,K,V,6eqe_Repair,A
2978,ThermoMPNN,6eqe_Repair,1.5236889123916626,148,K,W,6eqe_Repair,A
2979,ThermoMPNN,6eqe_Repair,1.3653771877288818,148,K,Y,6eqe_Repair,A
2980,ThermoMPNN,6eqe_Repair,0.0,149,A,A,6eqe_Repair,A
2981,ThermoMPNN,6eqe_Repair,0.6974635124206543,149,A,C,6eqe_Repair,A
2982,ThermoMPNN,6eqe_Repair,2.9758260250091553,149,A,D,6eqe_Repair,A
2983,ThermoMPNN,6eqe_Repair,2.61873459815979,149,A,E,6eqe_Repair,A
2984,ThermoMPNN,6eqe_Repair,1.5336755514144897,149,A,F,6eqe_Repair,A
2985,ThermoMPNN,6eqe_Repair,1.5726680755615234,149,A,G,6eqe_Repair,A
2986,ThermoMPNN,6eqe_Repair,2.566652297973633,149,A,H,6eqe_Repair,A
2987,ThermoMPNN,6eqe_Repair,1.121924638748169,149,A,I,6eqe_Repair,A
2988,ThermoMPNN,6eqe_Repair,2.8523454666137695,149,A,K,6eqe_Repair,A
2989,ThermoMPNN,6eqe_Repair,1.659658670425415,149,A,L,6eqe_Repair,A
2990,ThermoMPNN,6eqe_Repair,1.5363142490386963,149,A,M,6eqe_Repair,A
2991,ThermoMPNN,6eqe_Repair,2.820802688598633,149,A,N,6eqe_Repair,A
2992,ThermoMPNN,6eqe_Repair,2.4768176078796387,149,A,P,6eqe_Repair,A
2993,ThermoMPNN,6eqe_Repair,2.6435837745666504,149,A,Q,6eqe_Repair,A
2994,ThermoMPNN,6eqe_Repair,2.6303117275238037,149,A,R,6eqe_Repair,A
2995,ThermoMPNN,6eqe_Repair,1.532766342163086,149,A,S,6eqe_Repair,A
2996,ThermoMPNN,6eqe_Repair,1.3764790296554565,149,A,T,6eqe_Repair,A
2997,ThermoMPNN,6eqe_Repair,0.37821078300476074,149,A,V,6eqe_Repair,A
2998,ThermoMPNN,6eqe_Repair,1.8793277740478516,149,A,W,6eqe_Repair,A
2999,ThermoMPNN,6eqe_Repair,1.889736533164978,149,A,Y,6eqe_Repair,A
3000,ThermoMPNN,6eqe_Repair,0.0,150,A,A,6eqe_Repair,A
3001,ThermoMPNN,6eqe_Repair,-0.26205265522003174,150,A,C,6eqe_Repair,A
3002,ThermoMPNN,6eqe_Repair,2.4293928146362305,150,A,D,6eqe_Repair,A
3003,ThermoMPNN,6eqe_Repair,2.1331002712249756,150,A,E,6eqe_Repair,A
3004,ThermoMPNN,6eqe_Repair,0.5072993040084839,150,A,F,6eqe_Repair,A
3005,ThermoMPNN,6eqe_Repair,1.68597412109375,150,A,G,6eqe_Repair,A
3006,ThermoMPNN,6eqe_Repair,1.8132386207580566,150,A,H,6eqe_Repair,A
3007,ThermoMPNN,6eqe_Repair,-0.859333872795105,150,A,I,6eqe_Repair,A
3008,ThermoMPNN,6eqe_Repair,1.769529104232788,150,A,K,6eqe_Repair,A
3009,ThermoMPNN,6eqe_Repair,-0.1954258680343628,150,A,L,6eqe_Repair,A
3010,ThermoMPNN,6eqe_Repair,-0.20836937427520752,150,A,M,6eqe_Repair,A
3011,ThermoMPNN,6eqe_Repair,2.0603878498077393,150,A,N,6eqe_Repair,A
3012,ThermoMPNN,6eqe_Repair,2.3039588928222656,150,A,P,6eqe_Repair,A
3013,ThermoMPNN,6eqe_Repair,1.546180248260498,150,A,Q,6eqe_Repair,A
3014,ThermoMPNN,6eqe_Repair,1.6400823593139648,150,A,R,6eqe_Repair,A
3015,ThermoMPNN,6eqe_Repair,0.8609445095062256,150,A,S,6eqe_Repair,A
3016,ThermoMPNN,6eqe_Repair,0.2551966905593872,150,A,T,6eqe_Repair,A
3017,ThermoMPNN,6eqe_Repair,-0.9908417463302612,150,A,V,6eqe_Repair,A
3018,ThermoMPNN,6eqe_Repair,1.2236920595169067,150,A,W,6eqe_Repair,A
3019,ThermoMPNN,6eqe_Repair,1.1427650451660156,150,A,Y,6eqe_Repair,A
3020,ThermoMPNN,6eqe_Repair,0.0,151,A,A,6eqe_Repair,A
3021,ThermoMPNN,6eqe_Repair,-0.5501136779785156,151,A,C,6eqe_Repair,A
3022,ThermoMPNN,6eqe_Repair,1.734076976776123,151,A,D,6eqe_Repair,A
3023,ThermoMPNN,6eqe_Repair,1.3102002143859863,151,A,E,6eqe_Repair,A
3024,ThermoMPNN,6eqe_Repair,-0.903160572052002,151,A,F,6eqe_Repair,A
3025,ThermoMPNN,6eqe_Repair,1.0398869514465332,151,A,G,6eqe_Repair,A
3026,ThermoMPNN,6eqe_Repair,0.881547212600708,151,A,H,6eqe_Repair,A
3027,ThermoMPNN,6eqe_Repair,-0.8592591285705566,151,A,I,6eqe_Repair,A
3028,ThermoMPNN,6eqe_Repair,1.1011576652526855,151,A,K,6eqe_Repair,A
3029,ThermoMPNN,6eqe_Repair,-1.0024490356445312,151,A,L,6eqe_Repair,A
3030,ThermoMPNN,6eqe_Repair,-0.9527575969696045,151,A,M,6eqe_Repair,A
3031,ThermoMPNN,6eqe_Repair,1.2753322124481201,151,A,N,6eqe_Repair,A
3032,ThermoMPNN,6eqe_Repair,1.2386198043823242,151,A,P,6eqe_Repair,A
3033,ThermoMPNN,6eqe_Repair,1.0306532382965088,151,A,Q,6eqe_Repair,A
3034,ThermoMPNN,6eqe_Repair,1.0952959060668945,151,A,R,6eqe_Repair,A
3035,ThermoMPNN,6eqe_Repair,0.9122200012207031,151,A,S,6eqe_Repair,A
3036,ThermoMPNN,6eqe_Repair,0.8763298392295837,151,A,T,6eqe_Repair,A
3037,ThermoMPNN,6eqe_Repair,-0.42500507831573486,151,A,V,6eqe_Repair,A
3038,ThermoMPNN,6eqe_Repair,-0.0918201208114624,151,A,W,6eqe_Repair,A
3039,ThermoMPNN,6eqe_Repair,-0.09471482038497925,151,A,Y,6eqe_Repair,A
3040,ThermoMPNN,6eqe_Repair,2.4189794063568115,152,P,A,6eqe_Repair,A
3041,ThermoMPNN,6eqe_Repair,1.4380149841308594,152,P,C,6eqe_Repair,A
3042,ThermoMPNN,6eqe_Repair,2.9205405712127686,152,P,D,6eqe_Repair,A
3043,ThermoMPNN,6eqe_Repair,2.471708297729492,152,P,E,6eqe_Repair,A
3044,ThermoMPNN,6eqe_Repair,1.5054173469543457,152,P,F,6eqe_Repair,A
3045,ThermoMPNN,6eqe_Repair,2.37361478805542,152,P,G,6eqe_Repair,A
3046,ThermoMPNN,6eqe_Repair,2.7210683822631836,152,P,H,6eqe_Repair,A
3047,ThermoMPNN,6eqe_Repair,1.8276100158691406,152,P,I,6eqe_Repair,A
3048,ThermoMPNN,6eqe_Repair,2.5186891555786133,152,P,K,6eqe_Repair,A
3049,ThermoMPNN,6eqe_Repair,1.606156349182129,152,P,L,6eqe_Repair,A
3050,ThermoMPNN,6eqe_Repair,1.7913832664489746,152,P,M,6eqe_Repair,A
3051,ThermoMPNN,6eqe_Repair,2.763596296310425,152,P,N,6eqe_Repair,A
3052,ThermoMPNN,6eqe_Repair,0.0,152,P,P,6eqe_Repair,A
3053,ThermoMPNN,6eqe_Repair,2.761289358139038,152,P,Q,6eqe_Repair,A
3054,ThermoMPNN,6eqe_Repair,2.518846035003662,152,P,R,6eqe_Repair,A
3055,ThermoMPNN,6eqe_Repair,2.7579522132873535,152,P,S,6eqe_Repair,A
3056,ThermoMPNN,6eqe_Repair,2.875555992126465,152,P,T,6eqe_Repair,A
3057,ThermoMPNN,6eqe_Repair,2.1374619007110596,152,P,V,6eqe_Repair,A
3058,ThermoMPNN,6eqe_Repair,2.241128921508789,152,P,W,6eqe_Repair,A
3059,ThermoMPNN,6eqe_Repair,1.8455687761306763,152,P,Y,6eqe_Repair,A
3060,ThermoMPNN,6eqe_Repair,0.0163460373878479,153,Q,A,6eqe_Repair,A
3061,ThermoMPNN,6eqe_Repair,-0.46398812532424927,153,Q,C,6eqe_Repair,A
3062,ThermoMPNN,6eqe_Repair,1.1527434587478638,153,Q,D,6eqe_Repair,A
3063,ThermoMPNN,6eqe_Repair,0.7209560871124268,153,Q,E,6eqe_Repair,A
3064,ThermoMPNN,6eqe_Repair,-0.9419689774513245,153,Q,F,6eqe_Repair,A
3065,ThermoMPNN,6eqe_Repair,0.4637315273284912,153,Q,G,6eqe_Repair,A
3066,ThermoMPNN,6eqe_Repair,-0.05703556537628174,153,Q,H,6eqe_Repair,A
3067,ThermoMPNN,6eqe_Repair,-0.3280677795410156,153,Q,I,6eqe_Repair,A
3068,ThermoMPNN,6eqe_Repair,0.3064635694026947,153,Q,K,6eqe_Repair,A
3069,ThermoMPNN,6eqe_Repair,-0.658258855342865,153,Q,L,6eqe_Repair,A
3070,ThermoMPNN,6eqe_Repair,-0.9013087153434753,153,Q,M,6eqe_Repair,A
3071,ThermoMPNN,6eqe_Repair,0.6143474578857422,153,Q,N,6eqe_Repair,A
3072,ThermoMPNN,6eqe_Repair,1.2854020595550537,153,Q,P,6eqe_Repair,A
3073,ThermoMPNN,6eqe_Repair,0.0,153,Q,Q,6eqe_Repair,A
3074,ThermoMPNN,6eqe_Repair,0.23627156019210815,153,Q,R,6eqe_Repair,A
3075,ThermoMPNN,6eqe_Repair,0.3716390132904053,153,Q,S,6eqe_Repair,A
3076,ThermoMPNN,6eqe_Repair,0.6430474519729614,153,Q,T,6eqe_Repair,A
3077,ThermoMPNN,6eqe_Repair,0.20683488249778748,153,Q,V,6eqe_Repair,A
3078,ThermoMPNN,6eqe_Repair,-0.7717910408973694,153,Q,W,6eqe_Repair,A
3079,ThermoMPNN,6eqe_Repair,-0.7291601300239563,153,Q,Y,6eqe_Repair,A
3080,ThermoMPNN,6eqe_Repair,0.0,154,A,A,6eqe_Repair,A
3081,ThermoMPNN,6eqe_Repair,-0.22304129600524902,154,A,C,6eqe_Repair,A
3082,ThermoMPNN,6eqe_Repair,0.5606224536895752,154,A,D,6eqe_Repair,A
3083,ThermoMPNN,6eqe_Repair,0.8660609126091003,154,A,E,6eqe_Repair,A
3084,ThermoMPNN,6eqe_Repair,0.2622588872909546,154,A,F,6eqe_Repair,A
3085,ThermoMPNN,6eqe_Repair,0.6250478625297546,154,A,G,6eqe_Repair,A
3086,ThermoMPNN,6eqe_Repair,0.3801721930503845,154,A,H,6eqe_Repair,A
3087,ThermoMPNN,6eqe_Repair,0.6457600593566895,154,A,I,6eqe_Repair,A
3088,ThermoMPNN,6eqe_Repair,0.715690553188324,154,A,K,6eqe_Repair,A
3089,ThermoMPNN,6eqe_Repair,0.23155808448791504,154,A,L,6eqe_Repair,A
3090,ThermoMPNN,6eqe_Repair,0.23162001371383667,154,A,M,6eqe_Repair,A
3091,ThermoMPNN,6eqe_Repair,0.004715085029602051,154,A,N,6eqe_Repair,A
3092,ThermoMPNN,6eqe_Repair,1.3575520515441895,154,A,P,6eqe_Repair,A
3093,ThermoMPNN,6eqe_Repair,0.7096118927001953,154,A,Q,6eqe_Repair,A
3094,ThermoMPNN,6eqe_Repair,0.6997613310813904,154,A,R,6eqe_Repair,A
3095,ThermoMPNN,6eqe_Repair,0.07625472545623779,154,A,S,6eqe_Repair,A
3096,ThermoMPNN,6eqe_Repair,0.07008552551269531,154,A,T,6eqe_Repair,A
3097,ThermoMPNN,6eqe_Repair,0.3898613452911377,154,A,V,6eqe_Repair,A
3098,ThermoMPNN,6eqe_Repair,0.7331092953681946,154,A,W,6eqe_Repair,A
3099,ThermoMPNN,6eqe_Repair,0.3977178931236267,154,A,Y,6eqe_Repair,A
3100,ThermoMPNN,6eqe_Repair,-0.20752501487731934,155,P,A,6eqe_Repair,A
3101,ThermoMPNN,6eqe_Repair,-0.19797873497009277,155,P,C,6eqe_Repair,A
3102,ThermoMPNN,6eqe_Repair,1.4923722743988037,155,P,D,6eqe_Repair,A
3103,ThermoMPNN,6eqe_Repair,1.0304478406906128,155,P,E,6eqe_Repair,A
3104,ThermoMPNN,6eqe_Repair,-0.0829806923866272,155,P,F,6eqe_Repair,A
3105,ThermoMPNN,6eqe_Repair,0.2587924599647522,155,P,G,6eqe_Repair,A
3106,ThermoMPNN,6eqe_Repair,1.1266582012176514,155,P,H,6eqe_Repair,A
3107,ThermoMPNN,6eqe_Repair,-0.29599738121032715,155,P,I,6eqe_Repair,A
3108,ThermoMPNN,6eqe_Repair,1.2341585159301758,155,P,K,6eqe_Repair,A
3109,ThermoMPNN,6eqe_Repair,0.28453928232192993,155,P,L,6eqe_Repair,A
3110,ThermoMPNN,6eqe_Repair,0.23131293058395386,155,P,M,6eqe_Repair,A
3111,ThermoMPNN,6eqe_Repair,1.3141515254974365,155,P,N,6eqe_Repair,A
3112,ThermoMPNN,6eqe_Repair,0.0,155,P,P,6eqe_Repair,A
3113,ThermoMPNN,6eqe_Repair,1.1724166870117188,155,P,Q,6eqe_Repair,A
3114,ThermoMPNN,6eqe_Repair,1.2139959335327148,155,P,R,6eqe_Repair,A
3115,ThermoMPNN,6eqe_Repair,0.5375070571899414,155,P,S,6eqe_Repair,A
3116,ThermoMPNN,6eqe_Repair,0.4122134745121002,155,P,T,6eqe_Repair,A
3117,ThermoMPNN,6eqe_Repair,-0.41254734992980957,155,P,V,6eqe_Repair,A
3118,ThermoMPNN,6eqe_Repair,0.11875444650650024,155,P,W,6eqe_Repair,A
3119,ThermoMPNN,6eqe_Repair,0.28263556957244873,155,P,Y,6eqe_Repair,A
3120,ThermoMPNN,6eqe_Repair,2.151120662689209,156,W,A,6eqe_Repair,A
3121,ThermoMPNN,6eqe_Repair,1.1088184118270874,156,W,C,6eqe_Repair,A
3122,ThermoMPNN,6eqe_Repair,2.8237767219543457,156,W,D,6eqe_Repair,A
3123,ThermoMPNN,6eqe_Repair,2.274944305419922,156,W,E,6eqe_Repair,A
3124,ThermoMPNN,6eqe_Repair,0.5611380338668823,156,W,F,6eqe_Repair,A
3125,ThermoMPNN,6eqe_Repair,2.7218658924102783,156,W,G,6eqe_Repair,A
3126,ThermoMPNN,6eqe_Repair,1.8199422359466553,156,W,H,6eqe_Repair,A
3127,ThermoMPNN,6eqe_Repair,1.1827974319458008,156,W,I,6eqe_Repair,A
3128,ThermoMPNN,6eqe_Repair,2.1550307273864746,156,W,K,6eqe_Repair,A
3129,ThermoMPNN,6eqe_Repair,1.2783128023147583,156,W,L,6eqe_Repair,A
3130,ThermoMPNN,6eqe_Repair,1.1616737842559814,156,W,M,6eqe_Repair,A
3131,ThermoMPNN,6eqe_Repair,2.4276835918426514,156,W,N,6eqe_Repair,A
3132,ThermoMPNN,6eqe_Repair,3.058586597442627,156,W,P,6eqe_Repair,A
3133,ThermoMPNN,6eqe_Repair,1.9975218772888184,156,W,Q,6eqe_Repair,A
3134,ThermoMPNN,6eqe_Repair,1.9014407396316528,156,W,R,6eqe_Repair,A
3135,ThermoMPNN,6eqe_Repair,1.9931600093841553,156,W,S,6eqe_Repair,A
3136,ThermoMPNN,6eqe_Repair,1.8378703594207764,156,W,T,6eqe_Repair,A
3137,ThermoMPNN,6eqe_Repair,1.325873613357544,156,W,V,6eqe_Repair,A
3138,ThermoMPNN,6eqe_Repair,0.0,156,W,W,6eqe_Repair,A
3139,ThermoMPNN,6eqe_Repair,0.5732448101043701,156,W,Y,6eqe_Repair,A
3140,ThermoMPNN,6eqe_Repair,-0.4143263101577759,157,D,A,6eqe_Repair,A
3141,ThermoMPNN,6eqe_Repair,-0.5673562288284302,157,D,C,6eqe_Repair,A
3142,ThermoMPNN,6eqe_Repair,0.0,157,D,D,6eqe_Repair,A
3143,ThermoMPNN,6eqe_Repair,0.8573188185691833,157,D,E,6eqe_Repair,A
3144,ThermoMPNN,6eqe_Repair,0.05698740482330322,157,D,F,6eqe_Repair,A
3145,ThermoMPNN,6eqe_Repair,-0.2731075882911682,157,D,G,6eqe_Repair,A
3146,ThermoMPNN,6eqe_Repair,-0.5118696689605713,157,D,H,6eqe_Repair,A
3147,ThermoMPNN,6eqe_Repair,0.7710265517234802,157,D,I,6eqe_Repair,A
3148,ThermoMPNN,6eqe_Repair,0.1737636923789978,157,D,K,6eqe_Repair,A
3149,ThermoMPNN,6eqe_Repair,0.1488979160785675,157,D,L,6eqe_Repair,A
3150,ThermoMPNN,6eqe_Repair,-0.1411421298980713,157,D,M,6eqe_Repair,A
3151,ThermoMPNN,6eqe_Repair,-0.973352313041687,157,D,N,6eqe_Repair,A
3152,ThermoMPNN,6eqe_Repair,1.234788179397583,157,D,P,6eqe_Repair,A
3153,ThermoMPNN,6eqe_Repair,0.18256208300590515,157,D,Q,6eqe_Repair,A
3154,ThermoMPNN,6eqe_Repair,-0.13313239812850952,157,D,R,6eqe_Repair,A
3155,ThermoMPNN,6eqe_Repair,-0.4631783962249756,157,D,S,6eqe_Repair,A
3156,ThermoMPNN,6eqe_Repair,0.5893686413764954,157,D,T,6eqe_Repair,A
3157,ThermoMPNN,6eqe_Repair,0.4423806667327881,157,D,V,6eqe_Repair,A
3158,ThermoMPNN,6eqe_Repair,0.30593258142471313,157,D,W,6eqe_Repair,A
3159,ThermoMPNN,6eqe_Repair,0.14590108394622803,157,D,Y,6eqe_Repair,A
3160,ThermoMPNN,6eqe_Repair,0.12154680490493774,158,S,A,6eqe_Repair,A
3161,ThermoMPNN,6eqe_Repair,0.07164520025253296,158,S,C,6eqe_Repair,A
3162,ThermoMPNN,6eqe_Repair,0.27773624658584595,158,S,D,6eqe_Repair,A
3163,ThermoMPNN,6eqe_Repair,0.25509190559387207,158,S,E,6eqe_Repair,A
3164,ThermoMPNN,6eqe_Repair,0.29639703035354614,158,S,F,6eqe_Repair,A
3165,ThermoMPNN,6eqe_Repair,0.25434738397598267,158,S,G,6eqe_Repair,A
3166,ThermoMPNN,6eqe_Repair,0.1788710355758667,158,S,H,6eqe_Repair,A
3167,ThermoMPNN,6eqe_Repair,0.36888307332992554,158,S,I,6eqe_Repair,A
3168,ThermoMPNN,6eqe_Repair,0.19726842641830444,158,S,K,6eqe_Repair,A
3169,ThermoMPNN,6eqe_Repair,0.29117804765701294,158,S,L,6eqe_Repair,A
3170,ThermoMPNN,6eqe_Repair,0.368108868598938,158,S,M,6eqe_Repair,A
3171,ThermoMPNN,6eqe_Repair,0.12746858596801758,158,S,N,6eqe_Repair,A
3172,ThermoMPNN,6eqe_Repair,0.33880501985549927,158,S,P,6eqe_Repair,A
3173,ThermoMPNN,6eqe_Repair,0.3297380208969116,158,S,Q,6eqe_Repair,A
3174,ThermoMPNN,6eqe_Repair,0.19735592603683472,158,S,R,6eqe_Repair,A
3175,ThermoMPNN,6eqe_Repair,0.0,158,S,S,6eqe_Repair,A
3176,ThermoMPNN,6eqe_Repair,0.054779767990112305,158,S,T,6eqe_Repair,A
3177,ThermoMPNN,6eqe_Repair,0.42230767011642456,158,S,V,6eqe_Repair,A
3178,ThermoMPNN,6eqe_Repair,0.3253052830696106,158,S,W,6eqe_Repair,A
3179,ThermoMPNN,6eqe_Repair,0.2915254235267639,158,S,Y,6eqe_Repair,A
3180,ThermoMPNN,6eqe_Repair,0.3201310634613037,159,S,A,6eqe_Repair,A
3181,ThermoMPNN,6eqe_Repair,0.08520400524139404,159,S,C,6eqe_Repair,A
3182,ThermoMPNN,6eqe_Repair,0.865928053855896,159,S,D,6eqe_Repair,A
3183,ThermoMPNN,6eqe_Repair,0.4270474910736084,159,S,E,6eqe_Repair,A
3184,ThermoMPNN,6eqe_Repair,0.4439009428024292,159,S,F,6eqe_Repair,A
3185,ThermoMPNN,6eqe_Repair,0.6763666868209839,159,S,G,6eqe_Repair,A
3186,ThermoMPNN,6eqe_Repair,0.26794105768203735,159,S,H,6eqe_Repair,A
3187,ThermoMPNN,6eqe_Repair,0.35165196657180786,159,S,I,6eqe_Repair,A
3188,ThermoMPNN,6eqe_Repair,0.21403884887695312,159,S,K,6eqe_Repair,A
3189,ThermoMPNN,6eqe_Repair,0.48383939266204834,159,S,L,6eqe_Repair,A
3190,ThermoMPNN,6eqe_Repair,0.377430260181427,159,S,M,6eqe_Repair,A
3191,ThermoMPNN,6eqe_Repair,0.4536566138267517,159,S,N,6eqe_Repair,A
3192,ThermoMPNN,6eqe_Repair,1.6938552856445312,159,S,P,6eqe_Repair,A
3193,ThermoMPNN,6eqe_Repair,0.2649340033531189,159,S,Q,6eqe_Repair,A
3194,ThermoMPNN,6eqe_Repair,0.11524450778961182,159,S,R,6eqe_Repair,A
3195,ThermoMPNN,6eqe_Repair,0.0,159,S,S,6eqe_Repair,A
3196,ThermoMPNN,6eqe_Repair,-0.1672518253326416,159,S,T,6eqe_Repair,A
3197,ThermoMPNN,6eqe_Repair,0.33155763149261475,159,S,V,6eqe_Repair,A
3198,ThermoMPNN,6eqe_Repair,0.4750492572784424,159,S,W,6eqe_Repair,A
3199,ThermoMPNN,6eqe_Repair,0.3958775997161865,159,S,Y,6eqe_Repair,A
3200,ThermoMPNN,6eqe_Repair,0.8443799614906311,160,T,A,6eqe_Repair,A
3201,ThermoMPNN,6eqe_Repair,0.5784659385681152,160,T,C,6eqe_Repair,A
3202,ThermoMPNN,6eqe_Repair,1.61983323097229,160,T,D,6eqe_Repair,A
3203,ThermoMPNN,6eqe_Repair,1.6420190334320068,160,T,E,6eqe_Repair,A
3204,ThermoMPNN,6eqe_Repair,1.1466954946517944,160,T,F,6eqe_Repair,A
3205,ThermoMPNN,6eqe_Repair,1.4426498413085938,160,T,G,6eqe_Repair,A
3206,ThermoMPNN,6eqe_Repair,1.0044142007827759,160,T,H,6eqe_Repair,A
3207,ThermoMPNN,6eqe_Repair,0.6018567085266113,160,T,I,6eqe_Repair,A
3208,ThermoMPNN,6eqe_Repair,1.313939094543457,160,T,K,6eqe_Repair,A
3209,ThermoMPNN,6eqe_Repair,0.8838571906089783,160,T,L,6eqe_Repair,A
3210,ThermoMPNN,6eqe_Repair,0.9048553705215454,160,T,M,6eqe_Repair,A
3211,ThermoMPNN,6eqe_Repair,1.2391302585601807,160,T,N,6eqe_Repair,A
3212,ThermoMPNN,6eqe_Repair,1.5152344703674316,160,T,P,6eqe_Repair,A
3213,ThermoMPNN,6eqe_Repair,1.168997049331665,160,T,Q,6eqe_Repair,A
3214,ThermoMPNN,6eqe_Repair,1.0271499156951904,160,T,R,6eqe_Repair,A
3215,ThermoMPNN,6eqe_Repair,0.7258827686309814,160,T,S,6eqe_Repair,A
3216,ThermoMPNN,6eqe_Repair,0.0,160,T,T,6eqe_Repair,A
3217,ThermoMPNN,6eqe_Repair,0.2683436870574951,160,T,V,6eqe_Repair,A
3218,ThermoMPNN,6eqe_Repair,1.1458539962768555,160,T,W,6eqe_Repair,A
3219,ThermoMPNN,6eqe_Repair,1.018053412437439,160,T,Y,6eqe_Repair,A
3220,ThermoMPNN,6eqe_Repair,1.1082494258880615,161,N,A,6eqe_Repair,A
3221,ThermoMPNN,6eqe_Repair,0.5126564502716064,161,N,C,6eqe_Repair,A
3222,ThermoMPNN,6eqe_Repair,0.08237314224243164,161,N,D,6eqe_Repair,A
3223,ThermoMPNN,6eqe_Repair,1.0205051898956299,161,N,E,6eqe_Repair,A
3224,ThermoMPNN,6eqe_Repair,1.0946848392486572,161,N,F,6eqe_Repair,A
3225,ThermoMPNN,6eqe_Repair,1.5010666847229004,161,N,G,6eqe_Repair,A
3226,ThermoMPNN,6eqe_Repair,0.7757663726806641,161,N,H,6eqe_Repair,A
3227,ThermoMPNN,6eqe_Repair,1.137527346611023,161,N,I,6eqe_Repair,A
3228,ThermoMPNN,6eqe_Repair,1.3363826274871826,161,N,K,6eqe_Repair,A
3229,ThermoMPNN,6eqe_Repair,0.8316032886505127,161,N,L,6eqe_Repair,A
3230,ThermoMPNN,6eqe_Repair,0.9947293996810913,161,N,M,6eqe_Repair,A
3231,ThermoMPNN,6eqe_Repair,0.0,161,N,N,6eqe_Repair,A
3232,ThermoMPNN,6eqe_Repair,2.2743465900421143,161,N,P,6eqe_Repair,A
3233,ThermoMPNN,6eqe_Repair,1.1239643096923828,161,N,Q,6eqe_Repair,A
3234,ThermoMPNN,6eqe_Repair,1.155191421508789,161,N,R,6eqe_Repair,A
3235,ThermoMPNN,6eqe_Repair,0.6782357096672058,161,N,S,6eqe_Repair,A
3236,ThermoMPNN,6eqe_Repair,1.0703370571136475,161,N,T,6eqe_Repair,A
3237,ThermoMPNN,6eqe_Repair,0.977729082107544,161,N,V,6eqe_Repair,A
3238,ThermoMPNN,6eqe_Repair,0.9885864853858948,161,N,W,6eqe_Repair,A
3239,ThermoMPNN,6eqe_Repair,1.0954864025115967,161,N,Y,6eqe_Repair,A
3240,ThermoMPNN,6eqe_Repair,2.11251163482666,162,F,A,6eqe_Repair,A
3241,ThermoMPNN,6eqe_Repair,1.4089651107788086,162,F,C,6eqe_Repair,A
3242,ThermoMPNN,6eqe_Repair,2.445585250854492,162,F,D,6eqe_Repair,A
3243,ThermoMPNN,6eqe_Repair,2.4029219150543213,162,F,E,6eqe_Repair,A
3244,ThermoMPNN,6eqe_Repair,0.0,162,F,F,6eqe_Repair,A
3245,ThermoMPNN,6eqe_Repair,2.2217681407928467,162,F,G,6eqe_Repair,A
3246,ThermoMPNN,6eqe_Repair,1.8118128776550293,162,F,H,6eqe_Repair,A
3247,ThermoMPNN,6eqe_Repair,1.6628375053405762,162,F,I,6eqe_Repair,A
3248,ThermoMPNN,6eqe_Repair,2.155778408050537,162,F,K,6eqe_Repair,A
3249,ThermoMPNN,6eqe_Repair,1.458357334136963,162,F,L,6eqe_Repair,A
3250,ThermoMPNN,6eqe_Repair,1.3356544971466064,162,F,M,6eqe_Repair,A
3251,ThermoMPNN,6eqe_Repair,2.2761449813842773,162,F,N,6eqe_Repair,A
3252,ThermoMPNN,6eqe_Repair,2.3789663314819336,162,F,P,6eqe_Repair,A
3253,ThermoMPNN,6eqe_Repair,2.1523289680480957,162,F,Q,6eqe_Repair,A
3254,ThermoMPNN,6eqe_Repair,1.918015480041504,162,F,R,6eqe_Repair,A
3255,ThermoMPNN,6eqe_Repair,2.3122124671936035,162,F,S,6eqe_Repair,A
3256,ThermoMPNN,6eqe_Repair,2.3168904781341553,162,F,T,6eqe_Repair,A
3257,ThermoMPNN,6eqe_Repair,1.9949820041656494,162,F,V,6eqe_Repair,A
3258,ThermoMPNN,6eqe_Repair,0.395214319229126,162,F,W,6eqe_Repair,A
3259,ThermoMPNN,6eqe_Repair,0.32131147384643555,162,F,Y,6eqe_Repair,A
3260,ThermoMPNN,6eqe_Repair,0.8024659156799316,163,S,A,6eqe_Repair,A
3261,ThermoMPNN,6eqe_Repair,0.7697232961654663,163,S,C,6eqe_Repair,A
3262,ThermoMPNN,6eqe_Repair,1.1362524032592773,163,S,D,6eqe_Repair,A
3263,ThermoMPNN,6eqe_Repair,1.1780732870101929,163,S,E,6eqe_Repair,A
3264,ThermoMPNN,6eqe_Repair,1.5979340076446533,163,S,F,6eqe_Repair,A
3265,ThermoMPNN,6eqe_Repair,1.0962663888931274,163,S,G,6eqe_Repair,A
3266,ThermoMPNN,6eqe_Repair,1.374299168586731,163,S,H,6eqe_Repair,A
3267,ThermoMPNN,6eqe_Repair,1.6331825256347656,163,S,I,6eqe_Repair,A
3268,ThermoMPNN,6eqe_Repair,1.4108121395111084,163,S,K,6eqe_Repair,A
3269,ThermoMPNN,6eqe_Repair,1.753875970840454,163,S,L,6eqe_Repair,A
3270,ThermoMPNN,6eqe_Repair,1.3616142272949219,163,S,M,6eqe_Repair,A
3271,ThermoMPNN,6eqe_Repair,1.082207441329956,163,S,N,6eqe_Repair,A
3272,ThermoMPNN,6eqe_Repair,2.314202308654785,163,S,P,6eqe_Repair,A
3273,ThermoMPNN,6eqe_Repair,1.3217456340789795,163,S,Q,6eqe_Repair,A
3274,ThermoMPNN,6eqe_Repair,1.3328925371170044,163,S,R,6eqe_Repair,A
3275,ThermoMPNN,6eqe_Repair,0.0,163,S,S,6eqe_Repair,A
3276,ThermoMPNN,6eqe_Repair,0.6747170686721802,163,S,T,6eqe_Repair,A
3277,ThermoMPNN,6eqe_Repair,1.59798002243042,163,S,V,6eqe_Repair,A
3278,ThermoMPNN,6eqe_Repair,1.392906665802002,163,S,W,6eqe_Repair,A
3279,ThermoMPNN,6eqe_Repair,1.7155141830444336,163,S,Y,6eqe_Repair,A
3280,ThermoMPNN,6eqe_Repair,0.19304156303405762,164,S,A,6eqe_Repair,A
3281,ThermoMPNN,6eqe_Repair,0.34315890073776245,164,S,C,6eqe_Repair,A
3282,ThermoMPNN,6eqe_Repair,0.8396722078323364,164,S,D,6eqe_Repair,A
3283,ThermoMPNN,6eqe_Repair,0.7750877737998962,164,S,E,6eqe_Repair,A
3284,ThermoMPNN,6eqe_Repair,0.766021728515625,164,S,F,6eqe_Repair,A
3285,ThermoMPNN,6eqe_Repair,0.43886178731918335,164,S,G,6eqe_Repair,A
3286,ThermoMPNN,6eqe_Repair,0.6476567983627319,164,S,H,6eqe_Repair,A
3287,ThermoMPNN,6eqe_Repair,0.739025354385376,164,S,I,6eqe_Repair,A
3288,ThermoMPNN,6eqe_Repair,0.4651453495025635,164,S,K,6eqe_Repair,A
3289,ThermoMPNN,6eqe_Repair,0.7577570080757141,164,S,L,6eqe_Repair,A
3290,ThermoMPNN,6eqe_Repair,0.6958005428314209,164,S,M,6eqe_Repair,A
3291,ThermoMPNN,6eqe_Repair,0.5244579911231995,164,S,N,6eqe_Repair,A
3292,ThermoMPNN,6eqe_Repair,1.5387463569641113,164,S,P,6eqe_Repair,A
3293,ThermoMPNN,6eqe_Repair,0.6925350427627563,164,S,Q,6eqe_Repair,A
3294,ThermoMPNN,6eqe_Repair,0.445589542388916,164,S,R,6eqe_Repair,A
3295,ThermoMPNN,6eqe_Repair,0.0,164,S,S,6eqe_Repair,A
3296,ThermoMPNN,6eqe_Repair,0.17479753494262695,164,S,T,6eqe_Repair,A
3297,ThermoMPNN,6eqe_Repair,0.8268514275550842,164,S,V,6eqe_Repair,A
3298,ThermoMPNN,6eqe_Repair,0.7817165851593018,164,S,W,6eqe_Repair,A
3299,ThermoMPNN,6eqe_Repair,0.719504177570343,164,S,Y,6eqe_Repair,A
3300,ThermoMPNN,6eqe_Repair,1.5851283073425293,165,V,A,6eqe_Repair,A
3301,ThermoMPNN,6eqe_Repair,0.8470467329025269,165,V,C,6eqe_Repair,A
3302,ThermoMPNN,6eqe_Repair,1.9400832653045654,165,V,D,6eqe_Repair,A
3303,ThermoMPNN,6eqe_Repair,2.118657350540161,165,V,E,6eqe_Repair,A
3304,ThermoMPNN,6eqe_Repair,1.0932105779647827,165,V,F,6eqe_Repair,A
3305,ThermoMPNN,6eqe_Repair,1.9847590923309326,165,V,G,6eqe_Repair,A
3306,ThermoMPNN,6eqe_Repair,2.078090190887451,165,V,H,6eqe_Repair,A
3307,ThermoMPNN,6eqe_Repair,-0.25148963928222656,165,V,I,6eqe_Repair,A
3308,ThermoMPNN,6eqe_Repair,2.1181814670562744,165,V,K,6eqe_Repair,A
3309,ThermoMPNN,6eqe_Repair,0.1848907470703125,165,V,L,6eqe_Repair,A
3310,ThermoMPNN,6eqe_Repair,0.714838981628418,165,V,M,6eqe_Repair,A
3311,ThermoMPNN,6eqe_Repair,1.7924530506134033,165,V,N,6eqe_Repair,A
3312,ThermoMPNN,6eqe_Repair,2.1162960529327393,165,V,P,6eqe_Repair,A
3313,ThermoMPNN,6eqe_Repair,2.065865993499756,165,V,Q,6eqe_Repair,A
3314,ThermoMPNN,6eqe_Repair,2.068436622619629,165,V,R,6eqe_Repair,A
3315,ThermoMPNN,6eqe_Repair,1.847949504852295,165,V,S,6eqe_Repair,A
3316,ThermoMPNN,6eqe_Repair,1.435178518295288,165,V,T,6eqe_Repair,A
3317,ThermoMPNN,6eqe_Repair,0.0,165,V,V,6eqe_Repair,A
3318,ThermoMPNN,6eqe_Repair,1.6987299919128418,165,V,W,6eqe_Repair,A
3319,ThermoMPNN,6eqe_Repair,1.7304558753967285,165,V,Y,6eqe_Repair,A
3320,ThermoMPNN,6eqe_Repair,1.3315383195877075,166,T,A,6eqe_Repair,A
3321,ThermoMPNN,6eqe_Repair,0.763264536857605,166,T,C,6eqe_Repair,A
3322,ThermoMPNN,6eqe_Repair,1.9677164554595947,166,T,D,6eqe_Repair,A
3323,ThermoMPNN,6eqe_Repair,1.5291485786437988,166,T,E,6eqe_Repair,A
3324,ThermoMPNN,6eqe_Repair,1.3551568984985352,166,T,F,6eqe_Repair,A
3325,ThermoMPNN,6eqe_Repair,1.6377464532852173,166,T,G,6eqe_Repair,A
3326,ThermoMPNN,6eqe_Repair,1.1709154844284058,166,T,H,6eqe_Repair,A
3327,ThermoMPNN,6eqe_Repair,0.803966760635376,166,T,I,6eqe_Repair,A
3328,ThermoMPNN,6eqe_Repair,1.2713735103607178,166,T,K,6eqe_Repair,A
3329,ThermoMPNN,6eqe_Repair,1.0789029598236084,166,T,L,6eqe_Repair,A
3330,ThermoMPNN,6eqe_Repair,1.1738059520721436,166,T,M,6eqe_Repair,A
3331,ThermoMPNN,6eqe_Repair,1.3111276626586914,166,T,N,6eqe_Repair,A
3332,ThermoMPNN,6eqe_Repair,2.191054582595825,166,T,P,6eqe_Repair,A
3333,ThermoMPNN,6eqe_Repair,1.3720365762710571,166,T,Q,6eqe_Repair,A
3334,ThermoMPNN,6eqe_Repair,1.1170315742492676,166,T,R,6eqe_Repair,A
3335,ThermoMPNN,6eqe_Repair,0.793002724647522,166,T,S,6eqe_Repair,A
3336,ThermoMPNN,6eqe_Repair,0.0,166,T,T,6eqe_Repair,A
3337,ThermoMPNN,6eqe_Repair,0.8582805395126343,166,T,V,6eqe_Repair,A
3338,ThermoMPNN,6eqe_Repair,1.3739498853683472,166,T,W,6eqe_Repair,A
3339,ThermoMPNN,6eqe_Repair,1.1744590997695923,166,T,Y,6eqe_Repair,A
3340,ThermoMPNN,6eqe_Repair,1.5388777256011963,167,V,A,6eqe_Repair,A
3341,ThermoMPNN,6eqe_Repair,1.090064287185669,167,V,C,6eqe_Repair,A
3342,ThermoMPNN,6eqe_Repair,2.2632784843444824,167,V,D,6eqe_Repair,A
3343,ThermoMPNN,6eqe_Repair,2.3967952728271484,167,V,E,6eqe_Repair,A
3344,ThermoMPNN,6eqe_Repair,1.8190230131149292,167,V,F,6eqe_Repair,A
3345,ThermoMPNN,6eqe_Repair,2.261831283569336,167,V,G,6eqe_Repair,A
3346,ThermoMPNN,6eqe_Repair,2.1306090354919434,167,V,H,6eqe_Repair,A
3347,ThermoMPNN,6eqe_Repair,0.6468868255615234,167,V,I,6eqe_Repair,A
3348,ThermoMPNN,6eqe_Repair,2.3783416748046875,167,V,K,6eqe_Repair,A
3349,ThermoMPNN,6eqe_Repair,1.2695963382720947,167,V,L,6eqe_Repair,A
3350,ThermoMPNN,6eqe_Repair,1.5517518520355225,167,V,M,6eqe_Repair,A
3351,ThermoMPNN,6eqe_Repair,2.3039989471435547,167,V,N,6eqe_Repair,A
3352,ThermoMPNN,6eqe_Repair,1.820021152496338,167,V,P,6eqe_Repair,A
3353,ThermoMPNN,6eqe_Repair,2.087280511856079,167,V,Q,6eqe_Repair,A
3354,ThermoMPNN,6eqe_Repair,2.2946078777313232,167,V,R,6eqe_Repair,A
3355,ThermoMPNN,6eqe_Repair,1.828636646270752,167,V,S,6eqe_Repair,A
3356,ThermoMPNN,6eqe_Repair,1.112638235092163,167,V,T,6eqe_Repair,A
3357,ThermoMPNN,6eqe_Repair,0.0,167,V,V,6eqe_Repair,A
3358,ThermoMPNN,6eqe_Repair,2.0531868934631348,167,V,W,6eqe_Repair,A
3359,ThermoMPNN,6eqe_Repair,2.08450984954834,167,V,Y,6eqe_Repair,A
3360,ThermoMPNN,6eqe_Repair,1.1847022771835327,168,P,A,6eqe_Repair,A
3361,ThermoMPNN,6eqe_Repair,1.1152232885360718,168,P,C,6eqe_Repair,A
3362,ThermoMPNN,6eqe_Repair,2.3962669372558594,168,P,D,6eqe_Repair,A
3363,ThermoMPNN,6eqe_Repair,2.043760061264038,168,P,E,6eqe_Repair,A
3364,ThermoMPNN,6eqe_Repair,1.5211589336395264,168,P,F,6eqe_Repair,A
3365,ThermoMPNN,6eqe_Repair,1.6324384212493896,168,P,G,6eqe_Repair,A
3366,ThermoMPNN,6eqe_Repair,2.193181276321411,168,P,H,6eqe_Repair,A
3367,ThermoMPNN,6eqe_Repair,1.4286459684371948,168,P,I,6eqe_Repair,A
3368,ThermoMPNN,6eqe_Repair,1.9263722896575928,168,P,K,6eqe_Repair,A
3369,ThermoMPNN,6eqe_Repair,1.5045052766799927,168,P,L,6eqe_Repair,A
3370,ThermoMPNN,6eqe_Repair,1.547771692276001,168,P,M,6eqe_Repair,A
3371,ThermoMPNN,6eqe_Repair,2.2263221740722656,168,P,N,6eqe_Repair,A
3372,ThermoMPNN,6eqe_Repair,0.0,168,P,P,6eqe_Repair,A
3373,ThermoMPNN,6eqe_Repair,2.124621629714966,168,P,Q,6eqe_Repair,A
3374,ThermoMPNN,6eqe_Repair,1.9614295959472656,168,P,R,6eqe_Repair,A
3375,ThermoMPNN,6eqe_Repair,1.8190135955810547,168,P,S,6eqe_Repair,A
3376,ThermoMPNN,6eqe_Repair,1.9499025344848633,168,P,T,6eqe_Repair,A
3377,ThermoMPNN,6eqe_Repair,1.4238239526748657,168,P,V,6eqe_Repair,A
3378,ThermoMPNN,6eqe_Repair,1.4669480323791504,168,P,W,6eqe_Repair,A
3379,ThermoMPNN,6eqe_Repair,1.5865020751953125,168,P,Y,6eqe_Repair,A
3380,ThermoMPNN,6eqe_Repair,2.2425196170806885,169,T,A,6eqe_Repair,A
3381,ThermoMPNN,6eqe_Repair,1.5863887071609497,169,T,C,6eqe_Repair,A
3382,ThermoMPNN,6eqe_Repair,3.556819438934326,169,T,D,6eqe_Repair,A
3383,ThermoMPNN,6eqe_Repair,3.293705940246582,169,T,E,6eqe_Repair,A
3384,ThermoMPNN,6eqe_Repair,2.1776375770568848,169,T,F,6eqe_Repair,A
3385,ThermoMPNN,6eqe_Repair,3.100202798843384,169,T,G,6eqe_Repair,A
3386,ThermoMPNN,6eqe_Repair,2.910946846008301,169,T,H,6eqe_Repair,A
3387,ThermoMPNN,6eqe_Repair,1.538572907447815,169,T,I,6eqe_Repair,A
3388,ThermoMPNN,6eqe_Repair,2.9430932998657227,169,T,K,6eqe_Repair,A
3389,ThermoMPNN,6eqe_Repair,1.9297702312469482,169,T,L,6eqe_Repair,A
3390,ThermoMPNN,6eqe_Repair,2.004702091217041,169,T,M,6eqe_Repair,A
3391,ThermoMPNN,6eqe_Repair,2.851612091064453,169,T,N,6eqe_Repair,A
3392,ThermoMPNN,6eqe_Repair,2.8021152019500732,169,T,P,6eqe_Repair,A
3393,ThermoMPNN,6eqe_Repair,2.987154483795166,169,T,Q,6eqe_Repair,A
3394,ThermoMPNN,6eqe_Repair,2.6406877040863037,169,T,R,6eqe_Repair,A
3395,ThermoMPNN,6eqe_Repair,1.5439702272415161,169,T,S,6eqe_Repair,A
3396,ThermoMPNN,6eqe_Repair,0.0,169,T,T,6eqe_Repair,A
3397,ThermoMPNN,6eqe_Repair,1.2905659675598145,169,T,V,6eqe_Repair,A
3398,ThermoMPNN,6eqe_Repair,2.5518975257873535,169,T,W,6eqe_Repair,A
3399,ThermoMPNN,6eqe_Repair,2.320918560028076,169,T,Y,6eqe_Repair,A
3400,ThermoMPNN,6eqe_Repair,2.4268736839294434,170,L,A,6eqe_Repair,A
3401,ThermoMPNN,6eqe_Repair,1.5700820684432983,170,L,C,6eqe_Repair,A
3402,ThermoMPNN,6eqe_Repair,3.4100260734558105,170,L,D,6eqe_Repair,A
3403,ThermoMPNN,6eqe_Repair,3.0082616806030273,170,L,E,6eqe_Repair,A
3404,ThermoMPNN,6eqe_Repair,1.401886224746704,170,L,F,6eqe_Repair,A
3405,ThermoMPNN,6eqe_Repair,3.0509679317474365,170,L,G,6eqe_Repair,A
3406,ThermoMPNN,6eqe_Repair,3.080371141433716,170,L,H,6eqe_Repair,A
3407,ThermoMPNN,6eqe_Repair,1.2009960412979126,170,L,I,6eqe_Repair,A
3408,ThermoMPNN,6eqe_Repair,3.029252767562866,170,L,K,6eqe_Repair,A
3409,ThermoMPNN,6eqe_Repair,0.0,170,L,L,6eqe_Repair,A
3410,ThermoMPNN,6eqe_Repair,1.2002301216125488,170,L,M,6eqe_Repair,A
3411,ThermoMPNN,6eqe_Repair,3.3098902702331543,170,L,N,6eqe_Repair,A
3412,ThermoMPNN,6eqe_Repair,3.236419916152954,170,L,P,6eqe_Repair,A
3413,ThermoMPNN,6eqe_Repair,3.0747761726379395,170,L,Q,6eqe_Repair,A
3414,ThermoMPNN,6eqe_Repair,3.149632692337036,170,L,R,6eqe_Repair,A
3415,ThermoMPNN,6eqe_Repair,3.099194288253784,170,L,S,6eqe_Repair,A
3416,ThermoMPNN,6eqe_Repair,2.722343683242798,170,L,T,6eqe_Repair,A
3417,ThermoMPNN,6eqe_Repair,1.633783221244812,170,L,V,6eqe_Repair,A
3418,ThermoMPNN,6eqe_Repair,2.1042730808258057,170,L,W,6eqe_Repair,A
3419,ThermoMPNN,6eqe_Repair,2.1190879344940186,170,L,Y,6eqe_Repair,A
3420,ThermoMPNN,6eqe_Repair,2.3122825622558594,171,I,A,6eqe_Repair,A
3421,ThermoMPNN,6eqe_Repair,1.6137869358062744,171,I,C,6eqe_Repair,A
3422,ThermoMPNN,6eqe_Repair,2.994597911834717,171,I,D,6eqe_Repair,A
3423,ThermoMPNN,6eqe_Repair,2.9370951652526855,171,I,E,6eqe_Repair,A
3424,ThermoMPNN,6eqe_Repair,1.5946956872940063,171,I,F,6eqe_Repair,A
3425,ThermoMPNN,6eqe_Repair,2.9362075328826904,171,I,G,6eqe_Repair,A
3426,ThermoMPNN,6eqe_Repair,2.7276434898376465,171,I,H,6eqe_Repair,A
3427,ThermoMPNN,6eqe_Repair,0.0,171,I,I,6eqe_Repair,A
3428,ThermoMPNN,6eqe_Repair,2.7765793800354004,171,I,K,6eqe_Repair,A
3429,ThermoMPNN,6eqe_Repair,0.9475665092468262,171,I,L,6eqe_Repair,A
3430,ThermoMPNN,6eqe_Repair,1.527368187904358,171,I,M,6eqe_Repair,A
3431,ThermoMPNN,6eqe_Repair,2.8945999145507812,171,I,N,6eqe_Repair,A
3432,ThermoMPNN,6eqe_Repair,2.873178243637085,171,I,P,6eqe_Repair,A
3433,ThermoMPNN,6eqe_Repair,2.865194320678711,171,I,Q,6eqe_Repair,A
3434,ThermoMPNN,6eqe_Repair,2.7569103240966797,171,I,R,6eqe_Repair,A
3435,ThermoMPNN,6eqe_Repair,2.7761969566345215,171,I,S,6eqe_Repair,A
3436,ThermoMPNN,6eqe_Repair,2.2758688926696777,171,I,T,6eqe_Repair,A
3437,ThermoMPNN,6eqe_Repair,0.5746641159057617,171,I,V,6eqe_Repair,A
3438,ThermoMPNN,6eqe_Repair,2.2078893184661865,171,I,W,6eqe_Repair,A
3439,ThermoMPNN,6eqe_Repair,2.094343662261963,171,I,Y,6eqe_Repair,A
3440,ThermoMPNN,6eqe_Repair,2.1525790691375732,172,F,A,6eqe_Repair,A
3441,ThermoMPNN,6eqe_Repair,1.1715120077133179,172,F,C,6eqe_Repair,A
3442,ThermoMPNN,6eqe_Repair,3.1835927963256836,172,F,D,6eqe_Repair,A
3443,ThermoMPNN,6eqe_Repair,2.5435574054718018,172,F,E,6eqe_Repair,A
3444,ThermoMPNN,6eqe_Repair,0.0,172,F,F,6eqe_Repair,A
3445,ThermoMPNN,6eqe_Repair,3.0052738189697266,172,F,G,6eqe_Repair,A
3446,ThermoMPNN,6eqe_Repair,2.1898679733276367,172,F,H,6eqe_Repair,A
3447,ThermoMPNN,6eqe_Repair,0.7019698619842529,172,F,I,6eqe_Repair,A
3448,ThermoMPNN,6eqe_Repair,2.5114550590515137,172,F,K,6eqe_Repair,A
3449,ThermoMPNN,6eqe_Repair,0.552992582321167,172,F,L,6eqe_Repair,A
3450,ThermoMPNN,6eqe_Repair,0.823609471321106,172,F,M,6eqe_Repair,A
3451,ThermoMPNN,6eqe_Repair,2.675422191619873,172,F,N,6eqe_Repair,A
3452,ThermoMPNN,6eqe_Repair,2.974337339401245,172,F,P,6eqe_Repair,A
3453,ThermoMPNN,6eqe_Repair,2.3603904247283936,172,F,Q,6eqe_Repair,A
3454,ThermoMPNN,6eqe_Repair,2.386465549468994,172,F,R,6eqe_Repair,A
3455,ThermoMPNN,6eqe_Repair,2.4821858406066895,172,F,S,6eqe_Repair,A
3456,ThermoMPNN,6eqe_Repair,1.968959927558899,172,F,T,6eqe_Repair,A
3457,ThermoMPNN,6eqe_Repair,1.1349202394485474,172,F,V,6eqe_Repair,A
3458,ThermoMPNN,6eqe_Repair,0.6547214984893799,172,F,W,6eqe_Repair,A
3459,ThermoMPNN,6eqe_Repair,0.7111797332763672,172,F,Y,6eqe_Repair,A
3460,ThermoMPNN,6eqe_Repair,0.0,173,A,A,6eqe_Repair,A
3461,ThermoMPNN,6eqe_Repair,0.2506098747253418,173,A,C,6eqe_Repair,A
3462,ThermoMPNN,6eqe_Repair,1.9434950351715088,173,A,D,6eqe_Repair,A
3463,ThermoMPNN,6eqe_Repair,1.8624522686004639,173,A,E,6eqe_Repair,A
3464,ThermoMPNN,6eqe_Repair,0.7632882595062256,173,A,F,6eqe_Repair,A
3465,ThermoMPNN,6eqe_Repair,0.5882151126861572,173,A,G,6eqe_Repair,A
3466,ThermoMPNN,6eqe_Repair,1.312442421913147,173,A,H,6eqe_Repair,A
3467,ThermoMPNN,6eqe_Repair,0.4389079809188843,173,A,I,6eqe_Repair,A
3468,ThermoMPNN,6eqe_Repair,1.4342222213745117,173,A,K,6eqe_Repair,A
3469,ThermoMPNN,6eqe_Repair,0.5023096799850464,173,A,L,6eqe_Repair,A
3470,ThermoMPNN,6eqe_Repair,0.5953378677368164,173,A,M,6eqe_Repair,A
3471,ThermoMPNN,6eqe_Repair,1.6337707042694092,173,A,N,6eqe_Repair,A
3472,ThermoMPNN,6eqe_Repair,2.5045933723449707,173,A,P,6eqe_Repair,A
3473,ThermoMPNN,6eqe_Repair,1.4727739095687866,173,A,Q,6eqe_Repair,A
3474,ThermoMPNN,6eqe_Repair,1.3057643175125122,173,A,R,6eqe_Repair,A
3475,ThermoMPNN,6eqe_Repair,0.524452805519104,173,A,S,6eqe_Repair,A
3476,ThermoMPNN,6eqe_Repair,0.7165007591247559,173,A,T,6eqe_Repair,A
3477,ThermoMPNN,6eqe_Repair,0.5472782850265503,173,A,V,6eqe_Repair,A
3478,ThermoMPNN,6eqe_Repair,0.7497236728668213,173,A,W,6eqe_Repair,A
3479,ThermoMPNN,6eqe_Repair,0.7885868549346924,173,A,Y,6eqe_Repair,A
3480,ThermoMPNN,6eqe_Repair,-0.32855522632598877,174,C,A,6eqe_Repair,A
3481,ThermoMPNN,6eqe_Repair,0.0,174,C,C,6eqe_Repair,A
3482,ThermoMPNN,6eqe_Repair,1.2630115747451782,174,C,D,6eqe_Repair,A
3483,ThermoMPNN,6eqe_Repair,1.6914985179901123,174,C,E,6eqe_Repair,A
3484,ThermoMPNN,6eqe_Repair,0.29540371894836426,174,C,F,6eqe_Repair,A
3485,ThermoMPNN,6eqe_Repair,0.3083055019378662,174,C,G,6eqe_Repair,A
3486,ThermoMPNN,6eqe_Repair,1.036501407623291,174,C,H,6eqe_Repair,A
3487,ThermoMPNN,6eqe_Repair,0.6553525328636169,174,C,I,6eqe_Repair,A
3488,ThermoMPNN,6eqe_Repair,1.3949939012527466,174,C,K,6eqe_Repair,A
3489,ThermoMPNN,6eqe_Repair,1.170118808746338,174,C,L,6eqe_Repair,A
3490,ThermoMPNN,6eqe_Repair,0.6839283108711243,174,C,M,6eqe_Repair,A
3491,ThermoMPNN,6eqe_Repair,1.4548869132995605,174,C,N,6eqe_Repair,A
3492,ThermoMPNN,6eqe_Repair,1.4008588790893555,174,C,P,6eqe_Repair,A
3493,ThermoMPNN,6eqe_Repair,1.1589319705963135,174,C,Q,6eqe_Repair,A
3494,ThermoMPNN,6eqe_Repair,1.458726406097412,174,C,R,6eqe_Repair,A
3495,ThermoMPNN,6eqe_Repair,-0.1492365598678589,174,C,S,6eqe_Repair,A
3496,ThermoMPNN,6eqe_Repair,0.2119656801223755,174,C,T,6eqe_Repair,A
3497,ThermoMPNN,6eqe_Repair,0.7720493078231812,174,C,V,6eqe_Repair,A
3498,ThermoMPNN,6eqe_Repair,0.3402312994003296,174,C,W,6eqe_Repair,A
3499,ThermoMPNN,6eqe_Repair,0.4887005686759949,174,C,Y,6eqe_Repair,A
3500,ThermoMPNN,6eqe_Repair,-0.4637739658355713,175,E,A,6eqe_Repair,A
3501,ThermoMPNN,6eqe_Repair,0.29183006286621094,175,E,C,6eqe_Repair,A
3502,ThermoMPNN,6eqe_Repair,1.4581327438354492,175,E,D,6eqe_Repair,A
3503,ThermoMPNN,6eqe_Repair,0.0,175,E,E,6eqe_Repair,A
3504,ThermoMPNN,6eqe_Repair,1.125070571899414,175,E,F,6eqe_Repair,A
3505,ThermoMPNN,6eqe_Repair,0.472045361995697,175,E,G,6eqe_Repair,A
3506,ThermoMPNN,6eqe_Repair,0.554724395275116,175,E,H,6eqe_Repair,A
3507,ThermoMPNN,6eqe_Repair,0.9856219291687012,175,E,I,6eqe_Repair,A
3508,ThermoMPNN,6eqe_Repair,0.1698974370956421,175,E,K,6eqe_Repair,A
3509,ThermoMPNN,6eqe_Repair,1.0196361541748047,175,E,L,6eqe_Repair,A
3510,ThermoMPNN,6eqe_Repair,0.32991838455200195,175,E,M,6eqe_Repair,A
3511,ThermoMPNN,6eqe_Repair,1.0465863943099976,175,E,N,6eqe_Repair,A
3512,ThermoMPNN,6eqe_Repair,2.4064087867736816,175,E,P,6eqe_Repair,A
3513,ThermoMPNN,6eqe_Repair,-0.34068024158477783,175,E,Q,6eqe_Repair,A
3514,ThermoMPNN,6eqe_Repair,0.3049173951148987,175,E,R,6eqe_Repair,A
3515,ThermoMPNN,6eqe_Repair,0.05154144763946533,175,E,S,6eqe_Repair,A
3516,ThermoMPNN,6eqe_Repair,0.4469761848449707,175,E,T,6eqe_Repair,A
3517,ThermoMPNN,6eqe_Repair,0.8911030292510986,175,E,V,6eqe_Repair,A
3518,ThermoMPNN,6eqe_Repair,1.1480439901351929,175,E,W,6eqe_Repair,A
3519,ThermoMPNN,6eqe_Repair,1.024658441543579,175,E,Y,6eqe_Repair,A
3520,ThermoMPNN,6eqe_Repair,0.03995192050933838,176,N,A,6eqe_Repair,A
3521,ThermoMPNN,6eqe_Repair,0.03902268409729004,176,N,C,6eqe_Repair,A
3522,ThermoMPNN,6eqe_Repair,0.9789692759513855,176,N,D,6eqe_Repair,A
3523,ThermoMPNN,6eqe_Repair,0.8539987206459045,176,N,E,6eqe_Repair,A
3524,ThermoMPNN,6eqe_Repair,0.5619491338729858,176,N,F,6eqe_Repair,A
3525,ThermoMPNN,6eqe_Repair,0.7965225577354431,176,N,G,6eqe_Repair,A
3526,ThermoMPNN,6eqe_Repair,0.25571298599243164,176,N,H,6eqe_Repair,A
3527,ThermoMPNN,6eqe_Repair,0.5650366544723511,176,N,I,6eqe_Repair,A
3528,ThermoMPNN,6eqe_Repair,-0.0579068660736084,176,N,K,6eqe_Repair,A
3529,ThermoMPNN,6eqe_Repair,0.2651863694190979,176,N,L,6eqe_Repair,A
3530,ThermoMPNN,6eqe_Repair,0.20692390203475952,176,N,M,6eqe_Repair,A
3531,ThermoMPNN,6eqe_Repair,0.0,176,N,N,6eqe_Repair,A
3532,ThermoMPNN,6eqe_Repair,2.9858851432800293,176,N,P,6eqe_Repair,A
3533,ThermoMPNN,6eqe_Repair,0.32613837718963623,176,N,Q,6eqe_Repair,A
3534,ThermoMPNN,6eqe_Repair,-0.14175093173980713,176,N,R,6eqe_Repair,A
3535,ThermoMPNN,6eqe_Repair,0.1693955659866333,176,N,S,6eqe_Repair,A
3536,ThermoMPNN,6eqe_Repair,0.38985371589660645,176,N,T,6eqe_Repair,A
3537,ThermoMPNN,6eqe_Repair,0.47608429193496704,176,N,V,6eqe_Repair,A
3538,ThermoMPNN,6eqe_Repair,0.6699377298355103,176,N,W,6eqe_Repair,A
3539,ThermoMPNN,6eqe_Repair,0.4351590871810913,176,N,Y,6eqe_Repair,A
3540,ThermoMPNN,6eqe_Repair,2.4748923778533936,177,D,A,6eqe_Repair,A
3541,ThermoMPNN,6eqe_Repair,1.683412790298462,177,D,C,6eqe_Repair,A
3542,ThermoMPNN,6eqe_Repair,0.0,177,D,D,6eqe_Repair,A
3543,ThermoMPNN,6eqe_Repair,2.322281837463379,177,D,E,6eqe_Repair,A
3544,ThermoMPNN,6eqe_Repair,2.0527100563049316,177,D,F,6eqe_Repair,A
3545,ThermoMPNN,6eqe_Repair,2.405205249786377,177,D,G,6eqe_Repair,A
3546,ThermoMPNN,6eqe_Repair,2.336395263671875,177,D,H,6eqe_Repair,A
3547,ThermoMPNN,6eqe_Repair,2.3328897953033447,177,D,I,6eqe_Repair,A
3548,ThermoMPNN,6eqe_Repair,2.712364435195923,177,D,K,6eqe_Repair,A
3549,ThermoMPNN,6eqe_Repair,2.3998332023620605,177,D,L,6eqe_Repair,A
3550,ThermoMPNN,6eqe_Repair,2.3472445011138916,177,D,M,6eqe_Repair,A
3551,ThermoMPNN,6eqe_Repair,1.2012062072753906,177,D,N,6eqe_Repair,A
3552,ThermoMPNN,6eqe_Repair,3.169013261795044,177,D,P,6eqe_Repair,A
3553,ThermoMPNN,6eqe_Repair,2.505786180496216,177,D,Q,6eqe_Repair,A
3554,ThermoMPNN,6eqe_Repair,2.5293641090393066,177,D,R,6eqe_Repair,A
3555,ThermoMPNN,6eqe_Repair,1.4204095602035522,177,D,S,6eqe_Repair,A
3556,ThermoMPNN,6eqe_Repair,2.2257323265075684,177,D,T,6eqe_Repair,A
3557,ThermoMPNN,6eqe_Repair,2.638587474822998,177,D,V,6eqe_Repair,A
3558,ThermoMPNN,6eqe_Repair,2.279156446456909,177,D,W,6eqe_Repair,A
3559,ThermoMPNN,6eqe_Repair,2.6250975131988525,177,D,Y,6eqe_Repair,A
3560,ThermoMPNN,6eqe_Repair,0.08265906572341919,178,S,A,6eqe_Repair,A
3561,ThermoMPNN,6eqe_Repair,-0.030577242374420166,178,S,C,6eqe_Repair,A
3562,ThermoMPNN,6eqe_Repair,0.14994221925735474,178,S,D,6eqe_Repair,A
3563,ThermoMPNN,6eqe_Repair,-0.004857361316680908,178,S,E,6eqe_Repair,A
3564,ThermoMPNN,6eqe_Repair,0.28872495889663696,178,S,F,6eqe_Repair,A
3565,ThermoMPNN,6eqe_Repair,0.2528020143508911,178,S,G,6eqe_Repair,A
3566,ThermoMPNN,6eqe_Repair,0.11384087800979614,178,S,H,6eqe_Repair,A
3567,ThermoMPNN,6eqe_Repair,0.2432805299758911,178,S,I,6eqe_Repair,A
3568,ThermoMPNN,6eqe_Repair,0.18215662240982056,178,S,K,6eqe_Repair,A
3569,ThermoMPNN,6eqe_Repair,0.13727331161499023,178,S,L,6eqe_Repair,A
3570,ThermoMPNN,6eqe_Repair,0.21528470516204834,178,S,M,6eqe_Repair,A
3571,ThermoMPNN,6eqe_Repair,0.12638640403747559,178,S,N,6eqe_Repair,A
3572,ThermoMPNN,6eqe_Repair,1.0835514068603516,178,S,P,6eqe_Repair,A
3573,ThermoMPNN,6eqe_Repair,0.0695345401763916,178,S,Q,6eqe_Repair,A
3574,ThermoMPNN,6eqe_Repair,0.23220300674438477,178,S,R,6eqe_Repair,A
3575,ThermoMPNN,6eqe_Repair,0.0,178,S,S,6eqe_Repair,A
3576,ThermoMPNN,6eqe_Repair,-0.23389148712158203,178,S,T,6eqe_Repair,A
3577,ThermoMPNN,6eqe_Repair,0.2024686336517334,178,S,V,6eqe_Repair,A
3578,ThermoMPNN,6eqe_Repair,0.25554758310317993,178,S,W,6eqe_Repair,A
3579,ThermoMPNN,6eqe_Repair,0.22268718481063843,178,S,Y,6eqe_Repair,A
3580,ThermoMPNN,6eqe_Repair,0.8692504167556763,179,I,A,6eqe_Repair,A
3581,ThermoMPNN,6eqe_Repair,0.37557822465896606,179,I,C,6eqe_Repair,A
3582,ThermoMPNN,6eqe_Repair,0.849197506904602,179,I,D,6eqe_Repair,A
3583,ThermoMPNN,6eqe_Repair,0.6663075685501099,179,I,E,6eqe_Repair,A
3584,ThermoMPNN,6eqe_Repair,0.18656492233276367,179,I,F,6eqe_Repair,A
3585,ThermoMPNN,6eqe_Repair,1.3253947496414185,179,I,G,6eqe_Repair,A
3586,ThermoMPNN,6eqe_Repair,0.6053053140640259,179,I,H,6eqe_Repair,A
3587,ThermoMPNN,6eqe_Repair,0.0,179,I,I,6eqe_Repair,A
3588,ThermoMPNN,6eqe_Repair,0.8160597085952759,179,I,K,6eqe_Repair,A
3589,ThermoMPNN,6eqe_Repair,0.23724889755249023,179,I,L,6eqe_Repair,A
3590,ThermoMPNN,6eqe_Repair,0.53524249792099,179,I,M,6eqe_Repair,A
3591,ThermoMPNN,6eqe_Repair,0.8126891851425171,179,I,N,6eqe_Repair,A
3592,ThermoMPNN,6eqe_Repair,1.7574665546417236,179,I,P,6eqe_Repair,A
3593,ThermoMPNN,6eqe_Repair,0.7632206678390503,179,I,Q,6eqe_Repair,A
3594,ThermoMPNN,6eqe_Repair,0.8407785296440125,179,I,R,6eqe_Repair,A
3595,ThermoMPNN,6eqe_Repair,0.9131401777267456,179,I,S,6eqe_Repair,A
3596,ThermoMPNN,6eqe_Repair,0.4923146367073059,179,I,T,6eqe_Repair,A
3597,ThermoMPNN,6eqe_Repair,0.26873040199279785,179,I,V,6eqe_Repair,A
3598,ThermoMPNN,6eqe_Repair,0.3804835081100464,179,I,W,6eqe_Repair,A
3599,ThermoMPNN,6eqe_Repair,0.24236178398132324,179,I,Y,6eqe_Repair,A
3600,ThermoMPNN,6eqe_Repair,0.0,180,A,A,6eqe_Repair,A
3601,ThermoMPNN,6eqe_Repair,0.14120328426361084,180,A,C,6eqe_Repair,A
3602,ThermoMPNN,6eqe_Repair,1.9509203433990479,180,A,D,6eqe_Repair,A
3603,ThermoMPNN,6eqe_Repair,1.8341624736785889,180,A,E,6eqe_Repair,A
3604,ThermoMPNN,6eqe_Repair,0.8602641224861145,180,A,F,6eqe_Repair,A
3605,ThermoMPNN,6eqe_Repair,1.3611302375793457,180,A,G,6eqe_Repair,A
3606,ThermoMPNN,6eqe_Repair,1.243753433227539,180,A,H,6eqe_Repair,A
3607,ThermoMPNN,6eqe_Repair,1.428167700767517,180,A,I,6eqe_Repair,A
3608,ThermoMPNN,6eqe_Repair,1.66204833984375,180,A,K,6eqe_Repair,A
3609,ThermoMPNN,6eqe_Repair,1.043094515800476,180,A,L,6eqe_Repair,A
3610,ThermoMPNN,6eqe_Repair,0.8597305417060852,180,A,M,6eqe_Repair,A
3611,ThermoMPNN,6eqe_Repair,1.3509817123413086,180,A,N,6eqe_Repair,A
3612,ThermoMPNN,6eqe_Repair,2.297313928604126,180,A,P,6eqe_Repair,A
3613,ThermoMPNN,6eqe_Repair,1.4537427425384521,180,A,Q,6eqe_Repair,A
3614,ThermoMPNN,6eqe_Repair,1.697145938873291,180,A,R,6eqe_Repair,A
3615,ThermoMPNN,6eqe_Repair,0.7474859356880188,180,A,S,6eqe_Repair,A
3616,ThermoMPNN,6eqe_Repair,0.8327080607414246,180,A,T,6eqe_Repair,A
3617,ThermoMPNN,6eqe_Repair,0.7954460382461548,180,A,V,6eqe_Repair,A
3618,ThermoMPNN,6eqe_Repair,1.1298246383666992,180,A,W,6eqe_Repair,A
3619,ThermoMPNN,6eqe_Repair,0.886785089969635,180,A,Y,6eqe_Repair,A
3620,ThermoMPNN,6eqe_Repair,1.0583605766296387,181,P,A,6eqe_Repair,A
3621,ThermoMPNN,6eqe_Repair,0.7637946605682373,181,P,C,6eqe_Repair,A
3622,ThermoMPNN,6eqe_Repair,1.7733197212219238,181,P,D,6eqe_Repair,A
3623,ThermoMPNN,6eqe_Repair,1.5291486978530884,181,P,E,6eqe_Repair,A
3624,ThermoMPNN,6eqe_Repair,1.4735466241836548,181,P,F,6eqe_Repair,A
3625,ThermoMPNN,6eqe_Repair,1.4221177101135254,181,P,G,6eqe_Repair,A
3626,ThermoMPNN,6eqe_Repair,1.28924560546875,181,P,H,6eqe_Repair,A
3627,ThermoMPNN,6eqe_Repair,0.9881141781806946,181,P,I,6eqe_Repair,A
3628,ThermoMPNN,6eqe_Repair,0.919524610042572,181,P,K,6eqe_Repair,A
3629,ThermoMPNN,6eqe_Repair,1.0328099727630615,181,P,L,6eqe_Repair,A
3630,ThermoMPNN,6eqe_Repair,1.113624095916748,181,P,M,6eqe_Repair,A
3631,ThermoMPNN,6eqe_Repair,1.2972891330718994,181,P,N,6eqe_Repair,A
3632,ThermoMPNN,6eqe_Repair,0.0,181,P,P,6eqe_Repair,A
3633,ThermoMPNN,6eqe_Repair,1.1999164819717407,181,P,Q,6eqe_Repair,A
3634,ThermoMPNN,6eqe_Repair,1.0332274436950684,181,P,R,6eqe_Repair,A
3635,ThermoMPNN,6eqe_Repair,1.157578468322754,181,P,S,6eqe_Repair,A
3636,ThermoMPNN,6eqe_Repair,1.2652589082717896,181,P,T,6eqe_Repair,A
3637,ThermoMPNN,6eqe_Repair,1.007362961769104,181,P,V,6eqe_Repair,A
3638,ThermoMPNN,6eqe_Repair,1.5020675659179688,181,P,W,6eqe_Repair,A
3639,ThermoMPNN,6eqe_Repair,1.34750235080719,181,P,Y,6eqe_Repair,A
3640,ThermoMPNN,6eqe_Repair,0.8318562507629395,182,V,A,6eqe_Repair,A
3641,ThermoMPNN,6eqe_Repair,0.4649915099143982,182,V,C,6eqe_Repair,A
3642,ThermoMPNN,6eqe_Repair,1.2385112047195435,182,V,D,6eqe_Repair,A
3643,ThermoMPNN,6eqe_Repair,1.356367588043213,182,V,E,6eqe_Repair,A
3644,ThermoMPNN,6eqe_Repair,0.7520245909690857,182,V,F,6eqe_Repair,A
3645,ThermoMPNN,6eqe_Repair,1.3278714418411255,182,V,G,6eqe_Repair,A
3646,ThermoMPNN,6eqe_Repair,0.7739039063453674,182,V,H,6eqe_Repair,A
3647,ThermoMPNN,6eqe_Repair,0.1782667636871338,182,V,I,6eqe_Repair,A
3648,ThermoMPNN,6eqe_Repair,0.7199817895889282,182,V,K,6eqe_Repair,A
3649,ThermoMPNN,6eqe_Repair,0.28812313079833984,182,V,L,6eqe_Repair,A
3650,ThermoMPNN,6eqe_Repair,0.7201396822929382,182,V,M,6eqe_Repair,A
3651,ThermoMPNN,6eqe_Repair,0.9831345081329346,182,V,N,6eqe_Repair,A
3652,ThermoMPNN,6eqe_Repair,0.3940886855125427,182,V,P,6eqe_Repair,A
3653,ThermoMPNN,6eqe_Repair,1.101792335510254,182,V,Q,6eqe_Repair,A
3654,ThermoMPNN,6eqe_Repair,0.657453179359436,182,V,R,6eqe_Repair,A
3655,ThermoMPNN,6eqe_Repair,1.0537903308868408,182,V,S,6eqe_Repair,A
3656,ThermoMPNN,6eqe_Repair,0.6995387077331543,182,V,T,6eqe_Repair,A
3657,ThermoMPNN,6eqe_Repair,0.0,182,V,V,6eqe_Repair,A
3658,ThermoMPNN,6eqe_Repair,0.57001131772995,182,V,W,6eqe_Repair,A
3659,ThermoMPNN,6eqe_Repair,0.5402120351791382,182,V,Y,6eqe_Repair,A
3660,ThermoMPNN,6eqe_Repair,-0.12980544567108154,183,N,A,6eqe_Repair,A
3661,ThermoMPNN,6eqe_Repair,-0.09114634990692139,183,N,C,6eqe_Repair,A
3662,ThermoMPNN,6eqe_Repair,0.15956151485443115,183,N,D,6eqe_Repair,A
3663,ThermoMPNN,6eqe_Repair,0.11439716815948486,183,N,E,6eqe_Repair,A
3664,ThermoMPNN,6eqe_Repair,0.09185189008712769,183,N,F,6eqe_Repair,A
3665,ThermoMPNN,6eqe_Repair,0.04085272550582886,183,N,G,6eqe_Repair,A
3666,ThermoMPNN,6eqe_Repair,-0.01277250051498413,183,N,H,6eqe_Repair,A
3667,ThermoMPNN,6eqe_Repair,0.18732476234436035,183,N,I,6eqe_Repair,A
3668,ThermoMPNN,6eqe_Repair,-0.09147399663925171,183,N,K,6eqe_Repair,A
3669,ThermoMPNN,6eqe_Repair,0.10028082132339478,183,N,L,6eqe_Repair,A
3670,ThermoMPNN,6eqe_Repair,0.19060081243515015,183,N,M,6eqe_Repair,A
3671,ThermoMPNN,6eqe_Repair,0.0,183,N,N,6eqe_Repair,A
3672,ThermoMPNN,6eqe_Repair,0.15196532011032104,183,N,P,6eqe_Repair,A
3673,ThermoMPNN,6eqe_Repair,0.10610955953598022,183,N,Q,6eqe_Repair,A
3674,ThermoMPNN,6eqe_Repair,-0.07415103912353516,183,N,R,6eqe_Repair,A
3675,ThermoMPNN,6eqe_Repair,-0.09456336498260498,183,N,S,6eqe_Repair,A
3676,ThermoMPNN,6eqe_Repair,-0.05708456039428711,183,N,T,6eqe_Repair,A
3677,ThermoMPNN,6eqe_Repair,0.20241570472717285,183,N,V,6eqe_Repair,A
3678,ThermoMPNN,6eqe_Repair,0.07023054361343384,183,N,W,6eqe_Repair,A
3679,ThermoMPNN,6eqe_Repair,0.017236173152923584,183,N,Y,6eqe_Repair,A
3680,ThermoMPNN,6eqe_Repair,0.1701555848121643,184,S,A,6eqe_Repair,A
3681,ThermoMPNN,6eqe_Repair,-0.1243332028388977,184,S,C,6eqe_Repair,A
3682,ThermoMPNN,6eqe_Repair,0.5086770057678223,184,S,D,6eqe_Repair,A
3683,ThermoMPNN,6eqe_Repair,0.12747293710708618,184,S,E,6eqe_Repair,A
3684,ThermoMPNN,6eqe_Repair,0.17611294984817505,184,S,F,6eqe_Repair,A
3685,ThermoMPNN,6eqe_Repair,0.6603544354438782,184,S,G,6eqe_Repair,A
3686,ThermoMPNN,6eqe_Repair,0.020667552947998047,184,S,H,6eqe_Repair,A
3687,ThermoMPNN,6eqe_Repair,0.2464699149131775,184,S,I,6eqe_Repair,A
3688,ThermoMPNN,6eqe_Repair,0.18266165256500244,184,S,K,6eqe_Repair,A
3689,ThermoMPNN,6eqe_Repair,0.10703420639038086,184,S,L,6eqe_Repair,A
3690,ThermoMPNN,6eqe_Repair,0.2111515998840332,184,S,M,6eqe_Repair,A
3691,ThermoMPNN,6eqe_Repair,0.11961966753005981,184,S,N,6eqe_Repair,A
3692,ThermoMPNN,6eqe_Repair,2.2684988975524902,184,S,P,6eqe_Repair,A
3693,ThermoMPNN,6eqe_Repair,0.15340709686279297,184,S,Q,6eqe_Repair,A
3694,ThermoMPNN,6eqe_Repair,0.17148637771606445,184,S,R,6eqe_Repair,A
3695,ThermoMPNN,6eqe_Repair,0.0,184,S,S,6eqe_Repair,A
3696,ThermoMPNN,6eqe_Repair,-0.3796237111091614,184,S,T,6eqe_Repair,A
3697,ThermoMPNN,6eqe_Repair,0.22903203964233398,184,S,V,6eqe_Repair,A
3698,ThermoMPNN,6eqe_Repair,0.16710621118545532,184,S,W,6eqe_Repair,A
3699,ThermoMPNN,6eqe_Repair,-0.07576829195022583,184,S,Y,6eqe_Repair,A
3700,ThermoMPNN,6eqe_Repair,-0.16476953029632568,185,S,A,6eqe_Repair,A
3701,ThermoMPNN,6eqe_Repair,-0.5942386388778687,185,S,C,6eqe_Repair,A
3702,ThermoMPNN,6eqe_Repair,1.222386360168457,185,S,D,6eqe_Repair,A
3703,ThermoMPNN,6eqe_Repair,0.9670541286468506,185,S,E,6eqe_Repair,A
3704,ThermoMPNN,6eqe_Repair,-0.5376008749008179,185,S,F,6eqe_Repair,A
3705,ThermoMPNN,6eqe_Repair,0.4300020635128021,185,S,G,6eqe_Repair,A
3706,ThermoMPNN,6eqe_Repair,-0.373282790184021,185,S,H,6eqe_Repair,A
3707,ThermoMPNN,6eqe_Repair,1.0007193088531494,185,S,I,6eqe_Repair,A
3708,ThermoMPNN,6eqe_Repair,0.18513226509094238,185,S,K,6eqe_Repair,A
3709,ThermoMPNN,6eqe_Repair,0.19092267751693726,185,S,L,6eqe_Repair,A
3710,ThermoMPNN,6eqe_Repair,-0.037377774715423584,185,S,M,6eqe_Repair,A
3711,ThermoMPNN,6eqe_Repair,0.1128014326095581,185,S,N,6eqe_Repair,A
3712,ThermoMPNN,6eqe_Repair,2.415958881378174,185,S,P,6eqe_Repair,A
3713,ThermoMPNN,6eqe_Repair,0.11613672971725464,185,S,Q,6eqe_Repair,A
3714,ThermoMPNN,6eqe_Repair,0.03400677442550659,185,S,R,6eqe_Repair,A
3715,ThermoMPNN,6eqe_Repair,0.0,185,S,S,6eqe_Repair,A
3716,ThermoMPNN,6eqe_Repair,0.24296313524246216,185,S,T,6eqe_Repair,A
3717,ThermoMPNN,6eqe_Repair,0.5017365217208862,185,S,V,6eqe_Repair,A
3718,ThermoMPNN,6eqe_Repair,-0.3301769495010376,185,S,W,6eqe_Repair,A
3719,ThermoMPNN,6eqe_Repair,-0.5800462961196899,185,S,Y,6eqe_Repair,A
3720,ThermoMPNN,6eqe_Repair,0.0,186,A,A,6eqe_Repair,A
3721,ThermoMPNN,6eqe_Repair,0.5610134601593018,186,A,C,6eqe_Repair,A
3722,ThermoMPNN,6eqe_Repair,1.832784652709961,186,A,D,6eqe_Repair,A
3723,ThermoMPNN,6eqe_Repair,1.693528413772583,186,A,E,6eqe_Repair,A
3724,ThermoMPNN,6eqe_Repair,1.1694104671478271,186,A,F,6eqe_Repair,A
3725,ThermoMPNN,6eqe_Repair,1.2700670957565308,186,A,G,6eqe_Repair,A
3726,ThermoMPNN,6eqe_Repair,1.929093837738037,186,A,H,6eqe_Repair,A
3727,ThermoMPNN,6eqe_Repair,0.9993454217910767,186,A,I,6eqe_Repair,A
3728,ThermoMPNN,6eqe_Repair,2.0467121601104736,186,A,K,6eqe_Repair,A
3729,ThermoMPNN,6eqe_Repair,1.3027105331420898,186,A,L,6eqe_Repair,A
3730,ThermoMPNN,6eqe_Repair,1.1635284423828125,186,A,M,6eqe_Repair,A
3731,ThermoMPNN,6eqe_Repair,1.984562873840332,186,A,N,6eqe_Repair,A
3732,ThermoMPNN,6eqe_Repair,0.9977863430976868,186,A,P,6eqe_Repair,A
3733,ThermoMPNN,6eqe_Repair,1.8221410512924194,186,A,Q,6eqe_Repair,A
3734,ThermoMPNN,6eqe_Repair,2.016533136367798,186,A,R,6eqe_Repair,A
3735,ThermoMPNN,6eqe_Repair,0.6892600059509277,186,A,S,6eqe_Repair,A
3736,ThermoMPNN,6eqe_Repair,0.9873078465461731,186,A,T,6eqe_Repair,A
3737,ThermoMPNN,6eqe_Repair,0.511410117149353,186,A,V,6eqe_Repair,A
3738,ThermoMPNN,6eqe_Repair,1.3057762384414673,186,A,W,6eqe_Repair,A
3739,ThermoMPNN,6eqe_Repair,1.531972885131836,186,A,Y,6eqe_Repair,A
3740,ThermoMPNN,6eqe_Repair,0.8710942268371582,187,L,A,6eqe_Repair,A
3741,ThermoMPNN,6eqe_Repair,0.6752649545669556,187,L,C,6eqe_Repair,A
3742,ThermoMPNN,6eqe_Repair,2.502887010574341,187,L,D,6eqe_Repair,A
3743,ThermoMPNN,6eqe_Repair,2.0534756183624268,187,L,E,6eqe_Repair,A
3744,ThermoMPNN,6eqe_Repair,0.7251768708229065,187,L,F,6eqe_Repair,A
3745,ThermoMPNN,6eqe_Repair,2.022294759750366,187,L,G,6eqe_Repair,A
3746,ThermoMPNN,6eqe_Repair,0.9393966197967529,187,L,H,6eqe_Repair,A
3747,ThermoMPNN,6eqe_Repair,0.5951756238937378,187,L,I,6eqe_Repair,A
3748,ThermoMPNN,6eqe_Repair,-0.9842886924743652,187,L,K,6eqe_Repair,A
3749,ThermoMPNN,6eqe_Repair,0.0,187,L,L,6eqe_Repair,A
3750,ThermoMPNN,6eqe_Repair,0.04432356357574463,187,L,M,6eqe_Repair,A
3751,ThermoMPNN,6eqe_Repair,1.147857666015625,187,L,N,6eqe_Repair,A
3752,ThermoMPNN,6eqe_Repair,2.475663900375366,187,L,P,6eqe_Repair,A
3753,ThermoMPNN,6eqe_Repair,0.5843157172203064,187,L,Q,6eqe_Repair,A
3754,ThermoMPNN,6eqe_Repair,-1.7137362957000732,187,L,R,6eqe_Repair,A
3755,ThermoMPNN,6eqe_Repair,0.9427782893180847,187,L,S,6eqe_Repair,A
3756,ThermoMPNN,6eqe_Repair,0.9016619324684143,187,L,T,6eqe_Repair,A
3757,ThermoMPNN,6eqe_Repair,1.0229603052139282,187,L,V,6eqe_Repair,A
3758,ThermoMPNN,6eqe_Repair,1.0098190307617188,187,L,W,6eqe_Repair,A
3759,ThermoMPNN,6eqe_Repair,0.8789670467376709,187,L,Y,6eqe_Repair,A
3760,ThermoMPNN,6eqe_Repair,1.6704926490783691,188,P,A,6eqe_Repair,A
3761,ThermoMPNN,6eqe_Repair,0.9636735916137695,188,P,C,6eqe_Repair,A
3762,ThermoMPNN,6eqe_Repair,2.5216915607452393,188,P,D,6eqe_Repair,A
3763,ThermoMPNN,6eqe_Repair,2.222277879714966,188,P,E,6eqe_Repair,A
3764,ThermoMPNN,6eqe_Repair,1.6668133735656738,188,P,F,6eqe_Repair,A
3765,ThermoMPNN,6eqe_Repair,2.04733943939209,188,P,G,6eqe_Repair,A
3766,ThermoMPNN,6eqe_Repair,2.0996179580688477,188,P,H,6eqe_Repair,A
3767,ThermoMPNN,6eqe_Repair,0.9118207693099976,188,P,I,6eqe_Repair,A
3768,ThermoMPNN,6eqe_Repair,1.269761323928833,188,P,K,6eqe_Repair,A
3769,ThermoMPNN,6eqe_Repair,0.90673828125,188,P,L,6eqe_Repair,A
3770,ThermoMPNN,6eqe_Repair,1.3053374290466309,188,P,M,6eqe_Repair,A
3771,ThermoMPNN,6eqe_Repair,2.081336736679077,188,P,N,6eqe_Repair,A
3772,ThermoMPNN,6eqe_Repair,0.0,188,P,P,6eqe_Repair,A
3773,ThermoMPNN,6eqe_Repair,1.872521162033081,188,P,Q,6eqe_Repair,A
3774,ThermoMPNN,6eqe_Repair,1.4656071662902832,188,P,R,6eqe_Repair,A
3775,ThermoMPNN,6eqe_Repair,1.794140100479126,188,P,S,6eqe_Repair,A
3776,ThermoMPNN,6eqe_Repair,1.5273315906524658,188,P,T,6eqe_Repair,A
3777,ThermoMPNN,6eqe_Repair,0.9447247982025146,188,P,V,6eqe_Repair,A
3778,ThermoMPNN,6eqe_Repair,1.7135748863220215,188,P,W,6eqe_Repair,A
3779,ThermoMPNN,6eqe_Repair,1.7874698638916016,188,P,Y,6eqe_Repair,A
3780,ThermoMPNN,6eqe_Repair,1.7412385940551758,189,I,A,6eqe_Repair,A
3781,ThermoMPNN,6eqe_Repair,1.2582131624221802,189,I,C,6eqe_Repair,A
3782,ThermoMPNN,6eqe_Repair,3.0193326473236084,189,I,D,6eqe_Repair,A
3783,ThermoMPNN,6eqe_Repair,2.863583564758301,189,I,E,6eqe_Repair,A
3784,ThermoMPNN,6eqe_Repair,1.0191665887832642,189,I,F,6eqe_Repair,A
3785,ThermoMPNN,6eqe_Repair,2.460552930831909,189,I,G,6eqe_Repair,A
3786,ThermoMPNN,6eqe_Repair,2.241805076599121,189,I,H,6eqe_Repair,A
3787,ThermoMPNN,6eqe_Repair,0.0,189,I,I,6eqe_Repair,A
3788,ThermoMPNN,6eqe_Repair,2.1641478538513184,189,I,K,6eqe_Repair,A
3789,ThermoMPNN,6eqe_Repair,0.29729747772216797,189,I,L,6eqe_Repair,A
3790,ThermoMPNN,6eqe_Repair,0.3880164623260498,189,I,M,6eqe_Repair,A
3791,ThermoMPNN,6eqe_Repair,2.6438682079315186,189,I,N,6eqe_Repair,A
3792,ThermoMPNN,6eqe_Repair,3.280241012573242,189,I,P,6eqe_Repair,A
3793,ThermoMPNN,6eqe_Repair,2.0303895473480225,189,I,Q,6eqe_Repair,A
3794,ThermoMPNN,6eqe_Repair,2.1581108570098877,189,I,R,6eqe_Repair,A
3795,ThermoMPNN,6eqe_Repair,2.5564186573028564,189,I,S,6eqe_Repair,A
3796,ThermoMPNN,6eqe_Repair,2.238267660140991,189,I,T,6eqe_Repair,A
3797,ThermoMPNN,6eqe_Repair,1.0424811840057373,189,I,V,6eqe_Repair,A
3798,ThermoMPNN,6eqe_Repair,1.725370168685913,189,I,W,6eqe_Repair,A
3799,ThermoMPNN,6eqe_Repair,1.6758549213409424,189,I,Y,6eqe_Repair,A
3800,ThermoMPNN,6eqe_Repair,3.0643937587738037,190,Y,A,6eqe_Repair,A
3801,ThermoMPNN,6eqe_Repair,2.4688785076141357,190,Y,C,6eqe_Repair,A
3802,ThermoMPNN,6eqe_Repair,2.974269151687622,190,Y,D,6eqe_Repair,A
3803,ThermoMPNN,6eqe_Repair,3.1243579387664795,190,Y,E,6eqe_Repair,A
3804,ThermoMPNN,6eqe_Repair,0.42109107971191406,190,Y,F,6eqe_Repair,A
3805,ThermoMPNN,6eqe_Repair,2.652270793914795,190,Y,G,6eqe_Repair,A
3806,ThermoMPNN,6eqe_Repair,2.504960536956787,190,Y,H,6eqe_Repair,A
3807,ThermoMPNN,6eqe_Repair,2.9090075492858887,190,Y,I,6eqe_Repair,A
3808,ThermoMPNN,6eqe_Repair,3.3304948806762695,190,Y,K,6eqe_Repair,A
3809,ThermoMPNN,6eqe_Repair,2.7260353565216064,190,Y,L,6eqe_Repair,A
3810,ThermoMPNN,6eqe_Repair,2.5929248332977295,190,Y,M,6eqe_Repair,A
3811,ThermoMPNN,6eqe_Repair,3.1828713417053223,190,Y,N,6eqe_Repair,A
3812,ThermoMPNN,6eqe_Repair,3.2082464694976807,190,Y,P,6eqe_Repair,A
3813,ThermoMPNN,6eqe_Repair,3.166846752166748,190,Y,Q,6eqe_Repair,A
3814,ThermoMPNN,6eqe_Repair,2.824171304702759,190,Y,R,6eqe_Repair,A
3815,ThermoMPNN,6eqe_Repair,3.1351981163024902,190,Y,S,6eqe_Repair,A
3816,ThermoMPNN,6eqe_Repair,3.032919406890869,190,Y,T,6eqe_Repair,A
3817,ThermoMPNN,6eqe_Repair,2.7739787101745605,190,Y,V,6eqe_Repair,A
3818,ThermoMPNN,6eqe_Repair,0.3871138095855713,190,Y,W,6eqe_Repair,A
3819,ThermoMPNN,6eqe_Repair,0.0,190,Y,Y,6eqe_Repair,A
3820,ThermoMPNN,6eqe_Repair,0.5174956321716309,191,D,A,6eqe_Repair,A
3821,ThermoMPNN,6eqe_Repair,-0.060994744300842285,191,D,C,6eqe_Repair,A
3822,ThermoMPNN,6eqe_Repair,0.0,191,D,D,6eqe_Repair,A
3823,ThermoMPNN,6eqe_Repair,0.16513442993164062,191,D,E,6eqe_Repair,A
3824,ThermoMPNN,6eqe_Repair,0.2331310510635376,191,D,F,6eqe_Repair,A
3825,ThermoMPNN,6eqe_Repair,1.3539001941680908,191,D,G,6eqe_Repair,A
3826,ThermoMPNN,6eqe_Repair,0.44006258249282837,191,D,H,6eqe_Repair,A
3827,ThermoMPNN,6eqe_Repair,0.48858118057250977,191,D,I,6eqe_Repair,A
3828,ThermoMPNN,6eqe_Repair,0.7290887236595154,191,D,K,6eqe_Repair,A
3829,ThermoMPNN,6eqe_Repair,0.10203123092651367,191,D,L,6eqe_Repair,A
3830,ThermoMPNN,6eqe_Repair,0.22819781303405762,191,D,M,6eqe_Repair,A
3831,ThermoMPNN,6eqe_Repair,0.16617512702941895,191,D,N,6eqe_Repair,A
3832,ThermoMPNN,6eqe_Repair,3.808147430419922,191,D,P,6eqe_Repair,A
3833,ThermoMPNN,6eqe_Repair,0.42278265953063965,191,D,Q,6eqe_Repair,A
3834,ThermoMPNN,6eqe_Repair,0.4581484794616699,191,D,R,6eqe_Repair,A
3835,ThermoMPNN,6eqe_Repair,0.6018379926681519,191,D,S,6eqe_Repair,A
3836,ThermoMPNN,6eqe_Repair,0.6082936525344849,191,D,T,6eqe_Repair,A
3837,ThermoMPNN,6eqe_Repair,0.6488376259803772,191,D,V,6eqe_Repair,A
3838,ThermoMPNN,6eqe_Repair,0.39244651794433594,191,D,W,6eqe_Repair,A
3839,ThermoMPNN,6eqe_Repair,0.3260301947593689,191,D,Y,6eqe_Repair,A
3840,ThermoMPNN,6eqe_Repair,1.0715534687042236,192,S,A,6eqe_Repair,A
3841,ThermoMPNN,6eqe_Repair,0.9746251106262207,192,S,C,6eqe_Repair,A
3842,ThermoMPNN,6eqe_Repair,2.0756115913391113,192,S,D,6eqe_Repair,A
3843,ThermoMPNN,6eqe_Repair,1.9712979793548584,192,S,E,6eqe_Repair,A
3844,ThermoMPNN,6eqe_Repair,1.704958438873291,192,S,F,6eqe_Repair,A
3845,ThermoMPNN,6eqe_Repair,1.5673376321792603,192,S,G,6eqe_Repair,A
3846,ThermoMPNN,6eqe_Repair,1.9399440288543701,192,S,H,6eqe_Repair,A
3847,ThermoMPNN,6eqe_Repair,1.7895170450210571,192,S,I,6eqe_Repair,A
3848,ThermoMPNN,6eqe_Repair,1.9111753702163696,192,S,K,6eqe_Repair,A
3849,ThermoMPNN,6eqe_Repair,2.031507968902588,192,S,L,6eqe_Repair,A
3850,ThermoMPNN,6eqe_Repair,1.5546953678131104,192,S,M,6eqe_Repair,A
3851,ThermoMPNN,6eqe_Repair,1.8768309354782104,192,S,N,6eqe_Repair,A
3852,ThermoMPNN,6eqe_Repair,2.424830198287964,192,S,P,6eqe_Repair,A
3853,ThermoMPNN,6eqe_Repair,1.686261534690857,192,S,Q,6eqe_Repair,A
3854,ThermoMPNN,6eqe_Repair,1.7947108745574951,192,S,R,6eqe_Repair,A
3855,ThermoMPNN,6eqe_Repair,0.0,192,S,S,6eqe_Repair,A
3856,ThermoMPNN,6eqe_Repair,0.38104772567749023,192,S,T,6eqe_Repair,A
3857,ThermoMPNN,6eqe_Repair,1.68990957736969,192,S,V,6eqe_Repair,A
3858,ThermoMPNN,6eqe_Repair,1.7190840244293213,192,S,W,6eqe_Repair,A
3859,ThermoMPNN,6eqe_Repair,1.9507993459701538,192,S,Y,6eqe_Repair,A
3860,ThermoMPNN,6eqe_Repair,2.1840386390686035,193,M,A,6eqe_Repair,A
3861,ThermoMPNN,6eqe_Repair,1.4879710674285889,193,M,C,6eqe_Repair,A
3862,ThermoMPNN,6eqe_Repair,2.6758909225463867,193,M,D,6eqe_Repair,A
3863,ThermoMPNN,6eqe_Repair,2.4987645149230957,193,M,E,6eqe_Repair,A
3864,ThermoMPNN,6eqe_Repair,0.6488507986068726,193,M,F,6eqe_Repair,A
3865,ThermoMPNN,6eqe_Repair,2.1832590103149414,193,M,G,6eqe_Repair,A
3866,ThermoMPNN,6eqe_Repair,2.257845163345337,193,M,H,6eqe_Repair,A
3867,ThermoMPNN,6eqe_Repair,0.3768521547317505,193,M,I,6eqe_Repair,A
3868,ThermoMPNN,6eqe_Repair,2.487365484237671,193,M,K,6eqe_Repair,A
3869,ThermoMPNN,6eqe_Repair,0.12868928909301758,193,M,L,6eqe_Repair,A
3870,ThermoMPNN,6eqe_Repair,0.0,193,M,M,6eqe_Repair,A
3871,ThermoMPNN,6eqe_Repair,2.417076826095581,193,M,N,6eqe_Repair,A
3872,ThermoMPNN,6eqe_Repair,2.1387476921081543,193,M,P,6eqe_Repair,A
3873,ThermoMPNN,6eqe_Repair,2.0726490020751953,193,M,Q,6eqe_Repair,A
3874,ThermoMPNN,6eqe_Repair,2.266050100326538,193,M,R,6eqe_Repair,A
3875,ThermoMPNN,6eqe_Repair,2.6031911373138428,193,M,S,6eqe_Repair,A
3876,ThermoMPNN,6eqe_Repair,2.347604274749756,193,M,T,6eqe_Repair,A
3877,ThermoMPNN,6eqe_Repair,1.4859037399291992,193,M,V,6eqe_Repair,A
3878,ThermoMPNN,6eqe_Repair,1.9887287616729736,193,M,W,6eqe_Repair,A
3879,ThermoMPNN,6eqe_Repair,1.642772912979126,193,M,Y,6eqe_Repair,A
3880,ThermoMPNN,6eqe_Repair,0.11107230186462402,194,S,A,6eqe_Repair,A
3881,ThermoMPNN,6eqe_Repair,-0.19219356775283813,194,S,C,6eqe_Repair,A
3882,ThermoMPNN,6eqe_Repair,0.30347299575805664,194,S,D,6eqe_Repair,A
3883,ThermoMPNN,6eqe_Repair,-0.03554338216781616,194,S,E,6eqe_Repair,A
3884,ThermoMPNN,6eqe_Repair,0.1842801570892334,194,S,F,6eqe_Repair,A
3885,ThermoMPNN,6eqe_Repair,0.3855411112308502,194,S,G,6eqe_Repair,A
3886,ThermoMPNN,6eqe_Repair,0.05088716745376587,194,S,H,6eqe_Repair,A
3887,ThermoMPNN,6eqe_Repair,-0.12128263711929321,194,S,I,6eqe_Repair,A
3888,ThermoMPNN,6eqe_Repair,0.03700941801071167,194,S,K,6eqe_Repair,A
3889,ThermoMPNN,6eqe_Repair,-0.06118464469909668,194,S,L,6eqe_Repair,A
3890,ThermoMPNN,6eqe_Repair,0.05179470777511597,194,S,M,6eqe_Repair,A
3891,ThermoMPNN,6eqe_Repair,0.19225269556045532,194,S,N,6eqe_Repair,A
3892,ThermoMPNN,6eqe_Repair,0.9337201118469238,194,S,P,6eqe_Repair,A
3893,ThermoMPNN,6eqe_Repair,-0.07221406698226929,194,S,Q,6eqe_Repair,A
3894,ThermoMPNN,6eqe_Repair,0.10391193628311157,194,S,R,6eqe_Repair,A
3895,ThermoMPNN,6eqe_Repair,0.0,194,S,S,6eqe_Repair,A
3896,ThermoMPNN,6eqe_Repair,-0.4511508345603943,194,S,T,6eqe_Repair,A
3897,ThermoMPNN,6eqe_Repair,-0.14276248216629028,194,S,V,6eqe_Repair,A
3898,ThermoMPNN,6eqe_Repair,0.3208307921886444,194,S,W,6eqe_Repair,A
3899,ThermoMPNN,6eqe_Repair,0.19972628355026245,194,S,Y,6eqe_Repair,A
3900,ThermoMPNN,6eqe_Repair,0.3451281189918518,195,R,A,6eqe_Repair,A
3901,ThermoMPNN,6eqe_Repair,0.27286040782928467,195,R,C,6eqe_Repair,A
3902,ThermoMPNN,6eqe_Repair,0.9537385106086731,195,R,D,6eqe_Repair,A
3903,ThermoMPNN,6eqe_Repair,0.8385519981384277,195,R,E,6eqe_Repair,A
3904,ThermoMPNN,6eqe_Repair,0.48425477743148804,195,R,F,6eqe_Repair,A
3905,ThermoMPNN,6eqe_Repair,0.4835700988769531,195,R,G,6eqe_Repair,A
3906,ThermoMPNN,6eqe_Repair,0.3336237668991089,195,R,H,6eqe_Repair,A
3907,ThermoMPNN,6eqe_Repair,0.5977993607521057,195,R,I,6eqe_Repair,A
3908,ThermoMPNN,6eqe_Repair,0.09211623668670654,195,R,K,6eqe_Repair,A
3909,ThermoMPNN,6eqe_Repair,0.470451295375824,195,R,L,6eqe_Repair,A
3910,ThermoMPNN,6eqe_Repair,0.4124264717102051,195,R,M,6eqe_Repair,A
3911,ThermoMPNN,6eqe_Repair,0.27787142992019653,195,R,N,6eqe_Repair,A
3912,ThermoMPNN,6eqe_Repair,1.4854004383087158,195,R,P,6eqe_Repair,A
3913,ThermoMPNN,6eqe_Repair,0.3777241110801697,195,R,Q,6eqe_Repair,A
3914,ThermoMPNN,6eqe_Repair,0.0,195,R,R,6eqe_Repair,A
3915,ThermoMPNN,6eqe_Repair,0.1785670518875122,195,R,S,6eqe_Repair,A
3916,ThermoMPNN,6eqe_Repair,0.20183849334716797,195,R,T,6eqe_Repair,A
3917,ThermoMPNN,6eqe_Repair,0.5408517718315125,195,R,V,6eqe_Repair,A
3918,ThermoMPNN,6eqe_Repair,0.5472336411476135,195,R,W,6eqe_Repair,A
3919,ThermoMPNN,6eqe_Repair,0.4714890718460083,195,R,Y,6eqe_Repair,A
3920,ThermoMPNN,6eqe_Repair,-0.6487532258033752,196,N,A,6eqe_Repair,A
3921,ThermoMPNN,6eqe_Repair,-0.8012615442276001,196,N,C,6eqe_Repair,A
3922,ThermoMPNN,6eqe_Repair,0.4087502956390381,196,N,D,6eqe_Repair,A
3923,ThermoMPNN,6eqe_Repair,0.15163087844848633,196,N,E,6eqe_Repair,A
3924,ThermoMPNN,6eqe_Repair,-0.022808492183685303,196,N,F,6eqe_Repair,A
3925,ThermoMPNN,6eqe_Repair,-0.10746771097183228,196,N,G,6eqe_Repair,A
3926,ThermoMPNN,6eqe_Repair,-0.03070560097694397,196,N,H,6eqe_Repair,A
3927,ThermoMPNN,6eqe_Repair,-0.3578462600708008,196,N,I,6eqe_Repair,A
3928,ThermoMPNN,6eqe_Repair,-0.09061983227729797,196,N,K,6eqe_Repair,A
3929,ThermoMPNN,6eqe_Repair,-0.11948603391647339,196,N,L,6eqe_Repair,A
3930,ThermoMPNN,6eqe_Repair,-0.5048303604125977,196,N,M,6eqe_Repair,A
3931,ThermoMPNN,6eqe_Repair,0.0,196,N,N,6eqe_Repair,A
3932,ThermoMPNN,6eqe_Repair,0.48469382524490356,196,N,P,6eqe_Repair,A
3933,ThermoMPNN,6eqe_Repair,-0.5392276644706726,196,N,Q,6eqe_Repair,A
3934,ThermoMPNN,6eqe_Repair,-0.2992449402809143,196,N,R,6eqe_Repair,A
3935,ThermoMPNN,6eqe_Repair,-1.223004937171936,196,N,S,6eqe_Repair,A
3936,ThermoMPNN,6eqe_Repair,-1.8613945245742798,196,N,T,6eqe_Repair,A
3937,ThermoMPNN,6eqe_Repair,-0.6679307222366333,196,N,V,6eqe_Repair,A
3938,ThermoMPNN,6eqe_Repair,0.45535463094711304,196,N,W,6eqe_Repair,A
3939,ThermoMPNN,6eqe_Repair,0.3687601089477539,196,N,Y,6eqe_Repair,A
3940,ThermoMPNN,6eqe_Repair,0.0,197,A,A,6eqe_Repair,A
3941,ThermoMPNN,6eqe_Repair,0.8145596981048584,197,A,C,6eqe_Repair,A
3942,ThermoMPNN,6eqe_Repair,2.3537652492523193,197,A,D,6eqe_Repair,A
3943,ThermoMPNN,6eqe_Repair,1.595109224319458,197,A,E,6eqe_Repair,A
3944,ThermoMPNN,6eqe_Repair,1.8457651138305664,197,A,F,6eqe_Repair,A
3945,ThermoMPNN,6eqe_Repair,1.826754093170166,197,A,G,6eqe_Repair,A
3946,ThermoMPNN,6eqe_Repair,1.6660792827606201,197,A,H,6eqe_Repair,A
3947,ThermoMPNN,6eqe_Repair,1.8482208251953125,197,A,I,6eqe_Repair,A
3948,ThermoMPNN,6eqe_Repair,1.5212122201919556,197,A,K,6eqe_Repair,A
3949,ThermoMPNN,6eqe_Repair,1.8814493417739868,197,A,L,6eqe_Repair,A
3950,ThermoMPNN,6eqe_Repair,1.777151107788086,197,A,M,6eqe_Repair,A
3951,ThermoMPNN,6eqe_Repair,1.9591319561004639,197,A,N,6eqe_Repair,A
3952,ThermoMPNN,6eqe_Repair,0.28473353385925293,197,A,P,6eqe_Repair,A
3953,ThermoMPNN,6eqe_Repair,1.595144271850586,197,A,Q,6eqe_Repair,A
3954,ThermoMPNN,6eqe_Repair,1.6904668807983398,197,A,R,6eqe_Repair,A
3955,ThermoMPNN,6eqe_Repair,0.5004105567932129,197,A,S,6eqe_Repair,A
3956,ThermoMPNN,6eqe_Repair,1.323864221572876,197,A,T,6eqe_Repair,A
3957,ThermoMPNN,6eqe_Repair,1.2893099784851074,197,A,V,6eqe_Repair,A
3958,ThermoMPNN,6eqe_Repair,2.0764963626861572,197,A,W,6eqe_Repair,A
3959,ThermoMPNN,6eqe_Repair,2.009328842163086,197,A,Y,6eqe_Repair,A
3960,ThermoMPNN,6eqe_Repair,1.3371520042419434,198,K,A,6eqe_Repair,A
3961,ThermoMPNN,6eqe_Repair,0.8282766342163086,198,K,C,6eqe_Repair,A
3962,ThermoMPNN,6eqe_Repair,2.517845869064331,198,K,D,6eqe_Repair,A
3963,ThermoMPNN,6eqe_Repair,2.162707567214966,198,K,E,6eqe_Repair,A
3964,ThermoMPNN,6eqe_Repair,0.7707780003547668,198,K,F,6eqe_Repair,A
3965,ThermoMPNN,6eqe_Repair,1.6675578355789185,198,K,G,6eqe_Repair,A
3966,ThermoMPNN,6eqe_Repair,1.1678626537322998,198,K,H,6eqe_Repair,A
3967,ThermoMPNN,6eqe_Repair,0.791002094745636,198,K,I,6eqe_Repair,A
3968,ThermoMPNN,6eqe_Repair,0.0,198,K,K,6eqe_Repair,A
3969,ThermoMPNN,6eqe_Repair,0.839061975479126,198,K,L,6eqe_Repair,A
3970,ThermoMPNN,6eqe_Repair,0.6427440643310547,198,K,M,6eqe_Repair,A
3971,ThermoMPNN,6eqe_Repair,1.5827101469039917,198,K,N,6eqe_Repair,A
3972,ThermoMPNN,6eqe_Repair,2.077345609664917,198,K,P,6eqe_Repair,A
3973,ThermoMPNN,6eqe_Repair,1.0338834524154663,198,K,Q,6eqe_Repair,A
3974,ThermoMPNN,6eqe_Repair,-0.3237783908843994,198,K,R,6eqe_Repair,A
3975,ThermoMPNN,6eqe_Repair,1.2083563804626465,198,K,S,6eqe_Repair,A
3976,ThermoMPNN,6eqe_Repair,1.1802952289581299,198,K,T,6eqe_Repair,A
3977,ThermoMPNN,6eqe_Repair,1.068537950515747,198,K,V,6eqe_Repair,A
3978,ThermoMPNN,6eqe_Repair,0.5866215229034424,198,K,W,6eqe_Repair,A
3979,ThermoMPNN,6eqe_Repair,0.6942803859710693,198,K,Y,6eqe_Repair,A
3980,ThermoMPNN,6eqe_Repair,-0.4230170249938965,199,Q,A,6eqe_Repair,A
3981,ThermoMPNN,6eqe_Repair,0.22465980052947998,199,Q,C,6eqe_Repair,A
3982,ThermoMPNN,6eqe_Repair,2.8029448986053467,199,Q,D,6eqe_Repair,A
3983,ThermoMPNN,6eqe_Repair,1.2260408401489258,199,Q,E,6eqe_Repair,A
3984,ThermoMPNN,6eqe_Repair,0.14780497550964355,199,Q,F,6eqe_Repair,A
3985,ThermoMPNN,6eqe_Repair,0.9699116945266724,199,Q,G,6eqe_Repair,A
3986,ThermoMPNN,6eqe_Repair,1.0942630767822266,199,Q,H,6eqe_Repair,A
3987,ThermoMPNN,6eqe_Repair,0.24920892715454102,199,Q,I,6eqe_Repair,A
3988,ThermoMPNN,6eqe_Repair,0.4699990153312683,199,Q,K,6eqe_Repair,A
3989,ThermoMPNN,6eqe_Repair,0.7127665281295776,199,Q,L,6eqe_Repair,A
3990,ThermoMPNN,6eqe_Repair,-0.38894474506378174,199,Q,M,6eqe_Repair,A
3991,ThermoMPNN,6eqe_Repair,2.1474249362945557,199,Q,N,6eqe_Repair,A
3992,ThermoMPNN,6eqe_Repair,2.2831995487213135,199,Q,P,6eqe_Repair,A
3993,ThermoMPNN,6eqe_Repair,0.0,199,Q,Q,6eqe_Repair,A
3994,ThermoMPNN,6eqe_Repair,0.1965327262878418,199,Q,R,6eqe_Repair,A
3995,ThermoMPNN,6eqe_Repair,0.48506319522857666,199,Q,S,6eqe_Repair,A
3996,ThermoMPNN,6eqe_Repair,1.0951898097991943,199,Q,T,6eqe_Repair,A
3997,ThermoMPNN,6eqe_Repair,0.3718600273132324,199,Q,V,6eqe_Repair,A
3998,ThermoMPNN,6eqe_Repair,1.1559422016143799,199,Q,W,6eqe_Repair,A
3999,ThermoMPNN,6eqe_Repair,1.0084490776062012,199,Q,Y,6eqe_Repair,A
4000,ThermoMPNN,6eqe_Repair,2.545942544937134,200,F,A,6eqe_Repair,A
4001,ThermoMPNN,6eqe_Repair,1.4752154350280762,200,F,C,6eqe_Repair,A
4002,ThermoMPNN,6eqe_Repair,2.9983901977539062,200,F,D,6eqe_Repair,A
4003,ThermoMPNN,6eqe_Repair,2.3647451400756836,200,F,E,6eqe_Repair,A
4004,ThermoMPNN,6eqe_Repair,0.0,200,F,F,6eqe_Repair,A
4005,ThermoMPNN,6eqe_Repair,2.959716320037842,200,F,G,6eqe_Repair,A
4006,ThermoMPNN,6eqe_Repair,2.027735710144043,200,F,H,6eqe_Repair,A
4007,ThermoMPNN,6eqe_Repair,1.0763843059539795,200,F,I,6eqe_Repair,A
4008,ThermoMPNN,6eqe_Repair,2.3018057346343994,200,F,K,6eqe_Repair,A
4009,ThermoMPNN,6eqe_Repair,0.7227463722229004,200,F,L,6eqe_Repair,A
4010,ThermoMPNN,6eqe_Repair,1.128251552581787,200,F,M,6eqe_Repair,A
4011,ThermoMPNN,6eqe_Repair,2.690779447555542,200,F,N,6eqe_Repair,A
4012,ThermoMPNN,6eqe_Repair,2.6847174167633057,200,F,P,6eqe_Repair,A
4013,ThermoMPNN,6eqe_Repair,2.3918933868408203,200,F,Q,6eqe_Repair,A
4014,ThermoMPNN,6eqe_Repair,2.066138744354248,200,F,R,6eqe_Repair,A
4015,ThermoMPNN,6eqe_Repair,2.6673808097839355,200,F,S,6eqe_Repair,A
4016,ThermoMPNN,6eqe_Repair,2.2223124504089355,200,F,T,6eqe_Repair,A
4017,ThermoMPNN,6eqe_Repair,1.6406508684158325,200,F,V,6eqe_Repair,A
4018,ThermoMPNN,6eqe_Repair,0.8284633159637451,200,F,W,6eqe_Repair,A
4019,ThermoMPNN,6eqe_Repair,0.38832950592041016,200,F,Y,6eqe_Repair,A
4020,ThermoMPNN,6eqe_Repair,1.8603794574737549,201,L,A,6eqe_Repair,A
4021,ThermoMPNN,6eqe_Repair,0.7714598178863525,201,L,C,6eqe_Repair,A
4022,ThermoMPNN,6eqe_Repair,3.0753700733184814,201,L,D,6eqe_Repair,A
4023,ThermoMPNN,6eqe_Repair,2.5781404972076416,201,L,E,6eqe_Repair,A
4024,ThermoMPNN,6eqe_Repair,0.3134654760360718,201,L,F,6eqe_Repair,A
4025,ThermoMPNN,6eqe_Repair,2.511183500289917,201,L,G,6eqe_Repair,A
4026,ThermoMPNN,6eqe_Repair,2.261854887008667,201,L,H,6eqe_Repair,A
4027,ThermoMPNN,6eqe_Repair,0.21245670318603516,201,L,I,6eqe_Repair,A
4028,ThermoMPNN,6eqe_Repair,2.787752866744995,201,L,K,6eqe_Repair,A
4029,ThermoMPNN,6eqe_Repair,0.0,201,L,L,6eqe_Repair,A
4030,ThermoMPNN,6eqe_Repair,0.3932657241821289,201,L,M,6eqe_Repair,A
4031,ThermoMPNN,6eqe_Repair,2.7101874351501465,201,L,N,6eqe_Repair,A
4032,ThermoMPNN,6eqe_Repair,2.66933012008667,201,L,P,6eqe_Repair,A
4033,ThermoMPNN,6eqe_Repair,2.4846982955932617,201,L,Q,6eqe_Repair,A
4034,ThermoMPNN,6eqe_Repair,2.609276533126831,201,L,R,6eqe_Repair,A
4035,ThermoMPNN,6eqe_Repair,2.295262336730957,201,L,S,6eqe_Repair,A
4036,ThermoMPNN,6eqe_Repair,1.9889211654663086,201,L,T,6eqe_Repair,A
4037,ThermoMPNN,6eqe_Repair,0.36461377143859863,201,L,V,6eqe_Repair,A
4038,ThermoMPNN,6eqe_Repair,0.5670030117034912,201,L,W,6eqe_Repair,A
4039,ThermoMPNN,6eqe_Repair,0.9269737005233765,201,L,Y,6eqe_Repair,A
4040,ThermoMPNN,6eqe_Repair,-0.33827269077301025,202,E,A,6eqe_Repair,A
4041,ThermoMPNN,6eqe_Repair,-1.0534825325012207,202,E,C,6eqe_Repair,A
4042,ThermoMPNN,6eqe_Repair,0.7666725516319275,202,E,D,6eqe_Repair,A
4043,ThermoMPNN,6eqe_Repair,0.0,202,E,E,6eqe_Repair,A
4044,ThermoMPNN,6eqe_Repair,-0.7837703227996826,202,E,F,6eqe_Repair,A
4045,ThermoMPNN,6eqe_Repair,0.202953040599823,202,E,G,6eqe_Repair,A
4046,ThermoMPNN,6eqe_Repair,0.08511710166931152,202,E,H,6eqe_Repair,A
4047,ThermoMPNN,6eqe_Repair,-0.494063138961792,202,E,I,6eqe_Repair,A
4048,ThermoMPNN,6eqe_Repair,-0.2587040662765503,202,E,K,6eqe_Repair,A
4049,ThermoMPNN,6eqe_Repair,-0.7316687107086182,202,E,L,6eqe_Repair,A
4050,ThermoMPNN,6eqe_Repair,-0.6994906663894653,202,E,M,6eqe_Repair,A
4051,ThermoMPNN,6eqe_Repair,0.3131329417228699,202,E,N,6eqe_Repair,A
4052,ThermoMPNN,6eqe_Repair,1.281254529953003,202,E,P,6eqe_Repair,A
4053,ThermoMPNN,6eqe_Repair,-0.2783925533294678,202,E,Q,6eqe_Repair,A
4054,ThermoMPNN,6eqe_Repair,-0.3294614553451538,202,E,R,6eqe_Repair,A
4055,ThermoMPNN,6eqe_Repair,-0.2188519835472107,202,E,S,6eqe_Repair,A
4056,ThermoMPNN,6eqe_Repair,-0.37344521284103394,202,E,T,6eqe_Repair,A
4057,ThermoMPNN,6eqe_Repair,-0.9029892683029175,202,E,V,6eqe_Repair,A
4058,ThermoMPNN,6eqe_Repair,-0.898210883140564,202,E,W,6eqe_Repair,A
4059,ThermoMPNN,6eqe_Repair,-0.5895394086837769,202,E,Y,6eqe_Repair,A
4060,ThermoMPNN,6eqe_Repair,1.964880347251892,203,I,A,6eqe_Repair,A
4061,ThermoMPNN,6eqe_Repair,1.03379225730896,203,I,C,6eqe_Repair,A
4062,ThermoMPNN,6eqe_Repair,2.7816288471221924,203,I,D,6eqe_Repair,A
4063,ThermoMPNN,6eqe_Repair,2.336947202682495,203,I,E,6eqe_Repair,A
4064,ThermoMPNN,6eqe_Repair,0.3529491424560547,203,I,F,6eqe_Repair,A
4065,ThermoMPNN,6eqe_Repair,2.7862250804901123,203,I,G,6eqe_Repair,A
4066,ThermoMPNN,6eqe_Repair,2.0346267223358154,203,I,H,6eqe_Repair,A
4067,ThermoMPNN,6eqe_Repair,0.0,203,I,I,6eqe_Repair,A
4068,ThermoMPNN,6eqe_Repair,2.4942216873168945,203,I,K,6eqe_Repair,A
4069,ThermoMPNN,6eqe_Repair,0.42212867736816406,203,I,L,6eqe_Repair,A
4070,ThermoMPNN,6eqe_Repair,0.6394782066345215,203,I,M,6eqe_Repair,A
4071,ThermoMPNN,6eqe_Repair,2.527440071105957,203,I,N,6eqe_Repair,A
4072,ThermoMPNN,6eqe_Repair,2.685927391052246,203,I,P,6eqe_Repair,A
4073,ThermoMPNN,6eqe_Repair,2.2426934242248535,203,I,Q,6eqe_Repair,A
4074,ThermoMPNN,6eqe_Repair,2.4380524158477783,203,I,R,6eqe_Repair,A
4075,ThermoMPNN,6eqe_Repair,2.305696725845337,203,I,S,6eqe_Repair,A
4076,ThermoMPNN,6eqe_Repair,1.8392267227172852,203,I,T,6eqe_Repair,A
4077,ThermoMPNN,6eqe_Repair,0.6740689277648926,203,I,V,6eqe_Repair,A
4078,ThermoMPNN,6eqe_Repair,0.8209118843078613,203,I,W,6eqe_Repair,A
4079,ThermoMPNN,6eqe_Repair,0.9174145460128784,203,I,Y,6eqe_Repair,A
4080,ThermoMPNN,6eqe_Repair,-1.1437019109725952,204,N,A,6eqe_Repair,A
4081,ThermoMPNN,6eqe_Repair,-0.673297643661499,204,N,C,6eqe_Repair,A
4082,ThermoMPNN,6eqe_Repair,1.0577569007873535,204,N,D,6eqe_Repair,A
4083,ThermoMPNN,6eqe_Repair,0.14900290966033936,204,N,E,6eqe_Repair,A
4084,ThermoMPNN,6eqe_Repair,0.19524946808815002,204,N,F,6eqe_Repair,A
4085,ThermoMPNN,6eqe_Repair,-0.061594754457473755,204,N,G,6eqe_Repair,A
4086,ThermoMPNN,6eqe_Repair,-0.21706834435462952,204,N,H,6eqe_Repair,A
4087,ThermoMPNN,6eqe_Repair,-0.21062442660331726,204,N,I,6eqe_Repair,A
4088,ThermoMPNN,6eqe_Repair,-1.1984511613845825,204,N,K,6eqe_Repair,A
4089,ThermoMPNN,6eqe_Repair,-0.20842984318733215,204,N,L,6eqe_Repair,A
4090,ThermoMPNN,6eqe_Repair,-0.4354719817638397,204,N,M,6eqe_Repair,A
4091,ThermoMPNN,6eqe_Repair,0.0,204,N,N,6eqe_Repair,A
4092,ThermoMPNN,6eqe_Repair,1.3711496591567993,204,N,P,6eqe_Repair,A
4093,ThermoMPNN,6eqe_Repair,-0.696506142616272,204,N,Q,6eqe_Repair,A
4094,ThermoMPNN,6eqe_Repair,-1.1888508796691895,204,N,R,6eqe_Repair,A
4095,ThermoMPNN,6eqe_Repair,-0.7382893562316895,204,N,S,6eqe_Repair,A
4096,ThermoMPNN,6eqe_Repair,-0.4875747859477997,204,N,T,6eqe_Repair,A
4097,ThermoMPNN,6eqe_Repair,-0.3229180872440338,204,N,V,6eqe_Repair,A
4098,ThermoMPNN,6eqe_Repair,0.2939574420452118,204,N,W,6eqe_Repair,A
4099,ThermoMPNN,6eqe_Repair,0.08859103918075562,204,N,Y,6eqe_Repair,A
4100,ThermoMPNN,6eqe_Repair,0.755704402923584,205,G,A,6eqe_Repair,A
4101,ThermoMPNN,6eqe_Repair,0.3852205276489258,205,G,C,6eqe_Repair,A
4102,ThermoMPNN,6eqe_Repair,0.9394720792770386,205,G,D,6eqe_Repair,A
4103,ThermoMPNN,6eqe_Repair,1.0233829021453857,205,G,E,6eqe_Repair,A
4104,ThermoMPNN,6eqe_Repair,0.6874471306800842,205,G,F,6eqe_Repair,A
4105,ThermoMPNN,6eqe_Repair,0.0,205,G,G,6eqe_Repair,A
4106,ThermoMPNN,6eqe_Repair,0.6646695137023926,205,G,H,6eqe_Repair,A
4107,ThermoMPNN,6eqe_Repair,1.2795146703720093,205,G,I,6eqe_Repair,A
4108,ThermoMPNN,6eqe_Repair,0.7380356192588806,205,G,K,6eqe_Repair,A
4109,ThermoMPNN,6eqe_Repair,0.889089047908783,205,G,L,6eqe_Repair,A
4110,ThermoMPNN,6eqe_Repair,0.830264687538147,205,G,M,6eqe_Repair,A
4111,ThermoMPNN,6eqe_Repair,0.6333536505699158,205,G,N,6eqe_Repair,A
4112,ThermoMPNN,6eqe_Repair,1.6494026184082031,205,G,P,6eqe_Repair,A
4113,ThermoMPNN,6eqe_Repair,0.846062421798706,205,G,Q,6eqe_Repair,A
4114,ThermoMPNN,6eqe_Repair,0.7641332149505615,205,G,R,6eqe_Repair,A
4115,ThermoMPNN,6eqe_Repair,0.8307396173477173,205,G,S,6eqe_Repair,A
4116,ThermoMPNN,6eqe_Repair,1.0769106149673462,205,G,T,6eqe_Repair,A
4117,ThermoMPNN,6eqe_Repair,1.2677704095840454,205,G,V,6eqe_Repair,A
4118,ThermoMPNN,6eqe_Repair,0.8304750919342041,205,G,W,6eqe_Repair,A
4119,ThermoMPNN,6eqe_Repair,0.7995011806488037,205,G,Y,6eqe_Repair,A
4120,ThermoMPNN,6eqe_Repair,1.2968456745147705,206,G,A,6eqe_Repair,A
4121,ThermoMPNN,6eqe_Repair,1.0667824745178223,206,G,C,6eqe_Repair,A
4122,ThermoMPNN,6eqe_Repair,2.0928006172180176,206,G,D,6eqe_Repair,A
4123,ThermoMPNN,6eqe_Repair,2.0308496952056885,206,G,E,6eqe_Repair,A
4124,ThermoMPNN,6eqe_Repair,1.1816482543945312,206,G,F,6eqe_Repair,A
4125,ThermoMPNN,6eqe_Repair,0.0,206,G,G,6eqe_Repair,A
4126,ThermoMPNN,6eqe_Repair,1.7708868980407715,206,G,H,6eqe_Repair,A
4127,ThermoMPNN,6eqe_Repair,1.449873924255371,206,G,I,6eqe_Repair,A
4128,ThermoMPNN,6eqe_Repair,1.9409258365631104,206,G,K,6eqe_Repair,A
4129,ThermoMPNN,6eqe_Repair,1.5486496686935425,206,G,L,6eqe_Repair,A
4130,ThermoMPNN,6eqe_Repair,1.5102713108062744,206,G,M,6eqe_Repair,A
4131,ThermoMPNN,6eqe_Repair,1.932457447052002,206,G,N,6eqe_Repair,A
4132,ThermoMPNN,6eqe_Repair,1.9018054008483887,206,G,P,6eqe_Repair,A
4133,ThermoMPNN,6eqe_Repair,1.9001293182373047,206,G,Q,6eqe_Repair,A
4134,ThermoMPNN,6eqe_Repair,1.8546743392944336,206,G,R,6eqe_Repair,A
4135,ThermoMPNN,6eqe_Repair,1.5434298515319824,206,G,S,6eqe_Repair,A
4136,ThermoMPNN,6eqe_Repair,1.6360423564910889,206,G,T,6eqe_Repair,A
4137,ThermoMPNN,6eqe_Repair,1.3256099224090576,206,G,V,6eqe_Repair,A
4138,ThermoMPNN,6eqe_Repair,1.321106195449829,206,G,W,6eqe_Repair,A
4139,ThermoMPNN,6eqe_Repair,1.3954191207885742,206,G,Y,6eqe_Repair,A
4140,ThermoMPNN,6eqe_Repair,0.14911168813705444,207,S,A,6eqe_Repair,A
4141,ThermoMPNN,6eqe_Repair,0.12333929538726807,207,S,C,6eqe_Repair,A
4142,ThermoMPNN,6eqe_Repair,0.08102703094482422,207,S,D,6eqe_Repair,A
4143,ThermoMPNN,6eqe_Repair,0.3570682406425476,207,S,E,6eqe_Repair,A
4144,ThermoMPNN,6eqe_Repair,0.5745635032653809,207,S,F,6eqe_Repair,A
4145,ThermoMPNN,6eqe_Repair,-0.03489351272583008,207,S,G,6eqe_Repair,A
4146,ThermoMPNN,6eqe_Repair,0.4606199264526367,207,S,H,6eqe_Repair,A
4147,ThermoMPNN,6eqe_Repair,0.6757233142852783,207,S,I,6eqe_Repair,A
4148,ThermoMPNN,6eqe_Repair,0.4374178647994995,207,S,K,6eqe_Repair,A
4149,ThermoMPNN,6eqe_Repair,0.633529782295227,207,S,L,6eqe_Repair,A
4150,ThermoMPNN,6eqe_Repair,0.5594453811645508,207,S,M,6eqe_Repair,A
4151,ThermoMPNN,6eqe_Repair,0.13809484243392944,207,S,N,6eqe_Repair,A
4152,ThermoMPNN,6eqe_Repair,0.88623046875,207,S,P,6eqe_Repair,A
4153,ThermoMPNN,6eqe_Repair,0.5187447667121887,207,S,Q,6eqe_Repair,A
4154,ThermoMPNN,6eqe_Repair,0.5205500721931458,207,S,R,6eqe_Repair,A
4155,ThermoMPNN,6eqe_Repair,0.0,207,S,S,6eqe_Repair,A
4156,ThermoMPNN,6eqe_Repair,0.06476664543151855,207,S,T,6eqe_Repair,A
4157,ThermoMPNN,6eqe_Repair,0.761106014251709,207,S,V,6eqe_Repair,A
4158,ThermoMPNN,6eqe_Repair,0.5292117595672607,207,S,W,6eqe_Repair,A
4159,ThermoMPNN,6eqe_Repair,0.6104976534843445,207,S,Y,6eqe_Repair,A
4160,ThermoMPNN,6eqe_Repair,0.6633098125457764,208,H,A,6eqe_Repair,A
4161,ThermoMPNN,6eqe_Repair,0.4486767053604126,208,H,C,6eqe_Repair,A
4162,ThermoMPNN,6eqe_Repair,1.8554906845092773,208,H,D,6eqe_Repair,A
4163,ThermoMPNN,6eqe_Repair,1.997910737991333,208,H,E,6eqe_Repair,A
4164,ThermoMPNN,6eqe_Repair,0.6036510467529297,208,H,F,6eqe_Repair,A
4165,ThermoMPNN,6eqe_Repair,1.286650538444519,208,H,G,6eqe_Repair,A
4166,ThermoMPNN,6eqe_Repair,0.0,208,H,H,6eqe_Repair,A
4167,ThermoMPNN,6eqe_Repair,1.2239885330200195,208,H,I,6eqe_Repair,A
4168,ThermoMPNN,6eqe_Repair,1.5716897249221802,208,H,K,6eqe_Repair,A
4169,ThermoMPNN,6eqe_Repair,1.4076991081237793,208,H,L,6eqe_Repair,A
4170,ThermoMPNN,6eqe_Repair,1.1340466737747192,208,H,M,6eqe_Repair,A
4171,ThermoMPNN,6eqe_Repair,1.3087961673736572,208,H,N,6eqe_Repair,A
4172,ThermoMPNN,6eqe_Repair,1.6645865440368652,208,H,P,6eqe_Repair,A
4173,ThermoMPNN,6eqe_Repair,1.2745943069458008,208,H,Q,6eqe_Repair,A
4174,ThermoMPNN,6eqe_Repair,1.3830337524414062,208,H,R,6eqe_Repair,A
4175,ThermoMPNN,6eqe_Repair,0.9164026975631714,208,H,S,6eqe_Repair,A
4176,ThermoMPNN,6eqe_Repair,1.1985251903533936,208,H,T,6eqe_Repair,A
4177,ThermoMPNN,6eqe_Repair,1.278820276260376,208,H,V,6eqe_Repair,A
4178,ThermoMPNN,6eqe_Repair,0.496012806892395,208,H,W,6eqe_Repair,A
4179,ThermoMPNN,6eqe_Repair,0.10508060455322266,208,H,Y,6eqe_Repair,A
4180,ThermoMPNN,6eqe_Repair,0.04521286487579346,209,S,A,6eqe_Repair,A
4181,ThermoMPNN,6eqe_Repair,-0.18041259050369263,209,S,C,6eqe_Repair,A
4182,ThermoMPNN,6eqe_Repair,0.12289315462112427,209,S,D,6eqe_Repair,A
4183,ThermoMPNN,6eqe_Repair,0.01628977060317993,209,S,E,6eqe_Repair,A
4184,ThermoMPNN,6eqe_Repair,0.05443185567855835,209,S,F,6eqe_Repair,A
4185,ThermoMPNN,6eqe_Repair,-0.1510184407234192,209,S,G,6eqe_Repair,A
4186,ThermoMPNN,6eqe_Repair,0.1039000153541565,209,S,H,6eqe_Repair,A
4187,ThermoMPNN,6eqe_Repair,0.4670923054218292,209,S,I,6eqe_Repair,A
4188,ThermoMPNN,6eqe_Repair,0.2521173357963562,209,S,K,6eqe_Repair,A
4189,ThermoMPNN,6eqe_Repair,0.3207250237464905,209,S,L,6eqe_Repair,A
4190,ThermoMPNN,6eqe_Repair,0.26071298122406006,209,S,M,6eqe_Repair,A
4191,ThermoMPNN,6eqe_Repair,0.10988050699234009,209,S,N,6eqe_Repair,A
4192,ThermoMPNN,6eqe_Repair,0.9036208987236023,209,S,P,6eqe_Repair,A
4193,ThermoMPNN,6eqe_Repair,0.16825729608535767,209,S,Q,6eqe_Repair,A
4194,ThermoMPNN,6eqe_Repair,0.3358486294746399,209,S,R,6eqe_Repair,A
4195,ThermoMPNN,6eqe_Repair,0.0,209,S,S,6eqe_Repair,A
4196,ThermoMPNN,6eqe_Repair,-0.1346023678779602,209,S,T,6eqe_Repair,A
4197,ThermoMPNN,6eqe_Repair,0.48084133863449097,209,S,V,6eqe_Repair,A
4198,ThermoMPNN,6eqe_Repair,-0.11492288112640381,209,S,W,6eqe_Repair,A
4199,ThermoMPNN,6eqe_Repair,-0.1195792555809021,209,S,Y,6eqe_Repair,A
4200,ThermoMPNN,6eqe_Repair,0.242933988571167,210,C,A,6eqe_Repair,A
4201,ThermoMPNN,6eqe_Repair,0.0,210,C,C,6eqe_Repair,A
4202,ThermoMPNN,6eqe_Repair,2.3734898567199707,210,C,D,6eqe_Repair,A
4203,ThermoMPNN,6eqe_Repair,2.341416358947754,210,C,E,6eqe_Repair,A
4204,ThermoMPNN,6eqe_Repair,-0.07538628578186035,210,C,F,6eqe_Repair,A
4205,ThermoMPNN,6eqe_Repair,1.2518489360809326,210,C,G,6eqe_Repair,A
4206,ThermoMPNN,6eqe_Repair,1.6730213165283203,210,C,H,6eqe_Repair,A
4207,ThermoMPNN,6eqe_Repair,0.349102258682251,210,C,I,6eqe_Repair,A
4208,ThermoMPNN,6eqe_Repair,1.853546142578125,210,C,K,6eqe_Repair,A
4209,ThermoMPNN,6eqe_Repair,0.8132786154747009,210,C,L,6eqe_Repair,A
4210,ThermoMPNN,6eqe_Repair,0.8833509087562561,210,C,M,6eqe_Repair,A
4211,ThermoMPNN,6eqe_Repair,2.176084041595459,210,C,N,6eqe_Repair,A
4212,ThermoMPNN,6eqe_Repair,1.3966686725616455,210,C,P,6eqe_Repair,A
4213,ThermoMPNN,6eqe_Repair,2.037877082824707,210,C,Q,6eqe_Repair,A
4214,ThermoMPNN,6eqe_Repair,1.9754176139831543,210,C,R,6eqe_Repair,A
4215,ThermoMPNN,6eqe_Repair,0.9465219378471375,210,C,S,6eqe_Repair,A
4216,ThermoMPNN,6eqe_Repair,0.9715878963470459,210,C,T,6eqe_Repair,A
4217,ThermoMPNN,6eqe_Repair,0.21658921241760254,210,C,V,6eqe_Repair,A
4218,ThermoMPNN,6eqe_Repair,0.8939904570579529,210,C,W,6eqe_Repair,A
4219,ThermoMPNN,6eqe_Repair,0.6095193028450012,210,C,Y,6eqe_Repair,A
4220,ThermoMPNN,6eqe_Repair,0.0,211,A,A,6eqe_Repair,A
4221,ThermoMPNN,6eqe_Repair,-0.5788019895553589,211,A,C,6eqe_Repair,A
4222,ThermoMPNN,6eqe_Repair,1.4202687740325928,211,A,D,6eqe_Repair,A
4223,ThermoMPNN,6eqe_Repair,1.1860005855560303,211,A,E,6eqe_Repair,A
4224,ThermoMPNN,6eqe_Repair,-0.8719478845596313,211,A,F,6eqe_Repair,A
4225,ThermoMPNN,6eqe_Repair,0.5241510272026062,211,A,G,6eqe_Repair,A
4226,ThermoMPNN,6eqe_Repair,0.5061288475990295,211,A,H,6eqe_Repair,A
4227,ThermoMPNN,6eqe_Repair,0.40754473209381104,211,A,I,6eqe_Repair,A
4228,ThermoMPNN,6eqe_Repair,1.0672036409378052,211,A,K,6eqe_Repair,A
4229,ThermoMPNN,6eqe_Repair,0.011956214904785156,211,A,L,6eqe_Repair,A
4230,ThermoMPNN,6eqe_Repair,-0.21592974662780762,211,A,M,6eqe_Repair,A
4231,ThermoMPNN,6eqe_Repair,0.7000788450241089,211,A,N,6eqe_Repair,A
4232,ThermoMPNN,6eqe_Repair,1.7045488357543945,211,A,P,6eqe_Repair,A
4233,ThermoMPNN,6eqe_Repair,0.8173994421958923,211,A,Q,6eqe_Repair,A
4234,ThermoMPNN,6eqe_Repair,0.9369524121284485,211,A,R,6eqe_Repair,A
4235,ThermoMPNN,6eqe_Repair,0.46730196475982666,211,A,S,6eqe_Repair,A
4236,ThermoMPNN,6eqe_Repair,0.2446802854537964,211,A,T,6eqe_Repair,A
4237,ThermoMPNN,6eqe_Repair,0.10853826999664307,211,A,V,6eqe_Repair,A
4238,ThermoMPNN,6eqe_Repair,0.21029996871948242,211,A,W,6eqe_Repair,A
4239,ThermoMPNN,6eqe_Repair,-0.158044695854187,211,A,Y,6eqe_Repair,A
4240,ThermoMPNN,6eqe_Repair,0.4660125970840454,212,N,A,6eqe_Repair,A
4241,ThermoMPNN,6eqe_Repair,-0.05104529857635498,212,N,C,6eqe_Repair,A
4242,ThermoMPNN,6eqe_Repair,0.2012237310409546,212,N,D,6eqe_Repair,A
4243,ThermoMPNN,6eqe_Repair,0.3856041431427002,212,N,E,6eqe_Repair,A
4244,ThermoMPNN,6eqe_Repair,0.495697021484375,212,N,F,6eqe_Repair,A
4245,ThermoMPNN,6eqe_Repair,0.7834349870681763,212,N,G,6eqe_Repair,A
4246,ThermoMPNN,6eqe_Repair,0.44645392894744873,212,N,H,6eqe_Repair,A
4247,ThermoMPNN,6eqe_Repair,0.862943708896637,212,N,I,6eqe_Repair,A
4248,ThermoMPNN,6eqe_Repair,0.6179698705673218,212,N,K,6eqe_Repair,A
4249,ThermoMPNN,6eqe_Repair,0.004465818405151367,212,N,L,6eqe_Repair,A
4250,ThermoMPNN,6eqe_Repair,0.15903079509735107,212,N,M,6eqe_Repair,A
4251,ThermoMPNN,6eqe_Repair,0.0,212,N,N,6eqe_Repair,A
4252,ThermoMPNN,6eqe_Repair,2.3599510192871094,212,N,P,6eqe_Repair,A
4253,ThermoMPNN,6eqe_Repair,0.3930099606513977,212,N,Q,6eqe_Repair,A
4254,ThermoMPNN,6eqe_Repair,0.7330149412155151,212,N,R,6eqe_Repair,A
4255,ThermoMPNN,6eqe_Repair,0.47909432649612427,212,N,S,6eqe_Repair,A
4256,ThermoMPNN,6eqe_Repair,0.29447048902511597,212,N,T,6eqe_Repair,A
4257,ThermoMPNN,6eqe_Repair,0.8506561517715454,212,N,V,6eqe_Repair,A
4258,ThermoMPNN,6eqe_Repair,0.6255309581756592,212,N,W,6eqe_Repair,A
4259,ThermoMPNN,6eqe_Repair,0.5873719453811646,212,N,Y,6eqe_Repair,A
4260,ThermoMPNN,6eqe_Repair,0.9637601971626282,213,S,A,6eqe_Repair,A
4261,ThermoMPNN,6eqe_Repair,0.7542269229888916,213,S,C,6eqe_Repair,A
4262,ThermoMPNN,6eqe_Repair,0.7663450241088867,213,S,D,6eqe_Repair,A
4263,ThermoMPNN,6eqe_Repair,1.1072331666946411,213,S,E,6eqe_Repair,A
4264,ThermoMPNN,6eqe_Repair,1.99824857711792,213,S,F,6eqe_Repair,A
4265,ThermoMPNN,6eqe_Repair,1.3508961200714111,213,S,G,6eqe_Repair,A
4266,ThermoMPNN,6eqe_Repair,1.2926338911056519,213,S,H,6eqe_Repair,A
4267,ThermoMPNN,6eqe_Repair,2.013554334640503,213,S,I,6eqe_Repair,A
4268,ThermoMPNN,6eqe_Repair,1.8067351579666138,213,S,K,6eqe_Repair,A
4269,ThermoMPNN,6eqe_Repair,1.7662692070007324,213,S,L,6eqe_Repair,A
4270,ThermoMPNN,6eqe_Repair,1.563820481300354,213,S,M,6eqe_Repair,A
4271,ThermoMPNN,6eqe_Repair,0.8977786898612976,213,S,N,6eqe_Repair,A
4272,ThermoMPNN,6eqe_Repair,1.997086763381958,213,S,P,6eqe_Repair,A
4273,ThermoMPNN,6eqe_Repair,1.3899238109588623,213,S,Q,6eqe_Repair,A
4274,ThermoMPNN,6eqe_Repair,1.7107170820236206,213,S,R,6eqe_Repair,A
4275,ThermoMPNN,6eqe_Repair,0.0,213,S,S,6eqe_Repair,A
4276,ThermoMPNN,6eqe_Repair,-0.1648731231689453,213,S,T,6eqe_Repair,A
4277,ThermoMPNN,6eqe_Repair,1.702380657196045,213,S,V,6eqe_Repair,A
4278,ThermoMPNN,6eqe_Repair,1.8800655603408813,213,S,W,6eqe_Repair,A
4279,ThermoMPNN,6eqe_Repair,1.9427638053894043,213,S,Y,6eqe_Repair,A
4280,ThermoMPNN,6eqe_Repair,1.4010423421859741,214,G,A,6eqe_Repair,A
4281,ThermoMPNN,6eqe_Repair,0.7473762035369873,214,G,C,6eqe_Repair,A
4282,ThermoMPNN,6eqe_Repair,1.0012123584747314,214,G,D,6eqe_Repair,A
4283,ThermoMPNN,6eqe_Repair,1.2811404466629028,214,G,E,6eqe_Repair,A
4284,ThermoMPNN,6eqe_Repair,1.352149248123169,214,G,F,6eqe_Repair,A
4285,ThermoMPNN,6eqe_Repair,0.0,214,G,G,6eqe_Repair,A
4286,ThermoMPNN,6eqe_Repair,1.2534855604171753,214,G,H,6eqe_Repair,A
4287,ThermoMPNN,6eqe_Repair,1.8696937561035156,214,G,I,6eqe_Repair,A
4288,ThermoMPNN,6eqe_Repair,1.5458316802978516,214,G,K,6eqe_Repair,A
4289,ThermoMPNN,6eqe_Repair,1.5594162940979004,214,G,L,6eqe_Repair,A
4290,ThermoMPNN,6eqe_Repair,1.3957767486572266,214,G,M,6eqe_Repair,A
4291,ThermoMPNN,6eqe_Repair,0.9622502326965332,214,G,N,6eqe_Repair,A
4292,ThermoMPNN,6eqe_Repair,2.1039981842041016,214,G,P,6eqe_Repair,A
4293,ThermoMPNN,6eqe_Repair,1.4713032245635986,214,G,Q,6eqe_Repair,A
4294,ThermoMPNN,6eqe_Repair,1.5631952285766602,214,G,R,6eqe_Repair,A
4295,ThermoMPNN,6eqe_Repair,1.2583657503128052,214,G,S,6eqe_Repair,A
4296,ThermoMPNN,6eqe_Repair,1.5838027000427246,214,G,T,6eqe_Repair,A
4297,ThermoMPNN,6eqe_Repair,1.9345813989639282,214,G,V,6eqe_Repair,A
4298,ThermoMPNN,6eqe_Repair,1.4489843845367432,214,G,W,6eqe_Repair,A
4299,ThermoMPNN,6eqe_Repair,1.4536162614822388,214,G,Y,6eqe_Repair,A
4300,ThermoMPNN,6eqe_Repair,0.8565150499343872,215,N,A,6eqe_Repair,A
4301,ThermoMPNN,6eqe_Repair,0.5554449558258057,215,N,C,6eqe_Repair,A
4302,ThermoMPNN,6eqe_Repair,0.7264071106910706,215,N,D,6eqe_Repair,A
4303,ThermoMPNN,6eqe_Repair,1.549129843711853,215,N,E,6eqe_Repair,A
4304,ThermoMPNN,6eqe_Repair,0.9305938482284546,215,N,F,6eqe_Repair,A
4305,ThermoMPNN,6eqe_Repair,0.9053894877433777,215,N,G,6eqe_Repair,A
4306,ThermoMPNN,6eqe_Repair,0.6061875224113464,215,N,H,6eqe_Repair,A
4307,ThermoMPNN,6eqe_Repair,1.469456434249878,215,N,I,6eqe_Repair,A
4308,ThermoMPNN,6eqe_Repair,1.191544532775879,215,N,K,6eqe_Repair,A
4309,ThermoMPNN,6eqe_Repair,1.1830281019210815,215,N,L,6eqe_Repair,A
4310,ThermoMPNN,6eqe_Repair,1.06199049949646,215,N,M,6eqe_Repair,A
4311,ThermoMPNN,6eqe_Repair,0.0,215,N,N,6eqe_Repair,A
4312,ThermoMPNN,6eqe_Repair,1.7333686351776123,215,N,P,6eqe_Repair,A
4313,ThermoMPNN,6eqe_Repair,1.1419979333877563,215,N,Q,6eqe_Repair,A
4314,ThermoMPNN,6eqe_Repair,0.9697526693344116,215,N,R,6eqe_Repair,A
4315,ThermoMPNN,6eqe_Repair,0.23071658611297607,215,N,S,6eqe_Repair,A
4316,ThermoMPNN,6eqe_Repair,0.42366456985473633,215,N,T,6eqe_Repair,A
4317,ThermoMPNN,6eqe_Repair,1.307849407196045,215,N,V,6eqe_Repair,A
4318,ThermoMPNN,6eqe_Repair,0.7846820950508118,215,N,W,6eqe_Repair,A
4319,ThermoMPNN,6eqe_Repair,0.8586190938949585,215,N,Y,6eqe_Repair,A
4320,ThermoMPNN,6eqe_Repair,0.08384621143341064,216,S,A,6eqe_Repair,A
4321,ThermoMPNN,6eqe_Repair,0.1408325433731079,216,S,C,6eqe_Repair,A
4322,ThermoMPNN,6eqe_Repair,0.2002364993095398,216,S,D,6eqe_Repair,A
4323,ThermoMPNN,6eqe_Repair,0.2245098352432251,216,S,E,6eqe_Repair,A
4324,ThermoMPNN,6eqe_Repair,0.44781672954559326,216,S,F,6eqe_Repair,A
4325,ThermoMPNN,6eqe_Repair,0.16717743873596191,216,S,G,6eqe_Repair,A
4326,ThermoMPNN,6eqe_Repair,0.3735913634300232,216,S,H,6eqe_Repair,A
4327,ThermoMPNN,6eqe_Repair,0.5010022521018982,216,S,I,6eqe_Repair,A
4328,ThermoMPNN,6eqe_Repair,0.3016432523727417,216,S,K,6eqe_Repair,A
4329,ThermoMPNN,6eqe_Repair,0.4099279046058655,216,S,L,6eqe_Repair,A
4330,ThermoMPNN,6eqe_Repair,0.40703362226486206,216,S,M,6eqe_Repair,A
4331,ThermoMPNN,6eqe_Repair,0.23989826440811157,216,S,N,6eqe_Repair,A
4332,ThermoMPNN,6eqe_Repair,0.42962437868118286,216,S,P,6eqe_Repair,A
4333,ThermoMPNN,6eqe_Repair,0.33079713582992554,216,S,Q,6eqe_Repair,A
4334,ThermoMPNN,6eqe_Repair,0.3676096200942993,216,S,R,6eqe_Repair,A
4335,ThermoMPNN,6eqe_Repair,0.0,216,S,S,6eqe_Repair,A
4336,ThermoMPNN,6eqe_Repair,0.10313504934310913,216,S,T,6eqe_Repair,A
4337,ThermoMPNN,6eqe_Repair,0.46988445520401,216,S,V,6eqe_Repair,A
4338,ThermoMPNN,6eqe_Repair,0.390654981136322,216,S,W,6eqe_Repair,A
4339,ThermoMPNN,6eqe_Repair,0.5007058382034302,216,S,Y,6eqe_Repair,A
4340,ThermoMPNN,6eqe_Repair,0.7168542146682739,217,N,A,6eqe_Repair,A
4341,ThermoMPNN,6eqe_Repair,-0.27522075176239014,217,N,C,6eqe_Repair,A
4342,ThermoMPNN,6eqe_Repair,0.35824620723724365,217,N,D,6eqe_Repair,A
4343,ThermoMPNN,6eqe_Repair,0.5659795999526978,217,N,E,6eqe_Repair,A
4344,ThermoMPNN,6eqe_Repair,-0.18131601810455322,217,N,F,6eqe_Repair,A
4345,ThermoMPNN,6eqe_Repair,1.4063689708709717,217,N,G,6eqe_Repair,A
4346,ThermoMPNN,6eqe_Repair,-0.10111284255981445,217,N,H,6eqe_Repair,A
4347,ThermoMPNN,6eqe_Repair,0.9164808988571167,217,N,I,6eqe_Repair,A
4348,ThermoMPNN,6eqe_Repair,1.2422714233398438,217,N,K,6eqe_Repair,A
4349,ThermoMPNN,6eqe_Repair,0.46733033657073975,217,N,L,6eqe_Repair,A
4350,ThermoMPNN,6eqe_Repair,0.445758581161499,217,N,M,6eqe_Repair,A
4351,ThermoMPNN,6eqe_Repair,0.0,217,N,N,6eqe_Repair,A
4352,ThermoMPNN,6eqe_Repair,2.3174214363098145,217,N,P,6eqe_Repair,A
4353,ThermoMPNN,6eqe_Repair,0.7821940183639526,217,N,Q,6eqe_Repair,A
4354,ThermoMPNN,6eqe_Repair,1.0338712930679321,217,N,R,6eqe_Repair,A
4355,ThermoMPNN,6eqe_Repair,0.6714807748794556,217,N,S,6eqe_Repair,A
4356,ThermoMPNN,6eqe_Repair,0.7120333909988403,217,N,T,6eqe_Repair,A
4357,ThermoMPNN,6eqe_Repair,0.6510591506958008,217,N,V,6eqe_Repair,A
4358,ThermoMPNN,6eqe_Repair,-0.23203086853027344,217,N,W,6eqe_Repair,A
4359,ThermoMPNN,6eqe_Repair,-0.31648170948028564,217,N,Y,6eqe_Repair,A
4360,ThermoMPNN,6eqe_Repair,0.1652635931968689,218,Q,A,6eqe_Repair,A
4361,ThermoMPNN,6eqe_Repair,0.2058926820755005,218,Q,C,6eqe_Repair,A
4362,ThermoMPNN,6eqe_Repair,0.23507487773895264,218,Q,D,6eqe_Repair,A
4363,ThermoMPNN,6eqe_Repair,0.18217211961746216,218,Q,E,6eqe_Repair,A
4364,ThermoMPNN,6eqe_Repair,0.22918373346328735,218,Q,F,6eqe_Repair,A
4365,ThermoMPNN,6eqe_Repair,0.33895397186279297,218,Q,G,6eqe_Repair,A
4366,ThermoMPNN,6eqe_Repair,0.25403743982315063,218,Q,H,6eqe_Repair,A
4367,ThermoMPNN,6eqe_Repair,0.2843129634857178,218,Q,I,6eqe_Repair,A
4368,ThermoMPNN,6eqe_Repair,0.16933345794677734,218,Q,K,6eqe_Repair,A
4369,ThermoMPNN,6eqe_Repair,0.24535006284713745,218,Q,L,6eqe_Repair,A
4370,ThermoMPNN,6eqe_Repair,0.20743894577026367,218,Q,M,6eqe_Repair,A
4371,ThermoMPNN,6eqe_Repair,0.3862348794937134,218,Q,N,6eqe_Repair,A
4372,ThermoMPNN,6eqe_Repair,0.5425321459770203,218,Q,P,6eqe_Repair,A
4373,ThermoMPNN,6eqe_Repair,0.0,218,Q,Q,6eqe_Repair,A
4374,ThermoMPNN,6eqe_Repair,0.2532907724380493,218,Q,R,6eqe_Repair,A
4375,ThermoMPNN,6eqe_Repair,0.23464345932006836,218,Q,S,6eqe_Repair,A
4376,ThermoMPNN,6eqe_Repair,0.21364730596542358,218,Q,T,6eqe_Repair,A
4377,ThermoMPNN,6eqe_Repair,0.4141615033149719,218,Q,V,6eqe_Repair,A
4378,ThermoMPNN,6eqe_Repair,0.24624937772750854,218,Q,W,6eqe_Repair,A
4379,ThermoMPNN,6eqe_Repair,0.25710880756378174,218,Q,Y,6eqe_Repair,A
4380,ThermoMPNN,6eqe_Repair,0.0,219,A,A,6eqe_Repair,A
4381,ThermoMPNN,6eqe_Repair,0.7204717397689819,219,A,C,6eqe_Repair,A
4382,ThermoMPNN,6eqe_Repair,0.8642486333847046,219,A,D,6eqe_Repair,A
4383,ThermoMPNN,6eqe_Repair,1.2744364738464355,219,A,E,6eqe_Repair,A
4384,ThermoMPNN,6eqe_Repair,1.3529019355773926,219,A,F,6eqe_Repair,A
4385,ThermoMPNN,6eqe_Repair,0.32033610343933105,219,A,G,6eqe_Repair,A
4386,ThermoMPNN,6eqe_Repair,1.2103984355926514,219,A,H,6eqe_Repair,A
4387,ThermoMPNN,6eqe_Repair,1.3777263164520264,219,A,I,6eqe_Repair,A
4388,ThermoMPNN,6eqe_Repair,1.1478594541549683,219,A,K,6eqe_Repair,A
4389,ThermoMPNN,6eqe_Repair,1.36676025390625,219,A,L,6eqe_Repair,A
4390,ThermoMPNN,6eqe_Repair,1.0784456729888916,219,A,M,6eqe_Repair,A
4391,ThermoMPNN,6eqe_Repair,1.0658013820648193,219,A,N,6eqe_Repair,A
4392,ThermoMPNN,6eqe_Repair,0.8537637591362,219,A,P,6eqe_Repair,A
4393,ThermoMPNN,6eqe_Repair,1.0410650968551636,219,A,Q,6eqe_Repair,A
4394,ThermoMPNN,6eqe_Repair,1.1061756610870361,219,A,R,6eqe_Repair,A
4395,ThermoMPNN,6eqe_Repair,0.37356722354888916,219,A,S,6eqe_Repair,A
4396,ThermoMPNN,6eqe_Repair,0.7865975499153137,219,A,T,6eqe_Repair,A
4397,ThermoMPNN,6eqe_Repair,1.0963480472564697,219,A,V,6eqe_Repair,A
4398,ThermoMPNN,6eqe_Repair,1.1087636947631836,219,A,W,6eqe_Repair,A
4399,ThermoMPNN,6eqe_Repair,1.3765950202941895,219,A,Y,6eqe_Repair,A
4400,ThermoMPNN,6eqe_Repair,1.7875492572784424,220,L,A,6eqe_Repair,A
4401,ThermoMPNN,6eqe_Repair,0.9153904914855957,220,L,C,6eqe_Repair,A
4402,ThermoMPNN,6eqe_Repair,1.6873193979263306,220,L,D,6eqe_Repair,A
4403,ThermoMPNN,6eqe_Repair,1.6688528060913086,220,L,E,6eqe_Repair,A
4404,ThermoMPNN,6eqe_Repair,0.7036608457565308,220,L,F,6eqe_Repair,A
4405,ThermoMPNN,6eqe_Repair,2.2429981231689453,220,L,G,6eqe_Repair,A
4406,ThermoMPNN,6eqe_Repair,2.038060188293457,220,L,H,6eqe_Repair,A
4407,ThermoMPNN,6eqe_Repair,0.7115437984466553,220,L,I,6eqe_Repair,A
4408,ThermoMPNN,6eqe_Repair,2.213313102722168,220,L,K,6eqe_Repair,A
4409,ThermoMPNN,6eqe_Repair,0.0,220,L,L,6eqe_Repair,A
4410,ThermoMPNN,6eqe_Repair,0.6443696022033691,220,L,M,6eqe_Repair,A
4411,ThermoMPNN,6eqe_Repair,2.1819186210632324,220,L,N,6eqe_Repair,A
4412,ThermoMPNN,6eqe_Repair,2.238471746444702,220,L,P,6eqe_Repair,A
4413,ThermoMPNN,6eqe_Repair,1.9435138702392578,220,L,Q,6eqe_Repair,A
4414,ThermoMPNN,6eqe_Repair,2.137821912765503,220,L,R,6eqe_Repair,A
4415,ThermoMPNN,6eqe_Repair,1.955207347869873,220,L,S,6eqe_Repair,A
4416,ThermoMPNN,6eqe_Repair,1.7818183898925781,220,L,T,6eqe_Repair,A
4417,ThermoMPNN,6eqe_Repair,1.1856780052185059,220,L,V,6eqe_Repair,A
4418,ThermoMPNN,6eqe_Repair,1.1440825462341309,220,L,W,6eqe_Repair,A
4419,ThermoMPNN,6eqe_Repair,1.4251623153686523,220,L,Y,6eqe_Repair,A
4420,ThermoMPNN,6eqe_Repair,2.0560827255249023,221,I,A,6eqe_Repair,A
4421,ThermoMPNN,6eqe_Repair,1.3925254344940186,221,I,C,6eqe_Repair,A
4422,ThermoMPNN,6eqe_Repair,2.2539772987365723,221,I,D,6eqe_Repair,A
4423,ThermoMPNN,6eqe_Repair,2.394855260848999,221,I,E,6eqe_Repair,A
4424,ThermoMPNN,6eqe_Repair,1.3284361362457275,221,I,F,6eqe_Repair,A
4425,ThermoMPNN,6eqe_Repair,3.023685932159424,221,I,G,6eqe_Repair,A
4426,ThermoMPNN,6eqe_Repair,2.4009909629821777,221,I,H,6eqe_Repair,A
4427,ThermoMPNN,6eqe_Repair,0.0,221,I,I,6eqe_Repair,A
4428,ThermoMPNN,6eqe_Repair,2.309723377227783,221,I,K,6eqe_Repair,A
4429,ThermoMPNN,6eqe_Repair,-0.017824411392211914,221,I,L,6eqe_Repair,A
4430,ThermoMPNN,6eqe_Repair,0.8457496166229248,221,I,M,6eqe_Repair,A
4431,ThermoMPNN,6eqe_Repair,2.442903518676758,221,I,N,6eqe_Repair,A
4432,ThermoMPNN,6eqe_Repair,2.9457650184631348,221,I,P,6eqe_Repair,A
4433,ThermoMPNN,6eqe_Repair,2.220216751098633,221,I,Q,6eqe_Repair,A
4434,ThermoMPNN,6eqe_Repair,2.307494640350342,221,I,R,6eqe_Repair,A
4435,ThermoMPNN,6eqe_Repair,2.3651745319366455,221,I,S,6eqe_Repair,A
4436,ThermoMPNN,6eqe_Repair,1.8946659564971924,221,I,T,6eqe_Repair,A
4437,ThermoMPNN,6eqe_Repair,0.8340210914611816,221,I,V,6eqe_Repair,A
4438,ThermoMPNN,6eqe_Repair,1.5749728679656982,221,I,W,6eqe_Repair,A
4439,ThermoMPNN,6eqe_Repair,1.6244595050811768,221,I,Y,6eqe_Repair,A
4440,ThermoMPNN,6eqe_Repair,0.7495445609092712,222,G,A,6eqe_Repair,A
4441,ThermoMPNN,6eqe_Repair,0.43372631072998047,222,G,C,6eqe_Repair,A
4442,ThermoMPNN,6eqe_Repair,1.1052533388137817,222,G,D,6eqe_Repair,A
4443,ThermoMPNN,6eqe_Repair,1.6346702575683594,222,G,E,6eqe_Repair,A
4444,ThermoMPNN,6eqe_Repair,0.8134363889694214,222,G,F,6eqe_Repair,A
4445,ThermoMPNN,6eqe_Repair,0.0,222,G,G,6eqe_Repair,A
4446,ThermoMPNN,6eqe_Repair,1.214442253112793,222,G,H,6eqe_Repair,A
4447,ThermoMPNN,6eqe_Repair,1.1861462593078613,222,G,I,6eqe_Repair,A
4448,ThermoMPNN,6eqe_Repair,1.3929274082183838,222,G,K,6eqe_Repair,A
4449,ThermoMPNN,6eqe_Repair,1.072052001953125,222,G,L,6eqe_Repair,A
4450,ThermoMPNN,6eqe_Repair,0.9691002368927002,222,G,M,6eqe_Repair,A
4451,ThermoMPNN,6eqe_Repair,1.006269931793213,222,G,N,6eqe_Repair,A
4452,ThermoMPNN,6eqe_Repair,2.284593105316162,222,G,P,6eqe_Repair,A
4453,ThermoMPNN,6eqe_Repair,1.2028422355651855,222,G,Q,6eqe_Repair,A
4454,ThermoMPNN,6eqe_Repair,1.3554869890213013,222,G,R,6eqe_Repair,A
4455,ThermoMPNN,6eqe_Repair,0.3433341979980469,222,G,S,6eqe_Repair,A
4456,ThermoMPNN,6eqe_Repair,0.5277559161186218,222,G,T,6eqe_Repair,A
4457,ThermoMPNN,6eqe_Repair,0.9603275060653687,222,G,V,6eqe_Repair,A
4458,ThermoMPNN,6eqe_Repair,0.6585314273834229,222,G,W,6eqe_Repair,A
4459,ThermoMPNN,6eqe_Repair,1.0354981422424316,222,G,Y,6eqe_Repair,A
4460,ThermoMPNN,6eqe_Repair,-0.4350762367248535,223,K,A,6eqe_Repair,A
4461,ThermoMPNN,6eqe_Repair,0.34321093559265137,223,K,C,6eqe_Repair,A
4462,ThermoMPNN,6eqe_Repair,1.7897694110870361,223,K,D,6eqe_Repair,A
4463,ThermoMPNN,6eqe_Repair,0.6371206641197205,223,K,E,6eqe_Repair,A
4464,ThermoMPNN,6eqe_Repair,0.5105329155921936,223,K,F,6eqe_Repair,A
4465,ThermoMPNN,6eqe_Repair,0.8699871301651001,223,K,G,6eqe_Repair,A
4466,ThermoMPNN,6eqe_Repair,0.5957443714141846,223,K,H,6eqe_Repair,A
4467,ThermoMPNN,6eqe_Repair,0.5336633324623108,223,K,I,6eqe_Repair,A
4468,ThermoMPNN,6eqe_Repair,0.0,223,K,K,6eqe_Repair,A
4469,ThermoMPNN,6eqe_Repair,0.5321597456932068,223,K,L,6eqe_Repair,A
4470,ThermoMPNN,6eqe_Repair,0.07906043529510498,223,K,M,6eqe_Repair,A
4471,ThermoMPNN,6eqe_Repair,1.2725509405136108,223,K,N,6eqe_Repair,A
4472,ThermoMPNN,6eqe_Repair,2.1367135047912598,223,K,P,6eqe_Repair,A
4473,ThermoMPNN,6eqe_Repair,-0.09772861003875732,223,K,Q,6eqe_Repair,A
4474,ThermoMPNN,6eqe_Repair,-0.1235809326171875,223,K,R,6eqe_Repair,A
4475,ThermoMPNN,6eqe_Repair,0.27666980028152466,223,K,S,6eqe_Repair,A
4476,ThermoMPNN,6eqe_Repair,0.7113124132156372,223,K,T,6eqe_Repair,A
4477,ThermoMPNN,6eqe_Repair,0.47549372911453247,223,K,V,6eqe_Repair,A
4478,ThermoMPNN,6eqe_Repair,0.48618775606155396,223,K,W,6eqe_Repair,A
4479,ThermoMPNN,6eqe_Repair,0.4807405471801758,223,K,Y,6eqe_Repair,A
4480,ThermoMPNN,6eqe_Repair,0.518853485584259,224,K,A,6eqe_Repair,A
4481,ThermoMPNN,6eqe_Repair,0.4772499203681946,224,K,C,6eqe_Repair,A
4482,ThermoMPNN,6eqe_Repair,2.4347214698791504,224,K,D,6eqe_Repair,A
4483,ThermoMPNN,6eqe_Repair,1.7258875370025635,224,K,E,6eqe_Repair,A
4484,ThermoMPNN,6eqe_Repair,0.1678915023803711,224,K,F,6eqe_Repair,A
4485,ThermoMPNN,6eqe_Repair,1.9929134845733643,224,K,G,6eqe_Repair,A
4486,ThermoMPNN,6eqe_Repair,0.26887011528015137,224,K,H,6eqe_Repair,A
4487,ThermoMPNN,6eqe_Repair,0.29497408866882324,224,K,I,6eqe_Repair,A
4488,ThermoMPNN,6eqe_Repair,0.0,224,K,K,6eqe_Repair,A
4489,ThermoMPNN,6eqe_Repair,0.23781180381774902,224,K,L,6eqe_Repair,A
4490,ThermoMPNN,6eqe_Repair,0.3281790018081665,224,K,M,6eqe_Repair,A
4491,ThermoMPNN,6eqe_Repair,1.1682146787643433,224,K,N,6eqe_Repair,A
4492,ThermoMPNN,6eqe_Repair,2.545445442199707,224,K,P,6eqe_Repair,A
4493,ThermoMPNN,6eqe_Repair,0.6412462592124939,224,K,Q,6eqe_Repair,A
4494,ThermoMPNN,6eqe_Repair,-0.1397641897201538,224,K,R,6eqe_Repair,A
4495,ThermoMPNN,6eqe_Repair,0.9297211170196533,224,K,S,6eqe_Repair,A
4496,ThermoMPNN,6eqe_Repair,0.9826167821884155,224,K,T,6eqe_Repair,A
4497,ThermoMPNN,6eqe_Repair,0.43886810541152954,224,K,V,6eqe_Repair,A
4498,ThermoMPNN,6eqe_Repair,0.485481321811676,224,K,W,6eqe_Repair,A
4499,ThermoMPNN,6eqe_Repair,-0.03211772441864014,224,K,Y,6eqe_Repair,A
4500,ThermoMPNN,6eqe_Repair,-0.1825864315032959,225,G,A,6eqe_Repair,A
4501,ThermoMPNN,6eqe_Repair,-0.5502605438232422,225,G,C,6eqe_Repair,A
4502,ThermoMPNN,6eqe_Repair,1.9111089706420898,225,G,D,6eqe_Repair,A
4503,ThermoMPNN,6eqe_Repair,1.572375774383545,225,G,E,6eqe_Repair,A
4504,ThermoMPNN,6eqe_Repair,-0.12801194190979004,225,G,F,6eqe_Repair,A
4505,ThermoMPNN,6eqe_Repair,0.0,225,G,G,6eqe_Repair,A
4506,ThermoMPNN,6eqe_Repair,1.2562072277069092,225,G,H,6eqe_Repair,A
4507,ThermoMPNN,6eqe_Repair,-0.3574228286743164,225,G,I,6eqe_Repair,A
4508,ThermoMPNN,6eqe_Repair,1.5734987258911133,225,G,K,6eqe_Repair,A
4509,ThermoMPNN,6eqe_Repair,-0.24832868576049805,225,G,L,6eqe_Repair,A
4510,ThermoMPNN,6eqe_Repair,0.13005030155181885,225,G,M,6eqe_Repair,A
4511,ThermoMPNN,6eqe_Repair,1.4724864959716797,225,G,N,6eqe_Repair,A
4512,ThermoMPNN,6eqe_Repair,2.8321616649627686,225,G,P,6eqe_Repair,A
4513,ThermoMPNN,6eqe_Repair,1.4155657291412354,225,G,Q,6eqe_Repair,A
4514,ThermoMPNN,6eqe_Repair,1.379197597503662,225,G,R,6eqe_Repair,A
4515,ThermoMPNN,6eqe_Repair,0.834420382976532,225,G,S,6eqe_Repair,A
4516,ThermoMPNN,6eqe_Repair,0.3802222013473511,225,G,T,6eqe_Repair,A
4517,ThermoMPNN,6eqe_Repair,-0.8484277725219727,225,G,V,6eqe_Repair,A
4518,ThermoMPNN,6eqe_Repair,0.7084056735038757,225,G,W,6eqe_Repair,A
4519,ThermoMPNN,6eqe_Repair,0.4311271905899048,225,G,Y,6eqe_Repair,A
4520,ThermoMPNN,6eqe_Repair,1.4178509712219238,226,V,A,6eqe_Repair,A
4521,ThermoMPNN,6eqe_Repair,1.1103215217590332,226,V,C,6eqe_Repair,A
4522,ThermoMPNN,6eqe_Repair,2.7233142852783203,226,V,D,6eqe_Repair,A
4523,ThermoMPNN,6eqe_Repair,2.1896841526031494,226,V,E,6eqe_Repair,A
4524,ThermoMPNN,6eqe_Repair,1.7159161567687988,226,V,F,6eqe_Repair,A
4525,ThermoMPNN,6eqe_Repair,2.496546983718872,226,V,G,6eqe_Repair,A
4526,ThermoMPNN,6eqe_Repair,2.6243765354156494,226,V,H,6eqe_Repair,A
4527,ThermoMPNN,6eqe_Repair,-0.06953096389770508,226,V,I,6eqe_Repair,A
4528,ThermoMPNN,6eqe_Repair,2.44634747505188,226,V,K,6eqe_Repair,A
4529,ThermoMPNN,6eqe_Repair,0.46710777282714844,226,V,L,6eqe_Repair,A
4530,ThermoMPNN,6eqe_Repair,0.9754600524902344,226,V,M,6eqe_Repair,A
4531,ThermoMPNN,6eqe_Repair,2.6582088470458984,226,V,N,6eqe_Repair,A
4532,ThermoMPNN,6eqe_Repair,2.8848953247070312,226,V,P,6eqe_Repair,A
4533,ThermoMPNN,6eqe_Repair,2.1533985137939453,226,V,Q,6eqe_Repair,A
4534,ThermoMPNN,6eqe_Repair,2.2873239517211914,226,V,R,6eqe_Repair,A
4535,ThermoMPNN,6eqe_Repair,1.828627347946167,226,V,S,6eqe_Repair,A
4536,ThermoMPNN,6eqe_Repair,0.8825019598007202,226,V,T,6eqe_Repair,A
4537,ThermoMPNN,6eqe_Repair,0.0,226,V,V,6eqe_Repair,A
4538,ThermoMPNN,6eqe_Repair,1.9338154792785645,226,V,W,6eqe_Repair,A
4539,ThermoMPNN,6eqe_Repair,2.09621000289917,226,V,Y,6eqe_Repair,A
4540,ThermoMPNN,6eqe_Repair,0.0,227,A,A,6eqe_Repair,A
4541,ThermoMPNN,6eqe_Repair,0.8435850143432617,227,A,C,6eqe_Repair,A
4542,ThermoMPNN,6eqe_Repair,2.9293720722198486,227,A,D,6eqe_Repair,A
4543,ThermoMPNN,6eqe_Repair,2.4370267391204834,227,A,E,6eqe_Repair,A
4544,ThermoMPNN,6eqe_Repair,1.6083800792694092,227,A,F,6eqe_Repair,A
4545,ThermoMPNN,6eqe_Repair,1.8911468982696533,227,A,G,6eqe_Repair,A
4546,ThermoMPNN,6eqe_Repair,2.3601126670837402,227,A,H,6eqe_Repair,A
4547,ThermoMPNN,6eqe_Repair,1.333827018737793,227,A,I,6eqe_Repair,A
4548,ThermoMPNN,6eqe_Repair,2.360536813735962,227,A,K,6eqe_Repair,A
4549,ThermoMPNN,6eqe_Repair,1.4536657333374023,227,A,L,6eqe_Repair,A
4550,ThermoMPNN,6eqe_Repair,1.3297618627548218,227,A,M,6eqe_Repair,A
4551,ThermoMPNN,6eqe_Repair,2.6195526123046875,227,A,N,6eqe_Repair,A
4552,ThermoMPNN,6eqe_Repair,2.9430742263793945,227,A,P,6eqe_Repair,A
4553,ThermoMPNN,6eqe_Repair,2.2675623893737793,227,A,Q,6eqe_Repair,A
4554,ThermoMPNN,6eqe_Repair,2.293159246444702,227,A,R,6eqe_Repair,A
4555,ThermoMPNN,6eqe_Repair,1.1360065937042236,227,A,S,6eqe_Repair,A
4556,ThermoMPNN,6eqe_Repair,1.7221457958221436,227,A,T,6eqe_Repair,A
4557,ThermoMPNN,6eqe_Repair,1.1492290496826172,227,A,V,6eqe_Repair,A
4558,ThermoMPNN,6eqe_Repair,1.658975601196289,227,A,W,6eqe_Repair,A
4559,ThermoMPNN,6eqe_Repair,1.7536084651947021,227,A,Y,6eqe_Repair,A
4560,ThermoMPNN,6eqe_Repair,3.7535412311553955,228,W,A,6eqe_Repair,A
4561,ThermoMPNN,6eqe_Repair,2.7322020530700684,228,W,C,6eqe_Repair,A
4562,ThermoMPNN,6eqe_Repair,3.9128386974334717,228,W,D,6eqe_Repair,A
4563,ThermoMPNN,6eqe_Repair,4.2097015380859375,228,W,E,6eqe_Repair,A
4564,ThermoMPNN,6eqe_Repair,2.3900530338287354,228,W,F,6eqe_Repair,A
4565,ThermoMPNN,6eqe_Repair,3.7716708183288574,228,W,G,6eqe_Repair,A
4566,ThermoMPNN,6eqe_Repair,3.639364242553711,228,W,H,6eqe_Repair,A
4567,ThermoMPNN,6eqe_Repair,3.060453414916992,228,W,I,6eqe_Repair,A
4568,ThermoMPNN,6eqe_Repair,4.121506690979004,228,W,K,6eqe_Repair,A
4569,ThermoMPNN,6eqe_Repair,3.0820560455322266,228,W,L,6eqe_Repair,A
4570,ThermoMPNN,6eqe_Repair,2.9931206703186035,228,W,M,6eqe_Repair,A
4571,ThermoMPNN,6eqe_Repair,4.000126838684082,228,W,N,6eqe_Repair,A
4572,ThermoMPNN,6eqe_Repair,3.832854747772217,228,W,P,6eqe_Repair,A
4573,ThermoMPNN,6eqe_Repair,3.8170435428619385,228,W,Q,6eqe_Repair,A
4574,ThermoMPNN,6eqe_Repair,4.1043806076049805,228,W,R,6eqe_Repair,A
4575,ThermoMPNN,6eqe_Repair,3.4672226905822754,228,W,S,6eqe_Repair,A
4576,ThermoMPNN,6eqe_Repair,3.6523118019104004,228,W,T,6eqe_Repair,A
4577,ThermoMPNN,6eqe_Repair,2.9841322898864746,228,W,V,6eqe_Repair,A
4578,ThermoMPNN,6eqe_Repair,0.0,228,W,W,6eqe_Repair,A
4579,ThermoMPNN,6eqe_Repair,2.0475192070007324,228,W,Y,6eqe_Repair,A
4580,ThermoMPNN,6eqe_Repair,1.7137742042541504,229,M,A,6eqe_Repair,A
4581,ThermoMPNN,6eqe_Repair,0.7439208030700684,229,M,C,6eqe_Repair,A
4582,ThermoMPNN,6eqe_Repair,2.8229525089263916,229,M,D,6eqe_Repair,A
4583,ThermoMPNN,6eqe_Repair,2.2952253818511963,229,M,E,6eqe_Repair,A
4584,ThermoMPNN,6eqe_Repair,-0.6899690628051758,229,M,F,6eqe_Repair,A
4585,ThermoMPNN,6eqe_Repair,1.977806806564331,229,M,G,6eqe_Repair,A
4586,ThermoMPNN,6eqe_Repair,1.8111586570739746,229,M,H,6eqe_Repair,A
4587,ThermoMPNN,6eqe_Repair,0.9165242910385132,229,M,I,6eqe_Repair,A
4588,ThermoMPNN,6eqe_Repair,2.504652500152588,229,M,K,6eqe_Repair,A
4589,ThermoMPNN,6eqe_Repair,0.16705775260925293,229,M,L,6eqe_Repair,A
4590,ThermoMPNN,6eqe_Repair,0.0,229,M,M,6eqe_Repair,A
4591,ThermoMPNN,6eqe_Repair,2.2614824771881104,229,M,N,6eqe_Repair,A
4592,ThermoMPNN,6eqe_Repair,2.8820667266845703,229,M,P,6eqe_Repair,A
4593,ThermoMPNN,6eqe_Repair,1.9738205671310425,229,M,Q,6eqe_Repair,A
4594,ThermoMPNN,6eqe_Repair,2.3105971813201904,229,M,R,6eqe_Repair,A
4595,ThermoMPNN,6eqe_Repair,2.30460786819458,229,M,S,6eqe_Repair,A
4596,ThermoMPNN,6eqe_Repair,2.3377413749694824,229,M,T,6eqe_Repair,A
4597,ThermoMPNN,6eqe_Repair,1.3723320960998535,229,M,V,6eqe_Repair,A
4598,ThermoMPNN,6eqe_Repair,0.5896772146224976,229,M,W,6eqe_Repair,A
4599,ThermoMPNN,6eqe_Repair,0.41280126571655273,229,M,Y,6eqe_Repair,A
4600,ThermoMPNN,6eqe_Repair,1.2028144598007202,230,K,A,6eqe_Repair,A
4601,ThermoMPNN,6eqe_Repair,0.9502615928649902,230,K,C,6eqe_Repair,A
4602,ThermoMPNN,6eqe_Repair,3.378908395767212,230,K,D,6eqe_Repair,A
4603,ThermoMPNN,6eqe_Repair,2.5300726890563965,230,K,E,6eqe_Repair,A
4604,ThermoMPNN,6eqe_Repair,1.3348790407180786,230,K,F,6eqe_Repair,A
4605,ThermoMPNN,6eqe_Repair,2.236692190170288,230,K,G,6eqe_Repair,A
4606,ThermoMPNN,6eqe_Repair,1.4813876152038574,230,K,H,6eqe_Repair,A
4607,ThermoMPNN,6eqe_Repair,1.5336482524871826,230,K,I,6eqe_Repair,A
4608,ThermoMPNN,6eqe_Repair,0.0,230,K,K,6eqe_Repair,A
4609,ThermoMPNN,6eqe_Repair,0.5417027473449707,230,K,L,6eqe_Repair,A
4610,ThermoMPNN,6eqe_Repair,0.7356481552124023,230,K,M,6eqe_Repair,A
4611,ThermoMPNN,6eqe_Repair,1.910889744758606,230,K,N,6eqe_Repair,A
4612,ThermoMPNN,6eqe_Repair,2.9011037349700928,230,K,P,6eqe_Repair,A
4613,ThermoMPNN,6eqe_Repair,1.2035682201385498,230,K,Q,6eqe_Repair,A
4614,ThermoMPNN,6eqe_Repair,-0.2932252883911133,230,K,R,6eqe_Repair,A
4615,ThermoMPNN,6eqe_Repair,1.590362787246704,230,K,S,6eqe_Repair,A
4616,ThermoMPNN,6eqe_Repair,1.8529667854309082,230,K,T,6eqe_Repair,A
4617,ThermoMPNN,6eqe_Repair,1.618669033050537,230,K,V,6eqe_Repair,A
4618,ThermoMPNN,6eqe_Repair,1.7328212261199951,230,K,W,6eqe_Repair,A
4619,ThermoMPNN,6eqe_Repair,1.5121071338653564,230,K,Y,6eqe_Repair,A
4620,ThermoMPNN,6eqe_Repair,0.6369351744651794,231,R,A,6eqe_Repair,A
4621,ThermoMPNN,6eqe_Repair,-0.2391696572303772,231,R,C,6eqe_Repair,A
4622,ThermoMPNN,6eqe_Repair,1.7416027784347534,231,R,D,6eqe_Repair,A
4623,ThermoMPNN,6eqe_Repair,1.2803103923797607,231,R,E,6eqe_Repair,A
4624,ThermoMPNN,6eqe_Repair,-0.7293326258659363,231,R,F,6eqe_Repair,A
4625,ThermoMPNN,6eqe_Repair,1.3999978303909302,231,R,G,6eqe_Repair,A
4626,ThermoMPNN,6eqe_Repair,0.36054661870002747,231,R,H,6eqe_Repair,A
4627,ThermoMPNN,6eqe_Repair,0.17123860120773315,231,R,I,6eqe_Repair,A
4628,ThermoMPNN,6eqe_Repair,0.4607812464237213,231,R,K,6eqe_Repair,A
4629,ThermoMPNN,6eqe_Repair,-0.7818536162376404,231,R,L,6eqe_Repair,A
4630,ThermoMPNN,6eqe_Repair,-0.24489372968673706,231,R,M,6eqe_Repair,A
4631,ThermoMPNN,6eqe_Repair,1.3123195171356201,231,R,N,6eqe_Repair,A
4632,ThermoMPNN,6eqe_Repair,1.5031890869140625,231,R,P,6eqe_Repair,A
4633,ThermoMPNN,6eqe_Repair,0.7823498845100403,231,R,Q,6eqe_Repair,A
4634,ThermoMPNN,6eqe_Repair,0.0,231,R,R,6eqe_Repair,A
4635,ThermoMPNN,6eqe_Repair,1.1679531335830688,231,R,S,6eqe_Repair,A
4636,ThermoMPNN,6eqe_Repair,0.9372020959854126,231,R,T,6eqe_Repair,A
4637,ThermoMPNN,6eqe_Repair,0.29820066690444946,231,R,V,6eqe_Repair,A
4638,ThermoMPNN,6eqe_Repair,-1.2013018131256104,231,R,W,6eqe_Repair,A
4639,ThermoMPNN,6eqe_Repair,-1.0940937995910645,231,R,Y,6eqe_Repair,A
4640,ThermoMPNN,6eqe_Repair,1.850182056427002,232,F,A,6eqe_Repair,A
4641,ThermoMPNN,6eqe_Repair,0.8788524866104126,232,F,C,6eqe_Repair,A
4642,ThermoMPNN,6eqe_Repair,1.315556287765503,232,F,D,6eqe_Repair,A
4643,ThermoMPNN,6eqe_Repair,1.898472547531128,232,F,E,6eqe_Repair,A
4644,ThermoMPNN,6eqe_Repair,0.0,232,F,F,6eqe_Repair,A
4645,ThermoMPNN,6eqe_Repair,1.8249746561050415,232,F,G,6eqe_Repair,A
4646,ThermoMPNN,6eqe_Repair,1.1247718334197998,232,F,H,6eqe_Repair,A
4647,ThermoMPNN,6eqe_Repair,2.102105140686035,232,F,I,6eqe_Repair,A
4648,ThermoMPNN,6eqe_Repair,2.232954978942871,232,F,K,6eqe_Repair,A
4649,ThermoMPNN,6eqe_Repair,1.9262821674346924,232,F,L,6eqe_Repair,A
4650,ThermoMPNN,6eqe_Repair,1.865046739578247,232,F,M,6eqe_Repair,A
4651,ThermoMPNN,6eqe_Repair,1.1994030475616455,232,F,N,6eqe_Repair,A
4652,ThermoMPNN,6eqe_Repair,2.529423236846924,232,F,P,6eqe_Repair,A
4653,ThermoMPNN,6eqe_Repair,2.0618858337402344,232,F,Q,6eqe_Repair,A
4654,ThermoMPNN,6eqe_Repair,1.9706623554229736,232,F,R,6eqe_Repair,A
4655,ThermoMPNN,6eqe_Repair,1.5385221242904663,232,F,S,6eqe_Repair,A
4656,ThermoMPNN,6eqe_Repair,1.7081948518753052,232,F,T,6eqe_Repair,A
4657,ThermoMPNN,6eqe_Repair,1.9115517139434814,232,F,V,6eqe_Repair,A
4658,ThermoMPNN,6eqe_Repair,-0.26483774185180664,232,F,W,6eqe_Repair,A
4659,ThermoMPNN,6eqe_Repair,-0.020621299743652344,232,F,Y,6eqe_Repair,A
4660,ThermoMPNN,6eqe_Repair,2.43699049949646,233,M,A,6eqe_Repair,A
4661,ThermoMPNN,6eqe_Repair,1.415136456489563,233,M,C,6eqe_Repair,A
4662,ThermoMPNN,6eqe_Repair,3.5442161560058594,233,M,D,6eqe_Repair,A
4663,ThermoMPNN,6eqe_Repair,3.4519689083099365,233,M,E,6eqe_Repair,A
4664,ThermoMPNN,6eqe_Repair,1.191773533821106,233,M,F,6eqe_Repair,A
4665,ThermoMPNN,6eqe_Repair,3.4321630001068115,233,M,G,6eqe_Repair,A
4666,ThermoMPNN,6eqe_Repair,3.1902740001678467,233,M,H,6eqe_Repair,A
4667,ThermoMPNN,6eqe_Repair,-0.22381281852722168,233,M,I,6eqe_Repair,A
4668,ThermoMPNN,6eqe_Repair,3.4661002159118652,233,M,K,6eqe_Repair,A
4669,ThermoMPNN,6eqe_Repair,-0.13155698776245117,233,M,L,6eqe_Repair,A
4670,ThermoMPNN,6eqe_Repair,0.0,233,M,M,6eqe_Repair,A
4671,ThermoMPNN,6eqe_Repair,3.3282277584075928,233,M,N,6eqe_Repair,A
4672,ThermoMPNN,6eqe_Repair,3.3635079860687256,233,M,P,6eqe_Repair,A
4673,ThermoMPNN,6eqe_Repair,2.9803617000579834,233,M,Q,6eqe_Repair,A
4674,ThermoMPNN,6eqe_Repair,3.027334451675415,233,M,R,6eqe_Repair,A
4675,ThermoMPNN,6eqe_Repair,2.936673402786255,233,M,S,6eqe_Repair,A
4676,ThermoMPNN,6eqe_Repair,2.3114495277404785,233,M,T,6eqe_Repair,A
4677,ThermoMPNN,6eqe_Repair,0.4508852958679199,233,M,V,6eqe_Repair,A
4678,ThermoMPNN,6eqe_Repair,2.1079630851745605,233,M,W,6eqe_Repair,A
4679,ThermoMPNN,6eqe_Repair,2.545286178588867,233,M,Y,6eqe_Repair,A
4680,ThermoMPNN,6eqe_Repair,2.4943790435791016,234,D,A,6eqe_Repair,A
4681,ThermoMPNN,6eqe_Repair,1.2507143020629883,234,D,C,6eqe_Repair,A
4682,ThermoMPNN,6eqe_Repair,0.0,234,D,D,6eqe_Repair,A
4683,ThermoMPNN,6eqe_Repair,1.412216067314148,234,D,E,6eqe_Repair,A
4684,ThermoMPNN,6eqe_Repair,1.724920630455017,234,D,F,6eqe_Repair,A
4685,ThermoMPNN,6eqe_Repair,2.648517608642578,234,D,G,6eqe_Repair,A
4686,ThermoMPNN,6eqe_Repair,1.5993847846984863,234,D,H,6eqe_Repair,A
4687,ThermoMPNN,6eqe_Repair,2.5157864093780518,234,D,I,6eqe_Repair,A
4688,ThermoMPNN,6eqe_Repair,2.7126102447509766,234,D,K,6eqe_Repair,A
4689,ThermoMPNN,6eqe_Repair,1.8678802251815796,234,D,L,6eqe_Repair,A
4690,ThermoMPNN,6eqe_Repair,1.9073774814605713,234,D,M,6eqe_Repair,A
4691,ThermoMPNN,6eqe_Repair,1.225982666015625,234,D,N,6eqe_Repair,A
4692,ThermoMPNN,6eqe_Repair,2.704294443130493,234,D,P,6eqe_Repair,A
4693,ThermoMPNN,6eqe_Repair,1.8827818632125854,234,D,Q,6eqe_Repair,A
4694,ThermoMPNN,6eqe_Repair,2.6134276390075684,234,D,R,6eqe_Repair,A
4695,ThermoMPNN,6eqe_Repair,2.0904438495635986,234,D,S,6eqe_Repair,A
4696,ThermoMPNN,6eqe_Repair,2.3111252784729004,234,D,T,6eqe_Repair,A
4697,ThermoMPNN,6eqe_Repair,2.7983460426330566,234,D,V,6eqe_Repair,A
4698,ThermoMPNN,6eqe_Repair,2.2006995677948,234,D,W,6eqe_Repair,A
4699,ThermoMPNN,6eqe_Repair,1.868478536605835,234,D,Y,6eqe_Repair,A
4700,ThermoMPNN,6eqe_Repair,0.8279094099998474,235,N,A,6eqe_Repair,A
4701,ThermoMPNN,6eqe_Repair,0.22411465644836426,235,N,C,6eqe_Repair,A
4702,ThermoMPNN,6eqe_Repair,0.15707886219024658,235,N,D,6eqe_Repair,A
4703,ThermoMPNN,6eqe_Repair,0.5379462242126465,235,N,E,6eqe_Repair,A
4704,ThermoMPNN,6eqe_Repair,1.0004849433898926,235,N,F,6eqe_Repair,A
4705,ThermoMPNN,6eqe_Repair,0.40834617614746094,235,N,G,6eqe_Repair,A
4706,ThermoMPNN,6eqe_Repair,0.7091339826583862,235,N,H,6eqe_Repair,A
4707,ThermoMPNN,6eqe_Repair,1.7235255241394043,235,N,I,6eqe_Repair,A
4708,ThermoMPNN,6eqe_Repair,0.9141551852226257,235,N,K,6eqe_Repair,A
4709,ThermoMPNN,6eqe_Repair,1.1054327487945557,235,N,L,6eqe_Repair,A
4710,ThermoMPNN,6eqe_Repair,0.8342575430870056,235,N,M,6eqe_Repair,A
4711,ThermoMPNN,6eqe_Repair,0.0,235,N,N,6eqe_Repair,A
4712,ThermoMPNN,6eqe_Repair,2.3360214233398438,235,N,P,6eqe_Repair,A
4713,ThermoMPNN,6eqe_Repair,0.7244904041290283,235,N,Q,6eqe_Repair,A
4714,ThermoMPNN,6eqe_Repair,1.079650640487671,235,N,R,6eqe_Repair,A
4715,ThermoMPNN,6eqe_Repair,0.6682871580123901,235,N,S,6eqe_Repair,A
4716,ThermoMPNN,6eqe_Repair,1.2963786125183105,235,N,T,6eqe_Repair,A
4717,ThermoMPNN,6eqe_Repair,1.6330318450927734,235,N,V,6eqe_Repair,A
4718,ThermoMPNN,6eqe_Repair,1.0271036624908447,235,N,W,6eqe_Repair,A
4719,ThermoMPNN,6eqe_Repair,1.105306625366211,235,N,Y,6eqe_Repair,A
4720,ThermoMPNN,6eqe_Repair,2.193948745727539,236,D,A,6eqe_Repair,A
4721,ThermoMPNN,6eqe_Repair,1.71452796459198,236,D,C,6eqe_Repair,A
4722,ThermoMPNN,6eqe_Repair,0.0,236,D,D,6eqe_Repair,A
4723,ThermoMPNN,6eqe_Repair,1.6198439598083496,236,D,E,6eqe_Repair,A
4724,ThermoMPNN,6eqe_Repair,2.2703356742858887,236,D,F,6eqe_Repair,A
4725,ThermoMPNN,6eqe_Repair,2.761157989501953,236,D,G,6eqe_Repair,A
4726,ThermoMPNN,6eqe_Repair,2.2190518379211426,236,D,H,6eqe_Repair,A
4727,ThermoMPNN,6eqe_Repair,2.201824426651001,236,D,I,6eqe_Repair,A
4728,ThermoMPNN,6eqe_Repair,2.8618171215057373,236,D,K,6eqe_Repair,A
4729,ThermoMPNN,6eqe_Repair,2.3300247192382812,236,D,L,6eqe_Repair,A
4730,ThermoMPNN,6eqe_Repair,2.348625659942627,236,D,M,6eqe_Repair,A
4731,ThermoMPNN,6eqe_Repair,1.4296077489852905,236,D,N,6eqe_Repair,A
4732,ThermoMPNN,6eqe_Repair,2.516739845275879,236,D,P,6eqe_Repair,A
4733,ThermoMPNN,6eqe_Repair,2.3254756927490234,236,D,Q,6eqe_Repair,A
4734,ThermoMPNN,6eqe_Repair,2.7009592056274414,236,D,R,6eqe_Repair,A
4735,ThermoMPNN,6eqe_Repair,1.6191318035125732,236,D,S,6eqe_Repair,A
4736,ThermoMPNN,6eqe_Repair,2.2251408100128174,236,D,T,6eqe_Repair,A
4737,ThermoMPNN,6eqe_Repair,2.4395899772644043,236,D,V,6eqe_Repair,A
4738,ThermoMPNN,6eqe_Repair,2.083406925201416,236,D,W,6eqe_Repair,A
4739,ThermoMPNN,6eqe_Repair,2.5279505252838135,236,D,Y,6eqe_Repair,A
4740,ThermoMPNN,6eqe_Repair,0.384732723236084,237,T,A,6eqe_Repair,A
4741,ThermoMPNN,6eqe_Repair,0.29322218894958496,237,T,C,6eqe_Repair,A
4742,ThermoMPNN,6eqe_Repair,0.22776108980178833,237,T,D,6eqe_Repair,A
4743,ThermoMPNN,6eqe_Repair,0.2777376174926758,237,T,E,6eqe_Repair,A
4744,ThermoMPNN,6eqe_Repair,0.5529392957687378,237,T,F,6eqe_Repair,A
4745,ThermoMPNN,6eqe_Repair,0.6340826749801636,237,T,G,6eqe_Repair,A
4746,ThermoMPNN,6eqe_Repair,0.41193491220474243,237,T,H,6eqe_Repair,A
4747,ThermoMPNN,6eqe_Repair,0.542395830154419,237,T,I,6eqe_Repair,A
4748,ThermoMPNN,6eqe_Repair,0.6845713257789612,237,T,K,6eqe_Repair,A
4749,ThermoMPNN,6eqe_Repair,0.4169358015060425,237,T,L,6eqe_Repair,A
4750,ThermoMPNN,6eqe_Repair,0.4781453609466553,237,T,M,6eqe_Repair,A
4751,ThermoMPNN,6eqe_Repair,0.4193792939186096,237,T,N,6eqe_Repair,A
4752,ThermoMPNN,6eqe_Repair,0.696928083896637,237,T,P,6eqe_Repair,A
4753,ThermoMPNN,6eqe_Repair,0.4537600874900818,237,T,Q,6eqe_Repair,A
4754,ThermoMPNN,6eqe_Repair,0.6971386671066284,237,T,R,6eqe_Repair,A
4755,ThermoMPNN,6eqe_Repair,0.18240618705749512,237,T,S,6eqe_Repair,A
4756,ThermoMPNN,6eqe_Repair,0.0,237,T,T,6eqe_Repair,A
4757,ThermoMPNN,6eqe_Repair,0.5303784608840942,237,T,V,6eqe_Repair,A
4758,ThermoMPNN,6eqe_Repair,0.38600605726242065,237,T,W,6eqe_Repair,A
4759,ThermoMPNN,6eqe_Repair,0.4769819974899292,237,T,Y,6eqe_Repair,A
4760,ThermoMPNN,6eqe_Repair,1.3873956203460693,238,R,A,6eqe_Repair,A
4761,ThermoMPNN,6eqe_Repair,1.381333589553833,238,R,C,6eqe_Repair,A
4762,ThermoMPNN,6eqe_Repair,2.014453649520874,238,R,D,6eqe_Repair,A
4763,ThermoMPNN,6eqe_Repair,2.0288820266723633,238,R,E,6eqe_Repair,A
4764,ThermoMPNN,6eqe_Repair,1.506042718887329,238,R,F,6eqe_Repair,A
4765,ThermoMPNN,6eqe_Repair,1.9076318740844727,238,R,G,6eqe_Repair,A
4766,ThermoMPNN,6eqe_Repair,1.3175454139709473,238,R,H,6eqe_Repair,A
4767,ThermoMPNN,6eqe_Repair,1.397447109222412,238,R,I,6eqe_Repair,A
4768,ThermoMPNN,6eqe_Repair,0.5808553695678711,238,R,K,6eqe_Repair,A
4769,ThermoMPNN,6eqe_Repair,1.237932801246643,238,R,L,6eqe_Repair,A
4770,ThermoMPNN,6eqe_Repair,1.3542027473449707,238,R,M,6eqe_Repair,A
4771,ThermoMPNN,6eqe_Repair,1.147484540939331,238,R,N,6eqe_Repair,A
4772,ThermoMPNN,6eqe_Repair,2.1383590698242188,238,R,P,6eqe_Repair,A
4773,ThermoMPNN,6eqe_Repair,1.5023043155670166,238,R,Q,6eqe_Repair,A
4774,ThermoMPNN,6eqe_Repair,0.0,238,R,R,6eqe_Repair,A
4775,ThermoMPNN,6eqe_Repair,1.330089807510376,238,R,S,6eqe_Repair,A
4776,ThermoMPNN,6eqe_Repair,1.3723293542861938,238,R,T,6eqe_Repair,A
4777,ThermoMPNN,6eqe_Repair,1.6444422006607056,238,R,V,6eqe_Repair,A
4778,ThermoMPNN,6eqe_Repair,1.6836413145065308,238,R,W,6eqe_Repair,A
4779,ThermoMPNN,6eqe_Repair,1.5116519927978516,238,R,Y,6eqe_Repair,A
4780,ThermoMPNN,6eqe_Repair,2.6694998741149902,239,Y,A,6eqe_Repair,A
4781,ThermoMPNN,6eqe_Repair,2.0095529556274414,239,Y,C,6eqe_Repair,A
4782,ThermoMPNN,6eqe_Repair,3.1538543701171875,239,Y,D,6eqe_Repair,A
4783,ThermoMPNN,6eqe_Repair,3.367027997970581,239,Y,E,6eqe_Repair,A
4784,ThermoMPNN,6eqe_Repair,0.3705437183380127,239,Y,F,6eqe_Repair,A
4785,ThermoMPNN,6eqe_Repair,2.5842676162719727,239,Y,G,6eqe_Repair,A
4786,ThermoMPNN,6eqe_Repair,1.96712327003479,239,Y,H,6eqe_Repair,A
4787,ThermoMPNN,6eqe_Repair,2.92415189743042,239,Y,I,6eqe_Repair,A
4788,ThermoMPNN,6eqe_Repair,3.2236149311065674,239,Y,K,6eqe_Repair,A
4789,ThermoMPNN,6eqe_Repair,2.595841646194458,239,Y,L,6eqe_Repair,A
4790,ThermoMPNN,6eqe_Repair,2.320073127746582,239,Y,M,6eqe_Repair,A
4791,ThermoMPNN,6eqe_Repair,2.7755556106567383,239,Y,N,6eqe_Repair,A
4792,ThermoMPNN,6eqe_Repair,3.299830436706543,239,Y,P,6eqe_Repair,A
4793,ThermoMPNN,6eqe_Repair,3.1112067699432373,239,Y,Q,6eqe_Repair,A
4794,ThermoMPNN,6eqe_Repair,2.6309659481048584,239,Y,R,6eqe_Repair,A
4795,ThermoMPNN,6eqe_Repair,3.0259299278259277,239,Y,S,6eqe_Repair,A
4796,ThermoMPNN,6eqe_Repair,2.8955206871032715,239,Y,T,6eqe_Repair,A
4797,ThermoMPNN,6eqe_Repair,2.6587765216827393,239,Y,V,6eqe_Repair,A
4798,ThermoMPNN,6eqe_Repair,1.014848232269287,239,Y,W,6eqe_Repair,A
4799,ThermoMPNN,6eqe_Repair,0.0,239,Y,Y,6eqe_Repair,A
4800,ThermoMPNN,6eqe_Repair,0.24395161867141724,240,S,A,6eqe_Repair,A
4801,ThermoMPNN,6eqe_Repair,0.1685807704925537,240,S,C,6eqe_Repair,A
4802,ThermoMPNN,6eqe_Repair,-0.4052692651748657,240,S,D,6eqe_Repair,A
4803,ThermoMPNN,6eqe_Repair,-0.07825934886932373,240,S,E,6eqe_Repair,A
4804,ThermoMPNN,6eqe_Repair,0.8132913112640381,240,S,F,6eqe_Repair,A
4805,ThermoMPNN,6eqe_Repair,1.1125366687774658,240,S,G,6eqe_Repair,A
4806,ThermoMPNN,6eqe_Repair,0.7240734100341797,240,S,H,6eqe_Repair,A
4807,ThermoMPNN,6eqe_Repair,0.4981492757797241,240,S,I,6eqe_Repair,A
4808,ThermoMPNN,6eqe_Repair,0.9070866703987122,240,S,K,6eqe_Repair,A
4809,ThermoMPNN,6eqe_Repair,0.1686619520187378,240,S,L,6eqe_Repair,A
4810,ThermoMPNN,6eqe_Repair,0.11969995498657227,240,S,M,6eqe_Repair,A
4811,ThermoMPNN,6eqe_Repair,0.26207220554351807,240,S,N,6eqe_Repair,A
4812,ThermoMPNN,6eqe_Repair,2.4015145301818848,240,S,P,6eqe_Repair,A
4813,ThermoMPNN,6eqe_Repair,0.13051444292068481,240,S,Q,6eqe_Repair,A
4814,ThermoMPNN,6eqe_Repair,0.739770770072937,240,S,R,6eqe_Repair,A
4815,ThermoMPNN,6eqe_Repair,0.0,240,S,S,6eqe_Repair,A
4816,ThermoMPNN,6eqe_Repair,0.15870249271392822,240,S,T,6eqe_Repair,A
4817,ThermoMPNN,6eqe_Repair,0.5258090496063232,240,S,V,6eqe_Repair,A
4818,ThermoMPNN,6eqe_Repair,0.6269123554229736,240,S,W,6eqe_Repair,A
4819,ThermoMPNN,6eqe_Repair,1.048993468284607,240,S,Y,6eqe_Repair,A
4820,ThermoMPNN,6eqe_Repair,0.22846108675003052,241,T,A,6eqe_Repair,A
4821,ThermoMPNN,6eqe_Repair,0.03778040409088135,241,T,C,6eqe_Repair,A
4822,ThermoMPNN,6eqe_Repair,0.6120434999465942,241,T,D,6eqe_Repair,A
4823,ThermoMPNN,6eqe_Repair,0.3858533501625061,241,T,E,6eqe_Repair,A
4824,ThermoMPNN,6eqe_Repair,-0.02270132303237915,241,T,F,6eqe_Repair,A
4825,ThermoMPNN,6eqe_Repair,0.5913359522819519,241,T,G,6eqe_Repair,A
4826,ThermoMPNN,6eqe_Repair,0.12139970064163208,241,T,H,6eqe_Repair,A
4827,ThermoMPNN,6eqe_Repair,-0.10012191534042358,241,T,I,6eqe_Repair,A
4828,ThermoMPNN,6eqe_Repair,0.1272214651107788,241,T,K,6eqe_Repair,A
4829,ThermoMPNN,6eqe_Repair,0.17486286163330078,241,T,L,6eqe_Repair,A
4830,ThermoMPNN,6eqe_Repair,0.2692527770996094,241,T,M,6eqe_Repair,A
4831,ThermoMPNN,6eqe_Repair,0.4086322784423828,241,T,N,6eqe_Repair,A
4832,ThermoMPNN,6eqe_Repair,0.9858270883560181,241,T,P,6eqe_Repair,A
4833,ThermoMPNN,6eqe_Repair,0.30153393745422363,241,T,Q,6eqe_Repair,A
4834,ThermoMPNN,6eqe_Repair,0.05520808696746826,241,T,R,6eqe_Repair,A
4835,ThermoMPNN,6eqe_Repair,0.23627054691314697,241,T,S,6eqe_Repair,A
4836,ThermoMPNN,6eqe_Repair,0.0,241,T,T,6eqe_Repair,A
4837,ThermoMPNN,6eqe_Repair,-0.05306929349899292,241,T,V,6eqe_Repair,A
4838,ThermoMPNN,6eqe_Repair,-0.030357956886291504,241,T,W,6eqe_Repair,A
4839,ThermoMPNN,6eqe_Repair,-0.16216939687728882,241,T,Y,6eqe_Repair,A
4840,ThermoMPNN,6eqe_Repair,2.290177345275879,242,F,A,6eqe_Repair,A
4841,ThermoMPNN,6eqe_Repair,1.4772955179214478,242,F,C,6eqe_Repair,A
4842,ThermoMPNN,6eqe_Repair,2.3682589530944824,242,F,D,6eqe_Repair,A
4843,ThermoMPNN,6eqe_Repair,2.281240463256836,242,F,E,6eqe_Repair,A
4844,ThermoMPNN,6eqe_Repair,0.0,242,F,F,6eqe_Repair,A
4845,ThermoMPNN,6eqe_Repair,2.6399476528167725,242,F,G,6eqe_Repair,A
4846,ThermoMPNN,6eqe_Repair,1.9424015283584595,242,F,H,6eqe_Repair,A
4847,ThermoMPNN,6eqe_Repair,1.634190320968628,242,F,I,6eqe_Repair,A
4848,ThermoMPNN,6eqe_Repair,2.5442559719085693,242,F,K,6eqe_Repair,A
4849,ThermoMPNN,6eqe_Repair,1.612504243850708,242,F,L,6eqe_Repair,A
4850,ThermoMPNN,6eqe_Repair,1.5540605783462524,242,F,M,6eqe_Repair,A
4851,ThermoMPNN,6eqe_Repair,2.425839900970459,242,F,N,6eqe_Repair,A
4852,ThermoMPNN,6eqe_Repair,2.3846514225006104,242,F,P,6eqe_Repair,A
4853,ThermoMPNN,6eqe_Repair,2.428067207336426,242,F,Q,6eqe_Repair,A
4854,ThermoMPNN,6eqe_Repair,2.279528856277466,242,F,R,6eqe_Repair,A
4855,ThermoMPNN,6eqe_Repair,2.366351366043091,242,F,S,6eqe_Repair,A
4856,ThermoMPNN,6eqe_Repair,2.268944025039673,242,F,T,6eqe_Repair,A
4857,ThermoMPNN,6eqe_Repair,1.9174187183380127,242,F,V,6eqe_Repair,A
4858,ThermoMPNN,6eqe_Repair,0.8071722984313965,242,F,W,6eqe_Repair,A
4859,ThermoMPNN,6eqe_Repair,0.5327839851379395,242,F,Y,6eqe_Repair,A
4860,ThermoMPNN,6eqe_Repair,0.0,243,A,A,6eqe_Repair,A
4861,ThermoMPNN,6eqe_Repair,0.66172194480896,243,A,C,6eqe_Repair,A
4862,ThermoMPNN,6eqe_Repair,2.193939685821533,243,A,D,6eqe_Repair,A
4863,ThermoMPNN,6eqe_Repair,1.970776081085205,243,A,E,6eqe_Repair,A
4864,ThermoMPNN,6eqe_Repair,1.3279805183410645,243,A,F,6eqe_Repair,A
4865,ThermoMPNN,6eqe_Repair,2.082526683807373,243,A,G,6eqe_Repair,A
4866,ThermoMPNN,6eqe_Repair,1.7541170120239258,243,A,H,6eqe_Repair,A
4867,ThermoMPNN,6eqe_Repair,1.4928127527236938,243,A,I,6eqe_Repair,A
4868,ThermoMPNN,6eqe_Repair,2.283512592315674,243,A,K,6eqe_Repair,A
4869,ThermoMPNN,6eqe_Repair,1.2439775466918945,243,A,L,6eqe_Repair,A
4870,ThermoMPNN,6eqe_Repair,1.2189679145812988,243,A,M,6eqe_Repair,A
4871,ThermoMPNN,6eqe_Repair,2.0406699180603027,243,A,N,6eqe_Repair,A
4872,ThermoMPNN,6eqe_Repair,2.0292091369628906,243,A,P,6eqe_Repair,A
4873,ThermoMPNN,6eqe_Repair,2.112752914428711,243,A,Q,6eqe_Repair,A
4874,ThermoMPNN,6eqe_Repair,2.2262327671051025,243,A,R,6eqe_Repair,A
4875,ThermoMPNN,6eqe_Repair,1.1555771827697754,243,A,S,6eqe_Repair,A
4876,ThermoMPNN,6eqe_Repair,1.4498274326324463,243,A,T,6eqe_Repair,A
4877,ThermoMPNN,6eqe_Repair,1.0498021841049194,243,A,V,6eqe_Repair,A
4878,ThermoMPNN,6eqe_Repair,1.3103516101837158,243,A,W,6eqe_Repair,A
4879,ThermoMPNN,6eqe_Repair,1.248929738998413,243,A,Y,6eqe_Repair,A
4880,ThermoMPNN,6eqe_Repair,0.9684249758720398,244,C,A,6eqe_Repair,A
4881,ThermoMPNN,6eqe_Repair,0.0,244,C,C,6eqe_Repair,A
4882,ThermoMPNN,6eqe_Repair,1.8652441501617432,244,C,D,6eqe_Repair,A
4883,ThermoMPNN,6eqe_Repair,1.8131625652313232,244,C,E,6eqe_Repair,A
4884,ThermoMPNN,6eqe_Repair,-1.1420814990997314,244,C,F,6eqe_Repair,A
4885,ThermoMPNN,6eqe_Repair,1.7585291862487793,244,C,G,6eqe_Repair,A
4886,ThermoMPNN,6eqe_Repair,1.1181907653808594,244,C,H,6eqe_Repair,A
4887,ThermoMPNN,6eqe_Repair,0.10530412197113037,244,C,I,6eqe_Repair,A
4888,ThermoMPNN,6eqe_Repair,1.9102263450622559,244,C,K,6eqe_Repair,A
4889,ThermoMPNN,6eqe_Repair,0.612351655960083,244,C,L,6eqe_Repair,A
4890,ThermoMPNN,6eqe_Repair,0.5102744698524475,244,C,M,6eqe_Repair,A
4891,ThermoMPNN,6eqe_Repair,1.6048765182495117,244,C,N,6eqe_Repair,A
4892,ThermoMPNN,6eqe_Repair,1.9569056034088135,244,C,P,6eqe_Repair,A
4893,ThermoMPNN,6eqe_Repair,1.758307695388794,244,C,Q,6eqe_Repair,A
4894,ThermoMPNN,6eqe_Repair,1.9288222789764404,244,C,R,6eqe_Repair,A
4895,ThermoMPNN,6eqe_Repair,0.8545396327972412,244,C,S,6eqe_Repair,A
4896,ThermoMPNN,6eqe_Repair,0.6120306253433228,244,C,T,6eqe_Repair,A
4897,ThermoMPNN,6eqe_Repair,0.22702431678771973,244,C,V,6eqe_Repair,A
4898,ThermoMPNN,6eqe_Repair,-0.25421881675720215,244,C,W,6eqe_Repair,A
4899,ThermoMPNN,6eqe_Repair,-0.4635903835296631,244,C,Y,6eqe_Repair,A
4900,ThermoMPNN,6eqe_Repair,-0.5853548049926758,245,E,A,6eqe_Repair,A
4901,ThermoMPNN,6eqe_Repair,-0.45296406745910645,245,E,C,6eqe_Repair,A
4902,ThermoMPNN,6eqe_Repair,0.3880060315132141,245,E,D,6eqe_Repair,A
4903,ThermoMPNN,6eqe_Repair,0.0,245,E,E,6eqe_Repair,A
4904,ThermoMPNN,6eqe_Repair,0.057984888553619385,245,E,F,6eqe_Repair,A
4905,ThermoMPNN,6eqe_Repair,0.11019325256347656,245,E,G,6eqe_Repair,A
4906,ThermoMPNN,6eqe_Repair,0.23337799310684204,245,E,H,6eqe_Repair,A
4907,ThermoMPNN,6eqe_Repair,0.17325979471206665,245,E,I,6eqe_Repair,A
4908,ThermoMPNN,6eqe_Repair,0.25745224952697754,245,E,K,6eqe_Repair,A
4909,ThermoMPNN,6eqe_Repair,0.31862160563468933,245,E,L,6eqe_Repair,A
4910,ThermoMPNN,6eqe_Repair,-0.0010821223258972168,245,E,M,6eqe_Repair,A
4911,ThermoMPNN,6eqe_Repair,0.4140913188457489,245,E,N,6eqe_Repair,A
4912,ThermoMPNN,6eqe_Repair,2.066195249557495,245,E,P,6eqe_Repair,A
4913,ThermoMPNN,6eqe_Repair,-0.07080632448196411,245,E,Q,6eqe_Repair,A
4914,ThermoMPNN,6eqe_Repair,0.2963796854019165,245,E,R,6eqe_Repair,A
4915,ThermoMPNN,6eqe_Repair,-0.4870274066925049,245,E,S,6eqe_Repair,A
4916,ThermoMPNN,6eqe_Repair,-0.1612432599067688,245,E,T,6eqe_Repair,A
4917,ThermoMPNN,6eqe_Repair,0.060774028301239014,245,E,V,6eqe_Repair,A
4918,ThermoMPNN,6eqe_Repair,-0.011186838150024414,245,E,W,6eqe_Repair,A
4919,ThermoMPNN,6eqe_Repair,0.11808252334594727,245,E,Y,6eqe_Repair,A
4920,ThermoMPNN,6eqe_Repair,0.8142426013946533,246,N,A,6eqe_Repair,A
4921,ThermoMPNN,6eqe_Repair,0.3566838502883911,246,N,C,6eqe_Repair,A
4922,ThermoMPNN,6eqe_Repair,0.6363493204116821,246,N,D,6eqe_Repair,A
4923,ThermoMPNN,6eqe_Repair,1.1218466758728027,246,N,E,6eqe_Repair,A
4924,ThermoMPNN,6eqe_Repair,1.1984138488769531,246,N,F,6eqe_Repair,A
4925,ThermoMPNN,6eqe_Repair,1.2180672883987427,246,N,G,6eqe_Repair,A
4926,ThermoMPNN,6eqe_Repair,0.7849032878875732,246,N,H,6eqe_Repair,A
4927,ThermoMPNN,6eqe_Repair,1.7577615976333618,246,N,I,6eqe_Repair,A
4928,ThermoMPNN,6eqe_Repair,1.2274792194366455,246,N,K,6eqe_Repair,A
4929,ThermoMPNN,6eqe_Repair,0.9272977709770203,246,N,L,6eqe_Repair,A
4930,ThermoMPNN,6eqe_Repair,0.9998489022254944,246,N,M,6eqe_Repair,A
4931,ThermoMPNN,6eqe_Repair,0.0,246,N,N,6eqe_Repair,A
4932,ThermoMPNN,6eqe_Repair,2.323559045791626,246,N,P,6eqe_Repair,A
4933,ThermoMPNN,6eqe_Repair,1.167142629623413,246,N,Q,6eqe_Repair,A
4934,ThermoMPNN,6eqe_Repair,1.1744118928909302,246,N,R,6eqe_Repair,A
4935,ThermoMPNN,6eqe_Repair,0.5781509876251221,246,N,S,6eqe_Repair,A
4936,ThermoMPNN,6eqe_Repair,1.0063402652740479,246,N,T,6eqe_Repair,A
4937,ThermoMPNN,6eqe_Repair,1.4456334114074707,246,N,V,6eqe_Repair,A
4938,ThermoMPNN,6eqe_Repair,1.0794355869293213,246,N,W,6eqe_Repair,A
4939,ThermoMPNN,6eqe_Repair,1.115727424621582,246,N,Y,6eqe_Repair,A
4940,ThermoMPNN,6eqe_Repair,1.9534207582473755,247,P,A,6eqe_Repair,A
4941,ThermoMPNN,6eqe_Repair,1.3467111587524414,247,P,C,6eqe_Repair,A
4942,ThermoMPNN,6eqe_Repair,1.757272481918335,247,P,D,6eqe_Repair,A
4943,ThermoMPNN,6eqe_Repair,1.887076735496521,247,P,E,6eqe_Repair,A
4944,ThermoMPNN,6eqe_Repair,1.7708735466003418,247,P,F,6eqe_Repair,A
4945,ThermoMPNN,6eqe_Repair,2.2993273735046387,247,P,G,6eqe_Repair,A
4946,ThermoMPNN,6eqe_Repair,2.2415390014648438,247,P,H,6eqe_Repair,A
4947,ThermoMPNN,6eqe_Repair,1.8715827465057373,247,P,I,6eqe_Repair,A
4948,ThermoMPNN,6eqe_Repair,2.0390448570251465,247,P,K,6eqe_Repair,A
4949,ThermoMPNN,6eqe_Repair,1.698203206062317,247,P,L,6eqe_Repair,A
4950,ThermoMPNN,6eqe_Repair,1.7383654117584229,247,P,M,6eqe_Repair,A
4951,ThermoMPNN,6eqe_Repair,2.2204294204711914,247,P,N,6eqe_Repair,A
4952,ThermoMPNN,6eqe_Repair,0.0,247,P,P,6eqe_Repair,A
4953,ThermoMPNN,6eqe_Repair,2.032536029815674,247,P,Q,6eqe_Repair,A
4954,ThermoMPNN,6eqe_Repair,2.086961269378662,247,P,R,6eqe_Repair,A
4955,ThermoMPNN,6eqe_Repair,1.944807767868042,247,P,S,6eqe_Repair,A
4956,ThermoMPNN,6eqe_Repair,2.336127758026123,247,P,T,6eqe_Repair,A
4957,ThermoMPNN,6eqe_Repair,2.178135395050049,247,P,V,6eqe_Repair,A
4958,ThermoMPNN,6eqe_Repair,1.9823306798934937,247,P,W,6eqe_Repair,A
4959,ThermoMPNN,6eqe_Repair,1.8823884725570679,247,P,Y,6eqe_Repair,A
4960,ThermoMPNN,6eqe_Repair,0.21837103366851807,248,N,A,6eqe_Repair,A
4961,ThermoMPNN,6eqe_Repair,0.055821895599365234,248,N,C,6eqe_Repair,A
4962,ThermoMPNN,6eqe_Repair,0.40654271841049194,248,N,D,6eqe_Repair,A
4963,ThermoMPNN,6eqe_Repair,0.47295862436294556,248,N,E,6eqe_Repair,A
4964,ThermoMPNN,6eqe_Repair,0.3215171694755554,248,N,F,6eqe_Repair,A
4965,ThermoMPNN,6eqe_Repair,0.35154449939727783,248,N,G,6eqe_Repair,A
4966,ThermoMPNN,6eqe_Repair,0.21877700090408325,248,N,H,6eqe_Repair,A
4967,ThermoMPNN,6eqe_Repair,0.5894433259963989,248,N,I,6eqe_Repair,A
4968,ThermoMPNN,6eqe_Repair,0.2019362449645996,248,N,K,6eqe_Repair,A
4969,ThermoMPNN,6eqe_Repair,0.31055372953414917,248,N,L,6eqe_Repair,A
4970,ThermoMPNN,6eqe_Repair,0.29366785287857056,248,N,M,6eqe_Repair,A
4971,ThermoMPNN,6eqe_Repair,0.0,248,N,N,6eqe_Repair,A
4972,ThermoMPNN,6eqe_Repair,1.5109379291534424,248,N,P,6eqe_Repair,A
4973,ThermoMPNN,6eqe_Repair,0.26723212003707886,248,N,Q,6eqe_Repair,A
4974,ThermoMPNN,6eqe_Repair,0.26962530612945557,248,N,R,6eqe_Repair,A
4975,ThermoMPNN,6eqe_Repair,0.1515929102897644,248,N,S,6eqe_Repair,A
4976,ThermoMPNN,6eqe_Repair,0.2864280343055725,248,N,T,6eqe_Repair,A
4977,ThermoMPNN,6eqe_Repair,0.5205371379852295,248,N,V,6eqe_Repair,A
4978,ThermoMPNN,6eqe_Repair,0.3433569669723511,248,N,W,6eqe_Repair,A
4979,ThermoMPNN,6eqe_Repair,0.3332148790359497,248,N,Y,6eqe_Repair,A
4980,ThermoMPNN,6eqe_Repair,0.9486061930656433,249,S,A,6eqe_Repair,A
4981,ThermoMPNN,6eqe_Repair,0.6989585161209106,249,S,C,6eqe_Repair,A
4982,ThermoMPNN,6eqe_Repair,0.5185012817382812,249,S,D,6eqe_Repair,A
4983,ThermoMPNN,6eqe_Repair,1.305795669555664,249,S,E,6eqe_Repair,A
4984,ThermoMPNN,6eqe_Repair,0.927872896194458,249,S,F,6eqe_Repair,A
4985,ThermoMPNN,6eqe_Repair,1.0616904497146606,249,S,G,6eqe_Repair,A
4986,ThermoMPNN,6eqe_Repair,1.2867017984390259,249,S,H,6eqe_Repair,A
4987,ThermoMPNN,6eqe_Repair,1.1090975999832153,249,S,I,6eqe_Repair,A
4988,ThermoMPNN,6eqe_Repair,1.7435402870178223,249,S,K,6eqe_Repair,A
4989,ThermoMPNN,6eqe_Repair,1.28082275390625,249,S,L,6eqe_Repair,A
4990,ThermoMPNN,6eqe_Repair,0.9286215305328369,249,S,M,6eqe_Repair,A
4991,ThermoMPNN,6eqe_Repair,0.7971924543380737,249,S,N,6eqe_Repair,A
4992,ThermoMPNN,6eqe_Repair,1.7558469772338867,249,S,P,6eqe_Repair,A
4993,ThermoMPNN,6eqe_Repair,1.1820696592330933,249,S,Q,6eqe_Repair,A
4994,ThermoMPNN,6eqe_Repair,1.6841412782669067,249,S,R,6eqe_Repair,A
4995,ThermoMPNN,6eqe_Repair,0.0,249,S,S,6eqe_Repair,A
4996,ThermoMPNN,6eqe_Repair,0.4363001585006714,249,S,T,6eqe_Repair,A
4997,ThermoMPNN,6eqe_Repair,1.2862602472305298,249,S,V,6eqe_Repair,A
4998,ThermoMPNN,6eqe_Repair,0.6094914078712463,249,S,W,6eqe_Repair,A
4999,ThermoMPNN,6eqe_Repair,1.1567884683609009,249,S,Y,6eqe_Repair,A
5000,ThermoMPNN,6eqe_Repair,0.032644689083099365,250,T,A,6eqe_Repair,A
5001,ThermoMPNN,6eqe_Repair,0.028990864753723145,250,T,C,6eqe_Repair,A
5002,ThermoMPNN,6eqe_Repair,0.009318530559539795,250,T,D,6eqe_Repair,A
5003,ThermoMPNN,6eqe_Repair,0.03591787815093994,250,T,E,6eqe_Repair,A
5004,ThermoMPNN,6eqe_Repair,0.4158206582069397,250,T,F,6eqe_Repair,A
5005,ThermoMPNN,6eqe_Repair,0.15025639533996582,250,T,G,6eqe_Repair,A
5006,ThermoMPNN,6eqe_Repair,0.30408400297164917,250,T,H,6eqe_Repair,A
5007,ThermoMPNN,6eqe_Repair,0.4752480685710907,250,T,I,6eqe_Repair,A
5008,ThermoMPNN,6eqe_Repair,0.33571189641952515,250,T,K,6eqe_Repair,A
5009,ThermoMPNN,6eqe_Repair,0.3769497275352478,250,T,L,6eqe_Repair,A
5010,ThermoMPNN,6eqe_Repair,0.3575315475463867,250,T,M,6eqe_Repair,A
5011,ThermoMPNN,6eqe_Repair,0.1293533444404602,250,T,N,6eqe_Repair,A
5012,ThermoMPNN,6eqe_Repair,0.28818434476852417,250,T,P,6eqe_Repair,A
5013,ThermoMPNN,6eqe_Repair,0.278594434261322,250,T,Q,6eqe_Repair,A
5014,ThermoMPNN,6eqe_Repair,0.40786343812942505,250,T,R,6eqe_Repair,A
5015,ThermoMPNN,6eqe_Repair,-0.15267843008041382,250,T,S,6eqe_Repair,A
5016,ThermoMPNN,6eqe_Repair,0.0,250,T,T,6eqe_Repair,A
5017,ThermoMPNN,6eqe_Repair,0.4686697721481323,250,T,V,6eqe_Repair,A
5018,ThermoMPNN,6eqe_Repair,0.3312380909919739,250,T,W,6eqe_Repair,A
5019,ThermoMPNN,6eqe_Repair,0.48587676882743835,250,T,Y,6eqe_Repair,A
5020,ThermoMPNN,6eqe_Repair,-0.0685848593711853,251,R,A,6eqe_Repair,A
5021,ThermoMPNN,6eqe_Repair,-0.12383931875228882,251,R,C,6eqe_Repair,A
5022,ThermoMPNN,6eqe_Repair,-0.09058666229248047,251,R,D,6eqe_Repair,A
5023,ThermoMPNN,6eqe_Repair,-0.10350221395492554,251,R,E,6eqe_Repair,A
5024,ThermoMPNN,6eqe_Repair,0.011726081371307373,251,R,F,6eqe_Repair,A
5025,ThermoMPNN,6eqe_Repair,0.5465434789657593,251,R,G,6eqe_Repair,A
5026,ThermoMPNN,6eqe_Repair,0.028180599212646484,251,R,H,6eqe_Repair,A
5027,ThermoMPNN,6eqe_Repair,-0.22634249925613403,251,R,I,6eqe_Repair,A
5028,ThermoMPNN,6eqe_Repair,0.07988697290420532,251,R,K,6eqe_Repair,A
5029,ThermoMPNN,6eqe_Repair,-0.18222081661224365,251,R,L,6eqe_Repair,A
5030,ThermoMPNN,6eqe_Repair,-0.08422398567199707,251,R,M,6eqe_Repair,A
5031,ThermoMPNN,6eqe_Repair,0.1255127191543579,251,R,N,6eqe_Repair,A
5032,ThermoMPNN,6eqe_Repair,1.2543140649795532,251,R,P,6eqe_Repair,A
5033,ThermoMPNN,6eqe_Repair,-0.10501879453659058,251,R,Q,6eqe_Repair,A
5034,ThermoMPNN,6eqe_Repair,0.0,251,R,R,6eqe_Repair,A
5035,ThermoMPNN,6eqe_Repair,0.020283997058868408,251,R,S,6eqe_Repair,A
5036,ThermoMPNN,6eqe_Repair,-0.07297259569168091,251,R,T,6eqe_Repair,A
5037,ThermoMPNN,6eqe_Repair,-0.14238834381103516,251,R,V,6eqe_Repair,A
5038,ThermoMPNN,6eqe_Repair,-0.14508390426635742,251,R,W,6eqe_Repair,A
5039,ThermoMPNN,6eqe_Repair,-0.05832558870315552,251,R,Y,6eqe_Repair,A
5040,ThermoMPNN,6eqe_Repair,1.6201300621032715,252,V,A,6eqe_Repair,A
5041,ThermoMPNN,6eqe_Repair,0.8365799188613892,252,V,C,6eqe_Repair,A
5042,ThermoMPNN,6eqe_Repair,2.763667345046997,252,V,D,6eqe_Repair,A
5043,ThermoMPNN,6eqe_Repair,2.3979129791259766,252,V,E,6eqe_Repair,A
5044,ThermoMPNN,6eqe_Repair,0.5683501958847046,252,V,F,6eqe_Repair,A
5045,ThermoMPNN,6eqe_Repair,2.5575287342071533,252,V,G,6eqe_Repair,A
5046,ThermoMPNN,6eqe_Repair,2.034851312637329,252,V,H,6eqe_Repair,A
5047,ThermoMPNN,6eqe_Repair,-0.3390476703643799,252,V,I,6eqe_Repair,A
5048,ThermoMPNN,6eqe_Repair,2.2624735832214355,252,V,K,6eqe_Repair,A
5049,ThermoMPNN,6eqe_Repair,0.36313068866729736,252,V,L,6eqe_Repair,A
5050,ThermoMPNN,6eqe_Repair,0.751075029373169,252,V,M,6eqe_Repair,A
5051,ThermoMPNN,6eqe_Repair,2.477398157119751,252,V,N,6eqe_Repair,A
5052,ThermoMPNN,6eqe_Repair,2.2836360931396484,252,V,P,6eqe_Repair,A
5053,ThermoMPNN,6eqe_Repair,2.182361125946045,252,V,Q,6eqe_Repair,A
5054,ThermoMPNN,6eqe_Repair,2.1896989345550537,252,V,R,6eqe_Repair,A
5055,ThermoMPNN,6eqe_Repair,2.152294874191284,252,V,S,6eqe_Repair,A
5056,ThermoMPNN,6eqe_Repair,1.4596219062805176,252,V,T,6eqe_Repair,A
5057,ThermoMPNN,6eqe_Repair,0.0,252,V,V,6eqe_Repair,A
5058,ThermoMPNN,6eqe_Repair,0.7822299003601074,252,V,W,6eqe_Repair,A
5059,ThermoMPNN,6eqe_Repair,0.8887538909912109,252,V,Y,6eqe_Repair,A
5060,ThermoMPNN,6eqe_Repair,0.3560819625854492,253,S,A,6eqe_Repair,A
5061,ThermoMPNN,6eqe_Repair,0.5155327320098877,253,S,C,6eqe_Repair,A
5062,ThermoMPNN,6eqe_Repair,2.215160369873047,253,S,D,6eqe_Repair,A
5063,ThermoMPNN,6eqe_Repair,2.1245920658111572,253,S,E,6eqe_Repair,A
5064,ThermoMPNN,6eqe_Repair,0.9202245473861694,253,S,F,6eqe_Repair,A
5065,ThermoMPNN,6eqe_Repair,0.9466788172721863,253,S,G,6eqe_Repair,A
5066,ThermoMPNN,6eqe_Repair,1.0222090482711792,253,S,H,6eqe_Repair,A
5067,ThermoMPNN,6eqe_Repair,0.7154603004455566,253,S,I,6eqe_Repair,A
5068,ThermoMPNN,6eqe_Repair,0.29337167739868164,253,S,K,6eqe_Repair,A
5069,ThermoMPNN,6eqe_Repair,1.0883305072784424,253,S,L,6eqe_Repair,A
5070,ThermoMPNN,6eqe_Repair,0.6754465103149414,253,S,M,6eqe_Repair,A
5071,ThermoMPNN,6eqe_Repair,1.1531856060028076,253,S,N,6eqe_Repair,A
5072,ThermoMPNN,6eqe_Repair,2.3559658527374268,253,S,P,6eqe_Repair,A
5073,ThermoMPNN,6eqe_Repair,1.056075096130371,253,S,Q,6eqe_Repair,A
5074,ThermoMPNN,6eqe_Repair,-0.1295638084411621,253,S,R,6eqe_Repair,A
5075,ThermoMPNN,6eqe_Repair,0.0,253,S,S,6eqe_Repair,A
5076,ThermoMPNN,6eqe_Repair,0.3989732265472412,253,S,T,6eqe_Repair,A
5077,ThermoMPNN,6eqe_Repair,0.8307133913040161,253,S,V,6eqe_Repair,A
5078,ThermoMPNN,6eqe_Repair,1.290612816810608,253,S,W,6eqe_Repair,A
5079,ThermoMPNN,6eqe_Repair,1.0482934713363647,253,S,Y,6eqe_Repair,A
5080,ThermoMPNN,6eqe_Repair,-0.13912543654441833,254,D,A,6eqe_Repair,A
5081,ThermoMPNN,6eqe_Repair,-0.5526440143585205,254,D,C,6eqe_Repair,A
5082,ThermoMPNN,6eqe_Repair,0.0,254,D,D,6eqe_Repair,A
5083,ThermoMPNN,6eqe_Repair,0.3037095367908478,254,D,E,6eqe_Repair,A
5084,ThermoMPNN,6eqe_Repair,-0.4904855787754059,254,D,F,6eqe_Repair,A
5085,ThermoMPNN,6eqe_Repair,0.45453521609306335,254,D,G,6eqe_Repair,A
5086,ThermoMPNN,6eqe_Repair,-0.45060262084007263,254,D,H,6eqe_Repair,A
5087,ThermoMPNN,6eqe_Repair,-0.12249359488487244,254,D,I,6eqe_Repair,A
5088,ThermoMPNN,6eqe_Repair,-0.6217650175094604,254,D,K,6eqe_Repair,A
5089,ThermoMPNN,6eqe_Repair,-0.5116254091262817,254,D,L,6eqe_Repair,A
5090,ThermoMPNN,6eqe_Repair,-0.3525257408618927,254,D,M,6eqe_Repair,A
5091,ThermoMPNN,6eqe_Repair,-0.7321444749832153,254,D,N,6eqe_Repair,A
5092,ThermoMPNN,6eqe_Repair,1.3190218210220337,254,D,P,6eqe_Repair,A
5093,ThermoMPNN,6eqe_Repair,-0.061999768018722534,254,D,Q,6eqe_Repair,A
5094,ThermoMPNN,6eqe_Repair,-1.0959831476211548,254,D,R,6eqe_Repair,A
5095,ThermoMPNN,6eqe_Repair,-0.373700350522995,254,D,S,6eqe_Repair,A
5096,ThermoMPNN,6eqe_Repair,-0.22757670283317566,254,D,T,6eqe_Repair,A
5097,ThermoMPNN,6eqe_Repair,-0.09652569890022278,254,D,V,6eqe_Repair,A
5098,ThermoMPNN,6eqe_Repair,-0.41329047083854675,254,D,W,6eqe_Repair,A
5099,ThermoMPNN,6eqe_Repair,-0.45525386929512024,254,D,Y,6eqe_Repair,A
5100,ThermoMPNN,6eqe_Repair,2.1397671699523926,255,F,A,6eqe_Repair,A
5101,ThermoMPNN,6eqe_Repair,1.308469533920288,255,F,C,6eqe_Repair,A
5102,ThermoMPNN,6eqe_Repair,1.7821606397628784,255,F,D,6eqe_Repair,A
5103,ThermoMPNN,6eqe_Repair,2.1924142837524414,255,F,E,6eqe_Repair,A
5104,ThermoMPNN,6eqe_Repair,0.0,255,F,F,6eqe_Repair,A
5105,ThermoMPNN,6eqe_Repair,2.2011966705322266,255,F,G,6eqe_Repair,A
5106,ThermoMPNN,6eqe_Repair,1.5311470031738281,255,F,H,6eqe_Repair,A
5107,ThermoMPNN,6eqe_Repair,1.8205251693725586,255,F,I,6eqe_Repair,A
5108,ThermoMPNN,6eqe_Repair,2.189274787902832,255,F,K,6eqe_Repair,A
5109,ThermoMPNN,6eqe_Repair,1.633398175239563,255,F,L,6eqe_Repair,A
5110,ThermoMPNN,6eqe_Repair,1.6155710220336914,255,F,M,6eqe_Repair,A
5111,ThermoMPNN,6eqe_Repair,1.8082520961761475,255,F,N,6eqe_Repair,A
5112,ThermoMPNN,6eqe_Repair,2.2464089393615723,255,F,P,6eqe_Repair,A
5113,ThermoMPNN,6eqe_Repair,2.1165857315063477,255,F,Q,6eqe_Repair,A
5114,ThermoMPNN,6eqe_Repair,1.9166334867477417,255,F,R,6eqe_Repair,A
5115,ThermoMPNN,6eqe_Repair,1.811033010482788,255,F,S,6eqe_Repair,A
5116,ThermoMPNN,6eqe_Repair,1.8703380823135376,255,F,T,6eqe_Repair,A
5117,ThermoMPNN,6eqe_Repair,1.7520992755889893,255,F,V,6eqe_Repair,A
5118,ThermoMPNN,6eqe_Repair,-0.39171266555786133,255,F,W,6eqe_Repair,A
5119,ThermoMPNN,6eqe_Repair,0.08996725082397461,255,F,Y,6eqe_Repair,A
5120,ThermoMPNN,6eqe_Repair,1.5346109867095947,256,R,A,6eqe_Repair,A
5121,ThermoMPNN,6eqe_Repair,1.6310107707977295,256,R,C,6eqe_Repair,A
5122,ThermoMPNN,6eqe_Repair,2.6033356189727783,256,R,D,6eqe_Repair,A
5123,ThermoMPNN,6eqe_Repair,2.2026467323303223,256,R,E,6eqe_Repair,A
5124,ThermoMPNN,6eqe_Repair,1.602184534072876,256,R,F,6eqe_Repair,A
5125,ThermoMPNN,6eqe_Repair,2.4020330905914307,256,R,G,6eqe_Repair,A
5126,ThermoMPNN,6eqe_Repair,1.5820322036743164,256,R,H,6eqe_Repair,A
5127,ThermoMPNN,6eqe_Repair,1.459158182144165,256,R,I,6eqe_Repair,A
5128,ThermoMPNN,6eqe_Repair,0.6585252285003662,256,R,K,6eqe_Repair,A
5129,ThermoMPNN,6eqe_Repair,1.3699711561203003,256,R,L,6eqe_Repair,A
5130,ThermoMPNN,6eqe_Repair,1.3310813903808594,256,R,M,6eqe_Repair,A
5131,ThermoMPNN,6eqe_Repair,2.0079517364501953,256,R,N,6eqe_Repair,A
5132,ThermoMPNN,6eqe_Repair,3.4432666301727295,256,R,P,6eqe_Repair,A
5133,ThermoMPNN,6eqe_Repair,1.4707200527191162,256,R,Q,6eqe_Repair,A
5134,ThermoMPNN,6eqe_Repair,0.0,256,R,R,6eqe_Repair,A
5135,ThermoMPNN,6eqe_Repair,1.8187179565429688,256,R,S,6eqe_Repair,A
5136,ThermoMPNN,6eqe_Repair,1.8220033645629883,256,R,T,6eqe_Repair,A
5137,ThermoMPNN,6eqe_Repair,1.697310209274292,256,R,V,6eqe_Repair,A
5138,ThermoMPNN,6eqe_Repair,1.5206327438354492,256,R,W,6eqe_Repair,A
5139,ThermoMPNN,6eqe_Repair,1.524132490158081,256,R,Y,6eqe_Repair,A
5140,ThermoMPNN,6eqe_Repair,0.16595172882080078,257,T,A,6eqe_Repair,A
5141,ThermoMPNN,6eqe_Repair,-0.07617557048797607,257,T,C,6eqe_Repair,A
5142,ThermoMPNN,6eqe_Repair,1.3076977729797363,257,T,D,6eqe_Repair,A
5143,ThermoMPNN,6eqe_Repair,0.5384493470191956,257,T,E,6eqe_Repair,A
5144,ThermoMPNN,6eqe_Repair,0.03132367134094238,257,T,F,6eqe_Repair,A
5145,ThermoMPNN,6eqe_Repair,1.1215407848358154,257,T,G,6eqe_Repair,A
5146,ThermoMPNN,6eqe_Repair,0.1850396990776062,257,T,H,6eqe_Repair,A
5147,ThermoMPNN,6eqe_Repair,-0.0008292198181152344,257,T,I,6eqe_Repair,A
5148,ThermoMPNN,6eqe_Repair,0.36046481132507324,257,T,K,6eqe_Repair,A
5149,ThermoMPNN,6eqe_Repair,0.4273773431777954,257,T,L,6eqe_Repair,A
5150,ThermoMPNN,6eqe_Repair,0.1803523302078247,257,T,M,6eqe_Repair,A
5151,ThermoMPNN,6eqe_Repair,0.8259526491165161,257,T,N,6eqe_Repair,A
5152,ThermoMPNN,6eqe_Repair,2.126805067062378,257,T,P,6eqe_Repair,A
5153,ThermoMPNN,6eqe_Repair,0.2925969362258911,257,T,Q,6eqe_Repair,A
5154,ThermoMPNN,6eqe_Repair,0.05238354206085205,257,T,R,6eqe_Repair,A
5155,ThermoMPNN,6eqe_Repair,0.022493839263916016,257,T,S,6eqe_Repair,A
5156,ThermoMPNN,6eqe_Repair,0.0,257,T,T,6eqe_Repair,A
5157,ThermoMPNN,6eqe_Repair,-0.24048089981079102,257,T,V,6eqe_Repair,A
5158,ThermoMPNN,6eqe_Repair,-0.11727070808410645,257,T,W,6eqe_Repair,A
5159,ThermoMPNN,6eqe_Repair,-0.14766788482666016,257,T,Y,6eqe_Repair,A
5160,ThermoMPNN,6eqe_Repair,0.0,258,A,A,6eqe_Repair,A
5161,ThermoMPNN,6eqe_Repair,-0.4253576397895813,258,A,C,6eqe_Repair,A
5162,ThermoMPNN,6eqe_Repair,0.18752354383468628,258,A,D,6eqe_Repair,A
5163,ThermoMPNN,6eqe_Repair,-0.2465561032295227,258,A,E,6eqe_Repair,A
5164,ThermoMPNN,6eqe_Repair,-0.2837267518043518,258,A,F,6eqe_Repair,A
5165,ThermoMPNN,6eqe_Repair,0.8549734950065613,258,A,G,6eqe_Repair,A
5166,ThermoMPNN,6eqe_Repair,0.006323695182800293,258,A,H,6eqe_Repair,A
5167,ThermoMPNN,6eqe_Repair,-0.13326549530029297,258,A,I,6eqe_Repair,A
5168,ThermoMPNN,6eqe_Repair,0.26967328786849976,258,A,K,6eqe_Repair,A
5169,ThermoMPNN,6eqe_Repair,0.04156684875488281,258,A,L,6eqe_Repair,A
5170,ThermoMPNN,6eqe_Repair,-0.016440153121948242,258,A,M,6eqe_Repair,A
5171,ThermoMPNN,6eqe_Repair,0.2526707053184509,258,A,N,6eqe_Repair,A
5172,ThermoMPNN,6eqe_Repair,2.2113122940063477,258,A,P,6eqe_Repair,A
5173,ThermoMPNN,6eqe_Repair,-0.050456464290618896,258,A,Q,6eqe_Repair,A
5174,ThermoMPNN,6eqe_Repair,0.21668750047683716,258,A,R,6eqe_Repair,A
5175,ThermoMPNN,6eqe_Repair,-0.10724902153015137,258,A,S,6eqe_Repair,A
5176,ThermoMPNN,6eqe_Repair,-0.12508493661880493,258,A,T,6eqe_Repair,A
5177,ThermoMPNN,6eqe_Repair,-0.2721899151802063,258,A,V,6eqe_Repair,A
5178,ThermoMPNN,6eqe_Repair,-0.3932073712348938,258,A,W,6eqe_Repair,A
5179,ThermoMPNN,6eqe_Repair,-0.31932729482650757,258,A,Y,6eqe_Repair,A
5180,ThermoMPNN,6eqe_Repair,0.47082895040512085,259,N,A,6eqe_Repair,A
5181,ThermoMPNN,6eqe_Repair,0.23048794269561768,259,N,C,6eqe_Repair,A
5182,ThermoMPNN,6eqe_Repair,0.8943331837654114,259,N,D,6eqe_Repair,A
5183,ThermoMPNN,6eqe_Repair,1.0387383699417114,259,N,E,6eqe_Repair,A
5184,ThermoMPNN,6eqe_Repair,0.5618457198143005,259,N,F,6eqe_Repair,A
5185,ThermoMPNN,6eqe_Repair,0.4648025631904602,259,N,G,6eqe_Repair,A
5186,ThermoMPNN,6eqe_Repair,0.2674832344055176,259,N,H,6eqe_Repair,A
5187,ThermoMPNN,6eqe_Repair,1.0762474536895752,259,N,I,6eqe_Repair,A
5188,ThermoMPNN,6eqe_Repair,0.44201111793518066,259,N,K,6eqe_Repair,A
5189,ThermoMPNN,6eqe_Repair,0.5296707153320312,259,N,L,6eqe_Repair,A
5190,ThermoMPNN,6eqe_Repair,0.4105468988418579,259,N,M,6eqe_Repair,A
5191,ThermoMPNN,6eqe_Repair,0.0,259,N,N,6eqe_Repair,A
5192,ThermoMPNN,6eqe_Repair,1.8729326725006104,259,N,P,6eqe_Repair,A
5193,ThermoMPNN,6eqe_Repair,0.6190035343170166,259,N,Q,6eqe_Repair,A
5194,ThermoMPNN,6eqe_Repair,0.40457892417907715,259,N,R,6eqe_Repair,A
5195,ThermoMPNN,6eqe_Repair,0.5607281923294067,259,N,S,6eqe_Repair,A
5196,ThermoMPNN,6eqe_Repair,1.03932523727417,259,N,T,6eqe_Repair,A
5197,ThermoMPNN,6eqe_Repair,1.1597373485565186,259,N,V,6eqe_Repair,A
5198,ThermoMPNN,6eqe_Repair,0.8516627550125122,259,N,W,6eqe_Repair,A
5199,ThermoMPNN,6eqe_Repair,0.6164859533309937,259,N,Y,6eqe_Repair,A
5200,ThermoMPNN,6eqe_Repair,0.7135680913925171,260,C,A,6eqe_Repair,A
5201,ThermoMPNN,6eqe_Repair,0.0,260,C,C,6eqe_Repair,A
5202,ThermoMPNN,6eqe_Repair,1.2958409786224365,260,C,D,6eqe_Repair,A
5203,ThermoMPNN,6eqe_Repair,1.4662361145019531,260,C,E,6eqe_Repair,A
5204,ThermoMPNN,6eqe_Repair,-0.02756810188293457,260,C,F,6eqe_Repair,A
5205,ThermoMPNN,6eqe_Repair,1.7771596908569336,260,C,G,6eqe_Repair,A
5206,ThermoMPNN,6eqe_Repair,1.3126987218856812,260,C,H,6eqe_Repair,A
5207,ThermoMPNN,6eqe_Repair,0.03544270992279053,260,C,I,6eqe_Repair,A
5208,ThermoMPNN,6eqe_Repair,1.5427448749542236,260,C,K,6eqe_Repair,A
5209,ThermoMPNN,6eqe_Repair,0.4905415177345276,260,C,L,6eqe_Repair,A
5210,ThermoMPNN,6eqe_Repair,0.6171528100967407,260,C,M,6eqe_Repair,A
5211,ThermoMPNN,6eqe_Repair,1.6043274402618408,260,C,N,6eqe_Repair,A
5212,ThermoMPNN,6eqe_Repair,0.292094886302948,260,C,P,6eqe_Repair,A
5213,ThermoMPNN,6eqe_Repair,1.3726345300674438,260,C,Q,6eqe_Repair,A
5214,ThermoMPNN,6eqe_Repair,1.7760570049285889,260,C,R,6eqe_Repair,A
5215,ThermoMPNN,6eqe_Repair,0.6957770586013794,260,C,S,6eqe_Repair,A
5216,ThermoMPNN,6eqe_Repair,0.5803161263465881,260,C,T,6eqe_Repair,A
5217,ThermoMPNN,6eqe_Repair,-0.13831591606140137,260,C,V,6eqe_Repair,A
5218,ThermoMPNN,6eqe_Repair,0.5499624609947205,260,C,W,6eqe_Repair,A
5219,ThermoMPNN,6eqe_Repair,0.5941998362541199,260,C,Y,6eqe_Repair,A
5220,ThermoMPNN,6eqe_Repair,-0.199290931224823,261,S,A,6eqe_Repair,A
5221,ThermoMPNN,6eqe_Repair,-0.3933163285255432,261,S,C,6eqe_Repair,A
5222,ThermoMPNN,6eqe_Repair,0.7136683464050293,261,S,D,6eqe_Repair,A
5223,ThermoMPNN,6eqe_Repair,0.3313418924808502,261,S,E,6eqe_Repair,A
5224,ThermoMPNN,6eqe_Repair,-0.4131637215614319,261,S,F,6eqe_Repair,A
5225,ThermoMPNN,6eqe_Repair,0.3862895369529724,261,S,G,6eqe_Repair,A
5226,ThermoMPNN,6eqe_Repair,-0.1010429859161377,261,S,H,6eqe_Repair,A
5227,ThermoMPNN,6eqe_Repair,-0.18238580226898193,261,S,I,6eqe_Repair,A
5228,ThermoMPNN,6eqe_Repair,-0.12703967094421387,261,S,K,6eqe_Repair,A
5229,ThermoMPNN,6eqe_Repair,-0.04365098476409912,261,S,L,6eqe_Repair,A
5230,ThermoMPNN,6eqe_Repair,-0.024769723415374756,261,S,M,6eqe_Repair,A
5231,ThermoMPNN,6eqe_Repair,0.17270687222480774,261,S,N,6eqe_Repair,A
5232,ThermoMPNN,6eqe_Repair,0.4357731342315674,261,S,P,6eqe_Repair,A
5233,ThermoMPNN,6eqe_Repair,0.2356976568698883,261,S,Q,6eqe_Repair,A
5234,ThermoMPNN,6eqe_Repair,-0.27956730127334595,261,S,R,6eqe_Repair,A
5235,ThermoMPNN,6eqe_Repair,0.0,261,S,S,6eqe_Repair,A
5236,ThermoMPNN,6eqe_Repair,0.015577435493469238,261,S,T,6eqe_Repair,A
5237,ThermoMPNN,6eqe_Repair,-0.22880905866622925,261,S,V,6eqe_Repair,A
5238,ThermoMPNN,6eqe_Repair,-0.4310835003852844,261,S,W,6eqe_Repair,A
5239,ThermoMPNN,6eqe_Repair,-0.4617285132408142,261,S,Y,6eqe_Repair,A
5240,ThermoMPNN,6eqe_Repair,-0.0037799477577209473,262,L,A,6eqe_Repair,A
5241,ThermoMPNN,6eqe_Repair,-0.16223430633544922,262,L,C,6eqe_Repair,A
5242,ThermoMPNN,6eqe_Repair,0.010351717472076416,262,L,D,6eqe_Repair,A
5243,ThermoMPNN,6eqe_Repair,-0.05633044242858887,262,L,E,6eqe_Repair,A
5244,ThermoMPNN,6eqe_Repair,-0.11418485641479492,262,L,F,6eqe_Repair,A
5245,ThermoMPNN,6eqe_Repair,0.16918474435806274,262,L,G,6eqe_Repair,A
5246,ThermoMPNN,6eqe_Repair,-0.06440019607543945,262,L,H,6eqe_Repair,A
5247,ThermoMPNN,6eqe_Repair,-0.07026958465576172,262,L,I,6eqe_Repair,A
5248,ThermoMPNN,6eqe_Repair,-0.028133690357208252,262,L,K,6eqe_Repair,A
5249,ThermoMPNN,6eqe_Repair,0.0,262,L,L,6eqe_Repair,A
5250,ThermoMPNN,6eqe_Repair,0.04802805185317993,262,L,M,6eqe_Repair,A
5251,ThermoMPNN,6eqe_Repair,0.06776893138885498,262,L,N,6eqe_Repair,A
5252,ThermoMPNN,6eqe_Repair,0.05479663610458374,262,L,P,6eqe_Repair,A
5253,ThermoMPNN,6eqe_Repair,-0.03173762559890747,262,L,Q,6eqe_Repair,A
5254,ThermoMPNN,6eqe_Repair,-0.02896130084991455,262,L,R,6eqe_Repair,A
5255,ThermoMPNN,6eqe_Repair,-0.03888028860092163,262,L,S,6eqe_Repair,A
5256,ThermoMPNN,6eqe_Repair,-0.07520312070846558,262,L,T,6eqe_Repair,A
5257,ThermoMPNN,6eqe_Repair,-0.07554900646209717,262,L,V,6eqe_Repair,A
5258,ThermoMPNN,6eqe_Repair,-0.11777669191360474,262,L,W,6eqe_Repair,A
5259,ThermoMPNN,6eqe_Repair,-0.044862329959869385,262,L,Y,6eqe_Repair,A
5260,ThermoMPNN,6eqe_Repair,0.17028343677520752,263,E,A,6eqe_Repair,A
5261,ThermoMPNN,6eqe_Repair,-0.021519005298614502,263,E,C,6eqe_Repair,A
5262,ThermoMPNN,6eqe_Repair,0.04030716419219971,263,E,D,6eqe_Repair,A
5263,ThermoMPNN,6eqe_Repair,0.0,263,E,E,6eqe_Repair,A
5264,ThermoMPNN,6eqe_Repair,0.18287473917007446,263,E,F,6eqe_Repair,A
5265,ThermoMPNN,6eqe_Repair,0.3114423155784607,263,E,G,6eqe_Repair,A
5266,ThermoMPNN,6eqe_Repair,0.1845177412033081,263,E,H,6eqe_Repair,A
5267,ThermoMPNN,6eqe_Repair,0.1238638162612915,263,E,I,6eqe_Repair,A
5268,ThermoMPNN,6eqe_Repair,0.2293434739112854,263,E,K,6eqe_Repair,A
5269,ThermoMPNN,6eqe_Repair,0.13847285509109497,263,E,L,6eqe_Repair,A
5270,ThermoMPNN,6eqe_Repair,0.181929349899292,263,E,M,6eqe_Repair,A
5271,ThermoMPNN,6eqe_Repair,0.18320047855377197,263,E,N,6eqe_Repair,A
5272,ThermoMPNN,6eqe_Repair,0.5043804049491882,263,E,P,6eqe_Repair,A
5273,ThermoMPNN,6eqe_Repair,0.15264296531677246,263,E,Q,6eqe_Repair,A
5274,ThermoMPNN,6eqe_Repair,0.2419741153717041,263,E,R,6eqe_Repair,A
5275,ThermoMPNN,6eqe_Repair,0.10818588733673096,263,E,S,6eqe_Repair,A
5276,ThermoMPNN,6eqe_Repair,0.08692216873168945,263,E,T,6eqe_Repair,A
5277,ThermoMPNN,6eqe_Repair,0.14075487852096558,263,E,V,6eqe_Repair,A
5278,ThermoMPNN,6eqe_Repair,0.23955148458480835,263,E,W,6eqe_Repair,A
5279,ThermoMPNN,6eqe_Repair,0.31153029203414917,263,E,Y,6eqe_Repair,A
5280,ThermoMPNN,6eqe_Repair,-0.045990705490112305,264,H,A,6eqe_Repair,A
5281,ThermoMPNN,6eqe_Repair,-0.2236371636390686,264,H,C,6eqe_Repair,A
5282,ThermoMPNN,6eqe_Repair,0.051637113094329834,264,H,D,6eqe_Repair,A
5283,ThermoMPNN,6eqe_Repair,0.061901211738586426,264,H,E,6eqe_Repair,A
5284,ThermoMPNN,6eqe_Repair,0.0333479642868042,264,H,F,6eqe_Repair,A
5285,ThermoMPNN,6eqe_Repair,0.0535733699798584,264,H,G,6eqe_Repair,A
5286,ThermoMPNN,6eqe_Repair,0.0,264,H,H,6eqe_Repair,A
5287,ThermoMPNN,6eqe_Repair,0.10052627325057983,264,H,I,6eqe_Repair,A
5288,ThermoMPNN,6eqe_Repair,0.18658602237701416,264,H,K,6eqe_Repair,A
5289,ThermoMPNN,6eqe_Repair,0.014054298400878906,264,H,L,6eqe_Repair,A
5290,ThermoMPNN,6eqe_Repair,0.08049207925796509,264,H,M,6eqe_Repair,A
5291,ThermoMPNN,6eqe_Repair,0.01186281442642212,264,H,N,6eqe_Repair,A
5292,ThermoMPNN,6eqe_Repair,0.00021719932556152344,264,H,P,6eqe_Repair,A
5293,ThermoMPNN,6eqe_Repair,0.11611491441726685,264,H,Q,6eqe_Repair,A
5294,ThermoMPNN,6eqe_Repair,0.1911880373954773,264,H,R,6eqe_Repair,A
5295,ThermoMPNN,6eqe_Repair,-0.021040380001068115,264,H,S,6eqe_Repair,A
5296,ThermoMPNN,6eqe_Repair,-0.006193399429321289,264,H,T,6eqe_Repair,A
5297,ThermoMPNN,6eqe_Repair,0.033568501472473145,264,H,V,6eqe_Repair,A
5298,ThermoMPNN,6eqe_Repair,0.0576443076133728,264,H,W,6eqe_Repair,A
5299,ThermoMPNN,6eqe_Repair,0.10463988780975342,264,H,Y,6eqe_Repair,A
