[wt 300K rep2] equilibrating 100 ps at 300.0 K...
[wt 300K rep2] production 100.0 ns (50000000 steps)...
#"Progress (%)","Step","Potential Energy (kJ/mole)","Temperature (K)","Speed (ns/day)","Time Remaining"
0.1%,55000,-599401.4060337283,301.2091859752597,0,--
0.1%,60000,-599247.8577451156,300.5954914321898,712,3:22:15
0.1%,65000,-599525.5169804366,299.2466440120742,711,3:22:25
0.1%,70000,-599151.0555076217,302.2018275764844,713,3:21:45
0.1%,75000,-599685.5935021951,303.51566771674067,715,3:21:10
0.2%,80000,-599525.1271107369,299.67178497911135,717,3:20:50
0.2%,85000,-599062.4351829267,300.59139457463095,716,3:20:52
0.2%,90000,-598293.7777058939,298.67507105240895,715,3:21:06
0.2%,95000,-599573.6513956543,300.1785687123516,715,3:21:06
0.2%,100000,-600059.2246255474,300.56968368277705,715,3:21:09
0.2%,105000,-599471.8182140812,302.60925638090174,712,3:22:05
0.2%,110000,-599626.649260656,298.2551554186655,713,3:21:47
0.2%,115000,-599705.2730943528,297.50712319899463,713,3:21:34
0.2%,120000,-600436.6330205579,297.5882753235739,714,3:21:32
0.2%,125000,-600041.0162885664,300.9917581396653,714,3:21:29
0.3%,130000,-599658.3703346169,298.49902883778356,713,3:21:33
0.3%,135000,-599733.2018730505,302.2342099236563,713,3:21:34
0.3%,140000,-599422.3410206912,299.84086008267855,713,3:21:27
0.3%,145000,-598764.7902108873,297.1244227324176,713,3:21:29
0.3%,150000,-599682.6359682693,303.73498452258667,714,3:21:25
0.3%,155000,-598733.2668172042,299.87042124051356,712,3:21:44
0.3%,160000,-599310.6783650354,300.7266644703172,713,3:21:39
0.3%,165000,-599467.4912392357,300.1404949223434,713,3:21:33
0.3%,170000,-598153.8145043207,302.2158108627632,713,3:21:34
0.3%,175000,-599950.2514435323,299.1219965075436,712,3:21:36
0.4%,180000,-598262.6362113263,298.0393221683486,712,3:21:37
0.4%,185000,-598987.4217303521,300.1167969319131,712,3:21:36
0.4%,190000,-598589.6545325257,298.8911250914567,713,3:21:31
0.4%,195000,-598574.5772789204,302.3000785616537,713,3:21:30
0.4%,200000,-599710.0744537879,302.51527397785964,713,3:21:26
0.4%,205000,-599517.8494166299,300.0238203441998,711,3:21:56
0.4%,210000,-599261.0501265712,298.7508015870451,711,3:21:52
0.4%,215000,-598961.9781448133,299.5887684163616,711,3:21:52
0.4%,220000,-599753.935940959,300.8423087010508,711,3:21:51
0.4%,225000,-598115.5382204168,300.176949594993,711,3:21:48
0.5%,230000,-598956.9497667393,299.39268349140326,711,3:21:45
0.5%,235000,-599733.3228292251,298.7152791334808,711,3:21:41
0.5%,240000,-599948.2449565288,304.4546085922386,712,3:21:35
0.5%,245000,-599864.5736482996,300.52071764872017,712,3:21:33
0.5%,250000,-600289.2258707373,301.5584492151736,712,3:21:32
0.5%,255000,-599526.0395542816,300.069989721001,710,3:21:54
0.5%,260000,-599873.593876557,301.424553116034,710,3:21:50
0.5%,265000,-598965.610535121,299.7602231318043,710,3:21:50
0.5%,270000,-600435.6942483443,299.5269475717607,710,3:21:49
0.5%,275000,-599302.0961511964,299.366164311636,711,3:21:44
0.6%,280000,-597971.5971013145,299.8011671753118,711,3:21:40
0.6%,285000,-599468.2340297773,301.7862050569493,711,3:21:36
0.6%,290000,-599650.6426731795,301.30400246906225,711,3:21:32
0.6%,295000,-599300.981782557,299.7699133038747,711,3:21:32
0.6%,300000,-600053.5112357405,300.7906441380629,711,3:21:29
0.6%,305000,-599418.8559980406,298.8387981622766,710,3:21:39
0.6%,310000,-598621.2980665355,299.0791389617032,710,3:21:37
0.6%,315000,-600294.1151617812,302.8426300692702,711,3:21:35
0.6%,320000,-599983.9056646954,297.3102041832758,711,3:21:31
0.6%,325000,-599545.7378635788,300.4628955333534,711,3:21:28
0.7%,330000,-598217.7398629081,301.5822943980911,711,3:21:24
0.7%,335000,-600108.2505719964,299.6925391197988,711,3:21:19
0.7%,340000,-600038.9762159283,299.5016795281341,711,3:21:15
0.7%,345000,-600114.0625541643,300.95076503199545,711,3:21:13
0.7%,350000,-598352.8774005021,301.26995194036937,712,3:21:09
0.7%,355000,-599956.7680750675,302.4573537341681,710,3:21:27
0.7%,360000,-599908.258581995,300.48031331099884,710,3:21:28
0.7%,365000,-598282.7842217083,299.9595953556422,710,3:21:28
0.7%,370000,-599303.0095336204,299.3094461399228,710,3:21:23
0.7%,375000,-597444.9475796195,298.4942696140326,711,3:21:20
0.8%,380000,-599495.2177848876,303.0039039710187,711,3:21:16
0.8%,385000,-599144.9252765267,304.6231439900197,711,3:21:13
0.8%,390000,-599632.3240749366,301.48092783861057,711,3:21:11
0.8%,395000,-598935.6817309479,299.6787520901696,711,3:21:10
0.8%,400000,-599433.5756823644,301.96555910253545,711,3:21:08
0.8%,405000,-600934.9555596686,300.5808948438813,710,3:21:18
0.8%,410000,-599077.9530344126,298.707723252474,710,3:21:15
0.8%,415000,-599244.7514842292,300.20121182329075,710,3:21:13
0.8%,420000,-600147.5446673152,300.1835977889957,711,3:21:10
0.8%,425000,-600601.2623773632,297.74540330360117,711,3:21:07
0.9%,430000,-599234.9762513433,300.43809359926945,711,3:21:07
0.9%,435000,-598730.9017133266,303.1126056227753,710,3:21:07
0.9%,440000,-598755.5622649775,299.5711053179042,710,3:21:06
0.9%,445000,-598067.4518015864,299.0863023294109,711,3:21:02
0.9%,450000,-600055.9259428405,301.1388524984856,711,3:20:58
0.9%,455000,-600351.8620918766,300.04138531433244,710,3:21:05
0.9%,460000,-599125.4509677943,297.99987458179373,710,3:21:02
0.9%,465000,-600056.8172415816,301.6174243383564,710,3:21:01
0.9%,470000,-598948.2546383617,301.0074096074651,710,3:20:59
0.9%,475000,-599734.3456246066,300.58808274367016,711,3:20:56
1.0%,480000,-599722.8272999781,300.7167044453537,711,3:20:54
1.0%,485000,-599259.9059891724,303.0523057672082,711,3:20:51
1.0%,490000,-599118.4518207698,301.89755617347447,711,3:20:51
1.0%,495000,-598609.4438151028,298.6660187144496,711,3:20:49
1.0%,500000,-599705.6539628529,299.52856668911926,711,3:20:46
1.0%,505000,-598703.120436125,300.39675704246287,710,3:20:51
1.0%,510000,-600141.8992130561,299.49194029190136,710,3:20:48
1.0%,515000,-598418.2586996811,302.95530591817965,711,3:20:45
1.0%,520000,-599487.8133579046,300.2860682921298,711,3:20:43
1.0%,525000,-599876.2357308306,298.66979665495296,711,3:20:42
1.1%,530000,-600600.2224007705,297.09817340554343,711,3:20:39
1.1%,535000,-599443.8191972189,299.66094179922504,711,3:20:38
1.1%,540000,-599679.8086866536,300.2743419573206,711,3:20:37
1.1%,545000,-599679.0582291596,300.36346700828693,711,3:20:33
1.1%,550000,-600462.6973433392,297.1759891670808,711,3:20:30
1.1%,555000,-599850.1000972418,297.262538349522,711,3:20:37
1.1%,560000,-599023.508711169,300.23675880893626,711,3:20:35
1.1%,565000,-599116.7613764936,301.4749665428812,711,3:20:33
1.1%,570000,-599522.5296957935,301.3823579363858,711,3:20:31
1.1%,575000,-598965.294078643,301.5381366519476,711,3:20:29
1.2%,580000,-599018.1294469619,301.3697484466537,711,3:20:28
1.2%,585000,-599252.8870494929,299.832175725937,711,3:20:26
1.2%,590000,-600053.9817368053,298.29735059831376,711,3:20:24
1.2%,595000,-598595.1831558393,299.5945579875226,711,3:20:22
1.2%,600000,-597485.3647542726,300.0543873173636,711,3:20:22
1.2%,605000,-600187.2138477508,301.6731857589031,710,3:20:28
1.2%,610000,-599650.3320079995,298.1860240138697,710,3:20:26
1.2%,615000,-598258.680161214,300.38191513334243,710,3:20:24
1.2%,620000,-598969.266790132,299.4441272656604,710,3:20:21
1.2%,625000,-599360.1900424687,304.87739447948144,711,3:20:20
1.3%,630000,-600002.5394972321,302.0868211798617,711,3:20:17
1.3%,635000,-599782.0909197801,299.5344298565239,711,3:20:16
1.3%,640000,-597518.5753946933,298.81527189641463,711,3:20:14
1.3%,645000,-600452.6447056863,298.81870638778133,711,3:20:11
1.3%,650000,-599705.7123743272,301.7277696395527,711,3:20:10
1.3%,655000,-599516.3798749717,297.8188768867677,710,3:20:16
1.3%,660000,-599419.6454545911,298.53788765438986,710,3:20:15
1.3%,665000,-600379.0233051009,299.09854383792515,710,3:20:14
1.3%,670000,-599085.4097715397,301.6778713864106,710,3:20:12
1.3%,675000,-599947.9652871499,300.72749856107765,710,3:20:10
1.4%,680000,-600807.4026611312,298.7636073334267,710,3:20:09
1.4%,685000,-599445.5394401583,301.15624574404984,710,3:20:07
1.4%,690000,-598462.6550037842,298.97497574496697,710,3:20:06
1.4%,695000,-599214.1834451412,302.61931453419,710,3:20:04
1.4%,700000,-600354.1153501146,299.36999131630176,710,3:20:03
1.4%,705000,-599472.4016350317,300.19495614258705,710,3:20:05
1.4%,710000,-598085.9012587643,299.58400919261055,710,3:20:02
1.4%,715000,-598289.1338132024,300.1240093637832,710,3:20:01
1.4%,720000,-599458.4303308204,300.6016489845687,710,3:20:02
1.4%,725000,-599434.9283282869,301.2355579625399,710,3:20:00
1.5%,730000,-600297.5186952781,303.2126474498715,710,3:19:58
1.5%,735000,-599475.1305477396,296.6881196684387,710,3:19:56
1.5%,740000,-599471.9535277169,300.709663738052,710,3:19:54
1.5%,745000,-599394.6179999122,298.86203004316434,710,3:19:53
1.5%,750000,-599349.886923919,297.2888122084774,710,3:19:51
1.5%,755000,-598008.7817320023,299.3173700021474,710,3:19:54
1.5%,760000,-599405.308203456,299.80244284353375,710,3:19:53
1.5%,765000,-600906.5562769813,300.8907350293215,710,3:19:51
1.5%,770000,-599481.3067653622,301.5045767648785,710,3:19:49
1.5%,775000,-599150.2417524769,301.3848111445049,710,3:19:49
1.6%,780000,-598653.9077874809,298.86394354549725,710,3:19:48
1.6%,785000,-599672.7307165009,299.6155083848596,710,3:19:47
1.6%,790000,-599301.9702642653,299.56801427567416,710,3:19:46
1.6%,795000,-599811.5740318238,299.9792210205949,710,3:19:44
1.6%,800000,-598474.3481762796,300.7295101917353,710,3:19:44
1.6%,805000,-598276.744059721,301.2725523409756,710,3:19:48
1.6%,810000,-600505.4410090675,302.48743006570805,710,3:19:48
1.6%,815000,-600508.1905644303,300.75649548104525,710,3:19:45
1.6%,820000,-597923.1042236709,299.40747633636136,710,3:19:42
1.6%,825000,-600541.0076147397,300.61948380759446,710,3:19:40
1.7%,830000,-599109.1388602909,299.72781625255124,710,3:19:39
1.7%,835000,-599497.4667410539,300.25824891205946,710,3:19:37
1.7%,840000,-597933.2588357949,300.35318806626793,710,3:19:37
1.7%,845000,-600620.202661146,298.4494985658593,710,3:19:35
1.7%,850000,-597838.3449196871,298.8506962216542,710,3:19:35
1.7%,855000,-598585.4433592381,301.2931838212571,710,3:19:39
1.7%,860000,-599288.4776682248,300.9733590787722,710,3:19:38
1.7%,865000,-598702.2895639264,299.7489629065377,710,3:19:36
1.7%,870000,-599278.3282593968,299.4062497323018,710,3:19:35
1.7%,875000,-600450.2754183691,303.46890956999096,710,3:19:33
1.8%,880000,-598340.0402679536,299.79719297815893,710,3:19:30
1.8%,885000,-600423.5839332016,298.47893706328824,710,3:19:28
1.8%,890000,-599742.0748997293,301.18946218198226,710,3:19:26
1.8%,895000,-600114.8131098836,299.4232749966482,710,3:19:24
1.8%,900000,-600369.7518784413,298.69795948416004,710,3:19:23
1.8%,905000,-599762.1228194591,302.23926353238164,710,3:19:29
1.8%,910000,-598943.7383996616,303.6783890112795,710,3:19:27
1.8%,915000,-599020.3580368534,298.8586936801224,710,3:19:25
1.8%,920000,-598618.8827951201,299.66668230622366,710,3:19:23
1.8%,925000,-599283.1017446588,301.1085308461337,710,3:19:21
1.9%,930000,-599422.7263767738,300.2165934381974,710,3:19:20
1.9%,935000,-600029.5952820089,299.09832304919445,710,3:19:18
1.9%,940000,-598390.1629865877,299.5683577248108,710,3:19:17
1.9%,945000,-599620.504057759,299.93521046693854,710,3:19:16
1.9%,950000,-598550.572397315,302.8889221064772,710,3:19:14
1.9%,955000,-600729.2807703386,300.04673330803206,709,3:19:19
1.9%,960000,-599249.0813413709,298.3580920313422,709,3:19:17
1.9%,965000,-598725.4221842932,303.0164643965884,709,3:19:15
1.9%,970000,-600035.1448847498,299.19012209701054,709,3:19:14
1.9%,975000,-598410.7794482592,300.6589559262305,709,3:19:12
2.0%,980000,-599108.4245615001,300.0677327695314,710,3:19:10
2.0%,985000,-599265.1632261407,301.66879451637,709,3:19:09
2.0%,990000,-598849.5400996502,300.52427480049283,710,3:19:08
2.0%,995000,-598659.8841375737,301.8695896009169,710,3:19:07
2.0%,1000000,-598776.4161700164,301.5250119885105,709,3:19:06
2.0%,1005000,-599277.8861040357,304.29279498470385,709,3:19:08
2.0%,1010000,-599763.8196447724,299.3341744777631,709,3:19:07
2.0%,1015000,-600103.0596254184,300.8686806883309,709,3:19:05
2.0%,1020000,-599873.5250365757,300.58077218347535,709,3:19:03
2.0%,1025000,-599468.5085003255,302.33915816699067,709,3:19:02
2.1%,1030000,-598739.6052238424,301.2691669137713,709,3:18:59
2.1%,1035000,-598317.3637893326,298.7664530548448,709,3:18:58
2.1%,1040000,-599684.3079837617,300.79648277338634,709,3:18:56
2.1%,1045000,-600075.5582766836,302.4722201753697,709,3:18:55
2.1%,1050000,-598188.2810101458,298.36770860716905,710,3:18:53
2.1%,1055000,-598942.1234785798,301.40227798631275,709,3:18:55
2.1%,1060000,-599593.0130939465,300.0170004256288,709,3:18:54
2.1%,1065000,-599610.618289893,301.32865721065906,709,3:18:52
2.1%,1070000,-599539.1113295234,302.7364797539574,709,3:18:51
2.1%,1075000,-599398.6304887696,303.1363036132056,709,3:18:50
2.2%,1080000,-600343.2873456073,300.58651269047397,709,3:18:48
2.2%,1085000,-600037.2930003302,297.07344506770306,709,3:18:47
2.2%,1090000,-600118.8126167594,300.43151900151025,709,3:18:46
2.2%,1095000,-599618.3418021831,298.83006474137267,709,3:18:46
2.2%,1100000,-598905.0303679258,300.65036969781374,709,3:18:45
2.2%,1105000,-598961.517443961,296.87468614589494,709,3:18:46
2.2%,1110000,-599666.1928104828,300.3953832459162,709,3:18:44
2.2%,1115000,-599808.121620907,301.4788180796282,709,3:18:43
2.2%,1120000,-599672.5028863358,299.82322151630234,709,3:18:42
2.2%,1125000,-599551.9315783852,299.8470176350575,709,3:18:41
2.3%,1130000,-600824.7320842552,300.55086757650366,709,3:18:40
2.3%,1135000,-599625.1584689622,302.6132796422171,709,3:18:38
2.3%,1140000,-601237.1166910115,299.20155404684544,709,3:18:37
2.3%,1145000,-600187.3682042509,300.75458197871234,709,3:18:34
2.3%,1150000,-599639.8191035115,299.9486295153499,709,3:18:33
2.3%,1155000,-599523.3472854947,300.57544872185696,709,3:18:35
2.3%,1160000,-598401.6425344152,301.29215347384707,709,3:18:33
2.3%,1165000,-600767.7947505359,299.5016795281341,709,3:18:31
2.3%,1170000,-598623.878151048,302.4763415650098,709,3:18:29
2.3%,1175000,-599246.2873826986,299.6570166662345,709,3:18:27
2.4%,1180000,-599429.9052618123,299.9114143481834,709,3:18:25
2.4%,1185000,-600258.2701124856,301.8202065214798,709,3:18:23
2.4%,1190000,-600007.3339790944,300.1735151036263,709,3:18:21
2.4%,1195000,-599007.7164731226,298.30745781576434,709,3:18:20
2.4%,1200000,-600152.4587427829,298.4883819145467,709,3:18:18
2.4%,1205000,-600182.7429502136,297.46286732452637,709,3:18:20
2.4%,1210000,-599549.3349816683,299.6202185444483,709,3:18:19
2.4%,1215000,-599266.9834919916,299.1332076686478,709,3:18:17
2.4%,1220000,-600221.9398758993,301.754803993025,709,3:18:16
2.4%,1225000,-600415.781683581,300.4171677340137,709,3:18:14
2.5%,1230000,-599680.5461960314,300.77793652000605,709,3:18:12
2.5%,1235000,-599896.8257366079,299.1393897531079,709,3:18:11
2.5%,1240000,-599822.9085805924,301.4574261048297,709,3:18:09
2.5%,1245000,-598507.6819336591,301.1738352462637,709,3:18:07
2.5%,1250000,-599285.6668872,300.44591933316934,709,3:18:06
2.5%,1255000,-600561.196999561,300.67490177900453,709,3:18:07
2.5%,1260000,-599177.8498180867,301.4601491658419,709,3:18:05
2.5%,1265000,-599959.4631253667,301.16358083632593,709,3:18:04
2.5%,1270000,-600154.7125800718,300.9045956551943,709,3:18:02
2.5%,1275000,-599591.4762629755,303.1239885084478,709,3:18:00
2.6%,1280000,-598801.4442990725,300.5188286784685,709,3:17:58
2.6%,1285000,-597835.6348487507,301.1705234153029,709,3:17:56
2.6%,1290000,-599223.081369143,301.38991381739254,710,3:17:54
2.6%,1295000,-599527.0299898474,300.5736333478488,710,3:17:52
2.6%,1300000,-600095.3485820638,301.0312057262202,710,3:17:51
2.6%,1305000,-600050.9900714997,300.0974901840159,709,3:17:52
2.6%,1310000,-598754.2529767081,298.2267227365653,709,3:17:50
2.6%,1315000,-600653.1700548767,300.17950093143685,710,3:17:49
2.6%,1320000,-598257.4089546744,298.4555825219946,709,3:17:48
2.6%,1325000,-599915.0686290017,301.54763056736846,709,3:17:47
2.7%,1330000,-601173.0003034193,300.0804403875882,709,3:17:46
2.7%,1335000,-599301.4545436557,301.37740245598525,710,3:17:44
2.7%,1340000,-600065.6468408448,297.7910575066973,710,3:17:42
2.7%,1345000,-599842.2141778865,299.53752089875394,710,3:17:40
2.7%,1350000,-600272.990191217,297.6551988410625,710,3:17:38
2.7%,1355000,-600295.704815534,297.3267633380796,710,3:17:39
2.7%,1360000,-599257.6430604416,299.42126336599057,710,3:17:37
2.7%,1365000,-599567.789156843,302.5753285126148,710,3:17:36
2.7%,1370000,-599820.9175575548,298.04314917301434,710,3:17:35
2.7%,1375000,-599160.8868375998,303.06545496272645,710,3:17:34
2.8%,1380000,-600099.2286894033,300.2537595412015,710,3:17:32
2.8%,1385000,-598849.5492039504,300.67122196682595,710,3:17:30
2.8%,1390000,-600975.794702678,304.8191307866532,710,3:17:29
2.8%,1395000,-600534.4222913673,301.452961266053,710,3:17:27
2.8%,1400000,-598792.3426305302,298.82920611853103,710,3:17:26
2.8%,1405000,-599153.0885846345,301.9775062260754,709,3:17:28
2.8%,1410000,-599120.2789927749,301.88634501237027,709,3:17:26
2.8%,1415000,-598528.2661130507,299.4290645678093,709,3:17:25
2.8%,1420000,-600438.7869875445,298.20147922501997,709,3:17:23
2.8%,1425000,-599570.8713660412,300.9338869601362,709,3:17:22
2.9%,1430000,-599984.2176955095,301.7136391607868,709,3:17:22
2.9%,1435000,-599921.5827247784,299.00093068686687,709,3:17:20
2.9%,1440000,-599988.8793930858,300.0846599055531,710,3:17:18
2.9%,1445000,-599319.6665182514,299.8326663675608,710,3:17:16
2.9%,1450000,-600938.5489502363,301.9725016815125,710,3:17:15
2.9%,1455000,-599025.147076257,298.4048011139296,709,3:17:15
2.9%,1460000,-598843.9014825993,300.7101543796757,709,3:17:14
2.9%,1465000,-599381.9724778379,301.226971734123,709,3:17:13
2.9%,1470000,-598898.9322454133,298.6568437160842,710,3:17:11
2.9%,1475000,-600755.1142421975,300.7536988237895,710,3:17:09
3.0%,1480000,-599853.4203099688,299.95253011625925,710,3:17:08
3.0%,1485000,-601146.0084801461,301.27005006869416,710,3:17:06
3.0%,1490000,-601054.0613714713,299.33324225867784,710,3:17:05
3.0%,1495000,-598890.2034666594,297.358826768196,710,3:17:03
3.0%,1500000,-600125.6873914725,302.3669775470611,710,3:17:02
3.0%,1505000,-600844.2049902179,301.74371549232677,709,3:17:03
3.0%,1510000,-598982.5809775819,297.1510645725909,709,3:17:02
3.0%,1515000,-598951.6223581461,299.03951965058,710,3:17:00
3.0%,1520000,-597926.8956355914,298.43173733907713,710,3:16:59
3.0%,1525000,-597722.0623920904,302.0882440405708,710,3:16:57
3.1%,1530000,-600121.1937765656,299.30679667515415,710,3:16:56
3.1%,1535000,-599877.9415198928,297.90174625703037,710,3:16:55
3.1%,1540000,-598985.4782446902,299.2891826408591,710,3:16:53
3.1%,1545000,-598848.2372007049,299.9620976279237,710,3:16:51
3.1%,1550000,-599956.6795454593,299.42651323136545,710,3:16:50
3.1%,1555000,-600077.4075946906,299.1992970953759,710,3:16:50
3.1%,1560000,-598441.5480124233,301.12126299627175,710,3:16:49
3.1%,1565000,-599280.6808141451,298.8534683468287,710,3:16:47
3.1%,1570000,-599063.5309980465,300.6723749746419,710,3:16:45
3.1%,1575000,-599529.7664667792,301.3344222497389,710,3:16:44
3.2%,1580000,-599314.0850501773,302.2493216856699,710,3:16:42
3.2%,1585000,-599827.6273638327,298.4129948290473,710,3:16:41
3.2%,1590000,-600674.9914518301,301.0191359422743,710,3:16:41
3.2%,1595000,-598430.383481326,300.6165644899327,710,3:16:39
3.2%,1600000,-598589.545753493,299.47189758156844,710,3:16:38
3.2%,1605000,-599460.6904112459,299.98864133977213,709,3:16:39
3.2%,1610000,-600746.9508069404,301.2509641095277,709,3:16:37
3.2%,1615000,-598426.8053292907,299.52061829481346,710,3:16:36
3.2%,1620000,-600489.2551632533,298.7879922221304,710,3:16:34
3.2%,1625000,-598814.0705106976,301.1159395346533,710,3:16:32
3.3%,1630000,-599383.3136794209,300.9159785408669,710,3:16:30
3.3%,1635000,-600867.6001051283,303.894688371139,710,3:16:28
3.3%,1640000,-598439.0406525149,299.6533859182182,710,3:16:27
3.3%,1645000,-600354.4308026577,297.69091755127636,710,3:16:25
3.3%,1650000,-601135.0449134861,300.6024340111668,710,3:16:24
3.3%,1655000,-598800.2574259993,300.9838342774407,710,3:16:25
3.3%,1660000,-598820.4386194642,300.7962619846556,709,3:16:25
3.3%,1665000,-598396.7700967831,297.4483443324614,710,3:16:24
3.3%,1670000,-599048.2873625276,300.6071441707555,710,3:16:22
3.3%,1675000,-600401.4047355927,299.4766813374007,710,3:16:20
3.4%,1680000,-598586.9439734267,298.5280502898323,710,3:16:18
3.4%,1685000,-600297.9779180693,299.8546471123079,710,3:16:17
3.4%,1690000,-598585.2947989157,297.27708587366817,710,3:16:15
3.4%,1695000,-599447.5350291529,299.105977058526,710,3:16:13
3.4%,1700000,-600008.2163449493,300.6677874754592,710,3:16:12
3.4%,1705000,-599919.3417938869,297.59987899797716,710,3:16:12
3.4%,1710000,-598757.1365174302,299.56109622877835,710,3:16:11
3.4%,1715000,-600765.5804723762,301.1540378567427,710,3:16:09
3.4%,1720000,-598799.9305293914,298.3320634931988,710,3:16:07
3.4%,1725000,-600014.9731885516,298.97625141318883,710,3:16:06
3.5%,1730000,-600074.4991370598,299.87672598537955,710,3:16:04
3.5%,1735000,-599958.3975965902,299.94669148093584,710,3:16:03
3.5%,1740000,-600168.5317298751,301.5344323076878,710,3:16:01
3.5%,1745000,-598609.5111444113,300.7255850587448,710,3:15:59
3.5%,1750000,-599883.404875766,300.3254177503599,710,3:15:57
3.5%,1755000,-599840.2780872742,302.32169132518277,710,3:15:58
3.5%,1760000,-599200.1781829465,301.51021914355243,710,3:15:57
3.5%,1765000,-600463.9020917728,300.0667024221214,710,3:15:55
3.5%,1770000,-599697.6543350243,300.40652081077684,710,3:15:53
3.5%,1775000,-600906.7251848797,297.92743134603717,710,3:15:52
3.6%,1780000,-600719.5617758553,299.932953515469,710,3:15:50
3.6%,1785000,-600127.984588752,300.4513163910313,710,3:15:48
3.6%,1790000,-599445.3528956198,300.084512713066,710,3:15:47
3.6%,1795000,-599042.5280447914,300.346122826885,710,3:15:45
3.6%,1800000,-598585.6602996713,302.2306282398024,710,3:15:44
3.6%,1805000,-598638.2223430155,300.13161430895235,710,3:15:44
3.6%,1810000,-598772.2457518913,299.2022654772,710,3:15:43
3.6%,1815000,-599074.2332826066,299.1599967013082,710,3:15:41
3.6%,1820000,-599095.1030416209,299.94266821962054,710,3:15:40
3.6%,1825000,-599974.3069582814,297.14655066965173,710,3:15:38
3.7%,1830000,-600417.3174597365,300.7012737662847,710,3:15:37
3.7%,1835000,-600076.3738332675,298.7954990389748,710,3:15:35
3.7%,1840000,-600401.9909220692,300.4274221439514,710,3:15:34
3.7%,1845000,-598501.8052477441,300.2050388279565,710,3:15:32
3.7%,1850000,-598094.232503193,300.34067670486064,710,3:15:31
3.7%,1855000,-598585.1471132613,300.7679519629614,710,3:15:31
3.7%,1860000,-599993.9785557142,300.038367868346,710,3:15:30
3.7%,1865000,-599435.9237127947,299.91367129965295,710,3:15:29
3.7%,1870000,-600635.8114448627,299.567867083187,710,3:15:27
3.7%,1875000,-599273.279354169,298.4729267033965,710,3:15:25
3.8%,1880000,-598676.7210689848,301.20695355587134,710,3:15:24
3.8%,1885000,-598949.5582510969,300.9654352165476,710,3:15:23
3.8%,1890000,-599148.9987398237,302.68623805167863,710,3:15:21
3.8%,1895000,-599785.0728933373,301.2364901816251,710,3:15:19
3.8%,1900000,-598450.7043721583,302.8592382882363,710,3:15:18
3.8%,1905000,-599396.7293334026,298.864556847527,710,3:15:18
3.8%,1910000,-600878.068976758,299.3244597736116,710,3:15:17
3.8%,1915000,-599485.1729751434,299.71434813997746,710,3:15:15
3.8%,1920000,-599988.3021211638,301.45232343194203,710,3:15:14
3.8%,1925000,-600405.7958466238,300.061894134208,710,3:15:12
3.9%,1930000,-598604.1719986345,300.1990530001459,710,3:15:11
3.9%,1935000,-600625.8060868224,301.93079714348806,710,3:15:09
3.9%,1940000,-600492.4343193369,302.50254182772164,710,3:15:07
3.9%,1945000,-598579.1026957687,300.0680516865869,710,3:15:06
3.9%,1950000,-599867.8956772699,303.61985546555815,710,3:15:04
3.9%,1955000,-599771.2786800908,299.41429625493237,710,3:15:05
3.9%,1960000,-599698.1741134198,302.3685230681761,710,3:15:04
3.9%,1965000,-600319.90076887,298.9231149253295,710,3:15:02
3.9%,1970000,-599887.2803639118,302.63906285954863,710,3:15:01
3.9%,1975000,-598102.09294722,300.1718714541865,710,3:15:00
4.0%,1980000,-599169.0333129652,301.7871863401969,710,3:14:58
4.0%,1985000,-600583.4043341465,299.21713191840166,710,3:14:57
4.0%,1990000,-599936.4291858636,302.80781904606033,710,3:14:55
4.0%,1995000,-599477.3371212282,299.05863014182773,710,3:14:54
4.0%,2000000,-597580.7739168447,300.9266254641037,710,3:14:52
4.0%,2005000,-599453.9601319544,300.72722870818455,710,3:14:53
4.0%,2010000,-599665.3902081707,298.5495158608743,710,3:14:51
4.0%,2015000,-600076.8102613576,298.82454502310475,710,3:14:50
4.0%,2020000,-600420.7853718991,301.4312749062803,710,3:14:49
4.0%,2025000,-599512.3446410527,301.3357469821232,710,3:14:47
4.1%,2030000,-599516.8186788564,302.48902465098547,710,3:14:45
4.1%,2035000,-598770.0199644556,299.1251611460172,710,3:14:44
4.1%,2040000,-599882.5774657573,298.3819372142598,710,3:14:42
4.1%,2045000,-600647.5078041893,300.5412510006769,710,3:14:41
4.1%,2050000,-600700.0256768973,299.2049394740498,710,3:14:40
4.1%,2055000,-598538.8729983517,302.10276703263577,710,3:14:41
4.1%,2060000,-599235.2736043418,296.97068017959464,710,3:14:40
4.1%,2065000,-599873.6352668102,302.35996137184054,710,3:14:39
4.1%,2070000,-598819.9600365581,300.161003742219,710,3:14:37
4.1%,2075000,-599506.1547593023,298.17633384179936,710,3:14:36
4.2%,2080000,-599025.254262893,297.9401144320128,710,3:14:34
4.2%,2085000,-598151.7547524301,303.9296956509984,710,3:14:32
4.2%,2090000,-599375.2499973048,301.4119681583831,710,3:14:31
4.2%,2095000,-600355.1683311551,298.35468207205673,710,3:14:29
4.2%,2100000,-600726.3883560263,301.86613057746905,710,3:14:28
4.2%,2105000,-599282.6164385141,300.7589977533267,710,3:14:28
4.2%,2110000,-598836.3337899009,301.7286527944756,710,3:14:27
4.2%,2115000,-597325.4425556362,301.56634854531706,710,3:14:26
4.2%,2120000,-600206.7163752187,300.45011431905294,710,3:14:24
4.2%,2125000,-599113.5692196023,300.97600854354084,710,3:14:23
4.3%,2130000,-599230.8151750774,299.7928753318693,710,3:14:21
4.3%,2135000,-598175.79286044,301.2931347570947,710,3:14:20
4.3%,2140000,-598820.9971079724,300.31629181615693,710,3:14:19
4.3%,2145000,-599285.217510439,300.2250570062082,710,3:14:18
4.3%,2150000,-599301.8954516225,300.8848963939981,710,3:14:17
4.3%,2155000,-600446.4201235068,302.5807010383956,710,3:14:17
4.3%,2160000,-598803.3792354288,300.14881129786716,710,3:14:15
4.3%,2165000,-600673.6943222196,299.19654950228255,710,3:14:14
4.3%,2170000,-599649.1789179677,298.0863256359102,710,3:14:12
4.3%,2175000,-599087.2828956875,299.63847041285425,710,3:14:11
4.4%,2180000,-597911.214808255,300.6373186306202,710,3:14:09
4.4%,2185000,-598759.2898730556,299.6931524218286,710,3:14:08
4.4%,2190000,-599464.618596191,299.03861196357593,710,3:14:07
4.4%,2195000,-598781.2805192792,302.4457255276837,710,3:14:05
4.4%,2200000,-599709.0357829938,296.37580174279816,710,3:14:03
4.4%,2205000,-597817.4210369587,299.9211781164974,710,3:14:04
4.4%,2210000,-598647.1302754069,299.41100895605285,710,3:14:02
4.4%,2215000,-599393.0471969559,301.32438862853184,710,3:14:01
4.4%,2220000,-600526.5342635983,300.05411746447055,710,3:13:59
4.4%,2225000,-600125.7424343172,301.6213985355093,710,3:13:58
4.5%,2230000,-598112.2330808141,298.1919362454367,710,3:13:56
4.5%,2235000,-599130.6004655026,300.39656078581334,710,3:13:55
4.5%,2240000,-600439.3602220677,304.02313834825424,710,3:13:54
4.5%,2245000,-600196.986638254,300.09692594614853,710,3:13:53
4.5%,2250000,-600645.7446558592,298.9563313632619,710,3:13:52
4.5%,2255000,-599284.3839158677,300.33500979410553,710,3:13:52
4.5%,2260000,-599431.4599401518,303.5532999292874,710,3:13:50
4.5%,2265000,-598796.8003770825,300.9653125561416,710,3:13:49
4.5%,2270000,-599480.5832316433,300.9638896954326,710,3:13:48
4.5%,2275000,-599050.8180054445,302.89804804068024,710,3:13:46
4.6%,2280000,-600735.2685438031,301.56522006958227,710,3:13:45
4.6%,2285000,-600509.3226548154,298.02570686328767,710,3:13:44
4.6%,2290000,-597754.9543747981,300.48330622490414,710,3:13:42
4.6%,2295000,-599428.1093438626,304.1406960813207,710,3:13:41
4.6%,2300000,-599698.3152762935,297.58174978997715,710,3:13:40
4.6%,2305000,-599014.0612620446,301.6594723255174,710,3:13:40
4.6%,2310000,-600010.9857516037,299.6974210039558,710,3:13:39
4.6%,2315000,-599615.8652963983,302.5167704348123,710,3:13:38
4.6%,2320000,-599531.7887582062,298.46755417761574,710,3:13:36
4.6%,2325000,-599585.684581155,298.91374367031466,710,3:13:35
4.7%,2330000,-599389.3819342572,298.87755885055816,710,3:13:34
4.7%,2335000,-599767.8706843522,300.42931111420313,710,3:13:33
4.7%,2340000,-600160.6374410987,301.0724932188644,710,3:13:32
4.7%,2345000,-598798.1808133805,299.9413434872362,710,3:13:30
4.7%,2350000,-599110.2891624211,298.08887697235406,710,3:13:29
4.7%,2355000,-598561.8320917836,301.49623585727363,710,3:13:31
4.7%,2360000,-599429.7116755568,299.49049289911113,710,3:13:29
4.7%,2365000,-598753.1169877131,301.4723416101938,710,3:13:28
4.7%,2370000,-599932.2749693282,300.55336984878517,710,3:13:27
4.7%,2375000,-598921.685946282,300.8087488139817,710,3:13:26
4.8%,2380000,-599570.3285782323,296.9730107273078,710,3:13:24
4.8%,2385000,-600042.9560580342,301.89399902170186,710,3:13:23
4.8%,2390000,-598294.7995608803,300.26067758809734,710,3:13:22
4.8%,2395000,-599692.8087828495,301.91600429852997,710,3:13:20
4.8%,2400000,-599119.7828985704,303.7467353894771,710,3:13:19
4.8%,2405000,-597977.6823796467,301.12207255495105,710,3:13:19
4.8%,2410000,-599409.1629746701,301.0040241802608,710,3:13:18
4.8%,2415000,-598873.242609588,299.2437737585749,710,3:13:16
4.8%,2420000,-598380.5011319104,300.84915315170304,710,3:13:15
4.8%,2425000,-599834.1928703771,302.5018058652859,710,3:13:13
4.9%,2430000,-600672.2300553047,299.17424984048006,710,3:13:12
4.9%,2435000,-599594.7908258908,298.7089007923712,710,3:13:11
4.9%,2440000,-599592.3305293466,299.89321154393986,710,3:13:09
4.9%,2445000,-600385.9641766218,300.7377529710155,710,3:13:08
4.9%,2450000,-599691.5925740213,299.1887483004639,710,3:13:06
4.9%,2455000,-600224.1341964155,298.1932855099022,710,3:13:06
4.9%,2460000,-600239.6610359033,300.63000807042533,710,3:13:04
4.9%,2465000,-599734.4884697073,299.04881730935136,710,3:13:02
4.9%,2470000,-600402.3399447408,302.5530779149748,710,3:13:01
4.9%,2475000,-599290.386205513,297.8531727362725,710,3:13:00
5.0%,2480000,-597646.3701124527,298.062774837967,710,3:12:58
5.0%,2485000,-598449.6554274233,298.743589155175,710,3:12:57
5.0%,2490000,-599837.6744606146,299.1020519255355,710,3:12:55
5.0%,2495000,-599749.8108507833,299.59671681066743,710,3:12:54
5.0%,2500000,-599102.2839557179,297.5758866225725,710,3:12:53
5.0%,2505000,-601768.5947437882,300.1191765437886,710,3:12:53
5.0%,2510000,-599458.467089376,300.0061817778236,710,3:12:52
5.0%,2515000,-599094.0976374131,299.64786619995033,710,3:12:50
5.0%,2520000,-599919.4153196071,299.39221738186063,710,3:12:49
5.0%,2525000,-598388.4770344477,299.2429151357332,710,3:12:48
5.1%,2530000,-599772.4415062289,299.2525562436412,710,3:12:47
5.1%,2535000,-600311.4151750626,299.35252447449386,710,3:12:46
5.1%,2540000,-599203.9883181555,301.5812640506811,710,3:12:44
5.1%,2545000,-600475.4470802336,302.10139323608917,710,3:12:43
5.1%,2550000,-599602.512067202,301.8341652756774,710,3:12:42
5.1%,2555000,-600413.1510416316,300.8450072299818,710,3:12:42
5.1%,2560000,-598558.0289588147,300.44111104525587,710,3:12:40
5.1%,2565000,-599175.4425694002,299.20837396541657,710,3:12:39
5.1%,2570000,-599556.8352733972,300.96577866568424,710,3:12:37
5.1%,2575000,-599905.3960193126,298.8177741686961,710,3:12:36
5.2%,2580000,-598043.5857184422,300.38152262004337,710,3:12:35
5.2%,2585000,-600534.2274886947,297.97853167115767,710,3:12:33
5.2%,2590000,-599924.3812049651,300.87552513898316,710,3:12:32
5.2%,2595000,-600179.2612949167,301.52542903389076,710,3:12:31
5.2%,2600000,-599872.5481578973,300.87140374934313,710,3:12:29
5.2%,2605000,-600782.3003740329,302.14471689147217,710,3:12:29
5.2%,2610000,-598879.8100047936,300.4788904502898,710,3:12:28
5.2%,2615000,-599782.8940233602,299.28214193355734,710,3:12:26
5.2%,2620000,-599548.2502437155,302.68147882792755,710,3:12:25
5.2%,2625000,-600814.8395808293,301.98663216027836,710,3:12:24
5.3%,2630000,-599262.0320799137,300.3668524354913,710,3:12:23
5.3%,2635000,-600452.9534551692,301.97704011653275,710,3:12:22
5.3%,2640000,-599996.9141923962,299.87817337816983,710,3:12:20
5.3%,2645000,-599697.859866959,298.7653736432724,710,3:12:19
5.3%,2650000,-599040.219222601,296.72283256332366,710,3:12:18
5.3%,2655000,-600283.2255374594,301.0722969622148,710,3:12:17
5.3%,2660000,-599304.6958935582,302.7069676602848,710,3:12:15
5.3%,2665000,-599688.1948080985,300.1546008690282,710,3:12:14
5.3%,2670000,-599898.6904975818,297.5573894333546,710,3:12:13
5.3%,2675000,-599814.4481778401,300.65179255852274,710,3:12:11
5.4%,2680000,-599400.7207976202,297.66763660622627,710,3:12:10
5.4%,2685000,-597605.9984323722,296.9472765741386,710,3:12:08
5.4%,2690000,-598163.5679781563,299.3020619834843,710,3:12:07
5.4%,2695000,-599332.9592827843,299.31081993646944,710,3:12:05
5.4%,2700000,-599284.1514238319,300.21747659312024,710,3:12:04
5.4%,2705000,-600139.1174041554,299.30733638094034,710,3:12:04
5.4%,2710000,-598345.4830547427,296.7540128385172,710,3:12:03
5.4%,2715000,-600321.5973823508,300.4689304253263,710,3:12:01
5.4%,2720000,-598609.8406635234,300.7617208143389,710,3:12:00
5.4%,2725000,-599017.2427025442,301.61487300191254,710,3:11:59
5.5%,2730000,-598862.5958783682,302.30275255850347,710,3:11:57
5.5%,2735000,-600376.0329317413,301.10818739699704,710,3:11:56
5.5%,2740000,-599372.5437713005,302.5587202936486,710,3:11:55
5.5%,2745000,-600916.398839064,301.66690554611824,710,3:11:53
5.5%,2750000,-600104.1882394576,301.39459944490005,710,3:11:52
5.5%,2755000,-600317.0511694769,298.9713940611131,710,3:11:52
5.5%,2760000,-599642.6046250509,300.98160185805233,710,3:11:51
5.5%,2765000,-598111.0057477178,301.0981292437088,710,3:11:49
5.5%,2770000,-598914.2227209802,299.8406147618667,710,3:11:48
5.5%,2775000,-599220.1893188492,301.4520781111301,710,3:11:47
5.6%,2780000,-598421.6925857919,300.6706086647962,710,3:11:46
5.6%,2785000,-600528.2487516762,300.4009274962653,710,3:11:44
5.6%,2790000,-599122.0059849271,297.9727666320778,710,3:11:43
5.6%,2795000,-599973.00408962,299.7076508818124,710,3:11:41
5.6%,2800000,-599224.2798612481,301.4425596636281,710,3:11:40
5.6%,2805000,-598539.3281105133,300.5805513947446,710,3:11:40
5.6%,2810000,-599929.9233675227,300.96828093796574,710,3:11:39
5.6%,2815000,-599825.3177461545,300.28126000421645,710,3:11:38
5.6%,2820000,-598796.9494497175,297.7399081174144,710,3:11:36
5.6%,2825000,-598914.4715149002,300.1834260644274,710,3:11:35
5.7%,2830000,-598723.6678378815,298.82721901995455,710,3:11:33
5.7%,2835000,-599730.490503212,299.3135184654004,710,3:11:33
5.7%,2840000,-599270.3849230655,299.5930369984888,710,3:11:31
5.7%,2845000,-599510.2346753632,301.0681019763312,710,3:11:30
5.7%,2850000,-601079.8263470819,299.803767575918,710,3:11:29
5.7%,2855000,-599719.5493287276,298.77501475118044,710,3:11:28
5.7%,2860000,-600018.1481871121,301.50747155045906,710,3:11:27
5.7%,2865000,-598764.1595920981,300.0617224096397,710,3:11:26
5.7%,2870000,-599273.2181536993,300.2840075973098,710,3:11:25
5.7%,2875000,-599004.9078191691,300.597184145792,710,3:11:23
5.8%,2880000,-600615.8899507006,300.9602098832539,710,3:11:22
5.8%,2885000,-597847.1554361968,302.60425183633885,710,3:11:21
5.8%,2890000,-599105.3105543861,297.8916881037421,710,3:11:20
5.8%,2895000,-598362.253689799,299.9826309798804,710,3:11:19
5.8%,2900000,-601185.901658712,297.71692155733865,710,3:11:17
5.8%,2905000,-599702.7374421833,299.66160416541715,710,3:11:17
5.8%,2910000,-599775.9077156316,299.05632412619576,710,3:11:16
5.8%,2915000,-600333.2016879823,302.10291422512296,710,3:11:15
5.8%,2920000,-599727.7832700196,301.84608786713613,710,3:11:13
5.8%,2925000,-598100.2937475424,300.50366785229255,710,3:11:12
5.9%,2930000,-600216.2517758836,302.5016096086364,710,3:11:11
5.9%,2935000,-599754.8109399164,299.6800768225539,710,3:11:09
5.9%,2940000,-599437.6830778117,300.8841849636436,710,3:11:08
5.9%,2945000,-599534.7308234782,300.21355146012974,710,3:11:07
5.9%,2950000,-599521.6255734535,298.00021803093034,710,3:11:06
5.9%,2955000,-599535.0447292752,300.2861664204546,710,3:11:06
5.9%,2960000,-599235.773873941,300.68596574762165,710,3:11:04
5.9%,2965000,-600132.1539310203,300.1462844935044,710,3:11:03
5.9%,2970000,-597677.0526853497,298.81242617499646,710,3:11:02
5.9%,2975000,-599551.280814488,298.92520015223073,710,3:11:00
6.0%,2980000,-600065.1944833123,299.8435340795284,710,3:11:00
6.0%,2985000,-599317.8325985167,302.09894002797006,710,3:10:58
6.0%,2990000,-599865.5724159954,297.64195151721947,710,3:10:57
6.0%,2995000,-600022.4995148759,298.30792392530697,710,3:10:56
6.0%,3000000,-601252.3589113783,301.4565184178257,710,3:10:55
6.0%,3005000,-599316.756248585,300.62367879347806,710,3:10:55
6.0%,3010000,-599619.0679529733,301.79371187379365,710,3:10:53
6.0%,3015000,-599657.7569674728,301.01938126308625,710,3:10:52
6.0%,3020000,-599215.1874323762,302.5383831983414,710,3:10:50
6.0%,3025000,-599492.3932407154,299.49144965027756,710,3:10:49
6.1%,3030000,-599636.7641571709,299.3467349033328,710,3:10:48
6.1%,3035000,-600760.8490725541,299.88003781634035,710,3:10:46
6.1%,3040000,-599652.0615200768,297.9303506636989,710,3:10:45
6.1%,3045000,-598689.5755730444,296.3968502684599,710,3:10:43
6.1%,3050000,-600196.6589350915,304.17047802788636,710,3:10:42
6.1%,3055000,-600017.071653727,300.39690423495,710,3:10:42
6.1%,3060000,-599856.0552822333,301.3721525906104,710,3:10:41
6.1%,3065000,-598592.2746847654,299.91192952188845,710,3:10:40
6.1%,3070000,-599228.3518160279,300.8885516740955,710,3:10:38
6.1%,3075000,-599119.9730102816,299.15656220994146,710,3:10:37
6.2%,3080000,-598970.8107343814,300.60015252761605,710,3:10:36
6.2%,3085000,-600388.9730413067,295.5276295677063,710,3:10:34
6.2%,3090000,-599786.3993726331,298.8276360653348,710,3:10:33
6.2%,3095000,-598827.6391457221,303.136867851073,710,3:10:31
6.2%,3100000,-599483.5393040408,298.42646294162114,710,3:10:30
6.2%,3105000,-600667.1802884368,299.9768414087194,710,3:10:30
6.2%,3110000,-599082.8294854271,301.9801066266816,710,3:10:29
6.2%,3115000,-598825.1409081742,299.4802875533357,710,3:10:27
6.2%,3120000,-599999.608069316,300.56529244024387,710,3:10:26
6.2%,3125000,-598798.4184644725,298.72288407864994,710,3:10:24
6.3%,3130000,-599261.0096766148,299.61099448192044,710,3:10:23
6.3%,3135000,-599570.7782636005,302.89088467297256,710,3:10:22
6.3%,3140000,-599460.5885296785,299.66410643769865,710,3:10:21
6.3%,3145000,-599286.3269565068,298.21349994480346,710,3:10:19
6.3%,3150000,-597676.4256928274,302.8750860126856,710,3:10:18
6.3%,3155000,-599343.3423008141,298.1676249529766,710,3:10:18
6.3%,3160000,-599532.5586169893,301.10421319984414,710,3:10:17
6.3%,3165000,-599474.4478428205,298.3999192297726,710,3:10:15
6.3%,3170000,-599573.9956758968,301.6643787417556,710,3:10:14
6.3%,3175000,-598653.4798717,302.3841745359759,710,3:10:13
6.4%,3180000,-598957.6559279542,302.4087802134103,710,3:10:12
6.4%,3185000,-599834.1529725366,302.54527671315606,710,3:10:11
6.4%,3190000,-600295.2220454067,300.1096580962865,710,3:10:09
6.4%,3195000,-599375.1163184061,299.7743290784891,710,3:10:08
6.4%,3200000,-599904.0034695705,300.20229123486314,710,3:10:07
6.4%,3205000,-598924.7206558976,300.79991726475305,710,3:10:07
6.4%,3210000,-600790.0475809625,298.0635598645651,710,3:10:05
6.4%,3215000,-598676.3186371513,301.1626731493219,710,3:10:04
6.4%,3220000,-598493.9193962328,298.10673632746096,710,3:10:03
6.4%,3225000,-600054.5991504514,298.5538825713263,710,3:10:01
6.5%,3230000,-599376.7193637392,300.1567596921729,710,3:10:00
6.5%,3235000,-599680.4737109873,300.40789460732356,710,3:09:58
6.5%,3240000,-599754.1750973524,297.46460910229086,710,3:09:57
6.5%,3245000,-598914.2355386727,299.8795717067977,710,3:09:55
6.5%,3250000,-601455.1976725045,302.27949614553455,710,3:09:54
6.5%,3255000,-599442.8420568216,299.45955794472945,710,3:09:54
6.5%,3260000,-600160.1115170778,301.6473044132468,710,3:09:53
6.5%,3265000,-599491.8650257364,300.34673612891476,710,3:09:52
6.5%,3270000,-598908.9927394087,298.5142141960407,710,3:09:51
6.5%,3275000,-599231.7913184669,301.1567854498361,710,3:09:49
6.6%,3280000,-598886.0469089295,299.77231744783137,710,3:09:48
6.6%,3285000,-597884.497430007,300.75389508043907,710,3:09:47
6.6%,3290000,-601079.8759880518,296.70070462608953,710,3:09:45
6.6%,3295000,-598897.7929495354,299.9026073310359,710,3:09:44
6.6%,3300000,-599929.076185626,299.7737403085405,710,3:09:43
6.6%,3305000,-600324.463284608,299.6250023002804,710,3:09:42
6.6%,3310000,-598595.8392213825,301.37396796461854,710,3:09:41
6.6%,3315000,-599751.5610841536,297.84637734978264,710,3:09:39
6.6%,3320000,-599784.0997545002,300.3715380629987,710,3:09:38
6.6%,3325000,-598971.2613254809,300.2895027834965,710,3:09:36
6.7%,3330000,-599096.6300041578,300.7168025736785,710,3:09:35
6.7%,3335000,-599280.5615261481,300.5784906999246,710,3:09:34
6.7%,3340000,-599473.1789304311,301.62762968413176,710,3:09:32
6.7%,3345000,-600437.2909797998,298.8942897299303,710,3:09:31
6.7%,3350000,-598730.3059653742,300.90476737976263,710,3:09:29
6.7%,3355000,-599556.0916488101,299.62127342393944,710,3:09:29
6.7%,3360000,-599178.0404842547,298.9779195947098,710,3:09:28
6.7%,3365000,-600102.9830347621,298.2085935285653,710,3:09:27
6.7%,3370000,-600117.2693385351,300.6834880074213,710,3:09:25
6.7%,3375000,-599542.7992053623,299.5186066641558,710,3:09:24
6.8%,3380000,-598831.7540250341,299.69138611198287,710,3:09:22
6.8%,3385000,-599770.9834076138,299.06432158466396,710,3:09:21
6.8%,3390000,-599678.2877906426,302.208205917594,710,3:09:20
6.8%,3395000,-598788.3610099661,298.46775043426527,710,3:09:18
6.8%,3400000,-600806.5196924862,298.0239160213607,710,3:09:17
6.8%,3405000,-600516.1735126949,300.988372712461,710,3:09:17
6.8%,3410000,-598868.9197328086,300.1532025404003,710,3:09:15
6.8%,3415000,-601001.722594846,301.18399152787674,710,3:09:14
6.8%,3420000,-599142.7899431074,301.1679966109403,710,3:09:12
6.8%,3425000,-599727.3258228884,299.24036379928936,710,3:09:11
6.9%,3430000,-599077.9326088168,298.7773452988936,710,3:09:10
6.9%,3435000,-599238.8653713954,301.325688828835,710,3:09:08
6.9%,3440000,-600321.1409077547,299.5749323225699,710,3:09:07
6.9%,3445000,-599309.5486082924,297.8476775500858,710,3:09:05
6.9%,3450000,-599061.6271002814,297.42155529980096,710,3:09:04
6.9%,3455000,-600698.0889473376,302.74040488694794,710,3:09:04
6.9%,3460000,-599805.1389195276,298.19171545670605,710,3:09:03
6.9%,3465000,-599786.1145522054,297.6289004500259,710,3:09:02
6.9%,3470000,-599391.6526906593,300.21279096561284,710,3:09:00
6.9%,3475000,-600808.3716383739,301.4559296478771,710,3:08:59
7.0%,3480000,-599463.0193167483,298.77543179656067,710,3:08:58
7.0%,3485000,-598617.6009998876,299.50594811026133,710,3:08:56
7.0%,3490000,-599475.7808999103,303.53740314067574,710,3:08:57
7.0%,3495000,-599147.6681067608,298.4995440114886,710,3:08:55
7.0%,3500000,-599484.3153859568,304.0904543790419,710,3:08:54
7.0%,3505000,-597610.4093310246,299.99580470747986,710,3:08:53
7.0%,3510000,-598941.1794459275,301.27005006869416,710,3:08:52
7.0%,3515000,-600321.680856985,301.6285864352982,710,3:08:51
7.0%,3520000,-599721.9571101884,299.62122435977705,710,3:08:49
7.0%,3525000,-599686.5829999773,301.909061719553,710,3:08:48
7.1%,3530000,-600210.3955061189,300.0268623222675,710,3:08:47
7.1%,3535000,-598338.3694275813,301.09440036736777,710,3:08:45
7.1%,3540000,-599222.1286460026,299.35119974210954,710,3:08:44
7.1%,3545000,-599353.231953884,300.10013964878453,710,3:08:43
7.1%,3550000,-599177.7766874367,298.9520137169723,710,3:08:42
7.1%,3555000,-600041.1546180178,300.9066563500144,710,3:08:41
7.1%,3560000,-598344.8042103597,298.1163038391254,710,3:08:40
7.1%,3565000,-599445.0503399903,298.9932766775353,710,3:08:39
7.1%,3570000,-599071.2189481757,298.37222251010814,710,3:08:37
7.1%,3575000,-598650.2854745998,301.4780821171924,710,3:08:36
7.2%,3580000,-598386.558813313,300.3872385949608,710,3:08:35
7.2%,3585000,-601004.1822538553,300.0405021594096,710,3:08:33
7.2%,3590000,-599737.7258119932,300.78490363106425,710,3:08:32
7.2%,3595000,-599963.6510694921,297.9094983946867,710,3:08:31
7.2%,3600000,-598172.3616089178,300.12008423079266,710,3:08:29
7.2%,3605000,-598502.8588596242,302.0207562852149,710,3:08:29
7.2%,3610000,-599059.4164951616,301.52189641419926,710,3:08:28
7.2%,3615000,-599041.5969835706,298.25648015104986,710,3:08:27
7.2%,3620000,-599033.2477067267,301.90145677438386,710,3:08:25
7.2%,3625000,-598784.565498508,300.1040402496938,710,3:08:24
7.3%,3630000,-600494.3125964077,301.1845067015817,710,3:08:23
7.3%,3635000,-598743.9097218215,301.23231972782264,710,3:08:21
7.3%,3640000,-598903.7672159355,303.24620733694053,710,3:08:20
7.3%,3645000,-600849.4494583188,300.3797317781164,710,3:08:19
7.3%,3650000,-599799.540310673,300.24877952871975,710,3:08:18
7.3%,3655000,-600231.1493637268,300.6567971030857,710,3:08:17
7.3%,3660000,-599788.2616146915,298.29163462339625,710,3:08:16
7.3%,3665000,-600734.1295517124,300.42913938963477,710,3:08:14
7.3%,3670000,-598579.890019021,298.8754981557381,710,3:08:13
7.3%,3675000,-600284.0819225875,299.9955839187492,710,3:08:12
7.4%,3680000,-600644.1407877794,299.17972049458564,710,3:08:11
7.4%,3685000,-599413.3180362186,298.4667936830988,710,3:08:10
7.4%,3690000,-599822.7860361743,302.57729107911007,710,3:08:09
7.4%,3695000,-598513.149147097,300.03402568997524,710,3:08:07
7.4%,3700000,-599382.2373364773,300.5513091539651,710,3:08:06
7.4%,3705000,-599605.7877656855,301.08861079620675,710,3:08:05
7.4%,3710000,-599190.1712865527,299.24769889156545,710,3:08:04
7.4%,3715000,-598990.230729613,300.3631726233126,710,3:08:03
7.4%,3720000,-600015.7025950449,301.5969645826432,710,3:08:01
7.4%,3725000,-599699.7439913237,298.42957851593235,710,3:08:00
7.5%,3730000,-599310.7946988316,298.11402235557466,710,3:07:58
7.5%,3735000,-599934.9693889772,301.11338819820946,710,3:07:57
7.5%,3740000,-599748.9897625707,302.0205354964841,710,3:07:56
7.5%,3745000,-599591.5055504767,301.0663356664855,710,3:07:55
7.5%,3750000,-600610.2853373224,300.03596372438926,710,3:07:53
7.5%,3755000,-599449.3104639356,300.1062972011634,710,3:07:53
7.5%,3760000,-600747.6002769726,299.2951684686697,710,3:07:52
7.5%,3765000,-598833.6124093831,298.14137562610244,710,3:07:50
7.5%,3770000,-599364.2829962284,300.3623140004709,710,3:07:49
7.5%,3775000,-599571.0121411476,301.19267588461827,710,3:07:48
7.6%,3780000,-600719.6861919649,300.9988233790483,710,3:07:46
7.6%,3785000,-600662.209820855,298.33360901431377,710,3:07:45
7.6%,3790000,-599877.1460218416,300.2987759101867,710,3:07:43
7.6%,3795000,-598338.0682416842,301.1258504954544,710,3:07:42
7.6%,3800000,-599718.559344437,301.9904591649442,710,3:07:41
7.6%,3805000,-600219.7476879433,300.6826539166608,710,3:07:40
7.6%,3810000,-600107.6459552138,298.0537470320888,710,3:07:39
7.6%,3815000,-599959.1586784609,299.3426135136928,710,3:07:38
7.6%,3820000,-601167.9965300844,300.9676185717736,710,3:07:37
7.6%,3825000,-599197.1809633798,301.449232389712,710,3:07:36
7.7%,3830000,-599346.9068949767,302.07023749297673,710,3:07:34
7.7%,3835000,-600367.7484120564,300.05244928294957,710,3:07:33
7.7%,3840000,-600340.1355097322,298.2760076876777,710,3:07:32
7.7%,3845000,-599338.0716183195,300.3471041101326,710,3:07:31
7.7%,3850000,-600239.2233689004,300.0990357051309,710,3:07:30
7.7%,3855000,-601177.8516031723,300.7684916687476,710,3:07:29
7.7%,3860000,-598722.1735106749,299.10963233862344,710,3:07:28
7.7%,3865000,-599571.0497354539,298.6349120354996,710,3:07:27
7.7%,3870000,-599209.7414416461,300.1721413070796,710,3:07:25
7.7%,3875000,-598109.3583910274,299.63996686980687,710,3:07:24
7.8%,3880000,-599468.5045610568,300.0151850516207,710,3:07:23
7.8%,3885000,-600269.6777415196,298.6025542204089,710,3:07:22
7.8%,3890000,-599181.9456848036,300.1057574953772,710,3:07:21
7.8%,3895000,-598897.8429901018,299.386869388161,710,3:07:19
7.8%,3900000,-599394.3778626546,296.8564833416513,710,3:07:18
7.8%,3905000,-600270.5428740135,301.7521790603376,710,3:07:18
7.8%,3910000,-599563.9255152489,302.3616786175238,710,3:07:16
7.8%,3915000,-599944.9976867796,300.06684961460854,710,3:07:15
7.8%,3920000,-598262.5318357106,300.44179794352925,710,3:07:14
7.8%,3925000,-600163.2672790117,300.3279200226414,710,3:07:13
7.9%,3930000,-599745.028588071,299.88857498059474,710,3:07:11
7.9%,3935000,-599361.6869650874,298.8290343939627,710,3:07:10
7.9%,3940000,-600588.0528928642,298.0032845410792,710,3:07:09
7.9%,3945000,-599947.6529888134,298.72631857001664,710,3:07:07
7.9%,3950000,-600191.191711131,302.8874501816058,710,3:07:06
7.9%,3955000,-599969.3795849509,300.38925022561847,710,3:07:06
7.9%,3960000,-600566.5726256277,305.0661443121637,710,3:07:04
7.9%,3965000,-599124.1203511106,301.1388524984856,710,3:07:03
7.9%,3970000,-599709.5035083597,299.9884205510415,710,3:07:02
7.9%,3975000,-599802.5114023043,300.02556212196436,710,3:07:00
8.0%,3980000,-599914.2353501068,301.79155305064893,710,3:06:59
8.0%,3985000,-599287.1769512091,300.21080386703636,710,3:06:58
8.0%,3990000,-600090.04991034,301.5672562323211,710,3:06:56
8.0%,3995000,-600208.4910043958,300.18435828351267,710,3:06:55
8.0%,4000000,-600490.9878397128,300.15575387684413,710,3:06:53
8.0%,4005000,-598901.627615408,302.4104483949313,710,3:06:53
8.0%,4010000,-599762.337654308,301.50560711228854,710,3:06:52
8.0%,4015000,-598105.1949162506,300.0401096461106,710,3:06:50
8.0%,4020000,-600559.0251669134,302.06373649146116,710,3:06:49
8.0%,4025000,-598793.3536854633,302.3515714000732,710,3:06:48
8.1%,4030000,-598299.9546400602,298.3313029986819,710,3:06:46
8.1%,4035000,-598931.3742378135,299.2706363874789,710,3:06:45
8.1%,4040000,-598990.0949652321,298.546007773264,710,3:06:45
8.1%,4045000,-598904.1798147755,300.22873681838684,710,3:06:43
8.1%,4050000,-599672.485935613,301.567501553133,710,3:06:42
8.1%,4055000,-598532.0141590079,299.2475762311595,709,3:06:42
8.1%,4060000,-599711.0897737709,300.1739566810877,709,3:06:41
8.1%,4065000,-600001.4507933008,300.1612490630309,709,3:06:39
8.1%,4070000,-598490.6715781111,301.0613556540037,709,3:06:38
8.1%,4075000,-598786.4750802582,300.2577092062732,710,3:06:37
8.2%,4080000,-599934.9777784394,302.9337176867317,710,3:06:35
8.2%,4085000,-599794.904116747,301.262445123525,710,3:06:34
8.2%,4090000,-600222.1341197784,300.9487043371754,710,3:06:32
8.2%,4095000,-600556.1203568685,298.80533640353235,710,3:06:31
8.2%,4100000,-600066.218117659,300.92699344532156,710,3:06:30
8.2%,4105000,-599034.1662110076,297.21023595242315,709,3:06:30
8.2%,4110000,-598957.0564959212,302.55521220603833,709,3:06:29
8.2%,4115000,-599655.5500060311,299.69440355796934,709,3:06:27
8.2%,4120000,-600027.9402192519,300.40539233504205,709,3:06:26
8.2%,4125000,-598588.9947722857,299.02418709983573,709,3:06:25
8.3%,4130000,-599424.8251850395,300.91492366137567,710,3:06:23
8.3%,4135000,-599617.8893515803,301.88678658983173,710,3:06:22
8.3%,4140000,-599621.6597129065,300.6653342673401,710,3:06:20
8.3%,4145000,-599411.1033055233,301.38593962023964,710,3:06:19
8.3%,4150000,-599730.1385162137,298.8346767726366,710,3:06:18
8.3%,4155000,-600355.1515928889,301.4556107308216,709,3:06:17
8.3%,4160000,-599456.0299199931,299.88940907135526,709,3:06:16
8.3%,4165000,-598255.5605935575,301.62785047286246,709,3:06:15
8.3%,4170000,-598356.9795195474,301.02320826775195,710,3:06:14
8.3%,4175000,-598184.5325799529,302.20342216176175,710,3:06:12
8.4%,4180000,-599046.9009561767,299.5970602598041,710,3:06:11
8.4%,4185000,-599193.3333666576,299.08868194128644,710,3:06:10
8.4%,4190000,-600023.6375653115,300.9325376956707,710,3:06:09
8.4%,4195000,-599930.6816516938,301.55290496482445,710,3:06:07
8.4%,4200000,-599998.1657483471,301.26656651316506,710,3:06:06
8.4%,4205000,-599686.3981646057,296.76610715454433,709,3:06:05
8.4%,4210000,-599084.2987082917,297.86465375026984,710,3:06:04
8.4%,4215000,-598921.0042505241,303.0792419923558,710,3:06:02
8.4%,4220000,-598833.982244153,301.030028186323,710,3:06:01
8.4%,4225000,-598827.4774983111,298.959937579197,710,3:06:00
8.5%,4230000,-600520.028531692,300.3854722851151,710,3:05:58
8.5%,4235000,-598885.9071097756,300.9520161681362,710,3:05:57
8.5%,4240000,-599865.7816482219,298.7679985759599,710,3:05:56
8.5%,4245000,-599107.8866139557,299.79307158851884,710,3:05:55
8.5%,4250000,-599715.2026743642,300.93052606501305,710,3:05:53
8.5%,4255000,-598871.1399833844,300.85128744276665,710,3:05:53
8.5%,4260000,-600064.746146494,299.2959534952678,710,3:05:52
8.5%,4265000,-600089.083605683,302.249591538563,710,3:05:50
8.5%,4270000,-600048.3319282741,299.76095909424004,710,3:05:49
8.5%,4275000,-599621.3713550502,298.078720690741,710,3:05:48
8.6%,4280000,-600585.2670373251,300.118465113434,710,3:05:47
8.6%,4285000,-600323.9556609346,298.16404326912277,710,3:05:45
8.6%,4290000,-599070.0185926277,303.01536045293483,710,3:05:44
8.6%,4295000,-599292.3540262841,298.7476614806527,710,3:05:43
8.6%,4300000,-599946.9427750586,299.32261986752223,710,3:05:42
8.6%,4305000,-599978.3938816176,299.53285980332765,709,3:05:41
8.6%,4310000,-597890.9583153231,300.87957293237963,709,3:05:40
8.6%,4315000,-599923.4394890415,302.95584562396584,709,3:05:39
8.6%,4320000,-601317.5608403655,299.9758846575529,709,3:05:37
8.6%,4325000,-599883.883562441,299.85999510600743,709,3:05:36
8.7%,4330000,-599235.3405930563,299.8947570650549,709,3:05:35
8.7%,4335000,-599543.490550328,300.64870151629276,709,3:05:34
8.7%,4340000,-601539.1673250049,300.4290903254724,709,3:05:32
8.7%,4345000,-599632.8551554908,298.80791227205737,709,3:05:31
8.7%,4350000,-597904.0488172779,300.31300451727736,709,3:05:30
8.7%,4355000,-599111.4602538673,301.4404744367269,709,3:05:29
8.7%,4360000,-599985.249020258,298.5799111094697,709,3:05:28
8.7%,4365000,-597606.9521118128,302.3197778228499,709,3:05:27
8.7%,4370000,-598315.6114475657,300.2216470469227,709,3:05:25
8.7%,4375000,-599033.3046804555,298.38811929871986,709,3:05:24
8.8%,4380000,-599138.9886322916,300.4255577057809,709,3:05:23
8.8%,4385000,-599039.1545763528,298.97033918162185,710,3:05:21
8.8%,4390000,-599161.0073254993,301.96234539989945,710,3:05:20
8.8%,4395000,-599124.7039579377,301.950717193415,710,3:05:19
8.8%,4400000,-599410.6376012214,300.89220695419294,710,3:05:17
8.8%,4405000,-599405.3281114665,300.7175385361142,709,3:05:17
8.8%,4410000,-599820.642538141,300.43831438800015,709,3:05:16
8.8%,4415000,-599528.7222178942,301.2078857749566,709,3:05:14
8.8%,4420000,-600764.5777712306,298.6815720539246,709,3:05:13
8.8%,4425000,-598404.1591791688,301.87589434578297,709,3:05:12
8.9%,4430000,-599391.595315936,297.72383960423446,709,3:05:11
8.9%,4435000,-599177.0743429037,298.03355712926873,710,3:05:09
8.9%,4440000,-598593.4540094817,300.0846844376343,710,3:05:08
8.9%,4445000,-599270.3430981152,300.457964585034,710,3:05:06
8.9%,4450000,-599804.4575835038,299.5974773051843,710,3:05:05
8.9%,4455000,-599619.9525451344,296.96464528762175,709,3:05:04
8.9%,4460000,-599823.1763338055,299.24276794324606,709,3:05:03
8.9%,4465000,-599011.9843891859,297.83999900867303,709,3:05:02
8.9%,4470000,-599724.3004393266,297.7052442866918,709,3:05:01
8.9%,4475000,-599546.945196324,300.0902532200646,709,3:04:59
9.0%,4480000,-598790.0173038491,299.3742108342666,710,3:04:58
9.0%,4485000,-600623.0881388029,300.5443175108257,710,3:04:57
9.0%,4490000,-598800.4496365814,298.2203198633745,710,3:04:55
9.0%,4495000,-599679.7164618475,298.1257977545462,710,3:04:54
9.0%,4500000,-599999.8458409188,299.0571091527939,710,3:04:53
9.0%,4505000,-600523.2057149219,300.9918072038277,709,3:04:52
9.0%,4510000,-600031.23671014,300.8474359060197,709,3:04:51
9.0%,4515000,-600146.5916883931,302.42077640111256,710,3:04:49
9.0%,4520000,-599226.9477216089,300.21853147261146,710,3:04:48
9.0%,4525000,-599631.8233541735,300.47226678836824,710,3:04:47
9.1%,4530000,-598381.7399922796,301.7350801997476,710,3:04:45
9.1%,4535000,-600472.4736122326,299.52331682374444,710,3:04:44
9.1%,4540000,-599173.0272358586,304.13770316741545,710,3:04:42
9.1%,4545000,-599483.3683326268,301.5899729395038,710,3:04:41
9.1%,4550000,-599054.2644547466,300.28754021700126,710,3:04:40
9.1%,4555000,-598452.4510485427,299.13183387210114,710,3:04:39
9.1%,4560000,-599070.5277986652,303.086601616713,710,3:04:38
9.1%,4565000,-599243.9695099173,302.872436547917,710,3:04:36
9.1%,4570000,-599264.8079804075,299.891175381201,710,3:04:35
9.1%,4575000,-599931.6316869901,300.0642492140023,710,3:04:34
9.2%,4580000,-598496.6845314568,300.44869145834383,710,3:04:32
9.2%,4585000,-599456.5973276151,301.87113512203194,710,3:04:31
9.2%,4590000,-598198.553238064,300.65326448339425,710,3:04:30
9.2%,4595000,-599266.9573324784,300.16438916942326,710,3:04:28
9.2%,4600000,-600378.9221647605,301.27515274158185,710,3:04:27
9.2%,4605000,-598244.9413739615,301.93749440165317,710,3:04:27
9.2%,4610000,-599369.0192844803,298.10823278441364,710,3:04:26
9.2%,4615000,-599493.7406323175,302.759049268653,710,3:04:24
9.2%,4620000,-598868.9426463055,301.2292041535114,710,3:04:23
9.2%,4625000,-598462.2052068678,299.82682773223746,710,3:04:22
9.3%,4630000,-599734.4113236149,300.77751947462576,710,3:04:21
9.3%,4635000,-600043.2620653873,299.4416740575414,710,3:04:19
9.3%,4640000,-600711.753000665,297.87230775960137,710,3:04:18
9.3%,4645000,-600172.6239397055,303.4041939398095,710,3:04:17
9.3%,4650000,-601336.8850917942,303.7129792457585,710,3:04:15
9.3%,4655000,-600418.8290014402,300.45899493244406,710,3:04:15
9.3%,4660000,-600668.7580945231,301.1543077096358,710,3:04:14
9.3%,4665000,-599807.2477338277,298.2852808143678,710,3:04:13
9.3%,4670000,-599935.777027491,296.8463515921195,710,3:04:11
9.3%,4675000,-600333.8898938163,297.4793038189242,710,3:04:10
9.4%,4680000,-597468.6435077507,300.4946400464143,710,3:04:08
9.4%,4685000,-599459.9563704692,301.9057989527546,710,3:04:07
9.4%,4690000,-599405.6235832577,299.9593009706679,710,3:04:06
9.4%,4695000,-598840.6284401049,298.67921697413027,710,3:04:05
9.4%,4700000,-599976.6644668714,302.1565658866873,710,3:04:03
9.4%,4705000,-599299.8529129783,300.79434848232273,710,3:04:03
9.4%,4710000,-600135.5990426727,299.7920412411088,710,3:04:01
9.4%,4715000,-600097.8510170658,299.4745225142559,709,3:04:01
9.4%,4720000,-598485.6940437169,299.2842271604586,709,3:04:00
9.4%,4725000,-598673.4067435102,301.10141654258837,709,3:04:00
9.5%,4730000,-598696.2828502478,298.2048646522243,709,3:03:58
9.5%,4735000,-599310.894467405,299.7528389753659,709,3:03:57
9.5%,4740000,-599070.641983713,299.7276690600641,709,3:03:56
9.5%,4745000,-599945.7666274542,298.51536720385667,709,3:03:55
9.5%,4750000,-599502.7958306521,301.4835282392168,709,3:03:53
9.5%,4755000,-600099.8057043888,298.49723799585666,709,3:03:52
9.5%,4760000,-599620.2895383681,298.8825633951211,709,3:03:51
9.5%,4765000,-599176.211260586,299.3341744777631,709,3:03:50
9.5%,4770000,-599572.8441053783,299.9151677566056,709,3:03:49
9.5%,4775000,-598449.5250891969,298.10600036502524,709,3:03:47
9.6%,4780000,-598446.5431310707,298.42938225928276,709,3:03:46
9.6%,4785000,-599647.3251155983,301.3483074076929,709,3:03:45
9.6%,4790000,-599311.475488184,299.92417103040265,709,3:03:43
9.6%,4795000,-599439.517138293,299.1713795869808,709,3:03:42
9.6%,4800000,-600437.9722578609,301.5362722137771,709,3:03:40
9.6%,4805000,-599757.4039371712,302.4777889578001,709,3:03:40
9.6%,4810000,-600349.1774059897,299.4595088805671,709,3:03:38
9.6%,4815000,-599344.6645424184,301.39884349494605,709,3:03:37
9.6%,4820000,-599671.3552223551,299.05306135939736,709,3:03:36
9.6%,4825000,-599212.0811923225,302.84319430713754,709,3:03:34
9.7%,4830000,-598104.314190967,300.34462636993237,709,3:03:33
9.7%,4835000,-599513.0774504645,300.05978437522555,709,3:03:32
9.7%,4840000,-600251.2476473637,299.02168482755434,709,3:03:31
9.7%,4845000,-600866.3842482138,301.56203089902743,710,3:03:29
9.7%,4850000,-599287.1761410665,300.13404298499023,710,3:03:28
9.7%,4855000,-599121.2931133122,302.5482205628989,709,3:03:27
9.7%,4860000,-599008.7006040066,298.25211344059784,709,3:03:26
9.7%,4865000,-598835.4780887407,301.3877549942478,709,3:03:25
9.7%,4870000,-598488.2567736069,299.93162878308465,709,3:03:23
9.7%,4875000,-599826.373161511,301.8524907403269,709,3:03:22
9.8%,4880000,-599933.1472289092,299.062653403143,710,3:03:21
9.8%,4885000,-598560.4427902424,300.3290730304574,710,3:03:19
9.8%,4890000,-599329.7795669772,300.03451633159904,710,3:03:18
9.8%,4895000,-598625.0955849458,299.2549603875979,710,3:03:17
9.8%,4900000,-598166.0166158164,300.7898100473024,710,3:03:16
9.8%,4905000,-599485.3019874394,300.16264739165877,709,3:03:15
9.8%,4910000,-599813.2564832782,301.4079939612302,709,3:03:14
9.8%,4915000,-599253.6651935135,300.39302816612184,709,3:03:12
9.8%,4920000,-599681.6388277509,303.8741059550199,709,3:03:11
9.8%,4925000,-600746.0194673915,299.1706926887074,709,3:03:10
9.9%,4930000,-598630.1921128728,301.64264331782056,710,3:03:08
9.9%,4935000,-600224.912823773,298.84517650338626,710,3:03:07
9.9%,4940000,-599560.392291104,300.72121834829284,710,3:03:06
9.9%,4945000,-599448.1982967393,300.418884979697,710,3:03:04
9.9%,4950000,-598696.9900901364,304.55504293263385,710,3:03:03
9.9%,4955000,-597850.6290791305,300.12592286611607,709,3:03:03
9.9%,4960000,-599180.2356940848,299.12933159981964,709,3:03:03
9.9%,4965000,-600123.4857623987,302.2676226182382,709,3:03:02
9.9%,4970000,-598993.7270765654,300.1746926435235,709,3:03:01
9.9%,4975000,-599457.2327776304,300.8720661155353,709,3:03:00
10.0%,4980000,-598859.790538202,299.94023954358266,709,3:03:00
10.0%,4985000,-600070.5615289467,300.66013346612766,709,3:02:58
10.0%,4990000,-599675.2971646707,301.5319545674875,709,3:02:57
10.0%,4995000,-598636.2419895171,299.8575909620507,709,3:02:56
10.0%,5000000,-599104.6968320725,298.75286228186513,709,3:02:55
10.0%,5005000,-600048.7956435434,300.0631207382675,709,3:02:55
10.0%,5010000,-598957.060647409,300.0950124438156,709,3:02:54
10.0%,5015000,-599689.8108593351,300.4560265506199,709,3:02:53
10.0%,5020000,-599728.6867142213,304.3036872287526,709,3:02:52
10.0%,5025000,-599701.7182230097,300.68778112162977,709,3:02:50
10.0%,5030000,-601007.1801774967,300.24343153502014,709,3:02:49
10.1%,5035000,-600178.6455583936,302.91669242238527,709,3:02:48
10.1%,5040000,-598466.339626174,302.26747542575106,709,3:02:47
10.1%,5045000,-600217.3110976354,299.6698224126161,709,3:02:45
10.1%,5050000,-600038.1972380229,303.4159693387811,709,3:02:44
10.1%,5055000,-598874.700846402,299.5209862760313,709,3:02:43
10.1%,5060000,-600377.3376958687,299.3805891753762,709,3:02:42
10.1%,5065000,-599450.4780130112,298.4673088568038,709,3:02:41
10.1%,5070000,-599386.4543137462,298.55986839913686,709,3:02:39
10.1%,5075000,-599188.8031505151,301.97691745612684,709,3:02:38
10.1%,5080000,-600208.9174441961,299.09601703356253,709,3:02:37
10.2%,5085000,-600274.0511017162,303.9762330090174,709,3:02:35
10.2%,5090000,-599907.432032227,299.9204421540617,709,3:02:34
10.2%,5095000,-599369.545589868,298.61165562253075,709,3:02:32
10.2%,5100000,-600444.7284142454,302.66180409881247,709,3:02:31
10.2%,5105000,-600064.9195128358,300.51598295705037,709,3:02:31
10.2%,5110000,-599577.7760857586,298.6927586829476,709,3:02:30
10.2%,5115000,-599034.1109941443,302.5290855395701,709,3:02:28
10.2%,5120000,-599743.7063445598,300.59755212700986,709,3:02:27
10.2%,5125000,-599385.3489442957,300.95098582072615,709,3:02:26
10.2%,5130000,-599821.7873431221,298.9093524277814,709,3:02:25
10.3%,5135000,-599513.0632589268,300.62900225509645,709,3:02:23
10.3%,5140000,-598773.7380696484,302.36261083660906,709,3:02:22
10.3%,5145000,-598403.9577922402,300.39302816612184,709,3:02:21
10.3%,5150000,-599616.7768531968,300.93477011505905,709,3:02:19
10.3%,5155000,-599823.068966534,300.6876093970614,709,3:02:19
10.3%,5160000,-599110.7049015439,300.54083395529665,709,3:02:18
10.3%,5165000,-600185.1984361769,299.4865922982018,709,3:02:17
10.3%,5170000,-601865.6884030453,300.9183826848236,709,3:02:15
10.3%,5175000,-599682.0887988759,297.7069124682128,709,3:02:14
10.3%,5180000,-599977.1904524248,299.31243905382803,709,3:02:13
10.4%,5185000,-600053.8203549027,301.49908157869174,709,3:02:12
10.4%,5190000,-597636.3309741286,302.71337053347565,709,3:02:10
10.4%,5195000,-599119.5962901106,302.5065896211181,709,3:02:09
10.4%,5200000,-599022.4737681043,300.8775858338032,709,3:02:08
10.4%,5205000,-599244.2815921642,300.76336446377866,709,3:02:08
10.4%,5210000,-599592.0525454246,301.1913756843151,709,3:02:06
10.4%,5215000,-601793.822880249,301.26156196860217,709,3:02:05
10.4%,5220000,-599116.7319083456,299.31548103189573,709,3:02:04
10.4%,5225000,-598986.1260410012,301.0265446307939,709,3:02:02
10.4%,5230000,-599284.4682628834,303.3493892704292,709,3:02:01
10.5%,5235000,-597875.9268967337,299.5232186954197,709,3:02:00
10.5%,5240000,-598409.438424727,301.3992360082451,709,3:01:59
10.5%,5245000,-599405.928163941,299.28155316360875,709,3:01:58
10.5%,5250000,-600029.1189428628,301.40924509737096,709,3:01:56
10.5%,5255000,-599757.0994915729,298.2305252091499,709,3:01:56
10.5%,5260000,-600492.7696329653,297.7206504336796,709,3:01:55
10.5%,5265000,-599756.5086450288,300.40796820356707,709,3:01:54
10.5%,5270000,-600099.0735975662,300.3531390021056,709,3:01:52
10.5%,5275000,-599535.2178347004,299.3505373759174,709,3:01:51
10.5%,5280000,-600434.1625717343,300.2239775946358,709,3:01:50
10.6%,5285000,-599887.1733329184,303.0263262932271,709,3:01:49
10.6%,5290000,-600135.0737876352,300.60601569502063,709,3:01:48
10.6%,5295000,-599768.1094834036,300.13350327920404,709,3:01:46
10.6%,5300000,-598850.8398892554,302.4167286077161,709,3:01:45
10.6%,5305000,-599069.0726360506,301.56217809151457,709,3:01:45
10.6%,5310000,-599460.5964923687,298.76169383109385,709,3:01:44
10.6%,5315000,-600405.8210395388,299.8441719136394,709,3:01:43
10.6%,5320000,-599234.9194365288,300.3493610616022,709,3:01:41
10.6%,5325000,-600315.6360282982,302.52094088861475,709,3:01:40
10.6%,5330000,-599598.9252348104,301.05568874324865,709,3:01:39
10.7%,5335000,-599373.6709195687,302.00068904280073,709,3:01:38
10.7%,5340000,-599727.4972441574,301.5685809647054,709,3:01:36
10.7%,5345000,-598884.0486898548,298.88553177694513,709,3:01:35
10.7%,5350000,-598582.7128575309,297.9824077399858,709,3:01:34
10.7%,5355000,-598534.4522924777,299.42425627989587,709,3:01:34
10.7%,5360000,-599848.1555131744,298.80560625642545,709,3:01:33
10.7%,5365000,-599180.382443896,297.4133125205209,709,3:01:32
10.7%,5370000,-599940.4921438689,300.58148361382985,709,3:01:31
10.7%,5375000,-598300.9081916129,299.68287347980964,709,3:01:30
10.7%,5380000,-598648.2998585906,303.1894891652273,709,3:01:28
10.8%,5385000,-598967.914119306,299.57831774977427,709,3:01:27
10.8%,5390000,-598657.6674793675,298.57034359780533,709,3:01:26
10.8%,5395000,-599242.3591744807,297.9262783382212,709,3:01:25
10.8%,5400000,-598058.5173521494,300.27505338767514,709,3:01:23
10.8%,5405000,-599977.9904178563,294.02847408613445,709,3:01:24
10.8%,5410000,-599455.2590754773,300.86433850996013,709,3:01:23
10.8%,5415000,-600345.4949715878,300.2933052560811,709,3:01:21
10.8%,5420000,-599732.6755964807,304.60008383370024,709,3:01:20
10.8%,5425000,-599539.2020195494,298.8547194829695,709,3:01:19
10.8%,5430000,-600276.8390143351,302.07700834738546,709,3:01:18
10.9%,5435000,-598582.6316509293,300.91472740472614,709,3:01:17
10.9%,5440000,-600359.9936493677,299.12942972814443,709,3:01:15
10.9%,5445000,-600448.9400280761,300.5967425683305,709,3:01:14
10.9%,5450000,-599324.7209973759,300.0388339778886,709,3:01:13
10.9%,5455000,-598965.8679558095,300.8561447948424,709,3:01:13
10.9%,5460000,-600182.8751404001,298.4629421463519,709,3:01:12
10.9%,5465000,-599597.3306542705,299.594214538386,709,3:01:10
10.9%,5470000,-601355.4608469852,301.451415744938,709,3:01:09
10.9%,5475000,-599501.2256272202,296.64406005061994,709,3:01:08
10.9%,5480000,-599586.89570858,299.25434708556816,709,3:01:06
11.0%,5485000,-600270.621595745,297.5486314803695,709,3:01:05
11.0%,5490000,-598827.6352094519,300.3899861880542,709,3:01:04
11.0%,5495000,-599545.8075145455,298.7536963726256,709,3:01:02
11.0%,5500000,-599712.320973299,300.15222125715263,709,3:01:01
11.0%,5505000,-600039.9813662171,300.6176929656675,709,3:01:01
11.0%,5510000,-600133.7281224458,299.8463798009465,709,3:01:00
11.0%,5515000,-600019.6007294492,302.6849869155379,709,3:00:59
11.0%,5520000,-599572.914945899,302.01754258257887,709,3:00:58
11.0%,5525000,-597781.5075628646,299.22466326732723,709,3:00:56
11.0%,5530000,-598380.7538008094,302.9902396017954,709,3:00:55
11.1%,5535000,-600104.4238026119,299.4330387649622,709,3:00:54
11.1%,5540000,-599444.230744849,300.0364298339319,709,3:00:53
11.1%,5545000,-599631.1212929492,301.9617075657885,709,3:00:51
11.1%,5550000,-598905.2589016175,299.0952320069644,709,3:00:50
11.1%,5555000,-598997.8067213204,297.95792472295733,709,3:00:50
11.1%,5560000,-600731.8983039344,299.48175947820715,709,3:00:49
11.1%,5565000,-599877.1011758014,301.64897259476777,709,3:00:48
11.1%,5570000,-598333.8002021364,302.2564605212964,709,3:00:46
11.1%,5575000,-600422.3651525914,300.6272850094132,709,3:00:45
11.1%,5580000,-599797.5476942123,299.49912819169026,709,3:00:44
11.2%,5585000,-599509.011786731,299.2250067164639,709,3:00:43
11.2%,5590000,-600119.5485571823,299.19885551791447,709,3:00:42
11.2%,5595000,-598671.0831859065,300.95098582072615,709,3:00:40
11.2%,5600000,-598702.4438246251,300.76174534642007,709,3:00:39
11.2%,5605000,-599727.6282260525,300.2515271218131,709,3:00:39
11.2%,5610000,-599136.4398635132,300.6526021172021,709,3:00:38
11.2%,5615000,-601981.598828651,298.3309595495452,709,3:00:36
11.2%,5620000,-599306.8873805492,296.69827595005165,709,3:00:35
11.2%,5625000,-600812.0144897122,299.6471057054334,709,3:00:34
11.2%,5630000,-600654.7550557838,300.77931031655277,709,3:00:33
11.3%,5635000,-599575.0339744091,299.35279432738696,709,3:00:32
11.3%,5640000,-599993.8800417576,300.4954005409312,709,3:00:30
11.3%,5645000,-599170.6618731669,301.0299791221607,709,3:00:29
11.3%,5650000,-598709.9785856791,300.661458198512,709,3:00:28
11.3%,5655000,-598755.0154391369,301.6797358245811,708,3:00:28
11.3%,5660000,-599447.9510264546,299.63702302006396,708,3:00:27
11.3%,5665000,-599229.7342192293,299.4907872840854,708,3:00:26
11.3%,5670000,-598379.0422512041,298.9264022242091,708,3:00:25
11.3%,5675000,-599161.7299047648,299.44272893703254,708,3:00:23
11.3%,5680000,-599560.1936683212,305.3918567541344,708,3:00:22
11.4%,5685000,-599841.0933148097,298.4003362751528,708,3:00:21
11.4%,5690000,-599382.0662382459,300.4383634521625,708,3:00:20
11.4%,5695000,-599637.4360260218,300.8641667853918,708,3:00:18
11.4%,5700000,-599006.2435192452,299.554497098938,708,3:00:17
11.4%,5705000,-599358.9268706422,301.01572598298884,708,3:00:17
11.4%,5710000,-598959.191326547,301.1414038349294,708,3:00:16
11.4%,5715000,-599267.4770202362,298.57088330359153,708,3:00:15
11.4%,5720000,-600567.7543628681,301.0149654884719,708,3:00:13
11.4%,5725000,-598529.8437235756,302.0341017373826,708,3:00:12
11.4%,5730000,-599209.4845471755,299.9272130084703,708,3:00:11
11.5%,5735000,-598898.0013739485,300.8419897839953,708,3:00:10
11.5%,5740000,-599807.8102264889,298.10722696908476,708,3:00:08
11.5%,5745000,-599399.8784559802,301.30454217484845,708,3:00:07
11.5%,5750000,-598621.0797471087,299.90169964403185,708,3:00:06
11.5%,5755000,-598473.5530611007,300.6933989682224,708,3:00:07
11.5%,5760000,-599969.340743091,300.6763246397136,708,3:00:05
11.5%,5765000,-598603.9721483262,301.6648693833794,708,3:00:04
11.5%,5770000,-599770.3583438587,303.06690235551673,708,3:00:03
11.5%,5775000,-599607.6928630825,299.908274241791,708,3:00:02
11.5%,5780000,-599244.4942304976,301.4535255039204,708,3:00:00
11.6%,5785000,-598809.6325312671,298.0030882844297,708,2:59:59
11.6%,5790000,-599661.9467310887,298.53563070292034,708,2:59:58
11.6%,5795000,-599276.2201751196,299.92095732776664,708,2:59:57
11.6%,5800000,-599940.8363426933,299.05509752213624,708,2:59:56
11.6%,5805000,-600964.3897820921,302.66087187972727,708,2:59:56
11.6%,5810000,-600161.0946320323,299.4637529306131,708,2:59:54
11.6%,5815000,-599424.0791276991,303.6250317346894,708,2:59:53
11.6%,5820000,-601481.6251286366,299.54412002859425,708,2:59:52
11.6%,5825000,-599492.1416023253,300.1872530690932,708,2:59:51
11.6%,5830000,-600468.680582352,299.3355237422286,708,2:59:50
11.7%,5835000,-600189.6029700642,300.7348581854349,708,2:59:48
11.7%,5840000,-598577.6237062379,306.43336626109124,708,2:59:47
11.7%,5845000,-599310.5366857713,301.9296196035909,708,2:59:46
11.7%,5850000,-599601.1245440068,301.19552160603644,708,2:59:45
11.7%,5855000,-599394.1092194552,299.6738702060126,708,2:59:45
11.7%,5860000,-599904.0734381024,299.376320593249,708,2:59:44
11.7%,5865000,-599086.2279034494,301.2335953960446,708,2:59:42
11.7%,5870000,-599428.6209938964,301.23761865735986,708,2:59:41
11.7%,5875000,-600293.9016332743,298.6753654373833,708,2:59:40
11.7%,5880000,-599494.350199108,298.7089743886147,708,2:59:39
11.8%,5885000,-600937.7956891921,303.90045341021886,708,2:59:38
11.8%,5890000,-600047.7542533483,299.63537937062415,708,2:59:36
11.8%,5895000,-599881.1558909426,300.4477837713398,708,2:59:35
11.8%,5900000,-600344.0766009418,299.45923902767396,708,2:59:34
11.8%,5905000,-600804.2757837521,300.7877738845636,708,2:59:34
11.8%,5910000,-601884.2804126949,298.6054244739083,708,2:59:33
11.8%,5915000,-599192.1869539302,300.1059537520268,708,2:59:32
11.8%,5920000,-599098.3737386162,302.11199109516355,708,2:59:30
11.8%,5925000,-598495.7092074673,298.997864176718,708,2:59:29
11.8%,5930000,-599886.8698446611,297.4571758816901,708,2:59:28
11.9%,5935000,-600653.4051195001,298.7699366103739,708,2:59:26
11.9%,5940000,-600176.9002792477,300.40725677321257,708,2:59:25
11.9%,5945000,-598586.0266912249,300.92039431548125,708,2:59:24
11.9%,5950000,-600130.3396461215,298.01822457852444,708,2:59:23
11.9%,5955000,-599659.8689685166,302.2540318452585,708,2:59:23
11.9%,5960000,-598295.2603194914,300.2073448435885,708,2:59:22
11.9%,5965000,-598773.6609873893,300.5981163648772,708,2:59:20
11.9%,5970000,-599307.7643743819,298.99106879022816,708,2:59:19
11.9%,5975000,-600478.429131066,299.5006982448865,708,2:59:18
11.9%,5980000,-599705.0635636523,298.30755594408913,708,2:59:17
12.0%,5985000,-600999.842724008,300.176434421288,708,2:59:15
12.0%,5990000,-600135.0876276628,300.4847290856132,708,2:59:14
12.0%,5995000,-600221.8726710705,299.27132328575226,708,2:59:13
12.0%,6000000,-600851.170145662,300.16713676251663,708,2:59:12
12.0%,6005000,-600340.919886963,301.1258995596168,708,2:59:12
12.0%,6010000,-598937.6943458365,300.9300844875516,708,2:59:11
12.0%,6015000,-599090.8149956344,300.07568116383726,708,2:59:10
12.0%,6020000,-599296.977218295,301.04219609859365,708,2:59:08
12.0%,6025000,-600704.968424526,299.6179861250599,708,2:59:07
12.0%,6030000,-599149.3925660476,299.58454889839675,708,2:59:06
12.1%,6035000,-599578.5707240067,301.1655924669836,708,2:59:05
12.1%,6040000,-599367.1365341162,297.96756583086534,708,2:59:04
12.1%,6045000,-600227.1289922022,297.8740986015283,708,2:59:02
12.1%,6050000,-600634.4173894743,302.7688621011293,708,2:59:01
12.1%,6055000,-599076.1064724918,298.6946231211181,708,2:59:01
12.1%,6060000,-599755.2776211062,300.426342732379,708,2:59:00
12.1%,6065000,-599254.0593987675,299.75134251841325,708,2:58:59
12.1%,6070000,-600146.6752309478,300.5503524027987,708,2:58:58
12.1%,6075000,-599984.1813741392,299.95954629147985,708,2:58:56
12.1%,6080000,-599459.4400000866,299.19981226908095,708,2:58:55
12.2%,6085000,-598542.024414409,300.7497246266366,708,2:58:54
12.2%,6090000,-599903.3875850611,298.5355080425143,708,2:58:53
12.2%,6095000,-599352.4565534415,298.8814594514675,708,2:58:51
12.2%,6100000,-599865.5746946004,303.04470082203903,708,2:58:50
12.2%,6105000,-601609.7024904839,297.5911701091544,708,2:58:51
12.2%,6110000,-600298.3408955871,300.0367242189062,708,2:58:49
12.2%,6115000,-599979.5500282422,300.50567948295014,708,2:58:48
12.2%,6120000,-599303.7140216408,300.5270469256674,708,2:58:47
12.2%,6125000,-599127.8430041042,301.3651854795522,708,2:58:45
12.2%,6130000,-600254.1362200915,298.8796931416217,708,2:58:44
12.3%,6135000,-598180.2684782399,302.0819147636236,708,2:58:43
12.3%,6140000,-599729.9027970899,300.2245908966656,708,2:58:42
12.3%,6145000,-601336.7454634923,300.490616785099,708,2:58:41
12.3%,6150000,-599370.3133005104,300.2891102701975,708,2:58:39
12.3%,6155000,-599981.4884510059,300.8786407132944,708,2:58:40
12.3%,6160000,-599367.8642789517,297.14836604365985,708,2:58:39
12.3%,6165000,-599142.8074341556,299.5366132117499,708,2:58:37
12.3%,6170000,-600757.6726312167,300.6706331968773,708,2:58:36
12.3%,6175000,-599027.4088027929,299.718395933374,708,2:58:35
12.3%,6180000,-598905.8828892815,296.2227460882486,708,2:58:34
12.4%,6185000,-598939.5485951798,301.6501256025837,708,2:58:33
12.4%,6190000,-599421.6090737619,301.038123773116,708,2:58:31
12.4%,6195000,-598930.1616912219,301.2979185129269,708,2:58:30
12.4%,6200000,-600702.1084494055,298.4761894701949,708,2:58:29
12.4%,6205000,-600382.2355485498,300.79054600973814,707,2:58:29
12.4%,6210000,-599415.1998712793,299.8526354816502,707,2:58:28
12.4%,6215000,-600202.6370695541,299.62620437225877,707,2:58:27
12.4%,6220000,-598410.5340917758,301.126439265403,707,2:58:26
12.4%,6225000,-599097.7029455616,300.07798717946923,707,2:58:24
12.4%,6230000,-599404.1859796639,299.9999015650387,707,2:58:23
12.5%,6235000,-598956.9906034241,300.8892876365312,707,2:58:22
12.5%,6240000,-599314.0908403499,299.33280068121644,707,2:58:21
12.5%,6245000,-599216.2774076732,301.246499270751,707,2:58:19
12.5%,6250000,-599943.2256732504,298.493680844084,707,2:58:18
12.5%,6255000,-599182.2867755936,297.9445792707895,707,2:58:19
12.5%,6260000,-599328.0086747939,298.7984428887177,707,2:58:17
12.5%,6265000,-598863.3196572699,300.4553396523466,707,2:58:16
12.5%,6270000,-599237.8302214756,300.4616198651314,707,2:58:15
12.5%,6275000,-599079.2378633651,295.85768418804776,707,2:58:14
12.5%,6280000,-599114.6231363886,300.83220148360016,707,2:58:12
12.6%,6285000,-598398.5378891649,299.33427260608784,707,2:58:11
12.6%,6290000,-600623.406579881,298.07940758901435,707,2:58:10
12.6%,6295000,-598849.1903813132,301.8199366685867,707,2:58:09
12.6%,6300000,-599371.323239095,299.3141562995114,707,2:58:08
12.6%,6305000,-599936.5535993767,300.19956817385093,707,2:58:08
12.6%,6310000,-600109.5680194576,300.24004610781583,707,2:58:07
12.6%,6315000,-599166.2507370901,300.6724240388043,707,2:58:06
12.6%,6320000,-599658.3384754737,300.4644410544684,707,2:58:04
12.6%,6325000,-598454.4582059081,299.90567384118475,707,2:58:03
12.6%,6330000,-600796.5235253293,301.17427682372517,707,2:58:02
12.7%,6335000,-599905.2716108295,301.8444932818587,707,2:58:01
12.7%,6340000,-600014.934178351,299.8149542049411,707,2:57:59
12.7%,6345000,-600094.9398297244,299.6633704752629,707,2:57:58
12.7%,6350000,-597943.0129970498,301.37205446228563,707,2:57:57
12.7%,6355000,-600354.3487357586,301.845302840538,707,2:57:57
12.7%,6360000,-598508.4667319176,297.1164252739494,707,2:57:56
12.7%,6365000,-598519.2000238365,303.27974269192845,707,2:57:55
12.7%,6370000,-598927.9767711293,301.75821395231054,707,2:57:53
12.7%,6375000,-598484.0654556104,301.514536789842,707,2:57:52
12.7%,6380000,-598257.2590698362,300.9247119617708,707,2:57:51
12.8%,6385000,-599913.9145968147,299.20749081049365,707,2:57:50
12.8%,6390000,-598948.0102644237,299.8737821356367,707,2:57:48
12.8%,6395000,-599576.7041540011,302.66204941962445,707,2:57:47
12.8%,6400000,-598801.2644949569,299.9304267111063,707,2:57:46
12.8%,6405000,-599802.0748587106,299.0607153687289,707,2:57:46
12.8%,6410000,-600590.2147877575,302.4589237873643,707,2:57:45
12.8%,6415000,-598772.725826514,301.39800940418553,707,2:57:43
12.8%,6420000,-599382.4008631641,299.91219937478155,707,2:57:42
12.8%,6425000,-599321.2871805066,300.1443955232528,707,2:57:41
12.8%,6430000,-598576.64454439,299.0911106173244,707,2:57:40
12.9%,6435000,-600611.1740887375,300.3610628643302,707,2:57:38
12.9%,6440000,-599617.0286756093,299.7878707873064,707,2:57:37
12.9%,6445000,-600206.0905138166,298.01991729212665,707,2:57:36
12.9%,6450000,-600027.8576258668,300.89750588373016,707,2:57:35
12.9%,6455000,-600833.7099876711,301.71172565845393,707,2:57:35
12.9%,6460000,-599523.0364814964,301.22245783118393,707,2:57:34
12.9%,6465000,-599163.7560169352,300.47685428755096,707,2:57:32
12.9%,6470000,-598284.6477727015,297.5850370888567,707,2:57:31
12.9%,6475000,-599428.3899938879,298.35853360880367,707,2:57:30
12.9%,6480000,-600356.1894460879,298.8168419496108,707,2:57:29
13.0%,6485000,-598960.4205245818,297.1372775429616,707,2:57:27
13.0%,6490000,-598853.7607588214,302.0661651674991,707,2:57:26
13.0%,6495000,-598307.9082638565,298.78146668853367,707,2:57:25
13.0%,6500000,-599425.7659028224,300.80840536484504,707,2:57:24
13.0%,6505000,-597936.4764750074,302.07639504535564,707,2:57:24
13.0%,6510000,-599491.6658831616,301.0233799923203,707,2:57:23
13.0%,6515000,-599637.1295058434,300.834360306745,707,2:57:22
13.0%,6520000,-599068.4019505945,298.19762768827303,707,2:57:20
13.0%,6525000,-598656.462766598,301.4815656727215,707,2:57:19
13.0%,6530000,-599020.3266021656,300.11049218704704,707,2:57:18
13.1%,6535000,-599381.0855441517,300.59934296893675,707,2:57:17
13.1%,6540000,-600622.9246422341,299.0432730590022,707,2:57:15
13.1%,6545000,-599567.0473974962,300.4411355773371,707,2:57:14
13.1%,6550000,-598615.9040318457,300.0222502910036,707,2:57:13
13.1%,6555000,-598971.6185620683,301.2927177117145,707,2:57:13
13.1%,6560000,-598812.5252515357,300.70752944698836,707,2:57:12
13.1%,6565000,-597323.4476395668,302.3644262106172,707,2:57:11
13.1%,6570000,-599708.8632263853,301.6350138405702,707,2:57:09
13.1%,6575000,-599405.1041150424,298.37477384655205,707,2:57:08
13.1%,6580000,-598350.5015434199,301.5522916627947,707,2:57:07
13.2%,6585000,-599843.9591698162,299.36851939143025,707,2:57:06
13.2%,6590000,-599601.4286091318,301.3410213795792,707,2:57:05
13.2%,6595000,-599723.1053006877,298.74712177486646,707,2:57:03
13.2%,6600000,-600472.2104758043,297.8923995340966,707,2:57:02
13.2%,6605000,-599908.4204075728,301.5640670617663,707,2:57:03
13.2%,6610000,-599422.8173226197,298.90525557022255,707,2:57:01
13.2%,6615000,-600864.1314740847,300.29730398531524,707,2:57:00
13.2%,6620000,-599888.0033601341,298.9494623805285,707,2:56:59
13.2%,6625000,-599623.4449368459,301.38598868440204,707,2:56:58
13.2%,6630000,-598821.045808881,300.25488801693626,707,2:56:57
13.3%,6635000,-599786.1266815853,301.3365074766401,707,2:56:55
13.3%,6640000,-600056.0063944855,299.10519203192786,707,2:56:54
13.3%,6645000,-599386.4009215217,299.66170229374194,707,2:56:53
13.3%,6650000,-598856.4936814252,302.4422419721546,707,2:56:52
13.3%,6655000,-599299.6360042919,298.54166559489323,707,2:56:53
13.3%,6660000,-599678.0283994516,298.94156305038507,707,2:56:52
13.3%,6665000,-600100.8451587451,298.9630531535082,706,2:56:51
13.3%,6670000,-599664.9944178481,299.99290992189935,706,2:56:50
13.3%,6675000,-601140.2549160938,300.79846987196277,706,2:56:48
13.3%,6680000,-599569.1374258553,301.13792027940036,706,2:56:47
13.4%,6685000,-598010.1388905747,299.12241355292383,706,2:56:46
13.4%,6690000,-599102.3381999806,301.5198357193792,706,2:56:45
13.4%,6695000,-599451.7477543377,300.0906702654448,706,2:56:44
13.4%,6700000,-599078.727607083,301.11750958784955,706,2:56:42
13.4%,6705000,-599444.8054312393,300.1523193854774,706,2:56:43
13.4%,6710000,-600074.0047002593,298.58354185748595,706,2:56:41
13.4%,6715000,-599926.3065671767,300.4046563726063,706,2:56:40
13.4%,6720000,-601090.8107630997,301.537425221593,706,2:56:39
13.4%,6725000,-599156.5884722965,300.6097200392805,706,2:56:38
13.4%,6730000,-600807.8813501257,299.85665874296546,706,2:56:36
13.5%,6735000,-599807.7233576328,298.4149083313802,706,2:56:35
13.5%,6740000,-597655.3340138854,297.4624257470649,706,2:56:34
13.5%,6745000,-599822.5081351977,301.94787147199685,706,2:56:33
13.5%,6750000,-599113.7613921589,300.59899951980015,706,2:56:32
13.5%,6755000,-600023.0563109503,300.93283208064497,706,2:56:32
13.5%,6760000,-600869.2347908975,302.82818067344874,706,2:56:30
13.5%,6765000,-599300.0487160664,301.577142661041,706,2:56:29
13.5%,6770000,-599648.7000799165,302.56097724511824,706,2:56:28
13.5%,6775000,-600077.2975288411,299.70154239359584,706,2:56:27
13.5%,6780000,-600818.893603853,301.4247248406023,706,2:56:25
13.6%,6785000,-598775.1853793482,301.31852546112725,706,2:56:24
13.6%,6790000,-600263.3113443074,299.8515315379966,706,2:56:23
13.6%,6795000,-599046.0118432348,301.97794780353684,706,2:56:22
13.6%,6800000,-600603.591731722,300.7223222919464,706,2:56:21
13.6%,6805000,-600915.0944736777,303.35831894798264,706,2:56:20
13.6%,6810000,-600627.8121288624,302.07951061966685,706,2:56:19
13.6%,6815000,-600965.9922415302,298.8693896675216,706,2:56:18
13.6%,6820000,-598762.3495282363,297.1492982627451,706,2:56:17
13.6%,6825000,-599329.6119525288,301.6882729888355,706,2:56:16
13.6%,6830000,-600468.8234995217,302.9382806538332,706,2:56:14
13.7%,6835000,-599486.4184765918,302.50899376507476,706,2:56:13
13.7%,6840000,-599678.3769172444,297.84860976917105,706,2:56:12
13.7%,6845000,-597660.5571221774,299.76314244946605,706,2:56:11
13.7%,6850000,-599699.111428949,299.9982088514366,706,2:56:10
13.7%,6855000,-599045.5556580876,300.0142773646166,706,2:56:10
13.7%,6860000,-598458.9941925369,298.56759600471196,706,2:56:08
13.7%,6865000,-598690.9468613989,300.6586615412562,706,2:56:07
13.7%,6870000,-599554.8137234733,300.1082107034963,706,2:56:06
13.7%,6875000,-599684.5187013783,301.14292482396326,706,2:56:05
13.7%,6880000,-598396.3312160554,298.23388610427304,706,2:56:04
13.8%,6885000,-599038.7723815772,302.0136910458319,706,2:56:02
13.8%,6890000,-600550.4719320945,300.9352362246017,706,2:56:01
13.8%,6895000,-597857.232341093,302.39067553749146,706,2:56:00
13.8%,6900000,-600257.6705373134,299.5996851924915,706,2:55:59
13.8%,6905000,-599215.8057149933,301.43505284678366,706,2:55:58
13.8%,6910000,-598938.6607346283,299.25444521389295,706,2:55:57
13.8%,6915000,-598794.9862434622,301.1596311712542,706,2:55:56
13.8%,6920000,-599381.211556206,300.17547767012155,706,2:55:55
13.8%,6925000,-599832.4821806429,300.4707948634968,706,2:55:53
13.8%,6930000,-599869.3854917055,299.7488157140506,706,2:55:52
13.9%,6935000,-598745.6849254328,300.8698336961469,706,2:55:51
13.9%,6940000,-597806.2579117669,298.8851637957273,706,2:55:49
13.9%,6945000,-599894.9106783555,302.0818166352988,706,2:55:48
13.9%,6950000,-599017.2764810594,302.6593018265311,706,2:55:47
13.9%,6955000,-600255.4719900992,299.0725152997817,706,2:55:47
13.9%,6960000,-600201.2459780392,301.4763648715091,706,2:55:46
13.9%,6965000,-600572.5751156993,299.0190844269481,706,2:55:45
13.9%,6970000,-599390.9393370412,301.19552160603644,706,2:55:43
13.9%,6975000,-600179.9134070077,300.99955934148403,706,2:55:42
13.9%,6980000,-598305.3302298072,299.9055266486976,706,2:55:41
14.0%,6985000,-599999.0057339598,300.89382607155153,706,2:55:40
14.0%,6990000,-599125.1426453693,300.4285996838486,706,2:55:38
14.0%,6995000,-599085.8143330831,298.9965394443337,706,2:55:37
14.0%,7000000,-598909.9067639303,302.086330538238,706,2:55:36
14.0%,7005000,-598838.0343556986,300.73166901488014,706,2:55:36
14.0%,7010000,-599744.0889005489,300.5910511254943,706,2:55:34
14.0%,7015000,-600023.6697816276,300.6053533288285,706,2:55:33
14.0%,7020000,-598545.057527367,300.08156886332307,706,2:55:32
14.0%,7025000,-597943.3701707334,300.5308003340896,706,2:55:31
14.0%,7030000,-599884.2729409761,299.6166368605944,706,2:55:29
14.1%,7035000,-598936.2071025046,298.6460005361979,706,2:55:28
14.1%,7040000,-599813.5711924429,300.85455020956505,706,2:55:27
14.1%,7045000,-598874.2211606712,298.9771836322741,706,2:55:26
14.1%,7050000,-599324.0245177769,301.2890624316171,706,2:55:25
14.1%,7055000,-599838.0546073895,299.7234004779369,706,2:55:24
14.1%,7060000,-599742.302532719,296.8635240489531,706,2:55:23
14.1%,7065000,-600034.1259037047,298.5170599174589,706,2:55:22
14.1%,7070000,-599694.2390810046,298.97232628019833,706,2:55:21
14.1%,7075000,-600233.9236869775,299.9955103225056,706,2:55:20
14.1%,7080000,-598992.3282758105,298.11429220846776,706,2:55:19
14.2%,7085000,-599922.0414128448,301.76903260011574,706,2:55:17
14.2%,7090000,-599341.4243153348,300.36736760919626,706,2:55:16
14.2%,7095000,-600678.8313374729,300.1820032037183,706,2:55:15
14.2%,7100000,-600611.780995944,302.58285986154044,706,2:55:14
14.2%,7105000,-599893.7021240774,298.59943864609767,706,2:55:13
14.2%,7110000,-600444.6071817633,301.92959507150977,706,2:55:12
14.2%,7115000,-598884.2216376639,300.4067661315887,706,2:55:11
14.2%,7120000,-599596.649370274,300.5446364278812,706,2:55:10
14.2%,7125000,-600692.5882801386,300.33714408516914,706,2:55:08
14.2%,7130000,-598909.510190913,300.54615741691504,706,2:55:07
14.3%,7135000,-599727.6224857317,302.01854839790764,706,2:55:06
14.3%,7140000,-600932.2780969096,299.4084085554466,706,2:55:05
14.3%,7145000,-601059.8640363547,299.7439338298936,706,2:55:03
14.3%,7150000,-598761.5744531001,301.19059065771705,706,2:55:02
14.3%,7155000,-599331.7136802776,303.7130283099209,706,2:55:01
14.3%,7160000,-600742.7696355693,299.0211451217681,706,2:55:00
14.3%,7165000,-600837.7787329438,299.781516978278,706,2:54:59
14.3%,7170000,-599710.1872779895,299.8326173033985,706,2:54:58
14.3%,7175000,-599164.7954310118,300.67289014834694,706,2:54:56
14.3%,7180000,-599666.1652680258,300.9930828720497,706,2:54:55
14.4%,7185000,-600118.0277304417,300.399602763881,706,2:54:54
14.4%,7190000,-599839.097330011,302.13470780234627,706,2:54:53
14.4%,7195000,-598295.9607037278,301.6230176528679,706,2:54:52
14.4%,7200000,-598923.4530330063,301.95631050792656,706,2:54:50
14.4%,7205000,-600604.5942190373,300.54583849985954,706,2:54:50
14.4%,7210000,-599199.4913217747,300.41206506112593,706,2:54:49
14.4%,7215000,-599035.1685431795,302.8320076781145,706,2:54:47
14.4%,7220000,-599565.8635249529,296.869681601332,706,2:54:46
14.4%,7225000,-599456.2977291504,299.8518013908897,706,2:54:45
14.4%,7230000,-599200.3240709594,302.2827834444141,706,2:54:44
14.5%,7235000,-599370.0471703452,301.29691269759815,706,2:54:42
14.5%,7240000,-599104.6890499308,298.2503961949145,706,2:54:41
14.5%,7245000,-598639.5176103576,300.89144645967605,706,2:54:40
14.5%,7250000,-599666.6493397965,300.49954646265246,706,2:54:39
14.5%,7255000,-599389.4723733044,300.8669879747288,706,2:54:38
14.5%,7260000,-600255.9664461622,300.4830118399299,706,2:54:37
14.5%,7265000,-600798.0587945399,301.9536610431579,706,2:54:36
14.5%,7270000,-599575.4410223207,300.62186341946995,706,2:54:34
14.5%,7275000,-599052.2528143623,302.2578588499242,706,2:54:33
14.5%,7280000,-598469.1820087526,301.4093186936145,706,2:54:32
14.6%,7285000,-600053.3030990628,300.2163726494667,706,2:54:31
14.6%,7290000,-599080.7570471084,298.9990907807775,706,2:54:29
14.6%,7295000,-598896.8322099233,302.05838849776154,706,2:54:28
14.6%,7300000,-599875.1775900596,297.2390366157412,706,2:54:27
14.6%,7305000,-598452.2317988258,301.9952183886952,706,2:54:26
14.6%,7310000,-599537.9817072763,299.0944224482851,706,2:54:25
14.6%,7315000,-600202.6153830183,301.3011322155629,706,2:54:24
14.6%,7320000,-598602.2733494267,297.33176788264257,706,2:54:23
14.6%,7325000,-599943.1139314617,302.4028434497621,706,2:54:21
14.6%,7330000,-599533.3783838735,299.2289073173732,706,2:54:20
14.7%,7335000,-599174.8936198195,298.6212967304387,706,2:54:19
14.7%,7340000,-599850.0396220451,300.7523250272428,706,2:54:17
14.7%,7345000,-599078.5587581899,299.8712798633552,706,2:54:16
14.7%,7350000,-598902.0927280299,300.3578000975318,706,2:54:15
14.7%,7355000,-600037.7789521441,299.3612578953978,706,2:54:14
14.7%,7360000,-599451.5800245339,300.42303090141826,706,2:54:13
14.7%,7365000,-599306.4470794708,297.2228454421553,706,2:54:12
14.7%,7370000,-599817.6664493773,300.8629156492511,706,2:54:11
14.7%,7375000,-599178.9510663315,301.0899845927534,706,2:54:09
14.7%,7380000,-600126.7227337463,301.7692288567652,706,2:54:08
14.8%,7385000,-599463.8176945564,301.621104150535,706,2:54:07
14.8%,7390000,-598235.2480009464,300.9750272602932,706,2:54:06
14.8%,7395000,-599813.0707324711,301.31040534225303,706,2:54:04
14.8%,7400000,-599830.2606681492,296.04204277819684,706,2:54:03
14.8%,7405000,-598428.4661078188,300.55729498177567,706,2:54:03
14.8%,7410000,-599627.7245578417,298.3897384160784,706,2:54:01
14.8%,7415000,-599755.1136803804,299.65328778989345,706,2:54:00
14.8%,7420000,-597791.7853116128,300.88972921399267,706,2:53:59
14.8%,7425000,-599915.1698314375,298.07283299125527,706,2:53:58
14.8%,7430000,-600051.6979869832,300.0588276240592,706,2:53:57
14.9%,7435000,-599341.3743840763,298.3457278624221,706,2:53:55
14.9%,7440000,-599557.4304114557,297.6997000363427,706,2:53:54
14.9%,7445000,-598974.978935183,299.52797791917067,706,2:53:53
14.9%,7450000,-598386.1687235371,299.59338044762546,706,2:53:51
14.9%,7455000,-600029.3565769461,297.9346683099884,706,2:53:51
14.9%,7460000,-600786.4426008877,298.5269218140976,706,2:53:49
14.9%,7465000,-597960.6467438783,299.01366283700486,706,2:53:48
14.9%,7470000,-600641.538091776,299.3936402425697,706,2:53:47
14.9%,7475000,-598962.5199379795,297.0168004922335,706,2:53:45
14.9%,7480000,-599768.3501591915,301.05343179177913,706,2:53:44
15.0%,7485000,-598775.1980085322,300.336996892682,706,2:53:43
15.0%,7490000,-598776.7311861287,300.26384222657094,706,2:53:41
15.0%,7495000,-599881.7905191719,301.6417110987353,706,2:53:40
15.0%,7500000,-599339.0797005682,302.74737199800614,706,2:53:39
15.0%,7505000,-598838.3090864043,302.62476065621433,706,2:53:38
15.0%,7510000,-598449.8992300481,299.30191479099716,706,2:53:37
15.0%,7515000,-598833.4329974242,299.25886098850725,706,2:53:36
15.0%,7520000,-599512.9888441898,299.59060832245086,706,2:53:34
15.0%,7525000,-599120.7638273798,299.67043571464586,706,2:53:33
15.0%,7530000,-600097.8560717115,301.6115366388706,706,2:53:32
15.1%,7535000,-598521.7088703527,301.6452927825892,706,2:53:31
15.1%,7540000,-598448.501664619,297.8082790276933,706,2:53:29
15.1%,7545000,-600399.3859553509,301.0110894196437,706,2:53:28
15.1%,7550000,-599283.5376835163,301.099306783606,706,2:53:27
15.1%,7555000,-598827.592635666,301.70730988383957,706,2:53:26
15.1%,7560000,-598615.5069324942,297.8701489364566,706,2:53:25
15.1%,7565000,-598567.4121479597,299.77187587036997,706,2:53:24
15.1%,7570000,-598735.6266209283,300.2818978383274,706,2:53:23
15.1%,7575000,-599503.8587831631,299.734341786148,706,2:53:21
15.1%,7580000,-600372.0216308287,300.98631201764096,706,2:53:20
15.2%,7585000,-601082.3518964602,301.592058166405,706,2:53:19
15.2%,7590000,-599215.0348410225,300.5203006033399,706,2:53:17
15.2%,7595000,-599633.7278219722,298.06792657501705,706,2:53:16
15.2%,7600000,-599751.5706185983,301.28876804664276,706,2:53:15
15.2%,7605000,-599018.0996930841,301.183132905035,706,2:53:14
15.2%,7610000,-599080.4684936604,300.81515168717254,706,2:53:13
15.2%,7615000,-600116.3396526747,300.09714673487923,706,2:53:12
15.2%,7620000,-598919.2126389341,296.9076817950966,706,2:53:11
15.2%,7625000,-600891.4195545786,298.44400337967255,706,2:53:09
15.2%,7630000,-599165.34622439,299.4341181765346,706,2:53:08
15.3%,7635000,-598425.456213152,300.7632663354539,706,2:53:07
15.3%,7640000,-599992.3031140706,301.3741642212681,706,2:53:05
15.3%,7645000,-600051.00856318,301.6572153740479,706,2:53:04
15.3%,7650000,-598698.2695242423,299.0540181105638,706,2:53:03
15.3%,7655000,-598930.0148772127,304.11120851972936,706,2:53:02
15.3%,7660000,-600152.1351778661,296.90647972311825,706,2:53:01
15.3%,7665000,-598691.3811066928,299.67720656905453,706,2:53:00
15.3%,7670000,-598801.9341965672,296.5664160136509,706,2:52:58
15.3%,7675000,-599076.4366398659,300.1323993355505,706,2:52:57
15.3%,7680000,-598417.8580709444,300.63670532859044,706,2:52:56
15.4%,7685000,-599210.9627228533,299.1372799941255,706,2:52:55
15.4%,7690000,-599542.6218041047,300.07801171155035,706,2:52:53
15.4%,7695000,-598306.3910127445,298.7853182252806,706,2:52:52
15.4%,7700000,-599624.7610511151,298.2000563643109,706,2:52:51
15.4%,7705000,-599390.2138277157,300.1376982650877,706,2:52:50
15.4%,7710000,-600043.1330750608,298.71098601927235,706,2:52:49
15.4%,7715000,-599803.1648678142,298.6381993343792,706,2:52:48
15.4%,7720000,-600214.6453764834,297.85385963454587,706,2:52:47
15.4%,7725000,-600359.4456145968,300.3341511712639,706,2:52:45
15.4%,7730000,-600353.1742597981,299.97352957775865,706,2:52:44
15.5%,7735000,-599189.0867715315,303.478943191198,706,2:52:43
15.5%,7740000,-601189.5188525305,297.57635273211514,706,2:52:42
15.5%,7745000,-599135.9345080885,299.5121792588838,706,2:52:40
15.5%,7750000,-598596.194740403,298.8648757645825,706,2:52:39
15.5%,7755000,-599350.9095055377,300.2190466463165,706,2:52:38
15.5%,7760000,-599403.8827827456,301.0228402865341,706,2:52:37
15.5%,7765000,-599190.2725853655,302.02073175313365,706,2:52:36
15.5%,7770000,-599606.8384903348,302.9594027757385,706,2:52:35
15.5%,7775000,-599771.5728609907,299.6819412607244,706,2:52:33
15.5%,7780000,-600334.6605077977,299.01692560380326,706,2:52:32
15.6%,7785000,-599431.7277032575,299.777272928232,706,2:52:31
15.6%,7790000,-599647.9059442058,302.1207981123111,706,2:52:30
15.6%,7795000,-600030.2731151241,302.5032287259949,706,2:52:28
15.6%,7800000,-599961.8384569953,301.59441324619934,706,2:52:27
15.6%,7805000,-599313.3517603865,301.03782938814174,706,2:52:26
15.6%,7810000,-599067.8947119019,302.36351852361315,706,2:52:25
15.6%,7815000,-600119.0984684504,299.4996924295576,706,2:52:24
15.6%,7820000,-598920.9885286251,298.74368728349975,706,2:52:23
15.6%,7825000,-599755.3942473875,302.22196841514204,706,2:52:21
15.6%,7830000,-599654.6669684388,300.40136907372676,706,2:52:20
15.7%,7835000,-599602.903532472,300.82410589680717,706,2:52:19
15.7%,7840000,-599646.5931496704,300.50072400254965,706,2:52:17
15.7%,7845000,-600935.9028955246,301.49491112488937,706,2:52:16
15.7%,7850000,-601443.9197820397,300.5293284092181,706,2:52:15
15.7%,7855000,-599779.296177187,298.93768698155685,705,2:52:14
15.7%,7860000,-600127.8009661958,299.3730578264506,706,2:52:13
15.7%,7865000,-598930.4629437942,299.32926806152494,706,2:52:12
15.7%,7870000,-599409.7628932605,298.6524034093886,706,2:52:11
15.7%,7875000,-598682.1742853858,302.82921102085874,706,2:52:09
15.7%,7880000,-599518.415591354,298.7762168231588,706,2:52:08
15.8%,7885000,-600774.163226888,301.3693804654358,706,2:52:07
15.8%,7890000,-600927.602542487,303.6203215751008,706,2:52:06
15.8%,7895000,-600504.5083667384,300.4491085037241,706,2:52:04
15.8%,7900000,-599779.871924215,299.1013650272621,706,2:52:03
15.8%,7905000,-599233.6837437507,300.5431154388474,705,2:52:02
15.8%,7910000,-599904.8654624359,300.91224966452586,705,2:52:01
15.8%,7915000,-599135.4669265589,301.1423605860959,705,2:52:00
15.8%,7920000,-599757.8916635709,300.2151705774883,705,2:51:59
15.8%,7925000,-598682.8785856189,298.1978975411661,705,2:51:57
15.8%,7930000,-598928.2343172086,297.81779747519533,706,2:51:56
15.9%,7935000,-600130.686676675,299.62232830343066,706,2:51:55
15.9%,7940000,-599381.413152908,300.46066311396504,706,2:51:53
15.9%,7945000,-599689.2293438758,301.2214765479363,706,2:51:52
15.9%,7950000,-599403.7007764676,298.4707924123329,706,2:51:51
15.9%,7955000,-600677.7450063135,301.3382492544047,705,2:51:50
15.9%,7960000,-601902.5061956295,299.95800077036483,705,2:51:49
15.9%,7965000,-600348.4307096042,300.661458198512,705,2:51:48
15.9%,7970000,-598863.605810082,299.54372751529525,705,2:51:46
15.9%,7975000,-599032.410138906,299.82677866807506,706,2:51:45
15.9%,7980000,-598728.4417194561,298.8479976927232,706,2:51:44
16.0%,7985000,-598005.5622859686,301.9183839104055,706,2:51:43
16.0%,7990000,-598608.5699819252,300.795280701408,706,2:51:41
16.0%,7995000,-599292.1136547108,298.479673025724,706,2:51:40
16.0%,8000000,-599531.7896645293,300.6379074005688,706,2:51:39
16.0%,8005000,-601344.3992642872,298.2300590996073,705,2:51:38
16.0%,8010000,-597830.3508993573,299.57718927403954,705,2:51:37
16.0%,8015000,-599035.1781934281,298.77400893585167,705,2:51:36
16.0%,8020000,-598737.3245729785,300.30530144378343,705,2:51:34
16.0%,8025000,-599554.3616019506,298.6135691248636,705,2:51:33
16.0%,8030000,-599403.2441126001,301.3207578805156,705,2:51:32
16.1%,8035000,-600170.7636639304,299.9982088514366,705,2:51:30
16.1%,8040000,-599434.9980658856,302.17901274097693,705,2:51:29
16.1%,8045000,-601458.20307536,298.4804580523221,705,2:51:28
16.1%,8050000,-599760.4801903036,301.27628121731664,705,2:51:27
16.1%,8055000,-598862.696293111,297.54058495773893,705,2:51:26
16.1%,8060000,-600359.7784811119,298.43394522638425,705,2:51:25
16.1%,8065000,-600314.8489991431,298.6845649678299,705,2:51:24
16.1%,8070000,-599173.0565573983,300.25751294962373,705,2:51:22
16.1%,8075000,-599305.7763415906,302.9604821873109,705,2:51:21
16.1%,8080000,-598733.6962539176,298.4285236364411,705,2:51:20
16.2%,8085000,-600012.9816035707,301.8507244304812,705,2:51:18
16.2%,8090000,-599223.5659904261,301.4562485649326,705,2:51:17
16.2%,8095000,-599004.8134299987,299.00554271813076,705,2:51:16
16.2%,8100000,-600405.8856454585,298.65152025446577,705,2:51:15
16.2%,8105000,-601096.4328531064,300.7415063794376,705,2:51:14
16.2%,8110000,-600069.4580701077,300.17493796433536,705,2:51:13
16.2%,8115000,-599379.6984865274,301.41530452142507,705,2:51:12
16.2%,8120000,-599835.6922970968,297.7978038290248,705,2:51:10
16.2%,8125000,-600491.449503181,298.34935861043834,705,2:51:09
16.2%,8130000,-600188.0378676481,299.1860007073705,705,2:51:08
16.3%,8135000,-599040.0090246424,301.1762393902204,705,2:51:06
16.3%,8140000,-600295.3597264844,297.45393764697286,705,2:51:05
16.3%,8145000,-599125.7404567148,297.7354187465565,705,2:51:04
16.3%,8150000,-600435.7128690267,300.1590411757237,705,2:51:03
16.3%,8155000,-598626.3444843804,298.8117883408855,705,2:51:02
16.3%,8160000,-600013.2082044072,301.1647093120607,705,2:51:01
16.3%,8165000,-598284.5907300916,299.6748024250979,705,2:51:00
16.3%,8170000,-598835.0766408821,303.69877517074906,705,2:50:58
16.3%,8175000,-599154.1829581521,300.05988250355034,705,2:50:57
16.3%,8180000,-600511.9035591953,297.35850785114053,705,2:50:56
16.4%,8185000,-599460.8656549989,302.19042015873066,705,2:50:55
16.4%,8190000,-598515.2164836791,300.1098298208549,705,2:50:53
16.4%,8195000,-600455.569648772,298.487891272923,705,2:50:52
16.4%,8200000,-601021.8199765743,300.96315373299683,705,2:50:51
16.4%,8205000,-599460.6338111302,301.084661131135,705,2:50:50
16.4%,8210000,-598706.578447415,298.00767578361234,705,2:50:49
16.4%,8215000,-597978.9889256619,302.29583451160767,705,2:50:48
16.4%,8220000,-599543.2156848409,302.64963618654184,705,2:50:46
16.4%,8225000,-598801.4017874477,299.1738327950998,705,2:50:45
16.4%,8230000,-600377.7190767834,298.6737953841871,705,2:50:44
16.5%,8235000,-599859.5726248599,297.2748043901174,705,2:50:42
16.5%,8240000,-598812.9619216626,301.0596629404016,705,2:50:41
16.5%,8245000,-599819.7930160915,301.25537988414203,705,2:50:40
16.5%,8250000,-600263.3485752409,300.88813462871525,705,2:50:39
16.5%,8255000,-598716.7748737517,300.6857940230533,705,2:50:38
16.5%,8260000,-598889.8883629465,300.8186107106204,705,2:50:37
16.5%,8265000,-598993.0450411383,300.13639806478454,705,2:50:35
16.5%,8270000,-600640.1642867015,298.5949738073209,705,2:50:34
16.5%,8275000,-598924.6605317094,300.67578493392745,705,2:50:33
16.5%,8280000,-600884.992357994,301.1559758911568,705,2:50:32
16.6%,8285000,-598305.1531634354,299.3424172570432,705,2:50:30
16.6%,8290000,-599383.4005610431,300.1504549473069,705,2:50:29
16.6%,8295000,-599064.2453426304,299.4908363482478,705,2:50:28
16.6%,8300000,-599636.2023892407,299.33895823359535,705,2:50:27
16.6%,8305000,-598301.6697251098,300.1196917174936,705,2:50:26
16.6%,8310000,-599958.8570742598,302.08593802493886,705,2:50:25
16.6%,8315000,-598863.3497238699,300.4963572920977,705,2:50:24
16.6%,8320000,-598741.3230071752,300.57927572652267,705,2:50:22
16.6%,8325000,-598724.4584131101,301.9191689370036,705,2:50:21
16.6%,8330000,-599084.3620017269,300.5974294666039,705,2:50:20
16.7%,8335000,-599507.9512070422,300.4880163844928,705,2:50:19
16.7%,8340000,-599118.7560168756,298.25569512445173,705,2:50:17
16.7%,8345000,-599100.3893840471,301.34349911977955,705,2:50:16
16.7%,8350000,-598793.7261566087,300.7297555125473,705,2:50:16
16.7%,8355000,-599840.9327157605,300.2136250563733,705,2:50:15
16.7%,8360000,-599562.737403559,299.61756907967964,705,2:50:14
16.7%,8365000,-599201.5673034457,300.5781717828691,705,2:50:13
16.7%,8370000,-600107.3280578591,301.99291237306323,705,2:50:11
16.7%,8375000,-600126.5310033169,298.5596721424873,705,2:50:10
16.7%,8380000,-599442.6748650544,299.198536600859,705,2:50:09
16.8%,8385000,-599670.8356737746,299.28893732004724,705,2:50:08
16.8%,8390000,-600622.9799566362,298.0011747820968,705,2:50:06
16.8%,8395000,-599222.6075577452,302.491919436566,705,2:50:05
16.8%,8400000,-598982.5417146436,299.89468346881125,705,2:50:04
16.8%,8405000,-598340.9384701876,297.2154122215544,705,2:50:03
16.8%,8410000,-599657.714743414,301.6250292835255,705,2:50:02
16.8%,8415000,-599036.3743605404,297.90981731174213,705,2:50:01
16.8%,8420000,-600018.9533812422,299.4006073536279,705,2:49:59
16.8%,8425000,-598669.8142549945,299.67436084763636,705,2:49:58
16.8%,8430000,-598997.4437746014,299.9553513055962,705,2:49:57
16.9%,8435000,-599318.779095259,296.9222293192428,705,2:49:56
16.9%,8440000,-599452.4213987528,298.82562443467714,705,2:49:55
16.9%,8445000,-600445.2209965852,299.1526125448697,705,2:49:53
16.9%,8450000,-597527.0580309359,299.01319672746223,705,2:49:52
16.9%,8455000,-599313.2155041718,297.3823285019769,705,2:49:52
16.9%,8460000,-599647.0929217851,298.70139397552674,705,2:49:50
16.9%,8465000,-598511.4673914751,298.6568927802466,705,2:49:49
16.9%,8470000,-599918.6657206714,301.4972171405213,705,2:49:48
16.9%,8475000,-599228.2369788946,300.81650095163803,705,2:49:47
16.9%,8480000,-600552.3711840585,299.27632783031515,705,2:49:45
17.0%,8485000,-600260.0049233348,302.3590782169177,705,2:49:44
17.0%,8490000,-597744.2023537247,302.5531760432995,705,2:49:43
17.0%,8495000,-599554.9419621849,300.836028488266,705,2:49:41
17.0%,8500000,-599621.3717599735,300.565439632731,705,2:49:40
17.0%,8505000,-600631.2788409218,297.630323310735,705,2:49:40
17.0%,8510000,-600130.9171182252,301.1138297756709,705,2:49:38
17.0%,8515000,-600513.3629928618,301.4511704241261,705,2:49:37
17.0%,8520000,-599340.6890799194,297.4921095653058,705,2:49:36
17.0%,8525000,-599649.6146942019,300.1460146406114,705,2:49:35
17.0%,8530000,-599065.9717248925,297.7986624518665,705,2:49:33
17.1%,8535000,-600263.2081080764,298.44223706982683,705,2:49:32
17.1%,8540000,-598694.1418325105,300.5739277328231,705,2:49:31
17.1%,8545000,-598239.7718315362,302.4524473179299,705,2:49:30
17.1%,8550000,-600095.072404372,302.32389921249,705,2:49:28
17.1%,8555000,-598601.815806021,300.9498573449914,705,2:49:28
17.1%,8560000,-599940.1953846803,300.14066664691177,705,2:49:26
17.1%,8565000,-600645.8060950413,300.426342732379,705,2:49:25
17.1%,8570000,-599522.0341887344,300.99970653397116,705,2:49:24
17.1%,8575000,-600047.9105441356,301.26656651316506,705,2:49:23
17.1%,8580000,-599277.9227607446,300.1561463901432,705,2:49:21
17.2%,8585000,-598983.3711400651,300.3104777129147,705,2:49:20
17.2%,8590000,-599812.5618894389,299.92164422604003,705,2:49:19
17.2%,8595000,-599309.7808784847,299.30468691617176,705,2:49:18
17.2%,8600000,-598026.0914623579,299.0018138417897,705,2:49:16
17.2%,8605000,-600139.5635860977,300.6995319885201,705,2:49:16
17.2%,8610000,-600386.1021468341,301.8628923427518,705,2:49:14
17.2%,8615000,-599748.7497824542,300.9772842117627,705,2:49:13
17.2%,8620000,-600155.1735328524,301.6368292145783,705,2:49:12
17.2%,8625000,-598654.5228743269,300.75490089576783,705,2:49:11
17.2%,8630000,-600392.9665165571,299.4233240608106,705,2:49:09
17.3%,8635000,-600483.6172383116,300.6678365396216,705,2:49:08
17.3%,8640000,-599164.7043550564,302.5507718993428,705,2:49:07
17.3%,8645000,-598839.9924641461,301.1207968867291,705,2:49:06
17.3%,8650000,-599965.0452424143,302.14501127644644,705,2:49:04
17.3%,8655000,-599094.8115470568,302.6727454070236,705,2:49:04
17.3%,8660000,-600233.1247532852,299.15435432263433,705,2:49:02
17.3%,8665000,-598296.9801651011,300.1333560867169,705,2:49:01
17.3%,8670000,-600560.1211422598,300.5160810853751,705,2:49:00
17.3%,8675000,-600396.0616826289,299.29659132937877,705,2:48:58
17.3%,8680000,-597713.1153313215,299.6940110446703,705,2:48:57
17.4%,8685000,-598443.8765703863,299.08443789124044,705,2:48:56
17.4%,8690000,-598677.1675219708,298.4834264341462,705,2:48:54
17.4%,8695000,-600397.3487947918,299.4012942519013,705,2:48:53
17.4%,8700000,-599975.7292827084,297.9969307320508,705,2:48:52
17.4%,8705000,-598367.9092933568,300.0032869922431,705,2:48:51
17.4%,8710000,-599646.45121015,300.25746388546133,705,2:48:50
17.4%,8715000,-599427.4198162784,297.77462101229946,705,2:48:49
17.4%,8720000,-600820.6902952497,302.98511239682654,705,2:48:47
17.4%,8725000,-599954.226555489,301.1423115219335,705,2:48:46
17.4%,8730000,-599519.4063687907,298.5876141829637,705,2:48:45
17.5%,8735000,-598615.6906697331,296.9390583269397,705,2:48:43
17.5%,8740000,-600740.1528622368,299.286974753552,705,2:48:42
17.5%,8745000,-601151.3613027162,300.4123103819379,705,2:48:41
17.5%,8750000,-600610.9367827917,301.30559705433967,705,2:48:40
17.5%,8755000,-600608.4859832288,299.8977499789601,705,2:48:39
17.5%,8760000,-598732.0579901221,300.9888633540848,705,2:48:38
17.5%,8765000,-601061.1685421797,299.56018854177427,705,2:48:36
17.5%,8770000,-599368.2764470736,302.3207100419352,705,2:48:35
17.5%,8775000,-598573.7958730361,300.19108007375894,705,2:48:34
17.5%,8780000,-599637.266678066,301.1377240227508,705,2:48:33
17.6%,8785000,-599756.9355970244,301.58629312732523,705,2:48:31
17.6%,8790000,-599511.6616035346,300.60336623025205,705,2:48:30
17.6%,8795000,-599932.7423103517,301.5457415971167,705,2:48:29
17.6%,8800000,-600658.712112084,298.45781494138294,705,2:48:28
17.6%,8805000,-598589.5403479934,301.7396186347679,705,2:48:27
17.6%,8810000,-599268.0011800635,301.73135132340656,705,2:48:26
17.6%,8815000,-599420.999756339,302.06302506110666,705,2:48:24
17.6%,8820000,-599366.610419461,300.108946665932,705,2:48:23
17.6%,8825000,-600050.5989977615,301.7123144284025,705,2:48:22
17.6%,8830000,-599790.6185417487,300.9694830099441,705,2:48:21
17.7%,8835000,-599299.7999836924,298.7836745758408,705,2:48:20
17.7%,8840000,-600189.2849355601,302.4700122880626,705,2:48:18
17.7%,8845000,-600480.145631237,301.0780865333759,705,2:48:17
17.7%,8850000,-600440.4053184637,297.4913245387078,705,2:48:16
17.7%,8855000,-599375.4087117803,303.7029456245515,705,2:48:15
17.7%,8860000,-599587.4937845482,300.65723868054715,705,2:48:14
17.7%,8865000,-598883.91397289,299.8338684395392,705,2:48:13
17.7%,8870000,-599332.5777596058,301.8908834473906,705,2:48:11
17.7%,8875000,-600825.4530120669,299.4097823519933,705,2:48:10
17.7%,8880000,-599336.0836600247,300.8322750798437,705,2:48:09
17.8%,8885000,-600088.1140672909,300.82822728644726,705,2:48:08
17.8%,8890000,-598957.8327111811,301.0443549217385,705,2:48:06
17.8%,8895000,-599396.3424555333,300.17140534464386,705,2:48:05
17.8%,8900000,-599405.4333186625,298.96106605493173,705,2:48:04
17.8%,8905000,-598174.6406950923,300.73873425426314,705,2:48:03
17.8%,8910000,-600709.9228719594,300.3411918785656,705,2:48:02
17.8%,8915000,-601184.9209772302,299.1264368142392,705,2:48:00
17.8%,8920000,-598923.6450370075,299.8716233124919,705,2:48:00
17.8%,8925000,-599603.8534681816,301.18965843863185,705,2:47:58
17.8%,8930000,-599566.6064360724,299.8922793248546,705,2:47:57
17.9%,8935000,-599297.3737126044,301.6375897090952,705,2:47:56
17.9%,8940000,-599389.938396126,299.6871420619368,705,2:47:55
17.9%,8945000,-599219.9594377782,299.44667860210427,705,2:47:53
17.9%,8950000,-598504.827394254,300.31589930285793,705,2:47:52
17.9%,8955000,-598753.5080613308,299.9225764451253,705,2:47:52
17.9%,8960000,-598871.006681825,298.7139544010965,705,2:47:50
17.9%,8965000,-599377.8846805696,301.35331195225586,705,2:47:49
17.9%,8970000,-600603.9522508942,299.4284267336983,705,2:47:48
17.9%,8975000,-599112.1338868015,299.29264166430704,705,2:47:46
17.9%,8980000,-599360.2077087224,298.4158405504655,705,2:47:45
18.0%,8985000,-600177.3420989593,300.18136536960736,705,2:47:44
18.0%,8990000,-599291.6381943882,301.6104572272982,705,2:47:43
18.0%,8995000,-599126.3212143099,299.3898623020663,705,2:47:41
18.0%,9000000,-600637.2055297247,297.2443110131972,705,2:47:40
18.0%,9005000,-598826.0168141401,300.51166531076075,705,2:47:39
18.0%,9010000,-599464.502277988,301.21637387504865,705,2:47:38
18.0%,9015000,-599425.6746851467,299.10683568136767,705,2:47:37
18.0%,9020000,-599460.788683435,300.3293428833504,705,2:47:35
18.0%,9025000,-600332.3173321798,301.35841462514355,705,2:47:34
18.0%,9030000,-599496.6049515712,299.25155042831244,705,2:47:33
18.1%,9035000,-598652.7049109451,300.2409783269011,705,2:47:32
18.1%,9040000,-600261.388791272,300.0929762810768,705,2:47:30
18.1%,9045000,-599432.1157169831,299.10175754056115,705,2:47:29
18.1%,9050000,-599418.3796635848,300.9512311415381,705,2:47:28
18.1%,9055000,-600409.0353575633,301.1468990211162,705,2:47:27
18.1%,9060000,-599217.1388906012,299.01596885263683,705,2:47:26
18.1%,9065000,-597995.0609604185,298.93616599252306,705,2:47:24
18.1%,9070000,-599340.1873078467,297.84497902115476,705,2:47:23
18.1%,9075000,-599100.6026220936,300.01783451638926,705,2:47:22
18.1%,9080000,-598635.1105906814,299.00573897478023,705,2:47:21
18.2%,9085000,-599794.7282982464,301.57189279566614,705,2:47:19
18.2%,9090000,-599507.6880483511,299.72030943570684,705,2:47:18
18.2%,9095000,-598341.7297379379,300.63768661183803,705,2:47:17
18.2%,9100000,-599427.6542992448,300.99637017092925,705,2:47:16
18.2%,9105000,-599624.5495093442,302.59166687868793,705,2:47:15
18.2%,9110000,-598899.7206563838,299.5505719659475,705,2:47:14
18.2%,9115000,-598176.0963292848,299.30706652804724,705,2:47:12
18.2%,9120000,-599874.3949091611,300.46029513274715,705,2:47:11
18.2%,9125000,-598435.7335628308,301.4834055788108,705,2:47:10
18.2%,9130000,-599417.011078483,301.6132784166351,705,2:47:09
18.3%,9135000,-599813.0458962168,298.29869986277924,705,2:47:07
18.3%,9140000,-598550.9225042034,299.592546356865,705,2:47:06
18.3%,9145000,-599846.1169272801,299.23158131422304,705,2:47:05
18.3%,9150000,-600190.0626374786,299.98363679520924,705,2:47:04
18.3%,9155000,-599461.0885136537,302.5534213641114,705,2:47:03
18.3%,9160000,-600030.9396265992,299.62640062890836,705,2:47:02
18.3%,9165000,-600117.5734128719,302.3327062296375,705,2:47:00
18.3%,9170000,-598473.1000553356,299.0233284769941,705,2:46:59
18.3%,9175000,-600121.2449030397,301.8448857951578,705,2:46:58
18.3%,9180000,-599001.8840012373,301.1465065078171,705,2:46:57
18.4%,9185000,-599897.5463808225,302.1157199715046,705,2:46:55
18.4%,9190000,-599322.1189156533,300.7165081887042,705,2:46:54
18.4%,9195000,-600364.1095258864,301.28324832837484,705,2:46:53
18.4%,9200000,-599598.1587619325,297.0610808987829,705,2:46:52
18.4%,9205000,-598853.880405311,295.84841106135764,705,2:46:51
18.4%,9210000,-599771.3898561778,297.4212609148267,705,2:46:49
18.4%,9215000,-598474.4219243159,299.5848923475334,705,2:46:48
18.4%,9220000,-598743.5147885457,296.92227838340517,705,2:46:47
18.4%,9225000,-599488.0826568059,300.3891275652125,705,2:46:46
18.4%,9230000,-599379.0105791027,299.9807420096287,705,2:46:44
18.5%,9235000,-599100.7101161424,298.426830922839,705,2:46:43
18.5%,9240000,-598376.9965564664,303.12173155697826,705,2:46:42
18.5%,9245000,-598622.8754723598,298.4697130007605,705,2:46:41
18.5%,9250000,-600089.6887739035,299.2021428167941,705,2:46:39
18.5%,9255000,-599483.3184332219,300.71798011357566,705,2:46:39
18.5%,9260000,-599745.4793286216,302.74918737201426,705,2:46:38
18.5%,9265000,-599821.909085508,301.58045449200176,705,2:46:36
18.5%,9270000,-599251.2113498058,300.92174357994674,705,2:46:35
18.5%,9275000,-598359.5156723289,301.109340404813,705,2:46:34
18.5%,9280000,-599093.1964118625,301.15965570333543,705,2:46:32
18.6%,9285000,-600971.2875157171,300.58202331961604,705,2:46:31
18.6%,9290000,-599878.9826791096,301.6008161193902,705,2:46:30
18.6%,9295000,-599117.3003859133,301.6657034741399,705,2:46:29
18.6%,9300000,-599486.8962887777,302.4893926322033,705,2:46:27
18.6%,9305000,-599949.047818698,303.154997059073,705,2:46:26
18.6%,9310000,-599877.8235036903,299.7645162460127,705,2:46:25
18.6%,9315000,-598729.0068951338,300.36079301143707,705,2:46:24
18.6%,9320000,-599399.4362241314,302.40971243249555,705,2:46:23
18.6%,9325000,-599195.3506704168,300.14925287532856,705,2:46:21
18.6%,9330000,-600422.7735453295,297.38914842054794,705,2:46:20
18.7%,9335000,-598915.0319697103,300.6964409462901,705,2:46:19
18.7%,9340000,-600002.3668528842,302.92802624389543,705,2:46:18
18.7%,9345000,-599283.805224135,301.8423835228763,705,2:46:16
18.7%,9350000,-599462.4154146379,299.4804347458229,705,2:46:15
18.7%,9355000,-598886.29439004,298.1630619858751,705,2:46:14
18.7%,9360000,-599393.7734217425,301.52587061135216,705,2:46:13
18.7%,9365000,-599458.9411811484,300.7152325204823,705,2:46:12
18.7%,9370000,-600300.0850361832,299.2983085750621,705,2:46:10
18.7%,9375000,-600157.8650952978,301.55251245152544,705,2:46:09
18.7%,9380000,-599923.7192291878,300.99531529143803,705,2:46:08
18.8%,9385000,-598669.475334507,301.5084773657878,705,2:46:07
18.8%,9390000,-599282.8842529408,297.11088102360026,705,2:46:05
18.8%,9395000,-600770.7712726179,300.03692047555575,705,2:46:04
18.8%,9400000,-599326.9542321558,298.922526155381,705,2:46:03
18.8%,9405000,-600078.5342170261,301.0579702267994,705,2:46:02
18.8%,9410000,-598011.770210858,302.0930523284842,705,2:46:01
18.8%,9415000,-600208.7625528355,297.94565868236197,705,2:46:00
18.8%,9420000,-598703.7881466602,299.68422274427513,705,2:45:58
18.8%,9425000,-598677.4854445104,300.46667347385676,705,2:45:57
18.8%,9430000,-601032.1097624451,300.2978682231826,705,2:45:56
18.9%,9435000,-598292.5172204738,298.9023117204797,705,2:45:55
18.9%,9440000,-598748.1621518489,300.8190522880819,705,2:45:53
18.9%,9445000,-600246.8985949182,300.0786250135801,705,2:45:52
18.9%,9450000,-599800.7377694803,299.7440810223808,705,2:45:51
18.9%,9455000,-599288.1838637744,302.1845815234072,705,2:45:50
18.9%,9460000,-599778.5006031166,299.3212460709755,705,2:45:49
18.9%,9465000,-600261.2740673176,301.67782232224823,705,2:45:47
18.9%,9470000,-600807.9034020142,299.89311341561506,705,2:45:46
18.9%,9475000,-598744.5328772659,300.4898808226633,705,2:45:45
18.9%,9480000,-598740.9966452243,299.9222575280698,705,2:45:44
19.0%,9485000,-599845.307677546,301.0587797854787,705,2:45:42
19.0%,9490000,-598711.1252909368,300.44464366494736,705,2:45:41
19.0%,9495000,-600737.9576077708,300.6024094790856,705,2:45:40
19.0%,9500000,-598366.2006710479,301.81294502544733,705,2:45:38
19.0%,9505000,-599142.7953359559,299.42509037065633,705,2:45:37
19.0%,9510000,-598676.903106221,299.4517322108296,705,2:45:36
19.0%,9515000,-600381.7539545344,300.7923368516651,705,2:45:35
19.0%,9520000,-599246.643906455,303.034667200832,705,2:45:34
19.0%,9525000,-598902.602310895,298.87569441238765,705,2:45:32
19.0%,9530000,-599000.3253217386,301.2408078279147,705,2:45:31
19.1%,9535000,-600369.0553089003,302.12673487595924,705,2:45:30
19.1%,9540000,-599547.6405814392,297.6413627472709,705,2:45:28
19.1%,9545000,-598583.7929483773,302.3435984736862,705,2:45:27
19.1%,9550000,-599780.0438641012,299.86235018580174,705,2:45:26
19.1%,9555000,-598635.6173453107,300.8546974020522,705,2:45:26
19.1%,9560000,-599209.9089077832,302.0476189141188,705,2:45:25
19.1%,9565000,-600929.1049815156,300.65108112816824,705,2:45:23
19.1%,9570000,-600620.9013648429,298.73686736492874,705,2:45:22
19.1%,9575000,-599496.4010824277,299.9373202259209,705,2:45:21
19.1%,9580000,-600874.2367662233,300.0293400624678,705,2:45:20
19.2%,9585000,-599541.9966332368,297.6265208381504,705,2:45:18
19.2%,9590000,-599079.0001322161,304.2194195298621,705,2:45:17
19.2%,9595000,-599438.1239652266,297.7085806497338,705,2:45:16
19.2%,9600000,-599880.0669594207,301.9336673969874,705,2:45:14
19.2%,9605000,-599613.7352697458,299.60005317370934,705,2:45:14
19.2%,9610000,-599442.5103946598,301.39751876256173,705,2:45:13
19.2%,9615000,-599207.0113451649,300.3081471652016,705,2:45:11
19.2%,9620000,-599826.7119585136,301.34465212759545,705,2:45:10
19.2%,9625000,-599748.803919916,300.02462990287916,705,2:45:09
19.2%,9630000,-599957.1845926102,298.1669871188656,705,2:45:07
19.3%,9635000,-599323.3819841649,303.49378510031846,705,2:45:06
19.3%,9640000,-599171.4619703852,298.9534120456002,705,2:45:05
19.3%,9645000,-599452.0703252871,298.33262773106617,705,2:45:03
19.3%,9650000,-600002.3375230753,300.5908058046824,705,2:45:02
19.3%,9655000,-598902.0896872943,297.48605014125167,705,2:45:01
19.3%,9660000,-599296.291879192,299.27203471610676,705,2:45:00
19.3%,9665000,-599032.369523956,298.78058353361075,705,2:44:59
19.3%,9670000,-599300.8259699563,300.7298045767096,705,2:44:57
19.3%,9675000,-600208.204763507,302.83455901455835,705,2:44:56
19.3%,9680000,-599904.2381430883,297.5108030111732,705,2:44:55
19.4%,9685000,-599495.5280596833,299.5903875337202,705,2:44:54
19.4%,9690000,-598427.4409601619,301.4139552569596,705,2:44:52
19.4%,9695000,-599640.4535831157,297.65377598035343,705,2:44:51
19.4%,9700000,-599402.5483198436,299.28925623710273,705,2:44:50
19.4%,9705000,-600079.3849266395,299.34604800505946,705,2:44:49
19.4%,9710000,-599589.5392391989,299.2542734893246,705,2:44:48
19.4%,9715000,-598852.3161534099,300.6252488466743,705,2:44:46
19.4%,9720000,-598436.958140655,300.7427820476596,705,2:44:45
19.4%,9725000,-597521.8126240633,299.92834148420513,705,2:44:44
19.4%,9730000,-598917.0697480235,302.7678808178817,705,2:44:42
19.5%,9735000,-598966.3132190383,299.5446106702181,705,2:44:41
19.5%,9740000,-599447.9242189676,299.2391862593922,705,2:44:40
19.5%,9745000,-601881.9698898867,300.6065554008069,705,2:44:38
19.5%,9750000,-599729.932105347,302.8642918969616,705,2:44:37
19.5%,9755000,-599366.6641914779,298.59975756315316,705,2:44:36
19.5%,9760000,-599587.1077774181,297.667734734551,705,2:44:35
19.5%,9765000,-599909.91941544,298.1804797635206,705,2:44:34
19.5%,9770000,-599191.7762212357,299.7345380427975,705,2:44:32
19.5%,9775000,-599319.2614217703,297.2541974419171,705,2:44:31
19.5%,9780000,-600153.5647394215,299.311923880123,705,2:44:30
19.6%,9785000,-598629.7854053909,300.9825095450564,705,2:44:28
19.6%,9790000,-599051.3627185291,296.635841803421,705,2:44:27
19.6%,9795000,-599058.3667062037,301.80283780799664,705,2:44:26
19.6%,9800000,-599123.2434923351,300.17797994240306,705,2:44:25
19.6%,9805000,-600080.0591658242,297.77891412650786,705,2:44:24
19.6%,9810000,-600160.108931086,302.3433286207931,705,2:44:23
19.6%,9815000,-599215.4659405379,297.64160806808275,705,2:44:21
19.6%,9820000,-599239.5652050888,300.35750571255755,705,2:44:20
19.6%,9825000,-600309.8017580858,300.64141548817906,705,2:44:19
19.6%,9830000,-599199.0236666151,300.2854795221813,705,2:44:18
19.7%,9835000,-599414.7871889952,301.9884475342865,705,2:44:16
19.7%,9840000,-599349.6399306199,299.8836930964378,705,2:44:15
19.7%,9845000,-600660.4061643998,302.5081106101519,705,2:44:14
19.7%,9850000,-600887.3125247341,301.3180348195034,705,2:44:13
19.7%,9855000,-599162.7557846252,298.02632016531743,705,2:44:12
19.7%,9860000,-599586.3873522147,300.0620658587763,705,2:44:11
19.7%,9865000,-597363.595937375,298.77361642255255,705,2:44:09
19.7%,9870000,-599732.9195705242,301.30822198702714,705,2:44:08
19.7%,9875000,-600438.5216704458,298.2182101043921,705,2:44:07
19.7%,9880000,-597441.2618873604,301.70255066008855,705,2:44:06
19.8%,9885000,-598770.1032107384,300.85668450062866,705,2:44:04
19.8%,9890000,-599619.3772170315,302.2768957449283,705,2:44:03
19.8%,9895000,-600055.9919957751,298.9983548183418,705,2:44:02
19.8%,9900000,-600159.6664845399,300.4766334988202,705,2:44:01
19.8%,9905000,-598707.5672660433,302.16473506972386,705,2:44:00
19.8%,9910000,-599562.8809022829,301.2713748010785,705,2:43:59
19.8%,9915000,-600474.647720661,297.7647836477419,705,2:43:57
19.8%,9920000,-599911.7632627701,301.79883907876257,705,2:43:56
19.8%,9925000,-599687.8006055616,299.2528015644531,705,2:43:55
19.8%,9930000,-597744.0487835854,297.9539750578856,705,2:43:53
19.9%,9935000,-599019.9109755899,300.5707140301871,705,2:43:52
19.9%,9940000,-599953.1999573018,300.39445102683095,705,2:43:51
19.9%,9945000,-598520.1557429475,300.9511820773757,705,2:43:49
19.9%,9950000,-598473.1676788311,301.2707860311299,705,2:43:48
19.9%,9955000,-600724.4981685332,301.8136319237206,705,2:43:47
19.9%,9960000,-600027.8189014513,299.05097613249615,705,2:43:46
19.9%,9965000,-599186.3169286391,298.37023541153167,705,2:43:45
19.9%,9970000,-598201.1498107258,301.2668608981394,705,2:43:43
19.9%,9975000,-599599.9793460229,303.87359078131493,705,2:43:42
19.9%,9980000,-599100.0750862597,298.8424043782117,705,2:43:41
20.0%,9985000,-599703.048834275,299.5041818004156,705,2:43:39
20.0%,9990000,-599878.0729643642,299.66339500734415,705,2:43:38
20.0%,9995000,-598890.5085158963,301.28432773994723,705,2:43:37
20.0%,10000000,-598910.0277434522,300.60935205806265,705,2:43:36
20.0%,10005000,-600350.411958293,300.27843881487945,705,2:43:35
20.0%,10010000,-599575.7996539637,301.66805855393426,705,2:43:34
20.0%,10015000,-600032.9736976731,298.9005454106339,705,2:43:32
20.0%,10020000,-599728.5893482482,298.9664876448749,705,2:43:31
20.0%,10025000,-600584.4602667931,301.1166264329267,705,2:43:30
20.0%,10030000,-599612.4461389603,303.0605976106507,705,2:43:29
20.0%,10035000,-598741.1563009322,300.23724945056006,705,2:43:27
20.1%,10040000,-598704.6957770679,300.79417675775437,705,2:43:26
20.1%,10045000,-600685.6679600752,301.20685542754654,705,2:43:25
20.1%,10050000,-600018.1467057965,299.9998279687952,705,2:43:24
20.1%,10055000,-599373.130481014,299.9653358626409,705,2:43:23
20.1%,10060000,-598640.6278382912,301.47376447090284,705,2:43:21
20.1%,10065000,-598860.8659695233,302.6235095200736,705,2:43:20
20.1%,10070000,-600256.1439233348,299.7155502119558,705,2:43:19
20.1%,10075000,-600107.969524736,300.56136730725336,705,2:43:18
20.1%,10080000,-600388.4452360733,298.80501748647686,705,2:43:16
20.1%,10085000,-599049.4497181075,301.84861467149875,705,2:43:15
20.2%,10090000,-600035.5620683432,297.3144237012406,705,2:43:14
20.2%,10095000,-599357.5261627072,301.4624306493927,705,2:43:12
20.2%,10100000,-598166.771920302,299.9361426860238,705,2:43:11
20.2%,10105000,-599559.595265395,298.53705356362934,705,2:43:10
20.2%,10110000,-600133.4682805426,303.24743394100005,705,2:43:09
20.2%,10115000,-598410.3795278971,300.0765152545977,705,2:43:08
20.2%,10120000,-599612.2110464023,300.7625549050994,705,2:43:07
20.2%,10125000,-599891.3152888953,298.30544618510675,705,2:43:06
20.2%,10130000,-599600.6039517373,303.530239772968,705,2:43:04
20.2%,10135000,-599716.7294952413,304.0257387488605,705,2:43:03
20.3%,10140000,-599405.655803246,298.93027829303725,705,2:43:02
20.3%,10145000,-599279.0173601317,301.23290849777123,705,2:43:00
20.3%,10150000,-600325.7146022795,300.6436969717298,705,2:42:59
20.3%,10155000,-599052.8436884223,300.2838113406603,705,2:42:59
20.3%,10160000,-598929.1054764441,299.15450151512147,705,2:42:57
20.3%,10165000,-597984.9924109369,298.5580284930475,705,2:42:56
20.3%,10170000,-599256.4775111787,297.51305996264284,705,2:42:55
20.3%,10175000,-599445.6327859662,303.0370222806263,705,2:42:54
20.3%,10180000,-597843.9993793634,301.23472387177935,705,2:42:52
20.3%,10185000,-599096.1423231582,301.5755235436824,705,2:42:51
20.4%,10190000,-599820.9361290163,301.14783124020147,705,2:42:50
20.4%,10195000,-599428.5050017997,298.92137314756496,705,2:42:49
20.4%,10200000,-600147.1998862657,298.74194550573526,705,2:42:47
20.4%,10205000,-600635.1569141066,298.7445704384226,705,2:42:46
20.4%,10210000,-600348.6636281791,300.2898707647144,705,2:42:45
20.4%,10215000,-598863.4575426406,298.31768769362094,705,2:42:44
20.4%,10220000,-600092.0608644984,298.969971200404,705,2:42:43
20.4%,10225000,-598989.9197911192,299.8536658290602,705,2:42:41
20.4%,10230000,-598938.1037423206,302.7415578947639,705,2:42:40
20.4%,10235000,-598614.2545283865,299.5146324670029,705,2:42:39
20.5%,10240000,-598960.0619493113,302.52731922972436,705,2:42:38
20.5%,10245000,-598539.3793662777,299.92014776908735,705,2:42:36
20.5%,10250000,-599271.3844304248,299.05161396660714,705,2:42:35
20.5%,10255000,-600524.2979263566,301.32065975219086,705,2:42:34
20.5%,10260000,-600262.8810344948,298.8203991013835,705,2:42:33
20.5%,10265000,-598613.1458107876,302.0358925793096,705,2:42:32
20.5%,10270000,-599268.5083351531,301.02463112846107,705,2:42:30
20.5%,10275000,-600926.6927189315,302.1683167535777,705,2:42:29
20.5%,10280000,-599586.1932817064,299.29109614319196,705,2:42:28
20.5%,10285000,-599204.865316384,300.57181797384067,705,2:42:26
20.6%,10290000,-600386.8456237013,298.94175930703454,705,2:42:25
20.6%,10295000,-598861.1309616598,300.91718061284524,705,2:42:24
20.6%,10300000,-600187.84697964,300.2565316663761,705,2:42:23
20.6%,10305000,-600146.3491507545,298.88852469085043,705,2:42:22
20.6%,10310000,-597831.8485116502,299.245073958878,705,2:42:20
20.6%,10315000,-599726.0544111799,299.3235766186887,705,2:42:19
20.6%,10320000,-599582.366667917,300.6749508431669,705,2:42:18
20.6%,10325000,-598776.0691766515,301.3928331350543,705,2:42:17
20.6%,10330000,-599770.9541549901,298.4222679557374,705,2:42:15
20.6%,10335000,-599066.3291664957,300.162034089629,705,2:42:14
20.7%,10340000,-600290.5972664705,301.4764139356714,705,2:42:13
20.7%,10345000,-599367.1299404749,300.58550687514514,705,2:42:12
20.7%,10350000,-601054.5852100654,299.34901638688353,705,2:42:10
20.7%,10355000,-599527.2203860497,297.1564370983716,705,2:42:09
20.7%,10360000,-599725.5828704434,297.4742747422801,705,2:42:08
20.7%,10365000,-599502.0477134073,299.51252270802047,705,2:42:07
20.7%,10370000,-598928.1804812714,297.9989914268708,705,2:42:06
20.7%,10375000,-598886.3747811783,300.77612114599793,705,2:42:04
20.7%,10380000,-599671.0104407254,298.39307477912035,705,2:42:03
20.7%,10385000,-599024.1438904451,300.53173255317483,705,2:42:02
20.8%,10390000,-600697.2559561911,299.9436985670306,705,2:42:01
20.8%,10395000,-599451.4046867802,298.17248230505237,705,2:41:59
20.8%,10400000,-599361.5488015711,299.3210743464072,705,2:41:58
20.8%,10405000,-599541.9696866041,299.72075101316824,705,2:41:57
20.8%,10410000,-597905.5255486998,301.1732464763151,705,2:41:56
20.8%,10415000,-599620.1528202859,299.88722571612925,705,2:41:54
20.8%,10420000,-598122.8135994282,298.23047614498756,705,2:41:53
20.8%,10425000,-598968.8108804924,300.40887589057115,705,2:41:52
20.8%,10430000,-599728.985649609,297.87954472355267,705,2:41:51
20.8%,10435000,-599177.8524054899,303.4204832417202,705,2:41:49
20.9%,10440000,-599923.4814313333,300.2261118856994,705,2:41:48
20.9%,10445000,-599429.854296444,301.8237391411713,705,2:41:47
20.9%,10450000,-599134.3438487262,301.745678058822,705,2:41:45
20.9%,10455000,-598520.9011078607,299.9134259788411,705,2:41:45
20.9%,10460000,-598536.6630187784,300.22373227382394,705,2:41:43
20.9%,10465000,-600226.251929984,300.95559785199003,705,2:41:42
20.9%,10470000,-600229.1137786717,299.127957803273,705,2:41:41
20.9%,10475000,-600659.4337859014,302.000590914476,705,2:41:40
20.9%,10480000,-599596.150401399,296.3960161776994,705,2:41:38
20.9%,10485000,-598812.2728914865,300.234281068736,705,2:41:37
21.0%,10490000,-599386.8837584425,298.51622582669836,705,2:41:36
21.0%,10495000,-600188.3424933264,302.3922455906876,705,2:41:35
21.0%,10500000,-598033.3293310977,301.53568344382853,705,2:41:33
21.0%,10505000,-598390.4883844447,302.12008668195654,705,2:41:33
21.0%,10510000,-599168.9565972174,300.1019304907114,705,2:41:31
21.0%,10515000,-598495.4616913619,301.8586237606246,705,2:41:30
21.0%,10520000,-600069.9479154325,301.14731606649644,705,2:41:29
21.0%,10525000,-599317.4406973473,300.79258217247695,705,2:41:27
21.0%,10530000,-600788.5640900829,299.51269443258883,705,2:41:26
21.0%,10535000,-599599.8147994764,299.93054937151226,705,2:41:25
21.1%,10540000,-599993.9110385226,299.9858446825164,705,2:41:24
21.1%,10545000,-599984.936603752,298.93157849334034,705,2:41:22
21.1%,10550000,-599763.7750281864,301.3133001278336,705,2:41:21
21.1%,10555000,-600724.9860198009,300.21252111271974,705,2:41:20
21.1%,10560000,-599884.2705804626,300.9096492639196,705,2:41:19
21.1%,10565000,-599213.4848360429,298.91766880330516,705,2:41:18
21.1%,10570000,-598984.7463712571,298.65183917152126,705,2:41:17
21.1%,10575000,-599225.9142619129,300.00444000005905,705,2:41:15
21.1%,10580000,-598606.8495341605,299.39945434581193,705,2:41:14
21.1%,10585000,-598399.5043060002,299.05921891177627,705,2:41:13
21.2%,10590000,-600378.9957306371,298.69778775959173,705,2:41:11
21.2%,10595000,-599299.2252655867,300.2283197730066,705,2:41:10
21.2%,10600000,-599720.1488165315,301.894538727488,705,2:41:09
21.2%,10605000,-600155.1277394644,300.0945953984354,705,2:41:08
21.2%,10610000,-600025.5509282914,302.9575874017304,705,2:41:07
21.2%,10615000,-599789.7612774819,301.1581592463828,705,2:41:05
21.2%,10620000,-600261.7282737494,298.30218341830835,705,2:41:04
21.2%,10625000,-599436.2717156853,299.272329101081,705,2:41:03
21.2%,10630000,-598841.0873753983,302.7332905834026,705,2:41:01
21.2%,10635000,-599035.6032406343,301.1131428773976,705,2:41:00
21.3%,10640000,-599761.7774403738,299.4315913721719,705,2:40:59
21.3%,10645000,-599891.8898036494,302.332387312582,705,2:40:58
21.3%,10650000,-599696.05469064,301.13752776610124,705,2:40:56
21.3%,10655000,-600230.0289428034,299.98120811917136,705,2:40:55
21.3%,10660000,-599323.2507688231,299.3936893067321,705,2:40:54
21.3%,10665000,-598363.3653874053,298.51553892842503,705,2:40:53
21.3%,10670000,-598613.9396662475,301.32919691644526,705,2:40:52
21.3%,10675000,-600137.6075238409,300.3279200226414,705,2:40:50
21.3%,10680000,-600064.718533508,301.08115304352475,705,2:40:49
21.3%,10685000,-598353.9194684112,299.92073653903594,705,2:40:48
21.4%,10690000,-600245.9904346662,298.78674108598966,705,2:40:47
21.4%,10695000,-597631.085870943,298.6881957158461,705,2:40:45
21.4%,10700000,-599259.310872158,301.67119866032664,705,2:40:44
21.4%,10705000,-600257.4550377331,299.8729480448762,705,2:40:43
21.4%,10710000,-599329.2003980451,299.067412626894,705,2:40:42
21.4%,10715000,-599234.1811040188,300.962147917668,705,2:40:40
21.4%,10720000,-598935.3502919665,299.7433695920262,705,2:40:39
21.4%,10725000,-599765.1209436711,300.2811128117293,705,2:40:38
21.4%,10730000,-599786.9035289842,300.4498935303222,705,2:40:37
21.4%,10735000,-599613.6815565247,300.4563454676754,705,2:40:35
21.5%,10740000,-598340.8983543981,299.3942290125183,705,2:40:34
21.5%,10745000,-599042.3597478275,301.40963761067,705,2:40:33
21.5%,10750000,-600147.7741102148,299.9079798568167,705,2:40:32
21.5%,10755000,-600002.6927758111,301.4794559137391,705,2:40:31
21.5%,10760000,-599627.1780659421,300.6052306684226,705,2:40:29
21.5%,10765000,-598073.4582747142,298.8882303058761,705,2:40:28
21.5%,10770000,-599830.2243825849,301.8556063146381,705,2:40:27
21.5%,10775000,-599587.192272203,298.61391257400027,705,2:40:26
21.5%,10780000,-598420.0512111909,300.72678713072315,705,2:40:24
21.5%,10785000,-599731.653259641,299.375290245839,705,2:40:23
21.6%,10790000,-598413.559832498,298.652182620658,705,2:40:22
21.6%,10795000,-599283.4234752506,300.73392596634966,705,2:40:21
21.6%,10800000,-598617.565248956,300.7375812464471,705,2:40:19
21.6%,10805000,-599856.1913599004,303.75885423758535,705,2:40:18
21.6%,10810000,-599924.297039446,302.65714300338624,705,2:40:17
21.6%,10815000,-599448.7818948445,296.9350350656244,705,2:40:16
21.6%,10820000,-600251.8977826289,303.6059457755229,705,2:40:15
21.6%,10825000,-599807.4793240689,298.7590934304876,705,2:40:13
21.6%,10830000,-598575.0298007103,301.2621998027131,705,2:40:12
21.6%,10835000,-599604.5203824914,297.4899998063234,705,2:40:11
21.7%,10840000,-599759.4124267856,298.6748747957595,705,2:40:09
21.7%,10845000,-598312.2556352611,296.23263251696847,705,2:40:08
21.7%,10850000,-599569.6324332571,298.6651846236891,705,2:40:07
21.7%,10855000,-599901.2613774133,302.2201775732151,705,2:40:06
21.7%,10860000,-599125.1362953056,302.12008668195654,705,2:40:05
21.7%,10865000,-600950.7376585212,298.16411686536634,705,2:40:03
21.7%,10870000,-599190.1328668236,300.55606837771614,705,2:40:02
21.7%,10875000,-599165.5227559507,301.7446967755744,705,2:40:01
21.7%,10880000,-599025.7182594775,300.11559485993473,705,2:39:59
21.7%,10885000,-597874.0694291191,300.8157159250399,705,2:39:58
21.8%,10890000,-599518.461375399,300.52363696638184,705,2:39:57
21.8%,10895000,-599803.3179946905,302.7806375001009,705,2:39:55
21.8%,10900000,-599192.5941013284,299.42126336599057,705,2:39:54
21.8%,10905000,-601123.5612627743,299.67318330773924,705,2:39:53
21.8%,10910000,-599513.5187729504,300.9617308722878,705,2:39:52
21.8%,10915000,-599078.8210291085,303.5060020767515,705,2:39:51
21.8%,10920000,-599978.6020060056,301.9300857131335,705,2:39:49
21.8%,10925000,-599416.8433116907,300.21784457433813,705,2:39:48
21.8%,10930000,-599189.6262294576,300.7557840506907,705,2:39:47
21.8%,10935000,-599371.8394695628,299.22427075402817,705,2:39:45
21.9%,10940000,-599118.1080158954,299.9443364011415,705,2:39:44
21.9%,10945000,-599220.886415415,299.66979788053493,705,2:39:43
21.9%,10950000,-598685.6721565397,300.7392003638057,705,2:39:42
21.9%,10955000,-598742.6713081514,303.7270851924432,705,2:39:41
21.9%,10960000,-599521.6498311288,302.08819497640843,705,2:39:39
21.9%,10965000,-599247.5097841294,302.7894935814108,705,2:39:38
21.9%,10970000,-599749.8281599316,301.27772861010686,705,2:39:37
21.9%,10975000,-599610.8194846758,300.39199781871184,705,2:39:36
21.9%,10980000,-600111.3176597245,300.53494625581084,705,2:39:34
21.9%,10985000,-601816.02098613,302.93916380875606,705,2:39:33
22.0%,10990000,-599525.9298101082,299.1608307920687,705,2:39:32
22.0%,10995000,-598911.4261078215,300.6359938982359,705,2:39:31
22.0%,11000000,-599515.915977166,302.5903421463036,705,2:39:29
22.0%,11005000,-599811.9500003182,299.84228294338766,705,2:39:28
22.0%,11010000,-599042.8119512475,298.38026903273874,705,2:39:27
22.0%,11015000,-599706.6905865851,301.15057883329484,705,2:39:26
22.0%,11020000,-599334.6855974146,300.8043821035298,705,2:39:25
22.0%,11025000,-598541.5326107019,302.45323234452803,705,2:39:23
22.0%,11030000,-600723.9961512471,303.04575570153025,705,2:39:22
22.0%,11035000,-599242.898647692,302.744011102883,705,2:39:21
22.1%,11040000,-599603.877811396,301.27804752716236,705,2:39:20
22.1%,11045000,-599318.5581823098,300.3929791019595,705,2:39:18
22.1%,11050000,-599258.2458107378,298.8991225499249,705,2:39:17
22.1%,11055000,-598497.2979585538,297.54357787164423,705,2:39:16
22.1%,11060000,-600111.949815047,301.62434238525213,705,2:39:15
22.1%,11065000,-601155.4180988749,299.19063727071557,705,2:39:14
22.1%,11070000,-599492.4039815967,298.35892612210273,705,2:39:12
22.1%,11075000,-598409.8712411858,299.156758466591,705,2:39:11
22.1%,11080000,-599650.0147668682,299.32073089727055,705,2:39:10
22.1%,11085000,-599946.5034565688,300.165640305564,705,2:39:09
22.2%,11090000,-600313.0834957119,301.29001918278345,705,2:39:07
22.2%,11095000,-598650.7030143174,299.3747996042151,705,2:39:06
22.2%,11100000,-601013.8298679502,301.9223581075584,705,2:39:05
22.2%,11105000,-598727.5965424618,301.42519095014495,705,2:39:04
22.2%,11110000,-598605.6924980571,300.79932849480446,705,2:39:03
22.2%,11115000,-599522.0467497101,300.72293559397616,705,2:39:01
22.2%,11120000,-600027.723646027,301.4144458985834,705,2:39:00
22.2%,11125000,-599123.3046487994,298.85182469738896,705,2:38:59
22.2%,11130000,-600532.0285869329,300.71096393835506,705,2:38:58
22.2%,11135000,-598740.9364347938,303.34254481977695,705,2:38:56
22.3%,11140000,-597319.061022745,302.45862940239005,705,2:38:55
22.3%,11145000,-599242.8677701904,299.66474427180964,705,2:38:54
22.3%,11150000,-600312.7304722578,299.04503936884794,705,2:38:52
22.3%,11155000,-599355.1393429982,300.13058396154236,705,2:38:51
22.3%,11160000,-599439.4960500975,299.6202676086106,705,2:38:50
22.3%,11165000,-599005.577981323,300.9830001866802,705,2:38:49
22.3%,11170000,-599350.9243724882,300.0176627918209,705,2:38:48
22.3%,11175000,-599962.4512276282,298.9600602396029,705,2:38:46
22.3%,11180000,-600541.1434564274,300.31096835453855,705,2:38:45
22.3%,11185000,-600219.2469616062,299.5290573307431,705,2:38:44
22.4%,11190000,-599876.900405366,300.5047963280273,705,2:38:43
22.4%,11195000,-598967.736906115,299.25773251277246,705,2:38:41
22.4%,11200000,-599779.2174214646,301.45087603915175,705,2:38:40
22.4%,11205000,-599046.9423180213,300.20653528490914,705,2:38:39
22.4%,11210000,-599505.4693432711,300.4627728729474,705,2:38:38
22.4%,11215000,-598099.4095827225,299.37612433659945,705,2:38:37
22.4%,11220000,-599261.2863753256,300.9709058706531,705,2:38:35
22.4%,11225000,-599568.6780698579,300.8343112425826,705,2:38:34
22.4%,11230000,-600220.6759279319,303.0389357829592,705,2:38:33
22.4%,11235000,-599505.8945298912,300.5691194449097,705,2:38:32
22.5%,11240000,-599376.9473499916,301.0222760486667,705,2:38:30
22.5%,11245000,-599124.929031048,299.8674037945271,705,2:38:29
22.5%,11250000,-599450.712910837,299.7557337609464,705,2:38:28
22.5%,11255000,-600279.6670154044,298.4651990978214,705,2:38:27
22.5%,11260000,-600322.90034845,299.8273183738612,705,2:38:26
22.5%,11265000,-599708.3759489716,300.82287929274764,705,2:38:24
22.5%,11270000,-598141.6887446083,301.10845724989014,705,2:38:23
22.5%,11275000,-599138.0154265785,300.5867089471235,705,2:38:22
22.5%,11280000,-599288.674088527,299.9751486951172,705,2:38:21
22.5%,11285000,-598996.308969128,297.5745864222694,705,2:38:19
22.6%,11290000,-599890.1265552752,297.5991675676226,705,2:38:18
22.6%,11295000,-598652.9930707971,301.8102955606787,705,2:38:17
22.6%,11300000,-598034.3348461981,300.3547581194642,705,2:38:16
22.6%,11305000,-599442.8428321229,302.92468988085346,705,2:38:14
22.6%,11310000,-598931.3670279295,300.64085125031164,705,2:38:13
22.6%,11315000,-600460.4607735099,298.35730700474414,705,2:38:12
22.6%,11320000,-599525.7469357485,298.894118005362,705,2:38:11
22.6%,11325000,-599618.8831301169,298.4566374014858,705,2:38:09
22.6%,11330000,-599337.9151267926,298.9307689346611,705,2:38:08
22.6%,11335000,-599145.7956754682,298.76858734590843,705,2:38:07
22.7%,11340000,-600279.0193310287,301.63273235701945,705,2:38:06
22.7%,11345000,-599265.945358472,301.5038162703616,705,2:38:04
22.7%,11350000,-599441.1372603378,301.0484272472161,705,2:38:03
22.7%,11355000,-598922.2393176663,297.8591094999207,705,2:38:02
22.7%,11360000,-600522.0162892509,301.46571794827224,705,2:38:01
22.7%,11365000,-600286.2087004432,299.21745083545716,705,2:37:59
22.7%,11370000,-598087.1746404348,300.71667991327257,705,2:37:58
22.7%,11375000,-600457.4200683981,299.995559386668,705,2:37:57
22.7%,11380000,-599631.6806227933,298.95397628346757,705,2:37:56
22.7%,11385000,-599295.7768541537,298.299705678108,705,2:37:54
22.8%,11390000,-598900.7162280367,298.9479659235758,705,2:37:53
22.8%,11395000,-599112.0792614184,303.77519260365847,705,2:37:52
22.8%,11400000,-599780.4685443849,299.9548361318912,705,2:37:51
22.8%,11405000,-599815.3513876665,301.1964538251217,705,2:37:50
22.8%,11410000,-600281.0925538526,298.22095769748546,705,2:37:48
22.8%,11415000,-599009.9402469499,297.76159447718715,705,2:37:47
22.8%,11420000,-599426.0565735735,300.65618380105593,705,2:37:46
22.8%,11425000,-598558.0171422111,301.14557428873184,705,2:37:45
22.8%,11430000,-598007.3782964,296.3236710702676,705,2:37:43
22.8%,11435000,-600574.3361446648,299.70846044049165,705,2:37:42
22.9%,11440000,-599442.5185760516,298.2288079634666,705,2:37:41
22.9%,11445000,-598311.3072816026,299.57924996885953,705,2:37:40
22.9%,11450000,-598579.3543879632,297.60100747371195,705,2:37:38
22.9%,11455000,-599951.6600502832,298.92154487213327,705,2:37:37
22.9%,11460000,-600776.9741183114,301.05809288720536,705,2:37:36
22.9%,11465000,-599086.0452151066,301.51465945024796,705,2:37:35
22.9%,11470000,-598636.7140680104,298.2032210027845,705,2:37:34
22.9%,11475000,-600321.0186058315,299.14625873584134,705,2:37:32
22.9%,11480000,-599998.8208186608,297.34403392323793,705,2:37:31
22.9%,11485000,-600834.9995957725,303.4545337704131,705,2:37:30
23.0%,11490000,-600663.5645718127,299.9449006390089,705,2:37:28
23.0%,11495000,-599771.1592432112,297.7004850629408,705,2:37:27
23.0%,11500000,-599521.9710589205,296.88727110354586,705,2:37:26
23.0%,11505000,-599341.0804716111,298.2747320194558,705,2:37:25
23.0%,11510000,-598799.2644372149,301.234797468023,705,2:37:24
23.0%,11515000,-600410.6130808489,299.6346924723508,705,2:37:22
23.0%,11520000,-599289.9354624911,299.79066744456213,705,2:37:21
23.0%,11525000,-599092.3879233408,298.8642869946339,705,2:37:20
23.0%,11530000,-599052.1824125391,299.6770593765674,705,2:37:19
23.0%,11535000,-601145.552685949,299.1042598128426,705,2:37:17
23.1%,11540000,-598757.3727067886,298.3728112800568,705,2:37:16
23.1%,11545000,-599726.5593409571,300.601305535432,705,2:37:15
23.1%,11550000,-598740.3467835821,298.0575495046733,705,2:37:13
23.1%,11555000,-599454.0249570054,299.85548120306834,705,2:37:12
23.1%,11560000,-599081.0933075221,299.6501967476634,705,2:37:11
23.1%,11565000,-599873.6395538365,298.13602763240283,705,2:37:10
23.1%,11570000,-598758.7892508539,301.46522730664844,705,2:37:09
23.1%,11575000,-598474.4253086485,301.72462953316034,705,2:37:08
23.1%,11580000,-598409.6124640061,299.95841781574507,705,2:37:06
23.1%,11585000,-598155.196292846,301.76481308215085,705,2:37:05
23.2%,11590000,-600582.7424252867,298.5097738893452,705,2:37:04
23.2%,11595000,-599204.6744828476,299.39658409231265,705,2:37:03
23.2%,11600000,-599487.3491709316,299.62110169937114,705,2:37:01
23.2%,11605000,-599342.507400006,297.2907502428915,705,2:37:00
23.2%,11610000,-599273.628907213,301.4486436197634,705,2:36:59
23.2%,11615000,-600098.8011402055,300.3760274338566,705,2:36:58
23.2%,11620000,-598114.2777035357,301.50990022649694,705,2:36:57
23.2%,11625000,-599107.3442865298,300.96653916020114,705,2:36:55
23.2%,11630000,-600051.8687644601,299.93552938399404,705,2:36:54
23.2%,11635000,-598325.7486910219,300.0921176582351,705,2:36:53
23.3%,11640000,-600363.3393056872,302.00728817264104,705,2:36:51
23.3%,11645000,-599311.7929050392,299.8110536040317,705,2:36:50
23.3%,11650000,-599518.1261193505,299.06834484597925,705,2:36:49
23.3%,11655000,-599935.9704911364,299.64556018431836,705,2:36:48
23.3%,11660000,-599451.595783019,297.65912397405305,705,2:36:47
23.3%,11665000,-600126.4601556007,302.0102565544652,705,2:36:46
23.3%,11670000,-599312.3763173549,299.22088532682386,705,2:36:44
23.3%,11675000,-600364.5735242711,301.665458153328,705,2:36:43
23.3%,11680000,-598747.3605730562,302.3302775535996,705,2:36:42
23.3%,11685000,-599792.6251958096,300.23827979797005,705,2:36:40
23.4%,11690000,-599935.222184855,302.38608803830874,705,2:36:39
23.4%,11695000,-599513.5526203066,300.5425021368176,705,2:36:38
23.4%,11700000,-599355.8564429157,302.18507216503104,705,2:36:37
23.4%,11705000,-598298.3733671024,299.6345452798637,705,2:36:36
23.4%,11710000,-599041.562466362,302.8961836025097,705,2:36:34
23.4%,11715000,-597986.4454683228,298.55209172939936,705,2:36:33
23.4%,11720000,-599838.0546603273,300.50325080691226,705,2:36:32
23.4%,11725000,-599363.6016465854,299.8265333472632,705,2:36:31
23.4%,11730000,-599494.6365720322,301.717392569209,705,2:36:30
23.4%,11735000,-600130.6180674904,302.14555098223263,705,2:36:28
23.5%,11740000,-600026.5787921948,297.0374810366773,705,2:36:27
23.5%,11745000,-598937.8635840863,300.11885762673313,705,2:36:26
23.5%,11750000,-600598.2810198357,302.13377558326107,705,2:36:25
23.5%,11755000,-598690.2049183804,302.42406369999213,705,2:36:24
23.5%,11760000,-600053.0647218772,299.50217016975796,705,2:36:22
23.5%,11765000,-598761.1708333595,300.4344137870908,705,2:36:21
23.5%,11770000,-600323.0784137081,300.3806639972017,705,2:36:20
23.5%,11775000,-599534.1605745889,302.71197220484777,705,2:36:19
23.5%,11780000,-598755.7836151854,299.31854754204454,705,2:36:17
23.5%,11785000,-600835.5239894912,300.8555560248938,705,2:36:16
23.6%,11790000,-599876.6046434855,300.62618106575957,705,2:36:15
23.6%,11795000,-599194.0387393208,297.11539492653935,705,2:36:13
23.6%,11800000,-598848.1079107281,299.75023857475963,705,2:36:12
23.6%,11805000,-599738.0135956202,299.3673418515331,705,2:36:11
23.6%,11810000,-599103.7883876115,298.82211634706687,705,2:36:10
23.6%,11815000,-598679.1090363353,302.0679805415072,705,2:36:08
23.6%,11820000,-599654.8879423798,302.07744992484686,705,2:36:07
23.6%,11825000,-598442.2966082962,300.2872948961894,705,2:36:06
23.6%,11830000,-600393.6482888297,304.84618967220666,705,2:36:05
23.6%,11835000,-599330.7707291543,298.00826455356093,705,2:36:03
23.7%,11840000,-599045.3975283294,301.65692098907357,705,2:36:02
23.7%,11845000,-598655.5998997665,299.6811317020451,705,2:36:01
23.7%,11850000,-599589.812743295,301.02575960419585,705,2:35:59
23.7%,11855000,-599600.7314935988,300.7046837255702,705,2:35:58
23.7%,11860000,-600295.6536475066,299.230158453514,705,2:35:57
23.7%,11865000,-599929.3155687819,298.51548986426263,705,2:35:56
23.7%,11870000,-599913.5595839964,300.2876874094884,705,2:35:55
23.7%,11875000,-598594.2971370635,300.4321323035401,705,2:35:53
23.7%,11880000,-600188.5403106627,299.20989495445036,705,2:35:52
23.7%,11885000,-601889.4937662566,302.253197754498,705,2:35:51
23.8%,11890000,-598429.8087589196,300.6392566650343,705,2:35:50
23.8%,11895000,-599946.8620007331,300.4380200030258,705,2:35:48
23.8%,11900000,-598624.542166762,300.98587044017955,705,2:35:47
23.8%,11905000,-600695.4029244585,298.3542159625141,705,2:35:46
23.8%,11910000,-599708.5192835298,298.8546704188071,705,2:35:45
23.8%,11915000,-599370.1580754025,298.22552066458695,705,2:35:44
23.8%,11920000,-599150.9125427636,300.961632743963,705,2:35:42
23.8%,11925000,-599100.8830745392,300.8082581723579,705,2:35:41
23.8%,11930000,-600236.7488397309,300.2313126869119,705,2:35:40
23.8%,11935000,-600324.2558001783,298.6677850242953,705,2:35:39
23.9%,11940000,-599504.5317404587,300.7326502981278,705,2:35:37
23.9%,11945000,-599461.8558731158,300.6029001207094,705,2:35:36
23.9%,11950000,-599942.254051019,301.0367990407317,705,2:35:35
23.9%,11955000,-599979.1881619077,303.147024132686,705,2:35:34
23.9%,11960000,-599828.9968844475,300.4577437963033,705,2:35:32
23.9%,11965000,-598653.4945776309,300.26438193235714,705,2:35:31
23.9%,11970000,-598324.2128013358,300.7238187488991,705,2:35:30
23.9%,11975000,-598773.2466892726,297.7970678665891,705,2:35:29
23.9%,11980000,-599235.3703089235,300.7123377349017,705,2:35:27
23.9%,11985000,-600273.2585145636,302.337661710038,705,2:35:26
24.0%,11990000,-599919.2596696592,298.84824301353507,705,2:35:25
24.0%,11995000,-599290.4058200517,300.96727512263686,705,2:35:24
24.0%,12000000,-600306.1320858556,302.48051201881225,705,2:35:22
24.0%,12005000,-598136.3185141645,298.77827751797884,705,2:35:21
24.0%,12010000,-599310.463194829,300.28920839852225,705,2:35:20
24.0%,12015000,-598742.3746238039,299.92662423852175,705,2:35:19
24.0%,12020000,-600218.3091503829,301.3504171666753,705,2:35:17
24.0%,12025000,-599764.8251662874,301.19223430715687,705,2:35:16
24.0%,12030000,-599797.9192692093,300.3998726167741,705,2:35:15
24.0%,12035000,-598953.2404537657,302.0875080781351,705,2:35:14
24.1%,12040000,-599464.7970686057,304.7164149627072,705,2:35:12
24.1%,12045000,-599973.506888262,299.52473968445355,705,2:35:11
24.1%,12050000,-597984.3590412484,299.9819195495259,705,2:35:10
24.1%,12055000,-600979.8109776936,299.4238392345156,705,2:35:09
24.1%,12060000,-599524.5444769729,300.8579111046882,705,2:35:07
24.1%,12065000,-598553.9777875845,300.26254202626785,705,2:35:06
24.1%,12070000,-599226.5261083022,300.6103578733915,705,2:35:05
24.1%,12075000,-598706.9786570724,298.5216964808039,705,2:35:04
24.1%,12080000,-599282.4897182737,301.62466130230763,705,2:35:02
24.1%,12085000,-599496.2710296581,300.3619705513343,705,2:35:01
24.2%,12090000,-600874.9519154872,300.94389604926204,705,2:35:00
24.2%,12095000,-600790.8460336374,299.9443364011415,705,2:34:59
24.2%,12100000,-600252.805430688,298.95132681869893,705,2:34:57
24.2%,12105000,-599197.5771111357,299.897480126067,705,2:34:56
24.2%,12110000,-601443.0589957559,300.6445555945715,705,2:34:55
24.2%,12115000,-598968.2892497075,298.80560625642545,705,2:34:54
24.2%,12120000,-598818.5311894268,298.56313116593526,705,2:34:52
24.2%,12125000,-599190.9914357187,299.83404016410753,705,2:34:51
24.2%,12130000,-598869.3677359424,298.69101690518306,705,2:34:50
24.2%,12135000,-600348.061059624,300.8827866350157,705,2:34:48
24.3%,12140000,-598672.2697530566,300.21104918784823,705,2:34:47
24.3%,12145000,-599092.4016234926,300.0877509477831,705,2:34:46
24.3%,12150000,-598918.6952968366,298.389934672728,705,2:34:45
24.3%,12155000,-600440.2943661856,301.0520579952324,705,2:34:44
24.3%,12160000,-599211.9225909258,301.0900336569158,705,2:34:42
24.3%,12165000,-598624.6737905229,299.23506486975214,705,2:34:41
24.3%,12170000,-600070.3735904237,299.68792708853493,705,2:34:40
24.3%,12175000,-599604.4705531579,300.96202525726204,705,2:34:39
24.3%,12180000,-601129.4399543912,299.26823224352216,705,2:34:37
24.3%,12185000,-599156.9261159473,300.4376274897268,705,2:34:36
24.4%,12190000,-598877.6965952874,300.7206541104254,705,2:34:35
24.4%,12195000,-598407.4685845939,302.3195815662004,705,2:34:34
24.4%,12200000,-599277.156707528,299.94688773758537,705,2:34:32
24.4%,12205000,-598488.522906451,299.0003419169183,705,2:34:31
24.4%,12210000,-599717.5474650566,299.2309434801121,705,2:34:30
24.4%,12215000,-599880.4247803092,297.82738951894095,705,2:34:29
24.4%,12220000,-599487.5789919565,300.7329937472644,705,2:34:28
24.4%,12225000,-599981.9302385426,300.73274842645253,705,2:34:26
24.4%,12230000,-599983.5185287269,299.4063969247889,705,2:34:25
24.4%,12235000,-600380.3971898467,298.719547715608,705,2:34:24
24.5%,12240000,-600387.076239537,301.6249311552007,705,2:34:22
24.5%,12245000,-598849.266665549,300.52297460018974,705,2:34:21
24.5%,12250000,-599925.3376185247,299.56909368724655,705,2:34:20
24.5%,12255000,-598912.9325431641,300.99256769834466,705,2:34:19
24.5%,12260000,-599693.4928496294,300.41361058224095,705,2:34:18
24.5%,12265000,-599166.2058457988,301.74710091953114,705,2:34:16
24.5%,12270000,-598603.9826068627,300.68981728436853,705,2:34:15
24.5%,12275000,-600586.5951423035,301.5501573717311,705,2:34:14
24.5%,12280000,-599036.7535932898,300.61445473095034,705,2:34:13
24.5%,12285000,-598965.6756287045,297.98417404983155,705,2:34:11
24.6%,12290000,-598962.9279557602,299.30888190205536,705,2:34:10
24.6%,12295000,-599250.3655121024,302.81768094269904,705,2:34:09
24.6%,12300000,-599237.7742195791,300.01157883568555,705,2:34:08
24.6%,12305000,-599546.452952031,298.2933028049173,705,2:34:07
24.6%,12310000,-598804.8669137638,299.41252994508665,705,2:34:05
24.6%,12315000,-600599.2271938534,300.03505603738523,705,2:34:04
24.6%,12320000,-600481.22129755,301.57755970642125,705,2:34:03
24.6%,12325000,-599044.0565002626,299.50388741544134,705,2:34:02
24.6%,12330000,-599305.9118246082,299.8223383613795,705,2:34:00
24.6%,12335000,-598615.0791384233,296.74108443172963,705,2:33:59
24.7%,12340000,-600270.0287551689,299.77810701899244,705,2:33:58
24.7%,12345000,-600107.9764212295,298.97644766983836,705,2:33:57
24.7%,12350000,-599655.9177591368,299.68738738274874,705,2:33:55
24.7%,12355000,-598407.5177813075,299.8952477066787,705,2:33:54
24.7%,12360000,-601320.5191825908,298.0349063937342,705,2:33:53
24.7%,12365000,-599589.0209917035,301.2573424506373,705,2:33:52
24.7%,12370000,-598282.4153163461,301.8957162673851,705,2:33:51
24.7%,12375000,-599427.2881831755,302.4104483949313,705,2:33:49
24.7%,12380000,-597908.8333738437,301.6630540093713,705,2:33:48
24.7%,12385000,-599584.4661202687,297.47788095821517,705,2:33:47
24.8%,12390000,-599386.6099942802,298.87223538893977,705,2:33:46
24.8%,12395000,-599077.0228764578,302.1332113453936,705,2:33:44
24.8%,12400000,-598413.0696447855,300.5549153699002,705,2:33:43
24.8%,12405000,-599071.2646486373,300.84272574643103,705,2:33:42
24.8%,12410000,-599569.5181898195,298.00767578361234,705,2:33:41
24.8%,12415000,-599348.6095202123,296.794220919589,705,2:33:40
24.8%,12420000,-599149.2880074028,300.10001698837857,705,2:33:39
24.8%,12425000,-601219.2668124652,298.7155244542927,705,2:33:37
24.8%,12430000,-599334.2489698064,300.6355523207744,705,2:33:36
24.8%,12435000,-600506.4300967301,299.5745152771897,705,2:33:35
24.9%,12440000,-600434.1438926305,298.0426830634717,705,2:33:34
24.9%,12445000,-600260.6201145421,299.5885721597121,705,2:33:32
24.9%,12450000,-601475.3106942843,301.3577767910326,705,2:33:31
24.9%,12455000,-600246.8323232112,302.01408355913094,705,2:33:30
24.9%,12460000,-600538.3702814761,301.1241087176899,705,2:33:29
24.9%,12465000,-599386.3303446542,299.8440737853146,705,2:33:28
24.9%,12470000,-599283.2858965434,299.16259710191446,705,2:33:26
24.9%,12475000,-600527.9338819999,299.9370994371902,705,2:33:25
24.9%,12480000,-599231.2679407191,301.2500809546048,705,2:33:24
24.9%,12485000,-599870.2557634739,298.8646304437706,705,2:33:23
25.0%,12490000,-599557.2035674765,301.1270280353516,705,2:33:21
25.0%,12495000,-599992.6659950428,301.51176466466745,705,2:33:20
25.0%,12500000,-600326.7279478777,300.98587044017955,705,2:33:19
25.0%,12505000,-600316.0119335125,299.4985394217417,705,2:33:18
25.0%,12510000,-598924.9003022444,302.5871529757488,705,2:33:17
25.0%,12515000,-598173.2266751938,302.4879207073319,705,2:33:16
25.0%,12520000,-598509.0435426077,301.28768863507037,705,2:33:14
25.0%,12525000,-599458.9351372607,301.7079231858694,705,2:33:13
25.0%,12530000,-600426.7125499365,302.762140310883,705,2:33:12
25.0%,12535000,-599322.8014350506,301.3251000588864,705,2:33:11
25.1%,12540000,-599245.2098298823,300.0578954049739,705,2:33:10
25.1%,12545000,-600320.4844245999,301.55786044522506,705,2:33:08
25.1%,12550000,-599249.5973189496,300.1865661708198,705,2:33:07
25.1%,12555000,-600449.2535760091,299.4431459824128,705,2:33:06
25.1%,12560000,-599233.9698390872,301.94188564418636,705,2:33:05
25.1%,12565000,-598849.7794421935,302.21075725403784,705,2:33:04
25.1%,12570000,-599612.0972721698,300.63574857742395,705,2:33:02
25.1%,12575000,-600021.2519201622,299.0401820167722,705,2:33:01
25.1%,12580000,-599851.4505838435,299.6242908699259,705,2:33:00
25.1%,12585000,-598886.0611777091,299.81699036767986,705,2:32:59
25.2%,12590000,-601223.4516385067,301.4299256418148,705,2:32:57
25.2%,12595000,-600723.7464657049,303.16716497134365,705,2:32:56
25.2%,12600000,-600088.789777773,301.51954133440495,705,2:32:55
25.2%,12605000,-598843.4722968428,301.31123943301355,705,2:32:54
25.2%,12610000,-597788.8781341375,300.8638478683364,705,2:32:53
25.2%,12615000,-600260.8776761172,298.8835692104499,705,2:32:51
25.2%,12620000,-600117.8227621522,300.32801815096616,705,2:32:50
25.2%,12625000,-600499.2928823889,302.3101612470231,705,2:32:49
25.2%,12630000,-599773.7919274373,299.97323519278433,705,2:32:48
25.2%,12635000,-598936.6308753183,297.7911065708597,705,2:32:46
25.3%,12640000,-598937.5766963111,298.90537823062857,705,2:32:45
25.3%,12645000,-598654.3732243632,299.9441646765732,705,2:32:44
25.3%,12650000,-600655.7560771671,300.12710040601326,705,2:32:42
25.3%,12655000,-599829.8246315499,301.009715623097,705,2:32:41
25.3%,12660000,-600738.9146417445,301.38490927282965,705,2:32:40
25.3%,12665000,-598999.012387108,299.3599086309323,705,2:32:39
25.3%,12670000,-599045.1386273424,297.7799690059991,705,2:32:38
25.3%,12675000,-599353.320964253,298.93879092521047,705,2:32:36
25.3%,12680000,-599896.4341652966,300.6899154126934,705,2:32:35
25.3%,12685000,-599321.0415093293,299.65078551761206,705,2:32:34
25.4%,12690000,-600915.0001590261,300.2531707712529,705,2:32:33
25.4%,12695000,-599296.0802220036,300.5869788000166,705,2:32:31
25.4%,12700000,-599743.1440218859,302.89027137094274,705,2:32:30
25.4%,12705000,-599519.2086924962,301.3342259930894,705,2:32:29
25.4%,12710000,-599380.2565754666,300.9477230539278,705,2:32:28
25.4%,12715000,-600697.3682621839,299.2564077803882,705,2:32:27
25.4%,12720000,-599796.6455256585,299.8968422919561,705,2:32:25
25.4%,12725000,-599053.9575485019,301.5445640572196,705,2:32:24
25.4%,12730000,-598215.6418728209,301.5878386484402,705,2:32:23
25.4%,12735000,-598668.4315998564,298.0616463622322,705,2:32:22
25.5%,12740000,-598979.4400073113,299.3786511409621,705,2:32:20
25.5%,12745000,-598614.1150981388,302.9511845285396,705,2:32:19
25.5%,12750000,-600089.2135474845,301.1342649993029,705,2:32:18
25.5%,12755000,-600299.1322568278,302.2058263057185,705,2:32:17
25.5%,12760000,-598454.0885641901,300.0570367821322,705,2:32:15
25.5%,12765000,-600135.3105916707,299.683952891382,705,2:32:14
25.5%,12770000,-600072.2508606315,300.6751225677353,705,2:32:13
25.5%,12775000,-599018.6693385956,301.13436312762764,705,2:32:12
25.5%,12780000,-600219.7227094453,301.959327953913,705,2:32:11
25.5%,12785000,-599562.9800313832,295.79861093654023,705,2:32:09
25.6%,12790000,-598784.7893797648,300.1328654450931,705,2:32:08
25.6%,12795000,-601018.3337135166,299.57606079830475,705,2:32:07
25.6%,12800000,-599124.2526149875,300.38130183131267,705,2:32:05
25.6%,12805000,-598932.4545332855,297.7899290309625,705,2:32:04
25.6%,12810000,-600340.0749528827,299.20577356481033,705,2:32:03
25.6%,12815000,-599070.2224860587,300.5881563399138,705,2:32:02
25.6%,12820000,-600376.6211261507,300.32374956883893,705,2:32:01
25.6%,12825000,-599687.1675614025,300.642961009294,705,2:31:59
25.6%,12830000,-599227.3463642099,299.6218376618068,705,2:31:58
25.6%,12835000,-599936.3563642986,300.9181128319305,705,2:31:57
25.7%,12840000,-598848.3809495205,299.9559891397072,705,2:31:56
25.7%,12845000,-599397.9715699651,299.5464505763074,705,2:31:54
25.7%,12850000,-599259.350372701,298.3614774585466,705,2:31:53
25.7%,12855000,-599628.3732079384,301.07987737530283,705,2:31:52
25.7%,12860000,-599813.6795961065,305.31960977502735,705,2:31:51
25.7%,12865000,-600729.3767264839,301.37659289730595,705,2:31:50
25.7%,12870000,-599375.4562779879,301.0461702957466,705,2:31:48
25.7%,12875000,-599109.9791548532,299.6492154644158,705,2:31:47
25.7%,12880000,-599905.3680923646,298.7680967042847,705,2:31:46
25.7%,12885000,-598388.2117399815,302.4314233243494,705,2:31:45
25.8%,12890000,-598615.419403695,301.10303565994695,705,2:31:43
25.8%,12895000,-599730.8429450886,298.31035260134485,705,2:31:42
25.8%,12900000,-599216.6114823157,299.8081833505324,705,2:31:41
25.8%,12905000,-598985.425581981,301.62758061996936,705,2:31:40
25.8%,12910000,-598926.8510015123,301.1993486107022,705,2:31:39
25.8%,12915000,-597793.3456686628,301.1674323730729,705,2:31:37
25.8%,12920000,-598992.3777092211,299.9564552492498,705,2:31:36
25.8%,12925000,-599698.244507208,302.50641789654975,705,2:31:35
25.8%,12930000,-598540.6444513928,301.416187676348,705,2:31:34
25.8%,12935000,-600274.5498242746,299.5878607293575,705,2:31:32
25.9%,12940000,-599677.5233453647,298.85072075373535,705,2:31:31
25.9%,12945000,-600358.5061389427,299.2871464781203,705,2:31:30
25.9%,12950000,-598341.280918797,298.7262695058543,705,2:31:29
25.9%,12955000,-599652.2788571189,299.2370274362474,705,2:31:28
25.9%,12960000,-600354.741127634,302.62088458738623,705,2:31:26
25.9%,12965000,-599990.2559756637,298.73890352766756,705,2:31:25
25.9%,12970000,-598233.0433083964,301.61776778749305,705,2:31:24
25.9%,12975000,-598646.8535504173,299.59553927077025,705,2:31:22
25.9%,12980000,-599366.511661693,300.05978437522555,705,2:31:21
25.9%,12985000,-601128.3185259639,298.70031456395435,705,2:31:20
26.0%,12990000,-600802.0345751443,298.78828660710474,705,2:31:19
26.0%,12995000,-599655.8605096554,301.64924244766087,705,2:31:17
26.0%,13000000,-599524.2191563928,301.31273588996623,705,2:31:16
26.0%,13005000,-599359.2443544632,301.44236340697853,705,2:31:15
26.0%,13010000,-599851.5008937004,304.0475477690391,705,2:31:14
26.0%,13015000,-599002.1408096538,299.7812961895472,705,2:31:13
26.0%,13020000,-600606.2457594783,301.6678622972847,705,2:31:11
26.0%,13025000,-601367.3437481499,299.58938171839134,705,2:31:10
26.0%,13030000,-599191.9951600102,301.55540723710595,705,2:31:09
26.0%,13035000,-599164.9938549739,301.9218184017722,705,2:31:07
26.1%,13040000,-600338.0961874621,300.31001160337206,705,2:31:06
26.1%,13045000,-598502.9833592358,296.7208699968284,705,2:31:05
26.1%,13050000,-598268.5911244578,299.77746918488145,705,2:31:04
26.1%,13055000,-599742.5472487998,300.8888460590698,705,2:31:03
26.1%,13060000,-600019.6399560897,298.79329115166763,705,2:31:01
26.1%,13065000,-600258.600175764,301.8099766436232,705,2:31:00
26.1%,13070000,-599835.8380235466,300.3297108645683,705,2:30:59
26.1%,13075000,-599860.5448203972,302.15798874739636,705,2:30:58
26.1%,13080000,-599490.9883617023,299.3951366995223,705,2:30:56
26.1%,13085000,-599687.8484879918,300.5066362341166,705,2:30:55
26.2%,13090000,-599633.3131723315,301.1869353776196,705,2:30:54
26.2%,13095000,-599923.3108520536,301.2985563470379,705,2:30:53
26.2%,13100000,-600296.3700712193,297.3798016976142,705,2:30:51
26.2%,13105000,-599891.7802352495,298.08352897865444,705,2:30:50
26.2%,13110000,-600274.1940337112,296.300831702679,705,2:30:49
26.2%,13115000,-600609.0079242722,298.41853907939645,705,2:30:48
26.2%,13120000,-599356.671341863,301.82182563883833,705,2:30:47
26.2%,13125000,-599543.9977691337,300.2672521858565,705,2:30:45
26.2%,13130000,-598989.6438166667,301.92785329374516,705,2:30:44
26.2%,13135000,-599086.8380606519,301.44587149458886,705,2:30:43
26.3%,13140000,-599998.4759361479,298.33640567156954,705,2:30:42
26.3%,13145000,-600440.5396888792,299.8928190306408,705,2:30:40
26.3%,13150000,-599356.3327243114,302.61995236830097,705,2:30:39
26.3%,13155000,-599816.8131588423,300.07484707307674,705,2:30:38
26.3%,13160000,-599262.4975649319,299.7366968659423,705,2:30:37
26.3%,13165000,-601224.9974839822,298.4374287819134,705,2:30:36
26.3%,13170000,-598555.3889676584,302.3159017540218,705,2:30:34
26.3%,13175000,-599643.5507512973,301.4514402770192,705,2:30:33
26.3%,13180000,-599530.4748751158,297.1043064258411,705,2:30:32
26.3%,13185000,-599956.4002535883,298.6591497317161,705,2:30:31
26.4%,13190000,-599177.9485141523,300.3535069833234,705,2:30:29
26.4%,13195000,-598435.2574332305,297.3410410093327,705,2:30:28
26.4%,13200000,-597983.3343421551,302.2464514321705,705,2:30:27
26.4%,13205000,-599350.2858543242,301.9687482730903,705,2:30:26
26.4%,13210000,-599868.2397805699,298.1477294351308,705,2:30:25
26.4%,13215000,-599706.5124093345,300.83460562755687,705,2:30:24
26.4%,13220000,-599396.7958483296,301.43917423642375,705,2:30:22
26.4%,13225000,-598955.0755427047,301.3756116140583,705,2:30:21
26.4%,13230000,-600959.1526860455,301.8726561110658,705,2:30:20
26.4%,13235000,-598583.2160689146,301.044551178388,705,2:30:19
26.5%,13240000,-599843.1783438874,298.9948957948939,705,2:30:17
26.5%,13245000,-598233.7105066883,302.3861616345523,705,2:30:16
26.5%,13250000,-599607.5322549157,301.8589672097613,705,2:30:15
26.5%,13255000,-599701.1347369547,301.07286120008223,705,2:30:14
26.5%,13260000,-599620.6675090618,301.5165238884185,705,2:30:13
26.5%,13265000,-601145.4222737863,298.92154487213327,705,2:30:11
26.5%,13270000,-600259.64646105,296.8613897578895,705,2:30:10
26.5%,13275000,-599460.4726702669,302.6255211507313,705,2:30:09
26.5%,13280000,-599896.0080230338,302.62831780798706,705,2:30:08
26.5%,13285000,-599622.1294637639,302.2683095165116,705,2:30:06
26.6%,13290000,-598352.1677666004,300.44582120484455,705,2:30:05
26.6%,13295000,-600690.8619974768,299.74631344176913,705,2:30:04
26.6%,13300000,-599319.9801769615,296.92679228634427,705,2:30:03
26.6%,13305000,-599954.5227473858,298.14485918163155,705,2:30:01
26.6%,13310000,-599583.5949930511,299.96175417878703,705,2:30:00
26.6%,13315000,-599982.3914588247,298.78271782467436,705,2:29:59
26.6%,13320000,-600479.931450176,298.86759882559465,705,2:29:58
26.6%,13325000,-599860.562780811,299.94715759047847,705,2:29:56
26.6%,13330000,-599965.6548798303,301.2587653113464,705,2:29:55
26.6%,13335000,-600512.4588665529,298.7020072775565,705,2:29:54
26.7%,13340000,-599404.5457444726,299.0277933157708,705,2:29:53
26.7%,13345000,-599066.5992760211,297.55142813762524,705,2:29:51
26.7%,13350000,-599185.0116398023,301.0138370127371,705,2:29:50
26.7%,13355000,-600680.4832508173,302.383414041459,705,2:29:49
26.7%,13360000,-599148.4393430986,302.96099736101587,705,2:29:48
26.7%,13365000,-599013.2886065985,302.5165251140004,705,2:29:46
26.7%,13370000,-600148.4260642291,301.64926697974204,705,2:29:45
26.7%,13375000,-598473.0108816912,299.78056022711155,705,2:29:44
26.7%,13380000,-598236.6806665771,303.02404480967635,705,2:29:43
26.7%,13385000,-599333.8109401092,300.0508792297533,705,2:29:41
26.8%,13390000,-598836.6364752897,302.77121718092366,705,2:29:40
26.8%,13395000,-598259.0618654164,299.41167132224496,705,2:29:39
26.8%,13400000,-599521.1851277626,298.5299883242464,705,2:29:38
26.8%,13405000,-598851.4205144066,299.24227730162227,705,2:29:36
26.8%,13410000,-598999.683625129,301.16110309612566,705,2:29:35
26.8%,13415000,-599889.9397784639,300.958934215032,705,2:29:34
26.8%,13420000,-599211.5046638325,300.3855213492775,705,2:29:33
26.8%,13425000,-601073.1109916442,299.78181136325225,705,2:29:31
26.8%,13430000,-600221.8954335256,301.19809747456145,705,2:29:30
26.8%,13435000,-598640.7642026977,299.52331682374444,705,2:29:29
26.9%,13440000,-599577.6520480639,299.8986576659642,705,2:29:28
26.9%,13445000,-598458.0070150369,297.68242945118436,705,2:29:27
26.9%,13450000,-598442.8704799972,298.9919028809886,705,2:29:25
26.9%,13455000,-599042.0670484719,301.62485755895716,705,2:29:24
26.9%,13460000,-598995.3588338261,300.4703532860354,705,2:29:23
26.9%,13465000,-599662.9605594301,299.6444562406648,705,2:29:22
26.9%,13470000,-600392.3925911183,298.42690451908254,705,2:29:20
26.9%,13475000,-599425.4901838372,302.5646570572968,705,2:29:19
26.9%,13480000,-598825.1635053246,301.6975215834444,705,2:29:18
26.9%,13485000,-599612.4481216152,298.3022570145519,705,2:29:17
27.0%,13490000,-600928.3523441157,299.6266950138826,705,2:29:15
27.0%,13495000,-599926.6952530728,299.9466424167735,705,2:29:14
27.0%,13500000,-599722.8661803976,302.328658436241,705,2:29:13
27.0%,13505000,-598829.7549560047,301.6143578282075,705,2:29:12
27.0%,13510000,-600252.9978667647,301.7314739838126,705,2:29:11
27.0%,13515000,-599254.3218972455,301.26465301083215,705,2:29:09
27.0%,13520000,-599592.327782732,297.99489456931195,705,2:29:08
27.0%,13525000,-600472.3604386244,301.0475686243745,705,2:29:07
27.0%,13530000,-598081.8255030788,302.02745354338,705,2:29:06
27.0%,13535000,-600347.1618297175,299.28363839051,705,2:29:04
27.1%,13540000,-599090.2360699764,298.92895356065293,705,2:29:03
27.1%,13545000,-599684.6598861516,301.38392798958205,705,2:29:02
27.1%,13550000,-601339.6606865465,300.85150823149735,705,2:29:01
27.1%,13555000,-600370.0467970232,300.58386322570533,705,2:29:00
27.1%,13560000,-600200.3046420217,299.09778334340825,705,2:28:58
27.1%,13565000,-600205.9083120674,298.73949229761615,705,2:28:57
27.1%,13570000,-600390.975860754,303.4322586406918,705,2:28:56
27.1%,13575000,-599651.2219465626,300.8395611079574,705,2:28:55
27.1%,13580000,-599789.3934364016,297.9596910328031,705,2:28:53
27.1%,13585000,-600010.118226218,300.22277552265746,705,2:28:52
27.2%,13590000,-599613.737205151,299.69621893197746,705,2:28:51
27.2%,13595000,-599977.8738853522,300.5879846153454,705,2:28:50
27.2%,13600000,-598711.4453620608,299.1696623412974,705,2:28:48
27.2%,13605000,-599756.472383738,299.0719755939955,705,2:28:47
27.2%,13610000,-600657.653108241,298.689986557773,705,2:28:46
27.2%,13615000,-599283.6188793359,299.8536658290602,705,2:28:45
27.2%,13620000,-600725.0833669989,300.4003387263167,705,2:28:44
27.2%,13625000,-598236.3244901826,297.4875465982043,705,2:28:42
27.2%,13630000,-598775.0024063154,300.1370113668143,705,2:28:41
27.2%,13635000,-599471.6834084396,301.2964956522179,705,2:28:40
27.3%,13640000,-599810.0587179358,301.23568062294584,705,2:28:39
27.3%,13645000,-598980.8221131093,298.71194277043884,705,2:28:37
27.3%,13650000,-599189.4309095354,299.4058081548404,705,2:28:36
27.3%,13655000,-598688.1479739505,299.27333491640985,705,2:28:35
27.3%,13660000,-599832.9253722308,300.45062949275797,705,2:28:34
27.3%,13665000,-598723.6565840826,300.1058065595396,705,2:28:33
27.3%,13670000,-600743.4261030038,299.29821044673736,705,2:28:32
27.3%,13675000,-600792.3299535131,299.8245462486867,705,2:28:30
27.3%,13680000,-600294.2072601141,299.5173309959339,705,2:28:29
27.3%,13685000,-598929.687421998,300.62127464952135,705,2:28:28
27.4%,13690000,-598513.5962402388,301.5234909994767,705,2:28:27
27.4%,13695000,-599865.0282501448,300.10050763000237,705,2:28:25
27.4%,13700000,-599808.2671810398,300.65905405455527,705,2:28:24
27.4%,13705000,-598840.6017967374,299.2492934768428,705,2:28:23
27.4%,13710000,-600299.6896430296,298.16507361653277,705,2:28:22
27.4%,13715000,-600546.4405568298,298.58731979798944,705,2:28:21
27.4%,13720000,-599626.7823697366,299.7820076199018,705,2:28:19
27.4%,13725000,-600232.7557272147,302.1361306630553,705,2:28:18
27.4%,13730000,-599977.1298705279,299.54372751529525,705,2:28:17
27.4%,13735000,-600131.1374983941,300.1683143024138,705,2:28:15
27.5%,13740000,-599939.7369742892,299.1374026545314,705,2:28:14
27.5%,13745000,-598425.0554050845,300.90741684453127,705,2:28:13
27.5%,13750000,-597818.550494439,301.9513059633636,705,2:28:12
27.5%,13755000,-600215.9319566456,299.3913342269378,705,2:28:11
27.5%,13760000,-600051.704092042,300.96334998964636,705,2:28:10
27.5%,13765000,-599173.3224041192,299.373499403912,705,2:28:08
27.5%,13770000,-599708.670260299,298.43885164262247,705,2:28:07
27.5%,13775000,-598945.9765544985,299.4537683735684,705,2:28:06
27.5%,13780000,-599656.0410323455,301.4217809908595,705,2:28:05
27.5%,13785000,-598822.6608529855,301.78765244973954,705,2:28:03
27.6%,13790000,-598470.5981019516,301.3149192451922,705,2:28:02
27.6%,13795000,-599463.527435034,296.50292698752907,705,2:28:01
27.6%,13800000,-599557.7009338532,298.73537090797606,705,2:28:00
27.6%,13805000,-599852.153782608,300.06066753014846,705,2:27:59
27.6%,13810000,-598826.4549207687,300.120133294955,705,2:27:57
27.6%,13815000,-599609.2249375335,299.97642436333916,705,2:27:56
27.6%,13820000,-599441.4525183327,299.893358736427,705,2:27:55
27.6%,13825000,-597911.6858437881,301.4309314571437,705,2:27:54
27.6%,13830000,-599347.1456216793,300.4026447419487,705,2:27:52
27.6%,13835000,-599661.1470920611,297.2009873578142,705,2:27:51
27.7%,13840000,-599265.523022525,300.95633381442576,705,2:27:50
27.7%,13845000,-598398.492384952,300.47719773668763,705,2:27:49
27.7%,13850000,-599821.4994064993,303.46576946359846,705,2:27:47
27.7%,13855000,-599119.1635901453,302.3196796945252,705,2:27:46
27.7%,13860000,-600638.8289446575,299.39138329110017,705,2:27:45
27.7%,13865000,-599594.3206325765,299.41817232376053,705,2:27:44
27.7%,13870000,-599072.0520242089,301.0744312532784,705,2:27:42
27.7%,13875000,-598558.7737706467,300.94840995220113,705,2:27:41
27.7%,13880000,-599210.6812758385,301.0098628155842,705,2:27:40
27.7%,13885000,-599396.2341808099,302.1110343439971,705,2:27:39
27.8%,13890000,-599340.1567316349,303.3779936770977,705,2:27:37
27.8%,13895000,-599964.4689227822,299.4279606241557,705,2:27:36
27.8%,13900000,-598778.6183708706,302.2823173348715,705,2:27:35
27.8%,13905000,-599931.3227700568,298.67853007585694,705,2:27:34
27.8%,13910000,-600332.5006003822,300.8064918625122,705,2:27:33
27.8%,13915000,-598912.3889708649,299.90984429498724,705,2:27:31
27.8%,13920000,-600315.5198420384,301.0169771191295,705,2:27:30
27.8%,13925000,-600530.7703082808,301.3684237142694,705,2:27:29
27.8%,13930000,-598436.6600961867,298.8482675456163,705,2:27:28
27.8%,13935000,-598608.6298302128,299.58040297667554,705,2:27:26
27.9%,13940000,-598810.1796307894,299.8089683771305,705,2:27:25
27.9%,13945000,-599605.9838229744,303.95960025796995,705,2:27:24
27.9%,13950000,-598845.0043357494,301.33758688821257,705,2:27:23
27.9%,13955000,-599986.8029683582,301.3331956456793,705,2:27:22
27.9%,13960000,-598748.6238669418,301.99575809448135,705,2:27:20
27.9%,13965000,-599531.4368040464,300.9716908972512,705,2:27:19
27.9%,13970000,-600499.3575014551,300.2620023204816,705,2:27:18
27.9%,13975000,-599528.1183051001,302.0026270772148,705,2:27:17
27.9%,13980000,-599884.3985701781,300.8792540153242,705,2:27:15
27.9%,13985000,-599010.25897553,298.012385943201,705,2:27:14
28.0%,13990000,-599200.3130721035,299.39938074956837,705,2:27:13
28.0%,13995000,-598489.9200373464,300.1486886374612,705,2:27:12
28.0%,14000000,-598725.009426353,299.1639708984611,705,2:27:10
28.0%,14005000,-598424.952219551,299.0564222545205,705,2:27:09
28.0%,14010000,-601025.7557233917,300.2116379577969,705,2:27:08
28.0%,14015000,-599893.9338408853,302.9793473577467,705,2:27:07
28.0%,14020000,-599516.8234334122,302.5968922119815,705,2:27:06
28.0%,14025000,-599528.1465997864,297.96160453513596,705,2:27:04
28.0%,14030000,-598419.6707816618,299.65566740176894,705,2:27:03
28.0%,14035000,-599614.2608681205,300.77538518356215,705,2:27:02
28.1%,14040000,-599856.950873652,300.81578952128353,705,2:27:00
28.1%,14045000,-599079.351271844,299.60309515177704,705,2:26:59
28.1%,14050000,-600415.9848027322,299.3827970626833,705,2:26:58
28.1%,14055000,-599429.3470079252,300.3179599976779,705,2:26:57
28.1%,14060000,-600509.2754189544,299.49932444833985,705,2:26:56
28.1%,14065000,-600039.3372025178,300.2376419638591,705,2:26:54
28.1%,14070000,-598544.8834218569,300.5766753259164,705,2:26:53
28.1%,14075000,-600627.4077291237,300.20405754470886,705,2:26:52
28.1%,14080000,-600254.1384447617,301.2176986074329,705,2:26:50
28.1%,14085000,-598781.2750156391,299.4346578823208,705,2:26:49
28.2%,14090000,-599196.3446290041,302.7076790906394,705,2:26:48
28.2%,14095000,-599786.1637420459,297.896937969117,705,2:26:47
28.2%,14100000,-598592.1781789223,300.5130391073074,705,2:26:45
28.2%,14105000,-600604.6646927497,301.28113856939245,705,2:26:44
28.2%,14110000,-599379.313722692,300.0201405320212,705,2:26:43
28.2%,14115000,-600454.4914344302,298.7628223068286,705,2:26:42
28.2%,14120000,-598787.6787568736,299.05902265512674,705,2:26:41
28.2%,14125000,-599402.4922233783,300.56995353567015,705,2:26:39
28.2%,14130000,-599834.3968531787,301.4063257797092,705,2:26:38
28.2%,14135000,-598981.6328857532,300.5127692544143,705,2:26:37
28.3%,14140000,-600509.8317734147,301.2789797462476,705,2:26:36
28.3%,14145000,-600114.4710848802,304.2805780082709,705,2:26:34
28.3%,14150000,-599455.7700187778,301.31675915128153,705,2:26:33
28.3%,14155000,-599202.064744391,301.89262522515514,705,2:26:32
28.3%,14160000,-599217.3459741613,297.01150156269625,705,2:26:31
28.3%,14165000,-599560.79752238,299.8860727083133,705,2:26:30
28.3%,14170000,-600063.2257892098,300.26035867104184,705,2:26:28
28.3%,14175000,-600806.5475040828,300.1028627097967,705,2:26:27
28.3%,14180000,-598972.8118297751,301.6694323504809,705,2:26:26
28.3%,14185000,-598348.4842368052,299.0651802075056,705,2:26:25
28.4%,14190000,-601184.3647431708,301.02127023333793,705,2:26:23
28.4%,14195000,-600471.7745505269,302.3021392564737,705,2:26:22
28.4%,14200000,-599609.8028879077,301.20773858246946,705,2:26:21
28.4%,14205000,-597992.0556920134,302.25172582962654,705,2:26:20
28.4%,14210000,-598610.7445043745,300.60530426466613,705,2:26:19
28.4%,14215000,-598894.1688470566,297.55981810939255,705,2:26:17
28.4%,14220000,-598966.3228448252,301.61482393775015,705,2:26:16
28.4%,14225000,-598980.2068248428,298.6684719225687,705,2:26:15
28.4%,14230000,-598518.2050987268,300.27883132817857,705,2:26:14
28.4%,14235000,-599707.6445553433,300.4199889233506,705,2:26:12
28.5%,14240000,-600314.6658248585,300.84974192165157,705,2:26:11
28.5%,14245000,-599623.5660374132,302.06165126456,705,2:26:10
28.5%,14250000,-600315.6701290151,301.4984928087432,705,2:26:09
28.5%,14255000,-599337.9267242984,298.3932955678511,705,2:26:08
28.5%,14260000,-599870.1312700612,299.7356665185323,705,2:26:06
28.5%,14265000,-598645.8972857394,301.86129775747446,705,2:26:05
28.5%,14270000,-599541.6161885546,297.8932090927759,705,2:26:04
28.5%,14275000,-599102.0008156518,302.7442809557761,705,2:26:03
28.5%,14280000,-599496.1963870479,302.75316156916716,705,2:26:01
28.5%,14285000,-598179.5769435368,302.8206002603608,705,2:26:00
28.6%,14290000,-599043.8341037896,302.34131699013545,705,2:25:59
28.6%,14295000,-600315.2209209348,299.07621964404154,705,2:25:58
28.6%,14300000,-599706.3925926536,300.8987324877897,705,2:25:56
28.6%,14305000,-598975.9623242049,303.8169216737641,705,2:25:55
28.6%,14310000,-600356.8962541413,298.14358351340957,705,2:25:54
28.6%,14315000,-598786.9803217165,299.36979505965223,705,2:25:53
28.6%,14320000,-598864.4846940245,301.1786435341771,705,2:25:51
28.6%,14325000,-598913.2904837122,300.44717046931004,705,2:25:50
28.6%,14330000,-599507.1086177933,300.80899413479364,705,2:25:49
28.6%,14335000,-598911.1793308766,304.6106816927747,705,2:25:48
28.7%,14340000,-600408.2311889543,300.3281408113721,705,2:25:46
28.7%,14345000,-598778.6880749012,301.28364084167384,705,2:25:45
28.7%,14350000,-599087.2955417302,299.898633133883,705,2:25:44
28.7%,14355000,-599665.3204488079,300.35075939023005,705,2:25:43
28.7%,14360000,-598755.5408697086,300.32276828559134,705,2:25:41
28.7%,14365000,-599362.2125995783,301.6713213207326,705,2:25:40
28.7%,14370000,-598758.4972673357,299.99070203459223,705,2:25:39
28.7%,14375000,-599373.7447659988,297.22907659077777,705,2:25:38
28.7%,14380000,-599121.2170096906,302.9326382751593,705,2:25:36
28.7%,14385000,-599020.8408129895,300.59060954803283,705,2:25:35
28.8%,14390000,-599692.2317437571,298.9982321579359,705,2:25:34
28.8%,14395000,-599137.1775047448,301.2447574929864,705,2:25:33
28.8%,14400000,-598863.9553700914,299.5907309828569,705,2:25:31
28.8%,14405000,-598442.2387317638,301.24770134272933,705,2:25:30
28.8%,14410000,-600094.7851579092,299.1484666231485,705,2:25:29
28.8%,14415000,-598093.4746355056,301.194442194464,705,2:25:28
28.8%,14420000,-598164.115619123,300.028726760438,705,2:25:27
28.8%,14425000,-599627.883016068,301.61207634465677,705,2:25:25
28.8%,14430000,-599546.5997050693,301.86603244914426,705,2:25:24
28.8%,14435000,-601032.4664073912,299.99676145864635,705,2:25:23
28.9%,14440000,-599215.9096003249,300.4440303629176,705,2:25:22
28.9%,14445000,-598522.4987386959,303.01467355466144,705,2:25:20
28.9%,14450000,-600217.0769698429,298.6810814123008,706,2:25:19
28.9%,14455000,-600689.5805431497,300.5140694547174,705,2:25:18
28.9%,14460000,-600206.0140940798,299.04685474285606,705,2:25:17
28.9%,14465000,-599620.2327875718,302.2084757704871,705,2:25:16
28.9%,14470000,-598852.5703133801,298.28292573457355,705,2:25:14
28.9%,14475000,-600549.633551891,301.26470207499455,706,2:25:13
28.9%,14480000,-600159.2697368637,300.77607208183554,706,2:25:12
28.9%,14485000,-598970.7668517595,299.61756907967964,706,2:25:10
29.0%,14490000,-599227.9214599058,300.97402144496436,706,2:25:09
29.0%,14495000,-599517.1264102804,300.64374603589215,706,2:25:08
29.0%,14500000,-597953.7323903898,297.6681763120124,706,2:25:07
29.0%,14505000,-599575.5411989912,303.0948934601555,706,2:25:06
29.0%,14510000,-599594.5040994235,300.2823394157888,706,2:25:04
29.0%,14515000,-597913.6320693167,302.58614716041996,706,2:25:03
29.0%,14520000,-601001.986225897,299.394964974954,706,2:25:02
29.0%,14525000,-598666.7222030316,297.41034413869676,706,2:25:01
29.0%,14530000,-600086.4884483595,302.1951548504005,706,2:24:59
29.0%,14535000,-599850.8316511479,301.08338546291316,706,2:24:58
29.1%,14540000,-600598.3866356574,297.96604484183155,706,2:24:57
29.1%,14545000,-599734.4941098443,299.69516405248623,706,2:24:56
29.1%,14550000,-600375.5160307037,301.3672461743722,706,2:24:54
29.1%,14555000,-598615.827619839,300.65503079324,706,2:24:53
29.1%,14560000,-599103.512798979,299.4891681667268,706,2:24:52
29.1%,14565000,-600854.7979317084,301.45148934118157,706,2:24:51
29.1%,14570000,-598822.0469982065,299.9633978282268,706,2:24:50
29.1%,14575000,-600409.5314231631,299.18217370270474,706,2:24:48
29.1%,14580000,-600037.5024430291,299.87800165360153,706,2:24:47
29.1%,14585000,-599396.1574672661,299.89124897744455,706,2:24:46
29.2%,14590000,-600085.0906397742,300.28010699640043,706,2:24:45
29.2%,14595000,-600066.5387365874,300.34438104912044,706,2:24:43
29.2%,14600000,-599621.26633259,300.36844702076866,706,2:24:42
29.2%,14605000,-599252.2369065112,301.4422652786538,705,2:24:42
29.2%,14610000,-600332.2793079643,301.63616684838615,705,2:24:40
29.2%,14615000,-600305.8309666449,300.9308204499873,705,2:24:39
29.2%,14620000,-599773.812771122,299.21048372439896,705,2:24:38
29.2%,14625000,-598756.6398103419,301.48252242388793,705,2:24:37
29.2%,14630000,-599404.1706692763,303.4666526185213,705,2:24:35
29.2%,14635000,-598639.0237758071,297.8023177319639,705,2:24:34
29.3%,14640000,-600180.7783231698,299.65311606532515,705,2:24:33
29.3%,14645000,-600325.1721797637,301.44167650870526,705,2:24:32
29.3%,14650000,-599866.2114168201,299.6867986128002,705,2:24:30
29.3%,14655000,-599288.9640671792,299.81927185123067,705,2:24:30
29.3%,14660000,-598543.675569694,299.79366035846743,705,2:24:28
29.3%,14665000,-598331.6884661261,300.3182543826522,705,2:24:27
29.3%,14670000,-600000.2206931282,299.27976232168186,705,2:24:26
29.3%,14675000,-598944.8259545369,300.7688596499654,705,2:24:25
29.3%,14680000,-599019.3542241217,302.85997425067205,705,2:24:23
29.3%,14685000,-599632.3556434074,300.08088196504974,705,2:24:22
29.4%,14690000,-598806.7520832191,299.111374116388,705,2:24:21
29.4%,14695000,-600936.7242337433,301.7171717804783,705,2:24:20
29.4%,14700000,-598733.637978327,297.7107394728785,705,2:24:18
29.4%,14705000,-599844.338959612,299.7051731416121,705,2:24:17
29.4%,14710000,-598543.9372443012,301.3323860870001,705,2:24:16
29.4%,14715000,-598103.5800833162,301.331478399996,705,2:24:15
29.4%,14720000,-599652.6841347972,299.01982038938377,705,2:24:13
29.4%,14725000,-599772.0250021606,299.89718574109276,705,2:24:12
29.4%,14730000,-598830.918032669,299.81954170412376,705,2:24:11
29.4%,14735000,-597880.777643506,302.1032576742596,705,2:24:10
29.5%,14740000,-599837.3304836797,301.34143842495945,705,2:24:08
29.5%,14745000,-599731.2868419164,303.0515207406101,705,2:24:07
29.5%,14750000,-598976.1922400943,303.597089694213,705,2:24:06
29.5%,14755000,-598017.446461047,302.5855583904714,705,2:24:05
29.5%,14760000,-598222.7665060512,302.2822437386279,705,2:24:03
29.5%,14765000,-599672.9362462955,302.9567287788887,705,2:24:02
29.5%,14770000,-599941.1665289416,299.410518314429,705,2:24:01
29.5%,14775000,-598861.2992594624,299.25709467866153,705,2:24:00
29.5%,14780000,-599945.7288327613,300.25307264292815,705,2:23:58
29.5%,14785000,-598409.1499304795,299.4880151589108,705,2:23:57
29.6%,14790000,-599487.1954219132,300.36736760919626,705,2:23:56
29.6%,14795000,-599227.0914760213,301.1174850557683,705,2:23:55
29.6%,14800000,-600546.1226166445,300.40436198763206,705,2:23:53
29.6%,14805000,-599686.4326420096,299.00227995133235,705,2:23:52
29.6%,14810000,-599781.1977557633,300.75418946541333,705,2:23:51
29.6%,14815000,-599417.6343929251,301.8525643365705,705,2:23:50
29.6%,14820000,-599879.578859014,299.3291208690378,705,2:23:49
29.6%,14825000,-599432.2240934684,302.23033385482813,705,2:23:47
29.6%,14830000,-599044.7281898512,300.3254668145223,705,2:23:46
29.6%,14835000,-600608.8343175575,298.0394938929169,705,2:23:45
29.7%,14840000,-599788.2788776099,302.6087412071967,705,2:23:44
29.7%,14845000,-599989.8424748289,301.32389798690804,706,2:23:42
29.7%,14850000,-599181.7035981738,298.88636586770565,706,2:23:41
29.7%,14855000,-599967.0313108964,298.95726358234714,705,2:23:40
29.7%,14860000,-600673.2940885844,301.01290479365184,705,2:23:39
29.7%,14865000,-598498.2408460942,298.780877918585,705,2:23:37
29.7%,14870000,-600582.5488738967,299.88663694618066,706,2:23:36
29.7%,14875000,-598468.6162421457,301.7858125436502,705,2:23:35
29.7%,14880000,-600022.8557704575,300.11709131688735,706,2:23:34
29.7%,14885000,-600121.816193956,301.46554622370394,706,2:23:32
29.8%,14890000,-599042.087840497,300.9841531944962,706,2:23:31
29.8%,14895000,-599353.8912920197,301.3555689037254,706,2:23:30
29.8%,14900000,-600586.7986168503,301.1656415311459,706,2:23:29
29.8%,14905000,-600574.1774020051,300.4646618431991,706,2:23:27
29.8%,14910000,-599765.526790943,299.8287412345703,706,2:23:26
29.8%,14915000,-599947.1275377022,297.94651730520366,706,2:23:25
29.8%,14920000,-599872.5867732009,299.5203239098392,706,2:23:24
29.8%,14925000,-599845.1953336196,296.82572011183805,706,2:23:23
29.8%,14930000,-599670.7488538232,298.2472070243597,706,2:23:21
29.8%,14935000,-598944.8260236192,297.98576863510897,706,2:23:20
29.9%,14940000,-599660.6684875325,301.3784818675577,706,2:23:19
29.9%,14945000,-599788.1330933436,300.9066072858519,706,2:23:18
29.9%,14950000,-599392.5724603832,298.4790842557755,706,2:23:16
29.9%,14955000,-599394.7405152833,298.4936563120028,706,2:23:15
29.9%,14960000,-601271.4856297188,298.90653123844453,706,2:23:14
29.9%,14965000,-598911.4837002945,297.28437190178187,706,2:23:13
29.9%,14970000,-599698.380576706,302.4544098844252,706,2:23:11
29.9%,14975000,-598888.2996580102,297.9596910328031,706,2:23:10
29.9%,14980000,-599324.9854409783,302.97861139531096,706,2:23:09
29.9%,14985000,-598112.2365271063,298.0613519772579,706,2:23:08
30.0%,14990000,-599822.8156764419,299.3914323552625,706,2:23:07
30.0%,14995000,-599790.1033165632,301.48190912185817,706,2:23:05
30.0%,15000000,-599366.5356172938,302.72480248331055,706,2:23:04
30.0%,15005000,-599008.7932356009,300.1607093572447,706,2:23:03
30.0%,15010000,-600424.6033648346,301.97740809775064,706,2:23:02
30.0%,15015000,-600274.78204596,304.1021807138511,706,2:23:01
30.0%,15020000,-598424.0048288517,300.8916917804879,706,2:22:59
30.0%,15025000,-599625.4267835785,298.88096880984364,706,2:22:58
30.0%,15030000,-598392.3733933815,299.45097171631267,706,2:22:57
30.0%,15035000,-600621.2045340501,301.2271189266102,706,2:22:56
30.0%,15040000,-600019.2019647523,302.87739202831756,706,2:22:54
30.1%,15045000,-598952.120035415,297.57360513902177,706,2:22:53
30.1%,15050000,-600091.3389531141,300.38046774055215,706,2:22:52
30.1%,15055000,-599658.2020084406,300.1654440489145,706,2:22:51
30.1%,15060000,-599965.1863446101,302.07379464474946,706,2:22:50
30.1%,15065000,-599247.3243617355,301.090180849403,706,2:22:48
30.1%,15070000,-598375.3202483966,299.2764259586399,706,2:22:47
30.1%,15075000,-597934.8893735544,299.51458340284046,706,2:22:46
30.1%,15080000,-599356.9420195045,299.90834783803456,706,2:22:45
30.1%,15085000,-598706.1186818816,300.7538460162766,706,2:22:43
30.1%,15090000,-599061.1239247043,301.7247276614851,706,2:22:42
30.2%,15095000,-599628.9841996161,300.9667354168507,706,2:22:41
30.2%,15100000,-599721.6453534309,299.3047605124153,706,2:22:39
30.2%,15105000,-599039.9609741182,301.2638434521529,706,2:22:38
30.2%,15110000,-598851.717312525,298.7189344135782,706,2:22:37
30.2%,15115000,-598613.8844503327,301.0993558477683,706,2:22:36
30.2%,15120000,-599978.2776703401,302.2301375981786,706,2:22:35
30.2%,15125000,-598709.9597739265,303.3930563749489,706,2:22:33
30.2%,15130000,-598944.5445105638,300.8970152421063,706,2:22:32
30.2%,15135000,-600116.5791097651,298.35740513306894,706,2:22:31
30.2%,15140000,-598905.6544416966,302.97488251896993,706,2:22:29
30.3%,15145000,-598865.2946820147,296.9077063271778,706,2:22:28
30.3%,15150000,-599313.0630224999,300.3391066516644,706,2:22:27
30.3%,15155000,-598249.2252219315,303.0365071069213,706,2:22:26
30.3%,15160000,-600376.2040958488,299.8374010592307,706,2:22:25
30.3%,15165000,-599800.889160879,300.2340112158429,706,2:22:23
30.3%,15170000,-597801.6636622646,300.70978639845794,706,2:22:22
30.3%,15175000,-598608.959406965,299.97070838842166,706,2:22:21
30.3%,15180000,-598801.8065357609,298.11365437435677,706,2:22:20
30.3%,15185000,-599928.2550662011,300.3197263075237,706,2:22:18
30.3%,15190000,-599804.7303434061,299.9159773152849,706,2:22:17
30.4%,15195000,-599400.8561702599,301.87398084345006,706,2:22:16
30.4%,15200000,-599994.3060429855,300.51075762375666,706,2:22:15
30.4%,15205000,-599081.4404469333,299.4566876912301,706,2:22:13
30.4%,15210000,-600399.4842119534,299.49054196327353,706,2:22:12
30.4%,15215000,-599466.2090065074,302.1202093423625,706,2:22:11
30.4%,15220000,-599994.3383092647,300.0808083688061,706,2:22:10
30.4%,15225000,-598402.9492716244,300.2125456448009,706,2:22:08
30.4%,15230000,-599479.1155580143,302.6538066403443,706,2:22:07
30.4%,15235000,-599952.8922290611,300.19522599548014,706,2:22:06
30.4%,15240000,-598200.7885443144,301.8231503712227,706,2:22:05
30.5%,15245000,-598927.2225562097,302.26296152281196,706,2:22:04
30.5%,15250000,-599131.7924089795,301.5816565639801,706,2:22:02
30.5%,15255000,-598223.0035974374,299.588694820118,706,2:22:01
30.5%,15260000,-598668.959740608,300.0013980219914,706,2:22:00
30.5%,15265000,-598665.8130664146,300.4186887230475,706,2:21:59
30.5%,15270000,-598305.1229498237,301.1015637350755,706,2:21:57
30.5%,15275000,-599624.9060690403,299.8558737163674,706,2:21:56
30.5%,15280000,-599411.7714666375,299.7700359642806,706,2:21:55
30.5%,15285000,-600074.8299996248,301.69960681034564,706,2:21:54
30.5%,15290000,-599404.9888411518,300.15666156384816,706,2:21:52
30.6%,15295000,-597876.3127537747,299.76947172641326,706,2:21:51
30.6%,15300000,-598076.5393489585,302.39133790368356,706,2:21:50
30.6%,15305000,-597767.5231424561,301.1204779696737,706,2:21:49
30.6%,15310000,-598765.9380346853,301.53332836403416,706,2:21:48
30.6%,15315000,-599780.9905092316,300.56772111628175,706,2:21:46
30.6%,15320000,-598940.1183135328,298.6346912467689,706,2:21:45
30.6%,15325000,-599910.8298190203,300.1986850189281,706,2:21:44
30.6%,15330000,-599762.4541872605,299.0218320200415,706,2:21:43
30.6%,15335000,-599556.5880834502,302.8427036655137,706,2:21:41
30.6%,15340000,-598361.6023452575,299.3092744153544,706,2:21:40
30.7%,15345000,-598346.8490413716,298.9290026248153,706,2:21:39
30.7%,15350000,-599492.1823946745,299.1880859342717,706,2:21:38
30.7%,15355000,-599524.919389578,301.0222024524232,706,2:21:37
30.7%,15360000,-600782.0587169151,296.5302066618132,706,2:21:35
30.7%,15365000,-598672.2520848326,298.9277269565934,706,2:21:34
30.7%,15370000,-598979.2672100142,302.11574450358574,706,2:21:33
30.7%,15375000,-599166.4179761074,299.8807001825325,706,2:21:32
30.7%,15380000,-599349.2320674765,302.41761176263896,706,2:21:30
30.7%,15385000,-599669.7085382356,300.80629560586266,706,2:21:29
30.7%,15390000,-599235.8580760648,300.2285160296562,706,2:21:28
30.8%,15395000,-598221.1790926838,300.69894321857157,706,2:21:27
30.8%,15400000,-600642.9765386865,297.68610926336294,706,2:21:25
30.8%,15405000,-598442.4604449095,300.5607540052236,706,2:21:24
30.8%,15410000,-598476.3408830487,300.5998336105606,706,2:21:23
30.8%,15415000,-599664.8325931863,301.5375724140802,706,2:21:22
30.8%,15420000,-599358.8007762986,297.21131536399554,706,2:21:21
30.8%,15425000,-599080.4545219629,298.21740054571285,706,2:21:20
30.8%,15430000,-598964.3950810162,300.28015606056283,706,2:21:18
30.8%,15435000,-599762.0514822938,302.07004123632726,706,2:21:17
30.8%,15440000,-598571.5001562545,300.8634062908749,706,2:21:16
30.9%,15445000,-598643.4964802056,301.0097646872594,706,2:21:15
30.9%,15450000,-598581.5683586854,298.9162950067585,706,2:21:13
30.9%,15455000,-599272.7443694775,300.4363027573425,706,2:21:12
30.9%,15460000,-599770.1139395754,298.88511473156495,706,2:21:11
30.9%,15465000,-599114.3218041263,298.88727355470974,706,2:21:10
30.9%,15470000,-599784.2195218755,297.0221730180142,706,2:21:08
30.9%,15475000,-600076.6924981372,299.2672509602745,706,2:21:07
30.9%,15480000,-600582.851977841,300.3211982323951,706,2:21:06
30.9%,15485000,-598944.171187757,301.5587436001479,706,2:21:05
30.9%,15490000,-598807.3682727227,299.484948648762,706,2:21:04
31.0%,15495000,-599633.5900253211,300.8142930643309,706,2:21:02
31.0%,15500000,-600344.0573027828,296.74064285426823,706,2:21:01
31.0%,15505000,-599635.9905980146,299.67261906987187,706,2:21:00
31.0%,15510000,-602227.421957083,300.533032753478,706,2:20:59
31.0%,15515000,-599871.703925516,300.74957743414944,706,2:20:58
31.0%,15520000,-597364.1676756316,302.0431050111797,706,2:20:56
31.0%,15525000,-600464.1537261386,298.9916575601767,706,2:20:55
31.0%,15530000,-600206.1080128895,298.3524496526683,706,2:20:54
31.0%,15535000,-599737.9830989977,301.05814195136776,706,2:20:53
31.0%,15540000,-599469.9107845691,304.77936428304287,706,2:20:51
31.1%,15545000,-599105.8228099891,298.0346610729223,706,2:20:50
31.1%,15550000,-601315.9051513197,301.3523797331706,706,2:20:49
31.1%,15555000,-600357.8156260988,300.97654824932704,706,2:20:48
31.1%,15560000,-598294.4597546463,297.78438478061344,706,2:20:47
31.1%,15565000,-599335.454550595,298.6989898315701,706,2:20:45
31.1%,15570000,-599637.3665497652,298.58417969159694,706,2:20:44
31.1%,15575000,-599013.5001157634,301.0354988404286,706,2:20:43
31.1%,15580000,-598863.1414186452,302.34632153469835,706,2:20:42
31.1%,15585000,-598338.9753785739,302.6205902024119,706,2:20:40
31.1%,15590000,-598119.5096341372,300.63982090290165,706,2:20:39
31.2%,15595000,-598409.7307863277,302.41756269847656,706,2:20:38
31.2%,15600000,-598929.6906892085,298.6552245987256,706,2:20:37
31.2%,15605000,-599117.6607710561,298.92036733223614,706,2:20:35
31.2%,15610000,-599126.2515625651,300.1087504092825,706,2:20:34
31.2%,15615000,-599112.8499312922,299.85832692448645,706,2:20:33
31.2%,15620000,-599487.6852485444,300.26578026098497,706,2:20:32
31.2%,15625000,-599690.3623963562,300.66955378530497,706,2:20:31
31.2%,15630000,-599952.7605661582,300.8479510797247,706,2:20:29
31.2%,15635000,-599838.5131060863,299.1249648893677,706,2:20:28
31.2%,15640000,-599464.0025935154,299.83521770400466,706,2:20:27
31.3%,15645000,-600315.6676329905,301.04641561655853,706,2:20:26
31.3%,15650000,-600687.6970269387,299.7268349693036,706,2:20:24
31.3%,15655000,-599476.5469884542,301.02254590155985,706,2:20:23
31.3%,15660000,-600104.4788474725,298.92777602075574,706,2:20:22
31.3%,15665000,-599775.1702465517,301.8958634598723,706,2:20:21
31.3%,15670000,-601697.67061328,300.5816553383982,706,2:20:20
31.3%,15675000,-599109.4134115139,295.3239396975788,706,2:20:18
31.3%,15680000,-599507.4162919386,302.19628332613524,706,2:20:17
31.3%,15685000,-599308.7534542638,299.1392180285395,706,2:20:16
31.3%,15690000,-597866.2936030612,301.64087700797484,706,2:20:15
31.4%,15695000,-599274.2572253505,299.1434620785856,706,2:20:13
31.4%,15700000,-599251.3068441637,302.29990683708536,706,2:20:12
31.4%,15705000,-599057.3072420903,301.5556525579178,706,2:20:11
31.4%,15710000,-599548.6882538637,300.19591289375353,706,2:20:10
31.4%,15715000,-599713.5813946719,302.1181731796236,706,2:20:09
31.4%,15720000,-600133.1064953506,300.93346991475596,706,2:20:07
31.4%,15725000,-599299.5808456913,301.0909658760011,706,2:20:06
31.4%,15730000,-598738.9418431777,297.947204203477,706,2:20:05
31.4%,15735000,-599564.417228702,300.8441240750589,706,2:20:04
31.4%,15740000,-600428.4258835716,300.41078939290406,706,2:20:02
31.5%,15745000,-600788.7559424704,301.98830034179935,706,2:20:01
31.5%,15750000,-598656.141199396,303.2011664358742,706,2:20:00
31.5%,15755000,-599669.8801403306,298.3599564695127,706,2:19:59
31.5%,15760000,-599115.3402076261,298.68755788173513,706,2:19:58
31.5%,15765000,-599672.2082853988,299.34369292526515,706,2:19:57
31.5%,15770000,-598884.086035063,301.0859122672758,706,2:19:55
31.5%,15775000,-600976.6124083116,300.2403895569525,706,2:19:54
31.5%,15780000,-600017.6189450291,299.14748533990087,706,2:19:53
31.5%,15785000,-599103.7341979714,301.6948475865947,706,2:19:52
31.5%,15790000,-599047.3326957752,300.81157000331865,706,2:19:50
31.6%,15795000,-599508.1840745197,298.66444866125335,706,2:19:49
31.6%,15800000,-599436.0839759377,301.83161393923353,706,2:19:48
31.6%,15805000,-599005.1369526153,298.9224280270561,706,2:19:47
31.6%,15810000,-599174.6472752718,301.45659201406926,706,2:19:46
31.6%,15815000,-599966.6798923956,303.4783544212494,706,2:19:44
31.6%,15820000,-598819.889329284,302.5397815269693,706,2:19:43
31.6%,15825000,-598745.0140894209,300.479037642777,706,2:19:42
31.6%,15830000,-599085.7529482464,302.4080687830557,706,2:19:41
31.6%,15835000,-600059.6256852318,303.7155551142836,706,2:19:39
31.6%,15840000,-599893.5260708518,301.1609804357197,706,2:19:38
31.7%,15845000,-601535.1768197129,302.89027137094274,706,2:19:37
31.7%,15850000,-599182.3327774415,303.04190416478326,706,2:19:36
31.7%,15855000,-598782.4710226147,298.205208101361,706,2:19:35
31.7%,15860000,-600031.493117793,297.8737796844728,706,2:19:33
31.7%,15865000,-599687.9720221874,298.8438272389207,706,2:19:32
31.7%,15870000,-599481.6012547808,302.0120964605545,706,2:19:31
31.7%,15875000,-598882.2302799621,298.30485741515815,706,2:19:30
31.7%,15880000,-599722.877081844,299.57944622550906,706,2:19:28
31.7%,15885000,-600745.5787946819,302.6147760991697,706,2:19:27
31.7%,15890000,-600399.188299512,302.20217102562106,706,2:19:26
31.8%,15895000,-600125.4719693987,301.81718907549333,706,2:19:25
31.8%,15900000,-599191.0663452521,299.5175517846646,706,2:19:23
31.8%,15905000,-600004.1330181272,298.8632566472239,706,2:19:22
31.8%,15910000,-599220.0519205285,301.5188299040504,706,2:19:21
31.8%,15915000,-598688.9474316956,300.4349044287146,706,2:19:20
31.8%,15920000,-598808.1431278014,299.7240873762102,706,2:19:19
31.8%,15925000,-600415.125707686,303.21568942793914,706,2:19:17
31.8%,15930000,-599126.5521022175,301.00292023660717,706,2:19:16
31.8%,15935000,-599542.1990991319,299.40963515950614,706,2:19:15
31.8%,15940000,-600480.9690782484,299.48713200398794,706,2:19:14
31.9%,15945000,-598992.2638289938,298.28042346229205,706,2:19:12
31.9%,15950000,-599970.7410229649,299.9205402823864,706,2:19:11
31.9%,15955000,-599952.1322517819,299.4402021326699,706,2:19:10
31.9%,15960000,-598576.3208199777,299.0267384362796,706,2:19:09
31.9%,15965000,-599150.9876202242,300.7149626675892,706,2:19:07
31.9%,15970000,-598845.4170599794,299.5630587952736,706,2:19:06
31.9%,15975000,-598188.815028559,299.977307518262,706,2:19:05
31.9%,15980000,-598691.4384410493,299.1152011210537,706,2:19:04
31.9%,15985000,-600731.7853278723,299.78610447746064,706,2:19:02
31.9%,15990000,-599300.1517972369,299.6786294297636,706,2:19:01
32.0%,15995000,-599841.1415600623,301.17773584717304,706,2:19:00
32.0%,16000000,-600422.7834720919,299.5146815311653,706,2:18:59
32.0%,16005000,-598935.388957636,300.93059966125657,706,2:18:58
32.0%,16010000,-600325.8271554988,300.32615371279564,706,2:18:56
32.0%,16015000,-599197.9760128711,300.38974086724227,706,2:18:55
32.0%,16020000,-599441.1593527924,298.48916694114484,706,2:18:54
32.0%,16025000,-599523.3709520428,299.1546487076086,706,2:18:53
32.0%,16030000,-600063.8709646896,299.26494494464254,706,2:18:52
32.0%,16035000,-599983.1905289683,299.1272954370808,706,2:18:50
32.0%,16040000,-600905.3949315776,298.959814918791,706,2:18:49
32.1%,16045000,-600805.8525169664,300.12567754530414,706,2:18:48
32.1%,16050000,-599215.4763521752,299.5729206919123,706,2:18:47
32.1%,16055000,-599839.6236440497,298.09245865620795,706,2:18:46
32.1%,16060000,-599632.9272651589,302.55462343608974,705,2:18:45
32.1%,16065000,-598559.5867272406,301.5227305049598,705,2:18:44
32.1%,16070000,-598953.3630361347,297.49657440408254,705,2:18:42
32.1%,16075000,-599376.7827967955,300.27267377579966,705,2:18:41
32.1%,16080000,-599146.2323690369,301.94902447981286,705,2:18:40
32.1%,16085000,-599993.8595674047,301.7628750477368,705,2:18:39
32.1%,16090000,-600716.8702645921,300.7945447389722,705,2:18:37
32.2%,16095000,-600189.7419895232,301.66109144287606,706,2:18:36
32.2%,16100000,-599404.0012956643,299.37050649000673,705,2:18:35
32.2%,16105000,-599413.9038455668,297.44363417287275,705,2:18:34
32.2%,16110000,-598506.4045944964,299.15639048537315,705,2:18:33
32.2%,16115000,-600197.3608182073,302.2785393943681,705,2:18:32
32.2%,16120000,-599726.2427338869,298.9782385117653,705,2:18:30
32.2%,16125000,-599522.5721509196,301.2297438592976,705,2:18:29
32.2%,16130000,-599103.4238256449,300.4535242783384,705,2:18:28
32.2%,16135000,-599926.3338889368,296.51791608913663,705,2:18:27
32.2%,16140000,-599774.9895383669,299.22863746448013,705,2:18:25
32.3%,16145000,-599286.9847106691,299.19125057274533,705,2:18:24
32.3%,16150000,-600323.7290633186,302.03289966540433,705,2:18:23
32.3%,16155000,-599582.2023796225,301.58945776579884,705,2:18:22
32.3%,16160000,-598862.0785417492,300.46372962411385,705,2:18:21
32.3%,16165000,-599468.9805492042,300.2989231026738,705,2:18:19
32.3%,16170000,-599407.0819489746,302.9602613985802,705,2:18:18
32.3%,16175000,-598679.6715537822,300.95216336062333,705,2:18:17
32.3%,16180000,-600108.789217249,303.2471395560258,705,2:18:16
32.3%,16185000,-600714.4247041764,300.09680328574257,705,2:18:14
32.3%,16190000,-598677.0099157188,301.5295013593684,705,2:18:13
32.4%,16195000,-599565.4816382006,302.1612269821136,705,2:18:12
32.4%,16200000,-600237.7603127821,301.0051526559955,705,2:18:11
32.4%,16205000,-598641.0116278133,298.91386633072057,705,2:18:09
32.4%,16210000,-600743.0182523015,299.22763164915136,705,2:18:08
32.4%,16215000,-598704.5944995903,300.31118914326925,705,2:18:07
32.4%,16220000,-599247.1603196948,300.67858159118316,705,2:18:06
32.4%,16225000,-599097.5591679141,300.888870591151,705,2:18:04
32.4%,16230000,-600222.3007289604,301.37691181436145,705,2:18:03
32.4%,16235000,-598851.6431989204,300.2098716479511,705,2:18:02
32.4%,16240000,-599334.9345393814,299.32737909127326,705,2:18:01
32.5%,16245000,-598865.605403536,302.6063861274024,705,2:17:59
32.5%,16250000,-599644.8150967769,300.4818833641951,705,2:17:58
32.5%,16255000,-599789.874945661,299.3406018830351,705,2:17:57
32.5%,16260000,-599430.3470331412,301.52366272404504,705,2:17:56
32.5%,16265000,-600375.239197169,300.10021324502804,705,2:17:55
32.5%,16270000,-600401.2398830191,299.754139175669,705,2:17:54
32.5%,16275000,-598990.0357139423,298.3046120943462,705,2:17:52
32.5%,16280000,-598594.7304462222,301.2394585634492,705,2:17:51
32.5%,16285000,-599686.6897818781,299.7112570977474,705,2:17:50
32.5%,16290000,-599214.6847250303,298.82942690726173,705,2:17:49
32.6%,16295000,-599502.3047832795,301.9945314904218,705,2:17:47
32.6%,16300000,-598154.5734763127,299.9220122072579,705,2:17:46
32.6%,16305000,-598570.5522407503,300.1647816827224,705,2:17:45
32.6%,16310000,-599864.2156993658,302.74933456450145,705,2:17:44
32.6%,16315000,-599809.7038426655,299.8025900360209,705,2:17:43
32.6%,16320000,-599658.4997566869,297.56791369618554,705,2:17:41
32.6%,16325000,-599852.6017860468,300.7902025606015,705,2:17:40
32.6%,16330000,-598428.0972938556,299.4302421077064,705,2:17:39
32.6%,16335000,-598913.1324961763,299.4900022574873,705,2:17:38
32.6%,16340000,-600235.4467807435,302.2074208909959,705,2:17:36
32.7%,16345000,-599599.1389302718,299.3035584404369,705,2:17:35
32.7%,16350000,-599763.164036937,297.20115908238256,705,2:17:34
32.7%,16355000,-599729.0477690152,300.22120546946127,705,2:17:33
32.7%,16360000,-600021.3928571711,300.67867971950795,705,2:17:32
32.7%,16365000,-600147.0997225768,301.2731411109242,705,2:17:30
32.7%,16370000,-600573.7159315431,303.69195525217793,705,2:17:29
32.7%,16375000,-599081.1888175956,299.75242192998564,705,2:17:28
32.7%,16380000,-600334.3421324077,298.84068713252833,705,2:17:27
32.7%,16385000,-600370.4489102373,298.7818101376703,705,2:17:25
32.7%,16390000,-600125.5137052531,301.7178586787516,705,2:17:24
32.8%,16395000,-598112.3752904818,302.09729637853025,705,2:17:23
32.8%,16400000,-599174.8071962027,300.19934738512023,705,2:17:22
32.8%,16405000,-600301.6224233387,300.8227811644229,705,2:17:21
32.8%,16410000,-599844.6451727217,299.3015468097793,705,2:17:19
32.8%,16415000,-600805.2671980555,298.41007551138557,705,2:17:18
32.8%,16420000,-599105.4672243311,299.3391299581637,705,2:17:17
32.8%,16425000,-600404.7796605728,300.09113637498746,705,2:17:16
32.8%,16430000,-599150.3432392692,297.67190518835343,705,2:17:14
32.8%,16435000,-598515.1829596325,300.0493827728007,705,2:17:13
32.8%,16440000,-598762.8616845659,297.69371420853207,705,2:17:12
32.9%,16445000,-598667.073710877,300.20943007048965,705,2:17:11
32.9%,16450000,-599145.3823638787,300.9150708538628,705,2:17:09
32.9%,16455000,-599747.0399668175,298.749501386742,705,2:17:08
32.9%,16460000,-600438.7631246722,297.37141172584694,705,2:17:07
32.9%,16465000,-599352.6748790662,298.7075269958245,705,2:17:06
32.9%,16470000,-601059.1533962358,300.34533780028687,705,2:17:05
32.9%,16475000,-598474.1286958009,301.36045078788237,705,2:17:03
32.9%,16480000,-599014.8554129326,300.3278218943166,705,2:17:02
32.9%,16485000,-599559.8808465609,298.76539817535365,705,2:17:01
32.9%,16490000,-600543.4172069808,299.39162861191204,705,2:17:00
33.0%,16495000,-600908.9095851667,297.2717624120498,705,2:16:58
33.0%,16500000,-599386.8120892346,300.8988060840333,705,2:16:57
33.0%,16505000,-599555.2494597132,297.91756944939846,705,2:16:56
33.0%,16510000,-598179.0820047227,302.1662560587577,705,2:16:55
33.0%,16515000,-599612.3463674211,301.47268505933044,705,2:16:54
33.0%,16520000,-599530.7633750569,299.4918421635766,705,2:16:52
33.0%,16525000,-599422.8283611881,298.51593144172404,705,2:16:51
33.0%,16530000,-598835.114266003,303.33405671968495,705,2:16:50
33.0%,16535000,-599735.6458721608,301.5371553687,705,2:16:49
33.0%,16540000,-599808.3080775584,297.59860332975524,705,2:16:48
33.1%,16545000,-600165.298930095,299.8801114125839,705,2:16:46
33.1%,16550000,-598573.7619320182,297.46666979711097,705,2:16:45
33.1%,16555000,-599595.9446842796,298.43912149551556,705,2:16:44
33.1%,16560000,-599823.2969147125,301.2962012672436,705,2:16:43
33.1%,16565000,-600346.0946004624,301.7239671669681,705,2:16:41
33.1%,16570000,-598428.0279584327,297.48882226642627,705,2:16:40
33.1%,16575000,-599048.6366571081,300.0699161247574,705,2:16:39
33.1%,16580000,-599637.8566049533,300.1135586971959,705,2:16:38
33.1%,16585000,-599229.3555646935,296.4927216417537,705,2:16:36
33.1%,16590000,-600115.9127738485,300.1571276733908,705,2:16:35
33.2%,16595000,-597942.2539647091,300.9936961740794,705,2:16:34
33.2%,16600000,-599538.1744074272,301.34286128566856,705,2:16:33
33.2%,16605000,-600307.8117232202,299.51495138405835,705,2:16:32
33.2%,16610000,-600258.0867292304,297.0712862445583,705,2:16:30
33.2%,16615000,-597987.5396043002,302.24441526943167,705,2:16:29
33.2%,16620000,-599526.6616278319,301.78063627451894,705,2:16:28
33.2%,16625000,-600052.8330229688,299.7632896419532,705,2:16:27
33.2%,16630000,-600198.1366794826,300.23119002650594,705,2:16:25
33.2%,16635000,-598964.4685859331,301.0053979768075,705,2:16:24
33.2%,16640000,-599175.2317110901,299.854156470684,705,2:16:23
33.3%,16645000,-600332.708890677,301.3541460430164,705,2:16:22
33.3%,16650000,-599414.3526228205,302.25545470596757,705,2:16:20
33.3%,16655000,-599956.7502509374,300.02131807191836,705,2:16:19
33.3%,16660000,-599690.3040284985,302.07524203753974,705,2:16:18
33.3%,16665000,-598249.2973338407,301.01972471222285,705,2:16:17
33.3%,16670000,-600514.7151824161,301.6041770145133,705,2:16:16
33.3%,16675000,-600136.4162335359,298.7810251110722,705,2:16:14
33.3%,16680000,-600346.7049937095,300.643598843405,705,2:16:13
33.3%,16685000,-598522.1551293787,300.1440275420349,705,2:16:12
33.3%,16690000,-597691.596279406,298.7603200345472,705,2:16:11
33.4%,16695000,-598850.6236746032,299.8603140230629,705,2:16:09
33.4%,16700000,-601152.0234727496,302.93065117658284,705,2:16:08
33.4%,16705000,-599507.8890654193,301.51100417015056,705,2:16:07
33.4%,16710000,-599000.3388454271,302.3412188618107,705,2:16:06
33.4%,16715000,-599948.6988363443,301.821776574676,706,2:16:04
33.4%,16720000,-599893.3507206696,296.6827962068202,706,2:16:03
33.4%,16725000,-599953.5027996912,298.781123239397,706,2:16:02
33.4%,16730000,-600372.8231197428,300.5737314761736,706,2:16:01
33.4%,16735000,-600705.7791665709,301.8734166055827,706,2:15:59
33.4%,16740000,-600007.5778026353,297.77538150681636,706,2:15:58
33.5%,16745000,-600262.3958345223,303.0166851853191,706,2:15:57
33.5%,16750000,-600049.0182459862,299.76122894713313,706,2:15:56
33.5%,16755000,-597966.8000277737,300.1146381087683,705,2:15:55
33.5%,16760000,-600700.2688798322,299.9659736967518,705,2:15:53
33.5%,16765000,-598370.6512805568,300.9047183156003,705,2:15:52
33.5%,16770000,-600450.08407016,300.0441329074258,706,2:15:51
33.5%,16775000,-598849.6491280729,298.7533038593266,706,2:15:50
33.5%,16780000,-598877.5611796184,299.96180324294943,706,2:15:48
33.5%,16785000,-599949.1600925545,300.03466352408617,706,2:15:47
33.5%,16790000,-597925.3411465813,301.82040277812933,706,2:15:46
33.6%,16795000,-599108.5407513203,298.3915537900865,706,2:15:45
33.6%,16800000,-599660.5564215733,301.2627149764181,706,2:15:43
33.6%,16805000,-598830.2029147176,302.05149498294696,705,2:15:43
33.6%,16810000,-600550.3574588685,300.39476994388644,705,2:15:41
33.6%,16815000,-600391.2676564222,297.1320276775868,705,2:15:40
33.6%,16820000,-599802.8727441304,299.37156136949795,705,2:15:39
33.6%,16825000,-600742.1734701274,300.9122006003635,705,2:15:38
33.6%,16830000,-601596.3226073268,300.9507404999143,705,2:15:36
33.6%,16835000,-599954.487790619,298.076659995921,705,2:15:35
33.6%,16840000,-599039.1528101992,301.6831703159478,705,2:15:34
33.7%,16845000,-598385.3866305645,300.58604658093134,705,2:15:33
33.7%,16850000,-600889.6737868795,299.5269475717607,705,2:15:31
33.7%,16855000,-600339.4707412538,299.3641281488971,705,2:15:30
33.7%,16860000,-599981.8576802383,298.4371834611015,705,2:15:29
33.7%,16865000,-598019.3810395985,301.44152931621807,705,2:15:28
33.7%,16870000,-598828.8748809411,301.1719217439308,705,2:15:27
33.7%,16875000,-600219.2775763148,301.18607675477796,705,2:15:25
33.7%,16880000,-599051.9246715647,300.6558648840005,705,2:15:24
33.7%,16885000,-599347.2943753954,300.9505687753459,705,2:15:23
33.7%,16890000,-599930.8271838529,300.4782280840976,705,2:15:22
33.8%,16895000,-598754.1611575214,299.0055917822931,705,2:15:20
33.8%,16900000,-600382.361759726,301.91948785405907,705,2:15:19
33.8%,16905000,-599695.739882973,298.429284130958,705,2:15:18
33.8%,16910000,-598758.453408937,299.54279529621,705,2:15:17
33.8%,16915000,-598991.7435516235,299.9723029736991,705,2:15:15
33.8%,16920000,-600127.7866690797,296.8367840804551,705,2:15:14
33.8%,16925000,-599870.7892200015,303.1639758007889,705,2:15:13
33.8%,16930000,-599987.4020178472,302.8410354839927,705,2:15:12
33.8%,16935000,-599448.2528006881,301.4312749062803,705,2:15:10
33.8%,16940000,-598921.1092627649,300.1317124372771,705,2:15:09
33.9%,16945000,-598636.3342629182,299.7202603715445,706,2:15:08
33.9%,16950000,-597731.2373450939,301.16539621033405,706,2:15:07
33.9%,16955000,-599756.2869098326,297.8712774121913,705,2:15:06
33.9%,16960000,-599132.771275443,299.36250903153854,705,2:15:04
33.9%,16965000,-599752.0344015779,301.2021943321203,705,2:15:03
33.9%,16970000,-600278.0622406029,297.95875881371785,705,2:15:02
33.9%,16975000,-600004.6415953906,300.12587380195373,705,2:15:01
33.9%,16980000,-599715.8604919845,299.2690418022015,705,2:14:59
33.9%,16985000,-598779.1043196032,301.05274489350575,705,2:14:58
33.9%,16990000,-599651.363847388,301.3499755892139,705,2:14:57
34.0%,16995000,-599822.6340802005,300.7477865922225,705,2:14:56
34.0%,17000000,-599399.4154211655,300.9340586847045,705,2:14:55
34.0%,17005000,-598226.4505085074,301.1684381884017,705,2:14:53
34.0%,17010000,-599716.1851387122,302.09535834411616,705,2:14:52
34.0%,17015000,-600262.6891101375,300.5840349502737,705,2:14:51
34.0%,17020000,-598731.018461932,301.13092863626093,705,2:14:50
34.0%,17025000,-599570.8738483489,300.35257476423817,705,2:14:49
34.0%,17030000,-598241.8493420924,299.5228997783642,705,2:14:47
34.0%,17035000,-600085.6174196224,298.9867756760197,705,2:14:46
34.0%,17040000,-600347.2265009042,299.0826225172323,705,2:14:45
34.1%,17045000,-599183.0979693271,302.3302530215184,705,2:14:44
34.1%,17050000,-600356.5217151525,302.13622879138006,706,2:14:42
34.1%,17055000,-598905.9964420605,298.4421634735832,705,2:14:41
34.1%,17060000,-599597.3414877611,300.84942300459613,705,2:14:40
34.1%,17065000,-599629.108514702,299.12835031657204,705,2:14:39
34.1%,17070000,-598932.1806829125,300.3275275093423,705,2:14:37
34.1%,17075000,-597983.8941878565,298.7745486416378,705,2:14:36
34.1%,17080000,-598595.5242309617,299.71810154839966,705,2:14:35
34.1%,17085000,-599333.2334834505,298.24958663623516,705,2:14:34
34.1%,17090000,-600481.3561100103,299.4045079545372,705,2:14:32
34.2%,17095000,-599405.7238550386,299.6197769669868,706,2:14:31
34.2%,17100000,-600798.7232500259,300.70990905886384,706,2:14:30
34.2%,17105000,-600208.9808159694,297.5459329514385,705,2:14:29
34.2%,17110000,-599746.7531593968,299.49682217605834,705,2:14:28
34.2%,17115000,-599904.0968700615,301.0149164243095,705,2:14:26
34.2%,17120000,-599742.2685773275,299.8828590056773,705,2:14:25
34.2%,17125000,-598186.3175500659,300.0933687943758,705,2:14:24
34.2%,17130000,-599644.453779933,301.86200918782896,705,2:14:23
34.2%,17135000,-599726.7788242819,301.13605584122985,705,2:14:21
34.2%,17140000,-599493.6982892114,301.76351288184776,706,2:14:20
34.3%,17145000,-600053.2027778234,301.4063503117904,705,2:14:19
34.3%,17150000,-598250.1911644316,302.73937453953795,705,2:14:18
34.3%,17155000,-599672.6761482898,300.4207984820299,705,2:14:17
34.3%,17160000,-600015.0105138766,299.87066656132544,705,2:14:16
34.3%,17165000,-599720.9680762314,298.7456989141574,705,2:14:14
34.3%,17170000,-599558.4737523878,301.3659950382315,705,2:14:13
34.3%,17175000,-599162.094625025,297.7423858576147,705,2:14:12
34.3%,17180000,-599158.6805226239,299.4845070713005,705,2:14:11
34.3%,17185000,-600365.4881047569,300.0798270855585,705,2:14:09
34.3%,17190000,-598467.7497651037,298.65777593516947,705,2:14:08
34.4%,17195000,-601208.9918796807,300.88165815928085,705,2:14:07
34.4%,17200000,-600056.1293111858,299.9690156748195,705,2:14:06
34.4%,17205000,-600236.1383155561,301.7406244500967,705,2:14:05
34.4%,17210000,-598764.8982886486,299.81382572920626,705,2:14:03
34.4%,17215000,-600646.2315782588,297.29592651202273,705,2:14:02
34.4%,17220000,-600462.6700861193,299.3294888502557,705,2:14:01
34.4%,17225000,-599843.5055411346,301.7808815953309,705,2:14:00
34.4%,17230000,-599831.762344188,300.0520813017317,705,2:13:58
34.4%,17235000,-598806.1805482903,300.75568592236596,705,2:13:57
34.4%,17240000,-598821.5069408761,300.05720850670053,705,2:13:56
34.5%,17245000,-599516.3549837908,302.86699042589265,705,2:13:55
34.5%,17250000,-598146.6441664346,299.0989363512242,705,2:13:53
34.5%,17255000,-599643.3992141676,301.4888517008352,705,2:13:52
34.5%,17260000,-599871.7073095501,300.7991322381549,705,2:13:51
34.5%,17265000,-599922.8194898721,301.08350812331906,705,2:13:50
34.5%,17270000,-599270.4284841265,303.4406486124591,705,2:13:49
34.5%,17275000,-599660.7975398302,297.59509524214496,705,2:13:47
34.5%,17280000,-599450.4017892145,298.9480885839818,705,2:13:46
34.5%,17285000,-599115.4489299939,299.231703974629,705,2:13:45
34.5%,17290000,-598508.0970983701,301.34796395855625,705,2:13:44
34.6%,17295000,-599652.0717734955,299.3882677167889,705,2:13:42
34.6%,17300000,-600391.6162832798,301.4960886647865,705,2:13:41
34.6%,17305000,-599768.2260777047,301.34492198048855,705,2:13:40
34.6%,17310000,-598909.8695302415,299.02953509353534,705,2:13:39
34.6%,17315000,-599593.0735600367,300.2517969747062,705,2:13:38
34.6%,17320000,-599731.4698041393,299.36672854950336,705,2:13:36
34.6%,17325000,-599897.0576723418,301.7830158863945,705,2:13:35
34.6%,17330000,-599659.4055027631,301.4914766335226,705,2:13:34
34.6%,17335000,-598697.3685217523,296.9918268335812,705,2:13:33
34.6%,17340000,-600337.0492976927,298.2618526768306,705,2:13:31
34.7%,17345000,-597842.4119780804,299.22250444418245,705,2:13:30
34.7%,17350000,-599827.733639847,300.648480727562,705,2:13:29
34.7%,17355000,-599869.1615995825,301.4555371345781,705,2:13:28
34.7%,17360000,-598295.6205218853,299.2700721496115,705,2:13:27
34.7%,17365000,-600208.2580290977,295.3495266582608,705,2:13:25
34.7%,17370000,-599363.2160655763,298.67210267058493,705,2:13:24
34.7%,17375000,-598831.6529856552,298.8434592577029,705,2:13:23
34.7%,17380000,-599252.0700080544,298.38824195912576,705,2:13:22
34.7%,17385000,-599979.5344060347,300.6366807965092,705,2:13:20
34.7%,17390000,-601015.8462823331,299.5139946328919,705,2:13:19
34.8%,17395000,-598999.2907614182,298.8787118583741,705,2:13:18
34.8%,17400000,-599930.500127878,299.99779180605634,705,2:13:17
34.8%,17405000,-599559.3848559735,302.29230189191617,705,2:13:16
34.8%,17410000,-599269.706437639,302.1531068632394,705,2:13:14
34.8%,17415000,-602254.6723824805,301.72180834382334,705,2:13:13
34.8%,17420000,-598793.1795870443,300.4478818996646,705,2:13:12
34.8%,17425000,-599378.3307117647,299.02389271486146,705,2:13:11
34.8%,17430000,-597331.6984057133,298.69624223847666,705,2:13:09
34.8%,17435000,-598851.154878716,301.7813967690359,705,2:13:08
34.8%,17440000,-599160.477322924,299.588302306819,705,2:13:07
34.9%,17445000,-598987.1801023376,299.9141619412768,705,2:13:06
34.9%,17450000,-598715.246751837,304.6907544057816,705,2:13:04
34.9%,17455000,-599483.3858383452,300.5874694416404,705,2:13:03
34.9%,17460000,-599215.4519265848,300.2751760480811,705,2:13:02
34.9%,17465000,-598911.0913208332,302.10924350207017,705,2:13:01
34.9%,17470000,-600708.3278934024,300.31221949067924,705,2:13:00
34.9%,17475000,-599090.0020338334,299.37376925680513,705,2:12:58
34.9%,17480000,-599667.1175140925,302.26453157600815,705,2:12:57
34.9%,17485000,-598558.9553854051,298.7315929674727,705,2:12:56
34.9%,17490000,-599722.2262874795,301.86897629888716,705,2:12:55
35.0%,17495000,-600596.3627372566,299.1417693649834,705,2:12:53
35.0%,17500000,-600711.5468801004,299.77506504092474,705,2:12:52
35.0%,17505000,-599706.2962900978,300.5848199768718,705,2:12:51
35.0%,17510000,-599972.9210724765,302.61627255612234,705,2:12:50
35.0%,17515000,-600466.0206634151,300.37134180634916,705,2:12:49
35.0%,17520000,-601455.075005265,300.4858084971856,705,2:12:47
35.0%,17525000,-600192.1103848298,301.535879700478,705,2:12:46
35.0%,17530000,-599119.776276221,300.1465298143164,705,2:12:45
35.0%,17535000,-599758.9638764942,298.913792734477,705,2:12:44
35.0%,17540000,-599596.3792373072,301.23509185299724,705,2:12:42
35.1%,17545000,-599544.423797688,301.1996675277577,705,2:12:41
35.1%,17550000,-599816.6762801358,300.8024195370345,705,2:12:40
35.1%,17555000,-599668.8703279719,300.29247116532065,705,2:12:39
35.1%,17560000,-599332.3585573151,301.06618847399835,705,2:12:38
35.1%,17565000,-599419.2161600785,302.8505048673324,705,2:12:36
35.1%,17570000,-600192.4784555444,300.59374965442527,705,2:12:35
35.1%,17575000,-600363.4467624747,303.05171699725963,705,2:12:34
35.1%,17580000,-600025.4833082003,300.19478441801874,705,2:12:33
35.1%,17585000,-599634.9748264737,301.60508470151734,705,2:12:31
35.1%,17590000,-598212.2771598189,301.0269126120118,705,2:12:30
35.2%,17595000,-598861.4132533451,301.0474459639685,705,2:12:29
35.2%,17600000,-600919.6826664135,300.66577584480154,705,2:12:28
35.2%,17605000,-599512.3480461258,300.36275557793243,705,2:12:27
35.2%,17610000,-599637.4061936331,300.7926067045581,705,2:12:25
35.2%,17615000,-599511.5405893871,301.272993918437,705,2:12:24
35.2%,17620000,-599718.1798516209,302.3936684513967,705,2:12:23
35.2%,17625000,-598749.9846690046,299.9729898719724,705,2:12:22
35.2%,17630000,-599629.1842531939,300.30770558774014,705,2:12:20
35.2%,17635000,-599791.166214081,300.4130708764548,705,2:12:19
35.2%,17640000,-599998.1927065011,301.3875587375983,705,2:12:18
35.3%,17645000,-598796.7845224584,300.9023632358059,705,2:12:17
35.3%,17650000,-597966.7255186918,300.3430072525737,705,2:12:16
35.3%,17655000,-598837.5246456019,300.3342247675074,705,2:12:14
35.3%,17660000,-600399.7573875943,299.116648513844,705,2:12:13
35.3%,17665000,-600471.6557705188,298.426193088728,705,2:12:12
35.3%,17670000,-599582.7268938925,301.42082423969305,705,2:12:11
35.3%,17675000,-598723.8048111605,302.31001405453594,705,2:12:10
35.3%,17680000,-600303.8724142835,299.2022654772,705,2:12:08
35.3%,17685000,-599915.1206884622,300.8128702036218,705,2:12:07
35.3%,17690000,-600052.7937708134,299.76799980154186,705,2:12:06
35.4%,17695000,-600515.5863326457,300.3765180754804,705,2:12:05
35.4%,17700000,-598578.098654388,299.87358587898717,705,2:12:03
35.4%,17705000,-599108.5872389036,301.23151016914335,705,2:12:02
35.4%,17710000,-599789.0299494984,300.9201980588317,705,2:12:01
35.4%,17715000,-600690.1710511716,300.0006620595557,705,2:12:00
35.4%,17720000,-599736.4519698876,300.2224811376832,705,2:11:59
35.4%,17725000,-598221.5838060281,301.0206078671457,705,2:11:57
35.4%,17730000,-599296.4850713098,297.7004850629408,705,2:11:56
35.4%,17735000,-598645.7914659469,302.0850058058536,705,2:11:55
35.4%,17740000,-599796.3780487785,299.6733059681452,705,2:11:54
35.5%,17745000,-598650.0671371007,300.33469087705004,705,2:11:52
35.5%,17750000,-600361.8931323863,299.4940009867214,705,2:11:51
35.5%,17755000,-601541.8265452851,298.63800307772965,705,2:11:50
35.5%,17760000,-599159.1824976094,302.8587476466125,705,2:11:49
35.5%,17765000,-599242.1411080188,300.3230136064032,705,2:11:48
35.5%,17770000,-600178.1596885282,300.9283181777059,705,2:11:46
35.5%,17775000,-599665.8912311392,298.3577240501244,705,2:11:45
35.5%,17780000,-600219.6504861596,299.6089092550193,705,2:11:44
35.5%,17785000,-599978.976691213,299.4436366240366,705,2:11:43
35.5%,17790000,-600596.5033307243,299.4452066772328,705,2:11:41
35.6%,17795000,-598438.3225778164,301.0697701578522,705,2:11:40
35.6%,17800000,-599495.7841335246,299.7706247342292,705,2:11:39
35.6%,17805000,-598921.1973614139,298.02482370836475,705,2:11:38
35.6%,17810000,-599710.6744930381,300.39440196266855,705,2:11:37
35.6%,17815000,-599291.9687086679,298.64482299630066,705,2:11:35
35.6%,17820000,-599679.3266755468,300.21264377312565,705,2:11:34
35.6%,17825000,-600061.6128226169,301.2327367732029,705,2:11:33
35.6%,17830000,-599197.318074849,299.12251168124857,705,2:11:32
35.6%,17835000,-599065.9701199457,300.8731209950265,705,2:11:30
35.6%,17840000,-598584.6607035492,299.5887684163616,705,2:11:29
35.7%,17845000,-598992.4745474835,301.1822006859498,705,2:11:28
35.7%,17850000,-599755.550759594,302.0431050111797,705,2:11:27
35.7%,17855000,-598675.5040233927,297.9880501186597,705,2:11:26
35.7%,17860000,-599420.4763621581,300.1465052822352,705,2:11:24
35.7%,17865000,-598930.9396815691,300.9237552106044,705,2:11:23
35.7%,17870000,-600704.3786257086,301.52265690871616,705,2:11:22
35.7%,17875000,-598443.7516132873,299.10828307415795,705,2:11:21
35.7%,17880000,-599703.0480657094,298.30053976886853,705,2:11:19
35.7%,17885000,-598644.1964852205,301.3353054046618,705,2:11:18
35.7%,17890000,-599590.8479911797,301.4523970281856,705,2:11:17
35.8%,17895000,-600537.6195037486,299.56244549324384,705,2:11:16
35.8%,17900000,-600398.2313670493,298.88967769866645,705,2:11:14
35.8%,17905000,-598507.4346830095,299.9758846575529,705,2:11:13
35.8%,17910000,-600685.2107902449,300.59487813016005,705,2:11:12
35.8%,17915000,-600314.4668832403,301.57971852956604,705,2:11:11
35.8%,17920000,-599840.5920395465,301.2536626384587,705,2:11:10
35.8%,17925000,-598640.5242208,297.4764090333437,705,2:11:08
35.8%,17930000,-600471.5927148848,301.02063239922694,705,2:11:07
35.8%,17935000,-599622.3791431338,302.0884648293016,705,2:11:06
35.8%,17940000,-600005.9423301709,300.73407315883685,705,2:11:05
35.9%,17945000,-599741.5926595465,301.2968881655169,705,2:11:03
35.9%,17950000,-600997.19778453,302.06596891084956,705,2:11:02
35.9%,17955000,-597381.7425179468,299.4605882921395,705,2:11:01
35.9%,17960000,-599126.1109373244,299.11961689566806,705,2:11:00
35.9%,17965000,-599114.0994913988,300.43858424089325,705,2:10:59
35.9%,17970000,-600766.0318192579,298.082694887894,705,2:10:58
35.9%,17975000,-600268.6405826784,300.45055589651435,705,2:10:56
35.9%,17980000,-600531.3459305214,296.7680942531208,705,2:10:55
35.9%,17985000,-599768.303750488,298.7610805290641,705,2:10:54
35.9%,17990000,-599623.269433686,300.4338986133858,705,2:10:53
36.0%,17995000,-599903.671076382,299.415400198586,705,2:10:51
36.0%,18000000,-599870.5960227717,302.94299081342183,705,2:10:50
36.0%,18005000,-600201.4564781799,298.5539561675699,705,2:10:49
36.0%,18010000,-599885.4883034942,297.30117637739755,705,2:10:48
36.0%,18015000,-600698.8635642375,302.1032331421784,705,2:10:46
36.0%,18020000,-597880.5980758104,302.07666489824874,705,2:10:45
36.0%,18025000,-598900.0569745675,299.7230079646379,705,2:10:44
36.0%,18030000,-599304.7128320537,300.3156049178836,705,2:10:43
36.0%,18035000,-599766.666508541,300.32060946244655,705,2:10:41
36.0%,18040000,-599548.7619166807,300.28057310594306,705,2:10:40
36.1%,18045000,-599326.1339712767,298.432497833594,705,2:10:39
36.1%,18050000,-600439.7878611144,300.9736534637465,705,2:10:38
36.1%,18055000,-599242.5115008866,300.81777661985996,705,2:10:37
36.1%,18060000,-600408.2061087196,300.69278566619266,705,2:10:35
36.1%,18065000,-599609.8445840934,302.25231459957513,705,2:10:34
36.1%,18070000,-599890.1161526078,300.8999100276869,705,2:10:33
36.1%,18075000,-600038.5516554196,301.46856366969035,705,2:10:32
36.1%,18080000,-600360.0008919961,299.0999912307154,705,2:10:30
36.1%,18085000,-599098.6113378867,300.8966963250508,705,2:10:29
36.1%,18090000,-599484.581165696,300.5270469256674,705,2:10:28
36.2%,18095000,-599975.675797509,297.9253215870548,705,2:10:27
36.2%,18100000,-600194.0031345366,301.2026359095817,705,2:10:26
36.2%,18105000,-599184.0634325761,297.8098736129707,705,2:10:24
36.2%,18110000,-599303.4398132339,301.09891427030686,705,2:10:23
36.2%,18115000,-599766.8019877262,302.0806881595641,705,2:10:22
36.2%,18120000,-600108.8283982757,302.1636065939891,705,2:10:21
36.2%,18125000,-599151.0580588272,300.2569977759187,705,2:10:20
36.2%,18130000,-598863.7058935105,301.8710369937072,705,2:10:18
36.2%,18135000,-599447.3052860354,298.76382812215746,705,2:10:17
36.2%,18140000,-599605.7497287071,300.8543784849967,705,2:10:16
36.3%,18145000,-597948.6831038008,299.8913225736881,705,2:10:15
36.3%,18150000,-599628.470948325,299.6379552391492,705,2:10:13
36.3%,18155000,-600394.5570676564,300.91654277873425,705,2:10:12
36.3%,18160000,-599299.8191851247,299.3872864335413,705,2:10:11
36.3%,18165000,-599008.8238981399,301.26605133946003,705,2:10:10
36.3%,18170000,-601411.9732987299,301.0042449689915,705,2:10:08
36.3%,18175000,-598603.9816199127,303.1451842265967,705,2:10:07
36.3%,18180000,-599219.9465761799,301.07627115936776,705,2:10:06
36.3%,18185000,-599238.6707334076,299.82888842705745,705,2:10:05
36.3%,18190000,-598935.0970649999,301.7209742530629,705,2:10:03
36.4%,18195000,-599534.0585715515,298.8871508943037,705,2:10:02
36.4%,18200000,-600030.231595912,301.11216159414994,705,2:10:01
36.4%,18205000,-599469.3777887011,301.3856452352653,705,2:10:00
36.4%,18210000,-599828.5808462277,298.98603971358403,705,2:09:59
36.4%,18215000,-600350.3802074268,297.4755013463396,705,2:09:57
36.4%,18220000,-600102.9868181776,300.8712074926936,705,2:09:56
36.4%,18225000,-599447.12389459,300.11983890998073,705,2:09:55
36.4%,18230000,-598653.0691189314,297.9049844917476,705,2:09:54
36.4%,18235000,-599684.4515009844,301.3569181681909,705,2:09:52
36.4%,18240000,-599874.7892009928,301.20234152460745,705,2:09:51
36.5%,18245000,-599822.1093316111,302.4608618217784,705,2:09:50
36.5%,18250000,-600535.6140987924,298.5333001552072,705,2:09:49
36.5%,18255000,-600284.3544350062,300.94818916347043,705,2:09:48
36.5%,18260000,-598435.5821424774,301.39634122266455,705,2:09:47
36.5%,18265000,-598641.4077423103,302.20334856551824,705,2:09:45
36.5%,18270000,-599416.7105976241,298.2774796125492,705,2:09:44
36.5%,18275000,-598512.0268473257,301.97397360638394,705,2:09:43
36.5%,18280000,-598954.7005577423,298.362949383418,705,2:09:42
36.5%,18285000,-599619.1735899681,302.0102810865464,705,2:09:40
36.5%,18290000,-599619.5493646641,301.2058005480553,705,2:09:39
36.6%,18295000,-599225.0442527384,297.58729404032624,705,2:09:38
36.6%,18300000,-599886.8892911649,303.16542319357916,705,2:09:37
36.6%,18305000,-600005.2989288173,302.1367194330039,705,2:09:36
36.6%,18310000,-600430.443830756,301.1514865202989,705,2:09:34
36.6%,18315000,-600323.4775125538,298.37344911416767,705,2:09:33
36.6%,18320000,-599169.5202397611,300.3253686861975,705,2:09:32
36.6%,18325000,-600722.9709579227,299.1897295837115,705,2:09:31
36.6%,18330000,-601420.624303279,302.6822883866069,705,2:09:29
36.6%,18335000,-599460.5704924269,300.71901046098566,705,2:09:28
36.6%,18340000,-597959.597629447,298.7135618877974,705,2:09:27
36.7%,18345000,-599833.4523372352,300.6203424304361,705,2:09:26
36.7%,18350000,-599016.1260147365,299.481734946126,705,2:09:24
36.7%,18355000,-599933.5949297561,299.91901929335256,705,2:09:23
36.7%,18360000,-600758.9388783588,298.99720181052584,705,2:09:22
36.7%,18365000,-600022.0873791194,301.0628521109564,705,2:09:21
36.7%,18370000,-598363.074589449,299.6368512954956,705,2:09:20
36.7%,18375000,-598846.9091843334,302.1022027947684,705,2:09:18
36.7%,18380000,-598400.0488067702,298.1197873946545,705,2:09:17
36.7%,18385000,-600313.3107580082,301.2898719902963,705,2:09:16
36.7%,18390000,-601018.4049241436,299.6197769669868,705,2:09:15
36.8%,18395000,-598983.9172456181,301.88973043957463,705,2:09:13
36.8%,18400000,-600275.2101468812,301.64892353060543,705,2:09:12
36.8%,18405000,-599979.9271511286,301.6914621593903,705,2:09:11
36.8%,18410000,-600286.7300186097,300.95459203666127,705,2:09:10
36.8%,18415000,-599033.403066881,299.4499168368215,705,2:09:09
36.8%,18420000,-597578.253685887,301.9483621136207,705,2:09:07
36.8%,18425000,-598085.5022816723,299.79091276537406,705,2:09:06
36.8%,18430000,-599250.7740208101,298.92277147619285,705,2:09:05
36.8%,18435000,-598232.8320125695,301.29139297933017,705,2:09:04
36.8%,18440000,-600261.7095953086,299.145964350867,705,2:09:02
36.9%,18445000,-600071.0692817508,298.31427773433546,705,2:09:01
36.9%,18450000,-599173.3384093451,303.15921657703785,705,2:09:00
36.9%,18455000,-599788.4131517406,302.89122812210917,705,2:08:59
36.9%,18460000,-599628.8070602063,301.3042477898742,705,2:08:58
36.9%,18465000,-599155.2034796779,299.77585006752287,705,2:08:56
36.9%,18470000,-599592.0610243217,300.4921868382952,705,2:08:55
36.9%,18475000,-600467.9257286317,301.6872181093443,705,2:08:54
36.9%,18480000,-600249.7211797549,301.1195702826696,705,2:08:53
36.9%,18485000,-599683.36297799,301.0042940331539,705,2:08:51
36.9%,18490000,-600486.1457993384,302.1407426943192,705,2:08:50
37.0%,18495000,-599807.9498065482,299.8245217166055,705,2:08:49
37.0%,18500000,-599696.8950440893,300.7129755690127,705,2:08:48
37.0%,18505000,-598458.9438172122,300.7990341098302,705,2:08:47
37.0%,18510000,-599532.1604551198,300.33204141228146,705,2:08:45
37.0%,18515000,-600410.4784499784,301.82732082502514,705,2:08:44
37.0%,18520000,-598857.5204153089,300.2612908901271,705,2:08:43
37.0%,18525000,-599472.1407847446,301.80580618982077,705,2:08:42
37.0%,18530000,-599616.2486707261,301.38974209282424,705,2:08:40
37.0%,18535000,-602093.821633711,299.24737997450995,705,2:08:39
37.0%,18540000,-599247.3676610286,299.5693880722208,705,2:08:38
37.1%,18545000,-599952.3608713625,295.9918746721616,705,2:08:37
37.1%,18550000,-597991.2049494637,300.6021886903549,705,2:08:35
37.1%,18555000,-600186.125361884,297.64653901640213,705,2:08:34
37.1%,18560000,-599242.3840497658,300.6008884900518,705,2:08:33
37.1%,18565000,-598907.890127677,300.2897235722273,705,2:08:32
37.1%,18570000,-600664.9495012551,301.45543900625324,705,2:08:31
37.1%,18575000,-599914.8692685752,300.74859615090185,705,2:08:29
37.1%,18580000,-598582.0365076303,300.00336058848666,705,2:08:28
37.1%,18585000,-599184.0576852458,300.19939644928263,705,2:08:27
37.1%,18590000,-599812.507662246,299.2528751606967,705,2:08:26
37.2%,18595000,-599320.8358342941,299.56497229760646,705,2:08:24
37.2%,18600000,-599307.9345029718,300.90422767397644,705,2:08:23
37.2%,18605000,-601396.4530448685,302.06695019409716,705,2:08:22
37.2%,18610000,-599607.5183105785,301.4936845208298,705,2:08:21
37.2%,18615000,-600336.0634850287,299.6460017617798,705,2:08:20
37.2%,18620000,-598709.6337039219,297.63140272230737,705,2:08:18
37.2%,18625000,-600870.2587656528,298.62922059266333,705,2:08:17
37.2%,18630000,-599671.5115090455,299.29637054064807,705,2:08:16
37.2%,18635000,-598570.547808222,298.97146765735664,705,2:08:15
37.2%,18640000,-598926.1603794,296.1539581325894,705,2:08:13
37.3%,18645000,-600139.0476037962,300.1665970567305,705,2:08:12
37.3%,18650000,-600559.1287804795,300.4109365853912,705,2:08:11
37.3%,18655000,-601141.205294881,299.8239574787381,705,2:08:10
37.3%,18660000,-599962.8150500492,298.93795683444995,705,2:08:08
37.3%,18665000,-599593.0434302231,300.97814283460445,705,2:08:07
37.3%,18670000,-597811.5372097427,299.14027290803074,705,2:08:06
37.3%,18675000,-600203.4958451143,297.76336078703287,705,2:08:05
37.3%,18680000,-599335.0441652443,299.55653326167686,705,2:08:04
37.3%,18685000,-599898.8432150232,298.16428858993464,705,2:08:02
37.3%,18690000,-599840.4882717961,298.3784781908118,705,2:08:01
37.4%,18695000,-600081.9615584514,300.97134744811456,705,2:08:00
37.4%,18700000,-598881.018610042,299.2286865286425,705,2:07:59
37.4%,18705000,-599048.0536323874,300.3084170180947,705,2:07:57
37.4%,18710000,-599512.4015847184,303.5261183833279,705,2:07:56
37.4%,18715000,-600451.1434184248,301.5914203322941,705,2:07:55
37.4%,18720000,-599866.9244528492,299.02175842379785,705,2:07:54
37.4%,18725000,-600098.0928476299,300.60400406436304,705,2:07:53
37.4%,18730000,-598940.2766028163,302.444351731137,705,2:07:51
37.4%,18735000,-599289.1546279187,298.4041632798186,705,2:07:50
37.4%,18740000,-598521.5289307726,300.11586471282783,705,2:07:49
37.5%,18745000,-599330.7571897102,302.9101178246261,705,2:07:48
37.5%,18750000,-601109.4344573747,300.29843246105,705,2:07:46
37.5%,18755000,-599700.8077602279,299.4849977129244,705,2:07:45
37.5%,18760000,-600176.3239457281,298.84436694470696,705,2:07:44
37.5%,18765000,-599540.8257513586,300.7810766263985,705,2:07:43
37.5%,18770000,-599831.4464001441,299.3322855075115,705,2:07:41
37.5%,18775000,-598543.5994250556,301.2140433273355,705,2:07:40
37.5%,18780000,-599475.2183567332,299.9839802443459,705,2:07:39
37.5%,18785000,-599438.7390296767,299.7584322898774,705,2:07:38
37.5%,18790000,-598080.545829895,297.49834071392826,705,2:07:36
37.6%,18795000,-600273.9114248571,300.48271745495555,705,2:07:35
37.6%,18800000,-598599.0652557621,301.0170261832919,705,2:07:34
37.6%,18805000,-598346.7361693853,304.33712445541573,705,2:07:33
37.6%,18810000,-599013.3281504619,295.88611687014793,705,2:07:32
37.6%,18815000,-598550.8967078924,301.0911376005694,705,2:07:30
37.6%,18820000,-599955.2020641766,302.031059759315,705,2:07:29
37.6%,18825000,-599724.8550293962,303.66168266398853,705,2:07:28
37.6%,18830000,-599394.9983476414,302.4774209765822,705,2:07:27
37.6%,18835000,-598725.3854761352,300.47697694795687,705,2:07:25
37.6%,18840000,-600334.1555904099,296.48094624278207,705,2:07:24
37.7%,18845000,-598919.3802233902,300.9371006627722,705,2:07:23
37.7%,18850000,-599595.6126318718,298.6062830967499,705,2:07:22
37.7%,18855000,-598448.9557761019,301.61156117095175,705,2:07:20
37.7%,18860000,-599244.7456553462,299.49687124022074,705,2:07:19
37.7%,18865000,-600975.4325619177,300.2859456317239,705,2:07:18
37.7%,18870000,-598762.4977291012,300.87559873522673,705,2:07:17
37.7%,18875000,-600830.2066416447,299.90015412291683,705,2:07:16
37.7%,18880000,-598397.6887970306,299.46875747517606,705,2:07:14
37.7%,18885000,-598757.6749764383,299.4187610937091,705,2:07:13
37.7%,18890000,-600300.5172777516,300.75009260785447,705,2:07:12
37.8%,18895000,-601340.4636635766,300.89753041581133,705,2:07:11
37.8%,18900000,-598661.1093947575,300.9129365627992,705,2:07:09
37.8%,18905000,-599605.8476012596,298.8519473577949,705,2:07:08
37.8%,18910000,-598372.8579583163,300.37016426645204,705,2:07:07
37.8%,18915000,-598715.5364224953,299.5604338625862,705,2:07:06
37.8%,18920000,-600408.3685430139,300.0672421279076,705,2:07:05
37.8%,18925000,-598716.0108593828,298.2795403073692,705,2:07:03
37.8%,18930000,-599605.7491265819,298.4478549164195,705,2:07:02
37.8%,18935000,-600570.4352681087,301.79081708821315,705,2:07:01
37.8%,18940000,-600216.1127049979,301.2020471396332,705,2:07:00
37.9%,18945000,-599381.6697644279,300.3943038343438,705,2:06:58
37.9%,18950000,-600072.67890378,300.6448254474646,705,2:06:57
37.9%,18955000,-599621.3404334309,300.9705133573541,705,2:06:56
37.9%,18960000,-599370.9953513606,304.3396757918596,705,2:06:55
37.9%,18965000,-598354.5828844118,301.1954970739552,705,2:06:54
37.9%,18970000,-599902.7589342231,302.2167921460108,705,2:06:52
37.9%,18975000,-598877.5213679946,302.80222573154884,705,2:06:51
37.9%,18980000,-598777.6801974024,300.48512159891226,705,2:06:50
37.9%,18985000,-599845.8529310608,300.2810146834045,705,2:06:49
37.9%,18990000,-598352.2851503026,298.68534999442795,705,2:06:47
38.0%,18995000,-601663.2025844813,300.211785150284,705,2:06:46
38.0%,19000000,-599615.0160768712,300.47820355201645,705,2:06:45
38.0%,19005000,-598028.2980109211,301.08856173204435,705,2:06:44
38.0%,19010000,-599128.7245994271,301.12624300875353,705,2:06:43
38.0%,19015000,-599986.8566342024,300.4641957336565,705,2:06:41
38.0%,19020000,-598822.7211043956,300.61310546648485,705,2:06:40
38.0%,19025000,-600451.7249011504,300.35573940271183,705,2:06:39
38.0%,19030000,-598782.0196494982,297.47290094573344,705,2:06:38
38.0%,19035000,-599944.0717408396,302.51122618446317,705,2:06:36
38.0%,19040000,-600924.194596325,303.86961658416203,705,2:06:35
38.1%,19045000,-597948.1437383364,301.3472770602829,705,2:06:34
38.1%,19050000,-599059.0742871286,302.26335403611097,705,2:06:33
38.1%,19055000,-598103.7034422569,300.9401917050022,705,2:06:32
38.1%,19060000,-600247.7647089972,299.77854859645385,705,2:06:30
38.1%,19065000,-599868.866525433,298.7035527986716,705,2:06:29
38.1%,19070000,-599736.9537814567,300.8149308984418,705,2:06:28
38.1%,19075000,-600132.7998565603,299.57699301739,705,2:06:27
38.1%,19080000,-599728.0255155279,302.3230651217295,705,2:06:25
38.1%,19085000,-599742.8047378743,300.57755848083934,705,2:06:24
38.1%,19090000,-600740.5927802152,297.7766817071195,705,2:06:23
38.2%,19095000,-600308.6660227273,302.9259410169942,705,2:06:22
38.2%,19100000,-599663.9083480854,300.75070590988423,705,2:06:20
38.2%,19105000,-600557.1823114357,298.95907895635526,705,2:06:19
38.2%,19110000,-599143.7508064327,299.9079798568167,705,2:06:18
38.2%,19115000,-601534.31854789,300.6348408904199,705,2:06:17
38.2%,19120000,-598760.746748263,301.77074984579906,705,2:06:16
38.2%,19125000,-600064.1584750623,299.7357155826947,705,2:06:14
38.2%,19130000,-600020.4899203107,302.4067685827526,705,2:06:13
38.2%,19135000,-599491.4557625391,302.2876898606523,705,2:06:12
38.2%,19140000,-600975.4959025765,299.90744015103047,705,2:06:11
38.3%,19145000,-598217.9248513551,303.42902040597465,705,2:06:09
38.3%,19150000,-599787.2367288535,298.8933575108451,705,2:06:08
38.3%,19155000,-599102.8384430255,297.503443386816,705,2:06:07
38.3%,19160000,-600206.2449161927,302.02068268897125,705,2:06:06
38.3%,19165000,-597535.1677565435,297.54544230981475,705,2:06:05
38.3%,19170000,-599466.0607667919,301.0500218324936,705,2:06:03
38.3%,19175000,-600596.3020165865,297.72369241174727,705,2:06:02
38.3%,19180000,-599850.3496806435,299.98469167470046,705,2:06:01
38.3%,19185000,-598899.2108227634,301.5714021540424,705,2:06:00
38.3%,19190000,-599115.4032014748,300.7242848584417,705,2:05:58
38.4%,19195000,-599683.4231786565,302.376741315375,705,2:05:57
38.4%,19200000,-600045.5787353581,299.5949259687405,705,2:05:56
38.4%,19205000,-600207.765580324,297.1847471200659,705,2:05:55
38.4%,19210000,-598510.5496506435,297.6701634105889,705,2:05:54
38.4%,19215000,-600546.5161903594,299.0788936408913,705,2:05:52
38.4%,19220000,-600205.5120789479,301.9071972813825,705,2:05:51
38.4%,19225000,-598910.9712614417,301.66432967759323,705,2:05:50
38.4%,19230000,-600090.1856669486,299.0499212530049,705,2:05:49
38.4%,19235000,-599484.9975372553,301.7367238491874,705,2:05:47
38.4%,19240000,-599115.5065669352,302.026177875158,705,2:05:46
38.5%,19245000,-599056.7564046271,301.6733574834715,705,2:05:45
38.5%,19250000,-598694.6293711998,301.4579167464536,705,2:05:44
38.5%,19255000,-598933.06408461,302.16453881307433,705,2:05:42
38.5%,19260000,-597803.4288771595,302.561075373443,705,2:05:41
38.5%,19265000,-599014.3232701132,299.9927136652499,705,2:05:40
38.5%,19270000,-598895.500798801,301.49800216711935,705,2:05:39
38.5%,19275000,-598986.3222250985,300.2874911528389,705,2:05:37
38.5%,19280000,-600781.0574006108,297.8308485423888,705,2:05:36
38.5%,19285000,-599278.7472152608,299.77251370448096,705,2:05:35
38.5%,19290000,-599407.5512169991,298.4800164748607,705,2:05:34
38.6%,19295000,-598834.3476360408,299.68868758305183,705,2:05:33
38.6%,19300000,-599464.6404085229,300.3671713525467,705,2:05:31
38.6%,19305000,-599533.3138605659,300.2235605492556,705,2:05:30
38.6%,19310000,-598670.066274106,298.79005291695046,705,2:05:29
38.6%,19315000,-600771.4677826623,298.0506805219399,705,2:05:28
38.6%,19320000,-599550.040485838,297.91182894239984,705,2:05:26
38.6%,19325000,-598752.7808445683,302.8338230521226,705,2:05:25
38.6%,19330000,-601042.0578751266,298.133353635553,705,2:05:24
38.6%,19335000,-599317.5272658998,298.30000006308234,705,2:05:23
38.6%,19340000,-598010.6916322666,299.14000305513764,705,2:05:22
38.7%,19345000,-599373.919054708,301.73910346106294,705,2:05:20
38.7%,19350000,-598750.6971931788,301.3439897614033,705,2:05:19
38.7%,19355000,-597959.1214193744,300.8717471984798,705,2:05:18
38.7%,19360000,-598317.0210683271,299.58415638509774,705,2:05:17
38.7%,19365000,-599640.5921159489,297.0174628584256,705,2:05:15
38.7%,19370000,-600220.1969143902,302.81493334960567,705,2:05:14
38.7%,19375000,-600258.7216589935,301.4197448281206,705,2:05:13
38.7%,19380000,-598304.4070973732,303.84881337931216,705,2:05:12
38.7%,19385000,-599610.6220506686,299.7857855604052,705,2:05:10
38.7%,19390000,-599102.3129818672,298.8082066570317,705,2:05:09
38.8%,19395000,-599266.0305916835,300.26524055519883,705,2:05:08
38.8%,19400000,-598404.4319812423,301.4749665428812,705,2:05:07
38.8%,19405000,-600837.7568990234,298.8116411483984,705,2:05:06
38.8%,19410000,-599479.4341394487,300.42379139593515,705,2:05:04
38.8%,19415000,-598976.646805448,297.6776211632709,705,2:05:03
38.8%,19420000,-599538.868975197,302.3937175155591,705,2:05:02
38.8%,19425000,-599414.5781956846,299.0858607519495,705,2:05:01
38.8%,19430000,-600018.1192727885,299.3714632411732,705,2:04:59
38.8%,19435000,-598670.4162896867,300.13514692864385,706,2:04:58
38.8%,19440000,-599370.9849891285,298.72362004108567,706,2:04:57
38.9%,19445000,-598670.1457947106,299.8040864929735,706,2:04:56
38.9%,19450000,-601181.9326298083,301.45087603915175,706,2:04:54
38.9%,19455000,-599745.4756267862,299.1110797314137,706,2:04:53
38.9%,19460000,-598975.1560230413,301.0011293946803,706,2:04:52
38.9%,19465000,-601156.3756874427,301.3458051354114,706,2:04:51
38.9%,19470000,-600038.4793999391,298.61823022028983,706,2:04:49
38.9%,19475000,-600371.1692133388,301.4609587245212,706,2:04:48
38.9%,19480000,-600304.4520304375,302.87680325836897,706,2:04:47
38.9%,19485000,-599161.1034468622,302.8688548640631,706,2:04:46
38.9%,19490000,-599443.9335336164,299.11463688318634,706,2:04:44
39.0%,19495000,-598408.2761332197,302.4302948486146,706,2:04:43
39.0%,19500000,-599634.0159737263,301.4683183488785,706,2:04:42
39.0%,19505000,-600201.6824578,300.8970643062687,706,2:04:41
39.0%,19510000,-599173.2159234695,301.6587608951629,706,2:04:40
39.0%,19515000,-599830.8516180646,298.5935264145307,706,2:04:38
39.0%,19520000,-598771.8889331617,300.202781876487,706,2:04:37
39.0%,19525000,-600592.6190690319,302.06587078252477,706,2:04:36
39.0%,19530000,-600335.752724858,296.50722010173746,706,2:04:35
39.0%,19535000,-599584.90265036,296.80079551734815,706,2:04:33
39.0%,19540000,-600055.8291679178,299.47930627008805,706,2:04:32
39.1%,19545000,-598369.5525161917,299.3309362430459,706,2:04:31
39.1%,19550000,-599590.4166544005,301.8466521050035,706,2:04:30
39.1%,19555000,-599821.6593180685,298.4471925502273,706,2:04:29
39.1%,19560000,-599519.7713045683,299.2828042997495,706,2:04:27
39.1%,19565000,-599532.3049706663,300.2004267966926,706,2:04:26
39.1%,19570000,-600108.9701189408,303.73863980268413,706,2:04:25
39.1%,19575000,-600819.7323735533,299.1835474992514,706,2:04:24
39.1%,19580000,-599959.0863087024,300.21360052429213,706,2:04:22
39.1%,19585000,-599892.5829108595,300.492162306214,706,2:04:21
39.1%,19590000,-599052.0967039755,300.2827809932503,706,2:04:20
39.2%,19595000,-600025.8375951867,300.7614018972834,706,2:04:19
39.2%,19600000,-598372.7639726955,305.3622465321371,706,2:04:17
39.2%,19605000,-599664.3425829532,301.42585331633717,706,2:04:16
39.2%,19610000,-600534.6905963826,297.8559448614471,706,2:04:15
39.2%,19615000,-599238.802615406,296.66339133059824,706,2:04:14
39.2%,19620000,-599505.1002155864,299.85599637677336,706,2:04:13
39.2%,19625000,-599468.4676116323,298.81397169611154,706,2:04:11
39.2%,19630000,-600530.7271405743,302.2725780986388,706,2:04:10
39.2%,19635000,-599748.3021624172,302.92846782135683,706,2:04:09
39.2%,19640000,-599350.233714873,300.545249729911,706,2:04:08
39.3%,19645000,-600026.5876227464,299.8131878950953,706,2:04:06
39.3%,19650000,-599147.7918097237,303.3137196243777,706,2:04:05
39.3%,19655000,-599811.3924508034,298.9079050349912,706,2:04:04
39.3%,19660000,-599692.6603635359,301.17305021966564,706,2:04:03
39.3%,19665000,-600976.7963085766,300.2844491747713,706,2:04:02
39.3%,19670000,-598799.6994418232,299.8586703736231,706,2:04:00
39.3%,19675000,-598830.2237751218,298.6405544141735,706,2:03:59
39.3%,19680000,-600747.5533187715,302.278907375586,706,2:03:58
39.3%,19685000,-600504.9715401051,300.59551596427104,706,2:03:57
39.3%,19690000,-601193.0322395242,298.8241034456433,706,2:03:55
39.4%,19695000,-600803.9472348462,298.7430249173076,706,2:03:54
39.4%,19700000,-599425.9868843127,296.41677031838685,706,2:03:53
39.4%,19705000,-598994.7592601632,300.25442190739363,706,2:03:52
39.4%,19710000,-599284.7614000938,301.46358365720863,706,2:03:51
39.4%,19715000,-599003.9798643589,301.39526181109215,706,2:03:49
39.4%,19720000,-600057.2350000846,302.7990856251564,706,2:03:48
39.4%,19725000,-599498.1277244622,299.95140164052447,706,2:03:47
39.4%,19730000,-599239.2050281912,300.75468010703713,706,2:03:46
39.4%,19735000,-599886.1410040045,298.26599859855185,706,2:03:44
39.4%,19740000,-600502.4403631198,303.15009064283487,706,2:03:43
39.5%,19745000,-599518.8622869495,299.55390832898945,706,2:03:42
39.5%,19750000,-599756.3650865252,301.90420436747723,706,2:03:41
39.5%,19755000,-600074.9467981732,299.0621136973568,706,2:03:39
39.5%,19760000,-599931.740902503,299.6970530227379,706,2:03:38
39.5%,19765000,-598387.4128329298,299.0952320069644,706,2:03:37
39.5%,19770000,-599993.1202822365,300.3178618693532,706,2:03:36
39.5%,19775000,-598425.1514720209,301.7275733829032,706,2:03:34
39.5%,19780000,-599287.4183522374,299.86904744396685,706,2:03:33
39.5%,19785000,-597918.7560913325,299.5468676216876,706,2:03:32
39.5%,19790000,-598803.1094146217,301.57692187231027,706,2:03:31
39.6%,19795000,-600254.5021919115,302.32630335644666,706,2:03:30
39.6%,19800000,-600096.781199031,300.2952923546576,706,2:03:28
39.6%,19805000,-599299.3776937602,300.1441256703597,706,2:03:27
39.6%,19810000,-599788.1753702923,301.5406879883914,706,2:03:26
39.6%,19815000,-598748.7542726649,301.9948749395585,706,2:03:25
39.6%,19820000,-598206.7110008765,301.4078222366619,706,2:03:23
39.6%,19825000,-599178.2833464695,302.11729002470076,706,2:03:22
39.6%,19830000,-599452.106739019,302.70395021429835,706,2:03:21
39.6%,19835000,-600729.317233894,299.73134887224273,706,2:03:20
39.6%,19840000,-600408.8624400729,302.9899942809835,706,2:03:19
39.7%,19845000,-599223.6524844444,300.97664637765183,706,2:03:17
39.7%,19850000,-600197.314640827,298.88903986455546,706,2:03:16
39.7%,19855000,-598994.9600160723,296.8047451824199,706,2:03:15
39.7%,19860000,-599324.771813469,298.96158122863676,706,2:03:14
39.7%,19865000,-599291.6614056011,300.4341439341977,706,2:03:12
39.7%,19870000,-599354.0966864596,300.6763246397136,706,2:03:11
39.7%,19875000,-598594.5410815091,297.38640082745457,706,2:03:10
39.7%,19880000,-599063.0234480565,300.68213874295583,706,2:03:09
39.7%,19885000,-599292.4256141875,300.9617308722878,706,2:03:07
39.7%,19890000,-599253.8812537519,299.84571743475436,706,2:03:06
39.8%,19895000,-600220.6534213694,299.77521223341193,706,2:03:05
39.8%,19900000,-600360.598747002,301.52167562546856,706,2:03:04
39.8%,19905000,-598143.0443956922,302.2302357265034,706,2:03:03
39.8%,19910000,-598932.4037701106,300.93690440612266,706,2:03:01
39.8%,19915000,-600141.2118005767,298.2951427110065,706,2:03:00
39.8%,19920000,-598834.0026746658,299.9500278439778,706,2:02:59
39.8%,19925000,-600833.4593388564,301.6792942471196,706,2:02:58
39.8%,19930000,-599931.4445264814,300.94823822763277,706,2:02:56
39.8%,19935000,-600163.6985522788,304.2919608939434,706,2:02:55
39.8%,19940000,-599159.610427869,301.2707860311299,706,2:02:54
39.9%,19945000,-599653.6169031817,301.902634314281,706,2:02:53
39.9%,19950000,-599311.7774047474,300.44297548342644,706,2:02:51
39.9%,19955000,-599646.4555722168,299.9751486951172,706,2:02:50
39.9%,19960000,-598932.4197473298,300.6766190246879,706,2:02:49
39.9%,19965000,-600550.6794661083,299.7593154448003,706,2:02:48
39.9%,19970000,-598840.001923339,298.1595538982648,706,2:02:47
39.9%,19975000,-601232.9854707653,299.8035958513497,706,2:02:45
39.9%,19980000,-599627.885794457,299.5467204292005,706,2:02:44
39.9%,19985000,-599257.0917567029,298.92765336034984,706,2:02:43
39.9%,19990000,-599703.8577101803,298.7134146953103,706,2:02:42
40.0%,19995000,-599654.2903636168,300.73863612593834,706,2:02:40
40.0%,20000000,-599716.0911161844,301.4642950875632,706,2:02:39
40.0%,20005000,-598520.4035449373,299.61150965562547,706,2:02:38
40.0%,20010000,-599763.968260258,297.1845263313352,706,2:02:37
40.0%,20015000,-599270.0015402925,298.36160011895254,706,2:02:36
40.0%,20020000,-599515.9583486505,300.2779236411745,706,2:02:34
40.0%,20025000,-599491.36716621,302.71278176352706,706,2:02:33
40.0%,20030000,-600124.4820161471,299.6144289732872,706,2:02:32
40.0%,20035000,-600461.1681293277,300.5757431068312,706,2:02:31
40.0%,20040000,-599975.3338040262,298.7913285851724,706,2:02:29
40.0%,20045000,-598716.6514878967,302.21154228063597,706,2:02:28
40.1%,20050000,-599092.7313290937,298.48013913526665,706,2:02:27
40.1%,20055000,-600157.6332729654,300.0545835740132,706,2:02:26
40.1%,20060000,-599089.8884540983,300.96661275644476,706,2:02:25
40.1%,20065000,-599870.2664400544,304.05743419775905,706,2:02:23
40.1%,20070000,-600195.7932243971,298.6699438474401,706,2:02:22
40.1%,20075000,-598697.4089692025,301.0303716354597,706,2:02:21
40.1%,20080000,-599811.4376262221,302.45965974980004,706,2:02:20
40.1%,20085000,-599993.9923009705,298.2739715249389,706,2:02:18
40.1%,20090000,-599757.8267236534,301.72217632504123,706,2:02:17
40.1%,20095000,-599258.6594900326,298.4080393486468,706,2:02:16
40.2%,20100000,-599265.4470006386,300.02102368694403,706,2:02:15
40.2%,20105000,-598515.3225533594,299.6175936117608,706,2:02:14
40.2%,20110000,-601042.5697140591,300.96641649979523,706,2:02:12
40.2%,20115000,-599040.4624525751,301.1482482855817,706,2:02:11
40.2%,20120000,-599858.7799387225,299.18953332706195,706,2:02:10
40.2%,20125000,-600334.3548389045,298.8850901994837,706,2:02:09
40.2%,20130000,-599299.0368105727,303.0965616416765,706,2:02:07
40.2%,20135000,-599251.1585465851,298.696021449746,706,2:02:06
40.2%,20140000,-600018.934361368,300.06326793075465,706,2:02:05
40.2%,20145000,-599042.866938449,302.3428379791693,706,2:02:04
40.3%,20150000,-599379.125290018,299.4059553473275,706,2:02:02
40.3%,20155000,-599100.8924055053,297.4334778912597,706,2:02:01
40.3%,20160000,-601042.4214221598,302.08549644747745,706,2:02:00
40.3%,20165000,-600233.2715528025,304.55249159619,706,2:01:59
40.3%,20170000,-600034.5609277105,299.2736783655465,706,2:01:58
40.3%,20175000,-600383.0987682822,299.29423624958446,706,2:01:56
40.3%,20180000,-600188.7934131795,299.0970473809725,706,2:01:55
40.3%,20185000,-599696.1638636938,299.5017285922965,706,2:01:54
40.3%,20190000,-599518.2377447258,300.66008440196526,706,2:01:53
40.3%,20195000,-599063.2896454004,300.5284943184576,706,2:01:51
40.4%,20200000,-599037.9908398427,300.73211059234154,706,2:01:50
40.4%,20205000,-598904.6498934268,301.5549901917257,706,2:01:49
40.4%,20210000,-598405.7692094529,298.47339281293915,706,2:01:48
40.4%,20215000,-598552.6006728797,298.1732182674881,706,2:01:47
40.4%,20220000,-600147.0141807646,300.5097518084279,706,2:01:45
40.4%,20225000,-600216.0611762139,299.8349233190304,706,2:01:44
40.4%,20230000,-601286.2366688112,301.25751417520564,706,2:01:43
40.4%,20235000,-599046.0744297802,302.24875744780246,706,2:01:42
40.4%,20240000,-598477.636333459,300.59404403939953,706,2:01:40
40.4%,20245000,-599089.775078373,302.14947611522314,706,2:01:39
40.5%,20250000,-599557.5629341938,300.90555240636075,706,2:01:38
40.5%,20255000,-598611.3822842031,303.495404217677,706,2:01:37
40.5%,20260000,-598838.8387743719,301.72791683203985,706,2:01:36
40.5%,20265000,-600501.7473659408,301.49277683382576,706,2:01:34
40.5%,20270000,-598198.3438682407,300.42244213146967,706,2:01:33
40.5%,20275000,-600603.5466700187,300.8081109798708,706,2:01:32
40.5%,20280000,-598670.9803472497,299.84522679313056,706,2:01:31
40.5%,20285000,-599464.2975470722,299.4809744516091,706,2:01:29
40.5%,20290000,-599539.0471210708,301.4398366026159,706,2:01:28
40.5%,20295000,-599357.4067165894,299.22736179625826,706,2:01:27
40.6%,20300000,-598341.8383722655,301.09459662401736,706,2:01:26
40.6%,20305000,-599387.7674180171,299.67831051270815,706,2:01:24
40.6%,20310000,-599895.6385204219,301.2838616304046,706,2:01:23
40.6%,20315000,-598473.630737911,301.67853375260273,706,2:01:22
40.6%,20320000,-598449.1720150616,301.63037727722514,706,2:01:21
40.6%,20325000,-600094.2060845406,299.01398175406035,706,2:01:19
40.6%,20330000,-599140.7202859544,299.4790609492762,706,2:01:18
40.6%,20335000,-600129.3657896775,300.43917301084184,706,2:01:17
40.6%,20340000,-600345.4604446995,300.37487442604066,706,2:01:16
40.6%,20345000,-599574.3121259399,300.0947671230037,706,2:01:15
40.7%,20350000,-599512.7248357185,301.4843132658149,706,2:01:13
40.7%,20355000,-599816.1169042294,302.62260183306955,706,2:01:12
40.7%,20360000,-600466.80535061,299.12727090499965,706,2:01:11
40.7%,20365000,-599919.433499136,300.45784192462804,706,2:01:10
40.7%,20370000,-599592.0691563291,299.31430349199854,706,2:01:08
40.7%,20375000,-599231.7976459414,301.0485253755409,706,2:01:07
40.7%,20380000,-598662.8082918175,302.2617594508336,706,2:01:06
40.7%,20385000,-598469.3479204308,302.52898741124534,706,2:01:05
40.7%,20390000,-599658.1560515328,299.6050577182723,706,2:01:03
40.7%,20395000,-600556.9951087916,303.08657708463176,706,2:01:02
40.8%,20400000,-600292.8510426497,298.7371126857406,706,2:01:01
40.8%,20405000,-598561.1450477694,302.875772910959,706,2:01:00
40.8%,20410000,-599454.7102490389,297.5480917745833,706,2:00:59
40.8%,20415000,-599317.9409114528,302.8383369550617,706,2:00:57
40.8%,20420000,-598812.8329023225,300.05804259746105,706,2:00:56
40.8%,20425000,-599372.2098979093,300.28464543142076,706,2:00:55
40.8%,20430000,-599140.819320587,299.9264279818722,706,2:00:54
40.8%,20435000,-599398.5225776853,300.1733679111391,706,2:00:53
40.8%,20440000,-599591.9175927616,302.3855238004414,706,2:00:51
40.8%,20445000,-599613.1023368672,301.1573742197847,706,2:00:50
40.9%,20450000,-599062.8918267256,300.0834333014936,706,2:00:49
40.9%,20455000,-599924.9519283492,299.1383103415355,706,2:00:48
40.9%,20460000,-599281.5279920734,301.32441316061306,706,2:00:47
40.9%,20465000,-599208.1817980511,301.0820361984476,706,2:00:45
40.9%,20470000,-598962.1158031742,302.1424108758402,706,2:00:44
40.9%,20475000,-599794.3534464408,297.8897746014093,706,2:00:43
40.9%,20480000,-598903.1052612965,299.24576085715137,706,2:00:42
40.9%,20485000,-600635.8005525698,299.6357964160044,706,2:00:40
40.9%,20490000,-600587.5916970386,295.242983829649,706,2:00:39
40.9%,20495000,-601064.920600201,297.76436660236175,706,2:00:38
41.0%,20500000,-601683.4176310976,300.2777028524438,706,2:00:37
41.0%,20505000,-599085.9155499996,297.35885130027725,706,2:00:36
41.0%,20510000,-599073.4617204671,301.33508461593107,706,2:00:34
41.0%,20515000,-599315.9605506975,300.79079133055,706,2:00:33
41.0%,20520000,-599880.9411739334,299.97036493928505,706,2:00:32
41.0%,20525000,-598324.7802236523,300.1188821588143,706,2:00:31
41.0%,20530000,-598014.6775376564,301.5576151244131,706,2:00:29
41.0%,20535000,-600381.122232025,303.13129906864265,706,2:00:28
41.0%,20540000,-598851.7904235278,301.63032821306274,706,2:00:27
41.0%,20545000,-599875.9027288863,298.2276058914882,706,2:00:26
41.1%,20550000,-599252.8205301482,299.75043483140917,706,2:00:24
41.1%,20555000,-600227.5230556359,299.53106896140076,706,2:00:23
41.1%,20560000,-599808.318082571,297.58864330479173,706,2:00:22
41.1%,20565000,-599062.9557367149,300.2190957104788,706,2:00:21
41.1%,20570000,-600078.3148154644,301.0579702267994,706,2:00:20
41.1%,20575000,-600009.3730714926,298.0281846034879,706,2:00:18
41.1%,20580000,-599360.9078191416,300.5949271943224,706,2:00:17
41.1%,20585000,-599063.8492599782,300.183377000265,706,2:00:16
41.1%,20590000,-601101.9996326901,301.5700283574957,706,2:00:15
41.1%,20595000,-598650.377406172,301.88322943805906,706,2:00:13
41.2%,20600000,-599598.8992905016,301.48465671495154,706,2:00:12
41.2%,20605000,-599417.1147366855,299.5290573307431,706,2:00:11
41.2%,20610000,-600171.1593419216,300.39945557139384,706,2:00:10
41.2%,20615000,-599301.6426091888,299.3450667218118,706,2:00:09
41.2%,20620000,-599209.1490520476,299.1484175589861,706,2:00:07
41.2%,20625000,-599979.0760785695,301.1828875842231,706,2:00:06
41.2%,20630000,-600012.7478287355,302.45651964340766,706,2:00:05
41.2%,20635000,-598918.9342878796,299.542549975398,706,2:00:04
41.2%,20640000,-599985.0127174323,301.72747525457845,706,2:00:02
41.2%,20645000,-600394.4525434976,300.0909401183379,706,2:00:01
41.3%,20650000,-599242.6582816658,297.0072084484878,706,2:00:00
41.3%,20655000,-600236.3409747849,300.46211050675527,706,1:59:59
41.3%,20660000,-600110.9435508144,300.18259197366694,706,1:59:58
41.3%,20665000,-598239.660259699,298.64256604483114,706,1:59:56
41.3%,20670000,-598873.3737146365,300.2656085364167,706,1:59:55
41.3%,20675000,-599717.8986623404,300.10362320431364,706,1:59:54
41.3%,20680000,-601204.1435375777,298.3538970454586,706,1:59:53
41.3%,20685000,-601178.3052799841,300.1973112223814,706,1:59:51
41.3%,20690000,-599388.6566690421,299.7037993450654,706,1:59:50
41.3%,20695000,-600592.7123797331,301.24694084821243,706,1:59:49
41.4%,20700000,-600030.3883325597,298.4766801118187,706,1:59:48
41.4%,20705000,-599625.1411970933,299.56340224441027,706,1:59:46
41.4%,20710000,-599179.9202511222,301.65601330206954,706,1:59:45
41.4%,20715000,-599181.4220396588,298.7036509269963,706,1:59:44
41.4%,20720000,-599570.0444971677,299.64646787132244,706,1:59:43
41.4%,20725000,-598779.9110451378,301.5400501542805,706,1:59:41
41.4%,20730000,-599407.2171081738,298.09952389559083,706,1:59:40
41.4%,20735000,-599369.4041177984,301.4029648845861,706,1:59:39
41.4%,20740000,-599331.1103210859,300.0760491450551,706,1:59:38
41.4%,20745000,-598133.0578144635,301.20543256683754,706,1:59:37
41.5%,20750000,-599686.7200757703,300.241223647713,706,1:59:35
41.5%,20755000,-598837.090272468,297.605128863352,706,1:59:34
41.5%,20760000,-599185.6092709522,303.465573206949,706,1:59:33
41.5%,20765000,-598225.4557462465,298.79782958668795,706,1:59:32
41.5%,20770000,-599953.6592379226,300.55263388634944,706,1:59:30
41.5%,20775000,-598564.94160133,298.9846168528749,706,1:59:29
41.5%,20780000,-597606.5951286419,299.6156555773468,706,1:59:28
41.5%,20785000,-599315.5884108548,301.53112047672704,706,1:59:27
41.5%,20790000,-600210.203478389,299.03338663028234,706,1:59:25
41.5%,20795000,-599858.6664081155,300.6456840703063,706,1:59:24
41.6%,20800000,-599772.8026764547,300.1930671723354,706,1:59:23
41.6%,20805000,-599427.262426402,298.3915537900865,706,1:59:22
41.6%,20810000,-600120.5782450908,298.685742507727,706,1:59:21
41.6%,20815000,-599502.1377256545,299.81954170412376,706,1:59:19
41.6%,20820000,-598051.4505160898,299.35360388606625,706,1:59:18
41.6%,20825000,-600407.0116741066,299.6675163969842,706,1:59:17
41.6%,20830000,-599452.9267124836,299.4605146958959,706,1:59:16
41.6%,20835000,-599888.9332246785,300.4935606348419,706,1:59:15
41.6%,20840000,-600190.3739330587,301.96259072071143,706,1:59:13
41.6%,20845000,-599269.9644407053,300.15317800831906,706,1:59:12
41.7%,20850000,-600040.4800868034,300.49370782732905,706,1:59:11
41.7%,20855000,-599168.7156812642,300.47285555831684,706,1:59:10
41.7%,20860000,-599834.8686697185,299.97944180932564,706,1:59:08
41.7%,20865000,-597969.2786380206,300.9330528693757,706,1:59:07
41.7%,20870000,-598878.2144357804,299.93020592237565,706,1:59:06
41.7%,20875000,-600478.0118662193,301.61766965916826,706,1:59:05
41.7%,20880000,-599177.1622509831,299.21004214693755,706,1:59:04
41.7%,20885000,-599166.7324486845,301.98202012901453,706,1:59:02
41.7%,20890000,-600172.9340759087,299.9742655401943,706,1:59:01
41.7%,20895000,-599524.6780255251,301.3522816048458,706,1:59:00
41.8%,20900000,-601219.7755098795,298.4376986348065,706,1:58:59
41.8%,20905000,-599548.3130304376,298.17184447094144,706,1:58:57
41.8%,20910000,-598886.5754130334,300.33805177217323,706,1:58:56
41.8%,20915000,-598067.8384417212,300.56661717262824,706,1:58:55
41.8%,20920000,-599849.7267701621,301.18173457640717,706,1:58:54
41.8%,20925000,-599824.3059466016,300.2004513287738,706,1:58:53
41.8%,20930000,-598209.5263486891,300.5631826812615,706,1:58:51
41.8%,20935000,-597952.3419796089,299.6624627882589,706,1:58:50
41.8%,20940000,-599848.2647007587,301.17098952484554,706,1:58:49
41.8%,20945000,-599063.9010830554,301.171431102307,706,1:58:48
41.9%,20950000,-599931.52959387,300.9050862968181,706,1:58:46
41.9%,20955000,-599433.5985001917,300.35402215702845,706,1:58:45
41.9%,20960000,-598021.216440402,299.3112615139309,706,1:58:44
41.9%,20965000,-599556.6047407268,299.83531583232946,706,1:58:43
41.9%,20970000,-600483.8417416066,299.4137565491462,706,1:58:42
41.9%,20975000,-600070.2500922559,298.58096598896094,706,1:58:40
41.9%,20980000,-600329.5094708954,302.1972891414641,706,1:58:39
41.9%,20985000,-600543.0366418469,299.7252649161074,706,1:58:38
41.9%,20990000,-600643.0484323152,301.12624300875353,706,1:58:37
41.9%,20995000,-598546.2556052278,299.09699831681013,706,1:58:35
42.0%,21000000,-600093.3332646666,298.00372611854067,706,1:58:34
42.0%,21005000,-598336.3448456931,301.9137228149792,706,1:58:33
42.0%,21010000,-599682.157654976,299.5126208363452,706,1:58:32
42.0%,21015000,-598689.9231824959,300.1816106904193,706,1:58:31
42.0%,21020000,-599560.3805010458,301.0511503082284,706,1:58:29
42.0%,21025000,-598231.8411426637,301.34276315734377,706,1:58:28
42.0%,21030000,-601024.6206227397,301.66702820652426,706,1:58:27
42.0%,21035000,-599523.5033600731,300.5224839585659,706,1:58:26
42.0%,21040000,-599823.404273178,300.0413607822513,706,1:58:24
42.0%,21045000,-598296.7176274848,300.7008567209045,706,1:58:23
42.1%,21050000,-599517.2302671755,300.7044384047583,706,1:58:22
42.1%,21055000,-600010.3045585225,300.4645146507119,706,1:58:21
42.1%,21060000,-601035.7915933374,302.05949244141516,706,1:58:20
42.1%,21065000,-599916.2888560598,300.136839642246,706,1:58:18
42.1%,21070000,-598300.4580773194,301.48215444267015,706,1:58:17
42.1%,21075000,-600066.4854517435,303.67897778122807,706,1:58:16
42.1%,21080000,-599596.6226860811,302.3627334970151,706,1:58:15
42.1%,21085000,-599585.23700698,300.5405395703223,706,1:58:13
42.1%,21090000,-599670.2632023506,300.95147646235,706,1:58:12
42.1%,21095000,-599955.4391426658,300.05392120782096,706,1:58:11
42.2%,21100000,-598688.1322968942,299.3411415888213,706,1:58:10
42.2%,21105000,-600753.9656253392,298.64585334371077,706,1:58:09
42.2%,21110000,-598891.51443396,301.0585344646668,706,1:58:07
42.2%,21115000,-600004.2224906557,295.9532121122049,706,1:58:06
42.2%,21120000,-600370.1795940665,300.59708601746723,706,1:58:05
42.2%,21125000,-600119.5449225963,300.6041512568502,706,1:58:04
42.2%,21130000,-598350.1693039532,300.0141056400483,706,1:58:02
42.2%,21135000,-600341.7395091709,300.39631546500146,706,1:58:01
42.2%,21140000,-600355.5786483972,301.8196177515312,706,1:58:00
42.2%,21145000,-599242.3136980408,300.5977974478218,706,1:57:59
42.3%,21150000,-599721.0445464011,299.3781850314195,706,1:57:58
42.3%,21155000,-598459.2461581198,298.8931367221143,706,1:57:56
42.3%,21160000,-598836.1894434551,302.34298517165644,706,1:57:55
42.3%,21165000,-599131.7240477479,299.6243399340883,706,1:57:54
42.3%,21170000,-598500.0671750586,297.4721404512165,706,1:57:53
42.3%,21175000,-599115.7196984394,298.9444578359655,706,1:57:52
42.3%,21180000,-601166.3154621748,299.6337111891032,706,1:57:50
42.3%,21185000,-599668.0489183213,299.72403831204787,706,1:57:49
42.3%,21190000,-600348.6643844754,299.89686682403726,706,1:57:48
42.3%,21195000,-600444.5978660109,297.18472258798465,706,1:57:47
42.4%,21200000,-599516.1485851114,301.6545168451169,706,1:57:45
42.4%,21205000,-598368.3141297093,301.48014281201245,706,1:57:44
42.4%,21210000,-599407.9419129402,298.49007462814893,706,1:57:43
42.4%,21215000,-600360.6730351313,300.50938382721,706,1:57:42
42.4%,21220000,-599856.4658874404,300.56171075639,706,1:57:41
42.4%,21225000,-600255.0274281362,299.0414086208317,706,1:57:39
42.4%,21230000,-600161.2456496656,298.9336146560792,706,1:57:38
42.4%,21235000,-599362.8019920355,298.4512158115427,706,1:57:37
42.4%,21240000,-599481.9451195151,302.33253450506913,706,1:57:36
42.4%,21245000,-598958.1182446503,299.20722095760055,706,1:57:34
42.5%,21250000,-598793.185133615,300.6439668246229,706,1:57:33
42.5%,21255000,-599385.9364185194,299.4125544771679,706,1:57:32
42.5%,21260000,-599825.7013747613,301.4035045903723,706,1:57:31
42.5%,21265000,-599364.4533528625,296.96349227980573,706,1:57:30
42.5%,21270000,-598828.8913639686,300.7226902731643,706,1:57:28
42.5%,21275000,-599471.3159615151,300.9352852887641,706,1:57:27
42.5%,21280000,-599470.0964599089,301.7286282623944,706,1:57:26
42.5%,21285000,-600124.5895068138,299.7447924527353,706,1:57:25
42.5%,21290000,-599968.9555457775,299.7516369033875,706,1:57:23
42.5%,21295000,-597762.3719223537,300.4182226135049,706,1:57:22
42.6%,21300000,-598661.3273956366,302.0740644976425,706,1:57:21
42.6%,21305000,-600827.3988701948,300.2163726494667,706,1:57:20
42.6%,21310000,-599658.8229476768,301.25930501713253,706,1:57:19
42.6%,21315000,-598776.0446903864,298.5516501519379,706,1:57:17
42.6%,21320000,-600543.6789918346,299.40742727219896,706,1:57:16
42.6%,21325000,-598529.048072374,301.72607692595057,706,1:57:15
42.6%,21330000,-599081.4235494384,301.601306761014,706,1:57:14
42.6%,21335000,-599849.1009584023,299.60648057898135,706,1:57:12
42.6%,21340000,-599982.4531529164,300.16149438384275,706,1:57:11
42.6%,21345000,-599845.9283605698,299.11789964998474,706,1:57:10
42.7%,21350000,-599622.1566237444,300.3615780380352,706,1:57:09
42.7%,21355000,-599486.1530865426,300.6683026491642,706,1:57:07
42.7%,21360000,-598845.3531826613,302.7481324925231,706,1:57:06
42.7%,21365000,-599972.1363989422,302.1463360088307,706,1:57:05
42.7%,21370000,-599849.8085946003,301.0893958228049,706,1:57:04
42.7%,21375000,-600896.5613494245,300.5129655110639,706,1:57:02
42.7%,21380000,-599516.1510474454,298.9012323089073,706,1:57:01
42.7%,21385000,-600378.3467227193,300.50619465665517,706,1:57:00
42.7%,21390000,-598958.675823208,301.223365518188,706,1:56:59
42.7%,21395000,-598997.4758137246,302.9492710262067,706,1:56:58
42.8%,21400000,-598479.7312896037,300.4637050920327,706,1:56:56
42.8%,21405000,-599801.9513523183,298.657334357708,706,1:56:55
42.8%,21410000,-599354.0105787427,300.2417878855804,706,1:56:54
42.8%,21415000,-599939.0012414297,299.7819830878206,706,1:56:53
42.8%,21420000,-600182.2825953388,299.16068359958155,706,1:56:51
42.8%,21425000,-599269.9301683456,300.7378020351779,706,1:56:50
42.8%,21430000,-599896.9746816875,302.22709562011096,706,1:56:49
42.8%,21435000,-599408.90263031,301.8509206871307,706,1:56:48
42.8%,21440000,-599978.2754226932,302.8602686356464,706,1:56:47
42.8%,21445000,-600252.1024023583,299.83803889334166,706,1:56:46
42.9%,21450000,-598296.2165304595,300.1909328812718,706,1:56:44
42.9%,21455000,-599725.237765844,301.79371187379365,706,1:56:43
42.9%,21460000,-599313.1785588944,297.8435806925269,706,1:56:42
42.9%,21465000,-599419.0662004449,302.1614477708443,706,1:56:41
42.9%,21470000,-599772.9032344841,298.7656925603279,706,1:56:39
42.9%,21475000,-600095.0360079855,301.73039457224013,706,1:56:38
42.9%,21480000,-598765.1477875314,302.3214950685333,706,1:56:37
42.9%,21485000,-599064.8413505754,300.7622114559627,706,1:56:36
42.9%,21490000,-599470.7289304538,298.240436169951,706,1:56:34
42.9%,21495000,-598326.4373716903,301.5033010966566,706,1:56:33
43.0%,21500000,-600331.018600597,298.3291932396994,706,1:56:32
43.0%,21505000,-600807.8809329579,301.83573532887357,706,1:56:31
43.0%,21510000,-599196.8991016475,301.27419599041536,706,1:56:30
43.0%,21515000,-598930.0168469343,299.94357590662463,706,1:56:28
43.0%,21520000,-601020.3662757408,299.5623718970002,706,1:56:27
43.0%,21525000,-601317.1898805369,299.82677866807506,706,1:56:26
43.0%,21530000,-600192.2412965246,300.56764752003824,706,1:56:25
43.0%,21535000,-600277.1174121816,300.83524346166786,706,1:56:23
43.0%,21540000,-599826.7216658271,300.89753041581133,706,1:56:22
43.0%,21545000,-599223.3504975489,298.73480667010864,706,1:56:21
43.1%,21550000,-599031.4603969427,299.8891882826245,706,1:56:20
43.1%,21555000,-599259.3725512931,299.53003861399077,706,1:56:19
43.1%,21560000,-599915.1761259041,301.03199075281833,706,1:56:17
43.1%,21565000,-599223.5315760258,301.0047356106153,706,1:56:16
43.1%,21570000,-600845.5854163337,299.38983776998515,706,1:56:15
43.1%,21575000,-599031.6246853508,301.1305115908807,706,1:56:14
43.1%,21580000,-599342.8352600546,302.61249461561897,706,1:56:12
43.1%,21585000,-600935.4921507342,302.5581315237,706,1:56:11
43.1%,21590000,-600027.5927154478,300.9458831478385,706,1:56:10
43.1%,21595000,-599558.6551469099,299.9969086511335,706,1:56:09
43.2%,21600000,-599734.0784539012,298.6020390467039,706,1:56:07
43.2%,21605000,-600274.6538348403,296.9220575946744,706,1:56:06
43.2%,21610000,-600425.1378632942,301.42474937268355,706,1:56:05
43.2%,21615000,-599866.525458069,302.5450559244253,706,1:56:04
43.2%,21620000,-599963.3136110557,301.6545413771981,706,1:56:03
43.2%,21625000,-601476.3349176398,302.48509951799497,706,1:56:01
43.2%,21630000,-600952.684397636,302.63957803325366,706,1:56:00
43.2%,21635000,-599427.8295165128,302.30947434874975,706,1:55:59
43.2%,21640000,-599408.4530517426,298.04501361118486,706,1:55:58
43.2%,21645000,-601279.1820285819,299.3172718738226,706,1:55:56
43.3%,21650000,-600439.5384745728,302.68702307827664,706,1:55:55
43.3%,21655000,-599654.7540901443,303.1285514755493,706,1:55:54
43.3%,21660000,-600448.0908056865,302.29382288095,706,1:55:53
43.3%,21665000,-598973.410553467,296.1254763863269,706,1:55:52
43.3%,21670000,-598058.5328960596,301.2908042093816,706,1:55:50
43.3%,21675000,-599241.1580113978,295.61275588943846,706,1:55:49
43.3%,21680000,-598942.9795475593,300.528150869321,706,1:55:48
43.3%,21685000,-600154.8701897548,298.74432511761074,706,1:55:47
43.3%,21690000,-597965.9448154457,299.27402181468324,706,1:55:45
43.3%,21695000,-598972.0699362028,301.0605951594868,706,1:55:44
43.4%,21700000,-599839.5155532747,300.5228028756214,706,1:55:43
43.4%,21705000,-600968.5723069119,300.8619834301658,706,1:55:42
43.4%,21710000,-599563.1923550554,301.7867447627355,706,1:55:41
43.4%,21715000,-599964.3595933472,299.9776019032363,706,1:55:39
43.4%,21720000,-599500.2407888025,298.66214264562143,706,1:55:38
43.4%,21725000,-600062.0437243441,300.2051124242001,706,1:55:37
43.4%,21730000,-599678.4789608833,299.21627329556,706,1:55:36
43.4%,21735000,-599112.5863861819,298.2409758757372,706,1:55:34
43.4%,21740000,-599017.515951708,298.7902001094376,706,1:55:33
43.4%,21745000,-599979.9863693556,300.44395676667403,706,1:55:32
43.5%,21750000,-598490.7931029503,299.8408110185162,706,1:55:31
43.5%,21755000,-600079.9063105788,297.8218943327542,706,1:55:30
43.5%,21760000,-600299.9406055757,297.55496075731673,706,1:55:28
43.5%,21765000,-599898.6874785107,302.09354297010805,706,1:55:27
43.5%,21770000,-599263.0308608366,300.0010791049359,706,1:55:26
43.5%,21775000,-599084.3292380963,298.08294020870585,706,1:55:25
43.5%,21780000,-599662.0343074552,300.06493611227563,706,1:55:23
43.5%,21785000,-600463.8727452564,298.49446587068206,706,1:55:22
43.5%,21790000,-599279.0259188712,298.5464493507254,706,1:55:21
43.5%,21795000,-599515.4357181215,302.3085666617457,706,1:55:20
43.6%,21800000,-599188.8338118233,299.7512443900885,706,1:55:19
43.6%,21805000,-599505.9340211428,300.267963616211,706,1:55:17
43.6%,21810000,-598711.8308860366,300.1713072163191,706,1:55:16
43.6%,21815000,-599365.8306062706,299.4819557348567,706,1:55:15
43.6%,21820000,-599774.5549051911,300.9940641552973,706,1:55:14
43.6%,21825000,-599725.7847763905,302.19535110705004,706,1:55:12
43.6%,21830000,-598742.1946962243,300.71547784129416,706,1:55:11
43.6%,21835000,-599433.4598473129,298.1387752254962,706,1:55:10
43.6%,21840000,-599281.597061079,300.26131542220827,706,1:55:09
43.6%,21845000,-599374.2661587708,302.2718912003654,706,1:55:08
43.7%,21850000,-599446.4258956425,298.83033459426576,706,1:55:06
43.7%,21855000,-599527.894288417,301.70819303876243,706,1:55:05
43.7%,21860000,-599861.4997187122,298.9172762900061,706,1:55:04
43.7%,21865000,-599585.3687591841,300.9148991292945,706,1:55:03
43.7%,21870000,-598667.2501841737,297.9650390265027,706,1:55:01
43.7%,21875000,-599040.8241939447,302.55857310116147,706,1:55:00
43.7%,21880000,-600247.5178385931,297.5715444442018,706,1:54:59
43.7%,21885000,-599382.4912367561,299.6766423311871,706,1:54:58
43.7%,21890000,-599657.4563635928,302.44592178433317,706,1:54:56
43.7%,21895000,-599402.4781475114,298.74503654796524,706,1:54:55
43.8%,21900000,-599388.1308609564,300.10134172076283,706,1:54:54
43.8%,21905000,-599165.2718788427,300.0193555054231,706,1:54:53
43.8%,21910000,-599238.432525835,303.370192475279,706,1:54:52
43.8%,21915000,-599084.8875056454,298.85049996500464,706,1:54:50
43.8%,21920000,-598423.5355724199,301.3268663687321,706,1:54:49
43.8%,21925000,-599288.6513885874,299.41763261797433,706,1:54:48
43.8%,21930000,-600171.76481188,298.3673651580324,706,1:54:47
43.8%,21935000,-598783.0734909861,300.1849470534612,706,1:54:46
43.8%,21940000,-600312.632494817,301.0644221641526,706,1:54:44
43.8%,21945000,-598120.6756128082,298.5512576386389,706,1:54:43
43.9%,21950000,-598862.7209242531,303.8997910440267,706,1:54:42
43.9%,21955000,-599474.2758494611,300.7462656031887,706,1:54:41
43.9%,21960000,-599316.4332086751,298.76159570276906,706,1:54:39
43.9%,21965000,-600962.4778747936,302.1498686285222,706,1:54:38
43.9%,21970000,-600218.1580901914,300.78299012873134,706,1:54:37
43.9%,21975000,-599686.6027291431,300.207418439832,706,1:54:36
43.9%,21980000,-599318.6565325959,301.75985760175035,706,1:54:34
43.9%,21985000,-599093.8697306425,302.55616895720476,706,1:54:33
43.9%,21990000,-599968.5198697336,300.7969734150101,706,1:54:32
43.9%,21995000,-599449.3144615144,302.23916540405685,706,1:54:31
44.0%,22000000,-598035.530772395,300.3148689554479,706,1:54:30
44.0%,22005000,-599943.4907955131,300.20197231780764,706,1:54:29
44.0%,22010000,-598358.064308804,301.7432739148653,706,1:54:27
44.0%,22015000,-600499.9995797742,300.3720777687849,706,1:54:26
44.0%,22020000,-600132.4967981214,300.2505213064843,706,1:54:25
44.0%,22025000,-598799.3094837191,301.5607797628867,706,1:54:24
44.0%,22030000,-599799.5820710277,297.41628090234497,706,1:54:22
44.0%,22035000,-601058.3033810621,300.9713719801957,706,1:54:21
44.0%,22040000,-600547.0271522896,300.9781673666856,706,1:54:20
44.0%,22045000,-599273.0105842245,300.7834317061928,706,1:54:19
44.1%,22050000,-599528.6259109676,300.342909124249,706,1:54:17
44.1%,22055000,-600016.4851619676,302.2366385996942,706,1:54:16
44.1%,22060000,-599469.6126703401,299.4374790716577,706,1:54:15
44.1%,22065000,-599154.5957460315,301.02325733191435,706,1:54:14
44.1%,22070000,-600477.8826107848,301.5222889274983,706,1:54:13
44.1%,22075000,-600351.3917759019,299.4493280668729,706,1:54:11
44.1%,22080000,-600309.3171277619,302.688985644772,706,1:54:10
44.1%,22085000,-600269.5671212454,299.5819484977905,706,1:54:09
44.1%,22090000,-598992.570409413,302.168095964847,706,1:54:08
44.1%,22095000,-599905.2769555519,301.6369028108219,706,1:54:06
44.2%,22100000,-599472.0904437145,302.7717568867098,706,1:54:05
44.2%,22105000,-598442.3726265389,297.2440902244665,706,1:54:04
44.2%,22110000,-598849.0140364706,301.37472845913544,706,1:54:03
44.2%,22115000,-598388.1663397704,302.10801689801065,706,1:54:02
44.2%,22120000,-599247.9266293575,299.58609441951177,706,1:54:00
44.2%,22125000,-599791.1671907539,300.1789366935695,706,1:53:59
44.2%,22130000,-598965.9821088803,299.89576288038364,706,1:53:58
44.2%,22135000,-600474.4864394055,300.8723850325907,706,1:53:57
44.2%,22140000,-600333.9586729179,301.3968318642884,706,1:53:55
44.2%,22145000,-599847.1924657864,300.76456653575707,706,1:53:54
44.3%,22150000,-600053.1849584044,301.1526149960336,706,1:53:53
44.3%,22155000,-600644.3665602915,303.23897037298923,706,1:53:52
44.3%,22160000,-599672.9196575717,299.32796786122185,706,1:53:51
44.3%,22165000,-600466.550212306,301.87893632385067,706,1:53:49
44.3%,22170000,-599900.9234473859,298.39285399038965,706,1:53:48
44.3%,22175000,-600855.2068329947,299.8219703801617,706,1:53:47
44.3%,22180000,-598605.4754427993,300.66646274307493,706,1:53:46
44.3%,22185000,-599802.3400658732,300.0370186038805,706,1:53:44
44.3%,22190000,-600393.9872186407,296.4759416982191,706,1:53:43
44.3%,22195000,-599628.2283909516,301.1851935998551,706,1:53:42
44.4%,22200000,-600025.7460412164,300.248804060801,706,1:53:41
44.4%,22205000,-600762.1371409628,297.006202633159,706,1:53:40
44.4%,22210000,-600312.2112128916,301.40497651524373,706,1:53:38
44.4%,22215000,-599263.985354274,300.6836842640709,706,1:53:37
44.4%,22220000,-600078.4225167152,299.3682740706184,706,1:53:36
44.4%,22225000,-599731.3127666493,299.18577991863975,706,1:53:35
44.4%,22230000,-600977.0357782468,299.0435429118953,706,1:53:33
44.4%,22235000,-599956.9598138873,300.4865444596213,706,1:53:32
44.4%,22240000,-599729.9630256197,301.10882523110797,706,1:53:31
44.4%,22245000,-599153.7008517827,300.4370632518594,706,1:53:30
44.5%,22250000,-599816.2224460682,299.5432614057526,706,1:53:29
44.5%,22255000,-598814.3452630402,299.2656318429159,705,1:53:27
44.5%,22260000,-598911.0476336386,300.9485816767695,706,1:53:26
44.5%,22265000,-599960.1019408447,299.7482760082644,706,1:53:25
44.5%,22270000,-598833.9388057953,299.3556891129675,706,1:53:24
44.5%,22275000,-599475.6099808104,296.6451394621923,706,1:53:22
44.5%,22280000,-599859.4597860174,298.9441879830724,706,1:53:21
44.5%,22285000,-599451.76814747,298.29060427598625,706,1:53:20
44.5%,22290000,-598681.0428418024,299.6298841844374,706,1:53:19
44.5%,22295000,-599102.5094477702,301.9500793593041,706,1:53:17
44.6%,22300000,-599474.5267038452,300.2468169622245,706,1:53:16
44.6%,22305000,-599971.7548995079,299.1551884133948,706,1:53:15
44.6%,22310000,-598911.3147017099,299.7782787435608,706,1:53:14
44.6%,22315000,-600006.2924868581,299.4576199103154,706,1:53:13
44.6%,22320000,-599009.1567150038,301.1112784392271,706,1:53:11
44.6%,22325000,-600486.530831364,301.1642677345993,706,1:53:10
44.6%,22330000,-601046.089790971,298.53173010201095,706,1:53:09
44.6%,22335000,-599540.6363954544,299.1626461660768,706,1:53:08
44.6%,22340000,-599878.5907091042,300.93371523556783,706,1:53:06
44.6%,22345000,-599407.1346751703,298.54819112849003,706,1:53:05
44.7%,22350000,-599159.0579788117,300.4270786948147,706,1:53:04
44.7%,22355000,-599833.26391839,300.51988355795964,706,1:53:03
44.7%,22360000,-599673.6330739134,299.2816758240147,706,1:53:02
44.7%,22365000,-599077.2471782155,298.739345105129,706,1:53:00
44.7%,22370000,-599389.3457110864,301.28395975872934,706,1:52:59
44.7%,22375000,-599229.9598550093,299.1471909549266,706,1:52:58
44.7%,22380000,-599236.0641279481,301.5321998882994,706,1:52:57
44.7%,22385000,-599299.4559688149,303.94463568844355,706,1:52:55
44.7%,22390000,-600178.2740868982,301.72458046899794,706,1:52:54
44.7%,22395000,-600976.7872102815,301.16892883002555,706,1:52:53
44.8%,22400000,-599811.1486470439,299.9698988297424,706,1:52:52
44.8%,22405000,-598819.6146189831,299.40011671200403,706,1:52:51
44.8%,22410000,-600805.7639743956,302.22125698478754,706,1:52:49
44.8%,22415000,-599412.1783240163,300.05065844102256,706,1:52:48
44.8%,22420000,-599938.7006369815,300.4824721341436,706,1:52:47
44.8%,22425000,-598872.9857953768,300.5439004654455,706,1:52:46
44.8%,22430000,-599454.172674641,300.1430707908685,706,1:52:44
44.8%,22435000,-599979.8681717576,302.337269196739,706,1:52:43
44.8%,22440000,-598168.6401058268,300.37107195345607,706,1:52:42
44.8%,22445000,-599102.4791366123,296.4136302119944,706,1:52:41
44.9%,22450000,-600168.0248788917,299.1172127517114,706,1:52:39
44.9%,22455000,-599560.4784831074,300.776906172596,706,1:52:38
44.9%,22460000,-600406.9247522415,299.6538274956797,706,1:52:37
44.9%,22465000,-598932.6397355683,300.2975983702895,706,1:52:36
44.9%,22470000,-599002.6883981917,299.010841647668,706,1:52:35
44.9%,22475000,-600196.9527975298,301.2155888484505,706,1:52:33
44.9%,22480000,-600307.17492028,302.89696862910785,706,1:52:32
44.9%,22485000,-598738.6600645683,301.58931057331165,706,1:52:31
44.9%,22490000,-597669.9670696161,300.7837260911671,706,1:52:30
44.9%,22495000,-597341.1106566302,298.861343144891,706,1:52:28
45.0%,22500000,-598843.1286962321,301.8178023775231,706,1:52:27
45.0%,22505000,-599923.6977640688,300.9762048001904,706,1:52:26
45.0%,22510000,-598964.419510297,301.43188820831006,706,1:52:25
45.0%,22515000,-598248.0149716907,299.5563124729461,706,1:52:24
45.0%,22520000,-600399.2995653898,299.88518955339043,706,1:52:22
45.0%,22525000,-600472.921159842,302.87295172162203,706,1:52:21
45.0%,22530000,-599727.3156017605,299.44437258647235,706,1:52:20
45.0%,22535000,-599725.3398726392,301.4045349377823,706,1:52:19
45.0%,22540000,-600222.3157539973,297.24310894121885,706,1:52:17
45.0%,22545000,-599177.2905856362,299.49623340610975,706,1:52:16
45.1%,22550000,-600620.4810383823,299.2876861839065,706,1:52:15
45.1%,22555000,-600741.1280908231,298.7735673583902,706,1:52:14
45.1%,22560000,-599047.9079510556,298.9506644525068,706,1:52:13
45.1%,22565000,-598655.0384792532,301.19250416004996,706,1:52:11
45.1%,22570000,-599305.0905830804,301.22537714884567,706,1:52:10
45.1%,22575000,-599888.6597130187,300.80516713012787,706,1:52:09
45.1%,22580000,-599081.9901064639,299.8015106244485,706,1:52:08
45.1%,22585000,-600121.3249133062,302.1887765092909,706,1:52:06
45.1%,22590000,-598357.0861217165,300.0257093144515,706,1:52:05
45.1%,22595000,-598226.9131784625,302.3835121697837,706,1:52:04
45.2%,22600000,-599551.9362956863,304.0513502416237,706,1:52:03
45.2%,22605000,-598970.1575582293,298.5804998794183,706,1:52:02
45.2%,22610000,-599645.1266149376,299.5299895498284,706,1:52:00
45.2%,22615000,-598825.5082509676,300.08784907610794,706,1:51:59
45.2%,22620000,-598898.759216262,301.5597984796391,706,1:51:58
45.2%,22625000,-600198.8448989233,300.16083201765065,706,1:51:57
45.2%,22630000,-599435.6233012979,299.5451013118419,706,1:51:55
45.2%,22635000,-599077.232534809,299.721364315198,706,1:51:54
45.2%,22640000,-599477.842023762,301.38625853729513,706,1:51:53
45.2%,22645000,-598713.5508533646,298.3570126197698,706,1:51:52
45.3%,22650000,-599021.4882162348,299.6936675955336,706,1:51:50
45.3%,22655000,-598964.3639892531,300.45897040036283,706,1:51:49
45.3%,22660000,-599038.1475358685,301.033241888959,706,1:51:48
45.3%,22665000,-599569.451282585,297.78033698721697,706,1:51:47
45.3%,22670000,-598184.1097690924,300.988372712461,706,1:51:46
45.3%,22675000,-598732.5856107189,299.6195316461749,706,1:51:44
45.3%,22680000,-599707.8503700676,299.1095096782175,706,1:51:43
45.3%,22685000,-600340.1614522641,301.0547565241634,706,1:51:42
45.3%,22690000,-600041.4811908952,297.9615554709736,706,1:51:41
45.3%,22695000,-600536.151873331,299.4897324045942,706,1:51:39
45.4%,22700000,-599853.2270186669,299.21357476662894,706,1:51:38
45.4%,22705000,-600241.7759791296,300.75536700531046,706,1:51:37
45.4%,22710000,-600177.8553666216,300.2462772564383,706,1:51:36
45.4%,22715000,-599325.738592478,301.8179495700102,706,1:51:35
45.4%,22720000,-600285.8580391658,299.25927803388754,706,1:51:33
45.4%,22725000,-599903.9256938961,299.9582951553391,706,1:51:32
45.4%,22730000,-599945.1248418661,300.0915779524489,706,1:51:31
45.4%,22735000,-599998.0186962625,298.96374005178154,706,1:51:30
45.4%,22740000,-597426.8613226102,302.44641242595696,706,1:51:28
45.4%,22745000,-599567.3130973158,298.00004630636204,706,1:51:27
45.5%,22750000,-599396.0891288496,298.91295864371654,706,1:51:26
45.5%,22755000,-599871.6102607367,300.62326174809783,706,1:51:25
45.5%,22760000,-600023.4048746955,299.20275611882386,706,1:51:24
45.5%,22765000,-598687.680730381,301.9031740200672,706,1:51:22
45.5%,22770000,-597953.3665787168,302.28435349761037,706,1:51:21
45.5%,22775000,-600290.1190445619,300.04913745198877,706,1:51:20
45.5%,22780000,-599952.6928682579,299.680861849152,706,1:51:19
45.5%,22785000,-599769.8680699207,297.81720870524674,706,1:51:17
45.5%,22790000,-600292.8269468644,299.91205218229436,706,1:51:16
45.5%,22795000,-597916.8492702525,302.86941910193053,706,1:51:15
45.6%,22800000,-599932.7034133561,299.8539111498721,706,1:51:14
45.6%,22805000,-600241.7111938419,301.9288345769928,706,1:51:13
45.6%,22810000,-599351.2008532556,299.5403911522533,706,1:51:11
45.6%,22815000,-600593.1674262388,297.02879667993574,706,1:51:10
45.6%,22820000,-601389.2452668794,297.4127237505723,706,1:51:09
45.6%,22825000,-600058.147912581,300.83725509232545,706,1:51:08
45.6%,22830000,-600750.9923162367,298.766600247332,706,1:51:06
45.6%,22835000,-599377.8837791891,300.10077748289547,706,1:51:05
45.6%,22840000,-599168.9752562535,301.6878314113741,706,1:51:04
45.6%,22845000,-598679.832041644,300.66911220784345,706,1:51:03
45.7%,22850000,-601260.5049715205,299.84620807637816,706,1:51:01
45.7%,22855000,-598556.8125661514,299.09268067052056,706,1:51:00
45.7%,22860000,-599872.676509887,298.40151381505,706,1:50:59
45.7%,22865000,-599864.5797171006,299.50957885827756,706,1:50:58
45.7%,22870000,-601021.186591222,299.9760073179589,706,1:50:57
45.7%,22875000,-597675.0923383799,299.624045549114,706,1:50:55
45.7%,22880000,-600260.0249209912,299.89568928414013,706,1:50:54
45.7%,22885000,-599262.8488973705,297.6942539143183,706,1:50:53
45.7%,22890000,-599549.5915551148,303.2665689643289,706,1:50:52
45.7%,22895000,-599199.3085137876,300.28037684929353,706,1:50:51
45.8%,22900000,-598958.8805889525,300.67409222032524,706,1:50:49
45.8%,22905000,-598975.4735467792,302.0961433707143,705,1:50:48
45.8%,22910000,-598315.6832159143,300.4785960653155,705,1:50:47
45.8%,22915000,-599827.7316659437,300.94014264083984,705,1:50:46
45.8%,22920000,-598758.3732066234,299.04503936884794,705,1:50:45
45.8%,22925000,-599622.1270868108,300.94480373626607,705,1:50:43
45.8%,22930000,-599234.4269499313,298.4002381468281,705,1:50:42
45.8%,22935000,-600403.3322997405,300.6814273126013,706,1:50:41
45.8%,22940000,-599507.431562569,300.3070922857104,706,1:50:40
45.8%,22945000,-600068.6791557637,298.31810473900117,706,1:50:38
45.9%,22950000,-598796.5121446722,302.2270220238674,706,1:50:37
45.9%,22955000,-600213.9289642712,303.03557488783605,705,1:50:36
45.9%,22960000,-598035.8851482151,301.3759795952762,705,1:50:35
45.9%,22965000,-601651.3250911683,296.98947175378686,705,1:50:34
45.9%,22970000,-599643.2476516603,299.66938083515464,705,1:50:32
45.9%,22975000,-599423.3813474611,299.3024790288646,706,1:50:31
45.9%,22980000,-600099.9194967807,299.53087270475123,706,1:50:30
45.9%,22985000,-598917.4407922663,297.9263519344648,706,1:50:29
45.9%,22990000,-599863.271933944,303.88745140718777,706,1:50:27
45.9%,22995000,-599720.6012825985,299.16995672627166,706,1:50:26
46.0%,23000000,-600874.0687869913,299.0483266677275,706,1:50:25
46.0%,23005000,-599250.3348077955,301.0589269779658,706,1:50:24
46.0%,23010000,-598833.264227068,300.93616844368694,706,1:50:22
46.0%,23015000,-598556.7999399025,301.09798205122166,706,1:50:21
46.0%,23020000,-600594.7329781433,302.26315777946144,706,1:50:20
46.0%,23025000,-600776.1877364088,298.058530787921,706,1:50:19
46.0%,23030000,-600004.5812470429,299.60113258528173,706,1:50:18
46.0%,23035000,-599100.6138919629,302.33999225775113,706,1:50:16
46.0%,23040000,-599831.1272677039,302.9074438277763,706,1:50:15
46.0%,23045000,-600777.1364945685,298.6422225956945,706,1:50:14
46.1%,23050000,-598784.813319426,297.92981095791265,706,1:50:13
46.1%,23055000,-600118.0964726103,300.12916110083324,706,1:50:11
46.1%,23060000,-601150.9705622508,299.6181578496282,706,1:50:10
46.1%,23065000,-599123.986570139,301.6029994746162,706,1:50:09
46.1%,23070000,-600770.057486645,301.0156523867452,706,1:50:08
46.1%,23075000,-599598.0690498105,297.7254341895119,706,1:50:07
46.1%,23080000,-598014.3052399713,300.88200160841757,706,1:50:05
46.1%,23085000,-601004.2891635806,299.2592535018063,706,1:50:04
46.1%,23090000,-599848.6420316049,301.37865359212594,706,1:50:03
46.1%,23095000,-600869.9853001218,301.00694349792246,706,1:50:02
46.2%,23100000,-599869.6966271908,301.69160935187745,706,1:50:00
46.2%,23105000,-598252.2198304143,300.3662881976238,706,1:49:59
46.2%,23110000,-600271.2450495553,299.9613371334068,706,1:49:58
46.2%,23115000,-600583.6275584158,301.0382954976844,706,1:49:57
46.2%,23120000,-598493.7330333847,298.0388805908871,706,1:49:56
46.2%,23125000,-600443.1439719605,302.29210563526664,706,1:49:54
46.2%,23130000,-600816.0160556519,301.7701120116881,706,1:49:53
46.2%,23135000,-599059.0331468368,300.06898390567216,706,1:49:52
46.2%,23140000,-599661.8119319915,300.8582300217437,706,1:49:51
46.2%,23145000,-599665.6136884075,301.85673479037297,706,1:49:49
46.3%,23150000,-598910.6652574488,300.61440566678795,706,1:49:48
46.3%,23155000,-600276.7592708911,301.79751434637825,705,1:49:47
46.3%,23160000,-599631.1115087601,299.22576721098085,706,1:49:46
46.3%,23165000,-600391.0208857679,300.15693141674126,706,1:49:45
46.3%,23170000,-599366.9932613703,299.38260080603385,706,1:49:43
46.3%,23175000,-598583.8151791603,301.4760459544536,706,1:49:42
46.3%,23180000,-598914.3831014899,298.3095675747468,706,1:49:41
46.3%,23185000,-599957.4378049942,299.07796142180604,706,1:49:40
46.3%,23190000,-600028.7578840624,300.39013338054133,706,1:49:38
46.3%,23195000,-599892.7081785356,302.70561839581933,706,1:49:37
46.4%,23200000,-600827.6785798101,300.09236297904704,706,1:49:36
46.4%,23205000,-599646.3655809192,302.60611627450936,705,1:49:35
46.4%,23210000,-599067.0185771193,300.80116840089374,706,1:49:33
46.4%,23215000,-600320.7550703934,301.00098220219314,706,1:49:32
46.4%,23220000,-600070.79183651,302.1401784564518,706,1:49:31
46.4%,23225000,-599384.0756655247,298.0579174858912,706,1:49:30
46.4%,23230000,-601001.6174826529,301.8257998359913,705,1:49:29
46.4%,23235000,-599747.9272843366,298.9416121145474,705,1:49:27
46.4%,23240000,-599355.1582242083,300.39665891413813,705,1:49:26
46.4%,23245000,-599877.358124353,300.5573931101004,705,1:49:25
46.5%,23250000,-599587.4245980973,299.54654870463213,705,1:49:24
46.5%,23255000,-598516.5707515795,301.15340002263173,705,1:49:23
46.5%,23260000,-599649.2103214031,300.93378883181146,705,1:49:21
46.5%,23265000,-600085.9259641687,299.3942290125183,705,1:49:20
46.5%,23270000,-598884.0900883838,298.3509531957157,705,1:49:19
46.5%,23275000,-598899.7643016623,300.0764907225165,705,1:49:18
46.5%,23280000,-598253.7265921216,300.4362536931801,705,1:49:16
46.5%,23285000,-599789.6043086094,299.1523426919767,705,1:49:15
46.5%,23290000,-597743.319770202,296.3917475955722,705,1:49:14
46.5%,23295000,-598809.2077403688,300.591271914225,705,1:49:13
46.6%,23300000,-599026.4107893026,301.1985145199417,706,1:49:11
46.6%,23305000,-600863.9805461895,297.67462824936564,705,1:49:10
46.6%,23310000,-599748.308008201,299.7184940616987,705,1:49:09
46.6%,23315000,-599549.6371130017,300.72813639518864,705,1:49:08
46.6%,23320000,-600109.0720288102,299.949929715653,705,1:49:07
46.6%,23325000,-599970.5170857133,299.6051558465971,705,1:49:05
46.6%,23330000,-599221.5372264823,299.3987183833762,705,1:49:04
46.6%,23335000,-599426.83169126,298.92711365456364,705,1:49:03
46.6%,23340000,-598530.1863158895,300.60984269968645,705,1:49:02
46.6%,23345000,-599849.6877411949,298.12758859647323,705,1:49:00
46.7%,23350000,-599988.7971673822,301.39467304114356,705,1:48:59
46.7%,23355000,-598883.3495814418,300.1069840994368,705,1:48:58
46.7%,23360000,-599555.2667550463,299.3640790847347,705,1:48:57
46.7%,23365000,-598417.5469068643,296.96275631737,705,1:48:56
46.7%,23370000,-598813.3074720842,298.59232434255233,705,1:48:54
46.7%,23375000,-599950.6735937963,300.5133825564441,705,1:48:53
46.7%,23380000,-599531.5876979558,300.6193856792697,705,1:48:52
46.7%,23385000,-600695.7927751942,299.4197914411191,705,1:48:51
46.7%,23390000,-599026.12647063,299.9128372088925,705,1:48:49
46.7%,23395000,-601487.4827461862,300.5794719831722,705,1:48:48
46.8%,23400000,-600128.0278330268,302.36523576929653,705,1:48:47
46.8%,23405000,-599802.2899550232,299.9261826610603,705,1:48:46
46.8%,23410000,-599233.3983045458,298.93763791739445,705,1:48:45
46.8%,23415000,-599782.620062286,301.79940331663,705,1:48:43
46.8%,23420000,-598738.6677022302,303.2733888829,705,1:48:42
46.8%,23425000,-599797.5352441468,299.716727751853,705,1:48:41
46.8%,23430000,-599881.1072433549,297.6629019145564,705,1:48:40
46.8%,23435000,-598927.1081886566,303.9075922458454,706,1:48:38
46.8%,23440000,-600328.5021568001,299.0007834943797,706,1:48:37
46.8%,23445000,-599910.6690796828,300.0589012203027,706,1:48:36
46.9%,23450000,-599689.2925789473,301.08655010138676,706,1:48:35
46.9%,23455000,-598760.4601693889,300.9382782026693,706,1:48:33
46.9%,23460000,-600472.3313372391,300.3019160165791,706,1:48:32
46.9%,23465000,-599638.1440608492,299.76812246194777,706,1:48:31
46.9%,23470000,-598333.6435234197,301.0660412815112,706,1:48:30
46.9%,23475000,-598761.5836741235,301.1882110458415,706,1:48:29
46.9%,23480000,-600454.3450679793,300.92704250948395,706,1:48:27
46.9%,23485000,-599722.5151043618,300.3615780380352,706,1:48:26
46.9%,23490000,-599214.1263421061,302.66832963240927,706,1:48:25
46.9%,23495000,-600555.8683622777,300.2958811246061,706,1:48:24
47.0%,23500000,-599903.6791163473,298.42467209969413,706,1:48:22
47.0%,23505000,-600166.4700881969,300.4978046848879,706,1:48:21
47.0%,23510000,-599674.6955898395,298.5510123178269,706,1:48:20
47.0%,23515000,-597670.5870597381,302.4819839436837,706,1:48:19
47.0%,23520000,-598141.3723555589,302.37416544685,706,1:48:18
47.0%,23525000,-599796.906534492,299.988101633986,706,1:48:16
47.0%,23530000,-600084.2349674962,297.51095020366034,706,1:48:15
47.0%,23535000,-600788.3810681924,300.7821560379709,706,1:48:14
47.0%,23540000,-599345.0040615345,299.7045107754199,706,1:48:13
47.0%,23545000,-598991.0517814811,302.5939483622387,706,1:48:11
47.1%,23550000,-599206.8042039098,300.5737314761736,706,1:48:10
47.1%,23555000,-601825.8833528189,299.57650237576615,706,1:48:09
47.1%,23560000,-600082.3509449149,306.0455631216265,706,1:48:08
47.1%,23565000,-599335.9513200074,301.08100585103756,706,1:48:06
47.1%,23570000,-598387.3481577244,297.0599769551293,706,1:48:05
47.1%,23575000,-600057.9110605521,300.7821560379709,706,1:48:04
47.1%,23580000,-600540.785519971,299.864312752297,706,1:48:03
47.1%,23585000,-597930.8647026853,298.90128137306965,706,1:48:01
47.1%,23590000,-599397.1158174607,300.665702248558,706,1:48:00
47.1%,23595000,-598912.1581857791,300.4098081096564,706,1:47:59
47.2%,23600000,-600548.3290953292,302.282513591521,706,1:47:58
47.2%,23605000,-599668.4490537122,302.02580989394016,706,1:47:57
47.2%,23610000,-599248.1413349863,299.9166396814771,706,1:47:55
47.2%,23615000,-599591.0986630968,303.0600579048645,706,1:47:54
47.2%,23620000,-599423.2610733807,299.6461244221857,706,1:47:53
47.2%,23625000,-598951.4128459692,299.4914987144399,706,1:47:52
47.2%,23630000,-601082.7121520736,297.31501247118916,706,1:47:50
47.2%,23635000,-600126.7697107177,300.11606096947736,706,1:47:49
47.2%,23640000,-599545.4268883159,301.282757686751,706,1:47:48
47.2%,23645000,-599489.9729460678,301.8860260953148,706,1:47:47
47.3%,23650000,-598861.1074154628,299.5284685607945,706,1:47:46
47.3%,23655000,-599059.5229522493,299.9255938911117,706,1:47:44
47.3%,23660000,-601377.025125775,301.4824242955632,706,1:47:43
47.3%,23665000,-599572.6920381258,302.0613814116669,706,1:47:42
47.3%,23670000,-600876.0926985834,300.1874247936615,706,1:47:41
47.3%,23675000,-598507.0149146412,296.98589006993296,706,1:47:39
47.3%,23680000,-599536.1092268452,301.08164368514855,706,1:47:38
47.3%,23685000,-600517.672245122,298.110465203802,706,1:47:37
47.3%,23690000,-599717.1173469331,303.3658993610706,706,1:47:36
47.3%,23695000,-599848.1901151529,300.3980327106848,706,1:47:34
47.4%,23700000,-600320.5291990759,300.12705134185086,706,1:47:33
47.4%,23705000,-600204.5075334418,300.7587524325148,706,1:47:32
47.4%,23710000,-599252.3114575883,301.94605609798873,706,1:47:31
47.4%,23715000,-600532.7868288863,302.9843519023096,706,1:47:30
47.4%,23720000,-599430.7564760097,301.6434283444186,706,1:47:28
47.4%,23725000,-600101.0724316891,299.6238492924645,706,1:47:27
47.4%,23730000,-599093.0805633073,300.5122295486281,706,1:47:26
47.4%,23735000,-599172.9246881409,298.50337101615435,706,1:47:25
47.4%,23740000,-599902.0196307069,297.8951716592712,706,1:47:23
47.4%,23745000,-600362.5521510262,301.1954970739552,706,1:47:22
47.5%,23750000,-598853.5517683267,297.69724682822357,706,1:47:21
47.5%,23755000,-598443.318107503,300.44876505458745,706,1:47:20
47.5%,23760000,-599414.4750182517,298.83590337669614,706,1:47:19
47.5%,23765000,-600924.803830964,299.2114159434842,706,1:47:17
47.5%,23770000,-600796.7565887636,299.73198670635367,706,1:47:16
47.5%,23775000,-600236.8887094404,297.52282373095676,706,1:47:15
47.5%,23780000,-599591.583972339,299.52783072668353,706,1:47:14
47.5%,23785000,-599419.9843913722,298.71579430718583,706,1:47:12
47.5%,23790000,-598302.6843909384,297.5936969135171,706,1:47:11
47.5%,23795000,-600116.8304582736,299.416038032697,706,1:47:10
47.6%,23800000,-597807.0741922134,299.1447622788887,706,1:47:09
47.6%,23805000,-600101.4562425353,303.18924384441544,706,1:47:08
47.6%,23810000,-599520.4203743828,300.94132018073697,706,1:47:06
47.6%,23815000,-599613.9579025302,303.45610382360934,706,1:47:05
47.6%,23820000,-599109.6699924762,300.81586311752704,706,1:47:04
47.6%,23825000,-599512.9508774155,298.2682555500214,706,1:47:03
47.6%,23830000,-599689.821364081,301.78816762344456,706,1:47:01
47.6%,23835000,-600538.879697619,300.4461646539812,706,1:47:00
47.6%,23840000,-599887.3233091501,299.3711197920365,706,1:46:59
47.6%,23845000,-600163.3386561209,301.9891589646411,706,1:46:58
47.7%,23850000,-600121.1034741346,298.1392168029576,706,1:46:56
47.7%,23855000,-599207.5991054219,301.8523435478398,706,1:46:55
47.7%,23860000,-599952.2061232426,303.36288191508413,706,1:46:54
47.7%,23865000,-599506.449736827,302.35191484920995,706,1:46:53
47.7%,23870000,-599724.6449094457,301.1357123920931,706,1:46:52
47.7%,23875000,-601176.3927803691,301.2835917775115,706,1:46:50
47.7%,23880000,-599333.839936926,302.3654810901084,706,1:46:49
47.7%,23885000,-599421.2163169989,304.0131783232908,706,1:46:48
47.7%,23890000,-599235.7123616636,300.7969734150101,706,1:46:47
47.7%,23895000,-599686.9336205181,297.4583043574249,706,1:46:45
47.8%,23900000,-598215.601360857,303.1196217979958,706,1:46:44
47.8%,23905000,-600678.7957653715,299.08169029814707,706,1:46:43
47.8%,23910000,-597238.3124669748,298.80074890434963,706,1:46:42
47.8%,23915000,-599323.5879204473,300.6552270498895,706,1:46:41
47.8%,23920000,-599028.453149084,301.44184823327356,706,1:46:39
47.8%,23925000,-600606.3718967605,299.72803704128194,706,1:46:38
47.8%,23930000,-600238.2874191948,300.7390286392374,706,1:46:37
47.8%,23935000,-599851.4930748963,299.7797506684322,706,1:46:36
47.8%,23940000,-598391.7352364105,302.05743174659517,706,1:46:34
47.8%,23945000,-599637.5301704784,299.9813553116585,706,1:46:33
47.9%,23950000,-598758.0794450999,300.7946673993782,706,1:46:32
47.9%,23955000,-600062.2249605143,300.07560756759364,706,1:46:31
47.9%,23960000,-599940.957327635,301.1723142572299,706,1:46:29
47.9%,23965000,-599176.2902041455,297.81549145956336,706,1:46:28
47.9%,23970000,-601387.9897157121,300.1890193789389,706,1:46:27
47.9%,23975000,-600505.501136635,300.8001871176461,706,1:46:26
47.9%,23980000,-600110.5323360562,297.7349771690951,706,1:46:25
47.9%,23985000,-600265.5581395449,304.1614502220081,706,1:46:23
47.9%,23990000,-600294.1214328278,299.22404996529747,706,1:46:22
47.9%,23995000,-599910.2306309468,301.14984287085906,706,1:46:21
48.0%,24000000,-599100.2664175788,303.0871413224992,706,1:46:20
48.0%,24005000,-599333.2201885376,299.5188519849677,706,1:46:18
48.0%,24010000,-600355.7716959282,299.719818794083,706,1:46:17
48.0%,24015000,-598825.9932796555,299.65107990258633,706,1:46:16
48.0%,24020000,-598209.0252712951,297.9906014551036,706,1:46:15
48.0%,24025000,-600214.0207760851,299.70009500080556,706,1:46:14
48.0%,24030000,-598908.303698238,299.0519083515814,706,1:46:12
48.0%,24035000,-600035.6541637825,300.8551144474324,706,1:46:11
48.0%,24040000,-598566.5847941139,300.5480463871668,706,1:46:10
48.0%,24045000,-599325.642178691,303.854063244687,706,1:46:09
48.1%,24050000,-599279.9228156474,300.95392967046905,706,1:46:07
48.1%,24055000,-599367.2967662122,300.2186541330174,706,1:46:06
48.1%,24060000,-600096.7100385241,300.77332448874216,706,1:46:05
48.1%,24065000,-599508.7478944389,299.28226459396336,706,1:46:04
48.1%,24070000,-599746.795018102,301.90184928768286,706,1:46:02
48.1%,24075000,-599906.6388257043,302.39754452022487,706,1:46:01
48.1%,24080000,-599584.7524422552,301.1075495628861,706,1:46:00
48.1%,24085000,-599137.067491475,299.62561560231023,706,1:45:59
48.1%,24090000,-598593.0790576418,304.3561122862574,706,1:45:57
48.1%,24095000,-599216.960815805,301.6406562192441,706,1:45:56
48.2%,24100000,-598968.1071036542,300.910728675492,706,1:45:55
48.2%,24105000,-600898.3266190225,299.16279335856393,706,1:45:54
48.2%,24110000,-599783.383259417,302.1526162216156,706,1:45:53
48.2%,24115000,-599667.3850475559,299.2804982841176,706,1:45:51
48.2%,24120000,-599130.994999662,295.4358550519714,706,1:45:50
48.2%,24125000,-600536.0489273439,303.53038696545514,706,1:45:49
48.2%,24130000,-601690.2788105039,298.81870638778133,706,1:45:48
48.2%,24135000,-599602.186592692,300.9096001997573,706,1:45:46
48.2%,24140000,-599478.882518189,300.56068040898003,706,1:45:45
48.2%,24145000,-600267.2657653042,300.4895373735266,706,1:45:44
48.3%,24150000,-601020.9466325496,299.4086538762585,706,1:45:43
48.3%,24155000,-599073.5191123909,299.66550476632653,706,1:45:42
48.3%,24160000,-600344.0795062128,300.40185971535055,706,1:45:40
48.3%,24165000,-600510.4019153547,300.8832282124771,706,1:45:39
48.3%,24170000,-598808.2065563723,302.53144061936445,706,1:45:38
48.3%,24175000,-600122.9693260761,300.1433897079239,706,1:45:37
48.3%,24180000,-600100.2236818271,301.4028912883425,706,1:45:35
48.3%,24185000,-598905.759773314,299.2764750228023,706,1:45:34
48.3%,24190000,-598860.041741095,300.4545546257485,706,1:45:33
48.3%,24195000,-598299.9824711401,299.3542662522584,706,1:45:32
48.4%,24200000,-599220.9330871496,298.3738416274668,706,1:45:30
48.4%,24205000,-598437.0756755555,300.7844620536028,706,1:45:29
48.4%,24210000,-599942.4695063028,299.5363188267756,706,1:45:28
48.4%,24215000,-599557.6755775893,299.740646531014,706,1:45:27
48.4%,24220000,-599808.8245188058,300.284547303096,706,1:45:26
48.4%,24225000,-599637.0835823095,300.42597475116116,706,1:45:24
48.4%,24230000,-600782.9332573013,298.7547267200356,706,1:45:23
48.4%,24235000,-600014.1858384088,298.89926974241206,706,1:45:22
48.4%,24240000,-599817.642720216,297.4291111808078,706,1:45:21
48.4%,24245000,-598072.6058096718,297.63986629031825,706,1:45:19
48.5%,24250000,-599783.189933863,298.45494468788365,706,1:45:18
48.5%,24255000,-597279.3262062189,301.47656112815855,706,1:45:17
48.5%,24260000,-600503.6428637481,300.12057487241646,706,1:45:16
48.5%,24265000,-600064.0417782608,300.157274865878,706,1:45:15
48.5%,24270000,-599222.2583904797,299.0870382918467,706,1:45:13
48.5%,24275000,-599053.6561719067,299.0760969836356,706,1:45:12
48.5%,24280000,-599736.7290050839,302.58212389910466,706,1:45:11
48.5%,24285000,-599227.051233232,301.3670989818851,706,1:45:10
48.5%,24290000,-598436.3133972236,300.0580916616234,706,1:45:08
48.5%,24295000,-600115.7172071533,298.799252447397,706,1:45:07
48.6%,24300000,-599368.080061676,302.30184487149944,706,1:45:06
48.6%,24305000,-599539.4555345383,298.60351097157536,706,1:45:05
48.6%,24310000,-600432.3108796766,302.340482899375,706,1:45:04
48.6%,24315000,-598946.0721685896,301.2967409730298,706,1:45:02
48.6%,24320000,-599780.0871654297,301.2969372296793,706,1:45:01
48.6%,24325000,-600813.700219518,299.21097436602275,706,1:45:00
48.6%,24330000,-599827.4176328378,299.7329679896013,706,1:44:59
48.6%,24335000,-598832.8609240884,300.74577496156485,706,1:44:57
48.6%,24340000,-599237.129604144,299.31503945443427,706,1:44:56
48.6%,24345000,-599672.6567291613,302.32914907786477,706,1:44:55
48.7%,24350000,-599173.0711288392,299.6494607852277,706,1:44:54
48.7%,24355000,-599435.77155801,299.45825774442636,706,1:44:53
48.7%,24360000,-600118.0182649563,300.59993173888535,706,1:44:51
48.7%,24365000,-600324.7403187607,299.61938445368776,706,1:44:50
48.7%,24370000,-599339.1393785584,296.32948517350985,706,1:44:49
48.7%,24375000,-599335.1654023896,300.2084242551609,706,1:44:48
48.7%,24380000,-599504.2358900756,299.0680995251673,706,1:44:46
48.7%,24385000,-599020.7893393608,302.6645026277435,706,1:44:45
48.7%,24390000,-600165.0727058612,298.41736153949927,706,1:44:44
48.7%,24395000,-599803.6016218448,301.2095048923152,706,1:44:43
48.8%,24400000,-600103.6794698099,298.83730170532397,706,1:44:41
48.8%,24405000,-600969.5448746881,300.9129610948804,706,1:44:40
48.8%,24410000,-598146.6979142227,299.4226371625372,706,1:44:39
48.8%,24415000,-599304.981403796,301.6964667039532,706,1:44:38
48.8%,24420000,-599088.1445071232,300.9503479866152,706,1:44:37
48.8%,24425000,-599569.8763235356,298.819957523922,706,1:44:35
48.8%,24430000,-599311.8637274243,300.8221923944743,706,1:44:34
48.8%,24435000,-599512.3227410023,301.4796276383074,706,1:44:33
48.8%,24440000,-599738.0257226028,300.09331973021347,706,1:44:32
48.8%,24445000,-601147.2534567141,301.67691463524415,706,1:44:31
48.9%,24450000,-599345.2813241216,301.78110238406157,706,1:44:29
48.9%,24455000,-598915.8117533708,300.04047762732836,706,1:44:28
48.9%,24460000,-598192.0571970236,298.72754517407617,706,1:44:27
48.9%,24465000,-599105.8365393179,298.72631857001664,706,1:44:26
48.9%,24470000,-599723.3735157759,301.2106824322123,706,1:44:24
48.9%,24475000,-599569.8528946219,298.7831103379734,706,1:44:23
48.9%,24480000,-599891.0618738979,302.11199109516355,706,1:44:22
48.9%,24485000,-599039.1905218055,298.74270600025216,706,1:44:21
48.9%,24490000,-599803.0864313478,298.6786282041817,706,1:44:19
48.9%,24495000,-599303.7941420102,301.67492753666767,706,1:44:18
49.0%,24500000,-599001.0012681987,298.69778775959173,706,1:44:17
49.0%,24505000,-598652.8620462674,302.73059205447163,706,1:44:16
49.0%,24510000,-598124.277551481,298.46174007437355,706,1:44:15
49.0%,24515000,-599459.8734050561,303.1670177788565,706,1:44:13
49.0%,24520000,-598668.7904452826,300.96153461563824,706,1:44:12
49.0%,24525000,-600237.9795371257,300.46829259121535,706,1:44:11
49.0%,24530000,-600632.4200083422,298.56803758217336,706,1:44:10
49.0%,24535000,-600438.4704555054,303.25739396596356,706,1:44:08
49.0%,24540000,-600018.6498592142,298.5184827781679,706,1:44:07
49.0%,24545000,-598654.0968060582,302.06783334902,706,1:44:06
49.1%,24550000,-600570.2514447118,301.7781585343187,706,1:44:05
49.1%,24555000,-599437.4860497224,299.20152951476433,706,1:44:04
49.1%,24560000,-600495.203427353,300.4180754210177,706,1:44:02
49.1%,24565000,-598809.1471777051,299.39182486856157,706,1:44:01
49.1%,24570000,-598658.0789488088,302.6361435418869,706,1:44:00
49.1%,24575000,-600952.3016595803,300.430586782425,706,1:43:59
49.1%,24580000,-599217.4866755549,298.08240050291965,706,1:43:57
49.1%,24585000,-599724.181862243,300.31599743118267,706,1:43:56
49.1%,24590000,-599239.1987847299,301.23300662609597,706,1:43:55
49.1%,24595000,-599714.9260363397,301.70809491043764,706,1:43:54
49.2%,24600000,-599898.3046533824,300.29916842348575,706,1:43:53
49.2%,24605000,-598517.1730423411,302.9781207536871,706,1:43:51
49.2%,24610000,-600424.9538120632,298.9255190692862,706,1:43:50
49.2%,24615000,-600472.2036476145,300.2229963113882,706,1:43:49
49.2%,24620000,-599550.7249235208,299.4433422390623,706,1:43:48
49.2%,24625000,-599171.4554851041,300.8444184600332,706,1:43:46
49.2%,24630000,-599990.397952619,303.39874781778514,706,1:43:45
49.2%,24635000,-598902.3711926048,299.0646159696382,706,1:43:44
49.2%,24640000,-600367.001522046,299.2795905971135,706,1:43:43
49.2%,24645000,-598689.0065079937,299.40934077453187,706,1:43:42
49.3%,24650000,-598493.957005919,299.1525389486262,706,1:43:40
49.3%,24655000,-600014.9386144434,300.64840713131844,706,1:43:39
49.3%,24660000,-598022.7927819095,299.8663243829547,706,1:43:38
49.3%,24665000,-598790.6534255506,300.0958955987385,706,1:43:37
49.3%,24670000,-599029.3737377636,298.754383270899,706,1:43:35
49.3%,24675000,-599240.8684211615,299.989131981396,706,1:43:34
49.3%,24680000,-600769.3558373987,300.9259140337491,706,1:43:33
49.3%,24685000,-598687.6935110879,299.7035294921723,706,1:43:32
49.3%,24690000,-599621.522354451,301.62306671703027,706,1:43:31
49.3%,24695000,-599672.7757322066,298.3710695022922,706,1:43:29
49.4%,24700000,-599634.2103438033,299.9364370709981,706,1:43:28
49.4%,24705000,-599054.704958837,300.3637859253424,706,1:43:27
49.4%,24710000,-599505.626357561,300.16539498475214,706,1:43:26
49.4%,24715000,-598512.6272565485,301.57302127140093,706,1:43:24
49.4%,24720000,-599288.1693875301,298.73618046665536,706,1:43:23
49.4%,24725000,-598630.0250231996,302.5162552611073,706,1:43:22
49.4%,24730000,-599645.4347515781,302.1250912265195,706,1:43:21
49.4%,24735000,-598893.2222867254,301.12283304946794,706,1:43:19
49.4%,24740000,-598920.7539592944,298.6333910464658,706,1:43:18
49.4%,24745000,-600453.3337305319,302.63486787366503,706,1:43:17
49.5%,24750000,-598575.4502294604,298.80320211246874,706,1:43:16
49.5%,24755000,-598809.8777848193,300.29332978816234,706,1:43:15
49.5%,24760000,-598378.830468386,300.44560041611385,706,1:43:13
49.5%,24765000,-600113.2110221689,300.10830883182103,706,1:43:12
49.5%,24770000,-598860.6029548817,302.38358576602724,706,1:43:11
49.5%,24775000,-598391.2515728953,300.13166337311475,706,1:43:10
49.5%,24780000,-599786.7460045768,301.09081868351393,706,1:43:08
49.5%,24785000,-600018.1843878534,302.5482205628989,706,1:43:07
49.5%,24790000,-599716.9638349768,303.8017117834258,706,1:43:06
49.5%,24795000,-600284.7653049696,300.3384197533911,706,1:43:05
49.6%,24800000,-598853.8272700775,299.68238283818584,706,1:43:04
49.6%,24805000,-600406.1395537378,299.4922101447945,706,1:43:02
49.6%,24810000,-598079.8958032709,298.86605330447964,706,1:43:01
49.6%,24815000,-599041.6528158323,297.63017611824785,706,1:43:00
49.6%,24820000,-599606.8872434064,300.5445628316377,706,1:42:59
49.6%,24825000,-599343.9276370695,300.16394759196186,706,1:42:57
49.6%,24830000,-601413.8930305983,300.9502498582904,706,1:42:56
49.6%,24835000,-598431.065775746,297.9291731238017,706,1:42:55
49.6%,24840000,-600549.7455433877,300.9012347600712,706,1:42:54
49.6%,24845000,-600837.5170605844,299.21848118286715,706,1:42:53
49.7%,24850000,-599780.7444301555,299.42195026426396,706,1:42:51
49.7%,24855000,-599524.8494069758,300.6298608779382,706,1:42:50
49.7%,24860000,-599943.1493463297,303.38510798064306,706,1:42:49
49.7%,24865000,-599026.5053894958,299.198021427154,706,1:42:48
49.7%,24870000,-600241.7581016864,300.1702768689091,706,1:42:46
49.7%,24875000,-600321.2536339797,298.5828058950503,706,1:42:45
49.7%,24880000,-599634.1757145259,299.9676418782728,706,1:42:44
49.7%,24885000,-598543.5092703202,301.9092089120401,706,1:42:43
49.7%,24890000,-600926.960995473,299.90844596635935,706,1:42:42
49.7%,24895000,-598954.518767599,299.5622983007567,706,1:42:40
49.8%,24900000,-599691.1651542136,299.05956236091293,706,1:42:39
49.8%,24905000,-599519.1663709292,300.3111155470257,706,1:42:38
49.8%,24910000,-599500.9896325325,299.9418341288601,706,1:42:37
49.8%,24915000,-599331.8151852107,298.56030997659826,706,1:42:35
49.8%,24920000,-598393.891511437,298.8507452858166,706,1:42:34
49.8%,24925000,-599633.1582753225,297.10136257609827,706,1:42:33
49.8%,24930000,-600212.8791862563,301.8223898767058,706,1:42:32
49.8%,24935000,-600102.2725961367,302.2021955577022,706,1:42:30
49.8%,24940000,-598666.2886703149,302.2184112633694,706,1:42:29
49.8%,24945000,-598577.5825130083,301.35277224646967,706,1:42:28
49.9%,24950000,-599074.118624045,301.1025940824855,706,1:42:27
49.9%,24955000,-599641.0141651835,301.8460142708925,706,1:42:26
49.9%,24960000,-598567.9619413428,301.6870218526947,706,1:42:24
49.9%,24965000,-600128.985397838,300.920884957105,706,1:42:23
49.9%,24970000,-600515.3465616545,302.25707382332615,706,1:42:22
49.9%,24975000,-599622.2904363712,299.29273979263183,706,1:42:21
49.9%,24980000,-600668.4755417127,301.44415424890553,706,1:42:19
49.9%,24985000,-600348.6681775087,302.06464417846524,706,1:42:18
49.9%,24990000,-600183.388171454,301.3061122280447,706,1:42:17
49.9%,24995000,-600004.9303508946,298.09162456544743,706,1:42:16
50.0%,25000000,-599666.4633993492,299.5046724420394,706,1:42:15
50.0%,25005000,-599072.5314960335,300.1180235359726,706,1:42:13
50.0%,25010000,-600008.8656588932,301.5415466112331,706,1:42:12
50.0%,25015000,-599099.2080213036,300.6319215727582,706,1:42:11
50.0%,25020000,-599846.228282942,298.26668549682523,706,1:42:10
50.0%,25025000,-598845.8864003164,301.00525078432025,706,1:42:09
50.0%,25030000,-600310.2269154624,297.2182824750538,706,1:42:07
50.0%,25035000,-599070.0436220537,300.83975736460695,706,1:42:06
50.0%,25040000,-599995.7249837727,300.2056521299863,706,1:42:05
50.0%,25045000,-601410.2465978959,303.711237467994,706,1:42:04
50.0%,25050000,-598082.688285945,300.943503535963,706,1:42:02
50.1%,25055000,-599689.0194972334,301.53185643916277,706,1:42:01
50.1%,25060000,-599840.4149673143,301.71054811855674,706,1:42:00
50.1%,25065000,-598723.8906066432,301.45475210797997,706,1:41:59
50.1%,25070000,-598165.8234322132,301.07232149429603,706,1:41:57
50.1%,25075000,-598998.8002143758,301.5830058284456,706,1:41:56
50.1%,25080000,-600042.1494458592,299.92029496157454,706,1:41:55
50.1%,25085000,-599277.7438572263,302.2329342554344,706,1:41:54
50.1%,25090000,-598511.6815940496,296.39547647191324,706,1:41:53
50.1%,25095000,-600488.6667329585,300.90663181793315,706,1:41:51
50.1%,25100000,-599806.2194638252,298.5684300954725,706,1:41:50
50.2%,25105000,-597825.357662423,298.4113266475263,706,1:41:49
50.2%,25110000,-599420.4324892573,300.10085107913903,706,1:41:48
50.2%,25115000,-598933.6020898679,297.4758202633951,706,1:41:46
50.2%,25120000,-599284.0037826458,300.88835541744595,706,1:41:45
50.2%,25125000,-599865.630740833,301.33135573959004,706,1:41:44
50.2%,25130000,-599306.5360212512,300.82758945233627,706,1:41:43
50.2%,25135000,-598749.1344713802,299.0472963203175,706,1:41:42
50.2%,25140000,-599739.3558343537,300.27620639549116,706,1:41:40
50.2%,25145000,-600700.2892466811,301.3193104877254,706,1:41:39
50.2%,25150000,-599167.1941770101,301.1882110458415,706,1:41:38
50.3%,25155000,-599800.237937544,299.1051674998467,706,1:41:37
50.3%,25160000,-599523.8120385543,301.761354058703,706,1:41:35
50.3%,25165000,-597634.3731500567,301.18256866716763,706,1:41:34
50.3%,25170000,-599187.1519041457,298.8899720836407,706,1:41:33
50.3%,25175000,-599106.0123826079,302.00463870787246,706,1:41:32
50.3%,25180000,-600266.2321369732,298.0463874077315,706,1:41:30
50.3%,25185000,-597974.6076467689,302.7461453939466,706,1:41:29
50.3%,25190000,-600161.9809576715,301.1750618503233,706,1:41:28
50.3%,25195000,-599542.7739861812,299.030001203078,706,1:41:27
50.3%,25200000,-599041.5150008886,296.5914387364656,706,1:41:26
50.4%,25205000,-599367.3396522361,299.15509028507006,706,1:41:24
50.4%,25210000,-599792.2551161349,298.8678196143254,706,1:41:23
50.4%,25215000,-600601.7511492353,300.4639258807634,706,1:41:22
50.4%,25220000,-599646.4772366141,301.2562630390649,706,1:41:21
50.4%,25225000,-597574.1317863865,301.28781129547633,706,1:41:19
50.4%,25230000,-599770.6167732938,301.1674569051541,706,1:41:18
50.4%,25235000,-598880.7408601474,301.39074790815306,706,1:41:17
50.4%,25240000,-599033.7747563161,300.19812078106065,706,1:41:16
50.4%,25245000,-600315.2320316918,300.9081037428046,706,1:41:15
50.4%,25250000,-599616.0682971585,298.269997327786,706,1:41:13
50.5%,25255000,-599385.234313421,298.78095151482864,706,1:41:12
50.5%,25260000,-600488.0903997747,298.30539712094435,706,1:41:11
50.5%,25265000,-600067.5081212386,298.2623187863732,706,1:41:10
50.5%,25270000,-599712.6786921769,301.18330462960336,706,1:41:08
50.5%,25275000,-599354.8043358563,297.32504609239624,706,1:41:07
50.5%,25280000,-598744.1800120738,300.94789477849616,706,1:41:06
50.5%,25285000,-599661.1423170683,300.1104676549659,706,1:41:05
50.5%,25290000,-600218.7318315203,300.9370515986098,706,1:41:03
50.5%,25295000,-599777.3863719711,298.99362012667194,706,1:41:02
50.5%,25300000,-598739.0090479571,302.36148236087433,706,1:41:01
50.6%,25305000,-598047.2828054018,301.56154025740364,706,1:41:00
50.6%,25310000,-599332.030730695,299.937590078814,706,1:40:59
50.6%,25315000,-598408.5360868503,300.7180782419004,706,1:40:57
50.6%,25320000,-600106.2256275825,298.6264975316512,706,1:40:56
50.6%,25325000,-598943.5922195334,295.627352477747,706,1:40:55
50.6%,25330000,-600178.8002243368,299.2740708788456,706,1:40:54
50.6%,25335000,-600128.4404569557,298.229249540928,706,1:40:52
50.6%,25340000,-599993.3563101655,299.91102183488437,706,1:40:51
50.6%,25345000,-599811.6087375376,300.66464736906676,706,1:40:50
50.6%,25350000,-599004.3311647228,301.54878357518436,706,1:40:49
50.7%,25355000,-600560.5965235047,301.2486580938957,706,1:40:48
50.7%,25360000,-600166.5557866059,301.2624696556062,706,1:40:46
50.7%,25365000,-600138.4904677588,298.84056447212237,706,1:40:45
50.7%,25370000,-599787.3711522012,299.4251884989811,706,1:40:44
50.7%,25375000,-599605.3132818537,301.3108714517957,706,1:40:43
50.7%,25380000,-599646.0534461872,298.30370440734214,706,1:40:41
50.7%,25385000,-600195.7783635268,298.35681636312034,706,1:40:40
50.7%,25390000,-598859.6673265556,300.126806021039,706,1:40:39
50.7%,25395000,-598827.1484813876,301.9758625766356,706,1:40:38
50.7%,25400000,-599558.555399104,302.5762852637813,706,1:40:36
50.8%,25405000,-600568.0826716246,301.84571988591824,706,1:40:35
50.8%,25410000,-600367.5522479163,298.66135761902336,706,1:40:34
50.8%,25415000,-599728.4416619232,301.4125323962505,706,1:40:33
50.8%,25420000,-600329.5204827287,296.8109027347988,706,1:40:32
50.8%,25425000,-599483.1433600099,298.2809386359971,706,1:40:30
50.8%,25430000,-599246.4970534616,301.23658830994987,706,1:40:29
50.8%,25435000,-599132.7270931122,299.7960890345053,706,1:40:28
50.8%,25440000,-598967.0406349017,301.5218228179557,706,1:40:27
50.8%,25445000,-599093.1945308121,297.6131999180638,706,1:40:25
50.8%,25450000,-599886.1165561425,301.2595503379445,706,1:40:24
50.9%,25455000,-599370.734009427,298.9417347749533,706,1:40:23
50.9%,25460000,-600794.1925272215,298.74609142745646,706,1:40:22
50.9%,25465000,-599895.6467768503,299.24654588374943,706,1:40:21
50.9%,25470000,-599576.8650877164,297.9736007228383,706,1:40:19
50.9%,25475000,-600435.4306614655,302.92223667273436,706,1:40:18
50.9%,25480000,-599020.5106929159,301.82832664035396,706,1:40:17
50.9%,25485000,-599369.1315482832,297.1618341562336,706,1:40:16
50.9%,25490000,-600127.7278595129,299.8076927089086,706,1:40:14
50.9%,25495000,-598503.8236117708,299.60061741157676,706,1:40:13
50.9%,25500000,-599041.451056595,300.7311047770128,706,1:40:12
51.0%,25505000,-599648.7792214169,301.63825207528737,706,1:40:11
51.0%,25510000,-599857.411394719,300.34335070171045,706,1:40:10
51.0%,25515000,-598866.8977292469,298.1315627936261,706,1:40:08
51.0%,25520000,-598796.3095966768,300.5516035389394,706,1:40:07
51.0%,25525000,-597407.2640964584,300.1646835543976,706,1:40:06
51.0%,25530000,-599859.1866679466,298.8490771042956,706,1:40:05
51.0%,25535000,-598519.6622457677,300.93268488815784,706,1:40:03
51.0%,25540000,-600332.2829514341,302.1889727659404,706,1:40:02
51.0%,25545000,-599904.7994782049,301.1073042420742,706,1:40:01
51.0%,25550000,-599288.2757125506,301.4655216916227,706,1:40:00
51.1%,25555000,-599804.9974229154,298.70254698334276,706,1:39:59
51.1%,25560000,-600386.5130413398,300.5267525406931,706,1:39:57
51.1%,25565000,-600477.5004644105,300.01079380908755,706,1:39:56
51.1%,25570000,-600153.9831499467,301.3113130292571,706,1:39:55
51.1%,25575000,-600648.9050898133,298.9503945996137,706,1:39:54
51.1%,25580000,-598993.0912205977,298.03382698216177,706,1:39:52
51.1%,25585000,-599606.9517559349,301.9935011430118,706,1:39:51
51.1%,25590000,-598776.1063997718,300.710571425056,706,1:39:50
51.1%,25595000,-598424.4956206069,300.96212338558684,706,1:39:49
51.1%,25600000,-598961.1578016719,299.271176093265,706,1:39:47
51.2%,25605000,-600736.3593933554,298.78526916111826,706,1:39:46
51.2%,25610000,-599118.8799274843,301.09042617021487,706,1:39:45
51.2%,25615000,-599185.5955055137,300.2648235098186,706,1:39:44
51.2%,25620000,-599048.841288479,301.36847277843174,706,1:39:43
51.2%,25625000,-599019.8436931539,298.15766492801316,706,1:39:41
51.2%,25630000,-600508.0335573945,297.55844431284584,706,1:39:40
51.2%,25635000,-597633.6800950747,304.2718445873669,706,1:39:39
51.2%,25640000,-599188.6316789011,302.74926096825783,706,1:39:38
51.2%,25645000,-598952.1229732116,300.477369461256,706,1:39:37
51.2%,25650000,-600667.2302692356,300.3908202788147,706,1:39:35
51.3%,25655000,-600014.2189012151,301.47025638329256,706,1:39:34
51.3%,25660000,-599090.3255074271,300.6684743737326,706,1:39:33
51.3%,25665000,-598977.8518860717,300.6843711623442,706,1:39:32
51.3%,25670000,-598409.2852453752,300.0308365194204,706,1:39:30
51.3%,25675000,-598866.629535282,302.1234230449985,706,1:39:29
51.3%,25680000,-599816.9216347677,301.26715528311365,706,1:39:28
51.3%,25685000,-599704.6877968847,300.04221940509296,706,1:39:27
51.3%,25690000,-598824.5526169194,299.48266716521124,706,1:39:25
51.3%,25695000,-600204.9497954729,299.9483105982945,706,1:39:24
51.3%,25700000,-600563.9001861098,301.3190406348322,706,1:39:23
51.4%,25705000,-598921.8690259815,301.32058615594724,706,1:39:22
51.4%,25710000,-598469.2636530679,298.0891713573283,706,1:39:21
51.4%,25715000,-598883.7983749742,299.2602347850539,706,1:39:19
51.4%,25720000,-599209.2300986163,299.6861607786892,706,1:39:18
51.4%,25725000,-599796.7829779801,298.47937864074976,706,1:39:17
51.4%,25730000,-601786.1659116256,300.7909385230372,706,1:39:16
51.4%,25735000,-598310.7082569161,300.3001251746522,706,1:39:15
51.4%,25740000,-598750.2385771088,301.3070444471299,706,1:39:13
51.4%,25745000,-598331.8148507751,299.36287701275637,706,1:39:12
51.4%,25750000,-597916.5398306386,298.8632321151427,706,1:39:11
51.5%,25755000,-599718.670088565,298.4981456828607,706,1:39:10
51.5%,25760000,-599400.2850417248,298.4286953610095,706,1:39:08
51.5%,25765000,-599477.909526608,299.890660207496,706,1:39:07
51.5%,25770000,-598684.7773093674,300.5034225314806,706,1:39:06
51.5%,25775000,-600463.2473902851,298.04498907910363,706,1:39:05
51.5%,25780000,-599967.1439095964,299.4251884989811,706,1:39:03
51.5%,25785000,-599877.9466440785,297.18643983366803,706,1:39:02
51.5%,25790000,-599600.7159370258,298.8048212298273,706,1:39:01
51.5%,25795000,-599148.3753913702,297.00823879589785,706,1:39:00
51.5%,25800000,-599931.2220097003,296.50189664011907,706,1:38:59
51.6%,25805000,-601157.6991270017,300.96013628701036,706,1:38:57
51.6%,25810000,-599345.2499222672,297.52723950557106,706,1:38:56
51.6%,25815000,-599343.5157508701,299.3290963369566,706,1:38:55
51.6%,25820000,-600801.4020719654,299.57365665434804,706,1:38:54
51.6%,25825000,-600012.9778471389,299.2439945473056,706,1:38:53
51.6%,25830000,-598610.7297481121,300.56014070319384,706,1:38:51
51.6%,25835000,-599340.588258211,300.11498155790497,706,1:38:50
51.6%,25840000,-598620.5936989714,302.05529745553156,706,1:38:49
51.6%,25845000,-598805.5264132661,300.9011366317464,706,1:38:48
51.6%,25850000,-599666.7947567822,300.4849744064251,706,1:38:46
51.7%,25855000,-599321.2112894403,303.1577446521664,706,1:38:45
51.7%,25860000,-598806.1732272878,299.3682740706184,706,1:38:44
51.7%,25865000,-600231.8863740559,302.44847312077707,706,1:38:43
51.7%,25870000,-599825.8297340577,299.2172545788076,706,1:38:42
51.7%,25875000,-600163.9749591211,299.0968020601606,706,1:38:40
51.7%,25880000,-599360.3050832367,299.6496570418772,706,1:38:39
51.7%,25885000,-599202.7038070327,301.85182837413475,706,1:38:38
51.7%,25890000,-599301.3611916001,303.61041061429967,706,1:38:37
51.7%,25895000,-599341.6350482139,302.42806242922626,706,1:38:35
51.7%,25900000,-599468.8301601047,300.4858330292668,706,1:38:34
51.8%,25905000,-599128.0497031026,298.2601108990661,706,1:38:33
51.8%,25910000,-600774.3779364973,300.51112560497455,706,1:38:32
51.8%,25915000,-599457.8633742887,299.3469802241447,706,1:38:31
51.8%,25920000,-600293.1317012352,297.8562147143401,706,1:38:29
51.8%,25925000,-599049.345948732,300.2861173562922,706,1:38:28
51.8%,25930000,-600925.847452791,299.2838837113219,706,1:38:27
51.8%,25935000,-599222.7215696378,299.31800783625835,706,1:38:26
51.8%,25940000,-599961.6357897692,301.36133394280523,706,1:38:24
51.8%,25945000,-599559.2848561518,297.1527818182742,706,1:38:23
51.8%,25950000,-598523.9801103896,302.2063905435859,706,1:38:22
51.9%,25955000,-599764.4113843082,300.8833018087207,706,1:38:21
51.9%,25960000,-599865.3707960108,297.37788819528134,706,1:38:20
51.9%,25965000,-598893.1162048439,300.5363445844387,706,1:38:18
51.9%,25970000,-599227.8214633311,300.98805379540556,706,1:38:17
51.9%,25975000,-599413.2621532502,300.2413463081189,706,1:38:16
51.9%,25980000,-600482.0118157296,299.0927787988453,706,1:38:15
51.9%,25985000,-599236.5294441781,302.47697939912075,706,1:38:13
51.9%,25990000,-599667.3598365583,297.7134870659719,706,1:38:12
51.9%,25995000,-598748.9715388524,301.27027085742486,706,1:38:11
51.9%,26000000,-599274.0708317566,300.41321806894194,706,1:38:10
52.0%,26005000,-599745.6328321607,301.9508643859022,706,1:38:09
52.0%,26010000,-599853.189971006,298.83612416542684,706,1:38:07
52.0%,26015000,-599254.2307826551,304.4706525733374,706,1:38:06
52.0%,26020000,-599232.5524339206,299.35075816464814,706,1:38:05
52.0%,26025000,-599433.1470085112,299.9599633368601,706,1:38:04
52.0%,26030000,-599118.0917026438,301.1835008862529,706,1:38:02
52.0%,26035000,-601121.8651393228,299.49893193504073,706,1:38:01
52.0%,26040000,-599150.4984697849,299.89995786626736,706,1:38:00
52.0%,26045000,-600001.0545116072,300.3484779066793,706,1:37:59
52.0%,26050000,-598774.2068644683,298.44069154871175,706,1:37:57
52.1%,26055000,-599665.6686857459,302.46387926776487,706,1:37:56
52.1%,26060000,-599554.0789303263,300.22135266194846,706,1:37:55
52.1%,26065000,-600695.062354696,298.425162741318,706,1:37:54
52.1%,26070000,-599625.7660022746,301.9025607180374,706,1:37:53
52.1%,26075000,-600242.2693743007,301.7061814081048,706,1:37:51
52.1%,26080000,-600241.0301906453,302.0627797402948,706,1:37:50
52.1%,26085000,-598724.6993644224,300.698869622328,706,1:37:49
52.1%,26090000,-597680.1912612203,300.0590974769523,706,1:37:48
52.1%,26095000,-600560.7382104951,297.50744211605013,706,1:37:46
52.1%,26100000,-598337.6839548037,298.6386163797594,706,1:37:45
52.2%,26105000,-599765.845841602,300.13720762346384,706,1:37:44
52.2%,26110000,-599269.3344671652,299.6066523035497,706,1:37:43
52.2%,26115000,-598846.6284718146,299.53258995043456,706,1:37:42
52.2%,26120000,-600220.8185800225,298.4002626789093,706,1:37:40
52.2%,26125000,-600267.6587963509,303.1948862230893,706,1:37:39
52.2%,26130000,-599249.0627153693,299.33863931653985,706,1:37:38
52.2%,26135000,-599547.3313753828,300.02298625343934,706,1:37:37
52.2%,26140000,-599347.6999368886,298.52223618659013,706,1:37:35
52.2%,26145000,-599887.6227729805,299.48637150947104,706,1:37:34
52.2%,26150000,-599283.7026434802,299.6027271705592,706,1:37:33
52.3%,26155000,-598704.419588109,300.80820910819557,706,1:37:32
52.3%,26160000,-600461.6036152374,299.20135779019597,706,1:37:31
52.3%,26165000,-597924.114156743,298.39910967109336,706,1:37:29
52.3%,26170000,-599274.4095010962,300.2476265209038,706,1:37:28
52.3%,26175000,-600738.9556121882,297.6731072603318,706,1:37:27
52.3%,26180000,-598907.7703012624,299.7785731285351,706,1:37:26
52.3%,26185000,-598336.7751069921,301.2546929858687,706,1:37:24
52.3%,26190000,-599523.5881714956,298.7685137496649,706,1:37:23
52.3%,26195000,-598803.2640974633,301.60086518355257,706,1:37:22
52.3%,26200000,-599653.744577365,299.678285980627,706,1:37:21
52.4%,26205000,-599558.5377171617,299.65495597141444,706,1:37:20
52.4%,26210000,-599674.9033410633,301.43708900952254,706,1:37:18
52.4%,26215000,-599090.228911913,301.6139407828273,706,1:37:17
52.4%,26220000,-599801.9986607437,299.4648323421855,706,1:37:16
52.4%,26225000,-599431.5460616434,300.7009548492292,706,1:37:15
52.4%,26230000,-598956.5800774461,298.80771601540783,706,1:37:13
52.4%,26235000,-599550.4522849447,299.6210771672899,706,1:37:12
52.4%,26240000,-599038.8190986617,305.8578927005167,706,1:37:11
52.4%,26245000,-598724.7035205034,303.4041939398095,706,1:37:10
52.4%,26250000,-600561.679796882,301.9384511528196,706,1:37:09
52.5%,26255000,-598948.8439701428,300.905454278036,706,1:37:07
52.5%,26260000,-599874.3772927816,300.9881028595679,706,1:37:06
52.5%,26265000,-600345.282462772,301.178888854989,706,1:37:05
52.5%,26270000,-599770.5111710201,297.978188222021,706,1:37:04
52.5%,26275000,-599521.4580017962,301.9673499444624,706,1:37:02
52.5%,26280000,-598817.4631511839,297.2323148254949,706,1:37:01
52.5%,26285000,-598328.4490906359,297.26219490038534,706,1:37:00
52.5%,26290000,-598818.2368147937,299.29124333567916,706,1:36:59
52.5%,26295000,-598782.6687209215,301.65118048207495,706,1:36:58
52.5%,26300000,-600323.0909803296,300.6075366840545,706,1:36:56
52.6%,26305000,-600109.5740660471,300.1298725311878,706,1:36:55
52.6%,26310000,-599592.4035765366,299.9712726262891,706,1:36:54
52.6%,26315000,-599674.2888567918,298.78487664781915,706,1:36:53
52.6%,26320000,-600379.0943583543,297.7477338513143,706,1:36:51
52.6%,26325000,-599110.5162086254,300.76292288631726,706,1:36:50
52.6%,26330000,-599942.8635776746,297.8294011495986,706,1:36:49
52.6%,26335000,-599270.8448686115,298.58243791383245,706,1:36:48
52.6%,26340000,-600544.4264066643,299.58891560884877,706,1:36:46
52.6%,26345000,-598286.1235102089,299.93476888947714,706,1:36:45
52.6%,26350000,-601300.1397699676,302.89353413774114,706,1:36:44
52.7%,26355000,-599749.7364669992,299.2747577771189,706,1:36:43
52.7%,26360000,-600058.6713683349,299.8367632251197,706,1:36:42
52.7%,26365000,-598697.7123554596,300.9674713792864,706,1:36:40
52.7%,26370000,-598586.6082022316,301.5428468115362,706,1:36:39
52.7%,26375000,-598512.3784033647,295.8066083950084,706,1:36:38
52.7%,26380000,-599899.6299263872,301.8715766994934,706,1:36:37
52.7%,26385000,-598157.327674557,299.27976232168186,706,1:36:36
52.7%,26390000,-600277.9382773046,302.2176262367713,706,1:36:34
52.7%,26395000,-599446.1459107562,303.1340957258984,706,1:36:33
52.7%,26400000,-599919.9066306232,301.49520550986364,706,1:36:32
52.8%,26405000,-599412.8956129402,300.86009445991414,706,1:36:31
52.8%,26410000,-601236.3079836927,300.86240047554605,706,1:36:29
52.8%,26415000,-600128.7003377397,298.1446874570632,706,1:36:28
52.8%,26420000,-599295.2930817865,300.85386331129166,706,1:36:27
52.8%,26425000,-599670.6742954226,298.58835014539943,706,1:36:26
52.8%,26430000,-598970.4150328543,299.8385050028843,706,1:36:24
52.8%,26435000,-600206.282198844,301.06542797948146,706,1:36:23
52.8%,26440000,-599733.5353866927,299.29816138257496,706,1:36:22
52.8%,26445000,-599421.0023897979,298.8212086600628,706,1:36:21
52.8%,26450000,-599668.9631177061,300.43392314546696,706,1:36:19
52.9%,26455000,-600301.525680617,300.9300844875516,706,1:36:18
52.9%,26460000,-597919.3220134974,301.5931375779775,706,1:36:17
52.9%,26465000,-598911.4673451618,300.2370286618294,706,1:36:16
52.9%,26470000,-598082.3385873507,301.389325047444,706,1:36:15
52.9%,26475000,-598850.4621628858,301.30598956763873,706,1:36:13
52.9%,26480000,-600695.8776592915,299.5546442914251,706,1:36:12
52.9%,26485000,-598889.5870388546,298.8566329853023,706,1:36:11
52.9%,26490000,-598607.7681621537,299.87711849867867,706,1:36:10
52.9%,26495000,-599713.890591322,300.3550034402761,706,1:36:08
52.9%,26500000,-601354.6454030848,299.8497652281509,706,1:36:07
53.0%,26505000,-598612.2677462781,299.01756343791425,706,1:36:06
53.0%,26510000,-598459.7528354297,298.9518174603228,706,1:36:05
53.0%,26515000,-599168.4618107355,299.5483150144779,706,1:36:04
53.0%,26520000,-598725.3871533573,300.61945927551324,706,1:36:02
53.0%,26525000,-599221.7245951528,299.43225373836407,706,1:36:01
53.0%,26530000,-599436.8310875846,299.45666315914895,706,1:36:00
53.0%,26535000,-598985.4819727675,300.63923213295305,706,1:35:59
53.0%,26540000,-600218.4732000567,300.2989721668362,706,1:35:57
53.0%,26545000,-599216.2304798863,301.0537261767534,706,1:35:56
53.0%,26550000,-598513.988550059,300.24367685583206,706,1:35:55
53.1%,26555000,-599268.0366365369,297.2533633511567,706,1:35:54
53.1%,26560000,-600150.7142815138,299.53028393480264,706,1:35:53
53.1%,26565000,-599143.8556035501,301.3382492544047,706,1:35:51
53.1%,26570000,-598555.385569137,300.52498623084733,706,1:35:50
53.1%,26575000,-600001.1143937767,299.3759771441123,706,1:35:49
53.1%,26580000,-598679.8818313503,299.91874944045946,706,1:35:48
53.1%,26585000,-599329.5301182182,299.942471962971,706,1:35:46
53.1%,26590000,-599784.5212773839,301.82864555740946,706,1:35:45
53.1%,26595000,-600034.8149893438,299.7251667877826,706,1:35:44
53.1%,26600000,-598873.7332419115,299.5484622069651,706,1:35:43
53.2%,26605000,-599718.8263295926,299.8517032625649,706,1:35:42
53.2%,26610000,-600735.6736876215,297.9930546632226,706,1:35:40
53.2%,26615000,-598073.9994992516,299.5613906137526,706,1:35:39
53.2%,26620000,-599398.6039879736,301.52555169429667,706,1:35:38
53.2%,26625000,-598573.3428908861,297.9602798027517,706,1:35:37
53.2%,26630000,-598409.6521426011,301.4376532473899,706,1:35:35
53.2%,26635000,-599402.3402061877,300.11586471282783,706,1:35:34
53.2%,26640000,-598590.0998566938,302.7993800101307,706,1:35:33
53.2%,26645000,-598968.1311780587,301.26914238169013,706,1:35:32
53.2%,26650000,-599493.9562137155,302.8636295307695,706,1:35:30
53.3%,26655000,-599775.8778488608,302.6263797735729,706,1:35:29
53.3%,26660000,-599414.0305254068,302.059345248928,706,1:35:28
53.3%,26665000,-599864.1417640247,299.9743391364379,706,1:35:27
53.3%,26670000,-597853.9285579226,300.55719685345093,706,1:35:26
53.3%,26675000,-599460.7971731806,300.40654534285807,706,1:35:24
53.3%,26680000,-599084.1692780815,300.0355957431714,706,1:35:23
53.3%,26685000,-598755.9893915616,299.9482615341321,706,1:35:22
53.3%,26690000,-598862.1353957579,301.993525675093,706,1:35:21
53.3%,26695000,-599142.9194140187,301.9727470023244,706,1:35:19
53.3%,26700000,-599896.3775174161,298.3561049327658,706,1:35:18
53.4%,26705000,-600567.1892693676,300.5914436387933,706,1:35:17
53.4%,26710000,-599646.4921110175,299.47059738126535,706,1:35:16
53.4%,26715000,-599182.4404531112,300.84638102652843,706,1:35:15
53.4%,26720000,-599337.4643272534,302.012807890909,706,1:35:13
53.4%,26725000,-598789.7802368943,298.55508464330467,706,1:35:12
53.4%,26730000,-598636.256159754,302.820624792442,706,1:35:11
53.4%,26735000,-598307.7101802626,298.5672525555753,706,1:35:10
53.4%,26740000,-600751.8337432453,301.59500201614793,706,1:35:08
53.4%,26745000,-599891.9952767538,300.5164735986741,706,1:35:07
53.4%,26750000,-600012.811885023,302.42259177512074,706,1:35:06
53.5%,26755000,-599564.6720551169,298.075629648511,706,1:35:05
53.5%,26760000,-598526.2145045162,303.38088846267823,706,1:35:04
53.5%,26765000,-599051.3077395316,301.20832735241805,706,1:35:02
53.5%,26770000,-599462.1342122885,300.8923786787613,706,1:35:01
53.5%,26775000,-599103.306475176,299.4299722548133,706,1:35:00
53.5%,26780000,-600598.3429447105,300.4908375738297,706,1:34:59
53.5%,26785000,-600255.7638331931,300.25864142535846,706,1:34:57
53.5%,26790000,-599880.1863382873,299.34624426170905,706,1:34:56
53.5%,26795000,-598589.7678263695,301.62444051357693,706,1:34:55
53.5%,26800000,-598786.9110254296,299.6891046284321,706,1:34:54
53.6%,26805000,-598775.505355773,301.20396064196603,706,1:34:53
53.6%,26810000,-599343.6963489763,300.74771299597893,706,1:34:51
53.6%,26815000,-599675.2796564731,302.55297978665,706,1:34:50
53.6%,26820000,-599797.3336004615,299.10185566888595,706,1:34:49
53.6%,26825000,-599374.8985315547,298.518237457356,706,1:34:48
53.6%,26830000,-599319.9647457749,302.48512405007614,706,1:34:46
53.6%,26835000,-600026.4144927892,301.2527794835358,706,1:34:45
53.6%,26840000,-599472.5330502735,300.7859585105555,706,1:34:44
53.6%,26845000,-600222.1990187797,300.71209241408985,706,1:34:43
53.6%,26850000,-599001.7970736246,301.038123773116,706,1:34:41
53.7%,26855000,-598945.0499178921,300.61381689683935,706,1:34:40
53.7%,26860000,-599177.5357141299,300.57375600825475,706,1:34:39
53.7%,26865000,-599819.7544188267,302.1742289851447,706,1:34:38
53.7%,26870000,-600376.2523362865,300.9729175013108,706,1:34:36
53.7%,26875000,-600338.8920140578,303.20847699606907,706,1:34:35
53.7%,26880000,-599871.4770656768,299.53278620708414,706,1:34:34
53.7%,26885000,-598671.2878620708,300.8016345104364,706,1:34:33
53.7%,26890000,-599994.8562495084,297.75901860866213,706,1:34:32
53.7%,26895000,-601184.3599540829,301.20261137750055,706,1:34:30
53.7%,26900000,-599479.0605708784,298.61715080871744,706,1:34:29
53.8%,26905000,-599834.0481423778,298.7449874838029,706,1:34:28
53.8%,26910000,-598794.7312666825,298.6983519974591,706,1:34:27
53.8%,26915000,-599645.1688927133,297.687532124072,706,1:34:25
53.8%,26920000,-600737.9703664291,299.8903658225217,706,1:34:24
53.8%,26925000,-599564.2573203961,298.92566626177336,706,1:34:23
53.8%,26930000,-600089.0486788894,301.64131858543624,706,1:34:22
53.8%,26935000,-599524.4639342953,300.4614726726443,706,1:34:21
53.8%,26940000,-598111.0474905828,303.5018070908678,706,1:34:19
53.8%,26945000,-599592.489143284,299.9146035187382,706,1:34:18
53.8%,26950000,-599025.7816124368,298.0786716265786,706,1:34:17
53.9%,26955000,-599129.155593419,298.9680576980711,706,1:34:16
53.9%,26960000,-600316.4324734062,303.1423385051786,706,1:34:14
53.9%,26965000,-599282.7504574424,299.62090544272155,706,1:34:13
53.9%,26970000,-600665.0891400152,301.1028394032975,706,1:34:12
53.9%,26975000,-599621.1789084901,298.39827558033284,706,1:34:11
53.9%,26980000,-599725.5288101747,301.2455179875033,706,1:34:10
53.9%,26985000,-599465.5519162007,299.20160311100784,706,1:34:08
53.9%,26990000,-600344.0283894595,300.8037197373376,706,1:34:07
53.9%,26995000,-599975.8960639839,300.31923566589984,706,1:34:06
53.9%,27000000,-598372.829316197,298.6470308836079,706,1:34:05
54.0%,27005000,-599011.9278420722,300.28231488370767,706,1:34:04
54.0%,27010000,-599223.5680755475,298.89674293804933,706,1:34:02
54.0%,27015000,-598238.1652388438,300.0431025600158,706,1:34:01
54.0%,27020000,-600049.3860532753,300.5090158459921,706,1:34:00
54.0%,27025000,-599394.3939342042,299.4631641606645,706,1:33:59
54.0%,27030000,-599405.9160441938,300.68711875543755,706,1:33:57
54.0%,27035000,-600623.9074506466,302.5793517739301,706,1:33:56
54.0%,27040000,-599256.117586073,299.00990942858266,706,1:33:55
54.0%,27045000,-598938.7611032282,301.24147019410685,706,1:33:54
54.0%,27050000,-598935.3119239341,299.98861680769096,706,1:33:52
54.1%,27055000,-598689.36106632,300.2120795352583,706,1:33:51
54.1%,27060000,-599350.359769701,299.82594457731454,706,1:33:50
54.1%,27065000,-599320.9654680095,300.09430101346106,706,1:33:49
54.1%,27070000,-599219.7184245889,299.14356020691037,706,1:33:48
54.1%,27075000,-598445.5634879894,300.5292793450557,706,1:33:46
54.1%,27080000,-599835.8631484122,298.44390525134776,706,1:33:45
54.1%,27085000,-599443.8620583159,299.34433075937613,706,1:33:44
54.1%,27090000,-598436.0369782913,297.41022147829085,706,1:33:43
54.1%,27095000,-599644.5368152591,301.04038072458553,706,1:33:41
54.1%,27100000,-599760.7993141301,299.0840453779414,706,1:33:40
54.2%,27105000,-599211.1682609366,300.8588923879358,706,1:33:39
54.2%,27110000,-600318.8981709955,301.3039043407375,706,1:33:38
54.2%,27115000,-600198.6328989905,299.26251626860466,706,1:33:37
54.2%,27120000,-599816.8898287886,300.739372088374,706,1:33:35
54.2%,27125000,-599255.0007073265,298.0934644715367,706,1:33:34
54.2%,27130000,-598605.5896146367,302.21262169220836,706,1:33:33
54.2%,27135000,-600880.4956803285,301.5133592499448,706,1:33:32
54.2%,27140000,-599779.9893739093,299.08924617915386,706,1:33:30
54.2%,27145000,-599151.4497095691,299.9991901346842,706,1:33:29
54.2%,27150000,-599617.6255124346,298.4922825154561,706,1:33:28
54.3%,27155000,-599637.1599128172,300.63839804219253,706,1:33:27
54.3%,27160000,-599706.6157625718,299.28035109163045,706,1:33:26
54.3%,27165000,-599160.5090835113,299.4104447181854,706,1:33:24
54.3%,27170000,-598787.897745789,302.0181804166898,706,1:33:23
54.3%,27175000,-598661.8844838124,302.05380099857894,706,1:33:22
54.3%,27180000,-599471.0839312468,302.03358656367766,706,1:33:21
54.3%,27185000,-600034.0402582427,299.3056681994194,706,1:33:19
54.3%,27190000,-601238.7959353118,300.11193957983727,706,1:33:18
54.3%,27195000,-599151.8578641177,298.0006596083918,706,1:33:17
54.3%,27200000,-599434.2481248239,300.76275116174895,706,1:33:16
54.4%,27205000,-600382.6279835785,301.64597968086247,706,1:33:15
54.4%,27210000,-598789.1513259504,298.3541423662705,706,1:33:13
54.4%,27215000,-598910.8776604864,300.478792321965,706,1:33:12
54.4%,27220000,-600188.4071431546,298.0084853422917,706,1:33:11
54.4%,27225000,-600177.895521359,300.3999952771801,706,1:33:10
54.4%,27230000,-599623.6976355016,299.2908508223801,706,1:33:08
54.4%,27235000,-599099.9245588654,300.62397317845233,706,1:33:07
54.4%,27240000,-599618.0365581238,299.0249966585151,706,1:33:06
54.4%,27245000,-598989.9729492157,299.27968872543823,706,1:33:05
54.4%,27250000,-598850.6627061293,299.64583003721145,706,1:33:03
54.5%,27255000,-599322.102438556,300.1638003994747,706,1:33:02
54.5%,27260000,-600141.249283215,298.9993606336706,706,1:33:01
54.5%,27265000,-600056.140734009,301.59409432914384,706,1:33:00
54.5%,27270000,-600241.9520811411,301.3985000458094,706,1:32:59
54.5%,27275000,-600356.8744858103,297.30046494704305,706,1:32:57
54.5%,27280000,-599829.5724091441,300.8008494838383,706,1:32:56
54.5%,27285000,-598250.2846595524,302.3289037570529,706,1:32:55
54.5%,27290000,-599451.5151231638,301.14145289909186,706,1:32:54
54.5%,27295000,-599703.9457643288,300.2795182264519,706,1:32:52
54.5%,27300000,-600033.2685136134,300.32855785675235,706,1:32:51
54.6%,27305000,-600768.7671930585,297.95559417524424,706,1:32:50
54.6%,27310000,-600597.6866010595,299.73034305691385,706,1:32:49
54.6%,27315000,-599805.6102828872,301.48706085890825,706,1:32:48
54.6%,27320000,-600540.0201427531,302.2468194133884,706,1:32:46
54.6%,27325000,-599488.7492679679,300.5685797391235,706,1:32:45
54.6%,27330000,-599590.9964048401,299.04185019829316,706,1:32:44
54.6%,27335000,-599888.2250626837,300.72607570036865,706,1:32:43
54.6%,27340000,-598388.5431620036,299.6017213552303,706,1:32:41
54.6%,27345000,-600961.3439583611,299.75750007079216,706,1:32:40
54.6%,27350000,-598557.5465806485,297.7962583079098,706,1:32:39
54.7%,27355000,-598996.1112585184,301.9832222009929,706,1:32:38
54.7%,27360000,-601155.9019268407,301.143538125993,706,1:32:37
54.7%,27365000,-600323.9978440544,300.7584825796217,706,1:32:35
54.7%,27370000,-598287.6319547794,300.71366246728604,706,1:32:34
54.7%,27375000,-599648.2918870645,302.9779735612,706,1:32:33
54.7%,27380000,-600219.9475645819,299.2972782276521,706,1:32:32
54.7%,27385000,-599761.1449851799,300.29499796968327,706,1:32:30
54.7%,27390000,-599053.1711408952,298.07013446232423,706,1:32:29
54.7%,27395000,-600074.6566559072,299.54407096443185,706,1:32:28
54.7%,27400000,-599032.6821005475,300.09150435620535,706,1:32:27
54.8%,27405000,-600517.0790955708,299.69540937329816,706,1:32:26
54.8%,27410000,-599862.6184728481,299.39810508134644,706,1:32:24
54.8%,27415000,-600568.099820137,301.27520180574425,706,1:32:23
54.8%,27420000,-599543.1195307835,300.58491810519655,706,1:32:22
54.8%,27425000,-599115.7992129051,297.5824857524129,706,1:32:21
54.8%,27430000,-599584.2088804962,300.37158712716104,706,1:32:19
54.8%,27435000,-599461.4718349148,299.61796159297865,706,1:32:18
54.8%,27440000,-600013.0954219364,300.5111746691369,706,1:32:17
54.8%,27445000,-598570.2720893272,300.51563950791365,706,1:32:16
54.8%,27450000,-599353.5687566162,301.53661566291373,706,1:32:15
54.9%,27455000,-600274.526103803,300.48593115759155,706,1:32:13
54.9%,27460000,-599473.482854858,300.98768581418767,706,1:32:12
54.9%,27465000,-600278.3115603938,299.02386818278023,706,1:32:11
54.9%,27470000,-598467.6097407276,300.3918015620623,706,1:32:10
54.9%,27475000,-600047.9229157027,302.5317840685011,706,1:32:09
54.9%,27480000,-600318.8476105779,297.8847700568463,706,1:32:07
54.9%,27485000,-601378.3999390793,302.21321046215695,706,1:32:06
54.9%,27490000,-600302.293480623,300.4876729353561,706,1:32:05
54.9%,27495000,-599775.581350185,301.0184981081633,706,1:32:04
54.9%,27500000,-601452.6834327946,298.3335599501514,706,1:32:02
55.0%,27505000,-599574.5393773755,296.88670686567843,706,1:32:01
55.0%,27510000,-599194.8227968402,298.2322915189957,706,1:32:00
55.0%,27515000,-598398.4057609155,301.13237602905116,706,1:31:59
55.0%,27520000,-599973.5000893432,298.8497885346501,706,1:31:58
55.0%,27525000,-600186.8699731887,303.8295311634962,706,1:31:56
55.0%,27530000,-597681.9925413947,300.6436969717298,706,1:31:55
55.0%,27535000,-599347.3131389604,299.65360670694895,706,1:31:54
55.0%,27540000,-599811.5894464552,300.8921824221117,706,1:31:53
55.0%,27545000,-598946.739311323,298.39096502013797,706,1:31:51
55.0%,27550000,-599287.4814993683,301.41552531015583,706,1:31:50
55.1%,27555000,-599503.0630291384,303.2888931582126,706,1:31:49
55.1%,27560000,-599233.6857194775,299.7024255485187,706,1:31:48
55.1%,27565000,-599651.8935499876,298.30686904581574,706,1:31:47
55.1%,27570000,-598836.151306503,297.6604487064373,706,1:31:45
55.1%,27575000,-599103.5396575755,296.2213968237831,706,1:31:44
55.1%,27580000,-600520.2618641304,303.4268125186674,706,1:31:43
55.1%,27585000,-598435.1492960504,302.6671520925121,706,1:31:42
55.1%,27590000,-598796.6019384279,298.6843932432615,706,1:31:40
55.1%,27595000,-598532.8060590997,298.8998585123606,706,1:31:39
55.1%,27600000,-599622.4483005647,299.014963037308,706,1:31:38
55.2%,27605000,-599997.2794006118,302.20045377993773,706,1:31:37
55.2%,27610000,-599679.6393553424,297.5455895023019,706,1:31:36
55.2%,27615000,-598544.5513732159,299.2482140652705,706,1:31:34
55.2%,27620000,-598948.1070993971,304.4390552527636,706,1:31:33
55.2%,27625000,-600105.189133741,299.26462602758716,706,1:31:32
55.2%,27630000,-599358.5288393977,299.558348635685,706,1:31:31
55.2%,27635000,-600941.9453790067,298.2923460537508,706,1:31:29
55.2%,27640000,-598871.404846035,302.1372100746277,706,1:31:28
55.2%,27645000,-598718.2529066056,301.81154669681945,706,1:31:27
55.2%,27650000,-599006.9603620511,300.7911593117679,706,1:31:26
55.3%,27655000,-599644.1650578594,301.7464385533389,706,1:31:25
55.3%,27660000,-599087.1627633218,299.9052077316421,706,1:31:23
55.3%,27665000,-599742.5409896998,301.1563684044558,706,1:31:22
55.3%,27670000,-598909.1404641215,300.85653730814147,706,1:31:21
55.3%,27675000,-599830.6853538975,297.4698344355846,706,1:31:20
55.3%,27680000,-599657.1164208534,297.89885147144986,706,1:31:18
55.3%,27685000,-600738.2046323,300.431862450647,706,1:31:17
55.3%,27690000,-600666.8079067143,302.37693757202453,706,1:31:16
55.3%,27695000,-599106.8494597417,297.65809362664305,706,1:31:15
55.3%,27700000,-601038.693556089,301.88840570719026,706,1:31:14
55.4%,27705000,-598498.8065126552,298.12179902531216,706,1:31:12
55.4%,27710000,-600109.5018658661,300.8589414520982,706,1:31:11
55.4%,27715000,-597544.6004581605,300.2301351470147,706,1:31:10
55.4%,27720000,-598569.2440177756,302.839269174147,706,1:31:09
55.4%,27725000,-599334.9472078746,299.89478159713605,706,1:31:07
55.4%,27730000,-598801.2346992576,300.7731527641738,706,1:31:06
55.4%,27735000,-600270.5110470061,300.05870496365316,706,1:31:05
55.4%,27740000,-598780.5482297037,299.10345025416336,706,1:31:04
55.4%,27745000,-599171.1119432803,299.74179953883004,706,1:31:03
55.4%,27750000,-598605.7038048282,301.13473110884553,706,1:31:01
55.5%,27755000,-598151.8906463664,300.8339677934459,706,1:31:00
55.5%,27760000,-597809.2667339114,303.23384316802037,706,1:30:59
55.5%,27765000,-599535.8661456541,300.4608103064522,706,1:30:58
55.5%,27770000,-599847.2911916347,300.7711656655974,706,1:30:56
55.5%,27775000,-598466.1334376736,301.7453346096854,706,1:30:55
55.5%,27780000,-599807.2604357093,300.57191610216546,706,1:30:54
55.5%,27785000,-598764.261880422,299.94860498326875,706,1:30:53
55.5%,27790000,-601747.0479607591,299.0155272751754,706,1:30:52
55.5%,27795000,-598888.8504108828,300.7876757562388,706,1:30:50
55.5%,27800000,-599992.9704222232,300.28572484299315,706,1:30:49
55.6%,27805000,-599736.2553745485,299.72828236209386,706,1:30:48
55.6%,27810000,-599459.058200507,298.2662193872826,706,1:30:47
55.6%,27815000,-600879.7318973746,297.88513803806416,706,1:30:45
55.6%,27820000,-598838.6104678479,300.7360847894945,706,1:30:44
55.6%,27825000,-600580.1923308051,298.16880249287374,706,1:30:43
55.6%,27830000,-599752.7876484948,298.09162456544743,706,1:30:42
55.6%,27835000,-598881.536455424,299.7872084211142,706,1:30:41
55.6%,27840000,-600392.8420989946,300.10835789598343,706,1:30:39
55.6%,27845000,-599048.2381216842,299.35151865916504,706,1:30:38
55.6%,27850000,-599231.3541375282,297.71554776079194,706,1:30:37
55.7%,27855000,-598846.1365438597,303.1454295474086,706,1:30:36
55.7%,27860000,-599397.9634115412,298.36913146787816,706,1:30:34
55.7%,27865000,-598374.2163708899,298.1149791067411,706,1:30:33
55.7%,27870000,-599997.9559330437,299.7881651722807,706,1:30:32
55.7%,27875000,-600448.0430277074,301.63739345244574,706,1:30:31
55.7%,27880000,-600795.675654335,299.77393656519,706,1:30:30
55.7%,27885000,-598784.9187417175,300.17071844637053,706,1:30:28
55.7%,27890000,-599141.57842405,301.39977571403125,706,1:30:27
55.7%,27895000,-599547.9119280693,299.72879753579883,706,1:30:26
55.7%,27900000,-600535.2926721382,300.5593066124334,706,1:30:25
55.8%,27905000,-600997.0745939161,301.16951759997414,706,1:30:23
55.8%,27910000,-598899.7924680421,298.7466556653239,706,1:30:22
55.8%,27915000,-599766.8247577404,301.1126522357738,706,1:30:21
55.8%,27920000,-598438.3828178584,298.62524639551043,706,1:30:20
55.8%,27925000,-598579.7807853147,301.52008104019114,706,1:30:18
55.8%,27930000,-598675.1311534857,301.23124031625025,706,1:30:17
55.8%,27935000,-599643.9222961678,298.6587572184171,706,1:30:16
55.8%,27940000,-599460.907940729,302.5493735707149,706,1:30:15
55.8%,27945000,-599892.8162616487,300.6783362703713,706,1:30:14
55.8%,27950000,-600162.1071431432,300.64516889660126,706,1:30:12
55.9%,27955000,-599641.1415744456,301.6914130952279,706,1:30:11
55.9%,27960000,-598987.8870328488,300.89225601835534,706,1:30:10
55.9%,27965000,-599236.6503875414,299.8068340860669,706,1:30:09
55.9%,27970000,-599657.1110036699,300.7566181414512,706,1:30:07
55.9%,27975000,-599473.980920014,300.80999995012246,706,1:30:06
55.9%,27980000,-598740.5720700915,299.4030114975846,706,1:30:05
55.9%,27985000,-599607.1365194223,300.2184578763679,706,1:30:04
55.9%,27990000,-599619.0192886842,298.83950959263115,706,1:30:02
55.9%,27995000,-598708.5280071045,300.79000630395194,706,1:30:01
55.9%,28000000,-600094.1526353653,301.8755018324839,706,1:30:00
56.0%,28005000,-600742.4424992502,296.9001749782522,706,1:29:59
56.0%,28010000,-600795.2940445291,299.87280085238905,706,1:29:58
56.0%,28015000,-600508.5265291249,301.4573770406674,706,1:29:56
56.0%,28020000,-597872.4823530097,300.94127111657457,706,1:29:55
56.0%,28025000,-600069.111007628,298.9824580297302,706,1:29:54
56.0%,28030000,-598844.5661949855,301.01530893760855,706,1:29:53
56.0%,28035000,-600359.9518714696,298.66852098673104,706,1:29:51
56.0%,28040000,-600185.0609880895,298.7138808048529,706,1:29:50
56.0%,28045000,-599437.8936466407,303.45958737913844,706,1:29:49
56.0%,28050000,-599458.6373679591,298.8761605219303,706,1:29:48
56.1%,28055000,-599031.5707833138,300.2856267146684,706,1:29:47
56.1%,28060000,-598633.4196237614,299.7220757455526,706,1:29:45
56.1%,28065000,-599371.9326609569,304.0283882136291,706,1:29:44
56.1%,28070000,-600937.6377595286,300.6824576600113,706,1:29:43
56.1%,28075000,-599775.9440351371,298.12071961373977,706,1:29:42
56.1%,28080000,-599671.1983193713,298.7311023258489,706,1:29:40
56.1%,28085000,-600049.6037684777,301.62978850727654,706,1:29:39
56.1%,28090000,-599054.6144641829,302.68903470893434,706,1:29:38
56.1%,28095000,-598744.4210486114,300.918431748986,706,1:29:37
56.1%,28100000,-598741.3387759547,298.25554793196454,706,1:29:35
56.2%,28105000,-598899.7135224333,299.7875273381697,706,1:29:34
56.2%,28110000,-599360.36799283,300.42217227857657,706,1:29:33
56.2%,28115000,-601050.7735880157,298.90775784250405,706,1:29:32
56.2%,28120000,-598674.7450900436,301.7192324752983,706,1:29:31
56.2%,28125000,-600301.3675905503,294.836119263099,706,1:29:29
56.2%,28130000,-600576.6241611261,301.8169928188438,706,1:29:28
56.2%,28135000,-600391.0021269368,297.8835434527868,706,1:29:27
56.2%,28140000,-600631.1986397393,300.65429483080425,706,1:29:26
56.2%,28145000,-600432.3377290214,302.24524936019213,706,1:29:24
56.2%,28150000,-599422.9329461227,301.3305952450731,706,1:29:23
56.3%,28155000,-600619.7883710018,298.85344381474755,706,1:29:22
56.3%,28160000,-599314.284627947,300.2534896883084,706,1:29:21
56.3%,28165000,-599949.2115737847,298.45092142656836,706,1:29:20
56.3%,28170000,-598862.0917510581,299.63275443793674,706,1:29:18
56.3%,28175000,-599639.4663961004,301.33236155491886,706,1:29:17
56.3%,28180000,-600100.2043967238,301.1645130554112,706,1:29:16
56.3%,28185000,-600249.854878413,300.21678969484697,706,1:29:15
56.3%,28190000,-599557.5001573735,297.7004114666972,706,1:29:13
56.3%,28195000,-599766.9258871633,299.22250444418245,706,1:29:12
56.3%,28200000,-600495.2871738928,301.62164385632116,706,1:29:11
56.4%,28205000,-600186.6361459699,298.6745068145416,706,1:29:10
56.4%,28210000,-599820.235327329,300.4530336367147,706,1:29:09
56.4%,28215000,-599801.1949663837,302.14265619665207,706,1:29:07
56.4%,28220000,-598892.3909852915,302.0949167666547,706,1:29:06
56.4%,28225000,-597983.2015208867,299.40894826123275,706,1:29:05
56.4%,28230000,-599988.174581504,299.80457713459737,706,1:29:04
56.4%,28235000,-600666.9531990709,300.34882135581597,706,1:29:02
56.4%,28240000,-599139.3425375484,299.0639290713649,706,1:29:01
56.4%,28245000,-599448.8068141169,301.61278777501127,706,1:29:00
56.4%,28250000,-599042.7149677188,300.14817346375617,706,1:28:59
56.5%,28255000,-599348.2330235578,299.0188391061361,706,1:28:58
56.5%,28260000,-601328.6737632486,298.346365696533,706,1:28:56
56.5%,28265000,-600465.164351603,299.59956253208554,706,1:28:55
56.5%,28270000,-600478.3870734549,298.8134565224065,706,1:28:54
56.5%,28275000,-598990.1307743215,300.7734226170669,706,1:28:53
56.5%,28280000,-599727.0677327057,297.01810069253656,706,1:28:51
56.5%,28285000,-598213.7942014881,299.64087455681096,706,1:28:50
56.5%,28290000,-598665.5914565655,300.8826885066909,706,1:28:49
56.5%,28295000,-599780.857280097,301.439076108099,706,1:28:48
56.5%,28300000,-599332.6584926071,300.2799843359945,706,1:28:47
56.6%,28305000,-600265.6284673433,302.2647278326577,706,1:28:45
56.6%,28310000,-599183.2772835819,301.40232705047515,706,1:28:44
56.6%,28315000,-599176.5181070878,298.14029621453005,706,1:28:43
56.6%,28320000,-600066.8895372581,301.52086606678927,706,1:28:42
56.6%,28325000,-600172.4959339057,301.063318220499,706,1:28:40
56.6%,28330000,-599305.5465280958,298.11983645881685,706,1:28:39
56.6%,28335000,-598603.6846638462,302.2268012351367,706,1:28:38
56.6%,28340000,-598510.9174506557,299.94090190977477,706,1:28:37
56.6%,28345000,-599117.5570061877,299.5959317840693,706,1:28:36
56.6%,28350000,-599131.7524502771,300.3767388642112,706,1:28:34
56.7%,28355000,-599865.328307468,300.8988306161144,706,1:28:33
56.7%,28360000,-599420.7695233757,300.4440548949988,706,1:28:32
56.7%,28365000,-601063.5583944893,301.4387326589623,706,1:28:31
56.7%,28370000,-598403.8803257621,298.6088099011125,706,1:28:30
56.7%,28375000,-599844.7227874338,299.7126063622129,706,1:28:28
56.7%,28380000,-599376.8183055064,297.5894037993086,706,1:28:27
56.7%,28385000,-600590.7367104213,297.46693965000406,706,1:28:26
56.7%,28390000,-599598.3821019027,299.87510686802096,706,1:28:25
56.7%,28395000,-598827.1828691061,298.1812402580376,706,1:28:23
56.7%,28400000,-599852.4247123259,301.77452778630243,706,1:28:22
56.8%,28405000,-599835.7595289056,297.79949654262697,706,1:28:21
56.8%,28410000,-600331.1864365446,302.1813923528524,706,1:28:20
56.8%,28415000,-600766.134628247,299.4422137633275,706,1:28:19
56.8%,28420000,-599549.1328090951,302.49802792478255,706,1:28:17
56.8%,28425000,-598709.8497757078,299.5611452929407,706,1:28:16
56.8%,28430000,-599741.7790134093,299.7514161146568,706,1:28:15
56.8%,28435000,-599173.5895334138,298.58555348814366,706,1:28:14
56.8%,28440000,-599379.4968722994,297.41635449858853,706,1:28:12
56.8%,28445000,-599868.4795175837,301.2861676460366,706,1:28:11
56.8%,28450000,-599685.8886071434,299.9816006324704,706,1:28:10
56.9%,28455000,-598675.6768040159,300.8569543535217,706,1:28:09
56.9%,28460000,-599424.0656461436,301.31455126397435,706,1:28:08
56.9%,28465000,-600343.5165721728,301.10978198227446,706,1:28:06
56.9%,28470000,-599559.5172868143,299.682407370267,706,1:28:05
56.9%,28475000,-599761.2303055841,301.13733150945177,706,1:28:04
56.9%,28480000,-599613.2212480926,299.31852300996337,706,1:28:03
56.9%,28485000,-600798.6791671952,301.0689360670917,706,1:28:01
56.9%,28490000,-599210.3297692267,302.93769188388467,706,1:28:00
56.9%,28495000,-599367.6130744489,300.0625810324813,706,1:27:59
56.9%,28500000,-599175.7920220057,299.7814679141156,706,1:27:58
57.0%,28505000,-600452.5587130426,301.6445568201534,705,1:27:57
57.0%,28510000,-599156.2353144693,299.61239281054833,706,1:27:55
57.0%,28515000,-598273.7010420505,297.9923677649493,706,1:27:54
57.0%,28520000,-598953.3792236857,300.96752044344885,706,1:27:53
57.0%,28525000,-598015.0093188412,298.75119410034415,706,1:27:52
57.0%,28530000,-599315.1516124285,299.37121792036123,706,1:27:50
57.0%,28535000,-598790.6236549076,301.74651214958254,706,1:27:49
57.0%,28540000,-600432.4429029711,297.53548228485124,706,1:27:48
57.0%,28545000,-598424.7133325799,299.619286325363,706,1:27:47
57.0%,28550000,-600987.4062697147,300.2029536010553,706,1:27:46
57.1%,28555000,-598542.2446490526,300.26526508728,705,1:27:44
57.1%,28560000,-599350.1283412958,302.09263528310396,705,1:27:43
57.1%,28565000,-600096.9942903412,297.13156156804416,705,1:27:42
57.1%,28570000,-599719.7038159394,300.4440303629176,706,1:27:41
57.1%,28575000,-599011.0462914449,300.2114662332285,705,1:27:39
57.1%,28580000,-599271.7148910277,298.9173744183309,706,1:27:38
57.1%,28585000,-599115.9455430922,300.619557403838,706,1:27:37
57.1%,28590000,-599251.8763212524,303.1384624363504,706,1:27:36
57.1%,28595000,-600430.0550596085,299.665701022976,706,1:27:35
57.1%,28600000,-600420.2296035942,300.02973257576684,706,1:27:33
57.2%,28605000,-599425.9403467104,301.01869436481286,705,1:27:32
57.2%,28610000,-597612.705319745,301.5260178038393,705,1:27:31
57.2%,28615000,-600082.4562100205,299.604763333298,705,1:27:30
57.2%,28620000,-600752.242316307,299.23715009665335,705,1:27:28
57.2%,28625000,-599419.9368187631,301.8242297827951,705,1:27:27
57.2%,28630000,-599619.6127588227,300.7010775096351,705,1:27:26
57.2%,28635000,-600581.1745164352,300.6125902927798,705,1:27:25
57.2%,28640000,-600142.9173934101,302.55118894472304,705,1:27:24
57.2%,28645000,-600040.3113237307,300.3570150709337,705,1:27:22
57.2%,28650000,-600039.0791920512,300.6061628875079,705,1:27:21
57.3%,28655000,-598777.9430424371,300.23430560081715,705,1:27:20
57.3%,28660000,-600672.1871822462,298.0720724967383,705,1:27:19
57.3%,28665000,-598410.8737718607,300.2620759167252,705,1:27:17
57.3%,28670000,-599046.532515293,299.4495243235224,705,1:27:16
57.3%,28675000,-597701.0685932734,298.7677777872292,705,1:27:15
57.3%,28680000,-600149.9296404286,300.3512254997727,705,1:27:14
57.3%,28685000,-598789.4228927754,302.7063052940927,705,1:27:13
57.3%,28690000,-598729.91144427,301.3617509881855,705,1:27:11
57.3%,28695000,-600657.0857614693,298.8901928723714,705,1:27:10
57.3%,28700000,-598885.7044872749,301.39778861545483,705,1:27:09
57.4%,28705000,-599456.2117858981,299.07788782556247,705,1:27:08
57.4%,28710000,-598706.5556449937,298.5352872537836,705,1:27:06
57.4%,28715000,-600806.5298494506,300.54338529174044,705,1:27:05
57.4%,28720000,-600076.375162919,300.92110574583575,705,1:27:04
57.4%,28725000,-599533.9999011899,301.6248820910384,705,1:27:03
57.4%,28730000,-599170.3365250649,300.72931393508577,705,1:27:02
57.4%,28735000,-599453.9489003713,298.5858478731179,705,1:27:00
57.4%,28740000,-600115.6205596696,301.54728711823174,705,1:26:59
57.4%,28745000,-600719.1688206564,299.9147997753878,705,1:26:58
57.4%,28750000,-600018.658859415,300.85364252256096,705,1:26:57
57.5%,28755000,-598749.7449523052,299.5551839972113,705,1:26:55
57.5%,28760000,-599720.6987147145,301.2771153080771,705,1:26:54
57.5%,28765000,-600207.4800112154,297.9708285976638,705,1:26:53
57.5%,28770000,-600326.8876267658,299.7762916449843,705,1:26:52
57.5%,28775000,-599038.7053891085,299.6786294297636,705,1:26:51
57.5%,28780000,-598608.454006061,297.59676342366595,705,1:26:49
57.5%,28785000,-600013.9391271318,303.1414553502557,705,1:26:48
57.5%,28790000,-597932.3031803258,301.44753967610984,705,1:26:47
57.5%,28795000,-599358.8351809387,300.293158063594,705,1:26:46
57.5%,28800000,-599574.8912401926,299.52231100841567,705,1:26:44
57.6%,28805000,-599822.4095899491,299.28084173325425,705,1:26:43
57.6%,28810000,-599744.0270575387,300.05983343938794,705,1:26:42
57.6%,28815000,-598226.3272135076,300.9734081429346,705,1:26:41
57.6%,28820000,-599890.7510492629,300.35093111479836,705,1:26:40
57.6%,28825000,-600044.3873536414,302.23779160751013,705,1:26:38
57.6%,28830000,-598805.0920169642,299.16814135226355,705,1:26:37
57.6%,28835000,-598818.7245453526,299.68758363939827,705,1:26:36
57.6%,28840000,-599539.5106999627,301.0892731623989,705,1:26:35
57.6%,28845000,-600895.0692199417,300.2606530560161,705,1:26:33
57.6%,28850000,-599240.6720034191,302.0071409801539,705,1:26:32
57.7%,28855000,-600581.8170176689,302.30491138164825,705,1:26:31
57.7%,28860000,-598711.8970583132,298.87189193980305,705,1:26:30
57.7%,28865000,-599233.3360819803,302.1672373420053,705,1:26:29
57.7%,28870000,-600668.9472199455,298.76996114245514,705,1:26:27
57.7%,28875000,-600023.1346743172,298.85415524510205,705,1:26:26
57.7%,28880000,-600367.3267937773,300.4097835775752,705,1:26:25
57.7%,28885000,-599779.5440801298,300.30785278022734,705,1:26:24
57.7%,28890000,-599331.9736594739,298.650514439137,705,1:26:22
57.7%,28895000,-600999.6814148701,300.6048381551235,705,1:26:21
57.7%,28900000,-600329.2977034072,300.2941148147604,705,1:26:20
57.8%,28905000,-600259.2238509161,298.9328786936435,705,1:26:19
57.8%,28910000,-599859.8889691252,301.3740415608621,705,1:26:18
57.8%,28915000,-600152.9715304398,298.9038572415947,705,1:26:16
57.8%,28920000,-599976.2980823349,302.1603192951095,705,1:26:15
57.8%,28925000,-599377.0447791223,302.68071833341065,705,1:26:14
57.8%,28930000,-599122.5394092915,299.54279529621,705,1:26:13
57.8%,28935000,-600825.3976676785,300.204327397602,705,1:26:11
57.8%,28940000,-600505.785925488,299.42528662730587,705,1:26:10
57.8%,28945000,-599743.8187305387,302.80281450149744,705,1:26:09
57.8%,28950000,-599956.6676242761,300.6991885393835,705,1:26:08
57.9%,28955000,-600505.5452336022,301.6656298778964,705,1:26:07
57.9%,28960000,-600350.3061337653,299.60294795928985,705,1:26:05
57.9%,28965000,-600030.51048401,302.33871658952927,705,1:26:04
57.9%,28970000,-599679.8487701076,302.0265213242947,705,1:26:03
57.9%,28975000,-598671.7060517753,299.8058037386569,705,1:26:02
57.9%,28980000,-597615.3450103588,302.1736156831149,705,1:26:00
57.9%,28985000,-599606.2937212209,297.18749471315925,705,1:25:59
57.9%,28990000,-599512.7084859917,299.37965695629094,705,1:25:58
57.9%,28995000,-599530.6163840028,300.2147535321081,705,1:25:57
57.9%,29000000,-599692.9360455042,297.9153370300101,705,1:25:56
58.0%,29005000,-600175.3591272789,300.7265418099113,705,1:25:54
58.0%,29010000,-599106.0421753637,302.0425162412311,705,1:25:53
58.0%,29015000,-598656.1042108685,300.3000761104898,705,1:25:52
58.0%,29020000,-600216.2828650917,298.98944967286957,705,1:25:51
58.0%,29025000,-598761.7310738824,297.6766398800233,705,1:25:49
58.0%,29030000,-599828.8532313048,301.31450219981195,705,1:25:48
58.0%,29035000,-600381.8595389435,300.6816235692508,705,1:25:47
58.0%,29040000,-597603.9650024739,299.2332985599064,705,1:25:46
58.0%,29045000,-600214.687782364,301.3542441713411,705,1:25:45
58.0%,29050000,-599673.3442604933,299.8336721828897,705,1:25:43
58.1%,29055000,-600427.1450483506,300.3394255687199,705,1:25:42
58.1%,29060000,-598173.2935531321,302.0486247294477,705,1:25:41
58.1%,29065000,-600086.3530727914,301.918187653756,705,1:25:40
58.1%,29070000,-598952.4334773431,299.096458611024,705,1:25:38
58.1%,29075000,-599693.7084570429,298.31682907077925,705,1:25:37
58.1%,29080000,-599599.5379105653,296.9426400107936,705,1:25:36
58.1%,29085000,-600399.7312689875,300.3496063824141,705,1:25:35
58.1%,29090000,-598707.56682016,304.0488479693422,705,1:25:34
58.1%,29095000,-599992.4771672334,299.1570528515653,705,1:25:32
58.1%,29100000,-599400.5615877467,299.8968913561185,705,1:25:31
58.2%,29105000,-600325.3011542368,300.5704196452128,705,1:25:30
58.2%,29110000,-599816.1200044733,299.53766809124113,705,1:25:29
58.2%,29115000,-598440.9915920738,299.8934568647517,705,1:25:27
58.2%,29120000,-598713.1285517742,298.60083697472555,705,1:25:26
58.2%,29125000,-599381.1533346456,298.5398992850475,705,1:25:25
58.2%,29130000,-599175.1429980774,302.4873319373833,705,1:25:24
58.2%,29135000,-600206.3013178525,302.5254057273915,705,1:25:23
58.2%,29140000,-598767.8751765476,299.48921723088915,705,1:25:21
58.2%,29145000,-598493.2132884976,299.33284974537884,705,1:25:20
58.2%,29150000,-598884.1518832636,299.8547452406326,705,1:25:19
58.3%,29155000,-600310.159850583,298.2218163203272,705,1:25:18
58.3%,29160000,-600605.0960925529,300.53811089428444,705,1:25:16
58.3%,29165000,-599994.6124727763,304.00486194776704,705,1:25:15
58.3%,29170000,-599670.9614903568,299.5698787138447,705,1:25:14
58.3%,29175000,-598803.4160756329,300.51038964253877,705,1:25:13
58.3%,29180000,-599696.1899687271,297.72850069966074,705,1:25:12
58.3%,29185000,-598716.0270212078,299.83698401385044,705,1:25:10
58.3%,29190000,-599289.7451270646,298.34984925206214,705,1:25:09
58.3%,29195000,-599652.6764443615,303.1553405082097,705,1:25:08
58.3%,29200000,-600604.2335964502,300.9036143719467,705,1:25:07
58.4%,29205000,-599091.7107449761,299.27416900717037,705,1:25:05
58.4%,29210000,-599700.6693252521,299.7925564148138,705,1:25:04
58.4%,29215000,-599599.8440630957,300.20256108775624,705,1:25:03
58.4%,29220000,-600444.0536547229,303.27954643527886,705,1:25:02
58.4%,29225000,-599851.6586975451,301.2685781438227,705,1:25:01
58.4%,29230000,-599174.4641649909,299.86968527807784,705,1:24:59
58.4%,29235000,-599408.3822366744,300.4650543564982,705,1:24:58
58.4%,29240000,-598870.8756521586,301.70282051298165,705,1:24:57
58.4%,29245000,-598711.2810860691,302.5391927570207,705,1:24:56
58.4%,29250000,-600154.133244961,300.2022176386195,705,1:24:54
58.5%,29255000,-599545.7492385916,303.23369597553324,705,1:24:53
58.5%,29260000,-599204.9384044455,299.31989680651003,705,1:24:52
58.5%,29265000,-600228.9743628721,297.57718682287566,705,1:24:51
58.5%,29270000,-600621.842908259,299.34271164201755,705,1:24:49
58.5%,29275000,-598876.2853768719,298.18474834564785,705,1:24:48
58.5%,29280000,-600839.6489563491,303.04082475321087,705,1:24:47
58.5%,29285000,-599742.7732491419,298.08696347002115,705,1:24:46
58.5%,29290000,-601188.753589943,301.32249965828015,705,1:24:45
58.5%,29295000,-599176.8474538992,298.31123575626776,705,1:24:43
58.5%,29300000,-599245.9702625764,299.24909722019333,705,1:24:42
58.6%,29305000,-600461.7677996648,300.6770115379869,705,1:24:41
58.6%,29310000,-598725.1406692662,299.6478416678691,705,1:24:40
58.6%,29315000,-600168.8332255548,302.68628711584097,705,1:24:39
58.6%,29320000,-599659.3996967799,301.57280048267023,705,1:24:37
58.6%,29325000,-600091.1141927596,299.87844323106293,705,1:24:36
58.6%,29330000,-599488.1548268367,298.48139027140735,705,1:24:35
58.6%,29335000,-599578.0962981656,298.70438688943204,705,1:24:34
58.6%,29340000,-599089.4448791179,302.67622896255267,705,1:24:32
58.6%,29345000,-600094.7118171835,300.51402039055506,705,1:24:31
58.6%,29350000,-600845.6529082237,299.4846051996253,705,1:24:30
58.7%,29355000,-598989.3674148666,300.4025711457051,705,1:24:29
58.7%,29360000,-598766.3699061442,301.0475195602121,705,1:24:28
58.7%,29365000,-599536.3011009027,304.6610705875407,705,1:24:26
58.7%,29370000,-599194.6935319356,300.1025928569036,705,1:24:25
58.7%,29375000,-600211.1349339387,303.04293451219326,705,1:24:24
58.7%,29380000,-598007.1389446533,300.7817144605094,705,1:24:23
58.7%,29385000,-599530.5945976386,300.0616242813149,705,1:24:21
58.7%,29390000,-599818.2266941038,299.4132413754412,705,1:24:20
58.7%,29395000,-599990.7437669341,299.6389855865592,705,1:24:19
58.7%,29400000,-599358.4029550347,296.67205115525866,705,1:24:18
58.8%,29405000,-600466.6246579508,298.54222983276065,705,1:24:17
58.8%,29410000,-599264.0097078336,300.3827246920217,705,1:24:15
58.8%,29415000,-598511.0867636465,299.1483684948237,705,1:24:14
58.8%,29420000,-600687.6600357541,301.14297388812565,705,1:24:13
58.8%,29425000,-599179.9096400803,301.0743331249537,705,1:24:12
58.8%,29430000,-599665.9023631965,299.47199570989324,705,1:24:10
58.8%,29435000,-599223.4008928589,301.2622979310379,705,1:24:09
58.8%,29440000,-600765.4519202635,300.91060601508605,705,1:24:08
58.8%,29445000,-599421.3454662464,299.97468258557456,705,1:24:07
58.8%,29450000,-597762.72437876,299.4611034658445,705,1:24:05
58.9%,29455000,-599622.8780115754,300.3213454248823,705,1:24:04
58.9%,29460000,-599704.4489792874,300.0543382532012,705,1:24:03
58.9%,29465000,-599747.7963861101,298.75001656044697,705,1:24:02
58.9%,29470000,-600378.7965143626,298.18283484331494,705,1:24:01
58.9%,29475000,-599572.3691789946,298.70956315856336,705,1:23:59
58.9%,29480000,-599723.4731782251,301.00861167944345,705,1:23:58
58.9%,29485000,-599497.0370906256,302.7125364427152,705,1:23:57
58.9%,29490000,-600673.2005540133,302.09160493569397,705,1:23:56
58.9%,29495000,-600324.9653699049,299.582782588551,705,1:23:54
58.9%,29500000,-599652.0918675377,299.0912823418927,705,1:23:53
59.0%,29505000,-600282.079275005,301.4455280454522,705,1:23:52
59.0%,29510000,-598707.7863841164,298.3021588862271,705,1:23:51
59.0%,29515000,-599608.6844385746,299.34587628049115,705,1:23:50
59.0%,29520000,-599592.824161517,300.01628899527424,705,1:23:48
59.0%,29525000,-599408.8050294206,299.19409629416344,705,1:23:47
59.0%,29530000,-600760.0097364341,303.1215843644911,705,1:23:46
59.0%,29535000,-599755.9355925452,297.58685246286484,705,1:23:45
59.0%,29540000,-599451.2588628535,302.15879830607565,705,1:23:43
59.0%,29545000,-599017.9939043904,302.1516349383679,705,1:23:42
59.0%,29550000,-598688.5692602983,300.6252243145931,705,1:23:41
59.1%,29555000,-599108.7083314699,298.6851537377784,705,1:23:40
59.1%,29560000,-600476.0721471999,299.66732014033465,705,1:23:39
59.1%,29565000,-599106.0277199373,302.18774616188085,705,1:23:37
59.1%,29570000,-599897.3302072529,302.6116850569396,705,1:23:36
59.1%,29575000,-598949.6360466098,302.02141865140703,705,1:23:35
59.1%,29580000,-598969.8255729903,299.20275611882386,705,1:23:34
59.1%,29585000,-599867.9940285785,299.8576400262131,705,1:23:32
59.1%,29590000,-600635.8258047956,298.9239980802524,705,1:23:31
59.1%,29595000,-598878.4231552524,298.095942211737,705,1:23:30
59.1%,29600000,-598964.6389867035,303.26647083600415,705,1:23:29
59.2%,29605000,-598774.48132079,298.0707968285164,705,1:23:28
59.2%,29610000,-599955.7285979907,299.01241170086416,705,1:23:26
59.2%,29615000,-599956.7966855881,300.0333142596207,705,1:23:25
59.2%,29620000,-601014.1709848098,296.9706065833511,705,1:23:24
59.2%,29625000,-599086.3490125099,302.7137139826123,705,1:23:23
59.2%,29630000,-598906.7599551599,299.71302340759314,705,1:23:21
59.2%,29635000,-600259.0981313586,300.12297901637316,705,1:23:20
59.2%,29640000,-599942.7706058314,301.0761975631242,705,1:23:19
59.2%,29645000,-599267.5145791983,298.9670028185799,705,1:23:18
59.2%,29650000,-600329.1590522481,298.444960130839,705,1:23:17
59.3%,29655000,-599556.6125324145,300.3750706826902,705,1:23:15
59.3%,29660000,-600373.3990008193,300.66013346612766,705,1:23:14
59.3%,29665000,-599000.2378707961,302.36678129041155,705,1:23:13
59.3%,29670000,-600609.3465770329,298.8445632013565,705,1:23:12
59.3%,29675000,-601316.3496066043,295.808227512367,705,1:23:10
59.3%,29680000,-599650.5089164632,300.8762856335001,705,1:23:09
59.3%,29685000,-600482.597453644,299.01805407953805,705,1:23:08
59.3%,29690000,-599198.1016344619,301.3293686410136,705,1:23:07
59.3%,29695000,-598128.4456619332,296.7322528825009,705,1:23:06
59.3%,29700000,-599892.0731372372,300.14074024315534,705,1:23:04
59.4%,29705000,-600765.8396943421,299.51581000690004,705,1:23:03
59.4%,29710000,-599362.6107509974,301.3601318708269,705,1:23:02
59.4%,29715000,-599449.7417480792,301.33005553928695,705,1:23:01
59.4%,29720000,-599729.0056686001,301.49653024224796,705,1:22:59
59.4%,29725000,-599592.848502046,299.9954612583432,705,1:22:58
59.4%,29730000,-600475.249161616,300.1677010003841,705,1:22:57
59.4%,29735000,-599427.3933970081,301.3437199085102,705,1:22:56
59.4%,29740000,-599086.3908369564,299.98312162150427,705,1:22:54
59.4%,29745000,-600124.9720639703,300.05477983066265,705,1:22:53
59.4%,29750000,-600364.2578054443,302.08736088564797,705,1:22:52
59.5%,29755000,-600349.4190057507,299.099549653254,705,1:22:51
59.5%,29760000,-599443.2385991011,303.36072309193935,705,1:22:50
59.5%,29765000,-598479.9750384642,300.3662391334615,705,1:22:48
59.5%,29770000,-598154.5564438491,300.2171331439836,705,1:22:47
59.5%,29775000,-599221.0809533759,298.8895059740981,705,1:22:46
59.5%,29780000,-598513.0210355958,300.0328236179969,705,1:22:45
59.5%,29785000,-599106.7079897467,303.7642267633662,705,1:22:43
59.5%,29790000,-599544.6877453718,301.0725422830268,705,1:22:42
59.5%,29795000,-599817.6851071771,299.6202185444483,705,1:22:41
59.5%,29800000,-599319.9574705679,299.56845585313556,705,1:22:40
59.6%,29805000,-598294.797098502,300.5270223935862,705,1:22:39
59.6%,29810000,-600368.9485174539,298.521451159992,705,1:22:37
59.6%,29815000,-599978.5460948399,299.7375800208652,705,1:22:36
59.6%,29820000,-599013.820171156,300.5526829505118,705,1:22:35
59.6%,29825000,-599744.7446421115,300.2622721733747,705,1:22:34
59.6%,29830000,-600033.1642867257,301.4411858670814,705,1:22:32
59.6%,29835000,-601128.4526180029,299.9019940290061,705,1:22:31
59.6%,29840000,-600337.7794028693,303.5267562174389,705,1:22:30
59.6%,29845000,-599146.5092508327,297.261508002112,705,1:22:29
59.6%,29850000,-599790.0553015601,299.1893861345748,705,1:22:28
59.7%,29855000,-599970.6811968852,297.865193456056,705,1:22:26
59.7%,29860000,-600208.1519000758,301.00245412706454,705,1:22:25
59.7%,29865000,-598728.9010971133,300.6784834628584,705,1:22:24
59.7%,29870000,-598837.4068375202,298.847457986937,705,1:22:23
59.7%,29875000,-598429.2725094049,298.8913704122686,705,1:22:21
59.7%,29880000,-601191.5729325358,300.41226131777546,705,1:22:20
59.7%,29885000,-599058.173389528,299.5091863449785,705,1:22:19
59.7%,29890000,-599650.1712487433,301.48747790428854,705,1:22:18
59.7%,29895000,-600297.475099484,302.21809234631394,705,1:22:17
59.7%,29900000,-601567.1990562407,300.1024701964977,705,1:22:15
59.8%,29905000,-599317.3009241885,299.4844089429758,705,1:22:14
59.8%,29910000,-599434.00868263,303.2552842069812,705,1:22:13
59.8%,29915000,-599311.6684730477,299.4468257945914,705,1:22:12
59.8%,29920000,-598719.1145695224,298.70603053887186,705,1:22:10
59.8%,29925000,-598915.0539255757,299.99879762138517,705,1:22:09
59.8%,29930000,-600135.0154954782,300.9429638301768,705,1:22:08
59.8%,29935000,-599723.2359492886,300.9211793420793,705,1:22:07
59.8%,29940000,-600140.2118880036,298.7561250486635,705,1:22:05
59.8%,29945000,-598613.2420204785,301.2447574929864,705,1:22:04
59.8%,29950000,-598837.5334732016,297.78723050203155,705,1:22:03
59.9%,29955000,-599735.555923359,301.7012504597854,705,1:22:02
59.9%,29960000,-599483.204337108,299.84814611079224,705,1:22:01
59.9%,29965000,-601143.4728595759,300.8615418527044,705,1:21:59
59.9%,29970000,-600022.2605825472,296.6219075813046,705,1:21:58
59.9%,29975000,-599057.0495711621,299.048645584783,705,1:21:57
59.9%,29980000,-598419.2174573713,297.67649268753615,705,1:21:56
59.9%,29985000,-600038.234552505,299.41704384802574,705,1:21:54
59.9%,29990000,-600013.3494829694,301.991587640679,705,1:21:53
59.9%,29995000,-597933.7257170174,300.93391149221736,705,1:21:52
59.9%,30000000,-600046.9179671053,298.8872490226285,705,1:21:51
60.0%,30005000,-600341.6466312157,300.8822714613106,705,1:21:50
60.0%,30010000,-598815.9495128947,300.88067687603325,705,1:21:48
60.0%,30015000,-599545.5693968716,302.9329326601336,705,1:21:47
60.0%,30020000,-600321.233163089,302.93197590896716,705,1:21:46
60.0%,30025000,-598439.7020588508,300.77558144021174,705,1:21:45
60.0%,30030000,-600717.243355338,299.92250284888166,705,1:21:43
60.0%,30035000,-598970.8749591028,299.07109243907263,705,1:21:42
60.0%,30040000,-600022.9996106094,299.601034456957,705,1:21:41
60.0%,30045000,-600207.5263757939,300.1344845624517,705,1:21:40
60.0%,30050000,-599223.388823784,300.6051816042602,705,1:21:39
60.0%,30055000,-600412.2084335587,298.33125393451945,705,1:21:37
60.1%,30060000,-599957.8334995145,299.3971237980988,705,1:21:36
60.1%,30065000,-601024.5417717476,302.7094454004851,705,1:21:35
60.1%,30070000,-599548.1244514016,302.42134063898,705,1:21:34
60.1%,30075000,-600086.4597643232,301.1408641291432,705,1:21:32
60.1%,30080000,-598587.3358822097,300.28964997598365,705,1:21:31
60.1%,30085000,-599978.4525949494,298.18342361326347,705,1:21:30
60.1%,30090000,-600201.8365694075,300.1986850189281,705,1:21:29
60.1%,30095000,-599028.1638418692,302.4002921133182,705,1:21:28
60.1%,30100000,-598291.7587678256,300.58678254336706,705,1:21:26
60.1%,30105000,-598950.8583250982,302.6203939457624,705,1:21:25
60.2%,30110000,-599777.3860854465,298.40889797148844,705,1:21:24
60.2%,30115000,-600692.1786126555,299.81559203905204,705,1:21:23
60.2%,30120000,-597664.755535862,299.7072583685133,705,1:21:21
60.2%,30125000,-600426.5562929637,300.52442199297997,705,1:21:20
60.2%,30130000,-600073.2708400227,301.3242169039635,705,1:21:19
60.2%,30135000,-601060.5642963517,303.38768384916807,705,1:21:18
60.2%,30140000,-599164.9692091146,302.25010671226795,705,1:21:17
60.2%,30145000,-599826.4990376323,299.594214538386,705,1:21:15
60.2%,30150000,-599899.4193903822,301.32058615594724,705,1:21:14
60.2%,30155000,-599800.7805654337,299.4193007994953,705,1:21:13
60.3%,30160000,-599325.3697263054,301.33366175522195,705,1:21:12
60.3%,30165000,-598399.7267496651,299.0314485958682,705,1:21:10
60.3%,30170000,-598123.823007598,298.76829296093416,705,1:21:09
60.3%,30175000,-600091.9819496111,297.88481912100866,705,1:21:08
60.3%,30180000,-600755.9155777786,301.4777386680558,705,1:21:07
60.3%,30185000,-598535.614767632,298.41387798397017,705,1:21:05
60.3%,30190000,-600794.99601882,301.6927378276122,705,1:21:04
60.3%,30195000,-600731.2723268177,299.35600803002296,705,1:21:03
60.3%,30200000,-599525.57033735,299.16760164647735,705,1:21:02
60.3%,30205000,-600368.3840002553,299.98795444149886,705,1:21:01
60.4%,30210000,-599350.7149873911,301.44972303133585,705,1:20:59
60.4%,30215000,-600456.0480160238,298.456146759862,705,1:20:58
60.4%,30220000,-599865.1273410604,298.38561702643835,705,1:20:57
60.4%,30225000,-598638.3745048656,301.83772242745005,705,1:20:56
60.4%,30230000,-600382.7118689367,299.70137066902754,705,1:20:54
60.4%,30235000,-599847.2903486043,302.77617266132415,705,1:20:53
60.4%,30240000,-599765.1478188136,301.36538173620175,705,1:20:52
60.4%,30245000,-600586.1798273558,302.6981606431373,705,1:20:51
60.4%,30250000,-600020.2126333877,298.3292913680242,705,1:20:50
60.4%,30255000,-599563.3126275288,299.5361716342884,705,1:20:48
60.5%,30260000,-598233.7338946806,300.2086450438916,705,1:20:47
60.5%,30265000,-598347.5517327893,298.69972579400576,705,1:20:46
60.5%,30270000,-599046.0282536852,299.8589402265162,705,1:20:45
60.5%,30275000,-599229.6550327358,301.48504922825066,705,1:20:43
60.5%,30280000,-599480.3875667034,300.9750763244556,705,1:20:42
60.5%,30285000,-599194.1550252675,300.38078665760764,705,1:20:41
60.5%,30290000,-599679.8278698861,298.2622206580485,705,1:20:40
60.5%,30295000,-600411.122677838,299.89890298677614,705,1:20:39
60.5%,30300000,-599079.965616066,298.9324616482632,705,1:20:37
60.5%,30305000,-599975.184974669,302.48934356804097,705,1:20:36
60.6%,30310000,-600632.2750064391,300.9623932384799,705,1:20:35
60.6%,30315000,-598335.5203724476,299.27034200250455,705,1:20:34
60.6%,30320000,-599851.0187146678,300.44866692626266,705,1:20:32
60.6%,30325000,-598420.8971522455,301.1658868519579,705,1:20:31
60.6%,30330000,-598944.6269986695,298.92914981730246,705,1:20:30
60.6%,30335000,-599675.9319004202,302.8654694368588,705,1:20:29
60.6%,30340000,-600951.6268344028,298.4400291825196,705,1:20:28
60.6%,30345000,-599142.3148467401,303.8348300930334,705,1:20:26
60.6%,30350000,-600686.1949703097,298.18734874625403,705,1:20:25
60.6%,30355000,-599416.7412807457,301.34325379896757,705,1:20:24
60.7%,30360000,-599316.9897436392,299.26121606830156,705,1:20:23
60.7%,30365000,-599907.5740465438,300.32021694914744,705,1:20:21
60.7%,30370000,-599188.1659736927,299.2992407941474,705,1:20:20
60.7%,30375000,-599909.9192207856,298.44486200251424,705,1:20:19
60.7%,30380000,-599206.7766946149,301.72509564270297,705,1:20:18
60.7%,30385000,-598779.8997700904,298.68233254844154,705,1:20:16
60.7%,30390000,-599557.5465693241,301.4584073880774,705,1:20:15
60.7%,30395000,-599382.466194706,299.78453442426445,705,1:20:14
60.7%,30400000,-599930.1992908199,299.0128042141632,705,1:20:13
60.7%,30405000,-599504.6787025048,299.51939169075393,705,1:20:12
60.8%,30410000,-599599.4972266359,300.74663358440654,705,1:20:10
60.8%,30415000,-598630.7434914713,300.7230582543822,705,1:20:09
60.8%,30420000,-599334.0116504137,301.4979040387946,705,1:20:08
60.8%,30425000,-598884.1610750961,300.67671715301265,705,1:20:07
60.8%,30430000,-598829.9293231289,301.5667655906973,705,1:20:05
60.8%,30435000,-598838.362364308,302.20175398024077,705,1:20:04
60.8%,30440000,-599696.2784205098,301.928343935369,705,1:20:03
60.8%,30445000,-598689.669872853,300.6235070689097,705,1:20:02
60.8%,30450000,-600008.027037072,301.008807936093,705,1:20:01
60.8%,30455000,-599646.5232463898,298.8153700247394,705,1:19:59
60.9%,30460000,-600026.8364558173,300.77776479543775,705,1:19:58
60.9%,30465000,-598486.6866091667,301.6797848887435,705,1:19:57
60.9%,30470000,-599028.2492034109,300.0988885126438,705,1:19:56
60.9%,30475000,-599279.1711865659,301.1767790960066,705,1:19:54
60.9%,30480000,-599180.7798228473,301.89007388871124,705,1:19:53
60.9%,30485000,-599462.9854804575,299.79814972932536,705,1:19:52
60.9%,30490000,-599868.0056637074,303.05343424294296,705,1:19:51
60.9%,30495000,-599049.3137545707,299.9759337217153,705,1:19:49
60.9%,30500000,-601204.1287607234,299.34384011775234,705,1:19:48
60.9%,30505000,-599871.3407718139,301.7379749853281,705,1:19:47
61.0%,30510000,-599856.0321189328,299.08517385367617,705,1:19:46
61.0%,30515000,-598282.331722274,298.7915984380655,705,1:19:45
61.0%,30520000,-599219.2060495401,298.7583084038895,705,1:19:43
61.0%,30525000,-598812.1679713712,301.97883095845975,705,1:19:42
61.0%,30530000,-599685.9362587994,299.36353937894853,705,1:19:41
61.0%,30535000,-599715.0988180903,299.846060883891,705,1:19:40
61.0%,30540000,-599624.6694450118,301.22545074508923,705,1:19:39
61.0%,30545000,-599153.2710380722,301.9326615816585,705,1:19:37
61.0%,30550000,-599837.7010531579,297.4572249458525,705,1:19:36
61.0%,30555000,-600108.6294337111,300.00520049457594,705,1:19:35
61.1%,30560000,-599114.6606645864,298.436864544046,705,1:19:34
61.1%,30565000,-600963.5532687833,300.63435024879607,705,1:19:32
61.1%,30570000,-599976.1458774908,298.8428459556731,705,1:19:31
61.1%,30575000,-599196.4966463512,300.5324194514482,705,1:19:30
61.1%,30580000,-600523.0846363045,301.098276436196,705,1:19:29
61.1%,30585000,-600805.8529804554,302.4575254587364,705,1:19:28
61.1%,30590000,-599846.9410256823,299.42464879319493,705,1:19:26
61.1%,30595000,-599605.4004094703,300.4081889922978,705,1:19:25
61.1%,30600000,-599808.0251813126,303.03653163900253,705,1:19:24
61.1%,30605000,-599796.135772293,300.0550742156369,705,1:19:23
61.2%,30610000,-599184.86999411,298.5433337764142,705,1:19:21
61.2%,30615000,-600085.825986152,299.5745398092709,705,1:19:20
61.2%,30620000,-599997.1776022059,300.4026447419487,705,1:19:19
61.2%,30625000,-600552.6766857123,302.7766142387856,705,1:19:18
61.2%,30630000,-598002.1217686804,297.33853873705124,705,1:19:17
61.2%,30635000,-600184.8048040783,298.8710087848802,705,1:19:15
61.2%,30640000,-600023.6543505159,300.3496063824141,705,1:19:14
61.2%,30645000,-599118.1735700411,300.14287453421895,705,1:19:13
61.2%,30650000,-600533.4506678786,302.38903188805165,705,1:19:12
61.2%,30655000,-600730.2178011118,299.416945719701,705,1:19:10
61.3%,30660000,-599518.8875265322,299.8285940420832,705,1:19:09
61.3%,30665000,-599995.0024155318,299.76554659342275,705,1:19:08
61.3%,30670000,-600556.2095354116,300.19532412380494,705,1:19:07
61.3%,30675000,-599365.548078429,302.05551824426226,705,1:19:05
61.3%,30680000,-599107.5213156743,299.6374891296066,705,1:19:04
61.3%,30685000,-598498.3717254708,297.441867863027,705,1:19:03
61.3%,30690000,-598976.5114978626,301.501166805593,705,1:19:02
61.3%,30695000,-598965.8672368834,298.03299289140136,705,1:19:01
61.3%,30700000,-598583.0104270787,302.1318130167657,705,1:18:59
61.3%,30705000,-598940.9716675412,299.1193225106938,705,1:18:58
61.4%,30710000,-598628.473140012,299.27799601183614,705,1:18:57
61.4%,30715000,-599621.0669983705,298.7296549330586,705,1:18:56
61.4%,30720000,-599149.3337110928,303.12440555382807,705,1:18:54
61.4%,30725000,-599384.2583154463,298.36949944909594,705,1:18:53
61.4%,30730000,-600799.3512649899,298.0830628691118,705,1:18:52
61.4%,30735000,-598377.830827299,300.2061673036913,705,1:18:51
61.4%,30740000,-599721.6824042848,298.0700853981619,705,1:18:50
61.4%,30745000,-598938.9490471766,299.3658699266617,705,1:18:48
61.4%,30750000,-600324.2207270185,301.2270698624478,705,1:18:47
61.4%,30755000,-599392.689295779,300.79005536811434,705,1:18:46
61.5%,30760000,-599505.2036090917,299.8448588119127,705,1:18:45
61.5%,30765000,-598781.862135022,298.00625292290334,705,1:18:43
61.5%,30770000,-598645.627770816,300.9544203120929,705,1:18:42
61.5%,30775000,-599486.3299730415,300.8296992113187,705,1:18:41
61.5%,30780000,-599890.6173357391,299.8951250462727,705,1:18:40
61.5%,30785000,-600085.199700451,298.882808715933,705,1:18:38
61.5%,30790000,-600678.662575406,300.1972130940566,705,1:18:37
61.5%,30795000,-600839.0665113851,299.1644124759226,705,1:18:36
61.5%,30800000,-598780.8634513733,300.5258939178514,705,1:18:35
61.5%,30805000,-599585.6512466166,299.44672766626667,705,1:18:34
61.6%,30810000,-599890.1465802519,299.9492428173797,705,1:18:32
61.6%,30815000,-599616.4092103937,298.8487827193213,705,1:18:31
61.6%,30820000,-599727.4228327167,299.79638341947964,705,1:18:30
61.6%,30825000,-599816.5274304319,298.85915978966506,705,1:18:29
61.6%,30830000,-599458.6939145532,298.51151566710973,705,1:18:27
61.6%,30835000,-598188.4135199445,302.90732116737036,705,1:18:26
61.6%,30840000,-600407.1820215546,300.0218332456234,705,1:18:25
61.6%,30845000,-599291.4749929076,298.3894440311041,705,1:18:24
61.6%,30850000,-600575.7043879195,298.878564665887,705,1:18:23
61.6%,30855000,-598206.7408635477,302.5796706909856,705,1:18:21
61.7%,30860000,-599587.6429620432,299.63272990585557,705,1:18:20
61.7%,30865000,-598359.5258012125,300.32357784427063,705,1:18:19
61.7%,30870000,-599300.7670045556,303.2212582103695,705,1:18:18
61.7%,30875000,-600243.7158450484,301.14527990375757,705,1:18:16
61.7%,30880000,-600081.8158700792,301.9441425956559,705,1:18:15
61.7%,30885000,-600501.4451880739,300.7617698785013,705,1:18:14
61.7%,30890000,-599388.0059799682,299.5964224256931,705,1:18:13
61.7%,30895000,-598958.719206851,303.7900099806978,705,1:18:11
61.7%,30900000,-599434.7597040501,298.93891358561643,705,1:18:10
61.7%,30905000,-600290.1946169538,298.98029920658536,705,1:18:09
61.8%,30910000,-600783.576100097,300.00105457285474,705,1:18:08
61.8%,30915000,-599391.0969689176,301.3390342810028,705,1:18:07
61.8%,30920000,-598480.0601848839,301.15332642638816,705,1:18:05
61.8%,30925000,-599245.2382888533,300.8054860471833,705,1:18:04
61.8%,30930000,-598568.7720643925,297.5012845636712,705,1:18:03
61.8%,30935000,-600451.0690344293,299.1346059972757,705,1:18:02
61.8%,30940000,-598641.4297079332,305.0827770632111,705,1:18:00
61.8%,30945000,-599182.9882415282,299.9188721008654,705,1:17:59
61.8%,30950000,-598843.6096885251,300.75011713993564,705,1:17:58
61.8%,30955000,-599527.7791104373,298.17189353510383,705,1:17:57
61.9%,30960000,-600091.2102359915,303.0427137234626,705,1:17:56
61.9%,30965000,-598549.7062205737,299.6399914018881,705,1:17:54
61.9%,30970000,-598865.8221858921,301.9825598348007,705,1:17:53
61.9%,30975000,-598530.5620994088,301.95248350326074,705,1:17:52
61.9%,30980000,-599680.954862453,299.92279723385593,705,1:17:51
61.9%,30985000,-599014.3747918331,298.1969162579184,705,1:17:49
61.9%,30990000,-598913.1583032496,299.18075084199563,705,1:17:48
61.9%,30995000,-599982.0236277068,296.8372747220789,705,1:17:47
61.9%,31000000,-599425.9040391585,297.92164177487615,705,1:17:46
61.9%,31005000,-599373.2862587343,301.53848010108425,705,1:17:45
62.0%,31010000,-600231.1897301045,300.7713864543281,705,1:17:43
62.0%,31015000,-598834.0729630385,300.68599027970276,705,1:17:42
62.0%,31020000,-598075.9809240447,303.2153950429649,705,1:17:41
62.0%,31025000,-599802.6923469575,299.0342207210428,705,1:17:40
62.0%,31030000,-600634.9364932464,298.7705499124037,705,1:17:38
62.0%,31035000,-599926.6177490493,299.4407909026185,705,1:17:37
62.0%,31040000,-598613.9945932804,298.9193860489885,705,1:17:36
62.0%,31045000,-599452.8965944159,301.75649670662716,705,1:17:35
62.0%,31050000,-599760.4125284511,301.21779673575764,705,1:17:33
62.0%,31055000,-599285.922759647,301.53048264261605,705,1:17:32
62.1%,31060000,-599128.5950299054,302.67853497818464,705,1:17:31
62.1%,31065000,-599068.3183530453,302.05387459482245,705,1:17:30
62.1%,31070000,-599801.8488935335,298.035519695764,705,1:17:29
62.1%,31075000,-600019.7565276353,302.3528470682952,705,1:17:27
62.1%,31080000,-599987.3395886761,303.31735037239395,705,1:17:26
62.1%,31085000,-599302.82326261,303.1719732592571,705,1:17:25
62.1%,31090000,-600461.4596358677,302.37993048592983,705,1:17:24
62.1%,31095000,-600534.4703444308,298.7797985070127,705,1:17:22
62.1%,31100000,-599774.5752947712,302.5650986347582,705,1:17:21
62.1%,31105000,-599757.5263656266,300.10085107913903,705,1:17:20
62.2%,31110000,-600031.562110805,298.54078243997037,705,1:17:19
62.2%,31115000,-599823.9927723478,301.5647784921208,705,1:17:18
62.2%,31120000,-599702.4466030109,298.80074890434963,705,1:17:16
62.2%,31125000,-600167.7412155075,298.8931857862767,705,1:17:15
62.2%,31130000,-599000.216675689,299.75568469678404,705,1:17:14
62.2%,31135000,-599479.5846908684,299.5505719659475,705,1:17:13
62.2%,31140000,-598955.050801876,300.6723504425607,705,1:17:12
62.2%,31145000,-599751.5262135854,298.919704966044,705,1:17:10
62.2%,31150000,-599169.3395087677,298.9282666623796,705,1:17:09
62.2%,31155000,-599832.4941094299,299.6055974240585,705,1:17:08
62.3%,31160000,-599049.6290485836,298.27011998819194,705,1:17:07
62.3%,31165000,-599294.3035675958,300.61033334131025,705,1:17:05
62.3%,31170000,-600168.2647233573,300.2280744521947,705,1:17:04
62.3%,31175000,-600565.5226205126,301.5280049024158,705,1:17:03
62.3%,31180000,-599267.631154628,302.3468612404846,705,1:17:02
62.3%,31185000,-599620.6105414741,301.12989828885094,705,1:17:01
62.3%,31190000,-600274.2598666023,300.7234752997624,705,1:16:59
62.3%,31195000,-600117.0789220091,297.4941211959635,705,1:16:58
62.3%,31200000,-599396.3362424369,298.8605335862117,705,1:16:57
62.3%,31205000,-598788.3505262849,300.3580944825061,705,1:16:56
62.4%,31210000,-598910.9332083506,300.24245025177254,705,1:16:54
62.4%,31215000,-598194.263259796,299.28329494137336,705,1:16:53
62.4%,31220000,-599455.9365735012,301.319653936862,705,1:16:52
62.4%,31225000,-600089.0423939363,301.7161414330683,705,1:16:51
62.4%,31230000,-599848.7369547491,302.1359834705682,705,1:16:49
62.4%,31235000,-599456.4790484933,297.72244127560657,705,1:16:48
62.4%,31240000,-598419.2267410816,299.93692771262187,705,1:16:47
62.4%,31245000,-598900.9364127293,299.5184104075063,705,1:16:46
62.4%,31250000,-599085.539594702,302.85523955900226,705,1:16:45
62.4%,31255000,-599154.3656257121,297.8427711338476,705,1:16:43
62.5%,31260000,-599804.4062534799,300.4357630515563,705,1:16:42
62.5%,31265000,-599553.2003409639,300.96818280964095,705,1:16:41
62.5%,31270000,-599828.1236224561,301.6727196493605,705,1:16:40
62.5%,31275000,-600043.3387048878,300.456934237624,705,1:16:38
62.5%,31280000,-598597.1366178747,302.0240681161756,705,1:16:37
62.5%,31285000,-600237.1721846322,299.7444735356798,705,1:16:36
62.5%,31290000,-599334.7319400762,297.4496200006833,705,1:16:35
62.5%,31295000,-600843.1174211763,298.85574983037947,705,1:16:33
62.5%,31300000,-598696.9713169932,300.5995392255863,705,1:16:32
62.5%,31305000,-598433.9908618489,301.7825743089331,705,1:16:31
62.6%,31310000,-600337.555578067,301.5070299729976,705,1:16:30
62.6%,31315000,-599383.8185377805,296.2534847859807,705,1:16:29
62.6%,31320000,-598881.1118743839,298.81016922352694,705,1:16:27
62.6%,31325000,-599685.23075883,301.73628227172594,705,1:16:26
62.6%,31330000,-600281.947223804,300.1245736016506,705,1:16:25
62.6%,31335000,-599359.5898235436,298.079996358963,705,1:16:24
62.6%,31340000,-599178.7458679033,301.57169653901667,705,1:16:22
62.6%,31345000,-599633.1901194709,300.4831099682546,705,1:16:21
62.6%,31350000,-600359.084449199,298.0129256489872,705,1:16:20
62.6%,31355000,-600184.3137807008,299.16517297043947,705,1:16:19
62.7%,31360000,-599040.867922063,299.4165777384831,705,1:16:18
62.7%,31365000,-599574.7407866176,300.9405106220577,705,1:16:16
62.7%,31370000,-599481.4334080876,299.84689497465155,705,1:16:15
62.7%,31375000,-598885.3591574137,299.637538193769,705,1:16:14
62.7%,31380000,-600105.3871870032,300.81269847905344,705,1:16:13
62.7%,31385000,-599520.2589579001,299.8090174412929,705,1:16:11
62.7%,31390000,-600068.5011522439,301.0794112657602,705,1:16:10
62.7%,31395000,-599418.8020861214,302.57787984905866,705,1:16:09
62.7%,31400000,-599399.9202944292,300.6485297917244,705,1:16:08
62.7%,31405000,-598794.2278496362,298.02698253150953,705,1:16:07
62.8%,31410000,-599218.4597016769,299.2682567756034,705,1:16:05
62.8%,31415000,-600534.5868211566,297.92407045091403,705,1:16:04
62.8%,31420000,-598406.0000426769,300.5711556076485,705,1:16:03
62.8%,31425000,-600632.117712432,299.0472963203175,705,1:16:02
62.8%,31430000,-600539.3695685789,299.3538982710405,705,1:16:00
62.8%,31435000,-598082.1246703346,299.31577541687,705,1:15:59
62.8%,31440000,-599754.0126877846,299.12947879230677,705,1:15:58
62.8%,31445000,-599477.5931288763,298.8121808541846,705,1:15:57
62.8%,31450000,-599588.5275813118,301.3081238587023,705,1:15:56
62.8%,31455000,-599326.8218324338,299.91340144675985,705,1:15:54
62.9%,31460000,-598700.0997425737,298.00021803093034,705,1:15:53
62.9%,31465000,-599568.7679357892,301.3083691795143,705,1:15:52
62.9%,31470000,-600038.0499718096,298.8078877399762,705,1:15:51
62.9%,31475000,-599878.7931444403,299.8823683640535,705,1:15:49
62.9%,31480000,-599389.6124175857,300.554375664114,705,1:15:48
62.9%,31485000,-600140.3466096665,298.66803034510724,705,1:15:47
62.9%,31490000,-600032.7366437064,298.7138562727717,705,1:15:46
62.9%,31495000,-598810.7888341984,301.81583981102784,705,1:15:45
62.9%,31500000,-599562.1841485617,300.6579255788205,705,1:15:43
62.9%,31505000,-599860.3586422224,297.16185868831485,705,1:15:42
63.0%,31510000,-600402.3682967369,299.7088774858719,705,1:15:41
63.0%,31515000,-600650.0702987583,302.6201731570317,705,1:15:40
63.0%,31520000,-597906.3731612619,299.82044939112785,705,1:15:38
63.0%,31525000,-599675.2967741215,297.7425330501018,705,1:15:37
63.0%,31530000,-600518.2866931478,299.54304061702186,705,1:15:36
63.0%,31535000,-599928.556116817,301.1541114529863,705,1:15:35
63.0%,31540000,-600064.0008844174,301.47479481831283,705,1:15:34
63.0%,31545000,-598691.8489988605,300.38851426318274,705,1:15:32
63.0%,31550000,-599899.1198973712,301.24041531461563,705,1:15:31
63.0%,31555000,-599583.1994385151,299.92885665791016,705,1:15:30
63.1%,31560000,-600054.6178585785,301.1279111902745,705,1:15:29
63.1%,31565000,-598925.7421645974,299.59612804071884,705,1:15:27
63.1%,31570000,-599625.3660260243,299.666976691198,705,1:15:26
63.1%,31575000,-598830.4727456644,302.12415900743423,705,1:15:25
63.1%,31580000,-599601.7341675553,301.6880522001048,705,1:15:24
63.1%,31585000,-600707.4203563449,300.70804462069333,705,1:15:23
63.1%,31590000,-600467.2638368327,299.04918529056926,705,1:15:21
63.1%,31595000,-599816.0997417117,299.50374022295415,705,1:15:20
63.1%,31600000,-599874.5455228654,299.0459715879332,705,1:15:19
63.1%,31605000,-600757.3919088668,300.89819278200355,705,1:15:18
63.2%,31610000,-599710.7463622075,297.09841872635536,705,1:15:16
63.2%,31615000,-599285.1576616233,300.18610006127716,705,1:15:15
63.2%,31620000,-597898.7050909162,303.0261545686588,705,1:15:14
63.2%,31625000,-600118.1120780534,299.82893749121985,705,1:15:13
63.2%,31630000,-599937.099402891,299.2080059841987,705,1:15:12
63.2%,31635000,-600156.8974610316,298.2707087581405,705,1:15:10
63.2%,31640000,-600354.3430215078,302.05137232254106,705,1:15:09
63.2%,31645000,-598969.6282509877,299.393419453839,705,1:15:08
63.2%,31650000,-599441.1962995194,300.7049781105445,705,1:15:07
63.2%,31655000,-599327.9157417957,302.96791540791173,705,1:15:05
63.3%,31660000,-599542.462005903,299.28189661274547,705,1:15:04
63.3%,31665000,-599474.616304385,301.33429958933294,705,1:15:03
63.3%,31670000,-600015.4372194158,297.0303422010508,705,1:15:02
63.3%,31675000,-599045.6371495044,298.5295222147038,705,1:15:01
63.3%,31680000,-600190.787478121,299.3434476044533,705,1:14:59
63.3%,31685000,-600001.1427959334,303.9598210467007,705,1:14:58
63.3%,31690000,-599714.4537173696,299.0623590181687,705,1:14:57
63.3%,31695000,-599409.8592361282,301.0462684240714,705,1:14:56
63.3%,31700000,-599939.0573206814,299.19017116117294,705,1:14:54
63.3%,31705000,-600191.1275504967,300.37659167172404,705,1:14:53
63.4%,31710000,-599918.6032983898,300.7864491521793,705,1:14:52
63.4%,31715000,-599766.4562157928,299.47503768796093,705,1:14:51
63.4%,31720000,-599530.1817709878,299.5248868769407,705,1:14:49
63.4%,31725000,-598886.4110400924,300.80896960271247,705,1:14:48
63.4%,31730000,-599353.1580716087,300.48926752063346,705,1:14:47
63.4%,31735000,-598617.1324019656,300.18430921935027,705,1:14:46
63.4%,31740000,-598893.2672342677,297.39663070531105,705,1:14:45
63.4%,31745000,-598757.4448341192,301.8890190092201,705,1:14:43
63.4%,31750000,-598755.3351361365,301.1686835092136,705,1:14:42
63.4%,31755000,-600598.6948041674,299.87579376629435,705,1:14:41
63.5%,31760000,-599530.1784507819,301.4889007649976,705,1:14:40
63.5%,31765000,-599760.5271205637,301.12266132489964,705,1:14:38
63.5%,31770000,-599763.1726690778,301.1271261636764,705,1:14:37
63.5%,31775000,-597859.2363930596,298.39736789332875,705,1:14:36
63.5%,31780000,-598409.0203203666,300.9524822776788,705,1:14:35
63.5%,31785000,-599738.3563691056,298.5307978829257,705,1:14:34
63.5%,31790000,-600732.8749194788,299.32046104437745,705,1:14:32
63.5%,31795000,-598979.2110012183,301.7486709727273,705,1:14:31
63.5%,31800000,-599724.6633903496,299.66101539546855,705,1:14:30
63.5%,31805000,-599202.1998033356,300.36469361234646,705,1:14:29
63.6%,31810000,-599003.0102467439,302.89505512677493,705,1:14:27
63.6%,31815000,-597790.734857724,301.96416077390757,705,1:14:26
63.6%,31820000,-599439.0272271903,301.150088191671,705,1:14:25
63.6%,31825000,-598404.5723412591,301.195080028575,705,1:14:24
63.6%,31830000,-600346.7015728867,301.84576895008064,705,1:14:23
63.6%,31835000,-598754.2124976045,299.30910269078606,705,1:14:21
63.6%,31840000,-601164.9546674173,299.3115068347428,705,1:14:20
63.6%,31845000,-598983.899574487,298.0676321900428,705,1:14:19
63.6%,31850000,-599626.2907406772,301.21033898307564,705,1:14:18
63.6%,31855000,-599058.7757842927,297.7320823835146,705,1:14:16
63.7%,31860000,-598373.3875154611,298.51151566710973,705,1:14:15
63.7%,31865000,-598140.9146471373,299.1830568576276,705,1:14:14
63.7%,31870000,-600321.1051534251,300.9581982525963,705,1:14:13
63.7%,31875000,-599595.2787413183,301.12339728733537,705,1:14:11
63.7%,31880000,-600930.8982742671,299.08335847966805,705,1:14:10
63.7%,31885000,-599104.0562437326,298.26143563145035,705,1:14:09
63.7%,31890000,-599344.3939721002,302.22309689087683,705,1:14:08
63.7%,31895000,-599823.228206588,298.18052882768296,705,1:14:07
63.7%,31900000,-599311.5533176232,300.5995392255863,705,1:14:05
63.7%,31905000,-598955.5114103621,301.95498577554224,705,1:14:04
63.8%,31910000,-599280.6457545147,300.3805658688769,705,1:14:03
63.8%,31915000,-599406.2395910984,297.71500805500574,705,1:14:02
63.8%,31920000,-600211.5389567828,301.2139942631731,705,1:14:00
63.8%,31925000,-599404.813086601,298.19836365070876,705,1:13:59
63.8%,31930000,-600532.9375646603,300.80683531164885,705,1:13:58
63.8%,31935000,-598723.0586644071,297.499714510475,705,1:13:57
63.8%,31940000,-599463.5145623023,299.8762108116746,705,1:13:56
63.8%,31945000,-601550.9997363226,301.0369462332189,705,1:13:54
63.8%,31950000,-600733.6435679281,300.64330445843075,705,1:13:53
63.8%,31955000,-599938.9024057235,300.4113290986902,705,1:13:52
63.9%,31960000,-599455.628923344,298.027301448565,705,1:13:51
63.9%,31965000,-599529.008007884,300.68128012011414,705,1:13:50
63.9%,31970000,-600088.1987979962,298.1499618545192,705,1:13:48
63.9%,31975000,-599353.9762196937,300.0672421279076,705,1:13:47
63.9%,31980000,-599530.8145790896,300.17042406139626,705,1:13:46
63.9%,31985000,-600026.8092326932,295.6159941241557,705,1:13:45
63.9%,31990000,-599130.5166119118,302.3351349056754,705,1:13:43
63.9%,31995000,-599958.7800195268,298.03723694144736,705,1:13:42
63.9%,32000000,-599762.3736308641,300.8421615085636,705,1:13:41
63.9%,32005000,-600665.2697719438,300.0135168700997,705,1:13:40
64.0%,32010000,-599502.0501131252,300.72254308067716,705,1:13:38
64.0%,32015000,-599097.2224148088,298.876258650255,705,1:13:37
64.0%,32020000,-598302.6166432877,298.8162041154999,705,1:13:36
64.0%,32025000,-600489.9799997495,298.9987227995597,705,1:13:35
64.0%,32030000,-598326.4082311955,302.1367194330039,705,1:13:34
64.0%,32035000,-599712.9993982641,299.0258062171943,705,1:13:32
64.0%,32040000,-599218.4539701766,301.04506635209304,705,1:13:31
64.0%,32045000,-601356.3219861225,301.5376214782426,705,1:13:30
64.0%,32050000,-600285.0764572262,302.48345586855515,705,1:13:29
64.0%,32055000,-598116.2629004852,301.58352100215063,705,1:13:27
64.1%,32060000,-599083.8700633845,302.00706738391034,705,1:13:26
64.1%,32065000,-598902.7099054009,297.2528727095328,705,1:13:25
64.1%,32070000,-599264.006302679,299.75028763892203,705,1:13:24
64.1%,32075000,-598812.8183394279,297.7152779078989,705,1:13:23
64.1%,32080000,-598002.4766079127,299.70647334191517,705,1:13:21
64.1%,32085000,-599292.4912883774,300.6330991126554,705,1:13:20
64.1%,32090000,-599345.9932195386,300.20023054004315,705,1:13:19
64.1%,32095000,-598553.6937228497,298.6573834218704,705,1:13:18
64.1%,32100000,-600501.627348715,303.8276667253257,705,1:13:16
64.1%,32105000,-599514.3361447165,302.462996112842,705,1:13:15
64.2%,32110000,-599363.0771331638,301.366436615693,705,1:13:14
64.2%,32115000,-599926.7209480489,297.41880770670764,705,1:13:13
64.2%,32120000,-600085.0345756738,299.77805795483005,705,1:13:12
64.2%,32125000,-599466.1505813925,301.9767211994773,705,1:13:10
64.2%,32130000,-599593.608660718,301.4115020488405,705,1:13:09
64.2%,32135000,-599247.0736226682,301.4551200891978,705,1:13:08
64.2%,32140000,-599313.1767386287,301.0766636726668,705,1:13:07
64.2%,32145000,-599493.6862869905,298.80916340819806,705,1:13:05
64.2%,32150000,-599032.9031555122,299.6779670635715,705,1:13:04
64.2%,32155000,-600490.3180867308,301.51664654882444,705,1:13:03
64.3%,32160000,-600125.7665434084,300.81399867935653,705,1:13:02
64.3%,32165000,-599824.5776878004,300.5172095611099,705,1:13:01
64.3%,32170000,-598633.9099347037,297.8563619068274,705,1:12:59
64.3%,32175000,-600996.4593919725,301.4391251722614,705,1:12:58
64.3%,32180000,-600166.3966903598,300.3697226889906,705,1:12:57
64.3%,32185000,-598938.3207825408,301.37553801781473,705,1:12:56
64.3%,32190000,-599074.8861537003,299.92215939974506,705,1:12:54
64.3%,32195000,-598144.4114324357,297.4636032869621,705,1:12:53
64.3%,32200000,-599625.8322669016,298.354976457031,705,1:12:52
64.3%,32205000,-599118.1554955873,299.2753465470675,705,1:12:51
64.4%,32210000,-600562.9813724207,299.1441735089401,705,1:12:50
64.4%,32215000,-600815.7859819448,300.0815197991607,705,1:12:48
64.4%,32220000,-599915.7603399344,298.02921495089794,705,1:12:47
64.4%,32225000,-600050.9522845941,301.37543988949,705,1:12:46
64.4%,32230000,-599842.6609730241,298.82260698869067,705,1:12:45
64.4%,32235000,-598498.4552842188,300.3032407489634,705,1:12:43
64.4%,32240000,-601186.9916532012,302.63869487833074,705,1:12:42
64.4%,32245000,-599403.9791455758,300.27959182269547,705,1:12:41
64.4%,32250000,-599416.9136621105,303.13787366640184,705,1:12:40
64.4%,32255000,-600238.2218506937,299.36027661215013,705,1:12:39
64.5%,32260000,-599714.5135614784,300.838481696385,705,1:12:37
64.5%,32265000,-598386.8267606748,297.87348529949855,705,1:12:36
64.5%,32270000,-600588.801708635,301.8584275039751,705,1:12:35
64.5%,32275000,-598428.8082025442,304.81900812624724,705,1:12:34
64.5%,32280000,-600362.2867389712,301.79498754201563,705,1:12:32
64.5%,32285000,-600815.3698982839,300.5405395703223,705,1:12:31
64.5%,32290000,-599931.1468113065,301.3007642343451,705,1:12:30
64.5%,32295000,-599864.2997353389,300.30650351576185,705,1:12:29
64.5%,32300000,-599514.1408056039,301.88035918455967,705,1:12:27
64.5%,32305000,-599138.4738703319,303.92334184196994,705,1:12:26
64.6%,32310000,-599334.7608128055,301.9219655942594,705,1:12:25
64.6%,32315000,-599928.1876175324,302.35311692118825,705,1:12:24
64.6%,32320000,-600073.2021126011,301.041460136158,705,1:12:23
64.6%,32325000,-599157.5365518606,299.3021355797279,705,1:12:21
64.6%,32330000,-598536.6857919451,299.3233067657956,705,1:12:20
64.6%,32335000,-599388.0265074237,302.36511310889057,705,1:12:19
64.6%,32340000,-599177.5118667823,300.53847887550234,705,1:12:18
64.6%,32345000,-599080.3400627249,301.397935807942,705,1:12:16
64.6%,32350000,-599125.1569037,297.3790657351785,705,1:12:15
64.6%,32355000,-599396.228256797,299.6811317020451,705,1:12:14
64.7%,32360000,-600107.9516463247,300.2227264584951,705,1:12:13
64.7%,32365000,-599368.379884873,300.97971288780064,705,1:12:12
64.7%,32370000,-599605.6218534941,298.36152652270897,705,1:12:10
64.7%,32375000,-598776.3756858977,299.2214986288536,705,1:12:09
64.7%,32380000,-599898.4296377338,301.04141107199564,705,1:12:08
64.7%,32385000,-599085.1390219023,298.2004488776099,705,1:12:07
64.7%,32390000,-598606.5485162963,301.0030674290943,705,1:12:05
64.7%,32395000,-600413.0945613468,300.3185978317889,705,1:12:04
64.7%,32400000,-600349.2605982716,300.85692982144053,705,1:12:03
64.7%,32405000,-599666.2245546514,301.27682092310283,705,1:12:02
64.8%,32410000,-598480.943657157,301.38110680024505,705,1:12:01
64.8%,32415000,-599249.0223004548,300.8914709917572,705,1:11:59
64.8%,32420000,-599943.5492935632,300.564016772022,705,1:11:58
64.8%,32425000,-598986.0355394166,299.97603185004004,705,1:11:57
64.8%,32430000,-599496.2342160144,300.29975719343435,705,1:11:56
64.8%,32435000,-599557.6838439181,301.04933493422027,705,1:11:54
64.8%,32440000,-598367.689067068,299.92255191304406,705,1:11:53
64.8%,32445000,-600415.57954435,299.93579923688714,705,1:11:52
64.8%,32450000,-598882.4091763166,295.23324459341626,705,1:11:51
64.8%,32455000,-599365.4955209754,300.82003357132953,705,1:11:50
64.9%,32460000,-600828.7805432184,300.5420605593562,705,1:11:48
64.9%,32465000,-600155.5426933519,298.5942869090476,705,1:11:47
64.9%,32470000,-599247.1861038711,301.6105308235417,705,1:11:46
64.9%,32475000,-600585.8011479876,301.49562255524387,705,1:11:45
64.9%,32480000,-600187.9488900886,301.1367427395032,705,1:11:43
64.9%,32485000,-600219.1632315489,300.2202241862136,705,1:11:42
64.9%,32490000,-600240.129338475,299.65799794948214,705,1:11:41
64.9%,32495000,-600757.0650477083,302.3934721947472,705,1:11:40
64.9%,32500000,-600071.7527842806,298.0734217612038,705,1:11:39
64.9%,32505000,-600281.0061192494,299.57466246967687,705,1:11:37
65.0%,32510000,-599754.9740659944,300.8002852459709,705,1:11:36
65.0%,32515000,-599939.2199727236,299.3514450629214,705,1:11:35
65.0%,32520000,-598772.9031341295,302.4041436500652,705,1:11:34
65.0%,32525000,-598858.9434265839,298.03002450957723,705,1:11:32
65.0%,32530000,-599513.458253731,299.9219386110143,705,1:11:31
65.0%,32535000,-600585.3839933709,299.6888593076202,705,1:11:30
65.0%,32540000,-599681.3640896045,301.2389924539066,705,1:11:29
65.0%,32545000,-598396.1214381647,299.27017027793624,705,1:11:28
65.0%,32550000,-599608.0622623032,299.5527798532546,705,1:11:26
65.0%,32555000,-598771.3547112141,298.8579086535243,705,1:11:25
65.1%,32560000,-599536.6977113667,300.7589241570832,705,1:11:24
65.1%,32565000,-599260.5832386687,300.79182167796006,705,1:11:23
65.1%,32570000,-601633.3036559531,301.5825887830654,705,1:11:21
65.1%,32575000,-599808.1355872005,299.7402294856338,705,1:11:20
65.1%,32580000,-598566.3731657444,303.61826088028073,705,1:11:19
65.1%,32585000,-599558.6803835924,300.4724630450178,705,1:11:18
65.1%,32590000,-599862.4912347356,299.48126883658335,705,1:11:16
65.1%,32595000,-599721.7315899739,299.0467566145313,705,1:11:15
65.1%,32600000,-599912.9147267453,302.65370851201953,705,1:11:14
65.1%,32605000,-600535.6415391141,298.20974653638126,705,1:11:13
65.2%,32610000,-599590.8419645256,301.01074597050706,705,1:11:12
65.2%,32615000,-599300.7964276965,302.7471266771942,705,1:11:10
65.2%,32620000,-599500.2298116279,302.7828944515705,705,1:11:09
65.2%,32625000,-600162.5846912172,301.5431902606729,705,1:11:08
65.2%,32630000,-598448.8237484968,296.25883277968023,705,1:11:07
65.2%,32635000,-599318.6826629806,302.5903666783848,705,1:11:05
65.2%,32640000,-599882.4492134252,301.1141732248076,705,1:11:04
65.2%,32645000,-598598.8421142586,300.2398007870039,705,1:11:03
65.2%,32650000,-599669.7989806724,299.6861117145268,705,1:11:02
65.2%,32655000,-599559.0484935702,299.0079468620874,705,1:11:01
65.3%,32660000,-598972.7672950914,299.98942636637025,705,1:10:59
65.3%,32665000,-600724.8124179193,299.99043218169913,705,1:10:58
65.3%,32670000,-599740.5995060247,301.0639069904476,705,1:10:57
65.3%,32675000,-600164.3085786346,296.70112167146976,705,1:10:56
65.3%,32680000,-599460.6891294341,303.495011704378,705,1:10:55
65.3%,32685000,-601642.9324776065,302.0123908455288,705,1:10:53
65.3%,32690000,-599677.7187931039,302.58749642488544,705,1:10:52
65.3%,32695000,-599335.6199355954,300.58356884073106,705,1:10:51
65.3%,32700000,-598883.6178578828,302.8403976498818,705,1:10:50
65.3%,32705000,-599605.7084224233,301.7495786597314,705,1:10:48
65.4%,32710000,-599409.5851125643,297.8530010117042,705,1:10:47
65.4%,32715000,-600063.7983719297,298.8367129353754,705,1:10:46
65.4%,32720000,-598774.6696881619,299.0784029992675,705,1:10:45
65.4%,32725000,-599798.823561768,298.03323821221323,705,1:10:43
65.4%,32730000,-599755.8731913571,299.98422556515783,705,1:10:42
65.4%,32735000,-600699.0657518371,299.84797438622394,705,1:10:41
65.4%,32740000,-600475.0263970015,300.80943571225504,705,1:10:40
65.4%,32745000,-599393.1332168216,300.6987960260844,705,1:10:39
65.4%,32750000,-598625.4168109442,303.0672212725722,705,1:10:37
65.4%,32755000,-598783.8129539862,300.29310899943164,705,1:10:36
65.5%,32760000,-600106.5294194529,300.4385106446497,705,1:10:35
65.5%,32765000,-599293.9933390627,297.5350407073898,705,1:10:34
65.5%,32770000,-600598.0246126149,300.6968825237515,705,1:10:32
65.5%,32775000,-600189.4845242845,300.35465999113944,705,1:10:31
65.5%,32780000,-598726.8542111213,300.1166497394259,705,1:10:30
65.5%,32785000,-600160.4004328372,300.7350544420845,705,1:10:29
65.5%,32790000,-600630.0526778442,301.34276315734377,705,1:10:28
65.5%,32795000,-599352.0337051642,299.78556477167444,705,1:10:26
65.5%,32800000,-600750.1432239441,300.9577566751349,705,1:10:25
65.5%,32805000,-599570.7041464248,303.53367426433476,705,1:10:24
65.6%,32810000,-599256.9553704974,300.21595560408645,705,1:10:23
65.6%,32815000,-600573.9578389553,300.14503335736373,705,1:10:21
65.6%,32820000,-599217.0864686044,300.5002824250882,705,1:10:20
65.6%,32825000,-599824.5782641224,300.1965261957833,705,1:10:19
65.6%,32830000,-599588.6481658458,299.769569854738,705,1:10:18
65.6%,32835000,-599555.7888514376,301.98148042322833,705,1:10:17
65.6%,32840000,-601217.3172515444,301.86473224884116,705,1:10:15
65.6%,32845000,-600255.7666710559,300.2666388838267,705,1:10:14
65.6%,32850000,-599675.2528503747,300.0331425350524,705,1:10:13
65.6%,32855000,-600157.7624647836,302.5163533894321,705,1:10:12
65.7%,32860000,-598345.6892393692,299.2324890012271,705,1:10:10
65.7%,32865000,-599210.0797296991,298.34369169968323,705,1:10:09
65.7%,32870000,-598843.877611463,300.60478909096116,705,1:10:08
65.7%,32875000,-599080.4084430565,298.5766238105902,705,1:10:07
65.7%,32880000,-598547.0105815008,300.1541838236479,705,1:10:06
65.7%,32885000,-600055.3269755743,300.63447290920203,705,1:10:04
65.7%,32890000,-598951.2879395569,299.94225117424025,705,1:10:03
65.7%,32895000,-599257.3204050814,298.5731893192235,705,1:10:02
65.7%,32900000,-600392.3082561395,299.9710027733959,705,1:10:01
65.7%,32905000,-598831.4797461135,297.8389931933442,705,1:09:59
65.8%,32910000,-599822.8050705292,298.4894122619568,705,1:09:58
65.8%,32915000,-600926.4174790168,300.5111992012181,705,1:09:57
65.8%,32920000,-600418.52097107,304.0627821914586,705,1:09:56
65.8%,32925000,-598614.51138314,301.756987348251,705,1:09:55
65.8%,32930000,-600310.6355187455,299.2851593795438,705,1:09:53
65.8%,32935000,-597926.8447921281,299.21114609059106,705,1:09:52
65.8%,32940000,-600726.2116419831,298.8580313139302,705,1:09:51
65.8%,32945000,-600559.7780364724,301.06297477136235,705,1:09:50
65.8%,32950000,-599276.5618941002,301.8998376570252,705,1:09:48
65.8%,32955000,-600095.9200608958,299.8374255913119,705,1:09:47
65.9%,32960000,-598597.795019357,299.47886469262664,705,1:09:46
65.9%,32965000,-599212.9981332379,300.29384496186736,705,1:09:45
65.9%,32970000,-598833.7611719337,301.1890942007644,705,1:09:44
65.9%,32975000,-599869.3497899324,300.00024501417545,705,1:09:42
65.9%,32980000,-600815.6402577143,302.37836043273364,705,1:09:41
65.9%,32985000,-600343.285639389,302.6705129876353,705,1:09:40
65.9%,32990000,-601366.436307068,301.70259972425094,705,1:09:39
65.9%,32995000,-599687.2669583946,300.968060149235,705,1:09:37
65.9%,33000000,-600018.3316716957,301.5720399881533,705,1:09:36
65.9%,33005000,-599736.7534512002,299.69042936081644,705,1:09:35
66.0%,33010000,-599416.2976562241,299.1026897596464,705,1:09:34
66.0%,33015000,-599927.3618211178,300.98371161703477,705,1:09:33
66.0%,33020000,-600533.0013332712,300.5985579423387,705,1:09:31
66.0%,33025000,-600262.7544500958,299.4533758602694,705,1:09:30
66.0%,33030000,-598517.1393733388,299.90758734351766,705,1:09:29
66.0%,33035000,-599417.1466121566,297.9907977117531,705,1:09:28
66.0%,33040000,-600547.0685076979,300.6899154126934,705,1:09:26
66.0%,33045000,-599728.9047728512,302.0708262629254,705,1:09:25
66.0%,33050000,-599525.1354623265,296.95686861788425,705,1:09:24
66.0%,33055000,-599433.5369676724,299.4458445113438,705,1:09:23
66.1%,33060000,-599675.9709021244,302.0995042658374,705,1:09:22
66.1%,33065000,-600600.0199861545,302.5023701031533,705,1:09:20
66.1%,33070000,-599796.4316787147,303.77428491665444,705,1:09:19
66.1%,33075000,-600159.1127284463,300.3937641285576,705,1:09:18
66.1%,33080000,-599881.757430023,298.8908552385636,705,1:09:17
66.1%,33085000,-600114.105758986,299.39741818307306,705,1:09:15
66.1%,33090000,-599204.6877609743,299.28295149223663,705,1:09:14
66.1%,33095000,-598285.4859712822,303.0493128533029,705,1:09:13
66.1%,33100000,-598287.4482920021,301.26136571195264,705,1:09:12
66.1%,33105000,-600264.8092056024,300.5926702428529,705,1:09:11
66.2%,33110000,-599356.1014444851,302.393962836371,705,1:09:09
66.2%,33115000,-600185.0772455651,301.68189464772587,705,1:09:08
66.2%,33120000,-599599.7781265764,299.11284604125944,705,1:09:07
66.2%,33125000,-599880.5444313865,302.81814705224167,705,1:09:06
66.2%,33130000,-598910.4266324001,302.10732999973726,705,1:09:04
66.2%,33135000,-599723.5447615697,298.6065284175618,705,1:09:03
66.2%,33140000,-599171.7085341322,302.7618459259087,705,1:09:02
66.2%,33145000,-599124.4168941649,300.7845111177652,705,1:09:01
66.2%,33150000,-598831.0142929214,300.832176951519,705,1:08:59
66.2%,33155000,-599542.5399277271,298.23435221381567,705,1:08:58
66.3%,33160000,-600530.2313168584,299.3741617701042,705,1:08:57
66.3%,33165000,-599534.0548962518,299.8683114815311,705,1:08:56
66.3%,33170000,-599316.6969702719,300.3287541134019,705,1:08:55
66.3%,33175000,-599834.3130310723,298.6983519974591,705,1:08:53
66.3%,33180000,-598863.9416345763,298.62073249257134,705,1:08:52
66.3%,33185000,-599379.4291687254,300.969090496645,705,1:08:51
66.3%,33190000,-599052.3119692942,299.7987630313551,705,1:08:50
66.3%,33195000,-600686.4561081394,298.20206799496856,705,1:08:48
66.3%,33200000,-600296.2146751788,298.9663895165501,705,1:08:47
66.3%,33205000,-600207.8991779331,299.06508207918085,705,1:08:46
66.4%,33210000,-600028.9257753477,299.72075101316824,705,1:08:45
66.4%,33215000,-598364.3035245691,303.2725793242207,705,1:08:44
66.4%,33220000,-600108.0003077118,300.15295721958836,705,1:08:42
66.4%,33225000,-601041.436206833,297.99815733611035,705,1:08:41
66.4%,33230000,-598771.4636113402,301.56529366582583,705,1:08:40
66.4%,33235000,-599630.9799685283,299.61325143339,705,1:08:39
66.4%,33240000,-599365.5923352819,301.66619411576374,705,1:08:37
66.4%,33245000,-599897.9785018689,299.78823876852425,705,1:08:36
66.4%,33250000,-598921.5646165526,302.4059590240733,705,1:08:35
66.4%,33255000,-599707.0174629968,300.64271568848216,705,1:08:34
66.5%,33260000,-599130.2008692119,305.17035659306237,705,1:08:33
66.5%,33265000,-598918.4042731915,300.4451343065712,705,1:08:31
66.5%,33270000,-599826.5610680915,300.47719773668763,705,1:08:30
66.5%,33275000,-599758.2949941615,301.231338444575,705,1:08:29
66.5%,33280000,-599624.4153294661,302.17005853134225,705,1:08:28
66.5%,33285000,-599107.0469077625,299.6069712206052,705,1:08:26
66.5%,33290000,-599496.9954234306,299.64865122654845,705,1:08:25
66.5%,33295000,-600524.4079288356,302.4653511926363,705,1:08:24
66.5%,33300000,-599283.9268610356,299.50992230741423,705,1:08:23
66.5%,33305000,-598921.4456199533,299.9548361318912,705,1:08:22
66.6%,33310000,-600272.0581383263,299.98969621926335,705,1:08:20
66.6%,33315000,-599285.8534673424,301.78463500375307,705,1:08:19
66.6%,33320000,-599879.8886548318,298.89011927612785,705,1:08:18
66.6%,33325000,-598888.0372881964,300.4423621813966,705,1:08:17
66.6%,33330000,-600064.7279619891,300.0581161937046,705,1:08:15
66.6%,33335000,-599387.8483616333,302.06577265420003,705,1:08:14
66.6%,33340000,-599893.4215873922,301.41989202060773,705,1:08:13
66.6%,33345000,-598382.4451450394,299.9716406075069,705,1:08:12
66.6%,33350000,-599497.6298170388,301.52798037033455,705,1:08:11
66.6%,33355000,-599917.0059922608,299.5460825950895,705,1:08:09
66.7%,33360000,-598614.8605474844,298.8706408036623,705,1:08:08
66.7%,33365000,-598401.2076617768,300.00635350239196,705,1:08:07
66.7%,33370000,-600836.1019897526,304.368402858934,705,1:08:06
66.7%,33375000,-600129.4133875766,300.4281090422248,705,1:08:04
66.7%,33380000,-599571.5493947738,300.79179714587883,705,1:08:03
66.7%,33385000,-600326.8037269935,301.8910306398777,705,1:08:02
66.7%,33390000,-598670.4257712374,301.68213996853774,705,1:08:01
66.7%,33395000,-600335.3668124177,300.50999712923976,705,1:08:00
66.7%,33400000,-601139.8111427198,299.35929532890253,705,1:07:58
66.7%,33405000,-598716.2772828271,300.84861344591684,705,1:07:57
66.8%,33410000,-598238.2663810058,301.8440026402349,705,1:07:56
66.8%,33415000,-598890.4046233557,301.6215457279964,705,1:07:55
66.8%,33420000,-598291.4427801347,301.79226448100343,705,1:07:53
66.8%,33425000,-598971.2022899878,301.79837296921994,705,1:07:52
66.8%,33430000,-599171.8010708359,301.4868646022588,705,1:07:51
66.8%,33435000,-600416.26632518,298.9926879075867,705,1:07:50
66.8%,33440000,-599012.6173597523,303.36636547061323,705,1:07:48
66.8%,33445000,-599963.551528824,298.2875868299998,705,1:07:47
66.8%,33450000,-600129.1128582563,298.7745486416378,705,1:07:46
66.8%,33455000,-600466.4401052515,299.8427735850115,705,1:07:45
66.9%,33460000,-599114.1217232868,302.58173138580565,705,1:07:44
66.9%,33465000,-599859.540400133,299.0897122886965,705,1:07:42
66.9%,33470000,-599170.105621912,302.71219299357847,705,1:07:41
66.9%,33475000,-599401.6372451968,301.5697339725214,705,1:07:40
66.9%,33480000,-599226.7087666458,302.55153239385976,705,1:07:39
66.9%,33485000,-599842.6912954268,301.12746961281306,705,1:07:37
66.9%,33490000,-602076.6847052826,301.7851011132957,705,1:07:36
66.9%,33495000,-599393.2631434435,299.96999695806716,705,1:07:35
66.9%,33500000,-599826.8029762711,300.82984640380585,705,1:07:34
66.9%,33505000,-601518.9393432727,300.4294337746091,705,1:07:33
67.0%,33510000,-599649.7250572955,301.2577349639364,705,1:07:31
67.0%,33515000,-599081.135798709,300.4418224756104,705,1:07:30
67.0%,33520000,-598911.0854159174,299.8907828679019,705,1:07:29
67.0%,33525000,-600450.9737547082,298.5519690689934,705,1:07:28
67.0%,33530000,-599857.2034534379,300.2328336759457,705,1:07:27
67.0%,33535000,-599135.6049524206,300.0375337775855,705,1:07:25
67.0%,33540000,-599672.2749511371,297.09500876706977,705,1:07:24
67.0%,33545000,-598856.0942715788,299.6118776368433,705,1:07:23
67.0%,33550000,-599893.0054394081,300.9715437047641,705,1:07:22
67.0%,33555000,-597789.5798589215,300.565684953543,705,1:07:20
67.1%,33560000,-598493.7303684475,300.2670313971257,705,1:07:19
67.1%,33565000,-599804.653338478,303.9052371660511,705,1:07:18
67.1%,33570000,-599714.4064573436,297.69189883452395,705,1:07:17
67.1%,33575000,-599158.6093165483,302.4793344789151,705,1:07:15
67.1%,33580000,-599203.2957805102,298.6267673845442,705,1:07:14
67.1%,33585000,-599393.6201502918,302.37210475202994,705,1:07:13
67.1%,33590000,-599198.8509893911,300.25236121257365,705,1:07:12
67.1%,33595000,-597747.5387980081,302.7945962542985,705,1:07:11
67.1%,33600000,-599204.1107753948,301.154332241717,705,1:07:09
67.1%,33605000,-598782.8907252178,302.55734649710195,705,1:07:08
67.2%,33610000,-598753.6759489174,298.59801578538855,705,1:07:07
67.2%,33615000,-599950.008645202,299.30657588642345,705,1:07:06
67.2%,33620000,-599942.9986675265,299.96896661065716,705,1:07:05
67.2%,33625000,-600315.5144876679,301.07124208272364,705,1:07:03
67.2%,33630000,-599696.197874533,301.3119263312869,705,1:07:02
67.2%,33635000,-599771.487704678,301.7818628785785,705,1:07:01
67.2%,33640000,-599958.2087653959,299.5510135434089,705,1:07:00
67.2%,33645000,-599069.1126373834,299.0461678445827,705,1:06:58
67.2%,33650000,-598213.2518757451,301.4478340610841,705,1:06:57
67.2%,33655000,-600108.2222192562,301.4401309875902,705,1:06:56
67.3%,33660000,-598960.6345419544,298.7885319279166,705,1:06:55
67.3%,33665000,-598888.726506873,302.431889433892,705,1:06:53
67.3%,33670000,-599973.1177747864,299.45450433600416,705,1:06:52
67.3%,33675000,-598812.0997992647,302.10590713902826,705,1:06:51
67.3%,33680000,-599632.7666652789,301.56207996318983,705,1:06:50
67.3%,33685000,-599599.1494667633,299.93457263282755,705,1:06:49
67.3%,33690000,-599910.2976828292,299.2025843942555,705,1:06:47
67.3%,33695000,-599586.7032770836,303.2307766578715,705,1:06:46
67.3%,33700000,-599531.5469777132,300.8512383786043,705,1:06:45
67.3%,33705000,-599644.9705704283,298.7353954400573,705,1:06:44
67.4%,33710000,-598538.8171416582,300.45499620320993,705,1:06:42
67.4%,33715000,-599360.8142961012,300.64399135670413,705,1:06:41
67.4%,33720000,-599865.6381705762,303.0567215418226,705,1:06:40
67.4%,33725000,-599618.2361579956,302.16846394606483,705,1:06:39
67.4%,33730000,-599783.2119947216,300.7505096532347,705,1:06:38
67.4%,33735000,-600210.2332492834,299.52969516485405,705,1:06:36
67.4%,33740000,-600374.5592674366,298.83278780238487,705,1:06:35
67.4%,33745000,-600382.3319106894,298.71312031033597,705,1:06:34
67.4%,33750000,-599022.7430257569,298.99774151631203,705,1:06:33
67.4%,33755000,-599306.3758172458,297.9988932985461,705,1:06:31
67.5%,33760000,-599529.542814495,299.99327790311725,705,1:06:30
67.5%,33765000,-599770.4050336764,297.21558394612276,705,1:06:29
67.5%,33770000,-600832.2229903443,302.88141528963286,705,1:06:28
67.5%,33775000,-600429.1619274858,299.82089096858925,705,1:06:27
67.5%,33780000,-599662.636284607,303.4781826966811,705,1:06:25
67.5%,33785000,-599818.1460423595,299.2664659336764,705,1:06:24
67.5%,33790000,-599242.0961016617,301.5024179417337,705,1:06:23
67.5%,33795000,-599923.7021694691,298.1479992880239,705,1:06:22
67.5%,33800000,-598620.4704392203,299.2344270356412,705,1:06:20
67.5%,33805000,-598964.266321924,299.55648419751446,705,1:06:19
67.6%,33810000,-599873.1294921967,301.01005907223373,705,1:06:18
67.6%,33815000,-599609.0752860596,299.43328408577406,705,1:06:17
67.6%,33820000,-599698.7966499683,301.28935681659135,705,1:06:16
67.6%,33825000,-599388.8371777339,299.7622592945431,705,1:06:14
67.6%,33830000,-598776.7015704662,299.5020720414332,705,1:06:13
67.6%,33835000,-598735.7052143933,298.3611340094099,705,1:06:12
67.6%,33840000,-600583.4407223044,299.3112124497685,705,1:06:11
67.6%,33845000,-599689.8201112826,299.880503925883,705,1:06:09
67.6%,33850000,-599960.6383787501,299.1763350673813,705,1:06:08
67.6%,33855000,-599360.6070422758,300.19873408309047,705,1:06:07
67.7%,33860000,-599045.0169587573,300.3687904699053,705,1:06:06
67.7%,33865000,-598455.6799193146,302.4587029986336,705,1:06:05
67.7%,33870000,-598303.4016199037,297.90309552149586,705,1:06:03
67.7%,33875000,-598694.0086994302,299.30117882856143,705,1:06:02
67.7%,33880000,-601149.2159176809,299.67595543291384,705,1:06:01
67.7%,33885000,-599207.102503161,298.32889885472514,705,1:06:00
67.7%,33890000,-599260.9005459766,301.1692722791622,705,1:05:58
67.7%,33895000,-600672.8316044426,301.1682664638334,705,1:05:57
67.7%,33900000,-599370.3183499421,299.7688829564647,705,1:05:56
67.7%,33905000,-600223.8416627604,300.8628665850887,705,1:05:55
67.8%,33910000,-598423.4444636498,297.57659805292707,705,1:05:54
67.8%,33915000,-598621.1388334711,300.3032407489634,705,1:05:52
67.8%,33920000,-598783.79661645,300.65709148806,705,1:05:51
67.8%,33925000,-599689.3385955221,299.1541580659848,705,1:05:50
67.8%,33930000,-599180.9903808385,299.2425226224342,705,1:05:49
67.8%,33935000,-597877.773164059,301.51235343461605,705,1:05:47
67.8%,33940000,-599298.2862000186,301.8526624648953,705,1:05:46
67.8%,33945000,-602003.9518259848,301.6016747422318,705,1:05:45
67.8%,33950000,-598685.0639290209,303.06866866536245,705,1:05:44
67.8%,33955000,-599726.4469931391,300.6877320574674,705,1:05:42
67.9%,33960000,-599861.9312817738,300.3764199471557,705,1:05:41
67.9%,33965000,-600178.4737513834,300.9511330132133,705,1:05:40
67.9%,33970000,-598946.0720734028,298.56062889365376,705,1:05:39
67.9%,33975000,-599791.0612583477,301.29973388693503,705,1:05:38
67.9%,33980000,-598963.139390456,299.103278529595,705,1:05:36
67.9%,33985000,-599681.8751849094,297.873804216554,705,1:05:35
67.9%,33990000,-599645.2882111459,302.5370094017947,705,1:05:34
67.9%,33995000,-600321.999254677,301.1912039597468,705,1:05:33
67.9%,34000000,-599298.6910757758,300.2773103391447,705,1:05:31
67.9%,34005000,-600103.7640400934,300.4268088419216,705,1:05:30
68.0%,34010000,-600809.8999533975,304.0143558631879,705,1:05:29
68.0%,34015000,-599605.5285492525,298.0040450355961,705,1:05:28
68.0%,34020000,-599855.5442303936,300.9747328753189,705,1:05:27
68.0%,34025000,-598771.5353308492,300.9946529252459,705,1:05:25
68.0%,34030000,-598848.3402899061,298.81203366169746,705,1:05:24
68.0%,34035000,-599829.3843868347,300.4731990074535,705,1:05:23
68.0%,34040000,-599248.249331099,298.2232146489551,705,1:05:22
68.0%,34045000,-600672.8165383898,300.0878000119455,705,1:05:20
68.0%,34050000,-600657.7195577039,299.0222000012593,705,1:05:19
68.0%,34055000,-599902.0680414285,299.0141289465475,705,1:05:18
68.1%,34060000,-599836.8836899926,299.8195171720426,705,1:05:17
68.1%,34065000,-599855.7137371441,299.05929250801984,705,1:05:16
68.1%,34070000,-599367.1231474276,301.53637034210186,705,1:05:14
68.1%,34075000,-600085.018779261,301.4342187560232,705,1:05:13
68.1%,34080000,-600093.4253582675,301.78389904131734,705,1:05:12
68.1%,34085000,-600603.9271131721,297.4768996749675,705,1:05:11
68.1%,34090000,-598701.9440272995,297.217669173024,705,1:05:09
68.1%,34095000,-600596.0258601494,299.71493690992605,705,1:05:08
68.1%,34100000,-600726.8195295143,299.06373281471537,705,1:05:07
68.1%,34105000,-599555.604875186,302.62510410535106,705,1:05:06
68.2%,34110000,-600447.2992865886,300.8095829047422,705,1:05:05
68.2%,34115000,-599428.0238343282,298.44508279124494,705,1:05:03
68.2%,34120000,-600140.1147563914,298.59360001077425,705,1:05:02
68.2%,34125000,-599491.6309612715,299.5650704259312,705,1:05:01
68.2%,34130000,-599642.6042796192,299.01358924076135,705,1:05:00
68.2%,34135000,-600449.9471026608,298.97414165420645,705,1:04:58
68.2%,34140000,-599443.9628286455,301.6696040750493,705,1:04:57
68.2%,34145000,-599645.8916237922,301.42725164496505,705,1:04:56
68.2%,34150000,-600232.7019470404,300.94060875038247,705,1:04:55
68.2%,34155000,-601448.6959227109,301.1888488799525,705,1:04:53
68.3%,34160000,-599740.8447050322,299.7689074885459,705,1:04:52
68.3%,34165000,-600396.7934099068,300.9114891700089,705,1:04:51
68.3%,34170000,-599493.1604280667,300.33805177217323,705,1:04:50
68.3%,34175000,-600352.4644354344,302.64291439629557,705,1:04:49
68.3%,34180000,-599993.0665240898,300.37477629771587,705,1:04:47
68.3%,34185000,-599985.5345349726,299.9601841255908,705,1:04:46
68.3%,34190000,-599663.382868608,298.67811303047665,705,1:04:45
68.3%,34195000,-598226.7294194782,299.0686392309536,705,1:04:44
68.3%,34200000,-599791.833548516,298.7825215680249,705,1:04:42
68.3%,34205000,-600107.8698859401,299.1985120687778,705,1:04:41
68.4%,34210000,-598972.9654770382,298.1151262992282,705,1:04:40
68.4%,34215000,-599951.1072489372,300.0083160688872,705,1:04:39
68.4%,34220000,-598458.9963120976,304.4993551083307,705,1:04:38
68.4%,34225000,-600428.0910378755,299.5665423508027,705,1:04:36
68.4%,34230000,-599284.8932689195,299.846060883891,705,1:04:35
68.4%,34235000,-600132.1463301289,302.23784067167253,705,1:04:34
68.4%,34240000,-599151.0701124026,302.7440356349642,705,1:04:33
68.4%,34245000,-599153.8009409527,300.55476817741305,705,1:04:31
68.4%,34250000,-600730.2215859066,299.9593009706679,705,1:04:30
68.4%,34255000,-599302.3058689646,300.8877421154162,705,1:04:29
68.5%,34260000,-599653.7101825103,299.8839874814121,705,1:04:28
68.5%,34265000,-600236.1518422989,301.48210537850775,705,1:04:27
68.5%,34270000,-600664.7192288721,299.32872835573875,705,1:04:25
68.5%,34275000,-599147.1430702326,298.3308614212204,705,1:04:24
68.5%,34280000,-599912.7614380056,298.3718054647279,705,1:04:23
68.5%,34285000,-598914.772476159,300.77788745584365,705,1:04:22
68.5%,34290000,-597906.7764505195,297.9461247919046,705,1:04:20
68.5%,34295000,-601036.4496018621,300.31290638895257,705,1:04:19
68.5%,34300000,-599267.0002823053,301.37382077213135,705,1:04:18
68.5%,34305000,-599975.7779088719,301.0993558477683,705,1:04:17
68.6%,34310000,-599031.8279857389,298.8431403406474,705,1:04:16
68.6%,34315000,-600232.2361238808,300.4711383126335,705,1:04:14
68.6%,34320000,-601035.7027157121,300.7946673993782,705,1:04:13
68.6%,34325000,-599406.5556824896,300.66302825170817,705,1:04:12
68.6%,34330000,-599501.226973875,301.66482031921703,705,1:04:11
68.6%,34335000,-598652.6054542358,297.6155795299393,705,1:04:09
68.6%,34340000,-600341.2154206727,297.86131738722787,705,1:04:08
68.6%,34345000,-597868.7684734277,302.4603221159922,705,1:04:07
68.6%,34350000,-599222.4288459178,300.61195245866884,705,1:04:06
68.6%,34355000,-599058.014487619,300.01724574644066,705,1:04:05
68.7%,34360000,-599562.4735455313,300.0466106476261,705,1:04:03
68.7%,34365000,-600324.9650651016,297.6409457018906,705,1:04:02
68.7%,34370000,-599307.7300898642,300.74854708673945,705,1:04:01
68.7%,34375000,-599138.3353264388,300.3311091931962,705,1:04:00
68.7%,34380000,-600433.0330993398,300.6432308621872,705,1:03:58
68.7%,34385000,-599813.538000606,301.0180565307019,705,1:03:57
68.7%,34390000,-600253.4468905497,299.2511088508509,705,1:03:56
68.7%,34395000,-598238.5711909109,298.76861187798966,705,1:03:55
68.7%,34400000,-601322.7772480869,301.78075893492496,705,1:03:54
68.7%,34405000,-600085.117716813,299.5536139440151,705,1:03:52
68.8%,34410000,-599011.8248100397,300.0761227412987,705,1:03:51
68.8%,34415000,-597442.8134173928,300.7017153437461,705,1:03:50
68.8%,34420000,-600747.4638866126,302.46211295791915,705,1:03:49
68.8%,34425000,-599043.2413876816,298.79692189968387,705,1:03:47
68.8%,34430000,-600290.5710971123,299.9222575280698,705,1:03:46
68.8%,34435000,-600203.7295259652,299.417976067111,705,1:03:45
68.8%,34440000,-598832.3172591478,302.2937738167876,705,1:03:44
68.8%,34445000,-599889.2453328525,302.1388782561487,705,1:03:43
68.8%,34450000,-598784.9008070002,301.4619400077689,705,1:03:41
68.8%,34455000,-599273.8533188258,299.43141964760355,705,1:03:40
68.9%,34460000,-600645.2415825641,300.9893294636274,705,1:03:39
68.9%,34465000,-600323.7592368466,302.89510419093733,705,1:03:38
68.9%,34470000,-600623.8624727242,300.2686995786467,705,1:03:36
68.9%,34475000,-599939.8425328308,303.0028981556899,705,1:03:35
68.9%,34480000,-599476.8553567985,300.3785542382193,705,1:03:34
68.9%,34485000,-601395.9977172273,296.08048454942286,705,1:03:33
68.9%,34490000,-598162.3807074749,300.7983472115568,705,1:03:32
68.9%,34495000,-599833.1093595847,299.9109237065596,705,1:03:30
68.9%,34500000,-599858.094447366,300.9911693697168,705,1:03:29
68.9%,34505000,-599166.0279246229,299.6067749639557,705,1:03:28
69.0%,34510000,-600022.8290250734,300.24512424862235,705,1:03:27
69.0%,34515000,-599619.4290294638,299.78814064019946,705,1:03:25
69.0%,34520000,-599761.9459907799,300.23950640202963,705,1:03:24
69.0%,34525000,-598794.1915680217,299.22098345514866,705,1:03:23
69.0%,34530000,-598800.1270957096,302.157424509529,705,1:03:22
69.0%,34535000,-598789.0638901605,298.0715573230333,705,1:03:20
69.0%,34540000,-599477.0722642252,301.7617956361644,705,1:03:19
69.0%,34545000,-598503.5704904855,300.7864982163416,705,1:03:18
69.0%,34550000,-600705.1180350697,300.5778528658136,705,1:03:17
69.0%,34555000,-599349.5167701948,301.1552399287211,705,1:03:16
69.1%,34560000,-599179.9513642467,303.76844628133097,705,1:03:14
69.1%,34565000,-599158.6400312092,297.1430180499603,705,1:03:13
69.1%,34570000,-599448.1566886129,299.2820192731514,705,1:03:12
69.1%,34575000,-598675.869041414,301.48181099353343,705,1:03:11
69.1%,34580000,-598542.0375131564,297.8637215311846,705,1:03:09
69.1%,34585000,-600079.8445701506,299.05445968802525,705,1:03:08
69.1%,34590000,-599399.4133967804,298.10487188929045,705,1:03:07
69.1%,34595000,-598569.9808889818,303.44582488159034,705,1:03:06
69.1%,34600000,-598868.4862615471,302.1539409539999,705,1:03:05
69.1%,34605000,-599259.8212967697,301.7883393480129,705,1:03:03
69.2%,34610000,-598500.9017538335,298.96511384832826,705,1:03:02
69.2%,34615000,-600570.8697753479,301.42104502842375,705,1:03:01
69.2%,34620000,-600255.5482485634,300.2084978514044,705,1:03:00
69.2%,34625000,-599668.2369633247,301.40738065920044,705,1:02:58
69.2%,34630000,-599515.1987957917,302.9301850670402,705,1:02:57
69.2%,34635000,-598783.5377177354,299.78657058700327,705,1:02:56
69.2%,34640000,-600571.8553742678,298.2827785420864,705,1:02:55
69.2%,34645000,-599698.7239994765,298.5400710096158,705,1:02:54
69.2%,34650000,-600279.7791136946,298.5405125870773,705,1:02:52
69.2%,34655000,-599879.3640999477,299.62662141763906,705,1:02:51
69.3%,34660000,-598979.039607726,302.0569411049713,705,1:02:50
69.3%,34665000,-600002.5564898876,301.93025743770187,705,1:02:49
69.3%,34670000,-598553.8809299036,301.78134770487355,705,1:02:47
69.3%,34675000,-598006.5945749558,300.9483118238764,705,1:02:46
69.3%,34680000,-599536.199363511,301.0021106779279,705,1:02:45
69.3%,34685000,-599778.7317758319,300.63246127854444,705,1:02:44
69.3%,34690000,-600406.2173394202,301.4533537793521,705,1:02:43
69.3%,34695000,-600502.8435092559,299.2253256335194,705,1:02:41
69.3%,34700000,-599882.9360827105,301.3775987126348,705,1:02:40
69.3%,34705000,-600208.0091966232,300.94686443108617,705,1:02:39
69.4%,34710000,-599803.5199415032,301.2386735368511,705,1:02:38
69.4%,34715000,-598748.5461184043,300.2122757919078,705,1:02:36
69.4%,34720000,-598948.5230742958,301.8568083866165,705,1:02:35
69.4%,34725000,-598529.8176782634,301.2717673143775,705,1:02:34
69.4%,34730000,-598660.1424492379,298.540733375808,705,1:02:33
69.4%,34735000,-598659.5022786339,299.8953458350034,705,1:02:32
69.4%,34740000,-599983.8283810206,297.8096282921588,705,1:02:30
69.4%,34745000,-600215.1177760488,299.55923179060784,705,1:02:29
69.4%,34750000,-600226.6017808965,299.66143244084884,705,1:02:28
69.4%,34755000,-599928.8263348639,298.7602709703848,705,1:02:27
69.5%,34760000,-599128.5403924333,299.4534003923506,705,1:02:25
69.5%,34765000,-598706.1911221175,298.26305474880894,705,1:02:24
69.5%,34770000,-600255.7764176577,303.2225584106726,705,1:02:23
69.5%,34775000,-599305.6715243151,299.5177725733953,705,1:02:22
69.5%,34780000,-597531.5373570966,300.381350895475,705,1:02:20
69.5%,34785000,-599614.9092338644,299.9863598562214,705,1:02:19
69.5%,34790000,-599256.7098278231,299.8708382858938,705,1:02:18
69.5%,34795000,-599317.7152489563,298.36179637560207,705,1:02:17
69.5%,34800000,-599434.584712964,302.7914561479061,705,1:02:16
69.5%,34805000,-600448.3423384712,302.1683658177401,705,1:02:14
69.6%,34810000,-599812.6852639653,303.2321504544182,705,1:02:13
69.6%,34815000,-599755.8905150592,300.23082204528805,705,1:02:12
69.6%,34820000,-600013.1888734386,302.2206927469201,705,1:02:11
69.6%,34825000,-601437.701516835,302.0648894992772,705,1:02:09
69.6%,34830000,-599617.9150582417,300.30780371606494,705,1:02:08
69.6%,34835000,-598809.9691017466,301.48647208895966,705,1:02:07
69.6%,34840000,-599843.2240464259,302.7223492751915,705,1:02:06
69.6%,34845000,-599974.0339161386,302.12823133291187,705,1:02:05
69.6%,34850000,-600616.1132084881,302.14250900416494,705,1:02:03
69.6%,34855000,-599008.6684057876,299.55216655122484,705,1:02:02
69.7%,34860000,-599803.752349047,300.44142996231136,705,1:02:01
69.7%,34865000,-597704.4689777028,299.25837034688345,705,1:02:00
69.7%,34870000,-598748.7239826247,301.9256944706004,705,1:01:58
69.7%,34875000,-599279.151807012,301.12930951890235,705,1:01:57
69.7%,34880000,-600795.1627492951,302.1361797272177,705,1:01:56
69.7%,34885000,-599551.2506628586,297.0120658005636,705,1:01:55
69.7%,34890000,-599532.2483622078,301.9535138506708,705,1:01:54
69.7%,34895000,-599656.0124360477,304.29900160124515,705,1:01:52
69.7%,34900000,-598881.4066894287,299.5566313900016,705,1:01:51
69.7%,34905000,-599778.8411708903,301.2158587013436,705,1:01:50
69.8%,34910000,-600021.2615682911,299.65071192136844,705,1:01:49
69.8%,34915000,-599561.3300799006,301.49859093706795,705,1:01:47
69.8%,34920000,-599592.746672472,302.0009588956938,705,1:01:46
69.8%,34925000,-600133.1330266441,299.1271727766749,705,1:01:45
69.8%,34930000,-599413.521928899,302.7573320229696,705,1:01:44
69.8%,34935000,-599748.6948345997,299.74199579547957,705,1:01:43
69.8%,34940000,-598865.5539170718,299.3789945900988,705,1:01:41
69.8%,34945000,-599550.8999078474,299.34153410212036,705,1:01:40
69.8%,34950000,-598376.8223906751,300.0193064412607,705,1:01:39
69.8%,34955000,-599893.728790015,301.3418554703397,705,1:01:38
69.9%,34960000,-599515.927210445,299.21283880419327,705,1:01:36
69.9%,34965000,-598601.3915899587,299.4267340200961,705,1:01:35
69.9%,34970000,-599987.4163995534,299.367194659046,705,1:01:34
69.9%,34975000,-599677.2305481783,303.7624113893581,705,1:01:33
69.9%,34980000,-600679.1599635226,301.5677223418637,705,1:01:31
69.9%,34985000,-598981.0101815825,298.5898711344332,705,1:01:30
69.9%,34990000,-599629.1882210588,299.4411834159175,705,1:01:29
69.9%,34995000,-598555.7031580671,298.6352554846363,705,1:01:28
69.9%,35000000,-599102.9791658563,300.49851611524247,705,1:01:27
69.9%,35005000,-599657.5237326804,299.5582505073602,705,1:01:25
70.0%,35010000,-599290.4594975123,300.49885956437913,705,1:01:24
70.0%,35015000,-598183.1980512096,300.9569961806179,705,1:01:23
70.0%,35020000,-600298.4600804141,300.57044417729395,705,1:01:22
70.0%,35025000,-600594.0679967776,300.1684369628198,705,1:01:20
70.0%,35030000,-599176.0949819568,300.31545772539647,705,1:01:19
70.0%,35035000,-599847.7610283871,300.44174887936686,705,1:01:18
70.0%,35040000,-599917.9301221608,298.7575724414538,705,1:01:17
70.0%,35045000,-600678.1724157147,299.09059544361935,705,1:01:16
70.0%,35050000,-599025.7111142739,299.9047416220995,705,1:01:14
70.0%,35055000,-598313.7456708746,297.13649251636355,705,1:01:13
70.0%,35060000,-599658.374335913,302.5018058652859,705,1:01:12
70.1%,35065000,-599462.647428662,298.1406396636667,705,1:01:11
70.1%,35070000,-599657.1526051662,297.2007175049211,705,1:01:09
70.1%,35075000,-599137.9943408477,303.05112822731104,705,1:01:08
70.1%,35080000,-599378.3404252077,302.1261706380919,705,1:01:07
70.1%,35085000,-599056.8117116843,299.60410096710586,705,1:01:06
70.1%,35090000,-599641.2574597816,301.49694728762813,705,1:01:05
70.1%,35095000,-599117.6130634504,301.55403344055924,705,1:01:03
70.1%,35100000,-598384.9879774987,300.00603458533647,705,1:01:02
70.1%,35105000,-599655.7540999171,300.5071268757404,705,1:01:01
70.1%,35110000,-598779.4559586965,299.320534640621,705,1:01:00
70.2%,35115000,-600814.0106508252,301.23874713309465,705,1:00:58
70.2%,35120000,-599973.2409795104,301.239434031368,705,1:00:57
70.2%,35125000,-599604.8288655966,297.67860244651854,705,1:00:56
70.2%,35130000,-600446.8655869365,299.4113033410271,705,1:00:55
70.2%,35135000,-598002.2005079282,300.3013763107929,705,1:00:53
70.2%,35140000,-600178.919536463,300.3916543695752,705,1:00:52
70.2%,35145000,-599337.0062090359,299.44201750667804,705,1:00:51
70.2%,35150000,-599915.6478711073,299.8769958382727,705,1:00:50
70.2%,35155000,-599627.4361898988,301.1242313780958,705,1:00:49
70.2%,35160000,-600094.2422645274,297.4388994812029,705,1:00:47
70.3%,35165000,-600604.8122777892,302.08458876047337,705,1:00:46
70.3%,35170000,-598249.5383871119,300.4393692674914,705,1:00:45
70.3%,35175000,-598914.7229468441,301.922946877507,705,1:00:44
70.3%,35180000,-598566.8748511788,298.30453849810266,705,1:00:42
70.3%,35185000,-599842.5669000288,300.3501951523627,705,1:00:41
70.3%,35190000,-598709.795384537,299.497803459306,705,1:00:40
70.3%,35195000,-598131.4620711757,298.87674929187887,705,1:00:39
70.3%,35200000,-600106.5053132572,298.7749166228557,705,1:00:38
70.3%,35205000,-599526.740879037,301.5244722827243,705,1:00:36
70.3%,35210000,-599504.9584151418,300.19215948533133,705,1:00:35
70.4%,35215000,-599309.8517490574,298.85697643443905,705,1:00:34
70.4%,35220000,-599582.049408542,299.62438899825065,705,1:00:33
70.4%,35225000,-599171.0579802771,301.2929630325264,705,1:00:31
70.4%,35230000,-598594.5787515892,299.12893908652063,705,1:00:30
70.4%,35235000,-598465.1510801092,301.1866900568077,705,1:00:29
70.4%,35240000,-599473.2210445171,300.6767907492562,705,1:00:28
70.4%,35245000,-599909.6147466754,301.30513094479704,705,1:00:27
70.4%,35250000,-599920.6404346833,301.33241061908126,705,1:00:25
70.4%,35255000,-599887.9795601317,301.6029994746162,705,1:00:24
70.4%,35260000,-600099.5149014681,298.35269497348025,705,1:00:23
70.5%,35265000,-598086.2352714185,300.0032869922431,705,1:00:22
70.5%,35270000,-599834.6302956063,300.0349579090605,705,1:00:20
70.5%,35275000,-599671.6832888885,300.97134744811456,705,1:00:19
70.5%,35280000,-600446.4068453205,300.7604696781982,705,1:00:18
70.5%,35285000,-598579.2683076328,298.75413795008706,705,1:00:17
70.5%,35290000,-599134.6644619475,297.9774522595853,705,1:00:16
70.5%,35295000,-598803.9204666521,301.6695550108869,705,1:00:14
70.5%,35300000,-600429.5625370494,299.1568565949158,705,1:00:13
70.5%,35305000,-598862.2845649784,299.9961481566166,705,1:00:12
70.5%,35310000,-599177.5433982671,298.7132920349043,705,1:00:11
70.6%,35315000,-599181.6340579013,298.1912493471634,705,1:00:09
70.6%,35320000,-600179.3370752567,299.8008727903375,705,1:00:08
70.6%,35325000,-599072.3892064756,302.7930262011023,705,1:00:07
70.6%,35330000,-598974.3251364641,299.6302521656553,705,1:00:06
70.6%,35335000,-599532.0960567035,301.20028082978746,705,1:00:05
70.6%,35340000,-600148.1180538721,299.8723102107652,705,1:00:03
70.6%,35345000,-600483.9638473839,299.0304673126206,705,1:00:02
70.6%,35350000,-599224.3370924299,301.6288808202725,705,1:00:01
70.6%,35355000,-599618.8718692437,299.6814506191006,705,1:00:00
70.6%,35360000,-598339.3303271462,298.213696201453,705,59:58
70.7%,35365000,-599730.2134920615,300.96928675329457,705,59:57
70.7%,35370000,-601060.6656307103,301.80045819612116,705,59:56
70.7%,35375000,-600259.1550917616,298.1325931410361,705,59:55
70.7%,35380000,-599276.1943683424,303.84812648103883,705,59:54
70.7%,35385000,-598924.6072389721,301.9591071651823,705,59:52
70.7%,35390000,-598571.3756924616,299.9938421409846,705,59:51
70.7%,35395000,-600966.51775889,298.7206271271804,705,59:50
70.7%,35400000,-600942.4923745845,298.80415886363517,705,59:49
70.7%,35405000,-599004.8650647318,302.66683317545665,705,59:47
70.7%,35410000,-598897.6050049965,301.4023025183939,705,59:46
70.8%,35415000,-599337.2795432797,299.5033477096551,705,59:45
70.8%,35420000,-601046.1556411358,302.5936785093455,705,59:44
70.8%,35425000,-598175.2029896681,301.89468591997513,705,59:42
70.8%,35430000,-598591.9480966926,300.57569404266883,705,59:41
70.8%,35435000,-599546.5612715972,297.37931105599034,705,59:40
70.8%,35440000,-599642.6090409588,301.00613393924317,705,59:39
70.8%,35445000,-598398.3228075858,303.28850064491354,705,59:38
70.8%,35450000,-599981.180981237,301.49086333149285,705,59:36
70.8%,35455000,-599930.489273062,303.2172594811354,705,59:35
70.8%,35460000,-599522.7030447498,300.7234752997624,705,59:34
70.9%,35465000,-601377.0410704152,301.5547939350762,705,59:33
70.9%,35470000,-600467.4852283387,298.36731609387004,705,59:31
70.9%,35475000,-599313.5475956886,300.8624250076273,705,59:30
70.9%,35480000,-598130.9685431975,298.3734736462489,705,59:29
70.9%,35485000,-597719.3203339679,297.7652252252034,705,59:28
70.9%,35490000,-599603.4986612774,301.2989243282558,705,59:27
70.9%,35495000,-597638.7691266383,300.4009765604277,705,59:25
70.9%,35500000,-600038.4962952109,301.9179668650253,705,59:24
70.9%,35505000,-598975.4255835572,297.16561209673705,705,59:23
70.9%,35510000,-601269.0095253796,301.06555063988736,705,59:22
71.0%,35515000,-598908.8295120434,298.0888033761105,705,59:20
71.0%,35520000,-599523.7451959341,300.38856332734514,705,59:19
71.0%,35525000,-598629.3221554318,300.52098750161326,705,59:18
71.0%,35530000,-599914.3577750959,298.80766695124544,705,59:17
71.0%,35535000,-599532.3913398138,300.13639806478454,705,59:16
71.0%,35540000,-598898.8956216262,300.77548331188694,705,59:14
71.0%,35545000,-599960.4580678772,301.4368682207918,705,59:13
71.0%,35550000,-599736.5343422685,300.2057011941487,705,59:12
71.0%,35555000,-599016.9145445861,299.9391355999291,705,59:11
71.0%,35560000,-599846.3834965173,300.41446920508264,705,59:09
71.1%,35565000,-599860.7994527472,302.4994017213292,705,59:08
71.1%,35570000,-599373.4633480976,298.6551264704009,705,59:07
71.1%,35575000,-600569.6720932266,300.5026375048825,705,59:06
71.1%,35580000,-600441.980121302,299.7404257422833,705,59:05
71.1%,35585000,-597953.0231140335,302.13127331097957,705,59:03
71.1%,35590000,-599877.4546907488,296.7139028857702,705,59:02
71.1%,35595000,-598719.972414522,299.47646054866993,705,59:01
71.1%,35600000,-599234.1582507156,301.5290107177446,705,59:00
71.1%,35605000,-599573.5275222519,302.81351048889667,705,58:58
71.1%,35610000,-600767.8498164769,298.9068992196624,705,58:57
71.2%,35615000,-599633.5162247685,299.6997515516689,705,58:56
71.2%,35620000,-600329.2132893186,301.9008434723541,705,58:55
71.2%,35625000,-599923.8180782143,298.84277235942955,705,58:54
71.2%,35630000,-599297.7617026195,300.5708857547554,705,58:52
71.2%,35635000,-599811.9762541549,299.4127752658985,705,58:51
71.2%,35640000,-599662.5033777431,301.6613367636879,705,58:50
71.2%,35645000,-599695.040868131,300.48676524835207,705,58:49
71.2%,35650000,-598752.2119454527,300.2331035288388,705,58:47
71.2%,35655000,-599023.3269656003,299.67298705108976,705,58:46
71.2%,35660000,-600023.4278223962,297.85098938104653,705,58:45
71.3%,35665000,-599848.2156819068,300.7140549805851,705,58:44
71.3%,35670000,-598963.8521881774,297.2707811288021,705,58:43
71.3%,35675000,-600393.6777994703,299.95836875158267,705,58:41
71.3%,35680000,-599081.997908276,301.2975259996279,705,58:40
71.3%,35685000,-598749.3033593227,304.46324388481776,705,58:39
71.3%,35690000,-598781.6241153078,300.13342968296047,705,58:38
71.3%,35695000,-599329.6734622689,300.7488169396325,705,58:36
71.3%,35700000,-600040.0937781637,299.5769194211464,705,58:35
71.3%,35705000,-599498.5352456658,300.0050533020888,705,58:34
71.3%,35710000,-599630.2538522491,297.3985687397252,705,58:33
71.4%,35715000,-599326.5936666266,298.5153426717755,705,58:32
71.4%,35720000,-600174.9625915922,299.8097043395662,705,58:30
71.4%,35725000,-598801.0570005854,299.90753827935526,705,58:29
71.4%,35730000,-599729.9196323738,299.5001340070191,705,58:28
71.4%,35735000,-598950.7902109511,300.56271657171885,705,58:27
71.4%,35740000,-599075.4160063937,299.91161060483296,705,58:25
71.4%,35745000,-599177.4470699304,297.30198593607685,705,58:24
71.4%,35750000,-599782.0202849745,300.1595808815099,705,58:23
71.4%,35755000,-599146.8352149813,301.5790561633739,705,58:22
71.4%,35760000,-599266.2056847648,298.7378731802575,705,58:20
71.5%,35765000,-599791.4287886904,297.10504238827684,705,58:19
71.5%,35770000,-599004.7049031509,300.5472368284874,705,58:18
71.5%,35775000,-599807.6686650985,299.5927671455957,705,58:17
71.5%,35780000,-598065.7220053677,302.5671838616595,705,58:16
71.5%,35785000,-599548.7321717604,297.56084845680255,705,58:14
71.5%,35790000,-599088.8528961637,300.52662988028715,705,58:13
71.5%,35795000,-599218.4535841732,299.27012121377385,705,58:12
71.5%,35800000,-600122.1011777394,301.03557243667217,705,58:11
71.5%,35805000,-599832.4692347557,297.66599295678645,705,58:09
71.5%,35810000,-599836.7014288255,297.35237483084285,705,58:08
71.6%,35815000,-599947.8783795377,300.52123282242513,705,58:07
71.6%,35820000,-599069.9606698584,297.5489258653438,705,58:06
71.6%,35825000,-600225.7998397909,302.39084726205976,705,58:05
71.6%,35830000,-599453.3304833407,299.3901076228782,705,58:03
71.6%,35835000,-599229.5533284387,301.92275062085747,705,58:02
71.6%,35840000,-599781.2704712013,301.44410518474314,705,58:01
71.6%,35845000,-600308.7156469226,299.2047922815627,705,58:00
71.6%,35850000,-599356.2752025067,302.019357956587,705,57:58
71.6%,35855000,-599782.6159239402,300.33370959380244,705,57:57
71.6%,35860000,-598785.7307421206,298.36937678869003,705,57:56
71.7%,35865000,-599165.9898178382,297.7946637226324,705,57:55
71.7%,35870000,-597849.164085364,300.26143808261423,705,57:54
71.7%,35875000,-599660.0706735374,301.68876363045933,705,57:52
71.7%,35880000,-599493.1052336376,300.651694430198,705,57:51
71.7%,35885000,-600878.5136162164,300.84802467596825,705,57:50
71.7%,35890000,-598864.6061445777,300.4369405914535,705,57:49
71.7%,35895000,-599138.0403272887,300.0631207382675,705,57:47
71.7%,35900000,-599268.6664641476,302.46662686085824,705,57:46
71.7%,35905000,-599295.723261808,301.27630574939786,705,57:45
71.7%,35910000,-599403.9104330237,297.27715946991174,705,57:44
71.8%,35915000,-597606.1587641253,300.489071263984,705,57:43
71.8%,35920000,-598306.9482440986,299.62615530809643,705,57:41
71.8%,35925000,-598553.210675356,300.33027510243573,705,57:40
71.8%,35930000,-599694.1344919661,299.81210848352293,705,57:39
71.8%,35935000,-598958.9672826161,302.4134413088365,705,57:38
71.8%,35940000,-599668.4236481283,301.5897521507731,705,57:36
71.8%,35945000,-599327.6415143036,303.2721622788405,705,57:35
71.8%,35950000,-599755.8686665581,299.8487348807409,705,57:34
71.8%,35955000,-599761.6260471083,299.02418709983573,705,57:33
71.8%,35960000,-600047.8587585506,301.7565212387084,705,57:32
71.9%,35965000,-599336.3650230491,297.61278287268357,705,57:30
71.9%,35970000,-599694.2898777737,300.29386949394853,705,57:29
71.9%,35975000,-600358.6739227981,297.8860702571494,705,57:28
71.9%,35980000,-599620.9862069744,300.83099941162186,705,57:27
71.9%,35985000,-600258.0038096383,299.15114061999833,705,57:25
71.9%,35990000,-598857.8801075607,300.3672940129527,705,57:24
71.9%,35995000,-599085.1630593836,302.39170588490146,705,57:23
71.9%,36000000,-599085.1962178373,301.61764512708703,705,57:22
71.9%,36005000,-599620.2420096733,299.23746901370885,705,57:20
71.9%,36010000,-598330.1187779726,302.3670266112234,705,57:19
72.0%,36015000,-600460.616841991,302.3815496032884,705,57:18
72.0%,36020000,-600634.3419579836,300.31290638895257,705,57:17
72.0%,36025000,-599616.2900621956,301.1831574371162,705,57:16
72.0%,36030000,-600055.6808289532,302.5954693512725,705,57:14
72.0%,36035000,-599688.7653444312,296.7832796113779,705,57:13
72.0%,36040000,-600072.9727116479,303.1976338161827,705,57:12
72.0%,36045000,-600272.37047107,301.0839497007805,705,57:11
72.0%,36050000,-599382.1824184712,298.54159199864966,705,57:09
72.0%,36055000,-600438.5149204093,300.9132064156923,705,57:08
72.0%,36060000,-600984.533518021,301.55005924340634,705,57:07
72.1%,36065000,-598895.1179937683,302.1274953704762,705,57:06
72.1%,36070000,-599812.8180059027,301.7086346162239,705,57:05
72.1%,36075000,-599327.4506146633,300.29889857059266,705,57:03
72.1%,36080000,-598816.6313565406,297.64568039356044,705,57:02
72.1%,36085000,-599882.5499056997,301.04636655239614,705,57:01
72.1%,36090000,-599542.8827285818,298.4752327190285,705,57:00
72.1%,36095000,-599618.6311378544,299.55280438533583,705,56:58
72.1%,36100000,-599410.0947661591,301.953415722346,705,56:57
72.1%,36105000,-599740.3342290088,298.30856175941796,705,56:56
72.1%,36110000,-598694.3905980154,304.3493659639299,705,56:55
72.2%,36115000,-598678.8018033882,300.5994165651804,705,56:54
72.2%,36120000,-599804.1188926655,300.46517701690414,705,56:52
72.2%,36125000,-600642.0088731465,299.44319504657517,705,56:51
72.2%,36130000,-599180.7921683039,301.41221347919503,705,56:50
72.2%,36135000,-599220.3854911351,296.27232542433524,705,56:49
72.2%,36140000,-599297.7074615834,302.07283789358297,705,56:47
72.2%,36145000,-598721.0551943653,298.20680268663835,705,56:46
72.2%,36150000,-598869.9857848948,300.78426579695326,705,56:45
72.2%,36155000,-599308.5035399487,302.03309592205386,705,56:44
72.2%,36160000,-600405.6806580303,296.6472492211748,705,56:43
72.3%,36165000,-600422.5649329689,298.9964658480901,705,56:41
72.3%,36170000,-599483.1461959206,301.4681956884725,705,56:40
72.3%,36175000,-598690.0250952179,300.01150523944204,705,56:39
72.3%,36180000,-599600.2122584125,302.33498771318824,705,56:38
72.3%,36185000,-600134.3269610689,301.86146948204276,705,56:36
72.3%,36190000,-600058.0512401308,298.7214612179408,705,56:35
72.3%,36195000,-599431.1792632779,299.747711770397,705,56:34
72.3%,36200000,-599134.9904568442,300.91448208391427,705,56:33
72.3%,36205000,-599667.0532846767,300.21210406733945,705,56:32
72.3%,36210000,-598994.1584127629,301.2159813617495,705,56:30
72.4%,36215000,-599515.6494152895,300.79648277338634,705,56:29
72.4%,36220000,-599143.8027635575,300.7395683450236,705,56:28
72.4%,36225000,-598190.6410061093,300.4049507575806,705,56:27
72.4%,36230000,-599698.8910425799,302.2947551000353,705,56:25
72.4%,36235000,-599769.6157457083,299.8199832815852,705,56:24
72.4%,36240000,-600440.1747459727,301.09820283995236,705,56:23
72.4%,36245000,-599489.9937485307,303.1824729900068,705,56:22
72.4%,36250000,-599335.02434613,302.55248914502613,705,56:20
72.4%,36255000,-599629.904715538,300.15484618984004,705,56:19
72.4%,36260000,-598658.3534650235,298.7392715088854,705,56:18
72.5%,36265000,-599033.5138590913,299.57392650724114,705,56:17
72.5%,36270000,-598721.3046630681,298.6526732622818,705,56:16
72.5%,36275000,-599413.6330195274,299.20930618450177,705,56:14
72.5%,36280000,-599357.5954208411,298.45337463468746,705,56:13
72.5%,36285000,-599949.8604340935,300.3780635965955,705,56:12
72.5%,36290000,-599444.3232896463,300.52834712597047,705,56:11
72.5%,36295000,-600130.1331480443,302.1251893548442,705,56:09
72.5%,36300000,-598308.1666602287,302.21917175788633,705,56:08
72.5%,36305000,-598669.297134194,301.8248185527437,705,56:07
72.5%,36310000,-599618.9256928894,301.66908890134425,705,56:06
72.6%,36315000,-599411.7911362392,298.6507842920301,705,56:05
72.6%,36320000,-598691.2355705402,300.787185114615,705,56:03
72.6%,36325000,-599245.4236097201,298.96499118792224,705,56:02
72.6%,36330000,-598401.3202264705,301.3806897548648,705,56:01
72.6%,36335000,-600140.6095983675,300.9202225909129,705,56:00
72.6%,36340000,-599154.3986390247,299.77643883747146,705,55:58
72.6%,36345000,-599004.9304531883,298.5830757479434,705,55:57
72.6%,36350000,-599917.5861999006,301.22069152133815,705,55:56
72.6%,36355000,-598934.8141165948,299.9422757063215,705,55:55
72.6%,36360000,-599583.5298510925,300.9096492639196,705,55:54
72.7%,36365000,-599898.0233889068,297.7748663331114,705,55:52
72.7%,36370000,-601635.8304502745,296.7537429856241,705,55:51
72.7%,36375000,-599718.5173924253,300.06493611227563,705,55:50
72.7%,36380000,-599275.6647661631,298.2796384356939,705,55:49
72.7%,36385000,-598471.1499639452,299.1741517121553,705,55:47
72.7%,36390000,-599656.6296676463,300.87366070081265,705,55:46
72.7%,36395000,-600488.8754081503,300.4465081031179,705,55:45
72.7%,36400000,-598341.029362605,300.96447846538115,705,55:44
72.7%,36405000,-599776.9182155449,300.000441270825,705,55:43
72.7%,36410000,-598183.2431213437,301.01756588907807,705,55:41
72.8%,36415000,-598540.0662620086,298.8188535802685,705,55:40
72.8%,36420000,-598964.9086643122,300.76449293951345,705,55:39
72.8%,36425000,-598313.9613466812,298.29318014451127,705,55:38
72.8%,36430000,-600067.0296430518,301.3862830693763,705,55:36
72.8%,36435000,-598453.7873770278,299.7965306119668,705,55:35
72.8%,36440000,-598091.7898605182,303.1279136414384,705,55:34
72.8%,36445000,-600155.2690308536,299.83026222360417,705,55:33
72.8%,36450000,-600103.8333470849,302.3150185990989,705,55:31
72.8%,36455000,-599814.1612237813,300.4472440655536,705,55:30
72.8%,36460000,-599359.4059762922,299.8203757948842,705,55:29
72.9%,36465000,-600039.6899642316,300.2411745835506,705,55:28
72.9%,36470000,-600790.2306214804,299.35532113174963,705,55:27
72.9%,36475000,-600571.7891393322,299.83943722196955,705,55:25
72.9%,36480000,-600463.4940151684,300.3610628643302,705,55:24
72.9%,36485000,-600084.4346655859,299.4225390342125,705,55:23
72.9%,36490000,-600264.1077657505,299.93037764694395,705,55:22
72.9%,36495000,-598187.4702656609,301.0560812565477,705,55:20
72.9%,36500000,-600622.2580221067,301.0450418200119,705,55:19
72.9%,36505000,-599258.8558475417,302.0928560718347,705,55:18
72.9%,36510000,-599531.9296353608,302.15423533897416,705,55:17
73.0%,36515000,-598552.5399451223,298.58368904997315,705,55:16
73.0%,36520000,-600335.5910648028,302.4343671740923,705,55:14
73.0%,36525000,-599791.513430343,300.10703316359917,705,55:13
73.0%,36530000,-599468.6927885418,300.1757720550958,705,55:12
73.0%,36535000,-598778.4169445019,301.64539091091393,705,55:11
73.0%,36540000,-597689.1703875582,297.92485547751215,705,55:09
73.0%,36545000,-599089.5257576439,302.4154774715754,705,55:08
73.0%,36550000,-599041.666845521,299.8929907552091,705,55:07
73.0%,36555000,-599729.0880041244,301.6253727326622,705,55:06
73.0%,36560000,-600385.8754917844,301.4731757009543,705,55:05
73.1%,36565000,-599274.9048239775,298.33140112700664,705,55:03
73.1%,36570000,-599327.7019401444,299.98599187500355,705,55:02
73.1%,36575000,-598886.3266411219,300.42030784040605,705,55:01
73.1%,36580000,-599756.9939762512,303.19900761272936,705,55:00
73.1%,36585000,-599952.5306287431,298.79790318293146,705,54:58
73.1%,36590000,-600273.725514154,299.8897525204919,705,54:57
73.1%,36595000,-599674.8061031597,300.81659907996277,705,54:56
73.1%,36600000,-600929.2974000867,300.47207053171877,705,54:55
73.1%,36605000,-600570.0430840794,297.8458621760777,705,54:54
73.1%,36610000,-599398.9742945554,301.71462044403444,705,54:52
73.2%,36615000,-599334.8137044488,300.7664555060087,705,54:51
73.2%,36620000,-599795.3651084267,300.1378454575748,705,54:50
73.2%,36625000,-599003.1018395135,301.92893270531755,705,54:49
73.2%,36630000,-598844.6645071395,301.4848775036823,705,54:47
73.2%,36635000,-599836.1727996357,299.12219276419313,705,54:46
73.2%,36640000,-599449.1673988928,300.24490345989165,705,54:45
73.2%,36645000,-600632.8825550298,298.4267327945142,705,54:44
73.2%,36650000,-600062.7269264953,301.24326103603374,705,54:42
73.2%,36655000,-600046.2111207917,300.06714399958287,705,54:41
73.2%,36660000,-598886.830638642,298.88852469085043,705,54:40
73.3%,36665000,-599063.4536817493,298.82427517021165,705,54:39
73.3%,36670000,-598986.3691963134,299.98157610038925,705,54:38
73.3%,36675000,-599910.0280766734,299.6925391197988,705,54:36
73.3%,36680000,-599906.9086258416,302.20469782998373,705,54:35
73.3%,36685000,-599548.2746925186,302.7303467336597,705,54:34
73.3%,36690000,-600303.7406391054,301.18335369376575,705,54:33
73.3%,36695000,-599934.5916350633,299.4266604238526,705,54:31
73.3%,36700000,-600610.938461618,297.4786659848133,705,54:30
73.3%,36705000,-600282.4156466122,300.67328266164594,705,54:29
73.3%,36710000,-599873.0945698549,299.91504509619966,705,54:28
73.4%,36715000,-599272.2494358714,299.1995178841066,705,54:27
73.4%,36720000,-601078.2764905412,299.50364209462936,705,54:25
73.4%,36725000,-598347.0088411383,302.4338029362249,705,54:24
73.4%,36730000,-599292.6020144522,300.9977930316383,705,54:23
73.4%,36735000,-599046.2454930935,299.9583196874203,705,54:22
73.4%,36740000,-600590.5076863542,303.19557312136266,705,54:20
73.4%,36745000,-598924.8100110507,297.934864566638,705,54:19
73.4%,36750000,-600156.045403352,301.83531828349334,705,54:18
73.4%,36755000,-600054.0315716676,303.4834816262183,705,54:17
73.4%,36760000,-599942.5811568908,299.8684096098559,705,54:16
73.5%,36765000,-601387.0926572168,300.98798019916194,705,54:14
73.5%,36770000,-598785.6947926204,301.17918323996327,705,54:13
73.5%,36775000,-600406.7406766759,298.25569512445173,705,54:12
73.5%,36780000,-599085.4863033164,299.9565779096557,705,54:11
73.5%,36785000,-599515.0540508055,300.22881041463046,705,54:09
73.5%,36790000,-600661.3226197856,298.56175736938854,705,54:08
73.5%,36795000,-600723.767356364,300.909183154377,705,54:07
73.5%,36800000,-598057.1093255188,302.7665315534162,705,54:06
73.5%,36805000,-599868.5445898576,299.5518231020882,705,54:05
73.5%,36810000,-600174.7282250384,299.2814059711216,705,54:03
73.6%,36815000,-600407.8893570947,299.67885021849435,705,54:02
73.6%,36820000,-599302.2707927036,300.9684771946152,705,54:01
73.6%,36825000,-599032.849506856,301.6754917745351,705,54:00
73.6%,36830000,-600131.3419562769,302.025540041047,705,53:58
73.6%,36835000,-599931.0371423536,301.37867812420717,705,53:57
73.6%,36840000,-599155.4388910574,298.52336466232487,705,53:56
73.6%,36845000,-600224.2254647012,301.4460677512384,705,53:55
73.6%,36850000,-598997.8887783308,300.5345292104306,705,53:53
73.6%,36855000,-599013.6228152155,300.98277939794946,705,53:52
73.6%,36860000,-600130.1763388743,298.53570429916385,705,53:51
73.7%,36865000,-598755.9858458946,299.85947993230246,705,53:50
73.7%,36870000,-600510.7779221842,304.6785374293485,705,53:49
73.7%,36875000,-599729.3193323095,302.2336211537077,705,53:47
73.7%,36880000,-599907.6764027528,297.6977620019286,705,53:46
73.7%,36885000,-599328.2438700688,302.5801858646906,705,53:45
73.7%,36890000,-599653.3935581702,303.4813718672359,705,53:44
73.7%,36895000,-598036.9531277763,299.97887757145827,705,53:42
73.7%,36900000,-599837.6882978133,301.6169827608949,705,53:41
73.7%,36905000,-599579.2865710352,299.8807492466949,705,53:40
73.7%,36910000,-599572.3020003643,300.80975462931053,705,53:39
73.8%,36915000,-598249.0614049137,300.3309374686279,705,53:38
73.8%,36920000,-600965.9488717718,300.360007984839,705,53:36
73.8%,36925000,-600326.7095536445,298.6646449179029,705,53:35
73.8%,36930000,-599795.7992464462,301.53911793519524,705,53:34
73.8%,36935000,-599842.1781760021,301.39589964520314,705,53:33
73.8%,36940000,-600019.8738721376,299.39555374490254,705,53:31
73.8%,36945000,-600085.2109768628,302.1289182311852,705,53:30
73.8%,36950000,-598019.6593666733,301.74079617466504,705,53:29
73.8%,36955000,-599921.8911046935,296.742801677413,705,53:28
73.8%,36960000,-599790.507643641,301.8885283675963,705,53:27
73.9%,36965000,-598964.0528579676,300.1538403745113,705,53:25
73.9%,36970000,-598721.2671422325,299.66339500734415,705,53:24
73.9%,36975000,-599666.0685350224,303.13787366640184,705,53:23
73.9%,36980000,-598066.2027250729,299.4748659633926,705,53:22
73.9%,36985000,-599239.2094568629,300.99916682818497,705,53:20
73.9%,36990000,-599197.2344781887,299.90952537793174,705,53:19
73.9%,36995000,-599636.944293859,302.62431907875293,705,53:18
73.9%,37000000,-599780.3370510447,302.7671203233648,705,53:17
73.9%,37005000,-599456.8481882876,301.1894376499011,705,53:16
73.9%,37010000,-600340.6681920313,298.7576951018597,705,53:14
74.0%,37015000,-599180.6382402787,299.63560015935485,705,53:13
74.0%,37020000,-598756.4480788414,302.147660741215,705,53:12
74.0%,37025000,-599416.9936550371,300.4321323035401,705,53:11
74.0%,37030000,-599282.0741059184,301.32416783980113,705,53:09
74.0%,37035000,-599732.9544483153,300.74550510867175,705,53:08
74.0%,37040000,-598823.6867807372,300.6112655603955,705,53:07
74.0%,37045000,-599112.7636092352,299.84041850521714,705,53:06
74.0%,37050000,-598612.6637626095,302.57282624033337,705,53:04
74.0%,37055000,-598822.834641526,300.0475183346302,705,53:03
74.0%,37060000,-599273.4810900483,299.44270440495137,705,53:02
74.1%,37065000,-598564.5765464236,300.5776075450017,705,53:01
74.1%,37070000,-600223.2443414438,298.6287790152019,705,53:00
74.1%,37075000,-599190.9467985523,298.3651572707252,705,52:58
74.1%,37080000,-599785.3552451776,299.42759264293784,705,52:57
74.1%,37085000,-598417.954260726,298.6059641796944,705,52:56
74.1%,37090000,-599284.5535680815,301.2099219376954,705,52:55
74.1%,37095000,-599668.9995521847,299.53445438860507,705,52:54
74.1%,37100000,-598519.173809302,297.2076846159793,705,52:52
74.1%,37105000,-599824.1544843242,300.28866869273605,705,52:51
74.1%,37110000,-598755.8937292099,301.73512926391,705,52:50
74.2%,37115000,-599711.2376551046,302.35588904636285,705,52:49
74.2%,37120000,-597436.5691407416,303.0947953318307,705,52:47
74.2%,37125000,-599519.6619988657,301.94870556275737,705,52:46
74.2%,37130000,-598193.6510614427,297.4270504859877,705,52:45
74.2%,37135000,-599241.0076900963,302.5135812642575,705,52:44
74.2%,37140000,-600312.4073831392,303.34838345510036,705,52:42
74.2%,37145000,-600114.9839878147,300.30544863627057,705,52:41
74.2%,37150000,-598353.9254800328,300.1219977331255,705,52:40
74.2%,37155000,-598664.5355706313,301.82089341975313,705,52:39
74.2%,37160000,-600395.4059183286,301.16255048891594,705,52:38
74.3%,37165000,-600024.4717176575,301.4826450842939,705,52:36
74.3%,37170000,-599245.0125910765,299.4407909026185,705,52:35
74.3%,37175000,-599788.5227031605,300.6616789872427,705,52:34
74.3%,37180000,-598868.4874490276,300.1655176451581,705,52:33
74.3%,37185000,-598832.832058853,301.1838198033084,705,52:32
74.3%,37190000,-599873.1823505126,299.15793600648817,705,52:30
74.3%,37195000,-598870.7268958362,300.92709157364635,705,52:29
74.3%,37200000,-598927.1581034143,301.22726611909735,705,52:28
74.3%,37205000,-600165.9923514393,300.02656793729324,705,52:27
74.3%,37210000,-599424.0339491535,301.68169839107634,705,52:25
74.4%,37215000,-600028.7622839599,302.6197315795702,705,52:24
74.4%,37220000,-601172.5530731464,299.54598446676476,705,52:23
74.4%,37225000,-599463.296521238,301.1137807115086,705,52:22
74.4%,37230000,-600546.2180345864,299.9620485637613,705,52:20
74.4%,37235000,-600600.5338246669,302.5293799245444,705,52:19
74.4%,37240000,-598255.3751878953,299.72833142625626,705,52:18
74.4%,37245000,-599480.241386856,299.2971065030838,705,52:17
74.4%,37250000,-599044.5946970372,299.0954773277763,705,52:16
74.4%,37255000,-598947.9734322629,302.1676053232232,705,52:14
74.4%,37260000,-598354.0836268123,303.8104942684921,705,52:13
74.5%,37265000,-599006.7681459989,298.586240386417,705,52:12
74.5%,37270000,-601597.7873919541,301.92005209192644,705,52:11
74.5%,37275000,-599842.9939997094,298.42935772720165,705,52:09
74.5%,37280000,-598186.9957469474,300.45229767427895,705,52:08
74.5%,37285000,-600724.6214830512,302.7101322987584,705,52:07
74.5%,37290000,-599649.6679291436,298.92071078137286,705,52:06
74.5%,37295000,-600103.6028566314,299.6992118458827,705,52:05
74.5%,37300000,-599873.0796037698,301.2915892359797,705,52:03
74.5%,37305000,-601103.1906242827,300.78034066396276,705,52:02
74.5%,37310000,-599778.5140862046,301.5052636631519,705,52:01
74.6%,37315000,-599668.8287854507,299.9458573901754,705,52:00
74.6%,37320000,-599012.9267650745,301.85749528488986,705,51:58
74.6%,37325000,-599589.9965465115,299.3840236667429,705,51:57
74.6%,37330000,-599665.9478997248,299.33216284710545,705,51:56
74.6%,37335000,-600406.1231133519,302.4589973836079,705,51:55
74.6%,37340000,-598382.8038728414,301.9650439288304,705,51:54
74.6%,37345000,-600051.0510698771,301.1074269024801,705,51:52
74.6%,37350000,-599246.5330881122,299.28618972695386,705,51:51
74.6%,37355000,-599304.5616442929,298.85516106043093,705,51:50
74.6%,37360000,-599166.1964651039,301.57380629799906,705,51:49
74.7%,37365000,-599806.2252371679,301.6108006764348,705,51:47
74.7%,37370000,-600611.9038091898,297.7479791721262,705,51:46
74.7%,37375000,-599528.7795376903,298.06738686923086,705,51:45
74.7%,37380000,-600165.2203343087,305.36607353680284,705,51:44
74.7%,37385000,-601313.1447158409,299.68098450955796,705,51:43
74.7%,37390000,-599598.8143690671,300.16007152313375,705,51:41
74.7%,37395000,-600671.7226998643,300.77582676102367,705,51:40
74.7%,37400000,-599175.9729803954,301.65461497344165,705,51:39
74.7%,37405000,-600025.8080655723,298.4290878743085,705,51:38
74.7%,37410000,-600506.4207953089,304.6866820803039,705,51:36
74.8%,37415000,-599240.3730721497,299.27382555803365,705,51:35
74.8%,37420000,-599561.6102817343,299.5384040536768,705,51:34
74.8%,37425000,-599713.3384482083,300.14287453421895,705,51:33
74.8%,37430000,-598924.0313763418,302.0585602223299,705,51:31
74.8%,37435000,-598167.4620364131,299.5124736438581,705,51:30
74.8%,37440000,-598429.7926465711,299.21247082297543,705,51:29
74.8%,37445000,-599112.9527379526,303.15092473359533,705,51:28
74.8%,37450000,-601387.3718186333,300.6469842706094,705,51:27
74.8%,37455000,-598702.4855510942,302.2272428125981,705,51:25
74.8%,37460000,-598438.4373951112,300.0929517489956,705,51:24
74.9%,37465000,-598500.3991839718,301.0367254444881,705,51:23
74.9%,37470000,-600270.9341496355,301.89019654911726,705,51:22
74.9%,37475000,-600850.385199415,300.78205790964614,705,51:20
74.9%,37480000,-598299.3293143664,299.93653519932286,705,51:19
74.9%,37485000,-599320.0637098607,302.3461252780489,705,51:18
74.9%,37490000,-599191.1982581452,297.0599033588857,705,51:17
74.9%,37495000,-599271.429748022,298.3980793236833,705,51:16
74.9%,37500000,-600671.0671346821,300.41466546173217,705,51:14
74.9%,37505000,-599352.465727225,300.8136306981387,705,51:13
74.9%,37510000,-598615.8072667182,301.5238344486133,705,51:12
75.0%,37515000,-597668.0931222797,300.3510292431232,705,51:11
75.0%,37520000,-599165.7841189611,299.0307371655137,705,51:09
75.0%,37525000,-598258.1295987624,300.7084126019112,705,51:08
75.0%,37530000,-599501.8572401288,301.32792124822333,705,51:07
75.0%,37535000,-599442.9454388604,300.41883591553466,705,51:06
75.0%,37540000,-599868.1561704767,301.61668837592066,705,51:05
75.0%,37545000,-599297.9343863316,298.5431620518459,705,51:03
75.0%,37550000,-601173.5868630363,301.70505293237,705,51:02
75.0%,37555000,-600079.7487563426,299.7565187875445,705,51:01
75.0%,37560000,-601304.9528169692,300.9568980522932,705,51:00
75.1%,37565000,-599536.1727539268,301.5559960070545,705,50:58
75.1%,37570000,-600653.4052054305,299.96379034152585,705,50:57
75.1%,37575000,-599606.3680136357,299.1586719689239,705,50:56
75.1%,37580000,-599786.2443862073,299.78213028030774,705,50:55
75.1%,37585000,-599503.9294644231,300.9886425653541,705,50:53
75.1%,37590000,-599081.0028323112,300.82400776848243,705,50:52
75.1%,37595000,-599010.6764456383,301.6422017403591,705,50:51
75.1%,37600000,-597874.2880680757,298.98292413927277,705,50:50
75.1%,37605000,-599163.5457449607,302.3674436566037,705,50:49
75.1%,37610000,-598397.9968899409,298.88396172374894,705,50:47
75.2%,37615000,-599227.8078427585,299.4201839544182,705,50:46
75.2%,37620000,-600006.7295450168,301.64764786238345,705,50:45
75.2%,37625000,-599458.1425133827,300.7300989616839,705,50:44
75.2%,37630000,-600159.9674730832,298.84780143607367,705,50:43
75.2%,37635000,-599679.4750962104,299.66437629059175,705,50:41
75.2%,37640000,-598525.3390216883,298.88901533247423,705,50:40
75.2%,37645000,-599588.7738134251,299.843607675772,705,50:39
75.2%,37650000,-598877.4188458677,298.3841451015669,705,50:38
75.2%,37655000,-599398.9417677126,298.0594875390874,705,50:36
75.2%,37660000,-600551.8983035614,301.3070444471299,705,50:35
75.3%,37665000,-600930.4135362119,297.7675557729165,705,50:34
75.3%,37670000,-597279.5703245034,298.3535781284031,705,50:33
75.3%,37675000,-600418.8585656569,298.8168419496108,705,50:32
75.3%,37680000,-599784.3975311266,300.5017052857973,705,50:30
75.3%,37685000,-599733.2628144897,300.54287011803547,705,50:29
75.3%,37690000,-600149.7147476417,300.1109582965897,705,50:28
75.3%,37695000,-600203.6352090784,300.7323313810723,705,50:27
75.3%,37700000,-599758.1447432516,302.017051940955,705,50:25
75.3%,37705000,-599970.1175221573,299.5242490428297,705,50:24
75.3%,37710000,-599315.2156778956,299.39741818307306,705,50:23
75.4%,37715000,-599805.673444347,301.2404889108592,705,50:22
75.4%,37720000,-598806.0897498061,299.0537237255895,705,50:20
75.4%,37725000,-598865.629591181,301.70309036587474,705,50:19
75.4%,37730000,-600361.0112882783,299.64018765853757,705,50:18
75.4%,37735000,-598020.6944551179,298.75251883272847,705,50:17
75.4%,37740000,-600425.3719182084,303.0174211477548,705,50:16
75.4%,37745000,-599167.3499183604,300.3463190835345,705,50:14
75.4%,37750000,-599380.4799557133,298.9841998074947,705,50:13
75.4%,37755000,-599920.1667949823,299.6505401968001,705,50:12
75.4%,37760000,-599927.6114555723,297.07665877033907,705,50:11
75.5%,37765000,-599174.921251989,300.9891822711403,705,50:09
75.5%,37770000,-599181.0587997572,300.9887406936789,705,50:08
75.5%,37775000,-599574.3567542727,301.300494381452,705,50:07
75.5%,37780000,-599655.9120251979,299.7062280211033,705,50:06
75.5%,37785000,-598504.8398013683,303.73454294512527,705,50:05
75.5%,37790000,-599578.3835284738,300.92561964877484,705,50:03
75.5%,37795000,-599878.6731548775,300.2874911528389,705,50:02
75.5%,37800000,-599445.680376417,299.2807681370107,705,50:01
75.5%,37805000,-600177.7749949968,298.4997648002193,705,50:00
75.5%,37810000,-599554.7066701609,298.00850987437286,705,49:58
75.6%,37815000,-600049.9633866223,299.7827926464999,705,49:57
75.6%,37820000,-600201.3706623176,301.24951671673745,705,49:56
75.6%,37825000,-599385.6977010984,298.7714085352454,705,49:55
75.6%,37830000,-599592.6724769184,298.9410724087612,705,49:53
75.6%,37835000,-600920.4213505373,298.69469671736164,705,49:52
75.6%,37840000,-598522.8639222244,299.78497600172585,705,49:51
75.6%,37845000,-598929.5752188768,297.5325384351083,705,49:50
75.6%,37850000,-599972.1854684497,303.2307275937091,705,49:49
75.6%,37855000,-598847.2909903307,298.54222983276065,705,49:47
75.6%,37860000,-599477.8844840801,300.4463363785496,705,49:46
75.7%,37865000,-599790.2650270588,301.60925515531983,705,49:45
75.7%,37870000,-599529.9447946609,298.62009465846035,705,49:44
75.7%,37875000,-598242.2838680861,300.35721132758323,705,49:43
75.7%,37880000,-599117.3535843887,300.6677874754592,705,49:41
75.7%,37885000,-599140.2763189916,297.4622049583342,705,49:40
75.7%,37890000,-600425.7557234429,299.8692927647788,705,49:39
75.7%,37895000,-598671.1646572999,300.5196137050666,705,49:38
75.7%,37900000,-599228.4144044798,302.0580695807061,705,49:36
75.7%,37905000,-598993.1494502807,299.7446207281669,705,49:35
75.7%,37910000,-598996.8119532447,303.49353977950653,705,49:34
75.8%,37915000,-599669.3637348269,299.3882922488701,705,49:33
75.8%,37920000,-599833.3397528254,300.0416796993067,705,49:31
75.8%,37925000,-598295.7227620068,301.38191635892434,705,49:30
75.8%,37930000,-597697.6368028196,298.2574123701351,705,49:29
75.8%,37935000,-598752.2065330646,300.5783680395186,705,49:28
75.8%,37940000,-599485.2179294615,298.7065947767392,705,49:27
75.8%,37945000,-600045.9857420321,299.86617719046757,705,49:25
75.8%,37950000,-600077.0603040303,296.48636783272525,705,49:24
75.8%,37955000,-600355.7067476152,301.2905343564885,705,49:23
75.8%,37960000,-599705.5377488574,301.98018022292524,705,49:22
75.9%,37965000,-599435.8997712177,299.6778444031655,705,49:20
75.9%,37970000,-600603.7634283709,299.21038559607416,705,49:19
75.9%,37975000,-599727.308839065,299.02163576339194,705,49:18
75.9%,37980000,-599188.0381222684,301.4101282522938,705,49:17
75.9%,37985000,-598428.1170711052,299.240437395533,705,49:16
75.9%,37990000,-599294.6625424083,300.91494819345684,705,49:14
75.9%,37995000,-600013.1948756175,299.22142503261006,705,49:13
75.9%,38000000,-598977.5184428282,301.0853480294084,705,49:12
75.9%,38005000,-599013.1866210382,299.5544235026944,705,49:11
75.9%,38010000,-599355.352254285,300.90587132341625,705,49:09
76.0%,38015000,-599155.6958003244,300.92368161436076,705,49:08
76.0%,38020000,-599877.5050144126,300.5541548753833,705,49:07
76.0%,38025000,-599599.6869521956,301.0117027216735,705,49:06
76.0%,38030000,-598608.8824764099,298.7151319409936,705,49:05
76.0%,38035000,-599455.049785045,301.2412494053761,705,49:03
76.0%,38040000,-598621.411602323,299.22336306702414,705,49:02
76.0%,38045000,-598824.1083533061,300.6030718452778,705,49:01
76.0%,38050000,-599801.0880473047,299.37376925680513,705,49:00
76.0%,38055000,-599242.0634837886,299.93599549353667,705,48:58
76.0%,38060000,-600339.7283296133,299.1564150174543,705,48:57
76.1%,38065000,-600059.5278024506,301.40787130082424,705,48:56
76.1%,38070000,-599125.0138493478,299.7586530786081,705,48:55
76.1%,38075000,-599670.4659504741,299.2654846504288,705,48:54
76.1%,38080000,-599482.8260584781,302.1718003091068,705,48:52
76.1%,38085000,-599116.1688895938,299.5494434902127,705,48:51
76.1%,38090000,-599921.0474833492,300.80948477641743,705,48:50
76.1%,38095000,-600335.3794576,302.66950717230645,705,48:49
76.1%,38100000,-599542.6398769636,301.78792230263264,705,48:47
76.1%,38105000,-601410.9407689325,299.86131983839175,705,48:46
76.1%,38110000,-599342.2294271928,300.4280845101436,705,48:45
76.2%,38115000,-597529.138403791,301.0879238979334,705,48:44
76.2%,38120000,-600319.272263567,299.2383767007129,705,48:42
76.2%,38125000,-599810.2162756459,301.45232343194203,705,48:41
76.2%,38130000,-600342.5449636299,298.9483339047937,705,48:40
76.2%,38135000,-598875.623480353,302.78529859552714,705,48:39
76.2%,38140000,-599759.0652917591,302.8285241225854,705,48:38
76.2%,38145000,-599927.5436300715,301.08083412646926,705,48:36
76.2%,38150000,-599100.2660025726,298.30402332439763,705,48:35
76.2%,38155000,-599137.5873617795,301.47803305303006,705,48:34
76.2%,38160000,-598223.1747331345,298.41270044407304,705,48:33
76.3%,38165000,-598804.9516121121,300.78355436659876,705,48:31
76.3%,38170000,-599794.0990027208,303.2915426229812,705,48:30
76.3%,38175000,-598774.5051796492,302.46775533659303,705,48:29
76.3%,38180000,-598899.5393727571,297.35001975104853,705,48:28
76.3%,38185000,-599589.525154897,299.8107101548951,705,48:27
76.3%,38190000,-601137.5239425753,301.0895675473732,705,48:25
76.3%,38195000,-600616.5611801255,298.8049929543957,705,48:24
76.3%,38200000,-598204.3447482125,299.33814867491606,705,48:23
76.3%,38205000,-599969.4815235143,299.99413652595894,705,48:22
76.3%,38210000,-599527.0047660717,299.4249431781692,705,48:20
76.4%,38215000,-599022.3492298424,299.11735994419854,705,48:19
76.4%,38220000,-598653.9788124091,302.02239993465463,705,48:18
76.4%,38225000,-599223.1608151738,301.3015492609432,705,48:17
76.4%,38230000,-600536.6916513317,301.3960713697715,705,48:16
76.4%,38235000,-600061.1902405843,299.94463078611585,705,48:14
76.4%,38240000,-599088.7633138178,300.2263326744302,705,48:13
76.4%,38245000,-599169.0022532954,299.37762079355207,705,48:12
76.4%,38250000,-599091.4594436553,301.0068699016789,705,48:11
76.4%,38255000,-599121.9870347665,299.7845098921832,705,48:09
76.4%,38260000,-597432.0572946444,298.1133599893825,705,48:08
76.5%,38265000,-600558.4317378416,303.0943046902069,705,48:07
76.5%,38270000,-599630.1946380613,301.0881692187453,705,48:06
76.5%,38275000,-598962.3046995155,302.06864290769937,705,48:05
76.5%,38280000,-599739.062889839,300.6605750435891,705,48:03
76.5%,38285000,-598872.8829960618,300.86725782762187,705,48:02
76.5%,38290000,-598317.5309649189,299.6253212173359,705,48:01
76.5%,38295000,-601199.9918730222,300.28930652684704,705,48:00
76.5%,38300000,-599448.9778197138,299.8802095409087,705,47:58
76.5%,38305000,-600336.4278962482,304.17744513894456,705,47:57
76.5%,38310000,-600002.5320874895,301.1817836405695,705,47:56
76.6%,38315000,-600077.4779393277,300.074233771047,705,47:55
76.6%,38320000,-598651.3430963107,302.15840579277665,705,47:54
76.6%,38325000,-599400.7322024046,300.8257986104094,705,47:52
76.6%,38330000,-598546.3049847712,299.021905616285,705,47:51
76.6%,38335000,-599740.9327053265,298.83644308248233,705,47:50
76.6%,38340000,-598906.1741224015,301.4178803899501,705,47:49
76.6%,38345000,-599659.9841534649,300.6328783239247,705,47:47
76.6%,38350000,-599917.4404796637,302.1018838777129,705,47:46
76.6%,38355000,-600810.9053065619,299.3636129751921,705,47:45
76.6%,38360000,-598994.0898269494,302.5178743784659,705,47:44
76.7%,38365000,-599985.129913643,300.015871949894,705,47:42
76.7%,38370000,-598037.8992791586,302.1947623371014,705,47:41
76.7%,38375000,-598250.1728515443,299.5690691551653,705,47:40
76.7%,38380000,-599677.0294676432,300.29639629831115,705,47:39
76.7%,38385000,-598887.0362556106,299.48534116206105,705,47:38
76.7%,38390000,-599892.4504348598,301.45548807041564,705,47:36
76.7%,38395000,-601317.5902546346,300.19934738512023,705,47:35
76.7%,38400000,-599282.585000792,300.20283094064933,705,47:34
76.7%,38405000,-599937.4635431883,300.81338537732677,705,47:33
76.7%,38410000,-599924.3810065417,298.994650474082,705,47:31
76.8%,38415000,-599895.5430309181,296.953237869868,705,47:30
76.8%,38420000,-597492.8173871501,299.9009146174337,705,47:29
76.8%,38425000,-599864.3108322574,300.03309347089,705,47:28
76.8%,38430000,-599419.6346433074,300.8561447948424,705,47:27
76.8%,38435000,-599524.040050446,298.3132473869254,705,47:25
76.8%,38440000,-598900.0006698235,300.1578636358265,705,47:24
76.8%,38445000,-599897.8731186963,300.6655305239896,705,47:23
76.8%,38450000,-599659.6474547004,297.45629272676723,705,47:22
76.8%,38455000,-599327.6002634275,301.9748322292256,705,47:20
76.8%,38460000,-599567.443572951,300.642175982696,705,47:19
76.9%,38465000,-601389.8815342924,299.41542473066716,705,47:18
76.9%,38470000,-599667.9097024454,299.96509054182894,705,47:17
76.9%,38475000,-600764.3301957655,301.88273879643526,705,47:15
76.9%,38480000,-599506.9970603832,297.6380263842289,705,47:14
76.9%,38485000,-599388.8618954928,300.7475658034918,705,47:13
76.9%,38490000,-599370.8683106625,301.5629631181127,705,47:12
76.9%,38495000,-599698.5439364733,300.7607640631725,705,47:11
76.9%,38500000,-599138.3325851057,300.879106822837,705,47:09
76.9%,38505000,-599640.5641543381,300.2314844114802,705,47:08
76.9%,38510000,-600260.6853505471,303.7553952141375,705,47:07
77.0%,38515000,-598813.6588534461,302.2797905305089,705,47:06
77.0%,38520000,-599781.0291586337,301.3709014544697,705,47:04
77.0%,38525000,-600441.2939823945,299.3863296823748,705,47:03
77.0%,38530000,-598025.3597174408,301.2985808791191,705,47:02
77.0%,38535000,-599800.970412429,299.9205648144676,705,47:01
77.0%,38540000,-598931.4145809468,300.0156756932444,705,47:00
77.0%,38545000,-598711.2458662582,300.32826347177803,705,46:58
77.0%,38550000,-600825.875006788,300.2919559916156,705,46:57
77.0%,38555000,-599736.843581853,303.6177947707381,705,46:56
77.0%,38560000,-599442.3689227565,300.0366751547438,705,46:55
77.1%,38565000,-600094.2415519888,299.41140146935186,705,46:53
77.1%,38570000,-598704.0437659551,300.02850597170726,705,46:52
77.1%,38575000,-599746.5364483679,299.5917613302669,705,46:51
77.1%,38580000,-600065.6193631934,299.6058918090328,705,46:50
77.1%,38585000,-599973.9861804955,300.7261738286934,705,46:49
77.1%,38590000,-600057.5704719084,301.6405335588381,705,46:47
77.1%,38595000,-598526.0624774708,301.6297639751954,705,46:46
77.1%,38600000,-599463.7714891182,300.6710502422576,705,46:45
77.1%,38605000,-600665.7214555312,296.95333599819276,705,46:44
77.1%,38610000,-600780.2873782231,299.40369839585793,705,46:42
77.2%,38615000,-598196.8198571824,301.13649741869125,705,46:41
77.2%,38620000,-598445.8604233866,300.1498171131959,705,46:40
77.2%,38625000,-598148.2362557761,299.95253011625925,705,46:39
77.2%,38630000,-599642.1432259949,299.9947988921511,705,46:37
77.2%,38635000,-599689.7160154064,300.7938333086177,705,46:36
77.2%,38640000,-599674.7475024937,298.98675114393853,705,46:35
77.2%,38645000,-600027.6243114593,300.3881708140461,705,46:34
77.2%,38650000,-598476.631120625,303.00603826208226,705,46:33
77.2%,38655000,-598674.6234701024,299.58396012844815,705,46:31
77.2%,38660000,-597612.2596233883,299.4601221825969,705,46:30
77.3%,38665000,-600163.297095404,300.8265836370075,705,46:29
77.3%,38670000,-599149.4425098742,301.31003736103526,705,46:28
77.3%,38675000,-600409.539728703,304.3721807994374,705,46:26
77.3%,38680000,-599724.3811407788,299.7801677138125,705,46:25
77.3%,38685000,-598860.2345444043,301.09643653010664,705,46:24
77.3%,38690000,-598032.6239836444,299.5995134679232,705,46:23
77.3%,38695000,-599009.0194799784,304.2220199304683,705,46:22
77.3%,38700000,-598997.2841918971,301.219636641847,705,46:20
77.3%,38705000,-598778.1864848016,299.5464260442262,705,46:19
77.3%,38710000,-599818.9523982173,300.08851144230005,705,46:18
77.4%,38715000,-598924.0810005823,302.72651972899394,705,46:17
77.4%,38720000,-599778.3849065285,301.71557719520086,705,46:15
77.4%,38725000,-599790.0352111617,301.1010730934517,705,46:14
77.4%,38730000,-600147.2710794574,299.9667587233499,705,46:13
77.4%,38735000,-598501.8593640444,299.7252403840262,705,46:12
77.4%,38740000,-598116.3434636849,300.7399608583226,705,46:11
77.4%,38745000,-598421.0952579966,300.0619922625328,705,46:09
77.4%,38750000,-599126.9555816534,300.6054759892345,705,46:08
77.4%,38755000,-598443.42633028,300.16713676251663,705,46:07
77.4%,38760000,-599709.3338064495,301.2159322975872,705,46:06
77.5%,38765000,-600359.3113743076,297.64994897568766,705,46:04
77.5%,38770000,-598154.3788524442,298.4293331951204,705,46:03
77.5%,38775000,-599284.1958886115,300.3950888609419,705,46:02
77.5%,38780000,-597849.4102141601,298.1808722768197,705,46:01
77.5%,38785000,-599041.5162688605,301.1524923356277,705,45:59
77.5%,38790000,-599415.0157970092,301.0866972938739,705,45:58
77.5%,38795000,-599485.628620592,301.05343179177913,705,45:57
77.5%,38800000,-598304.1208089795,301.3317727849703,705,45:56
77.5%,38805000,-599761.7081644759,299.69513952040506,705,45:55
77.5%,38810000,-599337.8135991199,300.3214680852882,705,45:53
77.6%,38815000,-600236.0821163831,301.6057961318719,705,45:52
77.6%,38820000,-599443.0517324368,298.1883790936641,705,45:51
77.6%,38825000,-599272.5472270572,299.60120618152536,705,45:50
77.6%,38830000,-598563.8417878388,302.09756623142334,705,45:48
77.6%,38835000,-600112.8219091659,300.91848081314834,705,45:47
77.6%,38840000,-599072.4462532038,300.4588232078757,705,45:46
77.6%,38845000,-599496.3504544706,303.87349265299014,705,45:45
77.6%,38850000,-600188.3544095829,299.8350214473552,705,45:44
77.6%,38855000,-600311.9970373986,297.7994474784646,705,45:42
77.6%,38860000,-598435.6018650867,301.32833829360357,705,45:41
77.7%,38865000,-598896.6789208865,299.0794088145963,705,45:40
77.7%,38870000,-599821.789324624,299.6175936117608,705,45:39
77.7%,38875000,-600203.9501015209,302.24978779521246,705,45:37
77.7%,38880000,-600210.9974018941,303.80762401499277,705,45:36
77.7%,38885000,-598376.8042237908,297.70431206760657,705,45:35
77.7%,38890000,-599085.1000027391,302.1516840025303,705,45:34
77.7%,38895000,-600125.0755248489,298.01263126401295,705,45:33
77.7%,38900000,-600580.312743857,300.39028057302846,705,45:31
77.7%,38905000,-598997.5300852703,301.62007380312497,705,45:30
77.7%,38910000,-600226.2059394894,298.5309941395752,705,45:29
77.8%,38915000,-599746.3026968963,298.76731167768656,705,45:28
77.8%,38920000,-598580.5132158129,298.4379684876996,705,45:26
77.8%,38925000,-599548.7763613667,296.9156301894024,705,45:25
77.8%,38930000,-599755.9023175361,301.50121586975536,705,45:24
77.8%,38935000,-599279.3778436612,297.4468724075899,705,45:23
77.8%,38940000,-598004.1940289224,302.68108631462854,705,45:22
77.8%,38945000,-599347.9788491684,301.1064456192325,705,45:20
77.8%,38950000,-599716.3973151268,300.20116275912835,705,45:19
77.8%,38955000,-599498.0301564801,300.3179109335155,705,45:18
77.8%,38960000,-599419.5917578964,301.21740422245864,705,45:17
77.9%,38965000,-598981.0166067826,299.1237628173893,705,45:15
77.9%,38970000,-599719.7968069543,299.19390003751397,705,45:14
77.9%,38975000,-600095.4678353127,299.3653302208755,705,45:13
77.9%,38980000,-600479.7191694137,297.8909276092252,705,45:12
77.9%,38985000,-599345.8061020193,300.3613817813857,705,45:10
77.9%,38990000,-599912.6420563147,299.49086088032897,705,45:09
77.9%,38995000,-599890.3729856675,298.21546251129877,705,45:08
77.9%,39000000,-600042.6337758661,296.84090547009515,705,45:07
77.9%,39005000,-599159.7586498791,299.3066004185046,705,45:06
77.9%,39010000,-599342.8448325284,302.6130343214051,705,45:04
78.0%,39015000,-599498.0299547631,300.86065869778156,705,45:03
78.0%,39020000,-600097.1613320871,298.2758850272718,705,45:02
78.0%,39025000,-598607.8783192849,298.4580111980325,705,45:01
78.0%,39030000,-599345.8439651714,301.5152727522777,705,44:59
78.0%,39035000,-599632.7541491231,299.37681123487283,705,44:58
78.0%,39040000,-600511.6706622345,299.33679941045057,705,44:57
78.0%,39045000,-598254.6894176085,298.53472301591626,705,44:56
78.0%,39050000,-600202.8154508797,298.2738979286953,705,44:55
78.0%,39055000,-598657.3720939127,300.65983908115334,705,44:53
78.0%,39060000,-599767.6391768642,301.0552962299496,705,44:52
78.1%,39065000,-599718.0611265106,299.48767170977413,705,44:51
78.1%,39070000,-598773.9333948735,301.63209452290846,705,44:50
78.1%,39075000,-600596.6794085191,300.8377457339493,705,44:48
78.1%,39080000,-600091.2385166953,301.2846221249215,705,44:47
78.1%,39085000,-599889.8771973895,298.35372532089025,705,44:46
78.1%,39090000,-599605.2178784916,300.9709058706531,705,44:45
78.1%,39095000,-598786.3059784328,300.0799497459645,705,44:44
78.1%,39100000,-598842.4017031644,300.22056763535033,705,44:42
78.1%,39105000,-600560.4084382788,302.65552388602765,705,44:41
78.1%,39110000,-598981.1340334849,300.12292995221077,705,44:40
78.2%,39115000,-599677.4979686667,300.25761107794847,705,44:39
78.2%,39120000,-601523.2608708558,299.97213124913077,705,44:37
78.2%,39125000,-599588.9964088108,303.2205467800149,705,44:36
78.2%,39130000,-599183.7967264801,298.84942055343225,705,44:35
78.2%,39135000,-598954.2254752135,300.869588375335,705,44:34
78.2%,39140000,-599775.9577773972,301.9875643793636,705,44:32
78.2%,39145000,-599213.0996509413,299.9019940290061,705,44:31
78.2%,39150000,-598865.5211910326,301.336237623747,705,44:30
78.2%,39155000,-599781.3824277818,302.604914202531,705,44:29
78.2%,39160000,-599734.5324740526,298.23148196031633,705,44:28
78.3%,39165000,-599676.0890520937,299.62797068210455,705,44:26
78.3%,39170000,-599206.3632099908,297.33853873705124,705,44:25
78.3%,39175000,-598441.0781300357,300.89284478830393,705,44:24
78.3%,39180000,-598652.4228476398,302.0850303379348,705,44:23
78.3%,39185000,-599074.9121135422,300.1117433231878,705,44:21
78.3%,39190000,-599056.056793896,301.98646043571006,705,44:20
78.3%,39195000,-600829.1080179107,298.4035254457077,705,44:19
78.3%,39200000,-599379.6173817511,299.5812125353548,705,44:18
78.3%,39205000,-599396.0194931156,300.11856324175886,705,44:17
78.3%,39210000,-598967.4668792142,302.82094370949744,705,44:15
78.4%,39215000,-598471.4745453531,301.3935445654088,705,44:14
78.4%,39220000,-598403.6741382591,300.53896951712613,705,44:13
78.4%,39225000,-599641.9291070853,303.6845956278207,705,44:12
78.4%,39230000,-599503.8493561749,297.879716448121,705,44:10
78.4%,39235000,-599659.1192434607,300.33650625105815,705,44:09
78.4%,39240000,-599702.9998770794,299.9391355999291,705,44:08
78.4%,39245000,-599446.9066138063,298.47778405547234,705,44:07
78.4%,39250000,-599878.2788641681,300.5575403025876,705,44:06
78.4%,39255000,-599512.8177559455,302.51031849745914,705,44:04
78.4%,39260000,-600467.7647221098,299.9134505109223,705,44:03
78.5%,39265000,-599666.303062147,298.75703273566756,705,44:02
78.5%,39270000,-599027.2198034399,301.19917688613384,705,44:01
78.5%,39275000,-599069.8078566138,302.0265703884571,705,43:59
78.5%,39280000,-598883.7287011528,300.0846599055531,705,43:58
78.5%,39285000,-599127.5298289601,298.88096880984364,705,43:57
78.5%,39290000,-598026.0392195163,302.1615949633314,705,43:56
78.5%,39295000,-600535.1360249128,299.4246733252761,705,43:55
78.5%,39300000,-598667.0658531375,298.9820900485123,705,43:53
78.5%,39305000,-599883.3783681984,300.88501905440404,705,43:52
78.5%,39310000,-600122.1363352765,300.2989231026738,705,43:51
78.6%,39315000,-599733.6719781309,300.51951557674175,705,43:50
78.6%,39320000,-599165.5208420479,299.7437130411629,705,43:48
78.6%,39325000,-599331.3602389763,300.46240489172953,705,43:47
78.6%,39330000,-598952.3458334222,299.36513396422595,705,43:46
78.6%,39335000,-600325.4420158332,302.0371927796127,705,43:45
78.6%,39340000,-599163.4278792888,298.12741687190487,705,43:43
78.6%,39345000,-599540.0149643705,300.6283644209855,705,43:42
78.6%,39350000,-600815.1650994979,299.5573182882749,705,43:41
78.6%,39355000,-599056.8905961383,299.7635349627651,705,43:40
78.6%,39360000,-600200.5600589374,303.68726962467053,705,43:39
78.7%,39365000,-599855.2665838227,298.84083432501546,705,43:37
78.7%,39370000,-599797.7581698969,300.3147217629607,705,43:36
78.7%,39375000,-599594.6144967335,302.04501851351256,705,43:35
78.7%,39380000,-600858.1009653299,301.0789696882988,705,43:34
78.7%,39385000,-600022.1319555654,299.63312241915463,705,43:32
78.7%,39390000,-598629.5694781076,297.2947244400444,705,43:31
78.7%,39395000,-600902.8983314899,302.9685532420227,705,43:30
78.7%,39400000,-598603.8141265912,297.754504705723,705,43:29
78.7%,39405000,-598862.8504402782,298.51526907553193,705,43:28
78.7%,39410000,-599973.1210171795,300.1566860959294,705,43:26
78.8%,39415000,-599685.0473161885,299.2903601807563,705,43:25
78.8%,39420000,-598907.6492202287,297.9723005225352,705,43:24
78.8%,39425000,-599278.4786434867,301.45987931294883,705,43:23
78.8%,39430000,-600163.6241318285,300.6545401516161,705,43:21
78.8%,39435000,-599799.1290077879,298.4048011139296,705,43:20
78.8%,39440000,-599393.003506171,299.71039847490573,705,43:19
78.8%,39445000,-599651.4262082302,300.0571839746193,705,43:18
78.8%,39450000,-599319.5899508633,297.68203693788524,705,43:16
78.8%,39455000,-599100.1394404531,299.3471274166319,705,43:15
78.8%,39460000,-598773.916868757,300.8421615085636,705,43:14
78.9%,39465000,-599282.4047651007,299.0735456471917,705,43:13
78.9%,39470000,-600027.9839925058,301.3151645660041,705,43:12
78.9%,39475000,-600174.3600124563,300.54448923539405,705,43:10
78.9%,39480000,-598174.0111030652,300.04948090112543,705,43:09
78.9%,39485000,-599512.8470630804,298.6856934435647,705,43:08
78.9%,39490000,-599390.314191117,297.0638775560386,705,43:07
78.9%,39495000,-599887.1319092363,301.63327206280564,705,43:05
78.9%,39500000,-598652.9791678255,300.87998997775986,705,43:04
78.9%,39505000,-599704.2819661689,301.36835011802583,705,43:03
78.9%,39510000,-600396.8517669542,300.77249039798164,705,43:02
79.0%,39515000,-599573.9395494852,301.1821270897062,705,43:01
79.0%,39520000,-599061.6402190621,299.2511579150133,705,42:59
79.0%,39525000,-598741.142421274,301.71621502931185,705,42:58
79.0%,39530000,-599238.8644050062,300.7729810396055,705,42:57
79.0%,39535000,-599447.9429010781,301.34600139206094,705,42:56
79.0%,39540000,-599327.210251153,300.54237947641167,705,42:54
79.0%,39545000,-598667.3762631775,302.30093718449535,705,42:53
79.0%,39550000,-601341.749770009,299.76071377342817,705,42:52
79.0%,39555000,-599456.6660606507,301.4070126779826,705,42:51
79.0%,39560000,-599148.866244311,299.21627329556,705,42:50
79.1%,39565000,-599175.850909295,301.65581704542,705,42:48
79.1%,39570000,-599366.2073948728,300.4836496740408,705,42:47
79.1%,39575000,-599675.1281679911,300.5191966596864,705,42:46
79.1%,39580000,-599348.311436038,300.7642476187016,705,42:45
79.1%,39585000,-601217.852256801,301.99889820087384,705,42:43
79.1%,39590000,-599492.9039768698,300.0761227412987,705,42:42
79.1%,39595000,-599580.2593659782,301.22240876702153,705,42:41
79.1%,39600000,-599362.9696830702,300.32725765644926,705,42:40
79.1%,39605000,-598633.5667703827,300.3837795715129,705,42:39
79.1%,39610000,-601150.3374898699,303.7634417367681,705,42:37
79.2%,39615000,-599264.4676896976,300.4810247413534,705,42:36
79.2%,39620000,-598562.8972767703,302.5749114672346,705,42:35
79.2%,39625000,-600225.9457554794,298.31736877656544,705,42:34
79.2%,39630000,-599614.0499137482,300.1463826218292,705,42:32
79.2%,39635000,-597891.2788402042,300.8342621784202,705,42:31
79.2%,39640000,-599348.1472193804,301.3919990442938,705,42:30
79.2%,39645000,-599837.0629200041,300.338665074203,705,42:29
79.2%,39650000,-599769.5354577787,300.90707339539455,705,42:27
79.2%,39655000,-598338.6829916658,300.99558514433113,705,42:26
79.2%,39660000,-599750.9039958203,302.13402090407294,705,42:25
79.3%,39665000,-599662.3337714449,299.46468514969837,705,42:24
79.3%,39670000,-599375.9285570555,301.363615426356,705,42:23
79.3%,39675000,-600620.5639188974,301.6986745912604,705,42:21
79.3%,39680000,-599274.4739199518,300.7343675438111,705,42:20
79.3%,39685000,-597771.0301763825,300.6921723641629,705,42:19
79.3%,39690000,-598556.9826203743,300.756201096071,705,42:18
79.3%,39695000,-598922.0635142894,300.03157248185613,705,42:16
79.3%,39700000,-600355.8284365973,303.673703383772,705,42:15
79.3%,39705000,-599498.8283658535,299.37077634289983,705,42:14
79.3%,39710000,-599638.731713119,297.24926649359776,705,42:13
79.4%,39715000,-599315.5966544906,301.8230522428979,705,42:12
79.4%,39720000,-600832.730153901,303.13591109990654,705,42:10
79.4%,39725000,-598118.5475697685,302.1488628131934,705,42:09
79.4%,39730000,-599110.4858743977,298.88980035907235,705,42:08
79.4%,39735000,-599144.1374491206,297.9285352896908,705,42:07
79.4%,39740000,-599490.5969754742,301.1575214122718,705,42:05
79.4%,39745000,-599447.6637785314,299.52287524628304,705,42:04
79.4%,39750000,-599689.5171332937,300.32240030437345,705,42:03
79.4%,39755000,-599970.1968166954,301.840028443082,705,42:02
79.4%,39760000,-598659.974544107,300.25258200130435,705,42:01
79.5%,39765000,-599806.850813102,300.24318621420827,705,41:59
79.5%,39770000,-600435.39006249,300.71667991327257,705,41:58
79.5%,39775000,-600134.2553490745,301.78824121968813,705,41:57
79.5%,39780000,-599065.5971645266,300.3675638658458,705,41:56
79.5%,39785000,-598710.8169915732,300.625592295811,705,41:54
79.5%,39790000,-600073.6371327816,300.63783380432517,705,41:53
79.5%,39795000,-598791.228786916,301.41537811766864,705,41:52
79.5%,39800000,-598061.8375589759,299.6159254302398,705,41:51
79.5%,39805000,-600323.1112910081,301.95918076142584,705,41:50
79.5%,39810000,-600631.8326747692,300.00385123011046,705,41:48
79.6%,39815000,-598804.0005107373,297.82005442666485,705,41:47
79.6%,39820000,-599819.4569022362,301.93992307769105,705,41:46
79.6%,39825000,-599884.6911260434,300.1307311540295,705,41:45
79.6%,39830000,-599585.1098852996,299.7807074195987,705,41:43
79.6%,39835000,-598338.736533693,301.7348594110168,705,41:42
79.6%,39840000,-599393.3303739363,299.94769729626466,705,41:41
79.6%,39845000,-599135.0800845409,300.01783451638926,705,41:40
79.6%,39850000,-599480.3313893243,298.31440039474137,705,41:38
79.6%,39855000,-599299.4749697191,300.2926674219702,705,41:37
79.6%,39860000,-599374.7021442419,300.7801689393944,705,41:36
79.7%,39865000,-599261.4924592199,298.22402420763433,705,41:35
79.7%,39870000,-599455.861190266,302.83230206308883,705,41:34
79.7%,39875000,-599245.0565369646,300.4648826319298,705,41:32
79.7%,39880000,-598876.3784883223,297.8791767423348,705,41:31
79.7%,39885000,-599597.0132025043,301.6217910488083,705,41:30
79.7%,39890000,-600235.0324675837,301.13154193829075,705,41:29
79.7%,39895000,-600278.0918374462,300.91359892899135,705,41:27
79.7%,39900000,-597849.2012595679,301.9037382579346,705,41:26
79.7%,39905000,-598915.9376016823,299.6824319023482,705,41:25
79.7%,39910000,-599158.6010918957,302.13004670692,705,41:24
79.8%,39915000,-599661.6043597665,301.95449513391844,705,41:23
79.8%,39920000,-600031.7746285503,299.1233457720091,705,41:21
79.8%,39925000,-599315.7766588912,298.5381820393642,705,41:20
79.8%,39930000,-600638.382584156,300.6752452281412,705,41:19
79.8%,39935000,-597838.5969038093,301.679858484987,705,41:18
79.8%,39940000,-597749.8067918122,300.3878273649094,705,41:16
79.8%,39945000,-599476.7115402194,298.46068519488233,705,41:15
79.8%,39950000,-599215.0085024736,298.7998657494268,705,41:14
79.8%,39955000,-599321.391290179,301.2478240031353,705,41:13
79.8%,39960000,-599193.269151547,299.27858478178473,705,41:12
79.9%,39965000,-598895.8434083327,299.1616648828292,705,41:10
79.9%,39970000,-597840.8909846903,300.0406984160591,705,41:09
79.9%,39975000,-599862.7159255715,300.4600498119352,705,41:08
79.9%,39980000,-599225.2415807489,303.17918569112715,705,41:07
79.9%,39985000,-599088.1200940413,298.9594714696544,705,41:05
79.9%,39990000,-597959.7167092036,300.9150708538628,705,41:04
79.9%,39995000,-599312.8904421069,300.5897754572723,705,41:03
79.9%,40000000,-600313.6697182637,300.9798355482066,705,41:02
79.9%,40005000,-599273.6280124839,297.1964489227939,705,41:01
79.9%,40010000,-599085.9471052843,300.9910467093108,705,40:59
80.0%,40015000,-598704.3910635691,300.9892558673839,705,40:58
80.0%,40020000,-598392.957600079,300.7198936159085,705,40:57
80.0%,40025000,-599274.6499572815,299.3690836292977,705,40:56
80.0%,40030000,-599330.6612004633,301.402057197582,705,40:54
80.0%,40035000,-599163.1169339404,304.37159202948885,705,40:53
80.0%,40040000,-598468.4508626228,301.5724325014524,705,40:52
80.0%,40045000,-599834.4581636321,299.99894481387236,705,40:51
80.0%,40050000,-599744.7249907805,300.26479897773737,705,40:49
80.0%,40055000,-599016.1597047569,300.92463836552724,705,40:48
80.0%,40060000,-600165.6209041355,301.6290034806784,705,40:47
80.0%,40065000,-599294.6262145783,299.6360908009787,705,40:46
80.1%,40070000,-599622.5758119817,300.9024122999683,705,40:45
80.1%,40075000,-598930.3918415685,300.212815497694,705,40:43
80.1%,40080000,-599270.6224677637,302.80561115875315,705,40:42
80.1%,40085000,-597341.1127933431,298.07263673460574,705,40:41
80.1%,40090000,-599541.7980280835,301.66398622845657,705,40:40
80.1%,40095000,-599553.2490549427,300.6513264489801,705,40:38
80.1%,40100000,-598915.3400648613,299.6591264252169,705,40:37
80.1%,40105000,-600405.598984777,299.43887740028555,705,40:36
80.1%,40110000,-599198.1669594287,303.10279279029896,705,40:35
80.1%,40115000,-598907.7698237523,299.8642636881346,705,40:34
80.2%,40120000,-598822.7317508757,298.9048875890047,705,40:32
80.2%,40125000,-600328.7468086709,299.9136222354906,705,40:31
80.2%,40130000,-598931.504568723,299.2471837178604,705,40:30
80.2%,40135000,-599023.8101578113,298.9526760831644,705,40:29
80.2%,40140000,-597416.3314032587,299.82785807964746,705,40:27
80.2%,40145000,-598719.9137579878,299.51487778781484,705,40:26
80.2%,40150000,-600485.1989129484,299.7547034135364,705,40:25
80.2%,40155000,-598326.6084237602,299.556680454164,705,40:24
80.2%,40160000,-598828.3024764764,299.0662841511592,705,40:23
80.2%,40165000,-601209.6523530986,302.60430090050124,705,40:21
80.3%,40170000,-599944.9995278944,300.5350443841356,705,40:20
80.3%,40175000,-600008.9203849025,298.04535706032146,705,40:19
80.3%,40180000,-601327.5597426547,299.58346948682436,705,40:18
80.3%,40185000,-597968.4288722784,300.78092943391135,705,40:16
80.3%,40190000,-599895.102433918,302.5253566632291,705,40:15
80.3%,40195000,-599881.3737269794,300.72443205092884,705,40:14
80.3%,40200000,-598477.480153353,302.0788237213936,705,40:13
80.3%,40205000,-599000.7978533786,298.58491565403267,705,40:12
80.3%,40210000,-600249.1131939781,300.45548684483373,705,40:10
80.3%,40215000,-599433.6595221059,301.94585984133926,705,40:09
80.4%,40220000,-599367.9503092142,301.1666228143936,705,40:08
80.4%,40225000,-599276.2944673067,301.1866409926453,705,40:07
80.4%,40230000,-598513.023798231,299.52228647633444,705,40:05
80.4%,40235000,-600118.7952677626,301.1806551648348,705,40:04
80.4%,40240000,-600207.5303699034,297.500744857885,705,40:03
80.4%,40245000,-599305.5588913723,301.72715633752296,705,40:02
80.4%,40250000,-600663.7213704996,299.81608268067583,705,40:01
80.4%,40255000,-599995.1530621126,298.91001479397363,705,39:59
80.4%,40260000,-599826.9916331614,300.01751559933376,705,39:58
80.4%,40265000,-599559.3901636316,298.9276288282686,705,39:57
80.5%,40270000,-598730.9838191825,301.2399001409106,705,39:56
80.5%,40275000,-599727.1478067036,299.20780972754915,705,39:54
80.5%,40280000,-599007.2447822373,298.9371227436895,705,39:53
80.5%,40285000,-599371.320311896,298.82915705436864,705,39:52
80.5%,40290000,-600385.3926641033,301.13659554701604,705,39:51
80.5%,40295000,-599689.2959749489,298.3311067420323,705,39:50
80.5%,40300000,-599620.1367767504,302.74280903090465,705,39:48
80.5%,40305000,-600147.6687881639,301.04256407981154,705,39:47
80.5%,40310000,-600627.9081874718,301.6594232613551,705,39:46
80.5%,40315000,-600615.197553264,300.9913656263663,705,39:45
80.6%,40320000,-599140.7590759364,302.54105719519123,705,39:43
80.6%,40325000,-600592.153772735,298.1296738233744,705,39:42
80.6%,40330000,-600115.6482746564,303.33287917978777,705,39:41
80.6%,40335000,-600220.3950065845,302.33717106841425,705,39:40
80.6%,40340000,-598225.4076539911,298.56425964167,705,39:38
80.6%,40345000,-598562.4685167191,302.12339851291733,705,39:37
80.6%,40350000,-600935.505970248,298.5442414634183,705,39:36
80.6%,40355000,-599630.7432046006,301.1492050367481,705,39:35
80.6%,40360000,-599800.462867158,299.79736470272724,705,39:34
80.6%,40365000,-597996.4018872981,297.9910185004838,705,39:32
80.7%,40370000,-598727.4490320203,301.0779638729699,705,39:31
80.7%,40375000,-600125.910414781,302.75887754408467,705,39:30
80.7%,40380000,-598583.8806140963,300.6900135410181,705,39:29
80.7%,40385000,-599804.263172891,300.6707558572833,705,39:27
80.7%,40390000,-598810.3939841306,301.25027721125434,705,39:26
80.7%,40395000,-599349.5764736421,299.1668656840417,705,39:25
80.7%,40400000,-599938.5108348615,301.0651581265883,705,39:24
80.7%,40405000,-599167.2957725739,300.80281205033356,705,39:23
80.7%,40410000,-599528.9931600271,299.2351875301581,705,39:21
80.7%,40415000,-600875.187533638,298.46416875041143,705,39:20
80.8%,40420000,-599315.3932167697,300.2555994472908,705,39:19
80.8%,40425000,-599532.5302361972,297.99222057246214,705,39:18
80.8%,40430000,-600476.8133942764,300.7301480258463,705,39:16
80.8%,40435000,-599968.9292691532,300.2444618824302,705,39:15
80.8%,40440000,-599388.6680687484,301.3163175738201,705,39:14
80.8%,40445000,-599998.2854921226,300.3169787144303,705,39:13
80.8%,40450000,-599376.8465088769,303.2701997123452,705,39:12
80.8%,40455000,-598578.764813907,300.5453723903169,705,39:10
80.8%,40460000,-601071.0034977193,300.72575678331316,705,39:09
80.8%,40465000,-598946.077489106,298.848488334347,705,39:08
80.9%,40470000,-598400.7535014008,301.03081321292115,705,39:07
80.9%,40475000,-599080.3536079763,298.0590214295448,705,39:05
80.9%,40480000,-599164.2398406258,300.0610600434475,705,39:04
80.9%,40485000,-600347.4856402874,299.2458589854761,705,39:03
80.9%,40490000,-599402.985539685,299.1094606140551,705,39:02
80.9%,40495000,-600270.1304719942,299.32833584243974,705,39:01
80.9%,40500000,-597963.548899197,297.65627825263493,705,38:59
80.9%,40505000,-598833.5590906437,299.88656334993715,705,38:58
80.9%,40510000,-599381.5170461829,305.40826871645106,705,38:57
80.9%,40515000,-599443.1582616884,301.7995750411983,705,38:56
81.0%,40520000,-600783.851507749,299.49628247027215,705,38:54
81.0%,40525000,-599911.1682063914,302.3429361074941,705,38:53
81.0%,40530000,-599599.7800710383,301.2207405855006,705,38:52
81.0%,40535000,-599834.7907054471,300.14481256863303,705,38:51
81.0%,40540000,-597962.769277581,301.3735754513195,705,38:49
81.0%,40545000,-599553.1893928363,300.54699150767556,705,38:48
81.0%,40550000,-600413.0683283261,299.1478287890376,705,38:47
81.0%,40555000,-599516.6152310986,299.3459498767347,705,38:46
81.0%,40560000,-600171.2083398877,300.2532443674965,705,38:45
81.0%,40565000,-599865.2154562129,300.8486870421604,705,38:43
81.1%,40570000,-599810.0396422409,302.2606064430176,705,38:42
81.1%,40575000,-600357.3771926588,302.6151195483063,705,38:41
81.1%,40580000,-600017.7354718931,301.07568238941917,705,38:40
81.1%,40585000,-599297.5806947378,302.213087801751,705,38:38
81.1%,40590000,-598617.0323506184,301.3231865565535,705,38:37
81.1%,40595000,-599751.9380924846,300.5322967910422,705,38:36
81.1%,40600000,-600598.1821386362,299.1725571268779,705,38:35
81.1%,40605000,-600162.8683463335,300.96158367980064,705,38:34
81.1%,40610000,-600181.7711553355,301.8665966870117,705,38:32
81.1%,40615000,-600712.3435296277,302.628832981692,705,38:31
81.2%,40620000,-599110.242825435,301.6363631050357,705,38:30
81.2%,40625000,-599184.7985635912,297.5576102220854,705,38:29
81.2%,40630000,-600047.5276436144,298.6890298066066,705,38:27
81.2%,40635000,-599053.7764861276,300.69231955665003,705,38:26
81.2%,40640000,-599540.5675853128,300.91087586797914,705,38:25
81.2%,40645000,-599902.4846138633,299.19841394045307,705,38:24
81.2%,40650000,-600724.8859763052,301.2604334928674,705,38:23
81.2%,40655000,-600425.3189341798,299.0882894279874,705,38:21
81.2%,40660000,-599524.7707613474,302.80087646708336,705,38:20
81.2%,40665000,-599078.1826913217,300.5000371042763,705,38:19
81.3%,40670000,-600892.9450403624,299.8949778537856,705,38:18
81.3%,40675000,-598435.7835119087,299.1420392178765,705,38:16
81.3%,40680000,-599438.0819042469,300.95461656874244,705,38:15
81.3%,40685000,-599911.0477361032,302.54662597762155,705,38:14
81.3%,40690000,-599649.3573208721,299.9079798568167,705,38:13
81.3%,40695000,-599785.3841568399,296.2662414681999,705,38:12
81.3%,40700000,-599226.5226384383,299.57115438206654,705,38:10
81.3%,40705000,-599941.5242907102,300.80428397520495,705,38:09
81.3%,40710000,-600186.9083108432,302.4326744604901,705,38:08
81.3%,40715000,-599161.2301222212,299.7738875010276,705,38:07
81.4%,40720000,-598484.9597444297,301.4264911504481,705,38:05
81.4%,40725000,-598749.6605551927,300.59406857148076,705,38:04
81.4%,40730000,-599070.5901666689,297.2914862053272,705,38:03
81.4%,40735000,-599398.0319904168,299.6686939368813,705,38:02
81.4%,40740000,-598882.7784754541,301.3732810663452,705,38:00
81.4%,40745000,-599154.1304939957,299.33005308812307,705,37:59
81.4%,40750000,-599291.2202863689,299.685743733309,705,37:58
81.4%,40755000,-598476.4411179381,302.4762434366851,705,37:57
81.4%,40760000,-598622.1926953662,301.47209628938185,705,37:56
81.4%,40765000,-599093.7973131752,299.4193498636577,705,37:54
81.5%,40770000,-600294.7152911797,301.6908733894417,705,37:53
81.5%,40775000,-600199.575822142,299.1974817213678,705,37:52
81.5%,40780000,-601428.6122037857,301.13468204468313,705,37:51
81.5%,40785000,-599448.1338201291,299.7357155826947,705,37:49
81.5%,40790000,-599254.9061506107,301.0567190906587,705,37:48
81.5%,40795000,-598739.494632564,299.86470526559606,705,37:47
81.5%,40800000,-600231.1468743081,300.58889230234945,705,37:46
81.5%,40805000,-600045.0760493237,300.0778154549009,705,37:45
81.5%,40810000,-598864.3565954571,299.43365206699195,705,37:43
81.5%,40815000,-598875.1344748288,299.9785586544028,705,37:42
81.6%,40820000,-598467.6129804775,300.9702680365422,705,37:41
81.6%,40825000,-598422.8177765161,299.66938083515464,705,37:40
81.6%,40830000,-599271.3922672626,298.9118547000629,705,37:38
81.6%,40835000,-600003.0459749447,301.26109585905954,705,37:37
81.6%,40840000,-600704.1117795929,300.1403477298563,705,37:36
81.6%,40845000,-598866.1989319627,300.98054697856116,705,37:35
81.6%,40850000,-600526.4069429631,301.6253727326622,705,37:34
81.6%,40855000,-600179.7760334751,301.9932803542811,705,37:32
81.6%,40860000,-600130.6334221987,303.67492998783155,705,37:31
81.6%,40865000,-600145.7350373166,301.93204827962876,705,37:30
81.7%,40870000,-600247.0488440664,299.04346931565175,705,37:29
81.7%,40875000,-598779.8951962348,296.92460893111826,705,37:27
81.7%,40880000,-599140.7234408562,298.42371534852776,705,37:26
81.7%,40885000,-599285.2223543669,301.13740510569534,705,37:25
81.7%,40890000,-600246.6606669878,302.53291254423584,705,37:24
81.7%,40895000,-599623.2159303664,299.3015468097793,705,37:23
81.7%,40900000,-599568.0470313779,300.2838113406603,705,37:21
81.7%,40905000,-599877.0690658852,300.98022806150567,705,37:20
81.7%,40910000,-599558.0460480414,300.7588014966772,705,37:19
81.7%,40915000,-598856.0603129435,302.74197494014413,705,37:18
81.8%,40920000,-598377.8058593282,299.7122874451574,705,37:16
81.8%,40925000,-598895.8273439622,299.82427639579356,705,37:15
81.8%,40930000,-599378.0218434739,301.09209435173585,705,37:14
81.8%,40935000,-600061.0818785233,300.6753924206283,705,37:13
81.8%,40940000,-599248.4632198405,298.14358351340957,705,37:11
81.8%,40945000,-598683.4031309895,300.9710039989779,705,37:10
81.8%,40950000,-600733.0850246963,300.8121833053484,705,37:09
81.8%,40955000,-599085.8399375333,299.6876327035606,705,37:08
81.8%,40960000,-598448.3671902651,298.3573806009877,705,37:07
81.8%,40965000,-600088.1202033684,302.3509335659623,705,37:05
81.9%,40970000,-600048.2362902318,296.66552562166186,705,37:04
81.9%,40975000,-599268.8707245882,301.80430973286815,705,37:03
81.9%,40980000,-598866.702784487,301.63761424117644,705,37:02
81.9%,40985000,-599352.5472405637,301.39911334783915,705,37:00
81.9%,40990000,-599090.2161067333,300.19883221141527,705,36:59
81.9%,40995000,-600068.4022029983,303.5376239294065,705,36:58
81.9%,41000000,-599707.1647332618,299.27350664097816,705,36:57
81.9%,41005000,-598971.7524947603,299.57596266998,705,36:56
81.9%,41010000,-599079.4748253669,302.9782188820119,705,36:54
81.9%,41015000,-599531.1639350066,300.5596745936512,705,36:53
82.0%,41020000,-599532.0267213942,299.3831650439012,705,36:52
82.0%,41025000,-600551.8752156673,299.5332768487079,705,36:51
82.0%,41030000,-599541.0560664935,298.19134747548816,705,36:49
82.0%,41035000,-599627.6925256778,300.7539932087638,705,36:48
82.0%,41040000,-599684.3547430066,298.4421634735832,705,36:47
82.0%,41045000,-599347.0495348279,300.7681727516921,705,36:46
82.0%,41050000,-597948.1215149993,296.9799042421224,705,36:45
82.0%,41055000,-599966.0075330986,301.2369808232489,705,36:43
82.0%,41060000,-599421.0575225824,300.5517507314265,705,36:42
82.0%,41065000,-599705.1270367503,302.52339409673385,705,36:41
82.1%,41070000,-598341.1952049513,299.92181595060833,705,36:40
82.1%,41075000,-599275.2397318259,299.93837510541215,705,36:38
82.1%,41080000,-598628.5067183739,302.37693757202453,705,36:37
82.1%,41085000,-598898.2161293603,299.9034414217964,705,36:36
82.1%,41090000,-599017.4781182543,298.9526024869209,705,36:35
82.1%,41095000,-598683.1125022043,302.8529580754515,705,36:34
82.1%,41100000,-599351.1463161288,300.3844910018675,705,36:32
82.1%,41105000,-599732.2099072835,298.97605515653936,705,36:31
82.1%,41110000,-599749.7496862952,301.34683548282146,705,36:30
82.1%,41115000,-599090.139065987,300.4517825005739,705,36:29
82.2%,41120000,-598831.9788593017,299.42437894030184,705,36:27
82.2%,41125000,-598275.9203900183,301.3502945062694,705,36:26
82.2%,41130000,-599865.4042742285,298.3727622158944,705,36:25
82.2%,41135000,-599915.550541163,297.1855566787452,705,36:24
82.2%,41140000,-600484.4249312175,298.4783728254209,705,36:22
82.2%,41145000,-599154.1494684923,299.3774490689837,705,36:21
82.2%,41150000,-597893.9239711864,300.8793030794866,705,36:20
82.2%,41155000,-599054.6689644032,302.3679097661463,705,36:19
82.2%,41160000,-600360.3330463171,297.4375502167374,705,36:18
82.2%,41165000,-599301.56045721,301.40571247767946,705,36:16
82.3%,41170000,-600451.8835678827,302.0227924479537,705,36:15
82.3%,41175000,-599146.1567950919,298.8117883408855,705,36:14
82.3%,41180000,-599093.9995584348,303.3328055835442,705,36:13
82.3%,41185000,-599488.0777046145,299.9947252959075,705,36:11
82.3%,41190000,-599031.0120564015,299.0616966519765,705,36:10
82.3%,41195000,-599640.5040661376,298.76085974033333,705,36:09
82.3%,41200000,-598454.9832687732,299.90093914951495,705,36:08
82.3%,41205000,-600381.5015568975,302.18612704452227,705,36:07
82.3%,41210000,-599824.3823594963,302.67990877473136,705,36:05
82.3%,41215000,-599644.6884149378,298.7832329983794,705,36:04
82.4%,41220000,-600272.3991537117,300.39913665433835,705,36:03
82.4%,41225000,-598545.7579392032,298.91580436513465,705,36:02
82.4%,41230000,-600004.4091829932,301.84576895008064,705,36:00
82.4%,41235000,-599030.2407422084,301.256017718253,705,35:59
82.4%,41240000,-599899.5738077844,304.6230949258573,705,35:58
82.4%,41245000,-599752.7106026439,300.583691501137,705,35:57
82.4%,41250000,-600211.7685282668,301.0296847371864,705,35:56
82.4%,41255000,-599686.2318423381,299.9856484258669,705,35:54
82.4%,41260000,-600216.1560671618,298.7684156213401,705,35:53
82.4%,41265000,-599921.9545525466,298.53285857774574,705,35:52
82.5%,41270000,-599795.2025859328,299.0020346305204,705,35:51
82.5%,41275000,-599867.4079648829,299.2347214206155,705,35:49
82.5%,41280000,-599015.8832001244,300.02705857891704,705,35:48
82.5%,41285000,-599159.6420507408,297.63522972697314,705,35:47
82.5%,41290000,-599520.0578735005,298.5502027591477,705,35:46
82.5%,41295000,-598938.5261684591,300.2782916223923,705,35:45
82.5%,41300000,-597943.1795712989,299.29489861577656,705,35:43
82.5%,41305000,-600848.5055913469,298.6886863574699,705,35:42
82.5%,41310000,-598761.2774797757,300.05676692923913,705,35:41
82.5%,41315000,-599291.9516499857,299.6569185379097,705,35:40
82.6%,41320000,-600010.5756882196,301.52817662698413,705,35:38
82.6%,41325000,-599591.0352309416,302.9481425504719,705,35:37
82.6%,41330000,-599056.9657137273,300.95483735747314,705,35:36
82.6%,41335000,-598743.5250256783,301.727033677117,705,35:35
82.6%,41340000,-599654.9650179348,301.45526728168494,705,35:34
82.6%,41345000,-599905.8949981034,299.19105431609574,705,35:32
82.6%,41350000,-600699.5901935543,298.87108238112376,705,35:31
82.6%,41355000,-599976.3114793114,299.296493201054,705,35:30
82.6%,41360000,-599754.2996537369,299.1929923505099,705,35:29
82.6%,41365000,-599879.4726689537,298.2109240762784,705,35:27
82.7%,41370000,-599676.2774014305,300.0049306416829,705,35:26
82.7%,41375000,-599328.1348699876,302.40662139026546,705,35:25
82.7%,41380000,-599636.6329264264,296.9835595222198,705,35:24
82.7%,41385000,-599038.9871209986,300.3423448863816,705,35:22
82.7%,41390000,-599249.6077598971,302.4373846200788,705,35:21
82.7%,41395000,-599173.0532236416,299.6766423311871,705,35:20
82.7%,41400000,-600199.7132667857,299.50015853910025,705,35:19
82.7%,41405000,-599184.4954644409,300.41483718630053,705,35:18
82.7%,41410000,-599589.0159082348,301.96627053289,705,35:16
82.7%,41415000,-599443.7158879112,299.2218666100715,705,35:15
82.8%,41420000,-600364.357270888,297.8782690553307,705,35:14
82.8%,41425000,-599042.3996736053,299.57944622550906,705,35:13
82.8%,41430000,-598931.8676295951,300.52768475977837,705,35:11
82.8%,41435000,-598591.7211047304,300.0568650575639,705,35:10
82.8%,41440000,-597993.3850186705,298.68073796316406,705,35:09
82.8%,41445000,-599885.4691914944,301.1212875283529,705,35:08
82.8%,41450000,-598515.5511095161,302.2090645404357,705,35:07
82.8%,41455000,-600634.5478468807,300.81728597823616,705,35:05
82.8%,41460000,-599649.1775494581,299.7683677827597,705,35:04
82.8%,41465000,-599906.1206878345,300.7132208898246,705,35:03
82.9%,41470000,-598255.6884440281,299.9652622663973,705,35:02
82.9%,41475000,-599056.9495820845,301.05303927848,705,35:00
82.9%,41480000,-599059.4519442082,303.81905596482767,705,34:59
82.9%,41485000,-599866.4814102561,303.3183316556416,705,34:58
82.9%,41490000,-600466.5724482322,297.50290368102975,705,34:57
82.9%,41495000,-599067.9738792824,296.3580895801784,705,34:56
82.9%,41500000,-600184.9855674529,300.25547678688486,705,34:54
82.9%,41505000,-600487.660102516,300.97971288780064,705,34:53
82.9%,41510000,-599190.1814716416,299.2768430040201,705,34:52
82.9%,41515000,-599878.7304380252,300.5163018741058,705,34:51
83.0%,41520000,-598494.0309886821,300.7043402764336,705,34:49
83.0%,41525000,-599887.7170371418,299.98653158078974,705,34:48
83.0%,41530000,-599662.4218420503,300.0989375768062,705,34:47
83.0%,41535000,-600523.6895801001,301.3516437707349,705,34:46
83.0%,41540000,-599536.3611491174,298.71415065774596,705,34:44
83.0%,41545000,-598406.3826812413,301.5978477375661,705,34:43
83.0%,41550000,-600203.2063056645,298.8935782995757,705,34:42
83.0%,41555000,-599949.794116809,301.8583539077315,705,34:41
83.0%,41560000,-599651.7748170691,300.423251690149,705,34:40
83.0%,41565000,-599622.7319074911,298.89181198973,705,34:38
83.1%,41570000,-600404.972504295,299.7776899736122,705,34:37
83.1%,41575000,-600318.7705843817,298.738192097313,705,34:36
83.1%,41580000,-598978.3792276694,301.6572644382103,705,34:35
83.1%,41585000,-598919.0191367138,298.8613922090534,705,34:33
83.1%,41590000,-599695.6794066364,299.6583413986188,705,34:32
83.1%,41595000,-600511.2239567214,297.8511120414525,705,34:31
83.1%,41600000,-599131.2135850224,300.42720135522075,705,34:30
83.1%,41605000,-598496.8570523416,298.9367792945528,705,34:29
83.1%,41610000,-598636.3612510483,298.9051083777354,705,34:27
83.1%,41615000,-599465.7495382866,300.4989086285415,705,34:26
83.2%,41620000,-600760.4885717109,302.3110198698648,705,34:25
83.2%,41625000,-599391.7559439726,301.91188290888994,705,34:24
83.2%,41630000,-598416.5025116228,301.4377513757147,705,34:22
83.2%,41635000,-601156.4170278101,302.435225796934,705,34:21
83.2%,41640000,-598964.2415771098,299.1599967013082,705,34:20
83.2%,41645000,-599423.9872003114,301.3957769847972,705,34:19
83.2%,41650000,-599609.9300366766,300.07170696668436,705,34:18
83.2%,41655000,-597654.9095714269,300.6968825237515,705,34:16
83.2%,41660000,-601391.6790432432,301.6981839496366,705,34:15
83.2%,41665000,-598555.4160842593,301.2316328295493,705,34:14
83.3%,41670000,-598600.9682578426,300.4401788261706,705,34:13
83.3%,41675000,-599130.6043557813,302.3924909114996,705,34:11
83.3%,41680000,-599629.8151566726,302.20403546379157,705,34:10
83.3%,41685000,-599843.2152763032,299.6208809106404,705,34:09
83.3%,41690000,-599636.451200027,300.50354519188653,705,34:08
83.3%,41695000,-599377.0439155218,302.35814599783237,705,34:07
83.3%,41700000,-598929.2476126272,300.1406175827494,705,34:05
83.3%,41705000,-599166.5769252321,303.30380866357666,705,34:04
83.3%,41710000,-601073.585910785,302.71869399509404,705,34:03
83.3%,41715000,-600229.7276661317,297.0890965355028,705,34:02
83.4%,41720000,-600338.4336842415,300.76971827280715,705,34:00
83.4%,41725000,-598775.2124429559,300.3231607988904,705,33:59
83.4%,41730000,-600339.3808695227,301.52464400729264,705,33:58
83.4%,41735000,-601344.8480461808,302.22174762641134,705,33:57
83.4%,41740000,-599511.2396136555,295.91145851001806,705,33:56
83.4%,41745000,-599708.011697554,301.4291896793791,705,33:54
83.4%,41750000,-599380.7617342682,300.1577409754206,705,33:53
83.4%,41755000,-599796.4208662035,297.89433756851076,705,33:52
83.4%,41760000,-599764.2975883037,301.4094904181829,705,33:51
83.4%,41765000,-598925.2416267679,302.40313783473636,705,33:49
83.5%,41770000,-599341.6152779255,299.5798878029705,705,33:48
83.5%,41775000,-600014.5569631555,298.4035009136265,705,33:47
83.5%,41780000,-599704.9288208652,300.2585678291149,705,33:46
83.5%,41785000,-601599.8788772263,299.15452604720264,705,33:44
83.5%,41790000,-599892.0426020967,302.3556927897133,705,33:43
83.5%,41795000,-599904.4938638741,299.24519661928394,705,33:42
83.5%,41800000,-599731.1926573957,301.7386128194391,705,33:41
83.5%,41805000,-599389.5275555733,299.1064431680686,705,33:40
83.5%,41810000,-599373.486964732,298.65115227324793,705,33:38
83.5%,41815000,-598355.4617875237,300.42904126131003,705,33:37
83.6%,41820000,-599249.0083503802,298.8020491046527,705,33:36
83.6%,41825000,-598897.6782335467,304.13659922376183,705,33:35
83.6%,41830000,-599445.2969098785,299.2538564439443,705,33:33
83.6%,41835000,-600071.1814860781,300.4755540872479,705,33:32
83.6%,41840000,-598386.4339257423,302.9365634081498,705,33:31
83.6%,41845000,-600493.3061029282,300.2049406996318,705,33:30
83.6%,41850000,-600084.8100814349,299.0686392309536,705,33:29
83.6%,41855000,-599881.6131189452,298.287611362081,705,33:27
83.6%,41860000,-598765.6714468179,304.53384721448504,705,33:26
83.6%,41865000,-599795.9075890048,302.0571373616209,705,33:25
83.7%,41870000,-601447.4361706446,299.07796142180604,705,33:24
83.7%,41875000,-598519.0617817538,302.22839582041405,705,33:22
83.7%,41880000,-600933.593875885,299.18717824726764,705,33:21
83.7%,41885000,-599372.4017116451,300.7790649957408,705,33:20
83.7%,41890000,-602615.4390041516,300.05210583381285,705,33:19
83.7%,41895000,-599783.930053818,298.19215703416745,705,33:17
83.7%,41900000,-600538.6505389824,298.1697101798778,705,33:16
83.7%,41905000,-599866.3003313439,303.0196535671432,705,33:15
83.7%,41910000,-599907.7346374225,298.77381267920214,705,33:14
83.7%,41915000,-599760.4988509635,301.2055797593247,705,33:13
83.8%,41920000,-599152.2180999205,298.7572535243983,705,33:11
83.8%,41925000,-601171.1170393028,299.6642536301858,705,33:10
83.8%,41930000,-599343.7656036671,298.54757782646027,705,33:09
83.8%,41935000,-599205.9402031424,300.6291249155024,705,33:08
83.8%,41940000,-597914.7240412626,300.08019506677635,705,33:06
83.8%,41945000,-599901.8710487499,301.5654163262318,705,33:05
83.8%,41950000,-598905.7722453736,301.2865846914168,705,33:04
83.8%,41955000,-599139.9823531248,299.781394317872,705,33:03
83.8%,41960000,-599660.9928222373,302.945321361135,705,33:02
83.8%,41965000,-599497.8497271636,302.2120083901786,705,33:00
83.9%,41970000,-599842.7428802876,299.56767082653744,705,32:59
83.9%,41975000,-600958.9862409267,298.26837821042733,705,32:58
83.9%,41980000,-599708.4109963123,299.0264440513053,705,32:57
83.9%,41985000,-598515.0092559247,300.62856067763505,705,32:55
83.9%,41990000,-598426.0074074059,300.906484625446,705,32:54
83.9%,41995000,-598729.536918195,301.2353862379715,705,32:53
83.9%,42000000,-599962.9837586368,298.91028464686667,705,32:52
83.9%,42005000,-598991.0990603776,300.66023159445245,705,32:51
83.9%,42010000,-600779.6849639928,300.59352886569457,705,32:49
83.9%,42015000,-599626.0384592465,302.8637521911754,705,32:48
84.0%,42020000,-600294.3384310249,301.53637034210186,705,32:47
84.0%,42025000,-599447.7891053068,301.4471226307296,705,32:46
84.0%,42030000,-600621.2476090728,300.0371657963676,705,32:44
84.0%,42035000,-600312.0537731373,298.22095769748546,705,32:43
84.0%,42040000,-600475.1844388717,299.27821680056684,705,32:42
84.0%,42045000,-599012.2054786873,300.9337642997302,705,32:41
84.0%,42050000,-598522.9939275924,298.99097066190336,705,32:40
84.0%,42055000,-598164.5511733149,299.3897641737415,705,32:38
84.0%,42060000,-599754.8510290822,298.9295423306015,705,32:37
84.0%,42065000,-599522.4750169194,302.23585357309605,705,32:36
84.1%,42070000,-598637.1983547639,303.132501140621,705,32:35
84.1%,42075000,-598739.1938096965,298.8872490226285,705,32:33
84.1%,42080000,-599669.0771650742,301.1461630586805,705,32:32
84.1%,42085000,-598495.7153086769,302.15487317308515,705,32:31
84.1%,42090000,-599483.3426985708,300.0722957366329,705,32:30
84.1%,42095000,-599968.1725170901,299.177586203522,705,32:28
84.1%,42100000,-601167.3245015424,299.4858318036849,705,32:27
84.1%,42105000,-599348.8396085585,303.4516389848326,705,32:26
84.1%,42110000,-600220.6506754044,299.6738947380938,705,32:25
84.1%,42115000,-598538.2893963573,300.5598953823819,705,32:24
84.2%,42120000,-599715.1475135558,301.0561548527913,705,32:22
84.2%,42125000,-600043.4184091403,300.81991091092357,705,32:21
84.2%,42130000,-599198.2438386469,299.9618523071118,705,32:20
84.2%,42135000,-598785.3636139384,299.0114794817789,705,32:19
84.2%,42140000,-599481.181563809,297.59475179300824,705,32:17
84.2%,42145000,-600708.9247989971,300.05804259746105,705,32:16
84.2%,42150000,-600375.2490023836,300.40973451341284,705,32:15
84.2%,42155000,-599190.375351036,300.08470896971545,705,32:14
84.2%,42160000,-599124.565296134,302.3981823543358,705,32:13
84.2%,42165000,-599463.6286961124,300.0978091010714,705,32:11
84.3%,42170000,-599242.9193897895,299.3180323683395,705,32:10
84.3%,42175000,-599336.5889520883,300.59833715360793,705,32:09
84.3%,42180000,-597833.8423764468,299.51563828233174,705,32:08
84.3%,42185000,-599134.5960424002,298.8683347880304,705,32:06
84.3%,42190000,-599177.1978842067,299.935406723588,705,32:05
84.3%,42195000,-598837.0865215398,299.6722265565728,705,32:04
84.3%,42200000,-599468.5357024991,301.83541641181813,705,32:03
84.3%,42205000,-600762.4554222925,297.9413165039912,705,32:02
84.3%,42210000,-598324.864682259,299.45286068656435,705,32:00
84.3%,42215000,-600030.1971803806,302.233400364977,705,31:59
84.4%,42220000,-600447.8888888881,298.4415011073911,705,31:58
84.4%,42225000,-598878.050820584,299.9349160819643,705,31:57
84.4%,42230000,-599424.0085011637,299.6326072454496,705,31:55
84.4%,42235000,-599507.7147371811,303.04200229310806,705,31:54
84.4%,42240000,-600104.1959284334,303.85035890042724,705,31:53
84.4%,42245000,-599133.8130125469,300.08228029367757,705,31:52
84.4%,42250000,-600086.5516271656,299.57959341799625,705,31:50
84.4%,42255000,-599265.4976289398,300.4810247413534,705,31:49
84.4%,42260000,-600080.3911946509,299.7223210663645,705,31:48
84.4%,42265000,-599791.4158708956,300.07028410597525,705,31:47
84.5%,42270000,-599998.9818648901,301.47133579486496,705,31:46
84.5%,42275000,-598627.1405701675,299.64690944878384,705,31:44
84.5%,42280000,-600248.9117188174,299.3860107653193,705,31:43
84.5%,42285000,-599239.0278775743,297.66795552328176,705,31:42
84.5%,42290000,-598994.6380702602,299.4665005237065,705,31:41
84.5%,42295000,-599855.4561409466,300.71847075519946,705,31:39
84.5%,42300000,-598939.1359893191,299.8171620922482,705,31:38
84.5%,42305000,-599594.7980733379,303.4035561056985,705,31:37
84.5%,42310000,-600114.2904689023,301.8575443490522,705,31:36
84.5%,42315000,-599415.7832205491,301.42337557613683,705,31:35
84.6%,42320000,-599096.520684721,299.4482731873817,705,31:33
84.6%,42325000,-599177.4376727827,300.2795182264519,705,31:32
84.6%,42330000,-598924.5853820005,299.9694572522809,705,31:31
84.6%,42335000,-598504.1822803258,301.0968045113245,705,31:30
84.6%,42340000,-597854.8193696584,297.43634814475905,705,31:28
84.6%,42345000,-600859.7678137962,300.7139568522603,705,31:27
84.6%,42350000,-599023.582217698,301.84260431160703,705,31:26
84.6%,42355000,-599045.9641885348,300.6718107367745,705,31:25
84.6%,42360000,-599125.1361177764,300.3041484359675,705,31:24
84.6%,42365000,-598863.3047080953,297.9317489923268,705,31:22
84.7%,42370000,-600147.5341413771,301.30243241586606,705,31:21
84.7%,42375000,-598707.4603704428,301.7125597492144,705,31:20
84.7%,42380000,-599130.4396061781,297.44579299601753,705,31:19
84.7%,42385000,-599610.1581350756,299.38112888116234,705,31:17
84.7%,42390000,-600085.1377829569,299.15462417552743,705,31:16
84.7%,42395000,-599327.0826678849,299.22883372112966,705,31:15
84.7%,42400000,-598502.4831245444,298.04285478804,705,31:14
84.7%,42405000,-598022.2675255993,300.2316070718862,705,31:13
84.7%,42410000,-598668.5242551914,301.7959197611009,705,31:11
84.7%,42415000,-599078.4034986459,300.5051888413264,705,31:10
84.8%,42420000,-599431.5287378314,300.78770028831997,705,31:09
84.8%,42425000,-600152.3151263883,301.045704186204,705,31:08
84.8%,42430000,-601403.8473442001,298.3718054647279,705,31:06
84.8%,42435000,-597795.9391707233,301.9775552902378,705,31:05
84.8%,42440000,-599851.1639768775,301.8061741710386,705,31:04
84.8%,42445000,-600619.4639230259,301.20474566856416,705,31:03
84.8%,42450000,-598843.3226683252,300.06523049724996,705,31:01
84.8%,42455000,-598914.2469238825,298.76159570276906,705,31:00
84.8%,42460000,-599748.4423723379,298.0120915582267,705,30:59
84.8%,42465000,-599572.0177926472,301.6831703159478,705,30:58
84.9%,42470000,-598866.1407014262,300.19004972634895,705,30:57
84.9%,42475000,-600299.1487449319,298.9292970097896,705,30:55
84.9%,42480000,-599752.6241164166,300.51058589918836,705,30:54
84.9%,42485000,-599914.7118064677,302.38125521831415,705,30:53
84.9%,42490000,-600251.6900419127,302.199717817502,705,30:52
84.9%,42495000,-598720.9189540991,301.41005465605025,705,30:50
84.9%,42500000,-599400.0179066425,300.7066462920655,705,30:49
84.9%,42505000,-599898.7180813281,301.9807689928738,705,30:48
84.9%,42510000,-599151.7865844746,296.8882769188746,705,30:47
84.9%,42515000,-600359.1426815195,299.8560699730169,705,30:46
85.0%,42520000,-599978.3998552025,300.3687414057429,705,30:44
85.0%,42525000,-599840.9514538916,298.5047938768634,705,30:43
85.0%,42530000,-599903.2954372424,300.42796184973764,705,30:42
85.0%,42535000,-600249.6013016049,301.0732537133813,705,30:41
85.0%,42540000,-600762.4782400304,302.19100892867925,705,30:39
85.0%,42545000,-599688.1202102969,301.6167865042454,705,30:38
85.0%,42550000,-598080.2277725409,298.8402455550669,705,30:37
85.0%,42555000,-598755.1202621064,300.1470940521838,705,30:36
85.0%,42560000,-600781.9442640012,303.1891457160907,705,30:35
85.0%,42565000,-599392.0089655076,299.6397460810761,705,30:33
85.1%,42570000,-599785.9317118134,296.78985420913705,705,30:32
85.1%,42575000,-598385.4484820999,299.8688511873173,705,30:31
85.1%,42580000,-599162.3959541786,300.6458557948746,705,30:30
85.1%,42585000,-599431.1206982518,300.6770115379869,705,30:28
85.1%,42590000,-600819.9618046228,298.8541797771833,705,30:27
85.1%,42595000,-600336.6533668218,302.43385200038733,705,30:26
85.1%,42600000,-598824.0069710645,299.4017358293627,705,30:25
85.1%,42605000,-599529.6794210314,300.91816189609284,705,30:24
85.1%,42610000,-600610.0744735328,302.59936995218186,705,30:22
85.1%,42615000,-599574.9232691536,299.0261741984122,705,30:21
85.2%,42620000,-600524.6630099984,300.21350239596734,705,30:20
85.2%,42625000,-600010.4381935238,298.77445051331307,705,30:19
85.2%,42630000,-600906.1753338189,298.9410724087612,705,30:17
85.2%,42635000,-599632.152421854,301.8434874665299,705,30:16
85.2%,42640000,-599629.2616407303,301.28832646918136,705,30:15
85.2%,42645000,-599114.2725879359,301.3563539303235,705,30:14
85.2%,42650000,-599736.6975372597,300.9286370947613,705,30:12
85.2%,42655000,-598706.8892859486,301.70210908262715,705,30:11
85.2%,42660000,-599009.8381520705,300.9208113608615,705,30:10
85.2%,42665000,-600887.5250902763,299.7264424560046,705,30:09
85.3%,42670000,-599309.0836878605,298.33140112700664,705,30:08
85.3%,42675000,-599398.9648695593,296.9381751720168,705,30:06
85.3%,42680000,-598350.4013115852,298.66496383495837,705,30:05
85.3%,42685000,-600569.6752890786,302.4771511236891,705,30:04
85.3%,42690000,-600023.2431385145,297.6535797237039,705,30:03
85.3%,42695000,-600094.9390032748,299.57787617231287,705,30:01
85.3%,42700000,-597615.1252233051,299.07447786627694,705,30:00
85.3%,42705000,-600360.4009817187,302.3629542857458,705,29:59
85.3%,42710000,-598931.5234616334,300.6794892781872,705,29:58
85.3%,42715000,-600157.2287166165,300.0278926696775,705,29:57
85.4%,42720000,-599759.7885740246,300.6939386740086,705,29:55
85.4%,42725000,-599596.1067084689,300.99622297844206,705,29:54
85.4%,42730000,-602105.8515644334,301.98449786921475,705,29:53
85.4%,42735000,-599842.6063411883,298.02764489770175,705,29:52
85.4%,42740000,-599395.8250106801,298.28640929010265,705,29:50
85.4%,42745000,-599941.3353896602,295.54588143611227,705,29:49
85.4%,42750000,-599609.6474455772,300.33258111806765,705,29:48
85.4%,42755000,-599776.1950453864,298.9920255413946,705,29:47
85.4%,42760000,-599351.1474714894,298.3172215840783,705,29:46
85.4%,42765000,-599672.9185153227,298.85000932338085,705,29:44
85.5%,42770000,-600021.8010823121,298.3988888823626,705,29:43
85.5%,42775000,-599170.8144582123,301.4587017730517,705,29:42
85.5%,42780000,-600154.1173364851,300.3341021071015,705,29:41
85.5%,42785000,-599687.4813773013,301.63209452290846,705,29:39
85.5%,42790000,-600590.606820148,298.52015095968886,705,29:38
85.5%,42795000,-601180.9595150659,297.07167875785734,705,29:37
85.5%,42800000,-598335.8236432783,301.226971734123,705,29:36
85.5%,42805000,-599384.2990471651,301.18406512412025,705,29:35
85.5%,42810000,-599858.0387130873,298.9065067063633,705,29:33
85.5%,42815000,-599696.532935454,298.0908886030117,705,29:32
85.6%,42820000,-600255.6856005173,297.2423729787831,705,29:31
85.6%,42825000,-599038.0821709353,299.1474608078197,705,29:30
85.6%,42830000,-599797.7363504726,301.0511748403095,705,29:28
85.6%,42835000,-598930.0139395888,299.83428548491946,705,29:27
85.6%,42840000,-597696.1159812277,303.1679009337794,705,29:26
85.6%,42845000,-599382.4269964187,301.86873097807523,705,29:25
85.6%,42850000,-599996.2319626445,302.3543435252478,705,29:24
85.6%,42855000,-599844.6160265901,301.1835008862529,705,29:22
85.6%,42860000,-599362.2160991938,298.02867524511174,705,29:21
85.6%,42865000,-600255.4276443128,302.0501457184815,705,29:20
85.7%,42870000,-599729.6124642505,302.01869559039477,705,29:19
85.7%,42875000,-599371.2036231048,298.75065439455796,705,29:17
85.7%,42880000,-598179.2214965164,300.6668307242927,705,29:16
85.7%,42885000,-598565.612414564,299.8152976540777,705,29:15
85.7%,42890000,-599777.1808271608,299.8424056037936,705,29:14
85.7%,42895000,-599742.3318402558,299.6970284906567,705,29:12
85.7%,42900000,-599919.8180256193,299.6312825130653,705,29:11
85.7%,42905000,-598459.4958731276,300.0852977396641,705,29:10
85.7%,42910000,-599304.4763150439,301.35380259387966,705,29:09
85.7%,42915000,-598153.5643179533,302.4993526571668,705,29:08
85.8%,42920000,-599540.3255368373,300.00846326137435,705,29:06
85.8%,42925000,-598501.3484445852,300.735250698734,705,29:05
85.8%,42930000,-599630.5338371284,300.46215957091766,705,29:04
85.8%,42935000,-598522.2702765986,299.4949577378879,705,29:03
85.8%,42940000,-601023.5156047707,299.49311783179854,705,29:01
85.8%,42945000,-599187.9177864431,301.288154744613,705,29:00
85.8%,42950000,-599447.7186362152,300.31462363463595,705,28:59
85.8%,42955000,-600476.2825650661,298.55601686238987,705,28:58
85.8%,42960000,-601179.4141408983,300.27870866777255,705,28:57
85.8%,42965000,-599746.113079764,299.01005662106985,705,28:55
85.9%,42970000,-599743.2804409014,300.88833088536484,705,28:54
85.9%,42975000,-599221.9260629104,299.3727879735575,705,28:53
85.9%,42980000,-600129.2013234883,301.3765683652247,705,28:52
85.9%,42985000,-599046.946585068,300.9645275295435,705,28:50
85.9%,42990000,-600281.0083708097,299.71810154839966,705,28:49
85.9%,42995000,-600623.7515921406,299.2487537710566,705,28:48
85.9%,43000000,-599503.5623727012,301.33621309166585,705,28:47
85.9%,43005000,-600547.7428047862,300.0075555743703,705,28:46
85.9%,43010000,-599285.7981264759,300.9998537264583,705,28:44
85.9%,43015000,-599191.0170769515,299.82277993884094,705,28:43
86.0%,43020000,-598524.8000520845,300.1314916485464,705,28:42
86.0%,43025000,-599219.8447464751,299.8210381610764,705,28:41
86.0%,43030000,-598640.663575239,301.3510304687051,705,28:39
86.0%,43035000,-599371.809795294,303.76918224376675,705,28:38
86.0%,43040000,-599859.2759843972,299.6738456739314,705,28:37
86.0%,43045000,-600490.8981677564,302.30726646144257,705,28:36
86.0%,43050000,-599418.2449121517,300.56705875008964,705,28:34
86.0%,43055000,-599582.747926564,298.2321197944273,705,28:33
86.0%,43060000,-599773.995445645,299.9272620726327,705,28:32
86.0%,43065000,-598722.2031024024,302.58077463463917,705,28:31
86.1%,43070000,-599271.2216926054,298.8845995578599,705,28:30
86.1%,43075000,-599075.5945537048,300.5877883586959,705,28:28
86.1%,43080000,-599810.6616976284,300.6211274570342,705,28:27
86.1%,43085000,-599043.3567339173,299.8385050028843,705,28:26
86.1%,43090000,-599222.5417073965,301.6277278124565,705,28:25
86.1%,43095000,-598707.7891638051,300.94936670336756,705,28:23
86.1%,43100000,-600648.0351091372,300.04786178376685,705,28:22
86.1%,43105000,-599309.3050844925,302.9685041778603,705,28:21
86.1%,43110000,-600565.7571279211,299.4146887682315,705,28:20
86.1%,43115000,-598182.042177463,300.74925851709395,705,28:19
86.2%,43120000,-598855.8162145745,298.5776050938378,705,28:17
86.2%,43125000,-600408.0081284405,299.30679667515415,705,28:16
86.2%,43130000,-600312.7527067,301.3109450480393,705,28:15
86.2%,43135000,-599596.3291966529,299.2816267598524,705,28:14
86.2%,43140000,-600076.7725950778,300.38846519902035,705,28:12
86.2%,43145000,-599880.8532783361,300.4847290856132,705,28:11
86.2%,43150000,-599792.4544273135,299.6854248162535,705,28:10
86.2%,43155000,-599835.4471546924,299.1982667479659,705,28:09
86.2%,43160000,-600299.2367544998,299.76405013647013,705,28:08
86.2%,43165000,-598766.7324501816,301.2067572992218,705,28:06
86.3%,43170000,-601189.2168112714,297.5819215145455,705,28:05
86.3%,43175000,-599743.8661309159,300.13573569859244,705,28:04
86.3%,43180000,-599544.0384998089,299.12197197546243,705,28:03
86.3%,43185000,-599613.6814483493,302.52236374932386,705,28:01
86.3%,43190000,-598926.0664797155,301.17736786595515,705,28:00
86.3%,43195000,-600828.5124080316,299.0610097537032,705,27:59
86.3%,43200000,-599367.7453161222,299.22299508580625,705,27:58
86.3%,43205000,-599616.2018632013,302.15315592740177,705,27:57
86.3%,43210000,-599803.1547770323,299.2701948100174,705,27:55
86.3%,43215000,-598331.4047705145,301.5098266302534,705,27:54
86.4%,43220000,-600067.3714819951,300.0996244750795,705,27:53
86.4%,43225000,-600337.8706424963,300.50006163635743,705,27:52
86.4%,43230000,-599554.2473008675,299.96572837593993,705,27:50
86.4%,43235000,-599650.399348795,300.1138776142514,705,27:49
86.4%,43240000,-599889.6236909386,301.96239446406184,705,27:48
86.4%,43245000,-599639.9352879855,305.2810208113142,705,27:47
86.4%,43250000,-599550.9819743834,302.2330569158403,705,27:45
86.4%,43255000,-600700.2415353046,304.8463368646938,705,27:44
86.4%,43260000,-599877.0768079157,298.82569803092076,705,27:43
86.4%,43265000,-599541.0690911813,299.6478907320315,705,27:42
86.5%,43270000,-599540.5834368882,301.4578676822912,705,27:41
86.5%,43275000,-600170.1335953488,300.79589400343775,705,27:39
86.5%,43280000,-601544.9239552841,301.1205515659172,705,27:38
86.5%,43285000,-598839.2780084694,300.03086105150163,705,27:37
86.5%,43290000,-599877.6787466332,302.08709103275487,705,27:36
86.5%,43295000,-598841.5065322635,298.3611830735723,705,27:34
86.5%,43300000,-599308.5277567371,302.0810561407819,705,27:33
86.5%,43305000,-599263.8240312245,300.43632728942373,705,27:32
86.5%,43310000,-599696.4193227049,297.3083152130241,705,27:31
86.5%,43315000,-599869.9708638238,301.47347008592857,705,27:30
86.6%,43320000,-599274.5761668915,302.84339056378707,705,27:28
86.6%,43325000,-600162.8992197444,301.03159823951927,705,27:27
86.6%,43330000,-601468.8800971522,302.9917851229104,705,27:26
86.6%,43335000,-599758.9070388521,298.19409506858153,705,27:25
86.6%,43340000,-601111.1104405951,301.7537981776962,705,27:23
86.6%,43345000,-599618.274714428,300.4721195958811,705,27:22
86.6%,43350000,-599720.143347926,298.51757509116385,705,27:21
86.6%,43355000,-599460.9493600163,299.15621876080485,705,27:20
86.6%,43360000,-599313.2624238329,299.71123256566625,705,27:19
86.6%,43365000,-598819.309810969,299.3704328937632,705,27:17
86.7%,43370000,-599564.8871488674,303.78981372404826,705,27:16
86.7%,43375000,-598884.0001615174,301.66953047880565,705,27:15
86.7%,43380000,-599793.8678491092,299.76098362632126,705,27:14
86.7%,43385000,-599375.7555825771,302.1933394763924,705,27:12
86.7%,43390000,-598478.3924843543,302.2852611846144,705,27:11
86.7%,43395000,-599642.3573792493,301.63915976229146,705,27:10
86.7%,43400000,-599026.2093985942,297.8013119166351,705,27:09
86.7%,43405000,-600415.2293152353,301.34693361114626,705,27:08
86.7%,43410000,-598869.4844864146,300.56784377668777,705,27:06
86.7%,43415000,-598958.5348459524,300.5192211917675,705,27:05
86.8%,43420000,-599976.3727760753,299.7089756141967,705,27:04
86.8%,43425000,-599421.2923962544,299.99987703295756,705,27:03
86.8%,43430000,-598716.2753138123,299.4866658944453,705,27:01
86.8%,43435000,-600443.9132259018,296.6004420102626,705,27:00
86.8%,43440000,-599745.2752556205,300.843878754247,705,26:59
86.8%,43445000,-599511.2219546214,300.3139367363626,705,26:58
86.8%,43450000,-599760.1027317145,301.1549946079092,705,26:56
86.8%,43455000,-600044.3016520482,300.01638712359903,705,26:55
86.8%,43460000,-600390.9163187868,298.91342475325916,705,26:54
86.8%,43465000,-598210.5234236456,301.1803607798605,705,26:53
86.9%,43470000,-600488.8732339134,300.4747935927309,705,26:52
86.9%,43475000,-598563.7017853651,300.40190877951295,705,26:50
86.9%,43480000,-600375.8483346635,299.6495098493901,705,26:49
86.9%,43485000,-600457.2653752053,301.12003639221217,705,26:48
86.9%,43490000,-598576.2271089377,302.14206742670353,705,26:47
86.9%,43495000,-598808.6294211051,299.79393021136053,705,26:45
86.9%,43500000,-599148.5873146695,301.43375264648057,705,26:44
86.9%,43505000,-600597.2601509588,299.75119532592606,705,26:43
86.9%,43510000,-600072.2811621311,301.91337936584256,705,26:42
86.9%,43515000,-599325.2374201398,299.6011816494442,705,26:41
87.0%,43520000,-599759.5486193663,303.28506615354684,705,26:39
87.0%,43525000,-599268.3580597173,301.548219337317,705,26:38
87.0%,43530000,-600024.9856130518,298.72043087053083,705,26:37
87.0%,43535000,-599287.6746975193,299.27225550483746,705,26:36
87.0%,43540000,-600175.6559590562,298.8541797771833,705,26:34
87.0%,43545000,-600724.3723862683,302.0276498000295,705,26:33
87.0%,43550000,-599937.959998915,301.37799122593384,705,26:32
87.0%,43555000,-599534.3642098531,301.45070431458345,705,26:31
87.0%,43560000,-600066.6695894306,302.2993671312991,705,26:30
87.0%,43565000,-597357.0239292658,301.95954874264373,705,26:28
87.1%,43570000,-600814.9906595154,299.5000113466131,705,26:27
87.1%,43575000,-598747.7290995014,297.7731000232656,705,26:26
87.1%,43580000,-597749.7110552941,300.6161229124713,705,26:25
87.1%,43585000,-599551.0112088611,302.72077922199526,705,26:23
87.1%,43590000,-600220.8733673384,300.780757709343,705,26:22
87.1%,43595000,-598841.163839675,299.74501324146604,705,26:21
87.1%,43600000,-598802.5322647528,297.91033248544716,705,26:20
87.1%,43605000,-597816.1034964779,301.77251615564484,705,26:19
87.1%,43610000,-600124.3925948516,299.95527770935263,705,26:17
87.1%,43615000,-599503.4230110459,303.3715662718257,705,26:16
87.2%,43620000,-599523.9214170738,300.4780318274481,705,26:15
87.2%,43625000,-600176.8873417508,297.8131363797691,705,26:14
87.2%,43630000,-599689.9986333833,300.2597453690121,705,26:12
87.2%,43635000,-599237.3063730593,300.50857426853065,705,26:11
87.2%,43640000,-598152.0595647199,300.7445728895865,705,26:10
87.2%,43645000,-600557.8492596676,301.3478658302315,705,26:09
87.2%,43650000,-599584.3717276957,301.1146883985126,705,26:07
87.2%,43655000,-600380.77809704,299.32046104437745,705,26:06
87.2%,43660000,-600220.4503261666,298.6729367613454,705,26:05
87.2%,43665000,-600252.76404747,301.20396064196603,705,26:04
87.3%,43670000,-600358.0591966077,300.35294274545606,705,26:03
87.3%,43675000,-599786.3641673992,300.1044082309117,705,26:01
87.3%,43680000,-599191.60499867,300.3064299195182,705,26:00
87.3%,43685000,-597460.0151234106,300.3201433529039,705,25:59
87.3%,43690000,-600324.8396506198,301.5369591120504,705,25:58
87.3%,43695000,-600513.0980842155,301.2525341627239,705,25:56
87.3%,43700000,-600105.0893089757,300.41280102356166,705,25:55
87.3%,43705000,-599313.9095799518,299.0697677066883,705,25:54
87.3%,43710000,-599133.1136053381,299.41137693727063,705,25:53
87.3%,43715000,-598761.5599951469,299.0735947113541,705,25:52
87.4%,43720000,-600230.5034010545,301.05424135045837,705,25:50
87.4%,43725000,-599088.2409928734,300.2876874094884,705,25:49
87.4%,43730000,-599414.1195761734,302.7793127677166,705,25:48
87.4%,43735000,-599127.3952087746,298.62416698393804,705,25:47
87.4%,43740000,-598271.7272818843,299.40362479961436,705,25:45
87.4%,43745000,-597424.8669087528,302.3129824363601,705,25:44
87.4%,43750000,-599118.6068387316,299.16448607216614,705,25:43
87.4%,43755000,-599708.861610516,300.14525414609443,705,25:42
87.4%,43760000,-599647.7373016984,297.81482909337126,705,25:41
87.4%,43765000,-599477.4897800628,298.32303568732056,705,25:39
87.5%,43770000,-598755.3767464198,298.8544250979952,705,25:38
87.5%,43775000,-598656.3631998328,303.136352677368,705,25:37
87.5%,43780000,-599365.1521168565,300.3607439472747,705,25:36
87.5%,43785000,-599000.3204112928,299.14650405665327,705,25:34
87.5%,43790000,-599129.5628250288,301.30584237515154,705,25:33
87.5%,43795000,-599904.2811123421,301.12913779433404,705,25:32
87.5%,43800000,-598268.4157308759,300.28236394787,705,25:31
87.5%,43805000,-599847.9824465397,301.739373313956,705,25:30
87.5%,43810000,-599816.8278077673,298.2310894470173,705,25:28
87.5%,43815000,-599416.1066949433,301.22172186874826,705,25:27
87.6%,43820000,-599814.2401449834,300.5197363654725,705,25:26
87.6%,43825000,-599218.3497300884,302.8373066076517,705,25:25
87.6%,43830000,-598685.0203380422,299.38004946958995,705,25:23
87.6%,43835000,-599188.4117885712,299.9270167518208,705,25:22
87.6%,43840000,-599632.131047139,301.8138281803702,705,25:21
87.6%,43845000,-600028.2824991886,302.40637606945353,705,25:20
87.6%,43850000,-600317.3002134766,298.55773410807325,705,25:18
87.6%,43855000,-598899.0187188331,300.498074537781,705,25:17
87.6%,43860000,-599672.4947811393,304.3053554102736,705,25:16
87.6%,43865000,-599072.9466031296,300.78078224142416,705,25:15
87.7%,43870000,-600080.5523643764,301.7984220333823,705,25:14
87.7%,43875000,-600889.4199471748,297.184501799254,705,25:12
87.7%,43880000,-598594.0085862665,298.3870889513098,705,25:11
87.7%,43885000,-599916.6933956733,301.01579957923235,705,25:10
87.7%,43890000,-600332.3586950605,300.471972403394,705,25:09
87.7%,43895000,-600185.0919319484,300.3681526357944,705,25:07
87.7%,43900000,-599210.0785795175,298.8955899302334,705,25:06
87.7%,43905000,-599737.8452864033,298.92502842766237,705,25:05
87.7%,43910000,-599473.0329934047,300.70959014180835,705,25:04
87.7%,43915000,-598286.7714803885,301.25800481682944,705,25:03
87.8%,43920000,-599865.8080546758,299.2988728129295,705,25:01
87.8%,43925000,-599759.2129755518,299.6715396582995,705,25:00
87.8%,43930000,-598978.7953642993,300.8868589604933,705,24:59
87.8%,43935000,-600222.4984920751,299.9416869363729,705,24:58
87.8%,43940000,-598488.0238112058,298.68454043574866,705,24:56
87.8%,43945000,-599882.1659022309,300.12383763921486,705,24:55
87.8%,43950000,-599635.2270233463,296.98125350658796,705,24:54
87.8%,43955000,-600020.1467534425,299.6227944129733,705,24:53
87.8%,43960000,-598992.9750425075,300.0501187352364,705,24:52
87.8%,43965000,-599283.7340340768,300.05541766477364,705,24:50
87.9%,43970000,-600552.0369209778,299.80455260251614,705,24:49
87.9%,43975000,-599378.4929525331,301.49208993555237,705,24:48
87.9%,43980000,-599069.0758905816,298.34921141795115,705,24:47
87.9%,43985000,-599465.239943733,301.97257527775605,705,24:45
87.9%,43990000,-599037.4802111876,300.7607640631725,705,24:44
87.9%,43995000,-598891.1508160057,300.8180219406719,705,24:43
87.9%,44000000,-599631.4323938438,299.5024645547322,705,24:42
87.9%,44005000,-598973.9813952418,297.9526257934201,705,24:41
87.9%,44010000,-600079.7270606752,301.9516003483379,705,24:39
87.9%,44015000,-599008.5632382617,300.9839078736843,705,24:38
88.0%,44020000,-598556.7825720385,298.87890811502365,705,24:37
88.0%,44025000,-599454.6408761689,298.8628641339248,705,24:36
88.0%,44030000,-598767.022468972,301.0296111409428,705,24:34
88.0%,44035000,-599757.4029302765,296.8839592725851,705,24:33
88.0%,44040000,-600869.1141977506,301.7601029225622,705,24:32
88.0%,44045000,-598865.2990060356,300.78485456690186,705,24:31
88.0%,44050000,-600254.366314285,301.23690722700536,705,24:30
88.0%,44055000,-599284.1006252118,299.4126771375738,705,24:28
88.0%,44060000,-598638.8761916277,299.71658055936587,705,24:27
88.0%,44065000,-599471.7683027852,301.05200893107,705,24:26
88.1%,44070000,-598893.3597390959,300.2675220387496,705,24:25
88.1%,44075000,-598808.1479753805,299.02342660531883,705,24:23
88.1%,44080000,-600074.7608957822,301.4237435573547,705,24:22
88.1%,44085000,-600006.7556787194,299.1556054587751,705,24:21
88.1%,44090000,-599248.4382513585,299.5659781129353,705,24:20
88.1%,44095000,-599863.0674029719,298.53011098465237,705,24:18
88.1%,44100000,-599487.8697144846,301.81944602696285,705,24:17
88.1%,44105000,-600099.3549954328,300.39207141495547,705,24:16
88.1%,44110000,-600333.4829125148,299.75372213028874,705,24:15
88.1%,44115000,-599420.3484650222,300.8924277429237,705,24:14
88.2%,44120000,-600218.4856855241,300.42737307978905,705,24:12
88.2%,44125000,-599271.2969659031,298.83489756136726,705,24:11
88.2%,44130000,-599605.2753586606,298.34283307684154,705,24:10
88.2%,44135000,-599989.1054494441,299.87253099949595,705,24:09
88.2%,44140000,-599215.8305206071,296.5439936914425,705,24:07
88.2%,44145000,-600477.8913076683,302.3004710749527,705,24:06
88.2%,44150000,-599705.9549637954,302.1103474457238,705,24:05
88.2%,44155000,-598721.0710310889,299.32514667188485,705,24:04
88.2%,44160000,-598944.2545858794,299.3549776826129,705,24:03
88.2%,44165000,-600400.601727331,297.99989911387485,705,24:01
88.3%,44170000,-598747.5012544012,299.16980953378453,705,24:00
88.3%,44175000,-600491.9553953703,302.1972646093829,705,23:59
88.3%,44180000,-599846.2475438807,296.44051737297957,705,23:58
88.3%,44185000,-599473.7722909143,300.257807334598,705,23:56
88.3%,44190000,-599830.1137451716,299.73044118523865,705,23:55
88.3%,44195000,-599487.782987799,299.68449259716823,705,23:54
88.3%,44200000,-598964.6554809618,300.86806738630116,705,23:53
88.3%,44205000,-599011.0634698919,301.85455143514696,705,23:52
88.3%,44210000,-599594.55889442,302.8383369550617,705,23:50
88.3%,44215000,-598905.4541051649,297.89163903957973,705,23:49
88.4%,44220000,-599603.8243573895,301.6343760064592,705,23:48
88.4%,44225000,-601101.8312838641,299.2514522999876,705,23:47
88.4%,44230000,-599345.3608742049,299.938865747036,705,23:45
88.4%,44235000,-600167.7727495073,299.9438457595177,705,23:44
88.4%,44240000,-599316.5288762003,300.64575766654986,705,23:43
88.4%,44245000,-598945.229618161,303.47273657465666,705,23:42
88.4%,44250000,-599632.4816521751,299.3816685869486,705,23:41
88.4%,44255000,-600501.2649202766,300.7741095153403,705,23:39
88.4%,44260000,-598920.6397118056,298.41753326406763,705,23:38
88.4%,44265000,-597475.4749754914,301.1024714220796,705,23:37
88.5%,44270000,-599954.5399281392,300.41579393746696,705,23:36
88.5%,44275000,-599962.1653164579,300.6795138102684,705,23:34
88.5%,44280000,-599626.5640453552,300.36952643234105,705,23:33
88.5%,44285000,-599640.423728677,297.28873861223383,705,23:32
88.5%,44290000,-599555.0753525239,300.87832179623894,705,23:31
88.5%,44295000,-599568.900199757,299.06937519338925,705,23:29
88.5%,44300000,-599417.059302263,303.70166995632957,705,23:28
88.5%,44305000,-600280.6557826567,299.7142745437339,705,23:27
88.5%,44310000,-598859.8556397357,300.65287197009513,705,23:26
88.5%,44315000,-599788.329129729,299.0915031306234,705,23:25
88.6%,44320000,-599151.4635169129,298.5573906589365,705,23:23
88.6%,44325000,-599381.2114232848,296.5012097418457,705,23:22
88.6%,44330000,-599417.9908264135,299.5326144825158,705,23:21
88.6%,44335000,-600005.5064133238,300.86443663828493,705,23:20
88.6%,44340000,-598246.2083314671,299.801706881098,705,23:18
88.6%,44345000,-599151.8688234589,298.45013639997023,705,23:17
88.6%,44350000,-598782.0853836606,299.80754551642144,705,23:16
88.6%,44355000,-599501.0658410741,300.08132354251114,705,23:15
88.6%,44360000,-599788.4578068973,298.7068400975511,705,23:14
88.6%,44365000,-598697.1429771613,297.69614288456995,705,23:12
88.7%,44370000,-600298.449682259,301.6850347541183,705,23:11
88.7%,44375000,-600655.894546479,299.0242361639981,705,23:10
88.7%,44380000,-599345.4220777592,299.6409236209733,705,23:09
88.7%,44385000,-598866.0163290207,299.9325119380075,705,23:07
88.7%,44390000,-598738.3649200574,303.2719660221909,705,23:06
88.7%,44395000,-600223.797252256,298.92034280015497,705,23:05
88.7%,44400000,-599404.536539481,299.8765542608113,705,23:04
88.7%,44405000,-599616.9216879476,300.64475185122103,705,23:03
88.7%,44410000,-600256.9950109934,299.94239836672745,705,23:01
88.7%,44415000,-600122.6341936458,303.2342602134006,705,23:00
88.8%,44420000,-599529.7959554647,296.7905901715728,705,22:59
88.8%,44425000,-600689.2735196333,302.66548391099116,705,22:58
88.8%,44430000,-598770.9913777332,297.8753742697502,705,22:56
88.8%,44435000,-598163.6903594215,300.82018076381667,705,22:55
88.8%,44440000,-600590.7562078782,301.0022088062526,705,22:54
88.8%,44445000,-600316.5976447221,300.40683972783233,705,22:53
88.8%,44450000,-599123.9575729175,300.4646618431991,705,22:52
88.8%,44455000,-600344.9778899564,299.97043853552856,705,22:50
88.8%,44460000,-598984.9714641324,298.4591151416861,705,22:49
88.8%,44465000,-600025.940589854,299.7332133104132,705,22:48
88.9%,44470000,-598578.6793461167,300.250987416027,705,22:47
88.9%,44475000,-600945.0789397019,300.8585489387991,705,22:45
88.9%,44480000,-599337.7299975371,300.69725050496936,705,22:44
88.9%,44485000,-599472.027900442,300.52748850312884,705,22:43
88.9%,44490000,-599344.8451205455,298.5090133948283,705,22:42
88.9%,44495000,-598178.3652600753,298.91815944492896,705,22:40
88.9%,44500000,-598792.371005313,302.0857908324517,705,22:39
88.9%,44505000,-600604.5969656785,297.51563583116786,705,22:38
88.9%,44510000,-599702.5555192968,300.4978537490503,705,22:37
88.9%,44515000,-599135.3296912732,297.424891662843,705,22:36
89.0%,44520000,-599615.072058429,301.17128390981986,705,22:34
89.0%,44525000,-599953.6874389234,301.2459595649647,705,22:33
89.0%,44530000,-599264.7375169774,299.38647687486196,705,22:32
89.0%,44535000,-598394.3306887625,300.26276281499855,705,22:31
89.0%,44540000,-598885.6481039654,298.90584434017114,705,22:29
89.0%,44545000,-598963.5693974914,303.4204832417202,705,22:28
89.0%,44550000,-598947.456980913,299.7559300175959,705,22:27
89.0%,44555000,-599737.6360187605,301.2939688478552,705,22:26
89.0%,44560000,-600751.04139684,300.99470198940827,705,22:25
89.0%,44565000,-598925.8632050129,298.8612450165663,705,22:23
89.1%,44570000,-599659.8781647831,298.3375586793855,705,22:22
89.1%,44575000,-598708.5647865795,300.4470478089041,705,22:21
89.1%,44580000,-598587.9451670856,298.6219836287121,705,22:20
89.1%,44585000,-599767.2565049641,302.4788193052101,705,22:18
89.1%,44590000,-598294.8400916103,299.9093291212822,705,22:17
89.1%,44595000,-598591.7157709273,304.74060359476135,705,22:16
89.1%,44600000,-598936.3774086456,297.87579131513047,705,22:15
89.1%,44605000,-598709.0688748425,302.5695144093726,705,22:14
89.1%,44610000,-599363.8915346814,296.7734177147392,705,22:12
89.1%,44615000,-600686.0163444323,299.24899909186854,705,22:11
89.2%,44620000,-598550.7138990406,299.0430768023527,705,22:10
89.2%,44625000,-599616.5915448801,300.45470181823566,705,22:09
89.2%,44630000,-599583.8361706818,299.48705840774437,705,22:07
89.2%,44635000,-599422.9266890083,298.5696321674508,705,22:06
89.2%,44640000,-600132.9357008236,300.70735772242,705,22:05
89.2%,44645000,-598909.8062410918,298.4682901400515,705,22:04
89.2%,44650000,-599298.6975769773,300.3791430081679,705,22:03
89.2%,44655000,-601086.2287273528,300.32517242954805,705,22:01
89.2%,44660000,-599148.964520317,301.4211431567485,705,22:00
89.2%,44665000,-599408.6706646574,299.4506037350948,705,21:59
89.3%,44670000,-598794.9270755234,299.3569402491082,705,21:58
89.3%,44675000,-598755.7335549952,299.9290283824784,705,21:56
89.3%,44680000,-599665.609975588,299.83634617973945,705,21:55
89.3%,44685000,-600472.2494397936,300.27107919052224,705,21:54
89.3%,44690000,-600565.5568743702,299.4239373628404,705,21:53
89.3%,44695000,-599258.6599867325,301.77707912274633,705,21:51
89.3%,44700000,-596823.3032025336,302.04641684214045,705,21:50
89.3%,44705000,-600336.0726971608,301.46252877771747,705,21:49
89.3%,44710000,-599225.4258141173,300.5996864180734,705,21:48
89.3%,44715000,-599454.0889442274,301.10041072725954,705,21:47
89.4%,44720000,-598836.704436881,298.9638381801063,705,21:45
89.4%,44725000,-598619.172914783,298.12920771383176,705,21:44
89.4%,44730000,-599995.8881170861,300.13858142001055,705,21:43
89.4%,44735000,-599748.614682381,300.4059811049906,705,21:42
89.4%,44740000,-599532.8413941655,302.40963883625193,705,21:40
89.4%,44745000,-600234.5602173577,302.4790891581032,705,21:39
89.4%,44750000,-599713.3431199337,300.599882674723,705,21:38
89.4%,44755000,-600146.5995062506,299.3761488686806,705,21:37
89.4%,44760000,-600197.0480255722,299.233249495744,705,21:36
89.4%,44765000,-599364.2758085243,299.8686303985866,705,21:34
89.5%,44770000,-600110.8056830605,299.3660661833112,705,21:33
89.5%,44775000,-599746.9700325876,297.6235524563263,705,21:32
89.5%,44780000,-600333.2125222613,301.7149393610899,705,21:31
89.5%,44785000,-599517.3312404249,298.60000288396503,705,21:29
89.5%,44790000,-599881.7691494627,297.79275022029947,705,21:28
89.5%,44795000,-598758.8242570814,300.8660802877247,705,21:27
89.5%,44800000,-598845.7763763666,301.6900883628436,705,21:26
89.5%,44805000,-600378.5340584256,299.02661577587367,705,21:25
89.5%,44810000,-600489.9644920886,298.39577330805133,705,21:23
89.5%,44815000,-599312.7637531897,299.60206480436705,705,21:22
89.6%,44820000,-598672.0552726402,297.32288726925145,705,21:21
89.6%,44825000,-598487.935787735,301.49873812955514,705,21:20
89.6%,44830000,-599544.2699331949,302.0455091551364,705,21:18
89.6%,44835000,-600770.0499975407,299.33471418354935,705,21:17
89.6%,44840000,-599539.8866643468,299.85310159119285,705,21:16
89.6%,44845000,-600722.3591934261,299.46115253000687,705,21:15
89.6%,44850000,-600405.9301372371,299.76059111302214,705,21:14
89.6%,44855000,-598587.3935927269,301.7034828791738,705,21:12
89.6%,44860000,-600674.577017874,304.62505749235254,705,21:11
89.6%,44865000,-601070.8316962961,300.8223641190426,705,21:10
89.7%,44870000,-600381.5680240248,299.2956100461311,705,21:09
89.7%,44875000,-599907.4862080566,298.10089769213755,705,21:07
89.7%,44880000,-598076.2812164682,301.759170703477,705,21:06
89.7%,44885000,-599129.8391076513,302.0353774056046,705,21:05
89.7%,44890000,-600230.4572237334,301.0963629338631,705,21:04
89.7%,44895000,-597601.9506939729,299.400362032816,705,21:03
89.7%,44900000,-598882.5244069444,300.6948218289315,705,21:01
89.7%,44905000,-599241.5124888713,300.91531617467473,705,21:00
89.7%,44910000,-599697.1287392592,300.34347336211636,705,20:59
89.7%,44915000,-599958.4717815439,300.2284669654938,705,20:58
89.8%,44920000,-600037.1100676861,299.8032769342943,705,20:56
89.8%,44925000,-599628.7337167021,299.0446713876301,705,20:55
89.8%,44930000,-599266.6511675636,300.7284798443253,705,20:54
89.8%,44935000,-599308.345781893,298.37205078553984,705,20:53
89.8%,44940000,-598887.6559686246,304.6623462557626,705,20:51
89.8%,44945000,-599639.2602550257,299.666854030792,705,20:50
89.8%,44950000,-598582.8934958149,300.85506538327,705,20:49
89.8%,44955000,-599268.4237478529,302.3269166584764,705,20:48
89.8%,44960000,-599418.8702521198,299.5751776433819,705,20:47
89.8%,44965000,-598555.8987346375,297.73880417376085,705,20:45
89.9%,44970000,-599199.6666241596,299.33966966394985,705,20:44
89.9%,44975000,-600094.361129344,301.0464892128021,705,20:43
89.9%,44980000,-599686.322980165,299.28116065030974,705,20:42
89.9%,44985000,-598959.7580324174,300.00900296716054,705,20:40
89.9%,44990000,-597515.7794669219,299.1959116681716,705,20:39
89.9%,44995000,-597445.5411839923,301.38046896613406,705,20:38
89.9%,45000000,-599896.4987080242,300.74550510867175,705,20:37
89.9%,45005000,-598411.0104199187,301.99710735894683,705,20:36
89.9%,45010000,-599053.353306802,300.04246472590484,705,20:34
89.9%,45015000,-599631.3572414797,301.13031533423117,705,20:33
90.0%,45020000,-598764.9415890975,296.91469797031715,705,20:32
90.0%,45025000,-598915.5560351983,300.9496610883419,705,20:31
90.0%,45030000,-600120.4348331913,300.0634151232418,705,20:29
90.0%,45035000,-599407.5930308541,298.88106693816843,705,20:28
90.0%,45040000,-599509.899280081,299.7811735291413,705,20:27
90.0%,45045000,-600028.1073308648,299.1458171583799,705,20:26
90.0%,45050000,-598394.175216963,298.9649175916787,705,20:25
90.0%,45055000,-599751.5124248862,301.5180203453711,705,20:23
90.0%,45060000,-600914.5857660053,300.78431486111566,705,20:22
90.0%,45065000,-599345.1823306903,302.5360281185471,705,20:21
90.0%,45070000,-599355.2725231666,300.7692521632645,705,20:20
90.1%,45075000,-599012.5797632476,302.36427901813005,705,20:18
90.1%,45080000,-600527.8128288179,303.52062319714116,705,20:17
90.1%,45085000,-598458.4584436528,302.27493317843306,705,20:16
90.1%,45090000,-598874.9973926945,301.70946870698435,705,20:15
90.1%,45095000,-599152.9521742901,297.6120959744102,705,20:14
90.1%,45100000,-600241.5653883396,298.5182865215184,705,20:12
90.1%,45105000,-598330.1907962416,300.2617815317509,705,20:11
90.1%,45110000,-598833.6924409568,300.30368232642485,705,20:10
90.1%,45115000,-600653.8064561007,301.2056778876494,705,20:09
90.1%,45120000,-600012.9934529071,303.02070844663444,705,20:07
90.2%,45125000,-600637.5169551643,298.8862186752185,705,20:06
90.2%,45130000,-599120.3238505311,303.39658899464035,705,20:05
90.2%,45135000,-600359.9087235034,300.9698755232431,705,20:04
90.2%,45140000,-600636.1799777849,299.72222293803975,705,20:02
90.2%,45145000,-598199.5105171972,300.32276828559134,705,20:01
90.2%,45150000,-599583.1882500164,301.71118595266773,705,20:00
90.2%,45155000,-599447.2158355801,298.96427975756774,705,19:59
90.2%,45160000,-599494.6102394043,301.010868630913,705,19:58
90.2%,45165000,-599139.7554268269,299.0938827424989,705,19:56
90.2%,45170000,-601168.9768446218,299.72835595833743,705,19:55
90.3%,45175000,-600249.8176811691,302.9829535736817,705,19:54
90.3%,45180000,-599256.7097581686,300.98768581418767,705,19:53
90.3%,45185000,-599715.4678573539,301.0122178953785,705,19:51
90.3%,45190000,-599935.7293926398,300.5423058801681,705,19:50
90.3%,45195000,-599779.6720690113,299.90920646087625,705,19:49
90.3%,45200000,-598002.1357760741,297.3753613909186,705,19:48
90.3%,45205000,-598859.6597723668,299.35858389854803,705,19:47
90.3%,45210000,-600498.5065835677,303.23713046689994,705,19:45
90.3%,45215000,-600521.3414336354,302.17145685997014,705,19:44
90.3%,45220000,-599716.2806145195,298.9272363149696,705,19:43
90.4%,45225000,-599226.2498869305,301.8365448875529,705,19:42
90.4%,45230000,-598315.5083146412,301.1945157907076,705,19:40
90.4%,45235000,-599073.0524185686,301.96543644212954,705,19:39
90.4%,45240000,-599949.5723722158,297.77415490275683,705,19:38
90.4%,45245000,-600312.8756054635,298.83276327030364,705,19:37
90.4%,45250000,-597961.5734882248,301.73976582725504,705,19:36
90.4%,45255000,-599300.7747849985,300.8115945353999,705,19:34
90.4%,45260000,-598459.6862929673,300.32345518386467,705,19:33
90.4%,45265000,-598217.5838495577,302.1581604719647,705,19:32
90.4%,45270000,-598829.5904045296,298.51203084081476,705,19:31
90.5%,45275000,-598588.710292052,299.3214668597063,705,19:29
90.5%,45280000,-599059.0102589149,301.95277788823506,705,19:28
90.5%,45285000,-599312.7362236483,300.213453331805,705,19:27
90.5%,45290000,-600115.8252491849,300.6881245707664,705,19:26
90.5%,45295000,-599607.1216229154,301.68635948650257,705,19:25
90.5%,45300000,-599578.4987445562,303.2316352807132,705,19:23
90.5%,45305000,-599291.3530217013,299.1938509733516,705,19:22
90.5%,45310000,-599964.7328804559,300.431739790241,705,19:21
90.5%,45315000,-599748.4026332083,299.6713679337311,705,19:20
90.5%,45320000,-597684.9108673115,296.8339138269558,705,19:18
90.6%,45325000,-599401.9497613292,299.2426943470025,705,19:17
90.6%,45330000,-599667.3561663013,298.2050118447114,705,19:16
90.6%,45335000,-598668.4417184158,300.5446364278812,705,19:15
90.6%,45340000,-600348.4854049613,300.2491720420188,705,19:13
90.6%,45345000,-601248.0716307666,302.20143506318533,705,19:12
90.6%,45350000,-600414.2630909351,299.8856801950143,705,19:11
90.6%,45355000,-600206.681406043,299.3080968754573,705,19:10
90.6%,45360000,-600523.1830345462,299.89223026069214,705,19:09
90.6%,45365000,-599236.891238234,299.8097043395662,705,19:07
90.6%,45370000,-599323.5702924277,299.2581250260715,705,19:06
90.7%,45375000,-599341.9990731282,299.1297731772811,705,19:05
90.7%,45380000,-599090.4302448994,298.69619317431426,705,19:04
90.7%,45385000,-599247.8807675838,301.2573424506373,705,19:02
90.7%,45390000,-600672.5716521563,300.4154504883303,705,19:01
90.7%,45395000,-599099.8547833469,300.6605259794267,705,19:00
90.7%,45400000,-599274.9049798837,299.7006347065918,705,18:59
90.7%,45405000,-598614.1824208712,297.5018242694574,705,18:58
90.7%,45410000,-600434.0211727712,302.34244546587024,705,18:56
90.7%,45415000,-598684.256484618,303.5504542078692,705,18:55
90.7%,45420000,-600097.1764819459,299.29919172998495,705,18:54
90.8%,45425000,-600017.5620931662,298.4507251699188,705,18:53
90.8%,45430000,-599441.4851451325,300.18862686563983,705,18:51
90.8%,45435000,-600693.9949388863,299.3777679860392,705,18:50
90.8%,45440000,-600009.5274223457,299.889114686381,705,18:49
90.8%,45445000,-599132.0778600438,299.8074719201779,705,18:48
90.8%,45450000,-599609.1083944454,301.4031120770733,705,18:47
90.8%,45455000,-599794.7155420813,301.8893379262755,705,18:45
90.8%,45460000,-599053.3641272672,299.1708889453569,705,18:44
90.8%,45465000,-597996.2998863966,304.44420698981367,705,18:43
90.8%,45470000,-599263.3496828335,299.32068183310815,705,18:42
90.9%,45475000,-600117.2775408123,302.1620856049552,705,18:40
90.9%,45480000,-599923.1922186515,300.64013981995714,705,18:39
90.9%,45485000,-597057.4204580802,299.913156125948,705,18:38
90.9%,45490000,-599131.660336955,301.32549257218545,705,18:37
90.9%,45495000,-599636.0770438188,302.4361825481004,705,18:36
90.9%,45500000,-599740.9233401855,301.4954508306755,705,18:34
90.9%,45505000,-599322.3015588294,299.3893716604425,705,18:33
90.9%,45510000,-599034.2100325627,302.08024658210263,705,18:32
90.9%,45515000,-598750.1029033875,300.302799171502,705,18:31
90.9%,45520000,-598097.1562093999,300.3539240287037,705,18:29
91.0%,45525000,-599733.2052877741,300.9613874231511,705,18:28
91.0%,45530000,-599487.6956108958,301.2395812238551,705,18:27
91.0%,45535000,-600013.498307806,302.33589540019227,705,18:26
91.0%,45540000,-599393.2221424514,299.67612715748214,705,18:24
91.0%,45545000,-599340.9733787291,297.2858683587345,705,18:23
91.0%,45550000,-599732.0153235369,299.467727127766,705,18:22
91.0%,45555000,-598176.671479715,301.3022116271353,705,18:21
91.0%,45560000,-600002.6329560038,300.84324092013605,705,18:20
91.0%,45565000,-599186.1982952971,297.0635095748208,705,18:18
91.0%,45570000,-598660.6419491419,300.65615926897476,705,18:17
91.1%,45575000,-598539.1174790366,297.5563100217822,705,18:16
91.1%,45580000,-600384.2893697117,298.48975571109344,705,18:15
91.1%,45585000,-600365.457785048,299.28893732004724,705,18:13
91.1%,45590000,-599264.3449903517,301.4326977669894,705,18:12
91.1%,45595000,-599854.3019549195,298.33517906751,705,18:11
91.1%,45600000,-600070.7960710688,297.69786013025333,705,18:10
91.1%,45605000,-599412.1565518533,300.6713200951507,705,18:09
91.1%,45610000,-598721.499734933,300.02754922054083,705,18:07
91.1%,45615000,-599936.131062733,300.9886670974353,705,18:06
91.1%,45620000,-599564.2960812957,302.78917466435536,705,18:05
91.2%,45625000,-599862.4479277749,300.97063601776006,705,18:04
91.2%,45630000,-599836.5946600665,300.1299706595126,705,18:02
91.2%,45635000,-599978.3810947821,304.5192506261765,705,18:01
91.2%,45640000,-600589.2747287415,298.7206271271804,705,18:00
91.2%,45645000,-599148.0234306413,301.6816002627516,705,17:59
91.2%,45650000,-600130.8396243202,300.8931391732782,705,17:58
91.2%,45655000,-600322.9983837851,302.6891083051779,705,17:56
91.2%,45660000,-598884.2555250241,303.5315154411899,705,17:55
91.2%,45665000,-600157.3199351211,299.74175047466764,705,17:54
91.2%,45670000,-599445.0743928342,299.01076805142435,705,17:53
91.3%,45675000,-598759.6917781588,299.1686319938874,705,17:51
91.3%,45680000,-599669.9700643956,301.8763359232444,705,17:50
91.3%,45685000,-598741.4040528303,302.34352487744263,705,17:49
91.3%,45690000,-600531.3863517004,298.73981121467165,705,17:48
91.3%,45695000,-600557.9218623596,303.3796618586187,705,17:47
91.3%,45700000,-598999.4665769809,298.6252954596728,705,17:45
91.3%,45705000,-598981.9884213293,298.67595420733187,705,17:44
91.3%,45710000,-601068.0032331119,300.71027704008173,705,17:43
91.3%,45715000,-599599.1050884672,298.17388063368026,705,17:42
91.3%,45720000,-599770.2071702508,300.96447846538115,705,17:40
91.4%,45725000,-599698.3639707025,299.08225453601443,705,17:39
91.4%,45730000,-599921.5994793274,297.3353986306588,705,17:38
91.4%,45735000,-598995.1349991094,300.7150362638327,705,17:37
91.4%,45740000,-599731.2104775477,299.2299376647833,705,17:35
91.4%,45745000,-598786.3757522339,298.3125604886521,705,17:34
91.4%,45750000,-600094.122085603,298.9994832940766,705,17:33
91.4%,45755000,-598782.1893578381,303.68032704569356,705,17:32
91.4%,45760000,-600170.0503262049,300.06469079146376,705,17:31
91.4%,45765000,-599233.6473884583,300.28641174126653,705,17:29
91.4%,45770000,-597696.9490320385,300.64791648969464,705,17:28
91.5%,45775000,-598327.4058674918,298.65708903689614,705,17:27
91.5%,45780000,-598975.5941826394,299.09994216655303,705,17:26
91.5%,45785000,-598161.5814659721,299.1571264478089,705,17:24
91.5%,45790000,-600040.5482354383,301.71697552382875,705,17:23
91.5%,45795000,-598920.3437139853,298.6543905079651,705,17:22
91.5%,45800000,-598318.5319531644,299.95724027584794,705,17:21
91.5%,45805000,-599048.7222433574,301.36577424950076,705,17:20
91.5%,45810000,-598416.2618339648,300.50222045950227,705,17:18
91.5%,45815000,-598933.5687143421,299.6461244221857,705,17:17
91.5%,45820000,-599974.5801037978,298.4302163500433,705,17:16
91.6%,45825000,-598412.5214805701,296.833423185332,705,17:15
91.6%,45830000,-598949.9169826726,299.5153684294386,705,17:13
91.6%,45835000,-599727.5976539883,299.3874090939472,705,17:12
91.6%,45840000,-598863.1742786593,299.4167494630515,705,17:11
91.6%,45845000,-600103.933253258,299.7663806841832,705,17:10
91.6%,45850000,-599088.84047481,300.3935678719081,705,17:09
91.6%,45855000,-599741.8403183292,299.48352578805293,705,17:07
91.6%,45860000,-599933.2050483855,299.80479792332807,705,17:06
91.6%,45865000,-598506.8428228064,298.9262304996407,705,17:05
91.6%,45870000,-598982.9199589659,300.8961566192647,705,17:04
91.7%,45875000,-599345.6626349436,298.5576850439109,705,17:02
91.7%,45880000,-600231.1815015739,299.98133077957726,705,17:01
91.7%,45885000,-599737.7904824861,302.64988150735377,705,17:00
91.7%,45890000,-599231.376675976,299.94404201616726,705,16:59
91.7%,45895000,-598673.5167806232,299.7265405843293,705,16:58
91.7%,45900000,-599734.4207743257,300.6220106119571,705,16:56
91.7%,45905000,-598771.4267752524,299.3941063521123,705,16:55
91.7%,45910000,-600579.7819075338,299.6380778995551,705,16:54
91.7%,45915000,-599952.8523640027,298.00056148006706,705,16:53
91.7%,45920000,-600034.8943920406,300.19922472471427,705,16:51
91.8%,45925000,-600024.2231448502,301.39700358885676,705,16:50
91.8%,45930000,-598248.4124115156,301.0113347404556,705,16:49
91.8%,45935000,-599999.5541288778,299.66663324206127,705,16:48
91.8%,45940000,-600374.9335577283,300.9584926375706,705,16:46
91.8%,45945000,-599598.2916291966,299.9253976344622,705,16:45
91.8%,45950000,-600052.1862053908,299.897480126067,705,16:44
91.8%,45955000,-599746.78637981,301.0676358667886,705,16:43
91.8%,45960000,-598514.2125812969,301.4190088656849,705,16:42
91.8%,45965000,-598044.7654462522,298.1852144551904,705,16:40
91.8%,45970000,-599164.091941948,300.1700315480972,705,16:39
91.9%,45975000,-599856.1501566558,301.12168004165204,705,16:38
91.9%,45980000,-598842.8850210872,300.65429483080425,705,16:37
91.9%,45985000,-600891.0137631763,300.1662045434314,705,16:35
91.9%,45990000,-598997.9131610622,299.00701464300215,705,16:34
91.9%,45995000,-600153.3001098502,303.6162983137854,705,16:33
91.9%,46000000,-600281.741943046,300.56867786744823,705,16:32
91.9%,46005000,-600544.8599994029,302.9354349324151,705,16:31
91.9%,46010000,-598426.77012756,298.7732729734159,705,16:29
91.9%,46015000,-599483.7729752772,298.7080667016107,705,16:28
91.9%,46020000,-599837.6241577007,300.97176449349485,705,16:27
92.0%,46025000,-599872.3746867878,299.1624008452649,705,16:26
92.0%,46030000,-599672.2442184952,300.9096247318384,705,16:24
92.0%,46035000,-599779.7341031404,300.09672968949894,705,16:23
92.0%,46040000,-598745.6242602058,302.95741567716203,705,16:22
92.0%,46045000,-599036.7865500813,301.83514655892503,705,16:21
92.0%,46050000,-599602.0450016554,302.26435985143985,705,16:20
92.0%,46055000,-598668.1510807113,300.54588756402194,705,16:18
92.0%,46060000,-599637.7640611329,299.5143380820286,705,16:17
92.0%,46065000,-599200.0960061778,300.32382316508256,705,16:16
92.0%,46070000,-601666.7052746881,303.0785550940824,705,16:15
92.1%,46075000,-600523.3885693806,301.40806755747377,705,16:13
92.1%,46080000,-599041.0595372356,300.72168445783547,705,16:12
92.1%,46085000,-599701.2430671984,297.7004359987784,705,16:11
92.1%,46090000,-600144.7843158799,302.0954319403598,705,16:10
92.1%,46095000,-600290.9980968889,299.5463769800638,705,16:09
92.1%,46100000,-597841.0142315831,300.924736493852,705,16:07
92.1%,46105000,-599711.7523877099,301.91907080867884,705,16:06
92.1%,46110000,-598862.083989941,300.4051960783925,705,16:05
92.1%,46115000,-599736.4773979229,304.7923172219116,705,16:04
92.1%,46120000,-599941.7938526827,299.4953747832681,705,16:02
92.2%,46125000,-599337.0478161075,299.84002599191814,705,16:01
92.2%,46130000,-598922.1975100925,301.3358205783668,705,16:00
92.2%,46135000,-598701.6047508,300.12270916348007,705,15:59
92.2%,46140000,-600818.7335113096,298.45119127946145,705,15:58
92.2%,46145000,-599175.4563211799,301.23889432558184,705,15:56
92.2%,46150000,-601083.7338519436,300.86065869778156,705,15:55
92.2%,46155000,-599728.8201288357,299.530455659371,705,15:54
92.2%,46160000,-600809.3106613117,299.8368368213633,705,15:53
92.2%,46165000,-600027.675699593,298.62230254576747,705,15:51
92.2%,46170000,-598651.0234464793,300.1543800802974,705,15:50
92.3%,46175000,-599690.1944648339,302.8008519350022,705,15:49
92.3%,46180000,-599910.1916196281,300.45595295437636,705,15:48
92.3%,46185000,-600310.6342323455,301.8697613254853,705,15:46
92.3%,46190000,-598946.5326176654,302.1064959089768,705,15:45
92.3%,46195000,-599442.346502386,295.3065955161769,705,15:44
92.3%,46200000,-598178.1107318667,298.958784571381,705,15:43
92.3%,46205000,-599631.0861825882,297.395723018307,705,15:42
92.3%,46210000,-597988.0988441305,299.7030388505485,705,15:40
92.3%,46215000,-600259.8614451182,301.5838399192061,705,15:39
92.3%,46220000,-600814.7947364585,300.62647545073384,705,15:38
92.4%,46225000,-600526.4681024477,301.07264041135153,705,15:37
92.4%,46230000,-599992.8048636406,302.24127516303923,705,15:35
92.4%,46235000,-599916.4804931846,301.1190796410458,705,15:34
92.4%,46240000,-599745.6743524633,299.6568940058285,705,15:33
92.4%,46245000,-599704.3464369373,299.6075109263914,705,15:32
92.4%,46250000,-600010.3174657389,302.2482422740975,705,15:31
92.4%,46255000,-599693.1445497731,304.58212635026854,705,15:29
92.4%,46260000,-599383.9509718483,300.8507968011428,705,15:28
92.4%,46265000,-599476.1309328284,299.2775053702123,705,15:27
92.4%,46270000,-599505.1586830486,301.4105698297552,705,15:26
92.5%,46275000,-600500.9816410341,302.3746315563926,705,15:24
92.5%,46280000,-599521.9339172263,302.8492291991105,705,15:23
92.5%,46285000,-598116.140528861,301.97174118699553,705,15:22
92.5%,46290000,-598128.2869221554,302.61043392079887,705,15:21
92.5%,46295000,-599380.5974245989,301.5274651966296,705,15:20
92.5%,46300000,-600273.0485372883,299.6681296990139,705,15:18
92.5%,46305000,-598308.8071427667,301.80538914444054,705,15:17
92.5%,46310000,-599572.2477127207,298.46308933883904,705,15:16
92.5%,46315000,-598794.0951167117,302.0826997902217,705,15:15
92.5%,46320000,-598523.1362214251,302.25354120363465,705,15:13
92.6%,46325000,-599254.5952001256,297.5899435050949,705,15:12
92.6%,46330000,-599506.8941948628,298.47108679730724,705,15:11
92.6%,46335000,-599478.135896964,297.2729399519469,705,15:10
92.6%,46340000,-599687.064419786,301.8045059895176,705,15:09
92.6%,46345000,-600189.1327218311,300.2075165681568,705,15:07
92.6%,46350000,-599229.0433818554,299.90910833255145,705,15:06
92.6%,46355000,-599811.7505960069,298.11988552297925,705,15:05
92.6%,46360000,-598781.3321662997,299.9589329894501,705,15:04
92.6%,46365000,-600646.8242745316,301.39884349494605,705,15:02
92.6%,46370000,-600035.0620290455,300.8167217403688,705,15:01
92.7%,46375000,-599517.2684707032,298.0898582556017,705,15:00
92.7%,46380000,-599234.767747792,300.66741949424136,705,14:59
92.7%,46385000,-599679.3590043145,299.17388185926217,705,14:57
92.7%,46390000,-598692.7965014498,300.2450997165411,705,14:56
92.7%,46395000,-599534.8439043867,299.72163416809116,705,14:55
92.7%,46400000,-599984.8807758661,304.9021228173218,705,14:54
92.7%,46405000,-598844.4926831019,300.994162283622,705,14:53
92.7%,46410000,-599249.1797371618,297.96830179330107,705,14:51
92.7%,46415000,-597807.9118434582,299.0403782734217,705,14:50
92.7%,46420000,-600172.0976029984,299.8269258605622,705,14:49
92.8%,46425000,-601390.3516474785,298.5070998924954,705,14:48
92.8%,46430000,-598737.7340998608,299.20920805617703,705,14:46
92.8%,46435000,-600102.5214220444,301.98866832301724,705,14:45
92.8%,46440000,-599868.4344619014,299.45717833285397,705,14:44
92.8%,46445000,-599365.3694463908,300.3481099254615,705,14:43
92.8%,46450000,-599953.5248316787,300.4170696056889,705,14:42
92.8%,46455000,-598434.225964854,301.2322461315791,705,14:40
92.8%,46460000,-598065.675757132,300.1413780772663,705,14:39
92.8%,46465000,-599559.6619158085,300.24642444892544,705,14:38
92.8%,46470000,-599646.2196046296,300.3056694250013,705,14:37
92.9%,46475000,-600855.7812208892,300.91080227173563,705,14:35
92.9%,46480000,-599155.8647487867,301.7173189729654,705,14:34
92.9%,46485000,-599127.6589541445,299.13762344326216,705,14:33
92.9%,46490000,-599108.3454223769,300.53423482545634,705,14:32
92.9%,46495000,-599587.4881762797,301.0353271158603,705,14:31
92.9%,46500000,-599378.0752187558,301.8011205623133,705,14:29
92.9%,46505000,-600533.6805899385,303.40519975513837,705,14:28
92.9%,46510000,-598672.8473862871,301.34659016200953,705,14:27
92.9%,46515000,-599913.1575195412,301.04663640528923,705,14:26
92.9%,46520000,-599585.3469879068,301.7941534512551,705,14:24
93.0%,46525000,-599319.5695911059,301.83728084998864,705,14:23
93.0%,46530000,-598693.4244108754,300.5615635639029,705,14:22
93.0%,46535000,-600028.2846961883,300.5123031448717,705,14:21
93.0%,46540000,-599335.6304333401,299.6090564475064,705,14:19
93.0%,46545000,-599416.1439302755,298.68689551554303,705,14:18
93.0%,46550000,-598554.1295457771,301.7385146911143,705,14:17
93.0%,46555000,-599791.9475096096,298.92811946989247,705,14:16
93.0%,46560000,-598933.2135394528,300.2457866148145,705,14:15
93.0%,46565000,-598444.8010791414,299.7713116325026,705,14:13
93.0%,46570000,-599153.7430244628,300.12423015251386,705,14:12
93.1%,46575000,-599598.3979192185,301.04592497493474,705,14:11
93.1%,46580000,-598691.3669536253,297.2721058611864,705,14:10
93.1%,46585000,-599769.8009577421,300.90496363641216,705,14:08
93.1%,46590000,-600050.836213876,300.20003428339356,705,14:07
93.1%,46595000,-599980.9748952398,299.74758910999105,705,14:06
93.1%,46600000,-599689.7273328998,298.1410812411281,705,14:05
93.1%,46605000,-598705.7508656587,302.011262369794,705,14:04
93.1%,46610000,-599569.686306823,298.1506978169549,705,14:02
93.1%,46615000,-599796.3522351398,301.9974753401647,705,14:01
93.1%,46620000,-599830.7491516662,301.32232793371185,705,14:00
93.2%,46625000,-599283.992766737,298.94234807698314,705,13:59
93.2%,46630000,-599765.8209005734,299.82201944432404,705,13:57
93.2%,46635000,-598262.4013740681,298.4424823906387,705,13:56
93.2%,46640000,-598375.9452589056,297.2889839330457,705,13:55
93.2%,46645000,-598801.2654672279,302.8928472394678,705,13:54
93.2%,46650000,-600149.5601705294,300.11527594287924,705,13:53
93.2%,46655000,-599148.1264940077,300.4933643781923,705,13:51
93.2%,46660000,-598343.5110276169,299.3906963928268,705,13:50
93.2%,46665000,-598009.7123366701,299.30404908206077,705,13:49
93.2%,46670000,-598473.6476977677,301.0468081298576,705,13:48
93.3%,46675000,-598190.6835809383,300.9971551975273,705,13:46
93.3%,46680000,-599147.90763757,298.69906342781366,705,13:45
93.3%,46685000,-599183.2369289896,299.25935163013105,705,13:44
93.3%,46690000,-599029.5182684278,298.8653664062063,705,13:43
93.3%,46695000,-598333.2445484865,302.7413861701956,705,13:42
93.3%,46700000,-599436.6316710874,302.87400660111325,705,13:40
93.3%,46705000,-598935.9050900475,300.82572501416576,705,13:39
93.3%,46710000,-599821.1008554623,300.3324829897429,705,13:38
93.3%,46715000,-598872.45552574,301.0072133508156,705,13:37
93.3%,46720000,-599544.4018956427,299.1451547921877,705,13:35
93.4%,46725000,-598912.973535887,301.01997003303484,705,13:34
93.4%,46730000,-600126.6932720435,299.6108472894333,705,13:33
93.4%,46735000,-600042.8479133951,300.80492180931594,705,13:32
93.4%,46740000,-599837.369459515,302.33675402303396,705,13:30
93.4%,46745000,-600401.8591869106,300.21777097809456,705,13:29
93.4%,46750000,-599750.8285576333,299.6515705442101,705,13:28
93.4%,46755000,-598762.8004535236,299.9818704853635,705,13:27
93.4%,46760000,-600082.0737779555,302.4656210455294,705,13:26
93.4%,46765000,-599884.2085229508,300.511321861624,705,13:24
93.4%,46770000,-598900.5417263601,301.2569990015007,705,13:23
93.5%,46775000,-599062.1470657317,299.16841120515664,705,13:22
93.5%,46780000,-601130.5804747301,299.85283173829976,705,13:21
93.5%,46785000,-599252.9308008538,297.98380606861366,705,13:19
93.5%,46790000,-600169.5363079747,302.85025954652053,705,13:18
93.5%,46795000,-599467.9633952766,299.2292262344287,705,13:17
93.5%,46800000,-600311.6183133605,302.1560507129823,705,13:16
93.5%,46805000,-598760.4255645196,298.090152640576,705,13:15
93.5%,46810000,-598851.2896882519,301.8737845868006,705,13:13
93.5%,46815000,-599745.4999300428,298.16860623622426,705,13:12
93.5%,46820000,-599180.3595076939,300.9958795293054,705,13:11
93.6%,46825000,-599059.4864589553,298.5597457387309,705,13:10
93.6%,46830000,-600084.127741416,302.45399283904493,705,13:08
93.6%,46835000,-598050.608333176,301.7818383464973,705,13:07
93.6%,46840000,-600042.7556537692,300.1218750727196,705,13:06
93.6%,46845000,-599668.7679242729,301.14537803208236,705,13:05
93.6%,46850000,-598725.2062611054,301.3222543374682,705,13:04
93.6%,46855000,-599414.272494161,300.8350717370995,705,13:02
93.6%,46860000,-599252.5243108114,300.58312726326966,705,13:01
93.6%,46865000,-598981.1607545922,299.9154376094987,705,13:00
93.6%,46870000,-599020.890445536,300.9971061333649,705,12:59
93.7%,46875000,-598887.629209518,300.5973804024415,705,12:57
93.7%,46880000,-598554.8206600938,299.6686448727189,705,12:56
93.7%,46885000,-598912.7549125724,301.3809596077579,705,12:55
93.7%,46890000,-600086.9375063246,299.7657919142346,705,12:54
93.7%,46895000,-600009.0286108847,300.81103029753245,705,12:53
93.7%,46900000,-599642.0963603836,299.2684285001717,705,12:51
93.7%,46905000,-597201.4127173256,297.47780736197154,705,12:50
93.7%,46910000,-600530.8210784048,298.37011275112576,705,12:49
93.7%,46915000,-599486.2423786907,301.9853564920565,705,12:48
93.7%,46920000,-598911.5047467942,298.21249412947463,705,12:46
93.8%,46925000,-600739.1941937706,299.1707417528698,705,12:45
93.8%,46930000,-600032.8594010822,303.4369933323617,705,12:44
93.8%,46935000,-599569.5863599298,301.6488008701994,705,12:43
93.8%,46940000,-599135.3243044522,301.0572097322825,705,12:41
93.8%,46945000,-599721.1407226115,301.59070890193954,705,12:40
93.8%,46950000,-599500.498352394,299.98861680769096,705,12:39
93.8%,46955000,-598472.788271015,301.81279783296014,705,12:38
93.8%,46960000,-599755.1457988732,297.48374412561975,705,12:37
93.8%,46965000,-598729.0103152548,301.5120590496417,705,12:35
93.8%,46970000,-598357.9003119674,300.8726548854839,705,12:34
93.9%,46975000,-598618.5587564372,301.98763797560724,705,12:33
93.9%,46980000,-600061.3745884243,298.7492315338489,705,12:32
93.9%,46985000,-600656.7353054355,300.4420923285036,705,12:30
93.9%,46990000,-599746.2662015753,300.78330904578684,705,12:29
93.9%,46995000,-599618.2420795378,298.7405962412697,705,12:28
93.9%,47000000,-600300.3438047459,299.8551377539316,705,12:27
93.9%,47005000,-599540.7760856897,299.06829578181686,705,12:26
93.9%,47010000,-598877.7773787668,299.39837493423954,705,12:24
93.9%,47015000,-599480.8233741927,299.4372092187646,705,12:23
93.9%,47020000,-598839.7865774576,301.45342737559565,705,12:22
94.0%,47025000,-600457.7671110956,301.0572097322825,705,12:21
94.0%,47030000,-600078.1504961816,300.1303141086492,705,12:19
94.0%,47035000,-599780.5318266731,299.7378253416771,705,12:18
94.0%,47040000,-598835.800235549,299.4735657630894,705,12:17
94.0%,47045000,-600145.8967503267,302.07269070109584,705,12:16
94.0%,47050000,-600307.2883893554,301.67011924875425,705,12:15
94.0%,47055000,-599152.9351828247,302.2704683396563,705,12:13
94.0%,47060000,-598905.1500940435,299.21357476662894,705,12:12
94.0%,47065000,-600306.810713856,300.60807638984073,705,12:11
94.0%,47070000,-599622.1362764658,299.55253453244273,705,12:10
94.1%,47075000,-598428.2492339709,297.8961038783565,705,12:08
94.1%,47080000,-598750.4080039416,302.28040383253864,705,12:07
94.1%,47085000,-599921.5830288692,303.93320373860865,705,12:06
94.1%,47090000,-600009.8508818406,300.0307383910956,705,12:05
94.1%,47095000,-600485.2298922995,298.3525477809931,705,12:04
94.1%,47100000,-599677.0367472381,298.0756787126734,705,12:02
94.1%,47105000,-599598.3255721182,300.3953832459162,705,12:01
94.1%,47110000,-599360.5856551104,303.01440370176834,705,12:00
94.1%,47115000,-600942.9912698227,297.3763181420851,705,11:59
94.1%,47120000,-599961.4725515968,299.46203568492973,705,11:57
94.2%,47125000,-600840.5184431155,300.17842151986446,705,11:56
94.2%,47130000,-597950.9197172802,301.2073951333328,705,11:55
94.2%,47135000,-599479.2038068953,298.55115951031405,705,11:54
94.2%,47140000,-598257.4591240603,299.28508578330025,705,11:52
94.2%,47145000,-600157.9517532946,300.5730445779002,705,11:51
94.2%,47150000,-598338.3725012578,300.43635182150484,705,11:50
94.2%,47155000,-598472.6647714782,299.5868058498663,705,11:49
94.2%,47160000,-599572.8827451598,298.9345959393268,705,11:48
94.2%,47165000,-598143.192322494,302.2797414663465,705,11:46
94.2%,47170000,-599983.1377607328,302.297036583586,705,11:45
94.3%,47175000,-598777.0378521406,299.42830407329234,705,11:44
94.3%,47180000,-600289.0750969481,300.7545083824688,705,11:43
94.3%,47185000,-598027.0434046886,300.91144010584657,705,11:41
94.3%,47190000,-598857.7380210664,299.0804391620063,705,11:40
94.3%,47195000,-598935.8803954027,302.43669772180544,705,11:39
94.3%,47200000,-599529.7637438383,301.09042617021487,705,11:38
94.3%,47205000,-598788.0621915809,300.42089661035465,705,11:37
94.3%,47210000,-598734.8469549408,299.16421621927304,705,11:35
94.3%,47215000,-598979.5393557465,300.63471823001396,705,11:34
94.3%,47220000,-599779.5883048335,300.0397907290551,705,11:33
94.4%,47225000,-598493.8869282524,297.70212871238056,705,11:32
94.4%,47230000,-598674.5080054514,302.0550030705573,705,11:30
94.4%,47235000,-599688.2705655135,299.1169183667371,705,11:29
94.4%,47240000,-599210.8542398373,298.0940287094041,705,11:28
94.4%,47245000,-598841.6952150492,299.99082469499814,705,11:27
94.4%,47250000,-599700.8036730951,298.91337568909677,705,11:26
94.4%,47255000,-600137.1493701101,300.07028410597525,705,11:24
94.4%,47260000,-598967.8704421977,302.3618748741734,705,11:23
94.4%,47265000,-598696.2498910949,296.5078334037672,705,11:22
94.4%,47270000,-600677.4873621683,300.57620921637385,705,11:21
94.5%,47275000,-599646.9635583512,297.870590513918,705,11:19
94.5%,47280000,-599004.9447874445,300.03159701393736,705,11:18
94.5%,47285000,-599643.6542249001,300.26099650515283,705,11:17
94.5%,47290000,-599899.0436841631,300.3340530429391,705,11:16
94.5%,47295000,-600149.6348223961,300.79900957774896,705,11:14
94.5%,47300000,-598628.022535102,300.65817089963235,705,11:13
94.5%,47305000,-599009.2241743808,302.8657883539143,705,11:12
94.5%,47310000,-600792.4109150046,299.77359311605335,705,11:11
94.5%,47315000,-599760.2283761664,298.3766382847225,705,11:10
94.5%,47320000,-599117.0209334642,299.6391573111276,705,11:08
94.6%,47325000,-598797.0197156263,300.0906212012825,705,11:07
94.6%,47330000,-599845.904837769,299.64016312645634,705,11:06
94.6%,47335000,-599621.2644490576,298.40144021880644,705,11:05
94.6%,47340000,-598950.6335754972,300.54056410240355,705,11:03
94.6%,47345000,-599150.6690034219,301.559528626746,705,11:02
94.6%,47350000,-597956.0320697268,300.0593673298453,705,11:01
94.6%,47355000,-598911.116947962,295.8965184725729,705,11:00
94.6%,47360000,-600859.792587433,300.4522731421977,705,10:59
94.6%,47365000,-599710.3975226101,300.71945203844706,705,10:57
94.6%,47370000,-599749.1149866632,300.99519263103207,705,10:56
94.7%,47375000,-600658.7508108481,301.61870000657825,705,10:55
94.7%,47380000,-600225.42698632,301.00348447447453,705,10:54
94.7%,47385000,-600218.0756694293,299.4848505204372,705,10:52
94.7%,47390000,-598345.6247527273,301.00390151985476,705,10:51
94.7%,47395000,-599722.6941083297,298.41348547067116,705,10:50
94.7%,47400000,-599932.8628610731,299.56367209730337,705,10:49
94.7%,47405000,-598738.0927044731,299.21637142388477,705,10:48
94.7%,47410000,-600903.9157050876,299.73664780177995,705,10:46
94.7%,47415000,-598523.4330545971,300.7777402633565,705,10:45
94.7%,47420000,-599819.1345410077,302.6322920051399,705,10:44
94.8%,47425000,-599091.565915117,300.0776437303325,705,10:43
94.8%,47430000,-599852.3778783218,300.3629518345819,705,10:41
94.8%,47435000,-599650.0890693231,299.96302984700895,705,10:40
94.8%,47440000,-599572.2829473768,299.2935248192299,705,10:39
94.8%,47445000,-598280.5435521454,301.8110805872768,705,10:38
94.8%,47450000,-599890.3554795925,301.01059877801987,705,10:37
94.8%,47455000,-600424.3637202573,300.646935206447,705,10:35
94.8%,47460000,-599408.0798823745,300.52344070973237,705,10:34
94.8%,47465000,-599670.037496706,299.4159889685346,705,10:33
94.8%,47470000,-600313.3319888939,300.7151098600763,705,10:32
94.9%,47475000,-599074.9969561109,299.3955046807402,705,10:30
94.9%,47480000,-600382.7382821687,302.49621255077443,705,10:29
94.9%,47485000,-599679.4738123966,299.7790147059965,705,10:28
94.9%,47490000,-599178.3990641916,301.4168009783777,705,10:27
94.9%,47495000,-600889.9164793463,301.9657308271038,705,10:25
94.9%,47500000,-599303.5752389873,301.7280394924458,705,10:24
94.9%,47505000,-598646.5226233164,301.42941046810984,705,10:23
94.9%,47510000,-598628.6937266383,302.53776989631166,705,10:22
94.9%,47515000,-599947.8953589471,299.5133077346186,705,10:21
94.9%,47520000,-599950.724206062,300.30476173799724,705,10:19
95.0%,47525000,-599154.6056777425,302.7476173188181,705,10:18
95.0%,47530000,-597853.6386334118,301.53848010108425,705,10:17
95.0%,47535000,-600283.1874428727,299.4263660388783,705,10:16
95.0%,47540000,-600105.4539887221,301.12266132489964,705,10:14
95.0%,47545000,-600960.2856245488,298.8514812482523,705,10:13
95.0%,47550000,-599534.3303878177,301.3999719706808,705,10:12
95.0%,47555000,-599067.7741734725,298.3457523945033,705,10:11
95.0%,47560000,-600167.1709181597,298.8535419430723,705,10:10
95.0%,47565000,-601012.4645807496,300.69222142832524,705,10:08
95.0%,47570000,-601621.0742344172,301.03724061819315,705,10:07
95.1%,47575000,-597924.7406176194,301.9361451371876,705,10:06
95.1%,47580000,-599945.5352342273,297.7212392036282,705,10:05
95.1%,47585000,-600101.6941481433,302.8250896312187,705,10:03
95.1%,47590000,-598742.023601349,301.7606426283485,705,10:02
95.1%,47595000,-597826.6383653753,299.3044906595222,705,10:01
95.1%,47600000,-600339.1496452219,300.53541236535347,705,10:00
95.1%,47605000,-598414.0096008377,300.78409407238496,705,9:59
95.1%,47610000,-599669.9902031976,296.41659859381855,705,9:57
95.1%,47615000,-599431.9815787901,298.1739051657615,705,9:56
95.1%,47620000,-599025.6933021587,301.4906180106809,705,9:55
95.2%,47625000,-600070.9920745967,302.00586531193204,705,9:54
95.2%,47630000,-598930.4440311277,300.78544333685045,705,9:52
95.2%,47635000,-598521.2663384685,298.0565927535069,705,9:51
95.2%,47640000,-599028.4607429667,302.2512106559215,705,9:50
95.2%,47645000,-599323.4660379933,300.4935606348419,705,9:49
95.2%,47650000,-599801.9944350068,299.2686492889024,705,9:48
95.2%,47655000,-599745.0730047761,300.3212963607199,705,9:46
95.2%,47660000,-599174.9358712351,299.80249190769615,705,9:45
95.2%,47665000,-598875.9164245334,300.38942195018683,705,9:44
95.2%,47670000,-598794.0560895843,302.1782277143788,705,9:43
95.3%,47675000,-599340.8909660201,300.3172730994046,705,9:41
95.3%,47680000,-600209.0887173223,300.63049871204913,705,9:40
95.3%,47685000,-600970.2418906009,300.92142466289124,705,9:39
95.3%,47690000,-599851.8035102184,299.36986865589574,705,9:38
95.3%,47695000,-599555.6212538024,300.78034066396276,705,9:36
95.3%,47700000,-599680.7696674196,298.8347013047177,705,9:35
95.3%,47705000,-600520.0638253489,301.7966802556178,705,9:34
95.3%,47710000,-600153.0918339575,301.1483218818252,705,9:33
95.3%,47715000,-598949.5232505589,300.6498299920275,705,9:32
95.3%,47720000,-600955.8966630758,299.1210397563772,705,9:30
95.4%,47725000,-598963.9260258805,299.4669911653303,705,9:29
95.4%,47730000,-599897.8137394544,300.5929155636648,705,9:28
95.4%,47735000,-599515.5260718493,298.83759609029823,705,9:27
95.4%,47740000,-597975.8563905274,300.65326448339425,705,9:25
95.4%,47745000,-599059.6135915145,299.68689674112494,705,9:24
95.4%,47750000,-598602.8720194534,298.53236793612194,705,9:23
95.4%,47755000,-600874.9341630507,301.12109127170345,705,9:22
95.4%,47760000,-600341.4888630584,303.8998155761079,705,9:21
95.4%,47765000,-597930.9996450604,297.43112281146546,705,9:19
95.4%,47770000,-599762.8785539079,298.8756208161441,705,9:18
95.5%,47775000,-599270.5711277584,298.62090421713964,705,9:17
95.5%,47780000,-598649.6189973745,300.5287396392696,705,9:16
95.5%,47785000,-598353.9828890879,301.04823099056665,705,9:14
95.5%,47790000,-598815.7984446739,302.4652040001492,705,9:13
95.5%,47795000,-599209.5908106486,301.3299083467998,705,9:12
95.5%,47800000,-599092.9556400469,300.65076221111275,705,9:11
95.5%,47805000,-600390.9703260632,298.9017474826123,705,9:10
95.5%,47810000,-600639.2733319299,301.0924868650349,705,9:08
95.5%,47815000,-598755.4510438126,295.8448293775038,705,9:07
95.5%,47820000,-598998.8285387419,299.83745012339307,705,9:06
95.6%,47825000,-599383.8111033412,302.7477890433864,705,9:05
95.6%,47830000,-598826.3649946698,302.52967430951867,705,9:03
95.6%,47835000,-601508.0093617542,299.91656608523346,705,9:02
95.6%,47840000,-600873.8688754966,299.96342236030796,705,9:01
95.6%,47845000,-599685.0621129931,300.1236168504841,705,9:00
95.6%,47850000,-599749.3076286921,297.29987617709446,705,8:59
95.6%,47855000,-600371.5609931494,299.9421039817531,705,8:57
95.6%,47860000,-599072.7153509022,300.8314164570021,705,8:56
95.6%,47865000,-599378.7017607433,299.4009262706834,705,8:55
95.6%,47870000,-599823.5220815362,301.562619668976,705,8:54
95.7%,47875000,-600586.130030341,302.5594562560844,705,8:52
95.7%,47880000,-599056.5188477873,302.4391509299245,705,8:51
95.7%,47885000,-599270.6749502821,298.42786127024897,705,8:50
95.7%,47890000,-599554.3519588169,301.5988290208137,705,8:49
95.7%,47895000,-598817.3744441886,298.7907398152238,705,8:48
95.7%,47900000,-598993.6465778733,298.84463679760006,705,8:46
95.7%,47905000,-600072.3629504745,302.42411276415453,705,8:45
95.7%,47910000,-598214.260029986,299.2838346471595,705,8:44
95.7%,47915000,-598051.74828048,299.9892055776396,705,8:43
95.7%,47920000,-598262.0661921231,301.9854300883,705,8:41
95.8%,47925000,-600223.458015156,297.935894914048,705,8:40
95.8%,47930000,-599968.2906542928,298.4967964183952,705,8:39
95.8%,47935000,-598468.2183519453,299.5185085358311,705,8:38
95.8%,47940000,-599374.1245040698,298.3141305418483,705,8:36
95.8%,47945000,-599544.6863053297,298.5784637166795,705,8:35
95.8%,47950000,-599249.0166353825,298.4428503718566,705,8:34
95.8%,47955000,-600176.0151258837,299.0254873001389,705,8:33
95.8%,47960000,-600990.3081527073,299.74356584867576,705,8:32
95.8%,47965000,-600190.6820910955,301.3129812107781,705,8:30
95.8%,47970000,-600254.4485852057,299.20246173384953,705,8:29
95.9%,47975000,-600317.0803601379,300.0139093833987,705,8:28
95.9%,47980000,-599335.8021889315,300.7875040316705,705,8:27
95.9%,47985000,-599155.4062490417,301.7894432916665,705,8:25
95.9%,47990000,-600413.1598109123,301.7643224405271,705,8:24
95.9%,47995000,-599407.5635119556,302.902512879457,705,8:23
95.9%,48000000,-598683.8159451815,300.08713764575333,705,8:22
95.9%,48005000,-599501.4213049272,298.88091974568124,705,8:21
95.9%,48010000,-598070.7333963686,300.2837622764979,705,8:19
95.9%,48015000,-599128.0235102754,301.84093613008605,705,8:18
95.9%,48020000,-598855.1362950467,302.3010353128201,705,8:17
96.0%,48025000,-599027.3910862403,300.8515327635786,705,8:16
96.0%,48030000,-599123.4301999835,298.26212252972374,705,8:14
96.0%,48035000,-599410.7590694912,300.4039449422518,705,8:13
96.0%,48040000,-600400.5953328791,302.2249367969662,705,8:12
96.0%,48045000,-599821.0450455081,300.39923478266314,705,8:11
96.0%,48050000,-600298.7880927613,300.0073593177208,705,8:10
96.0%,48055000,-599138.5096283318,298.7729295242793,705,8:08
96.0%,48060000,-598907.3018048783,299.6249041719557,705,8:07
96.0%,48065000,-599969.947656346,300.61494537257414,705,8:06
96.0%,48070000,-599570.2618750166,299.06486129045015,705,8:05
96.1%,48075000,-599795.5882330318,300.7013964266906,705,8:03
96.1%,48080000,-600145.6707079769,300.18126724128257,705,8:02
96.1%,48085000,-599826.0502690393,301.72261790250263,705,8:01
96.1%,48090000,-599643.3539377195,300.5652679081627,705,8:00
96.1%,48095000,-598749.6215584842,299.8718441012226,705,7:59
96.1%,48100000,-599063.7663715906,301.2442177872002,705,7:57
96.1%,48105000,-598574.7045701258,302.3450949306389,705,7:56
96.1%,48110000,-600723.7199822464,300.12974987078184,705,7:55
96.1%,48115000,-597791.251655302,299.75269178287874,705,7:54
96.1%,48120000,-599807.0573562579,300.6773059229613,705,7:52
96.2%,48125000,-598716.291023118,301.16946853581175,705,7:51
96.2%,48130000,-599493.3055588468,300.17135628048146,705,7:50
96.2%,48135000,-598161.2061005207,299.50506495533847,705,7:49
96.2%,48140000,-600245.1405127905,300.92890694765447,705,7:47
96.2%,48145000,-599883.0182780013,299.7787693851846,705,7:46
96.2%,48150000,-599945.0910816314,301.9137718791416,705,7:45
96.2%,48155000,-598555.5825565923,302.7640538132159,705,7:44
96.2%,48160000,-599331.8053258578,300.00529862290074,705,7:43
96.2%,48165000,-599759.1455913628,302.25579815510423,705,7:41
96.2%,48170000,-600310.155009557,300.52689973318024,705,7:40
96.3%,48175000,-600825.9113673642,299.83762184796143,705,7:39
96.3%,48180000,-599890.4036236214,301.7709461024486,705,7:38
96.3%,48185000,-600452.2611561129,298.30888067647345,705,7:36
96.3%,48190000,-598510.5631094817,299.7151331665755,705,7:35
96.3%,48195000,-599157.740516834,301.2694122345832,705,7:34
96.3%,48200000,-600477.4612560743,299.0098113002579,705,7:33
96.3%,48205000,-599444.1514079869,300.26099650515283,705,7:32
96.3%,48210000,-599576.0279337578,301.8342634040022,705,7:30
96.3%,48215000,-600991.5945742019,301.41140392051574,705,7:29
96.3%,48220000,-599285.2980834236,298.7001183073049,705,7:28
96.4%,48225000,-600352.1465201238,299.5742208922154,705,7:27
96.4%,48230000,-599616.7754399041,299.98478980302525,705,7:25
96.4%,48235000,-596761.1538933651,299.520691891057,705,7:24
96.4%,48240000,-598014.4845675766,300.93911229342984,705,7:23
96.4%,48245000,-599889.3371744254,301.2565083598768,705,7:22
96.4%,48250000,-599778.2103391602,300.3535069833234,705,7:21
96.4%,48255000,-599685.4477380668,299.8680416286381,705,7:19
96.4%,48260000,-598991.1188209183,301.6460778091872,705,7:18
96.4%,48265000,-599334.7385528246,301.001865357116,705,7:17
96.4%,48270000,-599601.7305493304,299.6787030260072,705,7:16
96.5%,48275000,-599947.800330203,302.37323322776473,705,7:14
96.5%,48280000,-598945.9833144769,300.8765800184744,705,7:13
96.5%,48285000,-599562.3736617356,301.73564443761495,705,7:12
96.5%,48290000,-600053.6442460557,299.87574470213195,705,7:11
96.5%,48295000,-598470.9615970529,300.38498164349124,705,7:09
96.5%,48300000,-599673.9086531475,300.14314438711205,705,7:08
96.5%,48305000,-599130.6079989239,299.46792338441554,705,7:07
96.5%,48310000,-600785.2174210185,301.654271524305,705,7:06
96.5%,48315000,-599093.1745610107,298.08755223996974,705,7:05
96.5%,48320000,-600705.3832837543,298.64963128421414,705,7:03
96.6%,48325000,-599078.6279627611,299.3031168629755,705,7:02
96.6%,48330000,-599852.0830912371,298.5907788214373,705,7:01
96.6%,48335000,-599438.7134327907,304.7063813415001,705,7:00
96.6%,48340000,-600111.0014994787,298.9592261488424,705,6:58
96.6%,48345000,-599895.1735752146,302.7131252126637,705,6:57
96.6%,48350000,-599587.1497722361,298.526725557448,705,6:56
96.6%,48355000,-599260.9625662738,297.5178191863938,705,6:55
96.6%,48360000,-599547.7351822411,299.9138184921401,705,6:54
96.6%,48365000,-599949.0000054054,296.8954157545012,705,6:52
96.6%,48370000,-599758.4690133058,303.0177645968915,705,6:51
96.7%,48375000,-600976.3313999125,300.8776594300468,705,6:50
96.7%,48380000,-598679.7972727814,299.47646054866993,705,6:49
96.7%,48385000,-600743.1985598654,299.53425813195554,705,6:47
96.7%,48390000,-600592.7365365233,300.80749767784096,705,6:46
96.7%,48395000,-599724.9500442543,301.1374296377765,705,6:45
96.7%,48400000,-598603.3244355721,298.70222806628726,705,6:44
96.7%,48405000,-599755.3328546262,299.2988973450107,705,6:43
96.7%,48410000,-599307.573450252,299.32686391756823,705,6:41
96.7%,48415000,-599928.4015893857,300.4581853737647,705,6:40
96.7%,48420000,-598595.7100414373,300.98579684393593,705,6:39
96.8%,48425000,-599824.0021183495,298.3775214396454,705,6:38
96.8%,48430000,-598855.4546590555,302.3489219353046,705,6:36
96.8%,48435000,-599752.0934906476,303.53323268687325,705,6:35
96.8%,48440000,-598009.5072103036,302.772811766201,705,6:34
96.8%,48445000,-600717.2111149346,303.12624545991736,705,6:33
96.8%,48450000,-598986.3339430033,303.67301648549864,705,6:32
96.8%,48455000,-599528.7445661714,298.6925133621357,705,6:30
96.8%,48460000,-599750.7508224095,302.2191472258051,705,6:29
96.8%,48465000,-598862.7003670731,300.3341511712639,705,6:28
96.8%,48470000,-599257.5993490196,299.9160754436097,705,6:27
96.9%,48475000,-599982.3759030006,299.48642057363344,705,6:25
96.9%,48480000,-598883.7689003311,301.4549728967106,705,6:24
96.9%,48485000,-600505.0697062677,299.5294007798798,705,6:23
96.9%,48490000,-599976.7710928228,298.80926153652285,705,6:22
96.9%,48495000,-599038.9795572334,299.4632868210705,705,6:20
96.9%,48500000,-601571.4931455371,303.16115461145193,705,6:19
96.9%,48505000,-598129.3387126285,300.0255866540455,705,6:18
96.9%,48510000,-598761.2712745494,298.1704706743947,705,6:17
96.9%,48515000,-598959.0870563481,300.6892775785824,705,6:16
96.9%,48520000,-599212.8045513383,301.9486074344326,705,6:14
97.0%,48525000,-599515.3492495934,301.9950711962081,705,6:13
97.0%,48530000,-600855.8610092658,299.04849839229587,705,6:12
97.0%,48535000,-599637.0092492015,300.7972923320656,705,6:11
97.0%,48540000,-598897.3842852656,298.8711559773674,705,6:09
97.0%,48545000,-598975.0456676516,301.74442692268127,705,6:08
97.0%,48550000,-598740.8884421415,300.7544838503876,705,6:07
97.0%,48555000,-598878.4927858519,298.9231639894919,705,6:06
97.0%,48560000,-599999.8880991894,302.65054387354587,705,6:05
97.0%,48565000,-599698.3316122852,300.80452929601694,705,6:03
97.0%,48570000,-598319.3478502971,298.49483385189995,705,6:02
97.1%,48575000,-600308.0522703035,300.77249039798164,705,6:01
97.1%,48580000,-598103.673043693,303.13483168833415,705,6:00
97.1%,48585000,-600481.2064271779,297.97100032223204,705,5:58
97.1%,48590000,-600014.2976533594,302.08770433478463,705,5:57
97.1%,48595000,-599388.5394759239,299.59907189046174,705,5:56
97.1%,48600000,-599992.336751835,297.8899217938964,705,5:55
97.1%,48605000,-600730.0761888945,303.19616189131125,705,5:54
97.1%,48610000,-599707.4269650872,300.1633342899321,705,5:52
97.1%,48615000,-599704.4500827095,300.5198099617161,705,5:51
97.1%,48620000,-600219.9685144722,299.7247252103212,705,5:50
97.2%,48625000,-599682.002116648,300.54983722909367,705,5:49
97.2%,48630000,-598833.1353357146,299.68630797117635,705,5:47
97.2%,48635000,-599263.9127770024,299.13389456692113,705,5:46
97.2%,48640000,-598346.4314082176,298.52621038374303,705,5:45
97.2%,48645000,-600280.2619306166,301.219121468142,705,5:44
97.2%,48650000,-599048.7120458516,298.8785156017246,705,5:43
97.2%,48655000,-599814.7572077047,301.92998758480877,705,5:41
97.2%,48660000,-599299.7880056072,296.7191772832262,705,5:40
97.2%,48665000,-599593.9148455779,299.4219993284263,705,5:39
97.2%,48670000,-599831.7544819294,302.0264231959699,705,5:38
97.3%,48675000,-600480.8778433218,298.74241161527783,705,5:36
97.3%,48680000,-600368.89735435,299.82393294665695,705,5:35
97.3%,48685000,-599574.1335017513,303.72865524563946,705,5:34
97.3%,48690000,-599133.9343285984,301.0328739077412,705,5:33
97.3%,48695000,-600512.1027117441,297.59484992133304,705,5:31
97.3%,48700000,-598506.3513881131,300.670461472309,705,5:30
97.3%,48705000,-600478.4557418749,300.6078801331912,705,5:29
97.3%,48710000,-599390.2641150472,300.4705004785225,705,5:28
97.3%,48715000,-599542.3790569827,299.9419322571849,705,5:27
97.3%,48720000,-599731.5090202284,301.46328927223436,705,5:25
97.4%,48725000,-597878.2871110006,301.252288841912,705,5:24
97.4%,48730000,-599732.2306566872,300.810073546366,705,5:23
97.4%,48735000,-598805.7486167084,303.2628891521503,705,5:22
97.4%,48740000,-600158.9706446286,302.53374663499636,705,5:20
97.4%,48745000,-599313.0071644248,299.68888383970136,705,5:19
97.4%,48750000,-600085.550064343,300.4517579684927,705,5:18
97.4%,48755000,-600082.0597999035,299.3658699266617,705,5:17
97.4%,48760000,-600964.685349118,300.20604464328534,705,5:16
97.4%,48765000,-599036.5221173796,299.7452585622779,705,5:14
97.4%,48770000,-599740.3951904047,300.79513350892086,705,5:13
97.5%,48775000,-599538.8320242511,301.94953965351783,705,5:12
97.5%,48780000,-598666.5806264812,302.44199665134266,705,5:11
97.5%,48785000,-597971.7162404726,300.9310412387181,705,5:09
97.5%,48790000,-598817.6619673171,300.7172196190587,705,5:08
97.5%,48795000,-598978.1280743368,299.2885448067482,705,5:07
97.5%,48800000,-599605.952660724,300.452052353467,705,5:06
97.5%,48805000,-599026.1902430882,301.2672288793572,705,5:05
97.5%,48810000,-598815.2856631028,298.8583992951481,705,5:03
97.5%,48815000,-600460.1596551542,298.8646795079329,705,5:02
97.5%,48820000,-599136.7462776867,301.74234169578006,705,5:01
97.6%,48825000,-600217.5765181906,300.03132716104426,705,5:00
97.6%,48830000,-599151.4868221977,301.0856424143827,705,4:58
97.6%,48835000,-599304.8570459639,298.63876357224655,705,4:57
97.6%,48840000,-600387.2093395866,301.145721481219,705,4:56
97.6%,48845000,-597818.9710251307,300.6578029184145,705,4:55
97.6%,48850000,-599268.3086406994,301.0917018384368,705,4:54
97.6%,48855000,-599752.4061497669,298.97060903451495,705,4:52
97.6%,48860000,-599605.8020471628,303.2757439626943,705,4:51
97.6%,48865000,-599427.4925660845,301.05215612355715,705,4:50
97.6%,48870000,-598430.5666377665,300.6980600636487,705,4:49
97.7%,48875000,-600100.6223330689,298.56661472146436,705,4:47
97.7%,48880000,-599792.1014990555,303.20823167525714,705,4:46
97.7%,48885000,-598952.6486893054,300.01224120187777,705,4:45
97.7%,48890000,-599291.2837882405,301.11750958784955,705,4:44
97.7%,48895000,-599683.7327682273,299.6427635270626,705,4:42
97.7%,48900000,-599144.6646011784,299.73424365782324,705,4:41
97.7%,48905000,-601042.7015237254,300.3555922102247,705,4:40
97.7%,48910000,-599328.8297208543,300.5596991257324,705,4:39
97.7%,48915000,-599163.609501875,302.40765173767545,705,4:38
97.7%,48920000,-600242.0613732529,298.95279874357044,705,4:36
97.8%,48925000,-599360.3163367654,303.3131799185915,705,4:35
97.8%,48930000,-598363.4410447315,301.8225616012741,705,4:34
97.8%,48935000,-599952.6936801574,299.5358281851518,705,4:33
97.8%,48940000,-597387.5802980145,299.2594252263747,705,4:31
97.8%,48945000,-599513.7457498293,298.6156543517648,705,4:30
97.8%,48950000,-599008.2925328268,298.4409859336861,705,4:29
97.8%,48955000,-600038.023619507,300.46942106695013,705,4:28
97.8%,48960000,-600478.6969041214,301.69052994030505,705,4:27
97.8%,48965000,-599614.5950801666,299.6468113204591,705,4:25
97.8%,48970000,-600385.0224689152,299.30920081911086,705,4:24
97.9%,48975000,-599640.2462248751,301.3774515201476,705,4:23
97.9%,48980000,-599576.6890437542,301.6255935213929,705,4:22
97.9%,48985000,-600528.4132478242,301.9877851680944,705,4:20
97.9%,48990000,-598884.2982286327,300.85290656012523,705,4:19
97.9%,48995000,-599272.0258508753,297.7368661393468,705,4:18
97.9%,49000000,-599632.7318006391,301.3990397515955,705,4:17
97.9%,49005000,-600210.4628399853,299.8941437630251,705,4:16
97.9%,49010000,-600821.26543719,298.0147900871577,705,4:14
97.9%,49015000,-599944.6761350986,299.69641518862693,705,4:13
97.9%,49020000,-599365.318146247,301.54775322777436,705,4:12
98.0%,49025000,-599913.6066671093,299.9163207644216,705,4:11
98.0%,49030000,-599155.910053574,302.58506774884756,705,4:09
98.0%,49035000,-599161.3191021383,301.7201156302212,705,4:08
98.0%,49040000,-600212.4575385517,298.5136254260921,705,4:07
98.0%,49045000,-600580.9805255956,301.7907189598884,705,4:06
98.0%,49050000,-601022.1062099426,296.4768739173044,705,4:05
98.0%,49055000,-599191.6870608139,302.19216193649515,705,4:03
98.0%,49060000,-599624.977278613,298.61445227978646,705,4:02
98.0%,49065000,-599604.3759114416,303.4986424523942,705,4:01
98.0%,49070000,-600401.437317858,297.44164707429627,705,4:00
98.1%,49075000,-599896.2176565086,298.8202764409775,705,3:58
98.1%,49080000,-599161.0557226501,298.05306013381545,705,3:57
98.1%,49085000,-600026.6662133029,301.3147475206239,705,3:56
98.1%,49090000,-600212.9824150032,302.13794603706344,705,3:55
98.1%,49095000,-600337.8477200158,298.3534800000784,705,3:53
98.1%,49100000,-598600.7119544339,298.5561395227959,705,3:52
98.1%,49105000,-600696.9027095698,304.2451782151125,705,3:51
98.1%,49110000,-599341.1244211886,297.79478638303834,705,3:50
98.1%,49115000,-599992.7922469922,300.3550279723572,705,3:49
98.1%,49120000,-599963.4650822524,302.13583627808106,705,3:47
98.2%,49125000,-600449.5986309047,297.8263346394497,705,3:46
98.2%,49130000,-600828.4112798786,298.80148486678536,705,3:45
98.2%,49135000,-598860.8952940442,299.86254644245133,705,3:44
98.2%,49140000,-599647.1149526588,298.68159658600575,705,3:42
98.2%,49145000,-599371.4010059764,302.24066186100947,705,3:41
98.2%,49150000,-599659.1237050137,303.4690567624781,705,3:40
98.2%,49155000,-599266.1506338096,297.7300952849381,705,3:39
98.2%,49160000,-599712.4103214974,299.02781784785196,705,3:38
98.2%,49165000,-599597.5564773208,303.4077510915822,705,3:36
98.2%,49170000,-599767.3635107256,298.0436888788005,705,3:35
98.3%,49175000,-598888.8993082307,298.978581960902,705,3:34
98.3%,49180000,-599946.6313923504,300.09221578655985,705,3:33
98.3%,49185000,-600120.3473730995,299.0402801450969,705,3:31
98.3%,49190000,-599334.8706651018,301.36074517285664,705,3:30
98.3%,49195000,-598730.5781069528,299.8841837380616,705,3:29
98.3%,49200000,-599884.6261385116,301.2859468573058,705,3:28
98.3%,49205000,-600253.4223539042,300.28184877416504,705,3:27
98.3%,49210000,-599342.7866251147,298.9625870439655,705,3:25
98.3%,49215000,-599702.1140127922,300.36817716787556,705,3:24
98.3%,49220000,-599995.4397369237,302.1324999150391,705,3:23
98.4%,49225000,-599428.2385205156,299.5496397468622,705,3:22
98.4%,49230000,-599108.3239655723,300.20609370744774,705,3:20
98.4%,49235000,-600087.5797434491,301.20791030703776,705,3:19
98.4%,49240000,-599555.985294973,298.2665628364192,705,3:18
98.4%,49245000,-599249.1253097625,299.75757366703573,705,3:17
98.4%,49250000,-598828.9900973658,300.3795355214669,705,3:16
98.4%,49255000,-599819.2628429569,301.02409142267487,705,3:14
98.4%,49260000,-598186.8820065213,299.05441062386285,705,3:13
98.4%,49265000,-598806.1755041778,300.14385581746654,705,3:12
98.4%,49270000,-599322.3872050019,301.13252322153835,705,3:11
98.5%,49275000,-599593.9572710702,300.992739422913,705,3:09
98.5%,49280000,-599784.6798189813,299.1578624102446,705,3:08
98.5%,49285000,-599226.707381194,300.7855905293376,705,3:07
98.5%,49290000,-600624.8800801691,299.23589896051266,705,3:06
98.5%,49295000,-599466.9584117476,299.01886363821734,705,3:04
98.5%,49300000,-600275.5952262129,301.15494554374675,705,3:03
98.5%,49305000,-601585.7033165749,296.42246176122313,705,3:02
98.5%,49310000,-599297.429381473,301.2756188511245,705,3:01
98.5%,49315000,-598650.0446205349,299.4847278600313,705,3:00
98.5%,49320000,-598482.9146310813,301.6398466605648,705,2:58
98.6%,49325000,-599152.9969835244,300.35968906778356,705,2:57
98.6%,49330000,-599527.8830567095,303.32024515797445,705,2:56
98.6%,49335000,-598400.508889264,299.5132586704562,705,2:55
98.6%,49340000,-600548.2073861803,300.8970152421063,705,2:53
98.6%,49345000,-598935.6685654582,302.0723472519592,705,2:52
98.6%,49350000,-599833.7818516842,301.8470936824649,705,2:51
98.6%,49355000,-598128.4270777977,299.3857899765887,705,2:50
98.6%,49360000,-599410.5894586253,300.73863612593834,705,2:49
98.6%,49365000,-598934.4206183236,303.7678329793012,705,2:47
98.6%,49370000,-600046.1594838374,299.61325143339,705,2:46
98.7%,49375000,-598455.5798258213,300.36020424148853,705,2:45
98.7%,49380000,-600305.4081353163,301.01535800177095,705,2:44
98.7%,49385000,-598977.7995877876,302.6144817141954,705,2:42
98.7%,49390000,-599955.4213348534,299.224246221947,705,2:41
98.7%,49395000,-599101.3187926617,300.2264308027549,705,2:40
98.7%,49400000,-598928.117251996,302.28862207973754,705,2:39
98.7%,49405000,-597480.4552149242,300.0964598366059,705,2:38
98.7%,49410000,-600129.07144731,297.57286917658604,705,2:36
98.7%,49415000,-598265.8002671371,298.81644943631176,705,2:35
98.7%,49420000,-598740.4100520862,299.2823136581257,705,2:34
98.8%,49425000,-597828.3862914671,302.1985402776048,705,2:33
98.8%,49430000,-599216.6231348142,298.04560238113345,705,2:31
98.8%,49435000,-599789.141550899,297.45962908980914,705,2:30
98.8%,49440000,-598588.8072095099,300.213453331805,705,2:29
98.8%,49445000,-598882.1297111111,301.05904963837185,705,2:28
98.8%,49450000,-599916.0910603232,303.9918844768171,705,2:27
98.8%,49455000,-599640.9944496127,299.9246862041077,705,2:25
98.8%,49460000,-599201.9421091415,302.4002921133182,705,2:24
98.8%,49465000,-600375.591333326,303.84748864692784,705,2:23
98.8%,49470000,-600949.3642046917,303.0438176671162,705,2:22
98.9%,49475000,-598787.4008415649,300.48438563647653,705,2:20
98.9%,49480000,-599778.7804557583,300.95947392081825,705,2:19
98.9%,49485000,-600528.3576799487,298.1152734917154,705,2:18
98.9%,49490000,-599546.481637096,300.2069768623706,705,2:17
98.9%,49495000,-599180.0813875059,297.9708531297449,705,2:15
98.9%,49500000,-599472.5912730829,303.7393512330387,705,2:14
98.9%,49505000,-600391.6925741918,299.4463351529676,705,2:13
98.9%,49510000,-599846.6896151663,299.70254820892467,705,2:12
98.9%,49515000,-599515.9544766792,300.7038986989721,705,2:11
98.9%,49520000,-600719.2212337498,302.94360411545165,705,2:09
99.0%,49525000,-599769.4042800427,297.77545510306,705,2:08
99.0%,49530000,-598554.3989601284,299.96251467330393,705,2:07
99.0%,49535000,-600094.6551560662,301.04597403909713,705,2:06
99.0%,49540000,-599025.5669549908,299.88791261440264,705,2:04
99.0%,49545000,-599321.0613803505,300.09864319183185,705,2:03
99.0%,49550000,-598985.7098625102,299.6860871824456,705,2:02
99.0%,49555000,-598973.8265459444,301.72629771468127,705,2:01
99.0%,49560000,-599666.7878839923,298.3316464478185,705,2:00
99.0%,49565000,-599546.3869274398,299.6896933983807,705,1:58
99.0%,49570000,-599177.3773870156,297.2196562716004,705,1:57
99.1%,49575000,-599298.503705088,299.7871348248707,705,1:56
99.1%,49580000,-598565.7278181082,303.63165539661094,705,1:55
99.1%,49585000,-599767.3319733501,300.12072206490365,705,1:53
99.1%,49590000,-600123.283472036,300.94789477849616,705,1:52
99.1%,49595000,-599325.4614294632,299.18791420970337,705,1:51
99.1%,49600000,-600147.6531024408,300.69717690872585,705,1:50
99.1%,49605000,-599012.2540494497,300.94774758600903,705,1:49
99.1%,49610000,-600025.6897079633,299.0906199757005,705,1:47
99.1%,49615000,-600642.011322544,303.60054871766096,705,1:46
99.1%,49620000,-599809.4574791756,301.6995332141021,705,1:45
99.2%,49625000,-599941.3582225838,299.45354758483774,705,1:44
99.2%,49630000,-600046.7974987985,300.65294556633876,705,1:42
99.2%,49635000,-599441.0254102475,299.61099448192044,705,1:41
99.2%,49640000,-600956.5098254909,299.2159298464233,705,1:40
99.2%,49645000,-600491.5180423278,299.0830150305314,705,1:39
99.2%,49650000,-600823.6944331676,301.1409377253868,705,1:38
99.2%,49655000,-599297.8484666212,298.4847756986117,705,1:36
99.2%,49660000,-599260.7194243819,298.6077795537025,705,1:35
99.2%,49665000,-599339.8514946257,298.3465619531825,705,1:34
99.2%,49670000,-599306.903983803,298.87483578954595,705,1:33
99.3%,49675000,-598132.0454866905,300.67092758185163,705,1:31
99.3%,49680000,-599450.5627469709,299.8396825427814,705,1:30
99.3%,49685000,-598717.6390300118,301.4424615353034,705,1:29
99.3%,49690000,-598746.9496056442,299.6508836459368,705,1:28
99.3%,49695000,-600236.7818817771,302.545791886861,705,1:26
99.3%,49700000,-600868.9934973745,300.4116970799081,705,1:25
99.3%,49705000,-598485.4911751025,300.8342131142578,705,1:24
99.3%,49710000,-600304.6716805845,299.5981396713765,705,1:23
99.3%,49715000,-599280.56534323,301.31715166458054,705,1:22
99.3%,49720000,-600896.5954875173,300.8121587732673,705,1:20
99.4%,49725000,-598959.0877956962,300.63035151956194,705,1:19
99.4%,49730000,-600390.0396796353,299.56457978430745,705,1:18
99.4%,49735000,-598327.2586785201,296.3406718025329,705,1:17
99.4%,49740000,-599125.6225103382,299.3438891819147,705,1:15
99.4%,49745000,-599387.8480396513,300.51318629979454,705,1:14
99.4%,49750000,-598644.5857204301,301.9035910654475,705,1:13
99.4%,49755000,-598833.5180020393,301.7455308663349,705,1:12
99.4%,49760000,-599490.907593465,301.90565176026746,705,1:11
99.4%,49765000,-598326.6095733275,299.15479590009573,705,1:09
99.4%,49770000,-597622.856091036,300.4756522155726,705,1:08
99.5%,49775000,-599818.4997140379,300.70294194780564,705,1:07
99.5%,49780000,-600432.1812707116,300.6375148872697,705,1:06
99.5%,49785000,-599094.8168551386,302.4634867544658,705,1:04
99.5%,49790000,-600200.0445338022,302.25349213947226,705,1:03
99.5%,49795000,-599090.5472885626,301.90518565072483,705,1:02
99.5%,49800000,-599397.7542369314,299.22014936438813,705,1:01
99.5%,49805000,-599185.5100055514,303.1909120259364,705,1:00
99.5%,49810000,-599530.1009125528,302.25969875601356,705,0:58
99.5%,49815000,-599132.496206962,298.59119586681754,705,0:57
99.5%,49820000,-599220.2489971286,302.1206018556615,705,0:56
99.6%,49825000,-598397.1839879467,300.83485094836874,705,0:55
99.6%,49830000,-599510.2316972399,298.48330377374026,705,0:53
99.6%,49835000,-599287.0762214414,299.78036397046196,705,0:52
99.6%,49840000,-598770.8201905312,299.28174942025834,705,0:51
99.6%,49845000,-600168.6706788163,299.5306273839393,705,0:50
99.6%,49850000,-599130.8372334586,299.03198830165445,705,0:49
99.6%,49855000,-601000.1480355375,299.2437492264937,705,0:47
99.6%,49860000,-600264.283500541,297.1697089542959,705,0:46
99.6%,49865000,-599844.0002830089,297.5169114993897,705,0:45
99.6%,49870000,-598969.1749014468,298.9562577670183,705,0:44
99.7%,49875000,-600216.3215721156,300.8890177836381,705,0:42
99.7%,49880000,-599268.8783797459,300.99632110676686,705,0:41
99.7%,49885000,-600044.7289349171,295.43313199095917,705,0:40
99.7%,49890000,-600560.0270734616,301.0954061826966,705,0:39
99.7%,49895000,-598980.7523128306,297.9191640346758,705,0:37
99.7%,49900000,-598882.6403477937,300.17466811144226,705,0:36
99.7%,49905000,-599323.2079466279,302.62174321022786,705,0:35
99.7%,49910000,-599604.0616314369,300.9951190347885,705,0:34
99.7%,49915000,-599315.3372951746,300.8190522880819,705,0:33
99.7%,49920000,-599348.8754786314,299.6316504942831,705,0:31
99.8%,49925000,-599793.9163644174,300.90388422483977,705,0:30
99.8%,49930000,-599737.3275193218,302.23681032426254,705,0:29
99.8%,49935000,-600196.7406154382,298.89200824637953,705,0:28
99.8%,49940000,-597735.3365732133,299.25125604333806,705,0:26
99.8%,49945000,-599288.6533690235,300.7938823727801,705,0:25
99.8%,49950000,-600396.0418394222,301.40919603320856,705,0:24
99.8%,49955000,-598747.3362098802,298.3696711736643,705,0:23
99.8%,49960000,-598979.121446745,300.3028482356644,705,0:22
99.8%,49965000,-598994.1856367202,300.4859556896727,705,0:20
99.8%,49970000,-599631.1448954828,302.30724192936145,705,0:19
99.9%,49975000,-599603.3195666834,301.0488442925964,705,0:18
99.9%,49980000,-599732.975195678,301.51532181644006,705,0:17
99.9%,49985000,-599780.8439634703,299.66516131718987,705,0:15
99.9%,49990000,-599660.470564113,300.7593412024634,705,0:14
99.9%,49995000,-599298.7234006086,298.71233528373784,705,0:13
99.9%,50000000,-599306.6130210729,299.8632333407246,705,0:12
99.9%,50005000,-601175.5783345532,302.2553075134804,705,0:11
99.9%,50010000,-600916.8036014442,301.9361451371876,705,0:09
99.9%,50015000,-599807.0389537578,299.18266434432854,705,0:08
99.9%,50020000,-599657.2052957574,300.77253946214404,705,0:07
100.0%,50025000,-600205.1190620209,300.3155067895588,705,0:06
100.0%,50030000,-599258.9458161104,300.7021569212076,705,0:04
100.0%,50035000,-599791.5767762023,301.83053452766114,705,0:03
100.0%,50040000,-600386.124636211,299.37268984523274,705,0:02
100.0%,50045000,-600385.3153318218,299.6198996273928,705,0:01
100.0%,50050000,-598355.3145756111,299.6017213552303,705,0:00
  done in 3.40 h
Wrote data/md/prod_wt_300K_rep2.dcd and data/md/prod_wt_300K_rep2_final.pdb
