[wt 300K rep3] equilibrating 100 ps at 300.0 K...
[wt 300K rep3] production 100.0 ns (50000000 steps)...
#"Progress (%)","Step","Potential Energy (kJ/mole)","Temperature (K)","Speed (ns/day)","Time Remaining"
0.1%,55000,-599866.3327568886,300.8630137775759,0,--
0.1%,60000,-600021.5822470118,299.1270255841877,710,3:22:48
0.1%,65000,-598858.5880374792,298.4256533829418,712,3:22:03
0.1%,70000,-598085.0139846527,299.07050366912404,716,3:21:07
0.1%,75000,-600157.727641643,302.00130234483055,716,3:21:02
0.2%,80000,-599911.1509698941,300.1152268787169,715,3:21:20
0.2%,85000,-598000.9699798068,298.8865621243552,715,3:21:21
0.2%,90000,-598496.7810268668,300.72224869570283,714,3:21:39
0.2%,95000,-599479.1505254898,299.27225550483746,714,3:21:28
0.2%,100000,-597589.6220758497,301.5249383922669,713,3:21:41
0.2%,105000,-598371.8543676045,295.3900045922257,704,3:24:20
0.2%,110000,-599730.1573715894,298.38385071659263,705,3:23:52
0.2%,115000,-599244.7335290406,302.1399086035587,706,3:23:36
0.2%,120000,-599491.851596829,300.5592084841086,707,3:23:23
0.2%,125000,-599008.5348995319,298.40509549890385,708,3:23:06
0.3%,130000,-599493.0427329703,300.253048110847,709,3:22:53
0.3%,135000,-599716.991622834,300.41915483259015,709,3:22:45
0.3%,140000,-598799.048006705,300.09354051894417,709,3:22:42
0.3%,145000,-600148.4320723726,301.6983311421237,710,3:22:33
0.3%,150000,-598416.4942796109,300.06626084466,710,3:22:26
0.3%,155000,-599324.1342315674,298.6425905769123,708,3:22:59
0.3%,160000,-599390.1017921539,300.24507518445995,708,3:22:49
0.3%,165000,-599910.0123495879,301.11319194155993,709,3:22:39
0.3%,170000,-599751.0372913554,298.07842630576675,709,3:22:33
0.3%,175000,-599490.0284742285,298.16914594201046,709,3:22:27
0.4%,180000,-598242.428315259,301.7127560058639,709,3:22:27
0.4%,185000,-598633.3484949083,299.68733831858634,710,3:22:21
0.4%,190000,-598358.0232911943,299.54485599103,710,3:22:16
0.4%,195000,-598748.41078569,298.6745804107852,710,3:22:09
0.4%,200000,-599759.8335132496,302.2553565776428,710,3:22:05
0.4%,205000,-598710.8975311504,304.9927933894031,709,3:22:34
0.4%,210000,-600348.3783490201,299.6939619805079,709,3:22:27
0.4%,215000,-599294.5444901409,301.1863711397522,709,3:22:22
0.4%,220000,-600409.600073861,298.2761548801648,709,3:22:16
0.4%,225000,-599478.8552949294,301.5846740099666,709,3:22:20
0.5%,230000,-599855.507834693,299.7736912443781,709,3:22:16
0.5%,235000,-599770.7024105713,301.24326103603374,710,3:22:12
0.5%,240000,-599542.9873501002,300.87822366791414,710,3:22:09
0.5%,245000,-599116.906268564,299.3099858457089,710,3:22:07
0.5%,250000,-599087.3763053957,299.4263660388783,710,3:22:08
0.5%,255000,-599753.4116261513,298.3371171019241,708,3:22:25
0.5%,260000,-599419.8075767192,299.8505011905866,708,3:22:26
0.5%,265000,-599547.7358313035,302.06714645074675,708,3:22:24
0.5%,270000,-599191.9777004728,300.529181216731,709,3:22:20
0.5%,275000,-599289.6981607857,300.85982460702104,708,3:22:21
0.6%,280000,-598873.5347077986,300.58266115372703,709,3:22:17
0.6%,285000,-599768.4434802043,300.7048799822197,709,3:22:14
0.6%,290000,-600100.0803997112,300.3179599976779,709,3:22:10
0.6%,295000,-600477.387707267,300.4646618431991,709,3:22:11
0.6%,300000,-599408.2021908057,300.9560884936139,709,3:22:09
0.6%,305000,-599952.3145545963,296.81382205246047,708,3:22:22
0.6%,310000,-599556.9016083064,300.3224248364547,708,3:22:18
0.6%,315000,-600091.8186311456,299.3288264840635,708,3:22:14
0.6%,320000,-598579.6115547796,297.7998154596824,708,3:22:12
0.6%,325000,-599795.5055302223,299.12108882053957,708,3:22:08
0.7%,330000,-599844.7224020385,300.97274577674244,709,3:22:04
0.7%,335000,-599713.7156870854,300.3504404731746,709,3:22:02
0.7%,340000,-599242.9301831876,300.33130544984573,709,3:22:02
0.7%,345000,-600127.3065215093,301.7313758554878,708,3:22:02
0.7%,350000,-599705.8784944834,299.9181852025921,709,3:22:00
0.7%,355000,-599292.3503255039,303.4075548349326,708,3:22:14
0.7%,360000,-600237.9297626587,299.9711990300455,708,3:22:09
0.7%,365000,-598880.4748485023,297.4755749425832,708,3:22:07
0.7%,370000,-599471.641843969,299.36351484686736,708,3:22:04
0.7%,375000,-599504.8071478917,297.3080208280498,708,3:22:03
0.8%,380000,-599718.0804755609,301.3408496550109,708,3:22:00
0.8%,385000,-599994.3794528027,300.54856156087175,708,3:21:59
0.8%,390000,-598229.7804034194,299.419006414521,708,3:21:56
0.8%,395000,-599159.0379975839,299.6273328479936,708,3:21:52
0.8%,400000,-599237.8010510555,302.44908642280683,708,3:21:51
0.8%,405000,-599523.0638052933,299.92647704603456,707,3:22:07
0.8%,410000,-598529.4437814313,302.65208939466095,707,3:22:05
0.8%,415000,-599270.9229277144,301.3296139618255,708,3:22:02
0.8%,420000,-598306.781166356,301.1945893869511,708,3:21:59
0.8%,425000,-599035.7704566196,296.3636092984463,708,3:21:56
0.9%,430000,-598859.1394449621,301.0642013754219,708,3:21:54
0.9%,435000,-599470.1128030717,301.11991373180626,708,3:21:50
0.9%,440000,-598848.7045464078,298.13585590783447,708,3:21:49
0.9%,445000,-599445.0027227686,299.6224754959178,708,3:21:47
0.9%,450000,-600271.3717216286,298.7409887545688,708,3:21:47
0.9%,455000,-598954.0600966611,301.83463138522,707,3:21:54
0.9%,460000,-598131.9019889599,299.69837775512224,708,3:21:51
0.9%,465000,-599345.4507921934,300.62797190768646,707,3:21:50
0.9%,470000,-600625.0561218141,299.5623228328378,708,3:21:48
0.9%,475000,-599090.9850886059,302.4000467925063,708,3:21:44
1.0%,480000,-598550.0840714448,295.5082982877279,708,3:21:42
1.0%,485000,-599959.1649994752,299.1164767892757,708,3:21:39
1.0%,490000,-599576.3764674133,300.7897119189776,708,3:21:36
1.0%,495000,-598280.2642967501,302.0920955773178,708,3:21:34
1.0%,500000,-600267.3774484573,300.0256357182079,708,3:21:32
1.0%,505000,-599746.6257436974,300.1836713852393,708,3:21:37
1.0%,510000,-598243.3113776366,299.1798431549916,708,3:21:35
1.0%,515000,-599141.060165626,300.00694227234055,708,3:21:33
1.0%,520000,-598370.6208925601,302.2333758328958,708,3:21:31
1.0%,525000,-599454.9486929658,299.89527223875984,708,3:21:29
1.1%,530000,-599778.9508788176,302.11228548013787,708,3:21:27
1.1%,535000,-599099.9473618171,301.92701920298464,708,3:21:26
1.1%,540000,-599902.3127799467,298.66717172226555,708,3:21:26
1.1%,545000,-598976.8571408694,301.351790963222,708,3:21:25
1.1%,550000,-600089.5020064586,298.13293659017273,708,3:21:22
1.1%,555000,-599393.7568645449,299.85349410449186,708,3:21:25
1.1%,560000,-599172.7873923052,303.77158638772346,708,3:21:22
1.1%,565000,-599107.8764315699,301.20543256683754,708,3:21:20
1.1%,570000,-600015.6263503712,300.2221867527089,708,3:21:18
1.1%,575000,-600076.0912062493,299.8068586181481,708,3:21:17
1.2%,580000,-600210.9601478255,300.9870479800767,708,3:21:15
1.2%,585000,-598946.8763267319,298.51205537289593,708,3:21:13
1.2%,590000,-600467.8883630587,300.2008438420729,708,3:21:12
1.2%,595000,-599620.2282938249,299.87240833909,708,3:21:10
1.2%,600000,-600005.9981188145,301.31911423107584,708,3:21:09
1.2%,605000,-599958.7552828793,297.8072241482021,707,3:21:17
1.2%,610000,-600121.3254522779,299.1414504479279,708,3:21:14
1.2%,615000,-599995.6823626347,299.9863353241402,708,3:21:12
1.2%,620000,-597983.2613900043,300.52054592415186,708,3:21:11
1.2%,625000,-600748.7338550314,299.65824327029407,708,3:21:08
1.3%,630000,-599831.1268127402,299.5892590579854,708,3:21:05
1.3%,635000,-597664.8162363009,303.3332471610056,708,3:21:04
1.3%,640000,-599987.9809974101,302.5132868792832,708,3:21:01
1.3%,645000,-599824.9106129827,299.95944816315506,708,3:20:59
1.3%,650000,-600502.2185213361,299.44692392291614,708,3:20:58
1.3%,655000,-599642.3549702698,301.43149569501105,707,3:21:07
1.3%,660000,-599273.2949120109,297.62610379277015,707,3:21:06
1.3%,665000,-599479.994003789,299.98947543053265,707,3:21:03
1.3%,670000,-598391.1354108667,297.95034430986937,707,3:21:01
1.3%,675000,-599763.5129258712,299.43308782912453,707,3:20:59
1.4%,680000,-599578.2100175498,297.59656716701636,708,3:20:57
1.4%,685000,-599641.0654527633,299.215120287744,708,3:20:56
1.4%,690000,-601375.4561128197,301.3809105435956,708,3:20:53
1.4%,695000,-599356.5481189447,297.3404031752217,708,3:20:51
1.4%,700000,-599816.977037298,300.3995536997186,708,3:20:48
1.4%,705000,-598815.615747435,300.0825010824083,707,3:20:54
1.4%,710000,-599155.6592289219,302.95280364589814,707,3:20:52
1.4%,715000,-599431.2355443342,303.94645106245173,707,3:20:49
1.4%,720000,-599557.1948547908,295.40180452327854,707,3:20:48
1.4%,725000,-598267.2317611827,301.2498846979553,708,3:20:47
1.5%,730000,-599304.6426311266,301.15604948740037,708,3:20:44
1.5%,735000,-599930.3243064471,298.5512331065577,708,3:20:41
1.5%,740000,-598104.626435034,299.72109446230496,708,3:20:39
1.5%,745000,-599339.1100004395,299.28964875040174,708,3:20:37
1.5%,750000,-600200.898280907,301.97328670811055,708,3:20:36
1.5%,755000,-599791.0693716155,300.2293255883354,708,3:20:39
1.5%,760000,-599625.656812855,299.70593363612903,708,3:20:36
1.5%,765000,-600178.7608924657,298.73532184381367,708,3:20:34
1.5%,770000,-600696.4927653731,303.0881962019904,708,3:20:31
1.5%,775000,-598792.9079752583,301.240587039184,708,3:20:29
1.6%,780000,-600295.1172787333,301.5883783542264,708,3:20:27
1.6%,785000,-599105.236826729,297.4349007519688,708,3:20:25
1.6%,790000,-599335.5499552819,302.61001687541864,708,3:20:24
1.6%,795000,-600282.8067538603,298.0608122714717,708,3:20:22
1.6%,800000,-597543.3783080499,298.89083070648235,708,3:20:20
1.6%,805000,-598085.7108159405,300.85879425961105,708,3:20:21
1.6%,810000,-599897.4992847438,300.0659664596857,708,3:20:20
1.6%,815000,-600290.9810589012,301.6111686576527,708,3:20:18
1.6%,820000,-599798.3730626116,301.58629312732523,708,3:20:16
1.6%,825000,-600192.9102254943,298.6020635787851,708,3:20:14
1.7%,830000,-599029.738867505,299.1214322696762,708,3:20:11
1.7%,835000,-599699.7287029731,300.29980625759674,708,3:20:09
1.7%,840000,-598662.6277348311,303.0204140616601,708,3:20:07
1.7%,845000,-598205.5501260282,300.5771169033779,708,3:20:05
1.7%,850000,-599771.6703362572,299.7026954014118,708,3:20:03
1.7%,855000,-598408.7400335982,301.64946323639157,708,3:20:07
1.7%,860000,-600510.2415220188,300.610431469635,708,3:20:04
1.7%,865000,-600524.6265278086,302.03981771230013,708,3:20:02
1.7%,870000,-599854.9051424097,301.52008104019114,708,3:20:00
1.7%,875000,-599006.8547280678,298.4703998990339,708,3:19:58
1.8%,880000,-600892.9889565962,298.6709741948501,708,3:19:56
1.8%,885000,-598318.3880198179,297.3225438201148,708,3:19:55
1.8%,890000,-598553.0155454371,300.2767461012773,708,3:19:53
1.8%,895000,-599114.8502301751,302.2812624553803,708,3:19:51
1.8%,900000,-599182.4364809659,300.7839223478166,708,3:19:49
1.8%,905000,-598852.9320837869,300.10904479425676,708,3:19:53
1.8%,910000,-598856.7713618898,298.42764048151827,708,3:19:51
1.8%,915000,-599259.178933234,303.29669436003127,708,3:19:49
1.8%,920000,-598497.9355374887,303.0332934042853,708,3:19:46
1.8%,925000,-599135.802575856,302.2733385931557,708,3:19:44
1.9%,930000,-600476.565286255,301.9927161164137,708,3:19:43
1.9%,935000,-598507.225366787,301.5453981479801,708,3:19:41
1.9%,940000,-598971.3743783194,300.5604105560869,708,3:19:40
1.9%,945000,-598679.6909508365,300.9314582840983,708,3:19:38
1.9%,950000,-599740.445119469,299.50079637321124,708,3:19:36
1.9%,955000,-599786.5427416828,298.9703146495407,708,3:19:38
1.9%,960000,-599884.7947657444,300.2818978383274,708,3:19:36
1.9%,965000,-598938.3971078764,302.94431554580615,708,3:19:34
1.9%,970000,-599200.9746422963,299.69028216832925,708,3:19:32
1.9%,975000,-600192.8554979516,297.5095518750325,708,3:19:30
2.0%,980000,-598900.8695774679,301.04315284976013,708,3:19:28
2.0%,985000,-599702.8434794815,298.392903054552,708,3:19:27
2.0%,990000,-598980.4889908135,302.36565281467676,709,3:19:24
2.0%,995000,-600537.821061702,298.74479122715337,709,3:19:22
2.0%,1000000,-599155.9971380285,297.6958484995957,709,3:19:21
2.0%,1005000,-598894.6476580333,301.71906075072997,708,3:19:22
2.0%,1010000,-599714.8178953412,298.73515011924536,708,3:19:20
2.0%,1015000,-599520.0356969172,298.3209995245817,709,3:19:18
2.0%,1020000,-599173.1470141541,299.184528782499,709,3:19:16
2.0%,1025000,-600232.0682690009,299.8697834064026,709,3:19:14
2.1%,1030000,-599769.2402431383,299.7765614978774,709,3:19:13
2.1%,1035000,-598829.4291922562,300.4756522155726,709,3:19:11
2.1%,1040000,-599980.3857335914,299.4787665643019,709,3:19:10
2.1%,1045000,-599770.4740536939,301.3818427626808,709,3:19:08
2.1%,1050000,-600326.1207266431,299.3380260145101,709,3:19:07
2.1%,1055000,-599336.2681871778,299.2169601938333,708,3:19:09
2.1%,1060000,-598958.9215896796,298.3988643502814,708,3:19:08
2.1%,1065000,-600734.8534329487,296.64523759051707,708,3:19:07
2.1%,1070000,-600974.4118292481,300.52925481297456,709,3:19:05
2.1%,1075000,-598483.6826129076,303.6370279223917,709,3:19:04
2.2%,1080000,-599290.5046270974,303.45365061549023,709,3:19:02
2.2%,1085000,-599119.4587265728,303.15578208567115,709,3:19:00
2.2%,1090000,-599501.175404408,300.83485094836874,709,3:18:59
2.2%,1095000,-599241.7830586703,302.09790968056,709,3:18:57
2.2%,1100000,-598192.6191572654,299.6801749508786,709,3:18:56
2.2%,1105000,-600818.202677534,301.1877204042177,709,3:18:57
2.2%,1110000,-599066.5166625567,300.1862963179267,709,3:18:55
2.2%,1115000,-598925.8234487656,297.2931543868482,709,3:18:54
2.2%,1120000,-599630.4716069889,300.5256976612019,709,3:18:52
2.2%,1125000,-599638.2442944632,299.20025384654235,709,3:18:51
2.3%,1130000,-599782.1190336305,300.21428742256546,709,3:18:50
2.3%,1135000,-599067.7301742844,298.92708912248247,709,3:18:48
2.3%,1140000,-599899.4340909044,300.28714770370226,709,3:18:46
2.3%,1145000,-598376.5731210033,299.8758918946191,709,3:18:44
2.3%,1150000,-598918.6343235332,301.21600589383075,709,3:18:43
2.3%,1155000,-598850.2080252683,302.83666877354074,709,3:18:44
2.3%,1160000,-598552.9999105739,299.89581194454604,709,3:18:43
2.3%,1165000,-599242.6972519876,299.52577003186354,709,3:18:41
2.3%,1170000,-600413.7391314856,301.74935787100065,709,3:18:40
2.3%,1175000,-599210.4309277269,298.90410256240665,709,3:18:39
2.4%,1180000,-600668.9113094183,299.51473059532765,709,3:18:37
2.4%,1185000,-598290.103384756,300.44410395916117,709,3:18:35
2.4%,1190000,-600007.9445139398,297.82471552209114,709,3:18:34
2.4%,1195000,-598988.8618827285,298.8233674832076,709,3:18:33
2.4%,1200000,-599839.8978051967,298.79194188720214,709,3:18:31
2.4%,1205000,-598378.6413864135,299.40443435829366,708,3:18:34
2.4%,1210000,-599525.5458733309,300.404877161337,708,3:18:32
2.4%,1215000,-599423.4564394271,298.2403380416263,708,3:18:31
2.4%,1220000,-600300.7403995069,299.42121430182823,708,3:18:29
2.4%,1225000,-599395.8027131115,302.0240926482568,709,3:18:28
2.5%,1230000,-598769.201366514,300.06795355826216,709,3:18:26
2.5%,1235000,-599458.9570479868,302.89642892332165,709,3:18:25
2.5%,1240000,-600161.7045607646,298.0971933478777,709,3:18:23
2.5%,1245000,-598874.8920852826,299.79356223014264,709,3:18:22
2.5%,1250000,-597634.1723099439,300.39032963719086,709,3:18:20
2.5%,1255000,-599262.07367526,298.3897629481596,708,3:18:22
2.5%,1260000,-600631.9399831113,300.77661178762173,708,3:18:21
2.5%,1265000,-599813.2587775951,300.0916760807737,708,3:18:19
2.5%,1270000,-598846.6747827865,297.7274703522507,708,3:18:17
2.5%,1275000,-600291.1567162634,298.74182284532924,708,3:18:17
2.6%,1280000,-598582.6888188976,301.7379995174093,708,3:18:15
2.6%,1285000,-599597.5358806648,302.9740729602906,708,3:18:13
2.6%,1290000,-599234.4643666348,297.04381031362453,709,3:18:12
2.6%,1295000,-600534.9325422891,299.0661369586721,709,3:18:10
2.6%,1300000,-599518.0503159608,302.40146965321543,708,3:18:09
2.6%,1305000,-599744.3935252037,301.19316652624207,708,3:18:10
2.6%,1310000,-598678.3764414056,300.2458356789769,708,3:18:09
2.6%,1315000,-599703.7181567773,300.1757720550958,708,3:18:07
2.6%,1320000,-598548.0230133832,302.6494889940547,708,3:18:05
2.6%,1325000,-599725.4552370701,297.5112445886347,708,3:18:03
2.7%,1330000,-600128.5594675634,301.15413598506746,709,3:18:02
2.7%,1335000,-599801.8778694128,299.8335495224837,709,3:18:00
2.7%,1340000,-599272.5079643079,299.7049523528814,709,3:17:59
2.7%,1345000,-599750.9557241458,302.55430451903425,709,3:17:58
2.7%,1350000,-599157.4564816114,300.78549240101285,709,3:17:56
2.7%,1355000,-599050.9028238193,302.2271937484357,708,3:17:57
2.7%,1360000,-599439.0762633667,299.7818849594958,708,3:17:56
2.7%,1365000,-599543.2183625619,303.2327146922856,708,3:17:55
2.7%,1370000,-600119.5858566603,301.3775496484724,708,3:17:54
2.7%,1375000,-599818.111326538,300.9166899712214,708,3:17:52
2.8%,1380000,-598992.9961675517,301.42688366374716,708,3:17:50
2.8%,1385000,-599564.0669901785,301.9708334999915,708,3:17:49
2.8%,1390000,-599735.3678430235,301.2932083533383,709,3:17:47
2.8%,1395000,-598602.9652653756,298.0959176796558,708,3:17:46
2.8%,1400000,-598696.1565042492,299.73456257487874,709,3:17:45
2.8%,1405000,-599011.7029554783,300.69555779136726,708,3:17:45
2.8%,1410000,-599315.04790527,300.0940066284868,708,3:17:44
2.8%,1415000,-599633.2440040703,297.7342657387406,708,3:17:43
2.8%,1420000,-599455.7300914191,301.76692284113335,708,3:17:42
2.8%,1425000,-598799.6781523735,300.5461083527527,708,3:17:41
2.9%,1430000,-599187.2887103376,300.6448254474646,708,3:17:39
2.9%,1435000,-599321.8597037946,299.66422909810456,708,3:17:37
2.9%,1440000,-597973.1759506692,303.1619887022124,708,3:17:36
2.9%,1445000,-600323.4815152301,297.24379583949224,708,3:17:35
2.9%,1450000,-600556.5645719497,299.94742744337157,708,3:17:33
2.9%,1455000,-600111.808093885,301.2990469886617,708,3:17:34
2.9%,1460000,-601024.4855453824,302.6079807126798,708,3:17:33
2.9%,1465000,-599774.5337634445,299.6144289732872,708,3:17:32
2.9%,1470000,-599027.5541461422,299.11284604125944,708,3:17:30
2.9%,1475000,-599248.4390441827,302.1585039211014,708,3:17:28
3.0%,1480000,-599206.1653439631,299.9379580600319,708,3:17:27
3.0%,1485000,-598799.6509917877,301.84184381709014,708,3:17:26
3.0%,1490000,-599422.5008983314,301.13551613544365,708,3:17:25
3.0%,1495000,-599433.8779912447,300.39302816612184,708,3:17:24
3.0%,1500000,-598393.7235962548,300.3030690243951,708,3:17:22
3.0%,1505000,-600335.6482137144,301.06265585430685,708,3:17:22
3.0%,1510000,-598424.8677063603,298.8912722839438,708,3:17:21
3.0%,1515000,-600177.5584520418,298.56347461507187,708,3:17:19
3.0%,1520000,-599260.4809007682,300.67360157870144,708,3:17:19
3.0%,1525000,-598634.9010686814,297.5565798746753,708,3:17:18
3.1%,1530000,-599396.3520256537,299.29870108836116,708,3:17:16
3.1%,1535000,-599795.9046627721,299.06297232019847,708,3:17:15
3.1%,1540000,-598422.4939531996,300.2897235722273,708,3:17:14
3.1%,1545000,-599715.905318486,298.35377438505265,708,3:17:12
3.1%,1550000,-598419.2028133818,301.7890507783674,708,3:17:11
3.1%,1555000,-599602.2454868769,302.1654219679972,708,3:17:11
3.1%,1560000,-599472.1232161284,298.4933619270285,708,3:17:09
3.1%,1565000,-598974.0887319781,299.7421429879667,708,3:17:08
3.1%,1570000,-599027.352849206,299.5890137371735,708,3:17:07
3.1%,1575000,-600092.0675404663,298.91052996767866,708,3:17:05
3.2%,1580000,-599324.8764338447,301.31896703858865,708,3:17:03
3.2%,1585000,-599394.2893306818,300.3545373307335,708,3:17:02
3.2%,1590000,-597527.3768970091,299.5578579940611,708,3:17:01
3.2%,1595000,-600036.3605218353,300.24144443644366,708,3:16:59
3.2%,1600000,-600220.6480828682,300.74979822288014,708,3:16:58
3.2%,1605000,-598413.1229364513,297.2577300616086,708,3:16:59
3.2%,1610000,-599320.4129975224,299.7114288223158,708,3:16:57
3.2%,1615000,-598646.6643019659,303.1226883081447,708,3:16:55
3.2%,1620000,-599788.035374267,299.7958437136934,708,3:16:54
3.2%,1625000,-598486.1801094064,300.68400318112634,708,3:16:53
3.3%,1630000,-599778.4021514417,301.8965258260645,708,3:16:51
3.3%,1635000,-599158.0174597711,300.05129627513355,708,3:16:50
3.3%,1640000,-598440.0239428333,300.26084931266564,708,3:16:48
3.3%,1645000,-599895.1328855394,297.6565726376092,708,3:16:47
3.3%,1650000,-600670.2937940462,299.862252057477,708,3:16:46
3.3%,1655000,-598754.8820109442,298.16043705318765,708,3:16:45
3.3%,1660000,-600440.0116962884,305.0351357615385,708,3:16:44
3.3%,1665000,-599733.4406046113,298.88800951714546,708,3:16:42
3.3%,1670000,-599169.2202253835,300.4833552890665,708,3:16:40
3.3%,1675000,-599549.4619787349,300.51801911978913,708,3:16:39
3.4%,1680000,-598890.0717091509,299.6753911950464,708,3:16:37
3.4%,1685000,-600083.7593319067,297.7828147274172,708,3:16:36
3.4%,1690000,-598503.9844729286,301.86416801097374,709,3:16:34
3.4%,1695000,-599321.3507769019,301.06822463673717,709,3:16:33
3.4%,1700000,-598709.42209796,301.32581148924095,709,3:16:32
3.4%,1705000,-599618.4536280595,299.90415285215096,708,3:16:33
3.4%,1710000,-598556.0844149571,300.9178675111185,708,3:16:31
3.4%,1715000,-600429.4979516864,297.8740495373659,708,3:16:30
3.4%,1720000,-599145.3597628111,297.5494165069676,708,3:16:28
3.4%,1725000,-599705.2600806006,299.6635421998313,708,3:16:27
3.5%,1730000,-600698.2325117528,299.8472384237882,708,3:16:25
3.5%,1735000,-600431.1280544759,300.6389868121412,708,3:16:24
3.5%,1740000,-599104.845009476,297.7326220893007,708,3:16:22
3.5%,1745000,-598515.4064411945,301.0528430218305,709,3:16:21
3.5%,1750000,-600794.2119992571,297.8174049618963,709,3:16:19
3.5%,1755000,-598716.2631612569,299.54063647306515,708,3:16:20
3.5%,1760000,-600017.5612880066,300.519417448417,708,3:16:19
3.5%,1765000,-600030.882080208,300.6246110125633,708,3:16:18
3.5%,1770000,-598838.3511241497,297.0429026266205,708,3:16:16
3.5%,1775000,-599655.0415198784,299.74695127588006,708,3:16:15
3.6%,1780000,-599275.9995256206,300.1175328943488,708,3:16:13
3.6%,1785000,-599029.3590522883,299.9449497031713,708,3:16:12
3.6%,1790000,-599833.786179956,300.7269097911291,708,3:16:10
3.6%,1795000,-598699.3001923761,301.1474141948212,708,3:16:09
3.6%,1800000,-600726.5746278553,300.53445561418704,708,3:16:08
3.6%,1805000,-599148.5276370626,298.95853925056906,708,3:16:08
3.6%,1810000,-598620.9747386002,300.00924828797247,708,3:16:08
3.6%,1815000,-600471.5533353942,299.7189847033225,708,3:16:06
3.6%,1820000,-600665.3026391733,300.61173166993814,708,3:16:05
3.6%,1825000,-599287.5978948344,299.2775053702123,708,3:16:03
3.7%,1830000,-600596.9327809918,298.1694403269847,708,3:16:02
3.7%,1835000,-600299.420964493,300.13676604600244,708,3:15:59
3.7%,1840000,-599796.4897589972,300.79010443227673,708,3:15:58
3.7%,1845000,-598559.8553843913,298.8936764279006,709,3:15:56
3.7%,1850000,-598670.4856737936,298.51666740415976,709,3:15:55
3.7%,1855000,-599156.8042372167,300.45916665701236,708,3:15:55
3.7%,1860000,-599483.0325775789,298.6696494624658,708,3:15:53
3.7%,1865000,-599485.5483075869,299.8075700485026,708,3:15:52
3.7%,1870000,-599452.9983376153,298.89735624007915,709,3:15:50
3.7%,1875000,-600939.6949200891,298.15295476842454,709,3:15:49
3.8%,1880000,-599892.2726894948,301.47530999201786,709,3:15:47
3.8%,1885000,-599427.9118204503,300.56838348247396,709,3:15:46
3.8%,1890000,-599519.086586257,303.06999339774677,709,3:15:45
3.8%,1895000,-599903.860818638,301.27417145833425,709,3:15:43
3.8%,1900000,-600071.3489691722,300.33846881755346,709,3:15:42
3.8%,1905000,-600397.0915550618,298.1957387180213,708,3:15:42
3.8%,1910000,-599411.8543747142,300.42624460405426,708,3:15:41
3.8%,1915000,-600454.4794383589,301.86021834590207,708,3:15:40
3.8%,1920000,-599425.2267422033,299.6173973551113,708,3:15:38
3.8%,1925000,-599629.2488732119,300.3912127921137,709,3:15:37
3.9%,1930000,-600012.9561124477,301.1063965550701,709,3:15:35
3.9%,1935000,-600151.5041822675,300.29342791648713,709,3:15:34
3.9%,1940000,-599728.0866004443,300.501410900823,709,3:15:33
3.9%,1945000,-598800.2259042249,299.9047661541807,709,3:15:31
3.9%,1950000,-599225.4855766338,300.528028208915,709,3:15:30
3.9%,1955000,-599015.6919631837,300.4608593706145,708,3:15:30
3.9%,1960000,-599541.7957154671,300.030394941959,708,3:15:29
3.9%,1965000,-598679.1471005837,301.01472016765996,708,3:15:27
3.9%,1970000,-599153.837711697,300.77987455442013,709,3:15:26
3.9%,1975000,-599827.0598737067,301.3696012541666,709,3:15:25
4.0%,1980000,-599683.2580553414,300.4633125787336,708,3:15:24
4.0%,1985000,-598911.439883064,298.91825757325375,709,3:15:22
4.0%,1990000,-598334.2707664589,301.15695717440445,709,3:15:21
4.0%,1995000,-599807.8579704165,300.33650625105815,709,3:15:19
4.0%,2000000,-599180.9265841804,297.1441955898574,709,3:15:18
4.0%,2005000,-599916.0961623397,300.48777106368084,708,3:15:19
4.0%,2010000,-600065.76864029,298.97257160101026,708,3:15:17
4.0%,2015000,-600666.4589337865,301.847486195764,708,3:15:16
4.0%,2020000,-599294.5585294799,300.56669076887175,708,3:15:15
4.0%,2025000,-600302.2432267023,300.03500697322283,708,3:15:13
4.1%,2030000,-600796.2345765023,300.6803969651913,708,3:15:11
4.1%,2035000,-599668.006954439,299.78127165746605,709,3:15:10
4.1%,2040000,-598426.118620079,302.7763443858925,709,3:15:09
4.1%,2045000,-600460.483770451,300.1216788160701,709,3:15:07
4.1%,2050000,-600032.7420178051,296.94906741606553,709,3:15:06
4.1%,2055000,-599581.375005628,299.62708752718163,708,3:15:06
4.1%,2060000,-599698.1627287776,303.3778464846106,708,3:15:04
4.1%,2065000,-600594.6458983021,298.79917885115344,708,3:15:03
4.1%,2070000,-600060.9488149732,300.4277655930881,708,3:15:02
4.1%,2075000,-598316.3827965297,301.26931410625843,708,3:15:01
4.2%,2080000,-599444.5551608503,300.27954275853307,708,3:15:00
4.2%,2085000,-600018.4743008022,300.88828182120244,708,3:14:58
4.2%,2090000,-599064.5778195695,301.2554780124668,708,3:14:57
4.2%,2095000,-599205.1006823671,302.30662862733163,708,3:14:56
4.2%,2100000,-599477.1342938049,296.9020639485039,709,3:14:54
4.2%,2105000,-599505.7041344247,302.7653049493567,708,3:14:55
4.2%,2110000,-599644.5306677874,303.3722041059367,708,3:14:54
4.2%,2115000,-598684.9113768134,299.6629043657203,708,3:14:53
4.2%,2120000,-600615.621780911,298.89848471581394,708,3:14:51
4.2%,2125000,-599047.5922267474,300.7350053779221,708,3:14:50
4.3%,2130000,-599481.5459876484,298.8018283159221,708,3:14:48
4.3%,2135000,-600201.826139818,298.45327650636267,708,3:14:47
4.3%,2140000,-598435.4573676074,301.7860578644622,708,3:14:45
4.3%,2145000,-598715.6000077873,298.5855044239813,708,3:14:44
4.3%,2150000,-599930.6416280391,301.04420772925135,708,3:14:42
4.3%,2155000,-599800.6895989897,300.50683249076616,708,3:14:42
4.3%,2160000,-599146.2072056415,301.21355268571165,708,3:14:40
4.3%,2165000,-599220.7284960272,301.1167736254138,708,3:14:39
4.3%,2170000,-600219.9673149739,300.47820355201645,708,3:14:38
4.3%,2175000,-598842.8061847291,299.9994354554961,708,3:14:37
4.4%,2180000,-599581.6694786274,300.35240303966987,708,3:14:35
4.4%,2185000,-598356.619617471,302.5390455645336,708,3:14:34
4.4%,2190000,-599821.587390292,296.70659232557534,708,3:14:32
4.4%,2195000,-599823.0864583072,299.7504593634904,709,3:14:31
4.4%,2200000,-599262.6032540309,299.35718556992015,709,3:14:29
4.4%,2205000,-600578.7237064796,299.8023692472902,708,3:14:29
4.4%,2210000,-599630.3984105075,300.9573150976734,709,3:14:27
4.4%,2215000,-600057.2447271342,297.5745864222694,709,3:14:26
4.4%,2220000,-600488.7615330531,300.9604306719846,709,3:14:25
4.4%,2225000,-598579.0247116354,299.8560699730169,709,3:14:24
4.5%,2230000,-599616.4818099695,302.48617892956736,709,3:14:22
4.5%,2235000,-598540.0627202513,298.83676199953777,709,3:14:21
4.5%,2240000,-599319.7630832,298.7175851491127,709,3:14:19
4.5%,2245000,-599881.5909065008,300.66523613901535,709,3:14:18
4.5%,2250000,-599274.8757669101,300.858279085906,709,3:14:17
4.5%,2255000,-599859.8016263628,301.45904522218837,708,3:14:17
4.5%,2260000,-599541.1830406943,297.36064214220414,709,3:14:15
4.5%,2265000,-598316.2162862048,300.35021968444386,709,3:14:14
4.5%,2270000,-600122.0381079353,298.8636491605229,709,3:14:12
4.5%,2275000,-598416.7817697604,300.98771034626884,709,3:14:11
4.6%,2280000,-599706.9458425529,299.587149299003,709,3:14:09
4.6%,2285000,-600592.9545631921,300.4614726726443,709,3:14:07
4.6%,2290000,-600487.4266562825,297.8676466641751,709,3:14:06
4.6%,2295000,-598877.845688676,301.8599975571713,709,3:14:04
4.6%,2300000,-598431.929566157,300.7206050462631,709,3:14:03
4.6%,2305000,-600442.7389251259,300.81900322391954,709,3:14:03
4.6%,2310000,-600639.9524766142,298.62502560677973,709,3:14:01
4.6%,2315000,-599617.8421387714,297.3445736290242,709,3:14:00
4.6%,2320000,-599056.852471522,298.7427795964957,709,3:13:59
4.6%,2325000,-599177.8059695465,300.7183235627123,709,3:13:57
4.7%,2330000,-598711.1001231368,299.2470855895357,709,3:13:56
4.7%,2335000,-599224.2095892583,298.7867656180709,709,3:13:55
4.7%,2340000,-600332.4956959174,300.172705544947,709,3:13:53
4.7%,2345000,-599093.9380266289,299.3867712598363,709,3:13:52
4.7%,2350000,-599547.3179719606,299.9668568516747,709,3:13:50
4.7%,2355000,-599019.7421517642,300.5046246034589,709,3:13:50
4.7%,2360000,-598952.3610582519,301.15690811024206,709,3:13:49
4.7%,2365000,-599514.7206245759,300.0385641249955,709,3:13:47
4.7%,2370000,-597737.0526544079,303.45031425244827,709,3:13:45
4.7%,2375000,-598883.0187083506,299.5875663443832,709,3:13:44
4.8%,2380000,-598828.2081815284,299.9546398752417,709,3:13:43
4.8%,2385000,-600213.1923086611,298.84706547363794,709,3:13:41
4.8%,2390000,-599765.5835199426,300.19682058075756,709,3:13:40
4.8%,2395000,-599002.6200864739,299.23187569919736,709,3:13:38
4.8%,2400000,-600238.8932981142,303.3010856025644,709,3:13:36
4.8%,2405000,-599218.8207492055,302.26220102829507,709,3:13:36
4.8%,2410000,-599989.3668910088,302.3548586989528,709,3:13:35
4.8%,2415000,-599479.5197888594,300.20962632713923,709,3:13:33
4.8%,2420000,-599346.7885938897,300.6210293287095,709,3:13:32
4.8%,2425000,-598338.2469761642,301.554131568884,709,3:13:31
4.9%,2430000,-597824.7359485636,300.2742928931582,709,3:13:29
4.9%,2435000,-601630.2302575926,303.96367258344765,709,3:13:28
4.9%,2440000,-599314.3772167056,302.2575154007876,709,3:13:26
4.9%,2445000,-599047.8837342933,299.62615530809643,709,3:13:24
4.9%,2450000,-598675.5856932257,300.79191980628485,709,3:13:23
4.9%,2455000,-600918.0989741529,302.2687265618918,709,3:13:23
4.9%,2460000,-599826.205126903,302.47062559009237,709,3:13:21
4.9%,2465000,-598698.7472651917,300.9804243181552,709,3:13:20
4.9%,2470000,-599139.3861492914,300.0018395994528,709,3:13:19
4.9%,2475000,-601329.1513305819,303.8267835704028,709,3:13:18
5.0%,2480000,-598359.7617114242,299.4953011870245,709,3:13:16
5.0%,2485000,-600246.2236499628,298.8580313139302,709,3:13:15
5.0%,2490000,-600323.783146088,300.2401197040594,709,3:13:13
5.0%,2495000,-599101.6003373829,300.9819943713514,709,3:13:12
5.0%,2500000,-599702.1367278975,300.31413299301215,709,3:13:11
5.0%,2505000,-598776.0803971309,300.1163553544516,709,3:13:11
5.0%,2510000,-598730.876535574,301.5841588362616,709,3:13:10
5.0%,2515000,-600751.8876357451,301.5868573651926,709,3:13:08
5.0%,2520000,-598691.7574354322,299.53052925561457,709,3:13:07
5.0%,2525000,-599431.959791576,298.7533038593266,709,3:13:06
5.1%,2530000,-599644.1729282327,300.64543874949436,709,3:13:04
5.1%,2535000,-600170.748809698,301.52542903389076,709,3:13:03
5.1%,2540000,-601047.5582784968,299.5749813867323,709,3:13:01
5.1%,2545000,-599386.0032266942,301.90771245508745,709,3:13:00
5.1%,2550000,-599177.8603564566,304.0674432868849,709,3:12:59
5.1%,2555000,-599832.8183171842,298.48178278470647,709,3:12:59
5.1%,2560000,-600127.7806022344,300.16046403643276,709,3:12:57
5.1%,2565000,-597583.4822807731,299.7473437891791,709,3:12:56
5.1%,2570000,-599727.5115380846,299.486494169877,709,3:12:55
5.1%,2575000,-598199.526815712,299.8197870249357,709,3:12:53
5.2%,2580000,-598905.2982869279,303.61212785998305,709,3:12:52
5.2%,2585000,-599803.4107465832,299.89188681155554,709,3:12:51
5.2%,2590000,-599156.7138075563,300.7473450147611,709,3:12:50
5.2%,2595000,-598468.7859309716,298.7487408922251,709,3:12:48
5.2%,2600000,-600226.4407391581,304.1325514303653,709,3:12:47
5.2%,2605000,-598639.3638286544,300.2247380891527,709,3:12:47
5.2%,2610000,-598193.489126204,299.66314968653217,709,3:12:46
5.2%,2615000,-599154.6429409571,297.2031707130402,709,3:12:44
5.2%,2620000,-600879.5356615502,301.9452710713906,709,3:12:43
5.2%,2625000,-599008.2115952368,299.5802803162695,709,3:12:42
5.3%,2630000,-599185.349797498,304.68194738863406,709,3:12:40
5.3%,2635000,-600090.8066751291,299.96656246670045,709,3:12:39
5.3%,2640000,-599025.3696978497,300.21531776997546,709,3:12:38
5.3%,2645000,-599930.3452058397,299.65181586502206,709,3:12:36
5.3%,2650000,-600808.0402505435,298.58628945057933,709,3:12:35
5.3%,2655000,-599012.6098518278,300.0553440685301,709,3:12:36
5.3%,2660000,-600827.1613013851,299.8276618229979,709,3:12:34
5.3%,2665000,-599009.8175603054,299.47322231395276,709,3:12:33
5.3%,2670000,-600688.3601471968,298.7203572742873,709,3:12:31
5.3%,2675000,-599679.1255640457,303.08826979823397,709,3:12:30
5.4%,2680000,-598358.1532264254,299.67210389616685,709,3:12:29
5.4%,2685000,-599916.420996374,301.5734628488624,709,3:12:27
5.4%,2690000,-599785.1588142649,301.0046620143717,709,3:12:26
5.4%,2695000,-599520.9967252226,301.8619110595042,709,3:12:24
5.4%,2700000,-600219.1820436837,301.79847109754473,709,3:12:23
5.4%,2705000,-599871.6868663309,302.13519844397007,709,3:12:24
5.4%,2710000,-598691.4519559871,300.36766199417053,709,3:12:22
5.4%,2715000,-598869.6763707777,300.4484706696132,709,3:12:21
5.4%,2720000,-599681.4635749771,302.27620884665504,709,3:12:19
5.4%,2725000,-598495.3047992443,301.0427848685423,709,3:12:18
5.5%,2730000,-598723.9685657136,300.75031339658517,709,3:12:16
5.5%,2735000,-599587.2010250273,296.7567604316106,709,3:12:15
5.5%,2740000,-598978.9851048789,298.2798101602623,709,3:12:14
5.5%,2745000,-598690.4989491082,303.0533851787806,709,3:12:13
5.5%,2750000,-599375.0039880173,301.9533666581836,709,3:12:11
5.5%,2755000,-600694.7142808051,299.3224481429539,709,3:12:11
5.5%,2760000,-598765.4677141397,301.3894477078499,709,3:12:10
5.5%,2765000,-601729.9487403589,299.50364209462936,709,3:12:08
5.5%,2770000,-599456.2902628803,302.91730572441503,709,3:12:07
5.5%,2775000,-600005.5160137108,298.4437089946982,709,3:12:06
5.6%,2780000,-600048.8290865254,300.5795210473346,709,3:12:04
5.6%,2785000,-599458.4650569884,300.430194269126,709,3:12:03
5.6%,2790000,-599338.867539098,300.5463291414834,709,3:12:02
5.6%,2795000,-600668.7546966192,298.1741750186546,709,3:12:00
5.6%,2800000,-600313.0846825456,300.86350441919967,709,3:11:59
5.6%,2805000,-599935.7847313001,298.85582342662303,709,3:11:59
5.6%,2810000,-599338.6910891514,300.07097100424863,709,3:11:57
5.6%,2815000,-599611.3175259554,302.6753458076298,709,3:11:56
5.6%,2820000,-600265.3678888567,300.5224103623223,709,3:11:54
5.6%,2825000,-598410.2244361872,302.7245571624987,709,3:11:53
5.7%,2830000,-598420.3950327402,300.88700615298046,709,3:11:51
5.7%,2835000,-600978.2157906676,302.9880562465694,709,3:11:50
5.7%,2840000,-599417.8231171141,299.40747633636136,709,3:11:48
5.7%,2845000,-599536.2962583173,299.31675670011765,709,3:11:47
5.7%,2850000,-600907.364898249,299.7249705311331,709,3:11:45
5.7%,2855000,-600710.7093519396,300.862523135952,709,3:11:45
5.7%,2860000,-599155.0605376298,300.95375794590075,709,3:11:44
5.7%,2865000,-599863.456826753,298.28179725883876,709,3:11:42
5.7%,2870000,-598933.2241612393,299.4367185771408,709,3:11:41
5.7%,2875000,-599130.642252476,299.66025490095166,709,3:11:40
5.8%,2880000,-599785.6734986911,300.7048799822197,709,3:11:38
5.8%,2885000,-598241.392026036,299.8690229118857,709,3:11:37
5.8%,2890000,-599901.7206743727,301.8559252316936,709,3:11:35
5.8%,2895000,-599712.9618166704,299.67686311991787,709,3:11:34
5.8%,2900000,-599295.151774352,300.1423102963516,709,3:11:33
5.8%,2905000,-599619.5957677239,300.0908910541756,709,3:11:33
5.8%,2910000,-598167.7465834194,300.9811357485097,709,3:11:32
5.8%,2915000,-597809.0799612133,300.33049589116644,709,3:11:31
5.8%,2920000,-601843.2130311015,301.80006568282215,709,3:11:29
5.8%,2925000,-599114.1772733834,302.11991495738823,709,3:11:28
5.9%,2930000,-599992.2219799045,298.1352916699671,709,3:11:27
5.9%,2935000,-599627.4180811155,299.05450875218764,709,3:11:26
5.9%,2940000,-599915.9530730108,299.54127430717614,709,3:11:25
5.9%,2945000,-598672.0318931579,299.8250614223917,709,3:11:23
5.9%,2950000,-599699.6920016734,302.1620856049552,709,3:11:22
5.9%,2955000,-597706.9469783287,297.1828581498142,709,3:11:22
5.9%,2960000,-599907.4035644229,299.8366405647138,709,3:11:21
5.9%,2965000,-599139.6610085503,300.1248434545437,709,3:11:19
5.9%,2970000,-599780.2102116328,300.5265562840436,709,3:11:18
5.9%,2975000,-599772.8997127726,298.7690043912887,709,3:11:17
6.0%,2980000,-599901.3193061673,299.96187683919294,709,3:11:15
6.0%,2985000,-599524.9683762775,298.5804017510936,709,3:11:14
6.0%,2990000,-599150.7537444704,299.8652204393011,709,3:11:12
6.0%,2995000,-599594.2948596044,300.3368987643573,709,3:11:11
6.0%,3000000,-599440.1171721392,299.0652538037492,709,3:11:10
6.0%,3005000,-599367.0041797026,298.88047816821984,709,3:11:10
6.0%,3010000,-599615.0629825462,301.61663931175826,709,3:11:08
6.0%,3015000,-600143.762144112,300.40443558387557,709,3:11:07
6.0%,3020000,-597604.1537656211,299.8227554067597,709,3:11:06
6.0%,3025000,-600602.4040047037,301.7230104158017,709,3:11:05
6.1%,3030000,-599556.5239848266,300.36282917417594,709,3:11:03
6.1%,3035000,-600137.4701203983,300.77256399422527,709,3:11:02
6.1%,3040000,-599176.4342463794,296.51067912518533,709,3:11:00
6.1%,3045000,-599410.5021673334,300.4247236150204,709,3:10:59
6.1%,3050000,-600229.4812846011,299.94180959677885,709,3:10:57
6.1%,3055000,-599067.904024173,301.29843368663194,709,3:10:57
6.1%,3060000,-600166.8234275975,300.0814952670795,709,3:10:55
6.1%,3065000,-600747.9417712544,298.96712547898585,709,3:10:54
6.1%,3070000,-598538.8872464201,298.85511199626853,709,3:10:53
6.1%,3075000,-599149.6776463608,298.2081028869415,709,3:10:51
6.2%,3080000,-598796.4016975751,301.9436519540321,709,3:10:50
6.2%,3085000,-601047.2549125957,300.09216672239745,709,3:10:49
6.2%,3090000,-599818.2639214997,299.5217958347106,709,3:10:47
6.2%,3095000,-599721.792644416,298.8819255610101,709,3:10:46
6.2%,3100000,-600080.397951779,301.565956032018,709,3:10:45
6.2%,3105000,-599463.6703054267,302.5746661464227,709,3:10:45
6.2%,3110000,-599172.2511523296,301.2621998027131,709,3:10:44
6.2%,3115000,-600480.8861019979,302.1479551261893,709,3:10:42
6.2%,3120000,-600387.7003377527,299.10165941223636,709,3:10:40
6.2%,3125000,-598908.5984703237,302.112825185924,709,3:10:39
6.3%,3130000,-598811.8376384447,299.7853194508626,709,3:10:37
6.3%,3135000,-598507.699899476,298.82214087914804,709,3:10:36
6.3%,3140000,-599301.8866761066,300.4196209421327,709,3:10:35
6.3%,3145000,-600193.2427019398,299.23746901370885,709,3:10:33
6.3%,3150000,-598397.4258839902,299.12663307088866,709,3:10:32
6.3%,3155000,-599229.7003270746,301.1121125299876,709,3:10:32
6.3%,3160000,-599956.104627762,300.61489630841174,709,3:10:31
6.3%,3165000,-599394.1015768303,301.2055797593247,709,3:10:29
6.3%,3170000,-600318.7921875915,301.6579022723213,709,3:10:28
6.3%,3175000,-600312.1511298739,299.3313042242638,709,3:10:27
6.4%,3180000,-600827.9862424135,299.36555100960624,709,3:10:26
6.4%,3185000,-599719.2587882672,301.67252339271096,709,3:10:24
6.4%,3190000,-598688.0851181261,301.51519915603416,709,3:10:23
6.4%,3195000,-600055.3039136045,300.4704514143601,709,3:10:22
6.4%,3200000,-598599.5759367961,302.1111079402407,709,3:10:21
6.4%,3205000,-599547.9232197502,299.0834566079928,709,3:10:21
6.4%,3210000,-600040.9983050018,300.0587294957344,709,3:10:19
6.4%,3215000,-599542.4650643463,300.97890332912135,709,3:10:18
6.4%,3220000,-599594.6783259278,299.72673684097884,709,3:10:16
6.4%,3225000,-599476.4764470938,297.7748663331114,709,3:10:15
6.5%,3230000,-599844.8340531895,298.1409831128033,709,3:10:14
6.5%,3235000,-598904.1746078241,300.9687470475084,709,3:10:12
6.5%,3240000,-598087.0230418211,299.8304094160913,709,3:10:11
6.5%,3245000,-599452.9859925867,299.7600023430736,709,3:10:10
6.5%,3250000,-599491.877373816,301.25189632861293,709,3:10:08
6.5%,3255000,-599746.2542870208,299.68042027169054,709,3:10:09
6.5%,3260000,-599894.9758301708,301.3126622937226,709,3:10:07
6.5%,3265000,-599644.1489180899,303.32780103898125,709,3:10:06
6.5%,3270000,-599470.2280174205,300.97787298171136,709,3:10:04
6.5%,3275000,-600915.2647165218,300.29750024196477,709,3:10:03
6.6%,3280000,-599541.9255136913,301.02448393597393,709,3:10:01
6.6%,3285000,-599652.4720132654,298.5171580457836,709,3:10:00
6.6%,3290000,-599661.2962307618,301.3031193141394,709,3:09:59
6.6%,3295000,-599691.6265974785,298.3126340848956,709,3:09:57
6.6%,3300000,-600065.1153582395,299.49059102743587,709,3:09:56
6.6%,3305000,-597779.7135533029,298.2514756064869,709,3:09:56
6.6%,3310000,-599196.2021919545,298.4749628661354,709,3:09:54
6.6%,3315000,-599375.4584236187,300.7295101917353,709,3:09:53
6.6%,3320000,-599720.4412341714,300.5299171791667,709,3:09:52
6.6%,3325000,-600309.5663717692,297.83661358146867,709,3:09:51
6.7%,3330000,-599482.5669269147,303.56002171953367,709,3:09:50
6.7%,3335000,-599676.3634898039,299.68439446884344,709,3:09:48
6.7%,3340000,-599953.5724889487,297.5674721187241,709,3:09:47
6.7%,3345000,-599779.0214364645,297.9662410984811,709,3:09:46
6.7%,3350000,-599503.0209704032,298.0545565907681,709,3:09:45
6.7%,3355000,-599646.65661505,300.41422388427077,709,3:09:45
6.7%,3360000,-599138.8844976723,302.19922717587815,709,3:09:43
6.7%,3365000,-600739.7768516145,303.1860546738606,709,3:09:42
6.7%,3370000,-600318.4056298151,304.10316199709877,709,3:09:41
6.7%,3375000,-600822.6098174364,302.1054655615668,709,3:09:39
6.8%,3380000,-598188.5763881896,300.71964829509665,709,3:09:38
6.8%,3385000,-598412.7439160682,300.99087498474245,709,3:09:36
6.8%,3390000,-599892.3691520118,299.86338053321174,709,3:09:35
6.8%,3395000,-600384.0464181066,296.3273508824463,709,3:09:34
6.8%,3400000,-600432.9262134358,300.65424576664185,709,3:09:32
6.8%,3405000,-598395.7753148968,298.7114275967338,709,3:09:32
6.8%,3410000,-599237.4727487615,298.0908395388493,709,3:09:31
6.8%,3415000,-600069.8686516597,302.4432723195646,709,3:09:30
6.8%,3420000,-599167.89799,302.3904302166795,709,3:09:28
6.8%,3425000,-598495.9217494386,301.44957583884866,709,3:09:27
6.9%,3430000,-599004.9851840218,300.13048583321756,709,3:09:26
6.9%,3435000,-599438.3480386995,300.92996182714563,709,3:09:24
6.9%,3440000,-598666.6927471273,296.7727308164658,709,3:09:23
6.9%,3445000,-599966.7179333288,299.5105110773628,709,3:09:22
6.9%,3450000,-599811.9996022047,301.3403099492247,709,3:09:21
6.9%,3455000,-598298.6038418221,299.6323373925565,709,3:09:20
6.9%,3460000,-599449.7788571697,299.2976216767888,709,3:09:19
6.9%,3465000,-598167.9800219531,303.21107739667525,709,3:09:18
6.9%,3470000,-598329.8431305299,300.0043909358967,709,3:09:16
6.9%,3475000,-599296.8272651755,300.47467093232495,709,3:09:15
7.0%,3480000,-599103.6535046818,299.56776895486223,709,3:09:14
7.0%,3485000,-600268.739043734,299.383778345931,709,3:09:13
7.0%,3490000,-599217.8660789332,302.8008519350022,709,3:09:12
7.0%,3495000,-598660.0783026395,301.0558849998982,709,3:09:10
7.0%,3500000,-599912.2483362355,300.4836496740408,709,3:09:09
7.0%,3505000,-599479.0823488436,302.24829133825983,709,3:09:08
7.0%,3510000,-599825.400807729,300.6291003834213,709,3:09:07
7.0%,3515000,-598252.1593275177,297.1270967292674,709,3:09:05
7.0%,3520000,-599788.372627608,301.1192023014517,709,3:09:04
7.0%,3525000,-600669.6553809992,303.81483644686284,709,3:09:02
7.1%,3530000,-600798.754803983,299.079629603327,709,3:09:01
7.1%,3535000,-599645.2108730511,300.0093464162972,709,3:09:00
7.1%,3540000,-599362.2065671026,303.47582761688676,709,3:08:58
7.1%,3545000,-598834.5300001036,299.38002493750884,709,3:08:57
7.1%,3550000,-598672.4063428538,299.01081711558675,709,3:08:56
7.1%,3555000,-596807.0929321139,300.551677135183,709,3:08:55
7.1%,3560000,-598960.056719989,302.5319803251506,709,3:08:54
7.1%,3565000,-599754.422803509,304.6320246034107,709,3:08:53
7.1%,3570000,-598474.1327034603,302.0934693738645,709,3:08:51
7.1%,3575000,-598659.7080550715,300.8613455960549,709,3:08:50
7.2%,3580000,-598020.016582346,298.54904975133167,709,3:08:49
7.2%,3585000,-599859.6057463586,300.31182697738024,709,3:08:47
7.2%,3590000,-599676.5008393829,299.73071103813174,709,3:08:46
7.2%,3595000,-599873.2070583394,302.3969312181951,709,3:08:44
7.2%,3600000,-600160.2697906471,298.6449211246255,709,3:08:43
7.2%,3605000,-599491.1849686126,301.24419325511906,709,3:08:43
7.2%,3610000,-600074.7201109636,296.8894544587718,709,3:08:41
7.2%,3615000,-600390.2871878245,303.228519706402,709,3:08:40
7.2%,3620000,-599358.7716188934,300.82072046960286,709,3:08:39
7.2%,3625000,-599671.0754502742,304.23485020893116,709,3:08:37
7.3%,3630000,-599645.1392407143,300.6488487087799,709,3:08:36
7.3%,3635000,-601165.6532381508,298.13087589535274,709,3:08:34
7.3%,3640000,-600130.7180059287,299.8766278570548,709,3:08:33
7.3%,3645000,-599189.0008089663,301.32330921695944,709,3:08:31
7.3%,3650000,-599520.3401049189,298.714665831451,709,3:08:30
7.3%,3655000,-599329.1619958938,299.3770810877659,709,3:08:30
7.3%,3660000,-599745.8500554501,303.5642903016609,709,3:08:28
7.3%,3665000,-599411.9630046869,299.0452110934163,709,3:08:27
7.3%,3670000,-599516.4881569268,300.7382436126393,709,3:08:26
7.3%,3675000,-599505.3296296517,298.8217974300114,709,3:08:25
7.4%,3680000,-600227.1055257465,298.7065947767392,709,3:08:23
7.4%,3685000,-599440.1024726778,299.9195589991388,709,3:08:22
7.4%,3690000,-598818.7995884949,301.32058615594724,709,3:08:21
7.4%,3695000,-599755.9870876819,300.8984871669778,709,3:08:19
7.4%,3700000,-600061.6864060704,300.5249616987662,709,3:08:18
7.4%,3705000,-600115.2302694977,302.07283789358297,709,3:08:18
7.4%,3710000,-600066.3878338751,301.1776622509295,709,3:08:17
7.4%,3715000,-599381.3201484703,299.74410555446195,709,3:08:15
7.4%,3720000,-597694.7378728674,301.24063610334633,709,3:08:14
7.4%,3725000,-599947.0435281643,303.29944195312464,709,3:08:13
7.5%,3730000,-599278.9303539824,299.67934086011815,709,3:08:11
7.5%,3735000,-600462.0512036397,299.1251611460172,709,3:08:10
7.5%,3740000,-599622.9577284334,299.938350573331,709,3:08:09
7.5%,3745000,-600402.6220754553,301.50678465218573,709,3:08:07
7.5%,3750000,-598575.6062066485,302.5545007756838,709,3:08:06
7.5%,3755000,-598760.2837570198,299.04876824518897,709,3:08:06
7.5%,3760000,-599938.422555407,299.49520305869976,709,3:08:04
7.5%,3765000,-598482.6696988181,301.4551200891978,709,3:08:03
7.5%,3770000,-598893.1788021051,299.0929259913325,709,3:08:02
7.5%,3775000,-598371.6121384837,304.24586511338583,709,3:08:00
7.6%,3780000,-598824.5968148955,299.0969247205666,709,3:07:59
7.6%,3785000,-600100.3502143985,298.4991514981896,709,3:07:57
7.6%,3790000,-598794.5240622475,302.12663674763445,709,3:07:56
7.6%,3795000,-600641.1188406958,301.0179584023772,709,3:07:55
7.6%,3800000,-600352.4861258203,302.72816337843375,709,3:07:54
7.6%,3805000,-598540.2616601465,301.92385456451103,709,3:07:54
7.6%,3810000,-599122.7050368018,300.6467634818786,709,3:07:52
7.6%,3815000,-600407.291273368,300.55464551700703,709,3:07:51
7.6%,3820000,-600039.1333285961,303.25270833845616,709,3:07:49
7.6%,3825000,-599748.1969728572,298.393418228257,709,3:07:48
7.7%,3830000,-599238.9732656176,299.2002293144612,709,3:07:47
7.7%,3835000,-599306.8437530291,298.95338751351903,709,3:07:45
7.7%,3840000,-599684.2132355077,300.43858424089325,709,3:07:44
7.7%,3845000,-599743.0679074344,300.8071787607855,709,3:07:42
7.7%,3850000,-600493.9397265189,301.2483146447591,709,3:07:41
7.7%,3855000,-600407.3291196809,299.8248896978233,709,3:07:40
7.7%,3860000,-599641.2069522259,300.02978163992924,709,3:07:39
7.7%,3865000,-599383.3435822967,298.2823860287873,709,3:07:38
7.7%,3870000,-600018.4977758671,299.8807983108573,709,3:07:36
7.7%,3875000,-600222.8820797098,298.8322480965987,709,3:07:35
7.8%,3880000,-600220.0910779308,301.80313219297096,709,3:07:34
7.8%,3885000,-597342.1238229894,300.6456350061439,709,3:07:32
7.8%,3890000,-600888.9662107322,302.9564834580768,709,3:07:31
7.8%,3895000,-599115.4373135469,299.7449396452224,709,3:07:30
7.8%,3900000,-599589.6829870762,299.40264351636677,709,3:07:29
7.8%,3905000,-599902.6942942804,301.03508179504837,709,3:07:29
7.8%,3910000,-600891.3978097248,300.62667170738337,709,3:07:28
7.8%,3915000,-598752.3021988035,298.6174451936917,709,3:07:26
7.8%,3920000,-599056.7254820182,304.6352137739655,709,3:07:25
7.8%,3925000,-600318.1314126495,299.57473606592043,709,3:07:24
7.9%,3930000,-598970.8210759871,300.57338802703686,709,3:07:23
7.9%,3935000,-599647.723350849,299.3288755482259,709,3:07:21
7.9%,3940000,-599380.5212455639,300.8857304847586,709,3:07:20
7.9%,3945000,-599189.3991048136,300.6608448964822,709,3:07:18
7.9%,3950000,-599952.6368707381,301.0788960920552,709,3:07:17
7.9%,3955000,-597336.0092720534,300.18163522250046,709,3:07:17
7.9%,3960000,-600645.411757051,298.1122560457289,709,3:07:15
7.9%,3965000,-599912.1140865916,299.6933732105593,709,3:07:14
7.9%,3970000,-600605.2738764314,298.888083113389,709,3:07:13
7.9%,3975000,-599605.3125791405,302.8159146328533,709,3:07:12
8.0%,3980000,-599230.2836148343,300.1789366935695,709,3:07:10
8.0%,3985000,-598980.8879813333,301.02661822703755,709,3:07:09
8.0%,3990000,-598394.1010672376,302.3573609712343,709,3:07:08
8.0%,3995000,-599135.3353286902,298.41520271635454,709,3:07:06
8.0%,4000000,-599504.4009867031,301.760838884998,709,3:07:05
8.0%,4005000,-599772.4287025803,300.12175241231364,709,3:07:05
8.0%,4010000,-600297.8124288605,299.13730452620666,709,3:07:04
8.0%,4015000,-598761.772690943,301.8300193539561,709,3:07:02
8.0%,4020000,-598620.7911351919,300.03132716104426,709,3:07:01
8.0%,4025000,-599025.9146884046,299.5025136188946,709,3:07:00
8.1%,4030000,-601001.9578755936,299.05877733431487,709,3:06:59
8.1%,4035000,-600266.08323455,299.9247843324324,709,3:06:57
8.1%,4040000,-599621.1152686197,297.2964416857277,709,3:06:56
8.1%,4045000,-598303.9287570096,303.99502458320956,709,3:06:55
8.1%,4050000,-599262.4927339405,300.4426320342897,709,3:06:54
8.1%,4055000,-600395.9395095222,296.84014497557826,709,3:06:53
8.1%,4060000,-601239.2633689716,299.8518504550521,709,3:06:52
8.1%,4065000,-599956.7713278341,300.10163610573716,709,3:06:51
8.1%,4070000,-598872.0503054867,299.52351308039397,709,3:06:49
8.1%,4075000,-599258.0362883336,300.56455647780814,709,3:06:48
8.2%,4080000,-598780.1230888837,301.29625033140593,709,3:06:47
8.2%,4085000,-599413.9300207319,301.77290866894384,709,3:06:45
8.2%,4090000,-599259.6304812566,300.3899861880542,709,3:06:44
8.2%,4095000,-599232.7900275947,299.98844508312266,709,3:06:42
8.2%,4100000,-599499.7547887075,301.4104226372681,709,3:06:41
8.2%,4105000,-599598.2728494992,300.68076494640917,709,3:06:40
8.2%,4110000,-599236.7049293574,298.90564808352167,709,3:06:39
8.2%,4115000,-599356.4371378114,300.74663358440654,709,3:06:38
8.2%,4120000,-599636.222501189,299.7399841648219,709,3:06:37
8.2%,4125000,-599580.5608666209,300.90790748615507,709,3:06:35
8.3%,4130000,-598831.6322147138,299.8994426925623,709,3:06:34
8.3%,4135000,-598907.5519119073,300.4895373735266,709,3:06:33
8.3%,4140000,-598808.5206457507,298.2083482077534,709,3:06:31
8.3%,4145000,-599154.3906119815,301.2725278088944,709,3:06:30
8.3%,4150000,-599384.4424766214,298.98692286850684,709,3:06:29
8.3%,4155000,-600121.3072122918,301.231583765387,709,3:06:28
8.3%,4160000,-599685.5680308621,301.1391959476222,709,3:06:27
8.3%,4165000,-600525.0747107584,297.48631999414476,709,3:06:26
8.3%,4170000,-599606.6422546054,300.6818198259004,709,3:06:24
8.3%,4175000,-600554.6402734262,301.7453346096854,709,3:06:23
8.4%,4180000,-600041.9678752678,300.864829151584,709,3:06:22
8.4%,4185000,-599638.8859898304,303.61799102738763,709,3:06:21
8.4%,4190000,-599108.3846050487,300.2183597480431,709,3:06:20
8.4%,4195000,-599874.4916479546,302.58666233412504,709,3:06:19
8.4%,4200000,-598947.9110170617,299.78615354162304,709,3:06:17
8.4%,4205000,-599046.4503621054,302.1951548504005,709,3:06:17
8.4%,4210000,-599611.7282223376,300.17596831174535,709,3:06:16
8.4%,4215000,-599860.9150922825,302.0141571553745,709,3:06:15
8.4%,4220000,-599934.9447684521,300.36089113976186,709,3:06:13
8.4%,4225000,-600400.1358248903,302.7771539445718,709,3:06:12
8.5%,4230000,-600760.0167560866,301.79589522901966,709,3:06:10
8.5%,4235000,-599582.190633514,299.0529386989914,709,3:06:09
8.5%,4240000,-599641.6252453048,300.09461993051656,709,3:06:08
8.5%,4245000,-600068.0827331012,301.2609241344912,709,3:06:06
8.5%,4250000,-600114.6055310867,297.986676322113,709,3:06:05
8.5%,4255000,-598996.1328960988,302.2343571161434,709,3:06:04
8.5%,4260000,-599045.5893703299,301.6769391673253,709,3:06:03
8.5%,4265000,-599277.6442547026,301.4853436132249,709,3:06:01
8.5%,4270000,-599171.8331307094,301.1257768992109,709,3:06:00
8.5%,4275000,-597824.2227287465,298.9993115695083,709,3:05:59
8.6%,4280000,-600907.1135781431,296.556652245337,709,3:05:57
8.6%,4285000,-598969.3735819906,300.07631899794825,709,3:05:56
8.6%,4290000,-599766.9901536489,299.989131981396,709,3:05:55
8.6%,4295000,-599006.5421083714,300.68248219209255,709,3:05:53
8.6%,4300000,-598965.9759728275,299.5242735749109,709,3:05:52
8.6%,4305000,-598322.7696516723,299.6355510951925,709,3:05:51
8.6%,4310000,-599631.8282213546,299.52540205064565,709,3:05:50
8.6%,4315000,-599089.3417901518,300.62716234900716,709,3:05:48
8.6%,4320000,-599427.1371344882,301.0951608618847,709,3:05:47
8.6%,4325000,-598806.0816348554,301.6558906416636,709,3:05:46
8.7%,4330000,-599451.016876895,298.7178304699246,709,3:05:45
8.7%,4335000,-600418.228249813,301.69445507329556,709,3:05:44
8.7%,4340000,-600387.4487624522,300.9828775262743,709,3:05:42
8.7%,4345000,-599525.1467979942,300.4047054367687,709,3:05:41
8.7%,4350000,-599059.882938725,303.28199964339797,709,3:05:39
8.7%,4355000,-599518.8464169456,301.05424135045837,709,3:05:39
8.7%,4360000,-599131.9298934191,299.2118084567833,709,3:05:38
8.7%,4365000,-600417.2331989724,300.37404033528014,709,3:05:36
8.7%,4370000,-600102.026065818,299.61555744902194,709,3:05:35
8.7%,4375000,-599557.9347857991,298.9810351690211,709,3:05:34
8.8%,4380000,-600436.1699665966,300.0701614455693,709,3:05:32
8.8%,4385000,-599229.6082779337,299.78311156355534,709,3:05:31
8.8%,4390000,-600244.086316606,298.57367996084724,709,3:05:30
8.8%,4395000,-599635.5342374528,301.3330729852734,709,3:05:28
8.8%,4400000,-599689.6214869525,299.0498721888425,709,3:05:27
8.8%,4405000,-600283.1619653078,299.9850596559183,709,3:05:26
8.8%,4410000,-600709.0017881826,300.01780998430803,709,3:05:25
8.8%,4415000,-600143.8431927459,298.1925986116289,709,3:05:24
8.8%,4420000,-600238.4647948202,301.8551156730143,709,3:05:22
8.8%,4425000,-601216.750127444,299.0215866992295,709,3:05:21
8.9%,4430000,-600304.5531668575,299.7235967345864,709,3:05:20
8.9%,4435000,-600217.4523832081,300.8867608321686,709,3:05:18
8.9%,4440000,-599875.4384423248,300.908667980672,709,3:05:17
8.9%,4445000,-599825.8969501304,302.5464051888908,709,3:05:16
8.9%,4450000,-598996.2453059787,301.0185962364881,709,3:05:15
8.9%,4455000,-599062.4672360118,300.190834752947,709,3:05:14
8.9%,4460000,-600331.8178036804,302.7943754655678,709,3:05:13
8.9%,4465000,-600442.1531868377,299.8727517882267,709,3:05:12
8.9%,4470000,-598443.6309614633,301.2020962037956,709,3:05:10
8.9%,4475000,-598865.3538375865,300.84265215018746,709,3:05:09
9.0%,4480000,-601670.4945481913,300.3707039722382,709,3:05:08
9.0%,4485000,-599736.1012554998,298.5976723362519,709,3:05:06
9.0%,4490000,-599507.3943267027,299.68856492264587,709,3:05:05
9.0%,4495000,-600088.006652893,298.1269998265246,709,3:05:04
9.0%,4500000,-599845.6049661469,298.94764700652036,709,3:05:03
9.0%,4505000,-599272.9421453886,298.46990925741005,709,3:05:02
9.0%,4510000,-598779.266000553,298.12047429292784,709,3:05:01
9.0%,4515000,-599725.6830275222,300.6170551315566,709,3:04:59
9.0%,4520000,-598965.4010808668,301.6007425231466,709,3:04:58
9.0%,4525000,-598818.3399017118,299.16367651348685,709,3:04:57
9.1%,4530000,-599850.0225394219,298.22797387270606,709,3:04:55
9.1%,4535000,-599711.5091145267,300.1015379774124,709,3:04:54
9.1%,4540000,-599106.3561570081,302.138142293713,709,3:04:53
9.1%,4545000,-600085.021106869,302.07242084820274,709,3:04:52
9.1%,4550000,-599885.3085493692,297.8419370430871,709,3:04:51
9.1%,4555000,-599820.774584678,300.8631855021442,709,3:04:51
9.1%,4560000,-599311.121854011,299.51311147796906,709,3:04:49
9.1%,4565000,-598832.8393055191,300.8965491325637,709,3:04:48
9.1%,4570000,-599254.5156523292,297.80396138140367,709,3:04:47
9.1%,4575000,-598773.7681715288,299.15616969664245,709,3:04:46
9.2%,4580000,-599876.0103378366,303.40679434041573,709,3:04:44
9.2%,4585000,-599678.5339129292,300.34273739968063,709,3:04:43
9.2%,4590000,-598213.6290816739,298.48151293181337,709,3:04:42
9.2%,4595000,-600029.7035506465,300.85621839108603,709,3:04:40
9.2%,4600000,-599872.7246623561,298.5932320295564,709,3:04:39
9.2%,4605000,-598245.5828766553,301.3838053291761,709,3:04:39
9.2%,4610000,-597951.7230479955,299.8531997195176,709,3:04:38
9.2%,4615000,-599641.3244933584,301.03660278408216,709,3:04:36
9.2%,4620000,-597961.834325036,298.09638378919846,709,3:04:35
9.2%,4625000,-598830.8408333249,300.8280555618789,709,3:04:34
9.3%,4630000,-598459.5984918019,300.354218413678,709,3:04:33
9.3%,4635000,-598451.0437349682,298.4624269726469,709,3:04:31
9.3%,4640000,-600533.3414514707,301.07320464921895,709,3:04:30
9.3%,4645000,-599702.557612373,299.1681168201824,709,3:04:29
9.3%,4650000,-599963.1642750036,302.4373846200788,709,3:04:27
9.3%,4655000,-599622.1455572639,301.54770416361197,709,3:04:27
9.3%,4660000,-599848.422694244,299.9000069304297,709,3:04:25
9.3%,4665000,-599123.4947698582,301.1506769616196,709,3:04:24
9.3%,4670000,-600035.2088822261,298.909033510726,709,3:04:23
9.3%,4675000,-600623.5983916577,298.8198348635161,709,3:04:22
9.4%,4680000,-598573.3539086184,299.7084359084105,709,3:04:20
9.4%,4685000,-600240.2396347476,299.1673072615031,709,3:04:19
9.4%,4690000,-601043.410010221,297.89046149968254,709,3:04:18
9.4%,4695000,-600110.9590060711,300.34197690516373,709,3:04:16
9.4%,4700000,-598404.7723760582,299.0281612969887,709,3:04:15
9.4%,4705000,-598841.4723523296,299.4520265958039,709,3:04:14
9.4%,4710000,-598176.0655402569,301.0973687491919,709,3:04:13
9.4%,4715000,-600061.6234207717,299.412701669655,709,3:04:12
9.4%,4720000,-599676.1092376588,301.5916165889436,709,3:04:11
9.4%,4725000,-599035.1047883132,297.8513818943456,709,3:04:09
9.5%,4730000,-599643.0898017008,299.5421083979366,709,3:04:08
9.5%,4735000,-598982.7729296307,302.2745897292964,709,3:04:07
9.5%,4740000,-600446.9646677496,302.3686947927444,709,3:04:05
9.5%,4745000,-599744.9380134288,300.1877927748793,709,3:04:04
9.5%,4750000,-599126.0946082403,300.03279908591566,709,3:04:03
9.5%,4755000,-600183.8997780029,297.7811465458962,709,3:04:02
9.5%,4760000,-600590.5225018971,300.8826394425285,709,3:04:01
9.5%,4765000,-600057.6534973006,300.49949739849006,709,3:03:59
9.5%,4770000,-599528.9541135523,299.49098354073493,709,3:03:58
9.5%,4775000,-599746.0107920519,300.2214017261108,709,3:03:56
9.6%,4780000,-599095.5074749026,301.4104962335117,709,3:03:55
9.6%,4785000,-599109.5211577313,299.22792603412563,709,3:03:54
9.6%,4790000,-598378.2862440557,299.67965977717364,709,3:03:53
9.6%,4795000,-599451.4554189504,302.4929252518948,709,3:03:52
9.6%,4800000,-600200.9801705969,299.41763261797433,709,3:03:50
9.6%,4805000,-599738.9406665652,298.4420162810961,709,3:03:50
9.6%,4810000,-598832.0380003457,301.9208616506058,709,3:03:48
9.6%,4815000,-599731.4681447521,299.07771610099417,709,3:03:47
9.6%,4820000,-598314.4276118204,299.3094461399228,709,3:03:46
9.6%,4825000,-598571.3813527878,300.68905678985163,709,3:03:44
9.7%,4830000,-599571.3710807189,298.34567879825966,709,3:03:43
9.7%,4835000,-597795.5020727664,300.1447144403083,709,3:03:42
9.7%,4840000,-600213.7252557571,299.92191407893307,709,3:03:40
9.7%,4845000,-600569.6351651317,301.1352708146317,709,3:03:39
9.7%,4850000,-599913.0974882324,300.1907856887847,709,3:03:38
9.7%,4855000,-600051.4254248729,302.9508901435653,709,3:03:37
9.7%,4860000,-599015.7596877208,300.73831720888285,709,3:03:36
9.7%,4865000,-599289.640380647,299.01641043009823,709,3:03:34
9.7%,4870000,-599794.840257715,298.8289362656379,709,3:03:33
9.7%,4875000,-598584.527893099,301.0413620078332,709,3:03:32
9.8%,4880000,-600092.7448391728,298.76620773403295,709,3:03:30
9.8%,4885000,-598913.7359180348,302.68287715655543,709,3:03:29
9.8%,4890000,-600677.3787791883,300.98567418353,709,3:03:28
9.8%,4895000,-601534.1257918519,301.8036964308384,709,3:03:27
9.8%,4900000,-599082.656259207,302.156148841307,709,3:03:26
9.8%,4905000,-598072.6241798643,298.2619753372366,709,3:03:25
9.8%,4910000,-598599.7489560922,300.5946328093481,709,3:03:24
9.8%,4915000,-598906.2546850462,298.6978122916729,709,3:03:23
9.8%,4920000,-600484.5084995455,303.15622366313255,709,3:03:22
9.8%,4925000,-600390.1096010567,301.77707912274633,709,3:03:20
9.9%,4930000,-600099.1587145538,297.87314185036183,709,3:03:19
9.9%,4935000,-599671.3414842989,302.0165612993312,709,3:03:18
9.9%,4940000,-599946.1453517699,300.55366423375943,709,3:03:17
9.9%,4945000,-597920.3630862962,299.35649867164676,709,3:03:16
9.9%,4950000,-600046.5455632987,301.32411877563874,709,3:03:14
9.9%,4955000,-599595.9951105933,301.5744931962724,709,3:03:14
9.9%,4960000,-599374.4520868976,303.02838698804715,709,3:03:12
9.9%,4965000,-598009.3125156974,298.2701445202731,709,3:03:11
9.9%,4970000,-599932.4711971148,298.40529175555343,709,3:03:10
9.9%,4975000,-599741.5760527058,297.6798290505781,709,3:03:09
10.0%,4980000,-599520.2969898875,300.5365408410882,709,3:03:07
10.0%,4985000,-600032.1640114137,301.1031583203529,709,3:03:06
10.0%,4990000,-598770.2947562984,299.93297804755014,709,3:03:05
10.0%,4995000,-599349.9149327492,297.9462965164729,709,3:03:04
10.0%,5000000,-600650.2704237988,299.2950212761826,709,3:03:02
10.0%,5005000,-600027.288803285,297.82783109640235,709,3:03:02
10.0%,5010000,-600953.3234380716,301.5672071681587,709,3:03:01
10.0%,5015000,-600295.7090912242,301.0010312663555,709,3:02:59
10.0%,5020000,-599663.7964893193,299.8755975096448,709,3:02:58
10.0%,5025000,-600267.9837759887,299.6804938679341,709,3:02:57
10.0%,5030000,-599502.7634564214,300.3715380629987,709,3:02:55
10.1%,5035000,-599594.3089139247,300.7280873310263,709,3:02:54
10.1%,5040000,-600577.8205233347,299.82984517822393,709,3:02:53
10.1%,5045000,-599376.8608600828,303.95206890904444,709,3:02:52
10.1%,5050000,-599337.25688218,302.76474071148925,709,3:02:50
10.1%,5055000,-600074.759056814,299.5974527731031,709,3:02:50
10.1%,5060000,-598997.8807127336,302.40887834173503,709,3:02:49
10.1%,5065000,-599633.112058878,300.28920839852225,709,3:02:47
10.1%,5070000,-598405.323995349,298.90797863123476,709,3:02:46
10.1%,5075000,-599177.704158138,300.78976098314,709,3:02:45
10.1%,5080000,-600205.8514340925,300.5038150447797,709,3:02:43
10.2%,5085000,-597905.6837058505,302.3234821671098,709,3:02:42
10.2%,5090000,-599164.6630730559,302.5275154863739,709,3:02:41
10.2%,5095000,-601759.6979761682,303.9748592124707,709,3:02:39
10.2%,5100000,-599458.0086084944,301.7780604059939,709,3:02:38
10.2%,5105000,-599037.8395985733,300.1071067598427,709,3:02:38
10.2%,5110000,-599720.3368061613,300.5106104312695,709,3:02:36
10.2%,5115000,-599274.0599760823,300.66440204825483,709,3:02:35
10.2%,5120000,-600329.9039136972,301.22660375290525,709,3:02:34
10.2%,5125000,-601007.8181401067,299.4573991215847,709,3:02:33
10.2%,5130000,-600556.7119426504,297.6655268472438,709,3:02:31
10.3%,5135000,-598711.2407517992,296.6479606515293,709,3:02:30
10.3%,5140000,-599135.7162567233,301.50325203249423,709,3:02:29
10.3%,5145000,-598761.3355458654,301.47822930967953,709,3:02:27
10.3%,5150000,-597915.7644684925,299.4959390211355,709,3:02:26
10.3%,5155000,-598741.028802441,303.2894819281612,709,3:02:25
10.3%,5160000,-598637.1461743168,301.6036373087271,709,3:02:24
10.3%,5165000,-598643.2121295892,299.5930860626512,709,3:02:23
10.3%,5170000,-600266.5256575728,300.29252022948305,709,3:02:21
10.3%,5175000,-600325.6273065577,300.3642765669662,709,3:02:20
10.3%,5180000,-599818.2885979535,299.4178534067051,709,3:02:19
10.4%,5185000,-599395.2164812963,302.1367194330039,709,3:02:18
10.4%,5190000,-599366.4049337404,299.92662423852175,709,3:02:16
10.4%,5195000,-599152.2054304704,297.4492520194654,709,3:02:15
10.4%,5200000,-598484.7059378871,300.36746573752106,709,3:02:14
10.4%,5205000,-597812.7691838392,300.26916568818933,709,3:02:13
10.4%,5210000,-599420.8186893784,302.00336303965054,709,3:02:12
10.4%,5215000,-599815.5934600448,303.7390323159832,709,3:02:11
10.4%,5220000,-600466.4884297806,302.06341757440566,709,3:02:09
10.4%,5225000,-599277.821220506,302.5486621403604,709,3:02:08
10.4%,5230000,-599405.3910276955,302.4707973146607,709,3:02:07
10.5%,5235000,-599121.0465226211,300.04202314844343,709,3:02:06
10.5%,5240000,-599445.5655449266,301.07632022353016,709,3:02:04
10.5%,5245000,-599776.4896395458,301.6815511985892,709,3:02:03
10.5%,5250000,-599821.7156741838,300.8711584285312,709,3:02:02
10.5%,5255000,-598440.6189061077,304.3688935005579,709,3:02:01
10.5%,5260000,-599550.7604417321,300.27515151599994,709,3:02:00
10.5%,5265000,-599552.6792482282,301.2713748010785,709,3:01:59
10.5%,5270000,-598887.6954161664,298.5886445303737,709,3:01:57
10.5%,5275000,-597950.6065926584,298.50712442457655,709,3:01:56
10.5%,5280000,-599658.2269933424,300.15168155136644,709,3:01:55
10.6%,5285000,-598972.7065763045,297.58817719524916,709,3:01:54
10.6%,5290000,-598931.8335865648,301.9437500823568,709,3:01:52
10.6%,5295000,-598985.4971615956,303.1276683206264,709,3:01:51
10.6%,5300000,-600075.8079091199,300.37369688614353,709,3:01:50
10.6%,5305000,-600055.6384133948,297.03527314937014,709,3:01:49
10.6%,5310000,-599497.0860914974,302.3738955939569,709,3:01:48
10.6%,5315000,-599683.3676415561,301.19456485486995,709,3:01:46
10.6%,5320000,-599495.02443241,298.10592676878167,709,3:01:45
10.6%,5325000,-599960.5648870729,301.1500636595898,709,3:01:44
10.6%,5330000,-598546.6079980424,298.13404053382635,709,3:01:43
10.7%,5335000,-600584.8225237746,298.81095425012506,709,3:01:41
10.7%,5340000,-599923.8858938301,297.9880010544974,709,3:01:40
10.7%,5345000,-600136.8182296171,298.5984082986877,709,3:01:39
10.7%,5350000,-598560.9688202278,301.2640642408836,709,3:01:38
10.7%,5355000,-598488.424093565,302.0388364290525,709,3:01:37
10.7%,5360000,-598806.4026784892,297.1100469328398,709,3:01:36
10.7%,5365000,-598462.3011151957,298.45285946098244,709,3:01:34
10.7%,5370000,-599272.0032387157,299.04324852692105,709,3:01:33
10.7%,5375000,-598955.4693932589,302.2834212785251,709,3:01:32
10.7%,5380000,-599238.5384730357,300.65184162268514,709,3:01:31
10.8%,5385000,-599387.3915990782,302.9826346566262,709,3:01:29
10.8%,5390000,-599212.7826218964,300.4866671200273,709,3:01:28
10.8%,5395000,-598504.0709288162,301.02144195790623,709,3:01:27
10.8%,5400000,-598976.7820545379,298.15472107827026,709,3:01:25
10.8%,5405000,-599218.8223298048,298.6942796719814,709,3:01:25
10.8%,5410000,-599888.9376350362,302.2234158079323,709,3:01:24
10.8%,5415000,-599679.6129012564,300.82614205954604,709,3:01:22
10.8%,5420000,-599727.7623564554,299.8580325395122,709,3:01:21
10.8%,5425000,-599774.6712247981,299.1539618093352,709,3:01:20
10.8%,5430000,-600719.5306243622,298.695776128934,709,3:01:19
10.9%,5435000,-599409.051268498,299.88668601034306,709,3:01:17
10.9%,5440000,-599054.3105430803,299.5776799156633,709,3:01:16
10.9%,5445000,-599404.9829281182,302.3081005522031,709,3:01:15
10.9%,5450000,-600355.46255035,303.5857313406217,709,3:01:13
10.9%,5455000,-599576.0364019256,300.8058049642388,709,3:01:13
10.9%,5460000,-599989.6672317609,303.01042950461544,709,3:01:11
10.9%,5465000,-599847.6121028983,297.10587647903736,709,3:01:10
10.9%,5470000,-601117.8019612329,301.1461139945181,709,3:01:09
10.9%,5475000,-598706.3845556611,301.52999200099225,709,3:01:08
10.9%,5480000,-599398.4229575056,301.10629842674535,709,3:01:07
11.0%,5485000,-598404.5604686369,301.29953763028556,709,3:01:06
11.0%,5490000,-599353.8165679178,302.60155330740787,709,3:01:04
11.0%,5495000,-599080.3831260018,299.9244163512146,709,3:01:03
11.0%,5500000,-600771.2892091447,301.94149313088724,709,3:01:02
11.0%,5505000,-600370.0767961373,301.68626135817783,709,3:01:01
11.0%,5510000,-598531.500030552,300.4453305632207,709,3:01:00
11.0%,5515000,-600056.2589987293,300.6244147559138,709,3:00:59
11.0%,5520000,-600033.6644034861,300.6027283961411,709,3:00:58
11.0%,5525000,-598423.3104032069,298.68814665168367,709,3:00:57
11.0%,5530000,-600256.4113150807,301.38998741363616,709,3:00:56
11.1%,5535000,-599444.4475672408,301.23536170589034,709,3:00:55
11.1%,5540000,-600614.152816684,301.1205025017548,709,3:00:54
11.1%,5545000,-600138.3719996153,300.6016735166499,709,3:00:53
11.1%,5550000,-600201.8922710605,299.9570685512796,709,3:00:52
11.1%,5555000,-600311.5477274898,300.1602923118644,709,3:00:51
11.1%,5560000,-598797.8902968802,300.5464518018893,709,3:00:50
11.1%,5565000,-598765.3543291027,301.1944667265452,709,3:00:49
11.1%,5570000,-599967.9739338411,296.727248337938,709,3:00:47
11.1%,5575000,-601032.4077186626,299.7286994074741,709,3:00:46
11.1%,5580000,-598538.4741350366,300.54282105387307,709,3:00:45
11.2%,5585000,-599564.4420439093,301.5940697970627,709,3:00:44
11.2%,5590000,-600111.5350451549,296.94249281830645,709,3:00:43
11.2%,5595000,-598961.9660862894,299.4595824768106,709,3:00:41
11.2%,5600000,-598224.8535840525,300.1323012072257,709,3:00:40
11.2%,5605000,-598710.9114576215,302.5787875360627,708,3:00:40
11.2%,5610000,-600048.5415347777,301.31943314813134,708,3:00:38
11.2%,5615000,-599963.5094541307,298.96369098761915,708,3:00:37
11.2%,5620000,-599932.3603988085,298.9890816916517,708,3:00:36
11.2%,5625000,-599761.0660521141,300.87915588699946,708,3:00:35
11.2%,5630000,-598464.2497614338,300.8331827668478,708,3:00:33
11.3%,5635000,-599662.9791245246,300.65645365394903,708,3:00:32
11.3%,5640000,-599722.1966574709,297.2177182371863,708,3:00:31
11.3%,5645000,-598810.9132721825,299.45055467093243,708,3:00:30
11.3%,5650000,-600186.2776153823,300.259868029418,708,3:00:29
11.3%,5655000,-600130.2890075766,303.1889985236035,708,3:00:28
11.3%,5660000,-599111.1722598439,298.5881293566687,708,3:00:27
11.3%,5665000,-599734.9252901641,302.0969038652312,708,3:00:25
11.3%,5670000,-600972.3460976654,300.5107330916755,708,3:00:24
11.3%,5675000,-599403.2047107797,301.9955127736695,708,3:00:23
11.3%,5680000,-601013.7523641502,299.88109269583157,708,3:00:22
11.4%,5685000,-600945.7621444087,300.46211050675527,708,3:00:21
11.4%,5690000,-599095.7848721594,300.5147563529908,708,3:00:20
11.4%,5695000,-599436.7422065935,300.5071268757404,708,3:00:18
11.4%,5700000,-599696.9859755877,299.3960934506888,708,3:00:17
11.4%,5705000,-598920.5154169742,299.8278826117287,708,3:00:17
11.4%,5710000,-597384.3780624536,300.8363964694838,708,3:00:15
11.4%,5715000,-599227.7063527387,299.448052398651,708,3:00:14
11.4%,5720000,-599831.1810697466,300.54738402097456,708,3:00:13
11.4%,5725000,-599784.8100348925,302.56254729831437,708,3:00:12
11.4%,5730000,-598956.824961144,299.20626420643407,708,3:00:10
11.5%,5735000,-598876.7272169329,301.4973643330084,708,3:00:09
11.5%,5740000,-598783.5812665764,298.9553500800143,708,3:00:08
11.5%,5745000,-598940.9831936662,301.00228240249623,708,3:00:07
11.5%,5750000,-599524.4810429364,300.0196989545598,708,3:00:06
11.5%,5755000,-598360.3012756878,299.5703202913061,708,3:00:05
11.5%,5760000,-598914.7584503745,303.00952181761136,708,3:00:04
11.5%,5765000,-598566.0824114066,300.3213944890447,708,3:00:03
11.5%,5770000,-598323.2027021633,301.394722105306,708,3:00:02
11.5%,5775000,-599457.1818841253,301.7115539338856,708,3:00:00
11.5%,5780000,-600330.3287868267,301.3567955077849,708,2:59:59
11.6%,5785000,-598373.757774625,298.4355398116617,708,2:59:58
11.6%,5790000,-600216.7769829747,300.0124374585273,708,2:59:56
11.6%,5795000,-600281.5026946664,302.75512413566247,708,2:59:55
11.6%,5800000,-599218.7175475159,301.6945286695392,708,2:59:54
11.6%,5805000,-599043.1555870189,302.0919729169118,708,2:59:53
11.6%,5810000,-598920.2505059387,298.42305298233555,708,2:59:52
11.6%,5815000,-599953.4225364602,299.4309044738986,708,2:59:51
11.6%,5820000,-600289.6613101475,304.94054005646666,708,2:59:49
11.6%,5825000,-600148.5371666513,299.02742533455296,708,2:59:48
11.6%,5830000,-600100.5026457645,302.63626620229286,708,2:59:47
11.7%,5835000,-600004.4260942405,302.0762969170309,708,2:59:46
11.7%,5840000,-599921.7391915619,301.16672094271837,708,2:59:44
11.7%,5845000,-599494.4175674631,299.1940472300011,708,2:59:43
11.7%,5850000,-600121.6670425031,302.5643381402413,708,2:59:42
11.7%,5855000,-600341.4576915316,301.81230719133634,708,2:59:41
11.7%,5860000,-598763.4089191356,303.3154859342235,708,2:59:40
11.7%,5865000,-598195.1746492614,297.90037246048365,708,2:59:38
11.7%,5870000,-600219.7509256112,298.73142124290433,708,2:59:38
11.7%,5875000,-599104.2198446859,299.45251723742774,708,2:59:37
11.7%,5880000,-600184.2213758891,300.87952386821723,708,2:59:36
11.8%,5885000,-600257.1665245551,297.8901671147083,708,2:59:34
11.8%,5890000,-599700.1929079327,300.99602672179253,708,2:59:33
11.8%,5895000,-599037.4054534142,301.828719153653,708,2:59:32
11.8%,5900000,-598190.8291144455,301.75553995546073,708,2:59:31
11.8%,5905000,-599834.9510791656,301.8815121923757,708,2:59:30
11.8%,5910000,-600310.5476425141,301.17611672981445,708,2:59:29
11.8%,5915000,-599980.8659936446,299.92853774085467,708,2:59:28
11.8%,5920000,-599595.1708788173,300.81669720828756,708,2:59:27
11.8%,5925000,-599655.2404337907,301.75387177393975,708,2:59:26
11.8%,5930000,-599726.9018228403,300.43777468221396,708,2:59:24
11.9%,5935000,-600199.0743308794,300.23827979797005,708,2:59:23
11.9%,5940000,-600096.0008956627,300.77788745584365,708,2:59:22
11.9%,5945000,-599816.7047695816,301.4872080513954,708,2:59:21
11.9%,5950000,-599587.6202131873,299.88560659877066,708,2:59:19
11.9%,5955000,-601321.1394168776,299.576355183279,708,2:59:19
11.9%,5960000,-599539.2967646345,299.7055411228299,708,2:59:17
11.9%,5965000,-599551.502140665,300.70362884607897,708,2:59:16
11.9%,5970000,-601101.9780534334,304.60756611846347,708,2:59:15
11.9%,5975000,-598355.2576800124,300.3735742257375,708,2:59:14
11.9%,5980000,-600127.7917421139,301.0325059265233,708,2:59:12
12.0%,5985000,-600566.0710977567,303.1364017415304,708,2:59:11
12.0%,5990000,-598966.1818165481,299.8147579482916,708,2:59:10
12.0%,5995000,-599661.7499496951,299.016631218829,708,2:59:09
12.0%,6000000,-599276.2873983029,298.8426006348612,708,2:59:08
12.0%,6005000,-599408.9128906871,301.91124507477895,708,2:59:07
12.0%,6010000,-599642.5869713896,300.1302895765681,708,2:59:05
12.0%,6015000,-599442.1730277007,300.36817716787556,708,2:59:04
12.0%,6020000,-598596.5198653708,300.12270916348007,708,2:59:03
12.0%,6025000,-599837.6238381295,298.61347099653887,708,2:59:02
12.0%,6030000,-599552.4406783455,298.7198911647447,708,2:59:01
12.1%,6035000,-598966.6636397433,300.3423694184628,708,2:58:59
12.1%,6040000,-599444.4731571567,299.69482060334957,708,2:58:58
12.1%,6045000,-600851.6747479807,301.9441916598183,708,2:58:57
12.1%,6050000,-599029.5620013536,301.9204936693879,708,2:58:56
12.1%,6055000,-599772.8854155927,302.61112081907226,708,2:58:55
12.1%,6060000,-598815.0564958313,298.9986246712349,708,2:58:54
12.1%,6065000,-599851.2205403717,298.60979118436023,708,2:58:53
12.1%,6070000,-598567.4163982999,298.55687548523156,708,2:58:51
12.1%,6075000,-599948.8335145726,300.7416290398436,708,2:58:50
12.1%,6080000,-599717.2536762352,299.9931552427113,708,2:58:49
12.2%,6085000,-600924.4613093277,302.2867085774047,708,2:58:48
12.2%,6090000,-600443.6488619777,302.5015360123928,708,2:58:47
12.2%,6095000,-601169.9546142984,300.6530191625823,708,2:58:46
12.2%,6100000,-599160.7111068913,301.17741693011754,708,2:58:44
12.2%,6105000,-598740.9449840277,300.84971738957046,708,2:58:44
12.2%,6110000,-598833.4586964683,301.8596786401158,708,2:58:42
12.2%,6115000,-598590.2201953544,299.00951691528365,708,2:58:41
12.2%,6120000,-600128.1053992277,303.3975457458068,708,2:58:40
12.2%,6125000,-599289.1349103036,300.11817072845975,708,2:58:39
12.2%,6130000,-599741.9963316219,298.93094065922935,708,2:58:38
12.3%,6135000,-600066.0320406524,300.87535341441486,708,2:58:36
12.3%,6140000,-599038.8256232571,301.3384455110542,708,2:58:35
12.3%,6145000,-598348.8263349286,300.79964741185995,708,2:58:34
12.3%,6150000,-599369.3873686548,301.58720081432926,708,2:58:33
12.3%,6155000,-599439.5771924965,301.27520180574425,708,2:58:32
12.3%,6160000,-599129.9791701469,298.7058097501411,708,2:58:31
12.3%,6165000,-600570.3815458952,301.72502204645934,708,2:58:30
12.3%,6170000,-599615.2472939338,298.0718517080076,708,2:58:28
12.3%,6175000,-599168.4815600165,301.1509468145127,708,2:58:27
12.3%,6180000,-598794.4617080349,301.0231101394272,708,2:58:26
12.4%,6185000,-600072.8148988858,297.84048965029683,708,2:58:25
12.4%,6190000,-600700.5106636141,302.73878576958936,708,2:58:24
12.4%,6195000,-600213.1000652122,303.73675083243245,708,2:58:22
12.4%,6200000,-599472.9308048235,302.77573108386275,708,2:58:21
12.4%,6205000,-599793.3592343484,299.82138161021305,708,2:58:21
12.4%,6210000,-600128.5408094581,300.7490131962821,708,2:58:19
12.4%,6215000,-599757.8179320623,299.77972613635103,708,2:58:18
12.4%,6220000,-599221.504635599,301.9822899819076,708,2:58:17
12.4%,6225000,-599204.6134772119,298.5618554977133,708,2:58:16
12.4%,6230000,-599868.2341353716,298.90667843093166,708,2:58:14
12.5%,6235000,-600447.6730354354,299.11677117424995,708,2:58:13
12.5%,6240000,-600117.4162906869,302.2089909441921,708,2:58:12
12.5%,6245000,-600348.6091127926,299.00787326584384,708,2:58:11
12.5%,6250000,-598902.1643460011,299.44133060840466,708,2:58:10
12.5%,6255000,-598678.7315392019,300.92709157364635,708,2:58:09
12.5%,6260000,-598745.4353311528,298.8594541746393,708,2:58:08
12.5%,6265000,-600127.8107080702,300.295733932119,708,2:58:07
12.5%,6270000,-599192.479892523,299.11758073292924,708,2:58:05
12.5%,6275000,-598943.6482751034,299.7136367096229,708,2:58:04
12.5%,6280000,-599201.3475939152,301.9985056875747,708,2:58:03
12.6%,6285000,-599361.2806005348,297.19443729213623,708,2:58:02
12.6%,6290000,-600165.7848537797,299.7747461238693,708,2:58:01
12.6%,6295000,-600000.0111682606,299.89772544687895,708,2:57:59
12.6%,6300000,-600026.120649966,303.3233852643669,708,2:57:58
12.6%,6305000,-600389.1955116303,300.39690423495,708,2:57:58
12.6%,6310000,-599878.2683670283,300.8906859651591,708,2:57:56
12.6%,6315000,-598478.9713095976,299.8511635567788,708,2:57:55
12.6%,6320000,-598127.2994127101,299.88489516841616,708,2:57:54
12.6%,6325000,-600615.9911579844,301.09072055518914,708,2:57:52
12.6%,6330000,-599192.0655153403,301.333784415628,708,2:57:51
12.7%,6335000,-599459.8479574313,302.9151714333515,708,2:57:50
12.7%,6340000,-598853.8420930575,299.84792532206154,708,2:57:49
12.7%,6345000,-599991.4407355385,299.6322883283941,708,2:57:47
12.7%,6350000,-599942.466780779,297.7315917418907,708,2:57:46
12.7%,6355000,-599323.5751176756,301.29364993079975,708,2:57:46
12.7%,6360000,-600914.8839517026,298.6786772683441,708,2:57:45
12.7%,6365000,-600459.0720175393,299.1793279812866,708,2:57:43
12.7%,6370000,-599297.0489314436,298.78649576517773,708,2:57:42
12.7%,6375000,-600177.0949883852,299.5544235026944,708,2:57:41
12.7%,6380000,-598436.4390480961,301.90538190737436,708,2:57:40
12.8%,6385000,-599341.8745591752,299.3305191976657,708,2:57:39
12.8%,6390000,-598590.3843793385,304.7132012600712,708,2:57:37
12.8%,6395000,-599765.7414841847,299.0106208589372,708,2:57:36
12.8%,6400000,-600047.2305934886,301.9952183886952,708,2:57:35
12.8%,6405000,-598699.8908538716,299.7378744058395,708,2:57:34
12.8%,6410000,-599633.7979502385,302.7351550215731,708,2:57:33
12.8%,6415000,-600277.5124762026,299.63891199031565,708,2:57:32
12.8%,6420000,-598870.7058628127,300.6981091278111,708,2:57:31
12.8%,6425000,-599138.2475656825,300.0402568385977,708,2:57:29
12.8%,6430000,-600359.6538353772,300.3277237659919,708,2:57:28
12.9%,6435000,-598764.6689658072,300.6903569901548,708,2:57:27
12.9%,6440000,-599582.0827131965,303.13465996376584,708,2:57:26
12.9%,6445000,-599806.1433091066,300.4684397837025,708,2:57:25
12.9%,6450000,-599372.0636083689,300.18168428666286,708,2:57:23
12.9%,6455000,-598275.2108257664,301.075142683633,708,2:57:23
12.9%,6460000,-598923.1291480362,301.6403618342698,708,2:57:22
12.9%,6465000,-597555.08075279,300.7408440132455,708,2:57:21
12.9%,6470000,-600361.8858301425,300.0874074986465,708,2:57:19
12.9%,6475000,-601187.2822454618,297.07614359663404,708,2:57:18
12.9%,6480000,-600909.0559228589,300.54377780503955,708,2:57:17
13.0%,6485000,-599727.709771364,300.81117749001965,708,2:57:16
13.0%,6490000,-599158.6498070345,298.09108485966124,708,2:57:14
13.0%,6495000,-599487.2152952827,301.4808297102858,708,2:57:13
13.0%,6500000,-599142.50256916,300.4907149134238,708,2:57:12
13.0%,6505000,-599849.0861811768,300.54915033082034,708,2:57:12
13.0%,6510000,-599042.6213567001,300.4539413237187,708,2:57:10
13.0%,6515000,-599138.4996324312,301.40544262478636,708,2:57:09
13.0%,6520000,-599831.2334160092,300.1891911035072,708,2:57:08
13.0%,6525000,-599753.3442423744,298.66552807282574,708,2:57:07
13.0%,6530000,-598182.7625989807,298.8059742376433,708,2:57:06
13.1%,6535000,-598717.2673659055,299.747711770397,708,2:57:04
13.1%,6540000,-598718.4885450453,298.7498203037975,708,2:57:03
13.1%,6545000,-597671.3611696381,302.3247823674128,708,2:57:02
13.1%,6550000,-599891.7098871828,299.9378599317071,708,2:57:01
13.1%,6555000,-599797.6906735864,300.8325939968992,708,2:57:00
13.1%,6560000,-599712.2192499856,302.5721638741412,708,2:56:59
13.1%,6565000,-599540.621465751,298.8490525722144,708,2:56:58
13.1%,6570000,-599020.5462044161,302.01437794410526,708,2:56:57
13.1%,6575000,-599774.2937893933,300.7239659413862,708,2:56:56
13.1%,6580000,-599021.9181550755,299.711845867696,708,2:56:54
13.2%,6585000,-600019.8610516428,301.47668378856457,708,2:56:53
13.2%,6590000,-599419.8261081744,298.86889902589775,708,2:56:52
13.2%,6595000,-598777.3209920605,299.2739236863584,708,2:56:51
13.2%,6600000,-598690.9199469723,300.65157176979204,708,2:56:50
13.2%,6605000,-599940.0277789431,300.11552126369116,708,2:56:49
13.2%,6610000,-597987.7523846864,302.0239699878509,708,2:56:48
13.2%,6615000,-599326.8402532833,300.5188286784685,708,2:56:46
13.2%,6620000,-599319.8628402557,300.5068570228473,708,2:56:45
13.2%,6625000,-598721.6739700953,301.84513111596965,708,2:56:44
13.2%,6630000,-600613.1932642134,298.38566609060075,708,2:56:43
13.3%,6635000,-599652.8074102169,301.3459032637362,708,2:56:42
13.3%,6640000,-599829.3635640852,301.46630671822084,708,2:56:41
13.3%,6645000,-598886.4695009724,300.9677902963419,708,2:56:39
13.3%,6650000,-599071.705280514,300.62591121286647,708,2:56:38
13.3%,6655000,-599321.1888003196,300.53627098819516,708,2:56:38
13.3%,6660000,-599525.5718493499,297.086937712358,708,2:56:36
13.3%,6665000,-599429.4623841816,296.31947608438395,708,2:56:35
13.3%,6670000,-599377.7023006543,298.24862988506874,708,2:56:34
13.3%,6675000,-600326.158307543,299.75038576724677,708,2:56:33
13.3%,6680000,-599198.1223462522,300.77082221646066,708,2:56:32
13.4%,6685000,-599223.7926258557,299.46071095254547,708,2:56:30
13.4%,6690000,-599518.5036807097,299.51561375025057,708,2:56:29
13.4%,6695000,-599517.1044710441,299.7502631068408,708,2:56:28
13.4%,6700000,-599457.2369771437,300.4604423252343,708,2:56:27
13.4%,6705000,-599041.3586613103,300.1821994603678,707,2:56:26
13.4%,6710000,-599809.633680156,300.9476739897654,707,2:56:25
13.4%,6715000,-600032.737040454,302.15094804009465,707,2:56:24
13.4%,6720000,-600961.4258867535,298.12766219271674,707,2:56:23
13.4%,6725000,-598717.2447967529,302.1799449600622,707,2:56:22
13.4%,6730000,-598576.6680210568,300.7537969521142,707,2:56:20
13.5%,6735000,-599297.1411055075,296.66873932429786,707,2:56:19
13.5%,6740000,-600506.4213622608,303.3735043062398,707,2:56:18
13.5%,6745000,-597691.262960189,298.2246865738265,707,2:56:17
13.5%,6750000,-599499.5493045943,298.51983204263337,707,2:56:16
13.5%,6755000,-599119.5588439326,298.6143541514617,707,2:56:15
13.5%,6760000,-599541.0101816584,301.53975576930617,707,2:56:14
13.5%,6765000,-598295.4244124102,301.7935156171442,707,2:56:13
13.5%,6770000,-598651.2737535355,301.7874807251712,707,2:56:12
13.5%,6775000,-598813.1137137413,299.1112759880632,707,2:56:10
13.5%,6780000,-599429.9404555112,299.8387012595338,707,2:56:09
13.6%,6785000,-599078.3725352888,301.69894444415354,707,2:56:08
13.6%,6790000,-598562.9308500038,302.63491693782737,707,2:56:07
13.6%,6795000,-600060.9596327697,303.05569119441253,707,2:56:06
13.6%,6800000,-599373.9902754198,296.8668849440763,707,2:56:04
13.6%,6805000,-599964.9434788851,300.3988177372829,707,2:56:04
13.6%,6810000,-599682.8697605054,300.4563209355942,707,2:56:03
13.6%,6815000,-598952.1197830369,301.58818209757686,707,2:56:01
13.6%,6820000,-599838.7318357839,296.3775680526439,707,2:56:00
13.6%,6825000,-598591.6889488935,299.7914770032414,707,2:55:59
13.6%,6830000,-599265.4392787204,299.4526153657525,707,2:55:58
13.7%,6835000,-599315.5592137673,300.1821013320431,707,2:55:57
13.7%,6840000,-598571.1511482289,300.9064355612836,707,2:55:55
13.7%,6845000,-599682.061282794,300.67966100275555,707,2:55:54
13.7%,6850000,-599440.5235070032,300.50705327949686,707,2:55:53
13.7%,6855000,-600286.8584582489,302.65743738836056,707,2:55:52
13.7%,6860000,-600640.0552474079,298.34690540231924,707,2:55:51
13.7%,6865000,-599908.238530322,297.89549057632667,707,2:55:50
13.7%,6870000,-599697.8615785544,300.3727646670583,707,2:55:49
13.7%,6875000,-601263.0217253016,300.44528149905835,707,2:55:47
13.7%,6880000,-599047.3588647908,300.88420949572475,707,2:55:46
13.8%,6885000,-600036.2274253564,302.8721176308615,707,2:55:45
13.8%,6890000,-597850.7054302879,300.65804823922645,707,2:55:44
13.8%,6895000,-600008.7158093341,300.789883643546,707,2:55:42
13.8%,6900000,-598473.5767628304,297.5129127701557,707,2:55:41
13.8%,6905000,-599192.1738579124,300.94001998043393,707,2:55:40
13.8%,6910000,-599135.7170018163,301.65731350237263,707,2:55:39
13.8%,6915000,-598928.4824210182,301.08650103722437,707,2:55:38
13.8%,6920000,-598247.0194879533,300.4074530298621,707,2:55:36
13.8%,6925000,-599838.6236989289,299.7902994633443,707,2:55:35
13.8%,6930000,-600837.3236146448,303.9798637570336,707,2:55:34
13.9%,6935000,-599567.6225139317,298.52697087826,707,2:55:33
13.9%,6940000,-600350.9852344361,302.12386462245996,707,2:55:32
13.9%,6945000,-598642.2513716952,297.75278746003966,707,2:55:30
13.9%,6950000,-600312.5010644034,299.19520023781706,707,2:55:29
13.9%,6955000,-598510.5154308649,301.5734628488624,707,2:55:28
13.9%,6960000,-598898.8754454707,301.55241432320065,707,2:55:27
13.9%,6965000,-598527.3565783147,299.95410016945544,707,2:55:26
13.9%,6970000,-598238.8106048722,299.1982176838035,707,2:55:25
13.9%,6975000,-600692.3893908882,298.8123525787529,707,2:55:24
13.9%,6980000,-599380.587564812,299.84439270237004,707,2:55:22
14.0%,6985000,-600497.2247735709,302.69026131299387,707,2:55:21
14.0%,6990000,-601255.5585285169,300.7043893405959,707,2:55:20
14.0%,6995000,-599631.5005720607,299.7913543428355,707,2:55:19
14.0%,7000000,-599171.0817731111,300.1845545401622,707,2:55:18
14.0%,7005000,-598530.8903024858,300.38336252613266,707,2:55:17
14.0%,7010000,-599792.6481214394,299.934376376178,707,2:55:16
14.0%,7015000,-598807.5385729098,301.578173008451,707,2:55:14
14.0%,7020000,-598237.7966353246,300.773815130366,707,2:55:13
14.0%,7025000,-599783.2319821063,302.45134337427635,707,2:55:12
14.0%,7030000,-598157.0453233547,302.97836607449904,707,2:55:11
14.1%,7035000,-599335.9999623923,300.5588650349719,707,2:55:10
14.1%,7040000,-600337.2864354826,301.98753984728245,707,2:55:08
14.1%,7045000,-599686.576359516,302.13370198701745,707,2:55:07
14.1%,7050000,-599822.133001694,299.904422705044,707,2:55:06
14.1%,7055000,-599809.0591373495,298.620560768003,707,2:55:05
14.1%,7060000,-599711.3678874597,302.01481952156666,707,2:55:04
14.1%,7065000,-600740.4117017002,300.7092957568341,707,2:55:03
14.1%,7070000,-599925.1841599289,299.44829771946286,707,2:55:02
14.1%,7075000,-599837.5643781652,299.4595334126483,707,2:55:01
14.1%,7080000,-599649.7421149523,300.05688958964504,707,2:54:59
14.2%,7085000,-599387.170029765,300.90609211214695,707,2:54:58
14.2%,7090000,-599003.9622208374,301.63805581863784,707,2:54:57
14.2%,7095000,-597907.996067184,299.9592519065056,707,2:54:56
14.2%,7100000,-599435.9580906439,298.25532714323384,707,2:54:55
14.2%,7105000,-599887.1980714267,301.66030641627793,707,2:54:54
14.2%,7110000,-599366.7319416702,302.5288402187582,707,2:54:53
14.2%,7115000,-600167.5770985358,299.3327270849729,707,2:54:51
14.2%,7120000,-600697.2877801303,298.18212341296044,707,2:54:50
14.2%,7125000,-599304.8614009223,300.78725871085857,707,2:54:49
14.2%,7130000,-600394.7370000612,303.3243174834522,707,2:54:48
14.3%,7135000,-600142.4172261776,298.2192649838833,707,2:54:47
14.3%,7140000,-600330.3607351361,302.73427186665026,707,2:54:46
14.3%,7145000,-599235.8775776424,300.5572459176133,707,2:54:45
14.3%,7150000,-599233.0070648715,300.35897763742895,707,2:54:44
14.3%,7155000,-599301.9840226811,299.3536774823098,707,2:54:43
14.3%,7160000,-600900.2029966419,300.6766680888503,707,2:54:42
14.3%,7165000,-599238.0838633487,300.4715308259325,707,2:54:40
14.3%,7170000,-599003.1897069635,302.9909510321499,707,2:54:39
14.3%,7175000,-599488.01482262,300.63815272138066,707,2:54:38
14.3%,7180000,-599299.9905422903,301.3302763280177,707,2:54:37
14.4%,7185000,-599187.8995465501,302.9059473708237,707,2:54:36
14.4%,7190000,-600367.6342820306,302.05026837888744,707,2:54:34
14.4%,7195000,-600151.4113837341,301.2233409861068,707,2:54:33
14.4%,7200000,-599202.2388272178,298.20962387597535,707,2:54:32
14.4%,7205000,-598712.8822898883,303.2517025231273,707,2:54:31
14.4%,7210000,-599810.8398172492,300.4503596398648,707,2:54:30
14.4%,7215000,-600486.5090337908,300.5562891664469,707,2:54:28
14.4%,7220000,-598949.1980451378,297.6438404874711,707,2:54:27
14.4%,7225000,-600428.4400603152,301.0235026527263,707,2:54:26
14.4%,7230000,-599522.3234975147,300.5523885655375,707,2:54:25
14.5%,7235000,-598818.9918799507,300.1728772695153,707,2:54:24
14.5%,7240000,-599966.998111418,301.0815455568238,707,2:54:22
14.5%,7245000,-599146.0584382149,298.2466673185735,707,2:54:21
14.5%,7250000,-600033.8031984093,300.1507493322812,707,2:54:20
14.5%,7255000,-599512.5652791616,301.5011913376742,707,2:54:19
14.5%,7260000,-599329.1865878995,298.2714937847386,707,2:54:17
14.5%,7265000,-597417.0445994851,297.09795261681273,707,2:54:16
14.5%,7270000,-598911.7104013814,300.8421615085636,707,2:54:15
14.5%,7275000,-599181.9026052407,301.64475307680294,707,2:54:14
14.5%,7280000,-598532.2280256827,297.8223604422968,707,2:54:13
14.6%,7285000,-599628.2860957063,301.46699361649416,707,2:54:11
14.6%,7290000,-600572.99907766,298.3674142221948,707,2:54:10
14.6%,7295000,-599721.3884010748,302.5917404749315,707,2:54:09
14.6%,7300000,-599937.7081256364,299.4270774692328,707,2:54:08
14.6%,7305000,-599652.8563321079,297.94948568702773,707,2:54:07
14.6%,7310000,-599408.9465976227,301.16956666413654,707,2:54:05
14.6%,7315000,-598781.9200614616,298.62362727815184,707,2:54:04
14.6%,7320000,-599922.0442370209,298.9984038825042,707,2:54:03
14.6%,7325000,-599585.2746101776,301.9477733436721,707,2:54:02
14.6%,7330000,-599792.0278472137,300.7845111177652,707,2:54:00
14.7%,7335000,-598072.3569073654,300.0016678748845,707,2:53:59
14.7%,7340000,-599544.272657882,303.1231544176873,707,2:53:58
14.7%,7345000,-599172.4096211428,297.505111568337,707,2:53:57
14.7%,7350000,-598394.5881368727,300.4506785569203,707,2:53:56
14.7%,7355000,-599221.7877499517,299.9902113929684,707,2:53:55
14.7%,7360000,-600860.6912134299,298.34984925206214,707,2:53:54
14.7%,7365000,-599562.2254118877,301.5985837000018,707,2:53:52
14.7%,7370000,-601032.3168224627,299.6632232827758,707,2:53:51
14.7%,7375000,-598936.1653817687,299.81622987316297,707,2:53:50
14.7%,7380000,-599307.1420478141,299.55653326167686,707,2:53:49
14.8%,7385000,-598290.5836435212,300.7783290333051,707,2:53:48
14.8%,7390000,-598081.3022493371,298.0596101994934,707,2:53:46
14.8%,7395000,-597915.7014908441,301.7365766567002,707,2:53:45
14.8%,7400000,-599615.292140984,303.74317823770446,707,2:53:44
14.8%,7405000,-598658.2758083851,302.1060543315154,707,2:53:43
14.8%,7410000,-597861.5090454314,300.28577390715554,707,2:53:42
14.8%,7415000,-600694.8010629262,302.10929256623257,707,2:53:40
14.8%,7420000,-599045.1504724314,300.2553541264789,707,2:53:39
14.8%,7425000,-598565.4634932824,300.1003849695964,707,2:53:38
14.8%,7430000,-599403.8752823984,302.851608810986,707,2:53:37
14.9%,7435000,-598813.1351703983,302.20967784246545,707,2:53:35
14.9%,7440000,-601004.5927198799,299.57404916764705,707,2:53:34
14.9%,7445000,-598434.9476950266,299.55923179060784,707,2:53:33
14.9%,7450000,-599270.8889913815,300.14427286284683,707,2:53:32
14.9%,7455000,-600780.6047727652,299.87491061137143,707,2:53:31
14.9%,7460000,-599766.1373227229,299.6826281589977,707,2:53:30
14.9%,7465000,-599325.9642062318,299.7923356260832,707,2:53:28
14.9%,7470000,-598872.9760024264,297.1763080841363,707,2:53:27
14.9%,7475000,-600213.9196260422,298.347003530644,707,2:53:26
14.9%,7480000,-599280.6375303161,303.0283624559659,707,2:53:25
15.0%,7485000,-599147.9770753705,300.0525228791931,707,2:53:23
15.0%,7490000,-597900.7938657976,300.9895011881958,707,2:53:22
15.0%,7495000,-599396.9235782516,300.8942431169318,707,2:53:21
15.0%,7500000,-600149.5757070226,301.4354453600828,707,2:53:20
15.0%,7505000,-599618.1729166876,298.7291642914348,707,2:53:19
15.0%,7510000,-599494.362148874,300.6788759761574,707,2:53:17
15.0%,7515000,-599513.0546627683,302.967817279587,707,2:53:16
15.0%,7520000,-599966.1886616256,300.7575748926177,707,2:53:15
15.0%,7525000,-599743.980535435,298.02990184917127,707,2:53:14
15.0%,7530000,-600830.2777979095,300.8733417837572,707,2:53:12
15.1%,7535000,-599659.149438533,301.39315205210977,707,2:53:11
15.1%,7540000,-599738.8436075719,299.9323402134392,707,2:53:10
15.1%,7545000,-599313.5167232952,300.3819396654236,707,2:53:09
15.1%,7550000,-599762.0064409329,300.14741296923927,707,2:53:07
15.1%,7555000,-599347.887951728,300.7657931398166,707,2:53:07
15.1%,7560000,-598773.8473423915,300.47687881963213,707,2:53:05
15.1%,7565000,-600379.480802793,300.7756795685365,707,2:53:04
15.1%,7570000,-599849.9301083949,300.90148008088306,707,2:53:03
15.1%,7575000,-600264.2120936182,297.8420351714119,707,2:53:02
15.1%,7580000,-599447.9524797061,300.2922749086711,707,2:53:01
15.2%,7585000,-600465.8938509603,299.42163134720846,707,2:52:59
15.2%,7590000,-599553.0893464158,300.26833159742887,707,2:52:58
15.2%,7595000,-598381.3340598843,298.6076568932966,707,2:52:57
15.2%,7600000,-600178.0836950927,300.2144346150526,707,2:52:56
15.2%,7605000,-599318.6463438682,302.04190293920135,707,2:52:55
15.2%,7610000,-600282.5256998953,302.85182959971667,707,2:52:54
15.2%,7615000,-598820.2951199142,300.4826683907932,707,2:52:52
15.2%,7620000,-601026.2989434404,299.2144333894707,707,2:52:51
15.2%,7625000,-599005.1352038821,296.702814385072,707,2:52:50
15.2%,7630000,-599186.0484105106,300.45889680411926,707,2:52:49
15.3%,7635000,-598988.5325305336,300.8331582347666,707,2:52:47
15.3%,7640000,-598052.0705135288,298.2951917751689,707,2:52:46
15.3%,7645000,-600191.2845562682,297.72619468402877,707,2:52:45
15.3%,7650000,-599123.7762613595,301.9998549520402,707,2:52:44
15.3%,7655000,-598696.6014160411,300.9312129632863,707,2:52:43
15.3%,7660000,-599681.1972911991,302.73424733456903,707,2:52:42
15.3%,7665000,-598065.2577700033,298.864041673822,707,2:52:41
15.3%,7670000,-599976.620526671,299.0725643639441,707,2:52:39
15.3%,7675000,-599282.6501940135,298.97580983572743,707,2:52:38
15.3%,7680000,-599653.6462028851,300.5116898428419,707,2:52:37
15.4%,7685000,-600340.036799056,302.91166334574115,707,2:52:36
15.4%,7690000,-598519.340024747,298.37369443497965,707,2:52:35
15.4%,7695000,-599931.5683838967,301.6850838182807,707,2:52:33
15.4%,7700000,-598398.8170927796,301.4175860049758,707,2:52:32
15.4%,7705000,-599394.9608527729,299.93000966572606,707,2:52:31
15.4%,7710000,-599385.3315480822,299.0403292092593,707,2:52:30
15.4%,7715000,-599641.9158905149,301.0627294505504,707,2:52:29
15.4%,7720000,-600471.426729525,299.71437267205863,707,2:52:28
15.4%,7725000,-600161.3984104493,300.67033881190304,707,2:52:27
15.4%,7730000,-599430.2920867377,300.10803897892794,707,2:52:26
15.5%,7735000,-599838.5966818756,298.92036733223614,707,2:52:24
15.5%,7740000,-600134.2937834268,300.50195060660917,707,2:52:23
15.5%,7745000,-599894.8135545519,298.4323015769445,707,2:52:22
15.5%,7750000,-599055.755651956,301.45757329731686,707,2:52:21
15.5%,7755000,-600621.8360310313,299.87846776314416,707,2:52:20
15.5%,7760000,-599291.2648340394,303.1596090903369,707,2:52:19
15.5%,7765000,-600152.2961715152,297.8314373123374,707,2:52:18
15.5%,7770000,-600120.5767910355,300.8518762127152,707,2:52:16
15.5%,7775000,-599363.9328361475,300.4087777622464,707,2:52:15
15.5%,7780000,-600163.2293018154,300.9293975892782,707,2:52:14
15.6%,7785000,-599499.0284611802,299.1263877500768,707,2:52:13
15.6%,7790000,-599503.1020797007,302.5116432298434,707,2:52:12
15.6%,7795000,-599927.8786263284,298.50636393005965,707,2:52:10
15.6%,7800000,-600238.8652882976,299.14650405665327,707,2:52:09
15.6%,7805000,-598493.5383184948,299.37970602045334,707,2:52:08
15.6%,7810000,-599336.8658163445,302.2570002270826,707,2:52:07
15.6%,7815000,-599000.6994917919,299.54551835722214,707,2:52:05
15.6%,7820000,-599348.7852982874,300.80661452291815,707,2:52:04
15.6%,7825000,-600622.9151212182,299.2892317050215,707,2:52:03
15.6%,7830000,-599274.526540901,300.1348525436696,707,2:52:02
15.7%,7835000,-599088.6663345695,299.7269821617907,707,2:52:00
15.7%,7840000,-599525.5583854071,300.94887606174376,707,2:51:59
15.7%,7845000,-598694.7878188286,302.65361038369474,707,2:51:58
15.7%,7850000,-599356.2800748502,303.7659930732119,707,2:51:56
15.7%,7855000,-601053.8985443828,303.28398674197445,707,2:51:55
15.7%,7860000,-597856.7892572535,299.6900368475173,707,2:51:54
15.7%,7865000,-598566.0845168554,301.4093922898581,707,2:51:53
15.7%,7870000,-599093.831672133,299.7688093602211,707,2:51:52
15.7%,7875000,-599651.278550297,299.909942423312,707,2:51:51
15.7%,7880000,-599384.6739114015,299.09322037630676,707,2:51:50
15.8%,7885000,-601718.0221947441,300.423644203448,707,2:51:49
15.8%,7890000,-598513.2171584233,299.48781890226127,707,2:51:48
15.8%,7895000,-599373.5992561048,299.3595897138768,707,2:51:47
15.8%,7900000,-600430.6338623241,300.5156640399949,707,2:51:46
15.8%,7905000,-599996.310608759,296.49917357910687,707,2:51:45
15.8%,7910000,-598973.4874102082,300.09108731082506,707,2:51:44
15.8%,7915000,-601349.4366395324,298.0490859366625,707,2:51:43
15.8%,7920000,-599362.6439044275,301.4713603269462,707,2:51:42
15.8%,7925000,-600945.1390113006,299.65034394015055,707,2:51:41
15.8%,7930000,-599741.6329637519,301.0105742459387,707,2:51:40
15.9%,7935000,-599020.4064936098,301.8453764367816,707,2:51:38
15.9%,7940000,-598715.7155713453,301.5608042949679,707,2:51:37
15.9%,7945000,-599372.1560712308,300.3694283040163,707,2:51:36
15.9%,7950000,-599815.8081222447,301.76196736073274,707,2:51:35
15.9%,7955000,-598752.3053995962,302.3561343671747,707,2:51:34
15.9%,7960000,-599717.4633467468,301.28035354279433,707,2:51:33
15.9%,7965000,-600411.6006404175,300.5018279462032,707,2:51:31
15.9%,7970000,-599608.451229665,300.65564409526974,707,2:51:30
15.9%,7975000,-600727.7722563571,298.92733444329434,707,2:51:29
15.9%,7980000,-601013.7520541255,299.13119603799015,707,2:51:28
16.0%,7985000,-599327.4994144449,301.32068428427203,707,2:51:27
16.0%,7990000,-600475.7901824014,301.28866991831796,707,2:51:26
16.0%,7995000,-599485.4909613081,299.288005100962,707,2:51:25
16.0%,8000000,-597928.1509292172,302.8688548640631,707,2:51:24
16.0%,8005000,-599188.3473109007,299.2108517056168,706,2:51:23
16.0%,8010000,-600777.1660047476,300.92495728258274,706,2:51:22
16.0%,8015000,-600551.6322920136,301.1112293750647,706,2:51:21
16.0%,8020000,-598972.8239752809,301.0775222955085,706,2:51:20
16.0%,8025000,-600613.3467984423,300.484827213938,706,2:51:19
16.0%,8030000,-600461.0435446245,303.96951121877106,706,2:51:18
16.1%,8035000,-599278.7636378668,299.38785067140867,706,2:51:17
16.1%,8040000,-598584.5275596315,300.82420402513196,706,2:51:16
16.1%,8045000,-600219.9143124465,301.39629215850215,706,2:51:15
16.1%,8050000,-600515.5831989665,298.4195939588877,706,2:51:14
16.1%,8055000,-600288.4538171426,301.7093215144972,706,2:51:13
16.1%,8060000,-599464.8902320964,300.5020487349339,706,2:51:12
16.1%,8065000,-599759.6132073603,300.61622104079606,706,2:51:11
16.1%,8070000,-600207.0440463736,300.9684526625341,706,2:51:10
16.1%,8075000,-598311.4971943586,301.3616528598607,706,2:51:09
16.1%,8080000,-599030.7636652556,300.9711511914651,706,2:51:08
16.2%,8085000,-599709.8695112658,298.4592623341733,706,2:51:07
16.2%,8090000,-599344.634889815,299.5544725668568,706,2:51:06
16.2%,8095000,-600298.4148307638,298.41456488224355,706,2:51:04
16.2%,8100000,-598841.5442811013,298.2507887082135,706,2:51:03
16.2%,8105000,-600534.7449584114,299.7570830254119,706,2:51:03
16.2%,8110000,-599641.6528699091,299.8399278635933,706,2:51:01
16.2%,8115000,-599378.9829310933,299.17280244768983,706,2:51:00
16.2%,8120000,-599755.1079065003,300.5263354953129,706,2:50:59
16.2%,8125000,-599808.7140187556,302.4667985854266,706,2:50:58
16.2%,8130000,-598837.6162360157,301.938892730281,706,2:50:57
16.3%,8135000,-599807.0977012883,302.2205946185953,706,2:50:56
16.3%,8140000,-599018.6350952424,302.5113243127879,706,2:50:55
16.3%,8145000,-598673.8807016932,300.6606486398327,706,2:50:54
16.3%,8150000,-599243.1067847717,298.61977574140485,706,2:50:52
16.3%,8155000,-601006.9614986894,300.1384342275234,706,2:50:52
16.3%,8160000,-600849.5866770772,301.90565176026746,706,2:50:51
16.3%,8165000,-598854.0312764351,301.70814397460003,706,2:50:49
16.3%,8170000,-600367.1198745118,302.3117803643817,706,2:50:48
16.3%,8175000,-599556.2353480086,299.89814249225924,706,2:50:47
16.3%,8180000,-599840.9512393312,301.2240278843801,706,2:50:46
16.4%,8185000,-599586.8328159065,298.25260408222164,706,2:50:45
16.4%,8190000,-599653.2693406004,299.0923126893027,706,2:50:43
16.4%,8195000,-599897.0187355378,297.1271948575922,706,2:50:42
16.4%,8200000,-600855.8207347672,302.2210852602192,706,2:50:41
16.4%,8205000,-597129.817249842,301.5728740789138,706,2:50:40
16.4%,8210000,-599445.8850175622,302.8872293928751,706,2:50:39
16.4%,8215000,-600749.481433895,301.08191353804165,706,2:50:38
16.4%,8220000,-600024.8381978748,303.100486774667,706,2:50:37
16.4%,8225000,-599218.3969377968,299.71361217754173,706,2:50:35
16.4%,8230000,-599358.7159879934,298.02170813405354,706,2:50:34
16.5%,8235000,-599806.969325962,299.4762888241016,706,2:50:33
16.5%,8240000,-600307.997428569,299.44638421713,706,2:50:32
16.5%,8245000,-598827.0093473908,300.2365870843679,706,2:50:31
16.5%,8250000,-599952.3016854059,296.56577817953996,706,2:50:30
16.5%,8255000,-600206.1560841026,300.7713619222469,706,2:50:29
16.5%,8260000,-598838.0407984992,300.4674094362925,706,2:50:28
16.5%,8265000,-600826.4005757906,300.4132426010231,706,2:50:27
16.5%,8270000,-601245.4425067538,299.70909827460264,706,2:50:26
16.5%,8275000,-600232.0190998036,299.11363106785757,706,2:50:24
16.5%,8280000,-600336.5902554006,297.03012141232006,706,2:50:23
16.6%,8285000,-601166.6059042681,298.6756107581952,706,2:50:22
16.6%,8290000,-599336.9477008898,302.862280266304,706,2:50:20
16.6%,8295000,-597907.4117757366,300.2869759791339,706,2:50:19
16.6%,8300000,-599254.9496757621,299.9219386110143,706,2:50:18
16.6%,8305000,-599941.6791908396,300.1272475985004,706,2:50:17
16.6%,8310000,-599792.1355901049,296.179741349921,706,2:50:16
16.6%,8315000,-599993.8379038274,301.7283829415825,706,2:50:15
16.6%,8320000,-598738.2048949329,299.08465867997114,706,2:50:14
16.6%,8325000,-599457.4701196412,299.7097115766324,706,2:50:13
16.6%,8330000,-599888.0676303408,300.44179794352925,706,2:50:12
16.7%,8335000,-599421.3453917778,301.26779311722464,706,2:50:11
16.7%,8340000,-597835.8047228875,298.51239882203254,706,2:50:10
16.7%,8345000,-598967.3890062878,300.2692883485953,706,2:50:09
16.7%,8350000,-600516.9559895713,302.63180136351616,706,2:50:08
16.7%,8355000,-598277.1347542312,300.43483083247105,706,2:50:07
16.7%,8360000,-598775.7604460651,297.32968265574135,706,2:50:06
16.7%,8365000,-600048.2933808081,300.4285015555238,706,2:50:05
16.7%,8370000,-600784.6283432641,302.16215920119885,706,2:50:04
16.7%,8375000,-598496.26955271,299.9097216345812,706,2:50:03
16.7%,8380000,-598799.9253714639,299.75254459039155,706,2:50:02
16.8%,8385000,-599122.4090956366,299.5399986389542,706,2:50:01
16.8%,8390000,-600226.1323865349,301.2032246795303,706,2:49:59
16.8%,8395000,-599996.8489726996,299.0516630307695,706,2:49:58
16.8%,8400000,-599783.0955309649,299.8704948367571,706,2:49:57
16.8%,8405000,-598731.7520069773,299.7696434509816,706,2:49:56
16.8%,8410000,-599390.8163105547,300.00659882320383,706,2:49:55
16.8%,8415000,-600319.5200927053,299.90775906808597,706,2:49:54
16.8%,8420000,-598951.6256775502,298.5340851818053,706,2:49:52
16.8%,8425000,-598408.3374268627,297.9782863503458,706,2:49:51
16.8%,8430000,-598765.972449516,299.62159234099494,706,2:49:50
16.9%,8435000,-597988.7133006859,302.7212943957003,706,2:49:49
16.9%,8440000,-598533.7119620643,297.7777611186919,706,2:49:48
16.9%,8445000,-598034.9637149079,300.45816084168354,706,2:49:47
16.9%,8450000,-600852.6210813741,300.61065225836575,706,2:49:46
16.9%,8455000,-599879.1826527929,301.36221709772815,706,2:49:45
16.9%,8460000,-600044.1984485383,301.8528341894636,706,2:49:44
16.9%,8465000,-600761.4003978441,300.3352305828363,706,2:49:43
16.9%,8470000,-599642.526165734,301.18232334635576,706,2:49:42
16.9%,8475000,-598315.0411602925,298.1369598514881,706,2:49:40
16.9%,8480000,-600429.9358722321,300.7960166638437,706,2:49:39
17.0%,8485000,-600069.5273637972,300.89279572414154,706,2:49:38
17.0%,8490000,-600695.918541057,303.1312500044803,706,2:49:37
17.0%,8495000,-599583.3746222481,297.9770597462862,706,2:49:36
17.0%,8500000,-599337.3879390787,299.73044118523865,706,2:49:35
17.0%,8505000,-600009.5164008699,299.1022727142661,706,2:49:34
17.0%,8510000,-599336.3237282666,300.45892133620043,706,2:49:33
17.0%,8515000,-600560.0190412872,300.9996084056464,706,2:49:32
17.0%,8520000,-600158.2734958371,299.2156845256114,706,2:49:31
17.0%,8525000,-599441.5255079139,304.55165750542955,706,2:49:30
17.0%,8530000,-598604.1178404181,297.8637215311846,706,2:49:29
17.1%,8535000,-599067.6128445398,300.9792958424204,706,2:49:28
17.1%,8540000,-600507.5861704396,297.8719152463023,706,2:49:27
17.1%,8545000,-599608.7587115341,298.82248432828476,705,2:49:26
17.1%,8550000,-599776.7458314863,296.7530560873508,705,2:49:24
17.1%,8555000,-598631.1557166963,299.55577276715997,705,2:49:24
17.1%,8560000,-598627.2135481676,299.6205374615038,705,2:49:23
17.1%,8565000,-598525.9181656269,299.96244107706036,705,2:49:22
17.1%,8570000,-600311.7835351294,298.1259694791146,705,2:49:20
17.1%,8575000,-600083.8907288485,302.44248729296646,705,2:49:19
17.1%,8580000,-600234.5485613295,297.2322902934137,705,2:49:18
17.2%,8585000,-599712.2265748754,300.9549600178791,705,2:49:17
17.2%,8590000,-598659.4095212314,299.1083076062391,705,2:49:16
17.2%,8595000,-599523.1230049408,298.78279142091793,705,2:49:15
17.2%,8600000,-599519.5059001069,301.1155470213543,705,2:49:14
17.2%,8605000,-600594.9996166769,300.15997339480896,705,2:49:13
17.2%,8610000,-601352.7983308868,301.2982374299824,705,2:49:11
17.2%,8615000,-599662.5419322667,300.5496655045253,705,2:49:10
17.2%,8620000,-599452.8717123107,299.30512849363316,705,2:49:09
17.2%,8625000,-600948.8700204622,299.5812615995172,705,2:49:08
17.2%,8630000,-599924.7898476264,301.848909056473,705,2:49:07
17.3%,8635000,-600076.6035864488,299.6828980118908,705,2:49:05
17.3%,8640000,-599634.5969850766,301.7079477179505,705,2:49:04
17.3%,8645000,-600515.1496097641,299.3169529567671,705,2:49:03
17.3%,8650000,-598709.8917879462,302.7368722672565,705,2:49:02
17.3%,8655000,-599893.3939692504,297.95880787788025,705,2:49:01
17.3%,8660000,-601059.2640642924,301.9970828268657,705,2:49:00
17.3%,8665000,-599854.2992129494,301.8024698267788,705,2:48:58
17.3%,8670000,-599293.1565549164,299.3478143149052,705,2:48:57
17.3%,8675000,-600750.4314605691,299.556680454164,705,2:48:56
17.3%,8680000,-599191.3094619066,300.4866671200273,705,2:48:55
17.4%,8685000,-600745.4827319272,301.78625412111165,705,2:48:54
17.4%,8690000,-599521.0950434427,301.143022952288,705,2:48:52
17.4%,8695000,-600056.3772555054,303.60935573480845,705,2:48:51
17.4%,8700000,-600039.0722877714,298.7516356778056,705,2:48:50
17.4%,8705000,-599355.2141309432,301.1339951464098,705,2:48:49
17.4%,8710000,-599321.7528829626,301.9693370430389,705,2:48:48
17.4%,8715000,-598257.7902450459,299.07590072698605,705,2:48:47
17.4%,8720000,-599246.7369387168,302.92643165861807,705,2:48:46
17.4%,8725000,-599704.4284747583,298.36635934270356,705,2:48:44
17.4%,8730000,-597778.8137108111,299.2359970888374,705,2:48:43
17.5%,8735000,-599728.5253197164,300.55204511640085,705,2:48:42
17.5%,8740000,-601195.3327387953,300.72897048594916,705,2:48:41
17.5%,8745000,-599704.076385403,299.1395860097574,705,2:48:39
17.5%,8750000,-599433.5051599788,302.5478771137623,705,2:48:38
17.5%,8755000,-598916.3044631002,302.21713559514745,705,2:48:38
17.5%,8760000,-600738.1147548896,299.87451809807243,705,2:48:37
17.5%,8765000,-600554.0412255875,300.8688033487369,705,2:48:35
17.5%,8770000,-600405.5932129128,303.9085735290931,705,2:48:34
17.5%,8775000,-599610.5557814301,300.9263065470482,705,2:48:33
17.5%,8780000,-599392.0785537749,299.9189947612714,705,2:48:32
17.6%,8785000,-599077.304347585,298.54053711915844,705,2:48:31
17.6%,8790000,-600258.3072260139,300.8076694024093,705,2:48:30
17.6%,8795000,-599113.2214983781,302.30236004520447,705,2:48:29
17.6%,8800000,-599634.0567637412,301.09854628908903,705,2:48:28
17.6%,8805000,-600557.5055223233,298.96153216447436,705,2:48:27
17.6%,8810000,-600568.466298522,299.0140062861416,705,2:48:26
17.6%,8815000,-601073.3543406478,300.42899219714764,705,2:48:25
17.6%,8820000,-599499.9546639593,302.20484502247086,705,2:48:23
17.6%,8825000,-599344.3717307337,302.3021147243925,705,2:48:22
17.6%,8830000,-597509.3453507889,300.97188715390075,705,2:48:21
17.7%,8835000,-600736.2941437652,301.3285100181719,705,2:48:20
17.7%,8840000,-600108.6839936767,301.8986110529657,705,2:48:19
17.7%,8845000,-598400.5144081432,302.4912080062114,705,2:48:18
17.7%,8850000,-599520.7553568813,298.603854420712,705,2:48:16
17.7%,8855000,-598400.9697976587,300.47643724217073,705,2:48:15
17.7%,8860000,-598990.1295877565,298.1460367215287,705,2:48:14
17.7%,8865000,-600127.9657535604,298.6014012125929,705,2:48:13
17.7%,8870000,-598841.270495655,300.96614664690213,705,2:48:12
17.7%,8875000,-598911.1142646302,298.3521062035317,705,2:48:10
17.7%,8880000,-599218.9727557003,298.99634318768415,705,2:48:09
17.8%,8885000,-599094.4907516744,299.1897295837115,705,2:48:08
17.8%,8890000,-600128.4987724787,297.9763237838505,705,2:48:07
17.8%,8895000,-598940.4700095169,299.38336130055075,705,2:48:06
17.8%,8900000,-599942.6691959524,298.89276874089643,705,2:48:05
17.8%,8905000,-599512.6815605955,298.30056430094976,705,2:48:04
17.8%,8910000,-600477.4141509156,302.81488428544327,705,2:48:03
17.8%,8915000,-599216.6622530282,298.8794232887286,705,2:48:02
17.8%,8920000,-598637.760567395,301.63557807843756,705,2:48:01
17.8%,8925000,-599867.159888254,300.62544510332384,705,2:48:00
17.8%,8930000,-599119.069154921,301.58528731199635,705,2:47:59
17.9%,8935000,-599282.2996248528,299.11478407567347,705,2:47:58
17.9%,8940000,-599296.8281053663,299.26985136088075,705,2:47:57
17.9%,8945000,-600984.5626149597,299.9771603257749,705,2:47:56
17.9%,8950000,-599852.7293553841,302.76687500255287,705,2:47:54
17.9%,8955000,-600086.1057513808,299.22277429707555,705,2:47:54
17.9%,8960000,-599789.9952907762,299.6450940747757,705,2:47:53
17.9%,8965000,-600106.8907838808,298.9737491409074,705,2:47:52
17.9%,8970000,-599870.432319514,299.0345396380983,705,2:47:51
17.9%,8975000,-601188.4657976432,302.3589064923493,705,2:47:49
17.9%,8980000,-599157.8292443263,301.8921591156125,705,2:47:48
18.0%,8985000,-599536.2513096305,301.9762305578535,705,2:47:47
18.0%,8990000,-599550.4516409398,298.3327258593909,705,2:47:46
18.0%,8995000,-599037.0210235659,302.48811696398144,705,2:47:44
18.0%,9000000,-599858.8336521792,297.2661200333759,705,2:47:43
18.0%,9005000,-598739.6278073154,299.29494767993896,705,2:47:42
18.0%,9010000,-599555.5041804379,301.09400785406876,705,2:47:41
18.0%,9015000,-599764.5481102001,298.1133599893825,705,2:47:40
18.0%,9020000,-599274.4212749614,298.88877001166236,705,2:47:39
18.0%,9025000,-598962.3961859834,299.3758299516252,705,2:47:38
18.0%,9030000,-600254.7348724687,300.7875040316705,705,2:47:37
18.1%,9035000,-599460.7208881923,298.61656203876885,705,2:47:35
18.1%,9040000,-599994.6109049073,300.4042147951449,705,2:47:34
18.1%,9045000,-599653.9665451013,299.10273882380875,705,2:47:33
18.1%,9050000,-600033.7441514721,302.4842899593156,705,2:47:32
18.1%,9055000,-599380.3838886623,300.2239775946358,705,2:47:31
18.1%,9060000,-600205.3443104643,299.1573472365396,705,2:47:30
18.1%,9065000,-599317.7652145419,302.353852883624,705,2:47:29
18.1%,9070000,-600070.0997558017,303.8755533478102,705,2:47:28
18.1%,9075000,-600382.9174989765,300.06572113887376,705,2:47:27
18.1%,9080000,-600489.7422953849,298.4299955613126,705,2:47:26
18.2%,9085000,-599768.479922987,298.62176283998133,705,2:47:25
18.2%,9090000,-599153.7189964303,300.69231955665003,705,2:47:24
18.2%,9095000,-599432.8983220793,300.21632358530434,705,2:47:23
18.2%,9100000,-599596.8400984243,300.74334628552697,705,2:47:22
18.2%,9105000,-600227.2297622366,302.0645705822217,705,2:47:21
18.2%,9110000,-600360.7115611658,297.9739687040562,705,2:47:19
18.2%,9115000,-600381.6729056458,303.2763082005617,705,2:47:18
18.2%,9120000,-598923.9616059787,299.0510006645774,705,2:47:17
18.2%,9125000,-598016.3205783824,300.437529361402,705,2:47:16
18.2%,9130000,-598774.6160469335,300.73417128716164,705,2:47:15
18.3%,9135000,-599493.1733093532,301.1975823008564,705,2:47:14
18.3%,9140000,-598666.8622555952,301.1335535689484,705,2:47:12
18.3%,9145000,-599686.7174990634,304.12843004072533,705,2:47:11
18.3%,9150000,-600848.7202219018,297.9393539374959,705,2:47:10
18.3%,9155000,-599239.8526803586,300.1391701899591,705,2:47:09
18.3%,9160000,-600475.600948343,301.0239687622689,705,2:47:08
18.3%,9165000,-597986.5618873704,298.30372893942337,705,2:47:07
18.3%,9170000,-599039.8212522944,300.5156149758325,705,2:47:05
18.3%,9175000,-597265.8481831569,299.0307616975949,705,2:47:04
18.3%,9180000,-599818.5551506658,300.5664945122222,705,2:47:03
18.4%,9185000,-599191.812734751,298.50763959828157,705,2:47:02
18.4%,9190000,-598614.4328691349,298.06390331370176,705,2:47:01
18.4%,9195000,-599885.8419000073,299.5139701008107,705,2:47:00
18.4%,9200000,-601519.2873116685,301.8136319237206,705,2:46:59
18.4%,9205000,-597609.0021267664,301.88099701867066,704,2:46:58
18.4%,9210000,-599975.1489636241,301.8922327118561,704,2:46:57
18.4%,9215000,-600113.4844443151,298.60164653340485,704,2:46:56
18.4%,9220000,-600439.5122975768,298.71253154038743,704,2:46:55
18.4%,9225000,-599203.8232960375,300.2888158852232,704,2:46:54
18.4%,9230000,-599933.6945473184,299.6047878653792,704,2:46:52
18.5%,9235000,-600377.0529162665,300.79012896435785,704,2:46:51
18.5%,9240000,-600692.2230509184,299.3968539452057,704,2:46:50
18.5%,9245000,-600486.9636244397,299.194292550813,704,2:46:49
18.5%,9250000,-600728.6677579661,300.4865935237837,704,2:46:48
18.5%,9255000,-598481.2635713462,298.53001285632763,704,2:46:47
18.5%,9260000,-599788.3461447107,299.0974398942716,704,2:46:46
18.5%,9265000,-600194.2243620851,299.6565260246107,704,2:46:45
18.5%,9270000,-598997.1717454307,301.0873841921472,704,2:46:44
18.5%,9275000,-599695.2291561039,300.278119897824,704,2:46:43
18.5%,9280000,-600904.6024069772,304.769993028028,704,2:46:42
18.6%,9285000,-599239.6195108667,300.8036706731752,704,2:46:41
18.6%,9290000,-597826.9437953723,302.38189305242514,704,2:46:40
18.6%,9295000,-599835.843518436,302.6992400547097,704,2:46:39
18.6%,9300000,-600987.7898418377,299.4341181765346,704,2:46:38
18.6%,9305000,-600794.1138841985,301.2383546197956,704,2:46:37
18.6%,9310000,-599883.2573128501,298.8652192137192,704,2:46:36
18.6%,9315000,-599088.9520543641,300.26943554108243,704,2:46:34
18.6%,9320000,-599691.729345052,298.8892606532862,704,2:46:33
18.6%,9325000,-600154.3833631352,298.0668226313635,704,2:46:32
18.6%,9330000,-598790.7629826083,301.50212355675944,704,2:46:31
18.7%,9335000,-598816.563387868,299.102640695484,704,2:46:29
18.7%,9340000,-599113.1185906758,299.7498705935418,704,2:46:28
18.7%,9345000,-599972.3843840067,300.80987728971655,704,2:46:27
18.7%,9350000,-599347.4931470468,298.7193269268773,704,2:46:26
18.7%,9355000,-599367.0718762348,302.80634712118894,704,2:46:25
18.7%,9360000,-599915.6545710806,303.043793135035,704,2:46:24
18.7%,9365000,-599996.698359828,301.9933048863623,704,2:46:22
18.7%,9370000,-599483.9046673891,298.6721272026661,704,2:46:21
18.7%,9375000,-599322.006297207,298.8954918019087,704,2:46:20
18.7%,9380000,-600137.2002150407,300.88840448160835,704,2:46:19
18.8%,9385000,-599886.7422758411,298.63915608554566,704,2:46:17
18.8%,9390000,-599430.4830588079,299.9463480317992,704,2:46:16
18.8%,9395000,-600683.837517797,299.0106453910184,704,2:46:15
18.8%,9400000,-599719.6537917936,299.9059191619967,704,2:46:14
18.8%,9405000,-599740.0187000954,301.4625778418798,704,2:46:13
18.8%,9410000,-598728.7328650253,300.01577382156927,704,2:46:12
18.8%,9415000,-599678.8696968434,300.79474099562174,704,2:46:11
18.8%,9420000,-599397.5773335546,299.97318612862193,704,2:46:09
18.8%,9425000,-598999.8165939972,302.27032114716917,704,2:46:08
18.8%,9430000,-599749.239619121,299.9821158061754,704,2:46:07
18.9%,9435000,-598593.569152181,299.88565566293306,704,2:46:06
18.9%,9440000,-598600.0658295136,302.36913637020587,704,2:46:04
18.9%,9445000,-599283.0778007144,301.1497938066967,704,2:46:03
18.9%,9450000,-599961.8512724098,300.38458913019224,704,2:46:02
18.9%,9455000,-599198.9754027994,301.2777040780257,704,2:46:01
18.9%,9460000,-599510.346569648,298.9932766775353,704,2:46:00
18.9%,9465000,-599437.894928928,301.1364483545289,704,2:45:59
18.9%,9470000,-599840.8995046616,303.6427438973092,704,2:45:57
18.9%,9475000,-599392.7990950593,300.38218498623553,704,2:45:56
18.9%,9480000,-599862.7381628584,302.0350094243867,704,2:45:55
19.0%,9485000,-599019.4538163599,301.5709360444998,704,2:45:54
19.0%,9490000,-599277.6103506782,301.76034824337415,704,2:45:53
19.0%,9495000,-600500.1411231654,297.9185016684837,704,2:45:52
19.0%,9500000,-600152.907073922,299.1342870802202,704,2:45:51
19.0%,9505000,-599937.7751549422,302.0171500692798,704,2:45:50
19.0%,9510000,-598926.3617331581,302.7466605676516,704,2:45:49
19.0%,9515000,-598955.7461355627,301.12064969424193,704,2:45:48
19.0%,9520000,-599764.4404178932,301.8209670159967,704,2:45:47
19.0%,9525000,-598363.6404139735,300.3725193462463,704,2:45:46
19.0%,9530000,-599300.2130181012,299.0564467866017,704,2:45:45
19.1%,9535000,-599877.2383708516,302.8075491931673,704,2:45:44
19.1%,9540000,-599484.1927252156,299.4705237850218,704,2:45:43
19.1%,9545000,-599776.7307467316,298.3327258593909,704,2:45:41
19.1%,9550000,-599921.8259698078,299.08193561895894,704,2:45:40
19.1%,9555000,-598991.5810768642,298.5268727499352,704,2:45:39
19.1%,9560000,-598053.2937706434,299.550645562191,704,2:45:38
19.1%,9565000,-599613.6627249881,300.53418576129394,704,2:45:37
19.1%,9570000,-600498.675710097,301.34710533571456,704,2:45:36
19.1%,9575000,-600113.8410463086,299.3496296889133,704,2:45:34
19.1%,9580000,-598954.3936971608,300.9241967880658,704,2:45:33
19.2%,9585000,-598589.7475593393,300.79084039471246,704,2:45:32
19.2%,9590000,-599480.290034032,300.73593759700736,704,2:45:31
19.2%,9595000,-598657.8897012156,299.78002052132535,704,2:45:30
19.2%,9600000,-599933.1691871067,304.8462632684503,704,2:45:29
19.2%,9605000,-599334.3906175145,299.494982269969,704,2:45:28
19.2%,9610000,-600721.3526068651,300.60474002679877,704,2:45:27
19.2%,9615000,-599228.3120251871,300.2761573313287,704,2:45:26
19.2%,9620000,-599473.7499766601,301.70527372110075,704,2:45:25
19.2%,9625000,-599328.5037486516,299.3502920551055,704,2:45:24
19.2%,9630000,-599735.1810516044,298.94045910673145,704,2:45:22
19.3%,9635000,-598273.8810323123,300.7750907985879,704,2:45:21
19.3%,9640000,-597765.5491993395,299.4770247865373,704,2:45:20
19.3%,9645000,-597580.0958141624,300.52260661897185,704,2:45:19
19.3%,9650000,-599323.7835840862,302.0503665072122,704,2:45:18
19.3%,9655000,-599601.839180965,297.69489174842926,704,2:45:17
19.3%,9660000,-597876.2968995492,300.69987543765683,704,2:45:16
19.3%,9665000,-599311.5196376159,300.2585923611961,704,2:45:15
19.3%,9670000,-599681.5569489328,300.9886916295165,704,2:45:14
19.3%,9675000,-599068.6017829934,301.1350745579822,704,2:45:13
19.3%,9680000,-599496.0543263052,298.78384630040915,704,2:45:12
19.4%,9685000,-599699.9408476404,299.4203311469053,704,2:45:10
19.4%,9690000,-600025.8972984985,297.1007738061496,704,2:45:09
19.4%,9695000,-598244.2927805027,300.5886715136188,704,2:45:08
19.4%,9700000,-599998.3759459169,302.098032340966,704,2:45:07
19.4%,9705000,-598316.5941235358,299.4083104271218,704,2:45:06
19.4%,9710000,-599330.9614990009,298.2500527457778,704,2:45:04
19.4%,9715000,-599978.4740872066,300.8574695272267,704,2:45:03
19.4%,9720000,-600171.7670796881,299.1307789926099,704,2:45:02
19.4%,9725000,-600320.5655622073,301.927828761664,704,2:45:01
19.4%,9730000,-598501.2114995429,300.9131573515299,704,2:45:00
19.5%,9735000,-599986.5634040078,301.37391890045615,704,2:44:59
19.5%,9740000,-599526.2993132058,299.0982985171133,704,2:44:57
19.5%,9745000,-599157.6193095245,298.66920788500437,704,2:44:56
19.5%,9750000,-599349.1676582019,300.1275174513935,704,2:44:55
19.5%,9755000,-599734.2826559129,300.16679331337997,704,2:44:54
19.5%,9760000,-598940.9112017588,297.98157364922537,704,2:44:53
19.5%,9765000,-599157.7724338779,301.94924526854356,704,2:44:52
19.5%,9770000,-599017.6868570126,299.86652063960423,704,2:44:51
19.5%,9775000,-599398.4363176674,299.1104909614651,704,2:44:50
19.5%,9780000,-599748.7407702706,299.84287171333625,704,2:44:48
19.6%,9785000,-599087.8415861176,299.13467959351925,704,2:44:47
19.6%,9790000,-599452.4570111991,300.40286553067943,704,2:44:46
19.6%,9795000,-599731.3844320355,297.77172622671895,704,2:44:45
19.6%,9800000,-600004.4673008318,300.1016606378183,704,2:44:44
19.6%,9805000,-599315.7373141726,299.43706202627743,704,2:44:43
19.6%,9810000,-600967.0956517286,302.8857329359224,704,2:44:42
19.6%,9815000,-599443.6886177855,299.47800606978495,704,2:44:41
19.6%,9820000,-599823.4216850093,301.01997003303484,704,2:44:40
19.6%,9825000,-599406.4435511334,299.1536183601986,704,2:44:38
19.6%,9830000,-600162.423604853,299.0634384297411,704,2:44:37
19.7%,9835000,-598848.573471318,301.11010089932995,704,2:44:36
19.7%,9840000,-599288.7640330414,299.08998214158953,704,2:44:35
19.7%,9845000,-600925.7762104855,298.80067530810607,704,2:44:34
19.7%,9850000,-597890.9222522336,302.2000122024763,704,2:44:32
19.7%,9855000,-599633.9619344585,299.6575073078583,704,2:44:31
19.7%,9860000,-599208.5508649251,297.4407639193734,704,2:44:30
19.7%,9865000,-599914.2285623816,299.7836512693416,704,2:44:29
19.7%,9870000,-600633.7699347474,301.34659016200953,704,2:44:27
19.7%,9875000,-599584.5654086685,299.21102343018515,704,2:44:26
19.7%,9880000,-599245.4564041435,301.85607242418075,704,2:44:25
19.8%,9885000,-599416.3059017542,299.3874581581096,704,2:44:24
19.8%,9890000,-598750.4905242547,300.1172875735369,704,2:44:23
19.8%,9895000,-599702.0398382149,297.09071565286143,704,2:44:21
19.8%,9900000,-600859.9846161441,301.6138917186649,704,2:44:20
19.8%,9905000,-600433.1068548085,298.85214361444446,704,2:44:19
19.8%,9910000,-599945.312503174,299.72183042474063,704,2:44:18
19.8%,9915000,-599478.3209562683,299.39344398592016,704,2:44:16
19.8%,9920000,-600038.7019977565,300.3081471652016,704,2:44:15
19.8%,9925000,-600776.2863461077,301.8217275105136,704,2:44:14
19.8%,9930000,-599345.6719318284,299.9899170079941,704,2:44:13
19.9%,9935000,-600712.1096061543,299.3873600297848,704,2:44:11
19.9%,9940000,-600547.0495968307,303.7841222812119,704,2:44:10
19.9%,9945000,-599151.3182302047,302.2408090534966,704,2:44:09
19.9%,9950000,-599595.5313335555,302.18269255315556,704,2:44:07
19.9%,9955000,-599497.3222218812,299.65078551761206,704,2:44:06
19.9%,9960000,-598382.5812664707,300.21912024256005,704,2:44:05
19.9%,9965000,-598230.9996914277,298.00406956767733,704,2:44:04
19.9%,9970000,-600517.2634887728,300.2784633469607,704,2:44:03
19.9%,9975000,-600164.9868324976,302.5885267722955,704,2:44:01
19.9%,9980000,-598320.2273366754,301.0679547838441,704,2:44:00
20.0%,9985000,-600331.8302167268,299.91185592564483,704,2:43:59
20.0%,9990000,-599089.712059225,300.7308349241196,704,2:43:57
20.0%,9995000,-600525.7264625118,301.16458665165476,704,2:43:56
20.0%,10000000,-599763.1114810058,297.31837336631236,704,2:43:55
20.0%,10005000,-601443.2107542199,301.4323297857715,704,2:43:54
20.0%,10010000,-598838.8643391118,300.9567753918872,704,2:43:53
20.0%,10015000,-599893.4615017972,301.81574168270305,704,2:43:51
20.0%,10020000,-599060.9020702764,300.3522313151015,704,2:43:50
20.0%,10025000,-599620.987426925,299.2056999685667,704,2:43:49
20.0%,10030000,-600105.213886023,298.2223805581946,704,2:43:48
20.0%,10035000,-598324.0914722895,299.5125963042641,704,2:43:46
20.1%,10040000,-598034.4473413797,302.7735231965556,704,2:43:45
20.1%,10045000,-597758.9334857375,301.4586281768081,704,2:43:44
20.1%,10050000,-598815.7799685211,300.5111746691369,704,2:43:43
20.1%,10055000,-599978.307985324,300.14500882528256,704,2:43:42
20.1%,10060000,-600573.4308042214,300.59890139147535,704,2:43:40
20.1%,10065000,-600219.8135509845,301.4169481708649,704,2:43:39
20.1%,10070000,-598703.4470954225,300.3614553776293,704,2:43:38
20.1%,10075000,-599065.169935029,297.41066305575225,704,2:43:37
20.1%,10080000,-600086.035357438,301.9084729496044,704,2:43:35
20.1%,10085000,-600321.0681591625,301.0995030402555,704,2:43:34
20.2%,10090000,-600870.5499932384,297.88930849186664,704,2:43:33
20.2%,10095000,-599515.3364512748,298.7229576748935,704,2:43:31
20.2%,10100000,-599941.1780745648,299.27343304473465,704,2:43:30
20.2%,10105000,-599699.8351101344,304.8779587173488,704,2:43:29
20.2%,10110000,-599302.254717317,297.703723297658,704,2:43:28
20.2%,10115000,-599295.8131295526,298.3055443134315,704,2:43:27
20.2%,10120000,-599439.5116761718,298.2308931903678,704,2:43:25
20.2%,10125000,-599869.0455370429,300.90398235316457,704,2:43:24
20.2%,10130000,-598314.086565461,299.36209198615825,704,2:43:23
20.2%,10135000,-598132.1225970737,301.60991752151193,704,2:43:21
20.3%,10140000,-598160.3019484282,300.53818449052807,704,2:43:20
20.3%,10145000,-600412.1596955433,301.69941055369617,704,2:43:19
20.3%,10150000,-598480.9374419078,300.17135628048146,704,2:43:18
20.3%,10155000,-599955.0555806234,297.82601572239423,704,2:43:17
20.3%,10160000,-597512.8111761739,303.6045719789762,704,2:43:16
20.3%,10165000,-600334.880564502,299.63272990585557,704,2:43:14
20.3%,10170000,-600977.6365999011,299.25265437196595,704,2:43:13
20.3%,10175000,-599582.0718889064,301.18887341203373,704,2:43:12
20.3%,10180000,-599214.6689119432,300.1866642991446,704,2:43:11
20.3%,10185000,-600363.658051162,298.82503566472855,704,2:43:09
20.4%,10190000,-599274.5168768759,299.6059408731952,704,2:43:08
20.4%,10195000,-598406.0079707913,299.0507798758466,704,2:43:07
20.4%,10200000,-599454.9266195917,300.3534579191611,704,2:43:05
20.4%,10205000,-600773.5398771064,301.40490291900016,704,2:43:04
20.4%,10210000,-598638.9731996316,300.5365899052506,704,2:43:03
20.4%,10215000,-599415.0969520919,301.05595859614175,704,2:43:02
20.4%,10220000,-599123.0842536809,300.5734861553616,704,2:43:01
20.4%,10225000,-598812.7594804997,301.6912168385784,704,2:42:59
20.4%,10230000,-599971.0190744703,297.3798507617766,704,2:42:58
20.4%,10235000,-599339.5105292145,300.69658813877726,704,2:42:57
20.5%,10240000,-598379.5584516264,300.1498661773583,704,2:42:56
20.5%,10245000,-599498.5891627483,300.9506914357519,704,2:42:54
20.5%,10250000,-598785.1329235281,299.1883067230024,704,2:42:53
20.5%,10255000,-598432.863539766,302.28550650542627,704,2:42:52
20.5%,10260000,-600252.4007323682,300.5658321460301,704,2:42:51
20.5%,10265000,-599116.7875766559,301.53112047672704,704,2:42:50
20.5%,10270000,-599612.5385134211,298.34818107054116,704,2:42:48
20.5%,10275000,-598283.5770594426,301.4393704930733,704,2:42:47
20.5%,10280000,-599490.9559097444,300.22800085595117,704,2:42:46
20.5%,10285000,-598822.2521942407,302.41246002558887,704,2:42:45
20.6%,10290000,-598651.310219672,301.2050155214573,704,2:42:43
20.6%,10295000,-599921.7937779827,300.56553776105585,704,2:42:42
20.6%,10300000,-599660.8483019825,300.65520251780833,704,2:42:41
20.6%,10305000,-600258.9154946716,300.44807815631407,704,2:42:40
20.6%,10310000,-598617.3311296767,298.46701447182954,704,2:42:39
20.6%,10315000,-599648.330856442,302.3898659788121,704,2:42:37
20.6%,10320000,-599244.2739755665,300.09672968949894,704,2:42:36
20.6%,10325000,-598452.8878633427,301.30002827190935,704,2:42:35
20.6%,10330000,-599928.972280507,301.12064969424193,704,2:42:34
20.6%,10335000,-599797.8997874218,298.54757782646027,704,2:42:33
20.7%,10340000,-598883.2646314618,298.0533545187897,704,2:42:31
20.7%,10345000,-600201.3415839011,300.25172337846266,704,2:42:30
20.7%,10350000,-599337.1893045311,303.89566965438667,704,2:42:29
20.7%,10355000,-599902.3410249609,301.9275098446085,704,2:42:28
20.7%,10360000,-600199.0861951895,300.6780909495593,704,2:42:27
20.7%,10365000,-599222.4391179639,299.751955820443,704,2:42:25
20.7%,10370000,-600763.4998853537,301.3806897548648,704,2:42:24
20.7%,10375000,-599366.2155498066,298.45602409945604,704,2:42:23
20.7%,10380000,-599198.0884251832,300.44312267591357,704,2:42:22
20.7%,10385000,-600370.6960022268,300.0692782906464,704,2:42:20
20.8%,10390000,-599055.1746895113,301.0652562549131,704,2:42:19
20.8%,10395000,-600740.3832248719,300.54748214929936,704,2:42:18
20.8%,10400000,-598378.4546574173,299.2185793111919,704,2:42:17
20.8%,10405000,-599525.9994491129,298.95378002681804,704,2:42:16
20.8%,10410000,-599338.2963838107,298.5972798229529,704,2:42:14
20.8%,10415000,-599102.9563257382,301.4723906743562,704,2:42:13
20.8%,10420000,-598975.5570982783,297.84026886156613,704,2:42:12
20.8%,10425000,-600437.4417592436,302.76474071148925,704,2:42:11
20.8%,10430000,-599936.8315556915,299.79155059948505,704,2:42:10
20.8%,10435000,-599152.2168322969,298.6145994722736,704,2:42:08
20.9%,10440000,-600755.2689040187,300.37526693933967,704,2:42:07
20.9%,10445000,-598063.0323062441,299.18089803448277,704,2:42:06
20.9%,10450000,-598902.0830514049,300.0013980219914,704,2:42:05
20.9%,10455000,-600704.8178942134,301.0304697637845,704,2:42:03
20.9%,10460000,-599883.457206259,301.6539280751683,704,2:42:02
20.9%,10465000,-598189.8375061215,297.228340628342,704,2:42:01
20.9%,10470000,-598939.5518505136,298.28915688319603,704,2:42:00
20.9%,10475000,-598849.019179693,300.9755914981606,704,2:41:58
20.9%,10480000,-599126.0876037017,299.50540840447513,704,2:41:57
20.9%,10485000,-599673.2281404473,298.58476846154554,704,2:41:56
21.0%,10490000,-599902.8499324908,302.96053125147324,704,2:41:55
21.0%,10495000,-597924.7250869102,301.45899615802597,704,2:41:53
21.0%,10500000,-598986.6543054408,301.8304609314176,704,2:41:52
21.0%,10505000,-599293.8045794005,298.9292970097896,704,2:41:51
21.0%,10510000,-600284.378388708,298.71199183460124,704,2:41:50
21.0%,10515000,-600127.2196207014,297.7472432096905,704,2:41:49
21.0%,10520000,-600599.0483377976,301.4400083271843,704,2:41:48
21.0%,10525000,-599615.6024300177,301.92598885557464,704,2:41:46
21.0%,10530000,-599126.8330451539,300.82040155254737,704,2:41:45
21.0%,10535000,-599126.9101237669,300.7231809147881,704,2:41:44
21.1%,10540000,-599808.9751464915,302.22945069990527,704,2:41:43
21.1%,10545000,-600182.5272000358,300.5196137050666,704,2:41:42
21.1%,10550000,-599544.2964239679,300.60846890313974,704,2:41:41
21.1%,10555000,-598043.6678269673,303.22035052336537,704,2:41:40
21.1%,10560000,-600788.8399314168,303.32596113289196,704,2:41:38
21.1%,10565000,-598536.1322153169,300.09918289761805,704,2:41:37
21.1%,10570000,-599870.0438831463,298.690624391884,704,2:41:36
21.1%,10575000,-597996.0262764674,301.1472424702529,704,2:41:35
21.1%,10580000,-599780.5283045736,298.9335655919168,704,2:41:34
21.1%,10585000,-599163.3655926255,301.15349815095647,704,2:41:33
21.2%,10590000,-598759.4652312202,299.2821174014762,704,2:41:31
21.2%,10595000,-599641.3457321059,300.5192211917675,704,2:41:30
21.2%,10600000,-599140.0011399318,301.7701120116881,704,2:41:29
21.2%,10605000,-598453.375567886,299.588179646413,703,2:41:28
21.2%,10610000,-599959.3384594042,299.87986609177204,703,2:41:27
21.2%,10615000,-599681.0647147084,300.58099297220605,703,2:41:26
21.2%,10620000,-598958.0347213955,298.72857552148616,703,2:41:25
21.2%,10625000,-599670.6950214352,300.76260396926176,703,2:41:24
21.2%,10630000,-598624.8462670748,303.25969998159553,703,2:41:23
21.2%,10635000,-599129.4738687174,299.28270617142476,703,2:41:21
21.3%,10640000,-600886.5486331084,299.1282031240849,703,2:41:20
21.3%,10645000,-601356.4255359946,301.87616419867607,703,2:41:19
21.3%,10650000,-600959.2300384366,299.8063189123619,703,2:41:17
21.3%,10655000,-601025.4881508122,299.80519043662713,703,2:41:16
21.3%,10660000,-598032.0014223359,301.16120122445045,703,2:41:15
21.3%,10665000,-599619.4723420073,299.8323474505054,703,2:41:14
21.3%,10670000,-598584.9932742538,299.4428515974385,704,2:41:12
21.3%,10675000,-599093.8596203448,299.5315350709434,704,2:41:11
21.3%,10680000,-599429.0136049129,298.9934729341848,704,2:41:10
21.3%,10685000,-599594.6990506835,299.93521046693854,704,2:41:09
21.4%,10690000,-598874.0141606051,297.9423713834824,704,2:41:07
21.4%,10695000,-599009.5604549302,302.72293804514004,704,2:41:06
21.4%,10700000,-599917.1222200831,301.2552326916549,704,2:41:05
21.4%,10705000,-599623.7035413659,303.38618739221545,703,2:41:04
21.4%,10710000,-598263.3341952693,299.72744827133334,704,2:41:03
21.4%,10715000,-598888.3583638459,299.0997949740659,704,2:41:01
21.4%,10720000,-600095.6846909705,301.20798390328133,704,2:41:00
21.4%,10725000,-600124.056289596,299.7789901739153,704,2:40:59
21.4%,10730000,-599920.3260523858,299.15440338679673,704,2:40:57
21.4%,10735000,-600990.9326962158,299.19998399364925,704,2:40:56
21.5%,10740000,-599377.2761025527,299.69479607126834,704,2:40:55
21.5%,10745000,-599104.7268853402,300.6831690903659,704,2:40:54
21.5%,10750000,-599518.107168451,299.20516026278057,704,2:40:52
21.5%,10755000,-600225.1930688871,300.8786407132944,704,2:40:51
21.5%,10760000,-599361.0038013244,300.8631119059006,704,2:40:50
21.5%,10765000,-598366.055462576,299.63378478534673,704,2:40:49
21.5%,10770000,-598526.9570537722,300.58629190174327,704,2:40:47
21.5%,10775000,-598254.2956219572,300.78968738689645,704,2:40:46
21.5%,10780000,-600817.4505028576,300.78728324293974,704,2:40:45
21.5%,10785000,-599401.9238443049,301.72296135163936,704,2:40:44
21.6%,10790000,-599312.9390580389,300.0417778276315,704,2:40:42
21.6%,10795000,-599438.428264204,298.027939282676,704,2:40:41
21.6%,10800000,-598685.2090349058,300.0961654516316,704,2:40:40
21.6%,10805000,-597884.6229878301,301.15283578476436,704,2:40:39
21.6%,10810000,-600047.3346401453,300.0273529638913,704,2:40:38
21.6%,10815000,-600005.0937886499,298.6501709900003,704,2:40:36
21.6%,10820000,-599088.2370932377,299.2328815145261,704,2:40:35
21.6%,10825000,-600080.9162718034,300.4938550198162,704,2:40:34
21.6%,10830000,-599525.5935815326,300.49267747991905,704,2:40:32
21.6%,10835000,-599135.8600610979,299.0960415656437,704,2:40:31
21.7%,10840000,-599400.5718103005,302.19429622755877,704,2:40:30
21.7%,10845000,-600167.7439996679,301.60959860445644,704,2:40:29
21.7%,10850000,-598561.7477269946,300.0113089827925,704,2:40:27
21.7%,10855000,-600135.5846714936,299.57792523647527,704,2:40:26
21.7%,10860000,-599378.0245080637,301.37151475649944,704,2:40:25
21.7%,10865000,-598691.8375804131,300.6661192939382,704,2:40:24
21.7%,10870000,-599578.1552988254,300.8039650581495,704,2:40:22
21.7%,10875000,-600883.3238994358,298.3054952492691,704,2:40:21
21.7%,10880000,-599485.2905547335,302.25231459957513,704,2:40:20
21.7%,10885000,-599840.5769554381,300.45553590899607,704,2:40:19
21.8%,10890000,-599955.2278885641,299.194807724518,704,2:40:17
21.8%,10895000,-598815.9271117882,300.6435497792427,704,2:40:16
21.8%,10900000,-599030.0756573374,300.02205403435414,704,2:40:15
21.8%,10905000,-599598.3748895181,299.48990412916254,704,2:40:14
21.8%,10910000,-600000.4205131899,301.612493390037,704,2:40:12
21.8%,10915000,-599893.479582096,301.48715898723304,704,2:40:11
21.8%,10920000,-597540.7104505966,302.874497242737,704,2:40:10
21.8%,10925000,-600887.9278079206,298.127048890687,704,2:40:09
21.8%,10930000,-599330.8548931722,302.0776216494152,704,2:40:07
21.8%,10935000,-599660.9669548376,299.0757535344989,704,2:40:06
21.9%,10940000,-600250.3721647859,301.9685274843595,704,2:40:05
21.9%,10945000,-598986.0547336321,300.1572012696344,704,2:40:03
21.9%,10950000,-600358.2952047633,297.0888512146909,704,2:40:02
21.9%,10955000,-599323.8324585706,298.2998528705952,704,2:40:01
21.9%,10960000,-598571.6925985035,300.2197335445898,704,2:40:00
21.9%,10965000,-599325.4294048198,300.6903079259924,704,2:39:59
21.9%,10970000,-600917.5072498489,297.605644037057,704,2:39:57
21.9%,10975000,-599006.0497555323,300.4094646605197,704,2:39:56
21.9%,10980000,-599568.2414549934,302.5980942839599,704,2:39:55
21.9%,10985000,-599528.8056052327,300.8805296835461,704,2:39:54
22.0%,10990000,-598758.4994817078,301.899420611645,704,2:39:52
22.0%,10995000,-599216.248294896,299.00485581985737,704,2:39:51
22.0%,11000000,-599374.6913256524,298.0148636834013,704,2:39:50
22.0%,11005000,-599118.9982090341,300.3277237659919,704,2:39:49
22.0%,11010000,-599404.0211753384,300.4849744064251,704,2:39:47
22.0%,11015000,-599871.118506758,299.91033493661104,704,2:39:46
22.0%,11020000,-600986.2882443378,299.8262880264512,704,2:39:45
22.0%,11025000,-601292.9258716926,302.8748897560361,704,2:39:43
22.0%,11030000,-600924.5810138341,297.5012845636712,704,2:39:42
22.0%,11035000,-599832.9806132233,300.8614437243796,704,2:39:41
22.1%,11040000,-601452.7491005254,300.9830737829238,704,2:39:39
22.1%,11045000,-599353.5245245281,302.1075017243056,704,2:39:38
22.1%,11050000,-599922.6178526375,299.4861752528215,704,2:39:37
22.1%,11055000,-598395.2246964639,300.0219068418669,704,2:39:36
22.1%,11060000,-600264.7013106248,299.4850467770868,704,2:39:35
22.1%,11065000,-599608.7583747758,298.0542376737126,704,2:39:33
22.1%,11070000,-599869.9576686681,301.13011907758164,704,2:39:32
22.1%,11075000,-599565.3737602159,298.66047446410045,704,2:39:31
22.1%,11080000,-598217.5075376984,300.52822446556456,704,2:39:29
22.1%,11085000,-600518.7436575182,300.4003877904791,704,2:39:28
22.2%,11090000,-599576.7690555686,299.40720648346826,704,2:39:27
22.2%,11095000,-599751.4600040335,299.9623674808168,704,2:39:25
22.2%,11100000,-599372.4828988872,297.01280176299935,704,2:39:24
22.2%,11105000,-597717.3370932676,300.6017471128935,704,2:39:23
22.2%,11110000,-598628.6342546111,298.8685801088423,704,2:39:22
22.2%,11115000,-599779.5161531763,300.3233325234587,704,2:39:21
22.2%,11120000,-600010.8525951225,299.0693506613081,704,2:39:19
22.2%,11125000,-598728.7803935665,297.2839793884828,704,2:39:18
22.2%,11130000,-599638.0683612758,300.7776911991941,704,2:39:17
22.2%,11135000,-599929.7454092987,300.7204823858571,704,2:39:15
22.3%,11140000,-597993.6421798975,298.7652509828665,704,2:39:14
22.3%,11145000,-599195.8122153799,299.25012756760333,704,2:39:12
22.3%,11150000,-600320.4810906858,301.17079326819606,704,2:39:11
22.3%,11155000,-599768.3550822507,302.6924446682199,704,2:39:10
22.3%,11160000,-599374.7798344549,300.5808212476377,704,2:39:09
22.3%,11165000,-599532.7913350877,298.737554263202,704,2:39:07
22.3%,11170000,-598575.9318677499,300.92748408694536,704,2:39:06
22.3%,11175000,-600584.3621125547,299.0870382918467,704,2:39:05
22.3%,11180000,-600012.4603410633,299.1955191548725,704,2:39:03
22.3%,11185000,-599712.8822857216,298.8578595893619,704,2:39:02
22.4%,11190000,-599647.5476905755,300.7875040316705,704,2:39:01
22.4%,11195000,-598512.3978076875,301.7932948284134,704,2:39:00
22.4%,11200000,-600869.0185951525,299.19333579964655,704,2:38:58
22.4%,11205000,-600092.5162690259,301.3824070005482,704,2:38:57
22.4%,11210000,-598889.8021601471,298.9772572285177,704,2:38:56
22.4%,11215000,-600188.3099744148,298.56072702197855,704,2:38:55
22.4%,11220000,-599862.4050545106,298.25451758455455,704,2:38:53
22.4%,11225000,-599683.0363110094,300.66209603262297,704,2:38:52
22.4%,11230000,-598932.2805751963,299.6824809665106,704,2:38:51
22.4%,11235000,-599971.3824541611,299.3527207311434,704,2:38:49
22.5%,11240000,-599533.8645446622,302.56254729831437,704,2:38:48
22.5%,11245000,-599719.2501499546,297.86617473930363,704,2:38:47
22.5%,11250000,-597410.1116085509,300.939259485917,704,2:38:46
22.5%,11255000,-599605.078508189,297.8130382514443,704,2:38:45
22.5%,11260000,-598320.3437013528,298.21418684307685,704,2:38:43
22.5%,11265000,-600745.2634823439,299.8093608904296,704,2:38:42
22.5%,11270000,-599519.3620298845,301.0507332628481,704,2:38:41
22.5%,11275000,-598616.7393926741,299.96690591583706,704,2:38:40
22.5%,11280000,-599518.5622641365,301.84996393596424,704,2:38:38
22.5%,11285000,-599679.7599721802,303.11052039587406,704,2:38:37
22.6%,11290000,-599215.8112182091,302.17391006808924,704,2:38:36
22.6%,11295000,-598553.1214385685,300.021784181461,704,2:38:34
22.6%,11300000,-600269.917447316,299.0909634248372,704,2:38:33
22.6%,11305000,-599216.6268755472,302.1786692918402,704,2:38:32
22.6%,11310000,-598432.8846561331,299.3804910470514,704,2:38:31
22.6%,11315000,-598885.3391981646,299.13119603799015,704,2:38:30
22.6%,11320000,-597899.4433951015,300.96415954832565,704,2:38:28
22.6%,11325000,-599756.0889935736,297.09483704250147,704,2:38:27
22.6%,11330000,-599821.805537581,300.9818471788642,704,2:38:26
22.6%,11335000,-597902.0268257679,299.57404916764705,704,2:38:24
22.7%,11340000,-599703.9192686859,301.7192815394607,704,2:38:23
22.7%,11345000,-600286.8106212439,297.98314370242156,704,2:38:22
22.7%,11350000,-599016.5926844836,299.6494362531465,704,2:38:21
22.7%,11355000,-598086.4244151427,303.660971233634,704,2:38:20
22.7%,11360000,-598199.4524837099,300.9289314797356,704,2:38:18
22.7%,11365000,-599469.4066387117,297.56914030024507,704,2:38:17
22.7%,11370000,-600633.5904341298,301.2316818937117,704,2:38:16
22.7%,11375000,-599517.3854154125,300.8350226729371,704,2:38:15
22.7%,11380000,-600469.2825363665,299.3907945211516,704,2:38:13
22.7%,11385000,-597821.5823763586,299.7548996701859,704,2:38:12
22.8%,11390000,-599634.7968077664,297.6876793165591,704,2:38:11
22.8%,11395000,-598798.8495565415,301.90177569143935,704,2:38:09
22.8%,11400000,-599756.7753979722,302.4450386294103,704,2:38:08
22.8%,11405000,-599855.7593790325,301.185954094372,704,2:38:07
22.8%,11410000,-600402.9994609812,301.78816762344456,704,2:38:06
22.8%,11415000,-599152.7296248828,300.7903742851698,704,2:38:05
22.8%,11420000,-598971.3452684325,300.5326157080977,704,2:38:03
22.8%,11425000,-598952.4945887346,297.63356154545215,704,2:38:02
22.8%,11430000,-600813.8518022378,300.47638817800834,704,2:38:01
22.8%,11435000,-598755.0713882139,296.0471454510846,704,2:37:59
22.9%,11440000,-598640.7896210421,300.1283270100728,704,2:37:58
22.9%,11445000,-599847.3085010569,299.4985639538229,704,2:37:57
22.9%,11450000,-599679.5916899866,299.3423681928808,704,2:37:56
22.9%,11455000,-599386.6418327801,300.1296517424571,704,2:37:55
22.9%,11460000,-599308.4953064085,298.666067778612,704,2:37:53
22.9%,11465000,-600002.3866401971,299.7828907748247,704,2:37:52
22.9%,11470000,-598799.3383149644,300.7688596499654,704,2:37:51
22.9%,11475000,-598093.3805546802,299.9999506292011,704,2:37:50
22.9%,11480000,-600574.6703270329,297.5782417023668,704,2:37:48
22.9%,11485000,-598631.6397783137,304.21252601504744,704,2:37:47
23.0%,11490000,-600485.8109227405,301.97424345927703,704,2:37:46
23.0%,11495000,-600823.6528773536,302.1568848037428,704,2:37:45
23.0%,11500000,-599265.1522085345,298.30191356541525,704,2:37:43
23.0%,11505000,-599280.2991177272,300.15617092222436,704,2:37:42
23.0%,11510000,-599227.6740048276,299.21607703891044,704,2:37:41
23.0%,11515000,-597517.0112333787,298.3504870861731,704,2:37:40
23.0%,11520000,-599401.9337329054,300.6098672317676,704,2:37:39
23.0%,11525000,-597458.0091084754,297.852461305918,704,2:37:37
23.0%,11530000,-599721.4762275848,302.2788092472612,704,2:37:36
23.0%,11535000,-600032.9429301205,301.16672094271837,704,2:37:35
23.1%,11540000,-599456.3881377559,299.55054743386626,704,2:37:34
23.1%,11545000,-601654.0706020123,300.0121185414718,704,2:37:32
23.1%,11550000,-600349.9118849332,299.35983503468873,704,2:37:31
23.1%,11555000,-600427.1582978475,300.0349088448981,704,2:37:30
23.1%,11560000,-599582.427708582,302.58359582397617,704,2:37:29
23.1%,11565000,-598688.0370873278,300.6136206401898,704,2:37:27
23.1%,11570000,-600829.9720855951,303.1752360260555,704,2:37:26
23.1%,11575000,-599905.6455772785,299.3243371132056,704,2:37:25
23.1%,11580000,-599625.6605199501,299.447929738245,704,2:37:23
23.1%,11585000,-599927.8446613653,301.04908961340834,704,2:37:22
23.2%,11590000,-599369.8477799012,301.9860433903298,704,2:37:21
23.2%,11595000,-599127.7442781874,301.33358815897844,704,2:37:20
23.2%,11600000,-599611.9071823489,301.384565823693,704,2:37:18
23.2%,11605000,-599619.2803357742,301.49792857087584,704,2:37:17
23.2%,11610000,-599433.991860623,301.02855626145157,704,2:37:16
23.2%,11615000,-598429.4429543745,300.42141178405967,704,2:37:15
23.2%,11620000,-599651.8605193342,300.9817735826207,704,2:37:13
23.2%,11625000,-599943.3857038431,299.61092088567693,704,2:37:12
23.2%,11630000,-599974.227214226,300.42624460405426,704,2:37:11
23.2%,11635000,-600887.2255582651,297.1879608227019,704,2:37:10
23.3%,11640000,-599826.5746546364,299.61354581836434,704,2:37:09
23.3%,11645000,-599546.8844042295,300.6171532598813,704,2:37:07
23.3%,11650000,-599511.7684466713,298.8818519647665,704,2:37:06
23.3%,11655000,-598837.5209155018,299.7222720022021,704,2:37:05
23.3%,11660000,-598585.8733782535,301.5340643264699,704,2:37:04
23.3%,11665000,-598291.6779921055,302.27064006422466,704,2:37:02
23.3%,11670000,-598221.8126648236,301.9913668519482,704,2:37:01
23.3%,11675000,-598631.5985932196,301.9291289619671,704,2:37:00
23.3%,11680000,-599978.7495213207,301.14029989127584,704,2:36:59
23.3%,11685000,-599073.055315413,298.2155606396235,704,2:36:57
23.4%,11690000,-599816.4281738745,301.45821113142784,704,2:36:56
23.4%,11695000,-599681.2062778422,299.1173354121173,704,2:36:55
23.4%,11700000,-600043.2087428402,298.10173178289807,704,2:36:54
23.4%,11705000,-599574.6076528947,298.03117751739325,704,2:36:53
23.4%,11710000,-598849.624632021,298.6845649678299,704,2:36:51
23.4%,11715000,-599329.906192359,297.66260752958215,704,2:36:50
23.4%,11720000,-599644.2329621166,298.899907576523,704,2:36:49
23.4%,11725000,-599366.58852513,300.3792656685738,704,2:36:47
23.4%,11730000,-598825.520330782,298.6415111653399,704,2:36:46
23.4%,11735000,-600792.9656467629,299.3748486683775,704,2:36:45
23.5%,11740000,-599703.9156784224,299.56767082653744,704,2:36:44
23.5%,11745000,-599271.418955232,301.1943195340581,704,2:36:42
23.5%,11750000,-599363.4089867892,300.96384063127016,704,2:36:41
23.5%,11755000,-598164.3111308296,300.2035423710039,704,2:36:40
23.5%,11760000,-600312.83793162,301.0049318672649,704,2:36:39
23.5%,11765000,-600035.8435751642,300.03731298885475,704,2:36:38
23.5%,11770000,-599855.2952801785,302.80006690840406,704,2:36:37
23.5%,11775000,-599350.7037641224,299.1569547232406,704,2:36:35
23.5%,11780000,-599700.1856479859,297.281943225744,704,2:36:34
23.5%,11785000,-599821.7477345355,301.1990296936467,704,2:36:33
23.6%,11790000,-598351.2207270842,299.8734141544188,704,2:36:32
23.6%,11795000,-600379.3674785895,301.9555009492472,704,2:36:30
23.6%,11800000,-600459.7695118329,302.14471689147217,704,2:36:29
23.6%,11805000,-600008.7304013297,300.56705875008964,704,2:36:28
23.6%,11810000,-599862.5674699731,302.0823072769226,704,2:36:27
23.6%,11815000,-598703.0145007689,298.98618690607117,704,2:36:25
23.6%,11820000,-599638.1827721358,300.5987051348258,704,2:36:24
23.6%,11825000,-599184.3009447041,300.3439640037402,704,2:36:23
23.6%,11830000,-598284.7858899874,301.7361105471576,704,2:36:22
23.6%,11835000,-600807.1146734646,300.2403895569525,704,2:36:20
23.7%,11840000,-598852.0351697896,303.3045446260124,704,2:36:19
23.7%,11845000,-599976.9750530063,297.6042947725915,704,2:36:18
23.7%,11850000,-600230.3877429753,302.43019672028987,704,2:36:17
23.7%,11855000,-598195.81855124,301.2569499373383,704,2:36:16
23.7%,11860000,-599175.2243980397,298.82356373985715,704,2:36:14
23.7%,11865000,-599870.8033315446,301.54323932483527,704,2:36:13
23.7%,11870000,-598699.1702054259,297.9885407602835,704,2:36:12
23.7%,11875000,-600270.588780507,301.4648347933494,704,2:36:10
23.7%,11880000,-600609.9693839247,299.72855221498696,704,2:36:09
23.7%,11885000,-599783.6195816728,300.0738412577479,704,2:36:08
23.8%,11890000,-600540.5999924685,298.617224404961,704,2:36:07
23.8%,11895000,-600486.9408997674,299.9899906042376,704,2:36:06
23.8%,11900000,-599131.1421106942,301.4388798514495,704,2:36:04
23.8%,11905000,-599900.8914114903,302.95584562396584,704,2:36:03
23.8%,11910000,-600396.0436836667,298.55420148838175,704,2:36:02
23.8%,11915000,-600613.9602852515,299.07796142180604,704,2:36:01
23.8%,11920000,-598863.4809639482,300.9529238551403,704,2:35:59
23.8%,11925000,-599712.3573009674,299.5220656876037,704,2:35:58
23.8%,11930000,-600804.0087034516,298.6323116348934,704,2:35:57
23.8%,11935000,-599005.3238138137,300.16998248393486,704,2:35:56
23.9%,11940000,-599946.9195895614,301.14721793817165,704,2:35:54
23.9%,11945000,-599457.3125613932,301.06653192313496,704,2:35:53
23.9%,11950000,-599803.9420874221,301.0184981081633,704,2:35:52
23.9%,11955000,-600057.2095716852,301.656970053236,704,2:35:51
23.9%,11960000,-599106.2013152814,299.8741010526922,704,2:35:49
23.9%,11965000,-599045.7696599239,303.41852067522495,704,2:35:48
23.9%,11970000,-600007.8698481037,299.64121800594756,704,2:35:47
23.9%,11975000,-599520.47759736,301.92007662400766,704,2:35:46
23.9%,11980000,-599514.4059202485,298.68731256092326,704,2:35:44
23.9%,11985000,-599325.0162995812,302.10073086989695,704,2:35:43
24.0%,11990000,-599907.2611328028,301.4197693602018,704,2:35:42
24.0%,11995000,-599568.2433322114,300.87837086040133,704,2:35:40
24.0%,12000000,-600350.5051409239,301.2525832268863,704,2:35:39
24.0%,12005000,-598531.5598266851,301.09543071477776,704,2:35:38
24.0%,12010000,-599618.8501031902,299.90812704930386,704,2:35:37
24.0%,12015000,-598914.5878947,301.72448234067315,704,2:35:35
24.0%,12020000,-600135.5167109803,299.7334586312251,704,2:35:34
24.0%,12025000,-598842.4240214871,298.9228450724364,704,2:35:33
24.0%,12030000,-597807.2031586259,303.05630449644235,704,2:35:32
24.0%,12035000,-599470.9509813678,301.6030730708597,704,2:35:30
24.1%,12040000,-599094.9382516309,299.0384157069264,704,2:35:29
24.1%,12045000,-600224.9025940867,300.289944360958,704,2:35:28
24.1%,12050000,-599732.1478647417,297.58685246286484,704,2:35:26
24.1%,12055000,-600703.8873397033,300.80227234454736,704,2:35:25
24.1%,12060000,-599308.9896753957,299.7829153069058,704,2:35:24
24.1%,12065000,-600316.4807389406,298.32835914893894,704,2:35:23
24.1%,12070000,-598474.629419202,301.5981175904592,704,2:35:21
24.1%,12075000,-596912.5397636839,301.4520045148866,704,2:35:20
24.1%,12080000,-599584.5851336862,301.10141654258837,704,2:35:19
24.1%,12085000,-599431.9191313204,301.59230348721695,704,2:35:18
24.2%,12090000,-599401.6115228548,298.6196040168365,704,2:35:16
24.2%,12095000,-599464.5354652745,301.96774245776146,704,2:35:15
24.2%,12100000,-599679.8223674265,299.747196596692,704,2:35:14
24.2%,12105000,-599955.4030678719,300.063562315729,704,2:35:13
24.2%,12110000,-598201.944589314,301.044943691687,704,2:35:11
24.2%,12115000,-599597.9820509506,299.2324644691459,704,2:35:10
24.2%,12120000,-599641.1388825569,299.69810790222914,704,2:35:09
24.2%,12125000,-598807.102820578,301.7079477179505,704,2:35:08
24.2%,12130000,-599916.1913853297,299.36910816137885,704,2:35:06
24.2%,12135000,-599963.6063508564,301.1235444798225,704,2:35:05
24.3%,12140000,-600199.6213396224,299.8408110185162,704,2:35:04
24.3%,12145000,-600028.8852043189,301.59198457016146,704,2:35:03
24.3%,12150000,-599322.9125713077,303.8387552260239,704,2:35:01
24.3%,12155000,-599917.5002688039,296.6709472116051,704,2:35:00
24.3%,12160000,-599792.5164203211,301.53224895246177,704,2:34:59
24.3%,12165000,-600037.5528667453,300.49498349555097,704,2:34:58
24.3%,12170000,-598846.6478774427,300.27488166310684,704,2:34:57
24.3%,12175000,-599065.9269164121,298.25108309318784,704,2:34:55
24.3%,12180000,-599504.0584929925,301.2487316901393,704,2:34:54
24.3%,12185000,-599656.0612835563,298.9843469999818,704,2:34:53
24.4%,12190000,-598875.6712281783,303.04322889716764,704,2:34:52
24.4%,12195000,-599580.257583084,297.6061837428432,704,2:34:50
24.4%,12200000,-599802.7106430191,301.5513103795471,704,2:34:49
24.4%,12205000,-599054.1523080086,300.92512900715104,704,2:34:48
24.4%,12210000,-599799.5476062628,301.5107833814198,704,2:34:47
24.4%,12215000,-599214.6460195989,302.06542920506337,704,2:34:45
24.4%,12220000,-600745.8982669553,298.8247658118355,704,2:34:44
24.4%,12225000,-599447.7509160186,298.74638581243073,704,2:34:43
24.4%,12230000,-599185.3789056917,300.43139634110435,704,2:34:42
24.4%,12235000,-599227.1991612175,301.0944984956925,704,2:34:40
24.5%,12240000,-598954.8139804313,300.1876946465546,704,2:34:39
24.5%,12245000,-599143.8964701681,299.4706219133466,704,2:34:38
24.5%,12250000,-599474.5932793962,299.6428616553874,704,2:34:36
24.5%,12255000,-599562.44395437,297.79311820151736,704,2:34:35
24.5%,12260000,-600893.1778219491,301.48281680886225,704,2:34:34
24.5%,12265000,-600175.1867309716,298.99847747874776,704,2:34:33
24.5%,12270000,-601558.0529840952,300.97954116323234,704,2:34:32
24.5%,12275000,-598938.3126346203,299.87677504954195,704,2:34:30
24.5%,12280000,-599578.9576719771,302.46775533659303,704,2:34:29
24.5%,12285000,-599493.1826378531,303.180706680161,704,2:34:28
24.6%,12290000,-599332.4355695685,305.3276317655768,704,2:34:27
24.6%,12295000,-598956.5398521447,300.6019924337054,704,2:34:25
24.6%,12300000,-599138.9887970863,298.1574932034448,704,2:34:24
24.6%,12305000,-599872.9593863916,300.6485297917244,704,2:34:23
24.6%,12310000,-598984.1222924781,300.98834818037983,704,2:34:22
24.6%,12315000,-600286.2542587188,302.29053558207045,704,2:34:20
24.6%,12320000,-600587.644003896,299.07742171601984,704,2:34:19
24.6%,12325000,-598842.6775830728,301.7556380837855,704,2:34:18
24.6%,12330000,-598714.2128910739,301.41579516304887,704,2:34:17
24.6%,12335000,-601137.5585678811,300.83136739283964,704,2:34:15
24.7%,12340000,-600422.7750245691,298.0913792446355,704,2:34:14
24.7%,12345000,-599152.1627561138,299.5105601415252,704,2:34:13
24.7%,12350000,-599137.1568638235,299.295462853644,704,2:34:11
24.7%,12355000,-600254.9887039177,298.4140251764573,704,2:34:10
24.7%,12360000,-598442.8558227019,298.12547883749073,704,2:34:09
24.7%,12365000,-599598.8263243907,300.92802379273155,704,2:34:08
24.7%,12370000,-599099.0194314765,299.8107837511386,704,2:34:07
24.7%,12375000,-600452.4702169104,302.2481932099351,704,2:34:05
24.7%,12380000,-599740.492371717,298.5748084365821,704,2:34:04
24.7%,12385000,-599186.6582715628,300.1680199174395,704,2:34:03
24.8%,12390000,-598919.5699153137,301.43053894384457,704,2:34:01
24.8%,12395000,-599589.1784712547,299.7300241398584,704,2:34:00
24.8%,12400000,-599360.2314033974,300.2072221831825,704,2:33:59
24.8%,12405000,-599362.6136423294,299.73527400523324,704,2:33:58
24.8%,12410000,-598971.2952436954,301.76302224022396,704,2:33:56
24.8%,12415000,-599985.9298072564,297.7931917977609,704,2:33:55
24.8%,12420000,-598657.8336925581,302.93450271332983,704,2:33:54
24.8%,12425000,-597657.4130317313,299.77467252762574,704,2:33:53
24.8%,12430000,-599789.4247714006,300.490616785099,704,2:33:51
24.8%,12435000,-598776.7223218828,299.17231180606603,704,2:33:50
24.9%,12440000,-600761.1336776004,297.7652252252034,704,2:33:49
24.9%,12445000,-598177.7753338534,300.3231607988904,704,2:33:48
24.9%,12450000,-599861.3965105782,301.69663842852157,704,2:33:46
24.9%,12455000,-598829.0081870896,294.71115284151296,704,2:33:45
24.9%,12460000,-599286.4512634911,300.16188689714187,704,2:33:44
24.9%,12465000,-599686.2970755044,300.28754021700126,704,2:33:43
24.9%,12470000,-598638.0463925228,299.77467252762574,704,2:33:42
24.9%,12475000,-599574.3307326352,299.33645596131385,704,2:33:40
24.9%,12480000,-599647.502145601,301.18291211630435,704,2:33:39
24.9%,12485000,-599166.1055937577,297.39628725617445,704,2:33:38
25.0%,12490000,-599010.7118800022,300.22243207352085,704,2:33:36
25.0%,12495000,-600916.1371661332,299.37901912217995,704,2:33:35
25.0%,12500000,-598377.7758551794,297.07521137754884,704,2:33:34
25.0%,12505000,-599982.100799873,301.06034983867494,704,2:33:33
25.0%,12510000,-598904.2667050948,301.2429175868971,704,2:33:31
25.0%,12515000,-598545.7097155126,300.602973716953,704,2:33:30
25.0%,12520000,-598660.9706933899,297.7353696823941,704,2:33:29
25.0%,12525000,-599919.8898593294,298.935773479224,704,2:33:28
25.0%,12530000,-598644.5676199426,301.54142395082715,704,2:33:26
25.0%,12535000,-600315.9381369059,298.24492554080894,704,2:33:25
25.1%,12540000,-598359.273978015,299.9804476246544,704,2:33:24
25.1%,12545000,-599646.0848944332,298.6520844923332,704,2:33:23
25.1%,12550000,-599860.4416120271,300.9492195108804,704,2:33:21
25.1%,12555000,-599047.0339317936,299.69038029665404,704,2:33:20
25.1%,12560000,-600634.394730249,299.671220741244,704,2:33:19
25.1%,12565000,-598692.617407532,298.0030146881861,704,2:33:18
25.1%,12570000,-599295.2415754362,299.5024645547322,704,2:33:17
25.1%,12575000,-601198.2032177937,299.6318958150951,704,2:33:15
25.1%,12580000,-600940.8524871632,299.86647157544184,704,2:33:14
25.1%,12585000,-599506.0826802133,298.80406073531043,704,2:33:13
25.2%,12590000,-600132.5648284005,302.4915269232669,704,2:33:12
25.2%,12595000,-599007.9008523189,300.6362392190478,704,2:33:10
25.2%,12600000,-599460.807624869,298.25289846719596,704,2:33:09
25.2%,12605000,-599267.5674438095,300.6892775785824,704,2:33:08
25.2%,12610000,-598486.0271951575,296.9176172879789,704,2:33:07
25.2%,12615000,-600035.7195191449,295.98996116982875,704,2:33:06
25.2%,12620000,-600114.7584052212,296.3852711261378,704,2:33:04
25.2%,12625000,-600164.9448179104,299.71280261886244,704,2:33:03
25.2%,12630000,-601721.835745946,300.95167271899953,704,2:33:02
25.2%,12635000,-600344.9331296138,301.4345376730787,704,2:33:00
25.3%,12640000,-599159.8718043827,300.9524822776788,704,2:32:59
25.3%,12645000,-598607.0110404454,300.6140376855701,704,2:32:58
25.3%,12650000,-599675.8681949945,301.07659007642326,704,2:32:57
25.3%,12655000,-599020.3898132816,300.3921940753614,704,2:32:56
25.3%,12660000,-600407.8807993657,299.2689191417955,704,2:32:54
25.3%,12665000,-600704.0989582026,298.7304890238191,704,2:32:53
25.3%,12670000,-598980.544074554,300.11503062206737,704,2:32:52
25.3%,12675000,-600684.6559473309,298.740890626244,704,2:32:51
25.3%,12680000,-598658.8027348663,301.0379765806289,704,2:32:49
25.3%,12685000,-599773.0331408042,297.3889766959796,704,2:32:48
25.4%,12690000,-599649.0600963295,301.2229975369701,704,2:32:47
25.4%,12695000,-599966.7621645858,301.2911967226807,704,2:32:46
25.4%,12700000,-598469.8710144656,299.73017133234555,704,2:32:44
25.4%,12705000,-599357.6659757509,301.54100690544686,704,2:32:43
25.4%,12710000,-598453.5365005536,300.12673242479536,704,2:32:42
25.4%,12715000,-599151.1441548788,300.87797834710227,704,2:32:41
25.4%,12720000,-599381.7682467247,300.16115093470614,704,2:32:40
25.4%,12725000,-599883.036045522,300.80943571225504,704,2:32:38
25.4%,12730000,-600432.5540553913,300.4989331606227,704,2:32:37
25.4%,12735000,-599779.9067636076,298.53393798931813,704,2:32:36
25.5%,12740000,-598354.1549919965,299.16294055105107,704,2:32:35
25.5%,12745000,-600652.3770069713,302.0927579435099,704,2:32:33
25.5%,12750000,-600121.0612434233,298.91712909751897,704,2:32:32
25.5%,12755000,-599317.6379640521,298.5652654569989,704,2:32:31
25.5%,12760000,-598773.2490093117,299.628927433271,704,2:32:30
25.5%,12765000,-599664.1748554809,302.574322697286,704,2:32:29
25.5%,12770000,-599446.2054040483,299.949537202354,704,2:32:27
25.5%,12775000,-599115.0636378368,301.02345358856394,704,2:32:26
25.5%,12780000,-600726.6175122228,302.01975046988605,704,2:32:25
25.5%,12785000,-599970.494200788,300.59644818335624,704,2:32:24
25.6%,12790000,-599743.7417675708,298.90697281590593,704,2:32:22
25.6%,12795000,-598794.1282574423,298.42123760832743,704,2:32:21
25.6%,12800000,-599174.8951471578,298.6438907772154,704,2:32:20
25.6%,12805000,-599311.55871097,300.2221376885465,704,2:32:19
25.6%,12810000,-600520.5967642963,299.41402640203927,704,2:32:18
25.6%,12815000,-598880.079688842,299.73188857802893,704,2:32:16
25.6%,12820000,-599199.9372661221,302.3548586989528,704,2:32:15
25.6%,12825000,-599593.9558259565,298.18057789184536,704,2:32:14
25.6%,12830000,-599675.9942598795,300.35632817266037,704,2:32:13
25.6%,12835000,-598959.0908498974,298.12047429292784,704,2:32:11
25.7%,12840000,-600309.8609826085,302.90153159620934,704,2:32:10
25.7%,12845000,-599565.3504891647,300.5749090160707,704,2:32:09
25.7%,12850000,-599392.2683369857,297.45462454524625,704,2:32:08
25.7%,12855000,-599360.997408797,297.76191339424264,704,2:32:07
25.7%,12860000,-599562.239938525,298.26246597886035,704,2:32:05
25.7%,12865000,-599347.2160666324,301.91578350979927,704,2:32:04
25.7%,12870000,-598816.017886091,302.49974517046587,704,2:32:03
25.7%,12875000,-597432.7229565196,301.129015133928,704,2:32:01
25.7%,12880000,-599305.9089823444,299.86394477107916,704,2:32:00
25.7%,12885000,-600834.9893510542,297.689077645187,704,2:31:59
25.8%,12890000,-598957.0876988596,299.5871983631654,704,2:31:58
25.8%,12895000,-600421.0492587485,300.2699752468687,704,2:31:56
25.8%,12900000,-599846.0164586124,300.5764054730233,704,2:31:55
25.8%,12905000,-599831.3621807918,301.7920191601915,704,2:31:54
25.8%,12910000,-598669.0463783806,300.0958955987385,704,2:31:53
25.8%,12915000,-598672.9156379318,299.21590531434214,704,2:31:52
25.8%,12920000,-600703.129686099,300.0398397932175,704,2:31:50
25.8%,12925000,-600328.183230787,301.41160017716527,704,2:31:49
25.8%,12930000,-599051.0365268541,301.9725998098373,704,2:31:48
25.8%,12935000,-599262.6279953243,303.73913044430793,704,2:31:47
25.9%,12940000,-599957.9369225237,297.13055575271534,704,2:31:45
25.9%,12945000,-600022.9634492048,301.1766809676819,704,2:31:44
25.9%,12950000,-597701.453615379,300.4360329044494,704,2:31:43
25.9%,12955000,-599421.7057612957,299.67097542043206,704,2:31:42
25.9%,12960000,-599926.2953846762,299.7714833570709,704,2:31:41
25.9%,12965000,-600027.4778128467,302.82881850755973,704,2:31:39
25.9%,12970000,-599698.9418059713,298.7183456436296,704,2:31:38
25.9%,12975000,-599701.2405691491,298.3206070112827,704,2:31:37
25.9%,12980000,-599878.5470200758,298.567473344306,704,2:31:36
25.9%,12985000,-599855.2447109977,300.45489807488514,704,2:31:34
26.0%,12990000,-599427.121435632,300.5433116954969,704,2:31:33
26.0%,12995000,-597576.9249522188,302.2438755636455,704,2:31:32
26.0%,13000000,-600214.31698668,299.44319504657517,704,2:31:30
26.0%,13005000,-600342.4657650096,297.09510689539457,704,2:31:29
26.0%,13010000,-598223.8608188285,299.13526836346784,704,2:31:28
26.0%,13015000,-598421.4353519939,299.0137364332485,704,2:31:27
26.0%,13020000,-599401.3000706709,300.9760821397844,704,2:31:26
26.0%,13025000,-600752.9582080827,300.8943657773377,704,2:31:24
26.0%,13030000,-599697.4443576736,297.51639632568475,704,2:31:23
26.0%,13035000,-598493.6212294241,298.5699265524251,704,2:31:22
26.1%,13040000,-599895.645126062,301.4971926084401,704,2:31:21
26.1%,13045000,-599892.370927406,301.34178187409617,704,2:31:19
26.1%,13050000,-600757.2396775717,298.61867179775123,704,2:31:18
26.1%,13055000,-600079.2688295399,298.2856733276669,704,2:31:17
26.1%,13060000,-599482.003161592,297.37558217964937,704,2:31:16
26.1%,13065000,-599597.2025765586,299.26705470362504,704,2:31:14
26.1%,13070000,-598946.79639953,301.02394423018774,704,2:31:13
26.1%,13075000,-600479.0508194133,299.79307158851884,704,2:31:12
26.1%,13080000,-599298.3562283344,299.4486902327619,704,2:31:11
26.1%,13085000,-598851.1709540067,300.33873867044656,704,2:31:09
26.2%,13090000,-601147.1003922019,298.6239216631261,704,2:31:08
26.2%,13095000,-600025.0458417842,300.62154450241445,704,2:31:07
26.2%,13100000,-600510.2850861466,300.2940412185169,704,2:31:06
26.2%,13105000,-599038.4752048771,300.44562494819496,704,2:31:04
26.2%,13110000,-597541.032829476,301.19208711466973,704,2:31:03
26.2%,13115000,-597854.6616240432,298.63773322483655,704,2:31:02
26.2%,13120000,-598061.1197706233,297.8894556843538,704,2:31:01
26.2%,13125000,-599365.36612305,299.98775818484927,704,2:30:59
26.2%,13130000,-598379.446514037,296.4742244525358,704,2:30:58
26.2%,13135000,-599199.0014634817,301.645145590102,704,2:30:57
26.3%,13140000,-599046.9058619649,300.8561202627612,704,2:30:55
26.3%,13145000,-598284.3542660782,299.91303346554207,704,2:30:54
26.3%,13150000,-600231.130449371,301.15251686770887,704,2:30:53
26.3%,13155000,-598644.1082868059,300.11777821516074,704,2:30:52
26.3%,13160000,-598345.8723599054,302.89934824098333,704,2:30:51
26.3%,13165000,-599017.3680289364,301.8547476917965,704,2:30:49
26.3%,13170000,-599542.7821680387,298.4705961556834,704,2:30:48
26.3%,13175000,-599775.3719082391,299.681499683263,704,2:30:47
26.3%,13180000,-601291.0469716261,300.47437654735063,704,2:30:46
26.3%,13185000,-599358.1865535849,301.2974769354655,704,2:30:44
26.4%,13190000,-600704.1837512897,298.89995664068533,704,2:30:43
26.4%,13195000,-599833.945483557,300.44523243489596,704,2:30:42
26.4%,13200000,-598465.5405500536,301.88369554760163,704,2:30:40
26.4%,13205000,-600452.6931303707,299.37332767934373,704,2:30:39
26.4%,13210000,-599716.7456034054,301.12746961281306,704,2:30:38
26.4%,13215000,-600205.3357288972,299.2545924063801,704,2:30:37
26.4%,13220000,-599654.5674386686,300.77146005057165,704,2:30:36
26.4%,13225000,-598878.8012495665,299.39942981373076,704,2:30:34
26.4%,13230000,-600538.6353868162,297.2971040519199,704,2:30:33
26.4%,13235000,-600306.0102095795,299.0223226616652,704,2:30:32
26.5%,13240000,-599142.1542411186,298.2110467366844,704,2:30:31
26.5%,13245000,-599361.5244117253,302.8320076781145,704,2:30:29
26.5%,13250000,-600134.9612073288,298.1745675319536,704,2:30:28
26.5%,13255000,-600420.0308466414,299.0413104925069,704,2:30:27
26.5%,13260000,-599250.9739299761,300.55292827132376,704,2:30:26
26.5%,13265000,-599772.2240431109,298.60508102477155,704,2:30:24
26.5%,13270000,-598784.7809095173,302.8634823382824,704,2:30:23
26.5%,13275000,-599655.3081624117,303.5143184522752,704,2:30:22
26.5%,13280000,-598721.1969974358,299.06650493988997,704,2:30:21
26.5%,13285000,-599222.615619354,301.92392816075466,704,2:30:19
26.6%,13290000,-598028.374493367,298.2572161134855,704,2:30:18
26.6%,13295000,-599329.9806081299,300.5666662367906,704,2:30:17
26.6%,13300000,-598752.2695676829,299.7425355012657,704,2:30:15
26.6%,13305000,-599761.4075037423,301.54061439214786,704,2:30:14
26.6%,13310000,-599536.3645401541,300.99305833996846,704,2:30:13
26.6%,13315000,-599425.1086193626,300.11875949840834,704,2:30:12
26.6%,13320000,-599755.3310479992,302.1823981681813,704,2:30:11
26.6%,13325000,-600141.1130175064,300.6283644209855,704,2:30:09
26.6%,13330000,-599008.1626031296,298.0420452293607,704,2:30:08
26.6%,13335000,-601005.7898143367,299.90228841398044,704,2:30:07
26.7%,13340000,-600009.6176734446,301.32863267857783,704,2:30:06
26.7%,13345000,-600925.1562548964,299.2511088508509,704,2:30:04
26.7%,13350000,-600785.8409429854,301.30186817799864,704,2:30:03
26.7%,13355000,-599989.8661792381,301.1384845172677,704,2:30:02
26.7%,13360000,-599787.0157442535,300.20930741008374,704,2:30:01
26.7%,13365000,-598783.1257880628,300.15923743237323,704,2:29:59
26.7%,13370000,-599709.5985121992,298.7660114773834,704,2:29:58
26.7%,13375000,-600144.9465256445,300.142629213407,704,2:29:57
26.7%,13380000,-599182.9270566665,298.18656371965596,704,2:29:56
26.7%,13385000,-598111.7531751376,300.93023168003873,704,2:29:54
26.8%,13390000,-600751.3457509321,301.6484328889816,704,2:29:53
26.8%,13395000,-598663.6145218792,301.36111315407453,704,2:29:52
26.8%,13400000,-600054.4218578702,299.4064459889513,704,2:29:51
26.8%,13405000,-598585.954370054,303.64612932451354,704,2:29:49
26.8%,13410000,-599697.6596875894,302.35267534372684,704,2:29:48
26.8%,13415000,-600576.885838768,299.64399013112217,704,2:29:47
26.8%,13420000,-600155.1341298372,304.4789689488611,704,2:29:46
26.8%,13425000,-598859.8560516667,301.11275036409853,704,2:29:45
26.8%,13430000,-598216.2263674098,301.7054209135879,704,2:29:43
26.8%,13435000,-598303.2977974429,299.11412170948137,704,2:29:42
26.9%,13440000,-600977.1253906148,298.76728714560534,704,2:29:41
26.9%,13445000,-599647.8615712174,299.9539529769683,704,2:29:39
26.9%,13450000,-598665.7140630148,300.62340894058497,704,2:29:38
26.9%,13455000,-598612.8797212862,300.0995263467547,704,2:29:37
26.9%,13460000,-599918.0603271169,301.5147821106539,704,2:29:36
26.9%,13465000,-599460.4636727073,300.28930652684704,704,2:29:35
26.9%,13470000,-597782.1338935359,297.65622918847254,704,2:29:33
26.9%,13475000,-598525.5413953862,302.9001577996627,704,2:29:32
26.9%,13480000,-598822.4470927217,300.433407971762,704,2:29:31
26.9%,13485000,-600032.329629235,299.2956100461311,704,2:29:30
27.0%,13490000,-599170.7680758908,300.26298360372925,704,2:29:28
27.0%,13495000,-598181.9501444874,299.9417850646976,704,2:29:27
27.0%,13500000,-598829.3623656547,300.40507341798656,704,2:29:26
27.0%,13505000,-599251.8759756936,298.44643205571043,704,2:29:25
27.0%,13510000,-601396.0877128998,302.87982070435544,704,2:29:23
27.0%,13515000,-599409.5876683136,300.5051152450828,704,2:29:22
27.0%,13520000,-599256.5575090381,302.3686211965009,704,2:29:21
27.0%,13525000,-599299.5810539988,299.35551738839916,704,2:29:19
27.0%,13530000,-600832.8847707193,300.8719925192917,704,2:29:18
27.0%,13535000,-599639.0991802523,298.7524697685661,704,2:29:17
27.1%,13540000,-600385.0127939447,297.9487006604296,704,2:29:16
27.1%,13545000,-599766.9595020567,297.39918204175495,704,2:29:14
27.1%,13550000,-600012.8553025126,298.4836962870393,704,2:29:13
27.1%,13555000,-599772.4351179372,298.9125170662551,704,2:29:12
27.1%,13560000,-600309.5813106876,300.15413475948554,704,2:29:11
27.1%,13565000,-598935.7906188485,299.9096971025001,704,2:29:09
27.1%,13570000,-599205.3799674707,296.39243449384554,704,2:29:08
27.1%,13575000,-599355.0704909759,299.8727517882267,704,2:29:07
27.1%,13580000,-598505.6696129353,296.93231200461224,704,2:29:05
27.1%,13585000,-599235.9024282233,299.9084214342781,704,2:29:04
27.2%,13590000,-597177.4007430207,302.60469341380025,704,2:29:03
27.2%,13595000,-599575.4913335191,298.14427041168295,704,2:29:02
27.2%,13600000,-599118.1342143989,301.522509716229,704,2:29:00
27.2%,13605000,-599208.3802578053,301.56100055161744,704,2:28:59
27.2%,13610000,-598330.3090850594,299.61128886689477,704,2:28:58
27.2%,13615000,-600844.373768317,300.67355251453904,704,2:28:57
27.2%,13620000,-600507.6375908563,304.323018508731,704,2:28:56
27.2%,13625000,-598659.5517686792,300.1610773384625,704,2:28:54
27.2%,13630000,-600254.3061743672,299.55596902380944,704,2:28:53
27.2%,13635000,-599333.119588939,298.1439760267087,704,2:28:52
27.3%,13640000,-598938.2350066672,300.1683633665762,704,2:28:51
27.3%,13645000,-599205.2592745046,302.41820053258755,704,2:28:49
27.3%,13650000,-599877.1194640221,304.31085059646034,704,2:28:48
27.3%,13655000,-599834.4802531982,299.36918175762247,704,2:28:47
27.3%,13660000,-599925.6962967911,302.03123148388335,704,2:28:46
27.3%,13665000,-599883.9828668796,300.5850652976837,704,2:28:44
27.3%,13670000,-599871.5979975858,298.1704706743947,704,2:28:43
27.3%,13675000,-598122.0721813967,302.5007264537135,704,2:28:42
27.3%,13680000,-601246.732051563,302.89790084819305,704,2:28:41
27.3%,13685000,-599892.6369593386,302.05414444771554,704,2:28:39
27.4%,13690000,-600327.4235852072,298.6783092871262,704,2:28:38
27.4%,13695000,-600068.2680539815,300.3038049868308,704,2:28:37
27.4%,13700000,-599993.5068143806,303.0786532224072,704,2:28:36
27.4%,13705000,-598944.382121075,299.5937238967621,704,2:28:35
27.4%,13710000,-598562.3765749512,300.16694050586716,704,2:28:33
27.4%,13715000,-599745.8912620205,304.45475578472576,704,2:28:32
27.4%,13720000,-599473.8914564871,300.62024430211136,704,2:28:31
27.4%,13725000,-599749.4442693312,299.15339757146785,704,2:28:30
27.4%,13730000,-599601.2150221132,299.83806342542283,704,2:28:28
27.4%,13735000,-599090.058496682,300.6367298606716,704,2:28:27
27.5%,13740000,-599307.6410766393,303.2735851395495,704,2:28:26
27.5%,13745000,-600516.4703664035,298.27541891772916,704,2:28:25
27.5%,13750000,-599445.0732889348,301.1444703450783,704,2:28:23
27.5%,13755000,-597604.9243449541,300.1128717989225,704,2:28:22
27.5%,13760000,-599921.0410317294,302.89691956494545,704,2:28:21
27.5%,13765000,-599747.6353834253,296.801163498566,704,2:28:20
27.5%,13770000,-599934.5327970586,300.5403187815917,704,2:28:19
27.5%,13775000,-600481.7199224844,299.52405278618016,704,2:28:17
27.5%,13780000,-599879.3022738979,302.24107890638976,704,2:28:16
27.5%,13785000,-599172.0787557508,300.5788341490612,704,2:28:15
27.6%,13790000,-599040.7000303031,298.9076597141793,704,2:28:14
27.6%,13795000,-600580.941455944,300.3693301756915,704,2:28:12
27.6%,13800000,-599840.1499201176,296.92941721903173,704,2:28:11
27.6%,13805000,-599177.8940021833,303.30022697972277,704,2:28:10
27.6%,13810000,-600532.8797720261,297.40487348459123,704,2:28:09
27.6%,13815000,-600145.1118136346,298.66496383495837,704,2:28:07
27.6%,13820000,-599509.4584028255,299.2319738275221,704,2:28:06
27.6%,13825000,-599006.8808198255,301.89650129398325,704,2:28:05
27.6%,13830000,-599787.8981933291,302.4837502535295,704,2:28:04
27.6%,13835000,-600595.1972958702,299.3395715356251,704,2:28:02
27.7%,13840000,-599013.2750598434,301.5006025677256,704,2:28:01
27.7%,13845000,-600469.937942585,300.870226209446,705,2:28:00
27.7%,13850000,-599636.6900362214,299.93761461089525,705,2:27:59
27.7%,13855000,-600050.082649482,299.50479510244537,704,2:27:58
27.7%,13860000,-598665.6508072256,301.0416073286451,704,2:27:56
27.7%,13865000,-598712.0292603564,302.08422077925553,704,2:27:55
27.7%,13870000,-599471.9280300527,300.75311005384094,704,2:27:54
27.7%,13875000,-598963.3956261752,295.4752535743638,704,2:27:53
27.7%,13880000,-599749.0467264899,300.42050409705564,704,2:27:51
27.7%,13885000,-600161.3813475589,302.0915313394504,705,2:27:50
27.8%,13890000,-599074.4224081822,299.2296187477278,705,2:27:49
27.8%,13895000,-599300.5196436797,301.36442498503527,705,2:27:48
27.8%,13900000,-599832.6937018163,298.4551409445332,705,2:27:46
27.8%,13905000,-599737.2530194637,300.49606290712336,704,2:27:45
27.8%,13910000,-599855.9930466753,302.8336267954731,704,2:27:44
27.8%,13915000,-599543.5368362325,302.6050368629369,704,2:27:43
27.8%,13920000,-598809.7395845638,301.7401828726353,704,2:27:42
27.8%,13925000,-601428.0302157444,300.33611373775915,704,2:27:40
27.8%,13930000,-599144.5740283411,298.7674834022549,704,2:27:39
27.8%,13935000,-600009.1386560653,299.174372500886,704,2:27:38
27.9%,13940000,-600178.9116590773,301.23251598447223,705,2:27:37
27.9%,13945000,-599799.1136214533,302.22179669057374,705,2:27:35
27.9%,13950000,-600882.5971515728,300.07283544241915,705,2:27:34
27.9%,13955000,-598890.5412820205,299.73848770786924,704,2:27:33
27.9%,13960000,-599667.8776911353,301.6538790110059,704,2:27:32
27.9%,13965000,-597871.6716158334,300.2222603489525,705,2:27:30
27.9%,13970000,-599518.8863100768,298.5464002865631,705,2:27:29
27.9%,13975000,-599337.4527106271,298.2993867610526,705,2:27:28
27.9%,13980000,-600415.6871533608,302.8197907016815,705,2:27:27
27.9%,13985000,-599836.2765377527,301.86313766356375,705,2:27:25
28.0%,13990000,-598690.0023756577,299.6939129163455,705,2:27:24
28.0%,13995000,-599372.7244602642,298.9525043585962,705,2:27:23
28.0%,14000000,-600603.34726664,301.42666287501646,705,2:27:22
28.0%,14005000,-599281.30590929,301.47332289344143,705,2:27:21
28.0%,14010000,-600002.9320290824,299.7670430503754,705,2:27:19
28.0%,14015000,-600228.025708661,301.48293946926816,705,2:27:18
28.0%,14020000,-600328.6199611807,300.23617003898767,705,2:27:17
28.0%,14025000,-599569.6391123002,301.4135627436605,705,2:27:16
28.0%,14030000,-600518.6380608431,301.6213004071845,705,2:27:14
28.0%,14035000,-601067.7964622625,299.8547452406326,705,2:27:13
28.1%,14040000,-599694.4339668495,299.8002840203889,705,2:27:12
28.1%,14045000,-600267.5155465626,297.0339484169858,705,2:27:11
28.1%,14050000,-599385.9902852285,299.84299437374216,705,2:27:09
28.1%,14055000,-599784.9888972901,300.61911582637657,705,2:27:08
28.1%,14060000,-599778.686845154,299.50072277696773,705,2:27:07
28.1%,14065000,-600411.9200233584,301.0075077357899,705,2:27:06
28.1%,14070000,-599010.4928425318,300.53624645611393,705,2:27:04
28.1%,14075000,-600687.9604433342,299.801191707393,705,2:27:03
28.1%,14080000,-599763.4068661407,300.4268088419216,705,2:27:02
28.1%,14085000,-600140.0067085209,298.5372252881977,705,2:27:01
28.2%,14090000,-600195.6098477999,301.9684293560348,705,2:26:59
28.2%,14095000,-600034.26143939,300.8357341032916,705,2:26:58
28.2%,14100000,-599585.2466773991,299.5890137371735,705,2:26:57
28.2%,14105000,-600036.375982393,299.5640891426836,705,2:26:56
28.2%,14110000,-598946.4112227559,299.79312065268124,705,2:26:55
28.2%,14115000,-600164.7534588701,299.0618438444637,705,2:26:53
28.2%,14120000,-599264.2768463483,300.86831270711303,705,2:26:52
28.2%,14125000,-599801.4242155557,298.1069325841105,705,2:26:51
28.2%,14130000,-600399.1419880013,300.24593380730164,705,2:26:50
28.2%,14135000,-599860.5556336325,301.44452223012337,705,2:26:48
28.3%,14140000,-599822.0941867065,300.3323603293369,705,2:26:47
28.3%,14145000,-599464.9515030617,300.57932479068506,705,2:26:46
28.3%,14150000,-600629.4183508982,301.48323385424254,705,2:26:45
28.3%,14155000,-599496.2304393565,299.1172618158738,705,2:26:44
28.3%,14160000,-601253.7921939446,298.2789515374206,705,2:26:42
28.3%,14165000,-600363.9598056446,302.0181804166898,705,2:26:41
28.3%,14170000,-598552.9825740955,301.3021380308918,705,2:26:40
28.3%,14175000,-599283.8137011616,300.1022003436045,705,2:26:39
28.3%,14180000,-600106.2580576031,302.3972010710882,705,2:26:37
28.3%,14185000,-599959.2080470687,299.2735311730594,705,2:26:36
28.4%,14190000,-599597.8315090528,300.45506979945344,705,2:26:35
28.4%,14195000,-600401.0963963848,298.24529352202677,705,2:26:34
28.4%,14200000,-600413.5181692401,300.29455639222186,705,2:26:32
28.4%,14205000,-600072.4416943807,301.6411713929491,705,2:26:31
28.4%,14210000,-598724.9896064452,298.7696667574808,705,2:26:30
28.4%,14215000,-599706.2610650919,298.73806943690704,705,2:26:29
28.4%,14220000,-599740.7920126673,300.03468805616734,705,2:26:28
28.4%,14225000,-599870.168589775,298.5399728812911,705,2:26:26
28.4%,14230000,-599968.8270954983,301.3801500490786,705,2:26:25
28.4%,14235000,-600548.4695111071,302.9010900187479,705,2:26:24
28.5%,14240000,-600620.4414763558,303.5682154346514,705,2:26:22
28.5%,14245000,-599152.2544180048,301.5927205325972,705,2:26:21
28.5%,14250000,-599906.4971863749,300.8726548854839,705,2:26:20
28.5%,14255000,-598680.9385884269,300.27659890879016,705,2:26:19
28.5%,14260000,-600816.6957709785,300.1025437927412,705,2:26:18
28.5%,14265000,-598465.8102114261,300.0205330453203,705,2:26:16
28.5%,14270000,-598635.400030375,300.95562238407126,705,2:26:15
28.5%,14275000,-599238.5436898721,298.9386927968857,705,2:26:14
28.5%,14280000,-599848.2128697941,299.71226291307624,705,2:26:12
28.5%,14285000,-598567.700355392,300.8540841000224,705,2:26:11
28.6%,14290000,-599394.2208460164,299.41316777919764,705,2:26:10
28.6%,14295000,-599687.8787520924,298.4390969634344,705,2:26:09
28.6%,14300000,-601347.5136792199,301.0386634789022,705,2:26:07
28.6%,14305000,-600712.590194778,301.87959869004277,705,2:26:06
28.6%,14310000,-600251.9851228897,298.3048819472393,705,2:26:05
28.6%,14315000,-599699.9114663787,298.1007995638128,705,2:26:04
28.6%,14320000,-598427.1562227989,300.15590106933126,705,2:26:02
28.6%,14325000,-598983.7391203465,299.3538982710405,705,2:26:01
28.6%,14330000,-599071.1576181194,300.6964409462901,705,2:26:00
28.6%,14335000,-598849.211921176,300.49454191808957,705,2:25:59
28.7%,14340000,-598548.8487150795,300.7338278380249,705,2:25:57
28.7%,14345000,-599818.7474774118,299.32254627127867,705,2:25:56
28.7%,14350000,-598274.4941297127,298.7728804601169,705,2:25:55
28.7%,14355000,-598689.1735484041,299.46534751589047,705,2:25:54
28.7%,14360000,-599871.9493215391,300.69521434223054,705,2:25:52
28.7%,14365000,-599180.1211471963,301.0278693631783,705,2:25:51
28.7%,14370000,-598737.8446996501,302.339845065264,705,2:25:50
28.7%,14375000,-599209.5817092969,301.05600766030415,705,2:25:49
28.7%,14380000,-599558.9471484143,300.0814462029171,705,2:25:47
28.7%,14385000,-599910.3350933897,300.66415672744296,705,2:25:46
28.8%,14390000,-600104.5039485884,302.30437167586206,705,2:25:45
28.8%,14395000,-599900.9801021507,297.05656699584375,705,2:25:44
28.8%,14400000,-600216.5177811864,301.4964811780855,705,2:25:42
28.8%,14405000,-601223.2060271697,299.85773815453786,705,2:25:41
28.8%,14410000,-599196.1810374619,299.63680223133326,705,2:25:40
28.8%,14415000,-600403.5540148569,301.5782220726134,705,2:25:39
28.8%,14420000,-599912.0218222863,300.5744429065281,705,2:25:37
28.8%,14425000,-598797.025268726,300.8407386478546,705,2:25:36
28.8%,14430000,-598895.0681878082,298.8687027692483,705,2:25:35
28.8%,14435000,-599714.4990332616,302.370829083808,705,2:25:34
28.9%,14440000,-599165.793337068,298.22449031717696,705,2:25:32
28.9%,14445000,-599750.0536802546,300.8840377711564,705,2:25:31
28.9%,14450000,-599844.9826331353,300.3946963476428,705,2:25:30
28.9%,14455000,-599400.8880129298,298.17208979175336,705,2:25:29
28.9%,14460000,-600514.0775245624,299.52716836049143,705,2:25:27
28.9%,14465000,-600017.2892641821,300.23145987939904,705,2:25:26
28.9%,14470000,-599842.9383472726,301.28881711080516,705,2:25:25
28.9%,14475000,-598355.7258707071,299.9899660721565,705,2:25:23
28.9%,14480000,-600049.2377635906,299.98785631317406,705,2:25:22
28.9%,14485000,-598308.4959236765,299.27730911356275,705,2:25:21
29.0%,14490000,-599918.6747816834,300.69258940954313,705,2:25:20
29.0%,14495000,-599780.8166830083,298.6239707272885,705,2:25:18
29.0%,14500000,-597996.3687602491,301.92463959110916,705,2:25:17
29.0%,14505000,-599912.1132558696,297.8126702702265,705,2:25:16
29.0%,14510000,-598911.5402328158,298.49306754205423,705,2:25:15
29.0%,14515000,-599735.1782276048,297.95763033798306,705,2:25:14
29.0%,14520000,-598815.872169367,299.5064878160475,705,2:25:12
29.0%,14525000,-599402.6314416518,299.77810701899244,705,2:25:11
29.0%,14530000,-598330.3477325882,302.6080297768422,705,2:25:10
29.0%,14535000,-599120.1379031772,302.6861399233538,705,2:25:09
29.1%,14540000,-598701.2092699665,300.6076348123793,705,2:25:07
29.1%,14545000,-599223.8055926245,302.55116441264187,705,2:25:06
29.1%,14550000,-599197.666831628,300.1966733882704,705,2:25:05
29.1%,14555000,-599641.4742227593,299.76696945413175,705,2:25:04
29.1%,14560000,-599156.746593391,300.0134678059373,705,2:25:02
29.1%,14565000,-599728.3693190846,298.97762520973555,705,2:25:01
29.1%,14570000,-599786.5968408766,299.7037748129842,705,2:25:00
29.1%,14575000,-599264.1711468571,300.4892920527147,705,2:24:58
29.1%,14580000,-599351.0226087351,301.2204952646887,705,2:24:57
29.1%,14585000,-598985.6195829036,297.8408085673523,705,2:24:56
29.2%,14590000,-599029.3042944814,299.77381390478405,705,2:24:55
29.2%,14595000,-598726.6424173987,299.2228478933191,705,2:24:53
29.2%,14600000,-599525.2891631983,301.1409377253868,705,2:24:52
29.2%,14605000,-598155.1507175653,301.3700918957904,705,2:24:51
29.2%,14610000,-599014.009808098,296.6054465548255,705,2:24:50
29.2%,14615000,-600417.1473243325,300.35117643561034,705,2:24:48
29.2%,14620000,-598883.908718795,300.0803422592635,705,2:24:47
29.2%,14625000,-598653.0343958735,301.06103673694827,705,2:24:46
29.2%,14630000,-600736.0264423317,301.5090170715741,705,2:24:45
29.2%,14635000,-599806.3549801749,301.5563394561912,705,2:24:43
29.3%,14640000,-599099.2073589172,298.184895538135,705,2:24:42
29.3%,14645000,-600354.2461191281,300.782695743757,705,2:24:41
29.3%,14650000,-600175.2265725019,296.90863854626303,705,2:24:39
29.3%,14655000,-599850.0448881569,300.0209010265381,705,2:24:38
29.3%,14660000,-598741.2001706813,297.48237032907304,705,2:24:37
29.3%,14665000,-600448.5545742954,301.14518177543283,705,2:24:36
29.3%,14670000,-599851.5565385562,301.5741006829734,705,2:24:34
29.3%,14675000,-598868.7188444282,301.72985486645393,705,2:24:33
29.3%,14680000,-600403.2944120523,301.4823752314008,705,2:24:32
29.3%,14685000,-600294.0519906683,300.49922754559697,705,2:24:31
29.4%,14690000,-599538.1932287347,300.5453723903169,705,2:24:29
29.4%,14695000,-599738.8757950445,300.6466408214727,705,2:24:28
29.4%,14700000,-599336.0244236044,300.078477821093,705,2:24:27
29.4%,14705000,-599790.4287690679,297.88018255766366,705,2:24:26
29.4%,14710000,-601529.1902147173,299.69911371755796,705,2:24:24
29.4%,14715000,-600394.5359868682,301.53906887103284,705,2:24:23
29.4%,14720000,-599771.9456580337,299.4402757289135,705,2:24:22
29.4%,14725000,-599987.7419613576,298.3270344165547,705,2:24:21
29.4%,14730000,-599067.2342456616,301.8451065838885,705,2:24:19
29.4%,14735000,-599424.1701301942,299.8824664923783,705,2:24:18
29.5%,14740000,-599059.1270024432,300.0568405254827,705,2:24:17
29.5%,14745000,-600007.9643133427,301.6662186478449,705,2:24:16
29.5%,14750000,-599894.9789955867,300.3652578502138,705,2:24:14
29.5%,14755000,-600430.0595275047,300.5601161711126,705,2:24:13
29.5%,14760000,-601105.0534307016,301.1564910648618,705,2:24:12
29.5%,14765000,-599926.2303980296,299.7075527534876,705,2:24:11
29.5%,14770000,-599211.6874174313,299.6337111891032,705,2:24:09
29.5%,14775000,-599851.410854442,298.015599645837,705,2:24:08
29.5%,14780000,-599843.4191614431,299.4770983827809,705,2:24:07
29.5%,14785000,-599257.8329247627,299.20960056947604,705,2:24:06
29.6%,14790000,-599707.0879986817,300.06787996201854,705,2:24:04
29.6%,14795000,-599597.089846875,300.45992715152926,705,2:24:03
29.6%,14800000,-600909.071731938,300.76630831352156,705,2:24:02
29.6%,14805000,-600408.581598266,299.59306153056997,705,2:24:01
29.6%,14810000,-600301.0159237147,300.66369061790033,705,2:23:59
29.6%,14815000,-599430.817865666,302.0455582192988,705,2:23:58
29.6%,14820000,-599126.9006998162,298.8062195584552,705,2:23:57
29.6%,14825000,-599410.1717235926,303.7431046414609,705,2:23:56
29.6%,14830000,-598775.797988412,299.614919614911,705,2:23:54
29.6%,14835000,-600641.6554300832,299.51026575655095,705,2:23:53
29.7%,14840000,-599036.1121371556,301.4306370721693,705,2:23:52
29.7%,14845000,-599085.685328458,298.7339235151858,705,2:23:51
29.7%,14850000,-599949.9151926958,297.5390394366239,705,2:23:49
29.7%,14855000,-600401.2286272855,300.8709867039629,705,2:23:48
29.7%,14860000,-598895.1877515893,300.76154908977054,705,2:23:47
29.7%,14865000,-600949.1595422314,301.8329386716178,705,2:23:46
29.7%,14870000,-599844.784224472,301.8520000987031,705,2:23:44
29.7%,14875000,-598557.8924617544,302.0194070207494,705,2:23:43
29.7%,14880000,-599458.647478662,301.20528537435035,705,2:23:42
29.7%,14885000,-599325.7933698902,300.8369607073512,705,2:23:40
29.8%,14890000,-598702.234103825,300.3313299819269,705,2:23:39
29.8%,14895000,-600356.9644531375,301.6249802193631,705,2:23:38
29.8%,14900000,-600181.7829219466,299.00492941610094,705,2:23:37
29.8%,14905000,-600168.5126220495,301.63123590006677,705,2:23:35
29.8%,14910000,-599408.866136591,302.2182395388011,705,2:23:34
29.8%,14915000,-600007.2467429647,298.50185002712055,705,2:23:33
29.8%,14920000,-601223.8657162734,299.56664047912744,705,2:23:32
29.8%,14925000,-599489.1013327474,297.88268482994505,705,2:23:30
29.8%,14930000,-599793.7509616525,301.7569628161698,705,2:23:29
29.8%,14935000,-601287.0961427274,298.97244894060424,705,2:23:28
29.9%,14940000,-600316.0106043275,300.8293312301009,705,2:23:26
29.9%,14945000,-598121.6127993567,299.2775053702123,705,2:23:25
29.9%,14950000,-600681.0350377988,298.2067290903948,705,2:23:24
29.9%,14955000,-600510.2912926734,299.26224641571156,705,2:23:23
29.9%,14960000,-601131.7621011627,303.316589877877,705,2:23:22
29.9%,14965000,-599494.5253558806,300.7540422729262,705,2:23:20
29.9%,14970000,-599459.6888396405,300.21772191393217,705,2:23:19
29.9%,14975000,-599697.76736935,301.6935228542103,705,2:23:18
29.9%,14980000,-599379.8869188493,300.0990847692933,705,2:23:17
29.9%,14985000,-599823.5848536752,299.3786511409621,705,2:23:15
30.0%,14990000,-599986.994287747,300.4490103753993,705,2:23:14
30.0%,14995000,-599828.2183891395,302.5760154108882,705,2:23:13
30.0%,15000000,-597884.3464549207,300.94750226519704,705,2:23:12
30.0%,15005000,-598748.7684232676,300.81198704869894,705,2:23:11
30.0%,15010000,-599904.6269785762,298.25714251724196,705,2:23:09
30.0%,15015000,-599417.7058663862,301.16250142475354,705,2:23:08
30.0%,15020000,-598999.1161152069,301.21436224439094,705,2:23:07
30.0%,15025000,-598929.3763375729,299.4333576820177,705,2:23:05
30.0%,15030000,-599726.706728783,298.94985489382753,705,2:23:04
30.0%,15035000,-599267.4793094243,301.5897276186919,705,2:23:03
30.0%,15040000,-599448.2758333869,301.6584419781074,705,2:23:02
30.1%,15045000,-600229.7620986053,300.8618362376787,705,2:23:00
30.1%,15050000,-599356.6118947011,300.3257121353342,705,2:22:59
30.1%,15055000,-599656.0030998187,300.82930669801965,705,2:22:58
30.1%,15060000,-600244.7147078789,298.95736171067193,705,2:22:57
30.1%,15065000,-599223.0542556602,300.80602575296956,705,2:22:55
30.1%,15070000,-599646.766192521,298.81360371489365,705,2:22:54
30.1%,15075000,-599028.7692391789,298.2111693970904,705,2:22:53
30.1%,15080000,-598609.9327290663,299.6842472763563,705,2:22:51
30.1%,15085000,-598789.5821511322,299.1824435555978,705,2:22:50
30.1%,15090000,-598961.0817087633,301.8940480858642,705,2:22:49
30.2%,15095000,-599995.2021901547,301.9204200731443,705,2:22:48
30.2%,15100000,-601177.8993125539,300.9178675111185,705,2:22:46
30.2%,15105000,-599983.6987172537,298.6090061577621,705,2:22:45
30.2%,15110000,-599847.0291896383,301.5332302357094,705,2:22:44
30.2%,15115000,-598760.7735951655,300.60071676548347,705,2:22:43
30.2%,15120000,-598418.5300649377,300.3524521038322,705,2:22:42
30.2%,15125000,-599296.8296143943,300.4935606348419,705,2:22:40
30.2%,15130000,-600813.1613618247,302.3328779542058,705,2:22:39
30.2%,15135000,-601451.8305029762,300.23376589503096,705,2:22:38
30.2%,15140000,-600277.1822690545,297.22444002743265,705,2:22:36
30.3%,15145000,-600002.888322454,297.58883956144126,705,2:22:35
30.3%,15150000,-600496.612614525,300.43306452262533,705,2:22:34
30.3%,15155000,-599374.9040561453,301.49868906539274,705,2:22:33
30.3%,15160000,-599824.0985922143,298.2122733407439,705,2:22:31
30.3%,15165000,-599131.3288209597,299.08173936230946,705,2:22:30
30.3%,15170000,-600478.8332093032,299.70711117602616,705,2:22:29
30.3%,15175000,-598870.2208103044,301.50678465218573,705,2:22:28
30.3%,15180000,-599765.4457440735,298.9233357140602,705,2:22:26
30.3%,15185000,-600824.0727409739,301.0234781206451,705,2:22:25
30.3%,15190000,-598384.3984714588,300.17032593307147,705,2:22:24
30.4%,15195000,-599388.095947512,298.5435545651449,705,2:22:23
30.4%,15200000,-599410.4761243239,299.84110540349053,705,2:22:21
30.4%,15205000,-598940.1722197072,298.8970618551048,705,2:22:20
30.4%,15210000,-598307.7711001867,299.6139383316634,705,2:22:19
30.4%,15215000,-598901.7305156048,300.88727600587356,705,2:22:18
30.4%,15220000,-598200.414237841,303.3967361871275,705,2:22:16
30.4%,15225000,-599742.3740858817,302.20374107881725,705,2:22:15
30.4%,15230000,-598796.506721457,302.45117164970804,705,2:22:14
30.4%,15235000,-599916.6761561986,299.72501959529546,705,2:22:13
30.4%,15240000,-599300.4350795513,300.40301272316657,705,2:22:11
30.5%,15245000,-600133.8889493071,302.0603020000945,705,2:22:10
30.5%,15250000,-599482.6870390098,300.2037631597346,705,2:22:09
30.5%,15255000,-599815.7956488123,300.19265012695513,705,2:22:08
30.5%,15260000,-599503.2380421967,299.03718910286693,705,2:22:06
30.5%,15265000,-597840.6865419219,302.4999414271154,705,2:22:05
30.5%,15270000,-599081.2732298779,301.6217665167271,705,2:22:04
30.5%,15275000,-599689.2297724606,297.98230961166104,705,2:22:03
30.5%,15280000,-599382.9333173558,300.2141156979971,705,2:22:01
30.5%,15285000,-599452.6648503551,298.6808851556512,705,2:22:00
30.5%,15290000,-600856.1493652607,299.895419431247,705,2:21:59
30.6%,15295000,-599997.6871441789,298.22262587900644,705,2:21:57
30.6%,15300000,-599293.3084364575,297.4305095094357,705,2:21:56
30.6%,15305000,-598079.7450341303,298.79544997481247,705,2:21:55
30.6%,15310000,-600185.4856701172,299.3857899765887,705,2:21:54
30.6%,15315000,-599284.9136503441,301.20400970612843,705,2:21:53
30.6%,15320000,-599937.4678443926,301.45085150707064,705,2:21:51
30.6%,15325000,-599926.9985610442,302.49444624092865,705,2:21:50
30.6%,15330000,-601117.298554352,300.82400776848243,705,2:21:49
30.6%,15335000,-600308.7083434928,297.8077883860695,705,2:21:47
30.6%,15340000,-600571.909587964,299.5716450236904,705,2:21:46
30.7%,15345000,-599266.9820313458,302.2449059110555,705,2:21:45
30.7%,15350000,-597628.9086608016,299.3725181206644,705,2:21:44
30.7%,15355000,-599508.0282565765,298.30345908653027,705,2:21:43
30.7%,15360000,-598634.6405452518,303.0025547065532,705,2:21:41
30.7%,15365000,-599423.8610617509,301.42764415826406,705,2:21:40
30.7%,15370000,-601332.8179132282,299.5079352088378,705,2:21:39
30.7%,15375000,-598428.6375711393,302.0328015370796,705,2:21:38
30.7%,15380000,-599809.038016452,301.5748121133279,705,2:21:36
30.7%,15385000,-599811.3307562764,298.00267123904945,705,2:21:35
30.7%,15390000,-599509.3483973527,302.63950443701003,705,2:21:34
30.8%,15395000,-599737.9986218815,299.3807118357821,705,2:21:33
30.8%,15400000,-597486.7131470237,299.2010879373028,705,2:21:31
30.8%,15405000,-598684.8334077005,297.95704156803447,705,2:21:30
30.8%,15410000,-599704.049689007,298.0947401397587,705,2:21:29
30.8%,15415000,-599926.5340889255,301.0693285803908,705,2:21:28
30.8%,15420000,-599610.9153042431,300.21085293119876,705,2:21:26
30.8%,15425000,-600542.5612893398,302.2919584427795,705,2:21:25
30.8%,15430000,-598957.418355335,301.58464947788536,705,2:21:24
30.8%,15435000,-599494.0971510559,300.4894392452018,705,2:21:23
30.8%,15440000,-600410.8381668082,297.47741484867254,705,2:21:21
30.9%,15445000,-599560.1261795219,300.4930209290557,705,2:21:20
30.9%,15450000,-600616.0307997353,300.4834043532289,705,2:21:19
30.9%,15455000,-598794.8347983495,301.48524548490013,705,2:21:18
30.9%,15460000,-599689.3531558854,298.35186088271973,705,2:21:16
30.9%,15465000,-599065.869216898,299.83372124705204,705,2:21:15
30.9%,15470000,-600183.6361460341,303.0480126529998,705,2:21:14
30.9%,15475000,-600411.1470691222,301.1796248174248,705,2:21:13
30.9%,15480000,-600973.284612332,299.19328673548415,705,2:21:11
30.9%,15485000,-599692.92642442,303.37377415913284,705,2:21:10
30.9%,15490000,-599283.8910670793,298.2645757378428,705,2:21:09
31.0%,15495000,-598989.6713722264,298.40190632834907,705,2:21:08
31.0%,15500000,-598150.0768540674,299.5362206984508,705,2:21:06
31.0%,15505000,-598771.6987325829,299.8378181046109,705,2:21:05
31.0%,15510000,-598215.0179478782,301.4514402770192,705,2:21:04
31.0%,15515000,-600515.2157713994,301.5960814277203,705,2:21:03
31.0%,15520000,-599141.7530070408,299.9861881316531,705,2:21:02
31.0%,15525000,-600581.1114154747,299.35075816464814,705,2:21:00
31.0%,15530000,-601393.4518225072,298.6879749271154,705,2:20:59
31.0%,15535000,-599233.355173362,302.4555874243224,705,2:20:58
31.0%,15540000,-599694.7261497546,299.763902943983,705,2:20:56
31.1%,15545000,-599363.8929007566,301.1225631965749,705,2:20:55
31.1%,15550000,-599800.3975448026,301.2172570299715,705,2:20:54
31.1%,15555000,-598158.5635058605,301.9430631840835,705,2:20:53
31.1%,15560000,-598025.475694078,304.02088139678466,705,2:20:52
31.1%,15565000,-601149.9698466407,298.5251555042518,705,2:20:50
31.1%,15570000,-599812.9836129341,300.74405771588147,705,2:20:49
31.1%,15575000,-599851.811139402,296.09797592331194,705,2:20:48
31.1%,15580000,-599870.3533931077,298.79280051004383,705,2:20:47
31.1%,15585000,-600602.3069049125,299.00544458980596,705,2:20:45
31.1%,15590000,-598387.9784809658,296.7137556932831,705,2:20:44
31.2%,15595000,-599426.6475603487,298.96845021137017,705,2:20:43
31.2%,15600000,-599822.2397557436,299.1080622854272,705,2:20:42
31.2%,15605000,-599551.1678932472,299.57429448845903,705,2:20:41
31.2%,15610000,-598722.4496038589,301.75966134510077,705,2:20:39
31.2%,15615000,-599317.9479824165,301.31960487269964,705,2:20:38
31.2%,15620000,-601376.874462747,302.2533940111475,705,2:20:37
31.2%,15625000,-600498.7276846543,302.97885671612283,705,2:20:36
31.2%,15630000,-599500.1829440077,302.2095551820595,705,2:20:34
31.2%,15635000,-599345.1513991784,299.90979523082484,705,2:20:33
31.2%,15640000,-598459.7855786583,298.83681106370017,705,2:20:32
31.3%,15645000,-597186.8923475877,300.4630427258405,705,2:20:31
31.3%,15650000,-597255.6932198349,300.607978261516,705,2:20:29
31.3%,15655000,-600930.948094564,298.9625870439655,705,2:20:28
31.3%,15660000,-598750.2589131682,301.78502751705213,705,2:20:27
31.3%,15665000,-599623.0424841745,299.8569285958586,705,2:20:26
31.3%,15670000,-600439.4784720815,300.6827765770668,705,2:20:24
31.3%,15675000,-599927.6065837117,298.2907760005546,705,2:20:23
31.3%,15680000,-599458.575641952,300.3440866641461,705,2:20:22
31.3%,15685000,-599332.761179381,299.9208591994419,705,2:20:21
31.3%,15690000,-599434.3934350861,302.56313606826296,705,2:20:19
31.4%,15695000,-599488.6033554133,300.84444299211435,705,2:20:18
31.4%,15700000,-598543.0202176776,300.64678801395985,705,2:20:17
31.4%,15705000,-599293.6758154025,299.196353245633,705,2:20:16
31.4%,15710000,-599626.5852250326,300.9347946471402,705,2:20:15
31.4%,15715000,-600534.8466683258,296.7304129764117,705,2:20:13
31.4%,15720000,-599535.9380050721,300.06920469440286,705,2:20:12
31.4%,15725000,-599951.0903498894,302.31884560376466,705,2:20:11
31.4%,15730000,-598581.8893631315,297.88589853258105,705,2:20:10
31.4%,15735000,-599399.1041271454,297.63017611824785,705,2:20:08
31.4%,15740000,-600643.093726025,298.7913285851724,705,2:20:07
31.5%,15745000,-599605.9976657368,303.5753297381968,705,2:20:06
31.5%,15750000,-598611.7906538737,301.0930756349835,705,2:20:05
31.5%,15755000,-600023.4463430755,303.12126544743563,705,2:20:04
31.5%,15760000,-599493.087078792,303.10490254928135,705,2:20:02
31.5%,15765000,-599476.3511596909,298.5659768873534,705,2:20:01
31.5%,15770000,-600305.8992975424,302.45936536482577,705,2:20:00
31.5%,15775000,-599835.942560772,300.9069752670698,705,2:19:59
31.5%,15780000,-599149.0450685159,297.4298471432435,705,2:19:57
31.5%,15785000,-599545.1386194457,298.8283720277705,705,2:19:56
31.5%,15790000,-599003.0899257995,303.0400397266128,705,2:19:55
31.6%,15795000,-597521.3171831886,301.43407156353607,705,2:19:54
31.6%,15800000,-599725.8774475292,302.1134139558726,705,2:19:52
31.6%,15805000,-599571.7663676245,300.6993111997894,705,2:19:51
31.6%,15810000,-599704.4948272193,303.20494437637757,705,2:19:50
31.6%,15815000,-600542.6426751842,298.54014460585944,705,2:19:49
31.6%,15820000,-599334.1009218907,302.0046632399537,705,2:19:48
31.6%,15825000,-599792.6404695911,299.82224023305474,705,2:19:46
31.6%,15830000,-598172.342496905,300.56347706623575,705,2:19:45
31.6%,15835000,-600876.308862125,302.0661651674991,705,2:19:44
31.6%,15840000,-598995.144691322,298.87105784904253,705,2:19:43
31.7%,15845000,-600330.675564188,300.9499064091538,705,2:19:41
31.7%,15850000,-599256.6273312056,301.73243073497895,705,2:19:40
31.7%,15855000,-600459.466562937,302.93060211242044,705,2:19:39
31.7%,15860000,-599268.8398724291,302.66411011444444,705,2:19:38
31.7%,15865000,-599070.0515972222,300.36785825082006,705,2:19:36
31.7%,15870000,-598487.2306811013,299.716727751853,705,2:19:35
31.7%,15875000,-600390.9150873944,299.7361571601561,705,2:19:34
31.7%,15880000,-599423.410593404,301.1179266332298,705,2:19:33
31.7%,15885000,-600052.0862610685,300.9903598110374,705,2:19:31
31.7%,15890000,-599362.2780765835,299.2024862659307,705,2:19:30
31.8%,15895000,-600000.9647366726,301.52270597287855,705,2:19:29
31.8%,15900000,-599929.8712330763,300.26602558179695,705,2:19:28
31.8%,15905000,-599762.3125465848,299.5826353960639,705,2:19:27
31.8%,15910000,-599480.9019390289,299.8533223799235,705,2:19:25
31.8%,15915000,-599133.1431896444,301.45364816432635,705,2:19:24
31.8%,15920000,-600231.3044652138,303.0927346370107,705,2:19:23
31.8%,15925000,-598940.9601919213,300.1491547470038,705,2:19:22
31.8%,15930000,-597476.1117858272,301.8533738952498,705,2:19:20
31.8%,15935000,-600075.8179293387,299.4214841547213,705,2:19:19
31.8%,15940000,-600459.9088994339,298.3282610206142,705,2:19:18
31.9%,15945000,-599573.5412826571,302.5491773140654,705,2:19:17
31.9%,15950000,-598056.4394419529,299.6921220744186,705,2:19:15
31.9%,15955000,-599910.4929676168,299.0296332218601,705,2:19:14
31.9%,15960000,-600875.4194649216,300.2183597480431,705,2:19:13
31.9%,15965000,-599765.8070165892,297.5675702470488,705,2:19:12
31.9%,15970000,-598960.906764518,300.88661363968146,705,2:19:11
31.9%,15975000,-599026.6781889191,298.34067425369676,705,2:19:09
31.9%,15980000,-599545.8828568356,300.0842428601728,705,2:19:08
31.9%,15985000,-600190.008179584,299.67190763951737,705,2:19:07
31.9%,15990000,-600076.5295838285,299.296493201054,705,2:19:06
32.0%,15995000,-599508.6394775901,297.33922563532457,705,2:19:04
32.0%,16000000,-598289.7349407924,302.0777933739835,705,2:19:03
32.0%,16005000,-598464.6667082487,300.51659625908013,705,2:19:02
32.0%,16010000,-599228.0381039768,297.7904196725863,705,2:19:01
32.0%,16015000,-600147.4092427795,300.5596991257324,705,2:19:00
32.0%,16020000,-599723.918557148,300.6684253095702,705,2:18:58
32.0%,16025000,-600441.2098317062,300.685499638079,705,2:18:57
32.0%,16030000,-599933.3092013509,301.1996184635953,705,2:18:56
32.0%,16035000,-599169.712813599,300.432377624352,705,2:18:55
32.0%,16040000,-599681.9462857726,301.59622862020746,705,2:18:53
32.1%,16045000,-599273.9701673463,301.44776046484054,705,2:18:52
32.1%,16050000,-599649.0876036109,300.9236080181172,705,2:18:51
32.1%,16055000,-598615.9069120386,301.4094904181829,705,2:18:50
32.1%,16060000,-599276.0842273883,304.0550791179647,705,2:18:49
32.1%,16065000,-600043.1009925446,298.2281455972744,705,2:18:47
32.1%,16070000,-600311.1190408878,298.04501361118486,705,2:18:46
32.1%,16075000,-598712.5002557291,300.6284625493103,705,2:18:45
32.1%,16080000,-598990.1827692734,299.87851682730656,705,2:18:44
32.1%,16085000,-599365.4208277864,300.73098211660675,705,2:18:42
32.1%,16090000,-598996.4176501553,299.83404016410753,705,2:18:41
32.2%,16095000,-600011.0204240396,300.2386232471068,705,2:18:40
32.2%,16100000,-599303.9773596674,300.20261015191863,705,2:18:39
32.2%,16105000,-599914.7166793882,298.7502618812589,705,2:18:38
32.2%,16110000,-599193.1389987208,303.0539739487292,705,2:18:36
32.2%,16115000,-598828.854389254,302.19461514461426,705,2:18:35
32.2%,16120000,-598865.793916224,298.1734635883,705,2:18:34
32.2%,16125000,-599817.3172969595,300.5211346941004,705,2:18:33
32.2%,16130000,-598916.6569698108,299.51549108984455,705,2:18:31
32.2%,16135000,-599531.9561772039,303.1231053535249,705,2:18:30
32.2%,16140000,-600158.8510055747,300.04845055371544,705,2:18:29
32.3%,16145000,-599765.1677976539,300.29220131242755,705,2:18:28
32.3%,16150000,-599715.0577270943,301.0794112657602,705,2:18:26
32.3%,16155000,-600543.9693308659,300.8708640435569,705,2:18:25
32.3%,16160000,-599955.1824886822,299.29418718542206,705,2:18:24
32.3%,16165000,-599435.6126148063,297.31430104083466,705,2:18:23
32.3%,16170000,-599363.7109711817,300.472487577099,705,2:18:22
32.3%,16175000,-599002.9392658514,300.3630008987443,705,2:18:20
32.3%,16180000,-600795.6356774378,301.0057414259441,705,2:18:19
32.3%,16185000,-599815.6190015785,298.30510273597,705,2:18:18
32.3%,16190000,-599543.5328970258,300.86620294813065,705,2:18:17
32.4%,16195000,-598650.4575717109,299.3550758109377,705,2:18:15
32.4%,16200000,-598332.0865124282,297.88437754354726,705,2:18:14
32.4%,16205000,-600657.7977003651,302.3116577039757,705,2:18:13
32.4%,16210000,-600277.5519653559,302.5689747035864,705,2:18:12
32.4%,16215000,-600359.9792568772,301.10404147527584,705,2:18:11
32.4%,16220000,-599645.7686538575,301.13836185686176,705,2:18:09
32.4%,16225000,-599292.1511613387,303.6777266450873,705,2:18:08
32.4%,16230000,-601045.4976352733,301.83423887192095,705,2:18:07
32.4%,16235000,-599956.3942159517,304.2324951291368,705,2:18:06
32.4%,16240000,-599063.3040186004,298.9557180612321,705,2:18:04
32.5%,16245000,-599937.6767312493,304.2012412576997,705,2:18:03
32.5%,16250000,-599352.76899591,301.76007839048106,705,2:18:02
32.5%,16255000,-599155.4022198841,298.664914770796,705,2:18:01
32.5%,16260000,-598552.733357368,302.4485221849394,705,2:17:59
32.5%,16265000,-598941.1618826087,300.43924660708535,705,2:17:58
32.5%,16270000,-600372.6488339663,305.4327517334795,705,2:17:57
32.5%,16275000,-598576.5352845532,298.52562161379444,705,2:17:56
32.5%,16280000,-599817.2322311569,299.3077043621582,705,2:17:55
32.5%,16285000,-598636.8256101743,300.78034066396276,705,2:17:53
32.5%,16290000,-601146.5940848915,298.2614601635316,705,2:17:52
32.6%,16295000,-600052.4191264492,297.8998327546975,705,2:17:51
32.6%,16300000,-599744.4069146356,301.4719490968947,705,2:17:50
32.6%,16305000,-599102.0741367526,300.8546974020522,705,2:17:48
32.6%,16310000,-600127.1439277437,300.59826355736436,705,2:17:47
32.6%,16315000,-599108.573901514,300.9318507973973,705,2:17:46
32.6%,16320000,-600475.5663713776,297.634567360781,705,2:17:45
32.6%,16325000,-599201.2489587343,300.2088903647035,705,2:17:43
32.6%,16330000,-598725.6140221735,297.7531554412575,705,2:17:42
32.6%,16335000,-599931.5708453208,299.34374198942754,705,2:17:41
32.6%,16340000,-599861.2471493785,298.7681212363658,705,2:17:40
32.7%,16345000,-598646.2678818982,301.8781758293337,705,2:17:39
32.7%,16350000,-598594.0007187873,297.08850776555425,705,2:17:37
32.7%,16355000,-598685.6882282472,301.2155888484505,705,2:17:36
32.7%,16360000,-600600.8402144257,301.0080474415761,705,2:17:35
32.7%,16365000,-598893.144308974,300.5203006033399,705,2:17:34
32.7%,16370000,-601171.3519009706,301.73552177720904,705,2:17:32
32.7%,16375000,-600754.1753070215,298.6420508711262,705,2:17:31
32.7%,16380000,-598567.1531249657,300.1947598859376,705,2:17:30
32.7%,16385000,-600264.0419564117,300.09986979589144,705,2:17:29
32.7%,16390000,-598886.6205839231,302.2763069749798,705,2:17:28
32.8%,16395000,-599467.6617119452,299.8389220482645,705,2:17:26
32.8%,16400000,-600107.011494041,298.87841747339985,705,2:17:25
32.8%,16405000,-600585.8794883797,301.5847966703725,705,2:17:24
32.8%,16410000,-600713.7249103701,301.30351182743846,705,2:17:23
32.8%,16415000,-600365.923798616,300.2549616131799,705,2:17:22
32.8%,16420000,-600408.0170509838,300.28076936259265,705,2:17:20
32.8%,16425000,-599646.1912680175,302.00179298645435,705,2:17:19
32.8%,16430000,-598934.2333165891,302.2353138673099,705,2:17:18
32.8%,16435000,-599465.3718309626,301.53269052992323,705,2:17:17
32.8%,16440000,-599995.2105610534,299.5788083913981,705,2:17:15
32.9%,16445000,-599478.0546775139,299.8290356195446,705,2:17:14
32.9%,16450000,-599206.8415430952,300.1034024155829,705,2:17:13
32.9%,16455000,-599459.5414864141,299.0609116253785,705,2:17:12
32.9%,16460000,-597895.0634792284,300.6171532598813,705,2:17:10
32.9%,16465000,-600350.360640097,298.2621715938861,705,2:17:09
32.9%,16470000,-597873.6552396193,302.06125875126094,705,2:17:08
32.9%,16475000,-599649.8700347953,301.7580667598234,705,2:17:07
32.9%,16480000,-601426.8861165992,298.6473498006634,705,2:17:06
32.9%,16485000,-598870.7235524063,297.9685225820318,705,2:17:04
32.9%,16490000,-598511.5356440432,298.87966860954054,705,2:17:03
33.0%,16495000,-599822.6994497282,301.94154219504964,705,2:17:02
33.0%,16500000,-598939.3230018956,296.2862841785328,705,2:17:01
33.0%,16505000,-599483.122633318,298.7035527986716,705,2:16:59
33.0%,16510000,-599726.345776978,299.91107089904676,705,2:16:58
33.0%,16515000,-599491.9576605386,300.2601624143923,705,2:16:57
33.0%,16520000,-599747.9747967753,302.00635595355584,705,2:16:56
33.0%,16525000,-600991.7234144821,300.2925447615642,705,2:16:54
33.0%,16530000,-599722.3670325214,300.58447652773515,705,2:16:53
33.0%,16535000,-598848.3222939903,301.4383401456633,705,2:16:52
33.0%,16540000,-599269.6088328506,300.0170004256288,705,2:16:51
33.1%,16545000,-600333.1702488502,301.63027914890034,705,2:16:49
33.1%,16550000,-599082.2970465315,302.09413174005664,705,2:16:48
33.1%,16555000,-600064.2955958908,299.3675626402638,705,2:16:47
33.1%,16560000,-599315.1439470137,299.42690574466445,705,2:16:46
33.1%,16565000,-600142.421051262,298.9293951381144,705,2:16:45
33.1%,16570000,-599123.1694722068,299.20319769628526,705,2:16:43
33.1%,16575000,-599049.9791739569,300.1430707908685,705,2:16:42
33.1%,16580000,-598294.7847340535,300.1145890446059,705,2:16:41
33.1%,16585000,-600124.2916468419,305.20732643941693,705,2:16:40
33.1%,16590000,-600924.1160355709,298.97109967613875,705,2:16:38
33.2%,16595000,-598417.8747726995,299.6299332485998,705,2:16:37
33.2%,16600000,-599628.4620215842,299.1134102791268,705,2:16:36
33.2%,16605000,-600586.9159355806,296.49338400794585,705,2:16:35
33.2%,16610000,-598356.1846697275,299.72467614615886,705,2:16:34
33.2%,16615000,-600367.5330727259,303.3189694897526,705,2:16:32
33.2%,16620000,-598914.20678226,304.40446501828455,705,2:16:31
33.2%,16625000,-599266.6363168419,300.86100214691817,705,2:16:30
33.2%,16630000,-598885.5061427518,301.6914130952279,705,2:16:29
33.2%,16635000,-599615.9733235021,298.20942761932577,705,2:16:27
33.2%,16640000,-600170.9455067026,298.9365094416597,705,2:16:26
33.3%,16645000,-599584.919128648,300.2126683052069,705,2:16:25
33.3%,16650000,-599810.5995889045,303.7224731611794,705,2:16:24
33.3%,16655000,-599474.429272369,301.75948962053246,705,2:16:23
33.3%,16660000,-599464.3957857983,299.70245008059993,705,2:16:21
33.3%,16665000,-598262.8604746279,299.78983335380167,705,2:16:20
33.3%,16670000,-599454.5409995848,299.2606763625154,705,2:16:19
33.3%,16675000,-598766.4373787697,300.1652723243461,705,2:16:18
33.3%,16680000,-599742.9666650086,300.6487996446175,705,2:16:16
33.3%,16685000,-599922.0244413419,301.3109695801205,705,2:16:15
33.3%,16690000,-599561.1409052112,298.69643849512624,705,2:16:14
33.4%,16695000,-600504.7128218296,300.68002898397344,705,2:16:13
33.4%,16700000,-599741.2977031949,300.03091011566397,705,2:16:11
33.4%,16705000,-598951.5039479192,300.5150752700463,705,2:16:10
33.4%,16710000,-597942.3378534699,301.6830231234606,705,2:16:09
33.4%,16715000,-598482.9306069729,302.77153609797915,705,2:16:08
33.4%,16720000,-599330.9056805,299.5189746453737,705,2:16:06
33.4%,16725000,-600146.169113772,298.62105140962683,705,2:16:05
33.4%,16730000,-599201.0164491246,300.4166280282274,705,2:16:04
33.4%,16735000,-599906.5675451737,296.81968521986505,705,2:16:03
33.4%,16740000,-600527.2699768762,303.10703684034496,705,2:16:02
33.5%,16745000,-600527.6179181561,300.4092193397078,705,2:16:00
33.5%,16750000,-599740.6783693372,301.4377023115523,705,2:15:59
33.5%,16755000,-599223.3876311341,299.6857927974713,705,2:15:58
33.5%,16760000,-600273.411256148,297.9959494488031,705,2:15:57
33.5%,16765000,-599668.2086507259,298.9740189938005,705,2:15:56
33.5%,16770000,-599852.9135530763,301.45158746950636,705,2:15:54
33.5%,16775000,-598980.7987469239,299.88832965978287,705,2:15:53
33.5%,16780000,-600171.7797160828,301.56340469557415,705,2:15:52
33.5%,16785000,-599875.2095024721,299.2039581908022,705,2:15:51
33.5%,16790000,-599495.1136178621,299.8385540670467,705,2:15:49
33.6%,16795000,-599729.1765737035,300.35799635418135,705,2:15:48
33.6%,16800000,-599095.1459184829,300.2474057321731,705,2:15:47
33.6%,16805000,-599284.2302555167,300.17312259032724,705,2:15:46
33.6%,16810000,-599889.3547744681,299.9259618723296,705,2:15:45
33.6%,16815000,-599880.6313290359,302.97193866922703,705,2:15:43
33.6%,16820000,-600524.8958329605,300.791429164661,705,2:15:42
33.6%,16825000,-599735.4636735371,300.78799467329424,705,2:15:41
33.6%,16830000,-600884.4394855327,298.34239149938014,705,2:15:40
33.6%,16835000,-599587.1718761832,300.0138603192363,705,2:15:38
33.6%,16840000,-599109.9398354851,300.1018323623867,705,2:15:37
33.7%,16845000,-599544.8846704722,298.6295640418,705,2:15:36
33.7%,16850000,-599240.5734855211,301.9141643924407,705,2:15:35
33.7%,16855000,-599255.290212227,298.1369598514881,705,2:15:34
33.7%,16860000,-600425.9739495446,299.68807428102207,705,2:15:32
33.7%,16865000,-600222.4841370257,299.1380895528048,705,2:15:31
33.7%,16870000,-599138.1877152873,300.86249860387085,705,2:15:30
33.7%,16875000,-598660.1199882883,295.41483105839086,705,2:15:29
33.7%,16880000,-600960.555049554,298.86629862529156,705,2:15:27
33.7%,16885000,-600502.3894211231,299.2939418646102,705,2:15:26
33.7%,16890000,-598586.502609849,299.76799980154186,705,2:15:25
33.8%,16895000,-599196.7827058649,298.7911077964416,705,2:15:24
33.8%,16900000,-598789.8719692337,301.42308119116257,705,2:15:22
33.8%,16905000,-600509.6300617508,300.5216743998866,705,2:15:21
33.8%,16910000,-598737.3602539138,302.50376843178117,705,2:15:20
33.8%,16915000,-599370.2233627457,300.7139568522603,705,2:15:19
33.8%,16920000,-599724.1729761139,303.0942065618821,705,2:15:17
33.8%,16925000,-599175.6813159622,299.1218247829753,705,2:15:16
33.8%,16930000,-599271.9853356616,299.02330394491287,705,2:15:15
33.8%,16935000,-599955.8440278023,301.39737157007454,705,2:15:14
33.8%,16940000,-600551.1431364613,300.5093592951288,705,2:15:12
33.9%,16945000,-599610.721622814,301.0870407430105,705,2:15:11
33.9%,16950000,-599495.3089184808,299.8291828120318,705,2:15:10
33.9%,16955000,-600034.7455312256,303.04327796133,705,2:15:09
33.9%,16960000,-599425.9644656768,298.6217383079001,705,2:15:08
33.9%,16965000,-599405.2106158831,298.71429785023315,705,2:15:06
33.9%,16970000,-600903.4214211628,302.19459061253315,705,2:15:05
33.9%,16975000,-599270.6886945269,299.78561383583684,705,2:15:04
33.9%,16980000,-599547.5610506018,301.6320454587461,705,2:15:03
33.9%,16985000,-601839.4173553116,301.2135281536305,705,2:15:01
33.9%,16990000,-598987.2345445785,300.517356753597,705,2:15:00
34.0%,16995000,-598991.0157122095,299.80990059621575,705,2:14:59
34.0%,17000000,-599031.1687264931,298.788580992079,705,2:14:58
34.0%,17005000,-599862.436622818,297.6842938893548,705,2:14:57
34.0%,17010000,-599905.201906235,299.16259710191446,705,2:14:55
34.0%,17015000,-599965.7981560221,297.8884498690249,705,2:14:54
34.0%,17020000,-599775.9090547203,301.3517418990596,705,2:14:53
34.0%,17025000,-600375.1034268476,299.1643143475978,705,2:14:52
34.0%,17030000,-598944.8798175813,301.0659922173488,705,2:14:50
34.0%,17035000,-600037.51796431,300.27316441742346,705,2:14:49
34.0%,17040000,-598044.4422092973,302.3231632500543,705,2:14:48
34.1%,17045000,-598630.8006400159,301.1102971559795,705,2:14:47
34.1%,17050000,-600018.0634513362,299.8553830747436,705,2:14:46
34.1%,17055000,-599261.7437808607,300.6418570656405,705,2:14:44
34.1%,17060000,-600428.7770856638,297.7409629969057,705,2:14:43
34.1%,17065000,-599250.1432799068,303.09960361974413,705,2:14:42
34.1%,17070000,-598667.8380050277,299.9131315938668,705,2:14:41
34.1%,17075000,-598957.3797623236,301.77896809299796,705,2:14:39
34.1%,17080000,-598622.0147033273,298.29632025090376,705,2:14:38
34.1%,17085000,-600376.8421365386,300.53595207113966,705,2:14:37
34.1%,17090000,-600229.5396449962,300.8677239371645,705,2:14:36
34.2%,17095000,-599704.697032046,302.82528588786823,705,2:14:34
34.2%,17100000,-598600.5202815123,300.4101024946307,705,2:14:33
34.2%,17105000,-600187.6876613968,300.49537600885003,705,2:14:32
34.2%,17110000,-599451.1313374778,300.34420932455214,705,2:14:31
34.2%,17115000,-599035.1340161697,303.0222539677494,705,2:14:30
34.2%,17120000,-600005.2899278253,297.79419761308975,705,2:14:29
34.2%,17125000,-599197.4761529905,301.0068699016789,705,2:14:27
34.2%,17130000,-600091.5035979003,300.64045873701264,705,2:14:26
34.2%,17135000,-599333.7594068036,299.05956236091293,705,2:14:25
34.2%,17140000,-599153.8642747076,299.1856327261526,705,2:14:24
34.3%,17145000,-599203.7319605048,302.11819771170485,705,2:14:22
34.3%,17150000,-599935.3427945776,297.98444390272465,705,2:14:21
34.3%,17155000,-600514.7486211355,299.09270520260173,705,2:14:20
34.3%,17160000,-599984.2745047947,300.78877969989236,705,2:14:19
34.3%,17165000,-599413.3711934779,301.5122307742101,705,2:14:17
34.3%,17170000,-599094.2118550395,298.84750705109934,705,2:14:16
34.3%,17175000,-599986.3333211653,303.43358337307615,705,2:14:15
34.3%,17180000,-599395.8069830183,299.60893378710045,705,2:14:14
34.3%,17185000,-599607.4388863952,299.75254459039155,705,2:14:12
34.3%,17190000,-599507.9931616448,298.6597139695835,705,2:14:11
34.4%,17195000,-600528.3916101181,298.73983574675276,705,2:14:10
34.4%,17200000,-598766.3203650797,299.38846397343843,705,2:14:09
34.4%,17205000,-599452.7688894123,298.61209719999215,705,2:14:08
34.4%,17210000,-600854.038874832,303.2517025231273,705,2:14:06
34.4%,17215000,-598390.4227152197,300.59698788914244,705,2:14:05
34.4%,17220000,-599935.1633638549,299.16873012221214,705,2:14:04
34.4%,17225000,-599703.0339346626,301.98064633246787,705,2:14:03
34.4%,17230000,-601076.331870602,299.07384003216595,705,2:14:02
34.4%,17235000,-598351.268603175,301.4279385432383,705,2:14:00
34.4%,17240000,-599905.6750085009,297.8827093620263,705,2:13:59
34.5%,17245000,-600429.0589079736,300.4167261565522,705,2:13:58
34.5%,17250000,-599623.2345042066,303.1553895723721,705,2:13:57
34.5%,17255000,-600204.3617773959,300.43247575267674,705,2:13:56
34.5%,17260000,-598984.6693661986,299.99129080454077,705,2:13:54
34.5%,17265000,-599170.6270758319,300.5794229190098,705,2:13:53
34.5%,17270000,-598428.466684456,298.34705259480637,705,2:13:52
34.5%,17275000,-599814.4815432844,302.85536221940816,705,2:13:51
34.5%,17280000,-598704.8599645467,300.1069840994368,705,2:13:49
34.5%,17285000,-598706.6091562808,300.1190538833826,705,2:13:48
34.5%,17290000,-599273.516592728,300.1255794169794,705,2:13:47
34.6%,17295000,-598947.6502041379,299.9342046516097,705,2:13:46
34.6%,17300000,-600057.538256105,300.7612547047963,705,2:13:44
34.6%,17305000,-600247.6169710504,300.1288421837778,705,2:13:43
34.6%,17310000,-600205.8431723625,299.44692392291614,705,2:13:42
34.6%,17315000,-599322.2707089717,299.9518432179859,705,2:13:41
34.6%,17320000,-600014.6763829691,302.54346133914794,705,2:13:40
34.6%,17325000,-599509.8749437621,300.20469537881985,705,2:13:38
34.6%,17330000,-599499.4981416208,299.06142679908345,705,2:13:37
34.6%,17335000,-599943.9946563407,301.20062427892407,705,2:13:36
34.6%,17340000,-599945.597427466,297.30615638987933,705,2:13:35
34.7%,17345000,-600838.7799531021,300.907514972856,705,2:13:33
34.7%,17350000,-599463.3074860186,298.98655488728906,705,2:13:32
34.7%,17355000,-599885.2227470144,301.88595249907127,705,2:13:31
34.7%,17360000,-598739.8787189657,299.28025296330566,705,2:13:30
34.7%,17365000,-600134.8059610147,300.85526163991955,705,2:13:29
34.7%,17370000,-599569.4646569146,299.34175489085106,705,2:13:27
34.7%,17375000,-599062.8750306852,297.95360707666777,705,2:13:26
34.7%,17380000,-599354.2730749557,299.6797579054984,705,2:13:25
34.7%,17385000,-600515.329992299,301.2442913834438,705,2:13:24
34.7%,17390000,-598089.1102484022,301.684347855845,705,2:13:22
34.8%,17395000,-597915.9212154485,298.3831147541569,705,2:13:21
34.8%,17400000,-601043.6149760038,299.2032712925288,705,2:13:20
34.8%,17405000,-600847.0195757509,301.50641667096784,705,2:13:19
34.8%,17410000,-600398.4770568665,300.5058757395997,705,2:13:18
34.8%,17415000,-599738.8231976805,299.5094807299528,705,2:13:16
34.8%,17420000,-597708.7284545386,299.3573327624073,705,2:13:15
34.8%,17425000,-599581.1612221547,300.1609546780566,705,2:13:14
34.8%,17430000,-598003.4956879523,300.06081472263566,705,2:13:13
34.8%,17435000,-598791.540683426,300.98162639013356,705,2:13:11
34.8%,17440000,-599361.34076775,297.5432834866699,705,2:13:10
34.9%,17445000,-599786.2676005983,302.4957219091506,705,2:13:09
34.9%,17450000,-599709.8726390307,302.8641937686369,705,2:13:08
34.9%,17455000,-598240.4443112402,301.1177058444991,705,2:13:07
34.9%,17460000,-599319.9126465381,302.34180763175925,705,2:13:05
34.9%,17465000,-599062.007348848,301.8867620577505,705,2:13:04
34.9%,17470000,-599273.5444303737,300.4372840405901,705,2:13:03
34.9%,17475000,-598300.2510595354,298.5607760861409,705,2:13:02
34.9%,17480000,-600080.9748497359,297.10636712066116,705,2:13:00
34.9%,17485000,-597804.3036256535,301.01150646502396,705,2:12:59
34.9%,17490000,-599861.5413555177,303.1352242016332,705,2:12:58
35.0%,17495000,-600836.1293258974,300.32163980985655,705,2:12:57
35.0%,17500000,-598510.6357931937,297.11689138349203,705,2:12:55
35.0%,17505000,-599138.2527093366,300.96960567035,705,2:12:54
35.0%,17510000,-598789.6691657314,299.24311139238273,705,2:12:53
35.0%,17515000,-599225.9310630518,301.13649741869125,705,2:12:52
35.0%,17520000,-599873.8618598371,299.2512805754193,705,2:12:51
35.0%,17525000,-600221.4315238725,302.4333122946011,705,2:12:49
35.0%,17530000,-598565.9619890824,299.2130350608428,705,2:12:48
35.0%,17535000,-597661.0742405532,300.0634151232418,705,2:12:47
35.0%,17540000,-599385.2970143585,300.1218505406384,705,2:12:46
35.1%,17545000,-599137.5025179293,302.3484803578432,705,2:12:44
35.1%,17550000,-601176.7677066154,302.9027336681877,705,2:12:43
35.1%,17555000,-599941.9867468551,299.99283632565584,705,2:12:42
35.1%,17560000,-599900.2394437427,301.71309945500064,705,2:12:41
35.1%,17565000,-599928.8934803368,297.19625266614435,705,2:12:39
35.1%,17570000,-599841.2136945529,300.76400229788965,705,2:12:38
35.1%,17575000,-600659.8093751101,299.92485792867603,705,2:12:37
35.1%,17580000,-599571.6216576225,300.10426103842457,705,2:12:36
35.1%,17585000,-600299.3831559406,299.55275532117344,705,2:12:34
35.1%,17590000,-598400.7988495803,301.27976477284574,705,2:12:33
35.2%,17595000,-599220.2108190903,302.8786922286207,705,2:12:32
35.2%,17600000,-599422.6628630972,300.5590612916214,705,2:12:31
35.2%,17605000,-599358.8013589536,299.84817064287347,705,2:12:30
35.2%,17610000,-599846.7796022301,298.77354282630904,705,2:12:28
35.2%,17615000,-600348.598984885,299.1777579280904,705,2:12:27
35.2%,17620000,-600032.675246682,298.64938596340215,705,2:12:26
35.2%,17625000,-599552.1238610432,303.2067106862233,705,2:12:25
35.2%,17630000,-599845.3970689462,300.7437633309072,705,2:12:23
35.2%,17635000,-599621.4874764904,300.51235220903413,705,2:12:22
35.2%,17640000,-599733.295151331,299.2223081875329,705,2:12:21
35.3%,17645000,-599137.6122609056,300.13622634021624,705,2:12:20
35.3%,17650000,-600900.7986055729,300.6905041826419,705,2:12:18
35.3%,17655000,-599907.3328301986,301.63108870757964,705,2:12:17
35.3%,17660000,-597651.6922447025,299.3615032162097,705,2:12:16
35.3%,17665000,-599892.0626252354,300.23199958518524,705,2:12:15
35.3%,17670000,-599017.2962223724,300.2143855508902,705,2:12:14
35.3%,17675000,-599073.239626084,301.4267610033412,705,2:12:12
35.3%,17680000,-599033.2975470503,300.3794619252234,705,2:12:11
35.3%,17685000,-599694.0704256557,301.2824633017767,705,2:12:10
35.3%,17690000,-599354.8728709961,300.7239659413862,705,2:12:09
35.4%,17695000,-598085.9196184189,301.14633478324873,705,2:12:07
35.4%,17700000,-598253.6891644467,300.1689030723624,705,2:12:06
35.4%,17705000,-599280.4004842485,298.9160251538654,705,2:12:05
35.4%,17710000,-600300.5734750964,299.246226966694,705,2:12:04
35.4%,17715000,-599304.2284805877,300.1515343588793,705,2:12:03
35.4%,17720000,-599853.0730322618,298.9057952760088,705,2:12:01
35.4%,17725000,-600055.2888921238,302.0852511266656,705,2:12:00
35.4%,17730000,-599471.6377344728,299.9671267045678,705,2:11:59
35.4%,17735000,-599886.5815591319,300.8783463283201,705,2:11:58
35.4%,17740000,-599491.7876000856,300.3482325858674,705,2:11:56
35.5%,17745000,-599691.2815171536,302.6889365806096,705,2:11:55
35.5%,17750000,-599248.2225075392,299.8820249149168,705,2:11:54
35.5%,17755000,-599673.9207930951,301.52591967551456,705,2:11:53
35.5%,17760000,-598772.9893838693,300.6284870813915,705,2:11:52
35.5%,17765000,-599000.3464463213,301.50023458650776,705,2:11:50
35.5%,17770000,-599746.7596218232,299.9889602568276,705,2:11:49
35.5%,17775000,-599245.4159712074,300.2478473096345,705,2:11:48
35.5%,17780000,-598798.9603719204,298.9111432697084,705,2:11:46
35.5%,17785000,-599925.2658346412,300.60022612385967,705,2:11:45
35.5%,17790000,-600078.5380898849,301.79788232759614,705,2:11:44
35.6%,17795000,-600260.1708738757,298.81262243164605,705,2:11:43
35.6%,17800000,-598425.5152967833,300.1681671099267,705,2:11:41
35.6%,17805000,-598325.8163502677,298.10133926959895,705,2:11:40
35.6%,17810000,-599354.9013529737,300.81620656666377,705,2:11:39
35.6%,17815000,-601231.0056492398,299.5987775054875,705,2:11:38
35.6%,17820000,-599095.9208957548,301.29379712328694,705,2:11:37
35.6%,17825000,-600775.9954407243,300.8146855776299,705,2:11:35
35.6%,17830000,-598883.5082831443,302.3753920509095,705,2:11:34
35.6%,17835000,-600078.7347994316,300.8121833053484,705,2:11:33
35.6%,17840000,-599576.7836505976,300.1905158358915,705,2:11:32
35.7%,17845000,-599858.6534739947,300.71854435144303,705,2:11:30
35.7%,17850000,-600722.4054579767,300.93489277546496,705,2:11:29
35.7%,17855000,-600500.781789077,301.00699256208486,705,2:11:28
35.7%,17860000,-599494.1567753921,300.1313199239781,705,2:11:27
35.7%,17865000,-599070.9235829366,301.06785665551934,705,2:11:25
35.7%,17870000,-599947.2669342048,300.7797028298518,705,2:11:24
35.7%,17875000,-599989.438008185,298.2024359761864,705,2:11:23
35.7%,17880000,-599369.1890758099,296.08166208932005,705,2:11:22
35.7%,17885000,-600936.238708423,301.73905439690054,705,2:11:20
35.7%,17890000,-599905.6589992,303.4942512098611,705,2:11:19
35.8%,17895000,-600793.2932685036,299.45433261143586,705,2:11:18
35.8%,17900000,-599471.2996869884,301.654271524305,705,2:11:17
35.8%,17905000,-598773.2721325364,298.86340383971105,705,2:11:16
35.8%,17910000,-598782.9975359458,298.13779394224855,705,2:11:14
35.8%,17915000,-598706.6852346715,299.26597529205264,705,2:11:13
35.8%,17920000,-599906.3481659302,299.8847234438478,705,2:11:12
35.8%,17925000,-600162.2935597417,303.73709428156917,705,2:11:10
35.8%,17930000,-598486.047322284,301.8674553098533,705,2:11:09
35.8%,17935000,-599049.0835120156,298.94877548225514,705,2:11:08
35.8%,17940000,-598237.802171391,302.85040673900767,705,2:11:07
35.9%,17945000,-600616.2276871079,301.4610077886836,705,2:11:05
35.9%,17950000,-599143.8861338054,299.87503327177745,705,2:11:04
35.9%,17955000,-600987.012993935,300.3329736313667,705,2:11:03
35.9%,17960000,-600291.2274919348,298.61791130323434,705,2:11:02
35.9%,17965000,-598960.9496673122,302.8812680971457,705,2:11:01
35.9%,17970000,-599932.7595858094,298.0126803281753,705,2:10:59
35.9%,17975000,-599150.6593401115,297.86470281443223,705,2:10:58
35.9%,17980000,-599529.2015852071,298.88511473156495,705,2:10:57
35.9%,17985000,-600109.549525335,301.4342187560232,705,2:10:55
35.9%,17990000,-599874.5081433444,297.21111910734606,705,2:10:54
36.0%,17995000,-599498.7696548644,300.1587467907494,705,2:10:53
36.0%,18000000,-599959.2714142515,301.1482237535005,705,2:10:52
36.0%,18005000,-600961.1875178292,300.2893555910094,705,2:10:51
36.0%,18010000,-599254.6016150499,301.7977841992714,705,2:10:49
36.0%,18015000,-599207.3417279334,301.2659777432165,705,2:10:48
36.0%,18020000,-599975.5411371393,301.1497447425343,705,2:10:47
36.0%,18025000,-598540.8085767082,299.51075639817475,705,2:10:46
36.0%,18030000,-600527.6314556589,303.23124276741413,705,2:10:44
36.0%,18035000,-599459.5605207048,299.88195131867326,705,2:10:43
36.0%,18040000,-599482.1613473622,298.4312466974533,705,2:10:42
36.1%,18045000,-600001.153732514,300.5299171791667,705,2:10:41
36.1%,18050000,-599083.6918399488,302.07595346789424,705,2:10:39
36.1%,18055000,-599278.5493814177,299.4410362234304,705,2:10:38
36.1%,18060000,-599323.8365132688,301.6772580843808,705,2:10:37
36.1%,18065000,-598716.0173587375,299.82594457731454,705,2:10:36
36.1%,18070000,-599185.8686093003,299.3154319677333,705,2:10:34
36.1%,18075000,-600688.6500499225,300.71771026068257,705,2:10:33
36.1%,18080000,-598447.7426164802,300.6337369467663,705,2:10:32
36.1%,18085000,-599764.8745062063,301.39621856225864,705,2:10:31
36.1%,18090000,-600423.209081986,299.4016867652003,705,2:10:29
36.2%,18095000,-601029.2414497216,297.7216071848461,705,2:10:28
36.2%,18100000,-599372.9037549221,300.67902316864456,705,2:10:27
36.2%,18105000,-600223.3824739573,302.88553667927295,705,2:10:26
36.2%,18110000,-599943.3906659624,299.97387302689526,705,2:10:25
36.2%,18115000,-599050.2110606502,300.53708054687445,705,2:10:23
36.2%,18120000,-600492.608302806,299.9141374091956,705,2:10:22
36.2%,18125000,-598536.6837401665,302.30366024550756,705,2:10:21
36.2%,18130000,-600019.0209657094,299.6243399340883,705,2:10:20
36.2%,18135000,-599380.3127254955,300.1764098892068,705,2:10:18
36.2%,18140000,-598974.4614072074,297.3814698791352,705,2:10:17
36.3%,18145000,-599753.2358389925,299.7179052917501,705,2:10:16
36.3%,18150000,-599139.1389936465,301.8743733567492,705,2:10:14
36.3%,18155000,-601070.2671553413,300.5221405094292,705,2:10:13
36.3%,18160000,-599053.6813008459,299.1086265232946,705,2:10:12
36.3%,18165000,-599427.4932140661,302.0405291426547,705,2:10:11
36.3%,18170000,-599061.5174005721,298.3421952427306,705,2:10:10
36.3%,18175000,-599549.3119175932,298.01157638452173,705,2:10:08
36.3%,18180000,-598103.7074371539,300.37119461386203,705,2:10:07
36.3%,18185000,-600421.5497213742,301.19782762166835,705,2:10:06
36.3%,18190000,-600614.1460957583,299.7993027371413,705,2:10:05
36.4%,18195000,-599192.7683897987,301.76056903210485,705,2:10:03
36.4%,18200000,-599764.7078869073,301.943259440733,705,2:10:02
36.4%,18205000,-598818.100246802,299.2981368504938,705,2:10:01
36.4%,18210000,-600344.8037942993,299.4705728491842,705,2:10:00
36.4%,18215000,-598710.829086293,300.72774388188964,705,2:09:58
36.4%,18220000,-599304.3681582571,299.9399696906895,705,2:09:57
36.4%,18225000,-600041.808829722,301.952385374936,705,2:09:56
36.4%,18230000,-600848.3655444724,301.10519448309174,705,2:09:55
36.4%,18235000,-599513.7314719828,299.64855309822366,705,2:09:53
36.4%,18240000,-598960.5122508053,300.8826394425285,705,2:09:52
36.5%,18245000,-599959.042275459,299.2486311106507,705,2:09:51
36.5%,18250000,-599663.4429992014,301.54093330920335,705,2:09:50
36.5%,18255000,-599293.4906594837,302.3986729959596,705,2:09:49
36.5%,18260000,-600717.8530398868,300.5062682528988,705,2:09:47
36.5%,18265000,-598045.814255116,299.42989865856975,705,2:09:46
36.5%,18270000,-599308.6380717251,298.4386063218106,705,2:09:45
36.5%,18275000,-600903.71912314,300.63015526291247,705,2:09:44
36.5%,18280000,-600369.94467049,300.0193309733419,705,2:09:42
36.5%,18285000,-598582.0763641829,301.4321089970408,705,2:09:41
36.5%,18290000,-597899.442381843,299.5804765729191,705,2:09:40
36.6%,18295000,-600116.5240096226,300.787185114615,705,2:09:39
36.6%,18300000,-598760.6403592168,300.9741441053703,705,2:09:37
36.6%,18305000,-598731.8176404512,301.1155715534355,705,2:09:36
36.6%,18310000,-599785.0281144539,300.59762572325343,705,2:09:35
36.6%,18315000,-599602.2583953394,300.21742752895784,705,2:09:34
36.6%,18320000,-600283.8503072495,299.09714550929726,705,2:09:33
36.6%,18325000,-599022.1537914868,297.5229709234439,705,2:09:31
36.6%,18330000,-597922.1980885477,300.68530338142943,705,2:09:30
36.6%,18335000,-598663.843261173,300.61278654942936,705,2:09:29
36.6%,18340000,-599775.4852763712,301.661729276987,705,2:09:28
36.7%,18345000,-599926.5689131427,299.15504122090766,705,2:09:26
36.7%,18350000,-600032.1198929199,298.69361730578925,705,2:09:25
36.7%,18355000,-599084.8339843005,301.2060458688673,705,2:09:24
36.7%,18360000,-599041.2163823633,302.561075373443,705,2:09:23
36.7%,18365000,-598464.5469029974,299.9183814592416,705,2:09:21
36.7%,18370000,-598771.073647718,300.8504042878438,705,2:09:20
36.7%,18375000,-598664.6834352766,300.77123926184095,705,2:09:19
36.7%,18380000,-597975.1863612416,301.71869276951213,705,2:09:18
36.7%,18385000,-597995.2251459742,299.3133222087509,705,2:09:16
36.7%,18390000,-599597.0360006522,298.03051515120103,705,2:09:15
36.8%,18395000,-598566.2197755673,303.7541686100779,705,2:09:14
36.8%,18400000,-599298.5246979701,303.4143747535037,705,2:09:13
36.8%,18405000,-599826.5704637496,299.65959253475955,705,2:09:11
36.8%,18410000,-600123.2393052005,298.92321305365425,705,2:09:10
36.8%,18415000,-599384.3092828696,299.6639837772927,705,2:09:09
36.8%,18420000,-599488.172787555,301.84056814886816,705,2:09:08
36.8%,18425000,-598397.4587750984,299.76613536337135,705,2:09:06
36.8%,18430000,-601327.927744294,299.71800342007487,705,2:09:05
36.8%,18435000,-599403.6274262723,300.4144201409203,705,2:09:04
36.8%,18440000,-599779.2448274838,300.6765944926067,705,2:09:03
36.9%,18445000,-598213.6727382452,299.3014977456169,705,2:09:01
36.9%,18450000,-599083.4735046704,301.93776425454627,705,2:09:00
36.9%,18455000,-600677.1895233747,302.2718912003654,705,2:08:59
36.9%,18460000,-600423.0201727278,301.25479111419344,705,2:08:58
36.9%,18465000,-599738.0527511537,302.11145138937735,705,2:08:56
36.9%,18470000,-599591.5385816544,301.5715984106919,705,2:08:55
36.9%,18475000,-598609.4260963048,300.76159815393294,705,2:08:54
36.9%,18480000,-598947.0660999962,300.90876610899676,705,2:08:53
36.9%,18485000,-600273.7381149628,298.2808650397535,705,2:08:51
36.9%,18490000,-598935.2805382358,301.67904892630776,705,2:08:50
37.0%,18495000,-600064.8836803697,299.29242087557634,705,2:08:49
37.0%,18500000,-601039.3452045764,301.0127085370023,705,2:08:48
37.0%,18505000,-599892.6732773129,300.16625360759383,705,2:08:46
37.0%,18510000,-598997.4968742318,299.03061450510774,705,2:08:45
37.0%,18515000,-600331.0064331163,300.8365681940521,705,2:08:44
37.0%,18520000,-600796.4778448055,300.66229228927244,705,2:08:43
37.0%,18525000,-599911.5459929584,298.7203327422061,705,2:08:42
37.0%,18530000,-600497.2688467861,301.77879636842965,705,2:08:40
37.0%,18535000,-598035.594010077,300.0895663217912,705,2:08:39
37.0%,18540000,-598632.5054205428,302.951110932296,705,2:08:38
37.1%,18545000,-600440.086288108,295.66167285933295,705,2:08:36
37.1%,18550000,-599664.2730180882,302.5742245689612,705,2:08:35
37.1%,18555000,-598277.729690705,299.3972219264235,705,2:08:34
37.1%,18560000,-600590.8254169277,302.26605256504195,705,2:08:33
37.1%,18565000,-600455.2660619789,300.878199135833,705,2:08:32
37.1%,18570000,-599910.7914824183,301.53980483346857,705,2:08:30
37.1%,18575000,-598722.4971449133,301.89296867429175,705,2:08:29
37.1%,18580000,-599404.1026106863,303.12492072753304,705,2:08:28
37.1%,18585000,-599470.7722453317,301.4663803144644,705,2:08:27
37.1%,18590000,-599403.2362863962,299.1916430860444,705,2:08:25
37.2%,18595000,-600839.4668006082,299.3501939267808,705,2:08:24
37.2%,18600000,-600081.2055550124,297.60956917004756,705,2:08:23
37.2%,18605000,-599342.0630341265,298.61023276182163,705,2:08:22
37.2%,18610000,-600044.313165795,299.17638413154367,705,2:08:20
37.2%,18615000,-599443.6699436726,300.92620841872343,705,2:08:19
37.2%,18620000,-599772.1632216577,299.08855928088053,705,2:08:18
37.2%,18625000,-599249.1869860161,300.9768181022201,705,2:08:17
37.2%,18630000,-598945.3874803423,300.8997628351997,705,2:08:15
37.2%,18635000,-599933.1215688926,297.2403613481255,705,2:08:14
37.2%,18640000,-599169.2985696043,300.3250497691421,705,2:08:13
37.3%,18645000,-600630.722310069,298.14642923482774,705,2:08:12
37.3%,18650000,-599113.2499678554,300.0341238183,705,2:08:10
37.3%,18655000,-600095.698129924,303.3831454141478,705,2:08:09
37.3%,18660000,-599416.182659403,300.4941003406281,705,2:08:08
37.3%,18665000,-600537.523544467,299.0097622360955,705,2:08:07
37.3%,18670000,-599481.5377296554,299.5427462320476,705,2:08:05
37.3%,18675000,-600777.2204336398,300.42855061968623,706,2:08:04
37.3%,18680000,-599979.044026976,297.3534787744964,706,2:08:03
37.3%,18685000,-599856.379024541,298.34356903927727,706,2:08:02
37.3%,18690000,-598951.6284856028,298.45992470036543,706,2:08:00
37.4%,18695000,-599805.1450638114,298.36962210950196,706,2:07:59
37.4%,18700000,-600041.9326188494,299.9239747737532,706,2:07:58
37.4%,18705000,-599778.4293524912,301.09322282747064,706,2:07:57
37.4%,18710000,-599031.1952760252,301.06125752567897,706,2:07:56
37.4%,18715000,-600284.7764687082,300.7966790300358,706,2:07:54
37.4%,18720000,-599529.5459681503,301.9055290998615,706,2:07:53
37.4%,18725000,-599108.8122953838,297.4041375221555,706,2:07:52
37.4%,18730000,-600513.2532775393,302.3042735475373,706,2:07:51
37.4%,18735000,-599134.1040331288,300.7512456156704,706,2:07:49
37.4%,18740000,-599762.0187472962,303.1245772783964,706,2:07:48
37.5%,18745000,-599978.6265434232,299.90915739671385,706,2:07:47
37.5%,18750000,-600390.8763390156,299.4846787958689,706,2:07:46
37.5%,18755000,-599773.7365595624,298.864041673822,706,2:07:44
37.5%,18760000,-599939.9593988722,300.2152196416507,706,2:07:43
37.5%,18765000,-599006.3099000524,296.64079728382154,706,2:07:42
37.5%,18770000,-599893.55177911,299.7091228066838,706,2:07:41
37.5%,18775000,-599749.4157585544,298.8427968915107,706,2:07:39
37.5%,18780000,-599941.0975270416,300.9858459080983,706,2:07:38
37.5%,18785000,-599541.7352234107,299.3921683176983,706,2:07:37
37.5%,18790000,-600632.6806178563,300.9321451823716,706,2:07:36
37.6%,18795000,-599638.044885946,301.06658098729736,706,2:07:34
37.6%,18800000,-599427.4632336637,303.9820225801784,706,2:07:33
37.6%,18805000,-599644.3207666716,299.9009146174337,706,2:07:32
37.6%,18810000,-599326.0903128292,299.7167768160154,706,2:07:31
37.6%,18815000,-598278.5640930654,299.95071474225114,706,2:07:30
37.6%,18820000,-600356.5999962781,301.16534714617165,706,2:07:28
37.6%,18825000,-600396.2515290105,301.74403440938227,706,2:07:27
37.6%,18830000,-599863.9085549689,301.9805482041431,706,2:07:26
37.6%,18835000,-600159.817287798,302.6337884620926,706,2:07:25
37.6%,18840000,-599166.770627398,299.7153539553063,706,2:07:23
37.7%,18845000,-598855.136022381,300.12116364236505,706,2:07:22
37.7%,18850000,-599825.2473550215,301.1489597159362,706,2:07:21
37.7%,18855000,-600102.8893518266,299.6194825820125,706,2:07:20
37.7%,18860000,-600439.7513965,298.6631239288691,706,2:07:18
37.7%,18865000,-600472.7404433023,301.6448512051277,706,2:07:17
37.7%,18870000,-599902.5731709381,301.19557067019883,706,2:07:16
37.7%,18875000,-600104.4580696616,298.581873675965,706,2:07:15
37.7%,18880000,-599089.8452536059,298.40808841280915,706,2:07:13
37.7%,18885000,-599177.5572782806,300.53136457195694,706,2:07:12
37.7%,18890000,-600528.7556040622,299.8758918946191,706,2:07:11
37.8%,18895000,-600671.2552994355,301.8780041047654,706,2:07:10
37.8%,18900000,-600220.2181614726,303.61563594759326,706,2:07:08
37.8%,18905000,-599292.7168258238,301.897359916825,706,2:07:07
37.8%,18910000,-598694.7415400213,300.4915490041842,706,2:07:06
37.8%,18915000,-598788.9402327687,298.35387251337744,706,2:07:05
37.8%,18920000,-600250.6694180593,298.4854625968851,706,2:07:03
37.8%,18925000,-599567.5995227816,299.270145745855,706,2:07:02
37.8%,18930000,-598570.1428089426,299.379411635479,706,2:07:01
37.8%,18935000,-599801.3511918234,297.9124422444296,706,2:07:00
37.8%,18940000,-600528.2608480887,298.8550138679438,706,2:06:58
37.9%,18945000,-598892.4196715439,299.4231278041611,706,2:06:57
37.9%,18950000,-598851.0184921636,298.94001752927,706,2:06:56
37.9%,18955000,-599469.316204235,302.86699042589265,706,2:06:55
37.9%,18960000,-600257.8993978999,300.9491213825557,706,2:06:53
37.9%,18965000,-599417.302552253,298.29548616014324,706,2:06:52
37.9%,18970000,-599160.121579098,301.23251598447223,706,2:06:51
37.9%,18975000,-599483.2908472964,301.9499076347357,706,2:06:50
37.9%,18980000,-598587.0796338655,299.610675564865,706,2:06:48
37.9%,18985000,-599412.24501677,301.0999446177169,706,2:06:47
37.9%,18990000,-598690.5368706277,300.52712052191094,706,2:06:46
38.0%,18995000,-599641.7942965361,300.66469643322915,706,2:06:45
38.0%,19000000,-599698.6236526999,302.90457357427704,706,2:06:43
38.0%,19005000,-597985.4168415833,300.02411472917413,706,2:06:42
38.0%,19010000,-598521.4570202972,296.45881830554794,706,2:06:41
38.0%,19015000,-599063.1128559601,299.0258062171943,706,2:06:40
38.0%,19020000,-599374.0411451864,299.6906746816283,706,2:06:38
38.0%,19025000,-599720.5410502534,302.29240002024096,706,2:06:37
38.0%,19030000,-599497.1417512125,301.3231865565535,706,2:06:36
38.0%,19035000,-600294.3710753503,298.83278780238487,706,2:06:35
38.0%,19040000,-599998.0916586611,301.97991037003214,706,2:06:33
38.1%,19045000,-600644.4563200357,303.9030538108251,706,2:06:32
38.1%,19050000,-599233.5118928934,298.34175366526915,706,2:06:31
38.1%,19055000,-600201.7509654788,299.18217370270474,706,2:06:30
38.1%,19060000,-600486.6384949931,301.0349346025612,706,2:06:28
38.1%,19065000,-599302.506550183,303.86304198640283,706,2:06:27
38.1%,19070000,-599066.9629613077,297.3987159322123,706,2:06:26
38.1%,19075000,-599769.9752886319,298.99097066190336,706,2:06:25
38.1%,19080000,-599393.5620305822,298.8192951577299,706,2:06:23
38.1%,19085000,-598781.9063707478,299.8563643579912,706,2:06:22
38.1%,19090000,-598167.5952489991,300.28042591345593,706,2:06:21
38.2%,19095000,-598463.1792864087,301.13070784753023,706,2:06:20
38.2%,19100000,-599102.1591299204,301.1984409236981,706,2:06:18
38.2%,19105000,-599619.939076114,299.86887571939855,706,2:06:17
38.2%,19110000,-599972.3289859886,302.33609165684186,706,2:06:16
38.2%,19115000,-600083.8171837796,301.9170101138588,706,2:06:15
38.2%,19120000,-600054.5078337654,300.57758301292046,706,2:06:14
38.2%,19125000,-598535.2267719046,303.6853561223377,706,2:06:12
38.2%,19130000,-598824.9533395781,301.04754409229326,706,2:06:11
38.2%,19135000,-599117.0111282393,299.6790464751439,706,2:06:10
38.2%,19140000,-599783.3628741531,303.35061587448877,706,2:06:09
38.3%,19145000,-599479.9127195003,299.57650237576615,706,2:06:07
38.3%,19150000,-600089.9258601507,299.3724445244208,706,2:06:06
38.3%,19155000,-599306.0668578357,299.81569016737683,706,2:06:05
38.3%,19160000,-599559.6036305861,302.64414100035515,706,2:06:04
38.3%,19165000,-599175.7994633731,297.8440958662319,706,2:06:02
38.3%,19170000,-599189.3409403353,298.32085233209455,706,2:06:01
38.3%,19175000,-600686.3789838799,302.25064641805415,706,2:06:00
38.3%,19180000,-599181.1758415168,300.547948258842,706,2:05:59
38.3%,19185000,-600048.2445701975,302.5136793925823,706,2:05:57
38.3%,19190000,-600095.9722170546,296.98336326557035,706,2:05:56
38.4%,19195000,-600283.5206697257,299.55358941193396,706,2:05:55
38.4%,19200000,-598629.3791912254,301.1662303010946,706,2:05:54
38.4%,19205000,-599681.8881635359,297.9233590205595,706,2:05:53
38.4%,19210000,-600657.187223345,301.3891778549568,706,2:05:51
38.4%,19215000,-599740.6015870692,301.5977741413225,706,2:05:50
38.4%,19220000,-599609.680802308,300.36768652625176,706,2:05:49
38.4%,19225000,-599501.6992640668,299.1283748486532,706,2:05:48
38.4%,19230000,-600246.5821415577,300.72705698361625,706,2:05:46
38.4%,19235000,-600181.6105207023,298.8492242967827,706,2:05:45
38.4%,19240000,-599372.6521630511,298.86126954864744,706,2:05:44
38.5%,19245000,-600395.2511811727,299.8384068745595,706,2:05:43
38.5%,19250000,-600370.6565777659,300.1061009445139,706,2:05:41
38.5%,19255000,-600562.7856822745,300.9055769384419,706,2:05:40
38.5%,19260000,-599562.8166159494,299.9383015091686,706,2:05:39
38.5%,19265000,-599580.9472697694,299.6347906006756,706,2:05:38
38.5%,19270000,-599834.0565213547,300.00981252583983,706,2:05:37
38.5%,19275000,-599754.790868423,300.25741482129894,706,2:05:35
38.5%,19280000,-600376.0141002592,299.6995798271006,706,2:05:34
38.5%,19285000,-599785.4196532448,301.9914895123542,706,2:05:33
38.5%,19290000,-598631.0175116002,300.43323624719363,706,2:05:31
38.6%,19295000,-599717.9128695372,298.37477384655205,706,2:05:30
38.6%,19300000,-600518.6080148397,300.7587033683524,706,2:05:29
38.6%,19305000,-600252.7567010322,299.84601181972863,706,2:05:28
38.6%,19310000,-600613.5220038095,303.5372559481886,706,2:05:27
38.6%,19315000,-599692.3990425556,300.08051398383185,706,2:05:25
38.6%,19320000,-599993.7156854458,298.8911250914567,706,2:05:24
38.6%,19325000,-599657.4619618589,300.0479599120916,706,2:05:23
38.6%,19330000,-599529.5985231907,298.28959846065743,706,2:05:21
38.6%,19335000,-599215.2006817474,298.878564665887,706,2:05:20
38.6%,19340000,-600573.5751928692,301.17064607570893,706,2:05:19
38.7%,19345000,-599248.7884528958,303.30371053525187,706,2:05:18
38.7%,19350000,-600117.7964728647,301.7480331386164,706,2:05:16
38.7%,19355000,-599691.5313929906,299.3122918613409,706,2:05:15
38.7%,19360000,-599386.1637963392,299.5410535184454,706,2:05:14
38.7%,19365000,-599528.4546453413,300.46377868827625,706,2:05:13
38.7%,19370000,-598857.1886204123,304.60999479450135,706,2:05:11
38.7%,19375000,-599884.305456284,298.96042822082075,706,2:05:10
38.7%,19380000,-600655.2003509034,301.77079890996146,706,2:05:09
38.7%,19385000,-599184.8132963344,298.0576476329981,706,2:05:08
38.7%,19390000,-598768.1825412591,301.3954335356605,706,2:05:06
38.8%,19395000,-600376.6724009207,301.2065610425723,706,2:05:05
38.8%,19400000,-599713.3661269904,299.8379162329357,706,2:05:04
38.8%,19405000,-599524.4755281671,300.83386966512114,706,2:05:03
38.8%,19410000,-599530.9143606867,300.9134517365042,706,2:05:02
38.8%,19415000,-599527.1211070064,301.12769040154376,706,2:05:00
38.8%,19420000,-598645.5865166872,300.07084834384267,706,2:04:59
38.8%,19425000,-599795.4361344269,301.5284464798772,706,2:04:58
38.8%,19430000,-599111.0056236605,300.6946991685255,706,2:04:57
38.8%,19435000,-599411.8145079026,299.5024645547322,706,2:04:55
38.8%,19440000,-600338.4320869814,300.7878965449695,706,2:04:54
38.9%,19445000,-599731.4196194913,299.52336588790683,706,2:04:53
38.9%,19450000,-598580.3561832774,297.9912392892145,706,2:04:51
38.9%,19455000,-599734.5039974307,302.304616996674,706,2:04:50
38.9%,19460000,-599260.117330723,299.98091373419703,706,2:04:49
38.9%,19465000,-601572.3872003672,299.5716940878528,706,2:04:48
38.9%,19470000,-598833.5618693624,300.18533956676026,706,2:04:47
38.9%,19475000,-599685.0067097237,299.2738010259525,706,2:04:45
38.9%,19480000,-598826.4723116369,299.779848796757,706,2:04:44
38.9%,19485000,-599786.2045236956,301.003288217825,706,2:04:43
38.9%,19490000,-598735.5488333944,299.60500865410995,706,2:04:42
39.0%,19495000,-600297.5925338157,298.04361528255697,706,2:04:40
39.0%,19500000,-598715.5543165184,302.4246279378595,706,2:04:39
39.0%,19505000,-599271.6194101102,301.8581085869196,706,2:04:38
39.0%,19510000,-599795.1365510253,300.24770011714736,706,2:04:37
39.0%,19515000,-599865.6179491016,300.0028454147817,706,2:04:36
39.0%,19520000,-598723.890718237,302.61455531043896,706,2:04:34
39.0%,19525000,-600526.5566937653,301.1668681352055,706,2:04:33
39.0%,19530000,-599835.1546156057,299.3684212631055,706,2:04:32
39.0%,19535000,-600396.7262161053,298.96050181706437,706,2:04:31
39.0%,19540000,-599446.6264115493,300.44942742077956,706,2:04:29
39.1%,19545000,-599204.6396257547,298.6619709210531,706,2:04:28
39.1%,19550000,-598633.3515437259,299.9349160819643,706,2:04:27
39.1%,19555000,-600866.833300339,299.68304520437795,706,2:04:26
39.1%,19560000,-600362.2275097067,298.90545182687214,706,2:04:24
39.1%,19565000,-599184.9249786767,299.37210107528415,706,2:04:23
39.1%,19570000,-599817.5990646235,299.375290245839,706,2:04:22
39.1%,19575000,-599272.249948787,299.8143163708301,706,2:04:21
39.1%,19580000,-599361.9182042512,302.05664671999705,706,2:04:19
39.1%,19585000,-598221.3600292061,303.3305486320746,706,2:04:18
39.1%,19590000,-599095.3227134906,300.1593110286168,706,2:04:17
39.2%,19595000,-598758.4345265846,299.0517120949319,706,2:04:16
39.2%,19600000,-600670.1378865214,299.01861831740547,706,2:04:14
39.2%,19605000,-600900.0616160943,298.3945957681542,706,2:04:13
39.2%,19610000,-600049.2500391318,301.75573621211026,706,2:04:12
39.2%,19615000,-600915.3340229625,302.8288430396409,706,2:04:11
39.2%,19620000,-598636.3690850548,300.3822585824791,706,2:04:10
39.2%,19625000,-599639.0935939811,301.1884808987346,706,2:04:08
39.2%,19630000,-600351.7337718834,301.0079983774136,706,2:04:07
39.2%,19635000,-600448.6344069396,299.34614613338425,706,2:04:06
39.2%,19640000,-601425.0397338616,299.1506254462933,706,2:04:05
39.3%,19645000,-600397.8938494055,298.34455032252487,706,2:04:03
39.3%,19650000,-599477.8542342768,301.1969444667455,706,2:04:02
39.3%,19655000,-599012.8044240414,300.8846510731862,706,2:04:01
39.3%,19660000,-599286.8603987438,300.6698972344416,706,2:04:00
39.3%,19665000,-599794.7813600134,299.1560225041553,706,2:03:59
39.3%,19670000,-600692.4143665829,304.0770598627117,706,2:03:57
39.3%,19675000,-600798.178889975,299.32507307564134,706,2:03:56
39.3%,19680000,-598518.8950248039,301.2236844352435,706,2:03:55
39.3%,19685000,-598817.3034080225,300.8149308984418,706,2:03:54
39.3%,19690000,-599985.3854345735,297.3725892657441,706,2:03:52
39.4%,19695000,-598865.9423783943,298.7522244477542,706,2:03:51
39.4%,19700000,-598635.6158981561,298.9750493412105,706,2:03:50
39.4%,19705000,-599734.4441745258,302.54122891975953,706,2:03:49
39.4%,19710000,-599842.6595931067,302.8157674403662,706,2:03:47
39.4%,19715000,-598209.5150870611,299.7622102303808,706,2:03:46
39.4%,19720000,-600438.4641657495,301.3510059366239,706,2:03:45
39.4%,19725000,-600555.7914247387,297.47135542461837,706,2:03:44
39.4%,19730000,-598781.7322016549,302.3171038260001,706,2:03:42
39.4%,19735000,-599604.9135111207,302.54586548310465,706,2:03:41
39.4%,19740000,-599318.0109478072,300.98157732597116,706,2:03:40
39.5%,19745000,-599454.942163575,302.0092998032987,706,2:03:39
39.5%,19750000,-599639.8839975703,300.6699217665228,706,2:03:38
39.5%,19755000,-600258.4695592658,299.6445053048272,706,2:03:36
39.5%,19760000,-600491.0667789849,300.50896678182977,706,2:03:35
39.5%,19765000,-600330.14858688,296.9721275723849,706,2:03:34
39.5%,19770000,-601177.8069019313,301.3366546691273,706,2:03:33
39.5%,19775000,-598452.7218582965,300.53563315408417,706,2:03:31
39.5%,19780000,-599851.7504733782,299.046584889963,706,2:03:30
39.5%,19785000,-599460.9463555105,299.9484577907816,706,2:03:29
39.5%,19790000,-599848.0930333305,297.53724859469696,706,2:03:28
39.6%,19795000,-599793.9230901869,301.64919338349847,706,2:03:27
39.6%,19800000,-599390.8140002349,302.0394251990011,706,2:03:25
39.6%,19805000,-599547.4967836333,299.94818793788846,706,2:03:24
39.6%,19810000,-599714.4196967883,303.3537805129624,706,2:03:23
39.6%,19815000,-599914.4319689954,299.7605420488598,706,2:03:22
39.6%,19820000,-599767.4269135385,301.5356589117473,706,2:03:20
39.6%,19825000,-599866.1687535732,299.41728916883767,706,2:03:19
39.6%,19830000,-600033.653260231,301.79820124465164,706,2:03:18
39.6%,19835000,-599722.5753662582,301.1905661256359,706,2:03:17
39.6%,19840000,-599895.156186379,303.01150891618784,706,2:03:15
39.7%,19845000,-599414.7638864447,299.0218565521226,706,2:03:14
39.7%,19850000,-597949.687262788,301.125408917993,706,2:03:13
39.7%,19855000,-600403.3300602315,301.8894851187627,706,2:03:12
39.7%,19860000,-599728.091860489,302.2743689405657,706,2:03:11
39.7%,19865000,-599958.1073845988,300.09763737650303,706,2:03:09
39.7%,19870000,-599068.924427296,299.270783579966,706,2:03:08
39.7%,19875000,-599328.3504436426,301.16544527449645,706,2:03:07
39.7%,19880000,-599749.7743149903,298.5395313038297,706,2:03:06
39.7%,19885000,-599929.6537432331,301.3949183619555,706,2:03:04
39.7%,19890000,-599492.165899077,298.95701826153527,706,2:03:03
39.8%,19895000,-599561.915105829,302.7946943826232,706,2:03:02
39.8%,19900000,-599418.4363020137,302.5646570572968,706,2:03:01
39.8%,19905000,-599199.6128041255,302.5755983655079,706,2:02:59
39.8%,19910000,-600161.6023829812,298.9368528907964,706,2:02:58
39.8%,19915000,-600204.689689259,303.4457267532656,706,2:02:57
39.8%,19920000,-599674.3329334869,300.0148906666464,706,2:02:56
39.8%,19925000,-599788.9946366893,302.0469810800078,706,2:02:54
39.8%,19930000,-599848.9828849342,300.18298448696595,706,2:02:53
39.8%,19935000,-599951.8882899066,299.0998195061471,706,2:02:52
39.8%,19940000,-598962.7124917209,299.8399033315122,706,2:02:51
39.9%,19945000,-600303.0972668836,302.2542035698268,706,2:02:49
39.9%,19950000,-600327.1614331249,298.94754887819556,706,2:02:48
39.9%,19955000,-600253.8153263382,303.62618474250536,706,2:02:47
39.9%,19960000,-601477.5593352858,302.41820053258755,706,2:02:46
39.9%,19965000,-600063.3371637822,299.17108520200645,706,2:02:45
39.9%,19970000,-599215.4317728435,299.1313922946397,706,2:02:43
39.9%,19975000,-600253.4026793293,296.4091163090553,706,2:02:42
39.9%,19980000,-599351.844602779,301.3037571482504,706,2:02:41
39.9%,19985000,-600226.8753843261,300.9515745906748,706,2:02:40
39.9%,19990000,-599281.4685143852,297.87505535269474,706,2:02:38
40.0%,19995000,-600514.359711316,297.9850572047544,706,2:02:37
40.0%,20000000,-600192.4295320185,299.63952529234547,706,2:02:36
40.0%,20005000,-599441.478609154,299.6978135172548,706,2:02:35
40.0%,20010000,-600614.7924890048,300.45322989336415,706,2:02:34
40.0%,20015000,-600617.7103621019,303.26009249489454,706,2:02:32
40.0%,20020000,-599624.2970961165,303.1050252096873,706,2:02:31
40.0%,20025000,-598911.43960984,300.1073766127358,706,2:02:30
40.0%,20030000,-600808.4818336675,299.8236630937638,706,2:02:29
40.0%,20035000,-599276.1999367019,298.90621232138903,706,2:02:27
40.0%,20040000,-599920.594111118,302.0082449238075,706,2:02:26
40.0%,20045000,-599266.7480297955,299.6923428631493,706,2:02:25
40.1%,20050000,-599511.3973539378,300.8200090392483,706,2:02:24
40.1%,20055000,-601513.7403524332,301.76942511341474,706,2:02:22
40.1%,20060000,-599988.4072960378,301.7210233172252,706,2:02:21
40.1%,20065000,-598996.8522877423,299.98523138048665,706,2:02:20
40.1%,20070000,-601146.4408070589,301.8652474225462,706,2:02:19
40.1%,20075000,-600585.6386275515,299.22760711707014,706,2:02:17
40.1%,20080000,-599821.0151804877,299.7403766781209,706,2:02:16
40.1%,20085000,-599757.6960713039,301.95702193828106,706,2:02:15
40.1%,20090000,-599222.065076109,299.4105428465102,706,2:02:14
40.1%,20095000,-600335.1163406125,301.6607970579018,706,2:02:12
40.2%,20100000,-600358.7276602564,297.60262659107053,706,2:02:11
40.2%,20105000,-599178.5503548393,300.22100921281174,706,2:02:10
40.2%,20110000,-600085.036107216,299.3798041487781,706,2:02:09
40.2%,20115000,-600121.5140937283,300.38844066693923,706,2:02:08
40.2%,20120000,-598210.386590763,300.5636978549665,706,2:02:06
40.2%,20125000,-598651.3688815031,299.48104804785265,706,2:02:05
40.2%,20130000,-599643.9819442942,303.12143717200394,706,2:02:04
40.2%,20135000,-598430.6941771251,302.29455884338574,706,2:02:03
40.2%,20140000,-599835.981946297,300.4745728040002,706,2:02:01
40.2%,20145000,-600242.243593472,301.8019055889114,706,2:02:00
40.3%,20150000,-599701.8287640624,298.9848376416057,706,2:01:59
40.3%,20155000,-600448.6119494904,299.9744617968439,706,2:01:58
40.3%,20160000,-598709.4569445085,302.3594707302167,706,2:01:57
40.3%,20165000,-598750.1134714116,298.10379247771806,706,2:01:55
40.3%,20170000,-600408.897753377,300.3003704954641,706,2:01:54
40.3%,20175000,-600770.825202201,302.0393761348387,706,2:01:53
40.3%,20180000,-599273.8004268156,300.68562229848493,706,2:01:52
40.3%,20185000,-599511.6843981752,303.01217128238,706,2:01:50
40.3%,20190000,-600931.0639080079,302.13421716072247,706,2:01:49
40.3%,20195000,-600287.1767856879,299.20246173384953,706,2:01:48
40.4%,20200000,-599640.7500105584,301.15308110557623,706,2:01:47
40.4%,20205000,-598338.5527893011,299.94080378145003,706,2:01:45
40.4%,20210000,-597503.7101392196,300.08551852839474,706,2:01:44
40.4%,20215000,-599391.5593335205,298.39616582135045,706,2:01:43
40.4%,20220000,-599171.0802282682,298.46181367061706,706,2:01:42
40.4%,20225000,-598465.9326914139,299.43735641125176,706,2:01:40
40.4%,20230000,-599303.868336394,301.98785876433794,706,2:01:39
40.4%,20235000,-600648.0811206168,299.73946899111684,706,2:01:38
40.4%,20240000,-599206.5555433044,301.50882081492455,706,2:01:37
40.4%,20245000,-600061.1549360608,299.7693735980885,706,2:01:35
40.5%,20250000,-599264.0930411527,300.9381800743446,706,2:01:34
40.5%,20255000,-599066.8212448885,299.4054156415413,706,2:01:33
40.5%,20260000,-600945.0587379835,300.68184435798156,706,2:01:32
40.5%,20265000,-600137.6357276966,301.0176885494841,706,2:01:31
40.5%,20270000,-599026.0433118935,301.34035901338706,706,2:01:29
40.5%,20275000,-599524.8012808482,298.6932983887338,706,2:01:28
40.5%,20280000,-598142.9468618431,301.0890033095058,706,2:01:27
40.5%,20285000,-599563.1776013975,299.8752785925893,706,2:01:26
40.5%,20290000,-601099.8250967409,301.48715898723304,706,2:01:24
40.5%,20295000,-599463.7946208385,299.12592164053416,706,2:01:23
40.6%,20300000,-600527.995137875,298.87208819645264,706,2:01:22
40.6%,20305000,-598029.3155628592,301.043520830978,706,2:01:21
40.6%,20310000,-600391.9264020016,299.1440999126965,706,2:01:19
40.6%,20315000,-600066.8018768053,300.9243685126341,706,2:01:18
40.6%,20320000,-599854.7921504593,301.8621318482349,706,2:01:17
40.6%,20325000,-599284.0670939037,301.4310295854684,706,2:01:16
40.6%,20330000,-598769.1996122319,302.3158772219406,706,2:01:15
40.6%,20335000,-600004.5326816286,298.8373262374052,706,2:01:13
40.6%,20340000,-598305.7231138758,302.34114526556715,706,2:01:12
40.6%,20345000,-599274.9291678863,301.7976370067842,706,2:01:11
40.7%,20350000,-598340.2887758273,302.0014986014801,706,2:01:10
40.7%,20355000,-599451.9964826307,302.1776389444302,706,2:01:08
40.7%,20360000,-600281.0391873126,297.84856070500865,706,2:01:07
40.7%,20365000,-600177.3818378178,300.9567263277249,706,2:01:06
40.7%,20370000,-599893.0175395696,296.30353023160995,706,2:01:05
40.7%,20375000,-599446.914519304,302.2144370662165,706,2:01:03
40.7%,20380000,-599639.600673479,300.24774918130976,706,2:01:02
40.7%,20385000,-598971.2092468659,300.554375664114,706,2:01:01
40.7%,20390000,-599779.9208112415,298.5657560986226,706,2:01:00
40.7%,20395000,-598686.0352925644,298.38412056948573,706,2:00:58
40.8%,20400000,-600433.9224268752,299.23584989635026,706,2:00:57
40.8%,20405000,-600141.971254244,302.19417356715286,706,2:00:56
40.8%,20410000,-599527.4417676833,299.64506954269456,706,2:00:55
40.8%,20415000,-599993.3888495155,301.2216237404234,706,2:00:54
40.8%,20420000,-599393.9941148758,304.1060567826793,706,2:00:52
40.8%,20425000,-599442.304985811,300.7343430117299,706,2:00:51
40.8%,20430000,-600403.9871555152,303.5151034788733,706,2:00:50
40.8%,20435000,-601283.4873026339,299.81976249285447,706,2:00:49
40.8%,20440000,-598917.684233007,302.7190374442307,706,2:00:47
40.8%,20445000,-600007.3892474677,300.8334035555785,706,2:00:46
40.9%,20450000,-600631.4477039035,300.4872313578947,706,2:00:45
40.9%,20455000,-600060.6272296654,299.5498114714306,706,2:00:44
40.9%,20460000,-599226.6000519996,297.39309808561967,706,2:00:42
40.9%,20465000,-598874.0269023636,301.3931029879474,706,2:00:41
40.9%,20470000,-599372.2747568344,302.2862179357809,706,2:00:40
40.9%,20475000,-599292.0981011782,303.98722338139083,706,2:00:39
40.9%,20480000,-600827.3417144106,301.5316111183508,706,2:00:37
40.9%,20485000,-599557.8034283235,299.6918031573631,706,2:00:36
40.9%,20490000,-600560.2475397773,298.41952036264405,706,2:00:35
40.9%,20495000,-599879.7768448577,301.78973767664075,706,2:00:34
41.0%,20500000,-598616.3619863479,300.2682089370229,706,2:00:32
41.0%,20505000,-598318.7360701766,301.7668247128085,706,2:00:31
41.0%,20510000,-599363.9150238596,302.37536751882834,706,2:00:30
41.0%,20515000,-599754.8110598312,302.0243870332311,706,2:00:29
41.0%,20520000,-600548.7774662701,300.95032345453404,706,2:00:28
41.0%,20525000,-599332.6388842468,299.32850756700805,706,2:00:26
41.0%,20530000,-599864.1341165719,299.7908146370493,706,2:00:25
41.0%,20535000,-599622.8229514579,302.9811627317548,706,2:00:24
41.0%,20540000,-599426.8285745876,296.5730887397348,706,2:00:23
41.0%,20545000,-599540.5617859345,298.94175930703454,706,2:00:21
41.1%,20550000,-599937.5716639468,300.17704772331774,706,2:00:20
41.1%,20555000,-599131.9647716279,301.4511458920449,706,2:00:19
41.1%,20560000,-598707.2743533221,300.1617397046547,706,2:00:18
41.1%,20565000,-599322.9477108195,302.6636194728206,706,2:00:17
41.1%,20570000,-598922.9140993822,302.19235819314474,706,2:00:15
41.1%,20575000,-600232.0669564316,299.44660500586076,706,2:00:14
41.1%,20580000,-598512.655005184,302.3080514880407,706,2:00:13
41.1%,20585000,-598696.7030224609,300.7442294404498,706,2:00:12
41.1%,20590000,-598679.8847666928,301.43605866211254,706,2:00:10
41.1%,20595000,-599445.9242173694,302.71896384798714,706,2:00:09
41.2%,20600000,-599068.1940844269,298.2981846890742,706,2:00:08
41.2%,20605000,-600124.0170825473,296.27330670758283,706,2:00:07
41.2%,20610000,-600094.2965349797,302.22292516630847,706,2:00:05
41.2%,20615000,-601052.5233533443,299.894389083837,706,2:00:04
41.2%,20620000,-600435.3396578017,299.6902576362481,706,2:00:03
41.2%,20625000,-599650.7341074743,300.6906759072103,706,2:00:02
41.2%,20630000,-599239.2263858966,298.59237340671467,706,2:00:00
41.2%,20635000,-598930.6859348891,298.3334127576643,706,1:59:59
41.2%,20640000,-599432.5570639865,298.0878956891064,706,1:59:58
41.2%,20645000,-600170.3061497421,301.34013822465636,706,1:59:57
41.3%,20650000,-599913.2002357328,299.6067749639557,706,1:59:55
41.3%,20655000,-600151.7152489871,296.75428269141037,706,1:59:54
41.3%,20660000,-599293.9648733195,301.0379765806289,706,1:59:53
41.3%,20665000,-599147.381663464,301.9887909834232,706,1:59:52
41.3%,20670000,-598661.3766536387,301.62576524596125,706,1:59:51
41.3%,20675000,-600011.6075128554,300.16696503794833,706,1:59:49
41.3%,20680000,-598971.1126901694,300.7781818408179,706,1:59:48
41.3%,20685000,-598448.8136139377,299.7224682588516,706,1:59:47
41.3%,20690000,-599831.927945239,299.9251032494879,706,1:59:46
41.3%,20695000,-599901.0416980092,299.40610253981464,706,1:59:44
41.4%,20700000,-601130.7001854912,301.4192541864968,706,1:59:43
41.4%,20705000,-598575.1166294185,301.44763780443463,706,1:59:42
41.4%,20710000,-600527.3771987101,300.35902670159135,706,1:59:41
41.4%,20715000,-600379.2382109785,297.9080510018964,706,1:59:39
41.4%,20720000,-599194.6505434243,300.45219954595416,706,1:59:38
41.4%,20725000,-600114.3068362144,300.424674550858,706,1:59:37
41.4%,20730000,-599087.4062474985,300.31945645463054,706,1:59:36
41.4%,20735000,-599996.4291084646,299.72570649356885,706,1:59:34
41.4%,20740000,-600442.5033619641,300.8985607632214,706,1:59:33
41.4%,20745000,-598991.359837715,298.61558075552125,706,1:59:32
41.5%,20750000,-599694.4112222311,301.93114059262473,706,1:59:31
41.5%,20755000,-599700.8255180907,300.24887765704455,706,1:59:30
41.5%,20760000,-599659.9660483003,303.04425924457763,706,1:59:28
41.5%,20765000,-601012.310586297,300.8574695272267,706,1:59:27
41.5%,20770000,-600675.6941760969,299.6762743499693,706,1:59:26
41.5%,20775000,-599051.4749048888,300.2647253814938,706,1:59:25
41.5%,20780000,-599048.9425426098,297.7037723618203,706,1:59:23
41.5%,20785000,-599038.2379802405,301.20871986571706,706,1:59:22
41.5%,20790000,-600310.5965290689,298.1893603769117,706,1:59:21
41.5%,20795000,-600381.9164749756,299.1539127451729,706,1:59:20
41.6%,20800000,-599596.5820963872,300.351912398046,706,1:59:18
41.6%,20805000,-601317.5140346535,299.79864037094916,706,1:59:17
41.6%,20810000,-599775.3627826939,298.97659486232556,706,1:59:16
41.6%,20815000,-599340.469220947,301.8557289750441,706,1:59:15
41.6%,20820000,-599468.1994274049,303.23332799431535,706,1:59:13
41.6%,20825000,-599927.3052244498,297.36341426737874,706,1:59:12
41.6%,20830000,-600637.1268384582,299.7518086279559,706,1:59:11
41.6%,20835000,-600078.4182528383,298.3265928390932,706,1:59:10
41.6%,20840000,-598613.5013467628,300.1131171197345,706,1:59:08
41.6%,20845000,-599248.7098011584,301.9199784956829,706,1:59:07
41.7%,20850000,-599249.5407367512,297.9527729859073,706,1:59:06
41.7%,20855000,-601130.8325414844,303.5931400291413,706,1:59:05
41.7%,20860000,-599178.4914241666,300.0044154679779,706,1:59:04
41.7%,20865000,-599120.8192309868,299.2114159434842,706,1:59:02
41.7%,20870000,-599433.9408150823,300.687682993305,706,1:59:01
41.7%,20875000,-599297.1528615989,301.39315205210977,706,1:59:00
41.7%,20880000,-598817.4369777776,299.95042035727687,706,1:58:59
41.7%,20885000,-599874.5559392204,299.446776730429,706,1:58:57
41.7%,20890000,-599593.7350554806,301.6227477999748,706,1:58:56
41.7%,20895000,-598897.1497713253,298.3179330144328,706,1:58:55
41.8%,20900000,-600162.2859585481,302.3114123831638,706,1:58:54
41.8%,20905000,-600273.2382435896,300.12982346702546,706,1:58:52
41.8%,20910000,-599410.1643054322,300.20996977627584,706,1:58:51
41.8%,20915000,-600898.0421648342,298.58839920956177,706,1:58:50
41.8%,20920000,-599417.8211647985,302.2091626687605,706,1:58:49
41.8%,20925000,-598931.5484759505,301.26632119235313,706,1:58:47
41.8%,20930000,-599462.7832585862,302.7605457256056,706,1:58:46
41.8%,20935000,-599417.37608983,300.95937579249346,706,1:58:45
41.8%,20940000,-599506.4758969443,299.8359291343592,706,1:58:44
41.8%,20945000,-599880.0697258515,299.60957162121144,706,1:58:43
41.9%,20950000,-599453.7036954658,300.47869419364025,706,1:58:41
41.9%,20955000,-598829.3022832456,299.69322601807215,706,1:58:40
41.9%,20960000,-599342.0952226878,300.6730864049964,706,1:58:39
41.9%,20965000,-598822.3810141822,299.64941172106535,706,1:58:38
41.9%,20970000,-599195.8600370041,301.6756634991034,706,1:58:36
41.9%,20975000,-598720.2919898955,301.90140771022146,706,1:58:35
41.9%,20980000,-599358.2667592927,297.7315426777284,706,1:58:34
41.9%,20985000,-600422.9017488635,301.83176113172067,706,1:58:33
41.9%,20990000,-600319.9984815517,298.9713204648695,706,1:58:31
41.9%,20995000,-600336.7790252105,298.4609550477754,706,1:58:30
42.0%,21000000,-599911.2317019259,299.2468893328861,706,1:58:29
42.0%,21005000,-599053.6337835146,300.3675148016834,706,1:58:28
42.0%,21010000,-599381.5805242634,297.5794928385076,706,1:58:27
42.0%,21015000,-599563.2271080301,300.2373475788848,706,1:58:25
42.0%,21020000,-599439.1629491444,299.39000949455345,706,1:58:24
42.0%,21025000,-600321.6100691529,301.79263246222126,706,1:58:23
42.0%,21030000,-599354.0012836959,297.5624921062423,706,1:58:22
42.0%,21035000,-599698.5823085271,301.2616846290081,706,1:58:20
42.0%,21040000,-599754.9690516666,298.5482156605712,706,1:58:19
42.0%,21045000,-600726.8892281521,298.91398899112653,706,1:58:18
42.1%,21050000,-598875.8651775168,302.04560728346115,706,1:58:17
42.1%,21055000,-599717.5736885215,299.94225117424025,706,1:58:15
42.1%,21060000,-598466.26276713,301.6943569449708,706,1:58:14
42.1%,21065000,-600356.5690173283,304.50050811614665,706,1:58:13
42.1%,21070000,-599654.3855088772,299.6364587821966,706,1:58:12
42.1%,21075000,-599142.6953697596,300.8375494772998,706,1:58:10
42.1%,21080000,-600075.2071275851,298.7497712396351,706,1:58:09
42.1%,21085000,-598847.9908972667,300.2543237790689,706,1:58:08
42.1%,21090000,-598233.7899088641,297.5645282689812,706,1:58:07
42.1%,21095000,-599918.0119606704,300.0300760249035,706,1:58:05
42.2%,21100000,-598845.497420012,301.5217001575497,706,1:58:04
42.2%,21105000,-600532.5538926716,300.9773823400875,706,1:58:03
42.2%,21110000,-600325.5745770917,301.1288924735221,706,1:58:02
42.2%,21115000,-599220.5990787093,300.17981984849234,706,1:58:01
42.2%,21120000,-600041.1756124613,297.098884835898,706,1:57:59
42.2%,21125000,-597861.8518962539,301.0261521174949,706,1:57:58
42.2%,21130000,-599020.6449929732,303.04852782670486,706,1:57:57
42.2%,21135000,-598135.1155740246,299.9810854587654,706,1:57:56
42.2%,21140000,-601004.0731508816,301.97993490211326,706,1:57:54
42.2%,21145000,-598300.7823266722,297.817110576922,706,1:57:53
42.3%,21150000,-600376.7919190181,300.91563509173017,706,1:57:52
42.3%,21155000,-600159.2605714104,302.85290901128906,706,1:57:51
42.3%,21160000,-599156.252161961,297.75317997333866,706,1:57:50
42.3%,21165000,-600220.736462608,300.06223758334465,706,1:57:48
42.3%,21170000,-600014.6918234574,300.9565300710753,706,1:57:47
42.3%,21175000,-598731.5749602164,299.96850050111453,706,1:57:46
42.3%,21180000,-600011.907398459,299.5432368736714,706,1:57:45
42.3%,21185000,-599064.5452588093,299.5670575245077,706,1:57:43
42.3%,21190000,-599782.1759643923,301.44128399540614,706,1:57:42
42.3%,21195000,-599657.0115992907,302.0797314083976,706,1:57:41
42.4%,21200000,-599933.407632438,300.43321171511246,706,1:57:40
42.4%,21205000,-599669.122356147,299.51644784101103,706,1:57:38
42.4%,21210000,-600670.7610638794,300.1538894386736,706,1:57:37
42.4%,21215000,-599151.8947513113,301.9132812375178,706,1:57:36
42.4%,21220000,-600148.9065242084,301.59036545280287,706,1:57:35
42.4%,21225000,-599201.2672311324,298.4660331885819,706,1:57:33
42.4%,21230000,-600269.9422680144,300.8305823662416,706,1:57:32
42.4%,21235000,-598891.1479284232,299.53889469530066,706,1:57:31
42.4%,21240000,-599433.5822042944,296.62705931835467,706,1:57:30
42.4%,21245000,-599445.6348987361,299.92493152491954,706,1:57:28
42.5%,21250000,-598912.2924032817,299.5013606110786,706,1:57:27
42.5%,21255000,-598621.3721861201,299.92498058908194,706,1:57:26
42.5%,21260000,-600111.9088573232,302.432404607597,706,1:57:25
42.5%,21265000,-598456.9491698393,300.828840588477,706,1:57:24
42.5%,21270000,-599394.1059707846,298.2452689899456,706,1:57:22
42.5%,21275000,-600232.3448804705,299.93579923688714,706,1:57:21
42.5%,21280000,-598241.1967368997,302.32694119055765,706,1:57:20
42.5%,21285000,-599339.4235671749,300.1433161116804,706,1:57:19
42.5%,21290000,-601050.4903543959,298.6861840851884,706,1:57:17
42.5%,21295000,-599833.7334341975,301.2165701316982,706,1:57:16
42.6%,21300000,-600774.2862606156,301.6635937151575,706,1:57:15
42.6%,21305000,-600340.828888766,300.93911229342984,706,1:57:14
42.6%,21310000,-599687.6658598543,301.86765156650284,706,1:57:13
42.6%,21315000,-601137.1034299661,300.0451141906735,706,1:57:11
42.6%,21320000,-600425.9158175443,298.9413667937355,706,1:57:10
42.6%,21325000,-600136.746441233,300.54382686920195,706,1:57:09
42.6%,21330000,-599305.9387091263,298.8352900746664,706,1:57:08
42.6%,21335000,-598989.4988856083,299.61033211572834,706,1:57:06
42.6%,21340000,-600888.4494808819,300.35569033854944,706,1:57:05
42.6%,21345000,-599066.5746323047,299.32691298173063,706,1:57:04
42.7%,21350000,-599505.3251891788,300.1473148409145,706,1:57:03
42.7%,21355000,-600474.943345496,300.1143927879564,706,1:57:01
42.7%,21360000,-600671.4832347101,299.9817723570387,706,1:57:00
42.7%,21365000,-598747.241941297,301.361554731536,706,1:56:59
42.7%,21370000,-599645.3498582519,297.187200328185,706,1:56:58
42.7%,21375000,-597983.1136345482,299.05939063634463,706,1:56:57
42.7%,21380000,-598843.0425601499,302.79555300546497,706,1:56:55
42.7%,21385000,-600013.1878044237,300.5379146376349,706,1:56:54
42.7%,21390000,-600225.4987583682,301.81436788615633,706,1:56:53
42.7%,21395000,-599393.0821319576,299.5067086047782,706,1:56:52
42.8%,21400000,-599026.4311655327,300.8455224036868,706,1:56:50
42.8%,21405000,-597790.9278341206,299.35797059651827,706,1:56:49
42.8%,21410000,-599574.9683489315,300.5309475265767,706,1:56:48
42.8%,21415000,-599445.6847319831,299.1140235811566,706,1:56:47
42.8%,21420000,-599031.6791367508,301.92554727811324,706,1:56:45
42.8%,21425000,-600237.4045086983,299.72094726981777,706,1:56:44
42.8%,21430000,-600011.7319046352,298.0781809849548,706,1:56:43
42.8%,21435000,-598914.0551604801,301.91048458026205,706,1:56:42
42.8%,21440000,-599397.3471530522,298.2697029428117,706,1:56:40
42.8%,21445000,-597877.0032072016,297.95959290447837,706,1:56:39
42.9%,21450000,-599955.6842368445,298.90540276270974,706,1:56:38
42.9%,21455000,-600946.9757561092,297.85167627931986,706,1:56:37
42.9%,21460000,-599415.4273896897,297.2616797266803,706,1:56:36
42.9%,21465000,-599436.5843370887,302.535758265654,706,1:56:34
42.9%,21470000,-599303.7292779791,300.88622112638234,706,1:56:33
42.9%,21475000,-598986.0588113391,301.222212510372,706,1:56:32
42.9%,21480000,-598840.6552537153,299.75274084704114,706,1:56:31
42.9%,21485000,-599777.3973892154,300.7653760944363,706,1:56:29
42.9%,21490000,-599330.5868989499,299.2759353170161,706,1:56:28
42.9%,21495000,-601080.1514670555,300.4436623816997,706,1:56:27
43.0%,21500000,-600515.4326200928,298.2112184612527,706,1:56:26
43.0%,21505000,-599666.8893656959,300.9816509222147,706,1:56:25
43.0%,21510000,-600662.2168313265,301.5308996879963,706,1:56:23
43.0%,21515000,-599646.4517014418,298.8231221623957,706,1:56:22
43.0%,21520000,-600107.3497783183,300.07916471936636,706,1:56:21
43.0%,21525000,-599457.531585814,300.29534141882,706,1:56:20
43.0%,21530000,-599297.5630446458,297.7603678731276,706,1:56:19
43.0%,21535000,-599714.0553428922,301.7703082683376,706,1:56:17
43.0%,21540000,-600066.208589266,300.5783925715998,706,1:56:16
43.0%,21545000,-600357.2026951145,298.2559649773448,706,1:56:15
43.1%,21550000,-598656.9731860366,300.22598922529346,706,1:56:14
43.1%,21555000,-600320.0970602543,303.54775567893824,706,1:56:12
43.1%,21560000,-600321.3638640656,301.44243700322215,706,1:56:11
43.1%,21565000,-599775.6291556978,300.5771169033779,706,1:56:10
43.1%,21570000,-599945.6202103859,297.80381418891653,706,1:56:09
43.1%,21575000,-599418.7741110497,298.4239852014208,706,1:56:07
43.1%,21580000,-598713.7071967628,299.8611235817422,706,1:56:06
43.1%,21585000,-600296.4121237807,299.9224047205569,706,1:56:05
43.1%,21590000,-600282.6499251402,301.15600042323797,706,1:56:04
43.1%,21595000,-598485.7162074731,303.65599122115225,706,1:56:02
43.2%,21600000,-599667.6520230398,301.76319396479226,706,1:56:01
43.2%,21605000,-598805.6241877405,298.97178657441214,706,1:56:00
43.2%,21610000,-600623.0871771974,299.7190582995661,706,1:55:59
43.2%,21615000,-600233.4069787771,300.4635333674643,706,1:55:58
43.2%,21620000,-599564.7553208391,301.1299228209321,706,1:55:56
43.2%,21625000,-598256.1570524066,300.9135008006666,706,1:55:55
43.2%,21630000,-599684.2044549636,298.33255413482254,706,1:55:54
43.2%,21635000,-599052.3547646394,300.7056895408991,706,1:55:53
43.2%,21640000,-599372.3080972605,302.4915759874293,706,1:55:51
43.2%,21645000,-600904.7786301435,302.4136620975673,706,1:55:50
43.3%,21650000,-599430.9400163642,299.7691282772766,706,1:55:49
43.3%,21655000,-600122.8523343545,299.01923161943523,706,1:55:48
43.3%,21660000,-600159.7261102777,298.4079902844844,706,1:55:47
43.3%,21665000,-599408.3551496388,301.8107126060589,706,1:55:45
43.3%,21670000,-598990.3283278844,299.447929738245,706,1:55:44
43.3%,21675000,-598977.7101533161,302.9181152830943,706,1:55:43
43.3%,21680000,-600223.3397480953,300.2103132254125,706,1:55:42
43.3%,21685000,-600001.3896676493,300.83332995933495,706,1:55:41
43.3%,21690000,-600047.698933146,301.28545621568196,706,1:55:39
43.3%,21695000,-599866.4923290252,298.3704316681812,706,1:55:38
43.4%,21700000,-599300.5722040078,300.61627010495846,706,1:55:37
43.4%,21705000,-599084.3763348563,300.84657728317796,706,1:55:36
43.4%,21710000,-598228.000551194,300.5612446468474,706,1:55:35
43.4%,21715000,-600477.2560421843,298.6892260632561,706,1:55:33
43.4%,21720000,-601404.6724035433,298.0602480336043,706,1:55:32
43.4%,21725000,-600173.1567172273,299.6823583061046,706,1:55:31
43.4%,21730000,-598294.1033976702,299.7998179108463,706,1:55:30
43.4%,21735000,-598758.8115534652,298.09233599580193,706,1:55:28
43.4%,21740000,-600005.9996349183,297.86867701158513,706,1:55:27
43.4%,21745000,-599151.2895039772,297.76073585434546,706,1:55:26
43.5%,21750000,-598494.5878025112,301.60564893938476,706,1:55:25
43.5%,21755000,-600266.8956382377,299.31579994895117,706,1:55:24
43.5%,21760000,-598070.8273668885,299.1222172962743,706,1:55:22
43.5%,21765000,-600149.6830183254,304.35824657732104,706,1:55:21
43.5%,21770000,-598464.043996775,297.56202599669973,706,1:55:20
43.5%,21775000,-598752.7405793141,299.03596249880735,706,1:55:19
43.5%,21780000,-599534.5350692198,298.4101981717916,706,1:55:17
43.5%,21785000,-598463.1030071699,297.7325730251384,706,1:55:16
43.5%,21790000,-598651.0702171135,298.8102918839329,706,1:55:15
43.5%,21795000,-599668.5852069817,301.36812932929513,706,1:55:14
43.6%,21800000,-600369.3016435872,304.0027031246223,706,1:55:13
43.6%,21805000,-599849.881996532,301.47059983242923,706,1:55:11
43.6%,21810000,-600289.0193001707,297.415127894529,706,1:55:10
43.6%,21815000,-599442.2007044135,303.82121478797245,706,1:55:09
43.6%,21820000,-600019.6422161185,300.3014744391177,706,1:55:08
43.6%,21825000,-597869.633297258,297.7533762299882,706,1:55:07
43.6%,21830000,-598961.2717717523,297.3344418794923,706,1:55:05
43.6%,21835000,-599480.8566490426,300.9097473922444,706,1:55:04
43.6%,21840000,-598962.7358247167,298.8904872573457,706,1:55:03
43.6%,21845000,-601026.0675218948,300.6809612030587,706,1:55:02
43.7%,21850000,-599580.0290855216,300.21296269018114,706,1:55:00
43.7%,21855000,-599825.695668593,298.7871090672075,706,1:54:59
43.7%,21860000,-599107.9947576951,297.47643356542494,706,1:54:58
43.7%,21865000,-600203.9354491387,301.9673254123812,706,1:54:57
43.7%,21870000,-601244.0829117699,299.1088227799441,706,1:54:56
43.7%,21875000,-599833.0250697732,302.39992413210035,706,1:54:54
43.7%,21880000,-599463.9410411231,298.7613013177948,706,1:54:53
43.7%,21885000,-598572.2196689309,300.30819622936394,706,1:54:52
43.7%,21890000,-599654.6127760382,301.7137372891116,706,1:54:51
43.7%,21895000,-600139.9864562862,303.267353990927,706,1:54:49
43.8%,21900000,-598988.7106148088,299.25412629683746,706,1:54:48
43.8%,21905000,-599476.5819856897,300.96580319776547,706,1:54:47
43.8%,21910000,-599562.3246344253,301.2638189200717,706,1:54:46
43.8%,21915000,-598250.4598901384,300.2346981141162,706,1:54:45
43.8%,21920000,-599169.5527110295,300.37428565609207,706,1:54:43
43.8%,21925000,-599917.8525761445,301.9505209367655,706,1:54:42
43.8%,21930000,-600225.2803133875,301.3655289286889,706,1:54:41
43.8%,21935000,-599392.1856491966,300.8626212642768,706,1:54:40
43.8%,21940000,-599646.668894568,300.5836424369747,706,1:54:38
43.8%,21945000,-599791.0883437097,300.04918651615117,706,1:54:37
43.9%,21950000,-599342.436386175,302.3732577598459,706,1:54:36
43.9%,21955000,-598355.8942906149,300.3618969550907,706,1:54:35
43.9%,21960000,-600591.7476199125,298.68068889900167,706,1:54:34
43.9%,21965000,-598763.9457403263,301.77756976437007,706,1:54:32
43.9%,21970000,-600264.1301780376,299.543187809509,706,1:54:31
43.9%,21975000,-599961.70481192,300.3131517097645,706,1:54:30
43.9%,21980000,-598974.1670118845,301.977064648614,706,1:54:29
43.9%,21985000,-599756.2367647374,298.6901582823414,706,1:54:27
43.9%,21990000,-598613.0620527789,298.90525557022255,706,1:54:26
43.9%,21995000,-598848.4146435885,299.6615305691736,706,1:54:25
44.0%,22000000,-599771.376705185,300.02632261648125,706,1:54:24
44.0%,22005000,-600942.5045031346,303.22025239504063,706,1:54:23
44.0%,22010000,-599456.038253997,299.888992025975,706,1:54:21
44.0%,22015000,-600124.3664772888,300.72460377549714,706,1:54:20
44.0%,22020000,-600315.2866428024,298.0568380743188,706,1:54:19
44.0%,22025000,-599605.8307479881,302.3390600386659,706,1:54:18
44.0%,22030000,-599083.6626967471,299.9658510363459,706,1:54:16
44.0%,22035000,-599986.8523436612,300.9303543404447,706,1:54:15
44.0%,22040000,-600339.5915641533,297.7783008244781,706,1:54:14
44.0%,22045000,-599295.5683511486,299.02266611080194,706,1:54:13
44.1%,22050000,-600278.7544280179,300.5834952444875,706,1:54:12
44.1%,22055000,-599628.6521418146,297.012114864726,706,1:54:10
44.1%,22060000,-599517.527667236,298.7295568047338,706,1:54:09
44.1%,22065000,-599699.2158932518,300.8741022782741,706,1:54:08
44.1%,22070000,-597998.0617255899,301.2378149140094,706,1:54:07
44.1%,22075000,-601659.4637029325,300.00154521447854,706,1:54:06
44.1%,22080000,-598559.0599222383,299.99143799702796,706,1:54:04
44.1%,22085000,-598943.6646775235,300.60601569502063,706,1:54:03
44.1%,22090000,-600173.8244077321,297.99244136119285,706,1:54:02
44.1%,22095000,-598323.8800964002,299.8765787928924,706,1:54:01
44.2%,22100000,-599539.046612734,300.0143018966978,706,1:53:59
44.2%,22105000,-599541.1200915352,301.0612820577602,706,1:53:58
44.2%,22110000,-599476.5477613471,300.5774848845957,706,1:53:57
44.2%,22115000,-599140.6242569461,302.29360209221926,706,1:53:56
44.2%,22120000,-599322.8041058723,302.53622437519664,706,1:53:55
44.2%,22125000,-598303.2936316095,299.0927297346829,706,1:53:53
44.2%,22130000,-597897.7607415752,298.30758047617036,706,1:53:52
44.2%,22135000,-600365.9314518105,299.9194118066517,706,1:53:51
44.2%,22140000,-600849.3131941706,301.48473031119516,706,1:53:50
44.2%,22145000,-598921.336566512,297.6678328628758,706,1:53:48
44.3%,22150000,-598486.9769784678,297.0793818313512,706,1:53:47
44.3%,22155000,-599924.4684998952,300.82913497345135,706,1:53:46
44.3%,22160000,-598271.2329143798,300.60113381086376,706,1:53:45
44.3%,22165000,-599854.9600694212,300.68608840802756,706,1:53:44
44.3%,22170000,-598771.5469354787,301.2355579625399,706,1:53:42
44.3%,22175000,-599923.4615555932,301.60491297694904,706,1:53:41
44.3%,22180000,-599925.602488365,300.21678969484697,706,1:53:40
44.3%,22185000,-599502.1719685146,303.5169433849626,706,1:53:39
44.3%,22190000,-599023.4853638443,300.1815616262569,706,1:53:38
44.3%,22195000,-600369.467576527,300.55999351070665,706,1:53:36
44.4%,22200000,-600343.0896746796,302.05483134598893,706,1:53:35
44.4%,22205000,-600051.9509470062,299.68380569889484,706,1:53:34
44.4%,22210000,-599652.8664382766,301.01226695954085,706,1:53:33
44.4%,22215000,-599601.8830400226,298.5640633850205,706,1:53:31
44.4%,22220000,-598891.0590422126,300.5369088223061,706,1:53:30
44.4%,22225000,-600011.9055810003,299.85638889007237,706,1:53:29
44.4%,22230000,-600009.5829651356,298.9514249470238,706,1:53:28
44.4%,22235000,-600103.9398762095,301.50823204497595,706,1:53:27
44.4%,22240000,-599504.5106388344,300.83943844755146,706,1:53:25
44.4%,22245000,-600296.5785034271,300.3958248233776,706,1:53:24
44.5%,22250000,-599187.5950495927,299.20540558359244,706,1:53:23
44.5%,22255000,-599946.6615465968,299.05252165361117,706,1:53:22
44.5%,22260000,-599415.4027301627,299.7917959202969,706,1:53:20
44.5%,22265000,-598548.9623103663,300.5083534798,706,1:53:19
44.5%,22270000,-599851.9579982874,299.87569563796956,706,1:53:18
44.5%,22275000,-600149.9645755449,297.61729677562266,706,1:53:17
44.5%,22280000,-600096.7712203874,303.44506438707344,706,1:53:16
44.5%,22285000,-599462.7297120406,300.30822076144517,706,1:53:14
44.5%,22290000,-599667.3846969511,300.4171186698513,706,1:53:13
44.5%,22295000,-599053.7533522146,302.4527417029042,706,1:53:12
44.6%,22300000,-598345.2061134567,301.82364101284645,706,1:53:11
44.6%,22305000,-600477.6911287745,299.4895116158635,706,1:53:09
44.6%,22310000,-599532.7546974323,301.7877996422267,706,1:53:08
44.6%,22315000,-599730.6150153372,300.1338957925031,706,1:53:07
44.6%,22320000,-599433.0143968277,301.1801154590485,706,1:53:06
44.6%,22325000,-599772.2248016498,300.2894537193342,706,1:53:05
44.6%,22330000,-599368.0269173677,302.7820358287288,706,1:53:03
44.6%,22335000,-599463.53516297,303.49403042113033,706,1:53:02
44.6%,22340000,-600842.5180415362,300.931163899124,706,1:53:01
44.6%,22345000,-600641.1295484621,298.48916694114484,706,1:53:00
44.7%,22350000,-599932.0210969774,302.5756474296703,706,1:52:58
44.7%,22355000,-599187.5517566456,297.66594389262406,706,1:52:57
44.7%,22360000,-600224.7124925628,297.59406489473497,706,1:52:56
44.7%,22365000,-600606.3458747892,299.9308928206489,706,1:52:55
44.7%,22370000,-600096.4037146759,302.58818332315883,706,1:52:54
44.7%,22375000,-598821.1094005634,299.4391717852599,706,1:52:52
44.7%,22380000,-599427.7083138656,300.88416043156235,706,1:52:51
44.7%,22385000,-600403.9318769034,300.52128188658753,706,1:52:50
44.7%,22390000,-599039.0182605162,300.35647536514756,706,1:52:49
44.7%,22395000,-598890.0544832945,302.3704120384278,706,1:52:47
44.8%,22400000,-599501.9328043363,301.13438765970886,706,1:52:46
44.8%,22405000,-601408.9304355453,300.9925922304258,706,1:52:45
44.8%,22410000,-600630.4196069068,299.58550564956323,706,1:52:44
44.8%,22415000,-599593.537562551,302.08978956168585,706,1:52:43
44.8%,22420000,-601005.2440754217,300.21956182002145,706,1:52:41
44.8%,22425000,-599981.6915115681,300.33827256090393,706,1:52:40
44.8%,22430000,-599971.0294395615,304.80328306220395,706,1:52:39
44.8%,22435000,-599769.6042091628,296.73816511406795,706,1:52:38
44.8%,22440000,-600454.3923936663,301.3726432322342,706,1:52:36
44.8%,22445000,-599869.045347298,298.86963498833353,706,1:52:35
44.9%,22450000,-598664.7823927044,301.0164619454245,706,1:52:34
44.9%,22455000,-600696.7893700753,299.3758299516252,706,1:52:33
44.9%,22460000,-598498.322997754,300.2379118167523,706,1:52:32
44.9%,22465000,-599521.7984894747,301.82582436807246,706,1:52:30
44.9%,22470000,-600277.6853419421,301.73135132340656,706,1:52:29
44.9%,22475000,-599057.7959055332,303.2944374085617,706,1:52:28
44.9%,22480000,-599705.5194348777,300.61911582637657,706,1:52:27
44.9%,22485000,-599092.8786436827,301.05065966660453,706,1:52:26
44.9%,22490000,-598949.736281143,300.4335551642491,706,1:52:24
44.9%,22495000,-598511.0299449358,301.7640771197151,706,1:52:23
45.0%,22500000,-599440.7359051388,300.54905220249555,706,1:52:22
45.0%,22505000,-599258.7054214329,302.12062638774273,706,1:52:21
45.0%,22510000,-598980.5926471963,299.81696583559875,706,1:52:19
45.0%,22515000,-599649.7973562996,298.86620049696677,706,1:52:18
45.0%,22520000,-598737.8058372401,299.37779251812043,706,1:52:17
45.0%,22525000,-598671.5657801032,300.96359531045823,706,1:52:16
45.0%,22530000,-599344.9017759529,302.54449168655793,706,1:52:15
45.0%,22535000,-599501.096476235,299.0320128337357,706,1:52:13
45.0%,22540000,-598886.0544748777,298.82432423437405,706,1:52:12
45.0%,22545000,-599503.9934734926,300.84122928947835,706,1:52:11
45.1%,22550000,-600859.4983714665,302.15080084760746,706,1:52:10
45.1%,22555000,-599959.8174989065,304.6098721340954,706,1:52:08
45.1%,22560000,-598480.0191287221,299.2900412637008,706,1:52:07
45.1%,22565000,-599803.1225836687,300.03338785586425,706,1:52:06
45.1%,22570000,-599311.2845422635,298.5312394603871,706,1:52:05
45.1%,22575000,-599624.3348752088,302.6296425403713,706,1:52:04
45.1%,22580000,-600432.5998361539,301.30508188063465,706,1:52:02
45.1%,22585000,-599152.7701072101,296.53155592627877,706,1:52:01
45.1%,22590000,-597510.3739147466,300.60498534761064,706,1:52:00
45.1%,22595000,-599540.0814730129,300.35343338707986,706,1:51:59
45.2%,22600000,-599969.4646124756,299.7510971976013,706,1:51:57
45.2%,22605000,-600892.1084093726,301.2008450676548,706,1:51:56
45.2%,22610000,-600095.5484979786,300.57638094094216,706,1:51:55
45.2%,22615000,-600410.462684935,300.7416045077624,706,1:51:54
45.2%,22620000,-600236.2781207352,298.7615466386067,706,1:51:53
45.2%,22625000,-599440.4719892223,299.69538484121694,706,1:51:51
45.2%,22630000,-600734.3398093036,297.8325657880722,706,1:51:50
45.2%,22635000,-598525.525554073,300.179255610625,706,1:51:49
45.2%,22640000,-599701.497611871,297.51978175288906,706,1:51:48
45.2%,22645000,-600644.7981649037,301.22267861991463,706,1:51:46
45.3%,22650000,-597951.6793851899,299.5138474404048,706,1:51:45
45.3%,22655000,-599008.2512535993,302.0500721222379,706,1:51:44
45.3%,22660000,-599741.1072658817,299.8603630872253,706,1:51:43
45.3%,22665000,-600061.5021122829,301.015873175476,706,1:51:42
45.3%,22670000,-599437.591768804,300.11954452500646,706,1:51:40
45.3%,22675000,-599457.8768663127,299.7991064804918,706,1:51:39
45.3%,22680000,-600495.9555562478,298.3993549919052,706,1:51:38
45.3%,22685000,-598340.6905025803,302.0915068073692,706,1:51:37
45.3%,22690000,-598515.2925729626,299.4478316099203,706,1:51:36
45.3%,22695000,-599407.1218284573,299.718788446673,706,1:51:34
45.4%,22700000,-599793.9973788555,298.8646304437706,706,1:51:33
45.4%,22705000,-599743.1660306444,300.7797028298518,706,1:51:32
45.4%,22710000,-599886.3700829591,301.43380171064297,706,1:51:31
45.4%,22715000,-599687.9635477681,302.3225254159433,706,1:51:30
45.4%,22720000,-599353.7658063206,301.41240973584456,706,1:51:28
45.4%,22725000,-597152.9546849299,297.7697636602237,706,1:51:27
45.4%,22730000,-600468.225346005,299.9501259723026,706,1:51:26
45.4%,22735000,-598893.7872326951,301.51954133440495,706,1:51:25
45.4%,22740000,-599021.9415918002,300.2370041297482,706,1:51:23
45.4%,22745000,-599202.7126065916,301.0498746400064,706,1:51:22
45.5%,22750000,-599681.8651448595,302.0642026010038,706,1:51:21
45.5%,22755000,-600023.9158979091,299.4885303326159,706,1:51:20
45.5%,22760000,-599969.0492038266,300.2958811246061,706,1:51:19
45.5%,22765000,-600140.0174716366,298.3656969765114,706,1:51:17
45.5%,22770000,-600367.455488042,299.6520366537527,706,1:51:16
45.5%,22775000,-600663.4697004827,299.12373828530815,706,1:51:15
45.5%,22780000,-599358.3867775807,301.09317376330824,706,1:51:14
45.5%,22785000,-599797.3003746714,301.0014728438169,706,1:51:12
45.5%,22790000,-598442.5734120212,301.31879531402035,706,1:51:11
45.5%,22795000,-599229.3540764395,302.6527272287719,706,1:51:10
45.6%,22800000,-599759.499545427,298.17974380108484,706,1:51:09
45.6%,22805000,-599798.4512785594,300.2596227086061,706,1:51:08
45.6%,22810000,-599574.6514491043,297.61109015908136,706,1:51:06
45.6%,22815000,-598914.9987705564,299.133747374434,706,1:51:05
45.6%,22820000,-598851.5433480768,301.6998030669952,706,1:51:04
45.6%,22825000,-598505.8861173484,301.3036590199256,706,1:51:03
45.6%,22830000,-599977.6559118452,298.8192706256487,706,1:51:02
45.6%,22835000,-599904.285408366,295.7802364077283,706,1:51:00
45.6%,22840000,-598691.7094810372,302.3117313002193,706,1:50:59
45.6%,22845000,-599900.9469435499,299.75048389557156,706,1:50:58
45.7%,22850000,-600694.7126955129,298.11441486887367,706,1:50:57
45.7%,22855000,-598906.7228870024,301.4067428250895,706,1:50:55
45.7%,22860000,-600062.3192131869,299.2535129948077,706,1:50:54
45.7%,22865000,-599360.28344602,301.2445121721745,706,1:50:53
45.7%,22870000,-600300.1230039503,300.2672521858565,706,1:50:52
45.7%,22875000,-598910.4500607578,300.7871115183714,706,1:50:50
45.7%,22880000,-600829.598775757,303.4573058955877,706,1:50:49
45.7%,22885000,-599350.8382488629,303.80173631550696,706,1:50:48
45.7%,22890000,-598471.3368791183,297.39569848622585,706,1:50:47
45.7%,22895000,-599442.1026173332,301.1145166739443,706,1:50:45
45.8%,22900000,-598038.9346926464,297.8707377064052,706,1:50:44
45.8%,22905000,-598806.850357288,299.351641319571,706,1:50:43
45.8%,22910000,-600129.1266431706,299.8618350120967,706,1:50:42
45.8%,22915000,-599268.6595136314,300.1709882992636,706,1:50:41
45.8%,22920000,-600070.0593602005,298.6009105709691,706,1:50:39
45.8%,22925000,-599297.1807585079,300.44101291693113,706,1:50:38
45.8%,22930000,-599782.825404006,300.3721268329473,706,1:50:37
45.8%,22935000,-600738.6903296644,303.4452115795606,706,1:50:36
45.8%,22940000,-599930.3924483475,297.98150005298174,706,1:50:35
45.8%,22945000,-600670.0598938721,301.51713719044824,706,1:50:33
45.9%,22950000,-598223.8138122289,301.2342332301555,706,1:50:32
45.9%,22955000,-599416.0481221708,297.6897400113792,706,1:50:31
45.9%,22960000,-599509.3692483893,299.35853483438564,706,1:50:30
45.9%,22965000,-599778.0915068877,299.2632767631216,706,1:50:28
45.9%,22970000,-598910.257771181,300.09807895396443,706,1:50:27
45.9%,22975000,-599831.7808571653,299.74052387060806,706,1:50:26
45.9%,22980000,-599450.6934846481,300.1670876983543,706,1:50:25
45.9%,22985000,-599746.0832884675,302.0407253993042,706,1:50:24
45.9%,22990000,-599845.9032594226,299.6502458118258,706,1:50:22
45.9%,22995000,-600061.0032253689,299.94894843240536,706,1:50:21
46.0%,23000000,-598308.8085156083,302.7615515409344,706,1:50:20
46.0%,23005000,-598133.0061522541,299.21749989961955,706,1:50:19
46.0%,23010000,-599134.1444927934,301.2926195833897,706,1:50:17
46.0%,23015000,-599123.2278247704,298.8391416114133,706,1:50:16
46.0%,23020000,-598674.4528027005,299.91472617914417,706,1:50:15
46.0%,23025000,-599635.2188030635,300.7828674683254,706,1:50:14
46.0%,23030000,-599147.0197528522,302.74094459273414,706,1:50:12
46.0%,23035000,-599904.1266181222,300.418884979697,706,1:50:11
46.0%,23040000,-599425.566369181,301.417095363352,706,1:50:10
46.0%,23045000,-599090.0567356306,300.6937178852779,706,1:50:09
46.1%,23050000,-600220.285499501,303.03851873757895,706,1:50:08
46.1%,23055000,-599260.4679398909,300.6753924206283,706,1:50:06
46.1%,23060000,-598466.8470980972,301.4950583173765,706,1:50:05
46.1%,23065000,-600808.5233419621,303.1743774032138,706,1:50:04
46.1%,23070000,-598998.2166322395,298.4819299771936,706,1:50:03
46.1%,23075000,-599576.2309324713,301.20975021312705,706,1:50:01
46.1%,23080000,-600153.8974360148,299.948899368243,706,1:50:00
46.1%,23085000,-600088.6374812438,298.72791315529406,706,1:49:59
46.1%,23090000,-599148.47167747,301.7815930256854,706,1:49:58
46.1%,23095000,-599283.7458990971,300.57628281261736,706,1:49:57
46.2%,23100000,-598917.9504534854,298.98375823003323,706,1:49:55
46.2%,23105000,-598879.6769216037,298.5352872537836,706,1:49:54
46.2%,23110000,-598973.6958472738,300.29946280846,706,1:49:53
46.2%,23115000,-599680.6280155587,301.58464947788536,706,1:49:52
46.2%,23120000,-598063.370565149,299.8870785236421,706,1:49:50
46.2%,23125000,-598558.1410336639,299.1624499094273,706,1:49:49
46.2%,23130000,-599529.8580815932,302.9586668133028,706,1:49:48
46.2%,23135000,-599501.2178107467,302.6373701459464,706,1:49:47
46.2%,23140000,-598506.4501097486,301.17354086128944,706,1:49:46
46.2%,23145000,-600929.0316625894,302.0862814740756,706,1:49:44
46.3%,23150000,-600178.3106028787,299.19527383406063,706,1:49:43
46.3%,23155000,-600692.617070951,303.9622251906574,706,1:49:42
46.3%,23160000,-599823.5470051733,300.00095644452995,706,1:49:41
46.3%,23165000,-599914.14079487,299.99084922707937,706,1:49:39
46.3%,23170000,-599812.632952739,298.44626033114207,706,1:49:38
46.3%,23175000,-599944.2273567002,302.3116331718946,706,1:49:37
46.3%,23180000,-600388.0034980513,303.78576593065173,706,1:49:36
46.3%,23185000,-600727.2534541506,300.8487115742416,706,1:49:35
46.3%,23190000,-599925.3001593803,299.35527206758724,706,1:49:33
46.3%,23195000,-599303.5666002934,302.4870620844902,706,1:49:32
46.4%,23200000,-600055.2705655736,300.2944582638971,706,1:49:31
46.4%,23205000,-600420.0665766476,300.95601489737027,706,1:49:30
46.4%,23210000,-598223.870443671,302.44621616930743,706,1:49:28
46.4%,23215000,-600574.050778931,302.0515440471093,706,1:49:27
46.4%,23220000,-599774.4266763926,298.20631204501456,706,1:49:26
46.4%,23225000,-599078.8598540425,301.18335369376575,706,1:49:25
46.4%,23230000,-600189.3828119747,300.64791648969464,706,1:49:24
46.4%,23235000,-598963.412302658,299.3177134512841,706,1:49:22
46.4%,23240000,-600763.6492232522,303.8375776861268,706,1:49:21
46.4%,23245000,-599679.9257966825,299.44976964433437,706,1:49:20
46.5%,23250000,-601078.046226433,300.8192976088938,706,1:49:19
46.5%,23255000,-600716.1571249501,300.5924003899598,706,1:49:17
46.5%,23260000,-599711.1106479289,300.2706376130608,706,1:49:16
46.5%,23265000,-597804.7563855429,298.4993232227578,706,1:49:15
46.5%,23270000,-598427.9874513736,300.680102580217,706,1:49:14
46.5%,23275000,-599927.3458119933,299.56722924907604,706,1:49:13
46.5%,23280000,-600265.6741933608,299.7378744058395,706,1:49:11
46.5%,23285000,-600863.841197045,303.002407514066,706,1:49:10
46.5%,23290000,-599326.6031088075,300.3242402104628,706,1:49:09
46.5%,23295000,-599819.3936035102,298.98373369795206,706,1:49:08
46.6%,23300000,-598799.4537499724,299.03586437048256,706,1:49:06
46.6%,23305000,-598813.4959256514,297.7711129246892,706,1:49:05
46.6%,23310000,-599224.5436964286,298.82533004970287,706,1:49:04
46.6%,23315000,-598724.7293722429,300.18244478117975,706,1:49:03
46.6%,23320000,-599175.6965902713,297.61621736405027,706,1:49:02
46.6%,23325000,-598724.7297936869,299.4155473910731,706,1:49:00
46.6%,23330000,-599507.1275112219,300.64131735985427,706,1:48:59
46.6%,23335000,-599510.4196104836,300.90148008088306,706,1:48:58
46.6%,23340000,-599667.0059413742,302.2785148622869,706,1:48:57
46.6%,23345000,-599041.5825749645,301.7638563309845,706,1:48:55
46.7%,23350000,-598871.417404423,299.64080096056733,706,1:48:54
46.7%,23355000,-598221.8656092319,301.66565440997755,706,1:48:53
46.7%,23360000,-600014.3457795819,299.2767203436142,706,1:48:52
46.7%,23365000,-600260.0729590119,300.7220524390533,706,1:48:51
46.7%,23370000,-601080.8364928286,299.0511233249833,706,1:48:49
46.7%,23375000,-600968.7720116586,302.23700658091207,706,1:48:48
46.7%,23380000,-599795.231976443,302.41221470477694,706,1:48:47
46.7%,23385000,-599922.7469957061,301.9676688615179,706,1:48:46
46.7%,23390000,-598912.5208570799,299.85108996053515,706,1:48:44
46.7%,23395000,-597285.88847845,302.2092607970852,706,1:48:43
46.8%,23400000,-599765.2840971895,300.8997628351997,706,1:48:42
46.8%,23405000,-600086.0502885347,299.2409771013191,706,1:48:41
46.8%,23410000,-600725.7286612336,298.866740202753,706,1:48:40
46.8%,23415000,-599579.6267041261,300.2510364801893,706,1:48:38
46.8%,23420000,-600199.5887340871,302.7769086237599,706,1:48:37
46.8%,23425000,-599661.1624688981,297.8764782134038,706,1:48:36
46.8%,23430000,-599203.2039312744,297.2740438956005,706,1:48:35
46.8%,23435000,-598711.8575646137,300.8205487450345,706,1:48:33
46.8%,23440000,-600466.1707206275,300.82847260725913,706,1:48:32
46.8%,23445000,-599602.9623223348,300.66832718124544,706,1:48:31
46.9%,23450000,-598726.8523195111,300.4996936551396,706,1:48:30
46.9%,23455000,-600849.984751577,300.25088928770214,706,1:48:29
46.9%,23460000,-600103.5178590943,300.7228374656514,706,1:48:27
46.9%,23465000,-600240.5462728818,302.03054458561,706,1:48:26
46.9%,23470000,-598381.6122425478,302.3250522203059,706,1:48:25
46.9%,23475000,-599036.646458881,301.29730521089715,706,1:48:24
46.9%,23480000,-599445.4534945092,302.89893119560315,706,1:48:22
46.9%,23485000,-599388.3631079812,299.88128895248104,706,1:48:21
46.9%,23490000,-600000.3614114663,299.67340409647,706,1:48:20
46.9%,23495000,-598481.4291575286,303.2174066736225,706,1:48:19
47.0%,23500000,-599505.6178253042,300.17810260280896,706,1:48:18
47.0%,23505000,-600528.5753519214,299.90312250474096,706,1:48:16
47.0%,23510000,-599259.8140570875,298.97713456811175,706,1:48:15
47.0%,23515000,-600394.583286149,297.8314863764998,706,1:48:14
47.0%,23520000,-599671.9697318496,305.56566654937143,706,1:48:13
47.0%,23525000,-598970.5913249571,300.1047516800484,706,1:48:12
47.0%,23530000,-599789.3673751182,298.57696725972687,706,1:48:10
47.0%,23535000,-601685.2985285311,302.30795335971595,706,1:48:09
47.0%,23540000,-599186.7998767565,299.41804966335457,706,1:48:08
47.0%,23545000,-599904.4368035966,299.8353648964918,706,1:48:07
47.1%,23550000,-599437.2737477506,300.7148400071832,706,1:48:05
47.1%,23555000,-599954.4135699896,300.2796408868578,706,1:48:04
47.1%,23560000,-598763.1029223427,296.83119076594363,706,1:48:03
47.1%,23565000,-598982.5749511011,300.1234205938346,706,1:48:02
47.1%,23570000,-599769.7817867668,298.5562131190394,706,1:48:01
47.1%,23575000,-600718.9971221271,300.48068129221673,706,1:47:59
47.1%,23580000,-599695.3342346614,297.97755038791,706,1:47:58
47.1%,23585000,-599457.4297592542,300.40190877951295,706,1:47:57
47.1%,23590000,-599266.5424939292,301.85747075280864,706,1:47:56
47.1%,23595000,-598673.8179154419,301.5638217409544,706,1:47:54
47.2%,23600000,-596911.1964510023,298.71118227592194,706,1:47:53
47.2%,23605000,-599155.6476752199,300.6037587435511,706,1:47:52
47.2%,23610000,-598586.3101341114,300.0950124438156,706,1:47:51
47.2%,23615000,-599509.1452546841,299.1523917561391,706,1:47:50
47.2%,23620000,-598953.4302183297,300.8747401123851,706,1:47:48
47.2%,23625000,-599498.9124909285,299.8695380855907,706,1:47:47
47.2%,23630000,-598578.3699361528,299.9546398752417,706,1:47:46
47.2%,23635000,-600791.5828218441,300.33964635745065,706,1:47:45
47.2%,23640000,-598890.685755705,300.37028692685794,706,1:47:43
47.2%,23645000,-598920.8780672527,297.47329345903245,706,1:47:42
47.3%,23650000,-598643.7406143714,296.71238189673636,706,1:47:41
47.3%,23655000,-598786.5804934893,300.5763073446986,706,1:47:40
47.3%,23660000,-600753.7542667692,300.6762755755512,706,1:47:39
47.3%,23665000,-599895.949926509,300.07168243460313,706,1:47:37
47.3%,23670000,-599851.6662049764,298.8222390074728,706,1:47:36
47.3%,23675000,-599453.5143468925,302.5642400119166,706,1:47:35
47.3%,23680000,-599375.2343073324,302.6275082493077,706,1:47:34
47.3%,23685000,-600025.2301659854,301.52165109338733,706,1:47:32
47.3%,23690000,-600780.7812075899,297.82223778189086,706,1:47:31
47.3%,23695000,-600089.25344784,300.820352488385,706,1:47:30
47.4%,23700000,-601021.1476959973,303.1180762768808,706,1:47:29
47.4%,23705000,-598828.2039599838,300.4096118530069,706,1:47:28
47.4%,23710000,-598840.593658132,302.67787261199254,706,1:47:26
47.4%,23715000,-600064.0745523791,299.89537036708464,706,1:47:25
47.4%,23720000,-598888.6149594714,298.97097701573284,706,1:47:24
47.4%,23725000,-599673.4299984942,299.9778717561294,706,1:47:23
47.4%,23730000,-599822.7275604946,302.59554294751604,706,1:47:21
47.4%,23735000,-599984.4357285826,300.53381778007605,706,1:47:20
47.4%,23740000,-599416.7437083637,302.03927800651394,706,1:47:19
47.4%,23745000,-601401.3573791059,297.7135606622155,706,1:47:18
47.5%,23750000,-599794.8278610804,302.52469429703694,706,1:47:16
47.5%,23755000,-600961.8523069257,300.4752351701924,706,1:47:15
47.5%,23760000,-599658.9486815524,299.0954773277763,706,1:47:14
47.5%,23765000,-598663.0002461942,301.8477560486571,706,1:47:13
47.5%,23770000,-598553.5428046621,300.80764487032815,706,1:47:12
47.5%,23775000,-598769.700316973,297.43661799765215,706,1:47:10
47.5%,23780000,-600021.2194179883,302.9560418806154,706,1:47:09
47.5%,23785000,-599131.3777200636,300.79829814739446,706,1:47:08
47.5%,23790000,-598750.1717986837,299.75210301293015,706,1:47:07
47.5%,23795000,-599496.3304892429,304.0422243074207,706,1:47:05
47.6%,23800000,-598923.5337854926,300.1936314102028,706,1:47:04
47.6%,23805000,-600158.4237676188,299.8957383483025,706,1:47:03
47.6%,23810000,-599378.3848463027,299.37965695629094,706,1:47:02
47.6%,23815000,-599191.6812347877,298.59048443646304,706,1:47:01
47.6%,23820000,-599633.1560343029,300.97375159207127,706,1:46:59
47.6%,23825000,-600459.6500254315,300.42668618151566,706,1:46:58
47.6%,23830000,-598651.570877702,296.8952440299328,706,1:46:57
47.6%,23835000,-599330.5319650662,299.88837872394527,706,1:46:56
47.6%,23840000,-599021.864911729,301.7117992546975,706,1:46:54
47.6%,23845000,-600341.0086202244,301.9592543576694,706,1:46:53
47.7%,23850000,-599606.8691098522,302.4978807322954,706,1:46:52
47.7%,23855000,-600973.505888314,301.7601029225622,706,1:46:51
47.7%,23860000,-597604.1309851166,302.6471829784228,706,1:46:50
47.7%,23865000,-599208.1068352791,302.0566221879158,706,1:46:48
47.7%,23870000,-599707.7370212758,298.78173654142677,706,1:46:47
47.7%,23875000,-600150.8998555522,299.13875191899695,706,1:46:46
47.7%,23880000,-598938.536464435,299.2767939398578,706,1:46:45
47.7%,23885000,-601372.905255103,298.06557149522274,706,1:46:43
47.7%,23890000,-599717.5089888796,300.17719491580493,706,1:46:42
47.7%,23895000,-599641.8806208442,303.6307231775256,706,1:46:41
47.8%,23900000,-598199.7817311347,300.8840868353187,706,1:46:40
47.8%,23905000,-600328.1168278819,298.0693984998885,706,1:46:39
47.8%,23910000,-599023.3708096119,301.8316875354771,706,1:46:37
47.8%,23915000,-599597.4470258867,299.64229741751996,706,1:46:36
47.8%,23920000,-600282.2605586704,300.5709348189178,706,1:46:35
47.8%,23925000,-599250.6739887865,299.24659494791183,706,1:46:34
47.8%,23930000,-599087.575996648,299.54154416006924,706,1:46:32
47.8%,23935000,-600095.6558549711,301.25930501713253,706,1:46:31
47.8%,23940000,-599736.3449520539,302.85092191271264,706,1:46:30
47.8%,23945000,-599878.1058487417,302.12837852539906,706,1:46:29
47.9%,23950000,-600407.3622659217,300.44273016261445,706,1:46:28
47.9%,23955000,-598444.9903783728,299.42271075878085,706,1:46:26
47.9%,23960000,-599774.8434368325,302.580234928853,706,1:46:25
47.9%,23965000,-599546.2624212657,301.6293469298151,706,1:46:24
47.9%,23970000,-598309.7178256824,299.53312965622075,706,1:46:23
47.9%,23975000,-599959.256220398,300.4766825629826,706,1:46:22
47.9%,23980000,-599219.5167867672,302.2986311688634,706,1:46:20
47.9%,23985000,-598352.7169735851,300.6375148872697,706,1:46:19
47.9%,23990000,-599449.0583410785,298.8597730916948,706,1:46:18
47.9%,23995000,-599979.4588333527,301.87295049604006,706,1:46:17
48.0%,24000000,-599349.8846620196,297.657578452938,706,1:46:15
48.0%,24005000,-598007.6215706724,300.17378495651934,706,1:46:14
48.0%,24010000,-599500.3074539993,301.25022814709195,706,1:46:13
48.0%,24015000,-601041.7277565831,299.5802312521072,706,1:46:12
48.0%,24020000,-599613.6298717842,299.1113250522256,706,1:46:11
48.0%,24025000,-599024.1399510452,301.04293206102943,706,1:46:09
48.0%,24030000,-599753.7746420922,301.67225353981786,706,1:46:08
48.0%,24035000,-598890.8078465671,302.5611244376054,706,1:46:07
48.0%,24040000,-598174.9699895172,296.9941328492131,706,1:46:06
48.0%,24045000,-600120.7443993823,301.7786737080237,706,1:46:04
48.1%,24050000,-599423.4728002115,305.85600373026494,706,1:46:03
48.1%,24055000,-599307.2327241418,299.34484593308116,706,1:46:02
48.1%,24060000,-599612.6423143377,300.80276298617116,706,1:46:01
48.1%,24065000,-599166.9094927423,299.22368198407963,706,1:46:00
48.1%,24070000,-599322.447093715,300.4210928670042,706,1:45:58
48.1%,24075000,-599721.5523270168,300.5478010663548,706,1:45:57
48.1%,24080000,-597943.1627388606,301.09059789478323,706,1:45:56
48.1%,24085000,-598308.458300022,298.79778052252556,706,1:45:55
48.1%,24090000,-598478.1008483185,301.69337566172317,706,1:45:53
48.1%,24095000,-598406.0911644581,299.59028940539537,706,1:45:52
48.2%,24100000,-598742.992397219,304.2226822966605,706,1:45:51
48.2%,24105000,-600833.1665756088,302.41231283310174,706,1:45:50
48.2%,24110000,-599720.677125006,300.7739868549343,706,1:45:49
48.2%,24115000,-599724.1485237195,299.3650358359012,706,1:45:47
48.2%,24120000,-599209.0906119798,300.7975376528775,706,1:45:46
48.2%,24125000,-600955.1479698732,299.73605903183136,706,1:45:45
48.2%,24130000,-598726.9891947471,301.28300300756297,706,1:45:44
48.2%,24135000,-600544.6960732145,300.24723400760473,706,1:45:42
48.2%,24140000,-601129.0038787499,302.76650702133503,706,1:45:41
48.2%,24145000,-598569.1129540531,297.59494804965783,706,1:45:40
48.3%,24150000,-598640.6856803531,299.94732931504683,706,1:45:39
48.3%,24155000,-600012.4419737165,302.46319236949154,706,1:45:38
48.3%,24160000,-599609.183319062,299.4700331433979,706,1:45:36
48.3%,24165000,-600819.3220325694,299.64026125478114,706,1:45:35
48.3%,24170000,-599740.7823761143,302.60901106008987,706,1:45:34
48.3%,24175000,-600233.4405516391,296.9368013754701,706,1:45:33
48.3%,24180000,-599172.1078453292,299.0971209772161,706,1:45:31
48.3%,24185000,-599905.7264112681,300.60822358232787,706,1:45:30
48.3%,24190000,-599580.3137927824,301.33932866597706,706,1:45:29
48.3%,24195000,-599165.4337033243,298.40963393392417,706,1:45:28
48.4%,24200000,-599112.3699318687,300.21703501565884,706,1:45:27
48.4%,24205000,-598014.5893617994,298.7706235086473,706,1:45:25
48.4%,24210000,-600893.5185562461,300.00512689833243,706,1:45:24
48.4%,24215000,-599224.9079118092,302.123619301648,706,1:45:23
48.4%,24220000,-598341.9290215313,298.1697101798778,706,1:45:22
48.4%,24225000,-598987.0327511746,301.575081966221,706,1:45:20
48.4%,24230000,-600161.1054434492,301.6720818152495,706,1:45:19
48.4%,24235000,-600027.5207229941,300.2764762483842,706,1:45:18
48.4%,24240000,-599528.5698699984,297.4825911178038,706,1:45:17
48.4%,24245000,-598054.3831628077,302.9985314452379,706,1:45:16
48.5%,24250000,-599792.5746853268,301.62826751824275,706,1:45:14
48.5%,24255000,-599859.7395743607,297.7850716788867,706,1:45:13
48.5%,24260000,-599136.7840798553,300.90525802138643,706,1:45:12
48.5%,24265000,-599570.497247912,299.0644197129887,706,1:45:11
48.5%,24270000,-599687.7038767999,299.4453048055576,706,1:45:09
48.5%,24275000,-600393.6651066211,300.98984463733245,706,1:45:08
48.5%,24280000,-598783.3274068581,298.44900792423545,706,1:45:07
48.5%,24285000,-598957.0564191905,297.9275785385243,706,1:45:06
48.5%,24290000,-599582.7437766143,300.73198793193563,706,1:45:05
48.5%,24295000,-599503.9853253001,303.284575511923,706,1:45:03
48.6%,24300000,-600302.5736903143,298.93135770460964,706,1:45:02
48.6%,24305000,-599441.4309665635,300.7972677999844,706,1:45:01
48.6%,24310000,-599871.7691823468,301.2865601593356,706,1:45:00
48.6%,24315000,-598743.3560402244,300.7044384047583,706,1:44:59
48.6%,24320000,-599875.7557528717,300.4992030135158,706,1:44:57
48.6%,24325000,-599467.2268870873,297.00166419813866,706,1:44:56
48.6%,24330000,-599755.2429582421,300.50980087259023,706,1:44:55
48.6%,24335000,-598650.0362104531,300.56784377668777,706,1:44:54
48.6%,24340000,-599781.455164223,303.1490112312625,706,1:44:52
48.6%,24345000,-598622.8647411531,298.19421772898744,706,1:44:51
48.7%,24350000,-601036.0132603389,299.3194797611298,706,1:44:50
48.7%,24355000,-599775.3016936951,299.8296489215744,706,1:44:49
48.7%,24360000,-599371.4257476269,299.17765979976565,706,1:44:48
48.7%,24365000,-598500.2147742831,300.26467631733146,706,1:44:46
48.7%,24370000,-600236.8519333177,298.9112659301144,706,1:44:45
48.7%,24375000,-600363.6791507686,302.5372056584443,706,1:44:44
48.7%,24380000,-598480.7450623973,299.70941719165813,706,1:44:43
48.7%,24385000,-599083.2817577105,301.0084890190375,706,1:44:41
48.7%,24390000,-599657.3322880585,300.63766207975686,706,1:44:40
48.7%,24395000,-600484.3916500662,301.05225425188195,706,1:44:39
48.8%,24400000,-599872.2726386511,302.31025937534787,706,1:44:38
48.8%,24405000,-600420.3710761815,297.7939522922778,706,1:44:37
48.8%,24410000,-600994.2551487074,298.8311686850263,706,1:44:35
48.8%,24415000,-600539.1695232536,300.614798180087,706,1:44:34
48.8%,24420000,-598835.3173536351,296.94919007647155,706,1:44:33
48.8%,24425000,-598040.3241846729,300.6168834069882,706,1:44:32
48.8%,24430000,-600326.0831888993,300.47285555831684,706,1:44:30
48.8%,24435000,-599042.0685538552,301.22628483584975,706,1:44:29
48.8%,24440000,-599894.7362632314,301.3599110820962,706,1:44:28
48.8%,24445000,-598698.092128383,302.7645444548397,706,1:44:27
48.9%,24450000,-598364.8659366523,299.9980371268682,706,1:44:25
48.9%,24455000,-599347.2981035411,301.9825598348007,706,1:44:24
48.9%,24460000,-600790.0732144243,300.290974708368,706,1:44:23
48.9%,24465000,-600558.741500848,298.9312350442037,706,1:44:22
48.9%,24470000,-600134.8934572698,299.6815978115877,706,1:44:21
48.9%,24475000,-599365.603418936,301.4299747059772,706,1:44:19
48.9%,24480000,-599429.9474303904,301.53256786951727,706,1:44:18
48.9%,24485000,-599712.9463738212,300.1782252632149,706,1:44:17
48.9%,24490000,-598415.1272503533,297.99543427509815,706,1:44:16
48.9%,24495000,-601408.6199681857,298.209967325112,706,1:44:14
49.0%,24500000,-598445.7566563054,302.27552194838165,706,1:44:13
49.0%,24505000,-600234.2589117754,302.0081958596452,706,1:44:12
49.0%,24510000,-599995.4087977493,299.26106887581443,706,1:44:11
49.0%,24515000,-599664.4372711014,300.75568592236596,706,1:44:10
49.0%,24520000,-598779.0642569368,300.6212991816026,706,1:44:08
49.0%,24525000,-599448.9509303663,299.85572652388026,706,1:44:07
49.0%,24530000,-599052.7772121052,299.51509857654554,706,1:44:06
49.0%,24535000,-598519.2751909248,300.6557422235945,706,1:44:05
49.0%,24540000,-599572.8340939558,300.15815802080084,706,1:44:04
49.0%,24545000,-599822.5084499898,300.737949227665,706,1:44:02
49.1%,24550000,-598128.9797077728,299.2076380029808,706,1:44:01
49.1%,24555000,-598081.0009500505,302.3925890398243,706,1:44:00
49.1%,24560000,-599972.6775447214,302.58958165178666,706,1:43:59
49.1%,24565000,-600423.3397836965,302.22275344174017,706,1:43:57
49.1%,24570000,-599221.874194616,302.2320756325927,706,1:43:56
49.1%,24575000,-599512.3596828682,299.3581177890054,706,1:43:55
49.1%,24580000,-598604.8696768489,299.7104720711493,706,1:43:54
49.1%,24585000,-599979.7568624355,300.37865236654403,706,1:43:53
49.1%,24590000,-599199.1973571307,301.28570153649395,706,1:43:51
49.1%,24595000,-599539.7363391821,300.06434734232704,706,1:43:50
49.2%,24600000,-599382.254623387,299.74282988624003,706,1:43:49
49.2%,24605000,-599034.473880122,300.2274856822461,706,1:43:48
49.2%,24610000,-597760.6402203469,299.0585565455841,706,1:43:46
49.2%,24615000,-599314.8500614464,299.84956897150136,706,1:43:45
49.2%,24620000,-599920.7677026149,301.51561620141445,706,1:43:44
49.2%,24625000,-599917.211924348,300.19907753222714,706,1:43:43
49.2%,24630000,-599424.7559228265,298.2168853720078,706,1:43:42
49.2%,24635000,-599633.8538948302,303.49000715981504,706,1:43:40
49.2%,24640000,-598975.8042352633,299.72860127914936,706,1:43:39
49.2%,24645000,-599053.7291654549,299.65284621243205,706,1:43:38
49.3%,24650000,-600114.681080617,301.63211905498963,706,1:43:37
49.3%,24655000,-600293.4610838746,299.34160769836393,706,1:43:35
49.3%,24660000,-600744.0800679983,299.7758255354417,706,1:43:34
49.3%,24665000,-599717.298113348,303.326868819896,706,1:43:33
49.3%,24670000,-599735.9479190698,301.8148585277802,706,1:43:32
49.3%,24675000,-600363.5689245458,300.10592921994555,706,1:43:31
49.3%,24680000,-598847.4465862871,300.4865689917025,706,1:43:29
49.3%,24685000,-598341.1545982203,299.1377215715869,706,1:43:28
49.3%,24690000,-599683.9600602505,298.1907341734584,706,1:43:27
49.3%,24695000,-600120.0864748885,297.35399394820143,706,1:43:26
49.4%,24700000,-599963.2270615357,298.9311614479601,706,1:43:24
49.4%,24705000,-598933.2230439661,301.80148854353115,706,1:43:23
49.4%,24710000,-599321.230166533,299.89247558150413,706,1:43:22
49.4%,24715000,-600058.8248880482,301.1181719540417,706,1:43:21
49.4%,24720000,-598786.5022138758,298.96859740385736,706,1:43:20
49.4%,24725000,-599559.1564277881,299.0815676377411,706,1:43:18
49.4%,24730000,-600301.7850186299,298.4626477613776,706,1:43:17
49.4%,24735000,-599295.7751897066,299.42852486202304,706,1:43:16
49.4%,24740000,-598566.4012536705,302.9438985004259,706,1:43:15
49.4%,24745000,-599133.3758389372,300.25476535653036,706,1:43:13
49.5%,24750000,-599928.4192328355,299.52584362810705,706,1:43:12
49.5%,24755000,-601013.7218012493,301.6098193931872,706,1:43:11
49.5%,24760000,-599436.9140570462,300.61845346018447,706,1:43:10
49.5%,24765000,-599291.556225853,300.8358322316164,706,1:43:09
49.5%,24770000,-598988.6500339946,299.6314787697149,706,1:43:07
49.5%,24775000,-599429.318389752,303.9539088151337,706,1:43:06
49.5%,24780000,-599208.7316594748,300.88067687603325,706,1:43:05
49.5%,24785000,-600084.4453184847,299.9184550554852,706,1:43:04
49.5%,24790000,-600434.1540008658,299.12442518358154,706,1:43:02
49.5%,24795000,-599542.0862858389,297.63518066281074,706,1:43:01
49.6%,24800000,-599182.8787367088,299.08223000393326,706,1:43:00
49.6%,24805000,-598984.1472856821,299.60814876050233,706,1:42:59
49.6%,24810000,-600031.1872212794,301.6594723255174,706,1:42:58
49.6%,24815000,-599529.4337056428,300.4459683973317,706,1:42:56
49.6%,24820000,-599200.8794529373,299.51242457969573,706,1:42:55
49.6%,24825000,-599146.2906066175,299.66138337668644,706,1:42:54
49.6%,24830000,-599762.1506994558,300.33395491461437,706,1:42:53
49.6%,24835000,-599938.7692290093,297.6235524563263,706,1:42:51
49.6%,24840000,-601042.2328786976,302.43181583764846,706,1:42:50
49.6%,24845000,-600505.0509438892,299.65598631882443,706,1:42:49
49.7%,24850000,-600535.6880436363,301.0852253690024,706,1:42:48
49.7%,24855000,-597967.634598353,299.9550814527031,706,1:42:47
49.7%,24860000,-599962.4321872857,302.64301252462036,706,1:42:45
49.7%,24865000,-600083.1492524389,301.9907044857561,706,1:42:44
49.7%,24870000,-598597.4487666944,298.92073531345403,706,1:42:43
49.7%,24875000,-599702.6927194712,301.71466950819683,706,1:42:42
49.7%,24880000,-600182.6739537381,297.40153712154927,706,1:42:40
49.7%,24885000,-599538.4200426582,301.983492053886,706,1:42:39
49.7%,24890000,-598930.0304061109,300.69408586649575,706,1:42:38
49.7%,24895000,-600670.5761889773,299.9659736967518,706,1:42:37
49.8%,24900000,-598750.1329165339,298.50808117574303,706,1:42:36
49.8%,24905000,-599361.7919751871,302.4011752682411,706,1:42:34
49.8%,24910000,-600065.3534172429,300.32213045148035,706,1:42:33
49.8%,24915000,-599497.1998684797,302.27741091863334,706,1:42:32
49.8%,24920000,-600462.6170123122,301.6169827608949,706,1:42:31
49.8%,24925000,-598492.3002580628,297.35232576668045,706,1:42:30
49.8%,24930000,-600001.8885971932,300.42786372141285,706,1:42:28
49.8%,24935000,-599023.2919085198,299.45237004494055,706,1:42:27
49.8%,24940000,-598838.3460090635,300.37801453243304,706,1:42:26
49.8%,24945000,-600403.4571778835,303.5341649059585,706,1:42:25
49.9%,24950000,-597878.1535687484,301.59912340578796,706,1:42:23
49.9%,24955000,-598886.5814323844,301.65382994684353,706,1:42:22
49.9%,24960000,-598654.1569821709,301.1300454813381,706,1:42:21
49.9%,24965000,-600317.9580956846,300.03054213444614,706,1:42:20
49.9%,24970000,-598289.8763468182,299.22162128925953,706,1:42:19
49.9%,24975000,-600538.3171663596,299.1159125514083,706,1:42:17
49.9%,24980000,-598761.7623397005,297.3510010342962,706,1:42:16
49.9%,24985000,-598908.397601875,299.7587266748517,706,1:42:15
49.9%,24990000,-599392.8098122277,301.2599183191623,706,1:42:14
49.9%,24995000,-600305.8993712147,301.70068622191803,706,1:42:12
50.0%,25000000,-600740.0448228419,299.08900085834193,706,1:42:11
50.0%,25005000,-600098.3687702338,299.51360211959286,706,1:42:10
50.0%,25010000,-599296.5781714446,299.3685439235115,706,1:42:09
50.0%,25015000,-599327.1385440319,299.68738738274874,706,1:42:08
50.0%,25020000,-600082.2351276889,301.7721236423457,706,1:42:06
50.0%,25025000,-600059.5446485477,297.92485547751215,706,1:42:05
50.0%,25030000,-599821.3553716643,298.3343204446683,706,1:42:04
50.0%,25035000,-597767.4002153897,297.18712673194136,706,1:42:03
50.0%,25040000,-599427.398055085,300.44302454758883,706,1:42:02
50.0%,25045000,-599379.3210641923,298.18975289021074,706,1:42:00
50.0%,25050000,-599780.8162591378,298.5417882552992,706,1:41:59
50.1%,25055000,-599597.8447293215,302.1650785188605,706,1:41:58
50.1%,25060000,-598933.0985283027,302.2607045713424,706,1:41:57
50.1%,25065000,-598412.8215150204,301.06373526587925,706,1:41:56
50.1%,25070000,-600248.0849898304,299.99450450717677,706,1:41:54
50.1%,25075000,-600753.5153312767,299.80308067764474,706,1:41:53
50.1%,25080000,-598162.1573022562,297.3290693537116,706,1:41:52
50.1%,25085000,-599195.4049002691,298.7180267265742,706,1:41:51
50.1%,25090000,-599171.6054569124,301.3848602086673,706,1:41:49
50.1%,25095000,-599625.4317737645,301.7201156302212,706,1:41:48
50.1%,25100000,-599438.4551644865,295.33237873350845,706,1:41:47
50.2%,25105000,-599912.0505860862,301.44383533185004,706,1:41:46
50.2%,25110000,-598541.9921890488,301.76969496630784,706,1:41:44
50.2%,25115000,-600739.054625012,300.0043664038155,706,1:41:43
50.2%,25120000,-597866.0669500446,299.06508207918085,706,1:41:42
50.2%,25125000,-599788.9573226292,300.0257829106951,706,1:41:41
50.2%,25130000,-598936.9449276566,296.69466973411664,706,1:41:40
50.2%,25135000,-598924.3086661706,301.45107229580134,706,1:41:38
50.2%,25140000,-599129.5600753175,300.35966453570234,706,1:41:37
50.2%,25145000,-599509.3417741475,297.52542413156294,706,1:41:36
50.2%,25150000,-600173.8826550571,300.43703871977823,706,1:41:35
50.3%,25155000,-600017.1246967497,301.2239788202178,706,1:41:34
50.3%,25160000,-599535.5724979304,299.4756755220718,706,1:41:32
50.3%,25165000,-598289.129220149,299.71510863449436,706,1:41:31
50.3%,25170000,-599146.5888658706,298.22900422011605,706,1:41:30
50.3%,25175000,-600074.2338045649,303.21009611342765,706,1:41:29
50.3%,25180000,-597844.5700600292,299.80403742881117,706,1:41:27
50.3%,25185000,-598957.7031775862,301.5735609771871,706,1:41:26
50.3%,25190000,-600156.6776714786,299.2119311171892,706,1:41:25
50.3%,25195000,-601034.099547687,298.1299927404299,706,1:41:24
50.3%,25200000,-599947.5751408692,299.6802976112846,706,1:41:22
50.4%,25205000,-599225.9024295523,300.3568188142842,706,1:41:21
50.4%,25210000,-598888.4064006908,300.19745841486855,706,1:41:20
50.4%,25215000,-597955.3248644336,299.73907647781783,706,1:41:19
50.4%,25220000,-599728.7007490192,300.19387673101465,706,1:41:18
50.4%,25225000,-599822.0626441026,301.3225487224425,706,1:41:16
50.4%,25230000,-598933.0809481558,304.0063829368009,706,1:41:15
50.4%,25235000,-598276.0540077076,300.30562036083893,706,1:41:14
50.4%,25240000,-600547.0289620152,301.21522086723263,706,1:41:13
50.4%,25245000,-599927.545886199,299.0900312057519,706,1:41:11
50.4%,25250000,-599668.6399186635,301.62466130230763,706,1:41:10
50.5%,25255000,-600348.1724381996,299.92279723385593,706,1:41:09
50.5%,25260000,-599029.4358578748,300.26104556931523,706,1:41:08
50.5%,25265000,-598710.5484615164,299.00978676817675,706,1:41:07
50.5%,25270000,-599821.1578526432,299.15903995014173,706,1:41:05
50.5%,25275000,-599504.9074988062,300.965361620304,706,1:41:04
50.5%,25280000,-599243.9572766549,300.371317274268,706,1:41:03
50.5%,25285000,-598242.0980900452,299.2113668793218,706,1:41:02
50.5%,25290000,-598303.7242388357,300.40583391250345,706,1:41:00
50.5%,25295000,-599318.9871317572,299.8248161015798,706,1:40:59
50.5%,25300000,-599606.4726978829,301.0301263146478,706,1:40:58
50.6%,25305000,-599229.9189294125,301.1228085173868,706,1:40:57
50.6%,25310000,-599931.651655551,300.89478282271796,706,1:40:56
50.6%,25315000,-599156.3487798125,299.8535186365731,706,1:40:54
50.6%,25320000,-598385.4357701442,297.8450035532359,706,1:40:53
50.6%,25325000,-599755.9304843913,299.5155156219257,706,1:40:52
50.6%,25330000,-597766.8915458056,300.5023921840706,706,1:40:51
50.6%,25335000,-598463.88189393,299.64583003721145,706,1:40:49
50.6%,25340000,-599693.2441496784,300.80229687662853,706,1:40:48
50.6%,25345000,-598928.304103591,297.64803547335475,706,1:40:47
50.6%,25350000,-599692.8400416495,302.07980500464123,706,1:40:46
50.7%,25355000,-598816.5580048356,300.78463377817116,706,1:40:45
50.7%,25360000,-599636.2630430656,300.2430880858835,706,1:40:43
50.7%,25365000,-599410.4484536075,299.9387921507924,706,1:40:42
50.7%,25370000,-599751.6816267814,300.7264927457489,706,1:40:41
50.7%,25375000,-599645.9130657152,301.00377885944886,706,1:40:40
50.7%,25380000,-599706.139939588,300.3073621386035,706,1:40:38
50.7%,25385000,-599760.4178198362,300.1215316235829,706,1:40:37
50.7%,25390000,-599417.0263249418,300.09488978340966,706,1:40:36
50.7%,25395000,-599187.7253280967,302.15028567390243,706,1:40:35
50.7%,25400000,-598232.4084418598,301.50656386345497,706,1:40:34
50.8%,25405000,-598673.8862788319,299.36378469976046,706,1:40:32
50.8%,25410000,-598946.0437510079,301.5738553621614,706,1:40:31
50.8%,25415000,-598260.407306477,299.98201767785065,706,1:40:30
50.8%,25420000,-600276.7395090489,299.97627717085203,706,1:40:29
50.8%,25425000,-599454.3810719014,300.6252488466743,706,1:40:27
50.8%,25430000,-598521.9532889915,298.9709034194893,706,1:40:26
50.8%,25435000,-599577.0914799003,301.0858632031134,706,1:40:25
50.8%,25440000,-599531.9093041914,300.6037587435511,706,1:40:24
50.8%,25445000,-599583.002535196,301.9956599661566,706,1:40:23
50.8%,25450000,-599607.986759393,302.5301158869801,706,1:40:21
50.9%,25455000,-600560.912303519,299.2852575078686,706,1:40:20
50.9%,25460000,-600125.2125011059,298.95814673727,706,1:40:19
50.9%,25465000,-598197.6993895643,299.28427622462095,706,1:40:18
50.9%,25470000,-599668.8059400539,299.1991008387264,706,1:40:16
50.9%,25475000,-599571.9231531415,300.69943386019537,706,1:40:15
50.9%,25480000,-598657.0773031977,300.5597972540571,706,1:40:14
50.9%,25485000,-598663.8404139648,300.04251379006723,706,1:40:13
50.9%,25490000,-601466.581501428,300.89510173977345,706,1:40:12
50.9%,25495000,-599603.7167119104,303.31327804691625,706,1:40:10
50.9%,25500000,-599104.5636999006,300.0665552296343,706,1:40:09
51.0%,25505000,-599213.1385901505,298.2334445268116,706,1:40:08
51.0%,25510000,-598923.7482583444,301.6756634991034,706,1:40:07
51.0%,25515000,-599573.7953559724,298.3784045945683,706,1:40:06
51.0%,25520000,-599189.0116308918,298.5517482802627,706,1:40:04
51.0%,25525000,-598583.6316911913,298.27843636371557,706,1:40:03
51.0%,25530000,-599347.3892757255,297.6507830664481,706,1:40:02
51.0%,25535000,-600457.434889242,300.613252658972,706,1:40:01
51.0%,25540000,-599425.5207649716,299.23842576487533,706,1:39:59
51.0%,25545000,-598918.6445427579,299.8592591435717,706,1:39:58
51.0%,25550000,-598626.3439296586,300.01516051953945,706,1:39:57
51.1%,25555000,-600677.0221174979,299.99970530838925,706,1:39:56
51.1%,25560000,-599470.9096419387,301.98790782850034,706,1:39:55
51.1%,25565000,-599862.6463138466,299.9606992992958,706,1:39:53
51.1%,25570000,-600519.6471813098,302.75647340012796,706,1:39:52
51.1%,25575000,-599009.8754506954,300.6798572594051,706,1:39:51
51.1%,25580000,-599514.0233042906,301.3782365467457,706,1:39:50
51.1%,25585000,-599730.2025338863,302.3532395815942,706,1:39:48
51.1%,25590000,-600295.1213735226,302.8864198341958,706,1:39:47
51.1%,25595000,-599456.0547280121,297.5167643069026,706,1:39:46
51.1%,25600000,-600362.570870175,300.3937150643952,706,1:39:45
51.2%,25605000,-599206.094595742,298.4229548540108,706,1:39:44
51.2%,25610000,-599906.1790160653,298.66766236388935,706,1:39:42
51.2%,25615000,-598484.2952814777,300.2904350025818,706,1:39:41
51.2%,25620000,-599552.4060323741,297.83381692421295,706,1:39:40
51.2%,25625000,-599901.721122006,298.8854336486204,706,1:39:39
51.2%,25630000,-598594.6111314897,302.8122593527559,706,1:39:37
51.2%,25635000,-599188.4148883428,302.0170028767927,706,1:39:36
51.2%,25640000,-599627.5277240267,300.25071756313383,706,1:39:35
51.2%,25645000,-600887.9448178546,300.90533161763005,706,1:39:34
51.2%,25650000,-599414.4635247849,301.4383401456633,706,1:39:33
51.3%,25655000,-599988.3161042011,301.1609313715573,706,1:39:31
51.3%,25660000,-598443.2567277323,298.4014156867252,706,1:39:30
51.3%,25665000,-599898.9938592492,301.92319219831893,706,1:39:29
51.3%,25670000,-598172.9204878667,303.8661084965517,706,1:39:28
51.3%,25675000,-599501.0610038517,300.1705712538834,706,1:39:27
51.3%,25680000,-598041.4143322404,298.45815839051966,706,1:39:25
51.3%,25685000,-598922.9570297366,300.4704514143601,706,1:39:24
51.3%,25690000,-598739.2401273032,302.118222243786,706,1:39:23
51.3%,25695000,-599370.4053960764,298.62073249257134,706,1:39:22
51.3%,25700000,-599803.0137702543,299.79837051805606,706,1:39:20
51.4%,25705000,-599174.601752481,300.3322867330934,706,1:39:19
51.4%,25710000,-599009.9870522968,300.57505620855784,706,1:39:18
51.4%,25715000,-598361.9693743358,298.9041270944878,706,1:39:17
51.4%,25720000,-599892.1665183352,302.9015806603717,706,1:39:15
51.4%,25725000,-600513.2023335095,299.7044126470952,706,1:39:14
51.4%,25730000,-600183.1529832021,299.7466078267434,706,1:39:13
51.4%,25735000,-599395.4069276173,302.0197259378049,706,1:39:12
51.4%,25740000,-599848.1549248374,300.6265981111398,706,1:39:11
51.4%,25745000,-599206.0296473163,299.97848505815915,706,1:39:09
51.4%,25750000,-600689.7281460473,298.3160931083436,706,1:39:08
51.5%,25755000,-600123.5750878886,299.1822718310295,706,1:39:07
51.5%,25760000,-598482.3996310225,303.1547517382611,706,1:39:06
51.5%,25765000,-598836.5118695218,299.30272434967645,706,1:39:05
51.5%,25770000,-599330.4657019447,297.25171970171687,706,1:39:03
51.5%,25775000,-600383.1479720436,300.22581750072516,706,1:39:02
51.5%,25780000,-599543.6559333866,299.83875032369616,706,1:39:01
51.5%,25785000,-598024.9058241704,301.15622121196867,706,1:39:00
51.5%,25790000,-599455.51341527,300.42869781217337,706,1:38:58
51.5%,25795000,-601646.866776309,299.925888276086,706,1:38:57
51.5%,25800000,-600367.454630001,303.9945584736669,706,1:38:56
51.6%,25805000,-599199.0768660661,298.9698240079169,706,1:38:55
51.6%,25810000,-601446.7141025113,298.7842388137082,706,1:38:53
51.6%,25815000,-599308.4788707979,300.7282835876758,706,1:38:52
51.6%,25820000,-599284.6333452603,300.45585482605156,706,1:38:51
51.6%,25825000,-599606.3909032075,300.2091111534342,706,1:38:50
51.6%,25830000,-599691.4304657173,300.818561646458,706,1:38:49
51.6%,25835000,-599708.6817168938,300.7634871241847,706,1:38:47
51.6%,25840000,-598579.1888291384,300.8807014081145,706,1:38:46
51.6%,25845000,-598550.9944612784,300.654392959129,706,1:38:45
51.6%,25850000,-599279.541369624,298.89284233714005,706,1:38:44
51.7%,25855000,-598412.2584090722,300.66180164764864,706,1:38:42
51.7%,25860000,-598323.0260582934,303.8118435329576,706,1:38:41
51.7%,25865000,-600443.9958988647,299.40340401088366,706,1:38:40
51.7%,25870000,-599585.7975190012,301.3079276020528,706,1:38:39
51.7%,25875000,-600380.77644605,298.2468145110606,706,1:38:38
51.7%,25880000,-598821.716147705,300.2557711718591,706,1:38:36
51.7%,25885000,-599624.6694341693,299.8882560635393,706,1:38:35
51.7%,25890000,-599648.4284094917,299.97988338678704,706,1:38:34
51.7%,25895000,-600235.5066177817,299.57456434135213,706,1:38:33
51.7%,25900000,-598427.8796273959,301.6317020096094,706,1:38:31
51.8%,25905000,-599370.8339659651,300.11890669089547,706,1:38:30
51.8%,25910000,-601139.5026350692,298.64040722168636,706,1:38:29
51.8%,25915000,-601291.179353578,299.48639604155227,706,1:38:28
51.8%,25920000,-599339.5451496858,299.86941542518474,706,1:38:27
51.8%,25925000,-599005.7335502347,303.08856418320823,706,1:38:25
51.8%,25930000,-598186.8726204052,299.16367651348685,706,1:38:24
51.8%,25935000,-599291.6897435975,297.9978138869737,706,1:38:23
51.8%,25940000,-598175.2011357187,300.464784503605,706,1:38:22
51.8%,25945000,-597521.6247962015,302.87724483583037,706,1:38:20
51.8%,25950000,-601046.20493653,299.1170655592242,706,1:38:19
51.9%,25955000,-599175.7670261324,299.49873567839126,706,1:38:18
51.9%,25960000,-599344.9866506546,299.61141152730073,706,1:38:17
51.9%,25965000,-599457.1272041369,301.0775958917521,706,1:38:16
51.9%,25970000,-600423.8260595864,302.59237830904243,706,1:38:14
51.9%,25975000,-600216.4825680237,299.5109526548242,706,1:38:13
51.9%,25980000,-599414.6507219728,301.3634191697065,706,1:38:12
51.9%,25985000,-599999.2864637002,301.1722651930675,706,1:38:11
51.9%,25990000,-598988.3059582333,301.0497029154381,706,1:38:09
51.9%,25995000,-599659.7247060523,300.65012437700176,706,1:38:08
51.9%,26000000,-599995.0246378575,302.1046314708063,706,1:38:07
52.0%,26005000,-599125.8537556785,300.6944293156325,706,1:38:06
52.0%,26010000,-599518.8468234893,302.9368087289618,706,1:38:05
52.0%,26015000,-600495.9631673098,302.20109161404866,706,1:38:03
52.0%,26020000,-599703.2409360632,302.7357683236029,706,1:38:02
52.0%,26025000,-599474.0219806931,299.75617533840784,706,1:38:01
52.0%,26030000,-600150.0890157465,300.1756739267711,706,1:38:00
52.0%,26035000,-599357.9771168232,299.80587733490046,706,1:37:58
52.0%,26040000,-600211.6800723337,296.0587491254878,706,1:37:57
52.0%,26045000,-600436.3823574046,300.42550864161853,706,1:37:56
52.0%,26050000,-599286.9147142358,300.00956720502796,706,1:37:55
52.1%,26055000,-600697.8422435187,302.47975152429535,706,1:37:54
52.1%,26060000,-598986.8214618671,301.31896703858865,706,1:37:52
52.1%,26065000,-599772.4439852335,299.2148504348509,706,1:37:51
52.1%,26070000,-599933.9954289608,301.52368725612615,706,1:37:50
52.1%,26075000,-598309.2741513983,302.655818271002,706,1:37:49
52.1%,26080000,-597973.1768858591,302.7015951345041,706,1:37:47
52.1%,26085000,-600009.1120064524,301.3979112758608,706,1:37:46
52.1%,26090000,-598739.4756219089,301.60962313653766,706,1:37:45
52.1%,26095000,-600645.3163244999,297.19870587426345,706,1:37:44
52.1%,26100000,-599303.2595867347,301.5455944046296,706,1:37:43
52.2%,26105000,-599567.5009525917,298.17547521895773,706,1:37:41
52.2%,26110000,-599368.0403771456,301.727033677117,706,1:37:40
52.2%,26115000,-599283.51425036,300.35549408189985,706,1:37:39
52.2%,26120000,-599980.1186763048,300.5929891599083,706,1:37:38
52.2%,26125000,-598053.929439636,299.544978651436,706,1:37:36
52.2%,26130000,-599323.1723131617,301.17991920239905,706,1:37:35
52.2%,26135000,-600367.4714458357,300.04271004671676,706,1:37:34
52.2%,26140000,-598284.849622569,300.54694244351316,706,1:37:33
52.2%,26145000,-599303.2389887753,300.7367716877678,706,1:37:32
52.2%,26150000,-598794.6582959997,300.2592056632259,706,1:37:30
52.3%,26155000,-598267.4451084989,300.3423694184628,706,1:37:29
52.3%,26160000,-599823.678508006,298.60689639877967,706,1:37:28
52.3%,26165000,-600127.355240576,300.1053649820782,706,1:37:27
52.3%,26170000,-599794.2368163993,301.65466403760405,706,1:37:25
52.3%,26175000,-599458.0123264617,300.8809221968451,706,1:37:24
52.3%,26180000,-598799.4121061102,298.9705599703526,706,1:37:23
52.3%,26185000,-600195.2200873471,298.58069613606784,706,1:37:22
52.3%,26190000,-599342.2913920749,301.15151105238004,706,1:37:21
52.3%,26195000,-600221.9004630949,302.5540591982224,706,1:37:19
52.3%,26200000,-600017.3519721567,300.18936282807556,706,1:37:18
52.4%,26205000,-599516.817283161,300.91796563944337,706,1:37:17
52.4%,26210000,-599997.6513761277,299.3104764873328,706,1:37:16
52.4%,26215000,-599735.1393255643,300.61207511907486,706,1:37:14
52.4%,26220000,-599344.3851588666,300.57755848083934,706,1:37:13
52.4%,26225000,-599591.6209451449,298.79790318293146,706,1:37:12
52.4%,26230000,-598961.6741540246,299.7858591566487,706,1:37:11
52.4%,26235000,-599702.4164315723,299.6105774365402,706,1:37:10
52.4%,26240000,-599115.7866706471,299.96192590335534,706,1:37:08
52.4%,26245000,-599257.332348736,297.54760113295947,706,1:37:07
52.4%,26250000,-599251.88120902,298.91761973914276,706,1:37:06
52.5%,26255000,-599177.1341650584,298.84078526085307,706,1:37:05
52.5%,26260000,-599542.3410291141,299.8456193064296,706,1:37:03
52.5%,26265000,-599338.245092581,297.7206504336796,706,1:37:02
52.5%,26270000,-598852.2649346245,298.847457986937,706,1:37:01
52.5%,26275000,-599738.8708111276,299.84117899973404,706,1:37:00
52.5%,26280000,-597803.2607243904,301.50266326254564,706,1:36:59
52.5%,26285000,-599700.6372419954,300.65140004522374,706,1:36:57
52.5%,26290000,-598055.5381646887,298.4435618022111,706,1:36:56
52.5%,26295000,-598605.7440583413,300.7226412090019,706,1:36:55
52.5%,26300000,-598362.5373948934,298.34305386557224,706,1:36:54
52.6%,26305000,-599129.5044840993,299.9912172082972,706,1:36:52
52.6%,26310000,-598536.2601475618,300.7967771583606,706,1:36:51
52.6%,26315000,-600814.9733347138,298.6066265458866,706,1:36:50
52.6%,26320000,-598994.0958941621,303.04769373594434,706,1:36:49
52.6%,26325000,-599605.9139104132,301.4283801206998,706,1:36:48
52.6%,26330000,-598833.602048092,301.5819509489544,706,1:36:46
52.6%,26335000,-600004.2849373175,299.5802312521072,706,1:36:45
52.6%,26340000,-600178.4416236891,301.1193985581013,706,1:36:44
52.6%,26345000,-599454.5165651664,299.9669795120807,706,1:36:43
52.6%,26350000,-599123.1379906428,302.57476427474745,706,1:36:41
52.7%,26355000,-599231.316779153,298.96749346020374,706,1:36:40
52.7%,26360000,-600130.7319411398,300.0164116556802,706,1:36:39
52.7%,26365000,-599046.8866461017,302.9621749009131,706,1:36:38
52.7%,26370000,-599542.9282756909,301.22486197514064,706,1:36:37
52.7%,26375000,-598515.8026709715,299.0798994562202,706,1:36:35
52.7%,26380000,-599471.387242388,301.6027541538042,706,1:36:34
52.7%,26385000,-600078.7410673685,302.20629241526115,706,1:36:33
52.7%,26390000,-599988.3113749614,300.84225963688846,706,1:36:32
52.7%,26395000,-598451.0375175253,300.39386225688236,706,1:36:30
52.7%,26400000,-599081.8780788141,301.49231072428313,706,1:36:29
52.8%,26405000,-598606.4591873973,299.53070098018287,706,1:36:28
52.8%,26410000,-599937.7159704007,302.0662632958239,706,1:36:27
52.8%,26415000,-599067.3467193446,301.52052261765255,706,1:36:26
52.8%,26420000,-599376.4701656005,300.00068659163685,706,1:36:24
52.8%,26425000,-599736.6598154665,302.9312154144502,706,1:36:23
52.8%,26430000,-598469.0954756043,298.8537381997218,706,1:36:22
52.8%,26435000,-600564.1370806317,301.49417516245364,706,1:36:21
52.8%,26440000,-600432.759798754,300.9606514607154,706,1:36:19
52.8%,26445000,-599338.9708268289,298.47199448431127,706,1:36:18
52.8%,26450000,-600067.8905880125,299.4204292752301,706,1:36:17
52.9%,26455000,-599658.1211823663,299.4648323421855,706,1:36:16
52.9%,26460000,-599787.6356025874,299.5161534560367,706,1:36:15
52.9%,26465000,-599219.6476622657,301.100729644315,706,1:36:13
52.9%,26470000,-599527.4160624719,298.56330289050356,706,1:36:12
52.9%,26475000,-599241.4655091879,300.5798644964712,706,1:36:11
52.9%,26480000,-599523.1757235201,297.83435662999915,706,1:36:10
52.9%,26485000,-599003.1060975259,301.1076231591296,706,1:36:08
52.9%,26490000,-599887.6557667512,297.3901542358767,706,1:36:07
52.9%,26495000,-600055.3555310895,300.065623010549,706,1:36:06
52.9%,26500000,-598270.4530507433,303.0076573794409,706,1:36:05
53.0%,26505000,-599762.1265678816,299.4197914411191,706,1:36:04
53.0%,26510000,-599702.7339332444,302.5420875426013,706,1:36:02
53.0%,26515000,-599509.579517791,303.4457022211844,706,1:36:01
53.0%,26520000,-599987.075532882,299.1148576719171,706,1:36:00
53.0%,26525000,-600357.1253874688,297.8411274844078,706,1:35:59
53.0%,26530000,-600622.0967953843,300.86654639726737,706,1:35:57
53.0%,26535000,-599640.4631912434,302.4253639002953,706,1:35:56
53.0%,26540000,-598604.9128257674,299.9532170145326,706,1:35:55
53.0%,26545000,-598666.4929594351,299.97934368100084,706,1:35:54
53.0%,26550000,-598756.7760072439,300.17954999559925,706,1:35:53
53.1%,26555000,-599069.3369262991,300.57081215851184,706,1:35:51
53.1%,26560000,-600831.2561876858,300.43161712983505,706,1:35:50
53.1%,26565000,-599887.1783368806,298.74187190949164,706,1:35:49
53.1%,26570000,-599276.7892441638,301.0866972938739,706,1:35:48
53.1%,26575000,-599460.9416109058,301.6593251330303,706,1:35:46
53.1%,26580000,-597707.0219156095,301.3615056673736,706,1:35:45
53.1%,26585000,-599712.5467944997,299.8725064674148,706,1:35:44
53.1%,26590000,-600615.0168829751,300.4889731356592,706,1:35:43
53.1%,26595000,-599285.0267748786,299.3073609130215,706,1:35:42
53.1%,26600000,-598483.3217199184,303.42200423075406,706,1:35:40
53.2%,26605000,-600823.3477288652,297.1990983875625,706,1:35:39
53.2%,26610000,-600005.0292943856,298.4573242997592,706,1:35:38
53.2%,26615000,-600199.886163651,299.366556824935,706,1:35:37
53.2%,26620000,-599984.553535305,300.4636560278703,706,1:35:36
53.2%,26625000,-598851.2493288033,298.16963658363426,706,1:35:34
53.2%,26630000,-600158.6898459326,299.83379484329566,706,1:35:33
53.2%,26635000,-600265.5476578306,300.3640803103167,706,1:35:32
53.2%,26640000,-599716.8179079266,298.42207169908795,706,1:35:31
53.2%,26645000,-600260.9960363456,301.8231258391415,706,1:35:29
53.2%,26650000,-599961.0942805535,301.79562537612657,706,1:35:28
53.3%,26655000,-598984.627445803,301.2190478718984,706,1:35:27
53.3%,26660000,-598001.0160993342,301.5546712746702,706,1:35:26
53.3%,26665000,-599504.3569461019,298.22976471463295,706,1:35:25
53.3%,26670000,-597990.128664501,302.5312443627149,706,1:35:23
53.3%,26675000,-599710.489054793,299.4472183078905,706,1:35:22
53.3%,26680000,-600003.5788098206,299.05499939381144,706,1:35:21
53.3%,26685000,-599066.5192463459,301.17412963123803,706,1:35:20
53.3%,26690000,-600769.9335277313,301.73117959883825,706,1:35:18
53.3%,26695000,-598644.8501500608,297.0381924670318,706,1:35:17
53.3%,26700000,-597699.1012206287,300.55064678777296,706,1:35:16
53.4%,26705000,-598232.5341736446,302.10384644420816,706,1:35:15
53.4%,26710000,-600412.4956852305,296.79794979593,706,1:35:13
53.4%,26715000,-599419.6476409831,301.2509886416089,706,1:35:12
53.4%,26720000,-599681.6609783797,301.2067082350594,706,1:35:11
53.4%,26725000,-598464.846991274,299.16259710191446,706,1:35:10
53.4%,26730000,-599218.0382264471,301.64558716756346,706,1:35:09
53.4%,26735000,-599165.2246118789,299.56477604095693,706,1:35:07
53.4%,26740000,-601309.1697633914,302.6994608434405,706,1:35:06
53.4%,26745000,-598221.155229256,301.34575607124907,706,1:35:05
53.4%,26750000,-598942.0937751262,300.8446147166827,706,1:35:04
53.5%,26755000,-599491.2995910002,299.3888319546563,706,1:35:02
53.5%,26760000,-599427.2171577448,301.2293268139174,706,1:35:01
53.5%,26765000,-597770.2748798076,300.9530465155462,706,1:35:00
53.5%,26770000,-599195.809070088,300.84932487627134,706,1:34:59
53.5%,26775000,-599181.6115727597,301.1377976189944,706,1:34:58
53.5%,26780000,-600078.8686120645,300.37875049486877,706,1:34:56
53.5%,26785000,-600152.2742983829,301.26897065712177,706,1:34:55
53.5%,26790000,-599201.7463538549,298.8075197587583,706,1:34:54
53.5%,26795000,-600259.2469495316,297.65669529801517,706,1:34:53
53.5%,26800000,-599224.439819308,302.26926626767795,706,1:34:51
53.6%,26805000,-598416.7399361222,297.9507858873308,706,1:34:50
53.6%,26810000,-601158.1922941939,302.016659427656,706,1:34:49
53.6%,26815000,-599855.5385788991,300.77047876732405,706,1:34:48
53.6%,26820000,-599469.0997434966,298.30583869840575,706,1:34:47
53.6%,26825000,-600493.1697889473,302.1050239841054,706,1:34:45
53.6%,26830000,-599704.3455743957,299.1605609391756,706,1:34:44
53.6%,26835000,-598930.4913959173,299.44540293388235,706,1:34:43
53.6%,26840000,-599246.8029391011,297.64614650310307,706,1:34:42
53.6%,26845000,-600800.6594485594,302.5580088632941,706,1:34:40
53.6%,26850000,-599535.8736295961,300.9758122868913,706,1:34:39
53.7%,26855000,-598396.1696897396,299.1570528515653,706,1:34:38
53.7%,26860000,-600707.762584581,300.9501762620469,706,1:34:37
53.7%,26865000,-597992.8462502742,303.99659463640575,706,1:34:36
53.7%,26870000,-601092.9270972903,300.7473940789235,706,1:34:34
53.7%,26875000,-599790.8522947705,300.95908140751914,706,1:34:33
53.7%,26880000,-601194.5058065974,301.06054609532447,706,1:34:32
53.7%,26885000,-599507.4304784066,298.7627977747474,706,1:34:31
53.7%,26890000,-598481.6116767963,302.25999314098783,706,1:34:29
53.7%,26895000,-599251.2405669331,300.69511621390575,706,1:34:28
53.7%,26900000,-599818.6453209678,300.9920279925584,706,1:34:27
53.8%,26905000,-599641.1379477177,300.5465008660517,706,1:34:26
53.8%,26910000,-600501.8130991594,302.26639601417867,706,1:34:25
53.8%,26915000,-598607.2841504891,302.8844817997817,706,1:34:23
53.8%,26920000,-599678.354333424,299.45580453630726,706,1:34:22
53.8%,26925000,-599683.2898930754,299.6563052358799,706,1:34:21
53.8%,26930000,-599069.6222232752,299.52449436364157,706,1:34:20
53.8%,26935000,-599869.3945890367,297.84914947495724,706,1:34:18
53.8%,26940000,-600724.6285984004,299.0269837570915,706,1:34:17
53.8%,26945000,-600066.0464475625,300.58639003006806,706,1:34:16
53.8%,26950000,-599145.1313014128,297.9140613617882,706,1:34:15
53.9%,26955000,-600906.626290658,302.6270666718463,706,1:34:14
53.9%,26960000,-600657.6151455916,301.13114942499163,706,1:34:12
53.9%,26965000,-598004.7901283898,301.3103562780907,706,1:34:11
53.9%,26970000,-599151.8661626088,301.37857999588243,706,1:34:10
53.9%,26975000,-598819.393220997,299.2983085750621,706,1:34:09
53.9%,26980000,-599312.6526647033,299.506929393509,706,1:34:07
53.9%,26985000,-598145.936058335,300.6070951065931,706,1:34:06
53.9%,26990000,-599037.8929451001,298.8703954828504,706,1:34:05
53.9%,26995000,-600386.6411908828,299.6204883973413,706,1:34:04
53.9%,27000000,-601030.5488272044,300.1346072228576,706,1:34:02
54.0%,27005000,-598798.5712728263,302.1159407602353,706,1:34:01
54.0%,27010000,-599706.438653213,300.97279484090484,706,1:34:00
54.0%,27015000,-599692.8722535777,298.94664119119153,706,1:33:59
54.0%,27020000,-599132.732960674,301.32129758630185,706,1:33:58
54.0%,27025000,-599126.4665543963,300.025513057802,706,1:33:56
54.0%,27030000,-599180.213975742,299.96401113025655,706,1:33:55
54.0%,27035000,-599376.8979947167,302.8836967731836,706,1:33:54
54.0%,27040000,-599611.8534061299,297.80523704962565,706,1:33:53
54.0%,27045000,-600149.1371487635,301.233129286502,706,1:33:51
54.0%,27050000,-599756.1433320111,301.01739416450977,706,1:33:50
54.1%,27055000,-600375.908699974,299.6259835835281,706,1:33:49
54.1%,27060000,-599182.2968743872,301.46282316269173,706,1:33:48
54.1%,27065000,-598472.4913793704,301.50550898396375,706,1:33:47
54.1%,27070000,-600083.1849176837,302.88759737409293,706,1:33:45
54.1%,27075000,-599038.7167503927,301.1268563107833,706,1:33:44
54.1%,27080000,-599626.4208932179,298.97011839289115,706,1:33:43
54.1%,27085000,-598874.0104310233,302.16105525754523,706,1:33:42
54.1%,27090000,-598151.7182497256,302.1339227757482,706,1:33:40
54.1%,27095000,-599355.251622383,302.79928188180594,706,1:33:39
54.1%,27100000,-598875.3072359753,302.0931995209714,706,1:33:38
54.2%,27105000,-600106.232651514,300.05870496365316,706,1:33:37
54.2%,27110000,-599517.5295695369,301.6521127011602,706,1:33:35
54.2%,27115000,-599444.7401939072,301.34715439987696,706,1:33:34
54.2%,27120000,-599716.2865363518,296.69501318325325,706,1:33:33
54.2%,27125000,-600218.0946834502,301.00613393924317,706,1:33:32
54.2%,27130000,-598247.6558906259,298.7963085976541,706,1:33:31
54.2%,27135000,-600297.4298915602,299.24877830313784,706,1:33:29
54.2%,27140000,-600522.5468723997,299.6455356522372,706,1:33:28
54.2%,27145000,-599676.5936458642,301.5383819727595,706,1:33:27
54.2%,27150000,-599649.2456051498,299.0561524016274,706,1:33:26
54.3%,27155000,-598969.4467451996,298.85923338590857,706,1:33:25
54.3%,27160000,-600475.7153306021,298.29381797862226,706,1:33:23
54.3%,27165000,-600319.9942681026,302.6723774258058,706,1:33:22
54.3%,27170000,-599208.0288125635,301.11966841099434,706,1:33:21
54.3%,27175000,-599484.5562647674,300.78873063573,706,1:33:20
54.3%,27180000,-599182.8626619992,300.5558966531478,706,1:33:18
54.3%,27185000,-598943.2125549056,299.5364660192628,706,1:33:17
54.3%,27190000,-599352.014476744,300.25172337846266,706,1:33:16
54.3%,27195000,-599371.3744544024,298.8985092478951,706,1:33:15
54.3%,27200000,-600120.320800025,299.49066462367944,706,1:33:13
54.4%,27205000,-599201.225019516,299.7026218051683,706,1:33:12
54.4%,27210000,-598287.1555904471,299.016508558423,706,1:33:11
54.4%,27215000,-598292.4465587214,300.7025739665878,706,1:33:10
54.4%,27220000,-598362.0877921483,299.78095274041056,706,1:33:09
54.4%,27225000,-600312.318259473,299.1571264478089,706,1:33:07
54.4%,27230000,-599044.6286198958,301.06015358202535,706,1:33:06
54.4%,27235000,-599208.480568951,299.16213099237183,706,1:33:05
54.4%,27240000,-599832.25622551,299.590755514938,706,1:33:04
54.4%,27245000,-599048.7791340523,301.2763793456414,706,1:33:02
54.4%,27250000,-599738.1542690895,300.53521610870393,706,1:33:01
54.5%,27255000,-599233.6321664681,299.8702985801076,706,1:33:00
54.5%,27260000,-600215.6704163691,299.66216840328457,706,1:32:59
54.5%,27265000,-598897.3052577102,300.1105657832906,706,1:32:58
54.5%,27270000,-598671.758313736,301.0518126744205,706,1:32:56
54.5%,27275000,-599207.4568527541,301.0121688312161,706,1:32:55
54.5%,27280000,-598545.0103845801,301.51026820771483,706,1:32:54
54.5%,27285000,-599316.9060039902,299.7409654480695,706,1:32:53
54.5%,27290000,-599925.4552616635,300.90000815601167,706,1:32:51
54.5%,27295000,-598306.6096975682,299.92706581598316,706,1:32:50
54.5%,27300000,-598259.4084286727,301.2754961907185,706,1:32:49
54.6%,27305000,-600208.4494382101,300.83234867608735,706,1:32:48
54.6%,27310000,-599509.8297098456,301.2105843038876,706,1:32:47
54.6%,27315000,-600729.6384861865,301.640263705945,706,1:32:45
54.6%,27320000,-601161.8359068548,303.2789576653303,706,1:32:44
54.6%,27325000,-599073.0882549682,301.15948397876707,706,1:32:43
54.6%,27330000,-598527.6853184197,300.86549151777615,706,1:32:42
54.6%,27335000,-598765.5269502234,300.87108483228764,706,1:32:40
54.6%,27340000,-598993.0041099214,298.488798959927,706,1:32:39
54.6%,27345000,-598616.6690676059,297.19792084766533,706,1:32:38
54.6%,27350000,-598445.1120797563,299.748104283696,706,1:32:37
54.7%,27355000,-599112.6199079128,300.5095555517783,706,1:32:36
54.7%,27360000,-599190.9661246459,301.4257306559312,706,1:32:34
54.7%,27365000,-600328.4111293228,298.9382021552619,706,1:32:33
54.7%,27370000,-600029.1739611276,301.9568502137127,706,1:32:32
54.7%,27375000,-599142.8231179686,299.1719683569293,706,1:32:31
54.7%,27380000,-599977.1743403124,301.24277039440994,706,1:32:29
54.7%,27385000,-598352.9710645713,299.02786691201436,706,1:32:28
54.7%,27390000,-599725.7829781091,299.4043362299689,706,1:32:27
54.7%,27395000,-599850.6985114906,301.5017555755416,706,1:32:26
54.7%,27400000,-599912.0430435622,300.2154404303815,706,1:32:24
54.8%,27405000,-600170.7959967041,300.89323730160294,706,1:32:23
54.8%,27410000,-600063.7445168872,300.3426883355183,706,1:32:22
54.8%,27415000,-599132.5138642834,302.3366558947092,706,1:32:21
54.8%,27420000,-599781.963000353,299.80158422069206,706,1:32:20
54.8%,27425000,-599035.4096259484,299.9049869429115,706,1:32:18
54.8%,27430000,-600863.0058568921,300.7290195501115,706,1:32:17
54.8%,27435000,-599516.1675071828,300.23724945056006,706,1:32:16
54.8%,27440000,-599949.6109512984,301.0114328687804,706,1:32:15
54.8%,27445000,-600149.5459476286,297.5710538025779,706,1:32:13
54.8%,27450000,-599147.5713474257,299.25081446587666,706,1:32:12
54.9%,27455000,-597813.0304297586,300.40230129281196,706,1:32:11
54.9%,27460000,-599718.3648818359,300.07285997450026,706,1:32:10
54.9%,27465000,-600353.3910079054,298.80447778069066,706,1:32:08
54.9%,27470000,-598778.543910596,301.22603951503777,706,1:32:07
54.9%,27475000,-600345.7541218167,297.33893125035024,706,1:32:06
54.9%,27480000,-599949.7024725657,299.1655900158197,706,1:32:05
54.9%,27485000,-600362.5323083964,301.2772134364019,706,1:32:04
54.9%,27490000,-598945.7738617067,299.9907510987546,706,1:32:02
54.9%,27495000,-600229.0801504031,299.13401722732715,706,1:32:01
54.9%,27500000,-598903.5964132166,300.0289475491687,706,1:32:00
55.0%,27505000,-599244.1584314951,300.68932664274473,706,1:31:59
55.0%,27510000,-599644.4391906676,300.8006532271887,706,1:31:57
55.0%,27515000,-599051.1177100637,300.5800607531208,706,1:31:56
55.0%,27520000,-600017.7508807424,301.3481111510434,706,1:31:55
55.0%,27525000,-599216.3056801227,298.4043595364682,706,1:31:54
55.0%,27530000,-600356.6423681751,299.226822090472,706,1:31:53
55.0%,27535000,-600904.8730802638,301.72534096351484,706,1:31:51
55.0%,27540000,-599607.8635010207,301.4021307938256,706,1:31:50
55.0%,27545000,-599246.0670996555,300.2510855443517,706,1:31:49
55.0%,27550000,-599000.2323837345,298.1525622551254,706,1:31:48
55.1%,27555000,-598365.8357540015,300.0426364504732,706,1:31:46
55.1%,27560000,-600201.8141806233,300.83799105476123,706,1:31:45
55.1%,27565000,-599652.8246512879,299.92350866421054,706,1:31:44
55.1%,27570000,-600658.9938068287,301.58732347473523,706,1:31:43
55.1%,27575000,-598517.557923926,299.45850306523823,706,1:31:42
55.1%,27580000,-597766.8456827002,302.0011306202622,706,1:31:40
55.1%,27585000,-598936.1653268128,300.5661755951668,706,1:31:39
55.1%,27590000,-598206.1222152496,300.126560700227,706,1:31:38
55.1%,27595000,-598324.3939885879,301.4035536545347,706,1:31:37
55.1%,27600000,-598320.2585395928,299.54863393153335,706,1:31:35
55.2%,27605000,-600014.6334184669,297.83322815426436,706,1:31:34
55.2%,27610000,-599248.2864529295,301.61214994090034,706,1:31:33
55.2%,27615000,-599112.5356839388,300.9912674980415,706,1:31:32
55.2%,27620000,-599727.5538260471,296.2553001599888,706,1:31:31
55.2%,27625000,-599569.3567299135,301.29767319211504,706,1:31:29
55.2%,27630000,-600032.3784256666,297.34300357582794,706,1:31:28
55.2%,27635000,-599778.2711618128,297.5116861660961,706,1:31:27
55.2%,27640000,-599687.0550269326,300.19934738512023,706,1:31:26
55.2%,27645000,-600185.1386849508,301.4337281143994,706,1:31:24
55.2%,27650000,-599140.5565805119,300.0669477429333,706,1:31:23
55.3%,27655000,-601163.439675245,298.6509560165984,706,1:31:22
55.3%,27660000,-599513.0590997622,300.54299277844143,706,1:31:21
55.3%,27665000,-599791.7872820171,298.9226242837057,706,1:31:20
55.3%,27670000,-598739.8241009018,297.14453903899414,706,1:31:18
55.3%,27675000,-598755.7040925762,301.7562513858153,706,1:31:17
55.3%,27680000,-600114.5743386871,299.0614513311646,706,1:31:16
55.3%,27685000,-598985.0403828747,302.2678188748877,706,1:31:15
55.3%,27690000,-600013.6539801853,300.8629401813323,706,1:31:13
55.3%,27695000,-600149.5173631571,297.43897307744646,706,1:31:12
55.3%,27700000,-598736.917622338,300.3281408113721,706,1:31:11
55.4%,27705000,-598110.2931734934,299.92843961252987,706,1:31:10
55.4%,27710000,-599836.2245412609,299.5139946328919,706,1:31:09
55.4%,27715000,-598986.4254996977,299.6185012987649,706,1:31:07
55.4%,27720000,-600445.8640243984,299.62546840982304,706,1:31:06
55.4%,27725000,-599293.0212624008,300.3472267705386,706,1:31:05
55.4%,27730000,-599515.499304065,299.4063233285454,706,1:31:04
55.4%,27735000,-600773.8912135921,300.4127028952369,706,1:31:02
55.4%,27740000,-599133.2622913229,299.43532024851294,706,1:31:01
55.4%,27745000,-600284.7849557125,299.74996872186654,706,1:31:00
55.4%,27750000,-599716.8681661254,299.27169126697004,706,1:30:59
55.5%,27755000,-599656.2824987848,298.2484826925816,706,1:30:58
55.5%,27760000,-599131.2629025797,298.52078879379985,706,1:30:56
55.5%,27765000,-600162.0576107414,296.65978511466324,706,1:30:55
55.5%,27770000,-598430.4294769135,299.4840164296768,706,1:30:54
55.5%,27775000,-598776.4532168312,298.2268453969713,706,1:30:53
55.5%,27780000,-599369.0058140457,300.54095661570256,706,1:30:52
55.5%,27785000,-601536.9914425351,302.04570541178595,706,1:30:50
55.5%,27790000,-597992.9133540848,302.23504401441676,706,1:30:49
55.5%,27795000,-599178.5549839926,302.06258348364526,706,1:30:48
55.5%,27800000,-600360.2957609897,301.06550157572497,706,1:30:47
55.6%,27805000,-600935.5193827623,299.26577903540306,706,1:30:45
55.6%,27810000,-599957.8988822154,303.1706239947916,706,1:30:44
55.6%,27815000,-599384.2370009511,299.273089595598,706,1:30:43
55.6%,27820000,-598669.8154813028,301.0709967619117,706,1:30:42
55.6%,27825000,-599463.2547601638,300.7317671432049,706,1:30:41
55.6%,27830000,-599923.976677157,299.88933547511164,706,1:30:39
55.6%,27835000,-599693.7186399694,301.11746052368716,706,1:30:38
55.6%,27840000,-599193.7756483238,301.33756235613134,706,1:30:37
55.6%,27845000,-599502.2184353992,300.85300468844997,706,1:30:36
55.6%,27850000,-598650.46708431,304.21380168326937,706,1:30:34
55.7%,27855000,-599739.3644397254,299.19941975578183,706,1:30:33
55.7%,27860000,-598435.5973489527,298.71736436038196,706,1:30:32
55.7%,27865000,-598980.4876707341,300.6042003210125,706,1:30:31
55.7%,27870000,-599588.609767986,301.0828457571269,706,1:30:30
55.7%,27875000,-599617.6779401395,303.1181253410432,706,1:30:28
55.7%,27880000,-600335.3961375472,302.91301261020664,706,1:30:27
55.7%,27885000,-600088.5375211895,300.4309056994805,706,1:30:26
55.7%,27890000,-600589.1082736729,299.2384748290377,706,1:30:25
55.7%,27895000,-600729.4383746991,300.47606926095284,706,1:30:23
55.7%,27900000,-599748.8038588469,297.0230316408559,706,1:30:22
55.8%,27905000,-599571.6426175353,297.5446082190542,706,1:30:21
55.8%,27910000,-599829.2366000889,301.08544615773314,706,1:30:20
55.8%,27915000,-598393.6956058107,298.2358732028495,706,1:30:19
55.8%,27920000,-599522.9854371925,299.49483507748187,706,1:30:17
55.8%,27925000,-598589.1453501903,300.12427921667626,706,1:30:16
55.8%,27930000,-599617.5528681069,301.97220729653816,706,1:30:15
55.8%,27935000,-600227.8570801564,298.5736308966849,706,1:30:14
55.8%,27940000,-599761.6638855231,302.08662492321224,706,1:30:12
55.8%,27945000,-599709.4735029722,300.6021886903549,706,1:30:11
55.8%,27950000,-599967.0059825131,298.041947101036,706,1:30:10
55.9%,27955000,-600153.603093741,303.24360693633434,706,1:30:09
55.9%,27960000,-600284.3447238808,300.51701330446036,706,1:30:08
55.9%,27965000,-599786.4402502044,298.37087324564266,706,1:30:06
55.9%,27970000,-599452.673543232,301.8625734256963,706,1:30:05
55.9%,27975000,-600466.9919097801,298.6008615068068,706,1:30:04
55.9%,27980000,-599036.9357183436,301.91472863030805,706,1:30:03
55.9%,27985000,-600512.7666236595,300.310894758295,706,1:30:01
55.9%,27990000,-600903.3905033749,300.8590886445853,706,1:30:00
55.9%,27995000,-599088.1927797627,302.9133069951809,706,1:29:59
55.9%,28000000,-600359.2511891192,299.905698373266,706,1:29:58
56.0%,28005000,-599391.131734476,298.63618770372153,706,1:29:57
56.0%,28010000,-599243.4667550325,301.1960613118226,706,1:29:55
56.0%,28015000,-600938.8926161402,299.54936989396913,706,1:29:54
56.0%,28020000,-599589.1741373534,300.2226773943327,706,1:29:53
56.0%,28025000,-599191.6362351901,300.14115728853557,706,1:29:52
56.0%,28030000,-599821.6591396695,298.20084139090903,706,1:29:50
56.0%,28035000,-599809.8216612311,300.37340250116915,706,1:29:49
56.0%,28040000,-599310.650700367,303.13515060538964,706,1:29:48
56.0%,28045000,-599494.2523924722,298.3704071361,706,1:29:47
56.0%,28050000,-600995.7210794115,298.47609134187013,706,1:29:46
56.1%,28055000,-599581.1826918838,301.57795221972026,706,1:29:44
56.1%,28060000,-599922.5396722988,303.7836316395881,706,1:29:43
56.1%,28065000,-598648.4607883599,298.3431765259782,706,1:29:42
56.1%,28070000,-598959.3236468383,298.8839126595866,706,1:29:41
56.1%,28075000,-600401.4921924416,300.45617374310706,706,1:29:39
56.1%,28080000,-600745.3631304265,300.23965359451677,706,1:29:38
56.1%,28085000,-600704.3778215456,302.01440247618643,706,1:29:37
56.1%,28090000,-599862.8207364548,300.21320801099307,706,1:29:36
56.1%,28095000,-600511.2829565709,299.62723471966876,706,1:29:35
56.1%,28100000,-597848.1231659194,300.15982620232177,706,1:29:33
56.2%,28105000,-599146.8080937108,299.812500996822,706,1:29:32
56.2%,28110000,-598848.00970414,300.120133294955,706,1:29:31
56.2%,28115000,-599079.7760737007,299.81019498119,706,1:29:30
56.2%,28120000,-599735.1249487228,300.7548272995243,706,1:29:28
56.2%,28125000,-599677.3059562477,302.7406011435975,706,1:29:27
56.2%,28130000,-601340.3978409604,299.49473694915713,706,1:29:26
56.2%,28135000,-599656.4414900881,301.759170703477,706,1:29:25
56.2%,28140000,-599700.6220000568,301.04722517523777,706,1:29:24
56.2%,28145000,-600483.2993373745,302.4513188421952,706,1:29:22
56.2%,28150000,-600722.3273567134,300.85570321738095,706,1:29:21
56.3%,28155000,-599334.9654216515,300.8981191857599,706,1:29:20
56.3%,28160000,-599702.384280642,300.30726401027874,706,1:29:19
56.3%,28165000,-600191.4595870613,302.5327653517487,706,1:29:17
56.3%,28170000,-598732.5090185022,299.6757101121019,706,1:29:16
56.3%,28175000,-599240.4570840816,297.3537731594707,706,1:29:15
56.3%,28180000,-599029.5293536778,301.08029442068306,706,1:29:14
56.3%,28185000,-599258.4760185741,302.39278529647385,706,1:29:13
56.3%,28190000,-601390.6388174966,299.7714342929085,706,1:29:11
56.3%,28195000,-599413.7852307311,300.2247380891527,706,1:29:10
56.3%,28200000,-598230.826195166,300.35338432291746,706,1:29:09
56.4%,28205000,-599457.4321329496,298.59970849899076,706,1:29:08
56.4%,28210000,-599030.907441169,301.7955272478018,706,1:29:06
56.4%,28215000,-599322.5933682295,303.6869016434527,706,1:29:05
56.4%,28220000,-599363.6537879724,299.6077317151221,706,1:29:04
56.4%,28225000,-599506.1408235617,300.4547754144792,706,1:29:03
56.4%,28230000,-599329.7353519197,300.92839177394944,706,1:29:02
56.4%,28235000,-598944.4164904971,299.9053794562105,706,1:29:00
56.4%,28240000,-599810.4937763363,298.2428648459889,706,1:28:59
56.4%,28245000,-599821.6273529157,297.0233996220737,706,1:28:58
56.4%,28250000,-599921.1020236528,300.1360791477291,706,1:28:57
56.5%,28255000,-601715.6866850159,301.82425431487627,706,1:28:55
56.5%,28260000,-600118.244684529,301.41812571076207,706,1:28:54
56.5%,28265000,-600109.5902862931,298.01476555507656,706,1:28:53
56.5%,28270000,-599833.5521250791,302.1191053987089,706,1:28:52
56.5%,28275000,-599981.8786142897,298.5840324991098,706,1:28:51
56.5%,28280000,-597856.3383475412,298.23918503381026,706,1:28:49
56.5%,28285000,-598776.2488450808,302.477519104907,706,1:28:48
56.5%,28290000,-598539.7674687123,300.9724023276058,706,1:28:47
56.5%,28295000,-599931.0851514074,301.28692814055347,706,1:28:46
56.5%,28300000,-600741.8994252156,300.95662819940003,706,1:28:44
56.6%,28305000,-598379.7383248648,301.74297952989104,706,1:28:43
56.6%,28310000,-600108.3180257981,300.41395403137767,706,1:28:42
56.6%,28315000,-598878.720398529,301.7433229790277,706,1:28:41
56.6%,28320000,-599673.175042077,301.27731156472663,706,1:28:40
56.6%,28325000,-598488.9859270169,300.3399407424249,706,1:28:38
56.6%,28330000,-599197.8926813356,301.490887863574,706,1:28:37
56.6%,28335000,-599205.0773574584,298.0632164154284,706,1:28:36
56.6%,28340000,-599214.0474328194,298.9621454665041,706,1:28:35
56.6%,28345000,-599129.6612885608,298.5014084496591,706,1:28:33
56.6%,28350000,-599479.3654854782,302.5746170822603,706,1:28:32
56.7%,28355000,-600079.8740476789,300.12587380195373,706,1:28:31
56.7%,28360000,-599110.8669765848,299.11760526501047,706,1:28:30
56.7%,28365000,-600119.1149723884,301.9385492811444,706,1:28:29
56.7%,28370000,-599828.8291793037,299.6167840530815,706,1:28:27
56.7%,28375000,-599163.4417511015,298.89544273774624,706,1:28:26
56.7%,28380000,-599956.2250679024,300.9870725121579,706,1:28:25
56.7%,28385000,-599441.1280507566,299.47935533425044,706,1:28:24
56.7%,28390000,-599110.2399327685,299.8726045957396,706,1:28:22
56.7%,28395000,-599521.7052028798,300.6856958947285,706,1:28:21
56.7%,28400000,-597740.8782184711,301.8241807186327,706,1:28:20
56.8%,28405000,-599517.9778774139,302.1771728348876,706,1:28:19
56.8%,28410000,-599352.8776268521,298.38412056948573,706,1:28:18
56.8%,28415000,-599655.8271582662,296.16188199481405,706,1:28:16
56.8%,28420000,-599653.1267843465,298.94713183281533,706,1:28:15
56.8%,28425000,-600234.6492404803,301.64752520197754,706,1:28:14
56.8%,28430000,-600300.4501137882,299.38095715659404,706,1:28:13
56.8%,28435000,-600094.268502777,300.07173149876553,706,1:28:11
56.8%,28440000,-599760.1701586125,301.7654018520995,706,1:28:10
56.8%,28445000,-599132.1701025753,300.8178256840223,706,1:28:09
56.8%,28450000,-598553.2010867544,300.4661092359894,706,1:28:08
56.9%,28455000,-599601.3130887942,299.3437665215087,706,1:28:07
56.9%,28460000,-599303.5145131396,301.3515211103289,706,1:28:05
56.9%,28465000,-598817.0508920583,300.4982462623493,706,1:28:04
56.9%,28470000,-599493.6163135553,297.5725257274494,706,1:28:03
56.9%,28475000,-599364.9464334222,298.5411994853506,706,1:28:02
56.9%,28480000,-600978.4366995352,298.2449991370525,706,1:28:00
56.9%,28485000,-599157.7891673376,300.2028554727305,706,1:27:59
56.9%,28490000,-600092.7799614691,300.3340285108579,706,1:27:58
56.9%,28495000,-599905.922652096,301.63494024432663,706,1:27:57
56.9%,28500000,-599192.3281847085,301.8425307153634,706,1:27:56
57.0%,28505000,-599690.0773057989,298.8530758335297,706,1:27:54
57.0%,28510000,-600364.0380482217,298.3775214396454,706,1:27:53
57.0%,28515000,-599117.7686758279,303.3191657464021,706,1:27:52
57.0%,28520000,-598917.0496910019,301.7852973699452,706,1:27:51
57.0%,28525000,-598888.8862532172,299.89294169104676,706,1:27:50
57.0%,28530000,-599180.1825726507,299.05499939381144,706,1:27:48
57.0%,28535000,-599809.7375408132,300.3006648804384,706,1:27:47
57.0%,28540000,-599301.7845395142,300.25270466171025,706,1:27:46
57.0%,28545000,-599637.2929826919,300.3883670706956,706,1:27:45
57.0%,28550000,-598882.0011498574,299.7489138423753,706,1:27:43
57.1%,28555000,-599628.9958205307,299.97958900181277,706,1:27:42
57.1%,28560000,-599313.4494100707,300.5304568849529,706,1:27:41
57.1%,28565000,-599428.794418761,299.65103083842394,706,1:27:40
57.1%,28570000,-600193.3810564284,301.3377095486185,706,1:27:39
57.1%,28575000,-598202.9046940864,300.2203713787008,706,1:27:37
57.1%,28580000,-598633.5362368617,300.4173885227444,706,1:27:36
57.1%,28585000,-599965.5561106354,300.8919616333811,706,1:27:35
57.1%,28590000,-600452.4792964808,299.1704964320579,706,1:27:34
57.1%,28595000,-599952.368095885,298.38289396542615,706,1:27:32
57.1%,28600000,-599868.2540111965,298.7153281976432,706,1:27:31
57.2%,28605000,-599394.0275826743,300.35348245124226,706,1:27:30
57.2%,28610000,-599771.2977033192,301.23609766832607,706,1:27:29
57.2%,28615000,-599260.5305220317,298.81554174930767,706,1:27:28
57.2%,28620000,-600279.3717143564,300.51951557674175,706,1:27:26
57.2%,28625000,-599856.9124168418,299.61055290445904,706,1:27:25
57.2%,28630000,-599638.4557634727,302.52727016556196,706,1:27:24
57.2%,28635000,-599816.4759552735,302.21144415231123,706,1:27:23
57.2%,28640000,-598533.013729712,301.6783865601156,706,1:27:21
57.2%,28645000,-601653.3434147793,300.1835977889957,706,1:27:20
57.2%,28650000,-600541.921514757,300.2370041297482,706,1:27:19
57.3%,28655000,-598276.6127361148,300.22554764783206,706,1:27:18
57.3%,28660000,-598793.4623253667,300.12248837474937,706,1:27:17
57.3%,28665000,-599288.1851954097,301.90067174778574,706,1:27:15
57.3%,28670000,-599153.523665526,299.59583365574457,706,1:27:14
57.3%,28675000,-600493.3791361381,299.9754185480103,706,1:27:13
57.3%,28680000,-599929.1544408435,300.61622104079606,706,1:27:12
57.3%,28685000,-599574.5996389398,299.9750750988737,706,1:27:10
57.3%,28690000,-600072.1934771831,301.97466050465727,706,1:27:09
57.3%,28695000,-599938.3914260194,300.69303098700453,706,1:27:08
57.3%,28700000,-599527.7656534323,297.17495881967074,706,1:27:07
57.4%,28705000,-601888.9567714441,302.90526047255037,706,1:27:06
57.4%,28710000,-600451.0240599983,301.22172186874826,706,1:27:04
57.4%,28715000,-599031.5694262423,298.25027353450855,706,1:27:03
57.4%,28720000,-599369.7878403575,300.13465628702,706,1:27:02
57.4%,28725000,-599402.3362299954,299.2446323814166,706,1:27:01
57.4%,28730000,-599692.9203577894,299.6580960778069,706,1:26:59
57.4%,28735000,-600726.5863721953,299.31599620560075,706,1:26:58
57.4%,28740000,-598781.438838514,299.9205893465488,706,1:26:57
57.4%,28745000,-598216.976534646,301.04769128478046,706,1:26:56
57.4%,28750000,-599774.7385853124,297.82142822321157,706,1:26:55
57.5%,28755000,-600723.4865464,299.55815237903545,706,1:26:53
57.5%,28760000,-601494.6573367147,298.167036183028,706,1:26:52
57.5%,28765000,-601072.4915944049,299.4746942388242,706,1:26:51
57.5%,28770000,-600884.3748623957,302.859066563668,706,1:26:50
57.5%,28775000,-599068.23418845,299.5977471580774,706,1:26:48
57.5%,28780000,-598460.2956972541,300.550524127367,706,1:26:47
57.5%,28785000,-597840.7717661662,299.2442889322799,706,1:26:46
57.5%,28790000,-599549.5218815417,300.16117546678726,706,1:26:45
57.5%,28795000,-600371.00702726,300.98697438383317,706,1:26:44
57.5%,28800000,-599947.3450095472,300.33444555623817,706,1:26:42
57.6%,28805000,-599901.6622652151,299.95034676103325,706,1:26:41
57.6%,28810000,-599505.9810147206,301.18448216950054,706,1:26:40
57.6%,28815000,-599742.9095788216,303.3796618586187,706,1:26:39
57.6%,28820000,-599735.825003467,299.34980141348166,706,1:26:37
57.6%,28825000,-599718.8034366062,297.95049150235656,706,1:26:36
57.6%,28830000,-599212.6655362886,299.4702048679663,706,1:26:35
57.6%,28835000,-600533.0847677058,303.050343200713,706,1:26:34
57.6%,28840000,-598254.1906352914,301.8333066528357,706,1:26:33
57.6%,28845000,-599918.6127941469,299.43141964760355,706,1:26:31
57.6%,28850000,-599418.3848825004,299.62232830343066,706,1:26:30
57.7%,28855000,-599583.9238900007,298.6045658510665,706,1:26:29
57.7%,28860000,-599362.3297607377,298.3779139529444,706,1:26:28
57.7%,28865000,-599313.5218752613,298.91178110381935,706,1:26:26
57.7%,28870000,-598627.9372446798,302.0663859562298,706,1:26:25
57.7%,28875000,-599342.3462035577,301.6257897780424,706,1:26:24
57.7%,28880000,-599159.7546933242,298.6365311528582,706,1:26:23
57.7%,28885000,-600118.4009702643,297.8917862320669,706,1:26:22
57.7%,28890000,-599109.0569290672,299.4757736503966,706,1:26:20
57.7%,28895000,-599335.7382273944,299.9123956314311,706,1:26:19
57.7%,28900000,-600020.0437218118,299.6166368605944,706,1:26:18
57.8%,28905000,-598619.9867423656,298.27831370330966,706,1:26:17
57.8%,28910000,-600568.7203112468,301.27311657884303,706,1:26:15
57.8%,28915000,-599676.2232081359,303.7427857244054,706,1:26:14
57.8%,28920000,-601393.9219757929,298.46968846867935,706,1:26:13
57.8%,28925000,-598873.6804334866,302.16323861277124,706,1:26:12
57.8%,28930000,-600698.0297456668,301.128107446924,706,1:26:11
57.8%,28935000,-599336.0854535713,301.5225833124726,706,1:26:09
57.8%,28940000,-599177.4232580061,299.7474419175039,706,1:26:08
57.8%,28945000,-599570.3547893474,299.9930571143865,706,1:26:07
57.8%,28950000,-599732.6813386269,301.17403150291324,706,1:26:06
57.9%,28955000,-599726.3071816494,300.4525920592532,706,1:26:04
57.9%,28960000,-599378.3098498206,302.49969610630353,706,1:26:03
57.9%,28965000,-600382.6132516549,299.2504955488212,706,1:26:02
57.9%,28970000,-599271.7682262762,299.25783064109726,706,1:26:01
57.9%,28975000,-598426.8551939595,297.98186803419964,706,1:26:00
57.9%,28980000,-599593.219321284,300.3869442099865,706,1:25:58
57.9%,28985000,-599511.8456368055,302.3388637820164,706,1:25:57
57.9%,28990000,-599996.8484704806,302.2463287717645,706,1:25:56
57.9%,28995000,-600790.9014489506,301.3904044590164,706,1:25:55
57.9%,29000000,-599648.3414847683,297.1354621689535,706,1:25:53
58.0%,29005000,-600372.509144525,301.9873926547953,706,1:25:52
58.0%,29010000,-600411.9885140103,298.6522316848204,706,1:25:51
58.0%,29015000,-599507.8835596978,299.4950068020502,706,1:25:50
58.0%,29020000,-597899.8606297593,298.9980604333675,706,1:25:49
58.0%,29025000,-599042.1774292872,299.4481505269757,706,1:25:47
58.0%,29030000,-599386.0541984742,299.9853049767302,706,1:25:46
58.0%,29035000,-599034.8522579637,295.6907924397065,706,1:25:45
58.0%,29040000,-600364.7301957076,299.6398687414821,706,1:25:44
58.0%,29045000,-597635.4798006667,299.6665841778989,706,1:25:42
58.0%,29050000,-598886.865015455,300.26538774768596,706,1:25:41
58.1%,29055000,-600504.2911971388,301.33118401502173,706,1:25:40
58.1%,29060000,-598668.4299697592,301.5709605765809,706,1:25:39
58.1%,29065000,-600139.6403952525,300.5985088781763,706,1:25:38
58.1%,29070000,-599072.3138033343,299.91107089904676,706,1:25:36
58.1%,29075000,-599254.4740026589,298.6966592838569,706,1:25:35
58.1%,29080000,-598573.2337710503,302.71628985113733,706,1:25:34
58.1%,29085000,-600154.5818108618,303.15921657703785,706,1:25:33
58.1%,29090000,-600284.4177497886,302.3565268804738,706,1:25:31
58.1%,29095000,-598883.9851926723,301.17768678301064,706,1:25:30
58.1%,29100000,-599531.287845471,300.3915562412504,706,1:25:29
58.2%,29105000,-598341.9143288955,300.1703014009903,706,1:25:28
58.2%,29110000,-599815.235318074,302.01513843862216,706,1:25:27
58.2%,29115000,-599670.4230651367,300.38390223191885,706,1:25:25
58.2%,29120000,-599949.1809922373,301.9885701946925,706,1:25:24
58.2%,29125000,-599045.74654222,301.0887579886939,706,1:25:23
58.2%,29130000,-599178.8430318222,297.90557326169613,706,1:25:22
58.2%,29135000,-599473.7862190083,296.5815277756645,706,1:25:20
58.2%,29140000,-598738.2465515435,302.49449530509105,706,1:25:19
58.2%,29145000,-598970.7434856398,304.80237537519986,706,1:25:18
58.2%,29150000,-600461.6062840666,301.1946384511136,706,1:25:17
58.3%,29155000,-600278.2189703165,297.05951084558666,706,1:25:16
58.3%,29160000,-600691.8355443194,300.62603387327243,706,1:25:14
58.3%,29165000,-599484.0491712899,301.73284778035924,706,1:25:13
58.3%,29170000,-600656.9191664075,298.99111785439055,706,1:25:12
58.3%,29175000,-599874.6065299893,298.33189176863044,706,1:25:11
58.3%,29180000,-598524.030996853,299.33724098791197,706,1:25:09
58.3%,29185000,-599375.389877697,302.4548759939678,706,1:25:08
58.3%,29190000,-599693.329903184,300.85114025027946,706,1:25:07
58.3%,29195000,-600136.3401703835,301.9022908651443,706,1:25:06
58.3%,29200000,-598662.5378723107,302.10163855690104,706,1:25:05
58.4%,29205000,-599253.1937477826,298.01542792126867,706,1:25:03
58.4%,29210000,-597342.2426930824,301.87275423939053,706,1:25:02
58.4%,29215000,-599647.1259403368,302.0472264008198,706,1:25:01
58.4%,29220000,-598530.595151592,299.5847942192087,706,1:25:00
58.4%,29225000,-598726.6488944674,299.8628408274256,706,1:24:58
58.4%,29230000,-599033.1182597908,300.6833898790966,706,1:24:57
58.4%,29235000,-600051.3463794338,299.8408110185162,706,1:24:56
58.4%,29240000,-599121.6324184025,298.81752884788415,706,1:24:55
58.4%,29245000,-599506.2848960641,298.34067425369676,706,1:24:53
58.4%,29250000,-599113.2812459548,301.37713260309215,706,1:24:52
58.5%,29255000,-599697.8202179573,299.5876154085456,706,1:24:51
58.5%,29260000,-599465.6683575953,301.75428881932004,706,1:24:50
58.5%,29265000,-598510.612718184,298.8792515641603,706,1:24:49
58.5%,29270000,-599106.2396615618,302.4678289328366,706,1:24:47
58.5%,29275000,-600754.4291817928,298.18219700920395,706,1:24:46
58.5%,29280000,-600878.0496661481,298.71483755601935,706,1:24:45
58.5%,29285000,-599703.4697465906,301.28420507954127,706,1:24:44
58.5%,29290000,-600553.674996811,299.5533686232032,706,1:24:42
58.5%,29295000,-599466.3603254897,300.53815995844684,706,1:24:41
58.5%,29300000,-599187.9514335855,297.7939032281154,706,1:24:40
58.6%,29305000,-599558.5427010152,300.95643194275056,706,1:24:39
58.6%,29310000,-599376.0136296102,296.8860199674051,706,1:24:38
58.6%,29315000,-599709.1858032886,298.48894615241414,706,1:24:36
58.6%,29320000,-598114.5367844445,301.04322644600376,706,1:24:35
58.6%,29325000,-600224.1220936864,301.7032375583619,706,1:24:34
58.6%,29330000,-601226.5137747922,300.44920663204886,706,1:24:33
58.6%,29335000,-599213.0707374061,301.76172203992087,706,1:24:31
58.6%,29340000,-599453.4734575851,298.3271325448794,706,1:24:30
58.6%,29345000,-598736.8573003649,301.4144704306646,706,1:24:29
58.6%,29350000,-599590.0700510242,304.669215238496,706,1:24:28
58.7%,29355000,-599066.4528205185,298.32968388132326,706,1:24:27
58.7%,29360000,-599966.6245040745,298.63859184767824,706,1:24:25
58.7%,29365000,-599149.0770529876,299.3753638420825,706,1:24:24
58.7%,29370000,-598416.3499543411,298.3308614212204,706,1:24:23
58.7%,29375000,-599578.8861115542,300.08833971773174,706,1:24:22
58.7%,29380000,-597963.7251062943,300.4864463312966,706,1:24:21
58.7%,29385000,-600775.7847234933,300.38431927729914,706,1:24:19
58.7%,29390000,-599654.1075834031,300.2634987774342,706,1:24:18
58.7%,29395000,-599856.2100767135,300.1683633665762,706,1:24:17
58.7%,29400000,-598821.803555998,298.63935234219514,706,1:24:16
58.8%,29405000,-600770.9673254858,300.2370531939105,706,1:24:14
58.8%,29410000,-598950.5697417068,300.30613553454396,706,1:24:13
58.8%,29415000,-599870.3842382184,301.16159373774946,706,1:24:12
58.8%,29420000,-600951.5551720452,299.48990412916254,706,1:24:11
58.8%,29425000,-597845.6875439291,299.29698384267783,706,1:24:09
58.8%,29430000,-599933.8587467708,299.8641900918911,706,1:24:08
58.8%,29435000,-598842.1843040586,302.12276067880634,706,1:24:07
58.8%,29440000,-599328.3593815165,301.28957760532205,706,1:24:06
58.8%,29445000,-599036.4695672449,298.4734909412639,706,1:24:05
58.8%,29450000,-598924.4712658287,300.89358075073966,706,1:24:03
58.9%,29455000,-599484.4152848953,298.9631758139141,706,1:24:02
58.9%,29460000,-600048.0036689127,300.8417199311022,706,1:24:01
58.9%,29465000,-598452.289348695,302.62503050910743,706,1:24:00
58.9%,29470000,-598841.5252744923,300.7263700853429,706,1:23:58
58.9%,29475000,-600678.5934826359,299.84996148480036,706,1:23:57
58.9%,29480000,-600570.1784857144,301.0849800481905,706,1:23:56
58.9%,29485000,-600272.9645719612,300.08088196504974,706,1:23:55
58.9%,29490000,-599396.0558039392,300.97144557643935,706,1:23:54
58.9%,29495000,-598964.9373874832,300.16674424921763,706,1:23:52
58.9%,29500000,-600310.5971869319,299.29109614319196,706,1:23:51
59.0%,29505000,-600399.3933966397,303.8100281589495,706,1:23:50
59.0%,29510000,-600294.209526788,298.97247347268546,706,1:23:49
59.0%,29515000,-598894.9168191887,299.871255331274,706,1:23:47
59.0%,29520000,-598571.3033490856,298.6501709900003,706,1:23:46
59.0%,29525000,-598835.284359531,299.1328151553488,706,1:23:45
59.0%,29530000,-599752.8724078997,297.84711331221837,706,1:23:44
59.0%,29535000,-599015.3194936942,300.5538114262466,706,1:23:43
59.0%,29540000,-598827.7659383658,299.3464895825209,706,1:23:41
59.0%,29545000,-599152.6210526302,300.1537913103489,706,1:23:40
59.0%,29550000,-600000.9904238409,300.78811733370026,706,1:23:39
59.1%,29555000,-599966.0105060935,301.6947494582698,706,1:23:38
59.1%,29560000,-599539.3493543915,299.8610745175798,706,1:23:36
59.1%,29565000,-599651.9476790358,299.46480781010433,706,1:23:35
59.1%,29570000,-598850.6188409408,301.2659286790541,706,1:23:34
59.1%,29575000,-598910.0796914073,302.6161253636352,706,1:23:33
59.1%,29580000,-600378.3727325546,300.81664814412517,706,1:23:32
59.1%,29585000,-599596.1113945581,297.34172790760607,706,1:23:30
59.1%,29590000,-600200.4285049625,299.3972709905859,706,1:23:29
59.1%,29595000,-599759.8574788985,297.800011716332,706,1:23:28
59.1%,29600000,-598891.7780109248,302.29026572917735,706,1:23:27
59.2%,29605000,-600338.4761814037,301.4050501114873,706,1:23:25
59.2%,29610000,-599422.4031839278,300.61695700323185,706,1:23:24
59.2%,29615000,-600082.8389761485,300.9933527249428,706,1:23:23
59.2%,29620000,-600529.2869583638,299.357430890732,706,1:23:22
59.2%,29625000,-598990.9588070796,303.5995674344133,706,1:23:21
59.2%,29630000,-600494.3925590818,300.02357502338793,706,1:23:19
59.2%,29635000,-599610.5948353903,301.3161703813329,706,1:23:18
59.2%,29640000,-600226.8060210287,301.136203033717,706,1:23:17
59.2%,29645000,-598081.9425532403,300.240708474008,706,1:23:16
59.2%,29650000,-599862.4040135373,301.4181747749244,706,1:23:14
59.3%,29655000,-601640.5201916979,301.4808051782046,706,1:23:13
59.3%,29660000,-599141.8268254241,299.1943170828942,706,1:23:12
59.3%,29665000,-600062.5003250954,300.99948574524046,706,1:23:11
59.3%,29670000,-599270.1607783339,296.993740335914,706,1:23:09
59.3%,29675000,-598998.5473864507,301.14851813847474,706,1:23:08
59.3%,29680000,-599934.3280876912,301.34619764871053,706,1:23:07
59.3%,29685000,-599640.1464791489,299.5635494368974,706,1:23:06
59.3%,29690000,-600108.0223902753,302.1293843407278,706,1:23:05
59.3%,29695000,-599564.454996408,301.2696575553951,706,1:23:03
59.3%,29700000,-599130.4850101573,303.00152435914316,706,1:23:02
59.4%,29705000,-600716.5878191995,297.77464554438063,706,1:23:01
59.4%,29710000,-599720.0085924468,301.4408178858635,706,1:23:00
59.4%,29715000,-599844.029205875,299.80646610484905,706,1:22:59
59.4%,29720000,-600366.9983399063,298.01682624989655,706,1:22:57
59.4%,29725000,-599210.0151665309,302.8025937127667,706,1:22:56
59.4%,29730000,-599330.61838164,302.06013027552615,706,1:22:55
59.4%,29735000,-600505.929680293,301.5147575785727,706,1:22:54
59.4%,29740000,-599916.7300082459,301.9162496193419,706,1:22:52
59.4%,29745000,-599469.7143359408,300.6143075384632,706,1:22:51
59.4%,29750000,-600144.7724771914,301.13262134986314,706,1:22:50
59.5%,29755000,-600012.5456635384,300.1518532759348,706,1:22:49
59.5%,29760000,-598946.5452816095,300.6702406835783,706,1:22:47
59.5%,29765000,-600101.1777138342,299.3128315671271,706,1:22:46
59.5%,29770000,-600327.6947608613,301.0158241113136,706,1:22:45
59.5%,29775000,-600160.9198766956,301.3199973859987,706,1:22:44
59.5%,29780000,-599987.8315350912,302.50673681360524,706,1:22:43
59.5%,29785000,-600267.0508004897,300.3987686731205,706,1:22:41
59.5%,29790000,-598582.9166736831,302.5166723064875,706,1:22:40
59.5%,29795000,-600596.3647092376,301.17628845438276,706,1:22:39
59.5%,29800000,-598180.8862301973,300.6448254474646,706,1:22:38
59.6%,29805000,-598803.0300516849,301.4516855978311,706,1:22:36
59.6%,29810000,-601157.0707730101,301.651572995374,706,1:22:35
59.6%,29815000,-599312.5386744048,299.81929638331184,706,1:22:34
59.6%,29820000,-598839.4683388402,302.84216395972754,706,1:22:33
59.6%,29825000,-600567.7438699249,301.05917229877775,706,1:22:32
59.6%,29830000,-600497.1457926547,303.69980551815905,706,1:22:30
59.6%,29835000,-601028.0477488008,299.0803655657628,706,1:22:29
59.6%,29840000,-600195.4517760812,300.9167145033026,706,1:22:28
59.6%,29845000,-600260.6154904594,298.32516997838417,706,1:22:27
59.6%,29850000,-599837.5279663452,299.59227650397185,706,1:22:25
59.7%,29855000,-599245.1484349184,301.2186553585994,706,1:22:24
59.7%,29860000,-599644.3509168867,299.6015741627432,706,1:22:23
59.7%,29865000,-600206.3702276871,301.6161977342968,706,1:22:22
59.7%,29870000,-598308.6249767318,299.6105283723778,706,1:22:21
59.7%,29875000,-598602.7702212199,299.79684952902227,706,1:22:19
59.7%,29880000,-598268.4421736966,297.93731777475705,706,1:22:18
59.7%,29885000,-600552.0980861657,302.09192385274946,706,1:22:17
59.7%,29890000,-599977.8084940873,300.1850206497048,706,1:22:16
59.7%,29895000,-599231.546632248,300.8590886445853,706,1:22:14
59.7%,29900000,-599632.0793916103,300.62377692180286,706,1:22:13
59.8%,29905000,-599739.2273326796,299.91784175345543,706,1:22:12
59.8%,29910000,-599893.2043091957,301.06329368841784,706,1:22:11
59.8%,29915000,-598148.9688065853,303.88639652769655,706,1:22:10
59.8%,29920000,-600193.8065206236,301.6611405070384,706,1:22:08
59.8%,29925000,-600322.1563415052,300.1579126999889,706,1:22:07
59.8%,29930000,-599586.2003300572,300.6396737104145,706,1:22:06
59.8%,29935000,-598112.800612973,302.24640236800815,706,1:22:05
59.8%,29940000,-599828.4814003669,300.7350544420845,706,1:22:03
59.8%,29945000,-599138.0026371791,301.62282139621834,706,1:22:02
59.8%,29950000,-598940.8952628509,300.0046362567086,706,1:22:01
59.9%,29955000,-599597.6718969434,300.2740475723463,706,1:22:00
59.9%,29960000,-599981.4472668846,300.4537695991504,706,1:21:59
59.9%,29965000,-600782.5233261851,298.504352299402,706,1:21:57
59.9%,29970000,-598058.442018149,300.75220236683685,706,1:21:56
59.9%,29975000,-599184.376557285,303.2186823418444,706,1:21:55
59.9%,29980000,-599088.9898532182,301.79199462811033,706,1:21:54
59.9%,29985000,-599852.7350989934,298.80555719226305,706,1:21:52
59.9%,29990000,-599782.1848796299,298.5243459455725,706,1:21:51
59.9%,29995000,-599122.0227618753,301.0237479735382,706,1:21:50
59.9%,30000000,-599391.5477906554,298.61656203876885,706,1:21:49
60.0%,30005000,-599346.0424534348,300.7714109864093,706,1:21:48
60.0%,30010000,-599549.3926991089,299.59549020660785,706,1:21:46
60.0%,30015000,-599172.6589026232,297.3417524396872,706,1:21:45
60.0%,30020000,-599482.3273812304,299.9321684888709,706,1:21:44
60.0%,30025000,-599138.4945685552,299.269115398445,706,1:21:43
60.0%,30030000,-600923.0917523941,300.5767243900788,706,1:21:41
60.0%,30035000,-598873.1620282163,298.9180613166042,706,1:21:40
60.0%,30040000,-598774.9585558795,301.80651762017527,706,1:21:39
60.0%,30045000,-600106.1181661338,300.7756059722929,706,1:21:38
60.0%,30050000,-598369.1870817035,300.4893901810395,706,1:21:37
60.0%,30055000,-599611.5215492188,300.98405506617144,706,1:21:35
60.1%,30060000,-600381.9296365716,305.5355166215879,706,1:21:34
60.1%,30065000,-599909.4215854825,299.6904048287352,706,1:21:33
60.1%,30070000,-599667.722389231,297.63370873793934,706,1:21:32
60.1%,30075000,-599169.555549236,299.0144233315218,706,1:21:31
60.1%,30080000,-600060.9503599592,302.1169465755641,706,1:21:29
60.1%,30085000,-599979.9996255562,299.26450336718113,706,1:21:28
60.1%,30090000,-599900.4457400488,302.5905629350343,706,1:21:27
60.1%,30095000,-598871.4334315648,300.4145428013262,706,1:21:26
60.1%,30100000,-599892.9841883364,300.7804633243687,706,1:21:24
60.1%,30105000,-599120.6216810565,300.1649288752095,706,1:21:23
60.2%,30110000,-599830.0985779618,302.1418221058916,706,1:21:22
60.2%,30115000,-600837.8983089523,301.0691813879036,706,1:21:21
60.2%,30120000,-599322.530204494,299.3411906529837,706,1:21:20
60.2%,30125000,-599422.170903495,298.71547539013034,706,1:21:18
60.2%,30130000,-600439.538312899,298.40973206224896,706,1:21:17
60.2%,30135000,-597964.6312484178,299.5281987079014,706,1:21:16
60.2%,30140000,-600072.3581444477,299.7217322964159,706,1:21:15
60.2%,30145000,-599338.5735943979,298.53119039622476,706,1:21:13
60.2%,30150000,-598316.9512946061,300.90707339539455,706,1:21:12
60.2%,30155000,-599005.7213873989,300.48328169282297,706,1:21:11
60.3%,30160000,-599772.363000995,299.5346506452546,706,1:21:10
60.3%,30165000,-599931.6463418151,298.76169383109385,706,1:21:09
60.3%,30170000,-599523.618247115,301.8862223519643,706,1:21:07
60.3%,30175000,-600873.4988121125,298.3207051396074,706,1:21:06
60.3%,30180000,-599284.9331693454,299.24132055045584,706,1:21:05
60.3%,30185000,-598137.2574013327,300.0497016898562,706,1:21:04
60.3%,30190000,-598999.1708080699,299.34913904728955,706,1:21:03
60.3%,30195000,-600870.842753794,301.316047720927,706,1:21:01
60.3%,30200000,-600450.6383292777,299.0751157003879,706,1:21:00
60.3%,30205000,-599811.9801771236,299.45082452382553,706,1:20:59
60.4%,30210000,-599323.7816695459,304.230336305992,706,1:20:58
60.4%,30215000,-599263.5459719808,300.16186236506064,706,1:20:56
60.4%,30220000,-598847.2105191993,298.18644105924994,706,1:20:55
60.4%,30225000,-600047.1092677135,300.3702133306144,706,1:20:54
60.4%,30230000,-599301.4673567279,302.6365851193483,706,1:20:53
60.4%,30235000,-600054.9255739637,300.8846020090238,706,1:20:52
60.4%,30240000,-597622.8879404548,302.83524591283174,706,1:20:50
60.4%,30245000,-598909.3572538649,297.29099556370335,706,1:20:49
60.4%,30250000,-599236.8794649956,297.8857513400939,706,1:20:48
60.4%,30255000,-599350.6695093513,300.25790546292274,706,1:20:47
60.5%,30260000,-598901.4816135233,298.7818837339139,706,1:20:46
60.5%,30265000,-599484.4016077835,298.064197698676,706,1:20:44
60.5%,30270000,-599190.0581280366,299.22679755839084,706,1:20:43
60.5%,30275000,-599634.6672412124,298.36775767133145,706,1:20:42
60.5%,30280000,-599639.7136824848,300.54910126665794,706,1:20:41
60.5%,30285000,-600641.6987287696,301.369012484218,706,1:20:39
60.5%,30290000,-600055.5547175063,300.8694902470102,706,1:20:38
60.5%,30295000,-599001.5103830281,297.7867153283266,706,1:20:37
60.5%,30300000,-599020.2901036963,300.56009163903144,706,1:20:36
60.5%,30305000,-600496.6059345347,303.1144700609458,706,1:20:35
60.6%,30310000,-598549.8044740809,298.3869417588227,706,1:20:33
60.6%,30315000,-599129.2981834929,299.45104531255623,706,1:20:32
60.6%,30320000,-599964.5300580086,298.4725341900975,706,1:20:31
60.6%,30325000,-598688.7827693219,299.36994225213937,706,1:20:30
60.6%,30330000,-600165.3107185825,301.99374646382375,706,1:20:28
60.6%,30335000,-599935.5972748119,299.1838173521445,706,1:20:27
60.6%,30340000,-599792.2594574909,297.1737567476924,706,1:20:26
60.6%,30345000,-599315.5993208396,300.95859076589534,706,1:20:25
60.6%,30350000,-598598.0910565639,302.5742245689612,706,1:20:23
60.6%,30355000,-599567.0632033171,302.3633467990448,706,1:20:22
60.7%,30360000,-600188.9381375462,299.4028643050974,706,1:20:21
60.7%,30365000,-600586.6524000815,299.41817232376053,706,1:20:20
60.7%,30370000,-599078.750973722,299.8603876193065,706,1:20:19
60.7%,30375000,-599766.7884459696,299.9845199501321,706,1:20:17
60.7%,30380000,-598799.122926767,300.36888859823006,706,1:20:16
60.7%,30385000,-599206.2992452383,300.304859866322,706,1:20:15
60.7%,30390000,-598425.6286329972,301.33211623410693,706,1:20:14
60.7%,30395000,-600078.5837633088,300.01832515801306,706,1:20:12
60.7%,30400000,-599416.8920375514,301.041460136158,706,1:20:11
60.7%,30405000,-598700.0699134474,302.13976141107156,706,1:20:10
60.8%,30410000,-600286.3307332187,303.09707681538146,706,1:20:09
60.8%,30415000,-598917.6524106553,301.1170680103881,706,1:20:08
60.8%,30420000,-599370.8603923954,302.74275996674226,706,1:20:06
60.8%,30425000,-600182.1762476461,299.71515769865675,706,1:20:05
60.8%,30430000,-599427.1647300273,300.85118931444185,706,1:20:04
60.8%,30435000,-600542.0108579821,300.91894692269096,706,1:20:03
60.8%,30440000,-599841.6610642988,299.15455057928386,706,1:20:02
60.8%,30445000,-599088.6579377046,300.75826179089097,706,1:20:00
60.8%,30450000,-599614.3482963811,302.07494765256536,706,1:19:59
60.8%,30455000,-599809.3037459524,301.77639222447294,706,1:19:58
60.9%,30460000,-598558.9111931613,299.8785658914689,706,1:19:57
60.9%,30465000,-599135.3213591292,300.87709519217935,706,1:19:55
60.9%,30470000,-598491.1619101875,299.47685306196905,706,1:19:54
60.9%,30475000,-600708.0563269393,300.8312202003525,706,1:19:53
60.9%,30480000,-599773.4615846886,301.9292270902919,706,1:19:52
60.9%,30485000,-599299.7867208705,298.8567556457083,706,1:19:51
60.9%,30490000,-599709.3327098549,301.05004636457477,706,1:19:49
60.9%,30495000,-600328.0219339114,302.18019028087406,706,1:19:48
60.9%,30500000,-599128.8240078804,300.7416290398436,706,1:19:47
60.9%,30505000,-599124.5611858391,303.4626784213685,706,1:19:46
61.0%,30510000,-598867.1172850993,302.17842397102834,706,1:19:44
61.0%,30515000,-598752.7813087972,299.76297072489774,706,1:19:43
61.0%,30520000,-599884.1846894012,300.32208138731795,706,1:19:42
61.0%,30525000,-601111.6818895293,301.01128567629326,706,1:19:41
61.0%,30530000,-600065.1419353755,301.098276436196,706,1:19:40
61.0%,30535000,-599443.1548455437,299.53752089875394,706,1:19:38
61.0%,30540000,-599723.1917168591,300.114221063388,706,1:19:37
61.0%,30545000,-599174.1921691294,303.01511513212284,706,1:19:36
61.0%,30550000,-600606.2726970343,298.6868219192994,706,1:19:35
61.0%,30555000,-598793.7713142815,299.15769068567624,706,1:19:33
61.1%,30560000,-600902.1332736495,300.453082700877,706,1:19:32
61.1%,30565000,-600362.4746025815,301.3021380308918,706,1:19:31
61.1%,30570000,-598773.7859049602,296.2581949455693,706,1:19:30
61.1%,30575000,-600447.2882221751,298.261509227694,706,1:19:29
61.1%,30580000,-599719.8521403619,298.59202995757806,706,1:19:27
61.1%,30585000,-600138.2652677712,300.8612965318925,706,1:19:26
61.1%,30590000,-601496.9606571277,301.76520559544997,706,1:19:25
61.1%,30595000,-599531.9282214297,302.2725290344764,706,1:19:24
61.1%,30600000,-599927.417160965,296.88243828355127,706,1:19:22
61.1%,30605000,-600288.7301728805,299.6773782936229,706,1:19:21
61.2%,30610000,-598907.2006390393,302.2470156700379,706,1:19:20
61.2%,30615000,-599484.6485728445,299.5619793837012,706,1:19:19
61.2%,30620000,-599037.5020888825,300.3904032334345,706,1:19:18
61.2%,30625000,-600659.9045222495,297.3690811781338,706,1:19:16
61.2%,30630000,-599346.6614176561,302.1167503189146,706,1:19:15
61.2%,30635000,-601029.7313742656,298.2618772089118,706,1:19:14
61.2%,30640000,-600701.7612413396,299.1046277940605,706,1:19:13
61.2%,30645000,-599071.4864818971,300.0022566448331,706,1:19:11
61.2%,30650000,-600052.7480344488,303.8674086968548,706,1:19:10
61.2%,30655000,-598876.8393202825,300.06370950821616,706,1:19:09
61.3%,30660000,-599933.8193928204,298.7689062629639,706,1:19:08
61.3%,30665000,-599586.774378777,299.8454230497801,706,1:19:07
61.3%,30670000,-599564.4613538985,300.9581737205151,706,1:19:05
61.3%,30675000,-598334.4615079188,300.39359240398926,706,1:19:04
61.3%,30680000,-599210.6292443196,300.79268030080175,706,1:19:03
61.3%,30685000,-600368.9041702203,299.4346088181584,706,1:19:02
61.3%,30690000,-598244.7580705169,299.0318165770861,706,1:19:00
61.3%,30695000,-600151.6405044505,301.7558834045974,706,1:18:59
61.3%,30700000,-598138.6042643636,298.68363274874457,706,1:18:58
61.3%,30705000,-600349.289629695,299.12739356540555,706,1:18:57
61.4%,30710000,-599545.7581979912,301.6546885696852,706,1:18:56
61.4%,30715000,-599853.7532457658,301.68464224081924,706,1:18:54
61.4%,30720000,-599901.9521833868,299.7567641083564,706,1:18:53
61.4%,30725000,-599527.5402798373,301.11225972247473,706,1:18:52
61.4%,30730000,-599980.256967498,299.15440338679673,706,1:18:51
61.4%,30735000,-600563.682877115,301.4580148747783,706,1:18:49
61.4%,30740000,-599068.4879420116,299.00176477762733,706,1:18:48
61.4%,30745000,-600098.5167347295,300.7033344611047,706,1:18:47
61.4%,30750000,-600865.7883715285,301.3714166281747,706,1:18:46
61.4%,30755000,-600416.6028402057,300.22775553513924,706,1:18:45
61.5%,30760000,-601393.0348661728,300.9423014639847,706,1:18:43
61.5%,30765000,-598769.0586738549,300.74344441385176,706,1:18:42
61.5%,30770000,-599475.121171786,301.044551178388,706,1:18:41
61.5%,30775000,-599128.2030164627,298.4808750977024,706,1:18:40
61.5%,30780000,-600412.8830696158,299.4801648929298,706,1:18:38
61.5%,30785000,-599820.102873697,303.1662572843396,706,1:18:37
61.5%,30790000,-600244.1259794501,303.41530697258895,706,1:18:36
61.5%,30795000,-598951.3024776634,298.41343640650877,706,1:18:35
61.5%,30800000,-599495.481536055,300.3824548391286,706,1:18:34
61.5%,30805000,-598777.1038078973,300.5384543434211,706,1:18:32
61.6%,30810000,-600194.4016537415,299.5357055247458,706,1:18:31
61.6%,30815000,-599268.0016928511,302.12526295108785,706,1:18:30
61.6%,30820000,-599313.8322892557,300.4095137246821,706,1:18:29
61.6%,30825000,-600128.7802582993,302.099577862081,706,1:18:27
61.6%,30830000,-599332.2066693725,299.2798604500066,706,1:18:26
61.6%,30835000,-599000.0896509364,298.1499618545192,706,1:18:25
61.6%,30840000,-600094.3907903582,301.05088045533523,706,1:18:24
61.6%,30845000,-599377.5246405476,299.25655497287534,706,1:18:22
61.6%,30850000,-598375.5610059653,299.9271884763892,706,1:18:21
61.6%,30855000,-600880.5162940146,300.7055668804931,706,1:18:20
61.7%,30860000,-599583.4040591293,301.55317481771755,706,1:18:19
61.7%,30865000,-598813.7329867207,300.64413854919127,706,1:18:18
61.7%,30870000,-599999.781202469,299.45398916229914,706,1:18:16
61.7%,30875000,-600283.6947849356,299.2158807822609,706,1:18:15
61.7%,30880000,-599460.8460841659,300.8395120437951,706,1:18:14
61.7%,30885000,-599322.5925694234,299.9573384041727,706,1:18:13
61.7%,30890000,-599295.4596640016,300.58182706296657,706,1:18:12
61.7%,30895000,-597996.3299693684,300.2798862076698,706,1:18:10
61.7%,30900000,-599590.0112486142,300.3918996903871,706,1:18:09
61.7%,30905000,-599342.2700169841,302.0677597527765,706,1:18:08
61.8%,30910000,-599939.9686441654,301.09960116858025,706,1:18:07
61.8%,30915000,-599648.9026145879,299.32347849036387,706,1:18:05
61.8%,30920000,-599728.4292863659,300.0012508295042,706,1:18:04
61.8%,30925000,-599496.1004040833,298.17351265246236,706,1:18:03
61.8%,30930000,-599655.7157962839,300.50967821218427,706,1:18:02
61.8%,30935000,-598194.8380139396,299.4740564047132,706,1:18:00
61.8%,30940000,-599325.9358734125,299.6490682719287,706,1:17:59
61.8%,30945000,-600097.3119919077,297.7599508277474,706,1:17:58
61.8%,30950000,-598792.6695127496,298.21192989160727,706,1:17:57
61.8%,30955000,-598934.0921550919,302.57167323251736,706,1:17:56
61.9%,30960000,-599863.6835097405,301.167702225966,706,1:17:54
61.9%,30965000,-600025.5197645533,298.2091822985139,706,1:17:53
61.9%,30970000,-599082.2955420674,300.7567408018572,706,1:17:52
61.9%,30975000,-600123.4369770773,298.9304009534432,706,1:17:51
61.9%,30980000,-600702.0378801739,300.0870395174286,706,1:17:50
61.9%,30985000,-599485.6143080699,301.19991284856957,706,1:17:48
61.9%,30990000,-599368.2358605303,301.0646184208021,706,1:17:47
61.9%,30995000,-599387.0460149124,301.4578676822912,706,1:17:46
61.9%,31000000,-599014.5137883169,300.27554402929894,706,1:17:45
61.9%,31005000,-600266.9674778013,298.3690824037157,706,1:17:43
62.0%,31010000,-599372.3951409049,302.2688001581353,706,1:17:42
62.0%,31015000,-598682.5413420177,300.7378020351779,706,1:17:41
62.0%,31020000,-599444.3421504903,298.50795851533707,706,1:17:40
62.0%,31025000,-600601.9402226261,300.4445455366226,706,1:17:39
62.0%,31030000,-600269.0390373259,300.17847058402685,706,1:17:37
62.0%,31035000,-600125.180325558,300.6694556569802,706,1:17:36
62.0%,31040000,-599871.5528027592,301.3221071449811,706,1:17:35
62.0%,31045000,-598651.7144406107,300.61207511907486,706,1:17:34
62.0%,31050000,-599197.6518449783,301.23820742730845,706,1:17:32
62.0%,31055000,-599191.4471767158,300.5748599519083,706,1:17:31
62.1%,31060000,-598973.1815612325,300.60878782019523,706,1:17:30
62.1%,31065000,-599367.8344669407,300.6300571345877,706,1:17:29
62.1%,31070000,-598720.2269439115,301.3817691664372,706,1:17:28
62.1%,31075000,-599449.645390051,300.64168534107216,706,1:17:26
62.1%,31080000,-599166.780215947,300.8832772766395,706,1:17:25
62.1%,31085000,-600226.7420869982,298.7666247794132,706,1:17:24
62.1%,31090000,-599029.465738852,295.99800769245934,706,1:17:23
62.1%,31095000,-599631.8023009957,301.89471045205636,706,1:17:21
62.1%,31100000,-599112.1287583355,298.0768562525705,706,1:17:20
62.1%,31105000,-599463.868939111,300.889385764856,706,1:17:19
62.2%,31110000,-599741.7136743721,301.89076078698463,706,1:17:18
62.2%,31115000,-598802.437996069,301.1820289613815,706,1:17:16
62.2%,31120000,-599837.3285381165,299.3133222087509,706,1:17:15
62.2%,31125000,-599633.0502944672,297.0977808922444,706,1:17:14
62.2%,31130000,-599357.115875469,301.14930316507287,706,1:17:13
62.2%,31135000,-599247.7023534146,298.78234984345653,706,1:17:12
62.2%,31140000,-599989.7263790346,297.8630591649924,706,1:17:10
62.2%,31145000,-601106.4784466117,300.82356619102103,706,1:17:09
62.2%,31150000,-599661.7937150765,300.8637006758492,706,1:17:08
62.2%,31155000,-598490.6497166432,299.324508837774,706,1:17:07
62.3%,31160000,-600037.2993308301,299.22100798722977,706,1:17:05
62.3%,31165000,-599867.796635774,300.10801444684677,706,1:17:04
62.3%,31170000,-599758.3698574472,300.08618089458696,706,1:17:03
62.3%,31175000,-600347.7785386313,298.8579822497678,706,1:17:02
62.3%,31180000,-600328.4437368196,302.47808334277437,706,1:17:01
62.3%,31185000,-600434.6380355642,298.92004841518064,706,1:16:59
62.3%,31190000,-599885.4905422674,301.01906234603075,706,1:16:58
62.3%,31195000,-599974.9456747319,299.1170164950618,706,1:16:57
62.3%,31200000,-600080.1132617649,299.91080104615367,706,1:16:56
62.3%,31205000,-599625.6535005867,300.50781377401375,706,1:16:54
62.4%,31210000,-599626.916817938,299.1655409516573,706,1:16:53
62.4%,31215000,-599098.1062770458,299.8276618229979,706,1:16:52
62.4%,31220000,-600847.445675734,297.9445302066272,706,1:16:51
62.4%,31225000,-600226.7896004175,301.0893467586425,706,1:16:50
62.4%,31230000,-600735.1251692097,301.91654400431617,706,1:16:48
62.4%,31235000,-600531.7119216449,300.29938921221645,706,1:16:47
62.4%,31240000,-600046.2971489327,300.65292103425753,706,1:16:46
62.4%,31245000,-598158.5879096366,299.67580824042665,706,1:16:45
62.4%,31250000,-599168.3186929217,301.016265688775,706,1:16:43
62.4%,31255000,-598334.1572015113,301.44778499692177,706,1:16:42
62.5%,31260000,-599856.3646637052,301.09798205122166,706,1:16:41
62.5%,31265000,-599878.5387479141,302.97004969897534,706,1:16:40
62.5%,31270000,-598929.3261878081,299.9712726262891,706,1:16:39
62.5%,31275000,-601162.1454166616,298.1436080454908,706,1:16:37
62.5%,31280000,-599452.3002989804,299.6399178056445,706,1:16:36
62.5%,31285000,-599708.9576954995,302.25722101581334,706,1:16:35
62.5%,31290000,-599763.4619968738,300.72857797265004,706,1:16:34
62.5%,31295000,-600391.7387441592,301.23467480761695,706,1:16:32
62.5%,31300000,-600777.8025517222,300.42239306730727,706,1:16:31
62.5%,31305000,-599614.797879125,298.78217811888817,706,1:16:30
62.6%,31310000,-598814.4582459596,302.1870592636075,706,1:16:29
62.6%,31315000,-599764.8347496386,298.1847974098102,706,1:16:28
62.6%,31320000,-600314.5419179453,300.8982909103283,706,1:16:26
62.6%,31325000,-600347.3496709485,299.4527380261584,706,1:16:25
62.6%,31330000,-601534.309895793,301.1155715534355,706,1:16:24
62.6%,31335000,-598772.4651503474,299.71280261886244,706,1:16:23
62.6%,31340000,-599842.8468247764,303.2830545228892,706,1:16:21
62.6%,31345000,-599005.705134281,298.9534120456002,706,1:16:20
62.6%,31350000,-599098.9976332895,298.6497294125389,706,1:16:19
62.6%,31355000,-601336.1916911285,300.78058598477463,706,1:16:18
62.7%,31360000,-600327.0862876372,299.0195260044095,706,1:16:17
62.7%,31365000,-599070.1144099385,298.60593964761324,706,1:16:15
62.7%,31370000,-600161.8592201327,301.6457343600506,706,1:16:14
62.7%,31375000,-600019.3171571721,300.9048655080874,706,1:16:13
62.7%,31380000,-600545.3347706315,297.47442193476724,706,1:16:12
62.7%,31385000,-600019.3665348548,300.7262964890993,706,1:16:10
62.7%,31390000,-601274.1555001591,298.9514249470238,706,1:16:09
62.7%,31395000,-599358.8123775162,299.1789354679875,706,1:16:08
62.7%,31400000,-600908.7609734,298.2070725395315,706,1:16:07
62.7%,31405000,-599269.0740232128,300.10492340461667,706,1:16:06
62.8%,31410000,-598912.4612098248,301.31455126397435,706,1:16:04
62.8%,31415000,-599136.1507633752,302.48941716428453,706,1:16:03
62.8%,31420000,-599547.0601660605,300.6505659544632,706,1:16:02
62.8%,31425000,-598588.0484388443,302.7450905144554,706,1:16:01
62.8%,31430000,-597866.6159919342,300.4100779625495,706,1:15:59
62.8%,31435000,-600259.6386668952,297.9214700503078,706,1:15:58
62.8%,31440000,-598403.6121231043,303.038396077173,706,1:15:57
62.8%,31445000,-600257.8761600805,300.8842830919683,706,1:15:56
62.8%,31450000,-597985.252062426,301.9847677221079,706,1:15:55
62.8%,31455000,-599595.4950646325,300.7073822545012,706,1:15:53
62.9%,31460000,-600226.3740534238,299.96293171868416,706,1:15:52
62.9%,31465000,-599103.3570172903,301.53737615743063,706,1:15:51
62.9%,31470000,-599831.5877993009,300.243799516238,706,1:15:50
62.9%,31475000,-598868.1855175635,301.0030183649319,706,1:15:48
62.9%,31480000,-600796.6405501966,297.14547125807934,706,1:15:47
62.9%,31485000,-599882.055460555,301.2352635775656,706,1:15:46
62.9%,31490000,-600235.588982386,302.0901575429037,706,1:15:45
62.9%,31495000,-598685.9128206,303.2011173717118,706,1:15:44
62.9%,31500000,-599272.0193261299,299.0869401635219,706,1:15:42
62.9%,31505000,-600336.9438021737,300.7150362638327,706,1:15:41
63.0%,31510000,-599495.3011504859,302.2536147998782,706,1:15:40
63.0%,31515000,-599394.5824650703,297.32995250863445,706,1:15:39
63.0%,31520000,-600087.2846571784,299.27627876615276,706,1:15:37
63.0%,31525000,-599524.6568003418,300.85403503586,706,1:15:36
63.0%,31530000,-599588.4229320046,302.21262169220836,706,1:15:35
63.0%,31535000,-599971.944706094,297.9289278029898,706,1:15:34
63.0%,31540000,-599741.3331174734,299.77033034925495,706,1:15:33
63.0%,31545000,-599089.9995257715,300.6161229124713,706,1:15:31
63.0%,31550000,-597610.9711697767,296.4763342115182,706,1:15:30
63.0%,31555000,-599848.5505553009,298.3669726447333,706,1:15:29
63.1%,31560000,-599425.7392936456,301.08699167884816,706,1:15:28
63.1%,31565000,-600256.2336295396,300.4102006229554,706,1:15:27
63.1%,31570000,-599144.5642401427,302.6080297768422,706,1:15:25
63.1%,31575000,-598179.5142323775,301.84468953850825,706,1:15:24
63.1%,31580000,-601661.866097183,298.0320361402349,706,1:15:23
63.1%,31585000,-600126.7884720727,299.4846051996253,706,1:15:22
63.1%,31590000,-598624.6741361418,299.4883340759663,706,1:15:20
63.1%,31595000,-600255.4576221867,301.3696993824913,706,1:15:19
63.1%,31600000,-599459.3839994818,302.27017395468204,706,1:15:18
63.1%,31605000,-599088.9465703978,302.414790573302,706,1:15:17
63.2%,31610000,-599505.5691131395,299.74332052786383,706,1:15:16
63.2%,31615000,-599575.3712741295,303.1709919760094,706,1:15:14
63.2%,31620000,-600980.6765821679,301.2721352955954,706,1:15:13
63.2%,31625000,-600181.2720508985,298.4256288508606,706,1:15:12
63.2%,31630000,-599208.9797133878,302.03194291423785,706,1:15:11
63.2%,31635000,-598887.4928676118,300.47579940805974,706,1:15:09
63.2%,31640000,-599870.3074355694,298.4835981587146,706,1:15:08
63.2%,31645000,-599498.9860889097,301.71128408099247,706,1:15:07
63.2%,31650000,-599926.6884723413,300.4769524158757,706,1:15:06
63.2%,31655000,-599204.9945002077,300.8653688573702,706,1:15:05
63.3%,31660000,-599337.955328356,300.0239184725246,706,1:15:03
63.3%,31665000,-599023.1378324842,297.78458103726297,706,1:15:02
63.3%,31670000,-598608.5235367874,301.7403791292848,706,1:15:01
63.3%,31675000,-599835.5623875144,300.54802185508555,706,1:15:00
63.3%,31680000,-598998.4791602953,297.30610732571694,706,1:14:58
63.3%,31685000,-599546.6032926668,298.7388789955864,706,1:14:57
63.3%,31690000,-598954.7135854997,301.30277586500273,706,1:14:56
63.3%,31695000,-598866.2826010147,300.9329302089697,706,1:14:55
63.3%,31700000,-600642.8897942789,301.89053999825387,706,1:14:53
63.3%,31705000,-597628.939910775,300.9527521305719,706,1:14:52
63.4%,31710000,-600922.0238237744,299.92581467984246,706,1:14:51
63.4%,31715000,-600248.4397136974,301.38039536989055,706,1:14:50
63.4%,31720000,-599069.7740119966,298.57053985445486,706,1:14:49
63.4%,31725000,-599674.0605948861,300.63138186697205,706,1:14:47
63.4%,31730000,-600035.9514753935,302.8738594086261,706,1:14:46
63.4%,31735000,-599078.138600233,302.53531668819255,706,1:14:45
63.4%,31740000,-598594.3638784988,297.5906794675306,706,1:14:44
63.4%,31745000,-598794.0618885811,299.61173044435617,706,1:14:42
63.4%,31750000,-600134.3650102913,299.4600240542721,706,1:14:41
63.4%,31755000,-599415.1131745717,301.64877633811824,706,1:14:40
63.5%,31760000,-600279.7185410154,298.80582704515615,706,1:14:39
63.5%,31765000,-600335.4774075863,301.9421800291606,706,1:14:38
63.5%,31770000,-600147.8611984756,302.3583422544819,706,1:14:36
63.5%,31775000,-599236.722527965,300.53173255317483,706,1:14:35
63.5%,31780000,-599999.8311471525,300.82498905173003,706,1:14:34
63.5%,31785000,-601189.7623327011,301.80823486585865,706,1:14:33
63.5%,31790000,-600621.5392251019,300.87822366791414,706,1:14:31
63.5%,31795000,-599359.7256587124,300.60106021462013,706,1:14:30
63.5%,31800000,-601090.4529054319,303.47131371394767,706,1:14:29
63.5%,31805000,-601132.5609598965,300.53092299449554,706,1:14:28
63.6%,31810000,-600135.1733218357,301.75553995546073,706,1:14:27
63.6%,31815000,-598703.7994159167,299.93386120247305,706,1:14:25
63.6%,31820000,-599355.5374242933,301.7621145532199,706,1:14:24
63.6%,31825000,-598889.5058128745,303.57346530002627,706,1:14:23
63.6%,31830000,-600053.0816828506,300.4400561657647,706,1:14:22
63.6%,31835000,-600331.2684135591,299.39005855871585,706,1:14:20
63.6%,31840000,-599213.9626485147,298.49978933230045,706,1:14:19
63.6%,31845000,-598932.7813185509,301.57226077688404,706,1:14:18
63.6%,31850000,-599841.7849294641,297.4279336409106,706,1:14:17
63.6%,31855000,-600287.8285451485,299.9821158061754,706,1:14:16
63.7%,31860000,-601056.6398646533,299.721879488903,706,1:14:14
63.7%,31865000,-599675.2603103258,300.4451343065712,706,1:14:13
63.7%,31870000,-598699.0512344241,300.7588014966772,706,1:14:12
63.7%,31875000,-599210.7481563962,303.04484801452617,706,1:14:11
63.7%,31880000,-599271.8126146607,301.26323015012315,706,1:14:10
63.7%,31885000,-600756.9375491403,299.84189043008865,706,1:14:08
63.7%,31890000,-599900.9079368529,299.29816138257496,706,1:14:07
63.7%,31895000,-600094.8716300465,300.86114933940536,706,1:14:06
63.7%,31900000,-599379.6159192398,299.20984589028797,706,1:14:05
63.7%,31905000,-599419.7191219754,299.6501476835011,706,1:14:03
63.8%,31910000,-599211.3999128873,301.23124031625025,706,1:14:02
63.8%,31915000,-599306.8224536018,301.39050258734113,706,1:14:01
63.8%,31920000,-599977.1898096874,299.6759309008326,706,1:14:00
63.8%,31925000,-601169.2206255263,299.6566241529354,706,1:13:59
63.8%,31930000,-601533.4699139544,301.85911440224845,706,1:13:57
63.8%,31935000,-599048.0074259168,299.4660098820827,706,1:13:56
63.8%,31940000,-600739.0806230982,304.29004739161047,706,1:13:55
63.8%,31945000,-599811.8127917578,300.55390955457136,706,1:13:54
63.8%,31950000,-598457.7530901022,302.32124974772137,706,1:13:52
63.8%,31955000,-601348.0887000784,299.53749636667277,706,1:13:51
63.9%,31960000,-598891.9861705913,300.7838978157354,706,1:13:50
63.9%,31965000,-600324.158687382,298.930891595067,706,1:13:49
63.9%,31970000,-600217.5215651509,299.8535186365731,706,1:13:48
63.9%,31975000,-599075.0990230213,300.0001714179318,706,1:13:46
63.9%,31980000,-600001.784093976,301.29953763028556,706,1:13:45
63.9%,31985000,-599848.0779194809,298.27586049519056,706,1:13:44
63.9%,31990000,-600390.3811856322,299.63101266017225,706,1:13:43
63.9%,31995000,-599469.9629087462,298.09103579549884,706,1:13:41
63.9%,32000000,-599091.190391202,299.18892002503225,706,1:13:40
63.9%,32005000,-599691.6872962881,301.6111441255715,706,1:13:39
64.0%,32010000,-598929.0737364981,298.93628865292897,706,1:13:38
64.0%,32015000,-599593.0580049804,302.0497777372636,706,1:13:37
64.0%,32020000,-599705.4568243823,299.31278250296475,706,1:13:35
64.0%,32025000,-600840.5187484943,299.3801966620771,706,1:13:34
64.0%,32030000,-600155.2256316994,300.1194954608441,706,1:13:33
64.0%,32035000,-600811.6963751488,302.5928198865039,706,1:13:32
64.0%,32040000,-598642.3298520432,300.6128846777541,706,1:13:30
64.0%,32045000,-600580.3235617457,300.7519079818626,706,1:13:29
64.0%,32050000,-600118.2135535912,299.3745788154844,706,1:13:28
64.0%,32055000,-599477.6701214481,297.6776211632709,706,1:13:27
64.1%,32060000,-600730.8246383765,301.1316891307779,706,1:13:26
64.1%,32065000,-600998.3616023385,300.240585813602,706,1:13:24
64.1%,32070000,-599627.5085198916,298.6364084924523,706,1:13:23
64.1%,32075000,-600755.0466058524,299.97738111450553,706,1:13:22
64.1%,32080000,-600809.2850728659,300.67789469290983,706,1:13:21
64.1%,32085000,-598659.1024080608,299.33432167025023,706,1:13:20
64.1%,32090000,-599910.8458069353,299.01260795751364,706,1:13:18
64.1%,32095000,-600409.4507396035,300.07146164587243,706,1:13:17
64.1%,32100000,-599413.247742876,301.0385408184963,706,1:13:16
64.1%,32105000,-600140.9398908215,297.6004432358446,706,1:13:15
64.2%,32110000,-599410.3098059883,299.322202822142,706,1:13:13
64.2%,32115000,-600668.8620966049,301.416580189647,706,1:13:12
64.2%,32120000,-599128.8623787574,301.00628113173036,706,1:13:11
64.2%,32125000,-600798.7191594397,299.95316795037024,706,1:13:10
64.2%,32130000,-599497.4538013805,300.2024629594315,706,1:13:09
64.2%,32135000,-600346.9933447922,302.19417356715286,706,1:13:07
64.2%,32140000,-599976.6657822649,301.3039043407375,706,1:13:06
64.2%,32145000,-598832.231262615,299.9372220975962,706,1:13:05
64.2%,32150000,-599750.5033512064,302.54586548310465,706,1:13:04
64.2%,32155000,-599928.9261435005,299.6133004975524,706,1:13:02
64.3%,32160000,-599407.8412133488,300.8849945223228,706,1:13:01
64.3%,32165000,-599010.4989508037,301.7675116110819,706,1:13:00
64.3%,32170000,-599829.7425039597,300.2704168243301,706,1:12:59
64.3%,32175000,-599508.3837046204,299.4161606931029,706,1:12:58
64.3%,32180000,-599053.6792888967,301.06265585430685,706,1:12:56
64.3%,32185000,-598956.5812432542,299.5664442224779,706,1:12:55
64.3%,32190000,-599035.9553071633,299.5753493679502,706,1:12:54
64.3%,32195000,-599531.0019643102,299.96136166548797,706,1:12:53
64.3%,32200000,-598950.9118532073,298.5764766181031,706,1:12:51
64.3%,32205000,-598600.3209292907,300.722788401489,706,1:12:50
64.4%,32210000,-599945.8433100521,297.81350436098694,706,1:12:49
64.4%,32215000,-600940.8635464781,300.67934208570006,706,1:12:48
64.4%,32220000,-599481.8113644416,303.1050006776061,706,1:12:47
64.4%,32225000,-598928.2907149298,299.0937355500118,706,1:12:45
64.4%,32230000,-598850.4084730218,302.00753349345297,706,1:12:44
64.4%,32235000,-600119.1202497948,298.4323015769445,706,1:12:43
64.4%,32240000,-598751.6751496294,299.36721919112716,706,1:12:42
64.4%,32245000,-600914.3403986851,300.09236297904704,706,1:12:40
64.4%,32250000,-599860.0431426209,300.01717215019715,706,1:12:39
64.4%,32255000,-600078.9523071628,299.4752830087728,706,1:12:38
64.5%,32260000,-599926.0909819286,299.2563096520634,706,1:12:37
64.5%,32265000,-599376.6054751114,302.107550788468,706,1:12:36
64.5%,32270000,-598767.2142829569,301.28364084167384,706,1:12:34
64.5%,32275000,-599238.4441458327,300.8420388481577,706,1:12:33
64.5%,32280000,-599765.0874937382,301.85906533808605,706,1:12:32
64.5%,32285000,-599882.2001258796,303.2085751243938,706,1:12:31
64.5%,32290000,-599988.4562721793,301.29885073201217,706,1:12:29
64.5%,32295000,-599806.7991120229,300.1314180523028,706,1:12:28
64.5%,32300000,-600649.1763074724,296.93773359455537,706,1:12:27
64.5%,32305000,-599580.5727721886,301.9262832405489,706,1:12:26
64.6%,32310000,-599523.0345857823,300.0932951981323,706,1:12:25
64.6%,32315000,-599448.3292204691,301.771633000722,706,1:12:23
64.6%,32320000,-599217.6382473512,300.80040790637685,706,1:12:22
64.6%,32325000,-599735.4755355939,301.75102605252164,706,1:12:21
64.6%,32330000,-598474.8151940028,300.7612301727151,706,1:12:20
64.6%,32335000,-599960.2029264695,299.5337184261694,706,1:12:18
64.6%,32340000,-600144.7048544302,296.80256182719387,706,1:12:17
64.6%,32345000,-600405.124912323,301.77119142326046,706,1:12:16
64.6%,32350000,-599869.6394995609,301.6593496651115,706,1:12:15
64.6%,32355000,-599121.6637522047,299.60952255704905,706,1:12:14
64.7%,32360000,-598893.280710828,303.1582843579526,706,1:12:12
64.7%,32365000,-598923.1114108833,301.33842097897303,706,1:12:11
64.7%,32370000,-599039.0809541661,300.8797691890292,706,1:12:10
64.7%,32375000,-600013.2794985352,300.79268030080175,706,1:12:09
64.7%,32380000,-597947.9262101958,298.3982510482516,706,1:12:07
64.7%,32385000,-600006.5202425197,299.90979523082484,706,1:12:06
64.7%,32390000,-599115.9311483158,297.82319453305735,706,1:12:05
64.7%,32395000,-599526.7293596575,300.1040402496938,706,1:12:04
64.7%,32400000,-599756.4561791811,300.2986287176995,706,1:12:02
64.7%,32405000,-599368.3311042981,299.21880009992265,706,1:12:01
64.8%,32410000,-599476.8453855962,299.614919614911,706,1:12:00
64.8%,32415000,-598511.3107961579,302.83416650125935,706,1:11:59
64.8%,32420000,-599198.7394435415,300.20062305334216,706,1:11:58
64.8%,32425000,-599461.1122216131,300.069229226484,706,1:11:56
64.8%,32430000,-598827.9358055256,302.0758308074883,706,1:11:55
64.8%,32435000,-598177.1108075413,300.4197681346199,706,1:11:54
64.8%,32440000,-599717.5416265116,302.1272500496642,706,1:11:53
64.8%,32445000,-598312.6507557817,302.55229288837666,706,1:11:51
64.8%,32450000,-600573.8009477882,301.9414440667249,706,1:11:50
64.8%,32455000,-599792.8124604272,298.4383610009986,705,1:11:49
64.9%,32460000,-598875.9763150583,298.2501018099402,705,1:11:48
64.9%,32465000,-599464.5521512786,299.00358015163545,705,1:11:47
64.9%,32470000,-599974.4357312592,302.56554021221973,705,1:11:45
64.9%,32475000,-599144.7045771517,300.48399312317747,705,1:11:44
64.9%,32480000,-600215.0667527593,300.7826221475135,705,1:11:43
64.9%,32485000,-600025.7342689955,301.7340498523376,705,1:11:42
64.9%,32490000,-598735.4473265312,298.28532987853026,705,1:11:41
64.9%,32495000,-599786.5554883708,300.73986272999787,705,1:11:39
64.9%,32500000,-600329.7983815526,298.8409815175026,705,1:11:38
64.9%,32505000,-599720.4115002905,301.80281327591547,705,1:11:37
65.0%,32510000,-600001.7200975558,300.1267078927142,705,1:11:36
65.0%,32515000,-600681.0044876346,299.97262189075457,705,1:11:34
65.0%,32520000,-597832.7461136226,300.8085770894134,705,1:11:33
65.0%,32525000,-600446.4798799264,300.37161165924226,705,1:11:32
65.0%,32530000,-598700.1013457347,300.477761974555,705,1:11:31
65.0%,32535000,-599623.8650827468,299.37489773253986,705,1:11:30
65.0%,32540000,-600105.7083121985,300.4130463443736,705,1:11:28
65.0%,32545000,-598072.541908063,299.05941516842574,705,1:11:27
65.0%,32550000,-599901.5241995323,302.51493052872297,705,1:11:26
65.0%,32555000,-598562.4400443975,298.4008759809391,705,1:11:25
65.1%,32560000,-598498.3026756817,300.44690061641694,705,1:11:23
65.1%,32565000,-599594.4644172438,303.38442108236967,705,1:11:22
65.1%,32570000,-597627.2452936787,296.60294428254406,705,1:11:21
65.1%,32575000,-599223.5833274606,299.32951338233687,705,1:11:20
65.1%,32580000,-600608.3643044662,301.3231865565535,705,1:11:19
65.1%,32585000,-599911.6168749086,299.67563651585834,705,1:11:17
65.1%,32590000,-599926.437093961,300.9533899646829,705,1:11:16
65.1%,32595000,-599110.7103544897,299.10980406319175,705,1:11:15
65.1%,32600000,-599717.6660472667,300.35259929631934,705,1:11:14
65.1%,32605000,-599608.0336890123,298.81473219062843,705,1:11:12
65.2%,32610000,-599708.2016493338,299.0735947113541,705,1:11:11
65.2%,32615000,-599937.3556795414,300.2527782579539,705,1:11:10
65.2%,32620000,-599755.4287306755,300.6098181676052,705,1:11:09
65.2%,32625000,-599498.6154909711,300.80452929601694,705,1:11:08
65.2%,32630000,-598453.0820950996,302.9712517709537,705,1:11:06
65.2%,32635000,-599545.6816770029,300.08078383672495,705,1:11:05
65.2%,32640000,-599201.8207586077,300.60572131004636,705,1:11:04
65.2%,32645000,-599965.5299409125,297.0091710149831,705,1:11:03
65.2%,32650000,-598988.1716817534,303.1954995251191,705,1:11:01
65.2%,32655000,-600051.2255873783,300.45372053498795,705,1:11:00
65.3%,32660000,-599320.3928167792,299.99531406585606,705,1:10:59
65.3%,32665000,-599530.5478846324,300.5886469815376,705,1:10:58
65.3%,32670000,-598947.8301927373,301.24350635684567,705,1:10:57
65.3%,32675000,-598955.4432509663,299.66557836257005,705,1:10:55
65.3%,32680000,-599342.4517205837,299.00941878695886,705,1:10:54
65.3%,32685000,-599649.7670251443,298.42761594943704,705,1:10:53
65.3%,32690000,-600394.9314658237,299.11971502399285,705,1:10:52
65.3%,32695000,-599681.2880674368,295.5684509508078,705,1:10:50
65.3%,32700000,-599149.2786977547,300.87797834710227,705,1:10:49
65.3%,32705000,-598928.1753831771,301.15960663917303,705,1:10:48
65.4%,32710000,-598942.5684892377,299.49120432946563,705,1:10:47
65.4%,32715000,-599110.9587880182,299.83033581984773,705,1:10:46
65.4%,32720000,-599461.4413305824,297.7585279670383,705,1:10:44
65.4%,32725000,-600699.8752310057,300.94583408367606,705,1:10:43
65.4%,32730000,-600351.7396803452,303.59701609796946,705,1:10:42
65.4%,32735000,-599450.7323082075,297.32695959472915,705,1:10:41
65.4%,32740000,-598082.8929017219,299.3533585652544,705,1:10:39
65.4%,32745000,-600396.0678755348,299.87145158792356,705,1:10:38
65.4%,32750000,-598431.2566296891,299.90039944372876,705,1:10:37
65.4%,32755000,-598451.3644829714,300.9969098767154,705,1:10:36
65.5%,32760000,-598859.7636617469,300.0870640495098,705,1:10:35
65.5%,32765000,-600163.0430498277,298.50717348873894,705,1:10:33
65.5%,32770000,-598446.0469042272,298.29909237607825,705,1:10:32
65.5%,32775000,-599886.7863728753,300.01324701720654,705,1:10:31
65.5%,32780000,-598843.9574036375,297.9284862255284,705,1:10:30
65.5%,32785000,-597712.264209602,299.2477234236466,705,1:10:28
65.5%,32790000,-599832.434814502,302.17815411813524,705,1:10:27
65.5%,32795000,-599992.6696050526,299.3170510850919,705,1:10:26
65.5%,32800000,-598424.8617605665,301.74052632177194,705,1:10:25
65.5%,32805000,-599723.6272449507,300.1818069470688,705,1:10:24
65.6%,32810000,-600536.1227697432,300.38581573425176,705,1:10:22
65.6%,32815000,-599889.8617931516,301.1979993462367,705,1:10:21
65.6%,32820000,-599622.8530699117,299.3436193290216,705,1:10:20
65.6%,32825000,-601564.5922217113,300.75708425099384,705,1:10:19
65.6%,32830000,-599852.098692318,298.6617256002412,705,1:10:17
65.6%,32835000,-599487.065221013,299.02013930643926,705,1:10:16
65.6%,32840000,-600411.2971307803,299.5737302505916,705,1:10:15
65.6%,32845000,-599395.8267811332,302.3233349746226,705,1:10:14
65.6%,32850000,-599398.4875976304,300.448961311237,705,1:10:12
65.6%,32855000,-598523.3484214339,302.06940340221627,705,1:10:11
65.7%,32860000,-600732.0825716406,299.4139528057957,705,1:10:10
65.7%,32865000,-599976.9455813714,300.45744941132904,705,1:10:09
65.7%,32870000,-598104.8962868107,301.28533355527605,705,1:10:08
65.7%,32875000,-599150.6730812136,298.931014255473,705,1:10:06
65.7%,32880000,-600380.3239370431,300.53985267204905,705,1:10:05
65.7%,32885000,-599433.3586066924,300.23918748497414,705,1:10:04
65.7%,32890000,-599041.0710236505,301.83978312227003,705,1:10:03
65.7%,32895000,-599897.896610267,297.66020338562544,705,1:10:01
65.7%,32900000,-599542.4996184106,301.3365320087213,705,1:10:00
65.7%,32905000,-599178.8081833869,300.91796563944337,705,1:09:59
65.8%,32910000,-599293.0771589498,302.8818813991755,705,1:09:58
65.8%,32915000,-600301.92608487,298.1348500925057,705,1:09:57
65.8%,32920000,-600328.4684660817,300.59166442752405,705,1:09:55
65.8%,32925000,-599919.9874957222,298.47800484420304,705,1:09:54
65.8%,32930000,-600930.8336324934,298.55108591407054,705,1:09:53
65.8%,32935000,-600995.2708561304,298.4080393486468,705,1:09:52
65.8%,32940000,-599413.6284615626,300.303191684801,705,1:09:50
65.8%,32945000,-598938.0392744788,300.9573150976734,705,1:09:49
65.8%,32950000,-599121.8952791574,302.85869858245013,705,1:09:48
65.8%,32955000,-599141.7577316612,298.4376005064817,705,1:09:47
65.9%,32960000,-599816.8741303156,300.6556195631885,705,1:09:46
65.9%,32965000,-598793.5643691858,298.4550918803708,705,1:09:44
65.9%,32970000,-600086.2095044111,299.6671484157663,705,1:09:43
65.9%,32975000,-599450.8726120424,302.05696563705254,705,1:09:42
65.9%,32980000,-598658.955931643,299.2226271045884,705,1:09:41
65.9%,32985000,-598577.9048079001,300.6203669625173,705,1:09:39
65.9%,32990000,-600232.1217706557,300.736796219849,705,1:09:38
65.9%,32995000,-599301.0759884501,300.13085381443545,705,1:09:37
65.9%,33000000,-600152.9524368304,302.1793316580324,705,1:09:36
65.9%,33005000,-598976.6475607702,299.6296633957067,705,1:09:35
66.0%,33010000,-598325.828286204,300.742315938117,705,1:09:33
66.0%,33015000,-597813.5166069572,301.8407644055177,705,1:09:32
66.0%,33020000,-598988.4394079382,302.315165791586,705,1:09:31
66.0%,33025000,-599508.5136248181,300.7379001635026,705,1:09:30
66.0%,33030000,-599648.6518329787,298.8651701495568,705,1:09:28
66.0%,33035000,-599925.978316131,299.21676393718377,705,1:09:27
66.0%,33040000,-600307.7096215505,301.9007698761105,705,1:09:26
66.0%,33045000,-598918.7715989258,296.4864414289688,705,1:09:25
66.0%,33050000,-599241.7665930185,299.82790714380985,705,1:09:24
66.0%,33055000,-600033.8103214251,301.70544544566906,705,1:09:22
66.1%,33060000,-599009.1416618186,301.69347379004796,705,1:09:21
66.1%,33065000,-598492.244345671,298.46186273477946,705,1:09:20
66.1%,33070000,-599530.302121602,299.6498532985268,705,1:09:19
66.1%,33075000,-597252.9425541414,300.1670876983543,705,1:09:18
66.1%,33080000,-600255.0274331067,303.04222308183876,705,1:09:16
66.1%,33085000,-598311.4013692974,301.1465065078171,705,1:09:15
66.1%,33090000,-599570.2165934751,300.09724486320397,705,1:09:14
66.1%,33095000,-599319.7696931385,298.64995020126963,705,1:09:13
66.1%,33100000,-599056.5118126213,299.32379740741936,705,1:09:11
66.1%,33105000,-598806.1050584647,300.03279908591566,705,1:09:10
66.2%,33110000,-599038.501565821,299.63591907641035,705,1:09:09
66.2%,33115000,-599217.2239546636,300.6741658165688,705,1:09:08
66.2%,33120000,-599000.8101441129,300.25842063662776,705,1:09:07
66.2%,33125000,-599040.4248744571,300.8099263538789,705,1:09:05
66.2%,33130000,-599573.2168176714,300.03122903271947,705,1:09:04
66.2%,33135000,-599413.4411775577,302.88418741480746,705,1:09:03
66.2%,33140000,-599797.2210017676,298.5849892502763,705,1:09:02
66.2%,33145000,-600080.1835211162,299.54331046991496,705,1:09:00
66.2%,33150000,-600367.9349405034,298.9627587685339,705,1:08:59
66.2%,33155000,-598693.0878037936,297.8947055497286,705,1:08:58
66.3%,33160000,-599772.2950517628,300.0653531576559,705,1:08:57
66.3%,33165000,-598636.9067022866,298.5145576451774,705,1:08:55
66.3%,33170000,-599765.2522789021,298.5238307718675,705,1:08:54
66.3%,33175000,-599781.5946464962,300.19215948533133,705,1:08:53
66.3%,33180000,-600253.7383480696,301.14287575980086,705,1:08:52
66.3%,33185000,-599180.8833516529,300.8311711361901,705,1:08:51
66.3%,33190000,-600214.1731586815,301.52677829835625,705,1:08:49
66.3%,33195000,-600347.5518543352,300.66293012338343,705,1:08:48
66.3%,33200000,-599776.2618423719,299.97218031329317,705,1:08:47
66.3%,33205000,-599992.9669494643,301.1368408678279,705,1:08:46
66.4%,33210000,-599641.3705873047,298.99418436453936,705,1:08:44
66.4%,33215000,-599161.5619463213,303.4695964682643,705,1:08:43
66.4%,33220000,-598937.0731425541,298.5524842426984,705,1:08:42
66.4%,33225000,-599034.2175297453,299.76721477494374,705,1:08:41
66.4%,33230000,-600712.5488541033,301.62807126159316,705,1:08:40
66.4%,33235000,-600226.0084446254,300.55707419304497,705,1:08:38
66.4%,33240000,-599183.5004671975,298.7890225695404,705,1:08:37
66.4%,33245000,-600322.6445078691,300.4802642468365,705,1:08:36
66.4%,33250000,-600544.2013282795,301.0767372689104,705,1:08:35
66.4%,33255000,-600353.8200543947,299.6253702814983,705,1:08:33
66.5%,33260000,-599060.7772118519,298.2472315564409,705,1:08:32
66.5%,33265000,-598461.4517714237,301.58001291454036,705,1:08:31
66.5%,33270000,-599635.2575051691,300.9948737139766,705,1:08:30
66.5%,33275000,-601140.4760790514,299.24527021552757,705,1:08:29
66.5%,33280000,-599731.6186990738,302.1854892104113,705,1:08:27
66.5%,33285000,-599254.4495328483,300.06748744871953,705,1:08:26
66.5%,33290000,-598853.3895832775,300.53771838098544,705,1:08:25
66.5%,33295000,-597851.6852931501,297.98064143014005,705,1:08:24
66.5%,33300000,-599664.6452445919,299.95517958102783,705,1:08:22
66.5%,33305000,-599500.1423584134,298.8418156082631,705,1:08:21
66.6%,33310000,-599128.3158710552,302.4805365508935,705,1:08:20
66.6%,33315000,-599480.7726345607,301.6688681126135,705,1:08:19
66.6%,33320000,-599658.3974406952,300.4507766852451,705,1:08:18
66.6%,33325000,-600330.3422795883,300.54691791143193,705,1:08:16
66.6%,33330000,-600096.7521976624,300.0805875800754,705,1:08:15
66.6%,33335000,-599397.2213241179,301.12175363789555,705,1:08:14
66.6%,33340000,-600762.2466840651,299.6432787007676,705,1:08:13
66.6%,33345000,-598655.9943875726,299.3199949348348,705,1:08:11
66.6%,33350000,-600567.7356316983,301.42335104405566,705,1:08:10
66.6%,33355000,-599997.1911075199,301.5441715439205,705,1:08:09
66.7%,33360000,-599004.9595095101,298.37580419396204,705,1:08:08
66.7%,33365000,-599916.7215860081,302.38255541861724,705,1:08:07
66.7%,33370000,-598894.291907446,299.0387346239819,705,1:08:05
66.7%,33375000,-600571.6847065967,301.1940987453273,705,1:08:04
66.7%,33380000,-598950.0290378672,298.1739051657615,705,1:08:03
66.7%,33385000,-599292.8864224404,298.5824133817512,705,1:08:02
66.7%,33390000,-600848.7433988024,302.08898000300655,705,1:08:00
66.7%,33395000,-599839.3321710997,299.8189529341752,705,1:07:59
66.7%,33400000,-598534.1710042637,301.69612325481654,705,1:07:58
66.7%,33405000,-598765.1688846485,302.16019663470354,705,1:07:57
66.8%,33410000,-599715.6332168658,301.753773645615,705,1:07:55
66.8%,33415000,-600096.4376589255,301.5123779666972,705,1:07:54
66.8%,33420000,-600076.743328908,301.05568874324865,705,1:07:53
66.8%,33425000,-599371.280983883,301.38186729476195,705,1:07:52
66.8%,33430000,-599277.9249584787,300.4647599715239,705,1:07:51
66.8%,33435000,-600631.3554889951,300.435468666582,705,1:07:49
66.8%,33440000,-600915.8588976599,300.2912690933423,705,1:07:48
66.8%,33445000,-600166.4352400177,301.17633751854515,705,1:07:47
66.8%,33450000,-599875.316660013,304.23583149217876,705,1:07:46
66.8%,33455000,-599664.2549512349,304.00464115903634,705,1:07:44
66.9%,33460000,-597601.6130867065,300.8603152486449,705,1:07:43
66.9%,33465000,-598495.3896736396,299.369378014272,705,1:07:42
66.9%,33470000,-598188.6235304051,300.57211235881493,705,1:07:41
66.9%,33475000,-599604.9901849236,301.36501375498386,705,1:07:40
66.9%,33480000,-600622.6870066025,302.04276156204304,705,1:07:38
66.9%,33485000,-599835.8443752052,301.67325935514674,705,1:07:37
66.9%,33490000,-599670.748517782,300.4191303005089,705,1:07:36
66.9%,33495000,-599549.3938915902,298.82444689478,705,1:07:35
66.9%,33500000,-600312.9453691677,299.4154983269107,705,1:07:33
66.9%,33505000,-599935.7025921205,300.6923686208124,705,1:07:32
67.0%,33510000,-598382.4149778783,299.7171693293144,705,1:07:31
67.0%,33515000,-601258.1847730908,301.89306680261654,705,1:07:30
67.0%,33520000,-600006.1385523505,300.3702133306144,705,1:07:29
67.0%,33525000,-599558.69840272,300.49601384296096,705,1:07:27
67.0%,33530000,-598999.6258255499,299.83139069933895,705,1:07:26
67.0%,33535000,-600218.998470366,301.87569808913344,705,1:07:25
67.0%,33540000,-599467.9381756643,299.8231969842212,705,1:07:24
67.0%,33545000,-598960.9679321195,302.23752175461703,705,1:07:22
67.0%,33550000,-599005.0235632276,300.70218145328874,705,1:07:21
67.0%,33555000,-599505.277913148,298.49682095047643,705,1:07:20
67.1%,33560000,-599624.5035097688,300.6697009777921,705,1:07:19
67.1%,33565000,-599236.5594551098,302.21718465930985,705,1:07:18
67.1%,33570000,-599382.3836133969,298.32330554021365,705,1:07:16
67.1%,33575000,-599591.0413269429,299.758775739014,705,1:07:15
67.1%,33580000,-598827.9480855148,300.7919688704472,705,1:07:14
67.1%,33585000,-599370.6772935507,299.02036009516996,705,1:07:13
67.1%,33590000,-599587.9353140625,298.78602965563516,705,1:07:11
67.1%,33595000,-598931.3336567944,301.5288635252574,705,1:07:10
67.1%,33600000,-599587.3790860036,301.12334822317297,705,1:07:09
67.1%,33605000,-599308.3364810497,299.3468575637388,705,1:07:08
67.2%,33610000,-600349.0621749144,299.19390003751397,705,1:07:07
67.2%,33615000,-597828.9065582296,301.24924686384435,705,1:07:05
67.2%,33620000,-601108.4788473914,300.8405423912051,705,1:07:04
67.2%,33625000,-600108.537109402,302.7780616315759,705,1:07:03
67.2%,33630000,-599686.115230828,300.1210164498779,705,1:07:02
67.2%,33635000,-599750.5915424633,298.42266046903654,705,1:07:00
67.2%,33640000,-601035.410657146,302.067440835721,705,1:06:59
67.2%,33645000,-599742.908957262,299.0396423109859,705,1:06:58
67.2%,33650000,-599859.6099867611,299.20516026278057,705,1:06:57
67.2%,33655000,-598836.4887587484,298.93430155435254,705,1:06:56
67.3%,33660000,-598262.0186613086,300.9263065470482,705,1:06:54
67.3%,33665000,-599744.097980326,299.15197471075885,705,1:06:53
67.3%,33670000,-598203.6827454595,297.5224802818201,705,1:06:52
67.3%,33675000,-599427.9799448419,302.9057756462554,705,1:06:51
67.3%,33680000,-599869.489264885,299.3906963928268,705,1:06:49
67.3%,33685000,-600528.1337360465,299.5189501132925,705,1:06:48
67.3%,33690000,-598538.3882639627,303.7054969609953,705,1:06:47
67.3%,33695000,-598970.2429949767,299.13988039473173,705,1:06:46
67.3%,33700000,-599395.9463747307,302.345242123126,705,1:06:44
67.3%,33705000,-599970.2590455045,300.0575519558372,705,1:06:43
67.4%,33710000,-599012.4634884046,300.12921016499564,705,1:06:42
67.4%,33715000,-600052.6065424262,302.3601085643277,705,1:06:41
67.4%,33720000,-600635.6598886312,300.3050070588091,705,1:06:40
67.4%,33725000,-599929.7790360735,299.3273054950297,705,1:06:38
67.4%,33730000,-598776.3200643002,299.9907510987546,705,1:06:37
67.4%,33735000,-598494.9133637147,300.49176979291497,705,1:06:36
67.4%,33740000,-599832.9243811858,300.4035524289527,705,1:06:35
67.4%,33745000,-599933.9289568923,300.4115253553398,705,1:06:33
67.4%,33750000,-600149.9484787355,299.1504782538061,705,1:06:32
67.4%,33755000,-599205.2949218466,301.26296029723,705,1:06:31
67.5%,33760000,-599049.8631272614,299.26727549235574,705,1:06:30
67.5%,33765000,-599888.8313010088,300.58361790489346,705,1:06:29
67.5%,33770000,-599395.5260831299,298.34315199389704,705,1:06:27
67.5%,33775000,-598325.8856145693,298.4900500960677,705,1:06:26
67.5%,33780000,-598082.9136836356,302.42430902080406,705,1:06:25
67.5%,33785000,-600484.5062270011,299.96168058254347,705,1:06:24
67.5%,33790000,-600539.9831235674,298.168704364549,705,1:06:22
67.5%,33795000,-599072.9708183985,300.4116234836645,705,1:06:21
67.5%,33800000,-600790.391419976,300.32657075817593,705,1:06:20
67.5%,33805000,-599846.8576505147,298.5148029659893,705,1:06:19
67.6%,33810000,-598569.1818753709,300.52653175196235,705,1:06:18
67.6%,33815000,-598686.1882210891,298.6884901008204,705,1:06:16
67.6%,33820000,-600406.8691956145,299.85327331576116,705,1:06:15
67.6%,33825000,-599368.6451397627,301.73733715121716,705,1:06:14
67.6%,33830000,-598990.4325824003,300.6142584743008,705,1:06:13
67.6%,33835000,-598580.8796068272,299.4330387649622,705,1:06:11
67.6%,33840000,-598996.4248891706,301.5239080448569,705,1:06:10
67.6%,33845000,-599553.1603544578,298.30851269525556,705,1:06:09
67.6%,33850000,-599302.077983492,300.0603240810118,705,1:06:08
67.6%,33855000,-598653.4068673546,300.9046692514379,705,1:06:07
67.7%,33860000,-599304.9942200053,300.2777764486873,705,1:06:05
67.7%,33865000,-599942.2175272335,302.5310971702277,705,1:06:04
67.7%,33870000,-599245.5185557189,300.0022075806707,705,1:06:03
67.7%,33875000,-598911.4878240963,300.8536915867233,705,1:06:02
67.7%,33880000,-600149.9163140454,302.9393600654056,705,1:06:00
67.7%,33885000,-598218.3880733815,298.81257336748365,705,1:05:59
67.7%,33890000,-599305.543152309,299.4566386270678,705,1:05:58
67.7%,33895000,-600039.8018519972,301.5924016155417,705,1:05:57
67.7%,33900000,-600458.1270480277,299.27205924818793,705,1:05:56
67.7%,33905000,-599848.104149479,299.69371665969595,705,1:05:54
67.8%,33910000,-599303.8906908869,300.27478353478205,705,1:05:53
67.8%,33915000,-599428.4014750076,301.3964638830705,705,1:05:52
67.8%,33920000,-600194.2452141242,301.59284319300315,705,1:05:51
67.8%,33925000,-599201.9608511697,297.3404522393841,705,1:05:49
67.8%,33930000,-599034.0288771619,300.645904859037,705,1:05:48
67.8%,33935000,-599163.4961963654,298.5002309097619,705,1:05:47
67.8%,33940000,-600096.4411304262,299.14807410984946,705,1:05:46
67.8%,33945000,-600567.2094829972,302.3294925270015,705,1:05:45
67.8%,33950000,-599034.4975180263,299.90587009783434,705,1:05:43
67.8%,33955000,-599617.3363319249,301.3021380308918,705,1:05:42
67.9%,33960000,-600313.1156789884,303.0313799019524,705,1:05:41
67.9%,33965000,-599242.5763171553,300.5706894981059,705,1:05:40
67.9%,33970000,-599417.2077781293,301.1702044982474,705,1:05:38
67.9%,33975000,-599953.6630460657,298.5216719487227,705,1:05:37
67.9%,33980000,-599471.9308993872,298.38075967436254,705,1:05:36
67.9%,33985000,-600030.3334485311,299.72732561092744,705,1:05:35
67.9%,33990000,-599680.5571125895,301.0155051942581,705,1:05:33
67.9%,33995000,-599154.1800743155,300.7526684763795,705,1:05:32
67.9%,34000000,-599086.1644196478,301.3893741116064,705,1:05:31
67.9%,34005000,-600301.1831618315,297.509993452494,705,1:05:30
68.0%,34010000,-599411.0719152298,300.08968898219723,705,1:05:29
68.0%,34015000,-599561.9755438743,300.4157694053858,705,1:05:27
68.0%,34020000,-599951.3094199039,300.65292103425753,705,1:05:26
68.0%,34025000,-599054.1385376588,303.0254676703854,705,1:05:25
68.0%,34030000,-600517.250613729,300.29269195405135,705,1:05:24
68.0%,34035000,-599226.8126807204,301.9852583637317,705,1:05:22
68.0%,34040000,-599417.3724541655,300.79000630395194,705,1:05:21
68.0%,34045000,-600007.5194133958,302.83262098014427,705,1:05:20
68.0%,34050000,-600594.872279638,295.3404988523826,705,1:05:19
68.0%,34055000,-599495.5993482545,297.0009772998653,705,1:05:18
68.1%,34060000,-599652.1640097913,300.7636343166718,705,1:05:16
68.1%,34065000,-597751.5312730623,300.61327719105316,705,1:05:15
68.1%,34070000,-599158.2667618515,297.82878784756883,705,1:05:14
68.1%,34075000,-598902.1686212565,300.18435828351267,705,1:05:13
68.1%,34080000,-600181.2010238939,301.51836379450776,705,1:05:11
68.1%,34085000,-599799.7484250553,300.73058960330775,705,1:05:10
68.1%,34090000,-600205.9205096555,301.81044275316583,705,1:05:09
68.1%,34095000,-600421.8057760741,300.0859601058562,705,1:05:08
68.1%,34100000,-599387.2869805987,303.2401233808052,705,1:05:07
68.1%,34105000,-598930.5823865002,298.62784679611667,705,1:05:05
68.2%,34110000,-599267.6085906154,300.0951105721404,705,1:05:04
68.2%,34115000,-600427.4449318391,300.8691958620359,705,1:05:03
68.2%,34120000,-599830.262675513,301.892355372262,705,1:05:02
68.2%,34125000,-597613.1054503475,299.3641036168159,705,1:05:00
68.2%,34130000,-599942.014707223,298.60684733461727,705,1:04:59
68.2%,34135000,-598969.3163855891,301.29021543943304,705,1:04:58
68.2%,34140000,-599263.5533145405,301.001620036304,705,1:04:57
68.2%,34145000,-598994.9981219401,299.4116467901638,705,1:04:56
68.2%,34150000,-600607.9567584326,302.2770429374155,705,1:04:54
68.2%,34155000,-600407.6911509503,299.9083723701157,705,1:04:53
68.3%,34160000,-599001.4341067551,300.81961652594924,705,1:04:52
68.3%,34165000,-599767.6511535365,301.9950711962081,705,1:04:51
68.3%,34170000,-600216.1505742967,298.9016248222063,705,1:04:49
68.3%,34175000,-599712.4169483962,299.1426770519875,705,1:04:48
68.3%,34180000,-597945.6327166716,301.7192815394607,705,1:04:47
68.3%,34185000,-601372.2912480822,301.41734068416395,705,1:04:46
68.3%,34190000,-598035.171291403,302.6172047752076,705,1:04:45
68.3%,34195000,-599721.5066133854,302.7594663140332,705,1:04:43
68.3%,34200000,-599762.7278817669,299.38598623323816,705,1:04:42
68.3%,34205000,-598968.7736065309,298.41691996203787,705,1:04:41
68.4%,34210000,-600324.7021419108,301.6110459972468,705,1:04:40
68.4%,34215000,-601156.1249466632,300.4739840340516,705,1:04:38
68.4%,34220000,-600329.3997657476,301.44138212373093,705,1:04:37
68.4%,34225000,-599438.3000864983,302.6260363244363,705,1:04:36
68.4%,34230000,-600316.8479939741,300.679072232807,705,1:04:35
68.4%,34235000,-598155.1994537483,300.3683488924439,705,1:04:34
68.4%,34240000,-599558.7976549626,302.6453676044146,705,1:04:32
68.4%,34245000,-599597.9726462164,298.5492705400624,705,1:04:31
68.4%,34250000,-599044.7146803574,301.26040896078615,705,1:04:30
68.4%,34255000,-599335.955187832,298.9486773539304,705,1:04:29
68.5%,34260000,-599220.9703212134,299.2190944848969,705,1:04:27
68.5%,34265000,-598796.4660100914,298.6351818883927,705,1:04:26
68.5%,34270000,-598875.7422541599,298.21381886185895,705,1:04:25
68.5%,34275000,-599249.4597309935,300.85879425961105,705,1:04:24
68.5%,34280000,-600030.3871053145,298.08117389886013,705,1:04:23
68.5%,34285000,-598751.8578112368,302.40608168447926,705,1:04:21
68.5%,34290000,-599509.3763296534,299.4433913032247,705,1:04:20
68.5%,34295000,-599464.8587327981,299.60309515177704,705,1:04:19
68.5%,34300000,-598801.5349917556,299.7877235948193,705,1:04:18
68.5%,34305000,-598117.232089573,301.08402329702403,705,1:04:16
68.6%,34310000,-599972.2722163927,299.47081816999605,705,1:04:15
68.6%,34315000,-600066.2101613991,302.5982905406094,705,1:04:14
68.6%,34320000,-599736.0293068923,302.79265821988446,705,1:04:13
68.6%,34325000,-600151.1363252322,300.0070404006653,705,1:04:11
68.6%,34330000,-599912.7749577323,298.85795771768665,705,1:04:10
68.6%,34335000,-600511.8161031012,295.93898350511415,705,1:04:09
68.6%,34340000,-599815.6092537232,299.33677487836934,705,1:04:08
68.6%,34345000,-600475.678738202,299.73954258736046,705,1:04:07
68.6%,34350000,-599118.6302017597,296.7670393736296,705,1:04:05
68.6%,34355000,-599816.8591128075,299.5016795281341,705,1:04:04
68.7%,34360000,-598332.1726130615,299.5648741692817,705,1:04:03
68.7%,34365000,-599053.5211300096,298.47623853435726,705,1:04:02
68.7%,34370000,-599948.308218298,302.1810243716346,705,1:04:00
68.7%,34375000,-598268.3984937076,297.95704156803447,705,1:03:59
68.7%,34380000,-599897.8236452006,300.077054960384,705,1:03:58
68.7%,34385000,-599174.2637842605,300.79052147765697,705,1:03:57
68.7%,34390000,-598763.4458367792,298.55670376066325,705,1:03:56
68.7%,34395000,-600353.3782512122,301.4882874629678,705,1:03:54
68.7%,34400000,-598723.4940444147,299.57252817861325,705,1:03:53
68.7%,34405000,-599659.7553932555,298.17542615479533,705,1:03:52
68.8%,34410000,-599380.8474210077,303.25096656069155,705,1:03:51
68.8%,34415000,-599307.0515550319,302.3004465428715,705,1:03:49
68.8%,34420000,-600145.1616007988,301.2200536872273,705,1:03:48
68.8%,34425000,-599968.1208117455,300.2284669654938,705,1:03:47
68.8%,34430000,-599322.424167525,300.6353560641249,705,1:03:46
68.8%,34435000,-599581.1672894312,300.9650427032485,705,1:03:45
68.8%,34440000,-598666.5351192104,301.26185635357643,705,1:03:43
68.8%,34445000,-600018.1380092269,301.73488394309805,705,1:03:42
68.8%,34450000,-599492.5261312369,304.4665311836974,705,1:03:41
68.8%,34455000,-598797.2414952815,299.34771618658044,705,1:03:40
68.9%,34460000,-599774.5347227226,301.3085163720014,705,1:03:39
68.9%,34465000,-599422.4330804949,299.3157263527076,705,1:03:37
68.9%,34470000,-599511.1436540508,301.4761931469407,705,1:03:36
68.9%,34475000,-601014.5374484109,298.3327749235533,705,1:03:35
68.9%,34480000,-598827.8946240214,301.6893033362455,705,1:03:34
68.9%,34485000,-598713.1495737056,301.8819292377559,705,1:03:32
68.9%,34490000,-599558.5033498388,299.383778345931,705,1:03:31
68.9%,34495000,-600637.2056938522,298.1462329781782,705,1:03:30
68.9%,34500000,-599524.361763725,297.8518480038882,705,1:03:29
68.9%,34505000,-599004.1132997884,304.057556858165,705,1:03:27
69.0%,34510000,-599390.153958662,301.19216071091324,705,1:03:26
69.0%,34515000,-599073.2474942328,302.61249461561897,705,1:03:25
69.0%,34520000,-600418.9375633453,300.56512071567556,705,1:03:24
69.0%,34525000,-599799.6941308235,301.42995017389603,705,1:03:23
69.0%,34530000,-599264.0479362556,300.1411818206168,705,1:03:21
69.0%,34535000,-597771.6828874396,299.1916430860444,705,1:03:20
69.0%,34540000,-600872.1849987577,301.7790907534039,705,1:03:19
69.0%,34545000,-600602.615070078,301.124378570583,705,1:03:18
69.0%,34550000,-600164.9817908723,300.01280543974514,705,1:03:16
69.0%,34555000,-599351.0483377106,296.7853893703603,705,1:03:15
69.1%,34560000,-599483.5705153788,299.66126071628054,705,1:03:14
69.1%,34565000,-599623.8766691457,298.8188535802685,705,1:03:13
69.1%,34570000,-598280.6816694974,299.572503646532,705,1:03:12
69.1%,34575000,-599489.0152720558,300.8508458653052,705,1:03:10
69.1%,34580000,-599158.795463643,300.660427851102,705,1:03:09
69.1%,34585000,-598961.8093589395,299.5489283165077,705,1:03:08
69.1%,34590000,-599502.4385263282,300.5656358893806,705,1:03:07
69.1%,34595000,-599231.8383749616,304.1175377966766,705,1:03:05
69.1%,34600000,-599109.5449949354,297.7603924052088,705,1:03:04
69.1%,34605000,-598407.1283991421,299.2988482808483,705,1:03:03
69.2%,34610000,-599752.9037529826,300.1849470534612,705,1:03:02
69.2%,34615000,-600048.2521748701,298.7760941627529,705,1:03:01
69.2%,34620000,-598561.2675075149,298.97006932872875,705,1:02:59
69.2%,34625000,-598536.6017659865,298.72690733996524,705,1:02:58
69.2%,34630000,-599629.8521718206,299.3352293572543,705,1:02:57
69.2%,34635000,-600696.5304253148,301.3918763838878,705,1:02:56
69.2%,34640000,-599978.5580567298,299.63204300758224,705,1:02:54
69.2%,34645000,-599663.8278220706,299.2528751606967,705,1:02:53
69.2%,34650000,-599462.5198193346,297.2745590693055,705,1:02:52
69.2%,34655000,-599997.8100003134,302.159607864755,705,1:02:51
69.3%,34660000,-600113.2825165424,302.8990293239279,705,1:02:50
69.3%,34665000,-598613.3025353081,300.71498719967036,705,1:02:48
69.3%,34670000,-599018.3226084551,301.8199612006679,705,1:02:47
69.3%,34675000,-600507.2631373405,301.8621563803161,705,1:02:46
69.3%,34680000,-599820.3478989587,301.4551200891978,705,1:02:45
69.3%,34685000,-600004.7376000369,303.0407511569673,705,1:02:43
69.3%,34690000,-599372.3521997491,300.6910929525905,705,1:02:42
69.3%,34695000,-599922.5879903696,302.82935821334587,705,1:02:41
69.3%,34700000,-598405.1786728804,300.64168534107216,705,1:02:40
69.3%,34705000,-600849.730329616,298.02494636877077,705,1:02:39
69.4%,34710000,-599770.1395154996,300.59899951980015,705,1:02:37
69.4%,34715000,-599811.5251829056,299.601672291068,705,1:02:36
69.4%,34720000,-598845.8356801849,298.1946593064489,705,1:02:35
69.4%,34725000,-598478.550313476,300.47511250978636,705,1:02:34
69.4%,34730000,-599779.0996156018,300.6108485150153,705,1:02:32
69.4%,34735000,-600634.4216358811,301.70382632831047,705,1:02:31
69.4%,34740000,-601265.8679363378,301.6417601628977,705,1:02:30
69.4%,34745000,-599382.3783303648,297.91337446351486,705,1:02:29
69.4%,34750000,-599435.694005596,299.0220528087721,705,1:02:28
69.4%,34755000,-598868.4461749429,301.24848636932745,705,1:02:26
69.5%,34760000,-600450.2018602798,300.681770761738,705,1:02:25
69.5%,34765000,-600601.2566159084,299.9806929454664,705,1:02:24
69.5%,34770000,-598770.3090943168,298.32980654172917,705,1:02:23
69.5%,34775000,-599345.9929008018,300.13298810549907,705,1:02:21
69.5%,34780000,-599662.2967258161,299.3429569628294,705,1:02:20
69.5%,34785000,-599662.0514646815,296.93371033324007,705,1:02:19
69.5%,34790000,-599395.9286516244,300.49100929839807,705,1:02:18
69.5%,34795000,-599568.3309136131,299.80867399215623,705,1:02:17
69.5%,34800000,-599759.8006489109,300.0413362501701,705,1:02:15
69.5%,34805000,-600301.1873534252,301.9990944575233,705,1:02:14
69.6%,34810000,-598704.2096489761,296.9073138138788,705,1:02:13
69.6%,34815000,-598706.9992097099,299.9998279687952,705,1:02:12
69.6%,34820000,-599843.2071018983,301.11574327800383,705,1:02:10
69.6%,34825000,-600405.1445306195,299.4689046676632,705,1:02:09
69.6%,34830000,-600941.6218613377,298.1526603834502,705,1:02:08
69.6%,34835000,-598583.367056909,302.09540740827856,705,1:02:07
69.6%,34840000,-599815.180439123,300.3236023763518,705,1:02:06
69.6%,34845000,-600464.3251545997,302.78983703054746,705,1:02:04
69.6%,34850000,-601154.9160627392,298.5216719487227,705,1:02:03
69.6%,34855000,-598525.2717398359,300.24394670872516,705,1:02:02
69.7%,34860000,-599910.2887788848,302.61197944191395,705,1:02:01
69.7%,34865000,-599475.2926584799,299.0911106173244,705,1:01:59
69.7%,34870000,-600345.4220760544,300.3149670837727,705,1:01:58
69.7%,34875000,-600093.658567111,300.6503942298949,705,1:01:57
69.7%,34880000,-599391.2340528993,299.89708761276796,705,1:01:56
69.7%,34885000,-599766.2848424101,300.59767478741577,705,1:01:55
69.7%,34890000,-599762.0359998047,298.64555895873644,705,1:01:53
69.7%,34895000,-599324.5628870982,300.2754459009742,705,1:01:52
69.7%,34900000,-599479.8014721693,301.9477242795097,705,1:01:51
69.7%,34905000,-600242.1695041978,300.53492172372967,705,1:01:50
69.8%,34910000,-598874.750090017,299.21359929871016,705,1:01:48
69.8%,34915000,-599851.6934074764,302.107673448874,705,1:01:47
69.8%,34920000,-600847.3202298731,298.1002107938642,705,1:01:46
69.8%,34925000,-599701.4872963782,297.5347953865779,705,1:01:45
69.8%,34930000,-599781.0661881957,296.3431986068955,705,1:01:44
69.8%,34935000,-598847.4690985805,300.7083635377488,705,1:01:42
69.8%,34940000,-599900.7781507988,300.588573385294,705,1:01:41
69.8%,34945000,-598419.9983967706,299.6073146697418,705,1:01:40
69.8%,34950000,-600193.7510815882,302.51137337695036,705,1:01:39
69.8%,34955000,-599457.8959770887,299.3985711908891,705,1:01:37
69.9%,34960000,-598794.8207674278,299.4756755220718,705,1:01:36
69.9%,34965000,-598771.5281449356,301.14567241705663,705,1:01:35
69.9%,34970000,-599288.1894782367,297.559106679038,705,1:01:34
69.9%,34975000,-598755.8476011641,299.9029017160102,705,1:01:33
69.9%,34980000,-599150.183040461,298.8434101935405,705,1:01:31
69.9%,34985000,-599387.5953580732,297.6393511166132,705,1:01:30
69.9%,34990000,-598114.5024114102,299.6346924723508,705,1:01:29
69.9%,34995000,-599688.2471646965,298.3594903599701,705,1:01:28
69.9%,35000000,-599541.9522487447,298.86926700711564,705,1:01:26
69.9%,35005000,-599122.2326444983,300.1433161116804,705,1:01:25
70.0%,35010000,-601201.184056642,300.7422668739546,705,1:01:24
70.0%,35015000,-598814.3104641181,302.8136822134649,705,1:01:23
70.0%,35020000,-597615.0997457583,300.1261436548468,705,1:01:22
70.0%,35025000,-600976.6568584838,300.70507623886925,705,1:01:20
70.0%,35030000,-599242.9742144924,302.7037539576488,705,1:01:19
70.0%,35035000,-598395.2141179098,298.79500839735095,705,1:01:18
70.0%,35040000,-598791.2577349124,300.31074756580784,705,1:01:17
70.0%,35045000,-600184.124511621,302.0449694493502,705,1:01:15
70.0%,35050000,-598962.80870221,300.56727953882034,705,1:01:14
70.0%,35055000,-600465.645611445,296.78691035939414,705,1:01:13
70.0%,35060000,-599139.1517704194,299.5956864632574,705,1:01:12
70.1%,35065000,-600403.2200380075,298.44856634677404,705,1:01:11
70.1%,35070000,-598725.6456639087,299.1644615400849,705,1:01:09
70.1%,35075000,-600282.5949846446,300.94335634347584,705,1:01:08
70.1%,35080000,-599414.3803065228,299.5328352712465,705,1:01:07
70.1%,35085000,-599568.5598746347,300.27745753163185,705,1:01:06
70.1%,35090000,-599601.2833428625,301.82886634614016,705,1:01:04
70.1%,35095000,-599220.8351296536,301.0041223085855,705,1:01:03
70.1%,35100000,-599215.4057970601,301.86924615178026,705,1:01:02
70.1%,35105000,-600432.2162852352,301.0480837980795,705,1:01:01
70.1%,35110000,-600251.9952822002,301.99943790666003,705,1:00:59
70.2%,35115000,-599994.5473391465,301.90199648017,705,1:00:58
70.2%,35120000,-599747.0825561997,299.2314831858983,705,1:00:57
70.2%,35125000,-599735.0498990305,300.23889309999987,705,1:00:56
70.2%,35130000,-598452.1768906759,301.4032592695604,705,1:00:55
70.2%,35135000,-599746.4835728039,303.9698546679078,705,1:00:53
70.2%,35140000,-598836.1733586467,300.02936459454895,705,1:00:52
70.2%,35145000,-599349.9432579512,299.2649204125614,705,1:00:51
70.2%,35150000,-600263.4054904724,298.14947121289543,705,1:00:50
70.2%,35155000,-599401.6394866128,299.5397042539799,705,1:00:48
70.2%,35160000,-599810.6010659202,300.83514533334306,705,1:00:47
70.3%,35165000,-598305.2955098925,302.1286483782921,705,1:00:46
70.3%,35170000,-599063.2035345291,299.56072824756046,705,1:00:45
70.3%,35175000,-599403.5410417481,300.8995911106314,705,1:00:44
70.3%,35180000,-599869.3689679615,299.761081754646,705,1:00:42
70.3%,35185000,-600046.8750614361,298.2938425107034,705,1:00:41
70.3%,35190000,-599317.9331779773,300.42656352110976,705,1:00:40
70.3%,35195000,-601375.7766695307,302.2139464245927,705,1:00:39
70.3%,35200000,-598990.3773495127,301.1906151897982,705,1:00:37
70.3%,35205000,-599194.4424230191,300.9062147725529,705,1:00:36
70.3%,35210000,-599797.6899408964,300.96339905380876,705,1:00:35
70.4%,35215000,-600108.640043912,301.30518000895944,705,1:00:34
70.4%,35220000,-598588.3080075025,297.76520069312215,705,1:00:33
70.4%,35225000,-599276.0234645521,300.2596717727685,705,1:00:31
70.4%,35230000,-598773.9561495082,300.62701515652003,705,1:00:30
70.4%,35235000,-599705.0187856103,301.71859464118734,705,1:00:29
70.4%,35240000,-600588.818660656,299.1862460281824,705,1:00:28
70.4%,35245000,-600002.3828609753,299.32372381117585,705,1:00:26
70.4%,35250000,-599957.7144825016,301.0132973069509,705,1:00:25
70.4%,35255000,-600286.2862563259,299.718788446673,705,1:00:24
70.4%,35260000,-599802.9211571477,300.4903959963683,705,1:00:23
70.5%,35265000,-598861.0081809475,300.10838242806466,705,1:00:22
70.5%,35270000,-600373.1391185243,301.84346293444867,705,1:00:20
70.5%,35275000,-598886.3032079348,301.9159307022864,705,1:00:19
70.5%,35280000,-600943.8761256202,299.4297759981638,705,1:00:18
70.5%,35285000,-600470.255588193,300.32384769716367,705,1:00:17
70.5%,35290000,-598702.5757837249,298.92439059355144,705,1:00:15
70.5%,35295000,-599978.1649159812,301.49172195433454,705,1:00:14
70.5%,35300000,-599884.9297667639,302.3416604392721,705,1:00:13
70.5%,35305000,-599685.8171771206,299.49515399453736,705,1:00:12
70.5%,35310000,-598719.7466962147,301.0560567244665,705,1:00:11
70.6%,35315000,-599038.5632319767,299.0770782668832,705,1:00:09
70.6%,35320000,-599742.2914885855,300.3520841226144,705,1:00:08
70.6%,35325000,-600124.1543669705,300.0799497459645,705,1:00:07
70.6%,35330000,-600124.6361178756,302.34850488992436,705,1:00:06
70.6%,35335000,-598646.7083474421,299.15666033826625,705,1:00:04
70.6%,35340000,-599036.9003296779,301.13473110884553,705,1:00:03
70.6%,35345000,-599681.8431647494,299.94752557169636,705,1:00:02
70.6%,35350000,-598291.1230073725,300.2073448435885,705,1:00:01
70.6%,35355000,-598776.9314439613,299.17662945235554,705,1:00:00
70.6%,35360000,-600003.1147455554,300.26784095580507,705,59:58
70.7%,35365000,-600109.9385777889,299.36331859021783,705,59:57
70.7%,35370000,-598556.1587030869,299.9927136652499,705,59:56
70.7%,35375000,-600351.3260773909,302.74096912481536,705,59:55
70.7%,35380000,-599719.6609319034,302.1469002466981,705,59:53
70.7%,35385000,-599668.94345325,301.23369352436936,705,59:52
70.7%,35390000,-599725.2789126262,300.7718034997083,705,59:51
70.7%,35395000,-598864.9018624732,299.6515950762913,705,59:50
70.7%,35400000,-599217.5091145723,300.0411399935206,705,59:49
70.7%,35405000,-600258.3081782316,300.47874325780265,705,59:47
70.7%,35410000,-598282.8798455014,301.30785400580925,705,59:46
70.8%,35415000,-599395.0107017742,301.582662379309,705,59:45
70.8%,35420000,-598869.0258506397,298.94742621778965,705,59:44
70.8%,35425000,-599828.0241153049,300.7903742851698,705,59:42
70.8%,35430000,-599312.8243607082,300.4991539493534,705,59:41
70.8%,35435000,-599384.8039078084,298.8121808541846,705,59:40
70.8%,35440000,-599272.3465947532,300.3891275652125,705,59:39
70.8%,35445000,-598894.3356116363,302.62505504118866,705,59:38
70.8%,35450000,-599944.8203040585,299.7512443900885,705,59:36
70.8%,35455000,-598942.112224326,300.1676028720593,705,59:35
70.8%,35460000,-599803.0370066972,301.2621016743883,705,59:34
70.9%,35465000,-600106.0870389147,299.80030855247014,705,59:33
70.9%,35470000,-597740.4686199627,301.1131674094788,705,59:31
70.9%,35475000,-600220.8151034545,299.3534566935791,705,59:30
70.9%,35480000,-599208.3452815372,300.39418117393785,705,59:29
70.9%,35485000,-599265.8276700806,296.82920366736715,705,59:28
70.9%,35490000,-600078.6046536323,297.926768979845,705,59:27
70.9%,35495000,-598034.0042139813,299.895542091653,705,59:25
70.9%,35500000,-598386.7508790698,301.3506134233249,705,59:24
70.9%,35505000,-598913.4900864065,302.2486593194777,705,59:23
70.9%,35510000,-598057.2423119415,296.6167558442545,705,59:22
71.0%,35515000,-599673.5423181592,298.2802762698049,705,59:20
71.0%,35520000,-599662.6916134302,299.82672960391267,705,59:19
71.0%,35525000,-601127.568854738,302.2859480828878,705,59:18
71.0%,35530000,-599673.8426798736,298.96150763239314,705,59:17
71.0%,35535000,-599362.2766654906,299.6932996143157,705,59:16
71.0%,35540000,-598259.6290852982,297.4012918007374,705,59:14
71.0%,35545000,-599951.1509949393,301.5133101857825,705,59:13
71.0%,35550000,-598038.067329017,301.0174432286721,705,59:12
71.0%,35555000,-598873.3261401244,300.09653343284947,705,59:11
71.0%,35560000,-598846.0818385077,300.75730503972454,705,59:09
71.1%,35565000,-601098.9114536936,297.54823896707046,705,59:08
71.1%,35570000,-599453.2103235684,302.8981707010862,705,59:07
71.1%,35575000,-597959.102350275,300.4745728040002,705,59:06
71.1%,35580000,-600276.8077537282,299.52491140902185,705,59:04
71.1%,35585000,-598257.9147959333,300.2789785206657,705,59:03
71.1%,35590000,-600322.8772713277,300.5169151761356,705,59:02
71.1%,35595000,-599542.2633569185,299.67293798692737,705,59:01
71.1%,35600000,-599422.7517137672,301.081447428499,705,59:00
71.1%,35605000,-600529.084367679,302.85075018814433,705,58:58
71.1%,35610000,-601404.3460317301,299.5291063949055,705,58:57
71.2%,35615000,-599401.282830386,297.4813154495818,705,58:56
71.2%,35620000,-599743.1886985949,300.64220051477713,705,58:55
71.2%,35625000,-599484.9951111441,300.79793016617657,705,58:53
71.2%,35630000,-601294.0972029427,299.1885275117331,705,58:52
71.2%,35635000,-598566.9463946437,299.10293508045834,705,58:51
71.2%,35640000,-599510.9921916281,301.8287436857342,705,58:50
71.2%,35645000,-598771.4644262022,301.86088071209423,705,58:49
71.2%,35650000,-598816.6492026546,301.2814329543667,705,58:47
71.2%,35655000,-599483.9275696548,299.05652038284524,705,58:46
71.2%,35660000,-599389.8504501339,299.25113338293215,705,58:45
71.3%,35665000,-599138.3648564466,301.50335016081897,705,58:44
71.3%,35670000,-597399.6274525025,298.5287862522681,705,58:42
71.3%,35675000,-600353.1251364728,300.24556582608375,705,58:41
71.3%,35680000,-599022.3292758339,299.01113603264224,705,58:40
71.3%,35685000,-599296.9860557076,300.35134816017865,705,58:39
71.3%,35690000,-599661.7487016595,298.0607141431469,705,58:38
71.3%,35695000,-598857.695558806,299.978975699783,705,58:36
71.3%,35700000,-598777.9041407639,302.01082079233254,705,58:35
71.3%,35705000,-600211.8689112007,295.9378550293794,705,58:34
71.3%,35710000,-598426.8447316508,301.6172771458692,705,58:33
71.4%,35715000,-599042.9456637101,302.9929381307264,705,58:31
71.4%,35720000,-600087.22499015,302.5109317994889,705,58:30
71.4%,35725000,-600528.1525008725,298.86122048448505,705,58:29
71.4%,35730000,-600518.0246293978,299.2208362626615,705,58:28
71.4%,35735000,-598987.606350089,299.14341301442323,705,58:27
71.4%,35740000,-599220.7365543116,300.76753491758114,705,58:25
71.4%,35745000,-599666.1727009574,300.7076766394755,705,58:24
71.4%,35750000,-599728.8749953862,300.36839795660626,705,58:23
71.4%,35755000,-600186.3322915491,298.00438848473283,705,58:22
71.4%,35760000,-597910.9061776758,298.56578063070384,705,58:20
71.5%,35765000,-599932.430893349,298.41451581808116,705,58:19
71.5%,35770000,-599064.6205731323,299.7693981301697,705,58:18
71.5%,35775000,-599841.4913669568,298.9778214663851,705,58:17
71.5%,35780000,-600524.1647451743,300.259352855713,705,58:16
71.5%,35785000,-600516.3705006223,301.02566147587106,705,58:14
71.5%,35790000,-601002.6933963937,298.50211988001365,705,58:13
71.5%,35795000,-599861.3592501092,299.3949404428728,705,58:12
71.5%,35800000,-598669.4841130055,303.04470082203903,705,58:11
71.5%,35805000,-598189.9891539072,300.46314085416526,705,58:09
71.5%,35810000,-599795.6999463406,299.3246560302611,705,58:08
71.6%,35815000,-599040.1152047352,299.0394215222553,705,58:07
71.6%,35820000,-598975.2006103909,303.71351895154476,705,58:06
71.6%,35825000,-601135.585177917,303.18303722787414,705,58:04
71.6%,35830000,-598923.2854236155,302.27316686858734,705,58:03
71.6%,35835000,-600277.0261978884,299.8899487771414,705,58:02
71.6%,35840000,-599957.4082860239,297.6918007061992,705,58:01
71.6%,35845000,-600516.7246891167,302.2542771660704,705,58:00
71.6%,35850000,-598764.1229487173,299.8387012595338,705,57:58
71.6%,35855000,-599472.8118484695,300.6958767084227,705,57:57
71.6%,35860000,-599510.3037131876,297.54186062596085,705,57:56
71.7%,35865000,-599810.9220363977,301.9066085114339,705,57:55
71.7%,35870000,-599382.3690011753,301.9834429897236,705,57:53
71.7%,35875000,-599323.4802030423,299.6403839151871,705,57:52
71.7%,35880000,-599852.2225732091,298.5400710096158,705,57:51
71.7%,35885000,-599733.8772133072,299.4186629653843,705,57:50
71.7%,35890000,-597942.285759103,299.33022481269137,705,57:49
71.7%,35895000,-599310.7172083543,301.37247150766586,705,57:47
71.7%,35900000,-599547.3681421285,300.8063692021062,705,57:46
71.7%,35905000,-599061.1911788131,300.39739487657386,705,57:45
71.7%,35910000,-600017.4419771605,302.7281879105149,705,57:44
71.8%,35915000,-599231.3563946676,302.7859854938005,705,57:42
71.8%,35920000,-599649.406595008,300.7341467550804,705,57:41
71.8%,35925000,-600997.7614261042,300.1129944593285,705,57:40
71.8%,35930000,-599208.1825623601,300.5321741306363,705,57:39
71.8%,35935000,-599742.9802976656,299.0853210461633,705,57:38
71.8%,35940000,-599601.4198194821,300.0675365128819,705,57:36
71.8%,35945000,-598903.0342686456,300.84515442246897,705,57:35
71.8%,35950000,-600096.8865637658,302.0042216624922,705,57:34
71.8%,35955000,-598426.2650705357,302.4647133585254,705,57:33
71.8%,35960000,-599023.4999576216,299.5844017059096,705,57:31
71.9%,35965000,-600960.8251415524,301.9259397914123,705,57:30
71.9%,35970000,-599317.5453714575,302.54758272878803,705,57:29
71.9%,35975000,-597488.4839276527,298.9181103807666,705,57:28
71.9%,35980000,-599818.0610483363,299.19495491700513,705,57:27
71.9%,35985000,-599274.9967335272,300.53612379570797,705,57:25
71.9%,35990000,-599742.2854033005,299.08571355946236,705,57:24
71.9%,35995000,-600288.630236729,300.273238013667,705,57:23
71.9%,36000000,-599272.3860200825,300.7006114000925,705,57:22
71.9%,36005000,-598267.9013695889,298.8738054421359,705,57:20
71.9%,36010000,-600076.702502965,300.9898691694137,705,57:19
72.0%,36015000,-599925.2179132374,300.2565807305385,705,57:18
72.0%,36020000,-600009.4393361914,301.2016055621717,705,57:17
72.0%,36025000,-599652.5835851976,300.4675075646173,705,57:16
72.0%,36030000,-600001.8437108654,298.7735673583902,705,57:14
72.0%,36035000,-599254.8868344505,301.4915502297662,705,57:13
72.0%,36040000,-600096.9831354506,301.0515428215274,705,57:12
72.0%,36045000,-599416.6283771107,302.66388932571374,705,57:11
72.0%,36050000,-600119.360403094,301.12003639221217,705,57:09
72.0%,36055000,-598316.7362253079,300.3677601224953,705,57:08
72.0%,36060000,-598611.2979422915,298.1852635193528,705,57:07
72.1%,36065000,-600836.6013703477,301.6597176463294,705,57:06
72.1%,36070000,-600440.5881146165,297.5526547416848,705,57:05
72.1%,36075000,-598822.5448841439,295.18943029640945,705,57:03
72.1%,36080000,-598421.9763546381,300.379412861061,705,57:02
72.1%,36085000,-600931.9665799281,302.4520057404685,705,57:01
72.1%,36090000,-599541.8703134991,300.4369651235346,705,57:00
72.1%,36095000,-599264.3376248786,300.9214491949724,705,56:58
72.1%,36100000,-599493.463772764,300.926797188672,705,56:57
72.1%,36105000,-598920.800564257,300.63214236148895,705,56:56
72.1%,36110000,-600650.7725615893,302.7498252061252,705,56:55
72.2%,36115000,-598330.2870079684,297.0235468145609,705,56:54
72.2%,36120000,-599769.4747292204,299.8886485768383,705,56:52
72.2%,36125000,-599417.8621409182,302.10575994654107,705,56:51
72.2%,36130000,-600269.5057925386,301.5852627799151,705,56:50
72.2%,36135000,-599645.4985389281,301.69830661004255,705,56:49
72.2%,36140000,-599611.7132589901,299.4765586769947,705,56:47
72.2%,36145000,-600766.4484322015,298.56249333182427,705,56:46
72.2%,36150000,-599095.2235298897,299.89259824191004,705,56:45
72.2%,36155000,-601144.3617758029,303.11366050226644,705,56:44
72.2%,36160000,-600598.9395903395,298.8311196208639,705,56:43
72.3%,36165000,-599735.202492767,302.3877316877485,705,56:41
72.3%,36170000,-598971.3077678876,299.80457713459737,705,56:40
72.3%,36175000,-599297.5928077805,298.8008470326744,705,56:39
72.3%,36180000,-599655.9099209127,298.8252564534593,705,56:38
72.3%,36185000,-600238.3754407875,301.24887888262646,705,56:36
72.3%,36190000,-600928.7812492414,301.1586008238442,705,56:35
72.3%,36195000,-599290.0254372098,298.24450849542865,705,56:34
72.3%,36200000,-598789.7621824564,299.6855229445782,705,56:33
72.3%,36205000,-599454.3165086047,302.46706843831964,705,56:32
72.3%,36210000,-599425.1197587275,299.85947993230246,705,56:30
72.4%,36215000,-599694.7005504896,300.7273513685905,705,56:29
72.4%,36220000,-599777.6035514888,301.91401719995355,705,56:28
72.4%,36225000,-599829.5253664576,297.76726138794226,705,56:27
72.4%,36230000,-598714.3734684223,299.99227208778836,705,56:25
72.4%,36235000,-599372.0629918477,299.5403911522533,705,56:24
72.4%,36240000,-599622.3363586739,300.6554723707014,705,56:23
72.4%,36245000,-598782.4609320359,299.814169178343,705,56:22
72.4%,36250000,-599495.9989072913,301.26308295763596,705,56:20
72.4%,36255000,-599096.6495906827,301.714301526979,705,56:19
72.4%,36260000,-600567.0702448888,298.4474624031205,705,56:18
72.5%,36265000,-599814.6576794717,299.3468330316576,705,56:17
72.5%,36270000,-599988.669704515,299.95253011625925,705,56:16
72.5%,36275000,-598938.3028023993,299.95787810995887,705,56:14
72.5%,36280000,-599002.6089191958,301.91247167883853,705,56:13
72.5%,36285000,-601291.4923379822,299.93810525251905,705,56:12
72.5%,36290000,-599882.1973027061,299.39810508134644,705,56:11
72.5%,36295000,-599544.9790528016,298.98699646475046,705,56:09
72.5%,36300000,-598048.1649588537,301.77349743889243,705,56:08
72.5%,36305000,-599519.5981981335,299.8729971090386,705,56:07
72.5%,36310000,-600362.3192335311,302.33734279298255,705,56:06
72.6%,36315000,-598722.4590443051,298.89637495683155,705,56:05
72.6%,36320000,-600175.2344811615,297.4693928581231,705,56:03
72.6%,36325000,-599660.2689809063,300.565439632731,705,56:02
72.6%,36330000,-599909.66484595,299.7132441963239,705,56:01
72.6%,36335000,-599587.6430800082,299.769569854738,705,56:00
72.6%,36340000,-598687.0182477157,297.80459921551466,705,55:58
72.6%,36345000,-600195.8530310071,298.8656607911806,705,55:57
72.6%,36350000,-599958.3501603561,298.4066410200189,705,55:56
72.6%,36355000,-597562.7339268737,300.4917452608338,705,55:55
72.6%,36360000,-598382.413674932,301.5122307742101,705,55:54
72.7%,36365000,-599302.0917623192,299.83031128776656,705,55:52
72.7%,36370000,-599182.1425255607,300.7407213528395,705,55:51
72.7%,36375000,-599399.7125921953,301.78870732923076,705,55:50
72.7%,36380000,-599979.4339152998,301.07580504982514,705,55:49
72.7%,36385000,-599630.9450851143,301.3552254545887,705,55:47
72.7%,36390000,-598796.1045583012,302.04276156204304,705,55:46
72.7%,36395000,-599041.2729153559,296.7317131767148,705,55:45
72.7%,36400000,-599101.0969236274,301.9244433344596,705,55:44
72.7%,36405000,-599129.6030198587,301.46419695923845,705,55:43
72.7%,36410000,-598951.9677443984,300.41903217218413,705,55:41
72.8%,36415000,-600382.7870401149,300.8746910482227,705,55:40
72.8%,36420000,-598621.7173147271,301.5382838444347,705,55:39
72.8%,36425000,-599755.2699327092,300.1697862272853,705,55:38
72.8%,36430000,-598926.8642981555,299.0767838819089,705,55:36
72.8%,36435000,-599717.8282948439,298.9229432007612,705,55:35
72.8%,36440000,-600099.418230392,297.69812998314643,705,55:34
72.8%,36445000,-599075.5015600421,298.5251064400895,705,55:33
72.8%,36450000,-599756.2101513841,298.9006435389587,705,55:32
72.8%,36455000,-597802.7234692522,299.44030026099466,705,55:30
72.8%,36460000,-599417.6189909256,302.1930941555804,705,55:29
72.9%,36465000,-600624.3055888573,300.6624149496784,705,55:28
72.9%,36470000,-600463.5942338817,300.41702054152654,705,55:27
72.9%,36475000,-599104.2398010129,301.43654930373634,705,55:25
72.9%,36480000,-599052.7660411778,299.55633700502733,705,55:24
72.9%,36485000,-599146.4032607689,303.58131556600733,705,55:23
72.9%,36490000,-600438.6208990752,301.0068699016789,705,55:22
72.9%,36495000,-598812.3000962576,301.50818298081356,705,55:21
72.9%,36500000,-599511.9247651454,299.20138232227714,705,55:19
72.9%,36505000,-600280.1826576819,298.72391442605993,705,55:18
72.9%,36510000,-599953.7382630114,299.8969404202808,705,55:17
73.0%,36515000,-600789.8694789428,300.82719693903726,705,55:16
73.0%,36520000,-599354.9519755621,300.65321541923186,705,55:14
73.0%,36525000,-601080.5662845834,301.22191812539774,705,55:13
73.0%,36530000,-598748.2370560518,298.7868146822332,705,55:12
73.0%,36535000,-598514.1426311415,301.73282324827807,705,55:11
73.0%,36540000,-600706.1971755247,301.38966849658067,705,55:10
73.0%,36545000,-597876.7602403527,296.73897467274725,705,55:08
73.0%,36550000,-598921.4186781528,299.98898478890885,705,55:07
73.0%,36555000,-598677.0210654507,301.86828940061383,705,55:06
73.0%,36560000,-599906.0749794454,302.20334856551824,705,55:05
73.1%,36565000,-599909.1657555485,302.4403775339841,705,55:03
73.1%,36570000,-599159.4070907906,300.351004711042,705,55:02
73.1%,36575000,-599957.6453549,300.28184877416504,705,55:01
73.1%,36580000,-598467.5870561134,299.8035467871874,705,55:00
73.1%,36585000,-599318.2307846649,301.84012657140676,705,54:58
73.1%,36590000,-599201.12196944,300.9410503278439,705,54:57
73.1%,36595000,-599427.3250476704,297.0562235467071,705,54:56
73.1%,36600000,-602033.6285761497,300.19966630217573,705,54:55
73.1%,36605000,-599781.4195200587,298.8896531665852,705,54:54
73.1%,36610000,-599096.1262690146,301.47442683709494,705,54:52
73.2%,36615000,-599392.962467806,299.4608090808702,705,54:51
73.2%,36620000,-600492.1935522757,298.0640995703513,705,54:50
73.2%,36625000,-600354.1032117042,299.62946713905717,705,54:49
73.2%,36630000,-599550.787251839,300.5329836893156,705,54:47
73.2%,36635000,-599509.8011675146,299.14321675777364,705,54:46
73.2%,36640000,-599375.0477247969,301.9708089679103,705,54:45
73.2%,36645000,-598180.3464700249,300.9211793420793,705,54:44
73.2%,36650000,-599802.9030036395,302.9132333989374,705,54:43
73.2%,36655000,-599354.9487618459,301.0818399417981,705,54:41
73.2%,36660000,-598827.7480457332,300.89009719521056,705,54:40
73.3%,36665000,-600554.806006223,302.0642761972474,705,54:39
73.3%,36670000,-599523.36763256,300.09214219031634,705,54:38
73.3%,36675000,-600097.3292062529,298.95027193920777,705,54:36
73.3%,36680000,-600239.9785004724,299.9114634123458,705,54:35
73.3%,36685000,-600198.8743777121,296.83028307893954,705,54:34
73.3%,36690000,-598936.0211572507,299.670582907133,705,54:33
73.3%,36695000,-597923.5154392379,299.2355064472136,705,54:32
73.3%,36700000,-599485.0923741399,301.0901317852406,705,54:30
73.3%,36705000,-599805.1507174321,299.06746169105634,705,54:29
73.3%,36710000,-599135.4809676614,300.7777402633565,705,54:28
73.4%,36715000,-598966.5064830417,300.06518143308756,705,54:27
73.4%,36720000,-599003.3573258659,298.1320534352499,705,54:25
73.4%,36725000,-599501.245521063,300.4852442593182,705,54:24
73.4%,36730000,-599258.9159237845,299.21956059443954,705,54:23
73.4%,36735000,-600264.841861154,298.1472633255882,705,54:22
73.4%,36740000,-599342.87533218,300.7266154061548,705,54:21
73.4%,36745000,-599113.5596299605,300.129259229158,705,54:19
73.4%,36750000,-600553.3609151612,299.1208680318088,705,54:18
73.4%,36755000,-600303.8478075969,301.2285417873193,705,54:17
73.4%,36760000,-600240.0644674753,299.7853685150249,705,54:16
73.5%,36765000,-599857.2273013829,300.59139457463095,705,54:14
73.5%,36770000,-601265.0064422074,300.75490089576783,705,54:13
73.5%,36775000,-600583.0686911973,300.6430591376189,705,54:12
73.5%,36780000,-597736.7057967326,300.21073027079274,705,54:11
73.5%,36785000,-599183.0233119968,301.0699664145017,705,54:09
73.5%,36790000,-598689.3672742643,301.675614434941,705,54:08
73.5%,36795000,-599909.6487879241,297.8971342257665,705,54:07
73.5%,36800000,-600655.0196895166,301.129775628445,705,54:06
73.5%,36805000,-599101.1442778325,301.89051546617276,705,54:05
73.5%,36810000,-600084.9693700224,301.4408669500259,705,54:03
73.6%,36815000,-599144.4017881118,300.94441122296706,705,54:02
73.6%,36820000,-600706.9122279743,303.5211383708462,705,54:01
73.6%,36825000,-600334.165836127,301.06341634882375,705,54:00
73.6%,36830000,-598850.1799067743,298.7955971672996,705,53:58
73.6%,36835000,-599726.5674691154,301.2316818937117,705,53:57
73.6%,36840000,-599703.133659366,301.053677112591,705,53:56
73.6%,36845000,-599774.1592252613,300.19245387030566,705,53:55
73.6%,36850000,-598773.1442380389,301.0924868650349,705,53:54
73.6%,36855000,-599305.3585524093,301.1500391275086,705,53:52
73.6%,36860000,-599115.3772118632,300.8365681940521,705,53:51
73.7%,36865000,-598475.362903839,300.0222257589224,705,53:50
73.7%,36870000,-600212.3728714129,301.21779673575764,705,53:49
73.7%,36875000,-598945.569735087,300.71827449854993,705,53:47
73.7%,36880000,-601182.0140803857,299.9884696152038,705,53:46
73.7%,36885000,-599384.6369509199,300.51058589918836,705,53:45
73.7%,36890000,-599340.1062128185,299.0012005397599,705,53:44
73.7%,36895000,-598039.8377744984,300.88514171480995,705,53:43
73.7%,36900000,-599114.8481588941,299.7912807465919,705,53:41
73.7%,36905000,-600300.3703230787,301.14604039827447,705,53:40
73.7%,36910000,-600536.9707592148,301.22319379361966,705,53:39
73.8%,36915000,-600164.3249332383,302.9406602657087,705,53:38
73.8%,36920000,-600827.9895711183,301.48527001698136,705,53:36
73.8%,36925000,-597991.9802967967,299.0789181729725,705,53:35
73.8%,36930000,-599696.6011010427,300.5858993884442,705,53:34
73.8%,36935000,-599082.314547726,300.5297209225172,705,53:33
73.8%,36940000,-599972.7525325511,297.7905668650735,705,53:32
73.8%,36945000,-599743.1255011205,298.40536535179695,705,53:30
73.8%,36950000,-598496.2996954126,298.49125216804606,705,53:29
73.8%,36955000,-599226.6216388596,300.6851561889423,705,53:28
73.8%,36960000,-600278.6616218961,299.4230787399987,705,53:27
73.9%,36965000,-599400.462654754,302.3658490713263,705,53:25
73.9%,36970000,-597756.5515124477,301.21990649474014,705,53:24
73.9%,36975000,-598078.0104353637,300.8371078998383,705,53:23
73.9%,36980000,-599063.2087012604,298.746287684106,705,53:22
73.9%,36985000,-600160.6861671829,299.4476108211895,705,53:21
73.9%,36990000,-599941.2136415439,296.3377770169524,705,53:19
73.9%,36995000,-599543.2046408365,298.5365383899244,705,53:18
73.9%,37000000,-600573.959399675,300.14346330416754,705,53:17
73.9%,37005000,-598402.709345635,300.6734298541331,705,53:16
73.9%,37010000,-597814.4812186495,296.2739445416938,705,53:14
74.0%,37015000,-599681.4463915168,299.29526659699445,705,53:13
74.0%,37020000,-598113.9414386936,299.44437258647235,705,53:12
74.0%,37025000,-600129.7159074321,302.3151167274237,705,53:11
74.0%,37030000,-599258.2008819082,299.2811851823909,705,53:10
74.0%,37035000,-599589.1920511932,301.4157460988865,705,53:08
74.0%,37040000,-600020.9871657183,301.9149248869576,705,53:07
74.0%,37045000,-599288.3706257376,297.6092011888297,705,53:06
74.0%,37050000,-598602.6479423405,298.8233429511264,705,53:05
74.0%,37055000,-601032.4707713826,297.1828581498142,705,53:03
74.0%,37060000,-598936.4144587549,300.66315091211413,705,53:02
74.1%,37065000,-599561.188194484,299.11578989100235,705,53:01
74.1%,37070000,-600085.3414594014,302.0259816185085,705,53:00
74.1%,37075000,-599038.7459935322,302.8769995150185,705,52:58
74.1%,37080000,-600982.6638445281,299.5453221005726,705,52:57
74.1%,37085000,-599828.2842625659,302.6428898642144,705,52:56
74.1%,37090000,-600555.9637828465,298.8444405409505,705,52:55
74.1%,37095000,-599403.1758483653,300.2963227020676,705,52:54
74.1%,37100000,-599731.8482690509,299.2667112544883,705,52:52
74.1%,37105000,-598528.3734354461,299.6473264941641,705,52:51
74.1%,37110000,-598678.741352662,299.6772801652981,705,52:50
74.2%,37115000,-601282.1261755587,300.5755959143441,705,52:49
74.2%,37120000,-598553.0865551061,298.38316381831925,705,52:47
74.2%,37125000,-600009.1266126623,300.45686064138044,705,52:46
74.2%,37130000,-599238.7563293288,300.58732224915326,705,52:45
74.2%,37135000,-599370.7045645709,303.7352298433986,705,52:44
74.2%,37140000,-599642.6480239835,298.2169344361702,705,52:43
74.2%,37145000,-597126.0567085431,299.1420882820389,705,52:41
74.2%,37150000,-599865.0962291555,302.40512493331283,705,52:40
74.2%,37155000,-599477.7575746244,299.71618804606675,705,52:39
74.2%,37160000,-599906.0919019473,298.20231331578043,705,52:38
74.3%,37165000,-598745.260639342,299.2838346471595,705,52:36
74.3%,37170000,-598813.5234704483,296.8767959048774,705,52:35
74.3%,37175000,-599818.5846797936,298.7735673583902,705,52:34
74.3%,37180000,-598590.5313500026,300.61165807369457,705,52:33
74.3%,37185000,-600149.1361153349,301.16365443256956,705,52:32
74.3%,37190000,-600825.8612224716,299.33157407715686,705,52:30
74.3%,37195000,-598977.0733767306,303.6062892246596,705,52:29
74.3%,37200000,-598717.1864422788,300.51951557674175,705,52:28
74.3%,37205000,-598636.7494883318,301.65969311424817,705,52:27
74.3%,37210000,-598893.3789674165,300.52265568313425,705,52:25
74.4%,37215000,-599498.580478874,298.5417391911368,705,52:24
74.4%,37220000,-599029.6611051508,300.7313255657434,705,52:23
74.4%,37225000,-600553.0373679525,303.06982167317847,705,52:22
74.4%,37230000,-599420.5956223169,300.2148516604328,705,52:21
74.4%,37235000,-600088.8904200029,299.8445644269384,705,52:19
74.4%,37240000,-599973.2451236784,300.6924912812184,705,52:18
74.4%,37245000,-598806.9265617509,300.52761116353474,705,52:17
74.4%,37250000,-600127.0047629084,297.9794638902429,705,52:16
74.4%,37255000,-600264.656850216,301.85003753220786,705,52:14
74.4%,37260000,-598282.3427130934,301.8083084621022,705,52:13
74.5%,37265000,-600129.0394178443,300.861885301841,705,52:12
74.5%,37270000,-600695.5705285342,298.3966809950555,705,52:11
74.5%,37275000,-599804.9854464415,300.5175530102465,705,52:10
74.5%,37280000,-598775.4861512319,298.2300345675261,705,52:08
74.5%,37285000,-598489.8736595139,302.81858862970313,705,52:07
74.5%,37290000,-599800.5482901102,300.90437486646357,705,52:06
74.5%,37295000,-598489.5257098693,299.8141201141806,705,52:05
74.5%,37300000,-600229.467304965,301.34600139206094,705,52:03
74.5%,37305000,-599314.7255174876,298.5317055699297,705,52:02
74.5%,37310000,-600555.308308695,299.3423681928808,705,52:01
74.6%,37315000,-599170.2423785506,296.7907373640599,705,52:00
74.6%,37320000,-599197.6222059955,301.3544158959094,705,51:58
74.6%,37325000,-600465.4536566073,301.4244549877093,705,51:57
74.6%,37330000,-600023.0928250374,301.9968865702162,705,51:56
74.6%,37335000,-599892.7128013116,301.0445021142256,705,51:55
74.6%,37340000,-599684.842352157,297.931135690297,705,51:54
74.6%,37345000,-598504.3145046085,299.6640819056174,705,51:52
74.6%,37350000,-599541.5585972746,298.19568965385895,705,51:51
74.6%,37355000,-599846.8818366011,300.00549487955027,705,51:50
74.6%,37360000,-599923.7909313366,300.132080418495,705,51:49
74.7%,37365000,-598846.3011150351,299.58243913941436,705,51:47
74.7%,37370000,-598765.1177253788,299.38679579191745,705,51:46
74.7%,37375000,-599119.0791483461,299.96548305512806,705,51:45
74.7%,37380000,-599572.3576216758,300.0077272989387,705,51:44
74.7%,37385000,-599563.2345220288,299.36947614259674,705,51:43
74.7%,37390000,-599419.6318606646,298.9494623805285,705,51:41
74.7%,37395000,-599142.1122121722,301.56234981608293,705,51:40
74.7%,37400000,-599360.7101694513,301.7514185658207,705,51:39
74.7%,37405000,-599682.6789654605,299.83487425486805,705,51:38
74.7%,37410000,-599611.8032972813,303.4880936574821,705,51:36
74.8%,37415000,-599421.8814893593,300.21948822377794,705,51:35
74.8%,37420000,-600034.9379383251,298.6554699195375,705,51:34
74.8%,37425000,-598318.352678651,300.67374877118857,705,51:33
74.8%,37430000,-598874.5199289834,299.3612333633166,705,51:32
74.8%,37435000,-599588.0918974061,301.0709967619117,705,51:30
74.8%,37440000,-598826.0927291503,302.0054237344706,705,51:29
74.8%,37445000,-598621.5998065504,300.47339526410303,705,51:28
74.8%,37450000,-600107.6647124575,300.2595736444437,705,51:27
74.8%,37455000,-599909.2002139017,303.2038159006428,705,51:25
74.8%,37460000,-598814.3594497461,300.5700025998325,705,51:24
74.9%,37465000,-599357.1690870118,298.937441660745,705,51:23
74.9%,37470000,-600293.2832450736,300.3033879414506,705,51:22
74.9%,37475000,-599927.2107338225,298.83416159893153,705,51:21
74.9%,37480000,-598990.3197747148,298.1636262237425,705,51:19
74.9%,37485000,-599574.1122281109,300.06361137989137,705,51:18
74.9%,37490000,-598668.6685647406,302.5695880056162,705,51:17
74.9%,37495000,-598519.3983313902,299.96219575624843,705,51:16
74.9%,37500000,-598646.9868445275,300.066653357959,705,51:14
74.9%,37505000,-598322.0526971547,301.61212540881917,705,51:13
74.9%,37510000,-599471.399094048,299.1024199067533,705,51:12
75.0%,37515000,-601115.2710929257,300.19176697203227,705,51:11
75.0%,37520000,-599136.7125819968,297.4786659848133,705,51:10
75.0%,37525000,-601548.7582825026,300.7691540349397,705,51:08
75.0%,37530000,-599903.743692149,302.2537865244466,705,51:07
75.0%,37535000,-599676.1622551493,299.46868387893244,705,51:06
75.0%,37540000,-599625.1524078315,299.6456337805619,705,51:05
75.0%,37545000,-599587.7683952018,303.44989720706803,705,51:03
75.0%,37550000,-598338.5624368973,300.35684334636534,705,51:02
75.0%,37555000,-598739.9030357166,302.16848847814606,705,51:01
75.0%,37560000,-600497.3345724628,298.38738333628413,705,51:00
75.1%,37565000,-598891.1958487816,301.6074397813117,705,50:59
75.1%,37570000,-599736.1525082793,299.6548578430897,705,50:57
75.1%,37575000,-598592.6538457833,301.0813002360119,705,50:56
75.1%,37580000,-599757.1061234581,300.92046791172476,705,50:55
75.1%,37585000,-599450.3315659636,298.6807624952453,705,50:54
75.1%,37590000,-599155.8210428795,301.1168226895762,705,50:52
75.1%,37595000,-600256.1969225826,299.45774257072134,705,50:51
75.1%,37600000,-599079.9068305655,302.09489223457354,705,50:50
75.1%,37605000,-599457.5901317154,299.5248868769407,705,50:49
75.1%,37610000,-598886.6819952289,299.90201856108735,705,50:48
75.2%,37615000,-599947.6788490787,301.0154315980145,705,50:46
75.2%,37620000,-598993.556603929,295.793312007003,705,50:45
75.2%,37625000,-599802.3202217738,298.3844394865412,705,50:44
75.2%,37630000,-599247.2550782482,297.0243563732402,705,50:43
75.2%,37635000,-600962.3819092624,302.8429489863256,705,50:41
75.2%,37640000,-600586.3615827681,298.7170209112453,705,50:40
75.2%,37645000,-599482.2693247716,302.9410773110889,705,50:39
75.2%,37650000,-600447.2980631329,301.4877232251004,705,50:38
75.2%,37655000,-600662.8269227901,299.43848488698654,705,50:36
75.2%,37660000,-599914.8152743955,300.87348897624435,705,50:35
75.3%,37665000,-598695.7503009238,299.19517570573583,705,50:34
75.3%,37670000,-598994.9232345005,300.1111054890768,705,50:33
75.3%,37675000,-600936.8870266587,298.0786225624163,705,50:32
75.3%,37680000,-598778.2275918033,298.6031429903575,705,50:30
75.3%,37685000,-599442.8780057128,299.0256590247072,705,50:29
75.3%,37690000,-600159.2589648976,300.0190611204488,705,50:28
75.3%,37695000,-599597.554160892,299.61648966810725,705,50:27
75.3%,37700000,-599770.9637000686,300.86056056945677,705,50:25
75.3%,37705000,-600075.6115952372,297.75376874328725,705,50:24
75.3%,37710000,-599595.0921221059,300.96207432142444,705,50:23
75.4%,37715000,-598860.1343583572,299.95243198793446,705,50:22
75.4%,37720000,-599789.2725505726,301.6703645695662,705,50:21
75.4%,37725000,-598712.6586944787,300.08652434372357,705,50:19
75.4%,37730000,-598670.1387199676,302.11895820622175,705,50:18
75.4%,37735000,-598891.4393298463,297.90169719286797,705,50:17
75.4%,37740000,-600658.0586648523,298.9858189248533,705,50:16
75.4%,37745000,-599039.488764259,300.30618459870635,705,50:14
75.4%,37750000,-600051.2752176761,302.5203766507474,705,50:13
75.4%,37755000,-599913.0840958995,298.8022208292211,705,50:12
75.4%,37760000,-598406.239871873,302.68309794528614,705,50:11
75.5%,37765000,-597937.0844412292,300.23548314071434,705,50:10
75.5%,37770000,-599282.0731553626,298.23611852366145,705,50:08
75.5%,37775000,-599465.923334504,298.0427075955529,705,50:07
75.5%,37780000,-598680.5433475375,299.9599388047789,705,50:06
75.5%,37785000,-599024.0177010316,299.697445536037,705,50:05
75.5%,37790000,-599048.1614595675,300.7706750239735,705,50:03
75.5%,37795000,-598437.8856425108,301.53583063631567,705,50:02
75.5%,37800000,-599935.3751457245,299.64529033142526,705,50:01
75.5%,37805000,-599685.0475031282,299.16389730221755,705,50:00
75.5%,37810000,-599522.1567557445,300.47162895425726,705,49:59
75.6%,37815000,-599516.052143367,300.7804878564499,705,49:57
75.6%,37820000,-599844.8384718639,298.955570868745,705,49:56
75.6%,37825000,-599360.1155673754,299.01157761010364,705,49:55
75.6%,37830000,-599259.2004702357,300.4421659247471,705,49:54
75.6%,37835000,-599325.9750507041,299.5698296496823,705,49:52
75.6%,37840000,-599604.3215004248,300.87868977745677,705,49:51
75.6%,37845000,-599710.3389059398,301.2806479277686,705,49:50
75.6%,37850000,-599929.2138120029,299.7904957199938,705,49:49
75.6%,37855000,-598936.7138496353,299.37992680918404,705,49:48
75.6%,37860000,-599160.8084970666,300.3253196220352,705,49:46
75.7%,37865000,-599250.3257589047,301.0668753722717,705,49:45
75.7%,37870000,-597682.3498335402,299.7972665744025,705,49:44
75.7%,37875000,-600583.5809950819,298.8099729668774,705,49:43
75.7%,37880000,-599806.681042749,297.3698907368131,705,49:41
75.7%,37885000,-598958.0762603497,301.46910337547655,705,49:40
75.7%,37890000,-600089.5282711894,302.52300158343473,705,49:39
75.7%,37895000,-599730.3585728458,301.4671408089813,705,49:38
75.7%,37900000,-600520.0392790046,298.30333642612436,705,49:37
75.7%,37905000,-599647.7392750997,298.5276332444521,705,49:35
75.7%,37910000,-600749.9633062729,299.70298978638607,705,49:34
75.8%,37915000,-598196.2141236616,299.4044588903749,705,49:33
75.8%,37920000,-600054.784718907,300.23567939736387,705,49:32
75.8%,37925000,-600032.3035456901,302.6984550281116,705,49:30
75.8%,37930000,-599315.9763795547,303.15308355674017,705,49:29
75.8%,37935000,-599094.2717516408,300.92625748288583,705,49:28
75.8%,37940000,-598323.6868531127,300.16078295348825,705,49:27
75.8%,37945000,-599623.6901764898,300.65917671496123,705,49:26
75.8%,37950000,-598900.9265918108,298.1107105246139,705,49:24
75.8%,37955000,-599809.1640616413,301.39042899109756,705,49:23
75.8%,37960000,-598785.1150554013,298.81708727042275,705,49:22
75.9%,37965000,-598829.8396729906,298.4235436239594,705,49:21
75.9%,37970000,-599889.9194749394,301.8344841927328,705,49:19
75.9%,37975000,-598266.4339065342,299.0848304045395,705,49:18
75.9%,37980000,-598452.8258838481,298.51735430243315,705,49:17
75.9%,37985000,-599689.3311567302,302.2827343802518,705,49:16
75.9%,37990000,-599637.9039146928,300.28714770370226,705,49:14
75.9%,37995000,-599517.747682183,299.60540116740896,705,49:13
75.9%,38000000,-598942.8246101369,301.56764874562015,705,49:12
75.9%,38005000,-599425.0977586405,300.1564407751175,705,49:11
75.9%,38010000,-600102.6351662362,299.30085991150594,705,49:10
76.0%,38015000,-600803.2261911444,300.4583325662519,705,49:08
76.0%,38020000,-598925.1921316474,301.6277768766189,705,49:07
76.0%,38025000,-599955.9940190036,301.4492814538744,705,49:06
76.0%,38030000,-598538.2031739177,300.49510615595693,705,49:05
76.0%,38035000,-598806.4213851173,299.50003587869435,705,49:03
76.0%,38040000,-601484.1449802872,300.60989176384885,705,49:02
76.0%,38045000,-601101.0685542566,299.18075084199563,705,49:01
76.0%,38050000,-600431.664040715,303.5169924491249,705,49:00
76.0%,38055000,-598748.3175293049,299.61273625968505,705,48:59
76.0%,38060000,-598961.7022502376,298.7184683040356,705,48:57
76.1%,38065000,-599817.8446463705,300.2902387459323,705,48:56
76.1%,38070000,-598630.0738558355,299.67340409647,705,48:55
76.1%,38075000,-599013.6302806968,299.64475062563906,705,48:54
76.1%,38080000,-599752.2155202674,300.240070639897,705,48:52
76.1%,38085000,-599625.5483200983,301.0498746400064,705,48:51
76.1%,38090000,-600737.022256731,300.5945837451858,705,48:50
76.1%,38095000,-599600.404148275,297.49269833525443,705,48:49
76.1%,38100000,-599302.5396281825,300.14184418680895,705,48:48
76.1%,38105000,-599376.5671655806,302.43959250738595,705,48:46
76.1%,38110000,-599270.4126159833,302.83531950907525,705,48:45
76.2%,38115000,-600399.2556669395,300.0761472733799,705,48:44
76.2%,38120000,-600648.9445546968,297.72528699702474,705,48:43
76.2%,38125000,-599543.0359199843,301.9138700074664,705,48:41
76.2%,38130000,-598790.1797485524,300.7143984297218,705,48:40
76.2%,38135000,-599836.0780416951,299.33395368903246,705,48:39
76.2%,38140000,-599163.220927774,300.06410202151517,705,48:38
76.2%,38145000,-600631.7640840029,297.1681143690185,705,48:37
76.2%,38150000,-599124.7982536373,301.2057269518118,705,48:35
76.2%,38155000,-599752.2525320863,300.79756218495874,705,48:34
76.2%,38160000,-600443.3107985589,301.52174922171207,705,48:33
76.3%,38165000,-600029.7113195183,298.78438600619535,705,48:32
76.3%,38170000,-600372.6491421461,299.3612578953978,705,48:30
76.3%,38175000,-599432.5221049218,298.6758560790071,705,48:29
76.3%,38180000,-598653.0896304748,297.27382310686977,705,48:28
76.3%,38185000,-598981.521600368,302.5119866789801,705,48:27
76.3%,38190000,-598601.7490749955,300.92252860654486,705,48:26
76.3%,38195000,-600130.5108873593,302.44550473895293,705,48:24
76.3%,38200000,-600012.1116458927,298.53035630546424,705,48:23
76.3%,38205000,-600060.5780135612,301.56357642014245,705,48:22
76.3%,38210000,-599254.5947426944,298.6164639104441,705,48:21
76.4%,38215000,-599629.8868294582,302.3540982044359,705,48:19
76.4%,38220000,-600696.1081383885,300.29215224826515,705,48:18
76.4%,38225000,-600610.1226047678,300.90464471935667,705,48:17
76.4%,38230000,-599302.6656717644,302.8453531302823,705,48:16
76.4%,38235000,-599893.6354740276,302.5494471669585,705,48:14
76.4%,38240000,-600878.2131066369,299.9267714310089,705,48:13
76.4%,38245000,-598708.0296782772,299.4330387649622,705,48:12
76.4%,38250000,-599636.5800135331,300.02244654765315,705,48:11
76.4%,38255000,-598807.4225970516,296.5558672187389,705,48:10
76.4%,38260000,-600433.191586202,298.81870638778133,705,48:08
76.5%,38265000,-599489.390925311,297.25120452801184,705,48:07
76.5%,38270000,-600186.6369596827,300.4968969978838,705,48:06
76.5%,38275000,-600491.1268271646,298.76191461982455,705,48:05
76.5%,38280000,-598782.928801924,299.8822211715663,705,48:03
76.5%,38285000,-598932.904067135,298.4113757116887,705,48:02
76.5%,38290000,-598751.5881261504,301.3703617486835,705,48:01
76.5%,38295000,-599880.6254884419,299.62041480109775,705,48:00
76.5%,38300000,-599588.3957145754,299.12251168124857,705,47:59
76.5%,38305000,-599759.4144541388,301.9127660638128,705,47:57
76.5%,38310000,-598345.2945586797,297.9599608856962,705,47:56
76.6%,38315000,-599415.863643433,299.86990606680854,705,47:55
76.6%,38320000,-600149.5162418261,300.67166354428736,705,47:54
76.6%,38325000,-599971.9441053891,298.6046885114725,705,47:52
76.6%,38330000,-599634.5317311925,297.6789949598176,705,47:51
76.6%,38335000,-599868.3010982838,297.85435027616967,705,47:50
76.6%,38340000,-600697.3261524462,298.81237711083406,705,47:49
76.6%,38345000,-600833.5133868079,298.4781520366902,705,47:48
76.6%,38350000,-599921.3438167293,300.5650716515132,705,47:46
76.6%,38355000,-601123.540419749,299.6283141312412,705,47:45
76.6%,38360000,-599272.1567646279,300.5952706434591,705,47:44
76.7%,38365000,-600379.6559622982,302.85212398469105,705,47:43
76.7%,38370000,-599630.7813697606,302.8424092805394,705,47:41
76.7%,38375000,-599730.5866465373,301.08861079620675,705,47:40
76.7%,38380000,-600506.3737428733,300.55827626502327,705,47:39
76.7%,38385000,-598518.7599484217,300.8453261470372,705,47:38
76.7%,38390000,-599518.3634163127,299.85906288692223,705,47:37
76.7%,38395000,-599852.7167854942,298.11821734145826,705,47:35
76.7%,38400000,-599637.8220288078,302.7470776130318,705,47:34
76.7%,38405000,-599994.8162195948,298.9624153193972,705,47:33
76.7%,38410000,-599625.5253168652,302.0156045481648,705,47:32
76.8%,38415000,-599914.6535781352,298.00760218736883,705,47:30
76.8%,38420000,-598848.8502282193,297.1004548890942,705,47:29
76.8%,38425000,-599626.8231167789,299.62505136444287,705,47:28
76.8%,38430000,-600104.4730053963,298.31776128986456,705,47:27
76.8%,38435000,-599859.9677438554,301.34433321054,705,47:26
76.8%,38440000,-598862.1007650546,299.09957418533514,705,47:24
76.8%,38445000,-599390.3690160476,298.0059585379291,705,47:23
76.8%,38450000,-599613.1166993836,297.82608931863786,705,47:22
76.8%,38455000,-599859.46456496,300.9456132949454,705,47:21
76.8%,38460000,-599682.8817751915,299.53254088627216,705,47:19
76.9%,38465000,-599197.4649377,297.63446923245624,705,47:18
76.9%,38470000,-600050.8220472555,300.8561938590048,705,47:17
76.9%,38475000,-599085.7868788112,300.4721686600435,705,47:16
76.9%,38480000,-599307.1261742497,302.0597868263894,705,47:15
76.9%,38485000,-600602.1309171999,304.27670193944266,705,47:13
76.9%,38490000,-599223.9046059782,299.08851021671813,705,47:12
76.9%,38495000,-599633.5250652134,301.00490733518365,705,47:11
76.9%,38500000,-599244.7997794962,301.7047585473957,705,47:10
76.9%,38505000,-599746.5543307844,302.23438164822466,705,47:08
76.9%,38510000,-599878.3765079305,301.28866991831796,705,47:07
77.0%,38515000,-599611.3286676882,301.5134083141072,705,47:06
77.0%,38520000,-599134.9265305623,298.7063985200897,705,47:05
77.0%,38525000,-599809.8343248898,298.49542262184855,705,47:04
77.0%,38530000,-599000.2542629098,301.75745345779364,705,47:02
77.0%,38535000,-599322.4649647279,301.8997395287005,705,47:01
77.0%,38540000,-600620.5252504307,299.4185648370596,705,47:00
77.0%,38545000,-599537.1131368862,299.3341744777631,705,46:59
77.0%,38550000,-599650.6048358306,299.8325191750737,705,46:57
77.0%,38555000,-599735.3443843047,300.77038063899926,705,46:56
77.0%,38560000,-599614.2926358567,299.734856959853,705,46:55
77.1%,38565000,-600176.8764289031,299.9535849957505,705,46:54
77.1%,38570000,-600258.79263036,303.5338214568219,705,46:53
77.1%,38575000,-599324.5525884433,301.47332289344143,705,46:51
77.1%,38580000,-600985.4560292088,299.57682129282165,705,46:50
77.1%,38585000,-599000.5028124065,299.04229177575456,705,46:49
77.1%,38590000,-600258.5234230915,301.60118410060807,705,46:48
77.1%,38595000,-600158.6565787205,298.4556561182382,705,46:46
77.1%,38600000,-599250.678329675,298.732402526152,705,46:45
77.1%,38605000,-600463.2641902263,298.97060903451495,705,46:44
77.1%,38610000,-599765.1090309732,299.445108548908,705,46:43
77.2%,38615000,-599495.7786040921,301.89193832688176,705,46:42
77.2%,38620000,-599699.760051135,300.24458454283615,705,46:40
77.2%,38625000,-599327.703259734,299.4420665708404,705,46:39
77.2%,38630000,-598761.4958172324,300.5774112883522,705,46:38
77.2%,38635000,-600367.0585089461,300.9135253327478,705,46:37
77.2%,38640000,-600481.4775759899,301.65760788734696,705,46:35
77.2%,38645000,-599667.3631621939,300.6128601456729,705,46:34
77.2%,38650000,-598621.5775254834,299.50506495533847,705,46:33
77.2%,38655000,-599400.4989352222,300.87049606233904,705,46:32
77.2%,38660000,-598915.9108669823,299.6500986193387,705,46:30
77.3%,38665000,-599711.6303649815,299.95827062325793,705,46:29
77.3%,38670000,-600277.6139997868,300.2257439044816,705,46:28
77.3%,38675000,-599617.2298873179,302.27488411427066,705,46:27
77.3%,38680000,-599438.1784910429,298.7079440412047,705,46:26
77.3%,38685000,-600087.9407471139,299.26722642819334,705,46:24
77.3%,38690000,-599198.2520580608,300.42629366821666,705,46:23
77.3%,38695000,-599288.1281908765,298.92959139476386,705,46:22
77.3%,38700000,-598603.9031166248,298.14390243046506,705,46:21
77.3%,38705000,-599939.4411296453,300.68255578833606,705,46:19
77.3%,38710000,-599099.2603930975,300.36147990971045,705,46:18
77.4%,38715000,-600342.6531081558,299.65870937983664,705,46:17
77.4%,38720000,-599312.2267349777,300.1423593605139,705,46:16
77.4%,38725000,-600027.4751120782,298.68363274874457,705,46:15
77.4%,38730000,-599796.3301566644,301.41451949482695,705,46:13
77.4%,38735000,-598587.4117362918,296.4685820738619,705,46:12
77.4%,38740000,-598335.6839411007,301.0260539891701,705,46:11
77.4%,38745000,-599636.1350920526,300.54733495681216,705,46:10
77.4%,38750000,-601036.2424663608,299.6719321715985,705,46:08
77.4%,38755000,-599642.7025793609,300.46711505131816,705,46:07
77.4%,38760000,-598961.3016511477,299.845153196887,705,46:06
77.5%,38765000,-598060.7552410909,303.25258567805014,705,46:05
77.5%,38770000,-601118.7315235734,301.7361841434012,705,46:04
77.5%,38775000,-598562.4155301363,299.9606502351334,705,46:02
77.5%,38780000,-599748.2531684143,300.28925746268465,705,46:01
77.5%,38785000,-599336.6769695417,299.57103172166063,705,46:00
77.5%,38790000,-598813.8055814058,301.04926133797665,705,45:59
77.5%,38795000,-599473.771045851,300.95633381442576,705,45:57
77.5%,38800000,-600026.0129069048,299.31955335737337,705,45:56
77.5%,38805000,-599476.6276619895,301.7638563309845,705,45:55
77.5%,38810000,-599334.9469289905,299.8611726459046,705,45:54
77.6%,38815000,-598929.0912545719,298.62534452383517,705,45:53
77.6%,38820000,-600587.8841030723,300.0993300901052,705,45:51
77.6%,38825000,-600371.5150866355,300.5196137050666,705,45:50
77.6%,38830000,-599882.24852231,301.8075479675853,705,45:49
77.6%,38835000,-600744.7238582256,298.1768244834232,705,45:48
77.6%,38840000,-598801.0390374553,301.10200531253696,705,45:46
77.6%,38845000,-599636.8201481742,300.84257855394384,705,45:45
77.6%,38850000,-599814.2787404996,300.4287959404981,705,45:44
77.6%,38855000,-599447.5866531767,297.32948639909176,705,45:43
77.6%,38860000,-597644.117146329,298.8654400024499,705,45:42
77.7%,38865000,-599712.8794532502,298.2996566139457,705,45:40
77.7%,38870000,-599801.4506309647,299.7962607590737,705,45:39
77.7%,38875000,-599287.3697656658,299.28991860329484,705,45:38
77.7%,38880000,-600207.6866123704,301.08326280250714,705,45:37
77.7%,38885000,-598410.2310633599,299.019722261059,705,45:35
77.7%,38890000,-598796.7458677632,300.715453309213,705,45:34
77.7%,38895000,-599093.3860892104,303.5858294689465,705,45:33
77.7%,38900000,-600498.0562366415,300.0398643252986,705,45:32
77.7%,38905000,-600550.3183728969,297.91886964970155,705,45:30
77.7%,38910000,-599178.5114011164,299.72668777681645,705,45:29
77.8%,38915000,-600086.6338164872,300.3011800541434,705,45:28
77.8%,38920000,-600575.7472042688,303.97846542840574,705,45:27
77.8%,38925000,-599991.4770229701,300.829355762182,705,45:26
77.8%,38930000,-599105.693078442,299.47221649862394,705,45:24
77.8%,38935000,-599000.4422759023,298.4619853951854,705,45:23
77.8%,38940000,-600197.7758723642,301.5155426051708,705,45:22
77.8%,38945000,-599513.6853281129,301.0995030402555,705,45:21
77.8%,38950000,-600032.978481852,300.1585014699375,705,45:19
77.8%,38955000,-599542.0635821284,299.5262852055685,705,45:18
77.8%,38960000,-598142.5624686684,300.60881235227646,705,45:17
77.9%,38965000,-599762.044061,301.73095881010755,705,45:16
77.9%,38970000,-599434.5844445108,299.21956059443954,705,45:15
77.9%,38975000,-599623.5965344701,299.3774490689837,705,45:13
77.9%,38980000,-598716.2655615881,300.673675174945,705,45:12
77.9%,38985000,-599521.7054859195,302.96033499482377,705,45:11
77.9%,38990000,-599820.431412125,299.05450875218764,705,45:10
77.9%,38995000,-598705.7390060117,296.9900850558166,705,45:08
77.9%,39000000,-599455.3434436289,300.9758613510537,705,45:07
77.9%,39005000,-598698.1596127986,299.69185222152544,705,45:06
77.9%,39010000,-599227.355530119,299.47729463943045,705,45:05
78.0%,39015000,-599972.4068004917,301.30515547687827,705,45:04
78.0%,39020000,-599453.9833722818,301.0114083366992,705,45:02
78.0%,39025000,-600239.7432191903,300.40298819108534,705,45:01
78.0%,39030000,-598217.6147833345,301.8364222271469,705,45:00
78.0%,39035000,-598428.8991407272,297.3806357883747,705,44:59
78.0%,39040000,-599422.9268163098,299.4770493186185,705,44:57
78.0%,39045000,-599955.9134266707,299.47619069577684,705,44:56
78.0%,39050000,-599381.428909353,303.66146187525777,705,44:55
78.0%,39055000,-599155.0367286643,297.8463528177014,705,44:54
78.0%,39060000,-599195.3770459555,300.29323165983755,705,44:52
78.1%,39065000,-598988.6264830553,299.2630069102285,705,44:51
78.1%,39070000,-599634.1965033524,301.63805581863784,705,44:50
78.1%,39075000,-599447.3444747841,300.29342791648713,705,44:49
78.1%,39080000,-599393.7239668272,299.79756095937677,705,44:48
78.1%,39085000,-599803.2628444158,302.87582197512137,705,44:46
78.1%,39090000,-600184.9791672104,299.1691471675924,705,44:45
78.1%,39095000,-599679.6054436504,301.946595803775,705,44:44
78.1%,39100000,-598906.7474761419,300.11051671912827,705,44:43
78.1%,39105000,-599508.7038273024,301.313741705295,705,44:41
78.1%,39110000,-598996.3872222109,300.704144019784,705,44:40
78.2%,39115000,-599350.1436348623,300.0409682689522,705,44:39
78.2%,39120000,-600081.6397439535,300.63118561032246,705,44:38
78.2%,39125000,-600485.8604572746,300.88700615298046,705,44:37
78.2%,39130000,-598793.4113140777,299.95027316478973,705,44:35
78.2%,39135000,-599577.94318777,299.145056663863,705,44:34
78.2%,39140000,-599305.2607678119,299.50248908681345,705,44:33
78.2%,39145000,-599332.0327863921,298.9881249404852,705,44:32
78.2%,39150000,-600377.0452904468,301.02732965739204,705,44:30
78.2%,39155000,-598573.4788928553,301.1120634658252,705,44:29
78.2%,39160000,-599481.4557746565,300.11149800237587,705,44:28
78.3%,39165000,-599411.1650186316,301.47057530034806,705,44:27
78.3%,39170000,-598748.5236839596,300.9846683682012,705,44:26
78.3%,39175000,-600157.7931763623,302.2221401397104,705,44:24
78.3%,39180000,-600281.9826524141,301.1916946013706,705,44:23
78.3%,39185000,-599489.9045654917,301.93874553779386,705,44:22
78.3%,39190000,-600222.3454295266,300.2590339386575,705,44:21
78.3%,39195000,-599403.6069962727,298.15371526294143,705,44:19
78.3%,39200000,-598897.1545489496,301.36067157661313,705,44:18
78.3%,39205000,-600288.1900311634,301.65672473242404,705,44:17
78.3%,39210000,-599971.7920115045,299.72565742940645,705,44:16
78.4%,39215000,-599223.0369965839,300.3581435466685,705,44:15
78.4%,39220000,-598164.0816824953,300.3063808553558,705,44:13
78.4%,39225000,-599530.2674657125,300.10914292258155,705,44:12
78.4%,39230000,-599270.1999754603,296.3960407097806,705,44:11
78.4%,39235000,-599135.0656206477,301.49964581655917,705,44:10
78.4%,39240000,-599862.6109523997,300.3830436090772,705,44:08
78.4%,39245000,-599391.9708728776,298.8634529038734,705,44:07
78.4%,39250000,-599729.409467468,302.88384396567074,705,44:06
78.4%,39255000,-600607.0484646596,302.0554201159375,705,44:05
78.4%,39260000,-598361.9079541494,298.175769603932,705,44:03
78.5%,39265000,-600239.5257432507,300.3014744391177,705,44:02
78.5%,39270000,-599882.7342158156,297.7783008244781,705,44:01
78.5%,39275000,-598352.5535984794,298.2506415157264,705,44:00
78.5%,39280000,-598584.2057972974,300.1371094951391,705,43:59
78.5%,39285000,-599199.3231014227,298.6889316782818,705,43:57
78.5%,39290000,-600348.9748110529,300.3473003667821,705,43:56
78.5%,39295000,-600022.7481211782,296.0130703903105,705,43:55
78.5%,39300000,-599657.2998850066,299.66651058165536,705,43:54
78.5%,39305000,-598288.40740608,301.7579195673363,705,43:52
78.5%,39310000,-601100.0005634245,301.9211315034989,705,43:51
78.6%,39315000,-599627.6134390226,299.7195734732711,705,43:50
78.6%,39320000,-599440.9607831603,301.2038134494789,705,43:49
78.6%,39325000,-599503.70006407,301.4511704241261,705,43:48
78.6%,39330000,-599822.4402869428,297.38566486501884,705,43:46
78.6%,39335000,-599865.6816567383,301.33157652832074,705,43:45
78.6%,39340000,-599197.4227942773,298.07141013054616,705,43:44
78.6%,39345000,-600152.2424319373,302.26148959794045,705,43:43
78.6%,39350000,-599167.9840465928,300.59698788914244,705,43:41
78.6%,39355000,-599976.0043668738,298.27264679255455,705,43:40
78.6%,39360000,-600658.3441603086,295.9991361681941,705,43:39
78.7%,39365000,-598208.6589772678,300.09854506350706,705,43:38
78.7%,39370000,-599893.667239448,300.57240674378926,705,43:37
78.7%,39375000,-598967.1619650954,298.2907269363922,705,43:35
78.7%,39380000,-600380.5827468554,301.71690192758524,705,43:34
78.7%,39385000,-598776.8505885373,303.30022697972277,705,43:33
78.7%,39390000,-601172.2948468365,300.52957373003005,705,43:32
78.7%,39395000,-600671.1564769144,300.05193410924454,705,43:30
78.7%,39400000,-598885.7882011384,303.28121461679984,705,43:29
78.7%,39405000,-600699.5465969718,301.44484114717886,705,43:28
78.7%,39410000,-598508.3115239581,299.34560642759806,705,43:27
78.8%,39415000,-598148.8404949713,300.8745929198979,705,43:26
78.8%,39420000,-598722.8061594251,300.4244046979649,705,43:24
78.8%,39425000,-599801.7377559156,300.40163892661985,705,43:23
78.8%,39430000,-599741.0962032247,298.62470668972423,705,43:22
78.8%,39435000,-599192.0270664413,300.511052008731,705,43:21
78.8%,39440000,-599337.000448287,302.5749359993158,705,43:19
78.8%,39445000,-600182.0122192712,298.6458042795483,705,43:18
78.8%,39450000,-600027.5453118235,300.69712784456345,705,43:17
78.8%,39455000,-598401.3520432897,299.2250067164639,705,43:16
78.8%,39460000,-599562.0035784515,299.2886919992353,705,43:15
78.9%,39465000,-599369.2218674542,298.4547974953965,705,43:13
78.9%,39470000,-600389.4032323975,301.65655300785573,705,43:12
78.9%,39475000,-599505.0191697185,300.7860811709614,705,43:11
78.9%,39480000,-598186.0994438389,298.4133873423464,705,43:10
78.9%,39485000,-600251.3635071381,301.554131568884,705,43:08
78.9%,39490000,-600311.1901897434,301.10367349405794,705,43:07
78.9%,39495000,-599367.0093895486,299.8682624173687,705,43:06
78.9%,39500000,-599030.8402975732,301.5203263610031,705,43:05
78.9%,39505000,-600755.2715707859,300.6457086023874,705,43:04
78.9%,39510000,-598470.7140321205,297.86715602255134,705,43:02
79.0%,39515000,-599019.5128983948,301.971667590752,705,43:01
79.0%,39520000,-599602.0943155731,297.633021839666,705,43:00
79.0%,39525000,-598975.8274563318,303.30103653840206,705,42:59
79.0%,39530000,-598329.9078081511,302.0565240595911,705,42:57
79.0%,39535000,-598306.1766146985,301.7104009260696,705,42:56
79.0%,39540000,-598965.1305853315,299.0345396380983,705,42:55
79.0%,39545000,-598442.3618722945,299.3610125745859,705,42:54
79.0%,39550000,-600667.648401591,300.7818125888342,705,42:52
79.0%,39555000,-599835.8145244913,300.75389508043907,705,42:51
79.0%,39560000,-598803.3554679905,299.4093898386942,705,42:50
79.1%,39565000,-599639.872242345,301.4267119391788,705,42:49
79.1%,39570000,-598202.6434198157,299.4928479789054,705,42:48
79.1%,39575000,-599970.8936953517,302.6252512978382,705,42:46
79.1%,39580000,-599957.1841170345,302.01886731496313,705,42:45
79.1%,39585000,-599739.2100967779,303.62699430118465,705,42:44
79.1%,39590000,-600035.9576504692,301.11027262389825,705,42:43
79.1%,39595000,-598921.9898219835,300.34197690516373,705,42:41
79.1%,39600000,-598000.5963790612,302.8268068769021,705,42:40
79.1%,39605000,-599898.3159599812,301.32765139533024,705,42:39
79.1%,39610000,-599545.5814133901,298.18153464301184,705,42:38
79.2%,39615000,-598916.2794896052,301.10796660826634,705,42:37
79.2%,39620000,-601212.1486695092,299.84331329079765,705,42:35
79.2%,39625000,-599181.8460558155,301.6882975209167,705,42:34
79.2%,39630000,-599875.5005568531,301.7688608755474,705,42:33
79.2%,39635000,-599124.8284316501,300.5182399085199,705,42:32
79.2%,39640000,-598890.2404000526,302.1550203655723,705,42:30
79.2%,39645000,-598834.7292522858,299.4029869655034,705,42:29
79.2%,39650000,-599130.5133064184,301.3282892294412,705,42:28
79.2%,39655000,-599452.9510040698,298.9675179922849,705,42:27
79.2%,39660000,-598393.8273755298,300.2004022646114,705,42:26
79.3%,39665000,-599237.7194444812,300.14822252791856,705,42:24
79.3%,39670000,-600041.9636169984,301.3570408285969,705,42:23
79.3%,39675000,-600881.2617096542,300.793097346182,705,42:22
79.3%,39680000,-598799.571901802,298.824839408079,705,42:21
79.3%,39685000,-598619.0648528421,299.3792644429919,705,42:19
79.3%,39690000,-599583.2174513051,302.3410716693236,705,42:18
79.3%,39695000,-598317.3216201123,299.6280197462669,705,42:17
79.3%,39700000,-599852.7381653297,299.57606079830475,705,42:16
79.3%,39705000,-599626.1182300625,299.1833021784395,705,42:15
79.3%,39710000,-599676.1221709028,301.4511704241261,705,42:13
79.4%,39715000,-599961.6728181122,299.84176776968263,705,42:12
79.4%,39720000,-599771.9115899219,299.0106944551808,705,42:11
79.4%,39725000,-598518.0163209965,300.95662819940003,705,42:10
79.4%,39730000,-600106.195738879,300.9709058706531,705,42:08
79.4%,39735000,-600377.5926555521,298.56143845233305,705,42:07
79.4%,39740000,-600105.6515712324,298.96180201736746,705,42:06
79.4%,39745000,-599560.0956160156,301.1213856566777,705,42:05
79.4%,39750000,-600074.4845144148,297.1781970543879,705,42:04
79.4%,39755000,-599323.2180698649,300.76805009128617,705,42:02
79.4%,39760000,-598991.0569798616,300.49981631554556,705,42:01
79.5%,39765000,-600049.2386876186,302.89422103601447,705,42:00
79.5%,39770000,-598729.9557738672,300.398572416471,705,41:59
79.5%,39775000,-599643.1958976961,298.5510613819893,705,41:57
79.5%,39780000,-599032.8103675204,299.7350286844213,705,41:56
79.5%,39785000,-600239.7443848546,296.539430724341,705,41:55
79.5%,39790000,-600011.9338555178,298.25211344059784,705,41:54
79.5%,39795000,-599729.9679541229,301.9660252120781,705,41:52
79.5%,39800000,-599677.6287035318,298.5749556290692,705,41:51
79.5%,39805000,-599049.1467918367,297.9726439716719,705,41:50
79.5%,39810000,-599216.6308072195,301.08650103722437,705,41:49
79.6%,39815000,-599261.2574458276,298.3539706417022,705,41:48
79.6%,39820000,-600041.7161767129,301.36003374250214,705,41:46
79.6%,39825000,-599059.5750891669,300.4063490862085,705,41:45
79.6%,39830000,-599991.7647204455,299.0272290779034,705,41:44
79.6%,39835000,-599986.5437696069,299.8762353437558,705,41:43
79.6%,39840000,-598982.468129491,300.0063780344732,705,41:41
79.6%,39845000,-599389.512042677,298.0793094606896,705,41:40
79.6%,39850000,-599405.7597296713,301.89225724393725,705,41:39
79.6%,39855000,-599505.6364816586,297.8099962733766,705,41:38
79.6%,39860000,-599823.0117690605,300.4988840964603,705,41:37
79.7%,39865000,-599391.4223914836,298.565412649486,705,41:35
79.7%,39870000,-599529.3977323892,300.9533899646829,705,41:34
79.7%,39875000,-598930.3155621621,301.29364993079975,705,41:33
79.7%,39880000,-600328.0023056814,300.3472513026198,705,41:32
79.7%,39885000,-599832.526906176,300.3753405355833,705,41:30
79.7%,39890000,-600011.282939835,302.4841182347473,705,41:29
79.7%,39895000,-601082.375095834,299.3805155791326,705,41:28
79.7%,39900000,-599507.3595153703,302.4503866231099,705,41:27
79.7%,39905000,-599313.548010922,300.0982506785328,705,41:26
79.7%,39910000,-599125.8023011051,298.08725785499547,705,41:24
79.8%,39915000,-599876.7881810479,299.85572652388026,705,41:23
79.8%,39920000,-598689.3331392449,299.43011944730046,705,41:22
79.8%,39925000,-600361.8794304417,301.2697556837199,705,41:21
79.8%,39930000,-599404.937702958,301.9775307581566,705,41:19
79.8%,39935000,-600037.1321321549,300.80497087347834,705,41:18
79.8%,39940000,-599919.5205727662,300.1046780838048,705,41:17
79.8%,39945000,-600639.4885592903,299.22213646296456,705,41:16
79.8%,39950000,-599439.0225739148,305.261714063417,705,41:15
79.8%,39955000,-600093.3259756407,302.1444225064978,705,41:13
79.8%,39960000,-598630.5360728507,301.4061049909785,705,41:12
79.9%,39965000,-598803.1323198769,303.9664692407034,705,41:11
79.9%,39970000,-600529.2799513484,301.29521998399593,705,41:10
79.9%,39975000,-600463.7583066071,300.4755050230855,705,41:08
79.9%,39980000,-600083.2709209286,304.0582192243571,705,41:07
79.9%,39985000,-599983.193208403,301.1845557657441,705,41:06
79.9%,39990000,-598566.6437414507,302.25523391723686,705,41:05
79.9%,39995000,-599591.8867811603,299.92552029486814,705,41:04
79.9%,40000000,-598002.0640706187,303.02887762967094,705,41:02
79.9%,40005000,-598645.1397851007,301.04641561655853,705,41:01
79.9%,40010000,-598980.1188602322,299.4779079414602,705,41:00
80.0%,40015000,-600141.6416586,301.1271261636764,705,40:59
80.0%,40020000,-598661.8739536274,300.3340285108579,705,40:57
80.0%,40025000,-599776.9499486969,299.5690200910029,705,40:56
80.0%,40030000,-598685.1345760562,299.13654403168977,705,40:55
80.0%,40035000,-599439.5691594193,302.779877005584,705,40:54
80.0%,40040000,-599471.8117636917,299.7340474011737,705,40:52
80.0%,40045000,-600216.9428184824,296.65772441984325,705,40:51
80.0%,40050000,-600544.2640427272,299.60824688882707,705,40:50
80.0%,40055000,-601189.7846798017,300.0520322375693,705,40:49
80.0%,40060000,-598738.950160366,301.21772313951413,705,40:48
80.0%,40065000,-598977.6251220764,302.9712027067913,705,40:46
80.1%,40070000,-598742.7919531544,300.34911574079024,705,40:45
80.1%,40075000,-599500.4382871212,301.5717946673414,705,40:44
80.1%,40080000,-601254.0205340423,297.9225739939614,705,40:43
80.1%,40085000,-599568.1427650759,301.7990108033309,705,40:41
80.1%,40090000,-599254.5891785985,301.2522397777496,705,40:40
80.1%,40095000,-600396.2318820939,300.5274639710476,705,40:39
80.1%,40100000,-599196.2227505865,300.0225692080591,705,40:38
80.1%,40105000,-598284.7637676313,301.96411170974517,705,40:37
80.1%,40110000,-599443.2818359016,301.9120546334583,705,40:35
80.1%,40115000,-599221.0466193804,300.64232317518315,705,40:34
80.2%,40120000,-601001.1819017474,301.4352000392708,705,40:33
80.2%,40125000,-599957.9284480242,301.4624061173115,705,40:32
80.2%,40130000,-599738.1614713818,298.4192995739134,705,40:30
80.2%,40135000,-598457.3112438205,302.21821500671984,705,40:29
80.2%,40140000,-599775.7212498575,301.5529294969057,705,40:28
80.2%,40145000,-599888.7419032357,298.4350246379567,705,40:27
80.2%,40150000,-599082.2634220966,300.0626791608061,705,40:26
80.2%,40155000,-599652.4021655745,299.8785658914689,705,40:24
80.2%,40160000,-599073.9481342845,300.95392967046905,705,40:23
80.2%,40165000,-598259.6777858189,301.2091369110973,705,40:22
80.3%,40170000,-600683.9933930459,300.378259853245,705,40:21
80.3%,40175000,-600664.4996119766,301.4586772409705,705,40:19
80.3%,40180000,-599133.0600979486,300.68051962559724,705,40:18
80.3%,40185000,-600002.4568622843,297.4223893905615,705,40:17
80.3%,40190000,-600754.146786618,300.08603370209977,705,40:16
80.3%,40195000,-598905.0580310179,300.4785960653155,705,40:15
80.3%,40200000,-599289.1761985281,300.11321524805925,705,40:13
80.3%,40205000,-600578.8627176671,299.1603401504449,705,40:12
80.3%,40210000,-599153.6790004387,301.9804500758183,705,40:11
80.3%,40215000,-598952.3934858488,301.4137099361477,705,40:10
80.4%,40220000,-599582.1538129123,300.7840204761414,705,40:08
80.4%,40225000,-598395.7819348401,302.48767538652,705,40:07
80.4%,40230000,-600155.9331922797,300.3824548391286,705,40:06
80.4%,40235000,-599293.774503238,301.887718808917,705,40:05
80.4%,40240000,-599443.5080852807,300.8010212084066,705,40:03
80.4%,40245000,-599049.8662717654,297.2988948938468,705,40:02
80.4%,40250000,-599455.6389501989,303.4667507468462,705,40:01
80.4%,40255000,-600989.8424493559,302.3841745359759,705,40:00
80.4%,40260000,-599338.2401642571,299.2087664787156,705,39:59
80.4%,40265000,-599613.5467284513,301.3240451793952,705,39:57
80.5%,40270000,-599437.3362369798,299.2211551797169,705,39:56
80.5%,40275000,-599667.6939872629,302.6597434039925,705,39:55
80.5%,40280000,-598989.8978320062,300.52481450627903,705,39:54
80.5%,40285000,-599370.9384098728,302.54022310443077,705,39:52
80.5%,40290000,-599583.4883983317,300.46073671020855,705,39:51
80.5%,40295000,-599798.464248992,298.59757420792715,705,39:50
80.5%,40300000,-600033.975128164,302.7421957288749,705,39:49
80.5%,40305000,-599777.287877908,304.05924957176717,705,39:48
80.5%,40310000,-601556.8926270478,298.07489368607526,705,39:46
80.5%,40315000,-599059.5882748342,302.21846032753183,705,39:45
80.6%,40320000,-599657.8207061887,302.5639701590235,705,39:44
80.6%,40325000,-598874.7346390337,301.67257245687335,705,39:43
80.6%,40330000,-601693.3466772777,299.589725167528,705,39:41
80.6%,40335000,-599937.8311663843,299.44795427032625,705,39:40
80.6%,40340000,-598909.0313846101,301.5022707492466,705,39:39
80.6%,40345000,-598991.703203972,301.1974351083693,705,39:38
80.6%,40350000,-599602.9300976926,300.9434544718006,705,39:37
80.6%,40355000,-599801.33707463,302.08451516422986,705,39:35
80.6%,40360000,-599325.6207122509,299.3637356355981,705,39:34
80.6%,40365000,-597716.7012270414,301.27439224706495,705,39:33
80.7%,40370000,-598944.678953554,298.28474110858167,705,39:32
80.7%,40375000,-599464.303794737,299.5155156219257,705,39:30
80.7%,40380000,-599218.4303072505,299.05377278975186,705,39:29
80.7%,40385000,-600150.8865371756,299.34104346049656,705,39:28
80.7%,40390000,-599010.8888742765,300.9164446504095,705,39:27
80.7%,40395000,-599430.0639959802,302.14329403076306,705,39:26
80.7%,40400000,-600250.4826966915,299.6481605849246,705,39:24
80.7%,40405000,-599625.911345589,300.076932299978,705,39:23
80.7%,40410000,-599895.4168862607,299.2906790978118,705,39:22
80.7%,40415000,-601009.6066703117,299.52930265155504,705,39:21
80.8%,40420000,-599427.3152117105,299.7112570977474,705,39:19
80.8%,40425000,-600171.2555572293,299.97990791886826,705,39:18
80.8%,40430000,-599584.529287098,301.26438315793905,705,39:17
80.8%,40435000,-599038.1497146892,301.6852064786866,705,39:16
80.8%,40440000,-600172.8197021061,298.66888896794893,705,39:15
80.8%,40445000,-598650.5625946582,298.8158116022008,705,39:13
80.8%,40450000,-598059.5183959319,301.0531374068048,705,39:12
80.8%,40455000,-599429.6748636253,300.8045538280981,705,39:11
80.8%,40460000,-599218.9354784521,299.6790955393062,705,39:10
80.8%,40465000,-599896.5492085689,299.8663979791982,705,39:08
80.9%,40470000,-600519.6048065829,299.11804684247187,705,39:07
80.9%,40475000,-598974.8922655554,298.8673780368639,705,39:06
80.9%,40480000,-600486.6900291443,298.94818671230655,705,39:05
80.9%,40485000,-598783.003113668,299.72256638717636,705,39:04
80.9%,40490000,-598114.4592887862,300.56808909749964,705,39:02
80.9%,40495000,-598783.925138229,298.1628657292256,705,39:01
80.9%,40500000,-600823.1276973309,299.9642564510685,705,39:00
80.9%,40505000,-599617.478550103,301.7870391477098,705,38:59
80.9%,40510000,-600022.8318354203,299.06594070202254,705,38:57
80.9%,40515000,-599156.9615911697,300.13426377372093,705,38:56
81.0%,40520000,-599323.5570769846,302.107035614763,705,38:55
81.0%,40525000,-600145.9415187729,299.70652240607757,705,38:54
81.0%,40530000,-599795.6259914422,301.66455046632393,705,38:52
81.0%,40535000,-598870.5306739593,299.6946488787812,705,38:51
81.0%,40540000,-599787.9623603309,301.8931894630225,705,38:50
81.0%,40545000,-599066.8634541836,300.2265043989985,705,38:49
81.0%,40550000,-600654.6060978365,300.3745800410664,705,38:48
81.0%,40555000,-600511.3467419441,299.2468893328861,705,38:46
81.0%,40560000,-599551.32437775,301.27274859762514,705,38:45
81.0%,40565000,-599168.7072590976,302.9481425504719,705,38:44
81.1%,40570000,-598964.4174693851,299.51002043573897,705,38:43
81.1%,40575000,-598869.02039146,300.43262294516387,705,38:41
81.1%,40580000,-600106.6664167973,297.7869361170573,705,38:40
81.1%,40585000,-599066.015131393,298.35161556190786,705,38:39
81.1%,40590000,-600158.3470817381,300.1941711159889,705,38:38
81.1%,40595000,-597918.0388700399,299.29708197100257,705,38:37
81.1%,40600000,-599041.1136065787,301.2684309513355,705,38:35
81.1%,40605000,-600516.1065941304,299.34477233683754,705,38:34
81.1%,40610000,-600983.8758093142,298.69643849512624,705,38:33
81.1%,40615000,-598913.4262059815,303.0560346435492,705,38:32
81.2%,40620000,-599339.1981669599,299.00630321264765,705,38:30
81.2%,40625000,-598715.3752348493,297.97387057573144,705,38:29
81.2%,40630000,-599011.0703628282,302.49900920803015,705,38:28
81.2%,40635000,-599390.7577893827,302.7976382323662,705,38:27
81.2%,40640000,-598372.5189657463,299.79032399542547,705,38:26
81.2%,40645000,-600025.4439209593,299.421189769747,705,38:24
81.2%,40650000,-599498.7203712692,300.0931970698075,705,38:23
81.2%,40655000,-600295.9064885792,298.9406062992186,705,38:22
81.2%,40660000,-599195.8593530487,300.8186107106204,705,38:21
81.2%,40665000,-600834.3880002,297.88795922740115,705,38:19
81.3%,40670000,-600476.5493089575,302.6957564991806,705,38:18
81.3%,40675000,-599197.3143696594,298.65777593516947,705,38:17
81.3%,40680000,-598941.0131018702,299.54205933377426,705,38:16
81.3%,40685000,-599374.9635437578,300.68108386346466,705,38:15
81.3%,40690000,-598222.2757367799,300.9608477173649,705,38:13
81.3%,40695000,-599524.8081293665,299.44088903094325,705,38:12
81.3%,40700000,-599588.0301147923,299.99860136473563,705,38:11
81.3%,40705000,-600261.1916250833,298.5066583150339,705,38:10
81.3%,40710000,-600034.4103950751,302.21963786742896,705,38:08
81.3%,40715000,-598442.5694165565,297.0683914589777,705,38:07
81.4%,40720000,-599526.1555641945,298.7614975744443,705,38:06
81.4%,40725000,-599340.6280801622,299.7434922524322,705,38:05
81.4%,40730000,-599281.0495408843,301.184408573257,705,38:04
81.4%,40735000,-599705.2355069118,301.36795760472677,705,38:02
81.4%,40740000,-599632.3123410353,298.06996273775593,705,38:01
81.4%,40745000,-599676.4497040501,299.86409196356635,705,38:00
81.4%,40750000,-599800.0375433057,301.6153881756175,705,37:59
81.4%,40755000,-600298.7341669826,297.973944171975,705,37:57
81.4%,40760000,-599335.7271709181,299.8229025992469,705,37:56
81.4%,40765000,-600682.1465387186,298.41218527036807,705,37:55
81.5%,40770000,-599563.1357898503,300.3781126607579,705,37:54
81.5%,40775000,-599929.5165092768,301.05600766030415,705,37:52
81.5%,40780000,-598714.9810054661,299.62296613754165,705,37:51
81.5%,40785000,-598526.9467238924,299.4206255318796,705,37:50
81.5%,40790000,-600176.20186404,302.3936684513967,705,37:49
81.5%,40795000,-600749.1280597933,301.27750782137616,705,37:48
81.5%,40800000,-599199.8020788277,302.05473321766414,705,37:46
81.5%,40805000,-600634.248537879,300.94139377698053,705,37:45
81.5%,40810000,-599535.3501664493,299.3065022901799,705,37:44
81.5%,40815000,-599934.9791620285,304.287667779735,705,37:43
81.6%,40820000,-598585.2934133369,300.3436205546035,705,37:41
81.6%,40825000,-598808.7733745109,302.91546581832574,705,37:40
81.6%,40830000,-600661.4548201784,302.4570102850314,705,37:39
81.6%,40835000,-600620.8863306292,302.6850605117814,705,37:38
81.6%,40840000,-600621.2016845308,299.5738038468352,705,37:37
81.6%,40845000,-600173.3409464257,300.9261593545611,705,37:35
81.6%,40850000,-599985.123627279,298.4165765129012,705,37:34
81.6%,40855000,-600461.8263507057,300.3442583887145,705,37:33
81.6%,40860000,-599755.657617073,301.54007468636166,705,37:32
81.6%,40865000,-598247.5915011177,301.3122943125048,705,37:30
81.7%,40870000,-598967.6395992981,299.38946978876726,705,37:29
81.7%,40875000,-598908.3979237285,298.9805935915596,705,37:28
81.7%,40880000,-599438.2101334161,303.08341244615815,705,37:27
81.7%,40885000,-599290.0057028914,297.7616680734307,705,37:26
81.7%,40890000,-600007.416595676,302.31393918752644,705,37:24
81.7%,40895000,-600006.1857606024,301.8916930060699,705,37:23
81.7%,40900000,-600410.8841938949,302.87324610659635,705,37:22
81.7%,40905000,-599021.0807357063,301.26877440047224,705,37:21
81.7%,40910000,-598888.5748319188,301.0844403424043,705,37:19
81.7%,40915000,-599350.3051906452,303.5548209183212,705,37:18
81.8%,40920000,-600125.7124213488,301.10490009811747,705,37:17
81.8%,40925000,-598111.2009355761,300.25746388546133,705,37:16
81.8%,40930000,-599043.3321864889,299.6347906006756,705,37:15
81.8%,40935000,-600340.881920449,301.11996279596866,705,37:13
81.8%,40940000,-600444.8814954367,303.28393767781205,705,37:12
81.8%,40945000,-602248.1673506941,299.99747288900085,705,37:11
81.8%,40950000,-600284.9063601745,298.1154697483649,705,37:10
81.8%,40955000,-599007.7801287025,302.46152418797055,705,37:08
81.8%,40960000,-599744.5021313708,300.5034225314806,705,37:07
81.8%,40965000,-599339.524666985,298.6572116973021,705,37:06
81.9%,40970000,-599800.8773889081,300.8062220096191,705,37:05
81.9%,40975000,-599550.7422052212,299.00122507184113,705,37:04
81.9%,40980000,-599026.2452566084,302.30684941606233,705,37:02
81.9%,40985000,-599332.6955358894,298.9221581741631,705,37:01
81.9%,40990000,-599858.4532060623,297.330541278583,705,37:00
81.9%,40995000,-598943.4192134021,302.2260652727009,705,36:59
81.9%,41000000,-599321.9940560162,301.0490160171648,705,36:57
81.9%,41005000,-599974.1249591811,301.2851863627889,705,36:56
81.9%,41010000,-599744.0346666691,299.2256936147373,705,36:55
81.9%,41015000,-599165.8827881231,301.549887518838,705,36:54
82.0%,41020000,-598550.3998163026,298.8938972166312,705,36:53
82.0%,41025000,-599519.6665631211,300.0805875800754,705,36:51
82.0%,41030000,-599408.4592808178,300.0469295646816,705,36:50
82.0%,41035000,-600996.6099302978,300.8283744789344,705,36:49
82.0%,41040000,-600305.3842639923,300.47283102623567,705,36:48
82.0%,41045000,-599978.1593410312,300.27826709031115,705,36:46
82.0%,41050000,-598672.4355339105,302.3280941983736,705,36:45
82.0%,41055000,-600281.5612270772,300.32384769716367,705,36:44
82.0%,41060000,-599740.6515929331,300.56708328217087,705,36:43
82.0%,41065000,-599361.6850673785,301.92383003242986,705,36:42
82.1%,41070000,-600713.0330911288,302.69727748821447,705,36:40
82.1%,41075000,-598562.4064319767,301.9504718726031,705,36:39
82.1%,41080000,-600646.4944390808,299.45055467093243,705,36:38
82.1%,41085000,-598725.5484252716,297.037701825408,705,36:37
82.1%,41090000,-600233.8821600238,301.3418554703397,705,36:35
82.1%,41095000,-599692.8109518033,299.6955075016229,705,36:34
82.1%,41100000,-599789.243514854,299.68925182091925,705,36:33
82.1%,41105000,-600659.2463384289,299.2666131261635,705,36:32
82.1%,41110000,-599963.4169930643,301.04813286224186,705,36:30
82.1%,41115000,-599264.0003879555,301.4415538482993,705,36:29
82.2%,41120000,-600331.0080419276,298.66739251099625,705,36:28
82.2%,41125000,-598756.9842911493,298.77028005951064,705,36:27
82.2%,41130000,-599296.216525252,299.38260080603385,705,36:26
82.2%,41135000,-600182.497744265,297.61619283196904,705,36:24
82.2%,41140000,-599659.0997836138,298.6020390467039,705,36:23
82.2%,41145000,-600045.3673865721,300.0510509543217,705,36:22
82.2%,41150000,-598924.7408796642,297.50469452295675,705,36:21
82.2%,41155000,-599406.2686832165,301.76932698509,705,36:19
82.2%,41160000,-598476.8678817628,298.9721790877112,705,36:18
82.2%,41165000,-599091.4833363518,301.25317199683485,705,36:17
82.3%,41170000,-598916.6678039143,297.96518621898986,705,36:16
82.3%,41175000,-598392.868718423,301.8554345900698,705,36:15
82.3%,41180000,-598399.5326525616,299.59993051330343,705,36:13
82.3%,41185000,-598905.5372663564,300.11507968622976,705,36:12
82.3%,41190000,-600140.0318195354,300.17449638687395,705,36:11
82.3%,41195000,-598686.9154662001,299.26771706981714,705,36:10
82.3%,41200000,-599078.6846736548,301.23295756193363,705,36:08
82.3%,41205000,-599574.1388478898,301.0253670908968,705,36:07
82.3%,41210000,-599633.4713781029,299.38159499070497,705,36:06
82.3%,41215000,-598483.885670831,300.9965664275788,705,36:05
82.4%,41220000,-600380.6518289149,298.75065439455796,705,36:04
82.4%,41225000,-599155.3425912387,300.6221578044442,705,36:02
82.4%,41230000,-599865.2406611526,302.33111164436013,705,36:01
82.4%,41235000,-599554.9116036026,299.91889663294666,705,36:00
82.4%,41240000,-599695.2789938613,299.75455622104926,705,35:59
82.4%,41245000,-600531.6941946195,297.5233879688242,705,35:57
82.4%,41250000,-599395.7607418234,299.3248522869106,705,35:56
82.4%,41255000,-600398.0346202599,299.56698392826416,705,35:55
82.4%,41260000,-599668.9748213524,297.37165704665887,705,35:54
82.4%,41265000,-598461.8671942074,297.7755532313847,705,35:53
82.5%,41270000,-598717.5812216001,299.2659998241338,705,35:51
82.5%,41275000,-599726.2983194003,298.9439671943417,705,35:50
82.5%,41280000,-599590.7983647194,298.48453037779984,705,35:49
82.5%,41285000,-599273.7336113877,300.1221939897751,705,35:48
82.5%,41290000,-599362.1823944668,301.1841387203639,705,35:46
82.5%,41295000,-600469.9842171753,298.434288675521,705,35:45
82.5%,41300000,-599038.6081843842,301.59473216325483,705,35:44
82.5%,41305000,-599626.5748426565,298.46593506025715,705,35:43
82.5%,41310000,-599526.2690662057,300.29774556277664,705,35:41
82.5%,41315000,-600697.2350847283,299.972548294511,705,35:40
82.6%,41320000,-600923.66921118,300.6706331968773,705,35:39
82.6%,41325000,-600049.6665255707,298.9511550941306,705,35:38
82.6%,41330000,-599558.3832763834,300.92002633426335,705,35:37
82.6%,41335000,-599728.5980530437,300.6449235757894,705,35:35
82.6%,41340000,-600977.8018824677,300.8305578341604,705,35:34
82.6%,41345000,-598789.947933583,299.8255520640155,705,35:33
82.6%,41350000,-599489.6522424496,300.19245387030566,705,35:32
82.6%,41355000,-599011.4761266401,300.3033879414506,705,35:30
82.6%,41360000,-598822.7436871082,300.8323977402497,705,35:29
82.6%,41365000,-600377.4361440493,299.78823876852425,705,35:28
82.7%,41370000,-598697.4542677305,302.0870665006737,705,35:27
82.7%,41375000,-598469.2535565989,299.7461171851196,705,35:26
82.7%,41380000,-601280.6553652296,300.3355740319729,705,35:24
82.7%,41385000,-599653.7327279057,300.607732940704,705,35:23
82.7%,41390000,-600332.6436837502,300.9853307343933,705,35:22
82.7%,41395000,-599885.9878166867,298.8589635330155,705,35:21
82.7%,41400000,-599849.1399200629,299.886931331155,705,35:19
82.7%,41405000,-600875.7852974827,298.13676359483856,705,35:18
82.7%,41410000,-599632.8169365088,301.74003568014814,705,35:17
82.7%,41415000,-598520.256327542,298.68343649209504,705,35:16
82.8%,41420000,-600678.2546791923,298.4135835989959,705,35:15
82.8%,41425000,-600223.0601831232,300.35333525875507,705,35:13
82.8%,41430000,-599381.0801791889,298.82209181498564,705,35:12
82.8%,41435000,-599478.0547755482,298.766600247332,705,35:11
82.8%,41440000,-598792.7609596718,302.41385835421676,705,35:10
82.8%,41445000,-601279.6427197312,299.6888593076202,705,35:08
82.8%,41450000,-599713.6214114716,303.10242480908107,705,35:07
82.8%,41455000,-600008.2340762224,299.007897797925,705,35:06
82.8%,41460000,-600261.9847812778,301.2731901750866,705,35:05
82.8%,41465000,-599701.592191474,302.15244449704727,705,35:03
82.9%,41470000,-599501.4385463819,300.3611855247362,705,35:02
82.9%,41475000,-599073.9170496427,297.85042514317917,705,35:01
82.9%,41480000,-600018.3761538602,302.0951866195478,705,35:00
82.9%,41485000,-598575.2298946204,301.7057888948058,705,34:59
82.9%,41490000,-600186.6713611516,302.19716648105816,705,34:57
82.9%,41495000,-600049.6730788955,300.85037975576256,705,34:56
82.9%,41500000,-599717.4150974858,301.7942270474987,705,34:55
82.9%,41505000,-599686.1798843984,300.39450009099335,705,34:54
82.9%,41510000,-599305.3685725015,299.9224047205569,705,34:52
82.9%,41515000,-598258.5490404833,299.0128532783256,705,34:51
83.0%,41520000,-598429.0823239326,297.6232826034332,705,34:50
83.0%,41525000,-600360.8401423655,297.6660910851112,705,34:49
83.0%,41530000,-599328.71107178,298.52643117247374,705,34:48
83.0%,41535000,-601633.5703499638,302.8448624886585,705,34:46
83.0%,41540000,-599371.8896369077,299.3281395857902,705,34:45
83.0%,41545000,-599566.9639658309,300.52324445308284,705,34:44
83.0%,41550000,-599282.703296213,299.22014936438813,705,34:43
83.0%,41555000,-598530.8595853634,299.6404329793495,705,34:41
83.0%,41560000,-600045.0146145234,299.0011269435164,705,34:40
83.0%,41565000,-599121.6618490289,303.54132827366624,705,34:39
83.1%,41570000,-600547.9419009048,297.7049253696363,705,34:38
83.1%,41575000,-599555.4386101966,301.04683266193877,705,34:37
83.1%,41580000,-600068.2231942429,299.64347495741714,705,34:35
83.1%,41585000,-598841.8701376943,298.6875824138163,705,34:34
83.1%,41590000,-598411.473376554,300.95591676904553,705,34:33
83.1%,41595000,-599504.4914098484,298.2829747987359,705,34:32
83.1%,41600000,-598724.5176261552,300.76410042621444,705,34:30
83.1%,41605000,-600868.2819580552,303.23269016020436,705,34:29
83.1%,41610000,-598536.0589070716,301.22692266996063,705,34:28
83.1%,41615000,-598608.3737115148,301.1053907397413,705,34:27
83.2%,41620000,-599568.6207432519,298.06002724487365,705,34:25
83.2%,41625000,-598846.6935207746,297.04317247951354,705,34:24
83.2%,41630000,-599779.7006041757,301.34433321054,705,34:23
83.2%,41635000,-598595.111790108,301.2758887040176,705,34:22
83.2%,41640000,-600269.8735610745,300.99038434311865,705,34:21
83.2%,41645000,-599013.9703627052,300.89605849093994,705,34:19
83.2%,41650000,-599773.8587432369,301.51981118729805,705,34:18
83.2%,41655000,-600258.4798175665,299.9786077185651,705,34:17
83.2%,41660000,-599230.8618968641,299.91558480198586,705,34:16
83.2%,41665000,-600344.9388484252,297.796160179585,705,34:14
83.3%,41670000,-599019.7375834743,299.51271896467,705,34:13
83.3%,41675000,-601525.7091654809,298.68947138406804,705,34:12
83.3%,41680000,-599620.5300590885,301.00517718807674,705,34:11
83.3%,41685000,-598823.1489823316,296.49404637413795,705,34:10
83.3%,41690000,-597861.3474561083,301.1212139321094,705,34:08
83.3%,41695000,-598658.4185260683,299.03463776642303,705,34:07
83.3%,41700000,-599894.4833547035,299.4698859509108,705,34:06
83.3%,41705000,-599889.40435257,301.9514286237696,705,34:05
83.3%,41710000,-600590.364064326,304.193440055881,705,34:03
83.3%,41715000,-600205.6838692422,302.78937092100483,705,34:02
83.4%,41720000,-599803.0867389948,299.4918421635766,705,34:01
83.4%,41725000,-598760.9065332441,301.1568099819173,705,34:00
83.4%,41730000,-598416.3152379482,299.0141780107099,705,33:59
83.4%,41735000,-599614.178375457,302.15340124821364,705,33:57
83.4%,41740000,-600308.0142580555,301.11054247679135,705,33:56
83.4%,41745000,-600749.9670483563,301.469029779233,705,33:55
83.4%,41750000,-600011.684192339,297.34273372293484,705,33:54
83.4%,41755000,-599743.4138319343,296.82802612746997,705,33:52
83.4%,41760000,-601777.568530723,299.9579271741212,705,33:51
83.4%,41765000,-599446.0071272836,301.7523507849059,705,33:50
83.5%,41770000,-598833.8794626384,302.8205757282796,705,33:49
83.5%,41775000,-598735.791476177,295.8541025041939,705,33:48
83.5%,41780000,-601549.3953106413,300.27348333447895,705,33:46
83.5%,41785000,-600042.3037082944,300.3356721602977,705,33:45
83.5%,41790000,-600189.4128745892,302.0859870891013,705,33:44
83.5%,41795000,-598449.9099924862,300.94625112905635,705,33:43
83.5%,41800000,-598436.950736064,299.6716377866242,705,33:41
83.5%,41805000,-599933.6267098333,300.9674959113676,705,33:40
83.5%,41810000,-598444.3262147857,298.1436080454908,705,33:39
83.5%,41815000,-599881.0346000404,300.5749090160707,705,33:38
83.6%,41820000,-599615.0237826724,303.8709413165463,705,33:36
83.6%,41825000,-598885.3584300545,299.76282353241055,705,33:35
83.6%,41830000,-599262.9343617307,301.683072187623,705,33:34
83.6%,41835000,-598868.2998364293,300.3151633404222,705,33:33
83.6%,41840000,-599043.3576936726,298.3723942346765,705,33:32
83.6%,41845000,-601051.241708531,300.49586665047383,705,33:30
83.6%,41850000,-600765.6262945877,297.74464280908427,705,33:29
83.6%,41855000,-599261.4419222511,300.95932672833106,705,33:28
83.6%,41860000,-598369.8536273958,297.0583578377707,705,33:27
83.6%,41865000,-599571.9400883107,300.6009620862954,705,33:25
83.7%,41870000,-598737.8172946498,297.43794273003647,705,33:24
83.7%,41875000,-599803.2626427673,297.9988442343837,705,33:23
83.7%,41880000,-600884.4100823165,302.2135048471312,705,33:22
83.7%,41885000,-598898.9899459314,302.5908818520898,705,33:21
83.7%,41890000,-600589.54891073,299.0395932468236,705,33:19
83.7%,41895000,-599267.8103087675,299.584843283371,705,33:18
83.7%,41900000,-599806.4380014702,300.49149994002187,705,33:17
83.7%,41905000,-599766.3842044245,301.7844632791847,705,33:16
83.7%,41910000,-599194.7795760771,302.6033196172536,705,33:14
83.7%,41915000,-600052.331579187,298.97953871206846,705,33:13
83.8%,41920000,-600478.0873972997,299.59401828173645,705,33:12
83.8%,41925000,-599183.3340557609,296.47211469355335,705,33:11
83.8%,41930000,-599328.1721453276,301.2753735303126,705,33:10
83.8%,41935000,-601647.7290698113,298.1444666683324,705,33:08
83.8%,41940000,-599861.8859621515,298.4111794550392,705,33:07
83.8%,41945000,-600253.8837996577,299.9592028423432,705,33:06
83.8%,41950000,-599938.8295015441,299.99295898606175,705,33:05
83.8%,41955000,-600584.5442731408,301.7810778519804,705,33:03
83.8%,41960000,-599794.6872735489,300.7326502981278,705,33:02
83.8%,41965000,-599499.0509501882,300.0257338465327,705,33:01
83.9%,41970000,-598208.8225616687,300.3306676157348,705,33:00
83.9%,41975000,-600283.9266773905,297.09351231011715,705,32:59
83.9%,41980000,-600002.0635688193,299.79464164171503,705,32:57
83.9%,41985000,-599406.8610836845,299.7870857607083,705,32:56
83.9%,41990000,-599668.8091235422,301.2778022063505,705,32:55
83.9%,41995000,-600682.2910084389,299.78814064019946,705,32:54
83.9%,42000000,-601021.3474255162,299.35762714738155,705,32:52
83.9%,42005000,-599871.3074055831,300.132080418495,705,32:51
83.9%,42010000,-601121.2820220408,303.4031145282371,705,32:50
83.9%,42015000,-599130.7101158779,300.62436569175145,705,32:49
84.0%,42020000,-598941.7865701644,301.2042304948592,705,32:48
84.0%,42025000,-599066.043838053,299.58970063544683,705,32:46
84.0%,42030000,-599403.7014959129,300.6118543303441,705,32:45
84.0%,42035000,-598538.1696824762,302.20462423374016,705,32:44
84.0%,42040000,-599458.5264824,298.2034908556776,705,32:43
84.0%,42045000,-598216.9429645934,301.6337136402671,705,32:41
84.0%,42050000,-599539.8736041673,298.8388226943578,705,32:40
84.0%,42055000,-599784.4357595709,299.16561454790093,705,32:39
84.0%,42060000,-600323.5893239644,299.3327025528917,705,32:38
84.0%,42065000,-600622.1562288008,302.6340092508233,705,32:36
84.1%,42070000,-600004.652090494,298.51598050588643,705,32:35
84.1%,42075000,-599033.7389795398,300.66302825170817,705,32:34
84.1%,42080000,-599108.6353176534,301.2046966044018,705,32:33
84.1%,42085000,-599979.6257856945,299.6829716081344,705,32:32
84.1%,42090000,-600943.779470562,300.31837704305815,705,32:30
84.1%,42095000,-599628.4525076626,303.3475984285023,705,32:29
84.1%,42100000,-600944.7883571922,299.3079742150513,705,32:28
84.1%,42105000,-599440.2821283778,300.6540740420735,705,32:27
84.1%,42110000,-600311.4156467877,297.9595193082348,705,32:25
84.1%,42115000,-599641.8048469205,300.6995810526825,705,32:24
84.2%,42120000,-599066.5572323622,301.1478803043638,705,32:23
84.2%,42125000,-599907.9438266931,301.24029265420967,705,32:22
84.2%,42130000,-599736.68192328,298.8180685536704,705,32:21
84.2%,42135000,-601321.790908711,301.3707542619825,705,32:19
84.2%,42140000,-600820.4674204346,298.41245512326117,705,32:18
84.2%,42145000,-599985.138263463,297.9637142941184,705,32:17
84.2%,42150000,-599650.3562689703,298.9294932664391,705,32:16
84.2%,42155000,-598630.6320567192,300.47815448785406,705,32:14
84.2%,42160000,-600161.0997261503,300.6619979042982,705,32:13
84.2%,42165000,-599014.3385869269,300.12911203667085,705,32:12
84.3%,42170000,-600065.1823098962,302.47567919881766,705,32:11
84.3%,42175000,-599532.3348491611,300.0616733454773,705,32:10
84.3%,42180000,-599366.1893501552,298.65784953141304,705,32:08
84.3%,42185000,-598515.4738156977,299.96825518030255,705,32:07
84.3%,42190000,-598734.7156282463,299.93280632298183,705,32:06
84.3%,42195000,-599165.920572436,299.5364169551004,705,32:05
84.3%,42200000,-600224.0772745395,301.44560164169576,705,32:03
84.3%,42205000,-599344.6876011272,298.5337417326686,705,32:02
84.3%,42210000,-598878.8868849673,301.4949601890517,705,32:01
84.3%,42215000,-599970.5116357822,301.2320253428484,705,32:00
84.4%,42220000,-599040.4364458136,298.6870672401113,705,31:58
84.4%,42225000,-600461.5208518631,299.30929894743565,705,31:57
84.4%,42230000,-600453.9279331323,299.6874364469111,705,31:56
84.4%,42235000,-599087.4294760153,299.3609635104235,705,31:55
84.4%,42240000,-599160.8418972478,302.9672530417196,705,31:54
84.4%,42245000,-599389.9142543315,298.03696708855426,705,31:52
84.4%,42250000,-598820.0254130862,300.21943915961555,705,31:51
84.4%,42255000,-599376.0532001453,302.027208222568,705,31:50
84.4%,42260000,-599310.2205402534,301.0788960920552,705,31:49
84.4%,42265000,-599482.7096562092,300.6340558638218,705,31:47
84.5%,42270000,-598481.118600612,298.95247982651495,705,31:46
84.5%,42275000,-600310.5086347717,299.5766741003345,705,31:45
84.5%,42280000,-598258.7841552845,298.1663002205923,705,31:44
84.5%,42285000,-599683.786273234,300.2076146964815,705,31:43
84.5%,42290000,-600026.8869322799,301.07766948799565,705,31:41
84.5%,42295000,-600190.4076095182,299.7020575673008,705,31:40
84.5%,42300000,-599082.4762459635,300.0083651330496,705,31:39
84.5%,42305000,-600434.0855722148,302.6032214889288,705,31:38
84.5%,42310000,-598486.9371227194,299.6610889917122,705,31:36
84.5%,42315000,-599384.1359882387,303.5757958477394,705,31:35
84.6%,42320000,-599816.2541954471,300.120771129066,705,31:34
84.6%,42325000,-599647.1359093543,299.2988482808483,705,31:33
84.6%,42330000,-598300.0645266878,301.02678995160585,705,31:32
84.6%,42335000,-599429.3894624938,300.0400605819481,705,31:30
84.6%,42340000,-600935.0814947453,298.3439370204951,705,31:29
84.6%,42345000,-599615.5321118259,301.58374179088133,705,31:28
84.6%,42350000,-599679.5234651738,298.98223724099944,705,31:27
84.6%,42355000,-601434.0250337012,299.60245731766605,705,31:25
84.6%,42360000,-598821.4859129204,303.04639353564124,705,31:24
84.6%,42365000,-599174.9849826084,301.0993558477683,705,31:23
84.7%,42370000,-599305.4329331135,302.79611724333233,705,31:22
84.7%,42375000,-599272.7417185805,302.31948343787565,705,31:20
84.7%,42380000,-600709.5430886829,301.9987510083867,705,31:19
84.7%,42385000,-599408.7191997482,302.0016457939672,705,31:18
84.7%,42390000,-600391.5569673465,298.52260416780797,705,31:17
84.7%,42395000,-600481.6828713417,298.89554086607103,705,31:16
84.7%,42400000,-599175.8144852733,300.72546239833883,705,31:14
84.7%,42405000,-597534.3072785465,301.66320120185844,705,31:13
84.7%,42410000,-599688.9066055166,298.3837525882679,705,31:12
84.7%,42415000,-599370.6988237416,300.5217725282114,705,31:11
84.8%,42420000,-598811.7444092473,302.1887765092909,705,31:09
84.8%,42425000,-599877.2654314046,301.39769048713003,705,31:08
84.8%,42430000,-599700.6259229821,301.03562150083457,705,31:07
84.8%,42435000,-598017.044342896,304.0207342042975,705,31:06
84.8%,42440000,-599298.59136082,297.7804105834605,705,31:05
84.8%,42445000,-599281.9642100851,298.39523360226514,705,31:03
84.8%,42450000,-600543.9595874348,297.6535551916227,705,31:02
84.8%,42455000,-599056.1851605983,300.61558320668513,705,31:01
84.8%,42460000,-601199.3913208265,298.189139588181,705,31:00
84.8%,42465000,-600624.4088804037,301.67659571818865,705,30:58
84.9%,42470000,-599350.4861191558,300.6771096663117,705,30:57
84.9%,42475000,-600221.4264147701,301.42845371694335,705,30:56
84.9%,42480000,-600231.6215312774,299.4810235157714,705,30:55
84.9%,42485000,-600454.0031885174,299.664032841455,705,30:54
84.9%,42490000,-599715.8955712002,299.55390832898945,705,30:52
84.9%,42495000,-600556.5055099367,299.4557800042261,705,30:51
84.9%,42500000,-599786.9221891793,299.5903139374766,705,30:50
84.9%,42505000,-599981.3243080638,298.0676321900428,705,30:49
84.9%,42510000,-599712.3510155128,299.6178144004915,705,30:47
84.9%,42515000,-599456.3953040084,299.92959262034583,705,30:46
85.0%,42520000,-598027.7535147332,299.7570584933307,705,30:45
85.0%,42525000,-598540.8707646858,300.5745900990152,705,30:44
85.0%,42530000,-599244.5152148185,301.04960478711337,705,30:43
85.0%,42535000,-600187.3136482532,300.0914307599617,705,30:41
85.0%,42540000,-598668.2138463645,301.46032089041023,705,30:40
85.0%,42545000,-598626.0157077247,303.2806994430949,705,30:39
85.0%,42550000,-600809.6072848393,301.70218267887066,705,30:38
85.0%,42555000,-599354.7948448588,297.28461722259374,705,30:36
85.0%,42560000,-600083.5507099689,299.52164864222345,705,30:35
85.0%,42565000,-599102.6474953657,300.6699953627664,705,30:34
85.1%,42570000,-598903.6304003606,299.54372751529525,705,30:33
85.1%,42575000,-599983.8862613323,300.0049061096017,705,30:31
85.1%,42580000,-599017.6279308521,299.3882677167889,705,30:30
85.1%,42585000,-599073.0428801328,301.9772609052635,705,30:29
85.1%,42590000,-599188.0340318391,300.32688967523137,705,30:28
85.1%,42595000,-600102.5987422201,297.926768979845,705,30:27
85.1%,42600000,-600129.8015510463,300.8267553615758,705,30:25
85.1%,42605000,-599937.5954219121,299.5917613302669,705,30:24
85.1%,42610000,-598859.9481986123,299.31246358590926,705,30:23
85.1%,42615000,-600342.2125882762,299.2459080496385,705,30:22
85.2%,42620000,-600798.5589972828,299.8645826051901,705,30:20
85.2%,42625000,-599999.386065979,301.69129043482195,705,30:19
85.2%,42630000,-598482.1735234875,301.68071710782874,705,30:18
85.2%,42635000,-600133.3899103217,302.5714279117055,705,30:17
85.2%,42640000,-598655.854201261,299.17012845084,705,30:16
85.2%,42645000,-600248.8679416091,299.3165113793057,705,30:14
85.2%,42650000,-599204.15729377,300.44773470717746,705,30:13
85.2%,42655000,-599906.689104782,301.360279063314,705,30:12
85.2%,42660000,-598965.855853566,298.9810351690211,705,30:11
85.2%,42665000,-599130.9111327105,298.7871826634511,705,30:09
85.3%,42670000,-600272.2202897584,300.5329346251532,705,30:08
85.3%,42675000,-599911.2865193994,300.2154649624626,705,30:07
85.3%,42680000,-599127.3957977002,298.212665854043,705,30:06
85.3%,42685000,-599548.8439674019,303.0583897233435,705,30:05
85.3%,42690000,-599269.5382391708,300.5692175732345,705,30:03
85.3%,42695000,-598732.7323817108,299.1030086767019,705,30:02
85.3%,42700000,-598580.593622373,302.188408528073,705,30:01
85.3%,42705000,-599875.2178377286,299.92608453273556,705,30:00
85.3%,42710000,-599870.2187108654,300.8695393111726,705,29:58
85.3%,42715000,-600658.1628528042,299.44133060840466,705,29:57
85.4%,42720000,-600300.6825313438,301.6185528140911,705,29:56
85.4%,42725000,-598828.4473677608,298.4995194794074,705,29:55
85.4%,42730000,-599710.5799957295,298.762871370991,705,29:53
85.4%,42735000,-600330.0336550814,300.6947972968503,705,29:52
85.4%,42740000,-600105.16039981,298.4740061149689,705,29:51
85.4%,42745000,-600119.6456240434,300.0288003566816,705,29:50
85.4%,42750000,-599173.0329023139,299.53357123368227,705,29:49
85.4%,42755000,-599395.8849562844,297.8751289489383,705,29:47
85.4%,42760000,-598760.1846918268,299.7044617112576,705,29:46
85.4%,42765000,-599847.794571185,300.1723866278915,705,29:45
85.5%,42770000,-599724.2795106694,300.34911574079024,705,29:44
85.5%,42775000,-600275.7801262215,303.4035561056985,705,29:42
85.5%,42780000,-599408.4416793552,301.8472899391145,705,29:41
85.5%,42785000,-598899.0735455211,299.76589004255936,705,29:40
85.5%,42790000,-599010.654978314,301.1253843859118,705,29:39
85.5%,42795000,-597981.6249295762,300.7706259598112,705,29:38
85.5%,42800000,-599774.7966128844,300.10330428725814,705,29:36
85.5%,42805000,-600447.6642383602,301.05659643025274,705,29:35
85.5%,42810000,-599568.2747200946,298.7701083349423,705,29:34
85.5%,42815000,-600382.263592016,296.8086457833292,705,29:33
85.6%,42820000,-600047.5570053589,300.2961264454181,705,29:31
85.6%,42825000,-599785.4290301837,299.76593910672176,705,29:30
85.6%,42830000,-599853.8671483351,298.3897384160784,705,29:29
85.6%,42835000,-599556.4445816651,298.5610950031964,705,29:28
85.6%,42840000,-599133.5039658169,301.54780229193676,705,29:27
85.6%,42845000,-598804.349626591,301.16301659845857,705,29:25
85.6%,42850000,-599562.7360289614,296.3071609796262,705,29:24
85.6%,42855000,-598763.6622655047,299.517478188421,705,29:23
85.6%,42860000,-599591.149982098,299.44432352230996,705,29:22
85.6%,42865000,-599150.3048352022,301.7750184279263,705,29:20
85.7%,42870000,-600772.6957592,301.4537953568135,705,29:19
85.7%,42875000,-599267.1942526619,301.2609241344912,705,29:18
85.7%,42880000,-599822.259900867,297.7139531755145,705,29:17
85.7%,42885000,-599025.5229091365,298.5734591721166,705,29:16
85.7%,42890000,-599516.4875131822,301.7136146287056,705,29:14
85.7%,42895000,-598738.6068778648,300.064077489434,705,29:13
85.7%,42900000,-601504.1981159514,302.13129784306074,705,29:12
85.7%,42905000,-599376.9123883056,301.1361294374734,705,29:11
85.7%,42910000,-599005.5784818945,299.7241119082914,705,29:09
85.7%,42915000,-598186.2030235897,298.59860455533715,705,29:08
85.8%,42920000,-598505.7067105332,299.5906328545321,705,29:07
85.8%,42925000,-600013.3617678052,301.17756412260474,705,29:06
85.8%,42930000,-598984.3490559403,299.8528808024621,705,29:04
85.8%,42935000,-600255.3900439339,301.5942660537122,705,29:03
85.8%,42940000,-598464.4449808886,299.7224682588516,705,29:02
85.8%,42945000,-599455.3507248745,300.93521169252045,705,29:01
85.8%,42950000,-600409.2117786831,298.18518992310925,705,29:00
85.8%,42955000,-599642.0668718135,299.247257314104,705,28:58
85.8%,42960000,-599136.071699759,299.5498850676741,705,28:57
85.8%,42965000,-598644.7713547857,299.6417331796526,705,28:56
85.9%,42970000,-598527.7086371062,299.69867214009656,705,28:55
85.9%,42975000,-599472.8185099964,300.10271551730955,705,28:53
85.9%,42980000,-600105.595407303,298.9337373164851,705,28:52
85.9%,42985000,-598946.2851150939,299.14277518031224,705,28:51
85.9%,42990000,-599529.3614013372,299.16814135226355,705,28:50
85.9%,42995000,-599195.3369266773,301.1902226764992,705,28:49
85.9%,43000000,-599917.9518406442,297.687532124072,705,28:47
85.9%,43005000,-599392.5489420593,299.8100232566217,705,28:46
85.9%,43010000,-600942.968164606,298.963543795132,705,28:45
85.9%,43015000,-599919.8289799304,299.2496859901419,705,28:44
86.0%,43020000,-600057.8363988865,299.01005662106985,705,28:42
86.0%,43025000,-598400.094869677,299.5565823258392,705,28:41
86.0%,43030000,-599941.0228041657,298.3236489893503,705,28:40
86.0%,43035000,-599636.674139712,302.2545470189635,705,28:39
86.0%,43040000,-598465.3893681695,299.90812704930386,705,28:38
86.0%,43045000,-600282.7958771829,300.9201244625881,705,28:36
86.0%,43050000,-599727.9769976763,303.69730324587755,705,28:35
86.0%,43055000,-599431.2085587475,301.2619790139824,705,28:34
86.0%,43060000,-600394.5799587653,299.3869184523234,705,28:33
86.0%,43065000,-599701.0979348794,299.47606803537093,705,28:31
86.1%,43070000,-600227.5789469751,300.8395611079574,705,28:30
86.1%,43075000,-600349.0336940223,300.75215330267446,705,28:29
86.1%,43080000,-598359.1983243283,301.90057361946094,705,28:28
86.1%,43085000,-598086.2729204581,300.94598127616325,705,28:26
86.1%,43090000,-599450.4510755632,300.24689055846807,705,28:25
86.1%,43095000,-598462.5931194117,300.7945202068911,705,28:24
86.1%,43100000,-600011.5360449576,300.40576031625994,705,28:23
86.1%,43105000,-598213.5619106786,300.70990905886384,705,28:22
86.1%,43110000,-599585.3853239887,297.3984460793192,705,28:20
86.1%,43115000,-600456.3673644513,301.7354481809655,705,28:19
86.2%,43120000,-599254.904638004,300.95520533869103,705,28:18
86.2%,43125000,-599734.1860814765,300.6177910939923,705,28:17
86.2%,43130000,-598950.1028887206,301.9040081108277,705,28:15
86.2%,43135000,-601008.8133977083,301.02492551343533,705,28:14
86.2%,43140000,-599928.5636846065,301.9592788897506,705,28:13
86.2%,43145000,-600908.6641032612,298.89514835277197,705,28:12
86.2%,43150000,-600160.6967434287,299.8339910999452,705,28:11
86.2%,43155000,-599163.3302938985,300.11539860328526,705,28:09
86.2%,43160000,-599374.6882711872,300.97254952009297,705,28:08
86.2%,43165000,-599974.4884040044,303.2692184290975,705,28:07
86.3%,43170000,-600976.631547031,299.5401212993601,705,28:06
86.3%,43175000,-600346.2758251717,301.1387053059984,705,28:04
86.3%,43180000,-599107.3078150265,301.47288131598,705,28:03
86.3%,43185000,-599031.9669735413,301.9844488050524,705,28:02
86.3%,43190000,-599986.1288337223,303.02988344499977,705,28:01
86.3%,43195000,-597885.3811098575,299.3611842991542,705,28:00
86.3%,43200000,-600301.616191355,299.0272536099846,705,27:58
86.3%,43205000,-600628.2028721231,299.8104157699208,705,27:57
86.3%,43210000,-599472.1434668093,298.7145922352074,705,27:56
86.3%,43215000,-600557.4554658183,298.12984554794275,705,27:55
86.4%,43220000,-599104.0228881035,297.09466531793316,705,27:53
86.4%,43225000,-598998.3444976667,299.5536139440151,705,27:52
86.4%,43230000,-600568.1419399246,300.89799652535396,705,27:51
86.4%,43235000,-600172.8729381887,298.150575156549,705,27:50
86.4%,43240000,-600205.255602777,300.45364693874444,705,27:48
86.4%,43245000,-599226.7686996683,298.49826834326666,705,27:47
86.4%,43250000,-599633.0775361583,302.8434886921118,705,27:46
86.4%,43255000,-599153.9868752966,299.4720202419744,705,27:45
86.4%,43260000,-599489.9308850211,300.71802917773806,705,27:44
86.4%,43265000,-601284.6742604743,301.22841912691337,705,27:42
86.5%,43270000,-599347.2096028319,300.9159785408669,705,27:41
86.5%,43275000,-600299.0673719142,302.0572600220268,705,27:40
86.5%,43280000,-600944.4711401355,299.9204421540617,705,27:39
86.5%,43285000,-600274.653608771,298.9503945996137,705,27:37
86.5%,43290000,-599352.8664078289,299.5869285102723,705,27:36
86.5%,43295000,-599715.9785654098,301.3734773229947,705,27:35
86.5%,43300000,-599485.3215515139,299.5653648109055,705,27:34
86.5%,43305000,-599539.0483914767,302.21402002083624,705,27:33
86.5%,43310000,-599907.2038377286,300.8219470736624,705,27:31
86.5%,43315000,-599386.934698075,302.03309592205386,705,27:30
86.6%,43320000,-599476.1251887013,296.4604374229065,705,27:29
86.6%,43325000,-599503.7379811946,300.70250037034424,705,27:28
86.6%,43330000,-598238.1945079248,301.757502521956,705,27:26
86.6%,43335000,-600318.2728209053,298.6026768808149,705,27:25
86.6%,43340000,-599875.0963653554,300.0781589040375,705,27:24
86.6%,43345000,-598923.287927981,301.4535009718392,705,27:23
86.6%,43350000,-599944.8697180003,300.2386232471068,705,27:22
86.6%,43355000,-598638.7656995486,302.023602006633,705,27:20
86.6%,43360000,-600539.7208185499,301.6304263413875,705,27:19
86.6%,43365000,-599673.0850767149,300.28700051121507,705,27:18
86.7%,43370000,-599514.6274572606,300.478792321965,705,27:17
86.7%,43375000,-600222.6257152483,297.3601760326615,705,27:15
86.7%,43380000,-598876.6224157382,299.14694563411473,705,27:14
86.7%,43385000,-599249.6798621155,297.78850617025347,705,27:13
86.7%,43390000,-599476.8870951044,300.25741482129894,705,27:12
86.7%,43395000,-600000.4972237097,300.6273095414943,705,27:11
86.7%,43400000,-599369.6511060926,298.7002900318732,705,27:09
86.7%,43405000,-600128.6424152828,299.1426279878251,705,27:08
86.7%,43410000,-599846.3502732161,301.36410606797983,705,27:07
86.7%,43415000,-599647.2641467019,299.39589719403926,705,27:06
86.8%,43420000,-600799.3082403848,299.3352538893355,705,27:04
86.8%,43425000,-600822.0622782423,300.841180225316,705,27:03
86.8%,43430000,-598504.4944429775,300.05546672893604,705,27:02
86.8%,43435000,-599039.5630742721,301.2496393771434,705,27:01
86.8%,43440000,-599066.9323804975,298.55859273091494,705,26:59
86.8%,43445000,-600335.6394924088,298.6847612244794,705,26:58
86.8%,43450000,-599864.3875763826,300.4650052923358,705,26:57
86.8%,43455000,-597801.1992061678,301.19672367801473,705,26:56
86.8%,43460000,-600434.3031582274,299.7631179173849,705,26:55
86.8%,43465000,-599340.8567436654,298.85535731708046,705,26:53
86.9%,43470000,-599337.9617258837,302.3591518131612,705,26:52
86.9%,43475000,-599672.2668520245,302.67961438975703,705,26:51
86.9%,43480000,-600839.7490294254,299.13885004732174,705,26:50
86.9%,43485000,-597898.501038536,300.8980210574352,705,26:48
86.9%,43490000,-599404.6799269393,300.27203594168867,705,26:47
86.9%,43495000,-600193.3716994617,299.7991064804918,705,26:46
86.9%,43500000,-600047.885313401,298.213303688154,705,26:45
86.9%,43505000,-600219.6183423004,297.37864868979824,705,26:44
86.9%,43510000,-599724.789083634,301.53156205418844,705,26:42
86.9%,43515000,-599127.3557055793,299.9618523071118,705,26:41
87.0%,43520000,-598884.0487066568,298.99783964463677,705,26:40
87.0%,43525000,-599890.235378142,298.4622307159973,705,26:39
87.0%,43530000,-599791.9875021516,300.52721865023574,705,26:37
87.0%,43535000,-599136.591167592,302.0032649113258,705,26:36
87.0%,43540000,-600837.0628682752,301.5464284953901,705,26:35
87.0%,43545000,-598754.9604504798,301.2028321662313,705,26:34
87.0%,43550000,-599196.1211763066,301.27760594970096,705,26:33
87.0%,43555000,-599899.7567842836,303.8142476769143,705,26:31
87.0%,43560000,-599585.0719837612,303.6631545888599,705,26:30
87.0%,43565000,-598524.873546816,300.63466916585156,705,26:29
87.1%,43570000,-598270.6382963322,299.043763700626,705,26:28
87.1%,43575000,-600265.9936005436,299.5220902196849,705,26:26
87.1%,43580000,-598959.903828213,300.7590713495703,705,26:25
87.1%,43585000,-599172.5433224537,295.4277349330972,705,26:24
87.1%,43590000,-600485.6296268767,300.66035425485836,705,26:23
87.1%,43595000,-600210.5756384009,299.7803885025432,705,26:22
87.1%,43600000,-598927.8336757487,301.9239526928358,705,26:20
87.1%,43605000,-599160.9177401597,299.9947498279887,705,26:19
87.1%,43610000,-599405.4837824092,300.8171142536678,705,26:18
87.1%,43615000,-599351.5456317258,298.31543074215136,705,26:17
87.2%,43620000,-599180.2584723206,302.1149594769876,705,26:15
87.2%,43625000,-598763.9013561145,300.30799997271447,705,26:14
87.2%,43630000,-600941.5596001158,302.250499225567,705,26:13
87.2%,43635000,-599431.8013003245,300.5012637083358,705,26:12
87.2%,43640000,-599057.5567161837,299.8407128901914,705,26:10
87.2%,43645000,-599071.5950063551,301.28614311395535,705,26:09
87.2%,43650000,-599988.3925194582,302.18190752655744,705,26:08
87.2%,43655000,-598663.1302948408,298.17262949753956,705,26:07
87.2%,43660000,-600631.7129480946,299.9142110054392,705,26:06
87.2%,43665000,-599806.3758500814,299.9270167518208,705,26:04
87.3%,43670000,-600015.5347673497,299.6714415299747,705,26:03
87.3%,43675000,-601175.1481282185,302.53144061936445,705,26:02
87.3%,43680000,-598607.5819849172,299.2250803127075,705,26:01
87.3%,43685000,-598909.5247044144,300.75362522754597,705,25:59
87.3%,43690000,-600175.4628463518,300.2043028655208,705,25:58
87.3%,43695000,-599156.3756078617,302.0303973931228,705,25:57
87.3%,43700000,-600602.7517888299,297.98878608109544,705,25:56
87.3%,43705000,-599969.6937609357,301.7439117489763,705,25:55
87.3%,43710000,-600811.8831221475,299.4774908960799,705,25:53
87.3%,43715000,-600080.9885464828,301.28550527984436,705,25:52
87.4%,43720000,-599171.5200631889,299.0993043324421,705,25:51
87.4%,43725000,-600245.9077280443,302.07776884190235,705,25:50
87.4%,43730000,-598725.3936429527,297.05526679554066,705,25:48
87.4%,43735000,-599753.6476516593,302.2967912627741,705,25:47
87.4%,43740000,-598319.276809217,300.53624645611393,705,25:46
87.4%,43745000,-599616.4787162612,298.8467220245012,705,25:45
87.4%,43750000,-600453.0050677061,301.1182946144477,705,25:44
87.4%,43755000,-599085.8718334176,298.48116948267665,705,25:42
87.4%,43760000,-598604.8579061702,298.0929492978317,705,25:41
87.4%,43765000,-599810.5309573868,300.29961000094715,705,25:40
87.5%,43770000,-599395.499192507,298.74187190949164,705,25:39
87.5%,43775000,-599945.5894117528,300.7779610520872,705,25:37
87.5%,43780000,-598679.6652202769,299.88940907135526,705,25:36
87.5%,43785000,-599130.732258522,300.31114007910685,705,25:35
87.5%,43790000,-598357.963156994,299.1939491016763,705,25:34
87.5%,43795000,-601419.0419597197,300.2340602800053,705,25:33
87.5%,43800000,-599281.0817970657,301.76947417757714,705,25:31
87.5%,43805000,-599259.7568251435,300.32936741543165,705,25:30
87.5%,43810000,-600268.5756826769,301.84120598297915,705,25:29
87.5%,43815000,-600743.0823282199,300.80452929601694,705,25:28
87.6%,43820000,-600474.1434532171,301.3654798645265,705,25:26
87.6%,43825000,-599096.9192995778,298.68692004762414,705,25:25
87.6%,43830000,-599046.0783522995,300.09714673487923,705,25:24
87.6%,43835000,-599460.1078625009,299.5723319219638,705,25:23
87.6%,43840000,-600049.5524218488,302.63256185803306,705,25:21
87.6%,43845000,-599031.9392965157,298.8578595893619,705,25:20
87.6%,43850000,-600587.4307107804,298.94612601748656,705,25:19
87.6%,43855000,-598684.570731937,298.98307133175996,705,25:18
87.6%,43860000,-599138.3895514947,300.8479510797247,705,25:17
87.6%,43865000,-598302.6175793656,300.20673154155867,705,25:15
87.7%,43870000,-599911.0361707299,301.30468936733564,705,25:14
87.7%,43875000,-599647.9577771933,299.8632333407246,705,25:13
87.7%,43880000,-599419.3228146383,300.83465469171927,705,25:12
87.7%,43885000,-600255.8523203214,301.7434456394337,705,25:10
87.7%,43890000,-600330.5250693811,298.830359126347,705,25:09
87.7%,43895000,-599923.4994679731,300.5523885655375,705,25:08
87.7%,43900000,-599612.046462154,300.485219727237,705,25:07
87.7%,43905000,-599755.0203816975,301.7107443752063,705,25:06
87.7%,43910000,-600335.9902915023,299.8573211091576,705,25:04
87.7%,43915000,-599066.3653771165,302.32385014832755,705,25:03
87.8%,43920000,-600069.6347112171,300.78014440731323,705,25:02
87.8%,43925000,-599082.5036124238,297.00411740625776,705,25:01
87.8%,43930000,-598734.3599966448,299.29462876288346,705,24:59
87.8%,43935000,-599210.5311203878,299.5326635466782,705,24:58
87.8%,43940000,-600015.236407626,300.0363807697695,705,24:57
87.8%,43945000,-599723.5583940116,300.3675148016834,705,24:56
87.8%,43950000,-600035.6027233419,301.4137835323912,705,24:55
87.8%,43955000,-599821.0081584817,300.926919849078,705,24:53
87.8%,43960000,-601141.8989187097,298.4269781153261,705,24:52
87.8%,43965000,-600119.6166372662,297.1840356897114,705,24:51
87.9%,43970000,-598290.5091482336,302.8672848108669,705,24:50
87.9%,43975000,-599891.0614993079,300.1732697828144,705,24:48
87.9%,43980000,-599096.0774448523,301.3890061303885,705,24:47
87.9%,43985000,-600229.3214159985,302.9489766412324,705,24:46
87.9%,43990000,-599527.7061961,301.20935769982805,705,24:45
87.9%,43995000,-598766.8881538794,300.9130837552864,705,24:44
87.9%,44000000,-598848.5514462315,297.71451741338194,705,24:42
87.9%,44005000,-599649.8733980265,300.23327525340716,705,24:41
87.9%,44010000,-599106.3454339299,299.49407458296497,705,24:40
87.9%,44015000,-599151.9044890534,298.30544618510675,705,24:39
88.0%,44020000,-599361.0524941143,300.0525228791931,705,24:37
88.0%,44025000,-600229.3464793749,299.6100377307541,705,24:36
88.0%,44030000,-599195.2602852229,301.7720745781834,705,24:35
88.0%,44035000,-599030.1329138074,299.77778810193695,705,24:34
88.0%,44040000,-599215.4851014405,300.8478284193187,705,24:32
88.0%,44045000,-599650.724973123,299.9278017784189,705,24:31
88.0%,44050000,-597933.2284049955,301.86129775747446,705,24:30
88.0%,44055000,-600074.862244891,299.8212834818883,705,24:29
88.0%,44060000,-599618.9105706001,299.9668568516747,705,24:28
88.0%,44065000,-599176.6265566689,299.47047472085944,705,24:26
88.1%,44070000,-599027.1952482108,300.9902862147939,705,24:25
88.1%,44075000,-599804.0003820024,300.4500407228093,705,24:24
88.1%,44080000,-599367.3323381771,302.4890001189043,705,24:23
88.1%,44085000,-599422.8178623174,297.73021794534407,705,24:21
88.1%,44090000,-600606.0526225707,301.0274768498792,705,24:20
88.1%,44095000,-600158.415051721,300.802615793684,705,24:19
88.1%,44100000,-598896.2061712113,301.3247320776685,705,24:18
88.1%,44105000,-600114.3653338933,298.016629993247,705,24:17
88.1%,44110000,-600222.5672820834,300.873832425381,705,24:15
88.1%,44115000,-600011.1004061056,298.7665021190072,705,24:14
88.2%,44120000,-600389.6098963367,302.04300688285497,705,24:13
88.2%,44125000,-599647.2649481171,299.76059111302214,705,24:12
88.2%,44130000,-598947.1508735009,300.66293012338343,705,24:10
88.2%,44135000,-598207.8788602226,299.45688394787965,705,24:09
88.2%,44140000,-599739.4850710751,297.042583709565,705,24:08
88.2%,44145000,-599713.25788876,300.93283208064497,705,24:07
88.2%,44150000,-599368.1983438819,301.1044094564936,705,24:06
88.2%,44155000,-599025.8216661662,299.55204389081894,705,24:04
88.2%,44160000,-599873.4073987976,299.8786149556313,705,24:03
88.2%,44165000,-599818.7983319173,302.6922238794891,705,24:02
88.3%,44170000,-598663.0752280499,299.73483242777183,705,24:01
88.3%,44175000,-599221.3126667966,302.1830605343734,705,23:59
88.3%,44180000,-599609.2153334273,299.1321282570754,705,23:58
88.3%,44185000,-599035.1259180619,298.7304399596567,705,23:57
88.3%,44190000,-600892.6803766917,301.51686733755514,705,23:56
88.3%,44195000,-599928.4170832187,302.88340238820933,705,23:54
88.3%,44200000,-599176.8953142497,299.7911090220236,705,23:53
88.3%,44205000,-598095.718065633,301.37975753577956,705,23:52
88.3%,44210000,-599683.2451354922,301.6498802817718,705,23:51
88.3%,44215000,-600165.0515765706,300.7276948177272,705,23:50
88.4%,44220000,-599834.3835268999,299.87358587898717,705,23:48
88.4%,44225000,-600252.9139104807,302.57986694763514,705,23:47
88.4%,44230000,-599584.2525244048,297.51286370599325,705,23:46
88.4%,44235000,-599928.6538203508,299.5461071271707,705,23:45
88.4%,44240000,-598341.3181476458,303.05691779847206,705,23:43
88.4%,44245000,-600290.1717429371,300.9021915112376,705,23:42
88.4%,44250000,-598578.6279989639,300.4940022123033,705,23:41
88.4%,44255000,-600351.8499181047,300.55356610543464,705,23:40
88.4%,44260000,-599008.5321429372,302.1321564659024,705,23:39
88.4%,44265000,-599794.9930053968,300.9467172385989,705,23:37
88.5%,44270000,-599120.653614169,299.2868766252272,705,23:36
88.5%,44275000,-600531.1783226863,303.08103283428267,705,23:35
88.5%,44280000,-598953.6606937116,298.96403443675587,705,23:34
88.5%,44285000,-599200.9534438914,300.94750226519704,705,23:32
88.5%,44290000,-600628.3050376042,296.79510407451187,705,23:31
88.5%,44295000,-599001.8641895866,299.97917195643254,705,23:30
88.5%,44300000,-599676.0430010245,300.3726420066523,705,23:29
88.5%,44305000,-599360.7408490591,301.82967590481945,705,23:28
88.5%,44310000,-600424.2825414748,299.93923372825384,705,23:26
88.5%,44315000,-599526.9329736647,301.65780414399643,705,23:25
88.6%,44320000,-598692.9211439206,302.6401177390398,705,23:24
88.6%,44325000,-601016.8044780223,297.79189159745783,705,23:23
88.6%,44330000,-599373.8703714283,298.2260603703732,705,23:21
88.6%,44335000,-598531.8231153307,301.71209363967176,705,23:20
88.6%,44340000,-599960.3553649648,297.7691748902751,705,23:19
88.6%,44345000,-600216.0351372734,299.2137710232785,705,23:18
88.6%,44350000,-598729.4896735931,300.0915779524489,705,23:17
88.6%,44355000,-600736.9304797254,301.2777531421881,705,23:15
88.6%,44360000,-599310.0636579893,302.4250204511586,705,23:14
88.6%,44365000,-600309.8449243074,298.99548456484246,705,23:13
88.7%,44370000,-599122.0291747665,299.0339018039873,705,23:12
88.7%,44375000,-600861.2241904526,300.6754414847907,705,23:10
88.7%,44380000,-597792.271714699,300.51392226223027,705,23:09
88.7%,44385000,-600279.2422062727,298.35355359632194,705,23:08
88.7%,44390000,-600290.3240611716,300.1577164433394,705,23:07
88.7%,44395000,-600001.1378079802,300.6238505180464,705,23:05
88.7%,44400000,-599664.6500985594,301.5554317691871,705,23:04
88.7%,44405000,-600234.5131349121,299.9090102042267,705,23:03
88.7%,44410000,-599088.8302410468,301.5795713370789,705,23:02
88.7%,44415000,-599951.1795536187,300.463361642896,705,23:01
88.8%,44420000,-600727.7641935502,302.29875382926934,705,22:59
88.8%,44425000,-598682.0366536337,301.23874713309465,705,22:58
88.8%,44430000,-599769.6705849674,298.91720269376253,705,22:57
88.8%,44435000,-598651.8879398801,300.9287106910049,705,22:56
88.8%,44440000,-599683.1783347824,301.36827652178226,705,22:54
88.8%,44445000,-598776.8615088221,301.1246729555573,705,22:53
88.8%,44450000,-599030.7643248914,302.75590916226054,705,22:52
88.8%,44455000,-599514.1022826079,300.5552097548745,705,22:51
88.8%,44460000,-598553.6185844978,300.4498199340787,705,22:50
88.8%,44465000,-599492.7212766614,300.7488905358761,705,22:48
88.9%,44470000,-600624.7044909755,300.97188715390075,705,22:47
88.9%,44475000,-598725.5912690987,300.4298262879081,705,22:46
88.9%,44480000,-599872.633748868,300.13269372052474,705,22:45
88.9%,44485000,-599757.989966806,301.4214130096416,705,22:43
88.9%,44490000,-598510.840331743,300.60476455888,705,22:42
88.9%,44495000,-600679.8980768002,301.69793862882466,705,22:41
88.9%,44500000,-598679.035200688,302.3154601765603,705,22:40
88.9%,44505000,-598509.4083702452,299.00674479010905,705,22:39
88.9%,44510000,-600538.2497216039,299.4855864828729,705,22:37
88.9%,44515000,-600632.0801540678,300.5155413795889,705,22:36
89.0%,44520000,-599766.8677859339,301.09857082117026,705,22:35
89.0%,44525000,-599107.1025265977,300.39788551819765,705,22:34
89.0%,44530000,-598007.3752781209,304.41982210111,705,22:32
89.0%,44535000,-599832.8181066792,301.8415003679534,705,22:31
89.0%,44540000,-599894.6406345065,299.3026507534329,705,22:30
89.0%,44545000,-599593.2987132701,300.94647191778705,705,22:29
89.0%,44550000,-599566.1090648468,299.5428443603724,705,22:28
89.0%,44555000,-599458.5582246166,301.2926931796333,705,22:26
89.0%,44560000,-598741.5861750701,301.12496734053155,705,22:25
89.0%,44565000,-598580.4783028304,296.31319587159913,705,22:24
89.1%,44570000,-599685.0386264445,299.30431893495387,705,22:23
89.1%,44575000,-599413.5679471926,299.1672581973407,705,22:21
89.1%,44580000,-599441.2780111469,300.72529067377053,705,22:20
89.1%,44585000,-599423.050813599,296.8903130816135,705,22:19
89.1%,44590000,-598698.889839224,298.38959122359125,705,22:18
89.1%,44595000,-600072.5894882125,301.26045802494855,705,22:16
89.1%,44600000,-599807.0810250952,302.04565634762355,705,22:15
89.1%,44605000,-598847.6733589899,299.59961159624794,705,22:14
89.1%,44610000,-599769.9354195781,299.72781625255124,705,22:13
89.1%,44615000,-598716.4539941559,296.475794505732,705,22:12
89.2%,44620000,-598875.9911756292,300.4178301002058,705,22:10
89.2%,44625000,-598748.6663381541,299.21119515475345,705,22:09
89.2%,44630000,-598526.8023585253,300.43637635358607,705,22:08
89.2%,44635000,-599220.2406098032,301.3507851478932,705,22:07
89.2%,44640000,-599282.5827514902,300.1323012072257,705,22:05
89.2%,44645000,-597473.5059905429,302.5674046503902,705,22:04
89.2%,44650000,-598491.2325393157,303.01997248419866,705,22:03
89.2%,44655000,-600288.7112194947,304.39423514042795,705,22:02
89.2%,44660000,-599397.7364297542,300.098275210614,705,22:01
89.2%,44665000,-601214.1588199828,298.1855333722459,705,21:59
89.3%,44670000,-600607.1775404741,303.7174686166165,705,21:58
89.3%,44675000,-599677.8424745928,298.3922406883599,705,21:57
89.3%,44680000,-597760.6027340647,299.1014140914245,705,21:56
89.3%,44685000,-599079.6453125505,298.974337910856,705,21:54
89.3%,44690000,-600823.6330833095,301.87049728792095,705,21:53
89.3%,44695000,-599697.584243088,300.6059420987771,705,21:52
89.3%,44700000,-600540.0795849934,303.4815681238854,705,21:51
89.3%,44705000,-599835.959402381,299.7020575673008,705,21:50
89.3%,44710000,-599165.9979171357,303.10951458054524,705,21:48
89.3%,44715000,-599561.0734707918,298.22517721545034,705,21:47
89.4%,44720000,-600962.1762464009,299.6411934738664,705,21:46
89.4%,44725000,-599541.0717871534,299.5309463009948,705,21:45
89.4%,44730000,-597959.569466853,299.4349277352139,705,21:43
89.4%,44735000,-598956.5021864153,300.4823249416565,705,21:42
89.4%,44740000,-599006.5189413917,299.5264569301369,705,21:41
89.4%,44745000,-598242.3115785723,301.0993803798495,705,21:40
89.4%,44750000,-599392.1721770223,300.65022250532655,705,21:39
89.4%,44755000,-598510.3487955583,297.87736136832666,705,21:37
89.4%,44760000,-600252.4759191978,301.49947409199086,705,21:36
89.4%,44765000,-600191.3734988617,299.4865677661206,705,21:35
89.5%,44770000,-598983.4748939993,300.34224675805683,705,21:34
89.5%,44775000,-598611.4742463981,301.9860188582486,705,21:32
89.5%,44780000,-599363.6431206916,300.4320341752153,705,21:31
89.5%,44785000,-599378.5635335185,298.39152925800533,705,21:30
89.5%,44790000,-599424.9839615058,297.33608552893213,705,21:29
89.5%,44795000,-599266.852015527,297.2612626813001,705,21:27
89.5%,44800000,-598273.0704918099,297.4674793557902,705,21:26
89.5%,44805000,-598575.9131308561,301.7203118868707,705,21:25
89.5%,44810000,-599317.9773446955,302.14638507299316,705,21:24
89.5%,44815000,-598023.1399256713,298.8758906690371,705,21:23
89.6%,44820000,-598890.5581611702,298.22228242986984,705,21:21
89.6%,44825000,-598585.5071637998,303.88590588607275,705,21:20
89.6%,44830000,-599560.5548984003,299.1927715617791,705,21:19
89.6%,44835000,-599515.8612329941,298.9381040269371,705,21:18
89.6%,44840000,-599659.3401827575,298.9924425867748,705,21:16
89.6%,44845000,-599462.0380248968,300.0947671230037,705,21:15
89.6%,44850000,-599327.855018287,300.90773576158676,705,21:14
89.6%,44855000,-599530.7094325991,300.8673804880278,705,21:13
89.6%,44860000,-599026.5322603364,301.8947840482999,705,21:12
89.6%,44865000,-599962.5952048781,299.39138329110017,705,21:10
89.7%,44870000,-599605.1433697399,299.8713534595988,705,21:09
89.7%,44875000,-599326.2764663491,301.2524360343992,705,21:08
89.7%,44880000,-600049.0182451131,299.4477825457579,705,21:07
89.7%,44885000,-600189.4736726102,300.55408127913967,705,21:05
89.7%,44890000,-600126.0992318154,301.9335938007438,705,21:04
89.7%,44895000,-600424.2402998963,301.2534173176468,705,21:03
89.7%,44900000,-600600.2678292692,301.7142769948978,705,21:02
89.7%,44905000,-600410.9158178936,301.6394050831033,705,21:01
89.7%,44910000,-599548.9007904092,301.01052518177636,705,20:59
89.7%,44915000,-601431.651985338,299.3239691319877,705,20:58
89.8%,44920000,-600631.8470549174,299.65134975547943,705,20:57
89.8%,44925000,-599611.6489106053,298.784852115738,705,20:56
89.8%,44930000,-598726.2505940208,300.65532517821424,705,20:54
89.8%,44935000,-599444.5389781543,300.11081110410254,705,20:53
89.8%,44940000,-598744.9258326851,302.2214532414371,705,20:52
89.8%,44945000,-598424.7775595468,298.8645323154458,705,20:51
89.8%,44950000,-599800.1698920568,298.262416914698,705,20:50
89.8%,44955000,-600533.8338556141,301.26632119235313,705,20:48
89.8%,44960000,-599092.7598603372,302.6453185402523,705,20:47
89.8%,44965000,-599609.5594220292,300.4806567601355,705,20:46
89.9%,44970000,-599374.5664173714,298.7181739190613,705,20:45
89.9%,44975000,-599259.5236120997,299.47955159090003,705,20:43
89.9%,44980000,-600876.5922947205,301.88200283399954,705,20:42
89.9%,44985000,-599874.8433235115,301.57478758124665,705,20:41
89.9%,44990000,-600169.6712222346,301.2910004660311,705,20:40
89.9%,44995000,-599458.6103966199,302.6484586466447,705,20:38
89.9%,45000000,-600572.322356958,300.3769596529419,705,20:37
89.9%,45005000,-599942.0395073649,301.18443310533814,705,20:36
89.9%,45010000,-600209.1429645685,303.84689987697925,705,20:35
89.9%,45015000,-599909.6146724266,300.69761848618725,705,20:34
90.0%,45020000,-599202.0836899779,298.7434910268502,705,20:32
90.0%,45025000,-598797.6131604831,299.91514322452446,705,20:31
90.0%,45030000,-599463.0343724531,300.30903032012446,705,20:30
90.0%,45035000,-598173.255128066,302.41086544031145,705,20:29
90.0%,45040000,-598242.4532044781,297.9637142941184,705,20:27
90.0%,45045000,-598771.9446124765,301.8970409997695,705,20:26
90.0%,45050000,-599524.0240977709,299.16630144617426,705,20:25
90.0%,45055000,-599629.6281599281,299.44550106220714,705,20:24
90.0%,45060000,-599080.9827529849,301.6027786858854,705,20:23
90.0%,45065000,-600313.52890934,298.53001285632763,705,20:21
90.0%,45070000,-598915.9773145751,301.19424593781446,705,20:20
90.1%,45075000,-598868.8991419659,296.9821366615108,705,20:19
90.1%,45080000,-599190.9272037828,300.59247398620334,705,20:18
90.1%,45085000,-600306.0322370017,298.47817656877135,705,20:16
90.1%,45090000,-598868.2767051915,297.94889691707914,705,20:15
90.1%,45095000,-599414.2354117907,301.0495066587886,705,20:14
90.1%,45100000,-599673.8207157427,299.802737228508,705,20:13
90.1%,45105000,-600564.2130278521,299.95724027584794,705,20:12
90.1%,45110000,-598892.0585287316,299.8531506553552,705,20:10
90.1%,45115000,-600021.6222145287,298.79795224709386,705,20:09
90.1%,45120000,-598103.0384597359,298.86050905413055,705,20:08
90.2%,45125000,-599221.1724352138,299.6407764284861,705,20:07
90.2%,45130000,-599720.4898972982,301.4150592006132,705,20:05
90.2%,45135000,-598870.0099859103,302.0017684543732,705,20:04
90.2%,45140000,-598684.731254884,300.1988812755776,705,20:03
90.2%,45145000,-599149.5724913753,299.55977149639403,705,20:02
90.2%,45150000,-599487.9385601915,300.5586687783224,705,20:01
90.2%,45155000,-599690.3428495638,300.7125585236325,705,19:59
90.2%,45160000,-599939.3457780937,301.0604970311621,705,19:58
90.2%,45165000,-600612.9674933595,300.1923312098997,705,19:57
90.2%,45170000,-599946.5605252562,301.25886343967113,705,19:56
90.3%,45175000,-599664.848137829,298.46836373629503,705,19:54
90.3%,45180000,-599957.7779117296,300.8988796802768,705,19:53
90.3%,45185000,-599685.1523309737,298.6991370240572,705,19:52
90.3%,45190000,-598872.8785239337,299.61913913287583,705,19:51
90.3%,45195000,-599581.7953682602,301.49868906539274,705,19:49
90.3%,45200000,-598595.5764242383,300.14422379868444,705,19:48
90.3%,45205000,-598443.3192310273,301.28957760532205,705,19:47
90.3%,45210000,-599442.7834274787,300.05269460376144,705,19:46
90.3%,45215000,-599780.9938004925,300.88553422810907,705,19:45
90.3%,45220000,-598261.9901902284,300.6763246397136,705,19:43
90.4%,45225000,-597635.3589605875,300.38223405039787,705,19:42
90.4%,45230000,-599631.706630161,301.8347295135448,705,19:41
90.4%,45235000,-599285.9984982745,299.26057823419063,705,19:40
90.4%,45240000,-599992.0561884777,297.43139266435855,705,19:38
90.4%,45245000,-600587.9618164045,300.42977722374576,705,19:37
90.4%,45250000,-599333.8217624649,301.2880566162882,705,19:36
90.4%,45255000,-599813.2603110499,298.3919217713044,705,19:35
90.4%,45260000,-601025.9220039477,300.76405136205204,705,19:34
90.4%,45265000,-599336.712434961,301.3962430943398,705,19:32
90.4%,45270000,-599925.1854151497,298.72391442605993,705,19:31
90.5%,45275000,-598752.3718162286,300.97488006780605,705,19:30
90.5%,45280000,-599569.4636288085,298.39231428460346,705,19:29
90.5%,45285000,-600600.7316977368,300.8970643062687,705,19:27
90.5%,45290000,-599318.5294320639,302.48399557434135,705,19:26
90.5%,45295000,-599544.5566566461,300.6777229683415,705,19:25
90.5%,45300000,-600636.6206263858,299.35725916616366,705,19:24
90.5%,45305000,-600490.3978783684,299.4895116158635,705,19:23
90.5%,45310000,-599975.3440867448,300.0219559060293,705,19:21
90.5%,45315000,-597893.2462056312,299.40629879646417,705,19:20
90.5%,45320000,-601342.1416913485,296.7752330887473,705,19:19
90.6%,45325000,-598430.4685522141,299.7410635763943,705,19:18
90.6%,45330000,-597497.7229133882,299.17677664484273,705,19:16
90.6%,45335000,-599974.9837039327,299.7374573604592,705,19:15
90.6%,45340000,-600924.9578342466,299.7902258671007,705,19:14
90.6%,45345000,-600178.3281041496,299.25343939856407,705,19:13
90.6%,45350000,-598260.0501771523,300.0187176713121,705,19:12
90.6%,45355000,-598669.7379036364,300.0463162626518,705,19:10
90.6%,45360000,-600888.0258641304,303.22378501473213,705,19:09
90.6%,45365000,-599071.0676013143,304.1785981467606,705,19:08
90.6%,45370000,-599576.5696209441,301.59119954356333,705,19:07
90.7%,45375000,-598616.8558380757,300.96231964223637,705,19:05
90.7%,45380000,-598979.5447420189,299.86068200428076,705,19:04
90.7%,45385000,-598692.3940305756,303.42651813369315,705,19:03
90.7%,45390000,-599181.2465904914,303.5759185081454,705,19:02
90.7%,45395000,-599411.73279768,297.72433024585825,705,19:00
90.7%,45400000,-598212.7011022759,297.34405845531916,705,18:59
90.7%,45405000,-599235.3563317754,302.23057917564006,705,18:58
90.7%,45410000,-599495.8054279862,302.51554383075273,705,18:57
90.7%,45415000,-600575.6653311406,300.21242298439495,705,18:56
90.7%,45420000,-599485.7727400549,299.6501476835011,705,18:54
90.8%,45425000,-599157.2420586911,300.5499844215808,705,18:53
90.8%,45430000,-599073.3373675933,299.0716321448588,705,18:52
90.8%,45435000,-599486.46842372,299.24684026872376,705,18:51
90.8%,45440000,-600016.7158274306,298.55984386705563,705,18:49
90.8%,45445000,-600686.1022323468,300.0196989545598,705,18:48
90.8%,45450000,-599317.063632125,298.9825316259737,705,18:47
90.8%,45455000,-599682.9848099607,298.23189900569656,705,18:46
90.8%,45460000,-599543.7001837832,298.9352092413566,705,18:45
90.8%,45465000,-599702.0752712069,299.164854053384,705,18:43
90.8%,45470000,-598797.5273505608,300.24534503735305,705,18:42
90.9%,45475000,-600083.4090419929,300.3375856626306,705,18:41
90.9%,45480000,-599304.7756290799,302.03927800651394,705,18:40
90.9%,45485000,-598875.3826609943,302.6607737514025,705,18:38
90.9%,45490000,-598674.5810997454,300.2288594787928,705,18:37
90.9%,45495000,-597975.3290657136,301.70223174303305,705,18:36
90.9%,45500000,-599050.9555688137,301.150088191671,705,18:35
90.9%,45505000,-598705.2528216182,298.81836293864467,705,18:34
90.9%,45510000,-598927.8694214267,300.4811964659217,705,18:32
90.9%,45515000,-599073.4704185375,298.5674978763872,705,18:31
90.9%,45520000,-600102.1347488244,300.47624098552114,705,18:30
91.0%,45525000,-599491.1467625392,299.2551811763287,705,18:29
91.0%,45530000,-599870.3106229776,297.04047395058257,705,18:27
91.0%,45535000,-599911.663866213,300.04320068834056,705,18:26
91.0%,45540000,-600219.002162131,299.6909690666026,705,18:25
91.0%,45545000,-600505.3063220987,299.58008405962005,705,18:24
91.0%,45550000,-599265.5950997695,301.97426799135826,705,18:22
91.0%,45555000,-598543.5358470096,300.92625748288583,705,18:21
91.0%,45560000,-600421.3918973068,301.54333745316,705,18:20
91.0%,45565000,-599735.7081493367,302.12082264439226,705,18:19
91.0%,45570000,-599189.2173474412,300.44729312971594,705,18:18
91.1%,45575000,-599718.433949545,300.73559414787064,705,18:16
91.1%,45580000,-598960.8517674208,301.84029829597506,705,18:15
91.1%,45585000,-598859.433054009,299.79542666831316,705,18:14
91.1%,45590000,-597966.6982830302,301.45575792330874,705,18:13
91.1%,45595000,-599309.559640442,299.9208346673607,705,18:11
91.1%,45600000,-599572.9902743264,299.8325437071549,705,18:10
91.1%,45605000,-599286.6808168204,301.5312676692142,705,18:09
91.1%,45610000,-599552.221858975,295.7232974472844,705,18:08
91.1%,45615000,-598898.1256923834,298.66422787252264,705,18:07
91.1%,45620000,-598890.9621361927,299.8017559452604,705,18:05
91.2%,45625000,-598965.8503019316,301.05527169786836,705,18:04
91.2%,45630000,-598146.7304395419,300.4672131796429,705,18:03
91.2%,45635000,-599577.5556949172,302.8776373491295,705,18:02
91.2%,45640000,-599410.8715045,301.7453591417665,705,18:00
91.2%,45645000,-599141.814078067,301.8333557169981,705,17:59
91.2%,45650000,-599090.7078942414,299.94320792540674,705,17:58
91.2%,45655000,-599804.4914723602,299.18352296717023,705,17:57
91.2%,45660000,-599049.3154597231,299.7374818925404,705,17:56
91.2%,45665000,-599719.101381517,299.7663806841832,705,17:54
91.2%,45670000,-599081.3980108844,297.4993710613383,705,17:53
91.3%,45675000,-599862.7139230575,301.58025823535223,705,17:52
91.3%,45680000,-598667.8955687461,298.6463930494969,705,17:51
91.3%,45685000,-599950.3053169125,301.7525961057179,705,17:49
91.3%,45690000,-599952.2283190954,300.83767213770574,705,17:48
91.3%,45695000,-599704.5388588314,300.89007266312933,705,17:47
91.3%,45700000,-599968.7670142851,299.20631327059647,705,17:46
91.3%,45705000,-599310.3734211377,300.4387069012992,705,17:45
91.3%,45710000,-599999.680128756,300.913034691124,705,17:43
91.3%,45715000,-600345.1658668476,299.79837051805606,705,17:42
91.3%,45720000,-600379.7977066203,299.38674672775505,705,17:41
91.4%,45725000,-599922.3648265442,300.41000436630594,705,17:40
91.4%,45730000,-599201.7301249155,302.34951070525324,705,17:38
91.4%,45735000,-600503.3751562005,302.12663674763445,705,17:37
91.4%,45740000,-599401.5133323832,298.82400531731855,705,17:36
91.4%,45745000,-600248.5323396279,299.3577252757063,705,17:35
91.4%,45750000,-600186.1159555889,304.3137944462032,705,17:33
91.4%,45755000,-598657.9693603362,299.0958698410754,705,17:32
91.4%,45760000,-599839.3820395684,297.6350334703236,705,17:31
91.4%,45765000,-600036.2863258738,300.63466916585156,705,17:30
91.4%,45770000,-599079.3071233211,299.2838837113219,705,17:29
91.5%,45775000,-600284.063698574,298.6790207174807,705,17:27
91.5%,45780000,-601062.855107293,299.7085831008976,705,17:26
91.5%,45785000,-600334.630450767,299.6250023002804,705,17:25
91.5%,45790000,-600536.0626091342,298.9278986811617,705,17:24
91.5%,45795000,-598915.3986208364,297.97730506709814,705,17:22
91.5%,45800000,-600272.1257515545,301.79484034952844,705,17:21
91.5%,45805000,-600089.464498932,299.6960226753279,705,17:20
91.5%,45810000,-599422.4825386945,298.48286219627886,705,17:19
91.5%,45815000,-600766.0364097734,297.8085979447488,705,17:18
91.5%,45820000,-600636.4571066028,298.1616881893284,705,17:16
91.6%,45825000,-599677.2589983097,300.3397444857754,705,17:15
91.6%,45830000,-600321.8344880524,301.36506281914626,705,17:14
91.6%,45835000,-600775.6005685632,300.11429465963164,705,17:13
91.6%,45840000,-601178.2508987025,299.15126328040424,705,17:11
91.6%,45845000,-599637.9552802425,298.22686992905244,705,17:10
91.6%,45850000,-597482.1986237396,298.6379049494049,705,17:09
91.6%,45855000,-600314.1094706827,302.3266468055834,705,17:08
91.6%,45860000,-598833.5268486277,302.24780069663603,705,17:07
91.6%,45865000,-599135.1603835672,300.46157080096907,705,17:05
91.6%,45870000,-600288.375975308,301.1299228209321,705,17:04
91.7%,45875000,-597683.803770198,302.1985402776048,705,17:03
91.7%,45880000,-599359.8738001864,300.745406980347,705,17:02
91.7%,45885000,-599357.600539966,299.08914805082907,705,17:00
91.7%,45890000,-599849.2663954776,299.00986036442026,705,16:59
91.7%,45895000,-599754.2807939565,301.44508646799073,705,16:58
91.7%,45900000,-600795.8285284066,299.04722272407395,705,16:57
91.7%,45905000,-598673.2073398447,302.24780069663603,705,16:56
91.7%,45910000,-599855.5353132202,301.4199901489325,705,16:54
91.7%,45915000,-599217.6717242929,298.9972999388506,705,16:53
91.7%,45920000,-600184.7589974068,299.9082006455474,705,16:52
91.8%,45925000,-599315.3177660899,299.8579834753498,705,16:51
91.8%,45930000,-600143.4870289173,300.40014246966723,705,16:49
91.8%,45935000,-599867.7017981531,295.86612322397735,705,16:48
91.8%,45940000,-600883.8786477507,302.49123253829265,705,16:47
91.8%,45945000,-598794.2766049546,299.16534469500783,705,16:46
91.8%,45950000,-599001.4080860042,299.5167912901477,705,16:44
91.8%,45955000,-599911.8845059741,302.75298984459886,705,16:43
91.8%,45960000,-600515.1446496807,300.0117996244163,705,16:42
91.8%,45965000,-599561.7002022774,300.0021830485895,705,16:41
91.8%,45970000,-597988.406255763,298.8906344498329,705,16:40
91.9%,45975000,-599711.8994302298,301.128622620629,705,16:38
91.9%,45980000,-599917.4324432523,303.09332340695926,705,16:37
91.9%,45985000,-599955.6341534206,300.5449308128555,705,16:36
91.9%,45990000,-597765.7700836929,301.68164932691394,705,16:35
91.9%,45995000,-597915.8587224209,300.6310384178353,705,16:33
91.9%,46000000,-598733.1169532696,298.5702454694806,705,16:32
91.9%,46005000,-599459.0667659538,302.0927579435099,705,16:31
91.9%,46010000,-598964.4623937262,295.7571762514089,705,16:30
91.9%,46015000,-599052.7625135346,301.10661734380085,705,16:29
91.9%,46020000,-599157.1335694273,295.77633580681896,705,16:27
92.0%,46025000,-600093.8616773318,298.93290322572466,705,16:26
92.0%,46030000,-599550.7280591149,301.5838399192061,705,16:25
92.0%,46035000,-600247.9982291837,299.71304793967437,705,16:24
92.0%,46040000,-599695.0255424669,299.50840131838044,705,16:22
92.0%,46045000,-600468.4489904866,299.7421429879667,705,16:21
92.0%,46050000,-598200.5522514633,301.8379186840996,705,16:20
92.0%,46055000,-599682.3846500413,299.500894501536,705,16:19
92.0%,46060000,-599281.392200043,302.08382826595647,705,16:18
92.0%,46065000,-601852.5712192948,300.6940368023334,705,16:16
92.0%,46070000,-601096.0341937621,298.20594406379666,705,16:15
92.1%,46075000,-600341.0246594944,299.46566643294597,705,16:14
92.1%,46080000,-600992.0569519848,301.48222803891366,705,16:13
92.1%,46085000,-599788.9681202495,300.1665970567305,705,16:11
92.1%,46090000,-598774.4565880941,299.54235371874853,705,16:10
92.1%,46095000,-599269.2594651845,296.9583650748369,705,16:09
92.1%,46100000,-598930.8660847647,300.51740581775937,705,16:08
92.1%,46105000,-598899.9333633729,298.66803034510724,705,16:06
92.1%,46110000,-600335.4402889982,300.20614277161013,705,16:05
92.1%,46115000,-600554.405336915,299.9940874617965,705,16:04
92.1%,46120000,-598014.6131724939,301.65279959943354,705,16:03
92.2%,46125000,-600135.7846294711,300.8779538150211,705,16:02
92.2%,46130000,-599751.5735685108,297.42754112761156,705,16:00
92.2%,46135000,-598855.2116712639,299.1635047889185,705,15:59
92.2%,46140000,-599802.8906184458,299.9846180784569,705,15:58
92.2%,46145000,-600715.1723768096,301.0103043930456,705,15:57
92.2%,46150000,-599803.9314506887,298.6720045422602,705,15:55
92.2%,46155000,-600724.8579626633,299.6104547761343,705,15:54
92.2%,46160000,-598877.6096277526,300.11159613070066,705,15:53
92.2%,46165000,-598298.709289297,298.7396640221845,705,15:52
92.2%,46170000,-598228.79887649,299.2926171322258,705,15:51
92.3%,46175000,-599722.4475597888,302.11503307323125,705,15:49
92.3%,46180000,-599557.3841357725,298.765054726217,705,15:48
92.3%,46185000,-599483.4759554081,298.3989624786062,705,15:47
92.3%,46190000,-600504.2711408907,298.46031721366444,705,15:46
92.3%,46195000,-601085.7545167459,298.0630692229413,705,15:44
92.3%,46200000,-600122.1571520185,300.4175111831503,705,15:43
92.3%,46205000,-598809.7468129806,298.6210268775456,705,15:42
92.3%,46210000,-599061.0735159414,299.54399736818834,705,15:41
92.3%,46215000,-599735.5878048008,300.45553590899607,705,15:40
92.3%,46220000,-600058.1960711889,299.71675228393417,705,15:38
92.4%,46225000,-599374.0920428303,298.0637561212146,705,15:37
92.4%,46230000,-599209.7314174711,299.776635094121,705,15:36
92.4%,46235000,-599303.4689072929,300.75360069546474,705,15:35
92.4%,46240000,-599753.129092819,299.7972175102401,705,15:33
92.4%,46245000,-599063.5608588774,297.9219852240128,705,15:32
92.4%,46250000,-599011.9624829525,301.03885973555174,705,15:31
92.4%,46255000,-600512.431841196,299.8984123451523,705,15:30
92.4%,46260000,-600097.9740496827,297.9528711142321,705,15:29
92.4%,46265000,-600967.7240528916,297.9852289293228,705,15:27
92.4%,46270000,-599458.5726713287,298.92986124765696,705,15:26
92.5%,46275000,-600286.3699902594,300.3306676157348,705,15:25
92.5%,46280000,-599729.3519519712,300.99494731022014,705,15:24
92.5%,46285000,-600198.9319326812,300.4111328420407,705,15:22
92.5%,46290000,-597592.2395716715,301.4518573223994,705,15:21
92.5%,46295000,-598130.4727741373,299.23006032518924,705,15:20
92.5%,46300000,-599889.4489406366,301.12366714022846,705,15:19
92.5%,46305000,-598997.476355264,299.5369566608865,705,15:17
92.5%,46310000,-598734.50826988,302.94671968976286,705,15:16
92.5%,46315000,-599331.1991310227,301.9125698071633,705,15:15
92.5%,46320000,-599980.7824525153,299.69545843746056,705,15:14
92.6%,46325000,-599928.716048243,298.65331109639277,705,15:13
92.6%,46330000,-599397.6487327735,299.4383376944994,705,15:11
92.6%,46335000,-599277.9132337957,299.0934411650375,705,15:10
92.6%,46340000,-598633.6387747675,299.29134146400395,705,15:09
92.6%,46345000,-599936.968418892,297.7811465458962,705,15:08
92.6%,46350000,-599080.6845175233,300.8128456715406,705,15:06
92.6%,46355000,-600069.7974240272,301.14601586619335,705,15:05
92.6%,46360000,-600061.6389073632,300.8028856465771,705,15:04
92.6%,46365000,-600493.3243198004,297.6776211632709,705,15:03
92.6%,46370000,-599869.5706752613,303.0418796327021,705,15:02
92.7%,46375000,-600982.3584818044,298.6037808244684,705,15:00
92.7%,46380000,-600729.4396817917,302.22174762641134,705,14:59
92.7%,46385000,-600071.114407334,298.5516501519379,705,14:58
92.7%,46390000,-600435.3528188337,300.45730221884185,705,14:57
92.7%,46395000,-599718.5760411173,298.48148839973214,705,14:55
92.7%,46400000,-599877.9259413467,298.97595702821457,705,14:54
92.7%,46405000,-600313.4176445599,301.25439860089443,705,14:53
92.7%,46410000,-599333.6287290957,301.37227525101633,705,14:52
92.7%,46415000,-599852.3448707797,301.16088230739496,705,14:51
92.7%,46420000,-600181.9819808877,295.18167815875313,705,14:49
92.8%,46425000,-600096.4933137526,299.017538905833,705,14:48
92.8%,46430000,-600283.0650640428,301.58592514610734,705,14:47
92.8%,46435000,-600099.2032668428,300.3998726167741,705,14:46
92.8%,46440000,-600454.4975596787,301.47096781364706,705,14:44
92.8%,46445000,-600637.3046626477,299.927041283902,705,14:43
92.8%,46450000,-599129.3857067688,297.9388878279533,705,14:42
92.8%,46455000,-600122.7023825455,302.0592471206033,705,14:41
92.8%,46460000,-598322.8333968469,302.5393644815891,705,14:39
92.8%,46465000,-600580.5225133733,302.4766604820653,705,14:38
92.8%,46470000,-598832.362392812,299.4371110904398,705,14:37
92.9%,46475000,-601058.7412700248,299.55049836970386,705,14:36
92.9%,46480000,-599782.3516032235,300.5700025998325,705,14:35
92.9%,46485000,-598047.3140893695,300.7230827864633,705,14:33
92.9%,46490000,-600146.3233281025,301.58430602874876,705,14:32
92.9%,46495000,-599534.5787570886,297.55324351163335,705,14:31
92.9%,46500000,-600418.4268593965,295.6116274137037,705,14:30
92.9%,46505000,-599577.6538753696,301.493193879206,705,14:28
92.9%,46510000,-599465.1836389056,301.2262603037685,705,14:27
92.9%,46515000,-598594.4330101288,300.99386789864775,705,14:26
92.9%,46520000,-600202.9841933763,300.8307295587287,705,14:25
93.0%,46525000,-599702.9776400328,299.5911970923995,705,14:24
93.0%,46530000,-599046.1021730383,301.7217102154986,705,14:22
93.0%,46535000,-600255.0106876642,303.59701609796946,705,14:21
93.0%,46540000,-598784.4288317165,300.8456450640927,705,14:20
93.0%,46545000,-600146.642918916,300.71341714647417,705,14:19
93.0%,46550000,-599664.725176238,299.0282103611511,705,14:17
93.0%,46555000,-598704.5633998788,299.63231286047534,705,14:16
93.0%,46560000,-599343.4896638785,303.1962354875548,705,14:15
93.0%,46565000,-599029.1669466062,301.3823088722234,705,14:14
93.0%,46570000,-599607.6186653739,302.07359838809987,705,14:13
93.1%,46575000,-600374.4693861054,299.7148142495201,705,14:11
93.1%,46580000,-599746.8179474291,298.2697765390552,705,14:10
93.1%,46585000,-599492.5964588025,299.4513151654494,705,14:09
93.1%,46590000,-598621.5869769254,301.1641696062745,705,14:08
93.1%,46595000,-599949.8533988274,300.79054600973814,705,14:06
93.1%,46600000,-600130.2085697856,299.848759412822,705,14:05
93.1%,46605000,-600254.6692298772,301.6055998752224,705,14:04
93.1%,46610000,-600292.4677956006,302.9068550578278,705,14:03
93.1%,46615000,-600402.5684717637,302.58781534194094,705,14:02
93.1%,46620000,-599323.800836538,300.0648379839509,705,14:00
93.2%,46625000,-598852.5780056617,301.41211535087024,705,13:59
93.2%,46630000,-599408.6216130233,301.46252877771747,705,13:58
93.2%,46635000,-599401.5969025367,300.7267625986419,705,13:57
93.2%,46640000,-599614.3270153091,300.22064123159385,705,13:55
93.2%,46645000,-600524.5542758256,299.6929316330978,705,13:54
93.2%,46650000,-600220.9545866447,299.4193743957389,705,13:53
93.2%,46655000,-600329.4463846101,298.2577312871905,705,13:52
93.2%,46660000,-598957.8060433697,302.32448798243854,705,13:50
93.2%,46665000,-600839.4446193282,300.8609530827558,705,13:49
93.2%,46670000,-598860.3504714798,300.32796908680376,705,13:48
93.3%,46675000,-599699.8013277529,300.9849382210943,705,13:47
93.3%,46680000,-600251.0363220484,297.1302123035787,705,13:46
93.3%,46685000,-599199.3058173968,299.0148649089832,705,13:44
93.3%,46690000,-598763.0565412249,299.4298250623262,705,13:43
93.3%,46695000,-599564.5986004318,297.59082666001774,705,13:42
93.3%,46700000,-600381.5370672457,298.2496111683164,705,13:41
93.3%,46705000,-599863.3349420317,301.80131681896285,705,13:39
93.3%,46710000,-597878.2127222302,302.8357856186179,705,13:38
93.3%,46715000,-599598.8838220406,300.3016706957672,705,13:37
93.3%,46720000,-600175.6814296804,301.89495577286823,705,13:36
93.4%,46725000,-600140.2051232643,301.3065292734249,705,13:35
93.4%,46730000,-600063.7974551586,302.8776373491295,705,13:33
93.4%,46735000,-600688.1483176537,301.08944488696727,705,13:32
93.4%,46740000,-599458.4826373593,303.0427873197061,705,13:31
93.4%,46745000,-600353.0371839767,300.0746998805896,705,13:30
93.4%,46750000,-598313.7775994851,301.55854734349833,705,13:28
93.4%,46755000,-599505.7857431592,299.52577003186354,705,13:27
93.4%,46760000,-599247.4485014942,301.02286481861535,705,13:26
93.4%,46765000,-598639.9558499386,298.294553941058,705,13:25
93.4%,46770000,-599651.0845313305,300.5118125032479,705,13:24
93.5%,46775000,-601561.4499574052,301.3798556641043,705,13:22
93.5%,46780000,-599311.8919541794,300.03230844429186,705,13:21
93.5%,46785000,-600712.02597111,298.7743523849883,705,13:20
93.5%,46790000,-599468.8927284568,298.35676729895795,705,13:19
93.5%,46795000,-598929.4099157881,301.76549998042424,705,13:17
93.5%,46800000,-598637.0195402568,299.9694572522809,705,13:16
93.5%,46805000,-600176.2752069742,300.5153941871018,705,13:15
93.5%,46810000,-598820.875689575,298.95301953230114,705,13:14
93.5%,46815000,-600357.5228167553,300.67578493392745,705,13:12
93.5%,46820000,-598465.6649293052,299.6880252168597,705,13:11
93.6%,46825000,-599476.9889858323,299.0841435062662,705,13:10
93.6%,46830000,-599905.3613286354,301.9044006241267,705,13:09
93.6%,46835000,-599171.5045310119,298.2744376344815,705,13:08
93.6%,46840000,-598877.8417657134,300.42276104852516,705,13:06
93.6%,46845000,-598805.1280312594,299.8972838694175,705,13:05
93.6%,46850000,-599770.4650395806,298.13860350092784,705,13:04
93.6%,46855000,-599538.032434837,299.6348641969191,705,13:03
93.6%,46860000,-599466.2226577648,304.2191006128066,705,13:01
93.6%,46865000,-599331.6148285149,300.8874722625231,705,13:00
93.6%,46870000,-600246.3196235499,298.7068400975511,705,12:59
93.7%,46875000,-598915.5706792842,300.54618194899626,705,12:58
93.7%,46880000,-599085.7224250627,298.6860368927013,705,12:57
93.7%,46885000,-600062.6126725338,301.2318045541176,705,12:55
93.7%,46890000,-599250.8106706543,301.6074643133929,705,12:54
93.7%,46895000,-598979.0667355256,300.3544392024087,705,12:53
93.7%,46900000,-600454.2696877038,300.37296092370775,705,12:52
93.7%,46905000,-598997.2832435793,299.50646328396635,705,12:50
93.7%,46910000,-598370.602135791,299.27976232168186,705,12:49
93.7%,46915000,-598064.9865475451,298.3883155553694,705,12:48
93.7%,46920000,-598428.6384967593,300.41491078254404,705,12:47
93.8%,46925000,-600237.7636156906,299.6698714767785,705,12:46
93.8%,46930000,-599414.5350296632,302.1240118149471,705,12:44
93.8%,46935000,-599138.4982542428,300.08156886332307,705,12:43
93.8%,46940000,-599614.2065567812,300.88823275704004,705,12:42
93.8%,46945000,-599048.5502092293,297.85435027616967,705,12:41
93.8%,46950000,-599543.7870535371,303.5021750720857,705,12:39
93.8%,46955000,-599776.237661222,303.2298199067051,705,12:38
93.8%,46960000,-598733.7397836046,300.045310447323,705,12:37
93.8%,46965000,-599411.1811414077,302.410031349551,705,12:36
93.8%,46970000,-599802.2847143807,298.8237599965066,705,12:34
93.9%,46975000,-600827.3317365404,304.3946521858082,705,12:33
93.9%,46980000,-600087.5769289061,300.30657711200536,705,12:32
93.9%,46985000,-600110.3374440218,299.401392380226,705,12:31
93.9%,46990000,-600079.4664002946,298.17312013916336,705,12:30
93.9%,46995000,-599755.5130255092,298.56335195466596,705,12:28
93.9%,47000000,-600766.1819598298,301.72082706057574,705,12:27
93.9%,47005000,-600557.5540053723,302.00071357488196,705,12:26
93.9%,47010000,-599948.9731982485,298.97993122536747,705,12:25
93.9%,47015000,-600082.9146986469,302.08691930818657,705,12:23
93.9%,47020000,-600358.4218392433,300.0293400624678,705,12:22
94.0%,47025000,-599864.6719448641,300.3935188077457,705,12:21
94.0%,47030000,-600208.8968860824,300.8615663847856,705,12:20
94.0%,47035000,-599739.8247275897,301.5782220726134,705,12:19
94.0%,47040000,-599093.9199956842,298.9825806901361,705,12:17
94.0%,47045000,-598559.4674925548,299.29281338887535,705,12:16
94.0%,47050000,-599119.0003304593,301.0015464400605,705,12:15
94.0%,47055000,-599171.3511966481,299.3390318298389,705,12:14
94.0%,47060000,-600939.0197015693,301.3824070005482,705,12:12
94.0%,47065000,-601270.5133105149,300.71466828261487,705,12:11
94.0%,47070000,-599221.0742060961,300.651694430198,705,12:10
94.1%,47075000,-598495.4890440772,301.9966167173231,705,12:09
94.1%,47080000,-598462.8525977395,299.3677343648322,705,12:08
94.1%,47085000,-599839.1394208288,300.31810719016505,705,12:06
94.1%,47090000,-598772.5887241964,302.4963842753427,705,12:05
94.1%,47095000,-599591.682415524,300.333268016341,705,12:04
94.1%,47100000,-600387.8882916393,303.8452807596207,705,12:03
94.1%,47105000,-598384.2597935898,301.18222521803096,705,12:01
94.1%,47110000,-599506.8828269169,302.90984797173303,705,12:00
94.1%,47115000,-599376.1200504391,299.4613487866564,705,11:59
94.1%,47120000,-600996.9265563092,299.7324282838151,705,11:58
94.2%,47125000,-598983.3312771125,299.7088774858719,705,11:56
94.2%,47130000,-599037.014186298,300.80460289226045,705,11:55
94.2%,47135000,-598642.1658323226,301.9202974127384,705,11:54
94.2%,47140000,-599585.7500534607,301.2862657743613,705,11:53
94.2%,47145000,-600086.5070795463,302.6960999483173,705,11:52
94.2%,47150000,-599080.6514169904,295.9457543595229,705,11:50
94.2%,47155000,-599700.9086208264,301.95623691168294,705,11:49
94.2%,47160000,-600812.4959523468,302.11326676338547,705,11:48
94.2%,47165000,-599102.0945498729,300.4343892550096,705,11:47
94.2%,47170000,-599163.1215935028,302.4696197747635,705,11:45
94.3%,47175000,-599863.9433452138,300.0151850516207,705,11:44
94.3%,47180000,-600788.5413357564,299.0900802699143,705,11:43
94.3%,47185000,-599126.8870429373,301.0968535754869,705,11:42
94.3%,47190000,-600404.8996331925,303.09744479659935,705,11:41
94.3%,47195000,-599149.7126998473,299.9300341978073,705,11:39
94.3%,47200000,-599486.7039895686,300.1239112354585,705,11:38
94.3%,47205000,-600617.8668442485,302.0468338875207,705,11:37
94.3%,47210000,-599666.6037831153,299.69612080365266,705,11:36
94.3%,47215000,-599206.0045496873,301.78811855928217,705,11:34
94.3%,47220000,-600770.0306788073,299.4125544771679,705,11:33
94.4%,47225000,-597631.7689812849,298.8609996957543,705,11:32
94.4%,47230000,-598781.0146537186,303.30007978723563,705,11:31
94.4%,47235000,-599743.2193063097,300.7874549675081,705,11:30
94.4%,47240000,-599927.2464037379,301.43362998607466,705,11:28
94.4%,47245000,-599033.7465244238,302.87761281704826,705,11:27
94.4%,47250000,-599502.1447029705,299.9980125947871,705,11:26
94.4%,47255000,-599429.8294486059,298.8210859996568,705,11:25
94.4%,47260000,-598654.1992920595,300.39734581241146,705,11:23
94.4%,47265000,-599557.5088358605,300.6107503866905,705,11:22
94.4%,47270000,-599491.9764815136,302.48767538652,705,11:21
94.5%,47275000,-599634.1965124011,301.2415928545128,705,11:20
94.5%,47280000,-599759.3303585341,301.49245791677026,705,11:18
94.5%,47285000,-600729.1863363581,301.52476666769854,705,11:17
94.5%,47290000,-600162.4098230316,299.285306572031,705,11:16
94.5%,47295000,-598434.5069126422,300.0481071045787,705,11:15
94.5%,47300000,-600114.180335898,300.7464863919194,705,11:14
94.5%,47305000,-598540.4961283524,300.68883600112093,705,11:12
94.5%,47310000,-598512.5882470687,301.35841462514355,705,11:11
94.5%,47315000,-599136.5437719235,301.23609766832607,705,11:10
94.5%,47320000,-598976.8447896563,300.0406984160591,705,11:09
94.6%,47325000,-599189.7456238689,300.7263700853429,705,11:07
94.6%,47330000,-600973.5059436797,301.4684164772032,705,11:06
94.6%,47335000,-599622.0725867283,300.9132554798547,705,11:05
94.6%,47340000,-600373.4361692779,300.08959085387244,705,11:04
94.6%,47345000,-598753.9870893867,300.4331381188689,705,11:03
94.6%,47350000,-600401.5913662654,299.8677472436637,705,11:01
94.6%,47355000,-599461.0986080882,297.69091755127636,705,11:00
94.6%,47360000,-600287.7727869675,301.0117763179171,705,10:59
94.6%,47365000,-599827.3779891026,300.0980544218833,705,10:58
94.6%,47370000,-597544.5344824591,302.1919656798457,705,10:56
94.7%,47375000,-598707.6059641652,298.1781246837263,705,10:55
94.7%,47380000,-600069.3421038748,298.9871436572376,705,10:54
94.7%,47385000,-599832.4719946198,300.41805088893653,705,10:53
94.7%,47390000,-599617.5560027966,298.2123960011499,705,10:52
94.7%,47395000,-601875.8260106687,299.19355658837725,705,10:50
94.7%,47400000,-599250.3027194017,303.337025101509,705,10:49
94.7%,47405000,-599867.8061217577,300.27657437670894,705,10:48
94.7%,47410000,-601288.0852715992,299.43848488698654,705,10:47
94.7%,47415000,-599481.3039405355,297.39704775069134,705,10:45
94.7%,47420000,-599254.5818132362,298.3015210521162,705,10:44
94.8%,47425000,-599902.1458423473,300.67156541596256,705,10:43
94.8%,47430000,-599347.7936425861,301.8233711599534,705,10:42
94.8%,47435000,-598376.1520546586,299.87363494314957,705,10:41
94.8%,47440000,-599656.5989978747,301.83306133202376,705,10:39
94.8%,47445000,-598254.4958717604,300.83301104227945,705,10:38
94.8%,47450000,-599274.23615372,301.5549901917257,705,10:37
94.8%,47455000,-599190.9912206293,298.7612277215512,705,10:36
94.8%,47460000,-599998.3301680903,300.65603660856874,705,10:34
94.8%,47465000,-599869.7712856047,302.8088984576328,705,10:33
94.8%,47470000,-600196.512881577,297.84819272379076,705,10:32
94.9%,47475000,-597941.5680014803,300.8620324943282,705,10:31
94.9%,47480000,-597923.1067133886,299.1569547232406,705,10:29
94.9%,47485000,-599354.668284988,302.1631650165276,705,10:28
94.9%,47490000,-599431.0052194614,300.1803840863597,705,10:27
94.9%,47495000,-600414.7378972066,300.12974987078184,705,10:26
94.9%,47500000,-599537.3181987461,297.9960966412903,705,10:25
94.9%,47505000,-598072.6066572531,299.6713924658123,705,10:23
94.9%,47510000,-599581.0700196233,300.86963743949735,705,10:22
94.9%,47515000,-600542.0112667279,299.4295061452707,705,10:21
94.9%,47520000,-600689.049094019,298.6734274029692,705,10:20
95.0%,47525000,-599264.8150804075,299.99327790311725,705,10:18
95.0%,47530000,-601199.3489248683,297.9979365473796,705,10:17
95.0%,47535000,-599217.0457904385,299.24578538923254,705,10:16
95.0%,47540000,-600468.9992337241,301.5520954061452,705,10:15
95.0%,47545000,-599555.8372998354,301.6487027418747,705,10:14
95.0%,47550000,-599326.9949030606,299.65610897923045,705,10:12
95.0%,47555000,-599082.0969623378,302.23514214274155,705,10:11
95.0%,47560000,-600430.984637613,300.5181908443575,705,10:10
95.0%,47565000,-598989.1012329641,301.25138115490796,705,10:09
95.0%,47570000,-600570.3534282898,300.57586576723713,705,10:07
95.1%,47575000,-599200.780140976,301.3619963089974,705,10:06
95.1%,47580000,-598105.0068203327,299.1010706422878,705,10:05
95.1%,47585000,-599177.8036563126,299.43259718750073,705,10:04
95.1%,47590000,-599534.893764508,301.29495013110284,705,10:03
95.1%,47595000,-598269.8780568535,300.21428742256546,705,10:01
95.1%,47600000,-599105.2836534269,300.9329792731321,705,10:00
95.1%,47605000,-600984.7639127625,299.4897569366754,705,9:59
95.1%,47610000,-600182.4246198288,299.63339227204773,705,9:58
95.1%,47615000,-600176.221477747,300.74023071121576,705,9:56
95.1%,47620000,-600040.9322747961,298.7543342067366,705,9:55
95.2%,47625000,-599068.3300047349,298.85535731708046,705,9:54
95.2%,47630000,-600253.9932962144,304.3845449683576,705,9:53
95.2%,47635000,-598913.662864292,298.40193086043024,705,9:51
95.2%,47640000,-599524.3790416075,300.36098926808666,705,9:50
95.2%,47645000,-599141.4345606272,299.69788711349844,705,9:49
95.2%,47650000,-599688.8025482954,300.65983908115334,705,9:48
95.2%,47655000,-600372.2968521388,299.08240172850157,705,9:47
95.2%,47660000,-600012.734603079,299.32546558894035,705,9:45
95.2%,47665000,-598810.2733785505,303.4679282867433,705,9:44
95.2%,47670000,-599147.7235346544,299.6580960778069,705,9:43
95.3%,47675000,-599762.7798692407,299.16792056353285,705,9:42
95.3%,47680000,-598429.1601555031,299.0222490654217,705,9:40
95.3%,47685000,-599903.8309323634,300.51166531076075,705,9:39
95.3%,47690000,-600293.7466459,299.6055974240585,705,9:38
95.3%,47695000,-599380.554053471,297.0902004791564,705,9:37
95.3%,47700000,-599938.0514905164,303.2813863413682,705,9:36
95.3%,47705000,-601153.3602481592,299.1997386728373,705,9:34
95.3%,47710000,-601257.2268621977,300.662488545922,705,9:33
95.3%,47715000,-599800.9069751995,298.3024778032826,705,9:32
95.3%,47720000,-600264.2002730747,299.73728563589094,705,9:31
95.4%,47725000,-599527.9265632513,299.22716553960873,705,9:29
95.4%,47730000,-600150.1204995369,301.9367829712986,705,9:28
95.4%,47735000,-599506.5455125407,298.6741143012426,705,9:27
95.4%,47740000,-599969.4631686434,300.9522124247857,705,9:26
95.4%,47745000,-599153.9536200897,298.6051791530963,705,9:25
95.4%,47750000,-599047.43926031,300.712877440688,705,9:23
95.4%,47755000,-600733.314245136,301.270025536613,705,9:22
95.4%,47760000,-599175.7944707992,299.24222823745987,705,9:21
95.4%,47765000,-598831.7242041887,299.97686594080056,705,9:20
95.4%,47770000,-600059.8385151918,298.72308033529947,705,9:18
95.5%,47775000,-599148.9401868791,304.1010031739539,705,9:17
95.5%,47780000,-599365.1031626835,301.67080614702763,705,9:16
95.5%,47785000,-599821.5308418134,301.14186994447203,705,9:15
95.5%,47790000,-598562.2601426952,299.82005687782873,705,9:13
95.5%,47795000,-598998.3236796409,301.4630194193412,705,9:12
95.5%,47800000,-599487.4017037894,298.09339087529315,705,9:11
95.5%,47805000,-600535.1170435799,300.1641929127738,705,9:10
95.5%,47810000,-599816.4248702405,298.2619753372366,705,9:09
95.5%,47815000,-601315.8187183202,300.649511074972,705,9:07
95.5%,47820000,-598703.3978852085,297.1701505317573,705,9:06
95.6%,47825000,-600085.0492905895,299.4043362299689,705,9:05
95.6%,47830000,-599859.765585388,297.05102274549466,705,9:04
95.6%,47835000,-599398.9346547737,298.4900255639866,705,9:02
95.6%,47840000,-599496.0567294387,300.04742020630545,705,9:01
95.6%,47845000,-598125.6054888624,296.8001576832372,705,9:00
95.6%,47850000,-597954.4870418301,301.01901328186835,705,8:59
95.6%,47855000,-598735.7779970686,298.96822942263947,705,8:58
95.6%,47860000,-599172.2689862228,301.87520744750964,705,8:56
95.6%,47865000,-599915.9312500786,301.5095567773602,705,8:55
95.6%,47870000,-599189.4572716998,298.16544159775066,705,8:54
95.7%,47875000,-599700.4918122622,300.53001530749145,705,8:53
95.7%,47880000,-599187.6322294301,297.5752242563804,705,8:51
95.7%,47885000,-599795.9480429869,302.9038621439225,705,8:50
95.7%,47890000,-600034.4015331613,300.4471950013912,705,8:49
95.7%,47895000,-600117.5294977548,302.46333956197867,705,8:48
95.7%,47900000,-599306.7506888071,298.7646376808367,705,8:47
95.7%,47905000,-599793.8391851252,298.89200824637953,705,8:45
95.7%,47910000,-599517.2146056583,298.15960296242724,705,8:44
95.7%,47915000,-600103.8599671479,301.11895698063984,705,8:43
95.7%,47920000,-599828.779314388,299.9980125947871,705,8:42
95.8%,47925000,-599679.1762053017,298.2299364392013,705,8:40
95.8%,47930000,-599256.4172088061,301.4739607275523,705,8:39
95.8%,47935000,-600249.8033527946,301.17059701154653,705,8:38
95.8%,47940000,-599488.2672344544,302.1607118084085,705,8:37
95.8%,47945000,-600700.6652286444,299.87782992903317,705,8:36
95.8%,47950000,-598547.4279618347,300.39476994388644,705,8:34
95.8%,47955000,-599712.6795739653,298.1909549621891,705,8:33
95.8%,47960000,-599348.438418414,301.76790412438095,705,8:32
95.8%,47965000,-598113.2872270718,298.3206560754451,705,8:31
95.8%,47970000,-599168.6763539263,297.8542521478449,705,8:29
95.9%,47975000,-600380.2403408331,297.89411677978,705,8:28
95.9%,47980000,-597467.3320482746,302.83617813191694,705,8:27
95.9%,47985000,-598928.0834409161,300.62512618626835,705,8:26
95.9%,47990000,-598262.0076326383,302.0959716461459,705,8:24
95.9%,47995000,-598440.9604087132,301.06930404830956,705,8:23
95.9%,48000000,-599218.4850628078,297.76421940987456,705,8:22
95.9%,48005000,-599399.2151313624,299.20469415323794,705,8:21
95.9%,48010000,-601201.1863810862,299.5169875467972,705,8:20
95.9%,48015000,-600056.947631306,299.5496642789434,705,8:18
95.9%,48020000,-600088.2882717131,300.0897135142784,705,8:17
96.0%,48025000,-601089.4308313369,300.32701233563733,705,8:16
96.0%,48030000,-599101.2801602082,302.5261662219084,705,8:15
96.0%,48035000,-598292.4971430334,300.68093667097753,705,8:13
96.0%,48040000,-599679.4791209372,300.2271177010283,705,8:12
96.0%,48045000,-600308.973184105,302.3305719385739,705,8:11
96.0%,48050000,-599562.795713136,301.454114273869,705,8:10
96.0%,48055000,-600200.4428399303,299.70608082861617,705,8:09
96.0%,48060000,-599398.1036434579,303.00746112279137,705,8:07
96.0%,48065000,-599120.2454740182,301.57277595058906,705,8:06
96.0%,48070000,-599484.6019435399,300.3290730304574,705,8:05
96.1%,48075000,-599071.7268117149,300.7537724200331,705,8:04
96.1%,48080000,-600778.7668849682,301.01025532888326,705,8:02
96.1%,48085000,-600320.4268604103,298.98898356332694,705,8:01
96.1%,48090000,-599865.6180339064,302.0075580255342,705,8:00
96.1%,48095000,-599390.7366865408,300.75311005384094,705,7:59
96.1%,48100000,-599920.4109216663,301.15342455471296,705,7:58
96.1%,48105000,-599496.3466841187,297.683803247731,705,7:56
96.1%,48110000,-598758.2778877667,299.6684976802318,705,7:55
96.1%,48115000,-601007.8712162669,300.1114244061323,705,7:54
96.1%,48120000,-599980.9409493878,301.84223633038914,705,7:53
96.2%,48125000,-599410.728459463,300.0700878493258,705,7:51
96.2%,48130000,-601040.8820800595,300.26266468667376,705,7:50
96.2%,48135000,-600684.2879129653,299.47793247354144,705,7:49
96.2%,48140000,-598593.5271242955,300.7591940099762,705,7:48
96.2%,48145000,-599488.4541465896,301.9713977378589,705,7:46
96.2%,48150000,-599465.8646328822,300.2360473785817,705,7:45
96.2%,48155000,-598380.2649496421,298.3210976529065,705,7:44
96.2%,48160000,-600301.3119612145,299.1810942911323,705,7:43
96.2%,48165000,-599412.8133902568,300.53102112282033,705,7:42
96.2%,48170000,-599875.8613197422,301.2672534114384,705,7:40
96.3%,48175000,-600592.3585496657,303.1333842955439,705,7:39
96.3%,48180000,-599644.9844401008,298.48605136683364,705,7:38
96.3%,48185000,-599698.6114236354,300.6103578733915,705,7:37
96.3%,48190000,-599350.1039060852,302.0293179815505,705,7:35
96.3%,48195000,-600361.4979566215,303.0388621867156,705,7:34
96.3%,48200000,-599623.7500291616,299.3938855633816,705,7:33
96.3%,48205000,-600483.096741112,300.07310529531225,705,7:32
96.3%,48210000,-598980.8634401658,298.8116411483984,705,7:31
96.3%,48215000,-599202.4500149614,299.06702011359494,705,7:29
96.3%,48220000,-600340.130368067,298.95216090945945,705,7:28
96.4%,48225000,-600699.7316781906,298.59784406082025,705,7:27
96.4%,48230000,-598229.6207593856,301.0092740456356,705,7:26
96.4%,48235000,-598559.0579547221,297.73801914716273,705,7:24
96.4%,48240000,-599515.4868901884,301.59279412884075,705,7:23
96.4%,48245000,-599090.5609002518,299.52385652953063,705,7:22
96.4%,48250000,-598990.1212327555,298.64403796970265,705,7:21
96.4%,48255000,-599515.2608164591,300.5460592885903,705,7:20
96.4%,48260000,-599826.8131635846,300.80600122088833,705,7:18
96.4%,48265000,-599315.1471426962,301.0686907462798,705,7:17
96.4%,48270000,-599956.0524530197,299.8716723766543,705,7:16
96.5%,48275000,-598902.1969956686,298.66631309942386,705,7:15
96.5%,48280000,-599557.4790185601,301.5188053719692,705,7:13
96.5%,48285000,-599705.3777227341,301.3268173045697,705,7:12
96.5%,48290000,-598473.7381729716,302.18237363610007,705,7:11
96.5%,48295000,-599487.0542080752,300.9611421023392,705,7:10
96.5%,48300000,-599378.8496235809,300.52510889125335,705,7:08
96.5%,48305000,-600426.8517531967,302.6647970127178,705,7:07
96.5%,48310000,-598456.349105136,299.4903947707864,705,7:06
96.5%,48315000,-600457.2923453967,298.79275144588144,705,7:05
96.5%,48320000,-599587.1643305896,301.497315268846,705,7:04
96.6%,48325000,-599107.7707235948,300.07342421236774,705,7:02
96.6%,48330000,-599867.0409815786,299.24244902619057,705,7:01
96.6%,48335000,-599593.8007166237,299.96715123664904,705,7:00
96.6%,48340000,-598526.7325215843,300.4136351143222,705,6:59
96.6%,48345000,-598363.0961535857,299.37050649000673,705,6:57
96.6%,48350000,-600012.3573141075,302.1800430883869,705,6:56
96.6%,48355000,-599726.2269798825,301.7136391607868,705,6:55
96.6%,48360000,-601230.5318740043,300.79896051358656,705,6:54
96.6%,48365000,-599234.4451168142,297.8585452620533,705,6:53
96.6%,48370000,-599311.8950522123,300.61766843358635,705,6:51
96.7%,48375000,-599039.4728753818,303.7199954209791,705,6:50
96.7%,48380000,-598873.7279183986,301.22775676072115,705,6:49
96.7%,48385000,-599634.0934947161,300.51674345156727,705,6:48
96.7%,48390000,-599010.9904244114,300.4605895177214,705,6:46
96.7%,48395000,-597323.4604336363,300.9069752670698,705,6:45
96.7%,48400000,-600324.6824276266,299.668914725612,705,6:44
96.7%,48405000,-598790.100661837,300.907122459557,705,6:43
96.7%,48410000,-599754.3925330751,297.0739602414081,705,6:42
96.7%,48415000,-598713.0377668138,301.06535438323783,705,6:40
96.7%,48420000,-600073.4932775819,298.68377994123176,705,6:39
96.8%,48425000,-601635.6370372754,300.6282172284984,705,6:38
96.8%,48430000,-599370.5712699513,299.360767253774,705,6:37
96.8%,48435000,-599295.5714303348,299.6287066445403,705,6:35
96.8%,48440000,-599573.6434935406,300.35986079235187,705,6:34
96.8%,48445000,-598904.2000511317,299.5317558596741,705,6:33
96.8%,48450000,-600000.6205083993,298.6212721983575,705,6:32
96.8%,48455000,-600136.7590000043,299.82952626116844,705,6:30
96.8%,48460000,-599421.8442936433,300.50523790548874,705,6:29
96.8%,48465000,-599242.1573971938,300.89112754262055,705,6:28
96.8%,48470000,-600323.9869590295,299.33613704425835,705,6:27
96.9%,48475000,-599046.1876684581,300.8521705976895,705,6:26
96.9%,48480000,-598515.2917816001,301.10303565994695,705,6:24
96.9%,48485000,-600169.455240373,298.5116137954345,705,6:23
96.9%,48490000,-600694.2707833597,300.288153519031,705,6:22
96.9%,48495000,-599738.8818139052,302.0166103634936,705,6:21
96.9%,48500000,-598994.7304526828,300.2932071277564,705,6:19
96.9%,48505000,-599846.5671793967,300.19534865588616,705,6:18
96.9%,48510000,-598996.5350934826,301.62630495174744,705,6:17
96.9%,48515000,-600046.6440233514,301.58823116173926,705,6:16
96.9%,48520000,-599361.789726512,301.82415618655153,705,6:15
97.0%,48525000,-598268.9688841375,301.12035530926767,705,6:13
97.0%,48530000,-599902.8617817853,299.5381832649461,705,6:12
97.0%,48535000,-599683.4918405577,302.23622155431394,705,6:11
97.0%,48540000,-599711.5973117459,301.3866510505942,705,6:10
97.0%,48545000,-597439.0900087724,303.00029775508364,705,6:08
97.0%,48550000,-599427.3203858742,298.13396693758284,705,6:07
97.0%,48555000,-598973.2650082926,299.86235018580174,705,6:06
97.0%,48560000,-598709.7978240089,300.07136351754764,705,6:05
97.0%,48565000,-598628.7011675835,299.4551176380339,705,6:04
97.0%,48570000,-600251.4370690864,301.30618582428826,705,6:02
97.1%,48575000,-600379.023858625,301.2873942500961,705,6:01
97.1%,48580000,-600066.7061433592,300.8886988665827,705,6:00
97.1%,48585000,-599360.910053324,301.40286675626135,705,5:59
97.1%,48590000,-599342.6795503562,301.4704281078609,705,5:57
97.1%,48595000,-601939.2654171796,299.9170567268573,705,5:56
97.1%,48600000,-600878.49286112,299.78068288751746,705,5:55
97.1%,48605000,-599511.0092613036,297.59404036265374,705,5:54
97.1%,48610000,-598441.8861611844,300.2460074035452,705,5:52
97.1%,48615000,-599882.9209585311,300.7206295783443,705,5:51
97.1%,48620000,-600364.9596086987,298.63665381326416,705,5:50
97.2%,48625000,-598832.7996586999,300.7994756872916,705,5:49
97.2%,48630000,-600070.1622236543,299.0143742673594,705,5:48
97.2%,48635000,-601819.6552326446,299.0469038070185,705,5:46
97.2%,48640000,-599771.3368086033,303.7542422063215,705,5:45
97.2%,48645000,-600056.9173070444,300.63584670574875,705,5:44
97.2%,48650000,-599600.9877128466,300.82700068238773,705,5:43
97.2%,48655000,-598987.5230367756,300.41172161198926,705,5:41
97.2%,48660000,-599490.7637086944,300.4418470076916,705,5:40
97.2%,48665000,-599618.6899523586,300.15011149817025,705,5:39
97.2%,48670000,-598379.4376721792,299.3384921240527,705,5:38
97.3%,48675000,-601230.1876826575,300.16561577348284,705,5:37
97.3%,48680000,-600468.0928024561,299.17444609712965,705,5:35
97.3%,48685000,-598979.6762116016,299.03424525312397,705,5:34
97.3%,48690000,-599495.8100987375,296.9075100705283,705,5:33
97.3%,48695000,-600107.1314517702,300.6348899545823,705,5:32
97.3%,48700000,-599957.1691356981,300.49240762702595,705,5:30
97.3%,48705000,-600003.3246484264,300.61516616130484,705,5:29
97.3%,48710000,-599050.4003262031,300.2126192410445,705,5:28
97.3%,48715000,-600327.5371089787,299.7991064804918,705,5:27
97.3%,48720000,-599382.4873991329,300.72838171600057,705,5:26
97.4%,48725000,-598434.0138712237,298.6201191905416,705,5:24
97.4%,48730000,-599391.9603338372,300.9242949163906,705,5:23
97.4%,48735000,-599130.8356644837,299.03848930317,705,5:22
97.4%,48740000,-599272.480833217,300.23563033320147,705,5:21
97.4%,48745000,-599136.3729788284,300.4387559654616,705,5:19
97.4%,48750000,-598956.8289871234,299.25326767399577,705,5:18
97.4%,48755000,-600207.0239170715,301.32603227797165,705,5:17
97.4%,48760000,-598465.7158262734,300.2622721733747,705,5:16
97.4%,48765000,-598656.9569863789,297.905818582508,705,5:15
97.4%,48770000,-599571.9965754692,301.23889432558184,705,5:13
97.5%,48775000,-597956.5036171316,302.3012315694696,705,5:12
97.5%,48780000,-598731.7175367288,300.19799812065474,705,5:11
97.5%,48785000,-599707.9735960858,299.7789901739153,705,5:10
97.5%,48790000,-599405.1941961222,299.50894102416663,705,5:08
97.5%,48795000,-599038.6239509098,297.688169958183,705,5:07
97.5%,48800000,-598780.2571333502,300.32389676132607,705,5:06
97.5%,48805000,-599671.0026288335,299.0475416411294,705,5:05
97.5%,48810000,-599701.9768274259,298.69894076740763,705,5:03
97.5%,48815000,-599739.5656180559,301.2801327540636,705,5:02
97.5%,48820000,-600802.4668774861,299.1682640126695,705,5:01
97.6%,48825000,-600430.5456005414,300.93638923241764,705,5:00
97.6%,48830000,-599199.5312114195,304.0454625421379,705,4:59
97.6%,48835000,-599572.9033496901,303.3217906790895,705,4:57
97.6%,48840000,-599620.1578483982,301.9055290998615,705,4:56
97.6%,48845000,-600713.5534783192,302.37585816045214,705,4:55
97.6%,48850000,-599809.6932852385,299.53295793165245,705,4:54
97.6%,48855000,-599790.7035846799,298.93557722257447,705,4:52
97.6%,48860000,-598951.861913986,301.933618332825,705,4:51
97.6%,48865000,-601103.8288348569,302.18833493182944,705,4:50
97.6%,48870000,-599789.6681928635,300.15011149817025,705,4:49
97.7%,48875000,-598940.8688304848,301.1607351149078,705,4:48
97.7%,48880000,-599486.2283425243,300.35048953733695,705,4:46
97.7%,48885000,-599052.0894638053,299.0906199757005,705,4:45
97.7%,48890000,-599963.6369951526,299.0112832251294,705,4:44
97.7%,48895000,-599658.3531879308,298.1512620548223,705,4:43
97.7%,48900000,-600701.4535024604,302.53590545814114,705,4:41
97.7%,48905000,-599543.148871413,301.89203645520655,705,4:40
97.7%,48910000,-599670.8975522895,302.93359502632575,705,4:39
97.7%,48915000,-602302.2073418582,302.6286121929613,705,4:38
97.7%,48920000,-599556.3381141117,301.3972243775874,705,4:37
97.8%,48925000,-600126.9724063505,301.77290866894384,705,4:35
97.8%,48930000,-599162.2766054231,296.3850994015695,705,4:34
97.8%,48935000,-599530.7011557352,300.9405351541389,705,4:33
97.8%,48940000,-599603.3873138968,299.79503415501415,705,4:32
97.8%,48945000,-600220.520556258,301.3873624809487,705,4:30
97.8%,48950000,-599607.9074714687,299.2631050385533,705,4:29
97.8%,48955000,-599983.3471767469,297.8577847675364,705,4:28
97.8%,48960000,-600345.8682306381,300.1855848875722,705,4:27
97.8%,48965000,-598473.5454106499,300.01788358055165,705,4:25
97.8%,48970000,-598989.0985913952,300.60871422395167,705,4:24
97.9%,48975000,-598424.8845390761,300.81637829123207,705,4:23
97.9%,48980000,-600406.3493431774,299.45160955042365,705,4:22
97.9%,48985000,-600313.0515985028,300.26492163814333,705,4:21
97.9%,48990000,-599266.5905641541,303.9652917008063,705,4:19
97.9%,48995000,-599151.4340106011,301.46677282776346,705,4:18
97.9%,49000000,-599701.9853200009,298.3499964445493,705,4:17
97.9%,49005000,-601092.1524332296,299.1302638189049,705,4:16
97.9%,49010000,-599125.467549473,301.64548903923867,705,4:14
97.9%,49015000,-599041.668036283,300.5834461803251,705,4:13
97.9%,49020000,-599363.2127218382,300.9455396987018,705,4:12
98.0%,49025000,-599239.5777103254,299.87549938132,705,4:11
98.0%,49030000,-599742.0220645098,300.0913816957994,705,4:10
98.0%,49035000,-599162.8864589641,301.3166364908755,705,4:08
98.0%,49040000,-599514.1433308003,300.8733663158384,705,4:07
98.0%,49045000,-599625.2723005391,298.60027273685813,705,4:06
98.0%,49050000,-598986.993283513,302.71516137540254,705,4:05
98.0%,49055000,-599962.5543079595,299.5506700942722,705,4:03
98.0%,49060000,-599785.3740595495,301.1432682731,705,4:02
98.0%,49065000,-599411.7846081555,298.29457847313915,705,4:01
98.0%,49070000,-598739.9294868489,297.35612823926505,705,4:00
98.1%,49075000,-599712.9584932933,300.7016172154214,705,3:59
98.1%,49080000,-599294.295383818,299.6926617802048,705,3:57
98.1%,49085000,-598743.7432390568,300.0105730203568,705,3:56
98.1%,49090000,-599795.7344009564,303.04433284082114,705,3:55
98.1%,49095000,-597322.4251626767,300.52876417135076,705,3:54
98.1%,49100000,-600094.06433185,299.8868577349114,705,3:52
98.1%,49105000,-599989.1829570248,300.790398817251,705,3:51
98.1%,49110000,-599973.0831393516,299.4249677102504,705,3:50
98.1%,49115000,-600251.163459911,300.9276803435949,705,3:49
98.1%,49120000,-599459.5487085767,301.3780402900962,705,3:47
98.2%,49125000,-600542.3707789094,300.4739349698892,705,3:46
98.2%,49130000,-599731.4282661672,301.72585613721986,705,3:45
98.2%,49135000,-599029.8582132221,299.3676853006698,705,3:44
98.2%,49140000,-600603.6856959513,300.33876320252773,705,3:43
98.2%,49145000,-600372.4479389349,299.61384020333867,705,3:41
98.2%,49150000,-599409.8021413204,299.40850668377135,705,3:40
98.2%,49155000,-599948.938619026,302.3990164450963,705,3:39
98.2%,49160000,-600106.2788609336,299.2520656020174,705,3:38
98.2%,49165000,-598754.4467493305,297.2390611478224,705,3:36
98.2%,49170000,-597721.5370217809,298.86578345158654,705,3:35
98.3%,49175000,-600841.0375223104,302.7612816880413,705,3:34
98.3%,49180000,-599670.3700532583,300.5431645030098,705,3:33
98.3%,49185000,-600032.8310732823,299.80465073084093,705,3:32
98.3%,49190000,-601211.435648758,300.420430500812,705,3:30
98.3%,49195000,-600126.039713827,300.2787331998538,705,3:29
98.3%,49200000,-598866.4355251705,300.5791530661167,705,3:28
98.3%,49205000,-600094.335752409,298.65142212614103,705,3:27
98.3%,49210000,-599509.7429792732,300.34347336211636,705,3:25
98.3%,49215000,-600164.0213985168,297.95184076682204,705,3:24
98.3%,49220000,-598919.1191600384,301.8270264400508,705,3:23
98.4%,49225000,-599502.9687137534,299.17555004078315,705,3:22
98.4%,49230000,-598898.5979665541,301.79327029633225,705,3:21
98.4%,49235000,-599987.5301650255,302.2233422116887,705,3:19
98.4%,49240000,-599259.6438400247,300.43686699520987,705,3:18
98.4%,49245000,-599511.9218984293,300.3148198912855,705,3:17
98.4%,49250000,-601015.3036505841,298.1268281019563,705,3:16
98.4%,49255000,-599500.3499230444,300.82415496096957,705,3:14
98.4%,49260000,-600402.11070327,299.49834316509214,705,3:13
98.4%,49265000,-601077.7138299434,297.1293046165746,705,3:12
98.4%,49270000,-600148.925831432,298.36486288575094,705,3:11
98.5%,49275000,-599287.5600743322,298.2697029428117,705,3:09
98.5%,49280000,-598427.0503330538,300.29102377253037,705,3:08
98.5%,49285000,-599394.2973518888,298.53766686565916,705,3:07
98.5%,49290000,-600079.8726636041,298.8680404030561,705,3:06
98.5%,49295000,-599058.3979796814,300.1029608381214,705,3:05
98.5%,49300000,-599260.8181243413,300.52942653754286,705,3:03
98.5%,49305000,-598586.159709495,299.585481117482,705,3:02
98.5%,49310000,-599239.1323704505,296.01586704756625,705,3:01
98.5%,49315000,-599570.5994304232,301.0663847306478,705,3:00
98.5%,49320000,-600408.8212439832,300.0580671295422,705,2:58
98.6%,49325000,-598746.2640857724,301.8268547154825,705,2:57
98.6%,49330000,-599644.3989604209,302.711874076523,705,2:56
98.6%,49335000,-598785.4030663045,301.24281945857234,705,2:55
98.6%,49340000,-600133.7041618899,301.4209714321802,705,2:54
98.6%,49345000,-599045.8078293772,300.6949690214186,705,2:52
98.6%,49350000,-600363.1477222214,301.17697535265614,705,2:51
98.6%,49355000,-600216.3651579558,295.046555455554,705,2:50
98.6%,49360000,-599341.5879026027,300.3538259003789,705,2:49
98.6%,49365000,-599974.5562923355,300.9680356171538,705,2:47
98.6%,49370000,-598316.3420254677,301.5428468115362,705,2:46
98.7%,49375000,-599380.2509723366,299.7224682588516,705,2:45
98.7%,49380000,-599135.4153398019,300.8427993426746,705,2:44
98.7%,49385000,-599670.331019687,300.7544347862252,705,2:43
98.7%,49390000,-599246.563823937,301.02732965739204,705,2:41
98.7%,49395000,-601906.050526571,301.4679503676606,705,2:40
98.7%,49400000,-599689.3356415541,299.1053882885774,705,2:39
98.7%,49405000,-599593.8054490741,301.0646184208021,705,2:38
98.7%,49410000,-598774.6819748152,301.92083711852456,705,2:36
98.7%,49415000,-597873.4442412844,298.01579590248656,705,2:35
98.7%,49420000,-600247.8066861397,300.0203858528331,705,2:34
98.8%,49425000,-600614.1756130937,300.85665996854743,705,2:33
98.8%,49430000,-600633.5216649049,299.61830504211537,705,2:31
98.8%,49435000,-599769.1367282216,299.04153128123767,705,2:30
98.8%,49440000,-598745.1539496002,301.54478484595035,705,2:29
98.8%,49445000,-600078.6035136865,299.7653503367732,705,2:28
98.8%,49450000,-598923.5060689431,298.3601772582435,705,2:27
98.8%,49455000,-601311.6636988455,299.13252077037447,705,2:25
98.8%,49460000,-600532.9294558023,299.1356608767669,705,2:24
98.8%,49465000,-599057.4374871068,300.3142065892557,705,2:23
98.8%,49470000,-599690.5545870727,302.1356645535127,705,2:22
98.9%,49475000,-601491.021373638,299.0750175720632,705,2:20
98.9%,49480000,-599042.1720199566,303.1545800136928,705,2:19
98.9%,49485000,-600170.5383568048,301.48769869301924,705,2:18
98.9%,49490000,-599836.5876767114,300.55366423375943,705,2:17
98.9%,49495000,-600614.6785334512,298.42712530781324,705,2:16
98.9%,49500000,-600093.7991693048,301.1943931303016,705,2:14
98.9%,49505000,-599848.6616634163,299.78512319421304,705,2:13
98.9%,49510000,-600683.7655171119,301.09749140959786,705,2:12
98.9%,49515000,-599786.7621515207,298.54510008625994,705,2:11
98.9%,49520000,-599795.0606778897,301.34276315734377,705,2:09
99.0%,49525000,-599117.3603386753,299.38946978876726,705,2:08
99.0%,49530000,-600227.3291318472,301.41815024284324,705,2:07
99.0%,49535000,-599742.4449532372,301.3885890850083,705,2:06
99.0%,49540000,-601216.0747203361,300.5328610289096,705,2:05
99.0%,49545000,-598566.4165300047,297.09204038524575,705,2:03
99.0%,49550000,-599392.463533143,299.3285320990892,705,2:02
99.0%,49555000,-599355.7095250194,301.9386474094691,705,2:01
99.0%,49560000,-600665.1894883648,298.6678586205389,705,2:00
99.0%,49565000,-601169.6325917188,300.11198864399967,705,1:58
99.0%,49570000,-600333.5511717391,299.4273227900447,705,1:57
99.1%,49575000,-598638.5484031714,301.77295773310624,705,1:56
99.1%,49580000,-600690.4775839909,299.4266604238526,705,1:55
99.1%,49585000,-599000.4650479932,299.4862979132275,705,1:53
99.1%,49590000,-598729.8856889848,299.42641510304065,705,1:52
99.1%,49595000,-600258.1512991576,299.79856677470565,705,1:51
99.1%,49600000,-600004.2900505541,300.20292906897413,705,1:50
99.1%,49605000,-599018.0385909909,298.62787132819784,705,1:49
99.1%,49610000,-600063.9150955221,298.41618399960214,705,1:47
99.1%,49615000,-599399.3439522935,301.2494921846562,705,1:46
99.1%,49620000,-598187.0330844545,300.9015782092078,705,1:45
99.2%,49625000,-600116.4100035415,300.4339476775482,705,1:44
99.2%,49630000,-599144.3833551682,300.5211592261816,705,1:42
99.2%,49635000,-598192.7809560588,301.33187091329506,705,1:41
99.2%,49640000,-599961.0926745571,299.69864760801534,705,1:40
99.2%,49645000,-600327.5889223795,300.29450732805947,705,1:39
99.2%,49650000,-598574.3286384228,301.9950221320457,705,1:38
99.2%,49655000,-599781.1681658872,300.11461357668713,705,1:36
99.2%,49660000,-599214.4554681038,299.3895924491732,705,1:35
99.2%,49665000,-598524.9793148204,302.0085883729442,705,1:34
99.2%,49670000,-600146.9783336935,302.750561168561,705,1:33
99.3%,49675000,-599260.257396609,302.6735549657029,705,1:31
99.3%,49680000,-600299.7656973577,300.6332708372237,705,1:30
99.3%,49685000,-599073.263471853,300.4143710767579,705,1:29
99.3%,49690000,-599408.1733076996,303.4036051698609,705,1:28
99.3%,49695000,-599164.9861761448,299.6302276335741,705,1:27
99.3%,49700000,-598774.8704340844,299.2619274986561,705,1:25
99.3%,49705000,-600813.5772790438,299.7281106375255,705,1:24
99.3%,49710000,-599851.7724605314,299.6071920093359,705,1:23
99.3%,49715000,-600671.6357842851,300.1716016012934,705,1:22
99.3%,49720000,-598653.8322632485,300.58275928205177,705,1:20
99.4%,49725000,-599076.9313739357,301.9584938631525,705,1:19
99.4%,49730000,-600144.6111653876,302.2602875259621,705,1:18
99.4%,49735000,-599422.2415401563,300.4505804285956,705,1:17
99.4%,49740000,-599710.3307007453,300.712239606577,705,1:15
99.4%,49745000,-599722.3544270219,299.9861145354095,705,1:14
99.4%,49750000,-600267.5983626614,301.4576468935605,705,1:13
99.4%,49755000,-598751.4083699109,299.7548996701859,705,1:12
99.4%,49760000,-599867.1804315625,299.9378108675448,705,1:11
99.4%,49765000,-600523.753345144,301.1976558971,705,1:09
99.4%,49770000,-599494.1943800291,298.6789471212372,705,1:08
99.5%,49775000,-599715.0789090283,299.92848867669227,705,1:07
99.5%,49780000,-599464.6450417624,300.3196281791989,705,1:06
99.5%,49785000,-599207.2608327498,300.50442834680945,705,1:04
99.5%,49790000,-600092.4809771539,301.25825013764137,705,1:03
99.5%,49795000,-599156.4846556033,299.4604656317335,705,1:02
99.5%,49800000,-598893.0290624751,299.4520020637227,705,1:01
99.5%,49805000,-598973.1888145306,300.8739060216246,705,1:00
99.5%,49810000,-599641.3076987909,299.15028199715664,705,0:58
99.5%,49815000,-600856.380849855,300.8480982722118,705,0:57
99.5%,49820000,-599545.0115916841,301.21225248540856,705,0:56
99.6%,49825000,-599193.6288256948,301.04430585757615,705,0:55
99.6%,49830000,-598679.9130226043,301.15980289582257,705,0:53
99.6%,49835000,-598345.8474722183,300.0418759559563,705,0:52
99.6%,49840000,-600839.2120668832,300.4663790888825,705,0:51
99.6%,49845000,-598697.1868937803,299.5297932931788,705,0:50
99.6%,49850000,-599552.1705826991,295.6418264056496,705,0:49
99.6%,49855000,-598240.306123157,298.8712050415297,705,0:47
99.6%,49860000,-599702.4500120189,299.65740917953354,705,0:46
99.6%,49865000,-600339.122543985,298.67708268306666,705,0:45
99.6%,49870000,-599510.0765260556,302.3132032250908,705,0:44
99.7%,49875000,-599694.2300449754,300.5610238581167,705,0:42
99.7%,49880000,-598336.9526947392,299.20650952724606,705,0:41
99.7%,49885000,-598816.7760606902,298.60282407330203,705,0:40
99.7%,49890000,-599915.1178226555,298.60959492771065,705,0:39
99.7%,49895000,-599608.2858272945,301.08507817651525,705,0:37
99.7%,49900000,-599653.8700527148,300.02131807191836,705,0:36
99.7%,49905000,-599026.6562828841,303.09896578563314,705,0:35
99.7%,49910000,-597270.6651471038,301.4646876008622,705,0:34
99.7%,49915000,-599023.0254315715,299.104946711116,705,0:33
99.7%,49920000,-599938.2957829665,299.37376925680513,705,0:31
99.8%,49925000,-599182.0741508319,303.3841512294766,705,0:30
99.8%,49930000,-600355.2703985632,298.8456180808477,705,0:29
99.8%,49935000,-599177.6238606446,298.4580111980325,705,0:28
99.8%,49940000,-599198.9806697601,300.94394511342443,705,0:26
99.8%,49945000,-599243.0141948434,301.8367902083648,705,0:25
99.8%,49950000,-598901.3041515588,302.50801248182717,705,0:24
99.8%,49955000,-599002.5572541165,303.4791149157663,705,0:23
99.8%,49960000,-600027.8558365111,299.2602347850539,705,0:22
99.8%,49965000,-599668.5758444616,300.1232243371851,705,0:20
99.8%,49970000,-598827.9678917476,302.84393026957326,705,0:19
99.9%,49975000,-600548.3456250844,300.6626848025715,705,0:18
99.9%,49980000,-599295.5218466748,300.56813816166203,705,0:17
99.9%,49985000,-600399.9492640076,302.75939271778964,705,0:15
99.9%,49990000,-598970.6146623641,298.87390357046075,705,0:14
99.9%,49995000,-599930.6590253161,299.72749733549574,705,0:13
99.9%,50000000,-600798.107635011,300.4340948700353,705,0:12
99.9%,50005000,-598581.6478653131,297.6766889441856,705,0:11
99.9%,50010000,-600017.7736528381,298.4759932135454,705,0:09
99.9%,50015000,-598980.3776600687,300.00559300787506,705,0:08
99.9%,50020000,-598896.1634149146,300.3982534994155,705,0:07
100.0%,50025000,-599635.3117910661,302.2767485524412,705,0:06
100.0%,50030000,-600020.7927855849,299.13730452620666,705,0:04
100.0%,50035000,-600038.9145388114,301.1416246236601,705,0:03
100.0%,50040000,-599926.3005856639,297.85783383169877,705,0:02
100.0%,50045000,-599785.8395682834,300.5714254605416,705,0:01
100.0%,50050000,-599209.8764982563,300.0780362436316,705,0:00
  done in 3.41 h
Wrote data/md/prod_wt_300K_rep3.dcd and data/md/prod_wt_300K_rep3_final.pdb
