[wt 300K rep1] equilibrating 100 ps at 300.0 K...
[wt 300K rep1] production 100.0 ns (50000000 steps)...
#"Progress (%)","Step","Potential Energy (kJ/mole)","Temperature (K)","Speed (ns/day)","Time Remaining"
0.1%,55000,-599834.7970613306,301.9434802294637,0,--
0.1%,60000,-598379.7083864585,300.53784104139135,730,3:17:19
0.1%,65000,-599392.9761041584,298.2108504800349,730,3:17:05
0.1%,70000,-599506.8519314411,300.0695972077019,729,3:17:27
0.1%,75000,-599931.8622626332,301.2016546263341,727,3:18:05
0.2%,80000,-598855.1549747502,299.74817787993965,726,3:18:09
0.2%,85000,-598374.6066345675,300.2443637541054,725,3:18:23
0.2%,90000,-598854.7949358434,300.87675174304275,724,3:18:46
0.2%,95000,-598842.9873767504,300.81659907996277,724,3:18:42
0.2%,100000,-598109.7263289378,301.7025751921698,723,3:18:53
0.2%,105000,-598666.0558870933,302.8494745199224,719,3:20:08
0.2%,110000,-599961.8324005138,300.85101758987355,718,3:20:19
0.2%,115000,-599743.131607125,301.0143767185233,718,3:20:20
0.2%,120000,-598797.1388196708,299.14787785319993,718,3:20:15
0.2%,125000,-599144.7097957889,299.3424172570432,718,3:20:11
0.3%,130000,-598776.8347381041,300.95353715717005,718,3:20:16
0.3%,135000,-599000.7346827989,299.86723206995873,718,3:20:08
0.3%,140000,-599075.2313115955,302.33974693693926,719,3:19:59
0.3%,145000,-598388.6419358631,301.5922789551357,719,3:19:57
0.3%,150000,-598600.0955212428,301.80632136352574,719,3:19:58
0.3%,155000,-598648.4563848758,297.0843373117518,718,3:20:12
0.3%,160000,-599022.9955233806,300.28366414817316,718,3:20:08
0.3%,165000,-600119.6391441165,299.9950687450442,718,3:20:03
0.3%,170000,-600236.382242817,300.5703460489692,718,3:20:03
0.3%,175000,-599620.8908447335,300.6030473131966,718,3:20:00
0.4%,180000,-598298.2238652725,295.88788317999365,718,3:19:58
0.4%,185000,-598914.8603795874,298.91151125092625,718,3:19:57
0.4%,190000,-599016.5511475867,302.8226364230996,718,3:19:54
0.4%,195000,-600450.1573434868,298.29946035729614,718,3:19:51
0.4%,200000,-598993.4666144559,300.69967918100724,718,3:19:49
0.4%,205000,-599180.1603650893,302.03758529291173,717,3:20:08
0.4%,210000,-600367.5470486721,301.09263405752205,717,3:20:07
0.4%,215000,-599130.4289656128,299.1132630866397,717,3:20:05
0.4%,220000,-599468.8965494018,302.3528470682952,717,3:20:04
0.4%,225000,-597911.1393386521,297.7694938073306,717,3:20:05
0.5%,230000,-599720.8031236767,302.90175238494004,717,3:20:04
0.5%,235000,-597965.8383162683,303.27422297366047,717,3:20:01
0.5%,240000,-598594.1861706399,300.29774556277664,717,3:20:00
0.5%,245000,-599197.0301645817,300.8903915801848,717,3:19:57
0.5%,250000,-599315.903796806,301.06967202952745,717,3:19:59
0.5%,255000,-599081.0208938755,300.3310110648714,716,3:20:13
0.5%,260000,-599493.2419815632,300.93236597110234,716,3:20:10
0.5%,265000,-600552.467028176,302.72992968827947,716,3:20:10
0.5%,270000,-601984.2478563492,300.0866715362107,716,3:20:07
0.5%,275000,-598449.733646513,300.75382148419544,717,3:20:04
0.6%,280000,-599098.7277126117,299.9700214901483,717,3:20:01
0.6%,285000,-598585.9537239466,297.855037174443,717,3:19:59
0.6%,290000,-599973.0310754548,298.8018773800844,717,3:20:00
0.6%,295000,-597932.3209725148,300.4899298868257,716,3:19:59
0.6%,300000,-599196.3777296091,301.2331538185831,716,3:19:59
0.6%,305000,-599859.1911133458,300.9946529252459,716,3:20:12
0.6%,310000,-600634.4059611089,299.43608074302983,716,3:20:10
0.6%,315000,-597592.5097346944,301.70093154272996,716,3:20:09
0.6%,320000,-599976.2917346507,300.6134734477027,716,3:20:06
0.6%,325000,-598930.8710286021,296.57922176003257,716,3:20:04
0.7%,330000,-599891.1763342833,302.6535613195324,716,3:20:02
0.7%,335000,-598331.6873815944,300.9046692514379,716,3:20:01
0.7%,340000,-599684.7951901606,299.35296605195526,716,3:19:58
0.7%,345000,-598578.8663492547,300.5601161711126,716,3:19:57
0.7%,350000,-598480.8713107952,300.7135643389613,716,3:19:57
0.7%,355000,-599971.2829533215,301.76630953910353,715,3:20:05
0.7%,360000,-599835.1676648688,301.7346876864486,715,3:20:04
0.7%,365000,-599035.8652451057,299.57125251039133,715,3:20:01
0.7%,370000,-598952.087202182,300.7155514375377,715,3:19:58
0.7%,375000,-598660.7354686689,300.1874738578239,715,3:19:57
0.8%,380000,-597933.3958210004,302.7557619697734,715,3:19:56
0.8%,385000,-598458.556013756,299.04138408875053,715,3:19:54
0.8%,390000,-599275.2669011578,301.16299206637734,716,3:19:52
0.8%,395000,-599792.0151878647,299.2546414705424,716,3:19:49
0.8%,400000,-599580.2440316402,300.1345336266141,716,3:19:49
0.8%,405000,-600178.5804432221,299.46237913406645,715,3:19:55
0.8%,410000,-599283.7920883079,300.0306402627709,715,3:19:55
0.8%,415000,-598432.1852924316,301.78887905379906,715,3:19:53
0.8%,420000,-599094.5659223534,301.44405612058074,715,3:19:51
0.8%,425000,-599786.6466516643,298.9255190692862,715,3:19:48
0.9%,430000,-598374.5678025871,300.48399312317747,715,3:19:48
0.9%,435000,-599300.237060281,303.8360812291741,715,3:19:47
0.9%,440000,-599238.9738363521,301.0604970311621,715,3:19:48
0.9%,445000,-600463.2427238403,300.6238259859652,715,3:19:48
0.9%,450000,-598333.8772562305,302.7142536883985,715,3:19:46
0.9%,455000,-600420.1915167836,303.76596854113075,715,3:19:50
0.9%,460000,-599383.1819256968,300.34200143724496,715,3:19:47
0.9%,465000,-599395.7154191746,300.9321451823716,715,3:19:44
0.9%,470000,-599495.1123533747,301.40806755747377,715,3:19:42
0.9%,475000,-599121.788259875,301.66506564002896,715,3:19:40
1.0%,480000,-600603.8584427154,303.30979449138715,715,3:19:38
1.0%,485000,-600022.1854402851,301.6521862974038,715,3:19:36
1.0%,490000,-599589.1819283017,299.25751172404176,715,3:19:35
1.0%,495000,-598633.9701672993,298.46804481923954,715,3:19:32
1.0%,500000,-599706.0309113842,301.1748901257549,715,3:19:31
1.0%,505000,-600022.3130842415,303.7727639276206,715,3:19:38
1.0%,510000,-599420.8353032432,299.3746278796468,715,3:19:37
1.0%,515000,-600571.0135601577,301.43706447744137,715,3:19:35
1.0%,520000,-599742.7718273341,300.8815600309561,715,3:19:34
1.0%,525000,-601144.7399623687,301.0401599358549,715,3:19:32
1.1%,530000,-599091.8759714072,301.42828199237505,715,3:19:32
1.1%,535000,-599888.7357744449,300.0895663217912,715,3:19:30
1.1%,540000,-599971.5579176187,300.9764991851647,715,3:19:29
1.1%,545000,-598708.6720167394,303.1226147119011,715,3:19:28
1.1%,550000,-599257.4401278514,297.86642006011556,715,3:19:27
1.1%,555000,-598727.6240528193,302.1658635454586,714,3:19:33
1.1%,560000,-599143.4334527701,298.2236071622541,714,3:19:31
1.1%,565000,-598848.8313527876,300.0338539654069,714,3:19:30
1.1%,570000,-599076.7975765299,298.32117124915004,714,3:19:29
1.1%,575000,-599511.3548982339,301.243162907709,714,3:19:26
1.2%,580000,-599742.7800115957,297.9442603537341,714,3:19:24
1.2%,585000,-598966.3282347489,300.0596371827384,714,3:19:24
1.2%,590000,-598405.7097881804,299.7051976736933,714,3:19:22
1.2%,595000,-598370.1723740366,303.4384407251519,714,3:19:20
1.2%,600000,-599277.3082790072,300.6642303236866,715,3:19:19
1.2%,605000,-598167.8520559361,298.17071599520665,714,3:19:24
1.2%,610000,-599479.8032261641,298.89922067824966,714,3:19:22
1.2%,615000,-599060.1392237609,301.144053299698,714,3:19:21
1.2%,620000,-600155.1205878002,299.88138708080584,714,3:19:19
1.2%,625000,-598718.29487949,298.12871707220796,714,3:19:17
1.3%,630000,-600330.0959024164,298.1738561015991,714,3:19:16
1.3%,635000,-599046.7684605829,301.46252877771747,714,3:19:14
1.3%,640000,-599953.5131072043,298.8391661434945,714,3:19:12
1.3%,645000,-598356.8044301597,301.2140678594167,714,3:19:12
1.3%,650000,-598929.7971333391,299.6942563654822,714,3:19:10
1.3%,655000,-599701.2671578159,299.4149586211245,714,3:19:16
1.3%,660000,-598758.3348552976,300.01994427537164,714,3:19:15
1.3%,665000,-598637.4363870895,300.58737131331566,714,3:19:12
1.3%,670000,-599884.9037626153,299.5403911522533,714,3:19:11
1.3%,675000,-597326.9708655397,302.09349390594565,714,3:19:08
1.4%,680000,-600164.511859091,302.2751294350826,714,3:19:06
1.4%,685000,-598514.1493485942,300.3677601224953,714,3:19:05
1.4%,690000,-598935.9939488494,301.362977592245,714,3:19:03
1.4%,695000,-598152.0906307548,302.18970872837616,714,3:19:02
1.4%,700000,-600239.2789628613,299.815714699458,714,3:19:01
1.4%,705000,-599145.3335743654,299.78485334131994,714,3:19:05
1.4%,710000,-599393.1319298148,300.99906869986023,714,3:19:03
1.4%,715000,-598563.8650937555,300.9215473232972,714,3:19:01
1.4%,720000,-599221.277097397,299.03787600114026,714,3:18:59
1.4%,725000,-599673.6357814735,301.6232139095174,714,3:18:58
1.5%,730000,-600237.4289801456,299.68046933585293,714,3:18:57
1.5%,735000,-599477.3970949012,300.4528373800651,714,3:18:55
1.5%,740000,-599790.3988059638,300.4235460751233,714,3:18:54
1.5%,745000,-600029.7471470647,301.74381362065157,714,3:18:51
1.5%,750000,-599268.0868092747,300.8735625724879,714,3:18:50
1.5%,755000,-599826.3636154286,302.55891655029814,714,3:18:56
1.5%,760000,-599105.6388024627,300.12795902885495,714,3:18:53
1.5%,765000,-599511.6257564989,298.1101217546653,714,3:18:51
1.5%,770000,-599590.8729349258,303.9438506618455,714,3:18:50
1.5%,775000,-599076.8160522189,298.6536790776106,714,3:18:48
1.6%,780000,-598448.9189736405,299.4792572059257,714,3:18:47
1.6%,785000,-599165.2020664713,298.8346767726366,714,3:18:47
1.6%,790000,-599595.6880987836,302.1095378870445,714,3:18:46
1.6%,795000,-599937.4742132239,301.54409794767696,714,3:18:44
1.6%,800000,-598943.143427094,300.4935115706795,714,3:18:43
1.6%,805000,-598955.4737044876,300.64330445843075,714,3:18:45
1.6%,810000,-601000.7100187349,301.6559887699883,714,3:18:44
1.6%,815000,-599341.7469676817,300.5671814104956,714,3:18:43
1.6%,820000,-599906.9826008664,301.1393676721906,714,3:18:41
1.6%,825000,-599152.3629012611,301.3621925656469,714,3:18:39
1.7%,830000,-599729.9749737205,300.94764945768424,714,3:18:38
1.7%,835000,-599192.5513399788,300.467605692942,714,3:18:36
1.7%,840000,-599201.3521667146,301.66484485129826,714,3:18:34
1.7%,845000,-599780.599231625,299.59396921757406,714,3:18:33
1.7%,850000,-598841.5290312748,297.61800820597716,714,3:18:32
1.7%,855000,-599471.3693668526,300.7204333216947,713,3:18:37
1.7%,860000,-601517.9313337654,298.5137480864981,713,3:18:35
1.7%,865000,-599962.5250818809,301.53749881783665,713,3:18:34
1.7%,870000,-599073.9775479757,300.8849945223228,713,3:18:32
1.7%,875000,-598990.4758190052,302.5112752486255,713,3:18:30
1.8%,880000,-599325.6635244638,299.64045751143067,714,3:18:28
1.8%,885000,-599558.4939422305,302.4398868923602,714,3:18:26
1.8%,890000,-600495.9562888844,300.9363156361741,714,3:18:24
1.8%,895000,-599611.3445599754,299.88744650486,714,3:18:22
1.8%,900000,-599378.6776754446,301.6175715308435,714,3:18:21
1.8%,905000,-599016.9657314993,298.3333146293395,713,3:18:23
1.8%,910000,-599088.9028814319,297.9691113519804,713,3:18:21
1.8%,915000,-599668.8534004493,300.3035351339377,714,3:18:19
1.8%,920000,-599452.9955771603,298.39827558033284,714,3:18:18
1.8%,925000,-598554.0977709745,300.78666994091,714,3:18:16
1.9%,930000,-599430.9309920054,301.3478903623127,714,3:18:14
1.9%,935000,-598209.0818276661,301.5584737472548,714,3:18:12
1.9%,940000,-598658.0726429862,300.23540954447077,714,3:18:11
1.9%,945000,-599585.4305067933,300.4010256245901,714,3:18:08
1.9%,950000,-600324.1794179967,299.49167043900826,714,3:18:06
1.9%,955000,-601295.6972685042,298.13399146966395,713,3:18:10
1.9%,960000,-599916.8086630618,301.8292588594392,713,3:18:09
1.9%,965000,-599440.1125361859,299.9356520444,713,3:18:08
1.9%,970000,-598424.0522840302,300.37516881101493,713,3:18:07
1.9%,975000,-601210.6857644212,301.31609678508937,713,3:18:06
2.0%,980000,-599266.7166978903,300.8655405819385,713,3:18:05
2.0%,985000,-598199.0278986059,299.11780152165994,713,3:18:03
2.0%,990000,-599283.4979344206,300.28256020451954,713,3:18:02
2.0%,995000,-598942.1827423037,297.1407610984907,713,3:18:01
2.0%,1000000,-598882.2367299069,301.2077876466318,713,3:17:59
2.0%,1005000,-598595.8044647453,298.167036183028,713,3:18:01
2.0%,1010000,-597756.9139468563,303.0504413290377,713,3:17:59
2.0%,1015000,-599127.2484083059,302.73235836431735,713,3:17:58
2.0%,1020000,-597800.1108054374,302.64306158878276,713,3:17:57
2.0%,1025000,-600282.041751544,297.5673739903993,713,3:17:56
2.1%,1030000,-599115.4918800201,301.71128408099247,713,3:17:54
2.1%,1035000,-598652.9185423441,298.27301477377245,713,3:17:53
2.1%,1040000,-599625.2069650963,299.78607994537947,713,3:17:51
2.1%,1045000,-598940.8232899783,299.97424100811315,713,3:17:50
2.1%,1050000,-599765.3609513049,298.5267991536916,713,3:17:48
2.1%,1055000,-598543.2685030671,301.55707541862694,713,3:17:49
2.1%,1060000,-599854.1692446587,299.2252029731134,713,3:17:48
2.1%,1065000,-599422.6121503771,303.1521758697361,713,3:17:46
2.1%,1070000,-598776.6290070484,301.645145590102,713,3:17:44
2.1%,1075000,-599037.6161495554,301.8067629409872,713,3:17:43
2.2%,1080000,-599882.4844851252,298.9384474760738,713,3:17:41
2.2%,1085000,-599096.0002088351,299.1656390799821,713,3:17:40
2.2%,1090000,-599990.4881005916,299.60785437552806,713,3:17:38
2.2%,1095000,-599716.18904527,300.0675365128819,713,3:17:37
2.2%,1100000,-598244.7545889751,299.5619793837012,713,3:17:35
2.2%,1105000,-600099.0203181342,301.1701063699227,713,3:17:37
2.2%,1110000,-600300.6594037409,300.30937376926113,713,3:17:35
2.2%,1115000,-600145.5460250513,301.44854549143867,713,3:17:33
2.2%,1120000,-599679.704992943,299.11436703029324,713,3:17:31
2.2%,1125000,-599849.3040390676,301.15168277694835,713,3:17:30
2.3%,1130000,-600079.5431172508,301.9062650622972,713,3:17:28
2.3%,1135000,-599281.5237797382,299.51134516812334,714,3:17:26
2.3%,1140000,-600089.7101697451,299.6508591138556,714,3:17:24
2.3%,1145000,-599668.562392565,301.0420243740254,714,3:17:23
2.3%,1150000,-598930.4956556717,300.9793939707452,714,3:17:21
2.3%,1155000,-599433.1374189141,300.7259530399627,713,3:17:23
2.3%,1160000,-599713.8690988929,300.61381689683935,713,3:17:21
2.3%,1165000,-600931.0346610211,297.2264516580903,713,3:17:20
2.3%,1170000,-600246.3386977618,299.60309515177704,713,3:17:18
2.3%,1175000,-598612.8048840589,303.6320724419911,713,3:17:17
2.4%,1180000,-598654.3271413445,301.1874014871622,714,3:17:15
2.4%,1185000,-598575.2982915682,305.0340072858037,714,3:17:14
2.4%,1190000,-600157.0161010763,300.3693056436103,714,3:17:12
2.4%,1195000,-598386.4731141627,298.0785734982539,714,3:17:11
2.4%,1200000,-599362.5397051424,299.5960053803129,713,3:17:11
2.4%,1205000,-598133.8631999274,299.5045252495523,713,3:17:13
2.4%,1210000,-599955.2974824626,298.91335115701554,713,3:17:11
2.4%,1215000,-599693.8558656867,301.59848557167703,713,3:17:09
2.4%,1220000,-598857.4447968812,301.55472033883257,713,3:17:08
2.4%,1225000,-599073.5418720935,299.7938320830358,713,3:17:07
2.5%,1230000,-600724.8192343572,301.94585984133926,713,3:17:05
2.5%,1235000,-599023.2857024092,300.3499988957131,713,3:17:03
2.5%,1240000,-600216.1001896486,302.7213679919439,713,3:17:02
2.5%,1245000,-600211.8189577931,301.5724325014524,713,3:17:01
2.5%,1250000,-599572.148754146,298.50207081585125,713,3:16:59
2.5%,1255000,-598977.1479714462,299.4883095438851,713,3:17:00
2.5%,1260000,-600195.9604736557,302.62078645906143,713,3:16:58
2.5%,1265000,-598868.8602487384,301.42082423969305,713,3:16:57
2.5%,1270000,-598750.8015463217,299.9652622663973,713,3:16:55
2.5%,1275000,-599331.3292040252,298.00056148006706,713,3:16:54
2.6%,1280000,-599724.7791333967,297.99288293865436,713,3:16:53
2.6%,1285000,-599734.4997491003,302.26153866210285,713,3:16:52
2.6%,1290000,-599520.9039773331,299.00164211722137,713,3:16:50
2.6%,1295000,-598895.7255476639,302.0719792707413,713,3:16:49
2.6%,1300000,-599741.2535471395,301.29762412795264,713,3:16:47
2.6%,1305000,-599526.7604886638,297.2174483842933,713,3:16:47
2.6%,1310000,-599467.2927418342,302.9231688918196,713,3:16:46
2.6%,1315000,-599017.938692268,300.1419668472149,713,3:16:44
2.6%,1320000,-598443.93294203,298.1953462047223,713,3:16:42
2.6%,1325000,-599219.6387439645,301.0519598669076,713,3:16:40
2.7%,1330000,-600072.1901263436,300.47295368664163,714,3:16:39
2.7%,1335000,-600071.790415131,297.3484742299335,714,3:16:37
2.7%,1340000,-598954.628232745,300.5432626313345,714,3:16:35
2.7%,1345000,-599662.2390465797,300.2791747773152,714,3:16:32
2.7%,1350000,-598694.0503350212,302.334570667808,714,3:16:31
2.7%,1355000,-598794.9219026063,300.6685725020573,714,3:16:32
2.7%,1360000,-599995.4382962557,301.68913161167717,714,3:16:30
2.7%,1365000,-599282.7992133354,297.8890877031359,714,3:16:29
2.7%,1370000,-599592.2562234844,298.2039079010579,714,3:16:28
2.7%,1375000,-600620.7781437952,299.22937342691586,714,3:16:27
2.8%,1380000,-600523.547076216,300.64335352259315,714,3:16:26
2.8%,1385000,-600656.5816820837,298.2278512123001,714,3:16:25
2.8%,1390000,-598930.5399787328,300.97885426495895,714,3:16:23
2.8%,1395000,-600644.8658817387,298.92468497852576,714,3:16:21
2.8%,1400000,-600330.2219082052,300.25648260221374,714,3:16:19
2.8%,1405000,-599457.3134418572,300.01967442247854,714,3:16:20
2.8%,1410000,-600074.2819286129,301.29146657557374,714,3:16:19
2.8%,1415000,-598365.1937060491,299.22233271961414,714,3:16:18
2.8%,1420000,-600060.5678395098,299.8860972403945,714,3:16:16
2.8%,1425000,-600776.8137433105,300.1954222521297,714,3:16:15
2.9%,1430000,-598975.0611339347,299.42960427359543,714,3:16:13
2.9%,1435000,-599278.0466340063,303.23161074863197,714,3:16:11
2.9%,1440000,-599860.0066618524,300.46633002472004,714,3:16:10
2.9%,1445000,-599589.1422194471,296.68868390630604,714,3:16:08
2.9%,1450000,-600322.4854369182,300.0113089827925,714,3:16:07
2.9%,1455000,-599181.0859154877,297.7262437481911,714,3:16:08
2.9%,1460000,-600788.7695825421,299.81863401711973,714,3:16:06
2.9%,1465000,-598878.5821988657,299.9633242319832,714,3:16:05
2.9%,1470000,-600027.9257726287,300.30505612297156,714,3:16:03
2.9%,1475000,-599246.3866917226,299.8105874944891,714,3:16:02
3.0%,1480000,-599694.2893413971,302.53296160839824,714,3:16:00
3.0%,1485000,-599375.5206626975,299.4290645678093,714,3:15:59
3.0%,1490000,-598258.9566152696,300.33959729328825,714,3:15:57
3.0%,1495000,-598971.828914051,302.3909944545469,714,3:15:55
3.0%,1500000,-599151.1672967956,301.6991652328842,714,3:15:55
3.0%,1505000,-600343.5368681499,300.0700878493258,714,3:15:56
3.0%,1510000,-601348.8022525981,299.1349249143312,714,3:15:55
3.0%,1515000,-598299.4664808311,301.92044460522555,714,3:15:54
3.0%,1520000,-598595.4543602047,299.7731515385919,714,3:15:52
3.0%,1525000,-598146.0562806227,299.8420376225758,714,3:15:51
3.1%,1530000,-599714.970806737,300.39072215049,714,3:15:50
3.1%,1535000,-600013.2636599359,298.5316319736862,714,3:15:48
3.1%,1540000,-598569.2225936665,299.70735649683803,714,3:15:47
3.1%,1545000,-599644.6020372864,299.54404643235074,714,3:15:45
3.1%,1550000,-598997.7192776338,299.81954170412376,714,3:15:43
3.1%,1555000,-599280.649862445,302.37522032634115,713,3:15:45
3.1%,1560000,-600797.5730561628,299.8543772594147,713,3:15:43
3.1%,1565000,-600352.167740473,300.98844630870457,713,3:15:42
3.1%,1570000,-598364.364457373,297.71162262780143,713,3:15:42
3.1%,1575000,-598944.8402761677,301.0156033225828,713,3:15:40
3.2%,1580000,-599012.5502136825,302.70125168536737,713,3:15:39
3.2%,1585000,-599711.475577218,299.49974149372,713,3:15:37
3.2%,1590000,-598895.2855320922,301.5817056281425,714,3:15:36
3.2%,1595000,-600025.8987650909,298.30642746835434,714,3:15:35
3.2%,1600000,-598866.701136013,303.19459183811506,714,3:15:33
3.2%,1605000,-599620.1895733862,300.1690012006872,713,3:15:34
3.2%,1610000,-598813.5855301805,301.611463042627,713,3:15:32
3.2%,1615000,-601080.7659534905,302.4642963131451,713,3:15:31
3.2%,1620000,-600355.2501588841,301.62338563408576,713,3:15:29
3.2%,1625000,-599178.922693586,300.0120940093906,713,3:15:29
3.3%,1630000,-598945.4480549698,299.5721847294766,713,3:15:27
3.3%,1635000,-598558.4998853398,297.28358687518374,713,3:15:26
3.3%,1640000,-599845.3968124553,300.9318507973973,713,3:15:24
3.3%,1645000,-598376.3333441834,299.74219205212904,713,3:15:23
3.3%,1650000,-597897.7401878024,300.8469207323147,713,3:15:22
3.3%,1655000,-598936.5571647468,298.2933764011608,713,3:15:23
3.3%,1660000,-598950.3345731138,300.20827706267374,713,3:15:22
3.3%,1665000,-599988.9865861242,300.65861247709387,713,3:15:21
3.3%,1670000,-600502.209581139,301.16792301469667,713,3:15:20
3.3%,1675000,-598305.7077705483,297.15052486680463,713,3:15:18
3.4%,1680000,-600529.5201385696,301.5499611150816,713,3:15:17
3.4%,1685000,-598167.9857228161,299.47969878338716,713,3:15:16
3.4%,1690000,-598509.4101170148,299.4394661702342,713,3:15:14
3.4%,1695000,-598667.2392818532,300.1802368938726,713,3:15:13
3.4%,1700000,-598674.4623050923,300.3074602669282,713,3:15:12
3.4%,1705000,-598252.4927731273,299.3927570876468,713,3:15:13
3.4%,1710000,-598617.4872089601,297.53739578718415,713,3:15:12
3.4%,1715000,-598467.8553082598,300.05244928294957,713,3:15:10
3.4%,1720000,-598539.5635993155,298.16431312201587,713,3:15:09
3.4%,1725000,-600400.2739936379,301.03439489677504,713,3:15:07
3.5%,1730000,-600477.5786588192,299.43441256150885,713,3:15:05
3.5%,1735000,-598345.2433717996,298.38031809690114,713,3:15:04
3.5%,1740000,-598843.357386997,300.0780362436316,713,3:15:03
3.5%,1745000,-599477.9591319202,300.9701699082174,713,3:15:01
3.5%,1750000,-600896.973260012,300.1892156355884,713,3:15:00
3.5%,1755000,-599957.0316377548,297.4869087640934,713,3:15:01
3.5%,1760000,-598532.7351288623,300.79334266699385,713,3:15:00
3.5%,1765000,-599082.6189964879,303.2078636940393,713,3:14:58
3.5%,1770000,-599470.3604551931,300.172190371242,713,3:14:58
3.5%,1775000,-600815.0857091821,300.7121905424146,713,3:14:57
3.6%,1780000,-599274.949356237,299.68851585848347,713,3:14:55
3.6%,1785000,-599144.7176203541,299.88437999471114,713,3:14:54
3.6%,1790000,-599757.9040339165,300.7924349799898,713,3:14:52
3.6%,1795000,-598388.4714920381,300.4416507510421,713,3:14:51
3.6%,1800000,-598573.4959424031,302.95766099797396,713,3:14:49
3.6%,1805000,-598939.353965139,299.91028587244864,713,3:14:50
3.6%,1810000,-598264.3655734565,302.63381299417375,713,3:14:48
3.6%,1815000,-598933.5304444074,298.9333693352673,713,3:14:47
3.6%,1820000,-599453.7455095374,297.37131359752215,713,3:14:45
3.6%,1825000,-599682.1173021584,299.8991973717504,713,3:14:43
3.7%,1830000,-599977.1912415391,302.7266914535623,713,3:14:42
3.7%,1835000,-599631.1412635967,300.44942742077956,713,3:14:41
3.7%,1840000,-600594.2384850341,299.94281541210773,713,3:14:39
3.7%,1845000,-599255.1546084112,300.4179772926929,713,3:14:37
3.7%,1850000,-599508.7860569106,299.7119685281019,713,3:14:36
3.7%,1855000,-598597.7224822179,299.3869675164858,713,3:14:37
3.7%,1860000,-598179.1968199033,301.5587681322291,713,3:14:36
3.7%,1865000,-599789.2193390494,300.7133680823118,713,3:14:35
3.7%,1870000,-599780.0627487027,302.19520391456285,713,3:14:33
3.7%,1875000,-600570.9100441923,297.6733525811437,713,3:14:32
3.8%,1880000,-599562.1475458033,300.00105457285474,713,3:14:31
3.8%,1885000,-599784.7601915356,298.37842912664945,713,3:14:29
3.8%,1890000,-599636.8884286089,300.8086997498193,713,3:14:28
3.8%,1895000,-599820.2931474145,300.94647191778705,713,3:14:27
3.8%,1900000,-599117.8213699735,298.8699293733078,713,3:14:25
3.8%,1905000,-598507.0682842,301.5385046331655,713,3:14:25
3.8%,1910000,-599689.1516169691,303.26043594403126,713,3:14:24
3.8%,1915000,-598415.5656520436,296.64477148097444,713,3:14:22
3.8%,1920000,-600884.9920506771,301.13796934356276,713,3:14:21
3.8%,1925000,-599420.8380727977,299.3262751476197,713,3:14:20
3.9%,1930000,-599356.7587656043,299.03083529383844,713,3:14:18
3.9%,1935000,-598593.6827102727,301.93879460195626,713,3:14:17
3.9%,1940000,-599079.6205299636,299.97676781247577,713,3:14:15
3.9%,1945000,-599420.4398159492,297.8871987328842,713,3:14:15
3.9%,1950000,-599401.0265262132,300.77246586590053,713,3:14:14
3.9%,1955000,-600037.0249295244,300.54223228392453,713,3:14:15
3.9%,1960000,-598445.0707676937,300.7953052334891,713,3:14:13
3.9%,1965000,-599362.1692448254,299.13934068894554,713,3:14:12
3.9%,1970000,-599686.975339096,298.32867806599444,713,3:14:11
3.9%,1975000,-600030.689381347,300.15825614912563,713,3:14:09
4.0%,1980000,-600586.8298681402,299.8103912378396,713,3:14:08
4.0%,1985000,-599432.2632546085,301.6772580843808,713,3:14:06
4.0%,1990000,-600804.0101463692,299.6578262249138,713,3:14:05
4.0%,1995000,-598567.2959036469,302.2895542988228,713,3:14:04
4.0%,2000000,-598930.0876827622,301.90879186665984,713,3:14:03
4.0%,2005000,-598568.1531702471,303.27701963091624,713,3:14:03
4.0%,2010000,-599344.5313010104,297.96180079178555,713,3:14:01
4.0%,2015000,-599881.5740181217,298.4681674796455,713,3:14:00
4.0%,2020000,-599125.6578871724,298.3399873554234,713,3:13:59
4.0%,2025000,-600212.9852021975,301.7214403626055,713,3:13:57
4.1%,2030000,-599690.6275081174,297.3728100544748,713,3:13:56
4.1%,2035000,-600048.7411656985,300.06088831887917,713,3:13:55
4.1%,2040000,-599530.2200313453,300.89004813104816,713,3:13:54
4.1%,2045000,-598799.0463808505,300.3964626574886,713,3:13:53
4.1%,2050000,-599984.1213620645,299.9426436875394,713,3:13:52
4.1%,2055000,-599724.1903141076,299.8763580041617,713,3:13:52
4.1%,2060000,-600448.0531289754,297.71049415206664,713,3:13:51
4.1%,2065000,-601028.0483803814,301.1190796410458,713,3:13:50
4.1%,2070000,-599839.2735769013,298.75531548998424,713,3:13:48
4.1%,2075000,-600280.4303115006,301.9630813623352,713,3:13:47
4.2%,2080000,-599511.0438059522,300.3882198782085,713,3:13:46
4.2%,2085000,-598955.0284451162,301.0117517858359,713,3:13:44
4.2%,2090000,-599269.7567806188,303.74590129871666,713,3:13:43
4.2%,2095000,-599173.2635417036,299.4035021392084,713,3:13:41
4.2%,2100000,-598517.2576135802,299.88310432648916,713,3:13:40
4.2%,2105000,-599453.6867196835,300.65316635506946,713,3:13:40
4.2%,2110000,-600311.5210481007,298.8676724218383,713,3:13:39
4.2%,2115000,-599124.5026392709,299.8309000577151,713,3:13:38
4.2%,2120000,-599951.544999754,301.03643105951386,713,3:13:36
4.2%,2125000,-600194.2942979592,301.34325379896757,713,3:13:35
4.3%,2130000,-599657.5498671676,298.89917161408727,713,3:13:33
4.3%,2135000,-598730.4622602123,301.74405894146344,713,3:13:32
4.3%,2140000,-599110.2765625902,301.4404989688081,713,3:13:30
4.3%,2145000,-598869.9895397057,300.45644359600016,713,3:13:29
4.3%,2150000,-599848.9782497273,301.6398466605648,713,3:13:27
4.3%,2155000,-599656.5882094381,299.3493843681014,713,3:13:28
4.3%,2160000,-599651.9759187335,301.54233163783124,713,3:13:27
4.3%,2165000,-598320.00984244,303.65231140897356,713,3:13:25
4.3%,2170000,-599233.5122945984,298.18813377285215,713,3:13:24
4.3%,2175000,-599439.5135285943,300.46910214989464,713,3:13:23
4.4%,2180000,-600144.9273951142,299.03414712479923,713,3:13:21
4.4%,2185000,-598876.3183416696,303.3863591167838,713,3:13:20
4.4%,2190000,-597308.0743724387,301.07183085267224,713,3:13:18
4.4%,2195000,-598723.4292782242,300.1124547535423,713,3:13:17
4.4%,2200000,-600011.1413133484,299.22446701067776,713,3:13:16
4.4%,2205000,-599046.6839777236,299.8790074689303,713,3:13:16
4.4%,2210000,-599246.3037319402,301.7063286005919,713,3:13:14
4.4%,2215000,-599004.6846315968,297.07349413186546,713,3:13:13
4.4%,2220000,-600722.5252753594,301.45227436777964,713,3:13:11
4.4%,2225000,-600273.6048792913,301.0484763113785,713,3:13:10
4.5%,2230000,-600361.9231727575,298.9640835009182,713,3:13:09
4.5%,2235000,-600438.1023374344,297.87799920243765,713,3:13:08
4.5%,2240000,-598982.6201966144,295.32160914986565,713,3:13:07
4.5%,2245000,-599537.6944261226,299.5227771179583,713,3:13:05
4.5%,2250000,-599838.1382813896,297.23295265960587,713,3:13:04
4.5%,2255000,-599199.3110803282,300.2847926239079,713,3:13:05
4.5%,2260000,-599724.0038167555,300.3323848614181,713,3:13:04
4.5%,2265000,-600405.5795867173,302.64941539781114,713,3:13:02
4.5%,2270000,-599643.4971546321,298.5217946091287,713,3:13:01
4.5%,2275000,-600073.354933348,299.01778422664495,713,3:13:00
4.6%,2280000,-598862.3584663719,298.99788870879917,713,3:12:59
4.6%,2285000,-598140.223571776,299.69621893197746,713,3:12:57
4.6%,2290000,-599000.3185223271,300.0418759559563,713,3:12:56
4.6%,2295000,-600184.2736591646,298.0053207038181,713,3:12:55
4.6%,2300000,-598787.2801940474,301.5741988112981,713,3:12:53
4.6%,2305000,-600867.8581243544,303.59380239533346,713,3:12:54
4.6%,2310000,-599689.6133305626,300.8483926571861,713,3:12:52
4.6%,2315000,-598423.5966813681,300.64045873701264,713,3:12:51
4.6%,2320000,-598368.7472428777,301.0087343398494,713,3:12:50
4.6%,2325000,-599330.7813782822,301.9935992713366,713,3:12:49
4.7%,2330000,-599110.2387544303,301.72960954564206,713,3:12:47
4.7%,2335000,-600581.7321319543,300.0225937401403,713,3:12:46
4.7%,2340000,-599195.4904753314,301.1226122607373,713,3:12:44
4.7%,2345000,-600119.2011448285,299.10823400999556,713,3:12:43
4.7%,2350000,-598431.9606448351,298.752199915673,713,3:12:42
4.7%,2355000,-598700.2480296185,302.4067685827526,713,3:12:42
4.7%,2360000,-599204.4678219943,298.07172904760165,713,3:12:41
4.7%,2365000,-599478.5291695232,299.32293878457773,713,3:12:39
4.7%,2370000,-598934.5203115172,300.12346965799696,713,3:12:38
4.7%,2375000,-599092.9284618343,301.43703994536014,713,3:12:37
4.8%,2380000,-598722.7375553395,301.48119769150367,713,3:12:35
4.8%,2385000,-599050.3618913237,299.8868332028302,713,3:12:34
4.8%,2390000,-599616.873675589,302.0318693179943,713,3:12:32
4.8%,2395000,-599856.0461571226,300.1301914482433,713,3:12:31
4.8%,2400000,-599470.0333509739,299.2152429481499,713,3:12:29
4.8%,2405000,-600295.3199053234,300.4460174614941,713,3:12:29
4.8%,2410000,-600083.5455226395,299.44324411073757,713,3:12:28
4.8%,2415000,-599526.3719616821,301.23960575593634,713,3:12:26
4.8%,2420000,-599154.0140423262,300.76135283312107,713,3:12:25
4.8%,2425000,-598683.1490382957,298.88347108212514,713,3:12:27
4.9%,2430000,-600146.6120698801,302.70490696546483,713,3:12:26
4.9%,2435000,-599233.2061414691,299.0997459099035,713,3:12:24
4.9%,2440000,-598927.3660168345,298.7319609486905,713,3:12:23
4.9%,2445000,-599113.9592849454,301.00996094390894,713,3:12:22
4.9%,2450000,-599852.9054800305,297.82397955965547,713,3:12:21
4.9%,2455000,-600009.5970840412,299.51232645137094,713,3:12:21
4.9%,2460000,-599989.9720650702,300.20256108775624,713,3:12:19
4.9%,2465000,-599488.641145369,300.22255473392676,713,3:12:17
4.9%,2470000,-599428.7218089802,300.22873681838684,713,3:12:16
4.9%,2475000,-600941.3225833084,300.78696432588424,713,3:12:14
5.0%,2480000,-600214.4249268039,302.0053256061458,713,3:12:13
5.0%,2485000,-600188.1076581865,299.4892417629704,713,3:12:11
5.0%,2490000,-598416.4948337795,301.53210175997464,713,3:12:10
5.0%,2495000,-598289.3998386422,301.59931966243755,713,3:12:09
5.0%,2500000,-598507.7107467894,302.9698043781634,713,3:12:07
5.0%,2505000,-600284.4690338871,300.8698336961469,713,3:12:08
5.0%,2510000,-598116.103525362,299.8731933656881,713,3:12:06
5.0%,2515000,-600944.6132314499,300.9598419020361,713,3:12:05
5.0%,2520000,-599043.9890132151,301.0559340640606,713,3:12:03
5.0%,2525000,-599888.0992181082,300.14979258111475,713,3:12:02
5.1%,2530000,-600088.8624066683,300.4575475396538,713,3:12:00
5.1%,2535000,-598889.4541395567,300.7897119189776,713,3:11:59
5.1%,2540000,-598085.2321524913,302.4894907605281,713,3:11:57
5.1%,2545000,-599372.1571118501,299.5788574555605,713,3:11:56
5.1%,2550000,-599326.74067001,299.57718927403954,713,3:11:54
5.1%,2555000,-598544.7033250853,300.15653890344225,713,3:11:55
5.1%,2560000,-599973.8443116089,301.6550074867407,713,3:11:53
5.1%,2565000,-599968.147526727,298.6104780826335,713,3:11:52
5.1%,2570000,-599244.3349961513,298.77464676996254,713,3:11:51
5.1%,2575000,-598960.6151956711,302.1622573295236,713,3:11:49
5.2%,2580000,-599474.5638237228,302.75220481800073,713,3:11:48
5.2%,2585000,-597946.6928584147,300.7093938851588,713,3:11:47
5.2%,2590000,-599256.8788328394,302.2909771595319,713,3:11:45
5.2%,2595000,-600075.8190653464,299.58030484835075,713,3:11:44
5.2%,2600000,-599570.4183060979,301.7643960367706,713,3:11:42
5.2%,2605000,-600380.1609894889,300.01709855395353,713,3:11:42
5.2%,2610000,-599994.3894568589,301.9698522167439,713,3:11:41
5.2%,2615000,-600136.7702871012,301.86929521594266,713,3:11:39
5.2%,2620000,-599864.9681285564,300.8990514048452,713,3:11:38
5.2%,2625000,-599423.0709823715,300.3344946204005,713,3:11:37
5.3%,2630000,-600476.7054208787,298.6505635032994,713,3:11:36
5.3%,2635000,-599258.559735971,297.9024331553037,713,3:11:34
5.3%,2640000,-598779.1480263579,298.12116119120117,713,3:11:33
5.3%,2645000,-600003.4934520042,301.2749564849323,713,3:11:32
5.3%,2650000,-598376.1574927266,302.51174135816814,713,3:11:30
5.3%,2655000,-599342.9852199298,296.3968502684599,713,3:11:31
5.3%,2660000,-599212.6211491916,301.31847639696485,713,3:11:29
5.3%,2665000,-600946.7905717688,301.22662828498636,713,3:11:28
5.3%,2670000,-600441.4374870658,303.3855250260233,713,3:11:27
5.3%,2675000,-600801.2654325976,297.97323274162045,713,3:11:25
5.4%,2680000,-599220.4284926029,300.04182689179385,713,3:11:23
5.4%,2685000,-599531.6859580432,298.3137380285492,713,3:11:22
5.4%,2690000,-599991.6268687174,303.2586696341855,713,3:11:21
5.4%,2695000,-598371.4521263721,301.399481329057,713,3:11:19
5.4%,2700000,-600311.9465867365,300.12710040601326,713,3:11:18
5.4%,2705000,-598599.0268796519,301.2342332301555,713,3:11:19
5.4%,2710000,-599990.7139219702,302.39847673931007,713,3:11:17
5.4%,2715000,-598953.836039654,299.1828115368157,713,3:11:16
5.4%,2720000,-599384.7770802714,300.75497449201146,713,3:11:14
5.4%,2725000,-599976.0422238,302.2625199453505,713,3:11:13
5.5%,2730000,-599838.1707529393,299.43912272109753,713,3:11:11
5.5%,2735000,-600255.5905936793,299.28935436542747,713,3:11:10
5.5%,2740000,-600943.0149004832,299.6217150014009,713,3:11:08
5.5%,2745000,-598645.8288096921,299.6474491545701,713,3:11:07
5.5%,2750000,-599804.9543723459,301.1225631965749,713,3:11:06
5.5%,2755000,-598933.4168967349,303.10554038339234,713,3:11:06
5.5%,2760000,-600838.9030071204,297.8241267521426,713,3:11:05
5.5%,2765000,-600399.1929511316,299.09783240757065,713,3:11:04
5.5%,2770000,-599518.2308995393,301.5270726833305,713,3:11:02
5.5%,2775000,-599376.2923179204,302.5485149478733,713,3:11:01
5.6%,2780000,-599291.0785726039,300.20962632713923,713,3:11:00
5.6%,2785000,-598039.9710926353,301.0540450938089,713,3:10:58
5.6%,2790000,-599499.3066527494,298.3246302725979,713,3:10:57
5.6%,2795000,-599883.909920455,301.2559195899283,713,3:10:56
5.6%,2800000,-599195.6804711707,301.89463685581273,713,3:10:55
5.6%,2805000,-600745.3853900111,300.15825614912563,713,3:10:55
5.6%,2810000,-600195.194223329,302.3588328961057,713,3:10:53
5.6%,2815000,-598846.9916903446,302.8497198407343,713,3:10:52
5.6%,2820000,-599495.6808965802,302.75500147525645,713,3:10:51
5.6%,2825000,-599570.6189941866,301.6868255960452,713,3:10:49
5.7%,2830000,-598434.4618461654,302.0753892300269,713,3:10:48
5.7%,2835000,-599004.3865838414,302.3583422544819,713,3:10:46
5.7%,2840000,-599471.9162541307,297.3994273625669,713,3:10:45
5.7%,2845000,-599618.3715909263,301.162305168104,713,3:10:44
5.7%,2850000,-599104.2120845895,300.43321171511246,713,3:10:43
5.7%,2855000,-599564.9537808667,300.1208692573908,713,3:10:43
5.7%,2860000,-600339.5270413086,299.64107081346043,713,3:10:42
5.7%,2865000,-600365.5910545108,298.78470492325084,713,3:10:41
5.7%,2870000,-597351.0624289755,300.41562221289865,713,3:10:39
5.7%,2875000,-598174.8127326877,298.6566965235971,713,3:10:38
5.8%,2880000,-599292.1831178712,301.4246512443588,713,3:10:37
5.8%,2885000,-598645.5315329591,302.183526643916,713,3:10:35
5.8%,2890000,-598715.3374904017,299.2253256335194,713,3:10:34
5.8%,2895000,-599911.2338237823,300.9517463152431,713,3:10:33
5.8%,2900000,-599475.4054220174,300.0956012137642,713,3:10:31
5.8%,2905000,-597934.5930375322,301.73081161762036,713,3:10:32
5.8%,2910000,-601324.2831314183,303.7212956212822,713,3:10:30
5.8%,2915000,-599369.1486801407,301.58489479869735,713,3:10:29
5.8%,2920000,-599002.5076718023,299.51961247948464,713,3:10:27
5.8%,2925000,-599850.7413001163,299.37960789212855,713,3:10:26
5.9%,2930000,-599477.7255225386,300.3696736248282,713,3:10:25
5.9%,2935000,-598717.9524802738,299.9881997623107,713,3:10:24
5.9%,2940000,-600643.676777787,302.5155192986716,713,3:10:22
5.9%,2945000,-598826.7781259199,301.0868690184422,713,3:10:21
5.9%,2950000,-601304.0052977451,300.40058404712863,713,3:10:20
5.9%,2955000,-599902.6644238629,299.0301974597275,713,3:10:19
5.9%,2960000,-598963.6256946321,300.2022667027819,713,3:10:18
5.9%,2965000,-600138.9306768435,299.35858389854803,713,3:10:16
5.9%,2970000,-598729.1207174794,300.1885287373151,713,3:10:15
5.9%,2975000,-599005.4947469467,298.3232810081324,713,3:10:13
6.0%,2980000,-598280.6544344975,298.0521279147302,713,3:10:12
6.0%,2985000,-599752.1180130588,299.4702048679663,713,3:10:11
6.0%,2990000,-598761.3241911405,299.1526125448697,713,3:10:09
6.0%,2995000,-599719.9402097226,300.47285555831684,713,3:10:08
6.0%,3000000,-599920.3950942834,301.48127128774723,713,3:10:07
6.0%,3005000,-600842.5511693228,299.68314333270274,713,3:10:06
6.0%,3010000,-599994.1045831805,301.717907742914,713,3:10:05
6.0%,3015000,-598773.1755658039,300.9076131011808,713,3:10:03
6.0%,3020000,-600361.5084208036,300.41022515503664,713,3:10:02
6.0%,3025000,-598678.0270288689,300.1215070915017,713,3:10:01
6.1%,3030000,-600035.0051558819,300.87817460375175,713,3:09:59
6.1%,3035000,-599204.4141861522,299.8183886963078,713,3:09:58
6.1%,3040000,-599636.7310448801,299.5622001724319,713,3:09:56
6.1%,3045000,-598866.2133445237,299.59961159624794,713,3:09:55
6.1%,3050000,-600222.7995281215,302.470453865524,713,3:09:54
6.1%,3055000,-599875.958695482,300.5176020744089,713,3:09:54
6.1%,3060000,-599847.925838843,303.1081898481609,713,3:09:52
6.1%,3065000,-598629.0067944955,298.8825879272022,713,3:09:51
6.1%,3070000,-598884.8891839711,299.73880662492473,713,3:09:49
6.1%,3075000,-599822.5239397925,298.7391979126419,713,3:09:48
6.2%,3080000,-599697.5272287205,301.22240876702153,713,3:09:47
6.2%,3085000,-599569.3891515369,299.56973152135754,713,3:09:45
6.2%,3090000,-600373.4489873867,301.46596326908417,713,3:09:44
6.2%,3095000,-599332.6970658205,303.3152896775739,713,3:09:42
6.2%,3100000,-600568.6463220082,302.65105904725095,713,3:09:41
6.2%,3105000,-601255.5946183917,299.28817682553034,713,3:09:41
6.2%,3110000,-599740.2023272375,300.29774556277664,713,3:09:40
6.2%,3115000,-599754.3978447746,299.77462346346334,713,3:09:38
6.2%,3120000,-600456.3361822851,300.36550317102575,713,3:09:37
6.2%,3125000,-598580.2989397175,302.2671810407768,713,3:09:35
6.3%,3130000,-599760.6210675733,302.6743645243822,713,3:09:34
6.3%,3135000,-600716.4775755429,300.43218136770247,713,3:09:33
6.3%,3140000,-598957.2993714851,298.90861646534574,713,3:09:31
6.3%,3145000,-599594.6387891746,297.96996997482205,713,3:09:30
6.3%,3150000,-600641.4024600293,298.747955865627,713,3:09:29
6.3%,3155000,-599775.7574219578,297.62958734829925,713,3:09:28
6.3%,3160000,-599102.3250133609,301.70841382749313,713,3:09:27
6.3%,3165000,-599306.1109284991,302.11385553333406,713,3:09:26
6.3%,3170000,-599721.6922986731,299.7304166531575,713,3:09:24
6.3%,3175000,-600068.8987898817,302.093150456809,713,3:09:23
6.4%,3180000,-598531.4917155155,301.44057256505164,713,3:09:22
6.4%,3185000,-598723.0538053871,302.0354510018481,713,3:09:20
6.4%,3190000,-599378.4121586755,299.87530312467055,713,3:09:19
6.4%,3195000,-598673.0943668475,299.5488792523453,713,3:09:18
6.4%,3200000,-598607.2494713711,298.65998382247665,713,3:09:16
6.4%,3205000,-599936.0024006842,303.0071176736547,713,3:09:16
6.4%,3210000,-600364.069594434,298.39150472592416,713,3:09:15
6.4%,3215000,-599107.2432783856,297.84321271130904,713,3:09:14
6.4%,3220000,-598221.3096197904,301.31717619666176,713,3:09:12
6.4%,3225000,-598829.597224447,299.2202474927129,713,3:09:11
6.5%,3230000,-599642.0959431436,300.0905476050389,713,3:09:09
6.5%,3235000,-598903.4734720164,302.46930085770805,713,3:09:08
6.5%,3240000,-598749.0862009856,298.7215838783468,713,3:09:07
6.5%,3245000,-597929.3627693532,301.33088963004747,713,3:09:05
6.5%,3250000,-597916.6808699425,298.35902425042747,713,3:09:04
6.5%,3255000,-598959.2970940196,301.7825743089331,713,3:09:03
6.5%,3260000,-599209.5358809126,299.4723882231923,713,3:09:02
6.5%,3265000,-598847.3596815616,300.3498026390636,713,3:09:01
6.5%,3270000,-598902.3457982065,298.2454897786763,713,3:08:59
6.5%,3275000,-599631.0297836429,300.6157794633346,713,3:08:58
6.6%,3280000,-599173.6585415266,299.1484175589861,713,3:08:57
6.6%,3285000,-599251.0099455309,299.64990236268915,713,3:08:55
6.6%,3290000,-599595.093554392,301.0555415507615,713,3:08:54
6.6%,3295000,-599041.8275864436,299.6057446165457,713,3:08:53
6.6%,3300000,-599966.6513008629,301.9277306333392,713,3:08:51
6.6%,3305000,-599342.3931444329,299.58646240072966,713,3:08:52
6.6%,3310000,-599163.6765582329,299.3354501459851,713,3:08:50
6.6%,3315000,-599885.8160115094,299.9223065922322,713,3:08:49
6.6%,3320000,-599931.2638083533,298.99543550068006,713,3:08:48
6.6%,3325000,-598992.641281879,298.898239395002,713,3:08:47
6.7%,3330000,-599390.4404419293,301.01535800177095,713,3:08:45
6.7%,3335000,-600442.1362949642,301.6140879753144,713,3:08:44
6.7%,3340000,-599047.4628161853,301.1384599851865,713,3:08:42
6.7%,3345000,-599121.9245727104,302.0818902315424,713,3:08:41
6.7%,3350000,-599280.468150253,298.40818654113394,713,3:08:40
6.7%,3355000,-599945.0270990534,297.4831798877524,713,3:08:39
6.7%,3360000,-600159.6104962043,303.1431235317766,713,3:08:37
6.7%,3365000,-600403.7445201962,301.2916383001421,713,3:08:36
6.7%,3370000,-600447.01574466,298.8034474332806,713,3:08:35
6.7%,3375000,-600559.3154587662,304.5022008297488,713,3:08:34
6.8%,3380000,-600275.1401632493,297.6166098773493,713,3:08:33
6.8%,3385000,-599243.7533585019,299.0425125644853,713,3:08:31
6.8%,3390000,-598194.0872624665,302.2575889970311,713,3:08:30
6.8%,3395000,-599148.8062618463,301.00672270919176,713,3:08:28
6.8%,3400000,-599597.2984292172,297.4865653149567,713,3:08:27
6.8%,3405000,-599911.8282699604,300.85521257575715,713,3:08:27
6.8%,3410000,-600078.1246443428,298.2858450522353,713,3:08:25
6.8%,3415000,-601280.5429119733,300.9275086190266,713,3:08:24
6.8%,3420000,-600971.4790585963,301.76324302895466,713,3:08:23
6.8%,3425000,-601354.0398944556,300.9352362246017,713,3:08:21
6.9%,3430000,-599622.6724430392,300.77602301767314,713,3:08:20
6.9%,3435000,-598268.6561594973,304.63079799935116,713,3:08:19
6.9%,3440000,-599404.5710320985,302.63322422422516,713,3:08:18
6.9%,3445000,-599896.1354557076,303.52479365094365,713,3:08:16
6.9%,3450000,-598413.2689473783,303.10882768227185,713,3:08:15
6.9%,3455000,-597982.908243787,299.79145247116026,713,3:08:15
6.9%,3460000,-598366.8453289713,299.5947542441721,713,3:08:14
6.9%,3465000,-598865.9145049234,300.1841620268631,713,3:08:13
6.9%,3470000,-598064.9624815527,299.19708920806875,713,3:08:11
6.9%,3475000,-599317.7116209175,299.6999478083184,713,3:08:10
7.0%,3480000,-599024.6542204693,300.98798019916194,713,3:08:09
7.0%,3485000,-599315.8004925558,300.39575122713404,713,3:08:07
7.0%,3490000,-598941.7036658791,302.1486420244627,713,3:08:06
7.0%,3495000,-599274.3070503515,297.7751361860045,713,3:08:05
7.0%,3500000,-598393.5505193523,300.7746982852889,713,3:08:03
7.0%,3505000,-600842.4480496561,301.86480584508473,713,3:08:03
7.0%,3510000,-599589.4446022464,298.52024908801366,713,3:08:02
7.0%,3515000,-599308.3224275801,298.94185743535934,713,3:08:00
7.0%,3520000,-600049.3872878687,296.60191393513406,713,3:07:59
7.0%,3525000,-599667.2689117221,296.7393671860463,713,3:07:58
7.1%,3530000,-599545.6289058728,299.1025670992405,713,3:07:56
7.1%,3535000,-598941.6993892882,300.8411311611536,713,3:07:55
7.1%,3540000,-599869.3186879642,301.6907261969546,713,3:07:54
7.1%,3545000,-599465.7166477973,300.5928664995024,713,3:07:53
7.1%,3550000,-600350.3867379464,299.80384117216164,713,3:07:51
7.1%,3555000,-599652.6258221283,303.477790183382,713,3:07:51
7.1%,3560000,-598914.082483524,299.5425254433169,713,3:07:50
7.1%,3565000,-599136.0552065014,298.90829754829025,713,3:07:49
7.1%,3570000,-600406.6201036456,298.835241010504,713,3:07:48
7.1%,3575000,-600074.5234101852,299.5955638028515,713,3:07:46
7.2%,3580000,-599422.8688874827,300.0921176582351,713,3:07:45
7.2%,3585000,-599148.8536374862,298.06267670964223,713,3:07:44
7.2%,3590000,-599026.6489168033,300.4245764225333,713,3:07:42
7.2%,3595000,-600137.6452659336,298.7685137496649,713,3:07:41
7.2%,3600000,-600317.6564938375,301.6610178466325,713,3:07:40
7.2%,3605000,-599247.8473452809,299.17280244768983,713,3:07:40
7.2%,3610000,-598431.3962080246,300.54551958280405,713,3:07:39
7.2%,3615000,-599320.7478998587,300.8848473298357,713,3:07:37
7.2%,3620000,-599876.1285162582,298.9501002146394,713,3:07:36
7.2%,3625000,-599772.6855096743,300.3323848614181,713,3:07:35
7.3%,3630000,-599798.8819229198,301.5947076311736,713,3:07:33
7.3%,3635000,-598826.1069580144,300.25937738779425,713,3:07:32
7.3%,3640000,-601365.25568566,301.77742257188294,713,3:07:31
7.3%,3645000,-599433.4936433458,300.8217017528505,713,3:07:30
7.3%,3650000,-599616.2707257797,298.0435662183946,713,3:07:28
7.3%,3655000,-600719.0707512009,297.2263289976844,713,3:07:28
7.3%,3660000,-600063.5705841747,303.3743138649191,713,3:07:26
7.3%,3665000,-599435.8800682737,298.59413971656045,713,3:07:25
7.3%,3670000,-599040.9681662424,299.98721847906313,713,3:07:23
7.3%,3675000,-599604.9789145282,300.0325292330226,713,3:07:22
7.4%,3680000,-599132.820930134,298.7540643538435,713,3:07:21
7.4%,3685000,-599531.0892824898,297.16921831267206,713,3:07:19
7.4%,3690000,-598827.7206568108,298.72335018819257,713,3:07:18
7.4%,3695000,-600261.3313727202,298.1451290345246,713,3:07:17
7.4%,3700000,-599166.7084219661,299.578661198911,713,3:07:15
7.4%,3705000,-601620.674334655,301.1320816440769,713,3:07:15
7.4%,3710000,-600846.8724092226,301.99627326818637,713,3:07:14
7.4%,3715000,-598729.754404895,300.2078354852123,713,3:07:13
7.4%,3720000,-599928.6472440897,298.87103331696136,713,3:07:12
7.4%,3725000,-600825.5969700906,302.85845326163826,713,3:07:11
7.5%,3730000,-599121.8453463181,301.5101210152277,713,3:07:09
7.5%,3735000,-600725.8498260872,299.68738738274874,713,3:07:08
7.5%,3740000,-601087.4830541429,302.6015042432455,713,3:07:07
7.5%,3745000,-600692.3539946429,299.53504315855366,713,3:07:05
7.5%,3750000,-600284.4559457088,299.1670128765288,713,3:07:04
7.5%,3755000,-599928.9078765083,301.1348537692515,713,3:07:04
7.5%,3760000,-599622.9478044026,300.0249242878534,713,3:07:03
7.5%,3765000,-599711.7426412455,297.92343261680304,713,3:07:01
7.5%,3770000,-600293.9442136716,299.7774201207191,713,3:07:00
7.5%,3775000,-599692.4223265979,299.4189573503586,713,3:06:58
7.6%,3780000,-599538.0983751104,303.1065952628835,713,3:06:57
7.6%,3785000,-599684.0985528952,299.10475045446645,713,3:06:56
7.6%,3790000,-600572.3806006634,296.5629324581218,713,3:06:54
7.6%,3795000,-599149.2424710379,301.69165841603984,713,3:06:53
7.6%,3800000,-599252.5908341212,302.82533495203063,713,3:06:52
7.6%,3805000,-600769.934999032,302.78524953136474,713,3:06:51
7.6%,3810000,-599127.024325496,301.03488553839884,713,3:06:49
7.6%,3815000,-598558.8870129706,300.2018741894829,713,3:06:48
7.6%,3820000,-601320.3943522912,298.09388151691695,713,3:06:46
7.6%,3825000,-598990.5006405651,297.1499360968561,713,3:06:45
7.7%,3830000,-599274.0459500062,304.23529178639257,713,3:06:44
7.7%,3835000,-599798.6899353061,300.3688395340677,713,3:06:43
7.7%,3840000,-599285.9344859542,302.4680251894861,713,3:06:41
7.7%,3845000,-598688.8140240568,300.5978955761465,713,3:06:40
7.7%,3850000,-599333.5834990959,301.07803746921354,713,3:06:38
7.7%,3855000,-598962.3988120784,299.6984268192846,713,3:06:38
7.7%,3860000,-599722.8263823977,300.4782280840976,713,3:06:37
7.7%,3865000,-599364.0923308935,298.0507541181835,713,3:06:35
7.7%,3870000,-599572.4571532612,300.7230827864633,713,3:06:34
7.7%,3875000,-597796.7843469847,299.1637255776492,713,3:06:32
7.8%,3880000,-597887.2718865885,302.75218028591956,713,3:06:31
7.8%,3885000,-600543.0849233116,300.2768442296021,713,3:06:30
7.8%,3890000,-599504.7880801992,299.2844234171081,713,3:06:28
7.8%,3895000,-599352.9189855177,301.75205639993163,713,3:06:27
7.8%,3900000,-600571.7657606215,302.4075045451883,713,3:06:26
7.8%,3905000,-599870.9930546633,300.00529862290074,713,3:06:26
7.8%,3910000,-598332.8317452236,299.7773219923943,713,3:06:24
7.8%,3915000,-598083.0676904898,299.4481750590569,713,3:06:23
7.8%,3920000,-600070.5084445365,299.0823771964204,713,3:06:22
7.8%,3925000,-599145.1035439861,301.63108870757964,713,3:06:20
7.9%,3930000,-599285.8565588528,303.8195220743703,713,3:06:19
7.9%,3935000,-598830.6268344801,301.8826406681104,713,3:06:17
7.9%,3940000,-598838.9378182939,301.3112639650948,713,3:06:16
7.9%,3945000,-599391.7210111194,299.157273640296,713,3:06:15
7.9%,3950000,-600579.393639137,300.79687528668535,713,3:06:13
7.9%,3955000,-598528.3397414703,298.60240702792174,713,3:06:13
7.9%,3960000,-599300.3743599379,300.6793175536189,713,3:06:11
7.9%,3965000,-600175.7470704331,302.8103703825042,713,3:06:10
7.9%,3970000,-598390.2649946734,298.10803652776406,713,3:06:09
7.9%,3975000,-600055.0388062582,297.1777064127641,713,3:06:07
8.0%,3980000,-599173.53785261,301.88104608283305,713,3:06:06
8.0%,3985000,-599736.2687323852,299.11998487688595,713,3:06:05
8.0%,3990000,-600614.5962536833,301.1063229588266,713,3:06:03
8.0%,3995000,-600415.3863667012,300.5884261928068,713,3:06:02
8.0%,4000000,-599083.0601368793,298.61715080871744,713,3:06:01
8.0%,4005000,-599212.8382991641,299.56234736491905,713,3:06:00
8.0%,4010000,-599306.1205370286,300.79643370922395,713,3:05:59
8.0%,4015000,-598828.9487680933,302.943530519208,713,3:05:58
8.0%,4020000,-600101.1132372632,298.24637293359916,713,3:05:56
8.0%,4025000,-599664.0538103431,300.3327283105548,713,3:05:55
8.1%,4030000,-599404.4131802837,296.45040380169945,713,3:05:54
8.1%,4035000,-599259.1914452831,300.23567939736387,713,3:05:52
8.1%,4040000,-598213.9149751551,299.54362938697045,713,3:05:51
8.1%,4045000,-599146.1636507427,299.598335928026,713,3:05:50
8.1%,4050000,-601260.3777118404,301.45781861812884,713,3:05:48
8.1%,4055000,-599748.999441627,300.13102553900376,713,3:05:48
8.1%,4060000,-598685.2752718716,298.82498660056615,713,3:05:46
8.1%,4065000,-599030.0621152502,300.6476711688827,713,3:05:45
8.1%,4070000,-598646.4768790156,303.2872249766916,713,3:05:44
8.1%,4075000,-600274.8449249002,299.8565606146407,713,3:05:42
8.2%,4080000,-599600.5034040222,305.17065097803663,713,3:05:41
8.2%,4085000,-599567.1131404447,301.60079158730895,713,3:05:40
8.2%,4090000,-599845.9651016174,300.5818761271289,713,3:05:38
8.2%,4095000,-599469.7068595323,299.98731660738787,713,3:05:37
8.2%,4100000,-599616.5659957025,300.71042423256887,713,3:05:35
8.2%,4105000,-599152.9885377446,300.3905013617592,713,3:05:35
8.2%,4110000,-599112.707475367,300.84964379332683,713,3:05:34
8.2%,4115000,-599971.0266054845,298.501653770471,713,3:05:32
8.2%,4120000,-600109.1552881142,302.5220938964307,713,3:05:31
8.2%,4125000,-598266.651417675,303.21058675505145,713,3:05:30
8.3%,4130000,-602031.6976715974,297.36439555062634,713,3:05:28
8.3%,4135000,-599268.2851550365,299.23791059117025,713,3:05:27
8.3%,4140000,-599625.9892452382,300.8011438688126,713,3:05:26
8.3%,4145000,-599650.4403077811,301.7589744468275,713,3:05:24
8.3%,4150000,-599935.843069016,298.59620041138044,713,3:05:23
8.3%,4155000,-599407.1754812794,301.54478484595035,713,3:05:22
8.3%,4160000,-598927.9499706305,298.2024850403488,713,3:05:21
8.3%,4165000,-598928.789829364,300.9128874986368,713,3:05:20
8.3%,4170000,-598992.6082693515,299.6650141247027,713,3:05:18
8.3%,4175000,-598772.7518300326,299.09957418533514,713,3:05:17
8.4%,4180000,-599319.6246983013,298.5636954038026,713,3:05:15
8.4%,4185000,-599850.1601559245,299.5822919469272,713,3:05:14
8.4%,4190000,-598889.6897755326,300.8993212577383,713,3:05:13
8.4%,4195000,-600107.273706079,299.6386176053414,713,3:05:12
8.4%,4200000,-599161.095571782,298.2776022729551,713,3:05:10
8.4%,4205000,-599337.8665180993,299.3893471283613,713,3:05:10
8.4%,4210000,-600510.4277138319,300.04535951148534,713,3:05:09
8.4%,4215000,-600009.205140241,300.38986352764823,713,3:05:07
8.4%,4220000,-600164.1501210984,301.5128931404022,713,3:05:06
8.4%,4225000,-600474.8306415672,300.89446390566246,713,3:05:05
8.5%,4230000,-598873.5370816784,300.9779220458737,713,3:05:04
8.5%,4235000,-600155.9923179937,300.201113694966,713,3:05:02
8.5%,4240000,-600132.5340407109,299.06010206669913,713,3:05:01
8.5%,4245000,-600126.3559801155,301.5298938726675,713,3:05:00
8.5%,4250000,-597733.3294748687,298.30191356541525,713,3:04:58
8.5%,4255000,-599850.826807532,300.914065038534,713,3:04:58
8.5%,4260000,-598997.2856251663,300.70603299003574,713,3:04:57
8.5%,4265000,-599559.7733390392,299.6931033576662,713,3:04:55
8.5%,4270000,-599779.9205245888,297.8164236786486,713,3:04:54
8.5%,4275000,-599185.6817594916,298.45366901966173,713,3:04:53
8.6%,4280000,-598407.7035576301,300.3874593836915,713,3:04:51
8.6%,4285000,-598682.9169327859,300.96398782375735,713,3:04:50
8.6%,4290000,-600282.8619318199,299.8264842831008,713,3:04:49
8.6%,4295000,-599688.6130717564,298.195444333047,713,3:04:47
8.6%,4300000,-599264.188985676,300.5968406966553,713,3:04:46
8.6%,4305000,-599402.0323607032,300.9656560052783,713,3:04:46
8.6%,4310000,-598810.74098496,300.06123176801583,713,3:04:45
8.6%,4315000,-598587.1504105283,301.17059701154653,713,3:04:43
8.6%,4320000,-599871.4785131039,298.7263921662602,713,3:04:42
8.6%,4325000,-599462.5656632064,299.8550886897693,713,3:04:41
8.7%,4330000,-600549.4700454702,298.1473123897506,713,3:04:40
8.7%,4335000,-600386.8806447312,297.98471375561775,713,3:04:38
8.7%,4340000,-599782.749357543,297.7363264335606,713,3:04:37
8.7%,4345000,-598720.3552821763,301.43750605490277,713,3:04:36
8.7%,4350000,-601038.4479630063,299.3091762870297,713,3:04:35
8.7%,4355000,-599722.4581839112,300.29558673963186,713,3:04:34
8.7%,4360000,-599725.8482169467,299.86757551909545,713,3:04:33
8.7%,4365000,-599291.0394536704,298.4548956237213,713,3:04:32
8.7%,4370000,-599190.3575311936,300.4644655865496,713,3:04:31
8.7%,4375000,-598855.9308864549,299.19355658837725,713,3:04:29
8.8%,4380000,-600050.9129869356,303.5166244679071,713,3:04:28
8.8%,4385000,-599362.6936970195,300.69658813877726,713,3:04:27
8.8%,4390000,-598002.5438502715,297.3982007585073,713,3:04:26
8.8%,4395000,-599219.9632925391,300.6121241832372,713,3:04:25
8.8%,4400000,-599518.7970019714,301.38643026186344,713,3:04:23
8.8%,4405000,-600302.2889963323,301.72158755509264,713,3:04:23
8.8%,4410000,-598600.1180733019,300.8039895902307,713,3:04:22
8.8%,4415000,-599662.1252842448,299.62571373063497,713,3:04:20
8.8%,4420000,-600668.9661138412,299.46029390716524,713,3:04:19
8.8%,4425000,-599725.3593966821,300.3206339945277,713,3:04:18
8.9%,4430000,-598528.2211088119,297.8662483355472,713,3:04:17
8.9%,4435000,-598522.6485691145,300.5364672448447,713,3:04:15
8.9%,4440000,-598124.0631889771,301.9762550899347,713,3:04:14
8.9%,4445000,-600207.8177865241,299.390083090797,713,3:04:13
8.9%,4450000,-599926.3162210453,300.19176697203227,713,3:04:12
8.9%,4455000,-598442.7767294198,300.35728492382685,713,3:04:11
8.9%,4460000,-598744.3519120747,299.5023173622451,713,3:04:10
8.9%,4465000,-599667.8133184756,300.3098644108849,713,3:04:09
8.9%,4470000,-599977.9803212564,298.7793569295512,713,3:04:07
8.9%,4475000,-598997.9243840524,300.3531390021056,713,3:04:06
9.0%,4480000,-599601.0225918666,299.2130841250052,713,3:04:05
9.0%,4485000,-599450.8491632338,302.1986384059296,713,3:04:04
9.0%,4490000,-598359.7352645108,299.1967948230945,713,3:04:02
9.0%,4495000,-598335.0065623932,302.2892108496861,713,3:04:01
9.0%,4500000,-598709.937749058,299.0265421796301,713,3:04:00
9.0%,4505000,-599726.4520922787,301.6716402377881,713,3:03:59
9.0%,4510000,-599920.3722803923,302.85703040092915,713,3:03:58
9.0%,4515000,-600217.1184483566,300.6164418295268,713,3:03:57
9.0%,4520000,-599493.9728314709,300.04518778691704,713,3:03:55
9.0%,4525000,-599007.5037900461,299.53734917418564,713,3:03:54
9.1%,4530000,-599264.4975549146,299.91901929335256,713,3:03:53
9.1%,4535000,-600704.3114713454,298.5526804993479,713,3:03:52
9.1%,4540000,-598326.708544963,300.08232935783997,713,3:03:50
9.1%,4545000,-599326.2175218314,297.959543840316,713,3:03:49
9.1%,4550000,-599396.275394931,301.4918200826593,713,3:03:48
9.1%,4555000,-599451.893892081,302.1736647472773,713,3:03:47
9.1%,4560000,-599364.0486142291,301.7184719807814,713,3:03:46
9.1%,4565000,-600303.8059308277,300.6447763833022,713,3:03:44
9.1%,4570000,-598735.8092655698,303.040971945698,713,3:03:43
9.1%,4575000,-600270.4523831313,302.3081986805278,713,3:03:42
9.2%,4580000,-599043.8872990957,300.72298465813856,713,3:03:40
9.2%,4585000,-600100.0758522265,297.6234297959204,713,3:03:39
9.2%,4590000,-599406.1833378915,300.8440259467342,713,3:03:38
9.2%,4595000,-598192.2589681051,299.8970385486056,713,3:03:36
9.2%,4600000,-599715.4452406457,300.8163046949885,713,3:03:35
9.2%,4605000,-600258.752099168,299.42626791055346,713,3:03:35
9.2%,4610000,-601016.7953010001,298.5739498137404,713,3:03:34
9.2%,4615000,-600051.8795368904,298.7703045915918,713,3:03:32
9.2%,4620000,-600187.6756963092,297.7592884615552,713,3:03:31
9.2%,4625000,-599807.0802847063,301.43039175135743,713,3:03:30
9.3%,4630000,-599128.4096934828,300.38743485161035,713,3:03:28
9.3%,4635000,-599884.6928677796,302.7702849618384,713,3:03:27
9.3%,4640000,-599243.64481358,300.74023071121576,713,3:03:26
9.3%,4645000,-601042.607546459,299.93086828856775,713,3:03:24
9.3%,4650000,-600645.7025620658,299.161640350748,713,3:03:23
9.3%,4655000,-599356.553543367,301.8187836607707,713,3:03:23
9.3%,4660000,-598911.7753279316,300.35240303966987,713,3:03:21
9.3%,4665000,-600272.3991763503,299.94610271098725,713,3:03:20
9.3%,4670000,-599849.4818674154,300.08995883509033,713,3:03:19
9.3%,4675000,-599308.93790279,301.11893244855867,713,3:03:17
9.4%,4680000,-599927.2054927703,299.46743274279174,713,3:03:16
9.4%,4685000,-599514.7154700537,297.1059746073621,713,3:03:15
9.4%,4690000,-600237.243927341,300.650664082788,713,3:03:14
9.4%,4695000,-598894.2059841654,299.0237455223743,713,3:03:12
9.4%,4700000,-598972.503106318,298.2547138412041,713,3:03:11
9.4%,4705000,-600838.0913144103,297.80729774444563,713,3:03:11
9.4%,4710000,-599779.269506135,300.5811401646932,713,3:03:09
9.4%,4715000,-599650.4635137166,302.7566451246963,713,3:03:08
9.4%,4720000,-599906.1846685638,301.73986395557984,713,3:03:07
9.4%,4725000,-598419.6230630875,300.87321912335125,713,3:03:05
9.5%,4730000,-599660.5018736729,297.70352704100844,713,3:03:04
9.5%,4735000,-600028.6700654677,302.9861918083989,713,3:03:03
9.5%,4740000,-599870.2640882679,303.6556477720155,713,3:03:01
9.5%,4745000,-599915.6193378582,299.42229371340056,713,3:03:00
9.5%,4750000,-599797.6500284951,300.61676074658226,713,3:02:59
9.5%,4755000,-599769.7761999932,299.76920187352016,713,3:02:58
9.5%,4760000,-600385.8039166168,299.0240153752674,713,3:02:57
9.5%,4765000,-598940.6804978368,299.6053766353278,713,3:02:56
9.5%,4770000,-600241.5446697231,303.6241485797665,713,3:02:55
9.5%,4775000,-598771.4770355467,299.30974052489705,713,3:02:53
9.6%,4780000,-599595.1329731471,299.4508981200691,713,3:02:52
9.6%,4785000,-599830.8851129855,300.1013907849253,713,3:02:51
9.6%,4790000,-599564.1763105448,301.6581230610519,713,3:02:50
9.6%,4795000,-599452.2225577403,301.9532439977777,713,3:02:48
9.6%,4800000,-599374.7617211053,300.87106030020647,713,3:02:47
9.6%,4805000,-599708.1177319358,302.7146707337788,713,3:02:46
9.6%,4810000,-600906.7426193855,298.6365311528582,713,3:02:45
9.6%,4815000,-599961.8226823919,300.4594119778243,713,3:02:44
9.6%,4820000,-599954.1304491595,300.35402215702845,713,3:02:42
9.6%,4825000,-599502.9726748471,300.18759651822984,713,3:02:41
9.7%,4830000,-599766.2311160094,302.71920916879907,713,3:02:40
9.7%,4835000,-599599.9036262687,300.824596538431,713,3:02:39
9.7%,4840000,-598633.9446508451,303.643749712638,713,3:02:38
9.7%,4845000,-600977.0418098937,302.04641684214045,713,3:02:36
9.7%,4850000,-600675.5631288611,299.6957282903536,713,3:02:35
9.7%,4855000,-599451.3715870194,301.0057168938629,713,3:02:35
9.7%,4860000,-597846.4885312524,299.832813560048,713,3:02:33
9.7%,4865000,-600126.1882716981,300.6685725020573,713,3:02:32
9.7%,4870000,-598141.6540371771,298.13833364803475,713,3:02:31
9.7%,4875000,-598426.8083105041,297.122926275465,713,3:02:30
9.8%,4880000,-598662.7042817292,300.82817822228486,713,3:02:29
9.8%,4885000,-599445.8474084549,297.9939378181455,713,3:02:27
9.8%,4890000,-600200.398458242,300.34339976587285,713,3:02:26
9.8%,4895000,-599490.6023937906,302.033243114541,713,3:02:25
9.8%,4900000,-600702.2638771427,300.1267078927142,713,3:02:23
9.8%,4905000,-600261.9027849366,299.2945796987211,713,3:02:23
9.8%,4910000,-599343.1609283783,303.6390150209682,713,3:02:21
9.8%,4915000,-598593.8006895371,299.0147667806585,713,3:02:20
9.8%,4920000,-598035.1660134709,299.6231378621099,713,3:02:19
9.8%,4925000,-599322.9529059352,297.8754478659938,713,3:02:18
9.9%,4930000,-599499.8641535859,300.9986271223988,713,3:02:16
9.9%,4935000,-599892.2930653007,301.4858342548487,713,3:02:15
9.9%,4940000,-598576.629876602,299.51477965949005,713,3:02:14
9.9%,4945000,-599417.8544836589,301.45158746950636,713,3:02:13
9.9%,4950000,-600295.4820181229,301.8153982335664,713,3:02:12
9.9%,4955000,-599814.4229437066,302.0864286665627,713,3:02:11
9.9%,4960000,-600125.3606506861,297.9720061375609,713,3:02:10
9.9%,4965000,-599327.1229986395,299.7241364403726,713,3:02:09
9.9%,4970000,-599127.975027327,304.42178466760527,713,3:02:07
9.9%,4975000,-599208.571700559,302.51161869776223,713,3:02:06
10.0%,4980000,-600469.3076678962,302.7787730619304,713,3:02:05
10.0%,4985000,-598379.9491553479,300.4507276210827,713,3:02:04
10.0%,4990000,-600131.3222216796,297.31817710966277,713,3:02:02
10.0%,4995000,-599649.0111075686,300.2004513287738,713,3:02:01
10.0%,5000000,-598809.159134334,299.978337865672,713,3:02:00
10.0%,5005000,-599041.4834634382,300.3733043728444,713,3:01:59
10.0%,5010000,-599103.454909124,300.29659255496074,713,3:01:58
10.0%,5015000,-599796.6984262522,301.6316774775282,713,3:01:56
10.0%,5020000,-600158.8113548476,300.0474447383866,713,3:01:55
10.0%,5025000,-598646.9585946603,300.1619850254666,713,3:01:54
10.0%,5030000,-599287.6489101173,300.79258217247695,713,3:01:52
10.1%,5035000,-598178.0766676092,300.0359882564705,713,3:01:51
10.1%,5040000,-599930.4064903595,301.5162540355253,713,3:01:50
10.1%,5045000,-600826.6037378749,300.0528663283298,713,3:01:49
10.1%,5050000,-599699.1259157038,301.22346364651276,713,3:01:47
10.1%,5055000,-598184.5529771606,299.7305638456446,713,3:01:47
10.1%,5060000,-598482.1316275275,302.81375580970854,713,3:01:45
10.1%,5065000,-598467.388993362,302.0456808797047,713,3:01:44
10.1%,5070000,-600216.3923586328,301.6882975209167,713,3:01:43
10.1%,5075000,-600110.4198003584,301.6347439876771,713,3:01:41
10.1%,5080000,-599546.4337379732,298.6080494065956,713,3:01:40
10.2%,5085000,-598363.8524006223,301.65672473242404,713,3:01:39
10.2%,5090000,-599356.7881415882,300.46667347385676,713,3:01:37
10.2%,5095000,-601275.2845664131,300.3951869892667,713,3:01:36
10.2%,5100000,-598656.4644035641,301.12109127170345,713,3:01:35
10.2%,5105000,-598742.8816317329,301.93354473658144,713,3:01:34
10.2%,5110000,-599281.8358136131,302.355913578444,713,3:01:33
10.2%,5115000,-600474.170414661,298.130139932917,713,3:01:32
10.2%,5120000,-598165.6576430467,298.95976585462864,713,3:01:30
10.2%,5125000,-599533.6968953074,298.6860123606201,713,3:01:29
10.2%,5130000,-598977.1266552466,299.98761099236214,713,3:01:28
10.3%,5135000,-599225.921583245,297.01415102746483,713,3:01:27
10.3%,5140000,-599538.7100393618,298.7775906197055,713,3:01:25
10.3%,5145000,-599346.650681911,300.8065409266746,713,3:01:24
10.3%,5150000,-600096.1827233718,300.52079124496373,713,3:01:23
10.3%,5155000,-599260.9028612254,299.2491217522745,713,3:01:22
10.3%,5160000,-598196.8967122752,303.7323350578181,713,3:01:21
10.3%,5165000,-600425.3152851267,301.90189835184526,713,3:01:20
10.3%,5170000,-599765.1975580049,302.5143417587744,713,3:01:19
10.3%,5175000,-599627.7171337618,298.3415083444572,713,3:01:17
10.3%,5180000,-597863.5490240608,301.7210233172252,713,3:01:16
10.4%,5185000,-599810.2796057723,302.73132801690736,713,3:01:15
10.4%,5190000,-599374.2186106807,300.8853625035407,713,3:01:13
10.4%,5195000,-599149.2921328316,297.9647937056908,713,3:01:12
10.4%,5200000,-598706.8874755646,299.89757825439176,713,3:01:11
10.4%,5205000,-599824.2419836409,299.88855044851357,713,3:01:10
10.4%,5210000,-599780.6273793895,301.43681915662944,713,3:01:09
10.4%,5215000,-599265.2492817561,299.8867841386678,713,3:01:08
10.4%,5220000,-598881.5129884509,301.20898971861016,713,3:01:06
10.4%,5225000,-600147.396962761,300.7511965515081,713,3:01:05
10.4%,5230000,-600103.6874805936,303.91868074654366,713,3:01:04
10.5%,5235000,-600806.8726335214,300.94141830906176,713,3:01:03
10.5%,5240000,-599424.601805775,300.73135009782465,713,3:01:01
10.5%,5245000,-598980.7654234082,301.4023761146375,713,3:01:00
10.5%,5250000,-600144.3811569349,301.0080474415761,713,3:00:59
10.5%,5255000,-601174.1426803959,298.8579822497678,713,3:00:58
10.5%,5260000,-598633.580485512,298.9001283652537,713,3:00:57
10.5%,5265000,-599298.3380381986,302.12656315139094,713,3:00:56
10.5%,5270000,-600650.4137474862,298.79152484182185,713,3:00:54
10.5%,5275000,-599592.6120166476,303.00206406492936,713,3:00:53
10.5%,5280000,-600761.4013390192,303.36388773041296,713,3:00:52
10.6%,5285000,-598353.4738653428,300.9832700395733,713,3:00:50
10.6%,5290000,-600600.0259191515,296.8348705781222,713,3:00:49
10.6%,5295000,-599160.517737607,301.4648347933494,713,3:00:48
10.6%,5300000,-598748.1692505255,299.5640400785212,713,3:00:47
10.6%,5305000,-598519.3813260957,298.350732406985,713,3:00:46
10.6%,5310000,-600095.301918298,299.3178851758524,713,3:00:45
10.6%,5315000,-598942.0448348937,301.30341369911366,713,3:00:43
10.6%,5320000,-600472.2548691924,297.2693582680931,713,3:00:42
10.6%,5325000,-599519.7823461979,299.6920239460938,713,3:00:41
10.6%,5330000,-599767.4886839129,300.36069488311233,713,3:00:40
10.7%,5335000,-600753.2577940021,300.5693647657216,713,3:00:38
10.7%,5340000,-599555.9004964433,302.38388015100156,713,3:00:37
10.7%,5345000,-600428.3284032121,300.6578765146581,713,3:00:36
10.7%,5350000,-598877.3497538832,300.09565027792655,713,3:00:34
10.7%,5355000,-600213.28005165,300.7568879943443,713,3:00:34
10.7%,5360000,-599996.6799500356,299.68383023097607,713,3:00:33
10.7%,5365000,-598632.9395211143,300.871011236044,713,3:00:31
10.7%,5370000,-600157.6816045162,299.6755629196148,713,3:00:30
10.7%,5375000,-601350.5680973413,303.8779574917669,713,3:00:29
10.7%,5380000,-601303.2653214298,303.35125370859964,713,3:00:27
10.8%,5385000,-599451.9737664652,299.6110926102453,713,3:00:26
10.8%,5390000,-600078.9242166122,299.3391054260825,713,3:00:25
10.8%,5395000,-601324.6303479099,304.1448910672043,713,3:00:24
10.8%,5400000,-599429.299909228,303.6043757223267,713,3:00:22
10.8%,5405000,-598810.7126728436,299.1234929644963,713,3:00:22
10.8%,5410000,-600464.0331858504,301.6713458528138,713,3:00:21
10.8%,5415000,-600360.1525272531,297.4925511427673,713,3:00:19
10.8%,5420000,-600738.4697932424,300.2709565301163,713,3:00:18
10.8%,5425000,-599906.4368397095,300.77609661391676,713,3:00:17
10.8%,5430000,-600197.8750124588,299.9700950863919,713,3:00:15
10.9%,5435000,-599314.3744045678,300.1921840174125,713,3:00:14
10.9%,5440000,-598930.2366327643,299.7045598395823,713,3:00:13
10.9%,5445000,-599824.5264682788,299.97622810668963,713,3:00:12
10.9%,5450000,-598667.6442735847,299.5480451615848,713,3:00:10
10.9%,5455000,-598730.871940088,302.739129218726,713,3:00:09
10.9%,5460000,-598879.0493872291,299.4546515284913,713,3:00:08
10.9%,5465000,-600336.1937096552,300.85141010317255,713,3:00:07
10.9%,5470000,-599889.726864513,301.10357536573315,713,3:00:05
10.9%,5475000,-599139.3601749726,302.2095061178971,713,3:00:04
10.9%,5480000,-599060.8295475389,301.5109060418257,713,3:00:03
11.0%,5485000,-599058.5731596546,300.3604986264628,713,3:00:02
11.0%,5490000,-598574.935338574,299.8655393563566,713,3:00:00
11.0%,5495000,-598197.5218622047,301.26813656636125,713,2:59:59
11.0%,5500000,-599146.9988416852,298.18921318442455,713,2:59:58
11.0%,5505000,-599496.7657802119,298.0289205659236,713,2:59:58
11.0%,5510000,-600244.129198249,299.3426871099363,713,2:59:57
11.0%,5515000,-598973.4282262465,300.39940650723145,713,2:59:55
11.0%,5520000,-600005.3408501623,299.0965567393487,713,2:59:54
11.0%,5525000,-600261.7924934258,302.01894091120676,713,2:59:53
11.0%,5530000,-599575.8926663795,301.8571027715908,713,2:59:52
11.1%,5535000,-598659.5804719748,298.70848374699096,713,2:59:50
11.1%,5540000,-598676.4858689834,302.44945440402466,713,2:59:49
11.1%,5545000,-600305.082566978,302.6938920610101,713,2:59:48
11.1%,5550000,-598703.4407707485,296.36400181174537,713,2:59:46
11.1%,5555000,-599447.2070415923,298.72043087053083,713,2:59:46
11.1%,5560000,-599670.7931587994,298.3036308110986,713,2:59:45
11.1%,5565000,-598791.2855320456,302.117314556782,713,2:59:44
11.1%,5570000,-599976.5962367589,298.76426969961886,713,2:59:42
11.1%,5575000,-599661.7136447118,301.3255907005102,713,2:59:41
11.1%,5580000,-599628.4761419576,299.1267557312946,713,2:59:40
11.2%,5585000,-599794.9512166725,298.3345902975614,713,2:59:39
11.2%,5590000,-600034.4607966137,302.1124572047062,713,2:59:37
11.2%,5595000,-600201.1967941583,301.21627574672385,713,2:59:36
11.2%,5600000,-598535.4877765276,301.6438208577177,713,2:59:35
11.2%,5605000,-598503.9704151545,301.46709174481896,713,2:59:34
11.2%,5610000,-599011.7820021831,298.2677158442352,713,2:59:33
11.2%,5615000,-599574.6321934601,299.448960085655,713,2:59:32
11.2%,5620000,-599873.2494671806,300.5073721965523,713,2:59:31
11.2%,5625000,-599136.1150856037,299.6497061060396,713,2:59:29
11.2%,5630000,-599884.2632164736,302.82334785345415,713,2:59:28
11.3%,5635000,-599939.7553101783,298.141964396051,713,2:59:27
11.3%,5640000,-599710.0630877633,299.13369831027165,713,2:59:25
11.3%,5645000,-598941.157586759,301.2439479343071,713,2:59:24
11.3%,5650000,-599410.1514926883,299.80288442099516,713,2:59:23
11.3%,5655000,-600623.8696472431,301.4262703617174,713,2:59:23
11.3%,5660000,-600712.6033452102,301.5674034248083,713,2:59:21
11.3%,5665000,-599825.085226032,302.46243187497464,713,2:59:20
11.3%,5670000,-600243.7290718621,299.1781504413894,713,2:59:19
11.3%,5675000,-600482.5357874446,298.8088690232238,713,2:59:18
11.3%,5680000,-601752.9386464106,301.5925978721912,713,2:59:16
11.4%,5685000,-599629.64129418,300.2264062706737,713,2:59:15
11.4%,5690000,-601494.1670408142,298.7157207109422,713,2:59:14
11.4%,5695000,-598690.5257167225,301.2305043538145,713,2:59:12
11.4%,5700000,-599224.4544326086,299.5692408797337,713,2:59:11
11.4%,5705000,-598397.0183265251,302.1954001712124,713,2:59:11
11.4%,5710000,-599868.572252539,300.288914013548,713,2:59:09
11.4%,5715000,-598548.1215599375,298.8741243591914,713,2:59:08
11.4%,5720000,-599522.4819762548,301.54581519336034,713,2:59:07
11.4%,5725000,-599957.0428137402,299.62259815632376,713,2:59:06
11.4%,5730000,-599351.8322350616,300.95800199594674,713,2:59:04
11.5%,5735000,-599405.0584221287,301.4778858605429,713,2:59:03
11.5%,5740000,-600315.6994496998,299.53430719611794,713,2:59:02
11.5%,5745000,-600557.2547433786,298.9394778234838,713,2:59:01
11.5%,5750000,-600381.217316756,300.7562501602333,713,2:58:59
11.5%,5755000,-599725.145069797,298.39425231901754,713,2:58:59
11.5%,5760000,-600542.8804241703,300.02421285749887,713,2:58:58
11.5%,5765000,-598986.9819617975,300.50406036559156,713,2:58:56
11.5%,5770000,-599701.8304537605,302.3825308865361,713,2:58:55
11.5%,5775000,-599311.9678238626,301.3103562780907,713,2:58:54
11.5%,5780000,-599686.6710016886,301.7004899652685,713,2:58:52
11.6%,5785000,-599256.343295469,303.09997160096196,713,2:58:51
11.6%,5790000,-599067.928346937,302.0725925727711,713,2:58:50
11.6%,5795000,-599108.0635267128,301.4135136794981,713,2:58:49
11.6%,5800000,-599366.6266924236,298.5902636477323,713,2:58:47
11.6%,5805000,-598727.094208329,298.37308113294984,713,2:58:47
11.6%,5810000,-600142.0036133868,298.25993917449773,713,2:58:45
11.6%,5815000,-599081.4413356325,298.25633295856267,713,2:58:44
11.6%,5820000,-599018.5650693197,299.7089510821155,713,2:58:43
11.6%,5825000,-598522.2788404259,301.038761607227,713,2:58:41
11.6%,5830000,-599768.0562284375,299.40502312824225,713,2:58:40
11.7%,5835000,-599012.9468786484,301.45757329731686,713,2:58:39
11.7%,5840000,-599574.3581356755,297.9380537371928,713,2:58:38
11.7%,5845000,-598643.1928487448,301.8013904152064,713,2:58:37
11.7%,5850000,-600175.249248126,299.10202739345425,713,2:58:35
11.7%,5855000,-599709.7990798447,301.01938126308625,713,2:58:35
11.7%,5860000,-599529.0440047756,300.12624178317157,713,2:58:34
11.7%,5865000,-600161.4083531746,298.8899475515595,713,2:58:32
11.7%,5870000,-600407.275589834,297.1084032834,713,2:58:31
11.7%,5875000,-600004.2939869468,299.97738111450553,713,2:58:30
11.7%,5880000,-599572.9419909893,297.7124567185619,713,2:58:28
11.8%,5885000,-599740.1551290583,301.11719067079406,713,2:58:27
11.8%,5890000,-601305.648461089,300.8301898529425,713,2:58:26
11.8%,5895000,-599736.2396449493,301.53578157215327,713,2:58:24
11.8%,5900000,-600076.1304887943,302.6062634669965,713,2:58:23
11.8%,5905000,-598668.3714163294,299.99644254159085,713,2:58:23
11.8%,5910000,-600081.5507240235,299.0214149746612,713,2:58:22
11.8%,5915000,-599715.6311209672,299.1678469672893,713,2:58:20
11.8%,5920000,-600888.9611820295,301.56041178166885,713,2:58:19
11.8%,5925000,-597787.8485300718,301.17991920239905,713,2:58:18
11.8%,5930000,-598498.6081939372,301.54915155640225,713,2:58:16
11.9%,5935000,-600000.9231120348,300.8368380469452,713,2:58:15
11.9%,5940000,-599765.4363546553,298.5380593789582,713,2:58:14
11.9%,5945000,-599812.5386912231,299.8884277881076,713,2:58:12
11.9%,5950000,-598938.122828383,300.56033695984337,713,2:58:11
11.9%,5955000,-598219.6696233302,300.1930426402542,713,2:58:10
11.9%,5960000,-601507.5055831587,297.5946536646835,713,2:58:09
11.9%,5965000,-599375.9356763978,299.7407201272576,713,2:58:08
11.9%,5970000,-599672.6432891991,300.8783463283201,713,2:58:07
11.9%,5975000,-599447.07190652,301.09928225152476,713,2:58:05
11.9%,5980000,-599903.6313986913,299.2001802502988,713,2:58:04
12.0%,5985000,-598997.6151386625,298.47300029964015,713,2:58:03
12.0%,5990000,-599471.6766251521,301.2379130423342,713,2:58:02
12.0%,5995000,-599671.10275148,301.7727369443755,713,2:58:00
12.0%,6000000,-599998.316690933,298.95348564184377,713,2:57:59
12.0%,6005000,-600213.496206095,301.2736808167104,713,2:57:59
12.0%,6010000,-599549.5819669324,302.5337956991587,713,2:57:57
12.0%,6015000,-599823.2638567719,302.0569411049713,713,2:57:56
12.0%,6020000,-599532.3105142885,302.6704393913917,713,2:57:55
12.0%,6025000,-598544.1970381592,301.28089324858047,713,2:57:54
12.0%,6030000,-598269.9173052432,300.57113107556734,713,2:57:52
12.1%,6035000,-599001.3511654162,299.0223226616652,713,2:57:51
12.1%,6040000,-600126.443412397,299.07246623561934,713,2:57:50
12.1%,6045000,-599544.8632337977,300.5526584184306,713,2:57:49
12.1%,6050000,-599354.1418881011,297.2670767845423,713,2:57:47
12.1%,6055000,-599102.1766219847,300.12241477850574,713,2:57:47
12.1%,6060000,-599905.6442024894,298.8345541122306,713,2:57:46
12.1%,6065000,-599233.4178194972,299.211906585108,713,2:57:45
12.1%,6070000,-600487.6784867942,300.16296630871426,713,2:57:43
12.1%,6075000,-599831.1620075512,301.2992432453113,713,2:57:42
12.1%,6080000,-598926.7952337489,301.8741525680184,713,2:57:41
12.2%,6085000,-599459.1921443655,302.07269070109584,713,2:57:39
12.2%,6090000,-598553.1703994214,300.559257548271,713,2:57:38
12.2%,6095000,-598709.8117548767,301.5474833748813,713,2:57:37
12.2%,6100000,-599743.4632571037,297.7754060388976,713,2:57:36
12.2%,6105000,-598703.4408878549,299.4114995976766,713,2:57:35
12.2%,6110000,-599750.9612755966,296.692412782647,713,2:57:34
12.2%,6115000,-599882.1465671975,298.5030766311801,713,2:57:32
12.2%,6120000,-599607.5532572097,303.11476444592006,713,2:57:31
12.2%,6125000,-600434.3333797925,298.8514321840899,713,2:57:30
12.2%,6130000,-598640.5283084442,297.8092357788597,713,2:57:29
12.3%,6135000,-600209.3239329006,301.552708708175,713,2:57:27
12.3%,6140000,-599552.5122284191,300.1707920426141,713,2:57:26
12.3%,6145000,-598546.3801619862,300.52363696638184,713,2:57:25
12.3%,6150000,-598339.0091194557,298.0575495046733,713,2:57:23
12.3%,6155000,-599713.8626493001,296.8485349473455,713,2:57:23
12.3%,6160000,-599341.1105665714,300.2651669589552,713,2:57:21
12.3%,6165000,-599006.3687618598,299.8116669060615,713,2:57:20
12.3%,6170000,-597098.7887993674,301.6326342286947,713,2:57:19
12.3%,6175000,-598551.312523074,299.4361298071922,713,2:57:18
12.3%,6180000,-599614.9270186964,301.3510550007863,713,2:57:16
12.4%,6185000,-597706.0966982306,297.30578840866144,713,2:57:15
12.4%,6190000,-598573.2372044493,300.7248000321467,713,2:57:14
12.4%,6195000,-599075.3427472194,301.6865802752333,713,2:57:12
12.4%,6200000,-598436.3315070057,300.2470622830364,713,2:57:11
12.4%,6205000,-599517.8941168003,298.71586790342934,713,2:57:11
12.4%,6210000,-598968.5567566017,301.5837663229625,713,2:57:09
12.4%,6215000,-600523.4732448189,300.02887395292515,713,2:57:08
12.4%,6220000,-598653.9242923278,300.27686876168326,713,2:57:07
12.4%,6225000,-599319.2930160486,300.15864866242464,713,2:57:06
12.4%,6230000,-600540.9238008037,301.32968755806905,713,2:57:04
12.5%,6235000,-598455.6430330332,298.56320476217877,713,2:57:03
12.5%,6240000,-600266.7627437469,301.8907853190658,713,2:57:02
12.5%,6245000,-599928.2335274369,301.7705781212307,713,2:57:01
12.5%,6250000,-598364.3887276989,298.7971181563334,713,2:56:59
12.5%,6255000,-599828.2112261355,299.8354139606542,713,2:56:59
12.5%,6260000,-600498.8892566608,298.6755126298704,713,2:56:57
12.5%,6265000,-600104.5553053804,299.9874147357126,713,2:56:56
12.5%,6270000,-601640.5786466063,298.94249526947027,713,2:56:55
12.5%,6275000,-599756.9909864445,301.621104150535,713,2:56:53
12.5%,6280000,-598870.7232728633,299.3903038795278,713,2:56:52
12.6%,6285000,-599793.5172717609,299.0532085518845,713,2:56:51
12.6%,6290000,-599214.4938057996,298.8539589884526,713,2:56:50
12.6%,6295000,-600445.220565171,300.17449638687395,713,2:56:48
12.6%,6300000,-600131.1169563886,299.2017748355762,713,2:56:47
12.6%,6305000,-600031.9560077912,299.3563024149973,713,2:56:46
12.6%,6310000,-599778.9508181885,300.7909875871996,713,2:56:45
12.6%,6315000,-601473.8140266659,299.89473253297365,713,2:56:44
12.6%,6320000,-599713.5231876723,301.55226713071346,713,2:56:43
12.6%,6325000,-599568.5547174392,300.2623212375371,713,2:56:41
12.6%,6330000,-599197.2151911138,303.8923332913447,713,2:56:40
12.7%,6335000,-600100.7072182172,300.72928940300466,713,2:56:39
12.7%,6340000,-598367.203471072,299.2030750358793,713,2:56:38
12.7%,6345000,-599417.4487767988,299.9357011085624,713,2:56:36
12.7%,6350000,-600760.7822031681,302.4574518624929,713,2:56:35
12.7%,6355000,-599028.8066645297,300.5572459176133,713,2:56:34
12.7%,6360000,-599534.3405714557,300.46211050675527,713,2:56:33
12.7%,6365000,-598707.9957339689,297.17054304505643,713,2:56:32
12.7%,6370000,-597991.049930532,301.67495206874884,713,2:56:31
12.7%,6375000,-599663.4216794842,296.475156671621,713,2:56:30
12.7%,6380000,-600044.0419612573,301.6481875681697,713,2:56:28
12.8%,6385000,-600263.9670632356,302.63108993316155,713,2:56:27
12.8%,6390000,-599866.5212421054,300.1128717989225,713,2:56:26
12.8%,6395000,-599485.4016847634,297.7823240857934,713,2:56:25
12.8%,6400000,-598843.7913052882,301.6881748605107,713,2:56:23
12.8%,6405000,-600100.309546404,301.0659186211052,713,2:56:23
12.8%,6410000,-598528.7304466874,301.89041733784796,713,2:56:22
12.8%,6415000,-599751.6207619268,299.21124421891585,713,2:56:20
12.8%,6420000,-599653.8947894061,298.35740513306894,713,2:56:19
12.8%,6425000,-599904.9293088284,300.3551751648444,713,2:56:18
12.8%,6430000,-599505.0398024097,300.0338294333257,713,2:56:16
12.9%,6435000,-599217.6675173789,297.93918221292756,713,2:56:15
12.9%,6440000,-598671.8863062672,301.30699538296756,713,2:56:14
12.9%,6445000,-599946.1034601103,299.52434717115443,713,2:56:13
12.9%,6450000,-599160.5965894288,300.38336252613266,713,2:56:11
12.9%,6455000,-598990.5794074647,302.45161322716945,713,2:56:11
12.9%,6460000,-599508.5181018584,300.5685797391235,713,2:56:09
12.9%,6465000,-598390.6199317672,301.6763503973767,713,2:56:08
12.9%,6470000,-599464.9533943934,299.46031843924635,713,2:56:07
12.9%,6475000,-598882.7395555032,301.54561893671075,713,2:56:06
12.9%,6480000,-599988.1939826733,298.043492622151,713,2:56:04
13.0%,6485000,-597086.1606295714,300.69545966304247,713,2:56:03
13.0%,6490000,-599861.4012844567,301.32799484446696,713,2:56:02
13.0%,6495000,-599169.7287547332,300.2136495884545,713,2:56:01
13.0%,6500000,-599507.4976239451,299.52807604749546,713,2:56:00
13.0%,6505000,-599581.6178502035,300.1805067467657,713,2:55:59
13.0%,6510000,-600739.9625644181,300.0447216773744,713,2:55:58
13.0%,6515000,-599674.2545499955,302.9371031139361,713,2:55:56
13.0%,6520000,-599579.7277225577,301.89257616099275,713,2:55:55
13.0%,6525000,-599809.9806094519,300.8437560938411,713,2:55:54
13.0%,6530000,-599665.9060707656,300.6171532598813,713,2:55:53
13.1%,6535000,-599958.3071911763,302.251529572977,713,2:55:51
13.1%,6540000,-598562.7099496801,300.5503278707175,713,2:55:50
13.1%,6545000,-600083.252057692,300.1907366246223,713,2:55:49
13.1%,6550000,-598754.0042260615,299.3274526875168,713,2:55:48
13.1%,6555000,-599994.5892063039,300.1431198550308,713,2:55:47
13.1%,6560000,-598684.9190924177,302.300250286222,713,2:55:46
13.1%,6565000,-600858.8234500885,302.11059276653566,713,2:55:45
13.1%,6570000,-599683.3803400178,298.2820425796507,713,2:55:43
13.1%,6575000,-600260.7711492046,305.10829042764954,713,2:55:42
13.1%,6580000,-599749.9566018633,299.6789483468191,713,2:55:41
13.2%,6585000,-599095.9340513931,304.05782671105806,713,2:55:40
13.2%,6590000,-599572.2617736473,301.3546857488025,713,2:55:38
13.2%,6595000,-599320.9500745474,300.51772473481486,713,2:55:37
13.2%,6600000,-600247.8137878235,299.2630314423097,713,2:55:36
13.2%,6605000,-599548.2458151057,298.44792851266305,713,2:55:35
13.2%,6610000,-598933.2645866559,300.7250698850398,713,2:55:34
13.2%,6615000,-600468.9024577001,301.9343788273419,713,2:55:32
13.2%,6620000,-598965.4599829,298.4998138643817,713,2:55:31
13.2%,6625000,-599130.7559371227,299.7478834949653,713,2:55:30
13.2%,6630000,-599506.4379363027,298.63854278351585,713,2:55:29
13.3%,6635000,-600815.078821593,299.6312579809841,713,2:55:27
13.3%,6640000,-598353.4457253646,299.94090190977477,713,2:55:26
13.3%,6645000,-600154.4014668604,299.9595708235611,713,2:55:25
13.3%,6650000,-599633.5477482178,299.4972146893574,713,2:55:24
13.3%,6655000,-599094.6971396338,299.7404748064457,713,2:55:23
13.3%,6660000,-599482.3154005026,301.3631738488946,713,2:55:21
13.3%,6665000,-599147.4716669903,302.7178108401712,713,2:55:20
13.3%,6670000,-599222.0371906059,302.13794603706344,713,2:55:19
13.3%,6675000,-598037.2590055503,300.5326647722601,713,2:55:18
13.3%,6680000,-600496.7250120207,300.82712334279364,713,2:55:17
13.4%,6685000,-598315.535418916,300.7703315748369,713,2:55:15
13.4%,6690000,-598962.3074189443,299.9083233059534,713,2:55:14
13.4%,6695000,-600145.2734924606,296.84009591141586,713,2:55:13
13.4%,6700000,-599737.2591437986,302.8956684288047,713,2:55:11
13.4%,6705000,-599955.98761622,299.25380737978196,713,2:55:10
13.4%,6710000,-599616.0846692147,299.26771706981714,713,2:55:09
13.4%,6715000,-599985.7212745496,299.32024025564675,713,2:55:08
13.4%,6720000,-599667.4164983043,300.0001714179318,713,2:55:07
13.4%,6725000,-600067.0618980625,300.3971004915996,713,2:55:05
13.4%,6730000,-600247.0080455192,301.1564420006994,713,2:55:04
13.5%,6735000,-600571.8175739292,300.3000270463274,713,2:55:03
13.5%,6740000,-600446.4993690224,301.0292676918061,713,2:55:02
13.5%,6745000,-599799.1574392999,302.03554913017297,713,2:55:00
13.5%,6750000,-599783.0027580811,299.7688829564647,713,2:54:59
13.5%,6755000,-598969.0970117771,300.66634008266897,713,2:54:58
13.5%,6760000,-598983.8814548939,301.5323470807865,713,2:54:57
13.5%,6765000,-598951.3096434833,298.26040528404036,713,2:54:56
13.5%,6770000,-601019.2079585567,301.0929284424964,713,2:54:54
13.5%,6775000,-598138.6328068604,300.3969287670312,713,2:54:53
13.5%,6780000,-599028.9083000375,303.7292194835068,713,2:54:52
13.6%,6785000,-599251.9774741922,300.75060778155944,713,2:54:51
13.6%,6790000,-599627.4442959875,302.0744324788604,713,2:54:50
13.6%,6795000,-598734.2370437854,300.8559976023553,713,2:54:48
13.6%,6800000,-599710.8217943334,300.53531423702873,713,2:54:47
13.6%,6805000,-599817.5917849508,301.0778902767264,713,2:54:46
13.6%,6810000,-600455.9052038491,300.864191317473,713,2:54:45
13.6%,6815000,-599645.1514947163,298.0732009724731,713,2:54:44
13.6%,6820000,-598879.0333983372,299.94141708347985,713,2:54:43
13.6%,6825000,-599394.6755798305,300.1933370252285,713,2:54:41
13.6%,6830000,-598326.6325121159,301.4845585866268,713,2:54:40
13.7%,6835000,-599329.3627536069,303.95820192934207,713,2:54:39
13.7%,6840000,-599108.2343190969,298.7962840655729,713,2:54:38
13.7%,6845000,-599722.2084427378,300.84966832540806,713,2:54:36
13.7%,6850000,-599088.329392219,300.79682622252295,713,2:54:35
13.7%,6855000,-598761.3632001164,297.65254937629385,713,2:54:35
13.7%,6860000,-599836.0145124076,300.0397416648927,713,2:54:33
13.7%,6865000,-599587.6408434757,300.09037588047056,713,2:54:32
13.7%,6870000,-599702.124304438,299.98010417551774,713,2:54:31
13.7%,6875000,-599620.5937561793,300.0991338334557,713,2:54:30
13.7%,6880000,-600083.9268612792,299.93059843567465,713,2:54:28
13.8%,6885000,-599260.7118073464,302.4545325448312,713,2:54:27
13.8%,6890000,-600712.9351650714,297.10781451345144,713,2:54:26
13.8%,6895000,-600052.0350267193,302.5350713673807,713,2:54:25
13.8%,6900000,-598829.546245107,300.2851606051258,713,2:54:24
13.8%,6905000,-599206.7735386058,297.9261802098964,713,2:54:23
13.8%,6910000,-598942.3875481044,299.9642319189873,713,2:54:21
13.8%,6915000,-599533.0883277813,299.5766741003345,713,2:54:20
13.8%,6920000,-599231.0282790484,300.52366149846307,713,2:54:19
13.8%,6925000,-600134.0309269754,297.61756662851576,713,2:54:18
13.8%,6930000,-599669.6729626679,299.73169232137934,713,2:54:17
13.9%,6935000,-598951.0763694975,301.73314216533356,713,2:54:15
13.9%,6940000,-598605.6562644793,299.317320937985,713,2:54:14
13.9%,6945000,-597853.9279352659,302.23916540405685,713,2:54:13
13.9%,6950000,-599214.895528038,299.01535555060707,713,2:54:11
13.9%,6955000,-600499.6386417821,297.53592386231264,713,2:54:11
13.9%,6960000,-600369.6456906185,299.8400014598369,713,2:54:09
13.9%,6965000,-599254.0059589618,303.2077655657145,713,2:54:08
13.9%,6970000,-599171.0984816351,302.4711652958785,713,2:54:07
13.9%,6975000,-599738.1683671433,297.8823168487272,713,2:54:06
13.9%,6980000,-600097.122788603,301.11618485546524,713,2:54:04
14.0%,6985000,-599948.7851579599,302.22356300041946,713,2:54:03
14.0%,6990000,-599885.6465412076,301.5351682701235,713,2:54:02
14.0%,6995000,-599861.463703848,300.96398782375735,713,2:54:01
14.0%,7000000,-599418.6719344924,299.4300949152193,713,2:53:59
14.0%,7005000,-599991.7777032997,303.5989050682212,713,2:53:59
14.0%,7010000,-599723.8767713164,300.72992723711553,713,2:53:57
14.0%,7015000,-599712.6000827746,300.55682887223304,713,2:53:56
14.0%,7020000,-600215.3844640297,300.9642331445692,713,2:53:55
14.0%,7025000,-599492.3245784068,302.19289789893094,713,2:53:54
14.0%,7030000,-599530.3086199616,297.9321169735446,713,2:53:53
14.1%,7035000,-598168.673146782,300.1803840863597,713,2:53:51
14.1%,7040000,-599303.3728856612,297.18364317641226,713,2:53:50
14.1%,7045000,-600276.3214393496,299.9259128081672,713,2:53:49
14.1%,7050000,-600038.5161072956,298.5095531006144,713,2:53:47
14.1%,7055000,-598901.7400114127,300.9048655080874,713,2:53:47
14.1%,7060000,-600030.140426477,303.1490602954248,713,2:53:45
14.1%,7065000,-599728.4500790443,300.433800485061,713,2:53:44
14.1%,7070000,-599976.915297254,298.293523593648,713,2:53:43
14.1%,7075000,-598913.7011952088,300.51519793045225,713,2:53:42
14.1%,7080000,-600685.5479896246,297.98228507957987,713,2:53:40
14.2%,7085000,-600183.331486179,299.6881478772657,713,2:53:39
14.2%,7090000,-600009.8156733741,302.30689848022473,713,2:53:38
14.2%,7095000,-600975.294496696,300.74319909303983,713,2:53:37
14.2%,7100000,-599132.6552962018,297.56573034095953,713,2:53:35
14.2%,7105000,-600691.7429019688,298.8021472329775,712,2:53:35
14.2%,7110000,-599890.1847190135,302.23477416152366,712,2:53:34
14.2%,7115000,-599349.6022671009,299.44572185093784,712,2:53:32
14.2%,7120000,-600336.3108641664,299.9347443573959,713,2:53:31
14.2%,7125000,-600758.2096014791,300.6768643454998,713,2:53:30
14.2%,7130000,-598749.7168106758,297.25007605227705,713,2:53:29
14.3%,7135000,-599908.2012748229,300.59509891889076,713,2:53:27
14.3%,7140000,-599580.6097767246,300.2780217694993,713,2:53:26
14.3%,7145000,-598013.5785161331,298.3812503159864,713,2:53:25
14.3%,7150000,-599683.6738833077,299.32448430569275,713,2:53:24
14.3%,7155000,-599342.747396939,299.8111517323565,712,2:53:23
14.3%,7160000,-599784.847687508,298.1362729532147,712,2:53:22
14.3%,7165000,-597924.8110121628,301.24014546172253,712,2:53:20
14.3%,7170000,-599449.7344978573,300.83671538653925,713,2:53:19
14.3%,7175000,-600001.2487252033,299.22581627514325,713,2:53:18
14.3%,7180000,-599192.6780600576,301.4257551880124,713,2:53:16
14.4%,7185000,-600177.9997344711,298.52780496902045,713,2:53:15
14.4%,7190000,-599484.5526895686,299.89070927165835,713,2:53:14
14.4%,7195000,-599369.4463706473,300.3744328485792,713,2:53:12
14.4%,7200000,-599566.3310813829,303.4992802865052,713,2:53:11
14.4%,7205000,-599954.3536042604,298.1602407965382,712,2:53:11
14.4%,7210000,-598302.8031281931,301.322352465793,713,2:53:09
14.4%,7215000,-598923.3844284532,302.54336321082314,713,2:53:08
14.4%,7220000,-601130.5750268046,297.2566015858738,713,2:53:07
14.4%,7225000,-599408.9212481868,300.5664699801411,713,2:53:06
14.4%,7230000,-601232.9264443433,297.336968683855,713,2:53:04
14.5%,7235000,-599311.3982135835,300.8670861030535,713,2:53:03
14.5%,7240000,-600025.9361170908,302.90334697021746,713,2:53:02
14.5%,7245000,-598758.9396493649,301.06518265866947,713,2:53:00
14.5%,7250000,-600636.0844141608,300.60920486557546,713,2:52:59
14.5%,7255000,-599821.5458063129,299.41243181676185,712,2:52:59
14.5%,7260000,-599222.256483241,300.21674063068457,712,2:52:58
14.5%,7265000,-599856.9001061893,300.40583391250345,712,2:52:57
14.5%,7270000,-599563.541751795,297.2876837327426,712,2:52:55
14.5%,7275000,-600000.8332518702,299.9191419537585,712,2:52:54
14.5%,7280000,-598745.1256564329,301.6211777467785,712,2:52:53
14.6%,7285000,-599925.345827769,301.9939917846356,712,2:52:51
14.6%,7290000,-600950.617738279,300.41510703919363,712,2:52:50
14.6%,7295000,-598792.1959888921,300.3712682101056,712,2:52:49
14.6%,7300000,-599206.1516264807,301.7224216458531,712,2:52:48
14.6%,7305000,-600647.985920303,298.77526007199236,712,2:52:47
14.6%,7310000,-600516.211937774,299.88482157217254,712,2:52:46
14.6%,7315000,-598747.1972062443,299.49225920895685,712,2:52:45
14.6%,7320000,-599466.6894633174,300.766749890983,712,2:52:43
14.6%,7325000,-599999.0932759941,299.9508128705759,712,2:52:42
14.6%,7330000,-598840.9779857378,303.23825894263473,712,2:52:41
14.7%,7335000,-599274.4489436275,303.07254473419067,712,2:52:39
14.7%,7340000,-600071.9660426984,297.3401087902474,712,2:52:38
14.7%,7345000,-600867.8899836689,301.60535455441044,712,2:52:37
14.7%,7350000,-598935.6933674403,298.2285871747358,712,2:52:36
14.7%,7355000,-599372.4542776169,299.31832675331384,712,2:52:35
14.7%,7360000,-598927.8069587816,301.358610881793,712,2:52:34
14.7%,7365000,-599227.2285074438,302.1404973735073,712,2:52:32
14.7%,7370000,-600081.6397624132,300.8778802187775,712,2:52:31
14.7%,7375000,-600370.9075835948,299.62909915783933,712,2:52:30
14.7%,7380000,-598714.0633569295,303.9377912377913,712,2:52:29
14.8%,7385000,-600258.4601945742,300.82415496096957,712,2:52:27
14.8%,7390000,-598409.5088501638,299.39162861191204,712,2:52:26
14.8%,7395000,-599076.041689306,303.2510892210975,712,2:52:25
14.8%,7400000,-600047.1644658442,300.6045683022304,712,2:52:23
14.8%,7405000,-599945.2971481313,298.9908234694162,712,2:52:23
14.8%,7410000,-599363.4933825145,297.9931527915474,712,2:52:21
14.8%,7415000,-599600.0097047514,302.78804618862057,712,2:52:20
14.8%,7420000,-599859.7174261915,301.14238511817706,712,2:52:19
14.8%,7425000,-600188.2523188083,301.9986283479807,712,2:52:18
14.8%,7430000,-600337.3137300713,297.49608376245874,712,2:52:16
14.9%,7435000,-600595.2404671488,296.09785326290597,712,2:52:15
14.9%,7440000,-600082.8069196432,297.979218569431,712,2:52:14
14.9%,7445000,-599240.1096014823,300.2789294565033,712,2:52:13
14.9%,7450000,-599705.0203102487,301.86927068386143,712,2:52:11
14.9%,7455000,-599237.6038835337,301.625470860987,712,2:52:11
14.9%,7460000,-598955.9855606011,298.37011275112576,712,2:52:09
14.9%,7465000,-600512.8734048861,300.8793030794866,712,2:52:08
14.9%,7470000,-599750.6321137035,296.83440446857963,712,2:52:07
14.9%,7475000,-597829.3645196571,298.43740424983224,712,2:52:06
14.9%,7480000,-599951.8108289372,297.621712550237,712,2:52:04
15.0%,7485000,-599125.3132588887,302.19390371425976,712,2:52:03
15.0%,7490000,-599095.0199266751,303.3498063158094,712,2:52:02
15.0%,7495000,-599188.3298037914,301.1165773687643,712,2:52:01
15.0%,7500000,-599675.583883612,299.29418718542206,712,2:51:59
15.0%,7505000,-600005.9511683751,299.457570846153,712,2:51:59
15.0%,7510000,-600016.1680294513,298.83901895100735,712,2:51:57
15.0%,7515000,-599755.638663264,297.7275684805755,712,2:51:56
15.0%,7520000,-598775.7794769551,299.30115429648026,712,2:51:55
15.0%,7525000,-600192.5053166272,299.26420898220687,712,2:51:53
15.0%,7530000,-600027.4104840811,299.99703131153944,712,2:51:52
15.1%,7535000,-599645.5399959986,302.4008563511856,712,2:51:51
15.1%,7540000,-599603.6879831064,300.38679701749936,712,2:51:50
15.1%,7545000,-600848.0027822647,303.045853829855,712,2:51:48
15.1%,7550000,-600280.2936310312,300.5155413795889,712,2:51:47
15.1%,7555000,-600341.5853468059,298.799375107803,712,2:51:46
15.1%,7560000,-598619.9276998015,303.47734860592055,712,2:51:45
15.1%,7565000,-598868.756572762,300.68672624213855,712,2:51:44
15.1%,7570000,-599412.1909592384,302.02350387830825,712,2:51:42
15.1%,7575000,-600065.4911877797,299.86796803239446,712,2:51:41
15.1%,7580000,-600150.219952934,298.82111053173804,712,2:51:40
15.2%,7585000,-598352.7662192308,299.62223017510587,712,2:51:39
15.2%,7590000,-601098.2911869064,298.55964761040616,712,2:51:37
15.2%,7595000,-601532.7454122468,299.0929750554949,712,2:51:36
15.2%,7600000,-599338.781292541,300.62642638657144,712,2:51:35
15.2%,7605000,-600054.6425496927,299.79321878100603,712,2:51:34
15.2%,7610000,-598545.2055090195,301.1767790960066,712,2:51:33
15.2%,7615000,-600473.7417762405,301.6045695278123,712,2:51:32
15.2%,7620000,-599881.9556299923,303.4424885185484,712,2:51:30
15.2%,7625000,-600128.5995535804,300.4600988760976,712,2:51:29
15.2%,7630000,-600363.6614367752,298.31923321473596,712,2:51:28
15.3%,7635000,-599414.7011150746,303.25582391276737,712,2:51:27
15.3%,7640000,-598936.0195954,301.1197420072379,712,2:51:25
15.3%,7645000,-599191.1808942431,301.14314561269396,712,2:51:24
15.3%,7650000,-599430.8870650893,299.50678220102185,712,2:51:23
15.3%,7655000,-598494.0431808801,301.82957777649466,712,2:51:22
15.3%,7660000,-598966.9758741274,299.8755975096448,712,2:51:21
15.3%,7665000,-599586.7507110345,300.7933181349127,712,2:51:19
15.3%,7670000,-599556.2996634478,302.2446115260812,712,2:51:18
15.3%,7675000,-599959.8776492844,297.16583288546775,712,2:51:17
15.3%,7680000,-598287.8691262482,302.04398816610257,712,2:51:15
15.4%,7685000,-599644.4928662064,299.40953703118134,712,2:51:14
15.4%,7690000,-599980.0226174002,299.0832112871809,713,2:51:13
15.4%,7695000,-598931.7721953448,298.1406396636667,713,2:51:12
15.4%,7700000,-599503.1906584254,300.345484992774,713,2:51:10
15.4%,7705000,-599705.6037051515,297.3457511689213,712,2:51:10
15.4%,7710000,-599383.4451951934,301.9431122482459,712,2:51:08
15.4%,7715000,-598149.4322624002,300.45151264768083,712,2:51:07
15.4%,7720000,-599314.717225566,299.3025280930269,712,2:51:06
15.4%,7725000,-599305.8852985431,301.6625388356663,712,2:51:05
15.4%,7730000,-597949.3134710477,298.85832569890454,712,2:51:03
15.5%,7735000,-598940.0114505119,301.2095048923152,713,2:51:02
15.5%,7740000,-599381.0940871127,298.23987193208364,713,2:51:01
15.5%,7745000,-598733.4446082492,300.6659721014511,713,2:50:59
15.5%,7750000,-599830.9268025416,302.21674308184845,713,2:50:58
15.5%,7755000,-598534.0897931051,300.6649908182035,712,2:50:58
15.5%,7760000,-600500.9555310966,302.05267252284415,712,2:50:56
15.5%,7765000,-599568.5472888919,298.02008901669495,712,2:50:55
15.5%,7770000,-599416.2785791918,298.9206617172104,712,2:50:54
15.5%,7775000,-598571.0541019053,302.0135683854259,712,2:50:53
15.5%,7780000,-599687.2018316481,302.12212284469535,712,2:50:51
15.6%,7785000,-599598.6216730908,300.1764098892068,712,2:50:50
15.6%,7790000,-600054.0670843134,301.56443504298414,712,2:50:49
15.6%,7795000,-599657.262205597,300.3720041725413,713,2:50:47
15.6%,7800000,-599767.1752802371,300.651694430198,713,2:50:46
15.6%,7805000,-598838.944992098,299.5403175560097,712,2:50:45
15.6%,7810000,-598819.5457209465,301.9604564296478,712,2:50:44
15.6%,7815000,-600068.7738532345,297.2061145627831,712,2:50:43
15.6%,7820000,-599879.3375475407,301.6481875681697,712,2:50:42
15.6%,7825000,-599761.8366683582,300.91227419660703,712,2:50:40
15.6%,7830000,-599991.1880874066,300.73348438888826,712,2:50:39
15.7%,7835000,-599556.8806044911,300.5481690475727,712,2:50:38
15.7%,7840000,-600413.2839827952,302.1762896799647,712,2:50:37
15.7%,7845000,-598849.9102619723,300.9490723183933,712,2:50:35
15.7%,7850000,-600792.2878488782,297.96319912041344,712,2:50:34
15.7%,7855000,-600029.3157938519,301.17729426971164,712,2:50:33
15.7%,7860000,-599546.8526156475,300.1567351600918,712,2:50:32
15.7%,7865000,-599975.7211507536,302.9890129977358,712,2:50:31
15.7%,7870000,-599649.6866254169,299.4076235288485,712,2:50:30
15.7%,7875000,-599471.8525386285,300.37065490807584,712,2:50:29
15.7%,7880000,-599546.4265740826,299.6871420619368,712,2:50:27
15.8%,7885000,-599553.1036463627,300.9709794668967,712,2:50:26
15.8%,7890000,-600207.4503224837,299.9348179536395,712,2:50:25
15.8%,7895000,-598775.5925207967,298.5976723362519,712,2:50:24
15.8%,7900000,-599296.7330804011,298.29921503648427,712,2:50:22
15.8%,7905000,-601046.6018991498,300.83355074806565,712,2:50:21
15.8%,7910000,-600143.5554347909,300.4242329733966,712,2:50:20
15.8%,7915000,-600442.8095479566,297.1511136367532,712,2:50:19
15.8%,7920000,-599187.2948097428,299.1623027169402,712,2:50:18
15.8%,7925000,-599850.1708351164,297.7934125864917,712,2:50:16
15.8%,7930000,-599160.0537356669,300.7963601129803,712,2:50:15
15.9%,7935000,-600047.5635837968,299.2584194110458,712,2:50:14
15.9%,7940000,-600555.0711434842,297.9788751202944,712,2:50:12
15.9%,7945000,-598881.921382782,299.9001295908356,712,2:50:11
15.9%,7950000,-599201.8983731787,301.16088230739496,713,2:50:10
15.9%,7955000,-600177.2548798071,303.31185518620725,712,2:50:09
15.9%,7960000,-600203.2024749639,299.23398545817975,712,2:50:08
15.9%,7965000,-600580.4804082378,301.038761607227,712,2:50:07
15.9%,7970000,-598677.1818756112,297.1585713894352,712,2:50:05
15.9%,7975000,-598735.4127240833,299.4294325490271,712,2:50:04
15.9%,7980000,-600583.1375613217,300.1328163809307,712,2:50:03
16.0%,7985000,-598465.0094959908,299.45501950970913,712,2:50:02
16.0%,7990000,-599594.4410409629,298.32973294548566,712,2:50:00
16.0%,7995000,-599688.9726672177,299.9672493649738,712,2:49:59
16.0%,8000000,-599820.9864542219,301.25866718302166,712,2:49:58
16.0%,8005000,-600313.9574867091,300.7316935469613,712,2:49:57
16.0%,8010000,-600294.796211787,300.54586303194077,712,2:49:56
16.0%,8015000,-600200.2776045538,301.8715521674122,712,2:49:54
16.0%,8020000,-597730.5041769478,303.2502796624182,712,2:49:53
16.0%,8025000,-599046.1806541802,301.18727882675626,712,2:49:52
16.0%,8030000,-599289.8544608508,300.5435570163088,712,2:49:50
16.1%,8035000,-598904.2046331903,301.38353547628293,713,2:49:49
16.1%,8040000,-599961.4971725899,298.0718517080076,713,2:49:48
16.1%,8045000,-598880.0120781325,301.0571116039577,713,2:49:47
16.1%,8050000,-598762.8031283049,299.6423219496012,713,2:49:46
16.1%,8055000,-599929.7713823845,300.476731627145,712,2:49:45
16.1%,8060000,-599340.9393102964,301.57498383789624,712,2:49:43
16.1%,8065000,-599060.6119331089,299.4414042046483,712,2:49:42
16.1%,8070000,-598526.4144304637,300.19208588908776,712,2:49:41
16.1%,8075000,-600383.6625191174,298.96989760416045,712,2:49:40
16.1%,8080000,-600719.8037841725,302.3171038260001,712,2:49:39
16.2%,8085000,-597481.3216870334,301.40512370773087,712,2:49:37
16.2%,8090000,-598637.7594343293,302.08137505783736,712,2:49:36
16.2%,8095000,-598877.9265338969,301.3806161586212,713,2:49:35
16.2%,8100000,-598918.9624164905,301.3499755892139,713,2:49:33
16.2%,8105000,-599443.3077634657,299.41630788559,712,2:49:33
16.2%,8110000,-598595.0308770682,300.8624250076273,712,2:49:31
16.2%,8115000,-600044.5153490715,300.44614012190004,712,2:49:30
16.2%,8120000,-599063.6905878084,300.73245404147826,712,2:49:29
16.2%,8125000,-599441.7363723461,298.60115589178105,712,2:49:27
16.2%,8130000,-598943.0351895918,302.20462423374016,713,2:49:26
16.3%,8135000,-599173.1437864439,297.90233502697896,713,2:49:25
16.3%,8140000,-598241.1506918785,300.34352242627875,713,2:49:24
16.3%,8145000,-598749.6955870143,300.70983546262033,713,2:49:22
16.3%,8150000,-599394.5144106317,299.10330306167623,713,2:49:21
16.3%,8155000,-600996.1807370889,299.37740000482137,712,2:49:20
16.3%,8160000,-600359.2826478397,299.90844596635935,712,2:49:19
16.3%,8165000,-600396.8024778189,301.5489552997527,712,2:49:18
16.3%,8170000,-600181.94263101,302.22292516630847,713,2:49:16
16.3%,8175000,-598890.4299621452,300.1095354358806,713,2:49:15
16.3%,8180000,-599336.8592980956,298.5932074974752,713,2:49:14
16.4%,8185000,-599412.3960355474,301.008685275687,713,2:49:13
16.4%,8190000,-601168.53747604,302.0969774614748,713,2:49:11
16.4%,8195000,-600195.0486049922,298.39140659759937,713,2:49:10
16.4%,8200000,-600440.4623466101,300.21193234277115,713,2:49:09
16.4%,8205000,-599283.435520458,300.366435390111,712,2:49:08
16.4%,8210000,-598906.2433131477,299.4880887551544,712,2:49:07
16.4%,8215000,-597618.1552591524,301.8860751594772,712,2:49:06
16.4%,8220000,-599110.5620215735,300.5415699177323,712,2:49:05
16.4%,8225000,-598993.3860302293,303.25305178759277,712,2:49:04
16.4%,8230000,-599486.5851203348,297.40786639849654,712,2:49:02
16.5%,8235000,-600107.9942812021,299.45021122179577,712,2:49:01
16.5%,8240000,-599620.9168978515,299.40872747250205,712,2:49:00
16.5%,8245000,-599736.5434286306,297.6980318548217,712,2:48:59
16.5%,8250000,-599987.1796349348,301.9890117721539,712,2:48:57
16.5%,8255000,-600285.3872594582,301.35767866270777,712,2:48:57
16.5%,8260000,-600596.9870970305,300.73387690218726,712,2:48:55
16.5%,8265000,-600212.0542816608,297.83349800715746,712,2:48:54
16.5%,8270000,-600664.1078834077,300.7290440821927,712,2:48:53
16.5%,8275000,-600052.1931440276,301.84147583587225,712,2:48:51
16.5%,8280000,-598742.5760337617,301.37377170796896,712,2:48:50
16.6%,8285000,-599775.5714395759,299.62561560231023,712,2:48:49
16.6%,8290000,-600367.6294163894,298.4126023157483,712,2:48:48
16.6%,8295000,-598438.4275055248,304.4834337876378,712,2:48:46
16.6%,8300000,-598868.3146724021,298.1561439389793,712,2:48:45
16.6%,8305000,-599780.9822123954,297.4186605142205,712,2:48:44
16.6%,8310000,-598968.6007932471,298.838332052734,712,2:48:43
16.6%,8315000,-599321.4586482211,302.69085008294246,712,2:48:42
16.6%,8320000,-599433.5461498592,302.2122782430717,712,2:48:41
16.6%,8325000,-599787.1715190173,297.246985010047,712,2:48:39
16.6%,8330000,-599929.1782927499,301.35012278170103,712,2:48:38
16.7%,8335000,-598512.9848858449,299.87780539695194,712,2:48:37
16.7%,8340000,-599304.5032790019,300.06640803714714,712,2:48:35
16.7%,8345000,-599865.9817458699,299.43794518120035,712,2:48:34
16.7%,8350000,-600471.4426168506,299.2480668727833,712,2:48:33
16.7%,8355000,-600489.8898658399,299.82334417670836,712,2:48:32
16.7%,8360000,-599735.7423151121,297.8325167239098,712,2:48:31
16.7%,8365000,-599926.4234342207,300.5950253226472,712,2:48:29
16.7%,8370000,-598809.5692974417,298.8773871259898,712,2:48:28
16.7%,8375000,-600163.7634485583,299.94539128063275,712,2:48:27
16.7%,8380000,-598820.8268469865,299.8773147553282,712,2:48:26
16.8%,8385000,-599104.9067842248,298.1218971536369,712,2:48:24
16.8%,8390000,-599268.6030388358,298.83237075700464,712,2:48:23
16.8%,8395000,-599839.9711375083,303.5996164985757,712,2:48:22
16.8%,8400000,-598952.693075899,298.4565883373234,712,2:48:21
16.8%,8405000,-599514.8674414852,299.2648468163178,712,2:48:20
16.8%,8410000,-598187.7170432541,299.77810701899244,712,2:48:18
16.8%,8415000,-599412.8668799587,300.8377457339493,712,2:48:17
16.8%,8420000,-600378.3826203165,301.544613121382,712,2:48:16
16.8%,8425000,-598509.0291305343,300.69521434223054,712,2:48:15
16.8%,8430000,-600384.6445311955,301.2052608422692,713,2:48:13
16.9%,8435000,-599394.1695372965,300.2510855443517,713,2:48:12
16.9%,8440000,-600410.006616361,299.19225638807416,713,2:48:11
16.9%,8445000,-599551.7433321434,299.73586277518183,713,2:48:10
16.9%,8450000,-599896.3591496982,301.9296196035909,713,2:48:08
16.9%,8455000,-600311.1356067951,301.0965837225938,712,2:48:08
16.9%,8460000,-598574.9561000196,300.59649724751864,712,2:48:06
16.9%,8465000,-599936.5495627918,300.4549716711287,712,2:48:05
16.9%,8470000,-600537.4366539204,299.2998050320148,713,2:48:04
16.9%,8475000,-600558.3610595823,299.1198376843988,713,2:48:02
16.9%,8480000,-598869.4333666787,301.79157758273004,713,2:48:01
17.0%,8485000,-600341.5099810003,299.26528839377926,713,2:48:00
17.0%,8490000,-599536.7548223794,300.69124014507764,713,2:47:59
17.0%,8495000,-597475.2899311637,302.583448631489,713,2:47:57
17.0%,8500000,-599166.6792059978,299.98797897358,713,2:47:56
17.0%,8505000,-598786.1498008543,300.7260511682874,713,2:47:55
17.0%,8510000,-601240.7810024992,298.50776225868753,713,2:47:54
17.0%,8515000,-598986.8834619732,298.2239260793096,713,2:47:53
17.0%,8520000,-599941.1645778627,301.55476940299496,713,2:47:51
17.0%,8525000,-599316.9113218943,303.9286898356695,713,2:47:50
17.0%,8530000,-599985.8886622409,300.78529614436326,713,2:47:49
17.1%,8535000,-599385.848964687,300.696686267102,713,2:47:48
17.1%,8540000,-598693.9966180068,301.8044569253553,713,2:47:46
17.1%,8545000,-599625.684376183,301.70787412170694,713,2:47:45
17.1%,8550000,-600388.0952620623,300.2826828649255,713,2:47:44
17.1%,8555000,-599011.1707803519,299.9040547238262,713,2:47:43
17.1%,8560000,-599508.6619708338,301.03591588580883,713,2:47:42
17.1%,8565000,-598817.7753527686,300.9099681809751,713,2:47:40
17.1%,8570000,-599599.0781327388,300.5801588814456,713,2:47:39
17.1%,8575000,-598982.1049987669,300.3217379381813,713,2:47:38
17.1%,8580000,-599329.7746291086,300.25118367267646,713,2:47:37
17.2%,8585000,-599199.5568080056,299.13688748082643,713,2:47:35
17.2%,8590000,-598926.1919426774,300.8261665916272,713,2:47:34
17.2%,8595000,-599711.1491084043,300.6545892157785,713,2:47:33
17.2%,8600000,-599039.793890879,300.6894983673131,713,2:47:32
17.2%,8605000,-600037.7054486917,303.41856973938735,713,2:47:31
17.2%,8610000,-598734.9632168375,297.84051418237806,713,2:47:30
17.2%,8615000,-597890.1811656323,299.86892478356094,713,2:47:28
17.2%,8620000,-598732.4119204367,301.8783475539021,713,2:47:27
17.2%,8625000,-600406.6367891501,299.06817312141095,713,2:47:26
17.2%,8630000,-600012.146313495,300.9293975892782,713,2:47:25
17.3%,8635000,-600845.6570246303,302.77386664569224,713,2:47:23
17.3%,8640000,-600025.8798602363,299.8002349562266,713,2:47:22
17.3%,8645000,-597533.5941726486,299.83852953496546,713,2:47:21
17.3%,8650000,-599195.4789232374,301.3932501804345,713,2:47:20
17.3%,8655000,-599892.5805744408,301.9568992778751,712,2:47:19
17.3%,8660000,-599920.7447205735,300.53884685672017,712,2:47:18
17.3%,8665000,-599865.8947725729,302.10104978695244,712,2:47:17
17.3%,8670000,-600673.5537131899,296.2161469584082,712,2:47:15
17.3%,8675000,-601427.7335962262,299.6721774924104,713,2:47:14
17.3%,8680000,-600683.7680022577,299.61648966810725,713,2:47:13
17.4%,8685000,-598663.6205873303,299.6119512330869,713,2:47:12
17.4%,8690000,-598250.7394496854,299.0549748617303,713,2:47:10
17.4%,8695000,-599924.1803797241,299.15499215674527,713,2:47:09
17.4%,8700000,-598074.6855050391,301.0709231656682,712,2:47:08
17.4%,8705000,-600577.0773890605,299.40732914387416,712,2:47:07
17.4%,8710000,-598922.32304938,301.48926874621543,712,2:47:06
17.4%,8715000,-600883.1856925413,299.13757437909976,712,2:47:05
17.4%,8720000,-599234.4826122369,298.7045831460816,712,2:47:04
17.4%,8725000,-600685.4969627033,301.2764774739661,712,2:47:02
17.4%,8730000,-599760.2319478509,300.29068032339376,712,2:47:01
17.5%,8735000,-599029.6761918552,299.62689127053216,712,2:47:00
17.5%,8740000,-601324.7426420418,300.8005060347016,712,2:46:59
17.5%,8745000,-598612.5513830571,301.5316111183508,712,2:46:57
17.5%,8750000,-598238.8539240337,299.26953244382526,712,2:46:56
17.5%,8755000,-599697.2222578437,300.2029536010553,712,2:46:55
17.5%,8760000,-597903.7228347315,303.10858236146,712,2:46:54
17.5%,8765000,-599917.1936711427,299.7508273447083,712,2:46:53
17.5%,8770000,-599590.4675223525,302.06891276059247,712,2:46:52
17.5%,8775000,-599176.3530104556,299.22341213118654,712,2:46:50
17.5%,8780000,-599793.3676414182,301.40090418976604,712,2:46:49
17.6%,8785000,-599002.1543669975,298.9509833695623,712,2:46:48
17.6%,8790000,-601254.0615199441,304.07686360606215,712,2:46:47
17.6%,8795000,-599332.7965641185,297.3897617225777,712,2:46:45
17.6%,8800000,-599666.9747881899,300.0503640560483,712,2:46:44
17.6%,8805000,-599745.0166447959,304.1797266224953,712,2:46:43
17.6%,8810000,-599962.3268508231,300.06159974923366,712,2:46:42
17.6%,8815000,-599639.6439189259,299.451658614586,712,2:46:41
17.6%,8820000,-598691.4644557629,300.43424206252246,712,2:46:40
17.6%,8825000,-600325.3978121192,298.4959377955536,712,2:46:39
17.6%,8830000,-599332.8381349854,298.69540814771625,712,2:46:38
17.7%,8835000,-598266.1002706382,301.1716028268753,712,2:46:36
17.7%,8840000,-600618.0570362424,303.7927821058723,712,2:46:35
17.7%,8845000,-598618.7235784917,298.92669660918335,712,2:46:34
17.7%,8850000,-598852.997873561,300.1390965937156,712,2:46:33
17.7%,8855000,-598229.5981215737,298.5459587091017,712,2:46:32
17.7%,8860000,-598077.0346244648,299.09950058909163,712,2:46:31
17.7%,8865000,-599035.3480356378,297.43848243582266,712,2:46:30
17.7%,8870000,-599665.3925670469,300.19179150411344,712,2:46:28
17.7%,8875000,-599218.0247853459,300.2548634848551,712,2:46:27
17.7%,8880000,-599311.7858560677,299.08578715570593,712,2:46:26
17.8%,8885000,-599877.4513816517,298.78416521746465,712,2:46:25
17.8%,8890000,-599672.5782412165,302.91085378706185,712,2:46:24
17.8%,8895000,-601143.5396361575,297.67227316957127,712,2:46:23
17.8%,8900000,-598535.8536578161,303.3682789729461,712,2:46:21
17.8%,8905000,-599260.1506092008,301.1651018253598,712,2:46:21
17.8%,8910000,-599011.0884708883,302.39842767514773,712,2:46:19
17.8%,8915000,-600885.455001432,299.987071286576,712,2:46:18
17.8%,8920000,-599918.8649599231,301.97230542486295,712,2:46:17
17.8%,8925000,-599668.5409793779,297.8278556284836,712,2:46:16
17.8%,8930000,-598551.3033765424,300.67794375707217,712,2:46:15
17.9%,8935000,-598765.0259506525,298.4371834611015,712,2:46:13
17.9%,8940000,-598909.3959863149,299.454234483111,712,2:46:13
17.9%,8945000,-600174.1296294886,298.85290410896135,712,2:46:12
17.9%,8950000,-600054.0190625875,300.6220106119571,712,2:46:11
17.9%,8955000,-599682.084782287,299.73672139802346,712,2:46:10
17.9%,8960000,-598905.0458772276,299.3426380457739,712,2:46:09
17.9%,8965000,-600087.4619449251,300.62578855246045,712,2:46:08
17.9%,8970000,-598329.7634512973,299.9146525829006,712,2:46:06
17.9%,8975000,-598074.4896911788,302.1787183560026,712,2:46:05
17.9%,8980000,-600121.96926618,302.0583639656804,712,2:46:04
18.0%,8985000,-599065.9502481818,300.95032345453404,712,2:46:03
18.0%,8990000,-600446.237520142,300.3078282481461,712,2:46:02
18.0%,8995000,-599168.6042533731,299.53555833225863,712,2:46:01
18.0%,9000000,-599917.5875599836,299.67465523261075,712,2:45:59
18.0%,9005000,-600086.2274107835,300.2277800672204,712,2:45:58
18.0%,9010000,-598575.0852288059,301.69656483227794,712,2:45:57
18.0%,9015000,-599263.859625488,299.1056581414705,712,2:45:56
18.0%,9020000,-598691.60913214,300.27708955041396,712,2:45:55
18.0%,9025000,-600447.6612611972,299.37045742584434,712,2:45:54
18.0%,9030000,-599565.7428889293,301.66587519870825,712,2:45:52
18.1%,9035000,-599971.5301716761,301.9789781509469,712,2:45:51
18.1%,9040000,-599316.5490389201,298.4492532450474,712,2:45:50
18.1%,9045000,-599551.2607196802,302.18367383640316,712,2:45:49
18.1%,9050000,-599481.5500123673,298.6295640418,712,2:45:48
18.1%,9055000,-598582.6023046412,300.10691050319315,712,2:45:47
18.1%,9060000,-599351.6203667577,301.0011293946803,712,2:45:46
18.1%,9065000,-599304.625686205,300.2897235722273,712,2:45:44
18.1%,9070000,-599521.9529595766,300.6903079259924,712,2:45:43
18.1%,9075000,-600370.0885569192,300.3415353277023,712,2:45:42
18.1%,9080000,-601215.6189321959,301.6660469232766,712,2:45:41
18.2%,9085000,-599953.7349065356,301.99889820087384,712,2:45:40
18.2%,9090000,-598031.8103977577,303.47975274987726,712,2:45:38
18.2%,9095000,-600559.1066431883,300.38532509262797,712,2:45:37
18.2%,9100000,-599935.1675797403,300.26153621093897,712,2:45:36
18.2%,9105000,-599113.0406346433,303.15131724689445,712,2:45:35
18.2%,9110000,-599492.7711879793,298.3777667604573,712,2:45:34
18.2%,9115000,-600017.1997904126,301.13718431696464,712,2:45:33
18.2%,9120000,-598777.6591469063,298.14635563858417,712,2:45:31
18.2%,9125000,-598534.617540013,302.11012665699303,712,2:45:30
18.2%,9130000,-599482.3155113854,298.1860240138697,712,2:45:29
18.3%,9135000,-599230.6685076943,300.27478353478205,712,2:45:28
18.3%,9140000,-600152.4819287471,301.31204899169285,712,2:45:26
18.3%,9145000,-600594.1067637806,300.70968827013314,712,2:45:25
18.3%,9150000,-599698.0204875874,300.1933860893909,712,2:45:24
18.3%,9155000,-599841.4106289297,299.84846502784774,712,2:45:23
18.3%,9160000,-599173.127454225,300.51983449379725,712,2:45:22
18.3%,9165000,-599324.7114885491,302.76003055190057,712,2:45:20
18.3%,9170000,-600442.0293600773,300.50646450954827,712,2:45:19
18.3%,9175000,-599862.3807631526,297.85017982236724,712,2:45:18
18.3%,9180000,-600214.8597920039,300.20192325364525,712,2:45:16
18.4%,9185000,-599274.8728094576,299.18931253833125,712,2:45:15
18.4%,9190000,-600640.1242444743,299.2470365253733,712,2:45:14
18.4%,9195000,-599588.8780902592,300.54306637468505,712,2:45:13
18.4%,9200000,-599017.1329820431,301.6877332830493,712,2:45:11
18.4%,9205000,-599300.6025641384,299.2233875991053,712,2:45:11
18.4%,9210000,-601128.9569041841,301.2124978062204,712,2:45:09
18.4%,9215000,-598914.883737105,299.8351686398423,712,2:45:08
18.4%,9220000,-599504.9267693497,299.08041462992514,712,2:45:07
18.4%,9225000,-598852.852015533,298.18624480260047,712,2:45:05
18.4%,9230000,-599700.7493179962,297.5858221154548,712,2:45:04
18.5%,9235000,-598722.8961446323,300.3426392713559,712,2:45:03
18.5%,9240000,-598014.9911804916,296.6512479504088,712,2:45:02
18.5%,9245000,-599319.6210389216,302.0613078154233,712,2:45:00
18.5%,9250000,-601168.2472039605,301.87820036141494,712,2:44:59
18.5%,9255000,-600275.2514460059,297.6329727755036,712,2:44:58
18.5%,9260000,-598799.8112753457,299.00137226432827,712,2:44:57
18.5%,9265000,-599761.8057510341,301.6229685887055,712,2:44:56
18.5%,9270000,-600651.998235954,301.4650801141613,712,2:44:54
18.5%,9275000,-599812.9702961706,299.1219474433812,712,2:44:53
18.5%,9280000,-599306.8543034843,297.36493525641254,712,2:44:52
18.6%,9285000,-598784.0853020074,301.25937861337616,712,2:44:50
18.6%,9290000,-599498.4205398201,300.87074138315097,712,2:44:49
18.6%,9295000,-598313.7834701799,299.9241464983215,712,2:44:48
18.6%,9300000,-599519.8138140407,297.6389586033141,712,2:44:46
18.6%,9305000,-599535.0521207545,298.17851719702537,712,2:44:46
18.6%,9310000,-599854.3846438895,302.0064540818806,712,2:44:44
18.6%,9315000,-599882.17551478,301.03728968235555,712,2:44:43
18.6%,9320000,-599880.9618846965,300.4608593706145,712,2:44:42
18.6%,9325000,-599712.0009623906,302.84451903952186,712,2:44:41
18.6%,9330000,-600207.8133986755,301.340604334199,712,2:44:39
18.7%,9335000,-600207.1976907644,298.31221703951536,712,2:44:38
18.7%,9340000,-599449.4818755155,299.3169038926048,712,2:44:37
18.7%,9345000,-599453.7324446039,300.0064025665543,712,2:44:36
18.7%,9350000,-600152.0020245677,302.8442737187099,712,2:44:34
18.7%,9355000,-599836.635693437,303.1268587619471,712,2:44:33
18.7%,9360000,-599793.3189684898,301.0724196226208,712,2:44:32
18.7%,9365000,-599763.274287845,299.3341744777631,712,2:44:31
18.7%,9370000,-599440.3946418255,299.0467075503689,712,2:44:30
18.7%,9375000,-599617.5678083044,298.2355788178752,712,2:44:28
18.7%,9380000,-600041.22247522,300.0091746917289,712,2:44:27
18.8%,9385000,-598954.1097737094,299.7244308253469,712,2:44:26
18.8%,9390000,-600894.1341015254,301.8817329811064,712,2:44:25
18.8%,9395000,-599952.0207646405,301.34838100393654,712,2:44:24
18.8%,9400000,-599997.1657430222,300.95285025889666,712,2:44:22
18.8%,9405000,-599391.2004227117,298.4000173580974,712,2:44:22
18.8%,9410000,-598956.7483632928,300.0613298963406,712,2:44:20
18.8%,9415000,-599279.0856606998,301.2755452548809,712,2:44:19
18.8%,9420000,-599793.2732393998,301.6174734025188,712,2:44:18
18.8%,9425000,-598738.8865877911,299.59323325513833,712,2:44:17
18.8%,9430000,-598918.2937357109,299.05863014182773,712,2:44:16
18.9%,9435000,-599240.889539599,298.97676658689386,712,2:44:14
18.9%,9440000,-598043.6992224497,300.1446653761459,712,2:44:13
18.9%,9445000,-598647.44809327,298.2563084264815,712,2:44:12
18.9%,9450000,-598589.552336297,299.3499240738877,712,2:44:11
18.9%,9455000,-599513.198055652,298.1538379233474,712,2:44:10
18.9%,9460000,-599751.689430085,299.1520237749212,712,2:44:09
18.9%,9465000,-598083.5378627116,300.73000083335916,712,2:44:07
18.9%,9470000,-599633.0823537726,300.82952748675035,712,2:44:06
18.9%,9475000,-599556.3041309379,300.77290744336193,712,2:44:05
18.9%,9480000,-600456.8696282166,296.79387747045234,712,2:44:04
19.0%,9485000,-598859.7089457093,302.8367178377032,712,2:44:02
19.0%,9490000,-599022.2827671082,302.68461893432,712,2:44:01
19.0%,9495000,-600253.9998044553,300.340210595318,712,2:44:00
19.0%,9500000,-599050.8608600055,300.6760302547393,712,2:43:59
19.0%,9505000,-598872.746940251,301.55113865497873,712,2:43:58
19.0%,9510000,-598664.5385947214,301.1686835092136,712,2:43:57
19.0%,9515000,-599691.3506453242,300.5324194514482,712,2:43:56
19.0%,9520000,-599614.4026876297,298.3207051396074,712,2:43:54
19.0%,9525000,-601011.1476806602,299.9018713686002,712,2:43:53
19.0%,9530000,-599343.4377612621,296.7362270796539,712,2:43:52
19.1%,9535000,-600009.2224127324,300.52662988028715,712,2:43:51
19.1%,9540000,-598805.9349207305,301.77209911026455,712,2:43:50
19.1%,9545000,-599007.1698627789,302.0448467889442,712,2:43:49
19.1%,9550000,-600269.2866798108,300.95108394905094,712,2:43:47
19.1%,9555000,-601035.3577680481,299.0316939166802,712,2:43:47
19.1%,9560000,-600038.1802329989,300.52044779582707,712,2:43:45
19.1%,9565000,-599872.0463422029,298.65007286167554,712,2:43:44
19.1%,9570000,-599837.6107136868,300.08556759255714,712,2:43:43
19.1%,9575000,-600598.7279081801,302.07686115489827,712,2:43:42
19.1%,9580000,-598908.7613038504,296.92900017365145,712,2:43:41
19.2%,9585000,-599682.2949946956,301.10578325304033,712,2:43:39
19.2%,9590000,-599273.0494469157,301.30513094479704,712,2:43:38
19.2%,9595000,-599025.5989102554,302.43134972810583,712,2:43:37
19.2%,9600000,-598733.2842043522,300.91519351426876,712,2:43:36
19.2%,9605000,-599888.9454714293,297.69307637442114,712,2:43:35
19.2%,9610000,-600165.2995959995,301.47327382927904,712,2:43:33
19.2%,9615000,-600126.3084095977,302.46098448218436,712,2:43:32
19.2%,9620000,-599921.3898863047,298.91548544807915,712,2:43:31
19.2%,9625000,-600110.7086970625,297.6431290571166,712,2:43:30
19.2%,9630000,-600327.663135021,299.4772701073493,712,2:43:28
19.3%,9635000,-599762.8558592829,301.07183085267224,712,2:43:27
19.3%,9640000,-600082.3032930675,302.67441358854455,712,2:43:26
19.3%,9645000,-599703.5742237763,298.30399879231646,712,2:43:25
19.3%,9650000,-599252.7302782387,299.36201838991474,712,2:43:24
19.3%,9655000,-597874.6809135037,298.02595218409954,712,2:43:23
19.3%,9660000,-599595.8056620471,301.439468621398,712,2:43:21
19.3%,9665000,-598259.9863676494,300.70046420760536,712,2:43:20
19.3%,9670000,-599877.605206388,301.9638173247709,712,2:43:19
19.3%,9675000,-599178.5190576166,300.8613455960549,712,2:43:18
19.3%,9680000,-598978.2907718997,298.91087341681526,712,2:43:16
19.4%,9685000,-599324.0544833601,300.1323993355505,712,2:43:15
19.4%,9690000,-599766.2562307608,300.6186742489151,712,2:43:14
19.4%,9695000,-599223.0531958193,296.9912380636326,712,2:43:13
19.4%,9700000,-599470.3326753243,298.9701674570535,712,2:43:12
19.4%,9705000,-598703.4354653386,300.30110645789983,712,2:43:11
19.4%,9710000,-599526.0039686612,299.4284757978607,712,2:43:09
19.4%,9715000,-600061.5369156059,299.2232404066182,712,2:43:08
19.4%,9720000,-598452.7973493855,302.56779716368925,712,2:43:07
19.4%,9725000,-598633.4977047304,300.3578491616942,712,2:43:06
19.4%,9730000,-599160.0706296498,301.4688580546647,712,2:43:05
19.5%,9735000,-599274.6718730694,300.2798371435074,712,2:43:03
19.5%,9740000,-599842.0590938139,300.7843393931969,712,2:43:02
19.5%,9745000,-598485.4921688577,299.181437740269,712,2:43:01
19.5%,9750000,-600286.4018960637,302.732063979343,712,2:43:00
19.5%,9755000,-598725.2099348428,299.57093359333584,712,2:42:59
19.5%,9760000,-599419.5620716088,301.42254148537637,712,2:42:58
19.5%,9765000,-600048.8234069673,300.2897481043085,712,2:42:56
19.5%,9770000,-599618.9234260125,300.61028427714785,712,2:42:55
19.5%,9775000,-597985.6352914693,298.20503637679263,712,2:42:54
19.5%,9780000,-599175.6202688492,298.64018643295566,712,2:42:53
19.6%,9785000,-599613.6645316812,301.7936628096313,712,2:42:52
19.6%,9790000,-599543.5739235491,302.22915631493095,712,2:42:50
19.6%,9795000,-599771.1576937153,302.7107946649506,712,2:42:49
19.6%,9800000,-600220.3965250812,300.15820708496324,712,2:42:48
19.6%,9805000,-599165.8420839654,300.27942009812716,712,2:42:47
19.6%,9810000,-599211.0708326735,301.4325015103398,712,2:42:46
19.6%,9815000,-600033.971242032,297.9190904384323,712,2:42:45
19.6%,9820000,-600191.7192755681,301.4666011031951,712,2:42:44
19.6%,9825000,-598800.2794066658,300.4967007412343,712,2:42:42
19.6%,9830000,-599489.7186446525,297.7386569812737,712,2:42:41
19.7%,9835000,-600547.5472849435,300.6450707682765,712,2:42:40
19.7%,9840000,-599665.4267497212,300.3762482225874,712,2:42:39
19.7%,9845000,-600058.998969831,302.0101338940592,712,2:42:37
19.7%,9850000,-599921.5184493121,298.209967325112,712,2:42:36
19.7%,9855000,-601235.0765298852,302.50833139888266,712,2:42:35
19.7%,9860000,-598994.7708168002,300.48892407149685,712,2:42:34
19.7%,9865000,-599999.045842527,300.9081037428046,712,2:42:33
19.7%,9870000,-599065.300048186,298.0207759149683,712,2:42:32
19.7%,9875000,-599286.3021503203,300.3257121353342,712,2:42:31
19.7%,9880000,-599787.781074028,299.63704755214513,712,2:42:29
19.8%,9885000,-600512.4387231097,300.2096753913016,712,2:42:28
19.8%,9890000,-599405.4882890512,298.6051055568528,712,2:42:27
19.8%,9895000,-600063.1852069688,302.5317350043387,712,2:42:26
19.8%,9900000,-599198.124111258,299.7083377800857,712,2:42:25
19.8%,9905000,-598935.5031218529,300.8728756742146,712,2:42:24
19.8%,9910000,-600998.9332038062,299.07923709002796,712,2:42:23
19.8%,9915000,-600527.7849379163,297.8383553592333,712,2:42:21
19.8%,9920000,-599667.775984366,299.8941682951063,712,2:42:20
19.8%,9925000,-601109.3968245895,303.68302557462454,712,2:42:19
19.8%,9930000,-599672.5413748636,300.7612547047963,712,2:42:18
19.9%,9935000,-599620.1037652935,300.9878820708372,712,2:42:16
19.9%,9940000,-599660.3591780355,299.00784873376267,712,2:42:15
19.9%,9945000,-600326.0820899219,303.2495436999825,712,2:42:14
19.9%,9950000,-600493.8242277899,301.13821466437463,712,2:42:13
19.9%,9955000,-599187.8780242596,299.3751921175142,712,2:42:12
19.9%,9960000,-599295.8140760045,300.298555121456,712,2:42:11
19.9%,9965000,-599715.3705650745,300.14635808974805,712,2:42:09
19.9%,9970000,-598789.337052911,299.0320128337357,712,2:42:08
19.9%,9975000,-598787.9206206482,299.5929879343264,712,2:42:07
19.9%,9980000,-599848.9742260538,301.2428930548159,712,2:42:06
20.0%,9985000,-599576.6836595582,299.53114255764433,712,2:42:05
20.0%,9990000,-599395.8016552618,303.042762787625,712,2:42:03
20.0%,9995000,-599500.5134683675,300.85688075727813,712,2:42:02
20.0%,10000000,-599770.0717045343,300.8723850325907,712,2:42:01
20.0%,10005000,-600015.479083519,299.7284050224998,712,2:42:00
20.0%,10010000,-601113.7139996095,299.5398023823047,712,2:41:59
20.0%,10015000,-598373.7958247466,301.2135281536305,712,2:41:57
20.0%,10020000,-599474.760290239,299.7260499427055,712,2:41:56
20.0%,10025000,-600707.0288190735,302.1720456299187,712,2:41:55
20.0%,10030000,-600125.6315036234,298.43605498536675,712,2:41:54
20.0%,10035000,-600392.0212347419,302.84184504267205,712,2:41:53
20.1%,10040000,-598848.0623441087,299.4797969117119,712,2:41:51
20.1%,10045000,-600615.6580438917,299.7359854355878,712,2:41:50
20.1%,10050000,-599255.0549520394,303.94711342864383,712,2:41:49
20.1%,10055000,-600373.5474743219,301.50104414518705,712,2:41:48
20.1%,10060000,-599527.609324058,298.47113586146963,712,2:41:47
20.1%,10065000,-599078.8342817696,300.19951910968854,712,2:41:46
20.1%,10070000,-599298.865079524,298.17827187621344,712,2:41:44
20.1%,10075000,-600162.7867184645,298.1809213409821,712,2:41:43
20.1%,10080000,-600102.8185746344,302.2408335855778,712,2:41:42
20.1%,10085000,-600402.5079313274,298.7902001094376,712,2:41:41
20.2%,10090000,-599406.0203154301,301.39320111627217,712,2:41:40
20.2%,10095000,-598967.1475272584,298.6260559541897,712,2:41:39
20.2%,10100000,-599124.737561197,303.7326049107112,712,2:41:37
20.2%,10105000,-598586.8506399752,299.8273183738612,712,2:41:36
20.2%,10110000,-599531.1110360636,300.90143101672066,712,2:41:35
20.2%,10115000,-599273.5378434234,298.63044719672286,712,2:41:34
20.2%,10120000,-599176.2805943214,299.0934166329563,712,2:41:33
20.2%,10125000,-600590.0964581608,300.06758557704427,712,2:41:32
20.2%,10130000,-598307.6657452444,301.02357624896985,712,2:41:30
20.2%,10135000,-599350.4785126545,299.19696654766284,712,2:41:29
20.3%,10140000,-601408.8820456215,299.3508562929729,712,2:41:28
20.3%,10145000,-600209.4584477814,300.7114791120601,712,2:41:27
20.3%,10150000,-601105.6841859347,302.66886933819546,712,2:41:25
20.3%,10155000,-599927.1370938909,300.6967353312644,712,2:41:24
20.3%,10160000,-598759.3504740633,301.43171648374175,712,2:41:23
20.3%,10165000,-600199.9649097258,300.554253003708,712,2:41:22
20.3%,10170000,-600979.1784299808,298.57502922531273,712,2:41:21
20.3%,10175000,-598842.4271799503,298.5933546899623,712,2:41:20
20.3%,10180000,-598438.6858538706,298.8472126661251,712,2:41:19
20.3%,10185000,-600055.3181172577,302.2958099795265,712,2:41:17
20.4%,10190000,-599319.6473671403,298.6086627086254,712,2:41:16
20.4%,10195000,-598839.0256309579,302.3417830996781,712,2:41:15
20.4%,10200000,-599423.3396150568,301.0769335255599,712,2:41:14
20.4%,10205000,-599728.430769335,302.44361576870125,712,2:41:13
20.4%,10210000,-597647.2748845555,301.18683724929485,712,2:41:12
20.4%,10215000,-599976.422552566,301.78914890669216,712,2:41:10
20.4%,10220000,-600176.4337105928,304.18691452228427,712,2:41:09
20.4%,10225000,-599428.8989681997,300.9571433731051,712,2:41:08
20.4%,10230000,-599912.2116418704,298.872137260615,712,2:41:07
20.4%,10235000,-599172.6183285448,301.0832137383448,712,2:41:06
20.5%,10240000,-599942.147753933,299.60083820030746,712,2:41:05
20.5%,10245000,-599695.4546252764,299.82138161021305,712,2:41:03
20.5%,10250000,-599606.9938651933,301.8281549157856,712,2:41:02
20.5%,10255000,-599454.6011439916,300.64197972604643,712,2:41:01
20.5%,10260000,-599869.3968905504,300.9172296770076,712,2:41:00
20.5%,10265000,-599794.8301042104,301.98275609145026,712,2:40:59
20.5%,10270000,-598818.4799963902,298.49404882530183,712,2:40:57
20.5%,10275000,-599810.5985081489,301.06582049278046,712,2:40:56
20.5%,10280000,-599084.8266407414,300.26222310921236,712,2:40:55
20.5%,10285000,-599928.2852954264,299.46009765051565,712,2:40:54
20.6%,10290000,-599567.6861935696,299.2323908729024,712,2:40:53
20.6%,10295000,-598374.4256086182,298.8185591952942,712,2:40:52
20.6%,10300000,-599190.8964338405,299.2584684752082,712,2:40:50
20.6%,10305000,-599388.8844965827,300.52550140455236,712,2:40:49
20.6%,10310000,-598735.1284585446,302.2603365901245,712,2:40:48
20.6%,10315000,-600005.18041398,301.8117920176313,712,2:40:47
20.6%,10320000,-598949.1296049324,300.3788976873559,712,2:40:46
20.6%,10325000,-598570.4411038724,298.7850238403063,712,2:40:45
20.6%,10330000,-599932.4751421679,300.23612097482527,712,2:40:43
20.6%,10335000,-599742.258057849,300.7884853149181,712,2:40:42
20.7%,10340000,-598777.0269189291,300.6204896229233,712,2:40:41
20.7%,10345000,-599076.3854230205,301.55391078015333,712,2:40:40
20.7%,10350000,-599313.6447228049,299.1789845321499,712,2:40:38
20.7%,10355000,-598633.9757046141,299.4028643050974,712,2:40:38
20.7%,10360000,-598594.4992602039,301.7280394924458,712,2:40:37
20.7%,10365000,-600509.272752624,298.02943573962864,712,2:40:35
20.7%,10370000,-599926.76918924,300.6305968403739,712,2:40:34
20.7%,10375000,-600133.5614546612,297.9993348760075,712,2:40:33
20.7%,10380000,-599654.6461495981,301.43669649622353,712,2:40:32
20.7%,10385000,-599230.210243762,297.64347250625326,712,2:40:30
20.8%,10390000,-599629.7378300983,300.5512110256404,712,2:40:29
20.8%,10395000,-599364.9624716346,299.03951965058,712,2:40:28
20.8%,10400000,-599080.167388564,300.21360052429213,712,2:40:27
20.8%,10405000,-598217.6752341376,301.0887579886939,712,2:40:26
20.8%,10410000,-600152.7555304626,298.11394875933104,712,2:40:25
20.8%,10415000,-598935.9245928847,299.86485245808325,712,2:40:23
20.8%,10420000,-599475.8111144234,300.3040748397239,712,2:40:22
20.8%,10425000,-599582.5279415562,303.98025627033263,712,2:40:21
20.8%,10430000,-598840.2744197077,302.6944808309587,712,2:40:20
20.8%,10435000,-599962.5605815118,300.76127923687744,712,2:40:19
20.9%,10440000,-599615.4704803769,299.91894569710905,712,2:40:17
20.9%,10445000,-598243.6911873906,301.58597421026974,712,2:40:16
20.9%,10450000,-598659.169927212,301.2188270831677,712,2:40:15
20.9%,10455000,-598839.4262022604,301.11235785079947,712,2:40:14
20.9%,10460000,-599070.3733383892,304.44832837945376,712,2:40:13
20.9%,10465000,-601042.5632467913,297.88099211634295,712,2:40:12
20.9%,10470000,-599124.8018103922,300.92164545162194,712,2:40:10
20.9%,10475000,-601175.8640336483,302.73797621091,712,2:40:09
20.9%,10480000,-598912.8748726137,297.83104479903835,712,2:40:08
20.9%,10485000,-600866.9963102587,298.9483829689561,712,2:40:07
21.0%,10490000,-599674.1047460744,299.099426992848,712,2:40:06
21.0%,10495000,-598735.8656009259,302.6292500270723,712,2:40:05
21.0%,10500000,-599896.0197931407,300.47540689476074,712,2:40:04
21.0%,10505000,-599621.6500941892,298.06812283166664,712,2:40:02
21.0%,10510000,-599899.9517966947,302.610826434098,712,2:40:01
21.0%,10515000,-598820.3152229264,300.49471364265787,712,2:40:00
21.0%,10520000,-600072.591112636,302.78088282091284,712,2:39:59
21.0%,10525000,-600365.720308715,299.3718557544722,712,2:39:58
21.0%,10530000,-599050.589234842,299.34109252465896,712,2:39:56
21.0%,10535000,-598444.2210753211,299.6913125157393,712,2:39:55
21.1%,10540000,-599000.3976589888,297.7274703522507,712,2:39:54
21.1%,10545000,-599425.2629686478,299.8473120200318,712,2:39:53
21.1%,10550000,-597633.4903936959,297.08654519905895,712,2:39:52
21.1%,10555000,-599681.0621066708,300.80749767784096,712,2:39:51
21.1%,10560000,-598808.5147408531,302.4583350174158,712,2:39:49
21.1%,10565000,-599400.6052283361,302.8850951018115,712,2:39:48
21.1%,10570000,-600205.7682326357,299.5064387518851,712,2:39:47
21.1%,10575000,-598541.0131588327,303.01408478471285,712,2:39:46
21.1%,10580000,-599288.9227517764,303.3400180154143,712,2:39:45
21.1%,10585000,-599579.153235503,299.61403645998814,712,2:39:43
21.2%,10590000,-599505.9005390494,300.11618362988327,712,2:39:42
21.2%,10595000,-600085.7086038543,300.10865228095776,712,2:39:41
21.2%,10600000,-600927.8126678048,300.83016532086134,712,2:39:40
21.2%,10605000,-599368.70425128,297.9977157586489,712,2:39:39
21.2%,10610000,-598685.9901243718,299.5743435526214,712,2:39:38
21.2%,10615000,-598091.2370297625,301.66773963687876,712,2:39:36
21.2%,10620000,-598350.473646034,299.6564033642047,712,2:39:35
21.2%,10625000,-598488.1912264335,298.6970763292372,712,2:39:34
21.2%,10630000,-599766.302177391,300.6284870813915,712,2:39:33
21.2%,10635000,-599659.7857069694,299.37028570127603,712,2:39:31
21.3%,10640000,-600249.282652826,303.21846155311374,712,2:39:30
21.3%,10645000,-599983.21496756,302.3572137787471,712,2:39:29
21.3%,10650000,-597562.8003882486,301.545643468792,712,2:39:28
21.3%,10655000,-601369.2629920337,298.2337143797047,712,2:39:27
21.3%,10660000,-599676.7408259837,300.293035403188,712,2:39:26
21.3%,10665000,-598092.5575782303,300.3696245606658,712,2:39:24
21.3%,10670000,-600466.3028661297,298.2489733342054,712,2:39:23
21.3%,10675000,-599637.457699352,301.41959763563347,712,2:39:22
21.3%,10680000,-600694.1589407516,301.37517003659684,712,2:39:21
21.3%,10685000,-599562.732366621,299.6890555642697,712,2:39:20
21.4%,10690000,-599139.1400354947,300.1208201932284,712,2:39:18
21.4%,10695000,-599379.7971065328,299.26158404951946,712,2:39:17
21.4%,10700000,-599948.0868209694,300.9455396987018,712,2:39:16
21.4%,10705000,-599461.2761573638,302.1043861499944,711,2:39:15
21.4%,10710000,-601452.9098555003,301.81338660290874,711,2:39:14
21.4%,10715000,-597794.9224441559,298.78769783715614,711,2:39:13
21.4%,10720000,-599454.0931873592,301.3144776677308,711,2:39:12
21.4%,10725000,-599394.5914120958,301.6200002068814,711,2:39:10
21.4%,10730000,-599978.0192726492,298.4002872109905,711,2:39:09
21.4%,10735000,-600888.6631712937,300.33476447329366,711,2:39:08
21.5%,10740000,-599094.297334183,299.77570287503573,711,2:39:07
21.5%,10745000,-598007.247556576,300.36383498950477,711,2:39:06
21.5%,10750000,-600600.1385306367,299.40090173860216,711,2:39:04
21.5%,10755000,-598610.9033235097,299.7214379114416,711,2:39:03
21.5%,10760000,-599299.736968623,301.07502002322707,711,2:39:02
21.5%,10765000,-599374.7180610062,297.92029251041066,711,2:39:01
21.5%,10770000,-600106.5209013964,300.92716516988986,711,2:39:00
21.5%,10775000,-599742.1822418249,298.64232072401927,711,2:38:58
21.5%,10780000,-600004.2094946001,303.1441048150243,711,2:38:57
21.5%,10785000,-598963.6718968623,299.899148307588,711,2:38:56
21.6%,10790000,-601399.0564112496,300.38191513334243,711,2:38:55
21.6%,10795000,-599979.5173324868,302.32301605756714,711,2:38:54
21.6%,10800000,-600267.1359567381,302.00130234483055,711,2:38:52
21.6%,10805000,-598845.0120422337,300.31501614793507,711,2:38:52
21.6%,10810000,-599332.6334441402,298.6365311528582,711,2:38:50
21.6%,10815000,-599556.5916628558,299.28486499456955,711,2:38:49
21.6%,10820000,-598244.418166352,298.17532802647054,711,2:38:48
21.6%,10825000,-600390.5456426358,300.8192976088938,711,2:38:47
21.6%,10830000,-601146.7372553647,298.4021025849986,711,2:38:45
21.6%,10835000,-599774.1020942167,300.8508949294676,711,2:38:44
21.7%,10840000,-600265.0736214244,302.0849322096101,711,2:38:43
21.7%,10845000,-599585.2632976798,300.2190221142353,711,2:38:42
21.7%,10850000,-600251.9858561666,299.4590427710245,711,2:38:40
21.7%,10855000,-599580.2503355821,301.09027897772773,711,2:38:40
21.7%,10860000,-600277.2664889661,300.6327556635187,711,2:38:38
21.7%,10865000,-600333.2782959943,301.3114111575819,711,2:38:37
21.7%,10870000,-599351.281435723,301.2585690546968,711,2:38:36
21.7%,10875000,-600114.1196044106,301.1848256186372,711,2:38:35
21.7%,10880000,-600359.6822790303,301.49510738153884,711,2:38:34
21.7%,10885000,-598876.6325900881,301.0144748468481,711,2:38:32
21.8%,10890000,-599246.9572492233,300.19240480614326,711,2:38:31
21.8%,10895000,-599979.4999581939,300.50491898843325,711,2:38:30
21.8%,10900000,-599214.5445638797,298.3092241256101,711,2:38:29
21.8%,10905000,-600182.589552172,299.9590311177748,711,2:38:28
21.8%,10910000,-599825.7990112971,302.381108025827,711,2:38:27
21.8%,10915000,-599454.6461467338,298.3546575399755,711,2:38:25
21.8%,10920000,-598503.9179672231,300.6677384112968,711,2:38:24
21.8%,10925000,-599709.6106071984,297.6409211698095,711,2:38:23
21.8%,10930000,-600249.2806618782,302.0631722535938,711,2:38:22
21.8%,10935000,-599006.1401312309,300.2814562608659,711,2:38:21
21.9%,10940000,-599780.5779512338,298.0998918768087,711,2:38:19
21.9%,10945000,-599543.8736083033,302.4112824856917,711,2:38:18
21.9%,10950000,-599977.6743501816,300.17307352616484,711,2:38:17
21.9%,10955000,-599743.0729124192,301.0211721050132,711,2:38:16
21.9%,10960000,-598948.8225436644,301.6156825605918,711,2:38:15
21.9%,10965000,-599848.2005846407,300.0043173396531,711,2:38:14
21.9%,10970000,-599133.1151363682,297.9620461125974,711,2:38:12
21.9%,10975000,-599889.8759630173,299.17694836941104,711,2:38:11
21.9%,10980000,-599491.9712028825,296.81438629032783,711,2:38:10
21.9%,10985000,-600129.1370697594,301.69906710455945,711,2:38:09
22.0%,10990000,-600144.9534211461,299.75139158257565,711,2:38:07
22.0%,10995000,-599497.2663806616,299.96293171868416,711,2:38:06
22.0%,11000000,-599486.5191373662,299.697322875631,711,2:38:05
22.0%,11005000,-599011.0342107527,302.65015136024687,711,2:38:04
22.0%,11010000,-598598.5968002789,298.6781375625578,711,2:38:03
22.0%,11015000,-599481.5456974488,299.3419511475006,711,2:38:02
22.0%,11020000,-598354.3159430888,300.07155977419717,711,2:38:00
22.0%,11025000,-599371.5183654502,301.8778078481159,711,2:37:59
22.0%,11030000,-598760.3944066106,299.50047745615575,711,2:37:58
22.0%,11035000,-600025.60815698,300.1758701834206,711,2:37:57
22.1%,11040000,-598775.1755698184,299.47059738126535,711,2:37:56
22.1%,11045000,-599768.1402851255,299.4992753841774,711,2:37:54
22.1%,11050000,-600138.9708391898,299.75313336034014,711,2:37:53
22.1%,11055000,-600562.3335769279,305.41292981187735,711,2:37:52
22.1%,11060000,-599322.8033049018,301.25204352110006,711,2:37:51
22.1%,11065000,-598916.7750793123,299.9243672870522,711,2:37:50
22.1%,11070000,-598656.1693676203,303.4410656578394,711,2:37:48
22.1%,11075000,-600495.9188064756,297.78453197310057,711,2:37:47
22.1%,11080000,-597702.0042605712,299.48161228572,711,2:37:46
22.1%,11085000,-598840.3072799551,301.41326835868625,711,2:37:45
22.2%,11090000,-599815.9394635069,301.65898168389367,711,2:37:43
22.2%,11095000,-600286.3214045591,300.0222502910036,711,2:37:42
22.2%,11100000,-598994.5184695455,298.4061749104763,711,2:37:41
22.2%,11105000,-599674.7897645147,301.1450836471081,711,2:37:40
22.2%,11110000,-599658.2034329032,300.1073766127358,711,2:37:39
22.2%,11115000,-599417.0605470389,301.8519019703784,711,2:37:38
22.2%,11120000,-599106.0857801908,300.906484625446,711,2:37:36
22.2%,11125000,-598540.3506732262,298.76441689210606,711,2:37:35
22.2%,11130000,-598922.5844159354,299.5025136188946,711,2:37:34
22.2%,11135000,-599994.6613959377,301.23413510183076,711,2:37:33
22.3%,11140000,-599998.390446682,298.8533456864228,711,2:37:31
22.3%,11145000,-599347.0602656757,303.78650189308746,711,2:37:30
22.3%,11150000,-599590.6114108912,297.97215333004806,711,2:37:29
22.3%,11155000,-599068.0273189624,297.92453656045666,711,2:37:28
22.3%,11160000,-599809.8857153337,297.65809362664305,711,2:37:27
22.3%,11165000,-600750.4500386831,299.5525835966051,711,2:37:25
22.3%,11170000,-601009.7063170644,297.9173977248301,711,2:37:24
22.3%,11175000,-598691.895651448,300.8797937211104,711,2:37:23
22.3%,11180000,-599697.1073665633,299.49093447657253,711,2:37:22
22.3%,11185000,-597262.5563800619,301.64507199385844,711,2:37:21
22.4%,11190000,-600044.640235886,300.1425801492447,711,2:37:20
22.4%,11195000,-598169.4088279032,298.6381502702168,711,2:37:19
22.4%,11200000,-600024.8370136647,301.8289399423837,711,2:37:17
22.4%,11205000,-598529.2137858253,300.29970812927195,711,2:37:16
22.4%,11210000,-598831.5086361468,301.6704136337285,711,2:37:15
22.4%,11215000,-599090.4060278805,301.0598591970511,711,2:37:14
22.4%,11220000,-599481.1325620394,300.26030960687945,711,2:37:13
22.4%,11225000,-601280.7218645439,299.36729278737073,711,2:37:12
22.4%,11230000,-600537.5580789247,301.4473679515415,711,2:37:10
22.4%,11235000,-599819.9656537501,300.29323165983755,711,2:37:09
22.5%,11240000,-599626.4679073016,299.95392844488714,711,2:37:08
22.5%,11245000,-600710.0306401891,298.57564252734255,711,2:37:06
22.5%,11250000,-600019.1898100697,301.60991752151193,711,2:37:05
22.5%,11255000,-600216.2783182035,300.12253743891176,711,2:37:04
22.5%,11260000,-599995.5815984695,296.04628682824284,711,2:37:03
22.5%,11265000,-600241.6829450261,300.6001279955349,711,2:37:02
22.5%,11270000,-599362.8150320128,299.6615305691736,711,2:37:01
22.5%,11275000,-600526.4869947522,300.5794719831722,711,2:36:59
22.5%,11280000,-598611.685446484,300.56063134481764,711,2:36:58
22.5%,11285000,-599510.3405081574,300.5038150447797,711,2:36:57
22.6%,11290000,-599923.5423430386,301.3082710511895,711,2:36:56
22.6%,11295000,-600131.0831166883,301.3522816048458,711,2:36:54
22.6%,11300000,-597857.9563555289,301.30464030317324,711,2:36:53
22.6%,11305000,-600186.7171870442,299.3570138453518,711,2:36:52
22.6%,11310000,-599794.744204686,299.7593645089626,711,2:36:51
22.6%,11315000,-598541.5460407729,299.2226025725072,711,2:36:50
22.6%,11320000,-599798.3069437305,300.0961409195504,711,2:36:48
22.6%,11325000,-601084.0537954913,298.25410053917426,711,2:36:47
22.6%,11330000,-599195.5282409629,303.0628300300391,711,2:36:46
22.6%,11335000,-599166.9237004449,298.883323889638,711,2:36:45
22.7%,11340000,-599169.0431691594,302.3712461291883,711,2:36:44
22.7%,11345000,-598868.8604213125,299.05136864579515,711,2:36:42
22.7%,11350000,-600335.7413527034,302.2342099236563,711,2:36:41
22.7%,11355000,-600166.3827021648,301.13154193829075,711,2:36:40
22.7%,11360000,-598601.0297329035,301.5415711433143,711,2:36:39
22.7%,11365000,-598956.93145331,299.45290975072675,711,2:36:38
22.7%,11370000,-599194.3761798227,301.2620526102259,711,2:36:36
22.7%,11375000,-598931.3702298161,300.4306113145062,711,2:36:35
22.7%,11380000,-598176.1899173404,300.3806639972017,711,2:36:34
22.7%,11385000,-597327.9323691088,304.4422934874808,711,2:36:33
22.8%,11390000,-601290.0707485355,298.5824133817512,711,2:36:31
22.8%,11395000,-600857.9875688441,297.50329619432887,711,2:36:30
22.8%,11400000,-599015.8386769402,303.63356889894385,711,2:36:29
22.8%,11405000,-599597.6586432736,301.4401555196714,711,2:36:28
22.8%,11410000,-598517.6596625661,299.27166673488887,711,2:36:27
22.8%,11415000,-599011.4974348578,300.62780018311815,711,2:36:26
22.8%,11420000,-599503.1438589646,300.1685350911446,711,2:36:24
22.8%,11425000,-599935.4004976652,300.03628264144476,711,2:36:23
22.8%,11430000,-599895.6303673531,304.81680023894006,711,2:36:22
22.8%,11435000,-599678.9111395241,300.178617776514,711,2:36:21
22.9%,11440000,-600057.9575579269,299.80538669327666,711,2:36:19
22.9%,11445000,-599822.5657112477,300.72099755956214,711,2:36:18
22.9%,11450000,-600098.6793671744,296.75528850673913,711,2:36:17
22.9%,11455000,-599272.8938745372,298.72067619134276,711,2:36:16
22.9%,11460000,-599866.6657111198,297.66599295678645,711,2:36:15
22.9%,11465000,-599368.5394863808,300.6619979042982,711,2:36:14
22.9%,11470000,-601179.2196139744,299.10749804755983,711,2:36:12
22.9%,11475000,-599257.7350533642,300.4797490731315,711,2:36:11
22.9%,11480000,-599374.6786298193,299.77251370448096,711,2:36:10
22.9%,11485000,-599002.8961144025,299.05907171928914,711,2:36:09
23.0%,11490000,-599267.4967932915,302.5030079372643,711,2:36:08
23.0%,11495000,-598553.2059841887,302.6292500270723,711,2:36:06
23.0%,11500000,-598481.5109210149,299.46181489619903,711,2:36:05
23.0%,11505000,-599883.5566693922,301.815349169404,711,2:36:04
23.0%,11510000,-600573.9267628621,301.6643542096744,711,2:36:03
23.0%,11515000,-599407.8754753219,299.88514048922804,711,2:36:02
23.0%,11520000,-598878.9687983287,302.34705749713413,711,2:36:00
23.0%,11525000,-600459.8197448314,301.14562335289423,711,2:35:59
23.0%,11530000,-597980.5143623082,300.3520105263708,711,2:35:58
23.0%,11535000,-599631.7973803026,301.22905696102424,711,2:35:57
23.1%,11540000,-599754.6790689053,302.0435465886411,711,2:35:55
23.1%,11545000,-599037.3688825006,299.9607483634582,711,2:35:54
23.1%,11550000,-600324.1522703622,300.00134895782907,711,2:35:53
23.1%,11555000,-599525.0805006176,300.26634449885245,711,2:35:52
23.1%,11560000,-597929.1867179889,301.3827995138472,711,2:35:51
23.1%,11565000,-600321.3244329272,300.2918087991285,711,2:35:50
23.1%,11570000,-600179.0211296366,298.4076958995101,711,2:35:48
23.1%,11575000,-599249.2772540445,300.8339677934459,711,2:35:47
23.1%,11580000,-599468.2070256486,298.10403779852993,711,2:35:46
23.1%,11585000,-599685.0995610463,302.7070657886096,711,2:35:45
23.2%,11590000,-597951.4377498948,298.3158477875316,711,2:35:44
23.2%,11595000,-598967.4878559848,301.89444059916326,711,2:35:42
23.2%,11600000,-600305.7023510388,301.4805843894739,711,2:35:41
23.2%,11605000,-600167.3754331619,299.7223701305269,711,2:35:40
23.2%,11610000,-600570.9271947797,303.1692501982449,711,2:35:39
23.2%,11615000,-598931.6443619528,300.6495846712156,711,2:35:38
23.2%,11620000,-599543.0846591042,300.5524866938623,711,2:35:37
23.2%,11625000,-599736.7680153279,302.1760198270716,711,2:35:36
23.2%,11630000,-600828.8684581569,301.0669735005964,711,2:35:34
23.2%,11635000,-600678.1669339482,301.55086880208563,711,2:35:33
23.3%,11640000,-598792.7347818888,301.599638579493,711,2:35:32
23.3%,11645000,-599358.7480086344,300.91821096025524,711,2:35:31
23.3%,11650000,-599258.3255809811,299.5260644168378,711,2:35:30
23.3%,11655000,-597795.7928375918,297.9114364291007,711,2:35:29
23.3%,11660000,-599320.2087778999,302.267082912452,711,2:35:27
23.3%,11665000,-599461.8813919737,304.1635845130717,711,2:35:26
23.3%,11670000,-599652.742232203,298.41527631259805,711,2:35:25
23.3%,11675000,-599024.0223668418,298.63611410747797,711,2:35:24
23.3%,11680000,-598826.7321525491,300.3291956908633,711,2:35:22
23.3%,11685000,-598638.6859167148,300.45300910463345,711,2:35:21
23.4%,11690000,-598677.0474212347,301.78201007106566,711,2:35:20
23.4%,11695000,-598615.6727149398,298.5541524242194,711,2:35:19
23.4%,11700000,-599006.4785587471,301.02593132876416,711,2:35:17
23.4%,11705000,-599696.922429482,297.5668588166943,711,2:35:16
23.4%,11710000,-599220.5304727475,300.1584769378563,711,2:35:15
23.4%,11715000,-600768.8257094277,300.5657830818677,711,2:35:14
23.4%,11720000,-600556.5601691445,300.38213592207313,711,2:35:13
23.4%,11725000,-599263.6730388761,303.5602670403456,711,2:35:12
23.4%,11730000,-599576.6790546533,297.7680464145403,711,2:35:10
23.4%,11735000,-599226.4163360624,300.9650427032485,711,2:35:09
23.5%,11740000,-599741.9468796202,301.26995194036937,711,2:35:08
23.5%,11745000,-599216.5692307805,301.7330440370087,711,2:35:07
23.5%,11750000,-598825.2359408704,301.98202012901453,711,2:35:06
23.5%,11755000,-598976.253976611,300.7926557687206,711,2:35:05
23.5%,11760000,-599603.8772676056,300.79864159653107,711,2:35:03
23.5%,11765000,-598745.7030160585,298.9919028809886,711,2:35:02
23.5%,11770000,-599868.6550669018,300.03275002175326,711,2:35:01
23.5%,11775000,-599340.5028507751,301.76736441859475,711,2:35:00
23.5%,11780000,-600259.7220846736,298.97806678719695,711,2:34:59
23.5%,11785000,-599573.4557352648,300.9276067473513,711,2:34:57
23.6%,11790000,-600395.9818937993,299.1054373527398,711,2:34:56
23.6%,11795000,-599183.2652230673,297.96160453513596,711,2:34:55
23.6%,11800000,-600099.8830625587,300.83666632237686,711,2:34:54
23.6%,11805000,-600329.0470410637,302.3017712752559,711,2:34:53
23.6%,11810000,-599102.3974699178,300.28361508401076,711,2:34:52
23.6%,11815000,-599353.8670563931,298.4196920872124,711,2:34:50
23.6%,11820000,-600158.8495913874,299.80759458058384,711,2:34:49
23.6%,11825000,-599064.8365200381,297.6280663592654,711,2:34:48
23.6%,11830000,-598532.8144586952,302.03756076083056,711,2:34:47
23.6%,11835000,-598321.4269282268,298.8798403341089,711,2:34:46
23.7%,11840000,-600200.2540119123,299.3979578888593,711,2:34:44
23.7%,11845000,-599597.2589022671,300.18673789538815,711,2:34:43
23.7%,11850000,-599344.5678317267,298.5671789593317,711,2:34:42
23.7%,11855000,-598749.1390817133,298.36530446321234,711,2:34:41
23.7%,11860000,-600278.520733952,300.8331582347666,711,2:34:40
23.7%,11865000,-599743.4920995822,301.2616110327645,711,2:34:39
23.7%,11870000,-600712.3062213785,300.324657255843,711,2:34:37
23.7%,11875000,-599290.0812076647,302.8464325418547,711,2:34:36
23.7%,11880000,-598766.4418079155,301.47290584806115,711,2:34:35
23.7%,11885000,-598856.8947326634,300.34200143724496,711,2:34:34
23.8%,11890000,-599730.3815231207,300.1520740646655,711,2:34:33
23.8%,11895000,-598886.5848685158,296.7970175768447,711,2:34:31
23.8%,11900000,-598685.2115166085,297.14544672599817,711,2:34:30
23.8%,11905000,-600385.9160295185,300.04962809361257,711,2:34:29
23.8%,11910000,-598095.2688037101,301.1367918036655,711,2:34:28
23.8%,11915000,-598885.2641367139,300.23651348812433,711,2:34:27
23.8%,11920000,-599457.5694181779,298.1838161265626,711,2:34:26
23.8%,11925000,-597913.3023049152,299.5263342697309,711,2:34:24
23.8%,11930000,-599025.4427044061,297.66142998968496,711,2:34:23
23.8%,11935000,-600207.2828529044,300.62927210798955,711,2:34:22
23.9%,11940000,-599666.7178886444,299.0536746614271,711,2:34:21
23.9%,11945000,-598219.6490329597,300.82464560259336,711,2:34:20
23.9%,11950000,-599282.8040382778,299.21681300134617,711,2:34:18
23.9%,11955000,-599907.0158405672,300.4833798211477,711,2:34:17
23.9%,11960000,-598264.7982023554,299.44270440495137,711,2:34:16
23.9%,11965000,-600697.2645654464,298.0219534548654,711,2:34:15
23.9%,11970000,-598853.2787009869,301.06012904994424,711,2:34:14
23.9%,11975000,-600409.4618571163,300.18259197366694,711,2:34:13
23.9%,11980000,-599392.8536776132,300.5133825564441,711,2:34:11
23.9%,11985000,-598623.0899171405,301.67119866032664,711,2:34:10
24.0%,11990000,-599884.6844609268,300.7573786359681,711,2:34:09
24.0%,11995000,-599872.7251683236,300.5429191821978,711,2:34:08
24.0%,12000000,-600539.0048545124,301.2891605599418,711,2:34:07
24.0%,12005000,-600056.8042238425,300.25655619845725,711,2:34:06
24.0%,12010000,-600154.014727626,300.6031699736025,711,2:34:05
24.0%,12015000,-598647.187441262,301.1130938132352,711,2:34:03
24.0%,12020000,-599932.2447515614,302.28293063690126,711,2:34:02
24.0%,12025000,-598816.7675659428,301.5727023543455,711,2:34:01
24.0%,12030000,-599458.3775291047,298.49456399900686,711,2:34:00
24.0%,12035000,-600606.8306709575,300.9945057327587,711,2:33:58
24.1%,12040000,-599420.7556746518,300.1253831603299,711,2:33:57
24.1%,12045000,-599621.3534866348,299.710815520286,711,2:33:56
24.1%,12050000,-600362.9965558071,299.4283776695359,711,2:33:55
24.1%,12055000,-600393.3999731857,299.3321873791867,711,2:33:54
24.1%,12060000,-600702.4069319842,299.4349032031327,711,2:33:53
24.1%,12065000,-599301.0540893245,301.8209424839155,711,2:33:52
24.1%,12070000,-600074.9872463536,300.02877582460036,711,2:33:50
24.1%,12075000,-600409.6654009828,300.29757383820834,711,2:33:49
24.1%,12080000,-599652.476161812,299.6795371167676,711,2:33:48
24.1%,12085000,-599999.4145963644,297.3184469625559,711,2:33:47
24.2%,12090000,-599428.949750443,300.3658466201624,711,2:33:46
24.2%,12095000,-599841.374275907,300.57873602073647,711,2:33:44
24.2%,12100000,-599859.3019565986,298.5481175322464,711,2:33:43
24.2%,12105000,-599570.1260832762,299.5597224322317,711,2:33:42
24.2%,12110000,-599659.7629168732,300.88506811856644,711,2:33:41
24.2%,12115000,-599563.4986575106,301.01481829598475,711,2:33:40
24.2%,12120000,-599271.4362744377,301.3601318708269,711,2:33:39
24.2%,12125000,-599701.9413147592,301.26261684809333,711,2:33:37
24.2%,12130000,-599560.7737832917,301.23256504863457,711,2:33:36
24.2%,12135000,-598929.4884957517,301.0948910089916,711,2:33:35
24.3%,12140000,-600172.2595315874,301.4966038384915,711,2:33:34
24.3%,12145000,-599823.1765823588,297.94384330835385,711,2:33:32
24.3%,12150000,-599906.0007410762,302.4034322197107,711,2:33:31
24.3%,12155000,-599143.6834652075,298.5816528872343,711,2:33:30
24.3%,12160000,-599261.3631998985,300.1830826152907,711,2:33:29
24.3%,12165000,-600040.1666013827,303.4763918547541,711,2:33:28
24.3%,12170000,-599081.9272126649,299.9100896157991,711,2:33:27
24.3%,12175000,-600556.7475767098,301.79891267500614,711,2:33:25
24.3%,12180000,-600044.4857983426,300.9895993165205,711,2:33:24
24.3%,12185000,-598814.5784268058,304.2355371072045,711,2:33:23
24.4%,12190000,-599572.0398429269,299.90690044524433,711,2:33:22
24.4%,12195000,-599262.2386854002,300.02772094510914,711,2:33:20
24.4%,12200000,-600023.76150897,298.6283129056593,711,2:33:19
24.4%,12205000,-599783.7632685443,299.1270255841877,711,2:33:18
24.4%,12210000,-600038.9300799132,301.70571529856215,711,2:33:17
24.4%,12215000,-599039.4254533504,301.11795116531096,711,2:33:16
24.4%,12220000,-600218.9646806759,299.8378917008545,711,2:33:14
24.4%,12225000,-600339.6313671037,301.1289415376845,711,2:33:13
24.4%,12230000,-599512.6163035748,300.04491793402394,711,2:33:12
24.4%,12235000,-599527.9754082072,301.93693016378575,711,2:33:11
24.5%,12240000,-599781.3851579092,302.69803798273136,711,2:33:09
24.5%,12245000,-600224.5493404446,299.34099439633417,711,2:33:08
24.5%,12250000,-599704.8497123709,300.61943474343207,711,2:33:07
24.5%,12255000,-598892.1010944671,298.4446657458647,711,2:33:06
24.5%,12260000,-598163.8515391438,303.22398127138166,711,2:33:05
24.5%,12265000,-599503.8479976682,302.39106805079047,711,2:33:04
24.5%,12270000,-600313.3182803481,302.8223665702065,711,2:33:02
24.5%,12275000,-598043.3874031198,298.49051620561033,711,2:33:01
24.5%,12280000,-599343.3085946077,302.15315592740177,711,2:33:00
24.5%,12285000,-599891.6232829923,300.2717415567144,711,2:32:59
24.6%,12290000,-599596.1652400997,301.0029447686884,711,2:32:58
24.6%,12295000,-599445.4655669602,299.92171782228354,711,2:32:56
24.6%,12300000,-598065.2011536914,299.8070794068788,711,2:32:55
24.6%,12305000,-599551.1147518223,301.48571159444276,711,2:32:54
24.6%,12310000,-600751.4454539712,299.74930635567443,711,2:32:53
24.6%,12315000,-599036.6296073543,299.8727027240643,711,2:32:52
24.6%,12320000,-600521.7784735002,299.35708744159535,711,2:32:51
24.6%,12325000,-598768.161048709,299.9289547862349,711,2:32:49
24.6%,12330000,-599321.193302087,300.92196436867744,711,2:32:48
24.6%,12335000,-598269.2401485457,302.29252268064687,711,2:32:47
24.7%,12340000,-600267.8963055913,299.16252350567083,711,2:32:46
24.7%,12345000,-599021.7701337105,301.4372607340909,711,2:32:44
24.7%,12350000,-598799.7798898825,300.54385140128306,711,2:32:43
24.7%,12355000,-598966.2099618362,300.52510889125335,711,2:32:42
24.7%,12360000,-600029.745624498,301.2996602906915,711,2:32:41
24.7%,12365000,-598382.4131111368,302.21541834946413,711,2:32:40
24.7%,12370000,-601049.3800563323,299.61114167440763,711,2:32:38
24.7%,12375000,-598840.4745233925,300.59895045563775,711,2:32:37
24.7%,12380000,-600071.088830235,301.4829640013494,711,2:32:36
24.7%,12385000,-599325.0718050483,304.0828249017916,711,2:32:35
24.8%,12390000,-598919.0070255641,301.044158665089,711,2:32:34
24.8%,12395000,-598086.5238704924,298.54497742585403,711,2:32:32
24.8%,12400000,-599361.7400816632,299.15236722405785,711,2:32:31
24.8%,12405000,-598823.480524844,300.4090230830583,711,2:32:30
24.8%,12410000,-599541.0232379646,300.7103261042441,711,2:32:29
24.8%,12415000,-600828.3175859577,297.7153515041424,711,2:32:28
24.8%,12420000,-599338.8967637452,299.47479236714895,711,2:32:26
24.8%,12425000,-599598.2420861437,299.7842891034525,711,2:32:25
24.8%,12430000,-600524.7220519097,302.5425781842251,711,2:32:24
24.8%,12435000,-599854.5892851795,300.01665697649213,711,2:32:23
24.9%,12440000,-599045.3386918507,299.8993936283999,711,2:32:22
24.9%,12445000,-600890.5395642654,299.8679435003133,711,2:32:20
24.9%,12450000,-600823.1378130247,299.4577180386401,711,2:32:19
24.9%,12455000,-599352.7241033451,301.3518400273844,711,2:32:18
24.9%,12460000,-600606.1006654021,298.5880557604251,711,2:32:17
24.9%,12465000,-598942.8097807849,299.5283704324698,711,2:32:16
24.9%,12470000,-599432.8899835548,299.5523628078744,711,2:32:15
24.9%,12475000,-598540.8649197752,301.24223068862375,711,2:32:13
24.9%,12480000,-599799.0053268503,301.7061323439424,711,2:32:12
24.9%,12485000,-600940.5645513698,297.4207212090405,711,2:32:11
25.0%,12490000,-599854.6232600329,301.34261596485663,711,2:32:10
25.0%,12495000,-599376.7964463099,300.87709519217935,711,2:32:08
25.0%,12500000,-599435.3815002083,302.1621346691176,711,2:32:07
25.0%,12505000,-598553.487469146,298.9730131784717,711,2:32:06
25.0%,12510000,-599758.2347358293,299.45703114036684,711,2:32:05
25.0%,12515000,-599308.3973819157,299.97495243846765,711,2:32:04
25.0%,12520000,-599070.5189361037,300.58759210204636,711,2:32:02
25.0%,12525000,-598671.1092106053,300.750166204098,711,2:32:01
25.0%,12530000,-599983.4040096095,299.9488012399182,711,2:32:00
25.0%,12535000,-598079.8489551684,300.80318003155145,711,2:31:59
25.1%,12540000,-599225.5543150101,301.46218532858074,711,2:31:57
25.1%,12545000,-599504.8271873519,302.04212372793205,711,2:31:56
25.1%,12550000,-599535.1974861063,299.14603794711064,711,2:31:55
25.1%,12555000,-598396.0845728372,300.7723432054945,711,2:31:54
25.1%,12560000,-598716.5375284855,302.0406763351418,711,2:31:53
25.1%,12565000,-599986.8738164562,299.5217467705482,711,2:31:51
25.1%,12570000,-601257.7245351677,300.22603828945586,711,2:31:50
25.1%,12575000,-600902.1297866516,298.22625662702274,711,2:31:49
25.1%,12580000,-598996.4124057516,299.72082460941186,711,2:31:48
25.1%,12585000,-599878.055662381,298.46912423081193,711,2:31:47
25.2%,12590000,-599577.6333938828,300.10828429973986,711,2:31:46
25.2%,12595000,-598093.6909291348,302.53605265062833,711,2:31:44
25.2%,12600000,-599033.6130434414,299.5039364796037,711,2:31:43
25.2%,12605000,-600541.3502581804,301.77722631523346,711,2:31:42
25.2%,12610000,-600168.8025204409,299.7367459301047,711,2:31:41
25.2%,12615000,-600946.238471353,298.49333739494733,711,2:31:40
25.2%,12620000,-599255.2033544434,301.50366907787446,711,2:31:39
25.2%,12625000,-600000.6726597138,299.64484875396386,711,2:31:37
25.2%,12630000,-599801.5741460146,298.8091879402793,711,2:31:36
25.2%,12635000,-598984.3161676405,299.5279288550083,711,2:31:35
25.3%,12640000,-599196.2064203122,298.800797968512,711,2:31:34
25.3%,12645000,-598166.0375986216,300.3545863948958,711,2:31:32
25.3%,12650000,-600183.3133411473,300.9156596238114,711,2:31:31
25.3%,12655000,-599295.8276767898,297.0736167922714,711,2:31:30
25.3%,12660000,-599665.2182760928,298.7419700378164,711,2:31:29
25.3%,12665000,-600024.598572481,298.52250603948323,711,2:31:28
25.3%,12670000,-599730.0076770331,298.3384173022272,711,2:31:27
25.3%,12675000,-599439.8216463127,302.69268998903175,711,2:31:26
25.3%,12680000,-599103.7301758938,300.049039323664,711,2:31:24
25.3%,12685000,-599872.3616022542,299.0976116188399,711,2:31:23
25.4%,12690000,-599350.9331737068,299.5144852745157,711,2:31:22
25.4%,12695000,-598787.2762845713,303.2971604695739,711,2:31:21
25.4%,12700000,-599033.7351029818,300.5097518084279,711,2:31:19
25.4%,12705000,-598730.3488764451,300.8258722066529,711,2:31:18
25.4%,12710000,-600015.8118407866,299.7301468002644,711,2:31:17
25.4%,12715000,-598736.2823979547,301.2860204535494,711,2:31:16
25.4%,12720000,-598962.4026878863,301.4406461612952,711,2:31:15
25.4%,12725000,-599473.420390503,302.1150821373936,711,2:31:13
25.4%,12730000,-599725.5046327291,298.3529402942922,711,2:31:12
25.4%,12735000,-599383.5657392456,302.0596886980647,711,2:31:11
25.5%,12740000,-599120.6738520046,298.1141450159806,711,2:31:10
25.5%,12745000,-598665.1777334339,301.3965620113953,711,2:31:08
25.5%,12750000,-600007.8524406012,298.1335253601213,711,2:31:07
25.5%,12755000,-601008.2348370436,299.7697661113876,711,2:31:06
25.5%,12760000,-599770.3953719442,299.2546414705424,711,2:31:05
25.5%,12765000,-600612.4093526313,300.3503914090122,711,2:31:04
25.5%,12770000,-600038.1593663064,299.0317429808425,711,2:31:02
25.5%,12775000,-600112.2354200403,304.6214512764175,711,2:31:01
25.5%,12780000,-599967.9524128293,302.05311410030555,711,2:31:00
25.5%,12785000,-599518.9737418438,303.3237532455847,711,2:30:59
25.6%,12790000,-600261.8750710371,300.6911420167529,711,2:30:57
25.6%,12795000,-598627.5209010066,300.3098644108849,711,2:30:56
25.6%,12800000,-598573.5147397593,298.6967083480193,711,2:30:55
25.6%,12805000,-600292.2768088081,299.06400266760846,711,2:30:54
25.6%,12810000,-599636.5370435822,298.1767018230172,711,2:30:53
25.6%,12815000,-598499.1377833895,300.8207940658464,711,2:30:51
25.6%,12820000,-599960.3069395265,297.6556894826863,711,2:30:50
25.6%,12825000,-600255.1700440878,299.82712211721173,711,2:30:49
25.6%,12830000,-598516.7312805429,300.7992058343985,711,2:30:48
25.6%,12835000,-599923.8366963384,301.4029403525049,711,2:30:47
25.7%,12840000,-600426.1962431446,301.3147965847862,711,2:30:45
25.7%,12845000,-600050.3889947953,300.81304192819016,711,2:30:44
25.7%,12850000,-599536.1653991113,299.8790810651739,711,2:30:43
25.7%,12855000,-599880.0105883162,300.06282635329325,711,2:30:42
25.7%,12860000,-599541.0063318913,299.6783841089517,711,2:30:41
25.7%,12865000,-599856.7520092772,300.1689030723624,711,2:30:39
25.7%,12870000,-599830.2903345018,301.2394830955304,711,2:30:38
25.7%,12875000,-599691.750355416,300.31545772539647,711,2:30:37
25.7%,12880000,-600185.3575111581,300.905454278036,711,2:30:36
25.7%,12885000,-599780.912319778,298.3796311986278,711,2:30:34
25.8%,12890000,-599643.7348694936,300.5516280710206,711,2:30:33
25.8%,12895000,-600209.2957709394,300.64384416421694,711,2:30:32
25.8%,12900000,-600029.649785155,298.58604412976746,711,2:30:31
25.8%,12905000,-599207.0202537868,299.1635293209997,711,2:30:30
25.8%,12910000,-599014.9214070626,300.25022692151003,711,2:30:29
25.8%,12915000,-598209.187439187,300.20839972307965,711,2:30:27
25.8%,12920000,-599533.8238976849,299.6080015680152,711,2:30:26
25.8%,12925000,-598690.2035578061,298.97971043663676,711,2:30:25
25.8%,12930000,-599263.050864853,300.3030690243951,711,2:30:24
25.8%,12935000,-600361.2503598863,301.53494748139275,711,2:30:22
25.9%,12940000,-599131.1346041495,300.96359531045823,711,2:30:21
25.9%,12945000,-599848.549995428,303.37487810278645,711,2:30:20
25.9%,12950000,-599474.4942979901,298.95608604245,711,2:30:19
25.9%,12955000,-599115.7580712815,299.6828980118908,711,2:30:18
25.9%,12960000,-600044.2673568819,301.28074605609334,711,2:30:17
25.9%,12965000,-600213.639210606,298.15741960720123,711,2:30:16
25.9%,12970000,-598905.8276156257,296.3155264193122,711,2:30:14
25.9%,12975000,-596977.6310541402,298.57731070886354,711,2:30:13
25.9%,12980000,-600002.7439815602,302.4772247199327,711,2:30:12
25.9%,12985000,-601113.5488521759,299.89473253297365,711,2:30:11
26.0%,12990000,-598838.9995774152,299.5407100693088,711,2:30:10
26.0%,12995000,-600512.2298037768,301.69965587450804,711,2:30:08
26.0%,13000000,-599638.5272490382,299.7758745996041,711,2:30:07
26.0%,13005000,-598643.2383722742,300.8645102345285,711,2:30:06
26.0%,13010000,-599448.8410212095,300.4304150578567,711,2:30:05
26.0%,13015000,-599647.4851468308,300.9127648382309,711,2:30:03
26.0%,13020000,-600200.2022256218,300.6281436322548,711,2:30:02
26.0%,13025000,-601480.8115134328,301.303585423682,711,2:30:01
26.0%,13030000,-598327.4944449859,301.41864088446704,711,2:30:00
26.0%,13035000,-598438.2339466708,302.22979414904194,711,2:29:59
26.1%,13040000,-599052.9134050678,298.67499745616544,711,2:29:57
26.1%,13045000,-599435.9513275684,298.4379684876996,711,2:29:56
26.1%,13050000,-600529.0227438658,300.5720142304902,711,2:29:55
26.1%,13055000,-597973.9259317964,300.54120193651454,711,2:29:54
26.1%,13060000,-599806.9248919263,300.56732860298274,711,2:29:52
26.1%,13065000,-599835.732991633,299.8198606211792,711,2:29:51
26.1%,13070000,-598807.8841737001,296.7284258778352,711,2:29:50
26.1%,13075000,-600065.3184213433,300.14689779553424,711,2:29:49
26.1%,13080000,-599923.3610408804,301.4099319956443,711,2:29:48
26.1%,13085000,-600049.4518111176,302.00409900208626,711,2:29:46
26.2%,13090000,-600423.532593458,301.1466291682231,711,2:29:45
26.2%,13095000,-599471.4333496112,300.4839440590151,711,2:29:44
26.2%,13100000,-599940.8866177057,297.164066575622,711,2:29:43
26.2%,13105000,-599317.0979498187,300.0367242189062,711,2:29:42
26.2%,13110000,-599448.2751008687,303.26490078280796,711,2:29:40
26.2%,13115000,-599454.6206340333,298.8157625380384,711,2:29:39
26.2%,13120000,-601707.9040081529,301.3399419680068,711,2:29:38
26.2%,13125000,-599050.7618138604,299.9352840631821,711,2:29:37
26.2%,13130000,-600537.6839191788,300.51563950791365,711,2:29:36
26.2%,13135000,-599280.7661836483,299.7200150507325,711,2:29:34
26.3%,13140000,-600417.9243637882,299.6087129983697,711,2:29:33
26.3%,13145000,-598973.3774465495,299.8980198318532,711,2:29:32
26.3%,13150000,-599823.6931064697,301.26040896078615,711,2:29:31
26.3%,13155000,-600407.835453867,302.0581186448685,711,2:29:30
26.3%,13160000,-599664.4705873798,302.37590722461454,711,2:29:28
26.3%,13165000,-599324.2342418791,302.0462205854909,711,2:29:27
26.3%,13170000,-600347.9666048591,298.3245321442732,711,2:29:26
26.3%,13175000,-599524.7216986055,301.0099854759901,711,2:29:25
26.3%,13180000,-599685.6421516244,300.41697147736414,711,2:29:24
26.3%,13185000,-599355.6193999317,299.96293171868416,711,2:29:22
26.4%,13190000,-600345.5034696343,299.4232014004047,711,2:29:21
26.4%,13195000,-600285.9052298102,299.6857682653901,711,2:29:20
26.4%,13200000,-598442.5998318628,301.2062911896792,711,2:29:19
26.4%,13205000,-599747.0449265493,298.03645191484924,711,2:29:18
26.4%,13210000,-598585.9635846713,300.33797817592966,711,2:29:16
26.4%,13215000,-599268.397231123,301.10764769121084,711,2:29:15
26.4%,13220000,-599845.2418577848,298.6747030711912,711,2:29:14
26.4%,13225000,-599059.4201817322,298.4158405504655,711,2:29:13
26.4%,13230000,-599883.6628732979,298.76085974033333,711,2:29:11
26.4%,13235000,-598873.7568026651,301.6531921127326,711,2:29:10
26.5%,13240000,-598726.4382214146,298.90780690666645,711,2:29:09
26.5%,13245000,-600286.9328427492,302.23371928203244,711,2:29:08
26.5%,13250000,-599185.9397795852,299.80563201408853,711,2:29:07
26.5%,13255000,-599697.8994070161,299.56207751202595,711,2:29:06
26.5%,13260000,-599679.5218848796,301.2310440596007,711,2:29:04
26.5%,13265000,-600298.9716233471,300.1172385093745,711,2:29:03
26.5%,13270000,-599535.2398065235,299.84449083069484,711,2:29:02
26.5%,13275000,-599894.147136094,301.91529286817547,711,2:29:01
26.5%,13280000,-599569.8124997155,297.2605512509456,711,2:28:59
26.5%,13285000,-598125.1207906101,304.1561267603897,711,2:28:58
26.6%,13290000,-600377.9491279623,299.8103421736772,711,2:28:57
26.6%,13295000,-600269.2669888348,302.3457818289122,711,2:28:56
26.6%,13300000,-599585.1770716668,297.50462092671313,711,2:28:54
26.6%,13305000,-599724.3715280825,299.09709644513487,711,2:28:53
26.6%,13310000,-600750.2961765281,301.65380541476236,711,2:28:52
26.6%,13315000,-599583.5374003048,303.2396818033438,711,2:28:51
26.6%,13320000,-599831.4882565443,303.7023568546029,711,2:28:50
26.6%,13325000,-599281.8027330171,299.48318233891627,711,2:28:48
26.6%,13330000,-599603.936332854,301.9106808369116,711,2:28:47
26.6%,13335000,-599487.4015497882,300.96899236832024,711,2:28:46
26.7%,13340000,-599647.6028591883,300.3538259003789,711,2:28:45
26.7%,13345000,-599762.7563944869,299.504623377877,711,2:28:43
26.7%,13350000,-599571.4068876016,300.8375004131374,711,2:28:42
26.7%,13355000,-598638.1330899005,298.7816138810208,711,2:28:41
26.7%,13360000,-599360.770222194,300.5262864311505,711,2:28:40
26.7%,13365000,-599263.8493524296,296.59232189138845,711,2:28:39
26.7%,13370000,-599876.6513594748,299.6207582502344,711,2:28:38
26.7%,13375000,-599981.1795949228,299.63223926423177,711,2:28:36
26.7%,13380000,-599867.9285364943,302.66710302834974,711,2:28:35
26.7%,13385000,-600497.9751370209,302.84410199414157,711,2:28:34
26.8%,13390000,-599753.8352964176,300.3538994966225,711,2:28:33
26.8%,13395000,-599745.5658003031,300.6980355315675,711,2:28:31
26.8%,13400000,-599206.2824462163,297.97774664455955,711,2:28:30
26.8%,13405000,-599039.600319643,299.5006982448865,711,2:28:29
26.8%,13410000,-599688.5143563855,302.0656254617129,711,2:28:28
26.8%,13415000,-600724.7442371007,300.2745382139702,711,2:28:27
26.8%,13420000,-600502.753514003,302.3161470748337,711,2:28:25
26.8%,13425000,-600137.2060617367,300.7714355184904,711,2:28:24
26.8%,13430000,-598457.0623094095,298.29322920867367,711,2:28:23
26.8%,13435000,-599067.3918987475,298.15661004852194,711,2:28:22
26.9%,13440000,-598593.5971104149,300.36309902706904,711,2:28:21
26.9%,13445000,-599840.1840431411,300.15550855603226,711,2:28:19
26.9%,13450000,-599097.1551825553,301.0286298576952,711,2:28:18
26.9%,13455000,-599289.6938359793,300.264749913575,711,2:28:17
26.9%,13460000,-600317.7665645294,302.1274217742326,711,2:28:16
26.9%,13465000,-600209.5071855905,299.28138143904044,711,2:28:15
26.9%,13470000,-600192.530083579,300.73230684899113,711,2:28:13
26.9%,13475000,-599319.9209848684,300.19130086248964,711,2:28:12
26.9%,13480000,-600198.3108042562,299.3462933258714,711,2:28:11
26.9%,13485000,-599804.3561976529,299.4643417005617,711,2:28:10
27.0%,13490000,-598947.9886890175,300.0027227543757,711,2:28:08
27.0%,13495000,-599243.8408797076,298.8060233018057,711,2:28:07
27.0%,13500000,-598877.4531961996,301.08201166636644,711,2:28:06
27.0%,13505000,-599216.3360053925,300.4475875146903,711,2:28:05
27.0%,13510000,-599601.4535832773,299.99774274189394,711,2:28:04
27.0%,13515000,-598905.4869403178,302.3412188618107,711,2:28:03
27.0%,13520000,-599056.0281768055,301.4778858605429,711,2:28:01
27.0%,13525000,-599272.2482513627,302.5646079931345,711,2:28:00
27.0%,13530000,-599859.8873176747,301.7835801242619,711,2:27:59
27.0%,13535000,-601115.6363912085,298.5017273667146,711,2:27:58
27.1%,13540000,-599788.8635661197,301.0047601426965,711,2:27:57
27.1%,13545000,-601271.6805565502,302.8624765229535,711,2:27:55
27.1%,13550000,-599581.2788360673,300.21708407982123,711,2:27:54
27.1%,13555000,-600250.6660063346,297.195565767871,711,2:27:53
27.1%,13560000,-599267.5680330764,300.87957293237963,711,2:27:52
27.1%,13565000,-600390.3988637947,300.3282144076157,711,2:27:51
27.1%,13570000,-601343.5490578217,298.1457423365544,711,2:27:50
27.1%,13575000,-598674.1281382842,300.7981509549073,711,2:27:48
27.1%,13580000,-598710.625510098,299.6466150638096,711,2:27:47
27.1%,13585000,-600428.3219819264,299.5984831205132,711,2:27:46
27.2%,13590000,-599594.0339421178,298.02668814653526,711,2:27:45
27.2%,13595000,-598260.9724981105,299.0749685079008,711,2:27:44
27.2%,13600000,-600302.4290762371,302.4017640381897,711,2:27:42
27.2%,13605000,-599036.1059912415,303.53185889032665,711,2:27:41
27.2%,13610000,-600543.1259765299,302.42443168121,711,2:27:40
27.2%,13615000,-599438.7260234659,297.5738013956713,711,2:27:39
27.2%,13620000,-599080.5502933958,304.3400928372398,711,2:27:38
27.2%,13625000,-599864.9702819907,301.74678200247564,711,2:27:36
27.2%,13630000,-599791.6200434156,299.88437999471114,711,2:27:35
27.2%,13635000,-600250.3967177127,299.4784231151652,711,2:27:34
27.3%,13640000,-599541.334646258,301.57081338409375,711,2:27:33
27.3%,13645000,-599651.804006632,298.51301212406236,711,2:27:31
27.3%,13650000,-599007.1376627171,305.96997977947757,711,2:27:30
27.3%,13655000,-600965.9291356332,300.03758284174785,711,2:27:29
27.3%,13660000,-599757.2139125741,304.1349555743221,711,2:27:28
27.3%,13665000,-598893.9296953063,302.19216193649515,711,2:27:27
27.3%,13670000,-599977.443571467,300.4450361782464,711,2:27:25
27.3%,13675000,-599312.4645494684,298.2080783548603,711,2:27:24
27.3%,13680000,-599997.4335364792,300.9167390353838,711,2:27:23
27.3%,13685000,-598676.246462123,301.2165701316982,711,2:27:22
27.4%,13690000,-599904.8147173072,300.9377384968831,711,2:27:20
27.4%,13695000,-598483.1646174947,302.0132494683704,711,2:27:19
27.4%,13700000,-598284.1426778808,301.9972054872717,711,2:27:18
27.4%,13705000,-599215.8542195838,301.12773946570616,711,2:27:17
27.4%,13710000,-598997.1362084956,301.66722446317374,711,2:27:16
27.4%,13715000,-600611.8372123265,301.8951274974366,711,2:27:15
27.4%,13720000,-598795.7909073089,301.3437444405914,711,2:27:13
27.4%,13725000,-598410.8387194001,300.21284002977524,711,2:27:12
27.4%,13730000,-600257.0730679352,302.45303608787856,711,2:27:11
27.4%,13735000,-600764.0919220359,301.714056206167,711,2:27:10
27.5%,13740000,-599708.4747351031,302.62400016169744,711,2:27:08
27.5%,13745000,-598771.2123080362,300.11998610246786,711,2:27:07
27.5%,13750000,-599435.0317980764,301.28074605609334,711,2:27:06
27.5%,13755000,-601092.8340458358,299.1585247764367,711,2:27:05
27.5%,13760000,-599423.0133682317,297.00926914330785,711,2:27:04
27.5%,13765000,-598917.8564226516,301.1363502262041,711,2:27:02
27.5%,13770000,-599171.1467100824,299.6255174739855,711,2:27:01
27.5%,13775000,-599098.0761391534,301.2449782817171,711,2:27:00
27.5%,13780000,-600046.0196228125,302.7868931808046,711,2:26:59
27.5%,13785000,-600212.1262477534,300.16277005206473,711,2:26:58
27.6%,13790000,-598980.1342742508,298.2606015406899,711,2:26:56
27.6%,13795000,-600476.680857731,299.93413105536615,711,2:26:55
27.6%,13800000,-598941.433520047,302.2360743618268,711,2:26:54
27.6%,13805000,-600524.3799962103,301.41559890639934,711,2:26:53
27.6%,13810000,-600479.5074408976,302.16502945469813,711,2:26:52
27.6%,13815000,-599432.1842610324,301.84679929749063,711,2:26:51
27.6%,13820000,-599447.5433565304,300.04285723920395,711,2:26:49
27.6%,13825000,-597877.105420975,298.3742832049282,711,2:26:48
27.6%,13830000,-599469.3924660385,299.8650977788951,711,2:26:47
27.6%,13835000,-599236.1300912448,302.0712678403868,711,2:26:46
27.7%,13840000,-599185.9791717362,301.4289688906484,711,2:26:44
27.7%,13845000,-598113.5926840971,302.2218702868173,711,2:26:43
27.7%,13850000,-599120.5987258684,297.854399340332,711,2:26:42
27.7%,13855000,-600682.5463429731,298.51845824608677,711,2:26:41
27.7%,13860000,-600160.7878611227,302.025540041047,711,2:26:40
27.7%,13865000,-601076.7188929874,300.1958392975099,711,2:26:39
27.7%,13870000,-600781.9807916819,299.1922809201553,711,2:26:37
27.7%,13875000,-599404.8605883368,300.3478891367307,711,2:26:36
27.7%,13880000,-600704.5432480844,299.72573102565,711,2:26:35
27.7%,13885000,-598593.6468411088,301.82447510360697,711,2:26:34
27.8%,13890000,-599102.9840352926,300.5203006033399,711,2:26:32
27.8%,13895000,-599895.8056281493,302.2974781610475,711,2:26:31
27.8%,13900000,-599539.7814732762,300.0623111795883,711,2:26:30
27.8%,13905000,-599331.2833408308,302.077597117334,711,2:26:29
27.8%,13910000,-599253.2783848797,299.6751213421533,711,2:26:28
27.8%,13915000,-599834.2652226337,299.6911162590897,711,2:26:26
27.8%,13920000,-599885.0391422706,298.36581963691737,711,2:26:25
27.8%,13925000,-600369.6474122219,299.8208664365081,711,2:26:24
27.8%,13930000,-599439.0866258307,298.28177272675754,711,2:26:23
27.8%,13935000,-599414.7451729621,300.5604841523305,711,2:26:21
27.9%,13940000,-599002.3691873164,300.81868430686404,711,2:26:20
27.9%,13945000,-600778.3762286897,300.3580208862626,711,2:26:19
27.9%,13950000,-599381.2103465623,300.1422612321892,711,2:26:18
27.9%,13955000,-598695.824557736,299.22915263818516,711,2:26:17
27.9%,13960000,-599249.0208421014,301.75926883180176,711,2:26:16
27.9%,13965000,-598993.0261768498,300.83857982470977,711,2:26:14
27.9%,13970000,-600385.6913902941,299.8691210402104,711,2:26:13
27.9%,13975000,-598766.8787420252,298.52459126638445,711,2:26:12
27.9%,13980000,-599542.7815635055,299.6582923344564,711,2:26:11
27.9%,13985000,-598544.0790969259,300.26131542220827,711,2:26:09
28.0%,13990000,-599898.217119046,299.8004802770385,711,2:26:08
28.0%,13995000,-600758.954299449,301.4975851217391,711,2:26:07
28.0%,14000000,-599569.8754039789,299.29720463140853,711,2:26:06
28.0%,14005000,-599184.5969077437,300.3277237659919,711,2:26:05
28.0%,14010000,-598512.63813646,300.17498702849775,711,2:26:04
28.0%,14015000,-598950.6641845969,299.5148532557336,711,2:26:02
28.0%,14020000,-598310.9137816792,298.9988699920468,711,2:26:01
28.0%,14025000,-599087.7321925922,301.105734188878,711,2:26:00
28.0%,14030000,-598336.7518228949,299.80803615804524,711,2:25:59
28.0%,14035000,-599165.3380831373,297.33216039594157,711,2:25:57
28.1%,14040000,-599977.3226909447,298.98351290922136,711,2:25:56
28.1%,14045000,-600620.1472128974,300.07587742048673,711,2:25:55
28.1%,14050000,-600313.9871142106,300.6863337288395,711,2:25:54
28.1%,14055000,-599599.6194835352,300.86684078224164,711,2:25:53
28.1%,14060000,-598960.3130366579,301.1551908645587,711,2:25:51
28.1%,14065000,-600224.441509461,300.1339448566655,711,2:25:50
28.1%,14070000,-599019.4407418235,299.5449050551924,711,2:25:49
28.1%,14075000,-598464.3272788101,300.5491993949827,711,2:25:48
28.1%,14080000,-600491.8488965491,299.2066567197332,711,2:25:47
28.1%,14085000,-598470.1253188122,299.6322883283941,711,2:25:45
28.2%,14090000,-601019.9928872352,299.45752178199064,711,2:25:44
28.2%,14095000,-599789.4736415548,299.74351678451336,711,2:25:43
28.2%,14100000,-599404.0340226381,300.520693116639,711,2:25:42
28.2%,14105000,-600477.026824858,300.79402956526724,711,2:25:41
28.2%,14110000,-599509.8897250732,298.946444934542,711,2:25:39
28.2%,14115000,-598808.9783777529,299.9288811899913,711,2:25:38
28.2%,14120000,-599708.5574096595,300.11122814948277,711,2:25:37
28.2%,14125000,-600897.2121100896,300.76262850134293,711,2:25:36
28.2%,14130000,-599358.220073177,299.89301528729027,711,2:25:35
28.2%,14135000,-599505.3240227913,299.31916084407436,711,2:25:33
28.3%,14140000,-600368.3196849367,300.8449336337382,711,2:25:32
28.3%,14145000,-599670.8021643129,301.73032097599656,711,2:25:31
28.3%,14150000,-599292.6426733318,304.30663107849546,711,2:25:30
28.3%,14155000,-600350.9780973853,303.954203200108,711,2:25:29
28.3%,14160000,-599250.5723456945,299.63434902321416,711,2:25:27
28.3%,14165000,-599943.4908123352,297.463210773663,711,2:25:26
28.3%,14170000,-599344.660014702,301.6077096342048,711,2:25:25
28.3%,14175000,-597838.3414010354,299.7261235389491,711,2:25:24
28.3%,14180000,-599907.41716517,298.8102182876893,711,2:25:22
28.3%,14185000,-599202.1338781039,298.31820286732597,711,2:25:21
28.4%,14190000,-600781.7666064841,298.62608048627095,711,2:25:20
28.4%,14195000,-598969.5323796263,302.5894344592995,711,2:25:19
28.4%,14200000,-600414.502076833,299.85739470540125,711,2:25:17
28.4%,14205000,-599344.2630378408,302.2904619858269,711,2:25:16
28.4%,14210000,-599210.9650107296,299.7111344373415,711,2:25:15
28.4%,14215000,-600843.9136472633,300.7629964825608,711,2:25:14
28.4%,14220000,-600378.9778968655,301.9733848364354,711,2:25:13
28.4%,14225000,-600108.7135179564,298.928193066136,711,2:25:11
28.4%,14230000,-600531.6515197372,300.05998063187513,711,2:25:10
28.4%,14235000,-599721.4047660152,301.64443415974745,711,2:25:09
28.5%,14240000,-598834.7988747456,300.8142930643309,711,2:25:08
28.5%,14245000,-600818.8718774719,299.81333508758246,711,2:25:06
28.5%,14250000,-599515.0982362153,301.33049711674835,711,2:25:05
28.5%,14255000,-599704.1124506104,300.96585226192786,711,2:25:04
28.5%,14260000,-598477.1560770674,300.3398426141001,711,2:25:03
28.5%,14265000,-598376.9527334715,297.81377421388004,711,2:25:02
28.5%,14270000,-601918.3842473542,299.63103719225336,711,2:25:00
28.5%,14275000,-598423.6680319998,298.4184654831529,711,2:24:59
28.5%,14280000,-598820.2440555184,301.59821571878393,711,2:24:58
28.5%,14285000,-599172.0090817623,298.913792734477,711,2:24:57
28.6%,14290000,-600059.5973895136,300.81993544300474,711,2:24:55
28.6%,14295000,-600029.9100036514,299.5209126797877,711,2:24:54
28.6%,14300000,-598529.9436141057,301.42298306283783,711,2:24:53
28.6%,14305000,-599169.414791631,299.9215706297964,711,2:24:52
28.6%,14310000,-598775.6531331362,301.07386701541105,711,2:24:51
28.6%,14315000,-599607.0450271927,300.9358249945502,711,2:24:50
28.6%,14320000,-599737.5479901438,300.2048916354694,711,2:24:48
28.6%,14325000,-599410.8432810279,298.4662785093938,711,2:24:47
28.6%,14330000,-599810.9679789725,298.4010722375886,711,2:24:46
28.6%,14335000,-600693.7015226567,301.11544889302957,711,2:24:45
28.7%,14340000,-599454.8123035529,301.05107671198476,711,2:24:43
28.7%,14345000,-599012.8086021962,299.50113982234797,711,2:24:42
28.7%,14350000,-598596.4806493116,301.91509661152594,711,2:24:41
28.7%,14355000,-599649.4227697933,302.53247096677444,711,2:24:40
28.7%,14360000,-599503.6364213531,302.4023037439759,711,2:24:39
28.7%,14365000,-599897.8459484861,301.5771181289598,711,2:24:37
28.7%,14370000,-600138.6780487937,298.43504917003787,711,2:24:36
28.7%,14375000,-600382.7831593631,303.03739026184417,711,2:24:35
28.7%,14380000,-598555.2927190252,302.73098456777063,711,2:24:34
28.7%,14385000,-600032.169016662,300.0867696645355,711,2:24:32
28.8%,14390000,-599867.6896553547,302.2073963589147,711,2:24:31
28.8%,14395000,-599704.134577631,301.09312469914585,711,2:24:30
28.8%,14400000,-600362.6991939698,298.8867583810047,711,2:24:29
28.8%,14405000,-600747.2450377084,299.8634786615366,711,2:24:28
28.8%,14410000,-599087.2029318451,297.7695183394118,711,2:24:27
28.8%,14415000,-598826.0297729243,299.76458984225627,711,2:24:25
28.8%,14420000,-600208.3280055416,300.4031353835725,711,2:24:24
28.8%,14425000,-600142.6705931551,303.16142446434503,711,2:24:23
28.8%,14430000,-598610.7974280184,304.3082501958541,711,2:24:22
28.8%,14435000,-600267.5184666659,301.6192887765269,711,2:24:20
28.9%,14440000,-599521.221765541,301.9913177877859,711,2:24:19
28.9%,14445000,-598916.4343928676,298.5286881239433,711,2:24:18
28.9%,14450000,-600585.3825022201,302.80803983479103,711,2:24:17
28.9%,14455000,-599011.945587758,301.33714531075105,711,2:24:16
28.9%,14460000,-599344.9060059534,299.7759481958476,711,2:24:14
28.9%,14465000,-600125.0970212719,300.02941365871135,711,2:24:13
28.9%,14470000,-599650.5977804256,302.3500749431206,711,2:24:12
28.9%,14475000,-599253.9739655191,301.12025718094293,711,2:24:11
28.9%,14480000,-599606.9404999372,300.439197542923,711,2:24:09
28.9%,14485000,-599028.0862984597,301.89419527835133,711,2:24:08
29.0%,14490000,-599626.2003916414,297.7707694755525,711,2:24:07
29.0%,14495000,-600030.9371821424,299.77815608315484,711,2:24:06
29.0%,14500000,-602178.642439669,300.19809624897954,711,2:24:04
29.0%,14505000,-600272.0848981617,299.9740202193824,711,2:24:03
29.0%,14510000,-599836.9167758925,300.41388043513405,711,2:24:02
29.0%,14515000,-600429.4869738366,297.5028546168674,711,2:24:01
29.0%,14520000,-598868.8730081893,301.6058942601967,711,2:24:00
29.0%,14525000,-600064.4384978632,301.92459052694676,711,2:23:58
29.0%,14530000,-599653.2710257554,299.8293300045189,711,2:23:57
29.0%,14535000,-598874.0050847209,299.94367403494937,711,2:23:56
29.1%,14540000,-599100.3967582355,302.0416821504706,711,2:23:55
29.1%,14545000,-597822.328180525,300.62968915336984,711,2:23:53
29.1%,14550000,-599719.6918847323,299.3029451384072,711,2:23:52
29.1%,14555000,-599698.4191111359,301.01315011446377,711,2:23:51
29.1%,14560000,-600150.6908316454,299.20690204054506,711,2:23:50
29.1%,14565000,-600474.8550684792,303.22520787544124,711,2:23:49
29.1%,14570000,-598837.2645013109,301.92785329374516,711,2:23:48
29.1%,14575000,-600206.7399272271,298.5603345086795,711,2:23:46
29.1%,14580000,-599000.4970012591,297.97065687309544,711,2:23:45
29.1%,14585000,-599526.2728956821,302.20754355140184,711,2:23:44
29.2%,14590000,-599549.7796368813,299.3503656513491,711,2:23:43
29.2%,14595000,-599976.0378749506,302.70076104374357,711,2:23:41
29.2%,14600000,-599564.5079816678,298.44743787103926,711,2:23:40
29.2%,14605000,-598870.5092389355,297.3918224173977,711,2:23:39
29.2%,14610000,-599352.2375158905,300.6367298606716,711,2:23:38
29.2%,14615000,-600293.5139025575,301.5603872495877,711,2:23:37
29.2%,14620000,-599727.4234453938,298.26810835753423,711,2:23:35
29.2%,14625000,-600210.6015312285,298.2946520693828,711,2:23:34
29.2%,14630000,-599311.3456036812,299.05264431401713,711,2:23:33
29.2%,14635000,-599152.1819234034,300.1591393040485,711,2:23:32
29.3%,14640000,-599682.6780867018,301.0948910089916,711,2:23:31
29.3%,14645000,-600138.5072420952,296.37450154249507,711,2:23:29
29.3%,14650000,-599841.8188533033,303.1806330839175,711,2:23:28
29.3%,14655000,-601231.70267015,300.5836424369747,711,2:23:27
29.3%,14660000,-599849.6296609705,301.6456362317258,711,2:23:26
29.3%,14665000,-599516.7120617083,300.3081471652016,711,2:23:25
29.3%,14670000,-599528.7319602701,299.60314421593944,711,2:23:23
29.3%,14675000,-599781.4430206404,301.8891907337884,711,2:23:22
29.3%,14680000,-598709.3017085348,298.2284399822487,711,2:23:21
29.3%,14685000,-598471.3484287169,301.50744701837783,711,2:23:20
29.4%,14690000,-599537.8686401425,298.55851913467137,711,2:23:18
29.4%,14695000,-598850.3310827683,300.80597668880716,711,2:23:17
29.4%,14700000,-599954.6399324392,300.59021703473377,711,2:23:16
29.4%,14705000,-599608.4850453543,298.6538508021789,711,2:23:15
29.4%,14710000,-599812.7495935839,300.3547581194642,711,2:23:14
29.4%,14715000,-599616.59934066,303.8256796267492,711,2:23:12
29.4%,14720000,-599937.974629241,300.0146453458344,711,2:23:11
29.4%,14725000,-600498.3290559086,300.62593574494764,711,2:23:10
29.4%,14730000,-599182.0518329614,300.60464189847403,711,2:23:09
29.4%,14735000,-599393.1250475305,300.1122339648116,711,2:23:07
29.5%,14740000,-600345.3092664694,301.228247402345,711,2:23:06
29.5%,14745000,-598083.8603174044,300.24200867431114,711,2:23:05
29.5%,14750000,-599644.0027510286,301.9775552902378,711,2:23:04
29.5%,14755000,-599865.7420870038,300.47445014359425,711,2:23:03
29.5%,14760000,-598553.3935331441,302.39840314306656,711,2:23:02
29.5%,14765000,-599763.9080879041,298.589969262758,711,2:23:00
29.5%,14770000,-599366.4018652779,302.3260580356348,711,2:22:59
29.5%,14775000,-600093.1271073422,299.77589913168526,711,2:22:58
29.5%,14780000,-600666.051713625,299.26764347357357,711,2:22:57
29.5%,14785000,-600061.4660609276,302.60275537938617,711,2:22:55
29.6%,14790000,-600263.7856838354,302.4641245885768,711,2:22:54
29.6%,14795000,-598990.0628799596,300.3570886671773,711,2:22:53
29.6%,14800000,-599824.4631129559,300.7249962887962,711,2:22:52
29.6%,14805000,-599737.0201558429,300.3905504259216,711,2:22:51
29.6%,14810000,-599095.4962643143,298.76164476693145,711,2:22:49
29.6%,14815000,-599020.7941052946,302.5555801872562,711,2:22:48
29.6%,14820000,-599768.1665471853,297.26288179865867,711,2:22:47
29.6%,14825000,-599216.7028229586,300.47901311069575,711,2:22:46
29.6%,14830000,-599258.6657143189,301.46534996705435,711,2:22:44
29.6%,14835000,-599661.4471554072,301.422492421214,711,2:22:43
29.7%,14840000,-599969.6559693725,298.4164783845764,711,2:22:42
29.7%,14845000,-599109.1633767006,300.89291838454744,711,2:22:41
29.7%,14850000,-599164.8225706215,298.3352035995912,711,2:22:39
29.7%,14855000,-598180.6855913498,299.4453048055576,711,2:22:38
29.7%,14860000,-598546.7255996545,302.41290160305033,711,2:22:37
29.7%,14865000,-600025.9907387169,302.77129077716717,711,2:22:36
29.7%,14870000,-598686.4634133973,300.66656087139967,711,2:22:35
29.7%,14875000,-598745.6059958814,299.1286447015463,711,2:22:33
29.7%,14880000,-599515.5018792427,299.86502418265155,711,2:22:32
29.7%,14885000,-598353.5054492401,303.695168954814,711,2:22:31
29.8%,14890000,-600390.5774594778,300.4210192707606,711,2:22:30
29.8%,14895000,-599431.8508354309,300.38149808796214,711,2:22:28
29.8%,14900000,-600299.4312499752,302.3964651086525,711,2:22:27
29.8%,14905000,-598854.1352745933,299.6063824506566,711,2:22:26
29.8%,14910000,-599874.5153999282,297.68164442458624,711,2:22:25
29.8%,14915000,-599546.1335565546,300.26619730636526,711,2:22:24
29.8%,14920000,-600176.2925258186,297.9975440340806,711,2:22:22
29.8%,14925000,-600371.5968828304,299.97043853552856,711,2:22:21
29.8%,14930000,-600061.7999319728,300.29671521536665,711,2:22:20
29.8%,14935000,-599743.3235838893,299.88212304324156,711,2:22:19
29.9%,14940000,-598377.5280986927,300.024482710392,711,2:22:17
29.9%,14945000,-598961.3304424989,297.1978227193406,711,2:22:16
29.9%,14950000,-599568.7048087022,302.15531475054655,711,2:22:15
29.9%,14955000,-599508.3342542155,300.40828712062256,711,2:22:14
29.9%,14960000,-599794.1636328097,297.29349783598485,711,2:22:13
29.9%,14965000,-599810.1602154584,298.86276600560007,711,2:22:12
29.9%,14970000,-599600.0454237796,297.27946548554365,711,2:22:10
29.9%,14975000,-599827.8867146261,299.61467429409913,711,2:22:09
29.9%,14980000,-599976.0711528207,300.691927043351,711,2:22:08
29.9%,14985000,-597934.4639257905,299.88212304324156,711,2:22:07
30.0%,14990000,-599063.7280548606,303.6557459003403,711,2:22:05
30.0%,14995000,-600008.2981217452,299.52056923065106,711,2:22:04
30.0%,15000000,-598782.5044965334,298.00051241590467,711,2:22:03
30.0%,15005000,-599614.9157018755,298.93896264977883,711,2:22:02
30.0%,15010000,-598632.8464317438,300.50148449706654,711,2:22:01
30.0%,15015000,-599196.8114564703,300.49797640945627,711,2:21:59
30.0%,15020000,-599132.7860611398,301.1586744200878,711,2:21:58
30.0%,15025000,-599579.9421601142,300.5681626937432,711,2:21:57
30.0%,15030000,-599726.9187855003,301.81579074686545,711,2:21:56
30.0%,15035000,-598388.4606880816,304.8001920199739,711,2:21:55
30.0%,15040000,-599682.0394843421,300.80217421622257,711,2:21:53
30.1%,15045000,-599705.9901981116,300.7596846516001,711,2:21:52
30.1%,15050000,-599923.9473897768,296.74778168989474,711,2:21:51
30.1%,15055000,-600147.1861584662,298.93135770460964,711,2:21:50
30.1%,15060000,-599227.8837914369,300.7463146673511,711,2:21:49
30.1%,15065000,-600074.733511027,301.54446592889485,711,2:21:47
30.1%,15070000,-599678.3986385455,302.0554201159375,711,2:21:46
30.1%,15075000,-599521.1432189103,298.4925523683492,711,2:21:45
30.1%,15080000,-599194.8239717977,300.77553237604934,711,2:21:44
30.1%,15085000,-599312.9149117968,299.58712476692176,711,2:21:42
30.1%,15090000,-599101.1265671062,301.4759232940477,711,2:21:41
30.2%,15095000,-600395.7814953546,303.85396511636225,711,2:21:40
30.2%,15100000,-599714.4611511612,299.30964239657226,711,2:21:39
30.2%,15105000,-599481.4434617991,300.68473914356207,711,2:21:38
30.2%,15110000,-599895.005215582,298.3196993242786,711,2:21:37
30.2%,15115000,-600804.3409100282,300.5593066124334,711,2:21:35
30.2%,15120000,-600221.7011819547,299.7520784808489,711,2:21:34
30.2%,15125000,-599737.027213946,300.23928561329893,711,2:21:33
30.2%,15130000,-599603.2131473012,300.77258852630644,711,2:21:32
30.2%,15135000,-601350.406695663,303.11407754764673,711,2:21:30
30.2%,15140000,-600658.6994894575,300.57696971089075,711,2:21:29
30.3%,15145000,-597893.4459594158,301.39982477819365,711,2:21:28
30.3%,15150000,-598490.6178831384,304.5700810984039,711,2:21:27
30.3%,15155000,-598852.4470838015,302.3551040197647,711,2:21:26
30.3%,15160000,-600997.9344057199,300.0109655336558,711,2:21:25
30.3%,15165000,-598613.000592534,299.27568999620416,711,2:21:23
30.3%,15170000,-600379.387401422,300.3530899379432,711,2:21:22
30.3%,15175000,-599734.9058112553,300.75556326196,711,2:21:21
30.3%,15180000,-600306.4413913679,303.1081898481609,711,2:21:20
30.3%,15185000,-599757.7034722464,300.78409407238496,711,2:21:18
30.3%,15190000,-598402.1551231253,300.41027421919904,711,2:21:17
30.4%,15195000,-600036.1168867201,298.6143786835429,711,2:21:16
30.4%,15200000,-599307.0784265683,300.7185688835242,711,2:21:15
30.4%,15205000,-599400.5350679448,303.00746112279137,711,2:21:14
30.4%,15210000,-598930.29722794,299.37558463081325,711,2:21:12
30.4%,15215000,-599963.3648811365,299.562470025325,711,2:21:11
30.4%,15220000,-600144.0634537884,300.9754688377546,711,2:21:10
30.4%,15225000,-599585.6919415263,298.0988860614799,711,2:21:09
30.4%,15230000,-598735.9930027784,299.6943299617257,711,2:21:07
30.4%,15235000,-599395.2861997397,301.1058813813651,711,2:21:06
30.4%,15240000,-600314.0455563287,297.7745474160559,711,2:21:05
30.5%,15245000,-600441.2276378507,299.8944381479994,711,2:21:04
30.5%,15250000,-599181.7929789904,296.8590592101764,711,2:21:03
30.5%,15255000,-599644.8400410311,300.1365943214341,711,2:21:01
30.5%,15260000,-599712.5971588502,301.55182555325206,711,2:21:00
30.5%,15265000,-600013.8103961493,301.7432248507029,711,2:20:59
30.5%,15270000,-600006.8713887068,299.40364933169553,711,2:20:58
30.5%,15275000,-599071.7443639766,300.3226210931042,711,2:20:57
30.5%,15280000,-600268.6698942124,299.26631874118925,711,2:20:55
30.5%,15285000,-599774.070475054,300.769448419914,711,2:20:54
30.5%,15290000,-598892.8980701435,299.59387108924926,711,2:20:53
30.6%,15295000,-598584.5352474223,300.428526087605,711,2:20:52
30.6%,15300000,-598496.0527748093,298.7505807983144,711,2:20:50
30.6%,15305000,-599376.0302232876,300.9754443056735,711,2:20:49
30.6%,15310000,-599269.0684177475,299.30581539190655,711,2:20:48
30.6%,15315000,-599772.549294929,301.5439507551898,711,2:20:47
30.6%,15320000,-599387.8624062827,300.18759651822984,711,2:20:46
30.6%,15325000,-598576.2550691538,298.84014742674213,711,2:20:44
30.6%,15330000,-599091.7915325626,297.9963664941834,711,2:20:43
30.6%,15335000,-600009.4233692377,299.20444883242595,711,2:20:42
30.6%,15340000,-599458.5324497567,300.3762482225874,711,2:20:41
30.7%,15345000,-598755.4173223116,303.3684752295957,711,2:20:40
30.7%,15350000,-598628.2524660807,297.267297573273,711,2:20:38
30.7%,15355000,-599551.9653970636,301.4873061797202,711,2:20:37
30.7%,15360000,-599730.3545002416,299.4122355601124,711,2:20:36
30.7%,15365000,-599325.6293860031,300.8558258777869,711,2:20:35
30.7%,15370000,-600668.9649800747,301.3842223745563,711,2:20:34
30.7%,15375000,-599326.3604033007,299.8652695034635,711,2:20:32
30.7%,15380000,-600717.510217594,300.57937385484746,711,2:20:31
30.7%,15385000,-600247.8617624883,299.62507589652404,711,2:20:30
30.7%,15390000,-599269.8115646038,302.2831759577132,711,2:20:29
30.8%,15395000,-597996.2592106364,299.903392357634,711,2:20:28
30.8%,15400000,-600856.5625301995,300.2672276537753,711,2:20:26
30.8%,15405000,-599466.7697877041,301.2133073648998,711,2:20:25
30.8%,15410000,-600372.0631925962,299.36775889691336,711,2:20:24
30.8%,15415000,-600164.9390418641,298.9043724152997,711,2:20:23
30.8%,15420000,-598403.7202751669,300.4634843033019,711,2:20:22
30.8%,15425000,-598737.0948939091,300.58393682194895,711,2:20:20
30.8%,15430000,-598600.62908427,298.2750264044301,711,2:20:19
30.8%,15435000,-598881.1269202163,299.77526129757433,711,2:20:18
30.8%,15440000,-599961.7638937095,298.1245956825679,711,2:20:17
30.9%,15445000,-597218.4014659212,298.68098328397605,711,2:20:15
30.9%,15450000,-599214.3347384064,300.2762309275723,711,2:20:14
30.9%,15455000,-600333.0292121666,304.33685460252264,711,2:20:13
30.9%,15460000,-599397.0144766755,300.90805467864226,711,2:20:12
30.9%,15465000,-599313.7851778222,299.4115241297578,711,2:20:11
30.9%,15470000,-599595.2919680239,302.37232554076064,711,2:20:09
30.9%,15475000,-599753.7275559492,301.1225877286561,711,2:20:08
30.9%,15480000,-599085.611142063,299.1563168891296,711,2:20:07
30.9%,15485000,-599664.6631850963,301.96543644212954,711,2:20:06
30.9%,15490000,-599718.9469166761,301.07644288393607,711,2:20:05
31.0%,15495000,-598219.4086261825,301.719968437734,711,2:20:03
31.0%,15500000,-599555.1567243095,298.5683319671477,711,2:20:02
31.0%,15505000,-598873.4067552611,299.5390173557066,710,2:20:01
31.0%,15510000,-599422.0638177213,300.10377039680077,710,2:20:00
31.0%,15515000,-599299.8108903067,300.706842548715,711,2:19:59
31.0%,15520000,-598688.857035208,300.8140477435189,710,2:19:58
31.0%,15525000,-599074.3098474666,300.252017763437,710,2:19:56
31.0%,15530000,-600000.8100199751,298.82351467569475,711,2:19:55
31.0%,15535000,-599533.5406395067,298.5632783584224,711,2:19:54
31.0%,15540000,-599512.3809089693,301.34475025592025,711,2:19:53
31.1%,15545000,-598854.724263947,299.40264351636677,711,2:19:51
31.1%,15550000,-600567.3879601839,301.3913612101828,711,2:19:50
31.1%,15555000,-600113.9794675834,299.3221537579796,710,2:19:49
31.1%,15560000,-599994.2416572766,300.82545516127266,710,2:19:48
31.1%,15565000,-599649.8673634268,300.519417448417,710,2:19:47
31.1%,15570000,-600050.6031685886,297.6477901525428,710,2:19:46
31.1%,15575000,-597105.2911195122,301.7770545906651,710,2:19:44
31.1%,15580000,-598078.6678639129,300.24882859288215,710,2:19:43
31.1%,15585000,-599630.1381856706,298.91374367031466,710,2:19:42
31.1%,15590000,-598914.7173699178,300.2312881548307,710,2:19:41
31.2%,15595000,-599240.6401519347,299.55466882350635,710,2:19:39
31.2%,15600000,-599392.8165025245,299.0784029992675,710,2:19:38
31.2%,15605000,-598804.1121512866,298.16718337551515,710,2:19:37
31.2%,15610000,-599662.5049120961,298.4164783845764,710,2:19:36
31.2%,15615000,-600258.4724407238,299.2823381902069,710,2:19:35
31.2%,15620000,-601799.2415164011,301.56526913374466,710,2:19:33
31.2%,15625000,-599750.0160054304,302.0158744010579,710,2:19:32
31.2%,15630000,-598396.8114826027,300.17268101286584,710,2:19:31
31.2%,15635000,-600599.9279374406,299.68341318559584,710,2:19:30
31.2%,15640000,-599779.7777944179,300.55022974239273,710,2:19:29
31.3%,15645000,-599357.064509599,300.7583599192157,710,2:19:27
31.3%,15650000,-599659.266820455,300.19515239923663,710,2:19:26
31.3%,15655000,-598542.4561742367,300.54051503824115,710,2:19:25
31.3%,15660000,-600629.9468139699,299.77913736640244,710,2:19:24
31.3%,15665000,-599682.484665697,297.2488985123799,710,2:19:23
31.3%,15670000,-599784.3969237995,300.3601061131638,710,2:19:21
31.3%,15675000,-599730.6439312403,301.3476695735819,710,2:19:20
31.3%,15680000,-597267.2516073836,297.4353913935926,710,2:19:19
31.3%,15685000,-599369.9584006811,297.9113137686948,710,2:19:18
31.3%,15690000,-599616.9897722048,301.4130230378743,710,2:19:17
31.4%,15695000,-599602.8583095488,299.8697834064026,710,2:19:15
31.4%,15700000,-600732.153015818,300.8793030794866,710,2:19:14
31.4%,15705000,-599630.4870958365,300.4529845725523,710,2:19:13
31.4%,15710000,-598180.1677628327,298.80396260698564,710,2:19:12
31.4%,15715000,-600775.8862897577,303.1809520009729,710,2:19:11
31.4%,15720000,-599895.4904662995,300.37305905203254,710,2:19:09
31.4%,15725000,-599313.0377545343,299.3106236798199,710,2:19:08
31.4%,15730000,-598833.5662068054,299.82147973853785,710,2:19:07
31.4%,15735000,-599316.4576596711,298.2587371025194,710,2:19:06
31.4%,15740000,-599665.5621132711,301.3231865565535,710,2:19:05
31.5%,15745000,-600426.3699350259,296.7706701216458,710,2:19:03
31.5%,15750000,-599566.1662670937,302.0582413052744,710,2:19:02
31.5%,15755000,-599134.7961753369,300.065623010549,710,2:19:01
31.5%,15760000,-599594.9973071227,300.9774314042499,710,2:19:00
31.5%,15765000,-600042.574033339,298.91028464686667,710,2:18:59
31.5%,15770000,-599561.641671008,300.20506336003774,710,2:18:57
31.5%,15775000,-598669.5681306217,300.2045727184139,710,2:18:56
31.5%,15780000,-598681.0445887772,301.43672102830465,710,2:18:55
31.5%,15785000,-599829.0867685876,300.2762309275723,710,2:18:54
31.5%,15790000,-601087.1433976246,299.71069285988006,710,2:18:52
31.6%,15795000,-599157.9526789906,299.8930888835339,710,2:18:51
31.6%,15800000,-599942.2600497315,294.86948289351864,710,2:18:50
31.6%,15805000,-599039.7880398957,299.5087938316795,710,2:18:49
31.6%,15810000,-600564.2279684716,300.2336922987874,710,2:18:48
31.6%,15815000,-599452.5552013135,302.53492417489355,710,2:18:47
31.6%,15820000,-599649.8485337808,302.995980108794,710,2:18:45
31.6%,15825000,-599108.8250437942,304.7942552563257,710,2:18:44
31.6%,15830000,-599699.5330822351,302.937863608453,710,2:18:43
31.6%,15835000,-598934.8700496908,300.58624283758087,710,2:18:42
31.6%,15840000,-599991.5206475686,301.4377759077959,710,2:18:40
31.7%,15845000,-599615.2376891584,298.8421099932374,710,2:18:39
31.7%,15850000,-599106.8910309747,299.92363132461645,710,2:18:38
31.7%,15855000,-599987.0628777021,299.157396300702,710,2:18:37
31.7%,15860000,-599050.8113456122,297.62127097277556,710,2:18:36
31.7%,15865000,-599039.9670349429,302.5291100716513,710,2:18:34
31.7%,15870000,-600211.0471374998,301.42263961370116,710,2:18:33
31.7%,15875000,-599119.9647597093,299.9571421475231,710,2:18:32
31.7%,15880000,-599518.472092574,299.4144434474195,710,2:18:31
31.7%,15885000,-599102.7709291987,299.70475609623185,710,2:18:30
31.7%,15890000,-598871.1659805286,299.81686770727396,710,2:18:28
31.8%,15895000,-599463.2873931434,300.72072770666904,710,2:18:27
31.8%,15900000,-599659.8879901557,301.3777459051219,710,2:18:26
31.8%,15905000,-599004.2118999963,299.8170148997611,710,2:18:25
31.8%,15910000,-598609.2245071474,301.4837244958663,710,2:18:24
31.8%,15915000,-599672.3729084539,303.1986641635927,710,2:18:22
31.8%,15920000,-599120.1739787213,301.8421382020644,710,2:18:21
31.8%,15925000,-599095.410209347,297.5719860216632,710,2:18:20
31.8%,15930000,-598255.1881144121,300.33253205390525,710,2:18:19
31.8%,15935000,-599610.9627634301,302.110764491104,710,2:18:17
31.8%,15940000,-599546.7817719113,302.2472119266874,710,2:18:16
31.9%,15945000,-599171.9266441227,300.53811089428444,710,2:18:15
31.9%,15950000,-598563.0922029563,299.2664904657576,710,2:18:14
31.9%,15955000,-598140.7952803746,302.52795706383534,710,2:18:13
31.9%,15960000,-597800.0195118478,298.5564584398513,710,2:18:12
31.9%,15965000,-599386.702733187,299.33684847461296,710,2:18:10
31.9%,15970000,-599198.818172256,298.606945462942,710,2:18:09
31.9%,15975000,-599203.9893555483,300.98827458413626,710,2:18:08
31.9%,15980000,-599800.1024753349,301.26560976199863,710,2:18:07
31.9%,15985000,-599384.096232797,299.2799585783314,710,2:18:05
31.9%,15990000,-599281.7515860456,298.8845995578599,710,2:18:04
32.0%,15995000,-599154.6528347237,302.07151316119865,710,2:18:03
32.0%,16000000,-599904.3856501789,297.43524420110543,710,2:18:02
32.0%,16005000,-598633.1701354692,296.68358123341835,710,2:18:01
32.0%,16010000,-600925.4464862146,304.2616392415915,710,2:17:59
32.0%,16015000,-599129.8671731246,299.4314441796848,710,2:17:58
32.0%,16020000,-599174.1070375852,300.2682089370229,710,2:17:57
32.0%,16025000,-598120.1460073008,300.96222151391163,710,2:17:56
32.0%,16030000,-598820.4176975274,302.3973237314941,710,2:17:55
32.0%,16035000,-599631.1040190067,301.0726158792703,710,2:17:53
32.0%,16040000,-599384.719961442,300.66660993556206,710,2:17:52
32.1%,16045000,-599258.7108948263,300.4720214675564,710,2:17:51
32.1%,16050000,-597953.958442444,302.20837764216236,710,2:17:50
32.1%,16055000,-598962.7764821714,301.08753138463436,710,2:17:49
32.1%,16060000,-598444.2409912022,302.7015951345041,710,2:17:47
32.1%,16065000,-599865.2824360589,299.5017776564589,710,2:17:46
32.1%,16070000,-598686.2826560251,301.05436401086433,710,2:17:45
32.1%,16075000,-599911.0088037481,299.88487063633494,710,2:17:44
32.1%,16080000,-599427.995581774,301.43110318171193,710,2:17:43
32.1%,16085000,-598468.9088977966,302.178767420165,710,2:17:41
32.1%,16090000,-599353.1782346847,301.1929212054302,710,2:17:40
32.2%,16095000,-599191.2984217512,299.9785586544028,710,2:17:39
32.2%,16100000,-598945.1305960366,298.59472848650904,710,2:17:38
32.2%,16105000,-598836.7232148848,300.2116870219592,710,2:17:37
32.2%,16110000,-598736.3002438941,300.08294265986973,710,2:17:35
32.2%,16115000,-600053.4804725335,302.9502523094543,710,2:17:34
32.2%,16120000,-600574.5721326317,299.20901179952745,710,2:17:33
32.2%,16125000,-599854.6307375152,301.8256035793418,710,2:17:32
32.2%,16130000,-599544.9527126066,301.1159395346533,710,2:17:31
32.2%,16135000,-599607.9074598141,301.4035045903723,710,2:17:29
32.2%,16140000,-601166.3264123113,300.8647310232592,710,2:17:28
32.3%,16145000,-600838.2167062298,300.73843986928875,710,2:17:27
32.3%,16150000,-599547.6832609572,302.7731797474189,710,2:17:26
32.3%,16155000,-600200.188986199,301.1585272276006,710,2:17:24
32.3%,16160000,-599753.8824341688,300.16934464982387,710,2:17:23
32.3%,16165000,-600114.0462377956,300.1499152415207,710,2:17:22
32.3%,16170000,-599344.2892624321,299.49692030438314,710,2:17:21
32.3%,16175000,-600166.1372502744,299.58288071687576,710,2:17:20
32.3%,16180000,-599109.3771975604,301.61688463257013,710,2:17:18
32.3%,16185000,-598175.2648462211,299.1431922256925,710,2:17:17
32.3%,16190000,-599369.0287970616,301.3191878273194,710,2:17:16
32.4%,16195000,-599303.6573717259,299.19664763060734,710,2:17:15
32.4%,16200000,-598216.1874908125,300.28015606056283,710,2:17:13
32.4%,16205000,-600137.6192752607,298.64712901193263,710,2:17:12
32.4%,16210000,-598471.1011300683,302.019873130292,710,2:17:11
32.4%,16215000,-599628.0632738047,299.73188857802893,710,2:17:10
32.4%,16220000,-599714.891308886,299.50508948741964,710,2:17:09
32.4%,16225000,-599587.7816069331,300.656968827654,710,2:17:08
32.4%,16230000,-599808.7079961803,301.5746403887595,710,2:17:06
32.4%,16235000,-599608.871208237,300.81618203458254,710,2:17:05
32.4%,16240000,-599105.3571967129,302.7432506083661,710,2:17:04
32.5%,16245000,-600870.4974327553,304.25295488484994,710,2:17:03
32.5%,16250000,-599754.9832913238,297.543945852862,710,2:17:01
32.5%,16255000,-599174.4836622146,303.1333352313815,710,2:17:00
32.5%,16260000,-600684.632981122,300.59178708793,710,2:16:59
32.5%,16265000,-598534.6103932397,299.2430377961392,710,2:16:58
32.5%,16270000,-600216.752450678,299.03777787281547,710,2:16:57
32.5%,16275000,-599032.1089792768,297.47832253567657,710,2:16:55
32.5%,16280000,-600200.1520744092,296.7087511487201,710,2:16:54
32.5%,16285000,-599285.7663850533,298.81718539874754,710,2:16:53
32.5%,16290000,-599947.9036770281,299.8310963143647,710,2:16:52
32.6%,16295000,-599580.2756183767,301.54726258615057,710,2:16:50
32.6%,16300000,-599654.0684154006,297.530575868613,710,2:16:49
32.6%,16305000,-600280.6639567167,300.57564497850643,710,2:16:48
32.6%,16310000,-600058.2414707872,299.3964859639878,710,2:16:47
32.6%,16315000,-599658.0372116552,300.7220524390533,710,2:16:46
32.6%,16320000,-600695.1711328733,301.9332012874448,710,2:16:44
32.6%,16325000,-599667.308637064,301.01530893760855,710,2:16:43
32.6%,16330000,-600303.6391187403,303.2645328015901,710,2:16:42
32.6%,16335000,-599578.9163918826,300.2718396850392,710,2:16:41
32.6%,16340000,-600421.1299311956,301.2515038153139,710,2:16:40
32.7%,16345000,-598819.0101289796,297.96391055076793,710,2:16:38
32.7%,16350000,-599667.3571447129,298.85064715749184,710,2:16:37
32.7%,16355000,-599156.9784105662,298.70836108658494,710,2:16:36
32.7%,16360000,-600505.1224560672,299.4262924426347,710,2:16:35
32.7%,16365000,-599384.8412314625,298.9755645149155,710,2:16:34
32.7%,16370000,-599193.3929972714,300.41770743979987,710,2:16:32
32.7%,16375000,-599582.8093991606,299.774451738895,710,2:16:31
32.7%,16380000,-599948.783082997,299.6963170603022,710,2:16:30
32.7%,16385000,-600451.2975308094,302.48433902347807,710,2:16:29
32.7%,16390000,-600243.6942190635,300.701960664558,710,2:16:27
32.8%,16395000,-600010.0728160846,300.1102959303975,710,2:16:26
32.8%,16400000,-600587.1828906103,302.16022116678477,710,2:16:25
32.8%,16405000,-599183.9412232768,300.5257957895266,710,2:16:24
32.8%,16410000,-599776.123226638,296.69962521451714,710,2:16:23
32.8%,16415000,-598483.1361818966,299.94141708347985,710,2:16:21
32.8%,16420000,-599588.1775171831,299.63076733936026,710,2:16:20
32.8%,16425000,-599363.4612883478,300.29048406674417,710,2:16:19
32.8%,16430000,-599871.2669296805,299.99514234128776,710,2:16:18
32.8%,16435000,-600009.8256563786,299.71280261886244,710,2:16:17
32.8%,16440000,-599225.4127114867,302.2127934167767,710,2:16:15
32.9%,16445000,-601677.4534003763,300.652724777608,710,2:16:14
32.9%,16450000,-599094.041544518,298.85768786479355,710,2:16:13
32.9%,16455000,-598663.5764107648,302.0253928485599,710,2:16:12
32.9%,16460000,-599085.1162156453,300.45543778067133,710,2:16:11
32.9%,16465000,-599607.3974223267,298.5058732884358,710,2:16:09
32.9%,16470000,-599447.4149138196,299.6722265565728,710,2:16:08
32.9%,16475000,-598422.5922270976,302.7983987268831,710,2:16:07
32.9%,16480000,-599885.2945393147,302.5389229041277,710,2:16:06
32.9%,16485000,-600638.6729647112,297.4815362383126,710,2:16:04
32.9%,16490000,-599866.8497312977,299.62159234099494,710,2:16:03
33.0%,16495000,-599963.8413606882,301.58393804753086,710,2:16:02
33.0%,16500000,-599891.0466774828,302.0874099498103,710,2:16:01
33.0%,16505000,-597681.2534270119,301.0283109406397,710,2:16:00
33.0%,16510000,-599360.1240719869,299.6605492859259,710,2:15:58
33.0%,16515000,-599961.5575252692,299.9696044447681,710,2:15:57
33.0%,16520000,-598598.5964850807,301.78973767664075,710,2:15:56
33.0%,16525000,-598857.0060919826,303.91019264645166,710,2:15:55
33.0%,16530000,-599879.2213416942,300.77543424772455,710,2:15:53
33.0%,16535000,-599241.2289246931,300.11189051567493,710,2:15:52
33.0%,16540000,-599537.4861566629,301.10951212938136,710,2:15:51
33.1%,16545000,-598071.742653816,303.04168337605256,710,2:15:50
33.1%,16550000,-599206.6260646195,299.091061553162,710,2:15:48
33.1%,16555000,-600490.2676102943,303.5602670403456,710,2:15:47
33.1%,16560000,-599625.3761422667,297.6926838611221,710,2:15:46
33.1%,16565000,-599964.2703982829,299.47999316836143,710,2:15:45
33.1%,16570000,-600273.6941327262,298.88121413065556,710,2:15:44
33.1%,16575000,-600256.4460194139,301.2698292799634,710,2:15:42
33.1%,16580000,-598169.4138858994,300.8488587667287,710,2:15:41
33.1%,16585000,-598617.5707693333,299.4661570745698,710,2:15:40
33.1%,16590000,-598943.0989705804,301.71908528281114,710,2:15:39
33.2%,16595000,-599127.433710448,299.7144708003834,710,2:15:37
33.2%,16600000,-600506.8867046749,300.4559774864575,710,2:15:36
33.2%,16605000,-599260.1955381096,298.2854770710174,710,2:15:35
33.2%,16610000,-599829.6062568915,299.24924441268047,710,2:15:34
33.2%,16615000,-599389.5118189487,300.01788358055165,710,2:15:33
33.2%,16620000,-599093.9205394797,299.8654902921942,710,2:15:31
33.2%,16625000,-600620.2932681707,301.55005924340634,710,2:15:30
33.2%,16630000,-599574.3994196714,302.25484140393775,710,2:15:29
33.2%,16635000,-599914.410017218,301.21475475769,710,2:15:28
33.2%,16640000,-600486.1003453885,300.25393126576984,710,2:15:26
33.3%,16645000,-599381.8808831591,299.0042179857464,710,2:15:25
33.3%,16650000,-600160.2005348275,300.5290830884062,710,2:15:24
33.3%,16655000,-598484.9969172208,298.4048011139296,710,2:15:23
33.3%,16660000,-598955.862838597,301.97924800384,710,2:15:22
33.3%,16665000,-599507.8279164801,300.09086652209436,710,2:15:20
33.3%,16670000,-600925.9579132316,301.7984220333823,710,2:15:19
33.3%,16675000,-598392.7796296659,300.34813445754264,710,2:15:18
33.3%,16680000,-599836.5070986296,298.4650519053343,710,2:15:17
33.3%,16685000,-598070.0435724212,298.6481593593426,710,2:15:15
33.3%,16690000,-599915.7596505624,299.8131878950953,710,2:15:14
33.4%,16695000,-599542.0735177347,300.02028772450836,710,2:15:13
33.4%,16700000,-599816.7803249164,299.39130969485655,710,2:15:12
33.4%,16705000,-599699.6891134,302.28060008918817,710,2:15:11
33.4%,16710000,-598551.1961720963,301.4352000392708,710,2:15:09
33.4%,16715000,-599621.6908459263,299.3421719362313,710,2:15:08
33.4%,16720000,-599178.5757208136,301.4400083271843,710,2:15:07
33.4%,16725000,-598686.956742188,300.1315897768712,710,2:15:06
33.4%,16730000,-599089.242477796,302.19240725730714,710,2:15:04
33.4%,16735000,-599450.0204669875,297.9096210550926,710,2:15:03
33.4%,16740000,-598805.9003346129,298.7959896805986,710,2:15:02
33.5%,16745000,-599505.0269632633,302.0402102255992,710,2:15:01
33.5%,16750000,-598566.8673421755,302.82266095518077,710,2:15:00
33.5%,16755000,-601242.1869716411,300.3184015751393,710,2:14:59
33.5%,16760000,-599820.8559292047,298.6525015377134,710,2:14:57
33.5%,16765000,-598379.1711633061,301.08976380402277,710,2:14:56
33.5%,16770000,-599714.2000054452,300.1017832982243,710,2:14:55
33.5%,16775000,-599570.599508177,299.8135804083944,710,2:14:54
33.5%,16780000,-599004.8796431809,302.2040109317104,710,2:14:52
33.5%,16785000,-598540.3117501386,301.39830378915985,710,2:14:51
33.5%,16790000,-599257.7317094305,300.29853058937476,710,2:14:50
33.6%,16795000,-599994.4457441312,297.28361140726497,710,2:14:49
33.6%,16800000,-599250.9211909161,303.19449370979027,710,2:14:48
33.6%,16805000,-600635.5675024539,300.9269443811592,710,2:14:46
33.6%,16810000,-600274.7069419837,299.9789266356206,710,2:14:45
33.6%,16815000,-599556.5423445185,299.56013947761187,710,2:14:44
33.6%,16820000,-599843.7185634389,302.9693873327832,710,2:14:43
33.6%,16825000,-599938.757694047,298.48178278470647,710,2:14:41
33.6%,16830000,-599364.1436291141,296.10401081528494,710,2:14:40
33.6%,16835000,-599292.877225209,300.0557611139103,710,2:14:39
33.6%,16840000,-600844.2788509908,301.29247239090256,710,2:14:38
33.7%,16845000,-599067.0158170233,300.25766014211086,710,2:14:37
33.7%,16850000,-599737.0845267586,299.6120738934929,710,2:14:35
33.7%,16855000,-598657.42860951,299.2668339148943,710,2:14:34
33.7%,16860000,-598569.3675944768,299.08831396006855,710,2:14:33
33.7%,16865000,-599257.0921748346,301.03652918783865,710,2:14:32
33.7%,16870000,-599749.287753744,296.3013714084652,710,2:14:31
33.7%,16875000,-600476.2140270732,303.81140195549614,710,2:14:29
33.7%,16880000,-598681.7764307801,299.01925615151634,710,2:14:28
33.7%,16885000,-600055.8924892778,300.9691640928886,710,2:14:27
33.7%,16890000,-599087.1644464536,302.4735449077541,710,2:14:26
33.8%,16895000,-599204.0877341544,299.9123465672687,710,2:14:24
33.8%,16900000,-597752.7274875613,298.1299927404299,710,2:14:23
33.8%,16905000,-599156.3236603746,301.0512729686343,710,2:14:22
33.8%,16910000,-598697.2950493121,301.9783403168359,710,2:14:21
33.8%,16915000,-599574.2276297836,300.3897163351611,710,2:14:19
33.8%,16920000,-600589.825603962,299.12589710845293,710,2:14:18
33.8%,16925000,-599205.9452121332,299.4421646991652,710,2:14:17
33.8%,16930000,-599782.0705024386,301.17108765317033,710,2:14:16
33.8%,16935000,-599911.4019052382,300.3899125918106,710,2:14:15
33.8%,16940000,-599976.2619593814,301.7605199679425,710,2:14:13
33.9%,16945000,-599897.8683620011,301.38961943241827,710,2:14:12
33.9%,16950000,-600222.3661776874,299.8020012660723,710,2:14:11
33.9%,16955000,-599585.9619445102,302.26315777946144,710,2:14:10
33.9%,16960000,-599960.5081354091,298.77570164945377,710,2:14:08
33.9%,16965000,-599076.2463947074,299.3331931945155,710,2:14:07
33.9%,16970000,-600042.6679237685,300.6816726334132,710,2:14:06
33.9%,16975000,-599540.0595987868,298.3014229237914,710,2:14:05
33.9%,16980000,-599053.4035068844,300.00132442574784,710,2:14:03
33.9%,16985000,-599170.9224606133,300.89618115134584,710,2:14:02
33.9%,16990000,-599075.8472408322,299.2916849131406,710,2:14:01
34.0%,16995000,-600875.7566562812,301.4944695474279,710,2:14:00
34.0%,17000000,-600703.0111921639,300.8080619157084,710,2:13:58
34.0%,17005000,-598846.8913386129,303.7923895925733,710,2:13:57
34.0%,17010000,-599009.7092453581,296.97308432355135,710,2:13:56
34.0%,17015000,-599825.4543780931,299.5543744385321,710,2:13:55
34.0%,17020000,-598465.693876062,301.0121688312161,710,2:13:54
34.0%,17025000,-600531.904743941,300.79660543379225,710,2:13:52
34.0%,17030000,-600065.5056193392,301.11652830460196,710,2:13:51
34.0%,17035000,-599943.7758371364,303.0124901994355,710,2:13:50
34.0%,17040000,-599572.5123013849,300.7098109305391,710,2:13:49
34.1%,17045000,-599096.9299303205,302.5647551856216,710,2:13:47
34.1%,17050000,-599372.8454441167,301.1238143327156,710,2:13:46
34.1%,17055000,-600467.8145036157,300.829355762182,710,2:13:45
34.1%,17060000,-598729.3667695103,300.5545719207635,710,2:13:44
34.1%,17065000,-600219.0450214674,302.6016514357326,710,2:13:42
34.1%,17070000,-600051.624331593,302.7205339011834,710,2:13:41
34.1%,17075000,-599616.6195820123,299.5397042539799,710,2:13:40
34.1%,17080000,-599612.1056786268,301.29885073201217,710,2:13:39
34.1%,17085000,-599400.908821017,301.0484763113785,710,2:13:38
34.1%,17090000,-598883.4718777859,300.62193701571357,710,2:13:36
34.2%,17095000,-599872.2381198765,301.038761607227,710,2:13:35
34.2%,17100000,-599886.3588599293,299.57014856673777,710,2:13:34
34.2%,17105000,-599227.6507302737,300.1937295385275,710,2:13:33
34.2%,17110000,-599594.4558102889,301.1665982823124,710,2:13:31
34.2%,17115000,-600400.6877023717,300.4497708699163,710,2:13:30
34.2%,17120000,-599052.9004670773,299.96891754649477,710,2:13:29
34.2%,17125000,-599623.125335638,300.58383869362416,710,2:13:28
34.2%,17130000,-600130.4337027567,302.98543131388203,710,2:13:26
34.2%,17135000,-600052.1550577926,303.08773009244777,710,2:13:25
34.2%,17140000,-598939.3533230699,299.5680878719177,710,2:13:24
34.3%,17145000,-598656.9846411329,300.69246674913717,710,2:13:23
34.3%,17150000,-599603.4691109485,299.9597425481293,710,2:13:21
34.3%,17155000,-598861.4391858233,300.29038593841943,710,2:13:20
34.3%,17160000,-599801.5377841969,301.5007497602127,710,2:13:19
34.3%,17165000,-598780.6201131986,298.7445704384226,710,2:13:18
34.3%,17170000,-600518.3681520624,301.82432791111984,710,2:13:17
34.3%,17175000,-599643.649470279,299.72367033083,710,2:13:15
34.3%,17180000,-598846.644558859,300.99955934148403,710,2:13:14
34.3%,17185000,-599970.5363932219,298.0485952950387,710,2:13:13
34.3%,17190000,-600002.2836745903,300.2911709650175,710,2:13:12
34.4%,17195000,-598109.0820401283,298.6202173188663,710,2:13:10
34.4%,17200000,-598220.3897662996,299.58695304235346,710,2:13:09
34.4%,17205000,-599427.56942746,303.09123818005804,710,2:13:08
34.4%,17210000,-599705.7646452729,301.24066063542756,710,2:13:07
34.4%,17215000,-600030.5806183307,298.2584181854639,710,2:13:06
34.4%,17220000,-598556.9426424387,298.9076842462605,710,2:13:04
34.4%,17225000,-598854.1163370525,302.8492291991105,710,2:13:03
34.4%,17230000,-599134.3365697097,300.1453032102568,710,2:13:02
34.4%,17235000,-600966.887893863,299.09611516188727,710,2:13:01
34.4%,17240000,-600264.607177095,299.22974140813375,710,2:12:59
34.5%,17245000,-600671.6879979358,302.202416346433,710,2:12:58
34.5%,17250000,-599555.482317246,297.6466126126457,710,2:12:57
34.5%,17255000,-598394.7448898894,300.86691437848515,710,2:12:56
34.5%,17260000,-599696.6043971623,300.518387101007,710,2:12:55
34.5%,17265000,-599627.3238449013,300.8955187851537,710,2:12:53
34.5%,17270000,-601088.2750838203,298.028331795975,710,2:12:52
34.5%,17275000,-600359.4885199359,300.1622794104409,710,2:12:51
34.5%,17280000,-599040.8880425137,299.73978790817233,710,2:12:50
34.5%,17285000,-598789.8118689773,297.2921240394382,710,2:12:48
34.5%,17290000,-599363.2131310157,300.44071853195686,710,2:12:47
34.6%,17295000,-598773.2745984583,299.51343039502456,710,2:12:46
34.6%,17300000,-598461.5423861579,300.42695603440876,710,2:12:45
34.6%,17305000,-600166.9040776673,301.1663774935817,710,2:12:44
34.6%,17310000,-598841.2863415987,301.20518724602556,710,2:12:42
34.6%,17315000,-599182.1288177315,298.4759686814642,710,2:12:41
34.6%,17320000,-599572.5088940496,299.13097524925945,710,2:12:40
34.6%,17325000,-598867.372373369,298.8105126726636,710,2:12:39
34.6%,17330000,-598821.912827169,300.427618400601,710,2:12:37
34.6%,17335000,-598720.8360471292,302.9508410794029,711,2:12:36
34.6%,17340000,-598712.8487992813,299.61163231603143,711,2:12:35
34.7%,17345000,-597669.779186985,303.1440557508619,711,2:12:34
34.7%,17350000,-598455.7571095871,296.2083457565895,711,2:12:32
34.7%,17355000,-600468.319616185,300.62154450241445,711,2:12:31
34.7%,17360000,-599982.9930378012,298.31202078286583,711,2:12:30
34.7%,17365000,-600418.0617821971,300.6302043270748,711,2:12:29
34.7%,17370000,-600538.9469762649,302.62014862495045,711,2:12:28
34.7%,17375000,-600151.5858625392,297.24659249674795,711,2:12:26
34.7%,17380000,-600326.5163017968,300.61627010495846,711,2:12:25
34.7%,17385000,-600351.9610355478,298.7966275147096,711,2:12:24
34.7%,17390000,-599417.3501321189,300.01827609385066,711,2:12:23
34.8%,17395000,-600543.5605758335,300.38427021313674,711,2:12:21
34.8%,17400000,-599354.7384924795,302.77676143127275,711,2:12:20
34.8%,17405000,-599063.5473382338,298.5719136510016,711,2:12:19
34.8%,17410000,-600072.4731075587,300.6271132848448,711,2:12:18
34.8%,17415000,-600252.9859777144,303.170942911847,711,2:12:16
34.8%,17420000,-599979.7894014539,299.74675501923053,711,2:12:15
34.8%,17425000,-599349.3018030552,300.86752768051497,711,2:12:14
34.8%,17430000,-599650.8177642226,299.6800277583915,711,2:12:13
34.8%,17435000,-598852.2476383438,297.4048244204289,711,2:12:11
34.8%,17440000,-598530.4335111151,299.8957383483025,711,2:12:10
34.9%,17445000,-599794.6083036349,301.6287581598665,711,2:12:09
34.9%,17450000,-600037.3746573809,299.5480451615848,711,2:12:08
34.9%,17455000,-599419.1015353589,301.925522746032,711,2:12:07
34.9%,17460000,-600088.8487996175,298.6739425766742,711,2:12:05
34.9%,17465000,-599786.0120273856,301.0190868781119,711,2:12:04
34.9%,17470000,-600574.8740927465,299.2152184160688,711,2:12:03
34.9%,17475000,-599579.8751310715,299.9229444263431,711,2:12:02
34.9%,17480000,-598888.5635638041,299.6099396024293,711,2:12:00
34.9%,17485000,-598866.0417349618,297.6270360118554,711,2:11:59
34.9%,17490000,-599627.3471268294,300.54262479722354,711,2:11:58
35.0%,17495000,-600783.0589314676,300.2331035288388,711,2:11:57
35.0%,17500000,-600409.0265980274,297.63542598362267,711,2:11:55
35.0%,17505000,-599062.1504463321,299.74076919142,711,2:11:54
35.0%,17510000,-598630.5505422968,299.1773163506289,711,2:11:53
35.0%,17515000,-599240.1301457509,300.2928882107009,711,2:11:52
35.0%,17520000,-599984.63486563,299.3133958049945,711,2:11:51
35.0%,17525000,-600978.2901262268,298.09245865620795,711,2:11:49
35.0%,17530000,-599540.2686737454,299.14000305513764,711,2:11:48
35.0%,17535000,-600267.4575729202,299.51939169075393,711,2:11:47
35.0%,17540000,-598399.406982895,301.0225704336411,711,2:11:46
35.1%,17545000,-598606.1229407801,300.74866974714536,711,2:11:44
35.1%,17550000,-600052.9627897483,300.2515761859755,711,2:11:43
35.1%,17555000,-599206.5195142315,301.85840297189395,711,2:11:42
35.1%,17560000,-598461.532799141,299.19767797801734,711,2:11:41
35.1%,17565000,-598207.6955408072,299.8723838070088,711,2:11:40
35.1%,17570000,-599745.3047866616,301.61232166546864,711,2:11:38
35.1%,17575000,-598840.2060211296,302.2909035632883,711,2:11:37
35.1%,17580000,-598752.315610867,297.43666706181455,711,2:11:36
35.1%,17585000,-598845.0206925003,297.96984731441614,711,2:11:35
35.1%,17590000,-598817.2001581714,300.5879600832642,711,2:11:33
35.2%,17595000,-599702.7523537939,301.02872798601993,711,2:11:32
35.2%,17600000,-600247.581807462,298.51092689716114,711,2:11:31
35.2%,17605000,-600544.938829618,298.01881334847303,711,2:11:30
35.2%,17610000,-599318.6766697145,300.033485984189,711,2:11:28
35.2%,17615000,-600173.2810891359,300.3649879973208,711,2:11:27
35.2%,17620000,-600835.0445747706,297.2645009160173,711,2:11:26
35.2%,17625000,-600302.7755643311,299.34565549176045,711,2:11:25
35.2%,17630000,-600596.0460191639,300.7093202889153,711,2:11:23
35.2%,17635000,-600421.4001967167,303.65366067343905,711,2:11:22
35.2%,17640000,-599435.3470753529,301.01192351040424,711,2:11:21
35.3%,17645000,-599358.9646620662,299.23987315766556,711,2:11:20
35.3%,17650000,-598817.5248858985,301.38378079709486,711,2:11:18
35.3%,17655000,-599471.1406229739,301.25140568698913,711,2:11:17
35.3%,17660000,-599471.1248158342,297.5847917680448,711,2:11:16
35.3%,17665000,-599847.4239640087,301.2761585569107,711,2:11:15
35.3%,17670000,-600002.9603111185,301.16848725256415,711,2:11:14
35.3%,17675000,-599740.3261419069,299.6907973420342,711,2:11:12
35.3%,17680000,-599935.7772142533,299.9002522512416,711,2:11:11
35.3%,17685000,-600654.5284629338,300.7298291087908,711,2:11:10
35.3%,17690000,-598051.64925791,302.3316513501463,711,2:11:09
35.4%,17695000,-599299.1257632948,301.2270698624478,711,2:11:07
35.4%,17700000,-599499.4912046869,295.96020375534425,711,2:11:06
35.4%,17705000,-599009.1676868079,299.2571437428239,711,2:11:05
35.4%,17710000,-598645.1515634083,300.8431182597301,711,2:11:04
35.4%,17715000,-599076.9402461117,301.41267958873766,711,2:11:03
35.4%,17720000,-598799.7518650396,299.8873974406976,711,2:11:01
35.4%,17725000,-600867.4384751865,301.5971608392927,711,2:11:00
35.4%,17730000,-599843.535385469,302.9815061808915,711,2:10:59
35.4%,17735000,-598822.1906525767,302.6912425962415,711,2:10:58
35.4%,17740000,-600444.8110317378,303.2997854022613,711,2:10:56
35.5%,17745000,-597842.1558333598,302.9544227632568,711,2:10:55
35.5%,17750000,-599691.6544432156,299.0937846141741,711,2:10:54
35.5%,17755000,-601054.9946871088,299.59401828173645,711,2:10:53
35.5%,17760000,-598945.7798413807,298.32009183757765,711,2:10:51
35.5%,17765000,-600035.6912565096,299.5132586704562,711,2:10:50
35.5%,17770000,-599630.9529728973,297.98314370242156,711,2:10:49
35.5%,17775000,-599662.6611391408,298.20901057394553,711,2:10:48
35.5%,17780000,-598749.2285461021,298.3401836120729,711,2:10:46
35.5%,17785000,-599557.3404343049,299.5043044608216,711,2:10:45
35.5%,17790000,-599586.3837226355,298.95407441179236,711,2:10:44
35.6%,17795000,-600301.327070591,300.19696777324475,711,2:10:43
35.6%,17800000,-599022.7795953457,300.2158329436805,711,2:10:41
35.6%,17805000,-598940.9445344252,300.7967280941982,711,2:10:40
35.6%,17810000,-600551.6637676517,300.5453233261546,711,2:10:39
35.6%,17815000,-600361.7841965393,301.6403618342698,711,2:10:38
35.6%,17820000,-599231.5897424533,302.1944188879648,711,2:10:37
35.6%,17825000,-599218.9067138731,298.62468215764306,711,2:10:35
35.6%,17830000,-600113.4642014671,298.67006650784606,711,2:10:34
35.6%,17835000,-600303.363512346,300.4949344313886,711,2:10:33
35.6%,17840000,-599513.2463498958,299.025757153032,711,2:10:32
35.7%,17845000,-600100.2099262732,299.609007383344,711,2:10:30
35.7%,17850000,-599104.3379792697,300.1346317549388,711,2:10:29
35.7%,17855000,-600001.8960684794,299.34766712241804,711,2:10:28
35.7%,17860000,-599078.1962847244,302.37220288035473,711,2:10:27
35.7%,17865000,-599986.8795621158,302.837600992626,711,2:10:26
35.7%,17870000,-598740.8635019842,300.655938480244,711,2:10:24
35.7%,17875000,-599809.0077474243,302.15129148923126,711,2:10:23
35.7%,17880000,-600691.3891730998,301.28420507954127,711,2:10:22
35.7%,17885000,-599468.0678371312,300.7523004951616,711,2:10:21
35.7%,17890000,-600328.1347380648,298.9767420548127,711,2:10:19
35.8%,17895000,-599154.5870081778,300.0677818336938,711,2:10:18
35.8%,17900000,-598797.6728305006,296.109555065634,711,2:10:17
35.8%,17905000,-600740.6530371122,300.84858891383567,711,2:10:16
35.8%,17910000,-600414.6553886123,300.91416316685877,711,2:10:14
35.8%,17915000,-599801.6526983934,301.93516385394,711,2:10:13
35.8%,17920000,-599006.6393291508,300.8163046949885,711,2:10:12
35.8%,17925000,-600307.3469514246,302.1947623371014,711,2:10:11
35.8%,17930000,-599994.5548412031,301.6927378276122,711,2:10:10
35.8%,17935000,-599435.8499016403,302.55572737974336,711,2:10:08
35.8%,17940000,-599912.2779482258,299.3450667218118,711,2:10:07
35.9%,17945000,-599565.0955394069,297.8689959286406,711,2:10:06
35.9%,17950000,-599752.7170646219,302.6624664650047,711,2:10:05
35.9%,17955000,-598611.3222111342,300.52962279419245,711,2:10:03
35.9%,17960000,-599938.0241201953,300.5821705121032,711,2:10:02
35.9%,17965000,-598821.0682588154,300.45134092311247,711,2:10:01
35.9%,17970000,-600123.8242241172,299.0976361509211,711,2:10:00
35.9%,17975000,-599945.726712802,298.14321553219173,711,2:09:59
35.9%,17980000,-599340.3407127811,300.9547637612296,711,2:09:57
35.9%,17985000,-598972.3365835329,299.66415550186105,711,2:09:56
35.9%,17990000,-598374.2202595789,299.8933096722646,711,2:09:55
36.0%,17995000,-599176.6800817242,299.76412373271364,711,2:09:54
36.0%,18000000,-599078.058273002,299.76395200814534,711,2:09:52
36.0%,18005000,-599447.1235817359,300.03206312348,711,2:09:51
36.0%,18010000,-601226.5027125729,298.0419716331172,711,2:09:50
36.0%,18015000,-599573.4789658175,300.2551824019106,711,2:09:49
36.0%,18020000,-599455.8957259492,302.31573002945345,711,2:09:48
36.0%,18025000,-598622.2075864985,300.42700509857116,711,2:09:46
36.0%,18030000,-599473.797361271,299.23182663503496,711,2:09:45
36.0%,18035000,-599651.4893806437,298.89424066576794,711,2:09:44
36.0%,18040000,-599439.1919384063,300.30194054866035,711,2:09:43
36.1%,18045000,-598708.6959057157,300.88990093856097,711,2:09:41
36.1%,18050000,-599593.5195659818,301.0958232280769,711,2:09:40
36.1%,18055000,-600958.7514546309,304.1822043626956,711,2:09:39
36.1%,18060000,-598967.1959648584,299.7096870445512,711,2:09:38
36.1%,18065000,-599594.2655967125,300.2105094820621,711,2:09:37
36.1%,18070000,-600024.8863245379,299.01618964136753,711,2:09:35
36.1%,18075000,-598962.5522945602,300.163579610744,711,2:09:34
36.1%,18080000,-601417.5808455776,300.1404949223434,711,2:09:33
36.1%,18085000,-599699.0501369392,298.87912890375435,711,2:09:32
36.1%,18090000,-599291.6191312489,303.24831709592297,711,2:09:30
36.2%,18095000,-600729.0616832376,302.1913278457347,711,2:09:29
36.2%,18100000,-600072.6182718105,301.9317538946545,711,2:09:28
36.2%,18105000,-599681.3286799225,299.39403275586875,711,2:09:27
36.2%,18110000,-601315.0988171878,297.2434033261931,711,2:09:26
36.2%,18115000,-600414.5074758362,299.44201750667804,711,2:09:24
36.2%,18120000,-599100.0575447697,301.55670743740905,711,2:09:23
36.2%,18125000,-600295.7699487861,302.6879552973619,711,2:09:22
36.2%,18130000,-598919.3997883508,301.1251635971811,711,2:09:21
36.2%,18135000,-599063.8398547783,297.40364688053165,711,2:09:19
36.2%,18140000,-600181.818248996,299.50840131838044,711,2:09:18
36.3%,18145000,-599609.5341629572,298.5535636542708,711,2:09:17
36.3%,18150000,-599547.0294767553,299.5832241660125,711,2:09:16
36.3%,18155000,-597516.1429824987,300.88759492292905,711,2:09:14
36.3%,18160000,-599103.9040652364,301.0386634789022,711,2:09:13
36.3%,18165000,-600397.4029783481,301.2423288169485,711,2:09:12
36.3%,18170000,-599547.924451746,300.5502788065551,711,2:09:11
36.3%,18175000,-598365.2537117242,300.4095137246821,711,2:09:09
36.3%,18180000,-601173.0469131446,298.16512268069516,711,2:09:08
36.3%,18185000,-599163.5011064238,299.17515752748415,711,2:09:07
36.3%,18190000,-599550.9705348699,299.8118140985486,711,2:09:06
36.4%,18195000,-598569.7269460824,299.35895187976587,711,2:09:04
36.4%,18200000,-599571.3013512818,302.08588896077646,711,2:09:03
36.4%,18205000,-598612.9048146624,301.3591996517416,711,2:09:02
36.4%,18210000,-599714.1902674744,299.9310890772985,711,2:09:01
36.4%,18215000,-599820.1043288964,301.31989925767397,711,2:09:00
36.4%,18220000,-598194.7790297149,302.14790606202695,711,2:08:58
36.4%,18225000,-600739.28912328,301.5804299599206,711,2:08:57
36.4%,18230000,-598194.8457351285,297.7100771066864,711,2:08:56
36.4%,18235000,-598940.4417122495,301.93114059262473,711,2:08:55
36.4%,18240000,-601179.0154213333,300.8136061660575,711,2:08:53
36.5%,18245000,-599183.1367484857,297.69479362010446,711,2:08:52
36.5%,18250000,-598736.3283807202,299.60437081999896,711,2:08:51
36.5%,18255000,-599301.8359254654,299.0499948492485,711,2:08:50
36.5%,18260000,-599322.5624148939,300.6206368154104,711,2:08:49
36.5%,18265000,-598873.2460892745,301.98830034179935,711,2:08:47
36.5%,18270000,-599598.5023255129,299.79895928800465,711,2:08:46
36.5%,18275000,-598799.8343661418,302.37880201019505,711,2:08:45
36.5%,18280000,-599250.4210913987,300.41770743979987,711,2:08:44
36.5%,18285000,-598995.1195368487,300.653755125018,711,2:08:42
36.5%,18290000,-598552.3144248351,298.7983692924741,711,2:08:41
36.6%,18295000,-599948.3317562989,298.20579687130953,711,2:08:40
36.6%,18300000,-601021.108811087,300.27245298706896,711,2:08:39
36.6%,18305000,-599425.3145595039,303.5717725864241,711,2:08:38
36.6%,18310000,-599885.2613323922,300.6175457731804,711,2:08:36
36.6%,18315000,-600462.3007207504,300.58876964194354,711,2:08:35
36.6%,18320000,-599035.1508364137,300.34455277368875,711,2:08:34
36.6%,18325000,-598929.8545051361,301.19267588461827,711,2:08:33
36.6%,18330000,-600165.2266355408,302.48505045383257,711,2:08:31
36.6%,18335000,-599136.0544468001,297.71196607693804,711,2:08:30
36.6%,18340000,-600334.886831054,300.4587741437133,711,2:08:29
36.7%,18345000,-599439.8931086073,299.8962535220075,711,2:08:28
36.7%,18350000,-598146.2852116614,298.4650028411719,711,2:08:26
36.7%,18355000,-599141.5107949665,302.5571502404524,711,2:08:25
36.7%,18360000,-599379.1647316404,298.9584656543255,711,2:08:24
36.7%,18365000,-600174.1949510649,298.32512091422177,711,2:08:23
36.7%,18370000,-599495.7172881453,300.88232052547306,711,2:08:22
36.7%,18375000,-599862.5212879688,299.7260008785431,711,2:08:20
36.7%,18380000,-599515.0794561328,300.91301015904276,711,2:08:19
36.7%,18385000,-599333.4357665526,300.83794199059884,711,2:08:18
36.7%,18390000,-599636.8883542181,299.0852719820009,711,2:08:17
36.8%,18395000,-599762.78954395,301.1869108455384,711,2:08:15
36.8%,18400000,-601203.6599030541,302.43154598475536,711,2:08:14
36.8%,18405000,-599451.0958342548,300.6033416981709,711,2:08:13
36.8%,18410000,-598749.1104166647,298.61462400435477,711,2:08:12
36.8%,18415000,-600232.594911674,300.11660067526356,711,2:08:11
36.8%,18420000,-598804.9154763147,300.2905821950689,711,2:08:09
36.8%,18425000,-600702.994598446,301.913183109193,711,2:08:08
36.8%,18430000,-599096.6943616616,302.0040008737615,711,2:08:07
36.8%,18435000,-599092.1683021653,298.746287684106,711,2:08:06
36.8%,18440000,-599187.403759615,297.93479097039443,711,2:08:04
36.9%,18445000,-599654.5049236701,300.12332246550983,711,2:08:03
36.9%,18450000,-599062.7996802675,299.7879934477123,711,2:08:02
36.9%,18455000,-599877.4987037336,297.2696526530674,711,2:08:01
36.9%,18460000,-601152.7434200468,299.42938348486473,711,2:08:00
36.9%,18465000,-600279.9350419436,304.04671367827865,711,2:07:58
36.9%,18470000,-599453.3104209797,299.10416168451786,711,2:07:57
36.9%,18475000,-599883.9535172214,299.98118358709013,711,2:07:56
36.9%,18480000,-600472.2895148825,299.6027271705592,711,2:07:55
36.9%,18485000,-599171.5160346683,300.2340112158429,711,2:07:53
36.9%,18490000,-598602.65738795,297.62134456901913,711,2:07:52
37.0%,18495000,-599765.9919255045,299.8247425053362,711,2:07:51
37.0%,18500000,-600935.5206692657,300.7330428114268,711,2:07:50
37.0%,18505000,-599956.0375905442,299.64641880716005,711,2:07:48
37.0%,18510000,-599266.047945614,300.022299355166,711,2:07:47
37.0%,18515000,-598796.9879789278,298.45685819021656,711,2:07:46
37.0%,18520000,-599308.6050471752,299.32715830254256,711,2:07:45
37.0%,18525000,-599290.5285417051,300.7776911991941,711,2:07:43
37.0%,18530000,-599656.5090062576,298.77155572773256,711,2:07:42
37.0%,18535000,-599365.3600865304,300.3553959535751,711,2:07:41
37.0%,18540000,-600160.6946226093,299.5590355339583,711,2:07:40
37.1%,18545000,-600604.4356492008,300.77874607868534,711,2:07:39
37.1%,18550000,-598782.3919964759,302.87741656039873,711,2:07:37
37.1%,18555000,-600098.3643455557,300.0760246129739,711,2:07:36
37.1%,18560000,-599805.2864442277,297.9363855556718,711,2:07:35
37.1%,18565000,-599869.8701455756,299.51902370953604,711,2:07:34
37.1%,18570000,-598640.8567284252,298.10752135405903,711,2:07:33
37.1%,18575000,-599257.3861738527,300.4499425944846,711,2:07:31
37.1%,18580000,-599626.2462953418,301.067684930951,711,2:07:30
37.1%,18585000,-599213.6557274992,299.3359407876088,711,2:07:29
37.1%,18590000,-599358.5900672572,301.8795250937992,711,2:07:28
37.2%,18595000,-598971.9363901117,300.2307239169633,711,2:07:26
37.2%,18600000,-598746.5373735805,299.6506873892872,711,2:07:25
37.2%,18605000,-599224.3094964586,298.435196362525,711,2:07:24
37.2%,18610000,-599898.6412461521,298.7008542697406,711,2:07:23
37.2%,18615000,-599676.6875901809,299.41804966335457,711,2:07:22
37.2%,18620000,-600085.2473379411,301.8313931505028,711,2:07:20
37.2%,18625000,-598982.3514595972,297.93837265424827,711,2:07:19
37.2%,18630000,-599444.8617122867,300.4355422628256,711,2:07:18
37.2%,18635000,-600005.6402889006,300.6359203019923,711,2:07:17
37.2%,18640000,-598457.7662883117,299.9280961633932,711,2:07:15
37.3%,18645000,-599728.3185948981,300.53847887550234,711,2:07:14
37.3%,18650000,-599688.0284669329,299.6865532919882,711,2:07:13
37.3%,18655000,-601353.07897519,298.9462241458113,711,2:07:12
37.3%,18660000,-598769.8580830423,301.6770127635689,711,2:07:11
37.3%,18665000,-600228.5902763675,300.94122205241223,711,2:07:09
37.3%,18670000,-598798.1733624721,300.38206232582957,711,2:07:08
37.3%,18675000,-599286.912037401,297.3149634070268,711,2:07:07
37.3%,18680000,-598447.3062231927,301.75902351098983,711,2:07:06
37.3%,18685000,-599330.0297384514,299.71236104140104,711,2:07:04
37.3%,18690000,-599925.6924326415,297.7719224833685,711,2:07:03
37.4%,18695000,-599028.0964878225,297.05332876112664,711,2:07:02
37.4%,18700000,-599265.4326469102,299.4846051996253,711,2:07:01
37.4%,18705000,-599522.208399619,300.49486083514506,711,2:07:00
37.4%,18710000,-600630.6276398688,299.10416168451786,711,2:06:58
37.4%,18715000,-600177.2192495689,302.61627255612234,711,2:06:57
37.4%,18720000,-598876.7292401674,301.00375432736763,711,2:06:56
37.4%,18725000,-599722.2763182176,300.79510897683963,711,2:06:55
37.4%,18730000,-600261.9001951157,299.3948177824669,711,2:06:53
37.4%,18735000,-599563.5000063563,300.73000083335916,711,2:06:52
37.4%,18740000,-600054.2009861134,301.0797056507345,711,2:06:51
37.5%,18745000,-600411.015792659,298.2297892467142,711,2:06:50
37.5%,18750000,-599190.558595283,301.62267420373115,711,2:06:48
37.5%,18755000,-599995.4840353266,295.8251301163075,711,2:06:47
37.5%,18760000,-598122.8554125614,301.7730803935122,711,2:06:46
37.5%,18765000,-599520.6115278043,300.30230852987813,711,2:06:45
37.5%,18770000,-599366.0253094044,298.9940371720522,711,2:06:44
37.5%,18775000,-598742.6408499745,297.259839820591,711,2:06:42
37.5%,18780000,-600274.800074345,301.30689725464276,711,2:06:41
37.5%,18785000,-598891.3958877646,300.13046130113634,711,2:06:40
37.5%,18790000,-599848.5497890012,300.0244091141484,711,2:06:39
37.6%,18795000,-599998.8180144425,300.20604464328534,711,2:06:37
37.6%,18800000,-599587.5177289844,300.5696591506959,711,2:06:36
37.6%,18805000,-599945.5699043595,301.7325779274661,711,2:06:35
37.6%,18810000,-600454.937026876,300.25402939409463,711,2:06:34
37.6%,18815000,-600251.7094576051,301.4259759767431,711,2:06:33
37.6%,18820000,-600481.3640275779,298.81544362098293,711,2:06:31
37.6%,18825000,-600664.9365710765,300.38083572177004,711,2:06:30
37.6%,18830000,-599841.5702577839,299.0420464549427,711,2:06:29
37.6%,18835000,-601556.1640386209,301.2065610425723,711,2:06:28
37.6%,18840000,-598946.5511745755,303.6354333371143,711,2:06:27
37.7%,18845000,-598854.650343474,299.9502976968709,711,2:06:25
37.7%,18850000,-599383.5139437867,302.39057740916667,711,2:06:24
37.7%,18855000,-599687.2031360762,300.65009984492065,711,2:06:23
37.7%,18860000,-599021.4352829759,300.2074920360756,711,2:06:22
37.7%,18865000,-599619.2320625489,299.2516976207996,711,2:06:20
37.7%,18870000,-599687.571315709,299.0113813534541,711,2:06:19
37.7%,18875000,-599621.4441769645,296.47800239303916,711,2:06:18
37.7%,18880000,-600224.5445428053,301.3418800024209,711,2:06:17
37.7%,18885000,-599406.2215682543,302.1050485161865,711,2:06:16
37.7%,18890000,-598646.8890765398,299.6670993516039,711,2:06:14
37.8%,18895000,-598541.4351405194,299.81833963214535,711,2:06:13
37.8%,18900000,-600666.5220531025,301.71309945500064,711,2:06:12
37.8%,18905000,-598063.7847361905,300.92586496958677,711,2:06:11
37.8%,18910000,-599318.0991209531,299.6866759523942,711,2:06:09
37.8%,18915000,-599522.0606631045,301.9403646551525,711,2:06:08
37.8%,18920000,-601430.3504846422,301.94132140631893,711,2:06:07
37.8%,18925000,-599354.2605862324,301.3398193076009,711,2:06:06
37.8%,18930000,-598656.6454609046,298.22856264265465,711,2:06:05
37.8%,18935000,-600213.5585654131,300.4865199275401,711,2:06:03
37.8%,18940000,-599955.5151327252,299.95741200041624,711,2:06:02
37.9%,18945000,-600934.2302809814,298.115616940852,711,2:06:01
37.9%,18950000,-599163.6393100838,301.6770127635689,711,2:06:00
37.9%,18955000,-598642.9060772406,300.378259853245,711,2:05:59
37.9%,18960000,-601320.2933973284,302.18293787396743,711,2:05:57
37.9%,18965000,-599487.2190742618,303.54270207021295,711,2:05:56
37.9%,18970000,-599797.7213104493,296.8225800054456,711,2:05:55
37.9%,18975000,-599788.0995409111,300.0302968136342,711,2:05:54
37.9%,18980000,-599392.2045700182,300.70431574435236,711,2:05:52
37.9%,18985000,-599648.9456056203,298.29239511791314,711,2:05:51
37.9%,18990000,-599685.9443822606,300.60390593603825,711,2:05:50
38.0%,18995000,-599300.9185979012,299.4492544706293,711,2:05:49
38.0%,19000000,-600364.0162809477,299.1985611329402,711,2:05:48
38.0%,19005000,-599268.6476787925,301.313349191996,711,2:05:46
38.0%,19010000,-598300.3124503493,298.9016248222063,711,2:05:45
38.0%,19015000,-600024.5311238216,300.3633198157998,711,2:05:44
38.0%,19020000,-598581.5813607173,301.99789238554496,711,2:05:43
38.0%,19025000,-599321.9890240878,298.29386704278465,711,2:05:42
38.0%,19030000,-600176.735832694,302.04121604092796,711,2:05:40
38.0%,19035000,-599679.0729565746,298.7409887545688,711,2:05:39
38.0%,19040000,-599091.3848786703,300.3400634028309,711,2:05:38
38.1%,19045000,-599618.3524573366,303.0902323647292,711,2:05:37
38.1%,19050000,-599577.0106667187,298.639205149708,711,2:05:35
38.1%,19055000,-600171.968400836,300.2635969057591,711,2:05:34
38.1%,19060000,-598696.8739241026,302.67075830844715,711,2:05:33
38.1%,19065000,-600815.9342659223,299.5818258373846,711,2:05:32
38.1%,19070000,-598930.3505750676,300.92463836552724,711,2:05:31
38.1%,19075000,-600610.1878445391,299.7010272198908,711,2:05:29
38.1%,19080000,-601125.2706561056,302.5068104098488,711,2:05:28
38.1%,19085000,-599585.3692375435,298.1406151315855,711,2:05:27
38.1%,19090000,-598821.9781881524,298.73483120218987,711,2:05:26
38.2%,19095000,-599269.140424409,301.24495374963595,711,2:05:24
38.2%,19100000,-598126.7412965144,300.22159798276033,711,2:05:23
38.2%,19105000,-598874.8007550854,298.15756679968837,711,2:05:22
38.2%,19110000,-599263.5954777291,298.24647106192396,711,2:05:21
38.2%,19115000,-599961.5872664857,302.2478497607984,711,2:05:20
38.2%,19120000,-599537.9614770417,300.7575748926177,711,2:05:18
38.2%,19125000,-599659.7805920481,300.8873496021172,711,2:05:17
38.2%,19130000,-598372.3777029598,300.61322812689076,711,2:05:16
38.2%,19135000,-598970.9993391912,299.497803459306,711,2:05:15
38.2%,19140000,-599146.8873318969,302.75080648937285,711,2:05:14
38.3%,19145000,-600071.6579169747,299.51983326821534,711,2:05:12
38.3%,19150000,-600086.8341333945,303.7887833766382,711,2:05:11
38.3%,19155000,-600560.5846985667,297.79228411075684,711,2:05:10
38.3%,19160000,-600377.8629548876,300.4442511516483,711,2:05:09
38.3%,19165000,-599602.7556435918,300.4840912515022,711,2:05:08
38.3%,19170000,-599496.3188775806,302.4081178472181,711,2:05:06
38.3%,19175000,-598408.1881139618,301.7720745781834,711,2:05:05
38.3%,19180000,-599754.1894035805,300.07425830312815,711,2:05:04
38.3%,19185000,-598631.6425564359,300.0772266849523,711,2:05:03
38.3%,19190000,-599582.2576135034,300.68459195107494,711,2:05:02
38.4%,19195000,-599532.9572447957,299.4634340135576,711,2:05:00
38.4%,19200000,-600259.6790176868,301.37033721660225,711,2:04:59
38.4%,19205000,-598924.518072634,298.5910486743304,711,2:04:58
38.4%,19210000,-599430.774113629,300.6707313252021,711,2:04:57
38.4%,19215000,-599580.432805419,300.4465081031179,711,2:04:55
38.4%,19220000,-599228.0716793756,303.2836432928377,711,2:04:54
38.4%,19225000,-599687.5468779048,298.9268683337517,711,2:04:53
38.4%,19230000,-598634.6148962635,300.0667024221214,711,2:04:52
38.4%,19235000,-598289.7353647319,302.96200317634475,711,2:04:51
38.4%,19240000,-599786.5207329299,297.6103051324833,711,2:04:49
38.5%,19245000,-601038.8225965346,301.2944840215602,711,2:04:48
38.5%,19250000,-599894.7062944621,300.0444272924001,711,2:04:47
38.5%,19255000,-598800.6529635517,298.2796874998563,711,2:04:46
38.5%,19260000,-599186.9521414242,303.77428491665444,711,2:04:45
38.5%,19265000,-599409.8632074357,301.20315108328674,711,2:04:43
38.5%,19270000,-599985.6860751179,299.44025119683226,711,2:04:42
38.5%,19275000,-600144.7253609537,298.72126496129135,711,2:04:41
38.5%,19280000,-597939.7039136295,301.53563437966613,711,2:04:40
38.5%,19285000,-599729.907575726,300.51237674111525,711,2:04:39
38.5%,19290000,-600449.6217355723,299.2129859966804,711,2:04:37
38.6%,19295000,-599529.1415476338,299.34271164201755,711,2:04:36
38.6%,19300000,-600501.0444630692,297.31312350093754,711,2:04:35
38.6%,19305000,-599278.2882624869,303.264262948697,711,2:04:34
38.6%,19310000,-599376.8996563805,301.90135864605907,711,2:04:33
38.6%,19315000,-599912.2906182692,299.8793754501482,711,2:04:31
38.6%,19320000,-600213.007616993,299.1796223662609,711,2:04:30
38.6%,19325000,-599160.1558743296,299.55290251366057,711,2:04:29
38.6%,19330000,-599346.1088190633,298.2348428554395,711,2:04:28
38.6%,19335000,-599480.2701483942,300.43537053825725,711,2:04:26
38.6%,19340000,-599821.8441454265,301.54343558148486,711,2:04:25
38.7%,19345000,-598617.2936923555,297.3443037761311,711,2:04:24
38.7%,19350000,-599700.0393017498,297.34300357582794,711,2:04:23
38.7%,19355000,-600738.8524371679,299.7827681144187,711,2:04:22
38.7%,19360000,-599111.9774679132,302.4458727201708,711,2:04:20
38.7%,19365000,-599717.5290148486,298.92321305365425,711,2:04:19
38.7%,19370000,-598627.670383492,299.1895087949808,711,2:04:18
38.7%,19375000,-598398.2438284988,302.08277338646525,711,2:04:17
38.7%,19380000,-598721.0342272976,297.7194238296201,711,2:04:16
38.7%,19385000,-598373.9021983375,299.502562683057,711,2:04:14
38.7%,19390000,-599001.19490893,300.09280455650844,711,2:04:13
38.8%,19395000,-599271.171267252,300.92142466289124,711,2:04:12
38.8%,19400000,-599203.4426970328,302.25251085622466,711,2:04:11
38.8%,19405000,-599583.0629695915,302.29907274632484,711,2:04:10
38.8%,19410000,-599734.3080767174,298.4113757116887,711,2:04:08
38.8%,19415000,-600363.0403313241,301.25901063215827,711,2:04:07
38.8%,19420000,-599081.7688811538,298.9145777610751,711,2:04:06
38.8%,19425000,-598970.1905195587,302.5609281809558,711,2:04:05
38.8%,19430000,-599112.1412206464,298.39910967109336,711,2:04:03
38.8%,19435000,-600014.9288175195,300.72421126219814,711,2:04:02
38.8%,19440000,-598613.7238014112,298.79989028150794,711,2:04:01
38.9%,19445000,-598873.8463084903,297.686501776662,711,2:04:00
38.9%,19450000,-598657.8165988848,300.263081732054,711,2:03:58
38.9%,19455000,-600526.1697636135,299.70936812749574,711,2:03:57
38.9%,19460000,-600015.4690669351,299.01192105924036,711,2:03:56
38.9%,19465000,-600315.010215485,301.49574521564983,711,2:03:55
38.9%,19470000,-599181.2120702076,301.57311939972567,711,2:03:54
38.9%,19475000,-600263.2992095184,300.87643282598725,711,2:03:53
38.9%,19480000,-598904.2767991638,299.29340215882394,711,2:03:51
38.9%,19485000,-599052.5718074613,302.18077905082265,711,2:03:50
38.9%,19490000,-599590.4109984688,301.0750690873894,711,2:03:49
39.0%,19495000,-598045.2749057631,301.71462044403444,711,2:03:48
39.0%,19500000,-601322.501555779,301.8986110529657,711,2:03:46
39.0%,19505000,-598718.7409911733,300.8061974775379,711,2:03:45
39.0%,19510000,-599104.963247831,300.3552978252504,711,2:03:44
39.0%,19515000,-600151.824452959,300.1121358364868,711,2:03:43
39.0%,19520000,-600087.854913923,298.03677083190473,711,2:03:42
39.0%,19525000,-599204.2059035567,302.7348606365988,711,2:03:40
39.0%,19530000,-600260.3434207728,300.9306732575002,711,2:03:39
39.0%,19535000,-600945.2679916644,302.6795653255947,711,2:03:38
39.0%,19540000,-601170.200856539,298.9934238700224,711,2:03:37
39.1%,19545000,-599985.1634037243,299.55241187203677,711,2:03:35
39.1%,19550000,-599091.008827405,301.70093154272996,711,2:03:34
39.1%,19555000,-598112.1974534243,299.99354775601034,711,2:03:33
39.1%,19560000,-598834.443360921,299.4865187019582,711,2:03:32
39.1%,19565000,-599749.7952144183,301.57724078936576,711,2:03:31
39.1%,19570000,-600830.0924489005,300.4369405914535,711,2:03:30
39.1%,19575000,-598577.5433843592,298.27698897092534,711,2:03:28
39.1%,19580000,-598526.92095662,300.733190003914,711,2:03:27
39.1%,19585000,-599940.5856504459,302.26394280605956,711,2:03:26
39.1%,19590000,-598987.489421634,300.25842063662776,711,2:03:25
39.2%,19595000,-600751.2576365792,302.34494773815175,711,2:03:23
39.2%,19600000,-599511.1240678956,300.9838342774407,711,2:03:22
39.2%,19605000,-600523.965103698,298.3678067354938,711,2:03:21
39.2%,19610000,-600243.067171046,303.37031513568496,711,2:03:20
39.2%,19615000,-599161.124587697,297.5795419026699,711,2:03:19
39.2%,19620000,-599471.7765906593,299.86286535950677,711,2:03:17
39.2%,19625000,-599707.2508888277,300.67220325007355,711,2:03:16
39.2%,19630000,-599827.2724156603,295.3726358787426,711,2:03:15
39.2%,19635000,-598136.0474695913,299.4706709775089,711,2:03:14
39.2%,19640000,-599270.94342008,301.76932698509,711,2:03:13
39.3%,19645000,-599809.256608306,300.5655868252182,711,2:03:11
39.3%,19650000,-598279.465866134,300.55493990198136,711,2:03:10
39.3%,19655000,-598445.6369425701,298.67004197576483,711,2:03:09
39.3%,19660000,-600503.3162434897,299.62335865084066,711,2:03:08
39.3%,19665000,-598022.1254695011,297.13109545850153,711,2:03:07
39.3%,19670000,-600238.0538028092,302.53568466941044,711,2:03:05
39.3%,19675000,-599813.0360913663,301.4127531849812,711,2:03:04
39.3%,19680000,-599776.2546072183,302.0586583506547,711,2:03:03
39.3%,19685000,-599614.0703988834,299.6757837083455,711,2:03:02
39.3%,19690000,-599083.1550995335,300.5591839520274,711,2:03:00
39.4%,19695000,-599490.0502478126,297.90503355590994,711,2:02:59
39.4%,19700000,-599189.5888033817,300.08436552057884,711,2:02:58
39.4%,19705000,-600502.3079299843,298.9360923962795,711,2:02:57
39.4%,19710000,-600630.5520133204,300.0156756932444,711,2:02:56
39.4%,19715000,-600024.2403605003,301.9913668519482,711,2:02:55
39.4%,19720000,-600045.5465778131,300.10031137335284,711,2:02:53
39.4%,19725000,-599469.9511571336,301.34531449378767,711,2:02:52
39.4%,19730000,-599851.0337604266,300.43635182150484,711,2:02:51
39.4%,19735000,-599403.1403916585,299.1506745104557,711,2:02:50
39.4%,19740000,-599210.1999344327,300.72092396331857,711,2:02:48
39.5%,19745000,-597870.879764,298.7590934304876,711,2:02:47
39.5%,19750000,-599841.6648749239,301.6142106357204,711,2:02:46
39.5%,19755000,-597959.8848892171,301.15727609145995,711,2:02:45
39.5%,19760000,-599840.1619665236,300.4371613801842,711,2:02:44
39.5%,19765000,-599398.4242144376,302.8853158905422,711,2:02:42
39.5%,19770000,-600628.724567893,298.52105864669295,711,2:02:41
39.5%,19775000,-600810.8013381381,296.911337075194,711,2:02:40
39.5%,19780000,-598729.9319555513,298.1261657357641,711,2:02:39
39.5%,19785000,-599682.4507050645,299.84120353181527,711,2:02:38
39.5%,19790000,-598736.1762662511,301.3401627567376,711,2:02:36
39.6%,19795000,-599701.1926041283,301.4986645333115,711,2:02:35
39.6%,19800000,-599963.6066274326,299.34109252465896,711,2:02:34
39.6%,19805000,-598657.1932109375,298.65066163162413,711,2:02:33
39.6%,19810000,-599914.7214016435,300.097760036909,711,2:02:31
39.6%,19815000,-601693.699806476,302.55896561446053,711,2:02:30
39.6%,19820000,-599105.0632033972,297.9121478594553,711,2:02:29
39.6%,19825000,-599809.9649445252,300.1757229909335,711,2:02:28
39.6%,19830000,-600186.7113917014,302.7203867086962,711,2:02:27
39.6%,19835000,-599312.6491132821,300.5551606907121,711,2:02:25
39.6%,19840000,-599000.077995461,301.4982965520936,711,2:02:24
39.7%,19845000,-599797.2297481606,301.1773188017928,711,2:02:23
39.7%,19850000,-601191.9178327778,298.2626867675911,711,2:02:22
39.7%,19855000,-598732.4873997839,301.2606052174357,711,2:02:21
39.7%,19860000,-598629.0239754547,299.66835048774465,711,2:02:19
39.7%,19865000,-597612.8634438538,298.258295525058,711,2:02:18
39.7%,19870000,-600416.5767049817,299.4338973878038,711,2:02:17
39.7%,19875000,-599515.4901938327,297.90164812870563,711,2:02:16
39.7%,19880000,-598776.4901000136,301.7015693768409,711,2:02:14
39.7%,19885000,-598689.8435139717,300.1308783465166,711,2:02:13
39.7%,19890000,-599634.5265936921,300.3572603917456,711,2:02:12
39.8%,19895000,-599697.7670784025,297.9994084722511,711,2:02:11
39.8%,19900000,-599098.2049458907,299.88700492739855,711,2:02:10
39.8%,19905000,-599931.2013135934,303.86726150436766,711,2:02:08
39.8%,19910000,-598499.8920222213,299.55221561538724,711,2:02:07
39.8%,19915000,-598681.9380059033,301.7412377521265,711,2:02:06
39.8%,19920000,-599778.7607627288,299.63596814057274,711,2:02:05
39.8%,19925000,-600174.6074553216,299.2282449511811,711,2:02:04
39.8%,19930000,-598993.5258910093,300.81939573721854,711,2:02:02
39.8%,19935000,-599439.6378615578,299.4207727243667,711,2:02:01
39.8%,19940000,-598733.9090750199,298.32433588762365,711,2:02:00
39.9%,19945000,-598315.8109547808,298.1636998199861,711,2:01:59
39.9%,19950000,-598006.2901424328,300.82545516127266,711,2:01:57
39.9%,19955000,-599509.9577559792,299.8361008589276,711,2:01:56
39.9%,19960000,-598305.8941453095,301.86173933493586,711,2:01:55
39.9%,19965000,-601219.6337977983,301.7502900900859,711,2:01:54
39.9%,19970000,-599708.882967547,300.9399218521091,711,2:01:52
39.9%,19975000,-599735.4099642001,298.95029647128894,711,2:01:51
39.9%,19980000,-599197.9265351943,301.41081515056715,711,2:01:50
39.9%,19985000,-599331.061934209,303.1116243395277,711,2:01:49
39.9%,19990000,-599608.9721552907,303.06579841186317,711,2:01:48
40.0%,19995000,-598631.8679853319,300.35632817266037,711,2:01:46
40.0%,20000000,-599051.8238722109,302.06219097034614,711,2:01:45
40.0%,20005000,-600631.5744644045,299.3536284181474,711,2:01:44
40.0%,20010000,-599558.9506359324,298.68181737473645,711,2:01:43
40.0%,20015000,-600312.7838613638,301.28962666948445,711,2:01:42
40.0%,20020000,-600649.4491945449,297.75889594825617,711,2:01:40
40.0%,20025000,-598742.703819924,300.94495092875326,711,2:01:39
40.0%,20030000,-601176.5169304246,302.1630423561217,711,2:01:38
40.0%,20035000,-600207.8692845828,298.6240933876945,711,2:01:37
40.0%,20040000,-600097.763681158,300.18595286879,711,2:01:35
40.0%,20045000,-599874.8992302227,299.5291554590679,711,2:01:34
40.1%,20050000,-598483.4832608555,302.6403875919329,711,2:01:33
40.1%,20055000,-599465.9931869856,299.1276879503799,711,2:01:32
40.1%,20060000,-600484.2493963116,300.8252098404608,711,2:01:31
40.1%,20065000,-600202.8974080621,297.8771160475148,711,2:01:29
40.1%,20070000,-599363.8276989814,300.0078008951822,711,2:01:28
40.1%,20075000,-599544.1328956368,300.3686432774182,711,2:01:27
40.1%,20080000,-599338.2164385365,300.32725765644926,711,2:01:26
40.1%,20085000,-599195.8718261919,301.546158642497,711,2:01:25
40.1%,20090000,-599924.3957510646,301.62169292048355,711,2:01:23
40.1%,20095000,-600407.1624802649,298.85427790550807,711,2:01:22
40.2%,20100000,-599816.5371195665,300.3318942197943,711,2:01:21
40.2%,20105000,-598760.1065466059,299.14218641036365,711,2:01:20
40.2%,20110000,-600018.9977141838,298.26020902739083,711,2:01:19
40.2%,20115000,-599230.5959424037,300.5742711819597,711,2:01:17
40.2%,20120000,-600243.7095897482,298.7807061940168,711,2:01:16
40.2%,20125000,-599930.493897859,299.93923372825384,711,2:01:15
40.2%,20130000,-600260.3148689251,299.55815237903545,711,2:01:14
40.2%,20135000,-599196.4585656398,299.1818793177304,711,2:01:12
40.2%,20140000,-599305.4352246402,302.279937722996,711,2:01:11
40.2%,20145000,-600986.0554476622,300.533940440482,711,2:01:10
40.3%,20150000,-599800.823055895,302.76844505574905,711,2:01:09
40.3%,20155000,-599957.190526661,300.82641191243914,711,2:01:08
40.3%,20160000,-598959.566697821,299.3537756106346,711,2:01:06
40.3%,20165000,-598367.8052264582,298.46377623711237,711,2:01:05
40.3%,20170000,-599408.9115195363,303.0971013474626,711,2:01:04
40.3%,20175000,-600646.2095445502,300.2554031906413,711,2:01:03
40.3%,20180000,-598728.7778113256,300.4566643847309,711,2:01:01
40.3%,20185000,-599169.7374645448,300.6204896229233,711,2:01:00
40.3%,20190000,-600363.8666835162,299.7747951880317,711,2:00:59
40.3%,20195000,-601541.5116875409,299.6317486226079,711,2:00:58
40.4%,20200000,-600243.7839343264,299.3182776891515,711,2:00:56
40.4%,20205000,-599942.9908986408,300.4788904502898,711,2:00:55
40.4%,20210000,-600880.9179468593,300.5608766656295,711,2:00:54
40.4%,20215000,-600170.4022123604,300.69550872720487,711,2:00:53
40.4%,20220000,-599172.9728360507,299.88614630455686,711,2:00:52
40.4%,20225000,-599643.6532572322,302.0307899064219,711,2:00:50
40.4%,20230000,-598965.7983889468,303.0347898612379,711,2:00:49
40.4%,20235000,-599605.284869255,298.97387180131335,711,2:00:48
40.4%,20240000,-599080.1137569835,298.2275568273258,711,2:00:47
40.4%,20245000,-601147.6026497437,300.4125066385874,711,2:00:46
40.5%,20250000,-598635.8840639321,302.290609178314,711,2:00:44
40.5%,20255000,-598842.3589759404,300.58310273118843,711,2:00:43
40.5%,20260000,-600552.481875434,299.6369494238204,711,2:00:42
40.5%,20265000,-600201.2311585303,302.3747542167985,711,2:00:41
40.5%,20270000,-600566.4323737505,301.6100156498367,711,2:00:40
40.5%,20275000,-598590.0246374779,301.84260431160703,711,2:00:38
40.5%,20280000,-599814.3188690878,299.41086176356566,711,2:00:37
40.5%,20285000,-599761.6183986459,300.25069303105266,711,2:00:36
40.5%,20290000,-598763.2035759515,300.65054142238205,711,2:00:35
40.5%,20295000,-598730.4401554237,299.33311959827194,711,2:00:33
40.6%,20300000,-600137.5512052327,300.1590902398861,711,2:00:32
40.6%,20305000,-598927.4750663484,300.8314655211645,711,2:00:31
40.6%,20310000,-598478.8908261606,297.9753915647653,711,2:00:30
40.6%,20315000,-600278.1939540608,300.571474524704,711,2:00:29
40.6%,20320000,-599013.1802595924,298.87841747339985,711,2:00:27
40.6%,20325000,-598600.5890264697,299.46377746269434,711,2:00:26
40.6%,20330000,-599306.2014633706,301.8212859330522,711,2:00:25
40.6%,20335000,-599520.5820929455,300.62534697499905,711,2:00:24
40.6%,20340000,-598465.9310915289,301.25851999053447,711,2:00:22
40.6%,20345000,-598221.0819173194,300.22120546946127,711,2:00:21
40.7%,20350000,-599391.7772890045,299.4323518666888,711,2:00:20
40.7%,20355000,-600627.9367660861,299.4717258570001,711,2:00:19
40.7%,20360000,-601286.4396141083,302.8765579375571,711,2:00:18
40.7%,20365000,-600750.4513416537,297.8049426646514,711,2:00:17
40.7%,20370000,-599690.0688395994,299.35934439306493,711,2:00:15
40.7%,20375000,-600155.6942947065,298.35186088271973,711,2:00:14
40.7%,20380000,-600800.0695367409,302.86642618802523,711,2:00:13
40.7%,20385000,-598116.6980584022,301.0845139386479,711,2:00:12
40.7%,20390000,-600154.6261847038,296.75217293242787,711,2:00:10
40.7%,20395000,-598828.6953012063,300.8401008137436,711,2:00:09
40.8%,20400000,-600672.6189996442,300.66351889333197,711,2:00:08
40.8%,20405000,-599803.5694699096,299.2371746287346,711,2:00:07
40.8%,20410000,-598190.2558199107,300.4056131237728,711,2:00:06
40.8%,20415000,-599971.8654692094,302.10019116411075,711,2:00:04
40.8%,20420000,-599127.1517520011,299.7467059550682,711,2:00:03
40.8%,20425000,-599539.7169597833,303.5006050188895,711,2:00:02
40.8%,20430000,-600079.7775120256,297.9106759345838,711,2:00:01
40.8%,20435000,-599762.8192364732,298.7100538001871,711,1:59:59
40.8%,20440000,-600019.9507212136,300.18690961995645,711,1:59:58
40.8%,20445000,-600134.1657180046,298.5892333003223,711,1:59:57
40.9%,20450000,-599593.0489620473,301.1155715534355,711,1:59:56
40.9%,20455000,-599642.980163137,301.2015564980093,711,1:59:55
40.9%,20460000,-599228.8234050856,301.0197983084665,711,1:59:53
40.9%,20465000,-598324.7206777637,301.5675751493766,711,1:59:52
40.9%,20470000,-600561.6293872981,298.9592016167613,711,1:59:51
40.9%,20475000,-600320.15106173,302.27397642726663,711,1:59:50
40.9%,20480000,-599843.2503760196,298.9986737353973,711,1:59:49
40.9%,20485000,-600498.7477479414,299.38917540379293,711,1:59:47
40.9%,20490000,-599320.2731870841,299.16774883896454,711,1:59:46
40.9%,20495000,-599601.8453525519,301.41101140721673,711,1:59:45
41.0%,20500000,-599490.4740466801,300.7596355874377,711,1:59:44
41.0%,20505000,-598611.6185183558,301.86470771675994,711,1:59:42
41.0%,20510000,-600093.9511951841,301.73390265985046,711,1:59:41
41.0%,20515000,-600123.3672879301,300.97306469379794,711,1:59:40
41.0%,20520000,-600396.8289151164,299.52125612892445,711,1:59:39
41.0%,20525000,-599171.7970674601,299.8550396256069,711,1:59:38
41.0%,20530000,-600663.0440030661,302.33300061461176,711,1:59:36
41.0%,20535000,-600274.9983533635,301.46206266817484,711,1:59:35
41.0%,20540000,-600231.4529755772,298.7571799281547,711,1:59:34
41.0%,20545000,-599306.2034745472,300.8431427918113,711,1:59:33
41.1%,20550000,-599980.0241995854,300.49797640945627,711,1:59:31
41.1%,20555000,-600217.1109467568,298.42776314192423,711,1:59:30
41.1%,20560000,-600772.1137725641,301.82867008949063,711,1:59:29
41.1%,20565000,-599678.8221794707,301.96440609471955,711,1:59:28
41.1%,20570000,-600391.3328003581,298.93827575150544,711,1:59:27
41.1%,20575000,-600187.7062379103,301.81770424919836,711,1:59:25
41.1%,20580000,-599491.3398752878,295.5875859741367,711,1:59:24
41.1%,20585000,-600543.0814026594,300.1173611697805,711,1:59:23
41.1%,20590000,-598032.1514718006,300.80497087347834,711,1:59:22
41.1%,20595000,-599316.0479704952,301.32394705107043,711,1:59:21
41.2%,20600000,-599446.3467400707,299.555012272643,711,1:59:19
41.2%,20605000,-599745.9514877438,300.71376059561084,711,1:59:18
41.2%,20610000,-599274.2656646906,297.3232797825505,711,1:59:17
41.2%,20615000,-600407.4335787306,301.2395812238551,711,1:59:16
41.2%,20620000,-599211.1188908769,297.1286913145448,711,1:59:15
41.2%,20625000,-598890.8754408709,298.926647545021,711,1:59:13
41.2%,20630000,-600488.3920801105,299.5837148076363,711,1:59:12
41.2%,20635000,-599374.1359546874,298.17930222362344,711,1:59:11
41.2%,20640000,-599252.1092531295,302.2419620613126,711,1:59:10
41.2%,20645000,-599622.9849724378,302.2299168094479,711,1:59:08
41.3%,20650000,-599520.0099825156,300.9792958424204,711,1:59:07
41.3%,20655000,-598342.2213486312,304.291911829781,711,1:59:06
41.3%,20660000,-600181.5239157779,298.0365991073364,711,1:59:05
41.3%,20665000,-599136.9324650322,300.7775930708694,711,1:59:04
41.3%,20670000,-600236.5971619203,304.0152390181108,711,1:59:02
41.3%,20675000,-600270.3717355975,301.5547448709138,711,1:59:01
41.3%,20680000,-598922.8478143523,301.2462048857767,711,1:59:00
41.3%,20685000,-598590.0718503874,301.1786435341771,711,1:58:59
41.3%,20690000,-598753.1860822923,299.9348670178019,711,1:58:57
41.3%,20695000,-600604.8519964791,299.51477965949005,711,1:58:56
41.4%,20700000,-600125.5312340027,303.34987991205304,711,1:58:55
41.4%,20705000,-600236.5442673191,300.52437292881757,711,1:58:54
41.4%,20710000,-600590.6602563099,303.9409068121026,711,1:58:53
41.4%,20715000,-600378.8711010055,301.26131664779024,711,1:58:51
41.4%,20720000,-600481.1633913713,298.64705541568907,711,1:58:50
41.4%,20725000,-599037.2613801612,297.1145117716165,711,1:58:49
41.4%,20730000,-599880.123231425,302.63947990492886,711,1:58:48
41.4%,20735000,-599687.428126127,300.471849742988,711,1:58:47
41.4%,20740000,-599229.453802234,300.8395365758762,711,1:58:45
41.4%,20745000,-598932.0293110139,301.5731684638881,711,1:58:44
41.5%,20750000,-598490.1552163418,301.4849020357635,711,1:58:43
41.5%,20755000,-599972.6919711456,295.9236264222887,711,1:58:42
41.5%,20760000,-599668.6038754513,301.14429862050997,711,1:58:41
41.5%,20765000,-599822.2273425143,299.85037853018065,711,1:58:39
41.5%,20770000,-599692.8580202432,298.6284846302276,711,1:58:38
41.5%,20775000,-599522.2786476584,299.7399596327407,711,1:58:37
41.5%,20780000,-599549.0131621188,297.5541266665562,711,1:58:36
41.5%,20785000,-600047.8766531674,299.2038109983151,711,1:58:34
41.5%,20790000,-601120.6254452528,302.5052158245714,711,1:58:33
41.5%,20795000,-600101.0024228501,299.400877206521,711,1:58:32
41.6%,20800000,-600426.0070764427,297.52846610963064,711,1:58:31
41.6%,20805000,-599287.4793019281,298.64021096503683,711,1:58:30
41.6%,20810000,-599058.3391234372,299.6270139309381,711,1:58:28
41.6%,20815000,-599180.9802806103,300.08868316686835,711,1:58:27
41.6%,20820000,-599570.5251709265,299.95240745585335,711,1:58:26
41.6%,20825000,-598645.1193356025,298.94310857150003,711,1:58:25
41.6%,20830000,-600564.4787053564,301.191743665533,711,1:58:24
41.6%,20835000,-600816.6335145445,300.05588377431627,711,1:58:22
41.6%,20840000,-600402.8553082934,302.416973928528,711,1:58:21
41.6%,20845000,-599034.3350941632,301.4216583304535,711,1:58:20
41.7%,20850000,-600707.4386629346,297.254565423135,711,1:58:19
41.7%,20855000,-600217.1211732025,298.92139767964613,711,1:58:17
41.7%,20860000,-598900.951275269,299.6597642593279,711,1:58:16
41.7%,20865000,-600155.3685960476,301.0433736384909,711,1:58:15
41.7%,20870000,-600589.1278423849,303.8498437267222,711,1:58:14
41.7%,20875000,-598983.7720492193,300.6746809902738,711,1:58:13
41.7%,20880000,-599767.3230167525,303.4478610443292,711,1:58:11
41.7%,20885000,-599400.8405108475,299.6066032393873,711,1:58:10
41.7%,20890000,-600073.406081649,299.1753537841337,711,1:58:09
41.7%,20895000,-598774.3260233602,300.84721511728895,711,1:58:08
41.8%,20900000,-600404.5238295244,301.0739651437358,711,1:58:06
41.8%,20905000,-599616.4107302828,302.5351694957054,711,1:58:05
41.8%,20910000,-600213.8864925154,300.065623010549,711,1:58:04
41.8%,20915000,-598464.9357426129,300.19343515355325,711,1:58:03
41.8%,20920000,-599173.6097436519,299.9785095902404,711,1:58:02
41.8%,20925000,-599481.5755203865,298.1924514191417,711,1:58:00
41.8%,20930000,-598491.6051078713,301.5439262231086,711,1:57:59
41.8%,20935000,-600253.0701235277,301.60883810993954,711,1:57:58
41.8%,20940000,-599501.0452801641,300.2427937009092,711,1:57:57
41.8%,20945000,-598259.6162028164,300.01972348664094,711,1:57:55
41.9%,20950000,-599434.8520528339,299.88060205420777,711,1:57:54
41.9%,20955000,-600249.8886901885,300.0389321062134,711,1:57:53
41.9%,20960000,-599435.0659126034,302.40142058905303,711,1:57:52
41.9%,20965000,-598863.3921870915,302.1233494487549,711,1:57:51
41.9%,20970000,-598434.7516087,299.39881651170094,711,1:57:49
41.9%,20975000,-599687.1958699594,299.44910727814215,711,1:57:48
41.9%,20980000,-600279.3635348356,297.53140995937355,711,1:57:47
41.9%,20985000,-599095.1956831743,300.61639276536437,711,1:57:46
41.9%,20990000,-599757.1617352818,300.26276281499855,711,1:57:45
41.9%,20995000,-600406.2954620849,302.07641957743687,711,1:57:43
42.0%,21000000,-600591.0486247824,299.994921552557,711,1:57:42
42.0%,21005000,-598746.7223565313,298.61982480556725,711,1:57:41
42.0%,21010000,-598526.6564011136,298.6487726613724,711,1:57:40
42.0%,21015000,-599584.8311274382,302.48684129575946,711,1:57:39
42.0%,21020000,-600355.2453093589,300.7911593117679,711,1:57:37
42.0%,21025000,-598463.7818904058,300.40151626621395,711,1:57:36
42.0%,21030000,-598095.6972595383,301.0310094695707,711,1:57:35
42.0%,21035000,-599758.2011729237,297.80386325307893,711,1:57:34
42.0%,21040000,-600388.1538487091,302.5914460899572,711,1:57:32
42.0%,21045000,-599444.9541315273,298.7476860127339,711,1:57:31
42.1%,21050000,-599035.5150592667,301.5808470053008,711,1:57:30
42.1%,21055000,-599796.7655152292,298.33493374669814,711,1:57:29
42.1%,21060000,-599084.0934011089,297.7322295760017,711,1:57:28
42.1%,21065000,-600098.6756566623,298.8068819246473,711,1:57:26
42.1%,21070000,-599354.9273184026,302.3092780921002,711,1:57:25
42.1%,21075000,-600156.9412287469,303.3929091824617,711,1:57:24
42.1%,21080000,-599349.9505307563,301.15151105238004,711,1:57:23
42.1%,21085000,-598884.2990721632,302.02227727424867,711,1:57:22
42.1%,21090000,-599151.7696991446,301.9135020262485,711,1:57:20
42.1%,21095000,-598682.2694147495,302.4746488514076,711,1:57:19
42.2%,21100000,-599788.877888591,303.133654148437,711,1:57:18
42.2%,21105000,-600004.2103573754,299.7431242712143,711,1:57:17
42.2%,21110000,-600179.2884719693,298.6774997284469,711,1:57:15
42.2%,21115000,-599232.7550327163,297.196841436093,711,1:57:14
42.2%,21120000,-599552.7451370442,301.1046547773056,711,1:57:13
42.2%,21125000,-599393.8870825018,298.7152055372372,711,1:57:12
42.2%,21130000,-601582.9230203731,296.5855510369798,711,1:57:11
42.2%,21135000,-599037.8872962771,299.1271727766749,711,1:57:09
42.2%,21140000,-599751.6131384233,300.0403794990036,711,1:57:08
42.2%,21145000,-599468.5462547331,301.8617638670171,711,1:57:07
42.3%,21150000,-599323.9350093547,299.3405528188727,711,1:57:06
42.3%,21155000,-597926.2792809969,299.92843961252987,711,1:57:05
42.3%,21160000,-598882.1473902557,301.9317538946545,711,1:57:03
42.3%,21165000,-600026.4503322709,301.99799051386975,711,1:57:02
42.3%,21170000,-599921.8311774936,296.12442150683563,711,1:57:01
42.3%,21175000,-600056.8878290881,299.92738473303865,711,1:57:00
42.3%,21180000,-600559.0037998403,301.9547895188927,711,1:56:59
42.3%,21185000,-599798.462876692,299.7886067497421,711,1:56:57
42.3%,21190000,-600165.0116178608,301.5562413278664,711,1:56:56
42.3%,21195000,-600271.2517037108,301.82732082502514,711,1:56:55
42.4%,21200000,-598563.9060803181,298.61155749420595,711,1:56:54
42.4%,21205000,-600282.0561966011,298.1796947369225,711,1:56:53
42.4%,21210000,-600279.0151444087,298.58417969159694,711,1:56:51
42.4%,21215000,-600630.4368783627,298.4945394669257,711,1:56:50
42.4%,21220000,-598944.0286886841,297.44942374403377,711,1:56:49
42.4%,21225000,-599310.0806497964,297.66015432146304,711,1:56:48
42.4%,21230000,-599446.9831712218,300.03091011566397,711,1:56:46
42.4%,21235000,-599390.403438847,301.3068481904804,711,1:56:45
42.4%,21240000,-600527.3134682551,302.4965069357487,711,1:56:44
42.4%,21245000,-598704.7562246053,299.5389682915442,711,1:56:43
42.5%,21250000,-599515.0661475472,300.6546382799409,711,1:56:41
42.5%,21255000,-599793.3590422445,298.01714516695205,711,1:56:40
42.5%,21260000,-598825.8044149885,300.37350062949395,711,1:56:39
42.5%,21265000,-598674.3526852857,301.6737990609329,711,1:56:38
42.5%,21270000,-600017.9713687398,298.32470386884154,711,1:56:37
42.5%,21275000,-598828.6621381808,301.23666190619343,711,1:56:35
42.5%,21280000,-599361.6396462875,301.53551171926017,711,1:56:34
42.5%,21285000,-598974.2611491568,302.4968994490477,711,1:56:33
42.5%,21290000,-599521.4725454925,302.052917843656,711,1:56:32
42.5%,21295000,-599067.6118099601,300.91197981163276,711,1:56:31
42.6%,21300000,-600025.2074016877,300.39697783119357,711,1:56:29
42.6%,21305000,-599536.2860233872,299.64357308574193,711,1:56:28
42.6%,21310000,-601008.9757747198,301.59500201614793,711,1:56:27
42.6%,21315000,-599915.2770068673,298.23464659878994,711,1:56:26
42.6%,21320000,-600412.0100159827,297.71854067469724,711,1:56:25
42.6%,21325000,-599428.3617582982,299.9491692211361,711,1:56:23
42.6%,21330000,-597917.5003537848,298.81725899499105,711,1:56:22
42.6%,21335000,-601350.6408760725,302.99433645935426,711,1:56:21
42.6%,21340000,-599753.1284913337,300.64870151629276,711,1:56:20
42.6%,21345000,-599606.1663098694,300.7659648643849,711,1:56:18
42.7%,21350000,-597573.1780383321,302.6875873161441,711,1:56:17
42.7%,21355000,-600214.6440921333,300.0081688764001,711,1:56:16
42.7%,21360000,-599928.4380124747,300.77901593157844,711,1:56:15
42.7%,21365000,-599569.389278308,302.0698449796777,711,1:56:14
42.7%,21370000,-599185.2966528544,300.30277463942076,711,1:56:12
42.7%,21375000,-598906.7465385455,299.1380650207236,711,1:56:11
42.7%,21380000,-600532.9875042913,301.59664566558774,711,1:56:10
42.7%,21385000,-599654.958330154,300.6832917507718,711,1:56:09
42.7%,21390000,-599796.2629755968,299.5449050551924,711,1:56:07
42.7%,21395000,-600190.0636057653,300.40593204082825,711,1:56:06
42.8%,21400000,-599543.2817948638,301.37548895365234,711,1:56:05
42.8%,21405000,-600145.5933716646,300.7996719439411,711,1:56:04
42.8%,21410000,-600325.1483302433,300.02281452887104,711,1:56:03
42.8%,21415000,-599243.2337269764,300.2859701638051,711,1:56:01
42.8%,21420000,-600445.6634094836,302.96688506050174,711,1:56:00
42.8%,21425000,-599770.140455307,299.6611380558745,711,1:55:59
42.8%,21430000,-598696.5116298804,300.98486462485073,711,1:55:58
42.8%,21435000,-600147.199679649,297.5952424346321,711,1:55:57
42.8%,21440000,-599558.3728420855,298.77987210325625,711,1:55:55
42.8%,21445000,-599400.1849155542,300.1152268787169,711,1:55:54
42.9%,21450000,-599323.429959313,301.53568344382853,711,1:55:53
42.9%,21455000,-598995.7068562638,299.0217338917167,711,1:55:52
42.9%,21460000,-598980.5559171955,301.159214125874,711,1:55:51
42.9%,21465000,-599292.4128960338,298.66484117455246,711,1:55:49
42.9%,21470000,-600012.3726745793,299.7910844899424,711,1:55:48
42.9%,21475000,-600513.2118392186,301.67792045057297,711,1:55:47
42.9%,21480000,-600124.8319720188,302.11022478531777,711,1:55:46
42.9%,21485000,-600375.7823381,302.74810796044187,711,1:55:45
42.9%,21490000,-600177.7195769656,297.29869863719733,711,1:55:43
42.9%,21495000,-599677.9603652912,300.9319734578033,711,1:55:42
43.0%,21500000,-601156.5552922478,299.3967803489621,711,1:55:41
43.0%,21505000,-601491.1802352364,299.7993763333849,711,1:55:40
43.0%,21510000,-600135.1869762102,300.4936096990043,711,1:55:39
43.0%,21515000,-599050.1102983509,301.2339388451812,711,1:55:37
43.0%,21520000,-599488.9563552816,300.5037169164549,711,1:55:36
43.0%,21525000,-598512.9961725222,299.48342765972814,711,1:55:35
43.0%,21530000,-599456.1475866754,297.18008602463965,711,1:55:34
43.0%,21535000,-600341.0949107283,300.56190701303956,711,1:55:32
43.0%,21540000,-599775.7364990693,297.180012428396,711,1:55:31
43.0%,21545000,-599768.3940696865,299.50859757502997,711,1:55:30
43.1%,21550000,-599328.1529977261,298.37678547720964,711,1:55:29
43.1%,21555000,-599778.2418063902,301.58751973138476,711,1:55:28
43.1%,21560000,-599027.6823463244,298.6520844923332,711,1:55:26
43.1%,21565000,-598711.0903079314,300.3587568486983,711,1:55:25
43.1%,21570000,-600498.4249648657,300.3531390021056,711,1:55:24
43.1%,21575000,-599824.0063035795,301.1795266891,711,1:55:23
43.1%,21580000,-598253.3574743876,296.9978862576353,711,1:55:21
43.1%,21585000,-602168.7646827553,300.6948218289315,711,1:55:20
43.1%,21590000,-600696.7001382825,300.70007169430636,711,1:55:19
43.1%,21595000,-600190.53124522,299.21205377759514,711,1:55:18
43.2%,21600000,-600649.9097991022,301.9885701946925,711,1:55:17
43.2%,21605000,-599866.0187348286,301.583054892608,711,1:55:15
43.2%,21610000,-598560.9867539625,302.3415623109474,711,1:55:14
43.2%,21615000,-597982.9977600663,301.73348561447017,711,1:55:13
43.2%,21620000,-599468.1976578715,299.6191881970382,711,1:55:12
43.2%,21625000,-599638.7397656348,302.6739229469208,711,1:55:11
43.2%,21630000,-599734.0473273583,301.1352217504694,711,1:55:09
43.2%,21635000,-599860.3479912239,301.50315390416944,711,1:55:08
43.2%,21640000,-599877.7897521192,300.5888677702683,711,1:55:07
43.2%,21645000,-598336.8907131655,301.2327613052841,711,1:55:06
43.3%,21650000,-599330.7896961109,296.87002505046866,711,1:55:05
43.3%,21655000,-598335.5648594652,300.94151643738655,711,1:55:03
43.3%,21660000,-600062.4932308751,302.77759552203327,711,1:55:02
43.3%,21665000,-599377.1011494156,300.24566395440854,711,1:55:01
43.3%,21670000,-600382.3914224566,300.0466842438697,711,1:55:00
43.3%,21675000,-600277.3359232452,296.8332759928448,711,1:54:59
43.3%,21680000,-599590.6812271266,299.799523525872,711,1:54:57
43.3%,21685000,-599528.80011759,299.6332450795606,711,1:54:56
43.3%,21690000,-600307.9387043216,302.63121259356757,711,1:54:55
43.3%,21695000,-599991.8451512675,299.5236112087187,711,1:54:54
43.4%,21700000,-598351.4858829002,298.33944764963724,711,1:54:52
43.4%,21705000,-599641.1609389782,297.56141269466997,711,1:54:51
43.4%,21710000,-598776.6447696756,299.6345452798637,711,1:54:50
43.4%,21715000,-599386.375164629,299.48673949068893,711,1:54:49
43.4%,21720000,-600603.1239403235,298.1457423365544,711,1:54:48
43.4%,21725000,-598226.937512028,298.7082629582602,711,1:54:46
43.4%,21730000,-597962.1609682855,303.4567416577203,711,1:54:45
43.4%,21735000,-598668.1264580027,301.7020354863835,711,1:54:44
43.4%,21740000,-598718.8999641901,303.4549753478745,711,1:54:43
43.4%,21745000,-598074.8635326833,301.2723315522449,711,1:54:42
43.5%,21750000,-598260.7763694297,299.4532531998634,711,1:54:40
43.5%,21755000,-598413.3531839517,300.4384125163249,711,1:54:39
43.5%,21760000,-599866.4500974235,299.190956187771,711,1:54:38
43.5%,21765000,-599944.6205890677,301.9178687367005,711,1:54:37
43.5%,21770000,-601197.7423861907,301.76446963301424,711,1:54:36
43.5%,21775000,-601010.033263558,299.87091188213736,711,1:54:34
43.5%,21780000,-600402.1523924726,301.3255907005102,711,1:54:33
43.5%,21785000,-599977.4577821572,301.23227066366024,711,1:54:32
43.5%,21790000,-600770.513843298,301.8628432785895,711,1:54:31
43.5%,21795000,-599688.2347462778,298.52743698780256,711,1:54:30
43.6%,21800000,-600049.2396950545,301.3927840708919,711,1:54:28
43.6%,21805000,-600477.2513207118,298.9261078392348,711,1:54:27
43.6%,21810000,-600756.60138707,302.951626106001,711,1:54:26
43.6%,21815000,-598746.3478156682,298.88553177694513,711,1:54:25
43.6%,21820000,-599868.0976819466,299.9233860038046,711,1:54:24
43.6%,21825000,-597899.1527241077,299.6882705376716,711,1:54:22
43.6%,21830000,-600355.6354630915,301.4308823929813,711,1:54:21
43.6%,21835000,-600505.7911038338,301.53337742819656,711,1:54:20
43.6%,21840000,-600654.7822878156,299.61354581836434,711,1:54:19
43.6%,21845000,-599821.578655865,301.4106188939176,711,1:54:17
43.7%,21850000,-598812.2414578167,302.8553131552458,711,1:54:16
43.7%,21855000,-599821.0157910609,300.205995579123,711,1:54:15
43.7%,21860000,-599228.8917306336,299.3018411947536,711,1:54:14
43.7%,21865000,-599649.7417011745,300.5010183875239,711,1:54:13
43.7%,21870000,-600884.0421838765,301.3323860870001,711,1:54:11
43.7%,21875000,-600080.8748594709,298.25731424181026,711,1:54:10
43.7%,21880000,-600219.5008136057,300.74307643263387,711,1:54:09
43.7%,21885000,-600465.1460173042,299.3562533508349,711,1:54:08
43.7%,21890000,-599771.4109926359,298.8966693418058,711,1:54:06
43.7%,21895000,-599789.4703610474,302.20329950135584,711,1:54:05
43.8%,21900000,-600247.7764395764,302.16785064403507,711,1:54:04
43.8%,21905000,-599230.9134300658,299.69489419959314,711,1:54:03
43.8%,21910000,-599505.1975680124,300.9345738584095,711,1:54:02
43.8%,21915000,-598957.6524718464,297.808377156018,711,1:54:01
43.8%,21920000,-599148.9966377947,299.27691660026375,711,1:53:59
43.8%,21925000,-599398.240092739,300.2501042611041,711,1:53:58
43.8%,21930000,-599750.3699777625,300.4964554204224,711,1:53:57
43.8%,21935000,-600076.2669031629,300.7520797064309,711,1:53:56
43.8%,21940000,-600810.7445027679,302.04720186873857,711,1:53:54
43.8%,21945000,-600400.2882435322,299.0708471182607,711,1:53:53
43.9%,21950000,-599923.9211234995,299.9641583227437,711,1:53:52
43.9%,21955000,-600065.5824144157,301.1112048429835,711,1:53:51
43.9%,21960000,-599389.2877531624,300.6001279955349,711,1:53:50
43.9%,21965000,-599055.7005048892,302.5017568011235,711,1:53:48
43.9%,21970000,-600568.4468522226,298.45415966128553,711,1:53:47
43.9%,21975000,-599552.2108493936,297.8742212619342,711,1:53:46
43.9%,21980000,-598779.4521863097,300.41670162447105,711,1:53:45
43.9%,21985000,-598287.3119288748,301.8519019703784,711,1:53:44
43.9%,21990000,-598772.1385806599,300.7971206074972,711,1:53:42
43.9%,21995000,-600270.1583404304,299.82005687782873,711,1:53:41
44.0%,22000000,-599061.39684674,299.02624779465583,711,1:53:40
44.0%,22005000,-598852.8502039798,301.185954094372,711,1:53:39
44.0%,22010000,-599119.7988607637,305.94900485005945,711,1:53:38
44.0%,22015000,-598650.4276398458,304.10458485780777,711,1:53:36
44.0%,22020000,-598871.0394323287,297.93118475445937,711,1:53:35
44.0%,22025000,-600021.6108108019,297.94992726448913,711,1:53:34
44.0%,22030000,-599411.9026764059,298.88067442486937,711,1:53:33
44.0%,22035000,-598519.0438682935,301.7802682933011,711,1:53:31
44.0%,22040000,-600301.5832092939,298.6386163797594,711,1:53:30
44.0%,22045000,-598484.2686946625,299.24443612476705,711,1:53:29
44.1%,22050000,-600086.9136187234,300.0117996244163,711,1:53:28
44.1%,22055000,-600053.7233722867,302.43998502068496,711,1:53:27
44.1%,22060000,-598845.8496985487,298.9740680579629,711,1:53:25
44.1%,22065000,-599364.4517717343,299.7185431258611,711,1:53:24
44.1%,22070000,-600135.2236984288,303.61097485216703,711,1:53:23
44.1%,22075000,-599317.8177994136,297.72894227712214,711,1:53:22
44.1%,22080000,-601045.7889163191,300.74898866420085,711,1:53:21
44.1%,22085000,-600029.0805036849,299.8780507177639,711,1:53:19
44.1%,22090000,-600134.3801417518,302.08441703590506,711,1:53:18
44.1%,22095000,-599415.6410652567,299.92461260786405,711,1:53:17
44.2%,22100000,-599549.9449431589,299.4412815442423,711,1:53:16
44.2%,22105000,-599535.8416610295,298.11434127263016,711,1:53:15
44.2%,22110000,-599373.8070488796,300.8982418461659,711,1:53:13
44.2%,22115000,-599200.0545014963,299.83340232999655,711,1:53:12
44.2%,22120000,-598445.8951466274,300.31656166905003,711,1:53:11
44.2%,22125000,-598975.488158179,302.60361400222786,711,1:53:10
44.2%,22130000,-600584.0039404319,304.5392933365094,711,1:53:08
44.2%,22135000,-598024.8386839968,300.83139192492087,711,1:53:07
44.2%,22140000,-600864.7128211274,298.88631680354325,711,1:53:06
44.2%,22145000,-599742.2046621414,300.16002245897135,711,1:53:05
44.3%,22150000,-599486.2778942538,300.61806094688535,711,1:53:04
44.3%,22155000,-600184.5535892542,298.9092542994567,711,1:53:02
44.3%,22160000,-598954.9357001833,301.6569455211548,711,1:53:01
44.3%,22165000,-599830.9099226692,300.67328266164594,711,1:53:00
44.3%,22170000,-600449.9267664831,301.00409777650435,711,1:52:59
44.3%,22175000,-601399.4809498782,299.2219892704774,711,1:52:58
44.3%,22180000,-601540.0474336371,300.71869154393016,711,1:52:56
44.3%,22185000,-599179.2137021725,299.12283059830406,711,1:52:55
44.3%,22190000,-599295.7297985088,302.69372033644174,711,1:52:54
44.3%,22195000,-600456.6658333801,298.2900400381189,711,1:52:53
44.4%,22200000,-598795.8737823372,301.6614839561751,711,1:52:51
44.4%,22205000,-599815.3046741113,299.96020865767196,711,1:52:50
44.4%,22210000,-600559.421974292,302.9532452233596,711,1:52:49
44.4%,22215000,-600195.5581698618,299.6566732170978,711,1:52:48
44.4%,22220000,-600975.9396639215,301.31263776164144,711,1:52:47
44.4%,22225000,-599922.0013418449,299.5442672210814,711,1:52:45
44.4%,22230000,-599298.391800195,303.32524970253746,711,1:52:44
44.4%,22235000,-599198.5216671424,299.85528494641875,711,1:52:43
44.4%,22240000,-598968.6837743158,299.75006685019133,711,1:52:42
44.4%,22245000,-598812.3750325865,299.04938154721873,711,1:52:41
44.5%,22250000,-598431.2857448068,299.4816613498824,711,1:52:39
44.5%,22255000,-600702.4166306811,300.3041729680487,711,1:52:38
44.5%,22260000,-599589.7147033894,301.80489850281674,711,1:52:37
44.5%,22265000,-598866.0355214025,301.9775062260754,711,1:52:36
44.5%,22270000,-600059.8010021825,299.5464260442262,711,1:52:35
44.5%,22275000,-599166.0763778198,301.6675679123104,711,1:52:33
44.5%,22280000,-599002.6263342076,300.382381242885,711,1:52:32
44.5%,22285000,-598972.2853637678,301.1577667330837,711,1:52:31
44.5%,22290000,-601476.8568376428,300.1680199174395,711,1:52:30
44.5%,22295000,-600921.4440609952,299.67541572712764,711,1:52:28
44.6%,22300000,-598423.3944536317,299.51043748111925,711,1:52:27
44.6%,22305000,-600234.8439108161,300.1975320111121,711,1:52:26
44.6%,22310000,-599216.1313047362,303.3619496959989,711,1:52:25
44.6%,22315000,-599896.5706177605,298.4023479058105,711,1:52:24
44.6%,22320000,-599686.1003674534,300.1173611697805,711,1:52:22
44.6%,22325000,-598853.1556508346,299.50212110559556,711,1:52:21
44.6%,22330000,-599746.4383733687,297.46298998493234,711,1:52:20
44.6%,22335000,-599652.0363999126,301.0802698886019,711,1:52:19
44.6%,22340000,-599553.741207087,304.0811812523517,711,1:52:18
44.6%,22345000,-598823.3146549179,299.7328698612766,711,1:52:16
44.7%,22350000,-599214.4629177386,299.6813034266134,711,1:52:15
44.7%,22355000,-600026.2982112253,299.8834968397883,711,1:52:14
44.7%,22360000,-599915.0072740559,302.81505601001163,711,1:52:13
44.7%,22365000,-600842.2192690293,300.78973645105884,711,1:52:12
44.7%,22370000,-599534.426033414,300.2869023828903,711,1:52:10
44.7%,22375000,-599854.8650925076,301.8749621266977,711,1:52:09
44.7%,22380000,-599384.1846056208,300.6139395572453,711,1:52:08
44.7%,22385000,-599633.058270386,300.36388405366716,711,1:52:07
44.7%,22390000,-599950.0612184191,299.9274092651199,711,1:52:05
44.7%,22395000,-599586.420394469,297.9048372992604,711,1:52:04
44.8%,22400000,-598527.4524375317,303.17977446107574,711,1:52:03
44.8%,22405000,-600282.3554813266,299.72030943570684,711,1:52:02
44.8%,22410000,-598205.9937825156,301.57015101790165,711,1:52:01
44.8%,22415000,-599443.6365011763,299.02705735333507,711,1:51:59
44.8%,22420000,-599849.4352395306,301.3119508633681,711,1:51:58
44.8%,22425000,-600298.4311211426,298.80065077602484,711,1:51:57
44.8%,22430000,-599822.3681286168,298.1109558454258,711,1:51:56
44.8%,22435000,-599913.0446795765,302.3187965396023,711,1:51:55
44.8%,22440000,-598337.2329090419,300.3946472834805,711,1:51:53
44.8%,22445000,-599010.6010839818,302.0853492549903,711,1:51:52
44.9%,22450000,-600011.42214288,303.6547400850115,711,1:51:51
44.9%,22455000,-600346.9385764622,299.99992609711995,711,1:51:50
44.9%,22460000,-599186.8597193458,299.98223846658135,711,1:51:49
44.9%,22465000,-598928.3608384221,298.1232954822648,711,1:51:47
44.9%,22470000,-599298.4728732686,299.0658916378602,711,1:51:46
44.9%,22475000,-600245.3526871232,301.0835571874814,711,1:51:45
44.9%,22480000,-599453.2041427414,298.89217997094784,711,1:51:44
44.9%,22485000,-599309.8297576304,299.15823039146244,711,1:51:42
44.9%,22490000,-599506.3152634725,304.0164165580079,711,1:51:41
44.9%,22495000,-599287.9680593428,300.25226308424885,711,1:51:40
45.0%,22500000,-599903.4287753901,302.98575023093747,711,1:51:39
45.0%,22505000,-598721.2900673733,300.20862051181035,711,1:51:38
45.0%,22510000,-599634.3059848039,300.25584476810275,711,1:51:36
45.0%,22515000,-599210.2315390622,302.39165682073906,711,1:51:35
45.0%,22520000,-599851.097723526,301.17511091448563,711,1:51:34
45.0%,22525000,-599743.1347289607,299.21185752094567,711,1:51:33
45.0%,22530000,-600441.8774046935,298.6226950590666,711,1:51:32
45.0%,22535000,-599652.8231168175,299.87746194781533,711,1:51:30
45.0%,22540000,-598752.4564924059,302.71349319388156,711,1:51:29
45.0%,22545000,-599831.340339601,300.417216798176,711,1:51:28
45.1%,22550000,-599406.9303089054,297.0317405296787,711,1:51:27
45.1%,22555000,-597405.3084940906,298.1409831128033,711,1:51:26
45.1%,22560000,-599310.0142934443,299.08272064555706,711,1:51:24
45.1%,22565000,-598865.7910763742,298.360888688598,711,1:51:23
45.1%,22570000,-600818.6216663406,300.52839619013287,711,1:51:22
45.1%,22575000,-600439.0697035519,298.6342251372263,711,1:51:21
45.1%,22580000,-600325.2773310272,299.585481117482,711,1:51:19
45.1%,22585000,-599776.7545728134,301.9288345769928,711,1:51:18
45.1%,22590000,-598666.9893620233,298.5973288871153,711,1:51:17
45.1%,22595000,-600360.6523577571,301.77349743889243,711,1:51:16
45.2%,22600000,-599763.9692804739,297.71221139775,711,1:51:14
45.2%,22605000,-600518.9674394829,300.1800651693042,711,1:51:13
45.2%,22610000,-599885.3347151899,298.16011813613227,711,1:51:12
45.2%,22615000,-599059.3400416784,299.045947055852,711,1:51:11
45.2%,22620000,-598952.1546757799,299.7797752005134,711,1:51:10
45.2%,22625000,-600579.7730012937,299.08954056412813,711,1:51:08
45.2%,22630000,-599711.4117870331,297.24350145451797,711,1:51:07
45.2%,22635000,-599902.4549174919,299.2716176707265,711,1:51:06
45.2%,22640000,-598227.9868007475,297.7786933377771,711,1:51:05
45.2%,22645000,-598970.9051296106,301.2884491295873,711,1:51:04
45.3%,22650000,-599742.5467604119,300.6027774603035,711,1:51:02
45.3%,22655000,-599856.858059572,299.05306135939736,711,1:51:01
45.3%,22660000,-599459.1142827957,300.4147390579758,711,1:51:00
45.3%,22665000,-597274.0881146616,299.0707980540983,711,1:50:59
45.3%,22670000,-600095.216990808,302.7000005492266,711,1:50:58
45.3%,22675000,-600527.6429505004,300.0948652513285,711,1:50:56
45.3%,22680000,-598677.6906293207,302.2814096478674,711,1:50:55
45.3%,22685000,-600279.6218970949,301.91433611700904,711,1:50:54
45.3%,22690000,-599187.448604784,298.16404326912277,711,1:50:53
45.3%,22695000,-599538.4171011788,302.7791165110671,711,1:50:52
45.4%,22700000,-599717.5114756976,296.6872610455969,711,1:50:50
45.4%,22705000,-600549.9539025142,302.3472292217025,711,1:50:49
45.4%,22710000,-599421.4877595874,299.45676128747374,711,1:50:48
45.4%,22715000,-598329.5283299191,303.36452556452394,711,1:50:47
45.4%,22720000,-599188.2450931142,299.4735657630894,711,1:50:45
45.4%,22725000,-599568.6074782992,302.1070110826818,711,1:50:44
45.4%,22730000,-598324.4435454025,298.37084871356143,711,1:50:43
45.4%,22735000,-600521.7984499107,300.9709549348155,711,1:50:42
45.4%,22740000,-599551.2592225717,299.5576126732492,711,1:50:41
45.4%,22745000,-598498.1008583587,300.94833635595757,711,1:50:39
45.5%,22750000,-600006.9365908052,300.9533899646829,711,1:50:38
45.5%,22755000,-598209.3437650618,300.7348581854349,711,1:50:37
45.5%,22760000,-598870.1356069697,300.30780371606494,711,1:50:36
45.5%,22765000,-600366.1082479497,302.8096098879873,711,1:50:34
45.5%,22770000,-598767.8107163906,300.828325414772,711,1:50:33
45.5%,22775000,-601081.9308214486,297.65316267832367,711,1:50:32
45.5%,22780000,-599224.2122804658,299.8926963702348,711,1:50:31
45.5%,22785000,-599449.9381382368,299.64958344563365,711,1:50:30
45.5%,22790000,-599627.6830966184,302.7523274784067,711,1:50:28
45.5%,22795000,-599659.2319470034,301.07531440820134,711,1:50:27
45.6%,22800000,-599842.8630212913,299.7636085590086,711,1:50:26
45.6%,22805000,-600505.4626618163,296.3262469387927,711,1:50:25
45.6%,22810000,-600932.2222663932,302.1257781247928,711,1:50:24
45.6%,22815000,-599368.9301888258,299.78809157603706,711,1:50:22
45.6%,22820000,-599386.2565217898,299.8563643579912,711,1:50:21
45.6%,22825000,-599328.8891278193,299.5605565229921,711,1:50:20
45.6%,22830000,-598755.7026524469,300.6086896918705,711,1:50:19
45.6%,22835000,-599308.467829165,298.1781246837263,711,1:50:17
45.6%,22840000,-599771.7738076849,299.3345179268998,711,1:50:16
45.6%,22845000,-599642.16057134,300.7936861161306,711,1:50:15
45.7%,22850000,-599691.4385405085,301.07161006394153,711,1:50:14
45.7%,22855000,-600007.1545080128,299.9478199566706,711,1:50:13
45.7%,22860000,-599493.1180924927,297.3715589183341,711,1:50:11
45.7%,22865000,-600128.516240248,300.1480508033502,711,1:50:10
45.7%,22870000,-600365.5722419694,299.7795298797015,711,1:50:09
45.7%,22875000,-599974.7671512631,302.29637421739386,711,1:50:08
45.7%,22880000,-598613.396351919,299.1731458968265,711,1:50:07
45.7%,22885000,-599396.6367152375,303.27005251985804,711,1:50:05
45.7%,22890000,-598861.5179941324,299.8038166400804,711,1:50:04
45.7%,22895000,-601116.836115913,298.0620388755313,711,1:50:03
45.8%,22900000,-598879.8363907901,300.3146481667172,711,1:50:02
45.8%,22905000,-600138.2742119101,301.3862830693763,711,1:50:01
45.8%,22910000,-599604.8430786585,299.99148706119036,711,1:49:59
45.8%,22915000,-599833.6744414442,298.19139653965055,711,1:49:58
45.8%,22920000,-599611.3767619259,299.8197870249357,711,1:49:57
45.8%,22925000,-599822.3331935029,298.4967964183952,711,1:49:56
45.8%,22930000,-599091.8633030383,302.59213298823056,711,1:49:54
45.8%,22935000,-598677.0892659002,297.4569796250405,711,1:49:53
45.8%,22940000,-599302.6987631065,301.89203645520655,711,1:49:52
45.8%,22945000,-599323.543757204,299.09891181914304,711,1:49:51
45.9%,22950000,-600570.0378826195,303.6225294624079,711,1:49:50
45.9%,22955000,-599389.9725335897,298.2774305483868,711,1:49:48
45.9%,22960000,-599212.6748537752,297.2392083403095,711,1:49:47
45.9%,22965000,-599511.5927772792,298.5843759482465,711,1:49:46
45.9%,22970000,-599092.6588909668,299.8680416286381,711,1:49:45
45.9%,22975000,-598743.4455439495,300.79520710516437,711,1:49:43
45.9%,22980000,-599316.7144847908,299.43794518120035,711,1:49:42
45.9%,22985000,-598578.2530932026,299.60785437552806,711,1:49:41
45.9%,22990000,-600086.6342638964,301.54942140929535,711,1:49:40
45.9%,22995000,-598787.104454367,297.5026828922991,711,1:49:39
46.0%,23000000,-601027.2107263673,300.1285232667223,711,1:49:37
46.0%,23005000,-600959.9958343543,300.921130277917,711,1:49:36
46.0%,23010000,-598878.1383329178,300.9804979143987,711,1:49:35
46.0%,23015000,-599686.4571657036,299.60378205005037,711,1:49:34
46.0%,23020000,-598916.3273107139,299.9701441505543,711,1:49:33
46.0%,23025000,-598859.9317908753,297.47052133385785,711,1:49:31
46.0%,23030000,-599748.2509594578,298.738192097313,711,1:49:30
46.0%,23035000,-600395.6600386477,302.21244996764,711,1:49:29
46.0%,23040000,-599720.5132597117,299.8015596886109,711,1:49:28
46.0%,23045000,-599109.8590516909,297.63873781458346,711,1:49:27
46.1%,23050000,-600672.84777387,299.32867929157635,711,1:49:25
46.1%,23055000,-599646.8499623179,301.18085142148425,711,1:49:24
46.1%,23060000,-598898.314006614,299.7744272068138,711,1:49:23
46.1%,23065000,-599753.822017354,302.36599626381343,711,1:49:22
46.1%,23070000,-600192.8651432768,298.76120318947005,711,1:49:20
46.1%,23075000,-599582.0428387313,300.2757402859485,711,1:49:19
46.1%,23080000,-599425.2218458438,300.67617744722645,711,1:49:18
46.1%,23085000,-600500.1227293084,296.9984750275839,711,1:49:17
46.1%,23090000,-599804.1155878361,298.9232866498979,711,1:49:16
46.1%,23095000,-599888.1204872099,301.28023088238837,711,1:49:14
46.2%,23100000,-599984.7984533045,302.2866840453235,711,1:49:13
46.2%,23105000,-600207.8110067947,302.28442709385394,711,1:49:12
46.2%,23110000,-599021.2958103302,301.65289772775833,711,1:49:11
46.2%,23115000,-599781.1715005888,299.1687546542933,711,1:49:10
46.2%,23120000,-599345.2116322834,298.9801765461794,711,1:49:08
46.2%,23125000,-597703.71613409,299.31773798336525,711,1:49:07
46.2%,23130000,-598675.4855171712,299.2516976207996,711,1:49:06
46.2%,23135000,-598800.2816558932,301.0370688936248,711,1:49:05
46.2%,23140000,-600324.9418268022,298.3932710357699,711,1:49:03
46.2%,23145000,-599594.7178885532,299.90788172849193,711,1:49:02
46.3%,23150000,-599198.8236770872,300.6385452346798,711,1:49:01
46.3%,23155000,-599141.2453405512,299.70973610871357,711,1:49:00
46.3%,23160000,-598815.2924038065,302.1578660869904,711,1:48:59
46.3%,23165000,-598600.1899134424,304.66693375494526,711,1:48:57
46.3%,23170000,-599967.929727992,299.7057864436419,711,1:48:56
46.3%,23175000,-600193.9985578493,301.89542188241086,711,1:48:55
46.3%,23180000,-600704.4544478576,300.7199672121521,711,1:48:54
46.3%,23185000,-599277.8856635289,300.75311005384094,711,1:48:52
46.3%,23190000,-599026.0122164902,296.83577826512624,711,1:48:51
46.3%,23195000,-602194.9706465113,299.61835410627776,711,1:48:50
46.4%,23200000,-598410.0525685456,299.3897151095792,711,1:48:49
46.4%,23205000,-598575.8230580529,300.07386578982914,711,1:48:48
46.4%,23210000,-600936.4498063754,298.6676378318082,711,1:48:46
46.4%,23215000,-599936.5850606426,301.42614770131144,711,1:48:45
46.4%,23220000,-599983.1842133529,298.9381285590183,711,1:48:44
46.4%,23225000,-600851.028491782,300.3344946204005,711,1:48:43
46.4%,23230000,-599993.9281986831,301.7825252447707,711,1:48:41
46.4%,23235000,-600596.1703867647,300.8805296835461,711,1:48:40
46.4%,23240000,-599686.8460288234,297.9797582752172,711,1:48:39
46.4%,23245000,-599859.2260766113,301.29342914206904,711,1:48:38
46.5%,23250000,-600282.8061538911,298.5000837172748,711,1:48:36
46.5%,23255000,-599534.1028819922,298.84397443140784,711,1:48:35
46.5%,23260000,-600160.5247929939,301.77325211808056,711,1:48:34
46.5%,23265000,-599048.8285269421,302.6921748153268,711,1:48:33
46.5%,23270000,-600087.3303449168,300.4749653172992,711,1:48:32
46.5%,23275000,-598669.8445281149,301.26978021580106,711,1:48:30
46.5%,23280000,-599492.2902128212,299.80945901875435,711,1:48:29
46.5%,23285000,-598654.0985058704,298.6769354905795,711,1:48:28
46.5%,23290000,-599727.4441960361,298.92959139476386,711,1:48:27
46.5%,23295000,-598880.2576767649,297.7680464145403,711,1:48:26
46.6%,23300000,-600197.1321651652,299.4156209873167,711,1:48:24
46.6%,23305000,-600416.0185185717,300.16257379541514,711,1:48:23
46.6%,23310000,-600361.5569415148,298.72185373123995,711,1:48:22
46.6%,23315000,-597298.6281906669,298.0067435645271,711,1:48:21
46.6%,23320000,-598713.5202303454,297.8336697317258,711,1:48:20
46.6%,23325000,-599192.552926376,299.3968294131245,711,1:48:18
46.6%,23330000,-598611.2222993178,301.8604391346327,711,1:48:17
46.6%,23335000,-600012.7666527168,301.19081144644775,711,1:48:16
46.6%,23340000,-599485.9542464516,303.0815234759065,711,1:48:15
46.6%,23345000,-599162.6603685375,300.4928737365686,711,1:48:13
46.7%,23350000,-599648.6990448725,300.22716676519065,711,1:48:12
46.7%,23355000,-599083.4403830953,299.3384430598903,711,1:48:11
46.7%,23360000,-599817.9869690109,299.77734652447555,711,1:48:10
46.7%,23365000,-598853.2288758014,300.4452079028148,711,1:48:09
46.7%,23370000,-599580.4316971451,301.823444756197,711,1:48:07
46.7%,23375000,-597481.1407503234,301.23214800325434,711,1:48:06
46.7%,23380000,-598998.7389977328,300.05693865380744,711,1:48:05
46.7%,23385000,-599154.2972960602,302.25653411753996,711,1:48:04
46.7%,23390000,-599373.8545899829,299.48882471759015,711,1:48:03
46.7%,23395000,-599539.6705073407,300.9145311480766,711,1:48:01
46.8%,23400000,-599451.2527311812,301.1604897940959,711,1:48:00
46.8%,23405000,-599752.8774476708,301.12668458621494,711,1:47:59
46.8%,23410000,-599082.3699617456,300.84395235049055,711,1:47:58
46.8%,23415000,-600341.1850387934,301.53612502128993,711,1:47:57
46.8%,23420000,-599960.5076937173,301.17746599427994,711,1:47:55
46.8%,23425000,-600250.6114689196,301.9973281476776,711,1:47:54
46.8%,23430000,-598494.6004791022,300.1901969188361,711,1:47:53
46.8%,23435000,-599834.2852125983,301.6145786169382,711,1:47:52
46.8%,23440000,-599451.0555236223,297.85847166580976,711,1:47:50
46.8%,23445000,-600367.3223723802,298.66695093353485,711,1:47:49
46.9%,23450000,-599583.3784041204,298.75413795008706,711,1:47:48
46.9%,23455000,-599619.2799273366,301.8455481613499,711,1:47:47
46.9%,23460000,-599315.3985570804,302.8093890992566,711,1:47:46
46.9%,23465000,-598975.7754287887,298.56602595151577,711,1:47:44
46.9%,23470000,-601053.2471941733,302.2374481583735,711,1:47:43
46.9%,23475000,-600433.7234927146,301.92947241110375,711,1:47:42
46.9%,23480000,-598797.9979558415,301.028997838913,711,1:47:41
46.9%,23485000,-599228.3867277382,298.51436138852785,711,1:47:39
46.9%,23490000,-599155.3954738821,297.1844772671728,711,1:47:38
46.9%,23495000,-598894.8374700639,299.21892276032855,711,1:47:37
47.0%,23500000,-599883.648775849,302.05213281705795,711,1:47:36
47.0%,23505000,-600721.8967960738,300.3580699504249,711,1:47:35
47.0%,23510000,-600750.3461359325,300.7373604577164,711,1:47:33
47.0%,23515000,-598542.021223478,302.3257636506605,711,1:47:32
47.0%,23520000,-599793.8613508265,301.30942405900544,711,1:47:31
47.0%,23525000,-598891.3308817293,299.262295479874,711,1:47:30
47.0%,23530000,-599280.055730598,299.3450421897307,711,1:47:28
47.0%,23535000,-599000.7458630716,300.6701916194159,711,1:47:27
47.0%,23540000,-600096.3682603068,300.5054341621383,711,1:47:26
47.0%,23545000,-600129.2921626815,299.33363477197696,711,1:47:25
47.1%,23550000,-599063.88390795,299.49579182864835,711,1:47:24
47.1%,23555000,-599031.3838579864,300.62784924728055,711,1:47:22
47.1%,23560000,-599913.1506328066,300.28969904014605,711,1:47:21
47.1%,23565000,-598968.8996185474,298.89821486292084,711,1:47:20
47.1%,23570000,-599070.3447891152,301.5469191370139,711,1:47:19
47.1%,23575000,-599948.9390857406,300.1618378329795,711,1:47:18
47.1%,23580000,-599478.0289563905,299.37725281233423,711,1:47:16
47.1%,23585000,-598965.4317781702,296.8884731755242,711,1:47:15
47.1%,23590000,-599017.4399059773,301.60716992841856,711,1:47:14
47.1%,23595000,-600183.3992498801,299.50911274873494,711,1:47:13
47.2%,23600000,-598791.777086366,300.67460739403026,711,1:47:11
47.2%,23605000,-600281.412670196,300.2196844804275,711,1:47:10
47.2%,23610000,-599989.2656300655,302.69629620496687,711,1:47:09
47.2%,23615000,-599322.8274999014,300.318352510977,711,1:47:08
47.2%,23620000,-599406.8536445755,299.20192202806334,711,1:47:07
47.2%,23625000,-600269.3408920532,297.5508884318391,711,1:47:05
47.2%,23630000,-599008.4095574771,303.0808611097143,711,1:47:04
47.2%,23635000,-599362.0746238255,298.80825572119403,711,1:47:03
47.2%,23640000,-600054.9287045659,300.80845442900744,711,1:47:02
47.2%,23645000,-599603.5271507166,301.5063185426431,711,1:47:01
47.3%,23650000,-600233.8075886923,298.4034273173829,711,1:46:59
47.3%,23655000,-599463.2919046232,299.40360026753314,711,1:46:58
47.3%,23660000,-600614.1387864626,299.24306232822033,711,1:46:57
47.3%,23665000,-600642.2793434239,301.93867194155035,711,1:46:56
47.3%,23670000,-599839.48232139,300.01047489203205,711,1:46:55
47.3%,23675000,-600608.472534562,299.4725599477606,711,1:46:53
47.3%,23680000,-599168.093370981,301.35220800860225,711,1:46:52
47.3%,23685000,-598697.3796830229,302.2633049719486,711,1:46:51
47.3%,23690000,-599313.6727683786,302.02706103008086,711,1:46:50
47.3%,23695000,-600632.1773924083,300.00586286076816,711,1:46:48
47.4%,23700000,-600215.7386239311,298.32031262630835,711,1:46:47
47.4%,23705000,-598300.9272971461,298.98807587632285,711,1:46:46
47.4%,23710000,-598262.1125884973,300.74582402572725,711,1:46:45
47.4%,23715000,-598712.8005535961,296.44294604901745,711,1:46:44
47.4%,23720000,-598729.2595337355,301.51181372882985,711,1:46:42
47.4%,23725000,-600470.2016379931,300.01653431608617,711,1:46:41
47.4%,23730000,-600375.3971117493,302.25839855571047,711,1:46:40
47.4%,23735000,-598997.5582641247,299.4245016007078,711,1:46:39
47.4%,23740000,-599745.6936069899,299.9292737032904,711,1:46:38
47.4%,23745000,-599766.0588203128,300.03552214692786,711,1:46:36
47.5%,23750000,-600034.0437512826,300.4049016934182,711,1:46:35
47.5%,23755000,-600636.2390429503,300.76758398174354,711,1:46:34
47.5%,23760000,-599097.3615308972,300.3650370614832,711,1:46:33
47.5%,23765000,-598965.6875201073,301.9754945954178,711,1:46:31
47.5%,23770000,-599664.4302403876,301.18291211630435,711,1:46:30
47.5%,23775000,-600502.4498056509,300.01285450390753,711,1:46:29
47.5%,23780000,-600137.1849288712,301.70853648789915,711,1:46:28
47.5%,23785000,-600864.2893910701,300.16502700353425,711,1:46:27
47.5%,23790000,-599599.5975160431,299.6101113269976,711,1:46:25
47.5%,23795000,-599507.2464100528,301.5035464174685,711,1:46:24
47.6%,23800000,-599554.5889880396,300.3707775684818,711,1:46:23
47.6%,23805000,-600017.7727354732,301.6220363696203,711,1:46:22
47.6%,23810000,-598415.2629348352,301.7018146976528,711,1:46:21
47.6%,23815000,-598941.283392821,301.2485844976522,711,1:46:19
47.6%,23820000,-598950.8079277896,301.2096030206399,711,1:46:18
47.6%,23825000,-598664.3755192528,298.3098128955587,711,1:46:17
47.6%,23830000,-599371.3304775385,299.78941630842144,711,1:46:16
47.6%,23835000,-598923.4015855915,299.96543399096566,711,1:46:15
47.6%,23840000,-598827.5192845198,298.00411863183973,711,1:46:13
47.6%,23845000,-599799.965652972,300.442926419264,711,1:46:12
47.7%,23850000,-599770.6028026254,299.05826216060984,711,1:46:11
47.7%,23855000,-599390.8907494992,301.1866409926453,711,1:46:10
47.7%,23860000,-598797.7421859717,300.95250680976,711,1:46:09
47.7%,23865000,-600384.562766009,303.0455349127995,711,1:46:07
47.7%,23870000,-599869.4184034113,303.531270120378,711,1:46:06
47.7%,23875000,-598463.1477553151,298.304195048966,711,1:46:05
47.7%,23880000,-599402.8650959525,302.53320692921017,711,1:46:04
47.7%,23885000,-599612.1711828616,300.2295954412285,711,1:46:02
47.7%,23890000,-599294.8215600518,299.45227191661576,711,1:46:01
47.7%,23895000,-601089.9047957347,300.68630919675826,711,1:46:00
47.8%,23900000,-598784.9854240776,299.34560642759806,711,1:45:59
47.8%,23905000,-598900.007404726,296.89293801430097,711,1:45:58
47.8%,23910000,-598308.326054812,299.7771747999072,711,1:45:56
47.8%,23915000,-598257.3068365087,302.27846579812456,711,1:45:55
47.8%,23920000,-600620.3162254947,300.85562962113744,711,1:45:54
47.8%,23925000,-599751.2914104187,299.629442606976,711,1:45:53
47.8%,23930000,-599552.4438132443,299.8213325460507,711,1:45:52
47.8%,23935000,-600365.3179708128,301.4355434884075,711,1:45:50
47.8%,23940000,-598645.1090488867,298.86686286315893,711,1:45:49
47.8%,23945000,-597983.9611026947,300.7482527017651,711,1:45:48
47.9%,23950000,-599676.4823465538,301.0830910779388,711,1:45:47
47.9%,23955000,-598180.0149217928,299.43590901846153,711,1:45:45
47.9%,23960000,-600338.9416651949,301.30167192134917,711,1:45:44
47.9%,23965000,-600310.2787836641,301.89046640201036,711,1:45:43
47.9%,23970000,-600790.9419974396,299.070111155825,711,1:45:42
47.9%,23975000,-599686.4009669148,300.03471258824857,711,1:45:41
47.9%,23980000,-599685.0990352761,299.96469802852994,711,1:45:39
47.9%,23985000,-600303.0048619648,299.86882665523615,711,1:45:38
47.9%,23990000,-600932.9583148123,299.0207526084691,711,1:45:37
47.9%,23995000,-600351.5418841764,298.1459876573663,711,1:45:36
48.0%,24000000,-599177.3968268451,301.7892715670982,711,1:45:35
48.0%,24005000,-598926.5475293943,303.1938804077605,711,1:45:33
48.0%,24010000,-599213.1868533362,298.5573661268554,711,1:45:32
48.0%,24015000,-600217.8996901908,304.4774970239897,711,1:45:31
48.0%,24020000,-598249.1092129191,299.4749150275549,711,1:45:30
48.0%,24025000,-599149.0279663452,300.08277093530137,711,1:45:29
48.0%,24030000,-599155.746930379,300.12916110083324,711,1:45:27
48.0%,24035000,-599527.9195640893,299.58140879200437,711,1:45:26
48.0%,24040000,-599567.5714594163,300.77435483615216,711,1:45:25
48.0%,24045000,-598943.6006935071,300.79670356211705,711,1:45:24
48.1%,24050000,-600142.169551467,298.36005459783746,711,1:45:22
48.1%,24055000,-598625.7956634117,300.24431468994305,711,1:45:21
48.1%,24060000,-599465.7458472992,303.0397208095573,711,1:45:20
48.1%,24065000,-599330.4347377117,299.0338527398249,711,1:45:19
48.1%,24070000,-600466.844560096,301.41115859970387,711,1:45:18
48.1%,24075000,-599766.0108746858,300.9219398365962,711,1:45:16
48.1%,24080000,-599930.9897469422,301.54775322777436,711,1:45:15
48.1%,24085000,-599966.2253270512,300.34357149044115,711,1:45:14
48.1%,24090000,-599086.5381271224,299.66977334845376,711,1:45:13
48.1%,24095000,-600570.8033649437,301.16301659845857,711,1:45:11
48.2%,24100000,-599988.962662111,298.9975207275813,711,1:45:10
48.2%,24105000,-599888.3293357906,299.8726045957396,711,1:45:09
48.2%,24110000,-599653.9996787901,301.0185471723257,711,1:45:08
48.2%,24115000,-599991.2552220514,299.39947887789316,711,1:45:07
48.2%,24120000,-600235.2338210791,298.8130394770263,711,1:45:05
48.2%,24125000,-600891.9074498229,296.68407187504215,711,1:45:04
48.2%,24130000,-599192.8601414347,302.04693201584547,711,1:45:03
48.2%,24135000,-599446.6768658697,302.04411082650853,711,1:45:02
48.2%,24140000,-599236.4397562663,298.64362092432236,711,1:45:01
48.2%,24145000,-598857.0970294448,299.6962679961398,711,1:44:59
48.3%,24150000,-598881.5928641385,300.9569961806179,711,1:44:58
48.3%,24155000,-599532.3472100743,300.9033199869724,711,1:44:57
48.3%,24160000,-599455.235078129,299.33633330090794,711,1:44:56
48.3%,24165000,-599704.8699919735,298.4876704841922,711,1:44:55
48.3%,24170000,-600638.2430983162,299.9339102666354,711,1:44:53
48.3%,24175000,-599858.6768494616,301.61161023511414,711,1:44:52
48.3%,24180000,-600016.8225393756,302.68309794528614,711,1:44:51
48.3%,24185000,-601665.6836355994,301.009715623097,711,1:44:50
48.3%,24190000,-599792.5040612845,301.709934816527,711,1:44:48
48.3%,24195000,-600104.2751778672,298.2690405766195,711,1:44:47
48.4%,24200000,-599064.4801389375,299.1303619472297,711,1:44:46
48.4%,24205000,-600414.4975837683,300.096214515794,711,1:44:45
48.4%,24210000,-600497.5542727951,299.1364213712838,711,1:44:44
48.4%,24215000,-599453.6706385752,299.66145697293,711,1:44:42
48.4%,24220000,-597370.7836188516,301.29519545191476,711,1:44:41
48.4%,24225000,-600339.3454443081,299.74957620856753,711,1:44:40
48.4%,24230000,-599106.2334510088,301.2674006039255,711,1:44:39
48.4%,24235000,-599624.9641136047,300.1900987905113,711,1:44:37
48.4%,24240000,-600960.3887025076,300.0183496900943,711,1:44:36
48.4%,24245000,-599063.4313204265,298.5978195287391,711,1:44:35
48.5%,24250000,-599143.9563107556,300.82248677944864,711,1:44:34
48.5%,24255000,-599879.9886397072,300.27942009812716,711,1:44:33
48.5%,24260000,-599469.5815031151,300.98057151064233,711,1:44:31
48.5%,24265000,-599565.6589598181,300.9016763375326,711,1:44:30
48.5%,24270000,-599044.8393101008,299.00061176981137,711,1:44:29
48.5%,24275000,-598891.3192676096,300.3217870023437,711,1:44:28
48.5%,24280000,-598271.5836157743,300.7209730274809,711,1:44:27
48.5%,24285000,-599873.0123246969,300.85589947403054,711,1:44:25
48.5%,24290000,-599624.7665239912,299.162155524453,711,1:44:24
48.5%,24295000,-597600.8894270025,300.8613455960549,711,1:44:23
48.6%,24300000,-599770.1539066597,299.6238492924645,711,1:44:22
48.6%,24305000,-599820.9172694013,299.3960443865264,711,1:44:21
48.6%,24310000,-600107.4246270107,304.6606290100792,711,1:44:19
48.6%,24315000,-599167.2584297438,300.1143927879564,711,1:44:18
48.6%,24320000,-599570.2721755314,298.5538580392451,711,1:44:17
48.6%,24325000,-600192.9251873754,301.05235238020674,711,1:44:16
48.6%,24330000,-598520.8899033251,299.68410008386917,711,1:44:14
48.6%,24335000,-598608.9519028016,301.76594155788564,711,1:44:13
48.6%,24340000,-599831.3176666712,299.9238766454284,711,1:44:12
48.6%,24345000,-599371.3944137185,299.5400477031166,711,1:44:11
48.7%,24350000,-599548.2791895061,299.94507236357725,711,1:44:09
48.7%,24355000,-598882.2688199366,299.08792144676954,711,1:44:08
48.7%,24360000,-599549.8700952418,299.4752339446104,711,1:44:07
48.7%,24365000,-599955.7281023818,299.8256501923403,711,1:44:06
48.7%,24370000,-599495.5757287545,299.1234439003338,711,1:44:05
48.7%,24375000,-600056.4153399593,300.7968998187666,711,1:44:03
48.7%,24380000,-599629.5453543286,301.5431902606729,711,1:44:02
48.7%,24385000,-600578.0204261141,301.99921711792933,711,1:44:01
48.7%,24390000,-600734.3057919997,299.3337329003017,711,1:44:00
48.7%,24395000,-598735.6145224813,299.2164695522095,711,1:43:59
48.8%,24400000,-597949.2141289306,301.0929775066587,711,1:43:57
48.8%,24405000,-601059.9510272238,301.0849800481905,711,1:43:56
48.8%,24410000,-601176.7616182575,300.8524404505826,711,1:43:55
48.8%,24415000,-598633.3331716,302.20565458115016,711,1:43:54
48.8%,24420000,-599000.8529895674,298.49269956083634,711,1:43:53
48.8%,24425000,-599326.9225794454,301.100729644315,711,1:43:51
48.8%,24430000,-599105.015262662,301.2326877090405,711,1:43:50
48.8%,24435000,-599318.4619622352,302.8298979191321,711,1:43:49
48.8%,24440000,-598432.9666620968,299.7078962026243,711,1:43:48
48.8%,24445000,-599692.5073393914,298.5669827026822,711,1:43:46
48.9%,24450000,-599259.0643244106,299.74121076888144,711,1:43:45
48.9%,24455000,-598359.9442031919,298.63557440169177,711,1:43:44
48.9%,24460000,-599185.437018685,303.33160351156585,711,1:43:43
48.9%,24465000,-598932.2721603769,303.01177876908093,711,1:43:42
48.9%,24470000,-600490.8849152685,300.69477276476914,711,1:43:40
48.9%,24475000,-599254.6260290826,299.85239016083824,711,1:43:39
48.9%,24480000,-599851.2555409083,299.600004109547,711,1:43:38
48.9%,24485000,-599426.0364441052,297.91033248544716,711,1:43:37
48.9%,24490000,-600614.9854861074,299.64058017183663,711,1:43:36
48.9%,24495000,-599008.6347491811,301.69337566172317,711,1:43:34
49.0%,24500000,-600356.0185073633,301.00314102533787,711,1:43:33
49.0%,24505000,-599289.4985863026,298.3182519314883,711,1:43:32
49.0%,24510000,-599540.6561072855,303.3825566441992,711,1:43:31
49.0%,24515000,-598622.088154776,301.33545259714896,711,1:43:30
49.0%,24520000,-599550.4839391699,302.2031032447063,711,1:43:28
49.0%,24525000,-599589.1489682323,301.40473119443186,711,1:43:27
49.0%,24530000,-599586.1980778719,301.06640926272905,711,1:43:26
49.0%,24535000,-598532.5176353264,298.6989898315701,711,1:43:25
49.0%,24540000,-600487.992326532,301.5147821106539,711,1:43:24
49.0%,24545000,-598639.1611658763,302.3219857101571,711,1:43:22
49.1%,24550000,-598104.9059924064,301.5723343731276,711,1:43:21
49.1%,24555000,-599049.1321052462,299.3130278237766,711,1:43:20
49.1%,24560000,-599568.9182856418,300.15766737917704,711,1:43:19
49.1%,24565000,-600441.9685418718,299.7150105061696,711,1:43:18
49.1%,24570000,-599392.0263295695,300.3329736313667,711,1:43:16
49.1%,24575000,-599646.6797725717,298.5029539707741,711,1:43:15
49.1%,24580000,-598476.9527927623,297.8015081732846,711,1:43:14
49.1%,24585000,-599684.7744362387,298.3182519314883,711,1:43:13
49.1%,24590000,-599233.8979200991,298.703601862834,711,1:43:11
49.1%,24595000,-599625.4444239307,300.94303742642035,711,1:43:10
49.2%,24600000,-600181.4651854998,299.3388846373518,711,1:43:09
49.2%,24605000,-600167.9109624112,297.8959076217069,711,1:43:08
49.2%,24610000,-598765.1410893146,298.44856634677404,711,1:43:07
49.2%,24615000,-599952.4525054595,300.93136015577346,711,1:43:05
49.2%,24620000,-598819.6955137122,299.1004328081769,711,1:43:04
49.2%,24625000,-598995.7245810986,298.89397081287484,711,1:43:03
49.2%,24630000,-598256.2922467054,298.9683520830454,711,1:43:02
49.2%,24635000,-601414.1984637557,302.06935433805387,711,1:43:01
49.2%,24640000,-599607.5917397598,303.03660523524604,711,1:42:59
49.2%,24645000,-599221.2402087683,300.4852933234806,711,1:42:58
49.3%,24650000,-599006.4957234128,302.795945518764,711,1:42:57
49.3%,24655000,-599114.4872563379,302.06538014090097,711,1:42:56
49.3%,24660000,-599112.5090206815,300.77079768437954,711,1:42:55
49.3%,24665000,-600116.366937662,302.87569931471535,711,1:42:53
49.3%,24670000,-598847.2328854264,300.2513063330824,711,1:42:52
49.3%,24675000,-600746.4420211902,298.9589072317869,711,1:42:51
49.3%,24680000,-600008.1719290917,297.9042485293119,711,1:42:50
49.3%,24685000,-598866.3393431618,300.21600466824884,711,1:42:48
49.3%,24690000,-599727.6128454669,300.117434766024,711,1:42:47
49.3%,24695000,-598977.118559625,299.73419459366085,711,1:42:46
49.4%,24700000,-600544.1802245989,302.47523762135626,711,1:42:45
49.4%,24705000,-599323.9536873531,300.1380907783867,711,1:42:44
49.4%,24710000,-599444.4872872722,300.35164254515297,711,1:42:42
49.4%,24715000,-598808.8693420822,301.35269865022605,711,1:42:41
49.4%,24720000,-599787.6772495401,302.2121310505845,711,1:42:40
49.4%,24725000,-598224.309098931,299.50609530274846,711,1:42:39
49.4%,24730000,-599592.6833735714,298.97946511582484,711,1:42:37
49.4%,24735000,-600258.5537565504,300.05414199655166,711,1:42:36
49.4%,24740000,-598701.1409831895,299.9576082570658,711,1:42:35
49.4%,24745000,-598197.4577753316,300.0011527011795,711,1:42:34
49.5%,24750000,-598802.2838509944,299.86436181645945,711,1:42:33
49.5%,24755000,-598686.8294222374,301.48127128774723,711,1:42:31
49.5%,24760000,-598957.5557317659,299.5622492365943,711,1:42:30
49.5%,24765000,-600165.7036441551,301.77712818690867,711,1:42:29
49.5%,24770000,-598772.8811092875,301.98763797560724,711,1:42:28
49.5%,24775000,-600248.2843827298,299.4525663015901,711,1:42:27
49.5%,24780000,-599575.4146364215,298.3484999875966,711,1:42:25
49.5%,24785000,-599656.7782280697,299.3447232726752,711,1:42:24
49.5%,24790000,-600208.8505774019,298.7995223002901,711,1:42:23
49.5%,24795000,-598330.51807178,298.41988834386194,711,1:42:22
49.6%,24800000,-598975.8919276828,301.1930929299985,711,1:42:20
49.6%,24805000,-599284.2645531376,300.2567279230256,711,1:42:19
49.6%,24810000,-600367.2561147856,295.2519871034461,711,1:42:18
49.6%,24815000,-600290.3020555596,301.56769780978254,711,1:42:17
49.6%,24820000,-600810.9928048798,301.4792351250084,711,1:42:16
49.6%,24825000,-599345.0873532887,302.2850158638025,711,1:42:14
49.6%,24830000,-600235.135634373,301.84630865586684,711,1:42:13
49.6%,24835000,-599343.3975814702,300.949930941235,711,1:42:12
49.6%,24840000,-598630.4381582933,301.1497202104531,711,1:42:11
49.6%,24845000,-599055.104405894,299.48720560023156,711,1:42:09
49.7%,24850000,-598834.3091835272,300.56060681273647,711,1:42:08
49.7%,24855000,-599141.8507559984,300.4665262813696,711,1:42:07
49.7%,24860000,-600624.682252204,300.7523986234864,711,1:42:06
49.7%,24865000,-600371.9449292291,297.9275049422808,711,1:42:05
49.7%,24870000,-599222.5493768784,302.25123518800274,711,1:42:03
49.7%,24875000,-599952.8007845012,300.7579674059167,711,1:42:02
49.7%,24880000,-599346.2404106725,299.64860216238606,711,1:42:01
49.7%,24885000,-599731.2138950606,299.88168146578016,711,1:42:00
49.7%,24890000,-597865.0889109457,302.0496060126953,711,1:41:59
49.7%,24895000,-598874.8384619653,301.59262240427245,711,1:41:57
49.8%,24900000,-599086.2860213672,300.85364252256096,711,1:41:56
49.8%,24905000,-598970.6849033418,299.0949866861525,711,1:41:55
49.8%,24910000,-598815.6310634152,298.46034174574567,711,1:41:54
49.8%,24915000,-598394.9748025434,299.4809744516091,711,1:41:53
49.8%,24920000,-597419.5308931372,301.0574550530944,711,1:41:51
49.8%,24925000,-600619.4003813895,300.2286386900621,711,1:41:50
49.8%,24930000,-600740.7207630216,296.3623090981432,711,1:41:49
49.8%,24935000,-600590.5305391247,299.25400363643143,711,1:41:48
49.8%,24940000,-599236.2104193657,299.7769294790953,711,1:41:46
49.8%,24945000,-598075.5895666326,297.6385660900151,711,1:41:45
49.9%,24950000,-599810.4116463838,298.517844944057,711,1:41:44
49.9%,24955000,-599517.3542712824,298.25260408222164,711,1:41:43
49.9%,24960000,-599937.3369180877,301.262445123525,711,1:41:42
49.9%,24965000,-599094.6002493072,301.81809676249736,711,1:41:40
49.9%,24970000,-598848.1053719535,296.86080098794093,711,1:41:39
49.9%,24975000,-599382.0267191213,300.3396218253694,711,1:41:38
49.9%,24980000,-598565.2995066447,302.8390238533351,711,1:41:37
49.9%,24985000,-599855.0163430879,302.3343008149149,711,1:41:35
49.9%,24990000,-598928.6662471811,298.2258641137237,711,1:41:34
49.9%,24995000,-600101.0865719882,298.7284773931614,711,1:41:33
50.0%,25000000,-598911.6503622686,300.01734387476546,711,1:41:32
50.0%,25005000,-599106.0368470326,300.6723259104795,711,1:41:31
50.0%,25010000,-600416.5410942961,302.16370472231387,711,1:41:29
50.0%,25015000,-600001.8733033296,300.091332631637,711,1:41:28
50.0%,25020000,-599121.7624481446,296.7491800185226,711,1:41:27
50.0%,25025000,-600478.3696582331,302.5969903403064,711,1:41:26
50.0%,25030000,-599894.0113076018,300.70213238912635,711,1:41:25
50.0%,25035000,-599945.02926521,299.85916101524697,711,1:41:23
50.0%,25040000,-599863.8484811704,299.3193080365615,711,1:41:22
50.0%,25045000,-599566.507909874,301.1774414621988,711,1:41:21
50.0%,25050000,-599225.6338366824,302.51642698567565,711,1:41:20
50.1%,25055000,-600364.047464571,301.4432710939826,710,1:41:19
50.1%,25060000,-598494.9402756714,303.09020783264805,710,1:41:17
50.1%,25065000,-598906.9198878598,300.4893411168771,710,1:41:16
50.1%,25070000,-599260.4875039728,301.0890033095058,710,1:41:15
50.1%,25075000,-600041.7954459437,300.7216108615919,710,1:41:14
50.1%,25080000,-598993.6711530471,301.3860132164832,711,1:41:12
50.1%,25085000,-598948.1548560159,303.5746673720046,711,1:41:11
50.1%,25090000,-599530.0898490739,299.8747634188843,711,1:41:10
50.1%,25095000,-600061.9933710136,300.5465989943765,711,1:41:09
50.1%,25100000,-599267.9001132934,300.9675695076112,711,1:41:08
50.2%,25105000,-599055.2416082458,298.8509415424661,710,1:41:06
50.2%,25110000,-600265.8741919897,301.19081144644775,710,1:41:05
50.2%,25115000,-600026.7305633258,297.67801367657,710,1:41:04
50.2%,25120000,-600099.9385025566,300.61811001104775,710,1:41:03
50.2%,25125000,-601112.104893662,299.0863513935733,710,1:41:01
50.2%,25130000,-600022.1327983304,297.91779023812916,711,1:41:00
50.2%,25135000,-599909.9941724786,297.9254197153795,711,1:40:59
50.2%,25140000,-598936.4298789022,298.7184683040356,711,1:40:58
50.2%,25145000,-598606.0817162483,298.38605860389976,711,1:40:57
50.2%,25150000,-600610.3482565768,300.3936660002328,711,1:40:55
50.3%,25155000,-599023.0217291783,297.8674258754444,710,1:40:54
50.3%,25160000,-599487.284986529,298.37187906097154,710,1:40:53
50.3%,25165000,-599675.5904557998,300.0477145912797,711,1:40:52
50.3%,25170000,-598503.2835800811,301.75186014328216,711,1:40:51
50.3%,25175000,-598213.4081506594,302.2892599138485,711,1:40:49
50.3%,25180000,-599002.3042154163,300.2989721668362,711,1:40:48
50.3%,25185000,-600354.5767431948,299.91455445457586,711,1:40:47
50.3%,25190000,-599518.4251101641,299.8997370775366,711,1:40:46
50.3%,25195000,-599386.6148118414,300.5736824120112,711,1:40:44
50.3%,25200000,-599020.2069445499,301.14736513065884,711,1:40:43
50.4%,25205000,-600986.1786827152,299.6051558465971,710,1:40:42
50.4%,25210000,-599058.5633147294,299.9690647389819,710,1:40:41
50.4%,25215000,-599141.4714251808,299.5873455556525,710,1:40:40
50.4%,25220000,-599617.1064456622,302.17945431843833,710,1:40:38
50.4%,25225000,-598224.2610424366,301.5256988867838,710,1:40:37
50.4%,25230000,-601216.9662417956,302.1309053297617,710,1:40:36
50.4%,25235000,-599266.8952265563,300.72892142178677,710,1:40:35
50.4%,25240000,-600137.8600754831,301.9864849677912,710,1:40:34
50.4%,25245000,-600160.8648277586,300.4119914648824,710,1:40:32
50.4%,25250000,-599726.2868340174,300.46596204350226,710,1:40:31
50.5%,25255000,-599566.6250921437,301.6425451894958,710,1:40:30
50.5%,25260000,-601316.1070509446,300.71822543438753,710,1:40:29
50.5%,25265000,-600144.2620955501,302.46441897355106,710,1:40:28
50.5%,25270000,-599571.2599501009,298.7296058688962,710,1:40:26
50.5%,25275000,-599309.5706616845,299.1235665607398,710,1:40:25
50.5%,25280000,-599744.4560672292,301.51203451756055,710,1:40:24
50.5%,25285000,-598878.6443166262,302.08444156798623,710,1:40:23
50.5%,25290000,-598576.7791947764,299.02448148481005,710,1:40:21
50.5%,25295000,-599125.0805821125,300.20437646176435,710,1:40:20
50.5%,25300000,-599602.654878004,298.3630229796616,710,1:40:19
50.6%,25305000,-599868.4694717121,300.75517074866093,710,1:40:18
50.6%,25310000,-599732.1580292177,300.8831546162335,710,1:40:17
50.6%,25315000,-599034.5725177592,298.6329494690043,710,1:40:15
50.6%,25320000,-599203.9974824646,302.1670410853558,710,1:40:14
50.6%,25325000,-599405.0851188409,298.8747867253836,710,1:40:13
50.6%,25330000,-599775.2637417386,298.00438848473283,710,1:40:12
50.6%,25335000,-600599.3425061028,301.06910779166003,710,1:40:11
50.6%,25340000,-599161.1405264493,300.25650713429485,710,1:40:09
50.6%,25345000,-599940.1471894709,299.55918272644544,710,1:40:08
50.6%,25350000,-599324.960362081,297.48781645109744,710,1:40:07
50.7%,25355000,-599451.5479103317,300.13740388011337,710,1:40:06
50.7%,25360000,-598863.0943355663,299.44861663651835,710,1:40:05
50.7%,25365000,-598724.2745233532,303.6913664822294,710,1:40:03
50.7%,25370000,-599449.26394518,299.9678381349223,710,1:40:02
50.7%,25375000,-598607.8658124893,300.86765034092093,710,1:40:01
50.7%,25380000,-599685.6054671695,301.71982124524686,710,1:40:00
50.7%,25385000,-599348.2681777291,298.3043913056155,710,1:39:58
50.7%,25390000,-599629.9900616934,300.7645910678382,710,1:39:57
50.7%,25395000,-599575.7970192032,300.8351208012619,710,1:39:56
50.7%,25400000,-599506.573562047,301.5092378603048,710,1:39:55
50.8%,25405000,-599775.0524322633,297.26391214606866,710,1:39:54
50.8%,25410000,-600231.7429803605,299.83767091212377,710,1:39:52
50.8%,25415000,-599996.5377460117,301.74437785851893,710,1:39:51
50.8%,25420000,-601600.581464143,300.35397309286606,710,1:39:50
50.8%,25425000,-599018.3745752834,300.73718873314806,710,1:39:49
50.8%,25430000,-599142.2773668617,301.06464295288333,710,1:39:47
50.8%,25435000,-600441.9223977574,300.4363027573425,710,1:39:46
50.8%,25440000,-599552.4657351677,297.49691785321926,710,1:39:45
50.8%,25445000,-599664.644887906,301.50550898396375,710,1:39:44
50.8%,25450000,-600769.4570553354,298.7467292615674,710,1:39:43
50.9%,25455000,-600248.4477054211,297.5125202568566,710,1:39:41
50.9%,25460000,-599229.4046838554,302.9319268448048,710,1:39:40
50.9%,25465000,-598462.8871156727,299.27730911356275,710,1:39:39
50.9%,25470000,-599249.977345733,300.53874872839543,710,1:39:38
50.9%,25475000,-599879.5220030658,299.6259099872845,710,1:39:37
50.9%,25480000,-599455.039573661,301.91293778838116,710,1:39:35
50.9%,25485000,-599601.9685443514,301.1395639288401,710,1:39:34
50.9%,25490000,-600913.0317864139,300.45273925174035,710,1:39:33
50.9%,25495000,-599038.4457188519,299.5171102072032,710,1:39:32
50.9%,25500000,-599365.2041700487,298.6572852935456,710,1:39:30
51.0%,25505000,-598898.8600821989,299.5398023823047,710,1:39:29
51.0%,25510000,-599739.7183046555,299.9457592618506,710,1:39:28
51.0%,25515000,-598848.653413564,300.11875949840834,710,1:39:27
51.0%,25520000,-599166.9049498821,300.5809684401248,710,1:39:26
51.0%,25525000,-598860.5667169956,300.8501344349507,710,1:39:24
51.0%,25530000,-600444.2208397007,302.5194689637433,710,1:39:23
51.0%,25535000,-600066.1352341073,298.3466846135885,710,1:39:22
51.0%,25540000,-597774.1794132004,299.71650696312224,710,1:39:21
51.0%,25545000,-599589.150460179,300.6091558014131,710,1:39:20
51.0%,25550000,-600637.5146214748,298.1952971405599,710,1:39:18
51.1%,25555000,-599386.738764557,300.80977916139176,710,1:39:17
51.1%,25560000,-600084.9668322937,300.75865430419003,710,1:39:16
51.1%,25565000,-598594.3391548432,303.8619135106681,710,1:39:15
51.1%,25570000,-600376.8084132615,301.12035530926767,710,1:39:14
51.1%,25575000,-598041.9778652987,299.7646143743375,710,1:39:12
51.1%,25580000,-598151.9177094297,298.4821752980055,710,1:39:11
51.1%,25585000,-599753.120759448,302.025785361859,710,1:39:10
51.1%,25590000,-598563.0983609678,300.5812382930179,710,1:39:09
51.1%,25595000,-600714.8167125098,301.03517992337316,710,1:39:07
51.1%,25600000,-599747.7825185149,300.92252860654486,710,1:39:06
51.2%,25605000,-599364.2475820645,300.90275574910504,710,1:39:05
51.2%,25610000,-600620.7611846374,298.4622552480785,710,1:39:04
51.2%,25615000,-599143.1602643714,300.880382491059,710,1:39:03
51.2%,25620000,-597774.8934301389,302.10517117659253,710,1:39:01
51.2%,25625000,-599257.3064667769,299.41282433006097,710,1:39:00
51.2%,25630000,-598685.8012796249,300.1908838171094,710,1:38:59
51.2%,25635000,-598841.3394869762,303.53681437072714,710,1:38:58
51.2%,25640000,-598447.0756105799,299.7840683147218,710,1:38:57
51.2%,25645000,-599088.5924974466,300.7737660662036,710,1:38:55
51.2%,25650000,-598732.1987223136,300.0881679931634,710,1:38:54
51.3%,25655000,-600742.248453191,300.39842522398385,710,1:38:53
51.3%,25660000,-599042.5222519943,300.46267474462263,710,1:38:52
51.3%,25665000,-599791.9371766751,300.2220886243841,710,1:38:51
51.3%,25670000,-598874.2563517848,300.3998971488553,710,1:38:49
51.3%,25675000,-598582.3154702438,300.684346630263,710,1:38:48
51.3%,25680000,-597637.0954811038,300.52712052191094,710,1:38:47
51.3%,25685000,-599066.3845263412,300.0487940028521,710,1:38:46
51.3%,25690000,-599366.7905770177,301.7495050634878,710,1:38:44
51.3%,25695000,-599536.7473524963,300.98645921012815,710,1:38:43
51.3%,25700000,-599219.7122257184,299.61023398740355,710,1:38:42
51.4%,25705000,-599215.1275088405,300.1781761990526,710,1:38:41
51.4%,25710000,-599430.2675155597,300.67622651138885,710,1:38:40
51.4%,25715000,-599426.1712616435,300.77852528995464,710,1:38:38
51.4%,25720000,-599113.8766612564,297.3838249589295,710,1:38:37
51.4%,25725000,-600065.9690502998,299.19193747101866,710,1:38:36
51.4%,25730000,-599161.3231344805,299.7653503367732,710,1:38:35
51.4%,25735000,-600133.429108806,302.1366213046792,710,1:38:33
51.4%,25740000,-599823.1798370448,300.12999519159376,710,1:38:32
51.4%,25745000,-600466.3391468651,301.1679966109403,710,1:38:31
51.4%,25750000,-601331.068059851,299.20199562430696,710,1:38:30
51.5%,25755000,-599023.773978957,299.2028051829862,710,1:38:29
51.5%,25760000,-599542.8127444745,298.92436606147027,710,1:38:27
51.5%,25765000,-599608.4948861296,298.7258769925552,710,1:38:26
51.5%,25770000,-601173.5892945942,299.9751732271984,710,1:38:25
51.5%,25775000,-599129.5506308521,299.33167220548165,710,1:38:24
51.5%,25780000,-599983.1308455719,303.24247846059956,710,1:38:23
51.5%,25785000,-598879.4611182739,302.5130906226337,710,1:38:21
51.5%,25790000,-599473.2844831818,300.89323730160294,710,1:38:20
51.5%,25795000,-601131.8441898329,300.915610559649,710,1:38:19
51.5%,25800000,-599817.8536212551,301.43328653693794,710,1:38:18
51.6%,25805000,-600506.2661892357,301.21112400967377,710,1:38:17
51.6%,25810000,-599202.4258067678,300.7928520253701,710,1:38:15
51.6%,25815000,-599329.5545355175,299.1190771898819,710,1:38:14
51.6%,25820000,-598367.5374151603,303.26404215996627,710,1:38:13
51.6%,25825000,-599616.9598699482,300.0489902595016,710,1:38:12
51.6%,25830000,-599353.9699165383,299.128988150683,710,1:38:10
51.6%,25835000,-599792.675342937,300.4935606348419,710,1:38:09
51.6%,25840000,-599159.2929425947,299.6141836524753,710,1:38:08
51.6%,25845000,-599715.1668664366,298.2415155815234,710,1:38:07
51.6%,25850000,-598954.7300120839,302.7102304270832,710,1:38:06
51.7%,25855000,-599373.1038784795,297.5280981284128,710,1:38:04
51.7%,25860000,-600038.4330671737,298.9445069001279,710,1:38:03
51.7%,25865000,-600113.9043335542,298.91708003335657,710,1:38:02
51.7%,25870000,-600421.2457233188,298.9047403965176,710,1:38:01
51.7%,25875000,-600628.1441193973,300.05796900121743,710,1:38:00
51.7%,25880000,-599519.2991990782,299.50143420732223,710,1:37:58
51.7%,25885000,-598582.9530360922,299.6733550323076,710,1:37:57
51.7%,25890000,-598986.5381865809,301.47199816105706,710,1:37:56
51.7%,25895000,-598727.7912644036,298.6410450557973,710,1:37:55
51.7%,25900000,-599491.4193318784,300.79650730546746,710,1:37:53
51.8%,25905000,-598769.4847522895,300.3849325793289,710,1:37:52
51.8%,25910000,-600933.0800559903,298.82214087914804,710,1:37:51
51.8%,25915000,-599641.9669495439,300.3671958846279,710,1:37:50
51.8%,25920000,-599735.7512217578,299.86666783209137,710,1:37:49
51.8%,25925000,-600167.8824444516,298.196474680457,710,1:37:47
51.8%,25930000,-599543.77580345,301.40068340103534,710,1:37:46
51.8%,25935000,-599529.9269356523,299.2363405379741,710,1:37:45
51.8%,25940000,-599839.4100247333,300.3097172183978,710,1:37:44
51.8%,25945000,-601109.0593685028,301.761231398297,710,1:37:43
51.8%,25950000,-599628.3977403846,300.389446482268,710,1:37:41
51.9%,25955000,-599102.219983303,299.7974382989708,710,1:37:40
51.9%,25960000,-600885.1394555653,297.31319709718105,710,1:37:39
51.9%,25965000,-598614.0988644273,297.38819166938146,710,1:37:38
51.9%,25970000,-598794.3193384456,303.54939932837806,710,1:37:37
51.9%,25975000,-599051.1764254123,300.0191592487736,710,1:37:35
51.9%,25980000,-599914.131183669,302.167458130736,710,1:37:34
51.9%,25985000,-600677.0914898943,301.83826213323624,710,1:37:33
51.9%,25990000,-599606.6696597273,300.28739302451413,710,1:37:32
51.9%,25995000,-598199.03584689,301.2906079527321,710,1:37:30
51.9%,26000000,-600392.5023001945,299.35478142596344,710,1:37:29
52.0%,26005000,-601197.4560857844,300.830901283297,710,1:37:28
52.0%,26010000,-599411.1602485995,299.12604430094007,710,1:37:27
52.0%,26015000,-599632.222944404,299.6095470891302,710,1:37:26
52.0%,26020000,-599623.5611988516,298.8933575108451,710,1:37:24
52.0%,26025000,-600029.7903056215,300.48104927343456,710,1:37:23
52.0%,26030000,-599563.8471174976,300.8323241440061,710,1:37:22
52.0%,26035000,-600089.7084198506,301.1114256317142,710,1:37:21
52.0%,26040000,-598482.7304505236,300.07413564272224,710,1:37:20
52.0%,26045000,-601211.7814955721,301.9444860447926,710,1:37:18
52.0%,26050000,-600585.8507104493,300.36103833224905,710,1:37:17
52.1%,26055000,-598411.0774313328,299.45818414818274,710,1:37:16
52.1%,26060000,-599385.6190442783,302.77043215432553,710,1:37:15
52.1%,26065000,-599139.0986958724,303.85695803026755,710,1:37:13
52.1%,26070000,-599734.6522858669,299.74812881577725,710,1:37:12
52.1%,26075000,-598579.7515603323,302.71825241763264,710,1:37:11
52.1%,26080000,-599167.0352780335,299.61825597795297,710,1:37:10
52.1%,26085000,-599320.4884679257,298.81541908890176,710,1:37:09
52.1%,26090000,-599135.9467249783,299.2400694143151,710,1:37:07
52.1%,26095000,-599180.127136515,300.9055033421984,710,1:37:06
52.1%,26100000,-598279.2196919019,302.5720902778976,710,1:37:05
52.2%,26105000,-599761.8282900699,298.60424693401103,710,1:37:04
52.2%,26110000,-598501.6221976914,302.4457991239272,710,1:37:03
52.2%,26115000,-600255.2094815411,300.8207940658464,710,1:37:01
52.2%,26120000,-599673.3999444442,296.8543735826689,710,1:37:00
52.2%,26125000,-599878.0177676291,297.32852964792534,710,1:36:59
52.2%,26130000,-599512.4894349407,299.8840365455744,710,1:36:58
52.2%,26135000,-601277.6435493827,301.4178067937066,710,1:36:56
52.2%,26140000,-598577.2069712458,301.01317464654494,710,1:36:55
52.2%,26145000,-598410.4568067738,303.00061667213913,710,1:36:54
52.2%,26150000,-598622.2588643422,300.9219398365962,710,1:36:53
52.3%,26155000,-599704.6359779276,301.88200283399954,710,1:36:52
52.3%,26160000,-599993.2314329841,300.7231809147881,710,1:36:50
52.3%,26165000,-598143.7614610335,302.92051942705103,710,1:36:49
52.3%,26170000,-597998.0571773169,303.1363036132056,710,1:36:48
52.3%,26175000,-598945.4653674401,301.8067629409872,710,1:36:47
52.3%,26180000,-599520.9069636031,302.07693475114183,710,1:36:46
52.3%,26185000,-598971.1695218976,300.45327895752655,710,1:36:44
52.3%,26190000,-600135.078779018,300.6254941674862,710,1:36:43
52.3%,26195000,-599168.757836407,300.1722394354044,710,1:36:42
52.3%,26200000,-600191.7484811894,303.61423761896543,710,1:36:41
52.4%,26205000,-599580.087159594,299.8406638260291,710,1:36:39
52.4%,26210000,-599493.9698117841,301.0836798478874,710,1:36:38
52.4%,26215000,-599157.1597172148,301.35713895692163,710,1:36:37
52.4%,26220000,-599254.4243968055,303.02875496926504,710,1:36:36
52.4%,26225000,-598311.3961895709,301.7923871414094,710,1:36:35
52.4%,26230000,-599889.1267195959,300.2155876228686,710,1:36:33
52.4%,26235000,-599829.2076360313,298.56310663385403,710,1:36:32
52.4%,26240000,-596999.6229395671,301.05406962589007,710,1:36:31
52.4%,26245000,-598340.4303233982,297.00240016057444,710,1:36:30
52.4%,26250000,-599558.6490823645,299.8868332028302,710,1:36:28
52.5%,26255000,-599775.281805878,301.0297583334299,710,1:36:27
52.5%,26260000,-599661.3998823552,298.71424878607075,710,1:36:26
52.5%,26265000,-599774.6014061826,299.46453795721123,710,1:36:25
52.5%,26270000,-599056.6894580037,300.75894868916436,710,1:36:24
52.5%,26275000,-599429.0102151153,300.11660067526356,710,1:36:22
52.5%,26280000,-599053.2919071373,300.9699245874055,710,1:36:21
52.5%,26285000,-600819.998382342,301.70892900119816,710,1:36:20
52.5%,26290000,-598254.7691120403,299.9082251776286,710,1:36:19
52.5%,26295000,-597738.0315059815,299.79537760415076,710,1:36:18
52.5%,26300000,-600169.1638837927,301.2053344385127,710,1:36:16
52.6%,26305000,-599967.6694623367,301.5058033689381,710,1:36:15
52.6%,26310000,-598352.2545227166,300.61592665582174,710,1:36:14
52.6%,26315000,-599965.4862036104,300.6188705055647,710,1:36:13
52.6%,26320000,-599658.5145148858,297.67990264682163,710,1:36:12
52.6%,26325000,-600291.6826346745,299.3389827656765,710,1:36:10
52.6%,26330000,-599959.2172319968,300.33027510243573,710,1:36:09
52.6%,26335000,-599807.9466412002,300.22508153828943,710,1:36:08
52.6%,26340000,-600427.6804934139,299.47253541567943,710,1:36:07
52.6%,26345000,-599656.9564963225,299.08438882707804,710,1:36:05
52.6%,26350000,-599744.843958518,300.9355060774948,710,1:36:04
52.7%,26355000,-599527.809391933,295.12010263496416,710,1:36:03
52.7%,26360000,-598921.069511659,301.0336344022581,710,1:36:02
52.7%,26365000,-598895.148278526,301.8798194787735,710,1:36:01
52.7%,26370000,-599599.9840545515,299.53960612565515,710,1:35:59
52.7%,26375000,-600692.3566926061,298.3375832114667,710,1:35:58
52.7%,26380000,-599110.0301772859,300.2296445053909,710,1:35:57
52.7%,26385000,-598900.3902641204,301.6439680502048,710,1:35:56
52.7%,26390000,-599961.602137838,299.215120287744,710,1:35:55
52.7%,26395000,-599825.405104408,300.7974395245527,710,1:35:53
52.7%,26400000,-600822.7889875458,301.3141342185941,710,1:35:52
52.8%,26405000,-599491.5905872663,300.50651357371066,710,1:35:51
52.8%,26410000,-600061.891739489,300.7828429362442,710,1:35:50
52.8%,26415000,-599388.0278702867,300.618011882723,710,1:35:48
52.8%,26420000,-599087.8656788026,300.4004368546415,710,1:35:47
52.8%,26425000,-599803.6093624239,299.9771112616125,710,1:35:46
52.8%,26430000,-598107.3622593,298.13960931625667,710,1:35:45
52.8%,26435000,-599038.8109221486,303.4780600362751,710,1:35:44
52.8%,26440000,-599430.8647635607,298.3449918999864,710,1:35:42
52.8%,26445000,-598836.448660145,298.3506342786602,710,1:35:41
52.8%,26450000,-600137.7343450985,300.21752565728264,710,1:35:40
52.9%,26455000,-599983.7001122264,299.45374384148727,710,1:35:39
52.9%,26460000,-600563.9789598854,300.74035337162167,710,1:35:38
52.9%,26465000,-598865.8850301816,299.7198433261642,710,1:35:36
52.9%,26470000,-601053.7172751417,301.49167289017214,710,1:35:35
52.9%,26475000,-599685.806716885,301.01349356360043,710,1:35:34
52.9%,26480000,-598465.9458084377,301.8103446248411,710,1:35:33
52.9%,26485000,-599892.9390956936,301.6491197872549,710,1:35:32
52.9%,26490000,-599918.4243373736,301.2941160403423,710,1:35:30
52.9%,26495000,-599320.3540132754,301.4682202205537,710,1:35:29
52.9%,26500000,-601154.1744253351,300.6023849470044,710,1:35:28
53.0%,26505000,-598677.1224204674,300.8603152486449,710,1:35:27
53.0%,26510000,-599213.8847976099,301.124771083882,710,1:35:26
53.0%,26515000,-600206.9077564948,300.51345615268764,710,1:35:24
53.0%,26520000,-600017.9667071975,300.68204061463103,710,1:35:23
53.0%,26525000,-598887.0667009377,300.25123273683886,710,1:35:22
53.0%,26530000,-598779.7583747827,298.3153571459078,710,1:35:21
53.0%,26535000,-598867.8720526025,301.70463588698976,710,1:35:19
53.0%,26540000,-601164.5128111504,301.40956401442645,710,1:35:18
53.0%,26545000,-599132.8184280959,297.85071952815343,710,1:35:17
53.0%,26550000,-601156.2557770335,300.4021541003248,710,1:35:16
53.1%,26555000,-599209.7690363238,300.778574354117,710,1:35:15
53.1%,26560000,-599107.0925793215,301.193411847054,710,1:35:13
53.1%,26565000,-599516.8974389238,300.0719032233339,710,1:35:12
53.1%,26570000,-598891.2272394621,298.1465764273149,710,1:35:11
53.1%,26575000,-599927.2680264423,303.6934762412118,710,1:35:10
53.1%,26580000,-598961.4567030314,300.90128382423353,710,1:35:08
53.1%,26585000,-599256.738310073,301.2990469886617,710,1:35:07
53.1%,26590000,-599509.5481973132,299.17726728646653,710,1:35:06
53.1%,26595000,-601013.1577364807,301.0410185586965,710,1:35:05
53.1%,26600000,-599287.1726458287,299.1461606075166,710,1:35:04
53.2%,26605000,-598904.7229796685,300.924098659741,710,1:35:02
53.2%,26610000,-600767.7450192478,301.25832373388494,710,1:35:01
53.2%,26615000,-599848.8626608909,298.62608048627095,710,1:35:00
53.2%,26620000,-598836.9477063804,301.1288679414409,710,1:34:59
53.2%,26625000,-599182.0412422242,303.0039039710187,710,1:34:58
53.2%,26630000,-599127.2328928523,300.3130535814397,710,1:34:56
53.2%,26635000,-599307.2833758998,302.10100072279005,710,1:34:55
53.2%,26640000,-599757.4693226744,297.2222076080443,710,1:34:54
53.2%,26645000,-598664.9289094671,300.1014398490876,710,1:34:53
53.2%,26650000,-598598.8741137898,301.2968391013546,710,1:34:52
53.3%,26655000,-599370.8471332164,300.5344801462682,710,1:34:50
53.3%,26660000,-600072.6599297868,300.62760392646857,710,1:34:49
53.3%,26665000,-601025.7072174335,299.77535942589907,710,1:34:48
53.3%,26670000,-598868.3824835317,299.92946995993987,710,1:34:47
53.3%,26675000,-599999.5307807149,297.59156262245347,710,1:34:46
53.3%,26680000,-599395.1112609799,303.2258457095521,710,1:34:44
53.3%,26685000,-599237.5425940524,298.8667156706718,710,1:34:43
53.3%,26690000,-600454.9255444119,301.8669646682295,710,1:34:42
53.3%,26695000,-598862.8735636631,299.44581997926264,710,1:34:41
53.3%,26700000,-598011.4407715802,299.2559907350079,710,1:34:39
53.4%,26705000,-599595.9832477001,301.1252617255059,710,1:34:38
53.4%,26710000,-598750.4372261218,303.5704478540398,710,1:34:37
53.4%,26715000,-598938.0988430805,297.1232942566828,710,1:34:36
53.4%,26720000,-599078.7583957496,298.77150666357016,710,1:34:35
53.4%,26725000,-600270.2820392507,302.2672301049392,710,1:34:33
53.4%,26730000,-598084.1279140231,300.77263759046883,710,1:34:32
53.4%,26735000,-599854.9360073609,299.96612088923894,710,1:34:31
53.4%,26740000,-599825.92358281,298.6862822135132,710,1:34:30
53.4%,26745000,-599412.7685138513,297.9139387013822,710,1:34:28
53.4%,26750000,-600278.9406596133,299.882957134002,710,1:34:27
53.5%,26755000,-598435.6131562889,303.0290493542393,710,1:34:26
53.5%,26760000,-600040.8996386332,299.62389835662685,710,1:34:25
53.5%,26765000,-598663.3778528804,300.50823081939404,710,1:34:24
53.5%,26770000,-600068.5693457653,299.38792426765224,710,1:34:22
53.5%,26775000,-600071.1276368364,302.5178498463847,710,1:34:21
53.5%,26780000,-599141.9009248349,299.4339464519662,710,1:34:20
53.5%,26785000,-599135.8789077587,299.2895015579146,710,1:34:19
53.5%,26790000,-599064.4970722483,300.54475908828715,710,1:34:18
53.5%,26795000,-600169.8866828983,300.93987278794674,710,1:34:16
53.5%,26800000,-599722.7806733358,301.60947594405053,710,1:34:15
53.6%,26805000,-597305.453642834,298.1095575167979,710,1:34:14
53.6%,26810000,-599646.4855793957,300.0141547042106,710,1:34:13
53.6%,26815000,-598795.9321392924,299.6420030325457,710,1:34:12
53.6%,26820000,-600971.5164423389,299.69938357045106,710,1:34:10
53.6%,26825000,-598874.6953440746,301.4748438824752,710,1:34:09
53.6%,26830000,-599279.9152845796,297.7394910720342,710,1:34:08
53.6%,26835000,-600727.9114011177,300.470819395578,710,1:34:07
53.6%,26840000,-600046.1021955456,299.50884289584184,710,1:34:06
53.6%,26845000,-599311.190653,300.89993455976804,710,1:34:04
53.6%,26850000,-598973.3116049701,301.8709879295448,710,1:34:03
53.7%,26855000,-600116.9249891588,298.6645958537405,710,1:34:02
53.7%,26860000,-598965.001468407,300.9104588225989,710,1:34:01
53.7%,26865000,-599770.7789699454,299.94276634794534,710,1:34:00
53.7%,26870000,-599239.852175632,301.1310512966669,710,1:33:58
53.7%,26875000,-598917.33257729,300.0139093833987,710,1:33:57
53.7%,26880000,-600271.083611072,301.9623699319807,710,1:33:56
53.7%,26885000,-599971.1796958763,301.6409751362996,710,1:33:55
53.7%,26890000,-600634.7938174326,301.08932222656125,710,1:33:53
53.7%,26895000,-598891.2349131638,300.64865245213036,710,1:33:52
53.7%,26900000,-599010.3650685037,301.07820919378184,710,1:33:51
53.8%,26905000,-601238.2262260453,299.87660332497364,710,1:33:50
53.8%,26910000,-597745.5451832823,301.82923432735805,710,1:33:49
53.8%,26915000,-599990.4968799562,300.80131559338093,710,1:33:47
53.8%,26920000,-601297.6403740696,299.5777044477445,710,1:33:46
53.8%,26925000,-600304.7356113889,299.9634468923892,710,1:33:45
53.8%,26930000,-600220.4793170332,298.4925769004304,710,1:33:44
53.8%,26935000,-599132.1406419412,298.55353912218965,710,1:33:42
53.8%,26940000,-599412.9030565019,299.3796814883721,710,1:33:41
53.8%,26945000,-599747.3462919453,302.1014913644139,710,1:33:40
53.8%,26950000,-599948.8161873864,301.3949674261179,710,1:33:39
53.9%,26955000,-600734.7998069036,300.72286199773265,710,1:33:38
53.9%,26960000,-597190.8235793272,298.75288681394636,710,1:33:36
53.9%,26965000,-599219.4767886167,299.6719321715985,710,1:33:35
53.9%,26970000,-599880.0209573493,299.5953920782831,710,1:33:34
53.9%,26975000,-599153.8582160235,297.79746037988815,710,1:33:33
53.9%,26980000,-600227.2029743474,299.60711841309234,710,1:33:32
53.9%,26985000,-600351.5620906721,301.1736880537766,710,1:33:30
53.9%,26990000,-600541.0105796168,302.4130242634563,710,1:33:29
53.9%,26995000,-600758.1762960078,301.23793757441535,710,1:33:28
53.9%,27000000,-598322.7638780838,299.5534912836092,710,1:33:27
54.0%,27005000,-599935.3041333547,301.0679547838441,710,1:33:26
54.0%,27010000,-599864.5950309737,303.4799490065268,710,1:33:24
54.0%,27015000,-599897.1831327649,300.2671295254505,710,1:33:23
54.0%,27020000,-598983.5203412627,300.71101300251746,710,1:33:22
54.0%,27025000,-598746.0183709227,300.95520533869103,710,1:33:21
54.0%,27030000,-599397.4851214802,301.6313094963104,710,1:33:19
54.0%,27035000,-599873.3931341716,302.61857857175426,710,1:33:18
54.0%,27040000,-599306.2084146123,300.8038178656623,710,1:33:17
54.0%,27045000,-598859.040146492,301.97863470181017,710,1:33:16
54.0%,27050000,-598552.3211422092,300.6485543238056,710,1:33:15
54.1%,27055000,-599600.2603183901,300.9399954483527,710,1:33:13
54.1%,27060000,-598467.868687713,298.13038525372895,710,1:33:12
54.1%,27065000,-599887.5049352543,302.17857116351547,710,1:33:11
54.1%,27070000,-598873.734174856,300.7649835811373,710,1:33:10
54.1%,27075000,-600049.8082645512,301.0079002490889,710,1:33:09
54.1%,27080000,-600036.559623275,301.3626832072707,710,1:33:07
54.1%,27085000,-599460.16799116,297.81110021703023,710,1:33:06
54.1%,27090000,-600293.6236679112,298.82775872574075,710,1:33:05
54.1%,27095000,-599715.743661473,301.3774760522288,710,1:33:04
54.1%,27100000,-600141.1965897623,301.3839770537444,710,1:33:02
54.2%,27105000,-599615.4749057661,300.0957974704137,710,1:33:01
54.2%,27110000,-599759.5830040532,299.23957877269123,710,1:33:00
54.2%,27115000,-600348.4810485309,301.7123144284025,710,1:32:59
54.2%,27120000,-599467.2961463039,299.96967804101166,710,1:32:58
54.2%,27125000,-598963.2530594016,298.64256604483114,710,1:32:56
54.2%,27130000,-598813.689798261,300.77386419452836,710,1:32:55
54.2%,27135000,-599033.3008595579,299.2515994924748,710,1:32:54
54.2%,27140000,-598275.7645801608,300.7009057850668,710,1:32:53
54.2%,27145000,-600547.8637247663,301.3881965717092,710,1:32:51
54.2%,27150000,-599528.1483583329,299.1740045196682,710,1:32:50
54.3%,27155000,-599393.9702881793,302.1950076579133,710,1:32:49
54.3%,27160000,-601316.6136595644,300.776513659297,710,1:32:48
54.3%,27165000,-599075.1998997014,300.36103833224905,710,1:32:47
54.3%,27170000,-599562.092893872,300.0980544218833,710,1:32:45
54.3%,27175000,-599108.0843247692,298.563867128371,710,1:32:44
54.3%,27180000,-600596.6319446266,300.7238678130614,710,1:32:43
54.3%,27185000,-599438.7833916047,300.60581943837116,710,1:32:42
54.3%,27190000,-597975.0548312063,298.9397476763769,710,1:32:41
54.3%,27195000,-598329.5035854918,300.28224128746405,710,1:32:39
54.3%,27200000,-598816.765547676,303.31813539899207,710,1:32:38
54.4%,27205000,-600531.6017048983,300.0367978151498,710,1:32:37
54.4%,27210000,-599687.3516602837,296.7981951167419,710,1:32:36
54.4%,27215000,-599158.5175330746,299.5274136813033,710,1:32:35
54.4%,27220000,-599545.8362360508,299.41873656162795,710,1:32:33
54.4%,27225000,-600480.2381180618,299.78556477167444,710,1:32:32
54.4%,27230000,-599783.5839337013,299.7297788190465,710,1:32:31
54.4%,27235000,-598242.791896916,301.26318108596075,710,1:32:30
54.4%,27240000,-601090.5990781216,304.6925943118709,710,1:32:28
54.4%,27245000,-599890.8486413117,299.07629324028505,710,1:32:27
54.4%,27250000,-599372.0160081326,300.57800005830074,710,1:32:26
54.5%,27255000,-598030.4375587269,300.25584476810275,710,1:32:25
54.5%,27260000,-599732.6185460002,296.76021945505846,710,1:32:24
54.5%,27265000,-600298.567328739,301.731915561274,710,1:32:22
54.5%,27270000,-600369.2571099289,301.04881976051524,710,1:32:21
54.5%,27275000,-600385.993572914,302.02956330236236,710,1:32:20
54.5%,27280000,-599129.1418688274,300.9202471229941,710,1:32:19
54.5%,27285000,-599064.0387002709,301.2861185818742,710,1:32:18
54.5%,27290000,-599768.6902992884,299.59279167767687,710,1:32:16
54.5%,27295000,-599375.9115531845,299.5468185575252,710,1:32:15
54.5%,27300000,-598849.5046674376,300.5048453921897,710,1:32:14
54.6%,27305000,-600299.1394237448,296.8525582086608,710,1:32:13
54.6%,27310000,-598192.4046639944,304.00601495558305,710,1:32:12
54.6%,27315000,-598334.5388920279,299.91269001640535,710,1:32:10
54.6%,27320000,-598932.8222983871,302.54348587122917,710,1:32:09
54.6%,27325000,-599360.5897507938,300.28253567243837,710,1:32:08
54.6%,27330000,-599796.9029641026,300.7221505673781,710,1:32:07
54.6%,27335000,-600164.8166290782,299.10926435740555,710,1:32:05
54.6%,27340000,-599495.3943567914,302.11525386196195,710,1:32:04
54.6%,27345000,-600312.1330320011,299.66216840328457,710,1:32:03
54.6%,27350000,-599222.7825070089,299.7703058171737,710,1:32:02
54.7%,27355000,-598456.6762842382,300.4403260186578,710,1:32:01
54.7%,27360000,-600557.3360269573,301.39300485962264,710,1:31:59
54.7%,27365000,-599618.6020524865,300.2393346774613,710,1:31:58
54.7%,27370000,-599263.0552136623,297.7447900015714,710,1:31:57
54.7%,27375000,-598374.0866923784,302.44538207854697,710,1:31:56
54.7%,27380000,-598707.0652099284,300.4455268198702,710,1:31:54
54.7%,27385000,-599568.2393751782,297.6866980333115,710,1:31:53
54.7%,27390000,-599523.330541377,301.92243170380203,710,1:31:52
54.7%,27395000,-600594.6395766791,300.750166204098,710,1:31:51
54.7%,27400000,-599336.6027008523,302.1836002401596,710,1:31:50
54.8%,27405000,-600746.7513386952,299.41537566650476,710,1:31:48
54.8%,27410000,-599003.4380398109,296.8082532700302,710,1:31:47
54.8%,27415000,-598608.6961488216,301.3627813355955,710,1:31:46
54.8%,27420000,-599428.331619754,300.3133479664141,710,1:31:45
54.8%,27425000,-600860.6357437018,298.3624587417942,710,1:31:44
54.8%,27430000,-599430.9529059753,300.64050780117503,710,1:31:42
54.8%,27435000,-598884.8298119088,301.2709822877794,710,1:31:41
54.8%,27440000,-598956.2546442999,301.65961951800455,710,1:31:40
54.8%,27445000,-600754.9363801535,300.6129092098353,710,1:31:39
54.8%,27450000,-599354.8883091817,299.2929851134437,710,1:31:37
54.9%,27455000,-599194.5608868212,299.3354992101474,710,1:31:36
54.9%,27460000,-598989.4477056195,300.48158897922076,710,1:31:35
54.9%,27465000,-599696.2569565545,300.4678264816727,710,1:31:34
54.9%,27470000,-599707.6755380915,298.0307850040941,710,1:31:33
54.9%,27475000,-599069.6189047839,301.67428970255673,710,1:31:31
54.9%,27480000,-599982.5103633921,301.05627751319724,710,1:31:30
54.9%,27485000,-599506.0868517547,298.7114030646526,710,1:31:29
54.9%,27490000,-599950.2465363471,302.2368593884249,710,1:31:28
54.9%,27495000,-598533.3553757058,301.0540450938089,710,1:31:27
54.9%,27500000,-599698.2800529865,299.0660878945097,710,1:31:25
55.0%,27505000,-599723.0136261131,300.8110057654513,710,1:31:24
55.0%,27510000,-599502.3754040194,300.88474920151094,710,1:31:23
55.0%,27515000,-599878.0685198046,299.50943166579043,710,1:31:22
55.0%,27520000,-598841.3525903667,302.18230003985644,710,1:31:21
55.0%,27525000,-599009.7268124763,300.84834359302374,710,1:31:19
55.0%,27530000,-598381.5213261577,300.1242546845951,710,1:31:18
55.0%,27535000,-599662.7764084083,301.0365537199198,710,1:31:17
55.0%,27540000,-599686.5741109182,301.0247783209482,710,1:31:16
55.0%,27545000,-599626.4350805366,299.73875756076234,710,1:31:14
55.0%,27550000,-600567.4532714337,300.5319778739867,710,1:31:13
55.1%,27555000,-599647.9092901628,300.87253222507786,710,1:31:12
55.1%,27560000,-600073.5813571257,302.0199467265355,710,1:31:11
55.1%,27565000,-600740.0841357876,300.58491810519655,710,1:31:10
55.1%,27570000,-599915.5564208818,299.2159789105857,710,1:31:08
55.1%,27575000,-598826.3369401814,299.83938815780715,710,1:31:07
55.1%,27580000,-599659.2411687127,301.44692637408,710,1:31:06
55.1%,27585000,-599897.3740135217,300.2603341389606,710,1:31:05
55.1%,27590000,-599387.3541109869,300.38218498623553,710,1:31:04
55.1%,27595000,-601399.3812185857,299.226944750878,710,1:31:02
55.1%,27600000,-599068.3619539519,304.6296695236164,710,1:31:01
55.2%,27605000,-599931.3846045434,298.7518319344551,710,1:31:00
55.2%,27610000,-598691.9486848768,298.02062872248115,710,1:30:59
55.2%,27615000,-598508.7869932759,301.32166556751963,710,1:30:58
55.2%,27620000,-598402.7133803554,301.1928721412678,710,1:30:56
55.2%,27625000,-599694.4154510167,299.5274136813033,710,1:30:55
55.2%,27630000,-598128.2916007983,297.44728945297015,710,1:30:54
55.2%,27635000,-598967.4391648518,300.8779292829399,710,1:30:53
55.2%,27640000,-598986.7850259808,300.83843263222263,710,1:30:51
55.2%,27645000,-600028.7055138098,303.43716505693,710,1:30:50
55.2%,27650000,-600029.3385868114,298.6009596351315,710,1:30:49
55.3%,27655000,-598540.7504417645,300.0700387851634,710,1:30:48
55.3%,27660000,-600096.0755715426,300.7310557128504,710,1:30:47
55.3%,27665000,-597928.2914464627,298.27134659225146,710,1:30:45
55.3%,27670000,-600104.6354976506,300.1567842242541,710,1:30:44
55.3%,27675000,-599380.2890275978,298.27402058910127,710,1:30:43
55.3%,27680000,-599467.3137041535,297.5992656959474,710,1:30:42
55.3%,27685000,-599505.055616892,299.71000596160667,710,1:30:41
55.3%,27690000,-600925.4158332115,298.53065069043856,710,1:30:39
55.3%,27695000,-599217.3771708463,299.6470811733522,710,1:30:38
55.3%,27700000,-598639.4412481748,301.54279774737387,710,1:30:37
55.4%,27705000,-599374.7611041651,300.07607367713626,710,1:30:36
55.4%,27710000,-598848.0296627143,301.2380111706589,710,1:30:35
55.4%,27715000,-598803.5372938775,300.8631119059006,710,1:30:33
55.4%,27720000,-600368.3031072076,301.7797531195961,710,1:30:32
55.4%,27725000,-600916.6925373184,304.5358833772238,710,1:30:31
55.4%,27730000,-599808.9815616081,298.0873805154014,710,1:30:30
55.4%,27735000,-599947.6367744422,300.2718396850392,710,1:30:28
55.4%,27740000,-600226.4924492803,299.18207557438,710,1:30:27
55.4%,27745000,-599911.0020361273,301.8166739017883,710,1:30:26
55.4%,27750000,-598777.3179411134,300.9166163749778,710,1:30:25
55.5%,27755000,-599351.8835549918,301.4807070498798,710,1:30:24
55.5%,27760000,-599273.7493929728,300.41039687960495,710,1:30:22
55.5%,27765000,-599089.1645872188,299.2063868668401,710,1:30:21
55.5%,27770000,-599522.4984854227,301.2536626384587,710,1:30:20
55.5%,27775000,-600358.7430033772,299.94801621332016,710,1:30:19
55.5%,27780000,-599049.4229803425,300.57613562013023,710,1:30:18
55.5%,27785000,-599375.3761670361,300.4280109139,710,1:30:16
55.5%,27790000,-599395.3013711688,301.10919321232586,710,1:30:15
55.5%,27795000,-599728.1426812019,298.7913285851724,710,1:30:14
55.5%,27800000,-600381.1799851027,300.21573481535575,710,1:30:13
55.6%,27805000,-598655.7215131004,298.71505834475005,710,1:30:12
55.6%,27810000,-600334.1889659245,301.8258979643161,710,1:30:10
55.6%,27815000,-600898.4559509391,300.21703501565884,710,1:30:09
55.6%,27820000,-599266.951729191,298.72043087053083,710,1:30:08
55.6%,27825000,-599392.463687209,300.2410273910634,710,1:30:07
55.6%,27830000,-598614.0597250364,297.58464457555766,710,1:30:05
55.6%,27835000,-600462.6374802347,298.92708912248247,710,1:30:04
55.6%,27840000,-599068.6850072746,301.3852527219663,710,1:30:03
55.6%,27845000,-599263.4747546082,299.61082275735214,710,1:30:02
55.6%,27850000,-598766.4177699126,299.7875518702509,710,1:30:00
55.7%,27855000,-599395.3300618301,300.9839814699278,710,1:29:59
55.7%,27860000,-599606.35013226,298.7939044536974,710,1:29:58
55.7%,27865000,-599422.8828962273,297.3524729591676,710,1:29:57
55.7%,27870000,-600507.5627521742,301.43389983896776,710,1:29:56
55.7%,27875000,-600823.6865508724,301.83772242745005,710,1:29:54
55.7%,27880000,-598588.1208957154,300.01606820654354,710,1:29:53
55.7%,27885000,-599658.1551760449,299.37695842735997,710,1:29:52
55.7%,27890000,-600709.4872705047,301.2462294178578,710,1:29:51
55.7%,27895000,-599669.6500142608,302.96389214659644,710,1:29:50
55.7%,27900000,-600112.5488334657,301.45112135996374,710,1:29:48
55.8%,27905000,-597942.1847668341,299.1749612708346,710,1:29:47
55.8%,27910000,-600041.8197832988,301.9177460762945,710,1:29:46
55.8%,27915000,-599717.4478808362,299.87245740325244,710,1:29:45
55.8%,27920000,-598853.034917261,302.6914879170534,710,1:29:44
55.8%,27925000,-597983.601003441,298.37509276360754,710,1:29:42
55.8%,27930000,-599757.0108743599,300.909820988488,710,1:29:41
55.8%,27935000,-600509.0217504716,298.5227513602951,710,1:29:40
55.8%,27940000,-599389.70238281,300.0466842438697,710,1:29:39
55.8%,27945000,-599249.9840568141,297.04852047321316,710,1:29:38
55.8%,27950000,-598668.3360532201,301.9656817629414,710,1:29:36
55.9%,27955000,-600478.3943954487,296.90800071215205,710,1:29:35
55.9%,27960000,-599964.739007052,301.33074243756033,710,1:29:34
55.9%,27965000,-599154.5979569452,301.6830476555418,710,1:29:33
55.9%,27970000,-600652.4075207268,302.4167040756349,710,1:29:31
55.9%,27975000,-600988.8425278398,299.2957327065371,710,1:29:30
55.9%,27980000,-600885.4602043936,301.5266556379503,710,1:29:29
55.9%,27985000,-599712.6077590501,301.72683742046746,710,1:29:28
55.9%,27990000,-599609.3089979705,300.44908397164295,710,1:29:27
55.9%,27995000,-598209.9033133606,299.75907012398835,710,1:29:25
55.9%,28000000,-600170.3204297246,299.9765224916639,710,1:29:24
56.0%,28005000,-599417.2772919624,299.2461779025316,710,1:29:23
56.0%,28010000,-599584.7032552739,302.0021854997534,710,1:29:22
56.0%,28015000,-598583.2797168726,299.4220974567511,710,1:29:21
56.0%,28020000,-598635.3091717721,300.21453274337733,710,1:29:19
56.0%,28025000,-598899.8876657607,299.8933096722646,710,1:29:18
56.0%,28030000,-599365.6088207159,301.5002100544266,710,1:29:17
56.0%,28035000,-598846.1421308187,300.5922286653914,710,1:29:16
56.0%,28040000,-600509.0480383723,300.74373879882603,710,1:29:14
56.0%,28045000,-599300.1063214866,300.781910717159,710,1:29:13
56.0%,28050000,-599343.3845727523,301.8102955606787,710,1:29:12
56.1%,28055000,-599828.6636826657,302.30010309373483,710,1:29:11
56.1%,28060000,-599952.3025267981,300.22699504062234,710,1:29:10
56.1%,28065000,-598576.6617546375,301.3999719706808,710,1:29:08
56.1%,28070000,-600017.1127399341,297.6783571257066,710,1:29:07
56.1%,28075000,-599611.2888181214,300.6041021926878,710,1:29:06
56.1%,28080000,-599092.3269637595,300.42231947106376,710,1:29:05
56.1%,28085000,-600265.2979630702,301.2693386383396,710,1:29:04
56.1%,28090000,-599574.450046231,296.13784055524707,710,1:29:02
56.1%,28095000,-600090.5469689178,299.01407988238515,710,1:29:01
56.1%,28100000,-599237.9836309371,297.89698703327934,710,1:29:00
56.2%,28105000,-599308.3416825375,300.56063134481764,710,1:28:59
56.2%,28110000,-598805.955388532,301.1083345894842,710,1:28:57
56.2%,28115000,-600076.4419459174,297.42822802588495,710,1:28:56
56.2%,28120000,-599347.2174381288,301.5433865173224,710,1:28:55
56.2%,28125000,-598092.1628225558,298.89971131987346,710,1:28:54
56.2%,28130000,-599584.9348022724,300.65674803892335,710,1:28:53
56.2%,28135000,-598835.4612013353,298.7730767167664,710,1:28:51
56.2%,28140000,-598175.2980113328,301.0955288431026,710,1:28:50
56.2%,28145000,-600028.8945949017,303.88418864038937,710,1:28:49
56.2%,28150000,-598797.3055945975,299.9550323885407,710,1:28:48
56.3%,28155000,-598588.8658108027,300.3002968992205,710,1:28:47
56.3%,28160000,-598470.6024390333,301.8334538453228,710,1:28:45
56.3%,28165000,-599311.5994602381,299.6551031639016,710,1:28:44
56.3%,28170000,-599933.8864357318,300.96604851857734,710,1:28:43
56.3%,28175000,-599874.3003925066,299.21067998104843,710,1:28:42
56.3%,28180000,-599968.7539773323,301.5238099165322,710,1:28:40
56.3%,28185000,-600082.0107851364,300.82893871680176,710,1:28:39
56.3%,28190000,-598681.1866911454,298.9391589064283,710,1:28:38
56.3%,28195000,-599811.9797078241,301.4288216981612,710,1:28:37
56.3%,28200000,-599397.1936270925,299.64121800594756,710,1:28:36
56.4%,28205000,-599956.3362081335,299.87530312467055,710,1:28:34
56.4%,28210000,-598082.9294569558,299.5363188267756,710,1:28:33
56.4%,28215000,-598387.1222083,299.01905989486687,710,1:28:32
56.4%,28220000,-599128.7626354028,300.62723594525073,710,1:28:31
56.4%,28225000,-598884.9784998382,298.7856371423361,710,1:28:30
56.4%,28230000,-599180.9050651877,299.2910470790296,710,1:28:28
56.4%,28235000,-600010.8089843071,296.5969339226523,710,1:28:27
56.4%,28240000,-600721.9597121724,299.01645949426063,710,1:28:26
56.4%,28245000,-598456.0025138408,300.24323527837066,710,1:28:25
56.4%,28250000,-599417.5167568838,299.9487521757559,710,1:28:23
56.5%,28255000,-598867.4243980409,301.81520197691685,710,1:28:22
56.5%,28260000,-599920.344308516,300.66768934713446,710,1:28:21
56.5%,28265000,-599473.9109006985,295.9433011514038,710,1:28:20
56.5%,28270000,-600847.9357898836,302.859581737373,710,1:28:19
56.5%,28275000,-599183.3424565587,299.2537337835384,710,1:28:17
56.5%,28280000,-600182.3411041237,300.6558158198381,710,1:28:16
56.5%,28285000,-600099.9152618945,300.2084242551609,710,1:28:15
56.5%,28290000,-599033.732830252,296.64106713671464,710,1:28:14
56.5%,28295000,-598945.6510308245,300.8278838373106,710,1:28:12
56.5%,28300000,-599461.9193690186,297.3787958822854,710,1:28:11
56.6%,28305000,-599350.2663512221,302.5982169443659,710,1:28:10
56.6%,28310000,-600417.4208955779,300.1194463966817,710,1:28:09
56.6%,28315000,-598863.092455341,303.4767353038908,710,1:28:08
56.6%,28320000,-599504.5538504436,301.19964299567647,710,1:28:06
56.6%,28325000,-599516.3457874157,301.3986472382965,710,1:28:05
56.6%,28330000,-599115.5650106827,301.30169645343034,710,1:28:04
56.6%,28335000,-597831.4573238683,298.4788879991259,710,1:28:03
56.6%,28340000,-600520.4973746464,300.3761010301002,710,1:28:02
56.6%,28345000,-599431.7016160646,299.2691644626074,710,1:28:00
56.6%,28350000,-599230.0750877336,299.8442455098829,710,1:27:59
56.7%,28355000,-599540.5482199015,295.5611649226941,710,1:27:58
56.7%,28360000,-599549.4303982523,299.71653149520347,710,1:27:57
56.7%,28365000,-600326.9987319415,298.8135791828124,710,1:27:56
56.7%,28370000,-599804.626525749,302.53477698240636,710,1:27:54
56.7%,28375000,-599451.4346492044,301.1166264329267,710,1:27:53
56.7%,28380000,-598844.8136936217,298.5028067782869,710,1:27:52
56.7%,28385000,-598572.1976451068,298.87704367685313,710,1:27:51
56.7%,28390000,-599446.2033182965,301.95223818244887,710,1:27:49
56.7%,28395000,-600239.3818621631,300.6723995067231,710,1:27:48
56.7%,28400000,-598943.7036255524,298.93204460288297,710,1:27:47
56.8%,28405000,-599267.6373429918,301.20543256683754,710,1:27:46
56.8%,28410000,-599419.9506585137,301.4683674130408,710,1:27:45
56.8%,28415000,-598110.71458779,300.13553944194285,710,1:27:43
56.8%,28420000,-600154.1049355771,299.4016867652003,710,1:27:42
56.8%,28425000,-600213.8223501793,299.29580630278065,710,1:27:41
56.8%,28430000,-600556.8148640874,299.89723480525515,710,1:27:40
56.8%,28435000,-599611.537781978,299.0058616351862,710,1:27:38
56.8%,28440000,-599482.6203253195,299.9372220975962,710,1:27:37
56.8%,28445000,-598671.9395366311,297.1839375613866,710,1:27:36
56.8%,28450000,-599096.9408716834,301.1380674718875,710,1:27:35
56.9%,28455000,-598243.0150047396,301.52243611998546,710,1:27:34
56.9%,28460000,-600690.2339711539,299.3071891884532,710,1:27:32
56.9%,28465000,-599704.4732515235,299.9445081257099,710,1:27:31
56.9%,28470000,-599968.9166057017,301.73601241883284,710,1:27:30
56.9%,28475000,-600796.6756849731,303.5404451187434,710,1:27:29
56.9%,28480000,-599963.736753216,299.8035958513497,710,1:27:28
56.9%,28485000,-599676.1616058489,301.6726460531169,710,1:27:26
56.9%,28490000,-599510.471428412,302.00125328066815,710,1:27:25
56.9%,28495000,-598799.9334360859,301.6128613712549,710,1:27:24
56.9%,28500000,-599786.4193814867,298.3590978466711,710,1:27:23
57.0%,28505000,-599782.1213073689,296.91352043042,710,1:27:21
57.0%,28510000,-597587.0788055947,302.6460054385256,710,1:27:20
57.0%,28515000,-599512.8377476376,298.16257134425126,710,1:27:19
57.0%,28520000,-598807.7486579763,302.4423891646417,710,1:27:18
57.0%,28525000,-600262.1077565341,300.14172152640293,710,1:27:17
57.0%,28530000,-600193.320782878,298.40249509829766,710,1:27:15
57.0%,28535000,-598749.4593689991,299.1726061910403,710,1:27:14
57.0%,28540000,-599822.4270830983,301.76942511341474,710,1:27:13
57.0%,28545000,-599885.3499689288,303.17138448930854,710,1:27:12
57.0%,28550000,-599960.6234536082,297.6019642248784,710,1:27:10
57.1%,28555000,-599102.9221458249,299.45055467093243,710,1:27:09
57.1%,28560000,-599026.3198032305,301.0181055948643,710,1:27:08
57.1%,28565000,-600186.7991520902,302.7589511403282,710,1:27:07
57.1%,28570000,-598647.9765117164,299.32068183310815,710,1:27:06
57.1%,28575000,-599737.4901204747,300.03402568997524,710,1:27:04
57.1%,28580000,-598604.567942563,300.6301797949937,710,1:27:03
57.1%,28585000,-600345.2105077109,300.8106132521522,710,1:27:02
57.1%,28590000,-599665.5205780393,298.96288142893985,710,1:27:01
57.1%,28595000,-600829.1833076244,300.10352507598884,710,1:27:00
57.1%,28600000,-600015.259441887,299.70100268780965,710,1:26:58
57.2%,28605000,-599373.3469270971,299.5156873464941,710,1:26:57
57.2%,28610000,-599200.7391195381,302.67988424265013,710,1:26:56
57.2%,28615000,-598954.0331283188,300.08264827489546,710,1:26:55
57.2%,28620000,-598456.1832830338,300.4684397837025,710,1:26:53
57.2%,28625000,-599956.496854051,299.49147418235873,710,1:26:52
57.2%,28630000,-599896.5434690579,302.3599368397593,710,1:26:51
57.2%,28635000,-599721.3274607058,299.51038841695686,710,1:26:50
57.2%,28640000,-600075.0052870722,297.9089096247381,710,1:26:49
57.2%,28645000,-599205.5201549004,300.0380489512905,710,1:26:47
57.2%,28650000,-598803.8392779324,304.05947036049787,710,1:26:46
57.3%,28655000,-599619.6675962457,297.72575310656737,710,1:26:45
57.3%,28660000,-600342.8035961348,299.6425672704131,710,1:26:44
57.3%,28665000,-599993.2323834407,299.8856801950143,710,1:26:43
57.3%,28670000,-599656.7574077016,299.71334232464864,710,1:26:41
57.3%,28675000,-599127.2544226097,300.37129274218677,710,1:26:40
57.3%,28680000,-599527.0137737715,299.84125259597766,710,1:26:39
57.3%,28685000,-599027.1619753218,301.1080647365911,710,1:26:38
57.3%,28690000,-599477.9942228394,295.61533175796353,710,1:26:36
57.3%,28695000,-599564.540879739,300.913549864829,710,1:26:35
57.3%,28700000,-599722.387208912,300.9881273916491,710,1:26:34
57.4%,28705000,-600757.6036455096,299.21215190591994,710,1:26:33
57.4%,28710000,-600330.933274088,299.65179133294083,710,1:26:32
57.4%,28715000,-599373.9145380375,303.63236682696544,710,1:26:30
57.4%,28720000,-599959.9995516795,301.36030359539524,710,1:26:29
57.4%,28725000,-599226.0344715542,302.1233249166737,710,1:26:28
57.4%,28730000,-598099.6483996981,298.5776541580002,710,1:26:27
57.4%,28735000,-599173.985821629,298.6953345514726,710,1:26:25
57.4%,28740000,-600477.1599183818,302.4793344789151,710,1:26:24
57.4%,28745000,-599764.9109579329,296.9288775132455,710,1:26:23
57.4%,28750000,-599484.8259512484,302.35338677408134,710,1:26:22
57.5%,28755000,-598848.9983560233,299.7185921900235,710,1:26:21
57.5%,28760000,-599773.1305246586,299.0115040138601,710,1:26:19
57.5%,28765000,-601093.2999767102,298.40009095434095,710,1:26:18
57.5%,28770000,-600001.4492469179,298.5988008119867,710,1:26:17
57.5%,28775000,-599730.3377996758,298.9084938049398,710,1:26:16
57.5%,28780000,-599326.6312900698,300.6385697667609,710,1:26:15
57.5%,28785000,-600457.8830196951,298.39923233149926,710,1:26:13
57.5%,28790000,-598531.8357133172,300.4942965972776,710,1:26:12
57.5%,28795000,-599617.6622083038,299.6773046973793,710,1:26:11
57.5%,28800000,-599414.7991857254,298.4345339963329,710,1:26:10
57.6%,28805000,-598192.9059450235,300.91126838127826,710,1:26:08
57.6%,28810000,-599488.1943085673,298.19559152553416,710,1:26:07
57.6%,28815000,-599008.886553552,298.4882592541408,710,1:26:06
57.6%,28820000,-599515.218082,302.4226163072019,710,1:26:05
57.6%,28825000,-600163.6782146441,303.5254069529734,710,1:26:04
57.6%,28830000,-597797.5275348802,300.5819987875348,710,1:26:02
57.6%,28835000,-599344.5949452803,298.9643778858925,710,1:26:01
57.6%,28840000,-600152.9189053993,299.37224826777134,710,1:26:00
57.6%,28845000,-599875.8083033771,300.0520322375693,710,1:25:59
57.6%,28850000,-600763.7244728967,302.6455147969018,710,1:25:57
57.7%,28855000,-600000.7591297538,302.05438976852747,710,1:25:56
57.7%,28860000,-601035.7554381411,300.08995883509033,710,1:25:55
57.7%,28865000,-599659.3331551054,300.67396955991927,710,1:25:54
57.7%,28870000,-600533.5570653868,303.01433010552483,710,1:25:53
57.7%,28875000,-598532.0905815274,301.5566093090843,710,1:25:51
57.7%,28880000,-599588.5969947819,300.64050780117503,710,1:25:50
57.7%,28885000,-598909.3153361054,300.2136741205357,710,1:25:49
57.7%,28890000,-599777.3370209169,299.3434476044533,710,1:25:48
57.7%,28895000,-599598.081677638,302.6307710161061,710,1:25:47
57.7%,28900000,-600716.203570338,298.5343305026172,710,1:25:45
57.8%,28905000,-600180.8972797645,299.0751647645503,710,1:25:44
57.8%,28910000,-599172.9925419576,299.16968687337857,710,1:25:43
57.8%,28915000,-599346.8603172437,302.3359689964359,710,1:25:42
57.8%,28920000,-599136.3093586131,299.5416668204752,710,1:25:40
57.8%,28925000,-599497.0066083474,301.04109215494015,710,1:25:39
57.8%,28930000,-598803.6273103249,299.6791446034686,710,1:25:38
57.8%,28935000,-599671.8053766224,297.33574207979547,710,1:25:37
57.8%,28940000,-598814.4689543606,299.58185036946577,710,1:25:36
57.8%,28945000,-599804.8915995876,305.34244914261603,710,1:25:34
57.8%,28950000,-599678.5562824807,304.1006106606549,710,1:25:33
57.9%,28955000,-597771.3329856955,299.24144321086175,710,1:25:32
57.9%,28960000,-599253.991627085,298.177437785453,710,1:25:31
57.9%,28965000,-598762.8069617739,303.2306049333032,710,1:25:30
57.9%,28970000,-600724.3662361205,300.0316215460185,710,1:25:28
57.9%,28975000,-599560.2885932983,299.5514305887891,710,1:25:27
57.9%,28980000,-599618.9917120892,299.9168604702078,710,1:25:26
57.9%,28985000,-599634.3765530083,301.9215976130415,710,1:25:25
57.9%,28990000,-599904.3862567372,298.7401301317271,710,1:25:23
57.9%,28995000,-599461.883773414,301.92078805436216,710,1:25:22
57.9%,29000000,-598889.4201626438,299.06792780059897,710,1:25:21
58.0%,29005000,-600350.8177652862,298.78303674172986,710,1:25:20
58.0%,29010000,-599283.574198741,300.8254796933539,710,1:25:19
58.0%,29015000,-599597.9621862336,301.90410623915244,710,1:25:17
58.0%,29020000,-600244.0443340708,301.35353274098657,710,1:25:16
58.0%,29025000,-599498.0794693716,298.08122296302247,710,1:25:15
58.0%,29030000,-599252.4108375283,300.7228374656514,710,1:25:14
58.0%,29035000,-599784.6888407976,295.6297320896225,710,1:25:12
58.0%,29040000,-600116.6782962233,301.529452295206,710,1:25:11
58.0%,29045000,-599708.4653248577,300.7338278380249,710,1:25:10
58.0%,29050000,-599751.1057774611,299.45214925620985,710,1:25:09
58.1%,29055000,-601979.716882755,301.6583438497827,710,1:25:08
58.1%,29060000,-598616.0393014904,297.69189883452395,710,1:25:06
58.1%,29065000,-599053.8412352083,300.5830536670261,710,1:25:05
58.1%,29070000,-599645.8074961095,302.7852249992836,710,1:25:04
58.1%,29075000,-599543.0078903041,300.52618830282574,710,1:25:03
58.1%,29080000,-599423.2499234648,300.75767302094243,710,1:25:02
58.1%,29085000,-600508.175374506,300.5846727843847,710,1:25:00
58.1%,29090000,-601037.0130161201,300.30966815423545,710,1:24:59
58.1%,29095000,-599455.5652230354,299.42962880567666,710,1:24:58
58.1%,29100000,-600522.9309806968,300.9532918363581,710,1:24:57
58.2%,29105000,-599936.4442635812,301.44766233651575,710,1:24:55
58.2%,29110000,-599395.6059943321,298.6897167048799,710,1:24:54
58.2%,29115000,-599474.2843247224,297.75762028003425,710,1:24:53
58.2%,29120000,-599439.8326780843,298.98866464627145,710,1:24:52
58.2%,29125000,-599878.8085434162,298.6927586829476,710,1:24:51
58.2%,29130000,-600555.1330483193,303.39244307291915,710,1:24:49
58.2%,29135000,-599406.1565602678,297.97033795603994,710,1:24:48
58.2%,29140000,-599919.7588724187,298.3748719748768,710,1:24:47
58.2%,29145000,-600316.009200274,300.68883600112093,710,1:24:46
58.2%,29150000,-600183.8052073498,298.5855044239813,710,1:24:44
58.3%,29155000,-600331.685799778,301.0148428280659,710,1:24:43
58.3%,29160000,-598722.5025699674,302.1947623371014,710,1:24:42
58.3%,29165000,-600358.4173648502,301.7011768635419,710,1:24:41
58.3%,29170000,-600195.7293823077,300.53499531997323,710,1:24:40
58.3%,29175000,-599616.1422609845,301.5772162572846,710,1:24:38
58.3%,29180000,-599737.8255611067,298.8309969604579,710,1:24:37
58.3%,29185000,-600479.9231868573,299.90582103367194,710,1:24:36
58.3%,29190000,-601262.8089094507,300.074111110641,710,1:24:35
58.3%,29195000,-599769.8786767931,300.76655363433355,710,1:24:34
58.3%,29200000,-600026.538298184,301.37229978309756,710,1:24:32
58.4%,29205000,-598928.6328924149,301.625470860987,710,1:24:31
58.4%,29210000,-598566.5959038269,299.5538347327458,710,1:24:30
58.4%,29215000,-598742.4299099948,300.29489984135853,710,1:24:29
58.4%,29220000,-599726.1052481914,301.41596688761723,710,1:24:28
58.4%,29225000,-597969.9002755284,299.0371155066233,710,1:24:26
58.4%,29230000,-597951.4984589564,298.9606244774703,710,1:24:25
58.4%,29235000,-598822.1908194134,299.11112879557606,710,1:24:24
58.4%,29240000,-598540.7511923295,302.16517664718526,710,1:24:23
58.4%,29245000,-599115.8498272481,298.8434837897841,710,1:24:21
58.4%,29250000,-600623.3711725515,301.5536899914226,710,1:24:20
58.5%,29255000,-600166.1287850151,302.36943075518013,710,1:24:19
58.5%,29260000,-598700.5635098293,297.89477914597217,710,1:24:18
58.5%,29265000,-598682.9853817872,299.1666939594733,710,1:24:17
58.5%,29270000,-599835.0259078615,303.3577792421965,710,1:24:15
58.5%,29275000,-599562.2721001441,299.77300434610476,710,1:24:14
58.5%,29280000,-599892.2702443283,301.1155470213543,710,1:24:13
58.5%,29285000,-600031.1971011101,298.40202898875503,710,1:24:12
58.5%,29290000,-599417.5232599298,301.18271585965476,710,1:24:10
58.5%,29295000,-599940.9905006229,298.5770653880516,710,1:24:09
58.5%,29300000,-599920.8876385009,298.8631585188991,710,1:24:08
58.6%,29305000,-601062.5807168935,299.12545553099153,710,1:24:07
58.6%,29310000,-599602.1278111525,298.6857915718894,710,1:24:06
58.6%,29315000,-598831.7284634109,299.7591437202319,710,1:24:04
58.6%,29320000,-600097.4202905456,302.10421442542605,710,1:24:03
58.6%,29325000,-600329.2141282917,295.48813291698906,710,1:24:02
58.6%,29330000,-600054.3128016666,302.33390830161585,710,1:24:01
58.6%,29335000,-599130.4765643366,298.6657243294753,710,1:24:00
58.6%,29340000,-598310.7464366751,299.5647269767946,710,1:23:58
58.6%,29345000,-600853.9286737181,300.73407315883685,710,1:23:57
58.6%,29350000,-599602.0558475838,299.88491970049733,710,1:23:56
58.7%,29355000,-598855.4471032512,299.0194769402471,710,1:23:55
58.7%,29360000,-600594.5429250808,300.0665552296343,710,1:23:54
58.7%,29365000,-599872.7069645962,303.6573159535365,710,1:23:52
58.7%,29370000,-598665.6683024857,298.80717630962164,710,1:23:51
58.7%,29375000,-599326.8011769583,300.73767937477186,710,1:23:50
58.7%,29380000,-599711.4889962473,301.057921162637,710,1:23:49
58.7%,29385000,-599963.1541985008,298.3926577337401,710,1:23:47
58.7%,29390000,-599897.3134628711,298.92561719761096,710,1:23:46
58.7%,29395000,-597933.345490484,301.12690537494564,710,1:23:45
58.7%,29400000,-597905.9644906055,299.68925182091925,710,1:23:44
58.8%,29405000,-599165.6179532362,300.3178618693532,710,1:23:43
58.8%,29410000,-599624.9959644643,297.2204412981985,710,1:23:41
58.8%,29415000,-599528.3870028714,300.55400768289616,710,1:23:40
58.8%,29420000,-598949.3470232985,299.42761717501895,710,1:23:39
58.8%,29425000,-600098.8836915921,300.51080668791906,710,1:23:38
58.8%,29430000,-599662.4358202205,301.1658868519579,710,1:23:36
58.8%,29435000,-599553.9473055354,303.80629928260845,710,1:23:35
58.8%,29440000,-599129.2353827581,300.75149093648236,710,1:23:34
58.8%,29445000,-599056.6182282148,300.151877808016,710,1:23:33
58.8%,29450000,-599555.0107055898,299.0760969836356,710,1:23:32
58.9%,29455000,-600147.4678508616,297.78659266792056,710,1:23:30
58.9%,29460000,-599087.7792342459,299.96477162477345,710,1:23:29
58.9%,29465000,-599300.4338694094,299.57083546501104,710,1:23:28
58.9%,29470000,-599373.9858142352,299.09204283640963,710,1:23:27
58.9%,29475000,-598433.9525780259,300.5824158329151,710,1:23:26
58.9%,29480000,-600178.540996633,298.799767621102,710,1:23:24
58.9%,29485000,-599469.9464835315,301.88349929095216,710,1:23:23
58.9%,29490000,-599052.2924542855,300.2262100140242,710,1:23:22
58.9%,29495000,-599497.8225434162,301.40544262478636,710,1:23:21
58.9%,29500000,-599898.4413431869,299.0864249898169,710,1:23:19
59.0%,29505000,-600271.4132228638,301.41250786416936,710,1:23:18
59.0%,29510000,-598610.1698942287,301.1478803043638,710,1:23:17
59.0%,29515000,-600652.7754401509,300.561195582685,710,1:23:16
59.0%,29520000,-599286.3735722136,298.7690289233699,710,1:23:15
59.0%,29525000,-598967.1088939328,300.8160593741766,710,1:23:13
59.0%,29530000,-599524.1874303599,300.9838588095219,710,1:23:12
59.0%,29535000,-600559.5415395717,300.08024413093875,710,1:23:11
59.0%,29540000,-599565.0276230276,299.5967413427486,710,1:23:10
59.0%,29545000,-599228.9353089193,301.52753879287314,710,1:23:08
59.0%,29550000,-600094.6987734432,301.8402246997315,710,1:23:07
59.1%,29555000,-600071.5764713911,300.88710428130526,710,1:23:06
59.1%,29560000,-599801.9781162939,300.35058766566175,710,1:23:05
59.1%,29565000,-599609.8090181882,298.76326388429004,710,1:23:04
59.1%,29570000,-599317.2162144477,300.4675566287796,710,1:23:02
59.1%,29575000,-599776.4451025855,301.29870353952504,710,1:23:01
59.1%,29580000,-599132.2957195425,302.2204719581894,710,1:23:00
59.1%,29585000,-598993.4198299446,300.21428742256546,710,1:22:59
59.1%,29590000,-600803.7057798905,299.4354919730813,710,1:22:58
59.1%,29595000,-599389.0036732322,300.4806567601355,710,1:22:56
59.1%,29600000,-599152.824120611,298.5709568998351,710,1:22:55
59.2%,29605000,-599425.9283342655,300.8828847633404,710,1:22:54
59.2%,29610000,-599117.0197423506,298.92291866868,710,1:22:53
59.2%,29615000,-600524.1650345903,298.83394081020083,710,1:22:51
59.2%,29620000,-602106.1441714182,299.87549938132,710,1:22:50
59.2%,29625000,-598746.3581973105,297.5779227853114,710,1:22:49
59.2%,29630000,-599888.6545910994,298.50866994569157,710,1:22:48
59.2%,29635000,-598699.7185270227,299.68768176772306,710,1:22:47
59.2%,29640000,-600030.5011413875,297.2997289846073,710,1:22:45
59.2%,29645000,-598982.487946555,299.6108963535957,710,1:22:44
59.2%,29650000,-600550.1323476187,299.0215376350671,710,1:22:43
59.3%,29655000,-598021.678314399,301.3456579429243,710,1:22:42
59.3%,29660000,-598702.6767852651,299.63905918280284,710,1:22:41
59.3%,29665000,-599430.9616363514,301.65356009395043,710,1:22:39
59.3%,29670000,-600224.1717152158,298.8924007596786,710,1:22:38
59.3%,29675000,-599871.5372809595,301.7286527944756,710,1:22:37
59.3%,29680000,-599619.804466317,300.0966806253366,710,1:22:36
59.3%,29685000,-600788.2715257532,300.7437633309072,710,1:22:35
59.3%,29690000,-598628.7362255096,299.2831477488862,710,1:22:33
59.3%,29695000,-598727.9728160426,301.74695372704394,710,1:22:32
59.3%,29700000,-600662.3621077607,297.4374030242503,710,1:22:31
59.4%,29705000,-600631.3535824283,302.1079923659294,710,1:22:30
59.4%,29710000,-598621.0420030849,303.00456633721086,710,1:22:28
59.4%,29715000,-599349.3257582029,298.5891842361599,710,1:22:27
59.4%,29720000,-599573.099950002,300.9884708407858,710,1:22:26
59.4%,29725000,-599145.2732614656,302.041731214633,710,1:22:25
59.4%,29730000,-599370.0906062541,299.5027589397065,710,1:22:24
59.4%,29735000,-600198.1790811792,301.3635908942748,710,1:22:22
59.4%,29740000,-600631.8806214835,303.35517884159026,710,1:22:21
59.4%,29745000,-600464.215328197,298.0247010479588,710,1:22:20
59.4%,29750000,-599714.2868423224,301.35333648433704,710,1:22:19
59.5%,29755000,-599078.2917394969,301.38866268125184,710,1:22:18
59.5%,29760000,-600366.7576325722,298.8831276329885,710,1:22:16
59.5%,29765000,-600956.3741831305,300.0528663283298,710,1:22:15
59.5%,29770000,-598876.3660318642,299.539851446467,710,1:22:14
59.5%,29775000,-600113.1283620037,302.79182412912394,710,1:22:13
59.5%,29780000,-599773.1356820664,299.51644784101103,710,1:22:11
59.5%,29785000,-600386.4947751882,297.0656438658844,710,1:22:10
59.5%,29790000,-600009.6675660838,299.4035021392084,710,1:22:09
59.5%,29795000,-598426.7351082466,299.84557024226723,710,1:22:08
59.5%,29800000,-598839.8003138569,301.87015383878435,710,1:22:07
59.6%,29805000,-599361.014934097,303.0241429380011,710,1:22:05
59.6%,29810000,-598830.7509107566,296.5492435568173,710,1:22:04
59.6%,29815000,-599664.2710522115,297.32580658691313,710,1:22:03
59.6%,29820000,-599582.2814335572,301.4554144741721,710,1:22:02
59.6%,29825000,-599279.2691929564,301.4513912128568,710,1:22:00
59.6%,29830000,-599706.2547965329,302.5061725757379,710,1:21:59
59.6%,29835000,-599434.4067807477,302.16228186160475,710,1:21:58
59.6%,29840000,-599654.7579752575,300.7898100473024,710,1:21:57
59.6%,29845000,-598644.313490001,298.8334747006582,710,1:21:56
59.6%,29850000,-599474.3318220093,298.6889807424442,710,1:21:54
59.7%,29855000,-599508.4479534184,297.92600848532805,710,1:21:53
59.7%,29860000,-599495.0640343209,299.5727734994252,710,1:21:52
59.7%,29865000,-599677.0547496099,299.55574823507874,710,1:21:51
59.7%,29870000,-599187.2085543354,301.4328204273953,710,1:21:50
59.7%,29875000,-598319.8206646773,301.7973426218099,710,1:21:48
59.7%,29880000,-599474.3622457655,301.51242703085956,710,1:21:47
59.7%,29885000,-600296.9448068496,299.2933530946616,710,1:21:46
59.7%,29890000,-598620.7398446905,300.5112237332993,710,1:21:45
59.7%,29895000,-599651.3021890274,301.18605222269673,710,1:21:43
59.7%,29900000,-599268.7728935387,300.56193154512073,710,1:21:42
59.8%,29905000,-599631.3126266743,300.8559240061117,710,1:21:41
59.8%,29910000,-600760.6247886922,302.237644415023,710,1:21:40
59.8%,29915000,-599764.0526162926,300.8512138465231,710,1:21:39
59.8%,29920000,-600792.9448192846,297.8008212750113,710,1:21:37
59.8%,29925000,-600263.1923131878,298.5801073661193,710,1:21:36
59.8%,29930000,-600229.4575275751,299.5653893429867,710,1:21:35
59.8%,29935000,-599910.5010968936,299.13649496752737,710,1:21:34
59.8%,29940000,-600407.4106191341,300.346122826885,710,1:21:33
59.8%,29945000,-599466.1922223051,302.3584403828067,710,1:21:31
59.8%,29950000,-600759.0020691068,301.00902872482374,710,1:21:30
59.9%,29955000,-600230.5470395596,300.0409682689522,710,1:21:29
59.9%,29960000,-599655.9424886056,302.70422006719144,710,1:21:28
59.9%,29965000,-599152.946478581,300.85675809687217,710,1:21:27
59.9%,29970000,-598812.3546833782,299.9412453589115,710,1:21:25
59.9%,29975000,-598987.7625701311,299.75536577972855,710,1:21:24
59.9%,29980000,-598157.3052791171,302.48350493271755,710,1:21:23
59.9%,29985000,-597498.3795565376,301.39842644956576,710,1:21:22
59.9%,29990000,-601149.2413264783,302.80997786920517,710,1:21:20
59.9%,29995000,-599450.2942465781,300.4777129103926,710,1:21:19
59.9%,30000000,-599485.1386208506,302.5126981093346,710,1:21:18
60.0%,30005000,-600239.6203528992,301.6791961187949,710,1:21:17
60.0%,30010000,-598463.9850303046,302.45264357457944,710,1:21:16
60.0%,30015000,-599025.222299376,300.5224103623223,710,1:21:14
60.0%,30020000,-599689.0266466951,299.4340691123722,710,1:21:13
60.0%,30025000,-599254.9041508534,298.1742976790605,710,1:21:12
60.0%,30030000,-599336.6448528366,302.5499132765011,710,1:21:11
60.0%,30035000,-600676.9212871064,303.8163574358967,710,1:21:09
60.0%,30040000,-599482.0055526053,299.42852486202304,710,1:21:08
60.0%,30045000,-600134.62600544,301.2656342940798,710,1:21:07
60.0%,30050000,-599298.4876483772,301.07173272434744,710,1:21:06
60.0%,30055000,-599038.3219243884,301.23332554315147,710,1:21:05
60.1%,30060000,-599930.3788698195,298.8747376612212,710,1:21:03
60.1%,30065000,-598533.7256792742,298.6780149021519,710,1:21:02
60.1%,30070000,-599419.2842687289,301.14930316507287,710,1:21:01
60.1%,30075000,-600367.4533109595,299.6593226818664,710,1:21:00
60.1%,30080000,-599417.619482147,300.5857031317947,710,1:20:59
60.1%,30085000,-600041.5106041539,299.6428371233062,710,1:20:57
60.1%,30090000,-599107.0550676375,300.2746363422949,710,1:20:56
60.1%,30095000,-599016.8598625641,299.99359682017274,710,1:20:55
60.1%,30100000,-599022.0305341748,300.53887138880134,710,1:20:54
60.1%,30105000,-599615.2719702162,297.6332180963155,710,1:20:52
60.2%,30110000,-599686.7594670239,300.2346981141162,710,1:20:51
60.2%,30115000,-599503.4500990272,300.7660139285473,710,1:20:50
60.2%,30120000,-598556.456128153,299.5713015745537,710,1:20:49
60.2%,30125000,-598406.6534085725,302.73466437994927,710,1:20:48
60.2%,30130000,-599522.7910327907,296.23474227595085,710,1:20:46
60.2%,30135000,-599752.6713576932,298.9853773473918,710,1:20:45
60.2%,30140000,-600312.3095178916,300.46937200278774,710,1:20:44
60.2%,30145000,-599177.5508795758,301.43762871530873,710,1:20:43
60.2%,30150000,-600390.4903295306,301.32092960508396,710,1:20:41
60.2%,30155000,-601128.4746741741,300.5214290790747,710,1:20:40
60.3%,30160000,-598752.2392579671,295.53003371166295,710,1:20:39
60.3%,30165000,-600239.4718168485,300.42116646324774,710,1:20:38
60.3%,30170000,-599363.9261836191,301.0293412880497,710,1:20:37
60.3%,30175000,-599756.0674314704,303.1328200576765,710,1:20:35
60.3%,30180000,-599727.2357439455,303.11751203901343,710,1:20:34
60.3%,30185000,-599729.707286356,300.8543294208343,710,1:20:33
60.3%,30190000,-599306.221715623,298.34047799704723,710,1:20:32
60.3%,30195000,-598813.9994750284,300.2122757919078,710,1:20:31
60.3%,30200000,-600430.9620994348,300.52613923866335,710,1:20:29
60.3%,30205000,-599766.584058275,301.97922347175876,710,1:20:28
60.4%,30210000,-599561.7725507505,300.8026403257652,710,1:20:27
60.4%,30215000,-599369.1215161188,300.9807432352107,710,1:20:26
60.4%,30220000,-599443.9841088555,298.99391451164627,710,1:20:25
60.4%,30225000,-597918.8617586461,299.77236651199377,710,1:20:23
60.4%,30230000,-600050.1276379139,300.10109639995096,710,1:20:22
60.4%,30235000,-598639.3868999179,299.6683750198259,710,1:20:21
60.4%,30240000,-599114.885680485,300.22071482783747,710,1:20:20
60.4%,30245000,-598377.6860470269,301.1472915344152,710,1:20:18
60.4%,30250000,-600253.5413868781,301.5215284329814,710,1:20:17
60.4%,30255000,-598980.0716309855,301.37911970166857,710,1:20:16
60.5%,30260000,-598974.1531398892,302.9994146001608,710,1:20:15
60.5%,30265000,-600295.6025013002,302.13647411219205,710,1:20:14
60.5%,30270000,-598556.4320030226,301.18683724929485,710,1:20:12
60.5%,30275000,-598726.3306143177,301.2402190579661,710,1:20:11
60.5%,30280000,-599411.1083621201,300.9088397052403,710,1:20:10
60.5%,30285000,-599525.689184072,298.8527569164742,710,1:20:09
60.5%,30290000,-599568.7957734223,303.09558035842883,710,1:20:07
60.5%,30295000,-599653.4763808646,300.7142512372347,710,1:20:06
60.5%,30300000,-598797.5237125317,301.46709174481896,710,1:20:05
60.5%,30305000,-598804.9793270133,300.8469207323147,710,1:20:04
60.6%,30310000,-599024.0739386631,300.9972778579333,710,1:20:03
60.6%,30315000,-598788.9730127933,298.7394677655349,710,1:20:01
60.6%,30320000,-598301.7647158704,301.44771140067814,710,1:20:00
60.6%,30325000,-600805.1434019841,300.01621539903067,710,1:19:59
60.6%,30330000,-599575.5786931366,303.04896940416626,710,1:19:58
60.6%,30335000,-599369.9558114321,302.20035565161294,710,1:19:57
60.6%,30340000,-598880.2050344264,300.1432915795992,710,1:19:55
60.6%,30345000,-599386.4959595581,301.0520825273136,710,1:19:54
60.6%,30350000,-600520.4637271245,302.3631014782329,710,1:19:53
60.6%,30355000,-598873.8472949392,299.98088920211586,710,1:19:52
60.7%,30360000,-600520.1810875912,300.92252860654486,710,1:19:50
60.7%,30365000,-599373.1201715409,300.31955458295533,710,1:19:49
60.7%,30370000,-599408.0685120462,300.2777028524438,710,1:19:48
60.7%,30375000,-600036.6407704367,300.50631731706113,710,1:19:47
60.7%,30380000,-598479.6380148409,299.27156860656413,710,1:19:46
60.7%,30385000,-600106.0813456792,301.0306169562717,710,1:19:44
60.7%,30390000,-600386.8592687575,297.9768634896367,710,1:19:43
60.7%,30395000,-598654.1525504794,302.1430977741135,710,1:19:42
60.7%,30400000,-600452.0972428,299.04283148154076,710,1:19:41
60.7%,30405000,-600201.5527323987,298.7888753770533,710,1:19:40
60.8%,30410000,-598906.2061635368,301.5571244827893,710,1:19:38
60.8%,30415000,-598916.4388125399,298.265115443629,710,1:19:37
60.8%,30420000,-598708.3682589391,300.0700878493258,710,1:19:36
60.8%,30425000,-600271.5412488757,298.8083538495188,710,1:19:35
60.8%,30430000,-599483.1837890176,300.38689514582416,710,1:19:33
60.8%,30435000,-598188.7832517391,299.64421091985287,710,1:19:32
60.8%,30440000,-599034.7981547522,301.3483074076929,710,1:19:31
60.8%,30445000,-600178.9719324615,298.85741801190045,710,1:19:30
60.8%,30450000,-599725.5977560785,302.09771342391053,710,1:19:29
60.8%,30455000,-600823.8160235947,300.55317359213564,710,1:19:27
60.9%,30460000,-599992.619569248,297.1691692485097,710,1:19:26
60.9%,30465000,-599935.8301743208,301.40796942914903,710,1:19:25
60.9%,30470000,-599764.8852896425,300.21021509708777,710,1:19:24
60.9%,30475000,-601319.3119084947,301.51885443613156,710,1:19:23
60.9%,30480000,-599751.9996808879,301.8650021017342,710,1:19:21
60.9%,30485000,-599440.1469716756,297.5630563441097,710,1:19:20
60.9%,30490000,-598661.5587382582,303.9592813409145,710,1:19:19
60.9%,30495000,-598723.9694674513,299.9340574591225,710,1:19:18
60.9%,30500000,-601082.8023706414,302.3085421296645,710,1:19:16
60.9%,30505000,-598322.6785736503,301.47153205151443,710,1:19:15
61.0%,30510000,-599701.3887508679,301.72565988057033,710,1:19:14
61.0%,30515000,-598764.9408234488,300.89637740799543,710,1:19:13
61.0%,30520000,-599276.9628988695,303.40598478173644,710,1:19:12
61.0%,30525000,-599995.2289779666,304.14371352730717,710,1:19:10
61.0%,30530000,-599417.0714786635,299.6990401213144,710,1:19:09
61.0%,30535000,-598943.7719090055,301.0231592035896,710,1:19:08
61.0%,30540000,-598171.5310535892,298.51477843390813,710,1:19:07
61.0%,30545000,-600606.2449421119,299.9667587233499,710,1:19:06
61.0%,30550000,-598707.6849776492,298.3814465726359,710,1:19:04
61.0%,30555000,-598915.4708258179,300.84907955545947,710,1:19:03
61.1%,30560000,-600463.8382193483,297.94921583413463,710,1:19:02
61.1%,30565000,-598867.4373872168,301.6922226539072,710,1:19:01
61.1%,30570000,-599766.7424195227,299.9133033184351,710,1:19:00
61.1%,30575000,-599087.8872672683,299.82381028625093,710,1:18:58
61.1%,30580000,-600286.7740339981,298.880502700301,710,1:18:57
61.1%,30585000,-599688.8088163594,299.66211933912217,710,1:18:56
61.1%,30590000,-600548.013062262,297.6304214390598,710,1:18:55
61.1%,30595000,-599633.2514342591,300.45759660381617,710,1:18:53
61.1%,30600000,-599529.0384006156,297.9677620875149,710,1:18:52
61.1%,30605000,-600551.5162256234,301.88241987937977,710,1:18:51
61.2%,30610000,-600137.2061102749,300.77931031655277,710,1:18:50
61.2%,30615000,-599869.2068331777,300.1626964558211,710,1:18:49
61.2%,30620000,-600174.9247135241,302.64617716309397,710,1:18:47
61.2%,30625000,-600324.536221249,301.4733719576038,710,1:18:46
61.2%,30630000,-598553.5812041042,299.9527754370712,710,1:18:45
61.2%,30635000,-599805.2424388803,301.8959370561159,710,1:18:44
61.2%,30640000,-601066.4738684525,300.4239385884223,710,1:18:42
61.2%,30645000,-598645.8988548978,298.1855824364083,710,1:18:41
61.2%,30650000,-599366.204760096,298.14530075909295,710,1:18:40
61.2%,30655000,-599635.6627869126,299.87459169431594,710,1:18:39
61.3%,30660000,-600575.7795324442,301.7497994484621,710,1:18:38
61.3%,30665000,-600358.9178614998,298.5242478172477,710,1:18:36
61.3%,30670000,-599336.1216037492,300.2774329995507,710,1:18:35
61.3%,30675000,-599857.7012350773,300.1913744587332,710,1:18:34
61.3%,30680000,-600605.1255045263,299.6422483533576,710,1:18:33
61.3%,30685000,-599657.8776307921,299.4841145580015,710,1:18:32
61.3%,30690000,-599876.5490979338,299.906090886565,710,1:18:30
61.3%,30695000,-599458.3319726437,301.04018446793606,710,1:18:29
61.3%,30700000,-599220.7364547825,302.7225700639222,710,1:18:28
61.3%,30705000,-599601.8691764316,302.33685215135876,710,1:18:27
61.4%,30710000,-598696.0283809365,299.5889401409299,710,1:18:25
61.4%,30715000,-599063.9836035217,300.91301015904276,710,1:18:24
61.4%,30720000,-599969.7009644047,299.66418003394216,710,1:18:23
61.4%,30725000,-599151.0088213519,299.8033014663754,710,1:18:22
61.4%,30730000,-599286.7908028467,300.38915209729373,710,1:18:21
61.4%,30735000,-600150.2765837922,300.11682146399426,710,1:18:19
61.4%,30740000,-598673.1733834166,303.4236969443562,710,1:18:18
61.4%,30745000,-598661.2073159129,301.05841180426086,710,1:18:17
61.4%,30750000,-600100.7016072632,296.9287057886771,710,1:18:16
61.4%,30755000,-600129.8093016888,300.0196989545598,710,1:18:15
61.5%,30760000,-598618.590980628,299.71238557348215,710,1:18:13
61.5%,30765000,-598878.7147078253,298.6528204547689,710,1:18:12
61.5%,30770000,-600557.4011246944,299.1753047199713,710,1:18:11
61.5%,30775000,-600127.5846305466,302.399359894233,710,1:18:10
61.5%,30780000,-599450.3016385315,297.17890848474246,710,1:18:08
61.5%,30785000,-600062.054701996,302.3750240696917,710,1:18:07
61.5%,30790000,-599222.0945903258,298.3788461720297,710,1:18:06
61.5%,30795000,-599645.6106213704,300.826902554063,710,1:18:05
61.5%,30800000,-599955.0073869848,299.49839222925453,710,1:18:04
61.5%,30805000,-599570.4903912963,297.81926940006673,710,1:18:02
61.6%,30810000,-599690.0162280169,300.0286286321132,710,1:18:01
61.6%,30815000,-599938.3928967109,300.3011800541434,710,1:18:00
61.6%,30820000,-599870.8716669977,300.9527521305719,710,1:17:59
61.6%,30825000,-599678.3721142127,301.4331884086132,710,1:17:57
61.6%,30830000,-598475.0824422641,300.6447763833022,710,1:17:56
61.6%,30835000,-598797.585551919,301.4147648156389,710,1:17:55
61.6%,30840000,-597674.9868619102,295.83062530249424,710,1:17:54
61.6%,30845000,-599861.6420126609,296.17404990708474,710,1:17:53
61.6%,30850000,-600892.3268845482,300.1746926435235,710,1:17:51
61.6%,30855000,-599207.780383707,301.88376914384526,710,1:17:50
61.7%,30860000,-599501.7765649548,301.09793298705927,710,1:17:49
61.7%,30865000,-601224.4985393998,300.86804285422,710,1:17:48
61.7%,30870000,-599695.6273155627,297.49681972489446,710,1:17:47
61.7%,30875000,-600224.9189452701,300.31042864875235,710,1:17:45
61.7%,30880000,-599077.881955185,301.00066328513765,710,1:17:44
61.7%,30885000,-599999.8094287277,298.6594195846092,710,1:17:43
61.7%,30890000,-599509.0190807497,299.83771997628617,710,1:17:42
61.7%,30895000,-599638.3974518464,301.4828413409434,710,1:17:40
61.7%,30900000,-600614.9051541877,299.419521588226,710,1:17:39
61.7%,30905000,-599717.101006614,301.7738899521915,710,1:17:38
61.8%,30910000,-598978.6576570347,298.7722426260059,710,1:17:37
61.8%,30915000,-600641.4898687657,301.9440444673311,710,1:17:36
61.8%,30920000,-599201.5188762909,298.76561896408435,710,1:17:34
61.8%,30925000,-599306.7517070519,295.384901919338,710,1:17:33
61.8%,30930000,-600588.5629818863,301.5195168023238,710,1:17:32
61.8%,30935000,-599263.6399247097,298.83946052846875,710,1:17:31
61.8%,30940000,-600268.3856174932,301.2514547511515,710,1:17:30
61.8%,30945000,-599366.2721711667,300.56620012724795,710,1:17:28
61.8%,30950000,-599200.018800118,300.0405021594096,710,1:17:27
61.8%,30955000,-599119.5751677151,300.28327163487404,710,1:17:26
61.9%,30960000,-599177.7433387344,299.81897746625634,710,1:17:25
61.9%,30965000,-600298.5959902992,298.9360678641983,710,1:17:23
61.9%,30970000,-600077.0804071436,299.41243181676185,710,1:17:22
61.9%,30975000,-599553.4026198364,301.1079420761851,710,1:17:21
61.9%,30980000,-598448.6827248624,298.69467218528047,710,1:17:20
61.9%,30985000,-600136.3411787222,301.22442039767924,710,1:17:19
61.9%,30990000,-599109.1699889773,302.23749722253586,710,1:17:17
61.9%,30995000,-600067.1789571419,298.06400144202655,710,1:17:16
61.9%,31000000,-599497.4927332806,303.75878064134184,710,1:17:15
61.9%,31005000,-598897.2117324867,298.1749600452527,710,1:17:14
62.0%,31010000,-598608.5718782637,298.2806197189416,710,1:17:13
62.0%,31015000,-600022.4202730521,300.8694411828479,710,1:17:11
62.0%,31020000,-599203.5567072681,302.83750286430126,710,1:17:10
62.0%,31025000,-599901.104482125,299.24978411846666,710,1:17:09
62.0%,31030000,-598614.8892534985,300.26197778840043,710,1:17:08
62.0%,31035000,-599686.6919543808,300.7974885887151,710,1:17:06
62.0%,31040000,-600098.5937619549,301.0402580641796,710,1:17:05
62.0%,31045000,-600757.8672442343,301.1683645921582,710,1:17:04
62.0%,31050000,-600333.9145497615,301.5780994122075,710,1:17:03
62.0%,31055000,-599423.2445461522,299.08657218230405,710,1:17:02
62.1%,31060000,-599338.0002433178,301.2362448608132,710,1:17:00
62.1%,31065000,-599825.4625480422,297.2252986502743,710,1:16:59
62.1%,31070000,-600224.1261388254,300.7526194122171,710,1:16:58
62.1%,31075000,-600430.1667254204,298.37941040989705,710,1:16:57
62.1%,31080000,-599948.0612838343,299.90464349377476,710,1:16:55
62.1%,31085000,-598443.4328020462,301.89684474311997,710,1:16:54
62.1%,31090000,-598578.2223619604,301.7255126880832,710,1:16:53
62.1%,31095000,-599987.2386280401,301.3109205159581,710,1:16:52
62.1%,31100000,-600237.6292120093,301.3253453796983,710,1:16:51
62.1%,31105000,-598385.112708048,302.0603265321757,710,1:16:49
62.2%,31110000,-601254.5188297424,299.45001496514624,710,1:16:48
62.2%,31115000,-598613.5460685971,297.7337015008731,710,1:16:47
62.2%,31120000,-599563.7556403354,299.61761814384204,710,1:16:46
62.2%,31125000,-599702.7256691596,300.69649001045246,710,1:16:45
62.2%,31130000,-599839.409376577,298.6593214562845,710,1:16:43
62.2%,31135000,-599467.516905522,299.65348404654304,710,1:16:42
62.2%,31140000,-599266.0253006341,299.1437564635599,710,1:16:41
62.2%,31145000,-598785.9375178921,299.35107708170364,710,1:16:40
62.2%,31150000,-598743.0199058768,300.27090746595394,710,1:16:38
62.2%,31155000,-601104.1265009083,299.0438618289508,710,1:16:37
62.3%,31160000,-600003.87681496,298.3546084758131,710,1:16:36
62.3%,31165000,-600757.4413740686,302.7907692496327,710,1:16:35
62.3%,31170000,-599172.2122928905,300.1071312919239,710,1:16:34
62.3%,31175000,-599166.6960909041,301.05016902498073,710,1:16:32
62.3%,31180000,-599945.1923083882,300.1750606247413,710,1:16:31
62.3%,31185000,-599483.6854320336,301.58280957179613,710,1:16:30
62.3%,31190000,-598832.9063835684,301.8926988213987,710,1:16:29
62.3%,31195000,-598561.0401806585,300.70959014180835,710,1:16:28
62.3%,31200000,-598740.1264424184,301.7789926250792,710,1:16:26
62.3%,31205000,-599814.3362552612,301.5816565639801,710,1:16:25
62.4%,31210000,-600715.8200136484,302.8448134244961,710,1:16:24
62.4%,31215000,-599926.411100219,301.51465945024796,710,1:16:23
62.4%,31220000,-600100.056445024,298.3696711736643,710,1:16:21
62.4%,31225000,-599898.0827914691,300.2202241862136,710,1:16:20
62.4%,31230000,-600591.6274704062,298.7512186324254,710,1:16:19
62.4%,31235000,-599653.419704983,300.19039317548555,710,1:16:18
62.4%,31240000,-598591.7561755939,301.77580345452435,710,1:16:17
62.4%,31245000,-599703.2199908444,298.482371554655,710,1:16:15
62.4%,31250000,-598208.7714543073,301.85769154153934,710,1:16:14
62.4%,31255000,-599873.9032206801,302.3018203394182,710,1:16:13
62.5%,31260000,-598716.893180884,300.7012001700411,710,1:16:12
62.5%,31265000,-600047.8853724916,298.7090234527771,710,1:16:11
62.5%,31270000,-599410.2028495073,300.0931480056451,710,1:16:09
62.5%,31275000,-598874.3763802336,299.4901494499744,710,1:16:08
62.5%,31280000,-600129.5698369932,302.96433372405784,710,1:16:07
62.5%,31285000,-598287.7298128223,298.77960225036315,710,1:16:06
62.5%,31290000,-600550.358657781,301.5547448709138,710,1:16:04
62.5%,31295000,-600279.9850556366,300.1716261333746,710,1:16:03
62.5%,31300000,-598938.626787208,298.1421851847817,710,1:16:02
62.5%,31305000,-599527.6643739566,302.19949702877125,710,1:16:01
62.6%,31310000,-599482.5222638939,301.33498648760633,710,1:16:00
62.6%,31315000,-599185.218066839,299.77256276864335,710,1:15:58
62.6%,31320000,-600053.3742116401,298.4017346037807,710,1:15:57
62.6%,31325000,-599410.282939665,300.7140059164227,710,1:15:56
62.6%,31330000,-599325.7967527257,301.167187052261,710,1:15:55
62.6%,31335000,-600099.7783909161,301.2020962037956,710,1:15:53
62.6%,31340000,-599539.8977455292,299.19787423466687,710,1:15:52
62.6%,31345000,-599768.4046717547,300.2721831341758,710,1:15:51
62.6%,31350000,-599746.0508326525,300.58428027108556,710,1:15:50
62.6%,31355000,-598840.448057502,301.691682948121,710,1:15:49
62.7%,31360000,-600126.2481086832,298.8878377925771,710,1:15:47
62.7%,31365000,-599784.7383166631,300.9793449065828,710,1:15:46
62.7%,31370000,-598599.5883224662,299.5223846046592,710,1:15:45
62.7%,31375000,-599114.5205850913,300.593455269451,710,1:15:44
62.7%,31380000,-599661.9100140696,302.3960725953534,710,1:15:43
62.7%,31385000,-599953.3438080866,300.5521187126444,710,1:15:41
62.7%,31390000,-600544.0522752912,299.79569652120625,710,1:15:40
62.7%,31395000,-599390.1393099423,300.8617626414351,710,1:15:39
62.7%,31400000,-600256.7902768487,301.629714911033,710,1:15:38
62.7%,31405000,-599642.5654382342,300.7740604511779,710,1:15:37
62.8%,31410000,-600460.9194103195,300.9831719112486,710,1:15:35
62.8%,31415000,-599714.7687514173,299.2577570448537,710,1:15:34
62.8%,31420000,-599875.0711815883,300.4708929918216,710,1:15:33
62.8%,31425000,-598880.7240656847,297.2446299302527,710,1:15:32
62.8%,31430000,-597727.5836965134,300.04717488549346,710,1:15:30
62.8%,31435000,-598653.8574216529,298.6156543517648,710,1:15:29
62.8%,31440000,-598640.6064051758,299.9209327956855,710,1:15:28
62.8%,31445000,-598825.6020379402,299.05948876466937,710,1:15:27
62.8%,31450000,-600325.8916678354,301.83858105029174,710,1:15:26
62.8%,31455000,-599779.1330919568,296.9965369931698,710,1:15:24
62.9%,31460000,-599038.0307334717,299.82010594199113,710,1:15:23
62.9%,31465000,-598414.6114464151,300.06250743623775,710,1:15:22
62.9%,31470000,-599051.5112252813,300.3580699504249,710,1:15:21
62.9%,31475000,-598951.6644895729,300.8054615151022,710,1:15:19
62.9%,31480000,-599960.3612838602,302.02953877028114,710,1:15:18
62.9%,31485000,-599264.9333575657,300.5885488532128,710,1:15:17
62.9%,31490000,-598872.3777221655,301.89831666799137,710,1:15:16
62.9%,31495000,-600916.8030259395,298.8392642718192,710,1:15:15
62.9%,31500000,-600261.1300638565,301.307436960429,710,1:15:13
62.9%,31505000,-599919.4781273161,299.47778528105425,710,1:15:12
63.0%,31510000,-599435.5136467991,299.72752186757697,710,1:15:11
63.0%,31515000,-598858.7990656998,300.4801661185117,710,1:15:10
63.0%,31520000,-598924.3521809904,298.55199360107457,710,1:15:09
63.0%,31525000,-599563.1172257485,302.2447587185684,710,1:15:07
63.0%,31530000,-600861.501055941,299.63601720473514,710,1:15:06
63.0%,31535000,-599119.729661284,298.5897239419461,710,1:15:05
63.0%,31540000,-599119.3636720073,302.9030525852432,710,1:15:04
63.0%,31545000,-601158.7249590857,298.76657571525084,710,1:15:02
63.0%,31550000,-598698.2893381417,297.7512174068434,710,1:15:01
63.0%,31555000,-597760.7689258503,299.8780261856827,710,1:15:00
63.1%,31560000,-601004.7864371478,301.0814228964178,710,1:14:59
63.1%,31565000,-599522.1943262522,297.1501323535056,710,1:14:58
63.1%,31570000,-598744.9626548835,301.56693731526565,710,1:14:56
63.1%,31575000,-600519.953459241,299.9352595311009,710,1:14:55
63.1%,31580000,-599826.1275383588,299.50217016975796,710,1:14:54
63.1%,31585000,-599961.7860295968,296.40283609627045,710,1:14:53
63.1%,31590000,-599755.399409296,301.16063698658303,710,1:14:51
63.1%,31595000,-599795.3695727754,301.45686186696236,710,1:14:50
63.1%,31600000,-599368.4603756042,297.93800467303043,710,1:14:49
63.1%,31605000,-598859.2928163586,299.87451809807243,710,1:14:48
63.2%,31610000,-599213.4999120487,298.3068445137346,710,1:14:47
63.2%,31615000,-599464.7745892578,300.8773405129913,710,1:14:45
63.2%,31620000,-600015.706342055,302.77786537492636,710,1:14:44
63.2%,31625000,-598995.9994946881,300.7837260911671,710,1:14:43
63.2%,31630000,-598990.0332435798,302.50325325807614,710,1:14:42
63.2%,31635000,-598368.5723270597,300.51375053766196,710,1:14:41
63.2%,31640000,-598958.0631626705,298.55322020513415,710,1:14:39
63.2%,31645000,-598826.1150381365,299.9902604571308,710,1:14:38
63.2%,31650000,-598388.7605460896,299.7959909061805,710,1:14:37
63.2%,31655000,-598746.7553984071,298.3937371453125,710,1:14:36
63.3%,31660000,-599332.1666728873,301.0079493132513,710,1:14:34
63.3%,31665000,-600225.831281146,298.72705453245237,710,1:14:33
63.3%,31670000,-600528.4425638826,302.11375740500927,710,1:14:32
63.3%,31675000,-598929.4461279535,301.6467156432982,710,1:14:31
63.3%,31680000,-599040.1199002196,299.3911379702882,710,1:14:30
63.3%,31685000,-599147.4355052812,298.3288497905628,710,1:14:28
63.3%,31690000,-600068.714258078,300.4066434711828,710,1:14:27
63.3%,31695000,-600131.0055702892,299.8843063984676,710,1:14:26
63.3%,31700000,-599025.7102159355,300.04138531433244,710,1:14:25
63.3%,31705000,-600624.3418042422,301.5645577033901,710,1:14:24
63.4%,31710000,-598759.404704655,303.1450370341096,710,1:14:22
63.4%,31715000,-599979.9779762104,303.7393512330387,710,1:14:21
63.4%,31720000,-600252.9023796874,298.0346120087599,710,1:14:20
63.4%,31725000,-599069.6704879338,300.0164116556802,710,1:14:19
63.4%,31730000,-599908.3010052545,300.2702450997617,710,1:14:17
63.4%,31735000,-597865.4813174545,303.08262741956,710,1:14:16
63.4%,31740000,-598715.5409536529,302.8251877595435,710,1:14:15
63.4%,31745000,-599182.7152721845,299.66319875069456,710,1:14:14
63.4%,31750000,-600566.8228462152,300.2919559916156,710,1:14:13
63.4%,31755000,-600671.6757916282,300.11424559546924,710,1:14:11
63.5%,31760000,-598782.4606519421,300.94951389585475,710,1:14:10
63.5%,31765000,-598421.1589149209,299.43230280252646,710,1:14:09
63.5%,31770000,-599917.740713438,299.12437611941914,710,1:14:08
63.5%,31775000,-600137.0472184364,301.4946903361586,710,1:14:06
63.5%,31780000,-599627.161184222,298.12270671231624,710,1:14:05
63.5%,31785000,-599894.4313372886,297.82976913081643,710,1:14:04
63.5%,31790000,-600332.6591239083,297.82496084290307,710,1:14:03
63.5%,31795000,-597942.9744103919,302.2075190193206,710,1:14:02
63.5%,31800000,-599178.6630710829,297.4343610461826,710,1:14:00
63.5%,31805000,-598911.3947915058,300.21406663383476,710,1:13:59
63.6%,31810000,-598349.420746821,300.7746001569641,710,1:13:58
63.6%,31815000,-601267.532248897,299.8894826675988,710,1:13:57
63.6%,31820000,-599904.6101665092,300.26538774768596,710,1:13:56
63.6%,31825000,-600365.4746427978,299.7615233321074,710,1:13:54
63.6%,31830000,-600832.7469772166,298.8820972855785,710,1:13:53
63.6%,31835000,-598931.7814465552,301.50474848944685,710,1:13:52
63.6%,31840000,-598325.0322843962,302.62392656545387,710,1:13:51
63.6%,31845000,-599139.4014204121,301.3116564783938,710,1:13:49
63.6%,31850000,-597860.9445552942,300.268478789916,710,1:13:48
63.6%,31855000,-600368.7989347796,300.9886670974353,710,1:13:47
63.7%,31860000,-599867.3118590391,298.7957934239491,710,1:13:46
63.7%,31865000,-599602.9607454618,301.7849784528898,710,1:13:45
63.7%,31870000,-599464.9440897126,299.01241170086416,710,1:13:43
63.7%,31875000,-599970.300731557,299.59156507361735,710,1:13:42
63.7%,31880000,-600303.5429657749,301.5306543671844,710,1:13:41
63.7%,31885000,-599375.3795096995,301.88565811409694,710,1:13:40
63.7%,31890000,-599097.5685500475,298.9268438016705,710,1:13:38
63.7%,31895000,-599455.7298433702,301.3197275331056,710,1:13:37
63.7%,31900000,-599165.1570774014,300.0862299587493,710,1:13:36
63.7%,31905000,-597874.5081224516,302.26489955722604,710,1:13:35
63.8%,31910000,-600426.1464192863,300.1004340337588,710,1:13:34
63.8%,31915000,-599351.9942814643,297.85420308368253,710,1:13:32
63.8%,31920000,-599623.0009918944,298.7233256561114,710,1:13:31
63.8%,31925000,-598433.418146288,298.90240984880444,710,1:13:30
63.8%,31930000,-599856.9976632227,300.38792549323415,710,1:13:29
63.8%,31935000,-600189.7974858475,298.266145791039,710,1:13:28
63.8%,31940000,-598816.0531537165,301.9927651805761,710,1:13:26
63.8%,31945000,-598771.446515643,300.206388092422,710,1:13:25
63.8%,31950000,-599644.2853905167,300.81733504239855,710,1:13:24
63.8%,31955000,-598639.3009725073,298.2827049458428,710,1:13:23
63.9%,31960000,-600228.2586396188,301.3696993824913,710,1:13:22
63.9%,31965000,-598032.4631891521,299.85528494641875,710,1:13:20
63.9%,31970000,-599156.461567048,299.20925712033943,710,1:13:19
63.9%,31975000,-598717.5739280125,303.7147210235231,710,1:13:18
63.9%,31980000,-599213.0801475407,301.44084241794474,710,1:13:17
63.9%,31985000,-599688.754047906,298.8635019680358,710,1:13:15
63.9%,31990000,-598993.2585496819,299.9533642070197,710,1:13:14
63.9%,31995000,-600053.7273114189,299.8757201700508,710,1:13:13
63.9%,32000000,-600079.3883714592,297.89291470780165,710,1:13:12
63.9%,32005000,-599231.4876992726,300.12803262509846,710,1:13:11
64.0%,32010000,-598928.3948006365,300.18514331011073,710,1:13:09
64.0%,32015000,-598198.0172527479,300.7652289019492,710,1:13:08
64.0%,32020000,-599522.266471752,299.5541781818825,710,1:13:07
64.0%,32025000,-600400.2929906938,300.6940368023334,710,1:13:06
64.0%,32030000,-598448.1915739635,299.2600139963232,710,1:13:04
64.0%,32035000,-600611.7271430357,299.19529836614186,710,1:13:03
64.0%,32040000,-599067.335545728,300.81991091092357,710,1:13:02
64.0%,32045000,-598722.9381594583,303.2131626235765,710,1:13:01
64.0%,32050000,-598903.6165061584,301.21141839464804,710,1:13:00
64.0%,32055000,-597718.191819794,298.7107406984605,710,1:12:58
64.1%,32060000,-598900.138119211,300.1609056138942,710,1:12:57
64.1%,32065000,-599902.6665831823,300.2203713787008,710,1:12:56
64.1%,32070000,-598528.7937831907,300.4059811049906,710,1:12:55
64.1%,32075000,-599830.7119079693,298.1259694791146,710,1:12:54
64.1%,32080000,-599326.9576034574,303.77722876639734,710,1:12:52
64.1%,32085000,-598710.797743164,300.32401942173203,710,1:12:51
64.1%,32090000,-599329.8901773668,302.80391844515106,710,1:12:50
64.1%,32095000,-598946.2461864352,301.6376387732576,710,1:12:49
64.1%,32100000,-598836.0307790721,300.93339631851234,710,1:12:47
64.1%,32105000,-598727.8672241191,299.7605420488598,710,1:12:46
64.2%,32110000,-599952.9163209489,300.7143493655594,710,1:12:45
64.2%,32115000,-599583.3765569483,300.8484417213485,710,1:12:44
64.2%,32120000,-598739.5494272741,300.8881100966341,710,1:12:43
64.2%,32125000,-600283.5200492805,302.8624765229535,710,1:12:41
64.2%,32130000,-598766.382143213,300.0444272924001,710,1:12:40
64.2%,32135000,-600341.2391561354,297.39699868652895,710,1:12:39
64.2%,32140000,-599572.6977979802,299.1860007073705,710,1:12:38
64.2%,32145000,-599599.4050705703,300.52957373003005,710,1:12:36
64.2%,32150000,-599260.9969290043,302.75357861454745,710,1:12:35
64.2%,32155000,-599170.1013538209,299.7229589004755,710,1:12:34
64.3%,32160000,-600895.3056656318,301.1583309709511,710,1:12:33
64.3%,32165000,-600767.474938341,299.7645162460127,710,1:12:32
64.3%,32170000,-600164.6979072294,298.4795258332369,710,1:12:30
64.3%,32175000,-599087.6718570101,300.50310361442513,710,1:12:29
64.3%,32180000,-599368.8367568292,299.9824101911497,710,1:12:28
64.3%,32185000,-599671.1154084154,300.3437677470906,710,1:12:27
64.3%,32190000,-599495.8582445309,299.4474636287024,710,1:12:26
64.3%,32195000,-599190.5035019936,300.54444017123166,710,1:12:24
64.3%,32200000,-600701.311079897,302.8791338060821,710,1:12:23
64.3%,32205000,-598695.9541547238,302.2909771595319,710,1:12:22
64.4%,32210000,-599310.2204260058,301.01761495324047,710,1:12:21
64.4%,32215000,-600755.0234253886,298.19205890584266,710,1:12:19
64.4%,32220000,-600302.012659139,299.1084302666451,710,1:12:18
64.4%,32225000,-600555.0510938768,301.73750887578547,710,1:12:17
64.4%,32230000,-599576.1876013232,300.2569487117563,710,1:12:16
64.4%,32235000,-598125.1060189311,300.63035151956194,710,1:12:15
64.4%,32240000,-600471.9703381672,300.2612908901271,710,1:12:13
64.4%,32245000,-599960.6939180368,299.3128315671271,710,1:12:12
64.4%,32250000,-599808.613960709,299.35232821784433,710,1:12:11
64.4%,32255000,-599561.4209648315,300.3832643978079,710,1:12:10
64.5%,32260000,-599732.5590780652,298.08122296302247,710,1:12:09
64.5%,32265000,-599463.3396297679,300.732552169803,710,1:12:07
64.5%,32270000,-600128.4627003083,298.00379971478424,710,1:12:06
64.5%,32275000,-598859.7901563174,298.1811421297127,710,1:12:05
64.5%,32280000,-598949.5276717399,300.90805467864226,710,1:12:04
64.5%,32285000,-599193.4179543029,299.050828940009,710,1:12:02
64.5%,32290000,-599797.7478681421,299.84041850521714,710,1:12:01
64.5%,32295000,-599638.1734890216,300.40377321768347,710,1:12:00
64.5%,32300000,-601149.327913871,299.95488519605357,710,1:11:59
64.5%,32305000,-598050.3879161724,298.9908234694162,710,1:11:58
64.6%,32310000,-599062.1539015519,300.58575219595707,710,1:11:56
64.6%,32315000,-599985.7683523581,301.49653024224796,710,1:11:55
64.6%,32320000,-599314.2477657199,301.3910913572898,710,1:11:54
64.6%,32325000,-599631.207496719,303.14152894649925,710,1:11:53
64.6%,32330000,-599915.6947679799,300.17847058402685,710,1:11:52
64.6%,32335000,-600236.6950783534,302.18372290056556,710,1:11:50
64.6%,32340000,-598970.0070749926,300.125653013223,710,1:11:49
64.6%,32345000,-598054.999499565,300.40151626621395,710,1:11:48
64.6%,32350000,-598894.1638482125,302.8522221130158,710,1:11:47
64.6%,32355000,-599770.0960282362,301.9933539505247,710,1:11:45
64.7%,32360000,-601005.3632017351,297.78620015462155,710,1:11:44
64.7%,32365000,-600561.1915533207,301.6999502594823,710,1:11:43
64.7%,32370000,-599539.7997873491,299.0808807394678,710,1:11:42
64.7%,32375000,-601320.5749900038,301.9386964736315,710,1:11:41
64.7%,32380000,-598818.5985778989,298.6152373063846,710,1:11:39
64.7%,32385000,-599465.2123019663,299.3505373759174,710,1:11:38
64.7%,32390000,-598509.0921469261,301.10171092756264,710,1:11:37
64.7%,32395000,-599573.795182446,299.7153048911439,710,1:11:36
64.7%,32400000,-599810.4047945933,301.73944691019955,710,1:11:34
64.7%,32405000,-598622.2102565705,298.97318490304,710,1:11:33
64.8%,32410000,-599478.1800057455,298.27166550930696,710,1:11:32
64.8%,32415000,-600158.1781852497,301.88040824872206,710,1:11:31
64.8%,32420000,-601086.6764939264,298.3310086137075,710,1:11:30
64.8%,32425000,-600263.5587223517,299.65000049101394,710,1:11:28
64.8%,32430000,-598126.616592533,300.15864866242464,710,1:11:27
64.8%,32435000,-599050.124277059,302.5986585218273,710,1:11:26
64.8%,32440000,-600193.9765762542,299.5717922161775,710,1:11:25
64.8%,32445000,-598195.970976037,299.47145600410704,710,1:11:24
64.8%,32450000,-598970.5476046205,300.0114071111173,710,1:11:22
64.8%,32455000,-600777.9458190403,298.1610258231363,710,1:11:21
64.9%,32460000,-600233.5631629312,299.6756119837771,710,1:11:20
64.9%,32465000,-599164.0338340607,297.4210646581772,710,1:11:19
64.9%,32470000,-598642.2267602435,301.50501834233995,710,1:11:17
64.9%,32475000,-600815.7288940428,303.147024132686,710,1:11:16
64.9%,32480000,-599751.2261411087,303.11346424561697,710,1:11:15
64.9%,32485000,-599106.7571476209,301.5499120509192,710,1:11:14
64.9%,32490000,-600021.6474412759,298.94605242124294,710,1:11:13
64.9%,32495000,-598617.6889581345,298.65772687100707,710,1:11:11
64.9%,32500000,-600054.0312942159,300.81927307681264,710,1:11:10
64.9%,32505000,-600487.5487344814,302.0932976492962,710,1:11:09
65.0%,32510000,-598098.465876482,299.27017027793624,710,1:11:08
65.0%,32515000,-599182.4871249571,300.6932272436541,710,1:11:07
65.0%,32520000,-599432.3848682609,297.6201424970408,710,1:11:05
65.0%,32525000,-598774.7899382045,300.6036606152264,710,1:11:04
65.0%,32530000,-599940.9018061911,299.939258260335,710,1:11:03
65.0%,32535000,-599271.7572663962,299.908274241791,710,1:11:02
65.0%,32540000,-599062.687585358,297.6380509163101,710,1:11:00
65.0%,32545000,-599197.322853643,300.83151458532683,710,1:10:59
65.0%,32550000,-600971.1598386215,300.4836987382032,710,1:10:58
65.0%,32555000,-599605.9961278467,300.9420316110915,710,1:10:57
65.1%,32560000,-598358.3052986101,300.1141474671445,710,1:10:56
65.1%,32565000,-599947.9946294068,299.937074905109,710,1:10:54
65.1%,32570000,-599680.0730720144,297.6674648816579,710,1:10:53
65.1%,32575000,-598859.5162602812,298.93366372024155,710,1:10:52
65.1%,32580000,-598336.1648695748,301.2767963910216,710,1:10:51
65.1%,32585000,-598892.5729559357,298.9606490095515,710,1:10:50
65.1%,32590000,-598532.5120725827,298.90873912575165,710,1:10:48
65.1%,32595000,-598816.4818041734,299.87787899319557,710,1:10:47
65.1%,32600000,-600384.2940834467,302.5766532449991,710,1:10:46
65.1%,32605000,-599779.4411013955,300.705812201305,710,1:10:45
65.2%,32610000,-598308.2834238773,299.89102818871385,710,1:10:43
65.2%,32615000,-599895.1185881835,298.72072525550516,710,1:10:42
65.2%,32620000,-598557.2015072335,298.4270026474073,710,1:10:41
65.2%,32625000,-600295.4759913646,302.195866280755,710,1:10:40
65.2%,32630000,-598803.1965722623,301.97434158760177,710,1:10:39
65.2%,32635000,-600010.8099132976,300.2560164926711,710,1:10:37
65.2%,32640000,-599843.1116154287,300.1822485245302,710,1:10:36
65.2%,32645000,-599912.0224738871,300.86330816255014,710,1:10:35
65.2%,32650000,-598127.8384993458,299.409880480318,710,1:10:34
65.2%,32655000,-599469.9682136662,298.8962768285067,710,1:10:33
65.3%,32660000,-600170.6877810736,301.61595241348493,710,1:10:31
65.3%,32665000,-598463.5872914689,302.02902359657617,710,1:10:30
65.3%,32670000,-600314.3064023568,299.19093165568984,710,1:10:29
65.3%,32675000,-600084.9121857504,299.3491881114519,710,1:10:28
65.3%,32680000,-600157.3774022078,301.15268859227723,710,1:10:26
65.3%,32685000,-599060.2395723057,299.90427551255686,710,1:10:25
65.3%,32690000,-598371.2965526278,299.070111155825,710,1:10:24
65.3%,32695000,-600139.1721948818,299.0726624922688,710,1:10:23
65.3%,32700000,-599604.0567156263,301.0374123427615,710,1:10:22
65.3%,32705000,-598390.4317162368,300.0349088448981,710,1:10:20
65.4%,32710000,-600303.0762260817,300.41422388427077,710,1:10:19
65.4%,32715000,-600456.6204510839,302.8704494493405,710,1:10:18
65.4%,32720000,-598782.7418027157,299.3853729312084,710,1:10:17
65.4%,32725000,-599681.4217391843,300.5263845594752,710,1:10:15
65.4%,32730000,-598252.2884001355,298.00004630636204,710,1:10:14
65.4%,32735000,-598684.3365466283,299.6773292294605,710,1:10:13
65.4%,32740000,-598897.6522609899,297.64342344209086,710,1:10:12
65.4%,32745000,-599772.8983285488,300.08691685702263,710,1:10:11
65.4%,32750000,-600444.2455882211,299.76593910672176,710,1:10:09
65.4%,32755000,-599998.3207140211,298.3312294024383,710,1:10:08
65.5%,32760000,-599865.9686901066,301.00662458086697,710,1:10:07
65.5%,32765000,-599832.8302528798,298.35490286078743,710,1:10:06
65.5%,32770000,-599357.9190393263,301.38194089100557,710,1:10:05
65.5%,32775000,-598346.0739862779,302.2622991566198,710,1:10:03
65.5%,32780000,-599612.1757937684,300.2158329436805,710,1:10:02
65.5%,32785000,-600276.1684754766,298.44346367388636,710,1:10:01
65.5%,32790000,-599571.0743709835,301.63665749000995,710,1:10:00
65.5%,32795000,-599712.1722516026,302.12288333921225,710,1:09:58
65.5%,32800000,-600291.450316322,297.49291912398513,710,1:09:57
65.5%,32805000,-600297.1961986101,304.2288398490394,710,1:09:56
65.6%,32810000,-600089.5387156499,299.7380215983266,710,1:09:55
65.6%,32815000,-600572.7512893062,300.39901399393244,710,1:09:54
65.6%,32820000,-599083.7868142095,301.8568574507789,710,1:09:52
65.6%,32825000,-601225.824326905,302.26909454310965,710,1:09:51
65.6%,32830000,-600311.5287696468,299.5903139374766,710,1:09:50
65.6%,32835000,-599321.3603634401,300.90604304798455,710,1:09:49
65.6%,32840000,-599922.0812584842,298.5854308277377,710,1:09:48
65.6%,32845000,-599230.0330472249,300.126806021039,710,1:09:46
65.6%,32850000,-601066.3639479061,299.3665077607726,710,1:09:45
65.6%,32855000,-598769.0792499962,300.36952643234105,710,1:09:44
65.7%,32860000,-599913.6320874998,299.155728119181,710,1:09:43
65.7%,32865000,-600537.1856137053,301.0539469654841,710,1:09:42
65.7%,32870000,-599170.0664999215,299.4751358162857,710,1:09:40
65.7%,32875000,-599755.5304899993,299.6502458118258,710,1:09:39
65.7%,32880000,-601511.8449541279,297.0905684603743,710,1:09:38
65.7%,32885000,-600936.9107067934,303.844299476373,710,1:09:37
65.7%,32890000,-599479.8028903366,305.2328643359366,710,1:09:35
65.7%,32895000,-599160.503607911,299.6468849167027,710,1:09:34
65.7%,32900000,-599999.0229283976,300.26582932514737,710,1:09:33
65.7%,32905000,-600556.4917699359,299.9494390740292,710,1:09:32
65.8%,32910000,-599196.4483822384,297.2309900931106,710,1:09:31
65.8%,32915000,-599796.1517644371,300.6970051841575,710,1:09:29
65.8%,32920000,-599543.5413345848,299.733188778332,710,1:09:28
65.8%,32925000,-599168.242108304,298.96788597350275,710,1:09:27
65.8%,32930000,-599725.4230679688,297.72251487185014,710,1:09:26
65.8%,32935000,-599788.7427550158,300.9021424470752,710,1:09:25
65.8%,32940000,-599970.8597981096,299.07472318708886,710,1:09:23
65.8%,32945000,-598189.0562663781,298.2211048899726,710,1:09:22
65.8%,32950000,-599179.9867118774,301.384565823693,710,1:09:21
65.8%,32955000,-600537.8097990858,300.2467924301433,710,1:09:20
65.9%,32960000,-599902.9675319903,301.16748143723527,710,1:09:18
65.9%,32965000,-599322.4922787072,300.4825947945496,710,1:09:17
65.9%,32970000,-600133.2318332372,303.0681044274951,710,1:09:16
65.9%,32975000,-598778.1002118085,298.9811332973458,710,1:09:15
65.9%,32980000,-599000.1487180265,300.0203858528331,710,1:09:14
65.9%,32985000,-599959.3807430137,300.3131026456021,710,1:09:12
65.9%,32990000,-599563.6121071586,299.5916632019421,710,1:09:11
65.9%,32995000,-599463.712570244,301.6718855586,710,1:09:10
65.9%,33000000,-599081.5412323475,301.0162411566938,710,1:09:09
65.9%,33005000,-598402.4833994182,300.12165428398885,710,1:09:08
66.0%,33010000,-599701.827564958,300.4102987512802,710,1:09:06
66.0%,33015000,-600454.7727565411,300.5512110256404,710,1:09:05
66.0%,33020000,-598995.7169112656,300.2427937009092,710,1:09:04
66.0%,33025000,-598819.8718093615,302.20006126663867,710,1:09:03
66.0%,33030000,-598553.7338058474,299.63650784635894,710,1:09:01
66.0%,33035000,-597979.6470966535,301.3697975108161,710,1:09:00
66.0%,33040000,-599579.9489321909,302.4035303480354,710,1:08:59
66.0%,33045000,-599601.8070904147,301.405393560624,710,1:08:58
66.0%,33050000,-600384.4691454805,299.4808763232843,710,1:08:57
66.0%,33055000,-597536.2066581049,300.24887765704455,710,1:08:55
66.1%,33060000,-599660.6885063313,300.7595865232753,710,1:08:54
66.1%,33065000,-600546.1430843673,301.0360876103772,710,1:08:53
66.1%,33070000,-599949.9208757696,299.95169602549873,710,1:08:52
66.1%,33075000,-599908.9816290187,300.52795461267146,710,1:08:50
66.1%,33080000,-598372.5122937225,299.8255029998531,710,1:08:49
66.1%,33085000,-599559.9305060846,298.6737708521059,710,1:08:48
66.1%,33090000,-599557.1864493839,300.04383852245155,710,1:08:47
66.1%,33095000,-599154.6229393184,300.5722350192209,710,1:08:46
66.1%,33100000,-598254.896527065,298.46799575507714,710,1:08:44
66.1%,33105000,-599331.6221791124,300.87579499187626,710,1:08:43
66.2%,33110000,-600318.6150511056,298.42185091035725,710,1:08:42
66.2%,33115000,-599941.0161130023,298.2710522072772,710,1:08:41
66.2%,33120000,-600212.9329582034,302.3990655092587,710,1:08:40
66.2%,33125000,-601331.8749028672,299.27198565194436,710,1:08:38
66.2%,33130000,-598588.3285798994,301.8022490380481,710,1:08:37
66.2%,33135000,-600139.6442138851,301.31420781483763,710,1:08:36
66.2%,33140000,-599964.9477558355,303.4636106404537,710,1:08:35
66.2%,33145000,-599905.8370471946,301.0882428149889,710,1:08:33
66.2%,33150000,-600543.8379895459,299.09219002889677,710,1:08:32
66.2%,33155000,-599948.0046865884,300.3439149395778,710,1:08:31
66.3%,33160000,-598736.2942281477,299.4340691123722,710,1:08:30
66.3%,33165000,-598787.1124774232,301.6205399126676,710,1:08:29
66.3%,33170000,-599853.1978512034,301.15617214780633,710,1:08:27
66.3%,33175000,-600532.8830950488,300.76733866093156,710,1:08:26
66.3%,33180000,-600058.1641977774,299.9707329205029,710,1:08:25
66.3%,33185000,-598475.702419979,301.25295120810415,710,1:08:24
66.3%,33190000,-600246.4367719749,298.9565766840738,710,1:08:22
66.3%,33195000,-599837.7979190121,301.0018162929536,710,1:08:21
66.3%,33200000,-598901.3960634046,298.0687116016152,710,1:08:20
66.3%,33205000,-599064.2108001593,301.6873407697502,710,1:08:19
66.4%,33210000,-599081.6681581018,299.8472874879506,710,1:08:18
66.4%,33215000,-598886.7527136053,299.9751486951172,710,1:08:16
66.4%,33220000,-598929.0805013254,302.1208471764735,710,1:08:15
66.4%,33225000,-600618.6817230266,304.50328024132125,710,1:08:14
66.4%,33230000,-598735.4171174164,298.18644105924994,710,1:08:13
66.4%,33235000,-600454.842900781,301.7376806003538,710,1:08:12
66.4%,33240000,-597601.7033922616,300.87846898872607,710,1:08:10
66.4%,33245000,-600178.5398451723,300.651056596087,710,1:08:09
66.4%,33250000,-599798.6735502905,299.82427639579356,710,1:08:08
66.4%,33255000,-598990.2517038952,301.40164015220176,710,1:08:07
66.5%,33260000,-599534.1376876095,302.820624792442,710,1:08:06
66.5%,33265000,-599408.6433292185,297.85121016977723,710,1:08:04
66.5%,33270000,-600648.4058109103,301.09187356300515,710,1:08:03
66.5%,33275000,-599558.6477433178,299.9083233059534,710,1:08:02
66.5%,33280000,-600956.3655290315,298.3586808012908,710,1:08:01
66.5%,33285000,-599270.828447476,298.6444550150828,710,1:07:59
66.5%,33290000,-597674.7296148106,299.7914034069979,710,1:07:58
66.5%,33295000,-599729.2142840154,300.65606114064997,710,1:07:57
66.5%,33300000,-600489.3208407178,299.24024113888345,710,1:07:56
66.5%,33305000,-599532.5824963888,302.97932282566546,710,1:07:55
66.6%,33310000,-599187.9354635505,300.37379501446827,710,1:07:53
66.6%,33315000,-598802.6342739067,299.7532805528273,710,1:07:52
66.6%,33320000,-599618.1051211194,300.4482744129636,710,1:07:51
66.6%,33325000,-600264.2839593743,301.3148456489486,710,1:07:50
66.6%,33330000,-600039.952655992,300.0465861155449,710,1:07:48
66.6%,33335000,-601132.1052915016,299.85665874296546,710,1:07:47
66.6%,33340000,-599785.8922114922,299.1061242510131,710,1:07:46
66.6%,33345000,-599040.1193171665,298.58567614854957,710,1:07:45
66.6%,33350000,-599238.6526851049,299.39221738186063,710,1:07:44
66.6%,33355000,-600061.5245618578,300.5534679771099,710,1:07:42
66.7%,33360000,-600161.9530957825,298.81191100129143,710,1:07:41
66.7%,33365000,-599244.2968633282,300.436499013992,710,1:07:40
66.7%,33370000,-600180.71676858,301.3444068067836,710,1:07:39
66.7%,33375000,-599753.0785279502,301.16367896465067,710,1:07:38
66.7%,33380000,-599258.8558498784,299.3676853006698,710,1:07:36
66.7%,33385000,-600006.7416932536,299.7477608345594,710,1:07:35
66.7%,33390000,-598778.6482901745,300.8815109667937,710,1:07:34
66.7%,33395000,-599518.7788778748,299.86877759107375,710,1:07:33
66.7%,33400000,-599597.7295604018,299.1589172897358,710,1:07:31
66.7%,33405000,-599885.9187424579,298.21938764428927,710,1:07:30
66.8%,33410000,-601060.4334965805,301.5522180665511,710,1:07:29
66.8%,33415000,-600404.5535993371,302.1245024565709,710,1:07:28
66.8%,33420000,-600035.5520299952,300.8258967387341,710,1:07:27
66.8%,33425000,-599213.0792484875,299.65171773669726,710,1:07:25
66.8%,33430000,-599754.734776549,301.7160678368247,710,1:07:24
66.8%,33435000,-599994.3935670289,298.7392715088854,710,1:07:23
66.8%,33440000,-599190.7824772261,300.6362146869666,710,1:07:22
66.8%,33445000,-599431.4791273684,301.19135115223395,710,1:07:21
66.8%,33450000,-599873.0063919942,297.0840429267775,710,1:07:19
66.8%,33455000,-600307.1842426723,299.24286607157086,710,1:07:18
66.9%,33460000,-599044.6013013199,299.7650068876365,710,1:07:17
66.9%,33465000,-597295.0636166926,302.6545916669424,710,1:07:16
66.9%,33470000,-599352.5269814455,300.4678264816727,710,1:07:14
66.9%,33475000,-600018.5395427323,303.7907214110523,710,1:07:13
66.9%,33480000,-599117.8399523087,299.56953526470795,710,1:07:12
66.9%,33485000,-599504.3699474102,298.7400074713211,710,1:07:11
66.9%,33490000,-600713.9644113271,300.6943311873077,710,1:07:10
66.9%,33495000,-600167.5848663766,299.7576717953605,710,1:07:08
66.9%,33500000,-600648.1732030949,300.30957002591066,710,1:07:07
66.9%,33505000,-599278.392293802,298.61616952546984,710,1:07:06
67.0%,33510000,-598989.3034356185,298.48673826510696,710,1:07:05
67.0%,33515000,-601015.9051628346,297.78781927198014,710,1:07:04
67.0%,33520000,-600487.3773804014,298.4312221653721,710,1:07:02
67.0%,33525000,-598485.1463971464,301.19235696756283,710,1:07:01
67.0%,33530000,-599466.8358426183,301.14209073320274,710,1:07:00
67.0%,33535000,-599675.3345337473,300.6616789872427,710,1:06:59
67.0%,33540000,-600174.2990227635,301.82062356686004,710,1:06:57
67.0%,33545000,-600331.7390654813,301.29948856612316,710,1:06:56
67.0%,33550000,-599620.630889582,299.9162717002592,710,1:06:55
67.0%,33555000,-599007.9885141011,299.6112398027324,710,1:06:54
67.1%,33560000,-599013.5441893805,301.1545284983666,710,1:06:53
67.1%,33565000,-600779.7209430151,302.17783520107974,710,1:06:51
67.1%,33570000,-598651.2455055974,300.1779308782406,710,1:06:50
67.1%,33575000,-599016.2005326347,300.0099842504082,710,1:06:49
67.1%,33580000,-600408.4458591565,302.08510393417845,710,1:06:48
67.1%,33585000,-600596.918240495,296.98949628586803,710,1:06:47
67.1%,33590000,-599426.7985435571,301.887718808917,710,1:06:45
67.1%,33595000,-600151.7425231487,297.66935385190965,710,1:06:44
67.1%,33600000,-599221.3111911034,301.39315205210977,710,1:06:43
67.1%,33605000,-599447.2951199613,301.17086686443963,710,1:06:42
67.2%,33610000,-599564.8186264923,300.5548417736566,710,1:06:40
67.2%,33615000,-599512.3969036331,300.617496709018,710,1:06:39
67.2%,33620000,-599482.5422722776,302.7729834907694,710,1:06:38
67.2%,33625000,-599196.6712994142,299.16774883896454,710,1:06:37
67.2%,33630000,-599055.8329692692,302.78024498680185,710,1:06:36
67.2%,33635000,-599598.8327298458,301.761869232408,710,1:06:34
67.2%,33640000,-598953.0368132512,298.4371343969391,710,1:06:33
67.2%,33645000,-599707.6321636485,297.71093572952805,710,1:06:32
67.2%,33650000,-599346.1525623398,302.13904998071706,710,1:06:31
67.2%,33655000,-600282.5616117003,299.6177162721668,710,1:06:30
67.3%,33660000,-600288.9254074227,300.71798011357566,710,1:06:28
67.3%,33665000,-599941.8529059505,299.9646734964487,710,1:06:27
67.3%,33670000,-599571.0056062937,298.37364537081726,710,1:06:26
67.3%,33675000,-599472.4685618836,300.21188327860875,710,1:06:25
67.3%,33680000,-599704.4219648619,301.0444775821444,710,1:06:23
67.3%,33685000,-600470.7093966976,299.7421675200478,710,1:06:22
67.3%,33690000,-600799.0013218261,300.75006807577324,710,1:06:21
67.3%,33695000,-599797.0866528857,299.0401820167722,710,1:06:20
67.3%,33700000,-599642.9285368426,302.51910098252546,710,1:06:19
67.3%,33705000,-598956.1114567798,297.06787628527275,710,1:06:17
67.4%,33710000,-599612.6933518145,301.19662554969,710,1:06:16
67.4%,33715000,-599801.3347161179,301.4323543178527,710,1:06:15
67.4%,33720000,-600071.3539904929,300.1895345526439,710,1:06:14
67.4%,33725000,-599801.7149912836,301.88026105623493,710,1:06:13
67.4%,33730000,-597429.1163293109,298.8503037083551,710,1:06:11
67.4%,33735000,-598774.7308515669,296.0455999299695,710,1:06:10
67.4%,33740000,-599392.1483826465,300.0156756932444,710,1:06:09
67.4%,33745000,-599005.6546614319,300.8481964005366,710,1:06:08
67.4%,33750000,-599611.6595883104,298.99322761337294,710,1:06:06
67.4%,33755000,-598122.0986131248,297.53950554616654,710,1:06:05
67.5%,33760000,-598858.3289842852,299.10018748736496,710,1:06:04
67.5%,33765000,-599977.0849038665,298.7770754460005,710,1:06:03
67.5%,33770000,-600224.1222131564,299.40855574793375,710,1:06:02
67.5%,33775000,-598548.1722287964,300.6480391501006,710,1:06:00
67.5%,33780000,-599844.9527160604,301.22873804396875,710,1:05:59
67.5%,33785000,-600233.1150524667,299.1118647580118,710,1:05:58
67.5%,33790000,-599598.8088002154,300.41059313625453,710,1:05:57
67.5%,33795000,-599785.9646259523,302.56661962379206,710,1:05:55
67.5%,33800000,-599680.1308486843,300.27071120930435,710,1:05:54
67.5%,33805000,-600559.7191811539,300.33677610395125,710,1:05:53
67.6%,33810000,-600310.0784262167,298.9927860359115,710,1:05:52
67.6%,33815000,-599601.6398942806,298.45357089133694,710,1:05:51
67.6%,33820000,-600014.0573620666,300.54900313833315,710,1:05:49
67.6%,33825000,-600719.7839449425,300.26408754738287,710,1:05:48
67.6%,33830000,-599325.5071767466,300.9630065405097,710,1:05:47
67.6%,33835000,-600787.6745325578,302.20592443404325,710,1:05:46
67.6%,33840000,-600532.6880654562,301.631898266259,710,1:05:45
67.6%,33845000,-599685.9017298501,298.2281210651932,710,1:05:43
67.6%,33850000,-598215.2232648656,299.8997370775366,710,1:05:42
67.6%,33855000,-599398.2489173771,300.1561463901432,710,1:05:41
67.7%,33860000,-599688.4540480128,297.7386079171113,710,1:05:40
67.7%,33865000,-600948.3414923414,301.08750685255313,710,1:05:38
67.7%,33870000,-598694.4184652567,301.0814964926614,710,1:05:37
67.7%,33875000,-600135.0008464521,301.0007614134624,710,1:05:36
67.7%,33880000,-600361.0694309007,297.56271289497306,710,1:05:35
67.7%,33885000,-599175.4049492562,298.3344676371555,710,1:05:34
67.7%,33890000,-600083.0883057741,297.538033621295,710,1:05:32
67.7%,33895000,-599396.0110288877,301.6042260786757,710,1:05:31
67.7%,33900000,-601551.4483203366,299.2502992921717,710,1:05:30
67.7%,33905000,-599079.6844399967,300.01646071984254,710,1:05:29
67.8%,33910000,-599222.574882804,300.156514371361,710,1:05:28
67.8%,33915000,-599522.54830644,300.79079133055,710,1:05:26
67.8%,33920000,-599286.6025738679,301.56774687394494,710,1:05:25
67.8%,33925000,-600929.7419379964,301.2697556837199,710,1:05:24
67.8%,33930000,-600270.8582309703,299.9226500413688,710,1:05:23
67.8%,33935000,-598767.0352149438,300.2941638789228,710,1:05:21
67.8%,33940000,-599442.5624744017,301.0778166804828,710,1:05:20
67.8%,33945000,-599690.5681276168,300.98027712566807,710,1:05:19
67.8%,33950000,-599136.5117217712,301.7746259146272,710,1:05:18
67.8%,33955000,-600053.7025916306,303.4339268222128,710,1:05:17
67.9%,33960000,-599918.9385900707,298.57780135048733,710,1:05:15
67.9%,33965000,-600185.7517214487,298.4502099962138,710,1:05:14
67.9%,33970000,-599659.244830525,300.7026230307502,710,1:05:13
67.9%,33975000,-599809.6196381971,301.64229986868384,710,1:05:12
67.9%,33980000,-601165.8447994106,300.0593673298453,710,1:05:10
67.9%,33985000,-600202.981406576,300.9646011257871,710,1:05:09
67.9%,33990000,-599713.4870089116,303.6551080662294,710,1:05:08
67.9%,33995000,-599287.7987580374,300.4719233392316,710,1:05:07
67.9%,34000000,-599912.7936087335,303.1976338161827,710,1:05:06
67.9%,34005000,-598912.4859798048,302.0843679717427,710,1:05:04
68.0%,34010000,-598978.8348043049,299.68689674112494,710,1:05:03
68.0%,34015000,-599233.1326258029,298.51767321948864,710,1:05:02
68.0%,34020000,-599781.305939904,301.9880550209875,710,1:05:01
68.0%,34025000,-599432.8381294669,302.4728089453184,710,1:05:00
68.0%,34030000,-600555.764128577,299.38956791709205,710,1:04:58
68.0%,34035000,-599817.6633461327,301.9432103765706,710,1:04:57
68.0%,34040000,-599604.0643445612,298.13038525372895,710,1:04:56
68.0%,34045000,-597656.9592142906,300.07891939855443,710,1:04:55
68.0%,34050000,-599511.6974540357,300.4271032268959,710,1:04:53
68.0%,34055000,-599980.4652500204,301.2314365728998,710,1:04:52
68.1%,34060000,-598320.8798418604,301.9301838414583,710,1:04:51
68.1%,34065000,-598977.7709896159,301.6577550798341,710,1:04:50
68.1%,34070000,-598478.8470455236,301.9744151838454,710,1:04:49
68.1%,34075000,-598256.4422009415,300.94249772063415,710,1:04:47
68.1%,34080000,-598726.585908846,299.37376925680513,710,1:04:46
68.1%,34085000,-599237.6526761143,300.8895574894243,710,1:04:45
68.1%,34090000,-599934.0199838625,300.8331582347666,710,1:04:44
68.1%,34095000,-599398.4096346232,298.2305252091499,710,1:04:42
68.1%,34100000,-600890.8624570412,302.6551068406474,710,1:04:41
68.1%,34105000,-600032.3845573361,299.61349675420195,710,1:04:40
68.2%,34110000,-599312.109083177,298.5438980142816,710,1:04:39
68.2%,34115000,-601078.5928425654,298.73784864817634,710,1:04:38
68.2%,34120000,-599246.1543955817,300.09736752360993,710,1:04:36
68.2%,34125000,-599616.4881379018,297.78438478061344,710,1:04:35
68.2%,34130000,-598890.7068327921,302.1067657618699,710,1:04:34
68.2%,34135000,-599132.155327016,300.3774257624845,710,1:04:33
68.2%,34140000,-600657.7820884981,301.9030022954988,710,1:04:32
68.2%,34145000,-599500.0228302227,301.8818556415124,710,1:04:30
68.2%,34150000,-599777.7710409523,299.7774937169627,710,1:04:29
68.2%,34155000,-599184.3396933014,301.012536812434,710,1:04:28
68.3%,34160000,-599090.678808277,299.24953879765474,710,1:04:27
68.3%,34165000,-599335.4346094672,302.8790602098385,710,1:04:26
68.3%,34170000,-599582.951942238,300.5806495230693,710,1:04:24
68.3%,34175000,-600639.923916061,297.19365226553816,710,1:04:23
68.3%,34180000,-599252.5429281443,296.11468227060294,710,1:04:22
68.3%,34185000,-599591.223012126,299.1349739784935,710,1:04:21
68.3%,34190000,-599057.74987764,299.4373318791706,710,1:04:19
68.3%,34195000,-599503.9589195512,299.0960906298061,710,1:04:18
68.3%,34200000,-600121.7604117338,302.8054149021037,710,1:04:17
68.3%,34205000,-600195.7010516743,297.7586751595254,710,1:04:16
68.4%,34210000,-599815.3687608493,298.72560713966215,710,1:04:15
68.4%,34215000,-599871.1423821617,301.2015564980093,710,1:04:13
68.4%,34220000,-599807.791534421,300.36555223518815,710,1:04:12
68.4%,34225000,-598450.879961662,297.85101391312776,710,1:04:11
68.4%,34230000,-598968.1430665962,300.6575330655215,710,1:04:10
68.4%,34235000,-600107.4565744675,300.43247575267674,710,1:04:09
68.4%,34240000,-598044.9244365147,299.0760969836356,710,1:04:07
68.4%,34245000,-600711.3218510826,299.4588219822937,710,1:04:06
68.4%,34250000,-599788.100297757,300.41118190620307,710,1:04:05
68.4%,34255000,-599670.992861826,300.71378512769206,710,1:04:04
68.5%,34260000,-600200.4006485115,302.21325952631935,710,1:04:02
68.5%,34265000,-600697.4975440805,302.1074035959809,710,1:04:01
68.5%,34270000,-600246.2535766214,297.196718775687,710,1:04:00
68.5%,34275000,-601500.458458242,302.0739418372366,710,1:03:59
68.5%,34280000,-599083.9534955956,301.31756870996077,710,1:03:58
68.5%,34285000,-599415.5124912546,301.18843183457227,710,1:03:56
68.5%,34290000,-599595.9050093987,301.97186384740155,710,1:03:55
68.5%,34295000,-600031.1367662866,300.09896210888735,710,1:03:54
68.5%,34300000,-600169.6749029108,301.4505571220963,710,1:03:53
68.5%,34305000,-599825.2099680039,299.5555519784292,710,1:03:52
68.6%,34310000,-599713.3627423407,298.21281304653013,710,1:03:50
68.6%,34315000,-599976.4027858726,300.3474966234317,710,1:03:49
68.6%,34320000,-601548.9682794637,300.6263037261655,710,1:03:48
68.6%,34325000,-599169.6175392936,299.46245273030996,710,1:03:47
68.6%,34330000,-600577.2505542883,300.26492163814333,710,1:03:45
68.6%,34335000,-599985.3220154755,302.0667048732853,710,1:03:44
68.6%,34340000,-600498.1240066164,299.6561335113116,710,1:03:43
68.6%,34345000,-599123.0061683957,299.1889690891946,710,1:03:42
68.6%,34350000,-598803.1928172414,300.32953914,710,1:03:41
68.6%,34355000,-601108.3930955362,297.7898799668002,710,1:03:39
68.7%,34360000,-599056.8826190932,299.09005573783315,710,1:03:38
68.7%,34365000,-598653.7455761018,300.13826250295506,710,1:03:37
68.7%,34370000,-600285.3260655273,298.3172706482407,710,1:03:36
68.7%,34375000,-599138.0583091085,300.20943007048965,710,1:03:35
68.7%,34380000,-599564.0431326148,300.6269170281953,710,1:03:33
68.7%,34385000,-599520.6736989059,301.81019743235396,710,1:03:32
68.7%,34390000,-600076.0953231142,300.44935382453605,710,1:03:31
68.7%,34395000,-600605.8395456956,297.01216392888836,710,1:03:30
68.7%,34400000,-600243.3889869503,299.2897714108077,710,1:03:28
68.7%,34405000,-599759.184113448,299.44336677114353,710,1:03:27
68.8%,34410000,-600264.6406265697,300.51318629979454,710,1:03:26
68.8%,34415000,-600025.7885412029,301.894146214189,710,1:03:25
68.8%,34420000,-599159.520854379,300.34941012576456,710,1:03:24
68.8%,34425000,-599839.0675504874,300.56382051537247,710,1:03:22
68.8%,34430000,-600085.5017173444,300.3250497691421,710,1:03:21
68.8%,34435000,-599760.7759067961,302.27777889985117,710,1:03:20
68.8%,34440000,-599738.7236732654,300.91938850015237,710,1:03:19
68.8%,34445000,-598991.4223052263,299.05053455503474,710,1:03:17
68.8%,34450000,-601301.409306421,299.4893398912951,710,1:03:16
68.8%,34455000,-599830.2374080331,300.2324411626467,710,1:03:15
68.9%,34460000,-599362.5426726285,301.0681019763312,710,1:03:14
68.9%,34465000,-599344.8689828562,300.1885287373151,710,1:03:13
68.9%,34470000,-599632.3580873101,299.8857292591766,710,1:03:11
68.9%,34475000,-600441.196542785,298.84186467242546,710,1:03:10
68.9%,34480000,-598818.6515109036,301.0406015133163,710,1:03:09
68.9%,34485000,-599655.689059244,300.36550317102575,710,1:03:08
68.9%,34490000,-600420.9022007035,300.81053965590866,710,1:03:07
68.9%,34495000,-601282.8951304886,297.62369964881344,710,1:03:05
68.9%,34500000,-598732.0962435035,303.5668661701859,710,1:03:04
68.9%,34505000,-599241.4111991916,300.49000348306924,710,1:03:03
69.0%,34510000,-599505.5238984078,299.40046016114076,710,1:03:02
69.0%,34515000,-599449.2969790781,301.02149102206863,710,1:03:00
69.0%,34520000,-599926.3031363981,300.83193163070706,710,1:02:59
69.0%,34525000,-599160.4186897133,299.69209754233736,710,1:02:58
69.0%,34530000,-600266.6393930092,300.08026866302,710,1:02:57
69.0%,34535000,-600044.1517789969,301.08937129072365,710,1:02:56
69.0%,34540000,-599358.8491095491,299.063045916442,710,1:02:54
69.0%,34545000,-599435.7644799119,301.56041178166885,710,1:02:53
69.0%,34550000,-599410.2333709835,300.47516157394875,710,1:02:52
69.0%,34555000,-601498.2488557361,299.65895470064856,710,1:02:51
69.1%,34560000,-598822.8349178033,302.60420277217645,710,1:02:50
69.1%,34565000,-599490.2902391287,300.56784377668777,710,1:02:48
69.1%,34570000,-599483.4292882751,298.9986246712349,710,1:02:47
69.1%,34575000,-599402.6426893882,298.5611931315211,710,1:02:46
69.1%,34580000,-599604.1607551775,301.1902226764992,710,1:02:45
69.1%,34585000,-598365.2242330993,297.5162000690352,710,1:02:43
69.1%,34590000,-599763.8415878802,301.3326559398932,710,1:02:42
69.1%,34595000,-599507.4837340838,300.90766216534314,710,1:02:41
69.1%,34600000,-599285.4127562945,302.17425351722585,710,1:02:40
69.1%,34605000,-600295.4096806976,299.6024327855849,710,1:02:39
69.2%,34610000,-599448.9043861311,300.7059103296297,710,1:02:37
69.2%,34615000,-599713.4211634789,302.0142062195369,710,1:02:36
69.2%,34620000,-600349.0318583157,298.7952537181629,710,1:02:35
69.2%,34625000,-599364.3977515027,301.2894304128349,710,1:02:34
69.2%,34630000,-599326.9191053067,297.7071577890247,710,1:02:32
69.2%,34635000,-599853.4723878126,298.2436744046682,710,1:02:31
69.2%,34640000,-599354.6684327684,300.9389405688615,710,1:02:30
69.2%,34645000,-599852.6423354857,302.2977480139405,710,1:02:29
69.2%,34650000,-601110.0416639885,299.5018021885401,710,1:02:28
69.2%,34655000,-598459.7275075992,299.45825774442636,710,1:02:26
69.3%,34660000,-599230.8054488613,299.2967875860283,710,1:02:25
69.3%,34665000,-599082.6260258043,299.42239184172536,710,1:02:24
69.3%,34670000,-599867.6803430105,300.7456523011589,710,1:02:23
69.3%,34675000,-600452.2436987297,298.1560458106545,710,1:02:22
69.3%,34680000,-598930.3039268232,300.03306893880875,710,1:02:20
69.3%,34685000,-599639.0742057329,299.5140682291355,710,1:02:19
69.3%,34690000,-600369.1509160893,302.0690599530796,710,1:02:18
69.3%,34695000,-599897.4540519156,300.37551226015165,710,1:02:17
69.3%,34700000,-599939.974431436,299.9018713686002,710,1:02:15
69.3%,34705000,-600532.4088232634,298.4208205629472,710,1:02:14
69.4%,34710000,-598956.066346202,299.9488503040806,710,1:02:13
69.4%,34715000,-599622.9101263648,301.8259960926408,710,1:02:12
69.4%,34720000,-599039.8124346915,302.60579735745387,710,1:02:11
69.4%,34725000,-600511.2131676977,301.19537441354925,710,1:02:09
69.4%,34730000,-599117.4075988191,302.4498469173237,710,1:02:08
69.4%,34735000,-599407.2414505905,298.5473570377295,710,1:02:07
69.4%,34740000,-600049.3853112194,299.4947124170759,710,1:02:06
69.4%,34745000,-599139.3901401935,298.3280156998023,710,1:02:04
69.4%,34750000,-599598.0093696495,300.97541977359225,710,1:02:03
69.4%,34755000,-598947.5560317477,299.1817811894056,710,1:02:02
69.5%,34760000,-600124.5679913489,299.8009218544999,710,1:02:01
69.5%,34765000,-599044.1136670792,302.0939354834071,710,1:02:00
69.5%,34770000,-599565.8895837096,298.5292278297295,710,1:01:58
69.5%,34775000,-599037.1921131043,301.32603227797165,710,1:01:57
69.5%,34780000,-599693.1027035527,299.4919157598202,710,1:01:56
69.5%,34785000,-598597.0929724998,301.285971389387,710,1:01:55
69.5%,34790000,-599500.2741223061,299.99045671378025,710,1:01:54
69.5%,34795000,-599623.6830467703,300.22341335676845,710,1:01:52
69.5%,34800000,-599722.3714250522,303.5287923801778,710,1:01:51
69.5%,34805000,-598808.5641402388,299.5713015745537,710,1:01:50
69.6%,34810000,-600478.3194646556,300.7478111243037,710,1:01:49
69.6%,34815000,-598873.0405401923,300.3355740319729,710,1:01:48
69.6%,34820000,-599518.3148095575,299.1823208951919,710,1:01:46
69.6%,34825000,-599210.068959157,301.0185471723257,710,1:01:45
69.6%,34830000,-599724.7746374886,300.11103189283324,710,1:01:44
69.6%,34835000,-599489.4268529261,301.8547476917965,710,1:01:43
69.6%,34840000,-600336.257501842,300.51770020273364,710,1:01:41
69.6%,34845000,-599837.7762229582,300.3761010301002,710,1:01:40
69.6%,34850000,-599016.6138310865,301.10700985709985,710,1:01:39
69.6%,34855000,-599793.1235829932,301.26607587154126,710,1:01:38
69.7%,34860000,-599658.9193245014,301.1004843235031,710,1:01:37
69.7%,34865000,-598369.4952216274,299.1937283129456,710,1:01:35
69.7%,34870000,-599766.2331109783,301.8089708282944,710,1:01:34
69.7%,34875000,-600701.8040423319,298.15467201410786,710,1:01:33
69.7%,34880000,-599363.5237331442,301.58877086752545,710,1:01:32
69.7%,34885000,-598968.9968742533,298.9769873756246,710,1:01:31
69.7%,34890000,-599236.2834232971,300.560803069386,710,1:01:29
69.7%,34895000,-598030.9971011155,302.03638322093343,710,1:01:28
69.7%,34900000,-599468.4012700212,299.38152139446146,710,1:01:27
69.7%,34905000,-600004.1800447064,302.4139319504603,710,1:01:26
69.8%,34910000,-599286.0580805857,300.5695610223711,710,1:01:24
69.8%,34915000,-600719.6858274746,301.52861820444554,710,1:01:23
69.8%,34920000,-600713.0718107745,302.0458526042731,710,1:01:22
69.8%,34925000,-598274.1367933941,299.5290082665807,710,1:01:21
69.8%,34930000,-599713.0181478471,299.7663316200209,710,1:01:20
69.8%,34935000,-600034.8567214767,300.41289915188645,710,1:01:18
69.8%,34940000,-600947.800045988,301.34205172698927,710,1:01:17
69.8%,34945000,-599653.5850220895,302.08593802493886,710,1:01:16
69.8%,34950000,-600023.1208563368,302.2134557829688,710,1:01:15
69.8%,34955000,-598258.4346791948,302.2413978234452,710,1:01:14
69.9%,34960000,-599123.3935452797,299.6869948694497,710,1:01:12
69.9%,34965000,-600296.5061064567,300.3881462819649,710,1:01:11
69.9%,34970000,-600233.3818524308,300.0219313739481,710,1:01:10
69.9%,34975000,-599397.3351181122,297.27715946991174,710,1:01:09
69.9%,34980000,-599513.4249536935,298.02138921699805,710,1:01:07
69.9%,34985000,-599809.7977885972,300.90785842199267,710,1:01:06
69.9%,34990000,-599141.4366139174,299.62188672596926,710,1:01:05
69.9%,34995000,-599289.4102164786,302.48335774023036,710,1:01:04
69.9%,35000000,-599537.7889387398,302.5191255146066,710,1:01:03
69.9%,35005000,-600455.7736190027,300.36908485487965,710,1:01:01
70.0%,35010000,-598548.4498823788,299.5441936248379,710,1:01:00
70.0%,35015000,-599666.7921287832,300.72568318706954,710,1:00:59
70.0%,35020000,-599842.2821133793,300.1505776077129,710,1:00:58
70.0%,35025000,-600131.5062318873,301.7735955672172,710,1:00:57
70.0%,35030000,-599156.7953976472,298.75526642582184,710,1:00:55
70.0%,35035000,-600334.1211389261,299.1192489144502,710,1:00:54
70.0%,35040000,-599069.7596336654,298.3171725199159,710,1:00:53
70.0%,35045000,-599003.2475000648,300.82405683264477,710,1:00:52
70.0%,35050000,-598848.0831863978,301.33864176770373,710,1:00:50
70.0%,35055000,-599910.6861957493,302.1843362025953,710,1:00:49
70.0%,35060000,-600303.6669848314,298.21457935637585,710,1:00:48
70.1%,35065000,-599327.7390588834,300.34303178465495,710,1:00:47
70.1%,35070000,-599033.3821226987,298.9924425867748,710,1:00:46
70.1%,35075000,-599801.2512749326,299.04898903391967,710,1:00:44
70.1%,35080000,-600390.2504391856,299.26038197754104,710,1:00:43
70.1%,35085000,-600900.8617270766,299.76898108478946,710,1:00:42
70.1%,35090000,-598036.0186443501,302.3112897227579,710,1:00:41
70.1%,35095000,-600005.8956734454,298.16460750699014,710,1:00:39
70.1%,35100000,-599908.2484140908,298.7846067949261,710,1:00:38
70.1%,35105000,-599929.6079947762,300.24061034568325,710,1:00:37
70.1%,35110000,-600213.0328083751,300.9474041368723,710,1:00:36
70.2%,35115000,-600352.1868115128,300.9884708407858,710,1:00:35
70.2%,35120000,-598506.772857591,298.78706000304516,710,1:00:33
70.2%,35125000,-599485.097710087,300.92297018400626,710,1:00:32
70.2%,35130000,-598963.1980806035,300.9440677738304,710,1:00:31
70.2%,35135000,-599605.7040290046,300.11397574257614,710,1:00:30
70.2%,35140000,-599902.0735625979,300.6749999073293,710,1:00:29
70.2%,35145000,-601031.9366551265,300.1363735327034,710,1:00:27
70.2%,35150000,-599774.976229914,302.4906683004253,710,1:00:26
70.2%,35155000,-599936.0447598239,298.88685650932945,710,1:00:25
70.2%,35160000,-599918.7744866395,299.24497583055324,710,1:00:24
70.3%,35165000,-599364.0762329856,298.8990980178437,710,1:00:23
70.3%,35170000,-598336.9718824588,299.9707329205029,710,1:00:21
70.3%,35175000,-599102.864766777,296.9401622705933,710,1:00:20
70.3%,35180000,-598219.6153949769,299.4266604238526,710,1:00:19
70.3%,35185000,-599190.5917318296,299.199051774564,710,1:00:18
70.3%,35190000,-598424.1586928628,301.13387248600384,710,1:00:16
70.3%,35195000,-600369.1155039724,299.9523829237721,710,1:00:15
70.3%,35200000,-599944.429068286,302.58035758925894,710,1:00:14
70.3%,35205000,-601357.6665577595,300.49873690397317,710,1:00:13
70.3%,35210000,-599953.2884124,299.8441473815582,710,1:00:12
70.4%,35215000,-599977.0252897847,301.41081515056715,710,1:00:10
70.4%,35220000,-598512.5835537221,302.0720773990661,710,1:00:09
70.4%,35225000,-599138.6538599641,302.2096533103842,710,1:00:08
70.4%,35230000,-599770.0760976826,301.78377638091143,710,1:00:07
70.4%,35235000,-600121.1723577436,300.166278139675,710,1:00:05
70.4%,35240000,-599584.0486534787,298.2651645077914,710,1:00:04
70.4%,35245000,-599894.6314146705,303.8171424624948,710,1:00:03
70.4%,35250000,-600542.8552952576,299.92851320877344,710,1:00:02
70.4%,35255000,-599490.5277093765,301.5562903920288,710,1:00:01
70.4%,35260000,-599399.7863835078,296.6969757497485,710,59:59
70.5%,35265000,-599843.3004424036,299.4821029273438,710,59:58
70.5%,35270000,-598935.0481793769,300.19529959172377,710,59:57
70.5%,35275000,-599574.2428777008,299.31167855931113,710,59:56
70.5%,35280000,-599500.3578464007,300.477124140444,710,59:54
70.5%,35285000,-601019.1409511529,300.5026865690449,710,59:53
70.5%,35290000,-599606.1684618406,298.2242449963651,710,59:52
70.5%,35295000,-598604.8131245906,302.8006066141902,710,59:51
70.5%,35300000,-599826.4954637634,303.5222423144998,710,59:50
70.5%,35305000,-599754.4908196838,300.23884403583753,710,59:48
70.5%,35310000,-598941.3158992399,298.7958424881115,710,59:47
70.6%,35315000,-599549.155528049,298.62303850820325,710,59:46
70.6%,35320000,-600460.9883605447,300.5156640399949,710,59:45
70.6%,35325000,-600413.3713210975,302.49530486377034,710,59:44
70.6%,35330000,-600106.5956871314,301.808799103726,710,59:42
70.6%,35335000,-599340.5712843891,301.3013039401313,710,59:41
70.6%,35340000,-599687.7159631355,300.20589745079815,710,59:40
70.6%,35345000,-599577.8916840088,296.8304302714267,710,59:39
70.6%,35350000,-599122.134497284,301.1127748961797,710,59:37
70.6%,35355000,-599523.2957160026,302.5633323249125,710,59:36
70.6%,35360000,-599898.5142579572,298.94497300967055,710,59:35
70.7%,35365000,-598422.4442464132,301.1525413997901,710,59:34
70.7%,35370000,-598616.0661424417,300.82003357132953,710,59:33
70.7%,35375000,-599257.3530734438,299.22738632833943,710,59:31
70.7%,35380000,-599479.0138468896,300.67033881190304,710,59:30
70.7%,35385000,-599092.1424538889,299.69155783655117,710,59:29
70.7%,35390000,-601103.013817518,297.7163818515524,710,59:28
70.7%,35395000,-600183.9449228728,301.4853436132249,710,59:26
70.7%,35400000,-601259.2241616757,297.96337084498174,710,59:25
70.7%,35405000,-600019.2854123814,300.29313353151275,710,59:24
70.7%,35410000,-600018.4792035045,300.9035653077843,710,59:23
70.8%,35415000,-599475.3076783223,303.31735037239395,710,59:22
70.8%,35420000,-598779.4902025433,301.8194214948817,710,59:20
70.8%,35425000,-599867.087484776,298.5186054385739,710,59:19
70.8%,35430000,-599966.9793284792,300.82989546796824,710,59:18
70.8%,35435000,-600257.4164580787,299.31106525728137,710,59:17
70.8%,35440000,-598897.9569536112,301.54485844219386,710,59:16
70.8%,35445000,-598983.5240472639,300.0913816957994,710,59:14
70.8%,35450000,-600379.1310976571,298.6855462510775,710,59:13
70.8%,35455000,-598580.1047242056,297.3678545740743,710,59:12
70.8%,35460000,-599997.4371606875,303.11856691850465,710,59:11
70.9%,35465000,-599184.7748256824,301.6189698594714,710,59:09
70.9%,35470000,-598606.7886333261,296.5158308622354,710,59:08
70.9%,35475000,-600330.1045761514,301.68581978071643,710,59:07
70.9%,35480000,-599353.7401221679,299.4273473221259,710,59:06
70.9%,35485000,-599924.2623499539,304.5403236839194,710,59:05
70.9%,35490000,-599568.9909941698,301.28356724543033,710,59:03
70.9%,35495000,-599335.8178663752,301.4046330661071,710,59:02
70.9%,35500000,-598984.8007388399,299.4659117537579,710,59:01
70.9%,35505000,-600008.3045171527,299.7212907189545,710,59:00
70.9%,35510000,-600493.0443495768,300.8474113739385,710,58:59
71.0%,35515000,-599424.376646711,297.7786933377771,710,58:57
71.0%,35520000,-598133.2481763833,300.5672059425768,710,58:56
71.0%,35525000,-599069.4208403109,298.46058706655754,710,58:55
71.0%,35530000,-600629.2630144255,302.36614345630056,710,58:54
71.0%,35535000,-600982.9913215172,298.30765407241387,710,58:52
71.0%,35540000,-598217.0162724336,301.28717346136534,710,58:51
71.0%,35545000,-599443.6510829637,300.73004989752155,710,58:50
71.0%,35550000,-598337.9643899594,297.6097654266971,710,58:49
71.0%,35555000,-599099.0252176169,300.9337642997302,710,58:48
71.0%,35560000,-600596.0123673156,301.405270900218,710,58:46
71.1%,35565000,-599095.7273033643,300.1200596987115,710,58:45
71.1%,35570000,-600276.4363466809,299.7216832322535,710,58:44
71.1%,35575000,-599379.7788816672,303.0462708752353,710,58:43
71.1%,35580000,-599779.4688764461,298.03483279749065,710,58:41
71.1%,35585000,-598907.0399366971,301.0196265838981,710,58:40
71.1%,35590000,-601439.1188040525,301.36812932929513,710,58:39
71.1%,35595000,-598590.7497808468,303.1958184421746,710,58:38
71.1%,35600000,-599456.152690196,297.93081677324153,710,58:37
71.1%,35605000,-599203.5753207793,297.764660987336,710,58:35
71.1%,35610000,-598323.6041248953,299.4792572059257,710,58:34
71.2%,35615000,-601676.039339825,300.5305304811965,710,58:33
71.2%,35620000,-600246.5218820386,300.0396190044867,710,58:32
71.2%,35625000,-599508.0785472575,297.75484815485964,710,58:31
71.2%,35630000,-600084.2057249038,298.41804843777265,710,58:29
71.2%,35635000,-599662.7102525895,299.5386248424075,710,58:28
71.2%,35640000,-598756.1992449509,298.5804998794183,710,58:27
71.2%,35645000,-599766.180148927,297.986283808814,710,58:26
71.2%,35650000,-600788.848383938,301.14324374101875,710,58:24
71.2%,35655000,-599358.847051187,300.27537230473064,710,58:23
71.2%,35660000,-599913.7425989807,300.3803696122274,710,58:22
71.3%,35665000,-600228.7639787961,301.6863104223402,710,58:21
71.3%,35670000,-600988.248866708,304.59041819371106,710,58:20
71.3%,35675000,-600533.4637726578,298.23199713402136,710,58:18
71.3%,35680000,-598832.1812969334,298.3758777902056,710,58:17
71.3%,35685000,-599588.4875486987,302.1416749134045,710,58:16
71.3%,35690000,-598642.3688494503,299.9925664727627,710,58:15
71.3%,35695000,-600074.6209461894,299.89119991328215,710,58:14
71.3%,35700000,-599544.6953013847,299.03375461150017,710,58:12
71.3%,35705000,-599778.2231048448,299.147632532388,710,58:11
71.3%,35710000,-599707.1559638465,301.31609678508937,710,58:10
71.4%,35715000,-600006.0527607482,300.119740781656,710,58:09
71.4%,35720000,-600803.3084863713,300.97537070942985,710,58:07
71.4%,35725000,-600019.4395644735,300.1794028031121,710,58:06
71.4%,35730000,-599182.0968586719,299.6590773610545,710,58:05
71.4%,35735000,-600774.073405325,299.2239273048915,710,58:04
71.4%,35740000,-600026.6367506548,300.08686779286023,710,58:03
71.4%,35745000,-600046.3018850693,302.4199177782709,710,58:01
71.4%,35750000,-599652.9999965029,302.05095527716077,710,58:00
71.4%,35755000,-600825.8934462788,298.9482603085501,710,57:59
71.4%,35760000,-599134.8735828674,302.4680987857297,710,57:58
71.5%,35765000,-599528.9082188667,300.15734846212155,710,57:57
71.5%,35770000,-597740.5467713331,299.84922552236463,710,57:55
71.5%,35775000,-598632.1499569383,300.0551232797993,710,57:54
71.5%,35780000,-600581.4360702862,298.89399534495595,710,57:53
71.5%,35785000,-598770.4068346256,298.00841174604807,710,57:52
71.5%,35790000,-600088.141623036,298.7728313959544,710,57:50
71.5%,35795000,-600038.7168064131,298.10443031182905,710,57:49
71.5%,35800000,-600465.7973044091,300.7914782288234,710,57:48
71.5%,35805000,-599875.8365167533,300.32944101167527,710,57:47
71.5%,35810000,-599319.7798610479,299.2949722120202,710,57:46
71.6%,35815000,-600075.6294528237,300.0276473488656,710,57:44
71.6%,35820000,-599854.1090751197,296.1735592654609,710,57:43
71.6%,35825000,-598508.2865811042,300.4702551577106,710,57:42
71.6%,35830000,-599518.5828486551,299.88933547511164,710,57:41
71.6%,35835000,-600212.6251220391,300.1285968629659,710,57:40
71.6%,35840000,-599734.5176015804,299.88855044851357,710,57:38
71.6%,35845000,-600046.9592418792,302.010747196089,710,57:37
71.6%,35850000,-598694.8739181603,301.151118539081,710,57:36
71.6%,35855000,-599804.876776699,299.0551220542174,710,57:35
71.6%,35860000,-598767.7656379258,301.275177273663,710,57:33
71.7%,35865000,-599820.6197616947,301.676252269052,710,57:32
71.7%,35870000,-600166.8205108433,300.24024236446536,710,57:31
71.7%,35875000,-598826.5900223106,299.47489049547374,710,57:30
71.7%,35880000,-600044.2954155076,299.1126988487723,710,57:29
71.7%,35885000,-597346.8345341631,301.4246021801964,710,57:27
71.7%,35890000,-600266.9329981911,299.8946344046489,710,57:26
71.7%,35895000,-599948.6776207644,300.0222502910036,710,57:25
71.7%,35900000,-600326.5466383304,299.20611701394694,710,57:24
71.7%,35905000,-599268.9497048673,302.09952879791865,710,57:23
71.7%,35910000,-598959.4835404083,300.7162628678923,710,57:21
71.8%,35915000,-599285.5611722236,299.3025280930269,710,57:20
71.8%,35920000,-599466.646549012,300.1345826907764,710,57:19
71.8%,35925000,-599421.4466071413,300.29178426704726,710,57:18
71.8%,35930000,-599103.2978148251,301.93015930937713,710,57:16
71.8%,35935000,-598691.1020171777,298.6915811430504,710,57:15
71.8%,35940000,-599052.0809272896,298.46196086310425,710,57:14
71.8%,35945000,-599631.509578805,298.36731609387004,710,57:13
71.8%,35950000,-600075.8359692763,298.5764275539407,710,57:12
71.8%,35955000,-600024.3471561247,299.6432787007676,710,57:10
71.8%,35960000,-598992.6320067896,300.7272532402658,710,57:09
71.9%,35965000,-599589.6126086148,299.9060663544838,710,57:08
71.9%,35970000,-599693.1602793275,300.5621523338515,710,57:07
71.9%,35975000,-599790.4248239663,298.21874981017834,710,57:06
71.9%,35980000,-599519.917288979,300.0916270166113,710,57:04
71.9%,35985000,-600791.4334287299,297.7578656008461,710,57:03
71.9%,35990000,-599754.9178527314,302.526117157746,710,57:02
71.9%,35995000,-599413.062904228,300.0980544218833,710,57:01
71.9%,36000000,-599674.4902372933,300.04651251930136,710,56:59
71.9%,36005000,-599265.3238471011,299.16578627246923,710,56:58
71.9%,36010000,-599154.7026821105,301.7439117489763,710,56:57
72.0%,36015000,-599890.9954192014,300.122316650181,710,56:56
72.0%,36020000,-599696.6093401103,299.58938171839134,710,56:55
72.0%,36025000,-598897.1057911133,303.2976756432789,710,56:53
72.0%,36030000,-599410.0979239494,302.62287168596265,710,56:52
72.0%,36035000,-599465.3776961812,298.85587249078543,710,56:51
72.0%,36040000,-599662.9770786096,299.58219381860243,710,56:50
72.0%,36045000,-597334.9252546048,302.3311607085225,710,56:48
72.0%,36050000,-599719.7952169096,298.20432494643813,710,56:47
72.0%,36055000,-598982.9965797481,300.7844129894404,710,56:46
72.0%,36060000,-599708.5264105233,300.125530352817,710,56:45
72.1%,36065000,-599456.0049336953,300.0058137966057,710,56:44
72.1%,36070000,-599551.8708921731,300.70689161287737,710,56:42
72.1%,36075000,-598954.4268197934,297.85518436693013,710,56:41
72.1%,36080000,-600098.9597536838,303.30079121759013,710,56:40
72.1%,36085000,-599658.5146463071,302.0412405730092,710,56:39
72.1%,36090000,-598681.1860660305,299.57368118642927,710,56:38
72.1%,36095000,-599430.105134821,299.9672984291362,710,56:36
72.1%,36100000,-600946.59010744,301.45210264321133,710,56:35
72.1%,36105000,-600783.47600098,298.6166846991748,710,56:34
72.1%,36110000,-600093.2829764341,301.6155599001859,710,56:33
72.2%,36115000,-599902.0734875649,299.1985120687778,710,56:31
72.2%,36120000,-600727.427265144,300.4202097120813,710,56:30
72.2%,36125000,-599779.7500632387,303.2677465042261,710,56:29
72.2%,36130000,-598399.0389376795,300.05772368040556,710,56:28
72.2%,36135000,-600215.3680007001,299.55670498624517,710,56:27
72.2%,36140000,-599312.7086241608,301.8426533757694,710,56:25
72.2%,36145000,-598952.6442287364,301.34200266282687,710,56:24
72.2%,36150000,-598877.4662060458,299.5597224322317,710,56:23
72.2%,36155000,-598944.979731909,299.92191407893307,710,56:22
72.2%,36160000,-599986.2941198051,299.35205836495123,710,56:21
72.3%,36165000,-599032.9214242827,298.88577709775706,710,56:19
72.3%,36170000,-600072.0199556919,300.23607191066293,710,56:18
72.3%,36175000,-599732.8968617977,299.81299163844585,710,56:17
72.3%,36180000,-598546.5804821663,302.471091699635,710,56:16
72.3%,36185000,-600719.0482335989,299.4775399602423,710,56:14
72.3%,36190000,-599383.1386318086,295.45104041022853,710,56:13
72.3%,36195000,-599535.7553911945,300.2837622764979,710,56:12
72.3%,36200000,-598882.2276519933,297.92598395324694,710,56:11
72.3%,36205000,-599965.4843969159,299.09429978787915,710,56:10
72.3%,36210000,-599817.7439658977,300.3753650676645,710,56:08
72.4%,36215000,-599505.2948714565,301.41044716934925,710,56:07
72.4%,36220000,-600043.9120846954,298.85393445637135,710,56:06
72.4%,36225000,-599278.7197754183,300.19174243995104,710,56:05
72.4%,36230000,-600043.3962334418,299.6815978115877,710,56:04
72.4%,36235000,-599369.690451948,298.1669871188656,710,56:02
72.4%,36240000,-599441.6797829904,300.2202241862136,710,56:01
72.4%,36245000,-600026.0768196955,300.9529974513838,710,56:00
72.4%,36250000,-598925.1502223006,301.0266427591187,710,55:59
72.4%,36255000,-599621.5991656398,301.99671484564783,710,55:57
72.4%,36260000,-599428.1326063164,298.4868854575941,710,55:56
72.5%,36265000,-597892.8568573557,299.4851939695739,710,55:55
72.5%,36270000,-599316.0799730085,299.750925473033,710,55:54
72.5%,36275000,-600214.5638326854,301.09118666473177,710,55:53
72.5%,36280000,-599803.2810399244,302.1951548504005,710,55:51
72.5%,36285000,-599702.3234331566,296.78529124203556,710,55:50
72.5%,36290000,-599399.3121335302,300.46073671020855,710,55:49
72.5%,36295000,-599629.0873833457,303.3476720247458,710,55:48
72.5%,36300000,-599331.7869698387,299.50717471432085,710,55:46
72.5%,36305000,-599540.015931828,300.9902616827127,710,55:45
72.5%,36310000,-599736.8462504777,298.9344487468397,710,55:44
72.6%,36315000,-598577.0758382417,299.37683576695395,710,55:43
72.6%,36320000,-598605.0667866468,297.93243589060006,710,55:42
72.6%,36325000,-600319.2299490971,298.9595941300603,710,55:40
72.6%,36330000,-600492.55951112,299.8727027240643,710,55:39
72.6%,36335000,-599153.0327974046,299.15204830700236,710,55:38
72.6%,36340000,-600836.4994623302,299.96793626324705,710,55:37
72.6%,36345000,-598275.1254353719,298.8758170727936,710,55:36
72.6%,36350000,-599129.900481726,300.41285008772405,710,55:34
72.6%,36355000,-600058.3456280543,299.6685712764754,710,55:33
72.6%,36360000,-599057.8423875938,302.6280970192563,710,55:32
72.7%,36365000,-599679.8180577825,300.6984525769477,710,55:31
72.7%,36370000,-598968.5111493734,302.75036491191145,710,55:29
72.7%,36375000,-600134.9801447582,299.5164969051734,710,55:28
72.7%,36380000,-600821.9577701064,300.3693056436103,710,55:27
72.7%,36385000,-600939.0055720275,300.222579266008,710,55:26
72.7%,36390000,-600591.6072258917,297.0004866582415,710,55:25
72.7%,36395000,-599653.1432756684,299.8252086148788,710,55:23
72.7%,36400000,-598493.2120404993,301.70699096678413,710,55:22
72.7%,36405000,-600778.5098959468,303.05900302537333,710,55:21
72.7%,36410000,-600194.8890313376,299.97284267948527,710,55:20
72.8%,36415000,-599539.6353396312,299.5074200351328,710,55:18
72.8%,36420000,-599315.3198971031,301.1807532931595,710,55:17
72.8%,36425000,-600821.2468369375,303.50168443046186,710,55:16
72.8%,36430000,-600700.1820819909,299.11745807252333,710,55:15
72.8%,36435000,-599407.4484388689,300.3704095872639,710,55:14
72.8%,36440000,-600628.1101527135,301.7556380837855,710,55:12
72.8%,36445000,-600183.4932645108,300.1830826152907,710,55:11
72.8%,36450000,-599324.1116825128,301.8315403429899,710,55:10
72.8%,36455000,-601217.4108930384,301.0110403554813,710,55:09
72.8%,36460000,-600503.6996819079,301.0322851377926,710,55:08
72.9%,36465000,-599752.7891573668,302.44832592828993,710,55:06
72.9%,36470000,-600051.4069074844,299.20771159922435,710,55:05
72.9%,36475000,-598142.8814043226,301.6028277500478,710,55:04
72.9%,36480000,-599430.9406960863,299.5693390080584,710,55:03
72.9%,36485000,-599750.8377672154,303.5552134316203,710,55:01
72.9%,36490000,-599308.8071458847,300.36334434788097,710,55:00
72.9%,36495000,-600243.5171701098,301.0674641422202,710,54:59
72.9%,36500000,-598975.1188512794,298.50604501300415,710,54:58
72.9%,36505000,-599958.2170095257,299.9233860038046,710,54:57
72.9%,36510000,-599685.0532720676,299.9312608018668,710,54:55
73.0%,36515000,-600112.8687369842,299.01260795751364,710,54:54
73.0%,36520000,-599481.6324632107,300.2014326120215,710,54:53
73.0%,36525000,-599849.9664723305,297.3609855913408,710,54:52
73.0%,36530000,-599711.2214492979,301.53931419184477,710,54:51
73.0%,36535000,-599026.3738714815,302.2124744997212,710,54:49
73.0%,36540000,-600075.5508617247,302.4059835561545,710,54:48
73.0%,36545000,-599373.0921489731,299.11493126816066,710,54:47
73.0%,36550000,-601091.8937348472,302.913184334775,710,54:46
73.0%,36555000,-599860.7913169442,300.91926583974646,710,54:44
73.0%,36560000,-599475.1003064835,302.97883218404166,710,54:43
73.1%,36565000,-599659.3300327379,301.77077437788023,710,54:42
73.1%,36570000,-598471.4506752673,298.51833558568075,710,54:41
73.1%,36575000,-600293.474469054,300.04285723920395,710,54:40
73.1%,36580000,-598696.0250968374,300.0518359809198,710,54:38
73.1%,36585000,-599773.3188397326,301.1243295064206,710,54:37
73.1%,36590000,-601309.619033515,300.1728772695153,710,54:36
73.1%,36595000,-598394.9261609782,300.3883916027768,710,54:35
73.1%,36600000,-600523.0288343006,300.926919849078,710,54:33
73.1%,36605000,-599524.571103218,299.8228044709221,710,54:32
73.1%,36610000,-600159.1659409124,301.11196533750046,710,54:31
73.2%,36615000,-600263.3927890793,302.15808687572115,710,54:30
73.2%,36620000,-600411.9297119686,298.56376900004614,710,54:29
73.2%,36625000,-599575.5057068998,299.8671094095528,710,54:27
73.2%,36630000,-598574.8597445334,300.52233676607875,710,54:26
73.2%,36635000,-600107.8530711271,300.8491286196218,710,54:25
73.2%,36640000,-599775.3133982667,298.87311854386263,710,54:24
73.2%,36645000,-599183.467708576,299.1273690333244,710,54:23
73.2%,36650000,-598320.3548562587,302.0371191833691,710,54:21
73.2%,36655000,-599601.762887123,301.1050472906046,710,54:20
73.2%,36660000,-600528.2513107085,301.0726649434327,710,54:19
73.3%,36665000,-598774.188422801,297.5396527386537,710,54:18
73.3%,36670000,-599006.1986662741,301.1840896562015,710,54:16
73.3%,36675000,-599718.0858004494,301.7959197611009,710,54:15
73.3%,36680000,-598686.3227019841,302.15835672861425,710,54:14
73.3%,36685000,-600561.1875508274,302.24340945410285,710,54:13
73.3%,36690000,-599775.8016914204,299.4000431157605,710,54:12
73.3%,36695000,-600991.9017145508,299.8085267996691,710,54:10
73.3%,36700000,-597827.7748766257,300.2511346085141,710,54:09
73.3%,36705000,-600343.1511310092,299.7804375667056,710,54:08
73.3%,36710000,-599477.5652079321,301.98552821662486,710,54:07
73.4%,36715000,-599367.6383370296,297.1841092859549,710,54:06
73.4%,36720000,-599215.7697771592,297.92470828502496,710,54:04
73.4%,36725000,-599530.1827219669,301.87999120334183,710,54:03
73.4%,36730000,-598394.9821028598,300.8064918625122,710,54:02
73.4%,36735000,-599888.3757210085,300.5896282647852,710,54:01
73.4%,36740000,-598645.8905059611,300.4306849107498,710,53:59
73.4%,36745000,-599162.8561469801,302.36528483345893,710,53:58
73.4%,36750000,-599505.6686294,302.8894863443447,710,53:57
73.4%,36755000,-600096.5574470963,299.85739470540125,710,53:56
73.4%,36760000,-599522.8285196815,302.4362070801816,710,53:55
73.5%,36765000,-599358.5497770505,299.418613901222,710,53:53
73.5%,36770000,-600763.7602146771,302.4429288704279,710,53:52
73.5%,36775000,-598175.083059785,298.58908610783516,710,53:51
73.5%,36780000,-599183.9105246775,301.32264685076734,710,53:50
73.5%,36785000,-600620.077429886,298.95510475920236,710,53:48
73.5%,36790000,-597597.3830446717,299.1250384856113,710,53:47
73.5%,36795000,-600550.6199073317,301.54556987254836,710,53:46
73.5%,36800000,-600060.7902670428,298.39908513901213,710,53:45
73.5%,36805000,-597909.1408271878,299.08019384119444,710,53:44
73.5%,36810000,-599283.7191672823,303.0395000208266,710,53:42
73.6%,36815000,-599861.727187938,299.1560225041553,710,53:41
73.6%,36820000,-599695.7203716193,300.6501979732454,710,53:40
73.6%,36825000,-598555.0878131161,300.0656966067925,710,53:39
73.6%,36830000,-599691.2428726275,300.776906172596,710,53:38
73.6%,36835000,-598360.7507294575,300.8949545472863,710,53:36
73.6%,36840000,-599898.2713512909,300.70051327176776,710,53:35
73.6%,36845000,-599274.9594780542,298.58521003900694,710,53:34
73.6%,36850000,-599999.234421554,302.5749114672346,710,53:33
73.6%,36855000,-598735.1937211063,298.9617774852863,710,53:31
73.6%,36860000,-598917.0652899952,299.6214451485078,710,53:30
73.7%,36865000,-599333.0661274185,300.9099681809751,710,53:29
73.7%,36870000,-598955.4182776152,297.9842231139939,710,53:28
73.7%,36875000,-599422.5794989085,300.1151778145545,710,53:27
73.7%,36880000,-599421.7285224595,299.8724328711712,710,53:25
73.7%,36885000,-600800.0417536027,302.78068656426325,710,53:24
73.7%,36890000,-600137.4226318854,300.44015429408944,710,53:23
73.7%,36895000,-599280.18984807,297.7805087117852,710,53:22
73.7%,36900000,-599004.019094829,299.5106092056876,710,53:21
73.7%,36905000,-600974.9470326765,300.9776031288182,710,53:19
73.7%,36910000,-600752.3954833066,301.50649026721146,710,53:18
73.8%,36915000,-600011.7843933282,300.8542558245907,710,53:17
73.8%,36920000,-599820.5472074174,298.19210797000505,710,53:16
73.8%,36925000,-600210.521736559,302.24493044313664,710,53:14
73.8%,36930000,-599764.2860088483,298.5326868531774,710,53:13
73.8%,36935000,-598603.0132443216,301.38839282835875,710,53:12
73.8%,36940000,-599763.4244306432,300.8662765443743,710,53:11
73.8%,36945000,-597741.9260148779,299.4530569432139,710,53:10
73.8%,36950000,-598585.7262703059,300.6040776606066,710,53:08
73.8%,36955000,-599077.7880389104,302.97591286637993,710,53:07
73.8%,36960000,-599345.5446664277,300.6953860667989,710,53:06
73.9%,36965000,-598766.3865093016,300.9487288692566,710,53:05
73.9%,36970000,-600477.6522804229,299.4677516598472,710,53:04
73.9%,36975000,-599276.0095360521,299.87245740325244,710,53:02
73.9%,36980000,-599508.8313188241,300.00878217842984,710,53:01
73.9%,36985000,-599119.1718276097,299.1084793308075,710,53:00
73.9%,36990000,-600230.8917705324,302.6238775012915,710,52:59
73.9%,36995000,-599479.7292388063,302.09010847874134,710,52:57
73.9%,37000000,-598882.1872724383,299.5297932931788,710,52:56
73.9%,37005000,-599366.8217450688,302.3292226741084,710,52:55
73.9%,37010000,-600059.2775002806,303.71236594372874,710,52:54
74.0%,37015000,-599943.3941549901,299.7745498672197,710,52:53
74.0%,37020000,-599875.6433858001,304.82602430146784,710,52:51
74.0%,37025000,-599038.6429863959,301.2222861066156,710,52:50
74.0%,37030000,-599547.7410827857,299.9850351238371,710,52:49
74.0%,37035000,-599781.159983078,301.2897738619716,710,52:48
74.0%,37040000,-598951.0658475193,301.7855672228383,710,52:47
74.0%,37045000,-600116.6915236181,299.8780261856827,710,52:45
74.0%,37050000,-599249.3144367859,298.89397081287484,710,52:44
74.0%,37055000,-599658.2046064814,300.5217725282114,710,52:43
74.0%,37060000,-599240.0852587959,300.7048309180574,710,52:42
74.1%,37065000,-599574.0019378401,298.33773040395386,710,52:40
74.1%,37070000,-601070.5544131636,299.596275233206,710,52:39
74.1%,37075000,-600245.4088168396,299.08652311814166,710,52:38
74.1%,37080000,-599231.0688290312,300.52066858455777,710,52:37
74.1%,37085000,-600719.0473799184,303.19002887101357,710,52:36
74.1%,37090000,-598669.0187872369,299.16298961521346,710,52:34
74.1%,37095000,-598250.5116655789,297.34383766658846,710,52:33
74.1%,37100000,-600123.2849841695,298.8924007596786,710,52:32
74.1%,37105000,-599038.0926634222,299.32087808975774,710,52:31
74.1%,37110000,-598910.0140846474,300.18514331011073,710,52:30
74.2%,37115000,-600462.6458126712,299.98039856049206,710,52:28
74.2%,37120000,-599080.3770672292,300.7667008268207,710,52:27
74.2%,37125000,-598674.6370479651,300.65971642074743,710,52:26
74.2%,37130000,-601061.8646785063,299.52351308039397,710,52:25
74.2%,37135000,-598482.8197252601,299.5414214996633,710,52:23
74.2%,37140000,-600226.7309725164,298.70416610070134,710,52:22
74.2%,37145000,-600944.6504082666,298.52289855278224,710,52:21
74.2%,37150000,-599025.2621409898,300.51210688822215,710,52:20
74.2%,37155000,-598291.0090810866,299.0318411091673,710,52:19
74.2%,37160000,-599857.8750504097,298.9009133918518,710,52:17
74.3%,37165000,-599748.8340342711,299.72995054361485,710,52:16
74.3%,37170000,-601138.7473844239,303.1639758007889,710,52:15
74.3%,37175000,-601215.5721078371,301.6395277435093,710,52:14
74.3%,37180000,-599206.350210031,300.83377153679635,710,52:12
74.3%,37185000,-597985.5235908902,300.1942692443138,710,52:11
74.3%,37190000,-598366.1883878745,301.7045132265838,710,52:10
74.3%,37195000,-600473.5263584503,301.42543627095694,710,52:09
74.3%,37200000,-599678.5014859308,299.4665250557877,710,52:08
74.3%,37205000,-600242.9681214192,299.63672863508964,710,52:06
74.3%,37210000,-599436.436743163,303.8566636452932,710,52:05
74.4%,37215000,-598214.4388378309,300.5562646343657,710,52:04
74.4%,37220000,-600815.1818990633,300.70625377876644,710,52:03
74.4%,37225000,-598629.7598932264,299.79385661511697,710,52:02
74.4%,37230000,-599317.092153627,300.09530682878994,710,52:00
74.4%,37235000,-598140.472894391,302.4569857529503,710,51:59
74.4%,37240000,-600217.9513643603,299.22375558032314,710,51:58
74.4%,37245000,-598625.7875182992,301.8921836476937,710,51:57
74.4%,37250000,-599504.97775891,301.84012657140676,710,51:55
74.4%,37255000,-598602.778202571,301.9943842979347,710,51:54
74.4%,37260000,-598529.1484833434,298.9377115136381,710,51:53
74.5%,37265000,-597729.9473656854,300.6579746429829,710,51:52
74.5%,37270000,-600655.6288256487,301.6139407828273,710,51:51
74.5%,37275000,-599476.9785841107,302.08088441621356,710,51:49
74.5%,37280000,-597798.5142654222,300.6742639448936,710,51:48
74.5%,37285000,-599652.0707535995,302.77043215432553,710,51:47
74.5%,37290000,-599274.947010505,294.80278016476075,710,51:46
74.5%,37295000,-600569.0303184167,298.5282710785631,710,51:45
74.5%,37300000,-599429.2761789775,300.8714528135055,710,51:43
74.5%,37305000,-600456.3792326706,296.7113270172452,710,51:42
74.5%,37310000,-599245.0458052242,300.16792178911476,710,51:41
74.6%,37315000,-599622.0951804277,298.84480852216836,710,51:40
74.6%,37320000,-600262.9321297719,298.1298210158615,710,51:38
74.6%,37325000,-601378.2018518229,301.8877678730794,710,51:37
74.6%,37330000,-599546.5458842111,299.5197351398906,710,51:36
74.6%,37335000,-598562.1289289058,301.14569694913786,710,51:35
74.6%,37340000,-599478.3938473952,298.4655425469581,710,51:34
74.6%,37345000,-598689.7122130846,302.3243898541138,710,51:32
74.6%,37350000,-599098.6854603528,297.2513026563366,710,51:31
74.6%,37355000,-599792.9537472855,300.5153451229394,710,51:30
74.6%,37360000,-599770.496797883,299.48426175048866,710,51:29
74.7%,37365000,-600093.4515124788,297.3189376041797,710,51:27
74.7%,37370000,-598941.7395334877,300.6201707058678,710,51:26
74.7%,37375000,-598891.0716332463,300.9343040055164,710,51:25
74.7%,37380000,-599747.7242919677,302.8608083414325,710,51:24
74.7%,37385000,-599013.5055145673,298.8547194829695,710,51:23
74.7%,37390000,-599825.1731902845,299.3737937888863,710,51:21
74.7%,37395000,-600044.0654764986,298.8893342495297,710,51:20
74.7%,37400000,-600419.0752207735,301.35998467833974,710,51:19
74.7%,37405000,-599052.5509640058,301.06400511877234,710,51:18
74.7%,37410000,-597748.4585880726,300.5496655045253,710,51:17
74.8%,37415000,-598664.8961774954,299.4665005237065,710,51:15
74.8%,37420000,-600770.3610606738,298.18052882768296,710,51:14
74.8%,37425000,-598330.6892341659,301.002895704526,710,51:13
74.8%,37430000,-599404.8275653049,302.6980625148126,710,51:12
74.8%,37435000,-599789.6867693109,299.85091823596684,710,51:10
74.8%,37440000,-600351.5986346318,300.686529985489,710,51:09
74.8%,37445000,-599034.2524638316,300.3757330488823,710,51:08
74.8%,37450000,-599119.8756399471,301.11456573810665,710,51:07
74.8%,37455000,-600984.4265938536,299.82717118137407,710,51:06
74.8%,37460000,-600166.3850513934,301.1222688116006,710,51:04
74.9%,37465000,-599325.7394282618,300.3122685548417,710,51:03
74.9%,37470000,-599007.3467070758,298.68078702732646,710,51:02
74.9%,37475000,-598408.8975706897,300.20410660887126,710,51:01
74.9%,37480000,-599923.7877558582,301.73316669741473,710,51:00
74.9%,37485000,-599149.6766803935,301.6896467853822,710,50:58
74.9%,37490000,-599386.046747311,301.0922906083854,710,50:57
74.9%,37495000,-600527.4493003571,298.46556707903926,710,50:56
74.9%,37500000,-598918.8212678134,302.3567967333669,710,50:55
74.9%,37505000,-600308.6311072716,302.2976989497781,710,50:53
74.9%,37510000,-600049.5007948601,298.61803396364036,710,50:52
75.0%,37515000,-599370.0378634059,299.22893184945445,710,50:51
75.0%,37520000,-601170.1790372301,300.5302606283034,710,50:50
75.0%,37525000,-600085.5961893974,301.51085697766337,710,50:49
75.0%,37530000,-599476.7705444503,301.484460458302,710,50:47
75.0%,37535000,-598023.1668310934,300.88102032516997,710,50:46
75.0%,37540000,-599069.8910360746,302.37617707750763,710,50:45
75.0%,37545000,-597860.9924737755,300.0592937336018,710,50:44
75.0%,37550000,-600055.9621820864,299.51666862974173,710,50:42
75.0%,37555000,-600016.7990884786,300.2837132123355,710,50:41
75.0%,37560000,-599814.9887351766,299.6500986193387,710,50:40
75.1%,37565000,-600397.6552427281,301.4691279075578,710,50:39
75.1%,37570000,-598583.2460404877,297.7500889311087,710,50:38
75.1%,37575000,-600345.351209071,301.4601982300043,710,50:36
75.1%,37580000,-599593.0473313411,299.9438457595177,710,50:35
75.1%,37585000,-600055.1525321798,296.5220865429391,710,50:34
75.1%,37590000,-600457.5935995984,299.8320285334499,710,50:33
75.1%,37595000,-598138.1075931415,300.6205877512481,710,50:32
75.1%,37600000,-600182.672148928,299.5293517157174,710,50:30
75.1%,37605000,-599897.8742081113,302.62856312879893,710,50:29
75.1%,37610000,-599301.9646827099,301.04437945381966,710,50:28
75.2%,37615000,-598987.7691855282,302.7329471342659,710,50:27
75.2%,37620000,-597696.4323253143,301.2060213367861,710,50:25
75.2%,37625000,-599426.2462418969,299.73890475324947,710,50:24
75.2%,37630000,-600835.9137639622,300.8455714678492,710,50:23
75.2%,37635000,-599718.9385037874,302.83085467029855,710,50:22
75.2%,37640000,-599830.4628003188,299.9647961568547,710,50:21
75.2%,37645000,-598711.9031525776,301.3461240524669,710,50:19
75.2%,37650000,-599131.1754676569,301.2726504693004,710,50:18
75.2%,37655000,-598321.8831896926,302.0608662379619,710,50:17
75.2%,37660000,-599872.3144611442,302.2563623929716,710,50:16
75.3%,37665000,-598610.8382173874,299.38534839912717,710,50:15
75.3%,37670000,-599855.1857387978,297.0518077720928,710,50:13
75.3%,37675000,-598711.5109282364,299.64013859437523,710,50:12
75.3%,37680000,-599456.872180663,298.1316363898697,710,50:11
75.3%,37685000,-599592.6504089669,303.4695474041019,710,50:10
75.3%,37690000,-599701.1932777348,301.73041910432136,710,50:08
75.3%,37695000,-599889.7896932992,302.2893335100921,710,50:07
75.3%,37700000,-600022.7503338037,301.31962940478087,710,50:06
75.3%,37705000,-599239.8338754997,298.4661067848255,710,50:05
75.3%,37710000,-599478.5239242357,300.23263741929617,710,50:04
75.4%,37715000,-598599.037587035,303.2078882261204,710,50:02
75.4%,37720000,-599531.1584896646,301.7543133514012,710,50:01
75.4%,37725000,-599163.2255616244,298.5602118482735,710,50:00
75.4%,37730000,-599862.3848803053,300.04545763981014,710,49:59
75.4%,37735000,-600031.5586048979,301.88659033318214,710,49:57
75.4%,37740000,-600258.1476647379,298.7947140123767,710,49:56
75.4%,37745000,-598896.2313130884,299.5413479034197,710,49:55
75.4%,37750000,-599217.6346014733,302.53570920149167,710,49:54
75.4%,37755000,-598831.9647756778,297.2789257797575,710,49:53
75.4%,37760000,-598682.3030587202,300.34465090201354,710,49:51
75.5%,37765000,-600539.3306535892,299.9892055776396,710,49:50
75.5%,37770000,-598062.3581235195,299.2084720937413,710,49:49
75.5%,37775000,-599827.2437529326,299.3104274231704,710,49:48
75.5%,37780000,-600754.4877799884,298.19397240817557,710,49:47
75.5%,37785000,-599411.2274009795,300.34970451073883,710,49:45
75.5%,37790000,-599738.3551034369,301.0999446177169,710,49:44
75.5%,37795000,-599302.3380429423,300.75011713993564,710,49:43
75.5%,37800000,-599200.6404707534,301.588329290064,710,49:42
75.5%,37805000,-599523.3228782518,299.8663734471171,710,49:40
75.5%,37810000,-599007.2840798371,300.91092493214154,710,49:39
75.6%,37815000,-598669.7702117478,298.75283774978396,710,49:38
75.6%,37820000,-599815.7991709723,299.5563615371085,710,49:37
75.6%,37825000,-599704.447224028,300.5026865690449,710,49:36
75.6%,37830000,-598438.812224458,297.3295599953354,710,49:34
75.6%,37835000,-598606.3661330817,300.28758928116366,710,49:33
75.6%,37840000,-599767.1244422211,302.595665607922,710,49:32
75.6%,37845000,-598634.1676659067,301.3794631508053,710,49:31
75.6%,37850000,-598765.606615487,300.79675262627944,710,49:30
75.6%,37855000,-598208.5524589545,300.6199499171371,710,49:28
75.6%,37860000,-599432.4194283648,299.8436567399344,710,49:27
75.7%,37865000,-598777.6462784186,299.4013433160636,710,49:26
75.7%,37870000,-599093.6375209135,301.4634609968027,710,49:25
75.7%,37875000,-599254.514255587,297.29671153862085,710,49:23
75.7%,37880000,-598215.7661476317,298.65640213862275,710,49:22
75.7%,37885000,-598910.0965357139,301.38539991445344,710,49:21
75.7%,37890000,-600223.8711204873,300.4754559589231,710,49:20
75.7%,37895000,-600239.4679913102,302.14952517938553,710,49:19
75.7%,37900000,-599675.0210084706,301.05080685909167,710,49:17
75.7%,37905000,-600251.1916478942,300.0878981402703,710,49:16
75.7%,37910000,-599211.4748413903,297.8881554840506,710,49:15
75.8%,37915000,-599432.8861328326,300.10271551730955,710,49:14
75.8%,37920000,-600243.9392571142,300.6632735725201,710,49:12
75.8%,37925000,-600281.0723805213,299.9492428173797,710,49:11
75.8%,37930000,-598721.6915016561,299.10396542786833,710,49:10
75.8%,37935000,-599048.7323532309,299.66454801516005,710,49:09
75.8%,37940000,-599565.0854336522,300.6238750501276,710,49:08
75.8%,37945000,-597829.9101535347,300.9998537264583,710,49:06
75.8%,37950000,-597363.6218750891,299.1598495088211,710,49:05
75.8%,37955000,-599894.8864221829,299.3026262213517,710,49:04
75.8%,37960000,-600175.7823244361,301.9354091747519,710,49:03
75.9%,37965000,-600540.300824082,303.96617485572915,710,49:02
75.9%,37970000,-599890.8870569905,302.5884531760519,710,49:00
75.9%,37975000,-599175.229897046,300.81139827875035,710,48:59
75.9%,37980000,-600277.1182118822,299.26347301977114,710,48:58
75.9%,37985000,-598707.0182723952,298.75075252288275,710,48:57
75.9%,37990000,-599257.0993083585,302.2254765027523,710,48:55
75.9%,37995000,-598241.3426700942,300.01013144289533,710,48:54
75.9%,38000000,-599920.4422977758,300.7138587239356,710,48:53
75.9%,38005000,-600987.748956949,301.6817965194011,710,48:52
75.9%,38010000,-600164.7242540955,300.7741585795026,710,48:51
76.0%,38015000,-599271.3774798838,299.3488446623153,710,48:49
76.0%,38020000,-599365.721764978,299.7814433820344,710,48:48
76.0%,38025000,-599210.8644692879,301.1275677411378,710,48:47
76.0%,38030000,-599828.024280271,297.1420122346314,710,48:46
76.0%,38035000,-599235.8210149538,297.08733022565707,710,48:45
76.0%,38040000,-600129.5169317317,300.03022321739064,710,48:43
76.0%,38045000,-599083.7564142724,300.3687904699053,710,48:42
76.0%,38050000,-599247.1544989264,299.8972838694175,710,48:41
76.0%,38055000,-600772.7704026075,300.5497145686877,710,48:40
76.0%,38060000,-601138.917877601,302.768567716155,710,48:38
76.1%,38065000,-599711.119338002,299.9232878754798,710,48:37
76.1%,38070000,-598485.8690350656,299.62882930494624,710,48:36
76.1%,38075000,-598907.0846812758,299.92475980035124,710,48:35
76.1%,38080000,-600013.1917319307,302.0577751957318,710,48:34
76.1%,38085000,-599258.8042791216,302.6956093066935,710,48:32
76.1%,38090000,-598676.9430427225,300.07742294160175,710,48:31
76.1%,38095000,-599535.1104796468,300.33368506172127,710,48:30
76.1%,38100000,-598896.4162013545,302.9139448292919,710,48:29
76.1%,38105000,-600140.9772334499,299.6228189450545,710,48:28
76.1%,38110000,-598772.7606947669,301.43412062769846,710,48:26
76.2%,38115000,-599026.1534812446,298.9676161206097,710,48:25
76.2%,38120000,-598938.153914833,300.2880308586251,710,48:24
76.2%,38125000,-598717.7074798476,300.34656440434645,710,48:23
76.2%,38130000,-598827.1597104389,299.64004046605044,710,48:21
76.2%,38135000,-600003.3178124484,300.70223051745114,710,48:20
76.2%,38140000,-599729.4884346784,297.9741649607057,710,48:19
76.2%,38145000,-599285.613473367,298.1236143993203,710,48:18
76.2%,38150000,-598917.8945505237,299.8353648964918,710,48:17
76.2%,38155000,-598095.574503744,301.33854363937894,710,48:15
76.2%,38160000,-600397.1390448781,298.5168145966469,710,48:14
76.3%,38165000,-599125.9762397441,301.7942515795799,710,48:13
76.3%,38170000,-598297.4833439752,301.0588288496411,710,48:12
76.3%,38175000,-599998.2775623552,299.1493497780714,710,48:10
76.3%,38180000,-600618.752950063,302.57682496956744,710,48:09
76.3%,38185000,-599675.6759238769,299.5190482416172,710,48:08
76.3%,38190000,-598668.2538820589,302.04958148061405,710,48:07
76.3%,38195000,-600816.8145267176,299.0694978537952,710,48:06
76.3%,38200000,-599831.6023422703,299.13639683920263,710,48:04
76.3%,38205000,-600518.3055400243,301.1983182632922,710,48:03
76.3%,38210000,-598936.4591980758,299.51134516812334,710,48:02
76.4%,38215000,-600283.66468718,299.87716756284107,710,48:01
76.4%,38220000,-600509.9071421567,300.44491351784046,710,48:00
76.4%,38225000,-598994.6592673152,302.0573826824328,710,47:58
76.4%,38230000,-599793.6530657583,298.601793725892,710,47:57
76.4%,38235000,-600034.1166545143,301.0040241802608,710,47:56
76.4%,38240000,-600009.5072287982,302.16544650007836,710,47:55
76.4%,38245000,-600181.731571218,301.5461831745782,710,47:53
76.4%,38250000,-598770.7394282003,300.6135715760275,710,47:52
76.4%,38255000,-600113.1566555202,299.7907901049681,710,47:51
76.4%,38260000,-599915.9603805416,301.23111765584434,710,47:50
76.5%,38265000,-598946.672008046,297.7956695379612,710,47:49
76.5%,38270000,-599633.0198216871,300.5710329472426,710,47:47
76.5%,38275000,-598432.5792203029,301.16652468606884,710,47:46
76.5%,38280000,-600083.1730345883,301.8456708217559,710,47:45
76.5%,38285000,-600161.8864900894,300.0458010889468,710,47:44
76.5%,38290000,-599189.9191406998,301.3017700496739,710,47:43
76.5%,38295000,-600269.5530233709,304.97792694820146,710,47:41
76.5%,38300000,-598214.8313049441,302.4439101536756,710,47:40
76.5%,38305000,-599668.3793671429,300.05237568670594,710,47:39
76.5%,38310000,-599148.2637829506,300.737311393554,710,47:38
76.6%,38315000,-600477.6192668458,299.1584021160308,710,47:36
76.6%,38320000,-598570.1499743122,299.8403203768924,710,47:35
76.6%,38325000,-599641.2975806575,300.480460503486,710,47:34
76.6%,38330000,-599515.5873043081,300.181708818744,710,47:33
76.6%,38335000,-599946.3180241659,298.425162741318,710,47:32
76.6%,38340000,-599286.4015401695,300.4871822937323,710,47:30
76.6%,38345000,-599093.3400973259,301.1372088490458,710,47:29
76.6%,38350000,-599611.2380688046,302.32635242060906,710,47:28
76.6%,38355000,-598104.7764746994,298.7026696437487,710,47:27
76.6%,38360000,-598156.4318517395,299.67703484448623,710,47:25
76.7%,38365000,-598937.2376197348,298.8750320461955,710,47:24
76.7%,38370000,-600965.2274845862,303.6583953651089,710,47:23
76.7%,38375000,-599795.3764752913,299.9220122072579,710,47:22
76.7%,38380000,-598492.3152849232,301.21612855423666,710,47:21
76.7%,38385000,-600955.983089684,303.20656349373616,710,47:19
76.7%,38390000,-599710.9029548634,301.08404782910526,710,47:18
76.7%,38395000,-599563.892635826,298.9983057541794,710,47:17
76.7%,38400000,-600944.6991895456,300.8740777461929,710,47:16
76.7%,38405000,-600035.533487089,304.5977287539059,710,47:15
76.7%,38410000,-601022.5984907257,299.7791128343212,710,47:13
76.8%,38415000,-599062.0111111682,302.4204574840571,710,47:12
76.8%,38420000,-598560.7190340473,300.72548693042006,710,47:11
76.8%,38425000,-599099.4866167856,300.7836524949235,710,47:10
76.8%,38430000,-599470.0102251866,300.46949466319364,710,47:08
76.8%,38435000,-599800.5143887764,301.1729275592597,710,47:07
76.8%,38440000,-598931.1815774194,299.7280615733631,710,47:06
76.8%,38445000,-599488.2794752908,299.1858535148834,710,47:05
76.8%,38450000,-598289.9015031508,300.6352824678813,710,47:04
76.8%,38455000,-600415.4854188459,302.7220548902172,710,47:02
76.8%,38460000,-600366.6421402032,296.5646742358864,710,47:01
76.9%,38465000,-599100.9797855676,302.37772259862265,710,47:00
76.9%,38470000,-598424.3434634232,300.493953148141,710,46:59
76.9%,38475000,-599612.4349938794,300.6772323267177,710,46:58
76.9%,38480000,-599322.0530875041,298.5699756165875,710,46:56
76.9%,38485000,-600169.2383163506,300.92137559872884,710,46:55
76.9%,38490000,-600937.5834806897,300.32973539664954,710,46:54
76.9%,38495000,-599239.1215116573,302.1741553889011,710,46:53
76.9%,38500000,-600481.417443288,299.3421964683125,710,46:51
76.9%,38505000,-599107.6877140938,303.1310292157496,710,46:50
76.9%,38510000,-600364.0006855177,300.08559212463837,710,46:49
77.0%,38515000,-599264.584904185,302.1991290475534,710,46:48
77.0%,38520000,-599325.8991893837,299.69082187411544,710,46:47
77.0%,38525000,-598987.0358038335,302.2531732224168,710,46:45
77.0%,38530000,-600364.8235709947,301.1516582448672,710,46:44
77.0%,38535000,-599885.6750786924,302.303586649264,710,46:43
77.0%,38540000,-599753.0207376676,298.8577123968748,710,46:42
77.0%,38545000,-600610.3115666802,297.6976638736038,710,46:40
77.0%,38550000,-599862.3136147722,301.90758979468154,710,46:39
77.0%,38555000,-599721.8498849627,298.7480539939517,710,46:38
77.0%,38560000,-598666.8884493075,296.17645405104145,710,46:37
77.1%,38565000,-600023.4081828208,300.31167978489304,710,46:36
77.1%,38570000,-599151.2633107393,301.36157926361716,710,46:34
77.1%,38575000,-599951.7626160728,300.09982073172904,710,46:33
77.1%,38580000,-599039.170043061,300.54630460940217,710,46:32
77.1%,38585000,-599858.9027053919,302.0761987887061,710,46:31
77.1%,38590000,-599715.5356104844,301.68145307026447,710,46:30
77.1%,38595000,-598458.8585161422,303.77359801838105,710,46:28
77.1%,38600000,-598745.132557991,299.77089458712237,710,46:27
77.1%,38605000,-599803.1663761656,298.9564294915867,710,46:26
77.1%,38610000,-599719.105494244,301.43358092191227,710,46:25
77.2%,38615000,-599303.7487303982,297.315503112813,710,46:23
77.2%,38620000,-599660.0443639578,300.79366158404935,710,46:22
77.2%,38625000,-599444.0202677944,297.904395721799,710,46:21
77.2%,38630000,-599216.800612269,298.2102126459239,710,46:20
77.2%,38635000,-599580.360175183,301.69869912334156,710,46:19
77.2%,38640000,-599619.4121631002,299.0475907052918,710,46:17
77.2%,38645000,-598706.3790912805,302.3982314184982,710,46:16
77.2%,38650000,-599722.9829918672,298.7891697620276,710,46:15
77.2%,38655000,-599212.5595122576,303.1572049463802,710,46:14
77.2%,38660000,-598917.7505274974,300.7823522946204,710,46:13
77.3%,38665000,-599463.3559448947,301.0629011751187,710,46:11
77.3%,38670000,-599834.3703572364,299.7667731974823,710,46:10
77.3%,38675000,-599896.1606486132,299.7421429879667,710,46:09
77.3%,38680000,-598665.0792419286,300.4755050230855,710,46:08
77.3%,38685000,-599829.1933375737,299.3028224780012,710,46:06
77.3%,38690000,-600282.0366505953,298.3506833428226,710,46:05
77.3%,38695000,-597987.3804705166,299.77109084377184,710,46:04
77.3%,38700000,-600006.6843876918,302.57927817768655,710,46:03
77.3%,38705000,-601088.2940744949,301.2609241344912,710,46:02
77.3%,38710000,-598741.6481650723,299.66197214663504,710,46:00
77.4%,38715000,-599863.8443703162,300.9606514607154,710,45:59
77.4%,38720000,-600751.6390216658,299.3485257452598,710,45:58
77.4%,38725000,-599582.8358986671,301.34597685997977,710,45:57
77.4%,38730000,-598307.4487552778,298.553465525946,710,45:56
77.4%,38735000,-599493.986930599,301.40276862793655,710,45:54
77.4%,38740000,-598478.744807471,300.4620369105117,710,45:53
77.4%,38745000,-599647.8945788494,301.0664337948102,710,45:52
77.4%,38750000,-599705.5889965217,298.0190586692849,710,45:51
77.4%,38755000,-599524.3598710648,300.90143101672066,710,45:49
77.4%,38760000,-599519.1627402129,299.74199579547957,710,45:48
77.5%,38765000,-599694.405632135,298.7080667016107,710,45:47
77.5%,38770000,-599415.3510268312,303.33663258820997,710,45:46
77.5%,38775000,-600237.8093179837,300.45430930493654,710,45:45
77.5%,38780000,-598662.7706284965,299.0406481263148,710,45:43
77.5%,38785000,-599994.3840055964,300.47155535801375,710,45:42
77.5%,38790000,-599681.7016196228,301.62184011297074,710,45:41
77.5%,38795000,-599121.5872501368,298.7933647479112,710,45:40
77.5%,38800000,-599113.624355339,302.159485204349,710,45:39
77.5%,38805000,-599345.762333197,301.67708635981245,710,45:37
77.5%,38810000,-600558.6298590559,299.0101547493946,710,45:36
77.6%,38815000,-600520.5772599843,301.2752263378254,710,45:35
77.6%,38820000,-598691.1027341415,299.5408081976335,710,45:34
77.6%,38825000,-599572.1493126331,302.0930523284842,710,45:32
77.6%,38830000,-599100.5693655494,297.21587833109703,710,45:31
77.6%,38835000,-598606.0064196317,300.0551723439617,710,45:30
77.6%,38840000,-598464.1390740657,300.20415567303365,710,45:29
77.6%,38845000,-599763.012874939,301.8349993664379,710,45:28
77.6%,38850000,-599359.4958649129,302.70223296861496,710,45:26
77.6%,38855000,-598470.836298578,299.4514132937741,710,45:25
77.6%,38860000,-598606.6542557026,300.8198863788424,710,45:24
77.7%,38865000,-598876.5024404209,300.8291595055325,710,45:23
77.7%,38870000,-598430.3204786694,297.35065758515947,710,45:21
77.7%,38875000,-600237.8038560962,301.80180746058664,710,45:20
77.7%,38880000,-599370.9188463441,300.78142007553515,710,45:19
77.7%,38885000,-598397.8192576626,299.9652377343161,710,45:18
77.7%,38890000,-598524.173319323,299.81343321590725,710,45:17
77.7%,38895000,-599343.8613236384,296.80256182719387,710,45:15
77.7%,38900000,-599225.3895278885,298.69096784102067,710,45:14
77.7%,38905000,-598927.3005774054,301.8863695444515,710,45:13
77.7%,38910000,-599623.8061658074,300.4996936551396,710,45:12
77.8%,38915000,-600490.689119298,302.256411457134,710,45:11
77.8%,38920000,-600598.1972664236,303.07193143216085,710,45:09
77.8%,38925000,-600430.7764204042,300.3258593278214,710,45:08
77.8%,38930000,-599719.0271248408,298.4345339963329,710,45:07
77.8%,38935000,-599161.4579243595,299.180407392859,710,45:06
77.8%,38940000,-599443.3759621191,298.36854269792957,710,45:04
77.8%,38945000,-599595.8606972834,299.3324572320797,710,45:03
77.8%,38950000,-600122.0660413713,302.1244533924085,710,45:02
77.8%,38955000,-599612.5559859402,299.5962261690436,710,45:01
77.8%,38960000,-598716.2462355406,298.28503549355594,710,45:00
77.9%,38965000,-599172.4469531099,301.06653192313496,710,44:58
77.9%,38970000,-600588.0080949012,298.8872490226285,710,44:57
77.9%,38975000,-599717.1371430266,301.62046631642403,710,44:56
77.9%,38980000,-600152.5352802048,298.47481567364827,710,44:55
77.9%,38985000,-599504.3870620243,303.02554126662903,710,44:53
77.9%,38990000,-599527.1481563221,301.85428158225386,710,44:52
77.9%,38995000,-599053.8929044963,301.57704453271623,710,44:51
77.9%,39000000,-598723.4254257181,302.1061279277589,710,44:50
77.9%,39005000,-599575.9150324934,300.3704586514263,710,44:49
77.9%,39010000,-600151.5656463793,298.4261685566468,710,44:47
78.0%,39015000,-599709.9347881968,302.3936439193155,710,44:46
78.0%,39020000,-600330.9031004612,301.3370471824263,710,44:45
78.0%,39025000,-599513.9296673662,298.85832569890454,710,44:44
78.0%,39030000,-600151.450027803,299.77087005504114,710,44:43
78.0%,39035000,-598411.7161771692,301.6929340842617,710,44:41
78.0%,39040000,-598097.5930002029,297.016874088477,710,44:40
78.0%,39045000,-598280.300406584,297.9701907635528,710,44:39
78.0%,39050000,-599900.0471568191,300.50896678182977,710,44:38
78.0%,39055000,-600259.8526999247,297.49686878905686,710,44:36
78.0%,39060000,-599504.4669625638,299.55069462635345,710,44:35
78.1%,39065000,-601228.2507575867,296.7661316866255,710,44:34
78.1%,39070000,-598235.1080417568,300.4690040215699,710,44:33
78.1%,39075000,-598076.9812906398,298.47778405547234,710,44:32
78.1%,39080000,-599439.0119953197,299.24625149877517,710,44:30
78.1%,39085000,-599573.2675056881,301.8916930060699,710,44:29
78.1%,39090000,-600099.6554608685,299.1056826735517,710,44:28
78.1%,39095000,-600084.0311570689,299.4342163048593,710,44:27
78.1%,39100000,-600123.5928062745,299.4718485174061,710,44:25
78.1%,39105000,-599395.7457103203,299.2309680121933,710,44:24
78.1%,39110000,-599332.4748051241,300.24247478385377,710,44:23
78.2%,39115000,-599682.6645572972,300.79927943064206,710,44:22
78.2%,39120000,-599382.2637238349,301.0470534506695,710,44:21
78.2%,39125000,-600510.1485594814,304.4238944265877,710,44:19
78.2%,39130000,-600720.918713579,301.7314739838126,710,44:18
78.2%,39135000,-599070.970451192,300.11824432470337,710,44:17
78.2%,39140000,-599540.4741940773,300.8519252768776,710,44:16
78.2%,39145000,-600170.8349855621,299.6108472894333,710,44:15
78.2%,39150000,-601070.6005146625,300.961632743963,710,44:13
78.2%,39155000,-599916.604017912,302.6080788410046,710,44:12
78.2%,39160000,-600475.1229338762,300.02244654765315,710,44:11
78.3%,39165000,-599284.4190476886,300.3381253684168,710,44:10
78.3%,39170000,-599415.3224560926,299.8033505305378,710,44:08
78.3%,39175000,-599681.9484413592,301.887718808917,710,44:07
78.3%,39180000,-600267.8623457118,298.72040633844966,710,44:06
78.3%,39185000,-599620.5555057125,298.54478116920444,710,44:05
78.3%,39190000,-600837.7988366918,299.7019594389761,710,44:04
78.3%,39195000,-599942.5715331137,300.3757330488823,710,44:02
78.3%,39200000,-600238.8471077005,299.493044235555,710,44:01
78.3%,39205000,-600237.7670551026,301.29124578684304,710,44:00
78.3%,39210000,-599984.7784443526,300.46250302005427,710,43:59
78.4%,39215000,-598820.4848763742,298.7452082725336,710,43:58
78.4%,39220000,-600263.2646888667,300.2807938946738,710,43:56
78.4%,39225000,-599880.0217805938,297.70455738841844,710,43:55
78.4%,39230000,-599242.6780197476,297.24028775188197,710,43:54
78.4%,39235000,-599524.628753183,301.51532181644006,710,43:53
78.4%,39240000,-599559.905355935,301.585238247834,710,43:51
78.4%,39245000,-599692.3001861265,301.2334972677198,710,43:50
78.4%,39250000,-599260.7804006673,298.8138490357056,710,43:49
78.4%,39255000,-599338.2391862371,299.3044906595222,710,43:48
78.4%,39260000,-598802.5543421805,300.9782900270916,710,43:47
78.5%,39265000,-599967.7642721133,300.05193410924454,710,43:45
78.5%,39270000,-600809.7412248543,299.64995142685154,710,43:44
78.5%,39275000,-600988.5346922311,297.61403400882426,710,43:43
78.5%,39280000,-599855.8872115039,300.3651597218891,710,43:42
78.5%,39285000,-598705.9293840923,300.97311375796033,710,43:40
78.5%,39290000,-599040.1928682756,300.36903579071725,710,43:39
78.5%,39295000,-599233.7020184547,299.60522944284065,710,43:38
78.5%,39300000,-599202.4676364632,297.6179591418148,710,43:37
78.5%,39305000,-599585.8421630189,300.64727865558365,710,43:36
78.5%,39310000,-600193.7698202035,300.8813637743066,710,43:34
78.6%,39315000,-598792.928312066,300.490616785099,710,43:33
78.6%,39320000,-599254.967521471,299.995436726262,710,43:32
78.6%,39325000,-598566.8544350085,300.3439640037402,710,43:31
78.6%,39330000,-598150.7068138039,299.8531997195176,710,43:30
78.6%,39335000,-597918.769894002,300.2869759791339,710,43:28
78.6%,39340000,-598975.6930908044,299.69214660649976,710,43:27
78.6%,39345000,-599743.0764653902,299.6463452109165,710,43:26
78.6%,39350000,-599982.8167136209,299.34604800505946,710,43:25
78.6%,39355000,-600015.029121648,299.68218658153626,710,43:23
78.6%,39360000,-599087.2935509393,301.0919471592487,710,43:22
78.7%,39365000,-599519.9996665646,299.6842472763563,710,43:21
78.7%,39370000,-600070.942170111,298.42820471938563,710,43:20
78.7%,39375000,-599809.4738850696,301.6006934589842,710,43:19
78.7%,39380000,-600141.3450101358,302.7027726744012,710,43:17
78.7%,39385000,-598671.821247241,301.23258958071574,710,43:16
78.7%,39390000,-598817.9545400245,303.6295211055473,710,43:15
78.7%,39395000,-600380.5419680662,297.7803860513793,710,43:14
78.7%,39400000,-599809.7987283091,298.787943157968,710,43:13
78.7%,39405000,-599323.7065158593,304.0320434937265,710,43:11
78.7%,39410000,-599095.5768474443,297.0055893311293,710,43:10
78.8%,39415000,-600050.3003261206,300.9360212511998,710,43:09
78.8%,39420000,-599758.9927984048,302.0609153021243,710,43:08
78.8%,39425000,-598137.8366016173,298.63233616697454,710,43:06
78.8%,39430000,-600354.9293712303,300.7431009647151,710,43:05
78.8%,39435000,-600019.8706823005,302.70581465246886,710,43:04
78.8%,39440000,-600607.5436352356,300.1727791411906,710,43:03
78.8%,39445000,-600554.2681517494,300.3184997034641,710,43:02
78.8%,39450000,-599521.7164627956,299.34450248394444,710,43:00
78.8%,39455000,-600335.9760773163,300.6643529840925,710,42:59
78.8%,39460000,-598545.9158372367,301.8685347214257,710,42:58
78.9%,39465000,-599614.8345051557,299.89772544687895,710,42:57
78.9%,39470000,-599645.7669693772,303.7640305067166,710,42:55
78.9%,39475000,-600848.9707500949,299.96469802852994,710,42:54
78.9%,39480000,-599204.9216753286,301.710449990232,710,42:53
78.9%,39485000,-600459.2197260922,300.86374974001154,710,42:52
78.9%,39490000,-599632.056699784,301.9656817629414,710,42:51
78.9%,39495000,-599398.1808140492,302.01086985649493,710,42:49
78.9%,39500000,-598826.0936323581,300.6347672941763,710,42:48
78.9%,39505000,-598944.4621794098,299.3671455948836,710,42:47
78.9%,39510000,-598260.6273140856,300.51318629979454,710,42:46
79.0%,39515000,-600880.6179945366,302.3880260727228,710,42:45
79.0%,39520000,-599205.396898794,299.6895707379747,710,42:43
79.0%,39525000,-599521.4484200561,299.84041850521714,710,42:42
79.0%,39530000,-599843.0751640312,299.8766769212172,710,42:41
79.0%,39535000,-600863.7806857587,297.8270460698043,710,42:40
79.0%,39540000,-599375.0610329676,297.40116914033143,710,42:38
79.0%,39545000,-600693.1182482108,300.65027156948895,710,42:37
79.0%,39550000,-599974.1865429087,299.2955119178063,710,42:36
79.0%,39555000,-598398.3969951239,298.8137509073808,710,42:35
79.0%,39560000,-597944.7782660369,301.43215806120315,710,42:34
79.1%,39565000,-600048.5792417089,302.2465986246576,710,42:32
79.1%,39570000,-601221.2636662107,301.12275945322443,710,42:31
79.1%,39575000,-600316.3996964023,297.71544963246714,710,42:30
79.1%,39580000,-600077.9279294815,299.86384664275437,710,42:29
79.1%,39585000,-601515.0472567272,301.1991032898903,710,42:28
79.1%,39590000,-599979.4195836862,299.2629823781473,710,42:26
79.1%,39595000,-600559.9363616817,302.17175124494446,710,42:25
79.1%,39600000,-599366.4353024885,298.70681556547,710,42:24
79.1%,39605000,-598424.8811531179,299.5314124105374,710,42:23
79.1%,39610000,-598846.3631647881,301.21875348692413,710,42:21
79.2%,39615000,-599433.5738359429,300.9393576142417,710,42:20
79.2%,39620000,-598028.1749197817,298.712605136631,710,42:19
79.2%,39625000,-598928.8691928079,301.3070444471299,710,42:18
79.2%,39630000,-599548.3180831196,298.4633346596509,710,42:17
79.2%,39635000,-599078.2165406379,302.14138052843015,710,42:15
79.2%,39640000,-600391.3275229065,300.09520870046515,710,42:14
79.2%,39645000,-599326.3157290304,303.6373468394472,710,42:13
79.2%,39650000,-599302.947433887,299.19517570573583,710,42:12
79.2%,39655000,-600152.7577573247,299.281455035284,710,42:11
79.2%,39660000,-598236.9235818414,300.3704586514263,710,42:09
79.3%,39665000,-599593.3161483784,297.8687260757475,710,42:08
79.3%,39670000,-598536.3899764149,300.22346242093084,710,42:07
79.3%,39675000,-600541.9789866204,302.3464687271856,710,42:06
79.3%,39680000,-600185.9315161188,301.6648693833794,710,42:04
79.3%,39685000,-600655.2230742369,301.03530258377907,710,42:03
79.3%,39690000,-598886.5356441052,300.2756666897049,710,42:02
79.3%,39695000,-600196.5414867471,301.84338933820516,710,42:01
79.3%,39700000,-599513.4582094788,299.26742268484287,710,42:00
79.3%,39705000,-599018.7467697421,298.2646248020052,710,41:58
79.3%,39710000,-599064.9170663757,301.131836323265,710,41:57
79.4%,39715000,-599937.8005364402,300.11826885678454,710,41:56
79.4%,39720000,-598916.8811391303,301.0057904901065,710,41:55
79.4%,39725000,-599527.0868077609,300.52388228719377,710,41:54
79.4%,39730000,-599472.1510660308,299.7258046218936,710,41:52
79.4%,39735000,-600071.3085585455,303.19380681151694,710,41:51
79.4%,39740000,-599595.2160014189,298.6966347517758,710,41:50
79.4%,39745000,-600522.9966447894,301.2202008797144,710,41:49
79.4%,39750000,-598985.8458443815,299.0349812155597,710,41:47
79.4%,39755000,-600009.8463298907,299.5339146828189,710,41:46
79.4%,39760000,-599898.5606847196,299.14169576873985,710,41:45
79.5%,39765000,-598815.6172420112,298.9550311629588,710,41:44
79.5%,39770000,-598953.6738826204,300.8524649826638,710,41:43
79.5%,39775000,-599244.011231103,300.6985507052725,710,41:41
79.5%,39780000,-601626.0604400104,300.206780605721,710,41:40
79.5%,39785000,-600151.5449800999,299.50523667990683,710,41:39
79.5%,39790000,-601115.567397058,300.3547581194642,710,41:38
79.5%,39795000,-598745.6859748052,301.7506335392226,710,41:36
79.5%,39800000,-597877.4734749775,300.4593138494995,710,41:35
79.5%,39805000,-599980.4518280183,297.2573866124719,710,41:34
79.5%,39810000,-600040.3496470833,299.52083908354416,710,41:33
79.6%,39815000,-599006.0176695632,296.72526123936154,710,41:32
79.6%,39820000,-599087.4557384653,300.3409710898349,710,41:30
79.6%,39825000,-598437.1820816067,297.9398445791197,710,41:29
79.6%,39830000,-599963.3106688163,299.08200921520256,710,41:28
79.6%,39835000,-599548.7288444852,299.6969548944132,710,41:27
79.6%,39840000,-599407.3133111652,302.6816505524959,710,41:26
79.6%,39845000,-599047.9129234035,300.58246489707744,710,41:24
79.6%,39850000,-599520.2081520474,300.4615462688879,710,41:23
79.6%,39855000,-599805.716543721,299.70426545460805,710,41:22
79.6%,39860000,-597305.7725892481,301.01005907223373,710,41:21
79.7%,39865000,-599842.5091711953,299.66540663800174,710,41:20
79.7%,39870000,-599020.0752408216,302.19687209608384,710,41:18
79.7%,39875000,-600983.682687588,300.72587944371907,710,41:17
79.7%,39880000,-600603.2245706264,303.1153286837874,710,41:16
79.7%,39885000,-598533.8145835977,301.06120846151657,710,41:15
79.7%,39890000,-599252.1877638754,302.2832250218756,710,41:13
79.7%,39895000,-599658.2915858212,303.2310465107646,710,41:12
79.7%,39900000,-600793.2060942361,299.0300257351592,710,41:11
79.7%,39905000,-598849.0582114104,300.3318942197943,710,41:10
79.7%,39910000,-601671.2099234792,298.2832691837102,710,41:09
79.8%,39915000,-598965.4230956319,302.0235284103894,710,41:07
79.8%,39920000,-600256.2971772603,301.8269528438073,710,41:06
79.8%,39925000,-599231.9453494898,299.6780161277338,710,41:05
79.8%,39930000,-599507.5818057796,301.40978480315715,710,41:04
79.8%,39935000,-599533.2780997534,298.18700529711737,710,41:02
79.8%,39940000,-600018.9753033486,301.39830378915985,710,41:01
79.8%,39945000,-599567.1162080495,301.2231201973761,710,41:00
79.8%,39950000,-600284.6346516255,300.66131100602485,710,40:59
79.8%,39955000,-599912.3866584874,300.2573166929742,710,40:58
79.8%,39960000,-598310.2677263101,297.73340711589884,710,40:56
79.9%,39965000,-600057.2533120965,301.8711105899508,710,40:55
79.9%,39970000,-599938.0695805862,299.53354670160104,710,40:54
79.9%,39975000,-600095.970783506,300.33042229492287,710,40:53
79.9%,39980000,-599505.5649030646,296.61940530902314,710,40:52
79.9%,39985000,-599689.0846681739,301.9723544890253,710,40:50
79.9%,39990000,-600360.5844940562,302.2025390068389,710,40:49
79.9%,39995000,-598449.416026955,300.51318629979454,710,40:48
79.9%,40000000,-599639.8898582221,303.2201542667159,710,40:47
79.9%,40005000,-599565.5674714809,299.00313857417405,710,40:45
79.9%,40010000,-599554.6424311893,301.8206480989412,710,40:44
80.0%,40015000,-600150.7652026103,303.6267980445351,710,40:43
80.0%,40020000,-599785.951169462,299.17940157753014,710,40:42
80.0%,40025000,-598457.2361350553,300.47059860684726,710,40:41
80.0%,40030000,-599667.7471579667,300.6413418919355,710,40:39
80.0%,40035000,-599337.727096355,303.34919301377965,710,40:38
80.0%,40040000,-598920.0541623458,299.87113267086806,710,40:37
80.0%,40045000,-598531.6472128052,300.5852615543332,710,40:36
80.0%,40050000,-599674.5491879391,302.0991117525384,710,40:34
80.0%,40055000,-599146.967717893,300.73269936229013,710,40:33
80.0%,40060000,-599572.6388289826,301.3296139618255,710,40:32
80.0%,40065000,-600229.9017222361,301.7217102154986,710,40:31
80.1%,40070000,-599166.1659089923,299.90142979113875,710,40:30
80.1%,40075000,-600021.4845225727,298.3855434301948,710,40:28
80.1%,40080000,-599823.4606230794,300.03152341769373,710,40:27
80.1%,40085000,-601013.2043021875,299.23719916081575,710,40:26
80.1%,40090000,-599799.0595546789,301.8473390032769,710,40:25
80.1%,40095000,-600391.9230755796,300.9773823400875,710,40:24
80.1%,40100000,-599241.5432816031,299.38073636786334,710,40:22
80.1%,40105000,-600429.7839803658,302.2560434759161,710,40:21
80.1%,40110000,-599064.0872890451,303.0726919266778,710,40:20
80.1%,40115000,-598668.9404263333,300.1523193854774,710,40:19
80.2%,40120000,-600099.4760795957,300.6145528592751,710,40:17
80.2%,40125000,-598300.717085131,300.2773839353883,710,40:16
80.2%,40130000,-599346.0014901697,299.839633478619,710,40:15
80.2%,40135000,-599356.8709375812,296.9726182140087,710,40:14
80.2%,40140000,-600339.8011929397,296.95799709361904,710,40:13
80.2%,40145000,-600329.1198695023,302.47884383729127,710,40:11
80.2%,40150000,-600649.6244261833,301.0276240423663,710,40:10
80.2%,40155000,-600257.2984052342,300.31219495859807,710,40:09
80.2%,40160000,-598043.0866285474,297.6667779833846,710,40:08
80.2%,40165000,-598634.158806433,299.2673490885993,710,40:07
80.3%,40170000,-600292.9016991244,299.5137002479176,710,40:05
80.3%,40175000,-599717.2978045205,299.6403348510247,710,40:04
80.3%,40180000,-597780.4767379155,300.5577365592371,710,40:03
80.3%,40185000,-600148.7376927361,301.9379605111958,710,40:02
80.3%,40190000,-600372.7166269431,301.56119680826697,710,40:00
80.3%,40195000,-598779.0332132704,298.96261157604675,710,39:59
80.3%,40200000,-599441.3901079441,300.0701123814069,710,39:58
80.3%,40205000,-600541.0989343808,299.54983600351176,710,39:57
80.3%,40210000,-600374.75224867,299.8558737163674,710,39:56
80.3%,40215000,-599568.753578526,302.13762712000795,710,39:54
80.4%,40220000,-599708.3499923269,298.90061900687755,710,39:53
80.4%,40225000,-600632.9746568729,298.80747069459596,710,39:52
80.4%,40230000,-599477.0196520574,297.8300635157907,710,39:51
80.4%,40235000,-600892.0714542633,296.66407822887163,710,39:49
80.4%,40240000,-600786.7369565046,299.65343498238065,710,39:48
80.4%,40245000,-600302.1056634127,300.48153991505836,710,39:47
80.4%,40250000,-598694.5411057193,298.9416611787098,710,39:46
80.4%,40255000,-599084.2246824866,301.0924868650349,710,39:45
80.4%,40260000,-599299.9530295529,302.2486593194777,710,39:43
80.4%,40265000,-601114.0148866284,300.2736795911284,710,39:42
80.5%,40270000,-598994.9816244543,300.5090649101545,710,39:41
80.5%,40275000,-598794.791007671,298.0672887409061,710,39:40
80.5%,40280000,-598440.4755341457,297.951055740224,710,39:38
80.5%,40285000,-600672.6799698928,301.8233956920346,710,39:37
80.5%,40290000,-599672.8498262558,301.19885796907835,710,39:36
80.5%,40295000,-600322.7248317641,298.4058559934208,710,39:35
80.5%,40300000,-598818.8164212378,301.703384750849,710,39:34
80.5%,40305000,-598535.0108947214,300.64870151629276,710,39:32
80.5%,40310000,-598861.8528247694,301.4689071188271,710,39:31
80.5%,40315000,-598309.2193897846,299.6492890606593,710,39:30
80.6%,40320000,-601115.6656005671,297.2799070630051,710,39:29
80.6%,40325000,-600567.561891478,303.3135724318906,710,39:28
80.6%,40330000,-599167.209348687,300.41495984670644,710,39:26
80.6%,40335000,-600678.0317267631,301.95380823564506,710,39:25
80.6%,40340000,-599186.9577158778,299.80867399215623,710,39:24
80.6%,40345000,-598903.9121662555,301.24625394993905,710,39:23
80.6%,40350000,-599449.085241802,302.22807690335856,710,39:21
80.6%,40355000,-599914.1962307538,300.86458383077206,710,39:20
80.6%,40360000,-600114.2525967015,299.7179543559125,710,39:19
80.6%,40365000,-599223.817679537,299.89890298677614,710,39:18
80.7%,40370000,-599301.1049086731,298.68458949991106,710,39:17
80.7%,40375000,-599429.8710445184,301.98560181286837,710,39:15
80.7%,40380000,-599789.7267912389,301.2884491295873,710,39:14
80.7%,40385000,-598727.463174954,299.3070419959661,710,39:13
80.7%,40390000,-599273.5886303247,298.8746395328964,710,39:12
80.7%,40395000,-598760.9267881257,302.0598358905519,710,39:11
80.7%,40400000,-600120.2008410371,299.105977058526,710,39:09
80.7%,40405000,-598867.8762718905,300.60390593603825,710,39:08
80.7%,40410000,-598843.558087315,300.2123739202326,710,39:07
80.7%,40415000,-600023.1880872296,301.7501428975988,710,39:06
80.8%,40420000,-601220.7852155603,301.8347295135448,710,39:04
80.8%,40425000,-599978.9243559944,300.0181289013635,710,39:03
80.8%,40430000,-599449.9790384211,300.78620383136735,710,39:02
80.8%,40435000,-600632.7834569267,299.2841780962962,710,39:01
80.8%,40440000,-599505.8280500486,301.58038089575825,710,39:00
80.8%,40445000,-600028.0944156577,300.74180076441195,710,38:58
80.8%,40450000,-599972.2177686282,300.36366326493646,710,38:57
80.8%,40455000,-599816.3331408189,298.7943214990776,710,38:56
80.8%,40460000,-601359.4984566658,299.37188028655345,710,38:55
80.8%,40465000,-599984.1037614197,300.53752212433585,710,38:53
80.9%,40470000,-599663.0743378843,300.7844129894404,710,38:52
80.9%,40475000,-600243.537513691,301.9917103010849,710,38:51
80.9%,40480000,-597842.9711969374,301.08802202625816,710,38:50
80.9%,40485000,-599360.3272782583,300.7312274374187,710,38:49
80.9%,40490000,-598997.1592836301,301.90771245508745,710,38:47
80.9%,40495000,-599982.9346225341,299.21929074154644,710,38:46
80.9%,40500000,-600208.5275037717,301.99953603498477,710,38:45
80.9%,40505000,-599052.1487177182,300.75225143099925,710,38:44
80.9%,40510000,-598366.4978618464,300.31109101494445,710,38:43
80.9%,40515000,-598557.5322186989,301.4088525840719,710,38:41
81.0%,40520000,-599098.2609989275,298.72342378443614,710,38:40
81.0%,40525000,-599203.2825953867,300.04575202478446,710,38:39
81.0%,40530000,-599430.3277925882,299.211906585108,710,38:38
81.0%,40535000,-599357.9437257708,301.5776823668272,710,38:36
81.0%,40540000,-600913.3780862209,299.71596725733605,710,38:35
81.0%,40545000,-598784.516492336,298.31113762794297,710,38:34
81.0%,40550000,-601030.4393085507,302.41118435736695,710,38:33
81.0%,40555000,-599797.6666322141,297.77820269615336,710,38:32
81.0%,40560000,-599679.6427603466,297.68056501301385,710,38:30
81.0%,40565000,-599773.0770651,300.56791737293133,710,38:29
81.1%,40570000,-599140.260171528,300.4095382567633,710,38:28
81.1%,40575000,-600345.8507145108,300.57927572652267,710,38:27
81.1%,40580000,-598822.8287678836,300.7283571839194,710,38:26
81.1%,40585000,-599470.8025244772,299.40244725971723,710,38:24
81.1%,40590000,-599193.9575022198,298.8058515772373,710,38:23
81.1%,40595000,-599847.9694421333,298.50050076265507,710,38:22
81.1%,40600000,-600186.0012021922,301.66989846002355,710,38:21
81.1%,40605000,-599207.762930986,302.1660107379457,710,38:19
81.1%,40610000,-599743.7681813543,298.6139616381626,710,38:18
81.1%,40615000,-599384.7993572634,302.75321063332956,710,38:17
81.2%,40620000,-599381.075465518,301.0460231032595,710,38:16
81.2%,40625000,-599192.2088675592,300.7952316372456,710,38:15
81.2%,40630000,-598878.0163630862,301.94318584448945,710,38:13
81.2%,40635000,-599015.0398338959,299.0518102232566,710,38:12
81.2%,40640000,-598468.0828920561,300.70159268334015,710,38:11
81.2%,40645000,-599232.5449296571,299.27770162686187,710,38:10
81.2%,40650000,-599283.2275171843,299.7428789504024,710,38:08
81.2%,40655000,-599786.8305361792,299.10345025416336,710,38:07
81.2%,40660000,-600722.122634517,300.0813726066735,710,38:06
81.2%,40665000,-599450.694336568,298.8832748254756,710,38:05
81.3%,40670000,-599284.1312414883,303.1452332907591,710,38:04
81.3%,40675000,-599538.4080308,300.727792946052,710,38:02
81.3%,40680000,-599750.2210779246,300.0962390478752,710,38:01
81.3%,40685000,-600419.9830196281,298.0662093293337,710,38:00
81.3%,40690000,-598986.7151669501,299.6438674707162,710,37:59
81.3%,40695000,-599377.3726200326,302.21502583616507,710,37:58
81.3%,40700000,-598213.6852895087,301.84012657140676,710,37:56
81.3%,40705000,-598978.0113506429,299.95486066397234,710,37:55
81.3%,40710000,-599465.7570846993,301.3759305311138,710,37:54
81.3%,40715000,-600306.8921193541,296.9099632786474,710,37:53
81.4%,40720000,-599962.1993486476,303.24174249816383,710,37:51
81.4%,40725000,-598514.2848701263,302.2631087152991,710,37:50
81.4%,40730000,-600429.0093962918,298.01532979294393,710,37:49
81.4%,40735000,-600969.225566593,300.23087110945045,710,37:48
81.4%,40740000,-599912.2529540523,301.7535037927219,710,37:47
81.4%,40745000,-599476.3505309992,303.02811713515405,710,37:45
81.4%,40750000,-599367.3712171172,299.548584867371,710,37:44
81.4%,40755000,-599607.9810592295,302.111157004403,710,37:43
81.4%,40760000,-599826.558588685,297.93231323019415,710,37:42
81.4%,40765000,-599661.9747858346,300.4209211424359,710,37:41
81.5%,40770000,-599705.8750009919,300.4459683973317,710,37:39
81.5%,40775000,-600790.5495955241,300.3460492306414,710,37:38
81.5%,40780000,-602507.9039672422,298.51068157634927,710,37:37
81.5%,40785000,-599699.0836807336,300.202781876487,710,37:36
81.5%,40790000,-599348.1356260008,298.11441486887367,710,37:34
81.5%,40795000,-599024.1329903975,299.42960427359543,710,37:33
81.5%,40800000,-600290.3900563191,300.0397416648927,710,37:32
81.5%,40805000,-600716.5839204229,301.6083720003969,710,37:31
81.5%,40810000,-599855.8377554403,298.58778590753207,710,37:30
81.5%,40815000,-598964.2649164866,298.0663074576585,710,37:28
81.6%,40820000,-599438.1015580269,297.84424305871903,710,37:27
81.6%,40825000,-600668.2745844214,300.21323254307424,710,37:26
81.6%,40830000,-598523.3060193667,299.74008229314666,710,37:25
81.6%,40835000,-599818.9164296025,298.08755223996974,710,37:23
81.6%,40840000,-598820.1498551494,302.5404929573238,710,37:22
81.6%,40845000,-599194.4090411952,299.8526354816502,710,37:21
81.6%,40850000,-600835.5974215078,300.80710516454195,710,37:20
81.6%,40855000,-598620.4071922866,301.8022490380481,710,37:19
81.6%,40860000,-599772.6979940077,298.59227527838993,710,37:17
81.6%,40865000,-600139.8921350176,299.93579923688714,710,37:16
81.7%,40870000,-598950.93380932,301.2346257434546,710,37:15
81.7%,40875000,-599116.5500481064,300.32105103990796,710,37:14
81.7%,40880000,-599426.8628334333,299.23212102000923,710,37:13
81.7%,40885000,-599851.1253893264,299.3062815014492,710,37:11
81.7%,40890000,-597982.9774859375,301.62223262626975,710,37:10
81.7%,40895000,-599608.1010146043,300.1296026782947,710,37:09
81.7%,40900000,-599404.5141097205,299.20030291070475,710,37:08
81.7%,40905000,-600177.7102044737,300.44665529560507,710,37:06
81.7%,40910000,-600398.896315617,300.09015509173986,710,37:05
81.7%,40915000,-600379.7200793363,296.661674084915,710,37:04
81.8%,40920000,-599123.6928226366,301.12565423880494,710,37:03
81.8%,40925000,-600674.8329282608,300.4823004095753,710,37:02
81.8%,40930000,-599420.2977669463,299.1866140094003,710,37:00
81.8%,40935000,-598217.5735399909,299.60039662284606,710,36:59
81.8%,40940000,-600050.0212395508,298.94148945414145,710,36:58
81.8%,40945000,-599494.496650829,299.01287781040674,710,36:57
81.8%,40950000,-599400.0546457977,299.4249677102504,710,36:55
81.8%,40955000,-600214.7879028013,298.392387880847,710,36:54
81.8%,40960000,-599935.8939338708,300.69065137512905,710,36:53
81.8%,40965000,-599067.7939102752,298.5634255509095,710,36:52
81.9%,40970000,-599996.6073343991,298.6262767429204,710,36:51
81.9%,40975000,-599363.1696700417,304.4039743766607,710,36:49
81.9%,40980000,-599669.5719138272,299.69783804933604,710,36:48
81.9%,40985000,-600177.6561659761,299.20405631912695,710,36:47
81.9%,40990000,-600116.4698899505,301.39847551372816,710,36:46
81.9%,40995000,-599909.5582425366,301.25074332079697,710,36:45
81.9%,41000000,-598155.51788201,302.37767353446026,710,36:43
81.9%,41005000,-599378.9071055469,300.47584847222214,710,36:42
81.9%,41010000,-599380.4419937874,303.08836792655876,710,36:41
81.9%,41015000,-599859.4391560201,299.1663750424178,710,36:40
82.0%,41020000,-598365.1670097429,299.39479325038565,710,36:38
82.0%,41025000,-598413.0250728875,299.9229689584243,710,36:37
82.0%,41030000,-599721.4428661638,301.0431283176789,710,36:36
82.0%,41035000,-599573.0699099698,300.86433850996013,710,36:35
82.0%,41040000,-599163.2321104947,302.6737757544337,710,36:34
82.0%,41045000,-600385.4660955635,299.12668213505106,710,36:32
82.0%,41050000,-600949.2113302955,300.7333862605635,710,36:31
82.0%,41055000,-599752.273602671,299.28726913852626,710,36:30
82.0%,41060000,-599616.5494315634,298.1277848531227,710,36:29
82.0%,41065000,-600702.6912107109,300.95181991148667,710,36:28
82.1%,41070000,-597796.4402282657,299.04079531880194,710,36:26
82.1%,41075000,-600685.3423416307,299.15558092669386,710,36:25
82.1%,41080000,-599780.2978768074,301.6386691206676,710,36:24
82.1%,41085000,-600799.3215151737,299.96246560914153,710,36:23
82.1%,41090000,-599492.5005423501,298.5233401302437,710,36:21
82.1%,41095000,-599642.9180063475,303.4633407875606,710,36:20
82.1%,41100000,-599244.7816363801,299.36057099712446,710,36:19
82.1%,41105000,-598689.0412673447,302.0119983322297,710,36:18
82.1%,41110000,-599300.8292204067,302.14145412467377,710,36:17
82.1%,41115000,-599380.1402019975,301.5506970775173,710,36:15
82.2%,41120000,-600198.0968793188,301.5486363826972,710,36:14
82.2%,41125000,-599256.9569998602,304.7009106873946,710,36:13
82.2%,41130000,-599248.8799347132,299.3893716604425,710,36:12
82.2%,41135000,-600380.7114465176,300.99173360758414,710,36:10
82.2%,41140000,-599324.4482981958,300.34538686444927,710,36:09
82.2%,41145000,-599959.1807815582,301.2046966044018,710,36:08
82.2%,41150000,-599694.1002962622,302.2134557829688,710,36:07
82.2%,41155000,-599491.6348193181,301.98555274870597,710,36:06
82.2%,41160000,-600495.6628491748,299.539458933168,710,36:04
82.2%,41165000,-598782.1380661754,302.0447731927007,710,36:03
82.3%,41170000,-600006.1963303587,298.03299289140136,710,36:02
82.3%,41175000,-598599.1331730862,302.93116635028787,710,36:01
82.3%,41180000,-599418.1743923519,299.71417641540916,710,36:00
82.3%,41185000,-599492.6388547122,302.07313227855724,710,35:58
82.3%,41190000,-599265.6084058303,297.0909119095109,710,35:57
82.3%,41195000,-599086.3509886577,301.15234514314056,710,35:56
82.3%,41200000,-598784.4685629341,298.70742886749974,710,35:55
82.3%,41205000,-599829.7511869832,300.1856339517346,710,35:53
82.3%,41210000,-600531.3842536313,298.1188797076504,710,35:52
82.3%,41215000,-599812.6736223386,298.1459876573663,710,35:51
82.4%,41220000,-599466.5336706806,300.943503535963,710,35:50
82.4%,41225000,-599446.8859650935,301.3116564783938,710,35:49
82.4%,41230000,-600719.2310312395,301.72009109814,710,35:47
82.4%,41235000,-599996.8656290909,303.11204138490785,710,35:46
82.4%,41240000,-599693.467954353,299.72447988950927,710,35:45
82.4%,41245000,-600386.9952513375,300.74300283639025,710,35:44
82.4%,41250000,-600375.664697241,298.9924916509372,710,35:42
82.4%,41255000,-599004.5265128855,297.93550240074893,710,35:41
82.4%,41260000,-598709.3067898471,298.2840787423895,710,35:40
82.4%,41265000,-597945.5427747518,301.07354809835556,710,35:39
82.5%,41270000,-598098.0237983069,300.98876522576006,710,35:38
82.5%,41275000,-599153.1717596683,301.38861361708945,710,35:36
82.5%,41280000,-599831.2786276797,300.336604379383,710,35:35
82.5%,41285000,-598731.0173965003,301.93202374754765,710,35:34
82.5%,41290000,-599573.6897494169,298.5317055699297,710,35:33
82.5%,41295000,-600248.399882684,301.55530910878116,710,35:32
82.5%,41300000,-599532.7108238745,300.91816189609284,710,35:30
82.5%,41305000,-600227.1188569306,300.72838171600057,710,35:29
82.5%,41310000,-599181.5696575078,299.7797752005134,710,35:28
82.5%,41315000,-599723.7546658004,301.55756606025074,710,35:27
82.6%,41320000,-600947.3847782947,297.5711028667403,710,35:25
82.6%,41325000,-599057.2220614124,301.5319300354063,710,35:24
82.6%,41330000,-599169.6784549407,300.8655160498573,710,35:23
82.6%,41335000,-601163.2538174358,299.88060205420777,710,35:22
82.6%,41340000,-600977.537819481,298.57883169789733,710,35:21
82.6%,41345000,-598688.1355341733,300.5609993260355,710,35:19
82.6%,41350000,-600177.5245814072,302.1437846723869,710,35:18
82.6%,41355000,-598438.439950374,300.5134070885253,710,35:17
82.6%,41360000,-599444.1365347807,300.69948292435777,710,35:16
82.6%,41365000,-599350.7003775723,298.4515837927605,710,35:15
82.7%,41370000,-599440.8120018351,300.12921016499564,710,35:13
82.7%,41375000,-599716.8122362164,297.4751333651218,710,35:12
82.7%,41380000,-599871.4205779806,301.9556236096532,710,35:11
82.7%,41385000,-599630.807851207,300.8963528759142,710,35:10
82.7%,41390000,-599556.7366284118,304.3981848054997,710,35:08
82.7%,41395000,-599404.6424617339,300.4665262813696,710,35:07
82.7%,41400000,-599762.5987736569,300.56315814918025,710,35:06
82.7%,41405000,-600327.6917064753,299.06007753461796,710,35:05
82.7%,41410000,-599250.4405324338,302.49331776519386,710,35:04
82.7%,41415000,-599177.3371356232,301.9565312966572,710,35:02
82.8%,41420000,-600167.442253836,298.83759609029823,710,35:01
82.8%,41425000,-600064.1442998457,297.3115289156601,710,35:00
82.8%,41430000,-598468.818472988,301.4653744991356,710,34:59
82.8%,41435000,-600411.3859016756,302.0198976623732,710,34:57
82.8%,41440000,-598474.2356867422,299.6789974109815,710,34:56
82.8%,41445000,-600113.6524218395,302.9724293108508,710,34:55
82.8%,41450000,-599972.3619533288,298.4913257642897,710,34:54
82.8%,41455000,-599735.6748985378,302.4102030741193,710,34:53
82.8%,41460000,-600014.6909981221,302.91605458827433,710,34:51
82.8%,41465000,-599104.8439865899,301.1510694749186,710,34:50
82.9%,41470000,-599465.9208410634,298.91045637143503,710,34:49
82.9%,41475000,-597986.245360293,302.7146462016976,710,34:48
82.9%,41480000,-598739.7712332048,298.47457035283634,710,34:47
82.9%,41485000,-599543.8945195754,299.7888766026352,710,34:45
82.9%,41490000,-599047.6780603095,300.70380057064733,710,34:44
82.9%,41495000,-599940.0921867727,298.41952036264405,710,34:43
82.9%,41500000,-599153.6708544195,299.8326173033985,710,34:42
82.9%,41505000,-599864.3526658099,301.9896005421025,710,34:40
82.9%,41510000,-599611.7836897136,300.65321541923186,710,34:39
82.9%,41515000,-599494.8068879424,299.4697142263425,710,34:38
83.0%,41520000,-598825.8460913999,300.397542069061,710,34:37
83.0%,41525000,-599519.0189502891,300.6971523766446,710,34:36
83.0%,41530000,-599359.1877857456,299.5043044608216,710,34:34
83.0%,41535000,-600503.4808170768,299.1977761063421,710,34:33
83.0%,41540000,-599117.8683511708,301.1736389896142,710,34:32
83.0%,41545000,-599803.0702017783,301.6555471925269,710,34:31
83.0%,41550000,-598577.098753571,300.58923575148617,710,34:29
83.0%,41555000,-600238.4069175036,299.8509918322104,710,34:28
83.0%,41560000,-600043.6522065899,302.1715549882949,710,34:27
83.0%,41565000,-599305.2421900313,298.6780884983955,710,34:26
83.1%,41570000,-599315.7952032839,300.2617815317509,710,34:25
83.1%,41575000,-599674.7077773213,299.4552402984399,710,34:23
83.1%,41580000,-600434.5881342571,299.7433695920262,710,34:22
83.1%,41585000,-599250.2176202978,302.1524935612096,710,34:21
83.1%,41590000,-599954.3566465215,301.13134568164116,710,34:20
83.1%,41595000,-599879.1319462317,301.53919153143875,710,34:19
83.1%,41600000,-598729.434287806,299.85906288692223,710,34:17
83.1%,41605000,-599891.3990662112,298.718394707792,710,34:16
83.1%,41610000,-599159.1399509823,298.85054902916704,710,34:15
83.1%,41615000,-599886.0162637397,298.1721879200781,710,34:14
83.2%,41620000,-599620.7044496904,300.09692594614853,710,34:12
83.2%,41625000,-600526.0779040148,302.7809809492376,710,34:11
83.2%,41630000,-599717.0307056913,300.46316538624643,710,34:10
83.2%,41635000,-598896.716620448,298.65188823568366,710,34:09
83.2%,41640000,-599513.0609049601,301.7374843437043,710,34:08
83.2%,41645000,-600032.760176009,297.8253778882833,710,34:06
83.2%,41650000,-599421.2313160007,297.93790654470564,710,34:05
83.2%,41655000,-598590.0884923278,301.11353539069665,710,34:04
83.2%,41660000,-599521.6537681641,300.05541766477364,710,34:03
83.2%,41665000,-600413.7949860631,297.6040003876172,710,34:01
83.3%,41670000,-600501.6732158465,298.70433782526965,710,34:00
83.3%,41675000,-599535.1848260034,299.6612852483617,710,33:59
83.3%,41680000,-597823.9310864611,299.08846115255574,710,33:58
83.3%,41685000,-598497.2242742283,299.1823699593543,710,33:57
83.3%,41690000,-600135.4581581107,303.4291675984618,710,33:55
83.3%,41695000,-599571.8731520618,299.9492182852985,710,33:54
83.3%,41700000,-598619.0669074985,300.5700761960761,710,33:53
83.3%,41705000,-599148.4819694567,297.90635828829426,710,33:52
83.3%,41710000,-599369.4225674774,298.877534318477,710,33:51
83.3%,41715000,-599545.573950645,300.57407492531024,710,33:49
83.4%,41720000,-601233.7540405667,299.7508764088706,710,33:48
83.4%,41725000,-599055.7782193115,301.4030139487485,710,33:47
83.4%,41730000,-600583.2488244264,299.7230815608814,710,33:46
83.4%,41735000,-599717.7493739189,301.06601674943,710,33:44
83.4%,41740000,-599676.0418315195,297.71257937896786,710,33:43
83.4%,41745000,-600122.537373466,301.68201730813183,710,33:42
83.4%,41750000,-599789.6536452603,299.6693317709923,710,33:41
83.4%,41755000,-600328.8261173563,300.6359938982359,710,33:40
83.4%,41760000,-599327.6560438117,300.1073766127358,710,33:38
83.4%,41765000,-598483.3727101102,300.78919674527265,710,33:37
83.5%,41770000,-599874.412015053,299.4693707772058,710,33:36
83.5%,41775000,-599524.2373987525,300.33258111806765,710,33:35
83.5%,41780000,-600488.0862081698,299.0385628994136,710,33:34
83.5%,41785000,-600451.4335884866,301.08409689326766,710,33:32
83.5%,41790000,-600354.6604360119,300.8810939214135,710,33:31
83.5%,41795000,-598331.8431934328,300.14525414609443,710,33:30
83.5%,41800000,-599648.1069736844,299.11986221648,710,33:29
83.5%,41805000,-599422.9003037373,298.54723437732355,710,33:27
83.5%,41810000,-598921.6312861163,299.97907382810774,710,33:26
83.5%,41815000,-599365.8406376415,298.8370563845121,710,33:25
83.6%,41820000,-599669.3857454308,298.5391633226118,710,33:24
83.6%,41825000,-599768.2643452119,302.1389273203111,710,33:23
83.6%,41830000,-599689.2871414251,299.3253674606156,710,33:21
83.6%,41835000,-598634.804415693,299.98692409408886,710,33:20
83.6%,41840000,-601109.8969516512,301.48112409526004,710,33:19
83.6%,41845000,-599603.6066736933,297.8832735998937,710,33:18
83.6%,41850000,-598259.7334734239,302.1480532545141,710,33:16
83.6%,41855000,-599477.4380609924,300.8305823662416,710,33:15
83.6%,41860000,-599958.6302082697,298.09579501924986,710,33:14
83.6%,41865000,-599920.9477956118,300.42828076679314,710,33:13
83.7%,41870000,-600092.7384449937,300.0300514928223,710,33:12
83.7%,41875000,-599458.6532250787,300.9110966567099,710,33:10
83.7%,41880000,-599785.0961324056,299.66172682582317,710,33:09
83.7%,41885000,-598733.6624053628,298.7883356712671,710,33:08
83.7%,41890000,-600450.1995522622,301.33299938902985,710,33:07
83.7%,41895000,-599725.108987011,300.47682975546974,710,33:06
83.7%,41900000,-598642.3793110824,299.9730389361348,710,33:04
83.7%,41905000,-600263.8032889129,301.06182176354633,710,33:03
83.7%,41910000,-600719.4573287265,299.6262779685024,710,33:02
83.7%,41915000,-599025.8594418499,301.2857260685751,710,33:01
83.8%,41920000,-600006.0707650413,301.6308188546866,710,32:59
83.8%,41925000,-598631.7416326273,301.39562979231005,710,32:58
83.8%,41930000,-599035.320632203,300.6993602639518,710,32:57
83.8%,41935000,-599904.8456413993,299.11215914298606,710,32:56
83.8%,41940000,-599877.2957707206,299.9598897406165,710,32:55
83.8%,41945000,-599723.5060181529,297.76937114692464,710,32:53
83.8%,41950000,-598971.9162821006,299.0611814782715,710,32:52
83.8%,41955000,-599495.2988312454,302.0615040720728,710,32:51
83.8%,41960000,-599784.6340050739,301.8548458201212,710,32:50
83.8%,41965000,-598304.8661267273,300.73971553751073,710,32:49
83.9%,41970000,-599484.439599182,301.562619668976,710,32:47
83.9%,41975000,-600621.4067278863,299.82957532533084,710,32:46
83.9%,41980000,-600556.8970363764,301.9077860513311,710,32:45
83.9%,41985000,-599328.078555522,297.8081808993685,710,32:44
83.9%,41990000,-599890.7260773289,299.93128533394804,710,32:42
83.9%,41995000,-599333.3795365207,300.59590847757005,710,32:41
83.9%,42000000,-599846.8595184456,301.03773125981695,710,32:40
83.9%,42005000,-598411.6069891611,299.3923400422666,710,32:39
83.9%,42010000,-599093.4163652854,300.2218433035722,710,32:38
83.9%,42015000,-599843.7689958629,300.3436696187659,710,32:36
84.0%,42020000,-599313.3167859963,299.98900932099,710,32:35
84.0%,42025000,-601576.6393004609,299.83139069933895,710,32:34
84.0%,42030000,-599520.2290479117,299.6714415299747,710,32:33
84.0%,42035000,-598894.0701102708,296.7830833547284,710,32:31
84.0%,42040000,-599767.2756941393,299.3503165871867,710,32:30
84.0%,42045000,-600530.9774061488,301.426221297555,710,32:29
84.0%,42050000,-600327.8193468493,299.46973875842366,710,32:28
84.0%,42055000,-599423.1161636813,300.376469011318,710,32:27
84.0%,42060000,-599323.4808370923,300.0060100532553,710,32:25
84.0%,42065000,-599582.1211769315,300.17739117245446,710,32:24
84.1%,42070000,-600365.5870191287,301.70745707632676,710,32:23
84.1%,42075000,-601315.846195024,299.9903585854555,710,32:22
84.1%,42080000,-597962.4768040548,300.60785560111,710,32:21
84.1%,42085000,-599403.7366154338,296.79225835309376,710,32:19
84.1%,42090000,-600999.9098621886,301.2272906511785,710,32:18
84.1%,42095000,-598677.880162287,299.53246729002865,710,32:17
84.1%,42100000,-599852.0372798829,298.68525186610316,710,32:16
84.1%,42105000,-599791.8993416103,301.8330122678614,710,32:14
84.1%,42110000,-598674.8648435688,298.0594875390874,710,32:13
84.1%,42115000,-600095.5813656035,301.7443042622753,710,32:12
84.2%,42120000,-596899.0729363402,301.6953872923808,710,32:11
84.2%,42125000,-598964.5484561292,301.3298102184751,710,32:10
84.2%,42130000,-599179.7939481935,304.34445954769177,710,32:08
84.2%,42135000,-599980.1704127747,298.1479502238616,710,32:07
84.2%,42140000,-600552.3333825236,300.2717415567144,710,32:06
84.2%,42145000,-599994.1528155636,299.0248739981091,710,32:05
84.2%,42150000,-598861.0189023651,301.98565087703076,710,32:03
84.2%,42155000,-599924.6157596959,300.79510897683963,710,32:02
84.2%,42160000,-599171.7735601771,297.871228348029,710,32:01
84.2%,42165000,-600547.1627374687,301.3756606782207,710,32:00
84.3%,42170000,-599065.9489351232,301.8619110595042,710,31:59
84.3%,42175000,-600010.4720549653,301.04980104376284,710,31:57
84.3%,42180000,-600192.0663666306,298.9695296229426,710,31:56
84.3%,42185000,-600356.7360107992,299.6751949383969,710,31:55
84.3%,42190000,-600114.0580832358,301.2080329674437,710,31:54
84.3%,42195000,-599970.9565368821,297.98711789957446,710,31:53
84.3%,42200000,-600451.5290339258,300.4067661315887,710,31:51
84.3%,42205000,-599162.5200849902,300.3081226331204,710,31:50
84.3%,42210000,-600702.4553455776,301.71692645966635,710,31:49
84.3%,42215000,-599971.4364141603,299.2397750293408,710,31:48
84.4%,42220000,-599511.0223050169,298.919189792339,710,31:46
84.4%,42225000,-599038.13717832,302.1201112140377,710,31:45
84.4%,42230000,-599253.8261712696,300.13080475027306,710,31:44
84.4%,42235000,-600425.7812142787,302.7854212559331,710,31:43
84.4%,42240000,-599675.5107487859,300.3450679473938,710,31:42
84.4%,42245000,-598690.8794751391,302.6151195483063,710,31:40
84.4%,42250000,-599504.2939342852,300.1475601617264,710,31:39
84.4%,42255000,-598960.0786677119,297.1509664442661,710,31:38
84.4%,42260000,-599390.4206034993,300.0159455461376,710,31:37
84.4%,42265000,-599917.5914582424,300.18131630544497,710,31:36
84.5%,42270000,-599961.545526044,300.1509946530931,710,31:34
84.5%,42275000,-600047.0791115467,301.41770866538184,710,31:33
84.5%,42280000,-599729.0853570453,299.87289898071384,710,31:32
84.5%,42285000,-599535.1873974008,298.6251482671857,710,31:31
84.5%,42290000,-598460.5563267302,300.0934914547818,710,31:29
84.5%,42295000,-600517.934804576,299.65220837832106,710,31:28
84.5%,42300000,-598080.5368589717,301.25331918932204,710,31:27
84.5%,42305000,-599601.4042715873,299.8387012595338,710,31:26
84.5%,42310000,-599376.6874958226,300.1154476674476,710,31:25
84.5%,42315000,-599368.4193633846,300.8140968076813,710,31:23
84.6%,42320000,-599152.1008850113,302.51071101075814,710,31:22
84.6%,42325000,-600012.6302474081,300.68069135016555,710,31:21
84.6%,42330000,-598808.1928576399,302.40102807575397,710,31:20
84.6%,42335000,-600003.9709145715,298.5425242177349,710,31:18
84.6%,42340000,-598950.3079275214,301.80484943865434,710,31:17
84.6%,42345000,-601191.4827526743,299.6808127849896,710,31:16
84.6%,42350000,-599332.3749966393,299.25326767399577,710,31:15
84.6%,42355000,-598319.5672737653,300.13372406793474,710,31:14
84.6%,42360000,-598956.8985286141,300.13161430895235,710,31:12
84.6%,42365000,-600113.3361800779,298.8078877399762,710,31:11
84.7%,42370000,-598379.1529258774,300.5742711819597,710,31:10
84.7%,42375000,-599971.1419190019,299.959693483967,710,31:09
84.7%,42380000,-598421.902355893,299.60353672923844,710,31:08
84.7%,42385000,-599173.592724557,299.5451013118419,710,31:06
84.7%,42390000,-600034.3400570182,299.92314068299265,710,31:05
84.7%,42395000,-600713.9636957687,300.0404530952472,710,31:04
84.7%,42400000,-598816.9027932724,300.49687246580265,710,31:03
84.7%,42405000,-600032.4413832999,302.24093171390257,710,31:01
84.7%,42410000,-599809.5488836379,301.57483664540905,710,31:00
84.7%,42415000,-599071.9489692589,298.79284957420623,710,30:59
84.8%,42420000,-599841.5226227711,301.43466033348466,710,30:58
84.8%,42425000,-600215.8252775753,299.1600702975518,710,30:57
84.8%,42430000,-599971.9521022905,302.74935909658257,710,30:55
84.8%,42435000,-599354.355194292,299.8352913002483,710,30:54
84.8%,42440000,-599035.0754415412,302.92022504207677,710,30:53
84.8%,42445000,-598770.4341457183,302.43713929926685,710,30:52
84.8%,42450000,-600494.3900292455,298.84814488521033,710,30:50
84.8%,42455000,-599355.9073596001,299.1240817344448,710,30:49
84.8%,42460000,-599326.809510929,298.62433870850634,710,30:48
84.8%,42465000,-599051.5522561874,299.41429625493237,710,30:47
84.9%,42470000,-599035.9710719325,301.2682101626049,710,30:46
84.9%,42475000,-598814.2937486195,301.28646203101084,710,30:44
84.9%,42480000,-599748.3648589635,299.82297619549047,710,30:43
84.9%,42485000,-600584.6132022701,301.98481678627024,710,30:42
84.9%,42490000,-599191.6537742405,301.7780849380751,710,30:41
84.9%,42495000,-598943.5486553176,301.2537362347023,710,30:39
84.9%,42500000,-598898.7597000077,299.7473437891791,710,30:38
84.9%,42505000,-598787.0195821128,303.58960740944985,710,30:37
84.9%,42510000,-598954.5577770025,296.8380842807582,710,30:36
84.9%,42515000,-599431.5601450717,300.25923019530705,710,30:35
85.0%,42520000,-598376.0115397214,298.44792851266305,710,30:33
85.0%,42525000,-599894.4462103373,303.80598036555295,710,30:32
85.0%,42530000,-600633.6481506834,299.7421184558855,710,30:31
85.0%,42535000,-600741.3470610371,299.08051275824994,710,30:30
85.0%,42540000,-599652.1170602296,298.0502634765597,710,30:29
85.0%,42545000,-599360.8369371961,298.81463406230364,710,30:27
85.0%,42550000,-599559.0869226074,300.92988823090207,710,30:26
85.0%,42555000,-598597.1395496293,297.7341185462534,710,30:25
85.0%,42560000,-598686.1654976113,301.6346949235147,710,30:24
85.0%,42565000,-599182.3302441076,297.9254442474607,710,30:22
85.1%,42570000,-598461.3982963176,301.73971676309264,710,30:21
85.1%,42575000,-599093.9869665201,299.9383015091686,710,30:20
85.1%,42580000,-599263.6887638248,298.4664011697998,710,30:19
85.1%,42585000,-598513.6547942082,298.921250487159,710,30:18
85.1%,42590000,-600965.126073264,301.0940814503123,710,30:16
85.1%,42595000,-599464.0601545586,303.0657493477008,710,30:15
85.1%,42600000,-599564.254636378,301.4703299795361,710,30:14
85.1%,42605000,-600048.5050921696,302.13971234690916,710,30:13
85.1%,42610000,-598126.4419187661,299.17456875753555,710,30:12
85.1%,42615000,-600331.5914275385,300.8673804880278,710,30:10
85.2%,42620000,-599314.5727082174,300.59419123188667,710,30:09
85.2%,42625000,-600861.6767447577,301.1225631965749,710,30:08
85.2%,42630000,-599989.1260821577,301.1954480097928,710,30:07
85.2%,42635000,-600421.8765445859,301.88973043957463,710,30:05
85.2%,42640000,-599034.5575178699,301.19493283608784,710,30:04
85.2%,42645000,-598156.8060152372,300.59264571077165,710,30:03
85.2%,42650000,-599855.4030403346,303.61845713693026,710,30:02
85.2%,42655000,-599472.3243150795,301.61958316150117,710,30:01
85.2%,42660000,-598896.0186435715,299.6396479527514,710,29:59
85.2%,42665000,-599527.4934315844,300.52157627156186,710,29:58
85.3%,42670000,-599526.9534929795,300.12737025890635,710,29:57
85.3%,42675000,-600623.4105145643,297.21023595242315,710,29:56
85.3%,42680000,-600625.4311358342,299.6509327100992,710,29:54
85.3%,42685000,-598895.6287823836,303.0723484775411,710,29:53
85.3%,42690000,-598983.1771452301,298.22728697443273,710,29:52
85.3%,42695000,-598894.6748230029,304.10789668876856,710,29:51
85.3%,42700000,-599598.1646971176,299.42916269613403,710,29:50
85.3%,42705000,-600295.6936794482,303.27311903000685,710,29:48
85.3%,42710000,-600256.1688114153,299.7894408405026,710,29:47
85.3%,42715000,-598493.2117703455,297.487890047341,710,29:46
85.4%,42720000,-599963.8075053017,300.8986098273838,710,29:45
85.4%,42725000,-600200.4321055152,301.8170909471686,710,29:43
85.4%,42730000,-598636.5601541931,298.25414960333666,710,29:42
85.4%,42735000,-599675.304527394,302.54733740797604,710,29:41
85.4%,42740000,-601143.6309440318,298.5257442742004,710,29:40
85.4%,42745000,-600365.520612861,299.5985076525943,710,29:39
85.4%,42750000,-599529.7351770741,300.09999245629734,710,29:37
85.4%,42755000,-599342.5378558487,301.63008289225087,710,29:36
85.4%,42760000,-598427.0454792967,300.52341617765114,710,29:35
85.4%,42765000,-598747.7625525808,298.4028876115967,710,29:34
85.5%,42770000,-599597.3859636779,298.1882809653393,710,29:33
85.5%,42775000,-600492.1640221146,299.26958150798765,710,29:31
85.5%,42780000,-599350.8274994888,300.98528167023096,710,29:30
85.5%,42785000,-599119.5336853494,299.76463890641867,710,29:29
85.5%,42790000,-600852.0155579257,300.7163119320547,710,29:28
85.5%,42795000,-600052.9123535934,296.85677772662564,710,29:26
85.5%,42800000,-599847.9090957004,304.79594796992785,710,29:25
85.5%,42805000,-599220.3154995674,296.7706210574834,710,29:24
85.5%,42810000,-598662.1769128372,297.7797482172683,710,29:23
85.5%,42815000,-598426.6460288623,301.4560032441207,710,29:22
85.6%,42820000,-598496.5870406767,299.57365665434804,710,29:20
85.6%,42825000,-598834.0412304895,302.20035565161294,710,29:19
85.6%,42830000,-599982.5207175063,298.3474451081054,710,29:18
85.6%,42835000,-599455.0545729008,298.7456007858326,710,29:17
85.6%,42840000,-598544.8539904202,300.35478265154535,710,29:15
85.6%,42845000,-599727.5146873458,299.4989809992031,710,29:14
85.6%,42850000,-599762.8633334301,297.92465922086257,710,29:13
85.6%,42855000,-598803.9670343422,300.5108312200003,710,29:12
85.6%,42860000,-600742.0328971245,299.4426308087078,710,29:11
85.6%,42865000,-599583.2762487098,297.2031216488778,710,29:09
85.7%,42870000,-598637.4602598241,299.9333950929304,710,29:08
85.7%,42875000,-597847.8727677362,301.89095704363416,710,29:07
85.7%,42880000,-600446.267625411,301.0352780516979,710,29:06
85.7%,42885000,-599456.3747270079,301.12639020124067,710,29:05
85.7%,42890000,-600324.637126985,300.2492211061812,710,29:03
85.7%,42895000,-600926.0983389835,298.5967401171667,710,29:02
85.7%,42900000,-600416.9363108617,300.4279373176564,710,29:01
85.7%,42905000,-600714.1664059306,298.08041340434323,710,29:00
85.7%,42910000,-599691.8237842438,299.91727751558807,710,28:58
85.7%,42915000,-598807.077487587,301.99053276118775,710,28:57
85.8%,42920000,-599319.0245533618,300.60545145715326,710,28:56
85.8%,42925000,-599835.534140429,299.09709644513487,710,28:55
85.8%,42930000,-598793.8555012816,298.4884309787091,710,28:54
85.8%,42935000,-599453.6003851192,301.43971394220995,710,28:52
85.8%,42940000,-598977.0742443874,300.7353978912211,710,28:51
85.8%,42945000,-599793.3928637533,299.6386176053414,710,28:50
85.8%,42950000,-599858.1420019949,299.8634295973742,710,28:49
85.8%,42955000,-599380.941223979,303.60126014801546,710,28:47
85.8%,42960000,-599000.9372636159,298.4605625344763,710,28:46
85.8%,42965000,-599104.6405467195,297.3700869934626,710,28:45
85.9%,42970000,-600569.142927411,299.0609116253785,710,28:44
85.9%,42975000,-600193.7424112973,302.7967305453621,710,28:43
85.9%,42980000,-600640.6383494511,299.92448994745814,710,28:41
85.9%,42985000,-600146.8880850263,304.1874542280704,710,28:40
85.9%,42990000,-598677.6643498433,300.799402091048,710,28:39
85.9%,42995000,-600212.6448132405,302.45777077954835,710,28:38
85.9%,43000000,-599639.2200078252,298.20552701841643,710,28:36
85.9%,43005000,-599475.262138878,301.83374823029715,710,28:35
85.9%,43010000,-598917.8881317037,299.58935718631017,710,28:34
85.9%,43015000,-599163.2552487827,299.6757101121019,710,28:33
86.0%,43020000,-600864.9946900937,302.2672791691015,710,28:32
86.0%,43025000,-599247.6407616762,298.97894994211987,710,28:30
86.0%,43030000,-600377.6123603624,299.37372019264274,710,28:29
86.0%,43035000,-600875.5340970596,298.69383809452,710,28:28
86.0%,43040000,-600672.348627978,299.19002396868575,710,28:27
86.0%,43045000,-600908.723735848,296.2342271022458,710,28:26
86.0%,43050000,-599442.9645621502,298.49669829007047,710,28:24
86.0%,43055000,-600984.8261130056,302.2063905435859,710,28:23
86.0%,43060000,-599992.3386228192,300.7346619287854,710,28:22
86.0%,43065000,-599166.0629089265,300.2340112158429,710,28:21
86.1%,43070000,-600584.4830378001,301.58347193798824,710,28:19
86.1%,43075000,-599204.11573079,299.8617614158532,710,28:18
86.1%,43080000,-599157.3239622619,302.39572914621675,710,28:17
86.1%,43085000,-600829.3423518143,298.1335744242837,710,28:16
86.1%,43090000,-600409.808905438,299.1626461660768,710,28:15
86.1%,43095000,-599077.5466750218,300.8850435864852,710,28:13
86.1%,43100000,-600358.0548745398,299.2943343779092,710,28:12
86.1%,43105000,-599093.2049787142,300.84476190916985,710,28:11
86.1%,43110000,-599769.6467052093,300.1599488627278,710,28:10
86.1%,43115000,-600234.2651529214,298.3046120943462,710,28:09
86.2%,43120000,-599120.7900622375,300.1232243371851,710,28:07
86.2%,43125000,-598913.2998198261,299.9062380790522,710,28:06
86.2%,43130000,-599188.9622543552,302.24102984222736,710,28:05
86.2%,43135000,-599046.1637411513,300.70787289612497,710,28:04
86.2%,43140000,-599836.5013399995,298.81934422189227,710,28:02
86.2%,43145000,-600429.2928218748,300.49181885707736,710,28:01
86.2%,43150000,-599446.3987621241,302.102276391012,710,28:00
86.2%,43155000,-600485.6201328016,300.2930844673504,710,27:59
86.2%,43160000,-599726.2608476328,302.68702307827664,710,27:58
86.2%,43165000,-597994.5007347129,300.329931653299,710,27:56
86.3%,43170000,-599942.7966486458,299.29482501953305,710,27:55
86.3%,43175000,-600464.7803691402,298.74329477020075,710,27:54
86.3%,43180000,-598926.1522234399,301.9490490118941,710,27:53
86.3%,43185000,-598554.9170067306,300.1194463966817,710,27:51
86.3%,43190000,-599233.8334141225,299.92819429171794,710,27:50
86.3%,43195000,-598771.9771608151,296.72916184027093,710,27:49
86.3%,43200000,-599888.4061313104,298.98905715957045,710,27:48
86.3%,43205000,-599390.4895345708,303.90361804869246,710,27:47
86.3%,43210000,-598279.6832579598,300.6411456352859,710,27:45
86.3%,43215000,-598897.7019898854,298.3080956498753,710,27:44
86.4%,43220000,-600515.9530680059,298.59178463676614,710,27:43
86.4%,43225000,-599559.4141542944,299.9015279194635,710,27:42
86.4%,43230000,-599143.6196517986,299.91011414788034,710,27:41
86.4%,43235000,-598637.5154880467,298.1196402021674,710,27:39
86.4%,43240000,-598686.8150564125,301.9694597034448,710,27:38
86.4%,43245000,-598533.0802545212,302.7637103640792,710,27:37
86.4%,43250000,-598265.0243622884,299.39408182003115,710,27:36
86.4%,43255000,-599477.362963553,298.17537709063294,709,27:34
86.4%,43260000,-599783.7613039799,298.4012684942381,709,27:33
86.4%,43265000,-599217.7944547427,303.20442920267254,709,27:32
86.5%,43270000,-598853.3053886215,301.57542541535764,709,27:31
86.5%,43275000,-598966.6719580148,299.5802312521072,709,27:30
86.5%,43280000,-599668.4106444777,299.4894380196199,709,27:28
86.5%,43285000,-600262.3622349477,299.36920628970364,709,27:27
86.5%,43290000,-599404.9563272074,298.2829012024923,709,27:26
86.5%,43295000,-600328.5161720519,300.8840132390752,709,27:25
86.5%,43300000,-599939.5951479482,300.7050517067881,709,27:23
86.5%,43305000,-599226.4473664472,302.9256220999387,709,27:22
86.5%,43310000,-599044.6987208975,300.5112727974617,709,27:21
86.5%,43315000,-599834.3131387979,302.30442074002445,709,27:20
86.6%,43320000,-600642.226891093,298.7987618057732,709,27:19
86.6%,43325000,-599468.9370767875,298.91987669061234,709,27:17
86.6%,43330000,-599322.6553704259,303.3630045754901,709,27:16
86.6%,43335000,-601122.5316602662,302.2424527029364,709,27:15
86.6%,43340000,-599762.9127367744,295.75840285546843,709,27:14
86.6%,43345000,-600259.1535952152,299.76517861220486,709,27:13
86.6%,43350000,-599306.3315188899,301.81341113498996,709,27:11
86.6%,43355000,-599553.9854638902,300.77612114599793,709,27:10
86.6%,43360000,-599966.9647543603,300.31702777859266,709,27:09
86.6%,43365000,-598823.8877669293,300.8971133704311,709,27:08
86.7%,43370000,-599732.679325602,300.78421673279087,709,27:06
86.7%,43375000,-599881.2207209165,299.37359753223683,709,27:05
86.7%,43380000,-599334.5571268233,298.47648385516925,709,27:04
86.7%,43385000,-599618.7321611494,298.18641652716883,709,27:03
86.7%,43390000,-598806.5150221735,300.3657484918377,709,27:02
86.7%,43395000,-599298.278954234,301.33687545785796,709,27:00
86.7%,43400000,-599378.008260943,296.6016931464033,709,26:59
86.7%,43405000,-599412.168755976,301.96690836700094,709,26:58
86.7%,43410000,-599099.3716363511,298.74920700176773,709,26:57
86.7%,43415000,-599929.4035002138,301.0636616696357,709,26:55
86.8%,43420000,-600062.6255256748,300.7715827109776,709,26:54
86.8%,43425000,-599521.9259682456,304.0337116752475,709,26:53
86.8%,43430000,-600378.5531151262,300.11289633100375,709,26:52
86.8%,43435000,-599834.2203467032,300.59762572325343,709,26:51
86.8%,43440000,-599631.0420987094,298.7400565354835,709,26:49
86.8%,43445000,-600387.7676771414,300.8717226663986,709,26:48
86.8%,43450000,-599371.6052244375,301.0091268531485,709,26:47
86.8%,43455000,-598696.693556617,298.21006545343675,709,26:46
86.8%,43460000,-599174.6613995708,300.8173841065609,709,26:45
86.8%,43465000,-599937.0821368508,302.5902440179789,709,26:43
86.9%,43470000,-600579.6500139963,301.3591996517416,709,26:42
86.9%,43475000,-599519.8262613947,300.6723504425607,709,26:41
86.9%,43480000,-600193.8191766907,300.0813726066735,709,26:40
86.9%,43485000,-599894.291884114,300.55552867192995,709,26:38
86.9%,43490000,-598683.9461594005,301.27772861010686,709,26:37
86.9%,43495000,-599376.6855190871,302.35763082412734,709,26:36
86.9%,43500000,-598360.1628659661,299.77042847757974,709,26:35
86.9%,43505000,-597907.9898200077,299.3087592416494,709,26:34
86.9%,43510000,-600080.4656320037,300.280818426755,709,26:32
86.9%,43515000,-599061.7441375339,300.16105280638135,709,26:31
87.0%,43520000,-599826.613844688,299.9247107361889,709,26:30
87.0%,43525000,-600802.7209516433,303.0157039020715,709,26:29
87.0%,43530000,-599043.1199105242,299.8467723142456,709,26:27
87.0%,43535000,-598681.8773983093,301.0220797920172,709,26:26
87.0%,43540000,-599066.1011554962,300.8747891765475,709,26:25
87.0%,43545000,-599812.7053098003,302.26256900951284,709,26:24
87.0%,43550000,-599542.729739022,302.98067209013095,709,26:23
87.0%,43555000,-599875.1360147912,302.3183304300597,709,26:21
87.0%,43560000,-600408.4960780572,299.85729657707645,709,26:20
87.0%,43565000,-598424.7581996112,299.52339041998806,709,26:19
87.1%,43570000,-599348.1602451825,300.48001892602457,709,26:18
87.1%,43575000,-599599.7963263895,301.1195212185072,709,26:17
87.1%,43580000,-599749.2723407876,297.8287633154876,709,26:15
87.1%,43585000,-598916.930457015,298.98314492800347,709,26:14
87.1%,43590000,-599966.1597063178,299.5681614681613,709,26:13
87.1%,43595000,-599262.1677193986,303.5453515349816,709,26:12
87.1%,43600000,-599084.9475123016,300.54588756402194,709,26:10
87.1%,43605000,-600324.164892151,301.5495686017825,709,26:09
87.1%,43610000,-600723.7391753211,299.315137582759,709,26:08
87.1%,43615000,-598460.2433791878,301.0556151470051,709,26:07
87.2%,43620000,-599313.8893608092,300.7431009647151,709,26:06
87.2%,43625000,-600851.5159708713,301.60824933999095,709,26:04
87.2%,43630000,-599654.7898767688,299.95660244173695,709,26:03
87.2%,43635000,-601600.4970872342,300.0481071045787,709,26:02
87.2%,43640000,-599276.3126233243,301.74023193679767,709,26:01
87.2%,43645000,-598735.1652007671,298.33270132730974,709,25:59
87.2%,43650000,-600131.1450061961,302.31774166011104,709,25:58
87.2%,43655000,-599913.0324714938,299.55977149639403,709,25:57
87.2%,43660000,-599194.057812511,300.4917452608338,709,25:56
87.2%,43665000,-598944.728646481,300.62792284352406,709,25:55
87.3%,43670000,-600080.6936200205,301.62929786565275,709,25:53
87.3%,43675000,-599901.8345385441,301.6451701221832,709,25:52
87.3%,43680000,-598799.2245615511,299.7657919142346,709,25:51
87.3%,43685000,-600634.1482133716,300.23651348812433,709,25:50
87.3%,43690000,-600873.7299795509,301.8103936890035,709,25:49
87.3%,43695000,-599139.4104815023,297.33255290924063,709,25:47
87.3%,43700000,-600371.2477666736,299.6654802342453,709,25:46
87.3%,43705000,-600082.671718034,300.0864752795612,709,25:45
87.3%,43710000,-599063.137369378,300.2057011941487,709,25:44
87.3%,43715000,-600269.3335861326,301.6760069482401,709,25:42
87.4%,43720000,-598492.3598035402,301.4404008404833,709,25:41
87.4%,43725000,-599784.0403834092,300.26754657083075,709,25:40
87.4%,43730000,-599730.6431765775,299.6104547761343,709,25:39
87.4%,43735000,-599377.788852802,298.5311167999812,709,25:38
87.4%,43740000,-599947.1721234685,300.92942212135944,709,25:36
87.4%,43745000,-600201.3084204607,300.27529870848707,709,25:35
87.4%,43750000,-598233.5210577408,300.0516397242702,709,25:34
87.4%,43755000,-599981.0036054403,299.45398916229914,709,25:33
87.4%,43760000,-600466.0678912979,299.3375353728863,709,25:32
87.4%,43765000,-598322.8411879526,301.0146465714164,709,25:30
87.5%,43770000,-600505.0363370446,300.1627455199835,709,25:29
87.5%,43775000,-598807.5178427333,300.65507985740237,709,25:28
87.5%,43780000,-599442.9471423049,302.08608521742605,709,25:27
87.5%,43785000,-599878.9392083636,298.85268332023065,709,25:25
87.5%,43790000,-599038.6622205391,300.18813622401603,709,25:24
87.5%,43795000,-600455.6209541876,300.9134517365042,709,25:23
87.5%,43800000,-600617.8660107045,296.4845279266359,709,25:22
87.5%,43805000,-600639.019659372,299.32769800832875,709,25:21
87.5%,43810000,-601728.9775480977,302.44923361529396,709,25:19
87.5%,43815000,-601279.637561216,302.40205842316396,709,25:18
87.6%,43820000,-597885.0460506561,301.7097630919586,709,25:17
87.6%,43825000,-599182.1329794452,297.6732544528189,709,25:16
87.6%,43830000,-598528.5334517607,305.2036711593195,709,25:14
87.6%,43835000,-599093.3305733353,301.0961666772135,709,25:13
87.6%,43840000,-599397.1126893042,297.4563417909296,709,25:12
87.6%,43845000,-599365.6067258157,299.46816870522747,709,25:11
87.6%,43850000,-600326.6891498505,299.95606273595075,709,25:10
87.6%,43855000,-599050.0480347197,305.00142868198225,709,25:08
87.6%,43860000,-599278.8580333632,302.22999040569147,709,25:07
87.6%,43865000,-598992.9887248725,302.2029069880568,709,25:06
87.7%,43870000,-597982.1432345444,298.4777104592288,709,25:05
87.7%,43875000,-599907.9580228417,300.6227956385552,709,25:04
87.7%,43880000,-600256.6376008261,300.4432208042383,709,25:02
87.7%,43885000,-599393.1005234914,299.01172480259083,709,25:01
87.7%,43890000,-597900.8249538234,300.09461993051656,709,25:00
87.7%,43895000,-600285.8292831792,298.380686078119,709,24:59
87.7%,43900000,-599960.5012880312,301.1176077161743,709,24:57
87.7%,43905000,-601031.5267223311,302.06405540851665,709,24:56
87.7%,43910000,-599578.5265083546,301.24284399065357,709,24:55
87.7%,43915000,-598994.1898820996,298.7114030646526,709,24:54
87.8%,43920000,-599856.7833577511,300.2444128182678,709,24:53
87.8%,43925000,-600478.0548728374,300.96023441533515,709,24:51
87.8%,43930000,-599465.5884687165,303.1420931843666,709,24:50
87.8%,43935000,-600553.5034168866,300.2081544022677,709,24:49
87.8%,43940000,-598160.8881056113,299.53075004434527,709,24:48
87.8%,43945000,-600119.7774074087,302.6061653386717,709,24:46
87.8%,43950000,-598680.4828062961,299.16755258231495,709,24:45
87.8%,43955000,-600048.1036946923,299.67723110113576,709,24:44
87.8%,43960000,-599726.6472572791,298.7179776624118,709,24:43
87.8%,43965000,-598359.1495853704,297.1194917840983,709,24:42
87.9%,43970000,-599159.2069946784,300.6904060543171,709,24:40
87.9%,43975000,-598901.6894749673,302.8490084103798,709,24:39
87.9%,43980000,-599569.9282487398,301.1402262950323,709,24:38
87.9%,43985000,-600904.874661997,300.67365064286383,709,24:37
87.9%,43990000,-598877.9183681402,300.3173712277293,709,24:35
87.9%,43995000,-599548.7951263282,297.8839359660858,709,24:34
87.9%,44000000,-599735.3296548221,299.26582809956545,709,24:33
87.9%,44005000,-599737.8249110528,299.05441062386285,709,24:32
87.9%,44010000,-601143.475894196,300.4319851110529,709,24:31
87.9%,44015000,-599681.7295421073,298.7347085417839,709,24:29
88.0%,44020000,-600403.6797480197,297.7101507029299,709,24:28
88.0%,44025000,-600546.3080103486,299.3372655199932,709,24:27
88.0%,44030000,-600048.425642943,296.3296814301594,709,24:26
88.0%,44035000,-600225.6718172296,300.85241591850144,709,24:25
88.0%,44040000,-599290.7386336075,299.22306868204987,709,24:23
88.0%,44045000,-598102.9920817427,298.3379266606034,709,24:22
88.0%,44050000,-599862.2112420867,301.08924863031774,709,24:21
88.0%,44055000,-599319.81107806,300.833207298929,709,24:20
88.0%,44060000,-599549.6044761972,298.88023284740797,709,24:18
88.0%,44065000,-598956.4809804312,301.201507433847,709,24:17
88.1%,44070000,-598602.8627028642,301.5876178597095,709,24:16
88.1%,44075000,-599072.3897762988,298.46838826837626,709,24:15
88.1%,44080000,-599016.5210765125,298.11129929456246,709,24:14
88.1%,44085000,-599509.1059225849,302.463388626141,709,24:12
88.1%,44090000,-600300.0850763717,302.0599094867954,709,24:11
88.1%,44095000,-600258.1539911237,301.5042333157418,709,24:10
88.1%,44100000,-598797.9756453275,301.4457978983453,709,24:09
88.1%,44105000,-599416.1685088542,301.80018834322806,709,24:07
88.1%,44110000,-599899.4578631283,299.68674954863775,709,24:06
88.1%,44115000,-600283.0262862002,301.87584528162057,709,24:05
88.2%,44120000,-599491.4179454241,300.00134895782907,709,24:04
88.2%,44125000,-600270.3731943364,300.4460665256565,709,24:03
88.2%,44130000,-598400.9336966123,298.86681379899653,709,24:01
88.2%,44135000,-599971.6461052089,301.33189544537623,709,24:00
88.2%,44140000,-598252.5589254447,298.0710666814095,709,23:59
88.2%,44145000,-600254.4248461355,301.1935590395411,709,23:58
88.2%,44150000,-598754.2043502927,298.517599623245,709,23:57
88.2%,44155000,-598854.0341781084,300.10232300401054,709,23:55
88.2%,44160000,-599842.4473278485,297.9177411739668,709,23:54
88.2%,44165000,-599421.9871729668,301.1595085108483,709,23:53
88.3%,44170000,-598933.5093755573,299.9814534399833,709,23:52
88.3%,44175000,-599016.8042470175,298.4847756986117,709,23:50
88.3%,44180000,-598967.4759373409,301.07197804515937,709,23:49
88.3%,44185000,-599863.7606678116,300.1257511415477,709,23:48
88.3%,44190000,-599475.6282513728,299.0277197195272,709,23:47
88.3%,44195000,-598991.3430223437,301.49971941280273,709,23:46
88.3%,44200000,-599013.9019859103,300.7435425421765,709,23:44
88.3%,44205000,-598986.2836246113,298.516569275835,709,23:43
88.3%,44210000,-598526.1939075794,302.21294060926385,709,23:42
88.3%,44215000,-599920.8601726415,301.0709231656682,709,23:41
88.4%,44220000,-598420.3782262057,302.3883204576971,709,23:39
88.4%,44225000,-600011.0684890384,302.56917096023597,709,23:38
88.4%,44230000,-599987.386036599,301.2996357586103,709,23:37
88.4%,44235000,-599058.3371439353,298.7891697620276,709,23:36
88.4%,44240000,-600223.2394176661,302.2455192130853,709,23:35
88.4%,44245000,-599906.7899761321,296.5477225677835,709,23:33
88.4%,44250000,-600136.3305033525,300.17066938220813,709,23:32
88.4%,44255000,-598686.0622868952,298.6215665833318,709,23:31
88.4%,44260000,-600978.2798782415,300.57723956378385,709,23:30
88.4%,44265000,-599912.4437998361,300.1900987905113,709,23:29
88.5%,44270000,-600308.0468806247,299.77246464031856,709,23:27
88.5%,44275000,-599968.3718084516,299.3004428661257,709,23:26
88.5%,44280000,-600707.7223323523,297.81882782260533,709,23:25
88.5%,44285000,-598829.1041028132,303.24110466405284,709,23:24
88.5%,44290000,-598071.1452717902,299.94401748408603,709,23:22
88.5%,44295000,-599365.4958661362,299.0060333597545,709,23:21
88.5%,44300000,-599358.5835619569,297.23913474406595,709,23:20
88.5%,44305000,-599231.5459130383,298.8649248287449,709,23:19
88.5%,44310000,-600293.180536021,303.14572393238285,709,23:18
88.5%,44315000,-599486.0049746446,300.96872251542715,709,23:16
88.6%,44320000,-600076.3372911522,299.7492818235932,709,23:15
88.6%,44325000,-599861.8188155172,300.1665479925681,709,23:14
88.6%,44330000,-598879.5497694341,301.9578805611227,709,23:13
88.6%,44335000,-599639.1879783762,301.8097803869737,709,23:12
88.6%,44340000,-600260.4403037648,296.4889191691691,709,23:10
88.6%,44345000,-599816.0805331436,304.4222507771479,709,23:09
88.6%,44350000,-598907.7297129822,299.91423553752037,709,23:08
88.6%,44355000,-600119.2005473366,301.8394396731334,709,23:07
88.6%,44360000,-597724.8893817039,300.3162672840757,709,23:05
88.6%,44365000,-598279.7229842488,301.9359734126194,709,23:04
88.7%,44370000,-600500.0674173278,298.50614314132895,709,23:03
88.7%,44375000,-600571.1849999465,301.3897666249054,709,23:02
88.7%,44380000,-599269.8834915981,300.9146292764014,709,23:01
88.7%,44385000,-599800.0480568185,298.28969658898217,709,22:59
88.7%,44390000,-599669.6015636153,299.5218694309542,709,22:58
88.7%,44395000,-600476.6709870361,300.5034225314806,709,22:57
88.7%,44400000,-598280.0001281211,302.45720654168093,709,22:56
88.7%,44405000,-599451.5099206194,299.70760181765,709,22:54
88.7%,44410000,-600204.9885513345,300.39001072013536,709,22:53
88.7%,44415000,-600123.5762450118,299.6480624565998,709,22:52
88.8%,44420000,-599395.7482019402,300.40222769656845,709,22:51
88.8%,44425000,-598505.074431147,299.0326016036842,709,22:50
88.8%,44430000,-600179.7225584295,295.00730412564866,709,22:48
88.8%,44435000,-598206.2358853472,301.927706101258,709,22:47
88.8%,44440000,-599118.4176711184,301.7936137454689,709,22:46
88.8%,44445000,-597737.8326696958,300.57211235881493,709,22:45
88.8%,44450000,-599107.6543325237,299.93697677678426,709,22:44
88.8%,44455000,-599180.0580656175,301.10023900269124,709,22:42
88.8%,44460000,-599379.9307542439,300.5150507379651,709,22:41
88.8%,44465000,-599070.1431558765,300.6179137543982,709,22:40
88.9%,44470000,-598422.2599656205,301.48078064612343,709,22:39
88.9%,44475000,-599955.6824621684,300.4299244162329,709,22:37
88.9%,44480000,-599688.1157723139,299.5687011739475,709,22:36
88.9%,44485000,-599439.2508096192,302.7006383833376,709,22:35
88.9%,44490000,-600907.8287912686,301.1172152028753,709,22:34
88.9%,44495000,-599081.4943561312,300.2960283170933,709,22:33
88.9%,44500000,-599532.879490973,302.3350122452694,709,22:31
88.9%,44505000,-600481.0187001098,297.4981444572788,709,22:30
88.9%,44510000,-599034.700491393,300.56320721334265,709,22:29
88.9%,44515000,-601995.3778235791,299.20138232227714,709,22:28
89.0%,44520000,-599639.5813012235,298.9916575601767,709,22:26
89.0%,44525000,-599815.8451851597,300.6608694285634,709,22:25
89.0%,44530000,-599905.8293003938,299.46865934685127,709,22:24
89.0%,44535000,-599941.9176244736,300.0922403186411,709,22:23
89.0%,44540000,-599825.3557220851,298.58373811413554,709,22:22
89.0%,44545000,-600011.9223305327,300.2261609498618,709,22:20
89.0%,44550000,-599760.6322995196,298.6438907772154,709,22:19
89.0%,44555000,-598495.8786360961,300.4233743505549,709,22:18
89.0%,44560000,-599437.4004643979,301.3892759832816,709,22:17
89.0%,44565000,-599869.2815685389,300.3139367363626,709,22:16
89.1%,44570000,-600693.2148995642,301.5092869244672,709,22:14
89.1%,44575000,-598463.4330728976,300.40475450093106,709,22:13
89.1%,44580000,-599157.3664462324,300.4633371108148,709,22:12
89.1%,44585000,-599891.4258626183,297.3471740296304,709,22:11
89.1%,44590000,-599021.9574104561,301.6805208511792,709,22:09
89.1%,44595000,-598294.0449574264,300.84459018460154,709,22:08
89.1%,44600000,-599852.14837971,298.7083856186661,709,22:07
89.1%,44605000,-599233.4502509371,297.98437030648114,709,22:06
89.1%,44610000,-599369.1910213497,299.6911162590897,709,22:05
89.1%,44615000,-598674.8835493941,300.4855141122113,709,22:03
89.2%,44620000,-599864.0833985251,304.30871630539673,709,22:02
89.2%,44625000,-599527.8476911737,298.89514835277197,709,22:01
89.2%,44630000,-600377.3641098449,299.59558833493264,709,22:00
89.2%,44635000,-600310.0450232415,300.91274030614966,709,21:58
89.2%,44640000,-598960.3895342997,300.4343892550096,709,21:57
89.2%,44645000,-599338.4443254601,300.61092211125884,709,21:56
89.2%,44650000,-601138.0057182298,301.4429521769271,709,21:55
89.2%,44655000,-600088.8232651325,299.9349651461266,709,21:54
89.2%,44660000,-598590.4583038716,301.44520912839675,709,21:52
89.2%,44665000,-599305.3913356373,298.2403380416263,709,21:51
89.3%,44670000,-600078.9632771667,299.4376017320637,709,21:50
89.3%,44675000,-599613.3505152706,301.2503262754167,709,21:49
89.3%,44680000,-599746.4368670932,302.64271813964604,709,21:48
89.3%,44685000,-598791.1648784932,298.6590270713102,709,21:46
89.3%,44690000,-600177.1396852578,300.22412478712295,709,21:45
89.3%,44695000,-599510.297902565,301.2352390454844,709,21:44
89.3%,44700000,-599565.8351058052,300.4028409985982,709,21:43
89.3%,44705000,-600135.3163974471,298.3542159625141,709,21:41
89.3%,44710000,-599628.5709426012,300.4021295682437,709,21:40
89.3%,44715000,-599747.1272287117,301.49917970701654,709,21:39
89.4%,44720000,-600698.2408194426,300.22385493422985,709,21:38
89.4%,44725000,-599034.9996006014,303.67232958722536,709,21:37
89.4%,44730000,-599532.1149934265,303.5634562109004,709,21:35
89.4%,44735000,-599986.2957325969,300.2596963048497,709,21:34
89.4%,44740000,-600346.3415034129,301.0995275723367,709,21:33
89.4%,44745000,-598562.6564173815,298.5823643175888,709,21:32
89.4%,44750000,-600981.7356633837,302.34190576008405,709,21:30
89.4%,44755000,-600963.5357203139,299.57699301739,709,21:29
89.4%,44760000,-599285.8169266651,299.9353821915069,709,21:28
89.4%,44765000,-599496.9907532088,300.7566917376948,709,21:27
89.5%,44770000,-599283.3545966442,298.9437954697734,709,21:26
89.5%,44775000,-599029.6819288312,301.0914810497061,709,21:24
89.5%,44780000,-599784.0598254711,299.3802457262395,709,21:23
89.5%,44785000,-599187.7468758775,299.0765876252593,709,21:22
89.5%,44790000,-600031.1860789964,299.988494147285,709,21:21
89.5%,44795000,-599766.0927320919,300.4750143814616,709,21:20
89.5%,44800000,-600597.93859406,299.2411242938063,709,21:18
89.5%,44805000,-599545.9727712763,301.6475497340587,709,21:17
89.5%,44810000,-599673.4340027957,299.04138408875053,709,21:16
89.5%,44815000,-600923.7471232745,299.02551183222005,709,21:15
89.6%,44820000,-599870.5722147911,297.33206226761683,709,21:13
89.6%,44825000,-599238.5211405894,300.06427374608353,709,21:12
89.6%,44830000,-600175.7008991609,299.0286028744501,709,21:11
89.6%,44835000,-600882.4473167518,302.71938089336743,709,21:10
89.6%,44840000,-600173.774069618,300.1753795417968,709,21:09
89.6%,44845000,-599608.58508744,300.0945953984354,709,21:07
89.6%,44850000,-598415.1217069481,300.2382307338077,709,21:06
89.6%,44855000,-599845.8445657939,303.8333581681619,709,21:05
89.6%,44860000,-598450.6887496067,300.9474532010347,709,21:04
89.6%,44865000,-599379.4829864497,300.56735313506397,709,21:02
89.7%,44870000,-599141.9301370909,300.2115888936345,709,21:01
89.7%,44875000,-599991.3397192364,301.92324126248127,709,21:00
89.7%,44880000,-599910.2460319716,299.4506037350948,709,20:59
89.7%,44885000,-600100.0399037884,300.61239403613035,709,20:58
89.7%,44890000,-598873.3367914222,302.48963795301523,709,20:56
89.7%,44895000,-599203.7626163731,302.75637527180317,709,20:55
89.7%,44900000,-600121.9268832672,302.8672848108669,709,20:54
89.7%,44905000,-600092.1067560664,303.5492276038097,709,20:53
89.7%,44910000,-598852.336900475,301.36211896940335,709,20:52
89.7%,44915000,-599636.4498364311,301.41920512233446,709,20:50
89.8%,44920000,-598994.8723954037,302.5208182282088,709,20:49
89.8%,44925000,-598512.0029992904,300.26467631733146,709,20:48
89.8%,44930000,-599485.527594727,300.1574711225275,709,20:47
89.8%,44935000,-599557.50722592,301.35095687246155,709,20:45
89.8%,44940000,-600617.4760544216,299.39884104378217,709,20:44
89.8%,44945000,-599008.1045386447,300.60554958547806,709,20:43
89.8%,44950000,-600314.2727928394,297.8478247425729,709,20:42
89.8%,44955000,-598232.0214054128,301.2423533490297,709,20:41
89.8%,44960000,-599061.3860237161,297.92431577172596,709,20:39
89.8%,44965000,-600513.9211279443,297.60787645644535,709,20:38
89.9%,44970000,-599071.8360985098,296.9391073911021,709,20:37
89.9%,44975000,-600751.8496523402,300.77975189401417,709,20:36
89.9%,44980000,-599239.2486219737,300.2474547963355,709,20:34
89.9%,44985000,-600109.7086183997,304.21664740468754,709,20:33
89.9%,44990000,-598379.4928072025,302.8909337371349,709,20:32
89.9%,44995000,-600084.2605140586,300.7633153996163,709,20:31
89.9%,45000000,-599491.2515067793,301.6481875681697,709,20:30
89.9%,45005000,-598399.1639893777,301.8470936824649,709,20:28
89.9%,45010000,-599489.1834861012,299.6941582371574,709,20:27
89.9%,45015000,-599317.581364275,300.0700387851634,709,20:26
90.0%,45020000,-598462.6710859984,300.1775383649416,709,20:25
90.0%,45025000,-601066.6789362417,301.51600871471345,709,20:24
90.0%,45030000,-598931.4038555981,299.63709661630753,709,20:22
90.0%,45035000,-599247.8924902542,298.9226242837057,709,20:21
90.0%,45040000,-600398.3957601544,300.9337642997302,709,20:20
90.0%,45045000,-599413.9698843188,299.47229009486756,709,20:19
90.0%,45050000,-599097.6193659119,301.15730062354106,709,20:17
90.0%,45055000,-599100.1225006995,299.3220065654925,709,20:16
90.0%,45060000,-600364.8716270393,297.2199997207371,709,20:15
90.0%,45065000,-600854.6617107922,299.1460624791918,709,20:14
90.0%,45070000,-600334.869441695,299.953266078695,709,20:13
90.1%,45075000,-598718.1838418525,300.8340168576083,709,20:11
90.1%,45080000,-599475.484745638,299.62723471966876,709,20:10
90.1%,45085000,-598461.1370439441,301.05102764782237,709,20:09
90.1%,45090000,-599223.1753669293,300.2548634848551,709,20:08
90.1%,45095000,-600753.7709435634,304.6489517394324,709,20:06
90.1%,45100000,-600368.7494822969,302.9051623442256,709,20:05
90.1%,45105000,-600940.9131612512,303.31038326133574,709,20:04
90.1%,45110000,-599473.012750919,299.043763700626,709,20:03
90.1%,45115000,-599934.0245298124,302.83198314603334,709,20:02
90.1%,45120000,-599260.2051072912,301.63837473569333,709,20:00
90.2%,45125000,-600640.4757707319,301.9291780261295,709,19:59
90.2%,45130000,-599509.6121465447,303.82089587091696,709,19:58
90.2%,45135000,-599038.9615950007,301.7668737769709,709,19:57
90.2%,45140000,-601429.2491358216,300.24828888709595,709,19:56
90.2%,45145000,-598976.625101022,301.0846120669726,709,19:54
90.2%,45150000,-599071.148978082,300.57584123515596,709,19:53
90.2%,45155000,-600664.4575584894,298.06051788649745,709,19:52
90.2%,45160000,-600714.3018871569,301.95699740619983,709,19:51
90.2%,45165000,-599293.8988146861,300.6136942364334,709,19:49
90.2%,45170000,-599802.8985134712,299.6131533050653,709,19:48
90.3%,45175000,-599752.7361030411,301.15349815095647,709,19:47
90.3%,45180000,-599196.041322968,298.4323751731881,709,19:46
90.3%,45185000,-599642.1242262055,299.6706074392142,709,19:45
90.3%,45190000,-598967.3811510406,299.31381285037475,709,19:43
90.3%,45195000,-599465.2940966948,300.1716016012934,709,19:42
90.3%,45200000,-599390.418547119,298.1650000202892,709,19:41
90.3%,45205000,-599367.2052678163,299.6126135992791,709,19:40
90.3%,45210000,-600258.5322944764,300.5947309376729,709,19:38
90.3%,45215000,-599763.3483450874,299.7565187875445,709,19:37
90.3%,45220000,-599025.806832388,300.4280599780624,709,19:36
90.4%,45225000,-598813.9821660644,301.2133809611433,709,19:35
90.4%,45230000,-601072.3555217208,299.6670748195227,709,19:34
90.4%,45235000,-599771.9492089082,299.05656944700763,709,19:32
90.4%,45240000,-601128.1550737694,298.6053754097459,709,19:31
90.4%,45245000,-599636.0327705597,299.6177162721668,709,19:30
90.4%,45250000,-599536.9071281245,299.3433494761285,709,19:29
90.4%,45255000,-599575.697900461,299.7619158454065,709,19:28
90.4%,45260000,-599222.4096082649,300.14069117899294,709,19:26
90.4%,45265000,-598947.8116637673,299.5073955030516,709,19:25
90.4%,45270000,-599045.6951008383,302.5777571886527,709,19:24
90.5%,45275000,-599665.8044240191,300.3923412678485,709,19:23
90.5%,45280000,-599541.1131187775,300.4601724723412,709,19:21
90.5%,45285000,-599303.6974589261,301.82722269670035,709,19:20
90.5%,45290000,-598648.4319288884,301.0924378008725,709,19:19
90.5%,45295000,-598641.7687372756,300.09064573336366,709,19:18
90.5%,45300000,-598817.645257758,300.71866701184894,709,19:17
90.5%,45305000,-599727.5992475376,301.3198011293491,709,19:15
90.5%,45310000,-600220.0493797618,301.08414595743005,709,19:14
90.5%,45315000,-599476.5766041353,302.93150979942453,709,19:13
90.5%,45320000,-599698.6781114973,302.4089028738162,709,19:12
90.6%,45325000,-599526.3101468012,302.60179862821974,709,19:10
90.6%,45330000,-599738.2854095199,301.46630671822084,709,19:09
90.6%,45335000,-598330.605532492,300.7903006889262,709,19:08
90.6%,45340000,-599276.0279917507,298.15059968863017,709,19:07
90.6%,45345000,-599930.4916040837,298.798344760393,709,19:06
90.6%,45350000,-599277.076300818,299.8569285958586,709,19:04
90.6%,45355000,-598899.5020589381,299.8500841452064,709,19:03
90.6%,45360000,-599987.1381373084,299.0315957883554,709,19:02
90.6%,45365000,-599092.9526106911,300.9272878302958,709,19:01
90.6%,45370000,-598890.9407003652,300.65238132847134,709,19:00
90.7%,45375000,-599823.2719575721,299.62927088240764,709,18:58
90.7%,45380000,-599282.001093735,301.84576895008064,709,18:57
90.7%,45385000,-599303.2592400648,299.9724501661862,709,18:56
90.7%,45390000,-598453.9005117775,299.82528221112244,709,18:55
90.7%,45395000,-599340.0404114779,299.1587700972487,709,18:53
90.7%,45400000,-599996.1834444073,298.60812300283925,709,18:52
90.7%,45405000,-598766.0876926635,299.61114167440763,709,18:51
90.7%,45410000,-600056.3888941403,302.95128265686435,709,18:50
90.7%,45415000,-599850.5273843352,302.63001052158916,709,18:49
90.7%,45420000,-599137.2952543427,302.0057671836073,709,18:47
90.8%,45425000,-600393.4598199292,300.69055324680426,709,18:46
90.8%,45430000,-598890.7536339136,296.8659772570722,709,18:45
90.8%,45435000,-600962.0165195637,300.33650625105815,709,18:44
90.8%,45440000,-601326.3909734567,297.8670088300641,709,18:42
90.8%,45445000,-600264.4126230367,299.8651468430575,709,18:41
90.8%,45450000,-600224.1279547531,298.2677894404788,709,18:40
90.8%,45455000,-599198.2899154262,301.4816638010463,709,18:39
90.8%,45460000,-600973.4639838757,301.08468566321625,709,18:38
90.8%,45465000,-600027.0837153485,301.8144660144811,709,18:36
90.8%,45470000,-598705.4035432632,299.23425531107284,709,18:35
90.9%,45475000,-598666.1165274591,300.64973186370275,709,18:34
90.9%,45480000,-600515.6930160159,299.0446959197113,709,18:33
90.9%,45485000,-599678.6794484081,296.8501540647041,709,18:32
90.9%,45490000,-598679.8774678693,298.3710940343734,709,18:30
90.9%,45495000,-598620.9120875378,300.8400517495812,709,18:29
90.9%,45500000,-600516.1015566252,300.6549817290776,709,18:28
90.9%,45505000,-600137.1547253281,302.88227391247455,709,18:27
90.9%,45510000,-601462.1794096236,299.04930795097516,709,18:25
90.9%,45515000,-598314.3171640718,299.9860654712471,709,18:24
90.9%,45520000,-598667.6499178372,303.04337608965477,709,18:23
91.0%,45525000,-598418.3576417039,302.64750189547823,709,18:22
91.0%,45530000,-600401.7255142876,301.74243982410485,709,18:21
91.0%,45535000,-600319.1712190518,298.70872906780284,709,18:19
91.0%,45540000,-598007.0094918637,299.6542690731411,709,18:18
91.0%,45545000,-599352.954474221,302.50254182772164,709,18:17
91.0%,45550000,-600868.8866201909,299.848759412822,709,18:16
91.0%,45555000,-598026.9294526051,303.43461372048614,709,18:14
91.0%,45560000,-598944.2699996186,300.2352378199024,709,18:13
91.0%,45565000,-600432.1780879339,300.3563772368227,709,18:12
91.0%,45570000,-599968.0912815141,298.86553813077467,709,18:11
91.1%,45575000,-599034.520928632,298.5599419953804,709,18:10
91.1%,45580000,-597989.7404353148,299.4224163738066,709,18:08
91.1%,45585000,-599055.3709013062,300.2679145520486,709,18:07
91.1%,45590000,-599286.7278243327,298.6514957223846,709,18:06
91.1%,45595000,-599835.4632273549,300.33964635745065,709,18:05
91.1%,45600000,-598577.613262665,303.8369398520158,709,18:03
91.1%,45605000,-599104.7722454821,299.9053549241293,709,18:02
91.1%,45610000,-598422.0843692156,298.04741775514157,709,18:01
91.1%,45615000,-600358.591961707,300.2437259199944,709,18:00
91.1%,45620000,-598756.1125421608,298.79272691380027,709,17:59
91.2%,45625000,-598863.3579090484,299.87181956914145,709,17:57
91.2%,45630000,-599228.2430963656,303.31151173707053,709,17:56
91.2%,45635000,-598850.2462854651,299.29776886927596,709,17:55
91.2%,45640000,-600224.6646808893,301.4621117323372,709,17:54
91.2%,45645000,-600430.3415397401,301.1627958097278,709,17:53
91.2%,45650000,-600349.9568868475,300.92115480999814,709,17:51
91.2%,45655000,-598712.393523043,298.78313487005465,709,17:50
91.2%,45660000,-600077.2073887987,297.4042601825614,709,17:49
91.2%,45665000,-599310.7785621923,303.2224112181854,709,17:48
91.2%,45670000,-599194.8764327946,299.4618884924426,709,17:46
91.3%,45675000,-599903.714214249,300.6939386740086,709,17:45
91.3%,45680000,-599459.8199248188,303.29487898602315,709,17:44
91.3%,45685000,-599353.7947673621,301.47199816105706,709,17:43
91.3%,45690000,-599725.2717354596,298.9982321579359,709,17:42
91.3%,45695000,-597787.5916034323,303.85342541057605,709,17:40
91.3%,45700000,-597329.9775884589,302.2575154007876,709,17:39
91.3%,45705000,-600035.6259898571,299.73831598330094,709,17:38
91.3%,45710000,-598488.1915686154,298.8792760962415,709,17:37
91.3%,45715000,-600058.281041983,300.50759298528305,709,17:35
91.3%,45720000,-599505.4299738267,300.9542731196058,709,17:34
91.4%,45725000,-598703.6568265283,298.4478549164195,709,17:33
91.4%,45730000,-598280.6782716908,300.68422396985704,709,17:32
91.4%,45735000,-598737.0379609638,299.19998399364925,709,17:31
91.4%,45740000,-599645.1819896214,299.68635703533874,709,17:29
91.4%,45745000,-599961.8572101439,299.84184136592626,709,17:28
91.4%,45750000,-600415.3714235728,300.4318133864846,709,17:27
91.4%,45755000,-599288.6145217218,298.01753768025105,709,17:26
91.4%,45760000,-598449.9490143051,299.5718903445023,709,17:25
91.4%,45765000,-598774.3566775941,300.99080138849894,709,17:23
91.4%,45770000,-599780.504695632,300.63363881844157,709,17:22
91.5%,45775000,-599781.0689145522,300.11532500704163,709,17:21
91.5%,45780000,-599897.0280140913,301.4071353383885,709,17:20
91.5%,45785000,-599806.6868603351,301.0794357978414,709,17:18
91.5%,45790000,-600403.6893224963,303.65638373445125,709,17:17
91.5%,45795000,-599906.9157459307,296.6235266986632,709,17:16
91.5%,45800000,-599587.5982783148,300.4647599715239,709,17:15
91.5%,45805000,-599970.0561024453,302.24036747603515,709,17:14
91.5%,45810000,-600430.8599417587,297.7370869280775,709,17:12
91.5%,45815000,-600723.3637071219,300.57216142297733,709,17:11
91.5%,45820000,-599360.8946072836,300.4837478023656,709,17:10
91.6%,45825000,-598909.5530593591,302.36202206666053,709,17:09
91.6%,45830000,-599807.7984298831,299.4338237915603,709,17:07
91.6%,45835000,-600217.875116914,303.38437201820733,709,17:06
91.6%,45840000,-599323.2401872971,302.1300957710824,709,17:05
91.6%,45845000,-598566.4602321377,302.7292182579249,709,17:04
91.6%,45850000,-600375.9972189516,298.4432674172368,709,17:03
91.6%,45855000,-599467.0339729493,299.94816340580735,709,17:01
91.6%,45860000,-600484.9626700333,298.89220450302906,709,17:00
91.6%,45865000,-599536.1059975009,302.60609174242813,709,16:59
91.6%,45870000,-599631.3532712101,303.1874284704073,709,16:58
91.7%,45875000,-600968.9079314335,297.00512322158664,709,16:57
91.7%,45880000,-598119.3082353361,300.1091183905004,709,16:55
91.7%,45885000,-600237.5071791951,300.67966100275555,709,16:54
91.7%,45890000,-597704.9042241527,301.42286040243187,709,16:53
91.7%,45895000,-599865.7487886488,300.93815554226336,709,16:52
91.7%,45900000,-600644.5092635876,299.38848850551966,709,16:50
91.7%,45905000,-599242.5738307452,300.0294381907925,709,16:49
91.7%,45910000,-599866.9560953402,301.85347202357457,709,16:48
91.7%,45915000,-599476.1523262756,300.1317124372771,709,16:47
91.7%,45920000,-599220.7325470829,300.3729854557889,709,16:46
91.8%,45925000,-599487.0172462547,299.8026636322645,709,16:44
91.8%,45930000,-599747.4921020223,301.3605979803695,709,16:43
91.8%,45935000,-598248.5178384003,297.6495073982262,709,16:42
91.8%,45940000,-597571.3904372687,300.49248122326946,709,16:41
91.8%,45945000,-599523.5284075132,299.63707208422636,709,16:39
91.8%,45950000,-599937.2012099712,298.6024806241653,709,16:38
91.8%,45955000,-599762.8167864643,300.1901969188361,709,16:37
91.8%,45960000,-598765.6717687291,301.05767584182513,709,16:36
91.8%,45965000,-599413.2595971655,300.5367370977378,709,16:35
91.8%,45970000,-599750.0623894385,300.63349162595443,709,16:33
91.9%,45975000,-599333.3335752795,298.69344558122094,709,16:32
91.9%,45980000,-598284.8749323222,299.57125251039133,709,16:31
91.9%,45985000,-600097.1303711878,300.43794640678226,709,16:30
91.9%,45990000,-599782.1282242509,301.36538173620175,709,16:28
91.9%,45995000,-600869.7090538992,300.8548200624581,709,16:27
91.9%,46000000,-599433.0384906614,300.98636108180335,709,16:26
91.9%,46005000,-600077.5325751812,299.7224191946892,709,16:25
91.9%,46010000,-599983.9033540362,301.44138212373093,709,16:24
91.9%,46015000,-598083.9492888511,298.73409523975414,709,16:22
91.9%,46020000,-599498.2768725622,301.7463649570954,709,16:21
92.0%,46025000,-600725.2376743746,301.1106406051161,709,16:20
92.0%,46030000,-599436.8544078888,302.69933818303446,709,16:19
92.0%,46035000,-599241.3786388999,301.5683111118123,709,16:18
92.0%,46040000,-599128.7580314563,300.65669897476096,709,16:16
92.0%,46045000,-599770.7326213215,301.03265311901043,709,16:15
92.0%,46050000,-599933.499299522,302.31514125950486,709,16:14
92.0%,46055000,-598672.9705853797,296.6930996809204,709,16:13
92.0%,46060000,-599483.1650964133,300.1578636358265,709,16:12
92.0%,46065000,-600458.06925005,304.13304207198917,709,16:10
92.0%,46070000,-599486.9356200439,299.4917930994142,709,16:09
92.1%,46075000,-599336.9978402685,298.45087236240596,709,16:08
92.1%,46080000,-598142.2763923476,300.2784142827983,709,16:07
92.1%,46085000,-600721.6616041847,300.7660629927097,709,16:05
92.1%,46090000,-599866.1262062029,298.1744939357101,709,16:04
92.1%,46095000,-599235.3811805467,302.00591437609444,709,16:03
92.1%,46100000,-600302.4879307109,299.6291972861641,709,16:02
92.1%,46105000,-599108.1344767739,299.73076010229414,709,16:01
92.1%,46110000,-600565.3461605608,299.05833575685335,709,15:59
92.1%,46115000,-599971.3558600936,296.60218378802716,709,15:58
92.1%,46120000,-600659.746639437,298.9850338982552,709,15:57
92.2%,46125000,-599388.739102039,299.7986649030304,709,15:56
92.2%,46130000,-599524.1599481069,299.9415152118046,709,15:54
92.2%,46135000,-599423.8060297756,300.57208782673376,709,15:53
92.2%,46140000,-599974.0029706596,302.8146880287938,709,15:52
92.2%,46145000,-600015.5896602864,300.4277165289257,709,15:51
92.2%,46150000,-599269.6618609373,299.8684832060995,709,15:50
92.2%,46155000,-599710.4964076434,303.4090022277229,709,15:48
92.2%,46160000,-598990.4515491826,300.14741296923927,709,15:47
92.2%,46165000,-600111.093515805,299.3148186657035,709,15:46
92.2%,46170000,-599958.6292229625,300.35642630098516,709,15:45
92.3%,46175000,-599599.1712136227,301.4655707557851,709,15:44
92.3%,46180000,-599796.6154589122,299.8638221106732,709,15:42
92.3%,46185000,-599389.1799771767,301.5972099034551,709,15:41
92.3%,46190000,-600198.750050778,304.75230539748935,709,15:40
92.3%,46195000,-598082.2686654837,299.73836504746333,709,15:39
92.3%,46200000,-600389.725468955,302.072322719878,709,15:37
92.3%,46205000,-600322.5888217357,298.7561250486635,709,15:36
92.3%,46210000,-598842.1543691955,300.67401862408167,709,15:35
92.3%,46215000,-600129.7046706425,301.2105843038876,709,15:34
92.3%,46220000,-601210.9005766041,297.21362137962745,709,15:33
92.4%,46225000,-598976.778561451,303.15833342211494,709,15:31
92.4%,46230000,-598991.0285922228,299.5249850052654,709,15:30
92.4%,46235000,-599696.3410885762,301.85008659637026,709,15:29
92.4%,46240000,-598629.2332736417,297.6505377456362,709,15:28
92.4%,46245000,-599038.6387107954,302.3798814217675,709,15:26
92.4%,46250000,-600230.0277520968,302.8619368171673,709,15:25
92.4%,46255000,-599636.1669620695,298.4599001682842,709,15:24
92.4%,46260000,-599586.7311510146,300.4524939309284,709,15:23
92.4%,46265000,-598782.6323549957,301.5645577033901,709,15:22
92.4%,46270000,-598981.207956295,301.74710091953114,709,15:20
92.5%,46275000,-599674.0853398675,302.6998288246583,709,15:19
92.5%,46280000,-600517.9627408218,299.772783557374,709,15:18
92.5%,46285000,-600517.3175824969,301.7174661654526,709,15:17
92.5%,46290000,-599722.8400213267,301.40934322569575,709,15:16
92.5%,46295000,-598420.9024231997,299.38417085923004,709,15:14
92.5%,46300000,-599890.4597715735,302.0085147767006,709,15:13
92.5%,46305000,-599119.2185538975,302.08961783711754,709,15:12
92.5%,46310000,-598944.9744847524,300.1248189224625,709,15:11
92.5%,46315000,-599041.735245036,300.8902934518601,709,15:09
92.5%,46320000,-599350.232062019,301.2408568920771,709,15:08
92.6%,46325000,-598601.222714603,299.1173844762797,709,15:07
92.6%,46330000,-598164.6349649932,299.1240326702824,709,15:06
92.6%,46335000,-599438.8736828216,299.68410008386917,709,15:05
92.6%,46340000,-600106.5394265791,302.1688564593639,709,15:03
92.6%,46345000,-601273.6166082737,297.9821624191739,709,15:02
92.6%,46350000,-599386.8850713726,302.15771889450326,709,15:01
92.6%,46355000,-600584.3783456711,301.8680931439643,709,15:00
92.6%,46360000,-599585.27590214,301.1198401355627,709,14:58
92.6%,46365000,-599644.214828636,300.1318596297642,709,14:57
92.6%,46370000,-600236.7259063306,298.4002872109905,709,14:56
92.7%,46375000,-599415.1585175963,298.72038180636844,709,14:55
92.7%,46380000,-600180.1413132688,300.18426015518787,709,14:54
92.7%,46385000,-600455.2913783952,299.4467031341855,709,14:52
92.7%,46390000,-601098.1681326698,299.457570846153,709,14:51
92.7%,46395000,-599957.870847492,300.7153797129694,709,14:50
92.7%,46400000,-598497.7345711738,299.2263314488482,709,14:49
92.7%,46405000,-600842.7286285865,298.68981483320465,709,14:48
92.7%,46410000,-599381.4200094086,298.3771779905087,709,14:46
92.7%,46415000,-600037.9086621413,302.4986412268123,709,14:45
92.7%,46420000,-599811.9977624356,300.09383490391843,709,14:44
92.8%,46425000,-599961.2612548945,299.7500913822725,709,14:43
92.8%,46430000,-600292.5619692504,301.6035391804023,709,14:41
92.8%,46435000,-600831.645043313,298.83950959263115,709,14:40
92.8%,46440000,-599833.2688653506,297.938593442979,709,14:39
92.8%,46445000,-598996.0352982683,297.951448253523,709,14:38
92.8%,46450000,-598651.8627536981,297.8719643104647,709,14:37
92.8%,46455000,-600933.9580345242,298.60071431431953,709,14:35
92.8%,46460000,-600018.6114083701,299.12619149342726,709,14:34
92.8%,46465000,-599775.4406462112,301.732945908684,709,14:33
92.8%,46470000,-600223.3519176091,298.4387780463789,709,14:32
92.9%,46475000,-599480.1941651753,300.1356130381865,709,14:30
92.9%,46480000,-600039.3441138598,302.3086402579893,709,14:29
92.9%,46485000,-598643.4317201357,301.796704787699,709,14:28
92.9%,46490000,-599499.9210534827,298.37151107975365,709,14:27
92.9%,46495000,-599432.9624696514,300.3543656061651,709,14:26
92.9%,46500000,-598821.248773491,300.13225214306334,709,14:24
92.9%,46505000,-600383.3250235738,300.9746838111565,709,14:23
92.9%,46510000,-599335.4834657423,301.1032564486777,709,14:22
92.9%,46515000,-598805.6523285476,300.066653357959,709,14:21
92.9%,46520000,-599478.3688567188,299.40291336925986,709,14:20
93.0%,46525000,-599338.0714656734,299.1581077310565,709,14:18
93.0%,46530000,-600109.4462908371,301.1376749585884,709,14:17
93.0%,46535000,-598770.2213568464,303.5059284805079,709,14:16
93.0%,46540000,-600801.3442428778,301.0149409563907,709,14:15
93.0%,46545000,-600174.6597818579,301.6062622414145,709,14:13
93.0%,46550000,-599252.280609413,301.25751417520564,709,14:12
93.0%,46555000,-600576.9457888892,303.8371361086654,709,14:11
93.0%,46560000,-598785.9331993405,301.9760833653664,709,14:10
93.0%,46565000,-598570.3180851177,298.74753882024675,709,14:09
93.0%,46570000,-599447.0678169592,299.8206947119397,709,14:07
93.1%,46575000,-599000.3546504993,298.5678658576051,709,14:06
93.1%,46580000,-599753.5009776875,299.50234189432626,709,14:05
93.1%,46585000,-598199.5659859916,300.7164345924606,709,14:04
93.1%,46590000,-599702.4507680708,301.38682277516256,709,14:02
93.1%,46595000,-599576.521639701,301.42543627095694,709,14:01
93.1%,46600000,-600034.8072802946,300.3348380695372,709,14:00
93.1%,46605000,-598770.0293934448,300.67605478682054,709,13:59
93.1%,46610000,-599560.3915256164,297.4661791554871,709,13:58
93.1%,46615000,-599966.3755346686,301.4954508306755,709,13:56
93.1%,46620000,-599483.3658346417,299.2232894707805,709,13:55
93.2%,46625000,-599323.4205356692,302.3330742108554,709,13:54
93.2%,46630000,-598727.9026787388,300.4718006788256,709,13:53
93.2%,46635000,-600476.9821938733,298.2942104919213,709,13:52
93.2%,46640000,-597686.0631660419,299.71741465012633,709,13:50
93.2%,46645000,-600556.4685822674,298.83585431253374,709,13:49
93.2%,46650000,-599275.9628049876,298.93108785171654,709,13:48
93.2%,46655000,-598092.7072115112,300.3547581194642,709,13:47
93.2%,46660000,-597299.7084910776,302.429190904961,709,13:45
93.2%,46665000,-599065.8281942038,300.89632834383303,709,13:44
93.2%,46670000,-600122.418572031,298.0073813986381,709,13:43
93.3%,46675000,-599850.5080264816,299.79258094689504,709,13:42
93.3%,46680000,-598638.8702359963,302.6971057636461,709,13:41
93.3%,46685000,-598529.3154670098,300.40764928651157,709,13:39
93.3%,46690000,-599988.4741964247,299.96899114273833,709,13:38
93.3%,46695000,-598825.4278348559,298.8860469506502,709,13:37
93.3%,46700000,-599722.8817326799,300.25842063662776,709,13:36
93.3%,46705000,-599758.3909344277,299.71525582698155,709,13:34
93.3%,46710000,-600339.153772743,300.8944393735813,709,13:33
93.3%,46715000,-598905.8590887771,298.0202852733444,709,13:32
93.3%,46720000,-600206.2587197064,299.61835410627776,709,13:31
93.4%,46725000,-599489.5392189198,301.042367823162,709,13:30
93.4%,46730000,-600004.0754319965,300.1146381087683,709,13:28
93.4%,46735000,-599308.0858547599,299.5772383382019,709,13:27
93.4%,46740000,-600550.0340419649,301.1412566424423,709,13:26
93.4%,46745000,-599146.4063033592,300.9790995857708,709,13:25
93.4%,46750000,-600924.2619772432,300.7818125888342,709,13:23
93.4%,46755000,-600117.4374166662,300.9831228470862,709,13:22
93.4%,46760000,-599437.9000582593,302.3573609712343,709,13:21
93.4%,46765000,-599986.4907246782,300.1076219335477,709,13:20
93.4%,46770000,-600148.7744110669,301.29880166784983,709,13:19
93.5%,46775000,-599366.758977354,300.1545027407034,709,13:17
93.5%,46780000,-599691.3349588588,296.4821728468416,709,13:16
93.5%,46785000,-599733.652625116,299.1029105483771,709,13:15
93.5%,46790000,-600308.0677513354,302.44516128981627,709,13:14
93.5%,46795000,-600054.3091419549,300.40480356509346,709,13:13
93.5%,46800000,-599711.7541422993,299.34293243074825,709,13:11
93.5%,46805000,-599255.3415960283,298.5910977384928,709,13:10
93.5%,46810000,-600159.3870782377,302.84849323667476,709,13:09
93.5%,46815000,-599697.4037393527,296.9770339886231,709,13:08
93.5%,46820000,-598660.3458767468,300.2151460454071,709,13:06
93.6%,46825000,-599367.67344171,299.54946802229387,709,13:05
93.6%,46830000,-599189.757701016,301.6428886386324,709,13:04
93.6%,46835000,-598190.1450877162,299.7016405219206,709,13:03
93.6%,46840000,-597906.1298695994,299.5386248424075,709,13:02
93.6%,46845000,-599188.4078378063,303.99720793843557,709,13:00
93.6%,46850000,-599358.1384238121,299.4746451746618,709,12:59
93.6%,46855000,-600411.721620698,299.6542690731411,709,12:58
93.6%,46860000,-598285.6024954515,300.2021685744572,709,12:57
93.6%,46865000,-600350.5821631607,298.6268164487066,709,12:55
93.6%,46870000,-599252.3772599441,302.58651514163785,709,12:54
93.7%,46875000,-600074.3083033063,300.4565662564061,709,12:53
93.7%,46880000,-599619.5455867369,303.8008531605841,709,12:52
93.7%,46885000,-598561.8491558563,298.761718363175,709,12:51
93.7%,46890000,-600033.8345766049,301.7987164183566,709,12:49
93.7%,46895000,-599215.5524360528,299.0333130340387,709,12:48
93.7%,46900000,-599036.9217258133,298.79275144588144,709,12:47
93.7%,46905000,-600179.0383161237,302.72615174777604,709,12:46
93.7%,46910000,-599259.4678082201,300.35134816017865,709,12:45
93.7%,46915000,-598878.6410933686,302.9184342001498,709,12:43
93.7%,46920000,-599830.592971588,300.5499844215808,709,12:42
93.8%,46925000,-599504.1694400124,300.1199370383055,709,12:41
93.8%,46930000,-599732.0788119417,301.1425813748266,709,12:40
93.8%,46935000,-599555.9855369586,301.4438598639312,709,12:38
93.8%,46940000,-599509.8739051437,302.38699572531283,709,12:37
93.8%,46945000,-598807.3081579721,302.5296497774375,709,12:36
93.8%,46950000,-599725.7028185194,303.73326727690335,709,12:35
93.8%,46955000,-598472.6032602442,303.1369414473166,709,12:34
93.8%,46960000,-598514.9986545267,301.27686998726523,709,12:32
93.8%,46965000,-598778.2560379677,301.5262140604888,709,12:31
93.8%,46970000,-600462.6086794771,299.93678052013473,709,12:30
93.9%,46975000,-599860.1831518491,300.36319715539383,709,12:29
93.9%,46980000,-598748.115633741,298.5361949407877,709,12:27
93.9%,46985000,-598294.0278810337,301.5439262231086,709,12:26
93.9%,46990000,-600508.4226398366,300.5582272008609,709,12:25
93.9%,46995000,-600546.4951923881,299.1525634807074,709,12:24
93.9%,47000000,-599693.7189689083,299.5605074588297,709,12:23
93.9%,47005000,-600055.1350819054,300.8102452709344,709,12:21
93.9%,47010000,-598346.9775973717,296.30252441628113,709,12:20
93.9%,47015000,-600250.2830429971,299.7752367654931,709,12:19
93.9%,47020000,-599679.9923480083,299.88030766923345,709,12:18
94.0%,47025000,-600445.2817375707,301.75951415261363,709,12:16
94.0%,47030000,-601252.3473090455,301.5436809022967,709,12:15
94.0%,47035000,-599747.5932801934,302.83799350592506,709,12:14
94.0%,47040000,-598704.6370368064,298.2851336218807,709,12:13
94.0%,47045000,-599910.2542014443,298.612342520804,709,12:12
94.0%,47050000,-599914.9856027444,300.8590395804229,709,12:10
94.0%,47055000,-598110.2150322432,299.0032367024988,709,12:09
94.0%,47060000,-601430.5823885272,300.53536330119107,709,12:08
94.0%,47065000,-599534.0544466963,301.8489581206355,709,12:07
94.0%,47070000,-601021.4281522818,301.1144185456195,709,12:06
94.1%,47075000,-599782.6359342793,300.35193693012724,709,12:04
94.1%,47080000,-600060.3673480358,301.7456289946597,709,12:03
94.1%,47085000,-600558.3128002863,301.2795194520338,709,12:02
94.1%,47090000,-598770.1335826111,298.8713031698545,709,12:01
94.1%,47095000,-600179.9419254828,299.012779682082,709,11:59
94.1%,47100000,-599017.3680679118,299.5189010491301,709,11:58
94.1%,47105000,-598976.2279299763,297.8765763417286,709,11:57
94.1%,47110000,-599961.9319882449,299.1289636186018,709,11:56
94.1%,47115000,-599426.4667583783,301.8373053820698,709,11:55
94.1%,47120000,-599141.4638241003,299.15582624750573,709,11:53
94.2%,47125000,-599667.8503386485,298.45499375204605,709,11:52
94.2%,47130000,-598907.0903042215,298.96165482488027,709,11:51
94.2%,47135000,-599116.5455308044,298.58057347566194,709,11:50
94.2%,47140000,-601204.3045884892,302.190076709594,709,11:48
94.2%,47145000,-599914.4567784332,300.37833344948854,709,11:47
94.2%,47150000,-599755.0387092177,300.1121358364868,709,11:46
94.2%,47155000,-599333.7760236543,301.6993124253714,709,11:45
94.2%,47160000,-599597.138508108,298.6667056127229,709,11:44
94.2%,47165000,-599764.6571502476,297.9845665631306,709,11:42
94.2%,47170000,-599705.9987468557,299.85837598864885,709,11:41
94.3%,47175000,-600327.5828706417,300.53244398352933,709,11:40
94.3%,47180000,-599731.4308140026,301.58700455767973,709,11:39
94.3%,47185000,-600108.1484188084,299.3424172570432,709,11:38
94.3%,47190000,-599429.5859436807,302.51392471339415,709,11:36
94.3%,47195000,-600208.8434660258,300.3337341258836,709,11:35
94.3%,47200000,-601067.4012791524,299.63145423763365,709,11:34
94.3%,47205000,-599862.4287460162,303.4707740081614,709,11:33
94.3%,47210000,-599529.0507019092,299.9074646831117,709,11:31
94.3%,47215000,-599075.9902019976,300.1787649690011,709,11:30
94.3%,47220000,-597952.561662022,297.82596665823183,709,11:29
94.4%,47225000,-599840.6681916914,298.90898444656364,709,11:28
94.4%,47230000,-598943.919990615,300.20614277161013,709,11:27
94.4%,47235000,-599379.4115150063,300.4999389759515,709,11:25
94.4%,47240000,-598445.3904867303,299.1790335963123,709,11:24
94.4%,47245000,-598385.1820671298,302.09545647244096,709,11:23
94.4%,47250000,-599552.8586217929,302.3267694659893,709,11:22
94.4%,47255000,-600003.4351342823,298.1855579043271,709,11:20
94.4%,47260000,-599322.3726825262,298.9314558329344,709,11:19
94.4%,47265000,-600043.0961604714,297.98819731114685,709,11:18
94.4%,47270000,-598920.0925139883,300.73667355944303,709,11:17
94.5%,47275000,-598863.4826883636,300.5431645030098,709,11:16
94.5%,47280000,-599244.2843482732,300.7041685518652,709,11:14
94.5%,47285000,-598612.3845587801,303.4989368373685,709,11:13
94.5%,47290000,-599856.2532515284,300.35968906778356,709,11:12
94.5%,47295000,-599953.7061694143,298.4682165438079,709,11:11
94.5%,47300000,-599763.2091466351,300.1123811572987,709,11:10
94.5%,47305000,-599279.344483532,298.94288778276933,709,11:08
94.5%,47310000,-600060.8534977725,297.8033971435363,709,11:07
94.5%,47315000,-599081.4383756495,300.0084387292932,709,11:06
94.5%,47320000,-597977.5437058224,300.64904496542937,709,11:05
94.6%,47325000,-600345.4386130143,298.92456231811974,709,11:03
94.6%,47330000,-599608.4109625411,299.67073009962013,709,11:02
94.6%,47335000,-599812.50346907,303.20467452348447,709,11:01
94.6%,47340000,-599917.1084546512,303.61450747185853,709,11:00
94.6%,47345000,-599780.3759052679,299.9198533841131,709,10:59
94.6%,47350000,-599466.1168644745,299.7549732664295,709,10:57
94.6%,47355000,-600062.6112966998,298.6065038854806,709,10:56
94.6%,47360000,-599033.1571892165,302.7349587649236,709,10:55
94.6%,47365000,-599021.1748722019,301.5171862546106,709,10:54
94.6%,47370000,-598731.6984985885,302.0280423133285,709,10:52
94.7%,47375000,-598813.0407367833,300.79344079531865,709,10:51
94.7%,47380000,-599789.5649363617,301.1681438034274,709,10:50
94.7%,47385000,-600463.1514050812,302.39388924012746,709,10:49
94.7%,47390000,-599278.6857740316,302.17741815569946,709,10:48
94.7%,47395000,-600220.6679150038,298.93471859973283,709,10:46
94.7%,47400000,-600327.8746849424,298.90373458118876,709,10:45
94.7%,47405000,-600348.7329459027,299.49147418235873,709,10:44
94.7%,47410000,-598404.5036991015,299.30861204916226,709,10:43
94.7%,47415000,-598828.3325504339,299.20199562430696,709,10:41
94.7%,47420000,-599743.3782813158,296.7862970573644,709,10:40
94.8%,47425000,-600326.7774035591,301.255502544548,709,10:39
94.8%,47430000,-601803.766405426,301.67117412824547,709,10:38
94.8%,47435000,-598329.0366835697,300.3282389396969,709,10:37
94.8%,47440000,-599483.1012130422,296.9237503082766,709,10:35
94.8%,47445000,-598374.5257509178,299.20233907344357,709,10:34
94.8%,47450000,-599126.9152575033,298.7629694993158,709,10:33
94.8%,47455000,-599507.9747902676,300.4608839026957,709,10:32
94.8%,47460000,-600056.6445738827,299.86421462397226,709,10:31
94.8%,47465000,-598637.3715944556,302.5949051134051,709,10:29
94.8%,47470000,-597912.7587771076,301.3734773229947,709,10:28
94.9%,47475000,-599309.6219224264,300.6614091343496,709,10:27
94.9%,47480000,-599239.3164285645,300.97203434638794,709,10:26
94.9%,47485000,-598258.1969155231,299.2945796987211,709,10:24
94.9%,47490000,-600674.6333546843,298.41655198082003,709,10:23
94.9%,47495000,-599138.0436438681,299.38848850551966,709,10:22
94.9%,47500000,-599203.2883001268,299.25859113561415,709,10:21
94.9%,47505000,-599416.0098277354,302.97267463166276,709,10:20
94.9%,47510000,-599089.9328139378,301.57238343729,709,10:18
94.9%,47515000,-600657.0164480228,300.00792355558815,709,10:17
94.9%,47520000,-600553.2445041123,301.28376350207986,709,10:16
95.0%,47525000,-598651.9648952386,298.70438688943204,709,10:15
95.0%,47530000,-600352.8807962933,298.8960805718572,709,10:13
95.0%,47535000,-599217.2444651881,299.3529169877929,709,10:12
95.0%,47540000,-599714.0387605052,302.4317422414049,709,10:11
95.0%,47545000,-599085.5071098828,300.4531317650394,709,10:10
95.0%,47550000,-598341.7526196861,301.34948494759004,709,10:09
95.0%,47555000,-599488.097597504,301.0595157479145,709,10:07
95.0%,47560000,-598401.5923965941,301.83134408634044,709,10:06
95.0%,47565000,-598390.8648647466,298.70652118049566,709,10:05
95.0%,47570000,-600142.9199485676,300.9691640928886,709,10:04
95.1%,47575000,-600558.5778776524,301.9398494814475,709,10:03
95.1%,47580000,-599632.3238642267,301.35434229966586,709,10:01
95.1%,47585000,-599070.6710464559,299.52964610069165,709,10:00
95.1%,47590000,-598291.2482593269,303.07198049632325,709,9:59
95.1%,47595000,-599459.5666147023,299.7473928533415,709,9:58
95.1%,47600000,-600007.5161890541,298.3365037998943,709,9:56
95.1%,47605000,-600015.1881318577,302.8959873458602,709,9:55
95.1%,47610000,-599062.6182438014,301.4751627995307,709,9:54
95.1%,47615000,-600073.5782496217,304.19454399953463,709,9:53
95.1%,47620000,-600065.4673042186,299.1158389551647,709,9:52
95.2%,47625000,-598703.9978391402,298.0284789884622,709,9:50
95.2%,47630000,-599216.3205465237,299.0391762014433,709,9:49
95.2%,47635000,-600298.3192209024,299.94887483616185,709,9:48
95.2%,47640000,-598787.7395492452,301.3207824125968,709,9:47
95.2%,47645000,-600106.521924824,300.68486180396803,709,9:45
95.2%,47650000,-601149.2746210978,301.22179546499177,709,9:44
95.2%,47655000,-600964.8167141466,298.5336926685062,709,9:43
95.2%,47660000,-601349.6573117897,301.0342722363691,709,9:42
95.2%,47665000,-600939.8622407541,304.4200674219219,709,9:41
95.2%,47670000,-598993.0312947026,300.92704250948395,709,9:39
95.3%,47675000,-600423.4569806578,299.7438111694877,709,9:38
95.3%,47680000,-600294.9045443581,298.54865723803266,709,9:37
95.3%,47685000,-599612.8848006013,302.03162399718235,709,9:36
95.3%,47690000,-601227.9948680806,298.7087045357216,709,9:35
95.3%,47695000,-599925.8559135459,303.3260347291355,709,9:33
95.3%,47700000,-600065.8336107428,300.6993111997894,709,9:32
95.3%,47705000,-600680.0622340003,300.8026893899276,709,9:31
95.3%,47710000,-599717.928257836,302.7052504146015,709,9:30
95.3%,47715000,-599334.4770773845,298.03988640621594,709,9:28
95.3%,47720000,-599783.479122303,301.23344820355743,709,9:27
95.4%,47725000,-599121.9400153435,301.5918619097555,709,9:26
95.4%,47730000,-598551.0779973106,303.49341711910057,709,9:25
95.4%,47735000,-599162.2149602524,301.18575783772246,709,9:24
95.4%,47740000,-598317.9355001864,299.04663395412535,709,9:22
95.4%,47745000,-599820.790554767,299.71032487866216,709,9:21
95.4%,47750000,-598887.0317421281,301.72237258169076,709,9:20
95.4%,47755000,-600308.6072232826,301.498075763363,709,9:19
95.4%,47760000,-599332.6821157997,301.3792423620746,709,9:17
95.4%,47765000,-598650.0396995866,303.65829723678416,709,9:16
95.4%,47770000,-599802.5981760155,299.5697805855199,709,9:15
95.5%,47775000,-599461.3771196748,302.1029632892853,709,9:14
95.5%,47780000,-599822.3136366,302.2074208909959,709,9:13
95.5%,47785000,-600210.0723162377,300.8717471984798,709,9:11
95.5%,47790000,-600038.4947474152,300.9557941086396,709,9:10
95.5%,47795000,-599998.2382692411,300.00311526767473,709,9:09
95.5%,47800000,-598538.9121174263,300.86561417818206,709,9:08
95.5%,47805000,-598924.052151449,300.7085352623172,709,9:06
95.5%,47810000,-599384.7890079534,302.5708882059193,709,9:05
95.5%,47815000,-598788.2959330808,298.2127149182054,709,9:04
95.5%,47820000,-600493.5419989289,299.03817038611453,709,9:03
95.6%,47825000,-599829.0036197379,298.33988922709864,709,9:02
95.6%,47830000,-598863.5510023371,303.7247546447301,709,9:00
95.6%,47835000,-599361.0599256493,300.61568133500987,709,8:59
95.6%,47840000,-600588.3661138015,299.5045252495523,709,8:58
95.6%,47845000,-599213.2198048076,301.86824033645144,709,8:57
95.6%,47850000,-599758.4353431021,300.76805009128617,709,8:56
95.6%,47855000,-599919.4093979495,299.53393921490004,709,8:54
95.6%,47860000,-597605.5820977711,301.43058800800696,709,8:53
95.6%,47865000,-596975.2892227769,297.89811550901413,709,8:52
95.6%,47870000,-599774.9785591708,299.74812881577725,709,8:51
95.7%,47875000,-600396.8093408691,301.264505818345,709,8:49
95.7%,47880000,-599081.1505144155,297.0255093810562,709,8:48
95.7%,47885000,-599697.625047374,298.91156031508865,709,8:47
95.7%,47890000,-598576.4311932023,302.7154312282957,709,8:46
95.7%,47895000,-600168.610840321,299.5079842730002,709,8:45
95.7%,47900000,-598949.7985666562,301.9508643859022,709,8:43
95.7%,47905000,-599536.6283889068,301.9793706642459,709,8:42
95.7%,47910000,-600746.6062164232,297.2783370098089,709,8:41
95.7%,47915000,-599203.8786506457,299.9209818598478,709,8:40
95.7%,47920000,-600337.2219005581,299.3459498767347,709,8:38
95.8%,47925000,-600602.2985501369,298.27188629803766,709,8:37
95.8%,47930000,-599290.3888342073,301.95309680529056,709,8:36
95.8%,47935000,-599769.6005694768,299.57152236328443,709,8:35
95.8%,47940000,-600162.7520530671,302.8856348075977,709,8:34
95.8%,47945000,-599426.2552305246,299.57772897982574,709,8:32
95.8%,47950000,-598024.3593108333,302.69197855867725,709,8:31
95.8%,47955000,-599589.3022318035,299.91906835751496,709,8:30
95.8%,47960000,-599381.4144379492,299.5826353960639,709,8:29
95.8%,47965000,-600151.2063625078,296.54799242067656,709,8:28
95.8%,47970000,-598606.1115851705,299.5773609986079,709,8:26
95.9%,47975000,-600180.3833925589,298.8710087848802,709,8:25
95.9%,47980000,-599426.5582248536,299.2319738275221,709,8:24
95.9%,47985000,-599735.3925316925,302.778331484469,709,8:23
95.9%,47990000,-598610.7788603348,300.525575000796,709,8:21
95.9%,47995000,-598866.7982227793,300.32556494284705,709,8:20
95.9%,48000000,-599448.7544836635,299.23339668823115,709,8:19
95.9%,48005000,-597388.9437377802,302.56249823415203,709,8:18
95.9%,48010000,-598899.3337100898,299.33280068121644,709,8:17
95.9%,48015000,-600501.8207409689,301.515051963547,709,8:15
95.9%,48020000,-600350.0067429878,301.38593962023964,709,8:14
96.0%,48025000,-598184.8160375184,299.6540728164916,709,8:13
96.0%,48030000,-599767.5456245276,300.22346242093084,709,8:12
96.0%,48035000,-598432.0377702955,301.03939944133793,709,8:10
96.0%,48040000,-598842.6489221626,301.1058077851215,709,8:09
96.0%,48045000,-598953.1309327395,300.067683705369,709,8:08
96.0%,48050000,-599635.8182955892,298.9688917888316,709,8:07
96.0%,48055000,-600502.5233849115,298.1041359268547,709,8:06
96.0%,48060000,-599208.7084128,302.04649043838407,709,8:04
96.0%,48065000,-599907.9806923182,300.10362320431364,709,8:03
96.0%,48070000,-599036.3013120452,301.77499389584506,709,8:02
96.1%,48075000,-599359.6995072132,300.4443002158107,709,8:01
96.1%,48080000,-597980.8529709424,299.6600095801398,709,7:59
96.1%,48085000,-599894.0872214059,298.08519716017537,709,7:58
96.1%,48090000,-600112.4361284799,299.1337964385964,709,7:57
96.1%,48095000,-599929.7048887126,301.57915429169867,709,7:56
96.1%,48100000,-600971.3699394586,300.0370922001241,709,7:55
96.1%,48105000,-600399.3163003903,299.9899170079941,709,7:53
96.1%,48110000,-600346.4700736622,302.1350267194017,709,7:52
96.1%,48115000,-599426.2306421548,301.39244062175527,709,7:51
96.1%,48120000,-599153.8008485222,298.6287544831207,709,7:50
96.2%,48125000,-597730.1844118927,301.2244449297604,709,7:49
96.2%,48130000,-599694.3385283784,298.2373941918833,709,7:47
96.2%,48135000,-598273.264955976,301.9537591714827,709,7:46
96.2%,48140000,-599348.2309532072,299.261657645763,709,7:45
96.2%,48145000,-599942.2815822386,300.5046736676213,709,7:44
96.2%,48150000,-599652.9625923824,301.0485253755409,709,7:42
96.2%,48155000,-599068.8294217554,302.56845952988135,709,7:41
96.2%,48160000,-600134.9860375593,300.6086896918705,709,7:40
96.2%,48165000,-600742.1532403729,299.46991048299196,709,7:39
96.2%,48170000,-599479.8366318434,299.5727980315064,709,7:38
96.3%,48175000,-600069.8594565964,300.4946400464143,709,7:36
96.3%,48180000,-598841.3380499608,300.8220942661495,709,7:35
96.3%,48185000,-598533.076681417,300.5632317454239,709,7:34
96.3%,48190000,-597435.9810934695,303.33295277603133,709,7:33
96.3%,48195000,-600101.5461394228,302.9363426194192,709,7:31
96.3%,48200000,-600722.2140133386,300.1018568944679,709,7:30
96.3%,48205000,-599366.5241456102,298.55559981700964,709,7:29
96.3%,48210000,-598893.2049743589,300.6500753128394,709,7:28
96.3%,48215000,-600597.9269261621,299.5727734994252,709,7:27
96.3%,48220000,-599012.1853010249,302.1452075330959,709,7:25
96.4%,48225000,-599218.0275249584,302.4064251336159,709,7:24
96.4%,48230000,-600241.159782676,300.926797188672,709,7:23
96.4%,48235000,-599431.7867593416,298.2584427175451,709,7:22
96.4%,48240000,-599067.5622287453,301.7427342090792,709,7:21
96.4%,48245000,-599683.0247905082,297.99707792453796,709,7:19
96.4%,48250000,-600591.0944945188,301.9289572373988,709,7:18
96.4%,48255000,-599371.9552071453,298.30475928683336,709,7:17
96.4%,48260000,-598696.0043607601,300.64141548817906,709,7:16
96.4%,48265000,-599723.4139718125,297.8238814313307,709,7:14
96.4%,48270000,-598934.8855366181,301.8747658700482,709,7:13
96.5%,48275000,-599800.2878411277,296.7394407822899,709,7:12
96.5%,48280000,-600164.8958067959,298.54787221143454,709,7:11
96.5%,48285000,-599938.0644089836,301.25439860089443,709,7:10
96.5%,48290000,-599238.9979695752,302.0611360908549,709,7:08
96.5%,48295000,-599029.8303079959,298.8324443532482,709,7:07
96.5%,48300000,-600369.386213664,299.03252800744065,709,7:06
96.5%,48305000,-600356.8953573676,299.6861607786892,709,7:05
96.5%,48310000,-600280.0620344947,300.75799193799793,709,7:03
96.5%,48315000,-600263.3521415172,300.436499013992,709,7:02
96.5%,48320000,-599987.3174142358,301.3796103432924,709,7:01
96.6%,48325000,-599300.1309570428,299.0062786805664,709,7:00
96.6%,48330000,-599667.4846548,300.97826549501036,709,6:59
96.6%,48335000,-599488.2331144148,300.4528373800651,709,6:57
96.6%,48340000,-598845.7159332503,299.3893716604425,709,6:56
96.6%,48345000,-600877.9862837973,301.403848039509,709,6:55
96.6%,48350000,-600505.647804718,299.84336235496005,709,6:54
96.6%,48355000,-600836.6872179722,300.3763463509121,709,6:52
96.6%,48360000,-598951.5871927086,301.30250601210963,709,6:51
96.6%,48365000,-600367.2215263788,301.89542188241086,709,6:50
96.6%,48370000,-600602.7692257944,299.2184075866236,709,6:49
96.7%,48375000,-600502.926306121,298.99793777296156,709,6:48
96.7%,48380000,-598660.3627998289,302.0570637653773,709,6:46
96.7%,48385000,-600484.6700690109,300.1096090321242,709,6:45
96.7%,48390000,-600332.1264073644,298.7644414241872,709,6:44
96.7%,48395000,-598909.7240995807,301.72929062858657,709,6:43
96.7%,48400000,-598748.6177852829,300.1879890315289,709,6:42
96.7%,48405000,-600083.5121113667,298.4084318619458,709,6:40
96.7%,48410000,-598155.6240077964,301.228247402345,709,6:39
96.7%,48415000,-598911.663358171,299.1270501162689,709,6:38
96.7%,48420000,-600991.9539514245,299.3038528254113,709,6:37
96.8%,48425000,-598926.9030127809,301.41218894711386,709,6:35
96.8%,48430000,-599310.5742508094,300.4880163844928,709,6:34
96.8%,48435000,-600167.888730457,299.0160424488804,709,6:33
96.8%,48440000,-599924.4464088175,300.7790649957408,709,6:32
96.8%,48445000,-600732.9649302913,302.0369965229632,709,6:31
96.8%,48450000,-598472.0274589909,302.1588964344004,709,6:29
96.8%,48455000,-599754.0501843449,301.96747260486836,709,6:28
96.8%,48460000,-599521.7018218138,298.732402526152,709,6:27
96.8%,48465000,-599365.3454183177,300.71474187885843,709,6:26
96.8%,48470000,-600162.3085362553,297.69447470304897,709,6:24
96.9%,48475000,-599878.8664060668,301.1321061761581,709,6:23
96.9%,48480000,-600963.9190416564,299.46132425457523,709,6:22
96.9%,48485000,-599249.5296235704,299.9577554495529,709,6:21
96.9%,48490000,-599357.5187365403,303.2430672305481,709,6:20
96.9%,48495000,-599228.1287852838,300.80173263876117,709,6:18
96.9%,48500000,-600837.4305877527,300.1774893007792,709,6:17
96.9%,48505000,-598606.5675544515,301.95515750011054,709,6:16
96.9%,48510000,-599877.4071256625,300.7002188867935,709,6:15
96.9%,48515000,-598453.5385524863,297.9009366983511,709,6:14
96.9%,48520000,-599328.6469505015,300.43846158048734,709,6:12
97.0%,48525000,-599387.1610589661,299.637538193769,709,6:11
97.0%,48530000,-597534.1962851249,301.5792524200234,709,6:10
97.0%,48535000,-599555.7624547346,302.3943798817512,709,6:09
97.0%,48540000,-600086.2053316478,302.2154428815453,709,6:07
97.0%,48545000,-597974.848185428,298.745895170807,709,6:06
97.0%,48550000,-600075.5447700731,300.04989794650567,709,6:05
97.0%,48555000,-600376.0090396358,297.7979755535932,709,6:04
97.0%,48560000,-601502.6278586537,299.3249994793977,709,6:03
97.0%,48565000,-601070.1216235305,298.0121896865515,709,6:01
97.0%,48570000,-600044.0841640751,299.75325602074616,709,6:00
97.1%,48575000,-598129.0701490496,298.82390718899376,709,5:59
97.1%,48580000,-599316.2811569893,302.8743009860875,709,5:58
97.1%,48585000,-599496.4416292692,302.4490618907256,709,5:56
97.1%,48590000,-600418.5647588014,298.2985772023733,709,5:55
97.1%,48595000,-599634.817092638,301.1771716093057,709,5:54
97.1%,48600000,-600240.0832431386,300.4485687979379,709,5:53
97.1%,48605000,-599564.4734426499,297.5830745223614,709,5:52
97.1%,48610000,-600832.1659596469,298.57402340998397,709,5:50
97.1%,48615000,-599965.5125351539,296.8860199674051,709,5:49
97.1%,48620000,-600044.0824702568,299.2534639306453,709,5:48
97.2%,48625000,-599830.5047146715,299.69823056263505,709,5:47
97.2%,48630000,-600134.9081163518,300.3675638658458,709,5:46
97.2%,48635000,-600963.1528481212,302.87660700171944,709,5:44
97.2%,48640000,-599033.6138491002,303.5355877666676,709,5:43
97.2%,48645000,-599492.1589426873,303.30125732713276,709,5:42
97.2%,48650000,-600095.6864480199,297.9976176303241,709,5:41
97.2%,48655000,-599614.9335403764,300.3603023698133,709,5:39
97.2%,48660000,-599441.7247382328,301.78743166100884,709,5:38
97.2%,48665000,-598677.2448839117,300.8231736777219,709,5:37
97.2%,48670000,-599676.8563071392,299.31886645910004,709,5:36
97.3%,48675000,-599043.3148403089,299.3593689251461,709,5:35
97.3%,48680000,-599119.3543822528,299.53111802556316,709,5:33
97.3%,48685000,-599015.3564909934,299.8544017914959,709,5:32
97.3%,48690000,-600824.9797423016,300.37340250116915,709,5:31
97.3%,48695000,-599327.5991007197,298.3537498529715,709,5:30
97.3%,48700000,-601095.8622598383,298.83011380553506,709,5:28
97.3%,48705000,-600650.7787244469,299.8096552754039,709,5:27
97.3%,48710000,-599376.9045181815,299.79729110648367,709,5:26
97.3%,48715000,-601196.9948958373,300.02462990287916,709,5:25
97.3%,48720000,-599440.282729927,300.78968738689645,709,5:24
97.4%,48725000,-599262.5791943781,300.83840810014146,709,5:22
97.4%,48730000,-600204.711077298,299.8009954507435,709,5:21
97.4%,48735000,-599605.5199910263,297.69027971716537,709,5:20
97.4%,48740000,-599672.4505311856,299.0400838884474,709,5:19
97.4%,48745000,-598818.8628578233,298.88553177694513,709,5:17
97.4%,48750000,-599385.53036517,300.17263194870344,709,5:16
97.4%,48755000,-599517.2170869303,296.0880649625109,709,5:15
97.4%,48760000,-599347.0522326962,300.3971986199243,709,5:14
97.4%,48765000,-599376.5606530095,302.1153274582055,709,5:13
97.4%,48770000,-599185.769098084,296.6376081132667,709,5:11
97.5%,48775000,-599664.2695954335,300.6888850652833,709,5:10
97.5%,48780000,-598471.1662903228,298.7150338126689,709,5:09
97.5%,48785000,-598931.9145048596,299.97961353389394,709,5:08
97.5%,48790000,-599611.0402400144,300.8574695272267,709,5:07
97.5%,48795000,-599789.1083842493,299.5805501691627,709,5:05
97.5%,48800000,-601017.2353584375,303.6830501067057,709,5:04
97.5%,48805000,-600167.7303087823,304.1969236114101,709,5:03
97.5%,48810000,-599418.9329225044,300.2889630777104,709,5:02
97.5%,48815000,-600738.4443962271,301.11616032338407,709,5:00
97.5%,48820000,-599840.2250230201,299.8262880264512,709,4:59
97.6%,48825000,-599560.5184542481,296.7152276181545,709,4:58
97.6%,48830000,-600511.8817382101,299.94507236357725,709,4:57
97.6%,48835000,-599992.6773518026,298.47854454998924,709,4:56
97.6%,48840000,-599696.4831342925,300.33174702730713,709,4:54
97.6%,48845000,-600070.6588849574,301.74079617466504,709,4:53
97.6%,48850000,-599084.8453997276,301.8409851942484,709,4:52
97.6%,48855000,-600472.0086304094,302.30513217037895,709,4:51
97.6%,48860000,-598536.7228320199,302.8588212428561,709,4:49
97.6%,48865000,-599819.7327415543,299.40850668377135,709,4:48
97.6%,48870000,-598482.4643190531,305.442196584738,709,4:47
97.7%,48875000,-599099.2399748852,298.9755154507531,709,4:46
97.7%,48880000,-599197.0685749534,303.0363844465154,709,4:45
97.7%,48885000,-599688.8375256467,300.33542683948576,709,4:43
97.7%,48890000,-599710.5025665746,301.2694612987456,709,4:42
97.7%,48895000,-599821.4517087555,301.0934681482825,709,4:41
97.7%,48900000,-601005.2463015793,301.1659604482014,709,4:40
97.7%,48905000,-600562.080534596,302.44003408484735,709,4:39
97.7%,48910000,-600584.7408485762,298.7224915653509,709,4:37
97.7%,48915000,-598334.4055628739,299.4263169747159,709,4:36
97.7%,48920000,-598696.9621234918,300.62294283104234,709,4:35
97.8%,48925000,-599415.449916549,298.71267873287456,709,4:34
97.8%,48930000,-601171.5076454636,300.7954278938951,709,4:32
97.8%,48935000,-600436.4149815668,300.28550405426245,709,4:31
97.8%,48940000,-598655.691132897,300.1563426467927,709,4:30
97.8%,48945000,-597914.0638536965,298.5637199358838,709,4:29
97.8%,48950000,-599275.5890761139,300.33998980658725,709,4:28
97.8%,48955000,-598327.8152928213,300.02342783090074,709,4:26
97.8%,48960000,-600227.9120701347,300.70941841724004,709,4:25
97.8%,48965000,-599015.21907923,302.1565168225249,709,4:24
97.8%,48970000,-597378.804638553,301.38645479394467,709,4:23
97.9%,48975000,-599531.6575357127,303.89787754169384,709,4:21
97.9%,48980000,-599650.2038469836,297.04214213210355,709,4:20
97.9%,48985000,-601070.2132936781,298.46488018076593,709,4:19
97.9%,48990000,-597694.256529958,302.056254206698,709,4:18
97.9%,48995000,-598305.2916427101,299.8079870938829,709,4:17
97.9%,49000000,-599071.5406112769,300.02485069160986,709,4:15
97.9%,49005000,-600072.2560376115,300.3005422200324,709,4:14
97.9%,49010000,-600497.7727352777,300.4746218681626,709,4:13
97.9%,49015000,-600316.4885271727,300.6685970341385,709,4:12
97.9%,49020000,-598742.8893151614,296.7605629041952,709,4:10
98.0%,49025000,-599867.1826897538,302.15349937653843,709,4:09
98.0%,49030000,-599362.7140445728,302.8966742441335,709,4:08
98.0%,49035000,-599999.3038445786,301.5838644512873,709,4:07
98.0%,49040000,-599667.3380040592,299.53965518981755,709,4:06
98.0%,49045000,-600956.4307900895,300.0296589795232,709,4:04
98.0%,49050000,-598534.7257977002,299.9113162198587,709,4:03
98.0%,49055000,-599428.4611767381,300.10453089131767,709,4:02
98.0%,49060000,-599208.7408820237,298.9313822366908,709,4:01
98.0%,49065000,-599697.0421406021,302.1690527160134,709,4:00
98.0%,49070000,-599104.971571676,301.94303865200226,709,3:58
98.1%,49075000,-599734.3008831153,299.56457978430745,709,3:57
98.1%,49080000,-599190.495556104,300.1172385093745,709,3:56
98.1%,49085000,-599304.5202629259,299.68866305097066,709,3:55
98.1%,49090000,-599088.1584800887,301.1835990145776,709,3:53
98.1%,49095000,-599630.6446919027,301.3378076769432,709,3:52
98.1%,49100000,-598374.7882837243,303.0022112574165,709,3:51
98.1%,49105000,-598190.0338133513,300.1011454641133,709,3:50
98.1%,49110000,-598836.6691585011,298.0705269756233,709,3:49
98.1%,49115000,-599158.8733438719,299.5146324670029,709,3:47
98.1%,49120000,-600260.1484851902,300.8500117745447,709,3:46
98.2%,49125000,-599212.3521938785,302.14908360192413,709,3:45
98.2%,49130000,-599676.5049001267,299.33015121644786,709,3:44
98.2%,49135000,-597800.6694315798,301.09562697142735,709,3:42
98.2%,49140000,-599148.5875896532,300.9005969259602,709,3:41
98.2%,49145000,-599458.74041586,300.5435324842276,709,3:40
98.2%,49150000,-597686.6005456066,299.2335193486371,709,3:39
98.2%,49155000,-599246.9373579831,298.781515752696,709,3:38
98.2%,49160000,-598360.2698244569,303.7689369229548,709,3:36
98.2%,49165000,-599363.1381188938,300.6053533288285,709,3:35
98.2%,49170000,-599621.0157492384,299.7597570222617,709,3:34
98.3%,49175000,-599502.4798987219,299.8770694345163,709,3:33
98.3%,49180000,-597775.2336907983,299.49564463616116,709,3:31
98.3%,49185000,-599658.5888517331,300.21482712835166,709,3:30
98.3%,49190000,-598718.2905258462,299.90003146251087,709,3:29
98.3%,49195000,-597818.1652503666,301.55432782553356,709,3:28
98.3%,49200000,-599712.8048734223,300.6125412286175,709,3:27
98.3%,49205000,-599589.2049892433,299.9117577973201,709,3:25
98.3%,49210000,-598908.9949784684,300.1789121614883,709,3:24
98.3%,49215000,-599781.1820884626,299.6385194770166,709,3:23
98.3%,49220000,-599235.0585022424,297.47704686745465,709,3:22
98.4%,49225000,-599105.8783142464,300.90663181793315,709,3:21
98.4%,49230000,-598810.3329327507,301.46297035517887,709,3:19
98.4%,49235000,-597935.3519382924,299.2712251574274,709,3:18
98.4%,49240000,-600610.7627732446,301.31874624985795,709,3:17
98.4%,49245000,-600219.0229558358,300.09354051894417,709,3:16
98.4%,49250000,-600671.7660172782,299.52807604749546,709,3:14
98.4%,49255000,-598924.415052556,300.818169133159,709,3:13
98.4%,49260000,-599324.5278518707,297.96577498893845,709,3:12
98.4%,49265000,-600450.6285955226,299.1781995055518,709,3:11
98.4%,49270000,-598144.6323546572,300.87643282598725,709,3:10
98.5%,49275000,-599962.3342474629,301.56203089902743,709,3:08
98.5%,49280000,-598936.9012548858,300.77278478295597,709,3:07
98.5%,49285000,-598539.57273108,299.9825083194745,709,3:06
98.5%,49290000,-599779.2364935651,299.83688588552565,709,3:05
98.5%,49295000,-600290.9175085519,300.5495428441194,709,3:03
98.5%,49300000,-600623.9130392782,297.33569301563307,709,3:02
98.5%,49305000,-599910.9027580707,302.8882842723663,709,3:01
98.5%,49310000,-599288.138931179,300.9794675669887,709,3:00
98.5%,49315000,-598921.5007480201,298.5672525555753,709,2:59
98.5%,49320000,-599779.5912005976,300.8073014211914,709,2:57
98.6%,49325000,-599509.9790330287,298.7629204351534,709,2:56
98.6%,49330000,-599029.4319834663,296.46769891893905,709,2:55
98.6%,49335000,-597266.8497710289,300.3070922857104,709,2:54
98.6%,49340000,-600672.761534099,300.59757665909103,709,2:53
98.6%,49345000,-598345.6377912462,301.86156761036756,709,2:51
98.6%,49350000,-599132.2692372683,301.56222715567696,709,2:50
98.6%,49355000,-599577.3483494939,300.2035423710039,709,2:49
98.6%,49360000,-600912.540033645,300.05826338619175,709,2:48
98.6%,49365000,-598826.0262267035,300.0647889197885,709,2:46
98.6%,49370000,-600115.4782081223,297.6231844751084,709,2:45
98.7%,49375000,-599790.7453135466,300.5771169033779,709,2:44
98.7%,49380000,-600189.4098766893,300.42384046009755,709,2:43
98.7%,49385000,-599435.7141056671,304.0104061981162,709,2:42
98.7%,49390000,-599556.4590050303,302.67262274661766,709,2:40
98.7%,49395000,-600631.4933136757,298.9593242771672,709,2:39
98.7%,49400000,-599113.9443926271,298.27993282066825,709,2:38
98.7%,49405000,-599384.2253784947,301.1481501572569,709,2:37
98.7%,49410000,-599432.5968345245,299.39592172612043,709,2:35
98.7%,49415000,-599978.4272476328,299.5434821944833,709,2:34
98.7%,49420000,-599004.4953479315,301.09498913731636,709,2:33
98.8%,49425000,-598650.3821190433,300.8638478683364,709,2:32
98.8%,49430000,-599835.944385102,301.13782215107557,709,2:31
98.8%,49435000,-599371.1418930627,300.80143825378684,709,2:29
98.8%,49440000,-598795.8641293738,300.1459410443678,709,2:28
98.8%,49445000,-599011.3582087997,302.1115249856209,709,2:27
98.8%,49450000,-600732.6294175182,300.9000817522552,709,2:26
98.8%,49455000,-599078.4906181963,297.9665600155366,709,2:24
98.8%,49460000,-599860.1221434483,300.46169346137503,709,2:23
98.8%,49465000,-600477.6825808776,301.76935151717123,709,2:22
98.8%,49470000,-599768.5062481337,300.7864246200981,709,2:21
98.9%,49475000,-597896.3517693658,300.6168098107446,709,2:20
98.9%,49480000,-599411.6330535472,300.7056895408991,709,2:18
98.9%,49485000,-599855.1007718057,298.78975853197613,709,2:17
98.9%,49490000,-601045.9247139264,300.3219341948308,709,2:16
98.9%,49495000,-599626.16058608,302.36884198523154,709,2:15
98.9%,49500000,-599499.7458430389,299.9505184856016,709,2:14
98.9%,49505000,-600135.3585560434,302.377379149486,709,2:12
98.9%,49510000,-599713.7055385858,300.5351179803792,709,2:11
98.9%,49515000,-599762.894825954,303.3279727635496,709,2:10
98.9%,49520000,-598369.1563656041,302.40161684570256,709,2:09
99.0%,49525000,-598993.9667529562,298.87645490690454,709,2:07
99.0%,49530000,-600027.6441604011,299.55707296746306,709,2:06
99.0%,49535000,-598144.269902023,302.3532395815942,709,2:05
99.0%,49540000,-599598.2327696485,296.5566031811746,709,2:04
99.0%,49545000,-599374.7665142738,298.73517465132653,709,2:03
99.0%,49550000,-600541.1232530735,301.8940971500266,709,2:01
99.0%,49555000,-598907.7341538132,299.5966677465051,709,2:00
99.0%,49560000,-601217.9360168045,298.87640584274214,709,1:59
99.0%,49565000,-598586.831854397,301.94752802286024,709,1:58
99.0%,49570000,-600721.3226042688,302.2127934167767,709,1:56
99.1%,49575000,-599443.9180221302,301.6534864977069,709,1:55
99.1%,49580000,-599760.9331232808,302.2685303052423,709,1:54
99.1%,49585000,-599382.1783083393,301.65145033496805,709,1:53
99.1%,49590000,-599434.295049475,300.41240851026265,709,1:52
99.1%,49595000,-599930.118166591,300.70147002293425,709,1:50
99.1%,49600000,-598448.4346617144,300.0447707415368,709,1:49
99.1%,49605000,-599966.4905808936,300.9282691135435,709,1:48
99.1%,49610000,-599953.8066758178,298.61970214516134,709,1:47
99.1%,49615000,-600265.9712637169,298.4262421528904,709,1:46
99.1%,49620000,-599974.2960533043,299.2869256893896,709,1:44
99.2%,49625000,-599772.4632249111,301.4586281768081,709,1:43
99.2%,49630000,-600259.21172516,301.4457978983453,709,1:42
99.2%,49635000,-599514.6266390011,300.817138785749,709,1:41
99.2%,49640000,-598867.2376978244,299.1747159500227,709,1:39
99.2%,49645000,-599001.3264213628,302.39739732773774,709,1:38
99.2%,49650000,-600400.6722948379,300.2340112158429,709,1:37
99.2%,49655000,-599570.2308077631,300.70330992902353,709,1:36
99.2%,49660000,-600390.2824818646,296.4110788755506,709,1:35
99.2%,49665000,-599953.6061787498,298.5037389973722,709,1:33
99.2%,49670000,-599541.1453961055,301.3848356765861,709,1:32
99.3%,49675000,-598551.9976561153,299.77393656519,709,1:31
99.3%,49680000,-599307.1982045006,300.6991885393835,709,1:30
99.3%,49685000,-599811.3361492944,300.59060954803283,709,1:28
99.3%,49690000,-598718.3654854712,301.2697556837199,709,1:27
99.3%,49695000,-600092.4281322025,299.02384365069906,709,1:26
99.3%,49700000,-598890.0786406398,300.9234362935489,709,1:25
99.3%,49705000,-598726.661797131,299.68785349229137,709,1:24
99.3%,49710000,-599826.5977872927,298.2361675878238,709,1:22
99.3%,49715000,-600368.2438897584,301.13252322153835,709,1:21
99.3%,49720000,-599973.3266004217,298.7734692300654,709,1:20
99.4%,49725000,-599042.789318576,296.8863143523794,709,1:19
99.4%,49730000,-599025.1671212022,302.6330279675757,709,1:17
99.4%,49735000,-600000.4967850363,300.4874276145442,709,1:16
99.4%,49740000,-599273.8981547654,300.20339517851676,709,1:15
99.4%,49745000,-599286.1716580926,299.6850813671168,709,1:14
99.4%,49750000,-599864.3513475182,300.69548419512364,709,1:13
99.4%,49755000,-599045.7612094646,299.7458228001453,709,1:11
99.4%,49760000,-600036.8648532815,300.0799497459645,709,1:10
99.4%,49765000,-600157.6116849422,297.89818910525764,709,1:09
99.4%,49770000,-599065.1590248509,298.80690645672854,709,1:08
99.5%,49775000,-598884.8855860936,301.0194303272486,709,1:07
99.5%,49780000,-598661.0846900712,301.2096030206399,709,1:05
99.5%,49785000,-598689.4949796684,300.782941064569,709,1:04
99.5%,49790000,-598601.8755005789,297.5800325442938,709,1:03
99.5%,49795000,-598631.4586787224,302.21929441829224,709,1:02
99.5%,49800000,-599728.8845280679,297.62482812454823,709,1:00
99.5%,49805000,-599760.5474619209,298.7919909513645,709,0:59
99.5%,49810000,-599296.0459181624,299.87137799168,709,0:58
99.5%,49815000,-600044.2192421169,300.4647109073615,709,0:57
99.5%,49820000,-599430.1235817405,299.7070130477014,709,0:56
99.6%,49825000,-599834.3114637919,302.5360281185471,709,0:54
99.6%,49830000,-599527.9248202951,299.26396366139494,709,0:53
99.6%,49835000,-599227.2825952806,300.7890740848667,709,0:52
99.6%,49840000,-598953.4468360096,301.23717707989846,709,0:51
99.6%,49845000,-599930.8533102283,299.9874147357126,709,0:49
99.6%,49850000,-600905.8075356549,302.76130622012255,709,0:48
99.6%,49855000,-598016.6148274373,298.06780391461115,709,0:47
99.6%,49860000,-597995.7198744076,299.5207654873006,709,0:46
99.6%,49865000,-600085.3099936005,303.15224946597965,709,0:45
99.6%,49870000,-600687.901710121,300.9071469916382,709,0:43
99.7%,49875000,-597613.0658925665,301.76034824337415,709,0:42
99.7%,49880000,-600670.561110883,298.30019631973187,709,0:41
99.7%,49885000,-598672.4932978321,301.02154008623097,709,0:40
99.7%,49890000,-599559.2493234803,300.6684253095702,709,0:38
99.7%,49895000,-599530.1690615779,298.968425679289,709,0:37
99.7%,49900000,-599956.3117191875,298.4985627282409,709,0:36
99.7%,49905000,-600531.8740212349,299.5474563916362,709,0:35
99.7%,49910000,-600917.2527712961,301.388687213333,709,0:34
99.7%,49915000,-600059.6660139151,299.00429158199,709,0:32
99.7%,49920000,-599632.7466095514,297.9916563345948,709,0:31
99.8%,49925000,-599651.6701920549,299.989769815507,709,0:30
99.8%,49930000,-597554.8225043863,302.08277338646525,709,0:29
99.8%,49935000,-598841.2702706214,298.54299032727755,709,0:28
99.8%,49940000,-599273.8898054482,302.7079489435325,709,0:26
99.8%,49945000,-600825.7810293692,301.7090271295229,709,0:25
99.8%,49950000,-598688.038903133,299.1542807263907,709,0:24
99.8%,49955000,-599357.7902274271,299.1798676870728,709,0:23
99.8%,49960000,-599045.0779013396,297.62679069104354,709,0:21
99.8%,49965000,-599916.1276458483,299.2869992856331,709,0:20
99.8%,49970000,-599963.0447491696,301.6030976029409,709,0:19
99.9%,49975000,-600933.6576837902,302.351154354693,709,0:18
99.9%,49980000,-598588.9882776886,298.8859733544066,709,0:17
99.9%,49985000,-599578.3034383738,299.17702196565466,709,0:15
99.9%,49990000,-598942.6682856535,299.8607310684432,709,0:14
99.9%,49995000,-599728.6352507225,302.59105357665817,709,0:13
99.9%,50000000,-600452.88156702,299.6024082535037,709,0:12
99.9%,50005000,-600256.4009955418,301.441136802919,709,0:10
99.9%,50010000,-598591.335619133,299.7881897043619,709,0:09
99.9%,50015000,-599926.6602154844,296.48391462460614,709,0:08
99.9%,50020000,-598397.670896668,302.0417802787954,709,0:07
100.0%,50025000,-601246.6612242265,300.0268132581051,709,0:06
100.0%,50030000,-600647.7421029783,300.67156541596256,709,0:04
100.0%,50035000,-598450.3185269693,302.62760637763245,709,0:03
100.0%,50040000,-599340.3468118259,299.51978420405294,709,0:02
100.0%,50045000,-601169.3928236021,299.5129397534007,709,0:01
100.0%,50050000,-599361.9772738982,300.7593412024634,709,0:00
  done in 3.38 h
Wrote data/md/prod_wt_300K_rep1.dcd and data/md/prod_wt_300K_rep1_final.pdb
