[wt 400K rep1] equilibrating 100 ps at 400.0 K...
[wt 400K rep1] production 100.0 ns (50000000 steps)...
#"Progress (%)","Step","Potential Energy (kJ/mole)","Temperature (K)","Speed (ns/day)","Time Remaining"
0.1%,55000,-528108.5452329451,402.905628351556,0,--
0.1%,60000,-525697.2680215631,401.2614882701464,717,3:20:48
0.1%,65000,-529076.9145846781,396.26867004202563,718,3:20:23
0.1%,70000,-528638.4398303316,401.04001264115556,719,3:20:12
0.1%,75000,-530214.5133730681,398.70720797655684,719,3:20:16
0.2%,80000,-528283.0131148221,403.6103369158439,719,3:20:06
0.2%,85000,-528249.1167244203,401.0132972047387,719,3:20:14
0.2%,90000,-527287.8415078851,400.04611990379016,719,3:20:14
0.2%,95000,-527990.7210139357,401.0621896425521,719,3:20:02
0.2%,100000,-530697.3029065211,403.37330794737807,718,3:20:13
0.2%,105000,-527894.2462241608,398.908665427296,713,3:21:38
0.2%,110000,-528391.8068383993,398.25034702854,713,3:21:38
0.2%,115000,-528360.7158926502,401.92542451549514,713,3:21:43
0.2%,120000,-527345.3564829119,399.7757273049048,713,3:21:42
0.2%,125000,-529109.6405315264,397.9030954192837,712,3:21:49
0.3%,130000,-528899.843233739,401.42070147707494,712,3:21:57
0.3%,135000,-530204.0149617898,401.36702528342937,712,3:21:53
0.3%,140000,-529458.0956438552,397.53614454883126,712,3:21:44
0.3%,145000,-527924.602277556,398.0814927137035,713,3:21:42
0.3%,150000,-527990.0091398377,400.18242014688644,712,3:21:46
0.3%,155000,-527740.7760151648,401.39513904847405,710,3:22:23
0.3%,160000,-529021.6780455504,398.78639753464086,710,3:22:21
0.3%,165000,-528788.0012496621,397.6752905133456,710,3:22:15
0.3%,170000,-527677.0679907589,399.69219556844996,710,3:22:14
0.3%,175000,-529932.1559344386,398.98179556132584,711,3:22:09
0.4%,180000,-526077.9362410395,400.4245517882399,710,3:22:13
0.4%,185000,-525802.2097987756,401.0523277459134,711,3:22:06
0.4%,190000,-529019.9373281822,396.90854031572616,710,3:22:07
0.4%,195000,-528175.371071103,397.9942566329888,710,3:22:06
0.4%,200000,-526712.7016432695,402.2825870855525,711,3:22:03
0.4%,205000,-527555.4661840899,404.64779862940424,709,3:22:22
0.4%,210000,-529800.0324651878,400.7519324117316,710,3:22:18
0.4%,215000,-526703.7235394446,403.14935457818694,709,3:22:17
0.4%,220000,-526844.8656618427,396.51139045332775,710,3:22:14
0.4%,225000,-526699.7518079593,401.59296575119697,710,3:22:11
0.5%,230000,-528987.7732749027,398.8160813528818,710,3:22:10
0.5%,235000,-530172.8294444387,396.5130831669299,710,3:22:09
0.5%,240000,-528436.8688629181,398.69273404865424,710,3:22:11
0.5%,245000,-527975.2727736039,401.2687252340977,710,3:22:05
0.5%,250000,-527512.058543134,398.69032990469753,710,3:22:05
0.5%,255000,-526882.0818824251,400.75004344147993,708,3:22:35
0.5%,260000,-528516.3129338184,403.3678127611913,708,3:22:34
0.5%,265000,-528629.1948312274,402.6100658373689,708,3:22:35
0.5%,270000,-529315.0516715432,399.8394616518385,708,3:22:37
0.5%,275000,-528386.1819843892,401.71113678629314,708,3:22:34
0.6%,280000,-530328.9625707762,402.59848669504686,708,3:22:31
0.6%,285000,-526686.1567354766,402.3353065280316,708,3:22:28
0.6%,290000,-527956.941861074,399.47913444330754,708,3:22:28
0.6%,295000,-527618.7037210935,399.6247568772564,708,3:22:26
0.6%,300000,-529020.5109322197,404.8548984588173,708,3:22:25
0.6%,305000,-526405.8262049812,404.1437870213386,706,3:22:47
0.6%,310000,-528938.9841427067,402.219024463187,707,3:22:43
0.6%,315000,-527699.8058364526,398.8073479319778,707,3:22:39
0.6%,320000,-526678.7172989724,399.6666822040115,707,3:22:36
0.6%,325000,-527586.9623217126,404.75299219355054,707,3:22:36
0.7%,330000,-528555.3522038767,398.9762758430579,707,3:22:34
0.7%,335000,-528438.859941409,399.41333940155374,707,3:22:30
0.7%,340000,-528482.9892778001,400.03606175050186,707,3:22:28
0.7%,345000,-528019.5461936458,400.63734306048923,707,3:22:25
0.7%,350000,-527397.8533796081,401.3151153996296,707,3:22:24
0.7%,355000,-528332.0290441713,402.1920637059583,706,3:22:35
0.7%,360000,-527892.3689024071,398.59384522937404,706,3:22:35
0.7%,365000,-527910.9323402187,399.0097621338834,706,3:22:33
0.7%,370000,-527522.4856785042,398.5619780559071,707,3:22:29
0.7%,375000,-526612.0235964404,397.81492711948385,707,3:22:27
0.8%,380000,-528393.6993541033,397.7428518649452,707,3:22:24
0.8%,385000,-528189.7644565017,401.3957032863414,707,3:22:24
0.8%,390000,-528186.2986247842,399.7429279123526,707,3:22:22
0.8%,395000,-527897.2688218374,396.63760801105457,707,3:22:19
0.8%,400000,-526992.3453369779,403.0715142845684,707,3:22:17
0.8%,405000,-529085.1785185584,399.92164412382783,706,3:22:24
0.8%,410000,-529805.9644135535,399.72263988120784,707,3:22:20
0.8%,415000,-529558.2388275173,400.9375666701027,707,3:22:17
0.8%,420000,-528484.952358121,401.7095912651781,707,3:22:14
0.8%,425000,-526923.8745362498,401.02784472888493,707,3:22:12
0.9%,430000,-527985.9076677887,403.49260745820914,707,3:22:10
0.9%,435000,-526350.188286344,398.8818763946356,707,3:22:10
0.9%,440000,-526678.5996592855,401.5536653571292,707,3:22:08
0.9%,445000,-529131.3452611407,399.82699935459357,707,3:22:07
0.9%,450000,-527471.2994601498,401.2203234379082,707,3:22:06
0.9%,455000,-528913.1049706619,399.44989220252813,706,3:22:13
0.9%,460000,-527338.5896630562,398.2239505091786,706,3:22:10
0.9%,465000,-527327.9232011461,399.18587794475235,706,3:22:08
0.9%,470000,-526647.7175622722,402.1436373776876,706,3:22:08
0.9%,475000,-526863.4437464694,401.63803118434447,706,3:22:05
1.0%,480000,-527315.5001161927,399.074502296146,706,3:22:06
1.0%,485000,-527545.043071589,398.03036785650175,706,3:22:04
1.0%,490000,-529230.4712890596,401.31688170947535,706,3:22:03
1.0%,495000,-529556.5409464827,402.44714828618055,706,3:22:02
1.0%,500000,-527340.8011007514,402.96730200366983,706,3:22:00
1.0%,505000,-527595.7383815031,404.1781564670869,706,3:22:06
1.0%,510000,-526358.6867383695,399.66283066726453,706,3:22:06
1.0%,515000,-527351.2726988294,398.5393594770492,706,3:22:06
1.0%,520000,-527098.9822069844,396.3648358002937,706,3:22:03
1.0%,525000,-528927.7483542622,397.2641328325873,706,3:22:00
1.1%,530000,-527188.68325159,400.28562661245627,706,3:21:58
1.1%,535000,-528575.7010546015,397.6404304259735,706,3:21:56
1.1%,540000,-529065.7233919767,401.56033808321314,706,3:21:55
1.1%,545000,-527450.9843293601,401.6902599851998,706,3:21:54
1.1%,550000,-529804.8737445027,402.9038865737915,706,3:21:52
1.1%,555000,-529177.8258256717,397.97512160966,706,3:21:53
1.1%,560000,-528233.0242782496,402.4258789717881,706,3:21:53
1.1%,565000,-527952.8144757701,399.7986648008182,706,3:21:50
1.1%,570000,-529125.7398957536,402.0199220922422,706,3:21:48
1.1%,575000,-528790.6035354012,400.80477451461667,706,3:21:45
1.2%,580000,-528799.3556949217,399.05178558896324,706,3:21:42
1.2%,585000,-526983.5981727997,402.1427296906835,706,3:21:40
1.2%,590000,-528521.162305831,399.03387716969394,706,3:21:38
1.2%,595000,-528293.8843638892,402.47072361620496,706,3:21:36
1.2%,600000,-527476.249289969,400.68606377373425,706,3:21:35
1.2%,605000,-529025.917222112,399.17047179776455,706,3:21:41
1.2%,610000,-528806.6516660168,398.7019090470196,706,3:21:39
1.2%,615000,-527470.0241668234,400.6954840929115,706,3:21:39
1.2%,620000,-529352.1738603218,402.93744646086054,706,3:21:37
1.2%,625000,-528100.0736521389,399.58437707161625,706,3:21:36
1.3%,630000,-526457.2194276559,401.58376622075036,706,3:21:35
1.3%,635000,-529467.5445160591,401.4921634295838,706,3:21:33
1.3%,640000,-527203.8299737684,397.12361307152617,706,3:21:30
1.3%,645000,-527840.3463675948,396.0373325163961,706,3:21:29
1.3%,650000,-530277.8694872092,397.99607200699694,706,3:21:27
1.3%,655000,-527965.070234077,398.6267182181697,706,3:21:33
1.3%,660000,-527549.4029581062,399.36952510454694,706,3:21:31
1.3%,665000,-527837.8492454588,401.0293166537563,706,3:21:29
1.3%,670000,-529586.7290941644,400.74709959173697,706,3:21:28
1.3%,675000,-527321.0794670796,399.9478198544585,706,3:21:26
1.4%,680000,-528385.1103599435,401.6367800482037,706,3:21:24
1.4%,685000,-527390.7845421704,399.6753910928343,706,3:21:23
1.4%,690000,-528086.8626027624,399.11390081853847,706,3:21:20
1.4%,695000,-526076.5355528235,399.005861532974,706,3:21:19
1.4%,700000,-529417.9977610381,398.8472370959941,706,3:21:17
1.4%,705000,-528575.04392729,398.73411966962317,706,3:21:20
1.4%,710000,-527226.0089327996,397.83609830555156,706,3:21:19
1.4%,715000,-527869.9366129562,398.39300108066465,706,3:21:15
1.4%,720000,-528485.039463948,400.7127056139075,706,3:21:12
1.4%,725000,-527582.1120748608,397.15422910885235,706,3:21:10
1.5%,730000,-528491.3913697172,406.1619186805025,706,3:21:08
1.5%,735000,-527334.1499546953,402.4779360480751,706,3:21:05
1.5%,740000,-529639.1699865079,404.24665003777176,706,3:21:03
1.5%,745000,-529566.4454229432,400.9440186074558,706,3:21:00
1.5%,750000,-529739.1719887392,401.08348348902575,706,3:20:59
1.5%,755000,-527708.8311644974,399.35890271339133,706,3:21:03
1.5%,760000,-527317.7506347769,399.04094240907693,706,3:21:01
1.5%,765000,-525882.4089007592,401.5219699082307,706,3:20:58
1.5%,770000,-526730.9177193898,400.41262919678115,706,3:20:56
1.5%,775000,-528146.5762875867,400.4437358757312,706,3:20:54
1.6%,780000,-526803.5408443687,400.9059202853665,706,3:20:52
1.6%,785000,-528532.3078939202,401.11176897863874,706,3:20:50
1.6%,790000,-526875.3970731436,398.7809759446977,706,3:20:49
1.6%,795000,-527364.2162251878,396.6186447122941,706,3:20:47
1.6%,800000,-527848.4563930677,398.5461057993767,706,3:20:45
1.6%,805000,-528497.577289375,401.625495290856,706,3:20:49
1.6%,810000,-529301.2847959413,400.1594090547294,706,3:20:47
1.6%,815000,-528917.6191987805,404.43829465603454,706,3:20:45
1.6%,820000,-527732.3570539053,404.34595590243225,706,3:20:42
1.6%,825000,-527905.5355039965,400.41429737830214,706,3:20:41
1.7%,830000,-527883.5386559535,399.1938263390582,706,3:20:40
1.7%,835000,-527864.3761679498,401.9709315261041,706,3:20:37
1.7%,840000,-527219.6807815875,404.7837308912827,706,3:20:36
1.7%,845000,-527762.9377376772,398.4346565545267,707,3:20:34
1.7%,850000,-527762.3513758457,400.5106103290574,707,3:20:32
1.7%,855000,-528517.2775549185,404.46827285924974,707,3:20:32
1.7%,860000,-525752.2700560503,403.2748361734781,707,3:20:30
1.7%,865000,-526948.542322435,403.1952786341762,707,3:20:27
1.7%,870000,-527187.9308516812,398.24870337910016,707,3:20:25
1.7%,875000,-528805.2032285682,400.3222039455118,707,3:20:24
1.8%,880000,-527509.2887729676,402.76756179861405,707,3:20:24
1.8%,885000,-526852.1790605788,404.6367591928684,707,3:20:21
1.8%,890000,-526928.2250274937,400.7339258641375,707,3:20:20
1.8%,895000,-528835.4968701326,402.56551557792636,707,3:20:18
1.8%,900000,-527962.6404819367,399.16939238619216,707,3:20:17
1.8%,905000,-527877.329259391,399.0937109157184,706,3:20:21
1.8%,910000,-529240.8779112664,403.18495062799485,706,3:20:20
1.8%,915000,-527300.1654270403,398.1636997177739,706,3:20:18
1.8%,920000,-526799.053774002,399.64335219479904,707,3:20:15
1.8%,925000,-527686.990170443,401.63008279003867,707,3:20:14
1.9%,930000,-529138.4820769271,398.54657190891925,707,3:20:12
1.9%,935000,-529034.2063869992,400.08784897389575,707,3:20:11
1.9%,940000,-527274.9790925873,400.1417214241908,707,3:20:09
1.9%,945000,-527328.5590369576,398.1616635550351,707,3:20:07
1.9%,950000,-528621.9492756217,402.15067808498935,707,3:20:05
1.9%,955000,-527968.7836607303,403.69435929392256,707,3:20:06
1.9%,960000,-529231.4711111733,399.7798977587072,707,3:20:04
1.9%,965000,-528582.3490967886,399.51990676224676,707,3:20:03
1.9%,970000,-528712.8480959223,397.71910481035246,707,3:20:02
1.9%,975000,-528704.9172070739,401.4405233986771,707,3:20:00
2.0%,980000,-529962.4168843781,402.4866449368978,707,3:19:59
2.0%,985000,-527852.3194646486,398.068196325698,707,3:19:57
2.0%,990000,-528577.7738970313,401.321984382363,707,3:19:56
2.0%,995000,-528919.4952949686,399.9160998734787,707,3:19:54
2.0%,1000000,-528911.6329865591,399.8140954798872,707,3:19:53
2.0%,1005000,-528407.4574777824,403.86932209697557,707,3:19:55
2.0%,1010000,-529075.0596430306,402.200257421076,707,3:19:53
2.0%,1015000,-527246.6797448075,400.6552514797585,707,3:19:51
2.0%,1020000,-528940.4835863272,397.57304079894226,707,3:19:50
2.0%,1025000,-527369.5373729183,398.2178420209621,707,3:19:50
2.1%,1030000,-527433.1678046319,402.38844301589086,707,3:19:48
2.1%,1035000,-528479.0560871433,399.29048273895006,707,3:19:46
2.1%,1040000,-526761.621661176,400.29963443081624,707,3:19:44
2.1%,1045000,-527949.6810141536,396.6675616821886,707,3:19:42
2.1%,1050000,-529459.5505352356,399.8217740213,707,3:19:41
2.1%,1055000,-528547.0180002274,394.8240984411034,706,3:19:43
2.1%,1060000,-529691.3015686837,401.94880358886996,706,3:19:42
2.1%,1065000,-526610.6899109646,395.9896912147235,707,3:19:40
2.1%,1070000,-529406.5683458843,399.55928075255804,707,3:19:38
2.1%,1075000,-528878.8581403233,400.8753778442839,707,3:19:38
2.2%,1080000,-526375.8974831505,399.0903745526765,707,3:19:36
2.2%,1085000,-527232.2166771423,400.34666243045905,707,3:19:35
2.2%,1090000,-529165.2402241016,399.2182112277619,707,3:19:34
2.2%,1095000,-528292.0922154249,399.669699649998,707,3:19:33
2.2%,1100000,-528684.1190169104,398.8690215840916,707,3:19:32
2.2%,1105000,-529254.0050609508,400.1965996898147,706,3:19:34
2.2%,1110000,-527630.3093693256,402.4767830402591,706,3:19:33
2.2%,1115000,-529686.6662060646,395.8191932504472,706,3:19:32
2.2%,1120000,-527442.087261497,397.2377853773883,706,3:19:30
2.2%,1125000,-530002.5740007078,402.24713822823173,706,3:19:28
2.3%,1130000,-528654.5620266502,400.25508417137365,706,3:19:26
2.3%,1135000,-528157.9380305102,402.3165149538394,706,3:19:24
2.3%,1140000,-529202.1657938305,403.270714783838,707,3:19:22
2.3%,1145000,-528841.3869905313,401.5459868157165,707,3:19:21
2.3%,1150000,-527577.2818009001,400.49073934329283,707,3:19:19
2.3%,1155000,-528870.9351116042,399.2131330869554,706,3:19:22
2.3%,1160000,-527093.7314764648,398.76586418268414,706,3:19:20
2.3%,1165000,-527033.4739440489,403.0251486511178,706,3:19:18
2.3%,1170000,-527131.9956567395,399.44140410243614,706,3:19:16
2.3%,1175000,-527463.2000014959,401.1951289905252,706,3:19:15
2.4%,1180000,-527767.0061853314,402.28140954565526,706,3:19:14
2.4%,1185000,-526451.3323126202,399.31143313628706,706,3:19:13
2.4%,1190000,-528210.7930388525,399.1570036851908,706,3:19:11
2.4%,1195000,-527423.4143914795,397.28098637236536,706,3:19:09
2.4%,1200000,-526961.1511891214,400.8359547898102,706,3:19:08
2.4%,1205000,-528008.177361385,400.77798548195625,706,3:19:10
2.4%,1210000,-529069.6079336801,401.40033984968653,706,3:19:08
2.4%,1215000,-528906.3081803708,398.0926057464829,706,3:19:07
2.4%,1220000,-528232.5566971307,402.04236894653184,706,3:19:06
2.4%,1225000,-531612.3146427469,400.60876318590186,706,3:19:04
2.5%,1230000,-528525.001034223,400.38966716878656,706,3:19:03
2.5%,1235000,-528983.9030654142,401.4420443877109,706,3:19:02
2.5%,1240000,-528856.1300475271,400.1055366044343,706,3:19:01
2.5%,1245000,-528797.5581530831,400.59392127678143,706,3:18:59
2.5%,1250000,-526992.1832630043,400.4803622729491,706,3:18:57
2.5%,1255000,-528516.9589473573,399.1985855628092,706,3:19:00
2.5%,1260000,-530246.9333978486,401.3023587174103,706,3:18:59
2.5%,1265000,-527446.2163286032,400.58577662582604,706,3:18:57
2.5%,1270000,-528795.8903228687,395.82297119095057,706,3:18:56
2.5%,1275000,-528777.0585528971,400.7218560801916,706,3:18:55
2.6%,1280000,-530035.8223265461,396.41836480145207,706,3:18:53
2.6%,1285000,-529441.6304569975,400.51208225392884,706,3:18:52
2.6%,1290000,-529191.0428139158,401.56185907224693,706,3:18:50
2.6%,1295000,-528879.3488223213,400.4549470368354,706,3:18:49
2.6%,1300000,-529100.5540426709,403.62375596425534,706,3:18:47
2.6%,1305000,-526578.8844635948,400.44344149075687,706,3:18:49
2.6%,1310000,-529236.5735733067,402.1905427169244,706,3:18:48
2.6%,1315000,-529347.5386893479,397.41937184236286,706,3:18:46
2.6%,1320000,-528370.0425251527,400.24679232793113,706,3:18:45
2.6%,1325000,-528963.047593704,402.6212524663919,706,3:18:44
2.7%,1330000,-527826.0428881943,398.0680981973733,706,3:18:42
2.7%,1335000,-527501.6943838219,403.10885211214094,706,3:18:41
2.7%,1340000,-528102.8849301925,401.7576986763934,706,3:18:40
2.7%,1345000,-526891.4624579423,399.0889762240486,706,3:18:38
2.7%,1350000,-526934.8726845374,402.44506305927933,706,3:18:36
2.7%,1355000,-527662.8088082657,396.1378159209537,706,3:18:37
2.7%,1360000,-527850.1020480366,400.731153738963,706,3:18:35
2.7%,1365000,-529125.3602603613,398.8414965889955,706,3:18:33
2.7%,1370000,-527017.6310244957,400.0593672276332,706,3:18:32
2.7%,1375000,-528774.955371887,399.9552040108969,706,3:18:31
2.8%,1380000,-528254.7296357597,400.64828436870033,706,3:18:30
2.8%,1385000,-527413.2291605291,398.84694271101984,706,3:18:29
2.8%,1390000,-527250.0690359324,398.4845057435065,706,3:18:28
2.8%,1395000,-526820.5850925781,396.83943344301156,706,3:18:26
2.8%,1400000,-527642.1132101947,398.55594316393416,706,3:18:24
2.8%,1405000,-528418.5638291612,398.58459663476503,706,3:18:25
2.8%,1410000,-528877.3580521247,398.24109843393103,706,3:18:24
2.8%,1415000,-527453.215859368,403.0353049327308,706,3:18:22
2.8%,1420000,-529318.7181045208,399.27986034779445,706,3:18:20
2.8%,1425000,-527421.9918076168,401.02774660056014,706,3:18:19
2.9%,1430000,-527312.178660599,402.25538100751186,706,3:18:18
2.9%,1435000,-528975.2617876166,398.70580964792896,706,3:18:17
2.9%,1440000,-527569.0694734729,401.1124313448309,706,3:18:15
2.9%,1445000,-528281.9743584231,402.9571457220568,706,3:18:14
2.9%,1450000,-529623.1167609966,403.96997722610155,706,3:18:14
2.9%,1455000,-527745.862063318,402.4875526239018,706,3:18:15
2.9%,1460000,-528244.1457134578,404.637740476116,706,3:18:14
2.9%,1465000,-528272.2203012933,401.699925625189,706,3:18:13
2.9%,1470000,-527674.943156769,400.18870035967126,706,3:18:12
2.9%,1475000,-529506.7884404361,400.8204259824164,706,3:18:11
3.0%,1480000,-527313.2487300709,403.09967711377556,706,3:18:09
3.0%,1485000,-528799.6037494312,402.61850487329855,706,3:18:07
3.0%,1490000,-526812.988382915,400.2083505567051,706,3:18:06
3.0%,1495000,-526362.6869479925,399.28935426321533,706,3:18:04
3.0%,1500000,-527360.4606592301,397.4996898761816,706,3:18:04
3.0%,1505000,-528297.0350493062,400.92608565610533,706,3:18:05
3.0%,1510000,-528919.3971595322,399.01194548910934,706,3:18:04
3.0%,1515000,-526800.1601768215,399.6993834682389,706,3:18:03
3.0%,1520000,-528042.3894238635,398.43392059209094,706,3:18:01
3.0%,1525000,-529278.3456811123,401.75100141822827,706,3:18:00
3.1%,1530000,-528089.5811446733,397.11235284625957,706,3:17:59
3.1%,1535000,-528202.7629691116,399.4201593201248,706,3:17:58
3.1%,1540000,-528185.3227891121,400.7884606806247,706,3:17:56
3.1%,1545000,-530000.5360840815,398.7727576974988,706,3:17:55
3.1%,1550000,-527825.5976433349,403.7420251276763,706,3:17:54
3.1%,1555000,-526338.9318178119,400.0538720414464,706,3:17:55
3.1%,1560000,-529078.0228745332,401.58354543201966,706,3:17:53
3.1%,1565000,-528731.6812242898,404.07053422690274,706,3:17:52
3.1%,1570000,-528457.2539773164,404.46228703143913,706,3:17:50
3.1%,1575000,-528415.0918696164,403.49866688226325,706,3:17:49
3.2%,1580000,-527689.3246398633,402.121705697103,706,3:17:48
3.2%,1585000,-528882.5828246321,402.5597014746841,706,3:17:46
3.2%,1590000,-527645.8059858452,400.05890111809055,706,3:17:45
3.2%,1595000,-527233.2447767113,400.8035724426383,706,3:17:44
3.2%,1600000,-528967.3400943433,399.7890727570726,706,3:17:42
3.2%,1605000,-528682.1767358235,399.68714195972467,706,3:17:43
3.2%,1610000,-528766.7445938764,402.5972600909873,706,3:17:42
3.2%,1615000,-530264.3396007777,401.91247157662633,706,3:17:41
3.2%,1620000,-527869.5049807741,398.2279492384127,706,3:17:39
3.2%,1625000,-528176.2052463125,400.0689102072164,706,3:17:38
3.3%,1630000,-527753.5155195645,399.5512587620086,706,3:17:36
3.3%,1635000,-528144.1397067597,402.25822672892997,706,3:17:35
3.3%,1640000,-528279.1354845157,401.43674545817373,706,3:17:33
3.3%,1645000,-529414.3815228436,403.0756356742085,706,3:17:32
3.3%,1650000,-527513.0168119175,402.31904175820205,706,3:17:31
3.3%,1655000,-528544.4113149047,403.5782489536463,706,3:17:32
3.3%,1660000,-528466.2977469312,397.82375866871257,706,3:17:31
3.3%,1665000,-527007.055948983,401.8175814865802,706,3:17:29
3.3%,1670000,-529621.8651792128,401.42143743951067,706,3:17:28
3.3%,1675000,-526729.3459407194,400.3198979298798,706,3:17:27
3.4%,1680000,-527094.520432177,398.62424047796947,706,3:17:25
3.4%,1685000,-526990.162372733,399.9918058760336,706,3:17:24
3.4%,1690000,-528455.8610185063,397.7637531981198,706,3:17:23
3.4%,1695000,-529157.590429985,399.87022488165184,706,3:17:21
3.4%,1700000,-528285.8352003456,400.6275056959317,706,3:17:20
3.4%,1705000,-527841.3938618754,400.3526727903508,705,3:17:21
3.4%,1710000,-528238.5435253582,402.09270877713544,705,3:17:20
3.4%,1715000,-529211.2246524473,399.208324799042,706,3:17:18
3.4%,1720000,-527728.9672622085,399.2369537377917,706,3:17:17
3.4%,1725000,-527806.4009431098,402.5187819632578,706,3:17:15
3.5%,1730000,-528185.5187061569,399.61433074275027,706,3:17:14
3.5%,1735000,-529982.771860769,399.7907654706748,706,3:17:13
3.5%,1740000,-528841.5153227216,402.35346026811277,706,3:17:12
3.5%,1745000,-527303.9405312263,399.82876566443935,706,3:17:10
3.5%,1750000,-525841.5713608791,398.81824017602656,706,3:17:08
3.5%,1755000,-528121.764332802,399.5698540795513,705,3:17:10
3.5%,1760000,-527258.0051923059,400.2796162525645,705,3:17:09
3.5%,1765000,-527630.3853521198,401.51755413361633,705,3:17:07
3.5%,1770000,-527958.5379599319,398.73392341297364,705,3:17:06
3.5%,1775000,-528134.9985757209,404.99571260485266,705,3:17:05
3.6%,1780000,-529180.5623341948,401.45519358322923,705,3:17:03
3.6%,1785000,-527639.8840767718,403.43925018161906,705,3:17:02
3.6%,1790000,-528189.4897853588,401.9499075325236,705,3:17:01
3.6%,1795000,-526769.2244884442,402.0932239508404,705,3:16:59
3.6%,1800000,-526897.4449578277,401.5403689691238,705,3:16:58
3.6%,1805000,-526916.9275262337,399.598998192006,705,3:16:59
3.6%,1810000,-526168.7244858849,399.544880420899,705,3:16:57
3.6%,1815000,-528800.4298770376,401.37144105804373,705,3:16:56
3.6%,1820000,-530209.4166652826,400.6415380463729,705,3:16:54
3.6%,1825000,-529215.3670301046,400.4203077381939,705,3:16:53
3.7%,1830000,-528993.6329649938,401.72266686445283,705,3:16:51
3.7%,1835000,-527742.5527176298,400.6359201997802,705,3:16:50
3.7%,1840000,-527452.1212107246,398.4755270017906,705,3:16:48
3.7%,1845000,-528743.4355272134,400.3766651657554,706,3:16:46
3.7%,1850000,-530330.3767882963,400.8657367363759,706,3:16:45
3.7%,1855000,-528863.667905014,402.05353104347364,705,3:16:45
3.7%,1860000,-528710.6830025292,397.9071922768426,705,3:16:44
3.7%,1865000,-528732.5041957963,398.6117781807245,705,3:16:42
3.7%,1870000,-528287.3601196827,401.77406157454766,705,3:16:41
3.7%,1875000,-527335.8611848052,401.142654868858,706,3:16:39
3.8%,1880000,-530604.2246668846,397.3733987222112,706,3:16:37
3.8%,1885000,-527910.4066728037,404.53416602932833,706,3:16:36
3.8%,1890000,-527608.9865631526,396.4225352552545,706,3:16:35
3.8%,1895000,-528029.7433429011,399.3793134049421,706,3:16:33
3.8%,1900000,-529445.450970999,399.3068211050232,706,3:16:32
3.8%,1905000,-530395.7425711784,400.29180869691635,706,3:16:31
3.8%,1910000,-527375.8095325334,397.50658339099624,706,3:16:30
3.8%,1915000,-529487.5903652124,398.10200153357897,706,3:16:28
3.8%,1920000,-527753.1936671394,403.43196415350536,706,3:16:26
3.8%,1925000,-528188.7837237511,401.50783942946475,706,3:16:25
3.9%,1930000,-528582.2850256832,400.3840247901126,706,3:16:23
3.9%,1935000,-527159.8134185243,396.49735810288655,706,3:16:22
3.9%,1940000,-526051.7576410957,400.9199526358076,706,3:16:20
3.9%,1945000,-527893.139427654,398.5400709074037,706,3:16:18
3.9%,1950000,-527744.2983176988,403.4863517775055,706,3:16:17
3.9%,1955000,-529706.5920038922,400.87034876763977,706,3:16:17
3.9%,1960000,-528527.9781227671,403.10237564270653,706,3:16:16
3.9%,1965000,-527455.6264761332,400.652356694178,706,3:16:14
3.9%,1970000,-528208.7708001756,399.08598331014326,706,3:16:13
3.9%,1975000,-526918.554485043,403.8552652144532,706,3:16:11
4.0%,1980000,-527276.6804123968,399.4885547624849,706,3:16:10
4.0%,1985000,-526338.6727319593,400.60623638153925,706,3:16:08
4.0%,1990000,-527924.539360485,399.74800605315914,706,3:16:06
4.0%,1995000,-528025.2717054086,401.21804195435743,706,3:16:05
4.0%,2000000,-528200.852413841,398.79974298680867,706,3:16:03
4.0%,2005000,-528564.3897129907,399.95294705942734,706,3:16:03
4.0%,2010000,-527143.845233385,399.28950145570246,706,3:16:01
4.0%,2015000,-527220.1114986939,401.99315759166296,706,3:16:00
4.0%,2020000,-527614.8074505455,401.919242431035,706,3:15:58
4.0%,2025000,-526982.0381514351,401.23518987910984,706,3:15:57
4.1%,2030000,-527503.8116349112,401.444105082531,706,3:15:56
4.1%,2035000,-528826.2793994751,400.5120331897665,706,3:15:54
4.1%,2040000,-527734.9476152547,403.73679979438265,706,3:15:53
4.1%,2045000,-527960.7436560057,399.91605080931635,706,3:15:51
4.1%,2050000,-526968.730656337,402.72831046870874,706,3:15:50
4.1%,2055000,-527555.392483185,397.2497570330094,706,3:15:50
4.1%,2060000,-527795.9960086984,404.0841495319637,706,3:15:49
4.1%,2065000,-530655.2462941762,399.67980686744863,706,3:15:48
4.1%,2070000,-529529.6216449607,395.859278671113,706,3:15:46
4.1%,2075000,-528955.7971633403,398.52240780894624,706,3:15:45
4.2%,2080000,-529551.4622535128,402.3424208315769,706,3:15:44
4.2%,2085000,-527851.6290376973,400.95900770906337,706,3:15:43
4.2%,2090000,-528319.2006544098,397.5190456882412,706,3:15:42
4.2%,2095000,-527919.2622360927,399.1089453381379,706,3:15:40
4.2%,2100000,-527940.0827294067,401.9857243710622,706,3:15:39
4.2%,2105000,-527798.359230001,401.07229686000267,706,3:15:40
4.2%,2110000,-529111.7667046473,402.5229278849791,706,3:15:39
4.2%,2115000,-527030.8621817548,398.66432589863524,706,3:15:37
4.2%,2120000,-528217.7288449872,400.67139358918206,706,3:15:35
4.2%,2125000,-528190.6453133449,401.7563984760903,706,3:15:34
4.3%,2130000,-530335.5590353231,400.7420214509305,706,3:15:33
4.3%,2135000,-527045.1027939701,400.35973802973376,706,3:15:31
4.3%,2140000,-527914.0900970004,400.8293065958075,706,3:15:30
4.3%,2145000,-527451.5149792545,397.5827555030938,706,3:15:29
4.3%,2150000,-527914.895807019,399.54144592953236,706,3:15:27
4.3%,2155000,-528097.4502990525,398.17594122628816,706,3:15:27
4.3%,2160000,-528624.169347743,402.4039472912035,706,3:15:26
4.3%,2165000,-528494.7204801291,401.1785943678026,706,3:15:24
4.3%,2170000,-527061.7897859765,398.453595321206,706,3:15:23
4.3%,2175000,-527221.8572153244,404.36440402748775,706,3:15:22
4.4%,2180000,-528589.6433409918,400.806369099894,706,3:15:20
4.4%,2185000,-529758.4387086672,400.55621546799114,706,3:15:19
4.4%,2190000,-526863.6462334394,396.4944142531437,706,3:15:18
4.4%,2195000,-528227.5054062973,400.06780626356283,706,3:15:16
4.4%,2200000,-527615.0359073193,398.91244336779937,706,3:15:15
4.4%,2205000,-527836.4687091094,401.47810654706143,706,3:15:14
4.4%,2210000,-527686.8349758117,399.8164014955192,706,3:15:13
4.4%,2215000,-528751.2561037219,399.4786438016838,706,3:15:12
4.4%,2220000,-527807.2323773275,398.16544149553846,706,3:15:10
4.4%,2225000,-527313.1926300628,400.6488240744865,706,3:15:09
4.5%,2230000,-529478.7549581872,400.23065021850755,706,3:15:08
4.5%,2235000,-527395.4349948149,399.9782151030539,706,3:15:06
4.5%,2240000,-528244.8242251943,397.8736078576923,706,3:15:05
4.5%,2245000,-527488.8700655876,403.6746845648075,706,3:15:03
4.5%,2250000,-527064.8366957814,403.54071486942433,706,3:15:02
4.5%,2255000,-527666.8309531114,400.637318528408,706,3:15:02
4.5%,2260000,-526473.8148259036,398.8583746608548,706,3:15:01
4.5%,2265000,-526553.9665430663,400.07894382842346,706,3:14:59
4.5%,2270000,-528760.0606978787,401.6136462956408,706,3:14:58
4.5%,2275000,-527455.241989702,400.86068312765053,706,3:14:57
4.6%,2280000,-528380.2669676612,400.9284407358997,706,3:14:55
4.6%,2285000,-527624.44355564,401.4014192612589,706,3:14:54
4.6%,2290000,-527469.5519836713,399.2374198473343,706,3:14:53
4.6%,2295000,-528237.3931196043,403.2400987465118,706,3:14:52
4.6%,2300000,-526945.0088843997,399.9253239360065,706,3:14:50
4.6%,2305000,-528766.3727059118,406.03925827454833,706,3:14:50
4.6%,2310000,-527879.2480587321,400.23911378651843,706,3:14:48
4.6%,2315000,-528176.0938446019,402.2372027353494,706,3:14:47
4.6%,2320000,-528063.6915561762,397.0909854035424,706,3:14:46
4.6%,2325000,-529770.3343735435,399.05777141677385,706,3:14:45
4.7%,2330000,-527650.0237425421,400.29794171721403,706,3:14:43
4.7%,2335000,-528288.5356444833,396.9027507445651,706,3:14:42
4.7%,2340000,-527955.1558470973,401.8732693108834,706,3:14:40
4.7%,2345000,-527685.4746102886,398.5019235211519,706,3:14:39
4.7%,2350000,-528229.352060514,400.33910654945225,706,3:14:38
4.7%,2355000,-528471.2297476311,401.2886207519434,706,3:14:38
4.7%,2360000,-528618.2875815313,399.3873844596539,706,3:14:36
4.7%,2365000,-527763.0580447824,395.22728319547474,706,3:14:35
4.7%,2370000,-529101.0662524654,399.23219451404066,706,3:14:34
4.7%,2375000,-528933.1472674413,400.10879937123275,706,3:14:32
4.8%,2380000,-528956.5039509041,400.2444863122992,706,3:14:31
4.8%,2385000,-527014.7329811901,402.4550721484052,706,3:14:30
4.8%,2390000,-528392.4519248256,401.6525296443283,706,3:14:29
4.8%,2395000,-527614.5854316046,398.90591783420257,706,3:14:27
4.8%,2400000,-525699.7510936102,396.4715503534738,706,3:14:26
4.8%,2405000,-528645.8907579416,400.1132396779283,706,3:14:25
4.8%,2410000,-525675.910176239,396.6068202491601,706,3:14:24
4.8%,2415000,-528942.1961671198,400.021170777219,706,3:14:22
4.8%,2420000,-527761.328953878,398.78227614500076,706,3:14:21
4.8%,2425000,-527907.8336526435,400.01722111214735,706,3:14:19
4.9%,2430000,-525354.8085957919,402.9249596315344,706,3:14:18
4.9%,2435000,-528703.581514298,397.9997763512568,706,3:14:17
4.9%,2440000,-528129.8111838251,400.3553467872006,706,3:14:16
4.9%,2445000,-527918.1617554044,401.1776866807985,706,3:14:14
4.9%,2450000,-528651.0086347312,400.859456523591,706,3:14:13
4.9%,2455000,-525938.4523692913,397.262685439797,706,3:14:13
4.9%,2460000,-528597.0268322853,395.67303111071215,706,3:14:12
4.9%,2465000,-530107.9398706201,398.9928595299429,706,3:14:10
4.9%,2470000,-528236.2973973504,400.91735223520135,706,3:14:09
4.9%,2475000,-528764.1938029402,398.90861636313355,706,3:14:08
5.0%,2480000,-528089.1533166878,399.2972045291964,706,3:14:07
5.0%,2485000,-528846.3869221765,401.80784225034745,706,3:14:05
5.0%,2490000,-527106.3460499179,403.7546591494896,706,3:14:04
5.0%,2495000,-529700.7010102938,400.7038985967599,706,3:14:02
5.0%,2500000,-526975.5476895161,400.45931374728735,706,3:14:01
5.0%,2505000,-528336.8157152706,403.220963723183,706,3:14:00
5.0%,2510000,-527091.2283505676,398.6746784368978,706,3:13:59
5.0%,2515000,-528901.1634721165,400.1966487539771,706,3:13:57
5.0%,2520000,-529077.0032545808,402.76628613039213,706,3:13:56
5.0%,2525000,-528028.6436940357,401.1951289905252,706,3:13:55
5.1%,2530000,-528712.1322503462,397.08244823928794,706,3:13:53
5.1%,2535000,-529778.712740704,404.31207709830767,706,3:13:52
5.1%,2540000,-527129.5909835654,402.6089373616341,706,3:13:50
5.1%,2545000,-528190.1176694725,399.0378023026845,706,3:13:49
5.1%,2550000,-527917.4352329727,401.5633800612808,706,3:13:48
5.1%,2555000,-529569.3434576602,401.25353987584054,706,3:13:47
5.1%,2560000,-528912.9620352313,403.98982367978493,706,3:13:46
5.1%,2565000,-527664.698017851,402.53205381918207,706,3:13:44
5.1%,2570000,-528297.6715184334,400.0982751084018,706,3:13:43
5.1%,2575000,-527413.5077479645,402.3766185527569,706,3:13:41
5.2%,2580000,-527342.22690205,403.9202997616901,706,3:13:40
5.2%,2585000,-528650.8754570545,397.8003550632565,706,3:13:38
5.2%,2590000,-528479.4772332376,403.29642440492603,706,3:13:37
5.2%,2595000,-528486.6494961847,398.2856977575359,706,3:13:36
5.2%,2600000,-528144.0349578969,399.39251166462276,706,3:13:34
5.2%,2605000,-528672.3161085607,402.9307001385331,706,3:13:34
5.2%,2610000,-529213.6849228218,401.3417572398028,706,3:13:33
5.2%,2615000,-527629.8917501052,399.59252172257163,706,3:13:31
5.2%,2620000,-528911.4392264294,400.9830982127928,706,3:13:30
5.2%,2625000,-527356.8923529461,402.93565561893365,706,3:13:29
5.3%,2630000,-527536.3809449249,400.7515644305137,706,3:13:27
5.3%,2635000,-528032.8633950548,400.53406299867584,706,3:13:26
5.3%,2640000,-530035.920175734,400.3660427745998,706,3:13:24
5.3%,2645000,-527290.0358559871,399.47219186433057,706,3:13:23
5.3%,2650000,-528068.8192901276,399.5401702613104,706,3:13:21
5.3%,2655000,-528267.4985043951,398.1701516551271,706,3:13:20
5.3%,2660000,-529105.6101002316,400.5229744979776,706,3:13:19
5.3%,2665000,-527716.0623428696,401.5306787970534,706,3:13:18
5.3%,2670000,-526310.3273506886,398.620070024167,706,3:13:16
5.3%,2675000,-528317.391776321,402.6941127475287,706,3:13:15
5.4%,2680000,-527084.5338536836,398.08816543978736,706,3:13:13
5.4%,2685000,-527953.2282810532,403.59529875007394,706,3:13:12
5.4%,2690000,-529496.9158902462,399.8682623151566,706,3:13:11
5.4%,2695000,-528266.454495945,401.989428715322,706,3:13:09
5.4%,2700000,-528632.4043721831,398.92640212199694,706,3:13:08
5.4%,2705000,-528907.5081145777,403.0616523879297,706,3:13:08
5.4%,2710000,-526851.3618627307,399.74280525194666,706,3:13:07
5.4%,2715000,-529602.5378359007,399.3261523850016,706,3:13:05
5.4%,2720000,-528088.8827915317,398.8307270053527,706,3:13:04
5.4%,2725000,-527901.1652282546,400.8035233784759,706,3:13:03
5.5%,2730000,-527857.5721246894,398.31859527841283,706,3:13:01
5.5%,2735000,-525911.6965875262,403.21277000806526,706,3:13:00
5.5%,2740000,-529778.4546442577,399.20864371609747,706,3:12:58
5.5%,2745000,-527104.9153376129,400.20810523589324,706,3:12:57
5.5%,2750000,-528273.8499171776,399.57137506858516,706,3:12:55
5.5%,2755000,-528365.1247883439,399.1262159232963,706,3:12:55
5.5%,2760000,-527992.596468416,402.60511035696834,706,3:12:54
5.5%,2765000,-528900.8549825037,404.7153599810038,706,3:12:52
5.5%,2770000,-529573.0242680875,400.5740257589357,706,3:12:51
5.5%,2775000,-527507.5860513654,405.5511189230132,706,3:12:49
5.6%,2780000,-527793.1633280232,395.9160459069886,706,3:12:48
5.6%,2785000,-528427.0767112309,400.90582215704165,706,3:12:47
5.6%,2790000,-529514.9737652615,399.7958190794,706,3:12:45
5.6%,2795000,-528119.3797765877,399.2144823514209,706,3:12:44
5.6%,2800000,-527004.8457390522,403.98597214303794,706,3:12:42
5.6%,2805000,-527071.2961201915,401.0887333544005,706,3:12:42
5.6%,2810000,-526198.5203531659,402.7187429570443,706,3:12:41
5.6%,2815000,-528925.758247226,401.4731265345797,706,3:12:40
5.6%,2820000,-529255.724555932,398.37808557530064,706,3:12:38
5.6%,2825000,-527454.6061603515,402.23528923301654,706,3:12:37
5.7%,2830000,-526870.7106734253,401.9649702303748,706,3:12:36
5.7%,2835000,-526432.4238195224,401.3612111801871,706,3:12:34
5.7%,2840000,-529987.5220948122,397.193774823732,706,3:12:33
5.7%,2845000,-528993.8841083217,402.07568351278894,706,3:12:32
5.7%,2850000,-528199.6891333018,401.3390587108718,706,3:12:31
5.7%,2855000,-528366.4257631926,398.37514172555774,706,3:12:30
5.7%,2860000,-528813.9994974174,401.6476232280901,706,3:12:29
5.7%,2865000,-528318.5538821924,400.5529036370304,706,3:12:27
5.7%,2870000,-529233.9381157164,401.0131745443328,706,3:12:26
5.7%,2875000,-527013.4019817086,398.698229234841,706,3:12:24
5.8%,2880000,-527443.0141614415,398.6133972980831,706,3:12:23
5.8%,2885000,-526605.408057984,401.3224014277432,706,3:12:21
5.8%,2890000,-529046.7506350474,400.3726909686025,706,3:12:20
5.8%,2895000,-527986.9488808056,400.30866223669443,706,3:12:19
5.8%,2900000,-528803.1906332141,401.19733687783236,706,3:12:17
5.8%,2905000,-528230.188061697,398.9487017837994,706,3:12:17
5.8%,2910000,-528529.5547165964,399.52738904701,706,3:12:16
5.8%,2915000,-526599.4287680159,399.68029750907243,706,3:12:15
5.8%,2920000,-527328.129776407,398.54456027826166,706,3:12:13
5.8%,2925000,-528042.773702303,401.0361611044086,706,3:12:12
5.9%,2930000,-530101.4717205935,402.2784902279936,706,3:12:11
5.9%,2935000,-528174.1005341941,401.6451209558087,706,3:12:09
5.9%,2940000,-528301.8869781955,399.28204370302046,706,3:12:08
5.9%,2945000,-527968.5586268082,398.34742047381206,706,3:12:06
5.9%,2950000,-528811.5419301572,400.0491618818578,706,3:12:05
5.9%,2955000,-529562.0228558099,399.8872501459983,706,3:12:05
5.9%,2960000,-528258.7318243156,398.9280703035179,706,3:12:04
5.9%,2965000,-528454.4797939393,400.5656357871684,706,3:12:03
5.9%,2970000,-528710.8607411464,399.07428150741526,706,3:12:01
5.9%,2975000,-528967.6442831336,402.0006644085074,706,3:12:00
6.0%,2980000,-528823.2435122686,405.4420002258763,706,3:11:59
6.0%,2985000,-526064.3448891449,398.91273775277364,706,3:11:57
6.0%,2990000,-527437.5270482944,401.6761295064339,706,3:11:56
6.0%,2995000,-529150.0068589733,398.7654716693851,706,3:11:54
6.0%,3000000,-528426.3303230866,401.6583192154893,706,3:11:53
6.0%,3005000,-527376.7369466228,398.2558176826455,706,3:11:52
6.0%,3010000,-528458.271288597,401.9367092728429,706,3:11:51
6.0%,3015000,-527602.8457344547,396.6940072657123,706,3:11:50
6.0%,3020000,-529274.1159623531,401.72558618211457,706,3:11:48
6.0%,3025000,-527873.7077398277,400.9021914090254,706,3:11:47
6.1%,3030000,-527750.2175794886,401.3718826355052,706,3:11:45
6.1%,3035000,-528961.9633745844,399.6137665048829,706,3:11:44
6.1%,3040000,-527443.9404806457,403.097027649007,706,3:11:42
6.1%,3045000,-527072.5772342416,400.5447835181562,706,3:11:41
6.1%,3050000,-528773.1568692923,397.9721777599171,706,3:11:39
6.1%,3055000,-527095.4316864396,404.2931628637096,706,3:11:39
6.1%,3060000,-528867.8755202969,400.12462256360084,706,3:11:38
6.1%,3065000,-527807.3473354527,401.38419774026295,706,3:11:36
6.1%,3070000,-526625.6992843836,402.18948783743326,706,3:11:35
6.1%,3075000,-527122.5523341238,403.48348152400615,706,3:11:33
6.2%,3080000,-528570.4881857056,401.3371942727013,706,3:11:32
6.2%,3085000,-526998.369161,399.9434776760877,706,3:11:31
6.2%,3090000,-528288.8402823727,400.48406661720884,706,3:11:30
6.2%,3095000,-528186.9624350253,400.7939068026491,706,3:11:29
6.2%,3100000,-529736.5527154091,399.12153029578883,706,3:11:27
6.2%,3105000,-528561.622835801,397.92012068363016,706,3:11:27
6.2%,3110000,-526398.1257338808,399.61101891178953,706,3:11:26
6.2%,3115000,-528344.7099778792,397.49316434258486,706,3:11:24
6.2%,3120000,-527431.379757857,398.4614210551059,706,3:11:23
6.2%,3125000,-529291.1864918242,401.9422289911108,706,3:11:22
6.3%,3130000,-528220.2798560704,399.36582076028714,706,3:11:21
6.3%,3135000,-527801.5724626505,405.0525289048906,706,3:11:19
6.3%,3140000,-527828.4226159481,399.1133365806711,706,3:11:18
6.3%,3145000,-527219.3156930283,403.71077125623924,706,3:11:17
6.3%,3150000,-528498.1589732165,400.64087568018067,706,3:11:15
6.3%,3155000,-529097.7803367716,401.190345234693,706,3:11:15
6.3%,3160000,-528997.9096023808,400.8359057256478,706,3:11:14
6.3%,3165000,-527305.2626460721,400.06056929961153,706,3:11:13
6.3%,3170000,-528844.3757280721,403.6524830313298,706,3:11:11
6.3%,3175000,-527023.9246829101,399.5621264739762,706,3:11:10
6.4%,3180000,-528548.2614963232,398.998918953997,706,3:11:09
6.4%,3185000,-526990.6683056322,401.17432578567536,706,3:11:07
6.4%,3190000,-529207.0315650473,402.99556296120164,706,3:11:06
6.4%,3195000,-528077.105011377,402.17084345572823,706,3:11:05
6.4%,3200000,-527416.4137409087,401.83151570869666,706,3:11:03
6.4%,3205000,-529502.7759966194,400.7242847562295,706,3:11:03
6.4%,3210000,-529094.924027984,401.543484543435,706,3:11:01
6.4%,3215000,-528728.4775215201,402.3541471663861,706,3:11:00
6.4%,3220000,-527695.4546169713,401.91727986453975,706,3:10:58
6.4%,3225000,-527693.0430172379,400.59392127678143,706,3:10:57
6.5%,3230000,-529019.2502801148,403.1182724313182,706,3:10:56
6.5%,3235000,-529350.6827784986,402.42919080274885,706,3:10:54
6.5%,3240000,-529019.8000357398,402.74832864696043,706,3:10:53
6.5%,3245000,-528903.2277455297,402.3850575886866,706,3:10:52
6.5%,3250000,-525864.6004778217,397.45371675603,706,3:10:50
6.5%,3255000,-526947.7951537776,398.81456036384793,706,3:10:50
6.5%,3260000,-528415.1772068911,396.6369211127812,706,3:10:49
6.5%,3265000,-527025.1647891267,399.70029115524295,706,3:10:47
6.5%,3270000,-527771.1892118934,404.80127132933416,706,3:10:46
6.5%,3275000,-528169.260186621,395.23945110774537,706,3:10:45
6.6%,3280000,-527815.6866432624,400.3004194574143,706,3:10:43
6.6%,3285000,-528695.6918536671,400.0597106767699,706,3:10:42
6.6%,3290000,-528730.106771206,398.3360375881395,706,3:10:41
6.6%,3295000,-528267.7044377946,397.2307446700865,706,3:10:39
6.6%,3300000,-527856.4626151482,399.0931957420134,706,3:10:38
6.6%,3305000,-527304.0345675903,402.790180377472,706,3:10:38
6.6%,3310000,-527886.0777610154,401.451562835213,706,3:10:36
6.6%,3315000,-528749.4813126978,400.3124156451167,706,3:10:35
6.6%,3320000,-528300.9678376224,402.7278443591661,706,3:10:34
6.6%,3325000,-527875.8881943538,401.6995576439711,706,3:10:33
6.7%,3330000,-528183.5280029085,404.16100854233457,706,3:10:31
6.7%,3335000,-528210.9820316546,399.97465795128124,706,3:10:30
6.7%,3340000,-527854.7081861827,400.1938520967213,706,3:10:28
6.7%,3345000,-526441.4886022741,401.70699086457194,706,3:10:27
6.7%,3350000,-526757.9740710869,399.1271972065439,706,3:10:25
6.7%,3355000,-528475.4723337521,400.8323976380375,706,3:10:25
6.7%,3360000,-528812.883768612,401.0179828322462,706,3:10:23
6.7%,3365000,-528099.5734053846,400.63302541419966,706,3:10:22
6.7%,3370000,-527262.6498365467,399.01452135763435,706,3:10:21
6.7%,3375000,-528410.1144032436,400.52054582193966,706,3:10:19
6.8%,3380000,-529008.095868466,399.96526216418516,706,3:10:18
6.8%,3385000,-528244.5886820578,397.527116742953,706,3:10:17
6.8%,3390000,-529545.1729677115,399.41078806510995,706,3:10:16
6.8%,3395000,-530434.1406635814,401.9685519142286,706,3:10:14
6.8%,3400000,-528454.329559986,400.7067197860969,706,3:10:13
6.8%,3405000,-529233.4998906576,402.4989600416556,706,3:10:12
6.8%,3410000,-528067.5523887835,400.54961633815077,706,3:10:11
6.8%,3415000,-529029.2452726443,400.77106743506044,706,3:10:10
6.8%,3420000,-526931.0030151973,399.1430449309932,706,3:10:08
6.8%,3425000,-527382.7583140642,397.103668489518,706,3:10:07
6.9%,3430000,-528142.8525127987,396.61606884376897,706,3:10:06
6.9%,3435000,-527439.6228189492,400.12334689537886,706,3:10:04
6.9%,3440000,-526938.0756173991,399.9712970561581,706,3:10:03
6.9%,3445000,-527841.303665109,402.861912182874,706,3:10:01
6.9%,3450000,-528752.5358613329,401.6835136628723,706,3:10:00
6.9%,3455000,-527295.96646753,399.27637679226535,706,3:10:00
6.9%,3460000,-528264.676091013,401.13767485637624,706,3:09:59
6.9%,3465000,-527176.4510655375,395.7337725437407,706,3:09:57
6.9%,3470000,-526833.2739240853,397.87674796408476,706,3:09:56
6.9%,3475000,-528007.7863943446,401.3580465417135,706,3:09:55
7.0%,3480000,-527488.8200974078,402.8532768902948,706,3:09:54
7.0%,3485000,-528048.8370847395,398.1420378900824,706,3:09:53
7.0%,3490000,-528231.3410173389,398.92446408758286,706,3:09:51
7.0%,3495000,-527889.9319387274,401.8039416494381,706,3:09:50
7.0%,3500000,-527957.3257959881,400.15744648823414,706,3:09:49
7.0%,3505000,-530289.8344184039,399.9104329627237,706,3:09:48
7.0%,3510000,-526196.0669218577,401.8432911076682,706,3:09:47
7.0%,3515000,-528156.3213201598,403.4231571363579,706,3:09:46
7.0%,3520000,-526500.3636471666,395.6890505597298,706,3:09:45
7.0%,3525000,-528436.9725301955,402.07695918101086,706,3:09:43
7.1%,3530000,-526723.9541836083,403.0633205694507,706,3:09:42
7.1%,3535000,-528272.9811965623,397.9543184048102,706,3:09:41
7.1%,3540000,-526932.2840802833,404.1946420256472,706,3:09:39
7.1%,3545000,-526858.189680188,399.66285519934576,706,3:09:38
7.1%,3550000,-526613.6717061778,399.24082980661984,706,3:09:37
7.1%,3555000,-527962.1328294803,398.55402966160125,706,3:09:36
7.1%,3560000,-527493.3240356655,400.3176900425727,706,3:09:35
7.1%,3565000,-527119.4829032291,400.53524053857296,706,3:09:33
7.1%,3570000,-528004.1032070629,401.902143570445,706,3:09:32
7.1%,3575000,-528241.1901522451,401.5544994478897,706,3:09:31
7.2%,3580000,-529399.2470168453,400.64529145479503,706,3:09:29
7.2%,3585000,-527382.4931873525,403.5578873262579,706,3:09:28
7.2%,3590000,-528401.8470911756,396.74162403530374,706,3:09:27
7.2%,3595000,-528567.9332829053,398.37317915906243,706,3:09:26
7.2%,3600000,-529623.6321548168,400.9354569111202,706,3:09:24
7.2%,3605000,-529418.512303045,403.38734029781926,706,3:09:24
7.2%,3610000,-528044.4833289292,400.9054541758239,706,3:09:23
7.2%,3615000,-529035.0067442949,401.1690023240569,706,3:09:22
7.2%,3620000,-527618.5522411168,401.7317192024123,706,3:09:20
7.2%,3625000,-527623.3338901475,397.7007548136217,706,3:09:19
7.3%,3630000,-528270.7110655629,401.64813840179517,706,3:09:17
7.3%,3635000,-529146.7610976133,402.1893406449461,706,3:09:16
7.3%,3640000,-528640.2273540534,398.0645165135194,706,3:09:15
7.3%,3645000,-529160.3761396874,404.19123206636164,706,3:09:13
7.3%,3650000,-527244.3770654392,401.27458840150234,706,3:09:12
7.3%,3655000,-528470.7152140359,398.45214792841574,706,3:09:12
7.3%,3660000,-530083.3430425175,397.1152721639213,706,3:09:10
7.3%,3665000,-528400.3532336992,399.4841880520329,706,3:09:09
7.3%,3670000,-528274.2378269965,396.6062805433739,706,3:09:08
7.3%,3675000,-527571.5918780295,400.2832715326619,706,3:09:07
7.4%,3680000,-526934.0775346318,401.8336745318414,706,3:09:05
7.4%,3685000,-527442.1403073692,401.76312026633656,706,3:09:04
7.4%,3690000,-527539.6358015076,398.96842557707686,706,3:09:03
7.4%,3695000,-527108.0781071312,400.6798816892741,706,3:09:01
7.4%,3700000,-528666.8134400044,404.03285295019367,706,3:09:00
7.4%,3705000,-527785.0140098543,403.89520344263184,706,3:08:59
7.4%,3710000,-526998.3092562943,397.7671386253241,706,3:08:58
7.4%,3715000,-527508.1736432347,402.7808091224571,706,3:08:56
7.4%,3720000,-528578.0035209665,399.12746705943704,706,3:08:55
7.4%,3725000,-528767.2760117538,396.9112143125759,706,3:08:54
7.5%,3730000,-527833.0370087926,402.9059227365304,706,3:08:53
7.5%,3735000,-529993.9185550618,400.80114376660043,706,3:08:51
7.5%,3740000,-527771.8893005815,398.39076866127624,706,3:08:50
7.5%,3745000,-527063.2058395753,399.34499302335615,706,3:08:49
7.5%,3750000,-528539.5140370205,400.1174346638119,706,3:08:47
7.5%,3755000,-528349.0067452635,402.4489881922699,706,3:08:47
7.5%,3760000,-529287.236713802,401.43836457553226,706,3:08:46
7.5%,3765000,-527951.5764223952,403.9886952040502,706,3:08:44
7.5%,3770000,-527516.4236088116,404.83797132279557,706,3:08:43
7.5%,3775000,-527705.6916587413,401.2657568522736,706,3:08:42
7.6%,3780000,-527732.4957316038,397.6053740819517,706,3:08:41
7.6%,3785000,-528622.1337464186,398.94983025953417,706,3:08:39
7.6%,3790000,-529724.2543330141,402.84650603588614,706,3:08:38
7.6%,3795000,-526911.5226573502,400.85401040156665,706,3:08:37
7.6%,3800000,-528894.7904244941,395.9171743827234,706,3:08:35
7.6%,3805000,-528888.291646421,401.936071438732,706,3:08:35
7.6%,3810000,-527868.7089418359,399.1822471967361,706,3:08:34
7.6%,3815000,-528498.3990060366,397.58076840451736,706,3:08:33
7.6%,3820000,-528532.1371178287,400.05401923393356,706,3:08:32
7.6%,3825000,-527785.5219846284,402.156541252394,706,3:08:30
7.7%,3830000,-528359.6344610364,403.616126487005,706,3:08:29
7.7%,3835000,-529566.5281509645,402.5004074344459,706,3:08:28
7.7%,3840000,-528516.8348995838,399.0093696205843,706,3:08:26
7.7%,3845000,-528830.9985325946,400.63152895724704,706,3:08:25
7.7%,3850000,-528377.602994014,400.1861735553086,706,3:08:24
7.7%,3855000,-527309.9350129338,401.4839451823849,706,3:08:23
7.7%,3860000,-529247.1555968262,401.0770070195913,706,3:08:22
7.7%,3865000,-527546.1898522042,401.76262962471276,706,3:08:21
7.7%,3870000,-527918.1459247759,402.3004219085782,706,3:08:19
7.7%,3875000,-529453.4445895618,401.13931850581605,706,3:08:18
7.8%,3880000,-529551.1812642468,400.3989893596391,706,3:08:17
7.8%,3885000,-528975.8062300514,401.58295666207107,706,3:08:16
7.8%,3890000,-528716.0875632656,401.4412593611128,706,3:08:14
7.8%,3895000,-526659.5780851818,396.97612619940685,706,3:08:13
7.8%,3900000,-527699.6073957249,403.8719224975818,706,3:08:12
7.8%,3905000,-528257.9840889163,403.4343437653809,706,3:08:11
7.8%,3910000,-526621.9992711805,403.0415360813533,706,3:08:10
7.8%,3915000,-528954.7755354103,396.3156735095872,706,3:08:09
7.8%,3920000,-529120.5945482245,401.68520637647447,706,3:08:07
7.8%,3925000,-527343.001447801,398.7537943987382,706,3:08:06
7.9%,3930000,-529336.2867436176,399.3455817933047,706,3:08:04
7.9%,3935000,-527735.6211330593,399.362459865164,706,3:08:03
7.9%,3940000,-528146.40758701,401.1977539232126,706,3:08:02
7.9%,3945000,-529014.8872909779,399.5657326899113,706,3:08:01
7.9%,3950000,-527630.361660379,399.7007327327044,706,3:07:59
7.9%,3955000,-527707.8470130488,399.12538183253577,706,3:07:59
7.9%,3960000,-527051.4186851028,397.8871740985909,706,3:07:58
7.9%,3965000,-528822.5057677068,398.61246507899784,706,3:07:56
7.9%,3970000,-530275.7293635672,400.6525774829087,706,3:07:55
7.9%,3975000,-525801.5317558688,403.7369469868698,706,3:07:54
8.0%,3980000,-529017.7556968196,399.4060779055213,706,3:07:53
8.0%,3985000,-527653.3730546343,402.5149794906732,706,3:07:51
8.0%,3990000,-528668.9891223186,402.30643226846996,706,3:07:50
8.0%,3995000,-527841.8932688786,401.6771598538439,706,3:07:49
8.0%,4000000,-527560.4671794162,398.7077722144242,706,3:07:48
8.0%,4005000,-527621.3763661752,400.72099745734994,706,3:07:47
8.0%,4010000,-526713.6145187905,399.6526498535703,706,3:07:45
8.0%,4015000,-529652.9701202605,398.962783198403,706,3:07:44
8.0%,4020000,-528386.6605256386,402.1695677875063,706,3:07:42
8.0%,4025000,-528384.3032164709,401.79069432559504,706,3:07:41
8.1%,4030000,-527979.3489098675,404.70937415319327,706,3:07:40
8.1%,4035000,-528927.975136999,399.1181694006657,706,3:07:39
8.1%,4040000,-529416.419271017,402.4253392660019,706,3:07:37
8.1%,4045000,-528867.3554688063,400.7428800737722,706,3:07:36
8.1%,4050000,-528113.3445327692,401.7986672519821,706,3:07:34
8.1%,4055000,-528021.8417156916,398.33966833615574,706,3:07:34
8.1%,4060000,-528583.6237356868,400.1162816559959,706,3:07:33
8.1%,4065000,-529570.2455246621,403.979544737766,706,3:07:32
8.1%,4070000,-526829.7992960089,399.0886327749119,706,3:07:31
8.1%,4075000,-528692.9489874872,403.10821427802995,706,3:07:29
8.2%,4080000,-528528.3166845529,401.83563709833663,706,3:07:28
8.2%,4085000,-527231.3610317074,403.09310251601636,706,3:07:27
8.2%,4090000,-528627.9282616572,400.7628246557803,706,3:07:25
8.2%,4095000,-529228.1161929588,401.9762549877225,706,3:07:24
8.2%,4100000,-527405.2240389483,402.89358309969134,706,3:07:23
8.2%,4105000,-526453.2475391137,401.6105552534108,706,3:07:22
8.2%,4110000,-527201.8087169728,398.9304744474746,706,3:07:21
8.2%,4115000,-528856.5847984343,399.6275044703498,706,3:07:20
8.2%,4120000,-527186.7021402125,399.9321929187399,706,3:07:19
8.2%,4125000,-526706.5760641014,403.4220286606231,706,3:07:17
8.3%,4130000,-527882.2181872781,401.554793832864,706,3:07:16
8.3%,4135000,-529151.9844920803,401.24757858011117,706,3:07:15
8.3%,4140000,-527714.6714358451,398.84608408817815,706,3:07:14
8.3%,4145000,-527823.081553394,399.69239182509955,706,3:07:12
8.3%,4150000,-529367.2173373788,400.8972359286249,706,3:07:11
8.3%,4155000,-528679.1745499847,402.27625780860524,706,3:07:10
8.3%,4160000,-529155.3973979545,399.1073262207793,706,3:07:09
8.3%,4165000,-526956.1179852365,404.13355714348205,706,3:07:08
8.3%,4170000,-525836.3699786263,401.98032731320023,706,3:07:06
8.3%,4175000,-528840.1391715282,396.71032109970423,706,3:07:05
8.4%,4180000,-527979.2229413432,398.8639679753663,706,3:07:04
8.4%,4185000,-528300.0334399957,400.1062480347889,706,3:07:02
8.4%,4190000,-527309.8413118818,398.965236406522,706,3:07:01
8.4%,4195000,-527609.8836881928,401.4389042813185,706,3:07:00
8.4%,4200000,-529717.3050880851,398.70443585138224,706,3:07:00
8.4%,4205000,-527481.8783218232,399.59261985089637,706,3:07:00
8.4%,4210000,-527876.3299989467,398.6428112634309,706,3:06:58
8.4%,4215000,-528173.6771378876,399.58869471790587,706,3:06:57
8.4%,4220000,-528244.3841164703,401.56617671853655,706,3:06:56
8.4%,4225000,-527813.3087448934,395.28400136718795,706,3:06:55
8.5%,4230000,-528927.1755807302,402.66128882289536,706,3:06:53
8.5%,4235000,-528064.4457890079,400.6284133829358,706,3:06:52
8.5%,4240000,-527752.9337403965,399.0060577896236,706,3:06:51
8.5%,4245000,-528239.7991675301,401.8358578870674,706,3:06:49
8.5%,4250000,-527668.3734804885,400.03181770045586,706,3:06:48
8.5%,4255000,-528599.5633335775,401.6771353217627,706,3:06:47
8.5%,4260000,-528731.4469257132,403.2112490190314,706,3:06:46
8.5%,4265000,-528446.5383906174,397.413091629578,706,3:06:45
8.5%,4270000,-527945.4494677531,401.7763675901796,706,3:06:43
8.5%,4275000,-527410.8267584052,400.40634898399634,706,3:06:42
8.6%,4280000,-525952.1781799807,397.6060609802251,706,3:06:41
8.6%,4285000,-528618.6559996386,402.78922362630556,706,3:06:40
8.6%,4290000,-529455.7038032962,400.67654532623214,706,3:06:39
8.6%,4295000,-526679.2917158166,400.6353804939939,706,3:06:37
8.6%,4300000,-527590.5638029817,397.200594742303,706,3:06:36
8.6%,4305000,-527885.3489737539,398.5269217118854,706,3:06:35
8.6%,4310000,-527670.0553355017,400.6550061589466,706,3:06:34
8.6%,4315000,-528229.0966557376,402.0616511623478,706,3:06:33
8.6%,4320000,-528029.3893941795,398.4216545514955,706,3:06:31
8.6%,4325000,-527659.4557407298,397.8950979608155,706,3:06:30
8.7%,4330000,-528499.2383490694,400.7995001171606,706,3:06:29
8.7%,4335000,-528075.1183737079,402.1034292966158,706,3:06:27
8.7%,4340000,-528707.8016763241,399.4131922090666,706,3:06:26
8.7%,4345000,-528127.0267301588,400.2713489412032,706,3:06:25
8.7%,4350000,-526614.4583581854,402.3485783839558,706,3:06:24
8.7%,4355000,-527597.053223934,398.4102471337418,706,3:06:23
8.7%,4360000,-528156.2035564319,399.83288705407944,706,3:06:22
8.7%,4365000,-527479.7524274439,399.4134375298786,706,3:06:20
8.7%,4370000,-528943.1528651626,400.3342491973765,706,3:06:19
8.7%,4375000,-529271.8113755267,400.181855909019,706,3:06:18
8.8%,4380000,-528152.9938592571,398.73213257104675,706,3:06:16
8.8%,4385000,-527140.864249642,400.7114054136043,706,3:06:15
8.8%,4390000,-527653.5653664791,402.4716558352902,706,3:06:13
8.8%,4395000,-527638.7398205753,401.60209168539996,706,3:06:12
8.8%,4400000,-526514.9067835426,400.52353873584497,706,3:06:11
8.8%,4405000,-527863.9156104326,398.72374259927943,706,3:06:10
8.8%,4410000,-529325.9660828486,397.447927184869,706,3:06:09
8.8%,4415000,-526804.5767286271,402.55746905529577,706,3:06:07
8.8%,4420000,-528694.5379238413,397.5483124611019,706,3:06:06
8.8%,4425000,-528535.768953484,398.71015182629975,706,3:06:05
8.9%,4430000,-529754.2655349663,397.679068453849,706,3:06:04
8.9%,4435000,-530164.0296192095,403.2874456632102,706,3:06:02
8.9%,4440000,-527662.2832460487,402.97120260457916,706,3:06:01
8.9%,4445000,-528462.018637924,401.09893870017595,706,3:06:00
8.9%,4450000,-528693.9343195371,401.56058340402507,706,3:05:59
8.9%,4455000,-527848.8212854448,400.45310713074605,706,3:05:58
8.9%,4460000,-527212.2658159463,401.0368234706008,706,3:05:56
8.9%,4465000,-527241.187260021,399.46780062179744,706,3:05:55
8.9%,4470000,-527663.1828139746,401.12109116949125,706,3:05:54
8.9%,4475000,-529278.7527631563,398.6753408030899,706,3:05:53
9.0%,4480000,-528360.9778572079,400.8236887492148,706,3:05:51
9.0%,4485000,-526949.298719286,401.36265857297735,706,3:05:50
9.0%,4490000,-526761.318219448,397.3010781468607,706,3:05:49
9.0%,4495000,-527368.0285041784,400.3800015287974,706,3:05:48
9.0%,4500000,-529020.3472575797,398.1405904972922,706,3:05:46
9.0%,4505000,-528427.3878463218,399.6220828804066,706,3:05:45
9.0%,4510000,-528809.9520169571,401.3628057654645,706,3:05:44
9.0%,4515000,-527713.8026263663,400.68741303819974,706,3:05:43
9.0%,4520000,-526991.9774239319,397.9750480134164,706,3:05:41
9.0%,4525000,-527341.0436042119,395.8892814064094,706,3:05:40
9.1%,4530000,-528301.7005001619,398.7754807585109,706,3:05:39
9.1%,4535000,-528374.0843057535,401.7022316408209,706,3:05:37
9.1%,4540000,-527724.2765453788,402.738761135296,706,3:05:36
9.1%,4545000,-529240.8954800284,403.2945109025932,706,3:05:35
9.1%,4550000,-527392.9283018494,400.10661601600674,706,3:05:33
9.1%,4555000,-527415.4266194855,402.6451957776341,706,3:05:33
9.1%,4560000,-530483.0868721483,398.1585479807239,706,3:05:32
9.1%,4565000,-528445.413292896,401.1097328158999,706,3:05:30
9.1%,4570000,-528341.538249345,401.0642258052909,706,3:05:29
9.1%,4575000,-527108.5457457681,402.7505365342676,706,3:05:28
9.2%,4580000,-527226.3250940358,399.3560815240544,706,3:05:26
9.2%,4585000,-527698.6225732034,399.81728465044205,706,3:05:25
9.2%,4590000,-529022.5772626456,401.1974104740759,706,3:05:24
9.2%,4595000,-528035.5152249066,402.93712754380505,706,3:05:22
9.2%,4600000,-529041.9735022765,401.0586570228606,706,3:05:21
9.2%,4605000,-528477.7770752492,402.1914504039285,706,3:05:20
9.2%,4610000,-528715.4827853134,403.40794724601955,706,3:05:19
9.2%,4615000,-529011.1806828561,406.9884290279029,706,3:05:18
9.2%,4620000,-527867.7622024901,400.9266744260539,706,3:05:16
9.2%,4625000,-528460.4225367913,399.469542399562,706,3:05:15
9.3%,4630000,-528358.5323178568,401.5007251259194,706,3:05:13
9.3%,4635000,-530470.60274678,400.07197671736526,706,3:05:12
9.3%,4640000,-529022.388643119,400.35281998283796,706,3:05:11
9.3%,4645000,-526102.8217267157,398.25390418031265,706,3:05:09
9.3%,4650000,-527863.952093428,402.79449802376155,706,3:05:08
9.3%,4655000,-528009.302001419,402.44648591998845,706,3:05:08
9.3%,4660000,-529393.3871523831,400.2889629754982,706,3:05:06
9.3%,4665000,-527780.8199745775,401.3468599126905,706,3:05:05
9.3%,4670000,-526861.8119664774,401.5791541894865,706,3:05:04
9.3%,4675000,-528296.3333678884,398.7458460044324,706,3:05:02
9.4%,4680000,-527834.6988123814,405.1055672644252,706,3:05:01
9.4%,4685000,-529768.2318965509,397.2261081067415,706,3:05:00
9.4%,4690000,-526467.5313567366,400.4142483141398,706,3:04:59
9.4%,4695000,-528319.0610780334,406.9335016981166,706,3:04:57
9.4%,4700000,-527988.7010865901,402.8926263485249,706,3:04:56
9.4%,4705000,-527236.8117645602,400.0167059384423,706,3:04:55
9.4%,4710000,-528926.5875337832,399.37524107946444,706,3:04:54
9.4%,4715000,-529896.6556928991,400.0656965045804,706,3:04:53
9.4%,4720000,-526903.9560986953,400.72418662790477,706,3:04:51
9.4%,4725000,-529192.6586441519,402.07759701512185,706,3:04:50
9.5%,4730000,-527876.3439126434,397.3679771322681,706,3:04:49
9.5%,4735000,-527622.9684350402,399.7502875367099,704,3:05:25
9.5%,4740000,-527903.2553638713,397.2610417903572,704,3:05:25
9.5%,4745000,-527865.6755022425,401.61685999827677,704,3:05:24
9.5%,4750000,-529547.8460917305,401.4237189230614,704,3:05:23
9.5%,4755000,-529992.0949152107,402.51110342184506,704,3:05:23
9.5%,4760000,-526055.9472898664,398.24232503799055,704,3:05:22
9.5%,4765000,-528195.7899329034,400.7479091504163,704,3:05:20
9.5%,4770000,-528647.1541006505,399.7811243627668,704,3:05:19
9.5%,4775000,-528931.0536054908,401.6494631341794,704,3:05:18
9.6%,4780000,-528102.4557652939,398.52351175259986,704,3:05:16
9.6%,4785000,-526717.3138646479,402.0897894594737,704,3:05:15
9.6%,4790000,-528048.0495576225,399.86644694114847,704,3:05:14
9.6%,4795000,-527524.1360450513,399.8419148599576,704,3:05:12
9.6%,4800000,-528008.3427959019,401.4390760058869,704,3:05:11
9.6%,4805000,-527222.5905246641,399.295609943919,704,3:05:10
9.6%,4810000,-527825.9848285606,399.96050294043414,704,3:05:09
9.6%,4815000,-528531.6468339623,403.36992252017376,704,3:05:08
9.6%,4820000,-528101.680424375,402.00925063692415,704,3:05:06
9.6%,4825000,-528640.3063274669,401.6993368552404,704,3:05:05
9.7%,4830000,-528189.1242091241,399.01488933885224,704,3:05:04
9.7%,4835000,-528595.2207581936,399.2058470588417,704,3:05:03
9.7%,4840000,-527224.5704288171,399.8010934768561,704,3:05:01
9.7%,4845000,-527839.8219389361,399.4877206717244,704,3:05:00
9.7%,4850000,-529449.0497509148,403.3334187833618,704,3:04:59
9.7%,4855000,-526097.3467781092,400.0114315409863,704,3:04:58
9.7%,4860000,-528388.0404274189,400.89068586294695,704,3:04:57
9.7%,4865000,-528679.6666765092,402.19287326463757,704,3:04:55
9.7%,4870000,-527664.2414985942,397.40737565466054,704,3:04:54
9.7%,4875000,-528201.7242961256,405.03040096765653,704,3:04:53
9.8%,4880000,-526775.6800836679,397.57554307122365,704,3:04:51
9.8%,4885000,-527557.85428969,401.64006734708335,704,3:04:50
9.8%,4890000,-527103.4242177824,398.5540541936825,704,3:04:49
9.8%,4895000,-527331.6707984256,399.51534379514527,704,3:04:47
9.8%,4900000,-527588.7264492246,398.51347813139284,704,3:04:46
9.8%,4905000,-527515.1387620624,400.8896800476182,704,3:04:45
9.8%,4910000,-528960.426668623,401.96263968266163,704,3:04:44
9.8%,4915000,-525710.0983367567,398.68463846186125,704,3:04:43
9.8%,4920000,-528367.370278676,399.9102857702365,704,3:04:42
9.8%,4925000,-527805.8195133209,400.01074464271295,704,3:04:40
9.9%,4930000,-528433.1583749857,398.1888451009945,704,3:04:39
9.9%,4935000,-527827.814779812,402.54493316180725,704,3:04:38
9.9%,4940000,-527313.3408131697,400.7409911035205,704,3:04:36
9.9%,4945000,-526323.4114166736,396.64881917215877,704,3:04:35
9.9%,4950000,-528687.9606468962,403.2794972689043,704,3:04:34
9.9%,4955000,-527384.9488056703,400.5547190110385,704,3:04:33
9.9%,4960000,-529634.1427963637,401.7444513525503,704,3:04:31
9.9%,4965000,-527640.1593117658,403.0858410199839,704,3:04:30
9.9%,4970000,-526950.6534090028,399.0602491569741,704,3:04:29
9.9%,4975000,-526811.3534752736,401.3652589735836,704,3:04:27
10.0%,4980000,-527643.8015634082,400.9060429457724,704,3:04:26
10.0%,4985000,-529258.4961804617,406.01457900087036,704,3:04:25
10.0%,4990000,-526145.5691054082,401.1717008529879,704,3:04:23
10.0%,4995000,-528105.1005015019,401.2290568588121,704,3:04:22
10.0%,5000000,-528030.2792342496,397.7095863628504,704,3:04:21
10.0%,5005000,-529647.1788520818,401.0143030200676,704,3:04:20
10.0%,5010000,-527772.5721633835,400.27080923541695,704,3:04:19
10.0%,5015000,-528856.9162597945,399.49748444003836,704,3:04:18
10.0%,5020000,-529378.567871951,399.1972853625061,704,3:04:16
10.0%,5025000,-529176.5217606095,399.6250267301495,704,3:04:15
10.0%,5030000,-528219.7270778152,399.2150711213694,704,3:04:14
10.1%,5035000,-527603.4849255341,399.4050966222736,704,3:04:12
10.1%,5040000,-528078.108496245,398.5972061244971,704,3:04:11
10.1%,5045000,-528390.7935927752,398.46539525225876,704,3:04:09
10.1%,5050000,-526527.4163197405,400.7972431656911,704,3:04:08
10.1%,5055000,-529112.6014292059,400.1190292490893,704,3:04:07
10.1%,5060000,-528800.5430131005,398.04516070145985,704,3:04:06
10.1%,5065000,-528638.3067162703,399.7473927511294,704,3:04:05
10.1%,5070000,-528045.7632426131,403.6583216666532,704,3:04:03
10.1%,5075000,-527781.2695487831,398.341876223463,704,3:04:02
10.1%,5080000,-527499.5070730071,402.5205728051847,704,3:04:01
10.2%,5085000,-529285.0360763883,401.13990727576464,704,3:03:59
10.2%,5090000,-526909.9898988125,400.8538386769983,704,3:03:58
10.2%,5095000,-529560.4912450635,398.00200877064515,704,3:03:57
10.2%,5100000,-528286.0724055888,401.25869161289063,704,3:03:55
10.2%,5105000,-527373.8751435783,399.045063798717,704,3:03:55
10.2%,5110000,-527790.1890401626,401.0258330982273,704,3:03:54
10.2%,5115000,-527719.5669738916,399.7348568576408,704,3:03:52
10.2%,5120000,-526494.1744688409,402.1658879753277,704,3:03:51
10.2%,5125000,-528102.0918187588,399.7235721002931,704,3:03:50
10.2%,5130000,-529543.6002468923,402.4754337757936,704,3:03:49
10.3%,5135000,-528146.3643015572,397.2885667854533,704,3:03:47
10.3%,5140000,-529351.6130065611,400.57071392797496,704,3:03:46
10.3%,5145000,-527227.5777320946,401.68932776611456,704,3:03:45
10.3%,5150000,-525037.1160262055,397.81424022121047,704,3:03:43
10.3%,5155000,-526706.1699960674,400.90650905531504,704,3:03:43
10.3%,5160000,-526065.6808890752,402.5422346328763,704,3:03:41
10.3%,5165000,-528127.1743843346,402.1180994811679,704,3:03:40
10.3%,5170000,-527845.5466203927,401.94097785497013,704,3:03:39
10.3%,5175000,-527623.6332514104,401.226211137394,704,3:03:37
10.3%,5180000,-528924.1026288224,398.32151459607456,704,3:03:36
10.4%,5185000,-527778.2548498758,404.2435835276229,704,3:03:35
10.4%,5190000,-528607.0179350171,401.7569381818765,704,3:03:33
10.4%,5195000,-528874.0421025893,394.9259311101265,704,3:03:32
10.4%,5200000,-529248.714968218,401.97063714112977,704,3:03:31
10.4%,5205000,-527845.9174524699,403.83191067315954,704,3:03:30
10.4%,5210000,-528351.7610981478,400.0146697757035,704,3:03:29
10.4%,5215000,-528027.4100507381,403.5571758959034,704,3:03:28
10.4%,5220000,-529328.299856822,401.1928965711368,704,3:03:26
10.4%,5225000,-527398.6682534628,398.0524221974923,704,3:03:25
10.4%,5230000,-529799.2419973118,397.7331371607936,704,3:03:24
10.5%,5235000,-529091.3745471956,400.2416160587999,704,3:03:22
10.5%,5240000,-529364.8642638074,398.26288292202844,704,3:03:21
10.5%,5245000,-526068.1535638687,398.63081507572855,704,3:03:20
10.5%,5250000,-528451.3207792784,401.8640697804368,704,3:03:19
10.5%,5255000,-529487.4221694507,396.4902437993412,704,3:03:18
10.5%,5260000,-528170.6776860878,401.2223841327282,704,3:03:16
10.5%,5265000,-526635.8791038874,399.59146684308047,704,3:03:15
10.5%,5270000,-525921.4628192629,403.3802259942739,704,3:03:14
10.5%,5275000,-528713.7947304673,400.05877845768464,704,3:03:13
10.5%,5280000,-527676.702791838,399.2025106957998,704,3:03:11
10.6%,5285000,-529208.2286064625,400.0101804048455,704,3:03:10
10.6%,5290000,-529070.667071722,399.93916002979813,704,3:03:09
10.6%,5295000,-527166.511363253,398.81186183491695,704,3:03:07
10.6%,5300000,-529107.6900579841,403.8900517055818,704,3:03:06
10.6%,5305000,-527326.6675794479,402.51549466437825,704,3:03:06
10.6%,5310000,-527949.0106416852,399.78333225007395,704,3:03:04
10.6%,5315000,-526787.77824265,400.4078699730302,704,3:03:03
10.6%,5320000,-530155.081518013,400.114368153663,704,3:03:02
10.6%,5325000,-527969.3977839351,401.1541849470177,704,3:03:00
10.6%,5330000,-528532.897675117,401.6406315849507,704,3:02:59
10.7%,5335000,-527144.1080851499,400.76515520349346,704,3:02:58
10.7%,5340000,-529243.4623469077,400.75487626147446,704,3:02:56
10.7%,5345000,-526574.2598825223,399.6806164261279,704,3:02:55
10.7%,5350000,-527949.9034596491,397.78416388967054,704,3:02:54
10.7%,5355000,-528317.1632047603,399.7443262409805,704,3:02:53
10.7%,5360000,-528933.0388239534,402.41091440226165,704,3:02:52
10.7%,5365000,-527766.4279585346,398.9066537966383,704,3:02:51
10.7%,5370000,-526442.9487218736,400.96204968713107,704,3:02:49
10.7%,5375000,-527971.0999082341,394.1580033726099,704,3:02:48
10.7%,5380000,-528950.4002736281,401.85469852542195,704,3:02:46
10.8%,5385000,-528631.55690397,402.7631460239997,704,3:02:45
10.8%,5390000,-527895.1520032277,398.16863066609324,704,3:02:44
10.8%,5395000,-527780.5523009896,398.44093676731154,704,3:02:43
10.8%,5400000,-527123.5088037048,398.963175711702,704,3:02:41
10.8%,5405000,-529118.3732467755,401.4579411763226,704,3:02:41
10.8%,5410000,-527575.314706651,400.2763044216037,704,3:02:39
10.8%,5415000,-528178.25600257,396.92612981793997,704,3:02:38
10.8%,5420000,-529195.3426209851,401.4102508104876,704,3:02:37
10.8%,5425000,-529292.4633147167,401.1605142239649,704,3:02:35
10.8%,5430000,-529149.0056616901,399.5616603644336,704,3:02:34
10.9%,5435000,-527581.7886162885,399.1940716598701,704,3:02:33
10.9%,5440000,-527255.2035774221,400.4338985111736,704,3:02:31
10.9%,5445000,-526708.958026432,402.1108379851354,704,3:02:30
10.9%,5450000,-529634.2490910487,402.0619700794033,704,3:02:29
10.9%,5455000,-527268.0548058273,400.90086667664116,704,3:02:28
10.9%,5460000,-527390.5297466698,403.78520159057217,704,3:02:27
10.9%,5465000,-527437.4127737572,400.5767242878667,704,3:02:25
10.9%,5470000,-528632.5248522973,399.3948912764983,704,3:02:24
10.9%,5475000,-527350.4245478939,400.4016388244077,704,3:02:22
10.9%,5480000,-528610.689357216,402.51485683026726,704,3:02:21
11.0%,5485000,-527405.4340450554,398.7873052216449,704,3:02:20
11.0%,5490000,-530041.4588636793,402.3459534512684,704,3:02:19
11.0%,5495000,-528432.3343680622,403.35206316506685,704,3:02:17
11.0%,5500000,-528452.9258481767,398.58081869426167,704,3:02:16
11.0%,5505000,-527577.0074641956,402.03748706237485,704,3:02:15
11.0%,5510000,-527360.9982816409,404.21051428217766,704,3:02:14
11.0%,5515000,-527737.5251978813,401.0541676520027,704,3:02:13
11.0%,5520000,-527491.1711229635,403.8947128010081,704,3:02:11
11.0%,5525000,-528765.2985349628,399.31906261353737,704,3:02:10
11.0%,5530000,-528820.7045312249,403.3316034093537,704,3:02:09
11.1%,5535000,-528181.0278616333,397.8337677578384,704,3:02:07
11.1%,5540000,-529417.1032105549,400.82692698393197,704,3:02:06
11.1%,5545000,-526217.935203658,399.75283887315373,704,3:02:05
11.1%,5550000,-527307.4906032183,399.34332484183517,704,3:02:04
11.1%,5555000,-526440.6123889349,397.90756025806047,704,3:02:03
11.1%,5560000,-528123.0836868221,404.1273995911031,704,3:02:02
11.1%,5565000,-527440.9723361987,400.00223201053973,704,3:02:00
11.1%,5570000,-527914.243048477,400.16191132701084,704,3:01:59
11.1%,5575000,-528704.5155441076,401.99014014567655,704,3:01:58
11.1%,5580000,-527762.4986585197,401.9443878142556,704,3:01:56
11.2%,5585000,-528274.7158745336,397.0845579982704,704,3:01:55
11.2%,5590000,-528478.7980264076,400.9791240156399,704,3:01:54
11.2%,5595000,-529596.2791308872,401.8204272079983,704,3:01:53
11.2%,5600000,-527513.812249599,397.6766888419735,704,3:01:51
11.2%,5605000,-528729.2607808509,398.2164682244154,704,3:01:51
11.2%,5610000,-528915.2675005095,402.56446069843514,704,3:01:49
11.2%,5615000,-528196.8689836296,398.8445630991443,704,3:01:48
11.2%,5620000,-526810.4998415769,402.4797514220832,704,3:01:46
11.2%,5625000,-529218.1873109681,401.1911302612911,704,3:01:45
11.2%,5630000,-525930.4642460425,401.9129131540878,704,3:01:44
11.3%,5635000,-528104.1861178041,399.09793043368325,704,3:01:43
11.3%,5640000,-527880.4842766519,400.615975617772,704,3:01:41
11.3%,5645000,-529764.2292584986,399.2454909020461,704,3:01:40
11.3%,5650000,-528485.8606681232,398.41046792247255,704,3:01:39
11.3%,5655000,-526830.6629979489,400.2923729347837,704,3:01:38
11.3%,5660000,-527180.0801569493,399.7425108669724,704,3:01:37
11.3%,5665000,-529329.4493780718,399.4654455420031,704,3:01:35
11.3%,5670000,-528659.0058824033,398.99268780537454,704,3:01:34
11.3%,5675000,-528416.9345660433,398.7024487528058,704,3:01:33
11.3%,5680000,-529178.6609079093,400.9012837220214,704,3:01:31
11.4%,5685000,-528508.5366021856,398.1334516616656,704,3:01:30
11.4%,5690000,-528176.2822702974,398.5948019805404,704,3:01:29
11.4%,5695000,-527925.2703751097,403.21127355111264,704,3:01:27
11.4%,5700000,-528034.6047532763,399.84314146401715,704,3:01:26
11.4%,5705000,-527544.286113969,400.6331480746056,704,3:01:25
11.4%,5710000,-528534.7915764186,398.732549616427,704,3:01:24
11.4%,5715000,-527377.5217066831,397.3509764000028,704,3:01:23
11.4%,5720000,-528463.9603367951,396.8173545699398,704,3:01:21
11.4%,5725000,-526878.9560172665,402.464688724232,704,3:01:20
11.4%,5730000,-529687.2062743288,401.2927912057459,704,3:01:19
11.5%,5735000,-528425.9722747942,402.3758335261588,704,3:01:17
11.5%,5740000,-529041.7299505463,399.9453421142582,704,3:01:16
11.5%,5745000,-527655.7944647186,399.1548203299648,704,3:01:15
11.5%,5750000,-528353.1070544617,400.2851850349948,704,3:01:14
11.5%,5755000,-526285.8684186442,400.86789555952066,704,3:01:13
11.5%,5760000,-527866.0203179042,404.41731972661637,704,3:01:12
11.5%,5765000,-527060.7831421788,398.06162172793887,704,3:01:11
11.5%,5770000,-527397.3069133107,400.3180089596282,704,3:01:09
11.5%,5775000,-528578.7938652593,402.84719293415947,704,3:01:08
11.5%,5780000,-527347.1874537952,398.23722236510287,704,3:01:07
11.6%,5785000,-529708.5289311018,399.2938926982356,704,3:01:05
11.6%,5790000,-526904.6101873093,400.5818024286732,704,3:01:04
11.6%,5795000,-527869.1156415516,402.813068809223,704,3:01:02
11.6%,5800000,-526541.3156118165,401.2822914749962,704,3:01:01
11.6%,5805000,-526994.0121301361,399.70110071392224,704,3:01:00
11.6%,5810000,-527629.6085062856,402.2575398306566,704,3:00:59
11.6%,5815000,-527244.7783382866,398.2900644679879,704,3:00:58
11.6%,5820000,-526954.3062315006,395.42101304063874,704,3:00:57
11.6%,5825000,-527164.5289348592,396.61417987351734,704,3:00:55
11.6%,5830000,-527787.7373269768,400.7842656947411,704,3:00:54
11.7%,5835000,-527428.4564194758,398.6696984244161,704,3:00:53
11.7%,5840000,-529110.0733493869,400.6989185842782,704,3:00:51
11.7%,5845000,-527885.7688514832,400.122463740456,704,3:00:50
11.7%,5850000,-528812.0272461846,401.93749429944097,704,3:00:49
11.7%,5855000,-527807.5772725241,401.3776231425038,704,3:00:48
11.7%,5860000,-526940.1215085085,404.0745574882181,704,3:00:47
11.7%,5865000,-527886.9854868725,400.48907116177185,704,3:00:45
11.7%,5870000,-526125.6306341426,402.31352203993407,704,3:00:44
11.7%,5875000,-528735.049829965,404.75730983984016,704,3:00:43
11.7%,5880000,-527085.9544675746,403.5530545062633,704,3:00:41
11.8%,5885000,-528427.8534714747,402.01761607661024,704,3:00:40
11.8%,5890000,-527026.956766218,401.9654608719985,704,3:00:39
11.8%,5895000,-527997.5596108846,403.2161309031884,704,3:00:37
11.8%,5900000,-529528.9404897899,402.24098067585277,704,3:00:36
11.8%,5905000,-526201.4791754936,400.3439148373656,704,3:00:35
11.8%,5910000,-527956.5185866803,399.85557922918093,704,3:00:34
11.8%,5915000,-529097.2425119546,404.3567500181562,704,3:00:33
11.8%,5920000,-528468.1398716872,399.8841836358494,704,3:00:32
11.8%,5925000,-528197.9225120335,402.08005022324096,704,3:00:30
11.8%,5930000,-528315.0834250832,402.4519320420128,704,3:00:29
11.9%,5935000,-528258.3934629476,400.2309446034819,704,3:00:28
11.9%,5940000,-526175.1037773341,397.2292727452151,704,3:00:26
11.9%,5945000,-527511.1806841763,399.5291798889369,704,3:00:25
11.9%,5950000,-528081.2635561856,400.5099724949464,704,3:00:24
11.9%,5955000,-529256.1157201412,401.0288260121325,704,3:00:23
11.9%,5960000,-527565.0160199236,400.7532326120347,704,3:00:22
11.9%,5965000,-529094.5093018217,398.13256850674276,704,3:00:21
11.9%,5970000,-527126.9185428219,400.95186887343687,704,3:00:20
11.9%,5975000,-527328.6742491019,402.8450095789335,704,3:00:18
11.9%,5980000,-528861.0511706094,397.01017672809974,704,3:00:17
12.0%,5985000,-529354.1075885594,397.64850148068524,704,3:00:16
12.0%,5990000,-527282.5433822684,397.0809517823353,704,3:00:14
12.0%,5995000,-528254.1103432756,400.57912843182334,704,3:00:13
12.0%,6000000,-526019.1697028927,398.23160451851015,704,3:00:12
12.0%,6005000,-527987.5085525,402.4366240233497,704,3:00:11
12.0%,6010000,-527124.0325650498,400.2526309632546,704,3:00:10
12.0%,6015000,-528377.8115812684,402.16542186578505,704,3:00:09
12.0%,6020000,-527194.0860555298,398.59426227475427,704,3:00:08
12.0%,6025000,-528145.9744445365,402.8155465494233,704,3:00:06
12.0%,6030000,-529882.2286818922,397.30426731741545,704,3:00:05
12.1%,6035000,-527689.6530196071,398.9126150923677,704,3:00:04
12.1%,6040000,-526536.2939897808,402.58374291425116,704,3:00:03
12.1%,6045000,-529561.661315124,399.6992362757518,704,3:00:01
12.1%,6050000,-528403.260641878,404.4005152510007,704,3:00:00
12.1%,6055000,-528209.2181592085,399.46483223997336,704,2:59:59
12.1%,6060000,-528822.9317924916,399.6195560760439,704,2:59:58
12.1%,6065000,-527737.8422608264,400.3502931784753,704,2:59:56
12.1%,6070000,-528552.4648778699,400.66192420584247,704,2:59:55
12.1%,6075000,-528931.4444964537,398.272720286586,704,2:59:54
12.1%,6080000,-526961.532113404,400.17878939887015,704,2:59:52
12.2%,6085000,-528733.2285107248,395.42805374794057,704,2:59:51
12.2%,6090000,-527240.7523039607,400.8296009807818,704,2:59:50
12.2%,6095000,-528847.1245490843,401.219783732122,704,2:59:49
12.2%,6100000,-528333.2780032945,400.80578032994543,704,2:59:47
12.2%,6105000,-528021.5412525823,399.60537653311565,704,2:59:46
12.2%,6110000,-527664.7912120433,399.6785066671455,704,2:59:45
12.2%,6115000,-528043.2699477277,403.0042718500244,704,2:59:44
12.2%,6120000,-525745.060771226,397.10634248636785,704,2:59:43
12.2%,6125000,-527687.6842100392,397.2139401944708,704,2:59:41
12.2%,6130000,-527530.5217862921,403.5435851229237,704,2:59:40
12.3%,6135000,-528211.2537183259,398.45960568109774,704,2:59:39
12.3%,6140000,-527930.5283238445,403.27834426108836,704,2:59:38
12.3%,6145000,-528805.5079024443,398.9183310672851,704,2:59:36
12.3%,6150000,-526912.8073978839,398.9084691706464,704,2:59:35
12.3%,6155000,-528720.1459403471,400.17751373064823,704,2:59:34
12.3%,6160000,-527527.9626418268,398.22706608348983,704,2:59:33
12.3%,6165000,-528874.706428567,402.4950594407463,704,2:59:32
12.3%,6170000,-528196.3120989655,402.6914142185977,704,2:59:31
12.3%,6175000,-528311.4228623812,401.9143850789592,704,2:59:29
12.3%,6180000,-527538.6596435723,396.53511297583924,704,2:59:28
12.4%,6185000,-525681.8762519183,399.61354571615215,704,2:59:27
12.4%,6190000,-527885.4182604249,398.68822014571515,704,2:59:25
12.4%,6195000,-527339.9910438997,401.6588834533567,704,2:59:24
12.4%,6200000,-526275.6902311468,402.5694161788357,704,2:59:23
12.4%,6205000,-528604.5527601829,402.7137138804002,704,2:59:22
12.4%,6210000,-528730.4523109025,401.77705448845296,704,2:59:21
12.4%,6215000,-528769.0865124715,399.47005757326696,704,2:59:19
12.4%,6220000,-528528.5221411474,402.253222184367,704,2:59:18
12.4%,6225000,-527939.4957957263,402.34381916020476,704,2:59:17
12.4%,6230000,-528051.6936101206,400.08944355917316,704,2:59:15
12.5%,6235000,-529035.2461470622,399.31069717385134,704,2:59:14
12.5%,6240000,-526666.3114851443,402.13696465160365,704,2:59:13
12.5%,6245000,-529990.1701244656,401.089052271456,704,2:59:11
12.5%,6250000,-528932.8447519136,399.5461070249586,704,2:59:10
12.5%,6255000,-527309.8299583457,400.4493782544051,704,2:59:10
12.5%,6260000,-529166.0194283845,398.93496381833256,704,2:59:08
12.5%,6265000,-525921.7710823705,398.41647828236427,704,2:59:07
12.5%,6270000,-527958.8300645333,402.0148194193545,704,2:59:06
12.5%,6275000,-527654.2435522252,404.5843096032824,704,2:59:04
12.5%,6280000,-527618.4964551316,396.7071073970682,704,2:59:03
12.6%,6285000,-528247.4794712607,400.2751759458689,704,2:59:02
12.6%,6290000,-527701.8621892128,395.9042214438546,704,2:59:00
12.6%,6295000,-526636.5680826348,399.48158765142665,704,2:58:59
12.6%,6300000,-528204.5171084851,399.7999650011213,704,2:58:58
12.6%,6305000,-527290.7128629615,399.271445843946,704,2:58:57
12.6%,6310000,-529001.0888561769,399.76645417821464,704,2:58:56
12.6%,6315000,-528156.6852961881,401.66325016380864,704,2:58:54
12.6%,6320000,-529581.9953353005,400.2666633136957,704,2:58:53
12.6%,6325000,-527415.668127751,397.9520123891782,704,2:58:52
12.6%,6330000,-528788.9684601263,402.4998431965785,704,2:58:51
12.7%,6335000,-531238.6345396694,399.23729718692834,704,2:58:49
12.7%,6340000,-528191.3255125666,402.14130682997444,704,2:58:48
12.7%,6345000,-527303.1148964749,397.76561763629024,704,2:58:47
12.7%,6350000,-528013.072890644,399.77619341444745,704,2:58:45
12.7%,6355000,-527655.9179218747,399.7893671420469,704,2:58:45
12.7%,6360000,-527743.8387243673,397.6147453369667,704,2:58:43
12.7%,6365000,-528945.9250973971,400.76348702197254,704,2:58:42
12.7%,6370000,-526200.9323621793,400.2295953390164,704,2:58:41
12.7%,6375000,-529056.4914251729,397.0396152255288,704,2:58:40
12.7%,6380000,-527741.801139243,400.28945361712204,704,2:58:38
12.8%,6385000,-527702.6758819991,400.7222731255719,704,2:58:37
12.8%,6390000,-529512.1440923191,400.2466696675252,704,2:58:36
12.8%,6395000,-529077.7621476082,400.3641292722669,704,2:58:34
12.8%,6400000,-528825.6424476076,401.6789261636896,704,2:58:33
12.8%,6405000,-528154.771372614,399.97191035818787,704,2:58:32
12.8%,6410000,-527812.7918178705,403.07374670395683,704,2:58:31
12.8%,6415000,-527914.9361780062,399.99273809511885,704,2:58:30
12.8%,6420000,-527250.8850890421,398.4300445232628,704,2:58:28
12.8%,6425000,-526873.4420208833,401.1916699670773,704,2:58:27
12.8%,6430000,-529345.1679741852,401.47550614645525,704,2:58:26
12.9%,6435000,-529800.1816434483,403.13919829657397,704,2:58:25
12.9%,6440000,-528786.107010283,400.9406086481703,704,2:58:23
12.9%,6445000,-528141.794368051,400.2779480710435,704,2:58:22
12.9%,6450000,-528159.6403555758,402.79248639310396,704,2:58:21
12.9%,6455000,-528097.4481689567,398.74736699346624,704,2:58:20
12.9%,6460000,-526473.0699326522,398.149054065303,704,2:58:18
12.9%,6465000,-528470.6676402264,404.3602335736853,704,2:58:17
12.9%,6470000,-528553.0224566082,400.84620919974793,704,2:58:16
12.9%,6475000,-527884.4683982464,400.8309993094096,704,2:58:14
12.9%,6480000,-528324.0008777459,402.8038447466953,704,2:58:13
13.0%,6485000,-527914.9473628178,399.1268046932449,704,2:58:12
13.0%,6490000,-529147.576654824,401.30451754055514,704,2:58:11
13.0%,6495000,-528887.62548897,401.39084593426566,704,2:58:09
13.0%,6500000,-528937.2766309199,401.74462307711866,704,2:58:08
13.0%,6505000,-527592.5187453814,401.13696342602174,704,2:58:07
13.0%,6510000,-527523.6431184844,399.59325768500736,704,2:58:06
13.0%,6515000,-527737.3610149729,399.7979043063013,704,2:58:05
13.0%,6520000,-528759.933246451,402.4094670094714,704,2:58:03
13.0%,6525000,-528535.3075644551,402.23953328306254,704,2:58:02
13.0%,6530000,-528953.458722217,402.26188200902743,704,2:58:01
13.1%,6535000,-528679.6369261164,402.0672690089405,704,2:57:59
13.1%,6540000,-527869.3690633285,398.16468100102156,704,2:57:58
13.1%,6545000,-527850.8781192256,402.2682358180558,704,2:57:57
13.1%,6550000,-526351.709391104,402.3462969004051,704,2:57:55
13.1%,6555000,-527864.3065684219,399.5941899040926,704,2:57:55
13.1%,6560000,-527689.4954954959,402.64291429408337,704,2:57:53
13.1%,6565000,-527863.1115628663,398.01805275174394,704,2:57:52
13.1%,6570000,-528608.4294496649,397.0878207650688,704,2:57:51
13.1%,6575000,-528210.9545252873,400.32848415829665,704,2:57:50
13.1%,6580000,-527460.0256688274,399.3569892110584,704,2:57:48
13.2%,6585000,-528680.0414838372,400.325196859417,704,2:57:47
13.2%,6590000,-526821.508792222,401.32041432916674,704,2:57:46
13.2%,6595000,-527684.3900607666,397.0138810723596,704,2:57:44
13.2%,6600000,-528801.632753239,398.5735571982292,704,2:57:43
13.2%,6605000,-526316.3682637857,403.16949541684465,704,2:57:42
13.2%,6610000,-527513.7457923782,398.6080493043835,704,2:57:41
13.2%,6615000,-526811.1365223392,399.12915977303913,704,2:57:40
13.2%,6620000,-529625.6576527478,399.8210871230266,704,2:57:39
13.2%,6625000,-528206.4309308007,398.5876386128327,704,2:57:37
13.2%,6630000,-528662.8231336069,400.2442409914873,704,2:57:36
13.3%,6635000,-529193.9546980145,398.42818008509227,704,2:57:35
13.3%,6640000,-528167.3168145255,401.9599656858118,704,2:57:33
13.3%,6645000,-527009.4326885943,402.38375738838346,704,2:57:32
13.3%,6650000,-529390.4273324357,399.1547467337212,704,2:57:31
13.3%,6655000,-528108.9204168054,400.80926388547454,704,2:57:30
13.3%,6660000,-529317.3450235152,396.3948140035089,704,2:57:28
13.3%,6665000,-527899.0994886514,400.70581209909284,704,2:57:27
13.3%,6670000,-528043.6460878546,402.16397447299477,704,2:57:26
13.3%,6675000,-529406.9943753113,401.7603726732432,704,2:57:25
13.3%,6680000,-527479.0045097657,400.97863337401606,704,2:57:23
13.4%,6685000,-527840.9017068902,400.69739759524435,704,2:57:22
13.4%,6690000,-528599.5756222303,402.3715404119504,704,2:57:21
13.4%,6695000,-526983.9340934567,402.67882926094677,704,2:57:19
13.4%,6700000,-528399.4707405092,400.9408049048198,704,2:57:18
13.4%,6705000,-527146.2443255326,402.9488293465331,704,2:57:17
13.4%,6710000,-527026.2678397894,400.1803594520664,704,2:57:16
13.4%,6715000,-528167.8994472851,397.86597838044196,704,2:57:15
13.4%,6720000,-529299.7915649177,397.1651458849822,704,2:57:13
13.4%,6725000,-528033.3578626453,398.59188266287873,704,2:57:12
13.4%,6730000,-529157.9925841661,400.9519424696805,704,2:57:11
13.5%,6735000,-528497.1884723636,400.44643440466217,704,2:57:10
13.5%,6740000,-528193.8636053079,400.529966141117,704,2:57:08
13.5%,6745000,-529329.3655525888,399.3888563845253,704,2:57:07
13.5%,6750000,-526866.7487021377,401.0072377806846,704,2:57:06
13.5%,6755000,-526718.1860678615,398.2285870725237,704,2:57:05
13.5%,6760000,-528252.6249644998,400.51399575626175,704,2:57:04
13.5%,6765000,-526740.8627002663,401.2983845202574,704,2:57:03
13.5%,6770000,-527919.7922717291,402.98584825705007,704,2:57:01
13.5%,6775000,-528797.754894211,400.2568259491382,704,2:57:00
13.5%,6780000,-527533.9173205323,397.7417233892104,704,2:56:59
13.6%,6785000,-527431.6783233462,402.1917938530652,704,2:56:58
13.6%,6790000,-527628.9866686263,402.7938847217318,704,2:56:56
13.6%,6795000,-528041.6649908866,398.1782963060825,704,2:56:55
13.6%,6800000,-528436.4020288745,401.18617478089055,704,2:56:54
13.6%,6805000,-528408.1557524465,402.15727721482966,704,2:56:53
13.6%,6810000,-528734.1138321757,403.0483805320055,704,2:56:52
13.6%,6815000,-527875.3681007442,400.2694845030327,704,2:56:50
13.6%,6820000,-528748.3410242614,404.0094493447376,704,2:56:49
13.6%,6825000,-527716.2529274956,400.1950051045373,704,2:56:48
13.6%,6830000,-526553.8234915165,397.10634248636785,704,2:56:47
13.7%,6835000,-528129.3760251179,404.3769153888951,704,2:56:45
13.7%,6840000,-527068.8088165722,396.6407726495282,704,2:56:44
13.7%,6845000,-528981.9105657451,401.0920451853613,704,2:56:43
13.7%,6850000,-527767.2360625677,401.21203159446566,704,2:56:41
13.7%,6855000,-528293.6676481441,398.02644272351125,704,2:56:40
13.7%,6860000,-526531.3783632345,399.9537811501878,704,2:56:39
13.7%,6865000,-527256.338576993,398.595905924194,704,2:56:38
13.7%,6870000,-529114.5914131603,398.78080422012937,704,2:56:37
13.7%,6875000,-527184.2422264628,402.2307507979962,704,2:56:35
13.7%,6880000,-528079.6675927765,400.4085078071411,704,2:56:34
13.8%,6885000,-528971.0676688077,398.9027286636478,704,2:56:33
13.8%,6890000,-529473.2804968376,397.86879956977896,704,2:56:31
13.8%,6895000,-528668.2485414268,401.5487098767287,704,2:56:30
13.8%,6900000,-528666.9688240411,401.3879266166039,704,2:56:29
13.8%,6905000,-527252.8897643057,397.8423049220928,704,2:56:28
13.8%,6910000,-527232.1751999725,399.25562265157794,704,2:56:26
13.8%,6915000,-528479.7589107342,400.90935477673315,704,2:56:25
13.8%,6920000,-527343.3882835461,401.33528077036846,704,2:56:24
13.8%,6925000,-527059.5868241019,398.6918508937314,704,2:56:23
13.8%,6930000,-526570.7341351663,400.039030132326,704,2:56:21
13.9%,6935000,-529635.2892053602,401.35667274516686,704,2:56:20
13.9%,6940000,-527946.3174444819,400.16473251634784,704,2:56:19
13.9%,6945000,-528815.2099728826,404.0155823650353,704,2:56:18
13.9%,6950000,-530229.2708424414,396.81617703004264,704,2:56:16
13.9%,6955000,-527427.80449592,401.2237333971937,704,2:56:16
13.9%,6960000,-528058.8094635764,399.6892762507883,704,2:56:14
13.9%,6965000,-529171.7682013698,403.4466834022199,704,2:56:13
13.9%,6970000,-528143.672850504,398.6782110565893,704,2:56:12
13.9%,6975000,-528810.8235167786,398.12577312025286,704,2:56:11
13.9%,6980000,-528436.0822786852,400.1432178811434,704,2:56:10
14.0%,6985000,-528227.0407808353,403.53683880059623,704,2:56:08
14.0%,6990000,-528283.1310463771,396.9034376428384,704,2:56:07
14.0%,6995000,-527404.874859178,400.6014280936259,704,2:56:06
14.0%,7000000,-526756.2828405481,401.2548400761437,704,2:56:04
14.0%,7005000,-528192.5869775573,399.9308191221932,704,2:56:03
14.0%,7010000,-528283.8233017,402.15072714915175,704,2:56:02
14.0%,7015000,-526566.9026499935,401.05122380225976,704,2:56:01
14.0%,7020000,-525442.2512931889,400.651326346768,704,2:56:00
14.0%,7025000,-529362.0348188733,401.32738144022494,704,2:55:58
14.0%,7030000,-527877.8534799316,402.7186448287195,704,2:55:57
14.1%,7035000,-527734.0747753554,397.7422140308342,704,2:55:56
14.1%,7040000,-529092.2473683986,400.43828975370684,704,2:55:55
14.1%,7045000,-527510.4531283411,400.1302158781123,704,2:55:53
14.1%,7050000,-528308.4004544788,403.2323220767744,704,2:55:52
14.1%,7055000,-527359.9550047219,400.5196136028544,704,2:55:52
14.1%,7060000,-527978.1077865306,404.63442864515525,704,2:55:51
14.1%,7065000,-527895.1811744417,400.38687051153084,704,2:55:49
14.1%,7070000,-528407.3422772167,401.70291853909424,704,2:55:48
14.1%,7075000,-529784.7606640495,405.37223098696956,704,2:55:47
14.1%,7080000,-527882.9951613531,404.53303755359354,704,2:55:45
14.2%,7085000,-527805.2899350254,399.5701484645256,704,2:55:44
14.2%,7090000,-528478.5632155365,399.82950162687507,704,2:55:43
14.2%,7095000,-527773.6940735197,397.895932051576,704,2:55:41
14.2%,7100000,-529098.6603423879,396.2803963768348,704,2:55:40
14.2%,7105000,-529005.395795966,399.3318928920002,704,2:55:39
14.2%,7110000,-528007.2733766842,402.6117830830522,704,2:55:38
14.2%,7115000,-528339.0208070623,399.8755974074327,704,2:55:37
14.2%,7120000,-527293.0010166289,403.6018978799143,704,2:55:35
14.2%,7125000,-527389.2215740737,404.16611121522226,704,2:55:34
14.2%,7130000,-529083.5680724336,399.4673345122548,704,2:55:33
14.3%,7135000,-526932.5751470434,400.27858590515444,704,2:55:32
14.3%,7140000,-529163.0467653549,403.1049760433127,704,2:55:30
14.3%,7145000,-528213.5826284401,396.60500487515196,704,2:55:29
14.3%,7150000,-525130.0208400274,399.31614329587575,704,2:55:28
14.3%,7155000,-527172.6545094033,401.9137717769294,704,2:55:27
14.3%,7160000,-527938.9405630655,400.8791312527061,704,2:55:26
14.3%,7165000,-528894.2644593678,400.95292375292814,704,2:55:24
14.3%,7170000,-527671.4178320137,398.1902924937848,704,2:55:23
14.3%,7175000,-527623.227326096,398.2101880116306,704,2:55:22
14.3%,7180000,-528059.2988722213,400.1965751577335,704,2:55:20
14.4%,7185000,-525697.1782697951,404.42041076884647,704,2:55:19
14.4%,7190000,-526500.2841147957,400.18457897003117,704,2:55:18
14.4%,7195000,-529392.8353553023,398.64811019296815,704,2:55:17
14.4%,7200000,-530271.5723721827,401.0968780053559,704,2:55:15
14.4%,7205000,-527457.3863815479,399.712630792082,704,2:55:14
14.4%,7210000,-527256.642556556,398.34359346914636,704,2:55:13
14.4%,7215000,-527869.669634168,397.0821538543137,704,2:55:12
14.4%,7220000,-530122.5958337858,400.8233943642405,704,2:55:11
14.4%,7225000,-526829.9097320498,403.38424925558917,704,2:55:09
14.4%,7230000,-527592.994356703,399.9359217950809,704,2:55:08
14.5%,7235000,-528650.2058929671,402.97515226965083,704,2:55:07
14.5%,7240000,-527845.9606805006,403.8764854646833,704,2:55:05
14.5%,7245000,-528210.7689595758,397.3271557491665,704,2:55:04
14.5%,7250000,-528178.6908045555,401.90651028089695,704,2:55:03
14.5%,7255000,-527523.0062548555,402.6065332176774,704,2:55:02
14.5%,7260000,-528819.7881014552,403.30334245182183,704,2:55:01
14.5%,7265000,-529204.3512708507,399.4581595138894,704,2:55:00
14.5%,7270000,-528033.1492340923,398.59926681931717,704,2:54:58
14.5%,7275000,-526894.7841708814,403.9183371951948,704,2:54:57
14.5%,7280000,-527345.1435430632,402.201533089298,704,2:54:56
14.6%,7285000,-528338.9577079616,400.91477636667634,704,2:54:55
14.6%,7290000,-528795.7686284976,398.4755024697094,704,2:54:53
14.6%,7295000,-527487.1066165608,401.45936403703166,704,2:54:52
14.6%,7300000,-527358.751134322,397.9160974223148,704,2:54:51
14.6%,7305000,-527263.8585998183,398.77005916856774,704,2:54:50
14.6%,7310000,-525747.7126992573,397.9601570401336,704,2:54:49
14.6%,7315000,-527594.2788735027,402.7379270445355,704,2:54:47
14.6%,7320000,-528014.8434294905,400.72102198943116,704,2:54:46
14.6%,7325000,-528877.4261858976,399.5425744052671,704,2:54:45
14.6%,7330000,-528033.52719151,401.0353760778105,704,2:54:43
14.7%,7335000,-527369.5156346201,402.3055000493847,704,2:54:42
14.7%,7340000,-528504.2826234805,401.10426216179434,704,2:54:41
14.7%,7345000,-529062.279703082,399.771900300239,704,2:54:40
14.7%,7350000,-529103.3688249597,400.8361265143786,704,2:54:38
14.7%,7355000,-527447.8779673306,399.07330022416767,704,2:54:37
14.7%,7360000,-529294.9794304813,403.1871585153021,704,2:54:36
14.7%,7365000,-528747.4633195163,398.8451273370117,704,2:54:35
14.7%,7370000,-526417.8738448522,400.4264407584916,704,2:54:34
14.7%,7375000,-528562.2262999741,399.0533556421595,704,2:54:32
14.7%,7380000,-529504.6528803362,403.7620187738468,704,2:54:31
14.8%,7385000,-527542.186204887,403.8866172142151,704,2:54:30
14.8%,7390000,-529062.2297515171,395.9043441042606,704,2:54:29
14.8%,7395000,-527687.0851826761,400.0551477096684,704,2:54:27
14.8%,7400000,-528334.9221749716,403.0821121436429,704,2:54:26
14.8%,7405000,-527830.1976329372,396.7738346579073,704,2:54:25
14.8%,7410000,-530577.2002879209,399.6312088146096,704,2:54:24
14.8%,7415000,-527020.9216852766,403.2034232851316,704,2:54:23
14.8%,7420000,-528293.7155329874,403.4782561907125,704,2:54:21
14.8%,7425000,-526457.1451901677,399.0446712854179,704,2:54:20
14.8%,7430000,-529144.9028314976,399.4191044406336,704,2:54:19
14.9%,7435000,-527126.64407303,397.4296998485442,704,2:54:18
14.9%,7440000,-527936.7024305766,397.69155528317515,704,2:54:16
14.9%,7445000,-526274.2963019125,401.2554779102546,704,2:54:15
14.9%,7450000,-527855.9962872867,399.9050849690241,704,2:54:14
14.9%,7455000,-527356.0363401975,401.9259887533625,704,2:54:13
14.9%,7460000,-527925.8915640116,399.6919257155569,704,2:54:12
14.9%,7465000,-528999.421194877,403.8010002508591,704,2:54:11
14.9%,7470000,-529284.9819242982,396.5141625785023,704,2:54:09
14.9%,7475000,-527978.872833793,402.85577916257625,704,2:54:08
14.9%,7480000,-526486.0509589436,399.57343576340514,704,2:54:07
15.0%,7485000,-527184.0970163015,402.8701058979917,704,2:54:06
15.0%,7490000,-528058.0759421489,400.69911484092773,704,2:54:04
15.0%,7495000,-528774.2980716876,400.50854963423734,704,2:54:03
15.0%,7500000,-527901.1411449201,400.60353785260827,704,2:54:02
15.0%,7505000,-529699.8921557097,402.8035994258834,704,2:54:01
15.0%,7510000,-525659.2439681268,401.2413474314887,704,2:54:00
15.0%,7515000,-527617.770334743,403.75610654227984,704,2:53:59
15.0%,7520000,-529871.4631629526,400.924760923721,704,2:53:57
15.0%,7525000,-526394.4865896767,397.8199071319656,704,2:53:56
15.0%,7530000,-528419.2906559608,403.02397111122065,704,2:53:55
15.1%,7535000,-527615.6805736693,398.23275752632617,704,2:53:53
15.1%,7540000,-528291.0422509895,403.1980016951884,704,2:53:52
15.1%,7545000,-529795.4765322041,400.25003056264836,704,2:53:51
15.1%,7550000,-528661.6635116995,400.04403467688894,704,2:53:50
15.1%,7555000,-528994.910039674,403.2436804303657,704,2:53:49
15.1%,7560000,-529402.6118785478,402.7356210289036,704,2:53:47
15.1%,7565000,-527748.9443082646,399.9747315475248,704,2:53:46
15.1%,7570000,-528567.1184177729,401.26440758780814,704,2:53:45
15.1%,7575000,-527617.8452261211,400.9326111897021,704,2:53:44
15.1%,7580000,-529284.8490958675,395.76846090654453,704,2:53:42
15.2%,7585000,-529048.5726719513,400.9121023698265,704,2:53:41
15.2%,7590000,-526801.9725549389,401.8749374924044,704,2:53:40
15.2%,7595000,-526769.4226598735,402.3599367375472,704,2:53:39
15.2%,7600000,-528838.4932767428,402.7992081833502,704,2:53:37
15.2%,7605000,-528356.8518530107,399.30618327091224,704,2:53:36
15.2%,7610000,-528804.5278173857,399.90260722882374,704,2:53:35
15.2%,7615000,-528045.8589168261,402.1618647140124,704,2:53:34
15.2%,7620000,-525614.0749911079,399.7796524378953,704,2:53:32
15.2%,7625000,-527324.0605229386,402.851755901261,704,2:53:31
15.2%,7630000,-528401.7891219007,400.05244918073737,704,2:53:30
15.3%,7635000,-527178.1070849542,399.84375476604697,704,2:53:29
15.3%,7640000,-527831.7440450895,399.15030642702567,704,2:53:27
15.3%,7645000,-527268.2235479043,400.9395047045167,704,2:53:26
15.3%,7650000,-527596.0873292354,400.3789711813874,704,2:53:25
15.3%,7655000,-529875.5056595523,403.5679700116274,704,2:53:24
15.3%,7660000,-528863.0319040157,398.5034445101858,704,2:53:22
15.3%,7665000,-528383.8583145323,396.10455041885893,704,2:53:21
15.3%,7670000,-530125.9216779745,402.11292321203666,704,2:53:20
15.3%,7675000,-528931.3125043395,401.1894130156077,704,2:53:19
15.3%,7680000,-528173.6611905289,403.72215414191174,704,2:53:17
15.4%,7685000,-527293.8763508354,402.2463041374712,704,2:53:16
15.4%,7690000,-527909.8741531204,401.25091494315313,704,2:53:15
15.4%,7695000,-526621.546281063,404.9091879544926,704,2:53:13
15.4%,7700000,-526169.1961884461,401.04923670368333,704,2:53:12
15.4%,7705000,-526550.620048841,397.0233749877804,704,2:53:11
15.4%,7710000,-526923.0900995256,401.7320135873866,704,2:53:10
15.4%,7715000,-526049.3589869295,400.5725783661454,704,2:53:09
15.4%,7720000,-528987.2425997844,401.68552529352996,704,2:53:08
15.4%,7725000,-527783.0313208066,400.8498399477642,704,2:53:06
15.4%,7730000,-529517.3751689643,401.29769762198407,704,2:53:05
15.5%,7735000,-527824.4916156144,396.98559558274656,704,2:53:04
15.5%,7740000,-528892.9410628425,400.1465297121042,704,2:53:02
15.5%,7745000,-527936.0122467079,396.04793037547046,704,2:53:01
15.5%,7750000,-530433.465819037,399.56183208900194,704,2:53:00
15.5%,7755000,-526473.8271483695,397.89450919086687,704,2:52:59
15.5%,7760000,-528911.8252072614,403.87827630661025,704,2:52:58
15.5%,7765000,-530134.075856213,397.32502145810287,704,2:52:56
15.5%,7770000,-526910.4259157176,401.1209439770041,704,2:52:55
15.5%,7775000,-529070.9524724116,401.468146522098,704,2:52:54
15.5%,7780000,-527947.2798806848,400.95886051657624,704,2:52:52
15.6%,7785000,-528788.3730957601,401.5317582086258,704,2:52:51
15.6%,7790000,-529079.0453880439,398.2295928878525,704,2:52:50
15.6%,7795000,-526392.0118100755,401.8941215798956,704,2:52:49
15.6%,7800000,-528366.9146074113,401.4961130946555,704,2:52:47
15.6%,7805000,-530545.0133462758,404.57076789446506,704,2:52:46
15.6%,7810000,-527778.7333670487,401.067194187115,704,2:52:45
15.6%,7815000,-527782.0724541824,399.89348129462076,704,2:52:44
15.6%,7820000,-528648.9971897518,402.68312237515516,704,2:52:43
15.6%,7825000,-527970.5252002422,404.23806380935497,704,2:52:41
15.6%,7830000,-527336.0907300483,401.44614124526976,704,2:52:40
15.7%,7835000,-528163.0324473749,399.71665405339724,704,2:52:39
15.7%,7840000,-527246.1927884999,400.1797216179554,704,2:52:37
15.7%,7845000,-529628.2740454497,399.3894206223927,704,2:52:36
15.7%,7850000,-526679.5989744733,400.8463073280727,704,2:52:35
15.7%,7855000,-526985.5002074284,400.0964597343937,704,2:52:34
15.7%,7860000,-528525.7735276334,398.94558620948817,704,2:52:32
15.7%,7865000,-529724.4509164593,400.4759710304159,704,2:52:31
15.7%,7870000,-527146.6834713998,400.2242228132356,704,2:52:30
15.7%,7875000,-529486.0586612602,399.9419076228915,704,2:52:29
15.7%,7880000,-528093.0063752914,399.51473049311545,704,2:52:27
15.8%,7885000,-527239.8270041198,402.7641273072473,704,2:52:26
15.8%,7890000,-529004.8175154151,400.65657621214285,704,2:52:25
15.8%,7895000,-526614.2845293419,397.9849835062987,704,2:52:24
15.8%,7900000,-527678.3373877364,401.8615920402366,704,2:52:22
15.8%,7905000,-527191.0988362934,400.1170421505129,704,2:52:21
15.8%,7910000,-528240.5997958356,400.06277718691877,704,2:52:20
15.8%,7915000,-526589.3012411855,404.4798274694906,704,2:52:19
15.8%,7920000,-527115.4581385446,399.2518692431557,704,2:52:18
15.8%,7925000,-527191.9734203131,402.11866371903534,704,2:52:16
15.8%,7930000,-528030.5808585766,398.22956835577133,704,2:52:15
15.9%,7935000,-529178.0414651181,400.2972302868595,704,2:52:14
15.9%,7940000,-529132.8714016662,402.98643702699866,704,2:52:13
15.9%,7945000,-526528.9150533206,400.34479799228853,704,2:52:12
15.9%,7950000,-527824.1570335189,401.74737067021204,704,2:52:10
15.9%,7955000,-527778.8353842995,400.4246744486459,704,2:52:09
15.9%,7960000,-528610.9666867508,398.3418271593006,704,2:52:08
15.9%,7965000,-528558.1279892246,399.83335316362206,704,2:52:07
15.9%,7970000,-527888.7578641274,399.4856599769044,704,2:52:05
15.9%,7975000,-530761.0293364469,402.18114692982834,704,2:52:04
15.9%,7980000,-527460.6704710415,404.0152143838174,704,2:52:03
16.0%,7985000,-528723.6204874748,399.9161980018035,704,2:52:02
16.0%,7990000,-527964.411911407,397.82233580800346,704,2:52:00
16.0%,7995000,-527582.5968530644,403.5687795703067,704,2:51:59
16.0%,8000000,-528225.5046452838,402.92022493986457,704,2:51:58
16.0%,8005000,-527482.6916458206,400.37494792007203,704,2:51:57
16.0%,8010000,-528020.327847234,402.63503949602114,704,2:51:56
16.0%,8015000,-526951.4574697502,404.1713610805971,704,2:51:54
16.0%,8020000,-526590.5538887135,403.5272222247694,704,2:51:53
16.0%,8025000,-528457.5847885166,401.2545211590882,704,2:51:52
16.0%,8030000,-527184.4464685996,401.6856234218547,704,2:51:51
16.1%,8035000,-525984.5180919361,401.21968560379725,704,2:51:49
16.1%,8040000,-528769.3966447366,397.7841148255082,704,2:51:48
16.1%,8045000,-529183.552630166,401.5352662962361,704,2:51:47
16.1%,8050000,-528755.4056033446,397.49937095912617,704,2:51:46
16.1%,8055000,-527549.8188354899,400.07828146223136,704,2:51:45
16.1%,8060000,-529298.755515214,398.7704516818668,704,2:51:44
16.1%,8065000,-528863.8148433026,402.27745988058354,704,2:51:42
16.1%,8070000,-527917.383149189,400.6270641184703,704,2:51:41
16.1%,8075000,-528929.284054684,402.2879105471709,704,2:51:40
16.1%,8080000,-527279.4141416429,398.3444766240692,704,2:51:39
16.2%,8085000,-527805.9074793034,399.1499139137266,704,2:51:37
16.2%,8090000,-526985.4471370289,400.79034965087646,704,2:51:36
16.2%,8095000,-530146.7988947444,401.09947840596215,704,2:51:35
16.2%,8100000,-528145.2372345082,399.89588543857747,704,2:51:34
16.2%,8105000,-528426.6647482426,397.2492173272232,704,2:51:33
16.2%,8110000,-528315.3522150042,403.70272473360865,704,2:51:31
16.2%,8115000,-527309.3635374364,402.03567168836673,704,2:51:30
16.2%,8120000,-529097.8381176894,402.68822504804285,704,2:51:29
16.2%,8125000,-527124.6802311232,400.01589637976303,704,2:51:28
16.2%,8130000,-529258.4769462822,399.34028286376747,704,2:51:26
16.3%,8135000,-528118.0674526072,402.1724625730868,704,2:51:25
16.3%,8140000,-528567.3937184392,403.1421666783981,704,2:51:24
16.3%,8145000,-529352.8031644737,398.89885259481963,704,2:51:22
16.3%,8150000,-528996.3082108246,399.81389922323774,704,2:51:21
16.3%,8155000,-527569.7387963482,399.12366458685244,704,2:51:20
16.3%,8160000,-527885.54085796,400.55351693906016,704,2:51:19
16.3%,8165000,-528855.6718032616,400.53820892039704,704,2:51:18
16.3%,8170000,-528332.1623061025,402.71150599309294,704,2:51:17
16.3%,8175000,-526987.5901459423,397.44581742588656,704,2:51:16
16.3%,8180000,-527442.6231906004,401.6094758418384,704,2:51:14
16.4%,8185000,-527885.2531165732,401.4563465910452,704,2:51:13
16.4%,8190000,-528408.8652588464,401.92719082534086,704,2:51:12
16.4%,8195000,-528960.8290041001,402.0739662671056,704,2:51:11
16.4%,8200000,-527799.3029055311,396.6996496443862,704,2:51:10
16.4%,8205000,-529736.1316588614,400.8809466267142,704,2:51:09
16.4%,8210000,-527093.9090492041,400.1171157467564,704,2:51:07
16.4%,8215000,-527866.6806048783,400.6450951981455,704,2:51:06
16.4%,8220000,-528865.7602494597,399.367979583432,704,2:51:05
16.4%,8225000,-526240.2794403434,401.6244404113648,704,2:51:04
16.4%,8230000,-527948.2542473353,399.3808098618947,704,2:51:02
16.5%,8235000,-527442.1232579108,400.16524769005287,704,2:51:01
16.5%,8240000,-528630.8015695824,400.9331508954883,704,2:51:00
16.5%,8245000,-527292.9757168298,404.30773491993693,704,2:50:59
16.5%,8250000,-527753.2659748984,400.46836608524677,704,2:50:57
16.5%,8255000,-527926.0039342558,401.7649356403447,704,2:50:56
16.5%,8260000,-527279.0781255914,398.81073335918217,704,2:50:55
16.5%,8265000,-527242.3319392703,398.60093500083815,704,2:50:54
16.5%,8270000,-527658.3416246893,401.13799377343173,704,2:50:53
16.5%,8275000,-528208.5309099569,401.4267854332102,704,2:50:51
16.5%,8280000,-527224.1054221666,398.94264235974526,704,2:50:50
16.6%,8285000,-527621.7523873048,398.4562693180558,704,2:50:49
16.6%,8290000,-527114.2861574232,398.47842178737113,704,2:50:47
16.6%,8295000,-526478.7248485726,398.3461938697525,704,2:50:46
16.6%,8300000,-527756.1297235098,400.94414126786177,704,2:50:45
16.6%,8305000,-528847.829061328,402.11314400076736,704,2:50:44
16.6%,8310000,-527994.5224578148,400.4463853404998,704,2:50:43
16.6%,8315000,-528001.7653108519,401.39612033172165,704,2:50:41
16.6%,8320000,-529040.8286550632,400.6172022218316,704,2:50:40
16.6%,8325000,-528270.677124429,401.33797929929943,704,2:50:39
16.6%,8330000,-528375.1459284541,399.6655291961955,704,2:50:38
16.7%,8335000,-527458.9772156952,396.4541571079095,704,2:50:36
16.7%,8340000,-526564.6535511939,400.48259469233744,704,2:50:35
16.7%,8345000,-527793.5345599395,402.6343035335854,704,2:50:34
16.7%,8350000,-529472.3985602129,396.78423626033214,704,2:50:33
16.7%,8355000,-527592.1638791682,402.07624775065636,704,2:50:32
16.7%,8360000,-527656.8972466923,402.27706736728453,704,2:50:31
16.7%,8365000,-527980.7631459953,402.7526953574124,704,2:50:29
16.7%,8370000,-529230.0341292755,399.33547457585405,704,2:50:28
16.7%,8375000,-527356.7571471888,405.388225903906,704,2:50:27
16.7%,8380000,-527156.8966547172,398.8308741978398,704,2:50:26
16.8%,8385000,-529466.6304067518,400.0191591465614,704,2:50:24
16.8%,8390000,-526042.3801028607,398.8864393617371,704,2:50:23
16.8%,8395000,-529938.099514401,401.46392700413315,704,2:50:22
16.8%,8400000,-526301.2584998556,399.52849299066355,704,2:50:21
16.8%,8405000,-527242.6057662573,401.09373789896347,704,2:50:20
16.8%,8410000,-526894.883542384,400.72835708170726,704,2:50:18
16.8%,8415000,-526784.7148858677,397.7971168285393,704,2:50:17
16.8%,8420000,-528010.5875936258,403.1669440804008,704,2:50:16
16.8%,8425000,-529822.8176432257,400.1522211549405,704,2:50:15
16.8%,8430000,-527816.5037430585,403.8860284442665,704,2:50:13
16.9%,8435000,-526954.1533199339,400.13568653221785,704,2:50:12
16.9%,8440000,-527957.5562144588,397.47425010798673,704,2:50:11
16.9%,8445000,-527670.5109509556,401.6432565176382,704,2:50:09
16.9%,8450000,-527582.2820992097,403.2323711409367,704,2:50:08
16.9%,8455000,-526251.5451740422,399.8396824405693,704,2:50:07
16.9%,8460000,-528342.9966297257,400.84625826391033,704,2:50:06
16.9%,8465000,-527403.7194659356,400.6475484062646,704,2:50:05
16.9%,8470000,-528037.96848197,399.48580716939153,704,2:50:03
16.9%,8475000,-528397.7466940344,401.48055975518054,704,2:50:02
16.9%,8480000,-528183.9849265455,404.61163834172896,704,2:50:01
17.0%,8485000,-527806.7638008385,399.2689435716645,704,2:49:59
17.0%,8490000,-527659.9244789123,399.1671844988849,704,2:49:58
17.0%,8495000,-527251.6876252322,402.43647683086255,704,2:49:57
17.0%,8500000,-529849.701564861,400.4154749181993,704,2:49:56
17.0%,8505000,-528211.0323899384,400.80860151928243,704,2:49:55
17.0%,8510000,-528162.3441104,400.74714865589937,704,2:49:53
17.0%,8515000,-528121.1126439753,400.13460712064546,704,2:49:52
17.0%,8520000,-529341.6012296597,401.9745868062015,704,2:49:51
17.0%,8525000,-526737.1584932315,399.9959763298361,704,2:49:50
17.0%,8530000,-528485.3440284268,399.4649549003793,704,2:49:48
17.1%,8535000,-527864.2856949661,400.32576109728444,704,2:49:47
17.1%,8540000,-528555.6232825774,405.71602357277794,704,2:49:46
17.1%,8545000,-527477.4818834187,398.50869437556065,704,2:49:45
17.1%,8550000,-527514.7693453617,400.82869329377775,704,2:49:43
17.1%,8555000,-529158.1814826415,403.5556794389508,704,2:49:42
17.1%,8560000,-527263.7005913905,396.88923356782897,704,2:49:41
17.1%,8565000,-526885.5251280293,402.739398969407,704,2:49:40
17.1%,8570000,-528310.6907476545,404.67630490774803,704,2:49:39
17.1%,8575000,-527335.0147664053,399.0825733508578,704,2:49:38
17.1%,8580000,-528554.3507426907,400.9456131927333,704,2:49:36
17.2%,8585000,-527401.6262312746,399.7524708919359,704,2:49:35
17.2%,8590000,-526471.0143030845,397.0073555387628,704,2:49:34
17.2%,8595000,-528363.596606879,401.206928921578,704,2:49:32
17.2%,8600000,-528078.7866485398,398.80720073949067,704,2:49:31
17.2%,8605000,-527533.9814637126,398.4169934560693,704,2:49:30
17.2%,8610000,-526762.0894275992,400.52650711766904,704,2:49:29
17.2%,8615000,-528287.0625580465,399.1718946584736,704,2:49:28
17.2%,8620000,-526499.5131107429,401.60493740681807,704,2:49:27
17.2%,8625000,-528972.3398555806,401.616369356653,704,2:49:25
17.2%,8630000,-530759.8707967019,402.8132405337914,704,2:49:24
17.3%,8635000,-528903.5150608756,398.5359740498448,704,2:49:23
17.3%,8640000,-528849.4688047064,400.1006301881962,704,2:49:21
17.3%,8645000,-529806.3909145971,402.0986210087024,704,2:49:20
17.3%,8650000,-527974.875492264,398.77054981019154,704,2:49:19
17.3%,8655000,-529337.9860230512,400.34200133503276,704,2:49:18
17.3%,8660000,-528645.118129801,399.70043834773014,704,2:49:17
17.3%,8665000,-528360.6361104362,398.0881409077062,704,2:49:15
17.3%,8670000,-526326.3500365624,399.5487564897272,704,2:49:14
17.3%,8675000,-529963.4448505542,402.94156785050063,704,2:49:13
17.3%,8680000,-526923.3998040445,403.00279992515294,704,2:49:12
17.4%,8685000,-527777.6744956141,398.8164248020184,704,2:49:10
17.4%,8690000,-528196.9473800678,401.3378321068123,704,2:49:09
17.4%,8695000,-526967.9492677012,398.26396233360083,704,2:49:08
17.4%,8700000,-529012.1708273976,398.1439268603341,704,2:49:07
17.4%,8705000,-528198.8459337894,400.9322922726466,704,2:49:06
17.4%,8710000,-527654.3292006934,399.42415804935894,704,2:49:04
17.4%,8715000,-528910.1181732165,396.9963896984705,704,2:49:03
17.4%,8720000,-527765.8404551963,401.94097785497013,704,2:49:02
17.4%,8725000,-527932.1105536115,399.4635811038326,704,2:49:01
17.4%,8730000,-526161.4048040942,397.46811708768905,704,2:49:00
17.5%,8735000,-530017.1793566216,401.8177777432297,704,2:48:58
17.5%,8740000,-529013.621638298,399.81321232496435,704,2:48:57
17.5%,8745000,-530072.6612426899,398.4921106886756,704,2:48:56
17.5%,8750000,-529094.0326861735,399.0836036982678,704,2:48:55
17.5%,8755000,-528198.8652488259,399.5826598259329,704,2:48:54
17.5%,8760000,-529768.3319269009,397.5354576505579,704,2:48:53
17.5%,8765000,-529394.6596503798,400.99624740831115,704,2:48:51
17.5%,8770000,-527749.4201346859,399.2082512027984,704,2:48:50
17.5%,8775000,-527258.1326090051,398.76255235172334,704,2:48:49
17.5%,8780000,-529082.9840142564,401.0928547440406,704,2:48:48
17.6%,8785000,-527736.055505781,400.1050950269729,704,2:48:47
17.6%,8790000,-529250.0284705181,403.26494974475816,704,2:48:45
17.6%,8795000,-527656.5093428516,398.63474020871917,704,2:48:44
17.6%,8800000,-528086.6993718352,398.96521187444085,704,2:48:43
17.6%,8805000,-526786.8066993835,401.20386241142916,704,2:48:42
17.6%,8810000,-530006.8119150847,401.03790288217317,704,2:48:40
17.6%,8815000,-527911.8243401921,401.72281405694,704,2:48:39
17.6%,8820000,-526879.8392849048,400.98390777147216,704,2:48:38
17.6%,8825000,-528843.0684597455,402.4043888686649,704,2:48:37
17.6%,8830000,-528236.085466641,400.43284363168243,704,2:48:35
17.7%,8835000,-529680.1515174699,402.8009990252772,704,2:48:34
17.7%,8840000,-529834.6147826225,400.5824647948653,704,2:48:33
17.7%,8845000,-528898.2397183827,400.0509772558659,704,2:48:31
17.7%,8850000,-527719.3978125835,402.0756589807078,704,2:48:30
17.7%,8855000,-529329.8221283266,401.5789334007558,704,2:48:29
17.7%,8860000,-529625.2009043447,399.7781314488615,704,2:48:28
17.7%,8865000,-528237.9780357527,398.57326281325487,704,2:48:27
17.7%,8870000,-528413.8167501669,401.92998748259663,704,2:48:25
17.7%,8875000,-525919.8111706134,400.3727400327649,704,2:48:24
17.7%,8880000,-529876.1631728993,398.2598164118796,704,2:48:23
17.8%,8885000,-528392.4714042228,400.8284970371282,704,2:48:21
17.8%,8890000,-528622.7852084902,400.7007094262051,704,2:48:20
17.8%,8895000,-528153.1117150569,402.3490690255796,704,2:48:19
17.8%,8900000,-527178.7541147298,401.2298664174914,704,2:48:18
17.8%,8905000,-527320.5706956955,401.0119970044356,704,2:48:17
17.8%,8910000,-529680.2768985811,401.1099536046306,704,2:48:15
17.8%,8915000,-528439.7930411855,398.4363002039665,704,2:48:14
17.8%,8920000,-527934.9733092613,405.2949549312184,704,2:48:13
17.8%,8925000,-528038.0815574089,396.653725588397,704,2:48:12
17.8%,8930000,-528432.9624440991,401.5451281928748,704,2:48:10
17.9%,8935000,-527389.39759405,398.3173932064345,704,2:48:09
17.9%,8940000,-529193.4947174103,398.88673374671134,704,2:48:08
17.9%,8945000,-528770.0861763773,403.6564817605639,704,2:48:07
17.9%,8950000,-527325.4175525652,403.2239075729259,704,2:48:06
17.9%,8955000,-528249.4262286033,400.8833507706709,704,2:48:05
17.9%,8960000,-527656.2701562522,402.137136376172,704,2:48:03
17.9%,8965000,-528528.7717656349,402.55288155611305,704,2:48:02
17.9%,8970000,-529064.1823088075,401.17400686861987,704,2:48:01
17.9%,8975000,-528672.0836129333,396.038093010913,704,2:48:00
17.9%,8980000,-527298.1420373362,399.1911278101272,704,2:47:58
18.0%,8985000,-528403.2022273242,402.55364205063,704,2:47:57
18.0%,8990000,-527358.9031476439,396.433133114329,704,2:47:56
18.0%,8995000,-528260.0710815899,398.9032193052716,704,2:47:55
18.0%,9000000,-528206.4208327993,400.9650916651987,704,2:47:53
18.0%,9005000,-528241.3423988828,398.55466749571224,704,2:47:52
18.0%,9010000,-526561.6120811496,398.9196067355071,704,2:47:51
18.0%,9015000,-528436.979124235,400.9213509644355,704,2:47:50
18.0%,9020000,-529338.9938473641,402.48048738451894,704,2:47:49
18.0%,9025000,-526016.1232006014,400.2166424001476,704,2:47:48
18.0%,9030000,-527342.0717011639,399.0171953544842,704,2:47:46
18.1%,9035000,-527788.0186837125,400.3327036762615,704,2:47:45
18.1%,9040000,-529093.475669757,401.6158296508668,704,2:47:44
18.1%,9045000,-526836.9037133981,403.5311964219223,704,2:47:43
18.1%,9050000,-528465.5240808795,400.5950497525162,704,2:47:41
18.1%,9055000,-529461.8743554298,399.98361216091587,704,2:47:41
18.1%,9060000,-529175.8650251119,398.4621324854604,704,2:47:39
18.1%,9065000,-530296.8831841745,401.37963477316146,704,2:47:38
18.1%,9070000,-528710.6682070857,400.1167722976197,704,2:47:37
18.1%,9075000,-527808.6425289242,397.23695128662786,704,2:47:36
18.1%,9080000,-529248.3382699857,400.0017659009971,704,2:47:34
18.2%,9085000,-528970.0333128162,401.53791576100474,704,2:47:33
18.2%,9090000,-526533.3009418631,399.59566182896407,704,2:47:32
18.2%,9095000,-527518.9773905035,401.38206344919934,704,2:47:31
18.2%,9100000,-529545.6098755132,397.7934615484419,704,2:47:29
18.2%,9105000,-527165.9104263987,401.3340296342277,704,2:47:28
18.2%,9110000,-528718.1356167193,399.1959360980406,704,2:47:27
18.2%,9115000,-528839.5731805037,400.2000341811814,704,2:47:26
18.2%,9120000,-528577.4101763563,397.6635887106176,704,2:47:25
18.2%,9125000,-528591.4306247351,400.30826972339537,704,2:47:23
18.2%,9130000,-527369.2131615393,398.75239607011036,704,2:47:22
18.3%,9135000,-528613.7494003437,401.3361884573725,704,2:47:21
18.3%,9140000,-528379.1388688833,400.16485517675375,704,2:47:20
18.3%,9145000,-528036.2037289036,404.3532173984647,704,2:47:18
18.3%,9150000,-527894.133118859,397.90184428314296,704,2:47:17
18.3%,9155000,-527476.2628773702,400.69563128539863,704,2:47:16
18.3%,9160000,-527047.9902838133,399.6702393557842,704,2:47:15
18.3%,9165000,-527599.7749250033,402.5058780885514,704,2:47:13
18.3%,9170000,-529546.7791969553,401.3463447389855,704,2:47:12
18.3%,9175000,-528731.6639113845,404.4317200582754,704,2:47:11
18.3%,9180000,-529123.2525665644,402.86161779789967,704,2:47:10
18.4%,9185000,-528190.4156138375,400.5448816464809,704,2:47:08
18.4%,9190000,-527208.5078156791,402.85185402958575,704,2:47:07
18.4%,9195000,-529360.1756465724,401.7419000161065,704,2:47:06
18.4%,9200000,-529528.6741097649,400.86316086785087,704,2:47:05
18.4%,9205000,-527839.4713205425,401.68829741870456,704,2:47:04
18.4%,9210000,-528832.8016926148,399.14522828621915,704,2:47:03
18.4%,9215000,-529897.280756006,399.696439618496,704,2:47:01
18.4%,9220000,-528536.264686781,401.8784210479335,704,2:47:00
18.4%,9225000,-526436.1426953501,401.1766563333885,704,2:46:59
18.4%,9230000,-528996.102458497,398.66312382665694,704,2:46:58
18.5%,9235000,-527975.7786978004,402.97814518355614,704,2:46:56
18.5%,9240000,-527966.6375680729,397.6615034837164,704,2:46:55
18.5%,9245000,-529273.0219323211,402.04690738155216,704,2:46:54
18.5%,9250000,-529129.3610060373,401.82548081672365,704,2:46:53
18.5%,9255000,-528445.264138144,397.91837890586555,704,2:46:52
18.5%,9260000,-528166.7171413018,400.4414298600992,704,2:46:50
18.5%,9265000,-528307.9970074608,401.84871269761135,704,2:46:49
18.5%,9270000,-527744.1126970607,399.0428068472474,704,2:46:48
18.5%,9275000,-527379.488828667,403.06491515472817,704,2:46:47
18.5%,9280000,-526497.2889718004,400.33684959798273,704,2:46:45
18.6%,9285000,-528551.4546327139,399.1735137758322,704,2:46:44
18.6%,9290000,-528464.4717540587,400.19466165540064,704,2:46:43
18.6%,9295000,-528472.6557562053,398.3197973503912,704,2:46:42
18.6%,9300000,-527628.6444629175,398.36012809186894,704,2:46:40
18.6%,9305000,-528461.4265223104,400.43262284295173,704,2:46:39
18.6%,9310000,-526586.6541553736,398.61477109462976,704,2:46:38
18.6%,9315000,-528882.4669607179,400.0334613498957,704,2:46:37
18.6%,9320000,-528024.691454818,398.1567816708781,704,2:46:36
18.6%,9325000,-528078.3633090537,399.97949077127583,704,2:46:34
18.6%,9330000,-527194.2660059622,400.9379591834017,704,2:46:33
18.7%,9335000,-528490.503712541,400.68962092550686,704,2:46:32
18.7%,9340000,-527520.264899171,401.9766475010216,704,2:46:31
18.7%,9345000,-527540.0566830221,399.28327030708,704,2:46:29
18.7%,9350000,-527581.1832916201,399.2554999911719,704,2:46:28
18.7%,9355000,-527656.8141565085,397.55478893053623,704,2:46:27
18.7%,9360000,-527224.5633453913,398.2744375322693,704,2:46:26
18.7%,9365000,-528076.6168548423,400.7682707778047,704,2:46:24
18.7%,9370000,-527464.7170112315,400.366582480386,704,2:46:23
18.7%,9375000,-527282.8031799775,398.5033709139422,704,2:46:22
18.7%,9380000,-528608.7209743103,401.2707123326741,704,2:46:21
18.8%,9385000,-528537.3922245135,398.95714081972903,704,2:46:19
18.8%,9390000,-526454.0961404331,400.96560683890374,704,2:46:18
18.8%,9395000,-528179.1636401722,393.60887726723433,704,2:46:17
18.8%,9400000,-528041.2446572878,403.96163631849663,704,2:46:16
18.8%,9405000,-528875.0200770027,399.2092815502084,704,2:46:15
18.8%,9410000,-527401.5007889397,398.70504915341206,704,2:46:13
18.8%,9415000,-528489.1729505905,400.80121736284394,704,2:46:12
18.8%,9420000,-528050.2814314365,398.1692685002042,704,2:46:11
18.8%,9425000,-529936.3552865954,399.4008280401465,704,2:46:10
18.8%,9430000,-527764.9011258506,398.5233154959503,704,2:46:08
18.9%,9435000,-527348.6654762463,400.5419623288193,704,2:46:07
18.9%,9440000,-526580.9591887384,398.8827350174772,704,2:46:06
18.9%,9445000,-528374.1450379561,403.366095515508,704,2:46:05
18.9%,9450000,-528007.997178202,400.72031055907667,704,2:46:03
18.9%,9455000,-528186.6969373431,397.31400655364826,704,2:46:03
18.9%,9460000,-528123.2422766732,400.02575827640175,704,2:46:01
18.9%,9465000,-528247.708142879,400.7219296764352,704,2:46:00
18.9%,9470000,-529217.357403086,400.0165587459552,704,2:45:59
18.9%,9475000,-528660.7968588928,398.07310274193617,704,2:45:58
18.9%,9480000,-529321.9596827552,401.4880911041061,704,2:45:57
19.0%,9485000,-528191.8918109196,399.9481878356763,704,2:45:55
19.0%,9490000,-527968.4656357993,401.5714265839114,704,2:45:54
19.0%,9495000,-530365.2510873228,399.6796596749615,704,2:45:53
19.0%,9500000,-527723.1822509035,402.3081249820721,704,2:45:52
19.0%,9505000,-527741.4378221226,399.7441790484934,704,2:45:51
19.0%,9510000,-529505.1732152812,403.5126747006232,704,2:45:49
19.0%,9515000,-528039.2482775967,402.4842162608599,704,2:45:48
19.0%,9520000,-529167.8501981208,403.5293319837518,704,2:45:47
19.0%,9525000,-526989.6483089938,402.49221371932816,704,2:45:46
19.0%,9530000,-527765.2011608374,402.91235014180234,704,2:45:44
19.1%,9535000,-528611.3956809514,405.31163674642823,704,2:45:43
19.1%,9540000,-528730.4296327173,401.4032836994294,704,2:45:42
19.1%,9545000,-527552.4363869005,402.9924964510528,704,2:45:41
19.1%,9550000,-528574.0407126299,398.3183990217633,704,2:45:39
19.1%,9555000,-529324.5280519142,400.0930743071894,704,2:45:38
19.1%,9560000,-526128.3037242461,401.17263307207315,704,2:45:37
19.1%,9565000,-527747.5652727573,395.17031970294966,704,2:45:36
19.1%,9570000,-528194.5365841724,403.28911384473116,704,2:45:34
19.1%,9575000,-529685.1064644479,396.5835147720288,704,2:45:33
19.1%,9580000,-527829.1749709989,401.1396128907904,704,2:45:32
19.2%,9585000,-530897.1342692687,401.21524529710166,704,2:45:31
19.2%,9590000,-528042.7475321931,399.7590209576138,704,2:45:29
19.2%,9595000,-527176.3517858381,400.64796545164484,704,2:45:28
19.2%,9600000,-528704.1315390472,395.6218326572669,704,2:45:27
19.2%,9605000,-527846.0877030813,398.9264757182405,704,2:45:26
19.2%,9610000,-529429.032319589,401.7031883919874,704,2:45:25
19.2%,9615000,-527920.1145533067,403.5682398645205,704,2:45:24
19.2%,9620000,-528602.1830901504,402.4226407370709,704,2:45:22
19.2%,9625000,-527532.4189765267,401.9174761211893,704,2:45:21
19.2%,9630000,-528151.9666490401,399.1175806307171,704,2:45:20
19.3%,9635000,-528479.446284764,401.86080701363846,704,2:45:18
19.3%,9640000,-528711.5403987113,399.4405454795944,704,2:45:17
19.3%,9645000,-527716.8420108417,400.6170795614256,704,2:45:16
19.3%,9650000,-529440.2848768039,397.09959616404035,704,2:45:15
19.3%,9655000,-526841.6675476255,401.6946266956518,704,2:45:14
19.3%,9660000,-528574.300757919,400.5184115308761,704,2:45:12
19.3%,9665000,-529327.8541315035,398.53015994660257,704,2:45:11
19.3%,9670000,-528650.9493919252,406.68042874855195,704,2:45:10
19.3%,9675000,-528118.4098006934,400.83526789153683,704,2:45:08
19.3%,9680000,-529357.6618261142,402.221722992118,704,2:45:07
19.4%,9685000,-528785.0827946705,399.1411804928226,704,2:45:06
19.4%,9690000,-528330.5086478163,402.75181220248953,704,2:45:05
19.4%,9695000,-529164.8633226622,399.33091160875256,704,2:45:03
19.4%,9700000,-528674.0507529099,399.95851584185766,704,2:45:02
19.4%,9705000,-528560.6208943939,399.8532241493866,704,2:45:01
19.4%,9710000,-527323.3113626125,403.8689050515953,704,2:45:00
19.4%,9715000,-527605.5835955646,404.6533919439158,704,2:44:59
19.4%,9720000,-528650.1584637128,403.0788493768445,704,2:44:58
19.4%,9725000,-528808.1536689489,402.2596005254767,704,2:44:56
19.4%,9730000,-528518.7279903055,398.06539966844224,704,2:44:55
19.5%,9735000,-527837.0847912445,399.20319759407306,704,2:44:54
19.5%,9740000,-528155.4570811549,400.28746651854556,704,2:44:53
19.5%,9745000,-528264.389927133,400.09616534941944,704,2:44:51
19.5%,9750000,-529489.3446502746,396.8774827009385,704,2:44:50
19.5%,9755000,-529075.3072998719,397.2909218652477,704,2:44:49
19.5%,9760000,-528219.6487875711,398.5377894238529,704,2:44:48
19.5%,9765000,-530466.6239561993,399.1699075598971,704,2:44:47
19.5%,9770000,-527109.0271880236,402.1694941912627,704,2:44:46
19.5%,9775000,-528813.131229071,400.16382482934375,704,2:44:44
19.5%,9780000,-528118.4014103147,398.84816931507936,704,2:44:43
19.6%,9785000,-529571.124167473,400.61884587127133,704,2:44:42
19.6%,9790000,-526484.4405435915,398.016899743928,704,2:44:41
19.6%,9795000,-527231.5796012115,399.5168402520979,704,2:44:39
19.6%,9800000,-527802.1809879132,405.98818248150906,704,2:44:38
19.6%,9805000,-528589.7011466594,397.65723490158916,704,2:44:37
19.6%,9810000,-526701.0215330995,401.5317336765446,704,2:44:36
19.6%,9815000,-528737.7077009161,394.5024828566916,704,2:44:35
19.6%,9820000,-529173.6444228222,400.0945952962232,704,2:44:33
19.6%,9825000,-528623.992504749,399.91094813642866,704,2:44:32
19.6%,9830000,-526787.517397664,400.94100116146933,704,2:44:31
19.7%,9835000,-526813.2741510347,398.10185434109184,704,2:44:29
19.7%,9840000,-529748.6829106025,399.93427814564114,704,2:44:28
19.7%,9845000,-528143.9638306606,403.88460558355746,704,2:44:27
19.7%,9850000,-528385.9562961664,396.10077247835557,704,2:44:26
19.7%,9855000,-528739.4775647353,403.71491717796044,704,2:44:25
19.7%,9860000,-528641.5069442829,405.066463127007,704,2:44:23
19.7%,9865000,-527806.8081014073,398.4061748082641,704,2:44:22
19.7%,9870000,-526497.9158792896,398.61734696315483,704,2:44:21
19.7%,9875000,-527459.7459064336,401.801488441319,704,2:44:20
19.7%,9880000,-527403.8023296613,401.13946569830324,704,2:44:18
19.8%,9885000,-528789.2895191722,401.6922716158574,704,2:44:17
19.8%,9890000,-528217.5383896069,402.6753211733365,704,2:44:16
19.8%,9895000,-529709.1598466258,399.3654037149069,704,2:44:15
19.8%,9900000,-527590.265048923,400.29016504747653,704,2:44:13
19.8%,9905000,-528399.9190940843,404.6062658159482,704,2:44:12
19.8%,9910000,-528339.9806141732,398.65019541986936,704,2:44:11
19.8%,9915000,-527494.7798689972,397.12631160045714,704,2:44:10
19.8%,9920000,-529124.2811902487,403.22704767931833,704,2:44:09
19.8%,9925000,-526823.7192285503,400.1541346572734,704,2:44:07
19.8%,9930000,-528234.2494669799,399.34683292944544,704,2:44:06
19.9%,9935000,-529353.2620666614,403.8205768516493,704,2:44:05
19.9%,9940000,-530444.2882321207,399.3851275081843,704,2:44:03
19.9%,9945000,-529014.1660806127,402.1202337722315,704,2:44:02
19.9%,9950000,-528450.7187473029,400.2773593010949,704,2:44:01
19.9%,9955000,-527075.0412570112,399.58592259273127,704,2:44:00
19.9%,9960000,-528936.3706111433,404.61894890192383,704,2:43:59
19.9%,9965000,-528163.7164621963,398.9671499088549,704,2:43:58
19.9%,9970000,-527945.7059063441,401.26119388517213,704,2:43:56
19.9%,9975000,-529560.9034544346,402.6553520592472,704,2:43:55
19.9%,9980000,-528904.5856459909,401.3428366513752,704,2:43:54
20.0%,9985000,-528709.7035884173,397.2227226795371,704,2:43:53
20.0%,9990000,-528362.7181978151,403.9766990163478,704,2:43:51
20.0%,9995000,-527168.2503220658,401.1026185123546,704,2:43:50
20.0%,10000000,-528947.2397732879,403.6357521519576,704,2:43:49
20.0%,10005000,-527333.5333534176,396.2776487837414,704,2:43:48
20.0%,10010000,-528628.0656766747,401.5347265904499,704,2:43:46
20.0%,10015000,-528243.0006740973,403.798031869035,704,2:43:45
20.0%,10020000,-528434.8315446121,399.6083449149397,704,2:43:44
20.0%,10025000,-525969.9132118155,400.52425016619947,704,2:43:43
20.0%,10030000,-529108.2683099504,399.69251448550546,704,2:43:41
20.0%,10035000,-526898.0609254865,400.518656851688,704,2:43:40
20.1%,10040000,-528746.1254473664,399.63466783805745,704,2:43:39
20.1%,10045000,-526810.266617883,402.3354291884375,704,2:43:38
20.1%,10050000,-528790.6696855286,404.1197455817716,704,2:43:36
20.1%,10055000,-528272.0984899364,401.3889078998516,704,2:43:35
20.1%,10060000,-527962.0419259178,400.53766921461084,704,2:43:34
20.1%,10065000,-527305.9873405918,400.91482543083873,704,2:43:33
20.1%,10070000,-528556.7564212587,398.6425168784566,704,2:43:32
20.1%,10075000,-527673.6552869547,403.08520318587296,704,2:43:30
20.1%,10080000,-527201.7406201893,402.408510258305,704,2:43:29
20.1%,10085000,-527435.3198557692,399.24470587544795,704,2:43:28
20.2%,10090000,-527665.3079489768,400.2611190633466,704,2:43:27
20.2%,10095000,-528419.599233829,401.0998218550988,704,2:43:25
20.2%,10100000,-527119.7339545041,399.665848113251,704,2:43:24
20.2%,10105000,-527599.4520550775,400.52378405665684,704,2:43:23
20.2%,10110000,-526654.873988369,398.76446585405625,704,2:43:22
20.2%,10115000,-527698.119927601,399.70976053858266,704,2:43:20
20.2%,10120000,-527822.7735507987,398.94266689182643,704,2:43:19
20.2%,10125000,-528770.9493431649,398.0260011460498,704,2:43:18
20.2%,10130000,-526645.401362286,396.36608693643444,704,2:43:17
20.2%,10135000,-528403.65485152,399.991462426897,704,2:43:15
20.3%,10140000,-528270.254295317,403.6971068870159,704,2:43:14
20.3%,10145000,-527853.0754796243,401.4352244691399,704,2:43:13
20.3%,10150000,-529053.6880910392,403.81920305510266,704,2:43:12
20.3%,10155000,-528444.0517230746,396.72084536253504,704,2:43:11
20.3%,10160000,-529730.9135928638,404.35248143602905,704,2:43:09
20.3%,10165000,-528409.7543055513,397.2778953301353,704,2:43:08
20.3%,10170000,-529047.636079507,399.1275161235994,704,2:43:07
20.3%,10175000,-528063.5134670567,399.0608624590039,704,2:43:06
20.3%,10180000,-529361.3785211048,401.3142813088691,704,2:43:04
20.3%,10185000,-526791.9854511335,396.73718372860816,704,2:43:03
20.4%,10190000,-527951.9065557341,400.1022983697172,704,2:43:02
20.4%,10195000,-530057.8333002855,400.69234398651906,704,2:43:00
20.4%,10200000,-526657.5797663955,400.06135432620965,704,2:42:59
20.4%,10205000,-527243.2428932367,400.16436453512995,704,2:42:58
20.4%,10210000,-527270.6950054071,404.3826558958937,704,2:42:57
20.4%,10215000,-528640.4006788558,398.5288352142183,704,2:42:56
20.4%,10220000,-528897.7265545521,404.07826183247784,704,2:42:55
20.4%,10225000,-527095.8122666408,398.5531955708408,704,2:42:53
20.4%,10230000,-528156.314231867,398.5877858053198,704,2:42:52
20.4%,10235000,-527697.5848219832,402.56190936199124,704,2:42:51
20.5%,10240000,-528065.7655063202,403.3590057440438,704,2:42:50
20.5%,10245000,-528568.3875172143,400.40350326257817,704,2:42:49
20.5%,10250000,-526443.7007017243,400.27115268455367,704,2:42:47
20.5%,10255000,-526950.0844030688,403.01160694230043,704,2:42:46
20.5%,10260000,-527564.1944934991,398.97401889158834,704,2:42:45
20.5%,10265000,-526720.8165772827,401.1684135541084,704,2:42:44
20.5%,10270000,-527390.0609985269,399.1852401106414,704,2:42:43
20.5%,10275000,-528796.4464559136,402.414299829466,704,2:42:41
20.5%,10280000,-528352.6235223874,400.11176775305677,704,2:42:40
20.5%,10285000,-528223.6413871157,396.19605508170076,704,2:42:39
20.6%,10290000,-529570.5650668135,397.9077074505476,704,2:42:38
20.6%,10295000,-528556.7865071278,399.2903110143817,704,2:42:36
20.6%,10300000,-529130.8408945636,398.83251784727963,704,2:42:35
20.6%,10305000,-527056.7266362971,401.3094239567933,704,2:42:34
20.6%,10310000,-527823.6638233401,401.4089260781033,704,2:42:33
20.6%,10315000,-528745.102297009,401.8429476585315,704,2:42:32
20.6%,10320000,-527048.3353591636,399.5718902422901,704,2:42:31
20.6%,10325000,-526842.3680560971,397.2537802943247,704,2:42:29
20.6%,10330000,-526814.4837080417,399.3781113329637,704,2:42:28
20.6%,10335000,-526660.5179405408,399.58727185719675,704,2:42:27
20.7%,10340000,-527019.7220952562,398.9442369450227,704,2:42:26
20.7%,10345000,-527866.0562056988,401.153326324176,704,2:42:24
20.7%,10350000,-527738.0329261646,401.09893870017595,704,2:42:23
20.7%,10355000,-527938.1955857556,399.53685843034964,704,2:42:22
20.7%,10360000,-528016.8341775732,399.09824935073874,704,2:42:21
20.7%,10365000,-527220.2661546557,403.56392221823086,704,2:42:20
20.7%,10370000,-529130.26491461,402.58676036023763,704,2:42:19
20.7%,10375000,-529001.3458691407,404.5993477690524,704,2:42:17
20.7%,10380000,-530047.4985005441,400.4420922262914,704,2:42:16
20.7%,10385000,-527265.35833087,400.4149352124131,704,2:42:15
20.8%,10390000,-526855.399099105,397.2276781599377,704,2:42:14
20.8%,10395000,-529953.1023723427,403.16100731675266,704,2:42:12
20.8%,10400000,-528473.8521200372,398.8900946418345,704,2:42:11
20.8%,10405000,-527708.9975220258,398.9862113359402,704,2:42:10
20.8%,10410000,-528771.7586314213,402.640804535101,704,2:42:09
20.8%,10415000,-526723.5601704991,399.14466404835173,704,2:42:08
20.8%,10420000,-527328.8680883367,400.1930180059609,704,2:42:06
20.8%,10425000,-527485.4874295732,401.1045565467686,704,2:42:05
20.8%,10430000,-528377.0608862829,402.03235985740594,704,2:42:04
20.8%,10435000,-527973.6556204767,404.41049980804536,704,2:42:03
20.9%,10440000,-526689.1964239767,400.46731120575555,704,2:42:01
20.9%,10445000,-527754.8415758563,402.0699675378715,704,2:42:00
20.9%,10450000,-526847.8649729923,400.4021785301939,704,2:41:59
20.9%,10455000,-529950.723719243,399.35348112344815,704,2:41:58
20.9%,10460000,-528707.6547601651,400.08458620709735,704,2:41:57
20.9%,10465000,-527549.7334731366,402.7314996392635,704,2:41:55
20.9%,10470000,-528884.965323688,399.9798342204125,704,2:41:54
20.9%,10475000,-528874.6695880909,398.67242148542823,704,2:41:53
20.9%,10480000,-528260.9263848667,401.69727616042036,704,2:41:51
20.9%,10485000,-527197.6701267813,399.1422599043951,704,2:41:50
21.0%,10490000,-528821.5994783472,399.2026088241245,704,2:41:49
21.0%,10495000,-526281.0653497986,402.60285340549876,704,2:41:48
21.0%,10500000,-528131.8304264704,400.4979763072441,704,2:41:46
21.0%,10505000,-527521.7692597518,400.14554842885656,704,2:41:45
21.0%,10510000,-528137.8840093473,398.3805878475821,704,2:41:44
21.0%,10515000,-527287.2752838777,402.4515395287137,704,2:41:43
21.0%,10520000,-527725.0239026686,399.4892661928394,704,2:41:42
21.0%,10525000,-527149.9218812557,400.0483768552597,704,2:41:40
21.0%,10530000,-527894.9200471193,400.46365592565814,704,2:41:39
21.0%,10535000,-525870.6991447834,402.9985558751069,704,2:41:38
21.1%,10540000,-527251.3361951201,401.9056516580553,704,2:41:37
21.1%,10545000,-527498.7526475247,399.93113803924865,704,2:41:35
21.1%,10550000,-527002.3168243137,403.02156696726394,704,2:41:34
21.1%,10555000,-529093.0181473307,402.29946515741176,704,2:41:33
21.1%,10560000,-527039.8550040065,400.64524239063263,704,2:41:32
21.1%,10565000,-527290.2084118677,399.26222178141825,704,2:41:31
21.1%,10570000,-528067.2313970523,398.736033171956,704,2:41:29
21.1%,10575000,-526990.8853848069,399.81443892902394,704,2:41:28
21.1%,10580000,-527473.3155549932,397.47049669956453,704,2:41:27
21.1%,10585000,-528023.9016206875,401.1952025867688,704,2:41:26
21.2%,10590000,-526718.8909756998,396.26292953502696,704,2:41:24
21.2%,10595000,-528067.6985935085,403.6230935980631,704,2:41:23
21.2%,10600000,-528184.5211844775,399.4778097109233,704,2:41:22
21.2%,10605000,-526696.8424016349,400.95635824429485,704,2:41:21
21.2%,10610000,-528390.553197416,402.1294823668405,704,2:41:20
21.2%,10615000,-527928.8539656862,399.4704010224037,704,2:41:18
21.2%,10620000,-527670.5730408989,400.14586734591205,704,2:41:17
21.2%,10625000,-529844.5577743007,397.3894672353912,704,2:41:16
21.2%,10630000,-527433.382134689,400.53428378740654,704,2:41:15
21.2%,10635000,-529357.5475844727,402.00956955397965,704,2:41:13
21.3%,10640000,-527438.8862512554,402.03132950999594,704,2:41:12
21.3%,10645000,-528432.5985717955,404.1697664953197,704,2:41:11
21.3%,10650000,-528829.8422285393,403.7391794062582,704,2:41:09
21.3%,10655000,-528628.2667621681,400.4961364011548,704,2:41:08
21.3%,10660000,-526869.5426552803,401.24681808559427,704,2:41:07
21.3%,10665000,-527694.8709901408,400.2656084342045,704,2:41:06
21.3%,10670000,-527348.6249020677,399.34001301087443,704,2:41:05
21.3%,10675000,-528367.9568113121,400.1537176118931,704,2:41:03
21.3%,10680000,-527465.8114736765,399.72146234131066,704,2:41:02
21.3%,10685000,-527188.8775527356,400.2810145811924,704,2:41:01
21.4%,10690000,-527777.0569782048,401.6473288431158,704,2:41:00
21.4%,10695000,-527674.6186790466,399.9042754103447,704,2:40:58
21.4%,10700000,-528879.7186538354,400.7072104277207,704,2:40:57
21.4%,10705000,-528580.8462697137,398.6530411412875,704,2:40:56
21.4%,10710000,-527844.0610872889,401.6209323237545,704,2:40:55
21.4%,10715000,-527724.8524235962,401.5548183649452,704,2:40:54
21.4%,10720000,-527391.3528026864,400.6498544218965,704,2:40:52
21.4%,10725000,-529322.9301430928,403.00297164972125,704,2:40:51
21.4%,10730000,-529340.1932462715,398.54456027826166,704,2:40:50
21.4%,10735000,-529567.7171321404,400.1170421505129,704,2:40:49
21.5%,10740000,-529625.816673602,398.90645753998876,704,2:40:47
21.5%,10745000,-527599.8745892486,402.8413052346737,704,2:40:46
21.5%,10750000,-528079.3524744846,401.65159742524304,704,2:40:45
21.5%,10755000,-529287.7011455931,403.41133267322385,704,2:40:44
21.5%,10760000,-529951.6906404039,402.4958444673444,704,2:40:43
21.5%,10765000,-527521.015317353,399.84299427153,704,2:40:41
21.5%,10770000,-529419.8325646752,401.81105595298345,704,2:40:40
21.5%,10775000,-528874.5841587726,399.83006586474244,704,2:40:39
21.5%,10780000,-526835.9788534106,401.18428581063887,704,2:40:38
21.5%,10785000,-526673.3872736334,400.22034674440744,704,2:40:36
21.6%,10790000,-526977.3790552728,404.67645210023517,704,2:40:35
21.6%,10795000,-527042.7713595508,400.4658147488029,704,2:40:34
21.6%,10800000,-527085.8302553222,399.2647731178621,704,2:40:33
21.6%,10805000,-527886.4062558147,399.8781732759577,704,2:40:32
21.6%,10810000,-528180.5685420455,403.2801351030153,704,2:40:30
21.6%,10815000,-526699.541056985,402.23305681362814,704,2:40:29
21.6%,10820000,-529045.3527646535,403.1013698273777,704,2:40:28
21.6%,10825000,-528356.6984101608,400.5330326512658,704,2:40:27
21.6%,10830000,-527039.2165472386,400.8474358038075,704,2:40:25
21.6%,10835000,-527616.818395854,398.7791360386084,704,2:40:24
21.7%,10840000,-528664.7499936908,392.89783942599917,704,2:40:23
21.7%,10845000,-527047.00716194,399.5753983299004,704,2:40:22
21.7%,10850000,-527299.4771067239,400.7379491254529,704,2:40:20
21.7%,10855000,-528356.5456010136,399.96106717830156,704,2:40:19
21.7%,10860000,-526888.01282452,398.89750333035414,704,2:40:18
21.7%,10865000,-528229.9457729775,399.3227914898784,704,2:40:17
21.7%,10870000,-528534.2025063867,402.1991534774224,704,2:40:16
21.7%,10875000,-528240.7496799398,403.96036065027477,704,2:40:14
21.7%,10880000,-526285.974378753,396.9576535422702,704,2:40:13
21.7%,10885000,-528808.1504584271,399.03112957660056,704,2:40:12
21.8%,10890000,-528878.5727112829,401.07131557675507,704,2:40:11
21.8%,10895000,-525984.1726057818,398.487400529087,704,2:40:09
21.8%,10900000,-526347.2249494982,398.39354078645084,704,2:40:08
21.8%,10905000,-528505.1104855412,403.78081034803904,704,2:40:07
21.8%,10910000,-528641.1009537554,401.0685189194993,704,2:40:06
21.8%,10915000,-528396.9761207462,398.85010734949344,704,2:40:04
21.8%,10920000,-528745.5396820954,401.0835080211069,704,2:40:03
21.8%,10925000,-528708.234282589,401.2810158067743,704,2:40:02
21.8%,10930000,-528070.3201519246,399.8487838426911,704,2:40:01
21.8%,10935000,-525512.1414618902,401.9433574668456,704,2:39:59
21.9%,10940000,-528558.3730154983,397.2667332331935,704,2:39:58
21.9%,10945000,-530070.8073106576,400.851998770909,704,2:39:57
21.9%,10950000,-527234.8363493974,402.3955818515174,704,2:39:56
21.9%,10955000,-529154.5143613601,396.34297771595266,704,2:39:54
21.9%,10960000,-529395.1559908828,398.425702344892,704,2:39:53
21.9%,10965000,-529431.2859938759,399.4117693483576,704,2:39:52
21.9%,10970000,-528092.2000311492,398.2763019704398,704,2:39:51
21.9%,10975000,-529538.181634895,400.49755926186384,704,2:39:49
21.9%,10980000,-527576.262876912,398.8047229992904,704,2:39:48
21.9%,10985000,-529044.7853861698,402.2587173705538,704,2:39:47
22.0%,10990000,-529275.8568136403,398.62301387390994,704,2:39:46
22.0%,10995000,-527223.4433826553,402.8756256162597,704,2:39:44
22.0%,11000000,-529851.7117296355,395.52996001320724,704,2:39:43
22.0%,11005000,-529738.9804714639,399.42805865026827,704,2:39:42
22.0%,11010000,-528675.3082929379,400.43225486173384,704,2:39:41
22.0%,11015000,-527845.1795301354,396.25556991066975,704,2:39:40
22.0%,11020000,-527237.0963033596,399.55528202332397,704,2:39:38
22.0%,11025000,-527272.5772528076,397.75524056594656,704,2:39:37
22.0%,11030000,-526301.0884355092,401.8242296805829,704,2:39:36
22.0%,11035000,-527690.3866060255,400.03191582878065,704,2:39:35
22.1%,11040000,-526833.983358027,399.3132975744575,704,2:39:33
22.1%,11045000,-527802.2914902847,396.7753556469411,704,2:39:32
22.1%,11050000,-527253.6851517465,401.12150821487154,704,2:39:31
22.1%,11055000,-527510.377502914,399.47074447154034,704,2:39:30
22.1%,11060000,-529200.4830424068,398.50658461657815,704,2:39:29
22.1%,11065000,-527023.8918728284,402.2087209890868,704,2:39:27
22.1%,11070000,-527556.2388422275,402.39442884370146,704,2:39:26
22.1%,11075000,-526873.9929502541,398.7714574971956,704,2:39:25
22.1%,11080000,-528231.5011346368,399.5881059479573,704,2:39:24
22.1%,11085000,-530954.2069442016,400.09258366556554,704,2:39:22
22.2%,11090000,-527339.9898453578,401.45107219358914,704,2:39:21
22.2%,11095000,-526720.3449312984,402.30370920745776,704,2:39:20
22.2%,11100000,-528307.0102943988,397.12996688055455,704,2:39:18
22.2%,11105000,-528777.6528064613,402.7982023680214,704,2:39:17
22.2%,11110000,-527090.1949429549,401.4341450575675,704,2:39:16
22.2%,11115000,-528034.5120970914,400.876555384181,704,2:39:15
22.2%,11120000,-526488.7330345856,402.4733730809736,704,2:39:14
22.2%,11125000,-526520.4183974494,401.14765941342097,704,2:39:12
22.2%,11130000,-527022.2472997471,400.81036782912815,704,2:39:11
22.2%,11135000,-527442.4338758937,399.39459689152403,704,2:39:10
22.3%,11140000,-528400.7246434554,398.55547705439153,704,2:39:09
22.3%,11145000,-526264.7012499133,400.04442719018795,704,2:39:07
22.3%,11150000,-529977.575015239,399.9671266023557,704,2:39:06
22.3%,11155000,-527927.5823746212,403.3491929115675,704,2:39:05
22.3%,11160000,-528436.2767747412,402.9831987922814,704,2:39:04
22.3%,11165000,-528795.5399289695,398.874467706116,704,2:39:03
22.3%,11170000,-528207.6527702459,402.14763610692165,704,2:39:01
22.3%,11175000,-528840.5923351264,402.36430344799913,704,2:39:00
22.3%,11180000,-529040.842553244,401.96796314428,704,2:38:59
22.3%,11185000,-525525.9306062614,404.0859158418094,704,2:38:58
22.4%,11190000,-528127.5204715226,398.87250513962067,704,2:38:56
22.4%,11195000,-528353.2854696512,400.25699767370656,704,2:38:55
22.4%,11200000,-528089.1085413559,401.54257685643097,704,2:38:54
22.4%,11205000,-528722.4583067866,398.92475847255713,704,2:38:53
22.4%,11210000,-528249.0024878029,400.3979590122291,704,2:38:52
22.4%,11215000,-528229.3862504102,403.9450280995305,704,2:38:50
22.4%,11220000,-527947.5086522852,404.6652164070498,704,2:38:49
22.4%,11225000,-528524.8161200006,402.70706568639747,704,2:38:48
22.4%,11230000,-528241.0031116372,402.06903531878623,704,2:38:47
22.4%,11235000,-529307.7595692603,403.62660168567345,704,2:38:45
22.5%,11240000,-528154.3903646851,404.99868098667673,704,2:38:44
22.5%,11245000,-528335.7423616895,401.6367800482037,704,2:38:43
22.5%,11250000,-529488.7936462797,397.3109400434994,704,2:38:42
22.5%,11255000,-528055.3740423364,392.09777466212256,704,2:38:41
22.5%,11260000,-527041.1905493862,403.4234024571698,704,2:38:39
22.5%,11265000,-528623.7198599912,397.3068677180217,704,2:38:38
22.5%,11270000,-529202.7307137162,401.5969399483498,704,2:38:37
22.5%,11275000,-527598.3553418503,400.57304447568805,704,2:38:35
22.5%,11280000,-527312.0514036915,407.6191978994816,704,2:38:34
22.5%,11285000,-527455.7229926027,401.9369055294924,704,2:38:33
22.6%,11290000,-528416.0138838599,398.90922966516337,704,2:38:32
22.6%,11295000,-529766.4841486588,400.1431197528187,704,2:38:30
22.6%,11300000,-528505.6592385499,403.6344764837357,704,2:38:29
22.6%,11305000,-528479.2459079432,398.4859531362967,704,2:38:28
22.6%,11310000,-528011.8796394705,400.9472323100918,704,2:38:27
22.6%,11315000,-528060.0546706165,399.4103464876485,704,2:38:26
22.6%,11320000,-529987.4522530665,399.4149585189124,704,2:38:25
22.6%,11325000,-529017.7407876006,398.4581092241451,704,2:38:23
22.6%,11330000,-525933.3118300354,398.72695630191544,704,2:38:22
22.6%,11335000,-528283.3973707603,400.99909312972926,704,2:38:21
22.7%,11340000,-526433.8446108405,400.49947276419675,704,2:38:20
22.7%,11345000,-529426.2690387149,399.8764560302743,704,2:38:18
22.7%,11350000,-527719.5177197475,396.704899509761,704,2:38:17
22.7%,11355000,-528071.4653697512,399.9150695260687,704,2:38:16
22.7%,11360000,-528530.7887576581,402.2048939844211,704,2:38:15
22.7%,11365000,-528054.692019959,398.8395340225002,704,2:38:14
22.7%,11370000,-528161.2850594302,400.8807503700647,704,2:38:12
22.7%,11375000,-528837.1225745324,399.5867566834918,704,2:38:11
22.7%,11380000,-528356.6405153768,400.021293437625,704,2:38:10
22.7%,11385000,-527146.4095317214,396.7482722293064,704,2:38:09
22.8%,11390000,-527665.5458205706,398.8591106232905,704,2:38:07
22.8%,11395000,-529017.9676450337,401.30468926512344,704,2:38:06
22.8%,11400000,-528769.7842622735,402.1052937347863,704,2:38:05
22.8%,11405000,-528836.7895343401,400.3675392315524,704,2:38:04
22.8%,11410000,-528049.6256074412,403.06425278853595,704,2:38:03
22.8%,11415000,-527950.3488086951,401.57250599548377,704,2:38:01
22.8%,11420000,-529076.1991999657,401.8576669072461,704,2:38:00
22.8%,11425000,-528121.8274564198,400.53499521776104,704,2:37:59
22.8%,11430000,-530534.6841772133,404.3170816428707,704,2:37:57
22.8%,11435000,-527595.2087808629,403.1257792481626,704,2:37:56
22.9%,11440000,-526383.2370133973,400.3776955131654,704,2:37:55
22.9%,11445000,-527333.8798408066,401.1698854789798,704,2:37:54
22.9%,11450000,-527664.5182441501,404.50040988560977,704,2:37:52
22.9%,11455000,-528491.0876346161,397.50184869932644,704,2:37:51
22.9%,11460000,-530015.5436975094,398.29119294372265,704,2:37:50
22.9%,11465000,-527918.7536143363,399.4001656739543,704,2:37:49
22.9%,11470000,-528674.0137946908,402.9700741288444,704,2:37:48
22.9%,11475000,-526840.6329318029,397.0596334037805,704,2:37:46
22.9%,11480000,-528380.2075694711,401.1126276014804,704,2:37:45
22.9%,11485000,-529955.2562395972,401.2272660168852,704,2:37:44
23.0%,11490000,-527138.1549618077,401.1964782549907,704,2:37:43
23.0%,11495000,-528706.0676895594,400.5972576398234,704,2:37:41
23.0%,11500000,-529471.1119232825,400.16034127381465,704,2:37:40
23.0%,11505000,-528114.7504172665,399.75198025031204,704,2:37:39
23.0%,11510000,-526720.8621492288,397.3290447194182,704,2:37:38
23.0%,11515000,-528948.869192516,402.58940982500616,704,2:37:36
23.0%,11520000,-528159.671435711,400.45619817297614,704,2:37:35
23.0%,11525000,-526035.569130193,400.94291466380224,704,2:37:34
23.0%,11530000,-527001.7377885021,399.0504117924166,704,2:37:33
23.0%,11535000,-528101.6018921514,400.80210051776686,704,2:37:31
23.1%,11540000,-528992.1500786487,403.42600285777604,704,2:37:30
23.1%,11545000,-528284.6462975536,399.5570973973321,704,2:37:29
23.1%,11550000,-527976.071356894,397.935919343917,704,2:37:28
23.1%,11555000,-527675.0177911469,399.63734183490726,704,2:37:27
23.1%,11560000,-528261.0642758878,399.1733420512639,704,2:37:25
23.1%,11565000,-526370.5073089176,403.85749763384155,704,2:37:24
23.1%,11570000,-529943.1448831209,403.1893173384468,704,2:37:23
23.1%,11575000,-527909.8015246014,400.0737920913734,704,2:37:22
23.1%,11580000,-529243.8979866598,399.26222178141825,704,2:37:20
23.1%,11585000,-525382.7354659685,404.39649198968533,704,2:37:19
23.2%,11590000,-525337.976751159,401.2868544420977,704,2:37:18
23.2%,11595000,-528661.400895929,401.43095588701266,704,2:37:16
23.2%,11600000,-527826.6359165898,400.5844028292794,704,2:37:15
23.2%,11605000,-527808.484967575,403.034568970295,704,2:37:14
23.2%,11610000,-527419.5377782988,401.4503852953158,704,2:37:13
23.2%,11615000,-528249.5869811899,400.93879327416215,704,2:37:12
23.2%,11620000,-529360.718404064,400.7573049375124,704,2:37:10
23.2%,11625000,-527524.5610662261,401.45843181794646,704,2:37:09
23.2%,11630000,-528792.9215045846,399.4277152011316,704,2:37:08
23.2%,11635000,-529312.8734166287,404.3111203471413,704,2:37:07
23.3%,11640000,-527320.4780903575,399.408089536179,704,2:37:05
23.3%,11645000,-527541.1507354276,401.0019633832286,704,2:37:04
23.3%,11650000,-528191.4449925553,402.1245759506023,704,2:37:03
23.3%,11655000,-527251.7116279379,399.32168754622484,704,2:37:02
23.3%,11660000,-528901.2575312764,401.50695627454184,704,2:37:00
23.3%,11665000,-528155.8869559774,398.7225650593823,704,2:36:59
23.3%,11670000,-527323.4607800548,399.36474134871474,704,2:36:58
23.3%,11675000,-527953.6899359738,395.8164456573538,704,2:36:57
23.3%,11680000,-526349.4819912384,398.42037888327366,704,2:36:55
23.3%,11685000,-527673.7963078227,398.6781619924269,704,2:36:54
23.4%,11690000,-527690.6111497022,400.6645000743675,704,2:36:53
23.4%,11695000,-528751.1699806829,400.9995101751095,704,2:36:52
23.4%,11700000,-528925.9221352781,402.60594444772886,704,2:36:50
23.4%,11705000,-528542.0987104923,400.4903958941561,704,2:36:49
23.4%,11710000,-527510.5921480628,404.3595957395744,704,2:36:48
23.4%,11715000,-529202.0006331047,399.30184109254145,704,2:36:47
23.4%,11720000,-528703.8845320814,402.7307636768278,704,2:36:45
23.4%,11725000,-526903.5008394555,399.5176988749396,704,2:36:44
23.4%,11730000,-528355.3890172164,402.52361478325236,704,2:36:43
23.4%,11735000,-528550.1199450325,398.66957576401006,704,2:36:42
23.5%,11740000,-529096.005364948,399.51514753849574,704,2:36:40
23.5%,11745000,-528918.4132301076,402.0748248899473,704,2:36:39
23.5%,11750000,-527636.1907994435,400.11858767162784,704,2:36:38
23.5%,11755000,-527042.8138303282,404.1921642854469,704,2:36:37
23.5%,11760000,-527551.4587665815,402.4858599102997,704,2:36:36
23.5%,11765000,-528523.3928438444,399.1575679230582,704,2:36:34
23.5%,11770000,-528278.3607463976,401.0246064941677,704,2:36:33
23.5%,11775000,-528213.7751572873,400.1164288484831,704,2:36:32
23.5%,11780000,-527963.9622327886,399.4255563779868,704,2:36:31
23.5%,11785000,-529415.033031051,402.4223463520966,704,2:36:29
23.6%,11790000,-527812.5823223093,400.863823234043,704,2:36:28
23.6%,11795000,-527588.4846127718,400.78654717829187,704,2:36:27
23.6%,11800000,-527997.2981290235,395.5606251146958,704,2:36:26
23.6%,11805000,-528469.7278375118,400.473027180673,704,2:36:25
23.6%,11810000,-528665.7171045323,396.70860385402085,704,2:36:23
23.6%,11815000,-528203.2385601695,399.9453911784206,704,2:36:22
23.6%,11820000,-527786.3920778637,402.3909207560912,704,2:36:21
23.6%,11825000,-528353.4818131807,402.3928097263429,704,2:36:19
23.6%,11830000,-527653.8910412961,400.33491156356865,704,2:36:18
23.6%,11835000,-529149.272245422,403.49228854115364,704,2:36:17
23.7%,11840000,-526748.4810879854,401.1459421677376,704,2:36:16
23.7%,11845000,-530002.9035636871,403.8500644132407,704,2:36:15
23.7%,11850000,-528904.5513754976,399.7383158810888,704,2:36:13
23.7%,11855000,-528496.6169896633,402.55467239804,704,2:36:12
23.7%,11860000,-528704.0510182395,399.69847578123483,704,2:36:11
23.7%,11865000,-526940.4677781723,401.17111208303936,704,2:36:10
23.7%,11870000,-527878.0634644749,401.5581792600683,704,2:36:08
23.7%,11875000,-527671.6303138887,400.2766233386592,704,2:36:07
23.7%,11880000,-529577.170458172,404.5734418913148,704,2:36:06
23.7%,11885000,-528009.6281741722,400.59043772125233,704,2:36:05
23.8%,11890000,-528697.9607572542,400.7554895635043,704,2:36:03
23.8%,11895000,-527999.5636713267,398.05252032581706,704,2:36:02
23.8%,11900000,-528642.3689389704,399.0699393290445,704,2:36:01
23.8%,11905000,-528869.4983578953,399.95110715333806,704,2:36:00
23.8%,11910000,-528143.5152590196,402.3524299207028,704,2:35:58
23.8%,11915000,-526556.9917104044,399.5091126465228,704,2:35:57
23.8%,11920000,-526535.9381411145,401.6461513032187,704,2:35:56
23.8%,11925000,-527894.061232083,401.0151616429092,704,2:35:55
23.8%,11930000,-529494.3338538203,399.0269591227982,704,2:35:53
23.8%,11935000,-528221.2939831475,396.4118883320177,704,2:35:52
23.9%,11940000,-528772.7485288768,401.3190405326201,704,2:35:51
23.9%,11945000,-527694.2851566197,399.3166830016619,704,2:35:50
23.9%,11950000,-528431.8764608176,396.74684936859734,704,2:35:48
23.9%,11955000,-529976.5728966575,398.1779037927834,704,2:35:47
23.9%,11960000,-527385.1428366676,400.95572041018386,704,2:35:46
23.9%,11965000,-528752.8625098844,400.6504431918451,704,2:35:45
23.9%,11970000,-528148.7005206719,400.677035967856,704,2:35:44
23.9%,11975000,-527703.0739649218,401.4031119748611,704,2:35:42
23.9%,11980000,-528390.887335659,399.56352480260404,704,2:35:41
23.9%,11985000,-529159.7210845221,399.38211006219785,704,2:35:40
24.0%,11990000,-528333.6513991496,399.51642320671766,704,2:35:39
24.0%,11995000,-528105.390867881,399.851727692434,704,2:35:37
24.0%,12000000,-529218.4225545241,397.89009341625257,704,2:35:36
24.0%,12005000,-527150.807176244,402.4152565806325,704,2:35:35
24.0%,12010000,-528438.9457832761,401.45107219358914,704,2:35:34
24.0%,12015000,-526945.9432960502,399.8689982775923,704,2:35:33
24.0%,12020000,-528903.978053492,399.2216457191286,704,2:35:31
24.0%,12025000,-528982.3140600664,402.773989203886,704,2:35:30
24.0%,12030000,-529301.3120660884,400.16941814385524,704,2:35:29
24.0%,12035000,-529071.0469112103,401.7726387138386,704,2:35:28
24.1%,12040000,-528994.6480719475,400.246252622145,704,2:35:26
24.1%,12045000,-528741.3047383544,398.65787396128206,704,2:35:25
24.1%,12050000,-527545.9526931569,400.582808244002,704,2:35:24
24.1%,12055000,-526239.9368646094,400.7077746655881,704,2:35:23
24.1%,12060000,-529543.5419219155,401.2798382668771,704,2:35:21
24.1%,12065000,-528583.3658984429,399.8374254890997,704,2:35:20
24.1%,12070000,-528971.2830558876,401.02644640025704,704,2:35:19
24.1%,12075000,-529526.5926448121,403.30385762552686,704,2:35:18
24.1%,12080000,-528013.526336859,393.3278868092745,704,2:35:16
24.1%,12085000,-528718.3201024984,402.2351665726105,704,2:35:15
24.2%,12090000,-528494.6521637235,399.68338855130247,704,2:35:14
24.2%,12095000,-528626.3772249422,401.25057149401647,704,2:35:13
24.2%,12100000,-527298.5535924528,401.77519005028245,704,2:35:11
24.2%,12105000,-527288.7755772248,403.3036859009585,704,2:35:10
24.2%,12110000,-526704.105995072,399.58418081496677,704,2:35:09
24.2%,12115000,-527514.5743054831,400.7881172314881,704,2:35:08
24.2%,12120000,-527687.1480165063,401.2526321888365,704,2:35:07
24.2%,12125000,-528627.6174914441,399.10646759793764,704,2:35:05
24.2%,12130000,-528841.1414056891,402.7847587875288,704,2:35:04
24.2%,12135000,-528227.6259119683,397.21943538065756,704,2:35:03
24.3%,12140000,-529647.0639593736,402.6613869512201,704,2:35:02
24.3%,12145000,-528791.8211494023,399.0396422087738,704,2:35:00
24.3%,12150000,-527397.1296587284,401.62843914059886,704,2:34:59
24.3%,12155000,-529086.2468826654,401.8157170484097,704,2:34:58
24.3%,12160000,-528131.7538137743,399.5385511439518,704,2:34:57
24.3%,12165000,-528501.0238609347,400.513652307125,704,2:34:56
24.3%,12170000,-528943.8903937736,399.74658319245003,704,2:34:54
24.3%,12175000,-526721.1776084113,397.2177917312178,704,2:34:53
24.3%,12180000,-528328.7829657192,399.26786416009213,704,2:34:52
24.3%,12185000,-527218.6642435822,398.4555088235389,704,2:34:51
24.4%,12190000,-529689.57265017,398.092875599376,704,2:34:49
24.4%,12195000,-527644.1661027684,401.72870175642583,704,2:34:48
24.4%,12200000,-528510.5788983996,401.84812392766275,704,2:34:47
24.4%,12205000,-530244.2571641942,402.8508236821757,704,2:34:46
24.4%,12210000,-528437.452022742,399.00794675987527,704,2:34:44
24.4%,12215000,-528712.6388778863,403.24549580437383,704,2:34:43
24.4%,12220000,-528295.0862578796,403.1223938209583,704,2:34:42
24.4%,12225000,-528914.9180685827,398.1194193112245,704,2:34:41
24.4%,12230000,-527658.4682064597,401.04621925769686,704,2:34:39
24.4%,12235000,-527443.057321249,402.26342753014245,704,2:34:38
24.5%,12240000,-527746.2452308415,405.71401194212024,704,2:34:37
24.5%,12245000,-528256.1257783915,400.1363979625724,704,2:34:36
24.5%,12250000,-527927.9360974422,401.713172949032,704,2:34:34
24.5%,12255000,-527886.5449019223,401.6640106583256,704,2:34:33
24.5%,12260000,-529036.604292925,398.9771099338184,704,2:34:32
24.5%,12265000,-529504.6939330772,400.59554039414,704,2:34:31
24.5%,12270000,-528060.8024950302,400.70522332914425,704,2:34:30
24.5%,12275000,-527786.2601552987,400.4891447580154,704,2:34:28
24.5%,12280000,-529447.3724411735,402.3955818515174,704,2:34:27
24.5%,12285000,-526953.0287795388,401.1118425748823,704,2:34:26
24.6%,12290000,-528991.7563085011,397.6229390520844,704,2:34:25
24.6%,12295000,-527890.648303296,401.29428766269854,704,2:34:23
24.6%,12300000,-527721.4821936823,404.9531249119054,704,2:34:22
24.6%,12305000,-526798.0435088365,403.34681329969203,704,2:34:21
24.6%,12310000,-528962.922718049,400.95316907374,704,2:34:20
24.6%,12315000,-525941.9392871815,402.8197660673881,704,2:34:19
24.6%,12320000,-528560.6787893828,397.29945902950203,704,2:34:17
24.6%,12325000,-529060.0463962709,401.5860477043011,704,2:34:16
24.6%,12330000,-528761.3260659333,399.92107988596047,704,2:34:15
24.6%,12335000,-526933.6758977701,400.7511228530523,704,2:34:14
24.7%,12340000,-526623.5276680975,400.54098104557164,704,2:34:12
24.7%,12345000,-529840.256449576,401.16424310030595,704,2:34:11
24.7%,12350000,-528673.930121249,402.0845395940988,704,2:34:10
24.7%,12355000,-527191.0430129031,401.06552600559405,704,2:34:09
24.7%,12360000,-528720.2686331253,399.9738483926019,704,2:34:08
24.7%,12365000,-528824.7466262695,398.24620110681866,704,2:34:06
24.7%,12370000,-528173.5395309995,399.87204025565995,704,2:34:05
24.7%,12375000,-526224.7140841912,397.80764109137016,704,2:34:04
24.7%,12380000,-528917.7061434491,404.1194266647161,704,2:34:03
24.7%,12385000,-530527.8478081655,400.7054686499562,704,2:34:01
24.8%,12390000,-528107.136727253,399.7879933455002,704,2:34:00
24.8%,12395000,-528607.0168452198,399.53835488730226,704,2:33:59
24.8%,12400000,-528894.135734851,398.01535422281296,704,2:33:58
24.8%,12405000,-528464.6296808701,399.04194822440576,704,2:33:56
24.8%,12410000,-527520.0469674533,403.4733252423931,704,2:33:55
24.8%,12415000,-528229.4543117448,400.2859700615929,704,2:33:54
24.8%,12420000,-527290.5345629994,397.2978644442247,704,2:33:53
24.8%,12425000,-528692.9500744906,401.7686645166857,704,2:33:51
24.8%,12430000,-528579.8718655459,397.82591749185735,704,2:33:50
24.8%,12435000,-527418.7503918251,396.7770728926244,704,2:33:49
24.9%,12440000,-530511.2868638118,402.2353628292601,704,2:33:48
24.9%,12445000,-529091.2248476422,400.17118445370096,704,2:33:46
24.9%,12450000,-527313.1943923715,401.02328176178344,704,2:33:45
24.9%,12455000,-528355.2340271748,399.24887632925044,704,2:33:44
24.9%,12460000,-529479.6764671104,400.56041045387474,704,2:33:43
24.9%,12465000,-528526.3456363524,398.99752062536913,704,2:33:42
24.9%,12470000,-528164.6130156666,399.06410069372106,704,2:33:40
24.9%,12475000,-528102.2793666841,397.7869114827639,704,2:33:39
24.9%,12480000,-529688.2750346786,398.39133289914366,704,2:33:38
24.9%,12485000,-527551.3356204065,403.2893346334619,704,2:33:37
25.0%,12490000,-527695.3764213966,399.7391745039304,704,2:33:35
25.0%,12495000,-528680.8652376537,401.60660558833905,704,2:33:34
25.0%,12500000,-528788.6745242826,398.3269607180989,704,2:33:33
25.0%,12505000,-529490.1982824537,401.73682187529994,704,2:33:32
25.0%,12510000,-527586.2397628175,398.7207987495365,704,2:33:30
25.0%,12515000,-528416.0983864153,399.5626171156,704,2:33:29
25.0%,12520000,-527768.9067933573,398.2480164808268,704,2:33:28
25.0%,12525000,-527234.4912917959,401.92537545133274,704,2:33:27
25.0%,12530000,-527968.0784890712,397.0277907623948,704,2:33:25
25.0%,12535000,-527739.929020864,399.8140464157249,704,2:33:24
25.1%,12540000,-527416.7545580226,399.5141662552481,704,2:33:23
25.1%,12545000,-527426.2519969456,401.12776389557513,704,2:33:22
25.1%,12550000,-527903.4982787492,400.7183479925813,704,2:33:21
25.1%,12555000,-528571.8780219867,404.5427031935827,704,2:33:19
25.1%,12560000,-528082.8407274899,398.86806483292514,704,2:33:18
25.1%,12565000,-529111.7635362996,404.1659885548163,704,2:33:17
25.1%,12570000,-528154.2884329259,401.3268417344388,704,2:33:16
25.1%,12575000,-530203.473579396,401.01292922352087,704,2:33:14
25.1%,12580000,-528966.4938907274,399.0491115921135,704,2:33:13
25.1%,12585000,-529122.328486999,400.0904248424208,704,2:33:12
25.2%,12590000,-529050.0699695987,401.13465741038976,704,2:33:11
25.2%,12595000,-527108.3058702764,397.63356144324,704,2:33:09
25.2%,12600000,-528413.0292577669,399.3750938869773,704,2:33:08
25.2%,12605000,-530330.930463695,399.8604120491756,704,2:33:07
25.2%,12610000,-529859.423586329,401.1174849535562,704,2:33:06
25.2%,12615000,-527639.5542905424,396.4525134584697,704,2:33:05
25.2%,12620000,-526970.1084928922,400.4648334655553,704,2:33:04
25.2%,12625000,-526600.4653079412,398.37256585703267,704,2:33:03
25.2%,12630000,-528211.5125901136,399.35902537379724,704,2:33:01
25.2%,12635000,-528303.6212926717,402.7125118084218,704,2:33:00
25.3%,12640000,-527224.3082458498,400.4083115504916,704,2:32:59
25.3%,12645000,-528071.7897862806,400.5141920129112,704,2:32:57
25.3%,12650000,-527274.8721913723,399.1898276098241,704,2:32:56
25.3%,12655000,-528792.8141007358,400.9169351898211,704,2:32:55
25.3%,12660000,-527008.616281,403.2964734690884,704,2:32:54
25.3%,12665000,-528242.4731298494,399.7207509109561,704,2:32:53
25.3%,12670000,-529370.0610311185,401.65625852066927,704,2:32:51
25.3%,12675000,-530388.8873549444,402.22044732389605,704,2:32:50
25.3%,12680000,-528112.7194784512,397.32995240642225,704,2:32:49
25.3%,12685000,-529397.7499405486,398.4700318156039,704,2:32:48
25.4%,12690000,-525949.8925309917,401.25314736254154,704,2:32:47
25.4%,12695000,-529466.4588919138,401.93778868441524,704,2:32:45
25.4%,12700000,-528514.3116482198,399.6709753182199,704,2:32:44
25.4%,12705000,-529509.3658039491,401.0050789575398,704,2:32:43
25.4%,12710000,-531427.083455028,402.9282714624952,704,2:32:42
25.4%,12715000,-528393.320053889,404.44064973582886,704,2:32:41
25.4%,12720000,-526227.5905456021,402.98857131806227,704,2:32:39
25.4%,12725000,-528294.5672877026,403.367763697029,704,2:32:38
25.4%,12730000,-527310.6443106392,400.69320260936075,704,2:32:37
25.4%,12735000,-528348.5187118645,399.9121747404882,704,2:32:36
25.5%,12740000,-527826.6106694401,398.99931146729614,704,2:32:34
25.5%,12745000,-528236.0108156563,397.2476963381894,704,2:32:33
25.5%,12750000,-526816.6857398977,401.8292096930647,704,2:32:32
25.5%,12755000,-529364.4578501582,398.287513131544,704,2:32:31
25.5%,12760000,-526230.0013335431,398.72864901551765,704,2:32:30
25.5%,12765000,-529459.0302292495,399.7919920747343,704,2:32:29
25.5%,12770000,-528780.4633525568,399.4364976861979,704,2:32:27
25.5%,12775000,-527613.6776240934,399.98714478060737,704,2:32:26
25.5%,12780000,-528592.2661633878,397.2514252145304,704,2:32:25
25.5%,12785000,-528437.2265221332,399.9151185902311,704,2:32:23
25.6%,12790000,-527683.4718145332,400.6158529573661,704,2:32:22
25.6%,12795000,-528541.0997935738,399.8023936771592,704,2:32:21
25.6%,12800000,-527963.4202214824,402.2803546661641,704,2:32:20
25.6%,12805000,-528827.3288434511,400.5351669423294,704,2:32:19
25.6%,12810000,-527428.3710984131,397.04378567933117,704,2:32:17
25.6%,12815000,-528961.6865189169,400.95706967464935,704,2:32:16
25.6%,12820000,-527109.3107936657,400.9485325103949,704,2:32:15
25.6%,12825000,-528353.8600703245,399.1834247366333,704,2:32:14
25.6%,12830000,-528458.162131187,400.15680865412315,704,2:32:12
25.6%,12835000,-530400.1067872797,400.75367418949617,704,2:32:11
25.7%,12840000,-528334.4847366884,398.2829011002802,704,2:32:10
25.7%,12845000,-529700.4353000661,400.09540485490254,704,2:32:09
25.7%,12850000,-527872.2537909248,399.87694667189817,704,2:32:07
25.7%,12855000,-528941.9555081907,400.53428378740654,704,2:32:06
25.7%,12860000,-528060.0087707345,402.17474405663756,704,2:32:05
25.7%,12865000,-529484.1299233818,399.95385474643143,704,2:32:04
25.7%,12870000,-528085.8069947185,398.52221155229677,704,2:32:03
25.7%,12875000,-526815.1305474904,406.12271641475957,704,2:32:01
25.7%,12880000,-527451.8566522258,402.51127514641337,704,2:32:00
25.7%,12885000,-529009.7874064017,403.7657721822691,704,2:31:59
25.8%,12890000,-527033.7327612811,400.9483362537454,704,2:31:58
25.8%,12895000,-528832.5018179351,402.5112996784946,704,2:31:56
25.8%,12900000,-529266.7424432021,399.8015350543175,704,2:31:55
25.8%,12905000,-527833.7726830081,399.22292138735054,704,2:31:54
25.8%,12910000,-529015.6485123546,404.12899417638056,704,2:31:53
25.8%,12915000,-527861.550176282,399.42459962682034,704,2:31:52
25.8%,12920000,-527703.5317755444,398.46178903632375,704,2:31:50
25.8%,12925000,-528011.5150018544,399.99305701217435,704,2:31:49
25.8%,12930000,-528592.0318742995,399.6220828804066,704,2:31:48
25.8%,12935000,-528934.0959498147,401.16880606740744,704,2:31:47
25.9%,12940000,-527145.4139543558,401.97973854325164,704,2:31:45
25.9%,12945000,-528968.4031289034,402.48549192908183,704,2:31:44
25.9%,12950000,-528563.4850058951,399.07889353867915,704,2:31:43
25.9%,12955000,-527399.3290429311,401.8421871640146,704,2:31:42
25.9%,12960000,-529295.6010895055,402.6044970549386,704,2:31:41
25.9%,12965000,-528122.0709130745,397.735884753887,704,2:31:39
25.9%,12970000,-528173.1371019976,402.3041017207568,704,2:31:38
25.9%,12975000,-529053.1686645406,400.59033959292753,704,2:31:37
25.9%,12980000,-527487.1248273728,395.4029083647199,704,2:31:36
25.9%,12985000,-528076.8471164382,401.4355924503578,704,2:31:34
26.0%,12990000,-528821.8856001077,401.8803100181852,704,2:31:33
26.0%,12995000,-525932.4637608589,402.8463833754802,704,2:31:32
26.0%,13000000,-529618.1407930208,401.3800272864605,704,2:31:31
26.0%,13005000,-529261.2600272684,401.1033054106279,704,2:31:29
26.0%,13010000,-528124.9383706241,400.0175154971216,704,2:31:28
26.0%,13015000,-530002.5157638914,402.9414206580135,704,2:31:27
26.0%,13020000,-527444.5338756959,402.75755270948815,704,2:31:26
26.0%,13025000,-527134.8470635936,397.70580842234705,704,2:31:24
26.0%,13030000,-528845.5097905793,400.86735585373447,704,2:31:23
26.0%,13035000,-526923.1722528422,400.8769478974801,704,2:31:22
26.1%,13040000,-528082.9497019006,400.0344916973057,704,2:31:21
26.1%,13045000,-529792.2185419807,401.25096400731553,704,2:31:19
26.1%,13050000,-528667.980187959,401.2103388808635,704,2:31:18
26.1%,13055000,-526807.0534703797,399.00083245632993,704,2:31:17
26.1%,13060000,-526840.546673961,402.9289338286873,704,2:31:16
26.1%,13065000,-529360.3743313332,403.2322484805308,704,2:31:15
26.1%,13070000,-527344.7777486094,399.872555429365,704,2:31:13
26.1%,13075000,-529218.9683379908,398.63510818993694,704,2:31:12
26.1%,13080000,-527303.414015336,397.3009800185359,704,2:31:11
26.1%,13085000,-528765.4741222966,400.56880042564205,704,2:31:10
26.2%,13090000,-528290.2551679001,397.495494890298,704,2:31:08
26.2%,13095000,-528706.0118326126,397.50351688084737,704,2:31:07
26.2%,13100000,-529460.3752469472,402.50835582875175,704,2:31:06
26.2%,13105000,-528081.8409222211,398.90606502668976,704,2:31:05
26.2%,13110000,-527491.079941588,402.0346413409567,704,2:31:04
26.2%,13115000,-527547.9190649465,400.6267452014148,704,2:31:02
26.2%,13120000,-528835.054814118,397.0601731095667,704,2:31:01
26.2%,13125000,-528463.5500172828,400.3422466558447,704,2:31:00
26.2%,13130000,-528814.9384885114,402.2780486505321,704,2:30:59
26.2%,13135000,-530405.8362424606,398.6619708188409,704,2:30:57
26.3%,13140000,-529979.5207477268,399.0360850570012,704,2:30:56
26.3%,13145000,-529400.8152512591,398.8699538031768,704,2:30:55
26.3%,13150000,-526904.3657526383,402.5183158537152,704,2:30:53
26.3%,13155000,-528801.3593977191,402.56043743711984,704,2:30:52
26.3%,13160000,-527257.5393505194,400.45413747815604,704,2:30:51
26.3%,13165000,-528837.29789038,401.6442868650482,704,2:30:50
26.3%,13170000,-529002.145521435,398.0077492776438,704,2:30:49
26.3%,13175000,-527689.1475482625,396.8552075712173,704,2:30:48
26.3%,13180000,-528841.0165218073,402.7187429570443,704,2:30:46
26.3%,13185000,-528075.9984050179,399.8808963369699,704,2:30:45
26.4%,13190000,-527900.7520921724,401.60096320966517,704,2:30:44
26.4%,13195000,-527399.9415559247,399.9576081548536,704,2:30:43
26.4%,13200000,-528200.4165790551,399.64413722139716,704,2:30:41
26.4%,13205000,-528745.4146169405,397.91761841134866,704,2:30:40
26.4%,13210000,-525792.3796070088,399.91948530068305,704,2:30:39
26.4%,13215000,-528986.4839587505,401.58489469648515,704,2:30:38
26.4%,13220000,-528081.7405383778,403.8123095402881,704,2:30:36
26.4%,13225000,-528267.3836092683,398.99298219034887,704,2:30:35
26.4%,13230000,-529830.7423579828,398.4338715279286,704,2:30:34
26.4%,13235000,-528209.9392035399,399.25949872040604,704,2:30:33
26.5%,13240000,-529433.5007709842,400.86436293982916,704,2:30:31
26.5%,13245000,-527994.5418376606,402.0204617980284,704,2:30:30
26.5%,13250000,-529285.2532988694,404.0799054819177,704,2:30:29
26.5%,13255000,-530002.9643364954,399.93930722228527,704,2:30:28
26.5%,13260000,-527778.2323898952,401.543092030136,704,2:30:27
26.5%,13265000,-528691.9119254095,402.23999939260517,704,2:30:26
26.5%,13270000,-527757.262359981,402.8824455348307,704,2:30:24
26.5%,13275000,-527586.6885618102,399.3712914143927,704,2:30:23
26.5%,13280000,-529019.5884844195,399.4236919398163,704,2:30:22
26.5%,13285000,-529552.3170722076,402.4958444673444,704,2:30:21
26.6%,13290000,-526760.3716257047,399.28351562789186,704,2:30:19
26.6%,13295000,-530211.3379647578,396.8585439342592,704,2:30:18
26.6%,13300000,-530302.1615440338,402.7867458861052,704,2:30:17
26.6%,13305000,-527595.167643154,398.7139542988843,704,2:30:16
26.6%,13310000,-527847.685469944,401.02048510452767,704,2:30:15
26.6%,13315000,-528842.5918592075,401.0474949259187,704,2:30:13
26.6%,13320000,-527428.3889704067,402.35105612415606,704,2:30:12
26.6%,13325000,-527375.1157508832,396.8442907950873,704,2:30:11
26.6%,13330000,-528775.9501992157,400.7150606937018,704,2:30:10
26.6%,13335000,-527813.8986661141,398.9196067355071,704,2:30:08
26.7%,13340000,-529455.0366425924,404.31941219058376,704,2:30:07
26.7%,13345000,-527774.1715263748,399.38478405904766,704,2:30:06
26.7%,13350000,-526858.2144403905,402.3854010378232,704,2:30:05
26.7%,13355000,-527487.0018360913,399.6337846831346,704,2:30:03
26.7%,13360000,-529068.4244448151,401.06371063158593,704,2:30:02
26.7%,13365000,-527306.9585755509,401.3011811775132,704,2:30:01
26.7%,13370000,-529950.6988702347,400.08505231664,704,2:30:00
26.7%,13375000,-527015.8611508929,401.07465193979704,704,2:29:58
26.7%,13380000,-528130.948514225,404.39207621507103,704,2:29:57
26.7%,13385000,-525451.6829787181,404.4962394318073,704,2:29:56
26.8%,13390000,-527127.2402551332,401.79057166518913,704,2:29:55
26.8%,13395000,-527439.9108901941,399.0865720800919,704,2:29:54
26.8%,13400000,-528091.7218948002,401.3625113804902,704,2:29:52
26.8%,13405000,-526600.5854806029,398.9259114803731,704,2:29:51
26.8%,13410000,-528681.3431475842,402.3954346590303,704,2:29:50
26.8%,13415000,-527489.4355407483,398.28672810494595,704,2:29:49
26.8%,13420000,-527989.4450644297,401.7825006104773,704,2:29:48
26.8%,13425000,-528228.963101685,399.031693814468,704,2:29:46
26.8%,13430000,-525599.8241304033,402.83576098432457,704,2:29:45
26.8%,13435000,-530240.4490763261,400.53138900182597,704,2:29:44
26.9%,13440000,-527307.062779828,396.9780887659021,704,2:29:43
26.9%,13445000,-529573.6893632337,400.86944108063574,704,2:29:41
26.9%,13450000,-528393.8235579776,400.1821502939933,704,2:29:40
26.9%,13455000,-528140.2603949653,401.46510454403034,704,2:29:39
26.9%,13460000,-528012.8044426665,398.3272060389108,704,2:29:38
26.9%,13465000,-527462.8618916268,398.7492804957991,704,2:29:37
26.9%,13470000,-527253.4160319995,400.0640773872218,704,2:29:35
26.9%,13475000,-529240.0073806862,399.51620241798696,704,2:29:34
26.9%,13480000,-529096.845412815,399.3968293109124,704,2:29:33
26.9%,13485000,-529065.0227945088,398.8663230551606,704,2:29:32
27.0%,13490000,-527590.6377056232,400.82324717175334,704,2:29:30
27.0%,13495000,-526526.8449843284,401.3385435371668,704,2:29:29
27.0%,13500000,-529644.6158663188,400.54623091094646,704,2:29:28
27.0%,13505000,-527466.5110708461,402.5748868329412,704,2:29:27
27.0%,13510000,-527023.8635391095,399.64516756880715,704,2:29:26
27.0%,13515000,-528439.9558879593,399.2617066077133,704,2:29:24
27.0%,13520000,-528050.577657524,397.8193674261794,704,2:29:23
27.0%,13525000,-527149.7964837328,399.11397441478204,704,2:29:22
27.0%,13530000,-528549.6553115761,401.12783749181875,704,2:29:21
27.0%,13535000,-528565.8558023353,406.76427940206224,704,2:29:19
27.1%,13540000,-527842.3677074085,400.0523019882502,704,2:29:18
27.1%,13545000,-529462.1684328853,399.09329387033813,704,2:29:17
27.1%,13550000,-527871.8525902089,402.6656555333473,704,2:29:16
27.1%,13555000,-529224.730906216,400.45337698363915,704,2:29:15
27.1%,13560000,-527602.8825440202,400.8421368742703,704,2:29:13
27.1%,13565000,-529553.0101868357,399.8167940088182,704,2:29:12
27.1%,13570000,-527200.3243121523,400.5247408078233,704,2:29:11
27.1%,13575000,-529314.3486394933,398.42837634174185,704,2:29:09
27.1%,13580000,-528727.8648011335,400.2026100497065,704,2:29:08
27.1%,13585000,-529507.4824677329,404.0095229409812,704,2:29:07
27.2%,13590000,-528418.3332119971,400.1486640031678,704,2:29:06
27.2%,13595000,-527769.3401403651,402.67878019678443,704,2:29:05
27.2%,13600000,-528834.0662010191,401.31590042622764,704,2:29:03
27.2%,13605000,-527455.2328691334,398.7559777539642,704,2:29:02
27.2%,13610000,-529516.0895684818,399.90437353866946,704,2:29:01
27.2%,13615000,-528075.0450956095,400.92873512087397,704,2:29:00
27.2%,13620000,-527705.6327489004,400.7491112223947,704,2:28:59
27.2%,13625000,-528719.0053559854,401.21320913436284,704,2:28:57
27.2%,13630000,-528159.4754581521,399.0604208815425,704,2:28:56
27.2%,13635000,-525819.4228923763,398.00308818221754,704,2:28:55
27.3%,13640000,-529849.3220901829,399.5020964713022,704,2:28:54
27.3%,13645000,-526874.8034996674,399.2398485233722,704,2:28:52
27.3%,13650000,-526792.5831209891,398.2696047122747,704,2:28:51
27.3%,13655000,-527305.2927080751,401.82923422514585,704,2:28:50
27.3%,13660000,-528290.5768183735,401.2671797129826,704,2:28:49
27.3%,13665000,-527000.1877806569,397.64349693612235,704,2:28:48
27.3%,13670000,-527082.2210914902,399.4260470196107,704,2:28:46
27.3%,13675000,-528700.5253746277,401.15143735392434,704,2:28:45
27.3%,13680000,-527437.8595459736,403.0000277999784,704,2:28:44
27.3%,13685000,-527654.4596729334,397.9038559138006,704,2:28:43
27.4%,13690000,-528345.7250576587,401.817679614905,704,2:28:41
27.4%,13695000,-528127.0950614884,399.35502664456317,704,2:28:40
27.4%,13700000,-528793.0647993865,398.7567627805623,704,2:28:39
27.4%,13705000,-528504.9135375824,403.8367189610729,704,2:28:38
27.4%,13710000,-529723.077888384,396.4337954805211,704,2:28:37
27.4%,13715000,-527447.3391518476,401.1757977105468,704,2:28:35
27.4%,13720000,-527607.4648266793,399.58361657709935,704,2:28:34
27.4%,13725000,-528056.1376710231,398.3297573753547,704,2:28:33
27.4%,13730000,-528594.6571244602,400.48470445131983,704,2:28:32
27.4%,13735000,-528535.9868960455,400.4251896223509,704,2:28:30
27.5%,13740000,-528482.6580781471,405.32714102174083,704,2:28:29
27.5%,13745000,-527037.8954403694,398.2420306530163,704,2:28:28
27.5%,13750000,-528789.4411553559,400.7106694511686,704,2:28:27
27.5%,13755000,-527255.5754311401,396.96013128247046,704,2:28:25
27.5%,13760000,-527195.5058883936,400.74000982027286,704,2:28:24
27.5%,13765000,-526211.1171959229,398.3758776879934,704,2:28:23
27.5%,13770000,-527811.8454735125,400.53107008477053,704,2:28:22
27.5%,13775000,-527444.8973964974,402.089053497038,704,2:28:20
27.5%,13780000,-529007.6057981788,402.4952556973958,704,2:28:19
27.5%,13785000,-527541.9575424832,399.4918420613645,704,2:28:18
27.6%,13790000,-527496.0517533151,398.5807696300993,704,2:28:17
27.6%,13795000,-528531.1444169218,399.70671856051496,704,2:28:15
27.6%,13800000,-529445.979498799,401.9836882083234,704,2:28:14
27.6%,13805000,-527909.3199841441,397.2519894523978,704,2:28:13
27.6%,13810000,-527454.8296606843,397.23763818490113,704,2:28:12
27.6%,13815000,-526590.8684326704,402.54711651703326,704,2:28:11
27.6%,13820000,-528289.3793521314,397.7877701056056,704,2:28:09
27.6%,13825000,-526270.8820272065,399.9756147024477,704,2:28:08
27.6%,13830000,-528847.6519648405,401.3135453464334,704,2:28:07
27.6%,13835000,-526687.1627302677,397.38326061884993,704,2:28:06
27.7%,13840000,-526542.2121871272,398.68853906277064,704,2:28:04
27.7%,13845000,-529710.0971159074,405.3978915438952,704,2:28:03
27.7%,13850000,-528651.1573698539,401.2192930904981,704,2:28:02
27.7%,13855000,-528185.7026931327,399.94494960095915,704,2:28:01
27.7%,13860000,-528933.5124812867,397.28763456636807,704,2:28:00
27.7%,13865000,-529588.2130697723,399.98805246761145,704,2:27:58
27.7%,13870000,-528669.7065613535,394.5000051164913,704,2:27:57
27.7%,13875000,-528924.5760812056,400.75337980452184,704,2:27:56
27.7%,13880000,-528841.3608060246,400.1634813802071,704,2:27:55
27.7%,13885000,-528585.4559847456,402.7888556450877,704,2:27:53
27.8%,13890000,-528869.3282878529,401.50948307890457,704,2:27:52
27.8%,13895000,-529120.3666203306,397.8632307873486,704,2:27:51
27.8%,13900000,-527966.8484865199,397.81487805532146,704,2:27:50
27.8%,13905000,-528637.5112099061,400.48956180339565,704,2:27:49
27.8%,13910000,-529306.6942514651,401.08490634973475,704,2:27:47
27.8%,13915000,-529276.1572645633,401.8688780683502,704,2:27:46
27.8%,13920000,-528457.123541709,401.8150546822176,704,2:27:45
27.8%,13925000,-528907.4232951268,398.43274305219376,704,2:27:44
27.8%,13930000,-528641.6837695497,397.49345872755913,704,2:27:42
27.8%,13935000,-528314.0158085483,397.8759138733243,704,2:27:41
27.9%,13940000,-529365.4386231201,400.4736159506216,704,2:27:40
27.9%,13945000,-528030.2046464281,401.2412738352452,704,2:27:39
27.9%,13950000,-529697.8056058837,400.04886749688353,704,2:27:37
27.9%,13955000,-529781.2176298075,400.04607083962776,704,2:27:36
27.9%,13960000,-528271.0152046531,402.6303293364325,704,2:27:35
27.9%,13965000,-527426.2870014426,402.8917922577644,704,2:27:34
27.9%,13970000,-527245.8770875065,402.00120411429356,704,2:27:33
27.9%,13975000,-529137.0417527235,398.88349551199417,704,2:27:31
27.9%,13980000,-529379.6351506561,401.3662647889125,704,2:27:30
27.9%,13985000,-530078.862913908,401.96315485636666,704,2:27:29
28.0%,13990000,-527438.957464329,404.1604688365484,704,2:27:28
28.0%,13995000,-528747.1226677741,400.2121039651273,704,2:27:26
28.0%,14000000,-529308.1588276485,400.5209628673199,704,2:27:25
28.0%,14005000,-527606.6075923112,401.9830258421312,704,2:27:24
28.0%,14010000,-527604.4180384562,400.8605359351634,704,2:27:23
28.0%,14015000,-529327.8028721935,400.255771069647,704,2:27:22
28.0%,14020000,-527162.0517434222,401.427276074834,704,2:27:20
28.0%,14025000,-527550.2035646504,401.4092449951588,704,2:27:19
28.0%,14030000,-525407.2897393401,399.5901421106961,704,2:27:18
28.0%,14035000,-528355.5815545474,398.959446835361,704,2:27:17
28.1%,14040000,-526903.8632882633,399.8831532884394,704,2:27:15
28.1%,14045000,-530327.0953322533,402.5145133811306,704,2:27:14
28.1%,14050000,-528573.0032650563,402.54461424475176,704,2:27:13
28.1%,14055000,-528863.4968919032,401.4420443877109,704,2:27:12
28.1%,14060000,-527372.88793896,403.0933723689095,704,2:27:11
28.1%,14065000,-527558.2790422277,399.5413478012075,704,2:27:09
28.1%,14070000,-527784.7455325057,396.20844378270215,704,2:27:08
28.1%,14075000,-528330.2962213359,399.6463696407855,704,2:27:07
28.1%,14080000,-527408.786250079,400.011137156012,704,2:27:06
28.1%,14085000,-529379.5326511455,400.5868069732361,704,2:27:04
28.2%,14090000,-528521.7434997023,398.4602435152087,704,2:27:03
28.2%,14095000,-528109.9222384137,401.6440415442363,704,2:27:02
28.2%,14100000,-528164.6625608136,396.53494125127094,704,2:27:01
28.2%,14105000,-528990.6755320858,401.3915083004578,704,2:27:00
28.2%,14110000,-527143.9739156901,400.992763852782,704,2:26:58
28.2%,14115000,-527306.7104829568,400.6285115112605,704,2:26:57
28.2%,14120000,-527902.0888121361,398.41606123698404,704,2:26:56
28.2%,14125000,-529012.3962100074,400.8411065268603,704,2:26:55
28.2%,14130000,-527593.4482491729,400.57920202806696,704,2:26:53
28.2%,14135000,-527458.2718240125,400.8073258510605,704,2:26:52
28.3%,14140000,-526867.6348718787,400.2324165283533,704,2:26:51
28.3%,14145000,-529750.8836897528,400.023991966556,704,2:26:50
28.3%,14150000,-528778.9770156029,398.88808301117683,704,2:26:48
28.3%,14155000,-527741.3699183338,400.98211692954516,704,2:26:47
28.3%,14160000,-528554.9027569667,401.25064509026004,704,2:26:46
28.3%,14165000,-529139.70106901,396.28410072109466,704,2:26:45
28.3%,14170000,-528470.4206106327,399.27451235409484,704,2:26:44
28.3%,14175000,-527896.7153279353,397.9692829743366,704,2:26:42
28.3%,14180000,-527777.6877106335,395.0735161105706,704,2:26:41
28.3%,14185000,-530083.6514036674,400.68464091302513,704,2:26:40
28.4%,14190000,-529031.6673535365,403.9878120491273,704,2:26:39
28.4%,14195000,-529472.2056207992,400.1189556528457,704,2:26:37
28.4%,14200000,-529438.0787756741,397.77817806186,704,2:26:36
28.4%,14205000,-529168.7122879289,399.25216362813,704,2:26:35
28.4%,14210000,-529787.3579303264,399.23840113058196,704,2:26:34
28.4%,14215000,-528010.9221950695,403.8634589295709,704,2:26:33
28.4%,14220000,-527405.0881856815,399.24661937778086,704,2:26:31
28.4%,14225000,-527095.9391966509,399.41888365190295,704,2:26:30
28.4%,14230000,-528148.8051756248,397.7937314013349,704,2:26:29
28.4%,14235000,-528539.9997554957,398.7735427240969,704,2:26:28
28.5%,14240000,-529676.6188257937,402.3410715671114,704,2:26:26
28.5%,14245000,-530238.4638110874,399.9491200547616,704,2:26:25
28.5%,14250000,-529496.8585858988,398.05772112702954,704,2:26:24
28.5%,14255000,-527949.489924741,397.6734996714187,704,2:26:23
28.5%,14260000,-527589.6551261828,402.36028018668384,704,2:26:22
28.5%,14265000,-527652.585066448,403.65442106574386,704,2:26:20
28.5%,14270000,-526855.1927019162,399.41746079119383,704,2:26:19
28.5%,14275000,-528334.1308254474,396.50655763333316,704,2:26:18
28.5%,14280000,-528022.3826913373,403.5247690166503,704,2:26:17
28.5%,14285000,-528506.0901921764,400.0687384826481,704,2:26:15
28.6%,14290000,-527943.795889284,403.31104552531576,704,2:26:14
28.6%,14295000,-527519.2823445504,395.07174980072483,704,2:26:13
28.6%,14300000,-528673.393516751,397.43004329768087,704,2:26:12
28.6%,14305000,-527649.5720241084,401.2674495658758,704,2:26:11
28.6%,14310000,-528389.6154621909,401.4267854332102,704,2:26:09
28.6%,14315000,-526086.9712631195,401.00397501388625,704,2:26:08
28.6%,14320000,-527405.1863160874,402.50129058936875,704,2:26:07
28.6%,14325000,-527267.6721949126,401.4296311546284,704,2:26:06
28.6%,14330000,-529315.4915719875,398.9926632732934,704,2:26:04
28.6%,14335000,-527196.2436345238,401.47818014330505,704,2:26:03
28.7%,14340000,-529490.3920209636,405.1116266884793,704,2:26:02
28.7%,14345000,-528865.5524979304,400.1946861874818,704,2:26:01
28.7%,14350000,-530000.2969554816,400.14886025981735,704,2:25:59
28.7%,14355000,-528303.6818088624,401.6643786395435,704,2:25:58
28.7%,14360000,-527985.4122971827,398.0895392363341,704,2:25:57
28.7%,14365000,-527917.9209378967,403.7092502672054,704,2:25:56
28.7%,14370000,-528514.2459354214,400.19502963661853,704,2:25:55
28.7%,14375000,-529265.1804032973,400.76883501567204,704,2:25:53
28.7%,14380000,-529674.4276633379,402.2947795299043,704,2:25:52
28.7%,14385000,-527459.1581129488,397.9033407400956,704,2:25:51
28.8%,14390000,-529295.6638404178,402.61109618477894,704,2:25:50
28.8%,14395000,-527849.9696746054,403.6877110999198,704,2:25:48
28.8%,14400000,-528947.9753713948,396.1624461304693,704,2:25:47
28.8%,14405000,-527823.1648929389,405.27689931946196,704,2:25:46
28.8%,14410000,-528569.3235742995,402.3813287123456,704,2:25:45
28.8%,14415000,-526334.0268804147,401.96109416154655,704,2:25:43
28.8%,14420000,-530347.3377727251,402.704955927415,704,2:25:42
28.8%,14425000,-527806.9763833573,399.3153828013588,704,2:25:41
28.8%,14430000,-528812.4010123513,399.4192025689584,704,2:25:40
28.8%,14435000,-526571.0013784324,401.77200087972767,704,2:25:38
28.9%,14440000,-529051.418502572,398.36753678038855,704,2:25:37
28.9%,14445000,-530923.894040457,397.21762000664944,704,2:25:36
28.9%,14450000,-528759.3267997787,399.12248704695526,704,2:25:35
28.9%,14455000,-528080.3908107388,400.5760128575121,704,2:25:34
28.9%,14460000,-529205.8364888392,402.23619692002063,704,2:25:32
28.9%,14465000,-527526.0717901429,400.0676345389945,704,2:25:31
28.9%,14470000,-529427.4311423493,400.8107848745084,704,2:25:30
28.9%,14475000,-527529.4477191325,398.8518000630956,704,2:25:29
28.9%,14480000,-529293.5025830436,397.22051479222995,704,2:25:27
28.9%,14485000,-529083.9382579853,402.77340043393747,704,2:25:26
29.0%,14490000,-529355.3121182364,401.07202700710957,704,2:25:25
29.0%,14495000,-527231.0909519102,400.98177348040855,704,2:25:24
29.0%,14500000,-529414.8594124266,400.5598707480886,704,2:25:22
29.0%,14505000,-528981.5179364802,400.2311163280502,704,2:25:21
29.0%,14510000,-530167.7968829023,401.7511486107154,704,2:25:20
29.0%,14515000,-528245.8220078512,399.3861087914319,704,2:25:19
29.0%,14520000,-528592.9002088234,397.9065789748128,704,2:25:18
29.0%,14525000,-527499.2438391568,399.21938876765904,704,2:25:16
29.0%,14530000,-528852.1973331505,401.634621225059,704,2:25:15
29.0%,14535000,-528135.9450774603,397.4139502524197,704,2:25:14
29.1%,14540000,-529529.2648832463,402.69362210590486,704,2:25:13
29.1%,14545000,-528546.8211856945,400.73125186728777,704,2:25:11
29.1%,14550000,-528313.0848434083,403.412632873527,704,2:25:10
29.1%,14555000,-528126.7162115336,395.62695986223576,704,2:25:09
29.1%,14560000,-527653.5433067628,400.8465035847223,704,2:25:08
29.1%,14565000,-527835.8449740591,402.03699642075105,704,2:25:06
29.1%,14570000,-527799.3791722152,398.49014812218036,704,2:25:05
29.1%,14575000,-528099.5803801036,401.44393335796264,704,2:25:04
29.1%,14580000,-527060.4119273382,405.49641238195755,704,2:25:03
29.1%,14585000,-528368.5038865721,402.7788465559618,704,2:25:02
29.2%,14590000,-528131.7733067423,399.6070201825554,704,2:25:00
29.2%,14595000,-527254.1660701516,403.1468768379867,704,2:24:59
29.2%,14600000,-528661.9938492123,397.639081161508,704,2:24:58
29.2%,14605000,-527848.0952723715,399.5053347060194,704,2:24:57
29.2%,14610000,-525726.8900558953,399.60297238915894,704,2:24:56
29.2%,14615000,-528491.4729505894,399.9030488062852,704,2:24:54
29.2%,14620000,-528293.5041301739,401.3008622604577,704,2:24:53
29.2%,14625000,-528133.264111409,402.32402177068377,704,2:24:52
29.2%,14630000,-527610.0523904036,401.6449246991591,704,2:24:51
29.2%,14635000,-527394.3206623234,402.41937797027254,704,2:24:49
29.3%,14640000,-527196.3006701674,397.3669222527769,704,2:24:48
29.3%,14645000,-530500.3575931885,403.315314107443,704,2:24:47
29.3%,14650000,-527133.8804027122,403.6740712627777,704,2:24:45
29.3%,14655000,-530838.2451119176,402.5036211370819,704,2:24:44
29.3%,14660000,-528420.1303997054,399.6340300039465,704,2:24:43
29.3%,14665000,-526537.9856908037,398.00070857034206,704,2:24:42
29.3%,14670000,-529061.4746550056,401.77813390002535,704,2:24:41
29.3%,14675000,-527453.6207524091,399.78838585879924,704,2:24:39
29.3%,14680000,-527409.5375039489,401.666120417308,704,2:24:38
29.3%,14685000,-529190.8235111963,400.9864345758348,704,2:24:37
29.4%,14690000,-528640.3729347368,400.8717225641865,704,2:24:36
29.4%,14695000,-528599.9133936474,402.4195496948409,704,2:24:35
29.4%,14700000,-527632.7155939252,401.23308012012745,704,2:24:33
29.4%,14705000,-528183.9979700902,404.07826183247784,704,2:24:32
29.4%,14710000,-528277.3558906945,400.64048316688167,704,2:24:31
29.4%,14715000,-528290.3765715361,401.07089853137484,704,2:24:30
29.4%,14720000,-526644.3234456885,396.4128696152653,704,2:24:28
29.4%,14725000,-528658.0812154128,400.08105358740585,704,2:24:27
29.4%,14730000,-528029.7474789023,400.87096206966953,704,2:24:26
29.4%,14735000,-528361.4095072607,403.1284777770936,704,2:24:25
29.5%,14740000,-528218.2423047367,399.7046088015325,704,2:24:23
29.5%,14745000,-527093.41454797,397.7157193831481,704,2:24:22
29.5%,14750000,-527420.2002905114,396.3915267046293,704,2:24:21
29.5%,14755000,-528224.2266186015,402.5359544200914,704,2:24:20
29.5%,14760000,-528717.037872354,398.4091677221694,704,2:24:19
29.5%,14765000,-528834.561796092,404.46986744452715,704,2:24:17
29.5%,14770000,-529548.8820532495,400.7904968433636,704,2:24:16
29.5%,14775000,-528717.6032701326,401.62686908740267,704,2:24:15
29.5%,14780000,-528551.1124897767,395.594332194252,704,2:24:14
29.5%,14785000,-529473.4891733937,400.9104341883056,704,2:24:12
29.6%,14790000,-528165.452384029,404.53764958485743,704,2:24:11
29.6%,14795000,-527837.9833948426,400.53712950882465,704,2:24:10
29.6%,14800000,-529485.6905259653,398.1331327446102,704,2:24:09
29.6%,14805000,-526829.7502908418,399.65429350301014,704,2:24:07
29.6%,14810000,-529196.5800565304,399.4550684716594,704,2:24:06
29.6%,14815000,-528481.6780792638,398.6502935481941,704,2:24:05
29.6%,14820000,-525966.6705474807,401.96457771707566,704,2:24:04
29.6%,14825000,-527665.6115425625,401.8834255924964,704,2:24:02
29.6%,14830000,-525878.2066975152,400.8380645487926,704,2:24:01
29.6%,14835000,-528592.3644226901,398.75803844878425,704,2:24:00
29.7%,14840000,-529715.212357651,400.7814935695665,704,2:23:59
29.7%,14845000,-527648.7520625754,400.2480679961531,704,2:23:57
29.7%,14850000,-527616.6157330042,399.4310025000112,704,2:23:56
29.7%,14855000,-528136.1811951282,406.84155545781334,704,2:23:55
29.7%,14860000,-528108.1434781044,400.99433390597824,704,2:23:54
29.7%,14865000,-528941.3762897933,401.127101529383,704,2:23:52
29.7%,14870000,-527696.6347312806,400.1319576558768,704,2:23:51
29.7%,14875000,-529398.1479237438,397.5933042980059,704,2:23:50
29.7%,14880000,-527624.8165335716,398.9710995739266,704,2:23:49
29.7%,14885000,-529933.1948154974,402.65947344888724,704,2:23:48
29.8%,14890000,-527596.1604408897,403.25741839583264,704,2:23:46
29.8%,14895000,-529051.0182197983,401.71631305542445,704,2:23:45
29.8%,14900000,-528140.2602114114,396.2782375536901,704,2:23:44
29.8%,14905000,-528124.8619350982,398.30453839589046,704,2:23:43
29.8%,14910000,-528832.1279297965,399.5225562270154,704,2:23:42
29.8%,14915000,-527388.8423718754,398.89904885146916,704,2:23:40
29.8%,14920000,-528532.3637835053,403.72733041104306,704,2:23:39
29.8%,14925000,-527057.6686359332,402.3590781147054,704,2:23:38
29.8%,14930000,-528411.2838473483,399.22287232318814,704,2:23:37
29.8%,14935000,-528864.1420260444,401.0980064810907,704,2:23:35
29.9%,14940000,-529213.2329709921,401.10423762971317,704,2:23:34
29.9%,14945000,-527324.8231136454,401.5818281863363,704,2:23:33
29.9%,14950000,-525470.3729886054,401.6190188214216,704,2:23:32
29.9%,14955000,-528659.9414457576,400.71604197694944,704,2:23:31
29.9%,14960000,-527086.7930614813,401.6146766430508,704,2:23:29
29.9%,14965000,-527231.73733442,400.9046446171445,704,2:23:28
29.9%,14970000,-529493.9822993558,398.0108403198738,704,2:23:27
29.9%,14975000,-527792.1716474281,399.80006312944613,704,2:23:26
29.9%,14980000,-528829.8466653759,400.5679172707192,704,2:23:24
29.9%,14985000,-528652.7066883682,400.2216960088729,704,2:23:23
30.0%,14990000,-529179.9704983705,401.80364726446385,704,2:23:22
30.0%,14995000,-528842.1429877193,402.0417065803397,704,2:23:21
30.0%,15000000,-527615.1463233209,400.4775656156933,704,2:23:19
30.0%,15005000,-529352.6251299907,400.4690284514389,704,2:23:18
30.0%,15010000,-529088.9177334048,401.12253856228153,704,2:23:17
30.0%,15015000,-529082.6713738092,400.1987094487971,704,2:23:16
30.0%,15020000,-525740.7542317379,398.9218636869766,704,2:23:15
30.0%,15025000,-529090.4060380096,398.87932505819174,704,2:23:13
30.0%,15030000,-527579.8999572075,402.6131078154366,704,2:23:12
30.0%,15035000,-528928.579598946,402.3986483616663,704,2:23:11
30.0%,15040000,-528487.0353110349,399.16455956619757,704,2:23:10
30.1%,15045000,-526735.4366489258,399.4783984808719,704,2:23:08
30.1%,15050000,-528784.6251409603,401.7437889863582,704,2:23:07
30.1%,15055000,-527866.9567461233,400.3876555381289,704,2:23:06
30.1%,15060000,-529293.7052860693,399.6565504544797,704,2:23:05
30.1%,15065000,-529095.6489976267,401.19922584808404,704,2:23:04
30.1%,15070000,-527237.5823746934,399.3234293239894,704,2:23:03
30.1%,15075000,-527175.4583088495,402.20155762137915,704,2:23:01
30.1%,15080000,-526295.5999373207,399.7085094024419,704,2:23:00
30.1%,15085000,-529703.7492031329,402.036603907452,704,2:22:59
30.1%,15090000,-527792.6961560901,404.51615948173423,704,2:22:58
30.2%,15095000,-528495.1785640116,402.4706254878802,704,2:22:56
30.2%,15100000,-528468.7449278198,399.69675853555145,704,2:22:55
30.2%,15105000,-528174.8460012777,405.2446886968584,704,2:22:54
30.2%,15110000,-527155.7829997917,400.9197073149957,704,2:22:53
30.2%,15115000,-530328.9109404236,399.3936156082764,704,2:22:52
30.2%,15120000,-528702.7297992702,399.75926627842574,704,2:22:50
30.2%,15125000,-528152.8233380769,404.1018616945835,704,2:22:49
30.2%,15130000,-526289.8277286221,397.93675343467754,704,2:22:48
30.2%,15135000,-529651.2471365072,401.90121135135973,704,2:22:47
30.2%,15140000,-527023.4655835456,397.95917575688594,704,2:22:45
30.3%,15145000,-526990.5137363006,400.72820988922007,704,2:22:44
30.3%,15150000,-527952.1761201569,402.8413052346737,704,2:22:43
30.3%,15155000,-526712.112812256,397.3504366942166,704,2:22:42
30.3%,15160000,-528053.2590940832,401.76645662937847,704,2:22:41
30.3%,15165000,-528939.8364787088,400.1115714964073,704,2:22:39
30.3%,15170000,-527173.8430916136,400.17643431907584,704,2:22:38
30.3%,15175000,-528643.2345249052,398.48129204087047,704,2:22:37
30.3%,15180000,-527988.7407250414,401.39283303284213,704,2:22:36
30.3%,15185000,-528622.2026494844,403.90783746444515,704,2:22:34
30.3%,15190000,-527845.2295657438,399.45411172049296,704,2:22:33
30.4%,15195000,-528379.8513142187,399.34832938639806,704,2:22:32
30.4%,15200000,-528460.3329593907,397.7596072763985,704,2:22:31
30.4%,15205000,-527957.582942069,400.6969314857017,704,2:22:30
30.4%,15210000,-529297.7004499463,401.8438308134544,704,2:22:28
30.4%,15215000,-528838.7659677588,398.6641787061481,704,2:22:27
30.4%,15220000,-526833.9924850087,399.35946695125875,704,2:22:26
30.4%,15225000,-527828.7275990355,396.54357654385007,704,2:22:25
30.4%,15230000,-527493.6752775782,403.23035951027913,704,2:22:23
30.4%,15235000,-528275.167752028,400.882075102449,704,2:22:22
30.4%,15240000,-528093.4063766152,401.4458713923767,704,2:22:21
30.5%,15245000,-527546.6091704802,402.14479038550354,704,2:22:20
30.5%,15250000,-527813.1958695473,400.1770476211056,704,2:22:18
30.5%,15255000,-527270.4050747291,401.5854098701901,704,2:22:17
30.5%,15260000,-527214.1088521946,401.6606252311213,704,2:22:16
30.5%,15265000,-528080.3897258653,399.96376570723254,704,2:22:15
30.5%,15270000,-528542.7811271306,395.40131377944255,704,2:22:14
30.5%,15275000,-527000.005404959,397.99123918700235,704,2:22:12
30.5%,15280000,-528026.8750069286,404.81368456241665,704,2:22:11
30.5%,15285000,-528598.3544866191,398.22679623059673,704,2:22:10
30.5%,15290000,-528973.9619565392,399.47945336036304,704,2:22:09
30.6%,15295000,-528803.1953375991,403.58376867191424,704,2:22:07
30.6%,15300000,-525385.9935422288,402.188948131647,704,2:22:06
30.6%,15305000,-527908.693116405,396.8776789575881,704,2:22:05
30.6%,15310000,-527215.5981541546,401.732062651549,704,2:22:04
30.6%,15315000,-527140.9744557482,398.49390153060256,704,2:22:03
30.6%,15320000,-528562.9336889423,400.2523856424426,704,2:22:01
30.6%,15325000,-526740.7648630915,397.09049476191854,704,2:22:00
30.6%,15330000,-529373.5301757939,403.44118821603314,704,2:21:59
30.6%,15335000,-527836.6747691873,400.31899024287577,704,2:21:58
30.6%,15340000,-526771.8866744027,403.44999523318063,704,2:21:56
30.7%,15345000,-528615.781374801,399.73991046636615,704,2:21:55
30.7%,15350000,-527981.8459666772,400.8003096758399,704,2:21:54
30.7%,15355000,-528464.768610511,401.5288879551265,704,2:21:53
30.7%,15360000,-528645.1631307458,399.7378007073837,704,2:21:52
30.7%,15365000,-527383.4543103385,397.56170697743204,704,2:21:50
30.7%,15370000,-529542.6490132827,402.85764360074677,704,2:21:49
30.7%,15375000,-527924.5226463694,401.80590421593337,704,2:21:48
30.7%,15380000,-528212.1337638069,402.3767657452441,704,2:21:47
30.7%,15385000,-528347.3360905941,399.0614021647901,704,2:21:45
30.7%,15390000,-528817.6942631421,400.21725570217734,704,2:21:44
30.8%,15395000,-527475.9537580768,397.51784361626284,704,2:21:43
30.8%,15400000,-530620.8644511555,401.037240515981,704,2:21:42
30.8%,15405000,-528022.0294409916,401.53727792689375,704,2:21:40
30.8%,15410000,-527545.8329404476,401.0819624999919,704,2:21:39
30.8%,15415000,-528861.1504611792,400.23065021850755,704,2:21:38
30.8%,15420000,-526031.3650249648,401.5358060020223,704,2:21:37
30.8%,15425000,-527629.748719709,400.86102657678725,704,2:21:36
30.8%,15430000,-527671.4700072487,404.6905580469199,704,2:21:34
30.8%,15435000,-527314.4652796844,398.4254324919989,704,2:21:33
30.8%,15440000,-529203.1496250941,402.33270612742535,704,2:21:32
30.9%,15445000,-530445.0427188347,401.698257443668,704,2:21:31
30.9%,15450000,-528344.7204003665,401.6516219573242,704,2:21:29
30.9%,15455000,-529183.5861018966,402.90795889926915,704,2:21:28
30.9%,15460000,-527004.4166888832,402.06935423584173,704,2:21:27
30.9%,15465000,-528097.5936649521,400.15455170265363,704,2:21:26
30.9%,15470000,-527644.6643125964,402.81490871531236,704,2:21:25
30.9%,15475000,-527421.4581683534,397.4757956291018,704,2:21:23
30.9%,15480000,-529314.9872482261,402.35507938547136,704,2:21:22
30.9%,15485000,-529248.5148912673,401.5186580772699,704,2:21:21
30.9%,15490000,-527826.1049626367,403.4653032518437,704,2:21:20
31.0%,15495000,-528370.3704611263,400.5901678683593,704,2:21:18
31.0%,15500000,-529519.9221628685,397.13313151902815,704,2:21:17
31.0%,15505000,-528086.2946870271,400.9276557093016,704,2:21:16
31.0%,15510000,-528544.5331326262,401.848148459744,704,2:21:15
31.0%,15515000,-527390.0216778545,399.79422449412266,704,2:21:14
31.0%,15520000,-528959.5540175303,400.4818096657393,704,2:21:12
31.0%,15525000,-527173.6441289503,398.9650156177913,704,2:21:11
31.0%,15530000,-527350.9212312666,399.5512096978462,704,2:21:10
31.0%,15535000,-528542.1202529282,397.02609804879256,704,2:21:09
31.0%,15540000,-526666.8823535931,398.5852590009572,704,2:21:07
31.1%,15545000,-527687.1121626836,401.7449665262553,704,2:21:06
31.1%,15550000,-527559.8585551456,398.8889416340186,704,2:21:05
31.1%,15555000,-527401.1433586897,400.68253115404275,704,2:21:04
31.1%,15560000,-526551.6446235268,400.4462626800938,704,2:21:03
31.1%,15565000,-529392.73192361,402.74670952960184,704,2:21:01
31.1%,15570000,-527763.1667586844,404.61016641685757,704,2:21:00
31.1%,15575000,-529311.4238284263,400.4843610021832,704,2:20:59
31.1%,15580000,-526886.976980749,405.36830585397905,704,2:20:58
31.1%,15585000,-529133.3601347115,400.0761962353301,704,2:20:56
31.1%,15590000,-528485.0655296454,400.7735697073419,704,2:20:55
31.2%,15595000,-528707.904767808,401.64455671794127,704,2:20:54
31.2%,15600000,-527313.5239663436,397.94656626715386,704,2:20:53
31.2%,15605000,-528755.069567157,398.7566891843187,704,2:20:52
31.2%,15610000,-529398.8766964222,404.1612293310653,704,2:20:50
31.2%,15615000,-527891.3878045105,403.19358592057404,704,2:20:49
31.2%,15620000,-527417.3608951373,399.9747315475248,704,2:20:48
31.2%,15625000,-530108.1583271939,403.0311344789284,704,2:20:47
31.2%,15630000,-526752.0038737068,400.45345057988277,704,2:20:45
31.2%,15635000,-528207.1784318145,401.92723988950326,704,2:20:44
31.2%,15640000,-527935.1307611624,400.2090619870596,704,2:20:43
31.3%,15645000,-527130.8274775678,399.66972418207916,704,2:20:42
31.3%,15650000,-527841.426066007,401.8108106321716,704,2:20:40
31.3%,15655000,-530003.909207711,402.9341346298998,704,2:20:39
31.3%,15660000,-528284.8998792698,400.4350515189896,704,2:20:38
31.3%,15665000,-527196.6530239135,399.20410528107715,704,2:20:37
31.3%,15670000,-527929.8917564498,398.41863710550905,704,2:20:36
31.3%,15675000,-529468.881932097,402.94073375974017,704,2:20:34
31.3%,15680000,-528698.5438619186,397.8347981052484,704,2:20:33
31.3%,15685000,-527977.0938093597,401.13524618033836,704,2:20:32
31.3%,15690000,-528125.9972241437,399.3636374050611,704,2:20:31
31.4%,15695000,-529537.7871086071,402.6042272020455,704,2:20:29
31.4%,15700000,-528319.7724729474,398.2320215638904,704,2:20:28
31.4%,15705000,-528096.0856330246,399.1090434664627,704,2:20:27
31.4%,15710000,-527570.4315900044,399.69545833524836,704,2:20:26
31.4%,15715000,-527146.3307912606,398.52454210000985,704,2:20:25
31.4%,15720000,-529300.2478367942,400.78870600143665,704,2:20:23
31.4%,15725000,-528864.7135400032,400.3220812851058,704,2:20:22
31.4%,15730000,-528285.7468056264,399.20103877092833,704,2:20:21
31.4%,15735000,-529891.7391759553,400.26551030587973,704,2:20:20
31.4%,15740000,-528326.7675001519,398.70132027707103,704,2:20:19
31.5%,15745000,-528245.113038071,400.6863090945461,704,2:20:17
31.5%,15750000,-528185.0257941056,403.1329671479515,704,2:20:16
31.5%,15755000,-529637.8279148657,399.9939892312596,704,2:20:15
31.5%,15760000,-527886.9351303908,401.77442955576555,704,2:20:14
31.5%,15765000,-528391.8680294422,399.2556471836591,704,2:20:12
31.5%,15770000,-527693.1616450581,400.3427618295497,704,2:20:11
31.5%,15775000,-528864.5870495476,401.1367671693722,704,2:20:10
31.5%,15780000,-527452.4335736292,402.95111083008385,704,2:20:09
31.5%,15785000,-528018.0404465129,400.88109381920134,704,2:20:08
31.5%,15790000,-528189.5637340588,399.8101458148155,704,2:20:06
31.6%,15795000,-528391.9632397066,399.877829826821,704,2:20:05
31.6%,15800000,-528394.0961177247,397.7328182437381,704,2:20:04
31.6%,15805000,-526964.0208596205,399.4653964778407,704,2:20:03
31.6%,15810000,-526118.578354504,401.00772842230845,704,2:20:02
31.6%,15815000,-527117.4466803223,403.9931355107457,704,2:20:00
31.6%,15820000,-527630.6559779779,399.90103717562755,704,2:19:59
31.6%,15825000,-528005.2219234952,403.84113473568726,704,2:19:58
31.6%,15830000,-528703.2152626608,401.55680546352164,704,2:19:57
31.6%,15835000,-526896.6003553537,398.4908840846161,704,2:19:55
31.6%,15840000,-525860.7620797451,401.8507979245126,704,2:19:54
31.7%,15845000,-527095.7734084721,403.2421349092507,704,2:19:53
31.7%,15850000,-528138.8061838998,401.8727541371784,704,2:19:52
31.7%,15855000,-527937.3422979712,398.2356768439878,704,2:19:51
31.7%,15860000,-529014.419333783,402.6032949829602,704,2:19:49
31.7%,15865000,-529384.8543292903,403.4428318654729,704,2:19:48
31.7%,15870000,-528513.9608575073,399.4003619306039,704,2:19:47
31.7%,15875000,-528800.9510697047,402.2381104223535,704,2:19:46
31.7%,15880000,-528885.9946510191,396.99864664994004,704,2:19:44
31.7%,15885000,-528420.0410816083,403.04141342094726,704,2:19:43
31.7%,15890000,-528543.8897324209,403.1185913483737,704,2:19:42
31.8%,15895000,-527127.7477684175,397.2727681251664,704,2:19:41
31.8%,15900000,-527555.3671042263,398.9861377396966,704,2:19:40
31.8%,15905000,-528616.8365773195,399.8150276989725,704,2:19:38
31.8%,15910000,-527530.5618136558,399.9533886368888,704,2:19:37
31.8%,15915000,-528940.9618553282,398.7523715380292,704,2:19:36
31.8%,15920000,-528662.6580003332,402.3027279242101,704,2:19:35
31.8%,15925000,-527812.9032873968,400.697471191488,704,2:19:33
31.8%,15930000,-528621.1213577869,402.7024536551336,704,2:19:32
31.8%,15935000,-529064.2569675818,399.0661123243787,704,2:19:31
31.8%,15940000,-527469.3433626853,402.3879523742671,704,2:19:30
31.9%,15945000,-528894.4826826304,397.559131108907,704,2:19:28
31.9%,15950000,-526686.7824546872,400.87761026367224,704,2:19:27
31.9%,15955000,-527380.5290301521,399.42143498834673,704,2:19:26
31.9%,15960000,-528951.8603718444,401.64568519367606,704,2:19:25
31.9%,15965000,-529400.1733460934,400.7580899641105,704,2:19:24
31.9%,15970000,-528921.4850534429,398.64715344180166,704,2:19:22
31.9%,15975000,-527944.8029514868,401.97301675300537,704,2:19:21
31.9%,15980000,-530167.3766426309,401.3982300907041,704,2:19:20
31.9%,15985000,-528037.4903311394,401.69909153442853,704,2:19:19
31.9%,15990000,-528548.5644551069,402.24424344265117,704,2:19:17
32.0%,15995000,-525821.3160198713,398.90606502668976,704,2:19:16
32.0%,16000000,-528370.4988072822,400.47111367834015,704,2:19:15
32.0%,16005000,-528780.0646446748,399.92929813315936,704,2:19:14
32.0%,16010000,-529624.9267713749,398.50871890764176,704,2:19:13
32.0%,16015000,-527323.7117681312,400.38942184797463,704,2:19:11
32.0%,16020000,-527500.9697235366,398.99411066608366,704,2:19:10
32.0%,16025000,-528132.3692788566,403.4768823941658,704,2:19:09
32.0%,16030000,-527074.1977761891,399.80018578985204,704,2:19:08
32.0%,16035000,-528877.7490601153,398.819196927193,704,2:19:06
32.0%,16040000,-528738.9209524556,400.48762376898156,704,2:19:05
32.1%,16045000,-526543.7835374186,402.03155029872664,704,2:19:04
32.1%,16050000,-530160.0928319232,399.00851099774263,704,2:19:03
32.1%,16055000,-530318.1451023621,402.45023932841065,704,2:19:02
32.1%,16060000,-526601.1594258244,401.4394439871047,704,2:19:00
32.1%,16065000,-528749.8782941401,400.92758211305795,704,2:18:59
32.1%,16070000,-527980.1813328676,402.3025316675606,704,2:18:58
32.1%,16075000,-528190.4630517056,398.34643919056447,704,2:18:57
32.1%,16080000,-528481.1611138438,400.3242646403318,704,2:18:55
32.1%,16085000,-528528.4297047164,401.9907779797875,704,2:18:54
32.1%,16090000,-526863.9794339854,398.1926721056603,704,2:18:53
32.2%,16095000,-528021.2348421426,401.57407604868,704,2:18:52
32.2%,16100000,-527356.6635799091,401.6006442926097,704,2:18:50
32.2%,16105000,-529259.4712633234,403.07646976496903,704,2:18:49
32.2%,16110000,-529905.2300328161,401.2098482392397,704,2:18:48
32.2%,16115000,-527981.8335165889,398.9315293269658,704,2:18:47
32.2%,16120000,-526923.2235837467,397.66017875133207,704,2:18:46
32.2%,16125000,-527874.9437379409,398.98324295411606,704,2:18:44
32.2%,16130000,-527871.3222746062,399.0375079177102,704,2:18:43
32.2%,16135000,-527879.6013776753,399.02995203670343,704,2:18:42
32.2%,16140000,-527481.5617586514,398.35026619523023,704,2:18:41
32.3%,16145000,-528117.7467572866,399.6490927017977,704,2:18:39
32.3%,16150000,-527256.8578148708,401.76208991892656,704,2:18:38
32.3%,16155000,-529306.5094409832,399.4864204714213,704,2:18:37
32.3%,16160000,-527130.1761874845,401.3244866546445,704,2:18:36
32.3%,16165000,-528291.562058554,399.4113768350585,704,2:18:35
32.3%,16170000,-526593.6381453667,400.379314630524,704,2:18:33
32.3%,16175000,-528971.6210649302,395.9150155595786,704,2:18:32
32.3%,16180000,-527653.9552178998,397.39690045599207,704,2:18:31
32.3%,16185000,-527169.7277241531,396.85606619405894,704,2:18:30
32.3%,16190000,-527288.4063269095,398.5694848727515,704,2:18:28
32.4%,16195000,-528808.4455332952,399.5402193254728,704,2:18:27
32.4%,16200000,-526831.5003459379,402.28423073499226,704,2:18:26
32.4%,16205000,-528060.8871502061,399.66994497080987,704,2:18:25
32.4%,16210000,-528262.5387669471,400.68682426825114,704,2:18:24
32.4%,16215000,-528650.3345034099,400.7854187025571,704,2:18:22
32.4%,16220000,-528484.9490598817,401.3917781533509,704,2:18:21
32.4%,16225000,-526689.5700695603,402.24080895128446,704,2:18:20
32.4%,16230000,-527596.8182408037,403.9275367256414,704,2:18:19
32.4%,16235000,-529187.5265935692,400.0071874909403,704,2:18:17
32.4%,16240000,-529490.1682383684,402.98638796283626,704,2:18:16
32.5%,16245000,-529450.7177479672,398.97556441270336,704,2:18:15
32.5%,16250000,-527420.8678595317,401.91090152343014,704,2:18:14
32.5%,16255000,-527531.2500873022,400.3693300734794,704,2:18:13
32.5%,16260000,-528093.6975763487,400.4862254403537,704,2:18:11
32.5%,16265000,-528858.5873966585,401.9003527285181,704,2:18:10
32.5%,16270000,-529656.624245726,400.4324756504646,704,2:18:09
32.5%,16275000,-526441.4447019086,403.780295174334,704,2:18:08
32.5%,16280000,-528701.2454805085,401.765107364913,704,2:18:06
32.5%,16285000,-530607.9022650602,401.3774759500167,704,2:18:05
32.5%,16290000,-527617.3306261087,402.7380006407791,704,2:18:04
32.6%,16295000,-528447.7904532729,398.49250320197467,704,2:18:03
32.6%,16300000,-529702.4003766696,399.3196759155672,704,2:18:02
32.6%,16305000,-526709.2488381481,400.0791891492354,704,2:18:00
32.6%,16310000,-528256.6483826935,399.3424171548311,704,2:17:59
32.6%,16315000,-527238.2649115087,401.319923687543,704,2:17:58
32.6%,16320000,-527089.998191271,399.01876540768046,704,2:17:57
32.6%,16325000,-529161.1042081923,398.4498173807026,704,2:17:56
32.6%,16330000,-528921.5154988114,399.68854028835256,704,2:17:54
32.6%,16335000,-526193.9089788795,401.3427385230504,704,2:17:53
32.6%,16340000,-527714.9867291548,400.6915098957586,704,2:17:52
32.7%,16345000,-528370.8805174208,401.6580002984339,704,2:17:51
32.7%,16350000,-527702.0252340087,400.1181215620852,704,2:17:49
32.7%,16355000,-528833.8560354696,401.2080083331504,704,2:17:48
32.7%,16360000,-528034.1431211801,401.7402073025043,704,2:17:47
32.7%,16365000,-528489.9166659424,402.64983234097923,704,2:17:46
32.7%,16370000,-527282.0685916701,400.58410844430506,704,2:17:45
32.7%,16375000,-527980.3876903295,402.64441075103605,704,2:17:43
32.7%,16380000,-527696.617244862,400.1255547826861,704,2:17:42
32.7%,16385000,-529416.638485888,399.0028440869876,704,2:17:41
32.7%,16390000,-527969.2667218097,398.9339825350849,704,2:17:40
32.8%,16395000,-527240.2928082547,402.41515845230776,704,2:17:38
32.8%,16400000,-527926.3180981968,399.1412786211475,704,2:17:37
32.8%,16405000,-528141.1170150675,400.68130454998317,704,2:17:36
32.8%,16410000,-527192.1024821638,397.3808564748932,704,2:17:35
32.8%,16415000,-527433.5589702595,402.3035620149706,704,2:17:34
32.8%,16420000,-528948.387175763,399.0460696140458,704,2:17:32
32.8%,16425000,-528726.9245018694,402.00814669327065,704,2:17:31
32.8%,16430000,-527270.8012493108,403.46971902645805,704,2:17:30
32.8%,16435000,-526720.629986282,400.283664045961,704,2:17:29
32.8%,16440000,-528653.6429481255,402.731941216725,704,2:17:27
32.9%,16445000,-528101.6494370685,399.59566182896407,704,2:17:26
32.9%,16450000,-528635.1913339226,397.33144886337493,704,2:17:25
32.9%,16455000,-530158.0236479198,400.1087748391515,704,2:17:24
32.9%,16460000,-528232.4750351491,397.08595632689827,704,2:17:23
32.9%,16465000,-528636.3208097634,403.67765294663155,704,2:17:21
32.9%,16470000,-528176.8150147987,403.114519022896,704,2:17:20
32.9%,16475000,-529071.5243392689,402.92334051417583,704,2:17:19
32.9%,16480000,-528117.9821440051,404.8510469220703,704,2:17:18
32.9%,16485000,-529079.7965314626,400.5712045695987,704,2:17:16
32.9%,16490000,-527152.5600731191,398.8307270053527,704,2:17:15
33.0%,16495000,-527824.9133535288,402.58857573424575,704,2:17:14
33.0%,16500000,-528316.4914687737,402.7706528408441,704,2:17:13
33.0%,16505000,-528872.0844350704,402.7784295105816,704,2:17:11
33.0%,16510000,-528713.9322228618,402.44773705612914,704,2:17:10
33.0%,16515000,-530340.5821482628,396.3142015847158,704,2:17:09
33.0%,16520000,-529154.7609310779,403.92076587123273,704,2:17:08
33.0%,16525000,-528910.4724135175,396.8827080342322,704,2:17:06
33.0%,16530000,-526263.568525882,399.91033483439884,704,2:17:05
33.0%,16535000,-528486.1421944164,403.2811654504253,704,2:17:04
33.0%,16540000,-527939.6768448665,400.6191402562456,704,2:17:03
33.1%,16545000,-528468.4788361154,401.80246972456666,704,2:17:02
33.1%,16550000,-529264.193976901,397.9698717442852,704,2:17:00
33.1%,16555000,-526506.8010253189,403.1242091949664,704,2:16:59
33.1%,16560000,-527017.7876164615,400.03456529354924,704,2:16:58
33.1%,16565000,-527758.5801039482,395.225516885629,704,2:16:57
33.1%,16570000,-527824.4259414836,404.0324604368946,704,2:16:56
33.1%,16575000,-527916.9754101033,399.00223078495776,704,2:16:54
33.1%,16580000,-528612.6312594009,399.2409279349446,704,2:16:53
33.1%,16585000,-527204.6990793417,401.0192585004681,704,2:16:52
33.1%,16590000,-527289.5796667547,399.93204572625274,704,2:16:51
33.2%,16595000,-526664.9484830885,401.24151915605705,704,2:16:49
33.2%,16600000,-528359.2483809101,400.73922479367474,704,2:16:48
33.2%,16605000,-528709.8197782212,400.67634906958267,704,2:16:47
33.2%,16610000,-530325.0526631507,397.99884413217154,704,2:16:46
33.2%,16615000,-526989.6862479704,397.82513246525923,704,2:16:45
33.2%,16620000,-528024.354327606,399.45622147947535,704,2:16:43
33.2%,16625000,-527501.65324983,401.0844402401921,704,2:16:42
33.2%,16630000,-527490.9064782155,399.68993861698044,704,2:16:41
33.2%,16635000,-529300.5104801985,401.55337097215494,704,2:16:40
33.2%,16640000,-529506.1504899752,402.410178439826,704,2:16:38
33.3%,16645000,-528450.6403497211,399.86943985505377,704,2:16:37
33.3%,16650000,-527218.1402243944,398.6513729597665,704,2:16:36
33.3%,16655000,-528504.1888364907,402.65702024076813,704,2:16:35
33.3%,16660000,-527245.9961983389,396.7769992963809,704,2:16:34
33.3%,16665000,-527138.4579655901,399.6021628304796,704,2:16:32
33.3%,16670000,-527865.4468787247,399.65191389113465,704,2:16:31
33.3%,16675000,-528180.8780785082,401.6680829838033,704,2:16:30
33.3%,16680000,-526945.5274690008,395.81239786395736,704,2:16:29
33.3%,16685000,-528370.2258158848,399.51460783270954,704,2:16:27
33.3%,16690000,-529052.9608785366,398.44814919918167,704,2:16:26
33.4%,16695000,-526855.215691898,399.1586718667117,704,2:16:25
33.4%,16700000,-527898.9666137644,405.24966870934014,704,2:16:24
33.4%,16705000,-526194.1660511368,401.27954388190284,704,2:16:22
33.4%,16710000,-527736.8791144644,402.0297349247185,704,2:16:21
33.4%,16715000,-528251.0808601803,402.07850470212594,704,2:16:20
33.4%,16720000,-525859.389112758,397.772143169887,704,2:16:19
33.4%,16725000,-528986.5275636269,402.5821973931361,704,2:16:18
33.4%,16730000,-527266.5998164471,399.92542206433126,704,2:16:16
33.4%,16735000,-528949.5425632847,404.17334817917356,704,2:16:15
33.4%,16740000,-528391.8273444339,400.7233525371443,704,2:16:14
33.5%,16745000,-528329.9116019523,397.4245481114941,704,2:16:13
33.5%,16750000,-526408.6593755023,404.25224335228324,704,2:16:11
33.5%,16755000,-528635.4073710823,396.83300603773955,704,2:16:10
33.5%,16760000,-529410.8987641414,396.3046831372138,704,2:16:09
33.5%,16765000,-529426.7813086081,401.29801653903957,704,2:16:08
33.5%,16770000,-529305.5003842302,401.4825959179194,704,2:16:07
33.5%,16775000,-526954.9368771608,397.75227218412243,704,2:16:05
33.5%,16780000,-526967.7812270857,400.48342878309796,704,2:16:04
33.5%,16785000,-528594.9242222086,404.7483310981243,704,2:16:03
33.5%,16790000,-528557.5598302432,400.186737793176,704,2:16:02
33.6%,16795000,-528666.9877824979,397.1254775096967,704,2:16:00
33.6%,16800000,-528369.7991347113,399.85185035283996,704,2:15:59
33.6%,16805000,-527260.9500893387,399.4820292288881,704,2:15:58
33.6%,16810000,-529134.4564886796,399.94602901253154,704,2:15:57
33.6%,16815000,-528232.4497714387,400.59213043485454,704,2:15:55
33.6%,16820000,-527859.770765055,402.207200000053,704,2:15:54
33.6%,16825000,-529096.7127514468,401.1424831442897,704,2:15:53
33.6%,16830000,-529108.4690257739,400.7607639609603,704,2:15:52
33.6%,16835000,-527385.0548112872,400.8426275158941,704,2:15:50
33.6%,16840000,-527176.5889892797,400.04849951566564,704,2:15:49
33.7%,16845000,-527838.0422251145,403.00795166220297,704,2:15:48
33.7%,16850000,-528098.2379942606,401.2770416096214,704,2:15:47
33.7%,16855000,-528759.8362374217,400.516988670167,704,2:15:46
33.7%,16860000,-527682.4694490172,398.22392597709745,704,2:15:44
33.7%,16865000,-528381.7926415736,400.01906101823664,704,2:15:43
33.7%,16870000,-527133.5779380263,402.1851211269813,704,2:15:42
33.7%,16875000,-526968.6665444309,397.8546200268506,704,2:15:41
33.7%,16880000,-528754.7970005744,399.83389286940826,704,2:15:39
33.7%,16885000,-529584.0237009809,397.5947516907961,704,2:15:38
33.7%,16890000,-528074.5707012252,398.0376293525342,704,2:15:37
33.8%,16895000,-527273.8597576092,399.90569827105384,704,2:15:36
33.8%,16900000,-527504.0687957867,402.9289338286873,704,2:15:34
33.8%,16905000,-529461.6536623677,399.720481058063,704,2:15:33
33.8%,16910000,-527409.1757367388,401.80168469796854,704,2:15:32
33.8%,16915000,-531191.5503450171,401.4740342215838,704,2:15:31
33.8%,16920000,-528533.2111023078,402.3139145532332,704,2:15:30
33.8%,16925000,-529089.4310508622,403.53190785227685,704,2:15:28
33.8%,16930000,-529335.029911825,404.01217240574977,704,2:15:27
33.8%,16935000,-527110.5715103159,400.4743519130573,704,2:15:26
33.8%,16940000,-528061.4835833171,399.2533411680272,704,2:15:25
33.9%,16945000,-528248.3541214787,397.887836464783,704,2:15:24
33.9%,16950000,-527578.8256802992,400.95643184053836,704,2:15:22
33.9%,16955000,-527635.5217358666,398.94453132999695,704,2:15:21
33.9%,16960000,-528553.263360498,399.44925436841714,704,2:15:20
33.9%,16965000,-527106.3969782819,403.3193373687582,704,2:15:19
33.9%,16970000,-527493.4626505445,397.7818088098762,704,2:15:17
33.9%,16975000,-527572.2822913099,403.3167615002332,704,2:15:16
33.9%,16980000,-528737.0841598934,402.9007464673991,704,2:15:15
33.9%,16985000,-527317.5434685652,404.79791043421096,704,2:15:14
33.9%,16990000,-529151.4638794023,401.8141469952135,704,2:15:13
34.0%,16995000,-527288.226915786,401.4514892389694,704,2:15:11
34.0%,17000000,-529431.788653296,400.5037413463239,704,2:15:10
34.0%,17005000,-525892.8125090776,399.0886327749119,704,2:15:09
34.0%,17010000,-528503.4714524182,402.3737482992576,704,2:15:08
34.0%,17015000,-525930.2537298291,401.90160386465885,704,2:15:06
34.0%,17020000,-527773.9044346847,398.8859487201132,704,2:15:05
34.0%,17025000,-526893.1738641728,398.0853687825316,704,2:15:04
34.0%,17030000,-527830.9263348388,405.79702850487,704,2:15:03
34.0%,17035000,-529173.1355389203,397.11375117488745,704,2:15:01
34.0%,17040000,-528674.9119683863,398.0445964635924,704,2:15:00
34.1%,17045000,-528137.9382190281,397.9592738852107,704,2:14:59
34.1%,17050000,-527270.3505197759,401.02826177426516,704,2:14:58
34.1%,17055000,-528175.6615492948,403.2220676668366,704,2:14:57
34.1%,17060000,-527524.046005025,400.28832514138725,704,2:14:55
34.1%,17065000,-528347.4251285847,404.5668427614745,704,2:14:54
34.1%,17070000,-528778.7468807362,401.887105404675,704,2:14:53
34.1%,17075000,-528575.8485014001,397.3838984529609,704,2:14:52
34.1%,17080000,-529819.9476739061,399.6408008583552,704,2:14:51
34.1%,17085000,-528893.0398354414,402.26269156770667,704,2:14:49
34.1%,17090000,-528283.3354892903,401.3024077815727,704,2:14:48
34.2%,17095000,-530277.4659453798,399.9404602301012,704,2:14:47
34.2%,17100000,-528287.5265255924,401.5423315356191,704,2:14:46
34.2%,17105000,-530130.197852422,401.09064685673343,704,2:14:44
34.2%,17110000,-528719.5023117578,398.5237570734118,704,2:14:43
34.2%,17115000,-528428.5316335298,402.28570265986366,704,2:14:42
34.2%,17120000,-528072.6882512122,400.7693747214583,704,2:14:41
34.2%,17125000,-528066.2192679541,401.5769217700981,704,2:14:39
34.2%,17130000,-527892.155381293,399.2149975251259,704,2:14:38
34.2%,17135000,-527805.2196130455,400.1412062504858,704,2:14:37
34.2%,17140000,-528771.919281445,401.41878797474203,704,2:14:36
34.3%,17145000,-528745.349424378,402.04553358500544,704,2:14:35
34.3%,17150000,-528006.0205015172,398.65721159508996,704,2:14:33
34.3%,17155000,-528128.9598683561,401.23813372885274,704,2:14:32
34.3%,17160000,-527472.8231896493,402.0013267746996,704,2:14:31
34.3%,17165000,-527819.0924084098,400.8172122797804,704,2:14:30
34.3%,17170000,-527844.7974067884,399.5304064929964,704,2:14:29
34.3%,17175000,-527194.2014255645,400.0463897566832,704,2:14:27
34.3%,17180000,-529018.2152385754,401.87552626235293,704,2:14:26
34.3%,17185000,-529178.4151089862,398.0119933276898,704,2:14:25
34.3%,17190000,-527442.2281562574,400.0755584012191,704,2:14:24
34.4%,17195000,-526308.1562858354,401.6447284425096,704,2:14:22
34.4%,17200000,-528143.7653085627,398.23319910378757,704,2:14:21
34.4%,17205000,-527692.4299969692,404.58323019171,704,2:14:20
34.4%,17210000,-527414.8656290136,400.9059202853665,704,2:14:19
34.4%,17215000,-528975.7164278007,399.4012205534455,704,2:14:18
34.4%,17220000,-529376.5253422293,400.6355031543999,704,2:14:16
34.4%,17225000,-528454.9823099975,396.7440036471792,704,2:14:15
34.4%,17230000,-527867.2277909517,400.2664179928838,704,2:14:14
34.4%,17235000,-527929.2422846542,401.6203435538059,704,2:14:13
34.4%,17240000,-526144.6149063762,401.99985484982807,704,2:14:11
34.5%,17245000,-528844.0125984838,402.0886855158201,704,2:14:10
34.5%,17250000,-527605.8990032016,403.0954821278919,704,2:14:09
34.5%,17255000,-527681.4979359121,399.6415858849533,704,2:14:08
34.5%,17260000,-527388.9199214317,398.24046059982004,704,2:14:06
34.5%,17265000,-528435.1615501959,403.20452722878514,704,2:14:05
34.5%,17270000,-528273.4988498213,399.1814376380569,704,2:14:04
34.5%,17275000,-529337.4889898296,402.45139233622655,704,2:14:03
34.5%,17280000,-529139.8344053845,402.47739634228884,704,2:14:02
34.5%,17285000,-527541.7955386825,400.36685233327904,704,2:14:00
34.5%,17290000,-530331.3693401855,404.5350001200888,704,2:13:59
34.6%,17295000,-527096.7030646233,400.6259111106543,704,2:13:58
34.6%,17300000,-529584.5716283582,400.55319802200466,704,2:13:57
34.6%,17305000,-528397.9137451979,402.39791239923056,704,2:13:55
34.6%,17310000,-527298.3558552451,401.24613118732094,704,2:13:54
34.6%,17315000,-528860.6879453226,401.53786669684234,704,2:13:53
34.6%,17320000,-527403.150179164,400.13737924582006,704,2:13:52
34.6%,17325000,-528433.7663280438,398.2186761117226,704,2:13:50
34.6%,17330000,-527288.9608196057,400.50526233535777,704,2:13:49
34.6%,17335000,-528459.5655617658,399.69908908326465,704,2:13:48
34.6%,17340000,-528243.3604851617,400.4307338727,704,2:13:47
34.7%,17345000,-526616.4977085087,406.14938278701396,704,2:13:46
34.7%,17350000,-528325.0745508946,395.79944492508855,704,2:13:44
34.7%,17355000,-529273.1761442805,397.72415841907775,704,2:13:43
34.7%,17360000,-528170.0653621699,397.9706567708833,704,2:13:42
34.7%,17365000,-529660.099246325,402.33739175493275,704,2:13:41
34.7%,17370000,-529106.395199961,402.2651447758258,704,2:13:40
34.7%,17375000,-526614.3089684416,395.16973093300106,704,2:13:38
34.7%,17380000,-528749.2524097641,403.6006222116923,704,2:13:37
34.7%,17385000,-528727.6559902518,398.4054143137472,704,2:13:36
34.7%,17390000,-529543.0559020457,402.16750709268626,704,2:13:35
34.8%,17395000,-529713.7105743885,403.2235150596269,704,2:13:33
34.8%,17400000,-527606.0161736296,399.4693706749937,704,2:13:32
34.8%,17405000,-528270.5486277351,399.4774662617866,704,2:13:31
34.8%,17410000,-527078.4732162319,398.8340633683946,704,2:13:30
34.8%,17415000,-527990.2335065124,398.68630664338224,704,2:13:28
34.8%,17420000,-530312.3099473882,401.29163819792996,704,2:13:27
34.8%,17425000,-530241.4271395644,403.4919941561794,704,2:13:26
34.8%,17430000,-528972.961197258,403.1628226907608,704,2:13:25
34.8%,17435000,-528793.3105498701,401.6096966305691,704,2:13:24
34.8%,17440000,-528932.0187722142,401.4603943844417,704,2:13:22
34.9%,17445000,-529366.6955658426,400.9726966103679,704,2:13:21
34.9%,17450000,-527619.4537136853,401.11233321650616,704,2:13:20
34.9%,17455000,-529311.1560716052,400.32308710043463,704,2:13:19
34.9%,17460000,-528167.0906688934,398.87996289230273,704,2:13:17
34.9%,17465000,-529292.7133920952,402.7826735606276,704,2:13:16
34.9%,17470000,-527999.746380399,398.50935674175275,704,2:13:15
34.9%,17475000,-528681.1725182035,402.9244199257482,704,2:13:14
34.9%,17480000,-527319.7561467052,401.3843939969124,704,2:13:13
34.9%,17485000,-528030.5704226615,404.38746418380714,704,2:13:11
34.9%,17490000,-529653.8439842463,402.8109835823218,704,2:13:10
35.0%,17495000,-526736.7652096604,397.61079567189495,704,2:13:09
35.0%,17500000,-528635.7223432744,401.45175909186247,704,2:13:08
35.0%,17505000,-528616.4908714178,404.9238826711259,704,2:13:07
35.0%,17510000,-529589.3638775446,403.37281730575427,704,2:13:05
35.0%,17515000,-529319.4722118205,402.20670935842924,704,2:13:04
35.0%,17520000,-527449.9015972316,402.44707468993704,704,2:13:03
35.0%,17525000,-527657.871042579,400.13578466054264,704,2:13:02
35.0%,17530000,-529225.6190370703,395.307404972644,704,2:13:00
35.0%,17535000,-527880.3350506327,401.76262962471276,704,2:12:59
35.0%,17540000,-529947.1794535373,399.0172198865654,704,2:12:58
35.1%,17545000,-528711.4512264561,397.7828882214486,704,2:12:57
35.1%,17550000,-528316.942290666,403.996128424651,704,2:12:55
35.1%,17555000,-529018.4232642599,401.7081684044691,704,2:12:54
35.1%,17560000,-529450.245259169,402.7742835888603,704,2:12:53
35.1%,17565000,-527760.8122990779,397.7084333550344,704,2:12:52
35.1%,17570000,-528810.513535813,400.4893164825837,704,2:12:51
35.1%,17575000,-527524.0363908149,401.5222888252861,704,2:12:49
35.1%,17580000,-527483.1276604123,400.3001496045212,704,2:12:48
35.1%,17585000,-526375.6595342364,400.179795214199,704,2:12:47
35.1%,17590000,-526220.3483986333,397.5411736254754,704,2:12:46
35.2%,17595000,-529330.5275485329,400.65696872544186,704,2:12:45
35.2%,17600000,-526802.57618467,400.20523498239385,704,2:12:43
35.2%,17605000,-529366.3084756513,398.5562375489084,704,2:12:42
35.2%,17610000,-527795.7815701081,401.62500464923215,704,2:12:41
35.2%,17615000,-526660.2866834784,398.7254107808004,704,2:12:40
35.2%,17620000,-528663.2143114475,401.6799810431808,704,2:12:38
35.2%,17625000,-527878.0916607496,396.9768866939238,704,2:12:37
35.2%,17630000,-528597.1840203088,402.44469507806144,704,2:12:36
35.2%,17635000,-528001.0926960772,398.9805934893475,704,2:12:35
35.2%,17640000,-528466.7974183126,401.02414038462507,704,2:12:34
35.3%,17645000,-528708.7852417342,401.73024727754085,704,2:12:32
35.3%,17650000,-528328.3228066191,399.6928088704798,704,2:12:31
35.3%,17655000,-529391.8030773317,396.55199104769855,704,2:12:30
35.3%,17660000,-528174.8124771658,399.1712077602003,704,2:12:29
35.3%,17665000,-528090.4499066588,399.7846569824582,704,2:12:28
35.3%,17670000,-527019.9855534714,400.3521576166458,704,2:12:26
35.3%,17675000,-527950.2560754316,400.7861546649928,704,2:12:25
35.3%,17680000,-529580.1802493823,397.8727001706883,704,2:12:24
35.3%,17685000,-526938.806291305,401.1429983179947,704,2:12:23
35.3%,17690000,-529614.1141626704,399.12597060248436,704,2:12:21
35.4%,17695000,-528759.156695812,401.7124369865963,704,2:12:20
35.4%,17700000,-529678.2767408849,401.07408770192967,704,2:12:19
35.4%,17705000,-527402.3833903796,402.0854718131841,704,2:12:18
35.4%,17710000,-530260.5372149558,403.7667289334355,704,2:12:17
35.4%,17715000,-527334.2291622264,401.48075601183007,704,2:12:15
35.4%,17720000,-530620.1306463722,401.4909122934431,704,2:12:14
35.4%,17725000,-530698.6113180974,401.50631844043096,704,2:12:13
35.4%,17730000,-529276.5518805338,402.1437355060123,704,2:12:12
35.4%,17735000,-527664.5815226911,398.71042167919285,704,2:12:10
35.4%,17740000,-527284.93219049,396.6684203050302,704,2:12:09
35.5%,17745000,-530038.026112231,400.45668881459994,704,2:12:08
35.5%,17750000,-527965.343569994,399.6001266677408,704,2:12:07
35.5%,17755000,-527471.2093636501,398.54291662882184,704,2:12:06
35.5%,17760000,-528221.5531250439,398.3740868460665,704,2:12:04
35.5%,17765000,-525809.7042642976,400.85322537496853,704,2:12:03
35.5%,17770000,-527520.1210725605,396.8848177932146,704,2:12:02
35.5%,17775000,-525813.4504931271,403.9433844500907,704,2:12:01
35.5%,17780000,-528082.3441822622,404.6979667354395,704,2:11:59
35.5%,17785000,-529045.6679282472,399.5207899171696,704,2:11:58
35.5%,17790000,-525897.5339041497,396.9782850225517,704,2:11:57
35.6%,17795000,-529823.7847806355,405.1122645225903,704,2:11:56
35.6%,17800000,-529063.0008067437,399.94087727548145,704,2:11:54
35.6%,17805000,-530711.0338597642,403.0131769954967,704,2:11:53
35.6%,17810000,-529876.0838735448,399.009197896016,704,2:11:52
35.6%,17815000,-529565.292183097,396.3825234308323,704,2:11:51
35.6%,17820000,-528799.4639967079,402.01099241468876,704,2:11:50
35.6%,17825000,-527792.9916699082,400.1201086606617,704,2:11:48
35.6%,17830000,-527923.2806728552,402.57356210055696,704,2:11:47
35.6%,17835000,-526732.5491033215,404.3079802407488,704,2:11:46
35.6%,17840000,-527671.552172014,402.81068919734753,704,2:11:45
35.7%,17845000,-526214.2354727113,403.00751008474157,704,2:11:43
35.7%,17850000,-529056.323033792,399.903539447909,704,2:11:42
35.7%,17855000,-527483.2253315081,399.1971627021002,704,2:11:41
35.7%,17860000,-527771.0484162765,400.58881860389374,704,2:11:40
35.7%,17865000,-528297.7826773208,400.1752077150163,704,2:11:39
35.7%,17870000,-528327.9855071953,400.61479807787487,704,2:11:37
35.7%,17875000,-527921.6559916371,402.568557555994,704,2:11:36
35.7%,17880000,-527840.7578610182,397.00078094100365,704,2:11:35
35.7%,17885000,-527304.5947079593,400.0451386205425,704,2:11:34
35.7%,17890000,-527422.3215898746,399.86772260937045,704,2:11:33
35.8%,17895000,-528644.2832532893,396.68905178531173,704,2:11:31
35.8%,17900000,-527679.763066282,397.6204367798029,704,2:11:30
35.8%,17905000,-528484.5715949936,401.3804688639219,704,2:11:29
35.8%,17910000,-528594.368195937,400.6273339713633,704,2:11:28
35.8%,17915000,-527651.9387742127,400.7517361550821,704,2:11:26
35.8%,17920000,-527185.7583110188,399.9673964552488,704,2:11:25
35.8%,17925000,-528372.8488726504,400.78227859616464,704,2:11:24
35.8%,17930000,-529627.5143819749,407.20791755831726,704,2:11:23
35.8%,17935000,-528783.4555605911,398.9203917621052,704,2:11:21
35.8%,17940000,-528750.1090810332,398.736671006067,704,2:11:20
35.9%,17945000,-529016.8080881909,399.2475025327037,704,2:11:19
35.9%,17950000,-527387.8725948464,401.03969372410006,704,2:11:18
35.9%,17955000,-529455.5358473356,398.6363347939965,704,2:11:17
35.9%,17960000,-527985.0000889865,397.6661891112238,704,2:11:15
35.9%,17965000,-527632.8740024469,401.57952217070437,704,2:11:14
35.9%,17970000,-527180.4378917804,398.62848452801546,704,2:11:13
35.9%,17975000,-527726.9132666392,401.0597609665142,704,2:11:12
35.9%,17980000,-528047.1552517326,403.0054003257592,704,2:11:10
35.9%,17985000,-528247.8706997195,398.76598684309005,704,2:11:09
35.9%,17990000,-528042.4703181349,395.8834427710859,704,2:11:08
36.0%,17995000,-529203.7818919783,401.13524618033836,704,2:11:07
36.0%,18000000,-527686.9622816187,398.8198347613039,704,2:11:05
36.0%,18005000,-528914.2504931148,399.56185662108305,704,2:11:04
36.0%,18010000,-526756.12669751,400.961657173832,704,2:11:03
36.0%,18015000,-529163.9861214017,404.4523270064757,704,2:11:02
36.0%,18020000,-527102.3224164932,396.9043453298425,704,2:11:01
36.0%,18025000,-528970.7444688538,399.33042096712876,704,2:10:59
36.0%,18030000,-528232.1975089731,400.3071412476606,704,2:10:58
36.0%,18035000,-528191.1322568967,402.0429331843992,704,2:10:57
36.0%,18040000,-527698.7979633966,397.06400011423244,704,2:10:56
36.1%,18045000,-527547.0892986953,401.4624550792617,704,2:10:54
36.1%,18050000,-528332.0801059832,398.0283316937629,704,2:10:53
36.1%,18055000,-529031.0346085946,400.25621264710844,704,2:10:52
36.1%,18060000,-528542.9729269478,400.5448080502374,704,2:10:51
36.1%,18065000,-526842.4277507863,399.08083157309323,704,2:10:50
36.1%,18070000,-526761.4388786014,399.4448876579652,704,2:10:48
36.1%,18075000,-528048.7943432955,400.1272229642071,704,2:10:47
36.1%,18080000,-526946.8536770595,403.8629682879471,704,2:10:46
36.1%,18085000,-526805.0085475827,400.1166251051326,704,2:10:45
36.1%,18090000,-527299.3773430204,399.89173951685626,704,2:10:43
36.2%,18095000,-528800.6451200387,398.5625177616933,704,2:10:42
36.2%,18100000,-528618.7226202497,397.10384021408635,704,2:10:41
36.2%,18105000,-529459.0007831664,397.5158319856052,704,2:10:40
36.2%,18110000,-529134.8352909675,401.5849682927287,704,2:10:39
36.2%,18115000,-528069.8136073989,401.9873434884208,704,2:10:37
36.2%,18120000,-529731.231659696,402.0612831811299,704,2:10:36
36.2%,18125000,-528584.6847613538,399.793243210875,704,2:10:35
36.2%,18130000,-529215.1901093647,399.43164033412216,704,2:10:34
36.2%,18135000,-528293.0541653135,401.6232383393864,704,2:10:33
36.2%,18140000,-529430.9528134959,398.0109384481986,704,2:10:31
36.3%,18145000,-529611.2153735915,402.97868488934233,704,2:10:30
36.3%,18150000,-528575.3029991151,396.648205870129,704,2:10:29
36.3%,18155000,-529211.9533151961,400.2298651919094,704,2:10:28
36.3%,18160000,-527530.0734082996,399.2302564796266,704,2:10:26
36.3%,18165000,-528093.1431189575,401.0760012042625,704,2:10:25
36.3%,18170000,-527361.7256089556,399.86352762348673,704,2:10:24
36.3%,18175000,-528718.9567612675,399.0048557176452,704,2:10:23
36.3%,18180000,-528575.6650691349,399.8294525627127,704,2:10:21
36.3%,18185000,-527821.5122194383,400.5801342471522,704,2:10:20
36.3%,18190000,-527565.6574675036,397.7060537431589,704,2:10:19
36.4%,18195000,-528116.6109519596,401.39258771203026,704,2:10:18
36.4%,18200000,-528087.4950988055,400.1070085293058,704,2:10:16
36.4%,18205000,-527857.6452492476,404.02080769832895,704,2:10:15
36.4%,18210000,-529941.528776627,399.4803855794483,704,2:10:14
36.4%,18215000,-528269.7883457872,404.82315394575636,704,2:10:13
36.4%,18220000,-529457.4746774319,399.25917980335055,704,2:10:12
36.4%,18225000,-529008.7078004708,401.95331749180906,704,2:10:10
36.4%,18230000,-528521.9140102905,397.6401360409992,704,2:10:09
36.4%,18235000,-529645.5557715357,401.1359821427741,704,2:10:08
36.4%,18240000,-526723.8638709034,399.8598968754705,704,2:10:07
36.5%,18245000,-527299.7005197178,399.00564074424335,704,2:10:05
36.5%,18250000,-529602.9011175437,401.77911518327295,704,2:10:04
36.5%,18255000,-529328.0405162331,404.1417017944374,704,2:10:03
36.5%,18260000,-527966.5598778524,404.7317964754017,704,2:10:02
36.5%,18265000,-527694.658578271,396.89161317970445,704,2:10:01
36.5%,18270000,-527665.9493624647,400.94335624126364,704,2:09:59
36.5%,18275000,-530163.5714835948,402.5026643859154,704,2:09:58
36.5%,18280000,-525847.4692958868,399.74076908920784,704,2:09:57
36.5%,18285000,-527731.8666485138,398.22296922593097,704,2:09:56
36.5%,18290000,-526998.2471180316,400.56227489204525,704,2:09:54
36.6%,18295000,-528258.0852702032,401.85921242836105,704,2:09:53
36.6%,18300000,-530408.4033083664,397.99160716822024,704,2:09:52
36.6%,18305000,-528445.9982367856,398.52969383705994,704,2:09:51
36.6%,18310000,-528466.9836062561,404.3923706000453,704,2:09:50
36.6%,18315000,-528206.6059416523,398.2090104717334,704,2:09:48
36.6%,18320000,-527773.6507316437,401.52361355767044,704,2:09:47
36.6%,18325000,-527141.4816475073,397.2403367138321,704,2:09:46
36.6%,18330000,-527012.1136882091,401.04958015282,704,2:09:45
36.6%,18335000,-528317.6238973192,400.7252905715584,704,2:09:43
36.6%,18340000,-527327.0046713431,402.4026225588192,704,2:09:42
36.7%,18345000,-529382.968679639,398.51210433484613,704,2:09:41
36.7%,18350000,-528757.6086633122,398.30728598898384,704,2:09:40
36.7%,18355000,-528958.6788581973,400.1901232203803,704,2:09:39
36.7%,18360000,-529947.6983780856,399.13058263374825,704,2:09:37
36.7%,18365000,-528819.8562080823,397.93027696524314,704,2:09:36
36.7%,18370000,-527682.3054302158,402.3565022461804,704,2:09:35
36.7%,18375000,-528982.5611393335,400.7204086874014,704,2:09:34
36.7%,18380000,-528956.4739135401,395.37140917247086,704,2:09:32
36.7%,18385000,-530182.7640687185,400.2304048976957,704,2:09:31
36.7%,18390000,-527878.8522854806,398.5782673578178,704,2:09:30
36.8%,18395000,-527443.0391558446,400.4510955000884,704,2:09:29
36.8%,18400000,-528630.2225615792,402.3949194853253,704,2:09:27
36.8%,18405000,-528977.9425622723,403.86885598743294,704,2:09:26
36.8%,18410000,-527847.3916600761,399.58844939709394,704,2:09:25
36.8%,18415000,-526477.1453786679,402.9544962572882,704,2:09:24
36.8%,18420000,-527328.3148013232,400.8613209617615,704,2:09:23
36.8%,18425000,-527785.5988079957,397.7950561337193,704,2:09:21
36.8%,18430000,-526962.1510055582,398.75573243315233,704,2:09:20
36.8%,18435000,-529080.1246719859,401.69084875514835,704,2:09:19
36.8%,18440000,-527776.7706819968,398.59696080368525,704,2:09:18
36.9%,18445000,-527983.6250743405,402.63013307978304,704,2:09:16
36.9%,18450000,-529318.563272519,403.06059750843855,704,2:09:15
36.9%,18455000,-529829.3213508651,401.86590968652615,704,2:09:14
36.9%,18460000,-527749.9077357263,400.5056548486568,704,2:09:13
36.9%,18465000,-529511.6125565809,396.04896072288057,704,2:09:12
36.9%,18470000,-528947.7868965734,400.72242031805905,704,2:09:10
36.9%,18475000,-528681.1083871294,401.07465193979704,704,2:09:09
36.9%,18480000,-528363.4953973237,400.98672896080905,704,2:09:08
36.9%,18485000,-528471.3037804784,396.161121398085,704,2:09:07
36.9%,18490000,-529654.0911901249,400.2949978674711,704,2:09:06
37.0%,18495000,-527114.9612353826,403.4479100062794,704,2:09:04
37.0%,18500000,-530576.6008865209,398.34673357553874,704,2:09:03
37.0%,18505000,-527486.2083994919,403.1953522304198,704,2:09:02
37.0%,18510000,-528561.000677532,402.6884213046924,704,2:09:01
37.0%,18515000,-528182.8158378834,400.25969620263754,704,2:09:00
37.0%,18520000,-527983.1465700348,398.21298466888635,704,2:08:58
37.0%,18525000,-528664.6282708491,398.8635263979048,704,2:08:57
37.0%,18530000,-528823.9731048653,402.57280160604006,704,2:08:56
37.0%,18535000,-529126.0575570888,401.4931692449126,704,2:08:55
37.0%,18540000,-529032.2005508053,398.88298033828914,704,2:08:53
37.1%,18545000,-525784.8352182531,397.57063665498555,704,2:08:52
37.1%,18550000,-527128.8197611431,398.5966173545485,704,2:08:51
37.1%,18555000,-528193.3343888153,403.3379817504633,704,2:08:50
37.1%,18560000,-529469.5439102356,398.80729886781546,704,2:08:49
37.1%,18565000,-528621.5862945337,400.39319978847806,704,2:08:47
37.1%,18570000,-528436.6719378745,399.50131144470413,704,2:08:46
37.1%,18575000,-527759.6253758892,401.82258603114315,704,2:08:45
37.1%,18580000,-528506.583461348,398.8963012583758,704,2:08:44
37.1%,18585000,-528014.9892828651,400.0277699070594,704,2:08:42
37.1%,18590000,-528051.8554404872,400.3616024679043,704,2:08:41
37.2%,18595000,-527773.251820385,400.6630526815772,704,2:08:40
37.2%,18600000,-526916.1946652085,400.38066389498954,704,2:08:39
37.2%,18605000,-527571.9644404543,399.17182106223004,704,2:08:38
37.2%,18610000,-527769.5413865875,398.95714081972903,704,2:08:36
37.2%,18615000,-528774.7269225921,402.83924453985367,704,2:08:35
37.2%,18620000,-528783.7784394701,400.8394874095017,704,2:08:34
37.2%,18625000,-528557.9587609526,401.3370961443766,704,2:08:33
37.2%,18630000,-528326.3807776575,396.9583404405435,704,2:08:31
37.2%,18635000,-528685.1813358446,399.51588350093147,704,2:08:30
37.2%,18640000,-529012.6332483329,401.5904880109967,704,2:08:29
37.3%,18645000,-527832.8344924189,400.6012809011387,704,2:08:28
37.3%,18650000,-528180.5486031701,401.51546890671506,704,2:08:26
37.3%,18655000,-527999.2214943217,398.5326131547217,704,2:08:25
37.3%,18660000,-526782.52387921,402.1034292966158,704,2:08:24
37.3%,18665000,-528422.6324673304,402.2629123564374,704,2:08:23
37.3%,18670000,-529642.58191264,402.07296045177674,704,2:08:22
37.3%,18675000,-528230.9681158857,403.801122911265,704,2:08:20
37.3%,18680000,-527475.9651084952,402.1786937217093,704,2:08:19
37.3%,18685000,-527322.7612358453,405.08282602516135,704,2:08:18
37.3%,18690000,-528298.220491271,397.7316161717598,704,2:08:17
37.4%,18695000,-527164.8878991506,399.56543830493695,704,2:08:15
37.4%,18700000,-528814.8749032328,400.30132714441834,704,2:08:14
37.4%,18705000,-528391.2217162559,402.94841230115287,704,2:08:13
37.4%,18710000,-526762.3818076975,403.86983727068053,704,2:08:12
37.4%,18715000,-528391.6762171821,398.2068516485886,704,2:08:11
37.4%,18720000,-527978.6365921949,401.79533088894016,704,2:08:09
37.4%,18725000,-527829.1284799804,397.8323448971293,704,2:08:08
37.4%,18730000,-528716.5591747402,398.8424533401619,704,2:08:07
37.4%,18735000,-530695.3172240453,401.37850629742667,704,2:08:06
37.4%,18740000,-528754.1662649415,397.97821265189003,704,2:08:04
37.5%,18745000,-528210.6659069606,401.78684278884805,704,2:08:03
37.5%,18750000,-528276.8225069861,402.24269792153615,704,2:08:02
37.5%,18755000,-528159.9038400464,397.2525046261028,704,2:08:01
37.5%,18760000,-525891.7614807105,403.16517777055503,704,2:08:00
37.5%,18765000,-527317.2261349228,400.2606774858852,704,2:07:58
37.5%,18770000,-529287.338069051,398.60726427778536,704,2:07:57
37.5%,18775000,-528027.0025717546,399.2938436340732,704,2:07:56
37.5%,18780000,-528212.6561040496,402.643380403626,704,2:07:55
37.5%,18785000,-528371.169870914,400.05706121200126,704,2:07:53
37.5%,18790000,-529290.086274358,401.3895947981249,704,2:07:52
37.6%,18795000,-528823.0522669731,399.98994143786314,704,2:07:51
37.6%,18800000,-528391.8055578601,396.38760157163875,704,2:07:50
37.6%,18805000,-528623.2560331309,397.2428389861136,704,2:07:49
37.6%,18810000,-527573.301894098,399.94843315648825,704,2:07:47
37.6%,18815000,-527594.8125712122,400.0156755910323,704,2:07:46
37.6%,18820000,-528408.987528285,400.144959658908,704,2:07:45
37.6%,18825000,-529538.5273011373,399.9115859705396,704,2:07:44
37.6%,18830000,-528505.4743092433,401.47059973021703,704,2:07:42
37.6%,18835000,-528838.0844797813,400.794789957572,704,2:07:41
37.6%,18840000,-528213.9889402436,400.6290512170467,704,2:07:40
37.7%,18845000,-529122.7103165612,401.7495294933569,704,2:07:39
37.7%,18850000,-525796.5699622831,401.95373453718935,704,2:07:38
37.7%,18855000,-528717.5408879453,401.7362821695138,704,2:07:36
37.7%,18860000,-527551.9211402405,400.6277755488248,704,2:07:35
37.7%,18865000,-527684.3784770267,397.4591383459732,704,2:07:34
37.7%,18870000,-527415.9028678597,399.37595250981894,704,2:07:33
37.7%,18875000,-528979.3384283381,401.17731869958067,704,2:07:31
37.7%,18880000,-526870.6108982991,400.07793801309464,704,2:07:30
37.7%,18885000,-528955.8299831082,400.3761745241316,704,2:07:29
37.7%,18890000,-527211.8616035567,401.16355620203257,704,2:07:28
37.8%,18895000,-528006.1025424544,399.5366131095377,704,2:07:27
37.8%,18900000,-528030.0771388337,399.5659534786419,704,2:07:25
37.8%,18905000,-526853.5319084139,398.75857815457044,704,2:07:24
37.8%,18910000,-528054.1741143912,398.1437060716034,704,2:07:23
37.8%,18915000,-529865.4066498107,400.7770287307898,704,2:07:22
37.8%,18920000,-526669.172445003,399.22400079892293,704,2:07:20
37.8%,18925000,-529121.9286340568,400.2518950008189,704,2:07:19
37.8%,18930000,-527656.8778117965,400.42982618569596,704,2:07:18
37.8%,18935000,-527015.7883059997,401.51588595209535,704,2:07:17
37.8%,18940000,-527238.6339705074,399.1451546899756,704,2:07:15
37.9%,18945000,-529695.6220720019,398.81981022922275,704,2:07:14
37.9%,18950000,-527360.4880387657,398.1878638177469,704,2:07:13
37.9%,18955000,-528137.1331847585,400.30890755750636,704,2:07:12
37.9%,18960000,-528257.9277259563,398.5954398146514,704,2:07:11
37.9%,18965000,-526269.263234532,400.2065106506158,704,2:07:09
37.9%,18970000,-527917.0584157901,397.85071942594124,704,2:07:08
37.9%,18975000,-528032.5239468161,398.96840104499563,704,2:07:07
37.9%,18980000,-528557.3883674252,398.1230500592407,704,2:07:06
37.9%,18985000,-528335.3841925012,404.3189215489599,704,2:07:05
37.9%,18990000,-530487.5703015556,401.83507286046927,704,2:07:03
38.0%,18995000,-528845.27864285,399.1100247497103,704,2:07:02
38.0%,19000000,-527461.0349627584,399.86571097871274,704,2:07:01
38.0%,19005000,-530017.9442560333,404.3206387946433,704,2:07:00
38.0%,19010000,-527808.4515653574,400.87142817921216,704,2:06:58
38.0%,19015000,-528708.4889853452,398.81794579105224,704,2:06:57
38.0%,19020000,-526714.5928054457,401.4317409136108,704,2:06:56
38.0%,19025000,-528019.3225410916,404.8692742583951,704,2:06:55
38.0%,19030000,-528145.7643211773,399.7481532456463,704,2:06:54
38.0%,19035000,-528526.0348033821,401.4603453202793,704,2:06:52
38.0%,19040000,-529592.6959870132,395.92946495539996,704,2:06:51
38.1%,19045000,-527664.2347618779,401.6034900140278,704,2:06:50
38.1%,19050000,-528665.4361534496,400.6867997361699,704,2:06:49
38.1%,19055000,-526831.6771747111,401.2379620042844,704,2:06:47
38.1%,19060000,-528869.1912288987,400.85508981313905,704,2:06:46
38.1%,19065000,-527395.325070824,403.0928571952045,704,2:06:45
38.1%,19070000,-528805.0524511021,401.77729980926483,704,2:06:44
38.1%,19075000,-527470.7485008202,395.07606744701445,704,2:06:42
38.1%,19080000,-527586.4417984458,399.05315938550996,704,2:06:41
38.1%,19085000,-528836.9630833846,401.8510432453245,704,2:06:40
38.1%,19090000,-528541.3074681321,399.6831186984094,704,2:06:39
38.2%,19095000,-527182.5926564019,402.7175654171471,704,2:06:37
38.2%,19100000,-528191.2098465473,398.50329731769864,704,2:06:36
38.2%,19105000,-526242.2494386602,402.8051449469984,704,2:06:35
38.2%,19110000,-528325.9849065002,397.20805249498505,704,2:06:34
38.2%,19115000,-528165.9038854949,399.84505496635006,704,2:06:33
38.2%,19120000,-527368.9386602216,399.4967730096838,704,2:06:31
38.2%,19125000,-529575.8932990329,402.29512297904097,704,2:06:30
38.2%,19130000,-526705.5741667412,397.45042945715045,704,2:06:29
38.2%,19135000,-526945.9082262181,400.1937785004778,704,2:06:28
38.2%,19140000,-530067.5127100176,397.70416477290723,704,2:06:26
38.3%,19145000,-528818.9525320474,402.06138130945476,704,2:06:25
38.3%,19150000,-529107.0422245739,399.97917185422034,704,2:06:24
38.3%,19155000,-528084.0617304817,403.7722486517034,704,2:06:23
38.3%,19160000,-529022.6769047873,398.62166460944445,704,2:06:22
38.3%,19165000,-526671.9374200162,404.4012512134364,704,2:06:20
38.3%,19170000,-527844.6136513553,403.6365862427181,704,2:06:19
38.3%,19175000,-528073.0452400451,399.3470046540138,704,2:06:18
38.3%,19180000,-528561.6578359366,396.7390481667787,704,2:06:17
38.3%,19185000,-527252.9932207018,399.5058744118056,704,2:06:15
38.3%,19190000,-527809.4065744947,397.17064107116903,704,2:06:14
38.4%,19195000,-527838.1958710798,397.21553477974817,704,2:06:13
38.4%,19200000,-527905.734435535,401.9454426937468,704,2:06:12
38.4%,19205000,-526641.5902870176,401.0565963280406,704,2:06:11
38.4%,19210000,-527420.8752480163,397.92286827672353,704,2:06:10
38.4%,19215000,-526709.2937408006,404.9364185646144,704,2:06:08
38.4%,19220000,-526817.9635001523,395.5229683700678,704,2:06:07
38.4%,19225000,-527836.3945806581,402.0918501542937,704,2:06:06
38.4%,19230000,-528013.2460461701,401.1112538049337,704,2:06:05
38.4%,19235000,-528683.3291463177,402.80659233978866,704,2:06:03
38.4%,19240000,-527340.7479882445,399.13848196389165,704,2:06:02
38.5%,19245000,-527679.6720991055,403.2509909905606,704,2:06:01
38.5%,19250000,-526100.3222725457,399.52660402041187,704,2:06:00
38.5%,19255000,-528495.5483731944,402.09101606353323,704,2:05:59
38.5%,19260000,-530447.1264326433,398.33893237372,704,2:05:57
38.5%,19265000,-528203.572549867,398.94281408431357,704,2:05:56
38.5%,19270000,-527647.8086901614,402.0710469494439,704,2:05:55
38.5%,19275000,-528105.072867943,398.3771533562154,704,2:05:54
38.5%,19280000,-527777.1395468228,399.0731039675181,704,2:05:52
38.5%,19285000,-528492.3524013106,398.3345411311869,704,2:05:51
38.5%,19290000,-526420.7931057392,399.43684113533465,704,2:05:50
38.6%,19295000,-527034.12734763,398.5338642908624,704,2:05:49
38.6%,19300000,-527594.5289187911,399.0834319736994,704,2:05:48
38.6%,19305000,-529217.5489109159,401.1838442331774,704,2:05:46
38.6%,19310000,-526973.0982294376,399.2161014687795,704,2:05:45
38.6%,19315000,-528786.4953339221,400.6211028227409,704,2:05:44
38.6%,19320000,-527019.0381229562,397.97046051423376,704,2:05:43
38.6%,19325000,-529820.0469545433,399.10874908148844,704,2:05:42
38.6%,19330000,-527124.6692407071,400.32092827728985,704,2:05:40
38.6%,19335000,-528320.5444619395,398.4205260757608,704,2:05:39
38.6%,19340000,-529187.8433188824,400.20204581183907,704,2:05:38
38.7%,19345000,-526224.8541329247,400.10892203163866,704,2:05:37
38.7%,19350000,-527015.6245523156,395.28535063165344,704,2:05:35
38.7%,19355000,-527791.722676063,400.9357758281757,704,2:05:34
38.7%,19360000,-527223.7751730056,403.22621358855787,704,2:05:33
38.7%,19365000,-527658.6077138907,398.01589392859916,704,2:05:32
38.7%,19370000,-527824.3619368924,401.41098677292337,704,2:05:31
38.7%,19375000,-527595.490903466,401.18112117216526,704,2:05:29
38.7%,19380000,-529306.8231700053,400.85160625760994,704,2:05:28
38.7%,19385000,-528890.3952860278,400.23239199627216,704,2:05:27
38.7%,19390000,-529329.5074691637,399.1559733377807,704,2:05:26
38.8%,19395000,-530088.2559155221,400.3276991316985,704,2:05:24
38.8%,19400000,-529395.5243738499,403.51606012782753,704,2:05:23
38.8%,19405000,-525789.0616188766,396.5067048258203,704,2:05:22
38.8%,19410000,-529694.8778169239,403.2316597105822,704,2:05:21
38.8%,19415000,-528639.270598996,402.0368246961827,704,2:05:20
38.8%,19420000,-526765.3872439358,400.12989696105683,704,2:05:18
38.8%,19425000,-527148.3692920418,401.0230364409715,704,2:05:17
38.8%,19430000,-528186.125299295,401.22356167262535,704,2:05:16
38.8%,19435000,-527819.425966368,402.275202929114,704,2:05:15
38.8%,19440000,-528562.250334037,401.5086735202252,704,2:05:14
38.9%,19445000,-527669.943895503,399.51887641483677,704,2:05:12
38.9%,19450000,-527394.2853870164,400.5810174020751,704,2:05:11
38.9%,19455000,-528020.0502372058,401.03044512949117,704,2:05:10
38.9%,19460000,-527663.3291015062,400.04410827313245,704,2:05:09
38.9%,19465000,-528118.6284338604,399.5526816227177,704,2:05:07
38.9%,19470000,-528418.7987009902,402.489883171615,704,2:05:06
38.9%,19475000,-527990.2439092523,402.5261661196962,704,2:05:05
38.9%,19480000,-528022.2611243171,399.06839380792945,704,2:05:04
38.9%,19485000,-529188.2339879028,400.26146251248326,704,2:05:02
38.9%,19490000,-527847.2872393443,401.11471282838164,704,2:05:01
39.0%,19495000,-527936.1306751999,401.57608767933766,704,2:05:00
39.0%,19500000,-526851.3701032414,403.56156713843654,704,2:04:59
39.0%,19505000,-528228.5461135102,399.23175293657926,704,2:04:58
39.0%,19510000,-529430.073721495,402.3895224274633,704,2:04:56
39.0%,19515000,-528610.8472036226,402.2849176332656,704,2:04:55
39.0%,19520000,-527497.617820154,398.5057259937365,704,2:04:54
39.0%,19525000,-527364.9243034823,398.6694776356853,704,2:04:53
39.0%,19530000,-526982.0555359074,397.4252104776863,704,2:04:51
39.0%,19535000,-530232.4138377872,399.7309807888127,704,2:04:50
39.0%,19540000,-527735.0444555217,399.7155010455813,704,2:04:49
39.1%,19545000,-528848.7577378945,398.6922924711928,704,2:04:48
39.1%,19550000,-526200.5270709074,399.20045000097974,704,2:04:47
39.1%,19555000,-527289.5470615607,399.5450766775486,704,2:04:46
39.1%,19560000,-527895.4346700264,400.6256657898424,704,2:04:44
39.1%,19565000,-528233.5738554546,404.42092594255143,704,2:04:43
39.1%,19570000,-527243.7520154887,402.81738645551263,704,2:04:42
39.1%,19575000,-529190.1920332266,406.0376882213521,704,2:04:41
39.1%,19580000,-527008.3314286098,401.00527521418934,704,2:04:39
39.1%,19585000,-527550.3481682143,398.39952661426145,704,2:04:38
39.1%,19590000,-526720.3605145877,398.86291309587506,704,2:04:37
39.2%,19595000,-527080.671681915,403.8207240441365,704,2:04:36
39.2%,19600000,-527801.7628021608,400.80779196060314,704,2:04:34
39.2%,19605000,-528168.4281780994,396.25422064620426,704,2:04:33
39.2%,19610000,-528558.1899004956,405.2815604148883,704,2:04:32
39.2%,19615000,-527832.9699797994,402.4692516913335,704,2:04:31
39.2%,19620000,-527311.7288263813,403.3187485988097,704,2:04:29
39.2%,19625000,-530385.3671508399,397.8374966341794,704,2:04:28
39.2%,19630000,-527339.9640466128,403.92837081640187,704,2:04:27
39.2%,19635000,-527932.9962117579,401.929006199349,704,2:04:26
39.2%,19640000,-526678.9911095207,403.4519823317571,704,2:04:24
39.3%,19645000,-528994.3174603498,396.55037193033996,704,2:04:23
39.3%,19650000,-528319.5314607522,400.60447007169347,704,2:04:22
39.3%,19655000,-528309.0451963786,399.8228289007912,704,2:04:21
39.3%,19660000,-528108.2635376086,397.6844900437922,704,2:04:20
39.3%,19665000,-529531.303377585,403.004222785862,704,2:04:18
39.3%,19670000,-529633.3187903501,401.06380875991067,704,2:04:17
39.3%,19675000,-528207.7188994042,402.1209942667484,704,2:04:16
39.3%,19680000,-528626.5264794389,398.74454580412925,704,2:04:15
39.3%,19685000,-527682.6247846512,399.0263212886872,704,2:04:14
39.3%,19690000,-528821.3551957654,400.11566835396616,704,2:04:12
39.4%,19695000,-527684.613721183,403.8373077310215,704,2:04:11
39.4%,19700000,-528950.3819764378,397.4289393540273,704,2:04:10
39.4%,19705000,-528625.7075770339,398.9234828043352,704,2:04:09
39.4%,19710000,-528345.9684749548,401.4862511980168,704,2:04:07
39.4%,19715000,-529248.3869772907,399.16522193238967,704,2:04:06
39.4%,19720000,-530112.5529208076,396.93312146107934,704,2:04:05
39.4%,19725000,-526429.0265991134,399.3537019121789,704,2:04:04
39.4%,19730000,-527996.0467255134,403.7428592184368,704,2:04:02
39.4%,19735000,-528412.3755599181,401.4196711296649,704,2:04:01
39.4%,19740000,-528028.2179711359,397.5005239669421,704,2:04:00
39.5%,19745000,-528958.1542544146,402.76157597080345,704,2:03:59
39.5%,19750000,-527124.1125446903,399.6800521882605,704,2:03:58
39.5%,19755000,-528823.6067417478,399.0348093887792,704,2:03:56
39.5%,19760000,-528011.3001157483,405.06425523969983,704,2:03:55
39.5%,19765000,-529055.5989825875,401.2961275687878,704,2:03:54
39.5%,19770000,-525779.8106000577,401.9690425558524,704,2:03:53
39.5%,19775000,-528961.8928067172,398.38821732483245,704,2:03:51
39.5%,19780000,-528032.1753372392,401.36337000333197,704,2:03:50
39.5%,19785000,-527665.4090199326,401.2058495100056,704,2:03:49
39.5%,19790000,-526437.3194617303,398.5978439586081,704,2:03:48
39.6%,19795000,-528309.2222314975,401.11554691914216,704,2:03:46
39.6%,19800000,-527796.5231609079,399.17184559431126,704,2:03:45
39.6%,19805000,-528402.1737700505,403.6599898481742,704,2:03:44
39.6%,19810000,-527795.0016176281,402.61448161198325,704,2:03:43
39.6%,19815000,-527223.6676665554,399.9558173129267,704,2:03:42
39.6%,19820000,-526642.3603911684,397.5630562418976,704,2:03:40
39.6%,19825000,-526616.6792337159,399.5180423240763,704,2:03:39
39.6%,19830000,-530328.6957402211,400.3330961895605,704,2:03:38
39.6%,19835000,-527688.9134716764,395.99140846040683,704,2:03:37
39.6%,19840000,-528397.0216850899,398.03564225395775,704,2:03:35
39.7%,19845000,-527005.6455647368,400.06329236062373,704,2:03:34
39.7%,19850000,-528298.4422473516,398.3723450683019,704,2:03:33
39.7%,19855000,-528737.7060577562,399.48011572655525,704,2:03:32
39.7%,19860000,-528509.2763638436,399.54699017988145,704,2:03:31
39.7%,19865000,-527558.376646,402.9763788737104,704,2:03:29
39.7%,19870000,-528750.8870709683,394.4190492485616,704,2:03:28
39.7%,19875000,-527288.5451495722,400.6711482683702,704,2:03:27
39.7%,19880000,-527846.3860533,401.6580984267586,704,2:03:26
39.7%,19885000,-528396.2882891111,399.6131777349343,704,2:03:24
39.7%,19890000,-528367.0299427873,401.95373453718935,704,2:03:23
39.8%,19895000,-527766.5592935965,401.88489751736785,704,2:03:22
39.8%,19900000,-528654.688249201,401.11100848412184,704,2:03:21
39.8%,19905000,-527558.8544987687,400.3277481958609,704,2:03:20
39.8%,19910000,-528292.3828828628,398.9004226480158,704,2:03:18
39.8%,19915000,-527194.6010084664,401.48944036857165,704,2:03:17
39.8%,19920000,-527819.5446535051,402.02693826746275,704,2:03:16
39.8%,19925000,-528568.6996187703,398.17989089135983,704,2:03:15
39.8%,19930000,-528875.960451642,398.08377419725423,704,2:03:13
39.8%,19935000,-528304.0907212277,399.6967340034703,704,2:03:12
39.8%,19940000,-528652.2699335837,398.527510481834,704,2:03:11
39.9%,19945000,-529412.5929152793,400.44667972547404,704,2:03:10
39.9%,19950000,-528000.4559050105,400.67944011181265,704,2:03:08
39.9%,19955000,-528219.2234117272,402.9568758691637,704,2:03:07
39.9%,19960000,-528886.6672590971,399.8015350543175,704,2:03:06
39.9%,19965000,-527446.674400554,401.3289024292588,704,2:03:05
39.9%,19970000,-528536.6839101147,399.18418523115025,704,2:03:03
39.9%,19975000,-529177.2426964976,400.71084117573696,704,2:03:02
39.9%,19980000,-526715.9998646546,400.67796818694126,704,2:03:01
39.9%,19985000,-528927.3389574196,400.1964524973275,704,2:03:00
39.9%,19990000,-527925.9501036331,400.3391801456958,704,2:02:59
40.0%,19995000,-530037.7987309257,399.2199530055264,704,2:02:57
40.0%,20000000,-529015.9801441263,398.8235145734826,704,2:02:56
40.0%,20005000,-528313.6913274867,397.6268641850749,704,2:02:55
40.0%,20010000,-527830.2294465974,394.92475357022937,704,2:02:54
40.0%,20015000,-529141.526996721,399.56367199509117,704,2:02:52
40.0%,20020000,-527308.5762579669,402.8641691343435,704,2:02:51
40.0%,20025000,-528019.5445204014,397.7633116206583,704,2:02:50
40.0%,20030000,-526994.7599685281,401.0302243407604,704,2:02:49
40.0%,20035000,-528662.7930433601,402.7004174923947,704,2:02:48
40.0%,20040000,-526620.2674759775,401.5772161550724,704,2:02:46
40.0%,20045000,-526353.070161527,398.97531909189144,704,2:02:45
40.1%,20050000,-526551.8471912201,402.04070076501085,704,2:02:44
40.1%,20055000,-528507.6027237102,402.4150112598206,704,2:02:43
40.1%,20060000,-530258.4143655752,402.7968531035559,704,2:02:41
40.1%,20065000,-529422.1523245326,398.81387346557455,704,2:02:40
40.1%,20070000,-528751.9512032517,403.195254102095,704,2:02:39
40.1%,20075000,-528425.4640888441,396.75398820422384,704,2:02:38
40.1%,20080000,-527870.9512008531,406.5461892002757,704,2:02:36
40.1%,20085000,-525566.7861178936,396.94877292887907,704,2:02:35
40.1%,20090000,-527106.4265279635,401.7511976748778,704,2:02:34
40.1%,20095000,-527319.3432246107,400.57520329883283,704,2:02:33
40.2%,20100000,-526349.5123099792,402.78998412082245,704,2:02:32
40.2%,20105000,-528730.6934057921,401.8858297364531,704,2:02:30
40.2%,20110000,-527110.4285778152,403.48978626887214,704,2:02:29
40.2%,20115000,-529272.1910720486,400.18767001226126,704,2:02:28
40.2%,20120000,-528120.6479612137,399.5141171910857,704,2:02:27
40.2%,20125000,-528008.7616346632,400.89623011329604,704,2:02:26
40.2%,20130000,-529929.41695779,396.8327607169276,704,2:02:24
40.2%,20135000,-527740.2143424288,398.89524637888456,704,2:02:23
40.2%,20140000,-527368.35278176,403.67627915008484,704,2:02:22
40.2%,20145000,-526554.6938656131,401.101391908295,704,2:02:21
40.3%,20150000,-527332.1004972165,400.8485642795423,704,2:02:19
40.3%,20155000,-528035.5433813483,402.8883577663977,704,2:02:18
40.3%,20160000,-527169.3747536046,400.50136173444844,704,2:02:17
40.3%,20165000,-528456.1778933476,403.235486715248,704,2:02:16
40.3%,20170000,-527269.897361008,397.81171341684785,704,2:02:15
40.3%,20175000,-527935.2858018125,397.9109211531836,704,2:02:13
40.3%,20180000,-527807.6746131806,403.7138132343069,704,2:02:12
40.3%,20185000,-527371.7290226361,402.26298595268094,704,2:02:11
40.3%,20190000,-527969.7044222127,400.16652335827473,704,2:02:10
40.3%,20195000,-529435.9601964243,400.80914122506863,704,2:02:08
40.4%,20200000,-529186.270257093,400.1865415365264,704,2:02:07
40.4%,20205000,-529192.6162203886,400.2356547630705,704,2:02:06
40.4%,20210000,-528057.6870460119,398.6987689406272,704,2:02:05
40.4%,20215000,-529349.3603554675,401.0427847663301,704,2:02:03
40.4%,20220000,-529322.4636302907,406.7131054806982,704,2:02:02
40.4%,20225000,-527882.8616561987,398.42239051393125,704,2:02:01
40.4%,20230000,-528309.2257520664,398.79954673015914,704,2:02:00
40.4%,20235000,-527266.4298625169,404.22638653870814,704,2:01:58
40.4%,20240000,-529910.5903324764,403.09057571165374,704,2:01:57
40.4%,20245000,-527991.4327325672,399.52356204234417,704,2:01:56
40.5%,20250000,-527914.6215439565,402.82582549144223,704,2:01:55
40.5%,20255000,-527284.7862180872,399.7312015775434,704,2:01:53
40.5%,20260000,-527048.500266023,402.2980177646215,704,2:01:52
40.5%,20265000,-528843.0342503092,401.02232501061695,704,2:01:51
40.5%,20270000,-527126.7055782345,402.5176780196042,704,2:01:50
40.5%,20275000,-526766.9537475212,404.5793541228818,704,2:01:48
40.5%,20280000,-528216.7437743437,402.3230895515985,704,2:01:47
40.5%,20285000,-526903.1135541685,401.67298940004144,704,2:01:46
40.5%,20290000,-529768.038883083,401.7524733430997,704,2:01:45
40.5%,20295000,-526495.1776407054,399.9239010752974,704,2:01:44
40.6%,20300000,-526599.1499779383,398.0911583536926,704,2:01:42
40.6%,20305000,-527380.6830386594,398.59134295709254,704,2:01:41
40.6%,20310000,-525935.9176567756,401.9944087278037,704,2:01:40
40.6%,20315000,-527859.720730653,402.97201216325846,704,2:01:39
40.6%,20320000,-529631.7943449682,401.10355073143984,704,2:01:37
40.6%,20325000,-529307.2218720932,394.7542065417907,704,2:01:36
40.6%,20330000,-528825.2585534737,400.72453007704144,704,2:01:35
40.6%,20335000,-528250.7379250797,402.8375272941703,704,2:01:34
40.6%,20340000,-529076.3768537673,405.68246368570885,704,2:01:32
40.6%,20345000,-527923.0740124886,401.5877649499845,704,2:01:31
40.7%,20350000,-526452.8590672389,400.95101025059523,704,2:01:30
40.7%,20355000,-529974.5417452175,399.47005757326696,704,2:01:29
40.7%,20360000,-527837.7456357158,400.9669070392069,704,2:01:28
40.7%,20365000,-527178.2195534254,398.52645560234276,704,2:01:26
40.7%,20370000,-528968.1327517116,401.17766214871733,704,2:01:25
40.7%,20375000,-527825.9794935226,402.0228414099039,704,2:01:24
40.7%,20380000,-527576.3460885305,398.28103666210967,704,2:01:23
40.7%,20385000,-526053.1786387092,398.8097766080157,704,2:01:21
40.7%,20390000,-527685.6390960342,399.8173091825232,704,2:01:20
40.7%,20395000,-527805.766303217,396.7755519035906,704,2:01:19
40.8%,20400000,-527357.1527680536,400.0448687676494,704,2:01:18
40.8%,20405000,-528258.1438941038,405.2806772599654,704,2:01:16
40.8%,20410000,-526100.2374878288,399.22576710876865,704,2:01:15
40.8%,20415000,-528787.9330562805,400.77236763536354,704,2:01:14
40.8%,20420000,-529167.8635142054,402.4192553098666,704,2:01:13
40.8%,20425000,-528933.6467736252,399.1564149152422,704,2:01:12
40.8%,20430000,-528839.3537877589,400.47562758127924,704,2:01:10
40.8%,20435000,-527644.1602656944,402.06564989158187,704,2:01:09
40.8%,20440000,-527836.8104944825,400.0584840727103,704,2:01:08
40.8%,20445000,-530304.1183669888,397.64180422252014,704,2:01:07
40.9%,20450000,-529422.6412684261,397.0459935666384,704,2:01:05
40.9%,20455000,-527665.8585316278,398.40796565019104,704,2:01:04
40.9%,20460000,-527799.394565572,401.6482610622011,704,2:01:03
40.9%,20465000,-529117.3753101737,401.6721062451186,704,2:01:02
40.9%,20470000,-526732.0828076876,402.6480660311335,704,2:01:00
40.9%,20475000,-528335.968748834,402.5170892496556,704,2:00:59
40.9%,20480000,-527302.0114323492,400.3031670505077,704,2:00:58
40.9%,20485000,-528357.3282202715,402.9925700472964,704,2:00:57
40.9%,20490000,-527395.5618778593,401.5845512473485,704,2:00:56
40.9%,20495000,-527713.203799576,402.87565014834087,704,2:00:54
41.0%,20500000,-527762.9152434841,401.0291939933504,704,2:00:53
41.0%,20505000,-528651.704162986,401.3035362573075,704,2:00:52
41.0%,20510000,-529350.3188111936,403.14020411190285,704,2:00:51
41.0%,20515000,-527970.3462981489,402.2422318119935,704,2:00:50
41.0%,20520000,-528180.0014620982,401.1031091539784,704,2:00:48
41.0%,20525000,-530041.8472897843,401.6887880603283,704,2:00:47
41.0%,20530000,-527714.8069433696,400.0983241725642,704,2:00:46
41.0%,20535000,-528454.7535840222,400.64911845946085,704,2:00:45
41.0%,20540000,-530011.8878634153,402.307339955474,704,2:00:43
41.0%,20545000,-529262.072013624,403.5552623935705,704,2:00:42
41.1%,20550000,-526806.7946798862,402.5829824197342,704,2:00:41
41.1%,20555000,-528206.0139242965,402.5211370430521,704,2:00:40
41.1%,20560000,-527770.779394255,399.71118339929166,704,2:00:38
41.1%,20565000,-527523.2494305368,398.7722179917125,704,2:00:37
41.1%,20570000,-528551.8755270066,404.6033464982865,704,2:00:36
41.1%,20575000,-527399.7440702091,402.1050484139744,704,2:00:35
41.1%,20580000,-528112.970936494,403.29951544715607,704,2:00:33
41.1%,20585000,-528167.1952864621,406.2418442010222,704,2:00:32
41.1%,20590000,-528555.8575535929,402.9281978662516,704,2:00:31
41.1%,20595000,-529717.8923865594,401.0788714577618,704,2:00:30
41.2%,20600000,-527869.6816010834,399.90623797684,704,2:00:29
41.2%,20605000,-527541.4405100727,402.822832577537,704,2:00:27
41.2%,20610000,-530353.0785238184,401.8222425820065,704,2:00:26
41.2%,20615000,-529806.6606247202,396.09046900425545,704,2:00:25
41.2%,20620000,-529862.3822311517,400.84493353152607,704,2:00:24
41.2%,20625000,-526973.8116947282,400.3741383613928,704,2:00:22
41.2%,20630000,-528991.3069802336,402.54000221348787,704,2:00:21
41.2%,20635000,-529128.655751138,400.6363127130792,704,2:00:20
41.2%,20640000,-530110.6251819795,399.7654974270482,704,2:00:19
41.2%,20645000,-528001.3437572303,398.71976840212653,704,2:00:18
41.3%,20650000,-528893.5536499559,397.30139706391617,704,2:00:16
41.3%,20655000,-527537.5470229713,397.92036600444203,704,2:00:15
41.3%,20660000,-529011.5630750265,399.4838936670586,704,2:00:14
41.3%,20665000,-527488.306115991,401.1175830818809,704,2:00:13
41.3%,20670000,-527527.1768358694,397.5530226206905,704,2:00:11
41.3%,20675000,-527927.1599472337,404.90837839581326,704,2:00:10
41.3%,20680000,-526725.1843282878,399.3521073269015,704,2:00:09
41.3%,20685000,-528358.6737502073,398.5448301311547,704,2:00:08
41.3%,20690000,-526786.2881668275,402.9623465232692,704,2:00:06
41.3%,20695000,-527890.6196123664,399.61332492742144,704,2:00:05
41.4%,20700000,-528329.42046563,401.7240161289184,704,2:00:04
41.4%,20705000,-528138.7193902535,401.73132668911325,704,2:00:03
41.4%,20710000,-529003.1552204499,404.85786684064135,704,2:00:02
41.4%,20715000,-527902.7178543652,397.8044519208154,704,2:00:00
41.4%,20720000,-527948.1509359018,400.1713561782693,704,1:59:59
41.4%,20725000,-527514.5530329063,400.4257783922995,704,1:59:58
41.4%,20730000,-528309.2657550834,399.50248898460126,704,1:59:57
41.4%,20735000,-527924.3934782101,401.63754054272067,704,1:59:55
41.4%,20740000,-529458.7065410176,401.3425422664009,704,1:59:54
41.4%,20745000,-527310.0137795955,398.6599346561021,704,1:59:53
41.5%,20750000,-528843.5659195436,403.37909751853914,704,1:59:52
41.5%,20755000,-527386.1228931728,402.84984239892805,704,1:59:51
41.5%,20760000,-529673.1073088562,399.66955245751086,704,1:59:49
41.5%,20765000,-527277.7612683405,400.3031670505077,704,1:59:48
41.5%,20770000,-528781.3609004468,403.9896764872978,704,1:59:47
41.5%,20775000,-527628.3658041656,400.8401007115315,704,1:59:46
41.5%,20780000,-525918.3154910528,401.26784207917484,704,1:59:44
41.5%,20785000,-528761.5544465296,398.72266318770704,704,1:59:43
41.5%,20790000,-529548.698571038,399.69658681098315,704,1:59:42
41.5%,20795000,-528701.500233552,402.4787946709167,704,1:59:41
41.6%,20800000,-527226.9375840379,400.04634069252086,704,1:59:39
41.6%,20805000,-529227.6281844974,398.86504738693867,704,1:59:38
41.6%,20810000,-526818.2639776231,400.2316805659176,704,1:59:37
41.6%,20815000,-529272.3519737408,399.71621247593583,704,1:59:36
41.6%,20820000,-528442.8064947035,402.7647651413583,704,1:59:35
41.6%,20825000,-526047.8241618099,402.9865106232422,704,1:59:33
41.6%,20830000,-527834.1601566742,400.18688498566314,704,1:59:32
41.6%,20835000,-526706.9857096514,401.4469998681115,704,1:59:31
41.6%,20840000,-528110.2913337774,400.83428660828923,704,1:59:30
41.6%,20845000,-530249.8052176889,400.9393329799484,704,1:59:28
41.7%,20850000,-528467.8719487754,399.869856900434,704,1:59:27
41.7%,20855000,-527653.0431725807,403.2678199982575,704,1:59:26
41.7%,20860000,-528042.0718172104,397.74483896352166,704,1:59:25
41.7%,20865000,-527533.0877443282,399.3180077340462,704,1:59:23
41.7%,20870000,-528818.3068567612,400.76414938816464,704,1:59:22
41.7%,20875000,-529569.714555318,398.75143931894394,704,1:59:21
41.7%,20880000,-527792.9426427144,401.0148917900161,704,1:59:20
41.7%,20885000,-528255.6161244316,400.24257280996636,704,1:59:19
41.7%,20890000,-529048.9737370918,397.7570559399547,704,1:59:17
41.7%,20895000,-527697.126967682,401.4855152355811,704,1:59:16
41.8%,20900000,-528765.377291671,396.7186865393903,704,1:59:15
41.8%,20905000,-529779.9750810815,399.42854929189207,704,1:59:14
41.8%,20910000,-527709.9063593857,401.60285217991685,704,1:59:12
41.8%,20915000,-529044.7721457286,402.79135791736917,704,1:59:11
41.8%,20920000,-528623.555959953,399.13244707191876,704,1:59:10
41.8%,20925000,-527154.8062925544,401.9415175607563,704,1:59:09
41.8%,20930000,-527423.0799923185,403.90484455053985,704,1:59:07
41.8%,20935000,-527646.2715478423,401.9746358703639,704,1:59:06
41.8%,20940000,-526326.6303997687,397.64607280464736,704,1:59:05
41.8%,20945000,-527915.9585127775,401.83990568046386,704,1:59:04
41.9%,20950000,-528927.1130500548,403.90800918901346,704,1:59:02
41.9%,20955000,-529076.9257999421,400.4503840697339,704,1:59:01
41.9%,20960000,-528772.5570200924,403.4121667639844,704,1:59:00
41.9%,20965000,-526009.8332029153,400.12656059801486,704,1:58:59
41.9%,20970000,-528692.2883894625,400.9778238153368,704,1:58:58
41.9%,20975000,-526668.2654851936,400.51308806925766,704,1:58:56
41.9%,20980000,-527499.0255120522,401.87258241261003,704,1:58:55
41.9%,20985000,-528453.9413774135,403.20752014269044,704,1:58:54
41.9%,20990000,-527860.4744242714,401.5964493067261,704,1:58:53
41.9%,20995000,-528803.3997148848,401.39477106725616,704,1:58:51
42.0%,21000000,-527884.07154821,402.1706471990787,704,1:58:50
42.0%,21005000,-528518.6388825066,399.5185574977813,704,1:58:49
42.0%,21010000,-528547.7018725481,400.9064354590715,704,1:58:48
42.0%,21015000,-527164.3112828839,402.3480632102508,704,1:58:47
42.0%,21020000,-528840.6034441628,400.324166512007,704,1:58:45
42.0%,21025000,-528646.2406954668,395.99364087979524,704,1:58:44
42.0%,21030000,-528470.7610522332,402.8870085019322,704,1:58:43
42.0%,21035000,-530488.2892729938,402.7648387376019,704,1:58:42
42.0%,21040000,-529756.62266926,397.51364863037924,704,1:58:41
42.0%,21045000,-528763.2966696601,402.60910908620247,704,1:58:39
42.1%,21050000,-528208.6902767974,402.8730497477346,704,1:58:38
42.1%,21055000,-528513.3510811785,403.29573750665264,704,1:58:37
42.1%,21060000,-528227.767387128,401.33793023513704,704,1:58:36
42.1%,21065000,-529686.8931711507,404.35596499155815,704,1:58:34
42.1%,21070000,-526607.2454364919,400.4863235686785,704,1:58:33
42.1%,21075000,-529367.0253867456,399.4935593070478,704,1:58:32
42.1%,21080000,-528078.9037959278,400.4456739101452,704,1:58:31
42.1%,21085000,-526072.1025872575,399.18087340018945,704,1:58:29
42.1%,21090000,-529144.4767789626,397.31236290420844,704,1:58:28
42.1%,21095000,-526722.8495829762,402.73834408991576,704,1:58:27
42.2%,21100000,-527965.5369565985,402.4440817760317,704,1:58:26
42.2%,21105000,-526872.2464975594,400.7784515914989,704,1:58:25
42.2%,21110000,-527957.8546984,402.98783535562654,704,1:58:23
42.2%,21115000,-528692.7250552685,395.5823605386309,704,1:58:22
42.2%,21120000,-528903.2829789491,400.2566051604075,704,1:58:21
42.2%,21125000,-527380.7137340461,402.52670582548245,704,1:58:20
42.2%,21130000,-528286.4358356106,399.28790687042505,704,1:58:18
42.2%,21135000,-528646.4172479617,400.0802685608077,704,1:58:17
42.2%,21140000,-527546.6199855707,400.7105467907627,704,1:58:16
42.2%,21145000,-527089.4506645943,400.63508610901965,704,1:58:15
42.3%,21150000,-527688.9572313866,400.7259529377505,704,1:58:13
42.3%,21155000,-528713.5061713369,401.0503651794181,704,1:58:12
42.3%,21160000,-527119.8662600624,398.4014891807567,704,1:58:11
42.3%,21165000,-528531.9944709954,400.5111009706812,704,1:58:10
42.3%,21170000,-528867.0372520937,404.9384301952721,704,1:58:09
42.3%,21175000,-526295.2655414385,395.36647822415154,704,1:58:07
42.3%,21180000,-528698.6202434786,398.82506009459763,704,1:58:06
42.3%,21185000,-528211.3985249014,402.2096532081721,704,1:58:05
42.3%,21190000,-528873.1932794945,401.6782637974975,704,1:58:04
42.3%,21195000,-528402.1955114771,399.4726825059544,704,1:58:02
42.4%,21200000,-528259.0621095654,400.1533496306753,704,1:58:01
42.4%,21205000,-527653.0035161953,400.770748518005,704,1:58:00
42.4%,21210000,-527868.2349120989,403.35424652029286,704,1:57:59
42.4%,21215000,-528834.6494597523,394.9481571756854,704,1:57:58
42.4%,21220000,-528296.1643707901,400.98699881370214,704,1:57:56
42.4%,21225000,-527929.8483206909,397.56013692423585,704,1:57:55
42.4%,21230000,-526661.1944120671,402.8532768902948,704,1:57:54
42.4%,21235000,-528574.2337560453,400.77065038968016,704,1:57:53
42.4%,21240000,-528219.0932720476,402.44045102801545,704,1:57:51
42.4%,21245000,-529111.5209125788,396.7097568618368,704,1:57:50
42.5%,21250000,-528590.2990540396,399.9416132379172,704,1:57:49
42.5%,21255000,-526390.3639946445,403.7331199822041,704,1:57:48
42.5%,21260000,-527813.8679343597,400.77594931921743,704,1:57:47
42.5%,21265000,-526954.7939945366,398.17010259096475,704,1:57:45
42.5%,21270000,-527253.3834917769,398.76431866156906,704,1:57:44
42.5%,21275000,-529079.9921846702,398.3153815757768,704,1:57:43
42.5%,21280000,-529673.0997604402,400.95015162775354,704,1:57:42
42.5%,21285000,-527431.1825261465,402.0861096472951,704,1:57:41
42.5%,21290000,-529057.3203660347,399.1610514785873,704,1:57:39
42.5%,21295000,-528237.5412720987,400.54811988119815,704,1:57:38
42.6%,21300000,-528060.5307757282,401.9510360082583,704,1:57:37
42.6%,21305000,-526872.2790329382,401.0299054237049,704,1:57:36
42.6%,21310000,-528161.6034248527,400.53470083278677,704,1:57:34
42.6%,21315000,-528836.5152149592,400.5281998312712,704,1:57:33
42.6%,21320000,-527118.280053996,399.29217545255227,704,1:57:32
42.6%,21325000,-526458.8994955285,399.6352811400872,704,1:57:31
42.6%,21330000,-528795.4910029741,400.8658348647006,704,1:57:30
42.6%,21335000,-527540.9409945323,400.02583187264537,704,1:57:28
42.6%,21340000,-528712.5673077186,399.0396176766926,704,1:57:27
42.6%,21345000,-527553.7165395077,402.2115176463426,704,1:57:26
42.7%,21350000,-526629.6243931111,404.08954658982566,704,1:57:25
42.7%,21355000,-528846.8793633338,398.37744774118966,704,1:57:23
42.7%,21360000,-527222.7028649529,399.05036272825424,704,1:57:22
42.7%,21365000,-529084.5962394155,401.43507727665275,704,1:57:21
42.7%,21370000,-528564.4450619239,400.7181517359318,704,1:57:20
42.7%,21375000,-528324.7991749449,400.8249398853555,704,1:57:18
42.7%,21380000,-527053.4720131131,399.056888261851,704,1:57:17
42.7%,21385000,-527319.5561928833,404.2845275711304,704,1:57:16
42.7%,21390000,-526565.4574919068,397.6203631835594,704,1:57:15
42.7%,21395000,-528528.3167001233,397.0650549937236,704,1:57:14
42.8%,21400000,-528353.5515367724,399.04545631201603,704,1:57:12
42.8%,21405000,-527667.0911735739,400.6393056269845,704,1:57:11
42.8%,21410000,-525767.1703788331,401.7619427264394,704,1:57:10
42.8%,21415000,-529481.9025283116,399.9207119047426,704,1:57:09
42.8%,21420000,-528908.7359878086,400.0982260442394,704,1:57:07
42.8%,21425000,-529237.3984578396,400.78191061494675,704,1:57:06
42.8%,21430000,-529456.0362678301,401.1689041957322,704,1:57:05
42.8%,21435000,-528098.0587139698,405.2706681708395,704,1:57:04
42.8%,21440000,-528624.0708448645,403.77325446703225,704,1:57:02
42.8%,21445000,-528761.3713829187,399.0771026967522,704,1:57:01
42.9%,21450000,-528774.0328225275,399.977969782242,704,1:57:00
42.9%,21455000,-528592.3908076696,400.47736935904385,704,1:56:59
42.9%,21460000,-529565.0028180876,399.45757074394083,704,1:56:58
42.9%,21465000,-527079.0688860444,399.09572254637607,704,1:56:56
42.9%,21470000,-527005.9124949314,402.91261999469543,704,1:56:55
42.9%,21475000,-528466.4922062778,400.4084587429788,704,1:56:54
42.9%,21480000,-529201.473405615,401.2368580606308,704,1:56:53
42.9%,21485000,-528889.1857609479,403.67738309373846,704,1:56:51
42.9%,21490000,-527649.1776416604,401.1886279890096,704,1:56:50
42.9%,21495000,-528317.395465829,400.44461903065405,704,1:56:49
43.0%,21500000,-527994.8047874104,399.71282704873147,704,1:56:48
43.0%,21505000,-529477.0037018177,401.52434952010617,704,1:56:47
43.0%,21510000,-529219.2048220299,404.3236317085486,704,1:56:45
43.0%,21515000,-529357.2661658195,401.919242431035,704,1:56:44
43.0%,21520000,-528506.9762077723,401.12298013974294,704,1:56:43
43.0%,21525000,-527925.3051110622,397.7565162341685,704,1:56:42
43.0%,21530000,-528155.6109661926,397.6637604351859,704,1:56:40
43.0%,21535000,-527407.8673555232,399.07727442132057,704,1:56:39
43.0%,21540000,-527912.9587320401,403.0531152236753,704,1:56:38
43.0%,21545000,-528874.7079820437,397.9698226801228,704,1:56:37
43.1%,21550000,-529116.937258062,399.8768240114922,704,1:56:35
43.1%,21555000,-526992.4762505768,399.37492216240895,704,1:56:34
43.1%,21560000,-527658.3848966793,399.5823654409586,704,1:56:33
43.1%,21565000,-528418.135704299,401.04580221231663,704,1:56:32
43.1%,21570000,-528016.8372949664,399.7684167447099,704,1:56:31
43.1%,21575000,-529463.6205559107,398.1022959185533,704,1:56:29
43.1%,21580000,-528555.8257595785,397.1941182728686,704,1:56:28
43.1%,21585000,-527922.1207555663,402.3121727754686,704,1:56:27
43.1%,21590000,-527491.1389160375,400.95228591881715,704,1:56:26
43.1%,21595000,-528121.329432887,399.73686848829846,704,1:56:24
43.2%,21600000,-528995.0584466709,403.76145453597945,704,1:56:23
43.2%,21605000,-528447.0367913446,399.16154212021104,704,1:56:22
43.2%,21610000,-528701.993179155,401.7455552962039,704,1:56:21
43.2%,21615000,-530403.005445201,400.786179197074,704,1:56:20
43.2%,21620000,-528584.9942287798,400.73615828352587,704,1:56:18
43.2%,21625000,-529257.1572752469,400.6803723308979,704,1:56:17
43.2%,21630000,-527288.2714483389,397.6929045476407,704,1:56:16
43.2%,21635000,-527971.8976901667,399.63427532475845,704,1:56:15
43.2%,21640000,-527252.8400531695,403.08944723591895,704,1:56:13
43.2%,21645000,-526226.6529980018,401.59465846479907,704,1:56:12
43.3%,21650000,-526478.1018245514,398.3402816381855,704,1:56:11
43.3%,21655000,-528966.927572906,398.55123300434553,704,1:56:10
43.3%,21660000,-528912.4703728207,402.83266994209447,704,1:56:09
43.3%,21665000,-528373.2892181044,397.9516444079604,704,1:56:07
43.3%,21670000,-528643.3093650383,396.34099061737624,704,1:56:06
43.3%,21675000,-528314.1485568853,400.3371685150382,704,1:56:05
43.3%,21680000,-527608.2403094647,399.9647715225613,704,1:56:04
43.3%,21685000,-527369.9008924086,399.24181108986744,704,1:56:02
43.3%,21690000,-528516.1600697897,401.20393600767267,704,1:56:01
43.3%,21695000,-527763.3533377382,399.65787518686403,704,1:56:00
43.4%,21700000,-526937.1752971592,402.2800602811898,704,1:55:59
43.4%,21705000,-528165.5210084892,401.94865639638283,704,1:55:58
43.4%,21710000,-526730.6845468818,401.4567881685066,704,1:55:56
43.4%,21715000,-528613.3829068001,404.96445873341554,704,1:55:55
43.4%,21720000,-528447.9747283049,401.9398248471541,704,1:55:54
43.4%,21725000,-527256.3786292276,400.4754803887921,704,1:55:53
43.4%,21730000,-528388.4269151748,402.0422462861258,704,1:55:51
43.4%,21735000,-526903.2350867209,401.6621216880739,704,1:55:50
43.4%,21740000,-527273.7371095642,400.95169714886856,704,1:55:49
43.4%,21745000,-527879.2214191379,401.24367797920183,704,1:55:48
43.5%,21750000,-528336.0233205254,399.32252163698536,704,1:55:46
43.5%,21755000,-526694.1147395135,400.3336849595091,704,1:55:45
43.5%,21760000,-527734.4553606836,399.73895371519967,704,1:55:44
43.5%,21765000,-525346.9644398722,400.4284278570681,704,1:55:43
43.5%,21770000,-526767.1841392391,404.76928149546126,704,1:55:42
43.5%,21775000,-528128.6341612204,401.3426158626445,704,1:55:40
43.5%,21780000,-527446.1186147286,398.21610024319756,704,1:55:39
43.5%,21785000,-527198.206052376,400.32539311606655,704,1:55:38
43.5%,21790000,-528591.1078294767,401.322622216474,704,1:55:37
43.5%,21795000,-527832.8868884877,400.4845572588327,704,1:55:35
43.6%,21800000,-527187.1960712527,403.5593347190482,704,1:55:34
43.6%,21805000,-528163.6318683219,400.27642708200966,704,1:55:33
43.6%,21810000,-529047.8740827646,401.7873334304719,704,1:55:32
43.6%,21815000,-527686.776877088,398.5938206972928,704,1:55:31
43.6%,21820000,-527578.6097208532,401.730394470028,704,1:55:29
43.6%,21825000,-526689.7122679646,400.1271739000446,704,1:55:28
43.6%,21830000,-527972.368982703,402.2867820714361,704,1:55:27
43.6%,21835000,-528664.9758086097,403.59613284083446,704,1:55:26
43.6%,21840000,-527567.3896721667,404.3986017486678,704,1:55:24
43.6%,21845000,-528474.5783887161,397.65122454169745,704,1:55:23
43.7%,21850000,-527449.1092790719,399.1706435223329,704,1:55:22
43.7%,21855000,-528055.6328806952,400.6447026848465,704,1:55:21
43.7%,21860000,-527888.2888333816,400.814072173388,704,1:55:20
43.7%,21865000,-527621.3069091928,402.7767613290606,704,1:55:18
43.7%,21870000,-526985.060582439,398.07008529594975,704,1:55:17
43.7%,21875000,-527904.8943337067,401.1719952379623,704,1:55:16
43.7%,21880000,-526907.600677005,400.8704959601269,704,1:55:15
43.7%,21885000,-529467.3720131745,400.2403158584968,704,1:55:13
43.7%,21890000,-529097.385204054,401.5226077423416,704,1:55:12
43.7%,21895000,-527622.4924387219,399.3812023751938,704,1:55:11
43.8%,21900000,-528222.5425590123,401.4462639056758,704,1:55:10
43.8%,21905000,-528459.223344842,401.87481483199844,704,1:55:09
43.8%,21910000,-530988.3461882174,399.2698267265874,704,1:55:07
43.8%,21915000,-527821.7412204426,400.1750114583668,704,1:55:06
43.8%,21920000,-526417.2805309207,397.2969076930582,704,1:55:05
43.8%,21925000,-528094.433142636,398.92014644129324,704,1:55:04
43.8%,21930000,-529382.7185046207,397.39003147325866,704,1:55:02
43.8%,21935000,-528540.6087515592,398.6546357265649,704,1:55:01
43.8%,21940000,-527097.1400247128,397.2543200001109,704,1:55:00
43.8%,21945000,-528508.6215046793,399.58575086816296,704,1:54:59
43.9%,21950000,-528142.8939224267,401.5988043865203,704,1:54:57
43.9%,21955000,-527521.3205795372,399.7129742412186,704,1:54:56
43.9%,21960000,-527431.3765105936,400.6307684627301,704,1:54:55
43.9%,21965000,-528243.845862383,398.60692082864875,704,1:54:54
43.9%,21970000,-529170.7351276255,400.3159727968893,704,1:54:53
43.9%,21975000,-530121.1639664145,396.55226090059165,704,1:54:51
43.9%,21980000,-527044.5840536421,399.75153867285064,704,1:54:50
43.9%,21985000,-528468.3704797542,402.19051818484326,704,1:54:49
43.9%,21990000,-529398.7612399347,398.29084949458604,704,1:54:48
43.9%,21995000,-527567.6726251044,403.5435115266801,704,1:54:46
44.0%,22000000,-527490.8131066076,401.63305117186275,704,1:54:45
44.0%,22005000,-528058.7208176567,399.0654254261054,704,1:54:44
44.0%,22010000,-528192.4622535887,401.8807270635654,704,1:54:43
44.0%,22015000,-528394.1767724953,402.67895192135273,704,1:54:42
44.0%,22020000,-527431.730017433,400.0941537187618,704,1:54:40
44.0%,22025000,-527351.709100815,398.5577340058611,704,1:54:39
44.0%,22030000,-527670.3531897301,401.02053416869006,704,1:54:38
44.0%,22035000,-527970.9126018714,402.2653655645565,704,1:54:37
44.0%,22040000,-528987.7955259518,400.23450175525454,704,1:54:35
44.0%,22045000,-529450.3606957016,400.2875646468703,704,1:54:34
44.1%,22050000,-527322.5056800693,399.8531260210619,704,1:54:33
44.1%,22055000,-528097.1768781208,398.6680057108139,704,1:54:32
44.1%,22060000,-527403.1946656718,403.39438100512103,704,1:54:30
44.1%,22065000,-527059.8211162682,400.0478862136359,704,1:54:29
44.1%,22070000,-527722.3299803771,401.01557868828945,704,1:54:28
44.1%,22075000,-528971.0081111286,397.9700925330159,704,1:54:27
44.1%,22080000,-527019.593391709,403.74864878959784,704,1:54:26
44.1%,22085000,-527192.5227327114,401.55970024910215,704,1:54:24
44.1%,22090000,-528757.2643383034,402.7572583245139,704,1:54:23
44.1%,22095000,-527869.2950804862,400.3796580796607,704,1:54:22
44.2%,22100000,-526939.2703292794,398.5898465001399,704,1:54:21
44.2%,22105000,-529101.918126401,401.06088944224894,704,1:54:19
44.2%,22110000,-528680.9977122196,402.5760398407572,704,1:54:18
44.2%,22115000,-528398.7466949937,401.4426822218219,704,1:54:17
44.2%,22120000,-527872.6749551687,402.0339789747646,704,1:54:16
44.2%,22125000,-527999.2368567428,402.40635143516016,704,1:54:14
44.2%,22130000,-526484.0495965076,400.82565131571005,704,1:54:13
44.2%,22135000,-527460.0913747721,400.33692319422624,704,1:54:12
44.2%,22140000,-526982.5878943736,405.26698835866085,704,1:54:11
44.2%,22145000,-528980.3377358341,400.54284548374216,704,1:54:10
44.3%,22150000,-529194.606590943,403.2073729502033,704,1:54:08
44.3%,22155000,-526944.409356006,401.4212902470235,704,1:54:07
44.3%,22160000,-527960.2466830183,397.3724419710448,704,1:54:06
44.3%,22165000,-528627.5263498886,399.95753455861006,704,1:54:05
44.3%,22170000,-527716.8456406519,401.87618862854515,704,1:54:03
44.3%,22175000,-527743.4453736283,402.0143533098119,704,1:54:02
44.3%,22180000,-528281.7758418415,402.12509112430735,704,1:54:01
44.3%,22185000,-528713.053967583,398.1514091450973,704,1:54:00
44.3%,22190000,-528434.0993695562,398.604516684692,704,1:53:58
44.3%,22195000,-528275.1299365447,400.7353241927654,704,1:53:57
44.4%,22200000,-526844.4590549087,401.48193355172725,704,1:53:56
44.4%,22205000,-530049.5112828268,404.2777076525594,704,1:53:55
44.4%,22210000,-528225.6204264937,398.81610588496295,704,1:53:54
44.4%,22215000,-528099.8883223576,397.34844959564015,704,1:53:52
44.4%,22220000,-528418.5792320976,402.3000293952791,704,1:53:51
44.4%,22225000,-528305.1793476795,403.34509605400865,704,1:53:50
44.4%,22230000,-527615.6595877116,403.9666163309784,704,1:53:49
44.4%,22235000,-528391.3295083153,402.46375650514676,704,1:53:47
44.4%,22240000,-527821.6628024359,399.2561378252829,704,1:53:46
44.4%,22245000,-527905.5089762621,399.71770893288846,704,1:53:45
44.5%,22250000,-527807.6775747384,399.24725721189185,704,1:53:44
44.5%,22255000,-528050.8974868362,401.8231748010917,704,1:53:43
44.5%,22260000,-529615.363440204,397.5071476288636,704,1:53:41
44.5%,22265000,-528773.424888948,405.3359971030507,704,1:53:40
44.5%,22270000,-526301.9601433491,398.83600140280873,704,1:53:39
44.5%,22275000,-528019.2146155443,400.12182590634507,704,1:53:38
44.5%,22280000,-527900.9487483981,400.82381140962076,704,1:53:36
44.5%,22285000,-530128.0493745673,400.83615104645975,704,1:53:35
44.5%,22290000,-528299.7269332367,404.60776227290086,704,1:53:34
44.5%,22295000,-529452.1917261863,396.45241533014496,704,1:53:33
44.6%,22300000,-528486.7134378506,396.84237729275446,704,1:53:31
44.6%,22305000,-527703.3014855436,405.42497496152987,704,1:53:30
44.6%,22310000,-528486.292471007,400.9167144010905,704,1:53:29
44.6%,22315000,-527168.132830569,397.3817396298161,704,1:53:28
44.6%,22320000,-528156.2629519994,401.2250826616592,704,1:53:27
44.6%,22325000,-526491.9408234628,396.8071982883268,704,1:53:25
44.6%,22330000,-527403.4248058265,402.85055382928266,704,1:53:24
44.6%,22335000,-525841.1437277533,400.91941293002145,704,1:53:23
44.6%,22340000,-527860.6298106983,401.6236308526855,704,1:53:22
44.6%,22345000,-528010.1680355091,399.4691989504253,704,1:53:20
44.7%,22350000,-528780.540616876,395.5117081448013,704,1:53:19
44.7%,22355000,-527473.9832930076,404.1956723730572,704,1:53:18
44.7%,22360000,-528615.4085856886,398.39000816675934,704,1:53:17
44.7%,22365000,-527741.3855264103,402.89426999796467,704,1:53:15
44.7%,22370000,-527132.6740595764,397.04844677475745,704,1:53:14
44.7%,22375000,-527329.9724860168,400.2920785498094,704,1:53:13
44.7%,22380000,-528440.6774619338,402.94909919942626,704,1:53:12
44.7%,22385000,-529159.8264233898,397.0200140926573,704,1:53:11
44.7%,22390000,-527057.8835087437,399.4175834515998,704,1:53:09
44.7%,22395000,-528516.0805048221,398.3177366555712,704,1:53:08
44.8%,22400000,-527369.0130699519,401.97009743534363,704,1:53:07
44.8%,22405000,-527693.9974289197,396.78673853261364,704,1:53:06
44.8%,22410000,-526069.904917805,400.4903468299937,704,1:53:04
44.8%,22415000,-529764.7807457712,402.3467384778665,704,1:53:03
44.8%,22420000,-527778.5350562218,400.9461528985194,704,1:53:02
44.8%,22425000,-527099.9452858767,401.2972805766038,704,1:53:01
44.8%,22430000,-528850.1827235324,396.7971646671197,704,1:52:59
44.8%,22435000,-527790.4648304558,399.74143145539995,704,1:52:58
44.8%,22440000,-527998.8301279685,403.34001791320213,704,1:52:57
44.8%,22445000,-529189.549493541,401.5031292698761,704,1:52:56
44.9%,22450000,-527461.2484704647,399.4589690725687,704,1:52:55
44.9%,22455000,-527875.8386855382,397.0492318013555,704,1:52:53
44.9%,22460000,-527923.5988324061,401.0634162466116,704,1:52:52
44.9%,22465000,-528852.1929878071,399.35453600293937,704,1:52:51
44.9%,22470000,-528030.9497234449,398.163061883663,704,1:52:50
44.9%,22475000,-529271.8913495834,398.61678272528746,704,1:52:48
44.9%,22480000,-528228.5149621265,403.2403195352426,704,1:52:47
44.9%,22485000,-528267.7885307539,397.874466480534,704,1:52:46
44.9%,22490000,-529441.1351954513,403.04612358053595,704,1:52:45
44.9%,22495000,-528652.5963215493,396.9905019989847,704,1:52:44
45.0%,22500000,-527760.703730097,403.30746384146187,704,1:52:42
45.0%,22505000,-526898.0524376454,400.6368524188654,704,1:52:41
45.0%,22510000,-529463.1771138203,400.9539786324193,704,1:52:40
45.0%,22515000,-527378.0863784202,398.9036363506518,704,1:52:39
45.0%,22520000,-526008.3659411287,403.82523794707566,704,1:52:37
45.0%,22525000,-527608.8669902966,402.47101800117923,704,1:52:36
45.0%,22530000,-528231.2951465719,403.87003352733007,704,1:52:35
45.0%,22535000,-527609.4280707552,400.38483434879197,704,1:52:34
45.0%,22540000,-528129.7697517038,396.8958326976693,704,1:52:33
45.0%,22545000,-528291.5921424436,399.8125990229346,704,1:52:31
45.1%,22550000,-526208.9757152633,400.5002087266324,704,1:52:30
45.1%,22555000,-527853.2006823681,403.1004621403736,704,1:52:29
45.1%,22560000,-528128.9599511102,399.6846642195244,704,1:52:28
45.1%,22565000,-528821.9757340527,400.11407376868874,704,1:52:26
45.1%,22570000,-528913.9301636554,397.1185103986385,704,1:52:25
45.1%,22575000,-529163.7443255051,400.58665978074896,704,1:52:24
45.1%,22580000,-529095.3353830073,398.87765687667076,704,1:52:23
45.1%,22585000,-527033.4569334588,400.20209487600147,704,1:52:22
45.1%,22590000,-528024.5911383689,400.28199586444003,704,1:52:20
45.1%,22595000,-529644.4044206073,405.56544565842853,704,1:52:19
45.2%,22600000,-528431.8438258618,400.1238866011651,704,1:52:18
45.2%,22605000,-527321.5168077867,403.60658350742176,704,1:52:17
45.2%,22610000,-528102.187659102,395.7938761426583,704,1:52:15
45.2%,22615000,-527127.1108603021,401.18779389824914,704,1:52:14
45.2%,22620000,-528405.4724835227,401.50972839971644,704,1:52:13
45.2%,22625000,-527107.7442551535,397.96324808236363,704,1:52:12
45.2%,22630000,-527456.2974761534,401.4357641749261,704,1:52:10
45.2%,22635000,-526394.5322044371,401.28869434818705,704,1:52:09
45.2%,22640000,-528314.9618810304,398.66854541660007,704,1:52:08
45.2%,22645000,-528142.0771163157,399.9955347523746,704,1:52:07
45.3%,22650000,-528564.2683182796,400.44383400405593,704,1:52:05
45.3%,22655000,-529633.7659450164,396.7096096693497,704,1:52:04
45.3%,22660000,-528921.0222228495,400.4683170210844,704,1:52:03
45.3%,22665000,-527924.6155695487,397.8626174853188,704,1:52:02
45.3%,22670000,-527956.296879339,399.13352648349115,704,1:52:01
45.3%,22675000,-529015.0614907481,402.9021938601893,704,1:51:59
45.3%,22680000,-528660.7302617393,401.3048119255294,704,1:51:58
45.3%,22685000,-529094.9881757423,399.2425470523032,704,1:51:57
45.3%,22690000,-529337.6598452395,400.74278194544746,704,1:51:56
45.3%,22695000,-528822.2248385637,398.63761046221845,704,1:51:54
45.4%,22700000,-526715.9146013958,405.78051841422865,704,1:51:53
45.4%,22705000,-525851.8712684033,402.9845235246658,704,1:51:52
45.4%,22710000,-526860.7367569292,399.24774785351565,704,1:51:51
45.4%,22715000,-528552.6559496508,400.5886223472442,704,1:51:50
45.4%,22720000,-528256.7114924784,400.42060212316824,704,1:51:48
45.4%,22725000,-528387.9759032987,398.104062228399,704,1:51:47
45.4%,22730000,-529565.3541888073,401.0006877150066,704,1:51:46
45.4%,22735000,-527975.1481310856,403.49898579931875,704,1:51:45
45.4%,22740000,-529049.0489363438,401.99330478415015,704,1:51:43
45.4%,22745000,-527264.566603194,403.49636086663133,704,1:51:42
45.5%,22750000,-527514.3703691708,397.4585495760246,704,1:51:41
45.5%,22755000,-526934.6891113464,397.03522398299555,704,1:51:40
45.5%,22760000,-528654.0247499985,398.5267990514795,704,1:51:39
45.5%,22765000,-526953.6766805542,401.34509360284477,704,1:51:37
45.5%,22770000,-526643.0055850646,401.10892325722057,704,1:51:36
45.5%,22775000,-529680.9663771442,402.1460415216443,704,1:51:35
45.5%,22780000,-526909.0991559774,402.11841839822335,704,1:51:34
45.5%,22785000,-527922.7690106332,399.93155508462894,704,1:51:32
45.5%,22790000,-528504.6357204807,396.0318373302093,704,1:51:31
45.5%,22795000,-525627.6837750585,400.13252189374424,704,1:51:30
45.6%,22800000,-526946.8234381997,399.2374934435779,704,1:51:29
45.6%,22805000,-529421.9398774873,397.9064317823256,704,1:51:28
45.6%,22810000,-527547.6299871258,400.2494172606186,704,1:51:26
45.6%,22815000,-528106.102383378,401.1297755262328,704,1:51:25
45.6%,22820000,-527232.517233857,397.2815015460704,704,1:51:24
45.6%,22825000,-527900.2744913106,402.5511888425109,704,1:51:23
45.6%,22830000,-527665.60223311,400.1560236275251,704,1:51:21
45.6%,22835000,-527691.4457286703,400.7484733882837,704,1:51:20
45.6%,22840000,-527796.6648626565,399.3782339933697,704,1:51:19
45.6%,22845000,-526608.9141789773,398.9563067289685,704,1:51:18
45.7%,22850000,-525858.3950891043,401.8107615680092,704,1:51:16
45.7%,22855000,-529677.2092646551,399.2369537377917,704,1:51:15
45.7%,22860000,-528243.3440529997,403.0034622913451,704,1:51:14
45.7%,22865000,-529069.5147313932,399.37381821875533,704,1:51:13
45.7%,22870000,-529626.93347451,400.7126320176639,704,1:51:12
45.7%,22875000,-529182.2576784408,399.05384628378334,704,1:51:10
45.7%,22880000,-527215.3239221005,397.41794898165375,704,1:51:09
45.7%,22885000,-528555.7110762945,404.2360031145349,704,1:51:08
45.7%,22890000,-528478.0611283495,398.38296745945763,704,1:51:07
45.7%,22895000,-528701.6851548571,407.1502181033564,704,1:51:05
45.8%,22900000,-527199.3094800496,398.6543413415906,704,1:51:04
45.8%,22905000,-528221.7019007495,402.50955790073004,704,1:51:03
45.8%,22910000,-527437.1535172788,400.5916888573931,704,1:51:02
45.8%,22915000,-528032.47597455,400.1601940813275,704,1:51:01
45.8%,22920000,-528105.5672389246,401.1304869565874,704,1:50:59
45.8%,22925000,-528878.9259345285,397.6741129734485,704,1:50:58
45.8%,22930000,-526408.0487040295,402.0442088526212,704,1:50:57
45.8%,22935000,-527477.5028429022,402.51036745940934,704,1:50:56
45.8%,22940000,-527155.7112918971,401.548881601297,704,1:50:54
45.8%,22945000,-528193.3418394616,397.62588290182725,704,1:50:53
45.9%,22950000,-528978.5495927283,402.43132509381246,704,1:50:52
45.9%,22955000,-529332.1510542505,399.1940716598701,704,1:50:51
45.9%,22960000,-526224.625428189,396.19772326322175,704,1:50:50
45.9%,22965000,-527217.8586743535,400.8172122797804,704,1:50:48
45.9%,22970000,-527130.294666294,398.8642378282594,704,1:50:47
45.9%,22975000,-529499.1846736902,399.7932922750374,704,1:50:46
45.9%,22980000,-527533.2740236642,399.1257743458348,704,1:50:45
45.9%,22985000,-528154.8474449986,400.1253094618741,704,1:50:43
45.9%,22990000,-528885.5229725321,400.95498444774813,704,1:50:42
45.9%,22995000,-528435.1561183203,405.762438270391,704,1:50:41
46.0%,23000000,-527931.8044644208,398.2320215638904,704,1:50:40
46.0%,23005000,-527551.6598860645,397.629955227305,704,1:50:39
46.0%,23010000,-527444.5128110456,399.0063031104355,704,1:50:37
46.0%,23015000,-527151.4095184058,402.84881205151805,704,1:50:36
46.0%,23020000,-528392.4584371396,399.23567806956976,704,1:50:35
46.0%,23025000,-528440.5854481147,399.56708195437676,704,1:50:34
46.0%,23030000,-527683.676109259,400.515443149052,704,1:50:32
46.0%,23035000,-528218.6678456278,400.9650426010364,704,1:50:31
46.0%,23040000,-527902.1043787003,400.77212231455167,704,1:50:30
46.0%,23045000,-526856.8020762997,400.9038595905464,704,1:50:29
46.1%,23050000,-527658.8851900157,400.90940384089555,704,1:50:28
46.1%,23055000,-526087.539860365,397.4702023145902,704,1:50:26
46.1%,23060000,-525961.2425768385,398.6017690915986,704,1:50:25
46.1%,23065000,-526465.1136582522,403.9211583845318,704,1:50:24
46.1%,23070000,-528210.7840985698,395.61219154935895,704,1:50:23
46.1%,23075000,-527717.5955187948,400.8220205676938,704,1:50:21
46.1%,23080000,-527885.7432783116,399.1707171185764,704,1:50:20
46.1%,23085000,-527521.7474373644,402.91009319033276,704,1:50:19
46.1%,23090000,-526408.5721775298,403.4575265821062,704,1:50:18
46.1%,23095000,-527298.8206159184,398.06907948062087,704,1:50:17
46.2%,23100000,-527292.4481551484,403.81844256058577,704,1:50:15
46.2%,23105000,-526406.9770066543,399.0579676734234,704,1:50:14
46.2%,23110000,-527355.5564338593,400.09192129937344,704,1:50:13
46.2%,23115000,-528491.4118780759,397.0531324022649,704,1:50:12
46.2%,23120000,-527683.8203207906,399.88462521331087,704,1:50:10
46.2%,23125000,-528725.6335104066,397.7704013921225,704,1:50:09
46.2%,23130000,-529173.8798535615,404.57398159710107,704,1:50:08
46.2%,23135000,-526183.312609355,400.2041065066591,704,1:50:07
46.2%,23140000,-529207.0468226252,397.9573358507966,704,1:50:06
46.2%,23145000,-528651.3186778785,400.03498233892947,704,1:50:04
46.3%,23150000,-528534.8467940823,401.4076504098814,704,1:50:03
46.3%,23155000,-528010.7402149444,399.6951639502741,704,1:50:02
46.3%,23160000,-528121.149492112,403.9453715486671,704,1:50:01
46.3%,23165000,-527621.0673201298,398.28942663387693,704,1:49:59
46.3%,23170000,-527441.8140342175,400.5620786353957,704,1:49:58
46.3%,23175000,-529801.9726841315,401.9619773164694,704,1:49:57
46.3%,23180000,-528021.0111661726,402.1035274249405,704,1:49:56
46.3%,23185000,-528855.7961341469,400.62017060365565,704,1:49:54
46.3%,23190000,-527822.4072631062,397.2658746103518,704,1:49:53
46.3%,23195000,-528106.3493084474,403.1736658706471,704,1:49:52
46.4%,23200000,-528372.5431461493,405.32787698417656,704,1:49:51
46.4%,23205000,-527185.0625606105,395.0580854315016,704,1:49:50
46.4%,23210000,-526658.1676137554,400.8014626836559,704,1:49:48
46.4%,23215000,-527111.1126618627,400.49535137455666,704,1:49:47
46.4%,23220000,-529534.0621676487,404.62537630719584,704,1:49:46
46.4%,23225000,-527357.3749144101,402.11383089904075,704,1:49:45
46.4%,23230000,-528860.0790863428,398.3529892562424,704,1:49:43
46.4%,23235000,-528633.1047699633,400.6476220025082,704,1:49:42
46.4%,23240000,-527208.4654993424,403.58133999587636,704,1:49:41
46.4%,23245000,-529387.5528447437,401.0819134358295,704,1:49:40
46.5%,23250000,-528333.0750012603,396.5989209190166,704,1:49:39
46.5%,23255000,-528077.5479998458,399.6859644198275,704,1:49:37
46.5%,23260000,-529536.1846412225,401.87047265362764,704,1:49:36
46.5%,23265000,-526771.5566683332,399.2948985135644,704,1:49:35
46.5%,23270000,-527502.9447716745,403.1674347220246,704,1:49:34
46.5%,23275000,-527798.4095689585,403.81530245419333,704,1:49:32
46.5%,23280000,-528095.033376181,400.8372549901133,704,1:49:31
46.5%,23285000,-529667.8223763471,402.0671708806157,704,1:49:30
46.5%,23290000,-527588.5531252413,400.57213678868396,704,1:49:29
46.5%,23295000,-527530.2328532515,404.87722265270094,704,1:49:27
46.6%,23300000,-527894.4200654649,395.80535715665553,704,1:49:26
46.6%,23305000,-529019.5609530229,400.53646714263255,704,1:49:25
46.6%,23310000,-528449.7378193275,399.58204652390316,704,1:49:24
46.6%,23315000,-527349.0713803531,402.29926890076223,704,1:49:23
46.6%,23320000,-528121.146141577,400.9099190146005,704,1:49:21
46.6%,23325000,-529372.7530619856,398.18207424658584,704,1:49:20
46.6%,23330000,-529094.933367868,400.6336387162294,704,1:49:19
46.6%,23335000,-528560.7275197515,396.40904261059956,704,1:49:18
46.6%,23340000,-528225.8551697028,401.4398855645661,704,1:49:16
46.6%,23345000,-530256.635980356,400.4708192933659,704,1:49:15
46.7%,23350000,-527640.5657127495,395.3071841839133,704,1:49:14
46.7%,23355000,-526790.0116989808,400.6797835609494,704,1:49:13
46.7%,23360000,-528798.0152034373,401.890441767717,704,1:49:12
46.7%,23365000,-528458.1902659237,400.3570885649652,704,1:49:10
46.7%,23370000,-528382.5886372374,402.8591400576994,704,1:49:09
46.7%,23375000,-528423.3778295098,398.4468980630409,704,1:49:08
46.7%,23380000,-526524.5770503357,395.6578702845363,704,1:49:07
46.7%,23385000,-529420.0034448002,404.0929565491112,704,1:49:05
46.7%,23390000,-527538.4906303333,398.7484709371198,704,1:49:04
46.7%,23395000,-527484.3347524954,401.76186913019586,704,1:49:03
46.8%,23400000,-528122.2220590217,401.5254534637598,704,1:49:02
46.8%,23405000,-527358.1108871689,402.4235238919938,704,1:49:01
46.8%,23410000,-526096.3364517833,398.0680981973733,704,1:48:59
46.8%,23415000,-527761.8495674329,399.90403008953285,704,1:48:58
46.8%,23420000,-527410.1697152201,401.35294386882583,704,1:48:57
46.8%,23425000,-529304.1256323941,402.0788481512626,704,1:48:56
46.8%,23430000,-527271.6946203816,400.2206901935441,704,1:48:54
46.8%,23435000,-529170.5104281772,400.74886590158275,704,1:48:53
46.8%,23440000,-528019.3884290685,399.08929514110406,704,1:48:52
46.8%,23445000,-528620.9594196207,400.84302002919316,704,1:48:51
46.9%,23450000,-527376.487804715,404.98364282090677,704,1:48:49
46.9%,23455000,-527749.2229755973,402.27181750190965,704,1:48:48
46.9%,23460000,-528690.0404778272,399.60657860509394,704,1:48:47
46.9%,23465000,-528256.8844973473,402.7700150067331,704,1:48:46
46.9%,23470000,-528772.818465122,399.18877273033286,704,1:48:45
46.9%,23475000,-528460.0068332073,401.6867518975895,704,1:48:43
46.9%,23480000,-526443.2155291857,400.7798253880456,704,1:48:42
46.9%,23485000,-525670.5520058242,402.6072691801131,704,1:48:41
46.9%,23490000,-528388.8103634948,401.5042822776921,704,1:48:40
46.9%,23495000,-528150.8056988488,400.74587298767744,704,1:48:38
47.0%,23500000,-530476.0918409908,404.88178561980243,704,1:48:37
47.0%,23505000,-528576.7051475127,398.6151636079288,704,1:48:36
47.0%,23510000,-526512.5639746459,403.19996426168365,704,1:48:35
47.0%,23515000,-528357.2549029347,398.6878766965785,704,1:48:33
47.0%,23520000,-526429.8882414163,399.61077359097766,704,1:48:32
47.0%,23525000,-529019.9712017672,401.2308722328202,704,1:48:31
47.0%,23530000,-527744.1479450818,398.4760176434144,704,1:48:30
47.0%,23535000,-527453.9899881203,400.428035343769,704,1:48:29
47.0%,23540000,-528299.664565321,401.3106505608529,704,1:48:27
47.0%,23545000,-527450.4963900577,401.7170980820226,704,1:48:26
47.1%,23550000,-526354.3656959678,400.6213481435528,704,1:48:25
47.1%,23555000,-527914.4602710065,400.3719550061668,704,1:48:24
47.1%,23560000,-526275.090752414,399.04415611171294,704,1:48:22
47.1%,23565000,-529669.2040253989,398.9433047259374,704,1:48:21
47.1%,23570000,-527958.8775828965,397.7803368850048,704,1:48:20
47.1%,23575000,-527387.9550364302,404.0770842925807,704,1:48:19
47.1%,23580000,-526115.449676279,402.87314787605936,704,1:48:18
47.1%,23585000,-528147.9633851564,396.8447323725487,704,1:48:16
47.1%,23590000,-529003.9412341523,397.4939984333454,704,1:48:15
47.1%,23595000,-528001.3549482971,396.6728115475634,704,1:48:14
47.2%,23600000,-527952.7397574787,402.40600798602355,704,1:48:13
47.2%,23605000,-527773.9730471852,400.95819815038413,704,1:48:11
47.2%,23610000,-527672.7923548259,401.4924823466393,704,1:48:10
47.2%,23615000,-527987.7869460261,400.18031038790394,704,1:48:09
47.2%,23620000,-528097.5694185104,396.31761154400135,704,1:48:08
47.2%,23625000,-527740.2162814746,403.6080063681308,704,1:48:07
47.2%,23630000,-528048.9770525312,403.445922907703,704,1:48:05
47.2%,23635000,-528001.8698309059,401.5403199049614,704,1:48:04
47.2%,23640000,-527346.1784157478,398.38007267387707,704,1:48:03
47.2%,23645000,-528273.6198049411,398.57448941731445,704,1:48:02
47.3%,23650000,-528630.4502200675,397.74447098230377,704,1:48:00
47.3%,23655000,-529170.8108825157,400.49481166877047,704,1:47:59
47.3%,23660000,-526119.3320582225,398.4365700568596,704,1:47:58
47.3%,23665000,-526517.08190251,399.07391352619743,704,1:47:57
47.3%,23670000,-527756.8544733226,402.8929697976616,704,1:47:55
47.3%,23675000,-528736.4570493014,399.13732895607575,704,1:47:54
47.3%,23680000,-529322.5907272375,399.66805600055824,704,1:47:53
47.3%,23685000,-527797.732186893,402.92836959081995,704,1:47:52
47.3%,23690000,-527516.9571247217,400.07202578152766,704,1:47:51
47.3%,23695000,-528591.5246231137,399.91573189226085,704,1:47:49
47.4%,23700000,-526993.3052649423,401.4282082939193,704,1:47:48
47.4%,23705000,-527876.2420877856,405.1125098434022,704,1:47:47
47.4%,23710000,-529564.9776296639,397.89796821431486,704,1:47:46
47.4%,23715000,-527291.9945538663,399.1228795602543,704,1:47:44
47.4%,23720000,-526900.761605124,400.66109011508195,704,1:47:43
47.4%,23725000,-529147.8110923874,403.99549059054004,704,1:47:42
47.4%,23730000,-527061.9656640487,400.938646081675,704,1:47:41
47.4%,23735000,-527229.7993749026,399.31052544928303,704,1:47:39
47.4%,23740000,-526369.4661349528,400.82731949723103,704,1:47:38
47.4%,23745000,-530553.8127515502,403.975178027314,704,1:47:37
47.5%,23750000,-529343.0974168358,400.79658079949894,704,1:47:36
47.5%,23755000,-528368.9976880583,401.0328492734478,704,1:47:35
47.5%,23760000,-528553.828789169,398.13835807790383,704,1:47:33
47.5%,23765000,-529182.0331136687,397.74947552686666,704,1:47:32
47.5%,23770000,-529043.0046605836,397.80295546386276,704,1:47:31
47.5%,23775000,-528341.4886859837,394.45054844081056,704,1:47:30
47.5%,23780000,-528987.5584646827,401.86806850967093,704,1:47:28
47.5%,23785000,-526612.8656848874,401.66955490867474,704,1:47:27
47.5%,23790000,-527827.6857067356,403.5218496989886,704,1:47:26
47.5%,23795000,-527393.2919536489,401.4357641749261,704,1:47:25
47.6%,23800000,-530058.767268538,398.6856688092713,704,1:47:23
47.6%,23805000,-529114.5456001638,400.0393490493815,704,1:47:22
47.6%,23810000,-528540.6884923782,402.1179032245184,704,1:47:21
47.6%,23815000,-528071.3290492562,401.68709534672615,704,1:47:20
47.6%,23820000,-528002.1315302937,400.60329253179634,704,1:47:19
47.6%,23825000,-529265.7716451213,396.30831388523,704,1:47:17
47.6%,23830000,-528759.1414889791,397.3941528628987,704,1:47:16
47.6%,23835000,-527015.6193891461,396.3405981040771,704,1:47:15
47.6%,23840000,-528924.3680196418,400.8760156783948,704,1:47:14
47.6%,23845000,-528504.8754621022,401.8270508699199,704,1:47:12
47.7%,23850000,-528228.824930029,402.7161916206004,704,1:47:11
47.7%,23855000,-527760.9773346586,402.2455681750355,704,1:47:10
47.7%,23860000,-528032.158512421,400.73370507540676,704,1:47:09
47.7%,23865000,-527416.8566497657,397.92357970707803,704,1:47:07
47.7%,23870000,-528669.9788546339,401.8804572106723,704,1:47:06
47.7%,23875000,-529107.781593733,400.88933659848146,704,1:47:05
47.7%,23880000,-528662.4258945864,398.9882965628414,704,1:47:04
47.7%,23885000,-528594.4891825025,397.35735474111243,704,1:47:03
47.7%,23890000,-528172.9672353514,406.12514509079745,704,1:47:01
47.7%,23895000,-527667.1637428971,396.7813169426705,704,1:47:00
47.8%,23900000,-528232.4323888705,402.64225192789127,704,1:46:59
47.8%,23905000,-528027.2019114462,400.09371214130033,704,1:46:58
47.8%,23910000,-528047.0663332292,399.6975190300684,704,1:46:56
47.8%,23915000,-527095.2057889956,400.0203612185398,704,1:46:55
47.8%,23920000,-529364.9059944153,398.52969383705994,704,1:46:54
47.8%,23925000,-527314.7094358397,400.82565131571005,704,1:46:53
47.8%,23930000,-528018.5216582292,400.7429291379346,704,1:46:52
47.8%,23935000,-528227.2444090275,400.29546397701375,704,1:46:50
47.8%,23940000,-527355.9657642185,401.8113503379577,704,1:46:49
47.8%,23945000,-527558.1995300865,402.1770500722695,704,1:46:48
47.9%,23950000,-528170.7293636166,398.4944167043076,704,1:46:47
47.9%,23955000,-526949.182794109,400.91583124616756,704,1:46:45
47.9%,23960000,-528423.870369745,402.4303928747272,704,1:46:44
47.9%,23965000,-528744.6919444096,400.06780626356283,704,1:46:43
47.9%,23970000,-528785.4612378445,399.03814575182116,704,1:46:42
47.9%,23975000,-527496.9056679728,402.59777526469225,704,1:46:40
47.9%,23980000,-528226.9440509579,397.51867770702336,704,1:46:39
47.9%,23985000,-529383.8912074501,402.953318717391,704,1:46:38
47.9%,23990000,-529267.6828091391,398.84733522431884,704,1:46:37
47.9%,23995000,-528235.9215765651,400.51657162478676,704,1:46:36
48.0%,24000000,-527727.5710616047,401.6450228274839,704,1:46:34
48.0%,24005000,-529007.0716356784,400.26720301948194,704,1:46:33
48.0%,24010000,-525951.391716796,407.4556179821011,704,1:46:32
48.0%,24015000,-528643.4865458598,398.62956393958785,704,1:46:31
48.0%,24020000,-527794.8100843611,400.4864952932468,704,1:46:29
48.0%,24025000,-528606.7058685487,400.4395163577663,704,1:46:28
48.0%,24030000,-528076.0361263994,401.35667274516686,704,1:46:27
48.0%,24035000,-527868.9095974597,399.62833856111024,704,1:46:26
48.0%,24040000,-528645.9172663707,399.34141133950226,704,1:46:25
48.0%,24045000,-528462.4651216483,401.70929688020385,704,1:46:23
48.1%,24050000,-528999.0654978114,397.3686885626226,704,1:46:22
48.1%,24055000,-528400.3529379047,403.12425825912874,704,1:46:21
48.1%,24060000,-528423.4764615851,396.70087624844575,704,1:46:20
48.1%,24065000,-528795.8833448584,402.39393820207766,704,1:46:18
48.1%,24070000,-526040.6130240019,405.5188837683284,704,1:46:17
48.1%,24075000,-526762.7625831128,399.2987745823926,704,1:46:16
48.1%,24080000,-528058.146472563,399.40440972400035,704,1:46:15
48.1%,24085000,-527795.2225192636,397.8045745812213,704,1:46:14
48.1%,24090000,-528990.961069779,400.1865415365264,704,1:46:12
48.1%,24095000,-527475.9905358399,403.33768736548905,704,1:46:11
48.2%,24100000,-528921.4301782358,398.52974290122233,704,1:46:10
48.2%,24105000,-528527.1419812362,400.8582299195315,704,1:46:09
48.2%,24110000,-527957.67843132,397.7869114827639,704,1:46:07
48.2%,24115000,-529012.2689895569,401.7961895117818,704,1:46:06
48.2%,24120000,-529018.7262085397,399.4962333038976,704,1:46:05
48.2%,24125000,-529078.3896609591,400.91239675480085,704,1:46:04
48.2%,24130000,-526487.1955583347,404.2019035216797,704,1:46:03
48.2%,24135000,-528244.5232126345,403.07745104821663,704,1:46:01
48.2%,24140000,-528596.6034053271,402.7355229005788,704,1:46:00
48.2%,24145000,-529816.0347968028,398.8518000630956,704,1:45:59
48.3%,24150000,-528022.8033494079,399.3782585254509,704,1:45:58
48.3%,24155000,-529263.1421672506,398.52939945208567,704,1:45:56
48.3%,24160000,-527916.5889490605,403.15823519157806,704,1:45:55
48.3%,24165000,-529169.3936815266,400.0998942257604,704,1:45:54
48.3%,24170000,-528894.2692300002,398.5912693608489,704,1:45:53
48.3%,24175000,-527868.494823338,397.72165614679625,704,1:45:52
48.3%,24180000,-529454.1645123572,399.5661252032103,704,1:45:50
48.3%,24185000,-528395.5521542667,399.6011079509884,704,1:45:49
48.3%,24190000,-529646.8948622677,397.52233298712076,704,1:45:48
48.3%,24195000,-527246.6094666217,404.9600429588012,704,1:45:47
48.4%,24200000,-526904.3800396551,401.4184935897677,704,1:45:45
48.4%,24205000,-528288.2837362979,401.532175254006,704,1:45:44
48.4%,24210000,-529745.1779867127,398.3413855818391,704,1:45:43
48.4%,24215000,-528111.6206467296,398.46338362160117,704,1:45:42
48.4%,24220000,-527790.930835315,402.827714461694,704,1:45:41
48.4%,24225000,-527621.1900514164,407.61377630953837,704,1:45:39
48.4%,24230000,-527864.2542063985,397.64948276393284,704,1:45:38
48.4%,24235000,-528659.0867357762,400.10489877032336,704,1:45:37
48.4%,24240000,-529385.8428743999,402.5806273399399,704,1:45:36
48.4%,24245000,-528726.2623286541,400.8030572689333,704,1:45:34
48.5%,24250000,-528770.9297436932,399.91310695957344,704,1:45:33
48.5%,24255000,-528755.2795514069,402.1485192618445,704,1:45:32
48.5%,24260000,-527536.0584751666,401.4205542845878,704,1:45:31
48.5%,24265000,-527439.3053116174,399.55589532535373,704,1:45:30
48.5%,24270000,-528268.1053423639,401.8395622313272,704,1:45:28
48.5%,24275000,-529482.1211873675,400.45870044525753,704,1:45:27
48.5%,24280000,-527396.5476342337,400.4688567268706,704,1:45:26
48.5%,24285000,-527033.1436395897,399.7092208327964,704,1:45:25
48.5%,24290000,-528151.7810941963,400.99438297014063,704,1:45:23
48.5%,24295000,-528676.9637043155,396.8853574990008,704,1:45:22
48.6%,24300000,-527954.1039678263,401.882984015035,704,1:45:21
48.6%,24305000,-528041.0497483239,399.3362596024522,704,1:45:20
48.6%,24310000,-528339.6912712273,398.83212533398057,704,1:45:19
48.6%,24315000,-527097.9640999539,398.5901899492766,704,1:45:17
48.6%,24320000,-528659.5894941171,402.57319411933906,704,1:45:16
48.6%,24325000,-527538.7863132632,400.4280844079314,704,1:45:15
48.6%,24330000,-528464.9151299922,401.3632228108448,704,1:45:14
48.6%,24335000,-528927.7738485611,400.00784985713244,704,1:45:12
48.6%,24340000,-527580.0216521416,397.8217470380549,704,1:45:11
48.6%,24345000,-527318.7604616755,398.05980635393075,704,1:45:10
48.7%,24350000,-526149.990930743,402.3217157550518,704,1:45:09
48.7%,24355000,-528484.7218750236,401.4955979209505,704,1:45:07
48.7%,24360000,-529220.7476547821,398.1695628851785,704,1:45:06
48.7%,24365000,-528575.5719951312,401.5654407561008,704,1:45:05
48.7%,24370000,-530359.553832957,397.59870135586783,704,1:45:04
48.7%,24375000,-526687.8479033611,398.3091749592356,704,1:45:03
48.7%,24380000,-529620.7333882544,400.1279343945616,704,1:45:01
48.7%,24385000,-527809.7178969961,399.9499050813597,704,1:45:00
48.7%,24390000,-528814.6579646724,402.1507516812329,704,1:44:59
48.7%,24395000,-529887.4891827605,401.03417400583214,704,1:44:58
48.8%,24400000,-527496.6159748952,406.92766306279316,704,1:44:56
48.8%,24405000,-528736.9152397038,403.24787541624937,704,1:44:55
48.8%,24410000,-528958.413426959,400.63901124201016,704,1:44:54
48.8%,24415000,-527982.394696671,401.42570602163784,704,1:44:53
48.8%,24420000,-529147.8830317953,400.1173610675683,704,1:44:52
48.8%,24425000,-527988.4542469019,399.7802902720063,704,1:44:50
48.8%,24430000,-527016.991847435,401.8659342186073,704,1:44:49
48.8%,24435000,-527746.0396551201,401.8981203091297,704,1:44:48
48.8%,24440000,-530079.1443277565,401.10777024940467,704,1:44:47
48.8%,24445000,-527843.3065379881,401.3849337026987,704,1:44:45
48.9%,24450000,-528225.7874404569,402.2936510541695,704,1:44:44
48.9%,24455000,-527779.44527181,399.5317802895431,704,1:44:43
48.9%,24460000,-527850.9438711246,402.1781049517607,704,1:44:42
48.9%,24465000,-529123.8410959034,399.9153884431242,704,1:44:40
48.9%,24470000,-529548.5158055467,401.34823370923715,704,1:44:39
48.9%,24475000,-528744.821783233,399.4384847847744,704,1:44:38
48.9%,24480000,-529383.6883287365,400.95822268246536,704,1:44:37
48.9%,24485000,-526860.409132903,400.58614460704393,704,1:44:36
48.9%,24490000,-527945.1279478315,403.5047017742362,704,1:44:34
48.9%,24495000,-527284.0256008771,403.46655438798444,704,1:44:33
49.0%,24500000,-527874.2523920182,403.1653740272046,704,1:44:32
49.0%,24505000,-529293.2085194034,396.6461206432278,704,1:44:31
49.0%,24510000,-528008.4764628196,399.6820147547558,704,1:44:29
49.0%,24515000,-528659.4030740834,403.9037406068863,704,1:44:28
49.0%,24520000,-528249.4237469896,399.70919630071523,704,1:44:27
49.0%,24525000,-527825.8592037088,402.41560002976917,704,1:44:26
49.0%,24530000,-527664.0138377533,401.7965084288373,704,1:44:25
49.0%,24535000,-528623.9284323696,398.99276140161817,704,1:44:23
49.0%,24540000,-528599.5629787622,402.95667961251417,704,1:44:22
49.0%,24545000,-526964.875103448,402.60199478265713,704,1:44:21
49.1%,24550000,-526157.5518732104,403.39700593780844,704,1:44:20
49.1%,24555000,-527399.8031241209,403.6717407150646,704,1:44:18
49.1%,24560000,-528866.1543400027,400.01621529681853,704,1:44:17
49.1%,24565000,-528440.3384404583,402.9951704479026,704,1:44:16
49.1%,24570000,-528599.5249984991,400.7239413070929,704,1:44:15
49.1%,24575000,-529462.052448919,400.94419033202416,704,1:44:14
49.1%,24580000,-526402.8906973274,399.7107663539114,704,1:44:12
49.1%,24585000,-528539.6964635658,402.7979570472095,704,1:44:11
49.1%,24590000,-527999.0727480901,399.6000776035784,704,1:44:10
49.1%,24595000,-528304.0304087074,399.16617868355615,704,1:44:09
49.2%,24600000,-529459.459991381,400.4845327267515,704,1:44:07
49.2%,24605000,-527920.4586065421,401.99975672150333,704,1:44:06
49.2%,24610000,-528914.6168407081,401.36967474819795,704,1:44:05
49.2%,24615000,-527867.5081157321,398.4429974621316,704,1:44:04
49.2%,24620000,-529343.1445563152,400.4772466986378,704,1:44:03
49.2%,24625000,-528940.7414958654,397.27350408760213,704,1:44:01
49.2%,24630000,-529204.5359265129,399.66646141528076,704,1:44:00
49.2%,24635000,-527009.8160574161,398.9437953675612,704,1:43:59
49.2%,24640000,-526789.6557393293,399.18087340018945,704,1:43:58
49.2%,24645000,-529536.5303188618,400.11059021315964,704,1:43:56
49.3%,24650000,-529461.2173709269,396.4285456151463,704,1:43:55
49.3%,24655000,-527132.7143253474,401.437677677259,704,1:43:54
49.3%,24660000,-526982.3706707498,402.0249266368051,704,1:43:53
49.3%,24665000,-527993.4051432544,399.51274339453903,704,1:43:52
49.3%,24670000,-529097.9248342407,401.9925197575521,704,1:43:50
49.3%,24675000,-525916.7502869884,398.12923214370085,704,1:43:49
49.3%,24680000,-527478.3445489481,398.66614127264336,704,1:43:48
49.3%,24685000,-529679.4477323173,404.6985800374693,704,1:43:47
49.3%,24690000,-527907.7130041611,400.735912962714,704,1:43:46
49.3%,24695000,-529275.934783062,399.59958696195457,704,1:43:44
49.4%,24700000,-529175.1626973297,399.93638790462353,704,1:43:43
49.4%,24705000,-527155.667856493,399.9555229279524,704,1:43:42
49.4%,24710000,-528404.2591597908,397.7154740623362,704,1:43:41
49.4%,24715000,-529183.3349475442,400.57331432858115,704,1:43:39
49.4%,24720000,-527624.2939396692,400.5471140658693,704,1:43:38
49.4%,24725000,-529384.5752387862,396.9220574924623,704,1:43:37
49.4%,24730000,-529918.1186057925,400.45477531226703,704,1:43:36
49.4%,24735000,-528644.2162464303,398.3388342453953,704,1:43:34
49.4%,24740000,-526806.7662961441,400.7926556665084,704,1:43:33
49.4%,24745000,-529156.9177720817,402.04271239566845,704,1:43:32
49.5%,24750000,-527999.6296311077,403.72975908708094,704,1:43:31
49.5%,24755000,-527811.1274391222,398.47277940869725,704,1:43:30
49.5%,24760000,-528647.4098179564,399.84726285365724,704,1:43:28
49.5%,24765000,-529484.2353211697,398.5019235211519,704,1:43:27
49.5%,24770000,-529068.7461258797,399.40323218410316,704,1:43:26
49.5%,24775000,-528886.0353700067,407.1545112175648,704,1:43:25
49.5%,24780000,-528984.3357356442,400.01793254250185,704,1:43:23
49.5%,24785000,-527118.3497012095,400.99722869155875,704,1:43:22
49.5%,24790000,-530455.0845763506,399.0774216138077,704,1:43:21
49.5%,24795000,-527520.358972461,401.83188368991443,704,1:43:20
49.6%,24800000,-527498.0660693175,396.6270346840613,704,1:43:18
49.6%,24805000,-527683.07318216,398.5617817992576,704,1:43:17
49.6%,24810000,-528717.6686104741,399.0275478927467,704,1:43:16
49.6%,24815000,-527856.8260525721,397.0874527838509,704,1:43:15
49.6%,24820000,-529499.0060692728,399.71770893288846,704,1:43:14
49.6%,24825000,-527969.551675573,399.2301338192206,704,1:43:12
49.6%,24830000,-527937.1983379251,402.2597231858826,704,1:43:11
49.6%,24835000,-527200.7173693287,399.1625969997023,704,1:43:10
49.6%,24840000,-527701.1497811717,400.8840867331066,704,1:43:09
49.6%,24845000,-529064.6791568152,399.7398123380414,704,1:43:07
49.7%,24850000,-526744.2912450875,397.78068033414144,704,1:43:06
49.7%,24855000,-528848.2939693909,398.68920142896275,704,1:43:05
49.7%,24860000,-528897.4882832305,399.59556370063933,704,1:43:04
49.7%,24865000,-528972.8999766544,399.7348323255597,704,1:43:03
49.7%,24870000,-528502.8587533962,398.5573660246432,704,1:43:01
49.7%,24875000,-528455.1411288474,400.0463161604397,704,1:43:00
49.7%,24880000,-527800.2502465416,399.05315938550996,704,1:42:59
49.7%,24885000,-528430.3863718379,396.99064919147185,704,1:42:58
49.7%,24890000,-528206.8239811589,399.1823453250609,704,1:42:56
49.7%,24895000,-527696.0789606185,399.796456913511,704,1:42:55
49.8%,24900000,-528433.715830042,403.49533051922134,704,1:42:54
49.8%,24905000,-528490.5955892084,401.69818384742445,704,1:42:53
49.8%,24910000,-529671.558137611,402.01567804219616,704,1:42:52
49.8%,24915000,-528509.8308318928,398.63115852486527,704,1:42:50
49.8%,24920000,-530043.5364918448,400.5683097840182,704,1:42:49
49.8%,24925000,-528699.884433662,398.94215171812147,704,1:42:48
49.8%,24930000,-527240.377852486,398.2725976261801,704,1:42:47
49.8%,24935000,-528913.779255508,395.20765753052206,704,1:42:45
49.8%,24940000,-530188.0962365298,401.50484651555945,704,1:42:44
49.8%,24945000,-529461.0335810403,399.8793017516924,704,1:42:43
49.9%,24950000,-527655.7526655733,402.0460978228728,704,1:42:42
49.9%,24955000,-527732.5210082438,402.9670076186955,704,1:42:41
49.9%,24960000,-526791.6875265422,401.5230983839654,704,1:42:39
49.9%,24965000,-528497.9232360469,403.5151524408235,704,1:42:38
49.9%,24970000,-527747.3409362976,403.1002658837241,704,1:42:37
49.9%,24975000,-528870.4722839673,400.0064269964234,704,1:42:36
49.9%,24980000,-527680.1737306807,403.2272684680491,704,1:42:34
49.9%,24985000,-526152.3507295814,399.69840218499127,704,1:42:33
49.9%,24990000,-527761.481972442,400.61158437523886,704,1:42:32
49.9%,24995000,-526606.7825956955,399.2379595531205,704,1:42:31
50.0%,25000000,-528434.7218455565,400.3539484585727,704,1:42:30
50.0%,25005000,-528210.7067582812,401.31202435739954,704,1:42:28
50.0%,25010000,-528130.7888258621,401.2368089964684,704,1:42:27
50.0%,25015000,-528521.9509133901,402.52457153441884,704,1:42:26
50.0%,25020000,-528562.2062992952,398.9849847318807,704,1:42:25
50.0%,25025000,-526170.1710895146,400.7080445184812,704,1:42:23
50.0%,25030000,-528752.3450978878,398.6010331291629,704,1:42:22
50.0%,25035000,-528449.2064548898,398.44915501451044,704,1:42:21
50.0%,25040000,-529113.2664253856,398.9001527951228,704,1:42:20
50.0%,25045000,-529653.6120383567,402.32534650306803,704,1:42:18
50.0%,25050000,-528040.7791547142,401.1788151565333,704,1:42:17
50.1%,25055000,-526219.1119130175,401.9371999144667,704,1:42:16
50.1%,25060000,-530422.3672801591,401.71842281440684,704,1:42:15
50.1%,25065000,-528712.618628575,399.85530937628783,704,1:42:14
50.1%,25070000,-529140.4798492948,398.05877600652076,704,1:42:12
50.1%,25075000,-528508.690333039,401.35287027258227,704,1:42:11
50.1%,25080000,-527511.6006612023,398.7218781611089,704,1:42:10
50.1%,25085000,-528440.4001215966,398.34639012640207,704,1:42:09
50.1%,25090000,-527169.7503658701,398.74947675244863,704,1:42:07
50.1%,25095000,-527212.5832852642,401.6658750964961,704,1:42:06
50.1%,25100000,-527456.8718216782,397.472606458547,704,1:42:05
50.2%,25105000,-526594.6979651405,399.4761415294023,704,1:42:04
50.2%,25110000,-527611.4752087113,402.0262023050271,704,1:42:03
50.2%,25115000,-529042.6013034694,399.3421227698568,704,1:42:01
50.2%,25120000,-529855.9978640606,400.57814714857574,704,1:42:00
50.2%,25125000,-528301.991794928,396.4713050326619,704,1:41:59
50.2%,25130000,-528332.1206269739,399.4255073138244,704,1:41:58
50.2%,25135000,-528342.5156010715,401.02858069132066,704,1:41:56
50.2%,25140000,-528121.2106563463,397.9500743547641,704,1:41:55
50.2%,25145000,-528698.7953599775,400.79915666802395,704,1:41:54
50.2%,25150000,-526952.5321185095,400.79670345990485,704,1:41:53
50.3%,25155000,-527422.2564211958,400.62125001522804,704,1:41:52
50.3%,25160000,-527031.9016865054,398.951351248568,704,1:41:50
50.3%,25165000,-526488.9696855778,399.9318985337656,704,1:41:49
50.3%,25170000,-528065.2273435751,402.1371854403344,704,1:41:48
50.3%,25175000,-528080.6055194438,403.62240669978985,704,1:41:47
50.3%,25180000,-528285.8427508846,400.026052661376,704,1:41:45
50.3%,25185000,-529172.8677574554,404.3413684032496,704,1:41:44
50.3%,25190000,-529197.3703493639,399.2740462445522,704,1:41:43
50.3%,25195000,-529007.4337259694,398.75342641752036,704,1:41:42
50.3%,25200000,-528203.4428865206,402.5667176499047,704,1:41:40
50.4%,25205000,-528253.7476296173,398.6020634765729,704,1:41:39
50.4%,25210000,-530677.6456188853,400.0114070089051,704,1:41:38
50.4%,25215000,-527983.6001657951,401.173246374103,704,1:41:37
50.4%,25220000,-528240.0881294031,400.5395091207002,704,1:41:36
50.4%,25225000,-528706.3896278706,400.322620990892,704,1:41:34
50.4%,25230000,-527096.5967045557,399.0749438736074,704,1:41:33
50.4%,25235000,-526868.1531252172,401.5373760552185,704,1:41:32
50.4%,25240000,-528374.0745261814,398.20832357346,704,1:41:31
50.4%,25245000,-527565.5349544664,398.3714128492167,704,1:41:29
50.4%,25250000,-526414.134539594,401.0662619680297,704,1:41:28
50.5%,25255000,-529254.0251646526,400.1936558400718,704,1:41:27
50.5%,25260000,-528547.0597759048,395.7734654511075,704,1:41:26
50.5%,25265000,-529575.8202835838,399.1649766115778,704,1:41:25
50.5%,25270000,-527959.8660954032,396.75030839204527,704,1:41:23
50.5%,25275000,-527796.1743213441,399.54461056800596,704,1:41:22
50.5%,25280000,-528446.1639192887,399.5007717389179,704,1:41:21
50.5%,25285000,-527511.3139629229,401.1335534667362,704,1:41:20
50.5%,25290000,-528218.6327254674,403.1678027032425,704,1:41:18
50.5%,25295000,-527706.977920766,401.87169925768717,704,1:41:17
50.5%,25300000,-528363.3721428826,397.6277228079166,704,1:41:16
50.6%,25305000,-527605.365081809,397.5294718227473,704,1:41:15
50.6%,25310000,-527888.2586977943,400.85008526857615,704,1:41:13
50.6%,25315000,-529046.1620959225,400.56884948980445,704,1:41:12
50.6%,25320000,-527933.2257865323,404.2087725044131,704,1:41:11
50.6%,25325000,-525833.5264138253,405.1495532860004,704,1:41:10
50.6%,25330000,-528115.9717309759,404.72370088860873,704,1:41:09
50.6%,25335000,-527903.393965764,400.6023603127111,704,1:41:07
50.6%,25340000,-527100.3150704368,401.89620680679684,704,1:41:06
50.6%,25345000,-528258.0792710492,402.8560244833882,704,1:41:05
50.6%,25350000,-527193.3084860179,396.9204874392661,704,1:41:04
50.7%,25355000,-528633.4392112242,399.1912504705332,704,1:41:02
50.7%,25360000,-526565.1491082888,399.78912182123497,704,1:41:01
50.7%,25365000,-526986.1414332651,397.35760006192436,704,1:41:00
50.7%,25370000,-529559.4457334704,402.5987810800211,704,1:40:59
50.7%,25375000,-528640.0899333698,405.29372832715893,704,1:40:58
50.7%,25380000,-527817.3928589867,401.7671189955707,704,1:40:56
50.7%,25385000,-526304.3302985872,399.3375352706741,704,1:40:55
50.7%,25390000,-529212.8713046852,396.56926163285686,704,1:40:54
50.7%,25395000,-527785.0231564171,401.3312084448907,704,1:40:53
50.7%,25400000,-529183.8363937363,402.22957325809904,704,1:40:51
50.8%,25405000,-528738.4299216224,404.0809112972465,704,1:40:50
50.8%,25410000,-529714.1778360796,398.90812572150975,704,1:40:49
50.8%,25415000,-529964.7783815265,399.2511578128012,704,1:40:48
50.8%,25420000,-527551.926020389,402.27000212790153,704,1:40:47
50.8%,25425000,-528955.0069707069,399.1703000731962,704,1:40:45
50.8%,25430000,-528604.6378767593,400.12908740237754,704,1:40:44
50.8%,25435000,-529248.1202199645,399.9183322928671,704,1:40:43
50.8%,25440000,-528519.6025389829,399.8189773640442,704,1:40:42
50.8%,25445000,-528134.2315235487,399.06361005209726,704,1:40:40
50.8%,25450000,-529542.5596768395,402.89856311217306,704,1:40:39
50.9%,25455000,-527279.6422418263,402.9675963886441,704,1:40:38
50.9%,25460000,-527823.2551060799,399.1486873096671,704,1:40:37
50.9%,25465000,-529028.721526606,399.21749979740736,704,1:40:36
50.9%,25470000,-528156.3474344476,398.3351299011355,704,1:40:34
50.9%,25475000,-527576.9212899343,402.79513585787254,704,1:40:33
50.9%,25480000,-528007.7679894827,400.18590370241554,704,1:40:32
50.9%,25485000,-528209.3812120939,399.9678380327102,704,1:40:31
50.9%,25490000,-527727.5998729244,402.4587519605838,704,1:40:29
50.9%,25495000,-528075.2231761795,399.4017602592317,704,1:40:28
50.9%,25500000,-527797.3760014456,400.90405584719593,704,1:40:27
51.0%,25505000,-527518.7155346652,401.01079493245726,704,1:40:26
51.0%,25510000,-527444.4086517314,398.3904006800584,704,1:40:25
51.0%,25515000,-527971.3211765955,401.4825959179194,704,1:40:23
51.0%,25520000,-528642.2166498508,400.360670248819,704,1:40:22
51.0%,25525000,-529878.208210492,397.1671329835587,704,1:40:21
51.0%,25530000,-526805.5947838118,402.72151508221884,704,1:40:20
51.0%,25535000,-528518.8682027599,395.73102495064734,704,1:40:18
51.0%,25540000,-528652.0733932946,400.61467541746885,704,1:40:17
51.0%,25545000,-527882.3657803847,396.96653415566124,704,1:40:16
51.0%,25550000,-529201.994998001,405.5046306291565,704,1:40:15
51.1%,25555000,-526489.0288716541,398.9828995049794,704,1:40:13
51.1%,25560000,-528839.99985572,400.17481520171725,704,1:40:12
51.1%,25565000,-528760.6084841546,399.4339954139164,704,1:40:11
51.1%,25570000,-528827.2370729288,399.60226095880444,704,1:40:10
51.1%,25575000,-528863.8820360033,397.4425055949258,704,1:40:09
51.1%,25580000,-528171.8081547739,403.4320868139113,704,1:40:07
51.1%,25585000,-528570.7708208798,396.40698191577957,704,1:40:06
51.1%,25590000,-530114.0742793875,401.7348347767235,704,1:40:05
51.1%,25595000,-527396.1947153071,400.51308806925766,704,1:40:04
51.1%,25600000,-529212.665733974,398.1715745158362,704,1:40:02
51.2%,25605000,-528153.5276460024,400.34644164172835,704,1:40:01
51.2%,25610000,-528103.5778236855,400.1095843978308,704,1:40:00
51.2%,25615000,-529507.647622224,402.7374609349929,704,1:39:59
51.2%,25620000,-529606.4617034192,399.91600174515395,704,1:39:58
51.2%,25625000,-527653.0545215798,397.24776993443294,704,1:39:56
51.2%,25630000,-528381.9871741869,399.85501499131357,704,1:39:55
51.2%,25635000,-526795.6148006585,400.1575936807213,704,1:39:54
51.2%,25640000,-528552.9694770719,400.0012752593733,704,1:39:53
51.2%,25645000,-526601.1280276696,401.42418503260404,704,1:39:51
51.2%,25650000,-528512.703592049,404.31894608104113,704,1:39:50
51.3%,25655000,-529429.0319901062,401.3511284948177,704,1:39:49
51.3%,25660000,-527675.6618158147,402.9181642450446,704,1:39:48
51.3%,25665000,-528885.3467874532,397.495887403597,704,1:39:47
51.3%,25670000,-528497.5683803228,401.88264056589827,704,1:39:45
51.3%,25675000,-527556.2475981615,399.21229899619493,704,1:39:44
51.3%,25680000,-528682.4377675117,398.06216143372507,704,1:39:43
51.3%,25685000,-528563.8530427166,398.23697704429094,704,1:39:42
51.3%,25690000,-528511.6768565611,392.6407186830381,704,1:39:40
51.3%,25695000,-528125.9018988232,402.1308561633872,704,1:39:39
51.3%,25700000,-527046.3088977803,401.0123895177347,704,1:39:38
51.4%,25705000,-528075.9306065636,403.4053959095757,704,1:39:37
51.4%,25710000,-528209.0717489077,399.31575078257663,704,1:39:36
51.4%,25715000,-529566.569092223,399.6853020536353,704,1:39:34
51.4%,25720000,-527080.2677289695,399.9057473352162,704,1:39:33
51.4%,25725000,-529006.3425130169,401.761893662277,704,1:39:32
51.4%,25730000,-528018.5148286228,400.66526056888443,704,1:39:31
51.4%,25735000,-527954.2628858052,400.58209681364747,704,1:39:29
51.4%,25740000,-529302.0983585855,400.9840549639593,704,1:39:28
51.4%,25745000,-528399.8427294786,398.6208059866027,704,1:39:27
51.4%,25750000,-528317.3371483176,397.1671820477211,704,1:39:26
51.5%,25755000,-529221.1836214918,397.1779025672015,704,1:39:25
51.5%,25760000,-528646.932424779,402.9683078189986,704,1:39:23
51.5%,25765000,-526839.2320762114,397.8423539862552,704,1:39:22
51.5%,25770000,-527322.1282514711,404.58070338734734,704,1:39:21
51.5%,25775000,-527088.4026567326,399.7360589296192,704,1:39:20
51.5%,25780000,-528213.7949966965,401.97409616457776,704,1:39:18
51.5%,25785000,-527880.9953381657,401.5515065339844,704,1:39:17
51.5%,25790000,-527543.3762578196,402.0597621920961,704,1:39:16
51.5%,25795000,-528187.7916728687,395.8216709906475,704,1:39:15
51.5%,25800000,-527787.5381079456,398.3245565741422,704,1:39:13
51.6%,25805000,-528448.427228325,397.66829887020623,704,1:39:12
51.6%,25810000,-528886.0078745987,401.78917333656125,704,1:39:11
51.6%,25815000,-526349.3852899484,396.98944711949355,704,1:39:10
51.6%,25820000,-529449.1003768304,398.75641933142566,704,1:39:09
51.6%,25825000,-528024.2896883613,400.6611637113255,704,1:39:07
51.6%,25830000,-526474.120728658,399.80467516070996,704,1:39:06
51.6%,25835000,-528364.0739592137,402.17749164973094,704,1:39:05
51.6%,25840000,-528685.6688258611,399.7393462284988,704,1:39:04
51.6%,25845000,-526981.7715828218,397.68512787790314,704,1:39:02
51.6%,25850000,-526450.6553091016,400.3099869690787,704,1:39:01
51.7%,25855000,-528232.3717805035,401.0560320901732,704,1:39:00
51.7%,25860000,-526320.4433600195,398.94872631588055,704,1:38:59
51.7%,25865000,-527316.7172937109,402.06935423584173,704,1:38:58
51.7%,25870000,-526966.0563234622,400.24725843747376,704,1:38:56
51.7%,25875000,-529217.3767144545,400.6109465411279,704,1:38:55
51.7%,25880000,-526873.873156793,400.14697128956567,704,1:38:54
51.7%,25885000,-527289.7262092754,400.5183624667137,704,1:38:53
51.7%,25890000,-530233.4520772654,400.70205869067064,704,1:38:51
51.7%,25895000,-528131.6774087134,403.26858049277445,704,1:38:50
51.7%,25900000,-527968.6267630933,401.4792350227963,704,1:38:49
51.8%,25905000,-528588.0028523179,402.92329145001344,704,1:38:48
51.8%,25910000,-528522.3445416712,397.08200666182654,704,1:38:47
51.8%,25915000,-528328.5609874045,402.70839041878173,704,1:38:45
51.8%,25920000,-529116.2800638843,397.97541599463426,704,1:38:44
51.8%,25925000,-527291.5193169541,400.8977756344111,704,1:38:43
51.8%,25930000,-527062.1445224709,400.75622552593995,704,1:38:42
51.8%,25935000,-527692.2963242196,402.8064942114639,704,1:38:40
51.8%,25940000,-527583.7048258167,400.0978825951028,704,1:38:39
51.8%,25945000,-527345.5104802493,403.2885496068638,704,1:38:38
51.8%,25950000,-528959.6716325013,400.43809349705725,704,1:38:37
51.9%,25955000,-528819.9509746442,401.7316456061687,704,1:38:36
51.9%,25960000,-527319.1195088984,402.80583184527177,704,1:38:34
51.9%,25965000,-527614.7948680781,402.37190839316827,704,1:38:33
51.9%,25970000,-527854.3906342252,401.5015592166799,704,1:38:32
51.9%,25975000,-528682.6956418874,400.1982433392545,704,1:38:31
51.9%,25980000,-528928.8448435445,402.6710771232905,704,1:38:29
51.9%,25985000,-529004.7786856741,401.2891113935673,704,1:38:28
51.9%,25990000,-528155.1036088397,401.91909523854787,704,1:38:27
51.9%,25995000,-528524.5049259104,402.21480494522217,704,1:38:26
51.9%,26000000,-528785.6808256395,398.49660005953353,704,1:38:24
52.0%,26005000,-528264.3714287649,401.80936323938124,704,1:38:23
52.0%,26010000,-530584.1968769203,400.62012153949325,704,1:38:22
52.0%,26015000,-529417.8985459311,400.36621449916817,704,1:38:21
52.0%,26020000,-527757.7287433357,397.7278382312564,704,1:38:20
52.0%,26025000,-529450.6899780892,397.8705168154623,704,1:38:18
52.0%,26030000,-528938.5541795576,401.7224951398846,704,1:38:17
52.0%,26035000,-528863.3491664836,397.202262923824,704,1:38:16
52.0%,26040000,-526833.5945005603,400.4765843324457,704,1:38:15
52.0%,26045000,-529315.0150044723,397.60296993799506,704,1:38:13
52.0%,26050000,-528923.4732390675,400.52731667634833,704,1:38:12
52.1%,26055000,-528861.5368309631,408.2611779321645,704,1:38:11
52.1%,26060000,-528111.1897570798,399.1925997349987,704,1:38:10
52.1%,26065000,-528857.4293159978,403.00088642282003,704,1:38:09
52.1%,26070000,-528993.4104367802,406.3291538779804,704,1:38:07
52.1%,26075000,-527844.2896316093,400.17594367745204,704,1:38:06
52.1%,26080000,-527730.2983860504,400.55795724575563,704,1:38:05
52.1%,26085000,-528286.2462510699,399.76321594349747,704,1:38:04
52.1%,26090000,-528064.1372841578,404.26693806891655,704,1:38:02
52.1%,26095000,-528892.743848444,401.52022813046614,704,1:38:01
52.1%,26100000,-528432.3411459592,397.94067856766804,704,1:38:00
52.2%,26105000,-528357.5426024767,394.6015679326214,704,1:37:59
52.2%,26110000,-528467.475053872,399.2952664947823,704,1:37:58
52.2%,26115000,-527600.7772375396,402.61433441949606,704,1:37:56
52.2%,26120000,-527276.0499971602,404.14874250173915,704,1:37:55
52.2%,26125000,-528846.8166307323,402.78856126011334,704,1:37:54
52.2%,26130000,-529105.7371608322,399.5088427936297,704,1:37:53
52.2%,26135000,-527945.58398352,397.87090932876134,704,1:37:51
52.2%,26140000,-528821.3461003625,401.04972734530713,704,1:37:50
52.2%,26145000,-526764.88620211,401.761893662277,704,1:37:49
52.2%,26150000,-527630.6207665335,400.13894929901625,704,1:37:48
52.3%,26155000,-526964.7874921076,399.048154840947,704,1:37:47
52.3%,26160000,-531486.4861381785,399.9179152474868,704,1:37:45
52.3%,26165000,-527932.2475038823,402.4750903266569,704,1:37:44
52.3%,26170000,-528394.2158191241,399.9370257387345,704,1:37:43
52.3%,26175000,-527924.196963632,398.20925579254526,704,1:37:42
52.3%,26180000,-529881.5610960075,400.64607648139315,704,1:37:40
52.3%,26185000,-527736.6417498523,399.5705655099058,704,1:37:39
52.3%,26190000,-525684.2719517518,400.2656820304481,704,1:37:38
52.3%,26195000,-529518.826232315,397.4326682303683,704,1:37:37
52.3%,26200000,-529899.7991429758,398.641020421504,704,1:37:35
52.4%,26205000,-528708.4841728564,402.4170719546406,704,1:37:34
52.4%,26210000,-528233.3485985361,399.07504200193216,704,1:37:33
52.4%,26215000,-528400.6148504391,400.31131170146307,704,1:37:32
52.4%,26220000,-528203.8078264585,401.7701855057195,704,1:37:31
52.4%,26225000,-528428.1066154181,401.2015073316348,704,1:37:29
52.4%,26230000,-529349.1697578393,401.48328281619274,704,1:37:28
52.4%,26235000,-527839.5869167815,401.44381069755667,704,1:37:27
52.4%,26240000,-525931.1515540299,399.23567806956976,704,1:37:26
52.4%,26245000,-528650.7416911894,401.9622226372814,704,1:37:24
52.4%,26250000,-528700.4362448012,403.79920940893214,704,1:37:23
52.5%,26255000,-527563.1430644728,398.5936735048057,704,1:37:22
52.5%,26260000,-527535.8433187795,400.6106521561536,704,1:37:21
52.5%,26265000,-528486.7910803598,399.0268609944734,704,1:37:20
52.5%,26270000,-527587.224598438,401.4712130322468,704,1:37:18
52.5%,26275000,-526846.9787383494,400.41886034540363,704,1:37:17
52.5%,26280000,-529417.3048816831,400.32284177962276,704,1:37:16
52.5%,26285000,-528672.5896383468,403.1024983031125,704,1:37:15
52.5%,26290000,-527188.8269964596,397.24882481392416,704,1:37:13
52.5%,26295000,-526980.9779248876,396.82481232262177,704,1:37:12
52.5%,26300000,-528012.884141915,398.79787854863815,704,1:37:11
52.6%,26305000,-527484.7823258447,397.88180157281005,704,1:37:10
52.6%,26310000,-528108.7075760094,402.4206045743321,704,1:37:09
52.6%,26315000,-526863.8668085742,405.3492198948126,704,1:37:07
52.6%,26320000,-528292.1216205307,399.14076344744245,704,1:37:06
52.6%,26325000,-529117.2683198256,403.01555660737216,704,1:37:05
52.6%,26330000,-527708.0383164082,402.70789977715793,704,1:37:04
52.6%,26335000,-527161.5190794715,398.200865820778,704,1:37:02
52.6%,26340000,-528062.6066127205,399.03625678156953,704,1:37:01
52.6%,26345000,-528341.1140693356,400.2224565033898,704,1:37:00
52.6%,26350000,-525786.5310345883,399.83678765498877,704,1:36:59
52.7%,26355000,-527050.2098662332,399.10855282483885,704,1:36:58
52.7%,26360000,-526799.0396540309,399.4804591756919,704,1:36:56
52.7%,26365000,-527974.3005857333,402.47894186340386,704,1:36:55
52.7%,26370000,-526898.7059427402,402.2138236619746,704,1:36:54
52.7%,26375000,-528255.7146835919,396.49225542999886,704,1:36:53
52.7%,26380000,-531096.6109338333,401.4391496021304,704,1:36:51
52.7%,26385000,-527996.7015120913,399.981060824472,704,1:36:50
52.7%,26390000,-530066.9143095664,398.4353434528,704,1:36:49
52.7%,26395000,-528573.585762165,399.85359213060445,704,1:36:48
52.7%,26400000,-526893.3860649206,404.5655425611714,704,1:36:46
52.8%,26405000,-528474.2449786388,400.84981541568305,704,1:36:45
52.8%,26410000,-527402.2275529159,400.2860927219989,704,1:36:44
52.8%,26415000,-529275.1819042997,400.89824174395375,704,1:36:43
52.8%,26420000,-528904.8308938472,397.4188321365766,704,1:36:42
52.8%,26425000,-528003.0255655944,399.2945795965089,704,1:36:40
52.8%,26430000,-528227.2396964459,402.4540418009952,704,1:36:39
52.8%,26435000,-529345.6645194064,400.78679249910374,704,1:36:38
52.8%,26440000,-527791.7318730163,401.2942631306173,704,1:36:37
52.8%,26445000,-528285.7882607337,398.70926867137683,704,1:36:35
52.8%,26450000,-528630.9140609303,398.88668468254895,704,1:36:34
52.9%,26455000,-528600.8380611562,396.4298703475306,704,1:36:33
52.9%,26460000,-529536.6029201527,397.7298743939952,704,1:36:32
52.9%,26465000,-527420.1575656803,397.3144235990285,704,1:36:31
52.9%,26470000,-528382.3931222041,399.87699573606056,704,1:36:29
52.9%,26475000,-528987.3097119457,401.75369994715925,704,1:36:28
52.9%,26480000,-527995.9825994559,401.4226640435702,704,1:36:27
52.9%,26485000,-529403.8359674043,401.16875700324505,704,1:36:26
52.9%,26490000,-528135.9989431445,397.62441097695586,704,1:36:24
52.9%,26495000,-527124.14435584,398.0775185165505,704,1:36:23
52.9%,26500000,-526794.6053312169,401.5468945027206,704,1:36:22
53.0%,26505000,-526903.3071547309,397.6718560219789,704,1:36:21
53.0%,26510000,-527220.7567540919,402.04489575089445,704,1:36:20
53.0%,26515000,-528761.7251908346,398.20066956412853,704,1:36:18
53.0%,26520000,-527719.0294193216,401.2010412220922,704,1:36:17
53.0%,26525000,-527475.6999541842,398.56470111691925,704,1:36:16
53.0%,26530000,-528407.5427138316,401.6535109275759,704,1:36:15
53.0%,26535000,-527072.0712382491,399.38726179924794,704,1:36:13
53.0%,26540000,-529618.8656109176,402.7179579304462,704,1:36:12
53.0%,26545000,-528749.6805703486,399.5489527463767,704,1:36:11
53.0%,26550000,-528731.1941550937,398.1247673049241,704,1:36:10
53.1%,26555000,-528326.9711889024,399.03439234339896,704,1:36:09
53.1%,26560000,-526635.2022850071,400.5868560373985,704,1:36:07
53.1%,26565000,-528314.8116527698,400.2404630509839,704,1:36:06
53.1%,26570000,-526223.4117423478,403.12192771141565,704,1:36:05
53.1%,26575000,-529856.6196969505,397.1031778478942,704,1:36:04
53.1%,26580000,-529871.6387736071,397.319379079429,704,1:36:02
53.1%,26585000,-528623.3045704886,399.43941700385966,704,1:36:01
53.1%,26590000,-527908.9921722943,398.89595780923906,704,1:36:00
53.1%,26595000,-527131.1971504162,400.6669778145677,704,1:35:59
53.1%,26600000,-529999.0318782227,399.3785529104252,704,1:35:58
53.2%,26605000,-527266.8036197484,398.3006377949811,704,1:35:56
53.2%,26610000,-527271.9805601705,400.8749607989036,704,1:35:55
53.2%,26615000,-527913.2756034583,398.1425285317062,704,1:35:54
53.2%,26620000,-526732.473588889,398.88781315828373,704,1:35:53
53.2%,26625000,-526958.4242624589,396.55503302576625,704,1:35:51
53.2%,26630000,-528313.9097161377,399.46039193327783,704,1:35:50
53.2%,26635000,-527845.6057160427,399.89237735096714,704,1:35:49
53.2%,26640000,-529824.2366200415,399.6278233874052,704,1:35:48
53.2%,26645000,-529136.171114963,400.1846035021124,704,1:35:46
53.2%,26650000,-525604.5470771631,404.5454998508385,704,1:35:45
53.3%,26655000,-527907.9877411011,401.30383064228175,704,1:35:44
53.3%,26660000,-528398.2004749617,404.15583227320326,704,1:35:43
53.3%,26665000,-529246.2862549592,403.2194917983116,704,1:35:42
53.3%,26670000,-527325.0766329286,402.7473228316316,704,1:35:40
53.3%,26675000,-527823.430904829,401.2143130780164,704,1:35:39
53.3%,26680000,-526799.4886378385,399.13492481211904,704,1:35:38
53.3%,26685000,-528745.7177984868,403.1231788475564,704,1:35:37
53.3%,26690000,-527984.1522330684,398.5667863438205,704,1:35:35
53.3%,26695000,-529600.5361144943,402.28798414341446,704,1:35:34
53.3%,26700000,-527394.6666751341,399.5171591691534,704,1:35:33
53.4%,26705000,-529522.6892052037,397.8803051158574,704,1:35:32
53.4%,26710000,-528126.3173910868,399.2255708521191,704,1:35:31
53.4%,26715000,-528665.5989788529,399.22876002267395,704,1:35:29
53.4%,26720000,-528603.9537166315,401.09133375500676,704,1:35:28
53.4%,26725000,-528329.2935866988,397.45842691561865,704,1:35:27
53.4%,26730000,-528260.0315907956,401.2263092657187,704,1:35:26
53.4%,26735000,-528224.3633104404,400.4259255847866,704,1:35:24
53.4%,26740000,-527526.3075444442,401.7668491426776,704,1:35:23
53.4%,26745000,-526441.2266619676,399.9515241987183,704,1:35:22
53.4%,26750000,-530083.366943311,402.2599930387757,704,1:35:21
53.5%,26755000,-528370.966838472,402.1492552242803,704,1:35:20
53.5%,26760000,-527083.7443101495,402.79373752924465,704,1:35:18
53.5%,26765000,-529071.7436099732,398.87964397524723,704,1:35:17
53.5%,26770000,-530132.3009691592,401.18602758840336,704,1:35:16
53.5%,26775000,-527193.4316797988,401.59539442723485,704,1:35:15
53.5%,26780000,-529094.1383990394,399.27321215379175,704,1:35:13
53.5%,26785000,-527644.1423172392,401.1531055354453,704,1:35:12
53.5%,26790000,-529153.468253342,399.8174809070916,704,1:35:11
53.5%,26795000,-529934.7791579096,404.0564773443804,704,1:35:10
53.5%,26800000,-526183.6784912138,399.0110623341865,704,1:35:08
53.6%,26805000,-529489.1622087639,399.92480876230144,704,1:35:07
53.6%,26810000,-527662.9972695191,401.2892095218921,704,1:35:06
53.6%,26815000,-527510.7026550518,396.6587056008787,704,1:35:05
53.6%,26820000,-529438.0743674203,403.61602835868024,704,1:35:04
53.6%,26825000,-529498.0880548279,401.50599952337546,704,1:35:02
53.6%,26830000,-528793.9148658742,396.6185220518881,704,1:35:01
53.6%,26835000,-527935.2212813548,399.5184839015377,704,1:35:00
53.6%,26840000,-527206.1360621471,400.860094357702,704,1:34:59
53.6%,26845000,-528360.9559705835,400.7813463770794,704,1:34:57
53.6%,26850000,-528221.2856375668,399.5441199263821,704,1:34:56
53.7%,26855000,-527569.0842302018,403.586687989576,704,1:34:55
53.7%,26860000,-528565.339595852,398.4800899688921,704,1:34:54
53.7%,26865000,-527459.4001477156,396.2106271379281,704,1:34:53
53.7%,26870000,-527462.3417268917,398.7866428554527,704,1:34:51
53.7%,26875000,-527736.0373032731,402.3449721680207,704,1:34:50
53.7%,26880000,-528428.009142579,400.1687557776631,704,1:34:49
53.7%,26885000,-529049.3468012991,398.7073306369628,704,1:34:48
53.7%,26890000,-527878.5336890011,399.37320491672557,704,1:34:46
53.7%,26895000,-527182.9246917171,399.9270411816898,704,1:34:45
53.7%,26900000,-527234.4241177044,401.6843968177952,704,1:34:44
53.8%,26905000,-528718.9449115042,398.27671901582005,704,1:34:43
53.8%,26910000,-527581.6388941212,401.7723688609455,704,1:34:42
53.8%,26915000,-528462.9192380491,395.206234669813,704,1:34:40
53.8%,26920000,-527770.2882978753,401.85889351130555,704,1:34:39
53.8%,26925000,-526774.3647111575,401.58467390775445,704,1:34:38
53.8%,26930000,-527938.4154792349,401.77352186876146,704,1:34:37
53.8%,26935000,-528999.6248693187,399.87827140428243,704,1:34:35
53.8%,26940000,-527957.402590109,403.25437641776495,704,1:34:34
53.8%,26945000,-528089.5590677424,405.76287984785245,704,1:34:33
53.8%,26950000,-528228.8361682366,402.69452979290895,704,1:34:32
53.9%,26955000,-527222.0955926487,400.8835224952392,704,1:34:31
53.9%,26960000,-528902.931081777,396.4814367821937,704,1:34:29
53.9%,26965000,-529315.6863373923,397.9239476882959,704,1:34:28
53.9%,26970000,-527736.0667757099,399.9901376945126,704,1:34:27
53.9%,26975000,-529406.922505212,402.46591532829154,704,1:34:26
53.9%,26980000,-527014.1115492843,399.1857307522652,704,1:34:24
53.9%,26985000,-527958.0959939528,398.1544265910838,704,1:34:23
53.9%,26990000,-526769.2445448977,401.92620954209326,704,1:34:22
53.9%,26995000,-527725.5626968839,401.077350468728,704,1:34:21
53.9%,27000000,-527154.0351977493,400.0316705079687,704,1:34:19
54.0%,27005000,-529124.888745144,401.1420660989094,704,1:34:18
54.0%,27010000,-528387.1133789849,401.0358667194343,704,1:34:17
54.0%,27015000,-528483.5131034888,401.58994830521044,704,1:34:16
54.0%,27020000,-529247.567787366,400.30635622106246,704,1:34:15
54.0%,27025000,-527601.29222382,402.0009097293193,704,1:34:13
54.0%,27030000,-527838.5239840345,400.17268091065364,704,1:34:12
54.0%,27035000,-528503.9188454631,398.00559045449904,704,1:34:11
54.0%,27040000,-527943.3971249447,397.498708592934,704,1:34:10
54.0%,27045000,-527906.9259690396,401.96774235554926,704,1:34:08
54.0%,27050000,-527327.417875695,399.39219274756726,704,1:34:07
54.1%,27055000,-528112.9831980872,400.5651451455446,704,1:34:06
54.1%,27060000,-528809.5409766152,399.2434792713885,704,1:34:05
54.1%,27065000,-527885.489716568,400.8437314595477,704,1:34:04
54.1%,27070000,-527146.717591099,402.0607925395061,704,1:34:02
54.1%,27075000,-527152.472723369,398.47535527722226,704,1:34:01
54.1%,27080000,-530067.9565021796,401.71341826984394,704,1:34:00
54.1%,27085000,-527383.3390270257,401.631407522423,704,1:33:59
54.1%,27090000,-528139.0039367303,400.8209656882026,704,1:33:57
54.1%,27095000,-527415.7641882235,401.5421352789695,704,1:33:56
54.1%,27100000,-528930.4288924844,400.22002782735194,704,1:33:55
54.2%,27105000,-528939.3694034237,401.2945820476728,704,1:33:54
54.2%,27110000,-527334.7820455786,399.06454227118246,704,1:33:53
54.2%,27115000,-527872.4039348401,401.5694885494973,704,1:33:51
54.2%,27120000,-529825.9797613746,403.5585251603689,704,1:33:50
54.2%,27125000,-527454.571424609,401.6402636037328,704,1:33:49
54.2%,27130000,-529336.0390014127,398.60858901016974,704,1:33:48
54.2%,27135000,-528012.2484352463,399.7592908105069,704,1:33:46
54.2%,27140000,-528623.4854844552,400.26126625583373,704,1:33:45
54.2%,27145000,-528482.9709008234,402.4357899325892,704,1:33:44
54.2%,27150000,-528444.5618845313,399.0806353164437,704,1:33:43
54.3%,27155000,-528609.964755299,400.9612155963706,704,1:33:42
54.3%,27160000,-528024.0658134413,404.22327096439693,704,1:33:40
54.3%,27165000,-527505.3233042131,400.43824068954444,704,1:33:39
54.3%,27170000,-527926.6490702541,403.23107094063363,704,1:33:38
54.3%,27175000,-527416.2078150492,401.81684552414447,704,1:33:37
54.3%,27180000,-528039.7703775652,401.2451499040733,704,1:33:35
54.3%,27185000,-526420.3553292784,403.49430017181123,704,1:33:34
54.3%,27190000,-527492.4908794793,400.18038398414757,704,1:33:33
54.3%,27195000,-526562.4975149757,401.2055060608689,704,1:33:32
54.3%,27200000,-528583.1443655458,402.9505956563789,704,1:33:30
54.4%,27205000,-527400.1393672158,398.43828730254296,704,1:33:29
54.4%,27210000,-528232.730558495,402.8761162578835,704,1:33:28
54.4%,27215000,-528067.0800599917,397.4644618075916,704,1:33:27
54.4%,27220000,-528960.8114455622,398.4380910458934,704,1:33:26
54.4%,27225000,-529324.1566807451,399.8571002182147,704,1:33:24
54.4%,27230000,-526675.6097852439,401.23415953169985,704,1:33:23
54.4%,27235000,-527969.137588311,401.6407542453567,704,1:33:22
54.4%,27240000,-527693.7480611899,401.384590253562,704,1:33:21
54.4%,27245000,-525923.0488991309,399.88415910376824,704,1:33:19
54.4%,27250000,-529410.4334698343,400.49824616013717,704,1:33:18
54.5%,27255000,-530995.5346694132,399.33927704843865,704,1:33:17
54.5%,27260000,-529778.4812582126,401.93401074391187,704,1:33:16
54.5%,27265000,-527184.8256054721,402.11716726208266,704,1:33:15
54.5%,27270000,-526930.8860627036,397.82716862799805,704,1:33:13
54.5%,27275000,-527299.9938318492,401.0175903189471,704,1:33:12
54.5%,27280000,-530740.3281974415,405.0180858628987,704,1:33:11
54.5%,27285000,-528503.8447203548,397.02538661843806,704,1:33:10
54.5%,27290000,-526773.9936020607,403.3692601539816,704,1:33:08
54.5%,27295000,-528447.5408467264,402.71776167379664,704,1:33:07
54.5%,27300000,-529468.0162919424,403.4825002407585,704,1:33:06
54.6%,27305000,-527700.2236913582,399.09510924434625,704,1:33:05
54.6%,27310000,-527585.8238778324,399.97836229554105,704,1:33:04
54.6%,27315000,-528594.5302382251,402.1559279503642,704,1:33:02
54.6%,27320000,-528927.6303672544,403.69244579158965,704,1:33:01
54.6%,27325000,-527255.8989978512,401.6359704895245,704,1:33:00
54.6%,27330000,-528842.4192126216,396.38083071723014,704,1:32:59
54.6%,27335000,-526320.7525195451,398.86671556845965,704,1:32:57
54.6%,27340000,-528613.3551419089,400.3425165087378,704,1:32:56
54.6%,27345000,-529500.0679346765,401.09256035906634,704,1:32:55
54.6%,27350000,-527577.0080172285,399.34705371817614,704,1:32:54
54.7%,27355000,-529169.4357587537,397.1469676128198,704,1:32:53
54.7%,27360000,-526411.7007750715,398.6344458237448,704,1:32:51
54.7%,27365000,-527715.9842550922,400.2434559648892,704,1:32:50
54.7%,27370000,-528770.9601477189,401.85690641272913,704,1:32:49
54.7%,27375000,-529260.6553913923,399.5766739981224,704,1:32:48
54.7%,27380000,-526984.8465268752,397.52005150357,704,1:32:46
54.7%,27385000,-528038.2747477023,400.8007512533013,704,1:32:45
54.7%,27390000,-528121.3455518857,403.5137050480332,704,1:32:44
54.7%,27395000,-527181.129081849,399.0176369319456,704,1:32:43
54.7%,27400000,-527704.2460220857,396.42572442580934,704,1:32:42
54.8%,27405000,-529049.2303702906,401.75782133679934,704,1:32:40
54.8%,27410000,-528113.3138708118,401.66504100573565,704,1:32:39
54.8%,27415000,-528518.5211355928,401.6114138762524,704,1:32:38
54.8%,27420000,-526891.5540935672,399.65674671112924,704,1:32:37
54.8%,27425000,-525489.3788974774,401.33491278915056,704,1:32:35
54.8%,27430000,-527063.8862748076,400.818708736733,704,1:32:34
54.8%,27435000,-526784.3456785483,401.2529020417296,704,1:32:33
54.8%,27440000,-528644.3725181096,397.9191394003825,704,1:32:32
54.8%,27445000,-527918.6332575278,400.52618820061355,704,1:32:31
54.8%,27450000,-530157.0553895785,400.1792309763316,704,1:32:29
54.9%,27455000,-526741.6109698331,400.20523498239385,704,1:32:28
54.9%,27460000,-527223.0177680738,401.6818209492701,704,1:32:27
54.9%,27465000,-528643.4964443678,398.31859527841283,704,1:32:26
54.9%,27470000,-528518.6860445081,400.6949934512877,704,1:32:24
54.9%,27475000,-528414.6959564686,404.63204903327977,704,1:32:23
54.9%,27480000,-526644.1390577601,397.24404105809197,704,1:32:22
54.9%,27485000,-528205.2713470757,400.42555760356873,704,1:32:21
54.9%,27490000,-526883.5855122572,398.26764214577946,704,1:32:20
54.9%,27495000,-527862.349299184,401.3350845137189,704,1:32:18
54.9%,27500000,-526508.601910878,397.48541220492854,704,1:32:17
55.0%,27505000,-527858.9261291791,401.25959929989466,704,1:32:16
55.0%,27510000,-528142.5115612419,400.3023820239096,704,1:32:15
55.0%,27515000,-527284.107812942,398.51674089819124,704,1:32:13
55.0%,27520000,-528462.6055102283,400.54534775602355,704,1:32:12
55.0%,27525000,-526090.4273992889,404.2786398716446,704,1:32:11
55.0%,27530000,-527447.3209013785,401.070923063456,704,1:32:10
55.0%,27535000,-528031.9379984848,397.54105096506936,704,1:32:08
55.0%,27540000,-529139.8805646636,403.7982526577657,704,1:32:07
55.0%,27545000,-526666.4742642422,400.990187984257,704,1:32:06
55.0%,27550000,-527764.7607229282,402.14501117423424,704,1:32:05
55.1%,27555000,-529749.1051239697,400.5560437434228,704,1:32:04
55.1%,27560000,-527877.9117412576,401.16664724426266,704,1:32:02
55.1%,27565000,-529367.1890196945,403.6450252786478,704,1:32:01
55.1%,27570000,-527230.6463655056,399.9905547398929,704,1:32:00
55.1%,27575000,-527411.0195180471,401.80762146161675,704,1:31:59
55.1%,27580000,-527624.7556342678,403.0962916865712,704,1:31:57
55.1%,27585000,-527138.0790023385,398.6017690915986,704,1:31:56
55.1%,27590000,-527388.4653994842,397.700018851186,704,1:31:55
55.1%,27595000,-526510.9868230931,403.0907965003845,704,1:31:54
55.1%,27600000,-528252.7832431355,400.44574750638884,704,1:31:53
55.2%,27605000,-528371.7833179217,398.7510222735637,704,1:31:51
55.2%,27610000,-526779.4575883173,399.07464948863316,704,1:31:50
55.2%,27615000,-527532.4997749068,400.75867873405906,704,1:31:49
55.2%,27620000,-527291.904925176,399.3259070641896,704,1:31:48
55.2%,27625000,-528133.7777831196,400.71712138852183,704,1:31:46
55.2%,27630000,-528506.7415485638,400.2716187940963,704,1:31:45
55.2%,27635000,-528402.9534448492,400.923730576311,704,1:31:44
55.2%,27640000,-527204.2539888462,397.6165116468124,704,1:31:43
55.2%,27645000,-528885.2172460081,399.4438573105552,704,1:31:42
55.2%,27650000,-527603.6499992819,400.7104241303567,704,1:31:40
55.3%,27655000,-526873.8395996816,402.8543563018672,704,1:31:39
55.3%,27660000,-529056.403833827,404.20276214452133,704,1:31:38
55.3%,27665000,-527969.9461654094,399.588326736688,704,1:31:37
55.3%,27670000,-527488.7121131085,401.6804716848046,704,1:31:35
55.3%,27675000,-528803.4779812815,398.60576782083274,704,1:31:34
55.3%,27680000,-528573.9283584198,402.7175163529848,704,1:31:33
55.3%,27685000,-527031.2379691992,401.96842925382265,704,1:31:32
55.3%,27690000,-528640.2687948216,401.71685276121065,704,1:31:31
55.3%,27695000,-528291.8066171948,404.0973477916444,704,1:31:29
55.3%,27700000,-527095.2148070615,402.68586996824854,704,1:31:28
55.4%,27705000,-528837.713377438,401.94178741364937,704,1:31:27
55.4%,27710000,-528357.0336151188,400.43637625137393,704,1:31:26
55.4%,27715000,-527848.2970526712,401.45521811531046,704,1:31:24
55.4%,27720000,-527529.7897460186,403.14751467209766,704,1:31:23
55.4%,27725000,-526921.4717116533,398.0752125009186,704,1:31:22
55.4%,27730000,-529309.3428829252,398.8274151743919,704,1:31:21
55.4%,27735000,-529780.0638041552,400.55197141794514,704,1:31:20
55.4%,27740000,-527290.6873578578,398.7912058225542,704,1:31:18
55.4%,27745000,-529206.3658899469,400.0431024578037,704,1:31:17
55.4%,27750000,-527594.3810832305,402.6240491236477,704,1:31:16
55.5%,27755000,-526801.8841509614,398.92461128007,704,1:31:15
55.5%,27760000,-527006.0752690011,400.5792510922293,704,1:31:13
55.5%,27765000,-527725.9871381223,401.31079775334,704,1:31:12
55.5%,27770000,-528220.3577610343,400.67686424328764,704,1:31:11
55.5%,27775000,-528941.0878782724,401.44955120455535,704,1:31:10
55.5%,27780000,-527528.6205251939,403.4302223757408,704,1:31:09
55.5%,27785000,-526927.2041740711,398.7039697418396,704,1:31:07
55.5%,27790000,-527104.609067949,400.08865853257504,704,1:31:06
55.5%,27795000,-525894.3668487794,399.55690114068256,704,1:31:05
55.5%,27800000,-529007.9276849907,403.55116553601164,704,1:31:04
55.6%,27805000,-528888.0466531012,398.4887252614713,704,1:31:02
55.6%,27810000,-527292.2104263399,398.5690432952901,704,1:31:01
55.6%,27815000,-527505.5264568981,399.76640511405225,704,1:31:00
55.6%,27820000,-527034.7449308131,404.52288127198057,704,1:30:59
55.6%,27825000,-528202.4571289769,401.19633106250353,704,1:30:58
55.6%,27830000,-527187.9771496817,404.2794248982427,704,1:30:56
55.6%,27835000,-527862.7249079281,402.6022646355502,704,1:30:55
55.6%,27840000,-529034.143953009,397.4646580642411,704,1:30:54
55.6%,27845000,-528626.5140698166,401.38547340848487,704,1:30:53
55.6%,27850000,-527873.7155382037,401.3970525508069,704,1:30:51
55.7%,27855000,-528366.3022104609,398.75614947853256,704,1:30:50
55.7%,27860000,-528728.7316075508,399.8172355862797,704,1:30:49
55.7%,27865000,-528868.6368144243,401.4284045505688,704,1:30:48
55.7%,27870000,-527964.5738870115,397.60758196925894,704,1:30:46
55.7%,27875000,-529192.090512923,402.8087756950147,704,1:30:45
55.7%,27880000,-526146.984655086,400.518019017577,704,1:30:44
55.7%,27885000,-527066.9448986468,403.1418722934238,704,1:30:43
55.7%,27890000,-527934.0943698841,401.8232238652541,704,1:30:42
55.7%,27895000,-528065.088099232,400.5846481500913,704,1:30:40
55.7%,27900000,-527060.1271012211,398.8280039443405,704,1:30:39
55.8%,27905000,-529771.0292414962,398.8749583477397,704,1:30:38
55.8%,27910000,-530314.1911066868,401.004073142211,704,1:30:37
55.8%,27915000,-527054.7725154664,397.3441810135129,704,1:30:35
55.8%,27920000,-528323.7506254646,399.51524566682053,704,1:30:34
55.8%,27925000,-528700.0268643973,398.1852634171407,704,1:30:33
55.8%,27930000,-528446.9383617705,400.0234277286886,704,1:30:32
55.8%,27935000,-528123.9943015296,405.48412180928096,704,1:30:31
55.8%,27940000,-527350.886316169,404.74391532350995,704,1:30:29
55.8%,27945000,-529368.6211602683,399.0717056388902,704,1:30:28
55.8%,27950000,-528515.2867292576,399.84061465965453,704,1:30:27
55.9%,27955000,-528077.0889539896,397.27841050384035,704,1:30:26
55.9%,27960000,-527947.5442603179,399.2476987893533,704,1:30:24
55.9%,27965000,-527465.682421694,400.8345319291011,704,1:30:23
55.9%,27970000,-527721.9961558622,400.5326892021291,704,1:30:22
55.9%,27975000,-530113.0652811294,401.65032175702106,704,1:30:21
55.9%,27980000,-526769.2586665507,399.02332837478195,704,1:30:20
55.9%,27985000,-528400.8609560542,400.2304539618581,704,1:30:18
55.9%,27990000,-528545.9190256223,402.9362689209634,704,1:30:17
55.9%,27995000,-530031.5964439684,399.9884695129917,704,1:30:16
55.9%,28000000,-526823.4404961742,397.4460136825361,704,1:30:15
56.0%,28005000,-529624.3490075609,402.3335402181858,704,1:30:13
56.0%,28010000,-527497.508680616,401.8137790139956,704,1:30:12
56.0%,28015000,-527570.7367668878,400.1230034462422,704,1:30:11
56.0%,28020000,-526684.3755512857,401.9396285905046,704,1:30:10
56.0%,28025000,-529400.1577858678,401.43404692924275,704,1:30:09
56.0%,28030000,-528421.860975476,400.73110467480063,704,1:30:07
56.0%,28035000,-527744.7765733497,396.6262987216256,704,1:30:06
56.0%,28040000,-530046.0904919985,403.30074205121565,704,1:30:05
56.0%,28045000,-528604.2284946446,402.33427618062154,704,1:30:04
56.0%,28050000,-529295.5971443388,399.5831014033944,704,1:30:02
56.1%,28055000,-528234.8513570796,399.4740808345823,704,1:30:01
56.1%,28060000,-527957.8295098902,400.7530854195476,704,1:30:00
56.1%,28065000,-528715.6674876027,403.0639093393993,704,1:29:59
56.1%,28070000,-529327.9017915265,397.2174728141623,704,1:29:58
56.1%,28075000,-528682.4547103336,398.7791360386084,704,1:29:56
56.1%,28080000,-529477.7520704749,400.39594738157143,704,1:29:55
56.1%,28085000,-528655.4712027321,405.38165130614686,704,1:29:54
56.1%,28090000,-527545.960906975,398.27465832100006,704,1:29:53
56.1%,28095000,-529555.7952052508,399.8378915986424,704,1:29:51
56.1%,28100000,-528544.0579253542,399.3214422254129,704,1:29:50
56.2%,28105000,-526547.9877826441,397.5599406675863,704,1:29:49
56.2%,28110000,-528607.2172114104,399.7404747042335,704,1:29:48
56.2%,28115000,-525215.2597225201,400.46713948118725,704,1:29:47
56.2%,28120000,-527376.7372980816,398.31354166968754,704,1:29:45
56.2%,28125000,-529600.275239964,399.7789164754596,704,1:29:44
56.2%,28130000,-528762.8612856753,399.9300831597575,704,1:29:43
56.2%,28135000,-528301.598131164,402.12376639192297,704,1:29:42
56.2%,28140000,-526529.93434043,399.3745051170287,704,1:29:40
56.2%,28145000,-529468.3452783297,402.6475508574285,704,1:29:39
56.2%,28150000,-528874.8145590238,404.8007316235479,704,1:29:38
56.3%,28155000,-527401.0430568065,397.3750178395698,704,1:29:37
56.3%,28160000,-527773.2414444243,404.7007879247765,704,1:29:36
56.3%,28165000,-528505.1875027469,402.6042762662079,704,1:29:34
56.3%,28170000,-527609.2825567955,401.0589268757537,704,1:29:33
56.3%,28175000,-528153.3257412058,399.82736733581146,704,1:29:32
56.3%,28180000,-526603.1520650592,399.77440257252044,704,1:29:31
56.3%,28185000,-528773.8814820033,399.8436075735598,704,1:29:29
56.3%,28190000,-528861.5385485892,400.0245562044234,704,1:29:28
56.3%,28195000,-526838.5662920997,399.22262700237627,704,1:29:27
56.3%,28200000,-527701.2567515839,400.1072293180365,704,1:29:26
56.4%,28205000,-525926.6295268233,401.32402054510186,704,1:29:25
56.4%,28210000,-529865.9118252876,403.24461264945097,704,1:29:23
56.4%,28215000,-528135.499349704,401.6546394033107,704,1:29:22
56.4%,28220000,-528124.0551893809,397.742312159159,704,1:29:21
56.4%,28225000,-528635.7483202685,402.01768967285386,704,1:29:20
56.4%,28230000,-528299.8838283438,400.47739389112496,704,1:29:18
56.4%,28235000,-527622.5486344248,401.26050698689875,704,1:29:17
56.4%,28240000,-528236.1100235274,399.0929749532827,704,1:29:16
56.4%,28245000,-527507.5468523293,398.4180483355605,704,1:29:15
56.4%,28250000,-527312.7990046265,403.80023975634214,704,1:29:13
56.5%,28255000,-529128.6409372422,400.19164420941416,704,1:29:12
56.5%,28260000,-528604.2053087531,404.0694793474116,704,1:29:11
56.5%,28265000,-527319.402085295,403.9083035739878,704,1:29:10
56.5%,28270000,-527221.9005239164,399.4783984808719,704,1:29:09
56.5%,28275000,-527395.0745282336,397.24396746184834,704,1:29:07
56.5%,28280000,-528018.7269249386,399.2791734495211,704,1:29:06
56.5%,28285000,-528563.5756142074,401.6163202924906,704,1:29:05
56.5%,28290000,-529523.7044319431,399.5068066308908,704,1:29:04
56.5%,28295000,-527348.2076921286,399.19500387895533,704,1:29:02
56.5%,28300000,-528762.8598398785,405.0427160724143,704,1:29:01
56.6%,28305000,-528475.3681479087,400.26894479724643,704,1:29:00
56.6%,28310000,-526172.2701425841,397.20726746838693,704,1:28:59
56.6%,28315000,-528188.8043714156,401.6430602609886,704,1:28:58
56.6%,28320000,-527983.7334192563,398.4567108955173,704,1:28:56
56.6%,28325000,-527693.799585849,399.42776426529394,704,1:28:55
56.6%,28330000,-527568.1145618442,404.99711093348054,704,1:28:54
56.6%,28335000,-528099.3356635845,400.16169053828014,704,1:28:53
56.6%,28340000,-529525.2825162588,401.92773053112705,704,1:28:51
56.6%,28345000,-529752.3573203152,398.64362082211017,704,1:28:50
56.6%,28350000,-530727.570332427,401.02269299183484,704,1:28:49
56.7%,28355000,-530447.4585589021,401.6893768302769,704,1:28:48
56.7%,28360000,-527674.419100049,401.15455292823555,704,1:28:47
56.7%,28365000,-528804.4540121849,402.17538189074855,704,1:28:45
56.7%,28370000,-527634.8492233288,398.57841455030496,704,1:28:44
56.7%,28375000,-530285.9397258209,403.3706094184471,704,1:28:43
56.7%,28380000,-526972.8213275168,402.06550269909474,704,1:28:42
56.7%,28385000,-526545.9486875972,401.0326775488795,704,1:28:40
56.7%,28390000,-528214.3899974041,399.0051501026195,704,1:28:39
56.7%,28395000,-527204.8260931997,401.0309848352773,704,1:28:38
56.7%,28400000,-527453.3844957841,402.2910506535633,704,1:28:37
56.8%,28405000,-526692.3710975288,403.85830719252084,704,1:28:36
56.8%,28410000,-527550.7909684954,399.441649423248,704,1:28:34
56.8%,28415000,-527744.6491419934,399.39278151751586,704,1:28:33
56.8%,28420000,-528651.4380969759,401.024900879142,704,1:28:32
56.8%,28425000,-527240.0918484861,402.8657146554586,704,1:28:31
56.8%,28430000,-528998.8137659375,400.863700573637,704,1:28:29
56.8%,28435000,-527090.9621587219,400.1509209546374,704,1:28:28
56.8%,28440000,-529097.3677403843,399.26837933379716,704,1:28:27
56.8%,28445000,-529762.2761579319,399.59492586652834,704,1:28:26
56.8%,28450000,-527391.1305136946,399.8541318363907,704,1:28:25
56.9%,28455000,-528035.4592216383,397.7981717080305,704,1:28:23
56.9%,28460000,-525005.8582673129,401.74334740889674,704,1:28:22
56.9%,28465000,-528595.137088012,402.78149602073046,704,1:28:21
56.9%,28470000,-527463.5228203912,400.37561028626425,704,1:28:20
56.9%,28475000,-528961.279458222,400.6698235359859,704,1:28:18
56.9%,28480000,-528591.6233227965,398.5787089352792,704,1:28:17
56.9%,28485000,-531095.0697278385,401.2792004327662,704,1:28:16
56.9%,28490000,-528590.0357980635,397.7434406348938,704,1:28:15
56.9%,28495000,-529123.6865374455,399.0634628596101,704,1:28:14
56.9%,28500000,-530027.6069197487,400.22451719820987,704,1:28:12
57.0%,28505000,-528087.8457442252,398.8351673120482,704,1:28:11
57.0%,28510000,-527711.5351860211,398.9564539214557,704,1:28:10
57.0%,28515000,-528308.4113932266,398.6958005588031,704,1:28:09
57.0%,28520000,-527850.1574686514,401.9630567280418,704,1:28:07
57.0%,28525000,-527025.6951228795,397.3244081560731,704,1:28:06
57.0%,28530000,-527501.1181462482,401.1350989878512,704,1:28:05
57.0%,28535000,-527796.6188244587,400.61197688853787,704,1:28:04
57.0%,28540000,-526264.6895279018,399.8273428037303,704,1:28:03
57.0%,28545000,-527483.5917467414,400.80327805766404,704,1:28:01
57.0%,28550000,-527516.8092593509,402.10897354696493,704,1:28:00
57.1%,28555000,-528467.2332271016,400.8458412185301,704,1:27:59
57.1%,28560000,-527248.4988688752,399.77440257252044,704,1:27:58
57.1%,28565000,-527111.4608695135,398.4011947957824,704,1:27:56
57.1%,28570000,-528591.5257035363,399.303582870306,704,1:27:55
57.1%,28575000,-526817.5574699491,398.51482739585833,704,1:27:54
57.1%,28580000,-528337.5329471882,400.8582299195315,704,1:27:53
57.1%,28585000,-527628.8262307579,398.94860365547464,704,1:27:52
57.1%,28590000,-528523.6322263302,402.9594517376887,704,1:27:50
57.1%,28595000,-528042.3779002563,400.89546961877915,704,1:27:49
57.1%,28600000,-527229.0313564893,397.7932898238735,704,1:27:48
57.2%,28605000,-528492.6983619118,401.1530564712829,704,1:27:47
57.2%,28610000,-527451.63265316,396.1201773545775,704,1:27:45
57.2%,28615000,-528877.820299292,398.9449974395396,704,1:27:44
57.2%,28620000,-528222.5422402071,395.4452752689365,704,1:27:43
57.2%,28625000,-527216.8344683289,405.48142328035,704,1:27:42
57.2%,28630000,-528223.0891592666,399.7009780535163,704,1:27:41
57.2%,28635000,-528525.0800755126,403.2565352409097,704,1:27:39
57.2%,28640000,-527365.6765444241,399.0646649315885,704,1:27:38
57.2%,28645000,-528192.8264083383,402.7653048471445,704,1:27:37
57.2%,28650000,-527478.9819318238,400.58641445993703,704,1:27:36
57.3%,28655000,-529564.7778800214,399.29354924909893,704,1:27:34
57.3%,28660000,-528286.42192609,398.6651599893957,704,1:27:33
57.3%,28665000,-528583.2323921565,397.56126539997064,704,1:27:32
57.3%,28670000,-527368.4848132888,397.94161078675336,704,1:27:31
57.3%,28675000,-529672.5574859655,401.76971939617687,704,1:27:29
57.3%,28680000,-528005.086637645,400.0361353467455,704,1:27:28
57.3%,28685000,-528065.140500444,400.7817143582973,704,1:27:27
57.3%,28690000,-527357.8551856666,397.1074709621026,704,1:27:26
57.3%,28695000,-528463.1531963781,401.3149927392236,704,1:27:25
57.3%,28700000,-526456.9738529488,402.0608906678309,704,1:27:23
57.4%,28705000,-526339.6266648876,401.14442117870374,704,1:27:22
57.4%,28710000,-526606.3166446602,405.2002610978218,704,1:27:21
57.4%,28715000,-526369.2105645845,401.8440516021851,704,1:27:20
57.4%,28720000,-525367.5274972492,400.82543052697935,704,1:27:18
57.4%,28725000,-528434.7245514961,401.7723197967831,704,1:27:17
57.4%,28730000,-527454.6209941548,400.46655071123865,704,1:27:16
57.4%,28735000,-530622.4213200915,401.7721480722148,704,1:27:15
57.4%,28740000,-528593.8670399599,401.22419950673634,704,1:27:14
57.4%,28745000,-527588.8555490365,401.2667626676024,704,1:27:12
57.4%,28750000,-527462.9001006926,402.6466186383432,704,1:27:11
57.5%,28755000,-529374.3871630151,401.74624219447725,704,1:27:10
57.5%,28760000,-528265.1702974751,397.4859519107148,704,1:27:09
57.5%,28765000,-528247.2177123404,403.0637130827498,704,1:27:07
57.5%,28770000,-528061.8578003095,399.6044443140304,704,1:27:06
57.5%,28775000,-526152.3821827802,400.770503197193,704,1:27:05
57.5%,28780000,-527722.5306819221,402.41910811737944,704,1:27:04
57.5%,28785000,-527654.2438869467,401.04634191810277,704,1:27:02
57.5%,28790000,-527952.648988531,403.81147544952756,704,1:27:01
57.5%,28795000,-528820.1257774723,400.19787535803664,704,1:27:00
57.5%,28800000,-529753.075186885,401.84868816553023,704,1:26:59
57.6%,28805000,-529850.8289494631,400.49755926186384,704,1:26:58
57.6%,28810000,-527288.8517410117,401.2383299855022,704,1:26:56
57.6%,28815000,-529281.5660522743,398.6971743553498,704,1:26:55
57.6%,28820000,-527963.9221647615,399.78811600590615,704,1:26:54
57.6%,28825000,-526512.033846553,398.7760204642971,704,1:26:53
57.6%,28830000,-528533.4826812418,398.01535422281296,704,1:26:52
57.6%,28835000,-528665.6302621122,400.1155456935602,704,1:26:50
57.6%,28840000,-527462.3323940556,401.4763893013781,704,1:26:49
57.6%,28845000,-527565.8762240298,402.96803796610556,704,1:26:48
57.6%,28850000,-526375.2216844745,402.72732918546103,704,1:26:47
57.7%,28855000,-527916.5132703343,404.10264672118154,704,1:26:45
57.7%,28860000,-529194.2867308552,399.4905909252237,704,1:26:44
57.7%,28865000,-528489.8633900904,398.87235794713354,704,1:26:43
57.7%,28870000,-528110.0025240108,396.6756082048192,704,1:26:42
57.7%,28875000,-527367.1804697057,401.88676195553836,704,1:26:40
57.7%,28880000,-528914.7395632803,401.7835800220497,704,1:26:39
57.7%,28885000,-528711.4756229804,401.04918763952094,704,1:26:38
57.7%,28890000,-529071.2275856826,399.6559126203688,704,1:26:37
57.7%,28895000,-528681.4581330637,398.75080148483295,704,1:26:36
57.7%,28900000,-530057.7846321282,399.92490689062623,704,1:26:34
57.8%,28905000,-526979.2753875116,400.89610745289013,704,1:26:33
57.8%,28910000,-528378.3885091669,400.76993895932566,704,1:26:32
57.8%,28915000,-527603.8733201432,399.40622509800846,704,1:26:31
57.8%,28920000,-528238.8242282663,399.66283066726453,704,1:26:29
57.8%,28925000,-528809.195282721,403.50622276327005,704,1:26:28
57.8%,28930000,-528364.9096014993,398.1089195804748,704,1:26:27
57.8%,28935000,-527105.7884869114,401.39271037243617,704,1:26:26
57.8%,28940000,-528164.8620515266,402.65491048178575,704,1:26:24
57.8%,28945000,-529163.3058588752,401.0104024191582,704,1:26:23
57.8%,28950000,-528381.6285636406,401.92934964848564,704,1:26:22
57.9%,28955000,-527974.2674488691,395.5199509240814,704,1:26:21
57.9%,28960000,-527875.283958341,398.9650892140349,704,1:26:20
57.9%,28965000,-527691.7075904673,400.6630526815772,704,1:26:18
57.9%,28970000,-527969.7914108848,403.9724304342206,704,1:26:17
57.9%,28975000,-528247.1971269371,397.58849601009246,704,1:26:16
57.9%,28980000,-529479.1185428598,398.403329086846,704,1:26:15
57.9%,28985000,-530368.9975283444,401.90643668465344,704,1:26:13
57.9%,28990000,-527018.7543967669,398.6128085281345,704,1:26:12
57.9%,28995000,-530071.2384200208,400.9961247479051,704,1:26:11
57.9%,29000000,-527983.5406959057,402.57177125862995,704,1:26:10
58.0%,29005000,-528723.8983671716,402.95631163129633,704,1:26:09
58.0%,29010000,-528274.6085008648,400.4425092716716,704,1:26:07
58.0%,29015000,-527664.6881454736,397.4395617451829,704,1:26:06
58.0%,29020000,-529231.5290395385,401.927975851939,704,1:26:05
58.0%,29025000,-527585.4654385005,399.5296214663983,704,1:26:04
58.0%,29030000,-529959.7650669264,398.4061257441017,704,1:26:02
58.0%,29035000,-528232.3880515518,399.2135010681733,704,1:26:01
58.0%,29040000,-528263.931196224,403.25641258050376,704,1:26:00
58.0%,29045000,-528825.762220447,400.2716187940963,704,1:25:59
58.0%,29050000,-529693.3003707449,403.68928115311604,704,1:25:57
58.1%,29055000,-527411.6463084235,402.35753259359046,704,1:25:56
58.1%,29060000,-526617.3277042164,400.4893164825837,704,1:25:55
58.1%,29065000,-529135.2792736478,397.1296724955803,704,1:25:54
58.1%,29070000,-528160.5366127752,400.40774731262417,704,1:25:53
58.1%,29075000,-527471.9732766254,400.4441774531926,704,1:25:51
58.1%,29080000,-526308.2190695335,401.98493934446407,704,1:25:50
58.1%,29085000,-527547.3398161125,402.0794369212112,704,1:25:49
58.1%,29090000,-527872.6936024162,399.930917250518,704,1:25:48
58.1%,29095000,-527755.3617031714,402.5241790211198,704,1:25:46
58.1%,29100000,-527451.5026926016,400.61403758335797,704,1:25:45
58.2%,29105000,-527509.2506427905,401.8762131606263,704,1:25:44
58.2%,29110000,-527872.9897341733,400.20611813731676,704,1:25:43
58.2%,29115000,-529479.4892173898,402.0880722137903,704,1:25:42
58.2%,29120000,-527902.5254218867,400.6042247508816,704,1:25:40
58.2%,29125000,-528062.1685760403,394.8896481620453,704,1:25:39
58.2%,29130000,-527141.4283527723,400.45305806658365,704,1:25:38
58.2%,29135000,-528339.5288322796,402.20788689832636,704,1:25:37
58.2%,29140000,-527242.0665679504,401.8847993890431,704,1:25:35
58.2%,29145000,-529058.4361360474,397.5206648055998,704,1:25:34
58.2%,29150000,-526664.7134452146,402.0661650652869,704,1:25:33
58.3%,29155000,-527230.5644881842,401.0000498808957,704,1:25:32
58.3%,29160000,-527813.8197071282,399.8342608506261,704,1:25:30
58.3%,29165000,-529448.5026276819,401.27363165033586,704,1:25:29
58.3%,29170000,-528207.7193782041,403.946769877295,704,1:25:28
58.3%,29175000,-528718.474414512,401.6270653440522,704,1:25:27
58.3%,29180000,-527349.7770321434,401.61749783238776,704,1:25:26
58.3%,29185000,-527809.3081402071,401.3833145853401,704,1:25:24
58.3%,29190000,-527543.5652673743,398.7217800327842,704,1:25:23
58.3%,29195000,-527604.6237566229,400.61187876021313,704,1:25:22
58.3%,29200000,-528695.636090247,399.6397705109452,704,1:25:21
58.4%,29205000,-528111.8340682997,399.52071632092606,704,1:25:19
58.4%,29210000,-526806.8564038118,402.53470328395065,704,1:25:18
58.4%,29215000,-527360.7912747674,400.8466262451282,704,1:25:17
58.4%,29220000,-529168.6366706942,402.0641779667105,704,1:25:16
58.4%,29225000,-529338.8621723745,400.4635823294145,704,1:25:15
58.4%,29230000,-528781.0862131189,397.06797431138534,704,1:25:13
58.4%,29235000,-526612.4019919736,398.3339278291571,704,1:25:12
58.4%,29240000,-527737.0166158574,399.2266502636915,704,1:25:11
58.4%,29245000,-528950.2929533375,400.76147539131483,704,1:25:10
58.4%,29250000,-529232.1006778334,403.74536149071827,704,1:25:08
58.5%,29255000,-530330.0651892535,398.0571568891622,704,1:25:07
58.5%,29260000,-528222.7236472247,399.136077819935,704,1:25:06
58.5%,29265000,-527716.8949439181,401.5195167001116,704,1:25:05
58.5%,29270000,-527280.1733669848,402.8355401955938,704,1:25:04
58.5%,29275000,-528384.1007679333,396.6136401677311,704,1:25:02
58.5%,29280000,-527697.4763298729,402.5437310898289,704,1:25:01
58.5%,29285000,-528101.3667174187,397.65792179986255,704,1:25:00
58.5%,29290000,-529339.5088323317,402.12575349049945,704,1:24:59
58.5%,29295000,-528119.7891165032,400.2842282838284,704,1:24:57
58.5%,29300000,-528234.9096818999,401.50060246551345,704,1:24:56
58.6%,29305000,-527995.4703153572,400.060495703368,704,1:24:55
58.6%,29310000,-527519.8337139674,401.31271125567287,704,1:24:54
58.6%,29315000,-527633.7733874666,397.6322857750181,704,1:24:52
58.6%,29320000,-528105.2925475696,399.4112541746526,704,1:24:51
58.6%,29325000,-526945.9907650547,401.2953670742709,704,1:24:50
58.6%,29330000,-527474.7043624516,402.3489463651737,704,1:24:49
58.6%,29335000,-526782.8243104909,401.62691815156506,704,1:24:48
58.6%,29340000,-527728.5304240477,399.09756245246535,704,1:24:46
58.6%,29345000,-529094.8872774341,399.7805846569806,704,1:24:45
58.6%,29350000,-529286.3514814395,398.87785313332023,704,1:24:44
58.7%,29355000,-529284.3664447479,404.18345539662414,704,1:24:43
58.7%,29360000,-527458.3779435535,404.82263877205133,704,1:24:41
58.7%,29365000,-528997.7562707379,401.1991767839217,704,1:24:40
58.7%,29370000,-526363.9646853176,403.67208416420124,704,1:24:39
58.7%,29375000,-527833.5744984951,400.21701038136547,704,1:24:38
58.7%,29380000,-527802.1546639185,398.21401501629634,704,1:24:36
58.7%,29385000,-528049.3640306001,400.8056331374583,704,1:24:35
58.7%,29390000,-526925.7419783818,401.56504824280177,704,1:24:34
58.7%,29395000,-528001.659923079,399.15138583859806,704,1:24:33
58.7%,29400000,-525423.0760909142,399.0902273601893,704,1:24:32
58.8%,29405000,-526519.6003521332,401.8452046100011,704,1:24:30
58.8%,29410000,-527911.0130000776,399.23111510246827,704,1:24:29
58.8%,29415000,-527629.0860069934,398.1627429666075,704,1:24:28
58.8%,29420000,-529169.6828815001,399.80575457228235,704,1:24:27
58.8%,29425000,-528332.0670803506,400.56691145539037,704,1:24:25
58.8%,29430000,-526376.3622509278,398.4755515338718,704,1:24:24
58.8%,29435000,-526894.43195049,402.16868463258345,704,1:24:23
58.8%,29440000,-527838.3597683017,401.09518529175375,704,1:24:22
58.8%,29445000,-527874.0934232678,399.0293387346737,704,1:24:20
58.8%,29450000,-528620.5323185273,400.9935734114613,704,1:24:19
58.9%,29455000,-528249.4676494398,403.65979359152465,704,1:24:18
58.9%,29460000,-527381.2573839026,403.44543226607914,704,1:24:17
58.9%,29465000,-528168.2438397366,402.6651403596423,704,1:24:16
58.9%,29470000,-529268.5221597832,399.5537610342901,704,1:24:14
58.9%,29475000,-528793.7896950697,399.31089343050087,704,1:24:13
58.9%,29480000,-526857.7228407166,401.8379431139686,704,1:24:12
58.9%,29485000,-527219.553448549,398.56801294788005,704,1:24:11
58.9%,29490000,-526317.353172184,400.72423569206717,704,1:24:09
58.9%,29495000,-526650.1488618245,398.82506009459763,704,1:24:08
58.9%,29500000,-528901.8974531046,402.7930260988901,704,1:24:07
59.0%,29505000,-529663.4118853989,398.32524347241554,704,1:24:06
59.0%,29510000,-528462.1394982906,405.1540671889395,704,1:24:04
59.0%,29515000,-527381.5151386485,398.7108387245731,704,1:24:03
59.0%,29520000,-528346.676416167,398.86377171871675,704,1:24:02
59.0%,29525000,-527669.7253209036,401.2446592624495,704,1:24:01
59.0%,29530000,-525747.6129893144,399.9181605682988,704,1:24:00
59.0%,29535000,-528126.3202762548,397.1918613213991,704,1:23:58
59.0%,29540000,-528678.7073890935,402.80367302212693,704,1:23:57
59.0%,29545000,-527988.5909841335,401.57925231781127,704,1:23:56
59.0%,29550000,-527105.6902041337,397.09579369145575,704,1:23:55
59.1%,29555000,-529998.7970350888,402.603785624584,704,1:23:53
59.1%,29560000,-528579.4990351587,397.31069472268746,704,1:23:52
59.1%,29565000,-529070.1139767738,402.9632787423545,704,1:23:51
59.1%,29570000,-527563.0675834655,398.2533890066076,704,1:23:50
59.1%,29575000,-527893.1213451666,403.843416219238,704,1:23:49
59.1%,29580000,-529263.9600244695,401.2951462855402,704,1:23:47
59.1%,29585000,-529142.8420751416,400.13423913942756,704,1:23:46
59.1%,29590000,-527111.2543950207,400.1444935493654,704,1:23:45
59.1%,29595000,-525928.7252222314,398.3042440109162,704,1:23:44
59.1%,29600000,-529193.3919176972,402.32328580824804,704,1:23:42
59.2%,29605000,-528024.250087589,400.84709235467085,704,1:23:41
59.2%,29610000,-528599.0842023669,398.7714084330333,704,1:23:40
59.2%,29615000,-527550.6405112874,396.5295687254901,704,1:23:39
59.2%,29620000,-529558.7190730572,400.7601015947682,704,1:23:37
59.2%,29625000,-529422.5347084268,402.81108171064653,704,1:23:36
59.2%,29630000,-527260.6202806258,403.16355865319645,704,1:23:35
59.2%,29635000,-528212.2946636556,399.41552275677975,704,1:23:34
59.2%,29640000,-528968.8443555576,396.8769675272335,704,1:23:33
59.2%,29645000,-529596.5784243965,403.2737567619057,704,1:23:31
59.2%,29650000,-528819.283637722,400.46559396007217,704,1:23:30
59.3%,29655000,-528088.8405732857,403.72021610749766,704,1:23:29
59.3%,29660000,-527891.6174981422,401.5979948278411,704,1:23:28
59.3%,29665000,-526984.149270691,401.6806924735354,704,1:23:26
59.3%,29670000,-528728.4692589585,402.36970050586115,704,1:23:25
59.3%,29675000,-527886.3286945848,404.3801536236123,704,1:23:24
59.3%,29680000,-525738.4799709176,396.75548466117647,704,1:23:23
59.3%,29685000,-528638.3966636173,398.05926664814456,704,1:23:22
59.3%,29690000,-528082.0796946334,398.1914700336819,704,1:23:20
59.3%,29695000,-527270.0406069602,403.9324431418796,704,1:23:19
59.3%,29700000,-527329.5765915858,401.10848167975917,704,1:23:18
59.4%,29705000,-527051.2052067826,399.21649398207853,704,1:23:17
59.4%,29710000,-526809.8400454898,403.034568970295,704,1:23:15
59.4%,29715000,-529616.4028579434,399.45234541064724,704,1:23:14
59.4%,29720000,-527678.5348432078,399.29337752453057,704,1:23:13
59.4%,29725000,-527058.5187945548,402.7861571161567,704,1:23:12
59.4%,29730000,-528720.0148754027,398.5770898179207,704,1:23:10
59.4%,29735000,-529202.4285622463,401.7701855057195,704,1:23:09
59.4%,29740000,-529531.0157169467,398.0966535398794,704,1:23:08
59.4%,29745000,-529670.8668967043,400.8517043859347,704,1:23:07
59.4%,29750000,-526479.2240468762,401.81615862587114,704,1:23:05
59.5%,29755000,-526888.7144693471,398.88393708945557,704,1:23:04
59.5%,29760000,-527402.3525957046,401.2607523077107,704,1:23:03
59.5%,29765000,-529537.3877257737,400.5429436120669,704,1:23:02
59.5%,29770000,-529096.0105406698,399.9144316919577,704,1:23:01
59.5%,29775000,-527687.967470224,399.53462601096123,704,1:22:59
59.5%,29780000,-527196.0228611636,399.6142571465067,704,1:22:58
59.5%,29785000,-527109.4694986632,403.04371943657924,704,1:22:57
59.5%,29790000,-528042.028700891,400.55305082951753,704,1:22:56
59.5%,29795000,-528821.5349462791,399.9622692502799,704,1:22:54
59.5%,29800000,-528651.0689691454,400.1374037779012,704,1:22:53
59.6%,29805000,-526457.5952988663,400.0002203798821,704,1:22:52
59.6%,29810000,-528778.6047606096,400.16662148659947,704,1:22:51
59.6%,29815000,-528631.3675423688,405.6504247876736,704,1:22:50
59.6%,29820000,-528727.5022665407,403.2439502832588,704,1:22:48
59.6%,29825000,-528468.4099524105,398.88737158082233,704,1:22:47
59.6%,29830000,-526115.1078211139,399.7748441499819,704,1:22:46
59.6%,29835000,-527665.4832212562,402.3541716984673,704,1:22:45
59.6%,29840000,-527045.327928402,400.13669234754667,704,1:22:43
59.6%,29845000,-529148.3088405845,403.0763961687254,704,1:22:42
59.6%,29850000,-528435.2186801806,400.506832388554,704,1:22:41
59.7%,29855000,-527338.2396541298,402.09631499307045,704,1:22:40
59.7%,29860000,-527366.0483527812,400.03488421060473,704,1:22:38
59.7%,29865000,-528008.6011148766,401.86453588997944,704,1:22:37
59.7%,29870000,-528081.3932532705,402.64109892007525,704,1:22:36
59.7%,29875000,-527492.7810316472,401.747493330618,704,1:22:35
59.7%,29880000,-528237.7939231028,400.423791293723,704,1:22:34
59.7%,29885000,-528448.7920278506,398.1288396304017,704,1:22:32
59.7%,29890000,-528125.8826869954,398.67884889070024,704,1:22:31
59.7%,29895000,-528735.9080657386,400.4550696972413,704,1:22:30
59.7%,29900000,-527825.7159196339,398.6375368659749,704,1:22:29
59.8%,29905000,-527102.9446626832,400.20822789629915,704,1:22:27
59.8%,29910000,-527639.4408651055,401.3032664044144,704,1:22:26
59.8%,29915000,-528029.6708558025,400.5051396749518,704,1:22:25
59.8%,29920000,-528740.8472519345,403.0171266605684,704,1:22:24
59.8%,29925000,-528450.3032055106,401.7045867206152,704,1:22:23
59.8%,29930000,-528397.4131501676,399.52736451492876,704,1:22:21
59.8%,29935000,-528867.9828438736,399.4259488912858,704,1:22:20
59.8%,29940000,-528197.9085844508,397.7330880966312,704,1:22:19
59.8%,29945000,-530175.2639063448,397.8510874071591,704,1:22:18
59.8%,29950000,-528017.8743690448,398.601940816167,704,1:22:16
59.9%,29955000,-529583.7354010739,400.6454631793634,704,1:22:15
59.9%,29960000,-526739.5421306281,401.19696889661446,704,1:22:14
59.9%,29965000,-528218.3361996389,399.49993764815747,704,1:22:13
59.9%,29970000,-529718.8925553788,400.45551127470276,704,1:22:11
59.9%,29975000,-527344.698792567,400.9749044976751,704,1:22:10
59.9%,29980000,-527818.80158336,400.38966716878656,704,1:22:09
59.9%,29985000,-527849.0069124219,403.36629177215747,704,1:22:08
59.9%,29990000,-528959.4703060417,401.0031654552069,704,1:22:07
59.9%,29995000,-528181.3846403346,396.79444160610757,704,1:22:05
59.9%,30000000,-528814.610738527,399.4873526905065,704,1:22:04
60.0%,30005000,-526706.1288647084,401.1330873571936,704,1:22:03
60.0%,30010000,-528178.7771927388,400.8398308586383,704,1:22:02
60.0%,30015000,-527835.6635355218,401.5623006497084,704,1:22:00
60.0%,30020000,-527494.2004916798,403.0278471800488,704,1:21:59
60.0%,30025000,-527895.1252738358,398.17971916679153,704,1:21:58
60.0%,30030000,-527271.4328362234,397.08755091217563,704,1:21:57
60.0%,30035000,-530423.7466928265,402.19748529590146,704,1:21:56
60.0%,30040000,-528750.4707768615,397.5399470214158,704,1:21:54
60.0%,30045000,-527997.2854488101,399.2439208488499,704,1:21:53
60.0%,30050000,-528228.2206311077,397.4727045868717,704,1:21:52
60.0%,30055000,-526593.7336626924,399.6075353562604,704,1:21:51
60.1%,30060000,-528376.9721107399,399.4411833137054,704,1:21:49
60.1%,30065000,-527927.9058688413,402.14530555920857,704,1:21:48
60.1%,30070000,-528266.4812743687,400.79802819228917,704,1:21:47
60.1%,30075000,-527826.8434981643,399.33422343971336,704,1:21:46
60.1%,30080000,-527555.3205334614,398.3342222141314,704,1:21:44
60.1%,30085000,-527990.9898337414,398.9701918869226,704,1:21:43
60.1%,30090000,-530119.575011116,394.43156060996887,704,1:21:42
60.1%,30095000,-526819.1318396004,399.46532288159716,704,1:21:41
60.1%,30100000,-528857.0149206636,399.7106682255867,704,1:21:40
60.1%,30105000,-527083.3439576388,398.5962739054119,704,1:21:38
60.2%,30110000,-528411.6509631183,401.05330902916097,704,1:21:37
60.2%,30115000,-527977.1129859216,401.8243523409889,704,1:21:36
60.2%,30120000,-526878.172934047,401.8791079462068,704,1:21:35
60.2%,30125000,-527959.0679592378,403.7584616220742,704,1:21:33
60.2%,30130000,-528318.8416617303,399.8791545592053,704,1:21:32
60.2%,30135000,-530032.1489849747,397.8182144183634,704,1:21:31
60.2%,30140000,-527798.2649283744,398.9494868103975,704,1:21:30
60.2%,30145000,-525181.2535757581,401.11846623680384,704,1:21:28
60.2%,30150000,-527176.6245212145,400.52007971239703,704,1:21:27
60.2%,30155000,-529134.6437367206,402.1955472614874,704,1:21:26
60.3%,30160000,-527217.6963660717,402.13105242003667,704,1:21:25
60.3%,30165000,-527958.0813002712,400.23266184916525,704,1:21:24
60.3%,30170000,-529154.8918310078,398.9933501715667,704,1:21:22
60.3%,30175000,-528236.7623036345,398.5690432952901,704,1:21:21
60.3%,30180000,-528553.6694024163,399.2355308770826,704,1:21:20
60.3%,30185000,-528716.2251814138,400.957535784192,704,1:21:19
60.3%,30190000,-527110.9275933076,394.88425110418336,704,1:21:17
60.3%,30195000,-527171.7557826363,403.26335515948074,704,1:21:16
60.3%,30200000,-527305.6032364294,399.9169339642392,704,1:21:15
60.3%,30205000,-528620.5636507184,397.19686586596197,704,1:21:14
60.4%,30210000,-528232.5193711426,401.14972010824096,704,1:21:13
60.4%,30215000,-528766.2209601589,399.4842125841141,704,1:21:11
60.4%,30220000,-528397.5730264685,402.47874560675433,704,1:21:10
60.4%,30225000,-528401.4705309188,404.4009568284621,704,1:21:09
60.4%,30230000,-528734.468849516,401.6352590591699,704,1:21:08
60.4%,30235000,-529175.7735389168,403.23349961667157,704,1:21:06
60.4%,30240000,-529374.5686296858,400.98000717056277,704,1:21:05
60.4%,30245000,-529604.2524139783,399.8614423965856,704,1:21:04
60.4%,30250000,-526514.0443950663,400.71883863420516,704,1:21:03
60.4%,30255000,-528093.8705171077,398.98496019979945,704,1:21:01
60.5%,30260000,-526717.8757254654,398.0588741348455,704,1:21:00
60.5%,30265000,-528093.5470545529,397.5522375940924,704,1:20:59
60.5%,30270000,-526579.4304423402,399.6957036560603,704,1:20:58
60.5%,30275000,-529030.1254196498,399.0594886624572,704,1:20:57
60.5%,30280000,-528232.7039832263,403.1431970258081,704,1:20:55
60.5%,30285000,-529029.2950599701,400.7628982520239,704,1:20:54
60.5%,30290000,-529343.8510247241,399.97544297787937,704,1:20:53
60.5%,30295000,-526974.8405247591,398.4442976624347,704,1:20:52
60.5%,30300000,-527316.8490517531,399.934130953154,704,1:20:50
60.5%,30305000,-527804.0179045429,404.03356438054817,704,1:20:49
60.6%,30310000,-528492.6559121944,400.84885866451657,704,1:20:48
60.6%,30315000,-529268.9416560838,400.4518314625241,704,1:20:47
60.6%,30320000,-527838.4874862931,400.67335615567737,704,1:20:45
60.6%,30325000,-527769.8533628737,400.51360324296263,704,1:20:44
60.6%,30330000,-527993.3283730946,399.3110651550692,704,1:20:43
60.6%,30335000,-527867.6331889238,399.5500812221115,704,1:20:42
60.6%,30340000,-526494.9678875385,399.24855741219494,704,1:20:41
60.6%,30345000,-528074.3555640788,396.85118430990195,704,1:20:39
60.6%,30350000,-528215.9865085776,400.49196594735236,704,1:20:38
60.6%,30355000,-528000.4033451704,396.746800304435,704,1:20:37
60.7%,30360000,-527431.1411863253,401.3709749485011,704,1:20:36
60.7%,30365000,-529510.0289070201,400.3729362894144,704,1:20:34
60.7%,30370000,-527729.8292618445,398.2788778389649,704,1:20:33
60.7%,30375000,-527286.2094560093,400.377891769815,704,1:20:32
60.7%,30380000,-530870.4249736876,400.451684270037,704,1:20:31
60.7%,30385000,-527915.0022487929,395.1242484544733,704,1:20:30
60.7%,30390000,-528599.2525721435,398.5802299243131,704,1:20:28
60.7%,30395000,-529781.1416961565,400.0034831466805,704,1:20:27
60.7%,30400000,-527474.5999545688,400.04945626683207,704,1:20:26
60.7%,30405000,-529216.8531799084,399.52677574498017,704,1:20:25
60.8%,30410000,-526973.1364191701,397.94121827345424,704,1:20:23
60.8%,30415000,-527562.7393392771,397.5140411436783,704,1:20:22
60.8%,30420000,-529087.031487314,399.92890561986036,704,1:20:21
60.8%,30425000,-529426.5534456521,398.2101880116306,704,1:20:20
60.8%,30430000,-529939.8676045598,397.9051315820226,704,1:20:18
60.8%,30435000,-528910.2260777256,401.6749519665367,704,1:20:17
60.8%,30440000,-528420.782879611,402.7215886784624,704,1:20:16
60.8%,30445000,-530470.790344418,397.77643628409544,704,1:20:15
60.8%,30450000,-526673.1473134728,404.40375348571786,704,1:20:14
60.8%,30455000,-528230.722165517,398.98152570843274,704,1:20:12
60.9%,30460000,-528899.6010088967,398.69621760418335,704,1:20:11
60.9%,30465000,-528610.7344832933,400.55619093590997,704,1:20:10
60.9%,30470000,-528343.1598268161,400.0433723106968,704,1:20:09
60.9%,30475000,-528258.9684283966,398.91376810018363,704,1:20:07
60.9%,30480000,-525497.7861103397,400.2382060995144,704,1:20:06
60.9%,30485000,-527129.044163615,402.11037187559276,704,1:20:05
60.9%,30490000,-528174.5371460975,400.34857593279196,704,1:20:04
60.9%,30495000,-527591.5682998309,397.35541670669835,704,1:20:03
60.9%,30500000,-529182.4158578226,398.0685397748347,704,1:20:01
60.9%,30505000,-527668.3342688307,399.4384847847744,704,1:20:00
61.0%,30510000,-528321.8838099102,398.8726032679454,704,1:19:59
61.0%,30515000,-526526.3933710787,405.12259252877163,704,1:19:58
61.0%,30520000,-527363.854723285,397.7069368980818,704,1:19:56
61.0%,30525000,-529204.8112982507,398.7978049523946,704,1:19:55
61.0%,30530000,-529339.2940179226,400.78679249910374,704,1:19:54
61.0%,30535000,-528473.4916824666,401.8416474582284,704,1:19:53
61.0%,30540000,-527364.3973160121,403.526142813197,704,1:19:51
61.0%,30545000,-528418.0848596878,399.9081269470917,704,1:19:50
61.0%,30550000,-527634.8003412476,400.8266816631201,704,1:19:49
61.0%,30555000,-528186.4192483835,400.2149006223831,704,1:19:48
61.1%,30560000,-528425.5189404539,401.4612775393646,704,1:19:47
61.1%,30565000,-527550.8645470785,400.6717861024812,704,1:19:45
61.1%,30570000,-528419.2699167756,397.0781305929983,704,1:19:44
61.1%,30575000,-528657.7294504922,400.69423295677075,704,1:19:43
61.1%,30580000,-528112.703983611,399.6754401569966,704,1:19:42
61.1%,30585000,-528362.786211323,395.8555007306096,704,1:19:40
61.1%,30590000,-528471.0751231797,400.21288899172544,704,1:19:39
61.1%,30595000,-528896.6720498735,399.4704991507284,704,1:19:38
61.1%,30600000,-528911.6325214477,400.69106831829714,704,1:19:37
61.1%,30605000,-527613.3168287878,400.4346099415282,704,1:19:36
61.2%,30610000,-526577.173795315,402.46795149103036,704,1:19:34
61.2%,30615000,-528524.6235632482,398.71917963217794,704,1:19:33
61.2%,30620000,-526695.8353618747,398.7323778918586,704,1:19:32
61.2%,30625000,-529161.7991029746,403.49540411546485,704,1:19:31
61.2%,30630000,-526048.6256828825,399.8597742150646,704,1:19:29
61.2%,30635000,-527834.1863535708,402.8901731404058,704,1:19:28
61.2%,30640000,-530177.845560065,400.3548316134956,704,1:19:27
61.2%,30645000,-529083.8213149416,398.7231538293309,704,1:19:26
61.2%,30650000,-527950.7026761398,402.21438789984194,704,1:19:25
61.2%,30655000,-526741.4022282008,404.8039943903463,704,1:19:23
61.3%,30660000,-526705.3927905709,400.6002014895663,704,1:19:22
61.3%,30665000,-527812.3300438868,397.2181106482733,704,1:19:21
61.3%,30670000,-528109.5801100512,403.12906654704216,704,1:19:20
61.3%,30675000,-529507.2649230426,400.5884260905947,704,1:19:18
61.3%,30680000,-527343.7458840087,398.38956658929794,704,1:19:17
61.3%,30685000,-528359.117961158,400.25451993350623,704,1:19:16
61.3%,30690000,-527893.2381583354,398.70661920660825,704,1:19:15
61.3%,30695000,-529710.9951398764,397.05987872459235,704,1:19:14
61.3%,30700000,-527911.0278989719,399.3502919528934,704,1:19:12
61.3%,30705000,-529472.8050081502,398.60942310093014,704,1:19:11
61.4%,30710000,-526681.7110768948,400.70632727279786,704,1:19:10
61.4%,30715000,-526927.2876958419,399.56210194189504,704,1:19:09
61.4%,30720000,-527946.5562449354,400.95145182805663,704,1:19:07
61.4%,30725000,-528591.9488734137,402.28268521387724,704,1:19:06
61.4%,30730000,-528341.0566434776,399.03363184888207,704,1:19:05
61.4%,30735000,-528242.1284554796,404.59186548428914,704,1:19:04
61.4%,30740000,-529106.8435895317,400.33088830225336,704,1:19:02
61.4%,30745000,-528279.6836128407,398.6168317894498,704,1:19:01
61.4%,30750000,-527867.0687052994,404.5751100728358,704,1:19:00
61.4%,30755000,-528978.1838000137,401.8182193206912,704,1:18:59
61.5%,30760000,-529354.4170435928,400.0146697757035,704,1:18:58
61.5%,30765000,-528746.7981356089,399.4015149384198,704,1:18:56
61.5%,30770000,-527640.8333751229,399.15241618600805,704,1:18:55
61.5%,30775000,-528537.1706654383,400.5184360629572,704,1:18:54
61.5%,30780000,-528201.644591731,398.40624840450766,704,1:18:53
61.5%,30785000,-528146.6664182832,400.38937278381223,704,1:18:51
61.5%,30790000,-528424.8833891465,404.557520570622,704,1:18:50
61.5%,30795000,-529023.9760625651,395.3496492164546,704,1:18:49
61.5%,30800000,-529205.9608949358,401.62321380730526,704,1:18:48
61.5%,30805000,-528052.7476991913,399.548216783941,704,1:18:46
61.6%,30810000,-527834.9260477512,399.12155482787,704,1:18:45
61.6%,30815000,-528023.7467199638,398.4236907142344,704,1:18:44
61.6%,30820000,-528260.9734845245,402.52317320579095,704,1:18:43
61.6%,30825000,-526669.4958938016,398.9865547850768,704,1:18:42
61.6%,30830000,-527910.5328640193,402.3339817956473,704,1:18:40
61.6%,30835000,-528203.3942436106,399.8236139273893,704,1:18:39
61.6%,30840000,-526494.7588788732,403.19373311306117,704,1:18:38
61.6%,30845000,-527504.2714372673,403.9538596487592,704,1:18:37
61.6%,30850000,-527939.3799811681,407.1299300722116,704,1:18:35
61.6%,30855000,-527794.4056866961,399.2793451740895,704,1:18:34
61.7%,30860000,-529174.3134081191,397.8230963025204,704,1:18:33
61.7%,30865000,-526349.1960803494,396.3152809962882,704,1:18:32
61.7%,30870000,-529269.7124072299,401.2498600636619,704,1:18:30
61.7%,30875000,-529484.8737045424,397.6245091052806,704,1:18:29
61.7%,30880000,-527556.4824298583,398.6289015733957,704,1:18:28
61.7%,30885000,-529183.7213606862,403.03147792806504,704,1:18:27
61.7%,30890000,-528339.618563673,400.71712138852183,704,1:18:26
61.7%,30895000,-529227.4686776525,403.49893673515635,704,1:18:24
61.7%,30900000,-528903.5646227067,400.9628347137292,704,1:18:23
61.7%,30905000,-529322.6763169221,404.83968856847895,704,1:18:22
61.8%,30910000,-527360.170789062,402.30248260339823,704,1:18:21
61.8%,30915000,-526330.297743727,401.7495294933569,704,1:18:20
61.8%,30920000,-529372.0553052612,399.9720820827562,704,1:18:18
61.8%,30925000,-530229.8596661915,398.7978049523946,704,1:18:17
61.8%,30930000,-527951.0321116843,396.0844095802013,704,1:18:16
61.8%,30935000,-528413.0529820924,403.04806161495003,704,1:18:15
61.8%,30940000,-527438.0389563753,402.9089892466792,704,1:18:13
61.8%,30945000,-529505.6457345095,398.4212620381965,704,1:18:12
61.8%,30950000,-528852.4444212229,398.29990183254546,704,1:18:11
61.8%,30955000,-528611.6139917546,402.7035085346248,704,1:18:10
61.9%,30960000,-527495.6269512414,402.642350056216,704,1:18:08
61.9%,30965000,-528624.8945276192,398.39143102746846,704,1:18:07
61.9%,30970000,-527652.6574532157,401.48806657202493,704,1:18:06
61.9%,30975000,-528252.1418497204,403.71577580080213,704,1:18:05
61.9%,30980000,-528202.3289800505,399.01096420586174,704,1:18:04
61.9%,30985000,-526683.3479686435,398.16073133594983,704,1:18:02
61.9%,30990000,-527553.0041046711,401.0728610978701,704,1:18:01
61.9%,30995000,-527759.1293612206,401.41422500764054,704,1:18:00
61.9%,31000000,-526009.8599179406,402.2938718429002,704,1:17:59
61.9%,31005000,-527712.8413955825,399.0753118548253,704,1:17:57
62.0%,31010000,-528120.4813302788,397.6992828887503,704,1:17:56
62.0%,31015000,-526940.6985680875,399.945832755882,704,1:17:55
62.0%,31020000,-528033.4271932337,400.41584289941716,704,1:17:54
62.0%,31025000,-529439.3622698281,400.82167711855715,704,1:17:52
62.0%,31030000,-529208.6572642741,397.2114133901082,704,1:17:51
62.0%,31035000,-529997.3611980239,400.61374319838364,704,1:17:50
62.0%,31040000,-526946.2257972653,403.6299135166342,704,1:17:49
62.0%,31045000,-526597.1193218771,402.08880817622605,704,1:17:48
62.0%,31050000,-527498.1873491439,401.80516825349764,704,1:17:46
62.0%,31055000,-531046.524519409,399.3915794455375,704,1:17:45
62.1%,31060000,-527644.0826204973,401.26266581004353,704,1:17:44
62.1%,31065000,-528553.250225733,402.6790255175963,704,1:17:43
62.1%,31070000,-529212.9350559507,398.7710404518154,704,1:17:41
62.1%,31075000,-526638.7293286184,399.3441098684333,704,1:17:40
62.1%,31080000,-529579.3400257006,401.0661147755426,704,1:17:39
62.1%,31085000,-527109.7727433299,404.11567325629386,704,1:17:38
62.1%,31090000,-528882.1258255504,401.9462031882637,704,1:17:37
62.1%,31095000,-528112.1698654508,398.59058246257564,704,1:17:35
62.1%,31100000,-527348.103335055,400.50202410064054,704,1:17:34
62.1%,31105000,-528840.1966253491,400.964355702763,704,1:17:33
62.2%,31110000,-527802.1276417524,402.41233726297077,704,1:17:32
62.2%,31115000,-528909.9594522323,401.8799911011297,704,1:17:30
62.2%,31120000,-528351.5715021072,398.45418409115456,704,1:17:29
62.2%,31125000,-527449.7978201662,400.66859693192634,704,1:17:28
62.2%,31130000,-527149.4685514341,399.0354472228902,704,1:17:27
62.2%,31135000,-527445.8640732323,400.26788991775527,704,1:17:25
62.2%,31140000,-526949.4424544997,396.98576730731486,704,1:17:24
62.2%,31145000,-528183.9719202006,402.0605717507754,704,1:17:23
62.2%,31150000,-528474.5771613745,397.51220123758895,704,1:17:22
62.2%,31155000,-529309.885307054,403.096782328195,704,1:17:21
62.3%,31160000,-528105.375915369,399.98682586355187,704,1:17:19
62.3%,31165000,-528496.740281825,401.2263583298811,704,1:17:18
62.3%,31170000,-528620.2550028535,398.3567426646646,704,1:17:17
62.3%,31175000,-527147.6479379912,403.28268643945916,704,1:17:16
62.3%,31180000,-527412.9531640424,401.7669963351647,704,1:17:14
62.3%,31185000,-527569.7872041026,401.11412405843305,704,1:17:13
62.3%,31190000,-528514.1813506549,402.5728506702024,704,1:17:12
62.3%,31195000,-528420.0778142125,400.8528328616695,704,1:17:11
62.3%,31200000,-529802.2123726839,403.36138535591937,704,1:17:09
62.3%,31205000,-525969.1314662322,399.89058650904025,704,1:17:08
62.4%,31210000,-529488.7637503212,399.12915977303913,704,1:17:07
62.4%,31215000,-528686.1436120272,399.45376827135624,704,1:17:06
62.4%,31220000,-529299.7142643956,403.3719341508314,704,1:17:05
62.4%,31225000,-528455.58125197,397.99504165958695,704,1:17:03
62.4%,31230000,-527219.5588024044,400.41905660205316,704,1:17:02
62.4%,31235000,-526614.9423544984,403.24902842406533,704,1:17:01
62.4%,31240000,-528272.5822844142,400.6266961372524,704,1:17:00
62.4%,31245000,-527304.9001835668,400.2988248721369,704,1:16:58
62.4%,31250000,-527439.5839551985,398.42037888327366,704,1:16:57
62.4%,31255000,-528614.4943285538,404.90869731286875,704,1:16:56
62.5%,31260000,-527410.3064901908,399.10268965743427,704,1:16:55
62.5%,31265000,-526159.6271094005,399.02141487244904,704,1:16:54
62.5%,31270000,-526881.0303453393,398.47697439458085,704,1:16:52
62.5%,31275000,-528399.8699466544,399.04835109759654,704,1:16:51
62.5%,31280000,-527800.2209361261,397.92164167266395,704,1:16:50
62.5%,31285000,-528699.4822110236,400.8811919475261,704,1:16:49
62.5%,31290000,-528435.735934522,402.0119736979364,704,1:16:47
62.5%,31295000,-527824.6851517796,400.94178618806745,704,1:16:46
62.5%,31300000,-527723.4198567634,400.5022939535337,704,1:16:45
62.5%,31305000,-527929.7802540297,401.6947248239765,704,1:16:44
62.6%,31310000,-528352.6976517029,400.2576355078175,704,1:16:42
62.6%,31315000,-527257.4181207819,402.4382431407083,704,1:16:41
62.6%,31320000,-527523.5758303027,400.3765179732683,704,1:16:40
62.6%,31325000,-526608.645997873,401.81978937388743,704,1:16:39
62.6%,31330000,-527349.7070404035,400.5289603257881,704,1:16:38
62.6%,31335000,-526595.1976006906,397.74707138291,704,1:16:36
62.6%,31340000,-527808.6955172182,398.6813511629817,704,1:16:35
62.6%,31345000,-529427.8669192432,402.6386947761186,704,1:16:34
62.6%,31350000,-528288.3278595661,400.826804323526,704,1:16:33
62.6%,31355000,-527847.8702088697,400.0615505828592,704,1:16:31
62.7%,31360000,-527889.3247499755,399.61084718722117,704,1:16:30
62.7%,31365000,-529222.9156329804,402.5072518850981,704,1:16:29
62.7%,31370000,-529185.5926668984,401.9323916265533,704,1:16:28
62.7%,31375000,-528294.5834045191,401.7130748207073,704,1:16:26
62.7%,31380000,-529088.6383483117,405.6782932319064,704,1:16:25
62.7%,31385000,-527301.3532524919,402.3730859330654,704,1:16:24
62.7%,31390000,-527235.5288618933,400.909845418357,704,1:16:23
62.7%,31395000,-528416.7737015039,399.991854940196,704,1:16:22
62.7%,31400000,-528510.4193826956,397.95407308399825,704,1:16:20
62.7%,31405000,-528413.6915752804,404.1477857505727,704,1:16:19
62.8%,31410000,-529267.4303668053,400.60805175554736,704,1:16:18
62.8%,31415000,-528727.1749066957,402.95147881130174,704,1:16:17
62.8%,31420000,-527494.1381520964,397.5883733496865,704,1:16:15
62.8%,31425000,-526960.2290200521,402.4431004927841,704,1:16:14
62.8%,31430000,-527055.4351690891,405.90830602515166,704,1:16:13
62.8%,31435000,-529496.2383934367,400.41091195109783,704,1:16:12
62.8%,31440000,-529295.9665995175,404.8611050753585,704,1:16:11
62.8%,31445000,-527674.5100292638,400.1720185444615,704,1:16:09
62.8%,31450000,-527179.2042724658,401.2082045897999,704,1:16:08
62.8%,31455000,-528639.9797959747,401.90768782079414,704,1:16:07
62.9%,31460000,-527653.8917218088,398.24291380793915,704,1:16:06
62.9%,31465000,-528304.3540150924,402.1550938596037,704,1:16:04
62.9%,31470000,-530163.5283920835,398.26967830851834,704,1:16:03
62.9%,31475000,-527772.4253310929,402.39423258705193,704,1:16:02
62.9%,31480000,-527845.974791633,399.43792054690704,704,1:16:01
62.9%,31485000,-528486.1983462656,395.7918154478382,704,1:15:59
62.9%,31490000,-528051.9268933092,400.26447995846974,704,1:15:58
62.9%,31495000,-528677.8597036828,402.64907184646233,704,1:15:57
62.9%,31500000,-527925.272867579,404.10279391366873,704,1:15:56
62.9%,31505000,-527169.0609432003,400.74655988595083,704,1:15:55
63.0%,31510000,-528244.6555619482,401.2917853904171,704,1:15:53
63.0%,31515000,-528758.4169610692,399.51325856824405,704,1:15:52
63.0%,31520000,-528217.1327900528,400.8658348647006,704,1:15:51
63.0%,31525000,-528110.2591283815,400.4972158127272,704,1:15:50
63.0%,31530000,-529125.9334520525,399.92220836169525,704,1:15:48
63.0%,31535000,-528877.642840656,400.00929724992267,704,1:15:47
63.0%,31540000,-528068.7619772879,399.52638323168117,704,1:15:46
63.0%,31545000,-528453.2060980629,402.77742369525276,704,1:15:45
63.0%,31550000,-527175.2991016246,401.3921461345688,704,1:15:43
63.0%,31555000,-527882.7646630742,400.4909846641047,704,1:15:42
63.1%,31560000,-527424.3872187869,398.6144031134119,704,1:15:41
63.1%,31565000,-527620.1365355761,397.8037895546232,704,1:15:40
63.1%,31570000,-525692.6900260067,398.95542357404565,704,1:15:39
63.1%,31575000,-529491.5731219463,398.614672966305,704,1:15:37
63.1%,31580000,-527442.5871836925,399.35985946455776,704,1:15:36
63.1%,31585000,-528074.7483258503,398.6979593819479,704,1:15:35
63.1%,31590000,-528551.3847518978,398.89095326467617,704,1:15:34
63.1%,31595000,-528397.203380249,399.61948247980035,704,1:15:32
63.1%,31600000,-528117.6112874425,396.96035207120116,704,1:15:31
63.1%,31605000,-527754.0410372121,402.62220921755835,704,1:15:30
63.2%,31610000,-527855.1919513508,403.3807657000601,704,1:15:29
63.2%,31615000,-527956.7966137258,398.4656651051519,704,1:15:28
63.2%,31620000,-527282.8809454627,398.42302834804224,704,1:15:26
63.2%,31625000,-528625.2681496576,400.06586822914875,704,1:15:25
63.2%,31630000,-529048.8623236935,395.495860420352,704,1:15:24
63.2%,31635000,-529725.2400761638,402.4969238789168,704,1:15:23
63.2%,31640000,-527421.3412320865,403.2031043680761,704,1:15:21
63.2%,31645000,-528677.5236093225,403.301698802382,704,1:15:20
63.2%,31650000,-528801.3286981969,402.73652871590764,704,1:15:19
63.2%,31655000,-527524.9050552761,404.2763338560127,704,1:15:18
63.3%,31660000,-527255.5389343896,399.0404272353719,704,1:15:16
63.3%,31665000,-528228.545707366,403.8184180285046,704,1:15:15
63.3%,31670000,-526712.0865889271,401.63170190739726,704,1:15:14
63.3%,31675000,-528278.7581889504,398.15145820925966,704,1:15:13
63.3%,31680000,-528183.9422127008,406.72193702992683,704,1:15:12
63.3%,31685000,-528300.3716167747,401.58859904074495,704,1:15:10
63.3%,31690000,-527011.7274369863,399.4567611852616,704,1:15:09
63.3%,31695000,-527687.7057759427,397.2843472674885,704,1:15:08
63.3%,31700000,-527948.0091246534,401.23624475860106,704,1:15:07
63.3%,31705000,-528967.7434212724,400.63412935785317,704,1:15:05
63.4%,31710000,-527501.8675519279,401.25675357847655,704,1:15:04
63.4%,31715000,-528017.7245093272,397.96972455179804,704,1:15:03
63.4%,31720000,-528520.5643430017,400.4192283266215,704,1:15:02
63.4%,31725000,-526954.0131943603,402.860366661759,704,1:15:00
63.4%,31730000,-526719.4922311329,403.95255944845604,704,1:14:59
63.4%,31735000,-527145.0149678723,398.7215347119723,704,1:14:58
63.4%,31740000,-528124.9444282008,398.0929246635383,704,1:14:57
63.4%,31745000,-528087.1641109567,400.1361526417605,704,1:14:56
63.4%,31750000,-526683.1296024267,404.20887063273784,704,1:14:54
63.4%,31755000,-526717.0792441033,397.6591238718409,704,1:14:53
63.5%,31760000,-527792.7145627164,398.0199417219956,704,1:14:52
63.5%,31765000,-526993.7909652288,401.2435798508771,704,1:14:51
63.5%,31770000,-526362.0023185052,402.5089445987003,704,1:14:49
63.5%,31775000,-529613.1572154723,396.1645068252894,704,1:14:48
63.5%,31780000,-528365.1664106888,401.3255170020545,704,1:14:47
63.5%,31785000,-526788.4943256672,397.45717577947795,704,1:14:46
63.5%,31790000,-527782.6167132179,399.4912042272535,704,1:14:44
63.5%,31795000,-527220.6566713918,400.6903323558614,704,1:14:43
63.5%,31800000,-529814.5728939953,398.85680460765855,704,1:14:42
63.5%,31805000,-527959.6778677893,400.5519468858639,704,1:14:41
63.6%,31810000,-527618.9589028098,400.8746909460105,704,1:14:40
63.6%,31815000,-527773.2005889858,399.2941625511287,704,1:14:38
63.6%,31820000,-529185.8574782815,400.2846698612898,704,1:14:37
63.6%,31825000,-526967.9611932859,399.98302339096733,704,1:14:36
63.6%,31830000,-528330.776148608,401.64239789479643,704,1:14:35
63.6%,31835000,-528465.4834217052,398.5687489103158,704,1:14:33
63.6%,31840000,-528125.4935055352,402.6592281280753,704,1:14:32
63.6%,31845000,-528464.6502153534,401.524324988025,704,1:14:31
63.6%,31850000,-525946.8361600679,402.59036657617264,704,1:14:30
63.6%,31855000,-527835.7737397002,403.2306293631722,704,1:14:29
63.7%,31860000,-528618.0313169984,402.40487951028877,704,1:14:27
63.7%,31865000,-527944.0530082867,404.2329611364673,704,1:14:26
63.7%,31870000,-527906.9631189941,402.3378578644754,704,1:14:25
63.7%,31875000,-526906.6303837541,400.8797690868171,704,1:14:24
63.7%,31880000,-527112.7259188932,399.0157724937751,704,1:14:22
63.7%,31885000,-528858.1831327174,405.0309652055239,704,1:14:21
63.7%,31890000,-527268.5271215197,398.043124538721,704,1:14:20
63.7%,31895000,-526346.9297634163,400.27956718840215,704,1:14:19
63.7%,31900000,-528317.9535637465,401.2523623359434,704,1:14:17
63.7%,31905000,-528297.2967447084,399.7309071925691,704,1:14:16
63.8%,31910000,-526755.3291112012,399.6878533900792,704,1:14:15
63.8%,31915000,-526684.4126124051,397.79279918224967,704,1:14:14
63.8%,31920000,-527630.1495003132,401.21159001700426,704,1:14:13
63.8%,31925000,-529819.6855040779,404.16530165654297,704,1:14:11
63.8%,31930000,-527485.5574083556,401.98145578893497,704,1:14:10
63.8%,31935000,-528836.8578521381,400.0776926922827,704,1:14:09
63.8%,31940000,-527102.0111527885,399.53364472771364,704,1:14:08
63.8%,31945000,-526992.9524144628,398.20878968300264,704,1:14:06
63.8%,31950000,-527906.1042355718,402.0793387928864,704,1:14:05
63.8%,31955000,-528966.5247949106,404.4692541424974,704,1:14:04
63.9%,31960000,-529044.4886811697,401.2337179542384,704,1:14:03
63.9%,31965000,-528782.359523009,399.6845660911996,704,1:14:01
63.9%,31970000,-527099.6937597925,401.2741468240409,704,1:14:00
63.9%,31975000,-528358.7061987775,399.5957599572888,704,1:13:59
63.9%,31980000,-529315.4941757009,399.9121011442446,704,1:13:58
63.9%,31985000,-528971.4865769828,397.07562832071693,704,1:13:57
63.9%,31990000,-529139.9588682777,399.9992881607968,704,1:13:55
63.9%,31995000,-527521.1388914064,401.3614810330802,704,1:13:54
63.9%,32000000,-529615.3083495917,399.9825818135059,704,1:13:53
63.9%,32005000,-528784.2970820144,402.70220833432165,704,1:13:52
64.0%,32010000,-530385.2093440765,403.6966407774733,704,1:13:50
64.0%,32015000,-528405.272913258,402.460837187485,704,1:13:49
64.0%,32020000,-529824.6229008604,401.5151499896596,704,1:13:48
64.0%,32025000,-528106.9867259483,401.5445394229262,704,1:13:47
64.0%,32030000,-528091.7469476853,396.17216083462085,704,1:13:46
64.0%,32035000,-527777.6098639513,399.0314730257373,704,1:13:44
64.0%,32040000,-528598.7199328626,400.65760655955285,704,1:13:43
64.0%,32045000,-528885.3657564232,398.3630719416118,704,1:13:42
64.0%,32050000,-528593.1205081507,401.7295849113487,704,1:13:41
64.0%,32055000,-526931.8090007463,397.1555538412366,704,1:13:39
64.1%,32060000,-527816.0705763008,402.5936048108899,704,1:13:38
64.1%,32065000,-527761.9835259598,400.0854693620202,704,1:13:37
64.1%,32070000,-527733.9598751618,400.91448198170207,704,1:13:36
64.1%,32075000,-527346.2345720078,401.1159639645224,704,1:13:34
64.1%,32080000,-529439.3177777734,399.63780794444995,704,1:13:33
64.1%,32085000,-526925.0541964895,400.2204448727322,704,1:13:32
64.1%,32090000,-528302.565100045,401.57240786715903,704,1:13:31
64.1%,32095000,-526529.2984970105,398.766109503496,704,1:13:30
64.1%,32100000,-528044.7828537719,402.46397729387746,704,1:13:28
64.1%,32105000,-528785.4705848196,401.36999366525345,704,1:13:27
64.2%,32110000,-528919.2096268777,401.31388879557,704,1:13:26
64.2%,32115000,-527700.6715861885,400.42111729687326,704,1:13:25
64.2%,32120000,-527486.0019000648,405.0763740878081,704,1:13:23
64.2%,32125000,-527458.0344682005,399.95108262125683,704,1:13:22
64.2%,32130000,-528177.6650999691,402.5992226574825,704,1:13:21
64.2%,32135000,-528431.4688392966,399.30956869811655,704,1:13:20
64.2%,32140000,-529569.4684208827,401.6496839229102,704,1:13:18
64.2%,32145000,-526506.4761888371,400.2927163839204,704,1:13:17
64.2%,32150000,-527370.9280650439,403.2950996725417,704,1:13:16
64.2%,32155000,-526790.3414312988,398.78850729362324,704,1:13:15
64.3%,32160000,-527883.480440368,402.0450674754628,704,1:13:14
64.3%,32165000,-528746.2998896432,401.7483028892973,704,1:13:12
64.3%,32170000,-527688.4881922863,402.50305689921447,704,1:13:11
64.3%,32175000,-527473.656926203,398.9727432233664,704,1:13:10
64.3%,32180000,-527488.2320744451,401.341266598179,704,1:13:09
64.3%,32185000,-530292.3693139409,398.88724892041637,704,1:13:07
64.3%,32190000,-528428.486424041,399.02958405548554,704,1:13:06
64.3%,32195000,-527809.4505368918,402.6505928354961,704,1:13:05
64.3%,32200000,-527232.0835606032,398.95949589952335,704,1:13:04
64.3%,32205000,-528390.3949488658,401.3706069672832,704,1:13:03
64.4%,32210000,-528394.8054112219,398.24600485016913,704,1:13:01
64.4%,32215000,-528130.1927966545,401.369159574493,704,1:13:00
64.4%,32220000,-529094.6117409924,397.1188047836128,704,1:12:59
64.4%,32225000,-529788.677482727,399.4895851098949,704,1:12:58
64.4%,32230000,-528125.0263921982,398.83318021347173,704,1:12:56
64.4%,32235000,-527327.4239153145,402.1872308859637,704,1:12:55
64.4%,32240000,-528280.000626931,399.8935794229455,704,1:12:54
64.4%,32245000,-528276.7488483391,399.1301410562868,704,1:12:53
64.4%,32250000,-528113.2243396007,401.92311849986316,704,1:12:51
64.4%,32255000,-527265.9108255384,398.60387885058105,704,1:12:50
64.5%,32260000,-528881.8298250521,402.85106900298763,704,1:12:49
64.5%,32265000,-527388.6404529032,399.2572172368553,704,1:12:48
64.5%,32270000,-529575.2403756431,402.04195190115155,704,1:12:47
64.5%,32275000,-529366.2516686833,398.79321745321187,704,1:12:45
64.5%,32280000,-529057.7210808923,400.8329864079861,704,1:12:44
64.5%,32285000,-528392.1556664165,402.21946604064846,704,1:12:43
64.5%,32290000,-527802.7223249846,398.9814521121892,704,1:12:42
64.5%,32295000,-528617.9103314206,403.2306293631722,704,1:12:40
64.5%,32300000,-526936.5146871195,397.4512635479109,704,1:12:39
64.5%,32305000,-530422.6096506957,398.1171132955925,704,1:12:38
64.6%,32310000,-528125.738487618,403.5088231638763,704,1:12:37
64.6%,32315000,-528109.7606029436,398.8760868234745,704,1:12:36
64.6%,32320000,-526307.8878825884,398.9920254391824,704,1:12:34
64.6%,32325000,-526937.1956743947,399.5336201956324,704,1:12:33
64.6%,32330000,-527532.5000648382,402.1030858474791,704,1:12:32
64.6%,32335000,-525913.2226710115,400.6197290261942,704,1:12:31
64.6%,32340000,-528642.5599963618,398.6643994948788,704,1:12:29
64.6%,32345000,-527694.2653550543,400.5184851271196,704,1:12:28
64.6%,32350000,-527900.9201939455,401.5303353479168,704,1:12:27
64.6%,32355000,-526970.7722104085,398.6795603210548,704,1:12:26
64.7%,32360000,-528162.1112333955,402.5771928485732,704,1:12:24
64.7%,32365000,-528832.2364520789,401.3515210081168,704,1:12:23
64.7%,32370000,-527693.5043077348,402.1203564326375,704,1:12:22
64.7%,32375000,-526813.1932259044,398.5359495177636,704,1:12:21
64.7%,32380000,-526453.244156938,402.1048521573249,704,1:12:20
64.7%,32385000,-526368.5871433401,400.0437402919146,704,1:12:18
64.7%,32390000,-529003.1293584458,401.622674101519,704,1:12:17
64.7%,32395000,-528472.9358223928,400.6048625849926,704,1:12:16
64.7%,32400000,-526493.7440689649,401.2013846712288,704,1:12:15
64.7%,32405000,-528804.0297738579,398.646172158554,704,1:12:13
64.8%,32410000,-527131.3088989402,401.0755841588823,704,1:12:12
64.8%,32415000,-527952.6385760638,396.4817556992492,704,1:12:11
64.8%,32420000,-525339.6242066538,397.77219223404944,704,1:12:10
64.8%,32425000,-527492.214765369,401.3278720818488,704,1:12:08
64.8%,32430000,-527577.6551549034,399.9222328937764,704,1:12:07
64.8%,32435000,-527169.1018056804,397.10918820778596,704,1:12:06
64.8%,32440000,-527188.6956379893,401.1458195073316,704,1:12:05
64.8%,32445000,-528256.7400401277,399.20864371609747,704,1:12:04
64.8%,32450000,-527560.945246696,400.8019533252797,704,1:12:02
64.8%,32455000,-527976.4069799623,395.6869162686662,704,1:12:01
64.9%,32460000,-528969.583323366,401.71498832304013,704,1:12:00
64.9%,32465000,-528097.4173561037,398.65309020544987,704,1:11:59
64.9%,32470000,-528267.2631200948,400.38949544421826,704,1:11:57
64.9%,32475000,-528770.1662320076,401.05931938905275,704,1:11:56
64.9%,32480000,-530165.6409141882,400.2930598330571,704,1:11:55
64.9%,32485000,-529372.3924032045,402.81544842109855,704,1:11:54
64.9%,32490000,-526893.9467982166,400.04469704308104,704,1:11:53
64.9%,32495000,-528115.0810694452,402.66092084167747,704,1:11:51
64.9%,32500000,-529023.8054275573,403.0869204315563,704,1:11:50
64.9%,32505000,-529183.169625821,398.02501986280214,704,1:11:49
65.0%,32510000,-527797.7852185341,399.7908390669183,704,1:11:48
65.0%,32515000,-528079.1245385152,399.36265612181353,704,1:11:46
65.0%,32520000,-529224.2796256766,396.2630767275141,704,1:11:45
65.0%,32525000,-528302.5239541982,400.417363888451,704,1:11:44
65.0%,32530000,-527521.4507817784,400.41083835485426,704,1:11:43
65.0%,32535000,-527853.8483945122,403.43836702669614,704,1:11:41
65.0%,32540000,-526736.6834810735,401.99519375440184,704,1:11:40
65.0%,32545000,-529109.3767517768,404.4303953258911,704,1:11:39
65.0%,32550000,-528385.8309917157,398.1234425725398,704,1:11:38
65.0%,32555000,-528803.8695755205,400.9504950768902,704,1:11:37
65.1%,32560000,-528613.6625630683,400.58263651943366,704,1:11:35
65.1%,32565000,-530785.0877901255,402.60098896732825,704,1:11:34
65.1%,32570000,-527877.6271896553,402.21760160247794,704,1:11:33
65.1%,32575000,-526649.2600393775,400.61359600589645,704,1:11:32
65.1%,32580000,-528232.9384094342,401.270565140187,704,1:11:30
65.1%,32585000,-526642.260454203,403.8619379405371,704,1:11:29
65.1%,32590000,-525417.441091836,401.7916756088427,704,1:11:28
65.1%,32595000,-526324.9462954747,398.7644903861374,704,1:11:27
65.1%,32600000,-527951.5350998025,401.7584837029915,704,1:11:25
65.1%,32605000,-527984.5125321378,398.9027286636478,704,1:11:24
65.2%,32610000,-527348.1473579048,400.21732929842096,704,1:11:23
65.2%,32615000,-527527.5045068436,398.13509531110543,704,1:11:22
65.2%,32620000,-528830.587480465,402.8696397884491,704,1:11:21
65.2%,32625000,-528422.1800306803,400.7289213195746,704,1:11:19
65.2%,32630000,-529085.5096873366,396.9992108878074,704,1:11:18
65.2%,32635000,-526817.0536413793,399.1689017445683,704,1:11:17
65.2%,32640000,-527438.2143471148,402.0455090529242,704,1:11:16
65.2%,32645000,-528115.1928080437,397.49949361953213,704,1:11:14
65.2%,32650000,-527769.5064516305,403.034299117402,704,1:11:13
65.2%,32655000,-528922.3400573647,398.94561074156934,704,1:11:12
65.3%,32660000,-527282.1365807769,400.64104740474903,704,1:11:11
65.3%,32665000,-527822.1049537612,399.194316980682,704,1:11:10
65.3%,32670000,-527470.2905187197,400.4142483141398,704,1:11:08
65.3%,32675000,-530117.5109071485,402.3853519736609,704,1:11:07
65.3%,32680000,-528474.4347079205,400.634227486178,704,1:11:06
65.3%,32685000,-528337.0512206089,399.5543252721575,704,1:11:05
65.3%,32690000,-527974.3263071226,400.93690430391047,704,1:11:03
65.3%,32695000,-529145.4405377181,396.9606955203379,704,1:11:02
65.3%,32700000,-528937.7591178301,401.1133144997538,704,1:11:01
65.3%,32705000,-527465.895699616,397.9858175970592,704,1:11:00
65.4%,32710000,-529340.5885042413,403.228028962566,704,1:10:59
65.4%,32715000,-529350.7350312057,402.8124064430309,704,1:10:57
65.4%,32720000,-528281.4162409855,402.5263623763458,704,1:10:56
65.4%,32725000,-528258.3046999155,400.14459167769013,704,1:10:55
65.4%,32730000,-528050.8277591509,402.83502502188884,704,1:10:54
65.4%,32735000,-527610.900978697,402.11287414787427,704,1:10:52
65.4%,32740000,-527888.2719611386,398.385199878846,704,1:10:51
65.4%,32745000,-528114.3880318948,399.05522008033,704,1:10:50
65.4%,32750000,-529853.4185013697,401.64139207946766,704,1:10:49
65.4%,32755000,-526679.9837848702,397.5777018943685,704,1:10:47
65.5%,32760000,-529658.8081173631,398.70129574498986,704,1:10:46
65.5%,32765000,-527695.9682229669,400.3531143678122,704,1:10:45
65.5%,32770000,-529154.4451053087,405.07127141492043,704,1:10:44
65.5%,32775000,-530388.5545443348,404.3322424690466,704,1:10:43
65.5%,32780000,-526735.51432693,401.9291533918361,704,1:10:41
65.5%,32785000,-528749.7726453845,401.06302373331255,704,1:10:40
65.5%,32790000,-527517.4271160266,397.7940012542281,704,1:10:39
65.5%,32795000,-527940.7735002753,400.06309610397415,704,1:10:38
65.5%,32800000,-527511.5954650245,398.9281438997615,704,1:10:36
65.5%,32805000,-529375.7476987639,402.42048191392615,704,1:10:35
65.6%,32810000,-528244.7510971627,401.2015809278784,704,1:10:34
65.6%,32815000,-529421.3092303826,400.5226801130032,704,1:10:33
65.6%,32820000,-528426.8724329625,402.2519955803075,704,1:10:31
65.6%,32825000,-526639.1287161629,398.6144521775743,704,1:10:30
65.6%,32830000,-528431.75894902,403.15018866894746,704,1:10:29
65.6%,32835000,-526736.1317205001,399.64705653905884,704,1:10:28
65.6%,32840000,-528248.4866957618,401.1383862867308,704,1:10:27
65.6%,32845000,-527182.6465780428,399.5835429808558,704,1:10:25
65.6%,32850000,-527568.9616899383,399.8932850379712,704,1:10:24
65.6%,32855000,-527084.3242500331,400.45112003216957,704,1:10:23
65.7%,32860000,-528465.6074146312,400.71064491908743,704,1:10:22
65.7%,32865000,-527274.8010959667,401.01768844727195,704,1:10:20
65.7%,32870000,-528352.5817191927,396.48013658189063,704,1:10:19
65.7%,32875000,-529245.5093031097,401.8587708508996,704,1:10:18
65.7%,32880000,-528321.368802268,396.49696558958755,704,1:10:17
65.7%,32885000,-527892.684804115,403.0119013272747,704,1:10:15
65.7%,32890000,-527956.4467559345,403.42774463554053,704,1:10:14
65.7%,32895000,-526213.486257276,398.4581828203887,704,1:10:13
65.7%,32900000,-527114.2325462052,398.2505187531083,704,1:10:12
65.7%,32905000,-527950.3884798652,397.7431707820007,704,1:10:11
65.8%,32910000,-527588.6122051119,400.65095836555014,704,1:10:09
65.8%,32915000,-528495.6258162335,401.8851919023421,704,1:10:08
65.8%,32920000,-529527.575128411,395.9268645547938,704,1:10:07
65.8%,32925000,-527962.4544637501,397.71699505137,704,1:10:06
65.8%,32930000,-528702.3455647393,400.19851319214763,704,1:10:04
65.8%,32935000,-529379.0945699923,398.48683629121956,704,1:10:03
65.8%,32940000,-528888.5713721826,397.90211413603606,704,1:10:02
65.8%,32945000,-527010.8835822563,397.2568713365548,704,1:10:01
65.8%,32950000,-529700.3759417734,402.02855738482134,704,1:09:59
65.8%,32955000,-527785.0831821184,400.24024226225316,704,1:09:58
65.9%,32960000,-528791.0490922919,397.8728228310942,704,1:09:57
65.9%,32965000,-529267.2918531499,402.9831006639567,704,1:09:56
65.9%,32970000,-528345.4545035502,401.8542814800417,704,1:09:55
65.9%,32975000,-529188.2640808672,400.8709866017507,704,1:09:53
65.9%,32980000,-526874.1746312603,399.2631049363411,704,1:09:52
65.9%,32985000,-527477.0100177792,399.03009922919057,704,1:09:51
65.9%,32990000,-526810.0995464791,400.9310902006682,704,1:09:50
65.9%,32995000,-529452.901625433,396.3626524450677,704,1:09:48
65.9%,33000000,-527756.927422856,402.3521600678097,704,1:09:47
65.9%,33005000,-528124.2153351954,399.65686937153515,704,1:09:46
66.0%,33010000,-527685.8190265503,401.86115046277513,704,1:09:45
66.0%,33015000,-528520.5757471132,402.56649686117396,704,1:09:43
66.0%,33020000,-529318.1159052369,402.57518121791554,704,1:09:42
66.0%,33025000,-527321.9924739357,399.2290544076482,704,1:09:41
66.0%,33030000,-527811.4105893737,398.4463583572547,704,1:09:40
66.0%,33035000,-528681.1074819975,402.92098543438146,704,1:09:39
66.0%,33040000,-529877.199134923,398.3280891938337,704,1:09:37
66.0%,33045000,-528530.7525117774,397.0543835384056,704,1:09:36
66.0%,33050000,-528032.4453816959,400.7191330191794,704,1:09:35
66.0%,33055000,-527426.8426895547,400.4840175530465,704,1:09:34
66.1%,33060000,-527810.3171885856,403.4139085417489,704,1:09:32
66.1%,33065000,-527803.9976047114,399.3873844596539,704,1:09:31
66.1%,33070000,-527567.6965827337,400.88963098345573,704,1:09:30
66.1%,33075000,-529138.8596664877,396.1301619116222,704,1:09:29
66.1%,33080000,-526700.2031432581,401.70522455472616,704,1:09:27
66.1%,33085000,-528129.8728979276,401.8252354959118,704,1:09:26
66.1%,33090000,-529459.4889850304,396.31994209171444,704,1:09:25
66.1%,33095000,-526193.903162668,404.6032729020429,704,1:09:24
66.1%,33100000,-529046.1851674751,401.5093604184986,704,1:09:23
66.1%,33105000,-529003.1607625051,399.3271336682492,704,1:09:21
66.2%,33110000,-528289.0679316046,399.085811585575,704,1:09:20
66.2%,33115000,-528084.8288526465,396.1976496669782,704,1:09:19
66.2%,33120000,-527324.1081288392,402.4098595227705,704,1:09:18
66.2%,33125000,-527858.5138732735,400.32733115048063,704,1:09:16
66.2%,33130000,-528599.6359199388,400.9154387328685,704,1:09:15
66.2%,33135000,-528566.7877475419,400.2206411293817,704,1:09:14
66.2%,33140000,-528275.5239847461,401.62022089339996,704,1:09:13
66.2%,33145000,-528905.4138786364,400.37234751946585,704,1:09:12
66.2%,33150000,-527967.2092644731,398.7340460733796,704,1:09:10
66.2%,33155000,-527096.3931392911,405.74614896848027,704,1:09:09
66.3%,33160000,-527815.589140391,400.96602388428397,704,1:09:08
66.3%,33165000,-528844.7410508674,400.4051959761803,704,1:09:07
66.3%,33170000,-528006.8063691542,397.4802604678785,704,1:09:05
66.3%,33175000,-526658.3237459185,402.24323762732234,704,1:09:04
66.3%,33180000,-527992.9815628179,403.0017450456617,704,1:09:03
66.3%,33185000,-529686.8134899652,399.2273126298837,704,1:09:02
66.3%,33190000,-528841.6265867106,399.60763348458516,704,1:09:00
66.3%,33195000,-528325.6159840534,401.12719965770776,704,1:08:59
66.3%,33200000,-528562.0216048048,397.1998097157049,704,1:08:58
66.3%,33205000,-530106.5816472159,400.0677081352381,704,1:08:57
66.4%,33210000,-527849.9644440124,402.74371661569654,704,1:08:56
66.4%,33215000,-528020.7073740237,405.1826961276892,704,1:08:54
66.4%,33220000,-527949.1460822811,399.32296321444676,704,1:08:53
66.4%,33225000,-529788.916266874,402.98241376568336,704,1:08:52
66.4%,33230000,-529386.0184912132,401.24853533127765,704,1:08:51
66.4%,33235000,-527726.7230130988,402.4639036976339,704,1:08:49
66.4%,33240000,-530654.294739692,398.5011875587162,704,1:08:48
66.4%,33245000,-528217.6591497078,397.90083846781414,704,1:08:47
66.4%,33250000,-526841.1669297908,400.2782915201802,704,1:08:46
66.4%,33255000,-527943.8683721414,399.2036391715346,704,1:08:44
66.5%,33260000,-528120.2202719725,404.92653213589455,704,1:08:43
66.5%,33265000,-527901.8185019586,399.50575175139966,704,1:08:42
66.5%,33270000,-528496.4876315836,402.1353700663263,704,1:08:41
66.5%,33275000,-525819.9722747323,401.04945749241404,704,1:08:40
66.5%,33280000,-529472.2546558366,402.99060748080115,704,1:08:38
66.5%,33285000,-527601.3289921489,401.97191280935175,704,1:08:37
66.5%,33290000,-526325.2764940746,400.559674491439,704,1:08:36
66.5%,33295000,-527928.5260395408,399.41878552357815,704,1:08:35
66.5%,33300000,-526702.7039968246,399.52559820508304,704,1:08:33
66.5%,33305000,-526841.300164782,399.6308163013105,704,1:08:32
66.6%,33310000,-528589.7435508827,398.36108484303537,704,1:08:31
66.6%,33315000,-526402.244622672,397.61788544335906,704,1:08:30
66.6%,33320000,-530101.4727609712,401.96043179535445,704,1:08:28
66.6%,33325000,-527581.3798909215,399.6607454403633,704,1:08:27
66.6%,33330000,-527158.448076705,401.8473879652271,704,1:08:26
66.6%,33335000,-527869.3843555017,403.4291429641684,704,1:08:25
66.6%,33340000,-527653.357491855,400.4449624797907,704,1:08:24
66.6%,33345000,-527650.5439536744,401.31688170947535,704,1:08:22
66.6%,33350000,-530281.0576654756,400.316708759325,704,1:08:21
66.6%,33355000,-528782.6838002848,398.5636462374281,704,1:08:20
66.7%,33360000,-526447.3383963453,404.23911868884613,704,1:08:19
66.7%,33365000,-528899.8632670622,403.1697898018189,704,1:08:17
66.7%,33370000,-528266.6247472451,398.97235071006736,704,1:08:16
66.7%,33375000,-527920.044055019,397.54779728739686,704,1:08:15
66.7%,33380000,-528591.1762141134,403.05147157423556,704,1:08:14
66.7%,33385000,-527982.7174147996,399.0911350471934,704,1:08:12
66.7%,33390000,-526132.9550908622,395.82993830200877,704,1:08:11
66.7%,33395000,-528091.2957840939,401.3596165949097,704,1:08:10
66.7%,33400000,-528712.0377904158,401.14726690012185,704,1:08:09
66.7%,33405000,-528399.8595146304,402.20570354310036,704,1:08:08
66.8%,33410000,-529100.575140845,401.56853179833087,704,1:08:06
66.8%,33415000,-530629.3716755188,400.6926874356557,704,1:08:05
66.8%,33420000,-527450.4452545103,403.97871064700547,704,1:08:04
66.8%,33425000,-530260.3259746563,401.4381192547204,704,1:08:03
66.8%,33430000,-527982.5009688167,402.49427441414815,704,1:08:01
66.8%,33435000,-528225.8013176853,401.8013412488319,704,1:08:00
66.8%,33440000,-528336.9057479114,401.26978011358887,704,1:07:59
66.8%,33445000,-526963.9722294263,398.9358469732554,704,1:07:58
66.8%,33450000,-526581.3404431068,404.89056810486875,704,1:07:56
66.8%,33455000,-530242.5126537518,402.7857646028576,704,1:07:55
66.9%,33460000,-527235.6561950422,400.94978364653565,704,1:07:54
66.9%,33465000,-527460.9910505824,399.75502222837974,704,1:07:53
66.9%,33470000,-528155.9460239806,401.58688179506163,704,1:07:52
66.9%,33475000,-527067.729720769,399.89882928832037,704,1:07:50
66.9%,33480000,-526391.3081437065,403.24333698122905,704,1:07:49
66.9%,33485000,-529280.7193670659,399.6788746483634,704,1:07:48
66.9%,33490000,-528312.861032255,402.3190662902832,704,1:07:47
66.9%,33495000,-527339.4626939595,400.77401128480335,704,1:07:45
66.9%,33500000,-528843.43263266,400.87086394134474,704,1:07:44
66.9%,33505000,-529552.8997130757,399.23916162509886,704,1:07:43
67.0%,33510000,-528657.927574933,403.36271008830363,704,1:07:42
67.0%,33515000,-526251.8619775143,402.075045678678,704,1:07:41
67.0%,33520000,-527382.4746459401,405.1813468632237,704,1:07:39
67.0%,33525000,-527472.5046923785,400.598238923071,704,1:07:38
67.0%,33530000,-526948.59809838,398.4158404482533,704,1:07:37
67.0%,33535000,-528058.0824310565,399.13696097485786,704,1:07:36
67.0%,33540000,-528413.7312597577,401.531390227408,704,1:07:34
67.0%,33545000,-528229.0834614397,402.9215742043301,704,1:07:33
67.0%,33550000,-526581.8862354313,400.551186391347,704,1:07:32
67.0%,33555000,-529127.5985891134,403.4153068703768,704,1:07:31
67.1%,33560000,-527234.7696357081,398.5814810604538,704,1:07:29
67.1%,33565000,-527970.3878078191,399.2258897691746,704,1:07:28
67.1%,33570000,-528741.715199972,400.76125460258413,704,1:07:27
67.1%,33575000,-528553.1429359387,402.98584825705007,704,1:07:26
67.1%,33580000,-528780.2778949677,398.92078427540423,704,1:07:25
67.1%,33585000,-527302.0112263649,398.34114026102725,704,1:07:23
67.1%,33590000,-527439.6803227197,399.9412697887805,704,1:07:22
67.1%,33595000,-528159.3252565474,399.4307081150369,704,1:07:21
67.1%,33600000,-529265.7888875534,399.68022391282886,704,1:07:20
67.1%,33605000,-528702.7081862651,397.5903113841006,704,1:07:18
67.2%,33610000,-527384.0230838633,400.8779046486465,704,1:07:17
67.2%,33615000,-527824.2416248168,399.13031278085515,704,1:07:16
67.2%,33620000,-528600.8109325934,401.9795913507645,704,1:07:15
67.2%,33625000,-528128.6168976766,399.67166221649325,704,1:07:14
67.2%,33630000,-528107.9850037456,401.1045565467686,704,1:07:12
67.2%,33635000,-527904.580412074,401.47844999619815,704,1:07:11
67.2%,33640000,-526820.8657652503,400.65240575834036,704,1:07:10
67.2%,33645000,-528643.9066968784,400.24325970823963,704,1:07:09
67.2%,33650000,-529806.1482087616,400.4924075248138,704,1:07:07
67.2%,33655000,-526766.3702686112,401.6617046426936,704,1:07:06
67.3%,33660000,-528099.3940138593,400.698501538898,704,1:07:05
67.3%,33665000,-529229.9816059344,400.5111500348436,704,1:07:04
67.3%,33670000,-527240.0565221333,399.14876090591065,704,1:07:02
67.3%,33675000,-527465.1691025752,396.0399329170023,704,1:07:01
67.3%,33680000,-527928.6123976195,399.49611064349165,704,1:07:00
67.3%,33685000,-529027.7664410835,400.4586513810952,704,1:06:59
67.3%,33690000,-527505.7930493136,400.4862254403537,704,1:06:58
67.3%,33695000,-528360.0108012198,399.2233139006496,704,1:06:56
67.3%,33700000,-527806.3608250176,399.276205067697,704,1:06:55
67.3%,33705000,-529195.1881864327,399.25905714294464,704,1:06:54
67.4%,33710000,-528827.5321940766,399.03819481598356,704,1:06:53
67.4%,33715000,-528217.964731019,400.7187405058804,704,1:06:51
67.4%,33720000,-528323.8814357193,400.43227939381507,704,1:06:50
67.4%,33725000,-527550.8471963257,399.5497132408936,704,1:06:49
67.4%,33730000,-528387.6114466987,400.27171692242104,704,1:06:48
67.4%,33735000,-527416.2937701438,400.71349064050554,704,1:06:46
67.4%,33740000,-526157.8870021445,402.08770423257243,704,1:06:45
67.4%,33745000,-527301.4925841354,400.67374866897643,704,1:06:44
67.4%,33750000,-529190.3379376791,400.5040602633794,704,1:06:43
67.4%,33755000,-527481.8347246787,401.2366127398189,704,1:06:42
67.5%,33760000,-528202.3901907164,399.8099250260848,704,1:06:40
67.5%,33765000,-528380.8624610747,399.49434433364587,704,1:06:39
67.5%,33770000,-528628.1015467946,394.51290899119766,704,1:06:38
67.5%,33775000,-528519.3702612962,405.3135993129235,704,1:06:37
67.5%,33780000,-528726.7319594468,399.0822789658835,704,1:06:35
67.5%,33785000,-526415.3892775425,396.55746170180413,704,1:06:34
67.5%,33790000,-527956.4503330071,398.80352092731204,704,1:06:33
67.5%,33795000,-529093.5670538316,400.23320155495145,704,1:06:32
67.5%,33800000,-526924.0249131857,399.40092616847124,704,1:06:31
67.5%,33805000,-528212.3299118178,397.4047997861355,704,1:06:29
67.6%,33810000,-527912.5556354877,399.59588261769477,704,1:06:28
67.6%,33815000,-529453.1450135009,401.0040240780486,704,1:06:27
67.6%,33820000,-528447.5325114927,398.7836499415475,704,1:06:26
67.6%,33825000,-527518.0476373406,404.10343174777967,704,1:06:24
67.6%,33830000,-529401.4029225879,405.3953647395325,704,1:06:23
67.6%,33835000,-529097.5777376415,402.47038016706824,704,1:06:22
67.6%,33840000,-529324.7987580127,400.3642519326729,704,1:06:21
67.6%,33845000,-527377.4047664963,399.42982496011405,704,1:06:19
67.6%,33850000,-529233.4506557775,397.05175860571825,704,1:06:18
67.6%,33855000,-527966.4585667565,401.6077340640738,704,1:06:17
67.7%,33860000,-528029.9090068722,400.83153901519586,704,1:06:16
67.7%,33865000,-527014.651213354,401.01376331428133,704,1:06:15
67.7%,33870000,-528346.1829761355,400.47815438564186,704,1:06:13
67.7%,33875000,-530747.4170104521,404.52665921248393,704,1:06:12
67.7%,33880000,-527785.2528120745,399.0982984149011,704,1:06:11
67.7%,33885000,-527124.9100931957,400.52697322721167,704,1:06:10
67.7%,33890000,-527476.9288751637,400.7044873667086,704,1:06:08
67.7%,33895000,-528617.2142301314,403.2824901828096,704,1:06:07
67.7%,33900000,-528487.5702972785,401.0752652418268,704,1:06:06
67.7%,33905000,-526917.4768837569,402.2670092139963,704,1:06:05
67.8%,33910000,-527830.8605883745,403.16169421502593,704,1:06:04
67.8%,33915000,-528403.4850131613,402.03704548491345,704,1:06:02
67.8%,33920000,-528970.3219747515,400.28633804281077,704,1:06:01
67.8%,33925000,-528848.2626493117,399.5179932599139,704,1:06:00
67.8%,33930000,-527786.218499688,399.27559176566723,704,1:05:59
67.8%,33935000,-528297.9459816674,402.1114758192464,704,1:05:57
67.8%,33940000,-527515.561868317,399.9013315606018,704,1:05:56
67.8%,33945000,-526565.6724961768,403.9788578394926,704,1:05:55
67.8%,33950000,-527593.6655912837,400.7627755916179,704,1:05:54
67.8%,33955000,-527937.3899510968,401.2882773028068,704,1:05:53
67.9%,33960000,-528680.6997068524,399.4581840459706,704,1:05:51
67.9%,33965000,-530173.9773550718,398.868432814143,704,1:05:50
67.9%,33970000,-526795.7500370261,403.80271749654247,704,1:05:49
67.9%,33975000,-529433.0073182131,398.374798276421,704,1:05:48
67.9%,33980000,-527122.7432200909,396.4109315808513,704,1:05:46
67.9%,33985000,-528773.3024617936,399.0894668656724,704,1:05:45
67.9%,33990000,-528192.786384813,400.33839511909775,704,1:05:44
67.9%,33995000,-528387.5209389254,399.5050893852075,704,1:05:43
67.9%,34000000,-528200.8094408521,403.1453558489529,704,1:05:41
67.9%,34005000,-528499.539505085,401.15997451817873,704,1:05:40
68.0%,34010000,-527332.9292795821,402.78257543230285,704,1:05:39
68.0%,34015000,-529684.7593455631,397.67156163700463,704,1:05:38
68.0%,34020000,-528955.1980595081,400.6030472109844,704,1:05:37
68.0%,34025000,-527869.0610947511,405.5376753425206,704,1:05:35
68.0%,34030000,-527652.208000082,398.9551782532338,704,1:05:34
68.0%,34035000,-528509.2481548786,401.6896712152512,704,1:05:33
68.0%,34040000,-527983.3830186739,402.54996223845137,704,1:05:32
68.0%,34045000,-528096.9133394537,400.4712118066649,704,1:05:30
68.0%,34050000,-528334.2741469285,403.203349688888,704,1:05:29
68.0%,34055000,-526300.3004402025,400.758924054871,704,1:05:28
68.1%,34060000,-528828.7387351012,403.67210869628246,704,1:05:27
68.1%,34065000,-528342.3920641877,401.7992805540119,704,1:05:26
68.1%,34070000,-527075.6146256141,401.14591763565636,704,1:05:24
68.1%,34075000,-526594.5539782555,400.9716417308767,704,1:05:23
68.1%,34080000,-528101.9422938568,399.9915114910593,704,1:05:22
68.1%,34085000,-530026.8901424534,400.43308895249436,704,1:05:21
68.1%,34090000,-527360.1063975999,401.57201535385997,704,1:05:19
68.1%,34095000,-527990.4952556379,402.65729009366123,704,1:05:18
68.1%,34100000,-528197.5050432533,404.57322110258417,704,1:05:17
68.1%,34105000,-526785.0258542509,401.5887952973945,704,1:05:16
68.2%,34110000,-527647.2559386729,401.8845540682312,704,1:05:14
68.2%,34115000,-529001.4747891645,401.09133375500676,704,1:05:13
68.2%,34120000,-529240.349087113,399.501556765516,704,1:05:12
68.2%,34125000,-528432.565836296,403.0316741847145,704,1:05:11
68.2%,34130000,-528819.9257604522,403.38312077985444,704,1:05:10
68.2%,34135000,-528021.586950955,398.78318383200485,704,1:05:08
68.2%,34140000,-529102.7644536933,402.4808553657368,704,1:05:07
68.2%,34145000,-528065.4653284792,398.4620588892168,704,1:05:06
68.2%,34150000,-528897.5836122013,400.7941030592986,704,1:05:05
68.2%,34155000,-528148.1028913809,401.7981275461959,704,1:05:03
68.3%,34160000,-527647.867793418,404.7563776207549,704,1:05:02
68.3%,34165000,-528672.2564220568,398.612219758186,704,1:05:01
68.3%,34170000,-526724.1210320853,392.03408937935114,704,1:05:00
68.3%,34175000,-528062.5738773812,401.15347351666315,704,1:04:59
68.3%,34180000,-528922.7153080394,399.7512688199575,704,1:04:57
68.3%,34185000,-529176.036803091,401.2157604708067,704,1:04:56
68.3%,34190000,-528461.0372114023,399.7781805130238,704,1:04:55
68.3%,34195000,-528465.3777410653,400.4149842765755,704,1:04:54
68.3%,34200000,-527787.4413690674,404.6159559880186,704,1:04:52
68.3%,34205000,-527748.9900641777,398.50099130206667,704,1:04:51
68.4%,34210000,-529063.0985351847,399.35863286049823,704,1:04:50
68.4%,34215000,-529096.3850497664,404.5138534661023,704,1:04:49
68.4%,34220000,-526946.6495525041,399.5842298791291,704,1:04:47
68.4%,34225000,-528248.5692551844,401.24573867402194,704,1:04:46
68.4%,34230000,-528237.1374671529,398.20832357346,704,1:04:45
68.4%,34235000,-530671.5211373391,397.51627356306665,704,1:04:44
68.4%,34240000,-528224.5863563889,398.06338803778465,704,1:04:43
68.4%,34245000,-529220.866670107,398.6338079896339,704,1:04:41
68.4%,34250000,-528012.9479606533,403.86789923626645,704,1:04:40
68.4%,34255000,-527706.2723755911,395.7401754169315,704,1:04:39
68.5%,34260000,-528028.7868033573,402.02043726594724,704,1:04:38
68.5%,34265000,-529457.1853888254,399.52297327239563,704,1:04:36
68.5%,34270000,-528738.8517186749,399.1600211311772,704,1:04:35
68.5%,34275000,-528565.5691744252,399.2839326732721,704,1:04:34
68.5%,34280000,-527393.1188664422,400.46250291784213,704,1:04:33
68.5%,34285000,-526351.1444866434,398.76063884939043,704,1:04:32
68.5%,34290000,-528301.5901392596,401.802764109541,704,1:04:30
68.5%,34295000,-527843.0083234664,402.51458697737417,704,1:04:29
68.5%,34300000,-526754.3137274608,398.09846891388753,704,1:04:28
68.5%,34305000,-527110.4743933957,399.7264668858736,704,1:04:27
68.6%,34310000,-527515.6549164192,397.09873754119866,704,1:04:25
68.6%,34315000,-527464.2940541464,399.9024600363366,704,1:04:24
68.6%,34320000,-530256.7109951596,398.32060690907053,704,1:04:23
68.6%,34325000,-528759.3597479938,401.35743323968376,704,1:04:22
68.6%,34330000,-528323.2092835167,399.3453119404116,704,1:04:20
68.6%,34335000,-527897.3999995198,401.06866611198643,704,1:04:19
68.6%,34340000,-529373.1006920529,401.3250263604307,704,1:04:18
68.6%,34345000,-528058.9427953213,401.74737067021204,704,1:04:17
68.6%,34350000,-527219.1120387372,401.11655273447093,704,1:04:16
68.6%,34355000,-527856.5416643778,401.7608878469482,704,1:04:14
68.7%,34360000,-526197.7316379654,400.0105974502258,704,1:04:13
68.7%,34365000,-527406.8107119896,404.788784500008,704,1:04:12
68.7%,34370000,-528469.7110013617,401.7771771488589,704,1:04:11
68.7%,34375000,-529958.1967461444,400.20322335173626,704,1:04:09
68.7%,34380000,-527143.9363140254,397.9312091843284,704,1:04:08
68.7%,34385000,-528316.2241014247,401.6580493625963,704,1:04:07
68.7%,34390000,-528177.2484694007,400.7076029410198,704,1:04:06
68.7%,34395000,-527776.55114668,401.18602758840336,704,1:04:04
68.7%,34400000,-528375.6679200367,400.28339419306786,704,1:04:03
68.7%,34405000,-526730.2704345356,399.4711369848394,704,1:04:02
68.8%,34410000,-527303.149414984,399.6256890963416,704,1:04:01
68.8%,34415000,-528970.2057266212,397.35696222781337,704,1:04:00
68.8%,34420000,-527565.9902930423,400.68248208988035,704,1:03:58
68.8%,34425000,-528547.0893159108,401.0439377741461,704,1:03:57
68.8%,34430000,-527820.8041769718,398.7312494161239,704,1:03:56
68.8%,34435000,-526076.0738822408,398.1257976523341,704,1:03:55
68.8%,34440000,-529134.7522992915,401.8666947131243,704,1:03:53
68.8%,34445000,-528610.7863670676,403.7695746548536,704,1:03:52
68.8%,34450000,-529321.1298998413,398.82231250150426,704,1:03:51
68.8%,34455000,-529811.1932147904,399.02543813376434,704,1:03:50
68.9%,34460000,-526700.2021101657,398.26425671857515,704,1:03:49
68.9%,34465000,-526630.9351930222,402.9352140414722,704,1:03:47
68.9%,34470000,-527010.2327642557,398.2164682244154,704,1:03:46
68.9%,34475000,-527009.7888054941,405.0802256245551,704,1:03:45
68.9%,34480000,-527249.5353155853,402.22618783089473,704,1:03:44
68.9%,34485000,-527385.4485312016,399.1712568243627,704,1:03:42
68.9%,34490000,-528649.8820439549,400.26928824638316,704,1:03:41
68.9%,34495000,-528187.0391415041,399.12442508136934,704,1:03:40
68.9%,34500000,-527189.9609486405,399.8397315047317,704,1:03:39
68.9%,34505000,-528849.1813166621,400.153447759,704,1:03:37
69.0%,34510000,-529258.0372944139,400.62360509502236,704,1:03:36
69.0%,34515000,-526775.7128835334,401.1424095480461,704,1:03:35
69.0%,34520000,-527177.3427111274,405.4949404570861,704,1:03:34
69.0%,34525000,-527669.1588509195,402.00351012992553,704,1:03:33
69.0%,34530000,-528149.0229807543,399.53035742883407,704,1:03:31
69.0%,34535000,-527704.9109088299,401.3774268858543,704,1:03:30
69.0%,34540000,-529116.8963225735,400.6450951981455,704,1:03:29
69.0%,34545000,-528897.4781650654,401.05738135463866,704,1:03:28
69.0%,34550000,-528338.5675405823,401.1314191756726,704,1:03:26
69.0%,34555000,-528536.7518269178,402.45173578536327,704,1:03:25
69.1%,34560000,-528240.4952904852,400.6162454706651,704,1:03:24
69.1%,34565000,-528747.0474996082,402.4987392529249,704,1:03:23
69.1%,34570000,-527466.46433703,394.3300959221636,704,1:03:22
69.1%,34575000,-527931.1447656336,403.7424912372189,704,1:03:20
69.1%,34580000,-527723.3350526863,399.30098246969976,704,1:03:19
69.1%,34585000,-528001.9364439817,402.0675633939148,704,1:03:18
69.1%,34590000,-531286.9563229051,397.5492446801871,704,1:03:17
69.1%,34595000,-527750.8496407159,401.6165656133025,704,1:03:15
69.1%,34600000,-528920.7201272566,402.83929360401606,704,1:03:14
69.1%,34605000,-528558.7714400045,398.0427810895843,704,1:03:13
69.2%,34610000,-527420.379786992,398.6715383305053,704,1:03:12
69.2%,34615000,-527904.5714178304,398.3428329746294,704,1:03:10
69.2%,34620000,-528763.0162948566,399.61430621066904,704,1:03:09
69.2%,34625000,-526630.5485602268,398.00887775337856,704,1:03:08
69.2%,34630000,-528915.3929570322,403.254131096953,704,1:03:07
69.2%,34635000,-528321.1247807709,401.7017655312783,704,1:03:06
69.2%,34640000,-528973.137032147,398.7614484080698,704,1:03:04
69.2%,34645000,-527634.0401043985,399.7317658154108,704,1:03:03
69.2%,34650000,-528527.0032564467,399.18671203551287,704,1:03:02
69.2%,34655000,-528262.9396206029,400.9346228203597,704,1:03:01
69.3%,34660000,-528501.6262344089,399.9276299516384,704,1:02:59
69.3%,34665000,-529259.3378703259,396.71451608558783,704,1:02:58
69.3%,34670000,-528117.4247353422,401.29647101792455,704,1:02:57
69.3%,34675000,-529904.3591181822,402.3173981087623,704,1:02:56
69.3%,34680000,-528436.6816112404,398.76959305902517,704,1:02:55
69.3%,34685000,-529947.1347617353,400.4497217035417,704,1:02:53
69.3%,34690000,-527424.990806201,394.4781715642315,704,1:02:52
69.3%,34695000,-526761.9327057046,399.67249630725377,704,1:02:51
69.3%,34700000,-527849.2661950234,399.51406812692335,704,1:02:50
69.3%,34705000,-528262.3513632738,400.078502250962,704,1:02:48
69.4%,34710000,-529793.064859441,402.6578543315286,704,1:02:47
69.4%,34715000,-528390.1195488693,399.04462222125557,704,1:02:46
69.4%,34720000,-527695.8439375097,399.5993171090615,704,1:02:45
69.4%,34725000,-528334.4855297841,401.07911677857373,704,1:02:43
69.4%,34730000,-528316.6899110028,401.44042527035236,704,1:02:42
69.4%,34735000,-528529.0727217086,400.6163190669087,704,1:02:41
69.4%,34740000,-528136.674146221,396.50501211221814,704,1:02:40
69.4%,34745000,-529083.3194137188,402.6968603406221,704,1:02:39
69.4%,34750000,-527133.6431294126,402.0334392689783,704,1:02:37
69.4%,34755000,-529192.4913261607,403.2185350471451,704,1:02:36
69.5%,34760000,-528099.5792636438,398.1939477738822,704,1:02:35
69.5%,34765000,-529067.9112821925,402.6810616803352,704,1:02:34
69.5%,34770000,-527007.2026514853,400.876678044587,704,1:02:32
69.5%,34775000,-526553.9140447127,399.97149331280764,704,1:02:31
69.5%,34780000,-527543.2704650918,402.22054545222085,704,1:02:30
69.5%,34785000,-528607.426017317,398.37062782261864,704,1:02:29
69.5%,34790000,-527129.007394773,402.734394424844,704,1:02:28
69.5%,34795000,-529439.3466811422,401.5462321365284,704,1:02:26
69.5%,34800000,-530096.234193163,400.92647816940433,704,1:02:25
69.5%,34805000,-526226.7191419019,399.2444114904737,704,1:02:24
69.6%,34810000,-527229.4310138165,401.86355460673184,704,1:02:23
69.6%,34815000,-527449.3241373571,405.2368629629586,704,1:02:21
69.6%,34820000,-527818.1603358407,402.67031662877355,704,1:02:20
69.6%,34825000,-528447.6475872989,401.1580610158458,704,1:02:19
69.6%,34830000,-529873.463562136,398.90442137724995,704,1:02:18
69.6%,34835000,-528079.9257633025,399.1080131190527,704,1:02:16
69.6%,34840000,-527751.1601226227,399.5067575667285,704,1:02:15
69.6%,34845000,-528837.9331530123,402.0306426117226,704,1:02:14
69.6%,34850000,-527292.092802288,398.2289795858227,704,1:02:13
69.6%,34855000,-529492.1309330435,398.868310153737,704,1:02:12
69.7%,34860000,-527491.3187836404,399.5513568903334,704,1:02:10
69.7%,34865000,-528127.7748515434,403.75159263934074,704,1:02:09
69.7%,34870000,-528367.4507953208,402.40784789211284,704,1:02:08
69.7%,34875000,-529085.9307164615,401.88955861279413,704,1:02:07
69.7%,34880000,-527313.1673048153,402.4430759607029,704,1:02:05
69.7%,34885000,-526650.3082427345,397.9992121133894,704,1:02:04
69.7%,34890000,-527459.1059570145,401.8873507254869,704,1:02:03
69.7%,34895000,-527410.6816300405,401.00606024078746,704,1:02:02
69.7%,34900000,-527484.1274466701,400.2875646468703,704,1:02:01
69.7%,34905000,-527710.7319664392,401.2160057916186,704,1:01:59
69.8%,34910000,-528181.7450327063,401.65068973823895,704,1:01:58
69.8%,34915000,-527341.9709037198,399.57561911863115,704,1:01:57
69.8%,34920000,-528117.0675927857,399.38453873823573,704,1:01:56
69.8%,34925000,-527232.7882795297,402.2334983910896,704,1:01:54
69.8%,34930000,-527153.8385839411,403.68825080570605,704,1:01:53
69.8%,34935000,-528815.4093600777,403.83770024432056,704,1:01:52
69.8%,34940000,-527379.1961861965,400.01562652686994,704,1:01:51
69.8%,34945000,-528632.2899317094,395.12876235741237,704,1:01:49
69.8%,34950000,-528568.7933111987,400.0164851497116,704,1:01:48
69.8%,34955000,-528388.8367794529,400.6524302904216,704,1:01:47
69.9%,34960000,-529669.3437132603,401.8640452483557,704,1:01:46
69.9%,34965000,-528068.3106741086,399.69877016620916,704,1:01:45
69.9%,34970000,-527994.0988985482,398.191739886575,704,1:01:43
69.9%,34975000,-528262.3688025996,402.99212846983494,704,1:01:42
69.9%,34980000,-530284.749849474,394.41178775252905,704,1:01:41
69.9%,34985000,-527994.0811501113,404.2190023822697,704,1:01:40
69.9%,34990000,-528153.6841092953,401.03532701364816,704,1:01:38
69.9%,34995000,-527323.9468370592,399.4902965402494,704,1:01:37
69.9%,35000000,-527034.6990969279,402.5955919094663,704,1:01:36
69.9%,35005000,-526925.5020081676,398.95677283851114,704,1:01:35
70.0%,35010000,-527801.2897688351,399.920760968905,704,1:01:34
70.0%,35015000,-526418.599441376,399.2878087421003,704,1:01:32
70.0%,35020000,-528512.285118029,401.1509467123005,704,1:01:31
70.0%,35025000,-527473.9014168018,401.1192512634019,704,1:01:30
70.0%,35030000,-528453.3510104255,398.875498053526,704,1:01:29
70.0%,35035000,-526277.3572315299,401.5165728503687,704,1:01:27
70.0%,35040000,-529298.9929368482,398.4361284793981,704,1:01:26
70.0%,35045000,-529857.7988246549,401.7707742756681,704,1:01:25
70.0%,35050000,-527680.7885152888,401.56136843062313,704,1:01:24
70.0%,35055000,-528083.7557691289,403.90656179622323,704,1:01:23
70.0%,35060000,-528375.6278295927,400.74346884372073,704,1:01:21
70.1%,35065000,-527721.5601228308,401.577412411722,704,1:01:20
70.1%,35070000,-528359.6957299742,401.6180620702552,704,1:01:19
70.1%,35075000,-528569.3496932383,399.25358648883906,704,1:01:18
70.1%,35080000,-527215.7987152231,401.7687135808481,704,1:01:16
70.1%,35085000,-529812.7799655613,398.07663536162767,704,1:01:15
70.1%,35090000,-527142.5947736362,399.55417807967035,704,1:01:14
70.1%,35095000,-527554.5406057606,402.05777509351964,704,1:01:13
70.1%,35100000,-527786.5154851973,400.0330197724342,704,1:01:11
70.1%,35105000,-529417.1068491614,399.5058253476432,704,1:01:10
70.1%,35110000,-527751.4187923507,398.9433537900998,704,1:01:09
70.2%,35115000,-528803.0950410357,400.61894399959607,704,1:01:08
70.2%,35120000,-527585.7569523449,398.05799097992264,704,1:01:07
70.2%,35125000,-527084.2419335935,402.61082633188585,704,1:01:05
70.2%,35130000,-527746.2275987309,403.79288013198493,704,1:01:04
70.2%,35135000,-529175.3928278424,401.6514747648371,704,1:01:03
70.2%,35140000,-528003.4268824952,400.8141212375504,704,1:01:02
70.2%,35145000,-527142.1877115807,403.0465896900786,704,1:01:00
70.2%,35150000,-527638.4983991073,401.19407411103396,704,1:00:59
70.2%,35155000,-527231.1885028891,401.1529583429582,704,1:00:58
70.2%,35160000,-529295.9302911148,398.8847221160537,704,1:00:57
70.3%,35165000,-528608.4666627944,403.73034785702947,704,1:00:56
70.3%,35170000,-529575.7345399256,400.53685965593155,704,1:00:54
70.3%,35175000,-528398.9925784017,399.7582113989345,704,1:00:53
70.3%,35180000,-527983.5314012268,395.81713255562715,704,1:00:52
70.3%,35185000,-528295.0008831802,399.2943097436158,704,1:00:51
70.3%,35190000,-528665.7074579466,401.61138934417124,704,1:00:49
70.3%,35195000,-528340.6062295567,401.07104572386197,704,1:00:48
70.3%,35200000,-527593.5466305553,403.04504416896356,704,1:00:47
70.3%,35205000,-526559.9548803372,401.5999819264175,704,1:00:46
70.3%,35210000,-528206.3872142918,399.231458551605,704,1:00:45
70.4%,35215000,-527755.4278779873,402.4238182769681,704,1:00:43
70.4%,35220000,-528582.8561738906,402.1310033558743,704,1:00:42
70.4%,35225000,-528432.4883363801,401.4836262653294,704,1:00:41
70.4%,35230000,-526881.0587018328,402.1927751363128,704,1:00:40
70.4%,35235000,-527582.9932864262,401.9292024559985,704,1:00:38
70.4%,35240000,-527937.3517977735,400.08377664841805,704,1:00:37
70.4%,35245000,-526963.6543441787,400.3721021986539,704,1:00:36
70.4%,35250000,-527508.786222524,401.38061605640905,704,1:00:35
70.4%,35255000,-528296.1475092904,397.3598570133939,704,1:00:33
70.4%,35260000,-528488.2879345147,401.70375262985476,704,1:00:32
70.5%,35265000,-527154.7204075474,399.7587511047207,704,1:00:31
70.5%,35270000,-527042.4243077268,402.68665499484666,704,1:00:30
70.5%,35275000,-529061.4294281313,400.96322722702826,704,1:00:29
70.5%,35280000,-526727.5081844013,400.3508574163427,704,1:00:27
70.5%,35285000,-526617.6386275534,402.69291067555037,704,1:00:26
70.5%,35290000,-528135.4188473113,398.2109485061475,704,1:00:25
70.5%,35295000,-528124.013977448,404.3421043656853,704,1:00:24
70.5%,35300000,-527136.0208827597,403.5909075075408,704,1:00:22
70.5%,35305000,-529052.8046793919,399.4710388565146,704,1:00:21
70.5%,35310000,-526999.001643612,399.61121516843906,704,1:00:20
70.6%,35315000,-528801.1023787642,398.1783944344072,704,1:00:19
70.6%,35320000,-528381.4279365591,399.3800493673778,704,1:00:17
70.6%,35325000,-525986.5046299589,400.39653615151997,704,1:00:16
70.6%,35330000,-529206.1606446309,400.90322175643547,704,1:00:15
70.6%,35335000,-530330.4333175644,402.32407083484617,704,1:00:14
70.6%,35340000,-527614.9137916164,399.3966821184252,704,1:00:13
70.6%,35345000,-528946.6847229027,404.80203182385105,704,1:00:11
70.6%,35350000,-528996.8978011641,399.5176007466148,704,1:00:10
70.6%,35355000,-528703.1404309054,401.97218266224485,704,1:00:09
70.6%,35360000,-527617.79612474,399.5617094285959,704,1:00:08
70.7%,35365000,-528117.726688588,403.76606656724334,704,1:00:06
70.7%,35370000,-528165.779322172,398.4673332866729,704,1:00:05
70.7%,35375000,-529297.4946589163,404.0002743463722,704,1:00:04
70.7%,35380000,-527624.9902667003,403.08498239714226,704,1:00:03
70.7%,35385000,-529240.5623241207,401.1463346810366,704,1:00:02
70.7%,35390000,-528531.9965938842,402.45742722819955,704,1:00:00
70.7%,35395000,-527638.1462758258,398.0612782788022,704,59:59
70.7%,35400000,-528411.0233815368,402.7081450979698,704,59:58
70.7%,35405000,-530664.1530733951,400.59529507332815,704,59:57
70.7%,35410000,-528462.7359249434,399.5363677887258,704,59:55
70.8%,35415000,-527475.1339882892,397.4608065274942,704,59:54
70.8%,35420000,-529996.4923932208,399.8474591103068,704,59:53
70.8%,35425000,-526885.9813642255,400.79375961016194,704,59:52
70.8%,35430000,-528715.2817167849,397.2870212643383,704,59:50
70.8%,35435000,-528139.8201981755,400.9267970864598,704,59:49
70.8%,35440000,-527996.1528635011,400.8359057256478,704,59:48
70.8%,35445000,-528318.2923347009,399.94806517527036,704,59:47
70.8%,35450000,-528498.6730099968,401.59534536307245,704,59:46
70.8%,35455000,-527912.0912257051,401.0143030200676,704,59:44
70.8%,35460000,-526359.5878116093,403.4145218437787,704,59:43
70.9%,35465000,-526598.6453953004,402.2091135023859,704,59:42
70.9%,35470000,-526916.1521512037,400.91953559042736,704,59:41
70.9%,35475000,-528780.4498408902,401.940070167966,704,59:39
70.9%,35480000,-530472.3958584466,397.26398564010015,704,59:38
70.9%,35485000,-527743.0047444012,401.3605733460762,704,59:37
70.9%,35490000,-529048.8525587772,401.63035264293177,704,59:36
70.9%,35495000,-527821.2418196122,400.17638525491344,704,59:34
70.9%,35500000,-529543.3260025424,400.12312610664816,704,59:33
70.9%,35505000,-528296.0346516767,402.23560815007204,704,59:32
70.9%,35510000,-529094.8537174538,398.26364341654534,704,59:31
71.0%,35515000,-527250.7545347242,399.8024182092404,704,59:30
71.0%,35520000,-527578.560322057,400.55332068241063,704,59:28
71.0%,35525000,-528426.8168673278,402.2969383530491,704,59:27
71.0%,35530000,-526054.9396651862,401.28695257042244,704,59:26
71.0%,35535000,-527243.8911867887,401.2798873310395,704,59:25
71.0%,35540000,-528713.7981324536,401.5036689756623,704,59:23
71.0%,35545000,-528131.636447248,400.94875329912566,704,59:22
71.0%,35550000,-529179.7870703689,400.88634368457616,704,59:21
71.0%,35555000,-529340.4694892457,402.35674756699234,704,59:20
71.0%,35560000,-528764.4505046369,399.82268170830406,704,59:19
71.1%,35565000,-529502.3806885867,400.23911378651843,704,59:17
71.1%,35570000,-527628.3963764091,399.9503466588211,704,59:16
71.1%,35575000,-528545.8589578946,398.88666015046783,704,59:15
71.1%,35580000,-527763.3100077854,398.4768026700125,704,59:14
71.1%,35585000,-528313.1149996668,397.55743839530487,704,59:12
71.1%,35590000,-528961.4431966702,402.30964597110597,704,59:11
71.1%,35595000,-528745.3094828026,399.2090852935589,704,59:10
71.1%,35600000,-527594.9563235962,399.6352811400872,704,59:09
71.1%,35605000,-527825.8084041052,399.97679224234486,704,59:08
71.1%,35610000,-527542.4965924975,403.11491153619505,704,59:06
71.2%,35615000,-527400.6797806597,399.1302882487739,704,59:05
71.2%,35620000,-529163.2698414642,399.4579387251587,704,59:04
71.2%,35625000,-528180.0275757494,401.0642503373721,704,59:03
71.2%,35630000,-526961.5456275106,399.3352292550422,704,59:01
71.2%,35635000,-527376.8196743988,403.8475130767969,704,59:00
71.2%,35640000,-527724.7100067558,400.34389030528445,704,58:59
71.2%,35645000,-529848.256843789,400.53789000334154,704,58:58
71.2%,35650000,-527920.3553324481,398.03247761548414,704,58:56
71.2%,35655000,-525724.4462811584,402.34205285035904,704,58:55
71.2%,35660000,-527728.3803371345,402.4471237540994,704,58:54
71.3%,35665000,-528793.5437437212,397.0793571970579,704,58:53
71.3%,35670000,-528690.1784368488,398.7197193379642,704,58:52
71.3%,35675000,-527049.5234784414,401.2752017035321,704,58:50
71.3%,35680000,-529365.8527081227,398.97401889158834,704,58:49
71.3%,35685000,-529410.784002333,402.6753702374989,704,58:48
71.3%,35690000,-526715.3164881524,401.21693801070387,704,58:47
71.3%,35695000,-527699.6691338485,399.4809988814781,704,58:45
71.3%,35700000,-527992.0854851007,400.1318840596333,704,58:44
71.3%,35705000,-526269.9541322966,397.6616997403659,704,58:43
71.3%,35710000,-529201.0572698163,398.8066119695421,704,58:42
71.4%,35715000,-527301.5337020564,398.3966808928432,704,58:40
71.4%,35720000,-528236.1991870995,397.6337331678084,704,58:39
71.4%,35725000,-528817.1361215389,403.61534146040685,704,58:38
71.4%,35730000,-527963.1992657874,404.9668874094534,704,58:37
71.4%,35735000,-528166.4590232568,398.9950183530877,704,58:36
71.4%,35740000,-529127.2111932244,400.1952994895116,704,58:34
71.4%,35745000,-526875.6325829676,398.8664457155665,704,58:33
71.4%,35750000,-529524.8297719224,401.97561715361155,704,58:32
71.4%,35755000,-529188.8137605931,398.0117480068779,704,58:31
71.4%,35760000,-526862.9580929503,397.45877036475537,704,58:29
71.5%,35765000,-528406.5462776981,400.9322677405654,704,58:28
71.5%,35770000,-527261.1191180246,400.36184778871615,704,58:27
71.5%,35775000,-527580.3860777724,402.71820325125805,704,58:26
71.5%,35780000,-528995.1938400851,399.5917366959735,704,58:24
71.5%,35785000,-529064.5949331471,400.42553307148756,704,58:23
71.5%,35790000,-529318.913304647,399.5987528711941,704,58:22
71.5%,35795000,-528982.3523763064,402.3495351351222,704,58:21
71.5%,35800000,-527510.8608552678,402.501069800638,704,58:20
71.5%,35805000,-526630.0169953569,402.327260005401,704,58:18
71.5%,35810000,-528987.8762381799,400.9481890612583,704,58:17
71.6%,35815000,-528120.1893402291,402.4092462207407,704,58:16
71.6%,35820000,-528941.2032731269,402.23717820326823,704,58:15
71.6%,35825000,-527660.534194944,401.42698168985976,704,58:13
71.6%,35830000,-527771.548266435,396.63468869339283,704,58:12
71.6%,35835000,-526761.8916447097,401.4814429101034,704,58:11
71.6%,35840000,-527845.7107460843,398.704018806002,704,58:10
71.6%,35845000,-526856.6419989238,399.79503405280195,704,58:09
71.6%,35850000,-527969.1425613221,402.02038820178484,704,58:07
71.6%,35855000,-529010.8277465883,399.548731957646,704,58:06
71.6%,35860000,-528980.3770812433,400.68645628703325,704,58:05
71.7%,35865000,-527939.041373353,400.9707585759538,704,58:04
71.7%,35870000,-526811.9432748533,400.4539902856689,704,58:02
71.7%,35875000,-527683.4603916742,402.3898168124376,704,58:01
71.7%,35880000,-526761.9753107694,404.7430321685871,704,58:00
71.7%,35885000,-529326.7612326574,399.48413898787055,704,57:59
71.7%,35890000,-529665.1630408196,401.6957551713865,704,57:58
71.7%,35895000,-529188.479147167,401.48406784279086,704,57:56
71.7%,35900000,-528399.5001407769,402.2836174329625,704,57:55
71.7%,35905000,-528471.1089923317,402.2001838248325,704,57:54
71.7%,35910000,-528671.585974148,402.8073773663868,704,57:53
71.8%,35915000,-527135.3042128044,401.87130674438816,704,57:51
71.8%,35920000,-528637.8678642632,401.99975672150333,704,57:50
71.8%,35925000,-527043.2328446982,401.69673645463416,704,57:49
71.8%,35930000,-528803.4252074943,399.66972418207916,704,57:48
71.8%,35935000,-527754.5686200843,400.67953824013745,704,57:46
71.8%,35940000,-528758.4274307778,400.79557498417006,704,57:45
71.8%,35945000,-526705.2606885056,400.92866152463034,704,57:44
71.8%,35950000,-528766.6632101038,401.13424036500953,704,57:43
71.8%,35955000,-528955.7147933631,403.24414653990834,704,57:42
71.8%,35960000,-528066.6185658146,401.68591780682897,704,57:40
71.9%,35965000,-527727.4397878214,398.18769209317855,704,57:39
71.9%,35970000,-529447.0465801405,397.88077122540005,704,57:38
71.9%,35975000,-528596.2188621676,400.7155022711632,704,57:37
71.9%,35980000,-529485.1891641617,401.1174113573127,704,57:35
71.9%,35985000,-527441.3614654671,395.4490041452775,704,57:34
71.9%,35990000,-529854.824611532,396.95951798044064,704,57:33
71.9%,35995000,-527292.9126001778,402.04945871799595,704,57:32
71.9%,36000000,-529082.641812318,399.1082093757022,704,57:31
71.9%,36005000,-527705.5036454159,402.08184106516785,704,57:29
71.9%,36010000,-527478.5078680962,398.54200894181776,704,57:28
72.0%,36015000,-529720.6211511525,400.92044327743145,704,57:27
72.0%,36020000,-528923.2820074586,396.8095533681211,704,57:26
72.0%,36025000,-530136.4409010871,399.63226369410074,704,57:24
72.0%,36030000,-528397.4768977794,401.7938834961499,704,57:23
72.0%,36035000,-529792.3132124613,399.866128024093,704,57:22
72.0%,36040000,-528329.2853257153,399.2291034718106,704,57:21
72.0%,36045000,-528636.2989609074,403.777204132104,704,57:19
72.0%,36050000,-526671.6745290733,400.0960672210947,704,57:18
72.0%,36055000,-529294.0852397243,397.0340464430984,704,57:17
72.0%,36060000,-528615.5358805824,402.65378200605096,704,57:16
72.1%,36065000,-528395.4488264285,401.55383708169757,704,57:15
72.1%,36070000,-526983.4424325074,400.34604912842923,704,57:13
72.1%,36075000,-528194.1754681002,398.73468390749053,704,57:12
72.1%,36080000,-529225.4027082846,404.49893796073826,704,57:11
72.1%,36085000,-526929.2071989737,397.1280779103029,704,57:10
72.1%,36090000,-526844.9435250959,401.51053795839573,704,57:08
72.1%,36095000,-526703.793685093,398.23521073444516,704,57:07
72.1%,36100000,-528202.6256766864,400.90427663592664,704,57:06
72.1%,36105000,-530095.7036170401,397.9344474190456,704,57:05
72.1%,36110000,-527383.0889825285,403.66187881842586,704,57:04
72.2%,36115000,-527180.6659451649,400.9139422759159,704,57:02
72.2%,36120000,-527353.5414602365,398.63761046221845,704,57:01
72.2%,36125000,-527635.7883506562,400.22898203698657,704,57:00
72.2%,36130000,-527818.5336979153,399.55273068688007,704,56:59
72.2%,36135000,-526559.3297096998,396.4197385979988,704,56:57
72.2%,36140000,-528422.9682870158,401.8318100936709,704,56:56
72.2%,36145000,-528613.3468021573,401.3104052400409,704,56:55
72.2%,36150000,-527404.8335858309,397.89097657117543,704,56:54
72.2%,36155000,-527446.5834013969,399.2349421071341,703,56:53
72.2%,36160000,-527073.9637780678,402.8352703427007,703,56:51
72.3%,36165000,-528584.8578684987,399.26119143400825,703,56:50
72.3%,36170000,-528292.280154286,399.63417719643365,703,56:49
72.3%,36175000,-528635.9561657845,404.46643295316045,703,56:48
72.3%,36180000,-527731.7622495634,399.73784977154617,703,56:46
72.3%,36185000,-528427.7893519145,401.02504807162916,704,56:45
72.3%,36190000,-527549.4099553605,400.7576238545679,704,56:44
72.3%,36195000,-529056.67050596,401.0518371042895,704,56:43
72.3%,36200000,-529655.3161712536,399.68017484866647,704,56:41
72.3%,36205000,-526894.903541761,399.58126149730504,703,56:40
72.3%,36210000,-528926.4063824047,399.42320129819245,703,56:39
72.4%,36215000,-528112.3845190834,396.15987026194426,703,56:38
72.4%,36220000,-527298.9745346229,399.74987049132966,703,56:37
72.4%,36225000,-527439.5334232068,402.80688672476293,703,56:35
72.4%,36230000,-528592.9231634852,399.9967613564342,703,56:34
72.4%,36235000,-527903.221391377,403.4379009171535,703,56:33
72.4%,36240000,-528583.073574984,402.45041105297895,703,56:32
72.4%,36245000,-526689.8802558999,400.8102942328846,703,56:30
72.4%,36250000,-528559.9138672412,397.82380773287497,704,56:29
72.4%,36255000,-529584.4398980234,400.3892501234063,703,56:28
72.4%,36260000,-527889.5734007726,400.4144691028705,703,56:27
72.5%,36265000,-526918.7055813884,401.68397977241494,703,56:26
72.5%,36270000,-527902.7806632761,402.26234811857006,703,56:24
72.5%,36275000,-528423.6131914416,399.5566558198706,703,56:23
72.5%,36280000,-526987.195749897,397.38806890676335,703,56:22
72.5%,36285000,-527902.2405119208,401.8523679777088,704,56:21
72.5%,36290000,-528213.5288161081,400.51760197219676,704,56:19
72.5%,36295000,-528598.0078471582,400.1110808547835,704,56:18
72.5%,36300000,-528470.5481633847,399.8034730887316,704,56:17
72.5%,36305000,-527126.1824661656,401.46976563945657,704,56:16
72.5%,36310000,-528008.2645985275,400.3213698547513,704,56:14
72.6%,36315000,-527448.5603669649,396.60588803007477,704,56:13
72.6%,36320000,-528146.2854747376,401.4196711296649,704,56:12
72.6%,36325000,-529103.6262090933,399.8757200678386,704,56:11
72.6%,36330000,-527341.8670241423,401.56757504716444,704,56:10
72.6%,36335000,-527348.723150983,401.07889598984303,704,56:08
72.6%,36340000,-527605.1732569202,400.8703978318021,704,56:07
72.6%,36345000,-528352.3100337,399.66714831355415,704,56:06
72.6%,36350000,-528365.5024167085,399.25314491137766,704,56:05
72.6%,36355000,-528612.526200267,397.2417595745412,704,56:03
72.6%,36360000,-527530.5473343497,398.17010259096475,704,56:02
72.7%,36365000,-526312.7251439509,404.74043176798085,704,56:01
72.7%,36370000,-527669.583166989,401.7154299005016,704,56:00
72.7%,36375000,-529095.8496520063,399.79294882590074,704,55:58
72.7%,36380000,-528663.9538079738,402.02934241141946,704,55:57
72.7%,36385000,-528736.9590663775,402.87888838305804,704,55:56
72.7%,36390000,-528197.3421704452,400.20660877894056,704,55:55
72.7%,36395000,-528129.8541457439,403.83122377488615,704,55:54
72.7%,36400000,-530487.7118482231,398.07047780924876,704,55:52
72.7%,36405000,-529306.3246877776,398.68473659018605,703,55:51
72.7%,36410000,-528986.7861925103,398.3420970121936,703,55:50
72.8%,36415000,-528050.071267934,401.68868993200357,704,55:49
72.8%,36420000,-528528.1139297392,399.139291522571,704,55:47
72.8%,36425000,-529433.588585142,400.910875765767,704,55:46
72.8%,36430000,-528469.6132357116,399.28177385012737,704,55:45
72.8%,36435000,-527850.1180255581,400.21171145182825,704,55:44
72.8%,36440000,-529654.3996586539,400.62581298232953,704,55:42
72.8%,36445000,-529779.0513237347,400.86392136236776,704,55:41
72.8%,36450000,-527048.0995240211,402.65294791529044,704,55:40
72.8%,36455000,-527277.0758885038,400.81583848323373,704,55:39
72.8%,36460000,-527588.5478357249,399.5007717389179,704,55:38
72.9%,36465000,-529001.9323036866,402.67733280399415,704,55:36
72.9%,36470000,-528678.012669513,403.0824065286172,704,55:35
72.9%,36475000,-527907.6978239822,398.1680418961447,704,55:34
72.9%,36480000,-528807.3929409711,398.26062597055886,704,55:33
72.9%,36485000,-529038.1870224136,399.3409697620408,704,55:31
72.9%,36490000,-529347.6424309169,401.490127266845,704,55:30
72.9%,36495000,-529975.7660695594,396.7756990960778,704,55:29
72.9%,36500000,-528815.8719399762,399.1152255509228,704,55:28
72.9%,36505000,-528386.7184997303,403.6489504116383,704,55:27
72.9%,36510000,-527585.2299014623,395.6903998241953,704,55:25
73.0%,36515000,-528116.679392857,403.6265035573487,704,55:24
73.0%,36520000,-527823.0331804226,398.8840842819427,704,55:23
73.0%,36525000,-528552.1575871594,402.338446634424,704,55:22
73.0%,36530000,-529020.9404568197,400.1939992892085,704,55:20
73.0%,36535000,-527949.2968662307,403.4198943695595,704,55:19
73.0%,36540000,-528221.2072700444,400.99749854445184,704,55:18
73.0%,36545000,-529253.8988698693,401.3780647199652,704,55:17
73.0%,36550000,-527865.9319991642,397.14436721221364,704,55:15
73.0%,36555000,-527681.4740038528,399.42359381149157,704,55:14
73.0%,36560000,-529999.8401581822,400.3283369658095,704,55:13
73.1%,36565000,-527863.2166262758,395.58211521781897,704,55:12
73.1%,36570000,-528685.9971473808,399.7470247699115,704,55:11
73.1%,36575000,-527063.1111458731,403.9581036988052,704,55:09
73.1%,36580000,-528655.9837048962,400.236488853831,704,55:08
73.1%,36585000,-529426.4495937461,403.11729114807054,704,55:07
73.1%,36590000,-527350.5756109077,401.2338651467255,704,55:06
73.1%,36595000,-529601.7417202867,400.63957547987764,704,55:04
73.1%,36600000,-528820.248992105,398.119100394169,704,55:03
73.1%,36605000,-529706.1979192416,398.1698082059905,703,55:02
73.1%,36610000,-528543.5779836318,400.8722132058102,703,55:01
73.2%,36615000,-528578.2599894176,403.35412385988684,703,55:00
73.2%,36620000,-527781.8394119847,399.8962779518765,703,54:58
73.2%,36625000,-527695.2200003392,398.85886530247853,703,54:57
73.2%,36630000,-527790.6250253157,401.01852253803236,703,54:56
73.2%,36635000,-528331.1951845908,401.50693174246067,703,54:55
73.2%,36640000,-526624.5478982567,398.91482297967485,703,54:53
73.2%,36645000,-527371.3852209952,399.7630932830915,703,54:52
73.2%,36650000,-527635.0028750119,403.2360754851966,703,54:51
73.2%,36655000,-528021.4390718741,402.8046052412122,703,54:50
73.2%,36660000,-526770.9836217826,398.674580308573,703,54:48
73.3%,36665000,-528420.1645694096,403.4417524539005,703,54:47
73.3%,36670000,-527836.8183882483,400.109093756207,703,54:46
73.3%,36675000,-527178.0867259558,402.4212178763619,703,54:45
73.3%,36680000,-527343.4142304058,401.2720370650585,703,54:44
73.3%,36685000,-527461.5708814529,400.6259111106543,703,54:42
73.3%,36690000,-526884.5019020219,401.75750241974384,703,54:41
73.3%,36695000,-528776.3763850615,399.19338476159675,704,54:40
73.3%,36700000,-527366.4597192784,401.19579135671734,704,54:39
73.3%,36705000,-528788.0657638931,401.303217340252,703,54:37
73.3%,36710000,-527436.010773574,400.2258419305942,703,54:36
73.4%,36715000,-527642.6452446664,401.3010830491884,703,54:35
73.4%,36720000,-528412.2370446911,405.0007171494156,703,54:34
73.4%,36725000,-527859.1353906961,404.73513283844363,703,54:33
73.4%,36730000,-529588.0625218935,402.68950071626483,704,54:31
73.4%,36735000,-529031.4328512438,398.29423492179035,704,54:30
73.4%,36740000,-528175.5689564687,403.42632177483154,704,54:29
73.4%,36745000,-529076.1232888117,403.2833978698137,704,54:28
73.4%,36750000,-528213.2497717957,402.0330958198417,704,54:26
73.4%,36755000,-527103.3011122295,403.5074738994108,703,54:25
73.4%,36760000,-530363.8356975787,402.70191394934733,703,54:24
73.5%,36765000,-529599.5514122681,403.8385833992434,703,54:23
73.5%,36770000,-528708.0532778832,397.81036415238236,703,54:21
73.5%,36775000,-528503.5412421874,401.1929456352992,703,54:20
73.5%,36780000,-528505.6884684088,400.9678883224545,703,54:19
73.5%,36785000,-528424.3727643075,399.73144689835533,703,54:18
73.5%,36790000,-528256.394002628,399.84076185214167,704,54:17
73.5%,36795000,-529109.8786010211,400.99771933318254,704,54:15
73.5%,36800000,-527156.987191184,405.13245442541034,704,54:14
73.5%,36805000,-528420.1970526222,401.38306926452816,703,54:13
73.5%,36810000,-528627.9515238404,400.69450280966385,703,54:12
73.6%,36815000,-527026.3367375992,398.3945220696985,703,54:10
73.6%,36820000,-528093.9270625678,398.52302111097606,703,54:09
73.6%,36825000,-528169.7545732246,397.0232277952933,704,54:08
73.6%,36830000,-527317.9596500434,397.36083829664153,704,54:07
73.6%,36835000,-527613.757459186,400.1323256370947,703,54:05
73.6%,36840000,-526992.1295694802,402.693769298392,703,54:04
73.6%,36845000,-527048.551052921,401.9343541930486,704,54:03
73.6%,36850000,-528915.3433685643,400.08902651379293,704,54:02
73.6%,36855000,-526985.9846201595,403.5643147315299,703,54:01
73.6%,36860000,-529034.8832194209,399.73186394373556,703,53:59
73.7%,36865000,-528996.2543169842,402.0507343862179,703,53:58
73.7%,36870000,-528599.4228451895,399.84333772066674,703,53:57
73.7%,36875000,-527966.883920378,398.9565520497805,703,53:56
73.7%,36880000,-527441.0667475588,396.82819774982613,703,53:54
73.7%,36885000,-528609.7360037728,401.40426498267703,703,53:53
73.7%,36890000,-528608.4221499725,403.6744147119144,703,53:52
73.7%,36895000,-528136.0362705402,401.16981188273627,703,53:51
73.7%,36900000,-529936.6064769989,403.4662600030102,703,53:50
73.7%,36905000,-527745.7162193493,400.3113607656254,703,53:48
73.7%,36910000,-526418.9884353443,400.98672896080905,703,53:47
73.8%,36915000,-527737.5364734163,402.9252785485899,703,53:46
73.8%,36920000,-528359.9739569756,403.739547387476,703,53:45
73.8%,36925000,-526173.2858721176,401.5518499831211,703,53:43
73.8%,36930000,-528289.7062757607,403.42472718955406,703,53:42
73.8%,36935000,-525920.0225213836,405.74170866178474,703,53:41
73.8%,36940000,-526762.5795416879,399.55557640829824,703,53:40
73.8%,36945000,-529065.8000173504,403.25280636456876,703,53:38
73.8%,36950000,-526341.5899046892,398.7207987495365,703,53:37
73.8%,36955000,-528363.2804812226,399.3840726286931,703,53:36
73.8%,36960000,-526434.5863749688,403.3211282106852,703,53:35
73.9%,36965000,-528232.8379783933,400.08613172821237,703,53:34
73.9%,36970000,-528042.3041070187,400.77484537556387,703,53:32
73.9%,36975000,-529889.48033445,400.98329446944234,703,53:31
73.9%,36980000,-528466.0998469274,403.1259264406497,703,53:30
73.9%,36985000,-529016.4313902529,397.2815996743951,704,53:29
73.9%,36990000,-527255.1160926884,403.96310824336814,704,53:27
73.9%,36995000,-527232.6297011157,400.0178589462583,704,53:26
73.9%,37000000,-528275.7530656564,400.9829019561433,704,53:25
73.9%,37005000,-527945.6145449583,397.22559293303647,703,53:24
73.9%,37010000,-528549.6332762181,399.77042837536754,703,53:23
74.0%,37015000,-528774.0002402612,399.80825684456386,703,53:21
74.0%,37020000,-529753.9058383121,405.43495951857454,703,53:20
74.0%,37025000,-528360.8501523067,400.0987166858633,703,53:19
74.0%,37030000,-528179.5603523594,401.4774687129505,704,53:18
74.0%,37035000,-528042.5984401074,398.209991754981,704,53:16
74.0%,37040000,-528428.0709973616,402.98535761542627,704,53:15
74.0%,37045000,-530457.1120907082,401.79552714558963,704,53:14
74.0%,37050000,-527207.856521571,401.7327740819035,704,53:13
74.0%,37055000,-526814.8101781462,402.8790355755452,703,53:11
74.0%,37060000,-527785.2438060143,400.8569787833908,703,53:10
74.1%,37065000,-527395.8775649983,399.9419076228915,703,53:09
74.1%,37070000,-529354.6352548925,400.27171692242104,703,53:08
74.1%,37075000,-528150.3583490723,401.3864546917325,703,53:07
74.1%,37080000,-526003.291147579,400.56543953051886,703,53:05
74.1%,37085000,-528445.5606362815,400.9014309145085,703,53:04
74.1%,37090000,-528166.2821380924,401.0830173794831,703,53:03
74.1%,37095000,-528720.2645870773,397.0852694286249,703,53:02
74.1%,37100000,-528095.4641247573,398.30483278086484,703,53:00
74.1%,37105000,-527845.8130038641,404.24233239148214,703,52:59
74.1%,37110000,-527914.3597065974,398.9079294648603,703,52:58
74.2%,37115000,-528448.8154821596,399.9185285495166,703,52:57
74.2%,37120000,-527818.3149837204,397.81377411166784,703,52:56
74.2%,37125000,-529240.1857035658,402.42521660559595,703,52:54
74.2%,37130000,-530060.9768782859,397.8775329906828,703,52:53
74.2%,37135000,-527260.2516496768,398.61074783331446,703,52:52
74.2%,37140000,-529199.2156996783,399.43428979889075,703,52:51
74.2%,37145000,-528700.9499698714,397.6863299498815,703,52:49
74.2%,37150000,-527771.7456531632,401.10811369854133,703,52:48
74.2%,37155000,-525644.4460738255,399.45278698810864,703,52:47
74.2%,37160000,-526561.7145589539,399.060494477786,703,52:46
74.3%,37165000,-527374.6732649435,396.5008171263345,703,52:44
74.3%,37170000,-527983.4898490207,400.4634106048462,703,52:43
74.3%,37175000,-528232.9331324641,399.1846022765305,703,52:42
74.3%,37180000,-528766.6247672993,399.9245389094084,703,52:41
74.3%,37185000,-528630.8460056945,395.4341867682382,703,52:40
74.3%,37190000,-527951.3332194835,402.6123718530008,703,52:38
74.3%,37195000,-528914.6387526975,397.6925365664228,703,52:37
74.3%,37200000,-528934.9513950604,398.20859342635316,703,52:36
74.3%,37205000,-528906.2361501437,401.7499465387371,703,52:35
74.3%,37210000,-527204.0066840742,395.086812498576,703,52:33
74.4%,37215000,-529771.82037233,397.94798912786297,703,52:32
74.4%,37220000,-528183.8987040166,403.8336524509241,703,52:31
74.4%,37225000,-529197.8067647936,400.18065383704067,703,52:30
74.4%,37230000,-528793.6648415853,401.2949254968095,703,52:29
74.4%,37235000,-528481.4653429487,398.75185636432417,703,52:27
74.4%,37240000,-529578.5645538955,399.1567338322977,703,52:26
74.4%,37245000,-529279.2084552939,403.0665588041679,703,52:25
74.4%,37250000,-529482.6787782004,399.405145686436,703,52:24
74.4%,37255000,-527456.9363299236,401.67377442663957,703,52:22
74.4%,37260000,-528125.5657148021,401.8542569479605,703,52:21
74.5%,37265000,-528429.9146297262,399.2553527986848,703,52:20
74.5%,37270000,-528453.6989347613,400.1853639966293,703,52:19
74.5%,37275000,-528619.344009982,401.3486752866986,703,52:17
74.5%,37280000,-529481.2309837751,401.60120853047704,703,52:16
74.5%,37285000,-529330.9404063052,398.4201826266241,703,52:15
74.5%,37290000,-529255.9548216751,398.41208703983114,703,52:14
74.5%,37295000,-528835.0597864292,401.37816284829,703,52:13
74.5%,37300000,-527465.1368328156,400.5643110547841,703,52:11
74.5%,37305000,-528085.4791295328,399.88150963899966,703,52:10
74.5%,37310000,-527374.9607065693,403.46890946777876,703,52:09
74.6%,37315000,-528354.0602780306,400.31440274369305,703,52:08
74.6%,37320000,-528399.3266073428,401.0041467384546,703,52:06
74.6%,37325000,-528562.2890505143,401.11174444655757,703,52:05
74.6%,37330000,-525980.4613491315,399.64418628555956,703,52:04
74.6%,37335000,-529960.2594670765,400.21176051599065,703,52:03
74.6%,37340000,-528214.4852647576,402.6004492615421,703,52:01
74.6%,37345000,-527726.408370533,399.88607260610115,703,52:00
74.6%,37350000,-528611.3917257581,401.3307913995105,703,51:59
74.6%,37355000,-527452.842492864,400.650173338952,703,51:58
74.6%,37360000,-528268.6117290412,398.6282637392847,703,51:57
74.7%,37365000,-527570.9627783843,405.3588119385582,703,51:55
74.7%,37370000,-528356.4985518809,401.1672360142112,703,51:54
74.7%,37375000,-528186.4421068178,398.3005396666564,703,51:53
74.7%,37380000,-528501.8799685524,399.01650845621083,703,51:52
74.7%,37385000,-526424.5175211411,396.5954373634875,703,51:50
74.7%,37390000,-529322.6015587961,403.0195553366063,703,51:49
74.7%,37395000,-528784.9231333057,403.19481252463356,703,51:48
74.7%,37400000,-529493.8488558577,398.1297227853246,703,51:47
74.7%,37405000,-528257.2577337935,399.44930343257954,703,51:46
74.7%,37410000,-527820.8731026468,396.976273391894,703,51:44
74.8%,37415000,-529078.3013704945,400.99438297014063,703,51:43
74.8%,37420000,-526564.9248886332,398.2865318482964,703,51:42
74.8%,37425000,-529769.6762496224,396.5290535517851,703,51:41
74.8%,37430000,-525803.4301089603,398.79991471137697,703,51:39
74.8%,37435000,-527153.9857034464,400.27353229642915,703,51:38
74.8%,37440000,-528636.7765435167,398.5686262499098,703,51:37
74.8%,37445000,-528739.6508038249,402.11029827934925,703,51:36
74.8%,37450000,-526948.4884356195,400.72764565135265,703,51:34
74.8%,37455000,-528626.8120624316,403.5742992885746,703,51:33
74.8%,37460000,-528160.4136111317,400.35031771055645,703,51:32
74.9%,37465000,-528482.1545863417,398.0173658534706,703,51:31
74.9%,37470000,-527939.4024078161,400.6102841749357,703,51:30
74.9%,37475000,-528731.2225286681,400.98923123309055,703,51:28
74.9%,37480000,-529728.7958231899,403.9396065095873,703,51:27
74.9%,37485000,-529686.0048422352,399.6245115564445,703,51:26
74.9%,37490000,-527558.0313699688,398.9107751862784,703,51:25
74.9%,37495000,-528656.4410119895,401.16559236477144,703,51:23
74.9%,37500000,-526890.2145111896,398.99791313866825,703,51:22
74.9%,37505000,-528493.5497113424,400.09621441358183,703,51:21
74.9%,37510000,-528104.3960308898,398.6866500925189,703,51:20
75.0%,37515000,-527646.9439374385,400.32657065596374,703,51:19
75.0%,37520000,-529422.0080400091,400.44353961908166,703,51:17
75.0%,37525000,-527950.9896689341,401.8804817427535,703,51:16
75.0%,37530000,-528163.0461555561,401.294091406049,703,51:15
75.0%,37535000,-528787.5193911158,401.00772842230845,703,51:14
75.0%,37540000,-529205.0185801978,400.81181522191844,703,51:12
75.0%,37545000,-528452.8357484797,402.349633263447,703,51:11
75.0%,37550000,-527792.3506143466,400.57728852573405,703,51:10
75.0%,37555000,-526866.5580529398,397.97090209169517,703,51:09
75.0%,37560000,-527174.8524757372,397.9978137847615,703,51:08
75.1%,37565000,-529867.4269505553,401.00115382454925,703,51:06
75.1%,37570000,-528276.3619040968,405.07514748374854,703,51:05
75.1%,37575000,-527298.9283615798,403.20136259031153,703,51:04
75.1%,37580000,-530641.5206578798,399.7334339969318,703,51:03
75.1%,37585000,-526643.6022835295,402.60481597199407,703,51:01
75.1%,37590000,-528318.8516999539,400.4864707611656,703,51:00
75.1%,37595000,-529551.9009046373,397.5526055753102,703,50:59
75.1%,37600000,-527940.5019771992,401.3776722066662,703,50:58
75.1%,37605000,-527846.1099478705,397.96952829514845,703,50:56
75.1%,37610000,-527621.308364084,400.9500044352664,703,50:55
75.2%,37615000,-528876.4203124195,396.8631804976043,703,50:54
75.2%,37620000,-527483.3120038318,402.2494687759448,703,50:53
75.2%,37625000,-529615.6124073933,400.13198218795804,703,50:52
75.2%,37630000,-526410.4381609559,400.25743925116797,703,50:50
75.2%,37635000,-528122.8066758611,403.6444610407804,703,50:49
75.2%,37640000,-529151.1822931902,400.51706226641056,703,50:48
75.2%,37645000,-529334.1075902139,403.4304431644715,703,50:47
75.2%,37650000,-528426.8192002373,400.7803160296694,703,50:45
75.2%,37655000,-528120.6468302603,400.5811155303998,703,50:44
75.2%,37660000,-529511.9721863214,401.4188370389044,703,50:43
75.3%,37665000,-529136.8728448283,399.30522651974576,703,50:42
75.3%,37670000,-528329.6459572706,401.4110113050045,703,50:40
75.3%,37675000,-528881.7892676806,400.80317992933925,703,50:39
75.3%,37680000,-526250.5564606651,399.8557018895869,703,50:38
75.3%,37685000,-529153.3590726783,402.93401196949384,703,50:37
75.3%,37690000,-527765.4403376002,398.0871841565397,703,50:36
75.3%,37695000,-527708.1771006933,399.7327961628208,703,50:34
75.3%,37700000,-528144.0831301222,402.15239533067273,703,50:33
75.3%,37705000,-528589.5952354586,400.947379502579,703,50:32
75.3%,37710000,-527712.8101552478,401.98793225836937,703,50:31
75.4%,37715000,-527976.0010826206,399.1456207995182,703,50:29
75.4%,37720000,-529941.4352507996,400.39987251456193,703,50:28
75.4%,37725000,-529116.5669088699,402.3231876799233,703,50:27
75.4%,37730000,-527512.7904896773,400.8430445612743,703,50:26
75.4%,37735000,-527227.9441320086,394.59420830826406,703,50:25
75.4%,37740000,-527979.7896811492,396.30448688056424,703,50:23
75.4%,37745000,-527334.2118873345,397.90113285278846,703,50:22
75.4%,37750000,-528256.6296356516,400.46618273002076,703,50:21
75.4%,37755000,-527768.0363464351,398.85866904582906,703,50:20
75.4%,37760000,-529450.566902223,401.3262529644902,703,50:18
75.5%,37765000,-527931.0237433896,399.6393779976461,703,50:17
75.5%,37770000,-528876.4088131622,397.65679332412776,703,50:16
75.5%,37775000,-527582.0394335724,400.49625906156075,703,50:15
75.5%,37780000,-527829.6465061442,401.75166378442043,703,50:13
75.5%,37785000,-530592.8400741206,397.50341875252263,703,50:12
75.5%,37790000,-527347.1123043373,401.8615920402366,703,50:11
75.5%,37795000,-529356.9745298782,402.4950594407463,703,50:10
75.5%,37800000,-529126.4318491304,398.57659917629684,703,50:09
75.5%,37805000,-528937.3996254168,398.4458922477121,703,50:07
75.5%,37810000,-526687.2524521039,402.0428841202368,703,50:06
75.6%,37815000,-528912.5665792744,401.0288750762949,703,50:05
75.6%,37820000,-527666.125211501,400.7630945086734,703,50:04
75.6%,37825000,-528831.469107822,402.6162724539102,703,50:02
75.6%,37830000,-527720.0189774944,403.247826352087,703,50:01
75.6%,37835000,-526499.4516569851,399.4440045030423,703,50:00
75.6%,37840000,-529178.9538937774,402.6862624815476,703,49:59
75.6%,37845000,-527720.8385618879,397.15521039209995,703,49:58
75.6%,37850000,-527697.3469627402,395.54276575958886,703,49:56
75.6%,37855000,-528325.595049127,402.49039834532005,703,49:55
75.6%,37860000,-527581.3236067831,401.1438324087552,703,49:54
75.7%,37865000,-528342.6693673399,397.5345254314726,703,49:53
75.7%,37870000,-529791.4638579027,398.88361817240013,703,49:51
75.7%,37875000,-529207.9268323723,397.69977353037405,703,49:50
75.7%,37880000,-528452.9231652305,399.9019448626316,703,49:49
75.7%,37885000,-526373.8000117848,402.82511406108773,703,49:48
75.7%,37890000,-529600.3626522748,399.6340300039465,703,49:46
75.7%,37895000,-526206.5442814291,399.62318682406016,703,49:45
75.7%,37900000,-528666.5652202507,401.4798973889884,703,49:44
75.7%,37905000,-527826.1150410674,400.7358638985516,703,49:43
75.7%,37910000,-529073.022276463,395.10702693347724,703,49:42
75.8%,37915000,-527341.8010336794,401.1512410972748,703,49:40
75.8%,37920000,-528698.3792055156,397.79638086610356,703,49:39
75.8%,37925000,-529515.3416617298,397.49402296542655,703,49:38
75.8%,37930000,-527310.703467078,400.4513408209003,703,49:37
75.8%,37935000,-528592.7420962136,399.8123782342039,703,49:35
75.8%,37940000,-528700.4937519091,401.52596863746476,703,49:34
75.8%,37945000,-526823.2631147527,398.7429512188519,703,49:33
75.8%,37950000,-527842.130910242,400.06451896468326,703,49:32
75.8%,37955000,-529927.0577428867,402.03925337222057,703,49:31
75.8%,37960000,-526969.136493267,399.2489989896564,703,49:29
75.9%,37965000,-528734.0343466527,404.82374271570495,703,49:28
75.9%,37970000,-529198.6192696192,401.6818209492701,703,49:27
75.9%,37975000,-528000.1094476925,400.0067459134788,703,49:26
75.9%,37980000,-528249.9781067334,400.52994160903575,703,49:24
75.9%,37985000,-528247.0259125591,401.18173447419497,703,49:23
75.9%,37990000,-527703.9539299603,401.7260522916572,703,49:22
75.9%,37995000,-528117.8560263827,402.37352751052686,703,49:21
75.9%,38000000,-526851.9989995072,401.0562774109851,703,49:19
75.9%,38005000,-529080.086044359,400.617643799293,703,49:18
75.9%,38010000,-526827.5821257662,399.01503653133943,703,49:17
76.0%,38015000,-528632.6962677944,398.78666738753395,703,49:16
76.0%,38020000,-528638.7813375755,399.76777891059896,703,49:15
76.0%,38025000,-528643.3873008466,397.67126725203036,703,49:13
76.0%,38030000,-528865.2709940122,404.7631239430824,703,49:12
76.0%,38035000,-529185.9697693712,398.1672323374654,703,49:11
76.0%,38040000,-527717.3926705364,400.2167159963912,703,49:10
76.0%,38045000,-527570.9468853148,401.1464328093614,703,49:08
76.0%,38050000,-528215.7985173971,399.90221471552474,703,49:07
76.0%,38055000,-528684.040730522,400.1286212928349,703,49:06
76.0%,38060000,-527407.6539230593,398.5286389575687,703,49:05
76.1%,38065000,-529081.631619039,401.46108128271504,703,49:03
76.1%,38070000,-528991.8598707728,400.8980700193854,703,49:02
76.1%,38075000,-528803.9371042405,401.92998748259663,703,49:01
76.1%,38080000,-527895.9651774606,399.17959773196753,703,49:00
76.1%,38085000,-528609.402587505,402.8376254224951,703,48:59
76.1%,38090000,-528051.6369774789,400.71739124141493,703,48:57
76.1%,38095000,-528613.4810546916,404.5748892841051,703,48:56
76.1%,38100000,-527820.8103885478,398.26430578273755,703,48:55
76.1%,38105000,-529265.8788583106,401.0602025439756,703,48:54
76.1%,38110000,-526984.139156945,399.4553873887149,703,48:52
76.2%,38115000,-528695.1261501396,399.0041197552095,703,48:51
76.2%,38120000,-528379.6978161014,398.67406513486804,703,48:50
76.2%,38125000,-527173.8535712445,399.9167867717521,703,48:49
76.2%,38130000,-530116.9828633806,398.54892698871356,703,48:48
76.2%,38135000,-528936.6247917609,399.05487663119334,703,48:46
76.2%,38140000,-528235.2487270879,400.00929724992267,703,48:45
76.2%,38145000,-528429.1872279271,399.75654321741354,703,48:44
76.2%,38150000,-528469.2217999538,398.1719670291352,703,48:43
76.2%,38155000,-529038.3514627474,403.5700552385286,703,48:41
76.2%,38160000,-528522.3025225811,401.14859163250617,703,48:40
76.3%,38165000,-528905.3642571168,397.691530751094,703,48:39
76.3%,38170000,-528138.2656191196,401.5196148284363,703,48:38
76.3%,38175000,-529077.8929833751,401.4782537395486,703,48:36
76.3%,38180000,-531058.6584704686,403.55165617763544,703,48:35
76.3%,38185000,-527982.9507492282,402.2080340908135,703,48:34
76.3%,38190000,-528024.4087209934,402.6486302690009,703,48:33
76.3%,38195000,-527884.3670021938,401.41844452560537,703,48:32
76.3%,38200000,-527202.3525771471,399.65478414463394,703,48:30
76.3%,38205000,-528447.3191140345,403.09511414667406,703,48:29
76.3%,38210000,-528154.1834064294,399.30446602522886,703,48:28
76.4%,38215000,-528345.3081774209,400.52596741188285,703,48:27
76.4%,38220000,-526649.0667200615,403.6058230129048,703,48:25
76.4%,38225000,-528278.0641739997,402.82398558535294,703,48:24
76.4%,38230000,-527898.1511899554,397.9149198824177,703,48:23
76.4%,38235000,-527268.5612337398,405.8064733561285,703,48:22
76.4%,38240000,-527682.0070563937,400.62627909187216,703,48:20
76.4%,38245000,-528103.0909580579,400.74211957925525,703,48:19
76.4%,38250000,-529330.2719088113,402.1590189925942,703,48:18
76.4%,38255000,-528803.0706807007,395.9192596096246,703,48:17
76.4%,38260000,-527277.0828349516,400.2306256864264,703,48:16
76.5%,38265000,-529013.422293514,398.6412166781535,703,48:14
76.5%,38270000,-528390.3544148109,397.3953794669582,703,48:13
76.5%,38275000,-527394.0559019339,402.8850214033557,703,48:12
76.5%,38280000,-529788.0251894151,399.04302763597815,703,48:11
76.5%,38285000,-528493.4507358163,400.66962727933634,703,48:09
76.5%,38290000,-527250.0259174709,399.455534581202,703,48:08
76.5%,38295000,-527319.4076363216,400.6018206069249,703,48:07
76.5%,38300000,-527529.9089177884,401.8938762590837,703,48:06
76.5%,38305000,-527611.3419104987,400.3290238640828,703,48:05
76.5%,38310000,-527009.6343264221,398.5822906191331,703,48:03
76.6%,38315000,-526705.1058881278,401.45347633754585,703,48:02
76.6%,38320000,-527575.547125007,402.81711660261954,703,48:01
76.6%,38325000,-529203.652610214,402.4408926054769,703,48:00
76.6%,38330000,-527742.5948296264,398.25194161381734,703,47:58
76.6%,38335000,-529047.6532579749,402.67200934237576,703,47:57
76.6%,38340000,-527957.8675583173,398.4662538751005,703,47:56
76.6%,38345000,-528283.9375456357,400.953561587039,703,47:55
76.6%,38350000,-529417.8750019595,399.93214385457753,703,47:53
76.6%,38355000,-528663.7860865621,402.97417098640324,703,47:52
76.6%,38360000,-529700.7974979808,399.5287873756379,703,47:51
76.7%,38365000,-528522.0908746147,400.7416044055502,703,47:50
76.7%,38370000,-526433.8728280244,397.2243908610581,703,47:49
76.7%,38375000,-526775.1750034373,399.19755521539923,703,47:47
76.7%,38380000,-528802.8163103089,402.5241544890386,703,47:46
76.7%,38385000,-528329.5239093471,399.0356434795397,703,47:45
76.7%,38390000,-527636.9314399096,399.9237048186479,703,47:44
76.7%,38395000,-529827.2849410656,400.1182442224912,703,47:42
76.7%,38400000,-527506.2293172325,398.5140423692602,703,47:41
76.7%,38405000,-529301.981508648,399.22071350004336,703,47:40
76.7%,38410000,-529601.848833852,398.1164263973192,703,47:39
76.8%,38415000,-527166.8156468607,396.8753974740373,703,47:38
76.8%,38420000,-527287.4092307999,400.4917206265404,703,47:36
76.8%,38425000,-528168.5326082907,402.95604177840323,703,47:35
76.8%,38430000,-528733.4969181698,403.1954748908257,703,47:34
76.8%,38435000,-529395.0519529535,397.1600677441757,703,47:33
76.8%,38440000,-529462.2953034067,400.5871749544539,703,47:31
76.8%,38445000,-529708.8780970699,400.1835486226212,703,47:30
76.8%,38450000,-528762.2822916298,397.2087393932583,703,47:29
76.8%,38455000,-528802.6534148813,400.97657267919607,703,47:28
76.8%,38460000,-526913.4553289767,401.52896155137006,703,47:26
76.9%,38465000,-528976.7347090077,400.5225574525973,703,47:25
76.9%,38470000,-527511.3126779054,400.15901654143033,703,47:24
76.9%,38475000,-529496.0504629784,395.9931747702526,703,47:23
76.9%,38480000,-527501.3255800623,398.3671197350083,703,47:22
76.9%,38485000,-528897.6667524478,401.55307658718067,703,47:20
76.9%,38490000,-529424.6025302461,400.52145350894375,703,47:19
76.9%,38495000,-527660.2906795372,399.18072620770226,703,47:18
76.9%,38500000,-527256.2919599833,400.54944461358247,703,47:17
76.9%,38505000,-528965.6000898299,399.59980775068533,703,47:15
76.9%,38510000,-527302.7012718776,399.6598868175217,703,47:14
77.0%,38515000,-528038.4679187243,402.2978951042155,703,47:13
77.0%,38520000,-528074.9688862236,399.8746406562662,703,47:12
77.0%,38525000,-527329.829973096,397.64425743063924,703,47:10
77.0%,38530000,-528086.3464674377,399.5194651847853,703,47:09
77.0%,38535000,-528155.8559094309,400.79793006396443,703,47:08
77.0%,38540000,-527924.5304677193,400.92098298321764,703,47:07
77.0%,38545000,-527358.2552429214,401.9179176986507,703,47:06
77.0%,38550000,-528276.3103737654,400.34612272467285,703,47:04
77.0%,38555000,-527781.4320174716,399.42325036235485,703,47:03
77.0%,38560000,-525998.3109977115,402.00076253683216,703,47:02
77.1%,38565000,-528117.4902835418,399.4617166656621,703,47:01
77.1%,38570000,-529284.4126282288,397.3078735333505,703,46:59
77.1%,38575000,-528634.5413013413,396.5558916486079,703,46:58
77.1%,38580000,-528231.7668651515,399.223117644,703,46:57
77.1%,38585000,-528147.2048895513,398.1996392167185,703,46:56
77.1%,38590000,-526533.637057906,401.3880738090911,703,46:55
77.1%,38595000,-527715.9335722281,405.6962507153381,703,46:53
77.1%,38600000,-527332.2030169871,402.6353829451578,703,46:52
77.1%,38605000,-528593.8141064984,398.33949661158744,703,46:51
77.1%,38610000,-528036.1405956368,401.8980467128861,703,46:50
77.2%,38615000,-529342.559893922,400.46468627306814,703,46:48
77.2%,38620000,-527351.6922368044,396.93564826544196,703,46:47
77.2%,38625000,-527223.5593904974,398.3761230088054,703,46:46
77.2%,38630000,-528757.1560606854,401.861003270288,703,46:45
77.2%,38635000,-525823.7810451332,402.1358116437877,703,46:43
77.2%,38640000,-528904.7651683209,399.3203628138405,703,46:42
77.2%,38645000,-527391.653616156,401.1442739862166,703,46:41
77.2%,38650000,-529262.8895847588,399.56887279630365,703,46:40
77.2%,38655000,-528411.4158031102,402.059884852502,703,46:39
77.2%,38660000,-528019.926747831,399.95010133800923,703,46:37
77.3%,38665000,-527435.9089848213,400.2629344373547,703,46:36
77.3%,38670000,-527710.6507528601,403.1181497709123,703,46:35
77.3%,38675000,-529351.211341829,399.00110230922303,703,46:34
77.3%,38680000,-528489.2225952167,401.8221689857629,703,46:32
77.3%,38685000,-529915.224079154,400.6274811638505,703,46:31
77.3%,38690000,-528455.4541865527,400.4679490398665,703,46:30
77.3%,38695000,-529500.5693639121,398.3192085804426,703,46:29
77.3%,38700000,-529015.3735920433,398.2293230349594,703,46:27
77.3%,38705000,-528225.8116571703,397.9980100414111,703,46:26
77.3%,38710000,-528546.4126537852,402.2467457149326,703,46:25
77.4%,38715000,-528897.1851265379,401.7303454058656,703,46:24
77.4%,38720000,-529152.6806016625,400.51090471403165,703,46:23
77.4%,38725000,-527565.4623852056,399.60844304326446,703,46:21
77.4%,38730000,-528096.7874370492,398.56742417793146,703,46:20
77.4%,38735000,-527437.9976829994,402.21684110796105,703,46:19
77.4%,38740000,-528146.2891718671,400.0946443603856,703,46:18
77.4%,38745000,-528068.3676409232,399.2522617564548,703,46:16
77.4%,38750000,-526727.3320346489,398.7915738037721,703,46:15
77.4%,38755000,-527110.845072675,401.7662849048102,703,46:14
77.4%,38760000,-527834.1417005658,402.33589529798013,703,46:13
77.5%,38765000,-528105.113805484,403.0552740468201,703,46:12
77.5%,38770000,-527710.0688416804,403.40696596277195,703,46:10
77.5%,38775000,-528579.7257328229,398.0321341663475,703,46:09
77.5%,38780000,-528230.6464511259,396.5890099582155,703,46:08
77.5%,38785000,-529415.4645612212,400.11986333984976,703,46:07
77.5%,38790000,-528714.1282188613,400.7771023270334,703,46:05
77.5%,38795000,-528488.479268977,400.5115670802238,703,46:04
77.5%,38800000,-529299.4163433048,397.5764752903089,703,46:03
77.5%,38805000,-528520.9271709444,401.2487315879272,703,46:02
77.5%,38810000,-526855.1076882826,401.4051726696811,703,46:00
77.6%,38815000,-526216.491069064,403.07342778690133,703,45:59
77.6%,38820000,-528089.1638092916,401.13021710369424,703,45:58
77.6%,38825000,-528472.401714039,401.749431365032,703,45:57
77.6%,38830000,-527095.2219350887,401.51078327920766,703,45:56
77.6%,38835000,-528919.7694991431,394.5536322459744,703,45:54
77.6%,38840000,-528694.5428182017,402.54243088952575,703,45:53
77.6%,38845000,-528143.3612230122,398.2289550537416,703,45:52
77.6%,38850000,-527415.1344920853,403.2321994163684,703,45:51
77.6%,38855000,-528576.3691228083,400.294728014578,703,45:49
77.6%,38860000,-527457.8903707564,401.2774095908392,703,45:48
77.7%,38865000,-527594.352166919,401.6005216322037,703,45:47
77.7%,38870000,-527289.5746859494,401.8988562715655,703,45:46
77.7%,38875000,-526976.7243337724,404.2231483039909,703,45:45
77.7%,38880000,-528766.3699291549,401.7499220066559,703,45:43
77.7%,38885000,-528598.6359431325,400.7804632221565,703,45:42
77.7%,38890000,-529078.3468088955,401.9200765217955,703,45:41
77.7%,38895000,-528346.2974786996,398.68088505343906,703,45:40
77.7%,38900000,-529063.8007128378,396.5905800114117,703,45:38
77.7%,38905000,-528163.3973609363,399.1169918607685,703,45:37
77.7%,38910000,-529164.4905833737,400.2311408601314,703,45:36
77.8%,38915000,-526518.0840230673,404.9374979761868,703,45:35
77.8%,38920000,-528425.4229755676,400.7492093507194,703,45:33
77.8%,38925000,-527227.400446333,401.0425639775994,703,45:32
77.8%,38930000,-528431.8044079337,399.62274524659875,703,45:31
77.8%,38935000,-528702.6796625438,399.41873645941575,703,45:30
77.8%,38940000,-527709.5776897967,399.736034397538,703,45:29
77.8%,38945000,-527979.226493346,399.2245405047091,703,45:27
77.8%,38950000,-527340.4492817796,400.2329071699771,703,45:26
77.8%,38955000,-528454.0812118696,402.9387466611637,703,45:25
77.8%,38960000,-529331.0078173978,400.7865717103731,703,45:24
77.9%,38965000,-529447.428493238,398.70652107828346,703,45:22
77.9%,38970000,-526733.533952741,400.3042464620801,703,45:21
77.9%,38975000,-527933.7610445833,399.56534017661215,703,45:20
77.9%,38980000,-527165.6514382944,399.39184929843066,703,45:19
77.9%,38985000,-527754.5749783725,398.3877512152898,703,45:17
77.9%,38990000,-528419.5779876485,404.5948338661133,703,45:16
77.9%,38995000,-528983.8801857512,399.3536283159353,703,45:15
77.9%,39000000,-529568.7693796419,402.07521740324637,703,45:14
77.9%,39005000,-528629.4571429258,401.58683273089923,703,45:13
77.9%,39010000,-528031.9438810362,402.77310604896314,703,45:11
78.0%,39015000,-527789.0981297786,398.5343058683238,703,45:10
78.0%,39020000,-528613.1174589936,398.431099402754,703,45:09
78.0%,39025000,-528523.5155389286,402.16215909898665,703,45:08
78.0%,39030000,-527979.7132201437,400.31182687516804,703,45:06
78.0%,39035000,-526846.7217238536,401.9080067378496,703,45:05
78.0%,39040000,-529401.3015424889,401.9767701614275,703,45:04
78.0%,39045000,-528431.251171065,395.1057512652554,703,45:03
78.0%,39050000,-528953.1062869802,399.9826063455871,703,45:02
78.0%,39055000,-527263.5018202728,400.55888946484095,703,45:00
78.0%,39060000,-528153.3085310487,399.0034819210985,703,44:59
78.1%,39065000,-526805.5695485896,402.93926183486866,703,44:58
78.1%,39070000,-529864.2853313978,396.16301036833676,703,44:57
78.1%,39075000,-525812.571130937,402.349633263447,703,44:55
78.1%,39080000,-528589.4016795885,398.022174141384,703,44:54
78.1%,39085000,-528624.2311857208,403.45009336150537,703,44:53
78.1%,39090000,-528859.6789055839,402.6256191768439,703,44:52
78.1%,39095000,-527728.02039898,407.58767417515134,703,44:50
78.1%,39100000,-527537.4025083128,401.2734353936863,703,44:49
78.1%,39105000,-528376.1567086098,396.51124326084056,703,44:48
78.1%,39110000,-529145.0946278255,399.23229264236545,703,44:47
78.2%,39115000,-526699.5786348023,401.0179337680838,703,44:46
78.2%,39120000,-529328.9184920206,399.50177755424676,703,44:44
78.2%,39125000,-528230.7437566142,402.63405821277354,703,44:43
78.2%,39130000,-529394.5120460368,401.6278503706503,703,44:42
78.2%,39135000,-528954.2690566652,400.5052132711954,703,44:41
78.2%,39140000,-528898.7053437904,399.0713131255912,703,44:39
78.2%,39145000,-528507.7966619427,402.20491851650223,703,44:38
78.2%,39150000,-528337.4831161033,399.3456308574671,703,44:37
78.2%,39155000,-525769.6807435979,402.09896445783903,703,44:36
78.2%,39160000,-528757.6013527089,400.54210952130643,703,44:35
78.3%,39165000,-526594.931930563,396.8702457369873,703,44:33
78.3%,39170000,-527939.0456080744,400.88366968772635,703,44:32
78.3%,39175000,-526229.2068606284,402.0183275069648,703,44:31
78.3%,39180000,-528070.1759092314,399.889016455844,703,44:30
78.3%,39185000,-528002.7246626168,403.1680725561356,703,44:28
78.3%,39190000,-528461.3819196136,398.0283071616817,703,44:27
78.3%,39195000,-529985.4125932567,399.51014299393285,703,44:26
78.3%,39200000,-528926.2895097486,399.63255807907507,703,44:25
78.3%,39205000,-529339.9958706824,400.9563091801324,703,44:23
78.3%,39210000,-524745.2480503339,399.1564639794046,703,44:22
78.4%,39215000,-527382.7412076294,399.13669112196476,703,44:21
78.4%,39220000,-528749.6220190064,400.8982662760349,703,44:20
78.4%,39225000,-527804.9701093826,397.8045745812213,703,44:19
78.4%,39230000,-530219.3945989846,398.5475286600857,703,44:17
78.4%,39235000,-528142.931317945,398.75369627041346,703,44:16
78.4%,39240000,-527316.3903205693,399.7939791733108,703,44:15
78.4%,39245000,-528055.6000364977,399.17226263969144,703,44:14
78.4%,39250000,-526951.489671072,404.37760228716843,703,44:12
78.4%,39255000,-527777.2584334351,401.83701089488335,703,44:11
78.4%,39260000,-529032.7770008072,396.3213404203423,703,44:10
78.5%,39265000,-527800.1604966721,400.0315233154816,703,44:09
78.5%,39270000,-526597.6528560617,401.88107051270214,703,44:08
78.5%,39275000,-527696.1846968788,403.1801423400815,703,44:06
78.5%,39280000,-527643.6771467249,398.818166579783,703,44:05
78.5%,39285000,-527762.3878263175,397.7243301436461,703,44:04
78.5%,39290000,-528057.3232247932,398.50754136774464,703,44:03
78.5%,39295000,-529991.7981827278,404.90970312819763,703,44:01
78.5%,39300000,-529589.0251050638,401.1469234509852,703,44:00
78.5%,39305000,-530241.5222754539,396.82015122719554,703,43:59
78.5%,39310000,-527884.6342960428,401.4469998681115,703,43:58
78.6%,39315000,-529999.5928498525,397.32031129851424,703,43:57
78.6%,39320000,-528068.5313777621,398.71675095614006,703,43:55
78.6%,39325000,-528031.030124302,398.20282838727326,703,43:54
78.6%,39330000,-527931.334686398,400.4638521823076,703,43:53
78.6%,39335000,-527710.4817788671,400.89353158436506,703,43:52
78.6%,39340000,-530087.1391805983,396.9385675831037,703,43:50
78.6%,39345000,-527946.4014929188,399.60272706834706,703,43:49
78.6%,39350000,-528924.547195225,401.7796058248968,703,43:48
78.6%,39355000,-527986.5494689364,399.57476049578946,703,43:47
78.6%,39360000,-526988.4136218033,398.99273686953694,703,43:45
78.7%,39365000,-527455.4492235398,403.5638486219873,703,43:44
78.7%,39370000,-528749.6832834589,400.20636345812864,703,43:43
78.7%,39375000,-528216.0495719472,404.3533155267895,703,43:42
78.7%,39380000,-528381.9359933175,400.8735624702758,703,43:41
78.7%,39385000,-529066.6252403348,401.37283938667156,703,43:39
78.7%,39390000,-527214.1726823812,402.2683094142994,703,43:38
78.7%,39395000,-528376.6975356392,397.35325788355357,703,43:37
78.7%,39400000,-526406.8692538976,402.8588456727251,703,43:36
78.7%,39405000,-528094.7356448974,396.96687760479796,703,43:34
78.7%,39410000,-527191.9993000063,399.8476063027939,703,43:33
78.8%,39415000,-528287.7791000437,404.1470007239746,703,43:32
78.8%,39420000,-528993.1279564574,403.68400675566,703,43:31
78.8%,39425000,-528478.6374118389,399.715206660607,703,43:30
78.8%,39430000,-528749.2312118965,404.5765574656261,703,43:28
78.8%,39435000,-528778.595462624,403.22896118165124,703,43:27
78.8%,39440000,-527544.8004855672,403.6198798954271,703,43:26
78.8%,39445000,-527179.4486981584,402.0337581860338,703,43:25
78.8%,39450000,-529222.4663204309,397.24163691413526,703,43:23
78.8%,39455000,-525813.216708988,399.2928868829068,703,43:22
78.8%,39460000,-528726.5490108556,401.66430504329986,703,43:21
78.9%,39465000,-529304.1190335592,399.2451965170718,703,43:20
78.9%,39470000,-529872.7955333679,402.44923351308177,703,43:18
78.9%,39475000,-527528.0845454969,401.730394470028,703,43:17
78.9%,39480000,-527880.3886577655,399.54102888415207,703,43:16
78.9%,39485000,-527610.9280815735,401.2323196256105,703,43:15
78.9%,39490000,-529965.146430912,399.32566174337774,703,43:14
78.9%,39495000,-527638.8423051676,402.1337509489677,703,43:12
78.9%,39500000,-526258.9806850264,400.0249732498036,703,43:11
78.9%,39505000,-527269.6956908838,397.34388662853866,703,43:10
78.9%,39510000,-529032.947560865,398.3379510904724,703,43:09
79.0%,39515000,-528282.5408826726,400.40384671171483,703,43:07
79.0%,39520000,-528301.1928518265,400.58911298886807,703,43:06
79.0%,39525000,-529423.2160934005,403.6381562959143,703,43:05
79.0%,39530000,-528840.4279265539,398.7329911938884,703,43:04
79.0%,39535000,-527689.3348115366,398.838994316714,703,43:02
79.0%,39540000,-528304.0376983508,396.22502746958713,703,43:01
79.0%,39545000,-527803.2958194423,397.9394028994461,703,43:00
79.0%,39550000,-527845.4074860886,401.9502755137414,703,42:59
79.0%,39555000,-528063.0952374856,397.6344445981629,703,42:58
79.0%,39560000,-528713.216300041,400.55663251337137,703,42:56
79.1%,39565000,-527145.8172102924,403.330106952401,703,42:55
79.1%,39570000,-527213.7485973998,401.1637279266009,703,42:54
79.1%,39575000,-527236.0736884708,400.6266225410088,703,42:53
79.1%,39580000,-528537.2831672747,401.38586592178393,703,42:51
79.1%,39585000,-525814.7085643206,401.03873697293363,703,42:50
79.1%,39590000,-528210.2615852137,402.396293281872,703,42:49
79.1%,39595000,-529323.4809375657,405.1676824940004,703,42:48
79.1%,39600000,-527307.4388996107,398.77364085242164,703,42:46
79.1%,39605000,-528558.4205313483,402.1724625730868,703,42:45
79.1%,39610000,-527885.4616398611,400.96909039443284,703,42:44
79.2%,39615000,-527257.0227461769,399.68917812246355,703,42:43
79.2%,39620000,-527966.4686295823,403.79884142771425,703,42:42
79.2%,39625000,-528593.7404081239,401.13980914743985,703,42:40
79.2%,39630000,-528029.3991939551,400.8924276407115,703,42:39
79.2%,39635000,-529321.554439316,400.1544045101665,703,42:38
79.2%,39640000,-527979.1493007271,401.73907882676957,703,42:37
79.2%,39645000,-527867.4601410236,402.19397720829113,703,42:35
79.2%,39650000,-526680.6269953246,402.28344570839414,703,42:34
79.2%,39655000,-527597.0106058838,401.78613135849355,703,42:33
79.2%,39660000,-528108.6563019939,403.07725479156716,703,42:32
79.3%,39665000,-528999.4202935938,400.23266184916525,703,42:31
79.3%,39670000,-528264.416121759,399.2931322037187,703,42:29
79.3%,39675000,-527396.0164157255,402.0043687527672,703,42:28
79.3%,39680000,-527925.539159284,398.19296649063455,703,42:27
79.3%,39685000,-529244.6567354267,399.7310543850562,703,42:26
79.3%,39690000,-528447.0034450749,400.66673249375583,703,42:24
79.3%,39695000,-528339.5671980642,397.98248123401726,703,42:23
79.3%,39700000,-529287.497451684,399.9565287432812,703,42:22
79.3%,39705000,-526670.3453833885,398.79059252052446,703,42:21
79.3%,39710000,-527191.5632782714,397.0118449096207,703,42:19
79.4%,39715000,-529770.3234781171,402.69021214661933,703,42:18
79.4%,39720000,-528248.1393823363,397.75477445640394,703,42:17
79.4%,39725000,-528363.5987095255,397.1431160760729,703,42:16
79.4%,39730000,-529115.2064365209,396.27558808892144,703,42:15
79.4%,39735000,-526498.0429643304,401.47952940777054,703,42:13
79.4%,39740000,-526584.2239916022,397.1118376725546,703,42:12
79.4%,39745000,-529313.0898653767,399.75600351162734,703,42:11
79.4%,39750000,-528612.4882689938,402.00711634586054,703,42:10
79.4%,39755000,-526356.7792947711,404.7970272792881,703,42:08
79.4%,39760000,-528151.1825094586,401.5878630783092,703,42:07
79.5%,39765000,-526202.7360476148,399.7636575209589,703,42:06
79.5%,39770000,-527874.2050258568,398.43632473604765,703,42:05
79.5%,39775000,-526446.5299134627,403.32551945321836,703,42:03
79.5%,39780000,-528586.4385264637,398.79321745321187,703,42:02
79.5%,39785000,-526742.6404963969,398.594360403079,703,42:01
79.5%,39790000,-529175.8940244736,400.0280397599525,703,42:00
79.5%,39795000,-528096.1332544647,402.1205772213682,703,41:59
79.5%,39800000,-529771.2705358551,401.5004307409451,703,41:57
79.5%,39805000,-527341.4032916944,397.75470086016037,703,41:56
79.5%,39810000,-527664.6883780533,396.474273414486,703,41:55
79.6%,39815000,-527380.954432467,396.35838386294046,703,41:54
79.6%,39820000,-527599.3282294595,398.95417243790496,703,41:52
79.6%,39825000,-526615.7714921655,399.1238608435019,703,41:51
79.6%,39830000,-528350.4800202632,398.92078427540423,703,41:50
79.6%,39835000,-527356.3587095467,398.1381618212543,703,41:49
79.6%,39840000,-527654.1077564252,398.6492386687029,703,41:48
79.6%,39845000,-529105.1827750942,401.3505887890315,703,41:46
79.6%,39850000,-528342.7364748055,399.4146641339381,703,41:45
79.6%,39855000,-527927.7229794012,403.5533243591564,703,41:44
79.6%,39860000,-526515.6384427412,395.51504450784324,703,41:43
79.7%,39865000,-528105.0678977235,403.3446790086284,703,41:41
79.7%,39870000,-528852.2192187733,398.3180555726267,703,41:40
79.7%,39875000,-527239.1015595724,399.0679767625492,703,41:39
79.7%,39880000,-527776.2919751764,400.3293182490571,703,41:38
79.7%,39885000,-526256.4027914018,397.0480297293772,703,41:36
79.7%,39890000,-527236.0299353823,399.04265965476026,703,41:35
79.7%,39895000,-528926.6209396431,399.45685931358634,703,41:34
79.7%,39900000,-528158.0052136518,401.75782133679934,703,41:33
79.7%,39905000,-528399.7770184139,398.28115932251563,703,41:32
79.7%,39910000,-527213.5897351056,401.6975950774758,703,41:30
79.8%,39915000,-528014.9177899803,402.1755290832357,703,41:29
79.8%,39920000,-528473.4790214337,401.1308794698864,703,41:28
79.8%,39925000,-528439.3391478527,397.51492429860116,703,41:27
79.8%,39930000,-528183.376336623,400.75867873405906,703,41:25
79.8%,39935000,-528740.025196536,400.7969487807168,703,41:24
79.8%,39940000,-527085.7170401202,397.50444909993263,703,41:23
79.8%,39945000,-528203.1470342427,404.0647201236605,703,41:22
79.8%,39950000,-527409.6699474221,399.0543859895695,703,41:20
79.8%,39955000,-527818.9894449976,398.34616933767137,703,41:19
79.8%,39960000,-528389.4580520066,401.92591515711894,703,41:18
79.9%,39965000,-527829.5812205104,401.696074088442,703,41:17
79.9%,39970000,-527572.1147730071,398.646417479366,703,41:16
79.9%,39975000,-528100.601196208,400.1713561782693,703,41:14
79.9%,39980000,-526135.4660399999,400.87680070499295,703,41:13
79.9%,39985000,-527810.5392860202,399.2326360915021,703,41:12
79.9%,39990000,-527328.538900069,400.43976167857824,703,41:11
79.9%,39995000,-527911.3189669088,397.7869114827639,703,41:09
79.9%,40000000,-526324.3300494389,401.7559568986289,703,41:08
79.9%,40005000,-528073.3351854784,403.3592265327746,703,41:07
79.9%,40010000,-528713.0982196024,404.2610503694308,703,41:06
80.0%,40015000,-528870.2649957091,400.92858792838683,703,41:04
80.0%,40020000,-529526.9963914007,402.5985357592092,703,41:03
80.0%,40025000,-527572.4158332916,401.39003637558636,703,41:02
80.0%,40030000,-530380.9622269254,404.5236662985787,703,41:01
80.0%,40035000,-528036.9968535881,398.5265046665051,703,41:00
80.0%,40040000,-528032.5723099927,399.3168792583114,703,40:58
80.0%,40045000,-526653.4738922236,398.3758776879934,703,40:57
80.0%,40050000,-528377.9575901194,395.10638909936637,703,40:56
80.0%,40055000,-529300.9945777552,400.71020334162597,703,40:55
80.0%,40060000,-529748.9598300094,399.74709836615506,703,40:53
80.0%,40065000,-529534.9244326116,398.89654657918766,703,40:52
80.1%,40070000,-527458.4352710126,401.36329640708834,703,40:51
80.1%,40075000,-527586.420076462,401.3741395869747,703,40:50
80.1%,40080000,-527639.6724446095,400.79420118762346,703,40:48
80.1%,40085000,-526600.2685300866,402.67335860684125,703,40:47
80.1%,40090000,-528579.8956384659,401.8799175048861,703,40:46
80.1%,40095000,-528221.3050378026,402.83232649295786,703,40:45
80.1%,40100000,-529003.3343549008,400.32114906602055,703,40:44
80.1%,40105000,-530230.120736998,398.5770898179207,703,40:42
80.1%,40110000,-528709.8756195707,402.91318423256286,703,40:41
80.1%,40115000,-526224.0307918722,400.34104458386633,703,40:40
80.2%,40120000,-528652.7159697684,398.0095401195707,703,40:39
80.2%,40125000,-527946.9083724949,397.1139228994558,703,40:37
80.2%,40130000,-528787.5735403188,401.4648592232184,703,40:36
80.2%,40135000,-528906.2683462896,400.84066494939884,703,40:35
80.2%,40140000,-527287.8467327636,398.8841333461051,703,40:34
80.2%,40145000,-528500.4569808957,398.8636490583108,703,40:33
80.2%,40150000,-528249.8578732596,395.56366709276347,703,40:31
80.2%,40155000,-528958.3141059666,402.05012108418816,703,40:30
80.2%,40160000,-528102.8806541394,399.27883000038446,703,40:29
80.2%,40165000,-527676.6540268948,399.7576716931483,703,40:28
80.3%,40170000,-528928.9296804504,399.061647485602,703,40:26
80.3%,40175000,-529003.6695803362,402.91602995398097,703,40:25
80.3%,40180000,-527239.0138358776,398.12800553964126,703,40:24
80.3%,40185000,-529163.9211199805,401.3414383227473,703,40:23
80.3%,40190000,-529486.4297426352,398.13875059120284,703,40:21
80.3%,40195000,-528518.952559113,403.06130893879305,703,40:20
80.3%,40200000,-528864.0825262992,404.0312338328351,703,40:19
80.3%,40205000,-528829.253146709,399.88742187056664,703,40:18
80.3%,40210000,-528746.4237359106,401.80413790608765,703,40:17
80.3%,40215000,-528837.7057046955,402.50450429200475,703,40:15
80.4%,40220000,-528839.5350214699,400.4032334096851,703,40:14
80.4%,40225000,-526528.8009142233,399.89134700355714,703,40:13
80.4%,40230000,-527315.633780743,396.1493950632758,703,40:12
80.4%,40235000,-529150.1721073557,400.19792442219904,703,40:10
80.4%,40240000,-528750.7748830486,398.78875261443517,703,40:09
80.4%,40245000,-529650.4457413768,401.7158469458818,703,40:08
80.4%,40250000,-530597.9907242102,399.04045176745313,703,40:07
80.4%,40255000,-527809.4045980824,395.07749030772356,703,40:06
80.4%,40260000,-528199.5965489582,399.6372682386637,703,40:04
80.4%,40265000,-527881.3349395548,401.08780113531526,703,40:03
80.5%,40270000,-527409.7981157615,398.996343085472,703,40:02
80.5%,40275000,-527245.8054511119,396.8754220061185,703,40:01
80.5%,40280000,-527101.6188313751,397.5343046427419,703,39:59
80.5%,40285000,-528070.1258448856,399.69486956529977,703,39:58
80.5%,40290000,-527571.9574210686,397.049158205112,703,39:57
80.5%,40295000,-526927.1387895248,402.15808677350896,703,39:56
80.5%,40300000,-528024.6946508689,399.67583267029573,703,39:54
80.5%,40305000,-529335.3196667703,399.536392320807,703,39:53
80.5%,40310000,-528514.8000909598,400.02467886482935,703,39:52
80.5%,40315000,-529740.5915755141,401.16694162923693,703,39:51
80.6%,40320000,-527311.7651791302,400.4159655598231,703,39:50
80.6%,40325000,-528800.5877022617,402.54677306789654,703,39:48
80.6%,40330000,-528177.3499144353,399.46083351073923,703,39:47
80.6%,40335000,-529060.4126264164,398.5777276520316,703,39:46
80.6%,40340000,-527531.3692893051,401.44611671318864,703,39:45
80.6%,40345000,-526300.7347768126,400.4669677566189,703,39:43
80.6%,40350000,-526740.515800349,399.94970882471017,703,39:42
80.6%,40355000,-529064.9926876458,400.23798531078364,703,39:41
80.6%,40360000,-526275.3454072932,396.6180804744267,703,39:40
80.6%,40365000,-528536.2502645319,403.47614643173006,703,39:38
80.7%,40370000,-528702.1698449436,398.15567772722454,703,39:37
80.7%,40375000,-528573.0634768652,400.05504958134355,703,39:36
80.7%,40380000,-529223.4685603301,394.7558747233117,703,39:35
80.7%,40385000,-528824.583568769,396.89090174934995,703,39:34
80.7%,40390000,-528453.9370925333,396.213178474372,703,39:32
80.7%,40395000,-529091.7390289162,400.57679788411025,703,39:31
80.7%,40400000,-527278.6091025099,402.6708318024786,703,39:30
80.7%,40405000,-527173.7083850503,403.10119810280935,703,39:29
80.7%,40410000,-528468.2616378563,398.37273758160103,703,39:27
80.7%,40415000,-528510.6515967082,403.96359888499194,703,39:26
80.8%,40420000,-528288.5499713644,402.3850085245242,703,39:25
80.8%,40425000,-528758.2853973908,400.9302561099078,703,39:24
80.8%,40430000,-527908.5412743879,400.78289189819446,703,39:23
80.8%,40435000,-527440.4647507519,403.0191628233072,703,39:21
80.8%,40440000,-528462.9047403503,398.92426783093333,703,39:20
80.8%,40445000,-527698.9833918419,400.75443468401306,703,39:19
80.8%,40450000,-527772.2751043234,401.7666283539468,703,39:18
80.8%,40455000,-527758.7343552397,400.84591481477366,703,39:16
80.8%,40460000,-528413.5065152496,401.9442651538497,703,39:15
80.8%,40465000,-528885.156092085,400.88232042326086,703,39:14
80.9%,40470000,-528810.8077856638,400.4410618788813,703,39:13
80.9%,40475000,-526681.7000414468,398.95780318592125,703,39:11
80.9%,40480000,-529512.4938762174,398.9195822034259,703,39:10
80.9%,40485000,-527908.5267973086,401.258740677053,703,39:09
80.9%,40490000,-527085.9312355756,403.0238729828959,703,39:08
80.9%,40495000,-529464.4133557063,400.45450545937393,703,39:07
80.9%,40500000,-527019.7580084107,397.6090538941304,703,39:05
80.9%,40505000,-530624.8722278401,399.1424561610446,703,39:04
80.9%,40510000,-528674.0887637469,398.01513343408226,703,39:03
80.9%,40515000,-528357.2546741464,400.6661927879697,703,39:02
81.0%,40520000,-530519.0080607999,398.78350274906035,703,39:00
81.0%,40525000,-528406.244237653,400.96528792184824,703,38:59
81.0%,40530000,-529385.7768721832,397.63888490485846,703,38:58
81.0%,40535000,-528634.9246506314,401.2590350620273,703,38:57
81.0%,40540000,-527585.2508653197,401.2804515689069,703,38:55
81.0%,40545000,-526713.0249308846,400.0205329431081,703,38:54
81.0%,40550000,-527858.2621552646,402.1795523445509,703,38:53
81.0%,40555000,-527884.0363347954,403.38680059203307,703,38:52
81.0%,40560000,-528267.9938670429,398.6087852668192,703,38:51
81.0%,40565000,-528761.7540266593,400.5729463473633,703,38:49
81.1%,40570000,-526046.0502085565,400.953561587039,703,38:48
81.1%,40575000,-526229.7929192111,397.4172620833805,703,38:47
81.1%,40580000,-527859.7577923699,399.2360705828688,703,38:46
81.1%,40585000,-527478.4232956381,402.9132823608876,703,38:44
81.1%,40590000,-527646.6008128705,400.7356676419021,703,38:43
81.1%,40595000,-528454.1810552198,396.4411305727972,703,38:42
81.1%,40600000,-528248.7714077411,399.8759408565693,703,38:41
81.1%,40605000,-528000.194861454,395.9674406170834,703,38:40
81.1%,40610000,-529675.7335220566,400.72124277816187,703,38:38
81.1%,40615000,-528502.6457242919,399.8318321745882,703,38:37
81.2%,40620000,-528038.0010224828,402.56360207559345,703,38:36
81.2%,40625000,-527675.41033528,400.9957077025249,703,38:35
81.2%,40630000,-529758.2633544598,398.2076121431055,703,38:33
81.2%,40635000,-531172.0479331473,402.7985703492393,703,38:32
81.2%,40640000,-527352.0335121616,399.8556528254245,703,38:31
81.2%,40645000,-527260.6879436299,397.35828696019763,703,38:30
81.2%,40650000,-526814.779623399,398.89397071066264,703,38:28
81.2%,40655000,-528192.6685296595,401.9098711760201,703,38:27
81.2%,40660000,-526532.1204317729,401.0797300806035,703,38:26
81.2%,40665000,-527939.6118887276,402.2632312734929,703,38:25
81.3%,40670000,-527400.6559462384,398.2249317924262,703,38:24
81.3%,40675000,-527461.2212306797,401.5061221837814,703,38:22
81.3%,40680000,-528095.2150886236,400.0594653559579,703,38:21
81.3%,40685000,-528511.9439976537,400.7833089435747,703,38:20
81.3%,40690000,-529156.4101129919,402.6848641529198,703,38:19
81.3%,40695000,-528197.7097815387,398.1787869477063,703,38:17
81.3%,40700000,-528106.5836927653,399.8430923998548,703,38:16
81.3%,40705000,-529175.6013153223,400.7270568814041,703,38:15
81.3%,40710000,-529388.8902481841,401.9361450349755,703,38:14
81.3%,40715000,-529589.5345085436,400.3138139737445,703,38:12
81.4%,40720000,-528675.0955902748,397.4075228471477,703,38:11
81.4%,40725000,-527967.8438353874,400.1944899308323,703,38:10
81.4%,40730000,-527922.9662279291,399.3506844661924,703,38:09
81.4%,40735000,-527516.4528542501,397.35730567695003,703,38:08
81.4%,40740000,-529197.484736281,397.53329882741303,703,38:06
81.4%,40745000,-528254.2872467204,396.5549594295226,703,38:05
81.4%,40750000,-529525.7306996956,400.27085829957934,703,38:04
81.4%,40755000,-527677.4535159594,404.09700434250766,703,38:03
81.4%,40760000,-527428.4460132886,403.94232957059944,703,38:01
81.4%,40765000,-528523.3689635172,398.6247311195932,703,38:00
81.5%,40770000,-527530.0829338259,404.90047906566986,703,37:59
81.5%,40775000,-529072.5781313851,400.0671684294519,703,37:58
81.5%,40780000,-526250.7576763723,398.26744588912993,703,37:57
81.5%,40785000,-527278.4286189107,400.01251095255867,703,37:55
81.5%,40790000,-528512.9605530095,401.1062001962084,703,37:54
81.5%,40795000,-528657.728314904,404.6668355244083,703,37:53
81.5%,40800000,-529080.4732085061,399.674458873749,703,37:52
81.5%,40805000,-528471.3859652891,399.60400273656893,703,37:50
81.5%,40810000,-528998.9779234263,399.6159253280277,703,37:49
81.5%,40815000,-526604.6554535767,399.7362306541875,703,37:48
81.6%,40820000,-526942.7623630771,398.60613580205063,703,37:47
81.6%,40825000,-528387.0382099077,401.0572586942327,703,37:45
81.6%,40830000,-529110.5441637118,404.1924832025024,703,37:44
81.6%,40835000,-526676.6237041936,398.5067318090654,703,37:43
81.6%,40840000,-527555.7701714295,398.4260212619475,703,37:42
81.6%,40845000,-529267.7551474883,401.6032937573783,703,37:41
81.6%,40850000,-529383.0875018956,397.8864626682363,703,37:39
81.6%,40855000,-527943.1578879906,397.9539258915111,703,37:38
81.6%,40860000,-527914.076889399,398.2793684805887,703,37:37
81.6%,40865000,-528491.9706414095,404.86682105027603,703,37:36
81.7%,40870000,-528501.7530617034,397.61543223524,703,37:34
81.7%,40875000,-527033.97216429,400.3979590122291,703,37:33
81.7%,40880000,-528027.5789146796,398.4829356903102,703,37:32
81.7%,40885000,-527664.2471513026,399.92360669032314,703,37:31
81.7%,40890000,-529021.8716345578,404.3222579120019,703,37:29
81.7%,40895000,-528147.9182640058,398.7410131844378,703,37:28
81.7%,40900000,-527376.471845095,401.4098092330262,703,37:27
81.7%,40905000,-528427.3758996227,402.8675545615479,703,37:26
81.7%,40910000,-530484.8335980368,400.38113000453217,703,37:25
81.7%,40915000,-528263.2438903488,402.00682196088627,703,37:23
81.8%,40920000,-527674.8482945417,400.37700861489213,703,37:22
81.8%,40925000,-528692.224213792,397.2294444697834,704,37:21
81.8%,40930000,-528098.1385514359,399.3279186948473,704,37:20
81.8%,40935000,-527768.4532147096,400.4916960944592,703,37:18
81.8%,40940000,-527652.2630546405,398.0960157057684,704,37:17
81.8%,40945000,-528382.8650477151,399.557735231443,704,37:16
81.8%,40950000,-529041.3472143589,403.2502059639625,704,37:15
81.8%,40955000,-528779.796284691,402.2032993991437,703,37:14
81.8%,40960000,-528172.2491093748,401.8981939053733,703,37:12
81.8%,40965000,-529393.7696217797,399.76505584958676,703,37:11
81.9%,40970000,-527500.1821231167,397.9661674000253,704,37:10
81.9%,40975000,-527171.0300201983,401.5119362870236,704,37:09
81.9%,40980000,-528952.4047681885,401.0465627068335,704,37:07
81.9%,40985000,-527106.6291826661,397.2947488699134,704,37:06
81.9%,40990000,-529154.3023610329,400.11014863569824,704,37:05
81.9%,40995000,-528086.6530060424,401.6698002294866,704,37:04
81.9%,41000000,-527007.0085550984,399.19794772869824,704,37:02
81.9%,41005000,-529253.7199632544,397.5371994283224,703,37:01
81.9%,41010000,-529659.0357998237,402.0327769027862,703,37:00
81.9%,41015000,-528069.3478214676,401.2330555880462,703,36:59
82.0%,41020000,-528157.6634440916,400.92022248870074,703,36:58
82.0%,41025000,-528606.4735948313,403.5488840524609,703,36:56
82.0%,41030000,-527336.5230333018,397.2227962757807,704,36:55
82.0%,41035000,-529292.8580081831,399.8655637862256,704,36:54
82.0%,41040000,-526875.0338638392,400.4054167649111,704,36:53
82.0%,41045000,-529288.1629195865,395.5932282505984,704,36:51
82.0%,41050000,-528263.8258027863,401.3765437309314,704,36:50
82.0%,41055000,-528605.1620672639,400.98005623472517,704,36:49
82.0%,41060000,-527604.5388390035,397.9677619853028,704,36:48
82.0%,41065000,-529124.3848383073,398.5240023942237,704,36:46
82.1%,41070000,-528263.2228254979,399.13911979800264,704,36:45
82.1%,41075000,-527652.1439746106,405.1649839650694,704,36:44
82.1%,41080000,-528098.4597061095,397.26050208457104,704,36:43
82.1%,41085000,-527947.7640523915,399.4018093233941,704,36:42
82.1%,41090000,-530057.2969879531,400.30434459040487,704,36:40
82.1%,41095000,-528412.4496610472,400.53026052609124,704,36:39
82.1%,41100000,-526483.4819257292,398.21897049669684,704,36:38
82.1%,41105000,-528485.0044266852,400.1963298369216,704,36:37
82.1%,41110000,-526502.3421032662,401.31972743089347,704,36:35
82.1%,41115000,-528165.3361629876,401.8320554144828,704,36:34
82.2%,41120000,-527572.2398547633,397.8590848656273,704,36:33
82.2%,41125000,-529193.6325998157,400.4909846641047,704,36:32
82.2%,41130000,-528810.9017148889,399.6284857535974,704,36:30
82.2%,41135000,-528844.5692771594,397.5781925359923,704,36:29
82.2%,41140000,-528642.4069397389,401.41074145211144,704,36:28
82.2%,41145000,-527989.6094344133,397.9549071747587,704,36:27
82.2%,41150000,-527322.1403250243,396.66098708442945,704,36:26
82.2%,41155000,-527264.750710608,401.18799015489867,704,36:24
82.2%,41160000,-528854.1711264979,399.1924525425115,704,36:23
82.2%,41165000,-529187.286974824,401.4941259960791,704,36:22
82.3%,41170000,-528641.2342171199,397.1642872621406,704,36:21
82.3%,41175000,-527406.5923343729,397.80359329797363,704,36:19
82.3%,41180000,-528882.6688160412,403.4083397593186,704,36:18
82.3%,41185000,-527158.781211189,401.882346180924,704,36:17
82.3%,41190000,-527361.6321473904,401.3110430741519,704,36:16
82.3%,41195000,-528066.1722554029,395.67469929223313,704,36:15
82.3%,41200000,-527997.4748894954,399.35922163044677,704,36:13
82.3%,41205000,-528117.9282024009,402.4178815133199,704,36:12
82.3%,41210000,-529455.1888983296,398.02018704280755,704,36:11
82.3%,41215000,-528849.194310966,398.3159212815631,704,36:10
82.4%,41220000,-527896.191414644,407.26559248119685,704,36:08
82.4%,41225000,-525846.712752426,397.9895464734002,704,36:07
82.4%,41230000,-529353.6906078458,398.8339897721511,704,36:06
82.4%,41235000,-528822.9523656177,398.92201087946376,704,36:05
82.4%,41240000,-529767.4380750512,400.8614436221675,704,36:03
82.4%,41245000,-528452.2391743078,399.8544998176085,704,36:02
82.4%,41250000,-529516.0610471615,399.75296153355964,704,36:01
82.4%,41255000,-528357.4411323695,397.9285106553974,704,36:00
82.4%,41260000,-527562.358959225,400.46907751560127,704,35:59
82.4%,41265000,-528286.2122616558,401.99642035846136,704,35:57
82.5%,41270000,-526238.7892755857,397.85638633669635,704,35:56
82.5%,41275000,-529816.1894081221,398.39766217609093,704,35:55
82.5%,41280000,-527307.0934279505,396.6153574134145,704,35:54
82.5%,41285000,-526372.8403315172,402.95663054835177,704,35:52
82.5%,41290000,-527315.8573334627,401.5458886873917,704,35:51
82.5%,41295000,-528168.593455553,403.3852796029992,704,35:50
82.5%,41300000,-526920.3713636152,399.65262532148915,704,35:49
82.5%,41305000,-526957.3387568858,400.83830986960453,704,35:47
82.5%,41310000,-526767.1980976947,404.28656373386923,704,35:46
82.5%,41315000,-527684.0104976427,398.11519979325965,704,35:45
82.6%,41320000,-528098.1766456179,401.5779030533458,704,35:44
82.6%,41325000,-528040.788248043,400.24929460021264,704,35:43
82.6%,41330000,-527908.4602445769,401.7579685292865,704,35:41
82.6%,41335000,-528213.5769801871,400.19723752392565,704,35:40
82.6%,41340000,-529380.2595837638,400.6992375013337,704,35:39
82.6%,41345000,-528689.2978764116,399.58908723120487,704,35:38
82.6%,41350000,-528981.2426120364,399.1779786146089,704,35:36
82.6%,41355000,-527989.0943429503,401.76689820684,704,35:35
82.6%,41360000,-527487.7185783419,400.2477490790976,704,35:34
82.6%,41365000,-527620.8321674638,399.7603211579169,704,35:33
82.7%,41370000,-527506.396723419,400.53048131482194,704,35:32
82.7%,41375000,-527687.2284775563,399.76387830968963,704,35:30
82.7%,41380000,-528919.9728834312,402.30989129191784,704,35:29
82.7%,41385000,-528359.8947120002,399.9033186591783,704,35:28
82.7%,41390000,-528966.380877045,400.4391729086297,704,35:27
82.7%,41395000,-526553.1466991599,402.4001693507001,704,35:25
82.7%,41400000,-528168.8891643537,402.10490122148724,704,35:24
82.7%,41405000,-528538.1959793791,396.89894827198054,704,35:23
82.7%,41410000,-528625.0799581003,398.60900605554997,704,35:22
82.7%,41415000,-528227.700762121,400.9683053678347,704,35:20
82.8%,41420000,-527287.5685219374,401.5719417576164,704,35:19
82.8%,41425000,-528144.0036374773,401.4825959179194,704,35:18
82.8%,41430000,-528287.0962462872,399.2850366169257,704,35:17
82.8%,41435000,-527131.1877317117,401.1614955072126,704,35:16
82.8%,41440000,-529126.7461302499,403.028779399134,704,35:14
82.8%,41445000,-529327.1068490245,399.65056462666917,704,35:13
82.8%,41450000,-528505.1051049158,400.9276557093016,704,35:12
82.8%,41455000,-528804.7379344054,403.83296555265076,704,35:11
82.8%,41460000,-527214.6984194219,401.73682187529994,704,35:09
82.8%,41465000,-527759.3340159142,398.73311385429434,704,35:08
82.9%,41470000,-527290.8594623618,399.6601566704148,704,35:07
82.9%,41475000,-527156.2576199579,398.05423757150044,704,35:06
82.9%,41480000,-527298.5441310699,398.75722889010495,704,35:05
82.9%,41485000,-527006.154394595,402.75617891294144,704,35:03
82.9%,41490000,-528666.8980248235,399.57029565701276,704,35:02
82.9%,41495000,-527860.2782700271,399.7651785099927,704,35:01
82.9%,41500000,-529366.712915841,399.97330868681576,704,35:00
82.9%,41505000,-528203.9802077943,397.7863227128153,704,34:58
82.9%,41510000,-527275.6960969614,397.2867023472828,704,34:57
82.9%,41515000,-525612.5928317802,402.3709271099206,704,34:56
83.0%,41520000,-528347.1303844918,400.58462361801014,704,34:55
83.0%,41525000,-525764.7984138425,399.9589819514003,704,34:53
83.0%,41530000,-529221.8517869161,399.4637773604821,704,34:52
83.0%,41535000,-527977.8254681458,400.5324438813172,704,34:51
83.0%,41540000,-529812.6460590176,399.13843289972925,704,34:50
83.0%,41545000,-529637.2193253413,397.6556157842306,704,34:49
83.0%,41550000,-528396.0719378372,403.65309633335954,704,34:47
83.0%,41555000,-530264.76184012,400.34457720355783,704,34:46
83.0%,41560000,-528507.5461353278,399.69798513961103,704,34:45
83.0%,41565000,-527394.3211993929,402.452471747799,704,34:44
83.1%,41570000,-528558.8624421195,403.1332370008446,704,34:42
83.1%,41575000,-528007.9147615968,400.48438553426433,704,34:41
83.1%,41580000,-527838.7924607005,400.4558547238394,704,34:40
83.1%,41585000,-528047.6229506801,401.38957026604373,704,34:39
83.1%,41590000,-527670.7266579787,398.54002184324133,704,34:37
83.1%,41595000,-528762.8592826868,399.23383816348047,704,34:36
83.1%,41600000,-527645.4428752218,400.699409225902,704,34:35
83.1%,41605000,-527971.5941000488,400.25214032163075,704,34:34
83.1%,41610000,-528044.8972064466,402.4685157288978,704,34:33
83.1%,41615000,-529500.604309605,401.1561965776753,704,34:31
83.2%,41620000,-529997.7477385453,401.30768217902875,704,34:30
83.2%,41625000,-527931.5483752312,401.7612558281661,704,34:29
83.2%,41630000,-529733.1598153803,400.92127736819197,704,34:28
83.2%,41635000,-526473.0685909907,399.8781732759577,704,34:26
83.2%,41640000,-529827.329506096,399.55417807967035,704,34:25
83.2%,41645000,-529760.6774636633,400.5294754994931,704,34:24
83.2%,41650000,-528439.4079576517,396.3641979661827,704,34:23
83.2%,41655000,-527122.0672050649,400.13298800328687,704,34:22
83.2%,41660000,-530266.253818037,398.650538869006,704,34:20
83.2%,41665000,-527885.2966981414,403.34409023867977,704,34:19
83.3%,41670000,-527799.8177738697,402.7369702933691,704,34:18
83.3%,41675000,-528529.5585603495,401.2932818473697,704,34:17
83.3%,41680000,-528187.2161659161,399.9369766745721,704,34:15
83.3%,41685000,-527273.2720062048,400.1911045036279,704,34:14
83.3%,41690000,-528795.4536540196,401.9185800648429,704,34:13
83.3%,41695000,-527077.9828594639,403.79957739015,704,34:12
83.3%,41700000,-528284.1450208607,399.43168939828456,704,34:10
83.3%,41705000,-528018.2664329256,400.160390337977,704,34:09
83.3%,41710000,-528469.4998612851,400.7979791281268,704,34:08
83.3%,41715000,-528521.0102171148,398.1597991168646,704,34:07
83.4%,41720000,-529940.0228535505,399.797487260921,704,34:06
83.4%,41725000,-527577.2456114744,401.577804925021,704,34:04
83.4%,41730000,-529487.4132129359,399.6242907677138,704,34:03
83.4%,41735000,-528732.4030049676,402.3138654890708,704,34:02
83.4%,41740000,-529683.7175309774,400.7937105459996,704,34:01
83.4%,41745000,-530014.5173015352,399.35353018761054,704,33:59
83.4%,41750000,-528424.3132062936,399.4684384559084,704,33:58
83.4%,41755000,-528365.4430812811,399.0544350537319,704,33:57
83.4%,41760000,-528721.9207341205,401.52307385188425,704,33:56
83.4%,41765000,-529969.2950090999,401.43377707634966,704,33:54
83.5%,41770000,-528324.930557684,404.9164003863627,704,33:53
83.5%,41775000,-528403.1674353196,396.30095426087274,704,33:52
83.5%,41780000,-527501.7219063975,402.18897266372824,704,33:51
83.5%,41785000,-527420.418758126,400.894292078882,704,33:50
83.5%,41790000,-529460.77027679,399.765472894967,704,33:48
83.5%,41795000,-526983.4547865381,399.3954800464469,704,33:47
83.5%,41800000,-527209.6257903962,398.2228956296874,704,33:46
83.5%,41805000,-528778.3351573106,398.9281438997615,704,33:45
83.5%,41810000,-527674.8224732289,396.9009599026382,704,33:43
83.5%,41815000,-528681.0665028091,397.25606177787546,704,33:42
83.6%,41820000,-528891.9807843366,400.6725220649169,704,33:41
83.6%,41825000,-528093.9515131894,399.54846210475284,704,33:40
83.6%,41830000,-525711.059114439,398.65971386737135,704,33:38
83.6%,41835000,-527303.3558027861,400.15712757117865,704,33:37
83.6%,41840000,-529873.1061407011,397.51830972580547,704,33:36
83.6%,41845000,-528198.0619920734,399.55876557885307,704,33:35
83.6%,41850000,-527753.4838791802,400.45369590069464,704,33:34
83.6%,41855000,-528645.8969953205,399.81784888830947,704,33:32
83.6%,41860000,-529321.5307387128,397.26945629420567,704,33:31
83.6%,41865000,-528686.2421336873,399.98353856467236,704,33:30
83.7%,41870000,-527990.9765726747,398.8494449833013,704,33:29
83.7%,41875000,-527063.2940119328,397.8324430254541,704,33:27
83.7%,41880000,-527937.119580185,401.8753790698658,704,33:26
83.7%,41885000,-529528.2483082088,403.4390539249695,704,33:25
83.7%,41890000,-528349.6931675188,402.3888845933523,704,33:24
83.7%,41895000,-529327.9163854402,401.01410676341806,704,33:23
83.7%,41900000,-529048.9943649978,399.22880908683635,704,33:21
83.7%,41905000,-529398.5216269302,400.12710030380106,704,33:20
83.7%,41910000,-529233.6146440809,403.29657159741316,704,33:19
83.7%,41915000,-526270.940228797,402.88345135015953,704,33:18
83.8%,41920000,-529429.95768164,405.93448175578226,704,33:16
83.8%,41925000,-527963.4388888581,400.14881119565496,704,33:15
83.8%,41930000,-528559.2248066654,399.80190303553536,704,33:14
83.8%,41935000,-527649.7476376891,398.3189877917119,704,33:13
83.8%,41940000,-528121.6580143678,399.0110378021053,704,33:11
83.8%,41945000,-528024.2009170637,401.13401957627883,704,33:10
83.8%,41950000,-527426.3632061849,401.6410240982498,704,33:09
83.8%,41955000,-527474.4410325368,401.6127386086368,704,33:08
83.8%,41960000,-527520.0835534064,398.92129944910926,704,33:07
83.8%,41965000,-528840.1003899532,402.39862382958506,704,33:05
83.9%,41970000,-526832.0099931532,399.17675201054936,704,33:04
83.9%,41975000,-527988.6427047141,400.7711900954664,704,33:03
83.9%,41980000,-528722.7763524074,396.0034291801903,704,33:02
83.9%,41985000,-527154.2809219062,402.3806908782346,704,33:00
83.9%,41990000,-528806.66752104,402.08618324353864,704,32:59
83.9%,41995000,-527464.5556201143,394.8579281810656,704,32:58
83.9%,42000000,-530049.5879913564,398.5283691046757,704,32:57
83.9%,42005000,-528310.3559943791,401.73363270474516,704,32:56
83.9%,42010000,-527894.257295249,400.0842918221231,704,32:54
83.9%,42015000,-527995.5473513668,401.2575631371559,704,32:53
84.0%,42020000,-527524.8441470694,399.7978797742201,704,32:52
84.0%,42025000,-526949.9787801816,403.40362959973,704,32:51
84.0%,42030000,-526261.567220788,400.796458139093,704,32:49
84.0%,42035000,-527297.0257445956,397.3895408316348,704,32:48
84.0%,42040000,-528378.6988348984,404.6262594621187,704,32:47
84.0%,42045000,-527251.3050395572,400.97063591554786,704,32:46
84.0%,42050000,-529859.9158543348,402.84719293415947,704,32:44
84.0%,42055000,-528904.2117984323,399.7892935458033,704,32:43
84.0%,42060000,-529352.0502811838,399.8915187281255,704,32:42
84.0%,42065000,-529139.7499266351,398.94914336126084,704,32:41
84.1%,42070000,-526580.6501988783,401.12172900360224,704,32:40
84.1%,42075000,-526976.5437103161,401.0128310951961,704,32:38
84.1%,42080000,-528177.8518934706,400.2329562341395,704,32:37
84.1%,42085000,-528511.9435790065,401.75536812868023,704,32:36
84.1%,42090000,-528339.9096185369,399.2829023258621,704,32:35
84.1%,42095000,-527627.2746937,399.44135503827374,704,32:33
84.1%,42100000,-528551.971174133,404.01330088148455,704,32:32
84.1%,42105000,-526189.3333312883,393.40096787914194,704,32:31
84.1%,42110000,-527116.7649439187,402.44084354131456,704,32:30
84.1%,42115000,-527094.8076476045,400.8038177634502,704,32:29
84.2%,42120000,-527508.9370450065,400.5654149984377,704,32:27
84.2%,42125000,-527932.3190460224,401.5066864216488,704,32:26
84.2%,42130000,-527536.2010039929,404.30800477283003,704,32:25
84.2%,42135000,-527366.2816620041,402.0192842581312,704,32:24
84.2%,42140000,-528353.9756066175,395.34675443087406,704,32:22
84.2%,42145000,-528719.4894660148,399.19480762230586,704,32:21
84.2%,42150000,-528124.4104655571,400.98466826598906,704,32:20
84.2%,42155000,-527892.9283924112,400.56222582788286,704,32:19
84.2%,42160000,-528024.2715996364,403.49920658804945,704,32:17
84.2%,42165000,-527370.4237939161,400.6168342406137,704,32:16
84.3%,42170000,-529397.357302249,403.1297534453155,704,32:15
84.3%,42175000,-527427.6228463035,397.63638263257695,704,32:14
84.3%,42180000,-527180.8585895798,402.0706053719825,704,32:13
84.3%,42185000,-527431.227538635,397.7859301995163,704,32:11
84.3%,42190000,-527502.9571145922,400.66319987406433,704,32:10
84.3%,42195000,-525239.4894690188,398.4593112961234,704,32:09
84.3%,42200000,-528717.3056508414,402.30353748288945,704,32:08
84.3%,42205000,-529929.7343745898,401.582048975067,704,32:06
84.3%,42210000,-528088.6986245168,400.64843156118746,704,32:05
84.3%,42215000,-528520.5657558641,399.7978797742201,704,32:04
84.4%,42220000,-529448.6597910691,400.8693429523109,704,32:03
84.4%,42225000,-527303.3005397609,399.1818546834371,704,32:01
84.4%,42230000,-528912.8282854115,402.00220992962244,704,32:00
84.4%,42235000,-529212.0080638104,401.4575731951047,704,31:59
84.4%,42240000,-527954.0543207508,401.21181080573496,704,31:58
84.4%,42245000,-528436.7012529569,401.8830330791974,704,31:57
84.4%,42250000,-527114.433144622,399.5906082202387,704,31:55
84.4%,42255000,-527938.1564357579,399.7676807822742,704,31:54
84.4%,42260000,-527358.6814788003,395.20807457590234,704,31:53
84.4%,42265000,-528180.4749153168,399.64516756880715,704,31:52
84.5%,42270000,-528355.1511572502,399.62537017928616,704,31:50
84.5%,42275000,-527585.0327349268,397.80248935432013,704,31:49
84.5%,42280000,-528539.0527836233,402.4696442046326,704,31:48
84.5%,42285000,-527723.2712797695,402.12678383790944,704,31:47
84.5%,42290000,-529082.8754450791,402.58818322094663,704,31:46
84.5%,42295000,-527746.686656693,401.7591215371025,704,31:44
84.5%,42300000,-528832.1196022052,401.20030525965643,704,31:43
84.5%,42305000,-527427.14364899,404.4544122333769,704,31:42
84.5%,42310000,-529253.2363274493,399.2185056127362,704,31:41
84.5%,42315000,-527179.0329403495,401.7282356468832,704,31:39
84.6%,42320000,-528633.8079183791,399.9385957919307,704,31:38
84.6%,42325000,-529272.2060579979,401.2146074629907,704,31:37
84.6%,42330000,-527340.0654540746,401.487821251213,704,31:36
84.6%,42335000,-528630.3731591571,401.6176450248749,704,31:34
84.6%,42340000,-526915.0302693294,401.90231529501335,704,31:33
84.6%,42345000,-527660.4682054939,401.1678247841598,704,31:32
84.6%,42350000,-527644.6498243599,401.8087499373515,704,31:31
84.6%,42355000,-527699.871518854,401.11255400523686,704,31:30
84.6%,42360000,-528121.8488984811,398.3700881168324,704,31:28
84.6%,42365000,-526466.9333521114,401.75136939944616,704,31:27
84.7%,42370000,-527704.9218830448,401.40617848500995,704,31:26
84.7%,42375000,-528040.1977190818,401.66778859882896,704,31:25
84.7%,42380000,-526518.7689659833,397.16678953442204,704,31:23
84.7%,42385000,-528039.7512743678,401.7482538251349,704,31:22
84.7%,42390000,-526817.8483852115,399.0190843247359,704,31:21
84.7%,42395000,-528935.851829045,398.9632247758644,704,31:20
84.7%,42400000,-527565.2747371467,399.35478132375124,704,31:18
84.7%,42405000,-529850.2317251447,400.00012225155734,704,31:17
84.7%,42410000,-527931.6589613855,398.85327198796705,704,31:16
84.7%,42415000,-528080.3820307488,397.5704894624984,704,31:15
84.8%,42420000,-527875.2081884509,398.47449665438063,704,31:14
84.8%,42425000,-526900.2389986957,399.493583839129,704,31:12
84.8%,42430000,-527838.0902411104,400.163088866908,704,31:11
84.8%,42435000,-528499.2922814977,400.6237522875095,704,31:10
84.8%,42440000,-528557.6671710503,397.6389830331832,704,31:09
84.8%,42445000,-528695.3604918127,399.57235635183275,704,31:07
84.8%,42450000,-528271.0736911618,401.34259133056327,704,31:06
84.8%,42455000,-526429.4078450007,401.8964521276087,704,31:05
84.8%,42460000,-528386.9264146811,402.157448939398,704,31:04
84.8%,42465000,-528895.228319196,401.2121051907093,704,31:02
84.9%,42470000,-526948.4609394111,399.02244521985904,704,31:01
84.9%,42475000,-527785.9903517035,399.2400447800217,704,31:00
84.9%,42480000,-527927.7910710787,400.4715552558016,704,30:59
84.9%,42485000,-526556.4064151826,403.3043727992319,704,30:58
84.9%,42490000,-527486.0364095792,401.3956296900979,704,30:56
84.9%,42495000,-528618.0978780524,398.7099555696502,704,30:55
84.9%,42500000,-528850.7844629041,400.0981524479959,704,30:54
84.9%,42505000,-527324.7575739492,401.6881502262174,704,30:53
84.9%,42510000,-528032.8681726758,396.8650939999372,704,30:51
84.9%,42515000,-528536.2224310664,400.1252358656306,704,30:50
85.0%,42520000,-529002.4118423327,399.43139501331024,704,30:49
85.0%,42525000,-527705.1335738949,401.6613121293946,704,30:48
85.0%,42530000,-527911.7289164197,396.93106076625935,704,30:47
85.0%,42535000,-528089.875809982,402.0367020357767,704,30:45
85.0%,42540000,-528174.7314564432,402.1499421225536,704,30:44
85.0%,42545000,-528186.6846363354,396.97450708204826,704,30:43
85.0%,42550000,-527405.9488806673,404.1428548022534,704,30:42
85.0%,42555000,-528675.9976512818,401.73073791916465,704,30:40
85.0%,42560000,-528212.0857701697,401.61033446468,704,30:39
85.0%,42565000,-527247.4926813315,400.80268928771545,704,30:38
85.1%,42570000,-527165.3123002336,399.8604120491756,704,30:37
85.1%,42575000,-528611.8223627531,402.21092887639406,704,30:35
85.1%,42580000,-527511.747115429,398.3817653874792,704,30:34
85.1%,42585000,-529248.7422032948,397.50356594500977,704,30:33
85.1%,42590000,-528339.2508414746,397.171671418579,704,30:32
85.1%,42595000,-528957.9208048773,399.7280860032322,704,30:31
85.1%,42600000,-529357.7284118142,399.3272808607363,704,30:29
85.1%,42605000,-526861.654560436,399.9583686493705,704,30:28
85.1%,42610000,-527989.9822703646,403.1681706844604,704,30:27
85.1%,42615000,-526485.2777667819,401.4958677738436,704,30:26
85.2%,42620000,-527709.5468738773,399.85501499131357,704,30:24
85.2%,42625000,-529373.1400706926,400.1277626699932,704,30:23
85.2%,42630000,-526916.591219049,404.0915582204833,704,30:22
85.2%,42635000,-527421.7435423909,397.4633823960192,704,30:21
85.2%,42640000,-528715.1704408824,401.9569482398253,704,30:19
85.2%,42645000,-528006.5775297265,399.61759350954867,704,30:18
85.2%,42650000,-528088.9387545176,399.95804973231503,704,30:17
85.2%,42655000,-527473.6284996918,398.2113655515277,704,30:16
85.2%,42660000,-527424.2887237011,400.5241520378747,704,30:15
85.2%,42665000,-528626.1410388076,402.8349514256452,704,30:13
85.3%,42670000,-528685.6433544415,400.51858325544436,704,30:12
85.3%,42675000,-529005.8942612987,400.8718206925112,704,30:11
85.3%,42680000,-526999.0523335743,397.93557589478036,704,30:10
85.3%,42685000,-528727.718852818,398.87309390956926,704,30:08
85.3%,42690000,-527269.8461393071,395.85962212024964,704,30:07
85.3%,42695000,-528125.0508496617,400.681795191607,704,30:06
85.3%,42700000,-527460.1756416392,400.1526627324019,704,30:05
85.3%,42705000,-527889.6126943049,399.7939791733108,704,30:04
85.3%,42710000,-528313.6433559218,398.4123814248054,704,30:02
85.3%,42715000,-527695.9492551889,404.53588327501166,704,30:01
85.4%,42720000,-528092.321033271,398.58800659405057,704,30:00
85.4%,42725000,-528842.4681068491,405.0769628577567,704,29:59
85.4%,42730000,-528765.8589724409,398.93462036919584,704,29:57
85.4%,42735000,-529990.8900018679,400.7999416946221,704,29:56
85.4%,42740000,-527828.9215311641,399.12709907821915,704,29:55
85.4%,42745000,-528019.8185289209,402.11417434817736,704,29:54
85.4%,42750000,-528363.0861973171,399.8687774888616,704,29:52
85.4%,42755000,-528393.0915720621,399.7798977587072,704,29:51
85.4%,42760000,-528430.8075138647,399.4087519023711,704,29:50
85.4%,42765000,-528970.2764248908,403.29225395112354,704,29:49
85.5%,42770000,-528792.3195929974,399.66076997244454,704,29:48
85.5%,42775000,-529392.8501261617,400.7232544088195,704,29:46
85.5%,42780000,-528010.1732407468,395.8198801487205,704,29:45
85.5%,42785000,-528634.4131445419,400.38198862737386,704,29:44
85.5%,42790000,-527572.424053493,402.1742534150137,704,29:43
85.5%,42795000,-527936.9400709658,397.7312481905419,704,29:41
85.5%,42800000,-526933.7711426513,403.29946638299367,704,29:40
85.5%,42805000,-527926.1991798948,404.8093669161271,704,29:39
85.5%,42810000,-527765.0232992554,401.3834127136648,704,29:38
85.5%,42815000,-527933.9641305059,400.1544045101665,704,29:36
85.6%,42820000,-528227.7588018468,401.8863694422393,704,29:35
85.6%,42825000,-529329.903189546,397.48575565406526,704,29:34
85.6%,42830000,-528701.3121319236,401.691830038396,704,29:33
85.6%,42835000,-527288.0316544888,400.6123939339181,704,29:32
85.6%,42840000,-528853.9112703297,402.65871295437034,704,29:30
85.6%,42845000,-528127.1591559574,401.0368234706008,704,29:29
85.6%,42850000,-528982.8664150126,401.3926367761926,704,29:28
85.6%,42855000,-529361.96576257,398.3721978758148,704,29:27
85.6%,42860000,-528847.2777532828,400.6642056893932,704,29:25
85.6%,42865000,-529380.9757896313,399.9957310090242,704,29:24
85.7%,42870000,-527790.4536284553,402.34372103187997,704,29:23
85.7%,42875000,-528934.2675370043,399.3051038593398,704,29:22
85.7%,42880000,-527871.5791536421,402.5687292805623,704,29:20
85.7%,42885000,-525976.5939616165,401.4384381717759,704,29:19
85.7%,42890000,-527078.457322747,400.5348480252739,704,29:18
85.7%,42895000,-530537.2935433607,398.8439007329522,704,29:17
85.7%,42900000,-528273.7477453109,397.77513608379235,704,29:16
85.7%,42905000,-528385.248404209,403.98842535115705,704,29:14
85.7%,42910000,-527772.8598013073,398.3003679420881,704,29:13
85.7%,42915000,-526772.7367477766,396.95534752663826,704,29:12
85.8%,42920000,-529094.7661746056,400.5808456775067,704,29:11
85.8%,42925000,-526187.6868714951,403.29367681183265,704,29:09
85.8%,42930000,-528366.4213669226,404.3134999590168,704,29:08
85.8%,42935000,-526550.2712566219,402.838385917012,704,29:07
85.8%,42940000,-527785.7147524869,398.83923963752585,704,29:06
85.8%,42945000,-530382.322395822,398.6999464805244,704,29:05
85.8%,42950000,-527991.0146983135,399.9829988588861,704,29:03
85.8%,42955000,-527179.3119220738,400.1140001724452,704,29:02
85.8%,42960000,-527938.43372407,401.7478613118359,704,29:01
85.8%,42965000,-528272.7932673371,398.65794755752563,704,29:00
85.9%,42970000,-527102.753091712,399.3585347321735,704,28:58
85.9%,42975000,-528147.9686402306,399.8590873167912,704,28:57
85.9%,42980000,-527929.2906366452,402.1266857095847,704,28:56
85.9%,42985000,-528273.8377875588,401.5845021831861,704,28:55
85.9%,42990000,-528819.0799508579,400.44957451105455,704,28:53
85.9%,42995000,-528281.1928240657,398.39964927466735,704,28:52
85.9%,43000000,-527429.4471923285,399.72072637887493,704,28:51
85.9%,43005000,-528376.769971875,400.4266860793035,704,28:50
85.9%,43010000,-528030.2894906611,398.6299073887245,704,28:49
85.9%,43015000,-529250.032235533,403.6126919956383,704,28:47
86.0%,43020000,-527093.410404175,398.1850180963288,704,28:46
86.0%,43025000,-528662.8181372872,398.7893904485461,704,28:45
86.0%,43030000,-527593.4099826338,399.7985421404123,704,28:44
86.0%,43035000,-529259.5893309051,405.0667575119813,704,28:42
86.0%,43040000,-528326.1725090225,402.71182491014844,704,28:41
86.0%,43045000,-527313.9733840511,396.61148134458637,704,28:40
86.0%,43050000,-527752.1341060284,401.0242385129498,704,28:39
86.0%,43055000,-527204.5761187403,398.2582463586834,704,28:38
86.0%,43060000,-528022.8169951858,401.45117032191393,704,28:36
86.0%,43065000,-526777.940490887,400.55106373094105,704,28:35
86.1%,43070000,-527622.8340560142,400.2743173230273,704,28:34
86.1%,43075000,-526814.611342039,399.899933231974,704,28:33
86.1%,43080000,-528733.8336020452,401.07214966751553,704,28:31
86.1%,43085000,-528605.1994675519,402.22611423465116,704,28:30
86.1%,43090000,-527640.805543147,401.47921049071505,704,28:29
86.1%,43095000,-529171.1589980135,398.9562576648062,704,28:28
86.1%,43100000,-529288.6327537876,399.3190871456186,704,28:26
86.1%,43105000,-529561.6710205022,398.99695638750177,704,28:25
86.1%,43110000,-529573.0740191103,403.2224111159733,704,28:24
86.1%,43115000,-529586.9857134488,398.3550254189812,704,28:23
86.2%,43120000,-528244.8937620749,398.90282679197253,704,28:22
86.2%,43125000,-528161.2174420105,397.7473657678843,704,28:20
86.2%,43130000,-529119.7477510539,400.4701078630113,704,28:19
86.2%,43135000,-529042.7924089767,401.19662544747786,704,28:18
86.2%,43140000,-528243.9325679513,405.297727056393,704,28:17
86.2%,43145000,-528309.002875858,402.77305698480075,704,28:15
86.2%,43150000,-528293.2632675013,399.80266353005226,704,28:14
86.2%,43155000,-527512.5428197505,398.94512009994554,704,28:13
86.2%,43160000,-529223.4373446936,404.26595678566895,704,28:12
86.2%,43165000,-525623.0844687489,403.40596014744307,704,28:10
86.3%,43170000,-529133.3053351948,400.80224771025405,704,28:09
86.3%,43175000,-528300.3537817528,399.36339208424926,704,28:08
86.3%,43180000,-530643.7143524112,400.0582387518984,704,28:07
86.3%,43185000,-528869.2460994981,401.63467028922133,704,28:06
86.3%,43190000,-529605.1145953718,397.94607562553,704,28:04
86.3%,43195000,-527986.1827892098,396.8609726102971,704,28:03
86.3%,43200000,-527971.4169841073,399.71317049786813,704,28:02
86.3%,43205000,-528059.8346907217,400.6823594294744,704,28:01
86.3%,43210000,-527406.1581877097,405.33528567269616,704,27:59
86.3%,43215000,-529739.5577761186,401.5177994544282,704,27:58
86.4%,43220000,-527422.5233971737,400.65672340463,704,27:57
86.4%,43225000,-527524.9648357201,398.8464766014772,704,27:56
86.4%,43230000,-527088.1537173819,398.0882145039497,704,27:55
86.4%,43235000,-528148.897165989,402.39899181080295,704,27:53
86.4%,43240000,-528129.4923503087,402.26892271632914,704,27:52
86.4%,43245000,-528512.578166238,400.41390486500313,704,27:51
86.4%,43250000,-526022.6598719186,399.34484583086896,704,27:50
86.4%,43255000,-529053.4854984004,402.0116547808809,704,27:48
86.4%,43260000,-529369.7150494191,395.77292574532123,704,27:47
86.4%,43265000,-529268.4732571985,401.0592457928092,704,27:46
86.5%,43270000,-528304.7311692946,398.6046148130168,704,27:45
86.5%,43275000,-528170.038358368,400.6395509477964,704,27:43
86.5%,43280000,-528455.3065768788,401.81007466973585,704,27:42
86.5%,43285000,-527467.320448726,399.33944877300695,704,27:41
86.5%,43290000,-529006.2094853795,399.5671555506203,704,27:40
86.5%,43295000,-527218.1123390165,400.8115944331877,704,27:39
86.5%,43300000,-527079.9734688578,399.05522008033,704,27:37
86.5%,43305000,-527110.1924941754,401.8148829576492,704,27:36
86.5%,43310000,-527905.6550118886,400.2750287533818,704,27:35
86.5%,43315000,-528417.0943333609,399.9768903706696,704,27:34
86.6%,43320000,-528350.1474067927,398.82829832931475,704,27:32
86.6%,43325000,-528945.6597226425,400.6356012827247,704,27:31
86.6%,43330000,-528310.307602189,401.4870607566961,704,27:30
86.6%,43335000,-527266.7503064135,400.90788285186176,704,27:29
86.6%,43340000,-527705.0698538893,400.5070777093659,704,27:28
86.6%,43345000,-527761.5369706941,397.99901585673985,704,27:26
86.6%,43350000,-528422.1715466529,399.5803047461386,704,27:25
86.6%,43355000,-527779.5135859177,400.48843332766086,704,27:24
86.6%,43360000,-527254.172508793,398.6813020988193,704,27:23
86.6%,43365000,-528248.6940893163,403.6377883146965,704,27:21
86.7%,43370000,-529266.9227755256,399.7720965568885,704,27:20
86.7%,43375000,-529007.3113192813,398.81100321207526,704,27:19
86.7%,43380000,-528100.779994647,400.4119422985078,704,27:18
86.7%,43385000,-527499.2162835887,401.1640959078188,704,27:16
86.7%,43390000,-529226.2165889759,402.23030922053476,704,27:15
86.7%,43395000,-528461.5459104888,398.460537900183,704,27:14
86.7%,43400000,-528545.0068027312,401.15288474671456,704,27:13
86.7%,43405000,-528289.9291747347,401.2781700853562,704,27:12
86.7%,43410000,-529479.205725641,400.5084760379938,704,27:10
86.7%,43415000,-528369.1261187587,403.9912710725752,704,27:09
86.8%,43420000,-528011.3580609662,398.63263044973667,704,27:08
86.8%,43425000,-527076.8602393223,402.0711450777686,704,27:07
86.8%,43430000,-528310.6808286579,401.5870780517111,704,27:05
86.8%,43435000,-527552.5741707701,402.0337091218715,704,27:04
86.8%,43440000,-528950.0253870664,397.25130255412444,704,27:03
86.8%,43445000,-527409.0573294666,400.70223041523894,704,27:02
86.8%,43450000,-528239.5642179865,400.15906560559273,704,27:00
86.8%,43455000,-528077.9567104196,398.74564974778286,704,26:59
86.8%,43460000,-529031.617118232,405.76489147851004,704,26:58
86.8%,43465000,-528881.4868858014,400.8140231092256,704,26:57
86.9%,43470000,-530541.5259894687,401.0892239960244,704,26:56
86.9%,43475000,-529597.250486399,400.94733043841654,704,26:54
86.9%,43480000,-527501.4024722278,403.4066225136352,704,26:53
86.9%,43485000,-527178.0871414086,398.253315410364,704,26:52
86.9%,43490000,-528580.1589472354,398.82152747490613,704,26:51
86.9%,43495000,-526454.7077648961,399.4760924652399,704,26:49
86.9%,43500000,-527829.7916418058,398.8092614343107,704,26:48
86.9%,43505000,-527500.9467017092,398.56963206523864,704,26:47
86.9%,43510000,-528939.5950142639,400.8380154846302,704,26:46
86.9%,43515000,-528601.4843558385,403.57282736370314,704,26:45
87.0%,43520000,-528709.67619916,399.60451791027396,704,26:43
87.0%,43525000,-528145.1780097545,397.4304112788987,704,26:42
87.0%,43530000,-528634.9144903463,401.5336471788775,704,26:41
87.0%,43535000,-529863.6634535897,397.4180716420597,704,26:40
87.0%,43540000,-528722.3181435103,403.0869204315563,704,26:38
87.0%,43545000,-529092.0951117994,399.29671388757254,704,26:37
87.0%,43550000,-526302.6234469619,399.83004133266127,704,26:36
87.0%,43555000,-527399.1700620102,401.668941606645,704,26:35
87.0%,43560000,-528176.633644314,399.6458054029181,704,26:33
87.0%,43565000,-527746.6779042659,398.8260904420076,704,26:32
87.1%,43570000,-527794.9870008836,401.6186753722849,704,26:31
87.1%,43575000,-528720.3760357564,399.4856845089855,704,26:30
87.1%,43580000,-528899.1582872309,400.290606624938,704,26:29
87.1%,43585000,-527472.3070617705,404.29576326431584,704,26:27
87.1%,43590000,-528001.3867481155,400.7779364177939,704,26:26
87.1%,43595000,-528534.2963955081,397.2227962757807,704,26:25
87.1%,43600000,-529635.6893867105,396.72140960040247,704,26:24
87.1%,43605000,-528164.7254761714,400.62730943928216,704,26:22
87.1%,43610000,-527658.2265938786,399.22635587871724,704,26:21
87.1%,43615000,-527283.1519858432,401.67343097750285,704,26:20
87.2%,43620000,-526437.8176473621,401.6289297822227,704,26:19
87.2%,43625000,-528755.2645173208,398.94671468522296,704,26:17
87.2%,43630000,-529856.0858818884,403.0181324758972,704,26:16
87.2%,43635000,-527916.4983826955,395.72626572689626,704,26:15
87.2%,43640000,-527924.683524013,398.54730787135503,704,26:14
87.2%,43645000,-528879.8217744678,398.43777212883793,704,26:13
87.2%,43650000,-527040.1182672656,401.21826274308813,704,26:11
87.2%,43655000,-532294.7429998429,398.47037526474054,704,26:10
87.2%,43660000,-527786.1611645557,405.1625798211127,704,26:09
87.2%,43665000,-528624.4028787063,400.7808557354556,704,26:08
87.3%,43670000,-530394.3643462723,397.674309230098,704,26:06
87.3%,43675000,-527247.8649095581,398.8305798128655,704,26:05
87.3%,43680000,-526450.5176293915,399.7469511736679,704,26:04
87.3%,43685000,-528939.66863281,400.01275627337066,704,26:03
87.3%,43690000,-528151.2443686654,402.5637492680806,704,26:02
87.3%,43695000,-527211.9089296707,400.1605375304642,704,26:00
87.3%,43700000,-529103.6359282364,397.49500424867415,704,25:59
87.3%,43705000,-528639.6808120864,397.8491739048263,704,25:58
87.3%,43710000,-527960.044471541,400.85496715273314,704,25:57
87.3%,43715000,-528279.6418015459,397.7376510637327,704,25:55
87.4%,43720000,-527919.709338678,399.49915262155935,704,25:54
87.4%,43725000,-526139.1210163655,404.24579141493007,704,25:53
87.4%,43730000,-528242.2637947258,401.66060069904006,704,25:52
87.4%,43735000,-526558.0560680307,399.7781559809427,704,25:50
87.4%,43740000,-528066.2072930359,398.6040260430682,704,25:49
87.4%,43745000,-527816.0961572537,399.50715008002754,704,25:48
87.4%,43750000,-528557.6099648466,400.0872847360283,704,25:47
87.4%,43755000,-527910.8388177245,402.15438242924915,704,25:46
87.4%,43760000,-529274.2785989791,402.9347233998484,704,25:44
87.4%,43765000,-528588.5827982146,398.99300672243004,704,25:43
87.5%,43770000,-528325.310245072,402.01513833641,704,25:42
87.5%,43775000,-528301.9895920833,401.3962184600465,704,25:41
87.5%,43780000,-527930.5584389316,402.010894286364,704,25:39
87.5%,43785000,-527673.2171836104,403.9514064406401,704,25:38
87.5%,43790000,-528492.4501938829,400.45394122150657,704,25:37
87.5%,43795000,-528974.1170628113,399.8680169943447,704,25:36
87.5%,43800000,-528065.7142297244,399.4594597141926,704,25:34
87.5%,43805000,-529431.8075780645,401.2055060608689,704,25:33
87.5%,43810000,-527315.0123192724,401.51416870641197,704,25:32
87.5%,43815000,-527977.5185689097,403.0119013272747,704,25:31
87.6%,43820000,-527906.988514855,400.9500289673476,704,25:30
87.6%,43825000,-529356.8813525098,401.3149682071424,704,25:28
87.6%,43830000,-527879.983643217,400.37850507184476,704,25:27
87.6%,43835000,-529345.3378286473,400.7046100271145,704,25:26
87.6%,43840000,-527793.3482796415,400.0468558662258,704,25:25
87.6%,43845000,-527765.6410345244,403.48080752715634,704,25:23
87.6%,43850000,-527832.0021206308,403.83308821305667,704,25:22
87.6%,43855000,-527693.478950656,399.4785702054402,704,25:21
87.6%,43860000,-529183.0717203054,400.00078461774945,704,25:20
87.6%,43865000,-529438.0259839115,402.1299730084643,704,25:19
87.7%,43870000,-525924.5611229488,402.8717250153503,704,25:17
87.7%,43875000,-528965.5524663688,400.4005594128353,704,25:16
87.7%,43880000,-527689.5147585981,403.918999561387,704,25:15
87.7%,43885000,-528519.6528453417,404.7911886439647,704,25:14
87.7%,43890000,-529400.4576326371,401.7897621065098,704,25:12
87.7%,43895000,-529385.4606522056,401.6245385396895,704,25:11
87.7%,43900000,-529017.2756291386,404.40944492855414,704,25:10
87.7%,43905000,-527886.5995436357,402.2589136272033,704,25:09
87.7%,43910000,-529004.6216730536,401.15776663087155,704,25:07
87.7%,43915000,-526995.3511377294,400.2606774858852,704,25:06
87.8%,43920000,-528609.3233134695,398.1442212453084,704,25:05
87.8%,43925000,-527257.2922117691,397.5407565800951,704,25:04
87.8%,43930000,-528672.2343168436,399.00389896647874,704,25:03
87.8%,43935000,-527912.7606193847,402.8563188683625,704,25:01
87.8%,43940000,-528942.5955904201,400.2817260115469,704,25:00
87.8%,43945000,-528000.4643609654,402.1245759506023,704,24:59
87.8%,43950000,-528420.5897427727,403.58997528845555,704,24:58
87.8%,43955000,-527913.7237630836,400.1227826575115,704,24:56
87.8%,43960000,-528841.7543417439,401.5189769943254,704,24:55
87.8%,43965000,-527463.828800708,398.7886790181916,704,24:54
87.9%,43970000,-528666.6739310077,400.80376869928784,704,24:53
87.9%,43975000,-529413.6453288961,400.4292619478286,704,24:52
87.9%,43980000,-528455.8839025605,401.4272270106717,704,24:50
87.9%,43985000,-527296.5509265731,400.51262195971503,704,24:49
87.9%,43990000,-528114.1480012448,399.8032768320821,704,24:48
87.9%,43995000,-526848.9319355129,403.1648343214184,704,24:47
87.9%,44000000,-528870.2156284307,401.22812463972684,704,24:45
87.9%,44005000,-529500.2044050456,403.40183875780303,704,24:44
87.9%,44010000,-528697.3172196993,398.08728228486444,704,24:43
87.9%,44015000,-528592.4112749198,399.24833662346424,704,24:42
88.0%,44020000,-528623.3138231575,398.4501117656769,704,24:40
88.0%,44025000,-527927.8180846199,395.5070961135374,704,24:39
88.0%,44030000,-528576.558340882,399.53899272141325,704,24:38
88.0%,44035000,-527274.3453954617,400.6574838991469,704,24:37
88.0%,44040000,-526752.1727474662,401.9650928907807,704,24:36
88.0%,44045000,-528838.8972383612,401.56887524746753,704,24:34
88.0%,44050000,-529022.975077013,401.9656325965669,704,24:33
88.0%,44055000,-529260.0149807534,401.3938633802521,704,24:32
88.0%,44060000,-527632.5448406483,401.66359361294536,704,24:31
88.0%,44065000,-528913.6860750318,400.99116926750463,704,24:29
88.1%,44070000,-528882.3442847095,399.47236358889893,704,24:28
88.1%,44075000,-529322.9861636255,398.6144276454931,704,24:27
88.1%,44080000,-526548.9282889245,401.72028725257735,704,24:26
88.1%,44085000,-527629.0256156381,401.52898608345123,704,24:24
88.1%,44090000,-528034.6522958325,402.773989203886,704,24:23
88.1%,44095000,-528673.2127031405,399.1312204678592,704,24:22
88.1%,44100000,-529205.5399148036,399.42339755484204,704,24:21
88.1%,44105000,-527550.9136561118,401.72200449826073,704,24:20
88.1%,44110000,-526763.2994372756,396.76127423233754,704,24:18
88.1%,44115000,-529811.1336763087,397.9912637190836,704,24:17
88.2%,44120000,-527544.3924638149,396.12618771446927,704,24:16
88.2%,44125000,-528479.5012272745,402.37119696281377,704,24:15
88.2%,44130000,-527117.6506404872,399.4842125841141,704,24:13
88.2%,44135000,-528162.987304573,399.9073419204936,704,24:12
88.2%,44140000,-527671.5391252884,400.1271248358822,704,24:11
88.2%,44145000,-528311.2253921283,403.08741107318014,704,24:10
88.2%,44150000,-528880.8899395638,397.05065466206463,704,24:09
88.2%,44155000,-527629.7017789083,402.7964360581757,704,24:07
88.2%,44160000,-528171.0343307802,402.43485771350396,704,24:06
88.2%,44165000,-527168.2477195058,399.3209025196267,704,24:05
88.3%,44170000,-528283.7407833803,400.61374319838364,704,24:04
88.3%,44175000,-528837.5606303248,404.057458627628,704,24:02
88.3%,44180000,-529003.4902101266,400.0359145580147,704,24:01
88.3%,44185000,-528690.9423761019,398.6171261744241,704,24:00
88.3%,44190000,-528191.0041730115,399.013957119767,704,23:59
88.3%,44195000,-529112.081247143,404.4157987375825,704,23:57
88.3%,44200000,-529937.29014241,403.85909221911896,704,23:56
88.3%,44205000,-528121.4038863471,398.1709612138064,704,23:55
88.3%,44210000,-527759.01057061,398.69324922235927,704,23:54
88.3%,44215000,-527606.1138246297,402.1995459907215,704,23:53
88.4%,44220000,-529397.250288724,400.6309401872984,704,23:51
88.4%,44225000,-528716.834388373,401.2896020351911,704,23:50
88.4%,44230000,-528396.9853550475,399.01246066281436,704,23:49
88.4%,44235000,-529708.711824765,399.3470782502573,704,23:48
88.4%,44240000,-528544.9221083228,401.3131773652155,704,23:46
88.4%,44245000,-528765.0176915866,397.3076036804574,704,23:45
88.4%,44250000,-528090.3095956552,396.62686295949294,704,23:44
88.4%,44255000,-527494.8942411086,401.32782301768646,704,23:43
88.4%,44260000,-529238.2564854049,399.09192007379147,704,23:42
88.4%,44265000,-529558.2092749481,404.1845102761154,704,23:40
88.5%,44270000,-527492.2475724802,400.9031236281107,704,23:39
88.5%,44275000,-526265.9669614825,401.189707400582,704,23:38
88.5%,44280000,-526064.7030489035,399.7987138649806,704,23:37
88.5%,44285000,-528767.2942742002,402.59353121464625,704,23:35
88.5%,44290000,-527605.9547684984,400.35620541004226,704,23:34
88.5%,44295000,-526682.1691434826,403.049214622766,704,23:33
88.5%,44300000,-529440.5615282301,401.2798382668771,704,23:32
88.5%,44305000,-531175.5237689358,398.38147100250495,704,23:30
88.5%,44310000,-528481.3678767583,400.5605331142807,704,23:29
88.5%,44315000,-527394.5146139031,403.4636841344851,704,23:28
88.6%,44320000,-529598.1795814293,398.1185606883828,704,23:27
88.6%,44325000,-528395.0202535447,399.92758088747604,704,23:26
88.6%,44330000,-529145.3575985138,401.37713250087995,704,23:24
88.6%,44335000,-528771.8547462313,401.77165743059095,704,23:23
88.6%,44340000,-527678.7950231391,396.89961063817265,704,23:22
88.6%,44345000,-530597.4792815298,399.9442627026858,704,23:21
88.6%,44350000,-528245.9018368018,401.8177777432297,704,23:19
88.6%,44355000,-528862.6412422005,400.0232069399579,704,23:18
88.6%,44360000,-527547.6505514267,400.1150550519364,704,23:17
88.6%,44365000,-528085.909360454,402.4219293067164,704,23:16
88.7%,44370000,-527453.5416568262,400.0445498505939,704,23:15
88.7%,44375000,-528291.313172055,399.584082686642,704,23:13
88.7%,44380000,-528019.2029260304,400.89100478000245,704,23:12
88.7%,44385000,-529399.3624833734,395.91172826069896,704,23:11
88.7%,44390000,-528432.225364829,404.5510195691064,704,23:10
88.7%,44395000,-528669.8652942725,396.07111319219587,704,23:08
88.7%,44400000,-528441.5836716765,399.0980040299268,704,23:07
88.7%,44405000,-528007.0831417125,400.93170350269804,704,23:06
88.7%,44410000,-526835.9781090803,401.68515731231207,704,23:05
88.7%,44415000,-526690.4117139252,402.1082866486916,704,23:03
88.8%,44420000,-529408.5153083527,399.53622059623865,704,23:02
88.8%,44425000,-527320.3024884164,401.3246338471316,704,23:01
88.8%,44430000,-528175.7365224841,400.0876036530838,704,23:00
88.8%,44435000,-527513.254486708,402.4375071782726,704,22:59
88.8%,44440000,-529455.403536526,401.75723256685075,704,22:57
88.8%,44445000,-528488.5996731222,399.1122081049363,704,22:56
88.8%,44450000,-527273.7915389813,404.19871435112486,704,22:55
88.8%,44455000,-527394.9747145446,404.33606947371237,704,22:54
88.8%,44460000,-527976.6321147406,400.8910538441648,704,22:52
88.8%,44465000,-526406.9879975682,399.53894365725085,704,22:51
88.9%,44470000,-527528.0413094256,399.47493945742394,704,22:50
88.9%,44475000,-527121.4923274536,401.1767299296321,704,22:49
88.9%,44480000,-527266.3200496226,404.16140105563363,704,22:47
88.9%,44485000,-528800.3495050301,399.28243621631947,704,22:46
88.9%,44490000,-527985.5282332711,399.4621827752047,704,22:45
88.9%,44495000,-527991.1578838946,400.4738122072711,704,22:44
88.9%,44500000,-526840.5304654883,398.4078675218663,704,22:43
88.9%,44505000,-529098.5213391935,397.43129443382156,704,22:41
88.9%,44510000,-526886.1478327308,400.22613631556845,704,22:40
88.9%,44515000,-528716.4336723089,401.34185536812754,704,22:39
89.0%,44520000,-526777.3995200465,399.5837392375053,704,22:38
89.0%,44525000,-528183.7767842463,398.9727922875288,704,22:36
89.0%,44530000,-527105.699351504,399.93942988269123,704,22:35
89.0%,44535000,-528368.4482402103,402.1787673179528,704,22:34
89.0%,44540000,-527691.3297470757,399.2273616940461,704,22:33
89.0%,44545000,-527635.3887801291,396.94384198055974,704,22:32
89.0%,44550000,-528318.6272763908,399.81630336719445,704,22:30
89.0%,44555000,-528149.8903155313,401.8157906446533,704,22:29
89.0%,44560000,-527416.8798984811,398.9286345413853,704,22:28
89.0%,44565000,-527036.9467769759,404.0800281423236,704,22:27
89.1%,44570000,-526653.5417397702,398.6366291789708,704,22:25
89.1%,44575000,-529166.3874695138,399.42697923869594,704,22:24
89.1%,44580000,-528479.8588901823,402.2022935838149,704,22:23
89.1%,44585000,-527606.9350494719,399.80148599015513,704,22:22
89.1%,44590000,-527986.2158265756,401.4020080312075,704,22:20
89.1%,44595000,-527577.3137816251,405.83838959375777,704,22:19
89.1%,44600000,-529382.1160638016,402.47989861457035,704,22:18
89.1%,44605000,-528097.3586820671,401.58303025831464,704,22:17
89.1%,44610000,-529539.6139262542,402.3913868656338,704,22:16
89.1%,44615000,-528247.1421280145,400.34874765736026,704,22:14
89.2%,44620000,-528397.186356151,398.72268771978827,704,22:13
89.2%,44625000,-528873.4671588438,400.0320384891866,704,22:12
89.2%,44630000,-527467.2278446597,399.72263988120784,704,22:11
89.2%,44635000,-527490.0471077971,398.88035540560173,704,22:09
89.2%,44640000,-526968.6433633845,398.3955278850273,704,22:08
89.2%,44645000,-528429.6829725015,399.81745637501035,704,22:07
89.2%,44650000,-528249.243078189,401.10041062504735,704,22:06
89.2%,44655000,-528589.9446486426,401.4388552171561,704,22:05
89.2%,44660000,-529074.1233698018,403.2682125115566,704,22:03
89.2%,44665000,-528813.5604277034,399.0677805058997,704,22:02
89.3%,44670000,-527059.5388181782,399.3990371982195,704,22:01
89.3%,44675000,-528599.4560509087,405.0312841225794,704,22:00
89.3%,44680000,-528093.0033612414,398.61793573310337,704,21:58
89.3%,44685000,-527818.1958357957,403.6162491474109,704,21:57
89.3%,44690000,-527539.9125690381,398.4968208482643,704,21:56
89.3%,44695000,-528781.8035297492,402.34472684720885,704,21:55
89.3%,44700000,-526603.5142089669,396.8285166668816,704,21:53
89.3%,44705000,-527559.5989713729,402.2420110232628,704,21:52
89.3%,44710000,-527792.010183997,402.69291067555037,704,21:51
89.3%,44715000,-528072.4393636906,403.28165609204916,704,21:50
89.4%,44720000,-529173.2122629038,399.02408886929885,704,21:49
89.4%,44725000,-528657.9139059656,401.8697366911919,704,21:47
89.4%,44730000,-527188.6107971026,397.8097017861902,704,21:46
89.4%,44735000,-529682.5396304713,399.5720619668585,704,21:45
89.4%,44740000,-527315.4478528062,396.1358778865396,704,21:44
89.4%,44745000,-528120.348007957,405.6682841427806,704,21:42
89.4%,44750000,-527794.239724359,401.02033791204053,704,21:41
89.4%,44755000,-527210.7207317315,396.70723005747413,704,21:40
89.4%,44760000,-528352.2882478037,399.0737663337103,704,21:39
89.4%,44765000,-527723.8005971066,404.36729881306826,704,21:37
89.5%,44770000,-529915.0150244171,400.32043763566605,704,21:36
89.5%,44775000,-528157.2898807982,400.9588114524139,704,21:35
89.5%,44780000,-528450.9357606475,400.9450244227846,704,21:34
89.5%,44785000,-527641.2663331018,396.22789772308647,704,21:33
89.5%,44790000,-527295.3615208273,401.7728840346505,704,21:31
89.5%,44795000,-528120.1190416049,399.8200813076978,704,21:30
89.5%,44800000,-527529.3239197824,405.30884008917246,704,21:29
89.5%,44805000,-527253.4370294316,403.9002570513572,704,21:28
89.5%,44810000,-529889.2000540043,400.6989676484406,704,21:26
89.5%,44815000,-528666.1862847782,397.0226880895071,704,21:25
89.6%,44820000,-529787.4244240597,404.9948049178486,704,21:24
89.6%,44825000,-526768.5386142428,403.0172983851367,704,21:23
89.6%,44830000,-527286.0368486843,399.9811098886344,704,21:22
89.6%,44835000,-530419.0421602777,400.63214225927675,704,21:20
89.6%,44840000,-530083.8874848364,399.5726262047259,704,21:19
89.6%,44845000,-529077.1026781881,401.5298447062929,704,21:18
89.6%,44850000,-529845.5416023033,401.75448497375737,704,21:17
89.6%,44855000,-529949.214106726,399.71883740862324,704,21:15
89.6%,44860000,-529083.1277310182,397.21435723985104,704,21:14
89.6%,44865000,-529337.3424109556,400.61855148629706,704,21:13
89.7%,44870000,-528455.5791270337,402.06878999797436,704,21:12
89.7%,44875000,-526773.361844623,398.4140496063264,704,21:10
89.7%,44880000,-529602.3498386703,398.4540368986674,704,21:09
89.7%,44885000,-527245.0252605076,401.356182103543,704,21:08
89.7%,44890000,-528277.3089699787,399.56151317194644,704,21:07
89.7%,44895000,-526015.6057958533,398.9914366692338,704,21:06
89.7%,44900000,-528258.8929729504,399.4849240144686,704,21:04
89.7%,44905000,-527193.79405858,402.1136591744724,704,21:03
89.7%,44910000,-528389.7632561363,402.7254402152094,704,21:02
89.7%,44915000,-527971.1312714089,401.87228802763576,704,21:01
89.8%,44920000,-527347.791389768,398.07251397198763,704,20:59
89.8%,44925000,-526886.4852200407,399.24531917747777,704,20:58
89.8%,44930000,-529126.8925991412,402.5300912526868,704,20:57
89.8%,44935000,-529318.9644772573,401.428944256355,704,20:56
89.8%,44940000,-526952.2676970116,400.0119467146913,704,20:55
89.8%,44945000,-529080.918101538,399.25944965624365,704,20:53
89.8%,44950000,-530122.7285910421,400.1699087854791,704,20:52
89.8%,44955000,-527032.7717509773,400.99767026902015,704,20:51
89.8%,44960000,-527119.1783083603,398.959446835361,704,20:50
89.8%,44965000,-528588.6256567282,402.43066272762036,704,20:48
89.9%,44970000,-528600.3401109828,400.5150751678341,704,20:47
89.9%,44975000,-529193.6686412636,400.51330885798836,704,20:46
89.9%,44980000,-528209.7878138772,399.7050258469128,704,20:45
89.9%,44985000,-528323.353693414,400.9017007674016,704,20:43
89.9%,44990000,-527922.331815559,401.9823880080202,704,20:42
89.9%,44995000,-529581.7727203346,400.6257148540048,704,20:41
89.9%,45000000,-526730.7289616577,396.48082348016396,704,20:40
89.9%,45005000,-528545.2202686793,400.12182590634507,704,20:39
89.9%,45010000,-526974.7246550894,399.4676288972291,704,20:37
89.9%,45015000,-527915.5602077036,404.91684196382414,704,20:36
90.0%,45020000,-528060.1966031012,400.9246627953962,704,20:35
90.0%,45025000,-529395.6635078378,401.21806648643866,704,20:34
90.0%,45030000,-528953.2250290494,399.90586999562214,704,20:32
90.0%,45035000,-529797.2736336305,397.9030463551213,704,20:31
90.0%,45040000,-528594.6859469833,397.5628354531668,704,20:30
90.0%,45045000,-528094.2848733352,398.4971642974009,704,20:29
90.0%,45050000,-528020.4617542448,399.3023072020841,704,20:28
90.0%,45055000,-528906.2762989653,397.32271544247095,704,20:26
90.0%,45060000,-527750.4926989498,396.93216470991285,704,20:25
90.0%,45065000,-526764.4956283784,401.57245693132137,704,20:24
90.0%,45070000,-528837.0661581792,400.6473521496151,704,20:23
90.1%,45075000,-527702.3455277216,402.5304347018234,704,20:21
90.1%,45080000,-527553.8845358565,400.90859428221626,704,20:20
90.1%,45085000,-528013.572801121,403.16451540436293,704,20:19
90.1%,45090000,-529010.6003152272,401.65228432351637,704,20:18
90.1%,45095000,-526251.6700960174,404.42497373594796,704,20:16
90.1%,45100000,-528930.2759503569,400.67443556724976,704,20:15
90.1%,45105000,-526959.6851810552,401.38338818158365,704,20:14
90.1%,45110000,-527739.5671972185,402.2635256584672,704,20:13
90.1%,45115000,-527562.3216111199,404.2488088609166,704,20:12
90.1%,45120000,-527102.6262394604,395.31680075974015,704,20:10
90.2%,45125000,-527948.240833478,401.2899209522466,704,20:09
90.2%,45130000,-528456.5524742617,398.64538713195594,704,20:08
90.2%,45135000,-528087.0045165466,401.5972343333242,704,20:07
90.2%,45140000,-527848.9097714005,402.58761898307927,704,20:05
90.2%,45145000,-527507.4939359576,402.5928443163729,704,20:04
90.2%,45150000,-527294.1170252697,399.0306144028956,704,20:03
90.2%,45155000,-527910.0472200196,400.0748224387834,704,20:02
90.2%,45160000,-528844.6735430639,400.9682808357536,704,20:00
90.2%,45165000,-529100.025305165,402.200895255187,704,19:59
90.2%,45170000,-526901.2128977193,402.926063575188,704,19:58
90.3%,45175000,-527974.2392379073,399.82275530454757,704,19:57
90.3%,45180000,-527153.5054683704,399.4624280960166,704,19:56
90.3%,45185000,-527066.0098741306,400.02413915904316,704,19:54
90.3%,45190000,-529804.5567110046,398.021021133568,704,19:53
90.3%,45195000,-527933.6652467037,402.6563824066572,704,19:52
90.3%,45200000,-529162.493467553,399.96423181677517,704,19:51
90.3%,45205000,-526242.3058308968,395.48648916533705,704,19:49
90.3%,45210000,-528948.1787195615,399.32919436306923,704,19:48
90.3%,45215000,-529494.9131628186,398.56931314818314,704,19:47
90.3%,45220000,-527479.1893708506,398.061768920426,704,19:46
90.4%,45225000,-528075.6479311502,401.35838999085024,704,19:45
90.4%,45230000,-526861.7467126488,398.5844249101967,704,19:43
90.4%,45235000,-528645.4775365484,398.4712829517446,704,19:42
90.4%,45240000,-528896.7408487354,399.65647685823615,704,19:41
90.4%,45245000,-527182.963529977,401.0375103688741,704,19:40
90.4%,45250000,-529109.4692529044,398.19463467215553,704,19:38
90.4%,45255000,-528283.3000983195,405.2197641023685,704,19:37
90.4%,45260000,-527240.2936185002,398.99192731085765,704,19:36
90.4%,45265000,-528864.6555538545,399.28523287357524,704,19:35
90.4%,45270000,-527596.4592138394,399.05146667190775,704,19:33
90.5%,45275000,-527767.5011213259,396.65939249915203,704,19:32
90.5%,45280000,-530021.3561770888,399.18376818576996,704,19:31
90.5%,45285000,-527585.0154006421,399.5426234694295,704,19:30
90.5%,45290000,-527649.034086708,402.77555925708225,704,19:29
90.5%,45295000,-529132.6719812704,402.27638046901114,704,19:27
90.5%,45300000,-529583.1214930881,403.92714421234234,704,19:26
90.5%,45305000,-526183.4287274149,400.25979433096234,704,19:25
90.5%,45310000,-527509.5848331805,401.9185800648429,704,19:24
90.5%,45315000,-528555.5943346783,401.70375262985476,704,19:22
90.5%,45320000,-528591.0404164316,399.1125760861542,704,19:21
90.6%,45325000,-527451.0533850882,400.1067632084939,704,19:20
90.6%,45330000,-528695.4488087539,401.05644913555346,704,19:19
90.6%,45335000,-529645.3126188489,400.95444474196194,704,19:18
90.6%,45340000,-529202.5171409845,398.44603944019923,704,19:16
90.6%,45345000,-527829.081280475,395.00507160404817,704,19:15
90.6%,45350000,-528518.9230053294,399.21637132167257,704,19:14
90.6%,45355000,-529823.6655036039,401.7277695373406,704,19:13
90.6%,45360000,-527344.2730598478,396.8326625886029,704,19:11
90.6%,45365000,-528416.1441880986,398.99347283197267,704,19:10
90.6%,45370000,-528126.8427033382,401.47943127944575,704,19:09
90.7%,45375000,-529498.3850602843,400.8116189652689,704,19:08
90.7%,45380000,-527366.4059504867,399.2417620257051,704,19:06
90.7%,45385000,-528712.5850974265,402.7291690915504,704,19:05
90.7%,45390000,-528279.7723667207,401.86880447210666,704,19:04
90.7%,45395000,-527964.2328806533,404.27898332078126,704,19:03
90.7%,45400000,-529224.1581357713,402.2621027977581,704,19:02
90.7%,45405000,-527378.0975024523,402.0521572469269,704,19:00
90.7%,45410000,-527472.8639733326,404.65346554015935,704,18:59
90.7%,45415000,-527182.7011331134,401.76687367475876,704,18:58
90.7%,45420000,-529029.163008472,403.49076755211985,704,18:57
90.8%,45425000,-529245.9152491963,400.833354389204,704,18:55
90.8%,45430000,-528193.7490350842,397.58371225426026,704,18:54
90.8%,45435000,-528108.7259133053,399.4873772225877,704,18:53
90.8%,45440000,-528981.890392588,399.52130509087465,704,18:52
90.8%,45445000,-527985.2002836275,401.94269510065345,704,18:50
90.8%,45450000,-528311.296838046,398.80028269259486,704,18:49
90.8%,45455000,-528357.1107821348,395.81973295623334,704,18:48
90.8%,45460000,-528473.1204322055,403.89095939258584,704,18:47
90.8%,45465000,-529301.7667639577,399.7465341282877,704,18:46
90.8%,45470000,-528614.1621991158,396.6739400232982,704,18:44
90.9%,45475000,-527444.2846477563,398.6877785682537,704,18:43
90.9%,45480000,-529155.8435427654,398.40389332471335,704,18:42
90.9%,45485000,-528393.8040982098,401.2383790496646,704,18:41
90.9%,45490000,-527926.7782868445,404.427549604473,704,18:39
90.9%,45495000,-529167.6599227698,400.0431515219661,704,18:38
90.9%,45500000,-527778.7173889382,400.09336869216366,704,18:37
90.9%,45505000,-529055.6246588668,402.34948607095987,704,18:36
90.9%,45510000,-527027.6800092319,399.4726089097108,704,18:35
90.9%,45515000,-528613.9578334577,402.0766647960366,704,18:33
90.9%,45520000,-527731.3532275693,399.91497139774395,704,18:32
91.0%,45525000,-527797.4314405606,399.38260070382165,704,18:31
91.0%,45530000,-527023.1292765825,402.23008843180406,704,18:30
91.0%,45535000,-527221.8856715444,400.1131906137659,704,18:28
91.0%,45540000,-528671.8786433982,400.5803305038017,704,18:27
91.0%,45545000,-529748.4896934889,397.9726438694597,704,18:26
91.0%,45550000,-527584.4497889611,402.5656627704135,704,18:25
91.0%,45555000,-528193.1669912683,401.23045518744,704,18:23
91.0%,45560000,-529745.4899018281,401.7686645166857,704,18:22
91.0%,45565000,-528754.4030189156,400.6156567007165,704,18:21
91.0%,45570000,-528114.930508974,400.80053046457067,704,18:20
91.1%,45575000,-528304.9063036703,401.24375157544546,704,18:19
91.1%,45580000,-527987.9729432212,399.1382366430798,704,18:17
91.1%,45585000,-527454.9091280308,399.7941999620415,704,18:16
91.1%,45590000,-527956.1477845316,400.5851633237963,704,18:15
91.1%,45595000,-527490.9742104053,402.0271835882747,704,18:14
91.1%,45600000,-528528.5943552726,398.60221066906007,704,18:12
91.1%,45605000,-528378.9241084387,402.4794079729465,704,18:11
91.1%,45610000,-527350.2615219252,402.02757610157374,704,18:10
91.1%,45615000,-527450.0404488845,396.443289395942,704,18:09
91.1%,45620000,-527273.0290613044,398.1442948415519,704,18:08
91.2%,45625000,-528612.7414438804,399.35588526740486,704,18:06
91.2%,45630000,-527260.5755995624,397.6557629767177,704,18:05
91.2%,45635000,-527406.6712731379,402.23654036915724,704,18:04
91.2%,45640000,-526950.1367119784,397.86126822085333,704,18:03
91.2%,45645000,-528232.9293266679,399.8119611888236,704,18:01
91.2%,45650000,-528785.7103737206,398.4150799537364,704,18:00
91.2%,45655000,-526460.991783943,401.81630581835833,704,17:59
91.2%,45660000,-528926.001838082,400.22807434998253,704,17:58
91.2%,45665000,-528428.1021034098,400.02158782259926,704,17:56
91.2%,45670000,-528968.533212556,400.30144980482436,704,17:55
91.3%,45675000,-526924.0896567367,401.2154660858324,704,17:54
91.3%,45680000,-529154.8571531228,399.11100603295796,704,17:53
91.3%,45685000,-527430.0708768768,403.88470371188225,704,17:52
91.3%,45690000,-527501.5600456977,399.4252374609313,704,17:50
91.3%,45695000,-528703.924167796,398.039273001974,704,17:49
91.3%,45700000,-526965.2724072486,401.8297984630133,704,17:48
91.3%,45705000,-526927.9172173799,398.039788175679,704,17:47
91.3%,45710000,-526917.1268798881,400.38699317193675,704,17:45
91.3%,45715000,-530138.7436660351,399.7703793112052,704,17:44
91.3%,45720000,-528719.0552620883,400.78527151006995,704,17:43
91.4%,45725000,-527280.1559028476,398.9730376083407,704,17:42
91.4%,45730000,-527116.4986074171,400.66268470035936,704,17:40
91.4%,45735000,-528755.0507936729,406.4833380082648,704,17:39
91.4%,45740000,-527093.2336222432,400.1310499688728,704,17:38
91.4%,45745000,-529046.547576108,396.4174816465292,704,17:37
91.4%,45750000,-530393.8803731599,401.2695593248582,704,17:36
91.4%,45755000,-529827.1474718936,402.49942615119824,704,17:34
91.4%,45760000,-527905.2744937958,399.0240152730552,704,17:33
91.4%,45765000,-527883.2845581011,399.7521274427992,704,17:32
91.4%,45770000,-527878.5442778692,401.0488932545466,704,17:31
91.5%,45775000,-527059.2716381433,403.14778452499075,704,17:29
91.5%,45780000,-526786.6359367436,400.020263090215,704,17:28
91.5%,45785000,-528694.2100358861,402.1333339035874,704,17:27
91.5%,45790000,-526630.8182841241,402.32465960479476,704,17:26
91.5%,45795000,-528302.968421747,403.99490182059145,704,17:25
91.5%,45800000,-528707.467019279,403.5488840524609,704,17:23
91.5%,45805000,-529085.6575781167,400.2424501495604,704,17:22
91.5%,45810000,-528070.0149952876,399.9013315606018,704,17:21
91.5%,45815000,-527493.4886968909,401.2378884080408,704,17:20
91.5%,45820000,-527429.0346862185,400.44461903065405,704,17:18
91.6%,45825000,-529387.4006820861,401.0572341621515,704,17:17
91.6%,45830000,-527016.1913001724,398.74525723448386,704,17:16
91.6%,45835000,-527454.2478502044,399.68677397850684,704,17:15
91.6%,45840000,-527779.4415487777,396.91440348313074,704,17:13
91.6%,45845000,-528746.4942022027,400.09366307713793,704,17:12
91.6%,45850000,-527893.0740583837,400.34575474345496,704,17:11
91.6%,45855000,-527627.0697766943,397.6185723416324,704,17:10
91.6%,45860000,-529197.6238587648,399.2971309329528,704,17:09
91.6%,45865000,-528587.2484777076,401.37166184677443,704,17:07
91.6%,45870000,-527113.9948543427,400.53401393451344,704,17:06
91.7%,45875000,-527156.6009454937,400.1676027698471,704,17:05
91.7%,45880000,-528363.0493880822,400.38667425488126,704,17:04
91.7%,45885000,-526697.3681542384,402.96887205686596,704,17:02
91.7%,45890000,-526199.7663261504,399.61631784132675,704,17:01
91.7%,45895000,-528413.1989487447,399.86355215556796,704,17:00
91.7%,45900000,-528735.061430973,399.9630542768779,704,16:59
91.7%,45905000,-527323.1105723842,401.7413357782391,704,16:58
91.7%,45910000,-526876.5730272382,403.4924847978031,704,16:56
91.7%,45915000,-529406.602099882,398.3216127243993,704,16:55
91.7%,45920000,-527086.9380515493,400.42249109341986,704,16:54
91.8%,45925000,-529092.7327411538,400.81770292140425,704,16:53
91.8%,45930000,-527102.6341406838,404.9560196974859,704,16:51
91.8%,45935000,-527951.2018563394,401.64001828292095,704,16:50
91.8%,45940000,-525115.0983662661,401.0348363720243,704,16:49
91.8%,45945000,-525936.8040605015,403.60597020539194,704,16:48
91.8%,45950000,-528795.3478651699,398.9810841309713,704,16:46
91.8%,45955000,-527743.7558549377,400.0628262510811,704,16:45
91.8%,45960000,-527506.6377348867,398.83040808829725,704,16:44
91.8%,45965000,-527490.68710315,399.74636240371933,704,16:43
91.8%,45970000,-526318.5181426872,401.1355405653126,704,16:42
91.9%,45975000,-527306.7874200032,400.98118471045996,704,16:40
91.9%,45980000,-530155.8351581409,401.0517880401271,704,16:39
91.9%,45985000,-527652.5370545671,400.37315707814514,704,16:38
91.9%,45990000,-529095.5872594547,398.5549618806865,704,16:37
91.9%,45995000,-527654.5686615533,398.428523534229,704,16:35
91.9%,46000000,-529096.3323472515,402.4070138013524,704,16:34
91.9%,46005000,-527890.2672886974,398.57466114188276,704,16:33
91.9%,46010000,-527239.9757224014,403.2819259449422,704,16:32
91.9%,46015000,-527003.6179515403,398.0412110363881,704,16:30
91.9%,46020000,-527248.9860843918,405.0901611174374,704,16:29
92.0%,46025000,-527957.6587620075,398.84282132137974,704,16:28
92.0%,46030000,-527303.8753095292,402.21755253831554,704,16:27
92.0%,46035000,-527872.419814737,397.3528163060921,704,16:26
92.0%,46040000,-527793.8729694327,398.56992645021296,704,16:24
92.0%,46045000,-527528.869588335,400.9123722227196,704,16:23
92.0%,46050000,-528928.7603133977,399.4666230819003,704,16:22
92.0%,46055000,-529627.6334636253,398.60481106966625,704,16:21
92.0%,46060000,-527332.2331745485,401.07995086933425,704,16:19
92.0%,46065000,-529613.7634767839,399.80442983989803,704,16:18
92.0%,46070000,-528355.2135700919,399.37840571793805,704,16:17
92.1%,46075000,-528876.6528181289,399.93187400168443,704,16:16
92.1%,46080000,-528609.8463165001,402.17952781246976,704,16:15
92.1%,46085000,-528327.3723106869,399.10570710342074,704,16:13
92.1%,46090000,-528196.5865966678,401.1167735232017,704,16:12
92.1%,46095000,-526104.0553955012,401.19127745377824,704,16:11
92.1%,46100000,-530696.9758485211,398.63525538242413,704,16:10
92.1%,46105000,-530070.7616209267,398.6738934102997,704,16:08
92.1%,46110000,-527467.4686216707,403.9377420714168,704,16:07
92.1%,46115000,-527377.1708540632,399.08532094395116,704,16:06
92.1%,46120000,-528495.5935134795,399.6694543291861,704,16:05
92.2%,46125000,-528051.343936136,400.9652388576859,704,16:03
92.2%,46130000,-530372.4191718143,398.8892850831552,704,16:02
92.2%,46135000,-529105.7140051932,400.9849626509633,704,16:01
92.2%,46140000,-528107.8575361813,401.08044151095805,704,16:00
92.2%,46145000,-528244.9896527845,401.57557250563264,704,15:59
92.2%,46150000,-528296.4826703859,396.2227950501987,704,15:57
92.2%,46155000,-529230.2737774658,400.5669605195527,704,15:56
92.2%,46160000,-526830.9464546489,399.3627297180571,704,15:55
92.2%,46165000,-530203.5028409362,398.0606895088536,704,15:54
92.2%,46170000,-528155.345328033,400.18399020008263,704,15:52
92.3%,46175000,-527012.2841315432,401.0642503373721,704,15:51
92.3%,46180000,-529037.6581194187,398.5958323279504,704,15:50
92.3%,46185000,-528702.1322125369,398.4937298060342,704,15:49
92.3%,46190000,-528045.05326046,400.09687677977394,704,15:48
92.3%,46195000,-527741.6819093591,400.3304467247919,704,15:46
92.3%,46200000,-527467.8116404545,400.1686331172572,704,15:45
92.3%,46205000,-528367.7497822237,397.0467295290741,704,15:44
92.3%,46210000,-529761.209064241,402.12580255466185,704,15:43
92.3%,46215000,-528360.8736309693,401.83887533305386,704,15:41
92.3%,46220000,-527557.7295225877,401.99489936942757,704,15:40
92.4%,46225000,-528563.5659698825,400.5062681506866,704,15:39
92.4%,46230000,-528972.9674284463,403.9989250819067,704,15:38
92.4%,46235000,-528331.3911092053,399.1959360980406,704,15:36
92.4%,46240000,-528022.7555416613,401.34134019442257,704,15:35
92.4%,46245000,-530002.5271891397,403.53801634049336,704,15:34
92.4%,46250000,-529214.5080735865,397.5487295064821,704,15:33
92.4%,46255000,-528364.881896602,397.01204116627025,704,15:32
92.4%,46260000,-529356.8577008657,403.82472277337064,704,15:30
92.4%,46265000,-528012.1997360257,398.21305826512986,704,15:29
92.4%,46270000,-525931.6499875532,403.11947450329654,704,15:28
92.5%,46275000,-528062.356224345,404.4121434574851,704,15:27
92.5%,46280000,-527819.8913890305,405.92675415020716,704,15:25
92.5%,46285000,-528760.8716709497,400.060888216667,704,15:24
92.5%,46290000,-527333.6274245623,398.0970215210972,704,15:23
92.5%,46295000,-527616.4467568519,400.80011341919044,704,15:22
92.5%,46300000,-528903.3848443222,402.1678996059853,704,15:20
92.5%,46305000,-528927.7778111673,399.8201303718602,704,15:19
92.5%,46310000,-527685.3468714552,403.64664439600637,704,15:18
92.5%,46315000,-529030.8236783529,400.24708671290546,704,15:17
92.5%,46320000,-527597.688135541,399.6338828114594,704,15:16
92.6%,46325000,-529299.480489972,399.17258155674693,704,15:14
92.6%,46330000,-527259.0987667809,401.75833651050436,704,15:13
92.6%,46335000,-526607.7270374759,401.4011003442034,704,15:12
92.6%,46340000,-527836.8866323656,400.27647614617206,704,15:11
92.6%,46345000,-526455.3729941421,402.87668049575086,704,15:09
92.6%,46350000,-529703.3479289338,401.8890679711703,704,15:08
92.6%,46355000,-528213.9023675048,400.19198765855083,704,15:07
92.6%,46360000,-527286.6290474162,399.5048685964768,704,15:06
92.6%,46365000,-527458.2047129371,400.99139005623533,704,15:05
92.6%,46370000,-529540.2431702293,400.72026149491427,704,15:03
92.7%,46375000,-528152.4021695261,402.83257181376973,704,15:02
92.7%,46380000,-527406.2649776889,398.91614771205917,704,15:01
92.7%,46385000,-526938.9222109765,401.5859986401387,704,15:00
92.7%,46390000,-527547.0420350838,401.20842537853065,704,14:58
92.7%,46395000,-528239.3576653455,397.4608065274942,704,14:57
92.7%,46400000,-526520.9118219609,400.9306976873692,704,14:56
92.7%,46405000,-528408.9047076968,404.66654113943406,704,14:55
92.7%,46410000,-527055.9316131813,400.7365017326626,704,14:53
92.7%,46415000,-526390.7307570875,397.52171968509106,704,14:52
92.7%,46420000,-526893.8346102913,405.33320044579494,704,14:51
92.8%,46425000,-528153.8850352569,399.8290109852513,704,14:50
92.8%,46430000,-527309.6592601365,397.10136247388607,704,14:49
92.8%,46435000,-527638.9806309082,399.6086147678328,704,14:47
92.8%,46440000,-528498.194237886,401.6642559791375,704,14:46
92.8%,46445000,-527842.4763297141,403.38236028533754,704,14:45
92.8%,46450000,-528466.6181698167,401.26237142506926,704,14:44
92.8%,46455000,-528058.5595124913,400.48046040127383,704,14:42
92.8%,46460000,-530330.3153950968,400.04886749688353,704,14:41
92.8%,46465000,-529244.8821217148,399.54993402962435,704,14:40
92.8%,46470000,-527025.0766255688,399.1612232031556,704,14:39
92.9%,46475000,-526427.4206570862,402.86220656784826,704,14:38
92.9%,46480000,-527763.336481058,400.8035724426383,704,14:36
92.9%,46485000,-528188.6217400753,400.5948289637855,704,14:35
92.9%,46490000,-527416.1014919104,400.72455460912266,704,14:34
92.9%,46495000,-527838.2495559603,398.91487204383725,704,14:33
92.9%,46500000,-528803.3036929392,402.4900548961833,704,14:31
92.9%,46505000,-528335.2613847046,399.6200957818301,704,14:30
92.9%,46510000,-529929.3128840271,401.06366156742354,704,14:29
92.9%,46515000,-528802.0416119345,403.7709729834815,704,14:28
92.9%,46520000,-528733.7911598212,397.66886310807365,704,14:26
93.0%,46525000,-526500.3232285366,399.5553065554051,704,14:25
93.0%,46530000,-526962.7673300239,401.4764383655405,704,14:24
93.0%,46535000,-527815.6004452021,402.85931178226775,704,14:23
93.0%,46540000,-526759.0877504768,400.2113680026916,704,14:22
93.0%,46545000,-527575.7918748255,400.2050877899067,704,14:20
93.0%,46550000,-528419.6781206452,399.7087301911726,704,14:19
93.0%,46555000,-528009.399132295,398.62347998345257,704,14:18
93.0%,46560000,-528957.5414460734,401.65203900270444,704,14:17
93.0%,46565000,-527628.1043629735,398.7712367084649,704,14:15
93.0%,46570000,-528348.8881429005,399.80879655035,704,14:14
93.1%,46575000,-526848.3383878837,403.33758923716425,704,14:13
93.1%,46580000,-527820.4525486547,400.2663198645591,704,14:12
93.1%,46585000,-527238.791972022,401.2522151434563,704,14:10
93.1%,46590000,-527324.4527047691,403.1626264341112,704,14:09
93.1%,46595000,-526628.6095845592,399.21786777862525,704,14:08
93.1%,46600000,-528159.3596642837,404.0311357045103,704,14:07
93.1%,46605000,-527496.5003634612,402.3796605308246,704,14:06
93.1%,46610000,-527985.4481444675,396.4926479432979,704,14:04
93.1%,46615000,-529063.2492679078,399.93815421446925,704,14:03
93.1%,46620000,-527706.791301257,400.99583036293086,704,14:02
93.2%,46625000,-529238.1104504569,400.27733476901375,704,14:01
93.2%,46630000,-529871.2690112968,399.0372135327359,704,13:59
93.2%,46635000,-527358.1254056939,403.0770094707552,704,13:58
93.2%,46640000,-527743.0423491015,401.6147993034568,704,13:57
93.2%,46645000,-527926.089666896,401.3486752866986,704,13:56
93.2%,46650000,-527888.1643653158,401.3538760879111,704,13:55
93.2%,46655000,-527686.7574435943,403.5766053042065,704,13:53
93.2%,46660000,-528961.9594660895,401.2640641386714,704,13:52
93.2%,46665000,-528045.7042819164,406.0887640143914,704,13:51
93.2%,46670000,-526774.1553774867,399.167061838479,704,13:50
93.3%,46675000,-527941.4327112809,396.64921168545783,704,13:48
93.3%,46680000,-530017.8645941978,401.28172723712885,704,13:47
93.3%,46685000,-527308.0106676742,400.0492109460202,704,13:46
93.3%,46690000,-528414.2851137435,401.1383617546496,704,13:45
93.3%,46695000,-526984.9494594675,401.3396720129016,704,13:43
93.3%,46700000,-529117.0922026965,399.3053491801518,704,13:42
93.3%,46705000,-527198.0698126676,400.42980165361473,704,13:41
93.3%,46710000,-528920.9241525535,398.4121851681559,704,13:40
93.3%,46715000,-528802.2741822149,399.7192544540035,704,13:39
93.3%,46720000,-525982.016339188,400.87903312438135,704,13:37
93.4%,46725000,-528541.9246433321,398.4335035467107,704,13:36
93.4%,46730000,-529925.3773040255,398.48649284208295,704,13:35
93.4%,46735000,-526830.6891332483,401.9322689661474,704,13:34
93.4%,46740000,-527555.6248679399,400.9191921412907,704,13:32
93.4%,46745000,-528452.1549568763,401.2755206205876,704,13:31
93.4%,46750000,-528601.5001972173,402.0150647401664,704,13:30
93.4%,46755000,-529393.3776996308,399.4547250225227,704,13:29
93.4%,46760000,-528154.9916702495,398.22657544186603,704,13:28
93.4%,46765000,-526606.9835707275,398.3858377129569,704,13:26
93.4%,46770000,-529136.1711874316,399.98496142538136,704,13:25
93.5%,46775000,-528220.8548140447,401.23587677738317,704,13:24
93.5%,46780000,-529569.3149233446,402.2622499902452,704,13:23
93.5%,46785000,-529262.519005713,397.08053473695503,704,13:21
93.5%,46790000,-529135.2931752964,395.39856618634917,704,13:20
93.5%,46795000,-527808.6626827014,398.7673115754744,704,13:19
93.5%,46800000,-528399.7208484071,400.3103304182154,704,13:18
93.5%,46805000,-528188.1314777322,397.2238020911095,704,13:16
93.5%,46810000,-528442.8390396805,401.17417859318823,704,13:15
93.5%,46815000,-527493.7701692511,399.52564726924544,704,13:14
93.5%,46820000,-526829.8557524369,397.6357693305472,704,13:13
93.6%,46825000,-527156.5580849061,400.77953100307127,704,13:12
93.6%,46830000,-528257.2533352505,399.3817666130612,704,13:10
93.6%,46835000,-527937.9848709111,396.52522654711936,704,13:09
93.6%,46840000,-527187.2468863968,399.5914913751616,704,13:08
93.6%,46845000,-529488.8719155435,398.5684545253415,704,13:07
93.6%,46850000,-527596.4907946396,402.94816698034094,704,13:05
93.6%,46855000,-526719.5811606492,403.76461917445306,704,13:04
93.6%,46860000,-528519.7472958323,397.9942075688265,704,13:03
93.6%,46865000,-527653.6008442473,393.84364928423054,704,13:02
93.6%,46870000,-528769.7697799881,403.9644329757524,704,13:00
93.7%,46875000,-527895.337131206,398.73073424241886,704,12:59
93.7%,46880000,-527720.9154885956,400.1249169485751,704,12:58
93.7%,46885000,-529179.8303852635,398.25881059655075,704,12:57
93.7%,46890000,-528648.6267440375,395.03441197315243,704,12:56
93.7%,46895000,-527833.341572342,400.25770910406106,704,12:54
93.7%,46900000,-527283.8901631571,398.53445306081096,704,12:53
93.7%,46905000,-527674.3441174356,399.9792945146263,704,12:52
93.7%,46910000,-528287.0619632369,403.5604631947829,704,12:51
93.7%,46915000,-527002.9234966794,398.575716021374,704,12:49
93.7%,46920000,-527487.3675743351,399.310402788877,704,12:48
93.8%,46925000,-527952.1702980492,399.833990997733,704,12:47
93.8%,46930000,-526646.1859352197,397.26207213776723,704,12:46
93.8%,46935000,-528430.5760459104,397.89787008599,704,12:45
93.8%,46940000,-526669.5326874284,397.728427001205,704,12:43
93.8%,46945000,-526939.1978119435,397.41294443709086,704,12:42
93.8%,46950000,-528266.4958364465,398.98179556132584,704,12:41
93.8%,46955000,-528999.6500099744,402.8829852406169,704,12:40
93.8%,46960000,-529330.2658430547,396.04030089822015,704,12:38
93.8%,46965000,-528820.2178242588,402.01246433956015,704,12:37
93.8%,46970000,-530870.5772228315,400.989034976441,704,12:36
93.9%,46975000,-529233.3438033126,396.34888994751964,704,12:35
93.9%,46980000,-526224.0461691478,401.094571989724,704,12:33
93.9%,46985000,-527545.5128568439,401.49101042176784,704,12:32
93.9%,46990000,-527201.0290036043,401.1135598205657,704,12:31
93.9%,46995000,-529052.8169882158,396.6684203050302,704,12:30
93.9%,47000000,-528068.1972899036,400.6832180523161,704,12:29
93.9%,47005000,-528977.0132662021,402.1498930583912,704,12:27
93.9%,47010000,-527759.0028570602,400.20778631883775,704,12:26
93.9%,47015000,-528893.8620708552,400.5336704853768,704,12:25
93.9%,47020000,-529229.6026418759,399.62873107440925,704,12:24
94.0%,47025000,-526979.9019253217,400.2956847657445,704,12:22
94.0%,47030000,-528281.3895779178,400.9523349829795,704,12:21
94.0%,47035000,-528708.8763530273,400.14932636936,704,12:20
94.0%,47040000,-527655.1096790787,402.37809047762835,704,12:19
94.0%,47045000,-528341.3968234179,399.80263899797114,704,12:17
94.0%,47050000,-527755.9758589822,399.8559962745612,704,12:16
94.0%,47055000,-528139.7854140578,405.3298395506718,704,12:15
94.0%,47060000,-527900.5907529467,397.5281961545254,704,12:14
94.0%,47065000,-527776.7800453068,402.3333684936175,704,12:13
94.0%,47070000,-527571.0364103173,403.3258138381927,704,12:11
94.1%,47075000,-527418.5956457434,400.3105512069461,704,12:10
94.1%,47080000,-527654.6504246076,397.34420554559415,704,12:09
94.1%,47085000,-528771.8986408403,398.63255685349316,704,12:08
94.1%,47090000,-529181.8246595748,401.8521226568969,704,12:06
94.1%,47095000,-528815.0603411463,402.0654536349324,704,12:05
94.1%,47100000,-528015.67331042,399.30775332410843,704,12:04
94.1%,47105000,-529747.2957882225,397.4912999044144,704,12:03
94.1%,47110000,-528126.8886292577,400.71329438385607,704,12:02
94.1%,47115000,-527929.0211648331,398.0411865043069,704,12:00
94.1%,47120000,-528030.7294044481,398.66111219599924,704,11:59
94.2%,47125000,-527881.9647167763,402.60290246966116,704,11:58
94.2%,47130000,-529329.549262723,399.37347476961867,704,11:57
94.2%,47135000,-528953.0117798536,401.86144484774945,704,11:55
94.2%,47140000,-526934.6011781753,401.5983873411401,704,11:54
94.2%,47145000,-527892.4095141785,401.23587677738317,704,11:53
94.2%,47150000,-526747.2964843502,400.8202542578481,704,11:52
94.2%,47155000,-528189.5908304355,398.1958367441339,704,11:50
94.2%,47160000,-527444.0548253828,403.6189722084231,704,11:49
94.2%,47165000,-528018.0343146515,402.56301330564486,704,11:48
94.2%,47170000,-528006.9344914765,400.471358999152,704,11:47
94.3%,47175000,-526925.1889524311,397.58854507425485,704,11:46
94.3%,47180000,-529050.9456569608,397.944530104415,704,11:44
94.3%,47185000,-526981.0820799973,402.78708933524194,704,11:43
94.3%,47190000,-528377.1981304511,396.2409978544424,704,11:42
94.3%,47195000,-527746.306612019,399.24902352173757,704,11:41
94.3%,47200000,-529061.351984513,401.5603626152943,704,11:39
94.3%,47205000,-527866.9842900112,398.70470570427534,704,11:38
94.3%,47210000,-526369.1172518269,397.8320014479927,704,11:37
94.3%,47215000,-528305.34947454,397.78384497261504,704,11:36
94.3%,47220000,-527481.0601506657,401.44530715450935,704,11:35
94.4%,47225000,-527853.7174477573,399.02546266584557,704,11:33
94.4%,47230000,-529525.9376030178,395.6590968885958,704,11:32
94.4%,47235000,-529248.950512208,400.5971840435798,704,11:31
94.4%,47240000,-526737.9934841618,399.85501499131357,704,11:30
94.4%,47245000,-529376.0154115064,400.9702188701676,704,11:28
94.4%,47250000,-526858.9069069065,396.9870184434556,704,11:27
94.4%,47255000,-527984.4220424024,398.12363882918925,704,11:26
94.4%,47260000,-529196.7761736917,397.35482793674976,704,11:25
94.4%,47265000,-527406.1833305242,397.74071757388157,704,11:23
94.4%,47270000,-528688.0650404571,398.0208003448373,704,11:22
94.5%,47275000,-527709.1482610852,399.4288436768664,704,11:21
94.5%,47280000,-528260.5617142571,401.1997655538703,704,11:20
94.5%,47285000,-528786.6021221438,398.2327084621637,704,11:19
94.5%,47290000,-527211.0997248143,401.85261329852074,704,11:17
94.5%,47295000,-528168.4944626507,403.2663480733861,704,11:16
94.5%,47300000,-529711.8956907634,400.34955721603956,704,11:15
94.5%,47305000,-527779.1638978776,400.7358638985516,704,11:14
94.5%,47310000,-527116.9092841339,400.6244882499452,704,11:12
94.5%,47315000,-528621.2279283428,402.23325307027767,704,11:11
94.5%,47320000,-531526.9648416792,404.765650747445,704,11:10
94.6%,47325000,-527896.5450533656,400.30458991121674,704,11:09
94.6%,47330000,-529672.372425064,397.23278083282537,704,11:08
94.6%,47335000,-528850.1291080853,400.7896872846843,704,11:06
94.6%,47340000,-528508.7616217928,402.27598795571214,704,11:05
94.6%,47345000,-528755.5013399636,400.8901216250796,704,11:04
94.6%,47350000,-526186.7772602267,400.44709677085433,704,11:03
94.6%,47355000,-529368.0398625238,398.35563872101096,704,11:01
94.6%,47360000,-527867.9416893967,402.41643412052963,704,11:00
94.6%,47365000,-526475.1426272877,400.3208056168839,704,10:59
94.6%,47370000,-527397.6181623191,403.0548324693587,704,10:58
94.7%,47375000,-525636.4104153826,399.49669941344024,704,10:56
94.7%,47380000,-529371.4859121093,400.2977945247269,704,10:55
94.7%,47385000,-527112.1664342517,399.99445534080223,704,10:54
94.7%,47390000,-528952.2270160937,401.1956932283926,704,10:53
94.7%,47395000,-528035.2513847374,400.5800851829898,704,10:52
94.7%,47400000,-527871.8997960775,403.8655686885533,704,10:50
94.7%,47405000,-531736.5790068237,399.5405137104471,704,10:49
94.7%,47410000,-527213.8644836862,396.2611386931,704,10:48
94.7%,47415000,-528103.115698712,400.16725932071046,704,10:47
94.7%,47420000,-528320.3898592121,401.60231247413066,704,10:45
94.8%,47425000,-528964.8012767523,401.51848635270153,704,10:44
94.8%,47430000,-527806.9031370794,399.320804391302,704,10:43
94.8%,47435000,-528436.0385846985,399.3584366038487,704,10:42
94.8%,47440000,-528253.0740542035,398.3543875848703,704,10:40
94.8%,47445000,-526841.0883509209,400.95390503617574,704,10:39
94.8%,47450000,-527462.9602556541,402.1965040126538,704,10:38
94.8%,47455000,-528087.8090536552,400.06383206640993,704,10:37
94.8%,47460000,-529184.4530116236,399.8340400618954,704,10:36
94.8%,47465000,-527736.1762815798,399.3739163470801,704,10:34
94.8%,47470000,-529337.4516289574,398.75786672421594,704,10:33
94.9%,47475000,-527939.0299826465,397.19605630728273,704,10:32
94.9%,47480000,-529407.3074675207,399.46129962028186,704,10:31
94.9%,47485000,-529107.5761806234,405.28310593600327,704,10:29
94.9%,47490000,-526291.7790677743,402.0809333781638,704,10:28
94.9%,47495000,-528737.2723325267,397.02460159183994,704,10:27
94.9%,47500000,-528301.3442693376,400.3635895664807,704,10:26
94.9%,47505000,-527801.3203338617,399.0262476924436,704,10:25
94.9%,47510000,-527442.5744214924,401.60312203280995,704,10:23
94.9%,47515000,-526477.7089645742,398.60225973322247,704,10:22
94.9%,47520000,-527291.7058291594,400.72340160130665,704,10:21
95.0%,47525000,-528461.6708344729,404.08096036140887,704,10:20
95.0%,47530000,-528428.472933168,400.1786912705454,704,10:18
95.0%,47535000,-529126.4767862749,397.20741466087406,704,10:17
95.0%,47540000,-531382.0239953273,400.13252189374424,704,10:16
95.0%,47545000,-530614.6420776779,397.90893405460713,704,10:15
95.0%,47550000,-526527.7631774582,401.9731394134113,704,10:13
95.0%,47555000,-527731.4407698079,397.96018157221476,704,10:12
95.0%,47560000,-526733.346867532,402.94173957506894,704,10:11
95.0%,47565000,-529314.9556779847,399.9446061518225,704,10:10
95.0%,47570000,-528239.6062166714,398.6482328533741,704,10:09
95.1%,47575000,-528594.8938247547,400.8443938257398,704,10:07
95.1%,47580000,-527471.3988174214,400.130436666843,704,10:06
95.1%,47585000,-530882.119630787,402.710990819388,704,10:05
95.1%,47590000,-528825.8314846712,399.3892488978244,704,10:04
95.1%,47595000,-527585.8736660252,398.5210094803184,704,10:02
95.1%,47600000,-528286.2086997726,399.9757128307724,704,10:01
95.1%,47605000,-528563.7932577156,397.42479343230605,704,10:00
95.1%,47610000,-528925.4395842347,403.42274009097764,704,9:59
95.1%,47615000,-527834.2879501455,401.73225890819845,704,9:58
95.1%,47620000,-529335.7287335787,398.54227879471085,704,9:56
95.2%,47625000,-526306.6250004508,401.3312084448907,704,9:55
95.2%,47630000,-527572.0821184595,402.37718279062426,704,9:54
95.2%,47635000,-529326.8718369207,399.94038663385766,704,9:53
95.2%,47640000,-529453.7492820416,401.3579238813076,704,9:51
95.2%,47645000,-527674.4702519947,402.1421409207349,704,9:50
95.2%,47650000,-527280.9386416441,401.09157907581874,704,9:49
95.2%,47655000,-526466.9582770225,400.7810274600239,704,9:48
95.2%,47660000,-529975.3377263937,400.18178231277545,704,9:46
95.2%,47665000,-527295.8293981431,396.97504678783446,704,9:45
95.2%,47670000,-528658.7953656269,402.8658373158645,704,9:44
95.3%,47675000,-529001.8041074262,399.6958508485474,704,9:43
95.3%,47680000,-529233.8892095126,399.16024191990795,704,9:42
95.3%,47685000,-527296.8521653903,403.1249451574021,704,9:40
95.3%,47690000,-528319.0505035329,404.9623244423519,704,9:39
95.3%,47695000,-529248.9151100065,399.8197133264799,704,9:38
95.3%,47700000,-528229.2921721549,397.2992873049337,704,9:37
95.3%,47705000,-528253.3459127224,402.31506756104915,704,9:35
95.3%,47710000,-527570.2881256877,399.9159772130728,704,9:34
95.3%,47715000,-528314.1639390178,399.14866277758586,704,9:33
95.3%,47720000,-528765.2552824914,402.3783357984403,704,9:32
95.4%,47725000,-528805.2317814096,397.47209128484195,704,9:31
95.4%,47730000,-528038.6907908218,400.34205039919516,704,9:29
95.4%,47735000,-527943.5950289392,400.4818096657393,704,9:28
95.4%,47740000,-528046.6164634884,400.2036403971165,704,9:27
95.4%,47745000,-528082.7317945664,404.0925395037309,704,9:26
95.4%,47750000,-527742.2849089317,399.722664413289,704,9:24
95.4%,47755000,-529304.9618343757,401.38557153680966,704,9:23
95.4%,47760000,-527032.1858571745,399.709171768634,704,9:22
95.4%,47765000,-528723.9432964255,399.04224260938,704,9:21
95.4%,47770000,-527562.728982775,402.6660971108088,704,9:19
95.5%,47775000,-528008.04865218,398.38608303376884,704,9:18
95.5%,47780000,-528683.70974191,396.16362367036646,704,9:17
95.5%,47785000,-527659.0216885167,395.2719070511609,704,9:16
95.5%,47790000,-528447.4887521891,396.2133011347779,704,9:15
95.5%,47795000,-529575.4536402831,405.0830958780544,704,9:13
95.5%,47800000,-529508.7828809037,401.14731596428425,704,9:12
95.5%,47805000,-528061.5399980233,402.195375536919,704,9:11
95.5%,47810000,-528181.5223236452,398.8721126263216,704,9:10
95.5%,47815000,-527199.6846734281,400.1008509769269,704,9:08
95.5%,47820000,-526913.6323646875,400.1479771048945,704,9:07
95.6%,47825000,-527887.0052181217,398.66329555122525,704,9:06
95.6%,47830000,-528145.9133365182,399.0185200868685,704,9:05
95.6%,47835000,-528198.3443222987,402.17827667632906,704,9:03
95.6%,47840000,-527598.5782589787,401.0035089043436,704,9:02
95.6%,47845000,-528789.2170323208,400.540514936029,704,9:01
95.6%,47850000,-526726.9302521036,400.59774828144725,704,9:00
95.6%,47855000,-526810.138052512,402.22805226906524,704,8:59
95.6%,47860000,-527405.4360774173,401.59782310327273,704,8:57
95.6%,47865000,-528163.1878645602,401.84986570542736,704,8:56
95.6%,47870000,-528681.3874126645,399.9756392345289,704,8:55
95.7%,47875000,-526707.3310303944,402.7591718268468,704,8:54
95.7%,47880000,-527233.1909242012,401.1939759827092,704,8:52
95.7%,47885000,-528811.957965883,401.3650627169341,704,8:51
95.7%,47890000,-528111.7104138932,401.50933588641743,704,8:50
95.7%,47895000,-529270.95333086,400.17115992161985,704,8:49
95.7%,47900000,-526757.475068626,400.97985997807564,704,8:48
95.7%,47905000,-527877.0480811703,399.8958118423339,704,8:46
95.7%,47910000,-529639.6562262126,405.32247992631454,704,8:45
95.7%,47915000,-528142.0342411133,400.82908580707675,704,8:44
95.7%,47920000,-527037.9265071196,399.4300212167636,704,8:43
95.8%,47925000,-529020.5968021699,404.1386107522073,704,8:41
95.8%,47930000,-527127.4087361828,400.363883951455,704,8:40
95.8%,47935000,-529258.4403501106,403.9594774953519,704,8:39
95.8%,47940000,-528907.6629358358,400.2768686594711,704,8:38
95.8%,47945000,-528541.3960304973,399.93209479041514,704,8:36
95.8%,47950000,-526387.3079424691,400.41468989160126,704,8:35
95.8%,47955000,-527799.8160547018,399.35745532060105,704,8:34
95.8%,47960000,-527652.3576455843,400.03424637649374,704,8:33
95.8%,47965000,-529075.9322915915,398.9239243817966,704,8:32
95.8%,47970000,-528240.0249085934,403.59147174540817,704,8:30
95.9%,47975000,-528219.7403988102,403.8575221659227,704,8:29
95.9%,47980000,-530318.5614442881,402.4639036976339,704,8:28
95.9%,47985000,-527457.7743947217,398.63738967348775,704,8:27
95.9%,47990000,-527808.7397439419,403.4974402782037,704,8:25
95.9%,47995000,-527858.0978412754,400.45521688972843,704,8:24
95.9%,48000000,-528631.02219642,400.7943483801106,704,8:23
95.9%,48005000,-528715.276333,399.4817839080762,704,8:22
95.9%,48010000,-527023.5942162159,401.2670815846579,704,8:21
95.9%,48015000,-527124.8486318397,397.1811162698375,704,8:19
95.9%,48020000,-528842.9301956906,400.2520667253872,704,8:18
96.0%,48025000,-528785.9383873502,396.78457970946886,704,8:17
96.0%,48030000,-529272.8332428611,406.8617208285522,704,8:16
96.0%,48035000,-527265.8029937115,401.5598474415893,704,8:14
96.0%,48040000,-527645.7712033917,399.1748139761353,704,8:13
96.0%,48045000,-529268.6433547284,398.6024314577908,704,8:12
96.0%,48050000,-527616.5989398016,398.37798744697585,704,8:11
96.0%,48055000,-528064.0942113949,400.66398490066246,704,8:09
96.0%,48060000,-526614.1547829835,404.49265774795344,704,8:08
96.0%,48065000,-528028.8294227715,399.9816495944206,704,8:07
96.0%,48070000,-528126.0806322349,397.9759066362581,704,8:06
96.1%,48075000,-528792.5765197896,399.81090630933244,704,8:05
96.1%,48080000,-529940.6506727594,403.3145536129261,704,8:03
96.1%,48085000,-528156.1065751873,404.21169182207484,704,8:02
96.1%,48090000,-527634.0168662597,394.70997519940363,704,8:01
96.1%,48095000,-527058.232320155,400.07855131512446,704,8:00
96.1%,48100000,-527475.9695891337,400.55928197814,704,7:58
96.1%,48105000,-528498.548480547,402.2821700401722,704,7:57
96.1%,48110000,-528880.7950818134,399.012926772357,704,7:56
96.1%,48115000,-529028.7460341235,399.4980732099869,704,7:55
96.1%,48120000,-528277.7058326891,404.74681010909046,704,7:54
96.2%,48125000,-527866.6394226453,398.2215708973031,704,7:52
96.2%,48130000,-528659.3601196385,402.5296496752253,704,7:51
96.2%,48135000,-527992.8143506395,401.5408596107476,704,7:50
96.2%,48140000,-525816.4002245497,397.18491874242204,704,7:49
96.2%,48145000,-528564.3712613434,403.80701061075086,704,7:47
96.2%,48150000,-527947.0584779829,400.9789032269092,704,7:46
96.2%,48155000,-530113.2805615817,401.50742238408446,704,7:45
96.2%,48160000,-527459.5028181677,397.7735169664337,704,7:44
96.2%,48165000,-527138.060158886,402.1047294969189,704,7:42
96.2%,48170000,-528432.9029927435,401.1232009284737,704,7:41
96.3%,48175000,-529190.4923732593,398.4611021380504,704,7:40
96.3%,48180000,-528008.1738031935,401.40500094511276,704,7:39
96.3%,48185000,-527410.5441889833,404.9430912906983,704,7:38
96.3%,48190000,-529483.5910485117,399.6965132147396,704,7:36
96.3%,48195000,-527178.8863329561,403.56259748584654,704,7:35
96.3%,48200000,-527782.6007465483,401.02789379304727,704,7:34
96.3%,48205000,-528275.910322526,399.7905937461064,704,7:33
96.3%,48210000,-527324.0713311271,402.10436151570104,704,7:31
96.3%,48215000,-528194.429338559,399.17113416395665,704,7:30
96.3%,48220000,-529359.9473300101,400.38547218290296,704,7:29
96.4%,48225000,-526667.5240457361,402.7708736295748,704,7:28
96.4%,48230000,-527269.7272983808,398.8664211834854,704,7:26
96.4%,48235000,-528009.919312052,400.74729584838656,704,7:25
96.4%,48240000,-528020.3248935053,403.4060337436867,704,7:24
96.4%,48245000,-528295.4751002192,402.4153056447949,704,7:23
96.4%,48250000,-528418.9182919972,398.54740599967977,704,7:22
96.4%,48255000,-528408.9137828639,400.6105049636665,704,7:20
96.4%,48260000,-529353.8839283762,401.19498179803804,704,7:19
96.4%,48265000,-529023.0720018912,403.6013336420469,704,7:18
96.4%,48270000,-529501.7120682001,399.3535792517729,704,7:17
96.5%,48275000,-527544.9894358255,402.06420249879164,704,7:15
96.5%,48280000,-526959.7197959148,399.28795593458744,704,7:14
96.5%,48285000,-528540.9687250792,400.2732379114549,704,7:13
96.5%,48290000,-527921.7693184838,398.71952308131466,704,7:12
96.5%,48295000,-527345.9744187412,399.22709184115297,704,7:11
96.5%,48300000,-526760.0463969619,399.084658577759,704,7:09
96.5%,48305000,-527796.4697401887,399.2100911088877,704,7:08
96.5%,48310000,-526165.7942547016,404.7999956611122,704,7:07
96.5%,48315000,-529384.5791033427,399.0600529003246,704,7:06
96.5%,48320000,-527565.0095471386,400.50796086428875,704,7:04
96.6%,48325000,-529796.6255632662,399.3325307261112,704,7:03
96.6%,48330000,-526833.872295266,400.9021423448631,704,7:02
96.6%,48335000,-528833.7337862528,403.45247297338096,704,7:01
96.6%,48340000,-529124.5638896972,402.994189164655,704,6:59
96.6%,48345000,-528653.269272015,400.5097271741345,704,6:58
96.6%,48350000,-528518.0009090751,402.0935428678959,704,6:57
96.6%,48355000,-529091.3711544848,398.94163654441644,704,6:56
96.6%,48360000,-529074.0373184117,397.76007338594115,704,6:55
96.6%,48365000,-528892.411197986,400.75877686238385,704,6:53
96.6%,48370000,-528960.658728952,397.90211413603606,704,6:52
96.7%,48375000,-528332.0476318481,398.15994630935177,704,6:51
96.7%,48380000,-530005.8029647097,400.88349796315805,704,6:50
96.7%,48385000,-527698.9369034474,402.63535841307663,704,6:48
96.7%,48390000,-530075.4520694083,400.5384787732902,704,6:47
96.7%,48395000,-527825.2355543552,403.2878381765092,704,6:46
96.7%,48400000,-526522.677139373,400.6053532266164,704,6:45
96.7%,48405000,-528036.6027330137,398.0307113056384,704,6:44
96.7%,48410000,-526532.5718440209,403.4487195649587,704,6:42
96.7%,48415000,-527765.9601892829,403.5311473577599,704,6:41
96.7%,48420000,-528349.0519165401,405.7184277167346,704,6:40
96.8%,48425000,-528885.2144021671,403.8619379405371,704,6:39
96.8%,48430000,-527241.0174758565,403.882495824575,704,6:37
96.8%,48435000,-529223.808913751,398.5831001778124,704,6:36
96.8%,48440000,-527858.756010572,398.40700889902456,704,6:35
96.8%,48445000,-529849.8675252032,399.3902547131532,704,6:34
96.8%,48450000,-527683.0397679061,400.1784950138958,704,6:32
96.8%,48455000,-528043.4648133507,397.95505436724585,704,6:31
96.8%,48460000,-528837.4363554846,399.7769293768831,704,6:30
96.8%,48465000,-528108.666720456,401.786572935955,704,6:29
96.8%,48470000,-528337.7712496151,399.1464303581975,704,6:28
96.9%,48475000,-527984.3149486366,401.28560330595695,704,6:26
96.9%,48480000,-529086.9519274016,406.34124819400745,704,6:25
96.9%,48485000,-527523.1835693475,404.0023841053546,704,6:24
96.9%,48490000,-527009.2929201233,400.36113635836165,704,6:23
96.9%,48495000,-527332.420460016,403.1559046438649,704,6:21
96.9%,48500000,-526352.382552532,400.75180975132565,704,6:20
96.9%,48505000,-526894.3365758094,402.99485153084714,704,6:19
96.9%,48510000,-528753.0426370134,401.31268672359164,704,6:18
96.9%,48515000,-528021.8535590698,398.37347354403676,704,6:17
96.9%,48520000,-528592.9882544982,397.52557122183794,704,6:15
97.0%,48525000,-527280.7422586167,402.27745988058354,704,6:14
97.0%,48530000,-528219.0503452872,404.9078141579459,704,6:13
97.0%,48535000,-530259.0712985056,397.934373822802,704,6:12
97.0%,48540000,-528603.1775359656,400.34972894060786,704,6:10
97.0%,48545000,-525946.0273137512,402.8933377788794,704,6:09
97.0%,48550000,-527411.1308620512,402.7626063182135,704,6:08
97.0%,48555000,-526449.2342570042,401.70777589117,704,6:07
97.0%,48560000,-529707.557643183,399.7080432928993,704,6:05
97.0%,48565000,-528038.5020574383,403.37931830726984,704,6:04
97.0%,48570000,-529582.7550456296,401.7936627074191,704,6:03
97.1%,48575000,-527111.2190586072,401.0887333544005,704,6:02
97.1%,48580000,-529664.3843381302,402.0845886582612,704,6:01
97.1%,48585000,-528618.4498476167,400.45813620739017,704,5:59
97.1%,48590000,-526571.4826031812,398.44753589715185,704,5:58
97.1%,48595000,-527832.4171627685,397.10246641753963,704,5:57
97.1%,48600000,-526659.5325803431,401.62264956943784,704,5:56
97.1%,48605000,-528813.0282660746,401.9805726340121,704,5:54
97.1%,48610000,-527670.0243609035,399.9674945835735,704,5:53
97.1%,48615000,-527734.2825365742,398.7673115754744,704,5:52
97.1%,48620000,-529634.948896504,400.4040184362832,704,5:51
97.2%,48625000,-529000.512162779,398.7859804892606,704,5:49
97.2%,48630000,-527351.4143861672,403.59667254662065,704,5:48
97.2%,48635000,-528250.8752191556,399.4708180677839,704,5:47
97.2%,48640000,-528239.0322473329,403.80747672029344,704,5:46
97.2%,48645000,-528836.5537791494,400.85197423882784,704,5:45
97.2%,48650000,-529165.811756786,397.9138895350077,704,5:43
97.2%,48655000,-528075.4057899923,401.59922143190056,704,5:42
97.2%,48660000,-528023.2528805584,403.05458714854683,704,5:41
97.2%,48665000,-528451.1991697731,403.7017925145234,704,5:40
97.2%,48670000,-527197.1133728623,402.2207417088703,704,5:38
97.3%,48675000,-528529.793188334,400.5448816464809,704,5:37
97.3%,48680000,-528171.8923875652,399.0689335137157,704,5:36
97.3%,48685000,-528760.2462033723,400.98525703593765,704,5:35
97.3%,48690000,-527891.3481166861,401.1211157015724,704,5:34
97.3%,48695000,-529053.5864647683,401.84670106695376,704,5:32
97.3%,48700000,-528506.7770732455,399.854303560959,704,5:31
97.3%,48705000,-528070.5236663539,399.88087180488867,704,5:30
97.3%,48710000,-528721.7012791592,403.0559609450935,704,5:29
97.3%,48715000,-527670.0407498367,396.754258057117,704,5:27
97.3%,48720000,-527932.9918327397,398.28488819885666,704,5:26
97.4%,48725000,-527821.418198715,400.8456204297994,704,5:25
97.4%,48730000,-527807.4816717496,400.59899941758795,704,5:24
97.4%,48735000,-528200.344390118,401.8058306196898,704,5:22
97.4%,48740000,-528316.4092138135,398.05804004408503,704,5:21
97.4%,48745000,-527913.4055743753,399.29195466382157,704,5:20
97.4%,48750000,-527778.250702064,400.8780027769713,704,5:19
97.4%,48755000,-526857.9666720075,401.66705263639324,704,5:18
97.4%,48760000,-527176.0596391098,402.3655545841399,704,5:16
97.4%,48765000,-529699.5617650747,401.7207288300388,704,5:15
97.4%,48770000,-527753.6137289307,400.8373285863569,704,5:14
97.5%,48775000,-527844.2786563751,400.6550061589466,704,5:13
97.5%,48780000,-526468.6951375338,403.31806170053636,704,5:11
97.5%,48785000,-526963.9584192848,401.40603129252275,704,5:10
97.5%,48790000,-527152.731669046,400.36908475266745,704,5:09
97.5%,48795000,-527562.6993998261,402.384861332037,704,5:08
97.5%,48800000,-527631.9134247908,398.10290922058306,704,5:07
97.5%,48805000,-527874.6339398171,403.1652758988798,704,5:05
97.5%,48810000,-527863.0323228408,399.27851108332897,704,5:04
97.5%,48815000,-529932.0713088783,400.637833702113,704,5:03
97.5%,48820000,-528485.1735370765,405.2058789444145,704,5:02
97.6%,48825000,-527556.319780109,398.70956305635116,704,5:00
97.6%,48830000,-528266.6819104739,399.74008219093446,704,4:59
97.6%,48835000,-527104.6399464202,403.01881937417056,704,4:58
97.6%,48840000,-527087.6327389586,401.1140995263519,704,4:57
97.6%,48845000,-527915.6171305012,402.71614255643806,704,4:55
97.6%,48850000,-526157.0504802684,399.98351403259113,704,4:54
97.6%,48855000,-528570.6735063391,401.15496997361583,704,4:53
97.6%,48860000,-526648.4137349189,399.69742090174367,704,4:52
97.6%,48865000,-527716.7357706376,399.46907629001936,704,4:51
97.6%,48870000,-529018.3273440804,397.8709583929237,704,4:49
97.7%,48875000,-526971.9245501747,402.8034767654774,704,4:48
97.7%,48880000,-529298.4761927901,402.09763972545477,704,4:47
97.7%,48885000,-528873.6279929783,400.44285272080833,704,4:46
97.7%,48890000,-527888.5722767487,399.1977514720487,704,4:44
97.7%,48895000,-528718.8562009223,400.6655549538587,704,4:43
97.7%,48900000,-527525.4401857192,403.81782925855595,704,4:42
97.7%,48905000,-528922.4587178156,399.9271638420958,704,4:41
97.7%,48910000,-528826.1227409341,402.78605898783195,704,4:40
97.7%,48915000,-528330.1627705079,398.8996621534989,704,4:38
97.7%,48920000,-528888.952695387,401.8559496615627,704,4:37
97.8%,48925000,-528206.4124090616,399.355517286187,704,4:36
97.8%,48930000,-529253.6258461694,401.18274028952385,704,4:35
97.8%,48935000,-527173.7208587555,403.9657577081367,704,4:33
97.8%,48940000,-527743.3780208533,400.6746318238993,704,4:32
97.8%,48945000,-530206.3737022476,398.434950939501,704,4:31
97.8%,48950000,-527795.0578727443,397.7361546067801,704,4:30
97.8%,48955000,-528862.0357730053,399.6854001819601,704,4:28
97.8%,48960000,-529141.575020384,399.83965790848805,704,4:27
97.8%,48965000,-529743.7275748923,399.08495296273327,704,4:26
97.8%,48970000,-527301.5111592147,402.7250722339915,704,4:25
97.9%,48975000,-527330.3904394656,399.9693835538252,704,4:24
97.9%,48980000,-526773.0565026319,398.9101373521674,704,4:22
97.9%,48985000,-525663.7805924732,397.8307257797707,704,4:21
97.9%,48990000,-528898.9196434156,401.1349517953641,704,4:20
97.9%,48995000,-528759.9404430808,401.1970179607769,704,4:19
97.9%,49000000,-528232.0696800533,402.6412215804813,704,4:17
97.9%,49005000,-527410.1930505354,401.39526170888,704,4:16
97.9%,49010000,-527644.4202968273,401.3268907986012,704,4:15
97.9%,49015000,-530914.5413367599,401.05583583352364,704,4:14
97.9%,49020000,-527037.1763540949,399.1596286178782,704,4:12
98.0%,49025000,-528661.1332273101,400.9059448174477,704,4:11
98.0%,49030000,-526695.4416608312,397.2073165325493,704,4:10
98.0%,49035000,-528027.6858746284,405.3898450212646,704,4:09
98.0%,49040000,-529480.723996243,398.24742771087824,704,4:08
98.0%,49045000,-528551.6636131112,399.7684658088723,704,4:06
98.0%,49050000,-527780.5817281096,402.0182048465589,704,4:05
98.0%,49055000,-528204.054073357,399.7137347357355,704,4:04
98.0%,49060000,-527561.3521636128,397.3155520747633,704,4:03
98.0%,49065000,-529281.9281786019,399.51782153534555,704,4:01
98.0%,49070000,-528057.096004088,398.6173224310736,704,4:00
98.1%,49075000,-526444.4037705921,395.7297738145066,704,3:59
98.1%,49080000,-527251.4194190577,402.87089092458984,704,3:58
98.1%,49085000,-528348.5718093342,401.67588418562195,704,3:57
98.1%,49090000,-528544.5135717317,403.3366079539166,704,3:55
98.1%,49095000,-527855.056793842,399.3839499682872,704,3:54
98.1%,49100000,-528929.5886677112,401.3621679313536,704,3:53
98.1%,49105000,-529210.1636848529,400.4846553871575,704,3:52
98.1%,49110000,-528409.2963131513,402.28634049397465,704,3:50
98.1%,49115000,-528285.4617749876,400.15106814712453,704,3:49
98.1%,49120000,-528047.5972177391,399.52635869959994,704,3:48
98.2%,49125000,-527906.0268007354,398.6780883961833,704,3:47
98.2%,49130000,-528169.3278981824,399.8162297709508,704,3:45
98.2%,49135000,-528584.4302776842,402.8232005587549,704,3:44
98.2%,49140000,-528305.3446709891,398.98255605584274,704,3:43
98.2%,49145000,-526710.8441957626,402.1942470611843,704,3:42
98.2%,49150000,-526980.488923044,396.06767870082916,704,3:41
98.2%,49155000,-528080.0303592738,398.8629376279563,704,3:39
98.2%,49160000,-528303.5024117711,400.2854548878879,704,3:38
98.2%,49165000,-529133.953366579,398.1456195739363,704,3:37
98.2%,49170000,-528183.9803076736,404.00959653722475,704,3:36
98.3%,49175000,-527816.6601205324,401.942498844004,704,3:34
98.3%,49180000,-527844.2717202865,403.4185941692563,704,3:33
98.3%,49185000,-528652.2164895418,402.3335402181858,704,3:32
98.3%,49190000,-528752.3582245605,402.8159145306412,704,3:31
98.3%,49195000,-528406.8712423705,402.27186656607205,704,3:30
98.3%,49200000,-528794.3227135222,399.10816031153985,704,3:28
98.3%,49205000,-528641.8236266789,402.0078032441339,704,3:27
98.3%,49210000,-528422.1384259453,400.8003342079211,704,3:26
98.3%,49215000,-528730.5589468591,404.52467211390746,704,3:25
98.3%,49220000,-527581.6146782339,399.8900958674164,704,3:23
98.4%,49225000,-528523.2666046945,400.3873856852358,704,3:22
98.4%,49230000,-527918.5597923901,398.4076712652168,704,3:21
98.4%,49235000,-527696.237038942,403.18318431814913,704,3:20
98.4%,49240000,-526249.8012018776,401.07501992101487,704,3:18
98.4%,49245000,-528041.5999377817,400.84017430777504,704,3:17
98.4%,49250000,-526588.966455759,399.30095793761853,704,3:16
98.4%,49255000,-527851.4408968883,398.71010276213735,704,3:15
98.4%,49260000,-527162.0169677758,402.90241464892006,704,3:14
98.4%,49265000,-527162.4716604138,401.29107396006253,704,3:12
98.4%,49270000,-527646.1848410498,401.9365130161934,704,3:11
98.5%,49275000,-527410.938156364,400.1900741562179,704,3:10
98.5%,49280000,-528631.368045928,401.06032520438157,704,3:09
98.5%,49285000,-526999.7729503992,401.06248402752635,704,3:07
98.5%,49290000,-529477.0449816366,400.8502815252257,703,3:06
98.5%,49295000,-529290.4313030038,401.56970933822805,703,3:05
98.5%,49300000,-528538.8152239355,401.44471838456076,703,3:04
98.5%,49305000,-527633.7567229569,400.66010883183435,703,3:02
98.5%,49310000,-528871.1393894912,397.7987359458979,703,3:01
98.5%,49315000,-525766.1617173753,400.4466306613117,703,3:00
98.5%,49320000,-528693.3935583779,402.59564097362863,703,2:59
98.6%,49325000,-528122.9407228711,399.6968321317951,703,2:58
98.6%,49330000,-528226.4507946391,399.2941625511287,703,2:56
98.6%,49335000,-528667.038867421,400.611731567726,703,2:55
98.6%,49340000,-528433.3002530904,397.96180068957335,703,2:54
98.6%,49345000,-528396.200101397,399.80810965207667,703,2:53
98.6%,49350000,-527924.7253282666,398.69702716286264,703,2:51
98.6%,49355000,-528357.1288071885,400.27814432769304,703,2:50
98.6%,49360000,-527848.976526055,399.13406618927735,703,2:49
98.6%,49365000,-527313.3400441594,399.94259452116484,703,2:48
98.6%,49370000,-529711.8114514486,400.3695017980477,703,2:47
98.7%,49375000,-527296.0341656967,399.02131674412425,703,2:45
98.7%,49380000,-527728.278391249,400.2814316265726,703,2:44
98.7%,49385000,-528925.6197580742,399.90606625227167,703,2:43
98.7%,49390000,-528981.8066344559,398.99371815278454,703,2:42
98.7%,49395000,-528010.1176745091,400.3004685215767,703,2:40
98.7%,49400000,-528590.329961028,398.2047664216874,703,2:39
98.7%,49405000,-526589.6582256164,402.51674580051895,703,2:38
98.7%,49410000,-526555.1081151054,400.5004785795256,703,2:37
98.7%,49415000,-529384.1310764537,402.30957237486234,703,2:35
98.7%,49420000,-527159.6794336308,402.1546277500611,703,2:34
98.8%,49425000,-529973.7700656839,400.64843156118746,703,2:33
98.8%,49430000,-526808.0750168203,402.51448884904937,703,2:32
98.8%,49435000,-527879.8124652444,399.47776064676094,703,2:31
98.8%,49440000,-528259.4648275501,399.3568174864901,703,2:29
98.8%,49445000,-528473.1915918617,398.8704444448006,703,2:28
98.8%,49450000,-528971.9306494151,400.4722421540749,703,2:27
98.8%,49455000,-528406.4671755871,401.2817027050476,703,2:26
98.8%,49460000,-527385.8260858636,399.0228622652393,703,2:24
98.8%,49465000,-527948.0330340439,401.93391261558713,703,2:23
98.8%,49470000,-528747.4043282927,395.94651475182764,703,2:22
98.9%,49475000,-526885.8120768908,400.96646546174543,703,2:21
98.9%,49480000,-530842.864999677,401.0513219305845,703,2:20
98.9%,49485000,-527424.6230803542,398.9636172891634,703,2:18
98.9%,49490000,-528967.2565813381,396.88197207179644,703,2:17
98.9%,49495000,-528845.1517010466,401.5445884870886,703,2:16
98.9%,49500000,-528603.7985420185,403.86858613453984,703,2:15
98.9%,49505000,-528535.2439611838,401.70929688020385,703,2:13
98.9%,49510000,-526616.0213997071,398.9268191673772,703,2:12
98.9%,49515000,-528137.0837141173,401.23867343463894,703,2:11
98.9%,49520000,-529629.7282846407,402.9263088959999,703,2:10
99.0%,49525000,-528974.3299930771,401.2220406835915,703,2:08
99.0%,49530000,-530639.3624716876,397.1053612031202,703,2:07
99.0%,49535000,-530802.7354855547,401.0414355018646,703,2:06
99.0%,49540000,-528976.7661745423,396.75788880513323,703,2:05
99.0%,49545000,-527865.6672027935,402.05571439869965,703,2:04
99.0%,49550000,-527345.759173892,398.2649926810109,703,2:02
99.0%,49555000,-528368.4258631989,398.9439670921296,703,2:01
99.0%,49560000,-530732.1685929685,398.35944119359556,703,2:00
99.0%,49565000,-527199.8466602964,398.9783610699591,703,1:59
99.0%,49570000,-528430.270290202,396.1835682523746,703,1:57
99.1%,49575000,-526464.1482431907,402.7505610663488,703,1:56
99.1%,49580000,-528061.8278903537,402.6673727790307,703,1:55
99.1%,49585000,-529124.0542515111,401.24831454254695,703,1:54
99.1%,49590000,-527865.7395564499,402.5965731927139,703,1:52
99.1%,49595000,-528570.2391346586,400.51823980630775,703,1:51
99.1%,49600000,-525742.1710778577,403.0860863407958,703,1:50
99.1%,49605000,-527958.5398344826,400.79135546620523,703,1:49
99.1%,49610000,-527941.3842317415,396.6005645684564,703,1:48
99.1%,49615000,-528017.0526597039,403.634255695005,703,1:46
99.1%,49620000,-527895.4676306788,399.49846572328596,703,1:45
99.2%,49625000,-526965.4907766692,401.3174704794239,703,1:44
99.2%,49630000,-527845.5336222984,402.5639945888925,703,1:43
99.2%,49635000,-527637.0678328504,400.42177966306537,703,1:41
99.2%,49640000,-528523.2671016594,397.08033848030556,703,1:40
99.2%,49645000,-529008.8159442642,401.6606252311213,703,1:39
99.2%,49650000,-528855.1989395614,398.7283546305433,703,1:38
99.2%,49655000,-528306.2230677949,399.08632675928,703,1:37
99.2%,49660000,-529485.2280936614,404.0970779387513,703,1:35
99.2%,49665000,-528492.1078887335,402.14878911473767,703,1:34
99.2%,49670000,-527466.8989497093,398.4560485293251,703,1:33
99.3%,49675000,-529065.8343266752,402.0036327903315,703,1:32
99.3%,49680000,-528992.5409462983,401.91990479722716,703,1:30
99.3%,49685000,-528458.0136827715,402.6176217183757,703,1:29
99.3%,49690000,-528087.3245545672,401.6253480983689,703,1:28
99.3%,49695000,-529266.6583612454,400.2145817053276,703,1:27
99.3%,49700000,-527873.0768101299,400.2769177236335,703,1:25
99.3%,49705000,-527859.6220574356,397.2008891272773,703,1:24
99.3%,49710000,-526488.350421139,399.8850913228535,703,1:23
99.3%,49715000,-529092.9419224998,401.04325087587273,703,1:22
99.3%,49720000,-527662.6909873574,403.03721843506366,703,1:21
99.4%,49725000,-529144.337497233,401.2964464858433,703,1:19
99.4%,49730000,-528790.8146296344,402.45217736282467,703,1:18
99.4%,49735000,-527959.8097337689,399.2061169117348,703,1:17
99.4%,49740000,-527810.6037091017,404.0284617076605,703,1:16
99.4%,49745000,-526149.1340056858,396.747192817734,703,1:14
99.4%,49750000,-527118.4424812044,395.02876959447855,703,1:13
99.4%,49755000,-529848.4748702873,404.3432083093389,703,1:12
99.4%,49760000,-529189.1600974835,399.9529715915086,703,1:11
99.4%,49765000,-527480.3881146428,400.79888681513086,703,1:10
99.4%,49770000,-527972.9910879438,400.74302726625933,703,1:08
99.5%,49775000,-528148.5050519179,401.06351437493635,703,1:07
99.5%,49780000,-527767.3451303123,400.59038865708993,703,1:06
99.5%,49785000,-528690.31778479,401.9490243776007,703,1:05
99.5%,49790000,-528168.5821575695,400.3071167155794,703,1:03
99.5%,49795000,-527131.1861334937,400.3085150442073,703,1:02
99.5%,49800000,-526809.1860022079,401.2237824613561,703,1:01
99.5%,49805000,-529966.0748402704,397.8162027877058,703,1:00
99.5%,49810000,-529179.9361206931,398.28064414881067,703,0:58
99.5%,49815000,-528145.2123600002,398.42381337464036,703,0:57
99.5%,49820000,-528478.9877569326,400.46618273002076,703,0:56
99.6%,49825000,-528056.5662752963,398.6824305745541,703,0:55
99.6%,49830000,-526799.0945122684,400.90130825410256,703,0:54
99.6%,49835000,-527244.6022160477,398.4931410360856,703,0:52
99.6%,49840000,-527265.0998094659,401.45862807459594,703,0:51
99.6%,49845000,-528105.17796095,401.3663138530748,703,0:50
99.6%,49850000,-529695.5576979234,400.7601997230929,703,0:49
99.6%,49855000,-527659.1997452355,400.5412508984647,703,0:47
99.6%,49860000,-528725.3802159606,399.9861634973597,703,0:46
99.6%,49865000,-526701.4019941376,399.632803399887,703,0:45
99.6%,49870000,-526154.9062783425,398.8041832935042,703,0:44
99.7%,49875000,-529399.3447752004,399.6859398877463,703,0:42
99.7%,49880000,-528722.2251699837,400.26386665644,703,0:41
99.7%,49885000,-528066.4765203581,400.5681135273687,703,0:40
99.7%,49890000,-527692.9692931366,400.423913954129,703,0:39
99.7%,49895000,-528739.7203106256,402.86176499038686,703,0:38
99.7%,49900000,-528691.5657557482,398.25218693462926,703,0:36
99.7%,49905000,-527244.820098036,398.154451123165,703,0:35
99.7%,49910000,-526969.5893116514,401.79991838812276,703,0:34
99.7%,49915000,-527688.0504414393,402.4650812375311,703,0:33
99.7%,49920000,-527430.9611894744,403.8871078558389,703,0:31
99.8%,49925000,-526538.6586827342,398.7780075628736,703,0:30
99.8%,49930000,-527735.3253853656,398.6625105246271,703,0:29
99.8%,49935000,-529106.7354792571,399.83043384596033,703,0:28
99.8%,49940000,-528731.9121900615,399.6121473875243,703,0:27
99.8%,49945000,-529516.3761806157,403.4706021813809,703,0:25
99.8%,49950000,-527711.4016326149,397.8795200892593,703,0:24
99.8%,49955000,-529146.7260921677,398.98645665675207,703,0:23
99.8%,49960000,-527129.17241584,400.86598205718775,703,0:22
99.8%,49965000,-528618.9104203484,402.2088191174116,703,0:20
99.8%,49970000,-529046.2567362417,402.3316757800153,703,0:19
99.9%,49975000,-529486.7633563452,400.3547825493332,703,0:18
99.9%,49980000,-528988.9909954867,398.8956634242648,703,0:17
99.9%,49985000,-528093.7687983019,399.02538906960194,703,0:15
99.9%,49990000,-528095.5799124064,399.78563826570587,703,0:14
99.9%,49995000,-530247.7745372481,402.258619242229,703,0:13
99.9%,50000000,-528073.7209316827,400.69185334489526,703,0:12
99.9%,50005000,-527748.8541851118,400.7776175007384,703,0:11
99.9%,50010000,-528460.1598245762,398.7911322263107,703,0:09
99.9%,50015000,-528960.3420146904,400.0549023888564,703,0:08
99.9%,50020000,-528850.9810558809,400.6580972011767,703,0:07
100.0%,50025000,-528518.2829644768,397.10877116240573,703,0:06
100.0%,50030000,-528382.5741517418,396.68995947231576,703,0:04
100.0%,50035000,-528244.6631259532,397.3514670416266,703,0:03
100.0%,50040000,-528601.4834866831,399.33728994986217,703,0:02
100.0%,50045000,-527447.392225463,402.9764279378728,703,0:01
100.0%,50050000,-526949.9053626126,402.9109272810933,703,0:00
  done in 3.41 h
Wrote data/md/prod_wt_400K_rep1.dcd and data/md/prod_wt_400K_rep1_final.pdb
